DATE,TE,CO,NO,NO2,O3,CO2,T,RH,P,PM1.0,PM2.5,PM10,WD,WS,PWR,BATT,CHRG,RUN,SD,RAW,247,19,-10,-11,86,0,0.00000,0.00000,0,1814349680
10/07/25 03:59:43,11.17,336.46,20.14,18.42,1.72,486.98,10.30,86.30,1017.00,2.32,5.09,5.53,45.20,0.49,0,13.16,0.00,90.32,1,-16,8,0,0,STAT,60,LAT,LON,W,CRC
10/07/25 04:00:40,11.16,334.48,20.38,17.61,2.22,489.19,10.30,86.00,1017.00,2.76,5.05,5.21,30.20,0.47,0,13.16,0.00,83.87,1,-17,7,0,0,STAT,60,LAT,LON,W,CRC
10/07/25 04:01:42,11.16,332.49,20.31,17.45,1.22,490.36,10.30,85.70,1017.00,2.88,6.03,6.08,28.30,0.43,0,13.16,0.00,90.32,1,-18,8,-1,0,STAT,60,LAT,LON,W,CRC
10/07/25 04:02:39,11.15,328.15,21.12,17.21,2.45,490.53,10.20,85.70,1017.00,2.75,6.03,6.04,35.90,0.46,0,13.16,0.00,87.10,1,-17,7,-1,0,STAT,60,LAT,LON,W,CRC
10/07/25 04:03:41,11.15,333.31,19.94,16.68,3.29,490.19,10.20,86.20,1017.00,2.27,5.51,5.51,43.10,0.49,0,13.16,0.00,74.19,1,-17,8,-2,0,STAT,60,LAT,LON,W,CRC
10/07/25 04:04:43,11.14,333.42,18.80,16.05,4.08,490.42,10.20,86.00,1017.00,2.82,5.60,5.88,34.70,0.49,0,13.16,0.00,87.10,1,-17,8,-2,0,STAT,60,LAT,LON,W,CRC
10/07/25 04:05:40,11.12,331.22,19.51,16.16,3.84,490.20,10.20,85.50,1017.00,3.09,5.75,6.05,29.00,0.54,0,13.16,0.00,83.87,1,-16,8,-1,0,STAT,60,LAT,LON,W,CRC
10/07/25 04:06:43,11.08,338.16,19.26,15.91,4.05,489.07,10.20,85.10,1017.00,2.74,5.37,5.89,26.40,0.53,0,13.16,0.00,77.42,1,-17,8,-2,0,STAT,60,LAT,LON,W,CRC
10/07/25 04:07:40,11.06,332.24,20.05,15.75,3.10,486.52,10.20,85.00,1017.00,3.21,5.79,6.55,26.90,0.46,0,13.16,0.00,77.42,1,-16,8,-1,0,STAT,60,LAT,LON,W,CRC
10/07/25 04:08:42,11.06,320.62,19.87,17.47,1.32,484.01,10.10,84.50,1017.00,3.87,5.96,6.55,26.80,0.49,0,13.16,0.00,74.19,1,-16,6,-1,0,STAT,60,LAT,LON,W,CRC
10/07/25 04:09:44,11.05,306.57,19.78,15.40,3.91,481.16,10.10,84.40,1017.00,3.78,6.48,7.04,30.50,0.42,0,13.16,0.00,90.32,1,-17,7,-1,0,STAT,60,LAT,LON,W,CRC
10/07/25 04:10:41,11.05,305.16,19.53,15.25,4.25,479.73,10.10,84.30,1017.00,3.78,6.71,7.05,25.60,0.39,0,13.16,0.00,70.97,1,-17,7,-2,0,STAT,60,LAT,LON,W,CRC
10/07/25 04:11:43,11.04,308.83,19.09,15.49,3.80,478.64,10.10,84.20,1017.00,3.72,6.71,7.01,39.60,0.46,0,13.16,0.00,77.42,1,-17,7,-1,0,STAT,60,LAT,LON,W,CRC
10/07/25 04:12:40,11.01,285.66,18.98,16.58,1.89,478.09,10.00,84.10,1017.00,3.26,6.41,6.55,50.50,0.55,0,13.13,0.00,129.03,1,-16,7,-1,-1,STAT,60,LAT,LON,W,CRC
10/07/25 04:13:41,10.97,277.65,19.34,17.77,1.16,478.03,10.00,84.30,1017.00,2.88,5.39,5.61,42.40,0.45,0,13.16,0.00,87.10,1,-17,6,-1,0,STAT,60,LAT,LON,W,CRC
10/07/25 04:14:43,10.96,274.33,18.66,17.04,2.59,478.01,10.00,84.70,1017.00,2.71,5.46,5.71,29.40,0.40,0,13.16,0.00,87.10,1,-17,8,-1,0,STAT,60,LAT,LON,W,CRC
10/07/25 04:15:40,10.96,277.70,18.52,16.38,3.28,478.84,10.00,84.60,1017.00,4.55,6.72,6.86,24.80,0.35,0,13.16,0.00,90.32,1,-16,7,-1,0,STAT,60,LAT,LON,W,CRC
10/07/25 04:16:42,10.95,273.43,17.68,16.60,2.95,479.59,10.10,84.70,1017.00,4.03,6.26,6.31,30.20,0.36,0,13.16,0.00,83.87,1,-15,7,-1,0,STAT,60,LAT,LON,W,CRC
10/07/25 04:17:44,10.95,262.82,17.25,16.62,2.07,478.79,10.10,84.50,1017.00,3.39,5.80,5.82,33.70,0.39,0,13.16,0.00,83.87,1,-15,7,0,0,STAT,60,LAT,LON,W,CRC
10/07/25 04:18:41,10.94,259.09,16.70,16.05,3.03,476.91,10.00,84.30,1017.00,2.86,5.09,5.33,41.50,0.50,0,13.16,0.00,90.32,1,-17,7,-1,0,STAT,60,LAT,LON,W,CRC
10/07/25 04:19:45,10.92,262.43,18.90,16.37,2.03,475.06,10.00,83.50,1017.00,2.49,5.12,5.29,27.50,0.45,0,13.16,0.00,77.42,1,-16,7,0,-1,STAT,60,LAT,LON,W,CRC
10/07/25 04:20:41,10.88,260.40,18.80,14.94,4.26,472.94,10.00,83.20,1017.00,2.22,5.06,5.12,25.70,0.39,0,13.16,0.00,77.42,1,-16,7,-1,0,STAT,60,LAT,LON,W,CRC
10/07/25 04:21:44,10.86,246.84,17.15,15.65,3.41,470.08,10.00,83.00,1017.00,1.99,4.63,4.77,33.40,0.41,0,13.16,0.00,77.42,1,-18,7,-1,0,STAT,60,LAT,LON,W,CRC
10/07/25 04:22:46,10.86,238.50,17.49,14.47,4.12,467.68,9.90,83.20,1017.00,2.00,4.34,4.39,34.30,0.48,0,13.16,0.00,74.19,1,-17,7,-1,0,STAT,60,LAT,LON,W,CRC
10/07/25 04:23:43,10.86,239.43,17.76,14.59,3.49,466.80,9.90,82.70,1017.00,1.67,3.35,3.48,27.90,0.48,0,13.16,0.00,70.97,1,-17,8,-1,-1,STAT,60,LAT,LON,W,CRC
10/07/25 04:24:45,10.85,248.89,18.34,13.85,4.77,467.81,9.90,82.60,1017.00,1.64,3.05,3.33,25.20,0.43,0,13.16,0.00,74.19,1,-17,7,-1,0,STAT,60,LAT,LON,W,CRC
10/07/25 04:25:41,10.84,250.79,19.57,14.79,4.09,469.77,9.90,82.60,1017.00,1.54,3.11,3.33,18.40,0.36,0,13.16,0.00,87.10,1,-17,6,-1,0,STAT,60,LAT,LON,W,CRC
10/07/25 04:26:44,10.82,261.79,20.06,15.65,4.20,472.07,9.90,82.40,1017.00,1.60,3.12,3.20,50.00,0.52,0,13.16,0.00,74.19,1,-16,7,0,0,STAT,60,LAT,LON,W,CRC
10/07/25 04:27:46,10.78,262.61,19.10,16.60,3.78,471.68,9.90,82.80,1017.00,1.73,3.12,3.31,53.00,0.60,0,13.16,0.00,74.19,1,-16,6,-1,0,STAT,60,LAT,LON,W,CRC
10/07/25 04:28:42,10.76,253.94,18.56,15.51,3.35,470.68,9.90,83.10,1017.00,1.59,2.74,3.02,50.10,0.48,0,13.16,0.00,87.10,1,-16,6,-1,-1,STAT,60,LAT,LON,W,CRC
10/07/25 04:29:44,10.76,249.50,17.72,15.25,3.09,469.89,9.80,83.00,1017.00,1.69,2.68,2.78,50.00,0.43,0,13.13,0.00,129.03,1,-17,6,-1,0,STAT,60,LAT,LON,W,CRC
10/07/25 04:30:42,10.76,235.67,17.64,15.26,4.03,468.76,9.80,83.20,1017.00,1.51,2.53,2.78,50.30,0.41,0,13.16,0.00,70.97,1,-15,6,0,0,STAT,60,LAT,LON,W,CRC
10/07/25 04:31:44,10.76,234.58,17.45,14.92,4.46,468.27,9.80,83.30,1017.00,1.66,2.50,2.62,50.90,0.51,0,13.16,0.00,74.19,1,-14,6,0,0,STAT,60,LAT,LON,W,CRC
10/07/25 04:32:45,10.75,227.89,17.27,15.24,2.99,468.09,9.80,83.10,1017.00,1.26,2.41,2.56,34.30,0.49,0,13.16,0.00,74.19,1,-15,6,-1,-1,STAT,60,LAT,LON,W,CRC
10/07/25 04:33:42,10.74,223.61,16.76,14.11,4.48,467.88,9.80,83.00,1017.00,1.11,2.80,2.94,30.90,0.54,0,13.16,0.00,74.19,1,-15,7,0,0,STAT,60,LAT,LON,W,CRC
10/07/25 04:34:43,10.70,220.81,17.27,13.70,4.58,467.31,9.70,82.90,1017.00,1.12,2.63,2.68,28.00,0.57,0,13.16,0.00,87.10,1,-14,7,-1,0,STAT,60,LAT,LON,W,CRC
10/07/25 04:35:45,10.67,217.19,17.45,14.35,4.08,466.81,9.70,82.60,1017.00,1.11,2.11,2.22,26.70,0.48,0,13.16,0.00,74.19,1,-15,6,-1,0,STAT,60,LAT,LON,W,CRC
10/07/25 04:36:42,10.66,213.77,17.08,14.58,3.39,466.02,9.70,82.60,1017.00,1.17,1.99,2.04,27.20,0.51,0,13.16,0.00,70.97,1,-14,6,-1,-1,STAT,60,LAT,LON,W,CRC
10/07/25 04:37:44,10.66,213.98,17.21,14.35,3.27,464.78,9.70,82.40,1017.00,1.05,2.04,2.13,23.50,0.59,0,13.16,0.00,74.19,1,-16,6,0,-1,STAT,60,LAT,LON,W,CRC
10/07/25 04:38:47,10.66,214.36,17.41,13.87,4.40,463.94,9.70,82.50,1017.00,1.19,1.71,1.74,19.60,0.61,0,13.16,0.00,87.10,1,-17,6,-1,0,STAT,60,LAT,LON,W,CRC
10/07/25 04:39:44,10.64,218.77,17.60,13.23,5.05,463.90,9.60,82.60,1017.00,1.29,2.08,2.09,30.90,0.66,0,13.16,0.00,77.42,1,-17,6,-1,0,STAT,60,LAT,LON,W,CRC
10/07/25 04:40:45,10.62,219.47,17.34,12.81,5.75,463.97,9.60,82.10,1017.00,1.40,2.38,2.39,27.40,0.68,0,13.16,0.00,90.32,1,-18,6,-1,0,STAT,60,LAT,LON,W,CRC
10/07/25 04:41:42,10.58,219.25,19.55,13.83,5.93,463.99,9.60,81.80,1017.00,1.15,1.89,2.17,34.80,0.69,0,13.16,0.00,77.42,1,-16,5,-1,0,STAT,60,LAT,LON,W,CRC
10/07/25 04:42:45,10.56,226.87,20.33,13.86,5.31,464.23,9.60,82.30,1017.00,1.09,1.90,2.09,29.40,0.51,0,13.16,0.00,70.97,1,-18,6,-1,0,STAT,60,LAT,LON,W,CRC
10/07/25 04:43:42,10.56,249.23,21.41,14.21,4.27,464.70,9.60,81.80,1017.00,1.03,1.99,2.06,31.50,0.51,0,13.16,0.00,77.42,1,-16,6,0,0,STAT,60,LAT,LON,W,CRC
10/07/25 04:44:44,10.56,239.74,20.71,14.12,5.09,464.67,9.60,81.60,1017.00,1.39,2.33,2.36,25.00,0.57,0,13.16,0.00,77.42,1,-16,5,-1,0,STAT,60,LAT,LON,W,CRC
10/07/25 04:45:46,10.55,222.04,18.96,14.92,3.78,464.15,9.60,81.20,1017.00,1.13,2.12,2.12,23.60,0.63,0,13.16,0.00,80.65,1,-17,6,0,0,STAT,60,LAT,LON,W,CRC
10/07/25 04:46:42,10.54,209.03,18.51,13.52,4.58,463.36,9.60,81.30,1017.00,1.05,2.13,2.14,25.30,0.65,0,13.16,0.00,87.10,1,-16,6,0,0,STAT,60,LAT,LON,W,CRC
10/07/25 04:47:45,10.50,206.45,17.81,13.76,4.91,462.48,9.60,81.40,1017.00,1.02,2.02,2.24,25.50,0.61,0,13.16,0.00,70.97,1,-15,6,0,0,STAT,60,LAT,LON,W,CRC
10/07/25 04:48:47,10.47,207.23,18.07,14.68,3.99,462.17,9.60,81.40,1017.00,0.98,1.89,2.25,39.20,0.51,0,13.16,0.00,90.32,1,-14,5,-1,-1,STAT,60,LAT,LON,W,CRC
10/07/25 04:49:44,10.46,216.10,17.39,15.26,3.96,462.36,9.60,82.00,1017.00,1.20,1.78,2.29,51.60,0.60,0,13.16,0.00,74.19,1,-14,6,-1,-1,STAT,60,LAT,LON,W,CRC
10/07/25 04:50:46,10.46,241.30,17.10,14.53,3.23,462.64,9.60,81.60,1017.00,1.07,1.89,2.07,32.20,0.56,0,13.16,0.00,87.10,1,-16,7,0,-1,STAT,60,LAT,LON,W,CRC
10/07/25 04:51:43,10.46,255.04,17.73,14.13,3.15,462.70,9.60,81.50,1017.00,0.95,1.82,1.88,32.90,0.53,0,13.16,0.00,77.42,1,-15,6,0,-1,STAT,60,LAT,LON,W,CRC
10/07/25 04:52:46,10.45,264.14,17.76,13.85,4.06,462.33,9.60,81.30,1017.00,0.96,1.72,1.74,16.60,0.36,0,13.16,0.00,77.42,1,-15,5,0,-1,STAT,60,LAT,LON,W,CRC
10/07/25 04:53:43,10.44,247.63,17.14,14.23,3.83,462.13,9.60,81.20,1017.00,0.99,1.57,1.58,6.20,0.45,0,13.16,0.00,74.19,1,-16,6,0,-1,STAT,60,LAT,LON,W,CRC
10/07/25 04:54:46,10.40,226.75,17.59,14.81,2.57,461.88,9.50,81.10,1017.00,1.00,1.71,1.71,18.30,0.58,0,13.16,0.00,74.19,1,-15,6,-1,-1,STAT,60,LAT,LON,W,CRC
10/07/25 04:55:43,10.37,214.96,17.74,15.12,1.68,461.11,9.50,81.20,1017.00,0.98,1.67,1.67,27.10,0.63,0,13.16,0.00,90.32,1,-14,6,-1,-1,STAT,60,LAT,LON,W,CRC
10/07/25 04:56:45,10.36,205.35,17.47,14.12,5.51,460.42,9.50,81.10,1017.00,0.99,1.67,1.67,28.00,0.63,0,13.16,0.00,90.32,1,-15,6,-1,0,STAT,60,LAT,LON,W,CRC
10/07/25 04:57:47,10.36,198.18,17.05,15.43,3.98,460.15,9.50,81.00,1017.00,1.16,2.31,2.48,21.70,0.63,0,13.16,0.00,87.10,1,-17,7,0,0,STAT,60,LAT,LON,W,CRC
10/07/25 04:58:44,10.36,196.62,17.45,15.42,4.19,460.14,9.50,82.00,1017.00,1.38,3.37,3.43,35.00,0.54,0,13.16,0.00,90.32,1,-16,7,0,0,STAT,60,LAT,LON,W,CRC
10/07/25 04:59:47,10.35,198.83,17.87,14.83,4.18,461.77,9.50,81.60,1017.00,1.73,4.11,4.13,29.00,0.65,0,13.16,0.00,83.87,1,-15,8,0,0,STAT,60,LAT,LON,W,CRC
10/07/25 05:00:44,10.34,204.63,17.98,13.65,5.20,462.53,9.50,81.40,1017.00,1.49,3.32,3.32,28.70,0.66,0,13.16,0.00,90.32,1,-15,6,-1,0,STAT,60,LAT,LON,W,CRC
10/07/25 05:01:47,10.29,214.14,17.57,13.52,4.77,462.83,9.50,81.10,1017.00,1.48,2.94,3.06,22.20,0.67,0,13.16,0.00,70.97,1,-14,8,0,0,STAT,60,LAT,LON,W,CRC
10/07/25 05:02:49,10.27,251.17,20.08,14.62,3.91,462.94,9.50,81.00,1017.00,1.41,2.66,2.69,14.90,0.60,0,13.16,0.00,77.42,1,-15,6,0,-1,STAT,60,LAT,LON,W,CRC
10/07/25 05:03:45,10.26,229.32,19.10,14.41,5.36,462.28,9.50,80.60,1017.00,1.75,3.19,3.20,23.80,0.73,0,13.16,0.00,87.10,1,-15,6,0,0,STAT,60,LAT,LON,W,CRC
10/07/25 05:04:48,10.26,214.43,17.83,14.48,4.84,460.52,9.50,80.70,1017.00,1.89,3.33,3.34,25.00,0.59,0,13.16,0.00,77.42,1,-14,7,0,0,STAT,60,LAT,LON,W,CRC
10/07/25 05:05:50,10.26,205.04,18.09,14.12,5.08,459.24,9.50,80.70,1017.00,1.55,3.66,4.21,27.40,0.50,0,13.16,0.00,80.65,1,-16,5,-1,0,STAT,60,LAT,LON,W,CRC
10/07/25 05:06:47,10.25,199.82,17.80,14.13,4.59,458.48,9.50,80.70,1017.00,1.57,3.11,3.32,22.90,0.37,0,13.16,0.00,74.19,1,-14,6,0,0,STAT,60,LAT,LON,W,CRC
10/07/25 05:07:49,10.24,199.92,16.95,15.31,3.19,457.52,9.50,80.70,1017.00,1.58,3.10,3.47,23.00,0.34,0,13.16,0.00,74.19,1,-16,7,-1,0,STAT,60,LAT,LON,W,CRC
10/07/25 05:08:46,10.22,201.91,17.72,14.90,3.08,457.49,9.50,80.90,1017.00,2.02,4.00,4.13,23.30,0.40,0,13.16,0.00,74.19,1,-15,6,0,0,STAT,60,LAT,LON,W,CRC
10/07/25 05:09:48,10.18,198.44,17.83,14.59,3.54,457.82,9.50,80.70,1017.00,2.29,4.87,5.00,19.80,0.34,0,13.16,0.00,77.42,1,-12,5,-1,-1,STAT,60,LAT,LON,W,CRC
10/07/25 05:10:50,10.16,218.49,17.27,13.95,4.72,459.08,9.50,81.00,1017.00,2.48,4.99,5.38,19.30,0.40,0,13.16,0.00,77.42,1,-13,6,-1,0,STAT,60,LAT,LON,W,CRC
10/07/25 05:11:47,10.16,225.86,18.25,14.34,4.21,460.80,9.50,81.10,1017.00,2.78,5.53,5.87,24.90,0.41,0,13.16,0.00,70.97,1,-12,5,-1,0,STAT,60,LAT,LON,W,CRC
10/07/25 05:12:48,10.16,222.14,17.32,14.19,4.32,462.23,9.50,80.70,1017.00,3.42,5.55,5.68,27.60,0.48,0,13.16,0.00,77.42,1,-13,7,-1,-1,STAT,60,LAT,LON,W,CRC
10/07/25 05:13:44,10.16,216.68,17.42,14.36,4.75,462.70,9.50,80.60,1017.00,3.73,5.92,5.97,29.40,0.52,0,13.16,0.00,74.19,1,-15,6,-1,-1,STAT,60,LAT,LON,W,CRC
10/07/25 05:14:46,10.15,211.37,17.54,15.10,3.02,462.90,9.50,80.50,1017.00,3.37,5.58,5.69,34.60,0.48,0,13.16,0.00,87.10,1,-14,5,-1,-1,STAT,60,LAT,LON,W,CRC
10/07/25 05:15:48,10.14,213.58,17.81,13.47,5.26,462.38,9.50,80.80,1017.00,3.72,5.70,6.07,37.20,0.38,0,13.16,0.00,70.97,1,-15,5,-2,0,STAT,60,LAT,LON,W,CRC
10/07/25 05:16:45,10.12,206.82,17.31,14.86,3.52,461.45,9.50,80.80,1017.00,3.26,5.69,5.86,29.80,0.45,0,13.16,0.00,77.42,1,-15,7,-1,-1,STAT,60,LAT,LON,W,CRC
10/07/25 05:17:47,10.08,201.97,17.07,14.33,4.87,460.43,9.50,80.80,1017.00,3.18,5.92,6.30,33.70,0.50,0,13.16,0.00,70.97,1,-14,7,-1,0,STAT,60,LAT,LON,W,CRC
10/07/25 05:18:49,10.07,194.41,16.48,14.74,2.99,459.50,9.50,80.80,1017.00,2.79,5.82,5.99,31.30,0.40,0,13.16,0.00,83.87,1,-14,7,0,-1,STAT,60,LAT,LON,W,CRC
10/07/25 05:19:48,10.06,194.11,16.35,14.74,3.24,458.96,9.50,81.00,1017.00,2.81,5.44,5.87,48.40,0.50,0,13.16,0.00,74.19,1,-13,7,-1,0,STAT,60,LAT,LON,W,CRC
10/07/25 05:20:50,10.06,214.13,17.11,15.04,4.50,458.69,9.50,81.60,1017.00,2.78,5.90,6.25,55.50,0.56,0,13.16,0.00,80.65,1,-14,7,-1,0,STAT,60,LAT,LON,W,CRC
10/07/25 05:21:48,10.06,222.52,16.98,15.41,3.59,459.38,9.50,81.90,1017.00,2.43,5.14,5.29,56.60,0.55,0,13.16,0.00,74.19,1,-13,8,-1,-1,STAT,60,LAT,LON,W,CRC
10/07/25 05:22:49,10.06,222.26,19.04,14.67,4.95,460.80,9.40,82.20,1017.00,2.72,5.24,5.30,58.70,0.54,0,13.16,0.00,77.42,1,-15,6,-1,0,STAT,60,LAT,LON,W,CRC
10/07/25 05:23:51,10.06,217.42,17.78,15.27,4.08,462.07,9.40,82.50,1017.00,2.43,4.69,4.79,54.90,0.45,0,13.16,0.00,87.10,1,-15,7,-1,0,STAT,60,LAT,LON,W,CRC
10/07/25 05:24:48,10.05,203.98,16.89,14.92,3.90,463.05,9.40,82.50,1017.00,2.27,4.91,5.22,49.00,0.49,0,13.16,0.00,70.97,1,-16,7,-1,0,STAT,60,LAT,LON,W,CRC
10/07/25 05:25:51,10.04,201.48,17.38,14.17,4.74,463.67,9.40,82.60,1017.00,2.26,4.90,5.29,54.90,0.55,0,13.16,0.00,77.42,1,-17,5,-1,0,STAT,60,LAT,LON,W,CRC
10/07/25 05:26:48,10.03,195.71,16.62,14.27,4.67,464.03,9.30,82.60,1017.00,2.20,4.20,4.97,40.30,0.38,0,13.16,0.00,77.42,1,-15,6,-1,0,STAT,60,LAT,LON,W,CRC
10/07/25 05:27:51,9.99,190.26,17.39,14.24,4.01,464.66,9.30,82.40,1017.00,2.68,4.98,5.39,33.90,0.36,0,13.16,0.00,74.19,1,-17,5,-1,0,STAT,60,LAT,LON,W,CRC
10/07/25 05:28:48,9.97,186.35,17.14,13.27,4.81,464.58,9.30,82.50,1017.00,3.91,5.80,6.38,48.90,0.41,0,13.16,0.00,70.97,1,-15,6,-1,0,STAT,60,LAT,LON,W,CRC
10/07/25 05:29:51,9.96,185.04,16.08,14.15,4.27,464.70,9.30,82.50,1017.00,5.53,7.49,8.04,43.60,0.35,0,13.16,0.00,77.42,1,-14,7,-1,-1,STAT,60,LAT,LON,W,CRC
10/07/25 05:30:48,9.96,184.81,16.44,14.47,4.05,464.89,9.20,82.60,1017.00,7.57,10.03,10.22,54.30,0.45,0,13.16,0.00,74.19,1,-14,6,-1,-1,STAT,60,LAT,LON,W,CRC
10/07/25 05:31:50,9.96,185.38,16.63,14.84,4.27,464.46,9.20,82.50,1017.00,9.93,11.68,12.02,44.10,0.37,0,13.16,0.00,87.10,1,-14,6,-1,0,STAT,60,LAT,LON,W,CRC
10/07/25 05:32:51,9.96,182.60,16.86,15.31,4.08,463.87,9.20,82.60,1017.00,15.19,16.67,16.90,58.50,0.48,0,13.16,0.00,87.10,1,-14,7,0,0,STAT,60,LAT,LON,W,CRC
10/07/25 05:33:48,9.95,181.80,16.48,14.22,4.25,462.83,9.20,82.50,1017.00,19.56,21.95,22.18,49.10,0.39,0,13.16,0.00,70.97,1,-14,7,0,0,STAT,60,LAT,LON,W,CRC
10/07/25 05:34:47,9.94,185.23,16.89,14.57,3.64,461.70,9.10,82.60,1017.00,22.49,25.55,25.66,46.40,0.37,0,13.16,0.00,70.97,1,-14,6,0,-1,STAT,60,LAT,LON,W,CRC
10/07/25 05:35:49,9.90,188.33,16.91,13.60,5.15,461.25,9.10,82.80,1017.00,24.78,28.65,29.42,51.20,0.43,0,13.16,0.00,90.32,1,-15,5,-1,0,STAT,60,LAT,LON,W,CRC
10/07/25 05:36:47,9.87,189.36,17.31,12.88,5.73,461.09,9.10,82.90,1017.00,26.53,29.80,30.57,42.90,0.38,0,13.16,0.00,74.19,1,-15,6,-1,0,STAT,60,LAT,LON,W,CRC
10/07/25 05:37:49,9.86,187.16,16.47,12.89,6.21,461.03,9.10,82.80,1017.00,28.45,33.50,33.84,30.50,0.39,0,13.16,0.00,70.97,1,-14,6,-1,0,STAT,60,LAT,LON,W,CRC
10/07/25 05:38:51,9.86,185.12,18.16,14.38,4.13,461.42,9.10,82.70,1017.00,31.09,36.88,37.68,25.40,0.42,0,13.16,0.00,74.19,1,-15,5,-1,0,STAT,60,LAT,LON,W,CRC
10/07/25 05:39:49,9.86,183.00,17.14,14.63,4.33,461.78,9.10,82.80,1017.00,32.73,39.41,40.76,24.80,0.33,0,13.16,0.00,74.19,1,-16,6,-1,0,STAT,60,LAT,LON,W,CRC
10/07/25 05:40:47,9.86,199.53,18.94,15.21,3.87,462.00,9.10,83.00,1017.00,33.26,40.01,41.31,47.10,0.48,0,13.16,0.00,87.10,1,-15,6,0,0,STAT,60,LAT,LON,W,CRC
10/07/25 05:41:50,9.84,219.86,18.63,15.60,4.10,462.65,9.10,83.10,1017.00,33.23,39.89,41.35,47.40,0.42,0,13.16,0.00,74.19,1,-14,6,0,0,STAT,60,LAT,LON,W,CRC
10/07/25 05:42:47,9.83,219.98,17.68,14.19,5.69,463.06,9.10,83.00,1017.00,31.87,38.01,39.09,55.10,0.56,0,13.16,0.00,77.42,1,-15,6,-1,0,STAT,60,LAT,LON,W,CRC
10/07/25 05:43:51,9.78,215.64,17.03,13.92,5.51,463.67,9.00,82.90,1017.00,29.39,34.30,36.01,61.00,0.54,0,13.16,0.00,77.42,1,-13,7,-2,0,STAT,60,LAT,LON,W,CRC
10/07/25 05:44:48,9.77,207.82,16.23,15.58,3.38,463.87,9.00,82.90,1017.00,24.70,27.68,28.50,61.50,0.54,0,13.16,0.00,74.19,1,-11,7,0,0,STAT,60,LAT,LON,W,CRC
10/07/25 05:45:50,9.76,206.62,17.47,14.52,3.63,463.50,9.00,82.70,1017.00,18.13,20.12,20.40,52.00,0.41,0,13.16,0.00,77.42,1,-13,7,-1,0,STAT,60,LAT,LON,W,CRC
10/07/25 05:46:52,9.76,205.27,17.24,14.54,4.26,463.18,9.00,82.50,1017.00,13.26,14.81,14.92,51.70,0.46,0,13.16,0.00,90.32,1,-13,6,-1,0,STAT,60,LAT,LON,W,CRC
10/07/25 05:47:50,9.76,198.86,17.06,14.72,3.47,462.77,8.90,82.20,1017.00,8.05,9.83,9.87,60.00,0.44,0,13.16,0.00,70.97,1,-12,6,-1,0,STAT,60,LAT,LON,W,CRC
10/07/25 05:48:52,9.76,195.08,17.24,14.21,4.19,461.28,8.90,82.20,1017.00,5.71,7.41,7.42,57.30,0.43,0,13.16,0.00,74.19,1,-14,5,0,0,STAT,60,LAT,LON,W,CRC
10/07/25 05:49:49,9.75,195.54,16.98,13.87,3.75,460.26,8.90,82.20,1017.00,4.09,6.61,7.01,46.40,0.39,0,13.16,0.00,77.42,1,-14,6,0,-1,STAT,60,LAT,LON,W,CRC
10/07/25 05:50:52,9.73,190.64,16.92,12.96,4.57,459.44,8.90,82.20,1017.00,2.61,4.24,4.58,30.20,0.37,0,13.16,0.00,70.97,1,-14,6,0,0,STAT,60,LAT,LON,W,CRC
10/07/25 05:51:49,9.69,188.48,17.53,13.12,4.41,459.08,8.90,82.40,1017.00,1.93,2.89,3.01,25.60,0.54,0,13.16,0.00,70.97,1,-13,5,0,0,STAT,60,LAT,LON,W,CRC
10/07/25 05:52:52,9.67,190.34,17.32,13.32,4.53,459.03,8.90,82.30,1017.00,1.57,2.64,2.68,24.60,0.39,0,13.13,0.00,119.35,1,-15,6,-1,0,STAT,60,LAT,LON,W,CRC
10/07/25 05:53:49,9.66,188.36,18.69,12.69,4.91,458.74,8.90,82.20,1017.00,1.67,2.40,2.76,28.20,0.39,0,13.13,0.00,112.90,1,-13,4,-1,0,STAT,60,LAT,LON,W,CRC
10/07/25 05:54:51,9.66,186.70,17.87,13.97,4.24,458.91,8.90,82.20,1017.00,1.49,2.31,2.44,30.70,0.37,0,13.16,0.00,70.97,1,-12,4,-1,-1,STAT,60,LAT,LON,W,CRC
10/07/25 05:55:53,9.66,188.13,17.39,13.86,4.43,458.97,8.90,82.00,1017.00,1.29,2.15,2.20,34.70,0.43,0,13.16,0.00,90.32,1,-13,5,0,-1,STAT,60,LAT,LON,W,CRC
10/07/25 05:56:51,9.64,189.34,16.43,13.05,6.09,458.99,8.90,82.00,1017.00,1.02,1.97,2.31,50.90,0.52,0,13.16,0.00,74.19,1,-12,7,-1,0,STAT,60,LAT,LON,W,CRC
10/07/25 05:57:48,9.63,186.45,17.18,12.96,5.49,458.91,8.90,81.90,1017.00,1.15,2.06,2.18,51.70,0.52,0,13.16,0.00,70.97,1,-14,6,-1,0,STAT,60,LAT,LON,W,CRC
10/07/25 05:58:52,9.59,185.23,16.86,13.82,4.51,458.55,8.90,81.90,1017.00,1.08,2.45,2.98,47.60,0.48,0,13.16,0.00,77.42,1,-15,7,0,0,STAT,60,LAT,LON,W,CRC
10/07/25 05:59:51,9.57,184.78,16.83,14.93,4.71,458.83,8.90,82.30,1017.00,1.03,2.20,2.39,56.00,0.57,0,13.16,0.00,77.42,1,-14,6,0,0,STAT,60,LAT,LON,W,CRC
10/07/25 06:00:54,9.56,186.15,18.09,14.68,5.05,459.78,8.90,82.50,1017.00,1.44,2.63,2.69,57.60,0.62,0,13.16,0.00,74.19,1,-15,4,0,0,STAT,60,LAT,LON,W,CRC
10/07/25 06:01:51,9.56,185.38,17.57,15.18,4.41,460.69,8.90,82.40,1017.00,1.30,2.84,3.15,53.70,0.54,0,13.16,0.00,90.32,1,-14,5,0,-1,STAT,60,LAT,LON,W,CRC
10/07/25 06:02:53,9.56,179.88,18.54,14.70,4.29,461.54,8.90,82.10,1017.00,1.10,2.43,2.62,33.30,0.49,0,13.13,0.00,103.23,1,-15,4,0,0,STAT,60,LAT,LON,W,CRC
10/07/25 06:03:55,9.56,176.92,17.38,13.87,4.49,461.84,8.90,82.10,1017.00,1.04,1.75,2.00,18.90,0.59,0,13.16,0.00,77.42,1,-15,6,-1,0,STAT,60,LAT,LON,W,CRC
10/07/25 06:04:52,9.56,176.57,17.25,14.31,3.84,462.94,8.80,82.80,1017.00,0.93,1.99,2.07,8.40,0.50,0,13.13,0.00,132.26,1,-12,5,-1,-1,STAT,60,LAT,LON,W,CRC
10/07/25 06:05:54,9.55,175.69,17.31,12.98,6.02,464.21,8.80,82.40,1017.00,1.08,2.34,2.37,18.00,0.60,0,13.16,0.00,87.10,1,-15,5,-1,0,STAT,60,LAT,LON,W,CRC
10/07/25 06:06:51,9.53,173.46,16.34,13.60,4.82,464.54,8.80,81.90,1017.00,1.03,2.11,2.21,25.60,0.72,0,13.16,0.00,77.42,1,-13,6,-1,0,STAT,60,LAT,LON,W,CRC
10/07/25 06:07:54,9.50,179.29,17.72,14.43,4.63,464.11,8.80,81.70,1017.00,1.06,2.56,2.63,23.80,0.72,0,13.16,0.00,74.19,1,-13,6,0,0,STAT,60,LAT,LON,W,CRC
10/07/25 06:08:52,9.47,183.43,18.25,14.19,4.72,463.58,8.80,81.60,1017.00,1.25,2.40,2.42,28.60,0.74,0,13.16,0.00,74.19,1,-14,5,0,0,STAT,60,LAT,LON,W,CRC
10/07/25 06:09:55,9.46,178.58,17.37,13.27,5.04,463.21,8.80,81.30,1017.00,1.15,2.55,2.56,29.60,0.80,0,13.16,0.00,90.32,1,-15,6,0,0,STAT,60,LAT,LON,W,CRC
10/07/25 06:10:52,9.46,172.00,16.70,13.59,3.98,462.73,8.80,81.20,1017.00,1.17,2.44,2.44,29.10,0.58,0,13.16,0.00,74.19,1,-14,7,-1,0,STAT,60,LAT,LON,W,CRC
10/07/25 06:11:55,9.46,168.82,16.34,13.69,3.82,461.92,8.80,80.90,1017.00,1.06,1.88,1.88,28.00,0.54,0,13.16,0.00,77.42,1,-13,8,0,-1,STAT,60,LAT,LON,W,CRC
10/07/25 06:12:53,9.46,167.67,17.10,13.59,4.89,460.73,8.80,81.10,1017.00,1.12,2.14,2.92,25.40,0.35,0,13.13,0.00,96.77,1,-12,6,-1,0,STAT,60,LAT,LON,W,CRC
10/07/25 06:13:55,9.46,169.93,17.83,13.57,5.12,459.26,8.80,80.90,1017.00,1.05,2.05,2.47,35.40,0.33,0,13.16,0.00,70.97,1,-15,5,-1,0,STAT,60,LAT,LON,W,CRC
10/07/25 06:14:51,9.46,168.34,17.19,13.31,4.23,457.86,8.80,80.70,1017.00,0.95,1.91,2.05,25.30,0.35,0,13.13,0.00,90.32,1,-14,7,0,-1,STAT,60,LAT,LON,W,CRC
10/07/25 06:15:53,9.44,163.46,16.98,12.82,4.90,456.65,8.80,80.80,1017.00,0.96,1.42,1.47,27.70,0.41,0,13.16,0.00,77.42,1,-14,7,-1,-1,STAT,60,LAT,LON,W,CRC
10/07/25 06:16:55,9.44,164.10,17.35,13.13,4.79,456.08,8.80,80.70,1017.00,0.99,1.60,1.61,24.60,0.36,0,13.16,0.00,74.19,1,-15,6,0,0,STAT,60,LAT,LON,W,CRC
10/07/25 06:17:51,9.40,172.49,18.04,12.62,5.90,455.71,8.80,80.80,1017.00,1.13,1.89,1.90,24.70,0.39,0,13.16,0.00,70.97,1,-14,5,0,0,STAT,60,LAT,LON,W,CRC
10/07/25 06:18:54,9.37,175.79,18.03,12.47,5.91,455.90,8.80,81.00,1017.00,1.05,2.00,2.07,32.70,0.37,0,13.16,0.00,74.19,1,-12,5,-1,0,STAT,60,LAT,LON,W,CRC
10/07/25 06:19:51,9.36,178.28,17.06,13.44,4.44,455.96,8.80,81.10,1017.00,0.87,1.63,1.66,30.20,0.45,0,13.13,0.00,135.48,1,-13,6,-1,0,STAT,60,LAT,LON,W,CRC
10/07/25 06:20:54,9.36,181.77,17.90,14.24,4.15,456.65,8.80,82.10,1017.00,1.00,1.86,1.87,55.40,0.59,0,13.16,0.00,74.19,1,-14,5,0,0,STAT,60,LAT,LON,W,CRC
10/07/25 06:21:52,9.36,180.66,17.03,15.08,4.16,459.11,8.80,82.10,1017.00,0.98,1.59,1.59,44.90,0.42,0,13.16,0.00,77.42,1,-13,6,0,0,STAT,60,LAT,LON,W,CRC
10/07/25 06:22:54,9.36,178.44,16.99,14.42,3.91,461.98,8.70,82.10,1017.00,0.99,1.79,1.91,34.40,0.35,0,13.16,0.00,74.19,1,-13,6,0,0,STAT,60,LAT,LON,W,CRC
10/07/25 06:23:51,9.36,175.53,16.13,14.13,4.26,463.23,8.70,82.20,1017.00,1.03,2.04,2.57,41.50,0.41,0,13.16,0.00,70.97,1,-13,8,0,0,STAT,60,LAT,LON,W,CRC
10/07/25 06:24:53,9.36,175.75,15.66,14.73,3.99,463.73,8.70,82.40,1017.00,1.01,1.79,2.48,53.60,0.57,0,13.16,0.00,77.42,1,-13,7,0,0,STAT,60,LAT,LON,W,CRC
10/07/25 06:25:55,9.36,174.24,16.16,14.18,3.35,463.90,8.80,82.50,1017.00,1.11,1.79,2.03,50.40,0.57,0,13.16,0.00,77.42,1,-14,6,0,-1,STAT,60,LAT,LON,W,CRC
10/07/25 06:26:53,9.35,171.74,16.63,15.04,2.92,463.96,8.70,82.50,1017.00,1.07,1.92,2.17,34.40,0.56,0,13.16,0.00,77.42,1,-14,6,0,0,STAT,60,LAT,LON,W,CRC
10/07/25 06:27:54,9.34,173.29,17.22,14.79,3.68,463.53,8.70,82.10,1017.00,1.23,2.03,2.26,30.40,0.41,0,13.16,0.00,77.42,1,-13,5,0,0,STAT,60,LAT,LON,W,CRC
10/07/25 06:28:56,9.33,208.91,17.56,15.46,2.97,463.19,8.70,82.50,1016.00,1.44,2.43,2.51,34.80,0.46,0,13.16,0.00,77.42,1,-12,5,0,0,STAT,60,LAT,LON,W,CRC
10/07/25 06:29:53,9.30,199.97,17.05,15.31,3.13,463.34,8.70,82.40,1016.00,1.20,2.33,2.35,26.30,0.46,0,13.16,0.00,70.97,1,-12,6,0,0,STAT,60,LAT,LON,W,CRC
10/07/25 06:30:56,9.27,188.73,17.18,14.58,3.02,463.62,8.70,82.50,1016.00,1.04,1.94,1.95,27.70,0.54,0,13.16,0.00,87.10,1,-12,5,0,0,STAT,60,LAT,LON,W,CRC
10/07/25 06:31:55,9.26,180.82,17.93,12.95,4.48,463.24,8.70,82.30,1016.00,1.45,2.41,2.42,27.70,0.52,0,13.16,0.00,74.19,1,-11,5,-1,0,STAT,60,LAT,LON,W,CRC
10/07/25 06:32:53,9.26,177.85,17.46,14.48,3.16,463.09,8.70,82.50,1016.00,1.12,1.89,1.93,24.80,0.55,0,13.16,0.00,83.87,1,-12,5,0,-1,STAT,60,LAT,LON,W,CRC
10/07/25 06:33:56,9.26,174.30,16.90,13.81,4.61,463.03,8.70,82.60,1016.00,1.04,2.20,2.47,26.30,0.59,0,13.16,0.00,70.97,1,-12,5,0,0,STAT,60,LAT,LON,W,CRC
10/07/25 06:34:53,9.26,170.80,17.02,13.94,4.86,463.01,8.70,82.70,1016.00,1.02,1.73,1.83,26.40,0.63,0,13.13,0.00,70.97,1,-11,6,-1,0,STAT,60,LAT,LON,W,CRC
10/07/25 06:35:56,9.26,175.80,17.40,13.39,6.45,462.39,8.70,82.70,1016.00,1.04,2.33,2.92,27.20,0.57,0,13.16,0.00,70.97,1,-14,5,-1,0,STAT,60,LAT,LON,W,CRC
10/07/25 06:36:53,9.26,181.97,18.04,13.10,6.08,462.15,8.70,82.70,1017.00,1.23,2.96,3.16,26.80,0.48,0,13.16,0.00,87.10,1,-14,4,-1,0,STAT,60,LAT,LON,W,CRC
10/07/25 06:37:57,9.25,185.22,18.04,14.42,3.81,462.05,8.70,82.70,1016.00,1.61,3.43,3.75,27.40,0.51,0,13.16,0.00,77.42,1,-12,4,0,-1,STAT,60,LAT,LON,W,CRC
10/07/25 06:38:54,9.24,188.67,18.32,13.74,5.39,462.02,8.70,82.90,1017.00,1.78,2.97,3.33,40.40,0.41,0,13.16,0.00,74.19,1,-11,3,0,-1,STAT,60,LAT,LON,W,CRC
10/07/25 06:39:54,9.22,192.87,17.94,14.02,4.80,462.01,8.70,82.90,1016.00,1.90,3.70,4.42,38.50,0.37,0,13.13,0.00,93.55,1,-11,4,0,0,STAT,60,LAT,LON,W,CRC
10/07/25 06:40:56,9.19,194.24,17.60,14.39,3.51,462.00,8.70,83.20,1016.00,1.77,3.11,4.13,44.30,0.41,0,13.16,0.00,74.19,1,-12,4,0,-1,STAT,60,LAT,LON,W,CRC
10/07/25 06:41:53,9.17,194.75,17.38,14.72,3.75,462.08,8.70,83.40,1016.00,1.36,2.74,3.10,48.80,0.48,0,13.13,0.00,83.87,1,-12,5,0,0,STAT,60,LAT,LON,W,CRC
10/07/25 06:42:56,9.16,196.87,17.07,13.41,4.58,462.68,8.60,83.40,1016.00,1.26,2.80,3.55,32.50,0.48,0,13.13,0.00,90.32,1,-12,5,-1,0,STAT,60,LAT,LON,W,CRC
10/07/25 06:43:53,9.16,204.55,17.86,14.04,3.87,462.88,8.60,83.20,1016.00,1.44,3.07,3.43,23.00,0.45,0,13.16,0.00,77.42,1,-15,5,0,0,STAT,60,LAT,LON,W,CRC
10/07/25 06:44:55,9.16,205.96,17.66,13.62,4.87,462.96,8.60,83.20,1016.00,1.63,3.03,3.64,27.30,0.44,0,13.16,0.00,70.97,1,-14,5,-1,0,STAT,60,LAT,LON,W,CRC
10/07/25 06:45:54,9.16,217.57,18.53,14.10,4.67,462.49,8.60,83.60,1016.00,1.94,4.43,4.64,23.70,0.65,0,13.16,0.00,74.19,1,-13,5,-1,0,STAT,60,LAT,LON,W,CRC
10/07/25 06:46:57,9.16,241.35,17.94,14.95,3.71,463.32,8.60,83.60,1016.00,2.01,4.87,5.17,29.50,0.72,0,13.13,0.00,87.10,1,-12,6,0,0,STAT,60,LAT,LON,W,CRC
10/07/25 06:47:54,9.16,233.95,17.13,15.40,3.19,463.74,8.60,83.40,1016.00,2.42,4.47,4.91,28.40,0.74,0,13.13,0.00,83.87,1,-11,7,0,-1,STAT,60,LAT,LON,W,CRC
10/07/25 06:48:57,9.16,216.50,17.89,14.25,3.37,463.75,8.60,83.30,1016.00,2.71,4.75,5.15,25.10,0.70,0,13.16,0.00,77.42,1,-13,5,0,-1,STAT,60,LAT,LON,W,CRC
10/07/25 06:49:55,9.16,212.08,17.39,14.17,3.68,463.29,8.60,83.30,1016.00,2.97,5.28,5.59,28.10,0.58,0,13.16,0.00,74.19,1,-12,6,0,-1,STAT,60,LAT,LON,W,CRC
10/07/25 06:50:57,9.16,204.79,16.47,14.91,3.48,463.02,8.60,83.10,1016.00,2.92,5.47,5.76,20.20,0.54,0,13.16,0.00,74.19,1,-11,7,0,-1,STAT,60,LAT,LON,W,CRC
10/07/25 06:51:55,9.15,204.05,16.67,14.14,4.58,462.39,8.60,83.10,1016.00,2.75,5.02,5.63,22.90,0.51,0,13.13,0.00,87.10,1,-13,7,-1,0,STAT,60,LAT,LON,W,CRC
10/07/25 06:52:57,9.14,200.77,16.79,15.27,3.38,462.14,8.60,83.00,1016.00,3.40,5.47,6.36,19.80,0.38,0,13.13,0.00,90.32,1,-14,7,-1,0,STAT,60,LAT,LON,W,CRC
10/07/25 06:53:57,9.12,197.95,17.57,14.56,4.02,462.05,8.60,83.00,1016.00,2.79,5.41,5.73,28.30,0.48,0,13.16,0.00,77.42,1,-13,6,0,0,STAT,60,LAT,LON,W,CRC
10/07/25 06:54:56,9.09,194.15,17.59,14.80,3.96,462.06,8.60,83.00,1016.00,2.35,4.68,5.09,33.40,0.49,0,13.16,0.00,77.42,1,-13,6,0,-1,STAT,60,LAT,LON,W,CRC
10/07/25 06:55:53,9.07,193.47,17.37,14.56,4.48,462.02,8.60,83.10,1016.00,2.34,4.58,5.07,25.90,0.41,0,13.16,0.00,74.19,1,-13,5,-1,-1,STAT,60,LAT,LON,W,CRC
10/07/25 06:56:57,9.06,191.66,18.47,15.22,3.27,462.01,8.60,83.30,1016.00,2.16,5.14,5.53,27.00,0.50,0,13.16,0.00,70.97,1,-14,5,0,0,STAT,60,LAT,LON,W,CRC
10/07/25 06:57:55,9.06,189.98,17.58,15.00,3.21,462.00,8.60,83.40,1016.00,2.73,5.73,5.86,32.00,0.48,0,13.16,0.00,90.32,1,-14,5,0,-1,STAT,60,LAT,LON,W,CRC
10/07/25 06:58:53,9.06,187.02,16.66,14.40,3.14,462.04,8.60,83.50,1016.00,2.54,5.74,5.95,28.40,0.44,0,13.13,0.00,77.42,1,-14,6,0,-1,STAT,60,LAT,LON,W,CRC
10/07/25 06:59:56,9.06,184.09,17.39,14.06,4.57,462.02,8.60,83.60,1016.00,2.51,5.53,5.60,25.80,0.38,0,13.13,0.00,77.42,1,-14,4,0,0,STAT,60,LAT,LON,W,CRC
10/07/25 07:00:56,9.06,181.05,17.07,14.98,3.87,462.01,8.60,83.60,1016.00,2.79,5.56,5.97,27.10,0.43,0,13.13,0.00,100.00,1,-13,6,-1,0,STAT,60,LAT,LON,W,CRC
10/07/25 07:01:57,9.05,179.01,17.07,15.91,2.25,462.00,8.60,83.80,1016.00,2.76,5.60,5.89,21.90,0.43,0,13.13,0.00,90.32,1,-12,7,0,0,STAT,60,LAT,LON,W,CRC
10/07/25 07:02:55,9.05,177.61,17.31,15.40,3.23,462.00,8.60,84.00,1016.00,2.96,5.13,5.23,24.10,0.40,0,13.16,0.00,77.42,1,-12,5,0,0,STAT,60,LAT,LON,W,CRC
10/07/25 07:03:59,9.05,179.21,16.87,15.38,3.85,462.00,8.60,83.90,1016.00,3.63,5.82,6.26,26.50,0.39,0,13.16,0.00,80.65,1,-13,7,0,-1,STAT,60,LAT,LON,W,CRC
10/07/25 07:04:55,9.04,179.89,16.91,13.83,5.12,462.00,8.60,83.80,1016.00,4.43,6.39,7.00,25.30,0.38,0,13.16,0.00,70.97,1,-13,6,-1,0,STAT,60,LAT,LON,W,CRC
10/07/25 07:05:59,9.03,179.02,16.93,15.37,3.52,462.00,8.60,83.90,1016.00,4.23,6.12,6.45,23.80,0.46,0,13.16,0.00,77.42,1,-14,6,0,0,STAT,60,LAT,LON,W,CRC
10/07/25 07:06:58,9.01,176.61,16.89,16.26,2.68,462.00,8.60,84.20,1016.00,4.25,6.45,6.77,18.30,0.50,0,13.13,0.00,119.35,1,-13,6,0,0,STAT,60,LAT,LON,W,CRC
10/07/25 07:07:56,8.98,178.46,17.28,15.22,3.35,462.21,8.60,84.40,1016.00,4.68,6.73,6.91,18.80,0.55,0,13.13,0.00,77.42,1,-13,6,0,-1,STAT,60,LAT,LON,W,CRC
10/07/25 07:08:59,8.96,176.41,17.00,15.58,3.65,462.69,8.60,84.60,1016.00,5.09,6.75,7.29,24.30,0.52,0,13.13,0.00,83.87,1,-12,6,-1,0,STAT,60,LAT,LON,W,CRC
10/07/25 07:09:57,8.96,175.60,17.36,14.98,4.76,462.88,8.60,84.60,1016.00,5.56,7.56,7.74,31.30,0.43,0,13.16,0.00,77.42,1,-12,6,0,0,STAT,60,LAT,LON,W,CRC
10/07/25 07:11:00,8.96,179.45,16.72,15.70,3.80,462.96,8.60,84.60,1016.00,5.82,8.27,8.60,45.00,0.46,0,13.13,0.00,77.42,1,-13,7,0,0,STAT,60,LAT,LON,W,CRC
10/07/25 07:11:58,8.95,180.99,16.49,16.19,3.99,463.21,8.60,84.90,1016.00,5.69,8.45,8.56,45.30,0.51,0,13.13,0.00,87.10,1,-14,7,0,0,STAT,60,LAT,LON,W,CRC
10/07/25 07:13:01,8.95,180.28,16.96,15.23,3.92,463.81,8.60,84.90,1016.00,5.61,7.50,7.68,48.20,0.47,0,13.13,0.00,70.97,1,-12,5,-1,0,STAT,60,LAT,LON,W,CRC
10/07/25 07:13:57,8.95,180.70,17.12,16.00,2.49,464.89,8.60,84.90,1016.00,5.96,7.77,7.84,28.60,0.37,0,13.13,0.00,74.19,1,-13,5,-1,0,STAT,60,LAT,LON,W,CRC
10/07/25 07:15:01,8.95,178.28,17.27,15.24,3.50,467.11,8.60,84.90,1016.00,5.91,8.34,8.43,27.10,0.46,0,13.16,0.00,70.97,1,-11,5,-1,0,STAT,60,LAT,LON,W,CRC
10/07/25 07:15:58,8.95,176.97,17.58,14.77,2.93,468.28,8.50,84.90,1016.00,6.29,8.34,8.54,25.00,0.38,0,13.13,0.00,90.32,1,-13,6,-1,0,STAT,60,LAT,LON,W,CRC
10/07/25 07:17:01,8.95,180.40,18.88,15.48,2.06,468.75,8.50,85.00,1016.00,6.31,8.97,9.04,27.50,0.37,0,13.16,0.00,77.42,1,-15,4,0,-1,STAT,60,LAT,LON,W,CRC
10/07/25 07:17:59,8.95,180.38,18.33,15.64,2.72,468.90,8.50,85.00,1016.00,6.04,8.05,8.08,27.60,0.43,0,13.13,0.00,77.42,1,-13,4,0,0,STAT,60,LAT,LON,W,CRC
10/07/25 07:19:02,8.95,182.53,17.06,15.41,2.64,468.97,8.50,85.00,1016.00,6.22,7.94,7.95,27.60,0.46,0,13.13,0.00,77.42,1,-12,6,0,0,STAT,60,LAT,LON,W,CRC
10/07/25 07:19:59,8.95,185.85,17.39,14.57,3.54,469.28,8.50,84.90,1016.00,7.14,9.03,9.03,24.60,0.42,0,13.13,0.00,83.87,1,-12,6,-1,0,STAT,60,LAT,LON,W,CRC
10/07/25 07:20:57,8.95,191.72,17.16,14.15,4.32,469.72,8.50,85.00,1016.00,7.68,9.58,10.23,27.00,0.35,0,13.13,0.00,77.42,1,-12,6,-1,-1,STAT,60,LAT,LON,W,CRC
10/07/25 07:22:00,8.95,191.50,17.12,14.78,3.36,469.90,8.50,85.20,1016.00,7.57,10.05,10.61,39.50,0.36,0,13.13,0.00,90.32,1,-12,6,0,-1,STAT,60,LAT,LON,W,CRC
10/07/25 07:22:58,8.94,188.55,17.71,15.53,2.78,469.96,8.50,85.30,1016.00,8.17,9.92,10.35,37.40,0.36,0,13.16,0.00,80.65,1,-11,5,0,-1,STAT,60,LAT,LON,W,CRC
10/07/25 07:24:00,8.93,187.40,17.84,15.53,2.94,470.57,8.50,85.50,1016.00,8.36,10.51,10.67,42.40,0.39,0,13.13,0.00,77.42,1,-11,4,-1,0,STAT,60,LAT,LON,W,CRC
10/07/25 07:24:57,8.93,185.33,16.70,14.14,4.52,470.83,8.50,85.50,1016.00,7.95,10.13,10.32,43.40,0.41,0,13.16,0.00,77.42,1,-11,6,-1,0,STAT,60,LAT,LON,W,CRC
10/07/25 07:26:00,8.92,185.73,17.50,15.35,2.96,470.94,8.50,85.70,1016.00,9.01,11.04,11.61,41.10,0.38,0,13.16,0.00,74.19,1,-11,6,-1,0,STAT,60,LAT,LON,W,CRC
10/07/25 07:27:09,8.89,189.52,16.91,15.40,2.17,470.98,8.50,85.60,1016.00,9.74,11.93,12.34,41.20,0.43,0,13.13,0.00,90.32,1,-11,6,-1,0,STAT,60,LAT,LON,W,CRC
10/07/25 07:28:01,8.87,188.09,17.60,14.84,2.87,470.99,8.50,85.60,1016.00,9.96,12.58,12.78,37.20,0.36,0,13.13,0.00,77.42,1,-11,5,-1,-1,STAT,60,LAT,LON,W,CRC
10/07/25 07:28:58,8.86,191.15,17.94,15.24,3.06,471.00,8.50,85.60,1016.00,10.14,12.76,12.83,31.60,0.37,0,13.13,0.00,77.42,1,-12,4,-1,-1,STAT,60,LAT,LON,W,CRC
10/07/25 07:30:00,8.86,191.67,17.50,14.98,3.16,470.73,8.50,85.60,1016.00,10.53,13.23,13.42,35.40,0.33,0,13.13,0.00,74.19,1,-12,4,-1,-1,STAT,60,LAT,LON,W,CRC
10/07/25 07:31:02,8.85,193.29,17.15,15.33,2.94,470.83,8.50,85.60,1016.00,11.90,14.07,14.33,45.80,0.40,0,13.13,0.00,87.10,1,-11,5,0,-1,STAT,60,LAT,LON,W,CRC
10/07/25 07:31:59,8.85,193.19,17.33,15.25,3.00,470.94,8.50,85.70,1016.00,12.94,15.01,15.34,46.40,0.46,0,13.13,0.00,90.32,1,-11,5,0,0,STAT,60,LAT,LON,W,CRC
10/07/25 07:33:02,8.85,193.93,17.94,15.53,2.73,470.98,8.50,85.80,1016.00,12.80,14.37,14.49,37.80,0.45,0,13.16,0.00,77.42,1,-12,4,0,0,STAT,60,LAT,LON,W,CRC
10/07/25 07:33:58,8.85,196.63,17.08,15.65,2.79,470.99,8.50,85.70,1016.00,13.34,14.78,14.82,34.60,0.42,0,13.13,0.00,125.81,1,-13,5,-1,0,STAT,60,LAT,LON,W,CRC
10/07/25 07:35:01,8.85,203.52,18.82,15.69,3.75,471.00,8.50,85.90,1016.00,15.23,16.74,16.83,33.20,0.48,0,13.16,0.00,77.42,1,-11,5,-1,0,STAT,60,LAT,LON,W,CRC
10/07/25 07:35:59,8.85,208.03,19.74,14.84,4.29,471.00,8.50,85.90,1016.00,14.95,17.02,17.12,24.90,0.39,0,13.13,0.00,74.19,1,-12,3,-1,0,STAT,60,LAT,LON,W,CRC
10/07/25 07:37:01,8.85,212.25,18.68,16.00,2.71,471.00,8.50,85.80,1016.00,14.68,17.11,17.14,21.70,0.40,0,13.16,0.00,74.19,1,-11,4,0,0,STAT,60,LAT,LON,W,CRC
10/07/25 07:37:58,8.85,211.50,19.51,15.23,3.47,471.00,8.50,85.80,1016.00,14.52,17.21,17.23,27.10,0.33,0,13.16,0.00,70.97,1,-11,4,-1,0,STAT,60,LAT,LON,W,CRC
10/07/25 07:39:01,8.85,214.29,18.65,15.79,2.19,471.35,8.50,85.80,1016.00,15.33,17.46,17.90,26.10,0.42,0,13.13,0.00,77.42,1,-9,5,-1,-1,STAT,60,LAT,LON,W,CRC
10/07/25 07:40:03,8.85,219.64,17.78,15.93,2.40,472.00,8.50,85.80,1016.00,14.23,16.66,16.82,28.20,0.33,0,13.16,0.00,77.42,1,-10,6,-1,0,STAT,60,LAT,LON,W,CRC
10/07/25 07:41:01,8.85,215.69,17.37,15.25,2.85,472.39,8.50,85.80,1016.00,13.97,16.09,16.15,20.30,0.26,0,13.13,0.00,90.32,1,-10,7,-1,0,STAT,60,LAT,LON,W,CRC
10/07/25 07:41:57,8.85,213.16,18.50,14.75,4.45,472.77,8.50,85.80,1016.00,13.17,15.09,15.40,26.90,0.31,0,13.13,0.00,90.32,1,-12,4,-1,0,STAT,60,LAT,LON,W,CRC
10/07/25 07:43:00,8.85,209.82,18.01,14.63,3.38,473.37,8.50,85.80,1016.00,11.29,13.58,13.69,28.40,0.32,0,13.13,0.00,77.42,1,-12,5,-1,-1,STAT,60,LAT,LON,W,CRC
10/07/25 07:43:57,8.85,205.32,17.94,15.27,2.66,474.34,8.50,85.90,1016.00,10.08,12.10,12.14,24.50,0.39,0,13.13,0.00,74.19,1,-10,5,-1,-1,STAT,60,LAT,LON,W,CRC
10/07/25 07:44:59,8.85,199.00,17.77,13.87,3.97,474.36,8.40,85.80,1016.00,8.33,10.26,10.28,24.20,0.40,0,13.16,0.00,77.42,1,-11,5,-2,-1,STAT,60,LAT,LON,W,CRC
10/07/25 07:45:57,8.84,196.54,18.04,13.53,4.46,474.14,8.50,85.70,1016.00,7.46,9.59,9.60,24.50,0.44,0,13.13,0.00,77.42,1,-12,5,-2,0,STAT,60,LAT,LON,W,CRC
10/07/25 07:47:00,8.83,191.87,17.60,13.95,2.71,473.97,8.50,85.80,1016.00,6.62,8.72,8.73,23.30,0.36,0,13.13,0.00,90.32,1,-11,5,-1,-1,STAT,60,LAT,LON,W,CRC
10/07/25 07:48:01,8.82,201.03,18.33,13.61,3.35,473.37,8.40,85.80,1016.00,4.83,7.47,7.64,24.30,0.49,0,13.13,0.00,106.45,1,-9,5,-1,-1,STAT,60,LAT,LON,W,CRC
10/07/25 07:49:04,8.80,200.79,17.32,15.01,2.11,473.13,8.40,85.70,1016.00,4.10,6.42,6.48,26.70,0.45,0,13.13,0.00,87.10,1,-10,5,0,-1,STAT,60,LAT,LON,W,CRC
10/07/25 07:50:02,8.77,194.55,17.53,14.49,2.83,473.05,8.40,85.70,1016.00,3.23,5.16,5.18,25.20,0.49,0,13.13,0.00,77.42,1,-9,6,-1,-1,STAT,60,LAT,LON,W,CRC
10/07/25 07:51:05,8.76,192.39,17.00,13.80,3.68,472.93,8.40,85.80,1016.00,2.65,4.74,4.75,27.70,0.48,0,13.13,0.00,70.97,1,-11,6,-1,-1,STAT,60,LAT,LON,W,CRC
10/07/25 07:52:03,8.76,190.26,17.68,14.22,3.54,472.97,8.40,85.90,1016.00,2.36,4.31,4.31,25.30,0.52,0,13.13,0.00,77.42,1,-12,5,-1,-1,STAT,60,LAT,LON,W,CRC
10/07/25 07:53:00,8.75,183.38,17.83,14.43,3.86,472.99,8.40,86.00,1016.00,2.49,3.90,4.65,27.50,0.59,0,13.13,0.00,77.42,1,-10,5,-1,0,STAT,60,LAT,LON,W,CRC
10/07/25 07:54:03,8.75,178.40,17.24,14.74,2.76,473.29,8.40,86.00,1016.00,2.25,4.26,5.18,26.00,0.54,0,13.13,0.00,132.26,1,-11,5,-1,-1,STAT,60,LAT,LON,W,CRC
10/07/25 07:55:05,8.75,175.13,16.37,14.44,2.90,473.75,8.40,85.90,1016.00,2.18,4.22,4.70,29.40,0.56,0,13.13,0.00,74.19,1,-10,6,-2,-1,STAT,60,LAT,LON,W,CRC
10/07/25 07:56:02,8.75,172.39,17.03,15.96,1.76,473.90,8.40,85.80,1016.00,2.02,3.46,3.63,30.70,0.47,0,13.13,0.00,77.42,1,-9,6,-1,-1,STAT,60,LAT,LON,W,CRC
10/07/25 07:57:05,8.75,172.65,16.17,16.03,2.10,473.32,8.40,85.70,1016.00,2.01,3.08,3.13,27.00,0.40,0,13.13,0.00,83.87,1,-9,7,-1,-1,STAT,60,LAT,LON,W,CRC
10/07/25 07:58:02,8.75,171.56,17.04,15.87,1.98,472.77,8.40,85.70,1016.00,1.94,3.23,3.43,21.30,0.39,0,13.13,0.00,77.42,1,-11,5,-1,0,STAT,60,LAT,LON,W,CRC
10/07/25 07:59:05,8.75,170.12,16.70,15.73,2.82,471.62,8.40,85.70,1016.00,1.87,2.92,3.00,24.70,0.45,0,13.13,0.00,77.42,1,-11,5,-1,0,STAT,60,LAT,LON,W,CRC
10/07/25 08:00:03,8.75,167.67,17.37,14.38,3.63,470.54,8.40,85.60,1016.00,1.68,2.81,2.91,25.70,0.39,0,13.13,0.00,70.97,1,-11,5,-1,0,STAT,60,LAT,LON,W,CRC
10/07/25 08:00:59,8.75,167.65,17.21,14.45,4.23,469.59,8.40,85.60,1016.00,2.06,4.53,4.91,21.70,0.33,0,13.13,0.00,74.19,1,-12,5,-1,0,STAT,60,LAT,LON,W,CRC
10/07/25 08:02:03,8.74,167.44,17.34,14.66,4.05,469.21,8.40,85.60,1016.00,2.02,3.82,4.29,21.90,0.43,0,13.13,0.00,70.97,1,-13,5,0,0,STAT,60,LAT,LON,W,CRC
10/07/25 08:03:00,8.73,166.90,17.22,14.22,3.92,468.50,8.40,85.60,1016.00,1.83,3.96,4.35,27.30,0.49,0,13.13,0.00,83.87,1,-11,6,-1,-1,STAT,60,LAT,LON,W,CRC
10/07/25 08:04:02,8.72,164.42,17.22,13.79,3.51,468.18,8.40,85.60,1016.00,1.61,3.19,3.49,25.30,0.43,0,13.13,0.00,74.19,1,-11,6,0,-1,STAT,60,LAT,LON,W,CRC
10/07/25 08:04:59,8.71,163.63,16.94,13.78,3.15,468.65,8.30,85.60,1016.00,1.46,2.87,3.85,27.60,0.55,0,13.13,0.00,116.13,1,-11,6,-1,0,STAT,60,LAT,LON,W,CRC
10/07/25 08:06:02,8.69,162.52,17.81,14.15,3.72,468.88,8.40,85.50,1016.00,1.16,2.22,2.57,28.10,0.55,0,13.13,0.00,77.42,1,-11,5,-1,0,STAT,60,LAT,LON,W,CRC
10/07/25 08:07:03,8.66,164.91,18.38,14.31,4.04,468.36,8.30,85.40,1016.00,1.69,3.25,3.36,28.20,0.41,0,13.13,0.00,90.32,1,-12,4,-1,-1,STAT,60,LAT,LON,W,CRC
10/07/25 08:08:03,8.66,166.50,18.39,15.74,3.64,468.14,8.40,85.60,1016.00,1.60,3.19,3.40,45.00,0.50,0,13.13,0.00,77.42,1,-10,4,-1,0,STAT,60,LAT,LON,W,CRC
10/07/25 08:09:01,8.65,168.24,17.30,14.27,4.13,468.05,8.40,85.60,1016.00,1.82,3.83,3.90,47.10,0.50,0,13.13,0.00,74.19,1,-13,5,-1,0,STAT,60,LAT,LON,W,CRC
10/07/25 08:10:04,8.65,168.34,18.15,13.45,4.57,468.10,8.40,85.50,1016.00,1.64,3.10,3.27,47.10,0.45,0,13.13,0.00,90.32,1,-12,5,-1,-1,STAT,60,LAT,LON,W,CRC
10/07/25 08:11:06,8.65,167.84,18.01,14.00,3.44,468.65,8.30,85.70,1016.00,1.84,2.82,3.01,51.80,0.48,0,13.13,0.00,77.42,1,-12,5,0,-1,STAT,60,LAT,LON,W,CRC
10/07/25 08:12:04,8.65,170.42,16.96,13.98,4.36,468.86,8.30,85.70,1016.00,1.71,2.75,3.11,45.30,0.41,0,13.13,0.00,77.42,1,-13,6,-1,-1,STAT,60,LAT,LON,W,CRC
10/07/25 08:13:02,8.65,165.10,17.69,14.11,4.30,468.50,8.30,85.90,1016.00,1.48,2.51,3.08,38.80,0.46,0,13.13,0.00,77.42,1,-11,5,-1,-1,STAT,60,LAT,LON,W,CRC
10/07/25 08:14:04,8.65,164.40,16.85,12.83,4.78,468.18,8.30,85.90,1016.00,1.40,2.76,2.96,22.90,0.35,0,13.13,0.00,96.77,1,-12,7,-1,-1,STAT,60,LAT,LON,W,CRC
10/07/25 08:15:01,8.65,161.71,16.94,13.18,3.73,468.15,8.30,85.80,1016.00,1.66,2.88,2.96,24.20,0.35,0,13.13,0.00,74.19,1,-11,6,-1,-1,STAT,60,LAT,LON,W,CRC
10/07/25 08:16:03,8.65,160.85,16.90,13.35,3.84,468.67,8.30,85.80,1016.00,1.37,2.48,2.51,25.00,0.35,0,13.13,0.00,70.97,1,-9,6,-1,-1,STAT,60,LAT,LON,W,CRC
10/07/25 08:17:05,8.65,162.56,16.66,14.41,2.03,468.88,8.30,85.70,1016.00,1.46,3.29,3.30,24.90,0.36,0,13.13,0.00,74.19,1,-11,6,-1,-2,STAT,60,LAT,LON,W,CRC
10/07/25 08:18:02,8.65,162.92,16.16,13.84,2.44,468.96,8.30,85.70,1016.00,1.55,2.84,2.85,33.00,0.43,0,13.13,0.00,74.19,1,-11,7,-1,-1,STAT,60,LAT,LON,W,CRC
10/07/25 08:19:04,8.65,161.04,17.28,12.52,4.84,468.98,8.30,85.60,1016.00,1.25,2.39,2.39,27.00,0.49,0,13.13,0.00,77.42,1,-11,6,0,0,STAT,60,LAT,LON,W,CRC
10/07/25 08:20:01,8.65,161.65,17.63,13.50,3.54,468.99,8.30,85.60,1016.00,1.13,2.91,2.91,26.00,0.52,0,13.13,0.00,77.42,1,-10,5,0,0,STAT,60,LAT,LON,W,CRC
10/07/25 08:21:02,8.65,162.95,17.18,14.14,2.52,469.00,8.30,85.50,1016.00,1.05,2.37,2.58,27.80,0.38,0,13.13,0.00,119.35,1,-10,6,0,-1,STAT,60,LAT,LON,W,CRC
10/07/25 08:22:04,8.65,166.08,18.40,13.84,3.13,469.00,8.30,85.40,1016.00,1.17,2.22,2.41,31.00,0.45,0,13.13,0.00,106.45,1,-11,4,0,-1,STAT,60,LAT,LON,W,CRC
10/07/25 08:23:01,8.65,167.79,17.52,13.98,2.80,469.00,8.30,85.30,1016.00,1.27,2.43,2.74,32.90,0.37,0,13.13,0.00,77.42,1,-11,5,0,-1,STAT,60,LAT,LON,W,CRC
10/07/25 08:24:04,8.65,167.73,17.87,15.41,1.71,469.00,8.30,85.20,1016.00,1.19,2.58,3.14,31.60,0.41,0,13.13,0.00,70.97,1,-8,5,-1,-1,STAT,60,LAT,LON,W,CRC
10/07/25 08:25:05,8.65,169.25,18.08,14.22,2.94,469.00,8.30,85.10,1016.00,1.05,2.50,2.84,28.50,0.40,0,13.13,0.00,70.97,1,-10,4,-1,-1,STAT,60,LAT,LON,W,CRC
10/07/25 08:26:03,8.65,171.03,16.86,15.43,2.13,469.00,8.30,85.20,1016.00,1.29,2.51,2.63,29.50,0.37,0,13.13,0.00,70.97,1,-10,5,0,-1,STAT,60,LAT,LON,W,CRC
10/07/25 08:27:01,8.65,169.95,17.79,14.07,3.85,469.00,8.30,85.20,1016.00,1.44,2.53,2.72,43.70,0.39,0,13.13,0.00,106.45,1,-11,4,0,-1,STAT,60,LAT,LON,W,CRC
10/07/25 08:28:07,8.65,169.22,17.58,14.39,2.50,469.00,8.20,85.10,1016.00,1.23,2.32,2.68,31.30,0.44,0,13.13,0.00,74.19,1,-11,5,0,-1,STAT,60,LAT,LON,W,CRC
10/07/25 08:29:03,8.65,167.18,18.01,12.93,3.89,468.65,8.20,85.00,1016.00,1.18,2.44,2.56,27.60,0.45,0,13.13,0.00,77.42,1,-11,4,-1,-1,STAT,60,LAT,LON,W,CRC
10/07/25 08:30:06,8.65,162.82,16.61,12.62,3.38,468.23,8.20,84.90,1016.00,1.46,2.38,2.49,24.10,0.41,0,13.13,0.00,74.19,1,-10,7,-1,-1,STAT,60,LAT,LON,W,CRC
10/07/25 08:31:08,8.65,160.27,16.61,13.66,2.67,467.38,8.20,84.90,1016.00,1.18,2.28,2.32,22.10,0.41,0,13.13,0.00,77.42,1,-10,6,-1,-1,STAT,60,LAT,LON,W,CRC
10/07/25 08:32:05,8.65,162.23,17.26,12.64,4.27,466.53,8.20,85.00,1016.00,1.06,2.19,2.20,26.30,0.46,0,13.13,0.00,77.42,1,-12,5,-1,0,STAT,60,LAT,LON,W,CRC
10/07/25 08:33:08,8.65,161.48,16.70,14.33,2.12,466.83,8.20,85.00,1016.00,1.15,2.24,2.29,28.10,0.41,0,13.13,0.00,77.42,1,-9,5,0,-1,STAT,60,LAT,LON,W,CRC
10/07/25 08:34:05,8.65,162.37,16.98,13.40,3.62,466.94,8.20,84.80,1016.00,1.12,2.16,2.18,24.70,0.37,0,13.13,0.00,90.32,1,-10,5,-1,-1,STAT,60,LAT,LON,W,CRC
10/07/25 08:35:06,8.65,163.26,17.62,14.00,4.17,466.98,8.20,84.70,1016.00,1.04,2.42,2.44,29.60,0.42,0,13.13,0.00,90.32,1,-10,5,-2,0,STAT,60,LAT,LON,W,CRC
10/07/25 08:36:05,8.65,163.20,18.46,13.68,2.95,466.99,8.20,84.60,1016.00,1.12,2.79,2.96,23.60,0.39,0,13.13,0.00,77.42,1,-11,4,-1,-1,STAT,60,LAT,LON,W,CRC
10/07/25 08:37:07,8.64,163.85,18.85,14.11,2.05,466.42,8.20,84.50,1016.00,1.01,2.27,2.52,28.80,0.43,0,13.13,0.00,70.97,1,-11,4,-1,-2,STAT,60,LAT,LON,W,CRC
10/07/25 08:38:04,8.63,166.58,18.69,14.16,3.62,466.16,8.20,84.60,1016.00,1.18,2.38,2.46,21.40,0.57,0,13.13,0.00,77.42,1,-11,4,0,-1,STAT,60,LAT,LON,W,CRC
10/07/25 08:39:06,8.63,168.71,17.84,14.73,3.40,466.06,8.20,84.50,1016.00,1.41,2.71,2.74,27.50,0.50,0,13.13,0.00,83.87,1,-10,4,-1,-1,STAT,60,LAT,LON,W,CRC
10/07/25 08:40:04,8.62,168.80,16.54,13.68,3.49,466.02,8.20,84.40,1016.00,1.16,2.13,2.14,28.10,0.49,0,13.13,0.00,74.19,1,-10,6,-1,-1,STAT,60,LAT,LON,W,CRC
10/07/25 08:41:07,8.60,169.26,17.09,14.63,2.70,466.01,8.20,84.20,1016.00,1.21,2.08,2.08,24.30,0.57,0,13.13,0.00,129.03,1,-10,5,0,-1,STAT,60,LAT,LON,W,CRC
10/07/25 08:42:05,8.57,166.82,18.13,14.24,3.12,466.00,8.20,84.00,1016.00,1.10,1.69,1.78,24.20,0.54,0,13.13,0.00,77.42,1,-9,4,0,-1,STAT,60,LAT,LON,W,CRC
10/07/25 08:43:07,8.56,166.67,17.70,13.48,4.38,465.50,8.20,83.90,1016.00,1.47,2.34,2.45,26.20,0.64,0,13.13,0.00,90.32,1,-10,4,0,-1,STAT,60,LAT,LON,W,CRC
10/07/25 08:44:05,8.55,164.95,17.55,13.82,3.34,464.79,8.20,84.00,1016.00,1.42,2.89,2.93,28.20,0.50,0,13.13,0.00,74.19,1,-9,4,-1,-1,STAT,60,LAT,LON,W,CRC
10/07/25 08:45:07,8.55,165.68,17.49,13.86,2.74,463.82,8.10,84.10,1016.00,1.15,2.40,2.56,27.10,0.54,0,13.13,0.00,77.42,1,-9,5,-1,-1,STAT,60,LAT,LON,W,CRC
10/07/25 08:46:03,8.55,167.18,17.83,13.60,3.12,463.93,8.10,84.10,1016.00,1.22,2.33,2.41,23.30,0.60,0,13.13,0.00,90.32,1,-9,5,-1,-1,STAT,60,LAT,LON,W,CRC
10/07/25 08:47:06,8.55,168.75,18.20,13.51,3.46,463.98,8.10,83.80,1016.00,1.22,2.31,2.34,23.40,0.71,0,13.13,0.00,74.19,1,-9,4,-2,-1,STAT,60,LAT,LON,W,CRC
10/07/25 08:48:04,8.55,172.81,18.01,13.94,3.68,463.37,8.10,83.80,1016.00,1.17,1.96,2.19,26.30,0.65,0,13.13,0.00,74.19,1,-10,4,-1,-1,STAT,60,LAT,LON,W,CRC
10/07/25 08:49:07,8.55,174.98,18.48,13.44,3.54,463.13,8.10,83.80,1016.00,1.21,2.54,2.62,26.10,0.59,0,13.13,0.00,112.90,1,-12,4,-2,-1,STAT,60,LAT,LON,W,CRC
10/07/25 08:50:04,8.55,175.56,18.76,13.02,4.92,463.05,8.10,83.80,1016.00,1.35,2.34,2.53,16.70,0.52,0,13.13,0.00,77.42,1,-10,3,-1,0,STAT,60,LAT,LON,W,CRC
10/07/25 08:51:07,8.55,172.48,17.43,13.44,3.64,463.02,8.10,83.90,1016.00,1.44,2.42,2.79,13.10,0.41,0,13.13,0.00,77.42,1,-10,6,-1,-1,STAT,60,LAT,LON,W,CRC
10/07/25 08:52:04,8.55,174.26,18.76,12.21,4.90,463.01,8.10,83.90,1016.00,1.27,2.36,2.84,8.10,0.42,0,13.13,0.00,74.19,1,-9,5,0,-1,STAT,60,LAT,LON,W,CRC
10/07/25 08:53:06,8.55,176.45,18.44,13.89,3.09,463.46,8.10,84.00,1016.00,1.09,1.92,2.09,17.50,0.49,0,13.13,0.00,77.42,1,-10,4,-1,-1,STAT,60,LAT,LON,W,CRC
10/07/25 08:54:09,8.54,176.59,18.33,13.02,4.20,463.81,8.10,84.00,1016.00,1.14,2.31,2.37,19.60,0.45,0,13.13,0.00,77.42,1,-9,5,-1,-1,STAT,60,LAT,LON,W,CRC
10/07/25 08:55:06,8.53,175.02,17.91,13.22,3.79,463.93,8.10,84.00,1016.00,1.01,1.98,2.00,17.70,0.35,0,13.13,0.00,77.42,1,-8,5,-1,0,STAT,60,LAT,LON,W,CRC
10/07/25 08:56:09,8.51,179.18,17.84,13.91,3.69,463.97,8.10,84.00,1016.00,1.20,1.99,2.28,22.80,0.48,0,13.13,0.00,83.87,1,-8,5,-1,0,STAT,60,LAT,LON,W,CRC
10/07/25 08:57:05,8.48,183.44,17.62,15.23,3.09,463.99,8.10,84.10,1016.00,1.18,2.83,2.93,21.40,0.52,0,13.13,0.00,77.42,1,-9,6,0,0,STAT,60,LAT,LON,W,CRC
10/07/25 08:58:08,8.46,188.42,17.46,14.90,3.43,464.40,8.10,84.20,1016.00,1.04,2.35,2.38,17.00,0.50,0,13.13,0.00,77.42,1,-9,5,0,0,STAT,60,LAT,LON,W,CRC
10/07/25 08:59:06,8.45,192.07,17.00,14.17,3.95,464.77,8.10,84.20,1016.00,1.07,2.29,2.31,20.40,0.50,0,13.13,0.00,70.97,1,-8,5,0,-1,STAT,60,LAT,LON,W,CRC
10/07/25 09:00:09,8.45,192.72,17.79,13.66,3.76,464.92,8.10,84.20,1016.00,1.37,2.40,2.51,22.40,0.45,0,13.13,0.00,77.42,1,-7,5,-1,-1,STAT,60,LAT,LON,W,CRC
10/07/25 09:01:06,8.45,196.99,18.33,14.75,2.44,464.97,8.10,84.20,1016.00,1.22,2.21,2.27,20.40,0.39,0,13.13,0.00,116.13,1,-8,5,0,-1,STAT,60,LAT,LON,W,CRC
10/07/25 09:02:09,8.45,203.71,18.18,14.97,2.53,464.99,8.10,84.10,1016.00,1.46,2.43,2.45,23.30,0.32,0,13.13,0.00,77.42,1,-9,5,0,-1,STAT,60,LAT,LON,W,CRC
10/07/25 09:03:06,8.45,209.30,18.86,14.25,3.64,465.00,8.10,84.00,1016.00,1.39,2.53,2.54,19.80,0.30,0,13.13,0.00,74.19,1,-9,4,-1,-1,STAT,60,LAT,LON,W,CRC
10/07/25 09:04:08,8.45,215.18,18.56,14.52,3.45,465.00,8.10,84.00,1016.00,1.28,1.97,2.19,34.70,0.35,0,13.13,0.00,112.90,1,-8,4,-1,-1,STAT,60,LAT,LON,W,CRC
10/07/25 09:05:05,8.45,215.02,18.32,15.03,3.76,464.77,8.10,84.00,1016.00,1.16,1.99,2.09,32.50,0.35,0,13.13,0.00,77.42,1,-9,4,0,-1,STAT,60,LAT,LON,W,CRC
10/07/25 09:06:08,8.45,214.59,18.40,15.68,2.74,464.27,8.10,83.90,1016.00,1.42,2.22,2.25,22.20,0.35,0,13.13,0.00,87.10,1,-9,3,0,-1,STAT,60,LAT,LON,W,CRC
10/07/25 09:07:06,8.44,211.25,17.58,14.11,4.22,464.10,8.10,84.00,1016.00,1.32,2.71,2.72,12.60,0.47,0,13.13,0.00,74.19,1,-10,4,-1,-1,STAT,60,LAT,LON,W,CRC
10/07/25 09:08:10,8.43,209.39,17.70,15.55,3.01,463.46,8.10,84.30,1016.00,1.38,2.67,2.67,24.30,0.56,0,13.13,0.00,138.71,1,-10,5,-1,-1,STAT,60,LAT,LON,W,CRC
10/07/25 09:09:07,8.43,207.07,18.29,15.94,3.81,462.88,8.10,84.20,1016.00,1.41,2.62,2.62,28.90,0.47,0,13.13,0.00,87.10,1,-9,3,-1,0,STAT,60,LAT,LON,W,CRC
10/07/25 09:10:09,8.43,201.52,17.87,14.34,4.64,462.89,8.10,84.30,1016.00,1.48,2.41,2.41,25.90,0.37,0,13.13,0.00,90.32,1,-8,4,-1,-1,STAT,60,LAT,LON,W,CRC
10/07/25 09:11:07,8.42,196.01,17.57,13.24,4.23,463.87,8.10,84.70,1016.00,1.36,2.51,2.51,24.60,0.40,0,13.13,0.00,74.19,1,-8,4,-1,-1,STAT,60,LAT,LON,W,CRC
10/07/25 09:12:09,8.41,191.99,18.05,13.79,3.59,467.05,8.10,85.20,1016.00,1.43,2.77,2.77,26.50,0.62,0,13.13,0.00,70.97,1,-9,5,-1,-1,STAT,60,LAT,LON,W,CRC
10/07/25 09:13:06,8.39,194.48,18.10,13.58,3.20,470.40,8.00,85.40,1016.00,1.37,2.34,2.63,25.00,0.66,0,13.13,0.00,74.19,1,-10,4,-2,-1,STAT,60,LAT,LON,W,CRC
10/07/25 09:14:09,8.38,200.82,18.58,13.69,3.64,472.73,8.00,85.30,1016.00,1.36,2.23,2.37,28.40,0.73,0,13.13,0.00,77.42,1,-9,3,-1,-1,STAT,60,LAT,LON,W,CRC
10/07/25 09:15:06,8.36,205.08,17.23,13.27,4.94,473.51,8.00,85.10,1016.00,1.31,2.29,2.47,26.20,0.57,0,13.13,0.00,77.42,1,-10,5,-1,0,STAT,60,LAT,LON,W,CRC
10/07/25 09:16:09,8.35,205.57,17.03,13.64,4.07,473.67,8.00,85.00,1016.00,1.14,2.00,2.06,18.90,0.44,0,13.13,0.00,83.87,1,-9,5,-1,-1,STAT,60,LAT,LON,W,CRC
10/07/25 09:17:06,8.35,209.14,17.61,14.74,3.50,472.90,8.00,85.10,1016.00,1.25,2.10,2.29,42.10,0.44,0,13.13,0.00,96.77,1,-9,4,-1,0,STAT,60,LAT,LON,W,CRC
10/07/25 09:18:08,8.35,211.87,17.94,14.97,3.93,471.91,8.00,85.30,1016.00,1.31,2.34,2.40,50.40,0.50,0,13.13,0.00,90.32,1,-9,4,0,-1,STAT,60,LAT,LON,W,CRC
10/07/25 09:19:10,8.35,215.85,18.18,14.81,3.88,471.32,8.10,85.60,1016.00,1.31,1.93,1.96,51.40,0.51,0,13.13,0.00,83.87,1,-7,4,0,-1,STAT,60,LAT,LON,W,CRC
10/07/25 09:20:07,8.35,215.45,18.00,13.38,4.45,471.28,8.10,85.70,1016.00,0.80,1.65,2.19,36.20,0.49,0,13.13,0.00,90.32,1,-9,5,-1,-1,STAT,60,LAT,LON,W,CRC
10/07/25 09:21:10,8.35,221.17,18.34,13.99,3.07,471.75,8.10,85.50,1016.00,0.93,1.88,2.26,27.20,0.41,0,13.13,0.00,74.19,1,-10,5,-1,-1,STAT,60,LAT,LON,W,CRC
10/07/25 09:22:08,8.35,224.42,18.21,14.59,3.17,471.51,8.10,85.40,1015.00,1.05,2.05,2.40,24.60,0.38,0,13.13,0.00,87.10,1,-9,5,-1,-1,STAT,60,LAT,LON,W,CRC
10/07/25 09:23:10,8.35,229.55,17.48,14.11,4.26,471.18,8.00,85.50,1015.00,0.97,2.08,2.20,27.50,0.38,0,13.13,0.00,83.87,1,-9,6,-1,-1,STAT,60,LAT,LON,W,CRC
10/07/25 09:24:07,8.35,234.13,17.81,14.89,2.33,470.49,8.00,85.50,1015.00,1.02,2.34,2.38,23.90,0.49,0,13.13,0.00,74.19,1,-9,5,-1,-1,STAT,60,LAT,LON,W,CRC
10/07/25 09:25:09,8.35,243.90,18.13,14.67,3.24,470.17,8.00,85.60,1015.00,1.11,2.38,2.39,27.70,0.61,0,13.13,0.00,70.97,1,-8,5,0,-1,STAT,60,LAT,LON,W,CRC
10/07/25 09:26:07,8.35,254.46,18.11,14.67,3.55,470.61,8.00,85.60,1015.00,1.20,2.40,2.40,24.60,0.55,0,13.13,0.00,70.97,1,-9,5,-1,0,STAT,60,LAT,LON,W,CRC
10/07/25 09:27:10,8.35,257.89,18.01,14.90,3.04,471.00,8.00,85.70,1015.00,1.09,2.75,3.25,23.10,0.44,0,13.13,0.00,83.87,1,-9,5,0,-1,STAT,60,LAT,LON,W,CRC
10/07/25 09:28:10,8.35,253.84,17.40,14.59,3.00,471.61,8.00,85.80,1015.00,1.03,2.18,2.66,10.50,0.32,0,13.13,0.00,125.81,1,-8,6,0,-1,STAT,60,LAT,LON,W,CRC
10/07/25 09:29:12,8.35,247.82,17.74,14.94,2.52,471.41,8.00,85.70,1015.00,1.17,2.16,2.33,5.90,0.47,0,13.13,0.00,77.42,1,-6,5,0,-1,STAT,60,LAT,LON,W,CRC
10/07/25 09:30:09,8.35,246.89,18.17,15.77,1.59,471.16,8.00,85.70,1015.00,1.42,2.28,2.79,2.50,0.47,0,13.13,0.00,74.19,1,-6,5,-1,-1,STAT,60,LAT,LON,W,CRC
10/07/25 09:31:11,8.35,243.99,18.05,14.07,3.52,471.06,8.00,85.70,1015.00,1.18,2.41,2.59,19.70,0.44,0,13.13,0.00,70.97,1,-9,5,-1,-1,STAT,60,LAT,LON,W,CRC
10/07/25 09:32:08,8.35,245.04,18.07,14.65,3.06,471.02,8.00,85.70,1015.00,1.23,2.38,2.58,26.50,0.52,0,13.13,0.00,74.19,1,-9,5,-1,-1,STAT,60,LAT,LON,W,CRC
10/07/25 09:33:10,8.35,239.76,18.48,14.77,3.70,470.65,8.00,85.60,1015.00,1.56,2.38,2.51,24.70,0.49,0,13.13,0.00,77.42,1,-9,5,-1,-1,STAT,60,LAT,LON,W,CRC
10/07/25 09:34:12,8.35,227.53,18.06,15.04,2.75,470.23,8.00,85.70,1015.00,1.48,2.21,2.25,24.30,0.51,0,13.13,0.00,70.97,1,-10,5,-1,-1,STAT,60,LAT,LON,W,CRC
10/07/25 09:35:10,8.35,218.48,18.77,14.47,3.89,469.79,8.00,85.60,1015.00,1.16,2.11,2.53,19.20,0.46,0,13.13,0.00,83.87,1,-9,5,-2,-1,STAT,60,LAT,LON,W,CRC
10/07/25 09:36:12,8.35,209.85,18.87,15.16,3.50,468.58,8.00,85.60,1015.00,1.06,2.13,2.48,22.90,0.51,0,13.13,0.00,90.32,1,-10,4,0,0,STAT,60,LAT,LON,W,CRC
10/07/25 09:37:09,8.35,208.21,18.26,14.92,3.92,468.19,8.00,85.70,1015.00,1.10,2.50,2.64,25.80,0.57,0,13.13,0.00,87.10,1,-9,5,-1,-1,STAT,60,LAT,LON,W,CRC
10/07/25 09:38:11,8.35,204.82,18.32,14.68,4.01,468.07,8.00,85.80,1015.00,1.07,2.52,2.57,26.50,0.43,0,13.13,0.00,90.32,1,-10,5,-1,0,STAT,60,LAT,LON,W,CRC
10/07/25 09:39:08,8.34,202.88,18.54,14.84,3.10,468.03,8.00,85.60,1015.00,1.12,2.53,2.55,22.50,0.33,0,13.13,0.00,90.32,1,-8,4,-1,-1,STAT,60,LAT,LON,W,CRC
10/07/25 09:40:10,8.33,203.75,17.22,15.22,2.95,468.24,8.00,85.60,1015.00,1.12,2.61,2.61,21.80,0.35,0,13.13,0.00,83.87,1,-9,5,-1,-1,STAT,60,LAT,LON,W,CRC
10/07/25 09:41:12,8.33,210.13,18.05,16.14,2.85,468.73,8.00,85.70,1015.00,1.04,2.07,2.07,39.30,0.40,0,13.13,0.00,83.87,1,-9,4,-1,-1,STAT,60,LAT,LON,W,CRC
10/07/25 09:42:09,8.33,215.66,18.15,16.91,1.82,469.63,8.00,86.00,1015.00,1.02,2.13,2.27,51.90,0.56,0,13.13,0.00,77.42,1,-8,4,-1,-2,STAT,60,LAT,LON,W,CRC
10/07/25 09:43:11,8.32,215.38,18.15,15.40,2.51,471.94,8.00,86.30,1015.00,1.34,2.23,2.71,52.50,0.63,0,13.13,0.00,87.10,1,-8,5,-2,-2,STAT,60,LAT,LON,W,CRC
10/07/25 09:44:09,8.32,211.52,18.09,14.91,3.36,473.50,8.00,86.30,1015.00,1.14,2.23,2.50,47.00,0.50,0,13.13,0.00,70.97,1,-8,4,-2,0,STAT,60,LAT,LON,W,CRC
10/07/25 09:45:11,8.32,212.90,18.79,15.17,2.49,474.47,8.00,86.40,1015.00,1.10,2.97,3.55,47.40,0.49,0,13.13,0.00,77.42,1,-9,3,-1,-1,STAT,60,LAT,LON,W,CRC
10/07/25 09:46:09,8.32,209.36,18.18,15.02,3.10,474.80,8.00,86.40,1015.00,1.21,2.35,2.55,50.00,0.47,0,13.13,0.00,119.35,1,-10,4,-1,-1,STAT,60,LAT,LON,W,CRC
10/07/25 09:47:11,8.32,201.60,17.51,15.28,2.77,473.91,7.90,86.70,1015.00,1.24,2.28,2.35,55.80,0.52,0,13.13,0.00,70.97,1,-10,5,-1,-1,STAT,60,LAT,LON,W,CRC
10/07/25 09:48:15,8.32,192.97,16.46,14.81,3.47,473.32,7.90,86.70,1015.00,1.59,2.64,2.99,49.10,0.51,0,13.13,0.00,125.81,1,-11,6,-2,-1,STAT,60,LAT,LON,W,CRC
10/07/25 09:49:11,8.32,185.59,16.74,13.48,4.35,472.51,7.90,86.70,1015.00,1.43,2.54,2.74,34.80,0.35,0,13.13,0.00,77.42,1,-11,6,-2,-1,STAT,60,LAT,LON,W,CRC
10/07/25 09:50:13,8.32,179.16,17.08,14.61,2.42,472.18,7.90,86.60,1015.00,1.22,2.45,2.52,28.60,0.46,0,13.13,0.00,77.42,1,-11,6,-1,-1,STAT,60,LAT,LON,W,CRC
10/07/25 09:51:12,8.32,172.60,17.77,14.26,2.71,472.07,7.90,86.50,1015.00,1.08,2.14,2.18,22.60,0.41,0,13.13,0.00,77.42,1,-9,4,-1,0,STAT,60,LAT,LON,W,CRC
10/07/25 09:52:14,8.32,174.15,17.86,14.79,1.86,472.02,7.90,86.50,1015.00,1.03,2.58,2.69,25.10,0.44,0,13.13,0.00,77.42,1,-11,4,-1,-1,STAT,60,LAT,LON,W,CRC
10/07/25 09:53:12,8.32,174.73,17.40,14.78,2.25,472.34,7.90,86.50,1015.00,1.01,2.13,2.35,24.20,0.47,0,13.13,0.00,87.10,1,-9,5,-1,-2,STAT,60,LAT,LON,W,CRC
10/07/25 09:54:13,8.31,173.72,17.78,14.98,1.92,472.77,7.90,86.60,1015.00,1.00,2.29,2.80,26.20,0.52,0,13.13,0.00,77.42,1,-10,5,-1,-2,STAT,60,LAT,LON,W,CRC
10/07/25 09:55:11,8.29,172.88,18.02,14.61,2.32,473.37,7.90,86.60,1015.00,1.19,2.70,3.21,23.10,0.39,0,13.13,0.00,90.32,1,-9,4,-1,-1,STAT,60,LAT,LON,W,CRC
10/07/25 09:56:13,8.27,176.61,17.91,15.70,2.54,473.78,7.90,86.70,1015.00,1.65,2.87,3.04,29.70,0.34,0,13.13,0.00,90.32,1,-10,5,0,-1,STAT,60,LAT,LON,W,CRC
10/07/25 09:57:11,8.26,177.22,17.59,16.06,3.06,473.91,7.90,86.80,1015.00,1.68,2.58,2.64,40.00,0.40,0,13.13,0.00,77.42,1,-11,4,0,-1,STAT,60,LAT,LON,W,CRC
10/07/25 09:58:14,8.25,174.08,17.25,15.42,3.36,474.43,7.90,86.80,1015.00,1.60,2.62,2.64,43.80,0.43,0,13.13,0.00,87.10,1,-10,5,-1,0,STAT,60,LAT,LON,W,CRC
10/07/25 09:59:13,8.25,171.96,17.36,14.83,3.43,474.78,7.90,86.90,1015.00,1.42,2.28,2.29,38.10,0.44,0,13.13,0.00,77.42,1,-10,5,-1,-1,STAT,60,LAT,LON,W,CRC
10/07/25 10:00:10,8.25,171.12,17.53,15.81,1.91,474.92,7.90,86.70,1015.00,1.15,1.99,2.11,28.20,0.50,0,13.13,0.00,74.19,1,-11,5,-1,0,STAT,60,LAT,LON,W,CRC
10/07/25 10:01:13,8.25,170.83,17.47,14.09,2.54,474.97,7.90,86.60,1015.00,1.49,2.84,2.88,26.30,0.54,0,13.13,0.00,77.42,1,-12,5,-1,-1,STAT,60,LAT,LON,W,CRC
10/07/25 10:02:15,8.25,165.87,17.96,14.15,3.33,474.11,7.90,86.70,1015.00,1.36,2.86,2.87,27.10,0.51,0,13.13,0.00,90.32,1,-11,5,-1,-1,STAT,60,LAT,LON,W,CRC
10/07/25 10:03:12,8.25,162.89,18.25,14.84,2.41,474.00,7.90,86.70,1015.00,1.49,2.62,2.72,24.60,0.59,0,13.13,0.00,90.32,1,-10,3,-1,-1,STAT,60,LAT,LON,W,CRC
10/07/25 10:04:14,8.25,158.32,18.43,15.06,1.55,474.00,7.90,86.70,1015.00,1.32,2.38,2.96,25.50,0.58,0,13.13,0.00,83.87,1,-9,3,-1,-1,STAT,60,LAT,LON,W,CRC
10/07/25 10:05:11,8.25,155.69,17.71,14.69,1.94,474.35,7.90,86.70,1015.00,1.11,2.12,2.48,26.90,0.61,0,13.13,0.00,90.32,1,-10,5,-1,-1,STAT,60,LAT,LON,W,CRC
10/07/25 10:06:15,8.25,155.60,17.89,15.61,1.13,474.77,7.90,86.60,1015.00,1.17,2.68,2.81,27.20,0.50,0,13.13,0.00,77.42,1,-10,5,-1,-1,STAT,60,LAT,LON,W,CRC
10/07/25 10:07:13,8.25,156.37,18.07,15.21,2.64,474.91,7.90,86.60,1015.00,1.42,3.01,3.06,32.40,0.46,0,13.13,0.00,83.87,1,-10,5,0,-1,STAT,60,LAT,LON,W,CRC
10/07/25 10:08:13,8.25,158.02,18.81,14.72,2.51,474.74,7.90,86.50,1015.00,1.56,3.21,3.22,26.20,0.43,0,13.13,0.00,74.19,1,-12,3,0,-1,STAT,60,LAT,LON,W,CRC
10/07/25 10:09:15,8.25,154.02,18.42,13.98,3.13,473.33,7.90,86.40,1015.00,1.24,2.51,2.51,23.80,0.52,0,13.13,0.00,77.42,1,-11,4,-1,-1,STAT,60,LAT,LON,W,CRC
10/07/25 10:10:13,8.25,154.74,18.48,14.29,3.78,472.28,7.90,86.40,1015.00,1.28,2.32,2.32,24.50,0.68,0,13.13,0.00,70.97,1,-10,4,0,-1,STAT,60,LAT,LON,W,CRC
10/07/25 10:11:14,8.25,156.50,18.43,14.43,4.28,471.45,7.90,86.40,1015.00,1.21,2.34,2.34,27.00,0.57,0,13.13,0.00,70.97,1,-10,5,-1,0,STAT,60,LAT,LON,W,CRC
10/07/25 10:12:12,8.25,151.23,17.92,14.84,3.29,471.17,7.90,86.30,1015.00,1.31,2.30,2.38,21.80,0.45,0,13.13,0.00,74.19,1,-9,5,-1,-1,STAT,60,LAT,LON,W,CRC
10/07/25 10:13:16,8.25,149.74,17.38,14.31,3.38,470.71,7.90,86.10,1015.00,1.11,2.11,2.13,25.10,0.57,0,13.13,0.00,77.42,1,-9,5,-1,-1,STAT,60,LAT,LON,W,CRC
10/07/25 10:14:13,8.25,148.80,17.68,15.07,2.36,469.71,7.90,86.00,1015.00,1.04,2.05,2.06,26.00,0.47,0,13.13,0.00,77.42,1,-9,5,0,-1,STAT,60,LAT,LON,W,CRC
10/07/25 10:15:15,8.25,150.56,18.41,15.74,1.66,468.60,7.90,85.90,1015.00,1.01,1.79,1.79,31.30,0.33,0,13.13,0.00,125.81,1,-11,4,-1,-1,STAT,60,LAT,LON,W,CRC
10/07/25 10:16:12,8.25,151.63,18.04,14.19,4.15,468.23,7.90,86.00,1015.00,0.97,1.79,1.98,34.90,0.34,0,13.13,0.00,77.42,1,-11,5,-1,-1,STAT,60,LAT,LON,W,CRC
10/07/25 10:17:15,8.25,155.23,17.49,16.64,1.20,468.08,7.90,86.10,1015.00,1.30,2.25,2.49,45.60,0.43,0,13.13,0.00,77.42,1,-11,5,-1,-1,STAT,60,LAT,LON,W,CRC
10/07/25 10:18:17,8.25,152.49,17.34,16.07,1.28,468.03,7.90,86.20,1015.00,1.31,2.32,2.41,48.60,0.42,0,13.13,0.00,74.19,1,-10,5,0,-1,STAT,60,LAT,LON,W,CRC
10/07/25 10:19:14,8.25,152.13,18.12,15.11,2.82,468.01,7.80,86.40,1015.00,1.41,2.53,2.56,35.30,0.34,0,13.13,0.00,90.32,1,-11,3,-1,-1,STAT,60,LAT,LON,W,CRC
10/07/25 10:20:13,8.25,151.47,17.92,14.20,3.42,468.51,7.80,86.40,1015.00,1.19,2.51,3.37,37.20,0.36,0,13.13,0.00,74.19,1,-12,4,-1,-1,STAT,60,LAT,LON,W,CRC
10/07/25 10:21:15,8.25,149.87,17.62,14.31,1.86,469.21,7.80,86.50,1015.00,1.14,2.20,2.55,38.40,0.43,0,13.13,0.00,77.42,1,-11,5,-1,-1,STAT,60,LAT,LON,W,CRC
10/07/25 10:22:12,8.25,150.02,17.96,15.35,2.13,469.86,7.80,86.50,1015.00,1.24,2.78,3.02,19.80,0.36,0,13.13,0.00,74.19,1,-12,4,0,-1,STAT,60,LAT,LON,W,CRC
10/07/25 10:23:16,8.25,150.40,16.39,15.73,1.87,470.60,7.90,86.60,1015.00,1.08,2.15,2.31,23.30,0.39,0,13.13,0.00,74.19,1,-11,6,0,-1,STAT,60,LAT,LON,W,CRC
10/07/25 10:24:14,8.24,151.61,17.58,14.10,3.18,470.85,7.80,86.60,1015.00,1.19,2.43,2.49,17.30,0.33,0,13.13,0.00,74.19,1,-10,5,-1,-1,STAT,60,LAT,LON,W,CRC
10/07/25 10:25:15,8.24,147.70,17.90,14.91,2.69,470.40,7.80,86.50,1015.00,1.30,2.40,2.61,21.70,0.33,0,13.13,0.00,90.32,1,-12,4,-1,-1,STAT,60,LAT,LON,W,CRC
10/07/25 10:26:13,8.23,148.27,17.46,15.34,2.30,470.15,7.90,86.40,1015.00,1.32,2.63,2.70,22.70,0.39,0,13.13,0.00,70.97,1,-12,4,-1,-1,STAT,60,LAT,LON,W,CRC
10/07/25 10:27:15,8.23,148.35,17.67,15.36,2.59,470.05,7.90,86.30,1015.00,1.16,2.49,2.79,22.50,0.38,0,13.13,0.00,77.42,1,-11,6,-1,-1,STAT,60,LAT,LON,W,CRC
10/07/25 10:28:12,8.23,150.19,17.54,14.71,3.80,470.02,7.80,86.30,1015.00,1.38,2.33,2.74,33.60,0.34,0,13.13,0.00,74.19,1,-10,6,-1,-1,STAT,60,LAT,LON,W,CRC
10/07/25 10:29:17,8.22,151.17,17.02,14.86,4.33,470.66,7.80,86.40,1015.00,1.14,2.23,2.89,47.50,0.48,0,13.13,0.00,87.10,1,-9,5,-1,-1,STAT,60,LAT,LON,W,CRC
10/07/25 10:30:15,8.22,148.89,18.14,15.23,2.63,470.57,7.80,86.30,1015.00,1.05,2.76,3.21,33.70,0.45,0,13.13,0.00,74.19,1,-10,3,0,-1,STAT,60,LAT,LON,W,CRC
10/07/25 10:31:17,8.23,149.56,19.36,14.90,2.38,470.20,7.80,86.40,1015.00,1.14,2.88,3.04,23.00,0.56,0,13.13,0.00,77.42,1,-10,4,-1,-1,STAT,60,LAT,LON,W,CRC
10/07/25 10:32:14,8.22,151.29,18.48,15.49,2.42,470.24,7.80,86.30,1015.00,1.37,2.88,3.01,24.40,0.61,0,13.13,0.00,77.42,1,-11,4,-1,-1,STAT,60,LAT,LON,W,CRC
10/07/25 10:33:16,8.22,147.45,18.28,14.36,2.92,470.73,7.80,86.20,1015.00,1.22,2.73,2.78,27.50,0.59,0,13.13,0.00,103.23,1,-10,5,-1,-1,STAT,60,LAT,LON,W,CRC
10/07/25 10:34:17,8.22,148.62,18.86,14.95,2.34,471.49,7.80,86.10,1015.00,1.22,1.91,1.93,27.10,0.50,0,13.13,0.00,87.10,1,-10,4,-1,-1,STAT,60,LAT,LON,W,CRC
10/07/25 10:35:21,8.22,147.15,18.70,14.42,2.30,471.82,7.80,85.80,1015.00,1.26,2.61,2.67,26.60,0.46,0,13.13,0.00,125.81,1,-10,3,-1,-1,STAT,60,LAT,LON,W,CRC
10/07/25 10:36:14,8.22,144.72,18.08,14.48,2.71,471.92,7.80,85.70,1015.00,1.23,2.22,2.79,23.00,0.49,0,13.13,0.00,83.87,1,-11,4,-1,-1,STAT,60,LAT,LON,W,CRC
10/07/25 10:37:16,8.22,147.82,17.44,14.95,1.92,471.74,7.80,85.60,1015.00,1.16,2.40,2.88,26.60,0.60,0,13.13,0.00,87.10,1,-11,5,0,-1,STAT,60,LAT,LON,W,CRC
10/07/25 10:38:18,8.20,147.39,18.76,14.06,2.09,471.26,7.80,85.50,1015.00,1.06,1.87,2.19,23.40,0.53,0,13.13,0.00,74.19,1,-11,2,-1,-2,STAT,60,LAT,LON,W,CRC
10/07/25 10:39:15,8.18,147.17,17.85,14.31,3.06,471.10,7.80,85.40,1015.00,1.02,1.88,2.14,22.80,0.61,0,13.13,0.00,90.32,1,-11,5,-1,-1,STAT,60,LAT,LON,W,CRC
10/07/25 10:40:17,8.16,148.39,15.91,14.76,2.54,471.04,7.80,85.10,1015.00,0.98,2.66,2.75,25.60,0.65,0,13.13,0.00,83.87,1,-9,8,-1,-1,STAT,60,LAT,LON,W,CRC
10/07/25 10:41:15,8.15,148.30,17.06,15.57,2.39,470.40,7.80,85.00,1015.00,0.99,2.66,2.99,28.90,0.72,0,13.13,0.00,77.42,1,-10,7,-1,-1,STAT,60,LAT,LON,W,CRC
10/07/25 10:42:17,8.15,147.98,17.63,15.06,3.31,469.98,7.80,85.00,1015.00,1.00,2.03,2.15,25.40,0.51,0,13.13,0.00,77.42,1,-10,6,0,0,STAT,60,LAT,LON,W,CRC
10/07/25 10:43:15,8.15,149.82,17.53,14.70,3.34,469.09,7.80,84.90,1015.00,1.09,2.13,2.17,27.50,0.49,0,13.13,0.00,77.42,1,-10,4,-1,0,STAT,60,LAT,LON,W,CRC
10/07/25 10:44:17,8.15,151.51,16.84,15.64,2.53,468.38,7.80,85.00,1015.00,1.08,2.27,2.29,32.20,0.54,0,13.13,0.00,87.10,1,-10,5,0,-1,STAT,60,LAT,LON,W,CRC
10/07/25 10:45:14,8.15,149.50,18.41,15.26,2.93,468.15,7.80,85.00,1015.00,1.03,2.41,2.71,29.00,0.61,0,13.13,0.00,90.32,1,-10,3,0,-2,STAT,60,LAT,LON,W,CRC
10/07/25 10:46:16,8.15,155.06,18.00,14.68,2.68,467.96,7.80,85.10,1015.00,1.01,2.46,3.01,26.30,0.70,0,13.13,0.00,74.19,1,-10,5,-1,-1,STAT,60,LAT,LON,W,CRC
10/07/25 10:47:18,8.15,153.10,17.60,15.26,2.16,467.98,7.80,85.10,1015.00,0.98,1.96,2.15,25.30,0.75,0,13.13,0.00,77.42,1,-9,5,0,-1,STAT,60,LAT,LON,W,CRC
10/07/25 10:48:15,8.15,150.64,17.69,13.80,3.94,467.99,7.80,85.20,1015.00,0.99,2.20,2.69,26.10,0.79,0,13.13,0.00,74.19,1,-10,5,-1,-1,STAT,60,LAT,LON,W,CRC
10/07/25 10:49:17,8.15,146.85,17.41,14.23,2.76,468.00,7.80,85.30,1015.00,0.89,1.84,2.02,23.00,0.71,0,13.13,0.00,74.19,1,-9,5,-1,-1,STAT,60,LAT,LON,W,CRC
10/07/25 10:50:15,8.15,147.13,17.11,13.16,4.27,468.00,7.80,85.30,1015.00,0.93,1.88,1.94,23.90,0.61,0,13.13,0.00,70.97,1,-10,6,-1,-1,STAT,60,LAT,LON,W,CRC
10/07/25 10:51:17,8.15,146.98,18.01,13.75,3.44,468.00,7.80,85.30,1015.00,0.98,1.76,1.78,26.30,0.53,0,13.13,0.00,74.19,1,-9,5,-1,-1,STAT,60,LAT,LON,W,CRC
10/07/25 10:52:15,8.15,147.63,18.22,14.99,1.96,468.00,7.70,85.30,1015.00,0.93,1.61,1.62,27.90,0.56,0,13.13,0.00,90.32,1,-10,5,0,-1,STAT,60,LAT,LON,W,CRC
10/07/25 10:53:17,8.15,144.98,17.95,13.70,3.32,468.00,7.70,85.30,1015.00,0.96,2.38,2.43,27.30,0.52,0,13.13,0.00,96.77,1,-11,5,0,-1,STAT,60,LAT,LON,W,CRC
10/07/25 10:54:14,8.15,145.12,17.39,15.19,2.10,468.00,7.70,85.40,1015.00,1.01,2.00,2.40,26.80,0.55,0,13.13,0.00,83.87,1,-9,6,-1,-1,STAT,60,LAT,LON,W,CRC
10/07/25 10:55:17,8.14,147.04,18.21,15.57,1.66,468.58,7.70,85.50,1015.00,1.01,2.82,2.97,27.10,0.42,0,13.13,0.00,87.10,1,-10,5,-1,0,STAT,60,LAT,LON,W,CRC
10/07/25 10:56:16,8.13,153.87,18.34,16.40,0.88,469.77,7.70,85.60,1015.00,1.14,2.80,2.85,38.60,0.40,0,13.13,0.00,74.19,1,-12,5,0,-1,STAT,60,LAT,LON,W,CRC
10/07/25 10:57:18,8.13,151.06,18.22,15.26,3.12,470.80,7.70,85.80,1015.00,1.12,2.71,2.73,48.40,0.51,0,13.13,0.00,77.42,1,-10,6,0,-1,STAT,60,LAT,LON,W,CRC
10/07/25 10:58:20,8.12,150.28,19.16,15.03,2.66,471.58,7.70,85.80,1015.00,1.04,2.34,2.47,50.30,0.41,0,13.13,0.00,77.42,1,-9,3,0,-1,STAT,60,LAT,LON,W,CRC
10/07/25 10:59:17,8.12,148.68,18.72,15.57,1.80,471.84,7.70,86.10,1015.00,1.01,2.00,2.90,51.20,0.42,0,13.13,0.00,74.19,1,-9,3,-1,-1,STAT,60,LAT,LON,W,CRC
10/07/25 11:00:19,8.10,149.17,17.68,15.18,2.83,472.40,7.70,86.10,1015.00,1.01,2.08,3.09,46.70,0.45,0,13.13,0.00,70.97,1,-10,5,0,-1,STAT,60,LAT,LON,W,CRC
10/07/25 11:01:16,8.08,149.37,16.90,15.21,1.39,472.77,7.70,86.20,1015.00,0.94,1.59,2.17,42.50,0.43,0,13.13,0.00,70.97,1,-9,6,-1,-1,STAT,60,LAT,LON,W,CRC
10/07/25 11:02:20,8.06,149.53,17.36,15.20,2.49,472.38,7.70,86.30,1015.00,0.98,1.82,2.21,42.70,0.42,0,13.13,0.00,77.42,1,-9,6,0,-1,STAT,60,LAT,LON,W,CRC
10/07/25 11:03:17,8.05,150.69,16.99,13.94,3.11,471.87,7.70,86.60,1015.00,1.10,1.78,1.92,38.00,0.36,0,13.13,0.00,77.42,1,-11,6,-1,-1,STAT,60,LAT,LON,W,CRC
10/07/25 11:04:19,8.05,145.42,17.94,14.06,3.66,471.95,7.70,86.70,1015.00,1.04,2.06,2.11,27.00,0.32,0,13.13,0.00,77.42,1,-8,5,-1,0,STAT,60,LAT,LON,W,CRC
10/07/25 11:05:21,8.05,146.52,17.77,13.38,3.05,471.98,7.70,86.70,1015.00,0.79,1.99,2.43,24.90,0.44,0,13.13,0.00,77.42,1,-10,4,0,-2,STAT,60,LAT,LON,W,CRC
10/07/25 11:06:19,8.05,145.43,18.22,14.00,1.99,471.99,7.70,86.80,1015.00,0.93,2.28,2.99,25.70,0.54,0,13.13,0.00,74.19,1,-11,4,0,-1,STAT,60,LAT,LON,W,CRC
10/07/25 11:07:17,8.05,147.99,17.98,14.16,2.54,472.00,7.70,86.80,1015.00,1.29,2.50,2.80,25.80,0.39,0,13.13,0.00,74.19,1,-10,4,-1,-1,STAT,60,LAT,LON,W,CRC
10/07/25 11:08:20,8.05,149.57,17.95,14.55,2.41,472.00,7.70,86.70,1015.00,1.27,2.93,3.29,20.30,0.31,0,13.13,0.00,77.42,1,-10,5,-1,-2,STAT,60,LAT,LON,W,CRC
10/07/25 11:09:17,8.05,150.92,17.40,14.52,2.74,472.00,7.70,86.70,1015.00,1.29,2.53,2.66,21.20,0.32,0,13.13,0.00,77.42,1,-11,6,-1,-1,STAT,60,LAT,LON,W,CRC
10/07/25 11:10:20,8.05,153.29,16.57,14.43,2.13,472.50,7.70,86.70,1015.00,1.00,1.96,2.00,35.60,0.35,0,13.13,0.00,90.32,1,-10,6,-1,-1,STAT,60,LAT,LON,W,CRC
10/07/25 11:11:17,8.05,153.09,16.90,13.38,4.18,472.81,7.70,86.70,1015.00,0.98,2.61,2.76,46.90,0.45,0,13.13,0.00,74.19,1,-10,6,-1,0,STAT,60,LAT,LON,W,CRC
10/07/25 11:12:20,8.05,153.34,17.59,13.13,4.24,472.93,7.70,86.50,1015.00,1.15,2.93,2.99,47.90,0.50,0,13.13,0.00,90.32,1,-10,5,-1,-1,STAT,60,LAT,LON,W,CRC
10/07/25 11:13:21,8.05,151.38,18.41,14.39,2.75,472.98,7.60,86.60,1015.00,1.05,3.12,3.14,37.20,0.46,0,13.13,0.00,90.32,1,-11,4,-1,-1,STAT,60,LAT,LON,W,CRC
10/07/25 11:14:19,8.05,151.03,17.81,14.24,2.79,472.99,7.60,86.60,1015.00,1.34,3.23,3.24,25.00,0.36,0,13.13,0.00,90.32,1,-10,5,-1,-1,STAT,60,LAT,LON,W,CRC
10/07/25 11:15:21,8.05,149.42,18.30,14.63,3.14,473.00,7.60,86.70,1015.00,1.17,2.45,2.46,40.60,0.37,0,13.13,0.00,74.19,1,-10,4,-1,-1,STAT,60,LAT,LON,W,CRC
10/07/25 11:16:18,8.05,148.18,17.69,14.87,3.00,473.00,7.60,86.60,1014.00,1.06,2.17,2.17,49.20,0.45,0,13.13,0.00,74.19,1,-10,5,-1,-1,STAT,60,LAT,LON,W,CRC
10/07/25 11:17:20,8.05,148.77,17.24,14.28,3.23,473.00,7.60,86.40,1014.00,1.02,2.32,2.32,55.70,0.52,0,13.13,0.00,70.97,1,-11,4,-1,-1,STAT,60,LAT,LON,W,CRC
10/07/25 11:18:18,8.05,144.95,17.42,14.51,3.95,472.16,7.60,86.30,1014.00,1.20,2.12,2.12,35.30,0.34,0,13.13,0.00,77.42,1,-9,4,0,-1,STAT,60,LAT,LON,W,CRC
10/07/25 11:19:21,8.05,141.22,18.22,14.27,2.90,470.95,7.60,86.30,1014.00,1.08,2.14,2.46,26.50,0.54,0,13.13,0.00,77.42,1,-10,3,-1,-1,STAT,60,LAT,LON,W,CRC
10/07/25 11:20:19,8.05,142.99,17.64,14.13,2.69,470.37,7.60,86.30,1014.00,1.03,2.16,2.27,28.50,0.56,0,13.13,0.00,77.42,1,-11,3,0,-1,STAT,60,LAT,LON,W,CRC
10/07/25 11:21:17,8.05,141.34,16.68,14.20,3.32,470.14,7.60,86.20,1014.00,1.01,1.99,2.03,32.20,0.51,0,13.13,0.00,77.42,1,-11,5,-1,0,STAT,60,LAT,LON,W,CRC
10/07/25 11:22:22,8.05,141.43,16.46,14.47,3.27,470.05,7.60,86.10,1014.00,1.06,2.50,2.51,26.40,0.45,0,13.13,0.00,90.32,1,-9,5,-1,0,STAT,60,LAT,LON,W,CRC
10/07/25 11:23:20,8.05,139.43,17.44,14.85,1.03,470.52,7.60,85.90,1014.00,0.98,1.77,1.78,23.00,0.46,0,13.13,0.00,77.42,1,-9,5,-1,-2,STAT,60,LAT,LON,W,CRC
10/07/25 11:24:22,8.05,146.99,17.27,14.45,2.25,470.83,7.60,85.60,1014.00,0.82,1.90,1.90,15.10,0.32,0,13.13,0.00,74.19,1,-9,5,0,-1,STAT,60,LAT,LON,W,CRC
10/07/25 11:25:20,8.05,148.99,17.54,13.47,2.61,470.56,7.60,85.40,1014.00,0.60,1.60,2.14,3.20,0.29,0,13.13,0.00,77.42,1,-10,5,-1,-2,STAT,60,LAT,LON,W,CRC
10/07/25 11:26:22,8.05,148.18,17.17,12.79,4.40,469.14,7.60,85.30,1014.00,0.50,1.57,1.77,16.90,0.32,0,13.13,0.00,77.42,1,-10,5,-1,-1,STAT,60,LAT,LON,W,CRC
10/07/25 11:27:19,8.05,144.77,17.35,13.41,4.25,468.44,7.60,85.10,1014.00,0.83,2.48,2.54,25.20,0.34,0,13.13,0.00,77.42,1,-9,5,-1,-1,STAT,60,LAT,LON,W,CRC
10/07/25 11:28:21,8.05,138.60,18.13,14.22,3.47,468.15,7.60,85.00,1014.00,0.98,1.90,2.23,25.50,0.40,0,13.13,0.00,77.42,1,-8,5,-1,-1,STAT,60,LAT,LON,W,CRC
10/07/25 11:29:19,8.05,138.93,18.15,13.68,2.77,468.06,7.60,84.90,1014.00,0.99,1.42,1.76,27.60,0.46,0,13.13,0.00,87.10,1,-10,4,-1,-1,STAT,60,LAT,LON,W,CRC
10/07/25 11:30:22,8.05,138.01,16.80,14.30,1.65,467.94,7.60,85.00,1014.00,1.00,1.83,2.00,24.80,0.44,0,13.13,0.00,77.42,1,-9,5,-1,-1,STAT,60,LAT,LON,W,CRC
10/07/25 11:31:19,8.04,135.97,16.91,14.17,2.50,467.36,7.60,84.90,1014.00,0.93,1.75,1.81,23.10,0.44,0,13.13,0.00,74.19,1,-9,5,0,-1,STAT,60,LAT,LON,W,CRC
10/07/25 11:32:21,8.03,136.60,17.94,13.13,3.54,467.13,7.60,84.90,1014.00,0.98,1.99,2.71,17.60,0.36,0,13.13,0.00,77.42,1,-9,5,-1,-1,STAT,60,LAT,LON,W,CRC
10/07/25 11:33:19,8.03,136.83,18.43,13.39,3.81,467.05,7.60,85.00,1014.00,0.89,1.73,2.16,21.10,0.42,0,13.13,0.00,77.42,1,-9,5,-1,0,STAT,60,LAT,LON,W,CRC
10/07/25 11:34:21,8.02,136.39,18.49,14.06,2.57,466.72,7.60,85.00,1014.00,0.88,1.63,2.02,21.70,0.48,0,13.13,0.00,74.19,1,-10,4,0,0,STAT,60,LAT,LON,W,CRC
10/07/25 11:35:19,8.02,137.22,18.20,13.80,3.81,465.73,7.60,85.10,1014.00,0.72,1.50,2.26,27.30,0.41,0,13.13,0.00,77.42,1,-9,4,-1,0,STAT,60,LAT,LON,W,CRC
10/07/25 11:36:22,8.01,139.92,17.09,14.07,3.28,465.26,7.60,85.10,1014.00,0.89,1.86,2.34,25.70,0.49,0,13.13,0.00,77.42,1,-11,6,0,-1,STAT,60,LAT,LON,W,CRC
10/07/25 11:37:19,7.99,143.11,17.52,12.72,3.99,465.51,7.60,85.10,1014.00,1.00,2.60,2.89,24.70,0.52,0,13.13,0.00,77.42,1,-11,5,-2,-1,STAT,60,LAT,LON,W,CRC
10/07/25 11:38:21,7.97,143.59,17.43,13.45,3.66,465.83,7.60,85.10,1014.00,1.00,2.15,2.52,16.70,0.59,0,13.13,0.00,77.42,1,-10,5,-1,-1,STAT,60,LAT,LON,W,CRC
10/07/25 11:39:19,7.95,142.69,17.90,14.00,2.91,465.93,7.60,84.80,1014.00,1.00,1.66,1.78,25.60,0.67,0,13.13,0.00,87.10,1,-10,3,0,-1,STAT,60,LAT,LON,W,CRC
10/07/25 11:40:22,7.95,147.79,17.54,15.02,2.63,465.98,7.60,84.80,1014.00,0.96,1.41,1.45,20.30,0.68,0,13.13,0.00,74.19,1,-9,4,0,-1,STAT,60,LAT,LON,W,CRC
10/07/25 11:41:20,7.95,149.75,17.84,14.24,2.63,465.70,7.60,84.70,1014.00,1.12,2.87,2.88,22.40,0.53,0,13.13,0.00,77.42,1,-9,4,-1,-1,STAT,60,LAT,LON,W,CRC
10/07/25 11:42:22,7.95,146.58,17.43,14.34,1.52,465.57,7.60,84.60,1014.00,0.85,2.30,2.37,25.20,0.39,0,13.13,0.00,80.65,1,-8,5,-1,-1,STAT,60,LAT,LON,W,CRC
10/07/25 11:43:21,7.95,155.18,18.16,13.47,3.82,465.22,7.60,84.70,1014.00,0.72,1.57,1.67,9.80,0.48,0,13.13,0.00,74.19,1,-8,4,-1,-1,STAT,60,LAT,LON,W,CRC
10/07/25 11:44:24,7.95,167.63,17.76,14.43,2.96,465.66,7.60,84.90,1014.00,0.87,2.16,2.20,8.70,0.49,0,13.13,0.00,100.00,1,-7,5,0,-1,STAT,60,LAT,LON,W,CRC
10/07/25 11:45:21,7.95,171.26,16.88,13.26,4.09,466.32,7.60,84.90,1014.00,1.05,2.13,2.14,11.70,0.40,0,13.13,0.00,77.42,1,-8,6,-1,-1,STAT,60,LAT,LON,W,CRC
10/07/25 11:46:22,7.95,175.13,17.91,13.32,4.15,466.76,7.60,85.00,1014.00,0.96,2.34,2.34,21.40,0.41,0,13.13,0.00,77.42,1,-12,5,-1,-1,STAT,60,LAT,LON,W,CRC
10/07/25 11:47:23,7.95,171.07,18.33,13.12,3.83,466.92,7.60,84.90,1014.00,0.99,2.73,3.21,27.40,0.35,0,13.13,0.00,74.19,1,-8,5,-2,-1,STAT,60,LAT,LON,W,CRC
10/07/25 11:48:22,7.95,206.66,17.12,14.38,3.37,467.05,7.60,84.80,1014.00,0.91,2.03,2.29,22.10,0.42,0,13.13,0.00,77.42,1,-8,5,-1,-1,STAT,60,LAT,LON,W,CRC
10/07/25 11:49:21,7.95,241.63,18.16,14.22,2.73,467.64,7.60,84.90,1014.00,0.77,1.79,1.88,25.60,0.35,0,13.13,0.00,129.03,1,-7,4,-1,-1,STAT,60,LAT,LON,W,CRC
10/07/25 11:50:23,7.95,252.97,17.70,15.10,1.77,467.87,7.60,85.00,1014.00,0.58,1.61,1.65,40.70,0.40,0,13.13,0.00,74.19,1,-6,5,0,-1,STAT,60,LAT,LON,W,CRC
10/07/25 11:51:21,7.95,247.21,18.60,15.00,2.45,467.95,7.60,84.90,1014.00,0.85,2.19,2.47,45.80,0.41,0,13.13,0.00,70.97,1,-7,4,-1,-1,STAT,60,LAT,LON,W,CRC
10/07/25 11:52:23,7.95,232.05,18.28,15.81,2.08,467.98,7.60,84.90,1014.00,0.77,1.99,2.51,41.00,0.45,0,13.13,0.00,100.00,1,-6,4,-1,-1,STAT,60,LAT,LON,W,CRC
10/07/25 11:53:21,7.95,213.48,18.55,15.80,1.59,467.45,7.60,85.10,1014.00,1.13,2.33,2.52,40.30,0.49,0,13.13,0.00,77.42,1,-8,3,0,-1,STAT,60,LAT,LON,W,CRC
10/07/25 11:54:23,7.95,189.55,18.63,14.75,3.01,467.54,7.60,85.10,1014.00,1.05,2.47,2.83,29.00,0.51,0,13.13,0.00,74.19,1,-8,3,-1,-1,STAT,60,LAT,LON,W,CRC
10/07/25 11:55:22,7.95,174.47,18.20,14.90,2.27,467.21,7.60,85.00,1014.00,1.02,1.99,2.12,26.10,0.62,0,13.13,0.00,77.42,1,-9,3,-1,-1,STAT,60,LAT,LON,W,CRC
10/07/25 11:56:23,7.95,164.53,18.30,15.00,2.31,467.23,7.60,85.20,1014.00,1.01,1.73,1.78,27.70,0.61,0,13.13,0.00,77.42,1,-10,4,0,-1,STAT,60,LAT,LON,W,CRC
10/07/25 11:57:25,7.94,164.90,17.74,14.06,3.08,468.02,7.60,85.30,1014.00,0.93,1.33,1.34,25.60,0.55,0,13.13,0.00,77.42,1,-9,5,-1,-1,STAT,60,LAT,LON,W,CRC
10/07/25 11:58:22,7.94,158.80,17.88,13.62,2.95,469.50,7.60,85.20,1014.00,0.98,2.38,2.38,22.70,0.41,0,13.13,0.00,74.19,1,-10,5,-1,-2,STAT,60,LAT,LON,W,CRC
10/07/25 11:59:24,7.93,157.87,18.39,14.68,2.33,471.34,7.60,85.40,1014.00,1.10,2.26,2.27,34.10,0.42,0,13.13,0.00,74.19,1,-9,4,-1,-1,STAT,60,LAT,LON,W,CRC
10/07/25 12:00:22,7.93,165.58,18.80,14.45,2.30,472.66,7.60,85.40,1014.00,1.00,1.82,2.12,29.80,0.38,0,13.13,0.00,74.19,1,-9,4,-1,-1,STAT,60,LAT,LON,W,CRC
10/07/25 12:01:25,7.92,168.04,18.79,13.96,3.54,474.18,7.60,85.60,1014.00,1.00,1.82,2.06,34.60,0.41,0,13.13,0.00,77.42,1,-9,5,-1,-1,STAT,60,LAT,LON,W,CRC
10/07/25 12:02:22,7.92,163.15,18.40,13.02,3.37,475.23,7.60,85.60,1014.00,0.77,1.68,1.76,25.70,0.45,0,13.13,0.00,74.19,1,-9,5,-2,-1,STAT,60,LAT,LON,W,CRC
10/07/25 12:03:25,7.92,154.02,19.19,14.66,2.30,475.73,7.60,85.60,1014.00,0.90,1.69,1.72,20.30,0.56,0,13.13,0.00,70.97,1,-8,3,-1,-1,STAT,60,LAT,LON,W,CRC
10/07/25 12:04:22,7.92,150.53,19.15,14.02,2.76,475.90,7.50,85.50,1014.00,0.97,1.75,1.86,9.10,0.47,0,13.13,0.00,90.32,1,-11,4,-1,-1,STAT,60,LAT,LON,W,CRC
10/07/25 12:05:25,7.90,146.06,17.94,15.12,3.29,475.46,7.50,85.60,1014.00,1.03,1.95,2.71,16.70,0.56,0,13.13,0.00,83.87,1,-10,4,-1,-1,STAT,60,LAT,LON,W,CRC
10/07/25 12:06:22,7.89,143.78,17.76,14.25,4.05,474.60,7.50,85.60,1014.00,0.95,1.71,2.23,19.50,0.57,0,13.13,0.00,74.19,1,-10,5,-1,-1,STAT,60,LAT,LON,W,CRC
10/07/25 12:07:25,7.87,156.00,18.10,14.23,2.95,474.21,7.60,85.50,1014.00,1.06,2.13,2.31,5.30,0.57,0,13.13,0.00,74.19,1,-9,4,-1,-1,STAT,60,LAT,LON,W,CRC
10/07/25 12:08:22,7.86,197.18,17.97,14.95,2.03,473.54,7.50,85.40,1014.00,1.02,2.04,2.11,14.60,0.45,0,13.13,0.00,74.19,1,-8,5,-1,-1,STAT,60,LAT,LON,W,CRC
10/07/25 12:09:25,7.85,223.12,18.12,16.78,1.04,473.84,7.60,85.30,1014.00,1.05,3.00,3.02,13.50,0.57,0,13.09,0.00,135.48,1,-8,5,-1,-1,STAT,60,LAT,LON,W,CRC
10/07/25 12:10:23,7.85,221.81,18.82,15.85,2.13,473.71,7.60,85.20,1014.00,1.02,2.58,2.58,20.70,0.59,0,13.13,0.00,77.42,1,-7,4,-1,-1,STAT,60,LAT,LON,W,CRC
10/07/25 12:11:25,7.84,221.49,18.65,15.87,1.60,473.25,7.60,85.20,1014.00,1.14,2.40,2.74,11.30,0.56,0,13.13,0.00,77.42,1,-7,5,-1,-1,STAT,60,LAT,LON,W,CRC
10/07/25 12:12:26,7.84,237.19,19.19,16.55,1.57,473.32,7.60,85.10,1014.00,1.05,2.70,3.08,2.80,0.63,0,13.13,0.00,83.87,1,-8,5,-1,-1,STAT,60,LAT,LON,W,CRC
10/07/25 12:13:24,7.84,226.51,19.25,15.42,3.10,473.74,7.60,85.20,1014.00,1.02,2.17,2.31,16.40,0.57,0,13.13,0.00,74.19,1,-9,4,-1,-1,STAT,60,LAT,LON,W,CRC
10/07/25 12:14:26,7.84,208.42,18.65,15.13,3.04,473.91,7.60,85.10,1014.00,1.01,2.27,2.83,16.60,0.47,0,13.13,0.00,70.97,1,-9,5,-1,-1,STAT,60,LAT,LON,W,CRC
10/07/25 12:15:24,7.84,195.16,18.28,15.22,2.60,473.96,7.60,85.00,1014.00,0.73,1.80,2.04,18.80,0.33,0,13.13,0.00,74.19,1,-7,5,0,-1,STAT,60,LAT,LON,W,CRC
10/07/25 12:16:22,7.84,196.18,19.34,15.78,1.82,473.99,7.60,84.90,1014.00,0.91,1.96,2.49,22.60,0.42,0,13.13,0.00,93.55,1,-8,3,-1,-1,STAT,60,LAT,LON,W,CRC
10/07/25 12:17:26,7.84,198.41,19.20,15.68,2.63,473.35,7.60,84.70,1014.00,1.01,1.97,2.28,18.10,0.33,0,13.13,0.00,77.42,1,-9,3,-1,-1,STAT,60,LAT,LON,W,CRC
10/07/25 12:18:23,7.84,201.42,19.17,15.08,3.93,472.73,7.60,84.70,1014.00,1.00,1.99,2.64,24.80,0.40,0,13.13,0.00,77.42,1,-9,3,-1,-1,STAT,60,LAT,LON,W,CRC
10/07/25 12:19:25,7.84,205.34,17.45,15.75,2.18,471.80,7.60,84.60,1014.00,1.00,1.95,2.17,25.00,0.43,0,13.13,0.00,70.97,1,-8,5,0,-1,STAT,60,LAT,LON,W,CRC
10/07/25 12:20:22,7.84,210.58,18.43,14.95,3.75,470.95,7.50,84.60,1014.00,1.14,2.04,2.12,23.40,0.58,0,13.13,0.00,90.32,1,-8,5,-1,-1,STAT,60,LAT,LON,W,CRC
10/07/25 12:21:26,7.84,227.33,18.20,16.03,2.05,470.80,7.50,84.80,1014.00,1.09,2.26,2.28,15.40,0.68,0,13.13,0.00,77.42,1,-9,4,-1,-1,STAT,60,LAT,LON,W,CRC
10/07/25 12:22:23,7.84,236.19,18.40,16.39,1.89,470.42,7.50,84.50,1014.00,1.03,2.65,2.78,1.70,0.63,0,13.13,0.00,77.42,1,-7,4,0,-1,STAT,60,LAT,LON,W,CRC
10/07/25 12:23:26,7.84,240.08,17.16,16.92,1.30,470.15,7.50,84.40,1014.00,1.01,2.49,2.72,2.20,0.69,0,13.13,0.00,77.42,1,-9,6,-1,-1,STAT,60,LAT,LON,W,CRC
10/07/25 12:24:24,7.84,263.07,17.22,16.03,2.02,470.49,7.50,84.50,1014.00,1.20,3.31,3.58,348.90,0.71,0,13.13,0.00,77.42,1,-7,6,-1,-1,STAT,60,LAT,LON,W,CRC
10/07/25 12:25:26,7.84,276.51,17.85,16.06,2.76,472.42,7.60,84.40,1014.00,1.15,2.68,3.18,1.00,0.56,0,13.13,0.00,70.97,1,-8,6,-1,-1,STAT,60,LAT,LON,W,CRC
10/07/25 12:26:24,7.84,262.59,18.42,15.92,2.81,474.01,7.60,84.20,1014.00,1.34,3.26,3.45,19.60,0.40,0,13.13,0.00,83.87,1,-9,5,-1,-1,STAT,60,LAT,LON,W,CRC
10/07/25 12:27:26,7.84,252.18,18.99,15.28,2.99,474.11,7.60,84.10,1014.00,1.47,3.19,3.46,24.90,0.47,0,13.13,0.00,77.42,1,-8,4,-1,-1,STAT,60,LAT,LON,W,CRC
10/07/25 12:28:23,7.84,244.49,18.46,15.20,2.41,473.59,7.60,83.90,1014.00,1.70,3.71,3.84,22.20,0.55,0,13.13,0.00,77.42,1,-8,4,-1,-1,STAT,60,LAT,LON,W,CRC
10/07/25 12:29:27,7.84,235.50,18.62,16.32,1.95,472.10,7.60,83.90,1014.00,1.59,3.69,3.75,28.10,0.44,0,13.13,0.00,77.42,1,-9,4,-1,-1,STAT,60,LAT,LON,W,CRC
10/07/25 12:30:27,7.84,235.45,19.30,15.74,3.11,471.23,7.60,83.90,1014.00,1.52,4.25,4.41,24.60,0.40,0,13.13,0.00,77.42,1,-11,4,-1,-1,STAT,60,LAT,LON,W,CRC
10/07/25 12:31:28,7.84,234.40,19.13,16.59,2.61,470.43,7.60,83.90,1014.00,1.71,3.97,4.09,30.00,0.36,0,13.13,0.00,87.10,1,-10,5,-1,-1,STAT,60,LAT,LON,W,CRC
10/07/25 12:32:25,7.84,234.71,19.05,16.84,1.43,470.17,7.60,83.90,1014.00,1.43,4.22,4.29,33.30,0.31,0,13.13,0.00,87.10,1,-8,4,-1,-2,STAT,60,LAT,LON,W,CRC
10/07/25 12:33:28,7.84,231.88,19.54,16.00,2.96,469.76,7.50,84.00,1014.00,1.57,3.52,3.54,40.90,0.31,0,13.13,0.00,74.19,1,-7,4,-1,-1,STAT,60,LAT,LON,W,CRC
10/07/25 12:34:30,7.84,233.71,19.26,16.96,1.55,469.27,7.50,84.30,1014.00,1.24,2.82,2.83,47.30,0.37,0,13.13,0.00,83.87,1,-9,4,-1,-1,STAT,60,LAT,LON,W,CRC
10/07/25 12:35:27,7.84,238.94,18.39,17.77,1.24,468.78,7.50,84.40,1014.00,1.08,2.24,2.48,56.20,0.47,0,13.13,0.00,74.19,1,-9,5,0,-1,STAT,60,LAT,LON,W,CRC
10/07/25 12:36:25,7.84,242.87,18.35,18.16,1.97,468.34,7.50,84.40,1014.00,1.20,2.61,2.70,58.60,0.51,0,13.13,0.00,87.10,1,-9,5,0,0,STAT,60,LAT,LON,W,CRC
10/07/25 12:37:27,7.84,262.10,18.79,17.46,2.36,468.62,7.40,84.80,1014.00,1.61,3.44,3.49,59.60,0.54,0,13.13,0.00,87.10,1,-6,4,0,-1,STAT,60,LAT,LON,W,CRC
10/07/25 12:38:29,7.84,269.63,19.88,16.85,2.06,469.22,7.40,85.00,1014.00,1.31,2.72,2.93,61.00,0.54,0,13.13,0.00,87.10,1,-8,3,0,-1,STAT,60,LAT,LON,W,CRC
10/07/25 12:39:26,7.84,272.47,19.21,17.30,1.17,469.86,7.40,85.10,1014.00,1.48,3.19,3.41,44.30,0.43,0,13.13,0.00,83.87,1,-10,3,-1,-1,STAT,60,LAT,LON,W,CRC
10/07/25 12:40:28,7.84,274.78,19.75,17.18,1.48,471.62,7.40,85.30,1014.00,1.52,2.76,2.83,50.60,0.48,0,13.13,0.00,90.32,1,-8,3,0,-1,STAT,60,LAT,LON,W,CRC
10/07/25 12:41:25,7.83,269.01,17.71,16.62,2.40,472.76,7.40,85.80,1014.00,1.62,2.98,3.20,58.50,0.66,0,13.13,0.00,87.10,1,-8,5,-1,-1,STAT,60,LAT,LON,W,CRC
10/07/25 12:42:26,7.83,258.75,18.02,16.92,1.58,473.50,7.40,86.00,1014.00,1.48,3.01,3.56,56.70,0.65,0,13.13,0.00,74.19,1,-8,4,0,-1,STAT,60,LAT,LON,W,CRC
10/07/25 12:43:31,7.83,245.48,17.63,17.21,2.16,473.82,7.40,86.20,1014.00,1.40,3.27,3.46,48.10,0.53,0,13.13,0.00,70.97,1,-7,4,0,-2,STAT,60,LAT,LON,W,CRC
10/07/25 12:44:29,7.83,234.30,17.03,16.78,1.90,473.48,7.40,86.20,1014.00,1.21,3.26,3.33,38.80,0.44,0,13.13,0.00,74.19,1,-8,6,0,-1,STAT,60,LAT,LON,W,CRC
10/07/25 12:45:26,7.83,235.47,18.47,16.83,1.37,473.26,7.40,86.20,1014.00,1.07,2.09,2.11,49.70,0.43,0,13.13,0.00,70.97,1,-8,4,0,-1,STAT,60,LAT,LON,W,CRC
10/07/25 12:46:28,7.83,237.27,17.97,17.13,2.08,473.09,7.40,86.20,1014.00,1.28,2.79,3.21,58.90,0.50,0,13.09,0.00,132.26,1,-9,4,-1,-1,STAT,60,LAT,LON,W,CRC
10/07/25 12:47:31,7.83,234.68,18.61,15.66,2.53,471.98,7.40,86.10,1014.00,1.23,2.57,2.72,58.60,0.54,0,13.13,0.00,90.32,1,-8,4,-1,-2,STAT,60,LAT,LON,W,CRC
10/07/25 12:48:28,7.83,241.32,18.07,15.30,2.89,471.38,7.40,86.00,1014.00,1.22,2.66,2.71,58.40,0.51,0,13.13,0.00,90.32,1,-10,5,-1,-1,STAT,60,LAT,LON,W,CRC
10/07/25 12:49:30,7.83,234.17,16.79,16.01,1.85,471.13,7.30,86.00,1014.00,1.41,2.96,3.45,47.00,0.45,0,13.13,0.00,74.19,1,-8,6,-1,-1,STAT,60,LAT,LON,W,CRC
10/07/25 12:50:25,7.82,222.13,18.01,16.19,2.29,471.05,7.30,86.00,1014.00,1.50,2.40,2.57,48.60,0.44,0,13.13,0.00,70.97,1,-8,5,-1,-1,STAT,60,LAT,LON,W,CRC
10/07/25 12:51:29,7.82,213.51,17.31,15.75,2.32,471.02,7.30,86.00,1014.00,1.48,3.64,3.70,39.70,0.37,0,13.13,0.00,77.42,1,-9,6,-1,-1,STAT,60,LAT,LON,W,CRC
10/07/25 12:52:26,7.82,212.65,17.50,15.80,1.91,471.01,7.30,85.90,1014.00,1.29,3.15,3.91,46.00,0.45,0,13.13,0.00,77.42,1,-10,5,-1,-1,STAT,60,LAT,LON,W,CRC
10/07/25 12:53:29,7.82,207.47,18.57,15.59,2.37,471.16,7.30,85.70,1014.00,1.12,3.08,3.61,35.30,0.47,0,13.13,0.00,77.42,1,-8,4,-1,-1,STAT,60,LAT,LON,W,CRC
10/07/25 12:54:26,7.82,200.69,18.65,15.69,2.13,471.68,7.30,85.60,1014.00,1.15,3.42,4.00,25.40,0.53,0,13.13,0.00,70.97,1,-8,4,-1,-1,STAT,60,LAT,LON,W,CRC
10/07/25 12:55:29,7.82,192.07,17.75,16.15,1.40,471.89,7.30,85.40,1014.00,1.00,3.68,4.04,25.00,0.51,0,13.13,0.00,70.97,1,-9,5,0,-1,STAT,60,LAT,LON,W,CRC
10/07/25 12:56:28,7.82,189.37,18.24,17.05,1.75,471.96,7.40,85.30,1014.00,1.00,2.66,2.78,25.90,0.37,0,13.09,0.00,135.48,1,-10,4,0,-1,STAT,60,LAT,LON,W,CRC
10/07/25 12:57:31,7.82,188.16,17.54,16.94,1.46,471.98,7.30,85.20,1014.00,0.67,1.97,2.01,23.20,0.34,0,13.13,0.00,83.87,1,-9,5,-1,-1,STAT,60,LAT,LON,W,CRC
10/07/25 12:58:28,7.81,186.00,18.12,16.37,2.66,472.58,7.40,85.20,1014.00,0.86,1.88,1.90,11.00,0.30,0,13.13,0.00,77.42,1,-9,5,0,-1,STAT,60,LAT,LON,W,CRC
10/07/25 12:59:30,7.80,191.05,18.44,16.29,2.60,472.85,7.40,85.20,1014.00,0.77,2.36,2.36,26.10,0.35,0,13.13,0.00,74.19,1,-10,5,-1,0,STAT,60,LAT,LON,W,CRC
10/07/25 13:00:27,7.78,206.20,18.64,17.05,1.74,473.40,7.40,85.00,1014.00,0.81,1.71,1.85,18.60,0.48,0,13.13,0.00,103.23,1,-11,5,-1,-1,STAT,60,LAT,LON,W,CRC
10/07/25 13:01:29,7.76,206.26,19.04,17.21,1.75,474.08,7.30,84.90,1014.00,1.02,2.49,2.75,18.60,0.47,0,13.13,0.00,77.42,1,-10,5,-1,-1,STAT,60,LAT,LON,W,CRC
10/07/25 13:02:26,7.75,204.55,19.09,17.35,1.82,474.65,7.30,84.80,1014.00,0.94,2.22,2.90,30.90,0.50,0,13.13,0.00,74.19,1,-11,4,-1,-1,STAT,60,LAT,LON,W,CRC
10/07/25 13:03:28,7.74,201.65,19.87,17.52,2.80,474.88,7.30,84.80,1014.00,0.84,1.70,2.13,26.30,0.54,0,13.13,0.00,74.19,1,-12,4,-1,-1,STAT,60,LAT,LON,W,CRC
10/07/25 13:04:30,7.74,207.41,18.93,16.54,3.10,475.12,7.30,84.70,1014.00,1.01,1.77,2.05,28.40,0.47,0,13.13,0.00,74.19,1,-12,5,-1,0,STAT,60,LAT,LON,W,CRC
10/07/25 13:05:27,7.74,203.53,19.95,16.77,2.34,475.16,7.30,84.50,1014.00,1.15,2.16,2.31,22.80,0.39,0,13.13,0.00,77.42,1,-11,3,0,0,STAT,60,LAT,LON,W,CRC
10/07/25 13:06:31,7.74,201.19,18.51,16.54,2.06,475.06,7.30,84.30,1014.00,1.05,2.23,2.28,6.40,0.31,0,13.13,0.00,77.42,1,-11,4,-1,0,STAT,60,LAT,LON,W,CRC
10/07/25 13:07:28,7.74,202.72,18.92,16.25,2.25,474.48,7.30,84.20,1014.00,1.02,1.98,2.14,357.60,0.32,0,13.13,0.00,77.42,1,-12,4,-1,0,STAT,60,LAT,LON,W,CRC
10/07/25 13:08:31,7.74,209.31,18.89,16.73,1.29,472.67,7.30,84.20,1014.00,1.01,2.43,3.00,356.50,0.42,0,13.13,0.00,77.42,1,-12,4,0,-1,STAT,60,LAT,LON,W,CRC
10/07/25 13:09:28,7.74,223.59,20.82,17.49,2.08,472.01,7.40,84.40,1014.00,1.25,2.15,2.35,358.60,0.52,0,13.13,0.00,77.42,1,-11,3,-1,-1,STAT,60,LAT,LON,W,CRC
10/07/25 13:10:29,7.74,230.19,20.50,16.81,2.40,472.65,7.30,84.40,1014.00,1.31,2.56,2.78,30.30,0.40,0,13.13,0.00,77.42,1,-11,4,-1,-1,STAT,60,LAT,LON,W,CRC
10/07/25 13:11:26,7.74,228.82,19.84,16.61,2.94,472.87,7.40,84.00,1014.00,1.24,2.88,2.96,18.00,0.30,0,13.13,0.00,77.42,1,-11,5,-1,-2,STAT,60,LAT,LON,W,CRC
10/07/25 13:12:28,7.74,230.39,18.34,16.78,2.74,472.20,7.30,84.10,1014.00,1.14,2.89,2.92,47.10,0.49,0,13.13,0.00,74.19,1,-9,5,-1,-1,STAT,60,LAT,LON,W,CRC
10/07/25 13:13:30,7.74,234.92,17.74,17.51,2.31,471.51,7.40,84.60,1014.00,1.10,3.52,3.53,54.40,0.61,0,13.13,0.00,77.42,1,-9,5,0,-1,STAT,60,LAT,LON,W,CRC
10/07/25 13:14:28,7.74,235.02,17.41,16.19,2.76,471.78,7.40,84.70,1014.00,1.32,3.46,3.46,40.70,0.52,0,13.13,0.00,74.19,1,-10,6,-1,-1,STAT,60,LAT,LON,W,CRC
10/07/25 13:15:31,7.74,236.82,18.46,16.44,2.00,471.69,7.40,84.50,1013.00,1.11,3.22,3.64,33.10,0.52,0,13.13,0.00,90.32,1,-10,4,0,-1,STAT,60,LAT,LON,W,CRC
10/07/25 13:16:35,7.74,241.44,18.99,16.43,2.23,471.24,7.30,84.40,1013.00,1.13,2.85,3.42,27.20,0.55,0,13.09,0.00,135.48,1,-11,4,-1,-1,STAT,60,LAT,LON,W,CRC
10/07/25 13:17:32,7.74,252.59,20.43,14.94,2.99,471.25,7.30,84.70,1013.00,1.16,2.62,3.29,14.20,0.59,0,13.13,0.00,77.42,1,-9,5,-1,-1,STAT,60,LAT,LON,W,CRC
10/07/25 13:18:28,7.74,250.59,20.78,14.40,2.99,472.55,7.30,84.90,1013.00,1.11,2.61,3.09,23.40,0.40,0,13.13,0.00,87.10,1,-10,4,-2,-1,STAT,60,LAT,LON,W,CRC
10/07/25 13:19:30,7.74,237.08,20.79,15.64,2.30,474.23,7.30,85.20,1013.00,1.04,2.08,2.44,26.40,0.42,0,13.13,0.00,70.97,1,-10,3,-1,-1,STAT,60,LAT,LON,W,CRC
10/07/25 13:20:32,7.74,219.22,21.14,16.28,1.23,475.78,7.30,85.20,1013.00,1.05,2.20,2.86,18.30,0.52,0,13.13,0.00,70.97,1,-10,2,-1,-2,STAT,60,LAT,LON,W,CRC
10/07/25 13:21:29,7.74,213.86,20.47,16.05,1.32,477.15,7.40,85.10,1013.00,1.08,2.06,2.30,16.80,0.55,0,13.13,0.00,112.90,1,-10,3,0,-1,STAT,60,LAT,LON,W,CRC
10/07/25 13:22:31,7.74,208.45,19.23,16.89,1.66,477.70,7.40,85.10,1013.00,1.21,2.63,2.73,21.80,0.49,0,13.13,0.00,90.32,1,-9,4,0,-1,STAT,60,LAT,LON,W,CRC
10/07/25 13:23:33,7.74,207.39,19.71,16.31,2.76,477.89,7.40,85.10,1013.00,1.59,3.14,3.27,26.00,0.45,0,13.13,0.00,70.97,1,-9,4,-1,-1,STAT,60,LAT,LON,W,CRC
10/07/25 13:24:30,7.74,204.03,18.84,17.04,2.16,477.96,7.40,85.00,1013.00,1.36,2.36,2.64,31.50,0.45,0,13.13,0.00,90.32,1,-10,5,0,-1,STAT,60,LAT,LON,W,CRC
10/07/25 13:25:33,7.74,204.98,18.57,17.81,0.82,478.07,7.40,85.50,1013.00,1.12,2.25,2.87,53.30,0.60,0,13.13,0.00,83.87,1,-11,5,-1,-2,STAT,60,LAT,LON,W,CRC
10/07/25 13:26:29,7.74,208.35,18.94,18.21,1.01,478.80,7.30,86.00,1013.00,1.16,2.44,3.02,56.60,0.72,0,13.13,0.00,83.87,1,-10,5,0,-1,STAT,60,LAT,LON,W,CRC
10/07/25 13:27:32,7.74,204.87,18.19,16.40,1.91,480.39,7.30,86.10,1013.00,1.16,2.78,2.99,37.40,0.50,0,13.13,0.00,90.32,1,-8,5,0,-1,STAT,60,LAT,LON,W,CRC
10/07/25 13:28:29,7.74,204.01,18.26,15.92,2.22,481.38,7.40,86.10,1013.00,1.02,2.72,3.26,28.30,0.48,0,13.13,0.00,74.19,1,-10,5,-1,-1,STAT,60,LAT,LON,W,CRC
10/07/25 13:29:31,7.74,200.65,17.76,15.15,2.11,481.78,7.30,85.90,1013.00,1.35,3.07,3.33,28.10,0.52,0,13.13,0.00,77.42,1,-10,5,-1,-1,STAT,60,LAT,LON,W,CRC
10/07/25 13:30:28,7.74,196.72,18.11,16.15,1.89,481.92,7.30,85.80,1013.00,1.15,2.35,2.81,26.50,0.43,0,13.13,0.00,77.42,1,-11,5,-1,-1,STAT,60,LAT,LON,W,CRC
10/07/25 13:31:30,7.74,190.22,18.67,14.40,2.72,481.43,7.30,85.60,1013.00,0.78,1.83,2.07,23.60,0.40,0,13.13,0.00,77.42,1,-10,5,-1,-1,STAT,60,LAT,LON,W,CRC
10/07/25 13:32:33,7.74,186.11,19.40,14.48,2.34,480.92,7.30,85.60,1013.00,1.12,2.39,2.70,24.50,0.50,0,13.13,0.00,77.42,1,-11,4,-1,-1,STAT,60,LAT,LON,W,CRC
10/07/25 13:33:29,7.74,186.24,18.74,13.90,4.61,480.71,7.30,85.50,1013.00,1.13,1.92,2.50,23.10,0.56,0,13.13,0.00,77.42,1,-9,4,-2,0,STAT,60,LAT,LON,W,CRC
10/07/25 13:34:31,7.74,232.83,19.58,14.41,3.11,480.90,7.30,85.10,1013.00,0.92,1.72,2.06,22.70,0.62,0,13.13,0.00,70.97,1,-10,4,-1,-1,STAT,60,LAT,LON,W,CRC
10/07/25 13:35:29,7.74,224.72,19.57,15.85,1.81,480.39,7.30,84.80,1013.00,1.20,2.37,2.81,21.80,0.63,0,13.13,0.00,90.32,1,-11,3,0,-1,STAT,60,LAT,LON,W,CRC
10/07/25 13:36:38,7.74,201.86,19.04,14.92,2.96,477.45,7.30,84.60,1013.00,1.07,2.52,3.47,22.80,0.57,0,13.09,0.00,122.58,1,-10,4,-1,-1,STAT,60,LAT,LON,W,CRC
10/07/25 13:37:34,7.74,189.24,18.45,15.15,2.25,474.92,7.30,84.40,1013.00,0.89,2.06,2.44,23.30,0.62,0,13.13,0.00,90.32,1,-9,4,-1,-2,STAT,60,LAT,LON,W,CRC
10/07/25 13:38:31,7.74,181.79,18.51,14.90,3.17,473.12,7.30,84.60,1013.00,0.81,2.20,2.33,23.70,0.52,0,13.13,0.00,90.32,1,-9,5,-1,-1,STAT,60,LAT,LON,W,CRC
10/07/25 13:39:34,7.74,182.08,18.56,14.83,2.79,471.86,7.40,84.80,1013.00,0.89,2.00,2.04,24.40,0.51,0,13.13,0.00,70.97,1,-11,4,-1,-1,STAT,60,LAT,LON,W,CRC
10/07/25 13:40:31,7.74,185.35,18.03,14.30,4.12,471.89,7.40,84.80,1013.00,0.96,1.77,1.79,25.10,0.40,0,13.13,0.00,77.42,1,-12,4,-1,-1,STAT,60,LAT,LON,W,CRC
10/07/25 13:41:33,7.74,192.17,18.90,15.13,3.37,471.96,7.40,85.30,1013.00,0.99,1.95,1.99,39.80,0.47,0,13.13,0.00,77.42,1,-10,4,-1,-1,STAT,60,LAT,LON,W,CRC
10/07/25 13:42:35,7.74,204.28,18.39,15.53,3.55,473.83,7.40,85.70,1013.00,0.97,1.94,2.56,47.70,0.53,0,13.13,0.00,90.32,1,-11,4,-2,-1,STAT,60,LAT,LON,W,CRC
10/07/25 13:43:32,7.74,208.24,18.39,14.84,2.92,475.71,7.40,85.50,1013.00,0.88,1.52,1.86,23.90,0.53,0,13.13,0.00,77.42,1,-10,4,-2,-2,STAT,60,LAT,LON,W,CRC
10/07/25 13:44:34,7.74,226.45,19.82,15.71,2.16,476.84,7.40,85.30,1013.00,0.87,2.10,2.23,20.50,0.57,0,13.13,0.00,77.42,1,-9,4,-2,-1,STAT,60,LAT,LON,W,CRC
10/07/25 13:45:31,7.74,391.12,22.26,15.77,1.93,477.55,7.40,85.40,1013.00,2.06,3.91,4.50,24.90,0.54,0,13.13,0.00,74.19,1,-9,5,-1,-1,STAT,60,LAT,LON,W,CRC
10/07/25 13:46:34,7.74,375.87,21.30,14.24,3.25,478.42,7.40,85.50,1013.00,1.58,3.95,4.19,25.70,0.53,0,13.13,0.00,77.42,1,-8,6,-1,-1,STAT,60,LAT,LON,W,CRC
10/07/25 13:47:32,7.74,321.38,20.52,15.47,2.23,479.48,7.40,85.50,1013.00,1.21,2.57,2.99,19.80,0.43,0,13.13,0.00,77.42,1,-10,6,-1,-1,STAT,60,LAT,LON,W,CRC
10/07/25 13:48:34,7.74,273.68,21.27,15.37,3.24,480.92,7.40,85.50,1013.00,1.08,2.20,2.53,16.80,0.54,0,13.13,0.00,90.32,1,-10,4,-1,-1,STAT,60,LAT,LON,W,CRC
10/07/25 13:49:31,7.74,240.44,20.35,15.45,3.08,481.13,7.30,85.20,1013.00,1.01,1.89,2.00,19.60,0.66,1,13.13,0.00,86.36,1,-11,4,-1,-1,STAT,60,LAT,LON,W,CRC
10/07/25 13:50:33,7.74,224.32,20.14,14.47,3.64,480.27,7.30,85.00,1013.00,0.66,1.47,1.51,25.10,0.66,1,13.13,0.00,85.16,1,-10,2,-1,-2,STAT,60,LAT,LON,W,CRC
10/07/25 13:51:34,7.74,226.53,19.32,14.56,3.58,479.45,7.30,85.00,1013.00,0.60,1.25,1.27,22.60,0.54,1,13.13,0.00,82.52,1,-10,4,-1,-1,STAT,60,LAT,LON,W,CRC
10/07/25 13:52:32,7.74,231.68,19.82,15.04,3.40,479.17,7.30,85.50,1013.00,0.90,1.85,1.85,37.80,0.48,1,13.13,0.00,82.87,1,-9,3,-1,-1,STAT,60,LAT,LON,W,CRC
10/07/25 13:53:33,7.74,248.04,18.66,15.02,2.18,479.94,7.40,85.90,1013.00,0.89,2.38,2.63,38.40,0.39,1,13.13,0.00,86.53,1,-11,5,-1,-2,STAT,60,LAT,LON,W,CRC
10/07/25 13:54:30,7.74,252.24,17.93,15.05,2.16,481.17,7.40,85.90,1013.00,0.93,2.46,2.55,32.20,0.42,1,13.13,0.00,84.54,1,-11,6,-1,-2,STAT,60,LAT,LON,W,CRC
10/07/25 13:55:33,7.74,257.31,19.26,14.43,4.36,481.71,7.40,85.60,1013.00,2.08,3.77,4.39,28.50,0.51,1,13.13,0.00,78.36,1,-12,5,-1,-1,STAT,60,LAT,LON,W,CRC
10/07/25 13:56:41,7.74,276.18,20.07,15.33,2.61,482.14,7.40,85.30,1013.00,2.75,4.81,5.29,21.70,0.56,1,13.13,0.00,84.94,1,-11,4,-1,-2,STAT,60,LAT,LON,W,CRC
10/07/25 13:57:33,7.74,286.49,20.86,14.70,3.26,482.06,7.40,85.30,1013.00,2.11,3.50,4.06,23.10,0.52,1,13.13,0.00,79.11,1,-12,3,-1,-1,STAT,60,LAT,LON,W,CRC
10/07/25 13:58:35,7.74,270.81,19.67,15.08,3.31,482.02,7.40,85.20,1013.00,1.41,2.94,3.25,31.20,0.43,1,13.13,0.00,77.31,1,-11,5,-1,-1,STAT,60,LAT,LON,W,CRC
10/07/25 13:59:36,7.74,263.09,19.81,16.42,3.72,482.01,7.40,85.40,1013.00,1.17,2.87,3.02,24.00,0.54,1,13.09,0.00,86.33,1,-12,3,-1,-1,STAT,60,LAT,LON,W,CRC
10/07/25 14:00:34,7.74,262.32,19.59,16.33,3.85,482.46,7.40,85.30,1013.00,1.57,4.11,4.69,25.90,0.47,1,13.13,0.00,83.58,1,-12,4,-1,-1,STAT,60,LAT,LON,W,CRC
10/07/25 14:01:36,7.74,256.64,19.63,16.87,2.28,482.81,7.40,85.20,1013.00,1.44,3.66,3.87,24.30,0.43,1,13.13,0.00,79.75,1,-11,4,-1,-1,STAT,60,LAT,LON,W,CRC
10/07/25 14:02:32,7.74,255.98,18.87,15.69,3.25,482.93,7.40,85.10,1013.00,1.14,3.07,3.14,23.70,0.46,1,13.13,0.00,80.65,1,-12,4,-2,-1,STAT,60,LAT,LON,W,CRC
10/07/25 14:03:34,7.74,258.30,18.97,16.29,2.84,482.52,7.40,85.10,1013.00,0.90,2.33,2.45,32.90,0.37,1,13.13,0.00,87.03,1,-11,4,-1,-1,STAT,60,LAT,LON,W,CRC
10/07/25 14:04:37,7.74,257.54,18.83,15.88,2.19,482.18,7.40,85.00,1013.00,0.89,2.59,2.87,27.40,0.37,1,13.13,0.00,86.83,1,-13,5,-1,-1,STAT,60,LAT,LON,W,CRC
10/07/25 14:05:34,7.74,259.41,18.59,16.26,2.15,481.58,7.40,84.90,1013.00,1.29,3.44,3.60,19.40,0.37,1,13.13,0.00,86.85,1,-12,5,0,-1,STAT,60,LAT,LON,W,CRC
10/07/25 14:06:36,7.74,265.64,18.67,16.11,2.62,481.36,7.40,85.20,1013.00,1.10,2.33,3.31,36.30,0.41,1,13.13,0.00,80.14,1,-14,5,-1,-1,STAT,60,LAT,LON,W,CRC
10/07/25 14:07:33,7.74,272.73,20.62,16.39,2.73,481.76,7.40,85.10,1013.00,1.03,2.44,3.04,22.80,0.43,1,13.13,0.00,80.81,1,-13,5,-1,-2,STAT,60,LAT,LON,W,CRC
10/07/25 14:08:35,7.74,277.47,20.54,18.33,1.80,482.50,7.40,85.40,1013.00,1.13,2.61,2.83,36.40,0.44,1,13.13,0.00,76.06,1,-13,5,-1,-1,STAT,60,LAT,LON,W,CRC
10/07/25 14:09:32,7.74,295.41,20.39,18.39,2.17,484.11,7.50,85.80,1013.00,1.45,2.76,3.40,36.20,0.39,1,13.13,0.00,75.58,1,-14,5,-1,-1,STAT,60,LAT,LON,W,CRC
10/07/25 14:10:34,7.74,314.79,21.68,17.18,2.61,486.48,7.50,86.10,1013.00,2.16,3.67,4.03,36.90,0.52,1,13.13,0.00,82.36,1,-14,4,-1,-1,STAT,60,LAT,LON,W,CRC
10/07/25 14:11:32,7.74,313.42,21.56,16.88,2.89,488.03,7.50,85.60,1013.00,2.19,4.22,4.35,16.30,0.53,1,13.13,0.00,77.87,1,-13,5,-1,-1,STAT,60,LAT,LON,W,CRC
10/07/25 14:12:34,7.74,311.27,20.79,15.25,4.41,488.55,7.50,85.40,1013.00,1.69,3.30,3.62,15.50,0.54,1,13.13,0.00,79.15,1,-13,5,-2,-1,STAT,60,LAT,LON,W,CRC
10/07/25 14:13:36,7.74,309.41,21.91,16.89,2.23,488.43,7.50,85.30,1013.00,1.24,2.89,3.00,22.70,0.58,1,13.13,0.00,84.11,1,-14,5,-1,-1,STAT,60,LAT,LON,W,CRC
10/07/25 14:14:33,7.74,310.57,21.63,17.20,2.41,488.57,7.50,85.50,1013.00,1.31,3.14,3.39,25.30,0.55,1,13.09,0.00,81.48,1,-14,7,-1,-1,STAT,60,LAT,LON,W,CRC
10/07/25 14:15:36,7.74,327.26,20.84,16.08,3.43,488.85,7.50,85.30,1013.00,1.08,2.28,2.36,16.30,0.58,1,13.13,0.00,84.44,1,-14,6,-1,-1,STAT,60,LAT,LON,W,CRC
10/07/25 14:16:44,7.74,309.64,21.11,17.07,1.67,488.79,7.50,85.10,1013.00,1.03,2.08,2.31,22.60,0.52,1,13.09,0.00,92.56,1,-12,4,0,-1,STAT,60,LAT,LON,W,CRC
10/07/25 14:17:36,7.74,295.21,19.95,15.74,2.31,488.33,7.50,85.10,1013.00,1.01,2.57,2.67,20.20,0.41,1,13.13,0.00,87.34,1,-15,5,-1,-1,STAT,60,LAT,LON,W,CRC
10/07/25 14:18:38,7.74,295.56,20.57,16.19,2.71,488.12,7.50,85.20,1013.00,1.08,2.03,2.06,35.90,0.39,1,13.13,0.00,81.97,1,-14,4,-1,-1,STAT,60,LAT,LON,W,CRC
10/07/25 14:19:35,7.74,300.53,19.83,16.33,2.18,487.59,7.40,85.20,1013.00,1.15,2.37,2.38,49.00,0.47,1,13.13,0.00,76.93,1,-15,5,-1,-1,STAT,60,LAT,LON,W,CRC
10/07/25 14:20:37,7.74,307.06,20.52,16.55,2.71,488.53,7.50,86.10,1013.00,2.55,3.95,3.97,47.70,0.63,1,13.13,0.00,76.69,1,-14,5,-1,-1,STAT,60,LAT,LON,W,CRC
10/07/25 14:21:34,7.74,305.27,21.78,15.93,2.88,490.51,7.50,86.00,1013.00,1.77,3.39,3.88,37.50,0.50,1,13.13,0.00,79.24,1,-12,3,-1,-1,STAT,60,LAT,LON,W,CRC
10/07/25 14:22:36,7.74,306.24,20.70,16.16,2.45,491.55,7.50,86.10,1013.00,1.38,2.75,3.11,23.70,0.40,1,13.13,0.00,78.67,1,-13,4,-1,-2,STAT,60,LAT,LON,W,CRC
10/07/25 14:23:34,7.74,302.85,20.96,16.41,2.20,492.25,7.50,85.70,1013.00,1.30,2.54,3.00,27.20,0.32,1,13.09,0.00,86.00,1,-14,4,-1,-1,STAT,60,LAT,LON,W,CRC
10/07/25 14:24:36,7.74,304.60,20.15,16.54,2.11,492.66,7.50,85.60,1013.00,1.22,2.55,2.79,42.70,0.35,1,13.13,0.00,78.26,1,-14,5,-1,-1,STAT,60,LAT,LON,W,CRC
10/07/25 14:25:33,7.74,308.99,21.31,17.06,1.54,492.87,7.50,85.80,1013.00,1.10,2.68,2.76,36.70,0.36,1,13.13,0.00,77.39,1,-14,6,-1,-1,STAT,60,LAT,LON,W,CRC
10/07/25 14:26:36,7.74,318.65,22.69,17.11,1.21,492.51,7.50,85.70,1013.00,1.08,2.95,3.05,46.00,0.38,1,13.13,0.00,81.41,1,-13,5,-1,-2,STAT,60,LAT,LON,W,CRC
10/07/25 14:27:38,7.74,321.75,22.98,17.80,1.23,492.75,7.50,85.90,1013.00,1.08,2.86,3.32,48.90,0.49,1,13.13,0.00,80.19,1,-13,3,0,-2,STAT,60,LAT,LON,W,CRC
10/07/25 14:28:35,7.75,322.49,22.26,17.66,2.05,493.81,7.50,85.80,1013.00,1.23,3.09,3.25,40.20,0.43,1,13.13,0.00,83.38,1,-13,3,0,-1,STAT,60,LAT,LON,W,CRC
10/07/25 14:29:37,7.77,313.33,21.15,18.42,0.86,494.35,7.50,86.00,1013.00,1.08,2.43,2.48,53.00,0.64,1,13.13,0.00,89.21,1,-13,5,0,-2,STAT,60,LAT,LON,W,CRC
10/07/25 14:30:35,7.80,306.39,21.58,17.58,1.85,493.91,7.60,86.00,1013.00,1.03,2.54,2.79,35.90,0.51,1,13.13,0.82,87.38,1,-14,5,-2,-2,STAT,60,LAT,LON,W,CRC
10/07/25 14:31:37,7.82,316.15,21.82,17.96,1.92,492.89,7.50,85.80,1013.00,1.43,3.27,3.40,21.50,0.52,1,13.13,2.55,79.01,1,-15,5,-1,-1,STAT,60,LAT,LON,W,CRC
10/07/25 14:32:34,7.82,350.10,23.54,16.67,2.67,492.34,7.50,85.60,1013.00,1.41,3.45,3.82,23.50,0.62,1,13.13,4.33,82.10,1,-13,5,-1,-1,STAT,60,LAT,LON,W,CRC
10/07/25 14:33:37,7.84,390.01,24.34,16.87,1.97,492.35,7.60,85.70,1013.00,1.59,3.22,4.03,28.60,0.48,1,13.13,5.85,84.58,1,-13,4,-2,-1,STAT,60,LAT,LON,W,CRC
10/07/25 14:34:34,7.84,427.59,24.36,17.16,2.64,492.13,7.60,85.70,1013.00,1.49,3.50,3.77,34.60,0.49,1,13.13,6.26,85.18,1,-12,4,-1,-1,STAT,60,LAT,LON,W,CRC
10/07/25 14:35:36,7.84,396.65,25.57,17.45,2.05,492.05,7.60,85.60,1013.00,1.30,3.68,3.77,40.50,0.53,1,13.13,7.40,82.77,1,-13,4,-1,-1,STAT,60,LAT,LON,W,CRC
10/07/25 14:36:38,7.84,378.15,25.70,17.57,1.10,491.56,7.60,85.30,1013.00,1.32,3.85,3.88,27.10,0.55,1,13.13,11.45,85.06,1,-15,3,-1,-1,STAT,60,LAT,LON,W,CRC
10/07/25 14:37:37,7.84,375.68,22.98,16.30,3.15,491.57,7.60,85.10,1013.00,1.76,3.75,3.99,24.00,0.50,1,13.13,10.72,87.91,1,-13,5,-2,-1,STAT,60,LAT,LON,W,CRC
10/07/25 14:38:39,7.84,341.88,21.04,14.99,3.00,490.88,7.60,85.00,1013.00,1.34,2.64,2.72,25.70,0.36,1,13.13,12.05,78.23,1,-14,6,-1,-2,STAT,60,LAT,LON,W,CRC
10/07/25 14:39:36,7.84,326.43,20.63,15.04,3.59,490.34,7.60,85.30,1013.00,1.28,2.29,2.32,42.50,0.38,1,13.13,13.27,75.95,1,-14,5,-1,-1,STAT,60,LAT,LON,W,CRC
10/07/25 14:40:38,7.85,332.36,20.21,15.14,3.53,491.40,7.60,85.50,1013.00,1.10,2.05,2.70,54.00,0.53,1,13.13,14.89,77.58,1,-14,5,-2,-2,STAT,60,LAT,LON,W,CRC
10/07/25 14:41:40,7.87,351.23,21.06,16.35,1.80,494.48,7.60,85.70,1013.00,1.04,2.54,2.87,47.20,0.49,1,13.13,15.66,81.89,1,-13,5,-1,-2,STAT,60,LAT,LON,W,CRC
10/07/25 14:42:37,7.90,335.00,20.94,16.35,0.91,496.65,7.70,85.50,1013.00,1.16,2.59,3.00,28.00,0.42,1,13.13,18.02,78.14,1,-14,4,-1,-2,STAT,60,LAT,LON,W,CRC
10/07/25 14:43:40,7.92,316.97,22.34,15.40,1.87,497.52,7.70,85.60,1013.00,1.06,2.14,2.65,21.50,0.49,1,13.13,20.04,93.13,1,-14,4,-2,-2,STAT,60,LAT,LON,W,CRC
10/07/25 14:44:37,7.94,309.63,21.42,16.43,2.12,497.59,7.70,85.60,1013.00,0.90,1.75,1.92,31.10,0.40,1,13.13,21.78,82.23,1,-15,5,-1,-2,STAT,60,LAT,LON,W,CRC
10/07/25 14:45:40,7.94,308.98,20.96,16.99,1.61,497.21,7.80,85.70,1013.00,1.23,1.89,2.17,43.20,0.44,1,13.13,24.31,83.88,1,-15,6,-1,-1,STAT,60,LAT,LON,W,CRC
10/07/25 14:46:37,7.94,308.65,21.06,16.63,1.50,497.08,7.80,85.40,1013.00,1.09,1.88,2.10,27.40,0.47,1,13.13,25.63,85.31,1,-16,4,-1,-1,STAT,60,LAT,LON,W,CRC
10/07/25 14:47:39,7.94,314.88,20.46,16.95,0.59,496.94,7.80,85.30,1013.00,1.64,2.22,2.45,39.70,0.43,1,13.13,28.07,81.90,1,-16,5,-1,-2,STAT,60,LAT,LON,W,CRC
10/07/25 14:48:36,7.95,341.36,26.86,17.86,0.64,496.98,7.80,85.10,1013.00,1.88,3.34,4.27,52.10,0.54,1,13.16,29.79,83.22,1,-16,5,-1,-2,STAT,60,LAT,LON,W,CRC
10/07/25 14:49:38,7.98,336.64,26.56,18.09,0.50,496.76,7.80,84.90,1013.00,1.34,2.63,2.96,34.80,0.52,1,13.13,31.56,78.23,1,-15,4,-1,-2,STAT,60,LAT,LON,W,CRC
10/07/25 14:50:40,8.01,363.83,26.62,18.22,0.11,496.56,7.90,84.80,1013.00,1.40,2.85,2.97,41.40,0.47,1,13.16,32.82,83.40,1,-16,4,-1,-2,STAT,60,LAT,LON,W,CRC
10/07/25 14:51:37,8.03,457.11,26.15,18.70,0.38,497.71,7.90,85.00,1013.00,1.58,2.99,3.03,43.90,0.52,1,13.13,34.65,81.47,1,-15,4,-1,-2,STAT,60,LAT,LON,W,CRC
10/07/25 14:52:40,8.04,459.85,25.54,17.26,1.20,500.03,8.00,84.80,1013.00,1.94,3.16,3.17,33.50,0.37,1,13.16,37.22,78.10,1,-14,3,-1,-2,STAT,60,LAT,LON,W,CRC
10/07/25 14:53:41,8.04,423.03,23.36,17.25,0.78,501.31,8.00,84.70,1013.00,1.45,2.78,2.97,33.70,0.39,1,13.16,38.58,83.72,1,-16,4,-2,-3,STAT,60,LAT,LON,W,CRC
10/07/25 14:54:39,8.05,394.27,22.90,17.97,-0.12,501.19,8.00,84.40,1013.00,1.20,2.66,2.84,38.50,0.31,1,13.16,40.76,78.64,1,-17,4,-1,-2,STAT,60,LAT,LON,W,CRC
10/07/25 14:55:40,8.10,378.58,23.31,17.20,1.20,501.07,8.00,84.10,1013.00,1.07,2.56,2.87,43.00,0.30,1,13.16,42.10,81.09,1,-17,3,-1,-2,STAT,60,LAT,LON,W,CRC
10/07/25 14:56:38,8.13,373.52,22.91,16.74,3.32,500.80,8.10,83.90,1013.00,1.02,2.20,2.78,39.80,0.36,1,13.16,44.20,82.21,1,-16,3,-2,-1,STAT,60,LAT,LON,W,CRC
10/07/25 14:57:38,8.14,392.46,23.31,16.43,2.35,499.82,8.10,83.90,1013.00,1.36,2.61,3.25,31.60,0.36,1,13.16,48.16,89.79,1,-17,2,-2,-2,STAT,60,LAT,LON,W,CRC
10/07/25 14:58:40,8.15,422.02,23.69,16.96,1.98,499.29,8.20,83.70,1013.00,1.27,2.57,2.97,22.80,0.40,1,13.16,53.23,87.57,1,-15,4,-2,-2,STAT,60,LAT,LON,W,CRC
10/07/25 14:59:37,8.15,479.02,27.95,16.03,3.13,499.11,8.20,83.70,1013.00,1.34,2.60,2.73,44.20,0.44,1,13.16,57.09,82.46,1,-14,3,-2,-3,STAT,60,LAT,LON,W,CRC
10/07/25 15:00:39,8.18,512.67,29.52,18.32,1.10,499.20,8.20,83.60,1012.00,1.96,3.82,4.21,41.60,0.40,1,13.16,60.54,87.18,1,-14,3,-1,-2,STAT,60,LAT,LON,W,CRC
10/07/25 15:01:36,8.21,535.54,30.13,18.01,1.63,499.69,8.20,83.40,1012.00,2.54,5.08,5.24,45.00,0.26,1,13.16,60.69,86.79,1,-14,3,-1,-2,STAT,60,LAT,LON,W,CRC
10/07/25 15:02:38,8.24,534.33,29.35,18.20,0.95,499.89,8.30,83.30,1012.00,2.83,5.72,5.89,45.00,0.25,1,13.16,64.68,87.87,1,-14,4,-1,-2,STAT,60,LAT,LON,W,CRC
10/07/25 15:03:38,8.24,511.86,27.76,19.19,0.01,499.96,8.30,83.30,1012.00,2.89,5.46,5.70,30.60,0.24,1,13.16,68.72,86.32,1,-14,4,-1,-2,STAT,60,LAT,LON,W,CRC
10/07/25 15:04:40,8.25,482.20,26.43,17.63,0.63,499.99,8.40,83.20,1012.00,2.71,4.61,5.27,31.10,0.26,1,13.16,71.40,78.25,1,-14,4,-2,-2,STAT,60,LAT,LON,W,CRC
10/07/25 15:05:42,8.28,649.66,31.72,17.65,0.78,499.56,8.40,83.50,1012.00,2.07,3.50,3.85,43.30,0.38,1,13.20,75.91,76.82,1,-13,5,-2,-2,STAT,60,LAT,LON,W,CRC
10/07/25 15:06:39,8.32,684.46,31.61,16.85,1.57,499.46,8.50,83.30,1012.00,1.96,3.37,3.49,42.40,0.32,1,13.20,81.44,77.96,1,-12,4,-2,-2,STAT,60,LAT,LON,W,CRC
10/07/25 15:07:41,8.34,647.66,30.58,16.96,1.52,499.16,8.50,83.10,1012.00,2.03,4.37,4.41,49.60,0.24,1,13.20,88.85,76.25,1,-13,5,-3,-2,STAT,60,LAT,LON,W,CRC
10/07/25 15:08:38,8.35,630.61,29.04,16.93,1.50,499.06,8.50,83.00,1012.00,7.62,9.52,9.72,42.20,0.31,1,13.20,96.41,76.91,1,-14,6,-3,-2,STAT,60,LAT,LON,W,CRC
10/07/25 15:09:40,8.36,601.39,28.25,16.34,2.02,499.02,8.50,83.10,1012.00,19.03,21.84,22.05,43.30,0.23,1,13.20,105.51,78.62,1,-15,6,-2,-2,STAT,60,LAT,LON,W,CRC
10/07/25 15:10:42,8.41,654.26,27.28,17.46,0.01,499.01,8.60,83.20,1012.00,10.07,12.39,12.67,19.90,0.24,1,13.20,114.30,77.40,1,-12,5,-2,-3,STAT,60,LAT,LON,W,CRC
10/07/25 15:11:39,8.44,659.32,27.53,18.53,-0.24,499.94,8.70,83.10,1012.00,10.04,12.07,12.17,42.50,0.45,1,13.20,122.28,76.33,1,-11,6,-2,-3,STAT,60,LAT,LON,W,CRC
10/07/25 15:12:40,8.45,596.46,26.57,18.22,0.68,502.07,8.80,82.80,1012.00,10.93,12.60,13.04,31.60,0.35,1,13.24,132.45,79.37,1,-11,6,-1,-3,STAT,60,LAT,LON,W,CRC
10/07/25 15:13:42,8.49,565.07,27.26,18.85,0.19,502.82,8.80,82.30,1012.00,9.48,10.94,11.15,30.90,0.28,1,13.24,145.39,85.31,1,-12,5,-2,-3,STAT,60,LAT,LON,W,CRC
10/07/25 15:14:39,8.53,584.51,26.66,18.11,-0.38,502.93,8.90,82.40,1012.00,6.95,8.55,8.90,16.10,0.26,1,13.24,159.95,80.66,1,-13,6,-2,-3,STAT,60,LAT,LON,W,CRC
10/07/25 15:15:40,8.54,552.55,29.74,19.05,1.96,502.89,9.00,81.80,1012.00,4.82,6.75,6.98,120.70,0.19,1,13.27,187.74,76.08,1,-14,5,-2,-2,STAT,60,LAT,LON,W,CRC
10/07/25 15:16:43,8.58,496.85,31.39,20.10,1.71,500.94,9.10,81.00,1012.00,3.78,6.32,6.40,143.00,0.43,1,13.34,335.11,79.76,1,-16,5,-2,-2,STAT,60,LAT,LON,W,CRC
10/07/25 15:17:39,8.62,485.69,31.04,20.36,1.17,499.74,9.20,80.80,1012.00,3.36,5.97,6.00,130.00,0.37,1,13.52,628.36,81.48,1,-18,7,-2,-3,STAT,60,LAT,LON,W,CRC
10/07/25 15:18:40,8.65,481.78,31.69,19.77,1.42,499.26,9.40,80.90,1012.00,2.85,5.67,6.08,115.10,0.29,1,13.59,851.35,82.97,1,-17,5,-3,-3,STAT,60,LAT,LON,W,CRC
10/07/25 15:19:38,8.71,477.63,30.59,18.13,2.17,499.02,9.50,79.40,1012.00,3.38,5.98,6.29,132.90,0.25,1,13.63,922.23,80.61,1,-17,6,-4,-3,STAT,60,LAT,LON,W,CRC
10/07/25 15:20:39,8.77,457.48,30.85,17.83,1.24,498.06,9.60,79.40,1012.00,3.15,5.99,6.28,92.60,0.21,1,13.52,805.40,80.96,1,-17,4,-3,-3,STAT,60,LAT,LON,W,CRC
10/07/25 15:21:37,8.82,455.31,30.31,18.93,0.56,497.18,9.70,78.00,1012.00,3.11,5.45,5.54,115.30,0.60,1,13.41,517.70,79.30,1,-16,5,-3,-4,STAT,60,LAT,LON,W,CRC
10/07/25 15:22:38,8.90,441.42,29.94,18.87,0.46,496.06,9.80,77.70,1012.00,3.15,5.32,5.57,114.30,0.43,1,13.41,355.84,78.23,1,-15,4,-3,-4,STAT,60,LAT,LON,W,CRC
10/07/25 15:23:43,8.97,433.16,31.40,20.52,-1.36,495.25,9.90,78.00,1012.00,3.30,5.51,5.87,81.00,0.46,1,13.38,284.60,84.60,1,-18,5,-2,-3,STAT,60,LAT,LON,W,CRC
10/07/25 15:24:40,9.02,424.36,30.77,19.27,0.46,495.02,10.00,78.10,1012.00,2.92,5.25,5.85,76.80,0.40,1,13.38,241.53,82.17,1,-17,6,-3,-3,STAT,60,LAT,LON,W,CRC
10/07/25 15:25:42,9.09,407.85,28.31,18.91,-0.63,494.23,10.10,77.80,1012.00,2.90,5.23,5.52,79.60,0.26,1,13.34,210.53,77.11,1,-18,7,-3,-3,STAT,60,LAT,LON,W,CRC
10/07/25 15:26:43,9.13,396.73,29.25,18.34,0.21,492.48,10.10,78.00,1012.00,2.41,4.28,5.12,101.00,0.23,1,13.34,218.08,78.64,1,-19,6,-3,-4,STAT,60,LAT,LON,W,CRC
10/07/25 15:27:40,9.19,405.60,30.64,17.73,-0.71,490.95,10.20,78.40,1012.00,2.91,4.86,5.15,49.80,0.16,1,13.38,245.10,75.40,1,-20,6,-3,-4,STAT,60,LAT,LON,W,CRC
10/07/25 15:28:42,9.23,429.34,32.16,17.08,0.87,491.96,10.20,78.50,1012.00,3.05,5.27,5.52,26.40,0.21,1,13.34,250.24,76.37,1,-19,5,-3,-4,STAT,60,LAT,LON,W,CRC
10/07/25 15:29:44,9.30,449.62,31.78,17.61,1.36,494.24,10.20,78.70,1012.00,3.02,5.76,5.93,31.00,0.30,1,13.38,279.70,74.52,1,-17,5,-3,-4,STAT,60,LAT,LON,W,CRC
10/07/25 15:30:41,9.33,457.49,30.34,17.48,-0.23,496.92,10.20,78.50,1012.00,2.76,5.22,5.82,15.40,0.38,1,13.41,330.87,80.04,1,-18,6,-3,-4,STAT,60,LAT,LON,W,CRC
10/07/25 15:31:43,9.40,455.19,29.23,17.90,-0.77,499.46,10.30,78.30,1012.00,2.79,5.03,5.24,29.70,0.31,1,13.45,438.52,76.21,1,-18,6,-2,-4,STAT,60,LAT,LON,W,CRC
10/07/25 15:32:44,9.44,463.76,30.34,16.77,0.42,500.46,10.30,78.90,1012.00,2.43,4.35,4.98,24.60,0.32,1,13.48,508.92,74.02,1,-18,5,-3,-4,STAT,60,LAT,LON,W,CRC
10/07/25 15:33:41,9.51,484.55,29.79,17.21,-0.89,501.25,10.40,78.10,1012.00,2.51,3.94,4.28,14.70,0.35,1,13.52,549.81,73.05,1,-18,6,-3,-4,STAT,60,LAT,LON,W,CRC
10/07/25 15:34:42,9.57,494.49,29.35,16.58,0.63,502.03,10.40,78.30,1012.00,2.38,4.37,4.52,25.50,0.44,1,13.52,678.84,77.55,1,-19,7,-4,-3,STAT,60,LAT,LON,W,CRC
10/07/25 15:35:44,9.63,503.85,28.63,16.02,0.63,503.20,10.40,77.10,1012.00,2.29,4.39,4.66,22.30,0.47,1,13.41,436.03,82.98,1,-20,6,-3,-4,STAT,60,LAT,LON,W,CRC
10/07/25 15:36:45,9.71,496.95,28.64,16.27,0.90,503.14,10.50,77.40,1012.00,2.66,4.26,5.02,28.70,0.36,1,13.38,308.06,77.68,1,-21,6,-4,-4,STAT,60,LAT,LON,W,CRC
10/07/25 15:37:41,9.76,488.66,29.82,16.96,0.31,503.46,10.50,77.20,1012.00,3.06,5.46,5.80,41.90,0.34,1,13.38,287.73,80.95,1,-22,6,-3,-4,STAT,60,LAT,LON,W,CRC
10/07/25 15:38:42,9.82,483.28,30.56,17.54,-0.03,503.35,10.50,76.80,1012.00,3.23,5.54,6.07,54.90,0.57,1,13.38,252.42,77.83,1,-22,7,-3,-4,STAT,60,LAT,LON,W,CRC
10/07/25 15:39:44,9.86,498.60,30.68,17.38,-0.91,504.66,10.50,77.10,1012.00,3.24,6.06,6.24,56.20,0.59,1,13.38,236.99,82.64,1,-19,6,-2,-4,STAT,60,LAT,LON,W,CRC
10/07/25 15:40:40,9.92,485.52,29.48,16.27,-0.92,507.72,10.50,77.40,1012.00,3.00,5.48,5.87,40.60,0.43,1,13.34,230.04,86.68,1,-20,6,-3,-4,STAT,60,LAT,LON,W,CRC
10/07/25 15:41:42,9.95,469.47,30.33,16.45,-0.87,510.11,10.50,77.40,1012.00,2.99,5.52,5.65,17.40,0.38,1,13.38,232.12,83.54,1,-22,5,-3,-4,STAT,60,LAT,LON,W,CRC
10/07/25 15:42:44,10.01,466.04,31.18,17.07,-1.28,513.34,10.60,77.40,1012.00,2.81,4.85,5.57,26.50,0.43,1,13.38,239.41,77.61,1,-22,5,-3,-5,STAT,60,LAT,LON,W,CRC
10/07/25 15:43:42,10.04,470.84,35.42,17.54,-0.39,515.59,10.50,77.40,1012.00,2.46,4.44,5.13,29.30,0.37,1,13.38,248.65,86.91,1,-20,5,-2,-4,STAT,60,LAT,LON,W,CRC
10/07/25 15:44:44,10.10,498.72,42.68,17.50,0.28,515.63,10.60,77.60,1012.00,2.65,5.68,6.22,33.70,0.33,1,13.38,272.15,85.27,1,-22,7,-4,-4,STAT,60,LAT,LON,W,CRC
10/07/25 15:45:46,10.14,497.40,39.76,17.29,-0.81,513.94,10.60,77.80,1012.00,2.88,5.66,5.84,30.10,0.36,1,13.38,283.13,76.98,1,-20,6,-3,-4,STAT,60,LAT,LON,W,CRC
10/07/25 15:46:42,10.18,497.03,38.11,16.39,-0.97,511.66,10.60,78.20,1012.00,2.69,4.94,5.40,15.60,0.33,1,13.38,271.03,76.67,1,-23,6,-3,-5,STAT,60,LAT,LON,W,CRC
10/07/25 15:47:43,10.23,512.13,36.76,15.77,-0.11,510.38,10.70,77.90,1012.00,2.94,5.10,5.63,18.30,0.32,1,13.38,266.45,79.80,1,-22,6,-3,-4,STAT,60,LAT,LON,W,CRC
10/07/25 15:48:45,10.25,524.97,34.91,16.59,-1.74,510.49,10.70,78.20,1012.00,2.88,4.80,5.24,19.10,0.26,1,13.38,265.30,79.00,1,-24,7,-3,-5,STAT,60,LAT,LON,W,CRC
10/07/25 15:49:46,10.32,506.79,34.22,15.52,0.20,510.82,10.70,77.80,1012.00,4.17,6.29,6.76,14.20,0.33,1,13.38,264.74,76.26,1,-21,6,-4,-4,STAT,60,LAT,LON,W,CRC
10/07/25 15:50:43,10.34,497.72,33.85,16.58,-0.27,511.73,10.80,77.70,1012.00,5.63,8.15,9.04,21.80,0.36,1,13.38,266.42,78.79,1,-21,6,-3,-4,STAT,60,LAT,LON,W,CRC
10/07/25 15:51:44,10.39,487.65,33.56,16.07,0.11,513.09,10.80,77.90,1012.00,4.84,7.21,7.87,16.00,0.37,1,13.38,271.97,75.12,1,-22,6,-3,-5,STAT,60,LAT,LON,W,CRC
10/07/25 15:52:46,10.43,497.30,34.11,17.16,-0.67,514.13,10.80,77.70,1012.00,4.05,6.75,7.30,45.90,0.42,1,13.38,290.80,83.36,1,-24,6,-3,-4,STAT,60,LAT,LON,W,CRC
10/07/25 15:53:42,10.46,496.69,33.66,17.25,-2.21,515.63,10.90,77.20,1012.00,3.99,6.89,7.15,37.50,0.28,1,13.41,338.15,80.81,1,-23,6,-3,-5,STAT,60,LAT,LON,W,CRC
10/07/25 15:54:43,10.52,496.54,34.46,16.17,-2.23,514.78,10.90,77.20,1012.00,3.69,6.96,7.05,17.70,0.35,1,13.41,346.11,76.22,1,-22,8,-3,-5,STAT,60,LAT,LON,W,CRC
10/07/25 15:55:45,10.55,497.71,35.22,16.82,-2.48,513.28,10.90,77.50,1012.00,3.67,7.07,7.24,29.00,0.38,1,13.45,376.79,74.46,1,-22,7,-3,-5,STAT,60,LAT,LON,W,CRC
10/07/25 15:56:41,10.60,516.37,37.89,16.19,-0.95,512.50,10.90,77.00,1012.00,5.57,8.91,8.97,57.10,0.61,1,13.41,380.05,84.54,1,-21,7,-3,-5,STAT,60,LAT,LON,W,CRC
10/07/25 15:57:42,10.64,530.15,39.51,16.70,-0.53,514.57,11.00,77.00,1012.00,6.57,9.68,9.99,39.90,0.35,1,13.45,410.69,81.08,1,-22,5,-3,-5,STAT,60,LAT,LON,W,CRC
10/07/25 15:58:44,10.69,538.84,39.62,17.25,-0.84,516.14,11.10,77.30,1012.00,6.30,9.20,9.56,46.90,0.45,1,13.41,424.02,80.98,1,-21,5,-3,-5,STAT,60,LAT,LON,W,CRC
10/07/25 15:59:45,10.73,522.86,39.52,16.00,-0.35,515.15,11.10,77.40,1012.00,5.52,8.82,9.02,33.20,0.31,1,13.45,364.01,76.99,1,-22,6,-3,-5,STAT,60,LAT,LON,W,CRC
10/07/25 16:00:41,10.77,561.61,48.71,17.19,-1.56,513.28,11.20,76.80,1012.00,5.84,8.27,8.55,11.80,0.27,1,13.48,431.53,75.11,1,-22,7,-3,-5,STAT,60,LAT,LON,W,CRC
10/07/25 16:01:43,10.82,604.28,54.10,16.94,0.30,512.53,11.30,77.30,1012.00,5.37,7.99,8.88,22.60,0.27,1,13.41,402.35,77.78,1,-21,8,-4,-4,STAT,60,LAT,LON,W,CRC
10/07/25 16:02:45,10.86,605.23,49.29,17.14,0.14,513.19,11.30,76.20,1012.00,5.69,8.48,8.85,40.40,0.28,1,13.41,322.07,79.86,1,-20,8,-4,-4,STAT,60,LAT,LON,W,CRC
10/07/25 16:03:43,10.92,583.02,46.99,16.45,0.58,515.22,11.40,77.20,1012.00,5.98,8.52,9.09,15.40,0.22,1,13.41,289.84,88.61,1,-19,8,-5,-4,STAT,60,LAT,LON,W,CRC
10/07/25 16:04:45,10.95,554.35,46.63,16.99,-1.19,516.36,11.40,76.60,1012.00,5.99,8.32,8.69,7.50,0.27,1,13.38,276.11,83.12,1,-21,6,-4,-5,STAT,60,LAT,LON,W,CRC
10/07/25 16:05:46,11.01,534.44,45.44,16.37,0.18,516.13,11.40,76.20,1012.00,5.78,8.69,8.86,26.00,0.28,1,13.38,260.66,83.26,1,-21,5,-4,-4,STAT,60,LAT,LON,W,CRC
10/07/25 16:06:43,11.04,524.31,43.65,16.29,-1.01,516.05,11.40,75.40,1012.00,5.56,8.44,8.49,8.90,0.21,1,13.38,256.50,76.73,1,-21,7,-5,-5,STAT,60,LAT,LON,W,CRC
10/07/25 16:07:44,11.08,503.86,41.97,16.46,0.27,515.08,11.50,75.60,1012.00,5.65,8.63,8.65,28.20,0.20,1,13.41,314.17,74.45,1,-21,8,-4,-5,STAT,60,LAT,LON,W,CRC
10/07/25 16:08:45,11.13,509.39,42.15,17.25,-1.10,513.31,11.50,76.20,1012.00,5.28,8.55,8.70,27.60,0.26,1,13.48,453.35,77.56,1,-19,7,-4,-5,STAT,60,LAT,LON,W,CRC
10/07/25 16:09:52,11.17,635.75,43.71,17.21,-1.51,513.10,11.50,76.00,1012.00,5.16,8.26,8.83,32.20,0.34,1,13.41,498.95,75.60,1,-20,8,-3,-5,STAT,60,LAT,LON,W,CRC
10/07/25 16:10:48,11.22,777.84,42.25,16.66,-1.67,513.49,11.60,75.90,1012.00,5.30,8.11,8.47,30.60,0.30,1,13.45,400.37,76.79,1,-17,8,-4,-5,STAT,60,LAT,LON,W,CRC
10/07/25 16:11:44,11.24,717.85,42.76,16.33,-1.03,513.69,11.60,75.60,1012.00,4.87,8.16,8.40,67.50,0.34,1,13.45,397.67,73.97,1,-17,6,-4,-5,STAT,60,LAT,LON,W,CRC
10/07/25 16:12:45,11.31,606.13,41.08,17.29,-1.41,513.16,11.60,73.30,1012.00,4.95,7.97,8.37,109.30,0.37,1,13.45,412.95,78.61,1,-18,7,-4,-5,STAT,60,LAT,LON,W,CRC
10/07/25 16:13:47,11.34,547.23,40.78,16.81,-1.26,509.15,11.60,73.80,1012.00,4.73,8.44,8.91,119.60,0.53,1,13.45,423.54,75.47,1,-19,7,-4,-5,STAT,60,LAT,LON,W,CRC
10/07/25 16:14:48,11.39,510.58,40.24,17.29,-0.96,504.69,11.70,73.90,1012.00,4.92,8.71,9.05,133.90,0.33,1,13.45,410.55,73.88,1,-20,7,-4,-5,STAT,60,LAT,LON,W,CRC
10/07/25 16:15:45,11.43,483.67,39.14,16.50,0.35,501.35,11.70,73.40,1012.00,4.40,7.69,7.90,122.90,0.34,1,13.41,351.48,73.60,1,-21,7,-5,-4,STAT,60,LAT,LON,W,CRC
10/07/25 16:16:46,11.46,483.59,38.59,17.37,-1.70,498.28,11.80,75.40,1012.00,4.28,7.25,7.63,45.80,0.22,1,13.38,266.97,81.74,1,-21,8,-4,-5,STAT,60,LAT,LON,W,CRC
10/07/25 16:17:47,11.51,481.72,38.03,16.66,-1.36,497.51,11.80,74.90,1012.00,4.38,6.95,7.36,15.90,0.27,1,13.38,244.87,81.32,1,-20,8,-4,-5,STAT,60,LAT,LON,W,CRC
10/07/25 16:18:44,11.54,486.22,39.20,16.96,-2.06,497.43,11.80,73.60,1012.00,4.10,6.74,7.22,357.00,0.17,1,13.41,268.92,76.14,1,-19,9,-3,-5,STAT,60,LAT,LON,W,CRC
10/07/25 16:19:46,11.56,484.25,42.36,17.10,-2.14,497.15,11.80,73.50,1012.00,4.35,6.98,7.30,95.30,0.20,1,13.45,366.00,75.15,1,-19,8,-4,-5,STAT,60,LAT,LON,W,CRC
10/07/25 16:20:46,11.62,472.50,43.39,18.42,-2.55,496.76,11.90,73.40,1012.00,4.50,7.98,8.79,87.90,0.14,1,13.45,431.57,77.47,1,-18,8,-4,-5,STAT,60,LAT,LON,W,CRC
10/07/25 16:21:48,11.64,472.05,42.78,16.92,-0.92,495.37,12.00,73.80,1012.00,4.69,8.21,8.74,67.40,0.20,1,13.45,491.39,81.27,1,-18,8,-5,-5,STAT,60,LAT,LON,W,CRC
10/07/25 16:22:44,11.68,480.17,44.49,16.92,-0.77,494.53,12.00,73.80,1012.00,5.43,8.69,9.25,79.90,0.23,1,13.41,370.07,88.54,1,-19,8,-4,-5,STAT,60,LAT,LON,W,CRC
10/07/25 16:23:48,11.72,485.73,45.29,17.53,-1.68,493.81,12.00,73.60,1012.00,6.28,9.29,9.57,87.10,0.20,1,13.41,294.34,86.34,1,-18,8,-4,-5,STAT,60,LAT,LON,W,CRC
10/07/25 16:24:44,11.74,483.92,45.87,17.60,-0.88,493.39,12.00,73.90,1012.00,5.81,9.59,9.69,67.20,0.09,1,13.38,260.79,81.01,1,-18,7,-4,-5,STAT,60,LAT,LON,W,CRC
10/07/25 16:25:46,11.77,484.12,46.70,16.52,-0.04,493.75,12.00,74.60,1012.00,5.65,8.94,8.97,41.50,0.28,1,13.38,254.51,76.45,1,-17,8,-5,-5,STAT,60,LAT,LON,W,CRC
10/07/25 16:26:48,11.82,485.88,47.52,17.53,-0.91,494.46,12.00,73.80,1012.00,5.98,9.32,9.33,21.00,0.23,1,13.41,313.47,74.84,1,-17,9,-4,-5,STAT,60,LAT,LON,W,CRC
10/07/25 16:27:49,11.84,485.17,47.27,17.25,-1.15,494.76,12.00,75.00,1012.00,5.73,9.14,9.36,15.90,0.27,1,13.41,359.96,74.46,1,-18,8,-5,-5,STAT,60,LAT,LON,W,CRC
10/07/25 16:28:45,11.84,487.67,47.94,16.79,-0.24,495.49,12.00,73.50,1012.00,5.28,9.11,9.19,29.40,0.18,1,13.41,353.22,76.30,1,-16,7,-5,-5,STAT,60,LAT,LON,W,CRC
10/07/25 16:29:48,11.90,482.39,48.51,17.12,-0.81,495.93,12.00,72.80,1012.00,5.39,9.47,10.12,31.50,0.13,1,13.38,290.86,88.69,1,-18,6,-5,-5,STAT,60,LAT,LON,W,CRC
10/07/25 16:30:49,11.93,488.72,50.01,16.78,-0.52,495.91,12.00,72.60,1012.00,5.56,8.68,9.01,72.10,0.16,1,13.38,274.50,81.13,1,-16,7,-5,-5,STAT,60,LAT,LON,W,CRC
10/07/25 16:31:46,11.94,490.85,50.74,16.86,-0.09,495.12,12.00,72.60,1012.00,5.75,9.11,9.53,96.20,0.21,1,13.38,256.21,75.62,1,-17,8,-4,-5,STAT,60,LAT,LON,W,CRC
10/07/25 16:32:48,11.94,491.97,51.13,16.64,0.77,494.39,12.00,72.70,1012.00,5.45,8.95,9.39,101.40,0.24,1,13.48,444.11,73.24,1,-16,8,-5,-4,STAT,60,LAT,LON,W,CRC
10/07/25 16:33:49,11.99,489.08,51.58,16.16,0.69,493.64,12.10,72.80,1012.00,4.90,8.08,8.57,100.40,0.20,1,13.48,620.98,73.22,1,-17,8,-4,-4,STAT,60,LAT,LON,W,CRC
10/07/25 16:34:45,12.02,489.29,50.25,15.85,-0.06,493.63,12.10,73.10,1012.00,5.03,8.12,8.48,85.90,0.29,1,13.41,448.55,76.52,1,-17,9,-5,-5,STAT,60,LAT,LON,W,CRC
10/07/25 16:35:47,12.04,494.90,51.92,15.93,0.59,494.56,12.10,72.70,1012.00,4.70,8.10,8.25,102.60,0.30,1,13.45,402.02,78.43,1,-15,8,-6,-5,STAT,60,LAT,LON,W,CRC
10/07/25 16:36:48,12.07,495.20,49.06,17.38,-1.00,497.63,12.10,73.60,1012.00,4.64,8.11,8.56,72.40,0.27,1,13.41,358.14,87.15,1,-16,8,-5,-5,STAT,60,LAT,LON,W,CRC
10/07/25 16:37:45,12.11,495.52,47.40,16.72,-0.92,500.99,12.20,73.90,1012.00,4.08,6.64,6.86,60.10,0.22,1,13.48,474.67,78.76,1,-14,8,-5,-6,STAT,60,LAT,LON,W,CRC
10/07/25 16:38:46,12.13,516.63,46.88,17.57,-2.49,505.76,12.20,75.50,1012.00,4.08,6.92,7.17,31.60,0.36,1,13.63,861.46,74.47,1,-16,7,-4,-6,STAT,60,LAT,LON,W,CRC
10/07/25 16:39:47,12.18,551.05,47.73,17.49,-2.88,511.42,12.30,75.00,1012.00,4.22,7.54,8.23,35.80,0.42,1,13.48,709.78,77.42,1,-15,9,-5,-6,STAT,60,LAT,LON,W,CRC
10/07/25 16:40:48,12.22,593.67,46.34,17.89,-2.29,520.09,12.50,74.70,1012.00,4.11,7.42,7.74,51.50,0.50,1,13.55,690.74,77.92,1,-14,9,-4,-5,STAT,60,LAT,LON,W,CRC
10/07/25 16:41:49,12.29,575.15,45.61,17.08,-2.05,524.07,12.50,73.60,1012.00,3.95,6.75,6.86,49.70,0.35,1,13.48,584.69,76.33,1,-15,9,-4,-5,STAT,60,LAT,LON,W,CRC
10/07/25 16:42:46,12.32,602.29,47.51,16.86,-2.13,524.69,12.60,73.40,1012.00,4.54,7.97,8.01,38.60,0.32,1,13.52,575.91,75.15,1,-15,10,-5,-5,STAT,60,LAT,LON,W,CRC
10/07/25 16:43:48,12.38,594.74,46.96,16.31,-1.59,522.23,12.60,73.50,1012.00,4.47,7.47,7.49,41.50,0.26,1,13.52,652.59,75.72,1,-15,9,-5,-5,STAT,60,LAT,LON,W,CRC
10/07/25 16:44:50,12.43,578.87,46.34,15.67,-1.06,521.66,12.70,73.50,1012.00,3.84,6.00,6.40,34.50,0.23,1,13.55,744.50,75.71,1,-15,8,-5,-5,STAT,60,LAT,LON,W,CRC
10/07/25 16:45:46,12.50,572.59,45.56,15.98,-1.57,523.70,12.90,73.90,1012.00,3.38,5.28,5.42,24.30,0.20,1,13.59,854.66,78.38,1,-14,9,-5,-5,STAT,60,LAT,LON,W,CRC
10/07/25 16:46:47,12.57,569.50,44.99,16.16,-1.44,526.84,13.00,73.00,1012.00,3.24,5.13,5.29,22.00,0.21,1,13.63,928.13,74.46,1,-15,9,-5,-5,STAT,60,LAT,LON,W,CRC
10/07/25 16:47:48,12.64,566.08,44.09,15.69,-0.73,526.01,13.00,72.90,1012.00,3.78,6.52,7.09,26.90,0.27,1,13.66,1059.50,78.52,1,-18,11,-5,-5,STAT,60,LAT,LON,W,CRC
10/07/25 16:48:49,12.71,573.17,45.57,15.87,-1.23,523.24,13.10,72.60,1012.00,4.10,6.97,7.95,26.70,0.41,1,13.70,1215.79,75.53,1,-18,9,-6,-5,STAT,60,LAT,LON,W,CRC
10/07/25 16:49:47,12.79,580.15,45.93,16.07,-1.44,522.24,13.20,71.60,1012.00,4.02,6.45,6.78,24.70,0.34,1,13.66,1236.18,81.68,1,-18,9,-6,-6,STAT,60,LAT,LON,W,CRC
10/07/25 16:50:49,12.89,593.80,44.54,17.06,-3.23,521.44,13.20,70.30,1012.00,4.62,6.69,7.07,19.90,0.45,1,13.66,1214.22,79.23,1,-19,10,-6,-7,STAT,60,LAT,LON,W,CRC
10/07/25 16:51:50,12.99,605.89,47.45,16.60,-2.44,520.70,13.40,70.20,1012.00,5.55,8.68,9.23,29.10,0.45,1,13.77,1423.93,79.88,1,-16,10,-7,-7,STAT,60,LAT,LON,W,CRC
10/07/25 16:52:51,13.09,605.22,48.27,17.42,-2.70,518.15,13.50,69.80,1012.00,5.76,10.05,10.65,28.70,0.36,1,13.77,1571.64,78.44,1,-19,11,-7,-7,STAT,60,LAT,LON,W,CRC
10/07/25 16:53:51,13.21,581.82,46.67,16.51,-2.89,514.77,13.60,67.20,1012.00,4.99,8.57,9.01,22.30,0.35,1,13.77,1598.84,75.06,1,-18,10,-7,-8,STAT,60,LAT,LON,W,CRC
10/07/25 16:54:52,13.33,568.48,43.99,15.27,-1.92,510.22,13.80,66.70,1012.00,4.50,7.89,8.12,12.30,0.36,1,13.77,1597.89,75.85,1,-18,11,-7,-7,STAT,60,LAT,LON,W,CRC
10/07/25 16:55:48,13.45,568.61,42.54,15.20,-3.45,505.10,13.90,66.40,1012.00,4.77,7.57,7.90,26.40,0.37,1,13.77,1589.08,73.68,1,-19,11,-7,-8,STAT,60,LAT,LON,W,CRC
10/07/25 16:56:50,13.60,569.67,41.98,16.74,-3.72,502.79,14.10,65.00,1012.00,4.85,7.32,8.00,4.80,0.28,1,13.73,1566.19,81.54,1,-19,11,-6,-8,STAT,60,LAT,LON,W,CRC
10/07/25 16:57:47,13.73,573.80,42.42,16.36,-3.79,502.23,14.30,64.30,1012.00,4.37,6.83,7.69,39.20,0.37,1,13.73,1483.71,76.69,1,-20,12,-6,-8,STAT,60,LAT,LON,W,CRC
10/07/25 16:58:49,13.87,547.45,37.55,14.83,-3.61,500.75,14.30,61.20,1012.00,3.69,5.61,6.00,4.90,0.40,1,13.66,1347.54,73.92,1,-20,11,-8,-9,STAT,60,LAT,LON,W,CRC
10/07/25 16:59:50,14.01,530.34,36.55,15.07,-5.05,495.54,14.40,62.20,1012.00,3.33,5.66,5.88,10.80,0.29,1,13.59,1044.15,75.05,1,-21,11,-6,-9,STAT,60,LAT,LON,W,CRC
10/07/25 17:00:51,14.13,516.30,35.20,14.02,-4.15,491.10,14.50,61.70,1012.00,2.95,4.74,4.84,29.00,0.27,1,13.66,1138.93,76.60,1,-18,11,-7,-9,STAT,60,LAT,LON,W,CRC
10/07/25 17:01:47,14.23,516.82,34.42,12.91,-2.33,489.92,14.70,59.00,1011.00,3.02,5.10,5.26,99.10,0.38,1,13.77,1424.79,75.28,1,-18,11,-7,-8,STAT,60,LAT,LON,W,CRC
10/07/25 17:02:51,14.37,485.39,31.58,12.82,-2.18,485.39,14.90,59.80,1011.00,2.85,4.74,4.80,102.70,0.31,1,13.63,1390.26,78.87,1,-19,13,-7,-8,STAT,60,LAT,LON,W,CRC
10/07/25 17:03:52,14.49,495.28,32.34,14.40,-4.01,481.11,15.00,60.70,1011.00,2.85,4.80,4.82,57.10,0.37,1,13.59,1016.35,76.39,1,-16,13,-7,-9,STAT,60,LAT,LON,W,CRC
10/07/25 17:04:49,14.60,511.00,32.56,13.70,-3.78,480.97,14.90,60.70,1011.00,2.95,4.92,4.92,63.40,0.51,1,13.59,908.16,74.34,1,-16,12,-7,-9,STAT,60,LAT,LON,W,CRC
10/07/25 17:05:50,14.70,519.29,33.94,14.02,-5.29,481.34,15.00,60.60,1011.00,3.02,4.52,4.52,88.70,0.42,1,13.59,953.77,73.35,1,-15,11,-7,-10,STAT,60,LAT,LON,W,CRC
10/07/25 17:06:52,14.79,544.42,35.12,13.93,-4.80,481.77,15.00,61.00,1011.00,3.44,5.13,5.52,111.40,0.51,1,13.55,894.56,79.12,1,-15,12,-6,-9,STAT,60,LAT,LON,W,CRC
10/07/25 17:07:49,14.86,540.59,34.45,14.53,-5.16,482.07,15.00,61.50,1011.00,3.66,5.60,5.85,96.80,0.38,1,13.52,713.29,83.34,1,-13,14,-6,-9,STAT,60,LAT,LON,W,CRC
10/07/25 17:08:51,14.92,527.15,33.66,14.31,-4.91,483.03,15.10,62.10,1011.00,3.65,5.53,5.80,102.50,0.27,1,13.52,641.87,86.84,1,-10,14,-7,-9,STAT,60,LAT,LON,W,CRC
10/07/25 17:09:48,14.97,522.19,34.77,15.12,-5.99,483.63,15.10,62.50,1011.00,3.65,5.12,5.35,115.50,0.20,1,13.48,637.48,89.36,1,-11,13,-6,-9,STAT,60,LAT,LON,W,CRC
10/07/25 17:10:50,15.00,521.72,35.52,14.28,-5.14,484.03,15.10,62.60,1011.00,3.86,5.29,5.37,131.30,0.43,1,13.48,611.66,78.99,1,-14,13,-6,-9,STAT,60,LAT,LON,W,CRC
10/07/25 17:11:51,15.06,506.04,36.42,12.98,-3.76,484.17,15.10,62.70,1011.00,4.01,5.95,6.00,110.50,0.45,1,13.48,620.31,84.39,1,-13,12,-6,-9,STAT,60,LAT,LON,W,CRC
10/07/25 17:12:49,15.09,495.82,37.07,12.70,-3.80,484.07,14.90,62.70,1011.00,4.10,6.61,6.86,128.60,0.78,1,13.52,661.51,87.35,1,-12,11,-6,-8,STAT,60,LAT,LON,W,CRC
10/07/25 17:13:50,15.10,491.54,36.26,13.62,-4.41,483.83,14.80,63.00,1011.00,4.11,6.31,6.62,110.30,0.66,1,13.52,690.80,86.59,1,-12,13,-6,-8,STAT,60,LAT,LON,W,CRC
10/07/25 17:14:52,15.16,486.30,36.27,13.22,-3.75,483.94,14.80,64.40,1011.00,4.57,6.70,7.12,103.60,0.46,1,13.52,723.74,85.84,1,-11,13,-7,-8,STAT,60,LAT,LON,W,CRC
10/07/25 17:15:50,15.18,481.70,36.38,13.60,-3.81,483.98,14.90,64.50,1011.00,4.51,6.99,7.22,70.70,0.36,1,13.52,724.57,80.70,1,-9,13,-7,-8,STAT,60,LAT,LON,W,CRC
10/07/25 17:16:49,15.19,485.88,39.49,14.23,-5.12,483.99,14.80,64.80,1011.00,4.73,7.83,8.30,99.30,0.34,1,13.52,705.86,82.87,1,-6,11,-6,-8,STAT,60,LAT,LON,W,CRC
10/07/25 17:17:50,15.21,540.36,41.50,14.28,-4.37,484.29,14.70,65.30,1011.00,5.16,8.08,8.44,58.20,0.41,1,13.55,780.93,76.12,1,-7,11,-6,-8,STAT,60,LAT,LON,W,CRC
10/07/25 17:18:52,15.26,532.91,41.58,13.89,-3.23,486.13,14.70,65.30,1011.00,5.59,8.63,8.77,58.00,0.41,1,13.59,864.69,74.59,1,-4,13,-6,-7,STAT,60,LAT,LON,W,CRC
10/07/25 17:19:48,15.28,522.56,41.90,16.69,-4.93,488.57,14.60,65.30,1011.00,6.11,8.83,9.57,46.30,0.30,1,13.59,877.56,76.25,1,-1,13,-6,-7,STAT,60,LAT,LON,W,CRC
10/07/25 17:20:50,15.29,500.94,40.94,15.39,-4.52,489.72,14.60,64.00,1011.00,7.00,10.44,10.70,106.30,0.46,1,13.63,934.15,74.37,1,1,14,-6,-7,STAT,60,LAT,LON,W,CRC
10/07/25 17:21:51,15.31,471.09,38.30,14.42,-3.97,488.79,14.60,63.80,1011.00,6.75,9.87,10.36,105.30,0.42,1,13.63,976.47,81.27,1,2,13,-6,-7,STAT,60,LAT,LON,W,CRC
10/07/25 17:22:51,15.35,437.02,35.76,14.19,-4.27,484.45,14.50,64.00,1011.00,6.11,9.08,9.63,124.60,0.67,1,13.63,998.45,91.34,1,3,14,-6,-7,STAT,60,LAT,LON,W,CRC
10/07/25 17:23:53,15.38,411.95,34.94,12.12,-1.61,477.35,14.50,63.80,1011.00,5.57,8.45,8.90,132.90,0.90,1,13.66,1002.87,84.12,1,3,12,-7,-6,STAT,60,LAT,LON,W,CRC
10/07/25 17:24:54,15.39,391.09,34.18,12.04,-1.93,471.51,14.50,64.50,1011.00,5.97,9.33,9.88,133.90,0.73,1,13.66,995.90,75.70,1,3,12,-7,-6,STAT,60,LAT,LON,W,CRC
10/07/25 17:25:51,15.39,380.58,34.11,12.98,-1.95,468.32,14.50,64.90,1011.00,5.52,8.37,8.94,132.00,0.53,1,13.66,963.72,73.78,1,5,12,-7,-5,STAT,60,LAT,LON,W,CRC
10/07/25 17:26:52,15.39,363.70,33.24,12.57,-1.05,465.87,14.60,66.10,1011.00,5.34,8.08,8.28,51.30,0.14,1,13.70,962.69,80.36,1,6,13,-7,-6,STAT,60,LAT,LON,W,CRC
10/07/25 17:27:53,15.44,363.09,32.40,12.58,-1.05,465.31,14.60,65.80,1011.00,5.30,7.90,8.29,357.20,0.16,1,13.70,914.15,80.66,1,9,15,-6,-6,STAT,60,LAT,LON,W,CRC
10/07/25 17:28:55,15.47,394.69,32.44,12.81,-1.99,465.81,14.60,65.70,1011.00,5.26,8.00,8.22,94.90,0.26,1,13.73,933.38,76.00,1,8,14,-6,-7,STAT,60,LAT,LON,W,CRC
10/07/25 17:29:52,15.49,392.14,33.14,12.72,-1.12,466.54,14.70,65.10,1011.00,5.49,7.94,8.28,103.90,0.14,1,13.73,916.92,82.91,1,7,13,-6,-6,STAT,60,LAT,LON,W,CRC
10/07/25 17:30:54,15.49,390.01,34.20,13.46,-1.73,466.84,14.80,65.20,1011.00,5.65,7.98,8.31,55.90,0.08,1,13.73,859.25,78.38,1,5,12,-6,-6,STAT,60,LAT,LON,W,CRC
10/07/25 17:31:51,15.53,385.57,32.39,13.01,-2.12,467.88,14.80,65.20,1011.00,5.00,8.11,8.40,23.50,0.20,1,13.77,811.56,74.14,1,5,14,-6,-7,STAT,60,LAT,LON,W,CRC
10/07/25 17:32:53,15.57,377.07,31.85,13.48,-2.29,469.25,14.90,64.50,1011.00,5.44,8.37,8.73,343.90,0.19,1,13.80,806.38,72.61,1,5,14,-5,-6,STAT,60,LAT,LON,W,CRC
10/07/25 17:33:54,15.58,376.01,32.98,12.60,-2.35,470.91,15.00,63.70,1011.00,5.31,8.28,8.42,51.10,0.10,1,13.87,763.63,73.18,1,5,13,-5,-6,STAT,60,LAT,LON,W,CRC
10/07/25 17:34:55,15.64,369.32,31.42,12.01,-2.53,469.66,14.90,63.20,1011.00,4.97,8.03,8.16,358.60,0.25,1,13.98,760.08,76.12,1,0,13,-5,-6,STAT,60,LAT,LON,W,CRC
10/07/25 17:35:51,15.67,358.01,30.00,12.60,-2.87,466.65,14.90,63.40,1011.00,4.77,7.55,7.68,352.90,0.34,1,14.02,645.53,78.84,1,0,15,-6,-7,STAT,60,LAT,LON,W,CRC
10/07/25 17:36:53,15.68,347.91,30.11,12.34,-2.06,464.64,15.00,62.50,1011.00,4.80,7.30,7.65,337.60,0.37,1,14.02,490.08,82.54,1,0,13,-6,-6,STAT,60,LAT,LON,W,CRC
10/07/25 17:37:54,15.74,340.60,28.81,11.81,-1.81,463.24,15.10,62.20,1011.00,4.35,6.49,6.89,5.00,0.21,1,14.02,364.55,75.40,1,-2,14,-5,-6,STAT,60,LAT,LON,W,CRC
10/07/25 17:38:54,15.77,336.44,29.04,11.91,-2.43,462.44,15.10,62.10,1011.00,4.36,6.73,7.03,352.90,0.32,1,13.91,217.77,74.56,1,-4,13,-5,-6,STAT,60,LAT,LON,W,CRC
10/07/25 17:39:50,15.80,349.43,27.81,11.82,-2.22,462.40,15.10,62.50,1011.00,4.33,6.31,6.73,20.00,0.24,1,13.77,68.34,75.83,1,-5,15,-6,-7,STAT,60,LAT,LON,W,CRC
10/07/25 17:40:52,15.85,390.41,29.12,11.60,-1.06,462.87,15.20,62.00,1011.00,4.10,6.05,6.38,77.70,0.05,1,14.02,286.03,72.17,1,-5,14,-6,-6,STAT,60,LAT,LON,W,CRC
10/07/25 17:41:53,15.87,413.42,28.53,11.21,-1.14,462.50,15.30,61.50,1011.00,4.06,6.36,6.78,151.00,0.07,1,13.80,88.38,77.35,1,-6,14,-6,-6,STAT,60,LAT,LON,W,CRC
10/07/25 17:42:52,15.92,378.09,27.31,11.15,-1.48,461.42,15.30,61.30,1011.00,3.50,5.14,5.53,111.80,0.21,1,13.98,247.77,85.32,1,-5,14,-6,-6,STAT,60,LAT,LON,W,CRC
10/07/25 17:43:53,15.96,359.86,26.60,10.90,-1.04,459.87,15.30,61.70,1011.00,2.82,4.95,5.11,77.30,0.35,1,13.84,117.68,78.26,1,-6,15,-5,-6,STAT,60,LAT,LON,W,CRC
10/07/25 17:44:55,15.98,364.09,27.54,10.87,-0.77,460.97,15.30,61.10,1011.00,3.19,5.30,5.36,116.50,0.37,1,13.77,33.24,82.35,1,-6,14,-5,-5,STAT,60,LAT,LON,W,CRC
10/07/25 17:45:51,16.02,344.05,25.45,10.08,-0.46,460.58,15.30,61.50,1011.00,2.80,4.39,4.41,133.50,0.31,1,13.98,233.95,79.15,1,-8,15,-5,-6,STAT,60,LAT,LON,W,CRC
10/07/25 17:46:54,16.06,384.45,28.37,11.01,0.05,460.14,15.30,61.80,1011.00,2.66,4.65,4.90,75.20,0.59,1,13.80,66.07,76.80,1,-8,14,-6,-5,STAT,60,LAT,LON,W,CRC
10/07/25 17:47:55,16.07,445.73,28.55,11.59,-0.70,463.59,15.20,62.20,1011.00,2.97,4.36,4.52,65.30,0.62,1,13.80,86.40,82.09,1,-9,15,-5,-6,STAT,60,LAT,LON,W,CRC
10/07/25 17:48:58,16.08,404.60,27.10,10.90,-0.71,466.45,15.00,61.40,1011.00,2.93,4.42,4.47,57.90,0.65,1,13.87,137.14,75.14,1,-10,14,-5,-6,STAT,60,LAT,LON,W,CRC
10/07/25 17:49:54,16.08,357.32,26.31,11.31,-0.83,467.65,15.10,61.40,1011.00,2.81,4.04,4.06,77.60,0.35,1,13.77,43.03,77.45,1,-7,13,-6,-6,STAT,60,LAT,LON,W,CRC
10/07/25 17:50:56,16.12,331.92,27.36,10.41,-0.33,466.28,15.00,60.70,1011.00,2.80,4.19,4.27,64.00,0.61,1,14.02,233.37,73.38,1,-7,14,-6,-5,STAT,60,LAT,LON,W,CRC
10/07/25 17:51:53,16.16,318.45,26.52,11.05,0.02,465.49,15.00,61.30,1011.00,2.98,4.74,4.76,58.70,0.50,1,13.84,81.67,72.10,1,-8,15,-5,-5,STAT,60,LAT,LON,W,CRC
10/07/25 17:52:55,16.17,316.63,26.08,11.04,-0.41,464.94,15.00,61.30,1011.00,2.85,4.62,4.63,90.00,0.32,1,13.77,23.07,72.17,1,-7,14,-5,-6,STAT,60,LAT,LON,W,CRC
10/07/25 17:53:57,16.18,322.15,25.10,11.79,-0.92,463.22,15.10,61.80,1011.00,2.87,4.72,4.72,81.90,0.46,1,13.95,159.32,72.30,1,-6,15,-5,-5,STAT,60,LAT,LON,W,CRC
10/07/25 17:54:53,16.18,315.47,25.72,9.40,0.52,461.72,15.10,60.60,1011.00,2.53,4.28,4.32,106.50,0.59,1,13.80,50.00,71.00,1,-6,13,-5,-5,STAT,60,LAT,LON,W,CRC
10/07/25 17:55:55,16.18,324.14,26.33,9.64,1.30,459.89,15.10,60.80,1011.00,2.74,4.60,4.90,96.60,0.59,1,13.98,179.28,82.99,1,-9,12,-5,-4,STAT,60,LAT,LON,W,CRC
10/07/25 17:56:52,16.19,325.46,26.60,10.11,0.72,459.34,15.00,61.20,1011.00,2.66,3.95,4.07,74.00,0.60,1,13.87,100.80,74.82,1,-9,12,-5,-5,STAT,60,LAT,LON,W,CRC
10/07/25 17:57:53,16.23,315.55,25.05,10.47,1.02,459.12,15.10,61.20,1011.00,2.13,3.41,3.45,51.30,0.16,1,13.77,28.47,76.43,1,-9,14,-5,-5,STAT,60,LAT,LON,W,CRC
10/07/25 17:58:56,16.26,335.54,25.26,10.20,0.81,459.34,15.10,61.90,1011.00,2.32,3.69,3.92,59.90,0.44,1,14.02,223.03,72.54,1,-7,15,-6,-5,STAT,60,LAT,LON,W,CRC
10/07/25 17:59:52,16.27,365.21,24.69,11.60,1.28,461.41,15.10,62.60,1011.00,2.41,3.69,4.23,45.20,0.45,1,13.84,69.99,72.03,1,-7,15,-4,-5,STAT,60,LAT,LON,W,CRC
10/07/25 18:00:54,16.28,366.75,25.12,10.17,-0.78,465.46,15.10,59.60,1011.00,2.45,3.83,4.29,96.80,0.41,1,13.77,19.77,72.96,1,-8,14,-5,-6,STAT,60,LAT,LON,W,CRC
10/07/25 18:01:55,16.28,336.69,24.04,9.49,0.06,462.93,15.20,60.10,1011.00,2.44,3.86,4.02,145.80,0.27,1,13.95,178.29,76.35,1,-11,15,-5,-5,STAT,60,LAT,LON,W,CRC
10/07/25 18:02:54,16.28,325.40,23.62,10.90,-0.13,459.75,15.30,61.10,1011.00,2.19,3.37,3.43,72.90,0.14,1,13.80,55.95,85.81,1,-12,15,-5,-5,STAT,60,LAT,LON,W,CRC
10/07/25 18:03:54,16.31,326.39,24.75,10.21,-0.10,460.09,15.30,60.90,1011.00,2.07,3.57,3.96,113.70,0.21,1,13.73,15.80,79.46,1,-10,15,-4,-5,STAT,60,LAT,LON,W,CRC
10/07/25 18:04:56,16.35,326.57,23.37,11.28,-0.87,460.18,15.40,60.50,1011.00,2.27,3.43,3.56,123.80,0.06,1,13.87,111.41,73.94,1,-11,17,-5,-6,STAT,60,LAT,LON,W,CRC
10/07/25 18:05:58,16.37,315.64,23.46,9.75,-0.02,460.27,15.40,59.10,1011.00,2.70,4.00,4.29,151.90,0.32,1,13.77,31.46,75.68,1,-11,15,-5,-5,STAT,60,LAT,LON,W,CRC
10/07/25 18:06:55,16.37,303.94,22.01,8.39,1.30,457.58,15.30,59.30,1011.00,2.38,3.29,3.40,116.70,0.39,1,13.95,148.07,76.35,1,-14,16,-5,-5,STAT,60,LAT,LON,W,CRC
10/07/25 18:07:56,16.37,303.15,22.34,8.91,3.17,454.11,15.40,60.20,1011.00,2.10,3.12,3.26,114.00,0.28,1,13.84,81.16,72.44,1,-15,16,-5,-4,STAT,60,LAT,LON,W,CRC
10/07/25 18:08:58,16.38,296.69,22.26,9.64,2.24,452.82,15.50,59.30,1011.00,1.93,2.80,2.85,146.10,0.09,1,13.77,22.92,80.61,1,-15,16,-5,-4,STAT,60,LAT,LON,W,CRC
10/07/25 18:09:58,16.42,291.03,21.82,9.24,2.28,450.72,15.60,59.70,1011.00,1.86,2.44,2.67,321.80,0.22,1,13.91,146.18,82.71,1,-14,16,-5,-5,STAT,60,LAT,LON,W,CRC
10/07/25 18:10:55,16.45,293.19,21.44,9.67,2.15,449.66,15.60,60.00,1011.00,2.14,3.02,3.11,302.40,0.13,1,13.80,45.87,80.35,1,-14,16,-4,-5,STAT,60,LAT,LON,W,CRC
10/07/25 18:11:58,16.47,675.73,22.10,10.58,0.64,450.83,15.70,60.50,1011.00,5.34,9.54,9.63,39.00,0.30,1,13.73,12.96,77.87,1,-10,16,-4,-5,STAT,60,LAT,LON,W,CRC
10/07/25 18:12:58,16.47,742.40,22.92,10.13,0.78,455.47,15.70,60.10,1011.00,4.24,7.42,7.45,46.10,0.37,1,13.87,115.18,75.89,1,-4,17,-4,-5,STAT,60,LAT,LON,W,CRC
10/07/25 18:13:55,16.51,540.35,23.63,11.16,1.13,458.88,15.70,60.30,1011.00,2.78,4.68,4.69,316.90,0.25,1,13.80,36.14,74.52,1,-9,16,-5,-4,STAT,60,LAT,LON,W,CRC
10/07/25 18:14:56,16.55,401.64,23.20,11.12,0.48,458.86,15.80,59.90,1011.00,2.40,4.15,4.23,282.50,0.33,1,13.87,87.30,72.57,1,-10,16,-5,-5,STAT,60,LAT,LON,W,CRC
10/07/25 18:15:58,16.56,353.62,22.56,11.73,0.63,458.22,15.90,60.30,1011.00,2.15,3.68,3.80,291.60,0.33,1,13.84,98.78,79.43,1,-10,18,-4,-4,STAT,60,LAT,LON,W,CRC
10/07/25 18:16:55,16.59,332.93,22.91,11.19,0.70,456.66,16.00,61.10,1011.00,2.54,4.46,4.55,297.10,0.35,1,13.77,31.00,73.86,1,-9,18,-5,-5,STAT,60,LAT,LON,W,CRC
10/07/25 18:17:57,16.64,330.96,24.88,11.12,1.22,454.48,16.00,60.60,1011.00,2.85,4.92,5.06,290.70,0.40,1,14.02,274.30,73.29,1,-7,16,-4,-4,STAT,60,LAT,LON,W,CRC
10/07/25 18:18:53,16.66,368.33,26.53,13.01,-0.61,454.11,16.00,60.90,1011.00,2.98,4.33,4.38,301.30,0.33,1,13.84,86.08,73.48,1,-10,17,-4,-5,STAT,60,LAT,LON,W,CRC
10/07/25 18:19:56,16.72,361.81,26.06,11.32,-0.76,455.30,16.10,59.30,1011.00,3.11,4.74,4.76,298.50,0.47,1,13.77,24.31,72.04,1,-8,17,-4,-6,STAT,60,LAT,LON,W,CRC
10/07/25 18:20:57,16.75,361.91,25.18,11.46,1.55,455.33,16.20,60.60,1011.00,3.02,4.57,4.66,309.60,0.31,1,13.95,200.32,71.66,1,-9,17,-5,-4,STAT,60,LAT,LON,W,CRC
10/07/25 18:21:54,16.79,399.46,27.44,11.87,0.88,455.97,16.20,61.10,1011.00,2.98,4.60,4.78,276.00,0.30,1,13.84,62.86,71.89,1,-7,16,-5,-5,STAT,60,LAT,LON,W,CRC
10/07/25 18:22:57,16.84,397.46,27.70,12.58,0.57,457.22,16.20,60.90,1011.00,3.13,5.31,5.48,250.30,0.35,1,13.73,17.75,81.47,1,-5,17,-5,-5,STAT,60,LAT,LON,W,CRC
10/07/25 18:23:59,16.86,369.01,26.60,11.85,0.27,457.18,16.30,60.00,1011.00,3.09,5.47,5.54,253.00,0.41,1,13.87,112.68,74.15,1,-6,17,-5,-5,STAT,60,LAT,LON,W,CRC
10/07/25 18:24:56,16.91,352.40,25.95,11.49,-0.11,457.07,16.30,60.20,1011.00,3.38,5.60,5.62,256.90,0.43,1,13.80,35.36,73.15,1,-7,18,-5,-5,STAT,60,LAT,LON,W,CRC
10/07/25 18:25:56,16.95,344.12,27.00,11.86,-0.04,457.61,16.30,60.60,1011.00,3.75,5.96,5.97,254.90,0.47,1,13.84,87.08,77.25,1,-7,16,-5,-5,STAT,60,LAT,LON,W,CRC
10/07/25 18:26:58,16.96,351.61,27.34,11.45,0.50,458.30,16.30,61.20,1011.00,3.87,5.63,5.75,258.00,0.38,1,13.87,100.58,76.46,1,-5,17,-5,-5,STAT,60,LAT,LON,W,CRC
10/07/25 18:28:00,17.01,349.35,28.07,12.42,-0.50,459.34,16.40,60.80,1011.00,4.30,6.17,6.32,272.50,0.26,1,13.77,28.41,73.19,1,-4,17,-5,-5,STAT,60,LAT,LON,W,CRC
10/07/25 18:28:56,17.04,338.48,27.97,11.51,-0.14,459.75,16.40,60.80,1011.00,4.05,5.60,5.66,285.80,0.37,1,13.98,201.82,81.20,1,-2,18,-5,-5,STAT,60,LAT,LON,W,CRC
10/07/25 18:29:58,17.06,334.14,27.66,11.69,-0.74,459.91,16.50,59.70,1011.00,3.93,5.84,6.09,264.90,0.46,1,13.84,77.86,74.52,1,-4,18,-5,-6,STAT,60,LAT,LON,W,CRC
10/07/25 18:30:55,17.12,336.02,28.05,11.01,-0.61,459.46,16.50,59.80,1011.00,3.83,5.88,6.15,253.90,0.50,1,13.77,24.43,73.09,1,-6,16,-5,-5,STAT,60,LAT,LON,W,CRC
10/07/25 18:31:56,17.15,359.04,29.52,12.12,-0.52,459.16,16.50,60.70,1011.00,4.11,5.92,6.43,246.40,0.50,1,14.02,213.86,76.14,1,-5,16,-5,-5,STAT,60,LAT,LON,W,CRC
10/07/25 18:32:58,17.19,375.74,28.63,11.79,0.31,459.71,16.40,60.80,1011.00,3.59,5.83,6.05,265.10,0.44,1,13.84,60.40,72.33,1,-6,18,-5,-5,STAT,60,LAT,LON,W,CRC
10/07/25 18:33:55,17.23,368.07,28.20,11.89,0.60,459.89,16.40,60.90,1011.00,3.57,5.67,5.84,277.60,0.27,1,13.77,18.95,71.98,1,-5,17,-6,-5,STAT,60,LAT,LON,W,CRC
10/07/25 18:34:56,17.25,369.52,29.02,11.25,0.03,459.96,16.40,60.90,1011.00,3.83,6.03,6.18,293.90,0.55,1,13.98,216.34,71.90,1,-6,18,-5,-5,STAT,60,LAT,LON,W,CRC
10/07/25 18:35:59,17.26,372.92,29.06,10.91,-1.07,459.99,16.30,59.90,1011.00,3.68,5.74,5.93,303.30,0.64,1,13.80,61.10,79.56,1,-7,18,-5,-5,STAT,60,LAT,LON,W,CRC
10/07/25 18:36:55,17.31,365.39,27.24,10.05,-0.06,459.99,16.30,60.00,1011.00,3.31,4.93,5.15,297.70,0.42,1,13.73,19.17,75.23,1,-7,19,-5,-5,STAT,60,LAT,LON,W,CRC
10/07/25 18:37:57,17.34,349.39,27.10,10.08,1.47,459.59,16.30,60.30,1011.00,3.18,4.91,5.28,308.10,0.40,1,13.91,149.12,80.97,1,-5,19,-5,-4,STAT,60,LAT,LON,W,CRC
10/07/25 18:38:59,17.35,342.82,27.88,10.59,-0.04,459.55,16.30,60.20,1011.00,3.68,5.81,6.19,307.40,0.43,1,13.80,42.11,84.63,1,-3,18,-5,-5,STAT,60,LAT,LON,W,CRC
10/07/25 18:39:56,17.38,344.69,27.73,11.23,-0.18,459.21,16.40,60.20,1011.00,3.72,5.39,5.52,276.50,0.45,1,13.73,13.22,84.99,1,-2,18,-4,-5,STAT,60,LAT,LON,W,CRC
10/07/25 18:40:58,17.43,337.17,27.57,11.81,-0.11,459.69,16.30,59.70,1011.00,3.37,5.17,5.21,300.30,0.47,1,13.87,105.15,84.39,1,-1,18,-5,-6,STAT,60,LAT,LON,W,CRC
10/07/25 18:42:00,17.45,333.40,26.62,11.28,-0.87,459.28,16.30,59.80,1011.00,3.43,5.94,6.04,322.10,0.46,1,13.77,29.70,84.69,1,-3,19,-6,-6,STAT,60,LAT,LON,W,CRC
10/07/25 18:42:58,17.45,326.95,26.82,11.19,-0.45,459.11,16.30,59.50,1011.00,3.30,5.39,5.58,302.20,0.37,1,13.98,192.97,82.22,1,-2,18,-5,-5,STAT,60,LAT,LON,W,CRC
10/07/25 18:44:00,17.50,312.28,26.22,11.84,-0.20,458.54,16.40,59.60,1011.00,3.08,4.86,5.58,313.60,0.34,1,13.84,54.50,73.95,1,-1,19,-5,-5,STAT,60,LAT,LON,W,CRC
10/07/25 18:45:01,17.53,318.47,25.33,12.85,-1.46,457.62,16.30,59.00,1011.00,2.95,4.33,4.69,300.20,0.34,1,13.77,15.39,75.08,1,-4,20,-5,-5,STAT,60,LAT,LON,W,CRC
10/07/25 18:45:58,17.55,317.72,25.59,12.56,-2.50,458.32,16.30,59.70,1011.00,3.17,4.83,5.00,307.60,0.42,1,13.95,146.48,72.70,1,-2,20,-5,-6,STAT,60,LAT,LON,W,CRC
10/07/25 18:46:59,17.55,310.82,26.51,12.08,0.05,458.76,16.40,59.40,1010.00,3.31,4.98,5.04,287.10,0.45,1,13.80,41.37,72.48,1,0,19,-4,-5,STAT,60,LAT,LON,W,CRC
10/07/25 18:48:02,17.59,312.76,25.73,12.01,-0.27,460.66,16.40,60.20,1010.00,3.14,4.62,4.86,318.30,0.42,1,13.73,11.68,72.29,1,0,20,-4,-5,STAT,60,LAT,LON,W,CRC
10/07/25 18:48:59,17.63,313.27,26.99,11.79,-0.73,461.48,16.30,59.70,1010.00,3.01,4.92,5.24,322.90,0.50,1,13.87,121.58,77.48,1,-1,19,-4,-5,STAT,60,LAT,LON,W,CRC
10/07/25 18:50:01,17.64,316.64,25.68,11.43,-0.41,461.36,16.30,58.70,1010.00,3.39,5.24,5.35,334.90,0.58,1,13.80,34.34,74.87,1,-5,20,-5,-5,STAT,60,LAT,LON,W,CRC
10/07/25 18:50:57,17.65,304.41,24.99,9.82,1.38,461.14,16.20,58.60,1010.00,3.29,4.96,5.00,340.50,0.58,1,13.87,86.58,72.84,1,-5,20,-5,-5,STAT,60,LAT,LON,W,CRC
10/07/25 18:51:59,17.65,267.92,22.75,8.16,1.33,460.14,16.20,57.10,1010.00,2.60,3.63,3.64,358.00,0.57,1,13.87,97.60,74.83,1,-9,20,-5,-5,STAT,60,LAT,LON,W,CRC
10/07/25 18:53:00,17.69,263.07,22.11,8.70,1.74,457.52,16.10,57.20,1010.00,2.63,4.01,4.05,330.30,0.49,1,13.77,27.57,74.97,1,-10,21,-5,-5,STAT,60,LAT,LON,W,CRC
10/07/25 18:54:02,17.73,256.93,22.27,9.37,1.09,455.16,16.30,55.80,1010.00,2.28,3.65,3.79,282.20,0.51,1,14.02,189.11,84.31,1,-10,20,-4,-4,STAT,60,LAT,LON,W,CRC
10/07/25 18:54:59,17.74,248.04,21.02,10.31,0.83,453.01,16.40,57.10,1010.00,2.32,3.21,3.34,290.50,0.29,1,13.84,80.30,80.19,1,-8,20,-5,-5,STAT,60,LAT,LON,W,CRC
10/07/25 18:56:00,17.75,266.77,22.18,9.41,0.57,452.06,16.50,57.00,1010.00,2.11,3.13,3.38,310.50,0.43,1,13.77,22.68,89.83,1,-8,19,-4,-5,STAT,60,LAT,LON,W,CRC
10/07/25 18:57:01,17.75,289.74,21.69,10.65,0.80,451.37,16.60,57.20,1010.00,2.27,3.51,3.60,295.50,0.22,1,13.95,186.64,79.33,1,-7,21,-4,-5,STAT,60,LAT,LON,W,CRC
10/07/25 18:57:57,17.80,282.49,21.72,10.19,1.55,451.14,16.70,56.10,1010.00,1.93,2.61,2.80,298.90,0.33,1,13.84,58.57,74.07,1,-8,21,-4,-4,STAT,60,LAT,LON,W,CRC
10/07/25 18:58:58,17.83,266.92,21.32,9.13,0.84,450.55,16.70,55.60,1010.00,2.15,3.30,3.37,303.90,0.41,1,13.77,16.54,76.49,1,-10,21,-4,-5,STAT,60,LAT,LON,W,CRC
10/07/25 18:59:59,17.84,258.53,21.64,9.25,2.05,448.80,16.70,56.10,1010.00,2.10,3.43,3.45,301.10,0.52,1,13.95,153.15,75.13,1,-10,21,-5,-4,STAT,60,LAT,LON,W,CRC
10/07/25 19:01:01,17.85,262.47,21.06,9.84,2.66,447.63,16.70,56.90,1010.00,2.04,3.02,3.03,310.90,0.34,1,13.80,43.26,74.33,1,-10,21,-4,-4,STAT,60,LAT,LON,W,CRC
10/07/25 19:02:08,17.91,278.24,21.67,10.48,1.14,447.36,16.80,57.70,1010.00,1.87,3.03,3.03,328.90,0.19,1,13.95,169.61,85.12,1,-8,20,-4,-5,STAT,60,LAT,LON,W,CRC
10/07/25 19:02:59,17.93,297.28,21.17,10.21,0.80,448.82,16.90,56.70,1010.00,2.49,3.80,3.87,306.00,0.20,1,13.87,112.12,81.02,1,-5,21,-4,-5,STAT,60,LAT,LON,W,CRC
10/07/25 19:04:01,17.94,288.33,21.03,10.36,0.65,451.35,17.00,57.00,1010.00,2.54,3.76,3.78,268.20,0.19,1,13.80,31.67,74.02,1,-7,22,-5,-5,STAT,60,LAT,LON,W,CRC
10/07/25 19:04:58,17.99,316.58,21.48,10.64,0.48,452.72,17.10,56.60,1010.00,2.64,4.10,4.16,305.10,0.23,1,13.87,82.20,72.89,1,-7,21,-5,-5,STAT,60,LAT,LON,W,CRC
10/07/25 19:06:00,18.03,548.80,21.38,12.17,-0.56,456.49,17.10,57.40,1010.00,2.65,3.81,4.33,351.80,0.19,1,13.87,90.52,71.23,1,-4,21,-5,-5,STAT,60,LAT,LON,W,CRC
10/07/25 19:07:01,18.04,436.33,22.80,10.64,0.32,461.10,17.10,56.40,1010.00,2.42,3.38,3.57,341.00,0.24,1,13.77,25.56,74.28,1,-6,19,-5,-5,STAT,60,LAT,LON,W,CRC
10/07/25 19:07:58,18.09,360.94,21.30,10.99,0.42,461.03,17.20,55.90,1010.00,2.14,2.98,3.04,285.10,0.22,1,13.91,145.60,72.35,1,-7,21,-4,-5,STAT,60,LAT,LON,W,CRC
10/07/25 19:09:00,18.12,332.83,22.13,11.56,0.08,460.36,17.30,56.70,1010.00,2.06,3.17,3.20,281.10,0.21,1,13.84,90.99,84.67,1,-8,21,-4,-4,STAT,60,LAT,LON,W,CRC
10/07/25 19:10:01,18.14,322.75,23.29,11.18,0.74,459.44,17.40,57.10,1010.00,2.02,3.36,3.37,265.80,0.19,1,13.77,25.70,76.95,1,-9,20,-4,-4,STAT,60,LAT,LON,W,CRC
10/07/25 19:11:02,18.20,397.24,23.37,11.05,0.92,458.59,17.40,57.50,1010.00,2.29,3.77,4.09,330.70,0.05,1,14.02,204.90,76.36,1,-8,20,-5,-4,STAT,60,LAT,LON,W,CRC
10/07/25 19:11:58,18.23,787.31,24.22,11.08,-0.03,461.43,17.40,56.40,1010.00,2.10,3.23,3.43,288.20,0.14,1,13.84,72.96,72.88,1,-2,21,-5,-5,STAT,60,LAT,LON,W,CRC
10/07/25 19:13:01,18.26,554.57,22.35,11.37,-0.18,463.88,17.50,56.40,1010.00,2.30,3.23,3.31,258.60,0.11,1,13.77,20.61,72.84,1,-5,22,-4,-5,STAT,60,LAT,LON,W,CRC
10/07/25 19:14:03,18.31,402.77,22.33,10.56,0.02,462.36,17.60,55.90,1010.00,2.15,3.06,3.25,275.70,0.13,1,13.98,176.45,73.35,1,-8,21,-4,-5,STAT,60,LAT,LON,W,CRC
10/07/25 19:14:59,18.33,347.75,22.06,9.96,0.69,459.63,17.60,55.10,1010.00,2.05,3.07,3.31,246.00,0.38,1,13.84,55.37,75.91,1,-11,22,-5,-5,STAT,60,LAT,LON,W,CRC
10/07/25 19:16:00,18.38,316.39,21.97,9.39,1.46,456.96,17.70,55.40,1010.00,2.02,3.53,3.78,229.20,0.16,1,13.77,15.64,77.29,1,-12,22,-4,-4,STAT,60,LAT,LON,W,CRC
10/07/25 19:17:01,18.42,300.80,22.59,9.49,0.42,455.69,17.70,55.30,1010.00,2.19,3.47,3.79,138.20,0.11,1,13.95,182.62,77.56,1,-10,21,-4,-5,STAT,60,LAT,LON,W,CRC
10/07/25 19:18:03,18.43,300.81,21.62,11.09,0.47,455.21,17.70,56.10,1010.00,1.94,3.07,3.44,293.30,0.10,1,13.80,51.58,77.53,1,-11,21,-4,-4,STAT,60,LAT,LON,W,CRC
10/07/25 19:18:59,18.49,296.08,20.98,11.24,0.96,454.87,17.80,55.80,1010.00,1.98,3.29,3.42,277.60,0.30,1,13.77,16.19,74.01,1,-8,23,-4,-4,STAT,60,LAT,LON,W,CRC
10/07/25 19:19:59,18.52,290.98,21.34,10.70,0.28,453.80,17.80,55.30,1010.00,1.99,3.46,3.50,248.80,0.23,1,13.95,179.37,74.43,1,-6,21,-4,-5,STAT,60,LAT,LON,W,CRC
10/07/25 19:21:01,18.53,294.50,20.64,9.99,0.94,453.44,17.80,56.40,1010.00,2.00,3.03,3.20,11.90,0.05,1,13.80,50.66,72.93,1,-10,24,-5,-5,STAT,60,LAT,LON,W,CRC
10/07/25 19:22:03,18.58,296.83,20.94,10.91,-0.27,457.61,17.80,56.60,1010.00,2.05,3.13,3.34,47.40,0.18,1,13.84,82.69,81.19,1,-9,22,-5,-5,STAT,60,LAT,LON,W,CRC
10/07/25 19:22:59,18.61,301.56,21.43,10.61,0.34,462.42,17.80,55.30,1010.00,1.95,3.24,3.36,58.40,0.16,1,13.91,110.56,74.68,1,-12,22,-5,-5,STAT,60,LAT,LON,W,CRC
10/07/25 19:24:00,18.63,322.80,20.87,10.31,1.16,463.66,17.80,55.30,1010.00,1.98,3.29,3.71,272.40,0.17,1,13.80,31.22,76.19,1,-10,23,-4,-4,STAT,60,LAT,LON,W,CRC
10/07/25 19:25:02,18.63,330.58,21.31,9.21,2.39,461.09,17.90,53.60,1010.00,1.99,3.04,3.23,275.40,0.47,1,13.73,8.82,76.64,1,-9,23,-4,-4,STAT,60,LAT,LON,W,CRC
10/07/25 19:26:02,18.68,300.02,20.42,7.13,3.17,456.56,17.70,52.70,1010.00,1.62,2.48,2.55,287.50,0.73,1,13.91,101.91,72.98,1,-12,22,-3,-4,STAT,60,LAT,LON,W,CRC
10/07/25 19:27:03,18.71,270.32,21.03,4.81,4.05,452.73,17.60,52.40,1010.00,1.38,2.26,2.28,290.50,0.91,1,13.80,28.78,75.79,1,-12,21,-4,-4,STAT,60,LAT,LON,W,CRC
10/07/25 19:28:00,18.72,260.83,20.67,5.19,4.80,449.09,17.50,52.60,1010.00,1.38,2.34,2.35,286.30,0.93,1,13.73,9.03,75.33,1,-12,22,-5,-4,STAT,60,LAT,LON,W,CRC
10/07/25 19:29:02,18.72,257.22,20.86,5.81,4.93,445.86,17.40,54.10,1010.00,1.57,2.13,2.47,294.10,0.76,1,13.91,110.24,76.28,1,-7,21,-4,-4,STAT,60,LAT,LON,W,CRC
10/07/25 19:30:03,18.72,269.22,20.55,7.37,3.09,444.65,17.30,53.90,1010.00,1.44,2.59,2.88,281.70,0.82,1,13.80,31.14,75.76,1,-6,23,-4,-4,STAT,60,LAT,LON,W,CRC
10/07/25 19:30:59,18.69,257.79,19.90,7.38,2.82,445.02,17.10,55.00,1010.00,1.72,3.13,3.28,303.50,0.77,1,13.73,9.77,73.12,1,-4,23,-4,-4,STAT,60,LAT,LON,W,CRC
10/07/25 19:32:01,18.65,246.38,19.98,7.61,3.90,445.66,16.90,55.10,1010.00,1.90,3.36,3.54,314.40,0.69,1,13.95,168.26,73.21,1,-3,22,-4,-4,STAT,60,LAT,LON,W,CRC
10/07/25 19:33:01,18.64,234.47,19.88,7.97,3.86,445.70,16.80,55.50,1010.00,1.91,3.44,3.50,308.90,0.49,1,13.80,47.52,77.12,1,-2,21,-4,-3,STAT,60,LAT,LON,W,CRC
10/07/25 19:34:03,18.64,228.22,19.73,9.49,2.75,445.90,16.80,56.20,1010.00,1.97,3.24,3.40,335.50,0.39,1,13.77,13.42,76.37,1,-2,21,-3,-4,STAT,60,LAT,LON,W,CRC
10/07/25 19:35:11,18.63,234.53,20.90,8.70,3.85,445.97,16.70,55.80,1010.00,1.95,3.21,3.43,297.50,0.55,1,13.91,146.78,75.48,1,-3,22,-4,-3,STAT,60,LAT,LON,W,CRC
10/07/25 19:36:02,18.58,235.61,19.68,10.09,3.22,446.39,16.80,56.70,1010.00,1.98,2.71,2.80,304.40,0.36,1,13.80,51.18,77.82,1,-3,23,-3,-3,STAT,60,LAT,LON,W,CRC
10/07/25 19:37:04,18.55,268.71,21.56,10.87,1.84,448.91,16.70,57.20,1010.00,1.99,2.89,3.09,345.10,0.56,1,13.77,14.45,76.60,1,-4,23,-3,-3,STAT,60,LAT,LON,W,CRC
10/07/25 19:38:00,18.54,282.16,22.15,10.71,0.97,452.29,16.50,56.80,1010.00,2.18,3.10,3.17,358.40,0.79,1,14.02,223.77,76.78,1,-3,22,-2,-4,STAT,60,LAT,LON,W,CRC
10/07/25 19:39:01,18.53,294.82,21.59,10.55,2.50,454.40,16.50,56.90,1010.00,2.22,3.42,3.44,297.30,0.64,1,13.84,63.20,74.42,1,-2,21,-3,-3,STAT,60,LAT,LON,W,CRC
10/07/25 19:40:03,18.49,280.77,21.99,10.44,3.02,455.38,16.40,57.20,1010.00,2.23,3.65,3.82,290.40,0.50,1,13.77,17.85,76.71,1,-1,21,-3,-2,STAT,60,LAT,LON,W,CRC
10/07/25 19:41:05,18.45,272.20,21.50,11.01,2.38,455.64,16.30,57.80,1010.00,2.45,3.45,3.89,333.00,0.68,1,14.02,216.72,73.76,1,1,23,-3,-2,STAT,60,LAT,LON,W,CRC
10/07/25 19:42:02,18.44,275.06,22.58,10.06,3.77,457.56,16.20,58.00,1010.00,2.80,4.01,4.34,321.70,0.62,1,13.84,76.22,76.56,1,2,21,-3,-2,STAT,60,LAT,LON,W,CRC
10/07/25 19:43:03,18.41,281.64,23.96,10.67,3.25,458.90,16.10,58.30,1010.00,3.22,5.09,5.37,330.80,0.67,1,13.77,21.53,72.84,1,3,20,-3,-3,STAT,60,LAT,LON,W,CRC
10/07/25 19:44:05,18.36,291.11,23.85,12.36,1.45,460.14,16.10,58.60,1010.00,3.30,5.31,5.71,356.30,0.43,1,13.95,197.22,71.50,1,3,20,-3,-3,STAT,60,LAT,LON,W,CRC
10/07/25 19:45:00,18.35,302.54,23.77,11.87,2.50,464.82,16.10,59.10,1010.00,3.49,5.32,5.52,347.00,0.35,1,13.87,101.47,79.37,1,2,20,-3,-2,STAT,60,LAT,LON,W,CRC
10/07/25 19:46:02,18.34,323.38,23.68,11.76,3.19,470.02,16.10,57.80,1010.00,3.50,5.49,5.58,307.30,0.45,1,13.77,28.66,73.97,1,0,22,-3,-2,STAT,60,LAT,LON,W,CRC
10/07/25 19:47:05,18.29,320.69,23.18,12.11,2.77,471.46,16.10,58.10,1010.00,3.73,5.69,5.86,309.20,0.48,1,13.84,96.64,73.49,1,-1,22,-3,-2,STAT,60,LAT,LON,W,CRC
10/07/25 19:48:01,18.26,326.19,22.87,12.25,2.83,470.24,16.10,58.60,1010.00,3.65,5.78,5.98,315.90,0.51,1,13.91,123.65,72.80,1,-5,22,-2,-2,STAT,60,LAT,LON,W,CRC
10/07/25 19:49:03,18.25,323.35,23.32,12.59,2.78,468.82,16.10,58.40,1010.00,3.30,5.51,5.66,301.60,0.36,1,13.80,34.92,75.80,1,-6,20,-2,-2,STAT,60,LAT,LON,W,CRC
10/07/25 19:50:05,18.24,324.82,23.84,12.14,3.42,468.93,16.00,58.40,1010.00,3.69,6.03,6.08,320.40,0.26,1,13.73,9.86,72.33,1,-4,21,-3,-2,STAT,60,LAT,LON,W,CRC
10/07/25 19:51:01,18.20,325.37,23.78,11.45,3.89,470.41,16.00,58.20,1010.00,3.61,6.29,6.40,284.10,0.37,1,13.91,128.41,70.71,1,-7,21,-3,-2,STAT,60,LAT,LON,W,CRC
10/07/25 19:52:04,18.16,300.27,23.24,10.65,4.71,467.96,16.00,58.80,1010.00,2.84,5.03,5.07,284.60,0.65,1,13.80,36.27,73.33,1,-10,20,-2,-1,STAT,60,LAT,LON,W,CRC
10/07/25 19:53:05,18.15,296.47,23.27,10.62,5.35,463.40,16.00,59.50,1010.00,2.94,4.81,4.82,300.70,0.69,1,13.73,10.24,72.00,1,-13,21,-3,-1,STAT,60,LAT,LON,W,CRC
10/07/25 19:54:01,18.14,298.27,22.81,12.94,4.17,460.25,16.00,61.30,1010.00,2.98,4.56,4.56,304.20,0.49,1,13.95,178.56,70.29,1,-13,21,-2,-1,STAT,60,LAT,LON,W,CRC
10/07/25 19:55:05,18.09,304.20,23.00,12.87,3.85,457.20,16.00,61.80,1010.00,2.65,4.46,4.47,305.40,0.53,1,13.80,50.43,80.37,1,-14,22,-2,-1,STAT,60,LAT,LON,W,CRC
10/07/25 19:56:02,18.06,320.84,23.98,13.51,4.31,455.84,15.90,63.20,1010.00,2.77,4.17,4.25,326.30,0.54,1,13.77,15.83,75.93,1,-13,21,-3,-1,STAT,60,LAT,LON,W,CRC
10/07/25 19:57:03,18.05,349.77,24.29,13.70,4.74,455.25,15.70,63.70,1010.00,3.21,5.38,5.73,336.50,0.65,1,13.95,179.23,71.78,1,-13,22,-3,-1,STAT,60,LAT,LON,W,CRC
10/07/25 19:58:06,18.02,367.87,25.19,14.59,4.59,460.55,15.60,64.20,1010.00,3.64,5.91,6.25,335.40,0.55,1,13.80,50.62,71.63,1,-12,21,-2,-1,STAT,60,LAT,LON,W,CRC
10/07/25 19:59:02,17.98,388.64,26.73,14.97,4.08,464.87,15.60,64.20,1010.00,3.67,5.92,6.11,323.30,0.29,1,13.77,15.88,72.54,1,-13,20,-3,-1,STAT,60,LAT,LON,W,CRC
10/07/25 20:00:04,17.96,393.77,26.41,14.50,4.81,467.97,15.70,64.30,1010.00,3.95,5.53,5.61,273.60,0.41,1,13.95,145.28,72.61,1,-14,20,-3,-1,STAT,60,LAT,LON,W,CRC
10/07/25 20:01:07,17.95,378.37,25.89,15.13,4.50,467.83,15.60,65.10,1010.00,4.25,7.00,7.03,293.80,0.29,1,13.80,41.03,74.09,1,-14,21,-3,-1,STAT,60,LAT,LON,W,CRC
10/07/25 20:02:04,17.91,375.45,27.38,14.68,3.96,467.40,15.60,65.50,1010.00,4.28,6.28,6.30,318.30,0.54,1,13.73,12.88,74.65,1,-14,19,-2,-1,STAT,60,LAT,LON,W,CRC
10/07/25 20:03:06,17.87,379.03,26.10,13.99,4.77,466.99,15.50,65.10,1010.00,3.85,5.67,5.74,317.20,0.49,1,13.91,136.09,76.12,1,-13,21,-2,-1,STAT,60,LAT,LON,W,CRC
10/07/25 20:04:07,17.86,375.76,25.90,14.39,4.26,466.05,15.50,65.40,1010.00,4.15,5.90,6.44,313.10,0.50,1,13.80,38.44,76.42,1,-14,21,-2,0,STAT,60,LAT,LON,W,CRC
10/07/25 20:05:04,17.85,367.85,25.75,14.12,4.20,465.09,15.30,65.00,1010.00,4.21,5.88,6.06,348.00,1.02,1,13.73,12.06,73.61,1,-15,21,-3,0,STAT,60,LAT,LON,W,CRC
10/07/25 20:06:06,17.80,362.09,26.19,13.63,3.68,463.12,15.20,65.20,1010.00,5.83,8.16,8.37,337.80,0.87,1,13.91,145.19,74.85,1,-16,20,-3,-1,STAT,60,LAT,LON,W,CRC
10/07/25 20:07:08,17.77,357.75,26.50,13.73,3.61,461.55,15.20,65.50,1010.00,5.19,7.06,7.34,277.40,1.17,1,13.80,41.01,73.87,1,-15,19,-2,0,STAT,60,LAT,LON,W,CRC
10/07/25 20:08:05,17.75,338.65,25.80,13.53,4.79,459.51,15.20,66.30,1010.00,3.89,5.95,6.09,300.70,0.82,1,13.73,12.87,72.14,1,-16,19,-2,0,STAT,60,LAT,LON,W,CRC
10/07/25 20:09:06,17.69,337.06,25.96,13.61,4.74,458.53,15.00,66.70,1010.00,3.59,5.56,5.61,338.20,0.80,1,13.91,131.31,81.87,1,-18,20,-1,-1,STAT,60,LAT,LON,W,CRC
10/07/25 20:10:02,17.67,333.61,25.44,14.20,4.00,457.70,15.00,66.80,1010.00,3.19,5.20,5.23,289.40,0.99,1,13.80,41.21,75.10,1,-20,19,-2,0,STAT,60,LAT,LON,W,CRC
10/07/25 20:11:03,17.65,331.28,24.78,13.94,4.55,456.83,15.00,67.50,1010.00,3.17,4.88,5.03,313.80,0.61,1,13.73,11.64,73.36,1,-18,20,-2,-1,STAT,60,LAT,LON,W,CRC
10/07/25 20:12:04,17.59,337.78,25.06,14.61,3.72,457.60,15.00,67.60,1010.00,3.55,5.32,5.59,337.30,0.68,1,13.91,146.46,75.87,1,-17,18,-2,0,STAT,60,LAT,LON,W,CRC
10/07/25 20:13:05,17.57,349.95,24.70,13.41,5.12,457.78,14.90,67.70,1010.00,3.01,4.79,5.07,330.00,0.87,1,13.80,41.36,74.59,1,-18,18,-3,0,STAT,60,LAT,LON,W,CRC
10/07/25 20:14:07,17.55,355.83,23.61,12.31,6.81,456.50,14.80,67.80,1010.00,3.09,4.43,4.53,303.90,1.16,1,13.73,11.68,76.62,1,-16,19,-2,0,STAT,60,LAT,LON,W,CRC
10/07/25 20:15:05,17.49,359.04,22.67,11.75,7.64,453.96,14.70,68.20,1010.00,2.99,4.21,4.35,317.70,0.84,1,13.87,120.31,86.67,1,-16,19,-2,0,STAT,60,LAT,LON,W,CRC
10/07/25 20:16:06,17.47,382.74,24.04,13.30,7.57,453.95,14.70,68.70,1010.00,3.21,4.65,4.76,345.10,0.67,1,13.77,33.98,75.85,1,-17,18,-1,0,STAT,60,LAT,LON,W,CRC
10/07/25 20:17:08,17.43,356.02,23.32,13.77,6.00,454.63,14.90,68.90,1010.00,2.90,4.57,4.67,317.20,0.57,1,13.98,157.44,75.34,1,-17,19,-2,0,STAT,60,LAT,LON,W,CRC
10/07/25 20:18:05,17.39,339.83,23.53,14.70,4.73,453.96,14.60,69.00,1009.00,2.97,4.76,4.90,8.00,0.92,1,13.84,90.61,73.98,1,-16,17,-2,-1,STAT,60,LAT,LON,W,CRC
10/07/25 20:19:07,17.37,338.91,22.92,14.88,4.30,452.41,14.80,69.30,1010.00,3.22,5.20,5.29,11.90,0.50,1,13.77,25.59,81.27,1,-18,19,-2,0,STAT,60,LAT,LON,W,CRC
10/07/25 20:20:08,17.36,325.93,22.15,14.66,4.79,451.45,14.70,69.20,1009.00,2.89,5.04,5.53,337.00,0.77,1,14.02,197.26,83.43,1,-18,19,-2,0,STAT,60,LAT,LON,W,CRC
10/07/25 20:21:05,17.33,324.21,22.25,15.35,4.73,450.63,14.80,69.00,1010.00,3.01,4.69,5.15,305.90,0.71,1,13.84,61.90,75.77,1,-19,20,-2,0,STAT,60,LAT,LON,W,CRC
10/07/25 20:22:08,17.29,308.81,23.30,15.46,3.99,448.74,14.90,69.10,1009.00,3.22,4.65,5.03,271.90,1.09,1,13.77,17.48,76.64,1,-19,20,-2,0,STAT,60,LAT,LON,W,CRC
10/07/25 20:23:10,17.27,304.50,23.63,14.93,4.69,447.45,14.80,69.60,1010.00,3.21,5.01,5.28,294.70,1.07,1,13.95,142.28,72.54,1,-18,19,-2,0,STAT,60,LAT,LON,W,CRC
10/07/25 20:24:06,17.26,298.00,24.23,14.68,5.35,446.99,14.90,69.00,1009.00,3.07,4.54,4.63,276.80,0.95,1,13.80,44.65,72.20,1,-17,18,-2,-1,STAT,60,LAT,LON,W,CRC
10/07/25 20:25:07,17.26,307.04,24.01,14.27,5.79,447.68,15.00,69.10,1010.00,2.88,4.27,4.31,280.00,0.75,1,13.77,12.61,71.96,1,-17,19,-4,0,STAT,60,LAT,LON,W,CRC
10/07/25 20:26:10,17.26,303.12,23.59,14.88,3.96,449.12,15.10,69.40,1009.00,2.92,4.55,4.65,312.00,0.43,1,13.91,131.51,77.12,1,-17,20,-2,-1,STAT,60,LAT,LON,W,CRC
10/07/25 20:27:06,17.26,305.91,23.45,15.79,4.54,449.96,15.10,69.30,1009.00,2.94,4.38,4.45,22.30,0.42,1,13.80,41.27,73.09,1,-17,19,-2,0,STAT,60,LAT,LON,W,CRC
10/07/25 20:28:08,17.26,307.45,24.61,16.60,2.93,450.86,15.10,69.20,1009.00,3.01,4.68,4.94,26.60,0.57,1,13.73,11.66,75.23,1,-16,19,-3,-1,STAT,60,LAT,LON,W,CRC
10/07/25 20:29:04,17.26,311.14,24.87,16.21,3.73,453.74,15.20,68.90,1009.00,3.02,4.50,4.89,31.80,0.72,1,13.87,114.12,74.29,1,-16,20,-3,-1,STAT,60,LAT,LON,W,CRC
10/07/25 20:30:07,17.26,303.38,24.65,15.60,5.17,455.69,15.20,68.90,1009.00,3.01,5.25,5.56,355.20,0.42,1,13.77,32.23,75.20,1,-14,19,-4,0,STAT,60,LAT,LON,W,CRC
10/07/25 20:31:08,17.26,305.40,25.20,15.53,4.40,454.55,15.10,68.20,1009.00,2.97,4.95,5.06,350.90,0.65,1,13.91,142.36,73.74,1,-16,18,-3,0,STAT,60,LAT,LON,W,CRC
10/07/25 20:32:05,17.26,296.30,24.43,15.74,3.75,452.21,15.10,68.30,1009.00,2.88,4.42,4.53,349.00,0.59,1,13.87,100.10,72.13,1,-18,18,-3,-1,STAT,60,LAT,LON,W,CRC
10/07/25 20:33:07,17.26,275.00,23.30,15.32,4.58,449.18,15.20,68.50,1009.00,2.37,3.91,4.29,313.50,0.46,1,13.77,28.27,72.23,1,-19,20,-3,-1,STAT,60,LAT,LON,W,CRC
10/07/25 20:34:07,17.26,265.17,22.61,14.28,4.46,447.19,15.30,68.90,1009.00,2.62,4.52,4.76,284.00,0.45,1,13.91,167.84,75.96,1,-19,20,-3,-1,STAT,60,LAT,LON,W,CRC
10/07/25 20:35:06,17.26,275.17,23.71,14.19,4.43,444.81,15.30,69.40,1009.00,2.46,4.11,4.32,305.90,0.82,1,13.84,103.87,82.16,1,-23,20,-4,-1,STAT,60,LAT,LON,W,CRC
10/07/25 20:36:07,17.26,259.94,21.38,13.26,6.03,443.15,15.30,69.50,1009.00,2.60,4.31,4.38,291.90,0.74,1,13.77,29.33,79.43,1,-23,20,-3,-1,STAT,60,LAT,LON,W,CRC
10/07/25 20:37:09,17.26,259.22,21.79,13.45,5.71,441.82,15.30,70.00,1009.00,2.55,4.05,4.25,313.80,0.55,1,13.91,150.72,76.97,1,-23,19,-2,-1,STAT,60,LAT,LON,W,CRC
10/07/25 20:38:05,17.26,278.13,21.04,13.95,3.71,441.32,15.30,70.30,1009.00,2.87,4.17,4.24,313.00,0.44,1,13.87,97.76,73.41,1,-25,18,-3,-1,STAT,60,LAT,LON,W,CRC
10/07/25 20:39:07,17.26,276.69,22.12,13.36,4.72,441.11,15.20,70.30,1009.00,2.53,3.94,4.12,352.50,0.77,1,13.77,27.61,72.36,1,-23,18,-3,-1,STAT,60,LAT,LON,W,CRC
10/07/25 20:40:08,17.26,270.80,21.04,13.16,5.74,441.04,15.10,70.40,1009.00,3.08,4.46,4.75,356.50,0.80,1,13.87,141.75,75.48,1,-23,19,-3,-1,STAT,60,LAT,LON,W,CRC
10/07/25 20:41:09,17.26,265.09,20.34,12.88,5.79,441.01,14.90,70.50,1009.00,3.18,4.63,4.72,357.60,1.05,1,13.87,103.45,73.65,1,-25,19,-3,-1,STAT,60,LAT,LON,W,CRC
10/07/25 20:42:07,17.26,287.60,19.56,12.85,4.71,440.71,14.90,70.70,1009.00,2.79,4.24,4.27,313.70,0.76,1,13.77,32.46,76.83,1,-27,18,-2,-2,STAT,60,LAT,LON,W,CRC
10/07/25 20:43:09,17.26,265.68,18.85,12.29,5.58,439.55,15.00,71.10,1009.00,2.65,4.06,4.14,312.90,0.67,1,13.87,96.49,73.77,1,-27,19,-3,-2,STAT,60,LAT,LON,W,CRC
10/07/25 20:44:10,17.25,254.02,18.19,13.62,4.54,438.54,14.90,71.30,1009.00,2.61,4.11,4.27,1.00,0.59,1,13.87,108.52,71.84,1,-29,19,-2,-1,STAT,60,LAT,LON,W,CRC
10/07/25 20:45:11,17.20,245.82,17.78,12.68,4.68,438.81,14.80,71.30,1009.00,2.90,4.94,5.04,355.30,0.78,1,13.80,30.65,76.30,1,-27,19,-3,-1,STAT,60,LAT,LON,W,CRC
10/07/25 20:46:08,17.18,237.02,17.94,12.87,4.79,438.93,14.70,71.40,1009.00,2.54,4.13,4.41,12.10,0.94,1,13.73,9.62,74.46,1,-28,18,-3,-1,STAT,60,LAT,LON,W,CRC
10/07/25 20:47:10,17.17,249.01,18.82,12.29,6.11,440.07,14.70,71.40,1009.00,3.22,5.10,5.51,10.30,1.07,1,13.91,136.67,72.03,1,-27,20,-2,-1,STAT,60,LAT,LON,W,CRC
10/07/25 20:48:11,17.16,236.54,18.85,13.28,5.88,441.81,14.50,71.60,1009.00,3.21,5.10,5.26,7.50,1.01,1,13.80,38.60,75.48,1,-27,18,-1,-1,STAT,60,LAT,LON,W,CRC
10/07/25 20:49:08,17.16,243.46,18.49,13.11,5.61,441.93,14.50,71.90,1009.00,5.53,7.60,7.66,352.30,0.84,1,13.73,12.11,73.43,1,-31,20,-2,-1,STAT,60,LAT,LON,W,CRC
10/07/25 20:50:09,17.11,246.22,18.50,12.69,5.48,442.95,14.60,71.60,1009.00,4.93,6.70,6.80,9.40,1.09,1,13.95,169.60,75.02,1,-29,19,-2,-1,STAT,60,LAT,LON,W,CRC
10/07/25 20:51:11,17.08,249.56,17.69,12.58,5.63,443.47,14.50,71.70,1009.00,3.69,5.31,5.35,5.00,1.08,1,13.80,47.90,75.12,1,-29,18,-2,-1,STAT,60,LAT,LON,W,CRC
10/07/25 20:52:06,17.07,252.47,16.57,12.99,4.92,443.18,14.50,72.00,1009.00,3.30,4.80,4.81,356.10,0.86,1,13.77,15.03,76.60,1,-30,19,-2,-2,STAT,60,LAT,LON,W,CRC
10/07/25 20:53:08,17.07,252.81,16.87,12.23,5.78,443.06,14.40,72.00,1009.00,2.54,3.93,3.93,356.60,1.30,1,13.98,215.86,77.63,1,-28,20,-1,-1,STAT,60,LAT,LON,W,CRC
10/07/25 20:54:11,17.05,238.38,16.63,12.32,5.95,442.09,14.30,72.30,1009.00,2.47,3.65,3.65,2.50,1.44,1,13.80,60.97,80.74,1,-30,18,-2,0,STAT,60,LAT,LON,W,CRC
10/07/25 20:55:10,17.00,230.79,16.30,11.57,6.20,440.84,14.20,72.40,1009.00,2.38,4.10,4.10,12.80,1.52,1,13.77,19.13,83.23,1,-30,18,-1,0,STAT,60,LAT,LON,W,CRC
10/07/25 20:56:11,16.98,240.49,17.34,12.07,5.15,440.13,14.20,72.70,1009.00,2.56,4.38,4.50,353.10,1.56,1,13.98,208.60,74.96,1,-30,18,-2,-1,STAT,60,LAT,LON,W,CRC
10/07/25 20:57:13,16.96,283.84,18.80,12.38,5.88,439.81,14.20,72.70,1009.00,2.73,4.16,4.23,0.30,1.43,1,13.84,58.91,77.07,1,-29,18,-2,0,STAT,60,LAT,LON,W,CRC
10/07/25 20:58:09,16.91,282.95,18.42,12.63,6.60,439.43,14.30,73.00,1009.00,2.73,3.98,4.01,346.40,0.70,1,13.77,18.49,77.08,1,-31,17,-2,0,STAT,60,LAT,LON,W,CRC
10/07/25 20:59:11,16.88,259.14,17.38,13.08,6.06,438.80,14.30,73.40,1009.00,2.25,3.34,3.81,303.60,0.62,1,13.98,198.69,73.93,1,-32,18,-2,0,STAT,60,LAT,LON,W,CRC
10/07/25 21:00:13,16.87,256.35,17.81,17.10,1.37,437.66,14.40,73.50,1009.00,2.14,3.45,3.90,298.80,0.59,1,13.84,68.97,72.65,1,-32,16,-3,0,STAT,60,LAT,LON,W,CRC
10/07/25 21:01:14,16.85,260.62,17.97,14.11,4.54,437.23,14.40,73.60,1009.00,2.45,3.72,3.89,331.00,0.79,1,13.77,19.48,72.54,1,-31,17,-3,0,STAT,60,LAT,LON,W,CRC
10/07/25 21:02:12,16.80,314.96,18.08,12.94,6.97,437.09,14.50,73.70,1009.00,2.34,4.10,4.28,290.50,0.66,1,14.02,231.98,74.27,1,-31,18,-1,0,STAT,60,LAT,LON,W,CRC
10/07/25 21:03:13,16.78,280.53,17.43,12.94,7.36,436.49,14.40,73.70,1009.00,2.42,4.76,4.83,340.80,0.85,1,13.84,65.52,72.70,1,-31,16,-1,0,STAT,60,LAT,LON,W,CRC
10/07/25 21:04:09,16.77,253.55,15.68,13.21,6.61,436.19,14.40,74.00,1009.00,2.27,4.20,4.55,328.30,0.60,1,13.77,20.56,76.16,1,-34,18,-2,0,STAT,60,LAT,LON,W,CRC
10/07/25 21:05:10,16.76,240.60,14.90,12.75,5.86,435.40,14.40,74.10,1009.00,2.59,4.18,4.30,298.00,0.82,1,13.95,189.02,77.02,1,-32,19,-1,-1,STAT,60,LAT,LON,W,CRC
10/07/25 21:06:12,16.70,257.54,16.23,11.67,6.88,433.95,14.40,74.40,1009.00,2.71,4.36,4.59,326.00,0.89,1,13.84,82.66,76.95,1,-32,17,-2,0,STAT,60,LAT,LON,W,CRC
10/07/25 21:07:13,16.68,268.88,16.06,11.57,8.44,433.34,14.40,74.20,1009.00,2.90,4.52,5.00,320.60,0.81,1,13.77,23.35,73.34,1,-32,17,-2,0,STAT,60,LAT,LON,W,CRC
10/07/25 21:08:09,16.68,252.50,15.77,11.48,7.77,432.88,14.50,74.20,1009.00,2.77,4.69,4.93,341.60,0.69,1,13.87,125.60,85.31,1,-33,18,-2,0,STAT,60,LAT,LON,W,CRC
10/07/25 21:09:10,16.67,247.04,15.92,11.28,7.65,433.46,14.50,73.50,1009.00,2.76,4.66,4.90,305.00,0.68,1,13.87,92.62,79.31,1,-33,17,-2,0,STAT,60,LAT,LON,W,CRC
10/07/25 21:10:12,16.66,251.10,15.67,11.98,7.54,433.23,14.50,74.30,1009.00,2.28,3.77,3.85,316.00,0.69,1,13.77,26.16,76.38,1,-33,17,-2,0,STAT,60,LAT,LON,W,CRC
10/07/25 21:11:13,16.61,240.93,15.38,11.53,7.66,433.08,14.50,74.30,1009.00,2.47,4.24,4.27,316.90,0.86,1,13.91,152.57,72.90,1,-32,17,-2,0,STAT,60,LAT,LON,W,CRC
10/07/25 21:12:09,16.59,225.26,16.46,11.89,7.82,432.33,14.50,74.20,1009.00,2.76,4.45,4.46,313.00,0.67,1,13.87,101.17,77.09,1,-32,16,-1,0,STAT,60,LAT,LON,W,CRC
10/07/25 21:13:11,16.58,216.32,15.39,11.54,7.56,430.97,14.60,73.30,1009.00,2.81,4.51,4.60,282.60,0.85,1,13.77,28.57,78.43,1,-32,18,-1,0,STAT,60,LAT,LON,W,CRC
10/07/25 21:14:12,16.57,224.98,15.41,11.95,7.18,429.88,14.50,73.50,1009.00,2.57,3.86,3.88,299.00,1.01,1,14.02,234.81,77.60,1,-32,17,-1,0,STAT,60,LAT,LON,W,CRC
10/07/25 21:15:10,16.57,225.03,15.12,11.43,7.74,429.34,14.60,73.20,1009.00,2.27,3.82,3.83,300.90,0.91,1,13.84,85.04,82.86,1,-34,19,-2,0,STAT,60,LAT,LON,W,CRC
10/07/25 21:16:12,16.57,219.32,15.04,12.11,7.57,429.12,14.60,73.50,1009.00,2.30,3.62,3.89,302.60,0.75,1,13.77,24.02,78.50,1,-33,19,-1,0,STAT,60,LAT,LON,W,CRC
10/07/25 21:17:14,16.57,214.26,15.17,12.71,6.48,429.04,14.80,73.50,1009.00,2.22,3.51,3.60,298.80,0.64,1,13.95,163.55,75.57,1,-31,18,-2,0,STAT,60,LAT,LON,W,CRC
10/07/25 21:18:10,16.57,231.86,15.03,13.27,6.01,429.18,14.90,73.60,1009.00,2.34,4.17,4.20,289.90,0.41,1,13.80,51.33,74.91,1,-32,18,-2,0,STAT,60,LAT,LON,W,CRC
10/07/25 21:19:12,16.57,254.36,16.12,13.61,4.91,429.71,15.00,73.20,1009.00,2.33,4.37,4.55,274.30,0.46,1,13.77,14.50,72.32,1,-32,17,-2,-1,STAT,60,LAT,LON,W,CRC
10/07/25 21:20:14,16.57,268.12,16.60,11.90,6.64,429.60,15.00,73.10,1009.00,2.22,4.07,4.41,292.30,0.65,1,13.91,138.19,71.71,1,-33,17,-3,-1,STAT,60,LAT,LON,W,CRC
10/07/25 21:21:16,16.57,247.57,16.11,11.95,7.31,429.21,15.00,73.00,1009.00,2.21,4.12,4.61,287.40,0.57,1,13.77,39.03,74.51,1,-31,16,-3,-1,STAT,60,LAT,LON,W,CRC
10/07/25 21:22:13,16.57,237.74,15.99,11.81,7.73,428.85,15.10,72.70,1009.00,2.23,3.84,4.15,291.20,0.71,1,13.73,12.25,74.34,1,-31,17,-2,0,STAT,60,LAT,LON,W,CRC
10/07/25 21:23:10,16.57,234.08,16.36,12.11,7.12,428.33,15.20,72.70,1009.00,2.03,3.56,3.69,273.60,0.92,1,13.87,94.44,72.31,1,-32,17,-3,-1,STAT,60,LAT,LON,W,CRC
10/07/25 21:24:12,16.61,222.15,16.15,11.70,7.31,428.12,15.20,72.70,1009.00,2.13,3.54,3.99,260.00,0.62,1,13.77,26.67,72.16,1,-30,17,-2,-1,STAT,60,LAT,LON,W,CRC
10/07/25 21:25:13,16.64,224.02,15.38,10.88,8.34,428.04,15.30,72.20,1009.00,2.12,3.39,3.54,267.40,0.82,1,13.98,149.73,77.39,1,-31,19,-3,-1,STAT,60,LAT,LON,W,CRC
10/07/25 21:26:13,16.66,231.79,15.29,12.02,6.65,428.01,15.30,71.70,1009.00,2.04,3.34,3.49,274.80,0.26,1,13.84,78.45,73.86,1,-34,18,-2,-1,STAT,60,LAT,LON,W,CRC
10/07/25 21:27:14,16.67,220.77,16.30,12.45,7.11,428.28,15.30,71.60,1009.00,2.37,3.86,4.05,267.40,0.55,1,13.77,22.16,76.56,1,-31,17,-3,-1,STAT,60,LAT,LON,W,CRC
10/07/25 21:28:10,16.67,216.57,15.73,12.44,6.14,428.72,15.40,71.40,1009.00,2.29,3.94,4.18,281.20,0.53,1,14.02,212.34,76.87,1,-30,17,-2,-1,STAT,60,LAT,LON,W,CRC
10/07/25 21:29:11,16.67,213.11,16.26,10.14,6.90,428.90,15.40,69.20,1009.00,2.45,4.12,4.35,291.20,0.51,1,13.84,59.97,77.41,1,-30,18,-2,-1,STAT,60,LAT,LON,W,CRC
10/07/25 21:30:13,16.72,215.81,15.42,12.09,6.21,428.90,15.40,70.00,1009.00,2.21,3.68,3.95,313.60,0.28,1,13.77,16.94,73.63,1,-31,19,-2,-1,STAT,60,LAT,LON,W,CRC
10/07/25 21:31:10,16.75,208.67,17.02,9.69,6.33,428.96,15.50,65.80,1009.00,2.16,3.50,3.60,303.90,0.46,1,14.02,227.58,71.86,1,-29,20,-2,-1,STAT,60,LAT,LON,W,CRC
10/07/25 21:32:11,16.76,215.74,16.81,9.32,6.11,428.72,15.60,64.60,1009.00,1.94,3.19,3.35,279.10,0.19,1,13.84,64.27,71.49,1,-33,19,-3,-2,STAT,60,LAT,LON,W,CRC
10/07/25 21:33:12,16.77,208.61,16.54,10.21,6.16,430.13,15.70,64.90,1009.00,1.99,2.96,3.14,49.00,0.15,1,13.77,18.15,75.55,1,-30,20,-2,-1,STAT,60,LAT,LON,W,CRC
10/07/25 21:34:14,16.79,203.22,16.14,10.37,6.40,432.73,15.70,65.40,1009.00,1.96,3.33,3.42,19.80,0.14,1,13.98,190.36,74.19,1,-27,19,-2,-2,STAT,60,LAT,LON,W,CRC
10/07/25 21:35:13,16.84,206.24,16.44,9.30,8.25,434.24,15.80,64.10,1009.00,2.00,3.16,3.19,316.70,0.40,1,13.84,59.74,76.40,1,-27,20,-3,-1,STAT,60,LAT,LON,W,CRC
10/07/25 21:36:14,16.86,210.68,15.85,9.98,6.75,432.55,15.80,64.10,1009.00,2.43,3.89,3.94,324.10,0.46,1,13.77,16.87,78.71,1,-29,20,-3,-1,STAT,60,LAT,LON,W,CRC
10/07/25 21:37:15,16.86,213.93,15.98,11.82,6.12,430.28,15.80,64.50,1009.00,2.41,3.94,4.05,355.40,0.30,1,13.95,180.79,74.73,1,-27,20,-3,-1,STAT,60,LAT,LON,W,CRC
10/07/25 21:38:12,16.89,217.66,14.72,12.88,6.49,430.19,15.90,68.50,1009.00,2.14,3.51,3.54,356.80,0.13,1,13.84,56.74,74.26,1,-23,22,-3,-2,STAT,60,LAT,LON,W,CRC
10/07/25 21:39:14,16.94,211.58,15.45,13.68,4.78,431.33,16.00,68.20,1009.00,1.97,3.13,3.14,260.60,0.25,1,13.77,16.02,73.35,1,-24,20,-4,-2,STAT,60,LAT,LON,W,CRC
10/07/25 21:40:11,16.95,214.09,14.60,14.08,4.10,431.97,16.00,68.80,1009.00,2.11,3.17,3.58,27.40,0.08,1,14.02,194.90,72.09,1,-24,20,-3,-2,STAT,60,LAT,LON,W,CRC
10/07/25 21:41:14,16.96,233.99,15.73,12.43,4.77,434.45,16.00,67.80,1009.00,1.87,3.43,3.80,81.30,0.17,1,13.80,55.04,74.14,1,-27,18,-3,-2,STAT,60,LAT,LON,W,CRC
10/07/25 21:42:16,17.01,241.08,15.73,12.36,4.53,436.00,16.10,68.00,1009.00,1.77,3.60,3.73,114.20,0.23,1,13.77,15.55,72.38,1,-26,19,-4,-2,STAT,60,LAT,LON,W,CRC
10/07/25 21:43:12,17.04,238.69,15.07,12.79,4.05,435.98,16.10,68.60,1009.00,2.55,4.06,4.10,339.20,0.04,1,14.02,217.75,71.58,1,-26,20,-3,-3,STAT,60,LAT,LON,W,CRC
10/07/25 21:44:13,17.06,230.22,15.63,11.97,4.92,434.53,16.20,68.10,1009.00,2.40,3.67,3.90,289.20,0.06,1,13.84,61.50,77.61,1,-28,19,-3,-2,STAT,60,LAT,LON,W,CRC
10/07/25 21:45:15,17.06,221.64,15.57,11.76,5.15,432.66,16.20,67.30,1009.00,2.03,3.38,3.46,277.10,0.31,1,13.77,17.37,79.64,1,-28,18,-3,-2,STAT,60,LAT,LON,W,CRC
10/07/25 21:46:17,17.07,211.87,16.03,13.34,4.66,431.04,16.20,68.80,1009.00,2.13,3.67,3.90,278.00,0.26,1,13.98,186.79,75.17,1,-26,18,-3,-2,STAT,60,LAT,LON,W,CRC
10/07/25 21:47:14,17.11,214.75,15.28,12.19,4.79,429.90,16.20,67.90,1009.00,2.04,3.39,3.71,266.50,0.41,1,13.87,86.75,71.51,1,-27,20,-3,-2,STAT,60,LAT,LON,W,CRC
10/07/25 21:48:14,17.14,207.48,15.51,11.31,4.72,429.36,16.20,67.30,1009.00,2.05,3.30,3.42,257.50,0.29,1,13.77,24.50,81.18,1,-27,21,-3,-2,STAT,60,LAT,LON,W,CRC
10/07/25 21:49:11,17.15,213.00,15.99,11.92,5.02,429.37,16.20,67.70,1009.00,2.24,3.39,3.43,289.90,0.12,1,13.87,128.23,80.56,1,-29,19,-3,-2,STAT,60,LAT,LON,W,CRC
10/07/25 21:50:12,17.16,217.57,15.96,11.82,4.82,430.72,16.20,66.90,1009.00,2.23,3.27,3.28,320.60,0.06,1,13.91,121.25,74.08,1,-29,19,-2,-2,STAT,60,LAT,LON,W,CRC
10/07/25 21:51:15,17.16,232.94,15.79,10.58,5.67,431.05,16.20,66.20,1009.00,2.26,3.09,3.10,287.70,0.28,1,13.80,34.24,72.83,1,-27,19,-2,-2,STAT,60,LAT,LON,W,CRC
10/07/25 21:52:11,17.16,231.45,16.94,11.25,4.57,431.02,16.20,66.10,1009.00,1.98,2.99,3.17,305.90,0.29,1,13.73,10.75,72.97,1,-28,19,-2,-2,STAT,60,LAT,LON,W,CRC
10/07/25 21:53:14,17.17,227.51,15.92,11.52,4.86,430.92,16.20,64.80,1009.00,2.48,3.68,3.76,290.50,0.48,1,13.98,200.44,71.25,1,-28,21,-3,-2,STAT,60,LAT,LON,W,CRC
10/07/25 21:54:16,17.21,224.23,16.69,9.48,5.34,429.92,16.20,64.00,1009.00,2.16,3.95,3.97,300.60,0.47,1,13.84,56.61,73.24,1,-28,19,-3,-2,STAT,60,LAT,LON,W,CRC
10/07/25 21:55:14,17.24,212.47,16.97,8.46,6.27,429.00,16.20,62.80,1009.00,2.20,4.03,4.05,312.90,0.46,1,13.77,17.77,82.49,1,-27,19,-2,-2,STAT,60,LAT,LON,W,CRC
10/07/25 21:56:16,17.25,204.94,16.54,9.71,5.75,427.47,16.20,63.40,1009.00,2.14,4.32,4.62,289.80,0.45,1,13.98,210.94,77.71,1,-28,19,-2,-2,STAT,60,LAT,LON,W,CRC
10/07/25 21:57:13,17.26,201.05,16.44,11.30,5.52,427.11,16.20,64.20,1009.00,2.05,3.59,3.72,298.30,0.43,1,13.87,78.79,72.92,1,-27,20,-2,-1,STAT,60,LAT,LON,W,CRC
10/07/25 21:58:14,17.26,203.30,16.91,11.07,4.33,427.04,16.20,63.60,1009.00,2.46,4.12,4.31,280.50,0.75,1,13.77,22.25,75.83,1,-27,19,-2,-2,STAT,60,LAT,LON,W,CRC
10/07/25 21:59:17,17.26,204.83,16.84,11.58,5.24,427.17,16.10,65.00,1009.00,2.49,4.24,4.61,278.20,0.61,1,13.87,105.62,72.98,1,-27,19,-2,-2,STAT,60,LAT,LON,W,CRC
10/07/25 22:00:13,17.26,209.00,17.31,11.37,4.73,428.71,16.10,64.60,1009.00,2.41,4.16,4.31,287.00,0.36,1,13.91,112.47,77.09,1,-28,18,-2,-2,STAT,60,LAT,LON,W,CRC
10/07/25 22:01:15,17.26,204.20,17.74,11.60,5.31,429.54,16.20,65.00,1009.00,2.39,3.87,3.92,3.70,0.14,1,13.77,31.77,84.53,1,-27,17,-2,-2,STAT,60,LAT,LON,W,CRC
10/07/25 22:02:17,17.26,208.84,17.30,12.35,4.62,429.84,16.20,65.30,1009.00,2.45,3.60,3.61,305.10,0.33,1,13.84,78.52,80.61,1,-25,18,-3,-2,STAT,60,LAT,LON,W,CRC
10/07/25 22:03:13,17.26,217.96,17.93,11.82,4.59,429.94,16.20,64.70,1008.00,2.15,2.95,2.95,298.00,0.43,1,13.95,148.02,75.43,1,-26,18,-2,-2,STAT,60,LAT,LON,W,CRC
10/07/25 22:04:15,17.26,216.98,17.28,13.31,4.31,429.98,16.20,65.60,1009.00,2.08,2.98,2.98,293.20,0.28,1,13.80,41.80,72.20,1,-25,18,-2,-1,STAT,60,LAT,LON,W,CRC
10/07/25 22:05:12,17.26,219.87,17.91,12.63,4.60,430.45,16.20,65.30,1008.00,2.19,3.29,3.29,302.30,0.22,1,13.77,13.12,72.08,1,-24,18,-3,-2,STAT,60,LAT,LON,W,CRC
10/07/25 22:06:14,17.26,238.08,17.99,13.06,3.73,430.81,16.30,65.10,1008.00,2.92,4.87,5.41,290.30,0.31,1,14.02,220.92,70.86,1,-25,19,-3,-2,STAT,60,LAT,LON,W,CRC
10/07/25 22:07:16,17.26,237.28,17.33,13.49,2.73,430.70,16.30,65.00,1008.00,2.51,3.94,4.21,298.30,0.31,1,13.84,62.39,72.13,1,-27,20,-2,-2,STAT,60,LAT,LON,W,CRC
10/07/25 22:08:16,17.26,226.09,18.20,12.79,3.00,430.97,16.30,63.90,1008.00,2.34,3.85,4.02,286.30,0.43,1,13.77,19.58,84.54,1,-25,19,-2,-2,STAT,60,LAT,LON,W,CRC
10/07/25 22:09:19,17.28,248.43,18.31,10.13,5.19,431.10,16.20,63.60,1008.00,2.39,3.59,3.65,306.80,0.63,1,13.95,169.86,78.77,1,-28,20,-2,-2,STAT,60,LAT,LON,W,CRC
10/07/25 22:10:15,17.31,243.61,17.27,9.48,5.04,430.46,16.00,62.20,1008.00,2.26,3.46,3.48,313.40,0.94,1,13.87,93.43,72.99,1,-29,20,-2,-2,STAT,60,LAT,LON,W,CRC
10/07/25 22:11:17,17.32,223.55,17.45,9.48,5.46,429.13,15.90,62.30,1008.00,2.09,3.50,3.50,310.10,0.88,1,13.80,26.39,72.59,1,-28,20,-2,-1,STAT,60,LAT,LON,W,CRC
10/07/25 22:12:18,17.29,208.92,17.10,9.99,6.88,427.75,15.80,63.30,1008.00,2.05,3.31,3.75,311.50,0.78,1,13.80,43.26,77.23,1,-26,20,-2,-1,STAT,60,LAT,LON,W,CRC
10/07/25 22:13:15,17.27,196.95,16.67,10.16,7.37,427.29,15.90,64.40,1008.00,2.02,3.05,3.20,332.00,0.43,1,13.95,162.76,72.26,1,-24,19,-3,-1,STAT,60,LAT,LON,W,CRC
10/07/25 22:14:17,17.26,205.91,17.03,11.91,4.91,428.06,16.00,65.40,1008.00,2.31,3.28,3.34,352.30,0.14,1,13.80,45.97,72.44,1,-22,19,-2,-2,STAT,60,LAT,LON,W,CRC
10/07/25 22:15:18,17.26,210.37,16.65,14.15,2.81,431.17,16.00,66.20,1008.00,2.21,3.64,3.71,26.30,0.23,1,13.73,12.98,75.68,1,-23,19,-2,-1,STAT,60,LAT,LON,W,CRC
10/07/25 22:16:15,17.26,209.42,17.53,13.33,3.93,433.94,16.00,66.00,1008.00,2.25,3.58,3.60,50.00,0.12,1,13.95,168.22,74.85,1,-24,17,-2,-1,STAT,60,LAT,LON,W,CRC
10/07/25 22:17:17,17.26,214.07,16.40,13.67,3.92,435.27,16.00,66.50,1008.00,2.22,3.60,3.76,28.30,0.22,1,13.80,47.51,72.73,1,-26,19,-2,-1,STAT,60,LAT,LON,W,CRC
10/07/25 22:18:18,17.26,214.88,16.77,14.03,3.06,435.58,16.00,66.60,1008.00,2.17,3.32,3.37,23.40,0.15,1,13.73,13.42,72.25,1,-27,19,-2,-2,STAT,60,LAT,LON,W,CRC
10/07/25 22:19:15,17.27,219.94,16.36,13.68,4.04,435.27,16.00,66.90,1008.00,2.18,3.20,3.22,39.70,0.33,1,13.95,165.79,71.80,1,-28,20,-3,-2,STAT,60,LAT,LON,W,CRC
10/07/25 22:20:17,17.30,219.75,17.46,13.82,3.38,435.09,16.00,66.70,1008.00,2.21,3.61,3.61,354.40,0.21,1,13.80,46.82,74.56,1,-25,20,-2,-2,STAT,60,LAT,LON,W,CRC
10/07/25 22:21:13,17.32,257.06,20.04,14.52,2.00,435.35,16.00,66.60,1008.00,2.35,3.97,3.97,50.40,0.27,1,13.84,66.31,79.08,1,-26,19,-2,-2,STAT,60,LAT,LON,W,CRC
10/07/25 22:22:15,17.34,267.51,19.61,13.07,3.40,436.89,16.00,66.70,1008.00,2.15,4.15,4.27,52.70,0.09,1,13.87,100.63,73.56,1,-28,18,-2,-2,STAT,60,LAT,LON,W,CRC
10/07/25 22:23:17,17.35,310.35,18.15,13.95,2.65,439.31,16.10,66.60,1008.00,2.44,4.39,4.56,51.10,0.19,1,13.77,28.42,73.99,1,-27,20,-3,-2,STAT,60,LAT,LON,W,CRC
10/07/25 22:24:14,17.36,298.57,17.81,14.21,2.57,441.89,16.10,67.00,1008.00,2.26,3.97,4.03,30.80,0.45,1,13.80,49.89,72.74,1,-26,20,-2,-2,STAT,60,LAT,LON,W,CRC
10/07/25 22:25:16,17.36,286.14,17.20,13.07,4.25,443.76,16.00,67.30,1008.00,2.10,3.44,3.46,313.40,0.49,1,13.91,113.37,71.90,1,-27,21,-2,-2,STAT,60,LAT,LON,W,CRC
10/07/25 22:26:18,17.36,252.96,17.74,13.29,3.72,441.09,16.00,67.90,1008.00,2.24,3.33,3.34,278.20,0.90,1,13.80,32.02,71.02,1,-28,19,-2,-2,STAT,60,LAT,LON,W,CRC
10/07/25 22:27:15,17.36,232.77,16.34,12.39,6.43,436.62,15.90,68.80,1008.00,2.04,3.21,3.56,276.70,0.62,1,13.73,10.05,75.68,1,-28,19,-2,-1,STAT,60,LAT,LON,W,CRC
10/07/25 22:28:19,17.36,228.63,15.96,12.86,4.29,434.73,15.90,69.50,1008.00,2.02,3.23,3.36,299.80,0.28,1,13.95,149.13,85.16,1,-28,20,-2,-2,STAT,60,LAT,LON,W,CRC
10/07/25 22:29:16,17.36,225.21,15.64,12.40,5.31,434.20,15.90,69.50,1008.00,2.01,3.13,3.34,263.70,0.53,1,13.80,46.80,77.03,1,-29,20,-2,-1,STAT,60,LAT,LON,W,CRC
10/07/25 22:30:17,17.35,236.28,15.95,12.93,5.20,434.15,15.70,70.10,1008.00,2.34,3.91,4.23,340.70,0.74,1,13.77,13.22,73.72,1,-29,20,-2,-1,STAT,60,LAT,LON,W,CRC
10/07/25 22:31:18,17.34,241.81,17.71,14.29,3.60,435.28,15.50,70.40,1008.00,2.53,4.24,4.57,333.10,0.95,1,14.02,224.24,71.54,1,-30,18,-2,-1,STAT,60,LAT,LON,W,CRC
10/07/25 22:32:20,17.30,229.31,17.00,12.94,4.92,434.90,15.50,70.20,1008.00,2.76,4.58,4.69,326.20,0.50,1,13.84,63.33,72.55,1,-30,20,-2,-1,STAT,60,LAT,LON,W,CRC
10/07/25 22:33:17,17.27,225.66,18.10,12.39,5.56,434.14,15.40,70.50,1008.00,2.29,3.98,4.27,13.50,0.59,1,13.77,19.87,80.71,1,-30,19,-2,-1,STAT,60,LAT,LON,W,CRC
10/07/25 22:34:19,17.26,239.55,17.69,12.38,5.36,434.89,15.20,70.40,1008.00,2.08,3.34,3.44,11.10,1.28,1,13.91,124.23,84.20,1,-29,18,-2,-1,STAT,60,LAT,LON,W,CRC
10/07/25 22:35:20,17.26,241.08,18.71,12.33,6.34,436.26,15.10,70.80,1008.00,2.43,3.51,3.55,2.00,1.11,1,13.91,119.32,81.64,1,-32,18,-2,0,STAT,60,LAT,LON,W,CRC
10/07/25 22:36:17,17.23,244.84,18.63,13.55,5.40,437.44,15.00,71.00,1008.00,2.56,4.09,4.32,1.70,1.04,1,13.80,37.44,77.23,1,-30,18,-2,-1,STAT,60,LAT,LON,W,CRC
10/07/25 22:37:19,17.18,245.53,18.40,14.67,4.61,440.26,15.10,71.30,1008.00,2.45,3.79,3.87,344.10,0.58,1,13.73,10.57,73.54,1,-29,19,-2,-1,STAT,60,LAT,LON,W,CRC
10/07/25 22:38:20,17.17,237.11,17.96,14.79,4.39,441.94,15.20,71.70,1008.00,2.30,3.50,3.56,330.70,0.35,1,13.98,207.24,72.97,1,-30,18,-2,-1,STAT,60,LAT,LON,W,CRC
10/07/25 22:39:16,17.16,228.83,17.29,14.38,3.43,442.70,15.20,71.30,1008.00,2.18,3.27,3.59,305.60,0.56,1,13.87,87.59,75.70,1,-32,18,-2,-1,STAT,60,LAT,LON,W,CRC
10/07/25 22:40:17,17.15,227.53,17.48,12.78,4.87,439.79,15.20,71.70,1008.00,2.32,3.83,3.94,301.00,0.77,1,13.80,24.74,74.62,1,-33,17,-1,-1,STAT,60,LAT,LON,W,CRC
10/07/25 22:41:19,17.10,237.87,16.66,12.57,5.65,435.72,15.00,71.80,1008.00,2.47,4.06,4.17,324.40,0.81,1,13.84,108.96,82.91,1,-32,17,-1,0,STAT,60,LAT,LON,W,CRC
10/07/25 22:42:16,17.08,244.69,16.20,12.29,6.69,434.21,15.00,72.30,1008.00,2.67,3.82,3.88,318.10,0.76,1,13.98,179.96,83.55,1,-34,17,-2,0,STAT,60,LAT,LON,W,CRC
10/07/25 22:43:18,17.07,255.84,16.60,11.79,7.37,431.63,14.90,72.40,1008.00,2.56,3.87,4.10,349.50,0.65,1,13.84,50.83,86.45,1,-34,17,-1,0,STAT,60,LAT,LON,W,CRC
10/07/25 22:44:19,17.06,280.85,17.86,12.02,7.35,431.15,14.90,72.80,1008.00,2.56,3.68,3.76,352.10,0.77,1,13.77,14.35,79.76,1,-35,16,-1,0,STAT,60,LAT,LON,W,CRC
10/07/25 22:45:17,17.01,318.62,17.05,12.10,7.01,431.52,14.90,73.30,1008.00,2.52,3.91,3.97,8.40,0.80,1,13.87,115.44,77.76,1,-35,17,-2,0,STAT,60,LAT,LON,W,CRC
10/07/25 22:46:18,16.98,303.07,15.65,12.67,5.82,431.83,14.80,73.20,1008.00,2.47,3.86,4.13,9.30,0.74,1,13.91,112.62,76.86,1,-37,17,-2,-1,STAT,60,LAT,LON,W,CRC
10/07/25 22:47:20,16.97,284.35,15.70,12.20,6.26,431.94,14.80,73.40,1008.00,2.16,3.78,3.97,15.70,0.69,1,13.80,31.81,74.41,1,-40,17,-2,0,STAT,60,LAT,LON,W,CRC
10/07/25 22:48:20,16.97,282.67,15.33,12.55,6.89,432.85,14.80,73.70,1008.00,2.10,3.35,3.44,20.60,0.57,1,13.73,9.98,85.75,1,-40,18,-2,0,STAT,60,LAT,LON,W,CRC
10/07/25 22:49:21,16.94,294.38,15.27,12.77,6.34,434.71,14.80,73.50,1008.00,2.08,3.84,3.87,30.60,0.55,1,13.95,185.05,77.16,1,-41,18,-2,0,STAT,60,LAT,LON,W,CRC
10/07/25 22:50:18,16.90,294.86,16.83,13.00,6.65,435.96,14.90,73.20,1008.00,2.10,3.57,3.68,347.20,0.39,1,13.84,58.07,73.36,1,-41,16,-1,0,STAT,60,LAT,LON,W,CRC
10/07/25 22:51:20,16.88,284.25,15.87,11.85,7.15,434.93,15.00,73.00,1008.00,2.04,3.16,3.51,305.70,0.47,1,13.77,16.40,72.72,1,-41,16,-2,0,STAT,60,LAT,LON,W,CRC
10/07/25 22:52:21,16.87,281.89,15.64,11.59,6.50,432.52,14.90,72.90,1008.00,2.06,3.14,3.26,358.50,0.87,1,13.98,197.64,73.89,1,-42,17,-2,0,STAT,60,LAT,LON,W,CRC
10/07/25 22:53:23,16.87,282.73,16.31,11.88,6.99,431.46,14.80,73.00,1008.00,2.40,3.44,3.66,359.10,0.92,1,13.84,67.05,74.32,1,-43,17,-1,0,STAT,60,LAT,LON,W,CRC
10/07/25 22:54:19,16.87,281.47,16.33,12.30,7.22,431.84,14.70,73.10,1008.00,2.48,4.01,4.38,349.20,0.90,1,13.73,21.04,85.34,1,-42,18,-1,0,STAT,60,LAT,LON,W,CRC
10/07/25 22:55:20,16.87,288.27,18.14,12.80,7.42,437.30,14.80,73.50,1008.00,2.56,3.99,4.32,2.00,0.59,1,13.91,141.89,84.68,1,-42,16,-2,0,STAT,60,LAT,LON,W,CRC
10/07/25 22:56:21,16.86,270.57,16.63,12.16,7.33,441.82,14.80,73.10,1008.00,2.47,3.93,4.05,7.70,0.71,1,13.91,104.23,75.25,1,-41,16,-2,0,STAT,60,LAT,LON,W,CRC
10/07/25 22:57:18,16.85,264.64,16.79,11.33,7.48,441.31,14.60,73.00,1008.00,2.29,3.54,3.81,346.00,1.10,1,13.80,32.71,72.02,1,-43,15,-1,0,STAT,60,LAT,LON,W,CRC
10/07/25 22:58:20,16.80,252.04,16.60,11.63,7.18,437.12,14.50,73.10,1008.00,2.13,3.44,3.53,358.00,1.11,1,13.73,9.24,72.32,1,-41,16,-1,0,STAT,60,LAT,LON,W,CRC
10/07/25 22:59:21,16.78,252.85,16.62,10.87,7.23,433.80,14.50,73.40,1008.00,1.89,3.06,3.48,13.70,0.94,1,13.98,197.37,76.69,1,-41,16,-1,-1,STAT,60,LAT,LON,W,CRC
10/07/25 23:00:21,16.77,253.44,15.41,11.42,7.27,433.09,14.50,73.60,1008.00,2.07,3.54,3.74,7.10,0.91,1,13.87,75.08,73.81,1,-41,17,-2,0,STAT,60,LAT,LON,W,CRC
10/07/25 23:01:19,16.77,253.42,16.27,11.44,7.56,434.31,14.50,73.80,1008.00,2.36,3.66,3.90,4.70,0.77,1,13.77,23.56,83.66,1,-40,16,-2,0,STAT,60,LAT,LON,W,CRC
10/07/25 23:02:20,16.75,257.72,15.85,12.67,6.82,434.92,14.60,73.70,1008.00,2.46,3.92,4.15,10.10,0.68,1,13.80,57.82,76.62,1,-41,17,-2,0,STAT,60,LAT,LON,W,CRC
10/07/25 23:03:22,16.70,250.31,17.23,12.46,5.97,435.73,14.60,73.70,1008.00,2.51,3.96,4.04,358.00,0.62,1,14.02,204.63,71.97,1,-42,16,-1,-1,STAT,60,LAT,LON,W,CRC
10/07/25 23:04:19,16.68,251.05,17.01,13.23,5.92,435.90,14.60,73.80,1008.00,2.16,3.55,3.58,2.00,0.59,1,13.87,83.45,75.23,1,-42,15,-2,0,STAT,60,LAT,LON,W,CRC
10/07/25 23:05:20,16.67,256.31,16.38,13.48,5.31,438.18,14.60,73.70,1008.00,2.04,3.87,3.94,356.40,0.70,1,13.80,23.57,75.56,1,-42,16,-1,-1,STAT,60,LAT,LON,W,CRC
10/07/25 23:06:22,16.67,277.23,16.53,14.08,4.22,440.38,14.60,73.60,1008.00,2.67,4.02,4.04,21.00,0.64,1,13.73,6.66,78.58,1,-40,17,-1,-1,STAT,60,LAT,LON,W,CRC
10/07/25 23:07:20,16.67,270.85,16.25,13.51,6.00,441.59,14.60,73.40,1008.00,2.68,4.01,4.02,354.00,0.74,1,13.95,170.84,74.04,1,-38,17,-2,0,STAT,60,LAT,LON,W,CRC
