DATE,TE,CO,NO,NO2,O3,CO2,T,RH,P,PM1.0,PM2.5,PM10,WD,WS,PWR,BATT,CHRG,RUN,SD,RAW,110,14,-11,-27,86,0,0.00000,0.00000,0,1348864022
10/01/25 03:59:55,14.14,167.34,5.71,19.34,14.72,402.00,13.00,81.40,1002.00,1.16,1.98,2.13,81.70,0.19,0,13.20,0.00,77.86,1,-14,15,1,1,STAT,60,LAT,LON,W,CRC
10/01/25 04:00:52,14.13,162.30,7.27,18.75,14.67,402.00,13.00,80.90,1002.00,1.07,2.26,2.31,46.50,0.26,1,13.20,0.00,79.67,1,-13,14,0,1,STAT,60,LAT,LON,W,CRC
10/01/25 04:01:54,14.12,160.59,8.42,18.04,15.03,402.00,13.00,81.30,1002.00,0.93,2.31,2.32,40.70,0.47,1,13.20,0.00,76.23,1,-13,13,0,1,STAT,60,LAT,LON,W,CRC
10/01/25 04:02:51,14.12,164.97,6.38,19.59,12.42,402.00,13.00,81.70,1002.00,1.11,2.25,2.25,56.30,0.50,0,13.20,0.00,72.53,1,-14,15,0,1,STAT,60,LAT,LON,W,CRC
10/01/25 04:03:53,14.12,161.35,7.23,18.57,13.11,402.00,13.00,81.70,1002.00,0.85,1.90,1.90,66.40,0.35,0,13.20,0.00,75.83,1,-12,15,0,0,STAT,60,LAT,LON,W,CRC
10/01/25 04:04:55,14.12,159.32,7.39,18.56,14.77,402.00,13.00,81.10,1002.00,0.95,1.55,1.83,67.40,0.16,0,13.20,0.00,87.42,1,-11,15,0,1,STAT,60,LAT,LON,W,CRC
10/01/25 04:05:51,14.10,156.00,6.93,18.69,13.96,402.00,13.00,81.90,1002.00,0.95,1.99,2.09,74.30,0.24,0,13.20,0.00,87.97,1,-9,16,0,1,STAT,60,LAT,LON,W,CRC
10/01/25 04:06:55,14.08,164.39,6.80,18.87,13.81,402.35,13.00,81.90,1002.00,1.04,2.54,2.58,55.40,0.37,1,13.20,0.00,73.64,1,-13,16,0,1,STAT,60,LAT,LON,W,CRC
10/01/25 04:07:52,14.04,169.67,8.07,18.33,13.51,402.21,13.00,81.00,1002.00,1.16,2.56,2.80,53.90,0.32,1,13.20,0.00,76.15,1,-14,14,0,0,STAT,60,LAT,LON,W,CRC
10/01/25 04:08:54,14.03,170.57,6.57,19.30,13.76,402.51,13.00,81.40,1002.00,1.05,2.34,2.43,18.70,0.27,0,13.20,0.00,71.78,1,-14,14,0,0,STAT,60,LAT,LON,W,CRC
10/01/25 04:09:56,14.02,168.88,6.39,19.61,13.57,402.83,13.00,81.20,1002.00,1.21,2.39,2.88,22.20,0.39,0,13.20,0.00,87.10,1,-14,15,0,0,STAT,60,LAT,LON,W,CRC
10/01/25 04:10:54,14.02,169.69,5.32,18.02,15.48,402.93,13.00,81.40,1002.00,1.96,3.09,3.62,26.50,0.39,1,13.20,0.00,79.29,1,-14,16,0,0,STAT,60,LAT,LON,W,CRC
10/01/25 04:11:56,14.02,163.26,6.59,17.22,16.34,402.75,13.00,80.90,1002.00,1.79,3.33,3.75,49.00,0.62,1,13.20,0.00,74.02,1,-11,16,0,1,STAT,60,LAT,LON,W,CRC
10/01/25 04:12:52,14.02,164.31,7.21,17.61,16.83,402.29,13.00,80.60,1002.00,1.70,3.11,3.26,43.40,0.74,1,13.20,0.00,74.52,1,-12,15,0,1,STAT,60,LAT,LON,W,CRC
10/01/25 04:13:56,14.02,170.31,6.14,18.67,13.55,402.10,13.00,82.70,1002.00,1.85,2.84,2.89,57.60,0.47,0,13.20,0.00,74.19,1,-13,15,0,0,STAT,60,LAT,LON,W,CRC
10/01/25 04:14:53,14.02,176.91,6.19,19.58,13.25,402.58,13.00,82.10,1002.00,1.89,2.92,2.94,40.60,0.35,1,13.20,0.00,87.39,1,-14,15,0,0,STAT,60,LAT,LON,W,CRC
10/01/25 04:15:56,14.02,169.91,5.49,20.05,12.21,402.85,13.00,82.50,1002.00,1.82,3.10,3.19,39.10,0.37,0,13.20,0.00,90.00,1,-11,16,0,0,STAT,60,LAT,LON,W,CRC
10/01/25 04:16:53,14.01,172.80,7.59,18.58,15.36,402.94,13.00,81.30,1002.00,1.90,2.79,2.82,30.90,0.86,1,13.20,0.00,72.52,1,-13,13,0,0,STAT,60,LAT,LON,W,CRC
10/01/25 04:17:55,14.00,172.42,8.51,19.04,14.41,402.98,13.00,81.90,1002.00,1.72,2.59,2.78,32.80,1.00,1,13.20,0.00,77.42,1,-13,13,0,0,STAT,60,LAT,LON,W,CRC
10/01/25 04:18:57,13.97,168.22,8.22,18.91,14.38,402.99,13.00,81.50,1002.00,1.54,2.45,2.52,41.70,0.59,1,13.20,0.00,71.29,1,-12,14,0,0,STAT,60,LAT,LON,W,CRC
10/01/25 04:19:53,13.94,168.06,6.82,17.94,14.19,403.00,13.00,82.60,1002.00,1.64,2.74,2.83,60.30,0.40,1,13.16,0.00,82.73,1,-13,14,0,0,STAT,60,LAT,LON,W,CRC
10/01/25 04:20:55,13.93,166.22,5.15,19.47,12.31,403.00,13.00,82.90,1002.00,1.62,2.69,2.84,84.40,0.30,0,13.20,0.00,74.43,1,-13,16,0,0,STAT,60,LAT,LON,W,CRC
10/01/25 04:21:57,13.92,167.34,6.09,19.32,12.63,403.00,13.00,82.50,1002.00,1.54,2.88,3.20,61.10,0.75,1,13.20,0.00,74.32,1,-11,15,0,0,STAT,60,LAT,LON,W,CRC
10/01/25 04:22:54,13.92,171.93,7.55,18.50,15.09,403.00,13.00,80.90,1002.00,1.75,3.01,3.46,52.60,1.48,0,13.20,0.00,74.75,1,-12,15,0,0,STAT,60,LAT,LON,W,CRC
10/01/25 04:23:56,13.92,174.84,7.83,18.67,16.25,403.00,13.00,81.20,1002.00,1.79,3.09,3.42,49.20,1.01,1,13.20,0.00,77.42,1,-13,14,0,0,STAT,60,LAT,LON,W,CRC
10/01/25 04:24:53,13.92,171.90,7.07,19.79,13.91,403.00,13.00,81.70,1002.00,1.92,3.43,3.75,52.50,1.27,1,13.20,0.00,74.19,1,-11,14,0,0,STAT,60,LAT,LON,W,CRC
10/01/25 04:25:56,13.92,171.09,7.01,20.26,14.10,403.00,13.00,81.90,1002.00,2.12,3.93,4.13,56.40,0.98,1,13.20,0.00,77.42,1,-12,15,0,0,STAT,60,LAT,LON,W,CRC
10/01/25 04:26:55,13.92,174.08,7.05,18.94,15.14,403.00,13.00,81.50,1002.00,2.56,4.39,4.89,54.00,1.28,0,13.20,0.00,119.35,1,-12,14,0,0,STAT,60,LAT,LON,W,CRC
10/01/25 04:27:58,13.92,175.62,7.42,20.22,13.82,403.00,13.00,82.20,1002.00,2.69,4.42,4.62,37.20,0.83,1,13.20,0.00,74.19,1,-12,14,0,0,STAT,60,LAT,LON,W,CRC
10/01/25 04:28:55,13.92,174.20,6.04,20.34,12.65,403.00,12.90,83.20,1002.00,2.35,3.86,4.36,40.10,0.75,1,13.20,0.00,74.19,1,-12,15,0,0,STAT,60,LAT,LON,W,CRC
10/01/25 04:29:57,13.92,172.69,5.48,19.93,11.35,403.46,12.80,84.00,1002.00,2.42,3.66,4.14,51.00,0.74,1,13.20,0.00,77.42,1,-12,15,0,0,STAT,60,LAT,LON,W,CRC
10/01/25 04:30:59,13.92,170.94,6.69,20.12,10.83,404.39,12.80,83.80,1002.00,2.25,3.76,4.03,51.30,0.46,1,13.20,0.00,90.32,1,-12,14,0,0,STAT,60,LAT,LON,W,CRC
10/01/25 04:31:56,13.92,165.67,5.40,18.80,10.74,404.77,12.80,84.50,1002.00,2.01,3.12,3.35,62.00,0.33,1,13.20,0.00,74.19,1,-11,16,0,0,STAT,60,LAT,LON,W,CRC
10/01/25 04:32:58,13.92,165.49,6.72,18.93,10.29,405.00,12.80,84.80,1002.00,2.00,3.57,3.78,62.60,0.42,1,13.20,0.00,74.19,1,-11,16,0,0,STAT,60,LAT,LON,W,CRC
10/01/25 04:33:57,13.92,165.60,6.29,19.81,11.29,405.54,12.80,84.60,1002.00,1.71,3.13,3.56,54.30,0.58,0,13.20,0.00,102.72,1,-11,16,0,0,STAT,60,LAT,LON,W,CRC
10/01/25 04:34:59,13.92,167.87,7.09,20.13,10.81,405.84,12.80,85.10,1002.00,1.76,3.06,3.55,53.10,0.67,1,13.16,0.00,91.92,1,-11,14,0,1,STAT,60,LAT,LON,W,CRC
10/01/25 04:35:56,13.91,169.48,7.06,19.91,10.18,406.64,12.80,85.30,1002.00,1.78,2.86,3.04,42.20,0.69,1,13.20,0.00,87.10,1,-10,15,0,0,STAT,60,LAT,LON,W,CRC
10/01/25 04:36:58,13.90,170.09,7.60,20.08,9.25,407.52,12.80,84.80,1002.00,1.92,2.88,3.54,53.40,0.42,1,13.16,0.00,80.32,1,-11,14,0,0,STAT,60,LAT,LON,W,CRC
10/01/25 04:37:54,13.88,169.86,6.23,20.08,8.78,407.82,12.80,84.20,1002.00,1.48,2.55,2.80,39.50,0.35,1,13.20,0.00,71.75,1,-11,14,0,0,STAT,60,LAT,LON,W,CRC
10/01/25 04:38:58,13.84,170.38,7.31,19.55,9.89,407.94,12.80,84.30,1002.00,1.38,2.59,3.06,47.40,0.64,1,13.20,0.00,75.63,1,-12,14,0,0,STAT,60,LAT,LON,W,CRC
10/01/25 04:39:56,13.83,173.08,6.76,19.72,10.79,407.98,12.70,84.30,1002.00,1.82,3.20,3.60,51.80,0.79,1,13.16,0.00,81.82,1,-12,15,0,0,STAT,60,LAT,LON,W,CRC
10/01/25 04:40:57,13.82,169.58,7.18,19.80,10.58,407.99,12.70,84.10,1002.00,1.89,3.34,3.62,39.40,0.51,1,13.20,0.00,77.06,1,-10,13,0,0,STAT,60,LAT,LON,W,CRC
10/01/25 04:41:59,13.82,173.24,5.67,18.61,11.13,408.00,12.70,83.30,1002.00,1.92,3.19,3.43,31.30,0.81,1,13.20,0.00,75.05,1,-13,15,0,0,STAT,60,LAT,LON,W,CRC
10/01/25 04:42:56,13.82,176.04,7.02,19.53,10.80,407.59,12.70,83.20,1002.00,1.89,3.37,3.72,31.00,0.73,1,13.20,0.00,80.07,1,-13,13,0,0,STAT,60,LAT,LON,W,CRC
10/01/25 04:43:58,13.82,176.33,7.39,18.25,13.93,407.21,12.80,82.80,1002.00,1.98,3.46,3.61,25.90,0.92,1,13.20,0.00,87.10,1,-12,15,0,0,STAT,60,LAT,LON,W,CRC
10/01/25 04:44:59,13.82,177.67,7.40,19.98,12.96,407.07,12.80,83.40,1002.00,2.34,3.73,3.78,26.90,0.76,1,13.20,0.00,78.01,1,-12,14,0,0,STAT,60,LAT,LON,W,CRC
10/01/25 04:45:56,13.82,176.16,7.09,19.49,12.50,407.03,12.80,83.30,1002.00,2.42,3.45,3.47,33.70,0.61,1,13.20,0.00,76.18,1,-12,15,0,0,STAT,60,LAT,LON,W,CRC
10/01/25 04:47:00,13.82,181.57,7.53,19.25,10.66,407.01,12.80,84.00,1002.00,2.22,3.53,3.67,46.40,0.38,1,13.20,0.00,82.66,1,-15,15,0,0,STAT,60,LAT,LON,W,CRC
10/01/25 04:47:56,13.82,175.29,6.56,19.00,9.97,407.00,12.80,84.50,1002.00,2.14,3.54,3.62,53.20,0.36,1,13.20,0.00,80.58,1,-12,15,0,0,STAT,60,LAT,LON,W,CRC
10/01/25 04:48:58,13.81,175.12,5.75,18.88,9.53,407.00,12.80,84.00,1002.00,1.91,3.49,3.60,61.90,0.32,1,13.20,0.00,74.19,1,-12,17,0,0,STAT,60,LAT,LON,W,CRC
10/01/25 04:50:00,13.80,173.38,7.17,19.64,9.94,407.41,12.80,84.70,1002.00,1.91,3.11,3.15,67.50,0.35,1,13.20,0.00,85.51,1,-10,15,0,0,STAT,60,LAT,LON,W,CRC
10/01/25 04:50:57,13.77,174.13,6.67,19.92,9.52,407.77,12.80,84.30,1002.00,2.21,3.47,3.52,59.60,0.50,1,13.20,0.00,90.00,1,-11,15,0,0,STAT,60,LAT,LON,W,CRC
10/01/25 04:51:59,13.74,174.37,7.35,18.92,9.23,407.92,12.80,84.40,1002.00,2.15,3.19,3.21,45.60,0.42,1,13.20,0.00,87.10,1,-10,14,0,0,STAT,60,LAT,LON,W,CRC
10/01/25 04:53:01,13.73,174.57,7.35,19.35,8.22,408.43,12.80,84.60,1002.00,2.34,3.43,3.63,57.00,0.39,1,13.20,0.00,86.42,1,-11,14,0,0,STAT,60,LAT,LON,W,CRC
10/01/25 04:53:59,13.73,174.09,6.32,18.95,10.11,408.78,12.80,84.90,1002.00,2.08,3.48,3.55,62.00,0.51,1,13.20,0.00,74.33,1,-13,14,0,0,STAT,60,LAT,LON,W,CRC
10/01/25 04:55:00,13.72,176.99,7.27,19.93,9.90,408.92,12.80,85.20,1002.00,2.11,3.33,3.80,55.50,0.57,1,13.20,0.00,77.10,1,-14,14,0,0,STAT,60,LAT,LON,W,CRC
10/01/25 04:55:57,13.72,176.61,6.22,20.39,7.66,409.05,12.80,85.10,1002.00,2.21,3.50,3.74,46.70,0.46,1,13.20,0.00,76.03,1,-12,15,0,0,STAT,60,LAT,LON,W,CRC
10/01/25 04:56:59,13.72,176.97,6.69,19.63,8.08,409.63,12.80,85.00,1002.00,2.08,3.56,3.64,57.20,0.55,0,13.20,0.00,77.10,1,-13,14,0,0,STAT,60,LAT,LON,W,CRC
10/01/25 04:58:00,13.72,173.05,6.63,19.48,7.50,409.87,12.70,85.40,1002.00,2.00,3.63,3.79,58.00,0.43,1,13.20,0.00,87.42,1,-14,14,0,0,STAT,60,LAT,LON,W,CRC
10/01/25 04:58:57,13.72,170.77,7.06,19.37,7.50,410.11,12.80,85.70,1002.00,1.89,3.44,3.55,59.50,0.49,1,13.20,0.00,81.63,1,-11,15,0,0,STAT,60,LAT,LON,W,CRC
10/01/25 05:00:01,13.72,166.77,7.10,19.25,9.28,410.69,12.70,85.00,1002.00,2.03,3.40,3.43,60.50,0.61,0,13.20,0.00,72.58,1,-11,15,0,0,STAT,60,LAT,LON,W,CRC
10/01/25 05:00:58,13.72,169.17,6.35,18.62,12.09,410.53,12.70,84.10,1002.00,2.03,3.69,4.13,57.40,0.57,1,13.20,0.00,87.71,1,-12,15,0,0,STAT,60,LAT,LON,W,CRC
10/01/25 05:01:59,13.72,171.41,6.19,19.98,11.30,410.63,12.80,85.10,1002.00,2.49,3.77,3.92,71.10,0.40,1,13.20,0.00,87.42,1,-9,14,0,0,STAT,60,LAT,LON,W,CRC
10/01/25 05:03:01,13.72,179.30,6.95,19.29,12.56,410.57,12.80,84.70,1002.00,2.36,3.71,3.76,64.50,0.32,1,13.20,0.00,74.19,1,-12,14,0,0,STAT,60,LAT,LON,W,CRC
10/01/25 05:03:59,13.72,176.75,5.67,18.78,12.09,410.22,12.80,84.70,1002.00,2.23,3.75,3.76,62.00,0.29,1,13.20,0.00,141.94,1,-12,15,0,0,STAT,60,LAT,LON,W,CRC
10/01/25 05:05:01,13.71,178.11,7.18,18.62,12.19,410.08,12.80,84.60,1002.00,2.37,3.87,4.04,68.30,0.28,1,13.20,0.00,87.10,1,-11,15,0,0,STAT,60,LAT,LON,W,CRC
10/01/25 05:05:58,13.70,180.44,7.64,19.17,11.60,410.03,12.80,85.30,1002.00,2.79,4.77,4.99,67.40,0.28,1,13.20,0.00,83.40,1,-12,14,0,0,STAT,60,LAT,LON,W,CRC
10/01/25 05:07:01,13.70,176.24,7.23,19.29,9.34,410.01,12.80,85.30,1002.00,2.92,4.72,4.87,61.90,0.50,1,13.20,0.00,77.42,1,-11,14,0,0,STAT,60,LAT,LON,W,CRC
10/01/25 05:07:59,13.67,169.94,6.40,18.40,10.88,410.36,12.80,85.00,1002.00,2.69,4.55,4.63,54.90,0.67,1,13.20,0.00,77.16,1,-10,14,0,0,STAT,60,LAT,LON,W,CRC
10/01/25 05:09:01,13.64,172.53,5.89,19.54,9.06,410.70,12.80,85.50,1002.00,3.15,4.80,5.43,44.10,0.52,1,13.20,0.00,79.24,1,-10,14,0,0,STAT,60,LAT,LON,W,CRC
10/01/25 05:09:58,13.63,176.42,8.33,18.96,8.58,410.89,12.80,85.10,1002.00,3.03,4.67,4.93,46.50,0.34,1,13.20,0.00,79.19,1,-11,12,0,0,STAT,60,LAT,LON,W,CRC
10/01/25 05:11:00,13.63,168.74,6.51,17.52,9.21,410.50,12.90,85.60,1002.00,3.02,4.63,4.79,60.20,0.31,1,13.20,0.00,80.89,1,-10,14,0,0,STAT,60,LAT,LON,W,CRC
10/01/25 05:12:02,13.63,172.71,5.51,18.25,10.65,410.18,12.80,85.80,1002.00,2.53,4.32,4.59,58.60,0.66,1,13.20,0.00,87.56,1,-12,15,0,0,STAT,60,LAT,LON,W,CRC
10/01/25 05:12:59,13.62,180.24,7.24,18.27,9.85,410.15,12.80,86.00,1002.00,3.29,5.33,5.72,54.20,0.76,1,13.20,0.00,80.24,1,-12,14,0,0,STAT,60,LAT,LON,W,CRC
10/01/25 05:14:02,13.62,181.36,8.75,18.69,7.68,411.40,12.70,86.10,1002.00,3.17,4.72,4.94,51.50,0.65,1,13.20,0.00,74.13,1,-10,13,0,-1,STAT,60,LAT,LON,W,CRC
10/01/25 05:14:59,13.62,179.18,6.36,18.35,7.06,412.39,12.70,86.30,1002.00,2.72,4.10,4.21,57.60,0.54,1,13.20,0.00,88.71,1,-10,14,0,-1,STAT,60,LAT,LON,W,CRC
10/01/25 05:16:01,13.62,177.50,7.01,18.43,7.07,412.78,12.70,86.60,1002.00,3.08,4.57,4.98,58.70,0.59,1,13.20,0.00,74.33,1,-10,14,0,0,STAT,60,LAT,LON,W,CRC
10/01/25 05:16:58,13.62,180.64,8.65,20.16,5.88,412.92,12.70,86.30,1002.00,3.26,4.86,5.24,38.30,0.45,1,13.20,0.00,74.19,1,-10,13,0,-1,STAT,60,LAT,LON,W,CRC
10/01/25 05:18:00,13.62,184.13,6.51,20.16,7.82,412.97,12.70,86.10,1002.00,2.70,3.94,4.08,26.90,0.40,1,13.20,0.00,75.49,1,-10,15,0,-1,STAT,60,LAT,LON,W,CRC
10/01/25 05:19:03,13.62,182.17,7.83,20.18,8.16,412.99,12.70,86.10,1002.00,2.75,4.04,4.21,37.70,0.27,1,13.20,0.00,75.93,1,-9,14,0,0,STAT,60,LAT,LON,W,CRC
10/01/25 05:20:00,13.62,185.85,6.84,19.33,8.23,413.00,12.80,86.50,1002.00,2.91,4.27,4.33,61.30,0.22,1,13.20,0.00,82.57,1,-12,15,0,0,STAT,60,LAT,LON,W,CRC
10/01/25 05:21:02,13.62,181.40,6.56,19.51,7.26,413.45,12.80,86.60,1002.00,2.94,4.84,4.94,82.70,0.26,1,13.20,0.00,74.73,1,-12,15,0,-1,STAT,60,LAT,LON,W,CRC
10/01/25 05:21:59,13.62,174.52,7.49,19.06,7.32,414.49,12.90,86.70,1002.00,2.93,4.96,5.26,82.60,0.28,1,13.20,0.00,76.28,1,-10,15,0,0,STAT,60,LAT,LON,W,CRC
10/01/25 05:23:00,13.62,177.07,7.14,18.91,8.10,416.09,12.80,86.90,1002.00,2.42,4.30,4.67,80.90,0.29,1,13.20,0.00,74.19,1,-11,14,0,-1,STAT,60,LAT,LON,W,CRC
10/01/25 05:24:03,13.61,182.65,7.10,19.62,9.48,416.68,12.80,87.10,1003.00,2.48,4.36,4.69,65.20,0.40,0,13.20,0.00,74.43,1,-9,13,0,0,STAT,60,LAT,LON,W,CRC
10/01/25 05:24:59,13.60,184.66,7.86,21.04,7.84,416.88,12.80,87.10,1002.00,2.82,4.94,5.07,52.20,0.97,1,13.20,0.00,74.19,1,-6,14,0,0,STAT,60,LAT,LON,W,CRC
10/01/25 05:26:02,13.59,197.22,8.74,22.36,6.52,416.66,12.70,87.10,1002.00,3.13,5.00,5.51,44.40,1.01,1,13.20,0.00,74.19,1,-1,15,0,0,STAT,60,LAT,LON,W,CRC
10/01/25 05:27:00,13.56,214.73,11.68,23.16,6.31,416.02,12.70,86.60,1002.00,3.08,5.06,5.48,50.20,1.26,1,13.20,0.00,87.10,1,11,14,0,0,STAT,60,LAT,LON,W,CRC
10/01/25 05:28:03,13.54,212.04,10.89,24.77,3.90,415.36,12.70,86.70,1002.00,3.16,4.73,4.88,50.10,1.11,1,13.20,0.00,87.50,1,22,15,0,0,STAT,60,LAT,LON,W,CRC
10/01/25 05:29:00,13.53,209.23,10.95,23.95,4.27,415.14,12.60,87.10,1002.00,3.40,4.87,5.70,52.60,1.00,1,13.20,0.00,92.48,1,24,15,0,0,STAT,60,LAT,LON,W,CRC
10/01/25 05:30:02,13.53,206.45,10.22,23.23,4.61,415.05,12.60,87.30,1002.00,4.07,5.52,5.96,46.20,0.85,1,13.20,0.00,87.10,1,21,13,0,0,STAT,60,LAT,LON,W,CRC
10/01/25 05:31:03,13.53,205.90,10.83,23.55,4.37,415.02,12.60,87.10,1002.00,3.70,5.45,5.70,50.00,1.06,1,13.20,0.00,70.97,1,23,12,0,-1,STAT,60,LAT,LON,W,CRC
10/01/25 05:32:00,13.53,206.82,9.86,23.53,4.64,415.01,12.50,87.10,1002.00,3.38,5.33,5.47,55.80,0.74,1,13.20,0.00,70.97,1,27,13,0,-1,STAT,60,LAT,LON,W,CRC
10/01/25 05:33:02,13.53,201.68,8.56,22.37,3.80,415.00,12.60,87.30,1003.00,3.74,5.41,5.48,64.80,0.43,1,13.20,0.00,75.16,1,28,14,0,-2,STAT,60,LAT,LON,W,CRC
10/01/25 05:34:00,13.53,198.11,9.32,22.56,5.46,415.00,12.60,87.80,1003.00,3.33,4.83,5.00,64.40,0.43,1,13.20,0.00,85.72,1,27,12,0,0,STAT,60,LAT,LON,W,CRC
10/01/25 05:35:02,13.53,202.15,8.95,23.64,5.11,415.00,12.50,87.80,1002.00,3.21,4.86,4.91,60.70,0.65,1,13.20,0.00,87.10,1,30,12,0,-1,STAT,60,LAT,LON,W,CRC
10/01/25 05:36:04,13.53,204.33,10.42,24.64,3.64,415.00,12.50,87.90,1002.00,3.84,6.12,6.14,55.30,0.90,1,13.20,0.00,76.86,1,27,10,0,0,STAT,60,LAT,LON,W,CRC
10/01/25 05:37:01,13.53,204.89,9.47,25.51,3.60,415.00,12.50,87.90,1002.00,3.56,5.31,5.44,53.40,1.08,1,13.20,0.00,87.10,1,30,14,0,0,STAT,60,LAT,LON,W,CRC
10/01/25 05:38:03,13.53,202.35,10.49,24.59,2.96,415.50,12.50,88.40,1002.00,3.49,5.56,5.68,45.20,0.74,0,13.20,0.00,86.19,1,30,13,0,-1,STAT,60,LAT,LON,W,CRC
10/01/25 05:39:00,13.53,201.53,9.61,24.18,2.70,415.81,12.50,88.20,1002.00,3.50,5.89,5.93,43.80,0.83,1,13.20,0.00,84.87,1,30,14,0,-1,STAT,60,LAT,LON,W,CRC
10/01/25 05:40:01,13.53,197.10,9.64,23.83,2.69,417.04,12.50,88.20,1002.00,3.41,5.52,5.64,42.60,0.58,1,13.20,0.00,120.97,1,28,13,0,0,STAT,60,LAT,LON,W,CRC
10/01/25 05:41:04,13.53,192.17,10.15,23.54,1.34,418.26,12.50,88.40,1002.00,3.14,5.09,5.25,52.40,0.47,1,13.20,0.00,71.58,1,27,13,0,-1,STAT,60,LAT,LON,W,CRC
10/01/25 05:42:00,13.53,191.26,8.94,22.63,3.44,418.72,12.50,88.50,1002.00,3.26,5.56,5.78,58.90,0.51,1,13.20,0.00,75.48,1,29,13,0,0,STAT,60,LAT,LON,W,CRC
10/01/25 05:43:03,13.52,192.63,8.56,22.51,3.26,418.84,12.50,88.70,1002.00,3.15,5.31,5.54,60.50,0.52,1,13.20,0.00,85.82,1,29,14,0,0,STAT,60,LAT,LON,W,CRC
10/01/25 05:44:00,13.51,195.39,8.08,23.15,2.37,418.94,12.50,88.50,1002.00,3.05,4.91,5.26,57.00,0.45,0,13.20,0.00,75.04,1,31,14,0,-1,STAT,60,LAT,LON,W,CRC
10/01/25 05:45:01,13.51,190.85,9.71,22.61,4.07,418.98,12.50,88.60,1003.00,3.10,5.13,5.68,58.60,0.36,1,13.20,0.00,86.26,1,34,13,0,0,STAT,60,LAT,LON,W,CRC
10/01/25 05:46:03,13.50,193.39,9.65,22.78,2.90,418.95,12.50,88.60,1003.00,2.78,4.25,4.73,57.20,0.38,1,13.16,0.00,112.90,1,34,13,0,0,STAT,60,LAT,LON,W,CRC
10/01/25 05:47:03,13.48,195.41,9.93,25.08,1.30,418.98,12.60,88.50,1002.00,3.01,4.86,5.20,30.50,0.39,1,13.20,0.00,84.82,1,38,12,0,0,STAT,60,LAT,LON,W,CRC
10/01/25 05:48:05,13.45,200.97,9.47,24.30,1.26,418.99,12.60,88.20,1002.00,2.92,4.34,4.46,39.00,0.58,1,13.20,0.00,74.19,1,40,12,0,-1,STAT,60,LAT,LON,W,CRC
10/01/25 05:49:02,13.44,203.85,7.47,25.06,2.12,419.00,12.60,88.60,1002.00,2.97,4.11,4.32,32.90,0.81,1,13.20,0.00,77.18,1,39,13,0,0,STAT,60,LAT,LON,W,CRC
10/01/25 05:50:05,13.43,201.77,9.95,25.13,1.77,419.00,12.50,88.80,1002.00,2.64,4.27,4.37,34.60,0.53,1,13.20,0.00,90.32,1,40,12,0,0,STAT,60,LAT,LON,W,CRC
10/01/25 05:51:02,13.43,195.54,9.63,22.77,3.28,419.00,12.60,88.90,1002.00,2.56,4.35,4.42,68.70,0.30,1,13.20,0.00,90.32,1,37,13,0,-1,STAT,60,LAT,LON,W,CRC
10/01/25 05:52:04,13.43,192.36,8.73,23.25,4.41,419.00,12.60,88.90,1002.00,2.70,4.05,4.10,75.40,0.32,1,13.20,0.00,79.33,1,31,13,0,0,STAT,60,LAT,LON,W,CRC
10/01/25 05:53:06,13.43,192.85,9.09,24.12,1.64,419.00,12.60,89.00,1003.00,2.85,3.95,4.14,72.10,0.30,0,13.20,0.00,75.16,1,29,14,0,-2,STAT,60,LAT,LON,W,CRC
10/01/25 05:54:03,13.43,191.61,7.48,23.22,3.83,419.50,12.60,88.90,1003.00,2.54,3.83,3.89,64.50,0.44,1,13.20,0.00,87.10,1,27,14,0,-1,STAT,60,LAT,LON,W,CRC
10/01/25 05:55:05,13.43,188.11,7.68,22.34,2.89,420.41,12.60,88.80,1003.00,2.58,3.74,3.76,61.90,0.48,1,13.20,0.00,87.80,1,23,14,0,-1,STAT,60,LAT,LON,W,CRC
10/01/25 05:56:02,13.43,193.54,8.37,23.22,1.64,420.77,12.60,88.60,1003.00,2.60,4.01,4.15,33.00,0.58,1,13.20,0.00,86.83,1,19,13,0,-1,STAT,60,LAT,LON,W,CRC
10/01/25 05:57:05,13.43,199.20,8.50,23.01,3.08,421.57,12.60,88.60,1003.00,2.70,4.23,4.37,45.90,0.84,1,13.20,0.00,79.21,1,20,13,0,-1,STAT,60,LAT,LON,W,CRC
10/01/25 05:58:02,13.43,198.92,8.32,22.15,5.14,422.29,12.60,88.90,1003.00,2.73,4.26,4.63,29.60,0.55,1,13.20,0.00,74.22,1,18,13,-1,0,STAT,60,LAT,LON,W,CRC
10/01/25 05:59:04,13.43,190.28,7.06,20.51,5.08,423.20,12.60,88.20,1003.00,2.28,3.72,4.01,27.10,0.43,1,13.20,0.00,75.42,1,13,14,-1,-1,STAT,60,LAT,LON,W,CRC
10/01/25 06:00:02,13.43,184.52,6.93,19.11,6.99,422.99,12.60,87.90,1003.00,2.16,3.44,3.73,32.60,0.51,0,13.20,0.00,90.19,1,5,15,0,-1,STAT,60,LAT,LON,W,CRC
10/01/25 06:01:05,13.43,175.23,8.28,18.09,8.25,422.06,12.60,87.10,1003.00,1.94,3.34,3.44,42.50,0.39,1,13.20,0.00,77.26,1,1,13,0,0,STAT,60,LAT,LON,W,CRC
10/01/25 06:02:02,13.43,175.22,6.74,17.20,8.66,420.97,12.60,87.80,1003.00,2.05,3.32,3.42,55.00,0.54,1,13.20,0.00,85.95,1,-1,14,0,0,STAT,60,LAT,LON,W,CRC
10/01/25 06:03:05,13.43,172.04,7.66,18.02,6.76,420.92,12.60,88.00,1003.00,1.70,3.06,3.10,68.90,0.38,1,13.20,0.00,74.19,1,0,14,0,0,STAT,60,LAT,LON,W,CRC
10/01/25 06:04:07,13.43,176.43,8.73,18.89,5.33,420.97,12.60,87.70,1003.00,1.83,3.00,3.26,92.80,0.33,0,13.20,0.00,74.48,1,0,13,0,-1,STAT,60,LAT,LON,W,CRC
10/01/25 06:05:04,13.43,172.84,7.84,19.38,7.09,420.99,12.70,87.80,1003.00,1.89,3.05,3.31,76.00,0.24,1,13.20,0.00,74.19,1,-1,13,0,0,STAT,60,LAT,LON,W,CRC
10/01/25 06:06:05,13.43,175.88,6.12,18.19,7.22,420.91,12.70,87.80,1003.00,1.49,2.84,2.93,62.60,0.45,1,13.20,0.00,78.94,1,-4,14,0,-1,STAT,60,LAT,LON,W,CRC
10/01/25 06:07:03,13.43,174.05,6.44,17.31,8.51,420.76,12.70,88.00,1003.00,1.55,2.96,3.00,61.20,0.59,1,13.20,0.00,109.47,1,-4,14,0,-1,STAT,60,LAT,LON,W,CRC
10/01/25 06:08:05,13.43,174.64,8.31,18.50,7.41,420.91,12.60,87.90,1003.00,1.93,3.23,3.24,54.60,0.96,0,13.20,0.00,85.20,1,-3,13,0,-1,STAT,60,LAT,LON,W,CRC
10/01/25 06:09:07,13.43,170.14,9.86,18.42,8.31,420.97,12.60,86.60,1003.00,1.75,2.91,3.05,45.20,0.97,1,13.20,0.00,76.37,1,-1,12,0,-1,STAT,60,LAT,LON,W,CRC
10/01/25 06:10:04,13.43,170.84,9.28,17.07,8.07,420.37,12.60,85.60,1003.00,1.65,2.48,2.99,36.30,0.79,1,13.20,0.00,77.42,1,-6,13,0,-1,STAT,60,LAT,LON,W,CRC
10/01/25 06:11:06,13.43,168.67,9.20,17.62,7.18,418.39,12.60,86.00,1003.00,1.50,2.55,2.74,39.70,0.45,1,13.20,0.00,74.19,1,-7,13,0,-2,STAT,60,LAT,LON,W,CRC
10/01/25 06:12:03,13.43,166.82,8.46,16.74,8.41,417.53,12.70,86.40,1003.00,1.30,2.56,2.79,52.40,0.34,1,13.20,0.00,75.04,1,-9,13,-1,0,STAT,60,LAT,LON,W,CRC
10/01/25 06:13:05,13.43,164.03,7.82,17.71,5.74,416.57,12.70,86.20,1003.00,1.12,2.06,2.21,58.80,0.46,1,13.20,0.00,78.42,1,-6,14,0,-1,STAT,60,LAT,LON,W,CRC
10/01/25 06:14:07,13.43,163.72,8.75,16.90,7.55,415.97,12.70,85.70,1003.00,1.61,2.64,2.69,46.60,0.58,1,13.20,0.00,79.07,1,-7,12,0,-1,STAT,60,LAT,LON,W,CRC
10/01/25 06:15:04,13.43,164.07,8.13,17.79,5.23,415.95,12.70,85.60,1003.00,1.41,2.43,2.44,46.80,0.50,1,13.20,0.00,74.87,1,-7,14,0,-1,STAT,60,LAT,LON,W,CRC
10/01/25 06:16:07,13.43,164.57,7.97,17.89,6.73,415.58,12.70,85.30,1003.00,1.32,2.20,2.37,36.10,0.40,1,13.20,0.00,74.52,1,-8,14,0,-1,STAT,60,LAT,LON,W,CRC
10/01/25 06:17:04,13.43,162.85,9.92,18.12,6.89,415.22,12.70,86.00,1003.00,1.16,2.28,2.37,25.70,0.39,1,13.20,0.00,87.10,1,-7,12,0,-1,STAT,60,LAT,LON,W,CRC
10/01/25 06:18:07,13.43,164.09,8.62,16.45,8.70,415.08,12.70,85.60,1003.00,1.34,2.30,2.34,51.20,0.51,1,13.20,0.00,71.29,1,-9,13,0,-1,STAT,60,LAT,LON,W,CRC
10/01/25 06:19:04,13.43,162.97,8.72,16.58,8.09,415.03,12.70,85.70,1003.00,1.37,2.49,2.50,49.50,0.55,1,13.20,0.00,71.52,1,-10,13,0,-1,STAT,60,LAT,LON,W,CRC
10/01/25 06:20:08,13.43,164.39,8.36,17.61,7.57,415.01,12.70,86.10,1003.00,1.14,2.51,2.63,35.20,0.61,1,13.20,0.00,74.19,1,-8,14,0,-1,STAT,60,LAT,LON,W,CRC
10/01/25 06:21:05,13.43,165.61,8.70,16.68,9.90,414.50,12.70,85.80,1003.00,1.10,2.22,2.26,44.10,0.72,1,13.20,0.00,74.19,1,-8,13,0,0,STAT,60,LAT,LON,W,CRC
10/01/25 06:22:06,13.43,165.37,6.89,18.26,6.45,414.26,12.70,86.90,1003.00,1.04,2.12,2.14,41.50,0.60,1,13.20,0.00,74.70,1,-8,14,0,-2,STAT,60,LAT,LON,W,CRC
10/01/25 06:23:08,13.43,162.65,8.55,17.59,6.90,414.33,12.70,86.10,1003.00,0.98,2.01,2.30,32.00,0.40,1,13.20,0.00,74.19,1,-8,13,0,-1,STAT,60,LAT,LON,W,CRC
10/01/25 06:24:05,13.43,167.42,7.89,17.34,7.30,414.53,12.70,85.90,1003.00,1.26,2.20,2.63,31.00,0.34,1,13.16,0.00,78.71,1,-9,14,-1,-1,STAT,60,LAT,LON,W,CRC
10/01/25 06:25:07,13.43,162.69,7.14,16.25,6.71,414.83,12.70,86.30,1003.00,1.11,2.10,2.26,53.00,0.40,0,13.20,0.00,74.83,1,-6,14,-1,-2,STAT,60,LAT,LON,W,CRC
10/01/25 06:26:09,13.43,164.88,9.86,15.53,5.96,414.94,12.80,86.60,1003.00,1.19,2.27,2.33,61.40,0.33,1,13.20,0.00,74.81,1,-6,12,-1,-3,STAT,60,LAT,LON,W,CRC
10/01/25 06:27:06,13.43,167.13,6.85,16.75,5.63,414.98,12.80,86.30,1003.00,1.07,2.27,2.29,53.50,0.35,0,13.20,0.00,74.19,1,-8,14,-1,-2,STAT,60,LAT,LON,W,CRC
10/01/25 06:28:08,13.43,171.44,8.10,17.32,7.50,415.34,12.80,86.50,1003.00,1.36,2.28,2.29,27.60,0.31,1,13.20,0.00,74.78,1,-8,13,-1,-2,STAT,60,LAT,LON,W,CRC
10/01/25 06:29:05,13.43,177.08,8.32,17.99,7.36,415.75,12.80,86.30,1003.00,1.22,2.32,2.57,2.40,0.42,0,13.20,0.00,71.29,1,-8,14,-2,-1,STAT,60,LAT,LON,W,CRC
10/01/25 06:30:07,13.43,178.61,8.77,18.39,7.56,416.90,12.80,86.60,1003.00,1.36,3.03,3.15,358.30,0.35,1,13.20,0.00,74.19,1,-8,12,-1,-1,STAT,60,LAT,LON,W,CRC
10/01/25 06:31:09,13.43,171.30,7.47,17.53,8.05,419.25,12.80,86.40,1003.00,1.74,3.33,3.53,4.80,0.33,1,13.20,0.00,74.01,1,-6,14,-1,-1,STAT,60,LAT,LON,W,CRC
10/01/25 06:32:06,13.43,171.40,9.94,16.53,7.68,421.17,12.80,86.70,1003.00,1.71,3.10,3.46,22.80,0.28,0,13.20,0.00,79.35,1,-9,12,-1,-1,STAT,60,LAT,LON,W,CRC
10/01/25 06:33:08,13.43,168.33,6.19,17.25,5.69,423.62,12.90,87.10,1003.00,1.87,3.28,3.41,34.00,0.34,1,13.20,0.00,85.76,1,-8,15,0,-1,STAT,60,LAT,LON,W,CRC
10/01/25 06:34:05,13.43,168.19,6.98,16.58,6.47,425.49,12.80,86.80,1003.00,1.95,3.30,3.52,53.10,0.56,0,13.20,0.00,87.68,1,-9,15,0,-1,STAT,60,LAT,LON,W,CRC
10/01/25 06:35:08,13.43,170.52,8.39,17.27,4.77,426.55,12.80,87.30,1003.00,1.75,3.13,3.64,40.50,0.49,1,13.20,0.00,74.02,1,-9,14,0,-2,STAT,60,LAT,LON,W,CRC
10/01/25 06:36:05,13.43,170.54,10.35,17.80,4.72,426.90,12.80,86.80,1003.00,2.23,3.94,4.18,26.60,0.42,1,13.20,0.00,77.42,1,-8,12,0,-2,STAT,60,LAT,LON,W,CRC
10/01/25 06:37:07,13.43,172.11,8.78,17.19,6.89,426.83,12.80,87.00,1003.00,2.07,3.65,3.79,20.30,0.35,1,13.20,0.00,74.52,1,-7,13,0,-2,STAT,60,LAT,LON,W,CRC
10/01/25 06:38:08,13.43,170.22,7.56,17.52,5.76,426.91,12.80,87.00,1003.00,2.26,4.08,4.13,18.90,0.26,0,13.20,0.00,74.48,1,-7,14,0,-2,STAT,60,LAT,LON,W,CRC
10/01/25 06:39:10,13.43,167.10,8.58,17.35,6.15,426.97,12.80,87.10,1003.00,2.06,3.34,3.35,25.90,0.18,1,13.20,0.00,87.10,1,-7,13,0,-1,STAT,60,LAT,LON,W,CRC
10/01/25 06:40:07,13.43,165.69,7.86,16.96,4.75,427.47,12.80,87.20,1003.00,1.98,3.16,3.34,58.00,0.11,1,13.20,0.00,74.19,1,-8,13,0,-2,STAT,60,LAT,LON,W,CRC
10/01/25 06:41:09,13.43,166.54,8.75,17.25,6.04,427.97,12.80,87.70,1003.00,1.45,2.71,2.77,16.40,0.11,1,13.20,0.00,74.19,1,-7,13,0,-1,STAT,60,LAT,LON,W,CRC
10/01/25 06:42:06,13.43,169.44,8.37,16.52,8.74,427.94,12.80,87.20,1003.00,1.72,2.82,2.92,310.30,0.22,1,13.20,0.00,74.81,1,-8,13,-1,-1,STAT,60,LAT,LON,W,CRC
10/01/25 06:43:07,13.42,165.59,9.69,17.82,8.20,426.49,12.80,87.00,1003.00,1.87,2.99,3.03,312.70,0.23,0,13.20,0.00,87.26,1,-6,12,0,-1,STAT,60,LAT,LON,W,CRC
10/01/25 06:44:09,13.41,167.62,9.90,17.83,7.56,424.88,12.80,87.30,1003.00,1.50,2.75,2.76,316.60,0.20,1,13.20,0.00,85.63,1,-9,12,0,-1,STAT,60,LAT,LON,W,CRC
10/01/25 06:45:06,13.41,167.58,9.98,17.28,8.99,424.34,12.80,87.40,1003.00,1.81,2.96,2.97,345.20,0.31,1,13.20,0.00,77.10,1,-8,13,0,-1,STAT,60,LAT,LON,W,CRC
10/01/25 06:46:08,13.40,166.64,8.36,16.75,8.42,423.66,12.70,87.50,1003.00,1.71,2.77,2.77,353.90,0.39,1,13.20,0.00,87.68,1,-6,13,0,-1,STAT,60,LAT,LON,W,CRC
10/01/25 06:47:08,13.38,171.62,8.47,16.69,9.29,423.25,12.70,87.70,1003.00,1.66,2.53,2.53,348.10,0.38,1,13.20,0.00,81.08,1,-8,13,0,0,STAT,60,LAT,LON,W,CRC
10/01/25 06:48:10,13.35,169.28,6.70,16.81,8.06,423.09,12.70,87.60,1003.00,1.34,2.41,2.73,323.00,0.21,1,13.20,0.00,74.48,1,-8,16,0,-1,STAT,60,LAT,LON,W,CRC
10/01/25 06:49:11,13.34,167.08,8.73,17.20,8.48,422.95,12.70,87.70,1004.00,1.69,2.38,2.82,309.80,0.14,1,13.20,0.00,74.19,1,-11,13,0,-1,STAT,60,LAT,LON,W,CRC
10/01/25 06:50:08,13.33,163.80,8.86,16.61,8.62,422.36,12.70,88.00,1004.00,1.57,2.63,2.82,57.80,0.10,1,13.20,0.00,76.55,1,-9,13,0,0,STAT,60,LAT,LON,W,CRC
10/01/25 06:51:10,13.33,157.86,8.52,16.88,7.53,422.64,12.70,88.10,1004.00,1.56,2.53,2.62,115.80,0.26,1,13.20,0.00,74.81,1,-6,13,0,-1,STAT,60,LAT,LON,W,CRC
10/01/25 06:52:07,13.33,163.01,8.65,18.21,7.04,423.32,12.60,87.80,1004.00,1.58,2.32,2.35,144.00,0.36,1,13.20,0.00,74.19,1,-4,13,0,-1,STAT,60,LAT,LON,W,CRC
10/01/25 06:53:09,13.33,167.39,8.42,19.25,5.81,423.11,12.60,87.70,1004.00,1.59,2.49,2.88,142.10,0.44,1,13.20,0.00,72.55,1,3,13,0,-1,STAT,60,LAT,LON,W,CRC
10/01/25 06:54:08,13.33,173.49,9.49,19.13,6.06,423.04,12.60,87.90,1004.00,1.85,2.91,3.52,168.00,0.44,1,13.20,0.00,88.21,1,2,13,0,-1,STAT,60,LAT,LON,W,CRC
10/01/25 06:55:10,13.33,181.47,9.52,20.27,6.15,423.02,12.60,88.20,1004.00,1.76,2.94,3.62,145.30,0.44,0,13.20,0.00,82.01,1,10,12,0,-1,STAT,60,LAT,LON,W,CRC
10/01/25 06:56:11,13.33,190.51,9.89,21.81,4.64,422.78,12.60,88.60,1004.00,1.92,3.02,3.55,132.00,0.33,1,13.20,0.00,74.19,1,15,14,0,-1,STAT,60,LAT,LON,W,CRC
10/01/25 06:57:09,13.33,193.29,12.13,21.90,4.58,421.82,12.60,88.60,1004.00,2.02,3.36,3.54,128.80,0.37,1,13.20,0.00,84.35,1,20,11,0,-1,STAT,60,LAT,LON,W,CRC
10/01/25 06:58:11,13.33,194.87,10.06,21.78,4.32,421.29,12.70,88.80,1004.00,2.52,3.89,3.95,81.70,0.37,1,13.20,0.00,72.58,1,23,14,-1,-1,STAT,60,LAT,LON,W,CRC
10/01/25 06:59:08,13.33,187.22,10.04,21.96,4.20,420.61,12.60,89.00,1004.00,2.29,3.25,3.28,58.50,0.86,1,13.20,0.00,104.52,1,20,14,-1,-1,STAT,60,LAT,LON,W,CRC
10/01/25 07:00:11,13.33,175.71,9.03,20.75,4.77,420.21,12.50,88.60,1004.00,2.30,3.58,3.69,55.00,1.06,1,13.20,0.00,71.87,1,17,13,-1,-2,STAT,60,LAT,LON,W,CRC
10/01/25 07:01:08,13.33,172.89,9.01,20.48,5.58,420.08,12.50,88.50,1004.00,2.15,3.40,3.44,57.00,0.85,1,13.20,0.00,73.87,1,12,14,-1,-1,STAT,60,LAT,LON,W,CRC
10/01/25 07:02:10,13.33,171.40,8.36,20.13,6.17,419.72,12.40,88.60,1004.00,2.05,3.05,3.37,54.10,1.08,1,13.20,0.00,73.87,1,11,14,-1,-2,STAT,60,LAT,LON,W,CRC
10/01/25 07:03:07,13.33,171.07,9.15,20.14,6.44,419.28,12.40,88.60,1004.00,2.27,3.31,3.45,55.40,1.02,1,13.20,0.00,72.80,1,11,12,-1,-1,STAT,60,LAT,LON,W,CRC
10/01/25 07:04:10,13.33,167.64,8.07,20.26,5.93,419.37,12.40,88.80,1004.00,2.08,3.52,3.56,53.40,0.89,1,13.20,0.00,74.19,1,8,13,-1,-1,STAT,60,LAT,LON,W,CRC
10/01/25 07:05:12,13.33,163.51,7.86,19.12,5.43,419.75,12.40,89.30,1004.00,1.71,3.09,3.11,44.20,0.74,1,13.20,0.00,84.27,1,9,13,0,-1,STAT,60,LAT,LON,W,CRC
10/01/25 07:06:09,13.33,164.88,8.75,18.60,4.89,420.53,12.40,89.60,1004.00,1.76,3.31,3.47,51.00,0.71,0,13.20,0.00,70.97,1,7,12,0,-1,STAT,60,LAT,LON,W,CRC
10/01/25 07:07:08,13.33,160.97,9.68,18.68,4.60,422.19,12.40,89.80,1004.00,1.91,3.49,3.92,62.30,0.61,1,13.20,0.00,73.58,1,7,12,0,0,STAT,60,LAT,LON,W,CRC
10/01/25 07:08:09,13.33,161.25,8.15,19.62,4.07,423.07,12.30,89.00,1004.00,1.97,3.31,3.50,56.20,0.52,1,13.20,0.00,87.10,1,5,14,0,-1,STAT,60,LAT,LON,W,CRC
10/01/25 07:09:12,13.33,163.24,7.36,19.49,4.45,423.02,12.40,89.10,1004.00,1.79,3.06,3.17,26.30,0.33,0,13.20,0.00,74.19,1,2,13,0,-2,STAT,60,LAT,LON,W,CRC
10/01/25 07:10:08,13.33,161.91,7.40,18.67,4.44,423.01,12.40,89.20,1004.00,1.93,3.20,3.24,24.40,0.37,1,13.20,0.00,75.77,1,3,14,0,-2,STAT,60,LAT,LON,W,CRC
10/01/25 07:11:10,13.33,158.94,10.04,17.80,3.50,423.00,12.40,89.00,1004.00,1.68,2.95,3.07,43.60,0.39,1,13.20,0.00,102.32,1,2,13,0,-2,STAT,60,LAT,LON,W,CRC
10/01/25 07:12:12,13.33,156.41,10.80,17.12,6.24,423.00,12.40,89.00,1004.00,1.66,2.97,3.25,48.10,0.43,0,13.20,0.00,76.97,1,1,12,0,-1,STAT,60,LAT,LON,W,CRC
10/01/25 07:13:09,13.33,156.96,9.62,17.38,5.32,423.00,12.40,89.00,1004.00,1.86,3.25,3.50,49.00,0.50,0,13.16,0.00,79.48,1,0,14,0,-1,STAT,60,LAT,LON,W,CRC
10/01/25 07:14:11,13.33,152.91,8.70,16.61,6.57,424.00,12.40,89.20,1004.00,1.87,3.32,3.43,61.70,0.36,1,13.20,0.00,87.87,1,1,13,-1,-1,STAT,60,LAT,LON,W,CRC
10/01/25 07:15:09,13.33,154.24,9.36,16.55,6.49,424.62,12.40,89.30,1004.00,1.99,3.43,3.71,63.00,0.37,1,13.20,0.00,74.19,1,0,13,0,-1,STAT,60,LAT,LON,W,CRC
10/01/25 07:16:11,13.33,153.46,8.49,16.81,6.27,424.86,12.40,89.30,1004.00,1.65,2.88,3.39,53.80,0.49,1,13.20,0.00,79.87,1,0,14,0,-1,STAT,60,LAT,LON,W,CRC
10/01/25 07:17:13,13.33,159.93,9.44,17.25,6.19,424.95,12.40,89.30,1004.00,1.78,3.16,3.53,28.40,0.44,1,13.20,0.00,90.32,1,-1,12,0,-1,STAT,60,LAT,LON,W,CRC
10/01/25 07:18:10,13.33,161.41,8.93,17.68,6.11,424.82,12.40,89.00,1004.00,1.27,2.61,2.73,24.40,0.50,1,13.20,0.00,70.97,1,-3,14,0,-1,STAT,60,LAT,LON,W,CRC
10/01/25 07:19:11,13.33,159.52,8.43,16.63,8.12,424.06,12.40,88.60,1004.00,1.40,3.02,3.13,41.50,0.54,1,13.20,0.00,84.92,1,-5,14,0,-1,STAT,60,LAT,LON,W,CRC
10/01/25 07:20:08,13.33,156.09,11.43,16.00,7.43,423.41,12.40,88.80,1004.00,1.75,3.02,3.20,53.30,0.39,1,13.20,0.00,89.34,1,-6,11,0,-1,STAT,60,LAT,LON,W,CRC
10/01/25 07:21:10,13.33,157.41,8.12,17.11,5.23,422.74,12.40,88.60,1004.00,1.81,3.03,3.18,36.80,0.38,1,13.20,0.00,90.32,1,-7,14,0,-2,STAT,60,LAT,LON,W,CRC
10/01/25 07:22:13,13.33,157.20,8.49,16.36,6.37,422.26,12.40,88.40,1004.00,1.79,3.08,3.14,37.60,0.41,1,13.20,0.00,70.97,1,-5,13,0,-1,STAT,60,LAT,LON,W,CRC
10/01/25 07:23:10,13.33,156.63,8.16,16.36,7.19,421.27,12.40,88.00,1004.00,1.38,2.95,2.97,43.30,0.38,0,13.20,0.00,72.60,1,-7,14,0,-1,STAT,60,LAT,LON,W,CRC
10/01/25 07:24:12,13.33,156.14,9.04,16.71,6.55,420.45,12.40,87.90,1004.00,1.36,2.94,2.94,23.20,0.42,1,13.20,0.00,74.19,1,-7,13,-1,-2,STAT,60,LAT,LON,W,CRC
10/01/25 07:25:09,13.33,151.49,8.39,16.02,8.42,419.30,12.40,87.50,1004.00,1.77,2.77,3.14,21.60,0.53,0,13.20,0.00,73.96,1,-6,13,-1,-2,STAT,60,LAT,LON,W,CRC
10/01/25 07:26:11,13.33,152.61,8.90,17.28,9.24,418.02,12.40,87.30,1004.00,1.89,2.86,3.15,24.10,0.54,1,13.20,0.00,74.35,1,-7,13,0,-1,STAT,60,LAT,LON,W,CRC
10/01/25 07:27:11,13.33,156.00,9.62,16.56,8.13,417.04,12.40,87.40,1004.00,1.66,2.44,2.54,16.50,0.37,1,13.20,0.00,90.00,1,-9,12,0,-2,STAT,60,LAT,LON,W,CRC
10/01/25 07:28:13,13.33,154.06,10.00,16.78,9.48,416.37,12.40,87.40,1004.00,1.82,2.62,2.65,347.20,0.58,1,13.20,0.00,84.13,1,-8,12,0,-2,STAT,60,LAT,LON,W,CRC
10/01/25 07:29:10,13.33,155.42,10.83,15.80,9.12,415.98,12.30,87.20,1004.00,1.60,2.88,2.89,15.90,0.57,0,13.20,0.00,79.46,1,-8,12,0,-1,STAT,60,LAT,LON,W,CRC
10/01/25 07:30:12,13.33,155.74,9.31,16.64,6.94,415.35,12.30,87.50,1004.00,1.50,3.03,3.13,23.80,0.56,0,13.20,0.00,90.01,1,-8,13,0,-2,STAT,60,LAT,LON,W,CRC
10/01/25 07:31:14,13.32,156.26,8.66,16.39,8.42,415.04,12.30,87.70,1004.00,1.63,3.23,3.43,21.80,0.68,1,13.20,0.00,74.19,1,-9,13,0,-1,STAT,60,LAT,LON,W,CRC
10/01/25 07:32:11,13.31,154.60,8.56,15.90,9.14,414.54,12.30,87.60,1004.00,1.59,3.14,3.34,29.60,0.62,1,13.20,0.00,74.75,1,-7,14,0,-2,STAT,60,LAT,LON,W,CRC
10/01/25 07:33:13,13.31,145.76,10.62,15.09,10.10,414.60,12.30,87.60,1004.00,1.59,2.54,2.72,40.20,0.34,1,13.20,0.00,75.16,1,-7,12,0,-1,STAT,60,LAT,LON,W,CRC
10/01/25 07:34:11,13.30,145.42,10.75,15.36,9.52,414.85,12.20,87.80,1004.00,1.59,2.79,2.95,34.30,0.45,0,13.20,0.00,74.19,1,-5,11,0,-1,STAT,60,LAT,LON,W,CRC
10/01/25 07:35:14,13.28,146.29,7.82,15.48,9.60,414.95,12.20,87.80,1004.00,1.52,3.00,3.06,52.00,0.56,1,13.20,0.00,76.31,1,-7,14,-1,-2,STAT,60,LAT,LON,W,CRC
10/01/25 07:36:12,13.25,143.85,9.91,13.99,12.46,414.98,12.20,88.00,1004.00,1.69,3.22,3.37,57.20,0.67,1,13.20,0.00,89.71,1,-6,12,-1,-1,STAT,60,LAT,LON,W,CRC
10/01/25 07:37:14,13.24,142.33,9.02,14.64,10.21,414.99,12.20,88.10,1004.00,2.03,3.17,3.48,46.80,0.58,0,13.20,0.00,76.94,1,-6,14,0,0,STAT,60,LAT,LON,W,CRC
10/01/25 07:38:11,13.23,143.71,9.01,14.61,10.02,415.00,12.20,88.30,1004.00,2.01,2.80,3.17,40.80,0.45,1,13.20,0.00,87.10,1,-6,13,0,-1,STAT,60,LAT,LON,W,CRC
10/01/25 07:39:13,13.23,148.99,9.54,15.21,9.92,415.00,12.20,88.10,1004.00,1.95,2.98,3.28,35.40,0.88,1,13.20,0.00,76.97,1,-8,12,0,-1,STAT,60,LAT,LON,W,CRC
10/01/25 07:40:10,13.23,148.64,10.29,15.76,9.79,415.00,12.20,88.10,1004.00,1.98,3.13,3.32,34.80,0.96,1,13.20,0.00,74.52,1,-7,11,0,-1,STAT,60,LAT,LON,W,CRC
10/01/25 07:41:12,13.23,147.47,9.38,16.70,8.84,415.00,12.20,88.00,1004.00,2.00,3.01,3.22,14.00,0.58,0,13.20,0.00,74.19,1,-6,12,0,-1,STAT,60,LAT,LON,W,CRC
10/01/25 07:42:13,13.23,149.15,9.70,15.39,11.97,415.00,12.20,88.00,1004.00,1.95,2.97,3.06,21.00,0.54,0,13.20,0.00,74.19,1,-7,12,0,0,STAT,60,LAT,LON,W,CRC
10/01/25 07:43:10,13.23,144.98,9.69,15.45,10.47,415.00,12.20,88.10,1004.00,2.32,3.47,3.50,48.50,0.62,1,13.20,0.00,77.42,1,-7,13,0,-1,STAT,60,LAT,LON,W,CRC
10/01/25 07:44:13,13.23,143.64,10.35,15.46,9.09,415.00,12.10,88.20,1004.00,2.11,3.87,3.88,50.50,0.74,1,13.20,0.00,74.69,1,-7,11,0,-1,STAT,60,LAT,LON,W,CRC
10/01/25 07:45:14,13.22,145.11,8.63,15.51,9.02,415.00,12.10,88.10,1004.00,1.91,3.34,3.34,54.50,0.94,1,13.20,0.00,91.12,1,-9,13,0,-1,STAT,60,LAT,LON,W,CRC
10/01/25 07:46:12,13.19,146.03,10.55,16.02,8.00,415.00,12.10,88.00,1004.00,1.81,3.18,3.52,34.90,0.83,1,13.20,0.00,74.19,1,-8,11,-1,-1,STAT,60,LAT,LON,W,CRC
10/01/25 07:47:15,13.15,144.49,10.38,16.38,8.62,415.00,12.00,88.40,1004.00,1.88,3.31,3.63,30.10,0.82,0,13.20,0.00,77.10,1,-6,10,0,-1,STAT,60,LAT,LON,W,CRC
10/01/25 07:48:12,13.14,143.27,10.32,16.68,9.69,415.00,12.00,88.00,1004.00,1.96,3.39,3.77,22.40,0.49,1,13.20,0.00,74.19,1,-6,11,0,-1,STAT,60,LAT,LON,W,CRC
10/01/25 07:49:10,13.13,142.40,10.76,15.63,10.94,415.00,12.10,87.90,1004.00,1.84,3.41,3.70,23.00,0.83,1,13.20,0.00,86.07,1,-6,11,0,0,STAT,60,LAT,LON,W,CRC
10/01/25 07:50:12,13.13,143.79,10.74,15.03,11.29,415.00,12.10,87.80,1004.00,1.89,3.37,3.76,20.60,0.52,1,13.20,0.00,74.72,1,-7,12,0,-1,STAT,60,LAT,LON,W,CRC
10/01/25 07:51:14,13.13,141.79,9.61,15.82,10.08,415.00,12.10,88.00,1004.00,1.82,3.11,3.43,27.70,0.36,1,13.20,0.00,77.39,1,-7,12,0,-1,STAT,60,LAT,LON,W,CRC
10/01/25 07:52:11,13.13,145.62,10.29,15.05,10.33,415.00,12.10,87.80,1004.00,1.91,3.21,3.31,43.70,0.58,1,13.20,0.00,86.84,1,-9,11,0,-1,STAT,60,LAT,LON,W,CRC
10/01/25 07:53:13,13.13,142.64,9.48,15.89,11.18,415.00,12.10,87.90,1004.00,1.70,2.92,3.11,27.60,0.45,1,13.16,0.00,90.35,1,-8,12,0,0,STAT,60,LAT,LON,W,CRC
10/01/25 07:54:14,13.13,143.54,11.52,15.48,10.66,414.71,12.10,87.60,1004.00,1.99,3.06,3.22,24.10,0.39,1,13.20,0.00,75.93,1,-7,11,0,0,STAT,60,LAT,LON,W,CRC
10/01/25 07:55:11,13.13,144.29,10.92,16.14,8.75,414.42,12.10,87.70,1004.00,2.00,3.54,3.73,49.40,0.46,1,13.20,0.00,77.84,1,-8,11,0,-1,STAT,60,LAT,LON,W,CRC
10/01/25 07:56:13,13.13,142.37,10.12,15.49,10.36,414.15,12.10,87.90,1004.00,2.06,3.52,3.78,54.50,0.70,0,13.20,0.00,76.11,1,-8,12,0,0,STAT,60,LAT,LON,W,CRC
10/01/25 07:57:11,13.12,140.99,9.61,14.76,10.34,414.40,12.10,88.00,1004.00,2.10,3.46,3.99,43.40,0.62,1,13.16,0.00,72.90,1,-6,12,0,-1,STAT,60,LAT,LON,W,CRC
10/01/25 07:58:13,13.09,142.24,8.98,14.75,9.59,414.79,12.10,88.10,1004.00,1.77,2.92,3.39,35.00,0.63,1,13.20,0.00,76.65,1,-7,13,0,-1,STAT,60,LAT,LON,W,CRC
10/01/25 07:59:16,13.06,139.48,9.69,14.88,10.87,414.93,12.00,88.50,1004.00,1.85,3.24,3.54,40.00,0.84,1,13.16,0.00,88.21,1,-4,12,0,-1,STAT,60,LAT,LON,W,CRC
10/01/25 08:00:15,13.04,138.98,8.88,15.02,9.05,414.97,12.00,88.50,1004.00,1.94,3.13,3.33,33.00,0.59,0,13.20,0.00,89.99,1,-7,12,0,-2,STAT,60,LAT,LON,W,CRC
10/01/25 08:01:12,13.04,141.32,10.34,16.42,8.96,414.99,12.00,88.10,1004.00,1.82,3.10,3.47,8.20,0.50,1,13.20,0.00,83.36,1,-8,11,0,-1,STAT,60,LAT,LON,W,CRC
10/01/25 08:02:15,13.03,141.83,9.61,15.32,10.05,415.00,12.00,88.00,1004.00,1.94,2.78,3.09,29.20,0.75,0,13.20,0.00,73.93,1,-8,12,0,-2,STAT,60,LAT,LON,W,CRC
10/01/25 08:03:17,13.03,144.08,9.80,15.69,9.93,414.92,12.10,87.70,1004.00,2.06,2.93,3.04,25.70,1.04,1,13.16,0.00,78.71,1,-7,12,0,-2,STAT,60,LAT,LON,W,CRC
10/01/25 08:04:15,13.03,145.06,10.37,16.20,11.71,414.51,12.10,87.40,1004.00,1.94,2.87,2.91,21.50,1.03,1,13.20,0.00,74.19,1,-9,11,0,-1,STAT,60,LAT,LON,W,CRC
10/01/25 08:05:13,13.03,140.02,10.28,14.90,12.93,414.20,12.10,87.90,1004.00,1.83,2.85,2.93,31.80,0.59,1,13.20,0.00,74.61,1,-7,12,0,-1,STAT,60,LAT,LON,W,CRC
10/01/25 08:06:16,13.03,141.15,8.44,15.93,11.90,414.07,12.10,87.80,1004.00,1.92,3.38,3.70,36.50,0.88,1,13.20,0.00,88.97,1,-7,13,0,0,STAT,60,LAT,LON,W,CRC
10/01/25 08:07:15,13.03,143.26,7.18,16.29,10.55,414.03,12.10,87.70,1004.00,2.06,3.68,4.04,33.40,1.06,1,13.16,0.00,85.38,1,-9,14,0,0,STAT,60,LAT,LON,W,CRC
10/01/25 08:08:18,13.03,143.40,9.55,15.25,11.26,414.01,12.10,87.60,1004.00,2.02,3.46,4.12,20.80,0.72,1,13.20,0.00,77.10,1,-8,12,0,-1,STAT,60,LAT,LON,W,CRC
10/01/25 08:09:14,13.03,144.34,10.55,15.06,12.13,414.00,12.10,87.70,1004.00,1.98,3.55,4.29,18.30,0.59,1,13.16,0.00,80.75,1,-9,10,0,0,STAT,60,LAT,LON,W,CRC
10/01/25 08:10:17,13.03,142.74,10.89,14.26,11.77,414.00,12.10,87.80,1004.00,1.94,3.39,3.83,45.40,0.53,1,13.20,0.00,77.10,1,-9,11,0,-1,STAT,60,LAT,LON,W,CRC
10/01/25 08:11:14,13.03,138.41,10.36,15.30,9.97,414.00,12.10,87.90,1004.00,1.95,3.31,3.58,42.70,0.73,1,13.20,0.00,74.52,1,-7,11,0,-1,STAT,60,LAT,LON,W,CRC
10/01/25 08:12:15,13.03,136.97,9.86,15.24,9.34,414.00,12.10,88.00,1004.00,2.02,3.44,3.69,38.40,0.84,1,13.20,0.00,75.19,1,-6,12,0,-1,STAT,60,LAT,LON,W,CRC
10/01/25 08:13:18,13.03,141.33,10.23,15.35,9.25,414.62,12.10,87.90,1004.00,2.03,3.33,3.46,32.40,0.64,1,13.20,0.00,74.70,1,-7,12,0,-1,STAT,60,LAT,LON,W,CRC
10/01/25 08:14:16,13.03,140.98,9.23,14.76,10.16,414.85,12.10,87.90,1004.00,2.02,3.78,3.93,30.80,0.70,1,13.20,0.00,73.90,1,-7,12,0,-1,STAT,60,LAT,LON,W,CRC
10/01/25 08:15:13,13.03,140.07,10.16,15.09,10.04,414.94,12.10,87.60,1004.00,2.05,3.68,3.93,31.90,0.64,1,13.20,0.00,74.75,1,-7,12,0,-1,STAT,60,LAT,LON,W,CRC
10/01/25 08:16:15,13.03,135.63,10.73,14.28,12.88,414.98,12.10,87.50,1004.00,2.04,3.69,3.79,28.40,0.39,1,13.20,0.00,74.19,1,-6,11,-1,-1,STAT,60,LAT,LON,W,CRC
10/01/25 08:17:17,13.02,135.61,9.39,14.05,12.17,414.84,12.10,87.50,1004.00,2.01,3.82,3.85,44.00,0.57,1,13.20,0.00,80.36,1,-7,12,0,-1,STAT,60,LAT,LON,W,CRC
10/01/25 08:18:14,13.01,136.22,10.88,14.22,10.85,414.62,12.10,87.80,1004.00,1.77,3.15,3.43,45.10,0.68,1,13.20,0.00,81.83,1,-7,12,0,-1,STAT,60,LAT,LON,W,CRC
10/01/25 08:19:16,13.00,135.19,9.96,14.00,10.38,414.57,12.10,87.40,1004.00,1.97,3.50,3.84,54.20,0.41,1,13.16,0.00,79.55,1,-6,13,0,-2,STAT,60,LAT,LON,W,CRC
10/01/25 08:20:16,12.99,132.43,10.73,14.60,9.49,414.22,12.10,87.60,1004.00,1.94,3.08,3.20,66.10,0.34,1,13.20,0.00,90.75,1,-6,11,0,0,STAT,60,LAT,LON,W,CRC
10/01/25 08:21:18,12.96,132.23,9.25,15.16,10.73,414.37,12.10,87.80,1004.00,2.17,3.65,4.05,85.60,0.25,0,13.20,0.00,70.97,1,-6,13,0,0,STAT,60,LAT,LON,W,CRC
10/01/25 08:22:16,12.94,134.98,10.16,15.61,9.86,414.76,12.10,87.70,1004.00,2.02,3.49,3.63,67.30,0.34,1,13.20,0.00,82.27,1,-7,12,0,0,STAT,60,LAT,LON,W,CRC
10/01/25 08:23:18,12.94,133.21,9.51,14.95,8.63,414.72,12.10,87.70,1004.00,2.04,3.29,3.50,64.00,0.36,1,13.16,0.00,90.32,1,-7,12,0,-1,STAT,60,LAT,LON,W,CRC
10/01/25 08:24:15,12.94,132.82,9.92,15.37,10.27,414.51,12.10,87.40,1004.00,2.01,3.04,3.28,61.60,0.43,1,13.16,0.00,84.75,1,-7,12,0,-1,STAT,60,LAT,LON,W,CRC
10/01/25 08:25:17,12.93,134.72,10.01,15.25,10.02,414.53,12.20,87.00,1004.00,2.00,3.22,3.46,51.60,0.68,1,13.20,0.00,71.90,1,-7,12,0,-2,STAT,60,LAT,LON,W,CRC
10/01/25 08:26:15,12.93,138.84,11.03,15.59,9.49,414.30,12.20,86.80,1004.00,1.99,3.07,3.15,36.70,0.51,0,13.20,0.00,77.14,1,-7,11,0,-1,STAT,60,LAT,LON,W,CRC
10/01/25 08:27:18,12.93,140.95,11.17,15.94,9.38,414.11,12.20,86.70,1004.00,1.92,3.13,3.35,35.00,0.35,1,13.20,0.00,74.19,1,-10,11,0,-1,STAT,60,LAT,LON,W,CRC
10/01/25 08:28:15,12.93,137.88,9.46,15.22,9.99,413.54,12.20,86.70,1004.00,1.61,2.93,3.20,33.50,0.34,1,13.20,0.00,79.37,1,-9,12,0,-1,STAT,60,LAT,LON,W,CRC
10/01/25 08:29:17,12.93,135.12,10.76,14.41,9.78,413.15,12.20,86.50,1004.00,1.57,2.73,2.89,44.10,0.34,1,13.20,0.00,74.19,1,-8,12,0,-1,STAT,60,LAT,LON,W,CRC
10/01/25 08:30:15,12.93,136.53,11.57,14.38,9.94,413.06,12.20,86.90,1004.00,1.80,2.83,2.89,53.50,0.55,1,13.16,0.00,90.32,1,-8,10,0,-1,STAT,60,LAT,LON,W,CRC
10/01/25 08:31:18,12.93,135.04,9.83,15.29,8.70,413.02,12.20,86.90,1004.00,1.65,2.41,2.95,56.20,0.73,1,13.20,0.00,72.61,1,-7,12,0,-1,STAT,60,LAT,LON,W,CRC
10/01/25 08:32:20,12.93,134.67,9.61,15.59,9.78,413.01,12.20,87.00,1004.00,1.43,2.60,2.82,46.40,0.60,0,13.20,0.00,74.52,1,-7,12,0,0,STAT,60,LAT,LON,W,CRC
10/01/25 08:33:16,12.93,135.29,9.56,15.70,10.04,413.00,12.20,86.40,1005.00,1.68,2.76,2.84,33.40,0.16,0,13.20,0.00,102.82,1,-7,12,0,-1,STAT,60,LAT,LON,W,CRC
10/01/25 08:34:15,12.93,135.73,10.94,15.72,10.09,413.07,12.20,86.70,1005.00,1.60,2.75,2.77,109.50,0.22,1,13.20,0.00,87.10,1,-5,11,-1,-1,STAT,60,LAT,LON,W,CRC
10/01/25 08:35:17,12.93,137.25,10.23,15.00,9.99,413.67,12.20,86.00,1005.00,1.86,2.71,2.72,39.80,0.37,1,13.20,0.00,74.19,1,-7,12,-1,-2,STAT,60,LAT,LON,W,CRC
10/01/25 08:36:20,12.93,135.43,10.14,14.65,10.59,413.39,12.30,85.90,1005.00,1.95,3.48,3.76,43.90,0.68,1,13.20,0.00,80.66,1,-7,12,-1,-2,STAT,60,LAT,LON,W,CRC
10/01/25 08:37:17,12.93,136.87,11.16,14.37,12.50,413.15,12.30,86.30,1005.00,1.95,3.28,3.70,52.50,0.95,1,13.20,0.00,74.19,1,-6,11,0,-1,STAT,60,LAT,LON,W,CRC
10/01/25 08:38:19,12.93,137.35,9.92,14.38,12.03,413.05,12.30,86.80,1005.00,1.68,2.75,2.91,53.00,0.57,0,13.20,0.00,74.19,1,-7,12,-1,-1,STAT,60,LAT,LON,W,CRC
10/01/25 08:39:16,12.93,133.59,8.52,14.77,12.46,413.10,12.30,86.00,1005.00,1.54,2.72,3.01,53.70,0.55,1,13.20,0.00,77.42,1,-6,13,-1,-1,STAT,60,LAT,LON,W,CRC
10/01/25 08:40:19,12.94,138.50,11.29,14.97,12.14,413.62,12.30,85.90,1005.00,1.22,2.29,2.71,52.20,0.96,1,13.20,0.00,90.52,1,-6,12,-1,-2,STAT,60,LAT,LON,W,CRC
10/01/25 08:41:17,12.96,139.69,11.01,14.77,10.52,413.85,12.40,86.00,1005.00,1.47,2.74,2.99,54.70,0.87,0,13.20,0.00,81.91,1,-7,11,-1,-2,STAT,60,LAT,LON,W,CRC
10/01/25 08:42:19,12.99,134.80,10.52,15.03,9.90,413.95,12.40,85.70,1005.00,1.58,2.58,2.67,78.70,0.48,1,13.20,0.00,87.10,1,-7,11,0,-1,STAT,60,LAT,LON,W,CRC
10/01/25 08:43:16,13.01,135.46,9.74,15.77,10.66,413.98,12.40,85.90,1005.00,1.34,2.62,2.82,111.70,0.42,1,13.16,0.00,87.42,1,-6,12,0,-2,STAT,60,LAT,LON,W,CRC
10/01/25 08:44:19,13.03,139.91,10.19,16.61,10.45,413.45,12.40,85.20,1005.00,1.60,2.79,3.16,138.10,0.59,1,13.20,0.00,77.42,1,-6,11,0,-2,STAT,60,LAT,LON,W,CRC
10/01/25 08:45:16,13.03,142.13,9.75,16.14,9.79,413.17,12.50,84.90,1005.00,1.68,2.88,3.23,107.60,0.31,1,13.20,0.00,70.97,1,-6,12,0,-3,STAT,60,LAT,LON,W,CRC
10/01/25 08:46:17,13.03,141.55,11.66,15.99,10.20,413.06,12.50,85.00,1005.00,1.46,2.44,2.75,70.70,0.37,1,13.20,0.00,82.43,1,-6,12,0,-2,STAT,60,LAT,LON,W,CRC
10/01/25 08:47:15,13.03,142.77,10.38,16.70,10.32,412.57,12.50,85.20,1005.00,1.48,2.50,2.61,37.70,0.85,1,13.20,0.00,74.19,1,-7,13,-1,-1,STAT,60,LAT,LON,W,CRC
10/01/25 08:48:19,13.03,144.13,9.65,15.52,10.20,412.28,12.50,85.40,1005.00,1.43,2.65,3.04,51.20,0.84,0,13.20,0.00,89.29,1,-9,13,-1,-2,STAT,60,LAT,LON,W,CRC
10/01/25 08:49:20,13.03,135.79,9.83,16.39,8.95,412.75,12.60,85.30,1005.00,1.53,2.62,2.77,61.10,0.49,1,13.16,0.00,81.86,1,-6,14,0,-2,STAT,60,LAT,LON,W,CRC
10/01/25 08:50:18,13.04,136.38,8.93,16.54,9.34,412.90,12.60,85.30,1005.00,1.50,2.33,2.93,51.90,0.75,1,13.20,0.00,79.27,1,-6,13,0,-2,STAT,60,LAT,LON,W,CRC
10/01/25 08:51:20,13.08,133.88,10.16,15.15,10.69,412.97,12.60,85.00,1005.00,1.67,2.18,2.83,53.30,0.49,0,13.20,0.00,76.55,1,-6,13,-1,-3,STAT,60,LAT,LON,W,CRC
10/01/25 08:52:16,13.11,132.91,10.52,14.18,10.34,412.99,12.60,84.60,1005.00,1.74,2.51,2.99,63.80,0.37,0,13.20,0.00,76.81,1,-6,13,-2,-2,STAT,60,LAT,LON,W,CRC
10/01/25 08:53:19,13.12,133.03,8.36,14.69,10.56,412.38,12.60,85.10,1005.00,1.27,2.22,2.40,54.10,0.68,1,13.20,0.00,77.10,1,-6,13,-1,-2,STAT,60,LAT,LON,W,CRC
10/01/25 08:54:19,13.13,130.74,7.32,15.14,10.49,412.50,12.60,84.90,1005.00,1.30,2.13,2.59,34.90,0.66,1,13.16,0.00,90.00,1,-5,15,0,-1,STAT,60,LAT,LON,W,CRC
10/01/25 08:55:21,13.13,132.86,8.34,14.78,9.36,412.82,12.60,84.90,1005.00,1.34,2.35,2.68,35.90,0.56,1,13.16,0.00,75.81,1,-6,15,-1,-2,STAT,60,LAT,LON,W,CRC
10/01/25 08:56:18,13.13,133.40,9.09,13.82,9.72,412.93,12.70,85.20,1005.00,1.27,2.59,2.72,36.10,0.33,1,13.20,0.00,78.00,1,-5,14,0,-2,STAT,60,LAT,LON,W,CRC
10/01/25 08:57:20,13.13,130.12,10.11,15.05,8.74,412.98,12.70,84.80,1005.00,1.10,2.45,2.62,39.90,0.28,1,13.20,0.00,74.19,1,-5,13,0,-2,STAT,60,LAT,LON,W,CRC
10/01/25 08:58:18,13.13,133.87,10.62,14.61,9.86,412.99,12.70,83.80,1005.00,1.33,2.32,2.47,27.00,0.68,0,13.20,0.00,91.39,1,-5,13,0,-2,STAT,60,LAT,LON,W,CRC
10/01/25 08:59:19,13.16,139.08,10.76,15.17,8.87,413.00,12.70,84.40,1005.00,1.44,2.76,2.81,28.00,0.87,0,13.20,0.00,77.10,1,-8,12,-1,-2,STAT,60,LAT,LON,W,CRC
10/01/25 09:00:23,13.19,136.61,10.65,15.16,8.76,413.00,12.70,84.00,1005.00,1.24,2.52,2.54,27.00,0.46,1,13.20,0.00,79.68,1,-7,12,0,-3,STAT,60,LAT,LON,W,CRC
10/01/25 09:01:20,13.22,135.55,10.59,14.90,9.28,413.00,12.70,84.30,1005.00,1.25,2.78,2.78,28.10,0.26,1,13.20,0.00,79.42,1,-6,11,-1,-3,STAT,60,LAT,LON,W,CRC
10/01/25 09:02:22,13.23,135.37,10.87,13.77,10.31,413.00,12.80,84.20,1005.00,1.19,2.44,2.44,63.30,0.23,1,13.16,0.00,90.00,1,-6,12,-1,-2,STAT,60,LAT,LON,W,CRC
10/01/25 09:03:19,13.23,131.71,9.91,14.04,10.69,413.35,12.80,84.60,1005.00,1.02,2.02,2.11,58.00,0.50,1,13.20,0.00,76.68,1,-6,13,0,-2,STAT,60,LAT,LON,W,CRC
10/01/25 09:04:22,13.23,134.93,9.79,15.16,8.85,413.65,12.70,85.00,1005.00,1.27,2.31,2.36,55.20,0.88,0,13.16,0.00,87.71,1,-6,13,0,-2,STAT,60,LAT,LON,W,CRC
10/01/25 09:05:19,13.23,134.45,10.38,14.59,7.76,413.87,12.70,85.20,1005.00,1.32,2.16,2.21,52.00,0.84,0,13.16,0.00,87.10,1,-6,13,0,-3,STAT,60,LAT,LON,W,CRC
10/01/25 09:06:21,13.23,134.89,11.31,15.06,6.75,414.53,12.70,85.40,1005.00,1.13,2.02,2.09,37.80,0.73,1,13.16,0.00,85.13,1,-5,12,0,-3,STAT,60,LAT,LON,W,CRC
10/01/25 09:07:17,13.23,136.23,10.57,15.30,7.56,414.89,12.60,85.00,1005.00,1.68,2.78,2.81,10.30,0.36,1,13.20,0.00,74.19,1,-5,13,0,-2,STAT,60,LAT,LON,W,CRC
10/01/25 09:08:20,13.23,133.58,10.97,14.85,5.10,416.24,12.70,86.20,1005.00,1.80,2.96,3.16,44.90,0.51,1,13.20,0.00,74.50,1,-6,12,0,-3,STAT,60,LAT,LON,W,CRC
10/01/25 09:09:21,13.23,132.20,10.31,13.74,7.79,417.38,12.60,86.10,1005.00,1.78,3.25,3.32,46.20,0.62,0,13.20,0.00,73.87,1,-6,13,0,-2,STAT,60,LAT,LON,W,CRC
10/01/25 09:10:18,13.23,136.33,11.65,14.61,6.43,417.76,12.60,85.90,1005.00,1.60,2.66,2.99,46.30,0.67,1,13.16,0.00,81.58,1,-7,11,0,-3,STAT,60,LAT,LON,W,CRC
10/01/25 09:11:20,13.23,139.65,8.83,15.53,7.22,418.16,12.60,86.00,1005.00,1.60,2.71,2.84,40.40,0.81,0,13.16,0.00,74.19,1,-7,13,0,-2,STAT,60,LAT,LON,W,CRC
10/01/25 09:12:21,13.23,138.93,11.01,15.19,6.37,418.71,12.50,85.70,1005.00,1.55,2.69,2.96,37.90,0.96,1,13.20,0.00,74.19,1,-5,11,-1,-3,STAT,60,LAT,LON,W,CRC
10/01/25 09:13:18,13.23,141.25,10.78,14.13,8.32,418.73,12.50,85.40,1005.00,1.67,2.68,3.13,39.60,0.88,0,13.20,0.00,77.42,1,-6,12,-1,-3,STAT,60,LAT,LON,W,CRC
10/01/25 09:14:23,13.23,137.74,8.90,12.95,9.38,418.26,12.50,85.70,1005.00,1.79,2.91,3.08,48.10,0.39,1,13.20,0.00,74.19,1,-7,14,0,-2,STAT,60,LAT,LON,W,CRC
10/01/25 09:15:20,13.23,130.84,11.51,12.75,8.61,418.10,12.50,85.80,1005.00,1.52,2.43,2.48,57.00,0.46,1,13.20,0.00,79.64,1,-6,12,-1,-2,STAT,60,LAT,LON,W,CRC
10/01/25 09:16:22,13.23,130.29,10.75,13.00,8.78,418.03,12.50,86.10,1005.00,1.78,2.51,2.53,59.50,0.36,0,13.20,0.00,77.10,1,-7,12,-1,-1,STAT,60,LAT,LON,W,CRC
10/01/25 09:17:24,13.23,130.42,9.81,13.32,8.38,418.36,12.50,86.00,1005.00,1.57,2.56,2.68,49.60,0.50,1,13.20,0.00,74.28,1,-6,12,0,-1,STAT,60,LAT,LON,W,CRC
10/01/25 09:18:21,13.23,131.67,8.40,14.85,6.91,418.76,12.50,86.10,1005.00,1.72,2.36,2.53,46.40,0.74,1,13.20,0.00,76.65,1,-6,14,0,-2,STAT,60,LAT,LON,W,CRC
10/01/25 09:19:19,13.23,135.16,9.18,14.19,7.88,419.09,12.50,85.70,1005.00,1.62,2.35,2.41,45.90,0.60,1,13.20,0.00,75.32,1,-7,13,0,-2,STAT,60,LAT,LON,W,CRC
10/01/25 09:20:23,13.23,128.96,9.84,13.83,7.55,419.03,12.50,85.50,1005.00,1.49,2.47,2.60,71.10,0.31,1,13.16,0.00,143.23,1,-6,12,-1,-2,STAT,60,LAT,LON,W,CRC
10/01/25 09:21:19,13.23,128.34,9.51,14.32,7.75,419.01,12.60,85.70,1005.00,1.45,2.47,2.67,110.60,0.20,0,13.20,0.00,77.53,1,-5,12,0,-2,STAT,60,LAT,LON,W,CRC
10/01/25 09:22:22,13.23,132.82,9.19,14.95,7.59,418.77,12.60,84.80,1005.00,1.52,2.27,2.34,24.20,0.15,1,13.20,0.00,77.42,1,-5,13,0,-2,STAT,60,LAT,LON,W,CRC
10/01/25 09:23:24,13.23,134.51,9.77,14.60,8.52,418.60,12.60,85.40,1005.00,1.26,2.31,2.34,27.10,0.49,0,13.20,0.00,83.86,1,-6,13,0,-1,STAT,60,LAT,LON,W,CRC
10/01/25 09:24:20,13.23,138.47,11.56,13.27,10.59,418.35,12.60,84.50,1005.00,1.13,2.19,2.20,21.90,0.48,1,13.16,0.00,108.29,1,-9,12,0,0,STAT,60,LAT,LON,W,CRC
10/01/25 09:25:23,13.23,134.35,10.70,13.52,9.41,418.12,12.60,84.70,1005.00,1.20,2.07,2.50,28.90,0.40,1,13.20,0.00,79.07,1,-5,13,0,-1,STAT,60,LAT,LON,W,CRC
10/01/25 09:26:20,13.23,133.65,12.07,12.99,9.22,417.59,12.60,84.50,1005.00,1.43,2.33,2.49,47.30,0.35,0,13.20,0.00,73.96,1,-7,12,0,-2,STAT,60,LAT,LON,W,CRC
10/01/25 09:27:24,13.23,132.39,11.44,12.68,8.66,417.21,12.60,85.40,1005.00,1.20,2.36,2.41,48.90,0.35,0,13.16,0.00,81.69,1,-8,12,-1,-2,STAT,60,LAT,LON,W,CRC
10/01/25 09:28:20,13.23,130.24,9.84,15.10,6.46,417.81,12.60,86.10,1005.00,1.15,2.31,2.33,48.70,0.74,1,13.16,0.00,88.52,1,-5,13,0,-2,STAT,60,LAT,LON,W,CRC
10/01/25 09:29:22,13.23,134.66,10.60,15.67,6.99,418.98,12.50,86.10,1005.00,1.57,2.81,2.82,39.40,0.90,1,13.20,0.00,78.08,1,-6,12,0,-1,STAT,60,LAT,LON,W,CRC
10/01/25 09:30:24,13.23,135.37,9.11,13.89,8.92,420.48,12.50,86.30,1005.00,1.43,2.29,2.29,43.10,0.79,0,13.20,0.00,74.94,1,-6,13,0,-1,STAT,60,LAT,LON,W,CRC
10/01/25 09:31:21,13.23,129.48,9.50,13.81,7.88,422.03,12.50,86.20,1005.00,1.55,2.42,2.50,52.30,0.65,1,13.20,0.00,76.59,1,-3,13,0,-1,STAT,60,LAT,LON,W,CRC
10/01/25 09:32:23,13.23,135.64,10.15,14.27,6.95,422.95,12.50,86.20,1005.00,1.26,2.10,2.15,34.80,0.36,1,13.20,0.00,74.19,1,-7,12,0,-1,STAT,60,LAT,LON,W,CRC
10/01/25 09:33:24,13.23,131.82,10.00,14.24,6.19,423.93,12.50,86.30,1005.00,1.48,2.40,2.42,34.60,0.41,0,13.20,0.00,74.19,1,-5,13,-1,-2,STAT,60,LAT,LON,W,CRC
10/01/25 09:34:23,13.23,138.04,11.59,14.24,6.87,424.43,12.50,85.90,1005.00,1.46,2.47,2.48,34.50,0.66,0,13.16,0.00,87.42,1,-7,12,0,-1,STAT,60,LAT,LON,W,CRC
10/01/25 09:35:25,13.23,141.46,9.89,13.87,6.96,424.56,12.50,86.30,1005.00,1.75,2.75,3.09,33.60,0.65,1,13.20,0.00,85.96,1,-6,12,0,-2,STAT,60,LAT,LON,W,CRC
10/01/25 09:36:22,13.23,138.62,9.59,14.18,6.76,424.88,12.50,85.90,1005.00,1.41,2.58,2.70,32.50,0.45,0,13.16,0.00,90.68,1,-5,13,0,-2,STAT,60,LAT,LON,W,CRC
10/01/25 09:37:24,13.23,140.26,10.04,15.36,6.29,424.41,12.50,85.70,1005.00,1.59,2.71,2.84,37.30,0.62,1,13.16,0.00,84.96,1,-5,13,0,-2,STAT,60,LAT,LON,W,CRC
10/01/25 09:38:21,13.23,143.70,9.60,14.74,6.99,424.16,12.50,86.20,1005.00,1.44,2.62,2.66,40.30,0.73,1,13.16,0.00,91.29,1,-8,13,0,-2,STAT,60,LAT,LON,W,CRC
10/01/25 09:39:23,13.23,143.06,9.37,14.63,8.11,424.70,12.50,86.10,1005.00,1.53,2.89,2.91,23.50,0.47,1,13.20,0.00,77.42,1,-8,14,0,-1,STAT,60,LAT,LON,W,CRC
10/01/25 09:40:24,13.23,143.19,9.25,14.96,7.92,424.90,12.50,85.90,1005.00,1.32,2.29,2.49,4.70,0.41,1,13.16,0.00,87.42,1,-7,13,0,-2,STAT,60,LAT,LON,W,CRC
10/01/25 09:41:21,13.23,145.82,10.60,14.27,6.94,424.96,12.50,85.80,1005.00,1.51,2.54,3.03,13.30,0.43,1,13.20,0.00,90.32,1,-8,12,0,-2,STAT,60,LAT,LON,W,CRC
10/01/25 09:42:24,13.23,145.24,10.14,13.97,6.29,424.99,12.50,85.40,1005.00,1.19,2.19,2.66,31.50,0.39,1,13.16,0.00,87.10,1,-7,13,0,-3,STAT,60,LAT,LON,W,CRC
10/01/25 09:43:21,13.23,143.60,10.35,12.24,9.28,424.25,12.50,85.00,1005.00,1.34,2.45,2.75,42.20,0.48,0,13.16,0.00,72.58,1,-6,12,0,-2,STAT,60,LAT,LON,W,CRC
10/01/25 09:44:22,13.23,144.87,9.55,13.84,8.27,423.85,12.50,86.00,1005.00,1.66,2.61,2.75,53.30,0.79,1,13.20,0.00,74.48,1,-7,13,0,-1,STAT,60,LAT,LON,W,CRC
10/01/25 09:45:24,13.23,145.07,9.24,13.79,9.55,424.45,12.40,86.20,1005.00,1.76,2.64,2.68,55.40,0.87,1,13.20,0.00,75.37,1,-7,12,0,0,STAT,60,LAT,LON,W,CRC
10/01/25 09:46:21,13.23,145.53,11.05,14.10,10.24,424.44,12.40,85.40,1005.00,1.55,2.34,2.36,43.70,1.04,1,13.16,0.00,87.10,1,-8,12,0,0,STAT,60,LAT,LON,W,CRC
10/01/25 09:47:26,13.23,143.91,8.93,13.64,9.12,424.07,12.40,85.70,1005.00,1.20,2.22,2.36,44.50,0.89,1,13.20,0.00,82.77,1,-7,14,0,-1,STAT,60,LAT,LON,W,CRC
10/01/25 09:48:22,13.23,142.58,10.72,13.82,8.53,423.41,12.40,86.00,1005.00,1.31,2.84,2.99,43.40,0.86,1,13.20,0.00,74.19,1,-6,12,0,-1,STAT,60,LAT,LON,W,CRC
10/01/25 09:49:24,13.23,144.24,11.55,13.91,8.18,423.06,12.40,86.30,1005.00,1.35,2.66,2.93,47.70,1.02,1,13.16,0.00,78.86,1,-7,12,0,-1,STAT,60,LAT,LON,W,CRC
10/01/25 09:50:25,13.23,144.20,9.87,14.82,7.67,423.02,12.40,86.70,1005.00,1.44,2.60,2.79,40.20,0.87,1,13.20,0.00,85.81,1,-6,13,0,-1,STAT,60,LAT,LON,W,CRC
10/01/25 09:51:22,13.23,143.75,9.11,14.06,8.13,423.51,12.40,86.40,1005.00,1.15,2.46,2.54,39.80,0.91,0,13.20,0.00,84.97,1,-6,13,0,-2,STAT,60,LAT,LON,W,CRC
10/01/25 09:52:25,13.23,138.77,9.79,13.47,9.18,423.60,12.40,85.80,1005.00,1.18,2.42,2.45,40.70,0.57,1,13.16,0.00,75.72,1,-5,13,-1,-1,STAT,60,LAT,LON,W,CRC
10/01/25 09:53:27,13.23,139.97,9.78,13.99,8.61,423.21,12.40,86.30,1005.00,1.31,2.17,2.17,47.80,0.66,1,13.16,0.00,75.16,1,-5,12,-1,-2,STAT,60,LAT,LON,W,CRC
10/01/25 09:54:25,13.22,141.12,10.65,13.48,9.79,423.08,12.40,86.00,1005.00,1.57,2.63,2.63,38.80,0.91,1,13.20,0.00,74.19,1,-6,11,0,-2,STAT,60,LAT,LON,W,CRC
10/01/25 09:55:26,13.21,139.51,9.50,13.30,10.48,422.95,12.40,85.60,1005.00,1.31,2.44,2.45,38.10,0.87,1,13.16,0.00,80.89,1,-6,11,0,-1,STAT,60,LAT,LON,W,CRC
10/01/25 09:56:24,13.21,139.42,7.15,13.44,11.61,422.36,12.40,86.10,1005.00,1.62,2.55,2.79,51.00,0.67,1,13.20,0.00,74.19,1,-6,14,0,0,STAT,60,LAT,LON,W,CRC
10/01/25 09:57:26,13.21,135.98,10.89,13.68,8.93,422.13,12.40,86.10,1005.00,1.45,2.21,2.32,46.50,0.47,1,13.16,0.00,74.19,1,-6,12,0,-2,STAT,60,LAT,LON,W,CRC
10/01/25 09:58:23,13.21,136.83,10.68,13.84,8.88,422.05,12.40,85.90,1005.00,1.52,2.37,2.63,60.60,0.26,1,13.20,0.00,71.84,1,-8,12,0,-2,STAT,60,LAT,LON,W,CRC
10/01/25 09:59:25,13.21,136.66,9.80,13.96,9.95,421.66,12.40,85.40,1005.00,1.46,2.17,2.54,127.20,0.23,1,13.20,0.00,77.42,1,-9,13,0,-2,STAT,60,LAT,LON,W,CRC
10/01/25 10:00:25,13.21,134.20,9.95,13.82,11.03,421.23,12.40,84.70,1005.00,1.21,2.04,2.33,236.40,0.15,1,13.16,0.00,97.31,1,-7,12,0,-1,STAT,60,LAT,LON,W,CRC
10/01/25 10:01:22,13.21,134.20,10.76,13.82,9.66,420.55,12.50,84.60,1005.00,1.39,1.98,2.49,287.70,0.10,0,13.20,0.00,74.52,1,-7,12,0,-2,STAT,60,LAT,LON,W,CRC
10/01/25 10:02:23,13.21,129.40,11.14,13.74,9.01,419.66,12.50,84.30,1005.00,1.11,1.50,1.77,82.60,0.14,1,13.20,0.00,74.52,1,-5,12,0,-2,STAT,60,LAT,LON,W,CRC
10/01/25 10:03:25,13.21,132.39,10.16,14.22,9.17,419.23,12.60,84.60,1005.00,1.56,1.91,2.06,74.60,0.27,1,13.20,0.00,74.16,1,-7,13,0,-1,STAT,60,LAT,LON,W,CRC
10/01/25 10:04:23,13.22,135.00,10.03,13.35,10.51,418.63,12.60,84.30,1005.00,1.59,2.22,2.27,61.10,0.48,1,13.20,0.00,76.60,1,-8,13,0,-1,STAT,60,LAT,LON,W,CRC
10/01/25 10:05:26,13.23,130.45,7.37,12.95,11.99,418.22,12.60,84.50,1005.00,1.18,1.98,2.05,56.00,0.80,1,13.16,0.00,83.23,1,-6,16,0,-1,STAT,60,LAT,LON,W,CRC
10/01/25 10:06:23,13.23,133.95,8.36,13.09,10.72,418.09,12.60,84.60,1005.00,1.45,2.27,2.29,57.20,0.65,0,13.16,0.00,80.02,1,-4,15,0,-2,STAT,60,LAT,LON,W,CRC
10/01/25 10:07:27,13.23,134.39,9.44,13.88,8.68,418.03,12.60,85.00,1005.00,1.16,2.10,2.10,59.60,0.55,0,13.16,0.00,88.71,1,-6,14,0,-2,STAT,60,LAT,LON,W,CRC
10/01/25 10:08:25,13.23,133.62,8.74,13.03,8.85,418.01,12.60,85.20,1005.00,1.06,2.00,2.00,60.90,0.46,1,13.16,0.00,73.58,1,-6,15,-1,-1,STAT,60,LAT,LON,W,CRC
10/01/25 10:09:27,13.23,132.05,9.83,13.74,7.49,418.59,12.70,85.40,1005.00,1.05,2.00,2.00,57.90,0.51,1,13.20,0.00,74.52,1,-6,14,-1,-1,STAT,60,LAT,LON,W,CRC
10/01/25 10:10:23,13.23,131.78,10.48,13.89,6.78,418.84,12.70,85.10,1005.00,0.90,1.80,1.85,57.30,0.56,1,13.20,0.00,76.57,1,-5,13,-1,-2,STAT,60,LAT,LON,W,CRC
10/01/25 10:11:25,13.23,130.14,10.67,13.79,7.61,418.94,12.70,85.00,1005.00,0.91,2.18,2.20,56.90,0.82,1,13.16,0.00,79.81,1,-5,12,0,-1,STAT,60,LAT,LON,W,CRC
10/01/25 10:12:23,13.23,129.70,9.75,14.46,6.72,418.98,12.70,85.00,1005.00,0.97,2.08,2.24,55.10,0.92,1,13.20,0.00,74.19,1,-4,13,0,-3,STAT,60,LAT,LON,W,CRC
10/01/25 10:13:25,13.23,134.68,10.33,14.72,7.69,419.52,12.60,85.30,1005.00,1.07,2.26,2.32,54.70,0.92,1,13.20,0.00,74.79,1,-5,13,0,-2,STAT,60,LAT,LON,W,CRC
10/01/25 10:14:25,13.23,134.53,10.60,14.59,8.14,419.90,12.60,85.50,1005.00,1.54,2.49,2.69,57.20,0.72,1,13.16,0.00,72.58,1,-6,12,0,-1,STAT,60,LAT,LON,W,CRC
10/01/25 10:15:27,13.23,133.43,8.62,13.67,8.92,421.02,12.60,85.60,1005.00,1.64,2.75,2.82,59.30,0.58,1,13.20,0.00,88.10,1,-5,13,-1,-1,STAT,60,LAT,LON,W,CRC
10/01/25 10:16:28,13.23,137.96,11.53,14.23,8.33,422.24,12.60,84.80,1005.00,1.31,2.19,2.23,57.60,0.65,1,13.16,0.00,77.42,1,-6,12,0,-2,STAT,60,LAT,LON,W,CRC
10/01/25 10:17:25,13.23,139.36,10.64,14.57,8.48,422.37,12.60,84.80,1005.00,1.49,2.16,2.17,59.90,0.55,1,13.16,0.00,74.62,1,-6,12,-1,-2,STAT,60,LAT,LON,W,CRC
10/01/25 10:18:27,13.23,141.56,8.51,14.46,10.66,422.16,12.60,84.00,1005.00,1.17,2.19,2.19,59.50,0.49,1,13.20,0.00,74.19,1,-7,14,0,-2,STAT,60,LAT,LON,W,CRC
10/01/25 10:19:29,13.23,144.70,9.39,14.29,10.39,421.76,12.70,84.00,1005.00,1.54,2.58,2.75,54.70,0.91,1,13.16,0.00,74.17,1,-9,14,0,-2,STAT,60,LAT,LON,W,CRC
10/01/25 10:20:27,13.25,143.74,9.16,13.47,10.39,421.29,12.70,83.60,1005.00,1.20,2.31,2.37,49.30,1.17,1,13.16,0.00,86.45,1,-10,14,-1,-2,STAT,60,LAT,LON,W,CRC
10/01/25 10:21:29,13.29,143.06,8.84,13.89,8.93,420.05,12.70,84.00,1005.00,1.18,2.06,2.09,52.10,0.94,1,13.16,0.00,84.89,1,-9,15,-1,-2,STAT,60,LAT,LON,W,CRC
10/01/25 10:22:26,13.31,140.41,9.43,14.94,8.13,419.54,12.80,84.20,1005.00,1.17,2.09,2.10,53.30,0.91,1,13.16,0.00,87.10,1,-7,14,0,-2,STAT,60,LAT,LON,W,CRC
10/01/25 10:23:28,13.32,135.94,9.58,14.25,7.81,419.19,12.80,83.80,1005.00,1.06,1.70,1.90,52.90,1.04,0,13.16,0.00,87.10,1,-3,14,0,-2,STAT,60,LAT,LON,W,CRC
10/01/25 10:24:25,13.33,135.59,8.39,13.19,9.39,419.07,12.80,84.50,1005.00,1.18,1.92,2.04,53.20,0.81,1,13.16,0.00,87.39,1,-5,14,0,-2,STAT,60,LAT,LON,W,CRC
10/01/25 10:25:27,13.33,136.00,8.70,14.05,8.84,419.43,12.80,84.40,1005.00,1.14,1.97,2.13,28.90,0.50,1,13.20,0.00,83.60,1,-5,14,-1,-1,STAT,60,LAT,LON,W,CRC
10/01/25 10:26:29,13.33,136.41,9.70,13.38,6.91,419.80,12.80,84.50,1005.00,1.14,1.86,2.06,40.40,0.39,1,13.16,0.00,74.82,1,-8,13,-1,-2,STAT,60,LAT,LON,W,CRC
10/01/25 10:27:28,13.33,132.64,10.32,12.95,8.19,419.92,12.90,84.50,1005.00,1.11,2.09,2.16,52.50,0.28,1,13.16,0.00,77.42,1,-7,13,-1,-2,STAT,60,LAT,LON,W,CRC
10/01/25 10:28:29,13.33,135.21,9.47,13.75,7.95,419.97,12.90,84.50,1005.00,1.04,2.00,2.03,45.20,0.37,1,13.16,0.00,74.19,1,-8,13,-1,-1,STAT,60,LAT,LON,W,CRC
10/01/25 10:29:26,13.33,131.57,9.78,13.91,7.40,420.33,12.90,84.60,1005.00,1.00,2.03,2.38,55.20,0.41,1,13.16,0.00,74.19,1,-4,13,-1,-2,STAT,60,LAT,LON,W,CRC
10/01/25 10:30:28,13.33,133.15,12.11,13.84,8.73,420.77,12.90,84.30,1005.00,0.98,1.76,1.98,27.90,0.37,1,13.20,0.00,74.60,1,-6,11,-1,-1,STAT,60,LAT,LON,W,CRC
10/01/25 10:31:25,13.34,135.19,11.50,14.40,7.89,420.91,12.90,83.80,1005.00,0.99,2.03,2.11,28.80,0.34,1,13.20,0.00,74.81,1,-6,12,-1,-2,STAT,60,LAT,LON,W,CRC
10/01/25 10:32:27,13.38,133.43,11.58,14.15,6.58,420.97,13.00,84.50,1005.00,1.01,2.01,2.04,44.30,0.36,1,13.16,0.00,74.19,1,-7,13,-1,-2,STAT,60,LAT,LON,W,CRC
10/01/25 10:33:29,13.40,134.71,11.44,14.62,5.71,420.99,13.00,83.90,1005.00,1.13,1.95,2.17,53.40,0.48,1,13.16,0.00,76.31,1,-7,12,-1,-3,STAT,60,LAT,LON,W,CRC
10/01/25 10:34:28,13.41,133.06,11.53,13.56,7.79,421.35,13.00,84.50,1005.00,1.10,2.08,2.16,56.10,0.64,1,13.16,0.00,76.66,1,-5,11,0,-3,STAT,60,LAT,LON,W,CRC
10/01/25 10:35:30,13.42,131.77,10.34,13.18,7.72,421.62,13.00,84.20,1005.00,1.06,1.90,1.93,52.20,0.63,1,13.16,0.00,89.44,1,-6,14,0,-2,STAT,60,LAT,LON,W,CRC
10/01/25 10:36:27,13.43,136.09,11.32,13.21,9.57,421.86,12.90,84.40,1005.00,1.00,1.94,1.95,43.90,0.61,1,13.16,0.00,87.10,1,-5,13,-1,-2,STAT,60,LAT,LON,W,CRC
10/01/25 10:37:29,13.43,135.81,11.02,13.61,8.26,421.33,13.00,83.90,1005.00,1.08,2.12,2.32,44.90,0.40,0,13.16,0.00,78.65,1,-7,13,0,-2,STAT,60,LAT,LON,W,CRC
10/01/25 10:38:26,13.43,134.99,10.03,13.48,8.28,420.78,13.00,84.20,1005.00,1.06,2.04,2.29,55.90,0.55,1,13.16,0.00,90.32,1,-7,14,0,-3,STAT,60,LAT,LON,W,CRC
10/01/25 10:39:29,13.43,134.18,10.43,13.85,8.16,420.27,13.00,84.70,1005.00,1.02,1.95,2.10,55.90,0.74,1,13.16,0.00,81.26,1,-6,13,0,-3,STAT,60,LAT,LON,W,CRC
10/01/25 10:40:28,13.43,135.97,7.96,14.06,9.46,420.65,12.90,84.30,1005.00,0.98,1.92,2.01,52.80,1.10,0,13.16,0.00,78.39,1,-7,14,0,-2,STAT,60,LAT,LON,W,CRC
10/01/25 10:41:30,13.43,133.96,9.91,15.26,7.81,420.79,12.90,84.20,1005.00,0.99,1.66,2.03,51.90,1.08,1,13.16,0.00,81.96,1,-5,14,0,-3,STAT,60,LAT,LON,W,CRC
10/01/25 10:42:27,13.43,137.20,9.60,15.18,9.19,420.34,12.90,84.40,1005.00,1.00,2.07,2.20,51.40,1.31,1,13.16,0.00,90.32,1,-6,14,0,-2,STAT,60,LAT,LON,W,CRC
10/01/25 10:43:29,13.43,138.95,9.74,15.64,9.38,420.12,12.90,84.50,1005.00,1.27,2.30,2.34,51.40,0.77,1,13.16,0.00,76.91,1,-7,13,0,-2,STAT,60,LAT,LON,W,CRC
10/01/25 10:44:31,13.43,137.68,11.80,15.69,9.81,419.88,12.90,84.70,1005.00,1.54,2.50,2.51,54.80,0.72,1,13.20,0.00,74.19,1,-5,12,0,-2,STAT,60,LAT,LON,W,CRC
10/01/25 10:45:27,13.43,140.58,13.30,16.58,7.58,419.34,12.80,84.60,1005.00,1.33,2.34,2.34,52.20,0.85,1,13.20,0.00,74.56,1,-6,10,0,-2,STAT,60,LAT,LON,W,CRC
10/01/25 10:46:30,13.47,139.04,10.45,16.19,7.90,419.12,12.90,84.80,1005.00,1.48,2.65,2.75,50.80,0.83,1,13.16,0.00,76.65,1,-7,13,0,-2,STAT,60,LAT,LON,W,CRC
10/01/25 10:47:28,13.49,135.17,12.36,15.44,8.32,419.05,12.80,85.30,1005.00,1.17,2.16,2.21,54.10,0.63,1,13.16,0.00,74.19,1,-5,12,0,-2,STAT,60,LAT,LON,W,CRC
10/01/25 10:48:30,13.51,133.27,10.81,15.66,7.83,419.02,12.80,85.30,1005.00,1.33,2.28,2.30,54.30,0.58,1,13.16,0.00,97.42,1,-5,12,0,-2,STAT,60,LAT,LON,W,CRC
10/01/25 10:49:32,13.52,135.51,10.24,17.97,6.33,419.01,12.80,85.00,1005.00,1.26,2.22,2.22,56.70,0.82,1,13.20,0.00,71.61,1,-3,14,0,-2,STAT,60,LAT,LON,W,CRC
10/01/25 10:50:29,13.52,138.46,9.08,18.13,6.61,418.77,12.80,85.40,1005.00,1.08,2.24,2.64,58.40,0.50,1,13.16,0.00,74.19,1,-3,15,-1,-2,STAT,60,LAT,LON,W,CRC
10/01/25 10:51:31,13.53,138.85,11.06,17.18,6.96,418.92,12.80,85.70,1005.00,1.15,1.83,2.07,53.60,0.56,0,13.20,0.00,76.55,1,-4,14,-1,-2,STAT,60,LAT,LON,W,CRC
10/01/25 10:52:28,13.53,136.36,13.27,16.89,7.69,418.97,12.80,85.40,1005.00,1.43,2.40,2.49,54.10,0.62,0,13.20,0.00,75.61,1,-2,12,-1,-2,STAT,60,LAT,LON,W,CRC
10/01/25 10:53:30,13.53,142.72,10.92,17.85,7.59,418.99,12.80,85.60,1005.00,1.37,2.22,2.44,63.80,0.39,1,13.16,0.00,75.61,1,-4,14,-1,-2,STAT,60,LAT,LON,W,CRC
10/01/25 10:54:32,13.53,143.56,10.19,17.64,5.87,419.00,12.80,85.80,1005.00,1.38,2.00,2.37,74.60,0.32,1,13.16,0.00,77.06,1,-6,14,-1,-3,STAT,60,LAT,LON,W,CRC
10/01/25 10:55:29,13.53,142.58,10.69,18.05,5.96,419.00,12.80,85.70,1005.00,1.17,1.82,2.04,96.20,0.30,1,13.16,0.00,88.71,1,-6,14,-1,-3,STAT,60,LAT,LON,W,CRC
10/01/25 10:56:31,13.53,141.87,12.88,18.78,5.83,419.00,12.80,85.40,1005.00,1.13,1.88,1.99,115.40,0.34,1,13.16,0.00,74.19,1,-5,12,0,-2,STAT,60,LAT,LON,W,CRC
10/01/25 10:57:28,13.53,147.59,11.78,19.47,4.69,419.00,12.80,85.30,1005.00,1.83,3.30,3.42,67.30,0.59,1,13.20,0.00,88.37,1,-3,14,0,-3,STAT,60,LAT,LON,W,CRC
10/01/25 10:58:30,13.53,147.88,11.41,18.61,4.68,419.00,12.80,85.40,1005.00,2.04,3.19,3.52,61.00,0.60,1,13.16,0.00,85.46,1,0,14,0,-3,STAT,60,LAT,LON,W,CRC
10/01/25 10:59:32,13.53,146.68,12.57,18.48,5.61,419.00,12.80,85.90,1005.00,1.97,3.12,3.40,61.20,0.50,1,13.16,0.00,87.71,1,6,14,0,-2,STAT,60,LAT,LON,W,CRC
10/01/25 11:00:27,13.53,152.94,11.13,18.21,6.21,419.00,12.70,85.70,1005.00,1.72,2.94,3.15,55.50,0.90,1,13.16,0.00,74.19,1,4,15,0,-2,STAT,60,LAT,LON,W,CRC
10/01/25 11:01:29,13.53,153.70,11.46,18.29,6.09,419.54,12.70,86.40,1005.00,1.93,3.35,3.42,46.90,1.01,1,13.16,0.00,87.83,1,7,13,0,-2,STAT,60,LAT,LON,W,CRC
10/01/25 11:02:30,13.53,150.74,12.82,18.94,4.65,419.84,12.70,86.60,1005.00,2.10,3.37,3.43,47.20,1.12,1,13.16,0.00,74.52,1,9,12,-1,-2,STAT,60,LAT,LON,W,CRC
10/01/25 11:03:28,13.53,156.86,11.10,19.18,3.38,420.78,12.70,86.80,1005.00,1.93,3.09,3.30,42.50,1.07,1,13.16,0.00,87.10,1,8,14,-1,-2,STAT,60,LAT,LON,W,CRC
10/01/25 11:04:30,13.53,153.94,13.77,19.26,5.08,421.57,12.60,86.80,1005.00,1.92,3.32,3.74,49.80,1.25,1,13.20,0.00,86.02,1,10,13,-1,-3,STAT,60,LAT,LON,W,CRC
10/01/25 11:05:27,13.53,157.35,13.88,19.82,5.62,422.29,12.60,86.90,1005.00,1.83,3.25,3.76,49.50,0.89,0,13.20,0.00,74.19,1,10,14,-1,-2,STAT,60,LAT,LON,W,CRC
10/01/25 11:06:29,13.53,155.21,12.01,20.03,4.90,422.17,12.50,86.80,1005.00,2.02,3.48,3.66,52.10,1.30,1,13.16,0.00,77.11,1,12,15,0,-3,STAT,60,LAT,LON,W,CRC
10/01/25 11:07:29,13.53,154.88,11.03,19.90,3.70,422.07,12.50,86.90,1005.00,2.01,3.57,3.69,44.90,0.84,1,13.16,0.00,89.01,1,11,14,0,-3,STAT,60,LAT,LON,W,CRC
10/01/25 11:08:31,13.53,151.32,12.34,19.75,4.45,422.02,12.50,87.40,1005.00,2.02,3.14,3.37,50.00,0.83,1,13.20,0.00,79.10,1,10,12,0,-2,STAT,60,LAT,LON,W,CRC
10/01/25 11:09:28,13.53,153.65,10.69,17.61,7.21,422.01,12.50,87.50,1005.00,1.66,2.71,2.83,52.20,0.73,1,13.20,0.00,74.04,1,8,13,-1,-2,STAT,60,LAT,LON,W,CRC
10/01/25 11:10:30,13.53,150.98,10.20,17.38,6.46,422.00,12.50,87.60,1005.00,1.91,3.27,3.44,47.00,1.18,1,13.20,0.00,74.52,1,8,13,0,-3,STAT,60,LAT,LON,W,CRC
10/01/25 11:11:32,13.53,146.53,11.03,16.60,7.37,422.00,12.50,87.70,1005.00,2.10,3.37,3.56,49.10,1.09,1,13.20,0.00,74.19,1,9,13,0,-3,STAT,60,LAT,LON,W,CRC
10/01/25 11:12:30,13.53,146.45,11.07,16.89,6.25,422.00,12.50,87.80,1005.00,1.87,3.31,3.38,43.90,0.69,1,13.16,0.00,84.29,1,8,13,-1,-3,STAT,60,LAT,LON,W,CRC
10/01/25 11:13:32,13.53,145.69,12.64,16.11,6.72,422.46,12.50,88.20,1005.00,2.30,3.47,3.53,53.90,0.62,1,13.16,0.00,75.16,1,7,13,0,-2,STAT,60,LAT,LON,W,CRC
10/01/25 11:14:32,13.53,150.51,13.06,17.32,6.02,422.95,12.50,88.30,1005.00,2.20,3.27,3.51,40.20,0.69,1,13.16,0.00,74.81,1,5,12,0,-1,STAT,60,LAT,LON,W,CRC
10/01/25 11:15:34,13.53,148.47,10.76,17.60,4.87,423.63,12.50,88.40,1005.00,2.18,3.43,3.76,43.30,0.72,0,13.20,0.00,73.72,1,7,13,0,-1,STAT,60,LAT,LON,W,CRC
10/01/25 11:16:30,13.53,148.05,7.85,16.78,6.13,423.86,12.40,88.30,1005.00,1.72,3.09,3.26,52.40,0.74,1,13.16,0.00,73.58,1,7,14,0,-1,STAT,60,LAT,LON,W,CRC
10/01/25 11:17:33,13.53,147.67,10.17,15.53,6.56,424.18,12.40,88.60,1005.00,1.53,2.87,2.94,51.20,0.72,1,13.20,0.00,74.19,1,8,14,-1,-1,STAT,60,LAT,LON,W,CRC
10/01/25 11:18:31,13.53,142.39,11.09,15.72,5.99,425.27,12.40,88.70,1005.00,1.81,3.06,3.34,44.90,0.67,1,13.16,0.00,90.32,1,9,12,0,-1,STAT,60,LAT,LON,W,CRC
10/01/25 11:19:33,13.53,140.55,8.60,15.17,6.56,425.74,12.40,88.80,1005.00,1.35,2.23,2.54,47.70,0.42,1,13.16,0.00,74.19,1,9,14,0,-1,STAT,60,LAT,LON,W,CRC
10/01/25 11:20:29,13.53,143.74,9.37,14.80,5.72,425.90,12.50,88.70,1005.00,1.11,2.01,2.19,51.50,0.36,1,13.16,0.00,85.46,1,8,13,0,-1,STAT,60,LAT,LON,W,CRC
10/01/25 11:21:32,13.53,144.01,11.17,14.68,7.06,425.97,12.50,88.80,1005.00,1.04,2.10,2.25,50.90,0.48,1,13.16,0.00,76.42,1,8,11,0,-1,STAT,60,LAT,LON,W,CRC
10/01/25 11:22:34,13.53,140.40,8.22,15.58,5.29,425.99,12.50,88.90,1005.00,1.08,2.34,2.39,45.10,0.38,1,13.20,0.00,74.56,1,11,15,0,-2,STAT,60,LAT,LON,W,CRC
10/01/25 11:23:30,13.53,142.06,9.98,15.28,4.18,426.00,12.50,88.60,1005.00,1.33,2.14,2.16,55.00,0.40,1,13.20,0.00,75.11,1,11,13,0,-2,STAT,60,LAT,LON,W,CRC
10/01/25 11:24:32,13.53,139.06,11.63,14.73,5.69,426.00,12.50,88.60,1005.00,1.41,2.70,2.74,53.40,0.31,1,13.20,0.00,75.62,1,11,12,-1,-1,STAT,60,LAT,LON,W,CRC
10/01/25 11:25:34,13.52,138.30,12.14,15.02,4.22,425.59,12.50,88.60,1005.00,1.18,2.28,2.30,57.00,0.42,1,13.16,0.00,82.45,1,10,11,0,-2,STAT,60,LAT,LON,W,CRC
10/01/25 11:26:31,13.51,138.80,10.25,14.67,5.57,425.50,12.50,88.60,1005.00,1.38,2.39,2.45,57.10,0.43,1,13.16,0.00,77.92,1,10,13,0,-1,STAT,60,LAT,LON,W,CRC
10/01/25 11:27:30,13.50,138.06,9.73,15.65,6.14,425.73,12.50,88.60,1005.00,1.30,2.37,2.54,32.50,0.39,0,13.16,0.00,83.84,1,11,13,0,-1,STAT,60,LAT,LON,W,CRC
10/01/25 11:28:33,13.46,142.37,10.57,14.95,6.69,425.91,12.50,88.60,1005.00,1.18,2.27,2.33,46.40,0.38,1,13.16,0.00,74.19,1,9,13,0,-1,STAT,60,LAT,LON,W,CRC
10/01/25 11:29:35,13.44,136.21,10.94,14.48,5.13,425.97,12.50,88.60,1005.00,1.51,2.50,2.52,57.10,0.43,0,13.16,0.00,74.81,1,10,13,0,-1,STAT,60,LAT,LON,W,CRC
10/01/25 11:30:32,13.43,136.23,10.70,14.30,5.37,425.99,12.50,88.50,1005.00,1.31,2.29,2.43,45.70,0.45,1,13.16,0.00,75.48,1,9,12,0,-2,STAT,60,LAT,LON,W,CRC
10/01/25 11:31:35,13.43,139.89,10.07,13.92,6.06,426.00,12.50,88.60,1005.00,1.56,2.10,2.15,49.40,0.42,1,13.16,0.00,90.32,1,8,13,0,-1,STAT,60,LAT,LON,W,CRC
10/01/25 11:32:31,13.43,136.67,7.94,14.73,4.12,426.25,12.50,88.60,1005.00,1.41,2.13,2.27,39.40,0.45,0,13.16,0.00,89.70,1,7,15,0,-2,STAT,60,LAT,LON,W,CRC
10/01/25 11:33:33,13.43,137.18,9.85,14.00,5.17,426.21,12.50,88.70,1005.00,1.29,2.01,2.07,52.30,0.52,1,13.16,0.00,76.45,1,5,13,0,-2,STAT,60,LAT,LON,W,CRC
10/01/25 11:34:36,13.43,136.09,11.56,13.10,5.07,426.07,12.50,88.60,1005.00,1.17,2.06,2.10,55.30,0.44,1,13.16,0.00,90.32,1,3,12,0,-2,STAT,60,LAT,LON,W,CRC
10/01/25 11:35:33,13.43,135.40,12.14,12.96,5.96,426.43,12.50,88.70,1005.00,1.41,1.93,2.03,57.20,0.44,1,13.16,0.00,93.94,1,3,11,0,-2,STAT,60,LAT,LON,W,CRC
10/01/25 11:36:35,13.43,132.93,11.40,13.41,5.13,426.80,12.50,88.70,1005.00,1.31,2.16,2.19,54.60,0.45,1,13.16,0.00,87.10,1,3,12,0,-2,STAT,60,LAT,LON,W,CRC
10/01/25 11:37:31,13.43,136.00,9.56,13.94,5.74,426.92,12.50,88.60,1005.00,1.11,1.91,2.12,44.90,0.57,1,13.20,0.00,88.16,1,3,14,0,-2,STAT,60,LAT,LON,W,CRC
10/01/25 11:38:33,13.43,139.27,10.62,14.07,6.54,426.97,12.50,88.60,1005.00,1.04,2.07,2.14,45.30,0.67,0,13.20,0.00,77.03,1,1,13,0,-1,STAT,60,LAT,LON,W,CRC
10/01/25 11:39:35,13.43,138.73,10.64,16.04,4.29,426.99,12.50,88.60,1005.00,1.26,2.11,2.14,39.60,0.52,0,13.20,0.00,75.57,1,1,12,0,-2,STAT,60,LAT,LON,W,CRC
10/01/25 11:40:31,13.43,133.09,10.38,15.18,5.45,427.00,12.50,88.50,1005.00,1.22,2.33,2.40,49.60,0.44,0,13.20,0.00,84.16,1,1,12,0,-1,STAT,60,LAT,LON,W,CRC
10/01/25 11:41:34,13.43,137.85,11.78,14.03,6.08,427.00,12.50,88.50,1005.00,1.08,2.05,2.07,51.90,0.54,1,13.16,0.00,76.81,1,1,11,-1,-2,STAT,60,LAT,LON,W,CRC
10/01/25 11:42:31,13.43,153.58,11.00,15.22,4.01,427.00,12.50,88.70,1005.00,1.06,1.85,1.96,45.40,0.56,1,13.16,0.00,70.97,1,0,12,0,-3,STAT,60,LAT,LON,W,CRC
10/01/25 11:43:32,13.42,155.62,10.57,14.03,5.53,427.46,12.50,88.90,1005.00,1.47,2.23,2.30,53.70,0.40,1,13.20,0.00,85.92,1,0,12,0,-2,STAT,60,LAT,LON,W,CRC
10/01/25 11:44:34,13.41,155.97,10.50,14.84,5.22,427.81,12.50,88.80,1005.00,1.31,2.09,2.32,50.70,0.42,1,13.20,0.00,72.78,1,-1,12,0,-2,STAT,60,LAT,LON,W,CRC
10/01/25 11:45:35,13.40,146.19,10.19,14.98,5.97,427.35,12.50,88.60,1005.00,1.22,1.89,2.01,66.30,0.33,1,13.20,0.00,74.00,1,-1,12,0,-2,STAT,60,LAT,LON,W,CRC
10/01/25 11:46:31,13.38,145.25,11.09,15.11,6.73,427.14,12.60,88.60,1005.00,0.96,1.95,2.12,57.30,0.31,1,13.20,0.00,74.19,1,-4,13,0,-1,STAT,60,LAT,LON,W,CRC
10/01/25 11:47:35,13.36,139.79,10.81,14.27,7.55,427.05,12.60,88.60,1005.00,0.97,1.80,2.25,45.30,0.32,0,13.20,0.00,90.92,1,-4,13,-1,-1,STAT,60,LAT,LON,W,CRC
10/01/25 11:48:32,13.34,134.77,11.07,14.22,6.67,427.02,12.60,88.50,1005.00,0.89,1.32,1.56,51.50,0.40,1,13.20,0.00,74.19,1,-4,11,-1,-1,STAT,60,LAT,LON,W,CRC
10/01/25 11:49:35,13.33,134.86,10.44,14.42,6.19,427.01,12.60,88.50,1005.00,1.16,2.07,2.80,49.40,0.44,1,13.16,0.00,74.19,1,-3,11,0,-1,STAT,60,LAT,LON,W,CRC
10/01/25 11:50:33,13.33,134.78,10.41,14.51,7.40,427.09,12.60,88.70,1005.00,1.16,2.24,2.63,54.80,0.62,1,13.16,0.00,75.10,1,-3,13,0,-1,STAT,60,LAT,LON,W,CRC
10/01/25 11:51:35,13.33,139.61,10.17,14.76,6.81,427.68,12.60,88.70,1005.00,1.02,1.91,2.16,45.20,0.56,1,13.20,0.00,87.10,1,-6,13,0,-1,STAT,60,LAT,LON,W,CRC
10/01/25 11:52:32,13.33,136.89,9.60,14.02,6.96,427.88,12.60,88.80,1005.00,0.91,1.77,1.86,52.80,0.41,1,13.16,0.00,87.10,1,-5,13,0,-1,STAT,60,LAT,LON,W,CRC
10/01/25 11:53:34,13.33,135.42,9.71,14.08,7.06,428.04,12.60,88.50,1005.00,0.95,1.88,1.98,36.90,0.53,1,13.16,0.00,90.68,1,-5,13,0,-1,STAT,60,LAT,LON,W,CRC
10/01/25 11:54:32,13.33,140.35,10.72,13.61,7.21,428.54,12.60,88.70,1005.00,1.02,2.02,2.10,45.40,0.60,1,13.16,0.00,83.26,1,-6,12,-1,-2,STAT,60,LAT,LON,W,CRC
10/01/25 11:55:34,13.33,138.14,11.09,14.43,5.31,428.84,12.60,88.60,1005.00,1.17,2.23,2.41,45.10,0.40,1,13.20,0.00,76.84,1,-4,12,0,-2,STAT,60,LAT,LON,W,CRC
10/01/25 11:56:32,13.33,140.19,9.18,14.20,6.19,428.60,12.60,88.40,1005.00,0.87,1.66,1.71,47.50,0.56,1,13.20,0.00,89.42,1,-4,14,0,-1,STAT,60,LAT,LON,W,CRC
10/01/25 11:57:34,13.33,143.21,12.33,13.99,7.51,428.21,12.60,88.40,1005.00,0.96,1.94,1.96,44.70,0.57,1,13.16,0.00,87.10,1,-3,11,-1,-2,STAT,60,LAT,LON,W,CRC
10/01/25 11:58:37,13.33,146.76,11.38,14.10,6.51,428.07,12.60,88.50,1005.00,0.76,1.60,1.70,50.10,0.42,1,13.20,0.00,70.97,1,-4,13,-1,-2,STAT,60,LAT,LON,W,CRC
10/01/25 11:59:33,13.33,151.03,11.31,14.25,7.20,428.03,12.60,88.30,1005.00,0.70,1.55,1.59,45.80,0.67,1,13.16,0.00,77.33,1,-5,12,0,-2,STAT,60,LAT,LON,W,CRC
10/01/25 12:00:33,13.33,146.23,11.08,14.71,6.34,428.01,12.60,88.30,1005.00,0.89,1.73,1.74,29.60,0.40,0,13.16,0.00,78.18,1,-4,12,0,-1,STAT,60,LAT,LON,W,CRC
10/01/25 12:01:36,13.33,154.61,10.68,14.88,7.20,428.00,12.60,88.10,1005.00,0.96,1.69,2.05,35.50,0.55,1,13.16,0.00,86.61,1,-5,13,0,-1,STAT,60,LAT,LON,W,CRC
10/01/25 12:02:38,13.33,156.19,11.57,14.40,6.62,427.67,12.60,88.30,1005.00,0.92,1.72,1.95,39.80,0.56,1,13.16,0.00,87.45,1,-5,11,0,-2,STAT,60,LAT,LON,W,CRC
10/01/25 12:03:35,13.33,149.56,10.01,14.11,7.14,427.76,12.60,88.20,1005.00,0.88,1.38,1.46,45.90,0.37,1,13.16,0.00,87.10,1,-3,13,0,-2,STAT,60,LAT,LON,W,CRC
10/01/25 12:04:37,13.33,147.32,11.56,14.35,6.67,427.86,12.60,88.30,1005.00,0.96,1.45,1.64,47.20,0.50,1,13.16,0.00,90.32,1,-5,13,0,-2,STAT,60,LAT,LON,W,CRC
10/01/25 12:05:39,13.33,150.67,12.15,14.71,6.61,427.95,12.60,88.30,1005.00,0.96,1.70,1.90,43.70,0.36,1,13.16,0.00,88.71,1,-7,12,-1,-1,STAT,60,LAT,LON,W,CRC
10/01/25 12:06:36,13.33,147.12,11.38,14.66,6.61,427.98,12.60,88.30,1005.00,0.87,1.45,2.01,37.90,0.22,1,13.16,0.00,80.89,1,-7,12,0,-1,STAT,60,LAT,LON,W,CRC
10/01/25 12:07:34,13.33,143.40,11.96,14.95,5.53,427.99,12.60,88.20,1005.00,0.95,1.89,2.14,35.30,0.52,1,13.16,0.00,74.19,1,-6,12,0,-2,STAT,60,LAT,LON,W,CRC
10/01/25 12:08:36,13.33,146.50,11.61,15.61,5.25,428.00,12.60,88.10,1005.00,0.87,1.33,1.42,46.50,0.77,1,13.16,0.00,74.43,1,-6,12,0,-2,STAT,60,LAT,LON,W,CRC
10/01/25 12:09:37,13.33,147.76,9.23,15.80,6.82,428.00,12.60,88.20,1005.00,0.96,1.76,1.96,37.30,0.83,1,13.16,0.00,75.48,1,-6,13,0,-1,STAT,60,LAT,LON,W,CRC
10/01/25 12:10:34,13.33,145.83,9.62,13.98,8.39,428.00,12.60,88.10,1005.00,0.99,1.62,1.83,33.60,0.77,1,13.16,0.00,78.54,1,-4,13,-1,-1,STAT,60,LAT,LON,W,CRC
10/01/25 12:11:36,13.33,141.99,10.33,14.14,7.90,428.00,12.60,88.30,1005.00,1.12,1.91,2.04,44.50,0.84,1,13.16,0.00,78.65,1,-5,12,0,-2,STAT,60,LAT,LON,W,CRC
10/01/25 12:12:39,13.33,141.19,9.79,13.55,7.53,428.00,12.60,88.40,1005.00,1.08,1.96,2.00,37.60,0.68,0,13.20,0.00,77.10,1,-5,13,-1,-2,STAT,60,LAT,LON,W,CRC
10/01/25 12:13:36,13.33,138.45,10.34,14.52,7.77,428.00,12.60,88.10,1005.00,0.87,1.89,2.14,29.10,0.51,1,13.16,0.00,80.65,1,-4,13,0,-2,STAT,60,LAT,LON,W,CRC
10/01/25 12:14:38,13.33,143.50,10.62,14.25,8.01,428.00,12.60,88.10,1005.00,0.95,1.93,2.11,38.30,0.94,1,13.20,0.00,77.42,1,-5,12,0,-2,STAT,60,LAT,LON,W,CRC
10/01/25 12:15:35,13.33,144.80,9.98,14.16,8.68,428.00,12.60,88.00,1005.00,0.98,1.83,2.00,31.70,0.89,1,13.16,0.00,77.86,1,-6,13,0,-2,STAT,60,LAT,LON,W,CRC
10/01/25 12:16:38,13.33,140.48,10.26,14.74,7.50,428.00,12.60,88.20,1005.00,1.01,1.56,1.71,28.80,0.58,1,13.20,0.00,70.97,1,-5,13,0,-2,STAT,60,LAT,LON,W,CRC
10/01/25 12:17:35,13.33,137.17,9.29,13.57,7.30,428.00,12.60,88.10,1005.00,0.96,1.82,1.98,44.90,0.45,0,13.20,0.00,73.41,1,-6,14,-1,-2,STAT,60,LAT,LON,W,CRC
10/01/25 12:18:37,13.33,132.09,11.18,13.91,6.59,427.28,12.70,87.80,1005.00,0.76,1.49,1.61,50.80,0.30,1,13.16,0.00,72.23,1,-5,13,0,-2,STAT,60,LAT,LON,W,CRC
10/01/25 12:19:40,13.33,135.80,9.92,13.94,7.22,426.96,12.70,87.90,1005.00,0.92,1.70,1.75,59.80,0.27,1,13.20,0.00,88.42,1,-6,13,0,-2,STAT,60,LAT,LON,W,CRC
10/01/25 12:20:36,13.33,140.18,10.42,14.36,6.55,426.99,12.70,87.90,1005.00,0.86,1.60,1.79,32.90,0.60,0,13.16,0.00,85.84,1,-7,13,0,-2,STAT,60,LAT,LON,W,CRC
10/01/25 12:21:38,13.33,137.14,9.76,13.84,9.00,427.15,12.70,87.70,1005.00,0.75,1.21,1.52,49.20,0.48,1,13.16,0.00,86.03,1,-5,13,0,-1,STAT,60,LAT,LON,W,CRC
10/01/25 12:22:35,13.33,138.64,9.52,14.03,9.37,427.17,12.70,87.90,1005.00,0.91,1.75,1.95,36.40,0.81,1,13.16,0.00,86.12,1,-3,13,0,-1,STAT,60,LAT,LON,W,CRC
10/01/25 12:23:38,13.33,145.76,11.96,13.42,8.71,427.52,12.70,88.10,1005.00,1.04,2.09,2.24,42.70,0.63,1,13.16,0.00,74.19,1,-5,11,0,-1,STAT,60,LAT,LON,W,CRC
10/01/25 12:24:34,13.33,147.39,12.62,13.85,9.17,428.27,12.70,88.20,1005.00,0.98,2.04,2.09,44.60,0.57,1,13.16,0.00,75.86,1,-6,11,0,0,STAT,60,LAT,LON,W,CRC
10/01/25 12:25:36,13.33,147.26,11.85,14.30,5.92,429.10,12.70,88.30,1005.00,0.78,1.68,1.96,47.30,0.47,1,13.16,0.00,79.22,1,-5,12,0,-1,STAT,60,LAT,LON,W,CRC
10/01/25 12:26:38,13.33,151.28,10.88,13.96,5.82,429.68,12.80,88.10,1005.00,0.92,1.65,1.75,49.80,0.34,1,13.16,0.00,87.00,1,-6,13,0,-2,STAT,60,LAT,LON,W,CRC
10/01/25 12:27:38,13.33,149.91,10.38,14.50,6.14,429.47,12.80,87.80,1005.00,0.94,1.47,1.51,57.50,0.36,1,13.16,0.00,76.31,1,-7,13,-1,-2,STAT,60,LAT,LON,W,CRC
10/01/25 12:28:41,13.33,147.45,10.68,15.07,4.60,429.17,12.80,87.50,1005.00,0.98,1.82,1.98,40.50,0.43,1,13.16,0.00,74.19,1,-6,13,0,-3,STAT,60,LAT,LON,W,CRC
10/01/25 12:29:37,13.34,142.29,10.04,14.69,5.30,429.06,12.80,87.40,1005.00,0.92,1.85,1.90,36.50,0.50,1,13.16,0.00,74.19,1,-4,12,0,-3,STAT,60,LAT,LON,W,CRC
10/01/25 12:30:40,13.36,140.73,8.87,14.23,5.89,429.02,12.80,87.60,1005.00,0.81,1.65,1.67,31.60,0.40,0,13.16,0.00,78.26,1,-5,14,-1,-3,STAT,60,LAT,LON,W,CRC
10/01/25 12:31:37,13.38,143.06,10.49,14.28,7.32,429.01,12.80,87.30,1005.00,0.92,1.73,1.96,30.40,0.78,1,13.16,0.00,80.03,1,-5,13,-1,-3,STAT,60,LAT,LON,W,CRC
10/01/25 12:32:40,13.40,145.18,11.90,14.37,6.50,429.00,12.80,87.30,1005.00,0.75,1.55,1.70,43.00,0.70,1,13.16,0.00,82.79,1,-6,12,0,-2,STAT,60,LAT,LON,W,CRC
10/01/25 12:33:38,13.41,145.65,11.44,14.61,7.36,428.46,12.80,87.20,1005.00,0.71,1.49,1.66,38.60,0.55,1,13.16,0.00,74.19,1,-6,13,-1,-2,STAT,60,LAT,LON,W,CRC
10/01/25 12:34:40,13.42,146.88,11.93,13.87,6.84,428.32,12.80,87.40,1005.00,0.89,1.57,1.86,50.60,0.49,1,13.16,0.00,92.82,1,-6,12,0,-2,STAT,60,LAT,LON,W,CRC
10/01/25 12:35:37,13.42,157.81,12.56,14.65,6.79,428.20,12.80,87.20,1005.00,0.96,1.87,1.97,58.90,0.44,1,13.20,0.00,74.19,1,-5,12,0,-2,STAT,60,LAT,LON,W,CRC
10/01/25 12:36:40,13.43,155.77,11.76,13.54,9.07,428.65,12.90,87.00,1005.00,1.14,1.98,2.34,44.90,0.31,1,13.16,0.00,87.10,1,-4,13,-1,0,STAT,60,LAT,LON,W,CRC
10/01/25 12:37:36,13.43,151.76,11.17,14.28,9.03,428.28,12.90,87.10,1005.00,1.03,1.70,1.83,51.60,0.35,1,13.16,0.00,87.71,1,-6,13,0,-1,STAT,60,LAT,LON,W,CRC
10/01/25 12:38:39,13.43,150.33,10.15,14.14,8.81,428.10,12.90,86.80,1005.00,0.82,1.93,2.12,54.30,0.34,1,13.16,0.00,83.13,1,-5,13,0,-2,STAT,60,LAT,LON,W,CRC
10/01/25 12:39:41,13.43,154.38,10.67,14.83,8.33,427.55,12.90,86.70,1005.00,0.94,1.51,1.88,57.10,0.40,1,13.16,0.00,83.66,1,-7,14,0,-1,STAT,60,LAT,LON,W,CRC
10/01/25 12:40:40,13.43,157.56,12.06,14.88,7.31,427.75,12.90,86.70,1005.00,1.02,1.53,1.69,54.00,0.88,1,13.16,0.00,83.35,1,-4,12,0,-2,STAT,60,LAT,LON,W,CRC
10/01/25 12:41:37,13.43,164.34,11.23,14.75,8.04,427.90,12.90,86.90,1005.00,0.91,1.60,1.65,52.90,0.59,1,13.16,0.00,83.91,1,-6,13,-1,-2,STAT,60,LAT,LON,W,CRC
10/01/25 12:42:39,13.43,170.17,10.03,14.70,10.20,427.97,12.90,86.80,1005.00,0.97,1.79,2.18,48.80,0.73,1,13.16,0.00,83.60,1,-4,14,0,-1,STAT,60,LAT,LON,W,CRC
10/01/25 12:43:41,13.43,165.40,12.78,14.87,9.22,427.99,12.90,86.80,1005.00,0.95,1.89,2.46,55.30,0.29,1,13.20,0.00,86.13,1,-4,11,0,-1,STAT,60,LAT,LON,W,CRC
10/01/25 12:44:38,13.43,161.42,12.65,14.54,8.70,427.59,12.90,86.50,1005.00,0.97,1.63,1.82,50.70,0.35,1,13.16,0.00,79.35,1,-6,11,-1,-1,STAT,60,LAT,LON,W,CRC
10/01/25 12:45:40,13.43,152.34,11.96,15.17,8.37,426.59,12.90,86.20,1005.00,0.99,1.74,1.90,45.10,0.69,1,13.16,0.00,77.97,1,-5,12,0,-2,STAT,60,LAT,LON,W,CRC
10/01/25 12:46:37,13.43,155.18,10.92,13.76,10.24,426.01,13.00,86.60,1005.00,1.14,1.89,2.25,52.90,0.66,1,13.16,0.00,89.88,1,-6,14,0,-1,STAT,60,LAT,LON,W,CRC
10/01/25 12:47:41,13.43,151.98,9.93,14.95,7.30,425.97,13.00,86.80,1005.00,1.05,1.72,1.91,58.10,0.57,1,13.16,0.00,92.98,1,-5,14,0,-3,STAT,60,LAT,LON,W,CRC
10/01/25 12:48:38,13.43,153.49,8.56,15.03,8.47,425.95,12.90,86.50,1005.00,0.99,1.63,1.80,47.20,0.81,1,13.16,0.00,74.87,1,-5,16,-1,-2,STAT,60,LAT,LON,W,CRC
10/01/25 12:49:40,13.45,153.80,10.96,14.55,7.45,425.98,13.00,86.20,1005.00,0.72,1.61,1.72,46.50,0.36,1,13.16,0.00,74.19,1,-6,13,-1,-3,STAT,60,LAT,LON,W,CRC
10/01/25 12:50:42,13.48,150.11,10.74,14.90,7.38,425.99,13.00,86.30,1005.00,0.87,1.62,1.81,49.60,0.69,1,13.16,0.00,72.40,1,-5,13,-1,-2,STAT,60,LAT,LON,W,CRC
10/01/25 12:51:39,13.50,150.32,10.62,15.70,7.36,426.00,12.90,86.20,1005.00,1.05,1.75,1.88,51.00,0.88,1,13.16,0.00,74.19,1,-5,13,0,-3,STAT,60,LAT,LON,W,CRC
10/01/25 12:52:41,13.52,150.36,11.50,14.67,9.00,426.00,12.90,86.10,1005.00,1.02,2.01,2.08,46.10,1.17,1,13.20,0.00,73.10,1,-3,12,-1,-2,STAT,60,LAT,LON,W,CRC
10/01/25 12:53:42,13.52,148.74,12.21,14.24,9.71,425.42,12.90,86.10,1005.00,1.01,1.86,1.99,50.20,0.99,0,13.16,0.00,75.45,1,-4,12,-1,-3,STAT,60,LAT,LON,W,CRC
10/01/25 12:54:39,13.52,150.08,11.40,14.09,8.21,425.16,12.90,86.40,1005.00,0.98,1.65,1.70,47.30,0.86,1,13.16,0.00,79.71,1,-6,13,-1,-3,STAT,60,LAT,LON,W,CRC
10/01/25 12:55:41,13.53,153.95,11.17,15.47,7.13,425.06,12.90,86.40,1005.00,0.83,1.60,1.61,41.80,0.90,1,13.16,0.00,74.19,1,-7,13,-1,-2,STAT,60,LAT,LON,W,CRC
10/01/25 12:56:38,13.53,151.75,8.56,14.01,9.06,425.02,12.90,86.50,1005.00,1.15,1.81,1.82,49.30,0.47,1,13.16,0.00,77.42,1,-6,15,0,-1,STAT,60,LAT,LON,W,CRC
10/01/25 12:57:40,13.53,148.75,9.40,13.49,8.77,425.01,12.90,86.90,1005.00,1.05,1.93,1.93,41.40,0.57,1,13.16,0.00,77.42,1,-4,14,-1,-2,STAT,60,LAT,LON,W,CRC
10/01/25 12:58:42,13.53,152.40,8.37,14.58,8.26,425.39,12.90,86.80,1005.00,1.02,1.92,1.97,16.10,0.53,1,13.16,0.00,76.31,1,-5,14,-1,-2,STAT,60,LAT,LON,W,CRC
10/01/25 12:59:39,13.53,154.75,9.11,14.43,8.28,425.77,12.90,86.50,1005.00,1.33,2.01,2.56,36.00,0.96,0,13.16,0.00,74.19,1,-7,14,0,-2,STAT,60,LAT,LON,W,CRC
10/01/25 13:00:42,13.53,148.25,10.28,14.12,9.76,425.92,12.90,86.50,1005.00,1.27,1.87,2.15,49.50,0.73,1,13.16,0.00,77.42,1,-4,14,-1,-2,STAT,60,LAT,LON,W,CRC
10/01/25 13:01:39,13.53,148.51,9.69,14.49,9.31,425.97,12.90,86.10,1005.00,1.07,1.85,1.95,45.30,0.64,1,13.16,0.00,76.00,1,-5,14,0,-2,STAT,60,LAT,LON,W,CRC
10/01/25 13:02:41,13.53,152.02,10.55,14.28,8.52,425.99,12.90,86.10,1005.00,1.02,1.64,1.85,42.20,1.17,1,13.16,0.00,75.29,1,-5,13,-1,-3,STAT,60,LAT,LON,W,CRC
10/01/25 13:03:38,13.53,154.07,10.09,14.46,8.46,425.41,12.90,86.30,1005.00,1.01,1.91,2.04,35.10,1.03,1,13.16,0.00,84.28,1,-6,14,0,-2,STAT,60,LAT,LON,W,CRC
10/01/25 13:04:41,13.53,159.39,11.17,14.48,8.94,425.23,12.90,86.20,1005.00,0.98,1.59,1.73,45.00,0.93,1,13.16,0.00,79.16,1,-5,13,0,-2,STAT,60,LAT,LON,W,CRC
10/01/25 13:05:38,13.53,158.37,13.99,13.62,7.35,425.59,13.00,86.80,1005.00,0.68,1.43,1.48,53.60,0.59,1,13.16,0.00,87.10,1,-4,11,0,-3,STAT,60,LAT,LON,W,CRC
10/01/25 13:06:41,13.54,155.18,14.00,14.79,5.92,426.31,13.00,86.80,1005.00,0.84,1.42,1.64,40.00,0.57,1,13.16,0.00,77.15,1,-4,12,0,-3,STAT,60,LAT,LON,W,CRC
10/01/25 13:07:39,13.56,151.64,12.05,14.92,6.68,426.58,13.00,86.10,1005.00,0.85,1.32,1.45,47.50,0.76,1,13.16,0.00,86.93,1,-4,12,0,-3,STAT,60,LAT,LON,W,CRC
10/01/25 13:08:41,13.58,153.41,12.04,13.73,9.42,426.20,13.00,86.20,1005.00,1.03,1.74,2.19,46.00,0.75,0,13.16,0.00,85.40,1,-6,12,0,-1,STAT,60,LAT,LON,W,CRC
10/01/25 13:09:39,13.59,151.30,10.47,14.09,9.60,426.08,13.00,86.00,1005.00,0.98,1.49,1.83,50.10,0.58,1,13.16,0.00,74.60,1,-6,13,-1,-2,STAT,60,LAT,LON,W,CRC
10/01/25 13:10:40,13.61,147.43,10.62,14.04,9.80,425.94,13.00,86.00,1005.00,0.66,1.37,1.48,52.90,0.47,0,13.16,0.00,81.16,1,-4,14,0,-2,STAT,60,LAT,LON,W,CRC
10/01/25 13:11:43,13.62,151.34,9.53,13.73,10.76,425.33,13.00,85.90,1005.00,0.79,1.68,1.72,60.10,0.61,1,13.16,0.00,77.42,1,-6,14,0,-1,STAT,60,LAT,LON,W,CRC
10/01/25 13:12:39,13.62,150.82,10.54,14.20,8.43,425.13,13.00,86.10,1005.00,0.91,1.58,1.59,43.00,0.52,1,13.16,0.00,74.19,1,-5,15,-1,-2,STAT,60,LAT,LON,W,CRC
10/01/25 13:13:42,13.62,150.41,11.00,13.91,7.43,425.04,13.00,86.00,1005.00,0.91,1.51,1.52,52.80,0.44,1,13.16,0.00,74.84,1,-6,14,0,-3,STAT,60,LAT,LON,W,CRC
10/01/25 13:14:39,13.62,150.22,11.11,14.98,7.31,425.02,13.00,86.20,1005.00,0.93,1.78,1.78,48.40,0.74,0,13.16,0.00,76.16,1,-5,13,0,-3,STAT,60,LAT,LON,W,CRC
10/01/25 13:15:41,13.62,154.13,12.50,15.13,8.07,424.78,13.00,85.50,1005.00,1.15,2.02,2.10,52.20,0.98,1,13.16,0.00,77.42,1,-5,11,0,-3,STAT,60,LAT,LON,W,CRC
10/01/25 13:16:43,13.62,153.09,12.97,14.37,9.50,424.27,13.00,85.60,1005.00,1.07,2.01,2.13,52.70,0.91,0,13.16,0.00,74.19,1,-3,11,0,-2,STAT,60,LAT,LON,W,CRC
10/01/25 13:17:40,13.62,152.04,11.32,14.20,10.00,424.10,13.00,85.50,1005.00,1.02,1.64,1.72,50.00,0.59,1,13.16,0.00,75.53,1,-4,12,0,-1,STAT,60,LAT,LON,W,CRC
10/01/25 13:18:42,13.62,156.92,10.38,14.86,8.61,424.04,13.00,85.40,1005.00,1.01,1.68,1.81,44.30,1.12,1,13.16,0.00,76.81,1,-6,13,0,-2,STAT,60,LAT,LON,W,CRC
10/01/25 13:19:39,13.62,155.61,9.43,13.53,10.02,424.01,13.00,85.30,1005.00,1.06,1.76,1.81,50.00,1.25,0,13.16,0.00,70.97,1,-4,14,0,-4,STAT,60,LAT,LON,W,CRC
10/01/25 13:20:42,13.62,157.96,11.79,13.43,8.89,423.65,13.00,85.80,1005.00,0.97,1.72,1.74,44.80,0.58,1,13.16,0.00,80.65,1,-5,13,0,-2,STAT,60,LAT,LON,W,CRC
10/01/25 13:21:39,13.62,154.99,11.41,14.25,8.65,423.25,13.00,85.30,1005.00,0.90,1.49,1.64,51.80,1.13,1,13.16,0.00,74.19,1,-4,13,0,-2,STAT,60,LAT,LON,W,CRC
10/01/25 13:22:42,13.62,152.72,10.66,13.89,10.87,423.09,13.00,85.10,1005.00,0.97,1.42,1.47,49.10,1.09,1,13.16,0.00,80.59,1,-4,14,-1,-2,STAT,60,LAT,LON,W,CRC
10/01/25 13:23:40,13.62,159.26,10.60,13.78,9.36,422.82,13.00,85.30,1005.00,0.81,1.17,1.18,34.10,0.75,1,13.16,0.00,74.19,1,-7,14,-1,-2,STAT,60,LAT,LON,W,CRC
10/01/25 13:24:42,13.62,157.86,8.85,13.96,9.14,422.29,13.10,84.80,1005.00,1.14,1.74,1.74,44.20,1.42,1,13.16,0.00,74.19,1,-6,16,-1,-3,STAT,60,LAT,LON,W,CRC
10/01/25 13:25:44,13.64,148.06,9.35,13.02,10.57,422.10,13.10,85.00,1005.00,1.05,1.62,1.62,46.50,1.08,1,13.16,0.00,77.11,1,-4,16,-1,-3,STAT,60,LAT,LON,W,CRC
10/01/25 13:26:40,13.67,152.86,8.48,13.99,10.18,422.04,13.10,85.00,1005.00,1.02,1.59,1.71,47.10,1.50,1,13.16,0.00,90.32,1,-5,16,-1,-2,STAT,60,LAT,LON,W,CRC
10/01/25 13:27:41,13.69,156.54,11.37,13.79,10.23,422.31,13.10,85.00,1005.00,1.06,1.86,2.07,44.80,1.05,1,13.16,0.00,87.71,1,-6,14,-1,-2,STAT,60,LAT,LON,W,CRC
10/01/25 13:28:43,13.70,160.62,10.97,13.87,11.10,422.76,13.10,84.90,1005.00,0.98,1.62,1.69,49.90,1.30,1,13.16,0.00,85.43,1,-6,13,-1,-1,STAT,60,LAT,LON,W,CRC
10/01/25 13:29:45,13.72,153.03,11.46,14.70,9.90,422.91,13.10,84.60,1005.00,0.99,1.87,1.92,50.80,1.43,1,13.20,0.00,74.36,1,-4,12,-1,-3,STAT,60,LAT,LON,W,CRC
10/01/25 13:30:42,13.72,149.87,12.20,13.48,11.13,422.81,13.10,85.00,1005.00,0.94,1.73,1.75,46.70,1.14,0,13.16,0.00,75.81,1,-3,12,-1,-2,STAT,60,LAT,LON,W,CRC
10/01/25 13:31:45,13.72,158.65,10.91,14.22,8.93,422.74,13.10,84.80,1005.00,0.96,1.77,1.77,48.50,1.12,1,13.16,0.00,85.69,1,-5,14,-1,-3,STAT,60,LAT,LON,W,CRC
10/01/25 13:32:46,13.72,178.53,11.39,14.08,8.87,422.84,13.10,85.60,1005.00,0.80,1.59,1.75,49.90,0.79,1,13.16,0.00,79.65,1,-3,13,-1,-2,STAT,60,LAT,LON,W,CRC
10/01/25 13:33:44,13.72,222.00,10.87,14.06,8.29,422.94,13.10,85.10,1005.00,0.93,1.87,2.06,47.90,0.73,1,13.16,0.00,82.92,1,-3,13,-1,-2,STAT,60,LAT,LON,W,CRC
10/01/25 13:34:45,13.72,206.34,9.74,14.18,9.14,422.98,13.10,84.70,1005.00,0.93,1.83,1.95,49.70,0.90,1,13.16,0.00,81.87,1,-2,14,-1,-2,STAT,60,LAT,LON,W,CRC
10/01/25 13:35:42,13.72,188.81,11.18,13.09,10.98,422.99,13.10,84.70,1005.00,1.09,1.82,2.21,50.70,0.68,1,13.16,0.00,81.81,1,-6,13,-1,-2,STAT,60,LAT,LON,W,CRC
10/01/25 13:36:44,13.72,174.93,12.16,12.90,11.28,423.00,13.10,84.40,1005.00,1.03,1.47,1.70,45.40,0.78,1,13.16,0.00,83.42,1,-3,12,0,-3,STAT,60,LAT,LON,W,CRC
10/01/25 13:37:46,13.72,166.38,13.21,13.46,11.06,423.00,13.10,83.90,1005.00,1.01,1.61,1.69,49.30,1.15,1,13.16,0.00,81.93,1,-4,12,0,-2,STAT,60,LAT,LON,W,CRC
10/01/25 13:38:44,13.72,157.40,11.25,13.26,11.39,422.42,13.20,83.80,1005.00,0.97,1.55,1.58,51.10,0.78,1,13.16,0.00,76.71,1,-3,13,0,-3,STAT,60,LAT,LON,W,CRC
10/01/25 13:39:46,13.74,153.56,11.56,12.91,10.81,422.15,13.20,84.10,1005.00,0.76,1.25,1.26,47.80,0.76,1,13.16,0.00,78.37,1,-4,12,-1,-3,STAT,60,LAT,LON,W,CRC
10/01/25 13:40:44,13.77,156.56,10.71,13.68,9.94,421.98,13.20,84.00,1005.00,0.96,1.31,1.63,50.40,1.39,1,13.16,0.00,79.50,1,-3,13,-1,-3,STAT,60,LAT,LON,W,CRC
10/01/25 13:41:46,13.80,162.12,11.46,14.17,9.99,421.49,13.20,83.90,1005.00,0.97,1.61,1.86,47.20,1.45,1,13.16,0.00,76.62,1,-2,13,-1,-2,STAT,60,LAT,LON,W,CRC
10/01/25 13:42:43,13.81,159.96,10.40,13.82,11.08,421.73,13.20,83.70,1005.00,1.23,1.65,1.73,48.30,1.36,1,13.16,0.00,76.30,1,-4,14,-2,-3,STAT,60,LAT,LON,W,CRC
10/01/25 13:43:46,13.82,152.11,12.20,13.89,9.67,421.82,13.20,83.50,1005.00,1.07,2.23,2.26,38.70,1.45,1,13.16,0.00,78.50,1,-3,14,-1,-3,STAT,60,LAT,LON,W,CRC
10/01/25 13:44:43,13.82,151.03,11.14,14.02,10.52,421.32,13.20,83.50,1005.00,1.03,2.21,2.28,46.40,1.21,1,13.16,0.00,82.96,1,-4,13,0,-3,STAT,60,LAT,LON,W,CRC
10/01/25 13:45:45,13.82,150.60,12.32,13.75,10.90,421.11,13.20,83.70,1005.00,0.96,1.61,1.76,55.20,1.00,1,13.16,0.00,85.20,1,-4,12,0,-3,STAT,60,LAT,LON,W,CRC
10/01/25 13:46:42,13.82,149.40,11.57,14.04,10.47,421.04,13.20,83.50,1005.00,0.99,1.87,2.12,51.40,1.73,1,13.16,0.00,85.16,1,-3,13,0,-3,STAT,60,LAT,LON,W,CRC
10/01/25 13:47:46,13.82,147.51,12.12,13.92,10.43,421.02,13.20,83.60,1005.00,0.91,1.99,2.49,55.80,1.21,1,13.16,0.00,89.63,1,-3,12,-1,-2,STAT,60,LAT,LON,W,CRC
10/01/25 13:48:43,13.82,148.62,9.98,12.82,10.29,421.01,13.20,84.00,1005.00,0.97,2.07,2.38,54.30,0.90,1,13.16,0.00,88.93,1,-4,14,-1,-3,STAT,60,LAT,LON,W,CRC
10/01/25 13:49:45,13.82,148.33,10.83,12.78,12.05,421.00,13.20,84.00,1005.00,0.99,1.76,2.30,53.40,1.06,1,13.16,0.00,85.58,1,-4,14,-1,-2,STAT,60,LAT,LON,W,CRC
10/01/25 13:50:43,13.83,142.71,11.78,13.42,10.55,421.07,13.20,83.30,1005.00,1.02,2.11,2.30,52.50,1.24,1,13.16,0.00,84.02,1,-2,14,0,-3,STAT,60,LAT,LON,W,CRC
10/01/25 13:51:44,13.87,147.38,11.95,12.99,11.86,421.03,13.30,83.10,1005.00,0.99,1.60,1.67,46.50,1.81,1,13.16,0.00,85.72,1,-4,14,0,-2,STAT,60,LAT,LON,W,CRC
10/01/25 13:52:47,13.89,147.98,11.00,13.04,11.58,421.01,13.30,83.30,1005.00,1.24,1.79,1.81,35.90,1.33,1,13.16,0.00,85.67,1,-2,14,-1,-3,STAT,60,LAT,LON,W,CRC
10/01/25 13:53:46,13.91,147.49,10.97,13.30,10.01,421.00,13.30,83.70,1005.00,1.20,2.02,2.03,40.90,1.01,1,13.16,0.00,84.26,1,-4,13,0,-2,STAT,60,LAT,LON,W,CRC
10/01/25 13:54:47,13.91,155.26,12.57,13.69,8.89,421.58,13.30,83.90,1005.00,1.22,2.05,2.35,42.40,0.64,1,13.16,0.00,85.74,1,-4,13,-1,-2,STAT,60,LAT,LON,W,CRC
10/01/25 13:55:44,13.92,156.88,13.74,14.42,8.18,422.59,13.30,84.00,1005.00,1.13,1.85,2.15,40.70,0.71,1,13.16,0.00,81.54,1,-5,13,-1,-2,STAT,60,LAT,LON,W,CRC
10/01/25 13:56:46,13.92,160.09,13.78,15.43,7.45,423.73,13.30,84.40,1005.00,1.17,1.85,2.18,39.70,0.67,1,13.16,0.00,82.32,1,-5,13,-1,-3,STAT,60,LAT,LON,W,CRC
10/01/25 13:57:44,13.92,156.93,11.64,14.84,7.07,424.06,13.30,84.10,1005.00,1.04,1.35,1.46,36.10,0.73,1,13.16,0.00,82.40,1,-3,14,0,-3,STAT,60,LAT,LON,W,CRC
10/01/25 13:58:45,13.92,157.88,11.47,14.33,7.99,423.56,13.30,83.80,1005.00,0.98,1.41,1.56,42.60,0.57,1,13.16,0.00,85.46,1,-3,13,0,-3,STAT,60,LAT,LON,W,CRC
10/01/25 13:59:47,13.92,156.44,12.58,13.64,11.27,423.78,13.30,83.60,1005.00,0.95,1.60,1.80,51.60,0.65,1,13.16,0.00,83.30,1,-3,12,-1,-2,STAT,60,LAT,LON,W,CRC
10/01/25 14:00:47,13.92,149.23,12.25,13.08,10.56,423.51,13.30,82.90,1005.00,1.06,1.50,1.75,51.40,0.82,1,13.16,0.00,84.86,1,0,13,0,-2,STAT,60,LAT,LON,W,CRC
10/01/25 14:01:44,13.92,152.68,12.13,13.53,10.32,423.20,13.30,82.90,1005.00,0.92,1.46,1.62,66.40,0.54,1,13.16,0.00,77.67,1,-2,13,0,-2,STAT,60,LAT,LON,W,CRC
10/01/25 14:02:47,13.92,154.45,10.39,13.48,10.24,422.42,13.30,83.10,1005.00,1.22,1.76,2.00,55.20,0.67,1,13.16,0.00,77.90,1,-3,15,0,-2,STAT,60,LAT,LON,W,CRC
10/01/25 14:03:44,13.92,154.81,13.35,13.93,10.53,422.16,13.40,82.80,1005.00,1.01,1.71,2.13,62.50,0.59,1,13.16,0.00,83.37,1,-3,12,0,-1,STAT,60,LAT,LON,W,CRC
10/01/25 14:04:46,13.92,153.10,10.51,13.06,10.63,422.06,13.40,82.80,1005.00,1.00,1.92,2.08,54.80,0.78,1,13.16,0.00,84.83,1,-2,15,0,-2,STAT,60,LAT,LON,W,CRC
10/01/25 14:05:48,13.92,154.38,11.72,13.59,10.04,422.02,13.40,82.50,1005.00,0.90,1.71,2.13,49.90,1.05,1,13.16,0.00,80.47,1,-2,14,-1,-2,STAT,60,LAT,LON,W,CRC
10/01/25 14:06:44,13.92,152.33,10.95,13.45,9.39,422.01,13.40,83.10,1005.00,0.77,1.65,1.79,42.70,0.78,1,13.16,0.00,78.20,1,-1,14,0,-2,STAT,60,LAT,LON,W,CRC
10/01/25 14:07:49,13.92,161.83,11.25,13.47,12.00,422.00,13.40,82.30,1005.00,0.89,1.75,1.81,50.80,0.96,1,13.16,0.00,80.89,1,-3,13,-1,-2,STAT,60,LAT,LON,W,CRC
10/01/25 14:08:46,13.92,161.89,11.34,14.75,9.51,422.00,13.40,83.00,1005.00,0.96,1.89,1.90,48.40,0.97,1,13.16,0.00,76.98,1,-2,12,0,-3,STAT,60,LAT,LON,W,CRC
10/01/25 14:09:48,13.92,156.48,11.39,13.95,9.53,422.00,13.40,82.40,1005.00,0.75,1.63,1.86,47.90,1.09,1,13.16,0.00,76.51,1,0,13,0,-3,STAT,60,LAT,LON,W,CRC
10/01/25 14:10:45,13.92,159.59,11.10,13.14,11.86,422.00,13.40,82.00,1005.00,0.82,1.86,2.09,51.20,1.20,1,13.16,0.00,75.38,1,0,14,0,-2,STAT,60,LAT,LON,W,CRC
10/01/25 14:11:45,13.92,159.52,11.20,13.93,9.99,422.00,13.40,82.10,1005.00,0.74,1.68,2.23,55.20,0.86,1,13.16,0.00,78.95,1,0,14,0,-3,STAT,60,LAT,LON,W,CRC
10/01/25 14:12:48,13.94,162.64,10.88,14.44,9.08,422.00,13.50,82.40,1005.00,0.78,1.27,2.05,46.00,0.93,1,13.16,0.00,77.14,1,0,14,0,-3,STAT,60,LAT,LON,W,CRC
10/01/25 14:13:47,13.97,161.85,12.29,14.40,10.40,421.92,13.40,81.90,1005.00,0.87,1.36,1.89,48.00,1.26,1,13.16,0.00,77.47,1,0,13,0,-2,STAT,60,LAT,LON,W,CRC
10/01/25 14:14:49,13.98,158.26,12.37,13.88,10.51,421.67,13.40,81.90,1005.00,0.91,1.41,1.73,35.60,1.01,1,13.16,0.00,82.20,1,0,13,0,-2,STAT,60,LAT,LON,W,CRC
10/01/25 14:15:46,14.00,159.20,12.68,13.80,11.50,421.26,13.50,81.70,1005.00,0.85,1.63,1.95,44.80,1.24,1,13.16,0.00,83.87,1,0,13,0,-2,STAT,60,LAT,LON,W,CRC
10/01/25 14:16:48,14.01,160.61,11.46,13.17,11.62,421.09,13.50,81.80,1005.00,0.92,1.74,1.85,38.60,0.94,1,13.16,0.00,80.67,1,-1,15,-1,-2,STAT,60,LAT,LON,W,CRC
10/01/25 14:17:50,14.02,181.76,12.39,14.02,10.69,420.89,13.50,82.40,1005.00,0.47,1.29,1.33,29.30,0.52,1,13.16,0.00,79.21,1,-1,15,-1,-2,STAT,60,LAT,LON,W,CRC
10/01/25 14:18:47,14.02,177.71,11.43,14.00,10.96,421.31,13.50,82.30,1005.00,0.76,1.76,1.84,43.90,0.50,1,13.16,0.00,84.79,1,0,14,-1,-1,STAT,60,LAT,LON,W,CRC
10/01/25 14:19:49,14.02,175.89,10.41,12.90,11.51,421.76,13.50,82.20,1005.00,0.88,1.80,1.83,55.10,0.40,1,13.16,0.00,85.98,1,0,16,-1,-1,STAT,60,LAT,LON,W,CRC
10/01/25 14:20:48,14.02,175.54,11.19,13.11,11.38,422.32,13.50,82.20,1005.00,0.76,1.62,1.72,46.40,0.56,1,13.16,0.00,88.23,1,0,15,-1,-2,STAT,60,LAT,LON,W,CRC
10/01/25 14:21:50,14.02,168.16,10.36,13.90,9.42,422.73,13.50,82.40,1005.00,0.81,1.41,1.88,47.30,0.55,1,13.16,0.00,79.41,1,0,15,-1,-3,STAT,60,LAT,LON,W,CRC
10/01/25 14:22:47,14.02,162.11,10.98,14.43,9.65,422.89,13.50,82.40,1005.00,0.94,1.79,2.23,39.30,0.47,1,13.16,0.00,76.57,1,0,14,0,-2,STAT,60,LAT,LON,W,CRC
10/01/25 14:23:50,14.02,159.57,13.77,14.36,10.00,422.96,13.50,82.00,1005.00,0.80,1.69,1.94,41.60,0.48,1,13.16,0.00,82.78,1,-2,12,0,-1,STAT,60,LAT,LON,W,CRC
10/01/25 14:24:47,14.02,161.25,13.25,14.65,9.95,422.99,13.50,82.40,1005.00,0.93,1.28,1.60,36.10,0.71,1,13.16,0.00,83.58,1,-2,13,-1,-1,STAT,60,LAT,LON,W,CRC
10/01/25 14:25:49,14.02,157.40,11.95,14.37,9.90,423.17,13.50,81.70,1005.00,0.95,1.28,1.60,47.10,1.07,1,13.16,0.00,85.45,1,-1,14,0,-2,STAT,60,LAT,LON,W,CRC
10/01/25 14:26:46,14.02,159.08,10.69,14.70,10.56,423.29,13.50,82.40,1005.00,0.74,1.36,1.47,48.10,1.21,1,13.16,0.00,84.38,1,-2,15,-1,-2,STAT,60,LAT,LON,W,CRC
10/01/25 14:27:49,14.02,160.55,10.75,14.78,9.75,423.65,13.50,82.50,1005.00,0.82,1.41,1.45,22.60,0.79,1,13.16,0.00,83.96,1,-1,15,-1,-2,STAT,60,LAT,LON,W,CRC
10/01/25 14:28:45,14.02,157.40,10.66,13.81,11.10,423.86,13.50,82.00,1005.00,0.94,1.50,1.54,25.40,0.49,1,13.16,0.00,79.30,1,-2,15,-1,-1,STAT,60,LAT,LON,W,CRC
10/01/25 14:29:47,14.02,156.99,13.68,13.72,11.63,423.95,13.40,82.20,1005.00,0.89,1.78,1.79,42.40,0.54,1,13.16,0.00,78.06,1,-3,12,-1,-2,STAT,60,LAT,LON,W,CRC
10/01/25 14:30:49,14.02,155.92,11.96,14.04,10.37,423.98,13.40,82.20,1005.00,0.96,1.87,2.01,47.30,0.96,1,13.16,0.00,76.47,1,-2,13,0,-2,STAT,60,LAT,LON,W,CRC
10/01/25 14:31:45,14.02,154.26,11.55,14.24,9.52,423.99,13.40,82.10,1005.00,0.93,1.51,1.56,57.20,0.67,1,13.16,0.00,77.57,1,-3,14,0,-2,STAT,60,LAT,LON,W,CRC
10/01/25 14:32:48,14.02,155.02,12.14,14.34,10.15,424.00,13.40,82.40,1005.00,0.91,1.48,1.50,62.70,0.33,1,13.16,0.00,82.14,1,-2,13,0,-2,STAT,60,LAT,LON,W,CRC
10/01/25 14:33:50,14.02,155.45,12.84,14.00,11.60,424.00,13.40,82.40,1005.00,0.94,1.71,2.02,53.50,0.63,1,13.16,0.00,79.51,1,-2,14,-1,-1,STAT,60,LAT,LON,W,CRC
10/01/25 14:34:47,14.02,155.23,11.76,14.31,10.66,424.00,13.40,81.90,1005.00,0.97,1.59,1.97,52.20,0.98,1,13.16,0.00,81.12,1,-2,14,-1,-2,STAT,60,LAT,LON,W,CRC
10/01/25 14:35:50,14.02,157.39,12.16,13.73,10.21,424.00,13.40,82.40,1005.00,0.86,1.46,1.88,32.50,0.71,1,13.16,0.00,77.81,1,-3,14,-1,-3,STAT,60,LAT,LON,W,CRC
10/01/25 14:36:51,14.02,156.58,10.85,13.65,9.13,424.00,13.40,82.10,1005.00,0.87,1.62,1.81,27.50,0.74,1,13.16,0.00,80.02,1,-2,14,-1,-2,STAT,60,LAT,LON,W,CRC
10/01/25 14:37:48,14.02,156.35,11.58,14.02,8.84,424.08,13.40,82.30,1005.00,0.89,1.63,1.75,19.40,0.46,1,13.16,0.00,84.16,1,-2,13,0,-2,STAT,60,LAT,LON,W,CRC
10/01/25 14:38:50,14.02,157.89,12.64,13.98,8.88,424.68,13.40,82.20,1006.00,0.59,1.40,1.44,40.30,0.74,1,13.16,0.00,84.13,1,-4,14,0,-3,STAT,60,LAT,LON,W,CRC
10/01/25 14:39:48,14.04,163.59,11.90,14.46,10.67,424.88,13.40,82.10,1006.00,0.76,1.83,1.84,46.70,0.60,1,13.16,0.00,78.27,1,-3,15,-1,-2,STAT,60,LAT,LON,W,CRC
10/01/25 14:40:49,14.05,160.71,11.19,14.55,9.77,424.96,13.40,81.70,1006.00,0.73,1.65,1.80,47.70,0.72,1,13.16,0.00,85.03,1,-4,15,-2,-2,STAT,60,LAT,LON,W,CRC
10/01/25 14:41:46,14.06,161.30,11.40,14.05,11.66,424.58,13.40,81.50,1006.00,0.79,1.83,2.09,53.60,0.85,1,13.16,0.00,79.87,1,-4,15,-1,-2,STAT,60,LAT,LON,W,CRC
10/01/25 14:42:49,14.08,167.77,12.15,13.83,11.37,424.33,13.40,82.00,1006.00,0.65,1.33,1.43,53.70,1.00,1,13.16,0.00,84.21,1,-4,14,-1,-2,STAT,60,LAT,LON,W,CRC
10/01/25 14:43:50,14.09,168.75,12.85,14.32,10.21,424.20,13.50,82.20,1006.00,0.42,1.08,1.23,46.80,0.68,1,13.16,0.00,77.33,1,-4,14,-1,-1,STAT,60,LAT,LON,W,CRC
10/01/25 14:44:47,14.09,168.79,11.32,14.47,8.49,424.69,13.50,82.00,1006.00,0.34,1.22,1.28,33.10,0.44,1,13.16,0.00,77.34,1,-6,15,0,-2,STAT,60,LAT,LON,W,CRC
10/01/25 14:45:49,14.09,204.77,12.38,12.78,11.03,424.89,13.50,82.40,1006.00,0.72,1.49,1.50,30.90,0.39,1,13.16,0.00,77.66,1,-6,14,-1,-2,STAT,60,LAT,LON,W,CRC
10/01/25 14:46:46,14.09,245.29,9.67,13.92,10.08,424.96,13.50,82.00,1006.00,0.61,1.04,1.05,40.40,0.61,1,13.16,0.00,77.11,1,-4,16,0,-2,STAT,60,LAT,LON,W,CRC
10/01/25 14:47:51,14.10,203.77,10.32,14.40,9.13,424.99,13.50,82.10,1006.00,0.84,1.55,1.61,33.90,0.55,1,13.16,0.00,77.23,1,-3,16,0,-2,STAT,60,LAT,LON,W,CRC
10/01/25 14:48:48,14.11,180.57,9.87,14.09,10.27,424.99,13.60,81.50,1006.00,0.48,0.88,0.96,15.20,0.47,1,13.16,0.00,75.47,1,-4,16,0,-1,STAT,60,LAT,LON,W,CRC
10/01/25 14:49:49,14.11,166.69,8.68,14.00,9.94,425.00,13.60,81.70,1006.00,0.22,0.43,0.55,17.50,0.49,1,13.16,0.00,77.85,1,-4,17,-1,-2,STAT,60,LAT,LON,W,CRC
10/01/25 14:50:51,14.12,183.77,10.77,14.17,8.74,425.00,13.60,82.30,1006.00,0.65,0.79,1.53,36.30,0.49,1,13.16,0.00,82.16,1,-3,16,0,-2,STAT,60,LAT,LON,W,CRC
10/01/25 14:51:47,14.12,175.44,11.34,14.15,10.38,425.00,13.60,81.80,1006.00,0.73,1.17,1.62,32.60,0.28,1,13.16,0.00,78.27,1,-5,16,0,-2,STAT,60,LAT,LON,W,CRC
10/01/25 14:52:49,14.12,166.25,10.27,14.00,10.18,425.00,13.60,82.10,1006.00,0.38,0.88,1.03,33.80,0.43,1,13.16,0.00,77.65,1,-5,16,0,-1,STAT,60,LAT,LON,W,CRC
10/01/25 14:53:52,14.12,158.40,12.01,14.17,8.89,425.00,13.70,82.10,1006.00,0.23,0.87,1.07,44.10,0.29,1,13.16,0.00,84.29,1,-4,14,0,-2,STAT,60,LAT,LON,W,CRC
10/01/25 14:54:48,14.12,157.97,11.90,14.59,9.13,425.29,13.70,81.90,1006.00,0.17,0.46,0.54,90.50,0.29,1,13.16,0.00,80.26,1,-3,14,0,-2,STAT,60,LAT,LON,W,CRC
10/01/25 14:55:49,14.12,162.16,9.07,13.92,9.05,425.21,13.70,81.80,1006.00,0.64,1.13,1.16,57.70,0.28,1,13.16,0.00,80.81,1,-6,16,0,-3,STAT,60,LAT,LON,W,CRC
10/01/25 14:56:51,14.12,158.35,11.21,14.09,8.22,425.07,13.70,81.60,1006.00,0.76,1.29,1.47,50.10,0.43,1,13.16,0.00,77.53,1,-4,15,-1,-3,STAT,60,LAT,LON,W,CRC
10/01/25 14:57:49,14.12,156.10,11.92,14.83,7.98,425.03,13.70,81.90,1006.00,0.59,1.32,1.39,40.50,0.54,1,13.16,0.00,75.41,1,-3,14,0,-2,STAT,60,LAT,LON,W,CRC
10/01/25 14:58:51,14.12,166.14,11.62,14.58,7.63,425.24,13.70,82.20,1006.00,0.38,0.97,1.00,28.50,0.60,1,13.16,0.00,75.36,1,-4,14,0,-2,STAT,60,LAT,LON,W,CRC
10/01/25 14:59:52,14.12,166.05,11.99,14.71,8.90,425.15,13.70,81.90,1006.00,0.41,1.00,1.13,33.80,0.58,1,13.16,0.00,75.50,1,-4,14,-1,-1,STAT,60,LAT,LON,W,CRC
10/01/25 15:00:50,14.12,175.16,11.65,14.81,9.16,425.83,13.70,82.50,1006.00,0.42,1.12,1.62,33.10,0.61,1,13.16,0.00,76.29,1,-5,14,-1,-1,STAT,60,LAT,LON,W,CRC
10/01/25 15:01:52,14.12,178.38,12.21,15.81,8.84,426.59,13.60,82.30,1006.00,0.67,1.54,2.26,48.90,0.83,1,13.16,0.00,75.11,1,-4,14,-1,-1,STAT,60,LAT,LON,W,CRC
10/01/25 15:02:49,14.12,188.84,10.79,15.73,8.55,427.39,13.60,82.20,1006.00,0.68,1.49,1.86,35.90,0.81,1,13.16,0.00,76.81,1,-3,16,-1,-2,STAT,60,LAT,LON,W,CRC
10/01/25 15:03:50,14.12,186.47,11.67,16.73,6.47,427.38,13.60,82.30,1006.00,0.90,1.94,2.09,30.50,0.87,1,13.16,0.00,75.17,1,-4,15,-1,-2,STAT,60,LAT,LON,W,CRC
10/01/25 15:04:52,14.12,193.60,12.77,16.57,7.08,427.76,13.50,83.10,1006.00,0.90,1.70,1.85,25.70,0.63,1,13.16,0.00,81.84,1,-6,14,0,-2,STAT,60,LAT,LON,W,CRC
10/01/25 15:05:49,14.12,193.31,11.39,15.85,8.10,429.42,13.50,83.70,1006.00,0.30,0.82,1.30,48.50,0.67,1,13.16,0.00,82.97,1,-5,16,-1,-2,STAT,60,LAT,LON,W,CRC
10/01/25 15:06:52,14.12,190.61,11.00,16.08,7.60,430.44,13.40,83.50,1006.00,0.53,0.98,1.14,54.50,0.69,1,13.16,0.00,78.14,1,-4,15,0,-2,STAT,60,LAT,LON,W,CRC
10/01/25 15:07:50,14.12,186.44,10.75,16.64,6.91,431.97,13.40,84.00,1006.00,0.85,1.57,1.63,40.60,0.60,1,13.16,0.00,78.92,1,-3,14,0,-3,STAT,60,LAT,LON,W,CRC
10/01/25 15:08:53,14.12,182.73,11.19,16.52,7.12,433.83,13.40,83.80,1006.00,0.74,1.44,1.51,43.80,0.64,1,13.16,0.00,79.87,1,-4,14,0,-2,STAT,60,LAT,LON,W,CRC
10/01/25 15:09:49,14.12,184.22,12.15,17.61,6.17,434.78,13.40,84.10,1006.00,0.91,1.62,2.02,44.40,0.62,1,13.16,0.00,77.11,1,-3,15,0,-3,STAT,60,LAT,LON,W,CRC
10/01/25 15:10:52,14.12,187.76,12.26,18.47,5.82,436.07,13.30,83.90,1006.00,1.05,1.95,2.08,35.30,0.60,1,13.16,0.00,76.85,1,-4,15,0,-1,STAT,60,LAT,LON,W,CRC
10/01/25 15:11:53,14.12,184.55,11.11,17.88,5.95,436.54,13.30,83.70,1006.00,0.88,1.97,2.36,29.00,0.43,1,13.16,0.61,75.31,1,-4,15,0,-1,STAT,60,LAT,LON,W,CRC
10/01/25 15:12:55,14.12,179.72,12.90,16.96,7.11,436.84,13.40,83.50,1006.00,0.81,1.85,1.99,16.80,0.40,1,13.16,2.27,74.37,1,-3,14,-1,-1,STAT,60,LAT,LON,W,CRC
10/01/25 15:13:52,14.12,180.79,11.87,16.05,6.30,436.58,13.30,83.50,1006.00,0.94,2.14,2.19,21.20,0.40,1,13.16,3.19,75.29,1,-5,15,-1,-3,STAT,60,LAT,LON,W,CRC
10/01/25 15:14:50,14.12,180.17,11.61,16.67,6.40,435.68,13.30,84.10,1006.00,0.95,1.88,1.90,36.50,0.75,1,13.16,5.43,79.17,1,-2,14,-1,-1,STAT,60,LAT,LON,W,CRC
10/01/25 15:15:52,14.12,183.37,11.11,16.61,6.34,435.98,13.30,84.20,1006.00,1.36,2.48,2.61,33.00,0.71,1,13.16,8.41,81.74,1,-3,15,0,-2,STAT,60,LAT,LON,W,CRC
10/01/25 15:16:55,14.11,179.66,11.33,16.21,6.83,435.99,13.30,84.20,1006.00,1.41,2.48,2.88,34.00,0.53,1,13.20,11.66,83.11,1,-3,15,-1,-1,STAT,60,LAT,LON,W,CRC
10/01/25 15:17:51,14.10,176.93,12.44,15.84,5.72,436.00,13.30,84.10,1006.00,1.17,2.19,2.73,26.70,0.44,1,13.20,14.89,77.32,1,-3,14,-1,-2,STAT,60,LAT,LON,W,CRC
10/01/25 15:18:53,14.09,180.69,12.37,15.91,8.65,435.66,13.30,84.00,1006.00,0.96,1.87,2.10,353.70,0.48,1,13.20,19.10,77.92,1,-4,14,-1,-1,STAT,60,LAT,LON,W,CRC
10/01/25 15:19:50,14.07,187.21,10.06,15.61,8.30,435.25,13.30,84.20,1006.00,0.93,1.72,1.80,26.40,0.53,1,13.20,20.99,80.41,1,-3,15,0,-1,STAT,60,LAT,LON,W,CRC
10/01/25 15:20:55,14.04,198.96,11.52,15.81,9.03,435.09,13.30,84.20,1006.00,0.86,1.82,2.39,10.20,0.46,1,13.20,20.17,84.18,1,-3,15,0,-1,STAT,60,LAT,LON,W,CRC
10/01/25 15:21:55,14.03,208.01,12.43,15.54,7.94,435.03,13.30,84.80,1006.00,0.92,1.84,2.16,38.00,0.57,1,13.20,21.26,76.31,1,-3,14,-1,-2,STAT,60,LAT,LON,W,CRC
10/01/25 15:22:52,14.02,206.14,12.21,15.41,6.78,435.31,13.30,85.10,1006.00,0.87,1.70,1.94,47.90,0.42,1,13.20,25.02,82.87,1,-3,14,0,-2,STAT,60,LAT,LON,W,CRC
10/01/25 15:23:54,14.02,210.80,12.74,15.90,6.52,436.34,13.30,85.10,1006.00,1.11,2.00,2.65,47.50,0.50,1,13.20,35.53,83.73,1,-3,14,0,-2,STAT,60,LAT,LON,W,CRC
10/01/25 15:24:51,14.02,216.71,12.92,15.56,7.22,436.75,13.30,83.60,1006.00,1.37,1.96,2.58,36.90,0.67,1,13.20,46.63,76.95,1,-5,13,-1,-2,STAT,60,LAT,LON,W,CRC
10/01/25 15:25:53,14.02,219.06,11.50,14.76,9.91,436.56,13.30,83.40,1006.00,0.93,1.69,2.01,354.70,0.57,1,13.20,54.94,80.71,1,-5,13,-1,-1,STAT,60,LAT,LON,W,CRC
10/01/25 15:26:55,14.02,218.69,11.48,15.00,8.95,435.74,13.30,82.50,1006.00,0.98,1.89,2.02,31.40,0.53,1,13.20,58.50,86.01,1,-6,14,0,-1,STAT,60,LAT,LON,W,CRC
10/01/25 15:27:51,14.02,220.09,12.93,15.53,9.39,435.29,13.30,83.40,1006.00,0.93,1.90,1.94,49.40,0.85,1,13.20,58.20,85.37,1,-6,13,0,-1,STAT,60,LAT,LON,W,CRC
10/01/25 15:28:53,14.02,217.38,12.46,14.23,11.02,435.28,13.40,82.00,1006.00,0.98,1.85,1.99,49.10,1.02,1,13.20,57.99,78.30,1,-6,14,-1,-1,STAT,60,LAT,LON,W,CRC
10/01/25 15:29:56,14.02,218.65,12.14,14.34,9.95,434.41,13.40,82.30,1006.00,0.96,1.92,2.15,46.80,0.92,1,13.20,53.71,77.79,1,-5,14,0,-2,STAT,60,LAT,LON,W,CRC
10/01/25 15:30:53,14.02,221.66,12.65,14.66,9.78,433.54,13.40,82.30,1006.00,0.98,1.69,2.19,40.50,0.89,1,13.20,46.85,80.81,1,-6,13,0,-2,STAT,60,LAT,LON,W,CRC
10/01/25 15:31:55,14.02,215.36,13.04,13.51,11.51,432.78,13.50,81.20,1006.00,0.81,1.53,1.81,43.00,0.96,1,13.20,38.45,83.57,1,-6,14,0,-1,STAT,60,LAT,LON,W,CRC
10/01/25 15:32:52,14.03,201.59,13.15,13.78,12.11,431.60,13.60,80.90,1006.00,0.94,1.57,1.72,41.20,1.00,1,13.20,32.07,82.19,1,-4,14,0,-1,STAT,60,LAT,LON,W,CRC
10/01/25 15:33:54,14.06,191.71,12.24,14.60,10.42,429.70,13.60,81.80,1006.00,0.85,1.35,1.40,49.00,0.73,1,13.20,26.70,88.43,1,-2,14,0,-2,STAT,60,LAT,LON,W,CRC
10/01/25 15:34:50,14.09,195.31,10.94,14.52,10.37,429.11,13.60,81.70,1006.00,0.53,1.30,1.65,50.40,0.84,1,13.20,23.00,81.11,1,-5,15,0,-2,STAT,60,LAT,LON,W,CRC
10/01/25 15:35:52,14.10,191.01,9.44,14.49,9.90,428.46,13.70,82.00,1006.00,0.45,1.15,1.37,33.80,0.67,1,13.20,19.24,80.21,1,-2,17,0,-1,STAT,60,LAT,LON,W,CRC
10/01/25 15:36:54,14.11,194.64,11.18,13.98,9.79,427.79,13.70,81.80,1006.00,0.16,0.47,0.63,43.10,0.55,1,13.20,16.39,80.29,1,-3,15,0,-2,STAT,60,LAT,LON,W,CRC
10/01/25 15:37:50,14.11,189.69,10.70,13.01,9.51,427.69,13.70,81.10,1006.00,0.39,0.79,1.14,55.00,0.26,1,13.20,14.28,79.61,1,-1,15,-1,-3,STAT,60,LAT,LON,W,CRC
10/01/25 15:38:53,14.12,190.69,9.74,14.41,8.49,427.27,13.70,82.00,1006.00,0.39,1.63,2.04,25.90,0.43,1,13.20,13.55,84.33,1,-2,16,-1,-2,STAT,60,LAT,LON,W,CRC
10/01/25 15:39:55,14.12,188.93,11.20,13.93,9.72,427.10,13.80,81.10,1006.00,0.42,1.47,1.60,30.80,0.27,1,13.20,15.03,86.89,1,-2,15,0,-2,STAT,60,LAT,LON,W,CRC
10/01/25 15:40:54,14.12,197.92,11.80,13.42,12.13,427.26,13.80,81.10,1006.00,0.20,1.07,1.12,5.70,0.26,1,13.20,15.79,82.52,1,-2,15,-1,-1,STAT,60,LAT,LON,W,CRC
10/01/25 15:41:56,14.12,209.62,12.17,12.83,11.48,427.74,13.80,81.30,1006.00,0.46,0.93,0.94,48.00,0.41,1,13.20,13.95,79.36,1,-3,13,-1,-2,STAT,60,LAT,LON,W,CRC
10/01/25 15:42:52,14.12,230.97,12.97,13.01,11.93,428.44,13.80,81.50,1006.00,0.68,1.19,1.23,50.20,1.04,1,13.20,15.16,75.66,1,-3,14,-1,-2,STAT,60,LAT,LON,W,CRC
10/01/25 15:43:54,14.16,221.02,12.72,13.62,11.04,429.45,13.80,81.60,1006.00,0.43,1.38,2.27,45.20,0.87,1,13.20,16.98,80.69,1,-1,14,-1,-2,STAT,60,LAT,LON,W,CRC
10/01/25 15:44:56,14.19,205.04,12.39,14.20,9.08,429.81,13.80,81.50,1006.00,0.47,1.59,2.00,41.40,0.68,1,13.20,14.30,84.61,1,-2,13,0,-2,STAT,60,LAT,LON,W,CRC
10/01/25 15:45:53,14.20,200.39,12.28,14.74,7.52,429.93,13.80,81.20,1006.00,0.53,1.25,1.90,32.40,0.53,1,13.20,13.34,84.27,1,-1,13,0,-3,STAT,60,LAT,LON,W,CRC
10/01/25 15:46:55,14.21,225.48,12.51,14.37,7.95,429.97,13.80,81.10,1006.00,0.30,1.07,1.52,27.40,0.51,1,13.20,13.58,77.61,1,-1,14,-1,-2,STAT,60,LAT,LON,W,CRC
10/01/25 15:47:53,14.21,256.64,12.23,14.33,9.64,429.99,13.80,82.10,1006.00,0.42,1.21,1.46,46.20,0.72,1,13.20,14.92,81.74,1,-2,15,0,-1,STAT,60,LAT,LON,W,CRC
10/01/25 15:48:55,14.21,277.44,12.28,15.35,8.23,430.73,13.80,82.10,1006.00,0.79,1.50,2.21,45.70,0.76,1,13.20,14.62,79.56,1,-1,14,-1,-2,STAT,60,LAT,LON,W,CRC
10/01/25 15:49:57,14.21,264.85,13.90,14.25,9.43,431.76,13.80,80.10,1006.00,0.58,1.37,1.69,37.60,0.97,1,13.20,17.47,76.96,1,-2,12,-1,-2,STAT,60,LAT,LON,W,CRC
10/01/25 15:50:54,14.21,236.26,12.09,13.51,9.35,430.74,13.80,80.30,1006.00,0.62,1.13,1.26,30.00,0.68,1,13.20,19.09,83.16,1,-1,15,0,-2,STAT,60,LAT,LON,W,CRC
10/01/25 15:51:56,14.21,235.22,13.71,13.65,9.84,430.16,13.80,80.70,1006.00,0.83,1.87,2.04,46.10,1.05,1,13.20,22.06,85.31,1,-2,13,-1,-3,STAT,60,LAT,LON,W,CRC
10/01/25 15:52:58,14.21,245.79,14.10,14.32,10.10,431.08,13.80,80.00,1006.00,0.98,1.75,1.97,48.00,1.01,1,13.20,25.07,87.13,1,-1,14,-1,-2,STAT,60,LAT,LON,W,CRC
