DATE,TE,CO,NO,NO2,O3,CO2,T,RH,PM1.0,PM2.5,PM10,WD,WS,PWR,BATT,CHRG,RUN,SD,RAW,139,50,0,-10,6,0,0.00000,0.00000,0,3427631153
03/13/26 03:58:08,23.09,190.92,18.86,11.11,4.80,418.00,21.90,25.70,0.00,0.52,0.54,0.00,0.00,1,13.91,0.20,31.06,1,-8,25,2,1,STAT,60,LAT,LON,W,CRC
03/13/26 03:59:08,23.09,198.36,19.09,10.32,5.55,418.00,21.90,25.70,0.00,0.16,0.17,0.00,0.00,1,13.87,0.06,27.03,1,-11,25,2,1,STAT,60,LAT,LON,W,CRC
03/13/26 04:00:08,23.09,193.14,20.21,10.59,3.97,417.85,21.90,25.70,0.00,0.40,0.40,0.00,0.00,1,13.87,0.02,26.95,1,-9,23,1,0,STAT,60,LAT,LON,W,CRC
03/13/26 04:01:08,23.11,192.18,19.31,10.30,5.29,417.95,21.90,25.70,0.00,0.33,0.33,0.00,0.00,1,14.12,243.20,27.63,1,-8,25,1,1,STAT,60,LAT,LON,W,CRC
03/13/26 04:02:08,23.14,192.64,18.17,10.54,4.95,417.98,21.90,25.80,0.24,0.62,0.62,0.00,0.00,1,14.09,129.96,28.93,1,-9,26,1,1,STAT,60,LAT,LON,W,CRC
03/13/26 04:03:08,23.16,196.30,18.27,11.38,4.05,417.99,21.90,25.70,0.12,0.53,0.53,0.00,0.00,1,14.02,36.70,30.28,1,-10,25,2,0,STAT,60,LAT,LON,W,CRC
03/13/26 04:04:09,23.17,199.37,18.10,11.99,2.90,418.00,21.90,25.80,0.04,0.24,0.24,0.00,0.00,1,13.98,10.37,35.71,1,-11,25,2,1,STAT,60,LAT,LON,W,CRC
03/13/26 04:05:09,23.17,190.29,17.95,11.83,2.57,418.00,22.00,25.80,0.01,0.55,0.55,0.00,0.00,1,13.95,2.93,30.82,1,-8,27,2,0,STAT,60,LAT,LON,W,CRC
03/13/26 04:06:09,23.17,186.43,17.92,11.06,4.14,417.84,22.00,25.80,0.00,0.28,0.28,0.00,0.00,1,13.91,0.83,29.73,1,-7,27,2,0,STAT,60,LAT,LON,W,CRC
03/13/26 04:07:09,23.18,190.65,18.36,10.70,4.84,417.30,22.00,25.80,0.00,0.09,0.09,0.00,0.00,1,13.91,0.23,28.89,1,-8,26,2,1,STAT,60,LAT,LON,W,CRC
03/13/26 04:08:10,23.18,197.23,18.41,11.61,3.28,417.37,22.00,25.80,0.09,0.46,0.46,0.00,0.00,1,13.87,0.07,26.73,1,-9,26,2,1,STAT,60,LAT,LON,W,CRC
03/13/26 04:09:09,23.19,196.32,17.92,11.24,3.86,417.42,22.00,25.80,0.06,0.43,0.43,0.00,0.00,1,13.87,0.02,30.67,1,-9,27,1,1,STAT,60,LAT,LON,W,CRC
03/13/26 04:10:09,23.18,196.55,17.84,9.70,5.54,417.15,22.00,25.80,0.40,0.53,0.53,0.00,0.00,1,14.16,189.97,30.09,1,-9,27,1,1,STAT,60,LAT,LON,W,CRC
03/13/26 04:11:09,23.19,200.00,18.71,11.03,3.94,417.05,22.00,25.80,0.17,0.44,0.60,0.00,0.00,1,14.05,105.31,31.00,1,-10,26,2,2,STAT,60,LAT,LON,W,CRC
03/13/26 04:12:09,23.19,198.09,18.83,10.85,4.30,417.02,22.00,25.70,0.06,0.83,1.04,0.00,0.00,1,14.02,29.74,29.78,1,-9,26,1,1,STAT,60,LAT,LON,W,CRC
03/13/26 04:13:09,23.19,197.97,19.95,10.54,3.60,417.01,22.00,25.70,0.41,1.09,1.16,0.00,0.00,1,13.98,8.40,29.05,1,-8,25,1,0,STAT,60,LAT,LON,W,CRC
03/13/26 04:14:10,23.19,194.70,19.78,10.43,4.30,417.00,22.00,25.60,0.70,1.46,1.49,0.00,0.00,1,13.95,2.37,32.49,1,-7,25,2,1,STAT,60,LAT,LON,W,CRC
03/13/26 04:15:11,23.19,198.61,18.85,10.98,2.61,417.00,22.00,25.70,0.85,1.77,1.78,0.00,0.00,1,13.91,0.67,29.99,1,-7,26,2,0,STAT,60,LAT,LON,W,CRC
03/13/26 04:16:11,23.19,198.03,19.23,10.84,4.12,417.00,22.00,25.50,0.37,1.23,1.23,0.00,0.00,1,13.91,0.19,29.91,1,-8,25,1,1,STAT,60,LAT,LON,W,CRC
03/13/26 04:17:11,23.22,199.51,18.75,10.24,3.83,417.00,22.10,25.50,0.64,1.22,1.22,0.00,0.00,1,13.91,0.05,26.74,1,-8,27,2,0,STAT,60,LAT,LON,W,CRC
03/13/26 04:18:11,23.25,202.29,18.12,9.73,4.02,417.00,22.10,25.50,0.64,1.30,1.31,0.00,0.00,1,13.87,0.02,27.72,1,-8,27,2,1,STAT,60,LAT,LON,W,CRC
03/13/26 04:19:10,23.26,198.01,18.74,9.73,4.70,417.00,22.10,25.40,0.73,1.32,1.32,0.00,0.00,1,14.19,317.72,35.44,1,-7,26,2,1,STAT,60,LAT,LON,W,CRC
03/13/26 04:20:10,23.27,200.45,17.99,10.28,2.89,417.00,22.10,25.30,0.42,0.85,0.85,0.00,0.00,1,14.05,89.73,32.19,1,-7,27,1,1,STAT,60,LAT,LON,W,CRC
03/13/26 04:21:10,23.27,203.72,19.08,10.91,2.75,417.19,22.10,25.30,0.23,0.47,0.47,0.00,0.00,1,13.98,25.34,30.00,1,-8,27,2,1,STAT,60,LAT,LON,W,CRC
03/13/26 04:22:10,23.27,204.28,18.47,10.39,2.83,417.07,22.10,25.30,0.13,0.42,0.50,0.00,0.00,1,13.98,7.16,30.05,1,-8,26,1,1,STAT,60,LAT,LON,W,CRC
03/13/26 04:23:10,23.28,204.02,17.77,10.66,3.53,417.02,22.10,25.30,0.09,0.43,0.62,0.00,0.00,1,13.95,2.02,28.19,1,-7,28,2,1,STAT,60,LAT,LON,W,CRC
03/13/26 04:24:11,23.29,199.50,18.22,10.87,3.37,417.01,22.10,25.30,0.44,0.87,0.93,0.00,0.00,1,13.91,0.57,36.37,1,-6,28,3,1,STAT,60,LAT,LON,W,CRC
03/13/26 04:25:11,23.29,200.19,18.60,10.77,3.02,417.00,22.10,25.30,0.37,0.72,0.73,0.00,0.00,1,13.91,0.16,31.44,1,-7,27,1,1,STAT,60,LAT,LON,W,CRC
03/13/26 04:26:11,23.29,196.23,19.07,11.33,2.00,416.77,22.10,25.20,0.11,0.61,0.61,0.00,0.00,1,13.87,0.05,28.55,1,-6,27,1,1,STAT,60,LAT,LON,W,CRC
03/13/26 04:27:11,23.29,193.13,19.19,10.77,2.80,416.27,22.10,25.30,0.05,0.27,0.28,0.00,0.00,1,13.87,0.01,27.20,1,-6,26,2,1,STAT,60,LAT,LON,W,CRC
03/13/26 04:28:11,23.29,197.62,18.76,10.70,2.71,416.10,22.10,25.20,0.02,0.23,0.23,0.00,0.00,1,14.09,137.42,27.41,1,-7,27,2,1,STAT,60,LAT,LON,W,CRC
03/13/26 04:29:13,23.29,195.66,19.35,10.36,2.86,416.03,22.10,25.20,0.13,0.39,0.39,0.00,0.00,1,14.09,124.45,31.66,1,-7,26,2,1,STAT,60,LAT,LON,W,CRC
03/13/26 04:30:13,23.29,193.35,19.20,10.69,2.52,416.01,22.10,25.10,0.04,0.25,0.31,0.00,0.00,1,14.02,35.15,30.34,1,-6,25,1,0,STAT,60,LAT,LON,W,CRC
03/13/26 04:31:13,23.29,193.20,18.34,11.35,1.03,415.84,22.10,25.20,0.05,0.24,0.26,0.00,0.00,1,13.98,9.93,28.01,1,-6,27,2,0,STAT,60,LAT,LON,W,CRC
03/13/26 04:32:13,23.29,194.73,19.28,11.18,2.87,415.91,22.10,25.10,0.02,0.70,0.71,0.00,0.00,1,13.95,2.80,31.90,1,-7,25,2,1,STAT,60,LAT,LON,W,CRC
03/13/26 04:33:13,23.29,192.78,19.88,10.70,4.06,415.93,22.10,25.20,0.19,0.87,0.87,0.00,0.00,1,13.95,0.79,29.82,1,-6,25,1,1,STAT,60,LAT,LON,W,CRC
03/13/26 04:34:13,23.29,188.52,19.73,10.59,4.12,415.98,22.10,25.20,0.06,0.37,0.37,0.00,0.00,1,13.91,0.22,32.39,1,-5,25,2,1,STAT,60,LAT,LON,W,CRC
03/13/26 04:35:13,23.29,193.85,19.50,11.42,2.24,415.99,22.00,25.20,0.02,0.12,0.53,0.00,0.00,1,13.87,0.06,28.92,1,-7,25,2,1,STAT,60,LAT,LON,W,CRC
03/13/26 04:36:13,23.29,190.32,19.05,11.01,2.10,416.00,22.00,25.20,0.01,0.28,0.51,0.00,0.00,1,13.87,0.02,28.04,1,-6,26,2,1,STAT,60,LAT,LON,W,CRC
03/13/26 04:37:13,23.29,189.51,18.67,11.09,1.06,416.00,22.00,25.20,0.00,0.24,0.31,0.00,0.00,1,13.87,0.01,28.39,1,-6,26,1,1,STAT,60,LAT,LON,W,CRC
03/13/26 04:38:14,23.29,187.34,18.07,10.22,2.52,416.00,22.00,25.20,0.09,0.20,0.22,0.00,0.00,1,14.09,181.15,32.22,1,-5,26,2,1,STAT,60,LAT,LON,W,CRC
03/13/26 04:39:14,23.29,187.11,18.59,9.41,3.06,416.00,22.00,25.30,0.03,0.17,0.18,0.00,0.00,1,14.02,51.16,32.35,1,-5,26,2,1,STAT,60,LAT,LON,W,CRC
03/13/26 04:40:09,23.29,189.14,19.41,10.55,1.66,416.00,22.00,25.30,0.01,0.21,0.21,0.00,0.00,1,13.98,16.06,32.19,1,-6,25,2,1,STAT,60,LAT,LON,W,CRC
03/13/26 04:41:09,23.29,189.60,18.90,10.18,2.19,416.00,22.00,25.30,0.00,0.21,0.22,0.00,0.00,1,13.95,4.53,32.19,1,-6,24,2,1,STAT,60,LAT,LON,W,CRC
03/13/26 04:42:09,23.29,187.31,20.13,10.58,1.38,416.00,21.90,25.30,0.00,0.36,0.44,0.00,0.00,1,13.91,1.28,28.77,1,-4,25,2,0,STAT,60,LAT,LON,W,CRC
03/13/26 04:43:09,23.29,189.29,19.86,11.15,1.42,416.00,21.90,25.30,0.00,0.28,0.32,0.00,0.00,1,13.91,0.36,27.36,1,-6,25,3,0,STAT,60,LAT,LON,W,CRC
03/13/26 04:44:09,23.29,187.98,18.36,12.10,0.56,415.38,21.90,25.40,0.03,0.67,0.68,0.00,0.00,1,13.91,0.10,27.75,1,-5,26,3,1,STAT,60,LAT,LON,W,CRC
03/13/26 04:45:10,23.29,189.81,18.58,11.74,0.71,415.22,21.90,25.40,0.01,0.56,0.68,0.00,0.00,1,13.87,0.03,32.10,1,-6,26,2,1,STAT,60,LAT,LON,W,CRC
03/13/26 04:46:10,23.28,187.61,18.40,11.70,-0.16,415.31,21.90,25.40,0.00,0.57,0.61,0.00,0.00,1,13.87,0.01,28.77,1,-5,26,2,1,STAT,60,LAT,LON,W,CRC
03/13/26 04:47:10,23.28,184.99,18.99,11.77,1.07,415.72,21.90,25.40,0.00,0.25,0.26,0.00,0.00,1,14.12,177.21,27.59,1,-5,25,1,1,STAT,60,LAT,LON,W,CRC
03/13/26 04:48:10,23.28,192.50,17.89,11.20,0.53,415.90,21.90,25.50,0.17,0.76,1.32,0.00,0.00,1,14.02,50.05,30.81,1,-6,26,2,0,STAT,60,LAT,LON,W,CRC
03/13/26 04:49:10,23.28,189.20,19.52,10.87,1.84,415.97,21.90,25.60,0.27,0.61,0.79,0.00,0.00,1,13.98,14.14,30.93,1,-5,24,2,1,STAT,60,LAT,LON,W,CRC
03/13/26 04:50:11,23.27,192.16,18.89,10.10,3.60,415.99,21.80,25.60,0.16,0.58,0.64,0.00,0.00,1,13.95,3.99,37.06,1,-6,25,2,2,STAT,60,LAT,LON,W,CRC
03/13/26 04:51:11,23.27,192.18,20.77,10.09,2.91,416.00,21.80,25.60,0.05,0.76,0.78,0.00,0.00,1,13.95,1.13,30.45,1,-6,23,3,1,STAT,60,LAT,LON,W,CRC
03/13/26 04:52:11,23.25,194.38,19.50,10.73,1.62,416.00,21.80,25.60,0.02,0.43,0.58,0.00,0.00,1,13.91,0.32,29.89,1,-6,24,2,1,STAT,60,LAT,LON,W,CRC
03/13/26 04:53:11,23.22,189.90,18.44,10.63,1.42,415.92,21.80,25.60,0.08,0.54,0.71,0.00,0.00,1,13.91,0.09,28.99,1,-5,25,2,1,STAT,60,LAT,LON,W,CRC
03/13/26 04:54:11,23.20,192.08,16.73,10.67,2.65,415.82,21.70,25.70,0.02,0.42,0.47,0.00,0.00,1,13.87,0.03,29.26,1,-5,27,1,2,STAT,60,LAT,LON,W,CRC
03/13/26 04:55:12,23.19,189.48,18.90,10.70,2.87,415.63,21.70,25.70,0.19,0.51,0.53,0.00,0.00,1,14.02,166.14,35.20,1,-4,25,2,2,STAT,60,LAT,LON,W,CRC
03/13/26 04:56:12,23.19,191.36,19.67,10.73,2.36,415.26,21.70,25.70,0.21,0.58,0.75,0.00,0.00,1,14.09,148.96,28.67,1,-5,24,1,1,STAT,60,LAT,LON,W,CRC
03/13/26 04:57:12,23.19,192.85,19.90,9.91,2.66,414.93,21.70,25.70,0.31,0.45,0.50,0.00,0.00,1,14.02,42.07,28.45,1,-6,24,1,1,STAT,60,LAT,LON,W,CRC
03/13/26 04:58:13,23.19,193.10,19.00,10.53,2.53,414.33,21.70,25.80,0.10,0.56,0.58,0.00,0.00,1,13.98,11.88,29.16,1,-6,24,2,1,STAT,60,LAT,LON,W,CRC
03/13/26 04:59:13,23.19,193.46,19.02,10.68,2.47,414.20,21.70,25.80,0.19,0.47,0.47,0.00,0.00,1,13.95,3.36,29.83,1,-7,22,2,1,STAT,60,LAT,LON,W,CRC
03/13/26 05:00:12,23.19,193.27,18.15,11.10,1.48,414.07,21.70,25.80,0.06,0.71,0.71,0.00,0.00,1,13.91,0.95,35.83,1,-6,24,1,1,STAT,60,LAT,LON,W,CRC
03/13/26 05:01:12,23.18,191.66,18.73,10.20,2.84,414.03,21.60,25.80,0.11,0.67,0.67,0.00,0.00,1,13.91,0.27,31.14,1,-6,24,1,1,STAT,60,LAT,LON,W,CRC
03/13/26 05:02:12,23.18,194.17,19.11,10.28,2.61,414.01,21.60,25.90,0.03,0.28,0.28,0.00,0.00,1,13.91,0.08,29.17,1,-7,24,1,1,STAT,60,LAT,LON,W,CRC
03/13/26 05:03:12,23.17,192.52,18.28,10.64,3.42,414.00,21.60,25.90,0.01,0.09,0.09,0.00,0.00,1,13.87,0.02,30.70,1,-7,24,2,1,STAT,60,LAT,LON,W,CRC
03/13/26 05:04:12,23.17,189.36,17.93,11.45,1.70,414.00,21.60,26.00,0.00,0.05,0.05,0.00,0.00,1,13.87,0.01,31.31,1,-5,25,2,1,STAT,60,LAT,LON,W,CRC
03/13/26 05:05:13,23.15,191.05,19.17,10.86,3.25,414.00,21.60,26.00,0.00,0.05,0.05,0.00,0.00,1,14.12,213.60,29.84,1,-7,23,2,1,STAT,60,LAT,LON,W,CRC
03/13/26 05:06:14,23.11,187.22,19.24,10.36,2.74,414.00,21.60,25.90,0.00,0.17,0.17,0.00,0.00,1,14.02,60.33,30.75,1,-5,24,2,1,STAT,60,LAT,LON,W,CRC
03/13/26 05:07:14,23.10,194.52,18.49,10.56,3.11,414.00,21.60,26.00,0.10,0.21,0.21,0.00,0.00,1,13.98,17.04,30.51,1,-7,24,2,1,STAT,60,LAT,LON,W,CRC
03/13/26 05:08:14,23.09,201.47,18.94,10.62,3.92,414.00,21.60,26.00,0.06,0.36,0.36,0.00,0.00,1,13.95,4.81,31.35,1,-9,24,2,1,STAT,60,LAT,LON,W,CRC
03/13/26 05:09:14,23.09,193.47,19.42,11.15,1.77,414.00,21.60,26.00,0.19,0.39,0.39,0.00,0.00,1,13.95,1.36,31.02,1,-7,25,2,1,STAT,60,LAT,LON,W,CRC
03/13/26 05:10:14,23.09,194.51,19.84,11.23,1.12,413.75,21.60,26.10,0.11,0.36,0.36,0.00,0.00,1,13.91,0.38,29.18,1,-7,24,1,1,STAT,60,LAT,LON,W,CRC
03/13/26 05:11:14,23.09,196.84,19.21,11.22,0.83,413.68,21.60,26.10,0.04,0.27,0.27,0.00,0.00,1,13.91,0.11,30.89,1,-8,23,2,1,STAT,60,LAT,LON,W,CRC
03/13/26 05:12:14,23.09,205.00,18.69,10.65,2.22,413.30,21.50,26.10,0.01,0.28,0.28,0.00,0.00,1,13.87,0.03,29.29,1,-10,24,2,1,STAT,60,LAT,LON,W,CRC
03/13/26 05:13:15,23.09,196.49,18.55,10.12,3.89,413.11,21.50,26.10,0.00,0.31,0.31,0.00,0.00,1,13.87,0.01,29.86,1,-8,25,2,1,STAT,60,LAT,LON,W,CRC
03/13/26 05:14:15,23.08,198.36,19.04,10.93,2.95,413.04,21.50,26.10,0.00,0.39,0.39,0.00,0.00,1,14.16,266.66,31.70,1,-8,23,2,2,STAT,60,LAT,LON,W,CRC
03/13/26 05:15:15,23.07,195.46,16.53,11.17,3.13,413.01,21.50,26.20,0.00,0.60,0.60,0.00,0.00,1,14.05,75.31,28.48,1,-8,26,3,1,STAT,60,LAT,LON,W,CRC
03/13/26 05:16:14,23.07,199.24,17.82,10.12,3.42,413.00,21.50,26.20,0.00,0.39,0.39,0.00,0.00,1,13.98,21.27,35.21,1,-9,25,2,1,STAT,60,LAT,LON,W,CRC
03/13/26 05:17:14,23.06,203.48,18.29,11.29,2.02,413.00,21.50,26.10,0.00,0.26,0.36,0.00,0.00,1,13.95,6.01,33.51,1,-10,25,2,1,STAT,60,LAT,LON,W,CRC
03/13/26 05:18:14,23.02,190.86,17.96,11.14,2.90,413.00,21.50,26.20,0.00,0.13,0.21,0.00,0.00,1,13.95,1.70,34.94,1,-7,25,2,1,STAT,60,LAT,LON,W,CRC
03/13/26 05:19:14,23.00,194.96,18.04,11.18,1.65,413.00,21.50,26.20,0.00,0.07,0.09,0.00,0.00,1,13.91,0.48,29.61,1,-8,25,2,0,STAT,60,LAT,LON,W,CRC
03/13/26 05:20:14,22.99,198.67,16.88,11.75,2.12,412.95,21.50,26.20,0.00,0.02,0.03,0.00,0.00,1,13.91,0.14,29.40,1,-10,27,3,1,STAT,60,LAT,LON,W,CRC
03/13/26 05:21:15,22.99,191.89,18.23,10.54,3.18,412.33,21.50,26.30,0.00,0.21,0.21,0.00,0.00,1,13.87,0.04,32.24,1,-8,26,2,1,STAT,60,LAT,LON,W,CRC
03/13/26 05:22:16,22.99,200.54,18.33,9.98,3.77,412.12,21.50,26.30,0.00,0.15,0.15,0.00,0.00,1,13.87,0.01,33.19,1,-10,24,2,1,STAT,60,LAT,LON,W,CRC
03/13/26 05:23:16,22.99,200.64,18.73,10.75,2.74,412.04,21.50,26.30,0.03,0.10,0.10,0.00,0.00,1,14.19,319.48,32.29,1,-10,23,2,1,STAT,60,LAT,LON,W,CRC
03/13/26 05:24:16,22.99,196.42,17.30,11.13,2.38,412.01,21.50,26.30,0.01,0.21,0.21,0.00,0.00,1,14.05,90.23,30.83,1,-9,25,2,1,STAT,60,LAT,LON,W,CRC
03/13/26 05:25:16,22.99,198.17,18.61,11.02,2.14,412.01,21.50,26.20,0.00,0.15,0.15,0.00,0.00,1,13.98,25.48,29.08,1,-8,24,2,1,STAT,60,LAT,LON,W,CRC
03/13/26 05:26:15,22.99,202.46,18.13,10.50,3.45,412.00,21.50,26.30,0.00,0.05,0.05,0.00,0.00,1,13.95,7.20,33.41,1,-9,25,2,1,STAT,60,LAT,LON,W,CRC
03/13/26 05:27:15,22.99,204.00,18.73,10.51,2.18,412.00,21.50,26.30,0.00,0.01,0.01,0.00,0.00,1,13.95,2.03,30.44,1,-9,24,2,1,STAT,60,LAT,LON,W,CRC
03/13/26 05:28:15,22.98,207.69,17.99,11.09,2.16,411.35,21.40,26.30,0.00,0.24,0.24,0.00,0.00,1,13.91,0.57,29.67,1,-10,24,2,1,STAT,60,LAT,LON,W,CRC
03/13/26 05:29:16,22.98,206.75,17.17,10.82,3.74,411.74,21.40,26.30,0.00,0.24,0.24,0.00,0.00,1,13.91,0.16,27.01,1,-10,26,2,2,STAT,60,LAT,LON,W,CRC
03/13/26 05:30:16,22.98,200.28,18.08,11.29,3.56,411.41,21.50,26.30,0.00,0.51,0.51,0.00,0.00,1,13.87,0.05,29.18,1,-8,25,2,2,STAT,60,LAT,LON,W,CRC
03/13/26 05:31:16,22.97,202.96,18.12,11.08,3.68,411.14,21.40,26.30,0.00,0.21,0.21,0.00,0.00,1,13.87,0.01,39.81,1,-8,24,2,2,STAT,60,LAT,LON,W,CRC
03/13/26 05:32:16,22.96,205.62,18.74,10.93,2.92,411.05,21.40,26.30,0.00,0.07,0.07,0.00,0.00,1,14.19,313.46,32.43,1,-9,24,2,1,STAT,60,LAT,LON,W,CRC
03/13/26 05:33:16,22.94,207.99,18.73,10.97,1.92,411.02,21.40,26.30,0.00,0.18,0.18,0.00,0.00,1,14.05,88.53,28.87,1,-11,24,2,0,STAT,60,LAT,LON,W,CRC
03/13/26 05:34:17,22.92,202.76,17.61,11.38,2.31,411.01,21.40,26.30,0.05,0.61,0.61,0.00,0.00,1,13.98,25.00,28.86,1,-10,25,2,1,STAT,60,LAT,LON,W,CRC
03/13/26 05:35:17,22.90,206.87,17.67,10.27,4.33,411.00,21.50,26.30,0.02,0.24,0.24,0.00,0.00,1,13.95,7.06,29.36,1,-10,25,2,1,STAT,60,LAT,LON,W,CRC
03/13/26 05:36:17,22.89,205.55,17.68,10.12,3.77,411.00,21.40,26.30,0.05,0.33,0.33,0.00,0.00,1,13.91,1.99,31.32,1,-10,25,2,1,STAT,60,LAT,LON,W,CRC
03/13/26 05:37:17,22.89,199.85,17.18,11.32,2.22,411.00,21.40,26.30,0.02,0.18,0.18,0.00,0.00,1,13.91,0.56,29.16,1,-9,26,2,1,STAT,60,LAT,LON,W,CRC
03/13/26 05:38:17,22.89,197.64,17.78,11.47,2.21,411.41,21.40,26.30,0.00,0.17,0.17,0.00,0.00,1,13.91,0.16,25.94,1,-9,25,2,0,STAT,60,LAT,LON,W,CRC
03/13/26 05:39:17,22.89,202.36,17.57,10.84,2.57,411.44,21.50,26.40,0.00,0.07,0.07,0.00,0.00,1,13.87,0.04,27.07,1,-11,25,2,1,STAT,60,LAT,LON,W,CRC
03/13/26 05:40:17,22.89,205.45,17.50,10.27,3.60,411.23,21.50,26.30,0.00,0.26,0.26,0.00,0.00,1,13.87,0.01,29.95,1,-11,25,1,1,STAT,60,LAT,LON,W,CRC
03/13/26 05:41:17,22.89,204.86,17.89,10.67,3.81,411.08,21.50,26.40,0.00,0.10,0.10,0.00,0.00,1,14.12,237.33,32.08,1,-10,25,2,2,STAT,60,LAT,LON,W,CRC
03/13/26 05:42:19,22.89,201.00,18.45,11.19,4.21,411.03,21.40,26.40,0.00,0.03,0.03,0.00,0.00,1,14.05,127.58,31.97,1,-9,25,2,2,STAT,60,LAT,LON,W,CRC
03/13/26 05:43:19,22.89,202.96,16.69,10.52,2.53,411.01,21.40,26.40,0.00,0.10,0.10,0.00,0.00,1,14.02,36.03,29.78,1,-10,26,2,0,STAT,60,LAT,LON,W,CRC
03/13/26 05:44:19,22.89,203.75,17.05,11.29,2.49,411.00,21.40,26.40,0.00,0.25,0.25,0.00,0.00,1,13.98,10.18,29.45,1,-10,26,2,1,STAT,60,LAT,LON,W,CRC
03/13/26 05:45:19,22.89,205.51,17.51,10.50,3.60,411.00,21.40,26.40,0.00,0.14,0.14,0.00,0.00,1,13.95,2.87,32.32,1,-10,24,2,1,STAT,60,LAT,LON,W,CRC
03/13/26 05:46:19,22.89,197.55,17.73,10.68,3.26,411.00,21.40,26.40,0.00,0.11,0.11,0.00,0.00,1,13.91,0.81,32.38,1,-8,24,1,1,STAT,60,LAT,LON,W,CRC
03/13/26 05:47:20,22.89,198.87,18.01,11.07,1.72,411.00,21.40,26.40,0.00,0.03,0.03,0.00,0.00,1,13.91,0.23,32.42,1,-8,25,1,0,STAT,60,LAT,LON,W,CRC
03/13/26 05:48:20,22.89,204.58,18.08,11.09,2.21,411.00,21.40,26.40,0.00,0.01,0.01,0.00,0.00,1,13.91,0.06,29.67,1,-10,26,2,1,STAT,60,LAT,LON,W,CRC
03/13/26 05:49:20,22.88,213.28,17.84,10.69,2.56,411.00,21.40,26.40,0.00,0.06,0.06,0.00,0.00,1,13.87,0.02,31.02,1,-13,26,2,0,STAT,60,LAT,LON,W,CRC
03/13/26 05:50:20,22.88,206.20,18.41,11.14,1.91,411.00,21.40,26.40,0.18,0.35,0.35,0.00,0.00,1,13.87,0.01,30.56,1,-10,25,2,1,STAT,60,LAT,LON,W,CRC
03/13/26 05:51:20,22.87,201.87,17.28,10.51,2.71,411.00,21.40,26.30,0.22,0.79,0.79,0.00,0.00,1,14.09,127.76,27.88,1,-9,26,1,0,STAT,60,LAT,LON,W,CRC
03/13/26 05:52:20,22.88,200.73,18.25,10.57,2.75,411.00,21.40,26.40,0.41,1.15,1.24,0.00,0.00,1,14.02,36.08,31.78,1,-9,25,0,1,STAT,60,LAT,LON,W,CRC
03/13/26 05:53:20,22.88,203.30,17.67,11.81,3.03,411.00,21.40,26.40,0.86,1.88,1.99,0.00,0.00,1,13.98,10.19,30.11,1,-9,25,1,1,STAT,60,LAT,LON,W,CRC
03/13/26 05:54:20,22.88,203.63,18.03,10.96,3.85,410.79,21.40,26.40,1.07,2.47,2.50,0.00,0.00,1,13.95,2.88,30.75,1,-8,24,2,2,STAT,60,LAT,LON,W,CRC
03/13/26 05:55:20,22.87,203.69,17.99,10.61,3.60,410.86,21.40,26.40,1.05,2.12,2.13,0.00,0.00,1,13.91,0.81,30.59,1,-8,24,2,1,STAT,60,LAT,LON,W,CRC
03/13/26 05:56:21,22.87,214.07,19.25,10.97,2.69,410.95,21.40,26.40,1.42,2.82,2.82,0.00,0.00,1,13.91,0.23,27.73,1,-11,23,2,1,STAT,60,LAT,LON,W,CRC
03/13/26 05:57:20,22.87,206.98,19.63,11.56,2.33,410.98,21.40,26.40,0.98,2.09,2.09,0.00,0.00,1,13.91,0.06,29.46,1,-9,23,1,1,STAT,60,LAT,LON,W,CRC
03/13/26 05:58:20,22.87,207.53,18.65,11.87,1.76,410.71,21.40,26.40,0.85,1.50,1.81,0.00,0.00,1,13.87,0.02,31.45,1,-9,24,2,1,STAT,60,LAT,LON,W,CRC
03/13/26 05:59:20,22.87,208.01,17.40,12.17,2.74,410.86,21.40,26.40,1.22,2.57,2.90,0.00,0.00,1,13.87,0.01,32.61,1,-10,25,2,2,STAT,60,LAT,LON,W,CRC
03/13/26 06:00:20,22.85,211.88,19.21,11.61,2.44,410.50,21.40,26.40,1.78,3.76,3.86,0.00,0.00,1,14.09,144.13,28.07,1,-11,23,2,1,STAT,60,LAT,LON,W,CRC
03/13/26 06:01:21,22.83,209.64,18.17,10.01,3.31,410.17,21.50,26.40,1.81,3.32,3.50,0.00,0.00,1,14.02,40.71,28.83,1,-11,25,1,1,STAT,60,LAT,LON,W,CRC
03/13/26 06:02:17,22.82,216.41,19.06,10.00,3.84,410.07,21.40,26.30,1.61,2.79,3.08,0.00,0.00,1,13.98,12.77,39.91,1,-12,24,1,1,STAT,60,LAT,LON,W,CRC
03/13/26 06:03:17,22.81,207.18,18.34,10.71,1.89,410.02,21.40,26.30,1.35,2.48,2.63,0.00,0.00,1,13.95,3.61,32.99,1,-10,24,1,0,STAT,60,LAT,LON,W,CRC
03/13/26 06:04:17,22.80,205.53,18.86,10.78,3.88,410.01,21.40,26.30,1.25,2.51,2.55,0.00,0.00,1,13.95,1.02,30.09,1,-9,24,2,2,STAT,60,LAT,LON,W,CRC
03/13/26 06:05:17,22.79,205.75,19.09,10.81,2.87,410.00,21.50,26.30,0.92,1.85,1.87,0.00,0.00,1,13.91,0.29,30.09,1,-10,24,2,2,STAT,60,LAT,LON,W,CRC
03/13/26 06:06:17,22.79,211.80,17.05,10.98,2.40,410.00,21.40,26.30,1.18,1.92,1.92,0.00,0.00,1,13.91,0.08,31.54,1,-11,26,1,1,STAT,60,LAT,LON,W,CRC
03/13/26 06:07:19,22.79,204.55,17.92,10.05,4.03,410.00,21.40,26.30,1.04,2.16,2.16,0.00,0.00,1,13.87,0.02,29.07,1,-10,25,1,1,STAT,60,LAT,LON,W,CRC
03/13/26 06:08:19,22.79,205.35,18.40,9.82,4.38,410.00,21.40,26.60,1.09,1.99,1.99,0.00,0.00,1,13.87,0.01,29.76,1,-10,24,1,1,STAT,60,LAT,LON,W,CRC
03/13/26 06:09:19,22.79,206.17,17.36,10.19,5.19,410.00,21.40,26.40,1.03,2.06,2.06,0.00,0.00,1,14.12,193.22,30.01,1,-10,25,2,1,STAT,60,LAT,LON,W,CRC
03/13/26 06:10:19,22.79,202.61,17.98,10.73,3.64,410.00,21.40,26.50,0.68,1.77,1.78,0.00,0.00,1,14.02,54.57,30.96,1,-10,25,2,1,STAT,60,LAT,LON,W,CRC
03/13/26 06:11:20,22.79,202.12,18.02,10.80,3.24,410.00,21.40,26.50,0.51,1.80,1.80,0.00,0.00,1,13.98,15.41,27.99,1,-8,24,2,1,STAT,60,LAT,LON,W,CRC
03/13/26 06:12:21,22.79,206.73,17.26,10.64,2.50,410.00,21.40,26.60,0.40,1.26,1.26,0.00,0.00,1,13.95,4.35,28.12,1,-10,25,2,1,STAT,60,LAT,LON,W,CRC
03/13/26 06:13:20,22.79,205.97,17.23,11.30,2.89,410.00,21.40,26.60,0.45,1.70,1.89,0.00,0.00,1,13.91,1.23,32.95,1,-10,25,1,1,STAT,60,LAT,LON,W,CRC
03/13/26 06:14:20,22.79,202.87,16.93,10.91,3.16,409.65,21.40,26.60,0.52,1.73,1.89,0.00,0.00,1,13.91,0.35,30.05,1,-9,25,2,1,STAT,60,LAT,LON,W,CRC
03/13/26 06:15:20,22.79,201.98,17.66,10.79,3.20,409.88,21.40,26.60,1.01,2.03,2.08,0.00,0.00,1,13.91,0.10,28.86,1,-9,25,2,1,STAT,60,LAT,LON,W,CRC
03/13/26 06:16:20,22.79,208.08,17.68,9.46,3.98,409.87,21.40,26.60,1.22,2.37,2.38,0.00,0.00,1,13.87,0.03,29.55,1,-10,25,2,1,STAT,60,LAT,LON,W,CRC
03/13/26 06:17:20,22.79,206.53,17.16,10.36,3.69,409.31,21.40,26.60,0.83,2.03,2.04,0.00,0.00,1,13.87,0.01,30.03,1,-10,26,2,1,STAT,60,LAT,LON,W,CRC
03/13/26 06:18:21,22.79,202.52,16.40,10.65,2.67,409.11,21.40,26.60,1.03,2.13,2.13,0.00,0.00,1,14.09,165.97,30.61,1,-10,26,1,1,STAT,60,LAT,LON,W,CRC
03/13/26 06:19:21,22.79,206.18,17.44,10.67,3.00,409.54,21.40,26.60,0.87,1.76,1.76,0.00,0.00,1,14.02,46.87,30.31,1,-10,25,1,1,STAT,60,LAT,LON,W,CRC
03/13/26 06:20:22,22.79,208.84,19.26,10.52,2.52,409.84,21.40,26.60,0.97,2.01,2.01,0.00,0.00,1,13.98,13.24,31.43,1,-11,23,1,1,STAT,60,LAT,LON,W,CRC
03/13/26 06:21:22,22.79,207.21,18.69,11.59,0.44,409.94,21.40,26.60,1.32,2.19,2.19,0.00,0.00,1,13.95,3.74,32.26,1,-11,23,2,0,STAT,60,LAT,LON,W,CRC
03/13/26 06:22:22,22.79,202.44,18.69,10.81,0.43,410.14,21.40,26.60,1.17,2.42,2.42,0.00,0.00,1,13.95,1.06,28.19,1,-9,25,1,0,STAT,60,LAT,LON,W,CRC
03/13/26 06:23:18,22.79,208.93,18.07,10.51,1.14,410.05,21.40,26.60,1.05,1.90,2.06,0.00,0.00,1,13.91,0.33,32.65,1,-11,24,2,0,STAT,60,LAT,LON,W,CRC
03/13/26 06:24:18,22.79,208.28,18.66,10.29,1.84,409.62,21.40,26.60,0.94,1.69,1.77,0.00,0.00,1,13.91,0.09,31.01,1,-11,24,2,0,STAT,60,LAT,LON,W,CRC
03/13/26 06:25:18,22.79,209.47,18.63,10.90,0.86,409.19,21.40,26.60,0.98,1.79,1.88,0.00,0.00,1,13.87,0.03,28.13,1,-11,24,2,1,STAT,60,LAT,LON,W,CRC
03/13/26 06:26:18,22.79,205.19,18.08,10.65,1.92,409.07,21.40,26.70,0.98,2.08,2.11,0.00,0.00,1,13.87,0.01,28.53,1,-10,24,1,1,STAT,60,LAT,LON,W,CRC
03/13/26 06:27:19,22.78,210.24,17.07,11.28,1.31,409.02,21.40,26.60,1.07,1.99,2.00,0.00,0.00,1,14.19,318.52,28.64,1,-10,24,2,1,STAT,60,LAT,LON,W,CRC
03/13/26 06:28:19,22.78,206.80,18.00,10.60,1.81,409.01,21.40,26.60,1.04,2.04,2.05,0.00,0.00,1,14.02,89.96,27.06,1,-9,25,1,1,STAT,60,LAT,LON,W,CRC
03/13/26 06:29:19,22.78,210.01,18.72,10.84,1.93,409.00,21.40,26.60,0.95,1.92,1.93,0.00,0.00,1,13.98,25.41,30.08,1,-10,24,1,1,STAT,60,LAT,LON,W,CRC
03/13/26 06:30:19,22.78,210.00,17.06,9.94,3.05,409.00,21.40,26.60,0.66,1.44,1.44,0.00,0.00,1,13.95,7.18,29.94,1,-10,26,1,1,STAT,60,LAT,LON,W,CRC
03/13/26 06:31:19,22.78,212.24,16.72,9.74,2.45,409.00,21.30,26.70,0.60,1.24,1.51,0.00,0.00,1,13.95,2.03,30.66,1,-11,26,2,1,STAT,60,LAT,LON,W,CRC
03/13/26 06:32:20,22.77,211.32,17.44,11.13,1.38,409.00,21.40,26.70,0.74,1.61,1.70,0.00,0.00,1,13.91,0.57,34.12,1,-11,24,1,1,STAT,60,LAT,LON,W,CRC
03/13/26 06:33:20,22.77,208.82,17.85,10.47,2.08,409.00,21.40,26.70,0.92,1.89,2.09,0.00,0.00,1,13.91,0.16,36.58,1,-10,24,1,1,STAT,60,LAT,LON,W,CRC
03/13/26 06:34:20,22.76,214.76,18.12,10.20,2.45,409.00,21.30,26.70,0.85,2.15,2.21,0.00,0.00,1,13.87,0.05,32.25,1,-12,24,1,0,STAT,60,LAT,LON,W,CRC
03/13/26 06:35:20,22.74,214.48,19.16,10.17,3.28,408.46,21.30,26.70,0.95,1.88,1.89,0.00,0.00,1,13.87,0.01,33.16,1,-11,24,1,0,STAT,60,LAT,LON,W,CRC
03/13/26 06:36:20,22.73,211.66,17.45,10.78,2.10,408.78,21.40,26.70,0.81,1.60,1.61,0.00,0.00,1,14.19,273.08,30.92,1,-10,25,1,0,STAT,60,LAT,LON,W,CRC
03/13/26 06:37:20,22.70,213.38,17.84,9.67,3.84,408.92,21.40,26.70,1.07,1.56,1.69,0.00,0.00,1,14.05,77.13,29.96,1,-12,24,2,0,STAT,60,LAT,LON,W,CRC
03/13/26 06:38:21,22.70,210.86,16.09,10.21,3.19,408.97,21.30,26.70,0.55,1.03,1.08,0.00,0.00,1,13.98,21.78,30.83,1,-11,26,2,1,STAT,60,LAT,LON,W,CRC
03/13/26 06:39:21,22.69,210.22,16.73,11.21,1.12,408.99,21.30,26.70,0.86,1.29,1.48,0.00,0.00,1,13.95,6.15,30.14,1,-11,25,3,1,STAT,60,LAT,LON,W,CRC
03/13/26 06:40:21,22.69,212.30,17.84,11.36,1.25,409.00,21.40,26.70,0.72,1.48,1.66,0.00,0.00,1,13.95,1.74,30.62,1,-11,24,2,1,STAT,60,LAT,LON,W,CRC
03/13/26 06:41:21,22.69,213.28,18.36,10.00,3.26,409.00,21.40,26.70,0.74,1.54,1.60,0.00,0.00,1,13.91,0.49,30.49,1,-11,24,1,1,STAT,60,LAT,LON,W,CRC
03/13/26 06:42:21,22.69,210.89,16.39,10.45,2.27,409.00,21.40,26.70,0.68,1.00,1.02,0.00,0.00,1,13.91,0.14,27.24,1,-11,26,1,1,STAT,60,LAT,LON,W,CRC
03/13/26 06:43:22,22.69,212.17,18.04,10.32,2.89,409.00,21.40,26.70,0.58,0.99,1.10,0.00,0.00,1,13.87,0.04,33.12,1,-11,24,2,1,STAT,60,LAT,LON,W,CRC
03/13/26 06:44:22,22.69,210.39,18.17,10.86,2.92,409.00,21.40,26.70,0.43,1.07,1.27,0.00,0.00,1,13.87,0.01,32.12,1,-11,23,1,1,STAT,60,LAT,LON,W,CRC
03/13/26 06:45:22,22.69,210.65,17.11,11.45,1.98,408.35,21.40,26.70,0.50,1.03,1.09,0.00,0.00,1,14.19,281.52,33.28,1,-11,25,1,1,STAT,60,LAT,LON,W,CRC
03/13/26 06:46:23,22.69,205.64,17.88,10.46,2.14,408.12,21.40,26.70,0.34,1.03,1.05,0.00,0.00,1,14.05,79.51,30.49,1,-10,24,1,0,STAT,60,LAT,LON,W,CRC
03/13/26 06:47:23,22.69,210.25,19.33,10.93,1.00,408.55,21.40,26.70,0.11,0.46,0.47,0.00,0.00,1,13.98,22.46,28.63,1,-11,22,2,0,STAT,60,LAT,LON,W,CRC
03/13/26 06:48:23,22.69,211.97,19.72,10.23,0.64,408.84,21.30,26.70,0.03,0.25,0.57,0.00,0.00,1,13.98,6.34,28.44,1,-11,23,2,0,STAT,60,LAT,LON,W,CRC
03/13/26 06:49:22,22.69,213.13,17.72,10.90,2.04,408.72,21.30,26.70,0.23,0.33,0.43,0.00,0.00,1,13.95,1.79,32.30,1,-12,26,1,1,STAT,60,LAT,LON,W,CRC
03/13/26 06:50:23,22.69,206.44,16.98,9.76,4.18,408.86,21.30,26.60,0.26,0.79,0.82,0.00,0.00,1,13.91,0.51,29.07,1,-10,26,1,1,STAT,60,LAT,LON,W,CRC
03/13/26 06:51:23,22.69,200.36,17.46,10.18,3.08,408.95,21.30,26.70,0.26,0.64,0.82,0.00,0.00,1,13.91,0.14,27.58,1,-9,24,1,1,STAT,60,LAT,LON,W,CRC
03/13/26 06:52:23,22.69,205.58,18.83,10.48,1.98,408.98,21.30,26.70,0.08,0.34,0.40,0.00,0.00,1,13.87,0.04,28.45,1,-9,23,2,1,STAT,60,LAT,LON,W,CRC
03/13/26 06:53:23,22.69,212.06,18.23,10.10,2.41,408.49,21.30,26.70,0.24,0.49,0.51,0.00,0.00,1,13.87,0.01,28.53,1,-11,24,1,0,STAT,60,LAT,LON,W,CRC
03/13/26 06:54:24,22.69,201.02,19.54,10.25,2.57,408.63,21.30,26.70,0.59,1.11,1.12,0.00,0.00,1,14.12,185.16,31.32,1,-9,24,1,1,STAT,60,LAT,LON,W,CRC
03/13/26 06:55:24,22.69,211.85,18.45,10.55,3.15,408.37,21.30,26.70,0.19,0.55,0.55,0.00,0.00,1,14.02,52.29,29.79,1,-11,24,2,1,STAT,60,LAT,LON,W,CRC
03/13/26 06:56:25,22.69,213.15,18.43,10.45,2.79,408.42,21.30,26.70,0.09,0.23,0.23,0.00,0.00,1,13.98,14.77,29.59,1,-12,24,2,1,STAT,60,LAT,LON,W,CRC
03/13/26 06:57:25,22.69,209.83,18.47,11.24,1.82,408.80,21.30,26.70,0.13,0.38,0.38,0.00,0.00,1,13.95,4.17,29.62,1,-10,23,1,1,STAT,60,LAT,LON,W,CRC
03/13/26 06:58:25,22.68,209.17,16.87,11.13,0.99,408.93,21.30,26.70,0.04,0.34,0.34,0.00,0.00,1,13.95,1.18,27.14,1,-10,24,1,0,STAT,60,LAT,LON,W,CRC
03/13/26 06:59:21,22.69,214.41,16.50,11.06,1.93,408.97,21.30,26.70,0.17,0.33,0.33,0.00,0.00,1,13.91,0.37,35.85,1,-11,26,1,1,STAT,60,LAT,LON,W,CRC
03/13/26 07:00:21,22.69,215.12,18.20,10.69,1.39,408.99,21.30,26.70,0.16,0.45,0.45,0.00,0.00,1,13.91,0.10,30.19,1,-11,24,2,1,STAT,60,LAT,LON,W,CRC
03/13/26 07:01:21,22.68,216.89,18.10,10.12,2.86,409.00,21.30,26.80,0.05,0.38,0.38,0.00,0.00,1,13.87,0.03,28.80,1,-12,23,2,1,STAT,60,LAT,LON,W,CRC
03/13/26 07:02:21,22.68,214.27,18.21,9.85,3.62,409.00,21.30,26.70,0.13,0.36,0.36,0.00,0.00,1,13.87,0.01,29.81,1,-11,24,2,1,STAT,60,LAT,LON,W,CRC
03/13/26 07:03:22,22.67,216.12,18.35,10.27,2.01,409.16,21.30,26.70,0.25,0.68,0.68,0.00,0.00,1,14.19,290.82,32.19,1,-11,25,1,1,STAT,60,LAT,LON,W,CRC
03/13/26 07:04:22,22.68,216.06,18.12,11.33,0.92,409.31,21.30,26.70,0.25,0.68,0.68,0.00,0.00,1,14.05,89.93,31.55,1,-13,25,2,0,STAT,60,LAT,LON,W,CRC
03/13/26 07:05:23,22.68,204.58,17.80,11.00,1.50,409.11,21.30,26.70,0.32,0.77,0.81,0.00,0.00,1,13.98,25.40,30.08,1,-9,24,2,1,STAT,60,LAT,LON,W,CRC
03/13/26 07:06:23,22.67,204.31,17.42,10.85,2.10,409.04,21.30,26.70,0.10,0.32,0.34,0.00,0.00,1,13.95,7.17,29.99,1,-9,24,1,0,STAT,60,LAT,LON,W,CRC
03/13/26 07:07:23,22.67,212.23,18.49,10.69,1.84,408.63,21.30,26.80,0.03,0.29,0.30,0.00,0.00,1,13.95,2.03,30.19,1,-11,23,2,0,STAT,60,LAT,LON,W,CRC
03/13/26 07:08:23,22.67,207.43,18.10,10.63,2.36,408.22,21.30,26.70,0.01,0.21,0.21,0.00,0.00,1,13.91,0.57,26.75,1,-10,25,2,1,STAT,60,LAT,LON,W,CRC
03/13/26 07:09:24,22.67,211.67,17.77,11.04,1.58,408.37,21.30,26.80,0.00,0.17,0.17,0.00,0.00,1,13.91,0.16,35.28,1,-11,25,3,1,STAT,60,LAT,LON,W,CRC
03/13/26 07:10:24,22.67,212.82,16.51,11.42,1.22,408.78,21.30,26.70,0.00,0.09,0.09,0.00,0.00,1,13.87,0.05,32.09,1,-12,25,3,1,STAT,60,LAT,LON,W,CRC
03/13/26 07:11:25,22.67,206.07,17.98,9.88,3.21,408.92,21.30,26.70,0.12,0.36,0.36,0.00,0.00,1,13.87,0.01,30.12,1,-10,24,2,0,STAT,60,LAT,LON,W,CRC
03/13/26 07:12:25,22.66,206.14,17.62,9.76,2.05,408.97,21.30,26.80,0.07,0.37,0.37,0.00,0.00,1,14.19,281.85,28.94,1,-10,25,2,0,STAT,60,LAT,LON,W,CRC
03/13/26 07:13:25,22.65,207.37,17.11,10.16,2.07,408.99,21.30,26.70,0.02,0.49,0.49,0.00,0.00,1,14.05,87.19,30.34,1,-10,24,1,0,STAT,60,LAT,LON,W,CRC
03/13/26 07:14:25,22.63,208.76,17.07,10.52,1.88,409.00,21.20,26.70,0.01,0.18,0.18,0.00,0.00,1,13.98,24.63,37.49,1,-11,25,2,0,STAT,60,LAT,LON,W,CRC
03/13/26 07:15:25,22.62,207.27,17.75,11.23,1.49,409.00,21.30,26.80,0.00,0.09,0.09,0.00,0.00,1,13.95,6.96,32.12,1,-10,24,1,0,STAT,60,LAT,LON,W,CRC
03/13/26 07:16:25,22.60,208.93,18.48,10.39,1.89,409.00,21.30,26.80,0.07,0.57,0.74,0.00,0.00,1,13.95,1.96,28.92,1,-10,24,1,0,STAT,60,LAT,LON,W,CRC
03/13/26 07:17:25,22.60,207.41,17.84,10.29,1.91,409.00,21.30,26.80,0.32,1.05,1.11,0.00,0.00,1,13.91,0.55,30.26,1,-9,24,1,0,STAT,60,LAT,LON,W,CRC
03/13/26 07:18:25,22.59,213.74,17.73,10.05,2.62,409.00,21.30,26.70,0.68,0.92,0.94,0.00,0.00,1,13.91,0.16,29.91,1,-11,24,1,1,STAT,60,LAT,LON,W,CRC
03/13/26 07:19:26,22.59,217.04,18.31,10.32,2.09,409.00,21.20,26.70,0.46,0.89,1.16,0.00,0.00,1,13.87,0.04,31.36,1,-12,23,2,0,STAT,60,LAT,LON,W,CRC
03/13/26 07:20:26,22.59,206.60,18.08,10.34,2.52,409.00,21.30,26.70,0.44,0.94,1.23,0.00,0.00,1,13.87,0.01,27.70,1,-9,24,2,1,STAT,60,LAT,LON,W,CRC
03/13/26 07:21:26,22.59,212.08,17.42,10.34,2.86,409.00,21.30,26.80,0.65,0.98,1.07,0.00,0.00,1,14.19,234.47,28.50,1,-10,25,2,1,STAT,60,LAT,LON,W,CRC
03/13/26 07:22:26,22.59,214.39,17.77,10.14,3.07,409.00,21.20,26.80,0.31,0.42,0.67,0.00,0.00,1,14.05,73.21,30.18,1,-11,25,1,1,STAT,60,LAT,LON,W,CRC
03/13/26 07:23:26,22.59,216.90,17.53,10.15,2.76,409.00,21.20,26.80,0.36,0.52,0.59,0.00,0.00,1,13.98,20.68,31.56,1,-12,25,1,0,STAT,60,LAT,LON,W,CRC
03/13/26 07:24:26,22.59,213.48,17.72,9.82,4.21,409.00,21.20,26.80,0.40,0.69,0.80,0.00,0.00,1,13.95,5.84,30.91,1,-11,24,1,1,STAT,60,LAT,LON,W,CRC
03/13/26 07:25:27,22.59,204.54,18.24,10.34,3.53,408.81,21.20,26.80,0.55,0.82,0.86,0.00,0.00,1,13.95,1.65,29.16,1,-9,25,1,0,STAT,60,LAT,LON,W,CRC
03/13/26 07:26:27,22.59,213.73,18.29,11.21,1.73,408.90,21.20,26.80,0.17,0.57,0.58,0.00,0.00,1,13.91,0.47,29.19,1,-12,24,1,0,STAT,60,LAT,LON,W,CRC
03/13/26 07:27:27,22.59,207.71,17.72,10.81,2.59,408.79,21.20,26.80,0.18,0.44,0.50,0.00,0.00,1,13.91,0.13,28.85,1,-10,24,1,1,STAT,60,LAT,LON,W,CRC
03/13/26 07:28:27,22.59,203.10,17.74,10.40,2.97,408.93,21.20,26.80,0.36,0.46,0.48,0.00,0.00,1,13.87,0.04,30.34,1,-9,24,2,1,STAT,60,LAT,LON,W,CRC
03/13/26 07:29:27,22.59,206.27,18.46,11.09,1.76,408.97,21.20,26.80,0.16,0.23,0.24,0.00,0.00,1,13.87,0.01,26.85,1,-10,24,2,1,STAT,60,LAT,LON,W,CRC
03/13/26 07:30:28,22.59,206.94,18.12,10.82,2.19,408.99,21.20,26.80,0.05,0.30,0.30,0.00,0.00,1,14.12,205.47,33.78,1,-10,23,1,1,STAT,60,LAT,LON,W,CRC
03/13/26 07:31:24,22.59,208.84,17.71,10.20,3.47,409.00,21.20,26.80,0.15,0.44,0.44,0.00,0.00,1,14.05,64.48,30.77,1,-11,23,1,1,STAT,60,LAT,LON,W,CRC
03/13/26 07:32:24,22.59,213.72,18.51,10.26,2.80,409.00,21.20,26.80,0.05,0.44,0.44,0.00,0.00,1,13.98,18.21,30.57,1,-13,22,2,1,STAT,60,LAT,LON,W,CRC
03/13/26 07:33:24,22.59,207.79,18.41,11.15,1.75,409.00,21.20,26.80,0.01,0.14,0.14,0.00,0.00,1,13.95,5.14,29.36,1,-11,23,1,1,STAT,60,LAT,LON,W,CRC
03/13/26 07:34:24,22.59,207.21,18.20,11.08,1.54,409.00,21.20,26.80,0.00,0.04,0.04,0.00,0.00,1,13.95,1.45,30.56,1,-12,24,1,0,STAT,60,LAT,LON,W,CRC
03/13/26 07:35:24,22.59,204.28,17.89,10.64,1.88,409.00,21.20,26.80,0.00,0.15,0.15,0.00,0.00,1,13.91,0.41,36.81,1,-10,25,1,0,STAT,60,LAT,LON,W,CRC
03/13/26 07:36:24,22.58,202.34,16.83,10.58,2.15,409.00,21.20,26.80,0.00,0.26,0.52,0.00,0.00,1,13.91,0.12,31.20,1,-9,25,2,1,STAT,60,LAT,LON,W,CRC
03/13/26 07:37:24,22.59,203.45,18.91,10.85,2.36,409.00,21.20,26.80,0.22,0.73,0.81,0.00,0.00,1,13.87,0.03,28.79,1,-10,23,2,1,STAT,60,LAT,LON,W,CRC
03/13/26 07:38:25,22.59,209.44,17.96,10.33,2.64,409.00,21.20,26.80,0.10,0.65,0.67,0.00,0.00,1,13.87,0.01,28.83,1,-12,24,1,0,STAT,60,LAT,LON,W,CRC
03/13/26 07:39:25,22.58,204.47,17.88,10.44,2.16,409.58,21.20,26.80,0.03,0.41,0.42,0.00,0.00,1,14.19,294.59,29.56,1,-10,24,2,1,STAT,60,LAT,LON,W,CRC
03/13/26 07:40:25,22.58,207.16,17.55,9.90,1.70,409.85,21.20,26.80,0.16,0.55,0.55,0.00,0.00,1,14.05,91.10,32.73,1,-11,24,1,0,STAT,60,LAT,LON,W,CRC
03/13/26 07:41:25,22.58,201.92,18.36,10.17,1.97,409.95,21.20,26.80,0.05,0.25,0.26,0.00,0.00,1,13.98,25.73,28.56,1,-10,24,1,0,STAT,60,LAT,LON,W,CRC
03/13/26 07:42:25,22.58,204.27,19.31,10.59,2.38,409.98,21.20,26.80,0.20,0.65,0.70,0.00,0.00,1,13.95,7.27,28.79,1,-10,23,1,1,STAT,60,LAT,LON,W,CRC
03/13/26 07:43:25,22.58,204.30,18.94,11.16,2.44,409.99,21.20,26.80,0.08,0.97,1.03,0.00,0.00,1,13.95,2.05,30.17,1,-10,23,2,1,STAT,60,LAT,LON,W,CRC
03/13/26 07:44:25,22.58,205.97,18.85,11.41,1.96,409.84,21.20,26.80,0.35,0.99,1.01,0.00,0.00,1,13.91,0.58,32.31,1,-11,24,1,1,STAT,60,LAT,LON,W,CRC
03/13/26 07:45:27,22.58,203.01,18.49,10.76,2.96,409.30,21.20,26.70,0.12,0.65,0.66,0.00,0.00,1,13.91,0.16,30.20,1,-10,24,1,1,STAT,60,LAT,LON,W,CRC
03/13/26 07:46:27,22.58,207.72,19.58,10.90,2.00,409.10,21.20,26.80,0.26,0.80,0.81,0.00,0.00,1,13.87,0.05,30.27,1,-11,23,1,1,STAT,60,LAT,LON,W,CRC
03/13/26 07:47:27,22.58,207.40,18.63,10.14,2.89,409.04,21.20,26.80,0.33,0.71,0.71,0.00,0.00,1,13.87,0.01,33.07,1,-11,24,1,1,STAT,60,LAT,LON,W,CRC
03/13/26 07:48:27,22.57,203.81,17.16,10.09,2.34,409.01,21.20,26.80,0.10,0.49,0.49,0.00,0.00,1,14.19,321.00,27.89,1,-11,25,2,1,STAT,60,LAT,LON,W,CRC
03/13/26 07:49:27,22.57,204.13,17.60,10.24,1.95,409.00,21.20,26.80,0.03,0.28,0.28,0.00,0.00,1,14.05,97.44,30.55,1,-11,24,1,0,STAT,60,LAT,LON,W,CRC
03/13/26 07:50:27,22.57,202.96,18.32,10.31,2.66,409.00,21.20,26.70,0.01,0.40,0.56,0.00,0.00,1,13.98,27.52,34.42,1,-10,24,1,0,STAT,60,LAT,LON,W,CRC
03/13/26 07:51:27,22.57,204.03,19.24,10.85,1.61,409.00,21.20,26.80,0.00,0.13,0.63,0.00,0.00,1,13.95,7.77,33.01,1,-10,22,1,1,STAT,60,LAT,LON,W,CRC
03/13/26 07:52:27,22.57,208.30,19.83,10.25,2.26,409.00,21.20,26.80,0.04,0.41,0.59,0.00,0.00,1,13.95,2.20,33.51,1,-12,22,1,0,STAT,60,LAT,LON,W,CRC
03/13/26 07:53:27,22.57,203.37,19.39,11.27,1.90,409.00,21.20,26.80,0.01,0.17,0.23,0.00,0.00,1,13.91,0.62,29.62,1,-11,23,1,1,STAT,60,LAT,LON,W,CRC
03/13/26 07:54:28,22.57,202.12,19.63,11.14,1.73,409.00,21.20,26.70,0.00,0.28,0.30,0.00,0.00,1,13.91,0.18,27.94,1,-10,22,1,1,STAT,60,LAT,LON,W,CRC
03/13/26 07:55:28,22.57,202.45,18.02,10.32,3.89,409.00,21.20,26.80,0.00,0.38,0.55,0.00,0.00,1,13.87,0.05,28.60,1,-11,24,1,1,STAT,60,LAT,LON,W,CRC
03/13/26 07:56:28,22.57,194.74,17.90,9.67,3.71,409.00,21.20,26.80,0.10,0.41,0.47,0.00,0.00,1,13.87,0.01,35.45,1,-8,24,1,1,STAT,60,LAT,LON,W,CRC
03/13/26 07:57:28,22.56,197.90,17.67,10.11,3.64,409.00,21.20,26.80,0.03,0.44,0.46,0.00,0.00,1,14.16,269.60,28.71,1,-9,24,1,1,STAT,60,LAT,LON,W,CRC
03/13/26 07:58:28,22.55,202.69,17.29,10.91,1.39,409.00,21.20,26.70,0.01,0.23,0.23,0.00,0.00,1,14.05,76.14,28.62,1,-11,24,1,0,STAT,60,LAT,LON,W,CRC
03/13/26 07:59:28,22.54,200.72,17.80,10.45,2.78,409.00,21.20,26.80,0.00,0.27,0.27,0.00,0.00,1,13.98,21.51,29.10,1,-11,24,1,1,STAT,60,LAT,LON,W,CRC
03/13/26 08:00:28,22.53,200.39,17.32,10.57,2.18,409.00,21.20,26.80,0.00,0.29,0.29,0.00,0.00,1,13.95,6.07,31.13,1,-10,24,1,1,STAT,60,LAT,LON,W,CRC
03/13/26 08:01:30,22.52,206.93,17.20,10.88,1.76,409.00,21.20,26.80,0.00,0.27,0.27,0.00,0.00,1,13.95,1.72,31.27,1,-13,25,2,1,STAT,60,LAT,LON,W,CRC
03/13/26 08:02:30,22.51,203.73,18.49,10.27,3.22,409.00,21.20,26.80,0.00,0.37,0.37,0.00,0.00,1,13.91,0.48,29.01,1,-11,24,1,1,STAT,60,LAT,LON,W,CRC
03/13/26 08:03:30,22.50,199.90,18.32,10.82,2.38,408.75,21.20,26.80,0.15,0.38,0.69,0.00,0.00,1,13.91,0.14,30.40,1,-10,24,1,1,STAT,60,LAT,LON,W,CRC
03/13/26 08:04:30,22.49,201.02,18.26,10.40,2.50,408.35,21.20,26.80,0.11,0.42,0.52,0.00,0.00,1,13.87,0.04,29.65,1,-11,24,1,0,STAT,60,LAT,LON,W,CRC
03/13/26 08:05:30,22.49,199.42,16.87,10.46,1.03,408.77,21.20,26.80,0.23,0.47,0.54,0.00,0.00,1,13.87,0.01,30.64,1,-10,25,1,0,STAT,60,LAT,LON,W,CRC
03/13/26 08:06:30,22.49,201.86,18.10,10.96,1.58,408.92,21.20,26.80,0.65,0.88,0.90,0.00,0.00,1,14.16,249.27,28.40,1,-10,23,1,1,STAT,60,LAT,LON,W,CRC
03/13/26 08:07:31,22.49,200.64,17.62,10.43,2.54,408.97,21.20,26.80,0.20,0.61,0.61,0.00,0.00,1,14.05,70.40,28.13,1,-10,24,1,0,STAT,60,LAT,LON,W,CRC
03/13/26 08:08:31,22.49,202.14,17.80,10.14,2.70,408.99,21.20,26.90,0.19,0.68,0.68,0.00,0.00,1,13.98,19.88,28.32,1,-10,24,1,0,STAT,60,LAT,LON,W,CRC
03/13/26 08:09:31,22.49,205.80,18.10,10.69,1.19,409.00,21.20,26.90,0.22,0.52,0.52,0.00,0.00,1,13.95,5.62,29.42,1,-12,24,1,0,STAT,60,LAT,LON,W,CRC
03/13/26 08:10:31,22.49,197.69,17.40,10.16,1.71,409.00,21.20,26.80,0.17,0.65,0.65,0.00,0.00,1,13.95,1.59,30.50,1,-9,25,1,0,STAT,60,LAT,LON,W,CRC
03/13/26 08:11:30,22.49,200.77,16.62,10.46,2.41,408.92,21.20,26.90,0.22,0.73,0.73,0.00,0.00,1,13.91,0.45,30.50,1,-11,25,1,0,STAT,60,LAT,LON,W,CRC
03/13/26 08:12:30,22.49,201.09,17.45,10.86,1.37,408.32,21.20,26.80,0.12,0.72,0.72,0.00,0.00,1,13.91,0.13,29.44,1,-10,24,1,1,STAT,60,LAT,LON,W,CRC
03/13/26 08:13:30,22.49,203.35,17.23,10.01,2.13,408.11,21.20,26.80,0.04,0.54,0.54,0.00,0.00,1,13.87,0.04,29.71,1,-12,24,2,0,STAT,60,LAT,LON,W,CRC
03/13/26 08:14:30,22.49,204.29,17.81,10.03,2.91,408.66,21.20,26.80,0.06,0.58,0.58,0.00,0.00,1,13.87,0.01,31.09,1,-12,24,1,1,STAT,60,LAT,LON,W,CRC
03/13/26 08:15:31,22.49,199.99,18.27,10.56,2.08,408.88,21.20,26.80,0.02,0.59,0.62,0.00,0.00,1,14.16,273.74,29.74,1,-10,24,1,0,STAT,60,LAT,LON,W,CRC
03/13/26 08:16:31,22.49,202.59,18.12,10.67,1.36,408.96,21.20,26.80,0.01,0.21,0.22,0.00,0.00,1,14.02,77.31,31.77,1,-12,25,2,0,STAT,60,LAT,LON,W,CRC
03/13/26 08:17:31,22.49,202.88,18.28,10.75,1.54,408.87,21.20,26.80,0.00,0.34,0.35,0.00,0.00,1,13.98,21.84,29.90,1,-12,23,2,0,STAT,60,LAT,LON,W,CRC
03/13/26 08:18:31,22.49,196.62,18.25,10.36,1.87,408.95,21.20,26.80,0.14,0.30,0.30,0.00,0.00,1,13.95,6.17,32.84,1,-11,23,1,0,STAT,60,LAT,LON,W,CRC
03/13/26 08:19:31,22.49,200.22,18.09,10.81,0.77,408.98,21.10,26.80,0.04,0.54,0.54,0.00,0.00,1,13.95,1.74,30.56,1,-11,23,1,0,STAT,60,LAT,LON,W,CRC
03/13/26 08:20:31,22.49,196.17,19.26,10.21,2.37,408.99,21.10,26.90,0.01,0.52,0.52,0.00,0.00,1,13.91,0.49,28.26,1,-10,22,1,1,STAT,60,LAT,LON,W,CRC
03/13/26 08:21:33,22.49,198.12,18.11,10.63,1.31,409.00,21.10,26.80,0.00,0.45,0.46,0.00,0.00,1,13.91,0.14,33.15,1,-10,24,1,0,STAT,60,LAT,LON,W,CRC
03/13/26 08:22:33,22.49,197.32,18.07,10.22,1.81,409.00,21.20,26.80,0.00,0.14,0.14,0.00,0.00,1,13.87,0.04,31.23,1,-11,23,1,0,STAT,60,LAT,LON,W,CRC
03/13/26 08:23:33,22.49,195.59,18.00,10.28,2.45,409.00,21.10,26.80,0.00,0.04,0.04,0.00,0.00,1,13.87,0.01,29.70,1,-10,23,1,1,STAT,60,LAT,LON,W,CRC
03/13/26 08:24:33,22.49,196.46,18.18,10.46,2.46,409.00,21.10,26.80,0.00,0.09,0.09,0.00,0.00,1,14.16,277.73,29.02,1,-10,23,1,0,STAT,60,LAT,LON,W,CRC
03/13/26 08:25:33,22.49,191.68,17.72,9.97,2.73,409.00,21.20,26.80,0.00,0.30,0.30,0.00,0.00,1,14.05,78.44,27.52,1,-9,24,1,0,STAT,60,LAT,LON,W,CRC
03/13/26 08:26:33,22.49,197.36,17.37,10.61,3.20,409.00,21.10,26.80,0.00,0.33,0.33,0.00,0.00,1,13.98,22.15,27.36,1,-11,24,1,1,STAT,60,LAT,LON,W,CRC
03/13/26 08:27:33,22.49,200.14,17.92,10.74,1.81,409.00,21.10,26.80,0.00,0.12,0.12,0.00,0.00,1,13.95,6.26,31.24,1,-12,24,2,1,STAT,60,LAT,LON,W,CRC
03/13/26 08:28:33,22.49,197.89,18.71,11.15,2.10,409.00,21.10,26.80,0.00,0.04,0.04,0.00,0.00,1,13.95,1.77,31.25,1,-11,22,2,1,STAT,60,LAT,LON,W,CRC
03/13/26 08:29:34,22.49,196.30,18.02,10.21,1.24,409.00,21.10,26.80,0.00,0.12,0.25,0.00,0.00,1,13.91,0.50,28.42,1,-11,23,1,0,STAT,60,LAT,LON,W,CRC
03/13/26 08:30:34,22.49,198.45,17.18,10.64,1.75,409.00,21.20,26.80,0.00,0.26,0.32,0.00,0.00,1,13.91,0.14,28.66,1,-12,24,2,1,STAT,60,LAT,LON,W,CRC
03/13/26 08:31:34,22.49,199.83,17.62,10.44,1.31,409.00,21.10,26.80,0.00,0.20,0.33,0.00,0.00,1,13.87,0.04,27.82,1,-12,24,1,0,STAT,60,LAT,LON,W,CRC
03/13/26 08:32:29,22.49,197.56,16.25,10.89,1.19,409.00,21.10,26.80,0.00,0.07,0.11,0.00,0.00,1,13.87,0.01,28.72,1,-11,25,0,0,STAT,60,LAT,LON,W,CRC
03/13/26 08:33:29,22.48,197.06,16.51,10.25,2.58,409.00,21.10,26.80,0.00,0.02,0.03,0.00,0.00,1,14.12,187.82,28.48,1,-11,25,1,1,STAT,60,LAT,LON,W,CRC
03/13/26 08:34:29,22.49,198.00,17.44,10.66,2.29,409.00,21.10,26.80,0.00,0.22,0.22,0.00,0.00,1,14.02,53.05,29.23,1,-12,24,1,0,STAT,60,LAT,LON,W,CRC
03/13/26 08:35:29,22.49,193.46,16.52,10.50,2.85,408.65,21.10,26.80,0.00,0.07,0.07,0.00,0.00,1,13.98,14.98,30.72,1,-11,25,1,0,STAT,60,LAT,LON,W,CRC
03/13/26 08:36:30,22.49,188.15,17.13,9.90,2.37,408.23,21.10,26.80,0.00,0.07,0.07,0.00,0.00,1,13.95,4.23,33.40,1,-9,24,1,0,STAT,60,LAT,LON,W,CRC
03/13/26 08:37:30,22.49,190.39,18.09,9.89,2.30,408.08,21.10,26.80,0.00,0.02,0.02,0.00,0.00,1,13.95,1.20,35.27,1,-10,23,1,0,STAT,60,LAT,LON,W,CRC
03/13/26 08:38:30,22.49,195.22,17.19,10.22,1.92,408.03,21.20,26.80,0.00,0.01,0.01,0.00,0.00,1,13.91,0.34,31.72,1,-11,25,2,1,STAT,60,LAT,LON,W,CRC
03/13/26 08:39:30,22.49,197.07,18.17,9.99,3.10,408.51,21.10,26.80,0.00,0.00,0.00,0.00,0.00,1,13.91,0.10,29.54,1,-12,23,2,1,STAT,60,LAT,LON,W,CRC
03/13/26 08:40:30,22.48,198.41,17.81,9.80,2.54,408.83,21.10,26.80,0.00,0.00,0.27,0.00,0.00,1,13.87,0.03,30.01,1,-12,24,1,0,STAT,60,LAT,LON,W,CRC
03/13/26 08:41:30,22.48,197.59,17.79,10.30,1.69,408.94,21.10,26.80,0.00,0.00,0.08,0.00,0.00,1,13.87,0.01,28.07,1,-12,24,1,1,STAT,60,LAT,LON,W,CRC
03/13/26 08:42:30,22.48,191.01,18.31,9.84,3.01,408.98,21.10,26.80,0.00,0.00,0.03,0.00,0.00,1,14.12,199.55,32.24,1,-10,23,1,1,STAT,60,LAT,LON,W,CRC
03/13/26 08:43:30,22.48,198.14,18.24,10.63,1.65,408.99,21.10,26.80,0.00,0.00,0.01,0.00,0.00,1,14.02,56.36,29.79,1,-12,23,1,0,STAT,60,LAT,LON,W,CRC
03/13/26 08:44:31,22.48,190.37,17.85,10.40,1.98,409.00,21.10,26.80,0.00,0.00,0.00,0.00,0.00,1,13.98,15.92,29.93,1,-10,23,1,1,STAT,60,LAT,LON,W,CRC
03/13/26 08:45:31,22.49,193.11,17.74,9.88,2.75,409.00,21.10,26.80,0.00,0.00,0.00,0.00,0.00,1,13.95,4.50,30.12,1,-10,23,1,0,STAT,60,LAT,LON,W,CRC
03/13/26 08:46:31,22.49,197.62,17.97,10.66,1.85,409.00,21.20,26.80,0.00,0.00,0.00,0.00,0.00,1,13.95,1.27,30.83,1,-12,23,1,0,STAT,60,LAT,LON,W,CRC
03/13/26 08:47:31,22.48,198.96,18.61,10.66,2.20,408.92,21.10,26.80,0.00,0.00,0.00,0.00,0.00,1,13.91,0.36,28.47,1,-13,22,1,0,STAT,60,LAT,LON,W,CRC
03/13/26 08:48:31,22.49,195.99,18.45,10.36,1.89,408.97,21.10,26.80,0.00,0.00,0.00,0.00,0.00,1,13.91,0.10,32.09,1,-12,23,1,0,STAT,60,LAT,LON,W,CRC
03/13/26 08:49:31,22.48,195.29,17.42,10.54,2.18,408.99,21.10,26.80,0.00,0.00,0.00,0.00,0.00,1,13.87,0.03,31.17,1,-11,24,1,0,STAT,60,LAT,LON,W,CRC
03/13/26 08:50:31,22.48,200.54,18.27,10.61,1.26,408.38,21.10,26.70,0.00,0.00,0.00,0.00,0.00,1,13.87,0.01,32.55,1,-13,22,1,1,STAT,60,LAT,LON,W,CRC
03/13/26 08:51:32,22.47,187.31,18.51,11.11,1.94,408.78,21.10,26.70,0.00,0.00,0.00,0.00,0.00,1,14.16,241.76,29.18,1,-9,23,1,1,STAT,60,LAT,LON,W,CRC
03/13/26 08:52:32,22.47,193.38,18.82,10.63,1.59,408.92,21.20,26.80,0.00,0.00,0.00,0.00,0.00,1,14.02,68.28,31.17,1,-12,24,1,0,STAT,60,LAT,LON,W,CRC
03/13/26 08:53:32,22.48,190.12,18.57,10.82,1.94,408.97,21.10,26.70,0.00,0.00,0.00,0.00,0.00,1,13.98,19.28,30.82,1,-11,24,1,1,STAT,60,LAT,LON,W,CRC
03/13/26 08:54:33,22.48,192.54,18.39,10.75,0.80,408.99,21.20,26.80,0.00,0.00,0.00,0.00,0.00,1,13.95,5.45,29.09,1,-11,24,1,0,STAT,60,LAT,LON,W,CRC
03/13/26 08:55:33,22.48,191.74,18.90,10.40,2.93,408.91,21.10,26.70,0.00,0.00,0.00,0.00,0.00,1,13.95,1.54,27.69,1,-11,24,1,1,STAT,60,LAT,LON,W,CRC
03/13/26 08:56:33,22.48,192.27,18.19,9.83,3.53,408.32,21.10,26.80,0.00,0.00,0.00,0.00,0.00,1,13.91,0.43,28.46,1,-12,24,1,1,STAT,60,LAT,LON,W,CRC
03/13/26 08:57:33,22.48,190.75,18.14,10.50,2.01,408.11,21.10,26.80,0.00,0.00,0.00,0.00,0.00,1,13.87,0.12,29.78,1,-11,23,1,1,STAT,60,LAT,LON,W,CRC
03/13/26 08:58:33,22.48,188.51,18.57,10.59,2.01,408.04,21.10,26.70,0.00,0.00,0.00,0.00,0.00,1,13.87,0.03,33.66,1,-11,23,1,1,STAT,60,LAT,LON,W,CRC
03/13/26 08:59:33,22.48,189.15,17.35,10.47,2.48,408.01,21.10,26.70,0.00,0.00,0.00,0.00,0.00,1,13.87,0.01,29.20,1,-11,24,1,1,STAT,60,LAT,LON,W,CRC
03/13/26 09:00:33,22.47,182.40,17.43,10.08,3.83,408.00,21.10,26.70,0.00,0.00,0.00,0.00,0.00,1,14.12,188.93,28.56,1,-9,24,1,1,STAT,60,LAT,LON,W,CRC
03/13/26 09:01:33,22.48,188.04,16.22,9.77,3.64,408.00,21.10,26.70,0.00,0.00,0.00,0.00,0.00,1,14.02,53.36,29.23,1,-11,25,1,1,STAT,60,LAT,LON,W,CRC
03/13/26 09:02:33,22.48,187.06,17.99,11.00,1.67,408.00,21.10,26.80,0.00,0.00,0.00,0.00,0.00,1,13.98,15.07,30.71,1,-10,24,2,0,STAT,60,LAT,LON,W,CRC
03/13/26 09:03:35,22.48,188.27,18.62,9.95,4.45,408.00,21.20,26.60,0.00,0.00,0.00,0.00,0.00,1,13.95,4.26,33.00,1,-11,23,1,1,STAT,60,LAT,LON,W,CRC
03/13/26 09:04:35,22.47,189.45,18.08,10.71,1.95,408.00,21.20,26.70,0.00,0.00,0.00,0.00,0.00,1,13.91,1.20,28.44,1,-11,23,1,1,STAT,60,LAT,LON,W,CRC
03/13/26 09:05:35,22.47,188.89,18.18,9.80,2.65,408.00,21.20,26.70,0.00,0.00,0.00,0.00,0.00,1,13.91,0.34,28.32,1,-11,23,0,0,STAT,60,LAT,LON,W,CRC
03/13/26 09:06:35,22.47,188.12,17.02,9.65,3.18,408.00,21.20,26.70,0.00,0.00,0.00,0.00,0.00,1,13.91,0.10,28.24,1,-11,24,1,0,STAT,60,LAT,LON,W,CRC
03/13/26 09:07:35,22.47,186.91,18.30,10.59,2.33,408.00,21.20,26.60,0.00,0.00,0.00,0.00,0.00,1,13.87,0.03,28.84,1,-10,24,2,0,STAT,60,LAT,LON,W,CRC
03/13/26 09:08:34,22.47,181.58,17.20,10.61,1.66,408.00,21.20,26.60,0.00,0.00,0.00,0.00,0.00,1,14.19,272.43,33.95,1,-8,25,2,0,STAT,60,LAT,LON,W,CRC
03/13/26 09:09:35,22.48,187.73,17.85,10.35,2.95,408.00,21.20,26.60,0.00,0.00,0.00,0.00,0.00,1,14.05,84.43,30.82,1,-10,23,1,0,STAT,60,LAT,LON,W,CRC
03/13/26 09:10:35,22.48,190.36,18.10,10.78,1.83,408.00,21.20,26.60,0.00,0.00,0.00,0.00,0.00,1,13.98,23.85,29.02,1,-11,24,1,0,STAT,60,LAT,LON,W,CRC
03/13/26 09:11:35,22.48,194.47,18.93,10.63,2.27,408.00,21.20,26.60,0.00,0.00,0.00,0.00,0.00,1,13.98,6.73,30.18,1,-13,23,2,0,STAT,60,LAT,LON,W,CRC
03/13/26 09:12:35,22.48,190.76,18.84,10.75,2.37,408.00,21.20,26.60,0.00,0.00,0.00,0.00,0.00,1,13.95,1.90,30.19,1,-12,23,1,0,STAT,60,LAT,LON,W,CRC
03/13/26 09:13:35,22.48,186.30,17.82,9.77,3.50,408.00,21.20,26.60,0.00,0.00,0.00,0.00,0.00,1,13.91,0.54,30.70,1,-11,23,1,1,STAT,60,LAT,LON,W,CRC
03/13/26 09:14:35,22.48,190.43,17.25,9.70,3.55,408.00,21.20,26.60,0.00,0.00,0.00,0.00,0.00,1,13.91,0.15,28.69,1,-12,24,1,0,STAT,60,LAT,LON,W,CRC
03/13/26 09:15:36,22.48,187.77,17.10,9.82,3.06,408.00,21.20,26.60,0.00,0.00,0.00,0.00,0.00,1,13.87,0.04,28.69,1,-11,25,1,0,STAT,60,LAT,LON,W,CRC
03/13/26 09:16:36,22.48,182.12,17.48,10.55,3.56,408.00,21.20,26.90,0.00,0.00,0.00,0.00,0.00,1,13.87,0.01,28.94,1,-9,25,1,1,STAT,60,LAT,LON,W,CRC
03/13/26 09:17:36,22.48,181.93,17.35,11.18,1.69,408.00,21.20,26.80,0.00,0.00,0.00,0.00,0.00,1,14.16,238.19,28.98,1,-8,25,1,1,STAT,60,LAT,LON,W,CRC
03/13/26 09:18:36,22.48,180.58,17.17,10.37,1.03,408.00,21.20,26.80,0.00,0.00,0.00,0.00,0.00,1,14.05,99.59,32.06,1,-9,25,1,0,STAT,60,LAT,LON,W,CRC
03/13/26 09:19:36,22.48,185.87,17.82,10.45,1.28,408.44,21.20,26.80,0.00,0.00,0.00,0.00,0.00,1,13.98,28.13,29.74,1,-11,25,1,1,STAT,60,LAT,LON,W,CRC
03/13/26 09:20:36,22.48,184.32,18.86,10.23,2.92,408.42,21.20,26.90,0.00,0.00,0.00,0.00,0.00,1,13.95,7.94,29.65,1,-10,23,1,1,STAT,60,LAT,LON,W,CRC
03/13/26 09:21:36,22.49,182.40,18.61,10.21,3.49,408.15,21.20,26.90,0.00,0.00,0.00,0.00,0.00,1,13.95,2.24,30.90,1,-10,23,1,1,STAT,60,LAT,LON,W,CRC
03/13/26 09:22:36,22.49,185.97,17.25,10.04,2.95,408.05,21.20,27.00,0.00,0.00,0.00,0.00,0.00,1,13.91,0.63,29.97,1,-10,25,1,0,STAT,60,LAT,LON,W,CRC
03/13/26 09:23:37,22.49,190.97,18.66,9.84,2.35,408.02,21.20,26.80,0.00,0.00,0.00,0.00,0.00,1,13.91,0.18,36.16,1,-11,23,1,1,STAT,60,LAT,LON,W,CRC
03/13/26 09:24:37,22.49,185.52,17.16,8.73,2.89,408.01,21.20,26.80,0.00,0.00,0.00,0.00,0.00,1,13.87,0.05,32.08,1,-11,24,1,0,STAT,60,LAT,LON,W,CRC
03/13/26 09:25:37,22.49,184.94,17.73,10.56,1.35,408.00,21.20,26.90,0.00,0.00,0.00,0.00,0.00,1,13.87,0.01,30.60,1,-10,24,0,1,STAT,60,LAT,LON,W,CRC
03/13/26 09:26:37,22.49,190.16,17.95,9.15,2.79,408.00,21.20,26.80,0.00,0.00,0.00,0.00,0.00,1,14.19,289.31,31.04,1,-12,24,1,1,STAT,60,LAT,LON,W,CRC
03/13/26 09:27:37,22.49,186.84,17.43,9.67,2.26,408.00,21.20,26.80,0.00,0.00,0.00,0.00,0.00,1,14.05,89.40,27.80,1,-11,24,1,0,STAT,60,LAT,LON,W,CRC
03/13/26 09:28:37,22.49,184.45,18.90,10.23,2.66,408.00,21.20,26.90,0.00,0.00,0.00,0.00,0.00,1,13.98,25.25,33.60,1,-11,23,1,0,STAT,60,LAT,LON,W,CRC
03/13/26 09:29:37,22.49,185.98,18.27,10.17,2.22,408.00,21.20,26.90,0.00,0.00,0.00,0.00,0.00,1,13.95,7.13,32.86,1,-11,23,0,0,STAT,60,LAT,LON,W,CRC
03/13/26 09:30:37,22.49,185.46,19.10,10.94,1.39,408.00,21.20,26.90,0.00,0.00,0.00,0.00,0.00,1,13.95,2.01,31.82,1,-10,22,1,1,STAT,60,LAT,LON,W,CRC
03/13/26 09:31:38,22.49,185.79,18.22,10.53,1.32,408.00,21.20,26.80,0.00,0.00,0.00,0.00,0.00,1,13.91,0.57,32.05,1,-11,23,0,0,STAT,60,LAT,LON,W,CRC
03/13/26 09:32:38,22.49,192.16,19.12,10.41,0.50,408.00,21.20,26.90,0.00,0.00,0.00,0.00,0.00,1,13.91,0.16,28.15,1,-12,22,1,0,STAT,60,LAT,LON,W,CRC
03/13/26 09:33:38,22.49,185.02,18.59,10.58,0.86,408.00,21.20,26.90,0.00,0.00,0.00,0.00,0.00,1,13.87,0.05,28.82,1,-10,23,1,0,STAT,60,LAT,LON,W,CRC
03/13/26 09:34:38,22.49,189.77,19.27,10.50,0.77,408.00,21.20,26.90,0.00,0.00,0.00,0.00,0.00,1,13.87,0.01,30.06,1,-12,22,2,0,STAT,60,LAT,LON,W,CRC
03/13/26 09:35:39,22.49,185.58,17.54,10.35,1.90,408.00,21.20,26.90,0.00,0.00,0.00,0.00,0.00,1,14.19,316.81,29.41,1,-10,23,1,1,STAT,60,LAT,LON,W,CRC
03/13/26 09:36:39,22.49,193.36,18.60,10.86,1.29,408.00,21.20,26.90,0.00,0.00,0.00,0.00,0.00,1,14.05,89.48,28.67,1,-13,23,2,1,STAT,60,LAT,LON,W,CRC
03/13/26 09:37:39,22.49,186.42,17.98,10.21,1.92,408.00,21.20,26.90,0.00,0.00,0.00,0.00,0.00,1,13.98,25.27,28.61,1,-11,23,1,1,STAT,60,LAT,LON,W,CRC
03/13/26 09:38:39,22.49,184.86,19.02,10.89,0.37,408.00,21.20,26.80,0.00,0.00,0.00,0.00,0.00,1,13.95,7.14,29.89,1,-10,23,2,1,STAT,60,LAT,LON,W,CRC
03/13/26 09:39:39,22.49,182.64,18.41,9.97,1.37,408.00,21.20,26.80,0.00,0.00,0.00,0.00,0.00,1,13.95,2.02,37.46,1,-9,23,1,0,STAT,60,LAT,LON,W,CRC
03/13/26 09:40:39,22.48,184.94,18.63,9.71,2.03,408.00,21.20,26.80,0.00,0.00,0.00,0.00,0.00,1,13.91,0.57,31.72,1,-11,22,2,0,STAT,60,LAT,LON,W,CRC
03/13/26 09:41:39,22.48,183.26,19.58,10.73,0.82,408.00,21.20,26.80,0.00,0.00,0.00,0.00,0.00,1,13.91,0.16,28.33,1,-10,22,1,0,STAT,60,LAT,LON,W,CRC
03/13/26 09:42:39,22.48,183.85,18.88,10.49,1.56,408.00,21.20,26.80,0.00,0.00,0.00,0.00,0.00,1,13.87,0.05,28.35,1,-11,23,1,1,STAT,60,LAT,LON,W,CRC
03/13/26 09:43:39,22.48,188.14,19.50,10.83,1.20,408.00,21.20,26.80,0.00,0.00,0.00,0.00,0.00,1,13.87,0.01,29.44,1,-12,22,0,0,STAT,60,LAT,LON,W,CRC
03/13/26 09:44:37,22.48,180.24,19.46,10.10,2.07,408.00,21.20,26.80,0.00,0.00,0.00,0.00,0.00,1,14.19,252.27,31.20,1,-10,23,1,0,STAT,60,LAT,LON,W,CRC
03/13/26 09:45:37,22.48,185.24,19.31,9.98,2.83,408.00,21.20,26.80,0.00,0.00,0.00,0.00,0.00,1,14.05,71.25,29.46,1,-11,23,1,1,STAT,60,LAT,LON,W,CRC
03/13/26 09:46:37,22.48,185.24,18.78,10.50,2.30,408.00,21.20,26.70,0.00,0.00,0.00,0.00,0.00,1,13.98,20.12,29.95,1,-11,23,2,1,STAT,60,LAT,LON,W,CRC
03/13/26 09:47:37,22.48,186.58,18.10,10.57,1.27,407.92,21.20,26.70,0.00,0.00,0.00,0.00,0.00,1,13.95,5.68,30.04,1,-11,24,1,0,STAT,60,LAT,LON,W,CRC
03/13/26 09:48:37,22.48,183.08,18.52,10.49,0.64,407.53,21.20,26.60,0.00,0.00,0.00,0.00,0.00,1,13.95,1.61,27.76,1,-11,23,1,0,STAT,60,LAT,LON,W,CRC
03/13/26 09:49:38,22.48,184.22,18.26,10.43,2.30,407.19,21.20,26.60,0.00,0.00,0.00,0.00,0.00,1,13.91,0.45,39.07,1,-11,24,2,0,STAT,60,LAT,LON,W,CRC
03/13/26 09:50:38,22.48,187.80,17.92,9.79,2.13,407.07,21.20,26.60,0.00,0.00,0.00,0.00,0.00,1,13.91,0.13,32.04,1,-13,24,1,0,STAT,60,LAT,LON,W,CRC
03/13/26 09:51:38,22.48,183.34,18.51,10.52,1.70,407.02,21.20,26.70,0.00,0.00,0.00,0.00,0.00,1,13.87,0.04,27.90,1,-11,24,1,0,STAT,60,LAT,LON,W,CRC
03/13/26 09:52:38,22.48,184.31,18.81,9.91,2.17,407.01,21.20,26.60,0.00,0.00,0.00,0.00,0.00,1,13.87,0.01,27.31,1,-11,23,2,1,STAT,60,LAT,LON,W,CRC
03/13/26 09:53:38,22.48,179.29,19.30,10.64,2.03,406.97,21.20,26.50,0.00,0.21,0.21,0.00,0.00,1,14.19,287.41,27.39,1,-9,23,1,1,STAT,60,LAT,LON,W,CRC
03/13/26 09:54:40,22.47,179.45,17.77,10.64,1.54,406.99,21.20,26.50,0.00,0.07,0.07,0.00,0.00,1,14.05,100.16,33.09,1,-10,25,2,1,STAT,60,LAT,LON,W,CRC
03/13/26 09:55:40,22.48,179.50,17.47,11.01,1.21,406.83,21.20,26.50,0.00,0.02,0.02,0.00,0.00,1,13.98,28.29,30.12,1,-10,24,1,1,STAT,60,LAT,LON,W,CRC
03/13/26 09:56:40,22.48,183.28,18.32,10.92,1.99,406.94,21.20,26.50,0.00,0.01,0.01,0.00,0.00,1,13.95,7.99,29.50,1,-12,23,1,1,STAT,60,LAT,LON,W,CRC
03/13/26 09:57:40,22.48,187.01,18.00,9.79,2.10,406.98,21.20,26.50,0.00,0.00,0.00,0.00,0.00,1,13.95,2.26,29.60,1,-12,24,1,1,STAT,60,LAT,LON,W,CRC
03/13/26 09:58:40,22.48,179.58,18.28,10.56,2.19,406.99,21.20,26.50,0.00,0.00,0.00,0.00,0.00,1,13.91,0.64,29.27,1,-10,24,1,1,STAT,60,LAT,LON,W,CRC
03/13/26 09:59:41,22.48,173.17,17.98,10.24,2.34,407.00,21.20,26.40,0.00,0.00,0.00,0.00,0.00,1,13.91,0.18,27.98,1,-8,25,1,1,STAT,60,LAT,LON,W,CRC
03/13/26 10:00:41,22.48,181.93,17.85,10.34,2.30,407.00,21.20,26.50,0.00,0.00,0.00,0.00,0.00,1,13.87,0.05,29.77,1,-11,24,1,0,STAT,60,LAT,LON,W,CRC
03/13/26 10:01:41,22.48,182.53,18.82,10.16,2.61,407.00,21.20,26.50,0.00,0.00,0.00,0.00,0.00,1,13.87,0.01,29.99,1,-11,23,1,0,STAT,60,LAT,LON,W,CRC
03/13/26 10:02:41,22.48,179.80,18.37,10.06,3.72,407.00,21.20,26.50,0.00,0.20,0.20,0.00,0.00,1,14.19,254.82,30.69,1,-10,23,1,1,STAT,60,LAT,LON,W,CRC
03/13/26 10:03:41,22.48,178.48,17.86,10.55,2.01,407.00,21.20,26.40,0.00,0.25,0.25,0.00,0.00,1,14.05,71.97,27.79,1,-10,23,1,0,STAT,60,LAT,LON,W,CRC
03/13/26 10:04:42,22.48,181.14,18.31,10.88,0.33,407.00,21.20,26.40,0.00,0.40,0.40,0.00,0.00,1,13.98,20.33,28.77,1,-11,24,1,0,STAT,60,LAT,LON,W,CRC
03/13/26 10:05:41,22.48,178.85,17.79,10.32,1.49,407.00,21.20,26.40,0.00,0.56,0.56,0.00,0.00,1,13.95,5.74,35.82,1,-10,24,1,0,STAT,60,LAT,LON,W,CRC
03/13/26 10:06:41,22.48,181.25,17.40,9.86,2.37,407.00,21.20,26.40,0.03,0.46,0.46,0.00,0.00,1,13.95,1.62,33.99,1,-11,25,1,0,STAT,60,LAT,LON,W,CRC
03/13/26 10:07:41,22.48,173.12,17.61,10.20,2.07,407.00,21.20,26.30,0.01,0.32,0.32,0.00,0.00,1,13.91,0.46,30.21,1,-8,24,1,0,STAT,60,LAT,LON,W,CRC
03/13/26 10:08:41,22.48,178.80,19.41,10.64,1.50,407.00,21.20,26.30,0.00,0.24,0.24,0.00,0.00,1,13.91,0.13,28.25,1,-10,22,1,1,STAT,60,LAT,LON,W,CRC
03/13/26 10:09:41,22.48,177.23,17.91,10.90,1.65,407.58,21.20,26.40,0.00,0.30,0.30,0.00,0.00,1,13.87,0.04,28.62,1,-9,24,2,1,STAT,60,LAT,LON,W,CRC
03/13/26 10:10:42,22.48,184.78,19.24,10.37,2.42,407.85,21.20,26.30,0.17,0.79,1.10,0.00,0.00,1,13.87,0.01,29.14,1,-12,23,1,1,STAT,60,LAT,LON,W,CRC
03/13/26 10:11:42,22.48,181.19,18.78,10.55,2.14,407.95,21.20,26.30,0.06,0.65,0.75,0.00,0.00,1,14.12,188.13,28.29,1,-11,23,2,1,STAT,60,LAT,LON,W,CRC
03/13/26 10:12:43,22.48,179.69,18.64,10.73,0.93,407.98,21.20,26.30,0.02,0.35,0.45,0.00,0.00,1,14.02,53.13,28.25,1,-11,23,2,0,STAT,60,LAT,LON,W,CRC
03/13/26 10:13:43,22.48,178.90,17.63,10.10,0.68,407.99,21.20,26.30,0.04,0.21,0.24,0.00,0.00,1,13.98,15.01,29.37,1,-10,24,2,0,STAT,60,LAT,LON,W,CRC
03/13/26 10:14:43,22.48,176.24,18.23,10.53,1.64,408.00,21.20,26.30,0.01,0.30,0.76,0.00,0.00,1,13.95,4.24,30.64,1,-10,23,1,1,STAT,60,LAT,LON,W,CRC
03/13/26 10:15:38,22.48,176.80,17.78,10.39,1.62,408.00,21.20,26.20,0.00,0.38,0.53,0.00,0.00,1,13.95,1.33,28.19,1,-10,24,2,0,STAT,60,LAT,LON,W,CRC
03/13/26 10:16:38,22.48,172.69,18.09,10.72,1.26,408.00,21.20,26.30,0.00,0.18,0.23,0.00,0.00,1,13.91,0.38,29.50,1,-8,24,1,0,STAT,60,LAT,LON,W,CRC
03/13/26 10:17:39,22.48,175.49,17.41,10.12,1.83,408.00,21.20,26.30,0.00,0.18,0.32,0.00,0.00,1,13.91,0.11,29.81,1,-9,24,1,1,STAT,60,LAT,LON,W,CRC
03/13/26 10:18:39,22.48,174.31,19.04,9.50,2.79,408.00,21.20,26.30,0.00,0.27,0.33,0.00,0.00,1,13.87,0.03,29.91,1,-10,23,1,1,STAT,60,LAT,LON,W,CRC
03/13/26 10:19:39,22.48,181.63,18.71,9.24,2.41,408.00,21.20,26.30,0.00,0.10,0.12,0.00,0.00,1,13.87,0.01,27.40,1,-12,24,1,0,STAT,60,LAT,LON,W,CRC
03/13/26 10:20:40,22.48,181.48,19.21,9.45,2.70,408.00,21.20,26.20,0.00,0.13,0.32,0.00,0.00,1,14.12,226.33,35.01,1,-10,22,1,0,STAT,60,LAT,LON,W,CRC
03/13/26 10:21:40,22.49,181.74,18.87,9.57,2.84,408.00,21.20,26.20,0.00,0.41,0.66,0.00,0.00,1,14.02,63.92,30.13,1,-12,24,1,0,STAT,60,LAT,LON,W,CRC
03/13/26 10:22:40,22.48,178.78,18.53,9.47,1.89,408.39,21.20,26.20,0.00,0.36,0.44,0.00,0.00,1,13.98,18.05,28.78,1,-10,24,1,0,STAT,60,LAT,LON,W,CRC
03/13/26 10:23:41,22.48,180.84,18.43,9.89,2.18,408.75,21.20,26.20,0.10,0.97,0.99,0.00,0.00,1,13.95,5.10,28.41,1,-10,24,1,1,STAT,60,LAT,LON,W,CRC
03/13/26 10:24:41,22.48,183.98,19.02,10.51,0.88,408.91,21.20,26.20,0.34,1.11,1.20,0.00,0.00,1,13.95,1.44,32.02,1,-12,24,1,0,STAT,60,LAT,LON,W,CRC
03/13/26 10:25:41,22.48,179.96,18.04,10.31,1.57,408.39,21.20,26.20,0.75,1.80,1.87,0.00,0.00,1,13.91,0.41,35.83,1,-10,24,1,0,STAT,60,LAT,LON,W,CRC
03/13/26 10:26:41,22.48,177.52,18.55,9.78,1.66,408.14,21.20,26.10,0.27,1.33,1.35,0.00,0.00,1,13.91,0.11,30.80,1,-10,23,2,0,STAT,60,LAT,LON,W,CRC
03/13/26 10:27:41,22.48,175.32,17.81,10.53,0.82,408.05,21.20,26.20,0.08,0.98,1.21,0.00,0.00,1,13.87,0.03,29.08,1,-10,24,2,0,STAT,60,LAT,LON,W,CRC
03/13/26 10:28:42,22.48,176.40,17.75,10.94,1.65,408.02,21.20,26.10,0.04,1.06,1.13,0.00,0.00,1,13.87,0.01,29.57,1,-10,24,2,1,STAT,60,LAT,LON,W,CRC
03/13/26 10:29:42,22.47,174.52,17.12,11.19,0.88,408.01,21.20,26.10,0.31,1.27,1.29,0.00,0.00,1,14.12,249.90,30.37,1,-9,24,2,1,STAT,60,LAT,LON,W,CRC
03/13/26 10:30:43,22.47,172.18,18.04,10.19,1.52,408.00,21.20,26.20,0.15,1.16,1.17,0.00,0.00,1,14.02,70.58,32.00,1,-9,23,1,0,STAT,60,LAT,LON,W,CRC
03/13/26 10:31:43,22.48,173.48,17.94,9.67,2.41,408.00,21.20,26.10,0.44,2.36,2.74,0.00,0.00,1,13.98,19.93,31.69,1,-8,24,1,0,STAT,60,LAT,LON,W,CRC
03/13/26 10:32:43,22.48,172.09,17.51,9.71,2.22,408.00,21.20,26.00,1.40,3.52,3.79,0.00,0.00,1,13.95,5.63,31.40,1,-8,25,1,1,STAT,60,LAT,LON,W,CRC
03/13/26 10:33:43,22.48,179.62,16.93,10.44,0.92,408.00,21.20,26.00,1.06,3.21,3.52,0.00,0.00,1,13.95,1.59,29.77,1,-10,25,1,0,STAT,60,LAT,LON,W,CRC
03/13/26 10:34:43,22.48,179.22,17.55,10.20,1.91,408.00,21.20,26.00,0.73,3.05,3.25,0.00,0.00,1,13.91,0.45,29.04,1,-10,25,1,0,STAT,60,LAT,LON,W,CRC
03/13/26 10:35:44,22.48,174.58,18.14,10.10,1.70,408.00,21.20,26.00,0.60,2.24,2.31,0.00,0.00,1,13.91,0.13,34.40,1,-9,24,1,1,STAT,60,LAT,LON,W,CRC
03/13/26 10:36:44,22.48,179.06,17.17,10.65,1.90,408.00,21.20,26.00,0.88,2.26,2.53,0.00,0.00,1,13.87,0.04,35.02,1,-11,25,1,1,STAT,60,LAT,LON,W,CRC
03/13/26 10:37:44,22.48,176.44,17.60,10.60,1.12,408.00,21.20,26.00,0.57,2.42,2.80,0.00,0.00,1,13.87,0.01,29.56,1,-10,25,1,1,STAT,60,LAT,LON,W,CRC
03/13/26 10:38:44,22.48,175.06,18.10,10.18,2.40,408.00,21.20,26.00,0.88,2.71,2.99,0.00,0.00,1,14.12,172.15,27.61,1,-9,24,1,1,STAT,60,LAT,LON,W,CRC
03/13/26 10:39:44,22.48,178.23,18.07,9.96,2.85,408.00,21.20,26.00,0.88,2.39,2.68,0.00,0.00,1,14.02,48.62,28.12,1,-10,24,1,1,STAT,60,LAT,LON,W,CRC
03/13/26 10:40:44,22.48,179.10,18.57,10.28,1.94,408.00,21.20,26.00,1.49,3.10,3.62,0.00,0.00,1,13.98,13.73,29.16,1,-10,23,1,0,STAT,60,LAT,LON,W,CRC
03/13/26 10:41:44,22.48,182.72,18.57,9.34,3.04,407.75,21.20,26.00,1.05,2.45,2.64,0.00,0.00,1,13.95,3.88,33.99,1,-11,24,1,0,STAT,60,LAT,LON,W,CRC
03/13/26 10:42:44,22.48,169.59,18.08,10.00,1.47,407.77,21.20,25.90,1.53,3.10,3.16,0.00,0.00,1,13.95,1.10,29.64,1,-7,25,1,0,STAT,60,LAT,LON,W,CRC
03/13/26 10:43:44,22.48,175.12,17.71,10.38,1.60,407.27,21.20,25.90,1.76,4.06,4.26,0.00,0.00,1,13.91,0.31,29.94,1,-9,24,1,0,STAT,60,LAT,LON,W,CRC
03/13/26 10:44:45,22.48,178.06,19.45,10.71,0.75,407.14,21.20,26.00,1.54,3.51,3.97,0.00,0.00,1,13.91,0.09,27.99,1,-10,22,1,0,STAT,60,LAT,LON,W,CRC
03/13/26 10:45:45,22.49,176.50,19.23,10.67,0.07,407.05,21.20,25.90,1.00,2.88,3.29,0.00,0.00,1,13.87,0.02,28.80,1,-9,24,2,0,STAT,60,LAT,LON,W,CRC
03/13/26 10:46:41,22.48,177.68,18.63,9.67,1.53,407.31,21.20,25.90,0.82,2.88,3.01,0.00,0.00,1,13.87,0.01,29.94,1,-10,24,1,0,STAT,60,LAT,LON,W,CRC
03/13/26 10:47:41,22.48,176.47,18.31,9.83,1.50,407.70,21.20,25.90,1.08,3.25,3.52,0.00,0.00,1,14.09,188.85,29.61,1,-10,23,1,0,STAT,60,LAT,LON,W,CRC
03/13/26 10:48:41,22.48,177.90,17.32,10.39,1.03,407.90,21.20,25.90,1.32,3.53,3.95,0.00,0.00,1,14.02,53.34,30.48,1,-9,25,1,0,STAT,60,LAT,LON,W,CRC
03/13/26 10:49:41,22.48,175.41,18.26,9.82,3.04,407.96,21.20,25.90,2.02,3.97,4.44,0.00,0.00,1,13.98,15.06,30.12,1,-9,25,1,1,STAT,60,LAT,LON,W,CRC
03/13/26 10:50:41,22.49,172.78,18.44,10.89,0.52,407.99,21.20,25.90,2.36,4.83,4.97,0.00,0.00,1,13.95,4.25,28.13,1,-8,24,2,0,STAT,60,LAT,LON,W,CRC
03/13/26 10:51:43,22.49,175.26,17.65,10.75,1.31,408.00,21.20,25.90,2.33,4.12,4.70,0.00,0.00,1,13.91,1.20,33.87,1,-9,25,1,0,STAT,60,LAT,LON,W,CRC
03/13/26 10:52:43,22.49,180.95,17.75,9.82,3.01,408.00,21.20,25.90,2.33,4.94,5.56,0.00,0.00,1,13.91,0.34,30.37,1,-10,25,2,1,STAT,60,LAT,LON,W,CRC
03/13/26 10:53:43,22.49,182.07,19.39,9.49,2.45,408.00,21.20,25.90,2.41,5.21,5.44,0.00,0.00,1,13.91,0.10,31.79,1,-9,23,1,1,STAT,60,LAT,LON,W,CRC
03/13/26 10:54:43,22.49,178.85,20.06,9.86,2.13,408.00,21.20,25.90,2.22,4.89,5.22,0.00,0.00,1,13.87,0.03,29.34,1,-9,23,2,1,STAT,60,LAT,LON,W,CRC
03/13/26 10:55:43,22.49,187.03,20.55,9.79,2.54,408.00,21.20,25.90,2.18,5.02,5.33,0.00,0.00,1,13.87,0.01,29.50,1,-12,23,2,1,STAT,60,LAT,LON,W,CRC
03/13/26 10:56:42,22.49,186.59,20.81,10.38,2.18,408.00,21.30,25.80,2.29,4.58,4.95,0.00,0.00,1,14.09,207.69,29.51,1,-10,23,1,1,STAT,60,LAT,LON,W,CRC
03/13/26 10:57:42,22.49,180.04,20.69,9.83,2.80,408.00,21.20,25.90,2.75,5.58,5.84,0.00,0.00,1,14.02,58.66,29.04,1,-8,22,1,1,STAT,60,LAT,LON,W,CRC
03/13/26 10:58:42,22.49,186.92,20.23,10.49,2.35,408.00,21.20,25.90,2.99,5.29,5.81,0.00,0.00,1,13.98,16.57,29.34,1,-11,23,1,1,STAT,60,LAT,LON,W,CRC
03/13/26 10:59:43,22.49,186.39,19.21,10.05,2.23,408.00,21.30,25.80,2.66,5.62,5.81,0.00,0.00,1,13.95,4.68,28.50,1,-11,23,1,1,STAT,60,LAT,LON,W,CRC
03/13/26 11:00:43,22.49,182.29,17.80,10.67,1.13,408.00,21.30,25.90,2.87,5.87,6.26,0.00,0.00,1,13.95,1.32,30.37,1,-10,24,1,1,STAT,60,LAT,LON,W,CRC
03/13/26 11:01:43,22.49,180.40,17.66,10.72,2.45,408.00,21.30,25.80,3.06,5.57,6.25,0.00,0.00,1,13.91,0.37,34.80,1,-8,25,1,1,STAT,60,LAT,LON,W,CRC
03/13/26 11:02:43,22.49,180.24,16.52,10.44,1.19,408.00,21.30,25.80,3.15,6.02,6.64,0.00,0.00,1,13.91,0.11,29.56,1,-9,27,2,0,STAT,60,LAT,LON,W,CRC
03/13/26 11:03:43,22.49,178.64,17.87,9.15,2.52,408.00,21.30,25.90,3.11,5.87,6.24,0.00,0.00,1,13.87,0.03,29.89,1,-8,25,1,0,STAT,60,LAT,LON,W,CRC
03/13/26 11:04:43,22.49,182.30,18.58,8.79,3.32,408.53,21.30,25.80,2.49,5.28,5.39,0.00,0.00,1,13.87,0.01,32.30,1,-9,24,1,0,STAT,60,LAT,LON,W,CRC
03/13/26 11:05:43,22.49,185.47,19.20,9.91,2.76,408.83,21.30,25.80,3.35,6.52,6.72,0.00,0.00,1,14.12,190.15,29.20,1,-10,24,1,1,STAT,60,LAT,LON,W,CRC
03/13/26 11:06:44,22.49,183.84,18.99,9.85,2.82,408.94,21.30,25.90,3.49,6.26,6.49,0.00,0.00,1,13.98,53.71,38.32,1,-9,24,1,1,STAT,60,LAT,LON,W,CRC
03/13/26 11:07:44,22.49,180.98,18.12,10.16,1.99,408.98,21.30,25.80,3.15,5.99,6.56,0.00,0.00,1,13.98,15.17,32.59,1,-8,24,1,1,STAT,60,LAT,LON,W,CRC
03/13/26 11:08:44,22.49,185.06,19.02,10.73,1.03,408.99,21.30,25.80,3.31,6.00,6.36,0.00,0.00,1,13.95,4.28,31.76,1,-9,23,2,1,STAT,60,LAT,LON,W,CRC
03/13/26 11:09:44,22.49,188.29,18.92,10.36,1.98,409.00,21.30,26.00,3.04,5.90,6.07,0.00,0.00,1,13.95,1.21,30.06,1,-10,23,1,0,STAT,60,LAT,LON,W,CRC
03/13/26 11:10:44,22.49,179.49,17.96,11.18,0.85,408.94,21.30,25.80,3.14,6.21,6.38,0.00,0.00,1,13.91,0.34,28.49,1,-8,24,1,1,STAT,60,LAT,LON,W,CRC
03/13/26 11:11:45,22.49,181.05,18.07,10.77,1.66,408.98,21.30,25.90,3.01,6.61,7.15,0.00,0.00,1,13.87,0.10,30.56,1,-10,25,2,1,STAT,60,LAT,LON,W,CRC
03/13/26 11:12:44,22.49,182.90,17.91,10.39,1.81,408.92,21.30,25.90,3.57,6.62,6.80,0.00,0.00,1,13.87,0.03,34.31,1,-10,24,1,1,STAT,60,LAT,LON,W,CRC
03/13/26 11:13:45,22.49,184.87,17.62,9.69,3.47,408.94,21.30,25.80,3.10,5.99,6.16,0.00,0.00,1,13.87,0.01,32.33,1,-10,24,1,1,STAT,60,LAT,LON,W,CRC
03/13/26 11:14:45,22.49,184.68,18.21,10.43,1.55,408.71,21.30,25.90,3.23,6.64,7.06,0.00,0.00,1,14.12,204.55,32.17,1,-10,24,2,1,STAT,60,LAT,LON,W,CRC
03/13/26 11:15:45,22.49,178.81,19.58,10.97,-0.31,408.90,21.30,25.80,2.66,6.54,6.95,0.00,0.00,1,14.02,57.77,27.90,1,-8,23,2,0,STAT,60,LAT,LON,W,CRC
03/13/26 11:16:45,22.49,179.95,17.59,10.34,1.96,408.96,21.30,25.90,2.48,6.27,7.28,0.00,0.00,1,13.98,16.32,30.06,1,-8,25,1,0,STAT,60,LAT,LON,W,CRC
03/13/26 11:17:45,22.49,179.59,18.59,10.41,2.31,408.99,21.30,25.80,2.11,5.30,5.93,0.00,0.00,1,13.95,4.61,31.44,1,-9,23,2,0,STAT,60,LAT,LON,W,CRC
03/13/26 11:18:45,22.49,180.99,18.19,10.15,1.74,409.00,21.30,25.90,2.47,5.76,6.23,0.00,0.00,1,13.95,1.30,29.37,1,-10,24,2,0,STAT,60,LAT,LON,W,CRC
03/13/26 11:19:45,22.49,182.23,17.54,10.22,1.10,408.84,21.30,25.80,2.73,6.05,6.59,0.00,0.00,1,13.91,0.37,27.51,1,-10,25,1,0,STAT,60,LAT,LON,W,CRC
03/13/26 11:20:46,22.49,185.12,17.19,9.96,2.64,408.30,21.30,25.80,3.39,6.93,7.10,0.00,0.00,1,13.91,0.10,25.70,1,-9,25,1,1,STAT,60,LAT,LON,W,CRC
03/13/26 11:21:46,22.51,185.69,19.08,10.48,1.74,408.61,21.30,25.80,4.10,7.82,8.11,0.00,0.00,1,13.87,0.03,26.42,1,-10,24,1,0,STAT,60,LAT,LON,W,CRC
03/13/26 11:22:46,22.52,187.40,18.27,10.08,2.32,408.86,21.30,25.90,4.32,8.51,8.60,0.00,0.00,1,13.87,0.01,34.44,1,-11,24,1,0,STAT,60,LAT,LON,W,CRC
03/13/26 11:23:46,22.53,191.01,18.35,9.29,2.85,408.95,21.30,25.80,4.10,8.06,8.38,0.00,0.00,1,14.09,163.23,32.75,1,-11,24,1,1,STAT,60,LAT,LON,W,CRC
03/13/26 11:24:46,22.55,187.65,18.86,9.84,3.22,409.56,21.40,25.90,3.62,7.60,7.75,0.00,0.00,1,14.02,46.10,30.98,1,-10,24,1,1,STAT,60,LAT,LON,W,CRC
03/13/26 11:25:46,22.56,182.30,17.68,10.36,1.91,409.85,21.40,25.80,3.12,6.93,7.17,0.00,0.00,1,13.98,13.02,29.75,1,-8,25,1,1,STAT,60,LAT,LON,W,CRC
03/13/26 11:26:46,22.56,192.79,17.28,9.34,3.19,409.95,21.30,25.80,3.16,6.81,7.14,0.00,0.00,1,13.95,3.68,30.36,1,-11,25,2,1,STAT,60,LAT,LON,W,CRC
03/13/26 11:27:47,22.57,180.32,19.66,9.67,2.44,409.98,21.30,25.90,3.11,5.94,6.05,0.00,0.00,1,13.91,1.04,37.57,1,-8,23,2,1,STAT,60,LAT,LON,W,CRC
03/13/26 11:28:47,22.57,190.37,19.29,9.70,2.33,409.99,21.30,25.90,3.29,6.26,6.29,0.00,0.00,1,13.91,0.29,31.50,1,-11,23,2,1,STAT,60,LAT,LON,W,CRC
03/13/26 11:29:47,22.57,187.65,18.98,9.79,2.18,410.00,21.30,25.90,2.91,5.81,5.82,0.00,0.00,1,13.91,0.08,30.23,1,-9,24,1,1,STAT,60,LAT,LON,W,CRC
03/13/26 11:30:47,22.57,190.42,17.80,10.27,2.72,410.00,21.30,25.90,2.56,5.06,5.12,0.00,0.00,1,13.87,0.02,29.19,1,-11,25,1,1,STAT,60,LAT,LON,W,CRC
03/13/26 11:31:48,22.58,191.62,18.65,9.95,3.02,410.00,21.40,25.90,2.52,5.02,5.64,0.00,0.00,1,13.87,0.01,30.20,1,-11,24,2,1,STAT,60,LAT,LON,W,CRC
03/13/26 11:32:48,22.57,189.80,18.95,11.07,1.47,409.38,21.40,25.80,2.40,5.07,5.77,0.00,0.00,1,14.05,162.17,38.14,1,-11,24,1,1,STAT,60,LAT,LON,W,CRC
03/13/26 11:33:48,22.58,187.91,17.62,11.18,0.40,409.14,21.30,25.90,2.61,5.19,5.43,0.00,0.00,1,14.02,45.80,32.21,1,-11,24,2,1,STAT,60,LAT,LON,W,CRC
03/13/26 11:34:48,22.58,181.46,17.06,10.49,2.15,409.05,21.40,25.80,2.62,4.74,4.82,0.00,0.00,1,13.98,12.94,28.52,1,-8,24,2,1,STAT,60,LAT,LON,W,CRC
03/13/26 11:35:48,22.58,178.71,17.16,10.53,1.68,409.02,21.40,25.90,2.23,3.98,4.23,0.00,0.00,1,13.95,3.65,28.27,1,-7,25,1,0,STAT,60,LAT,LON,W,CRC
03/13/26 11:36:48,22.58,181.25,18.98,9.47,3.67,409.01,21.40,25.90,1.98,3.72,3.96,0.00,0.00,1,13.95,1.03,29.26,1,-10,23,1,1,STAT,60,LAT,LON,W,CRC
03/13/26 11:37:48,22.58,180.87,18.73,10.42,2.24,409.61,21.40,25.90,1.66,3.32,3.40,0.00,0.00,1,13.91,0.29,36.41,1,-9,24,2,0,STAT,60,LAT,LON,W,CRC
03/13/26 11:38:49,22.58,185.12,18.97,10.34,1.87,409.86,21.40,25.90,1.44,3.27,3.29,0.00,0.00,1,13.87,0.08,28.51,1,-10,24,1,0,STAT,60,LAT,LON,W,CRC
03/13/26 11:39:49,22.59,181.57,20.45,10.15,2.02,409.95,21.40,25.90,1.66,3.39,3.52,0.00,0.00,1,13.87,0.02,28.12,1,-9,23,2,0,STAT,60,LAT,LON,W,CRC
03/13/26 11:40:49,22.59,178.48,19.40,10.18,2.85,409.98,21.40,25.90,1.62,2.89,2.99,0.00,0.00,1,14.12,247.84,28.39,1,-8,25,1,1,STAT,60,LAT,LON,W,CRC
03/13/26 11:41:49,22.59,187.22,20.21,10.48,2.50,409.54,21.40,25.80,0.67,1.97,2.21,0.00,0.00,1,14.05,131.38,29.57,1,-11,23,0,1,STAT,60,LAT,LON,W,CRC
03/13/26 11:42:50,22.59,185.43,17.98,10.83,2.76,409.19,21.40,25.80,0.67,2.02,2.16,0.00,0.00,1,13.98,37.10,37.00,1,-10,25,1,1,STAT,60,LAT,LON,W,CRC
03/13/26 11:43:50,22.59,179.51,16.69,10.28,2.37,409.07,21.40,25.80,0.99,2.54,2.58,0.00,0.00,1,13.98,10.48,32.66,1,-9,25,1,1,STAT,60,LAT,LON,W,CRC
03/13/26 11:44:50,22.59,184.01,17.12,9.62,3.13,409.02,21.40,25.70,1.35,2.87,2.89,0.00,0.00,1,13.95,2.96,31.83,1,-10,25,1,1,STAT,60,LAT,LON,W,CRC
03/13/26 11:45:50,22.59,186.01,18.81,10.91,1.17,409.01,21.40,25.70,1.19,2.97,3.13,0.00,0.00,1,13.91,0.84,31.67,1,-10,23,1,1,STAT,60,LAT,LON,W,CRC
03/13/26 11:46:50,22.59,180.35,19.35,10.33,2.78,409.00,21.40,25.70,1.00,2.59,2.64,0.00,0.00,1,13.91,0.24,31.50,1,-9,24,1,1,STAT,60,LAT,LON,W,CRC
03/13/26 11:47:50,22.59,177.88,19.55,10.26,2.72,409.00,21.40,25.80,0.35,1.64,1.66,0.00,0.00,1,13.87,0.07,28.88,1,-9,24,1,1,STAT,60,LAT,LON,W,CRC
03/13/26 11:48:51,22.59,181.89,19.01,10.87,1.39,409.00,21.40,25.80,0.23,1.41,1.43,0.00,0.00,1,13.87,0.02,30.63,1,-10,23,2,0,STAT,60,LAT,LON,W,CRC
03/13/26 11:49:51,22.59,177.77,19.34,9.22,3.55,409.00,21.40,25.80,0.67,2.04,2.29,0.00,0.00,1,14.19,267.19,29.10,1,-8,23,2,1,STAT,60,LAT,LON,W,CRC
03/13/26 11:50:51,22.59,176.98,17.95,9.33,3.37,409.00,21.40,25.90,0.69,1.58,2.22,0.00,0.00,1,14.05,93.50,30.24,1,-8,25,2,0,STAT,60,LAT,LON,W,CRC
03/13/26 11:51:51,22.59,179.67,17.33,9.82,3.47,408.88,21.40,25.90,0.74,1.38,1.57,0.00,0.00,1,13.98,26.41,29.16,1,-9,26,2,1,STAT,60,LAT,LON,W,CRC
03/13/26 11:52:51,22.59,180.76,18.96,10.40,3.30,408.89,21.40,25.90,0.92,1.76,1.82,0.00,0.00,1,13.98,7.46,27.65,1,-10,24,2,1,STAT,60,LAT,LON,W,CRC
03/13/26 11:53:51,22.59,180.32,18.46,9.96,3.67,408.53,21.40,25.90,0.95,1.69,1.91,0.00,0.00,1,13.95,2.11,32.22,1,-10,24,1,1,STAT,60,LAT,LON,W,CRC
03/13/26 11:54:51,22.59,181.42,17.20,9.68,3.03,408.19,21.40,26.00,0.93,1.69,1.93,0.00,0.00,1,13.91,0.59,29.80,1,-10,26,1,1,STAT,60,LAT,LON,W,CRC
03/13/26 11:55:52,22.59,175.38,18.44,9.74,4.21,408.07,21.40,26.00,0.44,1.22,1.30,0.00,0.00,1,13.91,0.17,29.94,1,-9,24,2,2,STAT,60,LAT,LON,W,CRC
03/13/26 11:56:52,22.59,173.38,18.06,10.06,2.65,408.02,21.40,26.00,0.66,2.00,2.11,0.00,0.00,1,13.87,0.05,27.09,1,-8,24,1,1,STAT,60,LAT,LON,W,CRC
03/13/26 11:57:52,22.59,176.88,16.78,9.68,3.54,407.74,21.40,26.10,0.47,1.52,1.77,0.00,0.00,1,13.87,0.01,28.55,1,-10,26,1,1,STAT,60,LAT,LON,W,CRC
03/13/26 11:58:48,22.60,174.02,17.53,9.24,3.33,407.58,21.40,26.00,0.76,1.63,2.04,0.00,0.00,1,14.19,249.78,26.71,1,-8,24,1,1,STAT,60,LAT,LON,W,CRC
03/13/26 11:59:48,22.60,185.14,18.46,10.74,0.92,407.60,21.40,26.00,0.77,1.71,1.84,0.00,0.00,1,14.05,70.55,29.76,1,-13,24,1,0,STAT,60,LAT,LON,W,CRC
03/13/26 12:00:48,22.59,183.87,18.68,10.25,0.97,407.86,21.40,26.10,0.51,1.35,1.39,0.00,0.00,1,13.98,19.92,32.34,1,-12,25,2,0,STAT,60,LAT,LON,W,CRC
03/13/26 12:01:48,22.59,180.59,19.14,9.50,1.87,407.72,21.40,26.10,0.32,1.37,1.58,0.00,0.00,1,13.95,5.63,31.39,1,-11,24,1,0,STAT,60,LAT,LON,W,CRC
03/13/26 12:02:49,22.59,176.45,20.83,9.49,1.80,407.87,21.40,26.10,0.44,1.03,1.10,0.00,0.00,1,13.95,1.59,31.17,1,-10,22,1,1,STAT,60,LAT,LON,W,CRC
03/13/26 12:03:50,22.59,176.44,20.49,9.98,1.41,407.45,21.40,26.10,0.31,1.02,1.19,0.00,0.00,1,13.91,0.45,33.96,1,-10,22,2,1,STAT,60,LAT,LON,W,CRC
03/13/26 12:04:50,22.59,177.00,18.00,10.45,0.25,407.60,21.40,26.10,0.67,1.23,1.50,0.00,0.00,1,13.91,0.13,32.23,1,-10,25,1,1,STAT,60,LAT,LON,W,CRC
03/13/26 12:05:50,22.59,177.11,18.05,11.03,0.40,407.32,21.40,26.10,0.78,1.35,1.43,0.00,0.00,1,13.87,0.04,29.13,1,-10,24,2,1,STAT,60,LAT,LON,W,CRC
03/13/26 12:06:50,22.59,181.35,18.59,11.21,1.36,407.11,21.40,26.10,0.64,1.07,1.37,0.00,0.00,1,13.87,0.01,29.72,1,-10,23,1,1,STAT,60,LAT,LON,W,CRC
03/13/26 12:07:50,22.59,178.04,20.00,10.72,1.74,407.04,21.40,26.10,0.85,1.49,1.58,0.00,0.00,1,14.19,308.83,28.94,1,-8,22,2,2,STAT,60,LAT,LON,W,CRC
03/13/26 12:08:50,22.59,185.97,19.35,10.52,0.73,407.52,21.40,26.10,0.69,1.17,1.20,0.00,0.00,1,14.02,95.42,40.94,1,-12,22,1,0,STAT,60,LAT,LON,W,CRC
03/13/26 12:09:50,22.59,179.70,19.08,11.32,0.04,407.83,21.40,26.10,0.73,1.40,1.73,0.00,0.00,1,13.98,26.95,33.62,1,-10,23,1,1,STAT,60,LAT,LON,W,CRC
03/13/26 12:10:50,22.59,180.01,19.01,10.54,0.18,407.94,21.30,26.20,0.38,0.74,0.85,0.00,0.00,1,13.95,7.61,29.29,1,-10,24,2,0,STAT,60,LAT,LON,W,CRC
03/13/26 12:11:50,22.59,182.32,18.86,11.24,0.24,407.98,21.40,26.20,0.29,0.73,0.76,0.00,0.00,1,13.95,2.15,27.95,1,-11,23,2,0,STAT,60,LAT,LON,W,CRC
03/13/26 12:12:50,22.59,180.98,18.86,9.98,1.75,407.99,21.40,26.10,0.29,1.00,1.01,0.00,0.00,1,13.91,0.61,28.80,1,-10,22,1,1,STAT,60,LAT,LON,W,CRC
03/13/26 12:13:51,22.59,184.05,18.19,10.52,1.14,408.00,21.30,26.10,0.36,0.75,0.98,0.00,0.00,1,13.91,0.17,28.75,1,-10,24,2,0,STAT,60,LAT,LON,W,CRC
03/13/26 12:14:51,22.59,184.86,18.35,9.90,2.88,408.00,21.40,26.10,0.13,0.83,0.91,0.00,0.00,1,13.87,0.05,32.70,1,-10,23,1,1,STAT,60,LAT,LON,W,CRC
03/13/26 12:15:51,22.59,181.46,19.12,10.95,0.38,408.00,21.30,26.10,0.30,0.56,0.59,0.00,0.00,1,13.87,0.01,27.13,1,-9,24,2,0,STAT,60,LAT,LON,W,CRC
03/13/26 12:16:52,22.59,187.28,20.19,10.02,1.92,408.00,21.30,26.10,0.22,0.45,0.46,0.00,0.00,1,14.19,307.13,27.82,1,-11,23,2,0,STAT,60,LAT,LON,W,CRC
03/13/26 12:17:52,22.59,184.83,18.13,10.60,0.83,408.65,21.40,26.10,0.10,0.63,0.76,0.00,0.00,1,14.05,86.74,30.86,1,-11,24,2,0,STAT,60,LAT,LON,W,CRC
03/13/26 12:18:52,22.59,179.01,18.71,10.38,1.66,408.88,21.30,26.20,0.36,0.88,1.17,0.00,0.00,1,13.98,24.50,30.64,1,-9,24,1,1,STAT,60,LAT,LON,W,CRC
03/13/26 12:19:52,22.59,185.20,19.27,10.91,0.54,408.96,21.40,26.10,0.74,1.10,1.20,0.00,0.00,1,13.95,6.92,33.24,1,-11,23,1,0,STAT,60,LAT,LON,W,CRC
03/13/26 12:20:52,22.59,182.04,18.27,10.26,2.41,408.61,21.30,26.20,0.36,0.64,0.68,0.00,0.00,1,13.95,1.95,29.47,1,-10,23,1,1,STAT,60,LAT,LON,W,CRC
03/13/26 12:21:52,22.59,183.34,17.74,9.78,3.07,408.21,21.40,26.20,0.17,0.60,0.61,0.00,0.00,1,13.91,0.55,28.86,1,-10,23,2,1,STAT,60,LAT,LON,W,CRC
03/13/26 12:22:52,22.59,184.30,18.26,9.96,1.42,408.08,21.40,26.30,0.22,0.52,0.52,0.00,0.00,1,13.91,0.16,31.24,1,-11,23,2,0,STAT,60,LAT,LON,W,CRC
03/13/26 12:23:53,22.59,188.79,17.92,10.70,0.37,408.03,21.40,26.10,0.38,0.61,0.61,0.00,0.00,1,13.87,0.04,30.84,1,-12,23,1,0,STAT,60,LAT,LON,W,CRC
03/13/26 12:24:53,22.59,188.08,18.61,10.53,1.97,408.01,21.40,26.20,0.24,0.88,0.88,0.00,0.00,1,13.87,0.01,32.30,1,-11,23,1,1,STAT,60,LAT,LON,W,CRC
03/13/26 12:25:53,22.59,178.28,19.68,10.66,2.13,408.00,21.40,26.20,0.15,0.84,1.14,0.00,0.00,1,14.16,271.67,31.96,1,-8,22,1,2,STAT,60,LAT,LON,W,CRC
03/13/26 12:26:53,22.59,185.33,19.78,9.99,2.15,408.00,21.40,26.20,0.23,0.95,1.04,0.00,0.00,1,14.05,76.73,29.87,1,-11,22,1,1,STAT,60,LAT,LON,W,CRC
03/13/26 12:27:53,22.59,180.37,19.54,10.29,1.94,408.00,21.30,26.20,0.21,0.73,0.76,0.00,0.00,1,13.98,21.67,32.28,1,-9,23,1,1,STAT,60,LAT,LON,W,CRC
03/13/26 12:28:54,22.59,182.71,18.60,10.55,2.90,408.00,21.40,26.20,0.57,0.87,0.88,0.00,0.00,1,13.95,6.12,29.98,1,-10,24,2,1,STAT,60,LAT,LON,W,CRC
03/13/26 12:29:49,22.59,187.31,19.44,9.68,2.86,408.00,21.40,26.20,0.52,1.02,1.02,0.00,0.00,1,13.95,1.92,33.96,1,-12,22,2,0,STAT,60,LAT,LON,W,CRC
03/13/26 12:30:49,22.59,182.45,18.79,9.91,2.43,408.00,21.40,26.20,0.66,1.35,1.76,0.00,0.00,1,13.91,0.54,29.81,1,-10,23,1,0,STAT,60,LAT,LON,W,CRC
03/13/26 12:31:49,22.59,185.05,19.71,9.91,1.74,408.00,21.40,26.20,0.80,1.88,2.05,0.00,0.00,1,13.91,0.15,27.79,1,-10,22,2,0,STAT,60,LAT,LON,W,CRC
03/13/26 12:32:49,22.59,181.29,18.54,9.93,1.82,408.00,21.40,26.20,0.62,1.35,1.50,0.00,0.00,1,13.87,0.04,31.00,1,-9,24,2,0,STAT,60,LAT,LON,W,CRC
03/13/26 12:33:49,22.59,181.82,18.15,10.76,0.14,408.00,21.40,26.20,0.86,2.42,2.56,0.00,0.00,1,13.87,0.01,28.63,1,-9,24,1,0,STAT,60,LAT,LON,W,CRC
03/13/26 12:34:51,22.59,174.19,16.88,9.62,2.38,408.00,21.40,26.20,1.12,2.69,2.73,0.00,0.00,1,14.19,322.86,35.17,1,-7,25,2,1,STAT,60,LAT,LON,W,CRC
03/13/26 12:35:51,22.59,187.29,18.09,9.17,2.99,408.00,21.40,26.20,1.65,3.05,3.30,0.00,0.00,1,14.05,91.19,29.58,1,-11,24,2,1,STAT,60,LAT,LON,W,CRC
03/13/26 12:36:51,22.59,192.51,17.57,9.65,3.47,408.00,21.40,26.20,1.75,3.28,3.46,0.00,0.00,1,13.98,25.75,29.71,1,-12,25,2,1,STAT,60,LAT,LON,W,CRC
03/13/26 12:37:51,22.59,182.34,17.44,10.89,0.86,408.62,21.30,26.20,1.68,3.06,3.31,0.00,0.00,1,13.98,7.27,28.32,1,-9,25,2,1,STAT,60,LAT,LON,W,CRC
03/13/26 12:38:51,22.59,184.42,18.76,10.46,0.89,408.86,21.40,26.20,1.71,2.94,3.02,0.00,0.00,1,13.95,2.05,29.48,1,-10,24,1,1,STAT,60,LAT,LON,W,CRC
03/13/26 12:39:51,22.59,187.18,19.31,10.78,0.72,408.95,21.40,26.20,1.79,3.35,3.38,0.00,0.00,1,13.91,0.58,31.50,1,-11,23,1,1,STAT,60,LAT,LON,W,CRC
03/13/26 12:40:51,22.59,189.31,19.32,10.07,2.71,408.69,21.40,26.20,1.63,3.43,3.60,0.00,0.00,1,13.91,0.16,27.48,1,-11,22,1,1,STAT,60,LAT,LON,W,CRC
03/13/26 12:41:51,22.59,191.65,19.19,10.01,1.80,408.65,21.40,26.20,1.60,3.09,3.17,0.00,0.00,1,13.87,0.05,29.14,1,-12,22,2,1,STAT,60,LAT,LON,W,CRC
03/13/26 12:42:52,22.59,192.82,19.27,9.98,2.63,408.74,21.40,26.20,1.24,3.04,3.06,0.00,0.00,1,13.87,0.01,29.26,1,-12,22,1,1,STAT,60,LAT,LON,W,CRC
03/13/26 12:43:52,22.59,186.12,18.10,9.91,2.62,408.44,21.40,26.20,1.02,2.57,2.82,0.00,0.00,1,14.19,298.01,30.94,1,-10,24,2,1,STAT,60,LAT,LON,W,CRC
03/13/26 12:44:52,22.59,186.17,19.02,9.99,1.59,408.16,21.40,26.20,1.44,2.65,2.75,0.00,0.00,1,14.05,92.06,34.42,1,-10,23,1,1,STAT,60,LAT,LON,W,CRC
03/13/26 12:45:52,22.59,184.44,19.98,9.77,2.15,408.05,21.40,26.30,1.26,2.50,2.92,0.00,0.00,1,13.98,26.00,30.09,1,-10,22,1,1,STAT,60,LAT,LON,W,CRC
03/13/26 12:46:52,22.59,182.30,17.93,10.17,1.38,408.02,21.40,26.20,0.98,1.97,2.10,0.00,0.00,1,13.95,7.34,30.74,1,-9,24,1,0,STAT,60,LAT,LON,W,CRC
03/13/26 12:47:52,22.59,186.24,18.24,10.73,0.89,408.62,21.30,26.30,0.86,1.73,1.95,0.00,0.00,1,13.95,2.07,29.48,1,-10,24,1,1,STAT,60,LAT,LON,W,CRC
03/13/26 12:48:52,22.59,187.78,18.77,10.25,2.26,408.87,21.40,26.30,0.63,1.73,1.99,0.00,0.00,1,13.91,0.59,29.78,1,-11,23,1,1,STAT,60,LAT,LON,W,CRC
03/13/26 12:49:52,22.59,182.22,18.47,9.32,4.13,408.95,21.30,26.20,0.53,1.58,1.77,0.00,0.00,1,13.91,0.17,27.83,1,-10,24,1,1,STAT,60,LAT,LON,W,CRC
03/13/26 12:50:52,22.59,181.43,18.96,10.19,2.13,408.98,21.40,26.30,0.48,1.47,1.70,0.00,0.00,1,13.87,0.05,29.29,1,-10,24,1,1,STAT,60,LAT,LON,W,CRC
03/13/26 12:51:52,22.59,179.88,18.15,9.95,2.56,408.99,21.40,26.20,0.45,1.81,2.55,0.00,0.00,1,13.87,0.01,29.98,1,-9,24,1,1,STAT,60,LAT,LON,W,CRC
03/13/26 12:52:52,22.59,176.18,18.88,10.30,1.59,409.00,21.30,26.30,0.78,2.10,2.33,0.00,0.00,1,14.19,238.87,31.13,1,-7,23,1,1,STAT,60,LAT,LON,W,CRC
03/13/26 12:53:52,22.59,185.81,18.60,9.72,0.49,409.00,21.30,26.30,0.80,1.52,1.60,0.00,0.00,1,14.05,74.45,29.45,1,-11,24,2,0,STAT,60,LAT,LON,W,CRC
03/13/26 12:54:53,22.59,187.49,18.88,9.39,1.73,409.00,21.30,26.30,0.79,1.16,1.19,0.00,0.00,1,13.98,21.03,27.98,1,-11,23,2,0,STAT,60,LAT,LON,W,CRC
03/13/26 12:55:55,22.59,188.88,18.91,9.56,1.60,409.00,21.30,26.30,0.78,1.58,1.59,0.00,0.00,1,13.95,5.94,32.49,1,-11,24,2,0,STAT,60,LAT,LON,W,CRC
03/13/26 12:56:55,22.59,185.31,19.17,8.84,1.65,409.00,21.30,26.30,0.45,1.17,1.20,0.00,0.00,1,13.95,1.68,28.18,1,-11,23,2,0,STAT,60,LAT,LON,W,CRC
03/13/26 12:57:55,22.59,186.91,19.22,9.57,1.82,409.00,21.40,26.30,0.28,1.15,1.24,0.00,0.00,1,13.91,0.47,28.17,1,-11,23,2,0,STAT,60,LAT,LON,W,CRC
03/13/26 12:58:55,22.59,188.66,18.19,9.34,3.45,409.00,21.30,26.30,0.44,1.24,1.27,0.00,0.00,1,13.87,0.13,32.55,1,-12,24,2,1,STAT,60,LAT,LON,W,CRC
03/13/26 12:59:55,22.59,184.48,17.34,9.98,2.08,409.00,21.30,26.30,0.23,0.81,0.82,0.00,0.00,1,13.87,0.04,34.82,1,-11,24,2,0,STAT,60,LAT,LON,W,CRC
03/13/26 13:00:56,22.59,181.91,18.93,10.56,2.61,409.00,21.30,26.30,0.19,0.60,0.61,0.00,0.00,1,13.87,0.01,32.78,1,-10,23,2,1,STAT,60,LAT,LON,W,CRC
03/13/26 13:01:56,22.59,185.77,17.58,10.39,1.56,409.00,21.30,26.30,0.06,0.48,0.54,0.00,0.00,1,14.16,262.89,28.82,1,-10,23,1,1,STAT,60,LAT,LON,W,CRC
03/13/26 13:02:56,22.59,192.12,17.13,10.81,0.32,409.00,21.30,26.30,0.13,0.49,0.51,0.00,0.00,1,14.05,74.25,28.74,1,-12,24,1,1,STAT,60,LAT,LON,W,CRC
03/13/26 13:03:56,22.59,190.53,17.32,11.36,0.77,409.00,21.30,26.30,0.08,0.36,0.37,0.00,0.00,1,13.98,20.97,28.76,1,-11,24,1,1,STAT,60,LAT,LON,W,CRC
03/13/26 13:04:56,22.59,184.68,17.00,10.90,1.01,409.00,21.30,26.30,0.08,0.33,0.33,0.00,0.00,1,13.95,5.92,29.69,1,-9,25,2,0,STAT,60,LAT,LON,W,CRC
03/13/26 13:05:56,22.59,186.37,19.39,10.93,1.33,409.00,21.30,26.30,0.07,0.16,0.16,0.00,0.00,1,13.95,1.67,32.13,1,-11,23,2,1,STAT,60,LAT,LON,W,CRC
03/13/26 13:06:56,22.59,182.34,18.21,11.14,0.42,409.00,21.30,26.30,0.02,0.39,0.59,0.00,0.00,1,13.91,0.47,30.93,1,-9,25,1,1,STAT,60,LAT,LON,W,CRC
03/13/26 13:07:56,22.59,181.26,19.30,10.15,1.57,409.00,21.30,26.30,0.08,0.84,0.94,0.00,0.00,1,13.91,0.13,29.20,1,-9,23,0,1,STAT,60,LAT,LON,W,CRC
03/13/26 13:08:56,22.59,185.82,19.06,10.55,2.00,409.00,21.30,26.30,0.03,0.59,0.63,0.00,0.00,1,13.87,0.04,31.75,1,-10,23,2,1,STAT,60,LAT,LON,W,CRC
03/13/26 13:09:57,22.59,190.19,17.64,11.18,0.22,409.00,21.30,26.30,0.03,0.41,0.42,0.00,0.00,1,13.87,0.01,30.94,1,-12,24,1,0,STAT,60,LAT,LON,W,CRC
03/13/26 13:10:57,22.59,185.29,17.69,10.81,0.66,409.00,21.30,26.30,0.05,0.20,0.31,0.00,0.00,1,14.19,254.79,34.02,1,-9,24,1,1,STAT,60,LAT,LON,W,CRC
03/13/26 13:11:57,22.59,192.63,17.22,10.50,1.48,409.18,21.30,26.30,0.03,0.26,0.40,0.00,0.00,1,14.05,71.96,29.11,1,-12,25,1,1,STAT,60,LAT,LON,W,CRC
03/13/26 13:12:57,22.59,190.96,16.93,10.89,1.79,409.65,21.30,26.40,0.01,0.22,0.27,0.00,0.00,1,13.98,20.32,28.27,1,-11,25,0,1,STAT,60,LAT,LON,W,CRC
03/13/26 13:13:57,22.59,198.34,17.34,10.46,1.77,409.88,21.30,26.40,0.00,0.16,0.17,0.00,0.00,1,13.95,5.74,29.03,1,-13,25,1,1,STAT,60,LAT,LON,W,CRC
03/13/26 13:14:57,22.59,190.00,19.04,10.02,2.03,409.96,21.30,26.40,0.00,0.16,0.16,0.00,0.00,1,13.95,1.62,30.27,1,-11,23,1,1,STAT,60,LAT,LON,W,CRC
03/13/26 13:15:57,22.59,187.74,18.69,10.42,2.03,409.98,21.30,26.40,0.00,0.45,0.45,0.00,0.00,1,13.91,0.46,31.55,1,-10,24,1,1,STAT,60,LAT,LON,W,CRC
03/13/26 13:16:58,22.59,193.09,18.51,11.05,1.17,409.99,21.30,26.40,0.16,0.63,0.63,0.00,0.00,1,13.91,0.13,28.97,1,-11,23,1,1,STAT,60,LAT,LON,W,CRC
03/13/26 13:17:58,22.59,192.03,18.41,11.51,0.07,410.00,21.30,26.30,0.10,0.61,0.61,0.00,0.00,1,13.87,0.04,29.83,1,-11,24,1,1,STAT,60,LAT,LON,W,CRC
03/13/26 13:18:58,22.59,186.79,19.45,10.80,0.85,410.00,21.30,26.30,0.03,0.27,0.28,0.00,0.00,1,13.87,0.01,31.10,1,-8,22,2,0,STAT,60,LAT,LON,W,CRC
03/13/26 13:19:58,22.59,185.82,18.41,10.57,0.83,410.00,21.30,26.40,0.01,0.26,0.56,0.00,0.00,1,14.19,235.04,31.27,1,-8,24,1,0,STAT,60,LAT,LON,W,CRC
03/13/26 13:20:58,22.59,192.49,18.10,11.31,0.55,410.00,21.30,26.40,0.00,0.23,0.34,0.00,0.00,1,14.02,73.47,38.67,1,-11,24,1,1,STAT,60,LAT,LON,W,CRC
03/13/26 13:21:58,22.59,188.83,17.56,11.03,1.34,410.00,21.30,26.30,0.01,0.25,0.29,0.00,0.00,1,13.98,20.75,31.04,1,-10,24,0,1,STAT,60,LAT,LON,W,CRC
03/13/26 13:22:58,22.59,188.34,18.57,10.82,1.24,410.08,21.30,26.40,0.00,0.16,0.17,0.00,0.00,1,13.95,5.86,30.54,1,-10,24,1,0,STAT,60,LAT,LON,W,CRC
03/13/26 13:23:58,22.59,193.82,18.30,10.62,1.78,410.68,21.30,26.40,0.00,0.05,0.05,0.00,0.00,1,13.95,1.66,30.53,1,-11,23,1,1,STAT,60,LAT,LON,W,CRC
03/13/26 13:24:59,22.59,190.62,18.43,11.03,0.90,410.89,21.30,26.40,0.00,0.12,0.12,0.00,0.00,1,13.91,0.47,30.05,1,-10,24,2,1,STAT,60,LAT,LON,W,CRC
03/13/26 13:25:58,22.59,196.53,18.52,10.29,1.60,410.96,21.30,26.30,0.00,0.04,0.04,0.00,0.00,1,13.91,0.13,29.06,1,-11,23,2,1,STAT,60,LAT,LON,W,CRC
03/13/26 13:26:58,22.59,194.51,18.72,10.78,0.54,410.99,21.30,26.40,0.00,0.29,0.29,0.00,0.00,1,13.87,0.04,30.48,1,-10,22,1,1,STAT,60,LAT,LON,W,CRC
03/13/26 13:27:58,22.59,196.93,19.59,11.08,1.02,411.00,21.30,26.40,0.00,0.22,0.22,0.00,0.00,1,13.87,0.01,31.29,1,-11,21,1,1,STAT,60,LAT,LON,W,CRC
03/13/26 13:28:58,22.58,196.97,16.67,10.53,0.81,411.00,21.30,26.40,0.00,0.28,0.28,0.00,0.00,1,14.19,281.99,29.63,1,-11,24,1,1,STAT,60,LAT,LON,W,CRC
03/13/26 13:29:59,22.58,196.72,17.79,10.87,1.35,411.00,21.30,26.30,0.00,0.09,0.09,0.00,0.00,1,14.05,79.64,27.59,1,-12,24,1,1,STAT,60,LAT,LON,W,CRC
03/13/26 13:30:59,22.59,193.03,18.13,10.58,1.05,411.00,21.20,26.40,0.00,0.23,0.23,0.00,0.00,1,13.98,22.49,28.16,1,-11,23,2,0,STAT,60,LAT,LON,W,CRC
03/13/26 13:31:59,22.58,189.61,18.30,10.71,0.50,411.00,21.30,26.30,0.00,0.08,0.08,0.00,0.00,1,13.95,6.35,33.04,1,-10,23,1,0,STAT,60,LAT,LON,W,CRC
03/13/26 13:32:59,22.58,193.23,19.04,10.21,0.60,411.00,21.30,26.30,0.00,0.09,0.09,0.00,0.00,1,13.95,1.79,32.14,1,-11,23,2,1,STAT,60,LAT,LON,W,CRC
03/13/26 13:33:59,22.58,193.73,18.49,11.52,-0.23,411.08,21.30,26.40,0.00,0.04,0.04,0.00,0.00,1,13.91,0.51,28.41,1,-11,23,2,1,STAT,60,LAT,LON,W,CRC
03/13/26 13:34:59,22.58,189.04,18.65,10.38,0.98,411.38,21.20,26.40,0.18,0.32,0.32,0.00,0.00,1,13.91,0.14,28.86,1,-9,23,2,0,STAT,60,LAT,LON,W,CRC
03/13/26 13:35:59,22.59,188.55,18.58,11.15,0.02,411.52,21.30,26.30,0.66,0.76,0.76,0.00,0.00,1,13.87,0.04,28.65,1,-10,24,2,1,STAT,60,LAT,LON,W,CRC
03/13/26 13:36:57,22.59,192.56,17.94,10.94,0.70,411.49,21.30,26.30,0.27,0.37,0.37,0.00,0.00,1,13.87,0.01,27.12,1,-11,24,2,0,STAT,60,LAT,LON,W,CRC
03/13/26 13:37:57,22.58,191.48,18.19,10.17,1.80,411.82,21.30,26.30,0.10,0.13,0.13,0.00,0.00,1,14.16,251.86,28.02,1,-10,24,2,1,STAT,60,LAT,LON,W,CRC
03/13/26 13:38:57,22.58,189.57,19.01,11.28,0.84,411.32,21.30,26.30,0.03,0.13,0.13,0.00,0.00,1,14.02,71.13,29.85,1,-11,23,1,1,STAT,60,LAT,LON,W,CRC
03/13/26 13:39:57,22.58,184.39,18.01,11.49,0.91,411.11,21.30,26.30,0.01,0.12,0.12,0.00,0.00,1,13.98,20.09,31.20,1,-10,25,2,1,STAT,60,LAT,LON,W,CRC
03/13/26 13:40:57,22.58,184.17,18.59,10.51,1.29,411.04,21.30,26.30,0.00,0.40,0.40,0.00,0.00,1,13.95,5.67,28.99,1,-9,23,1,0,STAT,60,LAT,LON,W,CRC
03/13/26 13:41:59,22.57,183.69,18.41,10.78,1.55,411.01,21.30,26.20,0.00,0.44,0.45,0.00,0.00,1,13.95,1.60,35.40,1,-9,24,1,1,STAT,60,LAT,LON,W,CRC
03/13/26 13:42:59,22.58,189.34,17.13,10.73,1.85,411.00,21.30,26.30,0.00,0.21,0.21,0.00,0.00,1,13.91,0.45,31.72,1,-11,25,1,0,STAT,60,LAT,LON,W,CRC
03/13/26 13:43:59,22.58,183.06,19.57,10.34,3.36,411.00,21.30,26.20,0.00,0.16,0.16,0.00,0.00,1,13.91,0.13,27.07,1,-10,22,2,1,STAT,60,LAT,LON,W,CRC
03/13/26 13:44:59,22.58,184.31,17.87,9.86,4.01,411.00,21.30,26.20,0.00,0.05,0.05,0.00,0.00,1,13.87,0.04,28.57,1,-9,24,2,1,STAT,60,LAT,LON,W,CRC
03/13/26 13:45:59,22.58,181.33,17.78,10.42,2.96,411.00,21.20,26.10,0.00,0.49,0.49,0.00,0.00,1,13.87,0.01,28.84,1,-9,24,2,1,STAT,60,LAT,LON,W,CRC
03/13/26 13:47:00,22.57,180.72,19.15,11.41,1.51,410.49,21.20,26.20,0.00,0.36,0.36,0.00,0.00,1,14.19,242.82,33.14,1,-9,23,2,1,STAT,60,LAT,LON,W,CRC
03/13/26 13:48:00,22.58,191.16,17.60,11.06,0.71,410.17,21.30,26.20,0.00,0.11,0.11,0.00,0.00,1,14.05,68.58,28.25,1,-13,24,2,1,STAT,60,LAT,LON,W,CRC
03/13/26 13:49:00,22.58,185.61,18.32,10.17,1.79,410.06,21.20,26.10,0.00,0.04,0.22,0.00,0.00,1,13.98,19.37,28.24,1,-11,24,1,1,STAT,60,LAT,LON,W,CRC
03/13/26 13:50:00,22.58,185.13,17.36,10.72,1.70,410.02,21.20,26.10,0.00,0.01,0.14,0.00,0.00,1,13.95,5.47,29.89,1,-11,24,2,1,STAT,60,LAT,LON,W,CRC
03/13/26 13:51:00,22.57,182.38,17.81,11.49,-0.05,410.01,21.30,26.10,0.00,0.00,0.04,0.00,0.00,1,13.95,1.55,29.92,1,-10,23,1,0,STAT,60,LAT,LON,W,CRC
03/13/26 13:52:01,22.58,176.72,18.21,11.17,1.03,410.00,21.20,26.20,0.00,0.00,0.01,0.00,0.00,1,13.91,0.44,27.31,1,-8,23,1,1,STAT,60,LAT,LON,W,CRC
03/13/26 13:53:01,22.57,184.31,19.50,10.76,1.75,410.00,21.20,26.20,0.00,0.00,0.00,0.00,0.00,1,13.91,0.12,27.79,1,-11,22,2,1,STAT,60,LAT,LON,W,CRC
03/13/26 13:54:01,22.57,184.65,20.02,10.94,1.62,410.00,21.30,26.10,0.00,0.00,0.00,0.00,0.00,1,13.87,0.03,28.35,1,-11,22,2,1,STAT,60,LAT,LON,W,CRC
03/13/26 13:55:01,22.57,180.91,18.93,9.62,3.81,410.00,21.30,26.10,0.00,0.00,0.00,0.00,0.00,1,13.87,0.01,29.47,1,-10,23,1,1,STAT,60,LAT,LON,W,CRC
03/13/26 13:56:01,22.57,176.45,17.48,10.40,3.12,410.00,21.30,26.20,0.00,0.00,0.00,0.00,0.00,1,14.19,308.64,29.06,1,-8,25,1,1,STAT,60,LAT,LON,W,CRC
03/13/26 13:57:02,22.57,180.92,17.90,11.33,1.55,410.00,21.30,26.20,0.00,0.00,0.00,0.00,0.00,1,14.05,87.17,28.53,1,-10,24,1,1,STAT,60,LAT,LON,W,CRC
03/13/26 13:57:58,22.57,186.55,18.70,11.00,1.79,409.71,21.30,26.10,0.00,0.00,0.11,0.00,0.00,1,13.98,27.35,33.40,1,-12,22,1,1,STAT,60,LAT,LON,W,CRC
03/13/26 13:58:58,22.57,183.39,18.20,10.24,3.00,409.86,21.30,26.20,0.00,0.00,0.03,0.00,0.00,1,13.95,7.73,28.98,1,-11,24,1,1,STAT,60,LAT,LON,W,CRC
03/13/26 13:59:58,22.57,174.44,18.73,9.70,3.20,409.95,21.30,26.20,0.00,0.00,0.01,0.00,0.00,1,13.95,2.18,29.40,1,-8,23,2,1,STAT,60,LAT,LON,W,CRC
03/13/26 14:00:58,22.57,181.92,20.04,10.37,2.50,409.98,21.30,26.20,0.00,0.00,0.00,0.00,0.00,1,13.91,0.62,30.45,1,-10,22,2,1,STAT,60,LAT,LON,W,CRC
03/13/26 14:01:58,22.57,173.98,18.55,9.38,3.22,409.76,21.30,26.20,0.00,0.05,0.30,0.00,0.00,1,13.91,0.17,30.88,1,-8,23,1,1,STAT,60,LAT,LON,W,CRC
03/13/26 14:02:59,22.57,179.34,18.11,10.60,1.31,409.89,21.30,26.20,0.00,0.02,0.10,0.00,0.00,1,13.87,0.05,29.26,1,-10,24,1,1,STAT,60,LAT,LON,W,CRC
03/13/26 14:03:59,22.57,180.51,19.11,10.66,1.51,409.96,21.30,26.20,0.00,0.01,0.03,0.00,0.00,1,13.87,0.01,28.61,1,-10,22,1,1,STAT,60,LAT,LON,W,CRC
03/13/26 14:04:59,22.57,183.31,18.28,10.60,2.45,409.99,21.30,26.20,0.00,0.00,0.01,0.00,0.00,1,14.16,247.34,29.12,1,-10,23,1,1,STAT,60,LAT,LON,W,CRC
03/13/26 14:05:59,22.57,188.75,19.74,10.22,1.30,409.99,21.30,26.30,0.00,0.00,0.00,0.00,0.00,1,14.05,69.86,31.38,1,-12,23,1,0,STAT,60,LAT,LON,W,CRC
03/13/26 14:06:59,22.57,182.34,19.09,10.64,0.28,410.00,21.30,26.30,0.00,0.00,0.00,0.00,0.00,1,13.98,19.73,28.99,1,-10,23,1,0,STAT,60,LAT,LON,W,CRC
03/13/26 14:08:01,22.58,178.63,18.90,10.81,0.01,410.00,21.30,26.30,0.00,0.00,0.00,0.00,0.00,1,13.95,5.57,35.95,1,-9,23,2,0,STAT,60,LAT,LON,W,CRC
03/13/26 14:09:01,22.58,183.11,18.42,10.49,0.87,410.00,21.30,26.30,0.00,0.00,0.00,0.00,0.00,1,13.95,1.57,31.44,1,-10,24,1,0,STAT,60,LAT,LON,W,CRC
03/13/26 14:10:01,22.57,182.14,19.12,10.25,0.93,410.00,21.30,26.30,0.00,0.00,0.00,0.00,0.00,1,13.91,0.44,27.80,1,-10,23,1,0,STAT,60,LAT,LON,W,CRC
03/13/26 14:11:01,22.57,181.88,19.22,10.40,-0.13,410.00,21.30,26.30,0.00,0.00,0.00,0.00,0.00,1,13.91,0.13,28.02,1,-9,23,1,0,STAT,60,LAT,LON,W,CRC
03/13/26 14:12:01,22.58,185.08,19.25,10.27,1.81,410.00,21.30,26.40,0.00,0.00,0.00,0.00,0.00,1,13.87,0.04,28.01,1,-11,22,1,0,STAT,60,LAT,LON,W,CRC
03/13/26 14:13:01,22.58,187.09,18.82,10.01,1.47,410.00,21.30,26.30,0.00,0.00,0.00,0.00,0.00,1,14.16,276.92,32.63,1,-11,23,1,0,STAT,60,LAT,LON,W,CRC
03/13/26 14:14:01,22.58,190.46,16.60,9.93,1.94,410.00,21.40,26.30,0.00,0.00,0.00,0.00,0.00,1,14.05,78.21,29.02,1,-12,25,0,0,STAT,60,LAT,LON,W,CRC
03/13/26 14:15:02,22.58,192.12,16.99,10.46,0.55,410.00,21.30,26.40,0.00,0.00,0.00,0.00,0.00,1,13.98,22.09,27.87,1,-13,25,0,0,STAT,60,LAT,LON,W,CRC
03/13/26 14:16:02,22.59,182.10,18.74,10.17,0.63,410.00,21.30,26.40,0.00,0.00,0.00,0.00,0.00,1,13.98,6.24,28.51,1,-10,23,1,0,STAT,60,LAT,LON,W,CRC
03/13/26 14:17:02,22.59,188.72,19.20,10.14,0.81,410.00,21.40,26.30,0.00,0.00,0.00,0.00,0.00,1,13.95,1.76,28.76,1,-11,23,1,0,STAT,60,LAT,LON,W,CRC
03/13/26 14:18:02,22.59,190.31,20.65,10.04,0.80,410.35,21.40,26.40,0.00,0.03,0.03,0.00,0.00,1,13.91,0.50,36.32,1,-12,21,1,0,STAT,60,LAT,LON,W,CRC
03/13/26 14:19:02,22.59,184.50,18.64,10.62,0.26,410.54,21.40,26.30,0.00,0.07,0.07,0.00,0.00,1,13.91,0.14,29.64,1,-9,24,1,0,STAT,60,LAT,LON,W,CRC
03/13/26 14:20:02,22.59,185.96,19.07,10.26,0.24,410.65,21.40,26.40,0.00,0.02,0.02,0.00,0.00,1,13.87,0.04,27.74,1,-10,23,1,0,STAT,60,LAT,LON,W,CRC
03/13/26 14:21:02,22.59,182.84,17.14,10.07,0.96,410.26,21.40,26.30,0.00,0.01,0.01,0.00,0.00,1,13.87,0.01,27.99,1,-10,26,1,1,STAT,60,LAT,LON,W,CRC
03/13/26 14:22:02,22.59,186.28,17.91,10.51,0.79,410.09,21.40,26.30,0.00,0.00,0.00,0.00,0.00,1,14.16,307.49,30.26,1,-9,25,2,1,STAT,60,LAT,LON,W,CRC
03/13/26 14:23:03,22.59,205.76,17.89,11.23,-1.06,410.03,21.40,26.20,0.00,0.00,0.00,0.00,0.00,1,14.05,135.17,34.29,1,-13,25,2,0,STAT,60,LAT,LON,W,CRC
03/13/26 14:24:03,22.59,205.27,19.76,11.20,0.74,410.31,21.50,26.10,0.00,0.00,0.00,0.00,0.00,1,14.02,38.18,29.60,1,-12,23,1,0,STAT,60,LAT,LON,W,CRC
03/13/26 14:25:03,22.59,209.87,17.88,11.18,0.50,410.51,21.50,26.00,0.00,0.00,0.00,0.00,0.00,1,13.98,10.78,28.21,1,-12,25,1,0,STAT,60,LAT,LON,W,CRC
03/13/26 14:26:03,22.59,211.89,17.47,10.90,1.09,410.83,21.60,25.90,0.00,0.00,0.00,0.00,0.00,1,13.95,3.05,28.63,1,-13,26,1,0,STAT,60,LAT,LON,W,CRC
03/13/26 14:27:03,22.60,208.60,17.47,10.45,1.70,410.94,21.60,26.00,0.00,0.00,0.00,0.00,0.00,1,13.91,0.86,29.44,1,-12,26,1,0,STAT,60,LAT,LON,W,CRC
03/13/26 14:28:03,22.64,199.50,17.43,10.39,1.09,410.47,21.60,25.90,0.00,0.00,0.15,0.00,0.00,1,13.91,0.24,32.35,1,-9,26,2,0,STAT,60,LAT,LON,W,CRC
03/13/26 14:29:03,22.66,205.14,18.66,10.89,1.78,410.67,21.60,25.90,0.00,0.06,0.37,0.00,0.00,1,13.87,0.07,30.11,1,-11,24,1,1,STAT,60,LAT,LON,W,CRC
03/13/26 14:30:03,22.68,202.91,19.61,10.87,2.22,410.82,21.60,26.00,0.00,0.02,0.12,0.00,0.00,1,13.87,0.02,30.66,1,-11,23,2,0,STAT,60,LAT,LON,W,CRC
03/13/26 14:31:04,22.68,187.39,18.98,10.57,1.50,410.78,21.70,25.90,0.00,0.14,0.17,0.00,0.00,1,14.16,258.40,30.56,1,-6,24,1,1,STAT,60,LAT,LON,W,CRC
03/13/26 14:32:04,22.68,201.16,19.15,11.35,-0.10,410.82,21.70,25.90,0.00,0.07,0.08,0.00,0.00,1,14.05,107.29,31.61,1,-11,25,1,1,STAT,60,LAT,LON,W,CRC
03/13/26 14:33:04,22.69,200.29,19.10,10.65,-0.10,410.94,21.70,25.90,0.00,0.02,0.03,0.00,0.00,1,13.98,30.30,28.50,1,-11,24,1,0,STAT,60,LAT,LON,W,CRC
03/13/26 14:34:05,22.69,193.87,17.70,10.58,-0.69,410.98,21.70,25.90,0.00,0.01,0.01,0.00,0.00,1,13.98,8.56,28.82,1,-9,26,1,0,STAT,60,LAT,LON,W,CRC
03/13/26 14:35:05,22.69,195.77,18.36,10.27,1.45,410.99,21.70,25.90,0.00,0.00,0.00,0.00,0.00,1,13.95,2.42,31.17,1,-10,24,1,0,STAT,60,LAT,LON,W,CRC
03/13/26 14:36:05,22.70,195.01,18.87,10.70,0.50,411.00,21.70,25.90,0.00,0.00,0.00,0.00,0.00,1,13.91,0.68,27.83,1,-9,24,1,0,STAT,60,LAT,LON,W,CRC
03/13/26 14:37:06,22.73,194.49,19.24,10.72,0.05,411.00,21.70,25.90,0.00,0.00,0.00,0.00,0.00,1,13.91,0.19,30.63,1,-9,24,0,0,STAT,60,LAT,LON,W,CRC
03/13/26 14:38:06,22.76,200.28,19.13,10.29,-0.01,411.00,21.70,26.00,0.00,0.09,0.09,0.00,0.00,1,13.87,0.05,30.02,1,-11,25,0,0,STAT,60,LAT,LON,W,CRC
03/13/26 14:39:01,22.77,201.17,19.25,10.46,0.54,411.00,21.70,25.90,0.00,0.03,0.03,0.00,0.00,1,13.87,0.02,28.94,1,-12,24,1,0,STAT,60,LAT,LON,W,CRC
03/13/26 14:40:01,22.77,190.16,18.41,10.63,1.01,411.00,21.70,26.00,0.00,0.01,0.01,0.00,0.00,1,14.16,307.52,30.63,1,-8,25,2,0,STAT,60,LAT,LON,W,CRC
03/13/26 14:41:01,22.78,189.58,18.36,10.58,0.66,411.00,21.80,26.00,0.00,0.00,0.00,0.00,0.00,1,14.05,106.90,30.29,1,-7,25,2,0,STAT,60,LAT,LON,W,CRC
03/13/26 14:42:01,22.78,200.10,18.21,11.15,0.39,411.00,21.80,26.00,0.00,0.00,0.00,0.00,0.00,1,13.98,30.19,29.84,1,-10,25,1,0,STAT,60,LAT,LON,W,CRC
03/13/26 14:43:01,22.79,191.34,17.76,11.12,-0.09,411.00,21.80,26.00,0.00,0.00,0.00,0.00,0.00,1,13.98,8.53,29.18,1,-8,26,2,0,STAT,60,LAT,LON,W,CRC
03/13/26 14:44:02,22.79,199.86,18.60,10.22,0.15,411.00,21.80,26.10,0.00,0.00,0.00,0.00,0.00,1,13.95,2.41,34.15,1,-10,25,1,0,STAT,60,LAT,LON,W,CRC
03/13/26 14:45:02,22.79,201.72,17.48,10.76,0.06,411.00,21.80,26.00,0.00,0.00,0.00,0.00,0.00,1,13.91,0.68,30.33,1,-11,26,1,0,STAT,60,LAT,LON,W,CRC
03/13/26 14:46:02,22.79,203.85,17.41,11.21,-1.86,411.00,21.80,26.00,0.00,0.00,0.00,0.00,0.00,1,13.91,0.19,29.73,1,-11,26,1,0,STAT,60,LAT,LON,W,CRC
03/13/26 14:47:02,22.79,197.47,18.42,10.99,-0.50,411.00,21.80,26.00,0.00,0.00,0.00,0.00,0.00,1,13.87,0.05,27.93,1,-9,25,1,0,STAT,60,LAT,LON,W,CRC
03/13/26 14:48:02,22.81,198.51,18.24,11.11,0.28,411.00,21.80,26.10,0.00,0.00,0.00,0.00,0.00,1,13.87,0.02,26.33,1,-10,25,1,1,STAT,60,LAT,LON,W,CRC
03/13/26 14:49:03,22.84,198.55,17.93,10.30,-0.02,411.00,21.80,26.00,0.00,0.00,0.00,0.00,0.00,1,14.19,250.54,31.19,1,-9,25,1,1,STAT,60,LAT,LON,W,CRC
03/13/26 14:50:04,22.86,196.56,18.39,10.40,-1.06,411.00,21.90,26.00,0.00,0.00,0.00,0.00,0.00,1,14.05,87.95,30.35,1,-9,26,1,0,STAT,60,LAT,LON,W,CRC
03/13/26 14:51:04,22.87,196.57,18.74,10.80,-0.68,411.00,21.90,26.00,0.00,0.00,0.00,0.00,0.00,1,13.98,24.84,30.17,1,-10,24,2,1,STAT,60,LAT,LON,W,CRC
03/13/26 14:52:04,22.88,201.01,17.66,11.03,-0.69,411.00,21.90,26.10,0.00,0.03,0.35,0.00,0.00,1,13.98,7.02,27.33,1,-11,26,1,0,STAT,60,LAT,LON,W,CRC
03/13/26 14:53:04,22.88,202.15,17.28,10.49,0.06,411.00,21.90,26.10,0.00,0.01,0.11,0.00,0.00,1,13.95,1.98,27.97,1,-10,26,2,0,STAT,60,LAT,LON,W,CRC
03/13/26 14:54:04,22.88,203.35,17.20,10.42,-1.06,411.00,21.90,26.00,0.00,0.00,0.03,0.00,0.00,1,13.91,0.56,37.05,1,-10,25,1,0,STAT,60,LAT,LON,W,CRC
03/13/26 14:55:04,22.89,196.98,18.28,10.34,0.09,410.65,21.90,26.00,0.00,0.00,0.01,0.00,0.00,1,13.91,0.16,31.87,1,-9,24,1,0,STAT,60,LAT,LON,W,CRC
03/13/26 14:56:04,22.89,199.60,18.57,10.26,-0.40,410.28,21.90,26.10,0.00,0.00,0.00,0.00,0.00,1,13.87,0.04,29.60,1,-9,25,1,0,STAT,60,LAT,LON,W,CRC
03/13/26 14:57:04,22.89,203.43,19.14,9.85,0.69,410.10,21.90,26.10,0.00,0.00,0.00,0.00,0.00,1,13.87,0.01,27.78,1,-10,24,1,0,STAT,60,LAT,LON,W,CRC
03/13/26 14:58:05,22.89,198.23,17.80,10.79,-0.20,410.62,21.90,26.00,0.00,0.00,0.00,0.00,0.00,1,14.09,147.42,27.57,1,-8,25,1,0,STAT,60,LAT,LON,W,CRC
03/13/26 14:59:04,22.91,205.52,18.58,10.37,0.15,410.86,21.90,26.10,0.00,0.00,0.00,0.00,0.00,1,14.05,130.80,35.85,1,-11,24,1,0,STAT,60,LAT,LON,W,CRC
03/13/26 15:00:04,22.94,205.96,18.35,10.56,-0.21,410.95,22.00,26.00,0.00,0.00,0.03,0.00,0.00,1,14.02,36.94,35.04,1,-10,25,0,1,STAT,60,LAT,LON,W,CRC
03/13/26 15:01:04,22.96,206.11,17.50,10.57,-0.77,410.98,22.00,26.10,0.00,0.00,0.01,0.00,0.00,1,13.98,10.43,28.65,1,-10,26,1,1,STAT,60,LAT,LON,W,CRC
03/13/26 15:02:04,22.97,206.13,18.35,10.44,-1.14,410.99,22.00,26.10,0.00,0.00,0.00,0.00,0.00,1,13.95,2.95,29.39,1,-11,25,1,0,STAT,60,LAT,LON,W,CRC
03/13/26 15:03:04,22.98,199.92,19.08,10.98,-0.95,411.08,22.00,26.10,0.00,0.00,0.00,0.00,0.00,1,13.91,0.83,28.88,1,-9,24,1,0,STAT,60,LAT,LON,W,CRC
03/13/26 15:04:04,22.98,202.20,19.37,11.15,-0.83,411.68,22.00,26.00,0.00,0.00,0.00,0.00,0.00,1,13.91,0.24,31.56,1,-9,24,1,0,STAT,60,LAT,LON,W,CRC
03/13/26 15:05:06,22.99,200.30,19.05,10.09,1.53,411.89,22.00,26.10,0.00,0.00,0.00,0.00,0.00,1,13.87,0.07,28.45,1,-8,24,2,1,STAT,60,LAT,LON,W,CRC
03/13/26 15:06:06,22.99,196.16,19.67,10.86,-0.25,411.96,22.00,26.10,0.00,0.00,0.00,0.00,0.00,1,13.87,0.02,27.80,1,-7,24,1,0,STAT,60,LAT,LON,W,CRC
03/13/26 15:07:06,22.99,200.14,19.67,10.11,0.32,411.99,22.10,26.00,0.00,0.05,0.05,0.00,0.00,1,14.05,159.04,30.98,1,-8,25,1,0,STAT,60,LAT,LON,W,CRC
03/13/26 15:08:06,23.00,213.59,20.05,10.67,-0.52,412.00,22.10,26.00,0.00,0.01,0.01,0.00,0.00,1,14.09,140.49,31.06,1,-12,24,1,0,STAT,60,LAT,LON,W,CRC
03/13/26 15:09:06,23.04,207.45,19.19,11.24,-1.36,412.00,22.10,26.10,0.00,0.00,0.00,0.00,0.00,1,14.02,39.68,30.10,1,-10,24,1,0,STAT,60,LAT,LON,W,CRC
03/13/26 15:10:07,23.06,204.01,19.29,10.79,1.05,412.00,22.10,26.00,0.00,0.00,0.00,0.00,0.00,1,13.98,11.21,31.85,1,-10,24,1,1,STAT,60,LAT,LON,W,CRC
03/13/26 15:11:07,23.08,202.06,18.09,10.35,1.92,412.00,22.20,25.90,0.00,0.00,0.00,0.00,0.00,1,13.95,3.16,29.61,1,-11,25,1,1,STAT,60,LAT,LON,W,CRC
03/13/26 15:12:07,23.09,204.61,18.78,11.18,0.75,412.00,22.20,25.90,0.00,0.00,0.00,0.00,0.00,1,13.91,0.89,29.66,1,-12,25,1,1,STAT,60,LAT,LON,W,CRC
03/13/26 15:13:07,23.09,199.71,18.06,11.08,-0.90,412.00,22.30,25.80,0.00,0.00,0.00,0.00,0.00,1,13.91,0.25,30.74,1,-11,27,0,0,STAT,60,LAT,LON,W,CRC
03/13/26 15:14:07,23.09,204.84,18.72,12.35,-1.80,412.00,22.30,25.80,0.00,0.00,0.00,0.00,0.00,1,13.87,0.07,26.89,1,-13,26,1,0,STAT,60,LAT,LON,W,CRC
03/13/26 15:15:08,23.12,202.09,17.85,11.01,-1.21,412.00,22.40,25.70,0.00,0.00,0.00,0.00,0.00,1,13.87,0.02,34.23,1,-12,27,1,0,STAT,60,LAT,LON,W,CRC
03/13/26 15:16:08,23.15,204.42,19.12,10.19,0.54,412.00,22.40,25.70,0.00,0.00,0.00,0.00,0.00,1,14.05,159.36,30.16,1,-12,26,2,0,STAT,60,LAT,LON,W,CRC
03/13/26 15:17:08,23.17,204.41,20.00,11.06,-0.48,412.00,22.40,25.60,0.00,0.00,0.00,0.00,0.00,1,14.09,140.82,29.68,1,-12,25,1,0,STAT,60,LAT,LON,W,CRC
03/13/26 15:18:08,23.18,195.25,20.29,9.62,1.90,412.38,22.40,25.60,0.00,0.00,0.00,0.00,0.00,1,14.02,39.77,27.69,1,-9,25,2,0,STAT,60,LAT,LON,W,CRC
03/13/26 15:19:08,23.19,201.95,18.35,11.10,-0.46,412.13,22.50,25.50,0.00,0.00,0.00,0.00,0.00,1,13.98,11.23,27.17,1,-10,26,1,0,STAT,60,LAT,LON,W,CRC
03/13/26 15:20:08,23.22,209.54,19.03,10.19,-0.57,412.05,22.50,25.50,0.00,0.00,0.00,0.00,0.00,1,13.95,3.17,32.29,1,-13,26,1,0,STAT,60,LAT,LON,W,CRC
03/13/26 15:21:08,23.26,196.51,19.09,10.35,-0.37,412.56,22.50,25.40,0.00,0.00,0.00,0.00,0.00,1,13.91,0.90,30.35,1,-10,27,0,0,STAT,60,LAT,LON,W,CRC
03/13/26 15:22:09,23.28,201.69,18.81,10.28,1.27,412.84,22.60,25.40,0.00,0.09,0.09,0.00,0.00,1,13.91,0.25,29.34,1,-10,26,0,0,STAT,60,LAT,LON,W,CRC
03/13/26 15:23:09,23.28,202.61,18.92,10.46,0.89,412.95,22.60,25.30,0.00,0.03,0.03,0.00,0.00,1,13.91,0.07,26.59,1,-9,26,0,0,STAT,60,LAT,LON,W,CRC
03/13/26 15:24:09,23.29,201.24,19.74,10.56,1.11,412.98,22.60,25.30,0.00,0.01,0.01,0.00,0.00,1,13.87,0.02,27.38,1,-10,25,1,1,STAT,60,LAT,LON,W,CRC
03/13/26 15:25:09,23.31,196.93,20.54,10.99,0.57,412.99,22.60,25.30,0.00,0.00,0.00,0.00,0.00,1,14.16,218.44,37.33,1,-8,25,1,1,STAT,60,LAT,LON,W,CRC
03/13/26 15:26:09,23.34,194.42,18.72,10.57,0.28,413.00,22.60,25.30,0.00,0.00,0.00,0.00,0.00,1,14.05,92.06,32.74,1,-8,27,0,0,STAT,60,LAT,LON,W,CRC
03/13/26 15:27:09,23.37,197.10,18.43,11.33,-0.19,413.00,22.60,25.30,0.00,0.00,0.00,0.00,0.00,1,14.02,26.00,28.56,1,-9,27,0,0,STAT,60,LAT,LON,W,CRC
03/13/26 15:28:09,23.38,196.61,19.90,11.32,-0.17,413.00,22.60,25.20,0.00,0.00,0.00,0.00,0.00,1,13.98,7.34,27.88,1,-8,26,0,1,STAT,60,LAT,LON,W,CRC
03/13/26 15:29:09,23.39,202.47,20.10,10.61,0.99,413.54,22.60,25.20,0.00,0.00,0.00,0.00,0.00,1,13.95,2.07,27.73,1,-10,25,1,0,STAT,60,LAT,LON,W,CRC
03/13/26 15:30:10,23.39,195.14,20.02,11.61,-0.22,413.30,22.50,25.20,0.00,0.00,0.00,0.00,0.00,1,13.91,0.59,33.86,1,-8,25,1,1,STAT,60,LAT,LON,W,CRC
03/13/26 15:31:10,23.39,200.24,19.01,10.24,1.16,413.10,22.50,25.20,0.00,0.00,0.00,0.00,0.00,1,13.91,0.17,31.61,1,-11,26,1,0,STAT,60,LAT,LON,W,CRC
03/13/26 15:32:10,23.39,200.77,18.72,11.21,0.42,413.04,22.50,25.20,0.00,0.00,0.00,0.00,0.00,1,13.91,0.05,28.37,1,-9,27,1,0,STAT,60,LAT,LON,W,CRC
03/13/26 15:33:10,23.44,200.44,19.66,11.50,-1.54,413.01,22.50,25.30,0.00,0.00,0.00,0.00,0.00,1,13.87,0.01,29.39,1,-7,25,1,0,STAT,60,LAT,LON,W,CRC
03/13/26 15:34:10,23.46,203.75,19.27,10.81,-1.38,413.00,22.50,25.20,0.00,0.12,0.12,0.00,0.00,1,13.87,0.00,30.04,1,-8,25,1,0,STAT,60,LAT,LON,W,CRC
03/13/26 15:35:11,23.47,204.94,18.29,10.72,0.18,413.00,22.50,25.30,0.00,0.04,0.04,0.00,0.00,1,14.12,165.87,30.36,1,-7,27,1,0,STAT,60,LAT,LON,W,CRC
03/13/26 15:36:10,23.47,203.42,19.62,10.99,-0.74,413.07,22.40,25.20,0.00,0.01,0.01,0.00,0.00,1,14.02,46.85,29.91,1,-7,25,2,0,STAT,60,LAT,LON,W,CRC
03/13/26 15:37:10,23.48,208.17,20.42,11.00,-0.88,413.52,22.40,25.20,0.00,0.00,0.00,0.00,0.00,1,13.98,13.23,28.55,1,-7,25,1,0,STAT,60,LAT,LON,W,CRC
03/13/26 15:38:10,23.48,212.17,20.60,11.06,-0.15,413.83,22.40,25.30,0.00,0.18,0.18,0.00,0.00,1,13.95,3.74,29.45,1,-8,24,1,1,STAT,60,LAT,LON,W,CRC
03/13/26 15:39:10,23.49,207.28,19.51,10.75,0.42,413.94,22.40,25.30,0.00,0.32,0.32,0.00,0.00,1,13.95,1.06,30.25,1,-7,24,1,1,STAT,60,LAT,LON,W,CRC
03/13/26 15:40:10,23.49,208.17,19.47,11.21,-0.33,413.98,22.40,25.30,0.00,0.21,0.21,0.00,0.00,1,13.91,0.30,29.64,1,-7,25,1,1,STAT,60,LAT,LON,W,CRC
03/13/26 15:41:12,23.49,211.54,19.65,11.58,-0.74,413.99,22.40,25.30,0.00,0.07,0.07,0.00,0.00,1,13.91,0.08,30.46,1,-8,24,1,1,STAT,60,LAT,LON,W,CRC
03/13/26 15:42:12,23.49,210.68,19.38,11.22,-0.25,414.00,22.40,25.40,0.00,0.02,0.02,0.00,0.00,1,13.87,0.02,28.97,1,-8,25,2,1,STAT,60,LAT,LON,W,CRC
03/13/26 15:43:12,23.49,210.57,19.44,10.49,1.54,414.00,22.30,25.30,0.00,0.01,0.01,0.00,0.00,1,13.87,0.01,28.63,1,-8,25,2,1,STAT,60,LAT,LON,W,CRC
03/13/26 15:44:12,23.49,209.21,21.47,11.05,0.43,414.00,22.30,25.40,0.00,0.00,0.00,0.00,0.00,1,14.12,244.10,29.63,1,-8,24,2,0,STAT,60,LAT,LON,W,CRC
03/13/26 15:45:07,23.49,209.71,20.85,10.66,0.24,414.00,22.30,25.30,0.00,0.00,0.00,0.00,0.00,1,14.05,76.60,27.18,1,-9,25,2,0,STAT,60,LAT,LON,W,CRC
03/13/26 15:46:08,23.49,210.98,21.59,11.71,-1.97,414.00,22.30,25.40,0.00,0.00,0.00,0.00,0.00,1,13.98,21.63,32.97,1,-9,23,2,0,STAT,60,LAT,LON,W,CRC
03/13/26 15:47:08,23.49,208.67,20.68,11.39,-1.88,414.00,22.30,25.40,0.00,0.00,0.00,0.00,0.00,1,13.95,6.11,29.78,1,-9,24,2,0,STAT,60,LAT,LON,W,CRC
03/13/26 15:48:08,23.49,212.35,22.04,11.78,-1.46,414.00,22.30,25.40,0.00,0.00,0.00,0.00,0.00,1,13.95,1.73,29.23,1,-10,22,1,1,STAT,60,LAT,LON,W,CRC
03/13/26 15:49:08,23.49,211.17,19.71,10.99,0.12,414.54,22.20,25.50,0.00,0.00,0.00,0.00,0.00,1,13.91,0.49,26.96,1,-9,24,3,1,STAT,60,LAT,LON,W,CRC
03/13/26 15:50:08,23.49,202.28,20.39,11.45,-0.03,414.84,22.20,25.40,0.00,0.09,0.09,0.00,0.00,1,13.91,0.14,28.75,1,-6,24,1,1,STAT,60,LAT,LON,W,CRC
03/13/26 15:51:08,23.49,207.57,20.74,10.67,0.25,414.50,22.20,25.50,0.00,0.20,0.20,0.00,0.00,1,13.87,0.04,35.03,1,-8,23,1,0,STAT,60,LAT,LON,W,CRC
03/13/26 15:52:08,23.49,205.40,21.04,12.02,-1.34,414.18,22.20,25.50,0.00,0.08,0.08,0.00,0.00,1,13.87,0.01,32.90,1,-7,23,1,0,STAT,60,LAT,LON,W,CRC
03/13/26 15:53:08,23.49,202.90,20.07,11.01,0.33,414.06,22.20,25.60,0.00,0.02,0.02,0.00,0.00,1,14.19,268.92,28.96,1,-6,24,2,1,STAT,60,LAT,LON,W,CRC
03/13/26 15:54:08,23.49,203.59,20.10,11.63,-1.24,414.02,22.20,25.50,0.00,0.01,0.01,0.00,0.00,1,14.05,83.75,28.23,1,-7,23,1,0,STAT,60,LAT,LON,W,CRC
03/13/26 15:55:09,23.49,203.78,19.81,11.71,-2.10,414.01,22.20,25.60,0.00,0.00,0.00,0.00,0.00,1,13.98,23.65,29.43,1,-7,25,2,0,STAT,60,LAT,LON,W,CRC
03/13/26 15:56:08,23.49,203.43,20.18,10.39,1.68,414.00,22.20,25.60,0.00,0.21,0.21,0.00,0.00,1,13.95,6.68,37.62,1,-7,23,1,1,STAT,60,LAT,LON,W,CRC
03/13/26 15:57:08,23.49,208.66,20.32,10.93,0.97,413.96,22.20,25.60,0.00,0.07,0.07,0.00,0.00,1,13.95,1.89,30.57,1,-8,24,1,1,STAT,60,LAT,LON,W,CRC
03/13/26 15:58:08,23.49,210.07,20.59,10.85,-0.77,413.99,22.20,25.60,0.00,0.02,0.02,0.00,0.00,1,13.91,0.53,26.96,1,-9,24,1,1,STAT,60,LAT,LON,W,CRC
03/13/26 15:59:08,23.49,207.51,19.86,11.25,-0.66,413.99,22.20,25.60,0.00,0.01,0.01,0.00,0.00,1,13.91,0.15,27.47,1,-8,25,1,1,STAT,60,LAT,LON,W,CRC
03/13/26 16:00:09,23.49,212.55,20.81,10.93,-0.23,414.00,22.10,25.60,0.00,0.04,0.04,0.00,0.00,1,13.87,0.04,28.61,1,-10,23,2,1,STAT,60,LAT,LON,W,CRC
03/13/26 16:01:09,23.48,203.31,20.52,10.66,-0.65,414.28,22.20,25.60,0.00,0.01,0.01,0.00,0.00,1,13.87,0.01,30.27,1,-7,23,2,0,STAT,60,LAT,LON,W,CRC
03/13/26 16:02:09,23.48,205.68,20.50,11.19,0.23,414.43,22.20,25.60,0.00,0.00,0.00,0.00,0.00,1,14.12,261.26,28.35,1,-8,23,2,2,STAT,60,LAT,LON,W,CRC
03/13/26 16:03:09,23.48,202.57,18.85,11.63,-0.46,414.44,22.10,25.70,0.00,0.00,0.00,0.00,0.00,1,14.09,150.14,28.00,1,-7,24,1,1,STAT,60,LAT,LON,W,CRC
03/13/26 16:04:09,23.48,208.58,19.03,11.26,-0.62,414.30,22.10,25.70,0.00,0.00,0.00,0.00,0.00,1,14.02,42.40,28.72,1,-9,25,1,1,STAT,60,LAT,LON,W,CRC
03/13/26 16:05:09,23.48,215.88,19.66,11.00,-0.37,414.11,22.10,25.50,0.00,0.00,0.00,0.00,0.00,1,13.98,11.98,30.36,1,-10,24,2,1,STAT,60,LAT,LON,W,CRC
03/13/26 16:06:09,23.48,213.18,18.91,10.47,-0.63,414.04,22.10,25.60,0.00,0.28,0.28,0.00,0.00,1,13.95,3.38,31.12,1,-9,25,2,1,STAT,60,LAT,LON,W,CRC
03/13/26 16:07:11,23.47,208.59,19.20,10.66,-0.59,414.31,22.10,25.50,0.00,0.10,0.10,0.00,0.00,1,13.95,0.96,30.07,1,-9,25,2,0,STAT,60,LAT,LON,W,CRC
03/13/26 16:08:11,23.47,208.14,19.72,10.93,-0.14,414.11,22.10,25.50,0.00,0.03,0.03,0.00,0.00,1,13.91,0.27,29.07,1,-8,23,1,1,STAT,60,LAT,LON,W,CRC
03/13/26 16:09:11,23.47,205.37,20.61,11.17,-0.13,414.04,22.00,25.60,0.00,0.01,0.01,0.00,0.00,1,13.91,0.08,30.04,1,-8,23,2,1,STAT,60,LAT,LON,W,CRC
03/13/26 16:10:11,23.47,209.36,20.32,10.95,0.23,414.01,22.00,25.60,0.00,0.00,0.00,0.00,0.00,1,13.87,0.02,31.94,1,-9,24,1,1,STAT,60,LAT,LON,W,CRC
03/13/26 16:11:11,23.46,206.27,20.21,11.43,0.76,414.00,22.00,25.60,0.00,0.00,0.00,0.00,0.00,1,13.87,0.01,28.83,1,-9,24,1,1,STAT,60,LAT,LON,W,CRC
03/13/26 16:12:11,23.43,212.75,19.71,11.51,-0.96,413.66,22.00,25.60,0.00,0.00,0.00,0.00,0.00,1,14.12,188.31,29.48,1,-10,25,1,1,STAT,60,LAT,LON,W,CRC
03/13/26 16:13:11,23.40,209.25,20.61,10.80,0.65,413.23,22.00,25.60,0.00,0.00,0.00,0.00,0.00,1,14.02,53.18,28.40,1,-9,23,2,1,STAT,60,LAT,LON,W,CRC
03/13/26 16:14:11,23.40,209.66,20.77,11.11,0.07,413.08,22.00,25.70,0.00,0.00,0.00,0.00,0.00,1,13.98,15.02,30.56,1,-10,23,2,1,STAT,60,LAT,LON,W,CRC
03/13/26 16:15:12,23.39,204.91,20.64,10.74,0.14,413.03,22.00,25.70,0.00,0.00,0.00,0.00,0.00,1,13.95,4.24,30.80,1,-8,23,2,1,STAT,60,LAT,LON,W,CRC
03/13/26 16:16:12,23.39,205.69,20.33,11.30,-1.10,413.17,22.00,25.70,0.00,0.00,0.00,0.00,0.00,1,13.95,1.20,28.11,1,-8,24,2,1,STAT,60,LAT,LON,W,CRC
03/13/26 16:17:12,23.39,209.18,19.53,9.78,0.23,413.71,22.00,25.70,0.00,0.00,0.00,0.00,0.00,1,13.91,0.34,28.42,1,-9,24,1,0,STAT,60,LAT,LON,W,CRC
03/13/26 16:18:12,23.39,211.03,20.11,10.85,0.08,413.90,22.00,25.70,0.00,0.00,0.00,0.00,0.00,1,13.91,0.10,29.73,1,-10,24,1,1,STAT,60,LAT,LON,W,CRC
03/13/26 16:19:12,23.39,215.64,18.95,10.67,0.57,413.96,22.00,25.80,0.00,0.00,0.00,0.00,0.00,1,13.87,0.03,30.37,1,-11,25,1,1,STAT,60,LAT,LON,W,CRC
03/13/26 16:20:12,23.39,204.34,20.43,10.98,-0.35,413.99,21.90,25.80,0.00,0.00,0.00,0.00,0.00,1,13.87,0.01,28.93,1,-8,23,2,1,STAT,60,LAT,LON,W,CRC
03/13/26 16:21:12,23.39,205.28,19.75,11.21,-0.82,414.00,21.90,25.80,0.00,0.00,0.00,0.00,0.00,1,14.19,280.69,29.68,1,-8,23,2,1,STAT,60,LAT,LON,W,CRC
03/13/26 16:22:14,23.39,212.43,18.97,11.61,-1.50,414.00,21.90,25.80,0.00,0.00,0.00,0.00,0.00,1,14.05,86.97,36.56,1,-11,24,1,0,STAT,60,LAT,LON,W,CRC
03/13/26 16:23:14,23.39,210.51,20.41,11.61,-1.38,414.62,21.90,25.80,0.00,0.00,0.00,0.00,0.00,1,13.98,24.56,29.86,1,-10,22,2,0,STAT,60,LAT,LON,W,CRC
03/13/26 16:24:14,23.38,215.40,20.17,11.20,-1.02,414.86,21.90,25.80,0.00,0.00,0.00,0.00,0.00,1,13.98,6.94,29.07,1,-12,23,2,1,STAT,60,LAT,LON,W,CRC
03/13/26 16:25:14,23.38,212.92,19.35,10.88,0.46,414.95,21.90,25.80,0.00,0.00,0.00,0.00,0.00,1,13.95,1.96,30.88,1,-10,24,2,1,STAT,60,LAT,LON,W,CRC
03/13/26 16:26:14,23.38,207.98,18.81,11.16,-0.39,414.98,21.90,25.80,0.00,0.07,0.07,0.00,0.00,1,13.91,0.55,29.49,1,-8,24,2,1,STAT,60,LAT,LON,W,CRC
03/13/26 16:27:15,23.37,213.77,19.72,10.83,-0.14,414.99,21.90,25.70,0.00,0.20,0.20,0.00,0.00,1,13.91,0.16,30.25,1,-10,24,1,1,STAT,60,LAT,LON,W,CRC
03/13/26 16:28:15,23.37,213.33,21.67,10.80,0.43,415.00,21.90,25.80,0.00,0.17,0.17,0.00,0.00,1,13.87,0.04,28.57,1,-11,21,1,1,STAT,60,LAT,LON,W,CRC
03/13/26 16:29:15,23.34,216.96,19.75,10.40,0.84,415.00,21.90,25.90,0.00,0.20,0.20,0.00,0.00,1,13.87,0.01,29.78,1,-11,23,2,2,STAT,60,LAT,LON,W,CRC
03/13/26 16:30:15,23.31,212.56,19.73,10.37,1.34,415.00,21.80,25.90,0.00,0.09,0.09,0.00,0.00,1,14.16,332.31,35.84,1,-9,24,3,2,STAT,60,LAT,LON,W,CRC
03/13/26 16:31:15,23.30,213.82,19.79,10.70,0.02,415.00,21.80,25.90,0.00,0.19,0.19,0.00,0.00,1,14.05,123.78,31.21,1,-10,24,2,1,STAT,60,LAT,LON,W,CRC
03/13/26 16:32:15,23.29,208.07,18.99,10.99,-0.47,415.00,21.80,25.90,0.00,0.06,0.23,0.00,0.00,1,13.98,34.96,32.75,1,-8,24,1,1,STAT,60,LAT,LON,W,CRC
03/13/26 16:33:16,23.29,218.56,18.37,10.79,0.04,415.00,21.80,25.90,0.00,0.02,0.14,0.00,0.00,1,13.98,9.87,28.77,1,-11,25,1,1,STAT,60,LAT,LON,W,CRC
03/13/26 16:34:16,23.29,218.67,19.99,10.06,0.64,414.92,21.80,25.90,0.00,0.01,0.04,0.00,0.00,1,13.95,2.79,31.98,1,-12,24,1,1,STAT,60,LAT,LON,W,CRC
03/13/26 16:35:16,23.29,219.38,20.16,11.10,-0.29,414.35,21.70,25.90,0.29,0.47,0.48,0.00,0.00,1,13.91,0.79,31.30,1,-11,23,1,1,STAT,60,LAT,LON,W,CRC
03/13/26 16:36:16,23.29,217.34,20.21,10.43,0.64,414.12,21.70,25.90,0.09,0.18,0.18,0.00,0.00,1,13.91,0.22,28.82,1,-11,23,2,1,STAT,60,LAT,LON,W,CRC
03/13/26 16:37:16,23.29,213.75,20.63,10.62,0.27,414.31,21.70,26.00,0.03,0.06,0.06,0.00,0.00,1,13.91,0.06,27.87,1,-9,23,2,1,STAT,60,LAT,LON,W,CRC
03/13/26 16:38:16,23.28,217.60,20.24,10.67,0.75,414.72,21.70,26.00,0.01,0.02,0.02,0.00,0.00,1,13.87,0.02,29.79,1,-10,23,2,1,STAT,60,LAT,LON,W,CRC
03/13/26 16:39:17,23.28,217.39,19.82,10.88,0.55,414.52,21.70,26.00,0.00,0.01,0.01,0.00,0.00,1,14.09,153.88,30.31,1,-11,23,2,2,STAT,60,LAT,LON,W,CRC
03/13/26 16:40:17,23.27,216.49,18.68,11.79,-2.05,414.83,21.70,26.00,0.00,0.00,0.00,0.00,0.00,1,14.09,136.19,28.09,1,-11,23,3,0,STAT,60,LAT,LON,W,CRC
03/13/26 16:41:17,23.26,215.68,18.44,12.51,-1.17,414.32,21.70,26.00,0.00,0.00,0.10,0.00,0.00,1,14.02,38.46,27.45,1,-10,24,2,2,STAT,60,LAT,LON,W,CRC
03/13/26 16:42:17,23.22,214.13,19.37,12.13,0.27,414.11,21.60,26.10,0.00,0.02,0.18,0.00,0.00,1,13.98,10.86,28.33,1,-9,22,2,1,STAT,60,LAT,LON,W,CRC
03/13/26 16:43:12,23.20,221.55,20.19,11.12,1.28,414.04,21.60,26.10,0.00,0.12,0.17,0.00,0.00,1,13.95,3.41,29.89,1,-12,21,1,1,STAT,60,LAT,LON,W,CRC
03/13/26 16:44:12,23.20,216.22,18.78,11.35,0.99,414.02,21.60,26.10,0.00,0.04,0.05,0.00,0.00,1,13.95,0.96,28.75,1,-10,23,2,1,STAT,60,LAT,LON,W,CRC
03/13/26 16:45:12,23.19,214.64,20.02,10.95,1.20,414.01,21.60,26.10,0.00,0.18,0.19,0.00,0.00,1,13.91,0.27,29.66,1,-10,22,1,1,STAT,60,LAT,LON,W,CRC
03/13/26 16:46:13,23.19,218.49,20.05,11.31,0.63,414.00,21.60,26.00,0.00,0.15,0.15,0.00,0.00,1,13.91,0.08,32.70,1,-11,23,2,1,STAT,60,LAT,LON,W,CRC
03/13/26 16:47:13,23.19,220.73,20.83,11.40,-0.55,414.00,21.60,26.10,0.00,0.05,0.05,0.00,0.00,1,13.87,0.02,29.81,1,-12,22,2,1,STAT,60,LAT,LON,W,CRC
03/13/26 16:48:13,23.19,215.85,19.57,10.87,0.19,414.00,21.60,26.10,0.00,0.02,0.02,0.00,0.00,1,13.87,0.01,30.67,1,-11,23,2,0,STAT,60,LAT,LON,W,CRC
03/13/26 16:49:13,23.18,212.86,20.08,11.16,-0.73,414.00,21.50,26.20,0.00,0.00,0.00,0.00,0.00,1,14.09,182.19,28.49,1,-10,23,2,0,STAT,60,LAT,LON,W,CRC
03/13/26 16:50:13,23.17,211.34,20.22,11.62,-1.07,414.00,21.50,26.20,0.00,0.06,0.06,0.00,0.00,1,14.02,51.46,31.21,1,-10,22,2,1,STAT,60,LAT,LON,W,CRC
03/13/26 16:51:13,23.17,210.81,19.27,11.35,0.10,414.00,21.50,26.20,0.00,0.02,0.02,0.00,0.00,1,13.98,14.53,30.42,1,-11,22,1,1,STAT,60,LAT,LON,W,CRC
03/13/26 16:52:13,23.15,215.00,19.30,11.17,1.22,413.84,21.50,26.30,0.00,0.02,0.02,0.00,0.00,1,13.95,4.10,30.02,1,-11,23,2,2,STAT,60,LAT,LON,W,CRC
03/13/26 16:53:15,23.11,215.77,19.58,11.26,1.17,413.64,21.50,26.20,0.00,0.01,0.01,0.00,0.00,1,13.95,1.16,29.73,1,-12,23,2,2,STAT,60,LAT,LON,W,CRC
03/13/26 16:54:15,23.10,215.44,19.73,10.85,1.63,413.87,21.40,26.30,0.00,0.00,0.00,0.00,0.00,1,13.91,0.33,31.94,1,-11,23,2,2,STAT,60,LAT,LON,W,CRC
03/13/26 16:55:15,23.09,217.13,19.26,12.11,0.30,414.46,21.40,26.30,0.00,0.00,0.00,0.00,0.00,1,13.91,0.09,30.77,1,-12,23,2,1,STAT,60,LAT,LON,W,CRC
03/13/26 16:56:15,23.09,216.26,19.58,12.09,-0.88,414.81,21.40,26.30,0.00,0.03,0.03,0.00,0.00,1,13.87,0.03,30.12,1,-12,22,2,1,STAT,60,LAT,LON,W,CRC
03/13/26 16:57:15,23.08,212.00,19.38,10.94,-0.17,414.93,21.40,26.30,0.00,0.16,0.16,0.00,0.00,1,13.87,0.01,27.92,1,-11,22,2,0,STAT,60,LAT,LON,W,CRC
03/13/26 16:58:15,23.08,210.78,19.20,11.20,1.06,414.33,21.40,26.40,0.00,0.06,0.06,0.00,0.00,1,14.16,233.03,37.50,1,-10,23,2,1,STAT,60,LAT,LON,W,CRC
03/13/26 16:59:15,23.07,212.52,19.95,10.88,1.97,414.12,21.40,26.40,0.00,0.11,0.11,0.00,0.00,1,14.05,65.82,32.24,1,-11,22,3,1,STAT,60,LAT,LON,W,CRC
03/13/26 17:00:16,23.07,212.68,19.86,12.03,0.71,414.04,21.30,26.40,0.00,0.03,0.03,0.00,0.00,1,13.98,18.59,31.87,1,-12,22,2,1,STAT,60,LAT,LON,W,CRC
03/13/26 17:01:16,23.03,213.91,19.34,11.92,1.08,414.01,21.30,26.40,0.00,0.07,0.07,0.00,0.00,1,13.95,5.25,29.17,1,-12,22,2,1,STAT,60,LAT,LON,W,CRC
03/13/26 17:02:16,23.00,208.30,18.90,11.65,0.78,414.01,21.30,26.40,0.00,0.02,0.02,0.00,0.00,1,13.95,1.48,28.64,1,-10,22,2,1,STAT,60,LAT,LON,W,CRC
03/13/26 17:03:17,23.00,207.70,18.11,11.46,1.40,414.00,21.30,26.40,0.00,0.18,0.55,0.00,0.00,1,13.91,0.42,30.13,1,-10,23,2,2,STAT,60,LAT,LON,W,CRC
03/13/26 17:04:17,22.99,207.93,19.35,11.35,1.18,414.00,21.30,26.40,0.00,0.19,0.33,0.00,0.00,1,13.91,0.12,29.29,1,-12,23,2,1,STAT,60,LAT,LON,W,CRC
03/13/26 17:05:17,22.99,211.45,19.10,11.55,1.16,413.92,21.30,26.30,0.00,0.06,0.11,0.00,0.00,1,13.87,0.03,29.88,1,-12,22,2,1,STAT,60,LAT,LON,W,CRC
03/13/26 17:06:17,22.99,208.62,18.89,12.34,1.26,413.67,21.30,26.40,0.00,0.05,0.06,0.00,0.00,1,13.87,0.01,32.57,1,-12,23,2,2,STAT,60,LAT,LON,W,CRC
03/13/26 17:07:17,22.98,205.43,20.06,12.02,1.81,413.24,21.30,26.30,0.00,0.02,0.02,0.00,0.00,1,14.16,333.62,28.01,1,-10,21,2,2,STAT,60,LAT,LON,W,CRC
03/13/26 17:08:18,22.98,211.03,18.89,12.79,0.57,413.01,21.30,26.40,0.00,0.03,0.03,0.00,0.00,1,14.05,125.14,28.59,1,-13,23,2,2,STAT,60,LAT,LON,W,CRC
03/13/26 17:09:19,22.97,215.47,17.78,12.42,2.23,412.65,21.30,26.80,0.00,0.01,0.01,0.00,0.00,1,13.98,35.34,31.04,1,-13,24,1,2,STAT,60,LAT,LON,W,CRC
03/13/26 17:10:19,22.96,211.82,19.16,12.28,0.41,412.85,21.30,26.70,0.00,0.03,0.03,0.00,0.00,1,13.98,9.98,30.52,1,-13,23,1,1,STAT,60,LAT,LON,W,CRC
03/13/26 17:11:19,22.93,207.46,18.63,11.55,1.79,412.95,21.30,26.80,0.00,0.01,0.01,0.00,0.00,1,13.95,2.82,31.05,1,-12,23,2,1,STAT,60,LAT,LON,W,CRC
03/13/26 17:12:19,22.90,208.87,17.36,11.78,2.00,412.98,21.30,26.70,0.00,0.00,0.00,0.00,0.00,1,13.91,0.80,27.86,1,-12,25,2,1,STAT,60,LAT,LON,W,CRC
03/13/26 17:13:19,22.90,213.01,17.09,12.58,2.52,412.99,21.30,26.80,0.00,0.17,0.17,0.00,0.00,1,13.91,0.22,28.04,1,-13,24,2,1,STAT,60,LAT,LON,W,CRC
03/13/26 17:14:19,22.89,210.68,19.23,12.72,0.51,413.00,21.30,26.80,0.00,0.05,0.05,0.00,0.00,1,13.87,0.06,36.00,1,-12,22,2,0,STAT,60,LAT,LON,W,CRC
03/13/26 17:15:19,22.89,204.34,18.03,12.61,1.55,413.00,21.40,26.70,0.00,0.02,0.06,0.00,0.00,1,13.87,0.02,31.51,1,-10,24,2,1,STAT,60,LAT,LON,W,CRC
03/13/26 17:16:19,22.89,203.30,17.56,11.94,2.50,413.00,21.40,26.70,0.00,0.01,0.02,0.00,0.00,1,14.12,258.46,29.96,1,-9,25,3,1,STAT,60,LAT,LON,W,CRC
03/13/26 17:17:20,22.89,210.40,17.39,13.70,0.58,413.00,21.40,26.70,0.00,0.00,0.01,0.00,0.00,1,14.09,148.11,27.77,1,-11,24,2,1,STAT,60,LAT,LON,W,CRC
03/13/26 17:18:20,22.89,220.93,18.25,12.62,0.68,413.00,21.40,26.80,0.00,0.00,0.00,0.00,0.00,1,14.02,41.83,28.72,1,-14,23,1,1,STAT,60,LAT,LON,W,CRC
03/13/26 17:19:19,22.89,220.61,18.93,12.12,1.03,413.00,21.40,26.80,0.00,0.00,0.00,0.00,0.00,1,13.98,11.81,32.28,1,-13,24,1,0,STAT,60,LAT,LON,W,CRC
03/13/26 17:20:19,22.89,217.04,18.88,12.26,1.57,413.00,21.50,26.80,0.00,0.00,0.00,0.00,0.00,1,13.95,3.34,30.57,1,-12,24,1,1,STAT,60,LAT,LON,W,CRC
03/13/26 17:21:19,22.89,212.17,17.80,12.17,1.15,413.00,21.50,26.70,0.00,0.00,0.00,0.00,0.00,1,13.91,0.94,30.31,1,-12,25,1,0,STAT,60,LAT,LON,W,CRC
03/13/26 17:22:19,22.89,208.79,16.91,11.67,2.29,412.38,21.50,26.70,0.00,0.00,0.00,0.00,0.00,1,13.91,0.27,27.81,1,-12,26,1,0,STAT,60,LAT,LON,W,CRC
03/13/26 17:23:19,22.89,217.69,19.07,12.04,2.35,412.14,21.60,26.80,0.00,0.00,0.00,0.00,0.00,1,13.91,0.08,28.49,1,-14,23,1,0,STAT,60,LAT,LON,W,CRC
03/13/26 17:24:20,22.89,215.97,18.06,12.08,1.99,412.05,21.60,26.70,0.00,0.03,0.03,0.00,0.00,1,13.87,0.02,36.91,1,-13,24,1,0,STAT,60,LAT,LON,W,CRC
03/13/26 17:25:20,22.90,215.19,17.89,12.67,1.48,412.02,21.60,26.70,0.00,0.01,0.01,0.00,0.00,1,14.02,169.04,33.23,1,-13,25,2,0,STAT,60,LAT,LON,W,CRC
03/13/26 17:26:20,22.94,214.93,18.10,12.94,0.70,412.01,21.60,26.70,0.00,0.00,0.00,0.00,0.00,1,14.09,170.11,30.63,1,-14,24,1,1,STAT,60,LAT,LON,W,CRC
03/13/26 17:27:21,22.96,215.26,19.11,13.09,1.36,412.08,21.70,26.70,0.00,0.00,0.00,0.00,0.00,1,14.02,48.04,28.54,1,-14,23,1,1,STAT,60,LAT,LON,W,CRC
03/13/26 17:28:21,22.97,210.45,18.90,13.23,1.25,412.28,21.70,26.70,0.00,0.00,0.00,0.00,0.00,1,13.98,13.57,29.20,1,-12,25,1,1,STAT,60,LAT,LON,W,CRC
03/13/26 17:29:20,22.97,211.70,19.65,12.70,2.50,412.10,21.70,26.70,0.00,0.00,0.07,0.00,0.00,1,13.95,3.83,37.33,1,-13,24,1,1,STAT,60,LAT,LON,W,CRC
03/13/26 17:30:20,22.98,214.26,18.10,12.88,1.72,411.87,21.70,26.70,0.00,0.00,0.02,0.00,0.00,1,13.91,1.08,40.05,1,-13,25,1,1,STAT,60,LAT,LON,W,CRC
03/13/26 17:31:20,22.98,214.72,17.29,12.58,1.80,411.91,21.80,26.60,0.00,0.00,0.01,0.00,0.00,1,13.91,0.31,30.97,1,-14,26,1,0,STAT,60,LAT,LON,W,CRC
03/13/26 17:32:20,22.99,214.02,15.98,12.04,2.36,411.97,21.80,26.60,0.00,0.00,0.00,0.00,0.00,1,13.91,0.09,29.08,1,-14,27,1,0,STAT,60,LAT,LON,W,CRC
03/13/26 17:33:20,22.99,204.20,16.39,13.44,0.11,412.28,21.80,26.50,0.00,0.00,0.00,0.00,0.00,1,13.87,0.02,30.83,1,-11,27,1,0,STAT,60,LAT,LON,W,CRC
03/13/26 17:34:22,22.99,209.81,18.18,12.32,1.44,412.75,21.80,26.50,0.00,0.00,0.00,0.00,0.00,1,14.09,152.91,29.45,1,-12,25,1,0,STAT,60,LAT,LON,W,CRC
03/13/26 17:35:22,23.02,213.97,19.21,13.42,0.13,413.14,21.90,26.60,0.00,0.00,0.07,0.00,0.00,1,14.09,135.41,31.18,1,-14,24,1,0,STAT,60,LAT,LON,W,CRC
03/13/26 17:36:22,23.06,213.59,17.64,12.88,1.50,413.70,21.90,26.60,0.00,0.00,0.15,0.00,0.00,1,14.02,38.24,27.28,1,-14,25,2,1,STAT,60,LAT,LON,W,CRC
03/13/26 17:37:22,23.07,212.65,17.96,13.02,1.71,413.89,21.90,26.60,0.00,0.00,0.05,0.00,0.00,1,13.98,10.80,27.45,1,-14,24,1,1,STAT,60,LAT,LON,W,CRC
03/13/26 17:38:22,23.08,210.36,17.43,12.69,1.53,413.96,21.90,26.60,0.00,0.00,0.01,0.00,0.00,1,13.95,3.05,28.05,1,-13,27,2,0,STAT,60,LAT,LON,W,CRC
03/13/26 17:39:17,23.08,210.97,17.02,12.60,1.27,413.99,22.00,26.50,0.00,0.00,0.00,0.00,0.00,1,13.95,0.96,30.21,1,-13,26,2,0,STAT,60,LAT,LON,W,CRC
03/13/26 17:40:17,23.09,209.90,17.65,12.40,1.83,413.99,22.00,26.50,0.00,0.00,0.00,0.00,0.00,1,13.91,0.27,28.47,1,-13,26,1,0,STAT,60,LAT,LON,W,CRC
03/13/26 17:41:18,23.09,213.41,18.18,13.05,1.45,414.00,22.00,26.50,0.00,0.00,0.20,0.00,0.00,1,13.91,0.08,29.08,1,-14,25,0,1,STAT,60,LAT,LON,W,CRC
03/13/26 17:42:18,23.09,210.60,16.68,12.84,0.65,414.00,22.00,26.50,0.00,0.00,0.06,0.00,0.00,1,13.87,0.02,29.14,1,-13,27,1,0,STAT,60,LAT,LON,W,CRC
03/13/26 17:43:18,23.13,204.76,16.67,12.99,0.36,414.46,22.10,26.50,0.00,0.00,0.02,0.00,0.00,1,13.87,0.01,30.32,1,-11,26,0,0,STAT,60,LAT,LON,W,CRC
03/13/26 17:44:18,23.15,209.04,18.03,13.34,1.96,414.81,22.00,26.50,0.00,0.00,0.01,0.00,0.00,1,14.19,253.93,30.42,1,-13,25,1,1,STAT,60,LAT,LON,W,CRC
03/13/26 17:45:17,23.17,210.76,18.93,13.18,1.57,415.02,22.10,26.40,0.00,0.04,0.04,0.00,0.00,1,14.05,71.72,32.66,1,-13,25,1,0,STAT,60,LAT,LON,W,CRC
03/13/26 17:46:17,23.18,206.13,18.36,12.80,1.30,415.65,22.10,26.50,0.00,0.01,0.01,0.00,0.00,1,13.98,20.26,29.40,1,-12,25,1,0,STAT,60,LAT,LON,W,CRC
03/13/26 17:47:17,23.18,213.06,17.82,13.01,1.92,415.88,22.10,26.40,0.00,0.00,0.00,0.00,0.00,1,13.95,5.72,29.73,1,-14,26,1,1,STAT,60,LAT,LON,W,CRC
03/13/26 17:48:17,23.19,210.10,17.83,13.10,1.90,415.96,22.10,26.40,0.00,0.00,0.00,0.00,0.00,1,13.95,1.62,30.84,1,-13,26,1,1,STAT,60,LAT,LON,W,CRC
03/13/26 17:49:18,23.19,205.84,17.61,13.06,0.88,416.19,22.20,26.40,0.00,0.00,0.00,0.00,0.00,1,13.91,0.46,29.81,1,-11,26,2,0,STAT,60,LAT,LON,W,CRC
03/13/26 17:50:18,23.20,205.11,18.07,13.06,0.18,416.72,22.20,26.40,0.00,0.00,0.00,0.00,0.00,1,13.91,0.13,34.24,1,-12,26,1,0,STAT,60,LAT,LON,W,CRC
03/13/26 17:51:18,23.25,206.34,18.63,13.83,0.17,416.61,22.20,26.40,0.00,0.00,0.00,0.00,0.00,1,13.87,0.04,30.70,1,-12,26,1,1,STAT,60,LAT,LON,W,CRC
03/13/26 17:52:18,23.27,202.35,18.45,12.93,0.49,416.21,22.20,26.30,0.00,0.00,0.00,0.00,0.00,1,13.87,0.01,30.61,1,-11,27,0,0,STAT,60,LAT,LON,W,CRC
03/13/26 17:53:18,23.27,198.91,18.44,12.75,0.80,416.20,22.20,26.30,0.00,0.00,0.00,0.00,0.00,1,14.16,287.38,29.51,1,-10,26,1,0,STAT,60,LAT,LON,W,CRC
03/13/26 17:54:18,23.28,207.56,20.00,12.95,0.46,416.69,22.20,26.30,0.00,0.00,0.00,0.00,0.00,1,14.05,100.46,27.21,1,-12,25,1,0,STAT,60,LAT,LON,W,CRC
03/13/26 17:55:20,23.29,204.23,18.34,12.65,1.98,416.89,22.30,26.30,0.00,0.00,0.00,0.00,0.00,1,13.98,28.37,31.96,1,-12,26,1,0,STAT,60,LAT,LON,W,CRC
03/13/26 17:56:20,23.29,200.08,19.40,12.30,2.18,416.96,22.30,26.20,0.00,0.00,0.00,0.00,0.00,1,13.98,8.01,30.56,1,-10,25,1,0,STAT,60,LAT,LON,W,CRC
03/13/26 17:57:20,23.29,203.63,18.73,12.67,0.77,416.99,22.30,26.20,0.00,0.00,0.00,0.00,0.00,1,13.95,2.26,27.87,1,-12,26,1,0,STAT,60,LAT,LON,W,CRC
03/13/26 17:58:20,23.33,200.19,19.53,11.87,2.46,417.26,22.30,26.20,0.00,0.12,0.12,0.00,0.00,1,13.91,0.64,29.05,1,-11,25,1,0,STAT,60,LAT,LON,W,CRC
03/13/26 17:59:21,23.35,197.65,18.72,11.88,0.51,417.74,22.30,26.10,0.00,0.04,0.04,0.00,0.00,1,13.91,0.18,28.10,1,-10,26,0,0,STAT,60,LAT,LON,W,CRC
03/13/26 18:00:20,23.37,199.96,19.36,13.39,0.91,417.91,22.30,26.10,0.00,0.01,0.01,0.00,0.00,1,13.87,0.05,34.76,1,-11,26,1,0,STAT,60,LAT,LON,W,CRC
03/13/26 18:01:20,23.38,198.83,20.41,12.60,1.44,417.97,22.30,26.00,0.00,0.00,0.00,0.00,0.00,1,13.87,0.01,32.49,1,-11,25,1,1,STAT,60,LAT,LON,W,CRC
03/13/26 18:02:20,23.39,198.18,19.90,12.28,1.96,417.99,22.30,26.00,0.00,0.00,0.00,0.00,0.00,1,14.12,252.52,30.26,1,-9,25,1,1,STAT,60,LAT,LON,W,CRC
03/13/26 18:03:20,23.39,198.88,19.36,12.27,1.69,418.35,22.30,26.10,0.00,0.04,0.04,0.00,0.00,1,14.09,134.61,29.02,1,-11,25,1,0,STAT,60,LAT,LON,W,CRC
03/13/26 18:04:20,23.39,194.10,19.38,11.92,1.83,418.69,22.40,26.00,0.00,0.05,0.05,0.00,0.00,1,14.02,38.02,28.62,1,-9,26,0,0,STAT,60,LAT,LON,W,CRC
03/13/26 18:05:21,23.39,199.28,17.89,12.06,2.50,418.86,22.40,26.00,0.00,0.02,0.02,0.00,0.00,1,13.98,10.74,32.88,1,-11,27,0,0,STAT,60,LAT,LON,W,CRC
03/13/26 18:06:22,23.40,201.63,18.77,11.97,2.62,418.95,22.40,26.00,0.00,0.00,0.00,0.00,0.00,1,13.95,3.03,30.14,1,-12,26,1,0,STAT,60,LAT,LON,W,CRC
03/13/26 18:07:22,23.44,199.21,17.96,12.53,0.76,419.21,22.40,26.00,0.00,0.00,0.00,0.00,0.00,1,13.95,0.86,27.34,1,-12,27,1,0,STAT,60,LAT,LON,W,CRC
03/13/26 18:08:22,23.46,190.33,17.50,12.92,0.80,419.72,22.40,26.00,0.00,0.00,0.00,0.00,0.00,1,13.91,0.24,27.59,1,-9,28,2,0,STAT,60,LAT,LON,W,CRC
03/13/26 18:09:22,23.48,196.02,18.48,12.22,0.52,419.90,22.40,25.90,0.00,0.00,0.00,0.00,0.00,1,13.91,0.07,29.08,1,-10,25,1,0,STAT,60,LAT,LON,W,CRC
03/13/26 18:10:22,23.48,199.96,20.04,12.67,0.07,420.05,22.40,25.90,0.00,0.00,0.00,0.00,0.00,1,13.87,0.02,32.28,1,-12,25,1,0,STAT,60,LAT,LON,W,CRC
03/13/26 18:11:21,23.49,188.86,19.54,12.47,1.08,420.67,22.40,25.90,0.00,0.00,0.00,0.00,0.00,1,13.87,0.01,29.52,1,-10,26,1,0,STAT,60,LAT,LON,W,CRC
03/13/26 18:12:21,23.49,193.05,18.96,12.43,2.42,420.88,22.40,25.90,0.00,0.00,0.00,0.00,0.00,1,14.09,201.52,28.15,1,-10,25,1,1,STAT,60,LAT,LON,W,CRC
03/13/26 18:13:22,23.49,192.71,18.98,11.95,2.36,421.12,22.40,25.90,0.00,0.00,0.00,0.00,0.00,1,14.02,56.91,28.69,1,-10,26,1,1,STAT,60,LAT,LON,W,CRC
03/13/26 18:14:22,23.49,192.60,17.76,11.93,2.26,421.62,22.40,25.90,0.00,0.00,0.00,0.00,0.00,1,13.98,16.07,32.38,1,-10,26,1,0,STAT,60,LAT,LON,W,CRC
03/13/26 18:15:22,23.49,188.93,18.46,11.79,2.96,422.10,22.40,25.90,0.00,0.00,0.00,0.00,0.00,1,13.95,4.54,30.22,1,-10,26,1,1,STAT,60,LAT,LON,W,CRC
03/13/26 18:16:22,23.49,185.00,18.92,11.67,2.16,422.68,22.40,25.90,0.00,0.00,0.00,0.00,0.00,1,13.95,1.28,29.39,1,-8,25,1,0,STAT,60,LAT,LON,W,CRC
03/13/26 18:17:22,23.49,186.55,19.65,12.05,1.60,422.89,22.40,25.90,0.00,0.00,0.00,0.00,0.00,1,13.91,0.36,29.34,1,-9,24,2,0,STAT,60,LAT,LON,W,CRC
03/13/26 18:18:22,23.52,190.54,19.51,11.72,2.39,422.96,22.40,26.00,0.00,0.00,0.00,0.00,0.00,1,13.91,0.10,29.88,1,-10,25,1,1,STAT,60,LAT,LON,W,CRC
03/13/26 18:19:22,23.55,181.41,18.84,11.65,2.67,423.22,22.40,26.00,0.00,0.00,0.00,0.00,0.00,1,13.87,0.03,31.28,1,-8,24,0,1,STAT,60,LAT,LON,W,CRC
03/13/26 18:20:22,23.56,183.69,18.44,10.57,4.51,423.72,22.40,26.00,0.00,0.00,0.00,0.00,0.00,1,13.87,0.01,26.34,1,-8,25,1,1,STAT,60,LAT,LON,W,CRC
03/13/26 18:21:23,23.56,189.36,19.28,11.25,3.91,423.90,22.40,26.00,0.00,0.00,0.00,0.00,0.00,1,14.16,235.37,34.89,1,-10,25,2,1,STAT,60,LAT,LON,W,CRC
03/13/26 18:22:23,23.57,177.04,18.68,12.17,1.74,424.04,22.40,26.00,0.00,0.00,0.00,0.00,0.00,1,14.02,66.48,30.99,1,-6,25,2,0,STAT,60,LAT,LON,W,CRC
03/13/26 18:23:23,23.57,184.73,18.86,11.30,2.41,424.55,22.40,26.00,0.00,0.00,0.00,0.00,0.00,1,13.98,18.77,30.26,1,-8,25,2,0,STAT,60,LAT,LON,W,CRC
03/13/26 18:24:23,23.58,187.26,18.55,11.97,0.67,425.39,22.40,26.00,0.00,0.03,0.03,0.00,0.00,1,13.95,5.30,29.94,1,-9,25,1,0,STAT,60,LAT,LON,W,CRC
03/13/26 18:25:23,23.57,189.23,18.59,12.14,1.49,426.24,22.30,26.00,0.00,0.04,0.04,0.00,0.00,1,13.95,1.50,27.06,1,-9,25,1,1,STAT,60,LAT,LON,W,CRC
03/13/26 18:26:24,23.57,186.95,19.79,11.65,1.97,426.73,22.30,26.10,0.00,0.38,0.38,0.00,0.00,1,13.91,0.42,29.16,1,-9,25,2,1,STAT,60,LAT,LON,W,CRC
03/13/26 18:27:25,23.58,192.57,19.68,11.39,1.85,426.91,22.30,26.00,0.00,0.12,0.12,0.00,0.00,1,13.91,0.12,30.68,1,-11,24,1,0,STAT,60,LAT,LON,W,CRC
03/13/26 18:28:25,23.58,189.12,18.66,12.09,1.78,426.97,22.30,26.10,0.00,0.17,0.19,0.00,0.00,1,13.87,0.03,30.45,1,-10,25,1,1,STAT,60,LAT,LON,W,CRC
03/13/26 18:29:25,23.58,191.81,18.79,11.72,1.47,426.99,22.30,26.00,0.00,0.36,0.53,0.00,0.00,1,13.87,0.01,26.46,1,-11,25,1,0,STAT,60,LAT,LON,W,CRC
03/13/26 18:30:25,23.58,186.82,19.63,12.30,0.82,427.00,22.30,26.10,0.08,0.59,0.66,0.00,0.00,1,14.16,187.91,27.08,1,-8,24,2,1,STAT,60,LAT,LON,W,CRC
03/13/26 18:31:24,23.58,189.45,19.12,12.44,0.89,427.00,22.20,26.10,0.10,0.71,0.73,0.00,0.00,1,14.05,104.99,36.31,1,-10,25,1,0,STAT,60,LAT,LON,W,CRC
03/13/26 18:32:24,23.58,185.45,20.35,11.67,1.52,427.00,22.20,26.20,0.06,0.35,0.35,0.00,0.00,1,14.02,29.65,31.56,1,-9,23,1,1,STAT,60,LAT,LON,W,CRC
03/13/26 18:33:24,23.57,183.16,20.50,10.94,1.42,427.00,22.20,26.20,0.10,0.45,0.45,0.00,0.00,1,13.98,8.37,29.62,1,-8,24,1,0,STAT,60,LAT,LON,W,CRC
03/13/26 18:34:25,23.57,194.16,20.59,11.56,2.05,427.00,22.20,26.20,0.24,0.68,0.68,0.00,0.00,1,13.95,2.37,27.58,1,-11,23,1,1,STAT,60,LAT,LON,W,CRC
03/13/26 18:35:25,23.57,188.59,19.90,12.10,1.80,427.54,22.20,26.20,0.53,0.80,0.80,0.00,0.00,1,13.91,0.67,28.63,1,-8,24,2,1,STAT,60,LAT,LON,W,CRC
03/13/26 18:36:26,23.56,189.44,19.66,12.63,0.02,427.84,22.10,26.30,0.67,1.24,1.24,0.00,0.00,1,13.91,0.19,37.39,1,-9,24,1,0,STAT,60,LAT,LON,W,CRC
03/13/26 18:37:26,23.55,189.56,19.54,12.67,1.04,427.94,22.10,26.20,0.54,1.22,1.22,0.00,0.00,1,13.87,0.05,32.64,1,-8,24,2,0,STAT,60,LAT,LON,W,CRC
03/13/26 18:38:26,23.52,187.24,19.85,12.86,-0.42,427.98,22.10,26.30,0.28,1.23,1.23,0.00,0.00,1,13.87,0.02,27.82,1,-8,24,2,0,STAT,60,LAT,LON,W,CRC
03/13/26 18:39:26,23.50,186.67,19.92,12.24,0.53,427.99,22.10,26.30,0.30,0.84,0.84,0.00,0.00,1,13.87,0.00,28.45,1,-8,24,1,0,STAT,60,LAT,LON,W,CRC
03/13/26 18:40:27,23.49,193.31,19.22,13.30,-0.70,428.16,22.10,26.40,0.23,0.65,0.65,0.00,0.00,1,14.09,186.22,29.25,1,-10,24,1,0,STAT,60,LAT,LON,W,CRC
03/13/26 18:41:26,23.49,195.63,20.08,12.01,2.02,428.70,22.10,26.50,0.42,0.76,0.96,0.00,0.00,1,14.02,52.59,32.58,1,-10,23,1,1,STAT,60,LAT,LON,W,CRC
03/13/26 18:42:26,23.49,194.55,19.42,12.47,0.81,429.40,22.00,26.50,0.40,0.74,1.13,0.00,0.00,1,13.98,14.85,28.39,1,-9,23,2,0,STAT,60,LAT,LON,W,CRC
03/13/26 18:43:26,23.49,195.26,18.59,11.86,1.81,430.19,22.00,26.50,0.21,0.92,1.04,0.00,0.00,1,13.95,4.20,29.68,1,-10,24,2,1,STAT,60,LAT,LON,W,CRC
03/13/26 18:44:26,23.49,195.19,18.53,12.63,-0.09,431.11,22.00,26.60,0.39,0.94,0.98,0.00,0.00,1,13.95,1.18,28.95,1,-10,23,1,0,STAT,60,LAT,LON,W,CRC
03/13/26 18:45:27,23.49,190.58,17.96,12.86,1.23,432.10,22.00,26.70,0.71,1.14,1.16,0.00,0.00,1,13.91,0.33,30.49,1,-9,23,2,1,STAT,60,LAT,LON,W,CRC
03/13/26 18:46:27,23.49,193.58,18.72,12.51,0.73,434.44,22.00,26.80,0.32,0.50,0.50,0.00,0.00,1,13.87,0.09,29.12,1,-8,24,2,0,STAT,60,LAT,LON,W,CRC
03/13/26 18:47:22,23.48,196.67,18.82,12.45,1.67,438.99,22.00,26.70,0.10,0.91,0.92,0.00,0.00,1,13.87,0.03,30.97,1,-9,24,1,1,STAT,60,LAT,LON,W,CRC
03/13/26 18:48:22,23.48,197.25,19.49,12.22,2.16,441.66,21.90,26.70,0.31,0.93,0.93,0.00,0.00,1,13.87,0.01,29.42,1,-9,23,1,1,STAT,60,LAT,LON,W,CRC
03/13/26 18:49:22,23.47,193.09,19.45,12.49,0.81,442.04,21.90,26.70,0.77,1.03,1.03,0.00,0.00,1,14.12,252.35,34.33,1,-8,23,1,1,STAT,60,LAT,LON,W,CRC
03/13/26 18:50:22,23.47,203.34,19.84,12.66,1.63,441.37,21.90,26.80,0.59,1.01,1.05,0.00,0.00,1,14.02,71.27,30.06,1,-11,23,1,1,STAT,60,LAT,LON,W,CRC
03/13/26 18:51:23,23.43,202.97,19.86,13.33,0.55,440.68,21.90,26.70,0.34,0.97,1.05,0.00,0.00,1,13.98,20.13,30.21,1,-11,23,2,1,STAT,60,LAT,LON,W,CRC
03/13/26 18:52:23,23.40,201.63,19.88,13.46,-0.38,440.56,21.80,26.90,0.17,0.70,0.72,0.00,0.00,1,13.95,5.69,32.09,1,-11,22,2,1,STAT,60,LAT,LON,W,CRC
03/13/26 18:53:23,23.40,206.72,19.67,13.06,-0.15,440.93,21.90,27.00,0.27,1.28,1.29,0.00,0.00,1,13.95,1.61,30.13,1,-11,22,2,1,STAT,60,LAT,LON,W,CRC
03/13/26 18:54:24,23.39,201.85,19.01,12.37,1.00,442.61,21.80,27.00,0.47,1.38,1.39,0.00,0.00,1,13.91,0.45,27.40,1,-9,23,1,1,STAT,60,LAT,LON,W,CRC
03/13/26 18:55:24,23.39,200.35,19.62,12.06,1.35,444.00,21.80,27.00,0.15,0.80,0.95,0.00,0.00,1,13.91,0.13,27.93,1,-10,24,2,0,STAT,60,LAT,LON,W,CRC
03/13/26 18:56:24,23.39,205.02,19.34,12.75,1.99,444.65,21.80,27.00,0.41,0.94,0.98,0.00,0.00,1,13.87,0.04,29.43,1,-11,23,2,1,STAT,60,LAT,LON,W,CRC
03/13/26 18:57:24,23.39,199.03,18.79,12.98,0.89,445.52,21.80,27.00,0.56,0.91,0.92,0.00,0.00,1,13.87,0.01,33.68,1,-10,23,2,1,STAT,60,LAT,LON,W,CRC
03/13/26 18:58:24,23.38,198.64,17.56,12.04,2.18,445.83,21.80,26.90,0.42,0.77,0.78,0.00,0.00,1,14.16,237.46,29.87,1,-9,25,3,1,STAT,60,LAT,LON,W,CRC
03/13/26 18:59:24,23.38,209.81,19.29,12.00,1.86,445.94,21.80,26.90,0.21,0.73,0.74,0.00,0.00,1,14.05,67.07,27.34,1,-14,23,2,1,STAT,60,LAT,LON,W,CRC
03/13/26 19:00:24,23.37,201.29,17.26,12.97,0.54,445.98,21.70,26.90,0.07,0.43,0.43,0.00,0.00,1,13.98,18.94,27.24,1,-11,25,2,1,STAT,60,LAT,LON,W,CRC
03/13/26 19:01:25,23.37,204.70,19.83,13.23,0.27,445.99,21.70,26.90,0.02,0.44,0.44,0.00,0.00,1,13.95,5.35,28.45,1,-12,23,1,1,STAT,60,LAT,LON,W,CRC
03/13/26 19:02:25,23.34,204.38,19.93,13.05,2.03,446.12,21.70,27.00,0.01,0.36,0.36,0.00,0.00,1,13.95,1.51,33.88,1,-12,22,1,1,STAT,60,LAT,LON,W,CRC
03/13/26 19:03:25,23.31,206.44,18.83,12.92,2.01,446.35,21.70,27.00,0.07,0.48,0.48,0.00,0.00,1,13.91,0.43,30.46,1,-12,24,2,1,STAT,60,LAT,LON,W,CRC
03/13/26 19:04:25,23.30,202.54,19.31,13.11,1.55,446.43,21.70,27.10,0.02,0.73,0.73,0.00,0.00,1,13.91,0.12,28.09,1,-11,23,2,1,STAT,60,LAT,LON,W,CRC
03/13/26 19:05:25,23.29,205.53,19.20,13.34,0.14,446.42,21.70,27.10,0.01,0.31,0.31,0.00,0.00,1,13.87,0.03,28.81,1,-12,23,1,1,STAT,60,LAT,LON,W,CRC
03/13/26 19:06:25,23.29,202.33,19.19,12.88,0.76,446.80,21.70,27.10,0.00,0.19,0.19,0.00,0.00,1,13.87,0.01,29.98,1,-12,22,1,1,STAT,60,LAT,LON,W,CRC
03/13/26 19:07:25,23.29,201.38,19.58,13.62,-0.31,447.33,21.70,27.00,0.02,0.24,0.24,0.00,0.00,1,14.16,263.96,31.22,1,-11,23,2,1,STAT,60,LAT,LON,W,CRC
03/13/26 19:08:26,23.29,206.30,18.43,14.03,-0.17,448.41,21.70,27.10,0.01,0.29,0.29,0.00,0.00,1,14.05,110.11,29.76,1,-12,23,2,2,STAT,60,LAT,LON,W,CRC
03/13/26 19:09:26,23.29,203.17,19.52,13.41,0.43,449.20,21.70,27.30,0.16,0.55,0.55,0.00,0.00,1,14.02,31.10,28.27,1,-11,23,2,1,STAT,60,LAT,LON,W,CRC
03/13/26 19:10:26,23.28,201.12,18.90,12.89,0.86,449.72,21.70,27.30,0.06,0.27,0.27,0.00,0.00,1,13.98,8.78,29.81,1,-11,23,2,1,STAT,60,LAT,LON,W,CRC
03/13/26 19:11:26,23.28,202.25,18.45,12.73,1.66,449.90,21.70,27.20,0.02,0.17,0.22,0.00,0.00,1,13.95,2.48,29.60,1,-11,23,1,1,STAT,60,LAT,LON,W,CRC
03/13/26 19:12:28,23.28,205.72,18.15,12.99,0.47,449.33,21.70,27.20,0.01,0.05,0.14,0.00,0.00,1,13.95,0.70,31.50,1,-13,24,1,1,STAT,60,LAT,LON,W,CRC
03/13/26 19:13:28,23.27,203.55,17.74,12.93,0.42,448.38,21.70,27.20,0.00,0.28,0.31,0.00,0.00,1,13.91,0.20,32.44,1,-12,23,1,0,STAT,60,LAT,LON,W,CRC
03/13/26 19:14:28,23.27,205.87,18.20,12.56,1.12,448.03,21.70,27.20,0.02,0.18,0.19,0.00,0.00,1,13.91,0.06,30.30,1,-12,24,1,1,STAT,60,LAT,LON,W,CRC
03/13/26 19:15:28,23.27,201.50,18.95,12.92,1.70,448.01,21.60,27.30,0.01,0.06,0.06,0.00,0.00,1,13.87,0.02,30.26,1,-11,24,1,1,STAT,60,LAT,LON,W,CRC
03/13/26 19:16:28,23.24,199.79,19.09,13.28,1.29,448.00,21.70,27.20,0.00,0.07,0.07,0.00,0.00,1,13.87,0.00,28.36,1,-11,24,1,1,STAT,60,LAT,LON,W,CRC
03/13/26 19:17:28,23.22,206.06,17.29,13.32,1.52,448.00,21.70,27.30,0.00,0.02,0.02,0.00,0.00,1,14.09,168.96,27.36,1,-13,24,1,1,STAT,60,LAT,LON,W,CRC
03/13/26 19:18:28,23.20,205.79,17.30,13.58,1.01,448.00,21.70,27.20,0.00,0.21,0.21,0.00,0.00,1,14.02,47.72,30.88,1,-13,25,1,1,STAT,60,LAT,LON,W,CRC
03/13/26 19:19:28,23.19,206.80,17.94,13.27,1.36,448.00,21.70,27.30,0.00,0.16,0.38,0.00,0.00,1,13.98,13.48,31.11,1,-13,24,1,0,STAT,60,LAT,LON,W,CRC
03/13/26 19:20:29,23.19,207.97,19.32,12.60,1.60,448.25,21.70,27.10,0.00,0.08,0.15,0.00,0.00,1,13.95,3.81,30.49,1,-13,23,1,0,STAT,60,LAT,LON,W,CRC
03/13/26 19:21:29,23.19,211.14,19.91,12.98,1.06,448.28,21.70,27.20,0.00,0.21,0.23,0.00,0.00,1,13.95,1.08,30.70,1,-14,23,1,0,STAT,60,LAT,LON,W,CRC
03/13/26 19:22:29,23.19,208.18,19.45,13.56,0.05,448.26,21.70,27.20,0.00,0.19,0.20,0.00,0.00,1,13.91,0.30,29.04,1,-13,22,1,0,STAT,60,LAT,LON,W,CRC
03/13/26 19:23:28,23.19,210.49,18.85,13.62,1.28,448.43,21.70,27.30,0.00,0.11,0.11,0.00,0.00,1,13.91,0.09,32.15,1,-13,23,2,0,STAT,60,LAT,LON,W,CRC
03/13/26 19:24:28,23.19,219.28,18.91,13.47,1.38,448.65,21.70,27.30,0.00,0.03,0.03,0.00,0.00,1,13.87,0.02,30.29,1,-14,23,1,1,STAT,60,LAT,LON,W,CRC
03/13/26 19:25:28,23.19,220.09,18.19,13.68,0.60,448.88,21.70,27.30,0.00,0.01,0.01,0.00,0.00,1,13.87,0.01,27.11,1,-12,25,1,0,STAT,60,LAT,LON,W,CRC
03/13/26 19:26:28,23.19,223.60,18.37,13.56,-0.09,448.96,21.80,27.30,0.00,0.00,0.00,0.00,0.00,1,14.12,194.84,27.83,1,-13,26,1,0,STAT,60,LAT,LON,W,CRC
03/13/26 19:27:29,23.19,218.27,18.30,13.53,0.72,448.98,21.80,27.20,0.00,0.00,0.00,0.00,0.00,1,14.02,55.03,28.74,1,-13,25,2,0,STAT,60,LAT,LON,W,CRC
03/13/26 19:28:29,23.19,217.80,17.74,13.31,1.39,448.99,21.80,27.10,0.00,0.05,0.21,0.00,0.00,1,13.98,15.54,31.47,1,-12,26,2,1,STAT,60,LAT,LON,W,CRC
03/13/26 19:29:29,23.19,219.54,18.16,13.57,1.65,449.00,21.80,27.10,0.00,0.03,0.34,0.00,0.00,1,13.95,4.39,29.91,1,-13,26,2,1,STAT,60,LAT,LON,W,CRC
03/13/26 19:30:29,23.19,214.26,18.42,14.78,-0.13,449.00,21.80,27.20,0.00,0.01,0.11,0.00,0.00,1,13.95,1.24,27.00,1,-12,25,2,1,STAT,60,LAT,LON,W,CRC
03/13/26 19:31:29,23.19,214.00,19.74,14.54,0.01,449.00,21.80,27.20,0.00,0.00,0.03,0.00,0.00,1,13.91,0.35,29.56,1,-11,23,1,0,STAT,60,LAT,LON,W,CRC
03/13/26 19:32:29,23.19,213.89,18.72,14.78,-0.52,449.00,21.80,27.10,0.00,0.00,0.15,0.00,0.00,1,13.91,0.10,28.84,1,-12,24,1,0,STAT,60,LAT,LON,W,CRC
03/13/26 19:33:31,23.19,221.30,18.10,14.43,0.26,448.65,21.80,27.20,0.00,0.15,0.20,0.00,0.00,1,13.87,0.03,39.02,1,-14,25,1,1,STAT,60,LAT,LON,W,CRC
03/13/26 19:34:31,23.19,215.27,18.47,14.10,-0.15,448.23,21.80,27.10,0.00,0.27,0.28,0.00,0.00,1,13.87,0.01,32.68,1,-13,24,2,0,STAT,60,LAT,LON,W,CRC
03/13/26 19:35:31,23.19,210.88,18.37,14.33,-0.13,448.08,21.80,27.10,0.00,0.08,0.09,0.00,0.00,1,14.19,247.06,28.28,1,-11,24,2,0,STAT,60,LAT,LON,W,CRC
03/13/26 19:36:31,23.19,213.91,18.95,13.81,0.59,448.03,21.90,27.10,0.00,0.03,0.03,0.00,0.00,1,14.05,69.78,28.67,1,-13,23,2,0,STAT,60,LAT,LON,W,CRC
03/13/26 19:37:31,23.19,213.72,18.98,13.44,1.56,447.72,21.90,27.10,0.00,0.01,0.01,0.00,0.00,1,13.98,19.71,32.26,1,-13,23,2,1,STAT,60,LAT,LON,W,CRC
03/13/26 19:38:32,23.19,208.50,17.86,13.62,1.95,447.25,21.90,27.10,0.00,0.00,0.00,0.00,0.00,1,13.95,5.57,35.35,1,-11,25,1,1,STAT,60,LAT,LON,W,CRC
03/13/26 19:39:32,23.19,211.96,17.56,13.20,2.63,447.09,21.90,27.10,0.00,0.00,0.00,0.00,0.00,1,13.95,1.57,29.49,1,-13,25,1,1,STAT,60,LAT,LON,W,CRC
03/13/26 19:40:32,23.20,203.42,17.91,13.99,1.80,447.03,21.90,27.10,0.00,0.22,0.22,0.00,0.00,1,13.91,0.44,28.73,1,-10,25,1,1,STAT,60,LAT,LON,W,CRC
03/13/26 19:41:32,23.21,209.46,18.58,13.85,0.28,447.01,21.90,27.10,0.00,0.14,0.44,0.00,0.00,1,13.91,0.13,29.03,1,-11,24,1,0,STAT,60,LAT,LON,W,CRC
03/13/26 19:42:32,23.23,211.17,19.20,14.34,0.53,447.00,21.90,27.10,0.00,0.15,0.24,0.00,0.00,1,13.87,0.04,30.86,1,-12,24,1,1,STAT,60,LAT,LON,W,CRC
