DATE,TE,CO,NO,NO2,O3,CO2,T,RH,P,PM1.0,PM2.5,PM10,WD,WS,PWR,BATT,CHRG,RUN,SD,RAW,101,12,-6,-17,86,0,0.00000,0.00000,0,837542213
08/30/26 03:54:06,16.85,124.27,9.09,18.41,8.53,428.94,14.40,71.10,1010.00,1.10,2.08,2.38,284.80,0.16,0,13.24,0.00,77.42,1,0,14,2,3,STAT,60,LAT,LON,W,CRC
08/30/26 03:55:04,16.80,121.36,8.87,18.69,9.20,428.98,14.40,70.90,1010.00,1.56,2.39,2.50,257.90,0.14,0,13.24,0.00,70.97,1,0,13,2,3,STAT,60,LAT,LON,W,CRC
08/30/26 03:56:05,16.78,122.02,9.51,18.35,9.61,429.15,14.40,71.30,1010.00,1.42,2.26,2.42,230.90,0.21,0,13.24,0.00,70.97,1,0,12,1,3,STAT,60,LAT,LON,W,CRC
08/30/26 03:57:07,16.76,125.86,9.79,19.67,9.11,429.70,14.30,71.50,1010.00,1.53,2.21,2.27,226.30,0.15,0,13.24,0.00,74.19,1,0,12,3,3,STAT,60,LAT,LON,W,CRC
08/30/26 03:58:04,16.72,140.05,9.05,18.31,10.81,430.43,14.20,71.50,1010.00,1.46,2.12,2.14,169.50,0.10,0,13.24,0.00,70.97,1,0,14,2,2,STAT,60,LAT,LON,W,CRC
08/30/26 03:59:06,16.69,176.03,8.96,18.60,11.18,430.80,14.20,71.60,1010.00,1.55,2.50,2.84,116.70,0.09,0,13.24,0.00,74.19,1,0,13,3,3,STAT,60,LAT,LON,W,CRC
08/30/26 04:00:09,16.68,168.03,9.25,19.51,9.87,430.93,14.10,71.40,1010.00,1.79,2.63,2.78,94.30,0.05,0,13.24,0.00,70.97,1,0,13,4,3,STAT,60,LAT,LON,W,CRC
08/30/26 04:01:08,16.65,147.42,10.13,19.00,10.72,430.97,14.10,70.90,1010.00,1.35,2.36,2.45,199.10,0.07,0,13.24,0.00,70.97,1,0,12,4,3,STAT,60,LAT,LON,W,CRC
08/30/26 04:02:10,16.60,142.41,9.89,19.90,9.97,430.99,14.10,71.80,1010.00,1.28,2.12,2.29,216.60,0.12,0,13.24,0.00,70.97,1,0,12,4,3,STAT,60,LAT,LON,W,CRC
08/30/26 04:03:07,16.58,138.32,10.15,19.74,9.26,431.00,14.00,72.00,1010.00,1.44,2.33,2.39,132.30,0.08,0,13.24,0.00,74.19,1,0,11,4,2,STAT,60,LAT,LON,W,CRC
08/30/26 04:04:09,16.55,135.04,9.54,19.73,9.29,431.00,14.00,72.10,1010.00,1.28,1.98,2.00,94.90,0.10,0,13.24,0.00,74.19,1,0,11,4,2,STAT,60,LAT,LON,W,CRC
08/30/26 04:05:06,16.50,136.42,8.85,19.67,9.61,431.00,14.00,72.40,1010.00,1.00,1.49,1.50,96.20,0.14,0,13.24,0.00,74.19,1,0,12,4,3,STAT,60,LAT,LON,W,CRC
08/30/26 04:06:08,16.49,133.51,8.12,18.55,11.05,431.44,14.00,71.90,1010.00,1.40,2.39,2.39,77.00,0.14,0,13.24,0.00,70.97,1,0,13,4,4,STAT,60,LAT,LON,W,CRC
08/30/26 04:07:10,16.44,127.39,9.21,19.66,9.69,431.80,14.00,72.10,1010.00,1.07,2.29,2.29,35.30,0.09,0,13.24,0.00,70.97,1,0,11,4,3,STAT,60,LAT,LON,W,CRC
08/30/26 04:08:08,16.40,126.46,8.13,18.73,10.38,431.92,13.90,72.50,1010.00,1.57,3.18,3.34,87.20,0.18,0,13.24,0.00,74.19,1,0,13,4,2,STAT,60,LAT,LON,W,CRC
08/30/26 04:09:11,16.38,127.79,9.38,18.49,11.24,432.52,13.90,72.00,1010.00,1.40,3.17,3.28,70.90,0.17,0,13.24,0.00,87.10,1,0,12,3,3,STAT,60,LAT,LON,W,CRC
08/30/26 04:10:08,16.32,123.16,12.30,18.55,11.98,432.23,14.00,70.50,1010.00,1.57,3.21,3.25,69.20,0.10,0,13.24,0.00,77.42,1,0,10,3,3,STAT,60,LAT,LON,W,CRC
08/30/26 04:11:10,16.29,126.67,11.71,19.46,12.05,431.54,14.00,72.10,1010.00,1.90,3.38,3.47,90.20,0.13,0,13.24,0.00,70.97,1,0,10,3,4,STAT,60,LAT,LON,W,CRC
08/30/26 04:12:07,16.28,127.46,10.26,19.13,11.36,431.29,13.90,72.30,1010.00,2.11,3.56,3.59,103.00,0.15,0,13.24,0.00,74.19,1,0,10,2,3,STAT,60,LAT,LON,W,CRC
08/30/26 04:13:09,16.22,126.09,9.93,18.26,12.48,431.75,13.90,72.10,1010.00,1.91,3.28,3.49,80.60,0.12,0,13.24,0.00,83.87,1,0,11,3,3,STAT,60,LAT,LON,W,CRC
08/30/26 04:14:07,16.20,126.89,10.68,18.44,11.84,431.55,13.90,71.50,1010.00,1.98,3.22,3.36,86.40,0.17,0,13.20,0.00,83.87,1,0,11,3,2,STAT,60,LAT,LON,W,CRC
08/30/26 04:15:09,16.18,127.92,10.41,20.10,10.44,431.19,13.90,72.50,1010.00,1.57,2.87,3.01,95.30,0.20,0,13.24,0.00,70.97,1,0,11,3,2,STAT,60,LAT,LON,W,CRC
08/30/26 04:16:06,16.14,134.75,8.49,19.56,10.52,431.07,13.80,72.30,1010.00,1.38,2.44,2.54,207.60,0.09,0,13.24,0.00,74.19,1,0,12,3,2,STAT,60,LAT,LON,W,CRC
08/30/26 04:17:09,16.10,135.10,10.24,18.35,10.53,431.03,13.80,71.90,1010.00,1.40,2.74,2.77,159.90,0.06,0,13.24,0.00,83.87,1,0,12,2,2,STAT,60,LAT,LON,W,CRC
08/30/26 04:18:11,16.09,134.92,9.29,19.92,10.16,431.09,13.80,72.50,1010.00,1.72,3.12,3.25,93.70,0.12,0,13.24,0.00,83.87,1,0,12,3,2,STAT,60,LAT,LON,W,CRC
08/30/26 04:19:08,16.07,137.45,10.21,19.31,10.41,431.88,13.80,72.70,1010.00,1.88,2.91,3.05,102.70,0.15,0,13.20,0.00,87.10,1,0,12,3,2,STAT,60,LAT,LON,W,CRC
08/30/26 04:20:10,16.02,134.43,11.40,18.81,10.38,431.75,13.90,71.10,1010.00,2.24,3.46,3.51,225.80,0.12,0,13.24,0.00,74.19,1,0,11,3,2,STAT,60,LAT,LON,W,CRC
08/30/26 04:21:10,16.00,126.45,11.72,17.85,11.57,431.29,13.90,71.40,1010.00,1.95,2.97,3.06,235.90,0.18,0,13.24,0.00,70.97,1,0,11,2,3,STAT,60,LAT,LON,W,CRC
08/30/26 04:22:12,15.99,125.21,10.70,17.21,12.20,431.26,13.90,71.80,1010.00,1.68,2.70,2.73,242.70,0.13,0,13.24,0.00,70.97,1,0,11,2,2,STAT,60,LAT,LON,W,CRC
08/30/26 04:23:09,15.99,125.19,10.79,18.24,10.59,432.49,13.90,72.00,1010.00,1.79,2.76,2.77,285.10,0.10,0,13.24,0.00,74.19,1,0,11,1,2,STAT,60,LAT,LON,W,CRC
08/30/26 04:24:12,15.97,123.12,10.05,17.34,8.72,434.86,13.90,73.10,1010.00,1.61,2.48,2.48,326.60,0.28,0,13.24,0.00,70.97,1,0,11,1,1,STAT,60,LAT,LON,W,CRC
08/30/26 04:25:09,15.92,121.78,11.33,17.02,8.34,437.91,13.80,72.90,1010.00,1.69,2.65,2.65,315.70,0.30,0,13.24,0.00,74.19,1,0,10,1,2,STAT,60,LAT,LON,W,CRC
08/30/26 04:26:10,15.90,121.27,9.61,17.33,7.35,439.18,13.80,72.20,1010.00,1.36,2.40,2.40,308.00,0.30,0,13.24,0.00,87.10,1,0,12,1,1,STAT,60,LAT,LON,W,CRC
08/30/26 04:27:12,15.89,120.89,11.35,17.52,7.97,437.86,13.80,71.80,1010.00,1.58,3.08,3.08,301.00,0.26,0,13.24,0.00,83.87,1,0,11,1,1,STAT,60,LAT,LON,W,CRC
08/30/26 04:28:10,15.89,119.81,10.48,18.91,7.02,436.72,13.80,72.80,1010.00,1.32,2.31,2.31,287.90,0.12,0,13.24,0.00,74.19,1,0,12,1,0,STAT,60,LAT,LON,W,CRC
08/30/26 04:29:12,15.89,122.81,10.26,18.48,8.46,437.60,13.80,72.80,1010.00,1.53,2.92,2.92,357.80,0.04,0,13.24,0.00,74.19,1,0,11,1,1,STAT,60,LAT,LON,W,CRC
08/30/26 04:30:10,15.89,121.15,11.31,19.02,8.36,438.46,13.80,72.80,1010.00,1.50,2.97,2.97,69.40,0.10,0,13.24,0.00,74.19,1,0,10,1,1,STAT,60,LAT,LON,W,CRC
08/30/26 04:31:11,15.87,123.35,10.93,17.56,9.61,438.73,13.70,72.40,1010.00,1.53,3.03,3.03,65.60,0.15,0,13.24,0.00,74.19,1,0,10,1,1,STAT,60,LAT,LON,W,CRC
08/30/26 04:32:13,15.84,124.68,10.80,18.79,7.56,438.26,13.60,73.10,1010.00,1.09,2.30,2.30,79.30,0.14,0,13.24,0.00,87.10,1,0,11,2,1,STAT,60,LAT,LON,W,CRC
08/30/26 04:33:10,15.81,128.17,9.85,19.81,6.94,438.21,13.60,73.40,1010.00,1.18,2.81,2.91,69.40,0.13,0,13.24,0.00,74.19,1,0,11,2,1,STAT,60,LAT,LON,W,CRC
08/30/26 04:34:13,15.79,128.16,9.31,18.61,8.15,438.72,13.50,73.60,1010.00,1.52,3.26,3.57,93.40,0.11,0,13.24,0.00,80.65,1,0,10,2,1,STAT,60,LAT,LON,W,CRC
08/30/26 04:35:11,15.79,130.89,9.68,19.37,8.21,439.51,13.40,74.00,1010.00,1.86,3.47,3.61,88.20,0.19,0,13.24,0.00,87.10,1,0,12,2,2,STAT,60,LAT,LON,W,CRC
08/30/26 04:36:09,15.78,128.56,8.34,18.26,9.31,439.81,13.40,73.80,1010.00,1.72,3.46,3.51,92.50,0.26,0,13.24,0.00,74.19,1,0,12,3,1,STAT,60,LAT,LON,W,CRC
08/30/26 04:37:12,15.73,126.54,8.89,18.72,9.03,439.93,13.40,74.10,1010.00,1.55,3.13,3.15,83.90,0.27,0,13.24,0.00,74.19,1,0,11,3,2,STAT,60,LAT,LON,W,CRC
08/30/26 04:38:09,15.70,126.02,9.07,17.49,9.57,439.97,13.30,74.10,1010.00,1.59,2.77,2.87,46.30,0.16,0,13.24,0.00,74.19,1,0,11,2,2,STAT,60,LAT,LON,W,CRC
08/30/26 04:39:11,15.69,122.93,11.43,18.29,10.10,439.99,13.30,74.00,1010.00,1.62,3.10,3.36,27.20,0.10,0,13.24,0.00,70.97,1,0,9,3,2,STAT,60,LAT,LON,W,CRC
08/30/26 04:40:09,15.66,124.62,11.16,17.77,9.23,440.00,13.30,74.30,1010.00,1.40,3.00,3.45,351.80,0.06,0,13.24,0.00,74.19,1,0,10,2,2,STAT,60,LAT,LON,W,CRC
08/30/26 04:41:13,15.61,121.33,10.43,16.96,9.04,440.99,13.30,74.50,1010.00,1.18,2.42,2.69,97.20,0.03,0,13.24,0.00,74.19,1,0,11,1,2,STAT,60,LAT,LON,W,CRC
08/30/26 04:42:11,15.60,120.70,9.18,16.39,9.38,441.65,13.30,74.70,1010.00,1.57,2.85,2.94,332.70,0.08,0,13.24,0.00,70.97,1,0,11,1,2,STAT,60,LAT,LON,W,CRC
08/30/26 04:43:14,15.57,121.41,10.23,16.91,8.97,442.42,13.30,74.80,1010.00,1.87,3.06,3.10,77.40,0.09,0,13.24,0.00,74.19,1,0,10,1,1,STAT,60,LAT,LON,W,CRC
08/30/26 04:44:11,15.53,129.62,11.03,17.59,8.23,442.78,13.30,74.90,1010.00,1.65,2.91,2.92,231.40,0.03,0,13.24,0.00,70.97,1,-3,10,1,1,STAT,60,LAT,LON,W,CRC
08/30/26 04:45:14,15.50,134.04,11.74,16.85,7.87,443.27,13.30,74.90,1010.00,1.55,3.24,3.25,231.70,0.09,0,13.24,0.00,74.19,1,-6,9,1,1,STAT,60,LAT,LON,W,CRC
08/30/26 04:46:11,15.50,128.40,13.69,17.30,7.71,443.72,13.30,74.90,1010.00,1.75,3.41,3.51,248.10,0.15,0,13.24,0.00,74.19,1,-5,8,1,2,STAT,60,LAT,LON,W,CRC
08/30/26 04:47:13,15.48,143.30,10.66,16.91,9.19,443.99,13.30,75.10,1010.00,1.79,3.25,3.33,243.50,0.11,0,13.24,0.00,70.97,1,-10,10,1,2,STAT,60,LAT,LON,W,CRC
08/30/26 04:48:09,15.43,175.70,9.78,17.46,8.58,444.61,13.30,75.20,1010.00,1.88,3.25,3.28,113.30,0.04,0,13.24,0.00,70.97,1,-21,10,2,2,STAT,60,LAT,LON,W,CRC
08/30/26 04:49:11,15.41,147.34,9.61,18.26,7.16,445.09,13.20,75.40,1010.00,1.93,3.20,3.25,101.60,0.10,0,13.24,0.00,70.97,1,-8,10,2,1,STAT,60,LAT,LON,W,CRC
08/30/26 04:50:13,15.40,133.21,10.48,18.29,7.06,445.30,13.20,75.20,1010.00,1.71,2.91,2.93,115.00,0.06,0,13.24,0.00,74.19,1,-3,10,3,1,STAT,60,LAT,LON,W,CRC
08/30/26 04:51:10,15.38,128.51,10.11,18.80,5.67,445.26,13.10,75.70,1010.00,1.74,2.75,2.76,226.60,0.27,0,13.24,0.00,87.10,1,-1,9,2,1,STAT,60,LAT,LON,W,CRC
08/30/26 04:52:12,15.33,126.16,11.02,17.68,8.00,445.25,13.10,75.80,1010.00,1.60,2.39,2.42,211.80,0.18,0,13.24,0.00,87.10,1,-1,8,2,2,STAT,60,LAT,LON,W,CRC
08/30/26 04:53:09,15.31,127.38,10.92,18.48,7.37,445.13,13.00,75.80,1010.00,1.40,2.96,2.99,102.60,0.07,0,13.24,0.00,87.10,1,-1,8,2,2,STAT,60,LAT,LON,W,CRC
08/30/26 04:54:11,15.30,123.42,10.84,18.27,6.96,444.94,13.00,76.00,1010.00,1.78,3.01,3.14,179.20,0.06,0,13.24,0.00,87.10,1,0,9,2,1,STAT,60,LAT,LON,W,CRC
08/30/26 04:55:15,15.27,120.11,10.93,17.39,8.10,444.98,13.00,76.00,1010.00,1.95,3.51,3.72,232.40,0.05,0,13.24,0.00,83.87,1,0,8,3,2,STAT,60,LAT,LON,W,CRC
08/30/26 04:56:12,15.22,119.57,9.93,17.52,8.12,444.99,13.00,76.10,1010.00,1.83,3.12,3.25,230.00,0.20,0,13.24,0.00,83.87,1,0,10,2,2,STAT,60,LAT,LON,W,CRC
08/30/26 04:57:14,15.21,119.16,11.42,17.49,6.69,444.64,13.00,76.10,1010.00,1.92,3.16,3.21,267.60,0.14,0,13.24,0.00,74.19,1,0,9,1,2,STAT,60,LAT,LON,W,CRC
08/30/26 04:58:11,15.20,117.01,10.56,16.26,7.92,444.25,13.00,76.10,1010.00,1.67,3.00,3.02,247.90,0.20,0,13.24,0.00,70.97,1,0,9,0,1,STAT,60,LAT,LON,W,CRC
08/30/26 04:59:15,15.15,115.36,10.59,16.43,7.84,444.09,13.00,76.20,1010.00,1.82,3.05,3.05,247.20,0.25,0,13.24,0.00,74.19,1,0,9,1,1,STAT,60,LAT,LON,W,CRC
08/30/26 05:00:12,15.12,116.11,10.08,17.09,7.88,444.54,13.00,76.30,1010.00,1.71,3.03,3.13,247.30,0.09,0,13.24,0.00,74.19,1,0,10,0,1,STAT,60,LAT,LON,W,CRC
08/30/26 05:01:13,15.11,120.14,10.97,18.35,5.10,446.39,13.00,76.40,1010.00,1.71,3.09,3.13,255.00,0.19,0,13.20,0.00,119.35,1,0,9,1,0,STAT,60,LAT,LON,W,CRC
08/30/26 05:02:10,15.10,121.45,11.21,18.86,6.42,447.38,12.90,76.50,1010.00,1.75,3.08,3.10,242.70,0.17,0,13.24,0.00,74.19,1,0,9,1,1,STAT,60,LAT,LON,W,CRC
08/30/26 05:03:13,15.09,128.61,11.42,17.38,8.25,447.17,12.90,76.50,1010.00,1.67,3.21,3.21,156.70,0.01,0,13.24,0.00,74.19,1,0,8,1,2,STAT,60,LAT,LON,W,CRC
08/30/26 05:04:11,15.04,129.15,10.17,18.44,6.56,447.07,12.90,76.50,1010.00,1.77,2.96,3.19,155.00,0.04,0,13.24,0.00,87.10,1,0,10,2,2,STAT,60,LAT,LON,W,CRC
08/30/26 05:05:14,15.02,126.77,11.45,18.13,6.38,447.52,12.90,76.60,1010.00,1.59,3.34,3.94,283.10,0.03,0,13.24,0.00,70.97,1,0,9,1,1,STAT,60,LAT,LON,W,CRC
08/30/26 05:06:10,15.01,124.06,10.19,17.01,6.13,447.82,12.90,76.60,1010.00,1.93,3.30,3.50,259.10,0.11,0,13.24,0.00,87.10,1,0,10,1,1,STAT,60,LAT,LON,W,CRC
08/30/26 05:07:12,15.00,120.31,10.01,17.42,4.60,447.94,12.90,76.60,1010.00,2.10,3.11,3.30,266.20,0.14,0,13.24,0.00,83.87,1,0,10,1,1,STAT,60,LAT,LON,W,CRC
08/30/26 05:08:11,14.99,115.91,8.92,17.75,5.46,447.98,12.90,76.60,1010.00,2.14,3.23,3.33,258.00,0.13,0,13.24,0.00,74.19,1,0,10,0,1,STAT,60,LAT,LON,W,CRC
08/30/26 05:09:14,14.96,118.22,9.68,17.87,5.23,447.99,12.90,76.50,1010.00,2.20,3.48,3.84,300.10,0.07,0,13.24,0.00,74.19,1,0,10,1,1,STAT,60,LAT,LON,W,CRC
08/30/26 05:10:16,14.92,119.53,9.44,17.70,5.44,448.64,12.90,76.60,1010.00,1.88,2.84,2.96,269.30,0.09,0,13.24,0.00,74.19,1,0,10,1,0,STAT,60,LAT,LON,W,CRC
08/30/26 05:11:13,14.91,115.49,10.24,17.99,4.80,448.86,12.90,76.80,1010.00,1.52,2.40,2.56,245.90,0.22,0,13.24,0.00,74.19,1,0,9,1,0,STAT,60,LAT,LON,W,CRC
08/30/26 05:12:15,14.91,120.71,9.74,17.54,6.11,448.95,12.80,76.90,1010.00,1.65,2.70,2.75,234.50,0.15,0,13.24,0.00,74.19,1,0,9,1,0,STAT,60,LAT,LON,W,CRC
08/30/26 05:13:13,14.90,124.15,11.02,17.04,7.54,448.37,12.80,76.80,1010.00,1.68,3.17,3.18,108.60,0.02,0,13.20,0.00,83.87,1,0,9,1,1,STAT,60,LAT,LON,W,CRC
08/30/26 05:14:15,14.89,121.90,10.36,18.48,5.19,447.83,12.80,76.90,1010.00,2.18,3.25,3.57,219.10,0.10,0,13.24,0.00,83.87,1,0,10,1,0,STAT,60,LAT,LON,W,CRC
08/30/26 05:15:13,14.87,125.81,9.20,17.81,6.83,446.63,12.70,76.80,1010.00,2.07,3.31,3.77,140.70,0.04,0,13.24,0.00,74.19,1,0,10,2,1,STAT,60,LAT,LON,W,CRC
08/30/26 05:16:16,14.83,123.75,9.98,17.51,6.92,446.00,12.70,77.00,1010.00,1.74,3.15,3.62,109.90,0.06,0,13.24,0.00,74.19,1,0,10,2,1,STAT,60,LAT,LON,W,CRC
08/30/26 05:17:14,14.81,120.46,9.51,16.89,8.57,445.92,12.70,76.80,1010.00,1.86,3.02,3.18,203.50,0.10,0,13.24,0.00,87.10,1,0,11,1,1,STAT,60,LAT,LON,W,CRC
08/30/26 05:18:16,14.81,124.59,9.85,15.51,10.51,445.12,12.60,76.90,1010.00,1.81,3.24,3.37,207.80,0.13,0,13.20,0.00,74.19,1,0,10,1,1,STAT,60,LAT,LON,W,CRC
08/30/26 05:19:13,14.81,123.45,9.82,16.25,9.62,444.43,12.60,77.00,1010.00,2.03,3.50,3.58,114.90,0.05,0,13.24,0.00,83.87,1,0,10,1,1,STAT,60,LAT,LON,W,CRC
08/30/26 05:20:15,14.79,123.18,10.00,17.49,8.37,444.15,12.60,77.20,1010.00,2.03,3.65,3.72,147.70,0.05,0,13.24,0.00,87.10,1,0,10,1,1,STAT,60,LAT,LON,W,CRC
08/30/26 05:21:17,14.74,124.61,11.32,17.69,9.13,443.39,12.60,77.00,1010.00,1.68,4.23,4.26,100.20,0.12,0,13.20,0.00,96.77,1,0,8,1,1,STAT,60,LAT,LON,W,CRC
08/30/26 05:22:15,14.72,125.05,11.22,17.95,8.35,442.28,12.60,77.20,1010.00,1.96,4.17,4.18,92.30,0.18,0,13.24,0.00,70.97,1,0,9,1,1,STAT,60,LAT,LON,W,CRC
08/30/26 05:23:16,14.71,122.45,11.10,17.17,7.97,442.10,12.60,77.60,1010.00,1.93,3.81,4.05,208.40,0.23,0,13.24,0.00,74.19,1,0,9,0,1,STAT,60,LAT,LON,W,CRC
08/30/26 05:24:14,14.71,121.73,11.77,17.22,7.54,442.62,12.60,77.50,1010.00,1.74,3.39,3.64,170.60,0.07,0,13.24,0.00,74.19,1,0,8,1,1,STAT,60,LAT,LON,W,CRC
08/30/26 05:25:12,14.70,121.77,9.81,16.58,8.11,442.85,12.60,77.40,1010.00,1.90,3.20,3.30,124.20,0.07,0,13.24,0.00,70.97,1,0,10,1,0,STAT,60,LAT,LON,W,CRC
08/30/26 05:26:15,14.68,121.53,12.59,16.75,8.14,443.05,12.60,77.50,1010.00,1.94,3.37,3.40,114.50,0.12,0,13.24,0.00,74.19,1,0,6,0,0,STAT,60,LAT,LON,W,CRC
08/30/26 05:27:13,14.64,121.39,11.42,16.99,8.16,443.02,12.60,77.60,1010.00,1.77,3.27,3.52,84.90,0.10,0,13.24,0.00,70.97,1,0,9,0,1,STAT,60,LAT,LON,W,CRC
08/30/26 05:28:18,14.62,122.63,11.57,17.37,9.23,443.66,12.50,77.60,1010.00,1.89,3.30,3.79,110.40,0.05,0,13.20,0.00,74.19,1,0,8,1,1,STAT,60,LAT,LON,W,CRC
08/30/26 05:29:17,14.61,125.83,11.25,17.00,9.13,443.41,12.60,77.80,1010.00,2.25,3.57,3.76,111.60,0.11,0,13.24,0.00,83.87,1,0,8,0,1,STAT,60,LAT,LON,W,CRC
08/30/26 05:30:15,14.61,119.78,9.80,17.22,8.35,443.16,12.60,77.70,1010.00,2.00,3.36,3.43,186.70,0.08,0,13.24,0.00,74.19,1,0,10,0,0,STAT,60,LAT,LON,W,CRC
08/30/26 05:31:18,14.61,120.53,10.41,18.13,7.51,443.06,12.60,77.70,1011.00,2.06,3.92,4.10,213.80,0.15,0,13.24,0.00,74.19,1,0,9,1,0,STAT,60,LAT,LON,W,CRC
08/30/26 05:32:15,14.60,123.05,10.97,18.22,6.91,443.02,12.60,77.70,1010.00,1.89,3.71,4.00,195.60,0.07,0,13.20,0.00,83.87,1,0,9,1,0,STAT,60,LAT,LON,W,CRC
08/30/26 05:33:18,14.58,133.06,10.79,17.41,7.62,443.50,12.60,77.90,1010.00,2.05,3.86,4.24,230.30,0.09,0,13.24,0.00,87.10,1,0,9,1,0,STAT,60,LAT,LON,W,CRC
08/30/26 05:34:15,14.54,135.53,12.65,17.97,6.63,444.42,12.60,78.00,1010.00,2.25,3.89,4.09,233.50,0.18,0,13.24,0.00,74.19,1,0,7,1,0,STAT,60,LAT,LON,W,CRC
08/30/26 05:35:17,14.52,131.62,12.35,16.38,7.09,445.09,12.60,78.00,1010.00,2.12,4.31,4.74,231.70,0.12,0,13.24,0.00,74.19,1,0,7,1,0,STAT,60,LAT,LON,W,CRC
08/30/26 05:36:15,14.51,131.32,11.02,18.10,7.15,446.53,12.60,78.00,1010.00,2.16,4.37,4.54,210.10,0.11,0,13.20,0.00,87.10,1,0,9,1,0,STAT,60,LAT,LON,W,CRC
08/30/26 05:37:18,14.51,128.75,10.14,17.66,7.80,445.71,12.60,77.90,1010.00,1.94,3.27,3.36,99.40,0.15,0,13.24,0.00,70.97,1,0,10,0,1,STAT,60,LAT,LON,W,CRC
08/30/26 05:38:15,14.51,126.74,11.33,17.70,7.96,444.57,12.60,77.70,1010.00,1.82,3.04,3.19,97.10,0.12,0,13.24,0.00,74.19,1,0,8,0,0,STAT,60,LAT,LON,W,CRC
08/30/26 05:39:18,14.51,126.22,10.23,17.33,7.75,443.55,12.60,78.10,1010.00,1.88,3.36,3.48,99.70,0.22,0,13.24,0.00,74.19,1,0,9,0,0,STAT,60,LAT,LON,W,CRC
08/30/26 05:40:15,14.51,126.07,10.27,18.23,5.73,444.18,12.60,78.10,1010.00,1.96,3.41,3.56,80.80,0.07,0,13.24,0.00,70.97,1,0,10,1,0,STAT,60,LAT,LON,W,CRC
08/30/26 05:41:18,14.50,126.80,10.22,17.37,6.57,445.71,12.50,78.30,1010.00,2.68,4.13,4.18,213.80,0.24,0,13.20,0.00,87.10,1,0,10,1,0,STAT,60,LAT,LON,W,CRC
08/30/26 05:42:16,14.50,122.81,10.70,18.12,6.18,447.14,12.50,78.40,1010.00,2.31,3.86,3.88,227.20,0.08,0,13.24,0.00,77.42,1,0,9,1,0,STAT,60,LAT,LON,W,CRC
08/30/26 05:43:19,14.48,123.99,10.16,17.87,6.95,448.26,12.50,78.30,1010.00,2.41,4.02,4.03,236.10,0.21,0,13.24,0.00,74.19,1,0,9,0,0,STAT,60,LAT,LON,W,CRC
08/30/26 05:44:17,14.44,126.82,10.84,17.87,6.31,448.10,12.50,78.30,1010.00,1.83,3.25,3.33,25.00,0.07,0,13.20,0.00,83.87,1,0,9,1,0,STAT,60,LAT,LON,W,CRC
08/30/26 05:45:19,14.42,123.79,11.59,17.75,6.65,447.68,12.50,78.30,1010.00,2.30,4.13,4.46,229.90,0.12,0,13.20,0.00,87.10,1,0,9,0,0,STAT,60,LAT,LON,W,CRC
08/30/26 05:46:15,14.42,127.56,9.96,16.90,9.05,446.83,12.60,78.30,1010.00,2.25,3.39,3.50,94.10,0.10,0,13.24,0.00,83.87,1,0,10,0,0,STAT,60,LAT,LON,W,CRC
08/30/26 05:47:19,14.41,127.97,11.56,16.73,9.12,444.98,12.60,78.20,1010.00,2.20,3.53,3.71,101.70,0.17,0,13.24,0.00,87.10,1,0,8,0,0,STAT,60,LAT,LON,W,CRC
08/30/26 05:48:18,14.41,126.04,10.99,17.31,7.37,444.83,12.50,78.30,1010.00,2.26,3.87,3.93,99.60,0.07,0,13.24,0.00,87.10,1,0,8,0,0,STAT,60,LAT,LON,W,CRC
08/30/26 05:49:15,14.41,126.19,9.46,18.40,5.99,445.92,12.50,78.40,1010.00,2.15,3.53,3.78,224.50,0.10,0,13.24,0.00,70.97,1,0,10,2,0,STAT,60,LAT,LON,W,CRC
08/30/26 05:50:18,14.41,127.68,10.08,17.66,7.06,446.90,12.60,78.30,1010.00,2.02,3.26,3.35,110.20,0.11,0,13.24,0.00,74.19,1,0,10,0,0,STAT,60,LAT,LON,W,CRC
08/30/26 05:51:20,14.41,127.11,11.66,16.56,8.00,446.81,12.60,78.10,1010.00,1.89,3.54,3.70,224.70,0.16,0,13.24,0.00,74.19,1,0,9,0,0,STAT,60,LAT,LON,W,CRC
08/30/26 05:52:18,14.41,126.25,11.49,17.26,6.77,446.39,12.50,78.30,1010.00,2.72,4.33,4.54,136.50,0.09,0,13.20,0.00,87.10,1,0,8,0,0,STAT,60,LAT,LON,W,CRC
08/30/26 05:53:16,14.41,125.39,11.25,16.74,7.51,447.17,12.50,78.30,1010.00,2.37,4.24,4.32,63.20,0.06,0,13.24,0.00,74.19,1,0,9,0,0,STAT,60,LAT,LON,W,CRC
08/30/26 05:54:18,14.41,123.71,12.09,17.16,6.47,447.42,12.60,78.20,1010.00,2.17,4.30,4.33,226.30,0.14,0,13.24,0.00,77.42,1,0,8,0,0,STAT,60,LAT,LON,W,CRC
08/30/26 05:55:21,14.39,124.01,11.39,17.28,7.16,447.52,12.50,78.40,1010.00,2.33,3.97,4.15,103.80,0.15,0,13.24,0.00,70.97,1,0,7,0,0,STAT,60,LAT,LON,W,CRC
08/30/26 05:56:18,14.39,125.49,10.87,16.92,7.74,447.45,12.50,78.40,1010.00,2.32,4.21,4.35,95.20,0.17,0,13.24,0.00,70.97,1,0,8,0,0,STAT,60,LAT,LON,W,CRC
08/30/26 05:57:21,14.35,128.00,11.47,16.72,6.87,447.81,12.50,78.60,1010.00,2.18,3.97,4.02,196.90,0.27,0,13.20,0.00,74.19,1,0,8,1,0,STAT,60,LAT,LON,W,CRC
08/30/26 05:58:19,14.33,128.94,11.76,18.36,4.65,448.15,12.50,78.60,1010.00,2.36,4.18,4.28,187.80,0.17,0,13.20,0.00,74.19,1,0,7,1,0,STAT,60,LAT,LON,W,CRC
08/30/26 05:59:21,14.32,126.85,11.50,16.86,6.39,448.70,12.50,78.70,1010.00,2.06,3.87,4.27,216.40,0.40,0,13.24,0.00,74.19,1,0,8,0,0,STAT,60,LAT,LON,W,CRC
08/30/26 06:00:18,14.32,125.51,11.14,17.81,6.94,448.53,12.50,78.40,1010.00,2.06,3.56,3.70,142.80,0.09,0,13.24,0.00,70.97,1,0,8,0,0,STAT,60,LAT,LON,W,CRC
08/30/26 06:01:20,14.31,127.59,11.94,17.25,5.56,447.57,12.50,78.60,1010.00,1.98,3.52,3.99,239.20,0.07,0,13.24,0.00,74.19,1,0,8,0,0,STAT,60,LAT,LON,W,CRC
08/30/26 06:02:18,14.31,126.20,11.05,17.10,6.98,447.07,12.50,78.60,1010.00,2.25,3.85,4.06,178.00,0.09,0,13.20,0.00,83.87,1,0,9,0,0,STAT,60,LAT,LON,W,CRC
08/30/26 06:03:21,14.31,127.90,10.95,17.93,6.78,446.89,12.50,78.40,1010.00,2.15,4.03,4.25,106.80,0.16,0,13.24,0.00,74.19,1,0,9,0,0,STAT,60,LAT,LON,W,CRC
08/30/26 06:04:18,14.31,126.64,9.55,17.43,7.28,446.96,12.50,78.60,1010.00,2.20,4.17,4.25,91.70,0.12,0,13.24,0.00,74.19,1,0,11,0,0,STAT,60,LAT,LON,W,CRC
08/30/26 06:05:20,14.31,125.42,10.06,17.58,6.77,446.63,12.50,78.50,1010.00,2.24,4.32,4.50,97.20,0.20,0,13.24,0.00,70.97,1,0,9,0,0,STAT,60,LAT,LON,W,CRC
08/30/26 06:06:18,14.31,126.29,10.14,17.85,6.99,445.81,12.50,78.30,1010.00,2.15,3.90,4.02,87.50,0.18,0,13.20,0.00,74.19,1,0,9,0,0,STAT,60,LAT,LON,W,CRC
08/30/26 06:07:21,14.30,123.24,11.48,17.92,6.54,445.25,12.50,78.50,1010.00,2.02,3.77,3.90,83.40,0.17,0,13.24,0.00,74.19,1,0,9,0,0,STAT,60,LAT,LON,W,CRC
08/30/26 06:08:17,14.29,126.01,11.66,16.23,7.68,445.50,12.50,78.70,1010.00,2.63,3.94,3.98,80.30,0.16,0,13.24,0.00,70.97,1,0,7,0,0,STAT,60,LAT,LON,W,CRC
08/30/26 06:09:23,14.26,124.97,11.49,16.70,6.43,446.37,12.50,78.50,1010.00,2.30,3.94,4.01,89.30,0.16,0,13.24,0.00,74.19,1,0,7,0,0,STAT,60,LAT,LON,W,CRC
08/30/26 06:10:20,14.23,124.14,11.54,16.92,5.37,447.57,12.50,78.60,1010.00,2.54,4.51,4.54,184.30,0.08,0,13.20,0.00,70.97,1,0,8,0,0,STAT,60,LAT,LON,W,CRC
08/30/26 06:11:22,14.22,123.04,11.15,15.51,5.35,448.50,12.50,78.90,1010.00,2.43,3.96,3.96,228.00,0.20,0,13.24,0.00,70.97,1,0,9,0,0,STAT,60,LAT,LON,W,CRC
08/30/26 06:12:20,14.22,123.80,11.13,17.30,5.05,449.21,12.40,79.00,1010.00,2.48,3.88,4.16,99.10,0.04,0,13.20,0.00,83.87,1,0,8,0,0,STAT,60,LAT,LON,W,CRC
08/30/26 06:13:23,14.22,125.59,9.76,17.31,5.43,449.72,12.40,79.10,1010.00,2.42,3.96,4.21,86.20,0.18,0,13.24,0.00,74.19,1,0,9,0,0,STAT,60,LAT,LON,W,CRC
08/30/26 06:14:21,14.22,123.48,11.27,16.89,5.74,449.89,12.40,78.80,1010.00,2.49,4.38,4.47,105.10,0.14,0,13.24,0.00,74.19,1,0,8,1,0,STAT,60,LAT,LON,W,CRC
08/30/26 06:15:23,14.22,121.36,12.50,16.49,6.58,449.96,12.40,78.80,1010.00,2.65,4.16,4.19,86.60,0.17,0,13.20,0.00,90.32,1,0,6,0,0,STAT,60,LAT,LON,W,CRC
08/30/26 06:16:21,14.21,123.57,11.70,17.27,5.57,449.37,12.40,78.90,1010.00,2.83,4.21,4.34,101.80,0.17,0,13.20,0.00,70.97,1,0,8,0,0,STAT,60,LAT,LON,W,CRC
08/30/26 06:17:23,14.20,122.99,11.24,16.88,5.67,450.32,12.30,79.10,1010.00,2.21,3.73,3.85,136.70,0.13,0,13.24,0.00,74.19,1,0,9,0,0,STAT,60,LAT,LON,W,CRC
08/30/26 06:18:21,14.16,123.31,12.08,17.33,5.49,450.74,12.30,79.20,1010.00,2.37,4.02,4.06,103.20,0.16,0,13.20,0.00,74.19,1,0,7,1,0,STAT,60,LAT,LON,W,CRC
08/30/26 06:19:19,14.13,120.96,13.42,16.36,5.38,451.13,12.30,79.20,1010.00,2.40,4.21,4.58,100.40,0.17,0,13.20,0.00,87.10,1,0,7,0,0,STAT,60,LAT,LON,W,CRC
08/30/26 06:20:22,14.12,120.85,12.87,15.69,5.33,452.04,12.30,79.20,1010.00,2.56,4.16,4.41,79.70,0.14,0,13.24,0.00,74.19,1,0,7,0,0,STAT,60,LAT,LON,W,CRC
08/30/26 06:21:20,14.12,120.51,11.91,15.99,5.07,452.63,12.30,79.20,1010.00,2.64,4.88,4.97,45.90,0.10,0,13.24,0.00,70.97,1,0,8,0,0,STAT,60,LAT,LON,W,CRC
08/30/26 06:22:24,14.12,121.92,11.37,17.38,3.13,452.87,12.30,79.20,1010.00,2.35,4.34,4.37,58.50,0.12,0,13.24,0.00,70.97,1,0,9,0,0,STAT,60,LAT,LON,W,CRC
08/30/26 06:23:22,14.12,120.23,13.06,16.96,4.35,453.61,12.30,79.30,1010.00,2.51,3.95,4.09,53.20,0.12,0,13.24,0.00,74.19,1,0,7,0,0,STAT,60,LAT,LON,W,CRC
08/30/26 06:24:24,14.11,121.87,13.21,16.01,5.30,453.90,12.30,79.20,1010.00,2.21,3.61,3.84,229.20,0.01,0,13.24,0.00,74.19,1,0,7,0,0,STAT,60,LAT,LON,W,CRC
08/30/26 06:25:21,14.10,122.56,11.47,16.28,5.50,453.59,12.30,79.20,1010.00,2.56,4.54,4.81,210.20,0.04,0,13.24,0.00,74.19,1,0,8,0,0,STAT,60,LAT,LON,W,CRC
08/30/26 06:26:23,14.08,120.74,10.96,15.70,5.19,453.66,12.30,79.20,1010.00,2.74,4.00,4.09,125.20,0.08,0,13.24,0.00,74.19,1,0,9,0,0,STAT,60,LAT,LON,W,CRC
08/30/26 06:27:21,14.04,120.96,10.82,15.68,5.25,453.87,12.20,79.40,1010.00,2.10,3.38,3.41,175.30,0.13,0,13.20,0.00,74.19,1,0,9,0,0,STAT,60,LAT,LON,W,CRC
08/30/26 06:28:23,14.03,122.51,11.06,16.48,4.24,454.53,12.20,79.50,1010.00,1.95,3.48,3.65,153.90,0.13,0,13.20,0.00,87.10,1,0,8,0,0,STAT,60,LAT,LON,W,CRC
08/30/26 06:29:22,14.02,119.97,11.61,16.36,4.39,455.70,12.20,79.60,1010.00,1.90,3.36,3.55,108.10,0.09,0,13.20,0.00,96.77,1,0,8,0,0,STAT,60,LAT,LON,W,CRC
08/30/26 06:30:25,14.02,122.96,11.98,15.50,3.69,456.54,12.20,79.50,1010.00,2.23,3.60,4.06,221.70,0.24,0,13.24,0.00,74.19,1,0,8,-1,0,STAT,60,LAT,LON,W,CRC
08/30/26 06:31:24,14.02,121.37,11.80,15.64,4.98,456.82,12.20,79.80,1010.00,2.56,3.89,4.36,237.80,0.03,0,13.20,0.00,74.19,1,0,8,0,0,STAT,60,LAT,LON,W,CRC
08/30/26 06:32:21,14.02,119.67,12.82,16.53,4.39,457.73,12.20,79.80,1010.00,2.49,4.18,4.53,89.30,0.10,0,13.24,0.00,74.19,1,0,6,0,0,STAT,60,LAT,LON,W,CRC
08/30/26 06:33:24,14.02,120.22,13.55,15.90,4.69,459.09,12.10,79.80,1010.00,2.50,3.71,3.83,112.10,0.05,0,13.20,0.00,87.10,1,0,6,0,0,STAT,60,LAT,LON,W,CRC
08/30/26 06:34:22,14.01,121.61,12.17,15.30,4.98,459.03,12.10,79.80,1010.00,2.66,4.27,4.62,133.00,0.07,0,13.20,0.00,70.97,1,0,8,0,0,STAT,60,LAT,LON,W,CRC
08/30/26 06:35:24,13.99,120.84,12.04,16.43,4.34,459.01,12.10,80.00,1010.00,2.24,4.10,4.45,253.00,0.02,0,13.20,0.00,74.19,1,0,9,1,0,STAT,60,LAT,LON,W,CRC
08/30/26 06:36:23,13.95,123.96,10.48,15.89,4.84,459.34,12.10,80.10,1010.00,2.33,4.98,5.29,113.20,0.17,0,13.24,0.00,70.97,1,0,9,0,0,STAT,60,LAT,LON,W,CRC
08/30/26 06:37:22,13.93,122.96,11.04,15.77,4.63,459.75,12.10,80.10,1010.00,2.36,4.28,4.40,103.40,0.14,0,13.24,0.00,77.42,1,0,8,0,0,STAT,60,LAT,LON,W,CRC
08/30/26 06:38:24,13.92,121.87,10.65,16.16,5.28,459.83,12.10,80.10,1010.00,2.46,3.88,3.92,249.30,0.12,0,13.24,0.00,77.42,1,0,9,0,0,STAT,60,LAT,LON,W,CRC
08/30/26 06:39:26,13.92,125.45,11.18,15.78,5.93,459.29,12.10,79.80,1010.00,2.31,4.53,4.55,210.10,0.07,0,13.24,0.00,74.19,1,0,7,0,0,STAT,60,LAT,LON,W,CRC
08/30/26 06:40:23,13.92,123.21,11.53,16.39,4.95,458.53,12.20,79.70,1010.00,2.62,4.94,5.09,143.20,0.02,0,13.24,0.00,77.42,1,0,8,0,0,STAT,60,LAT,LON,W,CRC
08/30/26 06:41:25,13.92,124.14,13.44,15.47,4.72,457.99,12.10,80.20,1010.00,2.68,4.81,4.90,190.10,0.16,0,13.20,0.00,74.19,1,0,7,0,0,STAT,60,LAT,LON,W,CRC
08/30/26 06:42:25,13.92,122.19,12.32,15.36,5.11,458.08,12.10,80.20,1010.00,2.73,4.86,4.89,123.30,0.12,0,13.20,0.00,93.55,1,0,8,0,0,STAT,60,LAT,LON,W,CRC
08/30/26 06:43:23,13.91,125.11,11.20,15.88,4.39,458.03,12.10,80.10,1010.00,2.87,5.02,5.07,121.80,0.09,0,13.20,0.00,74.19,1,0,8,0,0,STAT,60,LAT,LON,W,CRC
08/30/26 06:44:26,13.90,124.89,12.76,15.47,5.62,457.55,12.10,79.90,1010.00,2.77,5.25,5.32,99.70,0.10,0,13.20,0.00,74.19,1,0,7,0,0,STAT,60,LAT,LON,W,CRC
08/30/26 06:45:22,13.90,124.30,11.75,16.72,4.31,457.21,12.10,80.10,1010.00,2.60,4.69,4.95,103.50,0.13,0,13.20,0.00,74.19,1,0,7,0,0,STAT,60,LAT,LON,W,CRC
08/30/26 06:46:26,13.86,123.95,12.61,16.85,4.71,457.08,12.00,80.20,1010.00,2.64,4.61,5.10,88.20,0.16,0,13.24,0.00,70.97,1,0,7,0,0,STAT,60,LAT,LON,W,CRC
08/30/26 06:47:23,13.84,124.58,14.24,16.40,4.10,457.25,12.00,80.20,1010.00,2.64,4.49,5.07,107.90,0.11,0,13.24,0.00,74.19,1,0,7,0,0,STAT,60,LAT,LON,W,CRC
08/30/26 06:48:25,13.83,124.42,13.71,15.35,4.88,457.74,12.00,80.20,1010.00,2.50,4.87,5.07,101.20,0.07,0,13.20,0.00,100.00,1,0,7,0,0,STAT,60,LAT,LON,W,CRC
08/30/26 06:49:23,13.82,123.63,14.21,15.89,5.29,457.90,12.00,80.30,1010.00,2.68,4.92,4.99,182.20,0.04,0,13.20,0.00,74.19,1,0,6,1,0,STAT,60,LAT,LON,W,CRC
08/30/26 06:50:27,13.82,126.27,12.88,15.16,5.05,458.37,12.00,80.40,1011.00,2.26,4.04,4.07,122.40,0.14,0,13.20,0.00,74.19,1,0,7,1,0,STAT,60,LAT,LON,W,CRC
08/30/26 06:51:25,13.82,122.26,11.76,16.46,3.43,459.80,12.00,80.40,1010.00,2.09,4.14,4.18,232.80,0.10,0,13.20,0.00,74.19,1,0,8,0,0,STAT,60,LAT,LON,W,CRC
08/30/26 06:52:27,13.82,125.15,12.42,15.97,5.39,460.22,12.00,80.20,1011.00,2.88,4.92,4.97,184.20,0.07,0,13.24,0.00,70.97,1,0,7,0,0,STAT,60,LAT,LON,W,CRC
08/30/26 06:53:24,13.82,125.87,12.75,15.86,4.39,460.02,12.00,80.30,1011.00,2.97,5.08,5.10,71.30,0.05,0,13.20,0.00,74.19,1,0,6,0,0,STAT,60,LAT,LON,W,CRC
08/30/26 06:54:26,13.82,127.70,12.81,16.34,5.72,460.01,12.00,80.50,1010.00,2.70,4.91,5.03,139.60,0.10,0,13.20,0.00,74.19,1,0,7,0,0,STAT,60,LAT,LON,W,CRC
08/30/26 06:55:28,13.81,128.89,12.90,16.20,4.43,460.00,12.00,80.50,1010.00,2.66,4.65,4.77,104.60,0.21,0,13.20,0.00,74.19,1,0,7,0,0,STAT,60,LAT,LON,W,CRC
08/30/26 06:56:25,13.80,129.55,13.34,16.20,3.27,460.43,12.00,80.50,1010.00,2.63,4.34,4.55,90.40,0.19,0,13.20,0.00,74.19,1,0,6,0,0,STAT,60,LAT,LON,W,CRC
08/30/26 06:57:23,13.78,128.07,14.27,16.38,3.45,460.78,12.00,80.60,1011.00,2.96,4.67,5.37,97.70,0.21,0,13.20,0.00,74.19,1,0,5,0,0,STAT,60,LAT,LON,W,CRC
08/30/26 06:58:26,13.75,128.41,12.88,15.72,3.30,460.92,12.00,80.80,1010.00,2.68,4.49,5.00,99.90,0.20,0,13.20,0.00,87.10,1,0,8,0,0,STAT,60,LAT,LON,W,CRC
08/30/26 06:59:24,13.73,126.27,12.64,16.39,2.52,460.97,12.00,80.70,1011.00,2.62,5.29,5.61,83.60,0.18,0,13.20,0.00,70.97,1,0,7,0,0,STAT,60,LAT,LON,W,CRC
08/30/26 07:00:27,13.73,128.35,12.14,16.34,4.32,461.15,12.00,80.60,1010.00,2.90,5.36,5.53,80.20,0.12,0,13.20,0.00,74.19,1,0,6,0,0,STAT,60,LAT,LON,W,CRC
08/30/26 07:01:24,13.72,126.08,13.06,16.56,3.52,461.06,12.00,80.80,1010.00,2.90,5.06,5.32,69.40,0.20,0,13.20,0.00,77.42,1,0,7,0,0,STAT,60,LAT,LON,W,CRC
08/30/26 07:02:27,13.72,123.98,12.29,15.80,3.18,461.43,12.00,81.00,1010.00,3.07,4.47,4.59,7.60,0.02,0,13.20,0.00,74.19,1,0,7,0,0,STAT,60,LAT,LON,W,CRC
08/30/26 07:03:24,13.72,122.95,13.09,15.40,3.71,462.44,12.00,81.00,1010.00,2.85,4.31,4.55,38.80,0.12,0,13.20,0.00,74.19,1,0,7,0,0,STAT,60,LAT,LON,W,CRC
08/30/26 07:04:27,13.72,120.87,12.86,14.99,3.94,463.15,12.00,80.80,1010.00,2.87,4.35,4.42,246.60,0.16,0,13.24,0.00,70.97,1,0,8,-1,0,STAT,60,LAT,LON,W,CRC
08/30/26 07:05:24,13.72,120.96,11.82,15.40,3.59,462.36,12.00,80.70,1010.00,2.63,4.99,5.44,160.70,0.03,0,13.20,0.00,87.10,1,0,8,-1,-1,STAT,60,LAT,LON,W,CRC
08/30/26 07:06:26,13.72,129.22,9.72,15.32,4.25,462.06,12.00,80.90,1010.00,2.11,3.73,3.90,79.50,0.06,0,13.20,0.00,87.10,1,-1,9,0,0,STAT,60,LAT,LON,W,CRC
08/30/26 07:07:24,13.72,131.56,12.20,15.88,3.45,462.80,12.00,80.90,1010.00,2.03,3.83,4.04,56.50,0.12,0,13.24,0.00,74.19,1,0,7,0,0,STAT,60,LAT,LON,W,CRC
08/30/26 07:08:27,13.72,129.06,11.61,15.01,4.90,463.58,12.00,80.90,1010.00,2.60,4.37,4.44,68.00,0.18,0,13.20,0.00,74.19,1,0,8,0,0,STAT,60,LAT,LON,W,CRC
08/30/26 07:09:31,13.72,126.58,12.81,14.43,4.60,463.62,11.90,80.80,1010.00,2.76,4.77,4.98,80.60,0.17,0,13.20,0.00,83.87,1,0,7,0,0,STAT,60,LAT,LON,W,CRC
08/30/26 07:10:24,13.71,124.97,12.21,14.88,4.53,463.26,12.00,80.60,1010.00,2.29,4.27,4.52,93.20,0.11,0,13.20,0.00,74.19,1,0,8,0,0,STAT,60,LAT,LON,W,CRC
08/30/26 07:11:27,13.70,125.01,12.55,14.92,5.00,462.48,12.00,80.90,1010.00,2.81,4.58,5.03,69.20,0.18,0,13.20,0.00,87.10,1,0,7,-1,0,STAT,60,LAT,LON,W,CRC
08/30/26 07:12:25,13.70,126.11,13.11,15.36,3.86,462.58,12.00,81.00,1010.00,2.52,4.46,4.65,82.60,0.19,0,13.20,0.00,74.19,1,0,8,0,0,STAT,60,LAT,LON,W,CRC
08/30/26 07:13:28,13.69,122.16,13.46,15.75,2.63,463.08,12.00,81.10,1010.00,2.66,5.12,5.41,107.50,0.14,0,13.20,0.00,70.97,1,0,6,0,-1,STAT,60,LAT,LON,W,CRC
08/30/26 07:14:25,13.67,122.49,13.68,14.83,3.74,463.65,11.90,81.00,1010.00,2.29,4.95,5.12,94.10,0.11,0,13.20,0.00,70.97,1,0,6,0,0,STAT,60,LAT,LON,W,CRC
08/30/26 07:15:28,13.64,124.72,13.38,15.34,3.94,464.00,11.90,81.00,1010.00,2.49,4.20,4.41,89.90,0.14,0,13.24,0.00,70.97,1,0,6,-1,0,STAT,60,LAT,LON,W,CRC
08/30/26 07:16:27,13.63,123.37,12.21,15.74,3.29,464.00,11.90,81.00,1010.00,2.60,3.90,3.98,99.70,0.14,0,13.20,0.00,83.87,1,0,7,0,0,STAT,60,LAT,LON,W,CRC
08/30/26 07:17:30,13.63,124.61,13.03,15.14,3.17,464.00,11.90,81.00,1010.00,2.56,3.89,3.95,109.90,0.10,0,13.20,0.00,74.19,1,0,6,0,-1,STAT,60,LAT,LON,W,CRC
08/30/26 07:18:28,13.63,125.01,12.24,14.58,3.36,464.00,11.90,81.10,1010.00,2.29,4.51,4.60,109.80,0.15,0,13.20,0.00,87.10,1,0,7,0,-1,STAT,60,LAT,LON,W,CRC
08/30/26 07:19:31,13.62,125.09,9.88,15.33,3.67,464.00,11.90,81.10,1010.00,2.40,4.63,4.84,118.80,0.10,0,13.20,0.00,74.19,1,0,9,0,0,STAT,60,LAT,LON,W,CRC
08/30/26 07:20:27,13.62,127.44,12.19,15.41,4.28,463.38,11.90,81.10,1010.00,2.40,4.60,5.32,96.40,0.08,0,13.20,0.00,74.19,1,0,7,0,0,STAT,60,LAT,LON,W,CRC
08/30/26 07:21:30,13.62,126.46,11.76,15.07,4.46,462.52,11.90,81.10,1010.00,2.34,4.92,5.40,108.00,0.07,0,13.20,0.00,74.19,1,0,8,0,0,STAT,60,LAT,LON,W,CRC
08/30/26 07:22:26,13.62,128.09,10.18,14.49,4.26,462.41,11.90,81.10,1010.00,2.44,4.67,5.05,100.30,0.08,0,13.20,0.00,74.19,1,0,9,0,-1,STAT,60,LAT,LON,W,CRC
08/30/26 07:23:30,13.62,123.69,11.56,15.12,3.50,462.60,11.90,81.20,1010.00,2.45,4.43,4.57,189.70,0.07,0,13.20,0.00,74.19,1,0,8,0,-1,STAT,60,LAT,LON,W,CRC
08/30/26 07:24:26,13.62,126.44,11.91,15.79,1.76,462.85,11.90,81.10,1010.00,2.72,4.68,4.78,213.30,0.10,0,13.20,0.00,87.10,1,0,8,0,-1,STAT,60,LAT,LON,W,CRC
08/30/26 07:25:29,13.62,124.69,13.55,15.15,2.13,462.95,11.90,81.20,1010.00,2.83,4.73,4.98,219.40,0.02,0,13.20,0.00,74.19,1,0,6,0,-1,STAT,60,LAT,LON,W,CRC
08/30/26 07:26:26,13.62,121.36,11.21,15.80,3.42,462.98,11.90,81.20,1010.00,2.93,4.90,4.99,243.50,0.14,0,13.20,0.00,74.19,1,0,9,0,0,STAT,60,LAT,LON,W,CRC
08/30/26 07:27:29,13.62,121.55,12.12,15.45,2.42,462.99,11.90,81.20,1011.00,2.84,4.89,5.08,263.20,0.08,0,13.20,0.00,74.19,1,0,7,0,-1,STAT,60,LAT,LON,W,CRC
08/30/26 07:28:26,13.61,125.38,13.48,15.13,3.44,463.00,11.90,81.20,1011.00,2.81,5.11,5.43,196.80,0.03,0,13.20,0.00,70.97,1,0,7,0,0,STAT,60,LAT,LON,W,CRC
08/30/26 07:29:29,13.60,122.50,13.09,15.36,2.07,463.46,11.90,81.20,1011.00,2.50,5.22,5.52,160.90,0.05,0,13.20,0.00,70.97,1,0,7,0,-1,STAT,60,LAT,LON,W,CRC
08/30/26 07:30:27,13.59,121.48,11.95,14.73,2.58,464.18,11.90,81.10,1011.00,2.94,4.90,5.19,259.60,0.06,0,13.20,0.00,74.19,1,0,9,-1,-1,STAT,60,LAT,LON,W,CRC
08/30/26 07:31:29,13.57,121.88,12.40,15.13,3.15,464.71,11.90,81.00,1011.00,2.92,4.81,4.91,254.00,0.12,0,13.20,0.00,74.19,1,0,8,0,-1,STAT,60,LAT,LON,W,CRC
08/30/26 07:32:26,13.55,123.34,12.36,15.35,2.79,464.89,11.90,80.90,1011.00,2.62,4.63,4.66,244.30,0.06,0,13.20,0.00,74.19,1,0,8,0,-1,STAT,60,LAT,LON,W,CRC
08/30/26 07:33:28,13.54,126.99,12.91,15.25,3.57,464.96,11.90,81.00,1011.00,2.90,4.71,4.87,34.80,0.06,0,13.20,0.00,74.19,1,0,7,0,-1,STAT,60,LAT,LON,W,CRC
08/30/26 07:34:27,13.53,124.82,12.00,14.63,3.98,464.90,11.90,81.10,1010.00,2.47,4.48,4.54,110.90,0.03,0,13.20,0.00,74.19,1,0,8,-1,0,STAT,60,LAT,LON,W,CRC
08/30/26 07:35:30,13.53,124.54,12.36,16.39,1.61,464.96,12.00,80.80,1010.00,2.42,4.39,4.40,204.70,0.05,0,13.20,0.00,74.19,1,0,7,0,-1,STAT,60,LAT,LON,W,CRC
08/30/26 07:36:28,13.53,123.31,12.09,16.13,1.37,464.53,12.00,81.00,1010.00,2.59,5.00,5.01,146.80,0.05,0,13.20,0.00,80.65,1,0,8,0,-1,STAT,60,LAT,LON,W,CRC
08/30/26 07:37:30,13.53,125.09,12.01,15.09,2.94,465.24,12.00,81.00,1010.00,2.40,4.41,5.15,149.70,0.06,0,13.24,0.00,70.97,1,0,8,0,-1,STAT,60,LAT,LON,W,CRC
08/30/26 07:38:32,13.53,125.91,11.65,14.68,4.66,465.73,12.00,81.00,1010.00,3.03,5.29,5.84,94.80,0.09,0,13.24,0.00,77.42,1,0,8,0,0,STAT,60,LAT,LON,W,CRC
08/30/26 07:39:29,13.53,125.61,13.89,14.25,4.17,465.90,12.00,80.90,1010.00,3.21,4.87,5.29,77.50,0.10,0,13.20,0.00,74.19,1,0,6,0,0,STAT,60,LAT,LON,W,CRC
08/30/26 07:40:31,13.53,127.19,14.55,14.16,3.59,465.96,12.00,81.00,1010.00,3.13,4.87,5.02,100.60,0.08,0,13.20,0.00,70.97,1,0,6,0,-1,STAT,60,LAT,LON,W,CRC
08/30/26 07:41:28,13.53,128.70,13.73,14.07,4.24,465.99,12.00,80.90,1010.00,3.44,5.31,5.59,123.70,0.09,0,13.20,0.00,74.19,1,0,6,-1,-1,STAT,60,LAT,LON,W,CRC
08/30/26 07:42:30,13.53,125.57,12.18,15.07,3.02,465.64,12.00,81.00,1011.00,3.10,4.43,4.70,79.50,0.10,0,13.20,0.00,74.19,1,0,7,0,-1,STAT,60,LAT,LON,W,CRC
08/30/26 07:43:30,13.53,125.49,13.78,14.35,3.21,465.46,12.00,80.90,1011.00,3.21,4.97,5.08,103.10,0.11,0,13.20,0.00,77.42,1,0,6,0,-1,STAT,60,LAT,LON,W,CRC
08/30/26 07:44:28,13.53,125.59,12.94,14.19,3.60,465.79,11.90,80.90,1011.00,2.92,5.19,5.36,88.60,0.07,0,13.20,0.00,74.19,1,0,7,0,-1,STAT,60,LAT,LON,W,CRC
08/30/26 07:45:31,13.53,126.64,13.18,14.92,3.26,465.93,12.00,80.90,1011.00,3.32,5.56,5.70,94.30,0.10,0,13.20,0.00,70.97,1,0,7,0,-1,STAT,60,LAT,LON,W,CRC
08/30/26 07:46:27,13.53,128.82,11.74,14.13,3.07,465.97,12.00,81.10,1011.00,2.89,4.71,5.09,92.10,0.12,0,13.20,0.00,74.19,1,0,8,0,-1,STAT,60,LAT,LON,W,CRC
08/30/26 07:47:30,13.53,128.71,11.74,14.34,2.12,465.99,11.90,81.20,1011.00,2.68,4.63,4.88,45.10,0.06,0,13.20,0.00,87.10,1,0,7,0,-1,STAT,60,LAT,LON,W,CRC
08/30/26 07:48:27,13.53,126.11,13.73,15.38,2.17,466.20,11.90,81.10,1011.00,2.88,5.19,5.28,100.90,0.05,0,13.20,0.00,74.19,1,0,5,0,-1,STAT,60,LAT,LON,W,CRC
08/30/26 07:49:29,13.53,127.19,12.87,15.05,2.34,466.53,11.90,81.20,1011.00,3.03,5.20,5.63,39.50,0.02,0,13.20,0.00,74.19,1,0,7,-1,0,STAT,60,LAT,LON,W,CRC
08/30/26 07:50:28,13.53,128.58,13.45,14.30,2.40,467.05,11.90,81.30,1011.00,2.91,4.89,5.04,77.10,0.12,0,13.20,0.00,77.42,1,0,7,0,-1,STAT,60,LAT,LON,W,CRC
08/30/26 07:51:30,13.53,127.12,13.49,14.11,3.09,467.66,11.90,81.30,1011.00,2.63,4.51,4.57,89.40,0.13,0,13.20,0.00,74.19,1,0,7,0,-1,STAT,60,LAT,LON,W,CRC
08/30/26 07:52:32,13.53,127.42,13.20,15.38,2.13,467.88,11.90,81.40,1011.00,2.46,4.48,4.50,67.00,0.11,0,13.20,0.00,74.19,1,0,7,0,-1,STAT,60,LAT,LON,W,CRC
08/30/26 07:53:29,13.53,125.51,12.29,15.38,2.41,468.40,11.80,81.50,1011.00,2.79,4.65,4.78,105.90,0.06,0,13.24,0.00,74.19,1,0,8,0,0,STAT,60,LAT,LON,W,CRC
08/30/26 07:54:32,13.53,126.04,13.25,15.75,2.46,468.46,11.80,81.50,1011.00,2.93,4.69,5.03,73.80,0.16,0,13.24,0.00,74.19,1,0,7,0,-1,STAT,60,LAT,LON,W,CRC
08/30/26 07:55:29,13.53,129.01,13.06,15.41,1.90,467.63,11.80,81.60,1011.00,3.14,5.03,5.15,73.40,0.18,0,13.24,0.00,70.97,1,0,7,0,-2,STAT,60,LAT,LON,W,CRC
08/30/26 07:56:32,13.53,128.53,12.91,14.88,2.98,467.22,11.80,81.60,1011.00,2.81,4.71,5.01,112.60,0.14,0,13.20,0.00,80.65,1,0,7,0,-1,STAT,60,LAT,LON,W,CRC
08/30/26 07:57:29,13.52,127.83,12.59,14.98,2.71,467.13,11.80,81.70,1011.00,3.29,5.12,5.37,205.00,0.06,0,13.20,0.00,74.19,1,0,7,0,-1,STAT,60,LAT,LON,W,CRC
08/30/26 07:58:31,13.51,129.07,12.32,15.51,2.03,467.05,11.70,81.70,1011.00,2.77,5.11,5.48,118.80,0.11,0,13.20,0.00,74.19,1,0,7,0,-1,STAT,60,LAT,LON,W,CRC
08/30/26 07:59:28,13.50,127.39,13.69,15.08,1.66,467.02,11.70,81.80,1011.00,2.56,5.28,5.65,90.80,0.17,0,13.20,0.00,74.19,1,0,6,0,-1,STAT,60,LAT,LON,W,CRC
08/30/26 08:00:30,13.47,125.77,12.96,14.66,2.30,467.55,11.70,81.90,1011.00,2.79,4.88,5.22,182.90,0.11,0,13.20,0.00,70.97,1,0,7,0,-1,STAT,60,LAT,LON,W,CRC
08/30/26 08:01:33,13.44,121.42,12.60,14.95,1.77,467.84,11.70,82.00,1011.00,2.60,5.71,6.00,206.70,0.33,0,13.20,0.00,74.19,1,0,7,0,-1,STAT,60,LAT,LON,W,CRC
08/30/26 08:02:30,13.43,122.96,13.53,15.77,1.53,467.94,11.70,81.90,1011.00,2.95,5.72,5.97,134.30,0.08,0,13.20,0.00,70.97,1,0,6,0,-1,STAT,60,LAT,LON,W,CRC
08/30/26 08:03:30,13.43,128.29,13.57,14.37,3.97,467.98,11.70,81.90,1011.00,3.19,5.16,5.58,99.30,0.16,0,13.20,0.00,74.19,1,0,6,-1,0,STAT,60,LAT,LON,W,CRC
08/30/26 08:04:32,13.43,129.82,12.55,14.10,2.76,467.99,11.70,82.00,1011.00,3.07,4.90,5.10,222.30,0.08,0,13.20,0.00,70.97,1,0,8,0,0,STAT,60,LAT,LON,W,CRC
08/30/26 08:05:34,13.43,127.00,13.06,14.44,3.58,468.00,11.70,82.10,1011.00,3.17,4.74,4.81,168.30,0.11,0,13.24,0.00,74.19,1,0,7,0,-1,STAT,60,LAT,LON,W,CRC
08/30/26 08:06:31,13.43,126.79,13.36,13.78,3.01,468.23,11.70,82.00,1011.00,3.10,4.99,5.10,82.10,0.08,0,13.24,0.00,74.19,1,0,7,0,-1,STAT,60,LAT,LON,W,CRC
08/30/26 08:07:33,13.43,124.16,12.94,14.03,3.41,468.81,11.70,82.10,1011.00,3.21,5.26,5.30,227.40,0.15,0,13.20,0.00,87.10,1,0,7,0,0,STAT,60,LAT,LON,W,CRC
08/30/26 08:08:30,13.43,126.91,13.23,14.29,3.65,468.98,11.70,82.20,1011.00,3.11,5.67,6.01,181.70,0.08,0,13.20,0.00,83.87,1,-1,7,0,-1,STAT,60,LAT,LON,W,CRC
08/30/26 08:09:32,13.43,128.60,13.07,15.05,2.81,468.99,11.70,82.20,1011.00,3.49,5.65,6.18,151.30,0.09,0,13.20,0.00,83.87,1,-2,7,0,0,STAT,60,LAT,LON,W,CRC
08/30/26 08:10:36,13.42,145.20,13.28,15.50,2.77,468.94,11.70,82.30,1011.00,3.16,5.32,5.51,129.80,0.12,0,13.20,0.00,70.97,1,-8,8,0,0,STAT,60,LAT,LON,W,CRC
08/30/26 08:11:33,13.41,157.22,12.87,14.86,2.30,468.98,11.70,82.30,1011.00,3.04,4.88,5.19,99.80,0.11,0,13.20,0.00,74.19,1,-14,7,0,-1,STAT,60,LAT,LON,W,CRC
08/30/26 08:12:35,13.39,174.38,12.69,15.40,1.54,468.99,11.70,82.20,1011.00,2.91,4.82,5.41,99.40,0.18,0,13.20,0.00,74.19,1,-23,6,0,-1,STAT,60,LAT,LON,W,CRC
08/30/26 08:13:32,13.36,196.23,11.60,15.62,1.11,469.00,11.60,82.50,1011.00,3.15,5.53,5.93,228.30,0.36,0,13.20,0.00,70.97,1,-33,7,0,-1,STAT,60,LAT,LON,W,CRC
08/30/26 08:14:34,13.34,156.54,13.73,14.77,2.98,469.00,11.60,82.50,1011.00,2.93,5.39,5.89,147.80,0.09,0,13.20,0.00,74.19,1,-15,6,0,-1,STAT,60,LAT,LON,W,CRC
08/30/26 08:15:36,13.33,138.30,13.66,15.44,1.98,469.00,11.60,82.50,1011.00,2.55,5.29,5.77,84.00,0.15,0,13.20,0.00,70.97,1,-6,5,0,-1,STAT,60,LAT,LON,W,CRC
08/30/26 08:16:33,13.33,135.38,12.65,15.67,1.49,469.00,11.60,82.60,1011.00,2.79,4.95,5.39,83.90,0.16,0,13.20,0.00,80.65,1,-3,6,0,-1,STAT,60,LAT,LON,W,CRC
08/30/26 08:17:34,13.33,138.41,14.02,15.80,1.21,468.46,11.60,82.70,1011.00,2.94,5.14,5.30,146.40,0.09,0,13.20,0.00,70.97,1,-6,6,0,-1,STAT,60,LAT,LON,W,CRC
08/30/26 08:18:31,13.33,175.49,13.00,15.14,2.20,468.34,11.50,82.70,1011.00,2.97,5.33,5.39,110.80,0.14,0,13.20,0.00,74.19,1,-24,6,0,0,STAT,60,LAT,LON,W,CRC
08/30/26 08:19:33,13.33,168.65,13.86,14.17,3.22,468.70,11.50,82.70,1011.00,3.14,6.10,6.30,84.80,0.18,0,13.20,0.00,74.19,1,-20,6,0,-1,STAT,60,LAT,LON,W,CRC
08/30/26 08:20:31,13.33,143.69,12.53,14.74,3.12,468.88,11.50,82.70,1011.00,3.42,5.80,5.94,94.50,0.12,0,13.20,0.00,83.87,1,-8,7,0,-1,STAT,60,LAT,LON,W,CRC
08/30/26 08:21:33,13.31,134.58,14.39,15.49,1.39,468.96,11.50,82.80,1011.00,3.33,5.15,5.43,77.60,0.13,0,13.20,0.00,70.97,1,-3,5,0,-1,STAT,60,LAT,LON,W,CRC
08/30/26 08:22:31,13.31,131.04,12.37,14.98,2.31,468.53,11.50,82.80,1011.00,3.11,5.27,5.59,78.60,0.10,0,13.20,0.00,70.97,1,-1,7,0,-1,STAT,60,LAT,LON,W,CRC
08/30/26 08:23:36,13.28,127.65,13.70,14.94,1.74,468.54,11.50,82.70,1011.00,3.12,5.59,5.71,80.30,0.11,0,13.20,0.00,74.19,1,-1,6,0,0,STAT,60,LAT,LON,W,CRC
08/30/26 08:24:33,13.25,126.47,12.94,14.23,2.84,468.82,11.60,82.70,1011.00,3.11,5.61,6.25,132.50,0.07,0,13.20,0.00,77.42,1,-1,7,0,0,STAT,60,LAT,LON,W,CRC
08/30/26 08:25:35,13.24,128.17,13.09,16.19,1.67,468.94,11.60,82.70,1011.00,3.36,5.87,6.23,107.00,0.10,0,13.20,0.00,74.19,1,-1,7,0,0,STAT,60,LAT,LON,W,CRC
08/30/26 08:26:37,13.23,128.77,11.87,15.85,1.64,468.83,11.60,82.70,1011.00,3.15,5.45,5.56,106.50,0.12,0,13.20,0.00,74.19,1,-1,8,0,-1,STAT,60,LAT,LON,W,CRC
08/30/26 08:27:35,13.23,128.30,13.66,14.73,1.90,468.94,11.60,82.70,1011.00,2.85,4.76,4.80,57.00,0.10,0,13.20,0.00,87.10,1,-1,7,-1,-1,STAT,60,LAT,LON,W,CRC
08/30/26 08:28:37,13.23,126.52,13.63,15.39,1.16,468.98,11.60,82.70,1011.00,2.92,5.48,5.72,76.40,0.07,0,13.20,0.00,87.10,1,-1,7,0,-1,STAT,60,LAT,LON,W,CRC
08/30/26 08:29:35,13.23,125.14,14.13,14.22,2.86,469.57,11.60,82.60,1011.00,2.85,5.26,5.53,86.00,0.09,0,13.20,0.00,70.97,1,0,6,0,0,STAT,60,LAT,LON,W,CRC
08/30/26 08:30:32,13.23,130.35,13.09,13.82,3.33,469.84,11.60,82.60,1011.00,2.91,5.36,5.63,93.70,0.12,0,13.20,0.00,83.87,1,0,6,-1,-1,STAT,60,LAT,LON,W,CRC
08/30/26 08:31:34,13.23,134.77,11.97,13.16,2.89,469.94,11.60,82.60,1011.00,3.09,5.57,5.74,193.90,0.11,0,13.20,0.00,74.19,1,0,7,-1,-1,STAT,60,LAT,LON,W,CRC
08/30/26 08:32:36,13.23,132.67,12.95,13.68,2.07,469.98,11.70,82.50,1011.00,2.90,5.32,5.99,223.90,0.26,0,13.20,0.00,74.19,1,0,7,-1,-1,STAT,60,LAT,LON,W,CRC
08/30/26 08:33:34,13.23,133.62,12.65,14.81,2.05,469.99,11.70,82.50,1011.00,3.16,5.36,5.91,209.30,0.05,0,13.20,0.00,87.10,1,-1,7,0,-1,STAT,60,LAT,LON,W,CRC
08/30/26 08:34:36,13.23,132.22,12.30,14.47,2.10,470.00,11.70,82.50,1011.00,2.87,4.62,5.07,223.30,0.23,0,13.20,0.00,83.87,1,-1,7,-1,-1,STAT,60,LAT,LON,W,CRC
08/30/26 08:35:33,13.23,130.41,12.51,14.68,2.17,470.00,11.70,82.50,1011.00,2.68,4.92,5.79,206.40,0.12,0,13.20,0.00,70.97,1,-1,8,0,-1,STAT,60,LAT,LON,W,CRC
08/30/26 08:36:35,13.23,129.00,13.18,15.21,1.28,470.00,11.70,82.50,1011.00,3.05,5.24,5.68,238.70,0.17,0,13.20,0.00,70.97,1,-1,8,0,-1,STAT,60,LAT,LON,W,CRC
08/30/26 08:37:37,13.23,130.96,13.32,13.91,2.52,470.00,11.70,82.40,1011.00,3.04,5.26,5.49,202.20,0.06,0,13.20,0.00,87.10,1,-1,7,-1,-1,STAT,60,LAT,LON,W,CRC
08/30/26 08:38:35,13.23,129.23,13.33,14.28,2.71,470.00,11.70,82.40,1011.00,3.19,5.55,5.62,95.70,0.08,0,13.20,0.00,70.97,1,-1,7,0,-1,STAT,60,LAT,LON,W,CRC
08/30/26 08:39:37,13.23,130.64,13.12,15.29,1.74,469.92,11.70,82.30,1011.00,3.10,5.76,5.79,135.90,0.04,0,13.20,0.00,70.97,1,-1,7,0,-1,STAT,60,LAT,LON,W,CRC
08/30/26 08:40:34,13.23,127.24,12.79,15.85,0.43,469.47,11.70,82.10,1011.00,2.85,5.42,5.55,204.10,0.06,0,13.20,0.00,74.19,1,-1,6,0,-1,STAT,60,LAT,LON,W,CRC
08/30/26 08:41:36,13.23,126.29,14.04,14.85,1.93,469.16,11.70,82.20,1011.00,2.90,5.56,5.61,237.80,0.25,0,13.24,0.00,70.97,1,-1,6,-1,-1,STAT,60,LAT,LON,W,CRC
08/30/26 08:42:34,13.23,128.14,14.09,14.79,2.84,469.06,11.70,82.30,1011.00,3.30,5.61,5.75,238.90,0.18,0,13.20,0.00,77.42,1,-1,5,0,0,STAT,60,LAT,LON,W,CRC
08/30/26 08:43:38,13.23,127.47,16.18,14.33,2.63,468.36,11.70,81.90,1011.00,3.55,6.15,6.32,235.80,0.12,0,13.20,0.00,93.55,1,-1,5,-1,-1,STAT,60,LAT,LON,W,CRC
08/30/26 08:44:35,13.23,128.03,14.02,15.02,1.72,467.32,11.70,82.00,1011.00,3.38,6.01,6.27,231.20,0.18,0,13.20,0.00,74.19,1,-1,7,-1,-1,STAT,60,LAT,LON,W,CRC
08/30/26 08:45:38,13.23,127.51,13.77,14.98,0.45,467.11,11.70,82.10,1011.00,3.15,5.92,6.05,231.30,0.19,0,13.20,0.00,100.00,1,-1,6,0,-2,STAT,60,LAT,LON,W,CRC
08/30/26 08:46:39,13.23,130.02,13.60,15.12,1.35,467.20,11.70,82.20,1011.00,3.05,5.97,6.06,179.80,0.03,0,13.20,0.00,87.10,1,-1,6,-1,-2,STAT,60,LAT,LON,W,CRC
08/30/26 08:47:36,13.23,131.05,13.16,13.91,1.76,467.46,11.70,82.10,1011.00,3.10,6.08,6.42,262.60,0.12,0,13.20,0.00,83.87,1,0,7,-1,-2,STAT,60,LAT,LON,W,CRC
08/30/26 08:48:39,13.23,130.32,14.80,14.53,1.54,467.78,11.70,82.00,1011.00,3.45,6.67,6.97,284.20,0.08,0,13.20,0.00,87.10,1,0,5,0,-1,STAT,60,LAT,LON,W,CRC
08/30/26 08:49:37,13.23,131.84,13.88,14.86,1.22,467.92,11.70,82.00,1011.00,3.54,5.95,6.09,233.60,0.22,0,13.20,0.00,74.19,1,0,7,0,-1,STAT,60,LAT,LON,W,CRC
08/30/26 08:50:39,13.23,129.44,13.38,14.90,2.28,467.97,11.70,82.10,1011.00,3.31,5.82,5.87,112.30,0.10,0,13.20,0.00,74.19,1,0,7,-1,-1,STAT,60,LAT,LON,W,CRC
08/30/26 08:51:36,13.23,131.09,12.49,15.83,0.81,467.99,11.70,82.10,1011.00,3.03,5.49,5.51,143.30,0.11,0,13.20,0.00,74.19,1,0,8,-1,-1,STAT,60,LAT,LON,W,CRC
08/30/26 08:52:39,13.23,131.51,12.19,15.48,1.40,468.00,11.70,82.00,1011.00,2.90,4.87,4.88,208.00,0.13,0,13.20,0.00,74.19,1,0,8,0,-1,STAT,60,LAT,LON,W,CRC
08/30/26 08:53:36,13.23,132.98,13.14,16.01,1.05,468.00,11.70,82.10,1011.00,3.19,5.37,5.51,193.40,0.13,0,13.20,0.00,74.19,1,0,8,0,-1,STAT,60,LAT,LON,W,CRC
08/30/26 08:54:38,13.23,128.03,13.44,15.21,1.75,468.00,11.70,82.10,1011.00,3.39,5.43,5.88,243.80,0.09,0,13.20,0.00,74.19,1,0,6,0,-1,STAT,60,LAT,LON,W,CRC
08/30/26 08:55:36,13.23,130.56,11.34,14.37,2.12,468.00,11.70,82.00,1011.00,3.40,5.90,6.14,243.60,0.16,0,13.20,0.00,87.10,1,0,8,-1,-1,STAT,60,LAT,LON,W,CRC
08/30/26 08:56:39,13.23,132.46,12.05,14.89,3.19,468.00,11.80,81.60,1011.00,3.87,7.00,7.29,239.90,0.23,0,13.20,0.00,70.97,1,0,8,-1,0,STAT,60,LAT,LON,W,CRC
08/30/26 08:57:36,13.24,136.61,13.19,14.64,4.13,466.32,11.90,80.50,1011.00,3.93,7.27,7.38,227.50,0.28,0,13.20,0.00,83.87,1,-1,8,-1,-1,STAT,60,LAT,LON,W,CRC
08/30/26 08:58:39,13.27,138.67,13.51,14.63,3.87,464.02,11.90,80.90,1011.00,3.49,6.66,6.69,272.30,0.19,0,13.20,0.00,74.19,1,-1,7,-1,-1,STAT,60,LAT,LON,W,CRC
08/30/26 08:59:36,13.29,143.27,14.57,12.76,5.34,461.49,12.10,80.30,1011.00,3.88,6.35,6.70,238.90,0.26,0,13.20,0.00,74.19,1,-3,6,-2,-1,STAT,60,LAT,LON,W,CRC
08/30/26 09:00:38,13.31,217.77,13.85,13.71,4.30,459.26,12.20,80.10,1011.00,3.39,5.21,5.59,208.80,0.32,0,13.20,0.00,74.19,1,-38,8,-3,-1,STAT,60,LAT,LON,W,CRC
08/30/26 09:01:40,13.32,404.96,13.89,13.58,4.39,458.80,12.20,80.30,1011.00,3.38,6.05,6.19,264.20,0.12,0,13.20,0.00,74.19,1,-130,7,-3,-2,STAT,60,LAT,LON,W,CRC
08/30/26 09:02:37,13.33,519.11,15.15,15.48,3.67,458.34,12.40,79.00,1011.00,3.70,6.65,6.69,195.80,0.36,0,13.20,0.00,90.32,1,-185,7,-2,-2,STAT,60,LAT,LON,W,CRC
08/30/26 09:03:45,13.34,678.40,13.87,14.63,4.66,454.40,12.50,78.50,1011.00,3.70,6.88,6.94,192.20,0.26,0,13.20,0.00,70.97,1,-260,9,-3,-2,STAT,60,LAT,LON,W,CRC
08/30/26 09:04:36,13.39,1026.80,14.69,14.04,3.41,451.90,12.60,79.30,1011.00,3.06,5.84,5.96,215.40,0.17,0,13.20,0.00,74.19,1,-428,7,-3,-3,STAT,60,LAT,LON,W,CRC
08/30/26 09:05:38,13.41,781.14,12.46,13.76,3.94,452.58,12.60,78.10,1011.00,3.23,6.26,6.36,221.50,0.28,0,13.20,0.00,87.10,1,-310,10,-4,-2,STAT,60,LAT,LON,W,CRC
08/30/26 09:06:40,13.43,483.43,13.94,14.05,3.05,451.66,12.70,77.80,1011.00,3.59,6.56,6.59,248.60,0.20,0,13.20,0.00,87.10,1,-168,8,-3,-2,STAT,60,LAT,LON,W,CRC
08/30/26 09:07:37,13.49,290.07,14.02,14.24,4.28,450.85,12.90,77.40,1011.00,3.68,6.47,6.48,179.90,0.38,0,13.20,0.00,74.19,1,-74,8,-3,-3,STAT,60,LAT,LON,W,CRC
08/30/26 09:08:40,13.51,196.74,15.43,13.62,4.81,449.76,12.90,76.70,1011.00,3.56,6.23,6.38,188.30,0.35,0,13.20,0.00,70.97,1,-27,7,-3,-3,STAT,60,LAT,LON,W,CRC
08/30/26 09:09:36,13.55,164.18,16.36,12.23,4.34,447.82,13.00,76.40,1011.00,3.60,6.05,6.10,207.60,0.21,0,13.20,0.00,83.87,1,-11,7,-3,-3,STAT,60,LAT,LON,W,CRC
08/30/26 09:10:41,13.60,148.26,15.73,12.96,5.84,447.13,13.20,75.70,1011.00,3.44,6.10,6.33,144.30,0.74,0,13.20,0.00,74.19,1,-4,7,-3,-3,STAT,60,LAT,LON,W,CRC
08/30/26 09:11:38,13.63,147.53,16.74,13.13,6.05,445.14,13.30,75.10,1011.00,3.13,5.58,5.94,146.80,0.74,0,13.20,0.00,74.19,1,-2,7,-3,-3,STAT,60,LAT,LON,W,CRC
08/30/26 09:12:40,13.69,151.88,14.87,13.72,6.02,442.05,13.30,75.20,1011.00,3.73,5.78,5.89,159.30,0.33,0,13.20,0.00,77.42,1,-1,9,-3,-3,STAT,60,LAT,LON,W,CRC
08/30/26 09:13:38,13.72,146.33,13.72,13.71,5.41,440.38,13.40,74.30,1011.00,3.73,5.62,5.76,172.10,0.23,0,13.20,0.00,74.19,1,-1,9,-3,-3,STAT,60,LAT,LON,W,CRC
08/30/26 09:14:40,13.78,143.28,14.31,14.87,3.94,439.49,13.50,74.30,1011.00,3.30,5.13,5.28,148.90,0.25,0,13.20,0.00,74.19,1,-1,8,-3,-3,STAT,60,LAT,LON,W,CRC
08/30/26 09:15:43,13.82,141.83,16.06,13.03,4.97,438.67,13.50,73.90,1011.00,3.48,5.34,5.56,162.50,0.27,0,13.20,0.00,74.19,1,-1,8,-4,-3,STAT,60,LAT,LON,W,CRC
08/30/26 09:16:39,13.88,142.23,13.72,14.01,4.19,437.96,13.60,73.10,1011.00,3.79,6.48,6.87,182.90,0.46,0,13.20,0.00,70.97,1,0,10,-3,-4,STAT,60,LAT,LON,W,CRC
08/30/26 09:17:42,13.91,142.42,15.37,13.01,5.06,437.34,13.70,73.00,1011.00,3.31,5.78,6.01,180.10,0.47,0,13.20,0.00,70.97,1,0,9,-3,-4,STAT,60,LAT,LON,W,CRC
08/30/26 09:18:39,13.97,142.68,14.13,13.80,4.18,436.90,13.80,72.90,1011.00,2.85,5.11,5.24,188.60,0.51,0,13.20,0.00,74.19,1,0,10,-3,-5,STAT,60,LAT,LON,W,CRC
08/30/26 09:19:42,14.01,141.88,13.77,14.96,3.59,436.97,13.80,72.90,1011.00,2.92,5.32,5.62,156.50,0.44,0,13.20,0.00,83.87,1,0,10,-2,-4,STAT,60,LAT,LON,W,CRC
08/30/26 09:20:39,14.07,141.01,14.42,14.38,4.66,436.99,13.90,72.60,1011.00,3.33,5.45,5.67,123.00,0.41,0,13.20,0.00,87.10,1,0,10,-3,-4,STAT,60,LAT,LON,W,CRC
08/30/26 09:21:41,14.11,141.78,13.45,13.63,5.57,437.00,13.90,72.20,1011.00,2.98,5.31,5.65,174.70,0.43,0,13.20,0.00,87.10,1,0,11,-3,-4,STAT,60,LAT,LON,W,CRC
08/30/26 09:22:38,14.17,142.14,14.65,13.47,5.90,437.00,14.00,72.20,1011.00,3.07,5.18,5.33,180.60,0.42,0,13.20,0.00,74.19,1,0,10,-3,-4,STAT,60,LAT,LON,W,CRC
08/30/26 09:23:41,14.21,140.85,15.21,12.96,5.20,437.00,14.00,71.80,1011.00,3.13,6.42,6.55,206.50,0.38,0,13.20,0.00,80.65,1,0,10,-4,-4,STAT,60,LAT,LON,W,CRC
08/30/26 09:24:39,14.27,140.58,13.69,13.14,5.43,437.29,14.00,72.60,1011.00,3.03,5.62,5.87,151.90,0.20,0,13.20,0.00,70.97,1,0,11,-4,-4,STAT,60,LAT,LON,W,CRC
08/30/26 09:25:41,14.30,138.57,14.92,13.99,3.76,437.86,14.00,71.60,1011.00,3.34,5.29,5.50,207.90,0.20,0,13.20,0.00,74.19,1,0,9,-3,-4,STAT,60,LAT,LON,W,CRC
08/30/26 09:26:43,14.37,136.31,15.29,14.55,3.84,437.95,14.00,71.60,1011.00,3.23,4.95,5.20,182.70,0.38,0,13.20,0.00,74.19,1,0,8,-3,-4,STAT,60,LAT,LON,W,CRC
08/30/26 09:27:40,14.40,140.29,15.36,14.79,4.09,437.63,14.20,71.30,1011.00,3.20,5.33,5.62,121.10,0.38,0,13.20,0.00,70.97,1,0,8,-2,-4,STAT,60,LAT,LON,W,CRC
08/30/26 09:28:43,14.46,140.64,13.73,14.28,4.09,437.22,14.20,71.40,1011.00,2.94,4.97,5.08,143.80,0.28,0,13.20,0.00,74.19,1,0,10,-3,-4,STAT,60,LAT,LON,W,CRC
08/30/26 09:29:40,14.49,142.84,13.76,14.60,4.70,437.08,14.20,71.00,1011.00,3.21,5.31,5.76,128.50,0.91,0,13.20,0.00,70.97,1,0,10,-3,-4,STAT,60,LAT,LON,W,CRC
08/30/26 09:30:41,14.56,144.35,14.43,14.99,3.17,437.03,14.30,70.80,1011.00,2.97,4.80,5.05,148.30,0.58,0,13.20,0.00,116.13,1,0,10,-2,-4,STAT,60,LAT,LON,W,CRC
08/30/26 09:31:38,14.59,140.42,15.39,13.25,4.97,436.66,14.30,70.80,1011.00,2.75,5.05,5.60,122.80,0.38,0,13.20,0.00,70.97,1,0,10,-2,-4,STAT,60,LAT,LON,W,CRC
08/30/26 09:32:40,14.64,139.61,14.61,13.63,4.42,436.23,14.30,70.60,1011.00,2.71,5.20,5.43,133.70,0.43,0,13.20,0.00,70.97,1,0,11,-2,-4,STAT,60,LAT,LON,W,CRC
08/30/26 09:33:42,14.68,136.45,14.30,13.49,4.38,435.92,14.30,70.20,1011.00,2.74,4.43,4.60,160.80,0.42,0,13.20,0.00,74.19,1,0,11,-2,-4,STAT,60,LAT,LON,W,CRC
08/30/26 09:34:39,14.72,136.41,14.37,12.70,5.73,435.35,14.40,70.10,1011.00,2.68,4.78,5.07,157.20,0.65,0,13.20,0.00,70.97,1,0,11,-3,-3,STAT,60,LAT,LON,W,CRC
08/30/26 09:35:41,14.77,137.86,15.07,13.63,5.07,435.12,14.40,70.00,1011.00,2.80,4.94,5.05,150.60,0.58,0,13.20,0.00,83.87,1,0,11,-2,-4,STAT,60,LAT,LON,W,CRC
08/30/26 09:36:38,14.80,135.76,14.39,12.97,4.76,435.05,14.50,70.10,1011.00,3.07,4.79,5.26,167.10,0.38,0,13.20,0.00,70.97,1,0,11,-3,-4,STAT,60,LAT,LON,W,CRC
08/30/26 09:37:43,14.86,135.31,14.22,13.24,4.72,435.10,14.50,69.60,1011.00,2.71,4.42,4.65,135.70,0.79,0,13.20,0.00,70.97,1,0,12,-3,-4,STAT,60,LAT,LON,W,CRC
08/30/26 09:38:40,14.89,133.50,15.05,12.02,5.34,435.65,14.50,70.00,1011.00,2.80,4.37,4.64,149.70,0.25,0,13.20,0.00,74.19,1,0,12,-2,-4,STAT,60,LAT,LON,W,CRC
08/30/26 09:39:42,14.92,132.86,14.50,12.48,5.72,435.88,14.50,69.40,1011.00,2.86,5.16,5.34,157.70,0.34,0,13.20,0.00,74.19,1,0,10,-3,-3,STAT,60,LAT,LON,W,CRC
08/30/26 09:40:45,14.97,132.85,15.63,12.58,5.88,435.31,14.50,69.30,1011.00,2.96,4.76,4.89,196.90,0.54,0,13.20,0.00,77.42,1,0,10,-2,-3,STAT,60,LAT,LON,W,CRC
08/30/26 09:41:41,14.99,135.37,14.89,12.67,6.69,435.12,14.50,69.40,1011.00,2.47,4.37,4.41,169.60,0.99,0,13.20,0.00,74.19,1,0,11,-3,-3,STAT,60,LAT,LON,W,CRC
08/30/26 09:42:43,15.04,140.61,14.48,13.79,5.58,435.04,14.50,69.50,1011.00,2.63,3.94,3.96,157.20,1.05,0,13.20,0.00,74.19,1,0,11,-4,-3,STAT,60,LAT,LON,W,CRC
08/30/26 09:43:41,15.08,140.69,15.22,12.93,6.11,435.02,14.60,69.30,1011.00,2.75,3.95,4.06,150.30,0.98,0,13.20,0.00,70.97,1,0,10,-4,-3,STAT,60,LAT,LON,W,CRC
08/30/26 09:44:43,15.09,140.30,14.29,13.26,6.22,435.01,14.60,69.40,1011.00,2.74,4.15,4.27,165.20,1.12,0,13.20,0.00,74.19,1,0,11,-3,-4,STAT,60,LAT,LON,W,CRC
08/30/26 09:45:40,15.13,137.36,16.05,13.84,5.33,435.00,14.60,69.30,1011.00,2.90,4.65,4.88,168.90,0.75,0,13.20,0.00,74.19,1,0,10,-2,-3,STAT,60,LAT,LON,W,CRC
08/30/26 09:46:42,15.18,138.26,16.13,14.77,3.66,435.67,14.50,71.60,1011.00,2.75,4.24,4.83,200.10,0.42,0,13.20,0.00,74.19,1,0,8,-2,-3,STAT,60,LAT,LON,W,CRC
08/30/26 09:47:40,15.19,137.19,15.23,13.53,4.18,438.23,14.50,69.60,1011.00,2.94,4.68,4.97,190.80,0.78,0,13.20,0.00,70.97,1,0,10,-1,-3,STAT,60,LAT,LON,W,CRC
08/30/26 09:48:42,15.21,130.16,16.14,12.59,5.75,439.38,14.50,70.10,1011.00,3.01,4.98,5.08,198.80,0.19,0,13.20,0.00,70.97,1,0,10,-1,-2,STAT,60,LAT,LON,W,CRC
08/30/26 09:49:44,15.26,129.39,14.80,13.21,4.35,439.78,14.50,69.60,1011.00,2.76,4.44,4.47,186.10,0.43,0,13.20,0.00,74.19,1,0,12,-2,-3,STAT,60,LAT,LON,W,CRC
08/30/26 09:44:43,15.09,140.30,14.29,13.26,6.22,435.01,14.60,69.40,1011.00,2.74,4.15,4.27,165.20,1.12,0,13.20,0.00,74.19,1,0,11,-3,-4,STAT,60,LAT,LON,W,CRC
08/30/26 09:45:40,15.13,137.36,16.05,13.84,5.33,435.00,14.60,69.30,1011.00,2.90,4.65,4.88,168.90,0.75,0,13.20,0.00,74.19,1,0,10,-2,-3,STAT,60,LAT,LON,W,CRC
08/30/26 09:46:42,15.18,138.26,16.13,14.77,3.66,435.67,14.50,71.60,1011.00,2.75,4.24,4.83,200.10,0.42,0,13.20,0.00,74.19,1,0,8,-2,-3,STAT,60,LAT,LON,W,CRC
08/30/26 09:47:40,15.19,137.19,15.23,13.53,4.18,438.23,14.50,69.60,1011.00,2.94,4.68,4.97,190.80,0.78,0,13.20,0.00,70.97,1,0,10,-1,-3,STAT,60,LAT,LON,W,CRC
08/30/26 09:48:42,15.21,130.16,16.14,12.59,5.75,439.38,14.50,70.10,1011.00,3.01,4.98,5.08,198.80,0.19,0,13.20,0.00,70.97,1,0,10,-1,-2,STAT,60,LAT,LON,W,CRC
08/30/26 09:49:44,15.26,129.39,14.80,13.21,4.35,439.78,14.50,69.60,1011.00,2.76,4.44,4.47,186.10,0.43,0,13.20,0.00,74.19,1,0,12,-2,-3,STAT,60,LAT,LON,W,CRC
08/30/26 09:50:49,15.28,130.66,17.58,13.70,5.12,438.58,14.50,69.20,1011.00,2.80,4.38,4.56,170.60,0.97,0,13.20,0.00,122.58,1,0,9,-2,-3,STAT,60,LAT,LON,W,CRC
08/30/26 09:51:45,15.29,130.96,15.92,12.97,5.32,437.61,14.50,69.40,1011.00,2.62,4.20,4.68,148.60,0.67,0,13.20,0.00,87.10,1,0,11,-3,-3,STAT,60,LAT,LON,W,CRC
08/30/26 09:52:42,15.30,133.42,16.91,12.62,6.54,436.76,14.50,69.20,1011.00,2.67,4.03,4.58,147.80,0.55,0,13.20,0.00,83.87,1,0,10,-2,-2,STAT,60,LAT,LON,W,CRC
08/30/26 09:53:44,15.34,129.58,17.74,13.51,5.26,436.27,14.60,69.10,1011.00,2.46,4.41,4.60,169.60,0.40,0,13.20,0.00,83.87,1,0,9,-1,-3,STAT,60,LAT,LON,W,CRC
08/30/26 09:54:41,15.38,129.88,15.25,12.44,7.15,436.10,14.60,69.00,1011.00,2.59,4.28,4.74,190.80,0.49,0,13.20,0.00,87.10,1,0,11,-1,-2,STAT,60,LAT,LON,W,CRC
08/30/26 09:55:43,15.39,129.00,15.57,12.48,6.84,435.99,14.60,70.20,1011.00,3.00,4.81,5.00,199.10,0.47,0,13.20,0.00,87.10,1,0,10,-2,-2,STAT,60,LAT,LON,W,CRC
08/30/26 09:56:41,15.39,129.49,15.80,13.36,5.56,437.23,14.60,69.70,1011.00,2.74,4.37,4.65,199.20,0.60,0,13.20,0.00,74.19,1,0,10,-1,-2,STAT,60,LAT,LON,W,CRC
08/30/26 09:57:45,15.40,131.16,15.29,12.66,6.80,437.99,14.60,69.00,1011.00,2.75,4.13,4.23,133.70,0.55,0,13.20,0.00,74.19,1,0,11,-2,-2,STAT,60,LAT,LON,W,CRC
08/30/26 09:58:45,15.43,129.57,15.32,12.92,6.35,437.77,14.60,68.90,1011.00,2.92,4.22,4.48,164.50,0.66,0,13.20,0.00,83.87,1,0,10,-2,-2,STAT,60,LAT,LON,W,CRC
08/30/26 09:59:42,15.47,129.11,15.86,14.20,4.53,436.94,14.60,68.80,1011.00,3.10,4.08,4.39,152.50,0.77,0,13.20,0.00,87.10,1,0,10,-1,-2,STAT,60,LAT,LON,W,CRC
08/30/26 10:00:45,15.48,128.67,16.22,13.39,5.33,436.33,14.60,68.70,1011.00,2.62,4.65,4.84,177.70,0.50,0,13.20,0.00,70.97,1,0,10,-1,-2,STAT,60,LAT,LON,W,CRC
08/30/26 10:01:47,15.49,128.92,16.52,12.97,6.74,436.03,14.60,68.80,1011.00,3.02,4.53,4.64,166.80,0.46,0,13.20,0.00,77.42,1,0,9,-2,-2,STAT,60,LAT,LON,W,CRC
08/30/26 10:02:44,15.49,128.57,17.26,12.96,6.44,435.40,14.60,69.60,1011.00,2.89,4.84,4.99,185.80,0.25,0,13.20,0.00,74.19,1,0,9,-2,-2,STAT,60,LAT,LON,W,CRC
08/30/26 10:03:46,15.49,126.01,15.39,13.49,5.70,436.62,14.60,70.30,1011.00,3.10,5.11,5.21,226.40,0.40,0,13.20,0.00,74.19,1,0,10,-1,-2,STAT,60,LAT,LON,W,CRC
08/30/26 10:04:44,15.50,124.91,15.40,12.02,5.42,440.03,14.60,70.10,1011.00,3.30,5.41,5.70,259.10,0.15,0,13.20,0.00,87.10,1,0,11,-2,-2,STAT,60,LAT,LON,W,CRC
08/30/26 10:05:46,15.54,123.23,15.74,12.59,5.39,441.47,14.60,69.30,1011.00,3.01,5.28,5.38,187.20,0.21,0,13.20,0.00,90.32,1,0,11,-2,-2,STAT,60,LAT,LON,W,CRC
08/30/26 10:06:44,15.56,125.17,15.60,13.22,5.23,441.45,14.60,69.30,1011.00,2.53,4.28,4.59,60.20,0.03,0,13.20,0.00,70.97,1,0,10,-1,-2,STAT,60,LAT,LON,W,CRC
08/30/26 10:07:46,15.58,125.30,16.73,14.40,4.60,440.46,14.60,69.00,1011.00,2.60,4.51,4.73,157.30,0.66,0,13.20,0.00,70.97,1,0,9,-1,-2,STAT,60,LAT,LON,W,CRC
08/30/26 10:08:43,15.59,130.51,16.98,13.41,4.80,438.98,14.60,68.90,1011.00,2.68,4.43,4.51,184.90,0.61,0,13.20,0.00,70.97,1,0,8,-1,-3,STAT,60,LAT,LON,W,CRC
08/30/26 10:09:45,15.59,129.18,15.75,14.18,4.30,437.11,14.60,69.10,1011.00,2.72,4.78,4.81,182.20,0.32,0,13.20,0.00,74.19,1,0,10,-1,-2,STAT,60,LAT,LON,W,CRC
08/30/26 10:10:47,15.59,128.18,15.17,14.47,5.03,436.85,14.60,69.80,1011.00,2.67,4.67,4.68,194.00,0.35,0,13.20,0.00,80.65,1,0,10,-1,-1,STAT,60,LAT,LON,W,CRC
08/30/26 10:11:45,15.59,129.53,15.67,13.61,5.54,439.57,14.50,70.40,1011.00,2.95,4.70,4.97,226.70,0.28,0,13.20,0.00,74.19,1,0,9,-1,-1,STAT,60,LAT,LON,W,CRC
08/30/26 10:12:47,15.59,128.58,14.47,13.61,3.77,443.59,14.50,70.70,1011.00,2.74,4.44,4.53,225.30,0.43,0,13.20,0.00,74.19,1,0,10,-1,-2,STAT,60,LAT,LON,W,CRC
08/30/26 10:13:44,15.59,126.05,14.57,12.92,4.38,445.69,14.40,71.30,1011.00,2.67,4.02,4.05,211.10,0.52,0,13.20,0.00,90.32,1,0,11,-1,-2,STAT,60,LAT,LON,W,CRC
08/30/26 10:14:48,15.59,123.18,15.06,13.55,3.31,446.89,14.40,71.90,1011.00,2.86,4.76,5.10,223.20,0.38,0,13.20,0.00,87.10,1,0,9,0,-1,STAT,60,LAT,LON,W,CRC
08/30/26 10:15:44,15.59,122.41,15.16,11.90,4.34,447.89,14.40,69.70,1011.00,2.36,3.71,3.88,219.60,0.47,0,13.20,0.00,83.87,1,0,10,0,-2,STAT,60,LAT,LON,W,CRC
08/30/26 10:16:47,15.59,121.27,14.70,12.67,4.49,446.73,14.40,70.60,1011.00,2.56,4.47,4.72,259.00,0.19,0,13.20,0.00,83.87,1,0,11,0,-1,STAT,60,LAT,LON,W,CRC
08/30/26 10:17:46,15.59,121.26,14.15,13.38,4.15,446.67,14.30,70.30,1011.00,2.71,4.44,4.75,231.00,0.31,0,13.20,0.00,90.32,1,0,11,0,-1,STAT,60,LAT,LON,W,CRC
08/30/26 10:18:48,15.59,121.14,15.22,14.20,4.39,446.01,14.30,69.90,1011.00,2.99,4.50,5.30,177.40,0.39,0,13.20,0.00,83.87,1,0,12,0,-1,STAT,60,LAT,LON,W,CRC
08/30/26 10:19:45,15.59,126.88,14.47,14.70,5.39,444.49,14.40,70.70,1011.00,2.87,4.84,5.20,164.40,0.73,0,13.20,0.00,70.97,1,0,11,0,-1,STAT,60,LAT,LON,W,CRC
08/30/26 10:20:47,15.59,125.07,16.99,14.84,3.40,444.07,14.30,70.60,1011.00,2.53,4.67,4.88,207.40,0.20,0,13.20,0.00,70.97,1,0,8,0,-1,STAT,60,LAT,LON,W,CRC
08/30/26 10:21:43,15.59,123.75,15.60,13.57,4.73,444.11,14.30,71.10,1011.00,2.48,4.47,4.89,203.00,0.40,0,13.20,0.00,70.97,1,0,9,0,-1,STAT,60,LAT,LON,W,CRC
08/30/26 10:22:46,15.59,126.43,15.76,12.23,6.04,444.69,14.30,70.70,1011.00,3.33,5.91,6.22,212.20,0.50,0,13.20,0.00,83.87,1,0,9,0,-1,STAT,60,LAT,LON,W,CRC
08/30/26 10:23:44,15.59,126.32,14.77,13.22,5.10,445.17,14.20,71.40,1011.00,2.87,5.98,6.23,218.90,0.36,0,13.20,0.00,74.19,1,0,10,-1,-1,STAT,60,LAT,LON,W,CRC
08/30/26 10:24:47,15.59,124.64,14.07,12.58,6.10,445.71,14.20,71.40,1011.00,2.66,5.30,5.39,210.60,0.46,0,13.20,0.00,70.97,1,0,11,-1,-1,STAT,60,LAT,LON,W,CRC
08/30/26 10:25:49,15.59,122.54,14.76,12.94,4.70,445.90,14.20,71.20,1011.00,2.44,4.65,5.14,215.70,0.43,0,13.20,0.00,74.19,1,0,11,-1,-1,STAT,60,LAT,LON,W,CRC
08/30/26 10:26:46,15.59,121.38,14.97,14.06,4.20,445.67,14.20,70.40,1011.00,2.59,4.88,5.21,213.80,0.47,0,13.20,0.00,77.42,1,0,11,0,-1,STAT,60,LAT,LON,W,CRC
08/30/26 10:27:48,15.59,121.22,13.83,13.73,5.44,444.65,14.20,70.70,1011.00,2.62,4.58,4.76,219.00,0.50,0,13.20,0.00,74.19,1,0,12,0,0,STAT,60,LAT,LON,W,CRC
08/30/26 10:28:50,15.59,122.26,15.22,13.39,5.97,442.78,14.20,70.40,1011.00,2.94,4.78,5.02,198.20,0.48,0,13.20,0.00,83.87,1,0,11,0,-1,STAT,60,LAT,LON,W,CRC
08/30/26 10:29:46,15.59,118.21,15.17,12.86,6.31,440.31,14.30,70.60,1011.00,2.79,4.61,4.69,225.90,0.19,0,13.20,0.00,87.10,1,0,11,0,-1,STAT,60,LAT,LON,W,CRC
08/30/26 10:30:49,15.58,122.39,15.79,11.97,7.16,438.81,14.30,70.90,1011.00,2.93,4.69,4.72,242.80,0.20,0,13.20,0.00,87.10,1,0,10,-1,-1,STAT,60,LAT,LON,W,CRC
08/30/26 10:31:45,15.58,119.99,16.01,12.88,6.01,438.93,14.30,70.90,1011.00,2.69,4.66,4.79,241.60,0.30,0,13.20,0.00,74.19,1,0,9,0,-1,STAT,60,LAT,LON,W,CRC
08/30/26 10:32:47,15.58,121.37,16.28,13.86,6.35,438.97,14.30,70.60,1011.00,2.29,4.36,4.60,237.00,0.28,0,13.20,0.00,74.19,1,0,8,0,-1,STAT,60,LAT,LON,W,CRC
08/30/26 10:33:49,15.57,125.64,15.40,15.62,4.16,439.48,14.20,71.50,1011.00,2.32,4.24,4.53,238.00,0.24,0,13.20,0.00,70.97,1,0,10,0,0,STAT,60,LAT,LON,W,CRC
08/30/26 10:34:46,15.57,123.69,14.78,14.30,5.07,440.96,14.20,71.80,1011.00,2.30,3.90,4.00,232.70,0.33,0,13.20,0.00,87.10,1,0,10,0,-1,STAT,60,LAT,LON,W,CRC
08/30/26 10:35:48,15.57,124.18,15.90,13.29,6.57,441.74,14.20,70.60,1011.00,2.63,4.88,5.03,192.20,0.47,0,13.20,0.00,116.13,1,0,9,0,0,STAT,60,LAT,LON,W,CRC
08/30/26 10:36:50,15.57,121.96,15.51,13.97,6.83,441.10,14.20,70.20,1011.00,3.12,5.00,5.05,179.80,0.65,0,13.20,0.00,87.10,1,0,10,0,0,STAT,60,LAT,LON,W,CRC
08/30/26 10:37:48,15.57,124.27,14.56,13.30,8.18,439.81,14.30,70.10,1011.00,2.53,4.30,4.57,167.60,0.56,0,13.20,0.00,116.13,1,0,11,0,0,STAT,60,LAT,LON,W,CRC
08/30/26 10:38:50,15.56,121.24,15.65,13.81,7.13,438.17,14.30,70.10,1011.00,2.57,4.38,4.52,168.50,0.37,0,13.20,0.00,74.19,1,0,8,0,0,STAT,60,LAT,LON,W,CRC
08/30/26 10:39:47,15.56,123.26,15.58,13.08,8.83,436.87,14.30,69.70,1011.00,2.80,4.57,4.63,140.90,0.64,0,13.20,0.00,70.97,1,0,10,0,-1,STAT,60,LAT,LON,W,CRC
08/30/26 10:40:48,15.56,124.26,15.21,13.25,8.43,435.40,14.30,69.60,1011.00,2.85,4.91,5.07,165.80,0.87,0,13.20,0.00,87.10,1,0,10,0,0,STAT,60,LAT,LON,W,CRC
08/30/26 10:41:50,15.57,124.93,16.14,13.92,7.65,434.46,14.30,69.60,1011.00,3.13,5.43,5.72,162.60,0.82,0,13.20,0.00,74.19,1,0,10,0,-1,STAT,60,LAT,LON,W,CRC
08/30/26 10:42:46,15.57,124.75,14.11,13.65,8.08,434.18,14.40,69.60,1011.00,2.69,4.52,4.67,152.40,0.81,0,13.20,0.00,70.97,1,0,11,-1,-1,STAT,60,LAT,LON,W,CRC
08/30/26 10:43:48,15.58,121.88,13.78,14.49,6.73,434.06,14.40,69.40,1011.00,2.57,4.91,5.07,164.40,0.63,0,13.20,0.00,74.19,1,0,12,-1,-1,STAT,60,LAT,LON,W,CRC
08/30/26 10:44:45,15.58,120.17,14.58,12.83,8.35,434.02,14.40,69.50,1011.00,2.44,4.83,4.89,159.70,0.41,0,13.20,0.00,83.87,1,0,11,-1,-1,STAT,60,LAT,LON,W,CRC
08/30/26 10:45:47,15.59,124.92,15.37,13.99,7.60,433.95,14.40,69.60,1011.00,3.05,5.01,5.56,138.40,0.37,0,13.20,0.00,87.10,1,0,11,0,-1,STAT,60,LAT,LON,W,CRC
08/30/26 10:46:50,15.59,121.27,16.16,14.03,7.32,433.98,14.40,69.40,1011.00,2.74,4.48,4.66,167.60,0.52,0,13.20,0.00,74.19,1,0,10,0,-1,STAT,60,LAT,LON,W,CRC
08/30/26 10:47:46,15.59,120.81,15.48,14.60,7.60,433.99,14.40,69.40,1011.00,2.50,4.15,4.43,134.60,0.52,0,13.20,0.00,83.87,1,0,9,0,0,STAT,60,LAT,LON,W,CRC
08/30/26 10:48:48,15.59,122.31,14.67,14.84,6.78,434.00,14.40,69.40,1011.00,2.68,4.30,4.39,158.70,0.60,0,13.20,0.00,83.87,1,0,11,0,-1,STAT,60,LAT,LON,W,CRC
08/30/26 10:49:50,15.59,122.24,15.22,14.02,6.40,434.29,14.40,69.50,1011.00,2.73,4.17,4.20,164.40,0.28,0,13.20,0.00,87.10,1,0,11,-1,-1,STAT,60,LAT,LON,W,CRC
08/30/26 10:50:48,15.59,119.06,14.75,14.60,5.36,435.41,14.40,70.50,1011.00,2.57,4.04,4.32,210.50,0.12,0,13.20,0.00,70.97,1,0,10,0,-1,STAT,60,LAT,LON,W,CRC
08/30/26 10:51:52,15.59,118.65,14.98,14.63,5.23,437.14,14.40,70.00,1011.00,2.35,3.81,4.08,220.60,0.20,0,13.20,0.00,70.97,1,0,11,0,-1,STAT,60,LAT,LON,W,CRC
08/30/26 10:52:49,15.59,119.22,15.91,13.58,5.96,438.14,14.50,70.00,1011.00,2.19,3.77,4.28,171.60,0.10,0,13.20,0.00,74.19,1,0,10,0,-1,STAT,60,LAT,LON,W,CRC
08/30/26 10:53:51,15.59,117.53,15.46,13.52,6.92,438.24,14.50,69.30,1011.00,2.71,4.12,4.46,155.20,0.38,0,13.20,0.00,70.97,1,0,11,-1,0,STAT,60,LAT,LON,W,CRC
08/30/26 10:54:48,15.61,121.88,15.13,13.37,7.83,437.59,14.40,69.40,1011.00,2.91,4.67,4.94,134.00,0.92,0,13.20,0.00,74.19,1,0,11,-1,-1,STAT,60,LAT,LON,W,CRC
08/30/26 10:55:50,15.63,126.58,13.93,13.68,8.26,436.67,14.40,69.60,1011.00,2.98,4.54,4.65,150.90,0.83,0,13.20,0.00,74.19,1,0,12,-1,-1,STAT,60,LAT,LON,W,CRC
08/30/26 10:56:52,15.65,125.35,14.81,14.00,7.12,436.23,14.40,69.90,1011.00,2.77,4.59,4.68,145.40,0.80,0,13.20,0.00,70.97,1,0,10,-1,-2,STAT,60,LAT,LON,W,CRC
08/30/26 10:57:50,15.66,120.53,15.98,13.10,7.28,436.09,14.40,69.50,1011.00,2.50,4.85,4.92,130.00,0.43,0,13.20,0.00,83.87,1,0,10,-1,-1,STAT,60,LAT,LON,W,CRC
08/30/26 10:58:52,15.67,120.86,15.25,13.37,6.47,436.03,14.40,69.20,1011.00,2.58,4.19,4.56,151.80,0.42,0,13.20,0.00,83.87,1,0,11,-1,-1,STAT,60,LAT,LON,W,CRC
08/30/26 10:59:49,15.68,121.09,15.55,13.87,7.07,436.01,14.50,69.10,1011.00,2.67,4.62,4.92,161.50,0.43,0,13.20,0.00,74.19,1,0,11,-1,-1,STAT,60,LAT,LON,W,CRC
08/30/26 11:00:51,15.69,120.71,17.40,12.91,7.15,436.00,14.50,68.80,1011.00,2.38,3.94,4.22,183.90,0.37,0,13.20,0.00,70.97,1,0,9,-1,-1,STAT,60,LAT,LON,W,CRC
08/30/26 11:01:48,15.69,121.43,15.46,14.24,7.58,436.00,14.50,68.60,1011.00,2.69,4.39,4.50,183.90,0.87,0,13.20,0.00,70.97,1,0,11,0,-1,STAT,60,LAT,LON,W,CRC
08/30/26 11:02:51,15.69,119.48,16.53,14.40,7.41,435.35,14.50,68.70,1011.00,2.69,4.56,4.65,158.80,0.77,0,13.20,0.00,83.87,1,0,10,-1,-1,STAT,60,LAT,LON,W,CRC
08/30/26 11:03:53,15.69,119.74,15.55,14.75,6.03,435.39,14.50,68.80,1011.00,2.78,4.28,4.41,184.30,0.52,0,13.20,0.00,87.10,1,0,10,0,-1,STAT,60,LAT,LON,W,CRC
08/30/26 11:04:50,15.69,121.03,14.35,13.85,6.43,435.15,14.50,69.10,1011.00,2.80,4.05,4.26,158.40,0.57,0,13.20,0.00,74.19,1,0,10,0,-1,STAT,60,LAT,LON,W,CRC
08/30/26 11:05:52,15.69,119.60,15.03,14.24,6.61,434.51,14.50,68.70,1011.00,2.25,3.75,3.83,163.40,0.37,0,13.20,0.00,70.97,1,0,11,-1,-1,STAT,60,LAT,LON,W,CRC
08/30/26 11:06:49,15.69,118.89,16.19,14.22,7.02,434.36,14.50,68.70,1011.00,2.12,3.60,4.13,138.40,0.78,0,13.20,0.00,70.97,1,0,10,0,-1,STAT,60,LAT,LON,W,CRC
08/30/26 11:07:52,15.69,119.73,15.84,13.28,7.32,434.13,14.50,68.30,1011.00,2.29,3.94,4.44,179.90,0.81,0,13.20,0.00,74.19,1,0,11,0,-1,STAT,60,LAT,LON,W,CRC
08/30/26 11:08:49,15.69,119.44,16.47,14.60,5.96,434.05,14.50,68.20,1011.00,2.31,3.96,4.39,189.20,0.68,0,13.20,0.00,74.19,1,0,10,0,-1,STAT,60,LAT,LON,W,CRC
08/30/26 11:09:51,15.72,116.11,15.01,13.10,7.73,434.02,14.60,68.30,1011.00,2.84,4.65,4.79,205.10,0.19,0,13.20,0.00,74.19,1,0,12,0,0,STAT,60,LAT,LON,W,CRC
08/30/26 11:10:54,15.75,115.57,14.62,13.89,6.88,434.01,14.60,68.40,1011.00,2.36,3.67,3.72,148.10,0.40,0,13.20,0.00,74.19,1,0,12,0,-1,STAT,60,LAT,LON,W,CRC
08/30/26 11:11:51,15.76,116.40,15.76,15.15,5.91,434.00,14.50,68.50,1011.00,2.55,4.71,4.98,126.50,0.54,0,13.20,0.00,83.87,1,0,11,0,-1,STAT,60,LAT,LON,W,CRC
08/30/26 11:12:54,15.77,115.87,15.52,13.46,7.45,434.00,14.50,68.50,1011.00,2.26,4.02,4.58,145.20,0.59,0,13.20,0.00,74.19,1,0,10,0,-1,STAT,60,LAT,LON,W,CRC
08/30/26 11:13:51,15.78,115.50,14.83,13.97,7.06,434.00,14.50,68.40,1011.00,2.61,4.96,5.16,137.70,0.58,0,13.20,0.00,74.19,1,0,10,0,-1,STAT,60,LAT,LON,W,CRC
08/30/26 11:14:53,15.79,116.92,14.20,14.51,6.21,434.00,14.50,68.30,1011.00,2.48,4.42,4.72,156.20,0.48,0,13.20,0.00,70.97,1,0,11,0,-1,STAT,60,LAT,LON,W,CRC
08/30/26 11:15:50,15.79,118.89,15.28,13.73,7.46,434.00,14.50,68.10,1011.00,2.96,4.59,4.69,177.60,0.64,0,13.20,0.00,74.19,1,0,10,0,-1,STAT,60,LAT,LON,W,CRC
08/30/26 11:16:53,15.79,118.32,17.10,13.91,7.94,434.00,14.60,68.40,1011.00,2.48,4.32,4.36,208.80,0.38,0,13.20,0.00,74.19,1,0,9,-1,0,STAT,60,LAT,LON,W,CRC
08/30/26 11:17:52,15.79,116.50,15.47,14.14,7.58,434.00,14.60,68.40,1011.00,2.74,4.14,4.16,158.60,0.44,0,13.20,0.00,87.10,1,0,11,0,-1,STAT,60,LAT,LON,W,CRC
08/30/26 11:18:53,15.79,115.96,16.20,13.21,7.78,434.00,14.50,68.50,1011.00,2.56,4.36,4.48,138.20,0.63,0,13.20,0.00,83.87,1,0,10,-1,-1,STAT,60,LAT,LON,W,CRC
08/30/26 11:19:50,15.79,115.46,16.56,13.61,7.50,434.21,14.50,68.60,1011.00,2.66,4.02,4.06,129.90,0.71,0,13.20,0.00,87.10,1,0,9,0,-1,STAT,60,LAT,LON,W,CRC
08/30/26 11:20:52,15.79,116.23,15.61,14.27,7.28,434.17,14.50,68.40,1011.00,2.66,4.18,4.20,138.50,0.67,0,13.20,0.00,83.87,1,0,10,0,-1,STAT,60,LAT,LON,W,CRC
08/30/26 11:21:54,15.79,114.49,15.40,13.61,7.34,434.46,14.50,68.30,1011.00,2.31,3.97,4.31,153.80,0.63,0,13.20,0.00,87.10,1,0,10,0,-1,STAT,60,LAT,LON,W,CRC
08/30/26 11:22:51,15.79,114.45,15.46,13.78,8.37,434.18,14.50,68.30,1011.00,2.55,4.27,4.55,172.00,0.64,0,13.20,0.00,87.10,1,0,11,0,0,STAT,60,LAT,LON,W,CRC
08/30/26 11:23:53,15.79,115.30,15.55,13.31,7.73,434.06,14.50,68.40,1011.00,2.88,4.79,5.21,168.20,0.58,0,13.20,0.00,87.10,1,0,10,-1,-1,STAT,60,LAT,LON,W,CRC
08/30/26 11:24:53,15.79,113.09,14.50,14.03,6.75,434.07,14.50,68.50,1011.00,2.47,4.20,4.54,135.70,0.22,0,13.20,0.00,70.97,1,0,11,-1,-1,STAT,60,LAT,LON,W,CRC
08/30/26 11:25:55,15.79,113.02,14.59,13.63,7.80,434.59,14.50,68.60,1011.00,2.22,3.47,3.90,140.20,0.44,0,13.20,0.00,70.97,1,0,11,0,0,STAT,60,LAT,LON,W,CRC
08/30/26 11:26:52,15.79,113.44,14.84,12.43,8.69,434.44,14.50,68.50,1011.00,2.03,3.76,3.91,175.30,0.36,0,13.20,0.00,74.19,1,0,11,0,-1,STAT,60,LAT,LON,W,CRC
08/30/26 11:27:54,15.79,112.02,15.77,13.69,7.53,434.21,14.50,68.40,1011.00,2.08,3.81,3.98,207.30,0.50,0,13.20,0.00,77.42,1,0,11,0,0,STAT,60,LAT,LON,W,CRC
08/30/26 11:28:56,15.79,115.00,14.08,13.36,8.73,434.07,14.50,68.30,1011.00,2.38,3.90,4.12,163.30,0.70,0,13.20,0.00,74.19,1,0,12,0,0,STAT,60,LAT,LON,W,CRC
08/30/26 11:29:54,15.79,114.49,15.13,13.00,8.78,434.03,14.50,68.50,1011.00,2.06,3.86,4.14,148.40,0.57,0,13.20,0.00,90.32,1,0,11,-1,0,STAT,60,LAT,LON,W,CRC
08/30/26 11:30:56,15.79,113.91,15.11,13.69,7.88,434.01,14.50,68.40,1011.00,2.44,4.16,4.26,158.50,0.76,0,13.20,0.00,83.87,1,0,11,-1,0,STAT,60,LAT,LON,W,CRC
08/30/26 11:31:53,15.79,115.11,14.80,15.26,7.25,434.00,14.40,68.40,1011.00,2.55,4.30,4.51,170.40,1.14,0,13.20,0.00,74.19,1,0,11,0,0,STAT,60,LAT,LON,W,CRC
08/30/26 11:32:55,15.79,112.64,14.47,14.56,7.83,434.00,14.40,68.40,1011.00,2.41,3.98,4.09,175.80,0.91,0,13.20,0.00,74.19,1,0,10,0,0,STAT,60,LAT,LON,W,CRC
08/30/26 11:33:52,15.79,112.72,14.73,15.09,7.59,434.00,14.40,68.40,1011.00,2.38,3.87,4.22,161.40,1.18,0,13.20,0.00,74.19,1,0,11,0,0,STAT,60,LAT,LON,W,CRC
08/30/26 11:34:54,15.79,116.50,15.05,14.46,7.07,434.00,14.40,68.50,1011.00,2.26,3.87,4.17,159.50,0.84,0,13.20,0.00,74.19,1,0,10,0,-1,STAT,60,LAT,LON,W,CRC
08/30/26 11:35:56,15.79,113.85,14.42,14.08,7.87,434.00,14.40,68.80,1011.00,2.34,3.66,3.76,147.80,0.61,0,13.20,0.00,74.19,1,0,12,0,0,STAT,60,LAT,LON,W,CRC
08/30/26 11:36:53,15.79,113.38,14.81,13.66,7.58,434.00,14.40,68.80,1011.00,1.94,3.34,3.38,150.10,0.72,0,13.20,0.00,70.97,1,0,11,0,0,STAT,60,LAT,LON,W,CRC
08/30/26 11:37:55,15.79,115.88,14.67,15.02,6.16,434.00,14.40,68.50,1011.00,2.21,3.28,3.56,206.70,0.58,0,13.20,0.00,93.55,1,0,12,0,-1,STAT,60,LAT,LON,W,CRC
08/30/26 11:38:52,15.79,114.05,13.78,14.65,7.19,434.00,14.40,68.40,1011.00,2.30,3.56,3.66,130.00,0.78,0,13.20,0.00,74.19,1,0,12,0,0,STAT,60,LAT,LON,W,CRC
08/30/26 11:39:55,15.79,111.92,14.11,14.54,7.53,434.00,14.40,68.70,1011.00,2.36,4.07,4.48,146.90,0.50,0,13.20,0.00,87.10,1,0,12,0,0,STAT,60,LAT,LON,W,CRC
08/30/26 11:40:51,15.79,111.72,15.39,13.79,6.88,434.00,14.40,68.90,1011.00,2.27,3.88,4.23,143.10,0.25,0,13.20,0.00,70.97,1,0,10,0,-1,STAT,60,LAT,LON,W,CRC
08/30/26 11:41:53,15.79,112.55,15.41,13.36,7.81,434.00,14.40,68.70,1011.00,2.42,4.12,4.24,152.10,0.61,0,13.20,0.00,70.97,1,0,10,0,0,STAT,60,LAT,LON,W,CRC
08/30/26 11:42:51,15.79,113.65,15.26,14.88,6.44,434.00,14.40,68.70,1011.00,2.03,3.62,3.82,168.90,0.50,0,13.20,0.00,87.10,1,0,10,0,0,STAT,60,LAT,LON,W,CRC
08/30/26 11:43:53,15.79,113.49,16.85,13.87,8.01,434.00,14.40,68.60,1011.00,2.29,4.21,4.37,161.30,0.57,0,13.20,0.00,74.19,1,0,8,0,0,STAT,60,LAT,LON,W,CRC
08/30/26 11:44:53,15.79,115.75,15.55,13.79,8.85,434.00,14.30,68.70,1011.00,2.46,4.33,4.52,154.30,0.95,0,13.20,0.00,70.97,1,0,10,-1,0,STAT,60,LAT,LON,W,CRC
08/30/26 11:45:55,15.79,114.86,14.26,14.39,7.96,434.00,14.30,68.60,1011.00,2.42,4.55,4.62,152.70,1.05,0,13.20,0.00,83.87,1,0,12,0,0,STAT,60,LAT,LON,W,CRC
08/30/26 11:46:57,15.79,115.46,13.93,14.03,7.85,434.00,14.30,68.40,1011.00,2.24,3.90,3.92,160.60,1.06,0,13.20,0.00,87.10,1,0,12,0,0,STAT,60,LAT,LON,W,CRC
08/30/26 11:47:54,15.79,111.36,14.52,13.59,7.58,434.00,14.30,68.90,1011.00,1.94,3.21,3.44,141.70,0.45,0,13.20,0.00,74.19,1,0,12,0,0,STAT,60,LAT,LON,W,CRC
08/30/26 11:48:57,15.79,108.26,15.58,14.10,6.74,434.00,14.40,68.90,1011.00,2.58,3.92,4.49,105.60,0.19,0,13.20,0.00,74.19,1,0,10,0,0,STAT,60,LAT,LON,W,CRC
08/30/26 11:49:54,15.79,112.44,14.52,14.51,7.94,434.00,14.30,68.70,1011.00,2.74,3.85,4.10,138.80,0.56,0,13.20,0.00,74.19,1,0,11,0,0,STAT,60,LAT,LON,W,CRC
08/30/26 11:50:56,15.79,112.99,16.05,14.78,7.12,434.00,14.30,68.80,1011.00,2.57,4.11,4.27,159.20,0.44,0,13.20,0.00,70.97,1,0,10,0,0,STAT,60,LAT,LON,W,CRC
08/30/26 11:51:53,15.79,109.99,16.26,15.14,6.35,434.00,14.40,68.70,1011.00,2.44,4.11,4.16,174.20,0.33,0,13.20,0.00,74.19,1,0,10,0,0,STAT,60,LAT,LON,W,CRC
08/30/26 11:52:56,15.79,111.97,15.54,14.19,7.95,434.00,14.40,68.50,1011.00,2.38,4.18,4.24,160.80,0.48,0,13.20,0.00,74.19,1,0,10,0,0,STAT,60,LAT,LON,W,CRC
08/30/26 11:53:54,15.79,111.08,16.00,15.00,7.79,434.29,14.30,68.70,1011.00,2.39,4.04,4.16,156.70,0.66,0,13.20,0.00,74.19,1,0,10,0,0,STAT,60,LAT,LON,W,CRC
08/30/26 11:54:54,15.79,111.33,15.20,14.34,7.38,434.75,14.30,68.70,1011.00,2.30,4.27,4.40,162.90,0.76,0,13.20,0.00,83.87,1,0,10,0,0,STAT,60,LAT,LON,W,CRC
08/30/26 11:55:56,15.79,112.10,15.67,13.99,7.91,435.35,14.30,68.80,1011.00,2.48,4.04,4.22,172.60,0.47,0,13.20,0.00,87.10,1,0,11,0,0,STAT,60,LAT,LON,W,CRC
08/30/26 11:56:58,15.79,108.55,13.84,15.00,6.77,436.06,14.30,69.10,1011.00,2.11,3.82,4.16,156.20,0.26,0,13.20,0.00,70.97,1,0,12,0,0,STAT,60,LAT,LON,W,CRC
08/30/26 11:57:55,15.79,112.43,14.58,14.80,7.46,436.64,14.30,68.80,1011.00,2.00,3.18,3.52,147.40,0.71,0,13.20,0.00,93.55,1,0,12,0,0,STAT,60,LAT,LON,W,CRC
08/30/26 11:58:53,15.79,111.22,14.78,14.07,8.34,435.79,14.30,68.70,1011.00,2.04,3.62,3.77,183.20,0.56,0,13.20,0.00,74.19,1,0,11,0,0,STAT,60,LAT,LON,W,CRC
08/30/26 11:59:55,15.79,106.78,14.26,15.21,6.65,435.28,14.30,69.20,1011.00,2.35,3.56,3.61,159.50,0.32,0,13.20,0.00,74.19,1,0,12,0,0,STAT,60,LAT,LON,W,CRC
08/30/26 12:00:58,15.79,106.43,14.34,14.74,6.82,435.50,14.30,69.50,1011.00,2.80,4.22,4.23,120.20,0.41,0,13.20,0.00,74.19,1,0,12,1,0,STAT,60,LAT,LON,W,CRC
08/30/26 12:01:54,15.79,108.69,14.87,14.56,6.83,435.75,14.30,68.60,1011.00,2.65,4.01,4.02,164.00,0.14,0,13.20,0.00,70.97,1,0,12,1,0,STAT,60,LAT,LON,W,CRC
08/30/26 12:02:56,15.79,108.37,15.63,14.21,7.38,435.45,14.30,68.30,1011.00,2.39,3.73,3.79,178.90,0.50,0,13.20,0.00,70.97,1,0,10,0,0,STAT,60,LAT,LON,W,CRC
08/30/26 12:03:53,15.79,111.13,16.63,13.15,8.12,434.88,14.30,68.20,1011.00,2.35,3.74,3.76,165.00,0.88,0,13.20,0.00,74.19,1,0,10,0,0,STAT,60,LAT,LON,W,CRC
08/30/26 12:04:58,15.79,111.10,15.18,14.24,8.60,434.23,14.30,68.30,1011.00,2.11,3.14,3.30,160.80,1.31,0,13.20,0.00,122.58,1,0,11,0,0,STAT,60,LAT,LON,W,CRC
08/30/26 12:05:56,15.79,112.96,15.79,14.15,8.16,433.59,14.30,68.30,1011.00,2.53,3.82,3.88,156.50,1.07,0,13.20,0.00,74.19,1,0,11,0,0,STAT,60,LAT,LON,W,CRC
08/30/26 12:06:59,15.79,112.34,14.60,15.01,7.29,433.21,14.30,68.40,1011.00,2.53,4.01,4.22,159.50,1.00,0,13.20,0.00,83.87,1,0,11,0,0,STAT,60,LAT,LON,W,CRC
08/30/26 12:07:56,15.79,110.66,15.15,14.59,7.27,433.08,14.30,68.60,1011.00,2.45,3.76,4.14,178.60,0.89,0,13.20,0.00,74.19,1,0,10,0,0,STAT,60,LAT,LON,W,CRC
08/30/26 12:08:58,15.79,109.25,13.98,14.62,8.28,433.03,14.30,68.70,1011.00,2.15,3.36,3.49,167.30,0.73,0,13.20,0.00,74.19,1,0,11,0,0,STAT,60,LAT,LON,W,CRC
08/30/26 12:09:55,15.79,110.60,14.39,13.94,9.13,433.01,14.30,69.00,1011.00,2.24,3.54,3.59,165.90,0.55,0,13.20,0.00,70.97,1,0,12,0,0,STAT,60,LAT,LON,W,CRC
08/30/26 12:10:57,15.79,113.06,13.39,14.20,8.81,433.00,14.30,68.70,1011.00,2.17,3.92,4.08,173.70,0.94,0,13.20,0.00,70.97,1,0,13,0,0,STAT,60,LAT,LON,W,CRC
08/30/26 12:11:56,15.79,111.40,14.16,14.06,8.40,433.00,14.30,68.70,1011.00,2.24,3.94,4.25,193.60,0.46,0,13.20,0.00,70.97,1,0,12,0,0,STAT,60,LAT,LON,W,CRC
08/30/26 12:12:58,15.79,113.13,14.72,14.39,7.94,433.00,14.30,68.90,1011.00,2.49,3.81,4.11,140.60,0.51,0,13.20,0.00,77.42,1,0,11,0,0,STAT,60,LAT,LON,W,CRC
08/30/26 12:14:00,15.79,110.73,16.17,14.85,7.54,433.35,14.20,69.20,1011.00,2.68,4.22,4.46,105.10,0.28,0,13.20,0.00,74.19,1,0,10,0,0,STAT,60,LAT,LON,W,CRC
08/30/26 12:14:57,15.78,112.47,15.90,13.95,8.34,433.75,14.20,68.70,1011.00,2.95,5.12,5.38,148.00,1.00,0,13.20,0.00,87.10,1,0,10,0,0,STAT,60,LAT,LON,W,CRC
08/30/26 12:15:59,15.78,115.12,16.59,14.19,8.46,433.98,14.20,68.80,1011.00,2.54,3.99,4.16,140.90,1.29,0,13.20,0.00,74.19,1,0,9,0,0,STAT,60,LAT,LON,W,CRC
08/30/26 12:16:56,15.77,110.68,17.66,13.99,6.94,433.99,14.20,69.50,1011.00,1.89,3.39,3.78,126.20,0.34,0,13.20,0.00,74.19,1,0,8,0,0,STAT,60,LAT,LON,W,CRC
08/30/26 12:17:58,15.77,108.98,15.44,14.37,7.05,434.00,14.20,68.70,1011.00,2.41,3.40,3.54,150.80,0.76,0,13.20,0.00,70.97,1,0,9,0,0,STAT,60,LAT,LON,W,CRC
08/30/26 12:19:00,15.76,108.74,15.76,14.38,7.45,434.00,14.20,68.60,1011.00,2.49,3.95,4.00,171.90,0.40,0,13.20,0.00,74.19,1,0,10,0,0,STAT,60,LAT,LON,W,CRC
08/30/26 12:19:57,15.76,110.29,16.24,13.56,8.36,434.00,14.20,68.80,1011.00,2.81,4.23,4.70,170.90,0.84,0,13.20,0.00,74.19,1,0,9,0,0,STAT,60,LAT,LON,W,CRC
08/30/26 12:21:00,15.75,110.50,15.18,14.94,7.57,434.00,14.20,68.80,1011.00,2.50,3.95,4.24,168.80,0.82,0,13.20,0.00,74.19,1,0,10,0,0,STAT,60,LAT,LON,W,CRC
08/30/26 12:21:57,15.73,108.93,15.19,15.24,6.87,434.00,14.20,68.80,1011.00,2.42,3.72,3.96,178.00,0.79,0,13.20,0.00,87.10,1,0,10,0,0,STAT,60,LAT,LON,W,CRC
08/30/26 12:22:59,15.72,112.80,15.66,14.46,8.50,433.63,14.20,68.70,1011.00,2.49,3.96,4.36,170.20,0.54,0,13.20,0.00,83.87,1,0,10,0,0,STAT,60,LAT,LON,W,CRC
08/30/26 12:24:01,15.70,112.56,13.50,14.31,8.03,433.53,14.20,68.90,1011.00,2.68,4.10,4.28,132.10,0.59,0,13.20,0.00,83.87,1,0,12,0,0,STAT,60,LAT,LON,W,CRC
08/30/26 12:24:58,15.69,111.13,15.90,14.16,7.83,433.70,14.20,68.80,1011.00,2.85,4.05,4.28,191.30,0.42,0,13.20,0.00,116.13,1,0,10,0,-1,STAT,60,LAT,LON,W,CRC
08/30/26 12:26:00,15.69,108.31,15.51,13.17,8.47,433.85,14.20,68.80,1011.00,2.26,3.67,3.94,217.40,0.22,0,13.20,0.00,74.19,1,0,10,0,0,STAT,60,LAT,LON,W,CRC
08/30/26 12:26:57,15.69,110.19,13.90,13.31,9.22,433.87,14.20,68.90,1011.00,2.03,3.28,3.48,132.10,0.39,0,13.20,0.00,74.19,1,0,11,0,0,STAT,60,LAT,LON,W,CRC
08/30/26 12:27:59,15.69,107.92,14.74,13.08,8.06,433.96,14.20,69.00,1011.00,2.28,3.46,3.54,147.80,0.22,0,13.20,0.00,103.23,1,0,11,0,0,STAT,60,LAT,LON,W,CRC
08/30/26 12:29:00,15.69,112.05,15.32,14.79,6.91,433.98,14.20,69.00,1011.00,2.42,3.99,4.12,149.50,0.52,0,13.20,0.00,83.87,1,0,10,0,0,STAT,60,LAT,LON,W,CRC
08/30/26 12:29:58,15.69,111.57,15.38,14.40,7.47,433.99,14.20,68.60,1011.00,2.28,4.24,4.37,184.50,0.59,0,13.20,0.00,70.97,1,0,10,0,0,STAT,60,LAT,LON,W,CRC
08/30/26 12:31:00,15.69,110.20,14.65,14.15,7.70,434.00,14.20,68.40,1011.00,2.28,4.00,4.20,200.20,0.76,0,13.20,0.00,74.19,1,0,11,0,0,STAT,60,LAT,LON,W,CRC
08/30/26 12:31:59,15.69,108.83,15.25,14.04,6.68,434.00,14.20,68.60,1011.00,2.48,4.03,4.24,207.10,0.26,0,13.20,0.00,74.19,1,0,9,0,0,STAT,60,LAT,LON,W,CRC
08/30/26 12:33:02,15.69,109.29,15.81,15.35,7.15,434.00,14.20,68.70,1011.00,2.76,3.94,4.01,150.00,0.69,0,13.20,0.00,74.19,1,0,10,0,0,STAT,60,LAT,LON,W,CRC
08/30/26 12:33:59,15.69,111.54,15.24,15.01,7.56,434.00,14.20,68.30,1011.00,2.62,3.75,3.77,198.40,0.58,0,13.20,0.00,87.10,1,0,10,0,0,STAT,60,LAT,LON,W,CRC
08/30/26 12:35:01,15.69,112.67,15.82,15.23,7.32,434.00,14.20,68.40,1011.00,2.62,3.93,4.14,189.30,0.60,0,13.20,0.00,83.87,1,0,10,0,0,STAT,60,LAT,LON,W,CRC
08/30/26 12:35:59,15.69,111.09,14.91,13.63,8.12,434.00,14.20,68.20,1011.00,2.48,3.72,3.83,210.50,0.59,0,13.20,0.00,70.97,1,0,10,0,0,STAT,60,LAT,LON,W,CRC
08/30/26 12:37:01,15.69,112.72,14.71,14.16,7.80,434.00,14.20,68.40,1011.00,2.38,4.14,4.36,203.00,0.68,0,13.20,0.00,74.19,1,0,10,0,0,STAT,60,LAT,LON,W,CRC
08/30/26 12:37:58,15.69,111.15,14.18,15.43,6.99,434.00,14.20,68.40,1011.00,2.33,4.22,4.37,194.80,0.95,0,13.20,0.00,70.97,1,0,11,0,0,STAT,60,LAT,LON,W,CRC
08/30/26 12:39:01,15.69,111.91,14.47,14.85,7.36,434.00,14.20,68.50,1011.00,2.26,4.40,4.49,165.50,0.62,0,13.20,0.00,74.19,1,0,11,-1,0,STAT,60,LAT,LON,W,CRC
08/30/26 12:39:58,15.69,109.96,15.86,14.29,8.68,433.42,14.20,68.40,1011.00,2.65,4.66,4.85,153.70,0.99,0,13.20,0.00,74.19,1,0,10,0,0,STAT,60,LAT,LON,W,CRC
08/30/26 12:41:00,15.69,111.82,14.39,14.89,9.21,433.55,14.10,68.50,1011.00,2.64,4.12,4.19,164.10,1.15,0,13.20,0.00,74.19,1,0,10,0,0,STAT,60,LAT,LON,W,CRC
08/30/26 12:42:02,15.69,112.24,14.83,14.26,8.64,433.84,14.10,68.60,1011.00,2.85,4.80,4.96,173.70,1.16,0,13.20,0.00,83.87,1,0,10,0,0,STAT,60,LAT,LON,W,CRC
08/30/26 12:43:00,15.69,111.52,14.82,15.15,7.07,433.94,14.10,68.70,1011.00,2.76,3.72,3.91,189.00,0.92,0,13.20,0.00,87.10,1,0,11,0,0,STAT,60,LAT,LON,W,CRC
08/30/26 12:44:02,15.69,109.60,16.22,15.59,6.39,433.98,14.10,68.90,1011.00,2.55,3.53,3.82,186.80,0.64,0,13.20,0.00,87.10,1,0,9,0,0,STAT,60,LAT,LON,W,CRC
08/30/26 12:45:00,15.69,109.48,15.53,15.09,6.75,433.99,14.10,68.70,1011.00,2.57,3.61,3.82,194.20,0.55,0,13.20,0.00,80.65,1,0,10,0,0,STAT,60,LAT,LON,W,CRC
08/30/26 12:46:02,15.69,109.66,14.80,14.58,7.76,434.00,14.10,68.70,1011.00,2.68,3.81,4.15,191.70,0.57,0,13.20,0.00,74.19,1,0,11,0,0,STAT,60,LAT,LON,W,CRC
08/30/26 12:46:59,15.69,111.57,14.00,14.29,8.73,434.00,14.10,68.80,1011.00,2.35,3.86,3.98,171.80,1.09,0,13.20,0.00,87.10,1,0,12,0,0,STAT,60,LAT,LON,W,CRC
08/30/26 12:48:01,15.69,107.99,15.67,14.25,8.68,434.00,14.10,69.00,1011.00,2.06,3.47,3.63,183.10,0.96,0,13.20,0.00,87.10,1,0,10,0,0,STAT,60,LAT,LON,W,CRC
08/30/26 12:48:58,15.69,110.52,16.05,14.70,8.53,434.00,14.10,69.20,1011.00,2.49,4.01,4.07,166.40,1.16,0,13.20,0.00,70.97,1,0,9,0,0,STAT,60,LAT,LON,W,CRC
08/30/26 12:50:00,15.69,108.63,14.18,15.10,7.05,434.00,14.10,69.30,1011.00,2.48,4.29,4.49,190.50,0.54,0,13.20,0.00,74.19,1,0,11,0,0,STAT,60,LAT,LON,W,CRC
08/30/26 12:50:58,15.68,107.37,14.75,15.57,7.39,434.00,14.10,69.20,1011.00,2.89,4.34,4.47,158.50,0.73,0,13.20,0.00,74.19,1,0,11,0,0,STAT,60,LAT,LON,W,CRC
08/30/26 12:52:03,15.68,106.56,14.73,15.10,8.06,434.65,14.10,69.60,1011.00,2.72,4.01,4.18,175.00,0.47,0,13.20,0.00,83.87,1,0,10,0,0,STAT,60,LAT,LON,W,CRC
08/30/26 12:53:00,15.67,108.91,14.62,14.91,6.63,434.86,14.10,69.40,1011.00,2.88,3.98,4.68,201.00,0.45,0,13.20,0.00,83.87,1,0,11,0,0,STAT,60,LAT,LON,W,CRC
08/30/26 12:54:03,15.67,108.90,14.16,15.36,6.74,435.11,14.10,69.60,1011.00,2.73,4.36,4.68,135.50,0.57,0,13.20,0.00,74.19,1,0,12,0,0,STAT,60,LAT,LON,W,CRC
08/30/26 12:55:00,15.67,111.40,15.12,15.54,6.15,435.20,14.00,69.30,1011.00,2.39,3.97,4.22,175.20,0.91,0,13.20,0.00,70.97,1,0,11,1,0,STAT,60,LAT,LON,W,CRC
08/30/26 12:56:02,15.66,112.23,13.48,14.87,7.48,435.22,14.00,69.20,1011.00,2.75,4.49,4.78,165.00,1.19,0,13.20,0.00,74.19,1,0,12,0,0,STAT,60,LAT,LON,W,CRC
08/30/26 12:57:04,15.64,110.77,14.28,14.05,9.05,435.08,14.00,69.40,1011.00,2.26,3.84,4.48,172.90,0.79,0,13.20,0.00,74.19,1,0,11,0,0,STAT,60,LAT,LON,W,CRC
08/30/26 12:58:01,15.62,111.20,15.23,13.62,10.57,435.03,14.00,69.30,1011.00,2.27,4.14,4.44,131.80,1.18,0,13.20,0.00,70.97,1,0,10,0,0,STAT,60,LAT,LON,W,CRC
08/30/26 12:59:03,15.60,107.58,16.23,13.49,11.25,435.09,14.00,69.50,1011.00,2.33,3.99,4.24,156.50,0.95,0,13.20,0.00,70.97,1,0,9,0,0,STAT,60,LAT,LON,W,CRC
08/30/26 13:00:00,15.60,109.59,12.86,13.86,9.64,435.34,14.00,69.50,1011.00,2.65,4.07,4.19,184.40,1.03,1,13.20,0.00,74.63,1,0,13,0,0,STAT,60,LAT,LON,W,CRC
08/30/26 13:01:02,15.59,108.00,13.13,15.63,7.32,435.20,14.00,69.40,1011.00,2.34,3.61,3.65,198.00,0.87,1,13.20,0.00,73.99,1,0,12,0,0,STAT,60,LAT,LON,W,CRC
08/30/26 13:02:04,15.59,108.69,14.03,16.11,7.14,435.07,14.00,69.80,1011.00,2.54,3.64,3.66,193.60,0.75,1,13.20,0.00,74.74,1,0,11,0,0,STAT,60,LAT,LON,W,CRC
08/30/26 13:03:01,15.59,108.55,14.19,14.95,8.56,435.03,14.00,70.00,1011.00,2.79,4.18,4.24,133.50,0.12,1,13.20,0.00,73.58,1,0,11,0,0,STAT,60,LAT,LON,W,CRC
08/30/26 13:04:03,15.59,107.38,15.44,13.61,8.79,435.15,14.00,69.60,1011.00,2.37,4.07,4.10,164.90,0.72,1,13.20,0.00,76.70,1,0,10,0,0,STAT,60,LAT,LON,W,CRC
08/30/26 13:05:06,15.59,111.02,15.07,14.17,8.27,435.49,14.00,69.80,1011.00,2.55,4.32,4.64,172.70,0.94,1,13.20,0.00,76.51,1,0,10,0,0,STAT,60,LAT,LON,W,CRC
08/30/26 13:06:02,15.59,106.45,13.37,14.03,7.81,435.80,14.00,69.80,1011.00,2.51,4.25,4.49,192.20,0.40,1,13.20,0.00,75.81,1,0,11,0,0,STAT,60,LAT,LON,W,CRC
08/30/26 13:07:04,15.59,107.13,14.54,14.33,6.72,435.93,14.00,70.00,1011.00,2.64,4.55,4.86,224.60,0.09,1,13.20,0.00,75.46,1,0,11,0,0,STAT,60,LAT,LON,W,CRC
08/30/26 13:08:01,15.59,105.35,14.09,14.01,8.56,435.97,14.00,70.10,1011.00,2.26,3.62,3.94,156.30,0.32,1,13.20,0.00,74.79,1,0,11,0,0,STAT,60,LAT,LON,W,CRC
08/30/26 13:09:04,15.59,108.04,15.12,14.70,7.73,435.99,14.00,69.70,1011.00,2.57,4.21,4.85,196.80,0.40,1,13.20,0.00,79.20,1,0,11,0,0,STAT,60,LAT,LON,W,CRC
08/30/26 13:10:01,15.59,107.54,14.55,13.76,8.59,436.00,14.00,69.90,1011.00,2.41,3.78,4.42,168.40,0.53,1,13.20,0.00,81.09,1,0,10,0,0,STAT,60,LAT,LON,W,CRC
08/30/26 13:11:03,15.58,108.99,15.25,14.11,8.23,436.00,14.00,69.80,1011.00,2.15,3.69,4.05,167.00,0.36,1,13.20,0.00,81.11,1,0,10,0,0,STAT,60,LAT,LON,W,CRC
08/30/26 13:12:03,15.57,109.01,15.21,14.63,7.87,436.00,14.00,69.80,1011.00,2.44,3.97,4.50,208.00,0.62,1,13.20,0.00,78.82,1,0,10,0,0,STAT,60,LAT,LON,W,CRC
08/30/26 13:13:05,15.57,109.29,14.44,15.00,8.31,436.00,14.00,69.80,1011.00,1.97,3.27,3.46,160.60,0.95,1,13.20,0.00,74.92,1,0,11,0,0,STAT,60,LAT,LON,W,CRC
08/30/26 13:14:05,15.57,109.85,14.95,14.92,8.93,436.00,14.00,69.80,1011.00,2.27,4.06,4.38,174.40,0.87,1,13.20,0.00,78.09,1,0,10,1,0,STAT,60,LAT,LON,W,CRC
08/30/26 13:15:02,15.54,113.18,16.22,14.98,8.87,436.00,13.90,70.00,1011.00,2.45,3.79,3.94,162.00,1.05,1,13.20,0.00,79.33,1,0,9,1,0,STAT,60,LAT,LON,W,CRC
08/30/26 13:16:05,15.51,108.56,13.21,14.72,9.01,435.50,13.90,70.10,1011.00,2.24,3.52,3.67,168.90,0.60,1,13.20,0.00,75.78,1,0,11,0,0,STAT,60,LAT,LON,W,CRC
08/30/26 13:17:02,15.50,108.37,13.99,14.92,8.02,435.19,13.90,70.20,1011.00,2.33,3.68,3.87,142.30,0.53,1,13.20,0.00,74.54,1,0,11,1,0,STAT,60,LAT,LON,W,CRC
08/30/26 13:18:04,15.50,109.35,14.02,14.49,8.83,435.07,13.90,70.20,1011.00,2.45,3.62,3.91,137.80,0.63,1,13.20,0.00,73.52,1,0,11,0,0,STAT,60,LAT,LON,W,CRC
08/30/26 13:19:07,15.49,111.20,13.34,14.99,8.82,435.02,13.90,70.40,1011.00,2.72,3.67,4.14,139.60,1.10,1,13.20,0.00,78.17,1,0,10,1,0,STAT,60,LAT,LON,W,CRC
08/30/26 13:20:03,15.49,107.77,15.02,15.32,8.65,435.01,13.90,70.60,1011.00,2.97,4.90,5.45,143.00,1.00,1,13.20,0.00,74.69,1,0,10,0,0,STAT,60,LAT,LON,W,CRC
08/30/26 13:21:05,15.49,109.05,13.21,14.33,9.30,435.00,13.80,70.70,1011.00,2.75,4.52,4.71,162.70,0.44,1,13.20,0.00,73.86,1,0,11,0,0,STAT,60,LAT,LON,W,CRC
08/30/26 13:22:03,15.49,110.07,14.54,14.56,10.02,435.00,13.80,70.50,1011.00,2.26,3.57,3.81,126.20,0.75,1,13.20,0.00,73.47,1,0,11,0,0,STAT,60,LAT,LON,W,CRC
08/30/26 13:23:04,15.49,110.90,14.51,15.74,8.22,434.80,13.80,70.70,1011.00,2.36,4.05,4.22,151.50,0.85,1,13.20,0.00,74.01,1,0,10,0,0,STAT,60,LAT,LON,W,CRC
08/30/26 13:24:07,15.49,109.37,15.01,15.28,7.82,434.28,13.80,71.00,1011.00,2.30,4.00,4.48,158.90,0.64,1,13.20,0.00,73.96,1,0,10,0,0,STAT,60,LAT,LON,W,CRC
08/30/26 13:25:04,15.49,107.57,15.22,14.86,9.17,434.40,13.70,71.00,1011.00,2.35,4.27,4.74,168.20,0.99,1,13.20,0.00,74.38,1,0,9,0,0,STAT,60,LAT,LON,W,CRC
08/30/26 13:26:06,15.49,109.27,14.74,15.09,8.94,434.79,13.70,71.20,1011.00,2.57,4.37,4.54,176.80,0.94,1,13.20,0.00,74.31,1,0,10,0,0,STAT,60,LAT,LON,W,CRC
08/30/26 13:27:04,15.49,109.49,14.90,15.47,8.43,434.42,13.70,70.80,1011.00,2.69,4.23,4.29,161.90,1.22,1,13.20,0.00,75.13,1,0,9,1,0,STAT,60,LAT,LON,W,CRC
08/30/26 13:28:07,15.48,109.27,15.22,15.81,8.28,434.15,13.70,71.40,1011.00,2.90,4.55,4.71,162.60,0.74,1,13.20,0.00,75.89,1,0,10,0,0,STAT,60,LAT,LON,W,CRC
08/30/26 13:29:04,15.47,110.87,14.51,15.91,7.84,434.06,13.70,71.20,1011.00,2.56,3.98,4.03,147.90,0.77,1,13.20,0.00,75.56,1,0,10,0,0,STAT,60,LAT,LON,W,CRC
08/30/26 13:30:07,15.45,113.34,14.41,14.76,9.11,434.02,13.70,71.30,1011.00,2.84,4.14,4.20,162.90,1.33,1,13.20,0.00,74.02,1,0,10,0,0,STAT,60,LAT,LON,W,CRC
08/30/26 13:31:04,15.41,111.89,14.74,15.93,8.43,434.01,13.60,71.50,1011.00,2.75,4.07,4.63,144.60,0.87,1,13.20,0.00,73.07,1,0,9,0,0,STAT,60,LAT,LON,W,CRC
08/30/26 13:32:07,15.40,106.40,15.39,15.17,8.02,434.00,13.60,71.70,1011.00,2.48,3.78,3.99,145.80,0.47,1,13.20,0.00,78.53,1,0,8,0,0,STAT,60,LAT,LON,W,CRC
08/30/26 13:33:04,15.40,111.23,15.22,15.13,8.36,434.15,13.60,71.40,1011.00,2.49,3.99,4.17,155.50,0.85,1,13.20,0.00,75.40,1,0,9,0,0,STAT,60,LAT,LON,W,CRC
08/30/26 13:34:06,15.40,112.42,14.56,14.50,8.37,434.55,13.60,71.50,1011.00,2.51,3.80,3.86,172.60,0.93,1,13.20,0.00,77.61,1,0,9,0,0,STAT,60,LAT,LON,W,CRC
08/30/26 13:35:08,15.39,113.83,14.74,15.05,8.33,434.74,13.60,71.10,1011.00,2.68,4.18,4.20,158.20,0.98,1,13.20,0.00,79.59,1,0,10,0,0,STAT,60,LAT,LON,W,CRC
08/30/26 13:36:05,15.39,111.89,15.35,16.40,8.30,434.90,13.60,71.60,1011.00,2.80,4.58,4.59,173.50,0.49,1,13.20,0.00,77.51,1,0,9,0,0,STAT,60,LAT,LON,W,CRC
08/30/26 13:37:07,15.39,115.40,14.15,16.31,7.64,434.96,13.60,71.60,1011.00,2.72,4.13,4.34,169.20,0.68,1,13.20,0.00,73.84,1,0,10,0,0,STAT,60,LAT,LON,W,CRC
08/30/26 13:38:04,15.39,112.13,14.95,16.10,7.64,434.99,13.60,71.40,1011.00,3.28,5.03,5.10,176.40,0.95,1,13.20,0.00,73.97,1,0,9,1,0,STAT,60,LAT,LON,W,CRC
08/30/26 13:39:08,15.39,112.27,13.78,14.11,9.37,435.00,13.60,71.70,1011.00,2.77,4.78,4.81,174.30,0.89,1,13.20,0.00,74.67,1,0,11,0,0,STAT,60,LAT,LON,W,CRC
08/30/26 13:40:05,15.39,112.27,13.74,14.41,9.81,435.00,13.60,71.90,1011.00,2.88,5.54,5.78,178.70,0.83,1,13.20,0.00,73.76,1,0,11,0,0,STAT,60,LAT,LON,W,CRC
08/30/26 13:41:08,15.38,110.70,13.07,14.56,10.48,435.00,13.60,72.00,1011.00,2.67,4.44,4.52,185.70,0.79,1,13.20,0.00,75.23,1,0,11,0,0,STAT,60,LAT,LON,W,CRC
08/30/26 13:42:05,15.37,111.15,13.20,14.87,9.17,435.00,13.60,71.90,1011.00,2.87,4.88,4.95,154.10,1.02,1,13.20,0.00,81.11,1,0,11,0,0,STAT,60,LAT,LON,W,CRC
08/30/26 13:43:08,15.36,111.85,14.38,15.05,8.41,434.65,13.60,71.90,1011.00,3.81,5.68,5.79,179.70,0.75,1,13.20,0.00,76.14,1,0,10,0,0,STAT,60,LAT,LON,W,CRC
08/30/26 13:44:05,15.33,114.77,15.41,15.77,6.99,434.25,13.60,71.90,1011.00,5.33,8.60,9.15,191.10,0.69,1,13.20,0.00,75.14,1,0,9,1,0,STAT,60,LAT,LON,W,CRC
08/30/26 13:45:07,15.31,116.38,15.18,15.73,8.54,434.09,13.60,72.10,1011.00,5.27,9.21,9.51,184.50,0.82,1,13.20,0.00,75.56,1,0,9,0,0,STAT,60,LAT,LON,W,CRC
08/30/26 13:46:09,15.30,119.54,13.09,15.22,9.23,434.03,13.60,71.90,1011.00,6.05,10.40,10.72,166.00,1.18,1,13.20,0.00,74.28,1,0,11,0,0,STAT,60,LAT,LON,W,CRC
08/30/26 13:47:07,15.30,119.03,13.36,16.00,8.13,434.01,13.50,72.40,1011.00,7.69,13.85,14.49,186.40,0.74,1,13.20,0.00,74.30,1,0,11,1,0,STAT,60,LAT,LON,W,CRC
08/30/26 13:48:09,15.30,121.78,13.79,14.84,9.17,434.00,13.50,72.60,1011.00,7.73,13.16,14.31,196.10,0.40,1,13.20,0.00,75.83,1,0,10,0,0,STAT,60,LAT,LON,W,CRC
08/30/26 13:49:06,15.30,123.50,13.95,14.44,8.86,434.00,13.50,72.70,1011.00,8.02,13.25,14.12,140.80,0.34,1,13.20,0.00,74.35,1,0,10,0,0,STAT,60,LAT,LON,W,CRC
08/30/26 13:50:08,15.30,123.73,14.14,15.16,8.85,434.00,13.50,72.80,1011.00,7.75,12.72,13.65,152.90,0.96,1,13.20,1.67,73.67,1,0,10,0,0,STAT,60,LAT,LON,W,CRC
08/30/26 13:51:05,15.30,120.94,14.32,13.80,9.54,434.00,13.50,72.40,1011.00,7.90,12.26,12.98,178.10,0.77,1,13.20,2.74,73.47,1,0,10,0,0,STAT,60,LAT,LON,W,CRC
08/30/26 13:52:08,15.30,120.19,14.44,14.54,9.35,433.77,13.50,72.60,1011.00,7.53,11.61,12.40,162.20,0.66,1,13.20,3.09,75.81,1,0,10,0,0,STAT,60,LAT,LON,W,CRC
08/30/26 13:53:05,15.30,120.13,14.15,16.82,7.55,433.62,13.50,73.40,1011.00,6.83,11.71,12.39,164.40,0.58,1,13.20,3.18,78.14,1,0,10,1,0,STAT,60,LAT,LON,W,CRC
08/30/26 13:54:07,15.30,124.07,15.42,16.78,7.72,433.22,13.50,72.50,1011.00,7.82,14.56,15.20,141.90,1.03,1,13.20,4.53,77.98,1,0,9,0,0,STAT,60,LAT,LON,W,CRC
08/30/26 13:55:08,15.29,123.25,13.91,16.01,8.71,433.08,13.50,72.80,1011.00,8.19,14.22,14.72,178.50,0.76,1,13.20,5.49,80.89,1,0,11,0,0,STAT,60,LAT,LON,W,CRC
08/30/26 13:56:05,15.29,124.77,14.16,14.90,9.23,433.03,13.50,72.40,1011.00,8.07,13.47,14.03,189.30,0.87,1,13.20,6.15,84.33,1,0,11,0,0,STAT,60,LAT,LON,W,CRC
08/30/26 13:57:07,15.28,125.36,14.91,15.37,8.50,433.01,13.50,72.50,1011.00,8.29,13.85,14.47,193.80,0.88,1,13.20,6.37,79.76,1,0,10,0,0,STAT,60,LAT,LON,W,CRC
08/30/26 13:58:09,15.27,124.01,14.49,15.92,7.64,433.00,13.50,72.40,1011.00,8.07,14.22,14.50,199.90,0.94,1,13.20,6.43,77.94,1,0,10,0,0,STAT,60,LAT,LON,W,CRC
08/30/26 13:59:09,15.26,123.96,16.37,15.48,8.30,433.00,13.50,72.80,1011.00,7.78,13.51,13.99,210.40,0.31,1,13.20,6.56,81.62,1,0,8,1,0,STAT,60,LAT,LON,W,CRC
08/30/26 14:00:11,15.24,124.17,15.91,15.60,8.77,433.47,13.50,72.20,1011.00,7.50,12.57,12.85,182.30,0.62,1,13.20,6.65,75.86,1,0,9,0,0,STAT,60,LAT,LON,W,CRC
08/30/26 14:01:07,15.22,121.89,15.10,15.62,9.91,433.35,13.50,72.20,1011.00,7.53,12.07,12.17,195.60,0.68,1,13.20,6.51,76.62,1,0,10,0,0,STAT,60,LAT,LON,W,CRC
08/30/26 14:02:09,15.21,124.30,14.79,15.44,9.35,433.42,13.50,72.30,1011.00,7.53,12.25,13.02,205.80,0.83,1,13.20,6.47,74.42,1,0,9,0,0,STAT,60,LAT,LON,W,CRC
08/30/26 14:03:12,15.20,123.63,14.28,16.42,8.01,433.44,13.60,72.20,1011.00,7.11,12.45,12.81,215.00,0.35,1,13.20,6.46,75.58,1,0,10,0,0,STAT,60,LAT,LON,W,CRC
08/30/26 14:04:09,15.20,123.62,14.53,15.99,7.93,433.34,13.60,72.20,1011.00,6.80,11.98,12.89,264.40,0.12,1,13.20,6.45,75.06,1,0,10,0,0,STAT,60,LAT,LON,W,CRC
08/30/26 14:05:11,15.20,124.90,13.38,15.53,8.80,433.35,13.60,73.40,1011.00,6.96,12.26,13.09,219.20,0.19,1,13.20,7.91,79.27,1,0,10,0,0,STAT,60,LAT,LON,W,CRC
08/30/26 14:06:09,15.20,126.84,15.94,14.92,9.10,433.34,13.60,72.30,1011.00,7.15,12.76,13.22,193.50,0.68,1,13.20,9.12,79.75,1,0,8,0,0,STAT,60,LAT,LON,W,CRC
08/30/26 14:07:12,15.20,128.90,14.04,16.38,7.92,433.12,13.60,71.90,1011.00,7.52,14.45,15.79,177.10,1.29,1,13.20,9.69,80.33,1,0,10,0,0,STAT,60,LAT,LON,W,CRC
08/30/26 14:08:09,15.20,128.81,16.19,14.93,8.80,433.05,13.60,72.20,1011.00,7.48,14.29,15.87,181.00,0.76,1,13.20,10.56,77.73,1,0,8,0,0,STAT,60,LAT,LON,W,CRC
08/30/26 14:09:11,15.20,123.44,14.30,15.79,8.08,433.25,13.60,72.20,1011.00,6.76,12.99,14.27,174.40,0.81,1,13.20,11.76,82.66,1,0,9,0,0,STAT,60,LAT,LON,W,CRC
08/30/26 14:10:08,15.20,124.53,14.32,15.08,9.04,433.71,13.60,72.30,1011.00,6.89,13.63,14.57,191.70,1.31,1,13.20,12.26,78.43,1,0,9,0,0,STAT,60,LAT,LON,W,CRC
08/30/26 14:11:10,15.20,127.53,14.24,15.06,9.44,433.36,13.60,72.30,1011.00,7.08,13.49,14.64,193.80,0.93,1,13.24,14.00,81.72,1,0,10,0,0,STAT,60,LAT,LON,W,CRC
08/30/26 14:12:11,15.20,128.44,13.72,15.65,8.59,433.17,13.60,72.40,1011.00,7.26,13.67,14.27,211.60,0.31,1,13.20,15.20,83.20,1,0,10,0,0,STAT,60,LAT,LON,W,CRC
08/30/26 14:13:08,15.20,125.42,14.11,15.00,8.88,433.21,13.60,72.90,1011.00,7.55,14.37,15.34,181.80,0.31,1,13.20,15.85,80.79,1,0,10,0,0,STAT,60,LAT,LON,W,CRC
08/30/26 14:14:10,15.20,127.36,13.92,14.54,8.61,433.07,13.50,72.50,1011.00,8.03,15.74,16.49,190.30,0.75,1,13.24,17.53,78.75,1,0,10,0,0,STAT,60,LAT,LON,W,CRC
08/30/26 14:15:07,15.20,127.69,14.85,14.57,9.56,433.03,13.50,72.30,1011.00,7.39,14.02,14.55,207.40,0.79,1,13.20,18.78,82.18,1,0,9,0,0,STAT,60,LAT,LON,W,CRC
08/30/26 14:16:08,15.20,130.25,13.86,14.85,10.12,433.01,13.50,73.00,1011.00,7.38,12.59,12.85,202.30,0.74,1,13.20,19.19,83.16,1,0,11,0,0,STAT,60,LAT,LON,W,CRC
08/30/26 14:17:10,15.20,127.18,14.06,15.14,8.77,433.00,13.50,72.40,1011.00,7.35,13.45,13.76,200.30,0.47,1,13.24,20.97,77.66,1,0,11,0,0,STAT,60,LAT,LON,W,CRC
08/30/26 14:18:07,15.20,126.67,13.92,16.76,8.50,433.23,13.60,73.00,1011.00,7.78,15.09,15.42,190.40,0.30,1,13.20,22.02,82.33,1,0,10,0,0,STAT,60,LAT,LON,W,CRC
08/30/26 14:19:10,15.20,129.12,14.75,15.39,8.71,433.43,13.60,72.70,1011.00,6.78,13.49,14.41,219.50,0.16,1,13.20,23.51,88.93,1,0,9,0,0,STAT,60,LAT,LON,W,CRC
08/30/26 14:20:13,15.20,130.70,14.20,14.92,9.13,433.31,13.50,72.40,1011.00,6.59,12.62,14.30,170.70,1.10,1,13.20,26.03,85.07,1,0,10,0,0,STAT,60,LAT,LON,W,CRC
08/30/26 14:21:10,15.20,130.09,14.09,16.18,8.54,433.74,13.50,72.20,1011.00,6.91,11.64,12.42,176.10,1.26,1,13.24,28.70,81.44,1,0,10,0,0,STAT,60,LAT,LON,W,CRC
08/30/26 14:22:11,15.20,130.48,14.97,15.23,9.12,433.91,13.50,72.20,1011.00,7.25,12.12,12.62,170.60,1.41,1,13.24,31.87,82.94,1,0,9,0,0,STAT,60,LAT,LON,W,CRC
08/30/26 14:23:13,15.20,128.47,15.08,15.66,9.01,433.97,13.50,72.60,1011.00,6.71,11.74,12.80,192.70,1.11,1,13.24,36.13,78.65,1,0,10,0,0,STAT,60,LAT,LON,W,CRC
08/30/26 14:24:11,15.20,131.12,14.74,15.56,9.15,434.53,13.50,72.30,1011.00,6.73,12.24,13.05,204.80,0.82,1,13.24,39.41,79.21,1,0,9,0,0,STAT,60,LAT,LON,W,CRC
08/30/26 14:25:13,15.20,131.97,14.47,15.66,7.94,434.83,13.50,72.70,1011.00,7.03,13.39,14.16,221.70,0.38,1,13.24,42.54,79.68,1,0,10,0,0,STAT,60,LAT,LON,W,CRC
08/30/26 14:26:10,15.20,130.04,14.41,15.72,7.75,434.94,13.50,72.80,1011.00,7.24,13.72,14.42,269.10,0.37,1,13.24,44.34,78.54,1,0,9,0,0,STAT,60,LAT,LON,W,CRC
08/30/26 14:27:12,15.20,130.93,14.91,14.69,7.82,434.98,13.50,72.70,1012.00,8.20,16.20,17.24,225.70,0.51,1,13.24,46.86,77.98,1,0,10,0,0,STAT,60,LAT,LON,W,CRC
08/30/26 14:28:10,15.20,131.99,15.48,14.97,8.62,434.99,13.60,72.80,1012.00,8.38,15.38,16.65,218.60,0.31,1,13.24,47.91,80.35,1,0,9,-1,0,STAT,60,LAT,LON,W,CRC
08/30/26 14:29:12,15.20,133.44,13.98,15.41,7.72,435.00,13.60,72.70,1012.00,8.14,15.05,15.94,248.20,0.31,1,13.24,48.25,76.45,1,0,10,0,0,STAT,60,LAT,LON,W,CRC
08/30/26 14:30:09,15.20,135.77,14.21,14.44,8.68,435.00,13.60,72.40,1012.00,9.36,16.17,16.83,173.60,0.32,1,13.24,48.47,79.87,1,0,10,0,0,STAT,60,LAT,LON,W,CRC
08/30/26 14:31:10,15.20,137.18,14.75,14.01,9.00,435.00,13.60,72.50,1012.00,9.77,17.36,18.68,184.50,0.20,1,13.24,48.51,76.60,1,0,10,0,0,STAT,60,LAT,LON,W,CRC
08/30/26 14:32:15,15.20,135.68,15.59,14.51,8.92,435.00,13.60,72.20,1012.00,9.70,17.21,18.72,197.50,0.42,1,13.24,47.10,84.24,1,0,9,0,0,STAT,60,LAT,LON,W,CRC
08/30/26 14:33:12,15.20,138.25,14.17,14.64,9.11,435.00,13.60,72.20,1012.00,9.78,17.22,18.61,213.60,0.44,1,13.24,44.90,78.99,1,0,10,0,0,STAT,60,LAT,LON,W,CRC
08/30/26 14:34:14,15.20,135.76,15.37,14.76,7.56,435.65,13.60,72.20,1012.00,9.59,16.24,17.28,220.90,0.42,1,13.24,42.90,76.01,1,0,9,-1,0,STAT,60,LAT,LON,W,CRC
08/30/26 14:35:11,15.20,135.68,15.34,14.53,8.22,435.86,13.60,72.10,1012.00,9.90,18.63,19.49,162.90,0.69,1,13.24,42.24,79.55,1,0,9,0,0,STAT,60,LAT,LON,W,CRC
08/30/26 14:36:13,15.20,139.00,14.45,15.13,8.29,435.78,13.60,72.00,1012.00,9.98,18.13,19.16,207.50,0.49,1,13.24,42.02,79.12,1,0,10,0,0,STAT,60,LAT,LON,W,CRC
08/30/26 14:37:11,15.20,136.64,14.65,15.20,7.81,435.87,13.70,72.30,1012.00,9.25,18.31,19.00,174.10,0.22,1,13.24,41.96,77.40,1,0,10,0,0,STAT,60,LAT,LON,W,CRC
08/30/26 14:38:15,15.20,138.39,14.06,14.59,8.86,435.56,13.70,72.20,1012.00,9.23,18.02,19.13,179.30,0.32,1,13.24,41.94,75.03,1,0,10,0,0,STAT,60,LAT,LON,W,CRC
08/30/26 14:39:13,15.20,135.26,14.50,15.01,8.10,435.21,13.70,71.90,1012.00,8.83,18.54,20.15,168.30,0.32,1,13.24,41.94,82.16,1,0,10,0,0,STAT,60,LAT,LON,W,CRC
08/30/26 14:40:15,15.20,137.34,15.09,13.99,8.84,435.08,13.70,72.30,1012.00,8.66,16.11,16.82,109.50,0.21,1,13.24,40.42,78.93,1,0,10,0,0,STAT,60,LAT,LON,W,CRC
08/30/26 14:41:12,15.20,137.71,15.34,13.82,8.89,435.03,13.70,71.80,1012.00,8.74,16.68,17.45,185.60,0.37,1,13.24,39.25,74.79,1,0,10,0,0,STAT,60,LAT,LON,W,CRC
08/30/26 14:42:15,15.20,139.65,15.07,15.12,8.26,435.01,13.70,71.90,1012.00,8.31,15.56,16.32,187.90,0.47,1,13.24,38.86,77.07,1,0,10,0,0,STAT,60,LAT,LON,W,CRC
08/30/26 14:43:12,15.20,136.65,15.32,14.95,8.42,435.00,13.70,71.80,1012.00,8.29,14.58,15.38,176.90,0.56,1,13.24,38.76,81.94,1,0,9,0,0,STAT,60,LAT,LON,W,CRC
08/30/26 14:44:14,15.20,138.83,14.29,15.13,8.03,435.00,13.70,71.80,1012.00,8.38,15.11,16.74,163.90,0.91,1,13.24,36.93,78.17,1,0,11,0,0,STAT,60,LAT,LON,W,CRC
08/30/26 14:45:11,15.20,140.12,15.22,16.87,6.30,435.00,13.70,71.90,1012.00,7.97,15.55,16.95,159.40,0.71,1,13.24,35.94,77.23,1,0,10,0,0,STAT,60,LAT,LON,W,CRC
08/30/26 14:46:14,15.20,137.14,15.37,15.48,8.07,435.00,13.70,71.80,1012.00,8.45,16.27,17.00,152.10,0.91,1,13.24,35.61,80.07,1,0,10,0,0,STAT,60,LAT,LON,W,CRC
08/30/26 14:47:11,15.20,140.58,15.55,15.83,7.31,435.00,13.70,71.90,1012.00,8.85,15.51,16.53,177.30,0.52,1,13.24,35.52,80.51,1,0,9,0,0,STAT,60,LAT,LON,W,CRC
08/30/26 14:48:13,15.20,140.12,15.45,16.60,6.30,435.00,13.70,71.80,1012.00,8.23,15.05,15.63,172.50,0.94,1,13.24,35.50,79.42,1,0,8,0,-1,STAT,60,LAT,LON,W,CRC
08/30/26 14:49:11,15.20,141.37,15.47,15.77,7.43,435.00,13.60,71.80,1012.00,8.28,13.59,13.79,127.80,0.79,1,13.24,36.09,76.76,1,0,9,0,-1,STAT,60,LAT,LON,W,CRC
08/30/26 14:50:13,15.20,138.95,15.51,16.00,7.04,435.00,13.70,71.70,1012.00,7.70,13.42,13.81,149.30,0.50,1,13.24,35.65,73.74,1,0,9,0,0,STAT,60,LAT,LON,W,CRC
08/30/26 14:51:15,15.20,134.26,15.25,14.28,8.78,435.00,13.70,71.70,1012.00,7.86,13.19,13.55,149.90,0.24,1,13.24,35.53,73.75,1,0,9,0,0,STAT,60,LAT,LON,W,CRC
08/30/26 14:52:12,15.20,137.22,14.06,15.84,8.00,435.00,13.70,71.50,1012.00,7.88,12.97,13.25,127.80,0.62,1,13.24,35.50,76.91,1,0,10,0,0,STAT,60,LAT,LON,W,CRC
08/30/26 14:53:17,15.20,135.88,15.85,14.57,8.64,435.00,13.70,71.50,1012.00,7.47,12.55,13.12,185.90,0.51,1,13.24,36.98,83.02,1,0,9,0,0,STAT,60,LAT,LON,W,CRC
08/30/26 14:54:14,15.20,136.46,13.69,14.80,8.57,435.00,13.70,71.40,1012.00,7.55,13.04,13.80,148.60,0.74,1,13.24,38.17,81.35,1,0,10,0,0,STAT,60,LAT,LON,W,CRC
08/30/26 14:55:16,15.20,136.20,14.80,16.22,7.22,435.00,13.70,71.60,1012.00,7.41,12.71,13.29,160.90,0.70,1,13.24,41.09,80.87,1,0,9,0,0,STAT,60,LAT,LON,W,CRC
08/30/26 14:56:12,15.20,136.65,15.72,15.37,7.00,435.00,13.70,71.70,1012.00,7.16,12.89,13.75,186.30,0.35,1,13.24,44.99,80.53,1,0,9,0,0,STAT,60,LAT,LON,W,CRC
08/30/26 14:57:15,15.20,134.15,14.44,15.50,6.89,435.00,13.70,71.20,1012.00,6.57,11.80,12.19,203.20,0.52,1,13.24,50.64,80.06,1,0,11,0,0,STAT,60,LAT,LON,W,CRC
08/30/26 14:58:17,15.20,131.84,14.88,15.19,7.62,435.00,13.80,71.30,1012.00,6.23,10.62,11.13,209.60,0.18,1,13.24,58.25,80.54,1,0,10,0,0,STAT,60,LAT,LON,W,CRC
08/30/26 14:59:14,15.20,131.32,15.71,15.25,7.20,435.00,13.80,71.30,1012.00,6.34,9.93,10.34,134.60,0.38,1,13.24,65.97,80.74,1,0,9,0,0,STAT,60,LAT,LON,W,CRC
08/30/26 15:00:16,15.20,130.33,15.32,15.21,6.47,435.00,13.80,71.60,1012.00,6.40,10.44,10.98,329.70,0.30,1,13.24,74.80,79.64,1,0,9,0,0,STAT,60,LAT,LON,W,CRC
08/30/26 15:01:13,15.21,130.79,15.50,15.29,6.90,435.00,13.80,71.30,1012.00,6.00,10.48,10.82,219.40,0.28,1,13.24,84.64,77.95,1,0,9,0,0,STAT,60,LAT,LON,W,CRC
08/30/26 15:02:15,15.23,133.64,14.66,15.64,7.15,435.00,13.80,71.30,1012.00,5.36,9.29,9.41,209.30,0.61,1,13.24,97.88,82.33,1,0,10,0,0,STAT,60,LAT,LON,W,CRC
08/30/26 15:03:16,15.25,130.57,13.60,15.89,6.93,434.65,13.80,71.20,1012.00,5.37,9.40,10.32,219.00,0.43,1,13.27,110.45,78.89,1,0,10,0,0,STAT,60,LAT,LON,W,CRC
08/30/26 15:04:13,15.26,127.98,13.56,15.37,7.20,434.25,13.80,71.50,1012.00,5.05,9.23,9.85,265.20,0.29,1,13.27,122.80,77.19,1,0,10,0,0,STAT,60,LAT,LON,W,CRC
08/30/26 15:05:14,15.27,127.12,15.91,15.74,6.48,434.09,13.80,71.40,1012.00,5.00,8.90,9.59,323.00,0.24,1,13.27,140.29,74.26,1,0,9,0,0,STAT,60,LAT,LON,W,CRC
08/30/26 15:06:12,15.27,129.21,15.45,15.85,7.27,434.03,13.80,71.10,1012.00,5.21,9.07,9.74,140.80,0.47,1,13.27,161.11,80.07,1,0,9,0,0,STAT,60,LAT,LON,W,CRC
08/30/26 15:07:14,15.28,125.89,15.15,15.54,7.99,434.01,13.90,71.20,1012.00,4.89,9.81,10.32,150.30,0.53,1,13.27,187.38,77.85,1,0,10,-1,0,STAT,60,LAT,LON,W,CRC
08/30/26 15:08:11,15.29,127.33,14.67,15.43,7.99,434.20,13.90,71.20,1012.00,5.15,9.12,9.29,154.00,0.67,1,13.31,209.57,79.83,1,0,12,0,0,STAT,60,LAT,LON,W,CRC
08/30/26 15:09:13,15.29,126.38,14.96,14.62,8.68,434.07,14.00,71.50,1012.00,4.86,8.35,8.77,125.50,0.32,1,13.31,229.29,75.51,1,0,11,0,0,STAT,60,LAT,LON,W,CRC
08/30/26 15:10:16,15.30,128.87,15.42,14.90,7.43,434.35,14.00,71.30,1012.00,4.86,7.57,7.73,145.20,0.14,1,13.31,242.36,74.19,1,0,11,-1,0,STAT,60,LAT,LON,W,CRC
08/30/26 15:11:13,15.30,128.03,14.24,15.06,6.62,434.29,14.00,71.00,1012.00,4.75,8.55,8.71,177.40,0.30,1,13.31,245.88,78.00,1,0,10,-1,-1,STAT,60,LAT,LON,W,CRC
08/30/26 15:12:15,15.30,129.57,14.12,15.51,6.60,434.75,14.00,70.90,1012.00,4.48,8.37,8.46,136.30,0.83,1,13.31,240.38,82.22,1,0,12,0,-1,STAT,60,LAT,LON,W,CRC
08/30/26 15:13:13,15.30,131.56,14.30,15.67,7.43,434.90,14.00,71.00,1012.00,4.99,8.08,8.11,155.90,0.77,1,13.31,230.30,78.53,1,0,11,0,-1,STAT,60,LAT,LON,W,CRC
08/30/26 15:14:16,15.34,132.08,15.10,15.70,6.39,434.97,14.00,71.00,1012.00,4.76,8.31,8.45,189.60,0.92,1,13.31,220.42,74.03,1,0,10,0,-1,STAT,60,LAT,LON,W,CRC
08/30/26 15:15:18,15.37,127.24,14.97,16.34,5.42,434.99,14.00,70.40,1012.00,3.83,6.55,6.77,230.00,0.50,1,13.34,213.38,73.57,1,0,10,0,-1,STAT,60,LAT,LON,W,CRC
08/30/26 15:16:14,15.38,126.50,14.19,15.60,5.88,435.00,14.10,70.30,1012.00,3.85,6.96,7.96,249.20,0.24,1,13.31,211.16,73.04,1,0,11,0,-1,STAT,60,LAT,LON,W,CRC
08/30/26 15:17:16,15.39,124.56,14.38,15.06,6.61,435.00,14.10,70.30,1012.00,4.61,7.13,7.65,207.30,0.17,1,13.34,214.24,72.83,1,0,12,-1,-1,STAT,60,LAT,LON,W,CRC
08/30/26 15:18:18,15.39,128.46,14.25,15.93,6.10,435.00,14.10,70.50,1012.00,4.85,7.02,7.37,195.60,0.13,1,13.34,220.62,75.27,1,0,10,0,-2,STAT,60,LAT,LON,W,CRC
08/30/26 15:19:16,15.39,128.08,13.52,15.46,6.56,435.00,14.10,70.50,1012.00,4.46,6.99,7.11,203.80,0.40,1,13.34,226.00,83.27,1,0,11,-2,-1,STAT,60,LAT,LON,W,CRC
08/30/26 15:20:14,15.40,130.20,14.39,14.60,7.54,435.00,14.20,70.60,1012.00,4.52,7.00,7.50,214.60,0.34,1,13.34,231.17,76.01,1,0,12,-1,-1,STAT,60,LAT,LON,W,CRC
08/30/26 15:21:16,15.44,128.85,14.61,14.76,6.68,435.00,14.20,71.20,1012.00,4.34,7.02,7.19,14.20,0.25,1,13.34,236.10,76.21,1,0,11,0,-1,STAT,60,LAT,LON,W,CRC
08/30/26 15:22:17,15.47,130.60,15.53,14.66,7.40,435.00,14.20,69.90,1012.00,3.97,6.17,6.41,131.20,0.26,1,13.34,241.06,74.66,1,0,10,-1,-1,STAT,60,LAT,LON,W,CRC
08/30/26 15:23:14,15.48,125.54,15.17,13.66,7.88,435.00,14.20,70.30,1012.00,3.55,5.79,5.96,280.60,0.17,1,13.34,244.16,76.05,1,0,10,-1,-1,STAT,60,LAT,LON,W,CRC
08/30/26 15:24:17,15.49,127.28,14.75,15.72,6.07,434.61,14.20,70.60,1012.00,3.71,5.69,5.75,320.30,0.72,1,13.34,246.49,73.30,1,0,10,0,-1,STAT,60,LAT,LON,W,CRC
08/30/26 15:25:19,15.49,129.12,15.73,14.24,7.74,434.33,14.20,69.90,1012.00,3.72,6.12,6.15,274.10,0.33,1,13.34,248.73,72.46,1,0,10,-1,-1,STAT,60,LAT,LON,W,CRC
08/30/26 15:26:17,15.49,130.23,14.87,14.19,7.90,434.13,14.20,69.80,1012.00,3.94,6.12,6.37,165.90,0.55,1,13.34,252.03,74.73,1,0,11,0,-2,STAT,60,LAT,LON,W,CRC
08/30/26 15:27:19,15.53,126.40,15.55,14.78,7.89,434.04,14.20,70.00,1012.00,3.60,6.00,6.32,152.10,0.42,1,13.38,255.73,73.44,1,0,10,-1,-1,STAT,60,LAT,LON,W,CRC
08/30/26 15:28:20,15.56,119.89,14.43,16.10,5.91,434.02,14.30,70.10,1012.00,3.32,5.75,5.86,185.30,0.15,1,13.38,256.10,72.76,1,0,13,0,-1,STAT,60,LAT,LON,W,CRC
08/30/26 15:29:17,15.58,125.95,16.28,16.05,6.90,433.87,14.30,69.60,1012.00,3.55,6.22,6.38,180.30,0.71,1,13.38,251.81,76.81,1,0,10,0,-1,STAT,60,LAT,LON,W,CRC
08/30/26 15:30:18,15.59,125.59,12.02,15.63,7.61,433.81,14.40,70.70,1012.00,3.85,7.22,7.40,15.00,0.24,1,13.38,243.92,78.73,1,0,13,-1,0,STAT,60,LAT,LON,W,CRC
08/30/26 15:31:16,15.59,128.52,13.64,15.21,7.48,433.93,14.40,71.10,1012.00,3.42,6.67,6.81,314.20,0.07,1,13.38,234.67,79.75,1,0,12,0,-1,STAT,60,LAT,LON,W,CRC
08/30/26 15:32:19,15.60,128.00,15.01,14.84,6.45,433.97,14.40,69.80,1012.00,3.62,6.33,6.82,162.20,0.27,1,13.38,226.47,75.22,1,0,12,0,-1,STAT,60,LAT,LON,W,CRC
08/30/26 15:33:16,15.64,130.25,14.12,15.17,6.11,433.70,14.40,69.30,1012.00,3.52,5.94,6.15,182.90,0.67,1,13.38,222.89,75.06,1,0,12,-1,0,STAT,60,LAT,LON,W,CRC
08/30/26 15:34:19,15.67,129.01,14.49,15.04,6.40,433.25,14.30,69.70,1012.00,3.60,6.32,6.40,121.60,0.40,1,13.38,226.44,82.63,1,0,11,0,0,STAT,60,LAT,LON,W,CRC
08/30/26 15:35:16,15.68,128.29,14.91,14.64,7.26,433.64,14.30,69.40,1012.00,3.51,6.03,6.59,123.20,1.08,1,13.38,236.73,75.99,1,0,11,0,0,STAT,60,LAT,LON,W,CRC
08/30/26 15:36:19,15.69,126.03,14.95,14.07,7.39,433.64,14.30,68.90,1012.00,3.12,5.70,6.27,136.70,0.92,1,13.38,251.23,73.10,1,0,12,0,-1,STAT,60,LAT,LON,W,CRC
08/30/26 15:37:15,15.69,124.43,16.42,14.76,6.51,433.25,14.30,69.00,1012.00,3.01,4.81,5.02,125.20,0.40,1,13.38,262.90,71.79,1,0,11,0,-1,STAT,60,LAT,LON,W,CRC
08/30/26 15:38:18,15.69,122.11,14.74,13.67,9.33,433.09,14.30,68.90,1012.00,3.02,4.72,4.80,138.80,0.87,1,13.38,270.67,72.02,1,0,11,-1,0,STAT,60,LAT,LON,W,CRC
08/30/26 15:39:17,15.73,123.49,14.32,13.18,9.51,433.03,14.30,69.30,1012.00,3.41,4.88,5.00,132.40,0.16,1,13.38,271.61,75.07,1,0,12,-1,0,STAT,60,LAT,LON,W,CRC
08/30/26 15:40:19,15.76,124.01,13.93,14.72,8.27,433.01,14.40,69.40,1012.00,2.89,5.00,5.04,134.80,0.38,1,13.38,267.83,76.03,1,0,11,0,0,STAT,60,LAT,LON,W,CRC
08/30/26 15:41:21,15.78,125.87,14.53,13.61,8.97,432.80,14.40,68.80,1012.00,3.28,5.71,6.16,201.50,0.44,1,13.38,260.94,81.70,1,0,11,0,0,STAT,60,LAT,LON,W,CRC
08/30/26 15:42:18,15.78,123.50,16.02,14.10,8.07,432.31,14.40,69.10,1012.00,3.04,5.19,5.50,112.40,0.43,1,13.38,252.53,81.68,1,0,11,0,-1,STAT,60,LAT,LON,W,CRC
08/30/26 15:43:20,15.79,124.81,14.63,14.21,7.79,432.11,14.40,68.60,1012.00,3.21,4.89,5.09,181.30,0.77,1,13.38,242.03,79.02,1,0,12,-1,-1,STAT,60,LAT,LON,W,CRC
08/30/26 15:44:17,15.79,120.39,14.70,14.35,7.90,432.04,14.40,69.20,1012.00,2.98,4.54,4.76,145.80,0.29,1,13.38,232.24,79.93,1,0,11,-1,0,STAT,60,LAT,LON,W,CRC
08/30/26 15:45:19,15.79,120.03,13.90,15.75,5.86,432.31,14.50,70.00,1012.00,2.44,3.99,4.28,220.60,0.18,1,13.38,229.31,82.42,1,0,12,-1,0,STAT,60,LAT,LON,W,CRC
08/30/26 15:46:21,15.79,121.90,13.80,13.72,7.32,432.76,14.50,69.00,1012.00,2.71,4.33,4.66,166.80,0.39,1,13.38,231.95,87.71,1,0,12,-1,0,STAT,60,LAT,LON,W,CRC
08/30/26 15:47:17,15.83,122.91,13.29,14.98,6.29,432.91,14.40,68.80,1012.00,3.09,4.73,5.25,162.60,0.70,1,13.38,239.88,83.59,1,0,12,0,-1,STAT,60,LAT,LON,W,CRC
08/30/26 15:48:20,15.86,124.04,14.07,14.47,6.96,432.88,14.50,68.70,1012.00,3.81,6.08,6.26,175.00,0.62,1,13.38,252.74,83.25,1,0,11,0,-1,STAT,60,LAT,LON,W,CRC
08/30/26 15:49:17,15.88,122.48,14.49,14.49,6.97,432.50,14.40,68.90,1012.00,3.27,5.09,5.26,140.60,0.28,1,13.38,266.33,80.07,1,0,12,-1,0,STAT,60,LAT,LON,W,CRC
08/30/26 15:50:18,15.88,121.26,15.20,14.44,7.57,432.18,14.50,68.90,1012.00,3.41,5.17,5.38,176.90,0.75,1,13.38,280.46,78.74,1,0,12,-1,-1,STAT,60,LAT,LON,W,CRC
08/30/26 15:51:20,15.88,119.55,13.71,13.64,8.36,432.06,14.50,68.90,1012.00,3.22,5.55,5.68,175.70,0.65,1,13.38,294.43,81.02,1,0,12,-1,0,STAT,60,LAT,LON,W,CRC
08/30/26 15:52:17,15.88,121.92,13.36,14.54,8.47,432.02,14.50,69.40,1012.00,3.09,4.53,5.04,164.50,0.84,1,13.41,308.27,80.20,1,0,12,-1,0,STAT,60,LAT,LON,W,CRC
08/30/26 15:53:22,15.89,121.92,14.73,14.39,8.58,432.01,14.40,68.80,1012.00,3.12,4.63,5.38,162.50,0.98,1,13.41,324.41,77.37,1,0,12,-1,0,STAT,60,LAT,LON,W,CRC
08/30/26 15:54:19,15.89,121.42,14.72,14.64,8.19,431.50,14.50,69.00,1012.00,2.79,4.28,4.78,160.50,0.78,1,13.41,333.98,74.27,1,0,11,-1,0,STAT,60,LAT,LON,W,CRC
08/30/26 15:55:21,15.92,118.17,14.62,13.80,8.19,431.18,14.50,69.30,1012.00,2.86,4.43,4.73,170.80,0.08,1,13.41,336.27,79.17,1,0,12,0,0,STAT,60,LAT,LON,W,CRC
08/30/26 15:56:18,15.95,117.37,14.20,14.73,6.54,431.40,14.60,69.60,1012.00,2.87,4.93,5.11,130.70,0.15,1,13.41,336.05,79.48,1,0,12,-1,-1,STAT,60,LAT,LON,W,CRC
08/30/26 15:57:20,15.97,122.01,14.50,13.69,8.18,431.79,14.70,69.50,1012.00,2.56,4.64,5.01,104.80,0.27,1,13.41,341.87,80.68,1,0,12,-2,-1,STAT,60,LAT,LON,W,CRC
08/30/26 15:58:22,15.98,124.87,12.30,14.64,7.51,431.93,14.70,68.80,1012.00,3.14,4.94,5.07,152.80,0.74,1,13.41,357.29,76.30,1,0,14,-1,-1,STAT,60,LAT,LON,W,CRC
08/30/26 15:59:21,15.98,124.93,13.48,14.21,7.66,431.97,14.60,68.90,1012.00,3.01,4.70,4.74,184.60,0.35,1,13.41,376.32,78.53,1,0,13,-1,-1,STAT,60,LAT,LON,W,CRC
08/30/26 16:00:23,15.98,124.47,15.59,14.85,7.06,431.99,14.70,69.00,1012.00,2.76,4.24,4.26,171.20,0.79,1,13.45,392.10,74.99,1,0,12,-1,-1,STAT,60,LAT,LON,W,CRC
08/30/26 16:01:19,16.01,121.35,15.76,14.59,7.42,432.00,14.70,68.40,1012.00,2.33,3.90,3.91,182.00,1.06,1,13.45,397.73,78.87,1,0,12,-1,-1,STAT,60,LAT,LON,W,CRC
08/30/26 16:02:21,16.05,121.69,15.20,15.07,7.20,432.00,14.70,68.50,1012.00,2.60,4.42,4.53,171.50,0.82,1,13.45,397.73,80.13,1,0,12,0,-1,STAT,60,LAT,LON,W,CRC
08/30/26 16:03:23,16.07,120.62,14.67,14.21,7.24,432.00,14.70,68.30,1012.00,2.56,4.54,4.57,174.60,0.72,1,13.45,398.13,80.13,1,0,13,0,-1,STAT,60,LAT,LON,W,CRC
08/30/26 16:04:21,16.08,120.30,14.34,14.67,7.89,432.00,14.70,68.50,1012.00,2.80,4.92,4.93,168.90,0.58,1,13.45,402.26,80.46,1,0,12,0,-1,STAT,60,LAT,LON,W,CRC
08/30/26 16:05:23,16.08,118.00,15.15,13.79,7.74,432.57,14.70,68.40,1012.00,3.00,4.80,4.99,167.90,0.42,1,13.45,408.35,78.63,1,0,12,0,-1,STAT,60,LAT,LON,W,CRC
08/30/26 16:06:20,16.08,116.07,15.63,14.63,7.45,432.84,14.80,68.90,1012.00,2.54,3.77,3.97,125.20,0.56,1,13.45,410.86,79.19,1,0,12,-1,-1,STAT,60,LAT,LON,W,CRC
08/30/26 16:07:22,16.09,121.21,17.02,14.06,7.47,432.94,14.70,67.80,1012.00,2.61,3.99,4.29,155.30,1.18,1,13.45,407.72,73.75,1,0,10,-1,-1,STAT,60,LAT,LON,W,CRC
08/30/26 16:08:24,16.13,119.66,16.27,14.21,7.95,432.98,14.70,68.10,1012.00,3.31,4.56,4.67,173.40,0.96,1,13.45,399.79,76.14,1,0,11,0,0,STAT,60,LAT,LON,W,CRC
08/30/26 16:09:21,16.15,117.43,16.24,15.17,6.91,432.99,14.80,68.30,1012.00,2.75,4.29,4.89,181.80,0.81,1,13.45,392.92,73.43,1,0,12,0,-1,STAT,60,LAT,LON,W,CRC
08/30/26 16:10:23,16.17,118.21,15.53,15.34,6.85,433.00,14.70,68.30,1012.00,2.76,4.01,4.35,306.70,0.36,1,13.45,392.70,76.30,1,0,12,0,-1,STAT,60,LAT,LON,W,CRC
08/30/26 16:11:25,16.18,116.09,13.29,15.01,6.37,433.00,14.80,68.60,1012.00,2.66,3.72,3.84,207.10,0.12,1,13.45,406.27,79.55,1,0,13,0,-1,STAT,60,LAT,LON,W,CRC
08/30/26 16:12:21,16.18,117.35,15.01,14.66,7.27,433.00,14.80,68.30,1012.00,2.16,3.22,3.57,164.20,0.56,1,13.45,427.77,79.72,1,0,13,-1,-1,STAT,60,LAT,LON,W,CRC
08/30/26 16:13:24,16.18,116.64,16.20,14.22,7.67,433.00,14.80,68.00,1012.00,2.28,3.95,4.07,183.80,0.47,1,13.45,446.50,77.43,1,0,12,0,-1,STAT,60,LAT,LON,W,CRC
08/30/26 16:14:21,16.20,118.05,16.05,14.86,7.21,433.00,14.80,68.00,1012.00,2.30,3.66,3.70,216.80,0.64,1,13.45,446.43,73.76,1,0,11,-1,-1,STAT,60,LAT,LON,W,CRC
08/30/26 16:15:23,16.25,119.94,15.31,15.21,5.97,433.00,14.90,68.40,1012.00,2.35,3.82,4.12,269.60,0.26,1,13.45,430.71,79.50,1,0,12,0,-1,STAT,60,LAT,LON,W,CRC
08/30/26 16:16:25,16.27,118.34,13.76,13.70,8.30,433.00,15.00,68.00,1012.00,2.58,4.19,4.60,259.30,0.09,1,13.45,414.54,79.99,1,0,14,-2,-1,STAT,60,LAT,LON,W,CRC
08/30/26 16:17:22,16.27,121.18,15.49,14.15,7.39,432.58,15.00,67.90,1012.00,2.51,4.13,4.63,159.90,0.48,1,13.45,409.61,74.43,1,0,12,-1,-1,STAT,60,LAT,LON,W,CRC
08/30/26 16:18:25,16.28,118.63,16.26,13.45,8.11,432.20,15.00,67.80,1012.00,2.45,3.95,4.57,153.80,0.16,1,13.45,412.96,73.24,1,0,12,-1,-1,STAT,60,LAT,LON,W,CRC
08/30/26 16:19:20,16.30,113.96,15.74,14.89,6.14,431.85,15.00,67.70,1012.00,2.65,3.93,4.14,130.60,0.32,1,13.41,414.26,78.20,1,0,12,0,-1,STAT,60,LAT,LON,W,CRC
08/30/26 16:20:23,16.34,118.74,15.90,14.62,6.11,431.30,15.00,67.50,1012.00,2.48,4.00,4.08,193.50,0.88,1,13.45,401.28,78.37,1,0,12,0,-1,STAT,60,LAT,LON,W,CRC
08/30/26 16:21:20,16.36,120.90,15.88,14.61,7.29,431.11,15.00,67.60,1012.00,2.41,3.68,3.80,210.40,0.79,1,13.45,384.68,76.29,1,0,12,0,-1,STAT,60,LAT,LON,W,CRC
08/30/26 16:22:23,16.37,118.48,16.03,13.26,8.52,431.04,15.00,67.60,1012.00,2.41,3.75,3.92,173.60,0.55,1,13.41,375.55,80.46,1,0,12,0,0,STAT,60,LAT,LON,W,CRC
08/30/26 16:23:20,16.37,118.55,14.68,13.81,7.17,431.02,15.00,67.50,1012.00,2.36,3.80,4.03,165.10,0.66,1,13.45,377.07,78.89,1,0,13,-1,-1,STAT,60,LAT,LON,W,CRC
08/30/26 16:24:21,16.40,117.59,12.43,15.06,6.71,431.01,15.00,67.60,1012.00,2.18,4.07,4.49,165.00,0.74,1,13.45,385.47,77.69,1,0,14,0,-1,STAT,60,LAT,LON,W,CRC
08/30/26 16:25:23,16.44,113.70,17.44,14.21,6.71,431.00,15.00,67.60,1012.00,2.37,4.01,4.16,158.50,0.52,1,13.45,399.66,80.04,1,0,10,0,-1,STAT,60,LAT,LON,W,CRC
08/30/26 16:26:23,16.46,112.78,15.76,13.82,8.00,431.00,15.00,67.60,1012.00,2.34,3.90,4.10,140.30,0.67,1,13.45,417.41,80.71,1,0,12,0,-1,STAT,60,LAT,LON,W,CRC
08/30/26 16:27:25,16.47,111.42,15.81,13.82,8.07,431.22,15.00,68.40,1012.00,2.51,3.73,3.99,113.90,0.31,1,13.45,437.55,76.58,1,0,12,0,-1,STAT,60,LAT,LON,W,CRC
08/30/26 16:28:22,16.47,112.97,16.17,14.59,7.69,431.09,15.10,68.60,1012.00,1.99,3.11,3.20,106.00,0.28,1,13.45,452.92,78.05,1,0,12,-1,-1,STAT,60,LAT,LON,W,CRC
08/30/26 16:29:24,16.47,119.27,15.99,13.50,8.84,431.03,15.10,67.40,1012.00,2.67,3.75,3.95,205.70,0.71,1,13.45,467.49,79.31,1,0,12,-1,-1,STAT,60,LAT,LON,W,CRC
08/30/26 16:30:27,16.51,120.13,14.53,13.85,8.50,431.01,15.10,67.80,1012.00,2.48,3.63,3.72,224.00,0.30,1,13.45,479.38,78.88,1,0,13,0,0,STAT,60,LAT,LON,W,CRC
08/30/26 16:31:23,16.54,117.90,15.16,14.63,6.88,431.46,15.10,68.00,1012.00,2.06,3.10,3.18,346.10,0.61,1,13.45,485.82,75.54,1,0,13,-1,-1,STAT,60,LAT,LON,W,CRC
08/30/26 16:32:25,16.56,119.39,15.98,13.65,7.48,431.81,15.10,67.70,1012.00,1.93,3.40,3.45,192.60,0.32,1,13.45,482.57,73.00,1,0,12,0,-1,STAT,60,LAT,LON,W,CRC
08/30/26 16:33:22,16.57,121.09,16.84,14.34,7.29,431.93,15.20,67.40,1012.00,2.48,3.84,3.86,204.40,0.96,1,13.45,471.44,75.63,1,0,11,-1,-1,STAT,60,LAT,LON,W,CRC
08/30/26 16:34:24,16.57,120.17,17.00,14.67,6.45,431.57,15.20,67.60,1012.00,2.38,3.30,3.60,211.20,0.55,1,13.45,456.12,73.13,1,0,11,0,-1,STAT,60,LAT,LON,W,CRC
08/30/26 16:35:26,16.58,118.55,15.97,13.32,6.70,431.20,15.30,67.70,1012.00,2.40,3.92,4.26,215.70,0.30,1,13.45,442.17,76.98,1,0,11,0,-1,STAT,60,LAT,LON,W,CRC
08/30/26 16:36:23,16.63,121.12,15.07,13.04,6.93,431.08,15.20,67.80,1012.00,2.42,4.16,4.32,306.90,0.59,1,13.45,431.89,80.84,1,0,14,-1,-2,STAT,60,LAT,LON,W,CRC
08/30/26 16:37:26,16.66,120.98,15.12,12.81,8.19,431.03,15.20,67.50,1012.00,2.43,4.25,4.51,152.80,0.36,1,13.45,420.12,77.56,1,0,13,-1,-2,STAT,60,LAT,LON,W,CRC
08/30/26 16:38:28,16.67,117.32,14.45,14.01,7.36,431.01,15.20,67.70,1012.00,2.08,4.28,4.37,141.40,0.30,1,13.45,410.79,76.81,1,0,13,0,-1,STAT,60,LAT,LON,W,CRC
08/30/26 16:39:23,16.67,114.40,16.01,13.06,8.85,431.00,15.30,67.50,1012.00,2.55,3.97,4.00,212.50,1.14,1,13.45,409.24,83.67,1,0,13,-1,-1,STAT,60,LAT,LON,W,CRC
08/30/26 16:40:24,16.67,124.81,16.35,13.46,8.24,431.16,15.20,67.70,1012.00,2.22,3.42,3.43,217.90,1.05,1,13.45,417.96,76.75,1,0,12,0,-1,STAT,60,LAT,LON,W,CRC
08/30/26 16:41:21,16.70,119.22,14.07,14.85,5.73,431.56,15.30,67.80,1012.00,2.72,4.49,4.49,214.00,0.70,1,13.45,434.37,79.16,1,0,14,0,-1,STAT,60,LAT,LON,W,CRC
08/30/26 16:42:23,16.73,118.10,15.49,13.76,6.86,431.85,15.30,67.80,1012.00,3.16,5.01,5.53,181.00,0.57,1,13.45,461.53,81.75,1,0,13,0,-1,STAT,60,LAT,LON,W,CRC
08/30/26 16:43:25,16.75,118.09,15.58,14.18,7.48,431.95,15.40,67.80,1012.00,2.90,4.66,5.11,212.70,0.21,1,13.45,493.79,79.53,1,0,12,-1,0,STAT,60,LAT,LON,W,CRC
08/30/26 16:44:21,16.76,123.28,16.11,13.86,7.88,431.69,15.40,68.00,1012.00,2.46,4.08,4.41,192.30,0.42,1,13.48,516.93,76.49,1,0,11,-1,-1,STAT,60,LAT,LON,W,CRC
08/30/26 16:45:24,16.77,125.94,15.33,15.55,5.93,431.63,15.30,68.30,1012.00,2.72,3.89,4.01,140.90,0.69,1,13.48,532.95,79.85,1,0,12,0,-1,STAT,60,LAT,LON,W,CRC
08/30/26 16:46:23,16.77,120.86,15.82,14.49,7.29,431.86,15.30,68.80,1012.00,2.94,4.70,4.75,14.40,0.47,1,13.48,543.39,81.45,1,0,12,-1,-1,STAT,60,LAT,LON,W,CRC
08/30/26 16:47:25,16.77,121.15,15.94,15.21,6.34,431.95,15.30,68.60,1012.00,2.89,4.59,4.60,348.90,0.75,1,13.48,555.86,74.65,1,0,12,-1,-1,STAT,60,LAT,LON,W,CRC
08/30/26 16:48:27,16.79,124.00,14.08,15.29,6.42,431.98,15.30,68.60,1012.00,2.61,4.27,4.57,359.00,0.71,1,13.48,569.04,72.80,1,0,14,-1,-1,STAT,60,LAT,LON,W,CRC
08/30/26 16:49:24,16.82,123.41,13.78,14.87,6.81,431.42,15.40,68.40,1012.00,2.27,3.97,4.28,192.60,0.23,1,13.48,576.11,74.49,1,0,15,0,-1,STAT,60,LAT,LON,W,CRC
08/30/26 16:50:27,16.85,131.91,13.59,14.19,7.78,431.15,15.40,67.70,1012.00,2.68,4.53,5.12,206.70,0.79,1,13.48,577.54,72.85,1,0,16,0,-1,STAT,60,LAT,LON,W,CRC
08/30/26 16:51:24,16.86,135.29,14.57,14.39,7.06,431.14,15.40,67.90,1012.00,2.92,4.72,5.20,187.90,0.41,1,13.48,573.58,73.85,1,0,15,0,-1,STAT,60,LAT,LON,W,CRC
08/30/26 16:52:26,16.86,134.04,15.86,15.49,4.73,431.54,15.40,68.00,1012.00,3.31,5.19,5.50,203.50,0.47,1,13.48,563.56,73.56,1,0,14,0,-1,STAT,60,LAT,LON,W,CRC
08/30/26 16:53:25,16.87,132.51,16.26,15.39,5.14,431.78,15.50,68.00,1012.00,3.01,4.42,4.58,239.80,0.39,1,13.48,550.44,75.59,1,0,14,0,-1,STAT,60,LAT,LON,W,CRC
08/30/26 16:54:27,16.90,130.73,16.46,14.95,6.91,431.73,15.40,67.90,1012.00,2.77,4.39,4.65,335.40,0.96,1,13.45,534.71,79.71,1,0,13,-1,-1,STAT,60,LAT,LON,W,CRC
08/30/26 16:55:29,16.93,133.42,17.84,15.08,7.00,431.91,15.30,67.80,1012.00,3.03,4.97,5.06,319.00,0.84,1,13.45,522.39,80.04,1,0,12,0,-1,STAT,60,LAT,LON,W,CRC
08/30/26 16:56:26,16.95,131.92,17.01,15.43,7.19,431.96,15.40,68.00,1012.00,2.97,4.64,4.89,327.60,0.77,1,13.45,518.42,81.41,1,0,14,0,0,STAT,60,LAT,LON,W,CRC
08/30/26 16:57:28,16.96,129.75,15.70,16.38,6.66,431.42,15.50,68.70,1012.00,2.97,4.48,5.13,322.10,0.41,1,13.48,524.78,77.79,1,0,14,0,0,STAT,60,LAT,LON,W,CRC
08/30/26 16:58:25,16.96,129.31,17.51,15.13,7.22,431.39,15.50,67.90,1012.00,2.53,4.18,4.67,269.20,0.27,1,13.45,531.11,81.18,1,0,12,0,0,STAT,60,LAT,LON,W,CRC
08/30/26 16:59:27,16.96,126.85,15.60,14.45,7.33,431.79,15.60,67.90,1012.00,2.84,4.38,4.63,222.00,0.46,1,13.45,544.06,82.35,1,0,13,-1,0,STAT,60,LAT,LON,W,CRC
08/30/26 17:00:28,16.98,129.53,16.03,13.86,7.46,431.92,15.70,67.60,1012.00,2.33,3.58,3.67,241.10,0.26,1,13.48,571.50,80.13,1,0,14,-1,-1,STAT,60,LAT,LON,W,CRC
08/30/26 17:01:25,17.02,127.22,15.12,13.35,7.79,431.97,15.80,67.70,1012.00,2.42,3.64,3.85,302.00,0.11,1,13.48,591.42,80.80,1,0,15,-1,-1,STAT,60,LAT,LON,W,CRC
08/30/26 17:02:27,17.05,132.39,14.08,13.52,7.43,431.99,15.90,67.40,1012.00,2.11,3.41,3.52,230.30,0.15,1,13.48,615.33,81.01,1,0,16,0,-1,STAT,60,LAT,LON,W,CRC
08/30/26 17:03:29,17.06,140.41,14.79,15.26,5.16,432.00,15.80,67.00,1012.00,2.33,3.64,3.92,300.60,0.36,1,13.48,648.01,78.45,1,0,15,0,-1,STAT,60,LAT,LON,W,CRC
08/30/26 17:04:25,17.06,138.01,15.12,14.49,6.97,432.00,15.90,66.60,1012.00,2.55,4.13,4.53,279.90,0.10,1,13.52,683.48,73.90,1,0,16,0,-1,STAT,60,LAT,LON,W,CRC
08/30/26 17:05:27,17.10,130.84,15.68,14.45,6.21,432.35,16.00,66.50,1012.00,2.37,3.96,4.19,294.70,0.05,1,13.52,711.17,74.00,1,0,15,0,-1,STAT,60,LAT,LON,W,CRC
08/30/26 17:06:26,17.14,127.26,16.54,13.49,6.98,432.14,16.00,66.70,1012.00,2.78,3.87,4.17,334.80,0.08,1,13.52,727.65,76.22,1,0,13,0,-1,STAT,60,LAT,LON,W,CRC
08/30/26 17:07:27,17.15,130.05,16.16,13.46,7.67,432.63,16.10,66.80,1012.00,2.45,3.91,4.12,337.10,0.10,1,13.52,732.09,76.05,1,0,14,-2,-1,STAT,60,LAT,LON,W,CRC
08/30/26 17:08:29,17.17,134.42,16.19,13.74,7.22,431.97,16.10,67.20,1012.00,2.32,3.71,3.78,348.00,0.25,1,13.52,739.54,75.36,1,0,14,-1,-2,STAT,60,LAT,LON,W,CRC
08/30/26 17:09:25,17.22,135.30,16.11,13.72,7.93,431.25,16.10,66.70,1012.00,2.45,3.82,4.29,154.50,0.10,1,13.52,740.95,73.12,1,0,14,-1,-1,STAT,60,LAT,LON,W,CRC
08/30/26 17:10:28,17.25,138.31,17.10,14.31,6.74,431.09,16.20,66.00,1012.00,2.67,3.94,4.11,185.20,0.12,1,13.52,758.33,71.60,1,0,14,0,-1,STAT,60,LAT,LON,W,CRC
08/30/26 17:11:30,17.25,140.10,15.54,13.43,8.07,431.03,16.20,66.10,1012.00,2.72,3.84,3.90,103.30,0.08,1,13.52,781.09,73.14,1,0,15,0,-1,STAT,60,LAT,LON,W,CRC
08/30/26 17:12:26,17.30,143.79,17.58,14.35,5.83,431.01,16.20,65.30,1012.00,2.72,3.82,3.84,231.90,0.39,1,13.55,826.48,71.97,1,0,13,0,-1,STAT,60,LAT,LON,W,CRC
08/30/26 17:13:29,17.34,138.79,16.58,14.36,6.30,430.96,16.30,65.50,1012.00,2.61,3.96,4.45,230.50,0.24,1,13.55,816.48,72.59,1,0,14,-1,-1,STAT,60,LAT,LON,W,CRC
08/30/26 17:14:30,17.35,132.86,15.99,14.06,6.41,430.99,16.40,65.40,1012.00,2.46,3.65,3.86,219.40,0.22,1,13.52,794.58,71.53,1,0,15,-1,-1,STAT,60,LAT,LON,W,CRC
08/30/26 17:15:27,17.37,135.82,16.46,13.85,6.68,430.99,16.40,65.10,1012.00,2.37,3.50,3.83,130.10,0.05,1,13.52,744.13,71.43,1,0,16,-1,-2,STAT,60,LAT,LON,W,CRC
08/30/26 17:16:28,17.42,136.10,15.71,13.88,6.55,430.91,16.30,65.10,1012.00,2.60,3.51,3.83,316.20,0.47,1,13.52,672.08,75.66,1,0,15,-1,-1,STAT,60,LAT,LON,W,CRC
08/30/26 17:17:31,17.44,131.76,15.19,13.38,7.30,430.32,16.50,65.20,1012.00,2.29,3.42,3.57,250.70,0.21,1,13.48,608.67,78.44,1,0,15,-1,-1,STAT,60,LAT,LON,W,CRC
08/30/26 17:18:27,17.45,132.12,13.96,14.33,6.19,430.49,16.40,65.90,1012.00,2.48,3.80,3.85,329.70,0.77,1,13.48,571.27,79.66,1,0,16,-1,-1,STAT,60,LAT,LON,W,CRC
08/30/26 17:19:29,17.49,134.55,15.45,13.48,6.37,430.82,16.50,65.20,1012.00,2.80,4.70,4.72,337.10,0.54,1,13.48,544.14,76.62,1,0,16,0,-2,STAT,60,LAT,LON,W,CRC
08/30/26 17:20:30,17.53,133.44,15.87,13.79,5.67,430.50,16.40,65.20,1012.00,2.66,4.56,4.69,330.50,0.64,1,13.48,529.19,77.09,1,0,16,-1,-2,STAT,60,LAT,LON,W,CRC
08/30/26 17:21:26,17.55,133.17,14.01,14.82,4.98,430.19,16.40,66.10,1012.00,2.85,4.38,4.94,345.30,0.35,1,13.48,531.92,74.53,1,0,17,-2,-1,STAT,60,LAT,LON,W,CRC
08/30/26 17:22:29,17.59,130.89,14.14,15.00,4.95,430.65,16.50,66.50,1012.00,2.78,4.42,4.83,326.20,0.31,1,13.48,554.67,73.06,1,0,17,-2,-2,STAT,60,LAT,LON,W,CRC
08/30/26 17:23:30,17.63,135.83,16.25,15.09,4.96,430.88,16.50,64.70,1012.00,2.44,4.33,4.83,314.40,0.44,1,13.48,585.60,73.34,1,0,16,-1,-1,STAT,60,LAT,LON,W,CRC
08/30/26 17:24:26,17.64,138.76,16.51,14.02,5.52,430.95,16.50,64.90,1012.00,2.44,4.35,4.52,349.40,0.86,1,13.52,609.77,75.25,1,0,15,0,-1,STAT,60,LAT,LON,W,CRC
08/30/26 17:25:28,17.69,134.88,16.24,14.37,4.71,430.98,16.40,65.00,1012.00,2.32,4.24,4.29,341.80,0.70,1,13.52,631.88,76.01,1,0,15,-1,-2,STAT,60,LAT,LON,W,CRC
08/30/26 17:26:32,17.73,136.39,16.36,13.85,5.80,430.99,16.30,65.10,1012.00,2.53,3.92,3.94,348.60,1.20,1,13.52,638.15,78.31,1,0,16,-1,-2,STAT,60,LAT,LON,W,CRC
08/30/26 17:27:29,17.74,133.25,14.86,15.04,5.20,431.00,16.20,66.50,1012.00,2.74,4.39,5.02,345.20,1.54,1,13.52,650.14,74.78,1,0,16,-2,-2,STAT,60,LAT,LON,W,CRC
08/30/26 17:28:30,17.78,135.83,15.49,14.60,5.28,430.38,16.20,65.00,1012.00,2.89,4.66,4.96,335.50,1.35,1,13.52,655.27,78.95,1,0,16,0,-1,STAT,60,LAT,LON,W,CRC
08/30/26 17:29:32,17.83,138.17,15.19,13.73,4.89,430.13,16.20,64.60,1012.00,2.72,4.03,4.20,330.60,0.74,1,13.52,631.60,74.30,1,0,17,-1,-2,STAT,60,LAT,LON,W,CRC
08/30/26 17:30:29,17.84,132.52,15.94,13.38,5.25,430.05,16.20,64.50,1012.00,2.63,4.34,4.47,321.30,0.67,1,13.52,602.42,72.61,1,0,16,0,-2,STAT,60,LAT,LON,W,CRC
08/30/26 17:31:30,17.85,136.83,17.06,13.40,4.97,430.02,16.20,64.80,1012.00,2.78,4.68,4.75,322.90,0.64,1,13.52,586.50,71.75,1,0,16,0,-2,STAT,60,LAT,LON,W,CRC
08/30/26 17:32:32,17.86,125.88,16.16,13.65,6.16,429.71,16.20,64.90,1012.00,2.78,4.82,4.85,347.50,1.12,1,13.52,566.30,72.93,1,0,15,0,-1,STAT,60,LAT,LON,W,CRC
08/30/26 17:33:28,17.90,124.92,16.15,14.36,5.75,429.89,16.20,66.10,1012.00,2.51,4.48,4.62,348.20,0.90,1,13.48,526.05,76.35,1,0,15,-1,-1,STAT,60,LAT,LON,W,CRC
08/30/26 17:34:30,17.93,130.88,15.79,13.78,5.63,429.50,16.10,64.60,1012.00,2.38,3.80,3.89,112.30,0.19,1,13.48,466.83,80.31,1,0,16,0,0,STAT,60,LAT,LON,W,CRC
08/30/26 17:35:28,17.94,129.37,16.06,12.45,6.13,429.44,16.20,64.10,1012.00,2.42,3.64,3.74,176.40,0.37,1,13.48,410.81,74.18,1,0,16,0,-1,STAT,60,LAT,LON,W,CRC
08/30/26 17:36:31,17.94,128.58,15.40,13.51,5.32,429.07,16.10,64.50,1012.00,2.39,3.56,3.89,190.90,0.64,1,13.45,360.05,72.97,1,0,16,0,0,STAT,60,LAT,LON,W,CRC
08/30/26 17:37:29,17.95,126.28,17.07,12.76,6.76,428.91,16.10,64.40,1012.00,2.86,4.21,4.40,302.80,0.35,1,13.45,324.69,77.65,1,0,13,0,0,STAT,60,LAT,LON,W,CRC
08/30/26 17:38:31,17.95,125.18,15.88,13.40,6.54,428.97,15.90,65.00,1012.00,2.49,3.94,4.01,340.30,0.88,1,13.45,296.85,76.81,1,0,15,0,0,STAT,60,LAT,LON,W,CRC
08/30/26 17:39:29,17.95,125.44,16.93,13.71,6.36,429.15,15.90,65.10,1012.00,2.45,4.09,4.11,349.20,0.21,1,13.45,283.93,75.61,1,0,15,0,0,STAT,60,LAT,LON,W,CRC
08/30/26 17:40:31,17.95,124.99,16.00,14.32,6.17,429.70,15.80,65.40,1012.00,2.44,4.19,4.20,330.00,0.72,1,13.45,287.75,79.72,1,0,15,0,0,STAT,60,LAT,LON,W,CRC
08/30/26 17:41:29,17.95,123.63,15.41,14.36,5.89,429.34,15.80,65.90,1012.00,2.74,4.77,4.77,315.60,0.44,1,13.45,306.56,81.22,1,0,15,0,0,STAT,60,LAT,LON,W,CRC
08/30/26 17:42:31,17.94,128.43,16.14,13.38,6.79,429.16,15.90,65.50,1012.00,2.58,4.49,4.56,257.40,0.14,1,13.45,337.52,81.61,1,0,15,0,0,STAT,60,LAT,LON,W,CRC
08/30/26 17:43:33,17.93,124.72,15.11,14.42,6.61,429.06,16.00,65.90,1012.00,3.04,4.80,4.91,223.20,0.09,1,13.48,373.66,79.32,1,0,15,0,0,STAT,60,LAT,LON,W,CRC
08/30/26 17:44:30,17.92,125.29,14.61,13.89,7.81,429.02,16.00,65.80,1012.00,2.83,4.42,4.84,166.30,0.45,1,13.48,397.93,76.74,1,0,16,0,0,STAT,60,LAT,LON,W,CRC
08/30/26 17:45:31,17.90,123.52,14.78,14.33,8.05,429.14,16.00,65.90,1012.00,2.84,3.91,4.30,116.10,0.15,1,13.48,409.67,76.67,1,0,17,0,0,STAT,60,LAT,LON,W,CRC
08/30/26 17:46:30,17.87,124.56,13.75,14.38,7.81,429.14,16.00,66.50,1012.00,3.10,4.07,4.38,352.00,0.93,1,13.48,406.99,81.50,1,0,17,0,0,STAT,60,LAT,LON,W,CRC
08/30/26 17:47:32,17.86,122.84,16.24,14.31,6.13,429.66,16.00,66.10,1012.00,2.86,3.87,3.97,4.90,0.60,1,13.48,399.00,83.44,1,0,15,0,0,STAT,60,LAT,LON,W,CRC
08/30/26 17:48:34,17.86,124.32,15.98,14.33,5.80,429.46,16.00,66.10,1012.00,2.63,3.66,3.69,4.30,0.85,1,13.48,395.09,76.15,1,0,16,-1,0,STAT,60,LAT,LON,W,CRC
08/30/26 17:49:31,17.87,124.81,16.48,14.43,7.52,429.18,15.90,65.90,1012.00,2.59,3.86,3.88,358.20,0.72,1,13.52,395.87,77.72,1,0,15,0,0,STAT,60,LAT,LON,W,CRC
08/30/26 17:50:33,17.89,125.21,15.29,13.83,7.92,429.47,15.80,66.50,1012.00,2.24,3.67,4.04,340.30,0.79,1,13.52,399.23,75.67,1,0,16,0,0,STAT,60,LAT,LON,W,CRC
08/30/26 17:51:30,17.90,123.37,14.07,14.29,7.03,429.18,15.90,66.90,1012.00,2.18,3.38,3.64,344.20,1.19,1,13.52,407.06,79.51,1,0,17,0,0,STAT,60,LAT,LON,W,CRC
08/30/26 17:52:32,17.92,125.78,14.91,14.89,5.85,429.06,15.90,66.60,1012.00,2.53,3.87,3.96,353.80,0.58,1,13.52,417.06,77.14,1,0,16,0,0,STAT,60,LAT,LON,W,CRC
08/30/26 17:53:35,17.93,124.96,15.86,13.83,7.09,429.02,15.90,66.10,1012.00,2.55,4.20,4.23,349.60,1.02,1,13.55,426.66,73.59,1,0,15,0,0,STAT,60,LAT,LON,W,CRC
08/30/26 17:54:33,17.94,126.15,16.85,13.27,7.74,429.01,15.80,66.30,1012.00,2.76,4.05,4.28,348.10,0.95,1,13.55,436.01,72.32,1,0,15,0,0,STAT,60,LAT,LON,W,CRC
08/30/26 17:55:34,17.94,122.12,16.37,13.39,9.25,428.46,15.80,66.50,1012.00,2.59,4.17,4.25,29.70,0.60,1,13.55,437.77,72.00,1,0,15,0,0,STAT,60,LAT,LON,W,CRC
08/30/26 17:56:32,17.95,124.22,16.66,12.95,8.56,428.18,15.80,65.60,1012.00,2.60,4.23,4.47,141.10,0.45,1,13.55,422.36,72.42,1,0,15,0,0,STAT,60,LAT,LON,W,CRC
08/30/26 17:57:35,17.95,121.51,15.16,12.80,9.34,428.15,15.80,66.10,1012.00,2.41,4.32,4.40,117.70,0.11,1,13.55,395.62,73.64,1,0,15,0,0,STAT,60,LAT,LON,W,CRC
08/30/26 17:58:31,17.95,119.32,14.92,13.84,8.61,428.67,15.80,66.60,1012.00,2.98,4.40,4.62,357.00,0.81,1,13.55,370.86,76.36,1,0,16,0,0,STAT,60,LAT,LON,W,CRC
08/30/26 17:59:34,17.95,121.27,15.72,14.70,7.51,428.88,15.80,66.40,1012.00,2.68,4.28,4.57,21.00,0.86,1,13.55,349.15,80.58,1,0,15,0,0,STAT,60,LAT,LON,W,CRC
08/30/26 18:00:31,17.95,121.76,15.10,14.50,6.75,429.02,15.80,66.60,1012.00,2.89,4.23,4.53,27.50,0.65,1,13.59,335.55,76.22,1,0,14,0,0,STAT,60,LAT,LON,W,CRC
08/30/26 18:01:34,17.95,120.86,15.22,13.58,7.96,429.01,15.80,66.40,1012.00,2.81,4.29,4.89,358.10,0.43,1,13.59,324.07,72.95,1,0,14,0,0,STAT,60,LAT,LON,W,CRC
08/30/26 18:02:32,17.95,121.09,15.06,13.71,7.98,429.00,15.80,66.60,1012.00,2.52,4.22,4.68,0.10,0.76,1,13.59,313.81,78.26,1,0,15,0,0,STAT,60,LAT,LON,W,CRC
08/30/26 18:03:34,17.95,121.69,14.77,14.21,6.83,429.00,15.70,66.60,1012.00,2.59,3.77,4.37,358.70,1.09,1,13.59,305.02,73.21,1,0,15,0,0,STAT,60,LAT,LON,W,CRC
08/30/26 18:04:31,17.95,124.10,15.57,14.31,6.89,429.23,15.70,66.60,1012.00,2.71,4.60,4.81,13.10,0.85,1,13.59,301.57,72.26,1,0,14,0,0,STAT,60,LAT,LON,W,CRC
08/30/26 18:05:33,17.95,119.18,15.24,14.46,6.69,429.73,15.80,66.90,1012.00,3.00,4.73,4.81,29.90,0.35,1,13.63,303.53,71.12,1,0,16,0,0,STAT,60,LAT,LON,W,CRC
08/30/26 18:06:32,17.95,122.34,15.92,13.84,7.29,429.90,15.80,66.00,1012.00,3.00,4.94,5.07,193.60,0.09,1,13.66,309.58,72.70,1,0,15,0,0,STAT,60,LAT,LON,W,CRC
08/30/26 18:07:35,17.95,123.03,14.88,13.63,7.58,429.35,15.90,66.70,1012.00,2.96,4.57,4.85,337.80,0.56,1,13.66,316.42,75.85,1,0,15,0,0,STAT,60,LAT,LON,W,CRC
08/30/26 18:08:33,17.95,121.76,14.70,14.88,6.42,429.13,15.80,66.80,1012.00,2.47,4.38,4.66,342.20,0.70,1,13.70,321.52,76.89,1,0,15,0,0,STAT,60,LAT,LON,W,CRC
08/30/26 18:09:35,17.95,121.57,14.93,14.70,6.01,429.05,15.90,66.20,1012.00,2.34,4.51,4.61,308.30,0.23,1,13.77,324.60,74.72,1,0,15,0,0,STAT,60,LAT,LON,W,CRC
08/30/26 18:10:37,17.95,124.54,17.47,15.94,6.54,429.02,15.90,66.20,1012.00,2.28,4.17,4.64,342.10,0.25,1,13.80,326.57,78.73,1,0,14,0,0,STAT,60,LAT,LON,W,CRC
08/30/26 18:11:33,17.95,122.53,14.55,14.98,6.91,429.01,15.90,67.10,1012.00,2.74,4.22,4.89,331.30,0.38,1,13.91,330.53,77.62,1,0,16,0,0,STAT,60,LAT,LON,W,CRC
08/30/26 18:12:35,17.95,120.98,15.39,14.65,7.02,428.97,15.90,66.30,1012.00,2.95,4.41,4.64,347.00,0.90,1,14.02,334.08,79.16,1,0,16,0,0,STAT,60,LAT,LON,W,CRC
08/30/26 18:13:34,17.95,119.27,14.10,14.46,6.38,428.99,15.90,67.10,1012.00,3.09,5.03,5.12,344.90,0.48,1,13.98,219.36,75.88,1,0,17,0,0,STAT,60,LAT,LON,W,CRC
08/30/26 18:14:37,17.95,120.49,16.04,14.87,5.99,429.00,16.00,66.70,1012.00,2.88,4.71,5.09,342.00,0.58,1,13.87,61.95,71.18,1,0,16,0,0,STAT,60,LAT,LON,W,CRC
08/30/26 18:15:34,17.95,127.70,15.90,14.73,6.26,429.00,15.90,66.60,1012.00,2.91,4.67,4.93,342.30,0.99,1,13.84,19.44,70.98,1,0,16,0,0,STAT,60,LAT,LON,W,CRC
08/30/26 18:16:36,17.95,127.75,15.88,15.36,5.88,429.00,15.90,66.30,1012.00,3.05,4.94,5.05,340.70,0.42,1,13.84,71.68,76.91,1,0,17,0,0,STAT,60,LAT,LON,W,CRC
08/30/26 18:17:33,17.95,127.16,15.27,16.44,5.59,428.54,16.00,66.80,1012.00,2.86,4.43,4.47,347.00,0.50,1,14.05,266.86,76.49,1,0,17,0,0,STAT,60,LAT,LON,W,CRC
08/30/26 18:18:36,17.96,131.73,15.47,15.18,6.03,428.19,15.90,66.40,1012.00,3.02,4.84,5.03,330.10,1.09,1,13.95,99.30,71.27,1,0,16,0,0,STAT,60,LAT,LON,W,CRC
08/30/26 18:19:37,17.97,138.13,16.22,14.77,6.82,428.30,15.80,65.80,1012.00,3.39,5.38,5.61,331.90,0.25,1,13.84,28.05,72.18,1,0,15,0,0,STAT,60,LAT,LON,W,CRC
08/30/26 18:20:34,17.97,132.62,17.92,15.86,5.13,428.73,15.90,66.00,1012.00,3.06,4.80,5.18,225.50,0.46,1,13.80,8.80,74.41,1,0,15,2,0,STAT,60,LAT,LON,W,CRC
08/30/26 18:21:36,17.96,129.54,18.07,15.54,5.95,428.90,16.00,65.90,1012.00,2.99,4.78,4.92,235.90,0.28,1,13.91,156.69,71.02,1,0,14,0,0,STAT,60,LAT,LON,W,CRC
08/30/26 18:22:32,17.95,128.36,15.99,15.67,5.71,428.96,16.10,66.20,1012.00,2.70,4.47,4.65,291.50,0.22,1,13.95,174.37,72.96,1,0,15,0,0,STAT,60,LAT,LON,W,CRC
08/30/26 18:23:34,17.95,129.35,15.34,16.10,5.71,428.99,16.10,66.40,1012.00,2.69,4.49,4.70,351.30,0.64,1,13.87,49.25,73.48,1,0,16,1,0,STAT,60,LAT,LON,W,CRC
08/30/26 18:24:37,17.95,126.18,15.15,14.65,7.43,429.00,16.10,65.50,1012.00,2.69,4.32,4.39,354.70,0.38,1,13.80,13.91,73.86,1,0,17,0,0,STAT,60,LAT,LON,W,CRC
08/30/26 18:25:33,17.95,126.78,15.66,15.36,6.98,428.42,16.00,65.60,1012.00,3.29,4.66,4.78,343.00,0.97,1,13.77,4.36,73.91,1,0,16,0,0,STAT,60,LAT,LON,W,CRC
08/30/26 18:26:37,17.95,125.91,15.78,15.80,7.29,428.15,16.00,66.20,1012.00,2.95,4.06,4.14,57.30,0.16,1,13.98,208.21,75.35,1,0,17,0,1,STAT,60,LAT,LON,W,CRC
08/30/26 18:27:34,17.95,126.09,15.75,16.67,7.15,428.06,16.10,66.20,1012.00,3.40,5.04,5.23,23.60,0.20,1,13.87,65.34,70.79,1,0,16,0,1,STAT,60,LAT,LON,W,CRC
08/30/26 18:28:36,17.95,122.20,14.03,16.30,6.28,428.02,16.20,66.20,1012.00,2.68,4.36,4.43,33.60,0.40,1,13.84,18.45,71.35,1,0,18,0,0,STAT,60,LAT,LON,W,CRC
08/30/26 18:29:33,17.95,124.06,14.71,15.93,6.04,428.01,16.20,66.20,1012.00,3.19,4.99,5.01,28.00,0.48,1,13.80,5.79,71.27,1,0,18,0,0,STAT,60,LAT,LON,W,CRC
08/30/26 18:30:34,17.98,126.38,17.14,15.01,7.68,428.00,16.20,66.30,1012.00,2.59,4.63,4.63,17.40,0.77,1,14.05,255.50,69.46,1,0,14,-1,0,STAT,60,LAT,LON,W,CRC
08/30/26 18:31:36,18.01,131.63,14.76,16.28,5.26,428.65,16.20,66.60,1012.00,2.94,4.48,4.69,39.80,0.88,1,13.91,96.57,70.26,1,0,17,-1,0,STAT,60,LAT,LON,W,CRC
08/30/26 18:32:38,18.03,136.28,16.55,15.33,6.51,428.88,16.20,65.30,1012.00,3.17,5.40,5.85,82.90,0.41,1,13.84,27.27,73.53,1,0,15,-1,0,STAT,60,LAT,LON,W,CRC
08/30/26 18:33:36,18.04,129.51,15.53,15.07,6.00,428.95,16.20,65.50,1012.00,3.44,5.26,5.56,1.50,0.45,1,13.80,8.56,73.26,1,0,16,0,0,STAT,60,LAT,LON,W,CRC
08/30/26 18:34:37,18.04,131.84,16.17,15.85,4.51,428.98,16.20,65.90,1012.00,3.02,5.05,5.21,11.70,0.16,1,13.98,188.55,74.41,1,0,14,0,0,STAT,60,LAT,LON,W,CRC
08/30/26 18:35:39,18.04,132.78,15.45,15.42,4.96,428.99,16.20,66.00,1012.00,2.92,4.60,4.83,0.00,0.71,1,13.95,123.43,75.84,1,0,16,0,0,STAT,60,LAT,LON,W,CRC
08/30/26 18:36:35,18.05,130.76,15.00,15.44,5.39,429.21,16.20,65.80,1012.00,2.99,4.73,4.93,6.10,0.95,1,13.87,38.73,72.11,1,0,17,0,0,STAT,60,LAT,LON,W,CRC
08/30/26 18:37:38,18.06,127.77,14.96,16.86,5.89,429.11,16.20,66.60,1012.00,2.90,4.38,4.57,3.40,0.79,1,13.80,10.94,72.78,1,0,17,0,0,STAT,60,LAT,LON,W,CRC
08/30/26 18:38:35,18.10,126.07,15.20,16.39,6.10,429.04,16.30,66.50,1012.00,2.69,4.22,4.55,1.30,0.49,1,13.84,72.79,73.66,1,0,16,0,0,STAT,60,LAT,LON,W,CRC
08/30/26 18:39:37,18.13,134.13,15.62,14.43,7.49,429.01,16.20,65.00,1012.00,3.29,5.77,5.94,117.80,0.38,1,13.95,159.70,73.33,1,0,16,0,0,STAT,60,LAT,LON,W,CRC
08/30/26 18:40:38,18.14,126.42,14.65,14.37,7.34,429.23,16.30,65.50,1012.00,3.22,5.36,5.42,351.60,0.48,1,13.87,45.10,71.35,1,0,17,0,0,STAT,60,LAT,LON,W,CRC
08/30/26 18:41:35,18.14,129.17,14.67,13.75,7.88,429.71,16.40,65.20,1012.00,3.00,4.82,5.25,59.10,0.56,1,13.80,14.15,73.92,1,0,17,-1,0,STAT,60,LAT,LON,W,CRC
08/30/26 18:42:37,18.14,135.62,15.24,14.20,7.06,429.90,16.50,65.00,1012.00,2.93,5.07,5.49,66.10,0.12,1,13.91,91.42,71.40,1,0,18,-1,0,STAT,60,LAT,LON,W,CRC
08/30/26 18:43:34,18.18,134.96,15.41,14.83,6.56,429.96,16.50,64.20,1012.00,3.02,4.59,4.92,158.10,0.99,1,13.95,151.30,73.79,1,0,17,0,0,STAT,60,LAT,LON,W,CRC
08/30/26 18:44:36,18.22,134.85,16.32,15.36,6.40,429.84,16.50,64.40,1012.00,2.80,5.13,5.82,169.90,0.74,1,13.87,42.73,73.85,1,-1,16,0,0,STAT,60,LAT,LON,W,CRC
08/30/26 18:45:37,18.23,212.09,14.34,14.51,7.67,429.94,16.70,65.10,1012.00,2.91,5.13,5.50,152.40,0.50,1,13.80,12.07,72.91,1,-27,18,0,0,STAT,60,LAT,LON,W,CRC
08/30/26 18:46:37,18.24,183.28,15.84,14.04,7.62,429.98,16.80,64.10,1012.00,3.09,5.03,5.23,80.70,0.31,1,14.02,191.40,75.23,1,-17,16,0,0,STAT,60,LAT,LON,W,CRC
08/30/26 18:47:38,18.26,169.14,15.23,15.29,6.68,429.99,16.90,65.40,1012.00,3.17,5.07,5.46,41.70,0.29,1,13.91,109.23,73.39,1,-13,17,0,-1,STAT,60,LAT,LON,W,CRC
08/30/26 18:48:35,18.31,193.18,15.16,13.87,7.40,430.00,16.90,63.50,1012.00,3.27,5.28,5.46,165.50,0.44,1,13.87,34.28,74.12,1,-19,17,0,-1,STAT,60,LAT,LON,W,CRC
08/30/26 18:49:37,18.33,224.12,15.29,13.78,6.54,429.66,17.10,63.50,1012.00,3.36,5.38,5.45,308.10,0.22,1,13.80,9.68,70.74,1,-28,18,-1,-1,STAT,60,LAT,LON,W,CRC
08/30/26 18:50:39,18.37,166.55,14.44,14.28,7.12,429.70,17.10,64.10,1012.00,3.28,5.44,5.55,16.70,0.38,1,14.02,239.17,79.64,1,-10,19,0,-1,STAT,60,LAT,LON,W,CRC
08/30/26 18:51:40,18.41,148.20,14.92,15.69,6.50,429.55,17.20,63.90,1012.00,3.04,5.01,5.04,35.00,0.52,1,13.95,127.82,74.17,1,-4,18,-1,-1,STAT,60,LAT,LON,W,CRC
08/30/26 18:52:36,18.45,152.80,15.90,14.27,5.98,429.21,17.20,62.90,1012.00,3.14,5.49,5.59,71.60,0.60,1,13.87,40.11,72.04,1,-2,17,-2,-1,STAT,60,LAT,LON,W,CRC
08/30/26 18:53:40,18.50,146.15,15.19,13.73,6.34,429.07,17.20,63.40,1012.00,2.87,5.07,5.23,143.50,0.16,1,13.80,11.33,78.87,1,-1,18,-2,-1,STAT,60,LAT,LON,W,CRC
08/30/26 18:54:36,18.53,283.19,15.90,13.10,6.20,429.03,17.20,62.10,1012.00,3.47,5.81,6.03,325.10,0.39,1,13.98,182.81,75.83,1,-44,19,-1,-2,STAT,60,LAT,LON,W,CRC
08/30/26 18:55:37,18.59,312.25,15.54,13.53,5.46,429.01,17.10,62.80,1012.00,3.97,5.58,5.77,318.60,0.29,1,13.95,118.51,70.54,1,-53,18,0,-1,STAT,60,LAT,LON,W,CRC
08/30/26 18:56:39,18.62,4137.21,15.37,13.64,5.77,429.00,17.20,62.70,1012.00,3.86,5.48,5.54,243.20,0.28,1,13.84,33.47,75.53,1,-1242,19,0,-1,STAT,60,LAT,LON,W,CRC
08/30/26 18:57:40,18.64,7905.63,15.02,14.49,5.06,429.00,17.20,63.10,1012.00,3.79,5.55,5.57,2.50,0.47,1,13.80,9.45,75.64,1,-2411,20,0,-2,STAT,60,LAT,LON,W,CRC
08/30/26 18:58:37,18.69,5245.22,14.90,13.84,5.98,429.62,17.30,62.60,1012.00,4.00,5.88,5.88,339.90,0.35,1,13.91,89.42,71.73,1,-1580,19,-1,-1,STAT,60,LAT,LON,W,CRC
08/30/26 18:59:39,18.72,2600.16,14.05,14.36,4.91,429.87,17.40,63.70,1012.00,3.53,5.47,5.75,315.30,0.15,1,13.91,133.26,74.90,1,-761,19,0,-1,STAT,60,LAT,LON,W,CRC
08/30/26 19:00:41,18.74,1270.90,15.19,13.56,6.20,429.95,17.50,62.40,1012.00,3.36,5.03,5.13,135.60,0.28,1,13.87,37.64,71.32,1,-348,19,-2,-1,STAT,60,LAT,LON,W,CRC
08/30/26 19:01:37,18.79,727.97,15.12,13.71,5.82,429.69,17.30,62.10,1012.00,3.37,5.06,5.39,134.60,0.93,1,13.80,11.81,70.63,1,-180,19,-2,-1,STAT,60,LAT,LON,W,CRC
08/30/26 19:02:39,18.82,482.02,17.21,12.18,7.01,429.79,17.20,61.60,1012.00,3.53,5.64,5.77,166.70,0.94,1,13.91,76.88,70.06,1,-102,18,-1,-1,STAT,60,LAT,LON,W,CRC
08/30/26 19:03:40,18.83,365.59,15.26,12.02,8.00,429.69,17.20,62.40,1012.00,3.85,5.85,6.12,239.70,0.10,1,13.95,146.07,73.36,1,-71,19,0,-1,STAT,60,LAT,LON,W,CRC
08/30/26 19:04:42,18.86,305.35,15.04,15.14,5.37,429.24,17.30,63.90,1012.00,4.04,6.19,6.28,64.20,0.15,1,13.87,41.25,71.64,1,-54,18,-1,-1,STAT,60,LAT,LON,W,CRC
08/30/26 19:05:39,18.90,278.10,15.43,15.02,4.61,429.09,17.20,63.10,1012.00,3.61,5.46,5.56,1.30,0.60,1,13.84,12.95,70.15,1,-44,17,0,-1,STAT,60,LAT,LON,W,CRC
08/30/26 19:06:42,18.92,265.86,14.36,15.52,4.74,429.11,17.30,64.10,1012.00,3.75,5.74,6.22,14.60,0.60,1,13.95,168.47,80.18,1,-39,19,0,-1,STAT,60,LAT,LON,W,CRC
08/30/26 19:07:38,18.93,257.13,16.36,14.36,5.38,429.04,17.30,62.40,1012.00,3.86,5.88,6.51,104.80,0.18,1,13.95,153.81,73.95,1,-35,17,0,0,STAT,60,LAT,LON,W,CRC
08/30/26 19:08:41,18.93,245.30,16.63,14.08,5.50,429.02,17.20,62.40,1012.00,3.45,5.67,5.89,59.90,0.57,1,13.87,43.44,70.26,1,-31,18,0,0,STAT,60,LAT,LON,W,CRC
08/30/26 19:09:43,18.96,209.33,15.41,14.47,6.07,429.46,17.20,63.30,1012.00,3.53,5.83,5.94,18.90,0.56,1,13.84,12.27,69.87,1,-21,19,0,0,STAT,60,LAT,LON,W,CRC
08/30/26 19:10:40,18.99,168.37,15.07,14.18,5.29,429.79,17.10,63.20,1012.00,3.44,5.47,5.89,13.20,0.25,1,13.80,3.85,74.41,1,-9,19,0,-1,STAT,60,LAT,LON,W,CRC
08/30/26 19:11:43,19.02,150.22,15.93,14.26,5.93,429.93,17.10,63.70,1012.00,3.52,5.40,6.16,20.30,0.41,1,14.02,231.20,74.51,1,-3,17,0,-1,STAT,60,LAT,LON,W,CRC
08/30/26 19:12:39,19.02,142.41,15.15,14.57,5.18,429.97,17.00,62.90,1012.00,3.52,5.29,5.73,114.10,0.25,1,13.91,72.55,76.50,1,-1,18,0,-1,STAT,60,LAT,LON,W,CRC
08/30/26 19:13:38,19.03,141.47,16.25,13.32,6.88,429.99,17.10,62.60,1012.00,3.62,5.03,5.40,159.00,0.79,1,13.84,22.77,77.22,1,-1,18,0,0,STAT,60,LAT,LON,W,CRC
08/30/26 19:14:40,19.03,138.43,16.19,14.59,7.04,430.00,17.00,63.50,1012.00,3.82,5.50,5.63,152.10,0.48,1,13.80,6.43,78.91,1,0,18,0,0,STAT,60,LAT,LON,W,CRC
08/30/26 19:15:38,19.03,135.33,15.17,14.64,6.43,430.00,16.90,63.00,1012.00,3.44,5.23,5.34,113.90,0.57,1,14.02,216.63,73.86,1,0,18,0,0,STAT,60,LAT,LON,W,CRC
08/30/26 19:16:39,19.03,138.26,15.84,14.57,6.04,430.00,16.90,63.00,1012.00,3.68,5.76,6.10,102.60,0.68,1,13.91,100.52,75.22,1,0,19,0,0,STAT,60,LAT,LON,W,CRC
08/30/26 19:17:41,19.03,128.25,15.88,14.54,5.44,430.00,16.90,63.40,1012.00,3.90,5.78,5.92,213.10,0.06,1,13.84,28.39,78.13,1,0,18,1,0,STAT,60,LAT,LON,W,CRC
08/30/26 19:18:43,19.03,136.51,16.09,14.09,6.72,430.00,16.90,64.20,1012.00,4.01,5.83,5.88,357.50,0.66,1,13.80,8.02,81.32,1,0,17,0,0,STAT,60,LAT,LON,W,CRC
08/30/26 19:19:45,19.03,146.05,16.25,13.87,6.72,430.00,17.00,63.70,1012.00,3.94,5.72,5.86,234.50,0.26,1,13.95,167.69,77.83,1,0,18,0,0,STAT,60,LAT,LON,W,CRC
08/30/26 19:20:42,19.03,144.95,14.30,14.54,6.23,430.00,17.00,64.50,1012.00,4.10,5.70,6.03,173.90,0.21,1,13.95,153.64,86.62,1,0,19,0,0,STAT,60,LAT,LON,W,CRC
08/30/26 19:21:38,19.03,143.45,15.78,14.47,6.61,430.00,17.00,63.80,1012.00,4.14,6.36,6.55,188.70,0.38,1,13.87,48.21,77.95,1,0,17,0,0,STAT,60,LAT,LON,W,CRC
08/30/26 19:22:41,19.03,141.51,16.50,13.43,7.32,430.00,17.10,63.90,1012.00,4.17,6.48,6.55,168.50,0.42,1,13.80,13.62,79.96,1,0,17,0,0,STAT,60,LAT,LON,W,CRC
08/30/26 19:23:43,19.03,139.33,16.33,14.28,7.14,430.00,17.10,64.10,1012.00,3.98,6.00,6.16,181.40,0.33,1,13.77,3.85,75.87,1,0,17,0,0,STAT,60,LAT,LON,W,CRC
08/30/26 19:24:40,19.03,137.02,15.83,14.92,5.61,430.00,17.20,65.00,1012.00,3.44,5.07,5.12,30.40,0.07,1,13.98,206.75,75.40,1,0,17,0,0,STAT,60,LAT,LON,W,CRC
08/30/26 19:25:42,19.03,144.40,17.86,13.97,6.48,429.50,17.20,63.00,1012.00,4.21,6.19,6.44,183.30,0.45,1,13.87,58.39,77.77,1,0,18,0,0,STAT,60,LAT,LON,W,CRC
08/30/26 19:26:44,19.03,149.77,17.85,14.93,5.50,429.18,17.10,63.30,1012.00,4.42,6.28,6.55,171.50,0.80,1,13.84,16.49,84.83,1,0,18,0,0,STAT,60,LAT,LON,W,CRC
08/30/26 19:27:41,19.03,147.59,17.97,14.80,6.29,429.07,17.00,63.20,1012.00,4.21,6.33,7.23,175.60,0.89,1,13.80,5.18,76.97,1,0,17,0,0,STAT,60,LAT,LON,W,CRC
08/30/26 19:28:43,19.03,137.46,17.95,15.06,6.44,429.02,17.00,63.70,1012.00,4.36,6.68,7.06,134.40,0.08,1,14.09,283.06,75.20,1,0,17,1,0,STAT,60,LAT,LON,W,CRC
08/30/26 19:29:40,19.03,138.48,16.72,15.20,5.90,429.01,17.10,64.00,1012.00,4.05,5.81,6.12,358.50,0.08,1,13.91,88.83,76.47,1,0,18,0,0,STAT,60,LAT,LON,W,CRC
08/30/26 19:30:42,19.03,137.26,15.79,15.05,6.14,429.00,17.20,65.00,1012.00,3.95,5.61,5.71,58.90,0.13,1,13.84,25.09,75.67,1,0,18,0,0,STAT,60,LAT,LON,W,CRC
08/30/26 19:31:44,19.04,140.00,16.09,16.02,5.54,429.00,17.20,64.80,1012.00,4.20,6.18,6.48,49.30,0.18,1,13.80,7.09,76.37,1,0,18,0,0,STAT,60,LAT,LON,W,CRC
08/30/26 19:32:41,19.06,141.11,15.93,14.82,5.05,429.05,17.30,63.80,1012.00,4.38,6.38,6.50,278.70,0.07,1,13.95,169.12,77.26,1,0,19,0,0,STAT,60,LAT,LON,W,CRC
08/30/26 19:33:39,19.09,137.22,16.35,14.93,5.48,429.63,17.30,64.00,1012.00,4.42,6.80,6.93,351.30,0.36,1,13.95,147.41,79.18,1,0,19,0,0,STAT,60,LAT,LON,W,CRC
08/30/26 19:34:41,19.11,139.55,16.94,14.27,5.12,429.79,17.30,63.40,1012.00,4.28,6.43,6.83,185.60,0.16,1,13.87,41.63,73.13,1,0,18,0,0,STAT,60,LAT,LON,W,CRC
08/30/26 19:35:39,19.12,143.11,16.65,14.55,6.36,429.30,17.20,63.20,1012.00,4.65,6.81,7.03,175.30,0.48,1,13.84,13.06,75.03,1,0,19,0,0,STAT,60,LAT,LON,W,CRC
08/30/26 19:36:41,19.12,137.68,15.13,14.81,5.78,429.11,17.20,63.60,1012.00,4.60,6.45,6.69,25.40,0.36,1,13.80,3.69,74.78,1,0,19,0,0,STAT,60,LAT,LON,W,CRC
08/30/26 19:37:39,19.13,136.41,15.06,14.69,6.16,429.04,17.20,63.80,1012.00,4.47,6.84,6.93,59.90,0.05,1,14.05,253.45,70.19,1,0,19,0,0,STAT,60,LAT,LON,W,CRC
08/30/26 19:38:42,19.13,135.56,15.76,15.88,3.95,429.01,17.30,64.10,1012.00,4.43,6.94,6.97,104.80,0.21,1,13.91,71.58,71.12,1,0,19,0,0,STAT,60,LAT,LON,W,CRC
08/30/26 19:39:41,19.13,138.16,14.38,16.12,4.45,429.01,17.30,64.10,1012.00,3.99,6.72,6.73,94.10,0.16,1,13.84,22.46,71.31,1,0,19,0,0,STAT,60,LAT,LON,W,CRC
08/30/26 19:40:44,19.17,138.66,15.42,15.34,6.06,429.00,17.40,63.70,1012.00,4.27,6.41,6.57,118.50,0.17,1,13.80,6.34,71.07,1,0,19,0,0,STAT,60,LAT,LON,W,CRC
08/30/26 19:41:41,19.20,136.42,15.64,14.25,6.89,429.45,17.40,63.70,1012.00,4.08,6.22,6.97,43.50,0.16,1,14.02,234.66,71.34,1,0,18,0,0,STAT,60,LAT,LON,W,CRC
08/30/26 19:42:44,19.22,142.35,15.36,14.26,5.97,429.30,17.50,64.00,1012.00,3.99,6.27,6.63,18.40,0.19,1,13.91,93.12,74.04,1,0,18,0,0,STAT,60,LAT,LON,W,CRC
08/30/26 19:43:41,19.22,162.59,15.14,15.19,5.66,429.12,17.50,64.00,1012.00,4.41,6.88,7.19,7.80,0.14,1,13.87,29.22,76.90,1,0,19,0,0,STAT,60,LAT,LON,W,CRC
08/30/26 19:44:43,19.22,161.73,15.75,12.93,7.35,429.08,17.50,63.30,1012.00,4.66,6.97,7.12,312.80,0.38,1,13.80,8.25,74.12,1,0,19,0,0,STAT,60,LAT,LON,W,CRC
08/30/26 19:45:45,19.23,155.34,15.88,14.56,5.56,429.03,17.30,63.80,1012.00,4.63,7.21,7.45,347.10,0.81,1,13.91,103.46,73.07,1,0,18,0,-1,STAT,60,LAT,LON,W,CRC
08/30/26 19:46:43,19.26,143.43,14.81,14.43,5.72,429.01,17.30,64.10,1012.00,4.49,6.82,7.10,355.80,1.05,1,13.98,165.29,76.28,1,0,19,0,0,STAT,60,LAT,LON,W,CRC
08/30/26 19:47:46,19.29,145.41,14.21,14.16,6.32,429.00,17.30,63.20,1012.00,4.79,6.86,7.24,200.40,0.09,1,13.87,46.68,72.42,1,0,20,0,0,STAT,60,LAT,LON,W,CRC
08/30/26 19:48:43,19.31,144.44,14.78,13.75,6.96,429.00,17.30,63.20,1012.00,5.00,7.51,7.64,203.50,0.68,1,13.84,14.65,70.57,1,0,20,0,0,STAT,60,LAT,LON,W,CRC
08/30/26 19:49:45,19.32,141.98,14.96,15.64,5.32,429.00,17.30,64.30,1012.00,4.62,6.90,6.95,13.90,0.34,1,13.80,4.14,71.09,1,0,19,0,0,STAT,60,LAT,LON,W,CRC
08/30/26 19:50:42,19.32,140.38,15.49,15.39,5.25,429.00,17.40,64.20,1012.00,4.88,6.94,6.96,121.90,0.29,1,14.02,232.40,76.20,1,0,19,0,0,STAT,60,LAT,LON,W,CRC
08/30/26 19:51:44,19.32,146.51,16.57,14.29,6.22,429.00,17.30,63.30,1012.00,4.91,7.04,7.33,179.50,0.33,1,13.91,65.64,73.22,1,0,18,0,0,STAT,60,LAT,LON,W,CRC
08/30/26 19:52:46,19.32,144.38,16.58,14.47,6.38,429.00,17.40,63.40,1012.00,4.63,7.11,7.51,155.30,0.08,1,13.84,18.54,76.91,1,0,18,0,0,STAT,60,LAT,LON,W,CRC
08/30/26 19:53:42,19.32,143.52,16.18,14.97,6.14,429.00,17.30,63.70,1012.00,4.30,6.30,6.86,350.90,1.17,1,13.80,5.82,79.90,1,0,18,0,0,STAT,60,LAT,LON,W,CRC
08/30/26 19:54:45,19.32,145.56,15.33,13.82,7.38,429.00,17.30,63.70,1012.00,4.48,6.61,6.94,359.30,0.27,1,14.09,275.52,79.86,1,0,19,0,0,STAT,60,LAT,LON,W,CRC
08/30/26 19:55:41,19.32,140.30,14.05,13.30,7.82,428.81,17.40,64.20,1012.00,4.46,6.66,6.94,6.20,0.24,1,13.91,97.03,76.19,1,0,21,0,0,STAT,60,LAT,LON,W,CRC
08/30/26 19:56:43,19.32,141.36,15.90,14.22,6.50,428.29,17.40,63.70,1012.00,4.57,7.34,7.59,58.70,0.33,1,13.84,27.40,72.10,1,0,18,0,0,STAT,60,LAT,LON,W,CRC
08/30/26 19:57:41,19.32,143.31,14.99,13.68,6.56,428.11,17.40,63.70,1012.00,4.98,7.70,7.78,166.50,0.15,1,13.80,8.60,73.13,1,0,19,0,0,STAT,60,LAT,LON,W,CRC
08/30/26 19:58:45,19.32,140.70,16.47,13.30,7.89,428.04,17.40,62.90,1012.00,4.97,7.51,7.54,166.80,0.31,1,13.91,105.40,72.31,1,0,18,0,0,STAT,60,LAT,LON,W,CRC
08/30/26 19:59:42,19.34,143.24,16.11,13.61,6.94,427.97,17.30,62.80,1012.00,4.61,7.63,7.64,157.90,0.64,1,13.98,154.10,71.33,1,0,18,0,0,STAT,60,LAT,LON,W,CRC
08/30/26 20:00:46,19.36,134.45,15.54,12.59,8.12,427.99,17.40,62.70,1012.00,4.57,7.67,7.71,205.50,0.50,1,13.87,43.52,79.90,1,0,18,0,0,STAT,60,LAT,LON,W,CRC
08/30/26 20:01:47,19.37,140.14,15.46,13.49,7.77,428.00,17.30,63.20,1012.00,4.57,7.75,8.20,186.30,0.96,1,13.84,12.29,74.96,1,0,18,1,0,STAT,60,LAT,LON,W,CRC
08/30/26 20:02:44,19.36,137.77,15.99,14.22,7.24,427.92,17.20,63.40,1012.00,4.74,7.59,7.96,171.90,0.56,1,13.80,3.86,72.72,1,0,16,2,0,STAT,60,LAT,LON,W,CRC
08/30/26 20:03:46,19.34,127.91,14.19,14.50,7.81,427.97,17.30,65.10,1012.00,5.05,7.76,7.89,133.40,0.11,1,14.02,234.22,71.15,1,0,19,1,0,STAT,60,LAT,LON,W,CRC
08/30/26 20:04:48,19.33,135.29,14.40,13.97,7.56,427.99,17.40,63.70,1012.00,4.84,6.99,7.26,336.30,0.41,1,13.87,66.15,69.97,1,0,19,0,0,STAT,60,LAT,LON,W,CRC
08/30/26 20:05:44,19.33,138.73,14.16,14.10,8.02,428.00,17.20,63.70,1012.00,4.79,7.14,7.24,356.20,0.83,1,13.84,20.76,69.37,1,0,19,0,0,STAT,60,LAT,LON,W,CRC
08/30/26 20:06:46,19.32,144.52,14.73,12.75,8.16,428.00,17.20,63.30,1012.00,4.56,6.88,7.30,223.30,0.64,1,13.77,5.86,69.89,1,0,19,0,0,STAT,60,LAT,LON,W,CRC
08/30/26 20:07:43,19.32,150.18,14.80,14.71,6.18,428.00,17.20,63.50,1012.00,5.17,7.45,7.65,213.70,0.75,1,14.05,239.33,71.89,1,0,18,1,0,STAT,60,LAT,LON,W,CRC
08/30/26 20:08:45,19.32,142.13,13.82,15.16,5.81,428.00,17.30,64.20,1012.00,4.84,7.31,7.37,215.10,0.28,1,13.91,93.05,72.47,1,0,19,1,0,STAT,60,LAT,LON,W,CRC
08/30/26 20:09:43,19.32,143.76,14.78,15.00,6.39,428.00,17.30,63.40,1012.00,4.79,7.49,7.76,187.70,0.46,1,13.84,29.20,74.08,1,0,18,1,0,STAT,60,LAT,LON,W,CRC
08/30/26 20:10:45,19.32,142.08,13.74,14.07,7.15,428.00,17.30,63.50,1012.00,5.03,7.85,8.05,180.90,0.52,1,13.80,8.25,75.96,1,0,20,1,0,STAT,60,LAT,LON,W,CRC
08/30/26 20:11:47,19.32,141.50,13.81,14.37,7.40,428.00,17.20,63.40,1012.00,5.03,7.60,7.91,155.70,0.78,1,13.95,113.88,70.69,1,0,21,1,0,STAT,60,LAT,LON,W,CRC
08/30/26 20:12:43,19.32,132.48,13.69,14.44,9.24,428.00,17.10,63.70,1012.00,5.23,8.45,8.64,148.30,0.54,1,13.95,138.13,71.21,1,0,20,1,2,STAT,60,LAT,LON,W,CRC
08/30/26 20:13:47,19.32,132.65,14.23,15.31,7.77,428.00,17.20,63.50,1012.00,4.98,8.53,8.83,156.10,0.78,1,13.87,39.01,74.05,1,0,19,1,2,STAT,60,LAT,LON,W,CRC
08/30/26 20:14:44,19.31,138.64,15.00,14.28,8.43,428.00,17.10,63.40,1012.00,5.06,7.60,7.86,179.80,0.55,1,13.80,12.24,71.62,1,0,18,1,1,STAT,60,LAT,LON,W,CRC
08/30/26 20:15:47,19.27,136.67,15.07,13.96,8.07,428.00,17.20,63.60,1012.00,5.23,7.78,8.05,159.80,0.46,1,13.77,3.46,75.00,1,0,18,1,1,STAT,60,LAT,LON,W,CRC
08/30/26 20:16:48,19.24,133.52,15.32,14.02,8.58,428.00,17.20,63.70,1012.00,5.13,8.23,8.46,165.50,0.43,1,13.95,157.62,75.53,1,0,18,0,1,STAT,60,LAT,LON,W,CRC
08/30/26 20:17:45,19.23,141.07,15.43,14.98,7.56,427.61,17.20,63.60,1012.00,5.11,8.66,8.94,178.30,0.63,1,13.87,49.46,70.99,1,0,18,1,0,STAT,60,LAT,LON,W,CRC
08/30/26 20:18:47,19.23,148.25,14.63,14.90,8.83,427.67,17.00,63.80,1012.00,5.56,8.79,9.02,149.40,1.14,1,13.80,13.97,77.17,1,0,18,1,1,STAT,60,LAT,LON,W,CRC
08/30/26 20:19:48,19.23,137.34,14.62,14.29,9.31,427.88,17.00,64.00,1012.00,5.59,8.06,8.18,147.30,0.78,1,13.80,3.95,74.78,1,0,18,1,1,STAT,60,LAT,LON,W,CRC
08/30/26 20:20:45,19.23,133.14,15.04,14.25,9.17,427.96,17.10,64.30,1012.00,4.93,7.78,7.83,155.40,0.44,1,14.02,220.28,76.68,1,0,17,0,1,STAT,60,LAT,LON,W,CRC
08/30/26 20:21:47,19.23,131.45,13.59,14.82,7.40,427.98,17.30,64.10,1012.00,5.71,8.39,8.41,127.20,0.16,1,13.87,62.21,71.36,1,0,19,0,0,STAT,60,LAT,LON,W,CRC
08/30/26 20:22:49,19.23,143.67,16.50,15.95,7.41,427.83,17.20,64.20,1012.00,5.44,8.55,8.55,117.90,0.58,1,13.84,17.57,75.41,1,0,17,1,0,STAT,60,LAT,LON,W,CRC
08/30/26 20:23:47,19.23,144.93,15.58,14.65,8.94,427.90,17.20,63.90,1012.00,5.58,9.20,9.21,157.70,0.47,1,13.80,5.51,75.65,1,0,18,0,1,STAT,60,LAT,LON,W,CRC
08/30/26 20:24:48,19.23,150.75,16.35,14.33,8.76,427.52,17.30,63.90,1012.00,5.03,7.93,8.02,168.20,0.63,1,14.09,290.47,71.45,1,0,18,0,0,STAT,60,LAT,LON,W,CRC
08/30/26 20:25:45,19.23,144.68,15.92,14.02,8.58,427.20,17.30,63.40,1012.00,5.85,8.28,8.52,156.20,0.52,1,13.91,91.15,69.48,1,0,18,0,0,STAT,60,LAT,LON,W,CRC
08/30/26 20:26:51,19.23,145.25,14.90,14.79,8.06,427.07,17.40,64.50,1012.00,5.89,8.87,9.24,97.40,0.15,1,13.84,25.74,71.16,1,0,19,0,0,STAT,60,LAT,LON,W,CRC
08/30/26 20:27:48,19.23,141.64,13.96,14.14,9.17,427.03,17.50,63.80,1012.00,6.11,8.56,8.97,5.70,0.10,1,13.80,8.08,72.06,1,0,19,0,0,STAT,60,LAT,LON,W,CRC
08/30/26 20:28:50,19.23,146.02,13.96,15.26,7.97,427.01,17.40,64.30,1012.00,5.65,8.79,9.16,349.90,0.81,1,14.09,289.64,72.63,1,0,20,0,0,STAT,60,LAT,LON,W,CRC
08/30/26 20:29:47,19.23,146.02,15.81,13.34,8.93,427.00,17.40,63.40,1012.00,5.55,8.54,8.67,197.30,0.42,1,13.91,90.89,76.33,1,0,19,0,0,STAT,60,LAT,LON,W,CRC
08/30/26 20:30:49,19.23,146.37,15.66,13.84,8.07,427.00,17.40,63.30,1012.00,5.68,8.40,8.88,194.50,0.80,1,13.84,25.67,73.95,1,0,18,1,0,STAT,60,LAT,LON,W,CRC
08/30/26 20:31:47,19.23,137.41,15.05,15.70,5.61,427.00,17.50,63.50,1012.00,5.36,8.43,8.67,210.40,0.25,1,13.80,8.06,70.33,1,0,19,2,0,STAT,60,LAT,LON,W,CRC
08/30/26 20:32:49,19.24,140.63,15.94,14.96,7.18,427.00,17.50,63.40,1012.00,5.68,8.42,8.60,147.60,0.46,1,14.05,236.76,70.09,1,0,19,0,0,STAT,60,LAT,LON,W,CRC
08/30/26 20:33:49,19.27,136.99,14.24,15.22,6.38,426.81,17.60,63.30,1012.00,5.74,8.56,8.82,183.40,0.46,1,13.91,100.20,71.87,1,0,20,0,0,STAT,60,LAT,LON,W,CRC
08/30/26 20:34:50,19.30,141.40,15.77,14.28,8.08,426.87,17.50,63.40,1012.00,5.66,8.43,8.59,167.00,0.94,1,13.84,28.30,73.16,1,0,19,0,0,STAT,60,LAT,LON,W,CRC
08/30/26 20:35:48,19.31,142.16,14.78,14.69,8.61,426.95,17.40,63.60,1012.00,5.30,8.11,8.61,144.40,0.58,1,13.80,8.88,77.79,1,0,19,0,0,STAT,60,LAT,LON,W,CRC
08/30/26 20:36:49,19.32,133.02,13.70,15.43,7.74,426.98,17.60,64.40,1012.00,5.07,7.85,8.33,62.10,0.20,1,14.02,211.64,80.28,1,0,20,1,0,STAT,60,LAT,LON,W,CRC
08/30/26 20:37:51,19.32,135.03,13.12,15.34,7.14,426.99,17.60,64.50,1012.00,4.86,7.92,8.09,326.50,0.11,1,13.91,117.32,76.39,1,0,20,0,0,STAT,60,LAT,LON,W,CRC
08/30/26 20:38:48,19.32,140.46,14.95,14.57,8.14,427.00,17.80,63.60,1012.00,4.83,7.38,7.43,311.90,0.24,1,13.87,36.82,78.12,1,0,19,0,0,STAT,60,LAT,LON,W,CRC
08/30/26 20:39:51,19.33,145.76,14.44,14.10,8.44,427.00,17.80,63.00,1012.00,5.24,8.31,8.33,123.00,0.36,1,13.80,10.40,77.10,1,0,20,0,0,STAT,60,LAT,LON,W,CRC
08/30/26 20:40:48,19.37,150.20,16.48,13.57,9.10,427.00,17.70,63.20,1012.00,5.81,8.53,8.71,119.30,0.61,1,14.05,222.01,78.65,1,0,18,0,0,STAT,60,LAT,LON,W,CRC
08/30/26 20:41:51,19.40,144.58,14.90,14.16,7.29,427.00,17.60,62.60,1012.00,6.00,9.32,9.38,131.20,0.75,1,13.91,100.29,71.49,1,0,20,0,0,STAT,60,LAT,LON,W,CRC
08/30/26 20:42:48,19.42,139.77,15.32,14.79,6.55,427.00,17.80,62.90,1012.00,6.01,9.21,9.43,132.40,0.23,1,13.84,31.47,75.67,1,0,20,0,0,STAT,60,LAT,LON,W,CRC
08/30/26 20:43:50,19.42,140.99,14.62,14.71,6.47,427.00,17.90,63.10,1012.00,5.44,8.46,8.54,127.10,0.35,1,13.80,8.89,73.07,1,0,21,0,0,STAT,60,LAT,LON,W,CRC
08/30/26 20:44:52,19.46,144.65,15.65,13.39,7.98,427.00,17.80,62.40,1012.00,5.40,8.03,8.06,330.40,0.38,1,13.95,174.93,76.13,1,0,19,0,0,STAT,60,LAT,LON,W,CRC
08/30/26 20:45:49,19.50,144.68,15.82,15.38,6.01,427.00,17.80,63.10,1012.00,4.60,7.38,7.61,28.10,0.27,1,13.95,159.04,75.76,1,0,19,0,0,STAT,60,LAT,LON,W,CRC
08/30/26 20:46:52,19.51,145.19,15.90,14.13,7.71,426.93,17.80,62.60,1012.00,5.34,7.66,7.78,133.80,0.32,1,13.87,44.92,75.30,1,0,20,-1,0,STAT,60,LAT,LON,W,CRC
08/30/26 20:47:49,19.52,148.46,16.15,12.94,8.52,426.97,17.70,62.10,1012.00,5.30,8.53,9.11,133.70,0.75,1,13.80,14.10,77.70,1,0,19,0,0,STAT,60,LAT,LON,W,CRC
08/30/26 20:48:50,19.52,137.39,16.52,13.69,8.46,426.60,17.70,62.90,1012.00,5.77,9.01,9.34,135.30,0.39,1,13.77,3.98,76.16,1,0,19,0,0,STAT,60,LAT,LON,W,CRC
08/30/26 20:49:52,19.56,137.35,17.22,14.14,6.80,426.35,17.80,62.80,1012.00,5.01,8.33,8.69,121.10,0.17,1,13.98,177.48,74.09,1,0,18,0,0,STAT,60,LAT,LON,W,CRC
08/30/26 20:50:49,19.59,144.64,16.28,15.45,5.43,426.13,17.70,62.30,1012.00,4.90,8.35,8.61,161.30,0.79,1,13.87,55.69,77.73,1,0,20,0,0,STAT,60,LAT,LON,W,CRC
08/30/26 20:51:52,19.61,143.41,16.28,15.18,6.02,426.05,17.60,62.40,1012.00,5.56,8.62,9.05,148.50,0.79,1,13.84,15.73,73.31,1,0,19,1,0,STAT,60,LAT,LON,W,CRC
08/30/26 20:52:48,19.62,140.67,16.80,14.81,6.31,426.02,17.70,62.70,1012.00,5.48,8.88,9.11,163.20,0.27,1,13.80,4.94,72.99,1,0,19,1,0,STAT,60,LAT,LON,W,CRC
08/30/26 20:53:52,19.62,141.66,17.24,14.72,6.19,426.01,17.80,62.40,1012.00,5.40,8.75,8.87,204.40,0.64,1,14.05,270.23,78.67,1,0,19,0,0,STAT,60,LAT,LON,W,CRC
08/30/26 20:54:49,19.62,148.79,15.52,14.39,6.39,426.00,17.80,62.80,1012.00,5.64,8.34,9.22,191.70,0.40,1,13.91,84.80,75.31,1,0,21,1,0,STAT,60,LAT,LON,W,CRC
08/30/26 20:55:51,19.62,140.68,14.66,15.89,5.75,426.00,17.80,64.00,1012.00,5.46,7.52,7.84,6.00,0.19,1,13.84,23.95,73.42,1,0,20,0,0,STAT,60,LAT,LON,W,CRC
08/30/26 20:56:47,19.62,140.39,15.07,14.58,7.78,426.00,17.80,62.90,1012.00,5.67,8.06,8.80,349.20,0.61,1,13.80,7.52,72.36,1,0,21,0,0,STAT,60,LAT,LON,W,CRC
08/30/26 20:57:50,19.62,145.34,14.88,15.09,7.70,426.00,17.70,63.50,1012.00,5.33,7.76,8.04,345.00,0.26,1,13.98,169.35,73.73,1,0,21,0,0,STAT,60,LAT,LON,W,CRC
08/30/26 20:58:52,19.62,147.53,14.83,15.58,6.82,426.00,17.80,62.80,1012.00,5.56,8.12,8.30,279.90,0.07,1,13.95,113.84,73.53,1,0,20,0,0,STAT,60,LAT,LON,W,CRC
08/30/26 20:59:49,19.62,149.14,15.77,14.64,6.66,426.00,17.80,62.80,1012.00,5.76,9.05,9.23,321.10,0.24,1,13.87,35.73,77.57,1,0,20,0,0,STAT,60,LAT,LON,W,CRC
08/30/26 21:00:50,19.63,146.23,14.39,15.42,6.09,426.00,17.80,63.30,1012.00,5.21,8.23,8.45,355.80,0.65,1,13.80,11.21,76.35,1,0,20,0,0,STAT,60,LAT,LON,W,CRC
08/30/26 21:01:52,19.66,150.63,15.45,14.71,7.26,425.42,17.80,63.10,1012.00,5.17,8.19,8.33,167.10,0.43,1,13.87,70.91,74.40,1,0,20,0,0,STAT,60,LAT,LON,W,CRC
08/30/26 21:02:49,19.69,145.35,15.78,15.17,8.33,425.70,17.70,63.30,1012.00,5.23,7.81,7.86,118.40,0.39,1,13.95,164.88,78.38,1,0,19,0,0,STAT,60,LAT,LON,W,CRC
08/30/26 21:03:50,19.71,129.16,15.29,15.21,6.62,425.90,18.00,63.00,1012.00,5.02,7.51,7.69,191.60,0.19,1,13.87,46.57,76.93,1,0,20,0,0,STAT,60,LAT,LON,W,CRC
08/30/26 21:04:53,19.71,135.31,15.48,14.67,7.22,425.72,18.10,62.50,1012.00,5.13,7.40,7.48,219.70,0.22,1,13.84,13.15,77.47,1,0,20,0,0,STAT,60,LAT,LON,W,CRC
08/30/26 21:05:49,19.72,143.03,15.42,14.08,7.80,425.89,18.20,62.40,1012.00,5.43,8.51,8.95,179.10,0.64,1,13.80,4.13,75.32,1,0,21,0,0,STAT,60,LAT,LON,W,CRC
08/30/26 21:06:52,19.72,145.21,14.17,13.61,7.91,425.96,18.20,62.20,1012.00,5.40,8.64,9.08,199.80,0.32,1,13.98,191.31,77.20,1,0,21,0,0,STAT,60,LAT,LON,W,CRC
08/30/26 21:07:50,19.75,145.71,16.53,14.04,7.38,425.99,18.20,61.20,1012.00,5.27,8.29,8.46,194.40,0.64,1,13.87,60.04,73.30,1,0,20,0,0,STAT,60,LAT,LON,W,CRC
08/30/26 21:08:52,19.79,147.25,15.50,15.03,6.05,425.99,18.20,61.60,1012.00,5.59,8.19,8.46,185.50,0.63,1,13.84,16.96,70.73,1,0,20,0,0,STAT,60,LAT,LON,W,CRC
08/30/26 21:09:50,19.81,139.56,15.33,15.28,6.48,426.00,18.20,61.80,1012.00,5.80,8.58,8.75,193.00,0.39,1,13.80,5.32,73.72,1,0,20,1,0,STAT,60,LAT,LON,W,CRC
08/30/26 21:10:53,19.81,137.27,15.61,14.76,7.52,426.00,18.20,61.70,1012.00,5.52,8.69,8.75,115.70,0.21,1,14.02,236.78,78.99,1,0,19,0,0,STAT,60,LAT,LON,W,CRC
08/30/26 21:11:50,19.82,136.80,15.07,14.51,8.45,426.00,18.20,61.80,1012.00,5.44,8.72,9.20,177.60,0.19,1,13.91,74.31,74.28,1,0,20,0,0,STAT,60,LAT,LON,W,CRC
08/30/26 21:12:52,19.82,138.70,15.17,14.01,8.33,426.00,18.20,61.80,1012.00,5.37,8.28,8.51,193.40,0.67,1,13.84,20.99,70.04,1,0,20,0,0,STAT,60,LAT,LON,W,CRC
08/30/26 21:13:49,19.82,138.67,16.14,14.51,6.95,426.00,18.30,62.10,1012.00,4.95,7.48,8.55,200.80,0.45,1,13.77,6.59,75.23,1,0,19,0,0,STAT,60,LAT,LON,W,CRC
08/30/26 21:14:51,19.86,142.49,15.59,14.52,7.33,426.00,18.30,61.80,1012.00,5.19,7.74,8.31,179.80,0.62,1,14.09,262.69,74.63,1,0,20,0,0,STAT,60,LAT,LON,W,CRC
08/30/26 21:15:52,19.89,137.35,15.01,13.65,7.47,426.48,18.20,61.50,1012.00,5.63,8.57,8.78,193.00,0.49,1,13.91,83.91,70.36,1,0,20,0,0,STAT,60,LAT,LON,W,CRC
08/30/26 21:16:54,19.91,139.32,14.56,13.92,8.04,426.82,18.30,62.20,1012.00,5.53,8.37,8.70,186.40,0.13,1,13.84,23.70,71.18,1,0,20,0,0,STAT,60,LAT,LON,W,CRC
08/30/26 21:17:51,19.91,136.83,13.49,14.67,7.20,426.93,18.20,62.60,1012.00,4.91,7.48,8.13,6.80,0.37,1,13.80,7.44,77.73,1,0,21,0,0,STAT,60,LAT,LON,W,CRC
08/30/26 21:18:52,19.91,141.47,13.91,14.20,7.64,426.98,18.00,61.90,1012.00,4.86,7.50,7.72,144.20,0.96,1,13.95,123.46,77.88,1,0,22,0,0,STAT,60,LAT,LON,W,CRC
08/30/26 21:19:49,19.92,138.73,13.54,14.36,8.57,426.99,17.90,61.80,1012.00,5.31,8.44,8.52,145.60,1.00,1,13.95,144.71,76.40,1,0,21,0,0,STAT,60,LAT,LON,W,CRC
08/30/26 21:20:55,19.92,129.63,15.50,12.89,9.78,427.00,17.80,62.00,1012.00,5.46,9.00,9.17,147.30,0.90,1,13.87,40.87,78.75,1,0,19,1,1,STAT,60,LAT,LON,W,CRC
08/30/26 21:21:52,19.92,121.78,16.13,13.78,8.69,427.00,17.90,62.20,1012.00,5.68,9.08,9.33,150.70,0.38,1,13.80,12.83,72.71,1,0,18,1,1,STAT,60,LAT,LON,W,CRC
08/30/26 21:22:54,19.92,128.56,14.88,15.19,7.73,427.00,18.00,62.50,1012.00,4.96,7.67,7.82,162.50,0.13,1,13.77,3.62,72.10,1,0,19,1,0,STAT,60,LAT,LON,W,CRC
08/30/26 21:23:56,19.92,137.77,15.30,15.23,7.33,427.00,18.10,63.10,1012.00,5.12,8.16,8.21,348.10,0.61,1,13.95,135.00,69.66,1,0,19,0,0,STAT,60,LAT,LON,W,CRC
08/30/26 21:24:53,19.92,145.71,15.38,15.13,7.34,427.00,18.10,62.70,1012.00,4.91,8.08,8.43,90.30,0.19,1,13.87,42.37,69.80,1,0,19,0,0,STAT,60,LAT,LON,W,CRC
08/30/26 21:25:55,19.92,142.46,15.10,15.05,7.33,427.00,18.30,62.90,1012.00,4.54,7.68,7.97,140.50,0.05,1,13.80,11.97,68.95,1,0,20,0,0,STAT,60,LAT,LON,W,CRC
08/30/26 21:26:52,19.92,148.48,14.77,14.52,7.45,426.59,18.30,61.50,1012.00,4.70,7.86,8.19,191.00,0.50,1,13.77,3.75,76.31,1,0,21,0,0,STAT,60,LAT,LON,W,CRC
08/30/26 21:27:55,19.93,151.22,16.46,13.65,8.40,426.21,18.30,61.50,1012.00,4.96,8.77,9.06,201.70,0.41,1,13.98,191.50,72.24,1,0,20,0,0,STAT,60,LAT,LON,W,CRC
08/30/26 21:28:52,19.97,148.22,15.35,13.08,8.68,426.08,18.30,61.50,1012.00,4.90,8.19,8.49,206.50,0.30,1,13.87,60.10,70.89,1,0,21,0,0,STAT,60,LAT,LON,W,CRC
08/30/26 21:29:54,20.00,141.18,15.29,13.38,8.28,426.03,18.30,61.80,1012.00,5.37,8.16,8.45,268.50,0.17,1,13.84,16.97,75.34,1,0,20,0,0,STAT,60,LAT,LON,W,CRC
08/30/26 21:30:57,20.01,142.21,15.97,13.94,7.73,426.01,18.30,61.50,1012.00,4.93,8.22,8.69,213.50,0.25,1,13.80,4.79,77.10,1,0,20,0,0,STAT,60,LAT,LON,W,CRC
08/30/26 21:31:53,20.01,145.84,15.46,13.98,7.67,426.00,18.40,61.50,1012.00,4.73,7.93,8.38,208.80,0.19,1,14.09,288.79,72.29,1,0,21,0,0,STAT,60,LAT,LON,W,CRC
08/30/26 21:32:55,20.01,143.56,14.27,13.49,9.25,426.08,18.50,61.70,1012.00,5.23,8.22,8.47,223.40,0.19,1,13.91,89.86,76.14,1,0,21,0,0,STAT,60,LAT,LON,W,CRC
08/30/26 21:33:59,20.01,143.30,13.14,14.84,7.80,426.06,18.60,62.30,1012.00,5.03,7.91,8.11,232.40,0.11,1,13.84,25.38,78.64,1,0,22,0,0,STAT,60,LAT,LON,W,CRC
08/30/26 21:34:56,20.05,144.04,14.89,13.80,7.89,426.02,18.60,61.00,1012.00,5.14,7.93,8.00,204.90,0.56,1,13.80,7.96,74.23,1,0,20,0,0,STAT,60,LAT,LON,W,CRC
08/30/26 21:35:53,20.08,146.29,16.03,13.81,8.73,426.01,18.40,61.00,1012.00,4.64,6.92,6.94,167.70,0.44,1,13.98,200.33,72.11,1,0,20,0,0,STAT,60,LAT,LON,W,CRC
08/30/26 21:36:55,20.10,137.35,14.23,13.43,9.23,426.00,18.50,61.30,1012.00,5.02,7.79,8.23,163.80,0.36,1,13.95,119.82,69.61,1,0,21,0,0,STAT,60,LAT,LON,W,CRC
08/30/26 21:37:57,20.11,136.89,13.20,14.89,7.87,426.00,18.50,62.10,1012.00,4.59,7.34,7.67,12.10,0.23,1,13.87,33.84,72.44,1,0,22,0,0,STAT,60,LAT,LON,W,CRC
08/30/26 21:38:53,20.11,141.83,13.88,14.45,7.93,426.00,18.60,61.70,1012.00,5.08,7.27,7.47,311.20,0.04,1,13.84,10.62,72.43,1,0,22,0,0,STAT,60,LAT,LON,W,CRC
08/30/26 21:39:55,20.11,150.43,12.97,15.71,7.43,426.21,18.60,62.80,1012.00,5.12,7.81,7.90,341.50,0.66,1,13.87,80.74,70.87,1,0,22,0,0,STAT,60,LAT,LON,W,CRC
08/30/26 21:40:53,20.15,148.12,14.03,15.79,6.36,426.49,18.60,61.80,1012.00,4.94,7.62,8.14,5.30,0.86,1,13.95,172.55,74.00,1,0,23,0,0,STAT,60,LAT,LON,W,CRC
08/30/26 21:41:55,20.19,143.61,14.36,15.56,7.61,426.45,18.60,62.70,1012.00,4.92,7.42,7.73,33.00,0.61,1,13.87,48.73,70.98,1,0,21,0,0,STAT,60,LAT,LON,W,CRC
08/30/26 21:42:58,20.20,143.71,14.09,14.99,7.61,426.81,18.60,62.70,1012.00,4.66,7.34,7.45,28.10,0.39,1,13.84,13.76,71.09,1,0,23,0,0,STAT,60,LAT,LON,W,CRC
08/30/26 21:43:54,20.21,143.59,14.69,14.60,7.66,426.93,18.60,61.20,1012.00,4.78,7.16,7.30,35.60,0.35,1,13.80,4.32,74.84,1,0,22,0,0,STAT,60,LAT,LON,W,CRC
08/30/26 21:44:56,20.22,188.30,15.93,13.60,7.39,426.97,18.70,60.80,1012.00,4.99,7.51,7.72,342.50,0.39,1,13.98,204.72,72.42,1,0,21,0,0,STAT,60,LAT,LON,W,CRC
08/30/26 21:45:58,20.27,176.46,14.13,13.27,7.55,426.99,18.70,61.00,1012.00,4.98,7.50,7.88,12.40,0.35,1,13.87,57.82,69.67,1,0,23,0,0,STAT,60,LAT,LON,W,CRC
08/30/26 21:46:56,20.30,155.74,12.61,13.41,8.91,427.00,18.70,61.20,1012.00,5.15,8.07,8.23,30.50,0.34,1,13.84,18.14,70.99,1,0,24,0,0,STAT,60,LAT,LON,W,CRC
08/30/26 21:47:54,20.30,148.53,13.68,13.97,7.85,427.38,18.60,60.70,1012.00,5.70,8.21,8.58,34.90,0.43,1,13.80,5.69,72.27,1,0,23,0,0,STAT,60,LAT,LON,W,CRC
08/30/26 21:48:56,20.34,143.36,13.92,13.03,8.50,427.13,18.70,60.50,1012.00,5.90,8.36,8.74,46.60,0.33,1,14.05,238.37,72.34,1,0,23,0,0,STAT,60,LAT,LON,W,CRC
08/30/26 21:49:54,20.38,139.20,14.26,13.34,7.40,427.05,18.60,60.90,1012.00,5.05,7.66,7.94,31.60,0.46,1,13.91,74.80,75.64,1,0,22,0,0,STAT,60,LAT,LON,W,CRC
08/30/26 21:50:54,20.40,142.56,14.65,13.08,7.20,427.02,18.60,60.50,1012.00,5.12,7.53,7.62,49.40,0.41,1,13.84,21.13,71.62,1,0,22,0,0,STAT,60,LAT,LON,W,CRC
08/30/26 21:51:57,20.41,142.90,13.45,13.76,7.00,427.01,18.60,60.90,1012.00,5.04,7.34,7.52,79.60,0.19,1,13.80,5.97,73.00,1,0,23,0,0,STAT,60,LAT,LON,W,CRC
08/30/26 21:52:54,20.45,140.09,13.18,14.44,6.63,427.00,18.60,60.80,1012.00,5.09,7.50,7.83,148.90,0.36,1,13.91,146.93,70.39,1,0,23,0,0,STAT,60,LAT,LON,W,CRC
08/30/26 21:54:03,20.49,137.24,13.41,15.22,6.18,427.00,18.60,60.80,1012.00,5.43,8.16,8.50,12.00,0.31,1,13.91,136.40,71.48,1,0,23,0,0,STAT,60,LAT,LON,W,CRC
08/30/26 21:55:00,20.50,137.07,13.84,14.35,6.05,427.00,18.60,61.10,1012.00,5.53,8.64,8.77,42.80,0.34,1,13.87,42.80,72.14,1,0,23,0,0,STAT,60,LAT,LON,W,CRC
08/30/26 21:55:57,20.51,136.85,14.13,14.44,7.38,427.00,18.50,61.50,1012.00,4.94,8.09,8.41,26.20,0.28,1,13.84,13.43,70.11,1,0,23,0,0,STAT,60,LAT,LON,W,CRC
08/30/26 21:56:58,20.51,142.77,17.29,14.20,6.07,427.00,18.40,60.70,1012.00,5.26,7.80,7.93,95.10,0.21,1,13.80,3.79,73.03,1,0,20,0,0,STAT,60,LAT,LON,W,CRC
08/30/26 21:58:00,20.51,146.49,15.35,12.88,9.42,427.00,18.30,60.70,1012.00,5.67,8.64,8.88,147.70,0.59,1,13.98,207.05,75.16,1,0,22,0,0,STAT,60,LAT,LON,W,CRC
08/30/26 21:58:56,20.51,132.13,15.40,14.31,8.73,427.09,18.40,61.80,1012.00,4.72,7.58,7.96,61.80,0.18,1,13.91,64.97,72.57,1,0,21,1,0,STAT,60,LAT,LON,W,CRC
08/30/26 21:59:58,20.51,130.33,14.30,15.15,7.31,427.03,18.50,62.40,1012.00,4.91,7.90,8.09,42.80,0.15,1,13.84,18.35,70.09,1,0,22,0,0,STAT,60,LAT,LON,W,CRC
08/30/26 22:00:56,20.52,135.82,13.92,14.39,6.99,427.01,18.70,61.90,1012.00,4.97,8.41,8.89,253.60,0.02,1,13.80,5.76,74.83,1,0,23,0,0,STAT,60,LAT,LON,W,CRC
08/30/26 22:01:59,20.55,139.15,14.38,13.61,8.01,427.65,18.80,61.10,1012.00,5.31,7.54,7.75,201.50,0.19,1,14.02,232.76,80.38,1,0,23,0,0,STAT,60,LAT,LON,W,CRC
08/30/26 22:02:55,20.57,136.63,13.64,13.44,9.49,427.74,18.90,61.50,1012.00,4.67,6.99,7.07,196.50,0.01,1,13.91,73.04,74.12,1,0,24,0,0,STAT,60,LAT,LON,W,CRC
08/30/26 22:03:58,20.59,136.35,14.98,13.91,8.25,427.91,18.90,60.80,1012.00,5.20,7.94,7.97,127.20,0.17,1,13.84,20.63,74.05,1,0,23,0,0,STAT,60,LAT,LON,W,CRC
08/30/26 22:05:00,20.60,140.50,15.22,14.35,7.90,427.97,18.90,61.40,1012.00,5.31,7.96,8.05,194.80,0.06,1,13.80,5.83,70.63,1,0,22,0,0,STAT,60,LAT,LON,W,CRC
08/30/26 22:05:56,20.60,142.83,16.73,13.77,6.67,427.99,18.80,60.30,1012.00,4.99,7.19,7.49,139.20,0.23,1,13.91,134.91,69.03,1,0,21,0,0,STAT,60,LAT,LON,W,CRC
08/30/26 22:06:59,20.61,140.72,15.18,14.57,6.44,427.83,18.80,60.30,1012.00,4.99,7.70,8.22,107.60,0.32,1,13.98,145.69,68.86,1,0,22,0,0,STAT,60,LAT,LON,W,CRC
08/30/26 22:07:56,20.61,133.42,15.21,13.59,6.51,427.39,18.80,59.60,1012.00,4.68,7.94,8.46,185.90,0.30,1,13.87,45.72,71.94,1,0,23,0,0,STAT,60,LAT,LON,W,CRC
08/30/26 22:08:59,20.62,131.31,14.25,14.47,6.90,427.14,18.80,60.20,1012.00,4.43,7.93,8.12,179.60,0.30,1,13.84,12.91,69.62,1,0,23,0,0,STAT,60,LAT,LON,W,CRC
08/30/26 22:10:01,20.66,130.55,13.94,14.86,6.97,427.34,18.70,60.40,1012.00,4.68,7.92,7.99,168.80,0.33,1,13.80,3.65,69.94,1,0,23,1,0,STAT,60,LAT,LON,W,CRC
08/30/26 22:10:57,20.67,133.76,14.19,14.26,7.22,427.52,18.70,60.30,1012.00,4.72,7.79,7.91,261.50,0.29,1,13.95,200.91,70.26,1,0,22,2,0,STAT,60,LAT,LON,W,CRC
08/30/26 22:11:59,20.68,133.84,14.04,14.12,8.55,427.66,18.50,60.90,1012.00,5.18,7.82,8.00,10.40,0.41,1,14.02,160.17,69.61,1,0,21,1,1,STAT,60,LAT,LON,W,CRC
08/30/26 22:13:00,20.67,128.73,14.55,13.39,9.22,427.88,18.50,61.20,1012.00,4.94,7.37,7.43,265.30,0.07,1,13.91,45.24,74.41,1,0,21,1,1,STAT,60,LAT,LON,W,CRC
08/30/26 22:14:02,20.65,128.90,15.83,12.79,9.83,427.55,18.40,60.70,1012.00,4.81,7.42,7.49,133.10,0.25,1,13.84,12.78,72.60,1,0,21,1,0,STAT,60,LAT,LON,W,CRC
08/30/26 22:14:57,20.62,125.83,13.93,15.27,7.07,427.16,18.50,61.80,1012.00,5.35,8.38,8.43,90.70,0.10,1,13.80,4.01,74.60,1,0,22,1,1,STAT,60,LAT,LON,W,CRC
08/30/26 22:16:00,20.61,126.43,13.37,15.21,7.02,427.01,18.50,62.10,1012.00,5.28,7.90,7.92,38.50,0.11,1,13.87,99.65,70.39,1,0,22,1,1,STAT,60,LAT,LON,W,CRC
08/30/26 22:16:57,20.61,129.19,16.50,14.95,6.29,427.00,18.50,61.70,1012.00,5.18,7.57,7.70,92.00,0.21,1,14.05,250.08,73.77,1,0,21,1,0,STAT,60,LAT,LON,W,CRC
08/30/26 22:17:59,20.61,131.48,15.01,14.65,7.01,427.00,18.40,61.50,1012.00,5.30,7.41,7.65,99.90,0.21,1,13.91,70.63,74.48,1,0,22,0,0,STAT,60,LAT,LON,W,CRC
08/30/26 22:18:57,20.61,131.07,14.12,16.64,5.63,427.00,18.30,63.00,1012.00,5.08,7.54,7.62,315.00,0.08,1,13.87,22.16,76.32,1,0,22,2,0,STAT,60,LAT,LON,W,CRC
08/30/26 22:19:58,20.61,132.18,13.66,15.61,7.20,427.00,18.40,62.00,1012.00,4.88,7.49,7.52,144.40,0.17,1,13.80,6.26,72.90,1,0,23,2,1,STAT,60,LAT,LON,W,CRC
08/30/26 22:21:02,20.61,128.29,14.29,15.22,8.81,427.00,18.40,62.20,1012.00,4.86,7.78,7.79,70.50,0.20,1,13.91,112.47,76.85,1,0,22,1,1,STAT,60,LAT,LON,W,CRC
08/30/26 22:21:58,20.60,130.11,14.01,14.97,8.78,427.00,18.30,62.50,1012.00,4.87,7.52,7.71,323.80,0.07,1,14.02,199.77,70.72,1,0,22,1,1,STAT,60,LAT,LON,W,CRC
08/30/26 22:22:59,20.59,133.34,13.90,13.87,8.56,427.00,18.30,61.50,1012.00,4.87,7.44,7.64,124.50,0.06,1,13.91,56.42,72.45,1,0,22,0,1,STAT,60,LAT,LON,W,CRC
08/30/26 22:24:02,20.59,129.62,14.27,14.33,8.09,427.00,18.30,61.80,1012.00,4.98,7.74,8.21,11.80,0.13,1,13.84,15.94,69.78,1,0,22,0,1,STAT,60,LAT,LON,W,CRC
08/30/26 22:24:59,20.56,133.44,14.84,13.18,8.59,427.00,18.30,61.20,1012.00,5.25,7.76,7.93,123.00,0.47,1,13.80,5.00,76.61,1,0,22,0,1,STAT,60,LAT,LON,W,CRC
08/30/26 22:26:00,20.53,137.17,15.01,13.66,9.54,427.00,18.30,61.40,1012.00,5.21,7.73,8.22,155.40,0.49,1,13.87,71.90,72.89,1,0,20,1,2,STAT,60,LAT,LON,W,CRC
08/30/26 22:27:02,20.52,129.73,15.00,14.91,8.88,426.93,18.30,61.80,1012.00,5.12,7.48,7.98,79.40,0.25,1,14.05,216.02,69.20,1,0,21,1,1,STAT,60,LAT,LON,W,CRC
08/30/26 22:28:01,20.51,129.10,13.06,15.45,7.40,426.97,18.30,62.20,1012.00,4.74,7.24,7.44,75.20,0.21,1,13.91,67.79,69.04,1,0,22,1,1,STAT,60,LAT,LON,W,CRC
08/30/26 22:29:03,20.51,126.95,13.05,15.50,7.09,426.49,18.30,61.90,1012.00,4.94,7.52,7.84,13.70,0.28,1,13.84,19.15,72.95,1,0,22,1,1,STAT,60,LAT,LON,W,CRC
08/30/26 22:30:00,20.51,130.04,13.31,14.68,8.60,426.48,18.30,61.90,1012.00,4.50,6.95,7.10,62.00,0.21,1,13.80,6.01,73.40,1,0,22,1,2,STAT,60,LAT,LON,W,CRC
08/30/26 22:31:01,20.51,129.66,15.00,13.79,8.97,426.27,18.20,61.00,1012.00,4.47,6.94,7.02,80.60,0.37,1,13.84,39.44,71.96,1,0,21,1,1,STAT,60,LAT,LON,W,CRC
08/30/26 22:31:59,20.50,133.64,14.43,13.64,9.58,426.72,18.10,60.40,1012.00,4.28,7.20,7.51,128.30,0.37,1,14.05,263.22,76.84,1,0,22,1,2,STAT,60,LAT,LON,W,CRC
08/30/26 22:33:01,20.49,117.43,14.79,13.48,10.36,427.04,18.10,61.90,1012.00,4.21,6.93,7.04,332.40,0.30,1,13.95,85.58,70.94,1,0,21,2,1,STAT,60,LAT,LON,W,CRC
08/30/26 22:34:03,20.44,124.62,13.82,13.20,9.71,427.01,18.10,61.00,1012.00,4.70,7.01,7.14,238.20,0.27,1,13.87,24.17,72.52,1,0,22,2,0,STAT,60,LAT,LON,W,CRC
08/30/26 22:34:59,20.42,133.96,13.34,13.75,10.30,426.78,18.20,61.60,1012.00,4.54,6.44,6.79,185.90,0.29,1,13.80,7.58,74.31,1,0,22,2,1,STAT,60,LAT,LON,W,CRC
08/30/26 22:36:01,20.41,126.45,13.24,15.15,8.05,426.27,18.20,62.00,1012.00,4.65,7.33,7.46,18.40,0.19,1,13.77,2.14,73.86,1,0,21,1,1,STAT,60,LAT,LON,W,CRC
08/30/26 22:36:59,20.41,126.46,11.44,13.72,8.93,426.42,18.20,61.70,1012.00,4.58,7.67,7.87,67.50,0.09,1,13.98,204.74,72.89,1,0,23,1,1,STAT,60,LAT,LON,W,CRC
08/30/26 22:38:01,20.41,124.80,11.31,15.01,8.44,426.15,18.20,62.20,1012.00,4.89,7.46,7.65,12.70,0.18,1,14.02,155.94,69.83,1,0,23,1,1,STAT,60,LAT,LON,W,CRC
08/30/26 22:39:03,20.40,125.29,12.42,15.13,7.89,426.05,18.20,62.00,1012.00,4.60,6.80,6.87,43.30,0.18,1,13.91,44.04,72.98,1,0,23,1,1,STAT,60,LAT,LON,W,CRC
08/30/26 22:40:00,20.39,132.04,13.50,13.94,9.71,426.02,18.00,61.60,1012.00,4.32,6.73,6.98,117.10,0.43,1,13.84,13.82,70.35,1,0,21,0,1,STAT,60,LAT,LON,W,CRC
08/30/26 22:41:02,20.36,125.09,13.08,13.07,10.29,426.01,18.00,61.70,1012.00,4.78,7.06,7.23,348.60,0.15,1,13.80,3.90,74.42,1,0,22,1,1,STAT,60,LAT,LON,W,CRC
08/30/26 22:41:59,20.33,123.23,13.52,14.01,8.82,426.00,18.00,61.30,1012.00,4.67,7.16,7.37,85.40,0.17,1,13.84,30.58,72.12,1,0,22,0,1,STAT,60,LAT,LON,W,CRC
08/30/26 22:43:02,20.32,124.07,14.05,14.42,8.97,426.00,18.10,62.00,1012.00,5.22,7.38,7.45,18.20,0.11,1,14.02,224.49,74.42,1,0,20,2,1,STAT,60,LAT,LON,W,CRC
08/30/26 22:44:03,20.31,122.14,13.76,13.59,8.36,426.00,18.20,61.90,1012.00,4.89,7.25,7.28,61.30,0.10,1,13.98,124.00,72.39,1,0,21,2,0,STAT,60,LAT,LON,W,CRC
08/30/26 22:45:01,20.31,124.02,13.32,15.31,7.42,425.94,18.20,62.30,1012.00,4.74,7.49,7.49,46.20,0.18,1,13.91,38.91,73.31,1,0,21,2,0,STAT,60,LAT,LON,W,CRC
08/30/26 22:46:03,20.31,124.51,14.50,14.89,8.75,425.98,18.10,61.40,1012.00,4.84,7.62,7.62,93.70,0.30,1,13.84,10.99,72.48,1,0,20,1,0,STAT,60,LAT,LON,W,CRC
08/30/26 22:47:00,20.31,124.21,15.02,15.21,8.80,425.99,18.10,62.30,1012.00,4.80,7.08,7.59,50.90,0.26,1,13.80,3.45,75.91,1,0,19,1,1,STAT,60,LAT,LON,W,CRC
08/30/26 22:48:05,20.31,120.60,13.33,15.18,9.06,426.00,18.10,62.10,1012.00,4.35,6.79,6.98,31.20,0.23,1,13.95,158.62,73.36,1,0,22,2,1,STAT,60,LAT,LON,W,CRC
08/30/26 22:49:02,20.31,121.22,14.73,14.73,9.77,426.00,18.10,62.00,1012.00,4.40,6.82,7.02,50.40,0.15,1,13.98,178.94,74.38,1,0,20,1,1,STAT,60,LAT,LON,W,CRC
08/30/26 22:50:03,20.31,125.59,14.71,14.31,9.75,426.00,18.10,61.50,1012.00,4.30,6.50,6.58,88.40,0.19,1,13.91,50.54,71.95,1,0,20,1,1,STAT,60,LAT,LON,W,CRC
08/30/26 22:51:01,20.30,123.93,13.71,14.43,10.61,426.00,18.10,62.90,1012.00,4.68,6.69,7.08,17.30,0.27,1,13.84,15.86,73.36,1,0,21,1,1,STAT,60,LAT,LON,W,CRC
08/30/26 22:52:04,20.29,124.91,12.87,14.62,10.06,426.00,18.20,62.80,1012.00,4.83,6.90,7.31,352.70,0.08,1,13.80,4.48,74.99,1,0,22,1,1,STAT,60,LAT,LON,W,CRC
08/30/26 22:53:01,20.29,131.73,11.84,13.37,10.42,426.00,18.30,61.30,1012.00,4.43,6.15,6.53,215.50,0.21,1,13.84,59.92,74.27,1,0,23,0,0,STAT,60,LAT,LON,W,CRC
08/30/26 22:54:03,20.29,129.40,13.10,12.79,10.53,426.08,18.30,60.40,1012.00,4.47,6.48,6.75,220.30,0.25,1,14.02,228.74,75.10,1,0,22,1,1,STAT,60,LAT,LON,W,CRC
08/30/26 22:55:05,20.29,125.24,14.03,13.14,10.12,426.03,18.30,61.00,1012.00,4.23,6.80,7.04,188.90,0.06,1,13.98,121.08,75.83,1,0,21,1,0,STAT,60,LAT,LON,W,CRC
08/30/26 22:56:02,20.29,120.77,13.72,14.41,10.00,426.01,18.30,60.90,1012.00,4.45,6.89,7.26,187.40,0.18,1,13.91,37.99,77.88,1,0,22,2,1,STAT,60,LAT,LON,W,CRC
08/30/26 22:57:03,20.29,119.25,12.80,15.15,10.07,426.00,18.30,61.20,1012.00,3.96,6.29,6.41,13.10,0.11,1,13.84,10.73,75.38,1,0,22,1,1,STAT,60,LAT,LON,W,CRC
08/30/26 22:58:04,20.28,114.85,11.94,13.90,10.57,426.00,18.30,61.50,1012.00,3.69,5.94,5.99,138.40,0.07,1,13.80,3.03,74.64,1,0,22,1,1,STAT,60,LAT,LON,W,CRC
08/30/26 22:59:05,20.27,121.39,13.38,13.29,10.35,425.66,18.30,61.00,1012.00,4.47,7.26,7.33,202.70,0.35,1,13.80,31.82,70.40,1,0,21,1,1,STAT,60,LAT,LON,W,CRC
08/30/26 23:00:02,20.25,120.15,14.67,13.84,9.98,425.25,18.30,61.30,1012.00,4.84,8.17,8.56,287.40,0.21,1,13.98,218.86,75.45,1,0,21,2,1,STAT,60,LAT,LON,W,CRC
08/30/26 23:01:00,20.23,129.11,15.38,13.64,10.26,425.33,18.10,61.50,1012.00,4.40,7.15,7.42,326.70,0.48,1,13.98,169.93,76.23,1,0,21,2,0,STAT,60,LAT,LON,W,CRC
08/30/26 23:02:02,20.22,125.37,13.49,14.86,10.12,425.76,18.10,61.80,1012.00,4.27,7.81,8.06,349.20,0.69,1,13.91,47.99,77.08,1,0,21,3,0,STAT,60,LAT,LON,W,CRC
08/30/26 23:03:04,20.21,120.83,13.91,14.34,11.18,425.92,18.10,63.10,1012.00,4.61,8.02,8.14,1.90,0.35,1,13.84,13.55,72.22,1,0,20,1,1,STAT,60,LAT,LON,W,CRC
08/30/26 23:04:01,20.21,123.70,14.19,15.57,9.44,425.97,18.20,62.70,1012.00,4.96,7.85,8.12,156.60,0.12,1,13.80,4.25,76.86,1,0,19,1,1,STAT,60,LAT,LON,W,CRC
08/30/26 23:05:04,20.21,124.72,14.44,14.91,8.87,425.99,18.20,62.10,1012.00,5.05,8.06,8.31,175.00,0.27,1,13.80,27.33,77.47,1,0,20,1,1,STAT,60,LAT,LON,W,CRC
08/30/26 23:06:01,20.21,129.89,12.88,15.96,9.65,426.00,18.20,62.80,1012.00,5.22,8.38,8.60,181.40,0.14,1,13.95,182.87,73.68,1,0,21,1,1,STAT,60,LAT,LON,W,CRC
08/30/26 23:07:03,20.21,125.95,13.46,15.90,8.85,425.85,18.20,63.30,1012.00,4.61,7.34,7.42,338.60,0.17,1,14.09,227.69,70.54,1,0,20,2,1,STAT,60,LAT,LON,W,CRC
08/30/26 23:08:03,20.21,123.31,12.45,15.52,8.99,425.54,18.20,63.20,1012.00,4.05,6.88,7.09,353.40,0.27,1,13.98,89.26,72.08,1,0,21,2,1,STAT,60,LAT,LON,W,CRC
08/30/26 23:09:04,20.21,124.77,12.93,15.50,8.21,425.19,18.20,63.00,1012.00,4.08,6.76,7.68,112.70,0.05,1,13.87,25.21,75.00,1,0,21,0,1,STAT,60,LAT,LON,W,CRC
08/30/26 23:10:07,20.21,126.24,13.11,14.53,9.16,425.07,18.30,62.70,1012.00,4.52,7.46,8.16,260.40,0.06,1,13.84,7.12,75.97,1,0,21,1,1,STAT,60,LAT,LON,W,CRC
08/30/26 23:11:03,20.21,124.82,12.29,15.27,8.71,425.03,18.30,63.10,1012.00,4.22,7.13,7.49,337.80,0.23,1,13.80,2.23,74.58,1,0,22,1,1,STAT,60,LAT,LON,W,CRC
08/30/26 23:12:06,20.21,127.81,12.33,15.05,9.19,425.01,18.30,62.90,1012.00,4.35,7.19,7.32,353.90,0.33,1,13.84,45.99,76.51,1,0,22,1,1,STAT,60,LAT,LON,W,CRC
08/30/26 23:13:03,20.21,127.91,13.05,14.32,9.26,425.00,18.20,61.90,1012.00,4.30,7.02,7.12,232.70,0.17,1,13.95,181.96,73.54,1,0,22,1,1,STAT,60,LAT,LON,W,CRC
08/30/26 23:14:07,20.21,128.55,12.49,14.31,10.14,425.00,18.30,62.60,1012.00,4.18,6.79,7.31,329.30,0.23,1,14.12,232.57,74.14,1,0,20,1,1,STAT,60,LAT,LON,W,CRC
08/30/26 23:15:04,20.21,130.25,12.93,14.18,10.68,425.00,18.20,63.40,1012.00,4.12,6.16,6.52,6.60,0.41,1,13.95,72.98,72.45,1,0,20,1,1,STAT,60,LAT,LON,W,CRC
08/30/26 23:16:06,20.21,131.42,13.16,15.56,9.39,425.00,18.10,63.40,1012.00,4.24,6.19,6.47,353.80,0.52,1,13.87,20.61,75.66,1,0,21,1,1,STAT,60,LAT,LON,W,CRC
08/30/26 23:17:03,20.21,132.14,13.20,15.07,10.18,425.00,18.10,64.10,1012.00,4.58,7.30,7.94,353.90,0.62,1,13.84,6.47,71.12,1,0,21,0,1,STAT,60,LAT,LON,W,CRC
08/30/26 23:18:06,20.21,129.40,12.53,15.82,8.59,425.16,18.10,64.10,1012.00,4.05,6.71,6.94,17.30,0.52,1,13.80,1.83,70.64,1,0,21,0,0,STAT,60,LAT,LON,W,CRC
08/30/26 23:19:03,20.21,130.96,13.96,14.97,9.35,425.13,18.10,63.80,1012.00,3.99,6.55,6.86,34.80,0.34,1,13.87,107.86,74.89,1,0,20,0,1,STAT,60,LAT,LON,W,CRC
08/30/26 23:20:06,20.21,128.61,13.55,16.33,7.48,425.05,18.10,63.70,1012.00,4.60,7.13,7.24,40.60,0.30,1,14.09,250.84,69.97,1,0,21,0,0,STAT,60,LAT,LON,W,CRC
08/30/26 23:21:09,20.21,125.71,12.00,16.08,8.11,425.39,18.10,64.30,1012.00,4.00,6.62,6.65,354.60,0.25,1,13.95,80.36,70.18,1,0,22,0,1,STAT,60,LAT,LON,W,CRC
08/30/26 23:22:05,20.21,128.45,13.43,15.78,7.72,425.93,18.10,63.40,1012.00,4.49,6.93,6.94,336.40,0.36,1,13.87,25.22,76.50,1,0,21,0,0,STAT,60,LAT,LON,W,CRC
08/30/26 23:23:07,20.21,129.87,13.16,15.44,7.96,426.51,18.10,63.30,1012.00,3.91,6.12,6.13,338.80,0.27,1,13.84,7.12,71.23,1,0,21,0,0,STAT,60,LAT,LON,W,CRC
08/30/26 23:24:04,20.21,132.60,13.24,15.95,7.87,426.52,18.10,63.20,1012.00,4.63,7.08,7.33,335.00,0.33,1,13.80,2.24,69.93,1,0,22,0,1,STAT,60,LAT,LON,W,CRC
08/30/26 23:25:07,20.21,139.03,13.25,15.66,8.30,426.64,18.20,62.90,1012.00,4.75,7.32,7.45,325.80,0.32,1,13.87,122.67,69.34,1,0,22,0,1,STAT,60,LAT,LON,W,CRC
08/30/26 23:26:03,20.21,138.62,13.62,15.91,7.68,426.86,18.00,63.10,1012.00,4.37,6.52,6.57,335.50,0.56,1,14.02,215.90,69.69,1,0,21,1,0,STAT,60,LAT,LON,W,CRC
08/30/26 23:27:06,20.21,130.87,12.03,15.09,7.27,426.95,18.00,62.50,1012.00,4.06,6.56,6.69,343.40,0.73,1,14.02,126.04,69.89,1,0,22,1,0,STAT,60,LAT,LON,W,CRC
08/30/26 23:28:05,20.21,128.66,13.25,16.42,6.37,426.98,17.90,62.80,1012.00,4.48,7.07,7.13,350.40,0.63,1,13.91,39.55,81.47,1,0,22,1,0,STAT,60,LAT,LON,W,CRC
08/30/26 23:29:07,20.21,129.58,15.30,16.80,7.21,426.99,17.90,62.80,1012.00,4.67,7.41,7.68,350.70,0.67,1,13.87,11.17,75.71,1,0,19,1,1,STAT,60,LAT,LON,W,CRC
08/30/26 23:30:09,20.21,130.21,14.17,17.56,6.65,426.65,17.90,63.50,1012.00,4.58,6.83,7.02,7.20,0.56,1,13.80,3.15,70.88,1,0,20,2,1,STAT,60,LAT,LON,W,CRC
08/30/26 23:31:05,20.21,131.58,13.90,16.72,7.52,426.25,17.90,63.90,1012.00,4.58,7.23,7.35,5.30,0.55,1,13.80,0.99,75.42,1,0,20,1,0,STAT,60,LAT,LON,W,CRC
08/30/26 23:32:07,20.21,134.07,12.88,15.52,8.46,426.09,17.90,63.70,1012.00,4.18,6.64,6.80,28.40,0.35,1,13.98,212.48,70.89,1,0,21,1,1,STAT,60,LAT,LON,W,CRC
08/30/26 23:33:04,20.21,127.86,14.23,15.34,7.92,426.03,17.90,62.90,1012.00,3.98,6.55,7.00,34.90,0.42,1,13.98,156.82,69.03,1,0,20,1,0,STAT,60,LAT,LON,W,CRC
08/30/26 23:34:07,20.21,123.59,12.59,15.16,9.14,426.01,17.90,63.30,1012.00,4.05,6.27,6.54,6.40,0.51,1,13.91,44.29,76.52,1,0,21,0,1,STAT,60,LAT,LON,W,CRC
08/30/26 23:35:05,20.21,126.11,12.54,14.75,9.49,426.38,17.70,62.70,1012.00,3.89,6.48,6.66,336.00,0.75,1,13.84,13.90,73.09,1,0,21,0,1,STAT,60,LAT,LON,W,CRC
08/30/26 23:36:08,20.21,130.05,12.32,15.01,9.54,426.13,17.60,63.00,1012.00,4.38,7.12,7.37,338.80,0.84,1,13.80,3.93,70.24,1,0,21,0,1,STAT,60,LAT,LON,W,CRC
08/30/26 23:37:05,20.21,127.54,12.44,15.90,9.42,426.05,17.60,64.20,1012.00,3.99,6.86,7.04,343.80,0.86,1,13.84,64.04,74.60,1,0,21,1,1,STAT,60,LAT,LON,W,CRC
08/30/26 23:38:07,20.21,129.20,15.06,14.86,9.47,426.02,17.70,63.90,1012.00,3.87,6.76,6.85,351.50,0.61,1,14.05,248.47,77.80,1,0,18,0,0,STAT,60,LAT,LON,W,CRC
08/30/26 23:39:10,20.19,126.03,15.23,15.15,8.88,426.01,17.70,63.50,1012.00,4.07,7.21,7.58,347.40,0.80,1,13.95,91.01,75.91,1,0,19,1,0,STAT,60,LAT,LON,W,CRC
08/30/26 23:40:06,20.19,128.50,12.71,15.95,7.16,426.00,17.60,64.00,1012.00,4.28,6.64,6.93,343.50,0.49,1,13.87,28.56,77.85,1,0,23,1,0,STAT,60,LAT,LON,W,CRC
08/30/26 23:41:09,20.19,126.34,13.19,14.58,9.24,426.00,17.70,64.40,1012.00,4.50,7.21,7.39,343.00,0.44,1,13.84,8.07,77.15,1,0,21,1,0,STAT,60,LAT,LON,W,CRC
08/30/26 23:42:06,20.18,126.59,14.61,15.96,7.67,426.00,17.80,64.10,1012.00,4.18,6.86,7.28,20.80,0.47,1,13.80,2.53,72.13,1,0,20,2,1,STAT,60,LAT,LON,W,CRC
08/30/26 23:43:07,20.16,129.06,13.84,15.62,7.87,425.84,17.70,63.60,1012.00,4.19,7.23,7.38,359.00,0.66,1,13.91,142.79,74.72,1,0,20,2,1,STAT,60,LAT,LON,W,CRC
08/30/26 23:44:09,20.14,129.44,12.68,15.74,8.32,425.94,17.60,64.00,1012.00,4.30,7.02,7.07,345.40,0.75,1,14.12,258.33,70.00,1,0,20,1,1,STAT,60,LAT,LON,W,CRC
08/30/26 23:45:06,20.12,131.89,10.76,15.76,8.84,425.98,17.60,64.50,1012.00,4.23,6.57,6.93,341.70,0.87,1,13.95,81.07,69.24,1,0,22,1,1,STAT,60,LAT,LON,W,CRC
08/30/26 23:46:09,20.12,131.01,12.61,15.32,8.57,425.99,17.60,64.30,1011.00,4.18,6.95,7.08,352.70,0.96,1,13.87,22.90,75.03,1,0,22,1,0,STAT,60,LAT,LON,W,CRC
08/30/26 23:47:10,20.11,128.89,13.83,15.85,7.77,426.00,17.60,64.70,1012.00,4.88,7.96,8.01,352.80,0.78,1,13.84,6.47,71.38,1,0,21,1,0,STAT,60,LAT,LON,W,CRC
08/30/26 23:48:08,20.11,130.17,14.00,15.37,8.45,426.00,17.60,64.80,1012.00,4.53,7.31,7.42,345.80,0.77,1,13.77,2.03,80.36,1,0,20,1,1,STAT,60,LAT,LON,W,CRC
08/30/26 23:49:06,20.11,132.80,13.79,15.07,8.98,426.00,17.60,63.90,1012.00,4.35,7.16,7.35,347.30,0.79,1,13.95,183.46,74.84,1,0,21,2,1,STAT,60,LAT,LON,W,CRC
08/30/26 23:50:07,20.11,129.83,11.79,15.80,8.34,426.00,17.60,64.60,1012.00,3.83,6.45,6.52,349.70,0.55,1,14.02,158.29,71.26,1,0,23,1,0,STAT,60,LAT,LON,W,CRC
08/30/26 23:51:09,20.11,129.57,14.44,15.32,8.76,426.00,17.70,65.00,1012.00,4.12,7.24,7.65,2.60,0.33,1,13.91,44.71,72.29,1,0,19,0,1,STAT,60,LAT,LON,W,CRC
08/30/26 23:52:10,20.11,135.61,13.41,14.57,10.27,425.59,17.70,65.00,1012.00,4.11,7.11,7.37,2.70,0.34,1,13.84,12.63,73.27,1,0,20,0,1,STAT,60,LAT,LON,W,CRC
08/30/26 23:53:07,20.11,135.71,13.24,13.82,10.47,425.23,17.80,64.00,1012.00,3.78,6.54,6.63,13.50,0.40,1,13.80,3.96,75.05,1,0,20,0,1,STAT,60,LAT,LON,W,CRC
08/30/26 23:54:10,20.11,132.20,13.50,14.54,9.54,425.08,17.70,64.80,1011.00,3.82,6.40,6.48,348.50,0.48,1,13.84,54.12,75.61,1,0,20,0,1,STAT,60,LAT,LON,W,CRC
08/30/26 23:55:10,20.11,134.67,13.11,15.01,9.21,425.03,17.70,64.20,1011.00,3.91,6.48,6.56,349.30,0.44,1,13.98,198.47,74.18,1,0,21,0,0,STAT,60,LAT,LON,W,CRC
08/30/26 23:56:07,20.11,131.07,12.26,14.92,9.28,425.01,17.70,64.20,1011.00,4.53,7.03,7.05,19.60,0.31,1,14.12,230.97,75.53,1,0,21,1,1,STAT,60,LAT,LON,W,CRC
08/30/26 23:57:09,20.11,130.16,12.35,15.85,8.02,425.00,17.80,64.10,1012.00,4.41,7.13,7.40,24.90,0.27,1,13.95,65.23,77.33,1,0,21,1,1,STAT,60,LAT,LON,W,CRC
08/30/26 23:58:10,20.11,129.33,13.41,15.09,9.61,425.00,17.80,63.90,1012.00,3.67,6.64,6.98,13.20,0.16,1,13.87,18.42,74.31,1,0,21,1,2,STAT,60,LAT,LON,W,CRC
08/30/26 23:59:07,20.11,131.72,11.86,16.32,8.32,425.00,17.90,64.10,1012.00,3.93,6.69,6.86,5.00,0.20,1,13.84,5.78,71.89,1,0,23,1,1,STAT,60,LAT,LON,W,CRC
08/31/26 00:00:10,20.11,133.89,13.04,16.11,8.09,425.00,17.90,64.30,1012.00,4.32,6.90,7.01,2.60,0.34,1,13.80,1.63,69.48,1,0,21,1,1,STAT,60,LAT,LON,W,CRC
08/31/26 00:01:12,20.11,135.78,12.37,15.55,7.97,425.33,17.90,64.00,1011.00,3.77,6.01,6.16,11.90,0.42,1,13.87,73.02,75.19,1,0,21,1,0,STAT,60,LAT,LON,W,CRC
08/31/26 00:02:09,20.11,134.60,12.39,15.26,8.50,425.34,17.90,63.50,1011.00,3.82,6.24,6.46,12.70,0.48,1,13.98,206.64,76.71,1,0,21,1,1,STAT,60,LAT,LON,W,CRC
08/31/26 00:03:11,20.11,132.60,12.05,14.86,8.89,425.12,17.80,64.00,1011.00,4.23,7.45,7.57,3.00,0.46,1,14.05,156.47,71.45,1,0,21,0,0,STAT,60,LAT,LON,W,CRC
08/31/26 00:04:08,20.11,131.01,11.75,14.21,8.95,425.05,17.80,63.50,1011.00,4.65,7.41,7.45,353.40,0.49,1,13.95,49.10,72.81,1,0,22,0,0,STAT,60,LAT,LON,W,CRC
08/31/26 00:05:09,20.11,131.01,13.15,15.59,8.47,424.75,17.80,64.20,1011.00,4.17,6.68,6.69,5.50,0.38,1,13.87,13.87,71.99,1,0,20,1,1,STAT,60,LAT,LON,W,CRC
08/31/26 00:06:10,20.11,132.13,12.94,15.45,8.37,424.91,17.90,64.40,1011.00,4.03,6.14,6.15,356.20,0.31,1,13.84,3.92,71.40,1,0,21,1,1,STAT,60,LAT,LON,W,CRC
08/31/26 00:07:11,20.11,131.95,13.89,16.42,6.46,424.97,17.90,64.10,1011.00,4.08,6.13,6.18,24.40,0.23,1,13.80,1.11,74.09,1,0,20,1,0,STAT,60,LAT,LON,W,CRC
08/31/26 00:02:09,20.11,134.60,12.39,15.26,8.50,425.34,17.90,63.50,1011.00,3.82,6.24,6.46,12.70,0.48,1,13.98,206.64,76.71,1,0,21,1,1,STAT,60,LAT,LON,W,CRC
08/31/26 00:03:11,20.11,132.60,12.05,14.86,8.89,425.12,17.80,64.00,1011.00,4.23,7.45,7.57,3.00,0.46,1,14.05,156.47,71.45,1,0,21,0,0,STAT,60,LAT,LON,W,CRC
08/31/26 00:04:08,20.11,131.01,11.75,14.21,8.95,425.05,17.80,63.50,1011.00,4.65,7.41,7.45,353.40,0.49,1,13.95,49.10,72.81,1,0,22,0,0,STAT,60,LAT,LON,W,CRC
08/31/26 00:05:09,20.11,131.01,13.15,15.59,8.47,424.75,17.80,64.20,1011.00,4.17,6.68,6.69,5.50,0.38,1,13.87,13.87,71.99,1,0,20,1,1,STAT,60,LAT,LON,W,CRC
08/31/26 00:06:10,20.11,132.13,12.94,15.45,8.37,424.91,17.90,64.40,1011.00,4.03,6.14,6.15,356.20,0.31,1,13.84,3.92,71.40,1,0,21,1,1,STAT,60,LAT,LON,W,CRC
08/31/26 00:07:11,20.11,131.95,13.89,16.42,6.46,424.97,17.90,64.10,1011.00,4.08,6.13,6.18,24.40,0.23,1,13.80,1.11,74.09,1,0,20,1,0,STAT,60,LAT,LON,W,CRC
08/31/26 00:08:08,20.12,139.32,14.64,15.84,6.86,424.99,17.90,62.50,1011.00,4.33,6.30,6.42,171.60,0.27,1,13.87,125.17,76.13,1,0,20,2,0,STAT,60,LAT,LON,W,CRC
08/31/26 00:09:10,20.13,131.96,14.05,15.03,8.59,425.00,18.00,62.70,1011.00,4.00,6.30,6.61,141.10,0.13,1,14.02,208.96,74.82,1,0,20,1,0,STAT,60,LAT,LON,W,CRC
08/31/26 00:10:12,20.15,128.95,12.77,15.45,8.80,425.00,18.00,62.60,1011.00,3.97,6.58,6.96,79.80,0.16,1,14.02,149.42,79.08,1,0,21,1,1,STAT,60,LAT,LON,W,CRC
08/31/26 00:11:09,20.16,129.43,12.04,15.14,9.11,425.00,18.00,62.30,1011.00,4.26,6.47,6.70,51.00,0.27,1,13.95,46.89,76.50,1,0,22,1,1,STAT,60,LAT,LON,W,CRC
08/31/26 00:12:11,20.17,130.36,12.37,14.99,8.65,425.00,18.00,63.00,1011.00,4.12,6.62,6.90,12.30,0.28,1,13.87,13.24,73.82,1,0,22,1,1,STAT,60,LAT,LON,W,CRC
08/31/26 00:13:09,20.18,132.65,13.72,14.83,8.05,425.00,18.00,62.70,1011.00,4.04,6.44,6.53,359.70,0.38,1,13.84,4.16,73.62,1,0,20,1,0,STAT,60,LAT,LON,W,CRC
08/31/26 00:14:10,20.17,132.36,13.75,15.02,8.12,424.60,18.00,63.10,1011.00,3.64,5.72,5.76,354.00,0.44,1,13.80,1.17,74.92,1,0,21,0,0,STAT,60,LAT,LON,W,CRC
08/31/26 00:15:10,20.17,130.78,13.29,15.52,8.61,424.23,17.90,63.30,1011.00,3.76,6.47,6.54,354.70,0.47,1,13.87,112.64,75.93,1,0,22,1,0,STAT,60,LAT,LON,W,CRC
08/31/26 00:16:13,20.17,134.21,13.27,17.16,6.85,424.31,18.00,63.60,1011.00,3.93,6.44,6.46,10.00,0.24,1,13.98,199.81,70.87,1,0,22,1,1,STAT,60,LAT,LON,W,CRC
08/31/26 00:17:10,20.17,137.41,14.00,17.25,5.92,424.74,18.10,64.50,1011.00,4.10,6.39,6.40,345.10,0.09,1,14.09,195.42,75.77,1,0,21,1,1,STAT,60,LAT,LON,W,CRC
08/31/26 00:18:11,20.18,146.52,13.70,16.80,6.53,424.91,18.10,64.00,1011.00,4.38,6.52,6.74,157.90,0.15,1,13.95,55.19,76.63,1,0,21,1,0,STAT,60,LAT,LON,W,CRC
08/31/26 00:19:13,20.19,152.27,14.61,16.26,6.44,424.97,18.20,63.70,1011.00,4.30,6.56,6.74,144.60,0.21,1,13.87,15.59,70.63,1,0,20,1,0,STAT,60,LAT,LON,W,CRC
08/31/26 00:20:10,20.19,150.24,14.20,15.35,9.15,424.99,18.20,63.30,1011.00,4.41,6.60,7.00,108.40,0.18,1,13.84,4.89,74.38,1,0,20,0,1,STAT,60,LAT,LON,W,CRC
08/31/26 00:21:12,20.20,146.21,12.76,16.38,7.78,425.00,18.20,63.80,1011.00,4.18,6.91,7.07,345.70,0.27,1,13.80,1.38,73.28,1,0,21,0,1,STAT,60,LAT,LON,W,CRC
08/31/26 00:22:08,20.20,144.36,12.99,18.17,6.30,425.00,18.10,63.90,1011.00,4.20,7.18,7.38,332.50,0.51,1,13.80,13.19,75.02,1,0,21,1,1,STAT,60,LAT,LON,W,CRC
08/31/26 00:23:11,20.20,143.20,13.26,17.36,6.22,425.00,18.10,64.30,1011.00,4.39,6.93,7.15,342.20,0.55,1,13.80,38.66,74.48,1,0,21,1,0,STAT,60,LAT,LON,W,CRC
08/31/26 00:24:13,20.20,138.50,14.58,15.18,7.62,425.24,18.10,63.30,1011.00,4.44,6.73,7.01,350.70,0.44,1,13.77,51.19,75.40,1,0,20,0,0,STAT,60,LAT,LON,W,CRC
08/31/26 00:25:10,20.21,132.95,13.33,14.69,8.71,425.25,18.00,63.80,1011.00,4.43,6.62,7.03,351.10,0.40,1,13.77,59.27,78.71,1,0,21,0,0,STAT,60,LAT,LON,W,CRC
08/31/26 00:26:12,20.20,132.93,13.62,15.09,9.58,425.36,18.00,63.70,1011.00,4.44,6.82,7.12,1.20,0.44,1,13.77,64.59,75.88,1,0,20,0,1,STAT,60,LAT,LON,W,CRC
08/31/26 00:27:09,20.19,134.28,13.02,15.09,9.01,425.71,17.90,63.80,1011.00,4.19,7.29,8.14,356.60,0.49,1,13.77,71.91,76.52,1,0,20,0,1,STAT,60,LAT,LON,W,CRC
08/31/26 00:28:13,20.19,130.33,13.49,16.85,6.86,425.90,17.90,64.40,1011.00,3.91,6.81,7.50,354.50,0.42,1,13.80,81.58,76.53,1,0,20,1,1,STAT,60,LAT,LON,W,CRC
08/31/26 00:29:11,20.19,132.16,12.52,16.21,7.15,425.73,17.80,64.00,1011.00,4.41,7.13,7.49,22.60,0.38,1,13.80,72.42,75.57,1,0,21,1,0,STAT,60,LAT,LON,W,CRC
08/31/26 00:30:12,20.17,137.11,13.33,16.88,7.72,425.26,17.70,64.40,1011.00,4.74,7.35,8.05,359.50,0.46,1,13.77,68.59,71.22,1,0,19,0,1,STAT,60,LAT,LON,W,CRC
08/31/26 00:31:14,20.14,137.21,13.13,16.99,7.73,425.09,17.70,64.60,1011.00,4.56,7.39,7.93,351.00,0.57,1,13.77,67.90,73.71,1,0,20,1,1,STAT,60,LAT,LON,W,CRC
08/31/26 00:32:12,20.12,141.58,13.31,17.53,7.72,424.63,17.60,64.80,1011.00,4.32,6.83,7.05,342.70,0.68,1,13.77,72.68,74.45,1,0,20,1,1,STAT,60,LAT,LON,W,CRC
08/31/26 00:33:14,20.12,144.17,13.87,16.87,7.10,423.92,17.60,65.00,1011.00,4.95,7.16,7.23,348.40,0.58,1,13.77,70.64,76.17,1,0,19,1,0,STAT,60,LAT,LON,W,CRC
08/31/26 00:34:12,20.11,147.87,11.75,17.44,7.57,423.93,17.60,65.10,1011.00,4.24,6.59,6.94,347.30,0.55,1,13.80,77.19,78.35,1,0,21,1,1,STAT,60,LAT,LON,W,CRC
08/31/26 00:35:14,20.11,150.34,12.35,16.87,7.55,424.13,17.50,65.00,1011.00,4.37,7.35,7.77,345.40,0.71,1,13.80,79.88,81.00,1,0,21,1,1,STAT,60,LAT,LON,W,CRC
08/31/26 00:36:12,20.11,147.92,13.22,17.03,7.26,424.05,17.50,65.50,1011.00,4.14,7.51,7.65,347.00,0.68,1,13.77,74.30,75.32,1,0,20,2,1,STAT,60,LAT,LON,W,CRC
08/31/26 00:37:15,20.11,146.80,13.50,16.69,8.52,424.33,17.50,65.50,1011.00,4.44,7.36,7.41,340.70,0.81,1,13.77,68.84,70.80,1,0,20,1,1,STAT,60,LAT,LON,W,CRC
08/31/26 00:38:12,20.08,141.06,12.41,16.29,9.15,424.13,17.40,65.90,1011.00,4.32,6.68,6.94,342.00,0.70,1,13.77,67.53,70.32,1,0,20,1,1,STAT,60,LAT,LON,W,CRC
08/31/26 00:39:14,20.04,139.04,13.18,17.25,7.27,424.09,17.40,65.70,1011.00,4.36,6.69,6.80,348.70,0.65,1,13.80,72.86,71.72,1,0,19,2,1,STAT,60,LAT,LON,W,CRC
08/31/26 00:40:15,20.02,137.84,12.95,16.14,7.93,424.03,17.40,66.50,1011.00,4.18,6.91,6.95,2.10,0.51,1,13.77,67.85,70.04,1,0,18,1,1,STAT,60,LAT,LON,W,CRC
08/31/26 00:41:11,20.02,137.75,13.40,16.16,8.03,424.01,17.40,66.60,1011.00,4.32,6.86,6.88,356.50,0.59,1,13.77,69.39,69.61,1,0,18,0,1,STAT,60,LAT,LON,W,CRC
08/31/26 00:42:15,20.02,140.09,12.99,16.33,8.16,424.00,17.40,66.70,1011.00,4.68,7.06,7.07,358.50,0.56,1,13.80,76.26,69.48,1,0,18,2,1,STAT,60,LAT,LON,W,CRC
08/31/26 00:43:12,20.00,135.65,13.11,16.33,8.00,424.00,17.50,65.90,1011.00,4.58,6.90,6.95,2.40,0.51,1,13.80,70.25,70.28,1,0,19,1,1,STAT,60,LAT,LON,W,CRC
08/31/26 00:44:15,19.96,136.16,10.70,16.20,9.25,424.00,17.50,66.40,1011.00,3.99,6.59,6.64,2.60,0.51,1,13.77,70.72,73.12,1,0,20,1,1,STAT,60,LAT,LON,W,CRC
08/31/26 00:45:17,19.93,135.91,11.46,16.99,8.97,424.00,17.50,66.20,1011.00,4.59,7.21,7.22,12.00,0.49,1,13.77,75.65,79.08,1,0,21,2,2,STAT,60,LAT,LON,W,CRC
08/31/26 00:46:14,19.92,135.55,12.41,16.37,9.00,424.00,17.50,65.60,1011.00,4.52,6.77,6.82,7.60,0.47,1,13.77,71.39,79.65,1,0,21,3,2,STAT,60,LAT,LON,W,CRC
08/31/26 00:47:16,19.92,134.86,12.07,17.02,7.83,424.00,17.40,65.80,1011.00,4.41,7.06,7.35,357.50,0.64,1,13.77,86.84,86.42,1,0,20,2,1,STAT,60,LAT,LON,W,CRC
08/31/26 00:48:13,19.92,132.91,11.56,16.13,9.88,424.00,17.40,66.50,1011.00,4.63,7.24,7.55,5.30,0.60,1,13.77,74.75,78.56,1,0,20,2,2,STAT,60,LAT,LON,W,CRC
08/31/26 00:49:17,19.92,132.76,13.42,15.71,10.14,424.00,17.40,67.00,1011.00,4.36,6.81,7.20,20.70,0.44,1,13.77,72.50,74.77,1,0,19,1,1,STAT,60,LAT,LON,W,CRC
08/31/26 00:50:14,19.91,133.84,13.46,15.90,8.77,423.96,17.50,66.60,1011.00,4.12,6.65,7.06,22.50,0.33,1,13.80,71.74,72.26,1,0,18,0,1,STAT,60,LAT,LON,W,CRC
08/31/26 00:51:16,19.90,135.28,13.75,16.74,7.47,424.30,17.50,66.90,1011.00,4.11,6.69,6.95,12.70,0.31,1,13.77,69.27,70.03,1,0,18,1,1,STAT,60,LAT,LON,W,CRC
08/31/26 00:52:13,19.89,135.91,12.05,16.38,7.53,424.62,17.50,66.40,1011.00,4.33,6.93,7.34,37.00,0.32,1,13.80,72.78,76.80,1,0,20,2,0,STAT,60,LAT,LON,W,CRC
08/31/26 00:53:15,19.87,137.63,13.50,17.42,6.64,424.86,17.60,66.10,1011.00,4.15,7.43,7.84,45.30,0.29,1,13.77,70.20,75.66,1,0,19,1,1,STAT,60,LAT,LON,W,CRC
08/31/26 00:54:17,19.84,134.21,13.35,16.99,7.81,425.06,17.60,66.00,1011.00,3.55,6.32,6.55,35.60,0.31,1,13.80,79.98,78.39,1,0,19,1,2,STAT,60,LAT,LON,W,CRC
08/31/26 00:55:13,19.83,133.89,13.20,16.44,8.41,425.02,17.60,65.60,1011.00,3.62,6.01,6.24,32.80,0.34,1,13.80,89.04,82.80,1,0,19,1,1,STAT,60,LAT,LON,W,CRC
08/31/26 00:56:15,19.82,135.28,14.08,16.96,8.55,425.01,17.60,65.60,1011.00,4.05,6.22,6.30,27.10,0.34,1,13.77,79.20,80.82,1,0,18,1,2,STAT,60,LAT,LON,W,CRC
08/31/26 00:57:13,19.82,136.51,14.34,18.65,6.44,425.00,17.60,66.20,1011.00,4.63,6.52,6.54,46.20,0.12,1,13.80,71.82,77.11,1,0,19,1,1,STAT,60,LAT,LON,W,CRC
08/31/26 00:58:16,19.82,142.01,14.67,19.18,5.49,425.00,17.60,65.80,1011.00,4.75,7.13,7.14,110.50,0.06,1,13.77,71.53,71.82,1,0,19,1,1,STAT,60,LAT,LON,W,CRC
08/31/26 00:59:12,19.82,146.03,13.95,18.88,6.38,425.00,17.60,65.60,1011.00,4.77,7.22,7.22,34.70,0.07,1,13.77,69.81,69.89,1,0,20,2,1,STAT,60,LAT,LON,W,CRC
08/31/26 01:00:13,19.82,144.93,13.45,19.33,5.14,424.92,17.70,66.60,1011.00,4.69,7.05,7.05,350.60,0.18,1,13.77,72.92,72.90,1,0,20,1,1,STAT,60,LAT,LON,W,CRC
08/31/26 01:01:15,19.82,142.48,13.53,17.61,7.37,424.32,17.70,66.10,1011.00,4.62,7.54,7.54,20.20,0.21,1,13.77,73.60,78.69,1,0,20,0,2,STAT,60,LAT,LON,W,CRC
08/31/26 01:02:14,19.82,141.57,12.63,18.09,6.40,424.12,17.70,66.00,1011.00,4.44,6.90,7.13,45.60,0.17,1,13.77,75.02,78.35,1,0,21,0,1,STAT,60,LAT,LON,W,CRC
08/31/26 01:03:15,19.82,147.37,13.42,17.50,7.61,424.04,17.70,65.90,1011.00,4.64,6.91,7.17,356.30,0.22,1,13.80,77.14,72.28,1,0,20,0,1,STAT,60,LAT,LON,W,CRC
08/31/26 01:04:17,19.82,146.29,13.65,17.65,6.97,424.02,17.70,65.50,1011.00,4.89,7.47,7.68,14.50,0.18,1,13.77,70.66,70.57,1,0,19,1,1,STAT,60,LAT,LON,W,CRC
08/31/26 01:05:14,19.82,147.67,13.15,17.58,7.16,424.01,17.80,65.70,1011.00,4.30,7.17,7.38,36.70,0.19,1,13.77,74.99,76.09,1,0,20,1,1,STAT,60,LAT,LON,W,CRC
08/31/26 01:06:16,19.82,150.03,12.98,17.56,7.42,424.00,17.80,65.40,1011.00,4.06,6.87,6.94,114.20,0.20,1,13.77,73.08,78.03,1,0,19,1,1,STAT,60,LAT,LON,W,CRC
08/31/26 01:07:18,19.82,151.19,12.79,18.02,7.24,424.00,17.80,65.60,1011.00,4.52,7.21,7.55,92.20,0.19,1,13.77,72.09,73.93,1,0,20,1,1,STAT,60,LAT,LON,W,CRC
08/31/26 01:08:15,19.82,172.74,13.28,18.05,5.91,424.00,17.90,65.30,1011.00,4.26,6.99,7.11,162.40,0.07,1,13.77,72.56,75.11,1,0,20,1,1,STAT,60,LAT,LON,W,CRC
08/31/26 01:09:14,19.82,166.64,12.63,18.33,5.79,424.00,17.90,65.60,1011.00,4.90,7.23,7.28,81.10,0.11,1,13.77,75.26,74.64,1,0,20,1,0,STAT,60,LAT,LON,W,CRC
08/31/26 01:10:17,19.82,156.66,13.12,17.35,6.93,423.54,17.90,64.90,1011.00,4.34,6.89,7.09,116.50,0.16,1,13.80,82.21,70.83,1,0,20,0,0,STAT,60,LAT,LON,W,CRC
08/31/26 01:11:19,19.82,150.51,12.68,17.15,6.66,423.19,17.90,64.90,1011.00,4.28,6.61,7.17,153.40,0.19,1,13.77,72.85,75.42,1,0,19,0,0,STAT,60,LAT,LON,W,CRC
08/31/26 01:12:16,19.83,144.68,11.91,17.34,6.64,423.65,17.90,66.20,1011.00,4.11,6.57,6.91,305.00,0.09,1,13.77,76.37,72.63,1,0,20,0,0,STAT,60,LAT,LON,W,CRC
08/31/26 01:13:19,19.85,143.28,13.41,18.08,4.93,423.88,18.00,65.10,1011.00,4.36,6.71,6.82,70.90,0.03,1,13.77,72.80,75.06,1,0,19,1,0,STAT,60,LAT,LON,W,CRC
08/31/26 01:14:15,19.87,144.46,12.89,16.15,6.30,423.95,18.00,64.80,1011.00,4.19,6.72,6.76,118.90,0.22,1,13.77,74.28,76.59,1,0,20,1,0,STAT,60,LAT,LON,W,CRC
08/31/26 01:15:16,19.88,146.47,12.98,15.65,7.73,423.98,17.90,63.80,1011.00,4.38,7.07,7.21,150.70,0.33,1,13.77,82.66,84.11,1,0,20,1,0,STAT,60,LAT,LON,W,CRC
08/31/26 01:16:18,19.89,143.34,13.49,15.99,8.22,423.99,17.90,63.70,1011.00,4.31,7.16,7.34,157.70,0.37,1,13.77,77.90,77.00,1,0,20,1,0,STAT,60,LAT,LON,W,CRC
08/31/26 01:17:16,19.88,143.54,13.51,15.74,9.56,424.00,17.80,64.10,1011.00,4.32,7.07,7.27,155.60,0.41,1,13.77,73.25,77.69,1,0,20,1,1,STAT,60,LAT,LON,W,CRC
08/31/26 01:18:17,19.86,135.23,12.53,15.71,9.30,423.92,17.90,64.20,1011.00,4.26,6.87,7.15,152.80,0.24,1,13.77,71.24,76.95,1,0,19,1,1,STAT,60,LAT,LON,W,CRC
08/31/26 01:19:18,19.84,136.46,12.17,15.26,9.16,423.97,17.90,64.20,1011.00,4.12,6.97,7.77,181.50,0.19,1,13.80,71.76,71.44,1,0,20,1,1,STAT,60,LAT,LON,W,CRC
08/31/26 01:20:15,19.82,134.07,13.31,16.48,8.37,423.77,17.90,65.10,1011.00,4.35,7.17,7.44,4.40,0.10,1,13.77,71.71,73.70,1,0,19,1,0,STAT,60,LAT,LON,W,CRC
08/31/26 01:21:17,19.82,134.36,13.83,16.63,7.97,423.27,17.80,65.00,1011.00,4.39,7.02,7.40,348.60,0.17,1,13.80,78.14,70.32,1,0,18,1,1,STAT,60,LAT,LON,W,CRC
08/31/26 01:22:16,19.82,135.32,12.78,16.24,7.54,423.10,17.80,65.00,1011.00,4.20,7.44,7.60,323.90,0.13,1,13.77,78.51,79.43,1,0,20,1,1,STAT,60,LAT,LON,W,CRC
08/31/26 01:23:18,19.82,135.48,11.09,16.55,7.34,423.04,17.90,65.30,1011.00,4.52,7.43,7.79,220.40,0.05,1,13.77,75.28,79.40,1,0,20,1,1,STAT,60,LAT,LON,W,CRC
08/31/26 01:24:15,19.82,141.39,11.02,16.24,8.05,423.01,17.80,65.20,1011.00,4.60,6.57,6.95,130.60,0.12,1,13.80,84.40,79.33,1,0,20,2,0,STAT,60,LAT,LON,W,CRC
08/31/26 01:25:17,19.82,139.28,11.90,16.16,6.71,423.00,17.80,65.40,1011.00,4.75,7.38,7.69,254.90,0.07,1,13.77,72.39,78.28,1,0,20,1,0,STAT,60,LAT,LON,W,CRC
08/31/26 01:26:18,19.82,137.94,11.40,16.60,7.71,423.16,17.90,65.60,1011.00,4.69,7.43,7.54,202.80,0.08,1,13.77,75.27,75.06,1,0,21,1,1,STAT,60,LAT,LON,W,CRC
08/31/26 01:27:16,19.82,139.38,11.23,15.28,9.82,423.27,17.80,64.90,1011.00,4.96,7.20,7.24,160.30,0.26,1,13.77,68.50,72.98,1,0,21,1,1,STAT,60,LAT,LON,W,CRC
08/31/26 01:28:19,19.82,136.84,13.52,16.23,9.43,423.13,17.80,65.00,1011.00,4.45,6.65,6.67,143.00,0.29,1,13.80,78.05,73.10,1,0,20,1,0,STAT,60,LAT,LON,W,CRC
