DATE,TE,CO,NO,NO2,O3,CO2,T,RH,P,PM1.0,PM2.5,PM10,WD,WS,PWR,BATT,CHRG,RUN,SD,RAW,177,77,7,-8,86,0,0.00000,0.00000,0,2975211805
07/22/25 03:55:05,23.72,278.85,11.34,6.29,21.52,436.46,22.10,52.40,986.00,2.22,4.00,4.06,355.80,0.04,1,13.13,0.00,82.21,1,-21,53,4,5,STAT,60,LAT,LON,W,CRC
07/22/25 03:56:06,23.69,267.38,12.20,5.75,22.66,437.16,22.10,52.60,986.00,1.94,3.94,4.31,276.60,0.11,1,13.13,0.00,75.93,1,-22,52,4,5,STAT,60,LAT,LON,W,CRC
07/22/25 03:57:03,23.64,252.80,8.39,6.98,20.98,436.48,22.00,52.90,986.00,2.09,4.34,4.55,40.70,0.09,1,13.13,0.00,78.34,1,-20,54,4,5,STAT,60,LAT,LON,W,CRC
07/22/25 03:58:05,23.61,253.16,9.17,6.10,22.95,435.36,22.00,52.40,986.00,2.36,3.93,4.09,63.20,0.06,1,13.13,0.00,74.91,1,-20,54,4,5,STAT,60,LAT,LON,W,CRC
07/22/25 03:59:07,23.57,255.23,5.86,7.16,22.77,434.71,21.90,54.10,986.00,2.33,3.99,4.12,33.70,0.13,1,13.13,0.00,72.82,1,-21,55,4,5,STAT,60,LAT,LON,W,CRC
07/22/25 04:00:03,23.52,252.28,8.80,6.47,22.01,435.68,21.90,54.20,986.00,2.50,4.59,4.72,282.50,0.12,1,13.13,0.00,74.98,1,-21,52,4,5,STAT,60,LAT,LON,W,CRC
07/22/25 04:01:06,23.50,245.72,7.33,6.36,21.85,438.13,21.90,55.00,986.00,2.66,4.78,4.95,273.00,0.31,1,13.13,0.00,86.70,1,-22,53,4,6,STAT,60,LAT,LON,W,CRC
07/22/25 04:02:05,23.44,258.23,8.05,6.63,21.21,439.28,21.90,52.80,986.00,2.50,4.65,4.84,267.50,0.48,1,13.13,0.00,81.10,1,-26,54,4,6,STAT,60,LAT,LON,W,CRC
07/22/25 04:03:07,23.41,263.42,9.23,5.07,22.74,439.40,21.90,52.20,986.00,2.66,5.05,5.11,263.50,0.75,1,13.13,0.00,74.20,1,-27,52,3,5,STAT,60,LAT,LON,W,CRC
07/22/25 04:04:03,23.39,258.88,10.30,5.47,23.10,439.00,21.90,52.30,986.00,3.07,5.67,5.69,264.50,0.69,1,13.13,0.00,72.23,1,-25,51,3,5,STAT,60,LAT,LON,W,CRC
07/22/25 04:05:05,23.34,251.60,8.55,5.71,20.65,438.27,21.80,53.60,986.00,2.95,5.57,5.74,284.60,0.55,1,13.13,0.00,72.20,1,-23,52,4,5,STAT,60,LAT,LON,W,CRC
07/22/25 04:06:08,23.31,250.07,9.08,6.70,20.10,437.33,21.80,55.00,986.00,2.89,5.41,5.70,283.60,0.40,1,13.13,0.00,71.53,1,-24,50,4,5,STAT,60,LAT,LON,W,CRC
07/22/25 04:07:04,23.30,249.65,11.06,5.83,19.31,437.13,21.80,53.90,986.00,2.50,4.33,4.78,279.80,0.21,1,13.13,0.00,73.39,1,-24,50,3,4,STAT,60,LAT,LON,W,CRC
07/22/25 04:08:07,23.24,246.42,7.07,6.81,19.14,436.46,21.80,55.30,986.00,2.37,4.47,4.95,270.40,0.31,1,13.13,0.00,73.44,1,-23,52,4,5,STAT,60,LAT,LON,W,CRC
07/22/25 04:09:04,23.21,252.67,6.58,8.12,18.40,436.18,21.80,56.90,986.00,2.48,5.08,5.52,278.00,0.34,1,13.13,0.00,77.67,1,-25,51,4,4,STAT,60,LAT,LON,W,CRC
07/22/25 04:10:06,23.20,247.65,9.63,6.56,21.82,436.56,21.80,54.50,986.00,2.39,4.59,4.96,272.70,0.20,1,13.13,0.00,82.13,1,-23,50,3,5,STAT,60,LAT,LON,W,CRC
07/22/25 04:11:07,23.16,246.87,7.14,7.25,21.08,438.09,21.70,56.30,986.00,3.16,5.99,6.80,274.50,0.27,1,13.13,0.00,82.84,1,-22,51,3,5,STAT,60,LAT,LON,W,CRC
07/22/25 04:12:04,23.12,248.60,8.46,7.00,18.66,439.81,21.60,56.70,986.00,2.83,5.47,5.91,295.80,0.31,1,13.13,0.00,84.06,1,-23,51,3,4,STAT,60,LAT,LON,W,CRC
07/22/25 04:13:05,23.10,251.10,7.83,6.45,19.74,440.58,21.60,55.10,986.00,3.05,5.52,5.97,301.50,0.13,1,13.13,0.00,76.39,1,-24,51,3,5,STAT,60,LAT,LON,W,CRC
07/22/25 04:14:03,23.09,258.46,8.75,6.48,21.40,439.96,21.60,53.90,986.00,9.26,15.19,16.70,277.80,0.17,1,13.13,0.00,77.83,1,-26,50,4,6,STAT,60,LAT,LON,W,CRC
07/22/25 04:15:06,23.04,255.32,8.88,6.26,21.57,439.57,21.60,55.80,986.00,6.64,11.47,12.48,294.60,0.37,1,13.13,0.00,82.02,1,-25,49,3,5,STAT,60,LAT,LON,W,CRC
07/22/25 04:16:08,23.01,250.80,7.80,6.74,18.41,439.90,21.60,55.00,986.00,4.31,8.17,8.69,288.40,0.29,1,13.13,0.00,83.18,1,-25,50,3,5,STAT,60,LAT,LON,W,CRC
07/22/25 04:17:04,23.00,240.23,7.60,6.33,19.26,439.59,21.60,55.20,986.00,3.25,5.91,6.09,281.60,0.20,1,13.13,0.00,76.72,1,-22,50,3,5,STAT,60,LAT,LON,W,CRC
07/22/25 04:18:06,22.99,246.55,8.26,6.21,18.22,439.21,21.60,53.50,986.00,3.17,6.34,6.65,279.00,0.55,1,13.13,0.00,75.81,1,-24,50,3,5,STAT,60,LAT,LON,W,CRC
07/22/25 04:19:08,22.95,253.97,7.45,5.52,20.82,438.12,21.60,53.40,986.00,3.36,6.72,6.96,267.40,0.81,1,13.13,0.00,75.32,1,-25,51,2,4,STAT,60,LAT,LON,W,CRC
07/22/25 04:20:05,22.91,244.18,6.30,6.28,20.33,437.67,21.60,54.80,986.00,3.64,6.61,7.19,282.00,0.51,1,13.13,0.00,73.69,1,-23,51,3,4,STAT,60,LAT,LON,W,CRC
07/22/25 04:21:07,22.90,238.13,7.81,5.94,21.89,437.88,21.60,57.30,986.00,3.24,5.48,6.15,313.70,0.19,1,13.13,0.00,72.00,1,-21,49,3,5,STAT,60,LAT,LON,W,CRC
07/22/25 04:22:04,22.89,241.41,7.33,6.58,21.27,437.96,21.60,57.00,986.00,2.82,5.93,6.61,111.20,0.08,1,13.13,0.00,82.75,1,-22,49,3,4,STAT,60,LAT,LON,W,CRC
07/22/25 04:23:07,22.88,245.65,5.00,7.34,20.93,438.84,21.50,57.40,986.00,2.54,5.25,5.54,292.10,0.32,1,13.13,0.00,85.28,1,-23,50,4,4,STAT,60,LAT,LON,W,CRC
07/22/25 04:24:08,22.83,248.35,8.86,6.56,20.77,440.24,21.50,57.10,986.00,2.63,5.15,5.35,319.70,0.15,1,13.13,0.00,82.03,1,-24,48,4,4,STAT,60,LAT,LON,W,CRC
07/22/25 04:25:05,22.81,249.96,6.95,7.03,20.33,440.79,21.50,57.80,986.00,2.58,5.16,5.47,320.80,0.16,1,13.13,0.00,77.02,1,-25,48,3,5,STAT,60,LAT,LON,W,CRC
07/22/25 04:26:07,22.80,237.37,6.52,7.98,18.21,443.19,21.40,58.80,986.00,2.91,6.66,6.91,287.40,0.18,1,13.13,0.00,74.16,1,-21,49,3,4,STAT,60,LAT,LON,W,CRC
07/22/25 04:27:09,22.79,238.79,6.17,8.22,18.64,444.78,21.40,58.60,986.00,2.92,5.63,5.88,277.90,0.08,1,13.13,0.00,71.87,1,-22,49,2,4,STAT,60,LAT,LON,W,CRC
07/22/25 04:28:08,22.75,241.03,7.34,8.51,18.23,444.92,21.40,59.80,986.00,3.08,6.23,6.66,278.40,0.14,1,13.13,0.00,81.08,1,-22,48,3,4,STAT,60,LAT,LON,W,CRC
07/22/25 04:29:09,22.71,247.09,8.46,7.38,17.83,444.97,21.30,59.70,986.00,2.98,6.39,6.66,279.10,0.16,1,13.13,0.00,74.72,1,-24,48,2,4,STAT,60,LAT,LON,W,CRC
07/22/25 04:30:05,22.70,255.92,6.86,7.00,19.18,445.44,21.30,59.20,986.00,3.07,5.96,6.14,269.60,0.08,1,13.13,0.00,79.53,1,-27,47,2,4,STAT,60,LAT,LON,W,CRC
07/22/25 04:31:07,22.69,253.16,5.81,7.82,19.49,446.86,21.30,59.70,986.00,3.42,6.09,6.15,266.70,0.08,1,13.13,0.00,85.11,1,-24,48,3,3,STAT,60,LAT,LON,W,CRC
07/22/25 04:32:09,22.68,262.13,6.67,7.25,20.11,448.86,21.30,58.40,986.00,3.50,6.00,6.13,190.00,0.04,1,13.13,0.00,86.09,1,-27,48,3,4,STAT,60,LAT,LON,W,CRC
07/22/25 04:33:06,22.63,265.02,8.78,6.11,19.61,449.56,21.30,56.60,986.00,3.25,5.84,6.05,149.60,0.03,1,13.13,0.00,78.54,1,-27,48,4,4,STAT,60,LAT,LON,W,CRC
07/22/25 04:34:07,22.61,266.90,10.28,4.65,20.85,448.35,21.30,54.50,986.00,2.75,5.32,5.39,289.00,0.44,1,13.13,0.00,79.29,1,-29,47,3,4,STAT,60,LAT,LON,W,CRC
07/22/25 04:35:06,22.60,267.85,9.70,4.62,21.59,442.99,21.40,53.80,986.00,2.67,4.95,4.98,268.40,0.88,1,13.13,0.00,83.98,1,-29,48,3,4,STAT,60,LAT,LON,W,CRC
07/22/25 04:36:08,22.59,264.90,8.77,5.58,22.41,437.76,21.40,55.80,986.00,2.60,5.26,5.68,211.40,0.16,1,13.13,0.00,74.81,1,-28,47,3,4,STAT,60,LAT,LON,W,CRC
07/22/25 04:37:09,22.58,249.59,8.43,6.43,21.07,436.70,21.40,56.20,986.00,2.68,5.41,5.74,110.50,0.17,1,13.13,0.00,73.05,1,-23,46,3,4,STAT,60,LAT,LON,W,CRC
07/22/25 04:38:05,22.53,257.46,9.01,5.78,20.60,437.43,21.40,55.60,986.00,2.31,4.69,4.80,314.30,0.17,1,13.13,0.00,79.58,1,-26,47,2,4,STAT,60,LAT,LON,W,CRC
07/22/25 04:39:07,22.51,249.71,7.16,7.81,19.22,438.37,21.40,58.20,986.00,2.37,4.58,4.65,314.70,0.38,1,13.13,0.00,80.85,1,-24,46,3,4,STAT,60,LAT,LON,W,CRC
07/22/25 04:40:09,22.50,251.77,8.01,7.86,19.35,441.23,21.30,57.90,986.00,2.97,5.75,6.09,320.50,0.39,1,13.13,0.00,80.75,1,-24,46,3,4,STAT,60,LAT,LON,W,CRC
07/22/25 04:41:11,22.49,251.74,5.09,8.00,18.63,443.23,21.20,59.80,986.00,2.62,5.43,6.22,338.00,0.24,1,13.13,0.00,74.74,1,-24,47,2,4,STAT,60,LAT,LON,W,CRC
07/22/25 04:42:08,22.49,239.99,4.15,9.90,19.81,448.45,21.10,60.90,986.00,2.88,5.41,5.83,299.30,0.59,1,13.13,0.00,81.65,1,-19,46,3,4,STAT,60,LAT,LON,W,CRC
07/22/25 04:43:10,22.47,242.17,8.36,8.48,19.08,454.46,20.90,60.30,986.00,2.63,5.17,5.53,305.70,0.54,1,13.13,0.00,74.99,1,-19,44,2,3,STAT,60,LAT,LON,W,CRC
07/22/25 04:44:07,22.42,245.68,8.23,7.43,18.92,456.71,20.90,60.20,986.00,2.94,5.64,5.97,328.00,0.27,1,13.13,0.00,80.58,1,-21,45,2,3,STAT,60,LAT,LON,W,CRC
07/22/25 04:45:09,22.40,251.83,5.56,8.50,18.86,457.25,20.90,61.90,986.00,2.92,5.87,6.34,310.60,0.41,1,13.13,0.00,80.44,1,-24,45,3,4,STAT,60,LAT,LON,W,CRC
07/22/25 04:46:10,22.40,256.98,5.98,8.33,20.34,457.09,20.70,62.60,986.00,3.18,5.85,6.27,302.00,0.69,1,13.13,0.00,75.54,1,-25,45,2,4,STAT,60,LAT,LON,W,CRC
07/22/25 04:47:07,22.37,254.06,6.69,8.92,19.53,455.96,20.50,62.30,986.00,3.36,5.67,6.13,314.10,0.55,1,13.13,0.00,72.84,1,-23,44,2,4,STAT,60,LAT,LON,W,CRC
07/22/25 04:48:10,22.32,252.36,7.70,7.76,19.38,453.92,20.50,62.30,986.00,3.11,5.56,5.98,304.40,0.61,1,13.13,0.00,81.52,1,-23,43,2,3,STAT,60,LAT,LON,W,CRC
07/22/25 04:49:12,22.30,254.95,5.21,8.06,21.01,452.68,20.30,63.10,987.00,2.78,5.69,5.94,316.10,0.73,1,13.13,0.00,82.74,1,-23,44,3,4,STAT,60,LAT,LON,W,CRC
07/22/25 04:50:08,22.29,261.21,6.11,7.89,21.12,452.26,20.20,63.30,987.00,3.06,6.13,6.41,327.00,0.45,1,13.13,0.00,81.31,1,-26,44,2,4,STAT,60,LAT,LON,W,CRC
07/22/25 04:51:10,22.23,257.87,6.81,7.97,18.71,452.09,20.20,63.30,987.00,3.03,6.07,6.89,323.40,0.28,1,13.13,0.00,79.89,1,-25,43,3,4,STAT,60,LAT,LON,W,CRC
07/22/25 04:52:11,22.21,273.11,8.12,8.54,17.97,451.90,20.20,63.90,987.00,2.96,5.20,5.64,307.50,0.40,1,13.13,0.00,74.62,1,-30,43,3,4,STAT,60,LAT,LON,W,CRC
07/22/25 04:53:08,22.18,269.44,6.17,8.03,19.52,451.46,20.20,64.10,987.00,2.88,5.91,6.34,303.10,0.53,1,13.13,0.00,74.63,1,-28,43,2,4,STAT,60,LAT,LON,W,CRC
07/22/25 04:54:10,22.13,267.22,6.90,8.60,18.62,450.14,20.20,64.00,987.00,3.22,6.00,6.65,313.80,0.39,1,13.13,0.00,76.14,1,-27,42,2,4,STAT,60,LAT,LON,W,CRC
07/22/25 04:55:08,22.11,273.64,6.50,7.76,19.38,448.94,20.10,64.50,987.00,3.47,6.29,6.67,303.30,0.41,1,13.13,0.00,83.33,1,-28,42,2,4,STAT,60,LAT,LON,W,CRC
07/22/25 04:56:09,22.08,272.99,5.31,8.74,19.42,448.41,20.10,64.70,987.00,3.83,6.58,7.08,346.40,0.10,1,13.13,0.00,81.58,1,-28,44,3,4,STAT,60,LAT,LON,W,CRC
07/22/25 04:57:11,22.02,285.52,8.07,8.66,19.06,448.79,20.10,64.20,987.00,4.08,6.68,7.09,63.30,0.13,1,13.13,0.00,74.85,1,-31,43,3,4,STAT,60,LAT,LON,W,CRC
07/22/25 04:58:08,22.01,277.69,6.67,7.41,19.43,448.92,20.10,64.60,987.00,4.06,6.47,7.03,64.20,0.08,1,13.13,0.00,73.11,1,-30,43,2,4,STAT,60,LAT,LON,W,CRC
07/22/25 04:59:09,21.97,277.90,5.52,8.08,18.24,449.62,20.10,65.10,987.00,3.99,6.81,7.06,117.90,0.19,1,13.13,0.00,72.02,1,-30,43,3,4,STAT,60,LAT,LON,W,CRC
07/22/25 05:00:11,21.92,275.22,6.26,8.24,18.89,449.87,20.10,65.00,987.00,3.52,6.11,6.21,114.70,0.25,1,13.13,0.00,72.04,1,-30,42,2,3,STAT,60,LAT,LON,W,CRC
07/22/25 05:01:09,21.91,275.68,6.98,8.64,19.42,449.95,20.00,65.10,987.00,3.75,6.68,6.77,120.50,0.32,1,13.13,0.00,75.11,1,-30,42,3,4,STAT,60,LAT,LON,W,CRC
07/22/25 05:02:11,21.88,278.34,7.42,8.50,17.82,449.98,20.00,65.00,987.00,3.86,6.98,7.63,120.40,0.26,1,13.13,0.00,78.78,1,-29,42,3,3,STAT,60,LAT,LON,W,CRC
07/22/25 05:03:12,21.82,281.68,5.00,8.90,17.91,450.22,20.00,65.60,987.00,3.49,6.40,7.33,247.80,0.11,1,13.13,0.00,77.22,1,-32,42,2,3,STAT,60,LAT,LON,W,CRC
07/22/25 05:04:10,21.81,280.43,5.85,8.47,18.69,451.74,20.00,65.40,987.00,3.58,6.49,7.15,263.80,0.32,1,13.13,0.00,82.26,1,-31,42,3,3,STAT,60,LAT,LON,W,CRC
07/22/25 05:05:11,21.80,355.23,7.01,7.46,19.19,453.80,20.00,65.70,987.00,3.84,6.35,6.71,268.40,0.47,1,13.13,0.00,76.17,1,-32,41,2,3,STAT,60,LAT,LON,W,CRC
07/22/25 05:06:13,21.75,315.27,6.78,7.62,18.29,455.87,20.00,65.60,987.00,3.45,6.04,6.32,279.00,0.49,1,13.13,0.00,75.04,1,-29,41,1,3,STAT,60,LAT,LON,W,CRC
07/22/25 05:07:10,21.72,295.92,6.42,8.06,18.03,456.13,20.10,65.40,987.00,3.50,5.75,6.32,285.00,0.53,1,13.13,0.00,73.21,1,-30,40,2,3,STAT,60,LAT,LON,W,CRC
07/22/25 05:08:13,21.70,284.43,10.49,5.70,19.15,455.11,20.10,64.70,987.00,3.70,6.35,6.73,293.30,0.29,1,13.13,0.00,77.79,1,-29,39,2,3,STAT,60,LAT,LON,W,CRC
07/22/25 05:09:09,21.68,276.81,9.92,5.71,18.59,453.37,20.00,64.80,987.00,3.37,5.60,5.82,303.30,0.22,1,13.13,0.00,82.20,1,-29,39,3,3,STAT,60,LAT,LON,W,CRC
07/22/25 05:10:11,21.63,277.59,8.10,6.20,18.48,452.48,20.00,65.40,987.00,3.66,6.17,6.34,297.50,0.21,1,13.13,0.00,82.88,1,-30,40,2,4,STAT,60,LAT,LON,W,CRC
07/22/25 05:11:13,21.61,269.35,7.59,7.86,17.05,451.92,20.00,65.50,987.00,3.43,6.04,6.29,288.70,0.26,1,13.13,0.00,80.24,1,-28,40,2,4,STAT,60,LAT,LON,W,CRC
07/22/25 05:12:09,21.59,266.42,7.91,8.07,16.43,451.97,20.00,65.20,987.00,3.27,5.52,5.79,278.80,0.22,1,13.13,0.00,74.78,1,-27,40,3,4,STAT,60,LAT,LON,W,CRC
07/22/25 05:13:11,21.55,269.70,6.21,7.88,18.02,452.48,20.00,65.60,987.00,3.25,5.98,6.11,296.60,0.09,1,13.13,0.00,74.06,1,-29,41,3,3,STAT,60,LAT,LON,W,CRC
07/22/25 05:14:13,21.52,269.12,7.00,7.66,17.49,454.26,20.00,65.20,987.00,3.21,5.69,5.97,310.00,0.07,1,13.13,0.00,74.00,1,-29,41,2,3,STAT,60,LAT,LON,W,CRC
07/22/25 05:15:10,21.50,269.32,8.17,6.24,16.53,456.57,20.00,64.90,987.00,3.01,5.89,6.14,324.90,0.08,1,13.13,0.00,75.59,1,-29,40,2,3,STAT,60,LAT,LON,W,CRC
07/22/25 05:16:11,21.49,264.39,9.58,7.19,15.46,458.00,19.90,64.40,987.00,2.74,5.63,6.14,104.10,0.07,1,13.13,0.00,77.49,1,-28,37,2,2,STAT,60,LAT,LON,W,CRC
07/22/25 05:17:13,21.44,267.74,9.40,7.26,13.76,458.03,19.90,64.70,987.00,2.75,5.37,6.31,131.40,0.04,1,13.13,0.00,75.01,1,-28,39,2,3,STAT,60,LAT,LON,W,CRC
07/22/25 05:18:09,21.42,260.25,10.64,7.31,13.16,458.01,19.90,64.80,987.00,2.88,5.90,6.37,55.70,0.08,1,13.13,0.00,74.41,1,-27,37,2,3,STAT,60,LAT,LON,W,CRC
07/22/25 05:19:11,21.40,265.17,10.98,7.27,13.67,458.00,19.90,64.80,987.00,3.13,5.83,6.53,336.00,0.13,1,13.13,0.00,74.32,1,-29,38,1,3,STAT,60,LAT,LON,W,CRC
07/22/25 05:20:13,21.40,265.67,6.27,8.29,15.61,457.62,19.80,65.50,987.00,3.26,5.63,5.91,329.40,0.25,1,13.13,0.00,72.48,1,-28,40,2,3,STAT,60,LAT,LON,W,CRC
07/22/25 05:21:12,21.37,261.93,7.44,8.54,14.25,457.85,19.80,65.30,987.00,3.53,6.02,6.43,318.00,0.22,1,13.13,0.00,74.96,1,-26,39,2,3,STAT,60,LAT,LON,W,CRC
07/22/25 05:22:14,21.33,264.00,8.11,7.69,17.29,459.64,19.80,65.60,987.00,3.36,5.84,6.11,303.60,0.34,1,13.13,0.00,73.19,1,-27,39,1,3,STAT,60,LAT,LON,W,CRC
07/22/25 05:23:10,21.31,258.45,8.91,7.84,15.87,460.33,19.70,65.10,987.00,3.11,5.58,5.86,309.70,0.38,1,13.13,0.00,82.89,1,-26,39,2,3,STAT,60,LAT,LON,W,CRC
07/22/25 05:24:12,21.30,259.87,9.02,7.18,16.38,459.50,19.70,65.70,987.00,3.04,5.52,6.07,330.30,0.06,1,13.13,0.00,83.29,1,-26,39,1,3,STAT,60,LAT,LON,W,CRC
07/22/25 05:25:14,21.29,256.96,7.63,7.75,15.19,460.74,19.60,66.40,987.00,3.46,5.47,5.95,317.90,0.09,1,13.13,0.00,82.81,1,-27,39,1,3,STAT,60,LAT,LON,W,CRC
07/22/25 05:26:11,21.24,255.13,9.06,7.67,16.31,464.21,19.60,67.00,987.00,3.23,5.91,6.34,292.00,0.26,1,13.13,0.00,79.05,1,-25,37,1,3,STAT,60,LAT,LON,W,CRC
07/22/25 05:27:12,21.21,259.07,8.69,7.48,16.01,466.02,19.60,66.90,987.00,3.24,5.58,5.98,315.30,0.18,1,13.13,0.00,77.31,1,-26,37,1,3,STAT,60,LAT,LON,W,CRC
07/22/25 05:28:10,21.21,254.30,8.44,8.05,15.42,466.62,19.50,67.00,987.00,3.73,6.07,6.47,324.30,0.38,1,13.13,0.00,82.80,1,-24,37,3,3,STAT,60,LAT,LON,W,CRC
07/22/25 05:29:12,21.19,257.69,7.59,7.75,15.75,466.78,19.50,66.90,987.00,3.81,7.35,7.49,327.10,0.42,1,13.13,0.00,80.98,1,-24,38,2,2,STAT,60,LAT,LON,W,CRC
07/22/25 05:30:14,21.14,259.21,9.25,7.85,14.64,466.28,19.40,67.50,987.00,4.25,8.48,9.17,335.10,0.28,1,13.13,0.00,82.67,1,-24,38,2,2,STAT,60,LAT,LON,W,CRC
07/22/25 05:31:15,21.11,254.96,6.85,7.92,13.70,466.39,19.40,67.10,987.00,4.35,7.79,8.71,336.70,0.15,1,13.13,0.00,75.92,1,-25,39,2,3,STAT,60,LAT,LON,W,CRC
07/22/25 05:32:12,21.11,259.17,9.34,7.46,12.91,466.77,19.40,67.20,987.00,4.27,8.65,9.21,55.50,0.10,1,13.13,0.00,73.97,1,-26,37,2,2,STAT,60,LAT,LON,W,CRC
07/22/25 05:33:14,21.08,267.85,8.40,7.93,12.34,467.27,19.40,67.10,987.00,3.91,7.86,8.38,42.70,0.06,1,13.13,0.00,73.87,1,-28,38,1,3,STAT,60,LAT,LON,W,CRC
07/22/25 05:34:17,21.03,270.37,9.67,7.75,12.55,468.55,19.40,67.10,987.00,3.68,7.37,7.92,0.20,0.07,1,13.13,0.00,78.42,1,-28,37,2,3,STAT,60,LAT,LON,W,CRC
07/22/25 05:35:13,21.01,265.95,8.14,8.31,12.30,470.24,19.40,68.20,987.00,3.76,7.27,7.58,325.70,0.17,1,13.13,0.00,80.54,1,-27,37,0,3,STAT,60,LAT,LON,W,CRC
07/22/25 05:36:15,21.01,266.06,5.91,9.55,13.44,471.73,19.30,68.30,987.00,4.18,8.22,9.01,303.30,0.33,1,13.13,0.00,73.97,1,-27,38,1,2,STAT,60,LAT,LON,W,CRC
07/22/25 05:37:12,20.99,256.85,7.78,8.75,16.06,472.43,19.30,68.00,987.00,4.44,7.27,8.06,298.30,0.43,1,13.13,0.00,77.28,1,-25,36,0,2,STAT,60,LAT,LON,W,CRC
07/22/25 05:38:14,20.94,263.67,7.75,8.83,15.06,472.15,19.30,68.60,987.00,4.04,6.48,7.05,296.00,0.57,1,13.13,0.00,84.59,1,-26,36,1,3,STAT,60,LAT,LON,W,CRC
07/22/25 05:39:16,20.91,261.78,8.84,8.41,14.73,472.02,19.30,68.90,987.00,3.66,6.59,7.00,296.30,0.64,1,13.13,0.00,84.87,1,-25,35,1,2,STAT,60,LAT,LON,W,CRC
07/22/25 05:40:12,20.91,254.18,8.94,7.83,16.39,471.17,19.20,68.50,987.00,3.65,6.15,6.42,307.00,0.56,1,13.13,0.00,81.21,1,-24,35,1,3,STAT,60,LAT,LON,W,CRC
07/22/25 05:41:12,20.89,266.14,9.20,7.71,15.98,468.11,19.10,68.40,987.00,3.40,5.97,6.10,317.20,0.52,1,13.13,0.00,85.45,1,-26,35,1,2,STAT,60,LAT,LON,W,CRC
07/22/25 05:42:14,20.84,265.76,8.36,8.26,15.48,463.97,19.10,68.70,987.00,3.80,6.43,6.67,324.30,0.40,1,13.13,0.00,77.09,1,-27,35,1,2,STAT,60,LAT,LON,W,CRC
07/22/25 05:43:16,20.82,261.85,7.04,7.73,15.40,460.93,19.10,68.50,987.00,3.50,6.18,6.27,334.60,0.27,1,13.13,0.00,74.11,1,-27,37,1,2,STAT,60,LAT,LON,W,CRC
07/22/25 05:44:12,20.81,268.02,7.53,9.12,13.99,459.20,19.00,68.80,987.00,3.76,6.19,6.53,323.40,0.41,1,13.13,0.00,73.46,1,-29,36,2,2,STAT,60,LAT,LON,W,CRC
07/22/25 05:45:14,20.79,265.15,7.25,9.02,13.80,457.97,19.00,69.10,987.00,3.69,6.05,7.22,323.60,0.37,1,13.13,0.00,77.11,1,-27,36,2,2,STAT,60,LAT,LON,W,CRC
07/22/25 05:46:16,20.74,257.21,6.27,8.57,15.48,457.50,18.90,69.60,987.00,3.39,6.34,6.88,322.90,0.36,1,13.13,0.00,74.38,1,-25,35,1,2,STAT,60,LAT,LON,W,CRC
07/22/25 05:47:13,20.72,258.58,5.19,9.15,13.96,460.28,18.90,70.10,987.00,3.29,5.39,5.63,304.10,0.46,1,13.13,0.00,74.12,1,-25,36,1,2,STAT,60,LAT,LON,W,CRC
07/22/25 05:48:16,20.71,262.20,8.96,8.12,15.03,465.18,18.90,69.10,987.00,3.18,5.66,5.74,299.90,0.36,1,13.13,0.00,83.91,1,-28,35,2,2,STAT,60,LAT,LON,W,CRC
07/22/25 05:49:12,20.69,260.98,7.92,9.16,13.61,466.92,19.00,69.70,987.00,2.93,5.19,5.22,287.50,0.48,1,13.13,0.00,81.03,1,-26,35,1,2,STAT,60,LAT,LON,W,CRC
07/22/25 05:50:14,20.64,267.42,5.18,7.68,19.23,465.95,19.00,69.80,987.00,2.71,5.18,5.19,302.00,0.23,1,13.13,0.00,80.39,1,-28,35,0,2,STAT,60,LAT,LON,W,CRC
07/22/25 05:51:16,20.62,260.47,6.80,8.12,18.83,464.17,18.90,68.90,987.00,3.10,5.85,6.01,314.60,0.06,1,13.13,0.00,80.59,1,-24,35,1,2,STAT,60,LAT,LON,W,CRC
07/22/25 05:52:13,20.61,255.42,5.67,8.06,19.84,460.87,18.90,69.00,987.00,3.46,6.19,6.26,20.70,0.07,1,13.13,0.00,77.43,1,-23,36,1,2,STAT,60,LAT,LON,W,CRC
07/22/25 05:53:15,20.59,260.44,6.49,8.46,19.19,457.61,18.90,68.80,987.00,3.25,6.06,7.21,57.20,0.15,1,13.13,0.00,83.86,1,-25,35,1,2,STAT,60,LAT,LON,W,CRC
07/22/25 05:54:17,20.54,268.70,7.73,7.98,19.47,455.81,18.90,68.80,987.00,3.47,5.93,6.57,48.50,0.16,1,13.09,0.00,89.57,1,-26,34,1,2,STAT,60,LAT,LON,W,CRC
07/22/25 05:55:13,20.52,270.74,6.52,8.56,18.56,455.31,18.90,68.60,987.00,3.41,5.73,6.28,49.40,0.15,1,13.13,0.00,81.80,1,-26,35,2,2,STAT,60,LAT,LON,W,CRC
07/22/25 05:56:15,20.51,275.37,10.90,7.35,17.68,455.80,18.90,66.40,987.00,3.41,6.38,6.76,42.30,0.12,1,13.13,0.00,84.40,1,-28,34,1,3,STAT,60,LAT,LON,W,CRC
07/22/25 05:57:16,20.48,273.72,13.47,6.22,15.87,457.12,18.90,65.70,987.00,3.60,5.79,6.18,22.00,0.10,1,13.13,0.00,75.98,1,-28,33,1,2,STAT,60,LAT,LON,W,CRC
07/22/25 05:58:13,20.44,276.49,13.17,6.62,13.78,457.70,18.90,64.90,987.00,3.48,5.83,6.16,23.30,0.08,1,13.13,0.00,73.84,1,-31,33,1,2,STAT,60,LAT,LON,W,CRC
07/22/25 05:59:15,20.42,276.89,10.74,7.10,14.41,457.89,19.00,65.00,987.00,3.45,6.03,6.58,36.40,0.07,1,13.13,0.00,77.51,1,-32,34,1,3,STAT,60,LAT,LON,W,CRC
07/22/25 06:00:17,20.41,272.86,11.30,6.75,15.07,457.78,19.00,64.80,987.00,3.20,5.85,6.51,4.00,0.08,1,13.13,0.00,76.28,1,-30,33,1,2,STAT,60,LAT,LON,W,CRC
07/22/25 06:01:16,20.39,271.13,11.32,6.18,14.27,457.86,19.00,64.70,987.00,3.10,5.51,5.75,121.10,0.12,1,13.13,0.00,79.64,1,-30,34,1,2,STAT,60,LAT,LON,W,CRC
07/22/25 06:02:17,20.34,264.03,10.72,6.96,11.95,458.68,19.00,64.70,987.00,3.03,5.23,5.39,115.60,0.09,1,13.13,0.00,78.93,1,-29,33,2,2,STAT,60,LAT,LON,W,CRC
07/22/25 06:03:13,20.32,256.87,10.60,6.95,12.07,459.49,19.00,64.40,987.00,3.03,5.17,5.23,76.20,0.04,1,13.13,0.00,76.87,1,-28,33,1,2,STAT,60,LAT,LON,W,CRC
07/22/25 06:04:16,20.31,256.50,9.70,6.71,13.80,460.13,18.90,66.50,987.00,3.03,5.53,5.54,89.50,0.13,1,13.13,0.00,80.39,1,-27,34,2,2,STAT,60,LAT,LON,W,CRC
07/22/25 06:05:17,20.30,248.91,10.56,8.23,11.65,461.71,18.90,66.10,987.00,2.97,5.28,5.53,11.40,0.11,1,13.13,0.00,75.34,1,-24,33,0,1,STAT,60,LAT,LON,W,CRC
07/22/25 06:06:14,20.26,252.49,10.62,6.67,13.70,463.12,18.90,67.00,987.00,2.63,5.46,5.81,321.10,0.26,1,13.13,0.00,73.11,1,-26,34,0,2,STAT,60,LAT,LON,W,CRC
07/22/25 06:07:16,20.23,254.26,12.94,7.26,13.80,463.69,18.80,67.00,987.00,2.45,4.99,5.18,306.20,0.45,1,13.13,0.00,73.57,1,-26,32,0,2,STAT,60,LAT,LON,W,CRC
07/22/25 06:08:14,20.22,254.44,11.35,6.62,13.93,463.88,18.80,66.90,987.00,2.52,5.21,5.86,302.20,0.61,1,13.13,0.00,76.51,1,-25,33,0,2,STAT,60,LAT,LON,W,CRC
07/22/25 06:09:16,20.21,247.64,10.64,7.41,14.15,463.96,18.80,66.90,987.00,3.09,5.75,6.14,297.70,0.59,1,13.13,0.00,79.50,1,-23,33,0,2,STAT,60,LAT,LON,W,CRC
07/22/25 06:10:17,20.21,243.99,9.18,7.67,13.60,463.99,18.80,68.00,987.00,2.96,5.52,5.71,294.10,0.50,1,13.13,0.00,85.32,1,-22,34,1,2,STAT,60,LAT,LON,W,CRC
07/22/25 06:11:19,20.18,238.59,8.22,6.98,15.13,463.99,18.80,68.10,987.00,2.99,5.48,5.75,303.80,0.18,1,13.13,0.00,76.13,1,-22,34,0,2,STAT,60,LAT,LON,W,CRC
07/22/25 06:12:15,20.14,240.19,10.61,6.53,13.18,463.57,18.70,67.60,987.00,2.71,5.23,5.45,84.30,0.11,1,13.13,0.00,73.25,1,-23,33,1,2,STAT,60,LAT,LON,W,CRC
07/22/25 06:13:17,20.12,241.51,11.28,7.55,13.09,462.59,18.70,68.00,987.00,3.07,5.91,6.16,100.60,0.12,1,13.13,0.00,73.88,1,-23,32,1,2,STAT,60,LAT,LON,W,CRC
07/22/25 06:14:15,20.12,233.35,10.02,8.12,12.57,461.93,18.70,68.30,987.00,3.23,5.94,6.09,124.30,0.19,1,13.13,0.00,78.10,1,-21,33,1,2,STAT,60,LAT,LON,W,CRC
07/22/25 06:15:16,20.11,243.31,10.80,8.25,12.21,461.29,18.70,67.50,987.00,3.29,5.71,6.09,128.50,0.05,1,13.13,0.00,74.99,1,-23,32,2,1,STAT,60,LAT,LON,W,CRC
07/22/25 06:16:18,20.08,241.11,11.06,7.83,12.79,461.10,18.70,67.60,987.00,3.25,5.77,5.97,143.90,0.04,1,13.13,0.00,73.50,1,-22,32,1,1,STAT,60,LAT,LON,W,CRC
07/22/25 06:17:15,20.04,239.49,11.51,7.53,12.29,461.45,18.60,66.90,987.00,3.07,7.04,7.14,97.80,0.02,1,13.13,0.00,71.89,1,-21,32,0,1,STAT,60,LAT,LON,W,CRC
07/22/25 06:18:17,20.02,245.68,9.43,7.35,14.40,462.88,18.60,67.40,987.00,3.16,6.37,6.50,127.50,0.16,1,13.13,0.00,74.61,1,-23,34,0,2,STAT,60,LAT,LON,W,CRC
07/22/25 06:19:19,20.02,241.40,11.77,7.22,13.73,466.09,18.60,67.50,987.00,3.47,6.16,6.20,126.50,0.12,1,13.13,0.00,73.30,1,-20,32,0,1,STAT,60,LAT,LON,W,CRC
07/22/25 06:20:15,20.01,242.01,9.40,8.56,14.67,468.85,18.60,67.80,987.00,3.55,6.44,7.10,25.10,0.03,1,13.13,0.00,73.69,1,-20,32,0,1,STAT,60,LAT,LON,W,CRC
07/22/25 06:21:19,19.98,248.12,10.03,7.99,15.04,470.16,18.60,68.50,987.00,3.08,6.03,6.57,357.20,0.07,1,13.13,0.00,84.79,1,-22,32,0,1,STAT,60,LAT,LON,W,CRC
07/22/25 06:22:20,19.94,247.31,11.33,8.18,13.80,470.06,18.60,68.80,987.00,3.21,5.78,5.96,93.30,0.06,1,13.13,0.00,78.48,1,-23,31,0,1,STAT,60,LAT,LON,W,CRC
07/22/25 06:23:16,19.92,250.57,8.31,7.72,14.27,470.02,18.60,69.10,987.00,3.37,6.53,6.59,106.50,0.27,1,13.13,0.00,74.84,1,-25,33,1,1,STAT,60,LAT,LON,W,CRC
07/22/25 06:24:19,19.92,248.02,10.23,7.97,13.88,470.01,18.50,69.20,987.00,3.30,5.92,6.37,23.60,0.12,1,13.13,0.00,74.29,1,-24,31,0,2,STAT,60,LAT,LON,W,CRC
07/22/25 06:25:20,19.91,254.32,9.33,7.71,13.29,469.86,18.50,69.00,987.00,3.67,5.88,6.32,4.50,0.14,1,13.13,0.00,80.10,1,-25,33,0,2,STAT,60,LAT,LON,W,CRC
07/22/25 06:26:17,19.89,247.55,7.91,8.16,13.34,469.41,18.50,69.40,987.00,3.80,5.68,6.10,329.60,0.16,1,13.13,0.00,74.51,1,-22,32,0,2,STAT,60,LAT,LON,W,CRC
07/22/25 06:27:25,19.84,242.03,10.10,8.52,13.03,470.64,18.40,70.00,987.00,3.31,6.01,6.31,305.20,0.74,0,13.13,0.00,74.19,1,-21,30,0,1,STAT,60,LAT,LON,W,CRC
07/22/25 06:28:21,19.83,239.15,9.73,8.58,12.43,472.64,18.30,70.20,987.00,3.18,6.04,6.27,311.00,0.76,0,13.13,0.00,70.97,1,-20,30,1,1,STAT,60,LAT,LON,W,CRC
07/22/25 06:29:18,19.82,234.76,8.63,7.78,14.65,473.54,18.10,70.40,987.00,3.32,6.01,6.09,304.20,1.16,0,13.13,0.00,70.97,1,-18,31,1,1,STAT,60,LAT,LON,W,CRC
07/22/25 06:30:19,19.81,246.97,10.56,8.59,13.51,474.29,18.10,71.50,987.00,3.63,6.45,6.50,304.30,1.05,0,13.13,0.00,74.19,1,-22,30,1,2,STAT,60,LAT,LON,W,CRC
07/22/25 06:31:21,19.77,242.19,11.10,8.56,13.96,474.75,18.10,71.50,987.00,3.02,5.92,6.36,312.70,0.71,0,13.13,0.00,70.97,1,-22,30,1,2,STAT,60,LAT,LON,W,CRC
07/22/25 06:32:17,19.74,240.68,11.79,9.12,10.43,475.31,18.10,71.10,987.00,3.22,5.83,6.25,330.10,0.39,0,13.13,0.00,87.10,1,-22,29,2,1,STAT,60,LAT,LON,W,CRC
07/22/25 06:33:18,19.72,251.05,9.87,8.23,12.00,476.59,18.10,71.30,987.00,3.75,6.10,6.60,344.90,0.23,0,13.13,0.00,74.19,1,-26,30,1,2,STAT,60,LAT,LON,W,CRC
07/22/25 06:34:20,19.71,241.24,10.18,8.40,10.85,478.05,18.00,71.10,987.00,3.91,6.15,6.43,16.10,0.07,0,13.13,0.00,90.32,1,-24,31,0,1,STAT,60,LAT,LON,W,CRC
07/22/25 06:35:17,19.67,249.89,10.15,7.87,12.53,478.63,18.00,71.50,987.00,3.73,6.56,6.73,77.20,0.15,0,13.13,0.00,119.35,1,-26,30,1,1,STAT,60,LAT,LON,W,CRC
07/22/25 06:36:19,19.64,247.32,10.55,8.23,10.76,478.87,18.00,71.10,987.00,3.33,6.65,7.21,69.60,0.16,0,13.13,0.00,74.19,1,-25,30,1,1,STAT,60,LAT,LON,W,CRC
07/22/25 06:37:21,19.63,240.03,10.15,7.57,12.08,478.01,18.00,71.40,987.00,3.25,6.18,6.99,83.90,0.21,0,13.13,0.00,70.97,1,-23,30,1,1,STAT,60,LAT,LON,W,CRC
07/22/25 06:38:18,19.61,247.01,9.22,9.71,12.02,476.89,18.00,71.60,988.00,3.64,6.98,7.77,62.00,0.16,0,13.13,0.00,74.19,1,-25,30,1,2,STAT,60,LAT,LON,W,CRC
07/22/25 06:39:19,19.57,249.61,10.89,7.95,11.54,475.82,18.10,70.90,987.00,3.80,7.13,7.71,6.20,0.09,0,13.13,0.00,74.19,1,-26,31,0,1,STAT,60,LAT,LON,W,CRC
07/22/25 06:40:21,19.54,246.68,11.09,7.84,11.60,473.65,18.10,71.50,987.00,3.90,6.57,6.99,300.80,0.34,0,13.13,0.00,70.97,1,-26,30,0,1,STAT,60,LAT,LON,W,CRC
07/22/25 06:41:19,19.53,247.91,10.36,7.76,11.95,472.02,18.10,71.60,987.00,3.76,6.06,6.40,306.20,0.42,0,13.13,0.00,87.10,1,-26,31,1,1,STAT,60,LAT,LON,W,CRC
07/22/25 06:42:21,19.52,248.70,12.12,7.44,11.75,471.22,18.10,71.50,988.00,3.59,6.34,7.06,302.40,0.34,0,13.13,0.00,87.10,1,-24,30,1,1,STAT,60,LAT,LON,W,CRC
07/22/25 06:43:22,19.51,246.88,12.19,8.40,9.73,471.08,18.10,71.60,988.00,3.40,5.58,6.37,297.20,0.22,0,13.13,0.00,70.97,1,-25,29,0,1,STAT,60,LAT,LON,W,CRC
07/22/25 06:44:19,19.47,251.15,9.01,8.83,12.11,471.47,18.10,71.80,988.00,3.52,5.80,6.63,348.80,0.08,0,13.13,0.00,70.97,1,-26,29,1,0,STAT,60,LAT,LON,W,CRC
07/22/25 06:45:21,19.44,243.99,8.88,7.78,13.57,472.80,18.10,71.20,988.00,3.59,5.74,6.20,357.20,0.04,0,13.13,0.00,70.97,1,-23,30,0,0,STAT,60,LAT,LON,W,CRC
07/22/25 06:46:18,19.43,238.84,9.64,8.49,12.38,474.00,18.10,71.90,988.00,3.45,6.02,6.25,289.40,0.27,0,13.13,0.00,70.97,1,-22,28,0,1,STAT,60,LAT,LON,W,CRC
07/22/25 06:47:20,19.42,243.44,9.42,9.01,13.22,474.00,18.10,72.30,988.00,3.94,7.26,7.57,285.20,0.67,0,13.13,0.00,96.77,1,-22,29,0,1,STAT,60,LAT,LON,W,CRC
07/22/25 06:48:22,19.42,239.94,10.26,8.01,12.07,475.48,18.10,72.30,988.00,3.66,6.73,7.20,291.40,0.69,0,13.13,0.00,74.19,1,-21,30,1,0,STAT,60,LAT,LON,W,CRC
07/22/25 06:49:19,19.41,241.14,10.21,7.19,10.83,476.42,18.10,72.20,988.00,3.61,6.37,6.71,303.80,0.40,0,13.13,0.00,74.19,1,-22,30,1,0,STAT,60,LAT,LON,W,CRC
07/22/25 06:50:20,19.36,247.35,11.74,6.27,10.85,476.80,18.10,72.10,988.00,3.62,6.07,6.45,8.70,0.06,0,13.09,0.00,100.00,1,-25,29,1,1,STAT,60,LAT,LON,W,CRC
07/22/25 06:51:23,19.34,247.65,10.49,6.53,12.81,476.70,18.10,72.00,988.00,3.58,6.39,6.62,49.90,0.15,0,13.13,0.00,70.97,1,-26,30,0,1,STAT,60,LAT,LON,W,CRC
07/22/25 06:52:19,19.33,244.48,11.51,6.22,13.56,475.32,18.10,71.80,988.00,3.16,5.84,6.18,38.80,0.10,0,13.13,0.00,70.97,1,-25,29,0,1,STAT,60,LAT,LON,W,CRC
07/22/25 06:53:21,19.33,244.61,11.57,6.32,11.85,474.46,18.10,71.60,988.00,3.28,5.95,6.23,353.60,0.05,0,13.13,0.00,74.19,1,-25,29,0,0,STAT,60,LAT,LON,W,CRC
07/22/25 06:54:18,19.32,238.12,11.32,7.22,11.60,474.18,18.10,72.20,988.00,3.05,5.64,6.18,314.40,0.32,0,13.13,0.00,83.87,1,-23,29,0,1,STAT,60,LAT,LON,W,CRC
07/22/25 06:55:19,19.31,245.03,10.04,7.87,12.96,474.06,18.10,72.70,988.00,3.23,6.26,7.20,300.40,0.38,0,13.13,0.00,70.97,1,-25,29,0,1,STAT,60,LAT,LON,W,CRC
07/22/25 06:56:21,19.27,242.13,12.39,7.32,11.83,474.64,18.10,72.10,988.00,3.19,6.34,6.70,302.30,0.26,0,13.13,0.00,70.97,1,-23,27,0,1,STAT,60,LAT,LON,W,CRC
07/22/25 06:57:18,19.24,240.32,10.38,7.18,11.42,474.94,18.10,72.60,988.00,3.12,6.02,7.11,316.10,0.34,0,13.13,0.00,74.19,1,-24,29,0,0,STAT,60,LAT,LON,W,CRC
07/22/25 06:58:20,19.23,241.32,9.78,7.46,10.93,475.92,18.00,72.70,988.00,2.82,5.93,6.39,331.50,0.30,0,13.13,0.00,74.19,1,-24,29,0,0,STAT,60,LAT,LON,W,CRC
07/22/25 06:59:22,19.23,235.11,7.93,8.47,9.56,477.24,18.00,72.70,988.00,2.97,5.80,6.24,309.80,0.28,0,13.13,0.00,70.97,1,-22,30,0,0,STAT,60,LAT,LON,W,CRC
07/22/25 07:00:19,19.23,235.90,8.41,8.88,11.26,479.18,18.10,73.00,988.00,3.21,6.02,6.29,285.10,0.39,0,13.13,0.00,80.65,1,-23,30,0,0,STAT,60,LAT,LON,W,CRC
07/22/25 07:01:22,19.22,237.15,8.67,9.48,9.58,481.43,18.10,73.00,988.00,2.97,6.58,7.07,288.50,0.54,0,13.13,0.00,74.19,1,-22,31,0,1,STAT,60,LAT,LON,W,CRC
07/22/25 07:02:23,19.21,244.36,10.49,8.07,9.42,482.56,18.00,71.80,988.00,3.03,6.00,6.17,298.70,0.50,0,13.13,0.00,70.97,1,-24,29,0,1,STAT,60,LAT,LON,W,CRC
07/22/25 07:03:20,19.17,234.06,11.28,7.41,10.38,482.83,18.00,71.80,988.00,3.29,6.66,6.72,308.10,0.35,0,13.13,0.00,70.97,1,-21,29,0,0,STAT,60,LAT,LON,W,CRC
07/22/25 07:04:22,19.14,236.26,11.40,6.50,10.51,483.56,18.00,72.30,988.00,3.72,6.52,6.78,319.80,0.29,0,13.13,0.00,70.97,1,-22,28,0,0,STAT,60,LAT,LON,W,CRC
07/22/25 07:05:19,19.13,242.51,12.34,7.23,10.52,484.46,17.90,72.70,988.00,3.37,6.17,6.51,322.00,0.38,0,13.09,0.00,112.90,1,-24,27,0,1,STAT,60,LAT,LON,W,CRC
07/22/25 07:06:22,19.13,236.10,10.70,7.18,11.01,486.23,17.90,73.00,988.00,3.76,6.57,6.74,312.00,0.28,0,13.13,0.00,87.10,1,-22,28,0,1,STAT,60,LAT,LON,W,CRC
07/22/25 07:07:23,19.13,232.56,11.69,6.60,11.33,488.60,17.90,72.20,988.00,3.74,6.17,6.23,325.40,0.11,0,13.09,0.00,183.87,1,-21,28,0,0,STAT,60,LAT,LON,W,CRC
07/22/25 07:08:20,19.13,234.85,12.42,6.33,9.27,488.34,17.90,72.20,988.00,3.89,6.35,6.71,4.80,0.06,0,13.13,0.00,87.10,1,-23,28,0,0,STAT,60,LAT,LON,W,CRC
07/22/25 07:09:21,19.11,235.39,11.23,7.07,9.72,486.97,17.90,73.10,988.00,3.51,6.09,6.21,94.20,0.16,0,13.13,0.00,74.19,1,-23,28,0,0,STAT,60,LAT,LON,W,CRC
07/22/25 07:10:23,19.07,234.42,10.66,6.97,9.48,486.69,17.90,72.90,988.00,4.06,7.20,7.24,118.40,0.18,0,13.13,0.00,70.97,1,-22,29,0,0,STAT,60,LAT,LON,W,CRC
07/22/25 07:11:19,19.04,230.65,10.81,7.25,10.84,487.21,17.80,72.80,988.00,4.05,7.08,7.10,107.20,0.11,0,13.13,0.00,70.97,1,-21,29,0,0,STAT,60,LAT,LON,W,CRC
07/22/25 07:12:21,19.03,228.76,10.66,7.28,10.84,488.78,17.70,73.10,988.00,4.02,6.87,7.05,87.00,0.14,0,13.13,0.00,70.97,1,-20,28,0,0,STAT,60,LAT,LON,W,CRC
07/22/25 07:13:23,19.03,235.38,12.29,7.12,10.14,493.67,17.80,73.10,988.00,3.92,6.74,6.90,56.50,0.04,0,13.13,0.00,70.97,1,-23,28,0,1,STAT,60,LAT,LON,W,CRC
07/22/25 07:14:23,19.03,231.61,12.44,7.33,8.62,498.24,17.70,73.10,988.00,3.53,6.06,6.41,0.60,0.11,0,13.13,0.00,70.97,1,-22,28,0,0,STAT,60,LAT,LON,W,CRC
07/22/25 07:15:24,19.03,232.62,10.96,8.16,8.45,502.31,17.70,73.20,988.00,3.52,6.90,7.02,321.40,0.12,0,13.13,0.00,87.10,1,-22,28,0,0,STAT,60,LAT,LON,W,CRC
07/22/25 07:16:25,19.01,232.16,10.69,7.66,9.40,503.63,17.70,73.40,988.00,3.57,6.33,6.66,317.90,0.20,0,13.13,0.00,74.19,1,-22,28,0,0,STAT,60,LAT,LON,W,CRC
07/22/25 07:17:23,18.98,226.50,8.96,7.90,9.79,504.21,17.70,73.40,988.00,3.27,6.63,6.80,334.90,0.22,0,13.13,0.00,70.97,1,-20,29,0,0,STAT,60,LAT,LON,W,CRC
07/22/25 07:18:25,18.95,219.34,10.67,7.30,9.62,505.07,17.60,73.50,988.00,3.62,6.82,6.88,348.40,0.18,0,13.13,0.00,70.97,1,-18,28,-1,0,STAT,60,LAT,LON,W,CRC
07/22/25 07:19:22,18.94,225.90,11.54,7.96,8.34,505.64,17.60,73.50,988.00,3.85,6.88,7.08,335.10,0.15,0,13.13,0.00,74.19,1,-21,28,0,0,STAT,60,LAT,LON,W,CRC
07/22/25 07:20:25,18.93,235.13,13.53,7.60,8.24,506.46,17.60,73.70,988.00,3.67,6.25,6.70,297.30,0.16,0,13.09,0.00,80.65,1,-25,27,0,0,STAT,60,LAT,LON,W,CRC
07/22/25 07:21:22,18.93,234.76,13.48,8.82,7.09,506.18,17.60,74.00,988.00,2.77,5.48,5.71,287.80,0.26,0,13.13,0.00,74.19,1,-24,25,0,0,STAT,60,LAT,LON,W,CRC
07/22/25 07:22:23,18.93,230.00,9.71,9.39,8.32,506.06,17.70,74.10,988.00,2.50,5.49,5.75,285.40,0.39,0,13.13,0.00,87.10,1,-23,28,0,1,STAT,60,LAT,LON,W,CRC
07/22/25 07:23:26,18.91,230.27,11.80,8.81,7.97,504.31,17.70,73.80,988.00,2.85,5.40,5.60,286.90,0.30,0,13.13,0.00,74.19,1,-22,27,0,0,STAT,60,LAT,LON,W,CRC
07/22/25 07:24:22,18.87,231.06,12.15,7.62,9.17,501.66,17.70,73.90,988.00,3.02,5.75,6.44,305.80,0.29,0,13.13,0.00,87.10,1,-22,27,0,0,STAT,60,LAT,LON,W,CRC
07/22/25 07:25:23,18.85,235.94,11.57,6.83,10.86,500.13,17.70,73.90,988.00,2.50,5.15,5.56,79.70,0.10,0,13.13,0.00,70.97,1,-24,27,0,0,STAT,60,LAT,LON,W,CRC
07/22/25 07:26:25,18.84,233.04,10.74,8.33,12.44,498.34,17.60,74.40,988.00,3.15,5.86,6.29,114.60,0.33,0,13.13,0.00,74.19,1,-22,27,0,1,STAT,60,LAT,LON,W,CRC
07/22/25 07:27:23,18.83,235.06,10.34,8.55,11.77,497.52,17.60,74.50,988.00,3.57,6.69,6.98,123.20,0.34,0,13.13,0.00,70.97,1,-22,27,0,1,STAT,60,LAT,LON,W,CRC
07/22/25 07:28:23,18.83,235.11,10.98,8.48,9.79,497.18,17.60,74.20,988.00,3.45,6.26,7.10,122.70,0.27,0,13.13,0.00,87.10,1,-22,27,0,1,STAT,60,LAT,LON,W,CRC
07/22/25 07:29:25,18.83,232.96,10.40,7.49,10.72,497.06,17.70,74.20,988.00,3.71,6.52,7.52,109.00,0.22,0,13.13,0.00,74.19,1,-22,27,0,0,STAT,60,LAT,LON,W,CRC
07/22/25 07:30:21,18.83,235.32,9.93,7.60,12.17,496.45,17.70,74.20,988.00,3.72,6.52,7.54,91.00,0.27,0,13.13,0.00,74.19,1,-22,27,0,0,STAT,60,LAT,LON,W,CRC
07/22/25 07:31:23,18.82,237.18,11.08,8.00,11.08,496.24,17.70,74.30,988.00,4.27,7.58,8.55,89.50,0.29,0,13.13,0.00,74.19,1,-23,27,0,0,STAT,60,LAT,LON,W,CRC
07/22/25 07:32:26,18.80,245.28,11.78,8.04,8.23,496.73,17.70,74.00,988.00,4.64,7.84,8.98,68.00,0.11,0,13.13,0.00,70.97,1,-25,27,0,0,STAT,60,LAT,LON,W,CRC
07/22/25 07:33:22,18.76,242.56,12.31,6.33,10.32,496.90,17.70,74.50,988.00,4.72,8.74,9.59,297.00,0.20,0,13.13,0.00,74.19,1,-26,26,0,0,STAT,60,LAT,LON,W,CRC
07/22/25 07:34:26,18.74,238.87,10.64,7.83,8.72,498.55,17.80,74.30,988.00,4.01,7.41,8.12,276.90,0.45,0,13.13,0.00,87.10,1,-25,27,0,0,STAT,60,LAT,LON,W,CRC
07/22/25 07:35:23,18.74,237.00,9.27,8.80,8.15,501.66,17.80,74.10,988.00,3.59,6.76,7.09,275.30,0.49,0,13.13,0.00,87.10,1,-24,28,0,0,STAT,60,LAT,LON,W,CRC
07/22/25 07:36:24,18.73,239.04,8.99,8.27,11.17,503.63,17.90,73.80,988.00,3.29,5.80,5.91,278.90,0.27,0,13.13,0.00,74.19,1,-24,27,0,0,STAT,60,LAT,LON,W,CRC
07/22/25 07:37:26,18.73,245.79,11.03,6.96,12.35,503.78,17.90,72.70,988.00,3.30,6.55,6.94,339.10,0.03,0,13.13,0.00,74.19,1,-24,27,0,0,STAT,60,LAT,LON,W,CRC
07/22/25 07:38:23,18.73,245.60,11.28,7.22,12.28,503.07,17.90,72.70,988.00,3.17,6.71,6.98,21.50,0.10,0,13.13,0.00,74.19,1,-21,28,0,0,STAT,60,LAT,LON,W,CRC
07/22/25 07:39:25,18.73,240.73,9.92,7.94,12.75,501.34,17.90,72.70,988.00,3.11,6.15,6.35,29.80,0.15,0,13.13,0.00,70.97,1,-19,28,1,0,STAT,60,LAT,LON,W,CRC
07/22/25 07:40:24,18.73,242.82,11.78,7.58,11.86,500.43,17.90,71.70,988.00,3.30,6.19,6.52,337.50,0.06,0,13.09,0.00,122.58,1,-19,27,0,0,STAT,60,LAT,LON,W,CRC
07/22/25 07:41:25,18.73,247.32,13.36,5.82,11.37,499.10,17.90,70.00,988.00,2.93,5.96,6.52,269.20,0.14,0,13.13,0.00,74.19,1,-21,27,-1,0,STAT,60,LAT,LON,W,CRC
07/22/25 07:42:26,18.73,236.94,11.45,7.04,8.65,497.97,18.00,72.80,988.00,2.90,5.94,6.44,297.90,0.23,0,13.13,0.00,87.10,1,-21,28,0,0,STAT,60,LAT,LON,W,CRC
07/22/25 07:43:28,18.73,236.33,11.76,6.75,8.67,501.95,18.00,72.50,988.00,2.93,5.90,6.52,326.60,0.24,0,13.13,0.00,70.97,1,-23,27,0,0,STAT,60,LAT,LON,W,CRC
07/22/25 07:44:24,18.73,222.67,15.15,6.78,6.46,506.22,17.90,70.00,988.00,3.07,6.57,6.97,334.00,0.23,0,13.13,0.00,74.19,1,-20,26,0,0,STAT,60,LAT,LON,W,CRC
07/22/25 07:45:27,18.72,225.53,13.18,6.67,6.32,507.11,17.90,70.20,988.00,3.29,6.46,6.86,328.00,0.18,0,13.13,0.00,70.97,1,-21,27,0,0,STAT,60,LAT,LON,W,CRC
07/22/25 07:46:28,18.71,228.41,12.97,5.89,8.16,505.92,17.90,70.20,988.00,2.98,6.21,6.42,345.40,0.11,0,13.13,0.00,74.19,1,-23,28,0,0,STAT,60,LAT,LON,W,CRC
07/22/25 07:47:27,18.71,225.82,13.63,6.21,6.74,504.48,18.00,69.80,988.00,3.21,6.38,6.78,337.70,0.15,0,13.13,0.00,74.19,1,-22,27,0,0,STAT,60,LAT,LON,W,CRC
07/22/25 07:48:28,18.71,220.88,14.33,6.60,7.67,503.52,18.00,71.60,988.00,3.48,6.45,6.93,324.70,0.25,0,13.13,0.00,74.19,1,-21,25,-1,0,STAT,60,LAT,LON,W,CRC
07/22/25 07:49:25,18.70,220.00,14.08,6.69,9.84,503.49,17.90,72.10,988.00,3.61,6.45,6.76,329.20,0.22,0,13.13,0.00,87.10,1,-20,24,0,0,STAT,60,LAT,LON,W,CRC
07/22/25 07:50:26,18.69,209.77,13.43,6.91,8.63,506.12,18.00,71.50,988.00,3.25,5.81,6.40,332.00,0.09,0,13.13,0.00,70.97,1,-17,27,-1,0,STAT,60,LAT,LON,W,CRC
07/22/25 07:51:28,18.67,214.03,13.41,7.10,8.52,509.77,18.00,72.20,988.00,3.06,6.04,6.42,110.00,0.12,0,13.13,0.00,87.10,1,-19,27,0,0,STAT,60,LAT,LON,W,CRC
07/22/25 07:52:25,18.67,220.79,10.50,7.74,10.74,512.26,17.90,73.70,988.00,3.17,6.06,6.78,114.60,0.44,0,13.13,0.00,87.10,1,-19,27,0,0,STAT,60,LAT,LON,W,CRC
07/22/25 07:53:27,18.65,227.75,8.64,8.82,10.54,511.09,17.80,74.20,988.00,3.21,6.10,6.83,104.00,0.61,0,13.13,0.00,80.65,1,-20,28,0,0,STAT,60,LAT,LON,W,CRC
07/22/25 07:54:26,18.64,222.44,9.69,9.66,9.91,509.80,17.80,74.90,988.00,3.47,6.86,7.13,101.10,0.71,0,13.13,0.00,70.97,1,-17,28,0,0,STAT,60,LAT,LON,W,CRC
07/22/25 07:55:28,18.64,228.52,11.87,8.28,11.10,509.44,17.80,74.00,988.00,3.31,6.62,6.98,88.60,0.36,0,13.13,0.00,74.19,1,-20,27,0,0,STAT,60,LAT,LON,W,CRC
07/22/25 07:56:25,18.64,225.30,11.51,9.38,9.53,509.63,17.70,74.70,988.00,3.73,6.64,6.78,83.20,0.34,0,13.13,0.00,74.19,1,-19,27,0,0,STAT,60,LAT,LON,W,CRC
07/22/25 07:57:27,18.64,220.01,12.52,8.20,8.90,510.78,17.70,75.30,988.00,4.03,6.89,7.23,356.50,0.15,0,13.13,0.00,87.10,1,-18,27,0,0,STAT,60,LAT,LON,W,CRC
07/22/25 07:58:29,18.64,217.76,14.05,8.33,7.29,511.57,17.70,74.60,988.00,3.84,6.60,6.89,309.10,0.33,0,13.13,0.00,70.97,1,-17,25,0,0,STAT,60,LAT,LON,W,CRC
07/22/25 07:59:25,18.64,218.99,14.36,7.78,8.51,512.40,17.70,75.30,988.00,3.58,6.17,6.46,304.00,0.46,0,13.13,0.00,74.19,1,-18,25,0,0,STAT,60,LAT,LON,W,CRC
07/22/25 08:00:29,18.64,223.43,11.53,9.28,5.98,514.59,17.60,75.40,988.00,3.62,6.66,6.90,111.00,0.12,0,13.13,0.00,70.97,1,-20,26,0,0,STAT,60,LAT,LON,W,CRC
07/22/25 08:01:25,18.64,223.82,11.27,8.49,7.58,514.41,17.60,74.80,988.00,3.88,6.71,7.22,120.80,0.39,0,13.13,0.00,87.10,1,-20,26,0,-1,STAT,60,LAT,LON,W,CRC
07/22/25 08:02:27,18.64,225.02,9.37,8.76,10.47,509.00,17.40,74.90,988.00,3.66,6.57,6.89,123.20,0.65,0,13.13,0.00,70.97,1,-19,26,0,0,STAT,60,LAT,LON,W,CRC
07/22/25 08:03:28,18.64,224.30,9.12,8.48,10.91,501.35,17.40,75.10,988.00,3.68,6.82,7.07,122.90,0.68,0,13.13,0.00,70.97,1,-17,28,0,0,STAT,60,LAT,LON,W,CRC
07/22/25 08:04:30,18.64,233.52,10.01,7.99,12.24,495.84,17.40,74.90,988.00,3.67,6.69,6.81,106.20,0.23,0,13.13,0.00,70.97,1,-21,27,0,0,STAT,60,LAT,LON,W,CRC
07/22/25 08:05:26,18.63,232.81,12.98,8.54,11.77,493.27,17.40,75.10,988.00,3.83,7.11,7.27,84.50,0.15,0,13.13,0.00,70.97,1,-21,25,0,0,STAT,60,LAT,LON,W,CRC
07/22/25 08:06:27,18.61,223.03,9.35,9.26,13.09,493.35,17.40,76.00,988.00,3.90,6.49,6.85,81.20,0.24,0,13.13,0.00,87.10,1,-15,26,0,0,STAT,60,LAT,LON,W,CRC
07/22/25 08:07:26,18.57,228.13,10.35,9.64,11.70,494.37,17.40,75.90,988.00,3.65,6.62,6.79,61.30,0.21,0,13.13,0.00,74.19,1,-17,26,0,0,STAT,60,LAT,LON,W,CRC
07/22/25 08:08:28,18.55,224.96,11.00,9.00,10.86,494.78,17.40,75.80,988.00,3.36,6.05,6.19,61.10,0.26,0,13.13,0.00,74.19,1,-16,26,0,0,STAT,60,LAT,LON,W,CRC
07/22/25 08:09:30,18.54,228.13,10.98,9.06,10.56,495.29,17.40,75.20,988.00,3.65,6.82,6.87,34.30,0.25,0,13.13,0.00,74.19,1,-18,25,0,0,STAT,60,LAT,LON,W,CRC
07/22/25 08:10:27,18.54,231.33,12.58,7.61,8.94,495.11,17.40,75.50,988.00,3.88,7.34,7.59,69.50,0.18,0,13.13,0.00,70.97,1,-20,26,0,0,STAT,60,LAT,LON,W,CRC
07/22/25 08:11:29,18.53,225.99,10.55,8.02,8.55,495.04,17.40,75.30,988.00,3.97,6.88,7.02,115.20,0.29,0,13.13,0.00,70.97,1,-21,27,0,0,STAT,60,LAT,LON,W,CRC
07/22/25 08:12:30,18.49,238.00,12.64,7.68,9.38,493.76,17.40,75.70,988.00,4.02,7.48,7.60,118.60,0.22,0,13.13,0.00,70.97,1,-25,26,0,0,STAT,60,LAT,LON,W,CRC
07/22/25 08:13:28,18.46,235.34,11.76,7.29,8.51,492.22,17.40,75.90,988.00,3.73,7.04,7.32,119.70,0.22,0,13.13,0.00,80.65,1,-24,26,-1,0,STAT,60,LAT,LON,W,CRC
07/22/25 08:14:30,18.44,238.82,12.27,6.87,9.88,491.96,17.40,75.70,988.00,3.44,6.92,7.13,91.70,0.09,0,13.13,0.00,70.97,1,-26,25,0,0,STAT,60,LAT,LON,W,CRC
07/22/25 08:15:26,18.44,232.04,12.16,6.94,9.68,491.37,17.30,76.30,988.00,3.36,6.46,6.78,107.90,0.44,0,13.13,0.00,70.97,1,-23,25,-1,0,STAT,60,LAT,LON,W,CRC
07/22/25 08:16:27,18.44,231.28,11.77,7.31,11.74,491.13,17.30,76.80,988.00,3.58,7.11,7.28,102.90,0.79,0,13.13,0.00,70.97,1,-22,25,-1,0,STAT,60,LAT,LON,W,CRC
07/22/25 08:17:29,18.42,231.42,10.64,8.44,11.31,491.05,17.20,76.90,988.00,3.46,7.07,7.78,110.70,0.75,0,13.13,0.00,70.97,1,-21,25,-1,0,STAT,60,LAT,LON,W,CRC
07/22/25 08:18:26,18.38,235.02,10.79,8.58,13.14,491.10,17.10,77.30,988.00,3.58,6.85,7.26,117.40,0.77,0,13.13,0.00,83.87,1,-22,25,0,0,STAT,60,LAT,LON,W,CRC
07/22/25 08:19:28,18.35,233.59,11.85,8.55,12.95,491.14,17.10,77.10,988.00,3.82,6.66,6.91,118.50,0.94,0,13.13,0.00,83.87,1,-20,24,0,0,STAT,60,LAT,LON,W,CRC
07/22/25 08:20:27,18.34,237.89,9.78,8.77,9.73,490.89,17.10,76.50,988.00,3.60,6.32,6.71,121.60,0.45,0,13.13,0.00,74.19,1,-22,27,0,0,STAT,60,LAT,LON,W,CRC
07/22/25 08:21:29,18.34,232.38,11.68,8.05,9.46,489.97,17.20,76.50,988.00,3.42,6.51,6.97,123.20,0.34,0,13.13,0.00,70.97,1,-21,25,0,0,STAT,60,LAT,LON,W,CRC
07/22/25 08:22:31,18.34,230.07,12.08,8.00,8.40,488.80,17.20,76.20,988.00,3.69,6.61,7.10,118.40,0.28,0,13.13,0.00,70.97,1,-21,25,-1,0,STAT,60,LAT,LON,W,CRC
07/22/25 08:23:27,18.33,233.28,13.37,7.11,8.28,487.21,17.20,76.40,988.00,3.83,7.19,7.80,112.90,0.28,0,13.13,0.00,87.10,1,-22,25,0,0,STAT,60,LAT,LON,W,CRC
07/22/25 08:24:29,18.30,229.57,14.03,6.91,9.40,485.70,17.20,76.50,988.00,4.00,7.14,7.90,101.50,0.27,0,13.13,0.00,90.32,1,-22,24,0,0,STAT,60,LAT,LON,W,CRC
07/22/25 08:25:30,18.26,231.54,16.13,7.13,7.50,485.21,17.20,76.60,988.00,3.85,6.81,7.51,313.40,0.11,0,13.13,0.00,74.19,1,-22,22,0,0,STAT,60,LAT,LON,W,CRC
07/22/25 08:26:27,18.25,225.65,12.96,7.86,9.12,485.96,17.20,76.80,988.00,4.02,6.91,7.50,290.60,0.31,0,13.13,0.00,74.19,1,-21,24,-1,0,STAT,60,LAT,LON,W,CRC
07/22/25 08:27:30,18.24,224.58,12.17,7.94,10.27,487.28,17.20,76.40,988.00,4.07,7.56,8.07,284.60,0.16,0,13.13,0.00,70.97,1,-21,24,-1,0,STAT,60,LAT,LON,W,CRC
07/22/25 08:28:32,18.24,224.82,13.24,7.77,9.36,487.75,17.20,76.00,988.00,4.12,6.73,7.22,335.30,0.03,0,13.13,0.00,87.10,1,-20,25,0,0,STAT,60,LAT,LON,W,CRC
07/22/25 08:29:28,18.24,226.59,14.75,7.68,8.37,487.90,17.20,75.90,988.00,4.16,7.16,7.65,118.50,0.10,0,13.09,0.00,74.19,1,-20,24,0,0,STAT,60,LAT,LON,W,CRC
07/22/25 08:30:29,18.24,223.15,14.79,7.00,8.73,488.51,17.20,76.10,988.00,4.43,7.08,7.25,81.10,0.18,0,13.13,0.00,74.19,1,-20,24,-1,0,STAT,60,LAT,LON,W,CRC
07/22/25 08:31:31,18.23,217.98,13.95,7.20,6.30,489.44,17.20,75.90,988.00,3.88,7.02,7.59,78.90,0.17,0,13.13,0.00,74.19,1,-19,25,-1,0,STAT,60,LAT,LON,W,CRC
07/22/25 08:32:28,18.21,220.29,13.24,6.96,7.07,490.07,17.20,76.20,988.00,4.00,7.47,7.82,31.10,0.13,0,13.13,0.00,74.19,1,-21,24,0,0,STAT,60,LAT,LON,W,CRC
07/22/25 08:33:30,18.17,212.01,13.10,7.91,6.28,491.41,17.10,76.30,988.00,4.02,6.88,7.46,71.60,0.19,0,13.09,0.00,70.97,1,-18,24,0,0,STAT,60,LAT,LON,W,CRC
07/22/25 08:34:31,18.15,216.02,13.87,7.65,7.23,494.43,17.10,76.30,988.00,4.09,7.00,7.25,86.30,0.27,0,13.13,0.00,70.97,1,-18,23,-1,-1,STAT,60,LAT,LON,W,CRC
07/22/25 08:35:28,18.15,216.21,12.18,7.19,6.15,497.44,17.10,76.00,988.00,4.40,7.13,7.78,320.20,0.07,0,13.13,0.00,70.97,1,-20,26,-1,0,STAT,60,LAT,LON,W,CRC
07/22/25 08:36:30,18.14,207.81,12.88,7.36,5.02,503.26,17.10,76.00,988.00,4.35,7.24,7.85,304.20,0.18,0,13.13,0.00,74.19,1,-18,25,-1,-1,STAT,60,LAT,LON,W,CRC
07/22/25 08:37:31,18.14,208.18,14.31,6.59,6.61,506.98,17.10,75.80,988.00,4.46,7.44,8.02,339.20,0.09,0,13.13,0.00,74.19,1,-18,25,0,0,STAT,60,LAT,LON,W,CRC
07/22/25 08:38:28,18.14,213.20,13.10,6.53,7.44,508.22,17.10,75.90,988.00,4.31,7.05,7.49,309.00,0.13,0,13.13,0.00,70.97,1,-20,25,-1,0,STAT,60,LAT,LON,W,CRC
07/22/25 08:39:29,18.14,214.43,11.98,7.17,7.73,508.73,17.10,75.90,988.00,4.26,7.24,7.70,314.10,0.12,0,13.13,0.00,70.97,1,-20,25,-1,0,STAT,60,LAT,LON,W,CRC
07/22/25 08:40:33,18.12,216.79,13.04,6.86,8.89,509.48,17.00,76.10,988.00,3.95,7.00,7.26,84.10,0.18,0,13.13,0.00,70.97,1,-22,25,0,0,STAT,60,LAT,LON,W,CRC
07/22/25 08:41:30,18.08,214.41,13.68,6.80,9.94,509.80,17.00,76.10,988.00,4.10,7.49,7.74,72.90,0.20,0,13.13,0.00,70.97,1,-21,24,-1,0,STAT,60,LAT,LON,W,CRC
07/22/25 08:42:33,18.06,209.22,13.47,7.32,7.13,509.93,16.90,76.20,988.00,4.22,7.77,7.94,338.50,0.23,0,13.13,0.00,70.97,1,-17,23,-1,0,STAT,60,LAT,LON,W,CRC
07/22/25 08:43:30,18.05,204.40,13.75,7.52,5.70,509.97,16.90,75.70,988.00,4.19,7.75,8.20,330.50,0.12,0,13.13,0.00,70.97,1,-16,24,-1,0,STAT,60,LAT,LON,W,CRC
07/22/25 08:44:32,18.05,208.58,13.54,7.60,5.56,509.64,17.00,75.50,988.00,3.88,6.60,6.99,16.40,0.05,0,13.13,0.00,74.19,1,-18,24,0,0,STAT,60,LAT,LON,W,CRC
07/22/25 08:45:29,18.05,206.11,13.12,7.85,6.15,508.17,17.00,76.30,988.00,3.94,6.86,7.22,288.70,0.24,0,13.13,0.00,70.97,1,-17,23,0,0,STAT,60,LAT,LON,W,CRC
07/22/25 08:46:31,18.05,210.43,14.91,8.14,6.30,508.03,17.00,76.00,988.00,3.62,6.67,7.02,316.00,0.31,0,13.13,0.00,83.87,1,-18,23,0,0,STAT,60,LAT,LON,W,CRC
07/22/25 08:47:32,18.04,205.77,15.93,6.48,6.58,508.89,16.90,75.70,988.00,3.61,6.65,6.88,328.70,0.18,0,13.13,0.00,70.97,1,-17,22,0,0,STAT,60,LAT,LON,W,CRC
07/22/25 08:48:29,18.02,207.21,14.20,7.10,6.13,509.03,16.90,76.10,988.00,3.82,6.84,7.36,301.80,0.22,0,13.13,0.00,87.10,1,-18,24,-1,0,STAT,60,LAT,LON,W,CRC
07/22/25 08:49:30,17.98,206.43,15.78,6.22,6.52,507.95,16.90,75.50,988.00,3.87,6.38,6.66,292.00,0.16,0,13.13,0.00,70.97,1,-19,22,-1,0,STAT,60,LAT,LON,W,CRC
07/22/25 08:50:32,17.96,199.03,14.34,7.29,5.25,505.53,17.00,75.30,988.00,3.71,6.55,7.02,317.50,0.07,0,13.13,0.00,70.97,1,-16,23,0,0,STAT,60,LAT,LON,W,CRC
07/22/25 08:51:29,17.95,204.21,13.95,7.02,6.25,505.09,17.00,75.30,988.00,3.73,6.71,7.02,6.70,0.06,0,13.13,0.00,70.97,1,-19,23,0,0,STAT,60,LAT,LON,W,CRC
07/22/25 08:52:31,17.95,198.63,14.29,7.29,7.31,505.61,17.00,74.90,988.00,3.58,6.28,6.45,85.00,0.08,0,13.13,0.00,70.97,1,-16,23,0,0,STAT,60,LAT,LON,W,CRC
07/22/25 08:53:35,17.95,205.30,14.73,7.23,7.22,505.86,17.00,73.70,988.00,3.10,5.84,6.27,111.60,0.26,0,13.13,0.00,87.10,1,-18,22,0,0,STAT,60,LAT,LON,W,CRC
07/22/25 08:54:31,17.95,214.07,14.97,6.75,8.29,503.25,17.10,72.00,988.00,3.56,6.55,6.79,121.10,0.46,0,13.13,0.00,70.97,1,-21,23,0,0,STAT,60,LAT,LON,W,CRC
07/22/25 08:55:33,17.95,213.39,15.63,4.82,11.31,494.57,17.20,71.10,988.00,3.54,6.99,7.31,122.50,0.52,0,13.13,0.00,70.97,1,-20,23,-1,0,STAT,60,LAT,LON,W,CRC
07/22/25 08:56:35,17.95,210.78,16.02,5.13,9.15,487.24,17.20,70.90,988.00,3.44,6.01,6.55,118.40,0.31,0,13.13,0.00,70.97,1,-20,24,-2,0,STAT,60,LAT,LON,W,CRC
07/22/25 08:57:31,17.94,204.68,14.31,4.65,9.40,482.99,17.30,71.10,988.00,2.98,5.38,6.14,111.40,0.20,0,13.13,0.00,70.97,1,-19,25,-1,0,STAT,60,LAT,LON,W,CRC
07/22/25 08:58:33,17.93,211.78,13.87,5.12,10.81,479.45,17.40,69.10,988.00,3.43,5.54,5.83,123.30,0.63,0,13.13,0.00,70.97,1,-20,25,-2,0,STAT,60,LAT,LON,W,CRC
07/22/25 08:59:35,17.93,207.49,12.92,5.18,11.55,473.81,17.40,69.30,988.00,3.10,5.65,5.90,124.50,0.69,0,13.13,0.00,74.19,1,-18,25,-1,0,STAT,60,LAT,LON,W,CRC
07/22/25 09:00:32,17.92,200.14,13.77,5.30,10.73,470.18,17.40,69.10,988.00,2.52,5.41,6.62,123.90,0.29,0,13.09,0.00,87.10,1,-15,24,-1,-1,STAT,60,LAT,LON,W,CRC
07/22/25 09:01:33,17.93,204.87,15.45,5.02,9.90,468.04,17.40,68.30,988.00,2.57,5.17,5.99,121.40,0.16,0,13.13,0.00,74.19,1,-18,25,-1,0,STAT,60,LAT,LON,W,CRC
07/22/25 09:02:30,17.94,204.67,15.86,5.52,9.90,467.78,17.40,70.30,988.00,3.25,5.76,6.39,98.20,0.11,0,13.13,0.00,70.97,1,-20,24,-1,0,STAT,60,LAT,LON,W,CRC
07/22/25 09:03:32,17.94,199.39,15.20,5.19,11.34,469.35,17.50,68.20,988.00,2.96,5.57,6.03,117.80,0.68,0,13.13,0.00,70.97,1,-16,26,-1,0,STAT,60,LAT,LON,W,CRC
07/22/25 09:04:34,17.95,199.17,14.83,5.32,11.31,467.20,17.50,68.10,988.00,3.26,6.39,6.92,119.00,0.81,0,13.13,0.00,70.97,1,-15,26,-2,-1,STAT,60,LAT,LON,W,CRC
07/22/25 09:05:30,17.95,201.81,14.86,4.56,10.59,465.01,17.60,68.10,988.00,3.14,5.83,6.00,120.90,0.50,0,13.13,0.00,74.19,1,-15,26,-1,-1,STAT,60,LAT,LON,W,CRC
07/22/25 09:06:35,17.95,198.09,13.77,6.38,7.69,467.17,17.50,70.80,988.00,3.34,6.48,6.90,325.90,0.12,0,13.09,0.00,122.58,1,-16,25,-2,-1,STAT,60,LAT,LON,W,CRC
07/22/25 09:07:33,17.95,189.47,16.31,5.47,8.36,477.37,17.50,70.60,988.00,3.33,6.26,6.56,343.20,0.20,0,13.13,0.00,70.97,1,-14,24,-2,-1,STAT,60,LAT,LON,W,CRC
07/22/25 09:08:35,17.95,182.24,14.97,7.06,5.59,487.74,17.40,71.60,988.00,3.55,6.81,7.15,355.40,0.14,0,13.13,0.00,70.97,1,-13,23,0,-1,STAT,60,LAT,LON,W,CRC
07/22/25 09:09:32,17.95,185.89,15.03,6.31,7.16,495.67,17.40,71.20,988.00,3.73,6.23,6.74,19.20,0.13,0,13.13,0.00,70.97,1,-14,24,0,0,STAT,60,LAT,LON,W,CRC
07/22/25 09:10:34,17.95,184.30,13.11,6.37,8.17,499.05,17.40,71.60,988.00,3.77,6.32,6.58,70.00,0.20,0,13.09,0.00,87.10,1,-13,26,-1,0,STAT,60,LAT,LON,W,CRC
07/22/25 09:11:31,17.95,190.26,12.74,6.09,10.26,500.34,17.30,72.00,988.00,3.52,6.87,7.16,68.00,0.33,0,13.09,0.00,87.10,1,-13,25,-1,0,STAT,60,LAT,LON,W,CRC
07/22/25 09:12:34,17.95,185.65,14.72,6.39,8.30,503.82,17.20,71.90,988.00,4.11,6.85,7.21,27.70,0.26,0,13.13,0.00,70.97,1,-11,24,-1,0,STAT,60,LAT,LON,W,CRC
07/22/25 09:13:32,17.95,186.74,16.61,6.69,6.97,511.26,17.10,72.20,988.00,4.18,6.82,7.34,341.70,0.27,0,13.13,0.00,74.19,1,-13,23,-1,0,STAT,60,LAT,LON,W,CRC
07/22/25 09:14:33,17.95,180.60,16.11,6.81,5.95,520.70,17.10,72.60,988.00,4.29,7.20,7.54,334.80,0.08,0,13.13,0.00,70.97,1,-12,24,-1,0,STAT,60,LAT,LON,W,CRC
07/22/25 09:15:36,17.95,175.58,15.99,7.52,4.63,526.64,17.10,72.70,988.00,3.59,6.67,6.97,83.20,0.04,0,13.13,0.00,70.97,1,-12,23,0,0,STAT,60,LAT,LON,W,CRC
07/22/25 09:16:33,17.95,176.52,13.39,7.57,6.65,526.84,17.00,73.40,988.00,3.19,6.67,7.33,110.30,0.27,0,13.13,0.00,70.97,1,-11,24,0,0,STAT,60,LAT,LON,W,CRC
07/22/25 09:17:34,17.95,180.89,12.90,8.46,9.68,522.06,16.90,74.70,988.00,3.66,6.49,6.93,120.20,0.54,0,13.13,0.00,70.97,1,-12,23,0,0,STAT,60,LAT,LON,W,CRC
07/22/25 09:18:36,17.95,186.76,12.94,8.45,9.91,514.82,16.90,74.90,988.00,3.47,6.48,6.64,122.30,0.66,0,13.13,0.00,70.97,1,-12,23,0,0,STAT,60,LAT,LON,W,CRC
07/22/25 09:19:33,17.94,185.99,15.63,8.29,8.77,510.16,16.80,75.30,988.00,3.86,6.81,7.14,123.70,0.63,0,13.09,0.00,70.97,1,-12,23,-1,0,STAT,60,LAT,LON,W,CRC
07/22/25 09:20:37,17.93,194.31,15.16,8.27,8.91,507.47,16.70,75.60,988.00,3.62,6.68,7.05,121.50,0.66,0,13.13,0.00,74.19,1,-15,23,0,0,STAT,60,LAT,LON,W,CRC
07/22/25 09:21:33,17.89,192.86,13.61,8.86,8.20,506.56,16.70,76.00,988.00,3.71,7.08,7.50,118.80,0.73,0,13.13,0.00,70.97,1,-14,23,-1,0,STAT,60,LAT,LON,W,CRC
07/22/25 09:22:34,17.86,193.38,13.62,8.34,9.01,506.20,16.70,76.40,988.00,3.85,6.24,7.53,115.40,0.79,0,13.09,0.00,70.97,1,-13,24,0,0,STAT,60,LAT,LON,W,CRC
07/22/25 09:23:36,17.85,193.34,14.52,7.08,8.58,506.61,16.60,76.50,988.00,3.88,6.40,6.88,110.80,0.81,0,13.13,0.00,70.97,1,-14,23,0,0,STAT,60,LAT,LON,W,CRC
07/22/25 09:24:33,17.85,200.41,12.44,8.27,8.74,507.08,16.60,76.90,988.00,4.05,6.73,6.89,115.60,0.70,0,13.13,0.00,70.97,1,-16,24,0,0,STAT,60,LAT,LON,W,CRC
07/22/25 09:25:35,17.85,197.64,12.25,8.67,7.36,507.45,16.60,76.60,988.00,3.87,6.51,6.64,117.20,0.47,0,13.13,0.00,70.97,1,-15,24,0,0,STAT,60,LAT,LON,W,CRC
07/22/25 09:26:32,17.84,197.01,14.94,7.18,7.79,507.01,16.60,76.50,988.00,3.85,6.64,6.97,116.20,0.32,0,13.13,0.00,70.97,1,-16,23,0,0,STAT,60,LAT,LON,W,CRC
07/22/25 09:27:33,17.79,194.72,13.89,7.11,10.60,505.95,16.60,77.30,988.00,3.78,6.46,6.72,115.80,0.50,0,13.09,0.00,90.32,1,-16,23,-1,0,STAT,60,LAT,LON,W,CRC
07/22/25 09:28:35,17.76,196.59,11.15,7.24,11.92,505.06,16.60,77.40,988.00,3.83,6.42,6.87,107.60,0.63,0,13.09,0.00,90.32,1,-15,24,0,0,STAT,60,LAT,LON,W,CRC
07/22/25 09:29:36,17.76,195.77,14.61,7.76,8.22,505.02,16.50,77.30,988.00,3.66,6.65,7.04,105.90,0.57,0,13.13,0.00,70.97,1,-16,22,0,0,STAT,60,LAT,LON,W,CRC
07/22/25 09:30:33,17.75,196.74,15.00,7.47,7.54,505.13,16.50,76.80,988.00,3.87,7.10,7.23,104.70,0.26,0,13.13,0.00,70.97,1,-17,24,0,0,STAT,60,LAT,LON,W,CRC
07/22/25 09:31:35,17.75,190.63,15.10,7.18,5.97,505.69,16.50,76.10,988.00,4.04,7.51,7.77,89.40,0.11,0,13.09,0.00,70.97,1,-16,23,0,0,STAT,60,LAT,LON,W,CRC
07/22/25 09:32:37,17.71,190.43,14.70,7.10,7.02,505.89,16.50,76.50,988.00,3.95,7.12,7.56,61.60,0.08,0,13.13,0.00,70.97,1,-17,23,0,0,STAT,60,LAT,LON,W,CRC
07/22/25 09:33:36,17.68,192.80,15.77,7.38,7.26,507.87,16.60,76.20,988.00,3.93,7.14,7.55,294.30,0.10,0,13.09,0.00,70.97,1,-17,21,0,0,STAT,60,LAT,LON,W,CRC
07/22/25 09:34:38,17.66,186.82,16.80,6.66,8.40,511.24,16.50,76.40,988.00,3.92,7.56,8.08,52.80,0.07,0,13.13,0.00,70.97,1,-15,21,0,0,STAT,60,LAT,LON,W,CRC
07/22/25 09:35:34,17.66,189.06,14.96,7.06,9.16,511.71,16.50,77.60,988.00,3.89,7.74,8.03,115.20,0.34,0,13.13,0.00,70.97,1,-14,22,-1,0,STAT,60,LAT,LON,W,CRC
07/22/25 09:36:37,17.65,194.68,15.44,7.28,7.67,511.90,16.40,77.00,988.00,3.24,7.17,7.62,116.90,0.43,0,13.09,0.00,87.10,1,-16,21,0,0,STAT,60,LAT,LON,W,CRC
07/22/25 09:37:34,17.64,192.66,13.48,7.02,7.95,511.42,16.40,76.90,988.00,3.72,7.54,8.00,70.50,0.18,0,13.09,0.00,87.10,1,-16,23,0,0,STAT,60,LAT,LON,W,CRC
07/22/25 09:38:36,17.61,190.34,14.84,6.62,7.07,512.16,16.40,76.70,988.00,3.70,7.36,7.85,9.40,0.16,0,13.09,0.00,87.10,1,-16,23,0,0,STAT,60,LAT,LON,W,CRC
07/22/25 09:39:38,17.57,193.22,12.71,6.10,7.85,513.62,16.40,76.70,988.00,3.81,7.44,8.29,338.60,0.28,0,13.09,0.00,80.65,1,-17,24,0,0,STAT,60,LAT,LON,W,CRC
07/22/25 09:40:36,17.56,196.80,14.92,6.17,6.96,515.31,16.30,76.40,988.00,3.78,6.58,7.05,4.20,0.25,0,13.13,0.00,74.19,1,-19,22,0,0,STAT,60,LAT,LON,W,CRC
07/22/25 09:41:38,17.56,193.62,16.86,6.23,6.23,518.98,16.30,76.40,988.00,3.64,6.56,6.92,66.50,0.17,0,13.09,0.00,74.19,1,-18,21,0,0,STAT,60,LAT,LON,W,CRC
07/22/25 09:42:35,17.56,186.78,17.74,6.46,6.51,522.20,16.20,76.60,988.00,3.84,6.75,7.01,337.60,0.21,0,13.13,0.00,70.97,1,-16,20,0,0,STAT,60,LAT,LON,W,CRC
07/22/25 09:43:36,17.54,184.57,17.06,6.50,5.20,525.12,16.20,76.50,988.00,3.72,7.25,7.56,47.30,0.10,0,13.13,0.00,70.97,1,-16,22,0,0,STAT,60,LAT,LON,W,CRC
07/22/25 09:44:38,17.50,179.01,17.32,6.35,5.14,526.34,16.20,76.60,988.00,3.59,6.85,7.16,81.70,0.21,0,13.09,0.00,70.97,1,-15,21,0,0,STAT,60,LAT,LON,W,CRC
07/22/25 09:45:35,17.47,182.66,15.91,6.99,4.29,526.75,16.20,76.40,988.00,3.83,7.03,7.14,72.20,0.20,0,13.09,0.00,70.97,1,-17,21,0,0,STAT,60,LAT,LON,W,CRC
07/22/25 09:46:39,17.46,185.61,17.39,6.36,5.98,527.90,16.10,76.50,988.00,3.94,6.99,7.19,78.20,0.21,0,13.09,0.00,87.10,1,-18,21,0,0,STAT,60,LAT,LON,W,CRC
07/22/25 09:47:35,17.46,184.07,16.00,6.91,4.54,528.74,16.10,76.40,988.00,3.77,6.72,6.99,15.50,0.12,0,13.09,0.00,74.19,1,-17,21,0,0,STAT,60,LAT,LON,W,CRC
07/22/25 09:48:37,17.46,181.97,15.48,8.05,6.03,532.07,16.10,76.70,988.00,3.92,7.32,7.77,310.00,0.24,0,13.09,0.00,70.97,1,-17,21,0,0,STAT,60,LAT,LON,W,CRC
07/22/25 09:49:39,17.44,181.61,16.36,8.05,4.09,535.26,16.10,76.50,988.00,3.97,7.13,7.79,77.20,0.04,0,13.13,0.00,70.97,1,-16,21,0,0,STAT,60,LAT,LON,W,CRC
07/22/25 09:50:36,17.40,184.31,13.87,7.90,7.84,535.81,16.00,78.00,988.00,3.73,6.75,7.77,118.70,0.43,0,13.13,0.00,74.19,1,-16,22,-1,0,STAT,60,LAT,LON,W,CRC
07/22/25 09:51:38,17.37,182.36,17.17,7.60,6.52,529.87,16.00,77.50,988.00,3.70,6.50,7.23,112.60,0.36,0,13.13,0.00,74.19,1,-13,20,0,0,STAT,60,LAT,LON,W,CRC
07/22/25 09:52:40,17.36,192.00,14.70,8.08,7.10,522.37,16.00,77.60,988.00,3.63,7.22,7.66,91.50,0.32,0,13.13,0.00,70.97,1,-18,21,0,0,STAT,60,LAT,LON,W,CRC
07/22/25 09:53:36,17.36,182.47,15.71,8.25,6.87,519.15,16.00,77.90,988.00,3.47,6.81,7.41,95.10,0.37,0,13.09,0.00,90.32,1,-14,21,0,0,STAT,60,LAT,LON,W,CRC
07/22/25 09:54:38,17.36,184.86,12.60,8.16,7.35,517.12,16.00,77.50,988.00,3.55,7.30,7.70,105.40,0.15,0,13.13,0.00,74.19,1,-14,23,0,0,STAT,60,LAT,LON,W,CRC
07/22/25 09:55:35,17.34,182.86,11.68,8.27,7.39,517.23,16.00,77.70,988.00,3.70,7.17,7.69,268.40,0.30,0,13.09,0.00,87.10,1,-15,23,0,0,STAT,60,LAT,LON,W,CRC
07/22/25 09:56:36,17.29,182.20,14.88,7.74,6.11,519.34,16.00,77.10,988.00,3.68,7.12,7.52,3.30,0.04,0,13.09,0.00,74.19,1,-16,21,0,0,STAT,60,LAT,LON,W,CRC
07/22/25 09:57:38,17.27,180.91,16.70,7.17,7.43,522.71,16.00,77.00,988.00,4.00,7.20,7.70,31.40,0.10,0,13.13,0.00,74.19,1,-15,20,-1,0,STAT,60,LAT,LON,W,CRC
07/22/25 09:58:35,17.26,181.12,15.18,7.43,6.44,523.54,16.00,76.90,988.00,3.96,7.49,8.03,89.60,0.15,0,13.09,0.00,70.97,1,-15,21,-1,0,STAT,60,LAT,LON,W,CRC
07/22/25 09:59:39,17.26,180.32,14.43,8.42,6.52,522.80,16.00,77.10,988.00,3.74,6.74,7.15,112.30,0.21,0,13.09,0.00,151.61,1,-13,20,-1,0,STAT,60,LAT,LON,W,CRC
07/22/25 10:00:35,17.25,182.19,15.13,7.80,6.12,521.76,15.90,77.00,988.00,3.75,6.86,7.30,100.00,0.11,0,13.13,0.00,74.19,1,-15,22,0,0,STAT,60,LAT,LON,W,CRC
07/22/25 10:01:37,17.20,184.69,13.08,7.82,6.92,520.65,15.90,77.70,988.00,4.45,8.32,8.58,100.60,0.17,0,13.13,0.00,70.97,1,-15,22,0,0,STAT,60,LAT,LON,W,CRC
07/22/25 10:02:38,17.17,180.30,14.13,7.09,8.15,518.38,15.90,77.70,988.00,4.39,8.29,9.10,101.30,0.05,0,13.09,0.00,74.19,1,-14,21,0,0,STAT,60,LAT,LON,W,CRC
07/22/25 10:03:40,17.17,182.53,13.49,8.28,7.25,516.38,15.80,78.70,988.00,4.41,9.03,9.34,78.30,0.12,0,13.13,0.00,74.19,1,-15,21,0,0,STAT,60,LAT,LON,W,CRC
07/22/25 10:04:37,17.16,182.46,13.35,8.36,5.82,514.99,15.70,78.60,988.00,4.17,8.55,8.96,77.50,0.17,0,13.09,0.00,74.19,1,-15,21,0,0,STAT,60,LAT,LON,W,CRC
07/22/25 10:05:39,17.15,182.31,13.61,8.94,6.33,515.54,15.60,78.90,988.00,4.03,7.59,7.99,84.40,0.15,0,13.09,0.00,70.97,1,-14,21,0,0,STAT,60,LAT,LON,W,CRC
07/22/25 10:06:36,17.10,179.17,11.56,9.56,7.27,517.25,15.50,79.40,988.00,4.01,7.40,7.77,110.30,0.50,0,13.09,0.00,90.32,1,-13,22,0,0,STAT,60,LAT,LON,W,CRC
07/22/25 10:07:38,17.08,180.08,14.89,8.60,6.97,518.38,15.40,79.50,988.00,3.75,6.74,7.09,108.00,0.41,0,13.13,0.00,70.97,1,-14,21,0,0,STAT,60,LAT,LON,W,CRC
07/22/25 10:08:39,17.07,179.87,14.10,9.07,6.21,518.78,15.40,79.40,988.00,4.23,7.86,8.24,322.30,0.06,0,13.09,0.00,83.87,1,-16,20,0,0,STAT,60,LAT,LON,W,CRC
07/22/25 10:09:36,17.07,178.86,13.82,8.04,7.45,518.76,15.40,79.50,988.00,4.57,7.77,8.27,105.00,0.17,0,13.09,0.00,74.19,1,-15,19,0,0,STAT,60,LAT,LON,W,CRC
07/22/25 10:10:39,17.04,185.55,13.42,9.63,5.55,518.96,15.30,79.80,988.00,4.48,7.61,8.05,108.00,0.52,0,13.09,0.00,87.10,1,-17,20,0,0,STAT,60,LAT,LON,W,CRC
07/22/25 10:11:40,16.99,188.90,14.32,9.78,4.93,518.99,15.30,80.50,988.00,4.27,7.47,8.96,81.20,0.12,0,13.13,0.00,70.97,1,-19,19,0,0,STAT,60,LAT,LON,W,CRC
07/22/25 10:12:37,16.98,185.63,13.38,8.28,6.92,518.91,15.30,79.80,988.00,4.42,7.30,7.81,294.30,0.07,0,13.13,0.00,70.97,1,-18,21,0,0,STAT,60,LAT,LON,W,CRC
07/22/25 10:13:39,16.97,179.63,14.18,8.58,7.12,518.54,15.30,79.30,988.00,4.01,7.30,7.66,278.20,0.21,0,13.09,0.00,74.19,1,-16,19,0,0,STAT,60,LAT,LON,W,CRC
07/22/25 10:14:36,16.95,180.12,14.74,8.88,6.96,517.72,15.30,79.00,988.00,4.36,7.81,8.78,275.40,0.29,0,13.09,0.00,87.10,1,-16,19,0,0,STAT,60,LAT,LON,W,CRC
07/22/25 10:15:38,16.90,187.49,16.52,7.85,7.46,514.26,15.30,78.40,988.00,4.49,7.67,8.33,317.10,0.04,0,13.09,0.00,70.97,1,-19,19,0,0,STAT,60,LAT,LON,W,CRC
07/22/25 10:16:40,16.88,188.63,16.46,7.64,9.66,511.15,15.30,80.00,988.00,4.93,7.98,8.76,103.20,0.51,0,13.09,0.00,70.97,1,-18,17,0,0,STAT,60,LAT,LON,W,CRC
07/22/25 10:17:41,16.87,191.36,13.91,9.44,7.57,512.35,15.20,80.20,988.00,4.63,7.76,8.24,107.60,0.82,0,13.09,0.00,74.19,1,-18,19,0,0,STAT,60,LAT,LON,W,CRC
07/22/25 10:18:37,16.85,186.96,15.24,7.80,8.63,513.98,15.20,79.90,988.00,4.89,8.03,8.58,95.40,0.49,0,13.09,0.00,83.87,1,-17,19,-1,0,STAT,60,LAT,LON,W,CRC
07/22/25 10:19:40,16.80,182.27,16.46,10.83,3.90,515.69,15.20,79.90,988.00,4.96,8.02,8.29,340.70,0.23,0,13.09,0.00,93.55,1,-16,18,0,0,STAT,60,LAT,LON,W,CRC
07/22/25 10:20:42,16.78,174.51,16.33,10.30,3.62,517.78,15.20,79.50,988.00,4.56,7.49,7.79,306.50,0.80,0,13.09,0.00,87.10,1,-11,18,0,0,STAT,60,LAT,LON,W,CRC
07/22/25 10:21:38,16.77,178.41,15.24,10.04,3.11,522.50,15.00,79.70,988.00,4.54,7.60,8.02,313.20,1.04,0,13.09,0.00,74.19,1,-12,19,0,0,STAT,60,LAT,LON,W,CRC
07/22/25 10:22:40,16.74,177.59,13.63,9.71,4.85,527.38,15.00,79.40,988.00,4.51,7.37,8.01,348.00,0.37,0,13.13,0.00,74.19,1,-14,20,0,0,STAT,60,LAT,LON,W,CRC
07/22/25 10:23:42,16.69,178.45,15.12,10.93,4.66,531.46,14.90,79.70,988.00,4.32,7.82,8.23,349.90,0.18,0,13.09,0.00,87.10,1,-15,18,0,0,STAT,60,LAT,LON,W,CRC
07/22/25 10:24:40,16.68,183.23,13.75,11.14,4.30,532.68,14.90,80.50,988.00,3.91,7.57,7.98,304.70,0.61,0,13.09,0.00,90.32,1,-18,18,0,0,STAT,60,LAT,LON,W,CRC
07/22/25 10:25:41,16.64,179.91,13.55,11.03,3.15,531.22,14.90,80.10,988.00,3.96,6.83,7.14,344.00,0.22,0,13.09,0.00,87.10,1,-17,19,0,0,STAT,60,LAT,LON,W,CRC
07/22/25 10:26:38,16.60,182.54,12.68,9.72,4.83,529.59,14.90,80.30,989.00,4.24,8.02,8.22,58.50,0.15,0,13.09,0.00,70.97,1,-18,20,0,0,STAT,60,LAT,LON,W,CRC
07/22/25 10:27:41,16.58,182.84,12.99,9.46,4.88,528.40,14.80,80.80,989.00,3.79,8.13,8.63,308.50,0.22,0,13.09,0.00,74.19,1,-19,19,0,0,STAT,60,LAT,LON,W,CRC
07/22/25 10:28:42,16.53,184.06,13.49,9.55,6.16,526.48,14.80,80.90,989.00,4.17,8.09,8.57,318.20,0.32,0,13.09,0.00,87.10,1,-18,18,0,0,STAT,60,LAT,LON,W,CRC
07/22/25 10:29:43,16.49,190.96,14.46,9.81,6.03,524.87,14.80,80.80,989.00,4.04,8.02,8.83,83.10,0.30,0,13.09,0.00,74.19,1,-21,18,0,0,STAT,60,LAT,LON,W,CRC
07/22/25 10:30:41,16.47,187.49,14.04,9.15,6.78,524.05,14.70,81.50,989.00,3.98,7.65,8.06,83.80,0.29,0,13.09,0.00,90.32,1,-20,18,0,0,STAT,60,LAT,LON,W,CRC
07/22/25 10:31:42,16.41,192.76,13.60,9.51,4.52,523.37,14.70,82.60,989.00,4.18,7.46,7.85,13.40,0.14,0,13.09,0.00,70.97,1,-21,18,0,0,STAT,60,LAT,LON,W,CRC
07/22/25 10:32:39,16.39,193.29,12.75,9.11,6.77,522.69,14.60,82.20,989.00,4.53,9.16,9.79,90.20,0.32,0,13.13,0.00,83.87,1,-21,19,0,0,STAT,60,LAT,LON,W,CRC
07/22/25 10:33:41,16.34,194.59,15.48,8.48,5.31,521.97,14.50,81.80,989.00,4.48,8.54,9.41,99.00,0.31,0,13.09,0.00,74.19,1,-22,17,0,0,STAT,60,LAT,LON,W,CRC
07/22/25 10:34:43,16.30,188.25,13.50,8.92,5.88,521.34,14.50,82.10,989.00,4.49,8.48,9.27,300.50,0.23,0,13.09,0.00,87.10,1,-20,17,0,0,STAT,60,LAT,LON,W,CRC
07/22/25 10:35:39,16.28,189.83,14.32,9.14,7.05,521.02,14.50,81.60,989.00,4.46,8.31,8.99,309.90,0.43,0,13.09,0.00,70.97,1,-20,17,0,0,STAT,60,LAT,LON,W,CRC
07/22/25 10:36:42,16.22,186.84,13.87,9.03,6.18,520.65,14.60,81.90,989.00,4.23,7.81,8.23,305.80,0.43,0,13.09,0.00,87.10,1,-18,18,1,0,STAT,60,LAT,LON,W,CRC
07/22/25 10:37:38,16.20,190.16,12.51,9.10,6.27,520.60,14.60,81.90,989.00,4.08,7.55,8.13,289.70,0.65,0,13.09,0.00,83.87,1,-20,19,0,0,STAT,60,LAT,LON,W,CRC
07/22/25 10:38:40,16.18,194.16,13.65,9.25,4.71,520.94,14.60,81.30,989.00,4.01,7.50,8.09,292.00,0.30,0,13.09,0.00,74.19,1,-21,19,0,0,STAT,60,LAT,LON,W,CRC
07/22/25 10:39:44,16.13,192.63,13.47,8.67,5.65,521.86,14.60,81.80,989.00,4.60,8.34,8.73,119.60,0.26,0,13.09,0.00,70.97,1,-21,18,0,0,STAT,60,LAT,LON,W,CRC
07/22/25 10:40:41,16.10,192.47,14.60,8.07,6.22,522.21,14.60,81.30,989.00,4.20,7.75,8.04,92.70,0.15,0,13.09,0.00,70.97,1,-21,18,0,0,STAT,60,LAT,LON,W,CRC
07/22/25 10:41:44,16.09,195.63,13.23,8.08,8.07,521.91,14.60,81.40,989.00,3.77,6.61,7.10,66.90,0.13,0,13.09,0.00,100.00,1,-21,18,0,0,STAT,60,LAT,LON,W,CRC
07/22/25 10:42:40,16.06,191.89,16.87,8.42,7.71,521.35,14.60,80.60,989.00,3.91,7.25,7.58,66.50,0.12,0,13.09,0.00,74.19,1,-20,16,0,0,STAT,60,LAT,LON,W,CRC
07/22/25 10:43:42,16.01,195.60,15.26,8.17,5.65,521.12,14.70,80.40,989.00,4.08,7.94,8.20,53.20,0.13,0,13.09,0.00,74.19,1,-22,18,0,0,STAT,60,LAT,LON,W,CRC
07/22/25 10:44:45,15.99,196.46,14.51,8.33,4.71,521.04,14.70,80.70,989.00,4.01,7.86,8.30,4.90,0.05,0,13.09,0.00,74.19,1,-23,18,0,0,STAT,60,LAT,LON,W,CRC
07/22/25 10:45:41,15.99,193.15,14.88,7.78,4.83,521.47,14.70,80.90,989.00,3.91,8.21,8.58,50.30,0.09,0,13.09,0.00,74.19,1,-21,18,0,0,STAT,60,LAT,LON,W,CRC
07/22/25 10:46:44,15.98,195.66,14.93,8.91,2.83,521.81,14.70,81.20,989.00,4.26,8.21,8.53,335.10,0.19,0,13.09,0.00,70.97,1,-23,18,0,0,STAT,60,LAT,LON,W,CRC
07/22/25 10:47:40,15.94,189.52,15.61,8.22,4.39,522.38,14.70,81.10,989.00,4.55,8.27,8.37,83.40,0.19,0,13.09,0.00,70.97,1,-20,18,0,0,STAT,60,LAT,LON,W,CRC
07/22/25 10:48:43,15.90,196.02,15.67,8.35,6.42,522.78,14.70,82.00,989.00,4.59,8.28,8.53,111.80,0.39,0,13.09,0.00,83.87,1,-23,17,0,0,STAT,60,LAT,LON,W,CRC
07/22/25 10:49:44,15.89,195.20,14.16,7.97,5.49,522.97,14.70,81.60,989.00,4.63,8.49,8.76,106.30,0.34,0,13.09,0.00,70.97,1,-22,18,0,0,STAT,60,LAT,LON,W,CRC
07/22/25 10:50:41,15.89,191.15,14.62,6.96,6.19,522.99,14.70,81.10,989.00,4.50,8.63,8.86,50.50,0.14,0,13.09,0.00,74.19,1,-20,19,-1,0,STAT,60,LAT,LON,W,CRC
07/22/25 10:51:43,15.89,192.23,15.15,7.15,6.53,522.87,14.70,81.10,989.00,4.66,8.60,9.08,326.30,0.36,0,13.09,0.00,70.97,1,-21,18,-1,0,STAT,60,LAT,LON,W,CRC
07/22/25 10:52:46,15.88,190.44,15.25,6.51,6.46,522.96,14.60,81.10,989.00,4.79,9.21,9.84,308.60,0.69,0,13.09,0.00,90.32,1,-20,18,-1,-1,STAT,60,LAT,LON,W,CRC
07/22/25 10:53:43,15.86,189.96,15.25,7.23,5.21,523.68,14.60,81.20,989.00,4.92,8.38,8.72,318.70,0.51,0,13.09,0.00,90.32,1,-20,18,0,0,STAT,60,LAT,LON,W,CRC
07/22/25 10:54:44,15.82,190.03,16.75,6.71,5.62,524.91,14.60,80.80,989.00,4.66,7.75,7.93,340.90,0.27,0,13.09,0.00,70.97,1,-20,18,-1,0,STAT,60,LAT,LON,W,CRC
07/22/25 10:55:46,15.80,188.64,15.47,7.30,4.46,526.27,14.60,80.90,989.00,4.45,7.57,7.97,336.70,0.35,0,13.09,0.00,70.97,1,-20,19,-1,-1,STAT,60,LAT,LON,W,CRC
07/22/25 10:56:43,15.79,184.36,16.02,6.60,6.81,527.17,14.60,81.10,989.00,4.30,7.15,7.41,315.00,0.45,0,13.09,0.00,70.97,1,-18,18,-2,0,STAT,60,LAT,LON,W,CRC
07/22/25 10:57:45,15.79,182.85,14.70,7.30,4.81,527.71,14.60,81.10,989.00,4.70,7.94,8.32,310.00,0.53,0,13.09,0.00,74.19,1,-18,18,-1,-1,STAT,60,LAT,LON,W,CRC
07/22/25 10:58:42,15.79,183.21,17.04,5.95,7.48,528.24,14.50,80.90,989.00,4.42,7.86,7.99,318.10,0.38,0,13.09,0.00,87.10,1,-18,17,-1,0,STAT,60,LAT,LON,W,CRC
07/22/25 10:59:44,15.79,179.90,15.97,6.82,5.80,529.79,14.50,80.70,989.00,4.26,7.76,8.20,1.80,0.18,0,13.09,0.00,74.19,1,-18,17,0,0,STAT,60,LAT,LON,W,CRC
07/22/25 11:00:45,15.78,182.78,14.91,7.01,4.88,531.38,14.50,81.00,989.00,4.19,8.00,9.10,70.50,0.17,0,13.09,0.00,83.87,1,-20,18,0,0,STAT,60,LAT,LON,W,CRC
07/22/25 11:01:43,15.76,179.43,15.26,6.08,6.03,531.53,14.50,80.90,989.00,3.97,7.38,7.81,23.90,0.15,0,13.09,0.00,74.19,1,-19,18,0,0,STAT,60,LAT,LON,W,CRC
07/22/25 11:02:45,15.71,174.45,14.65,7.31,6.66,530.73,14.50,81.20,989.00,4.03,7.36,7.51,306.50,0.35,0,13.09,0.00,93.55,1,-16,18,-1,0,STAT,60,LAT,LON,W,CRC
07/22/25 11:03:46,15.70,182.45,16.04,6.82,5.64,531.20,14.50,81.20,989.00,4.56,7.86,8.08,330.30,0.29,0,13.09,0.00,74.19,1,-19,17,-1,0,STAT,60,LAT,LON,W,CRC
07/22/25 11:04:42,15.69,179.22,14.83,6.71,6.02,532.24,14.50,81.10,989.00,4.53,8.02,8.09,347.80,0.19,0,13.09,0.00,74.19,1,-19,18,-1,0,STAT,60,LAT,LON,W,CRC
07/22/25 11:05:45,15.69,175.02,16.02,6.53,5.46,532.73,14.50,81.10,989.00,4.13,7.72,7.74,13.90,0.16,0,13.09,0.00,87.10,1,-18,17,-1,0,STAT,60,LAT,LON,W,CRC
07/22/25 11:06:42,15.69,176.22,16.90,7.68,3.94,532.55,14.50,81.10,989.00,4.11,7.57,8.02,10.60,0.15,0,13.09,0.00,74.19,1,-17,17,-1,0,STAT,60,LAT,LON,W,CRC
07/22/25 11:07:43,15.69,178.97,16.56,7.61,2.68,532.19,14.50,81.40,989.00,4.18,8.26,8.64,89.00,0.17,0,13.09,0.00,74.19,1,-19,17,-1,0,STAT,60,LAT,LON,W,CRC
07/22/25 11:08:46,15.68,174.30,16.04,7.04,5.30,532.07,14.50,81.10,989.00,4.53,8.13,8.58,100.30,0.20,0,13.09,0.00,87.10,1,-16,17,-2,0,STAT,60,LAT,LON,W,CRC
07/22/25 11:09:43,15.66,170.29,16.68,6.76,5.89,532.03,14.50,81.60,989.00,4.56,7.38,7.72,85.40,0.16,0,13.09,0.00,87.10,1,-15,17,-2,0,STAT,60,LAT,LON,W,CRC
07/22/25 11:10:45,15.62,170.79,15.87,6.47,5.39,532.09,14.50,81.10,989.00,4.22,7.40,7.86,68.70,0.22,0,13.09,0.00,70.97,1,-16,18,-2,-1,STAT,60,LAT,LON,W,CRC
07/22/25 11:11:46,15.60,175.77,14.66,6.87,5.46,532.19,14.50,81.20,989.00,3.82,7.63,8.26,81.10,0.27,0,13.09,0.00,87.10,1,-17,18,-1,-1,STAT,60,LAT,LON,W,CRC
07/22/25 11:12:44,15.59,171.89,15.19,6.85,6.11,532.07,14.50,81.20,989.00,3.53,7.12,7.49,355.40,0.17,0,13.09,0.00,74.19,1,-16,17,-1,0,STAT,60,LAT,LON,W,CRC
07/22/25 11:13:45,15.59,176.03,14.56,7.24,6.03,532.61,14.50,81.30,989.00,3.77,7.31,7.92,308.90,0.44,0,13.09,0.00,90.32,1,-16,18,-1,0,STAT,60,LAT,LON,W,CRC
07/22/25 11:14:42,15.59,177.85,14.36,8.09,4.35,534.31,14.50,81.20,989.00,4.10,8.19,8.57,302.40,0.55,0,13.09,0.00,74.19,1,-18,18,-1,0,STAT,60,LAT,LON,W,CRC
07/22/25 11:15:44,15.59,174.95,15.22,7.08,4.72,536.70,14.50,81.40,989.00,4.59,8.18,8.92,306.70,0.59,0,13.09,0.00,87.10,1,-16,18,-1,0,STAT,60,LAT,LON,W,CRC
07/22/25 11:16:46,15.59,170.81,15.75,6.65,5.92,537.54,14.40,81.80,989.00,4.45,7.97,8.84,311.60,0.55,0,13.09,0.00,87.10,1,-16,17,-1,0,STAT,60,LAT,LON,W,CRC
07/22/25 11:17:43,15.59,167.13,15.80,7.24,5.07,537.42,14.40,81.30,989.00,4.24,7.74,8.22,321.60,0.32,0,13.09,0.00,90.32,1,-15,17,-1,0,STAT,60,LAT,LON,W,CRC
07/22/25 11:18:44,15.57,171.90,16.26,6.80,4.61,537.34,14.40,81.60,989.00,4.08,7.97,8.13,327.80,0.30,0,13.09,0.00,74.19,1,-17,17,0,0,STAT,60,LAT,LON,W,CRC
07/22/25 11:19:48,15.54,170.72,17.01,6.22,5.77,536.66,14.40,81.70,989.00,4.10,7.89,8.64,320.30,0.41,0,13.09,0.00,87.10,1,-17,16,-1,0,STAT,60,LAT,LON,W,CRC
07/22/25 11:20:44,15.51,164.35,14.26,7.43,4.10,536.71,14.40,81.70,989.00,4.46,8.38,9.27,304.90,0.42,0,13.09,0.00,74.19,1,-14,18,0,0,STAT,60,LAT,LON,W,CRC
07/22/25 11:21:47,15.50,169.23,14.36,6.90,4.59,537.55,14.40,81.70,989.00,4.39,8.13,8.67,302.90,0.36,0,13.09,0.00,87.10,1,-15,18,-1,0,STAT,60,LAT,LON,W,CRC
07/22/25 11:22:49,15.49,166.65,14.80,6.90,3.66,538.46,14.40,81.30,989.00,4.08,7.34,7.59,313.90,0.30,0,13.09,0.00,90.32,1,-14,18,-1,-1,STAT,60,LAT,LON,W,CRC
07/22/25 11:23:46,15.49,170.47,14.84,7.28,3.35,539.02,14.40,81.30,989.00,4.29,7.30,7.38,325.30,0.32,0,13.09,0.00,87.10,1,-15,18,0,-1,STAT,60,LAT,LON,W,CRC
07/22/25 11:24:47,15.49,166.93,14.02,6.90,5.24,540.55,14.30,81.50,989.00,4.47,7.31,7.34,313.00,0.43,0,13.09,0.00,87.10,1,-15,18,0,0,STAT,60,LAT,LON,W,CRC
07/22/25 11:25:55,15.49,162.61,14.10,7.00,4.14,541.46,14.30,81.50,989.00,4.71,8.05,8.06,308.90,0.27,0,13.09,0.00,74.19,1,-14,18,0,-1,STAT,60,LAT,LON,W,CRC
07/22/25 11:26:46,15.49,163.37,15.09,7.21,4.14,541.77,14.30,81.60,989.00,4.22,8.01,8.22,306.00,0.28,0,13.09,0.00,87.10,1,-15,17,-1,0,STAT,60,LAT,LON,W,CRC
07/22/25 11:27:47,15.49,169.19,16.09,7.00,4.86,541.22,14.30,81.70,989.00,4.24,8.17,8.96,308.90,0.32,0,13.09,0.00,70.97,1,-17,17,-1,0,STAT,60,LAT,LON,W,CRC
07/22/25 11:28:44,15.47,165.31,15.58,7.67,3.09,541.08,14.40,81.50,989.00,4.13,7.98,8.73,313.10,0.26,0,13.09,0.00,70.97,1,-16,17,0,-1,STAT,60,LAT,LON,W,CRC
07/22/25 11:29:46,15.43,166.33,13.73,8.28,4.33,540.74,14.30,81.60,989.00,4.62,8.26,8.60,69.80,0.20,0,13.09,0.00,74.19,1,-16,17,-1,-1,STAT,60,LAT,LON,W,CRC
07/22/25 11:30:48,15.41,159.90,14.64,6.88,5.78,541.40,14.30,81.30,989.00,4.36,7.99,8.57,49.30,0.18,0,13.09,0.00,74.19,1,-12,17,-1,-1,STAT,60,LAT,LON,W,CRC
07/22/25 11:31:45,15.40,161.23,15.50,6.94,2.89,542.54,14.30,81.10,989.00,4.42,8.01,8.62,19.60,0.12,0,13.09,0.00,70.97,1,-14,17,-1,-1,STAT,60,LAT,LON,W,CRC
07/22/25 11:32:49,15.40,161.63,15.81,7.58,3.62,542.84,14.30,81.40,989.00,4.47,8.50,9.07,102.90,0.30,0,13.09,0.00,74.19,1,-13,16,0,-1,STAT,60,LAT,LON,W,CRC
07/22/25 11:33:46,15.39,163.30,14.09,6.92,6.03,542.94,14.20,82.50,989.00,4.64,8.50,9.22,102.70,0.82,0,13.09,0.00,74.19,1,-14,17,-2,-1,STAT,60,LAT,LON,W,CRC
07/22/25 11:34:46,15.39,164.97,15.59,6.23,6.32,542.24,14.20,81.80,989.00,4.31,8.14,8.53,86.60,0.26,0,13.09,0.00,74.19,1,-15,17,-1,0,STAT,60,LAT,LON,W,CRC
07/22/25 11:35:48,15.39,163.55,14.07,8.32,5.57,541.73,14.20,81.80,989.00,5.41,9.09,9.92,295.40,0.39,0,13.09,0.00,70.97,1,-14,18,-2,0,STAT,60,LAT,LON,W,CRC
07/22/25 11:36:50,15.39,162.27,14.86,7.57,4.70,543.74,14.10,81.20,989.00,4.73,8.69,9.25,301.70,0.80,0,13.09,0.00,74.19,1,-13,18,-2,0,STAT,60,LAT,LON,W,CRC
07/22/25 11:37:47,15.38,164.48,15.11,6.44,5.22,547.17,14.00,81.50,989.00,4.03,7.78,8.11,309.00,0.70,0,13.09,0.00,70.97,1,-13,17,-1,-1,STAT,60,LAT,LON,W,CRC
07/22/25 11:38:49,15.37,163.99,14.99,6.31,5.20,549.00,14.00,81.60,989.00,4.20,7.43,8.03,308.20,0.69,0,13.09,0.00,74.19,1,-12,17,-1,0,STAT,60,LAT,LON,W,CRC
07/22/25 11:39:45,15.33,160.72,15.61,5.89,5.00,549.39,14.00,82.30,989.00,4.08,7.06,8.15,304.80,0.55,0,13.09,0.00,90.32,1,-12,16,-1,-1,STAT,60,LAT,LON,W,CRC
07/22/25 11:40:47,15.31,157.01,17.09,5.82,6.17,549.14,14.00,82.20,989.00,4.20,7.73,8.45,314.70,0.48,0,13.09,0.00,87.10,1,-12,15,-2,0,STAT,60,LAT,LON,W,CRC
07/22/25 11:41:50,15.30,155.44,17.86,6.52,4.73,548.39,13.90,82.10,989.00,3.92,7.30,7.76,310.50,0.53,0,13.09,0.00,87.10,1,-12,15,-1,0,STAT,60,LAT,LON,W,CRC
07/22/25 11:42:46,15.30,160.47,15.94,6.71,3.61,547.53,13.90,82.30,989.00,4.02,7.52,7.79,304.30,0.49,0,13.09,0.00,87.10,1,-14,16,-1,0,STAT,60,LAT,LON,W,CRC
07/22/25 11:43:48,15.30,155.84,16.03,6.51,4.32,546.54,13.90,81.80,989.00,3.93,7.28,8.22,309.40,0.34,0,13.09,0.00,74.19,1,-12,16,0,0,STAT,60,LAT,LON,W,CRC
07/22/25 11:44:49,15.29,156.94,17.54,6.35,4.68,546.19,13.90,81.90,989.00,4.08,7.78,8.56,324.10,0.23,0,13.09,0.00,70.97,1,-14,15,-1,0,STAT,60,LAT,LON,W,CRC
07/22/25 11:45:48,15.28,154.10,17.60,6.85,3.40,545.67,13.90,82.30,989.00,4.27,7.97,8.47,68.50,0.17,0,13.09,0.00,138.71,1,-13,15,-1,0,STAT,60,LAT,LON,W,CRC
07/22/25 11:46:50,15.23,154.53,15.56,6.67,3.15,544.01,13.80,82.00,989.00,4.31,7.13,7.67,70.30,0.22,0,13.09,0.00,74.19,1,-13,16,-1,0,STAT,60,LAT,LON,W,CRC
07/22/25 11:47:46,15.21,155.67,15.24,6.20,5.96,541.83,13.80,81.90,989.00,4.07,7.43,7.61,94.60,0.34,0,13.09,0.00,70.97,1,-14,16,0,0,STAT,60,LAT,LON,W,CRC
07/22/25 11:48:48,15.20,154.98,15.70,7.11,6.15,541.84,13.80,83.30,989.00,4.41,8.34,8.56,110.80,0.41,0,13.09,0.00,70.97,1,-13,16,-1,0,STAT,60,LAT,LON,W,CRC
07/22/25 11:49:50,15.20,159.11,16.64,6.81,4.50,541.94,13.80,82.80,989.00,4.47,7.86,8.47,104.50,0.27,0,13.09,0.00,74.19,1,-14,15,-2,0,STAT,60,LAT,LON,W,CRC
07/22/25 11:50:51,15.20,158.95,16.29,6.08,5.42,541.98,13.80,82.40,989.00,4.75,8.00,8.71,73.00,0.06,0,13.09,0.00,70.97,1,-15,14,-2,0,STAT,60,LAT,LON,W,CRC
07/22/25 11:51:47,15.20,154.92,16.81,6.04,4.63,541.99,13.80,82.80,989.00,4.86,8.15,8.57,314.00,0.11,0,13.09,0.00,87.10,1,-14,15,-1,0,STAT,60,LAT,LON,W,CRC
07/22/25 11:52:48,15.19,155.26,17.86,6.18,5.02,542.29,13.80,82.00,989.00,4.23,7.53,7.91,307.40,0.11,1,13.09,0.00,88.68,1,-13,15,-2,-1,STAT,60,LAT,LON,W,CRC
07/22/25 11:53:50,15.18,149.59,15.28,7.48,4.84,544.32,13.90,81.80,989.00,3.82,6.74,7.33,288.00,0.21,1,13.09,0.00,88.19,1,-12,16,-1,0,STAT,60,LAT,LON,W,CRC
07/22/25 11:54:47,15.14,149.14,14.45,7.46,5.19,547.38,13.90,81.70,989.00,4.01,6.83,7.23,277.70,0.39,1,13.09,0.00,82.04,1,-12,16,-2,0,STAT,60,LAT,LON,W,CRC
07/22/25 11:55:49,15.11,154.58,15.18,7.68,4.65,551.10,13.90,81.60,989.00,4.27,7.92,8.20,281.20,0.50,1,13.09,0.00,86.32,1,-14,16,-2,0,STAT,60,LAT,LON,W,CRC
07/22/25 11:56:50,15.10,152.22,15.40,8.37,3.98,553.63,13.90,81.90,989.00,4.12,8.06,8.57,285.50,0.54,1,13.09,0.00,83.04,1,-12,17,-1,0,STAT,60,LAT,LON,W,CRC
07/22/25 11:57:47,15.10,146.86,16.12,7.29,3.80,554.47,13.90,81.60,989.00,4.05,7.90,8.37,298.60,0.50,1,13.09,0.00,76.09,1,-9,16,-2,0,STAT,60,LAT,LON,W,CRC
07/22/25 11:58:49,15.10,152.94,17.13,6.54,4.78,554.81,13.90,81.60,989.00,4.06,7.33,7.71,318.80,0.27,1,13.09,0.00,76.03,1,-12,16,-2,0,STAT,60,LAT,LON,W,CRC
07/22/25 11:59:51,15.10,152.75,17.19,5.88,4.58,554.31,13.90,81.60,989.00,3.98,7.19,7.79,311.50,0.20,1,13.09,0.00,78.99,1,-14,16,-2,0,STAT,60,LAT,LON,W,CRC
07/22/25 12:00:47,15.10,153.04,15.09,7.67,2.35,553.50,13.90,81.70,989.00,3.92,7.80,8.70,321.20,0.11,1,13.09,0.00,74.05,1,-15,17,0,-1,STAT,60,LAT,LON,W,CRC
07/22/25 12:01:49,15.10,151.31,13.92,7.36,4.93,553.18,13.90,81.70,989.00,3.85,7.84,8.48,53.70,0.10,1,13.09,0.00,72.72,1,-13,16,-1,-1,STAT,60,LAT,LON,W,CRC
07/22/25 12:02:51,15.09,154.57,16.29,7.79,3.51,553.61,13.90,81.80,989.00,4.02,7.63,7.91,82.00,0.11,1,13.09,0.00,75.78,1,-13,15,-1,-1,STAT,60,LAT,LON,W,CRC
07/22/25 12:03:48,15.08,152.78,17.17,7.67,3.12,553.62,13.90,81.30,989.00,4.55,8.30,8.72,75.10,0.12,1,13.09,0.00,74.23,1,-11,15,-2,0,STAT,60,LAT,LON,W,CRC
07/22/25 12:04:50,15.05,158.60,18.68,7.10,4.20,551.32,13.90,79.40,989.00,4.33,8.67,9.00,69.30,0.18,1,13.09,0.00,74.79,1,-13,14,-1,0,STAT,60,LAT,LON,W,CRC
07/22/25 12:05:46,15.02,156.39,16.26,7.02,3.03,545.50,13.90,80.10,989.00,4.42,9.06,9.44,82.40,0.30,1,13.09,0.00,80.08,1,-13,16,-1,0,STAT,60,LAT,LON,W,CRC
07/22/25 12:06:48,15.01,151.58,16.72,6.96,2.60,541.29,13.90,80.30,989.00,3.90,8.20,8.56,31.00,0.14,1,13.09,0.00,84.14,1,-11,17,0,-1,STAT,60,LAT,LON,W,CRC
07/22/25 12:07:51,15.00,156.77,17.40,6.42,4.91,539.81,13.90,80.20,989.00,4.07,8.50,9.01,328.00,0.21,1,13.09,0.00,76.99,1,-13,16,-1,0,STAT,60,LAT,LON,W,CRC
07/22/25 12:08:46,15.00,153.81,17.65,6.91,2.92,539.60,13.90,80.40,989.00,3.94,7.73,8.22,323.50,0.32,1,13.09,0.00,77.15,1,-13,16,-1,0,STAT,60,LAT,LON,W,CRC
07/22/25 12:09:49,15.00,148.80,17.04,7.14,3.09,540.83,13.90,80.50,989.00,4.27,7.58,8.18,330.70,0.26,1,13.09,0.00,77.14,1,-11,16,-1,0,STAT,60,LAT,LON,W,CRC
07/22/25 12:10:46,15.00,150.44,18.62,6.88,3.28,542.17,13.80,80.30,989.00,4.30,7.61,8.32,35.60,0.17,1,13.09,0.00,80.44,1,-12,16,-1,0,STAT,60,LAT,LON,W,CRC
07/22/25 12:11:49,15.00,154.29,19.23,6.03,6.24,542.71,13.80,80.60,989.00,3.86,7.61,7.93,7.00,0.19,1,13.09,0.00,75.35,1,-13,13,-1,0,STAT,60,LAT,LON,W,CRC
07/22/25 12:12:47,15.00,150.74,17.68,6.80,4.72,542.75,13.80,80.50,989.00,3.61,6.99,7.37,341.80,0.25,1,13.09,0.00,74.87,1,-11,15,-1,0,STAT,60,LAT,LON,W,CRC
07/22/25 12:13:49,15.00,150.08,16.34,5.98,3.88,544.97,13.80,80.30,989.00,3.62,6.97,7.45,0.10,0.22,1,13.09,0.00,73.63,1,-10,16,-1,-1,STAT,60,LAT,LON,W,CRC
07/22/25 12:14:53,14.99,151.17,17.15,6.02,4.63,550.21,13.80,79.80,989.00,4.05,7.36,7.86,350.00,0.11,1,13.09,0.00,78.02,1,-13,16,-1,-1,STAT,60,LAT,LON,W,CRC
07/22/25 12:15:48,14.98,145.62,14.70,6.83,6.48,555.91,13.80,80.70,989.00,3.56,6.75,7.62,289.30,0.34,1,13.09,0.00,76.80,1,-11,16,-1,-1,STAT,60,LAT,LON,W,CRC
07/22/25 12:16:50,14.93,143.03,16.64,7.10,4.74,560.50,13.80,81.20,989.00,3.99,7.32,8.18,298.50,0.43,1,13.09,0.00,73.24,1,-9,15,-1,0,STAT,60,LAT,LON,W,CRC
07/22/25 12:17:52,14.91,149.83,18.77,6.91,3.71,561.58,13.80,81.30,989.00,3.75,6.68,7.52,318.50,0.28,1,13.09,0.00,72.56,1,-12,15,-1,0,STAT,60,LAT,LON,W,CRC
07/22/25 12:18:55,14.91,149.83,16.18,7.01,2.72,561.31,13.80,81.20,989.00,3.53,6.35,6.73,321.80,0.25,1,13.09,0.00,74.17,1,-12,17,-1,0,STAT,60,LAT,LON,W,CRC
07/22/25 12:19:52,14.90,146.82,16.34,6.81,3.95,561.57,13.80,81.40,989.00,3.97,7.49,7.94,312.80,0.29,1,13.09,0.00,81.78,1,-12,17,-1,0,STAT,60,LAT,LON,W,CRC
07/22/25 12:20:49,14.90,144.97,16.34,7.07,2.77,561.25,13.80,81.50,989.00,4.13,8.44,9.61,329.00,0.30,1,13.09,0.00,76.96,1,-11,17,-1,0,STAT,60,LAT,LON,W,CRC
07/22/25 12:21:52,14.90,143.18,14.73,7.02,3.70,559.30,13.80,81.60,989.00,3.94,8.10,8.66,0.10,0.20,1,13.09,0.00,75.05,1,-11,17,0,0,STAT,60,LAT,LON,W,CRC
07/22/25 12:22:48,14.90,149.18,13.65,7.12,3.77,554.77,13.80,81.70,989.00,3.63,7.58,8.08,358.70,0.19,1,13.09,0.00,73.11,1,-13,17,-1,0,STAT,60,LAT,LON,W,CRC
07/22/25 12:23:51,14.89,145.13,15.61,6.96,4.26,550.74,13.70,81.20,989.00,3.89,7.68,7.85,16.40,0.21,1,13.09,0.00,72.75,1,-12,16,0,0,STAT,60,LAT,LON,W,CRC
07/22/25 12:24:53,14.88,141.89,15.19,6.72,3.98,552.53,13.70,81.30,989.00,3.71,7.19,7.78,346.50,0.20,1,13.09,0.00,73.01,1,-10,17,-1,-1,STAT,60,LAT,LON,W,CRC
07/22/25 12:25:51,14.83,146.80,14.75,6.56,3.51,556.02,13.70,81.60,989.00,3.62,7.51,8.90,325.40,0.22,1,13.09,0.00,81.87,1,-12,17,-1,-1,STAT,60,LAT,LON,W,CRC
07/22/25 12:26:53,14.82,150.32,16.28,7.81,2.80,557.95,13.70,81.90,989.00,3.61,8.21,9.16,327.40,0.24,1,13.09,0.00,78.78,1,-13,16,0,-1,STAT,60,LAT,LON,W,CRC
07/22/25 12:27:50,14.81,148.40,16.07,6.69,4.02,558.60,13.70,81.30,989.00,4.22,8.09,8.97,336.10,0.22,1,13.09,0.00,84.76,1,-12,16,-1,0,STAT,60,LAT,LON,W,CRC
07/22/25 12:28:52,14.81,145.79,18.01,6.79,3.87,559.91,13.70,81.00,989.00,3.65,7.13,7.66,332.90,0.28,1,13.09,0.00,81.21,1,-11,15,0,0,STAT,60,LAT,LON,W,CRC
07/22/25 12:29:49,14.81,145.94,17.48,6.36,4.78,561.45,13.60,82.30,989.00,4.11,7.28,8.14,322.70,0.38,1,13.09,0.00,74.94,1,-10,15,-1,0,STAT,60,LAT,LON,W,CRC
07/22/25 12:30:51,14.81,145.97,16.19,6.45,4.53,560.43,13.60,82.00,989.00,4.17,7.48,8.22,325.00,0.38,1,13.09,0.00,75.24,1,-10,14,-1,-1,STAT,60,LAT,LON,W,CRC
07/22/25 12:31:53,14.80,146.99,17.49,6.70,4.24,559.50,13.60,81.60,989.00,4.24,8.21,9.27,332.00,0.31,1,13.09,0.00,73.70,1,-11,14,-1,0,STAT,60,LAT,LON,W,CRC
07/22/25 12:32:50,14.80,148.41,16.95,6.41,5.67,560.57,13.60,81.30,989.00,3.92,7.65,8.24,330.10,0.22,1,13.09,0.00,85.32,1,-12,15,-2,0,STAT,60,LAT,LON,W,CRC
07/22/25 12:33:52,14.79,145.11,16.64,6.50,4.24,563.48,13.60,81.40,989.00,3.87,7.75,8.01,308.60,0.21,1,13.09,0.00,76.29,1,-11,15,-1,0,STAT,60,LAT,LON,W,CRC
07/22/25 12:34:54,14.77,141.87,14.46,7.83,4.96,565.69,13.60,81.70,989.00,3.84,7.31,7.99,295.20,0.35,1,13.09,0.00,73.31,1,-10,17,-1,0,STAT,60,LAT,LON,W,CRC
07/22/25 12:35:51,14.73,146.48,15.46,6.69,5.11,566.50,13.60,81.80,989.00,4.36,7.56,8.11,304.60,0.40,1,13.09,0.00,74.44,1,-12,15,-2,0,STAT,60,LAT,LON,W,CRC
07/22/25 12:36:53,14.71,146.34,14.71,7.18,4.60,566.82,13.50,81.80,989.00,3.87,6.82,7.30,300.00,0.49,1,13.09,0.00,74.33,1,-11,16,-1,0,STAT,60,LAT,LON,W,CRC
07/22/25 12:37:54,14.71,145.01,16.76,7.74,1.75,566.94,13.50,81.80,989.00,4.08,7.82,8.04,302.40,0.51,1,13.09,0.00,79.37,1,-10,15,0,0,STAT,60,LAT,LON,W,CRC
07/22/25 12:38:57,14.71,146.79,16.87,6.60,4.47,567.40,13.50,82.00,990.00,4.24,7.82,7.96,324.60,0.25,1,13.09,0.00,77.76,1,-13,15,0,0,STAT,60,LAT,LON,W,CRC
07/22/25 12:39:54,14.71,141.28,15.79,6.00,4.99,566.13,13.50,82.00,990.00,4.47,7.70,7.75,3.20,0.16,1,13.09,0.00,74.88,1,-10,16,-2,0,STAT,60,LAT,LON,W,CRC
07/22/25 12:40:55,14.71,146.51,17.13,6.77,3.57,563.18,13.50,81.90,990.00,4.46,7.87,8.03,61.60,0.19,1,13.09,0.00,78.96,1,-14,15,0,-1,STAT,60,LAT,LON,W,CRC
07/22/25 12:41:52,14.71,141.16,17.17,7.40,2.38,561.31,13.50,81.70,990.00,4.16,8.03,8.19,44.80,0.18,1,13.09,0.00,83.61,1,-11,14,-1,-1,STAT,60,LAT,LON,W,CRC
07/22/25 12:42:54,14.69,147.01,17.49,6.60,3.79,560.65,13.50,82.20,990.00,3.70,7.72,8.13,7.30,0.18,1,13.09,0.00,85.15,1,-13,15,-1,0,STAT,60,LAT,LON,W,CRC
07/22/25 12:43:52,14.68,149.53,17.20,6.50,5.12,559.29,13.50,82.60,990.00,4.06,7.66,8.00,337.30,0.21,1,13.09,0.00,76.65,1,-13,15,-1,0,STAT,60,LAT,LON,W,CRC
07/22/25 12:44:54,14.64,142.37,16.00,7.13,4.35,556.91,13.50,82.70,990.00,3.91,7.29,7.73,324.20,0.20,1,13.09,0.00,74.81,1,-11,15,0,0,STAT,60,LAT,LON,W,CRC
07/22/25 12:45:52,14.62,143.07,16.21,7.15,3.48,554.92,13.50,82.60,990.00,4.04,8.01,8.87,22.20,0.10,1,13.09,0.00,75.63,1,-12,16,-1,-1,STAT,60,LAT,LON,W,CRC
07/22/25 12:46:54,14.61,147.36,17.72,7.35,3.25,553.13,13.50,82.00,990.00,4.11,7.68,8.41,33.10,0.10,1,13.09,0.00,73.06,1,-13,15,-1,-1,STAT,60,LAT,LON,W,CRC
07/22/25 12:47:56,14.61,146.66,17.00,7.00,3.37,552.45,13.50,82.50,990.00,3.71,6.98,7.47,52.60,0.13,1,13.09,0.00,73.27,1,-12,16,-2,-1,STAT,60,LAT,LON,W,CRC
07/22/25 12:48:52,14.61,146.53,15.79,7.71,3.51,552.84,13.50,82.50,990.00,4.52,7.84,8.91,343.80,0.26,1,13.09,0.00,72.41,1,-12,16,-1,-1,STAT,60,LAT,LON,W,CRC
07/22/25 12:49:54,14.61,147.08,16.22,7.67,3.35,552.66,13.50,82.90,990.00,4.29,7.79,8.48,340.10,0.26,1,13.09,0.00,72.49,1,-13,15,-1,-1,STAT,60,LAT,LON,W,CRC
07/22/25 12:50:56,14.61,145.25,17.02,7.70,3.49,549.99,13.50,82.90,990.00,4.02,8.00,8.29,328.30,0.29,1,13.09,0.00,72.84,1,-12,14,-1,-1,STAT,60,LAT,LON,W,CRC
07/22/25 12:51:54,14.61,144.19,15.98,8.33,2.80,547.69,13.60,83.10,990.00,3.94,7.94,8.27,308.00,0.36,1,13.09,0.00,74.31,1,-11,15,-1,-1,STAT,60,LAT,LON,W,CRC
07/22/25 12:52:56,14.61,145.88,13.93,7.66,4.06,545.98,13.50,82.70,990.00,3.68,7.23,7.47,331.50,0.20,1,13.09,0.00,77.04,1,-12,16,0,-1,STAT,60,LAT,LON,W,CRC
07/22/25 12:53:53,14.61,146.06,17.05,7.21,4.67,545.51,13.60,82.80,990.00,3.93,7.64,7.80,335.90,0.18,1,13.09,0.00,75.30,1,-13,15,-1,0,STAT,60,LAT,LON,W,CRC
07/22/25 12:54:54,14.61,147.08,16.20,7.50,3.83,545.59,13.60,82.20,990.00,4.25,8.09,8.30,358.80,0.15,1,13.09,0.00,74.45,1,-13,16,-1,0,STAT,60,LAT,LON,W,CRC
07/22/25 12:55:55,14.61,148.59,15.39,7.45,3.71,545.94,13.60,82.40,990.00,4.06,7.86,8.45,337.00,0.20,1,13.09,0.00,79.39,1,-13,16,-1,-1,STAT,60,LAT,LON,W,CRC
07/22/25 12:56:52,14.61,150.98,15.64,7.36,5.23,545.98,13.60,82.50,990.00,4.07,7.70,8.11,326.60,0.30,1,13.09,0.00,86.15,1,-15,16,-1,0,STAT,60,LAT,LON,W,CRC
07/22/25 12:57:54,14.61,144.77,14.93,6.97,6.04,545.99,13.50,82.50,990.00,4.35,7.85,8.49,324.40,0.31,1,13.09,0.00,80.86,1,-12,16,-1,0,STAT,60,LAT,LON,W,CRC
07/22/25 12:58:56,14.60,144.10,16.25,7.47,3.27,546.00,13.60,82.60,990.00,4.50,7.73,8.76,333.90,0.24,1,13.09,0.00,80.57,1,-12,16,-1,-1,STAT,60,LAT,LON,W,CRC
07/22/25 12:59:53,14.60,138.27,17.24,6.93,3.72,546.00,13.60,82.20,990.00,4.70,7.85,8.51,357.30,0.20,1,13.09,1.55,87.77,1,-9,15,0,-1,STAT,60,LAT,LON,W,CRC
07/22/25 13:00:56,14.59,144.61,15.83,6.29,5.13,546.65,13.50,82.50,990.00,4.70,7.58,8.05,315.60,0.30,1,13.09,2.61,77.35,1,-13,15,-2,-1,STAT,60,LAT,LON,W,CRC
07/22/25 13:01:52,14.59,144.45,15.99,7.04,4.47,547.09,13.50,82.70,990.00,4.16,7.26,7.92,309.50,0.44,1,13.09,3.03,74.51,1,-11,16,-2,0,STAT,60,LAT,LON,W,CRC
07/22/25 13:02:55,14.58,146.45,15.57,8.06,2.82,547.53,13.50,82.70,990.00,3.65,7.40,7.80,311.90,0.54,1,13.09,3.17,73.52,1,-12,16,-1,-1,STAT,60,LAT,LON,W,CRC
07/22/25 13:03:57,14.57,144.48,14.78,7.00,4.75,548.52,13.50,82.50,990.00,3.72,6.86,7.10,313.90,0.53,1,13.09,4.73,74.06,1,-11,16,-1,-1,STAT,60,LAT,LON,W,CRC
07/22/25 13:04:54,14.55,141.95,16.94,5.95,4.81,549.73,13.50,82.30,990.00,4.14,7.17,7.47,319.60,0.36,1,13.09,5.12,72.42,1,-11,15,-1,-2,STAT,60,LAT,LON,W,CRC
07/22/25 13:05:58,14.53,142.36,16.67,6.53,3.63,550.80,13.50,82.20,990.00,3.98,7.49,7.68,320.70,0.28,1,13.09,5.89,75.08,1,-12,15,-1,-1,STAT,60,LAT,LON,W,CRC
07/22/25 13:06:54,14.52,141.37,17.97,6.37,4.92,551.54,13.50,82.00,990.00,4.10,7.62,8.32,349.40,0.20,1,13.09,6.27,81.32,1,-10,15,-1,0,STAT,60,LAT,LON,W,CRC
07/22/25 13:07:56,14.51,142.46,16.02,6.68,4.63,552.41,13.50,82.00,990.00,3.49,7.15,7.63,13.50,0.16,1,13.09,6.93,74.50,1,-12,16,0,0,STAT,60,LAT,LON,W,CRC
07/22/25 13:08:58,14.51,143.96,16.76,6.63,4.59,552.50,13.50,82.20,990.00,4.08,7.48,8.16,355.90,0.25,1,13.09,8.36,73.08,1,-12,15,-1,0,STAT,60,LAT,LON,W,CRC
07/22/25 13:09:58,14.51,144.73,17.59,6.65,5.63,551.55,13.50,82.10,990.00,4.04,7.42,7.76,24.00,0.20,1,13.09,8.82,80.60,1,-12,15,-1,0,STAT,60,LAT,LON,W,CRC
07/22/25 13:10:56,14.51,146.69,16.48,6.67,4.32,549.60,13.50,82.10,990.00,4.27,8.47,8.79,61.80,0.19,1,13.09,9.41,83.67,1,-12,15,-1,-1,STAT,60,LAT,LON,W,CRC
07/22/25 13:11:58,14.51,144.93,16.48,7.76,2.77,548.53,13.50,82.10,990.00,3.75,7.00,7.43,68.40,0.17,1,13.09,9.60,85.27,1,-12,16,0,-1,STAT,60,LAT,LON,W,CRC
07/22/25 13:12:55,14.51,141.40,16.64,6.77,2.72,548.56,13.50,82.10,990.00,3.88,6.90,7.20,76.10,0.16,1,13.09,11.07,78.24,1,-11,16,-1,-1,STAT,60,LAT,LON,W,CRC
07/22/25 13:13:57,14.51,143.82,18.20,6.45,3.87,548.84,13.50,81.90,990.00,3.62,7.40,7.87,78.10,0.14,1,13.09,12.05,73.82,1,-12,16,-1,-1,STAT,60,LAT,LON,W,CRC
07/22/25 13:14:59,14.51,145.07,18.06,6.30,3.14,548.95,13.50,82.00,990.00,3.32,6.04,6.51,78.30,0.15,1,13.09,12.66,73.27,1,-13,16,-1,-1,STAT,60,LAT,LON,W,CRC
07/22/25 13:15:55,14.51,142.71,15.93,7.42,3.39,548.44,13.50,82.40,990.00,3.63,5.76,5.93,309.80,0.28,1,13.09,13.12,73.07,1,-11,16,-1,-1,STAT,60,LAT,LON,W,CRC
07/22/25 13:16:57,14.51,143.20,14.48,7.33,4.28,548.15,13.50,82.40,990.00,3.63,6.03,6.51,302.00,0.37,1,13.09,14.40,73.50,1,-9,16,-1,-1,STAT,60,LAT,LON,W,CRC
07/22/25 13:17:59,14.51,149.23,15.16,7.04,2.91,547.09,13.60,82.30,990.00,3.81,7.03,7.35,306.60,0.36,1,13.09,15.54,83.25,1,-12,16,-1,-1,STAT,60,LAT,LON,W,CRC
07/22/25 13:18:56,14.51,146.32,15.14,7.08,2.50,545.03,13.60,81.90,990.00,3.93,6.98,7.39,355.70,0.18,1,13.09,16.73,83.98,1,-13,16,-1,-2,STAT,60,LAT,LON,W,CRC
07/22/25 13:19:59,14.51,146.88,15.00,6.47,3.54,543.71,13.60,82.10,990.00,3.67,6.68,6.98,346.30,0.20,1,13.09,18.23,76.06,1,-13,16,-1,-2,STAT,60,LAT,LON,W,CRC
07/22/25 13:20:56,14.51,146.86,16.73,6.84,4.10,543.36,13.50,82.00,990.00,3.97,7.23,7.48,327.20,0.28,1,13.09,18.89,76.19,1,-13,15,-1,-1,STAT,60,LAT,LON,W,CRC
07/22/25 13:21:58,14.51,147.37,17.15,6.68,2.86,544.32,13.60,82.00,990.00,4.44,8.28,8.58,321.30,0.30,1,13.09,20.58,85.76,1,-12,14,0,-2,STAT,60,LAT,LON,W,CRC
07/22/25 13:22:55,14.51,142.21,16.40,6.26,4.72,544.74,13.60,81.90,990.00,4.44,7.81,8.36,314.60,0.26,1,13.09,21.95,87.23,1,-11,15,-1,-1,STAT,60,LAT,LON,W,CRC
07/22/25 13:23:58,14.51,143.03,15.43,6.65,4.19,544.91,13.60,81.60,990.00,4.13,7.36,7.55,16.90,0.12,1,13.09,23.51,80.29,1,-11,17,-1,-1,STAT,60,LAT,LON,W,CRC
07/22/25 13:24:54,14.51,146.09,16.27,5.13,6.13,544.73,13.60,81.70,990.00,4.08,7.66,7.82,81.70,0.17,1,13.09,25.09,74.87,1,-13,17,-2,-1,STAT,60,LAT,LON,W,CRC
07/22/25 13:25:57,14.51,145.92,16.02,6.71,4.27,543.49,13.60,81.50,990.00,3.78,7.68,8.07,63.30,0.17,1,13.09,26.71,76.72,1,-12,17,-2,0,STAT,60,LAT,LON,W,CRC
07/22/25 13:26:59,14.51,143.08,16.54,6.72,5.23,541.86,13.60,81.50,990.00,4.11,7.87,8.61,27.40,0.16,1,13.13,29.70,74.14,1,-11,15,-2,0,STAT,60,LAT,LON,W,CRC
07/22/25 13:27:55,14.51,146.76,18.33,6.62,5.94,540.18,13.60,81.70,990.00,4.03,7.37,7.88,328.60,0.19,1,13.13,32.33,73.38,1,-13,14,-1,0,STAT,60,LAT,LON,W,CRC
07/22/25 13:28:57,14.51,148.69,16.80,7.48,3.70,539.50,13.70,81.50,990.00,3.79,6.90,7.28,308.00,0.26,1,13.13,35.47,73.31,1,-13,16,-1,0,STAT,60,LAT,LON,W,CRC
07/22/25 13:29:59,14.51,148.02,15.68,7.51,2.85,541.10,13.70,81.50,990.00,3.66,6.73,7.10,307.40,0.23,1,13.13,37.79,72.97,1,-13,17,0,-1,STAT,60,LAT,LON,W,CRC
07/22/25 13:30:56,14.51,144.68,14.92,6.72,3.39,543.08,13.70,81.30,990.00,3.86,7.47,7.73,328.90,0.12,1,13.13,39.01,72.81,1,-12,17,-1,-1,STAT,60,LAT,LON,W,CRC
07/22/25 13:32:04,14.52,140.89,15.19,6.52,4.28,544.96,13.70,81.20,990.00,3.79,7.30,7.50,82.90,0.14,1,13.13,41.19,77.75,1,-11,17,-2,-1,STAT,60,LAT,LON,W,CRC
07/22/25 13:32:56,14.54,145.50,15.08,5.91,3.87,545.57,13.80,81.10,990.00,3.87,6.91,6.98,81.10,0.17,1,13.13,41.68,74.54,1,-13,17,-2,-2,STAT,60,LAT,LON,W,CRC
07/22/25 13:33:58,14.56,147.84,15.80,6.99,2.22,545.40,13.80,81.00,990.00,3.65,6.55,7.24,30.00,0.15,1,13.13,43.16,75.46,1,-12,17,-2,-2,STAT,60,LAT,LON,W,CRC
07/22/25 13:35:00,14.58,151.64,18.01,5.80,4.36,545.14,13.80,81.10,990.00,3.69,6.51,6.81,11.80,0.16,1,13.13,44.60,73.25,1,-13,15,-2,-1,STAT,60,LAT,LON,W,CRC
07/22/25 13:35:56,14.60,151.17,18.12,6.74,3.26,545.05,13.80,81.10,990.00,3.66,6.77,7.52,1.40,0.20,1,13.13,45.31,73.02,1,-13,15,-2,-1,STAT,60,LAT,LON,W,CRC
07/22/25 13:36:58,14.60,146.52,17.26,7.07,4.78,545.02,13.80,81.10,990.00,4.03,6.92,7.18,334.80,0.30,1,13.13,47.38,72.60,1,-11,15,-2,-1,STAT,60,LAT,LON,W,CRC
07/22/25 13:38:00,14.61,148.45,17.01,7.55,4.25,545.51,13.80,81.10,990.00,3.72,7.33,7.64,325.60,0.28,1,13.13,48.71,72.37,1,-9,16,-2,-1,STAT,60,LAT,LON,W,CRC
07/22/25 13:38:58,14.61,153.38,17.19,7.25,3.76,545.81,13.80,81.10,990.00,3.90,6.41,6.87,324.50,0.43,1,13.13,50.42,74.16,1,-10,17,-2,-1,STAT,60,LAT,LON,W,CRC
07/22/25 13:40:00,14.61,153.76,16.92,6.81,3.30,545.93,13.80,80.90,990.00,4.07,6.98,7.82,330.80,0.36,1,13.13,51.28,72.59,1,-10,16,-1,-2,STAT,60,LAT,LON,W,CRC
07/22/25 13:41:01,14.61,158.33,14.71,7.11,3.67,545.98,13.80,80.80,990.00,4.10,7.43,8.02,345.90,0.22,1,13.13,51.84,72.05,1,-11,17,-2,-1,STAT,60,LAT,LON,W,CRC
07/22/25 13:41:58,14.61,159.13,14.38,7.14,3.21,546.28,13.80,81.20,990.00,4.41,7.45,8.19,330.80,0.27,1,13.13,53.90,78.43,1,-10,17,-2,-1,STAT,60,LAT,LON,W,CRC
07/22/25 13:43:00,14.61,159.89,14.92,7.25,4.85,547.40,13.80,81.20,990.00,4.32,7.45,8.17,312.00,0.24,1,13.13,54.57,75.16,1,-11,17,-2,-1,STAT,60,LAT,LON,W,CRC
07/22/25 13:43:57,14.61,162.70,16.87,6.51,4.99,548.95,13.80,81.20,990.00,3.77,7.14,8.13,311.60,0.25,1,13.13,55.40,90.47,1,-12,15,-2,-1,STAT,60,LAT,LON,W,CRC
07/22/25 13:44:59,14.61,158.38,16.19,6.35,4.74,550.86,13.80,80.80,990.00,3.57,7.37,7.92,9.10,0.15,1,13.13,55.05,78.22,1,-12,16,-2,-1,STAT,60,LAT,LON,W,CRC
07/22/25 13:46:01,14.65,158.12,17.66,6.33,4.32,552.05,13.80,81.10,990.00,3.56,6.90,7.30,341.10,0.17,1,13.13,55.84,76.90,1,-11,16,-2,-1,STAT,60,LAT,LON,W,CRC
07/22/25 13:46:58,14.67,154.74,18.78,7.54,2.50,552.64,13.80,81.20,990.00,3.91,7.73,8.17,330.90,0.20,1,13.13,57.97,74.36,1,-11,14,-1,-1,STAT,60,LAT,LON,W,CRC
07/22/25 13:48:00,14.69,152.74,17.63,6.08,5.06,552.52,13.90,80.80,990.00,4.03,7.40,7.85,21.90,0.15,1,13.13,60.03,73.14,1,-12,15,-2,-1,STAT,60,LAT,LON,W,CRC
07/22/25 13:48:56,14.70,157.10,15.48,6.69,3.55,552.20,13.90,81.10,990.00,3.91,8.64,9.17,357.40,0.16,1,13.13,61.06,72.98,1,-14,17,-2,-2,STAT,60,LAT,LON,W,CRC
07/22/25 13:49:58,14.70,158.59,15.65,6.85,2.68,552.07,13.90,81.20,990.00,4.05,8.18,8.37,314.60,0.32,1,13.13,60.70,72.33,1,-13,16,-2,-1,STAT,60,LAT,LON,W,CRC
07/22/25 13:51:00,14.71,155.88,17.61,5.81,4.98,551.99,13.90,81.20,990.00,4.21,7.97,8.48,308.50,0.37,1,13.13,60.84,77.04,1,-11,16,-3,-1,STAT,60,LAT,LON,W,CRC
07/22/25 13:51:58,14.71,156.26,18.56,6.00,4.63,551.17,13.90,81.50,990.00,4.32,7.94,8.20,311.50,0.46,1,13.13,61.81,76.69,1,-13,16,-2,-1,STAT,60,LAT,LON,W,CRC
07/22/25 13:53:00,14.71,154.97,16.13,5.70,5.80,548.24,14.00,81.30,990.00,4.02,7.67,7.99,323.20,0.37,1,13.13,64.30,76.97,1,-12,17,-3,-1,STAT,60,LAT,LON,W,CRC
07/22/25 13:53:57,14.71,152.97,15.28,7.06,3.41,547.35,14.00,81.40,990.00,3.64,7.15,7.26,327.50,0.44,1,13.13,64.89,78.10,1,-11,17,-2,-2,STAT,60,LAT,LON,W,CRC
07/22/25 13:54:59,14.71,152.78,15.39,6.53,4.51,547.77,13.90,81.30,990.00,3.96,7.76,7.93,328.80,0.44,1,13.13,66.21,77.31,1,-11,17,-2,-1,STAT,60,LAT,LON,W,CRC
07/22/25 13:56:01,14.75,148.67,15.89,7.18,2.84,547.92,13.90,81.50,990.00,4.28,8.05,8.84,328.70,0.38,1,13.13,68.21,82.08,1,-9,17,-2,-2,STAT,60,LAT,LON,W,CRC
07/22/25 13:56:59,14.78,149.31,17.54,6.75,3.18,547.68,13.90,81.40,990.00,3.93,7.85,8.32,327.10,0.35,1,13.13,68.91,85.86,1,-9,16,-1,-2,STAT,60,LAT,LON,W,CRC
07/22/25 13:58:01,14.80,149.11,17.97,5.71,5.34,545.36,14.00,81.20,990.00,4.33,8.84,9.55,344.20,0.18,1,13.13,69.41,76.82,1,-10,17,-3,-2,STAT,60,LAT,LON,W,CRC
07/22/25 13:59:00,14.80,153.92,17.72,6.64,4.66,542.40,14.00,81.40,990.00,4.22,8.88,9.20,346.70,0.20,1,13.13,69.72,82.43,1,-13,16,-2,-2,STAT,60,LAT,LON,W,CRC
07/22/25 14:00:03,14.80,150.14,16.99,7.70,2.09,539.24,14.10,80.90,990.00,4.51,8.99,9.10,342.00,0.28,1,13.13,71.32,84.46,1,-11,16,-2,-2,STAT,60,LAT,LON,W,CRC
07/22/25 14:01:00,14.80,156.02,18.42,7.24,3.19,536.74,14.10,80.80,990.00,4.80,8.70,9.05,335.90,0.27,1,13.13,71.58,86.30,1,-13,16,-1,-2,STAT,60,LAT,LON,W,CRC
07/22/25 14:02:02,14.82,152.96,18.14,6.66,4.37,535.00,14.10,80.80,990.00,4.56,8.90,9.61,329.90,0.29,1,13.13,72.76,81.70,1,-10,16,-1,-1,STAT,60,LAT,LON,W,CRC
07/22/25 14:03:03,14.86,153.31,16.34,7.77,1.93,533.70,14.10,80.80,990.00,4.39,9.07,9.46,346.10,0.30,1,13.13,73.66,78.49,1,-11,17,-1,-2,STAT,60,LAT,LON,W,CRC
07/22/25 14:04:00,14.89,156.54,18.83,7.01,3.88,533.27,14.20,81.00,990.00,4.32,7.97,8.10,352.80,0.28,1,13.13,74.14,80.35,1,-11,16,-2,-2,STAT,60,LAT,LON,W,CRC
07/22/25 14:05:03,14.90,160.77,19.46,6.85,3.96,533.10,14.20,80.60,990.00,4.28,7.83,8.36,350.60,0.21,1,13.13,75.72,91.21,1,-13,16,-3,-2,STAT,60,LAT,LON,W,CRC
07/22/25 14:06:01,14.90,158.28,17.18,6.21,5.50,533.04,14.20,80.80,990.00,4.33,8.02,8.77,339.60,0.29,1,13.13,77.21,79.50,1,-13,16,-3,-1,STAT,60,LAT,LON,W,CRC
07/22/25 14:07:03,14.91,153.27,16.05,6.38,4.80,532.66,14.30,81.00,990.00,4.61,8.11,8.49,333.60,0.25,1,13.13,77.55,75.16,1,-10,19,-3,-2,STAT,60,LAT,LON,W,CRC
07/22/25 14:08:00,14.95,156.11,13.93,6.76,4.54,532.25,14.30,81.40,990.00,4.27,7.59,8.06,343.30,0.26,1,13.13,78.83,74.29,1,-10,18,-2,-2,STAT,60,LAT,LON,W,CRC
07/22/25 14:09:02,14.98,155.82,14.19,6.67,4.34,532.79,14.40,81.80,990.00,4.85,8.16,8.40,321.40,0.23,1,13.13,80.01,75.43,1,-11,18,-3,-2,STAT,60,LAT,LON,W,CRC
07/22/25 14:10:04,15.00,167.73,15.14,6.96,4.41,534.08,14.40,81.30,990.00,4.83,8.62,8.81,48.10,0.09,1,13.13,80.46,73.54,1,-12,19,-3,-1,STAT,60,LAT,LON,W,CRC
07/22/25 14:11:01,15.00,216.16,14.80,7.21,3.68,535.42,14.50,81.40,990.00,4.18,8.03,8.93,94.30,0.13,1,13.16,81.68,76.78,1,-11,18,-3,-2,STAT,60,LAT,LON,W,CRC
07/22/25 14:12:03,15.04,229.02,15.58,7.50,4.26,536.28,14.50,81.20,990.00,4.59,8.56,9.39,347.30,0.06,1,13.16,83.25,79.55,1,-10,18,-2,-2,STAT,60,LAT,LON,W,CRC
07/22/25 14:12:59,15.08,229.09,13.81,7.43,5.62,536.72,14.50,81.20,990.00,4.56,8.49,9.07,290.60,0.16,1,13.13,84.02,81.91,1,-11,20,-2,-1,STAT,60,LAT,LON,W,CRC
07/22/25 14:14:01,15.09,210.93,15.02,6.97,5.55,536.55,14.60,81.60,990.00,4.35,8.90,9.39,114.20,0.19,1,13.16,85.33,86.25,1,-12,19,-2,-2,STAT,60,LAT,LON,W,CRC
07/22/25 14:15:03,15.13,186.91,15.07,6.46,6.33,534.53,14.80,81.50,990.00,4.28,8.90,9.59,103.50,0.18,1,13.16,86.22,80.64,1,-12,18,-3,-2,STAT,60,LAT,LON,W,CRC
07/22/25 14:16:00,15.17,181.40,15.63,6.33,5.31,531.27,15.00,81.20,990.00,4.38,8.54,9.01,58.70,0.07,1,13.16,87.57,80.06,1,-13,19,-4,-2,STAT,60,LAT,LON,W,CRC
07/22/25 14:17:02,15.19,182.13,15.28,6.10,4.74,528.74,15.20,80.60,990.00,4.13,8.23,8.96,311.10,0.16,1,13.16,88.83,83.93,1,-15,19,-3,-3,STAT,60,LAT,LON,W,CRC
07/22/25 14:18:03,15.26,172.21,16.36,6.15,4.53,528.12,15.30,80.10,990.00,4.25,8.10,8.50,309.00,0.23,1,13.16,89.76,75.43,1,-14,19,-3,-3,STAT,60,LAT,LON,W,CRC
07/22/25 14:19:02,15.30,165.15,14.71,5.80,5.80,528.04,15.40,79.90,990.00,4.17,8.11,8.72,332.90,0.17,1,13.16,90.86,74.94,1,-12,20,-4,-3,STAT,60,LAT,LON,W,CRC
07/22/25 14:20:04,15.36,251.84,12.74,6.13,6.64,528.18,15.70,79.50,990.00,4.12,7.93,8.34,339.40,0.11,1,13.16,92.42,81.50,1,-12,21,-4,-3,STAT,60,LAT,LON,W,CRC
07/22/25 14:21:01,15.42,389.30,13.39,6.67,6.07,529.72,15.90,78.80,990.00,4.53,8.04,8.40,301.10,0.19,1,13.16,93.19,77.52,1,-10,20,-4,-3,STAT,60,LAT,LON,W,CRC
07/22/25 14:22:04,15.47,273.46,14.91,6.85,5.07,530.55,16.00,78.10,990.00,4.47,8.14,8.45,303.50,0.24,1,13.16,93.60,74.27,1,-9,19,-4,-3,STAT,60,LAT,LON,W,CRC
07/22/25 14:23:06,15.55,208.21,13.47,5.97,6.05,530.00,16.20,77.40,990.00,4.35,8.19,9.09,315.30,0.18,1,13.16,94.84,72.05,1,-9,21,-4,-3,STAT,60,LAT,LON,W,CRC
07/22/25 14:24:03,15.61,184.41,14.15,7.54,6.85,529.89,16.40,78.60,990.00,4.16,7.74,8.37,72.90,0.12,1,13.16,96.17,72.13,1,-9,21,-4,-4,STAT,60,LAT,LON,W,CRC
07/22/25 14:25:05,15.69,178.32,15.56,6.71,5.71,529.34,16.70,83.80,990.00,3.61,7.84,8.34,81.70,0.08,1,13.16,96.48,73.65,1,-10,20,-5,-4,STAT,60,LAT,LON,W,CRC
07/22/25 14:26:02,15.75,175.72,15.18,6.52,5.30,529.05,16.80,77.70,990.00,4.21,7.98,8.88,78.40,0.12,1,13.16,97.68,75.18,1,-12,21,-4,-4,STAT,60,LAT,LON,W,CRC
07/22/25 14:27:03,15.84,175.21,12.37,6.74,5.78,528.02,17.10,74.90,990.00,4.03,7.92,8.93,344.40,0.10,1,13.16,98.90,74.79,1,-12,23,-4,-4,STAT,60,LAT,LON,W,CRC
07/22/25 14:28:04,15.93,179.54,16.57,4.84,5.81,527.01,17.30,73.20,990.00,4.23,8.11,8.85,298.20,0.21,1,13.16,99.55,76.94,1,-12,22,-4,-3,STAT,60,LAT,LON,W,CRC
07/22/25 14:29:06,16.02,183.12,18.47,4.09,5.67,524.88,17.50,72.20,990.00,4.47,9.26,9.78,289.70,0.24,1,13.16,99.87,83.13,1,-14,22,-4,-4,STAT,60,LAT,LON,W,CRC
07/22/25 14:30:02,16.10,182.13,18.37,4.59,3.87,523.27,17.80,72.40,990.00,4.37,8.53,9.00,293.70,0.23,1,13.16,101.89,75.56,1,-13,21,-3,-5,STAT,60,LAT,LON,W,CRC
07/22/25 14:31:04,16.19,221.80,16.46,5.43,3.93,522.45,17.90,71.00,990.00,4.30,7.89,8.23,305.20,0.25,1,13.16,105.01,79.18,1,-13,22,-4,-4,STAT,60,LAT,LON,W,CRC
07/22/25 14:32:05,16.28,233.53,15.11,5.06,2.83,522.16,18.00,70.80,990.00,4.44,8.04,8.20,313.10,0.25,1,13.16,110.36,79.00,1,-10,23,-4,-5,STAT,60,LAT,LON,W,CRC
07/22/25 14:33:02,16.36,261.25,12.35,5.49,4.52,522.06,18.10,70.70,990.00,4.43,7.88,8.16,346.40,0.19,1,13.16,115.83,73.49,1,-11,24,-4,-5,STAT,60,LAT,LON,W,CRC
07/22/25 14:34:04,16.45,355.53,13.28,5.28,6.83,521.44,18.30,69.90,990.00,4.08,7.52,7.69,357.40,0.17,1,13.16,122.00,78.15,1,-7,24,-5,-5,STAT,60,LAT,LON,W,CRC
07/22/25 14:35:06,16.54,279.90,15.07,6.40,5.46,521.15,18.50,69.70,990.00,4.50,8.48,8.92,1.80,0.12,1,13.16,129.34,73.90,1,-8,23,-5,-5,STAT,60,LAT,LON,W,CRC
07/22/25 14:36:02,16.63,234.54,16.19,5.24,3.58,520.40,18.80,68.60,990.00,4.96,9.25,9.88,319.30,0.14,1,13.20,136.27,71.89,1,-10,24,-5,-6,STAT,60,LAT,LON,W,CRC
07/22/25 14:37:03,16.72,206.38,15.36,4.94,4.50,519.00,18.80,68.00,990.00,4.88,9.40,10.40,309.40,0.26,1,13.20,143.54,75.16,1,-10,25,-5,-4,STAT,60,LAT,LON,W,CRC
07/22/25 14:38:04,16.82,192.36,15.56,5.57,3.84,518.35,18.90,67.50,990.00,4.56,8.20,8.76,315.50,0.26,1,13.20,151.17,74.25,1,-10,25,-5,-5,STAT,60,LAT,LON,W,CRC
07/22/25 14:39:02,16.91,189.79,18.69,4.10,3.56,518.13,18.80,66.80,990.00,4.37,7.66,8.81,302.50,0.50,1,13.20,158.46,79.37,1,-10,24,-6,-5,STAT,60,LAT,LON,W,CRC
07/22/25 14:40:04,17.01,187.50,18.76,4.24,3.44,518.38,18.80,67.10,990.00,4.24,7.42,7.92,298.10,0.57,1,13.20,165.64,84.20,1,-9,25,-6,-5,STAT,60,LAT,LON,W,CRC
07/22/25 14:41:05,17.10,190.64,18.09,3.20,5.24,519.24,18.80,65.80,990.00,4.17,7.69,8.01,302.20,0.69,1,13.20,173.51,77.88,1,-10,27,-6,-4,STAT,60,LAT,LON,W,CRC
07/22/25 14:42:02,17.19,192.01,18.53,2.74,5.57,518.99,18.70,66.70,990.00,4.39,7.69,8.31,299.20,0.80,1,13.20,180.41,73.51,1,-12,26,-6,-5,STAT,60,LAT,LON,W,CRC
07/22/25 14:43:04,17.29,177.30,16.97,3.25,5.47,518.35,18.70,66.60,990.00,4.63,8.50,9.02,303.10,0.74,1,13.20,188.29,71.60,1,-9,26,-6,-5,STAT,60,LAT,LON,W,CRC
07/22/25 14:44:06,17.38,180.28,16.89,3.77,4.07,517.54,18.70,66.50,990.00,4.69,8.51,9.27,299.60,0.81,1,13.24,195.92,70.95,1,-10,27,-5,-5,STAT,60,LAT,LON,W,CRC
07/22/25 14:45:04,17.46,181.40,17.77,3.27,3.37,517.21,18.80,65.80,990.00,4.64,8.54,8.80,295.80,0.81,1,13.20,202.89,72.72,1,-11,27,-6,-5,STAT,60,LAT,LON,W,CRC
07/22/25 14:46:07,17.54,182.59,19.20,3.30,4.41,516.72,18.80,65.80,990.00,4.97,8.70,9.20,298.40,0.74,1,13.20,210.61,77.22,1,-11,26,-6,-4,STAT,60,LAT,LON,W,CRC
07/22/25 14:47:03,17.61,178.04,18.87,3.83,2.25,515.01,18.90,65.40,990.00,4.37,8.01,8.28,299.00,0.67,1,13.24,217.25,75.44,1,-10,28,-5,-5,STAT,60,LAT,LON,W,CRC
07/22/25 14:48:06,17.70,174.17,16.99,3.55,4.22,512.56,19.00,65.60,990.00,4.57,8.46,9.21,306.10,0.49,1,13.24,225.13,74.63,1,-10,28,-5,-5,STAT,60,LAT,LON,W,CRC
07/22/25 14:49:03,17.78,169.36,13.69,4.95,4.70,511.60,19.30,65.70,990.00,4.45,8.85,9.71,310.70,0.26,1,13.24,232.73,71.94,1,-9,29,-6,-6,STAT,60,LAT,LON,W,CRC
07/22/25 14:50:04,17.87,165.86,16.46,5.01,4.84,511.21,19.40,64.30,990.00,4.32,8.12,8.78,318.40,0.24,1,13.24,240.18,71.37,1,-5,29,-7,-5,STAT,60,LAT,LON,W,CRC
07/22/25 14:51:07,17.96,171.43,19.23,3.30,3.96,510.49,19.50,64.50,990.00,4.60,7.88,8.15,308.20,0.29,1,13.24,246.60,76.77,1,-6,29,-6,-5,STAT,60,LAT,LON,W,CRC
07/22/25 14:52:05,18.05,172.90,19.77,2.83,3.18,509.61,19.60,65.00,990.00,4.68,8.63,8.89,302.10,0.28,1,13.27,251.88,84.21,1,-8,29,-6,-5,STAT,60,LAT,LON,W,CRC
07/22/25 14:53:06,18.14,169.04,18.88,3.43,3.47,509.05,19.80,65.30,990.00,4.61,8.62,9.36,300.20,0.18,1,13.27,257.62,77.12,1,-7,29,-6,-6,STAT,60,LAT,LON,W,CRC
07/22/25 14:54:08,18.23,173.95,19.36,3.40,3.24,508.02,19.80,64.60,990.00,4.34,7.75,8.43,291.00,0.44,1,13.27,264.08,84.20,1,-7,30,-6,-5,STAT,60,LAT,LON,W,CRC
07/22/25 14:55:04,18.30,172.64,17.38,4.03,2.33,507.39,19.70,64.60,990.00,4.26,7.81,8.09,298.00,0.57,1,13.27,270.11,84.53,1,-7,31,-5,-5,STAT,60,LAT,LON,W,CRC
07/22/25 14:56:06,18.39,174.54,16.19,2.39,2.81,508.19,19.50,63.30,990.00,4.49,8.08,8.17,301.20,0.82,1,13.27,276.35,76.54,1,-7,33,-6,-5,STAT,60,LAT,LON,W,CRC
07/22/25 14:57:08,18.48,172.43,16.78,2.78,2.76,509.33,19.50,63.80,990.00,4.72,8.25,8.33,300.10,0.80,1,13.27,281.42,72.12,1,-7,32,-7,-4,STAT,60,LAT,LON,W,CRC
07/22/25 14:58:04,18.56,163.82,17.20,2.75,3.78,509.74,19.50,64.20,990.00,4.15,8.33,8.66,303.50,0.59,1,13.27,285.93,70.70,1,-5,32,-6,-4,STAT,60,LAT,LON,W,CRC
07/22/25 14:59:07,18.64,162.08,19.59,2.11,4.10,509.91,19.80,62.40,990.00,4.59,8.44,8.75,318.80,0.33,1,13.27,290.33,81.34,1,-4,31,-5,-4,STAT,60,LAT,LON,W,CRC
07/22/25 15:00:08,18.73,170.29,16.18,3.65,7.52,509.22,19.90,62.70,990.00,4.81,8.44,9.04,39.60,0.15,1,13.27,292.93,77.59,1,-5,33,-6,-4,STAT,60,LAT,LON,W,CRC
07/22/25 15:01:05,18.80,245.03,19.87,4.13,5.46,507.39,20.10,62.00,990.00,4.94,8.78,9.46,345.70,0.11,1,13.27,295.41,72.54,1,-3,33,-5,-4,STAT,60,LAT,LON,W,CRC
07/22/25 15:02:08,18.89,216.53,20.96,2.71,4.33,503.54,20.20,61.40,990.00,5.12,9.34,10.11,326.20,0.25,1,13.27,296.65,79.95,1,-7,31,-6,-5,STAT,60,LAT,LON,W,CRC
07/22/25 15:03:04,18.97,197.04,21.80,3.23,2.94,498.63,20.20,62.90,990.00,5.14,9.66,10.10,69.10,0.10,1,13.27,299.80,81.17,1,-7,32,-4,-5,STAT,60,LAT,LON,W,CRC
07/22/25 15:04:06,19.06,180.71,16.81,3.74,5.74,493.54,20.40,61.30,990.00,5.10,9.14,10.15,60.50,0.09,1,13.31,303.58,82.94,1,-6,33,-4,-5,STAT,60,LAT,LON,W,CRC
07/22/25 15:05:08,19.16,178.63,19.64,1.19,4.33,490.21,20.70,61.10,990.00,5.11,9.23,9.63,109.40,0.14,1,13.31,308.06,79.06,1,-5,35,-5,-5,STAT,60,LAT,LON,W,CRC
07/22/25 15:06:05,19.25,192.98,19.82,2.17,4.35,487.88,20.70,61.70,990.00,4.99,8.37,8.62,97.40,0.22,1,13.31,313.92,81.50,1,-6,34,-6,-5,STAT,60,LAT,LON,W,CRC
07/22/25 15:07:06,19.34,175.90,20.20,1.09,4.67,486.26,20.80,59.00,990.00,4.66,8.19,8.33,293.10,0.35,1,13.31,321.43,74.37,1,-4,35,-6,-5,STAT,60,LAT,LON,W,CRC
07/22/25 15:08:08,19.43,172.05,20.85,0.56,4.61,483.77,20.70,58.60,990.00,5.40,9.50,9.73,290.70,0.70,1,13.31,327.99,70.80,1,-4,36,-6,-5,STAT,60,LAT,LON,W,CRC
07/22/25 15:09:05,19.51,167.18,22.18,0.52,5.76,480.91,20.80,58.60,990.00,5.44,9.24,9.93,288.30,0.72,1,13.31,330.92,69.66,1,-5,35,-6,-4,STAT,60,LAT,LON,W,CRC
07/22/25 15:10:07,19.58,156.78,21.25,0.73,6.21,478.86,20.80,59.40,990.00,5.45,9.21,9.45,287.90,0.83,1,13.31,333.96,69.60,1,-2,35,-5,-4,STAT,60,LAT,LON,W,CRC
07/22/25 15:11:05,19.66,147.49,20.24,0.63,6.75,477.81,20.60,59.20,990.00,5.06,8.79,9.02,300.70,0.60,1,13.31,335.00,70.91,1,0,35,-6,-4,STAT,60,LAT,LON,W,CRC
07/22/25 15:12:09,19.74,143.80,17.73,1.26,7.42,477.83,20.90,59.50,990.00,5.13,9.67,10.00,317.90,0.29,1,13.31,332.14,76.50,1,0,37,-6,-4,STAT,60,LAT,LON,W,CRC
07/22/25 15:13:11,19.81,143.45,21.57,1.24,6.13,478.56,20.90,58.60,990.00,5.22,9.44,9.60,312.00,0.33,1,13.31,327.95,82.10,1,0,37,-6,-3,STAT,60,LAT,LON,W,CRC
07/22/25 15:14:07,19.88,146.00,20.29,1.88,6.24,479.12,21.10,58.90,990.00,5.57,9.38,9.66,298.40,0.27,1,13.31,329.80,83.79,1,0,37,-5,-4,STAT,60,LAT,LON,W,CRC
07/22/25 15:15:09,19.96,142.65,21.41,1.05,5.23,479.69,21.00,58.40,990.00,5.55,9.22,9.44,294.10,0.55,1,13.31,334.26,77.48,1,0,37,-5,-4,STAT,60,LAT,LON,W,CRC
07/22/25 15:16:10,20.04,148.43,22.86,1.29,3.90,479.89,20.90,58.40,990.00,5.37,8.66,9.12,292.80,0.84,1,13.31,340.41,72.33,1,-1,37,-5,-4,STAT,60,LAT,LON,W,CRC
07/22/25 15:17:07,20.09,141.14,21.10,0.87,4.38,479.96,20.60,58.60,990.00,5.52,8.77,8.96,296.90,0.96,1,13.31,349.76,70.45,1,1,38,-5,-4,STAT,60,LAT,LON,W,CRC
07/22/25 15:18:09,20.17,139.24,17.51,2.11,4.32,479.99,20.60,59.00,990.00,5.73,9.05,9.15,306.10,0.51,1,13.31,363.12,70.81,1,0,40,-4,-4,STAT,60,LAT,LON,W,CRC
07/22/25 15:19:11,20.23,136.43,20.24,0.87,4.73,479.99,20.60,58.00,990.00,5.29,9.06,9.10,296.90,0.68,1,13.31,377.88,78.71,1,1,40,-4,-4,STAT,60,LAT,LON,W,CRC
07/22/25 15:20:08,20.28,137.81,21.51,0.64,5.34,479.45,20.70,58.10,990.00,4.85,8.88,8.89,289.90,0.74,1,13.34,387.53,73.74,1,0,41,-4,-3,STAT,60,LAT,LON,W,CRC
07/22/25 15:21:10,20.35,133.23,22.00,0.75,4.82,479.16,20.50,58.30,990.00,5.12,8.68,8.89,293.90,0.85,1,13.34,393.97,74.00,1,2,39,-4,-3,STAT,60,LAT,LON,W,CRC
07/22/25 15:22:12,20.40,129.51,21.87,1.65,2.75,479.06,20.40,58.10,990.00,5.06,8.89,9.20,296.90,0.75,1,13.34,400.73,70.26,1,2,40,-3,-4,STAT,60,LAT,LON,W,CRC
07/22/25 15:23:08,20.47,128.34,21.81,1.76,3.45,479.02,20.70,58.30,990.00,4.81,8.96,9.06,287.00,0.83,1,13.34,408.19,69.30,1,2,40,-4,-3,STAT,60,LAT,LON,W,CRC
07/22/25 15:24:10,20.51,123.77,22.38,1.68,3.98,479.01,20.50,57.90,990.00,5.13,9.30,9.34,291.10,0.88,1,13.34,414.16,72.66,1,4,40,-4,-3,STAT,60,LAT,LON,W,CRC
07/22/25 15:25:07,20.57,126.79,20.78,1.92,4.04,479.00,20.90,58.00,990.00,5.50,9.88,10.23,276.20,0.75,1,13.34,423.44,74.58,1,2,41,-4,-3,STAT,60,LAT,LON,W,CRC
07/22/25 15:26:09,20.61,128.62,22.17,1.33,5.20,479.00,21.20,57.80,990.00,5.07,9.23,9.81,266.70,0.65,1,13.34,435.75,73.04,1,2,41,-4,-2,STAT,60,LAT,LON,W,CRC
07/22/25 15:27:11,20.67,127.63,22.42,1.44,5.34,479.00,21.50,58.20,990.00,5.34,9.00,10.10,263.30,0.57,1,13.34,447.87,72.51,1,2,41,-4,-2,STAT,60,LAT,LON,W,CRC
07/22/25 15:28:08,20.71,130.93,21.58,0.81,5.66,479.00,21.70,58.40,990.00,4.91,8.91,9.41,261.20,0.56,1,13.34,455.48,70.50,1,1,43,-4,-3,STAT,60,LAT,LON,W,CRC
07/22/25 15:29:10,20.77,127.75,20.68,1.32,4.66,479.41,21.80,58.90,990.00,5.10,9.47,9.64,266.10,0.37,1,13.34,463.54,69.87,1,2,44,-4,-3,STAT,60,LAT,LON,W,CRC
07/22/25 15:30:11,20.81,151.78,20.96,0.27,7.06,480.17,22.00,58.70,990.00,5.35,10.02,10.30,264.80,0.47,1,13.34,471.43,71.85,1,0,44,-5,-2,STAT,60,LAT,LON,W,CRC
07/22/25 15:31:08,20.87,142.55,19.81,0.97,7.22,480.75,22.10,59.20,990.00,5.29,10.08,10.50,262.80,0.39,1,13.34,475.72,69.62,1,1,43,-5,-3,STAT,60,LAT,LON,W,CRC
07/22/25 15:32:10,20.90,128.92,20.49,1.11,7.97,480.41,21.90,57.70,990.00,5.89,10.62,11.17,292.20,0.49,1,13.34,486.75,73.16,1,4,44,-4,-2,STAT,60,LAT,LON,W,CRC
07/22/25 15:33:11,20.96,120.69,20.77,0.37,8.10,480.28,22.00,57.40,990.00,5.50,9.78,10.20,280.10,0.45,1,13.38,505.52,72.97,1,5,44,-4,-2,STAT,60,LAT,LON,W,CRC
07/22/25 15:34:08,21.00,120.34,20.81,0.52,8.28,480.11,22.30,57.40,990.00,5.32,8.92,9.56,266.00,0.50,1,13.38,523.64,70.38,1,5,44,-4,-2,STAT,60,LAT,LON,W,CRC
07/22/25 15:35:10,21.06,131.82,21.14,0.97,7.04,479.64,22.40,57.40,990.00,5.45,9.50,9.72,261.70,0.47,1,13.38,540.51,71.57,1,1,44,-3,-3,STAT,60,LAT,LON,W,CRC
07/22/25 15:36:11,21.09,131.26,21.70,0.86,6.49,479.23,22.60,57.30,990.00,4.83,9.27,9.82,261.10,0.54,1,13.38,553.69,69.84,1,2,44,-3,-3,STAT,60,LAT,LON,W,CRC
07/22/25 15:37:08,21.15,130.70,22.40,1.81,6.06,479.09,22.70,57.50,990.00,5.30,9.40,9.97,269.20,0.51,1,13.38,566.99,69.42,1,2,45,-4,-2,STAT,60,LAT,LON,W,CRC
07/22/25 15:38:11,21.19,128.36,20.26,2.18,5.45,479.03,22.80,57.10,990.00,5.67,9.93,10.37,271.20,0.39,1,13.38,584.00,72.57,1,2,46,-4,-2,STAT,60,LAT,LON,W,CRC
07/22/25 15:39:07,21.25,123.65,20.65,1.55,6.39,478.56,22.80,57.00,990.00,5.28,9.99,10.22,299.00,0.26,1,13.38,606.94,72.73,1,3,46,-4,-1,STAT,60,LAT,LON,W,CRC
07/22/25 15:40:09,21.29,130.58,21.57,1.05,6.77,478.20,22.70,56.50,990.00,5.43,9.88,10.56,285.80,0.45,1,13.38,626.59,69.92,1,3,47,-4,-2,STAT,60,LAT,LON,W,CRC
07/22/25 15:41:11,21.36,133.71,22.05,1.81,6.36,478.07,22.60,56.50,990.00,5.24,9.91,10.18,285.10,0.48,1,13.38,641.82,70.78,1,3,47,-4,-2,STAT,60,LAT,LON,W,CRC
07/22/25 15:42:08,21.41,129.65,20.41,2.87,5.88,477.06,22.80,57.40,990.00,5.81,9.98,10.87,278.10,0.22,1,13.38,653.09,69.86,1,4,47,-3,-2,STAT,60,LAT,LON,W,CRC
07/22/25 15:43:09,21.47,120.95,20.72,2.19,8.21,475.11,22.80,56.50,990.00,5.49,10.16,10.61,285.30,0.34,1,13.41,665.37,73.28,1,6,48,-4,-2,STAT,60,LAT,LON,W,CRC
07/22/25 15:44:11,21.54,125.41,21.79,2.23,6.18,474.39,23.00,56.50,990.00,5.35,9.92,10.18,287.10,0.30,1,13.38,676.79,74.59,1,5,48,-4,-2,STAT,60,LAT,LON,W,CRC
07/22/25 15:45:09,21.61,122.86,19.56,2.62,8.61,474.50,22.90,56.40,990.00,5.06,9.39,9.57,303.90,0.32,1,13.41,687.02,75.82,1,6,49,-4,-1,STAT,60,LAT,LON,W,CRC
07/22/25 15:46:11,21.67,122.77,22.26,1.06,7.94,474.60,22.60,55.70,990.00,5.02,8.66,8.91,291.40,0.65,1,13.41,698.68,79.13,1,6,50,-4,-2,STAT,60,LAT,LON,W,CRC
07/22/25 15:47:12,21.75,131.42,22.93,0.63,7.71,473.86,22.70,55.70,990.00,5.25,8.91,9.26,287.40,0.65,1,13.41,708.40,72.73,1,4,49,-4,-2,STAT,60,LAT,LON,W,CRC
07/22/25 15:48:08,21.81,120.72,20.90,0.87,8.58,472.79,22.70,56.10,990.00,5.76,9.23,10.11,291.00,0.63,1,13.41,718.30,70.07,1,6,50,-4,-1,STAT,60,LAT,LON,W,CRC
07/22/25 15:49:11,21.87,120.55,21.03,1.70,7.35,471.66,22.70,55.90,990.00,5.68,9.16,9.74,294.80,0.50,1,13.41,729.96,69.46,1,6,50,-4,-1,STAT,60,LAT,LON,W,CRC
07/22/25 15:50:13,21.95,123.40,19.27,2.13,9.37,470.34,22.70,58.20,990.00,5.46,9.13,9.41,335.50,0.15,1,13.41,740.72,75.10,1,5,50,-4,-1,STAT,60,LAT,LON,W,CRC
07/22/25 15:51:10,22.02,125.86,21.08,1.58,9.89,469.22,22.40,56.00,990.00,4.82,8.97,9.45,118.50,0.74,1,13.41,751.20,76.52,1,6,52,-5,-2,STAT,60,LAT,LON,W,CRC
07/22/25 15:52:12,22.08,119.12,19.91,1.44,9.63,467.89,22.60,56.30,990.00,5.16,9.35,9.81,168.40,0.12,1,13.41,762.93,73.67,1,8,52,-6,-2,STAT,60,LAT,LON,W,CRC
07/22/25 15:53:09,22.15,119.35,22.09,1.26,11.09,466.37,22.40,55.90,990.00,5.48,10.23,10.38,120.10,0.75,1,13.41,773.87,77.65,1,7,52,-4,-1,STAT,60,LAT,LON,W,CRC
07/22/25 15:54:10,22.23,123.50,20.75,1.18,12.11,465.48,22.20,56.70,990.00,5.42,9.12,9.51,119.90,1.07,1,13.41,785.94,78.40,1,7,53,-3,-1,STAT,60,LAT,LON,W,CRC
07/22/25 15:55:12,22.27,124.39,21.75,1.28,12.53,464.24,22.10,57.10,990.00,5.49,9.65,10.05,120.40,1.17,1,13.41,797.02,72.12,1,5,53,-3,-1,STAT,60,LAT,LON,W,CRC
07/22/25 15:56:09,22.34,118.64,19.72,1.94,12.62,463.39,22.30,57.50,990.00,5.60,9.65,9.93,120.90,0.51,1,13.41,807.72,78.57,1,5,54,-3,0,STAT,60,LAT,LON,W,CRC
07/22/25 15:57:11,22.38,109.07,20.73,0.65,13.52,462.71,22.40,57.10,990.00,6.01,9.73,10.00,69.40,0.07,1,13.41,818.85,74.54,1,8,54,-3,0,STAT,60,LAT,LON,W,CRC
07/22/25 15:58:14,22.45,120.27,21.40,0.74,12.09,462.25,22.40,57.00,990.00,6.00,10.01,10.28,115.90,0.41,1,13.41,830.75,73.97,1,5,54,-4,-1,STAT,60,LAT,LON,W,CRC
07/22/25 15:59:10,22.49,120.51,21.02,0.36,11.61,461.48,22.60,57.70,990.00,5.76,10.12,10.22,125.80,0.31,1,13.41,840.93,77.18,1,6,54,-3,-1,STAT,60,LAT,LON,W,CRC
07/22/25 16:00:12,22.56,123.34,22.24,0.78,12.40,461.01,22.70,57.20,990.00,6.20,10.98,11.20,128.00,0.51,1,13.41,852.56,81.37,1,5,55,-3,-1,STAT,60,LAT,LON,W,CRC
07/22/25 16:01:13,22.62,129.58,21.60,0.19,14.82,460.39,22.30,56.50,990.00,5.98,11.18,11.67,119.40,1.09,1,13.45,863.75,75.50,1,4,55,-4,0,STAT,60,LAT,LON,W,CRC
07/22/25 16:02:10,22.66,127.74,19.97,-0.19,15.22,459.69,22.50,57.60,990.00,5.64,9.41,9.73,125.70,0.54,1,13.45,865.01,71.06,1,4,56,-3,0,STAT,60,LAT,LON,W,CRC
07/22/25 16:03:12,22.72,119.62,21.44,0.72,13.14,459.16,22.70,56.70,990.00,5.74,9.68,9.81,131.50,0.44,1,13.41,842.50,68.79,1,6,55,-3,0,STAT,60,LAT,LON,W,CRC
07/22/25 16:04:13,22.77,133.08,22.61,0.83,13.54,459.14,22.90,57.10,990.00,6.11,10.10,10.53,128.20,0.20,1,13.41,807.75,68.67,1,5,55,-2,-1,STAT,60,LAT,LON,W,CRC
07/22/25 16:05:12,22.83,136.82,21.63,0.73,13.91,459.74,22.60,56.60,990.00,6.08,10.10,10.67,117.30,0.84,1,13.38,690.74,70.66,1,5,56,-3,-1,STAT,60,LAT,LON,W,CRC
07/22/25 16:06:13,22.87,135.99,21.90,0.23,16.08,459.81,22.50,56.40,990.00,6.04,9.99,10.74,123.50,1.15,1,13.34,509.33,69.27,1,6,56,-3,0,STAT,60,LAT,LON,W,CRC
07/22/25 16:07:15,22.93,141.42,21.24,0.29,16.57,459.64,22.60,56.90,990.00,6.72,10.41,10.95,130.90,0.71,1,13.31,341.07,76.67,1,5,56,-2,0,STAT,60,LAT,LON,W,CRC
07/22/25 16:08:11,22.97,138.43,21.18,0.45,15.56,459.24,22.80,56.50,990.00,6.63,10.08,10.36,129.10,0.46,1,13.31,248.90,79.84,1,6,57,-2,0,STAT,60,LAT,LON,W,CRC
07/22/25 16:09:13,22.99,130.78,21.19,1.05,16.69,458.06,22.70,56.70,990.00,6.25,9.28,9.43,123.30,0.87,1,13.31,211.23,73.40,1,6,56,-3,0,STAT,60,LAT,LON,W,CRC
07/22/25 16:10:15,23.05,116.62,22.70,0.78,15.87,456.88,22.40,55.90,990.00,5.84,9.99,10.60,118.80,1.10,1,13.27,200.86,70.04,1,8,55,-3,0,STAT,60,LAT,LON,W,CRC
07/22/25 16:11:17,23.08,119.27,21.40,0.74,16.01,455.05,22.50,56.50,990.00,5.63,9.35,9.75,119.00,0.89,1,13.27,199.04,77.05,1,6,55,-3,0,STAT,60,LAT,LON,W,CRC
07/22/25 16:12:13,23.10,126.11,22.02,-0.14,16.49,454.00,22.80,57.30,990.00,6.20,9.81,10.02,125.30,0.39,1,13.27,199.58,75.86,1,4,57,-3,0,STAT,60,LAT,LON,W,CRC
07/22/25 16:13:11,23.15,123.60,19.77,0.54,15.30,453.38,23.20,56.30,990.00,6.11,10.03,10.25,242.20,0.21,1,13.27,199.87,80.90,1,4,58,-2,0,STAT,60,LAT,LON,W,CRC
07/22/25 16:14:13,23.18,131.90,20.37,0.73,14.30,453.13,23.20,56.40,990.00,6.01,9.48,9.89,151.10,0.33,1,13.27,199.96,83.91,1,3,59,-2,0,STAT,60,LAT,LON,W,CRC
07/22/25 16:15:14,23.20,130.72,20.59,0.71,14.90,453.05,23.20,55.70,990.00,6.02,9.77,10.03,135.50,0.42,1,13.27,201.41,76.28,1,5,59,-1,0,STAT,60,LAT,LON,W,CRC
07/22/25 16:16:16,23.26,137.54,23.60,0.40,17.06,452.86,22.80,54.50,990.00,6.24,10.32,10.63,120.90,1.08,1,13.27,202.18,71.54,1,4,58,-2,0,STAT,60,LAT,LON,W,CRC
07/22/25 16:17:13,23.28,144.66,24.06,0.16,19.22,452.18,22.60,55.10,990.00,6.17,10.24,10.52,117.00,1.14,1,13.27,202.60,73.22,1,3,57,-2,1,STAT,60,LAT,LON,W,CRC
07/22/25 16:18:16,23.29,137.04,21.80,-0.73,20.55,451.50,22.40,54.90,989.00,5.88,10.17,10.77,121.90,1.26,1,13.27,203.05,75.81,1,6,59,-2,1,STAT,60,LAT,LON,W,CRC
07/22/25 16:19:12,23.33,134.39,22.59,-0.45,20.70,450.58,22.30,54.60,989.00,6.19,10.43,10.85,125.30,1.74,1,13.27,208.39,71.08,1,4,57,-2,1,STAT,60,LAT,LON,W,CRC
07/22/25 16:20:14,23.36,119.22,22.02,-0.85,23.18,450.66,22.20,56.20,989.00,6.72,10.71,11.02,126.20,1.22,1,13.27,228.98,77.90,1,4,56,-3,2,STAT,60,LAT,LON,W,CRC
07/22/25 16:21:15,23.38,110.12,21.94,0.06,22.80,450.15,22.50,57.40,990.00,6.28,10.32,10.85,126.10,0.76,1,13.31,280.32,73.52,1,4,56,-2,2,STAT,60,LAT,LON,W,CRC
07/22/25 16:22:12,23.39,128.62,20.88,0.76,21.39,449.97,22.80,56.60,990.00,6.61,10.40,10.76,125.50,0.73,1,13.34,345.73,70.84,1,6,57,-2,2,STAT,60,LAT,LON,W,CRC
07/22/25 16:23:14,23.39,126.06,18.74,0.39,19.53,449.34,23.00,56.00,989.00,6.27,9.94,10.15,265.90,0.37,1,13.34,426.15,69.58,1,6,59,-1,0,STAT,60,LAT,LON,W,CRC
07/22/25 16:24:16,23.39,119.94,19.81,0.65,18.52,449.12,22.90,55.70,989.00,6.38,9.80,10.02,280.60,1.22,1,13.38,509.36,78.25,1,7,58,-1,1,STAT,60,LAT,LON,W,CRC
07/22/25 16:25:15,23.39,114.16,20.22,1.68,19.04,449.05,22.70,56.20,989.00,6.30,10.35,10.48,283.70,1.39,1,13.38,485.74,75.82,1,8,58,-1,1,STAT,60,LAT,LON,W,CRC
07/22/25 16:26:12,23.39,106.07,19.39,1.70,19.11,448.66,22.40,56.20,989.00,6.14,10.53,10.91,112.60,0.67,1,13.34,435.21,73.07,1,10,59,0,1,STAT,60,LAT,LON,W,CRC
07/22/25 16:27:14,23.39,110.37,19.91,0.46,20.07,448.23,22.90,56.40,989.00,6.44,11.05,11.32,123.60,0.25,1,13.34,405.93,70.84,1,5,58,-1,2,STAT,60,LAT,LON,W,CRC
07/22/25 16:28:15,23.39,120.82,19.81,0.04,20.06,448.44,23.10,55.70,989.00,6.25,10.01,10.20,133.10,0.26,1,13.34,424.88,69.50,1,3,58,-2,2,STAT,60,LAT,LON,W,CRC
07/22/25 16:29:12,23.39,127.04,16.44,0.97,19.33,448.78,23.20,56.00,989.00,6.05,10.52,10.59,197.60,0.05,1,13.38,488.05,69.40,1,1,60,-2,1,STAT,60,LAT,LON,W,CRC
07/22/25 16:30:14,23.39,131.75,19.14,1.41,16.56,449.22,23.60,55.70,989.00,6.15,11.01,11.04,270.20,0.40,1,13.41,538.45,70.12,1,2,60,-2,0,STAT,60,LAT,LON,W,CRC
07/22/25 16:31:17,23.39,133.71,19.08,1.26,18.03,449.72,23.70,56.50,989.00,6.22,10.48,10.61,246.40,0.17,1,13.41,602.14,77.62,1,4,60,-2,0,STAT,60,LAT,LON,W,CRC
07/22/25 16:32:13,23.45,138.90,20.32,-0.72,19.95,449.73,23.70,54.50,989.00,6.43,10.45,10.70,270.10,0.57,1,13.41,638.16,73.82,1,4,61,-2,0,STAT,60,LAT,LON,W,CRC
07/22/25 16:33:15,23.47,127.41,21.66,-0.94,22.54,448.72,23.60,55.30,989.00,6.88,10.49,10.70,251.90,0.09,1,13.45,693.94,70.81,1,8,59,-2,1,STAT,60,LAT,LON,W,CRC
07/22/25 16:34:17,23.49,109.33,21.11,0.17,22.90,447.45,23.30,54.80,989.00,6.47,10.78,11.22,138.40,0.44,1,13.52,962.26,71.35,1,12,59,-1,2,STAT,60,LAT,LON,W,CRC
07/22/25 16:35:13,23.50,113.39,19.58,0.02,23.63,446.55,23.20,56.30,989.00,6.14,9.96,11.13,129.90,0.49,1,13.55,1152.07,69.41,1,5,59,-1,2,STAT,60,LAT,LON,W,CRC
07/22/25 16:36:15,23.55,123.00,19.23,0.79,21.05,446.20,23.20,56.60,989.00,6.24,10.43,11.07,130.70,0.35,1,13.55,1221.91,68.60,1,1,60,-2,2,STAT,60,LAT,LON,W,CRC
07/22/25 16:37:17,23.58,122.11,20.87,0.76,20.57,446.07,23.20,55.70,989.00,6.01,10.83,11.07,132.70,0.35,1,13.59,1249.06,71.62,1,2,60,-2,1,STAT,60,LAT,LON,W,CRC
07/22/25 16:38:14,23.61,122.03,18.72,0.60,22.41,446.03,23.20,55.70,989.00,6.10,10.23,10.32,124.20,0.17,1,13.59,1263.07,75.76,1,2,62,-1,2,STAT,60,LAT,LON,W,CRC
07/22/25 16:39:17,23.66,121.81,17.93,0.46,24.47,446.01,23.20,56.10,989.00,6.27,10.40,10.67,121.20,0.43,1,13.66,1273.18,72.87,1,3,61,-2,2,STAT,60,LAT,LON,W,CRC
07/22/25 16:40:14,23.68,119.10,20.01,0.17,22.92,446.00,23.00,55.50,989.00,5.77,9.84,10.38,114.00,0.73,1,13.73,1279.81,69.50,1,3,61,-2,1,STAT,60,LAT,LON,W,CRC
07/22/25 16:41:15,23.74,126.69,19.65,0.84,21.65,445.84,23.20,56.30,989.00,6.21,10.38,10.89,119.90,0.37,1,13.87,1281.31,68.00,1,2,62,-2,1,STAT,60,LAT,LON,W,CRC
07/22/25 16:42:17,23.77,126.97,17.31,2.31,21.66,446.03,23.30,56.80,989.00,6.42,10.39,11.04,130.80,0.22,1,13.98,1014.21,67.55,1,3,63,-1,1,STAT,60,LAT,LON,W,CRC
07/22/25 16:43:14,23.82,124.86,20.70,0.08,22.54,446.47,23.30,54.20,989.00,6.16,10.11,10.61,132.30,0.52,1,14.02,652.70,66.02,1,5,63,-1,1,STAT,60,LAT,LON,W,CRC
07/22/25 16:44:16,23.87,133.57,18.08,-0.02,21.83,446.16,23.50,54.80,989.00,6.34,11.23,11.43,146.00,0.09,1,14.02,383.96,68.36,1,0,65,-1,1,STAT,60,LAT,LON,W,CRC
07/22/25 16:45:14,23.91,128.63,19.99,-0.85,21.87,446.21,23.80,53.80,989.00,5.97,10.12,10.45,268.10,0.47,1,13.77,120.49,71.89,1,2,64,-1,0,STAT,60,LAT,LON,W,CRC
07/22/25 16:46:15,23.96,119.94,19.75,-0.71,21.45,446.07,24.00,54.10,989.00,5.62,9.18,9.39,239.20,0.20,1,13.98,277.33,75.15,1,4,65,-1,0,STAT,60,LAT,LON,W,CRC
07/22/25 16:47:16,24.01,130.26,19.22,-0.03,21.48,446.03,24.10,55.00,989.00,5.81,10.07,10.54,230.80,0.16,1,13.80,86.53,70.77,1,2,66,-2,0,STAT,60,LAT,LON,W,CRC
07/22/25 16:48:19,24.06,133.70,18.73,-0.04,21.54,446.01,24.30,54.00,989.00,5.84,10.11,10.58,209.00,0.03,1,13.70,24.44,68.60,1,2,67,-2,1,STAT,60,LAT,LON,W,CRC
07/22/25 16:49:15,24.11,126.39,18.53,-0.23,21.62,445.84,24.40,53.20,989.00,6.46,9.66,10.05,249.80,0.02,1,13.87,172.77,69.81,1,4,70,-1,1,STAT,60,LAT,LON,W,CRC
07/22/25 16:50:18,24.17,117.66,18.79,-0.71,23.12,445.30,24.20,51.90,989.00,6.65,10.68,10.99,122.80,0.53,1,13.77,48.79,69.21,1,6,69,-2,1,STAT,60,LAT,LON,W,CRC
07/22/25 16:51:15,24.21,102.65,18.48,-0.50,23.14,445.11,24.30,53.30,989.00,6.34,10.41,10.83,135.30,0.28,1,13.95,216.22,76.64,1,9,68,-1,1,STAT,60,LAT,LON,W,CRC
07/22/25 16:52:17,24.26,96.94,19.87,-0.66,23.44,445.04,24.50,51.90,989.00,5.83,10.11,10.52,242.80,0.28,1,13.84,85.79,80.69,1,9,68,-1,1,STAT,60,LAT,LON,W,CRC
07/22/25 16:53:18,24.30,104.88,18.57,-0.94,22.52,445.01,24.70,51.70,989.00,6.02,9.55,9.87,262.00,0.59,1,13.73,24.23,75.93,1,7,70,-2,1,STAT,60,LAT,LON,W,CRC
07/22/25 16:54:15,24.36,109.72,18.59,-1.19,22.40,444.60,24.80,52.50,989.00,5.84,10.04,10.76,258.70,0.43,1,13.98,253.71,70.31,1,6,71,-2,1,STAT,60,LAT,LON,W,CRC
07/22/25 16:55:17,24.38,114.48,19.77,-0.80,21.00,444.21,24.90,52.00,989.00,6.44,9.86,10.34,251.80,0.30,1,13.84,81.78,67.77,1,5,71,-1,0,STAT,60,LAT,LON,W,CRC
07/22/25 16:56:19,24.44,106.23,19.95,-0.76,23.43,444.07,25.00,51.50,989.00,6.25,9.86,10.15,258.90,0.41,1,13.73,23.10,69.23,1,8,71,-2,1,STAT,60,LAT,LON,W,CRC
07/22/25 16:57:16,24.47,85.86,20.20,-0.26,21.47,443.75,25.00,52.20,989.00,6.15,10.77,10.87,234.50,0.16,1,13.98,253.42,68.32,1,15,71,-1,1,STAT,60,LAT,LON,W,CRC
07/22/25 16:58:19,24.51,102.37,20.54,-0.90,23.76,444.16,25.00,52.20,989.00,6.01,10.54,10.94,155.00,0.12,1,13.84,81.19,70.89,1,5,71,-2,2,STAT,60,LAT,LON,W,CRC
07/22/25 16:59:15,24.56,101.99,17.75,-0.46,23.09,444.18,24.80,51.00,989.00,6.32,10.04,10.49,122.10,0.40,1,13.73,25.48,71.46,1,6,72,-1,2,STAT,60,LAT,LON,W,CRC
07/22/25 17:00:17,24.59,107.03,19.15,-1.09,23.10,444.06,25.00,51.40,989.00,6.37,9.91,10.25,160.90,0.16,1,13.98,247.89,78.38,1,6,73,-1,2,STAT,60,LAT,LON,W,CRC
07/22/25 17:01:18,24.66,78.48,19.82,-1.38,22.81,444.02,24.90,50.90,989.00,5.94,9.32,9.44,103.20,0.07,1,13.84,70.01,75.78,1,18,73,-1,1,STAT,60,LAT,LON,W,CRC
07/22/25 17:02:15,24.68,59.75,16.87,-0.47,24.35,443.47,24.90,52.50,989.00,5.78,9.54,9.96,174.40,0.03,1,13.73,21.97,71.80,1,21,73,0,2,STAT,60,LAT,LON,W,CRC
07/22/25 17:03:16,24.69,67.73,17.86,1.28,23.48,442.99,25.00,51.60,989.00,5.71,9.59,9.90,143.70,0.31,1,13.98,220.44,68.31,1,17,73,0,2,STAT,60,LAT,LON,W,CRC
07/22/25 17:04:19,24.75,109.71,17.57,0.25,24.19,443.00,25.00,52.00,989.00,6.02,10.33,10.67,147.90,0.31,1,13.80,62.26,74.64,1,2,74,-1,3,STAT,60,LAT,LON,W,CRC
07/22/25 17:05:16,24.78,122.11,20.53,-1.02,24.25,443.00,24.80,50.40,989.00,5.85,9.86,10.19,119.10,0.69,1,13.73,19.54,79.98,1,0,75,-2,3,STAT,60,LAT,LON,W,CRC
07/22/25 17:06:18,24.84,134.13,21.94,-1.38,24.37,443.08,24.40,50.00,989.00,5.98,9.83,10.07,127.90,1.05,1,13.98,182.82,84.17,1,-1,75,-1,2,STAT,60,LAT,LON,W,CRC
07/22/25 17:07:20,24.88,128.78,20.34,-1.61,25.17,443.41,24.70,50.30,989.00,5.89,9.67,10.14,131.40,0.73,1,13.84,51.63,82.20,1,-2,76,-2,3,STAT,60,LAT,LON,W,CRC
07/22/25 17:08:16,24.91,122.72,20.69,-2.09,25.84,443.16,24.50,49.90,989.00,5.78,9.58,9.81,121.90,1.02,1,13.77,16.20,76.11,1,0,76,-1,3,STAT,60,LAT,LON,W,CRC
07/22/25 17:09:18,24.97,117.99,18.63,-0.89,23.01,443.06,24.60,50.60,989.00,5.78,9.90,9.98,132.90,0.61,1,13.98,271.98,69.49,1,1,77,-1,2,STAT,60,LAT,LON,W,CRC
07/22/25 17:10:20,24.99,107.37,18.23,-0.36,21.61,443.02,24.70,50.40,989.00,6.22,10.61,10.81,124.90,0.47,1,13.84,87.04,67.25,1,4,78,-1,1,STAT,60,LAT,LON,W,CRC
07/22/25 17:11:18,25.05,97.94,17.38,-0.49,20.74,443.01,24.90,49.90,989.00,5.81,9.46,9.91,275.90,0.50,1,13.73,27.31,68.30,1,8,80,-1,1,STAT,60,LAT,LON,W,CRC
07/22/25 17:12:19,25.08,104.36,18.29,-1.86,21.58,442.61,25.00,50.00,989.00,5.72,9.89,10.31,277.40,1.06,1,13.98,232.95,66.79,1,8,80,-2,1,STAT,60,LAT,LON,W,CRC
07/22/25 17:13:16,25.13,99.68,17.85,-0.95,20.90,442.24,25.10,50.30,989.00,5.64,9.88,10.21,273.20,0.91,1,13.84,81.76,74.27,1,10,80,0,0,STAT,60,LAT,LON,W,CRC
07/22/25 17:14:18,25.17,106.95,16.94,-0.89,21.20,442.08,25.30,52.30,989.00,6.31,10.26,10.70,269.80,0.44,1,13.77,23.09,83.55,1,6,81,-1,1,STAT,60,LAT,LON,W,CRC
07/22/25 17:15:20,25.20,110.06,19.67,-1.48,22.31,442.03,25.40,50.80,989.00,5.92,9.70,10.07,274.10,0.33,1,13.95,235.30,84.03,1,6,81,-2,1,STAT,60,LAT,LON,W,CRC
07/22/25 17:16:16,25.26,103.93,16.75,-1.58,23.23,441.47,25.50,50.40,989.00,5.20,9.07,9.54,261.10,0.16,1,13.87,102.46,74.35,1,9,83,-2,1,STAT,60,LAT,LON,W,CRC
07/22/25 17:17:17,25.29,113.86,18.87,-1.17,21.98,441.16,25.60,50.80,989.00,5.56,9.09,9.44,143.20,0.21,1,13.77,28.94,70.49,1,7,83,-2,1,STAT,60,LAT,LON,W,CRC
07/22/25 17:18:17,25.36,105.45,20.09,-2.59,24.10,440.57,25.50,48.90,989.00,5.91,9.32,9.45,163.70,0.30,1,13.84,172.63,72.45,1,9,83,-1,2,STAT,60,LAT,LON,W,CRC
07/22/25 17:19:19,25.40,104.54,19.42,-2.10,25.14,440.20,25.70,49.60,989.00,5.71,9.70,9.94,193.40,0.11,1,13.87,108.20,68.36,1,8,83,-1,2,STAT,60,LAT,LON,W,CRC
07/22/25 17:20:20,25.47,87.56,19.34,-1.59,24.44,440.07,25.70,48.80,989.00,5.95,10.24,10.43,248.60,0.15,1,13.77,30.56,67.52,1,16,83,0,2,STAT,60,LAT,LON,W,CRC
07/22/25 17:21:17,25.49,69.64,17.91,-2.00,25.25,439.41,25.80,48.20,989.00,6.03,10.39,10.72,260.50,0.41,1,13.70,9.59,67.12,1,19,85,0,3,STAT,60,LAT,LON,W,CRC
07/22/25 17:22:19,25.56,103.81,18.74,-1.59,24.01,439.14,26.00,48.70,989.00,6.46,9.72,10.28,264.20,0.63,1,13.87,79.51,66.78,1,14,86,-1,2,STAT,60,LAT,LON,W,CRC
07/22/25 17:23:21,25.59,147.02,19.56,-2.59,25.27,439.05,25.70,48.40,989.00,6.71,9.69,10.23,151.10,0.40,1,13.77,22.45,66.63,1,7,87,-1,2,STAT,60,LAT,LON,W,CRC
07/22/25 17:24:19,25.65,127.31,21.62,-3.10,26.47,439.02,25.00,47.50,989.00,6.85,10.04,10.36,122.50,1.92,1,13.70,7.05,75.80,1,6,85,-2,4,STAT,60,LAT,LON,W,CRC
07/22/25 17:25:20,25.69,106.23,18.77,-2.58,27.87,438.85,24.80,48.30,989.00,6.99,10.33,10.44,127.10,1.48,1,13.87,115.37,72.41,1,2,86,0,5,STAT,60,LAT,LON,W,CRC
07/22/25 17:26:22,25.71,82.54,14.17,-0.31,28.58,438.38,24.80,49.70,989.00,6.37,9.45,9.49,124.40,0.75,1,13.77,32.59,67.73,1,5,86,0,5,STAT,60,LAT,LON,W,CRC
07/22/25 17:27:18,25.77,80.13,16.57,-0.88,25.78,439.98,25.30,49.30,989.00,6.48,9.64,9.81,178.90,0.11,1,13.70,10.23,66.65,1,14,88,0,3,STAT,60,LAT,LON,W,CRC
07/22/25 17:28:20,25.79,83.94,21.53,-1.99,24.53,441.78,24.90,49.40,989.00,6.36,9.62,9.76,124.60,0.84,1,13.87,151.25,65.89,1,16,88,0,3,STAT,60,LAT,LON,W,CRC
07/22/25 17:29:22,25.83,79.03,20.67,-2.18,25.40,440.85,24.90,49.50,989.00,6.49,10.21,10.36,127.70,0.56,1,13.77,42.72,65.94,1,17,86,0,3,STAT,60,LAT,LON,W,CRC
07/22/25 17:30:19,25.87,73.56,20.34,-1.48,24.57,439.13,25.20,49.90,989.00,6.32,10.60,11.00,174.60,0.17,1,13.73,13.40,66.61,1,11,85,0,3,STAT,60,LAT,LON,W,CRC
07/22/25 17:31:18,25.90,66.93,19.91,-1.34,25.48,438.43,25.40,50.10,989.00,5.97,10.14,10.31,247.30,0.14,1,13.91,127.20,73.48,1,13,86,0,3,STAT,60,LAT,LON,W,CRC
07/22/25 17:32:20,25.91,59.47,19.03,-1.25,26.85,438.12,25.60,50.90,989.00,5.96,9.96,10.13,209.00,0.07,1,13.80,35.93,68.36,1,17,86,0,3,STAT,60,LAT,LON,W,CRC
07/22/25 17:33:21,25.94,76.31,39.28,1.46,23.79,437.58,25.70,49.50,989.00,6.52,10.08,10.21,242.80,0.15,1,13.73,10.15,76.03,1,18,87,0,3,STAT,60,LAT,LON,W,CRC
07/22/25 17:34:23,25.99,111.75,34.77,0.21,27.54,437.85,25.60,48.20,989.00,6.62,10.52,10.77,144.40,0.64,1,13.91,174.33,79.77,1,14,88,0,4,STAT,60,LAT,LON,W,CRC
07/22/25 17:35:19,26.00,101.28,25.45,-1.29,30.61,437.94,25.50,49.00,989.00,6.75,10.82,11.01,121.70,1.01,1,13.80,54.71,81.11,1,12,87,0,5,STAT,60,LAT,LON,W,CRC
07/22/25 17:36:21,26.01,106.29,22.15,-1.42,29.38,437.48,25.00,47.80,989.00,6.05,10.13,11.01,119.90,1.08,1,13.73,15.45,74.15,1,6,88,1,6,STAT,60,LAT,LON,W,CRC
07/22/25 17:37:18,26.05,116.51,18.01,-1.55,28.70,437.18,25.40,48.70,989.00,5.94,9.56,9.97,126.10,0.58,1,13.95,275.09,76.16,1,3,90,1,5,STAT,60,LAT,LON,W,CRC
07/22/25 17:38:21,26.09,114.00,18.89,-2.04,28.67,436.67,25.30,48.50,989.00,6.07,10.04,10.28,125.00,0.86,1,13.80,77.69,71.32,1,7,89,0,4,STAT,60,LAT,LON,W,CRC
07/22/25 17:39:22,26.11,119.57,18.94,-2.25,29.37,436.33,25.00,48.60,989.00,6.63,10.10,10.27,124.50,1.25,1,13.73,21.94,77.94,1,5,88,1,5,STAT,60,LAT,LON,W,CRC
07/22/25 17:40:19,26.11,114.78,16.60,-1.79,30.13,436.13,25.30,49.50,989.00,6.76,10.65,10.78,134.50,0.48,1,13.98,239.10,80.55,1,4,90,0,5,STAT,60,LAT,LON,W,CRC
07/22/25 17:41:20,26.16,109.44,17.01,-2.04,28.88,436.04,25.50,49.30,989.00,6.67,10.40,10.67,151.70,0.24,1,13.84,67.53,81.39,1,6,90,1,4,STAT,60,LAT,LON,W,CRC
07/22/25 17:42:22,26.20,103.60,18.57,-1.80,28.12,436.47,25.70,48.70,989.00,6.22,10.31,10.50,150.00,0.26,1,13.73,19.07,73.03,1,9,90,0,4,STAT,60,LAT,LON,W,CRC
07/22/25 17:43:24,26.21,92.16,17.33,-0.83,28.01,436.81,25.30,49.10,989.00,5.83,9.78,10.26,115.40,1.09,1,13.98,183.28,73.20,1,13,91,0,4,STAT,60,LAT,LON,W,CRC
07/22/25 17:44:21,26.22,108.96,18.28,-1.80,27.93,436.43,25.20,48.60,989.00,5.87,9.88,10.30,127.40,0.56,1,13.84,57.52,76.98,1,7,91,1,4,STAT,60,LAT,LON,W,CRC
07/22/25 17:45:23,26.24,106.21,17.18,-1.61,27.10,436.15,25.50,48.20,989.00,6.07,9.56,10.13,168.50,0.10,1,13.73,16.24,80.83,1,7,91,1,4,STAT,60,LAT,LON,W,CRC
07/22/25 17:46:19,26.28,91.87,16.87,-1.77,28.09,436.06,25.50,48.70,989.00,6.44,10.23,10.42,112.60,0.69,1,13.95,240.52,75.49,1,12,92,1,4,STAT,60,LAT,LON,W,CRC
07/22/25 17:47:21,26.31,103.39,18.97,-1.85,28.92,436.02,25.00,47.40,988.00,6.33,10.09,10.16,109.70,1.44,1,13.84,93.22,70.50,1,8,89,0,4,STAT,60,LAT,LON,W,CRC
07/22/25 17:48:23,26.32,109.09,18.62,-2.01,30.52,435.55,25.00,48.90,989.00,6.60,10.31,10.54,109.80,1.22,1,13.77,26.33,67.77,1,5,90,0,5,STAT,60,LAT,LON,W,CRC
07/22/25 17:49:20,26.32,111.78,18.86,-2.07,29.79,434.92,24.90,47.50,989.00,6.30,9.98,10.11,109.70,1.15,1,13.70,8.26,69.64,1,4,90,0,5,STAT,60,LAT,LON,W,CRC
07/22/25 17:50:22,26.35,113.12,16.12,-1.44,28.08,434.40,25.10,47.90,989.00,6.15,11.03,11.50,110.50,0.61,1,13.87,80.71,69.70,1,4,93,0,4,STAT,60,LAT,LON,W,CRC
07/22/25 17:51:20,26.39,114.06,16.88,-2.69,27.03,434.15,25.20,47.30,989.00,6.01,10.22,10.38,122.70,0.48,1,13.77,25.33,77.77,1,5,95,0,4,STAT,60,LAT,LON,W,CRC
07/22/25 17:52:22,26.41,130.26,16.66,-3.92,28.17,433.51,25.60,46.40,988.00,6.43,10.31,10.69,246.00,0.39,1,13.80,179.73,80.79,1,0,96,1,4,STAT,60,LAT,LON,W,CRC
07/22/25 17:53:23,26.44,122.74,16.19,-3.19,28.97,433.18,25.70,46.90,989.00,6.68,10.76,10.95,284.40,0.29,1,13.87,115.37,81.23,1,2,97,0,4,STAT,60,LAT,LON,W,CRC
07/22/25 17:54:20,26.49,116.34,17.56,-2.79,27.61,433.07,25.50,46.70,988.00,6.11,9.92,10.09,292.10,0.80,1,13.77,36.20,82.32,1,5,97,0,4,STAT,60,LAT,LON,W,CRC
07/22/25 17:55:21,26.51,98.69,17.50,-2.25,27.78,433.02,25.40,46.30,988.00,6.29,10.00,10.41,71.80,0.14,1,13.70,10.22,74.01,1,10,97,0,4,STAT,60,LAT,LON,W,CRC
07/22/25 17:56:23,26.57,104.80,15.38,-2.08,27.99,433.01,25.70,48.20,988.00,6.36,9.95,10.21,106.20,0.08,1,13.87,138.32,68.10,1,6,98,0,4,STAT,60,LAT,LON,W,CRC
07/22/25 17:57:21,26.60,96.62,16.74,-0.93,25.60,433.00,25.70,48.20,988.00,5.95,9.89,9.98,77.90,0.29,1,13.77,43.41,68.76,1,8,100,0,3,STAT,60,LAT,LON,W,CRC
07/22/25 17:58:22,26.67,121.36,19.15,-3.28,28.65,432.92,25.70,46.40,988.00,6.48,10.39,10.42,120.10,0.52,1,13.70,12.26,77.13,1,2,99,0,4,STAT,60,LAT,LON,W,CRC
07/22/25 17:59:24,26.72,114.37,18.22,-3.60,29.36,432.68,25.70,46.30,988.00,5.61,8.88,9.26,122.50,0.59,1,13.87,137.19,69.49,1,2,99,0,4,STAT,60,LAT,LON,W,CRC
07/22/25 18:00:25,26.79,110.42,18.27,-4.26,27.59,432.89,25.90,46.20,988.00,5.84,9.34,9.47,125.70,0.56,1,13.77,38.75,67.60,1,3,102,0,3,STAT,60,LAT,LON,W,CRC
07/22/25 18:01:22,26.85,100.84,17.65,-3.88,28.87,432.96,25.60,45.90,988.00,6.20,9.99,10.17,117.40,1.20,1,13.70,12.16,69.90,1,6,102,0,4,STAT,60,LAT,LON,W,CRC
07/22/25 18:02:24,26.90,99.08,18.56,-3.24,30.26,432.98,25.70,47.30,988.00,6.10,10.20,10.55,103.30,0.95,1,13.91,131.86,67.92,1,4,100,0,5,STAT,60,LAT,LON,W,CRC
07/22/25 18:03:21,26.96,86.39,22.24,-3.91,29.30,432.99,25.30,44.90,988.00,6.48,11.09,11.21,116.60,1.58,1,13.80,41.38,66.93,1,8,99,0,5,STAT,60,LAT,LON,W,CRC
07/22/25 18:04:25,27.01,80.09,20.20,-5.05,33.37,433.00,25.20,45.60,988.00,6.89,11.41,11.84,114.20,1.81,1,13.73,11.69,71.48,1,9,99,1,6,STAT,60,LAT,LON,W,CRC
07/22/25 18:05:21,27.04,67.60,18.94,-4.69,34.69,433.00,25.20,45.60,988.00,6.98,11.43,11.93,122.70,1.36,1,13.91,176.97,74.12,1,10,100,1,7,STAT,60,LAT,LON,W,CRC
07/22/25 18:06:22,27.10,55.72,17.66,-3.84,33.99,433.00,25.60,46.40,988.00,6.72,10.94,11.13,131.80,0.57,1,13.80,49.98,79.31,1,11,100,2,6,STAT,60,LAT,LON,W,CRC
07/22/25 18:07:24,27.12,48.35,13.73,-2.32,32.78,432.77,25.70,46.00,988.00,6.36,10.48,10.66,116.20,0.46,1,13.73,14.12,77.39,1,14,102,2,6,STAT,60,LAT,LON,W,CRC
07/22/25 18:08:25,27.13,58.09,18.23,-3.30,29.80,432.27,25.90,47.00,988.00,6.58,10.65,10.81,150.90,0.14,1,13.95,159.63,73.53,1,15,102,0,5,STAT,60,LAT,LON,W,CRC
07/22/25 18:09:22,27.17,70.13,17.64,-3.51,29.74,432.10,26.10,46.50,988.00,6.82,11.47,11.52,167.30,0.05,1,13.84,50.09,68.31,1,14,102,0,4,STAT,60,LAT,LON,W,CRC
07/22/25 18:10:24,27.22,77.67,17.40,-3.85,30.46,432.04,26.40,45.60,988.00,6.27,10.69,10.89,262.30,0.07,1,13.73,14.15,68.56,1,12,103,0,4,STAT,60,LAT,LON,W,CRC
07/22/25 18:11:22,27.23,65.53,14.92,-4.07,31.67,432.01,26.50,45.40,988.00,6.56,10.71,10.78,192.60,0.12,1,13.98,247.62,70.79,1,16,105,1,5,STAT,60,LAT,LON,W,CRC
07/22/25 18:12:23,27.24,65.80,11.45,-1.25,30.42,432.00,26.60,45.50,988.00,6.77,11.41,11.54,184.50,0.17,1,13.84,69.93,72.82,1,15,106,0,5,STAT,60,LAT,LON,W,CRC
07/22/25 18:13:24,27.28,79.41,14.30,-0.94,30.50,431.65,26.80,44.40,988.00,6.34,10.44,10.70,267.20,0.29,1,13.73,19.75,69.48,1,13,106,0,5,STAT,60,LAT,LON,W,CRC
07/22/25 18:14:26,27.32,99.79,17.01,-2.71,27.06,431.23,26.80,44.30,988.00,6.25,10.55,10.78,276.80,0.63,1,13.98,269.07,69.90,1,8,108,0,4,STAT,60,LAT,LON,W,CRC
07/22/25 18:15:23,27.34,110.14,15.94,-3.83,29.11,431.09,26.70,43.60,988.00,6.38,10.77,10.85,291.80,0.82,1,13.84,84.44,67.67,1,4,108,1,5,STAT,60,LAT,LON,W,CRC
07/22/25 18:16:25,27.40,105.28,13.18,-2.70,29.68,431.03,26.80,45.00,988.00,6.27,11.18,11.61,293.40,0.33,1,13.73,23.85,74.36,1,5,109,2,5,STAT,60,LAT,LON,W,CRC
07/22/25 18:17:22,27.43,106.57,13.67,-2.64,29.11,431.01,26.90,46.20,988.00,6.43,11.05,11.37,165.60,0.09,1,13.98,284.00,80.05,1,8,110,0,4,STAT,60,LAT,LON,W,CRC
07/22/25 18:18:24,27.50,112.25,17.35,-3.87,30.42,431.00,26.70,44.70,988.00,6.90,11.85,12.18,137.60,0.58,1,13.84,89.93,71.62,1,7,110,0,5,STAT,60,LAT,LON,W,CRC
07/22/25 18:19:26,27.53,108.79,17.75,-3.72,31.78,431.00,27.00,44.80,988.00,7.15,11.21,11.42,141.20,0.38,1,13.77,25.40,68.35,1,5,110,1,5,STAT,60,LAT,LON,W,CRC
07/22/25 18:20:22,27.60,78.86,18.44,-3.75,33.01,431.00,26.80,45.10,988.00,6.83,11.15,11.34,135.60,0.78,1,13.70,7.97,67.67,1,12,108,1,6,STAT,60,LAT,LON,W,CRC
07/22/25 18:21:24,27.64,77.94,19.03,-4.17,33.67,431.00,26.70,43.50,988.00,6.62,11.54,11.79,128.60,0.89,1,13.87,76.26,66.87,1,8,108,1,7,STAT,60,LAT,LON,W,CRC
07/22/25 18:22:26,27.70,72.01,18.10,-3.67,34.91,431.00,26.90,43.80,988.00,6.46,10.91,11.56,132.70,0.60,1,13.77,21.54,70.56,1,8,109,2,8,STAT,60,LAT,LON,W,CRC
07/22/25 18:23:23,27.73,71.16,15.49,-3.21,34.03,431.00,27.00,45.20,988.00,6.94,11.53,12.00,143.30,0.38,1,13.70,6.76,68.36,1,8,109,2,7,STAT,60,LAT,LON,W,CRC
07/22/25 18:24:26,27.77,60.97,16.69,-4.12,33.62,430.71,27.30,43.40,988.00,7.12,12.46,12.78,172.00,0.23,1,13.87,92.22,79.34,1,14,111,2,6,STAT,60,LAT,LON,W,CRC
07/22/25 18:25:27,27.82,62.38,14.55,-2.44,32.93,430.25,27.30,44.90,988.00,6.93,12.23,12.71,155.80,0.23,1,13.77,26.05,73.01,1,15,111,2,7,STAT,60,LAT,LON,W,CRC
07/22/25 18:26:24,27.85,48.53,10.48,-1.81,33.11,429.80,27.40,45.30,988.00,6.16,11.45,11.79,218.90,0.10,1,13.70,8.17,69.02,1,20,111,2,6,STAT,60,LAT,LON,W,CRC
07/22/25 18:27:26,27.86,36.99,15.93,-3.23,32.80,429.28,27.40,42.90,988.00,6.62,11.00,11.22,193.40,0.17,1,13.91,111.87,67.02,1,23,109,3,7,STAT,60,LAT,LON,W,CRC
07/22/25 18:28:27,27.86,54.37,17.10,-3.58,35.74,429.10,27.40,43.90,988.00,6.44,10.69,11.16,174.60,0.25,1,13.80,31.60,68.07,1,14,109,2,8,STAT,60,LAT,LON,W,CRC
07/22/25 18:29:24,27.90,69.69,16.98,-3.50,34.86,429.04,27.60,42.60,988.00,7.00,11.03,11.62,149.00,0.31,1,13.73,9.92,67.87,1,11,110,2,7,STAT,60,LAT,LON,W,CRC
07/22/25 18:30:28,27.93,99.73,13.42,-3.07,36.16,429.63,27.20,44.20,988.00,6.68,10.71,11.36,136.80,0.49,1,13.91,213.27,75.68,1,7,111,2,8,STAT,60,LAT,LON,W,CRC
07/22/25 18:31:25,27.95,107.34,15.46,-2.79,35.86,429.86,27.50,44.20,988.00,7.15,11.01,11.24,155.00,0.31,1,13.80,66.93,69.75,1,7,111,2,8,STAT,60,LAT,LON,W,CRC
07/22/25 18:32:27,27.96,172.95,18.77,-3.07,36.33,429.76,27.60,43.60,988.00,7.06,11.94,12.43,172.60,0.24,1,13.73,18.90,68.34,1,13,112,3,8,STAT,60,LAT,LON,W,CRC
07/22/25 18:33:24,27.96,126.34,15.49,-3.14,35.25,429.50,27.60,43.60,988.00,7.01,10.41,10.78,172.50,0.18,1,13.95,228.23,67.27,1,16,112,4,8,STAT,60,LAT,LON,W,CRC
07/22/25 18:34:26,27.96,67.70,15.89,-3.50,34.24,429.09,27.60,42.70,988.00,7.01,10.88,11.26,142.90,0.13,1,13.84,64.46,68.01,1,21,111,5,7,STAT,60,LAT,LON,W,CRC
07/22/25 18:35:28,27.96,67.98,16.20,-3.53,36.41,428.38,27.70,42.60,988.00,6.87,11.32,11.92,160.10,0.11,1,13.73,18.21,67.91,1,16,110,4,8,STAT,60,LAT,LON,W,CRC
07/22/25 18:36:25,27.96,80.32,16.19,-4.72,37.29,428.06,27.50,41.40,988.00,6.71,10.64,11.00,134.40,0.72,1,13.98,245.96,71.05,1,11,111,4,8,STAT,60,LAT,LON,W,CRC
07/22/25 18:37:28,27.96,104.59,13.81,-3.52,36.91,427.33,27.40,41.60,988.00,6.44,10.80,10.93,121.60,0.76,1,13.84,77.56,73.61,1,0,112,3,9,STAT,60,LAT,LON,W,CRC
07/22/25 18:38:24,27.96,109.23,12.93,-3.68,38.49,427.48,27.10,41.80,988.00,6.55,10.62,10.80,130.20,0.90,1,13.77,24.34,69.23,1,0,113,2,10,STAT,60,LAT,LON,W,CRC
07/22/25 18:39:26,27.96,99.14,12.34,-3.26,38.14,427.33,27.10,42.30,988.00,6.66,10.77,10.95,124.80,0.76,1,13.98,176.45,74.72,1,0,113,3,9,STAT,60,LAT,LON,W,CRC
07/22/25 18:40:27,27.96,130.81,15.94,-2.82,36.43,427.28,27.50,43.80,988.00,6.95,11.33,11.65,144.10,0.34,1,13.84,61.27,69.48,1,3,115,2,9,STAT,60,LAT,LON,W,CRC
07/22/25 18:41:29,28.01,176.55,19.13,-4.83,35.85,428.88,27.00,41.20,988.00,7.05,11.62,12.17,130.50,1.38,1,13.77,17.31,68.13,1,3,113,2,8,STAT,60,LAT,LON,W,CRC
07/22/25 18:42:26,28.03,139.86,17.49,-4.71,37.38,428.81,26.80,41.80,988.00,7.26,11.62,12.27,130.50,1.28,1,13.70,5.43,70.02,1,1,112,4,9,STAT,60,LAT,LON,W,CRC
07/22/25 18:43:28,28.05,98.83,11.78,-3.05,36.85,428.93,27.00,42.30,988.00,6.97,11.21,11.84,124.00,0.75,1,13.87,81.51,67.68,1,1,113,5,9,STAT,60,LAT,LON,W,CRC
07/22/25 18:44:27,28.06,77.14,12.99,-3.31,36.23,428.57,27.30,43.60,988.00,6.67,11.12,11.56,131.30,0.42,1,13.77,25.58,68.87,1,8,114,4,8,STAT,60,LAT,LON,W,CRC
07/22/25 18:45:29,28.07,90.15,15.89,-3.90,35.42,428.20,27.10,42.00,988.00,6.65,11.21,11.68,118.40,1.06,1,13.70,7.22,67.87,1,8,113,4,8,STAT,60,LAT,LON,W,CRC
07/22/25 18:46:26,28.07,97.69,14.57,-4.57,38.09,428.08,26.80,42.10,988.00,6.42,11.05,11.22,116.80,1.19,1,13.87,126.85,67.15,1,7,114,4,8,STAT,60,LAT,LON,W,CRC
07/22/25 18:47:28,28.07,83.91,12.56,-3.11,38.02,428.03,27.30,43.70,988.00,6.69,11.88,11.93,129.70,0.47,1,13.77,35.83,69.14,1,9,115,3,9,STAT,60,LAT,LON,W,CRC
07/22/25 18:48:30,28.12,92.97,11.64,-3.34,37.98,428.01,27.50,43.40,988.00,7.15,11.74,11.92,155.50,0.18,1,13.70,10.12,68.14,1,9,116,2,8,STAT,60,LAT,LON,W,CRC
07/22/25 18:49:27,28.15,90.46,13.75,-4.26,38.41,427.77,27.70,43.50,988.00,7.41,11.38,11.85,169.60,0.23,1,13.91,146.02,76.80,1,11,116,2,8,STAT,60,LAT,LON,W,CRC
07/22/25 18:50:29,28.16,96.04,10.82,-3.01,37.30,427.58,28.00,46.90,988.00,7.03,11.73,12.50,242.10,0.23,1,13.77,41.24,75.43,1,8,116,2,7,STAT,60,LAT,LON,W,CRC
07/22/25 18:51:26,28.19,94.91,14.75,-4.62,36.36,427.34,28.10,41.90,988.00,7.05,11.99,12.40,255.40,0.27,1,13.70,12.94,82.59,1,10,116,2,7,STAT,60,LAT,LON,W,CRC
07/22/25 18:52:27,28.24,210.70,11.99,-3.21,34.86,427.12,28.20,41.50,988.00,6.49,11.35,11.80,120.40,0.27,1,13.91,165.85,71.72,1,9,118,2,7,STAT,60,LAT,LON,W,CRC
07/22/25 18:53:29,28.26,173.98,14.60,-3.93,36.63,427.04,27.90,41.10,988.00,6.90,11.91,12.22,131.00,0.80,1,13.80,46.84,70.17,1,5,118,2,7,STAT,60,LAT,LON,W,CRC
07/22/25 18:54:26,28.31,136.87,12.02,-3.41,37.87,427.02,28.00,41.60,988.00,7.44,12.34,12.66,125.60,0.57,1,13.73,14.70,68.46,1,3,118,2,8,STAT,60,LAT,LON,W,CRC
07/22/25 18:55:29,28.35,117.16,14.29,-4.32,37.45,427.01,27.60,40.70,988.00,6.82,12.12,12.34,118.00,1.25,1,13.95,186.50,68.36,1,3,118,2,8,STAT,60,LAT,LON,W,CRC
07/22/25 18:56:30,28.37,102.27,11.67,-5.11,39.44,427.07,27.70,41.10,988.00,6.88,11.55,11.86,132.60,0.55,1,13.80,52.67,67.49,1,3,120,3,9,STAT,60,LAT,LON,W,CRC
07/22/25 18:57:28,28.43,89.82,14.65,-4.85,36.54,427.03,27.90,40.60,988.00,7.02,11.80,12.03,139.60,0.53,1,13.73,16.53,76.48,1,6,120,3,8,STAT,60,LAT,LON,W,CRC
07/22/25 18:58:29,28.46,84.93,11.81,-4.56,36.60,427.01,27.50,40.40,987.00,7.06,11.41,11.68,119.10,0.97,1,13.95,172.06,72.58,1,9,121,3,8,STAT,60,LAT,LON,W,CRC
07/22/25 18:59:26,28.48,72.36,10.27,-4.49,37.11,427.00,27.90,41.10,988.00,7.07,12.07,12.49,203.30,0.11,1,13.84,53.99,70.41,1,12,122,4,8,STAT,60,LAT,LON,W,CRC
07/22/25 19:00:28,28.54,78.06,12.54,-4.34,37.97,426.46,28.00,41.50,987.00,6.97,12.29,13.31,75.90,0.23,1,13.73,15.25,68.03,1,13,123,2,8,STAT,60,LAT,LON,W,CRC
07/22/25 19:01:30,28.57,97.24,10.21,-4.17,36.34,426.16,28.00,42.40,987.00,7.01,12.51,13.30,144.10,0.12,1,13.98,249.38,71.28,1,7,124,3,8,STAT,60,LAT,LON,W,CRC
07/22/25 19:02:27,28.61,105.12,10.85,-4.21,36.05,425.48,27.90,42.20,987.00,6.85,12.76,13.37,132.30,0.38,1,13.84,87.59,68.64,1,5,124,2,7,STAT,60,LAT,LON,W,CRC
07/22/25 19:03:29,28.66,95.07,12.53,-4.60,36.61,425.17,28.10,40.90,987.00,6.96,12.01,12.38,303.30,0.22,1,13.77,24.74,68.18,1,8,124,3,7,STAT,60,LAT,LON,W,CRC
07/22/25 19:04:26,28.70,90.65,14.91,-5.92,35.86,425.06,27.90,39.10,987.00,6.83,12.15,12.94,297.90,0.88,1,13.84,177.76,73.62,1,9,125,2,7,STAT,60,LAT,LON,W,CRC
07/22/25 19:05:28,28.76,95.68,11.89,-6.10,37.12,425.02,27.80,39.70,987.00,7.27,12.29,12.62,297.40,0.75,1,13.87,108.14,80.90,1,7,125,3,8,STAT,60,LAT,LON,W,CRC
07/22/25 19:06:29,28.81,81.83,14.52,-6.46,36.40,425.01,28.10,39.10,987.00,7.46,12.98,13.31,280.40,0.92,1,13.77,30.54,73.70,1,10,127,3,8,STAT,60,LAT,LON,W,CRC
07/22/25 19:07:31,28.87,83.65,15.43,-7.26,38.51,424.58,28.30,39.20,987.00,7.53,12.49,12.62,272.40,0.82,1,13.70,8.63,72.89,1,8,126,4,9,STAT,60,LAT,LON,W,CRC
07/22/25 19:08:28,28.91,91.00,16.43,-7.62,37.44,424.55,28.50,39.20,987.00,6.86,12.43,12.84,255.30,0.44,1,13.91,130.24,68.94,1,7,127,4,8,STAT,60,LAT,LON,W,CRC
07/22/25 19:09:30,28.97,57.89,11.82,-6.71,39.59,424.19,28.60,39.90,987.00,7.36,12.60,13.39,242.30,0.23,1,13.80,36.78,69.02,1,16,129,4,9,STAT,60,LAT,LON,W,CRC
07/22/25 19:10:27,28.99,43.76,8.18,-4.96,40.21,423.28,28.80,41.50,987.00,7.39,13.23,13.78,182.50,0.20,1,13.70,11.54,72.47,1,18,129,4,8,STAT,60,LAT,LON,W,CRC
07/22/25 19:11:29,29.05,51.26,15.22,-5.91,36.53,422.45,28.80,38.90,987.00,7.70,13.49,13.73,182.50,0.14,1,13.91,153.99,69.97,1,16,129,3,8,STAT,60,LAT,LON,W,CRC
07/22/25 19:12:31,29.09,50.57,17.17,-6.65,38.24,422.16,28.80,38.00,987.00,7.33,13.14,14.04,145.10,0.47,1,13.80,43.49,67.94,1,18,127,4,9,STAT,60,LAT,LON,W,CRC
07/22/25 19:13:27,29.10,27.79,13.05,-6.04,40.94,422.06,28.80,39.50,987.00,7.36,13.17,14.11,196.30,0.22,1,13.73,13.65,67.65,1,19,128,5,9,STAT,60,LAT,LON,W,CRC
07/22/25 19:14:30,29.15,42.80,12.71,-6.23,40.94,422.02,28.80,38.70,987.00,7.55,12.92,13.27,164.90,0.38,1,13.95,136.69,72.16,1,12,128,5,9,STAT,60,LAT,LON,W,CRC
07/22/25 19:15:31,29.19,60.66,12.14,-5.11,40.84,421.91,28.80,38.80,987.00,7.08,12.57,13.37,264.40,0.63,1,13.80,38.60,70.41,1,7,128,5,10,STAT,60,LAT,LON,W,CRC
07/22/25 19:16:28,29.20,74.98,12.39,-5.65,40.47,421.97,28.70,39.10,987.00,7.18,12.54,13.13,288.00,1.46,1,13.73,12.11,68.58,1,7,129,4,10,STAT,60,LAT,LON,W,CRC
07/22/25 19:17:31,29.21,59.44,10.48,-5.25,39.63,421.69,28.60,39.40,987.00,7.10,13.66,14.06,293.20,1.10,1,13.95,217.18,75.01,1,14,129,5,9,STAT,60,LAT,LON,W,CRC
07/22/25 19:18:32,29.22,70.90,12.69,-6.62,40.82,422.35,28.40,37.80,987.00,6.97,13.54,14.32,296.60,1.27,1,13.80,61.34,76.49,1,11,132,4,10,STAT,60,LAT,LON,W,CRC
07/22/25 19:19:29,29.26,84.99,12.33,-7.27,39.65,422.54,28.40,37.50,987.00,7.32,12.98,13.59,294.10,1.12,1,13.73,19.25,70.38,1,7,132,4,10,STAT,60,LAT,LON,W,CRC
07/22/25 19:20:31,29.30,83.87,11.67,-5.66,37.70,422.26,28.70,38.50,987.00,7.43,12.84,13.55,254.10,0.30,1,14.02,276.47,68.01,1,8,132,4,9,STAT,60,LAT,LON,W,CRC
07/22/25 19:21:28,29.31,99.28,14.87,-7.34,37.54,422.10,28.20,36.30,987.00,7.82,13.46,14.04,122.80,1.06,1,13.84,86.76,67.15,1,4,133,4,10,STAT,60,LAT,LON,W,CRC
07/22/25 19:22:30,29.32,108.22,10.13,-6.68,41.19,421.95,28.30,37.30,987.00,7.67,13.90,14.41,120.00,0.81,1,13.77,24.50,77.19,1,0,134,4,11,STAT,60,LAT,LON,W,CRC
07/22/25 19:23:33,29.37,94.40,13.36,-7.18,39.66,421.33,28.00,37.80,987.00,7.54,13.60,14.18,123.60,1.33,1,13.95,220.08,79.38,1,3,133,5,10,STAT,60,LAT,LON,W,CRC
07/22/25 19:24:31,29.40,82.11,11.64,-6.10,41.84,420.97,28.00,37.90,987.00,7.14,12.84,13.05,126.30,1.03,1,13.87,92.83,73.11,1,4,133,5,11,STAT,60,LAT,LON,W,CRC
07/22/25 19:25:32,29.42,73.12,12.38,-6.40,43.28,420.75,28.20,38.20,987.00,7.45,14.06,14.56,135.30,0.73,1,13.77,26.22,73.77,1,6,133,5,12,STAT,60,LAT,LON,W,CRC
07/22/25 19:26:29,29.42,68.10,9.66,-4.16,40.36,420.46,28.30,38.90,987.00,7.39,13.48,13.74,129.60,0.63,1,13.70,8.23,69.81,1,9,133,5,11,STAT,60,LAT,LON,W,CRC
07/22/25 19:27:31,29.45,67.37,8.34,-3.31,40.18,420.95,28.50,40.10,987.00,7.22,13.04,13.14,96.30,0.36,1,13.87,126.84,67.57,1,14,135,5,10,STAT,60,LAT,LON,W,CRC
07/22/25 19:28:33,29.49,80.21,12.59,-6.07,40.87,420.72,28.60,37.20,987.00,7.34,13.37,13.74,291.70,0.50,1,13.77,35.82,67.55,1,13,135,3,10,STAT,60,LAT,LON,W,CRC
07/22/25 19:29:30,29.51,98.81,11.94,-6.92,38.92,420.28,28.80,37.00,987.00,6.79,12.84,13.28,273.60,0.74,1,13.70,11.24,67.68,1,7,137,3,9,STAT,60,LAT,LON,W,CRC
07/22/25 19:30:32,29.53,101.55,12.21,-7.58,39.38,420.10,28.90,37.90,987.00,7.09,13.56,13.98,256.30,0.33,1,13.91,149.61,76.09,1,6,138,4,9,STAT,60,LAT,LON,W,CRC
07/22/25 19:31:33,29.59,79.13,10.25,-5.74,38.39,420.03,29.00,37.80,987.00,6.95,12.36,13.06,320.70,0.09,1,13.80,42.25,70.60,1,12,139,4,9,STAT,60,LAT,LON,W,CRC
07/22/25 19:32:31,29.61,97.11,11.38,-6.36,39.29,420.01,29.10,38.50,987.00,7.24,12.98,13.72,136.40,0.11,1,13.73,13.26,70.87,1,7,138,5,9,STAT,60,LAT,LON,W,CRC
07/22/25 19:33:32,29.65,102.91,12.70,-7.58,40.38,420.00,28.90,36.90,987.00,7.29,13.39,13.65,128.90,0.73,1,13.95,214.47,68.13,1,6,140,4,10,STAT,60,LAT,LON,W,CRC
07/22/25 19:34:29,29.70,103.83,16.68,-6.86,42.14,420.00,28.80,37.90,987.00,7.20,13.53,13.68,130.00,0.85,1,13.84,67.30,66.57,1,3,140,4,11,STAT,60,LAT,LON,W,CRC
07/22/25 19:35:31,29.72,89.88,10.72,-4.97,42.80,419.46,28.90,39.50,987.00,7.00,12.35,12.83,120.20,0.57,1,13.73,19.01,70.31,1,6,141,4,11,STAT,60,LAT,LON,W,CRC
07/22/25 19:36:28,29.78,78.27,10.00,-5.35,44.85,419.18,28.90,39.80,987.00,7.69,13.84,14.28,30.70,0.06,1,13.98,196.16,71.43,1,11,139,4,11,STAT,60,LAT,LON,W,CRC
07/22/25 19:37:32,29.82,71.89,10.13,-6.38,41.58,418.06,29.00,37.10,987.00,7.65,13.25,13.69,339.80,0.15,1,13.84,75.57,70.40,1,15,142,4,10,STAT,60,LAT,LON,W,CRC
07/22/25 19:38:30,29.86,86.16,6.78,-5.43,41.52,418.15,29.10,38.80,987.00,7.61,13.14,14.47,301.70,0.12,1,13.77,23.71,68.17,1,11,143,4,10,STAT,60,LAT,LON,W,CRC
07/22/25 19:39:33,29.91,83.07,8.03,-6.02,42.07,418.05,29.10,39.70,987.00,7.21,12.80,13.64,320.40,0.44,1,13.87,173.15,67.83,1,11,144,3,11,STAT,60,LAT,LON,W,CRC
07/22/25 19:40:30,29.95,84.84,7.60,-6.88,42.05,418.02,29.00,37.50,987.00,6.98,12.46,12.90,66.70,0.18,1,13.87,115.58,74.07,1,11,144,3,10,STAT,60,LAT,LON,W,CRC
07/22/25 19:41:32,30.01,79.75,9.58,-6.64,44.08,418.01,29.00,38.40,987.00,7.05,12.90,13.27,113.20,0.36,1,13.77,32.64,71.94,1,9,144,5,12,STAT,60,LAT,LON,W,CRC
07/22/25 19:42:34,30.05,83.94,8.69,-6.12,43.41,417.50,29.20,37.90,987.00,7.37,12.90,13.31,269.00,0.28,1,13.70,9.22,68.79,1,8,145,5,11,STAT,60,LAT,LON,W,CRC
07/22/25 19:43:32,30.11,60.69,4.51,-3.78,41.48,416.56,29.30,38.90,987.00,6.85,11.89,12.04,309.10,0.31,1,13.91,127.60,68.18,1,17,148,5,10,STAT,60,LAT,LON,W,CRC
07/22/25 19:44:33,30.15,82.23,9.93,-7.02,42.22,415.78,29.40,37.40,987.00,7.43,13.16,13.33,290.60,0.73,1,13.80,36.04,76.81,1,12,147,4,10,STAT,60,LAT,LON,W,CRC
07/22/25 19:45:30,30.21,90.75,10.06,-7.01,41.36,415.77,29.30,38.60,987.00,7.32,12.41,12.64,297.90,0.47,1,13.73,11.31,80.82,1,10,148,4,10,STAT,60,LAT,LON,W,CRC
07/22/25 19:46:32,30.25,84.85,9.73,-7.51,42.22,415.85,29.10,37.30,987.00,7.66,13.05,13.12,295.20,1.29,1,13.95,127.98,74.05,1,10,150,5,10,STAT,60,LAT,LON,W,CRC
07/22/25 19:47:34,30.32,77.13,9.63,-8.49,42.43,415.95,28.80,36.60,987.00,7.39,12.58,13.17,292.90,1.39,1,13.80,36.15,72.72,1,10,150,6,11,STAT,60,LAT,LON,W,CRC
07/22/25 19:48:35,30.35,60.33,10.13,-7.63,42.92,416.39,29.10,38.50,987.00,7.22,12.56,13.22,286.20,0.45,1,13.73,10.21,71.51,1,12,149,4,11,STAT,60,LAT,LON,W,CRC
07/22/25 19:49:32,30.41,65.75,6.74,-5.87,42.44,416.77,29.30,38.70,987.00,7.00,12.41,12.81,288.50,0.50,1,13.98,176.64,68.28,1,11,151,4,10,STAT,60,LAT,LON,W,CRC
07/22/25 19:50:35,30.45,76.52,4.22,-4.82,43.58,416.92,29.30,40.50,987.00,7.02,12.43,12.93,281.50,0.24,1,13.84,49.89,73.43,1,12,152,4,10,STAT,60,LAT,LON,W,CRC
07/22/25 19:51:32,30.51,85.06,12.26,-8.71,42.70,416.51,29.20,36.90,987.00,7.41,13.54,15.17,20.50,0.24,1,13.77,15.66,70.16,1,11,153,5,11,STAT,60,LAT,LON,W,CRC
07/22/25 19:52:33,30.56,93.40,12.38,-9.24,43.97,416.18,29.30,36.00,987.00,7.77,13.83,15.53,268.40,0.90,1,13.98,299.41,76.59,1,5,153,7,11,STAT,60,LAT,LON,W,CRC
07/22/25 19:53:35,30.59,81.23,10.65,-8.31,42.62,416.06,29.30,36.20,987.00,7.71,13.11,14.43,272.80,1.84,1,13.84,95.40,80.13,1,7,152,8,11,STAT,60,LAT,LON,W,CRC
07/22/25 19:54:32,30.65,56.75,6.20,-6.87,44.16,416.02,29.20,38.10,987.00,7.21,12.80,13.50,282.30,1.03,1,13.77,29.94,84.72,1,12,152,8,11,STAT,60,LAT,LON,W,CRC
07/22/25 19:55:33,30.67,46.84,7.05,-6.97,44.23,416.01,29.20,37.10,987.00,7.47,13.14,14.25,286.20,0.86,1,13.70,8.45,74.30,1,16,155,6,11,STAT,60,LAT,LON,W,CRC
07/22/25 19:56:35,30.69,50.21,5.79,-4.61,41.39,415.46,29.40,38.90,987.00,7.21,12.87,13.51,298.50,0.41,1,13.87,123.63,72.47,1,16,156,6,11,STAT,60,LAT,LON,W,CRC
07/22/25 19:57:31,30.74,65.68,7.88,-6.55,41.80,415.72,29.40,38.00,987.00,7.52,12.40,12.94,288.20,0.28,1,13.77,38.80,79.89,1,13,156,6,10,STAT,60,LAT,LON,W,CRC
07/22/25 19:58:32,30.78,89.80,9.52,-7.64,46.10,415.90,29.30,37.30,987.00,7.65,12.83,13.52,90.30,0.12,1,13.70,10.96,73.21,1,8,156,6,12,STAT,60,LAT,LON,W,CRC
07/22/25 19:59:35,30.79,105.25,10.48,-9.62,46.99,415.97,29.20,35.70,987.00,7.33,12.90,13.13,282.50,0.75,1,13.91,151.88,70.63,1,2,157,6,12,STAT,60,LAT,LON,W,CRC
07/22/25 20:00:31,30.83,92.20,10.24,-9.38,44.51,415.99,29.50,36.40,987.00,7.09,12.79,13.11,272.90,0.83,1,13.80,47.66,68.38,1,3,158,6,12,STAT,60,LAT,LON,W,CRC
07/22/25 20:01:33,30.87,69.92,7.78,-8.14,44.42,416.00,29.60,36.60,987.00,7.22,13.61,14.16,260.00,0.45,1,13.73,13.46,67.78,1,9,159,5,11,STAT,60,LAT,LON,W,CRC
07/22/25 20:02:35,30.89,66.92,5.86,-6.38,42.71,416.00,29.80,37.10,987.00,7.39,13.14,13.52,250.70,0.19,1,13.95,227.21,66.97,1,12,162,5,11,STAT,60,LAT,LON,W,CRC
07/22/25 20:03:33,30.94,85.73,8.78,-8.15,42.14,416.00,29.90,36.10,987.00,7.09,12.87,13.21,275.00,0.55,1,13.84,71.30,70.39,1,8,161,5,11,STAT,60,LAT,LON,W,CRC
07/22/25 20:04:34,30.98,88.87,4.68,-7.74,43.66,416.00,30.00,36.80,987.00,7.13,12.93,13.23,277.90,0.35,1,13.73,20.14,75.67,1,8,165,5,11,STAT,60,LAT,LON,W,CRC
07/22/25 20:05:31,31.02,91.73,6.95,-7.22,43.71,416.00,29.90,37.10,986.00,6.96,12.55,12.83,136.40,0.21,1,13.98,184.25,72.15,1,7,165,5,11,STAT,60,LAT,LON,W,CRC
07/22/25 20:06:32,31.08,86.09,5.37,-6.48,45.58,416.00,29.90,39.50,986.00,7.39,12.87,13.47,155.10,0.18,1,13.87,63.58,69.23,1,9,166,5,11,STAT,60,LAT,LON,W,CRC
07/22/25 20:07:34,31.14,99.43,9.28,-8.70,46.52,416.00,29.90,36.80,986.00,7.33,12.50,13.17,148.30,0.41,1,13.77,17.96,70.49,1,5,166,6,12,STAT,60,LAT,LON,W,CRC
07/22/25 20:08:32,31.19,88.20,8.97,-8.95,47.36,416.00,29.80,37.20,986.00,7.57,13.16,13.40,143.70,0.56,1,13.70,5.63,70.00,1,6,166,6,12,STAT,60,LAT,LON,W,CRC
07/22/25 20:09:34,31.24,85.61,6.82,-8.36,48.27,416.06,30.00,37.30,986.00,7.52,13.02,13.10,213.30,0.32,1,13.91,124.94,70.19,1,5,167,7,12,STAT,60,LAT,LON,W,CRC
07/22/25 20:10:33,31.30,60.54,6.44,-8.38,48.87,416.12,29.90,36.90,986.00,6.97,11.66,11.73,281.50,1.09,1,13.80,39.21,71.69,1,13,169,7,12,STAT,60,LAT,LON,W,CRC
07/22/25 20:11:34,31.34,48.86,1.99,-5.77,47.16,416.50,29.80,41.80,986.00,7.66,12.66,13.29,297.20,0.67,1,13.70,11.07,73.35,1,17,169,7,12,STAT,60,LAT,LON,W,CRC
07/22/25 20:12:35,31.40,51.85,10.33,-8.38,45.89,416.82,30.00,36.80,986.00,7.58,13.13,13.66,273.90,0.52,1,13.91,168.21,70.88,1,18,169,7,12,STAT,60,LAT,LON,W,CRC
07/22/25 20:13:37,31.43,65.28,6.84,-9.13,46.84,416.94,30.10,36.50,986.00,6.94,12.54,12.99,239.20,0.19,1,13.80,47.51,72.47,1,14,171,7,12,STAT,60,LAT,LON,W,CRC
07/22/25 20:14:34,31.49,54.62,8.97,-9.14,45.79,416.98,30.10,35.10,986.00,6.89,13.29,13.67,283.80,0.74,1,13.73,14.91,69.69,1,15,171,8,12,STAT,60,LAT,LON,W,CRC
07/22/25 20:15:37,31.52,63.00,7.67,-9.54,46.52,416.99,29.90,35.80,986.00,6.99,13.35,13.61,281.40,0.86,1,13.98,255.15,74.36,1,12,172,6,12,STAT,60,LAT,LON,W,CRC
07/22/25 20:16:39,31.54,54.16,8.26,-10.66,47.56,417.00,30.00,35.10,986.00,6.85,12.48,12.56,268.50,1.40,1,13.80,72.06,70.26,1,13,173,7,12,STAT,60,LAT,LON,W,CRC
07/22/25 20:17:36,31.59,54.91,7.49,-9.25,49.81,417.00,30.00,37.00,986.00,7.31,11.70,11.82,269.40,1.53,1,13.73,22.61,71.28,1,10,172,9,13,STAT,60,LAT,LON,W,CRC
07/22/25 20:18:37,31.63,37.33,6.38,-7.69,47.76,417.58,29.90,37.50,986.00,6.84,12.28,12.50,280.40,1.45,1,13.98,272.81,71.65,1,16,173,9,13,STAT,60,LAT,LON,W,CRC
07/22/25 20:19:33,31.64,23.36,5.97,-6.60,47.12,417.84,29.90,36.60,986.00,6.73,12.14,12.42,290.90,1.41,1,13.87,95.62,69.41,1,21,173,9,12,STAT,60,LAT,LON,W,CRC
07/22/25 20:20:35,31.65,37.12,10.11,-9.01,46.67,417.94,29.70,34.10,986.00,7.15,12.55,12.65,295.90,1.46,1,13.77,27.01,67.56,1,18,173,8,13,STAT,60,LAT,LON,W,CRC
07/22/25 20:21:37,31.68,50.98,5.87,-9.35,49.97,417.98,29.70,34.70,986.00,6.59,11.10,11.33,292.90,0.88,1,13.70,7.63,68.68,1,12,175,7,14,STAT,60,LAT,LON,W,CRC
07/22/25 20:22:34,31.72,55.31,9.01,-9.76,47.55,417.86,29.80,33.00,986.00,6.95,12.06,12.39,289.60,0.99,1,13.91,95.19,75.32,1,11,175,6,13,STAT,60,LAT,LON,W,CRC
07/22/25 20:23:33,31.74,63.52,5.13,-9.24,48.27,417.88,30.00,34.90,986.00,7.38,13.02,13.61,283.70,0.59,1,13.80,29.87,80.15,1,9,176,7,14,STAT,60,LAT,LON,W,CRC
07/22/25 20:24:35,31.75,66.92,8.72,-10.04,47.81,417.34,30.10,34.40,986.00,6.63,12.94,13.47,271.10,0.74,1,13.73,8.44,71.44,1,10,176,7,13,STAT,60,LAT,LON,W,CRC
07/22/25 20:25:37,31.75,83.81,9.91,-10.86,47.63,416.89,30.20,34.00,986.00,6.85,12.26,12.56,263.60,0.74,1,13.91,159.11,67.44,1,5,177,7,14,STAT,60,LAT,LON,W,CRC
07/22/25 20:26:33,31.80,94.48,6.34,-9.81,49.51,416.34,30.30,36.30,986.00,6.49,11.68,11.95,273.00,0.64,1,13.84,49.93,66.50,1,6,179,6,13,STAT,60,LAT,LON,W,CRC
07/22/25 20:27:35,31.84,88.78,6.93,-10.37,51.25,416.12,30.20,34.10,986.00,7.28,12.53,12.67,299.10,0.21,1,13.73,14.10,66.92,1,7,179,7,14,STAT,60,LAT,LON,W,CRC
07/22/25 20:28:37,31.85,71.84,8.17,-9.90,50.31,415.96,30.20,32.60,986.00,6.64,12.37,12.86,338.50,0.08,1,14.02,241.51,65.84,1,7,179,7,15,STAT,60,LAT,LON,W,CRC
07/22/25 20:29:34,31.87,59.58,8.43,-9.97,49.63,415.37,30.30,33.00,986.00,6.47,11.55,11.96,284.10,0.53,1,13.87,75.79,65.63,1,10,179,8,14,STAT,60,LAT,LON,W,CRC
07/22/25 20:30:37,31.93,48.74,7.68,-8.23,47.88,415.13,30.30,34.30,986.00,6.82,11.90,12.33,287.40,0.58,1,13.77,21.40,73.11,1,14,181,7,14,STAT,60,LAT,LON,W,CRC
07/22/25 20:31:39,31.96,54.81,8.04,-10.23,50.59,415.05,30.20,32.70,986.00,6.43,11.71,12.31,296.00,0.85,1,13.91,158.95,69.66,1,14,180,6,14,STAT,60,LAT,LON,W,CRC
07/22/25 20:32:35,31.99,65.52,7.34,-10.60,50.18,415.52,30.30,31.80,986.00,6.48,12.35,12.58,283.00,0.32,1,13.87,101.65,67.93,1,9,182,7,14,STAT,60,LAT,LON,W,CRC
07/22/25 20:33:37,32.05,68.32,2.51,-10.34,52.46,415.83,30.40,32.50,986.00,6.17,11.10,11.18,184.40,0.16,1,13.77,28.71,69.88,1,8,186,8,15,STAT,60,LAT,LON,W,CRC
07/22/25 20:34:39,32.07,57.48,12.82,-13.41,49.53,416.10,30.60,30.60,986.00,6.06,11.39,11.77,255.30,0.62,1,13.70,8.11,67.94,1,11,186,8,14,STAT,60,LAT,LON,W,CRC
07/22/25 20:35:36,32.13,36.57,7.60,-12.27,50.61,416.20,30.70,31.70,986.00,6.53,12.22,12.46,257.50,0.95,1,13.91,184.03,68.81,1,15,185,9,13,STAT,60,LAT,LON,W,CRC
07/22/25 20:36:39,32.17,27.80,12.54,-12.73,52.11,416.07,30.60,30.70,986.00,6.48,11.47,11.57,279.70,1.52,1,13.80,51.98,77.72,1,17,185,8,15,STAT,60,LAT,LON,W,CRC
07/22/25 20:37:36,32.22,30.53,8.07,-12.12,53.33,415.67,30.40,30.70,986.00,5.73,10.92,11.24,282.00,1.32,1,13.73,16.31,80.69,1,14,185,9,15,STAT,60,LAT,LON,W,CRC
07/22/25 20:38:38,32.27,6.56,10.70,-12.23,52.08,415.24,30.80,31.10,986.00,6.07,11.19,11.72,260.90,0.41,1,13.98,188.51,80.75,1,17,187,10,15,STAT,60,LAT,LON,W,CRC
07/22/25 20:39:39,32.29,28.50,7.12,-11.49,53.23,415.08,30.60,30.80,986.00,6.60,11.50,11.95,160.30,0.45,1,13.84,53.24,83.25,1,14,188,10,16,STAT,60,LAT,LON,W,CRC
07/22/25 20:40:35,32.31,25.62,1.96,-9.18,55.27,415.14,30.80,32.60,986.00,6.52,11.27,11.52,167.70,0.20,1,13.77,16.71,83.71,1,11,189,9,16,STAT,60,LAT,LON,W,CRC
07/22/25 20:41:37,32.36,9.90,5.81,-9.26,53.85,415.05,30.80,32.30,986.00,6.80,13.36,13.68,279.30,0.45,1,13.91,166.33,73.35,1,19,188,9,15,STAT,60,LAT,LON,W,CRC
07/22/25 20:42:39,32.39,17.29,-2.33,-8.10,54.32,414.87,30.80,36.50,986.00,6.67,13.65,14.64,287.10,0.23,1,13.87,98.03,67.90,1,19,191,8,14,STAT,60,LAT,LON,W,CRC
07/22/25 20:43:37,32.40,32.94,1.95,-9.33,54.52,414.47,30.90,34.20,986.00,6.59,12.20,12.78,278.70,0.66,1,13.77,30.76,69.73,1,18,191,8,15,STAT,60,LAT,LON,W,CRC
07/22/25 20:44:38,32.46,53.04,4.30,-9.58,52.93,414.20,30.90,32.70,986.00,6.70,12.36,12.82,289.00,0.73,1,13.70,8.69,70.90,1,13,192,8,15,STAT,60,LAT,LON,W,CRC
07/22/25 20:45:36,32.49,59.20,6.78,-12.05,52.76,414.08,30.80,31.60,986.00,6.30,11.73,12.05,282.60,1.70,1,13.91,152.54,68.72,1,12,194,8,14,STAT,60,LAT,LON,W,CRC
07/22/25 20:46:38,32.50,51.45,2.42,-11.24,54.03,414.03,30.90,31.30,986.00,6.47,11.84,12.16,270.20,1.04,1,13.80,43.08,66.62,1,10,194,9,15,STAT,60,LAT,LON,W,CRC
07/22/25 20:47:39,32.55,40.10,3.51,-10.84,54.09,414.01,31.10,32.20,986.00,6.53,11.77,12.09,256.00,0.43,1,13.73,12.17,67.31,1,12,194,9,16,STAT,60,LAT,LON,W,CRC
07/22/25 20:48:35,32.59,53.06,5.87,-12.18,56.00,414.36,31.20,32.30,986.00,6.49,11.29,11.75,231.50,0.22,1,13.98,218.91,75.57,1,11,194,8,16,STAT,60,LAT,LON,W,CRC
07/22/25 20:49:37,32.61,42.05,4.29,-11.61,56.87,414.77,31.30,31.50,986.00,6.24,11.52,11.92,230.90,0.33,1,13.84,61.83,79.60,1,15,194,9,16,STAT,60,LAT,LON,W,CRC
07/22/25 20:50:37,32.62,39.13,2.33,-10.79,56.95,415.01,31.40,32.10,986.00,6.14,11.84,12.64,275.10,0.53,1,13.77,19.40,72.30,1,15,197,9,15,STAT,60,LAT,LON,W,CRC
07/22/25 20:51:39,32.69,39.85,0.90,-9.55,55.18,415.65,31.50,34.70,986.00,6.58,11.90,12.45,245.90,0.27,1,13.98,232.45,68.79,1,16,197,9,15,STAT,60,LAT,LON,W,CRC
07/22/25 20:52:41,32.71,63.85,4.17,-10.03,56.46,415.47,31.60,33.00,986.00,6.34,11.28,11.94,228.50,0.23,1,13.87,89.78,66.74,1,10,198,9,16,STAT,60,LAT,LON,W,CRC
07/22/25 20:53:37,32.74,70.99,2.35,-9.64,55.58,415.18,31.70,31.50,986.00,6.62,11.35,11.81,267.10,0.58,1,13.80,28.17,66.48,1,8,200,8,16,STAT,60,LAT,LON,W,CRC
07/22/25 20:54:40,32.80,71.39,4.13,-10.67,56.48,415.06,31.40,31.20,986.00,6.34,11.79,12.53,197.00,0.21,1,13.70,7.96,67.71,1,8,201,8,17,STAT,60,LAT,LON,W,CRC
07/22/25 20:55:37,32.82,70.14,-2.34,-8.47,57.81,414.46,31.60,33.70,986.00,6.58,11.55,11.98,242.80,0.26,1,13.91,160.82,68.13,1,7,202,9,16,STAT,60,LAT,LON,W,CRC
07/22/25 20:56:39,32.87,67.23,3.00,-10.18,55.14,414.16,31.60,34.10,986.00,6.76,11.46,11.61,94.80,0.11,1,13.80,45.42,74.60,1,10,202,10,15,STAT,60,LAT,LON,W,CRC
07/22/25 20:57:40,32.92,74.73,5.38,-12.03,58.53,414.06,31.40,30.30,986.00,6.87,11.76,12.06,294.10,0.58,1,13.73,12.83,79.64,1,8,203,9,17,STAT,60,LAT,LON,W,CRC
07/22/25 20:58:37,32.94,76.67,6.91,-13.30,55.95,414.02,31.50,30.60,986.00,6.92,11.97,12.44,273.20,0.70,1,13.98,248.45,80.89,1,6,204,10,16,STAT,60,LAT,LON,W,CRC
07/22/25 20:59:38,33.01,65.83,5.32,-13.35,58.32,414.01,31.60,30.50,986.00,6.85,11.71,12.45,234.70,0.29,1,13.84,70.17,72.51,1,6,205,9,16,STAT,60,LAT,LON,W,CRC
07/22/25 21:00:40,33.04,43.16,0.33,-11.24,59.60,414.00,31.70,32.20,986.00,6.47,12.30,13.38,227.90,0.25,1,13.77,19.82,68.51,1,11,206,9,17,STAT,60,LAT,LON,W,CRC
07/22/25 21:01:37,33.07,29.73,5.56,-12.47,59.00,414.00,31.80,30.70,986.00,5.96,11.64,12.23,188.60,0.21,1,13.87,174.61,76.13,1,16,207,10,17,STAT,60,LAT,LON,W,CRC
07/22/25 21:02:39,33.13,43.77,3.32,-12.52,58.81,414.00,31.80,30.80,986.00,6.17,11.68,12.15,194.00,0.21,1,13.87,106.31,84.72,1,11,206,10,16,STAT,60,LAT,LON,W,CRC
07/22/25 21:03:38,33.15,35.84,1.35,-11.08,58.59,414.00,31.90,31.70,986.00,6.52,12.37,12.59,206.90,0.19,1,13.77,33.36,78.54,1,13,208,10,17,STAT,60,LAT,LON,W,CRC
07/22/25 21:04:39,33.17,89.62,1.79,-11.42,61.04,413.92,32.00,32.30,986.00,6.31,11.13,11.82,263.50,0.31,1,13.70,9.42,74.68,1,13,207,10,17,STAT,60,LAT,LON,W,CRC
07/22/25 21:05:40,33.23,832.24,11.65,-10.30,60.30,417.99,32.00,31.10,985.00,6.41,10.74,11.42,179.10,0.12,1,13.91,147.17,70.62,1,30,210,11,17,STAT,60,LAT,LON,W,CRC
07/22/25 21:06:41,33.26,547.93,8.73,-10.88,60.34,423.43,31.80,31.20,985.00,6.28,11.63,12.10,286.30,0.70,1,13.80,41.56,67.61,1,23,210,11,17,STAT,60,LAT,LON,W,CRC
07/22/25 21:07:38,33.27,298.85,5.25,-10.38,57.83,424.00,31.70,31.50,985.00,5.91,11.45,11.85,295.60,0.58,1,13.73,13.04,67.34,1,16,209,11,17,STAT,60,LAT,LON,W,CRC
07/22/25 21:08:41,33.31,143.93,1.30,-9.96,59.32,422.07,31.70,31.60,985.00,6.31,10.69,11.21,319.90,0.43,1,14.02,215.97,66.82,1,16,209,12,17,STAT,60,LAT,LON,W,CRC
07/22/25 21:09:48,33.36,91.75,2.56,-12.13,60.29,419.13,31.70,30.20,985.00,6.15,11.64,12.18,173.70,0.19,1,13.84,54.90,73.83,1,11,211,10,17,STAT,60,LAT,LON,W,CRC
07/22/25 21:10:40,33.37,522.78,74.11,-9.29,59.68,429.26,31.90,32.20,985.00,6.34,11.50,11.82,253.30,0.38,1,13.77,19.14,79.43,1,9,212,11,17,STAT,60,LAT,LON,W,CRC
07/22/25 21:11:42,33.38,515.81,52.04,-9.36,59.16,473.29,31.80,32.90,985.00,5.74,10.78,11.45,286.30,0.53,1,13.70,5.41,74.61,1,18,212,11,17,STAT,60,LAT,LON,W,CRC
07/22/25 21:12:43,33.43,306.85,96.62,-10.36,58.57,446.35,31.80,30.10,985.00,5.59,11.33,11.92,314.90,0.10,1,13.87,76.07,68.35,1,12,213,10,17,STAT,60,LAT,LON,W,CRC
07/22/25 21:13:40,33.47,281.89,43.67,-9.71,59.27,443.34,31.80,32.00,985.00,5.83,11.50,11.73,323.00,0.14,1,13.80,23.87,68.45,1,8,214,11,17,STAT,60,LAT,LON,W,CRC
07/22/25 21:14:42,33.48,364.15,25.48,-11.34,61.63,471.43,31.80,31.10,985.00,6.50,11.08,11.37,293.10,0.43,1,13.73,6.74,67.20,1,13,214,11,18,STAT,60,LAT,LON,W,CRC
07/22/25 21:15:43,33.51,234.11,11.33,-13.39,61.19,453.09,31.60,29.00,985.00,6.55,11.52,11.85,290.30,1.28,1,13.95,195.86,66.41,1,9,214,10,17,STAT,60,LAT,LON,W,CRC
07/22/25 21:16:41,33.56,134.97,5.45,-11.92,58.64,431.77,31.60,30.60,985.00,6.86,12.38,12.77,292.40,1.01,1,13.84,61.46,70.17,1,12,214,11,16,STAT,60,LAT,LON,W,CRC
07/22/25 21:17:42,33.59,116.11,0.04,-11.40,60.81,423.59,31.80,30.70,985.00,6.23,11.49,11.62,295.70,0.67,1,13.73,17.36,67.57,1,11,216,11,17,STAT,60,LAT,LON,W,CRC
07/22/25 21:18:39,33.60,192.92,4.43,-9.98,61.22,455.51,32.00,30.40,985.00,6.42,11.22,11.40,279.50,0.64,1,13.98,291.30,67.37,1,12,218,10,17,STAT,60,LAT,LON,W,CRC
07/22/25 21:19:41,33.64,219.14,2.13,-10.50,61.86,495.41,32.10,30.50,985.00,6.84,12.63,12.94,281.50,0.65,1,13.87,92.60,66.41,1,8,217,11,17,STAT,60,LAT,LON,W,CRC
07/22/25 21:20:43,33.68,206.48,3.26,-12.03,60.80,507.06,32.10,29.90,985.00,6.16,11.73,12.07,277.50,0.53,1,13.77,26.15,66.33,1,3,219,10,17,STAT,60,LAT,LON,W,CRC
07/22/25 21:21:40,33.70,205.73,6.17,-11.49,60.89,573.08,32.10,30.10,985.00,6.67,12.50,12.64,225.40,0.12,1,13.70,8.21,72.45,1,6,220,9,17,STAT,60,LAT,LON,W,CRC
07/22/25 21:22:42,33.76,170.91,2.50,-13.54,62.22,519.36,32.10,29.50,985.00,6.82,12.13,12.30,157.00,0.33,1,13.91,147.81,71.03,1,3,221,9,17,STAT,60,LAT,LON,W,CRC
07/22/25 21:23:40,33.80,146.17,-0.29,-14.51,63.04,460.23,32.20,29.90,985.00,6.73,11.36,11.43,244.20,0.53,1,13.80,46.38,71.72,1,0,222,9,18,STAT,60,LAT,LON,W,CRC
07/22/25 21:24:41,33.81,106.31,-0.56,-13.92,64.52,436.57,32.30,29.80,985.00,6.12,11.06,11.35,216.00,0.38,1,13.73,13.10,77.79,1,7,222,10,18,STAT,60,LAT,LON,W,CRC
07/22/25 21:25:42,33.88,96.46,-0.23,-13.94,65.68,426.29,32.20,30.50,985.00,6.60,11.66,11.78,136.40,0.77,1,13.98,223.26,73.63,1,4,222,11,18,STAT,60,LAT,LON,W,CRC
07/22/25 21:26:44,33.91,87.07,-1.39,-13.55,66.87,420.88,32.10,29.50,985.00,6.68,12.01,12.63,135.80,0.95,1,13.84,63.05,68.43,1,4,221,12,19,STAT,60,LAT,LON,W,CRC
07/22/25 21:27:41,33.93,78.29,-3.70,-12.02,67.31,417.95,32.30,30.50,985.00,6.07,11.02,11.63,242.90,0.33,1,13.77,19.79,70.39,1,3,222,11,19,STAT,60,LAT,LON,W,CRC
07/22/25 21:28:42,33.96,65.79,-2.52,-11.94,66.55,415.68,32.20,31.10,985.00,6.23,11.29,12.08,161.60,0.05,1,13.80,180.75,68.17,1,10,223,11,19,STAT,60,LAT,LON,W,CRC
07/22/25 21:29:40,34.01,70.87,-4.37,-12.10,66.99,414.03,32.20,31.30,985.00,6.55,12.20,12.68,295.30,0.77,1,13.87,134.96,75.33,1,10,224,11,18,STAT,60,LAT,LON,W,CRC
07/22/25 21:30:41,34.03,77.64,-5.14,-12.31,66.22,412.71,32.00,30.50,985.00,6.55,12.39,12.82,299.70,0.86,1,13.77,38.12,73.36,1,9,223,11,18,STAT,60,LAT,LON,W,CRC
07/22/25 21:31:43,34.04,40.44,-3.43,-13.61,66.16,412.25,31.30,29.30,985.00,6.99,12.87,13.35,292.70,1.48,1,13.70,10.77,70.90,1,17,221,12,19,STAT,60,LAT,LON,W,CRC
07/22/25 21:32:40,34.04,-9.72,-1.53,-13.22,66.35,412.10,31.20,29.00,985.00,6.90,12.56,12.72,293.00,1.39,1,13.95,191.88,67.22,1,26,219,14,20,STAT,60,LAT,LON,W,CRC
07/22/25 21:33:42,34.04,25.23,-2.72,-14.03,69.18,412.49,31.30,29.50,985.00,7.10,11.69,11.75,282.40,1.61,1,13.84,54.19,68.83,1,13,220,13,21,STAT,60,LAT,LON,W,CRC
07/22/25 21:34:43,34.04,52.12,-2.31,-14.20,69.85,412.82,31.40,30.00,985.00,6.95,12.14,12.16,278.10,1.71,1,13.73,15.31,67.34,1,7,219,14,20,STAT,60,LAT,LON,W,CRC
07/22/25 21:35:40,34.04,46.68,-1.93,-13.93,69.71,412.48,31.60,30.40,985.00,6.35,11.52,11.52,270.90,1.70,1,13.95,226.90,66.95,1,10,220,14,20,STAT,60,LAT,LON,W,CRC
07/22/25 21:36:44,34.04,71.89,-1.77,-14.09,69.66,412.17,31.60,29.60,985.00,6.69,11.90,11.92,267.90,1.83,1,13.87,90.12,67.71,1,4,220,15,20,STAT,60,LAT,LON,W,CRC
07/22/25 21:37:45,34.04,94.10,0.29,-14.27,70.65,412.06,31.70,30.00,985.00,7.14,12.41,13.03,262.50,1.63,1,13.77,25.45,72.27,1,0,216,15,21,STAT,60,LAT,LON,W,CRC
07/22/25 21:38:41,34.04,82.76,-3.46,-12.57,69.09,412.02,31.80,30.60,985.00,6.53,12.25,12.77,258.40,1.14,1,13.70,7.99,69.66,1,2,216,15,20,STAT,60,LAT,LON,W,CRC
07/22/25 21:39:43,33.99,71.24,-5.68,-11.21,68.81,412.01,31.60,30.40,985.00,6.53,11.91,12.26,185.20,0.20,1,13.91,124.05,69.53,1,9,215,14,20,STAT,60,LAT,LON,W,CRC
07/22/25 21:40:45,33.95,72.99,-5.62,-10.76,69.92,412.00,31.40,31.40,985.00,6.95,12.37,12.94,178.40,0.20,1,13.80,35.04,67.53,1,8,214,14,21,STAT,60,LAT,LON,W,CRC
07/22/25 21:41:42,33.94,67.76,-6.80,-11.58,71.56,412.00,31.30,30.60,985.00,6.57,11.75,12.15,170.20,0.31,1,13.73,10.99,66.62,1,9,212,14,21,STAT,60,LAT,LON,W,CRC
07/22/25 21:42:44,33.93,62.20,-9.82,-9.99,70.28,412.00,31.40,31.20,985.00,6.96,12.07,12.34,256.30,0.31,1,14.02,229.59,67.84,1,9,213,14,21,STAT,60,LAT,LON,W,CRC
07/22/25 21:43:41,33.89,89.40,-3.96,-10.13,69.15,412.00,31.60,31.30,985.00,6.91,12.46,12.56,278.90,0.73,1,13.84,72.05,73.19,1,4,212,13,21,STAT,60,LAT,LON,W,CRC
07/22/25 21:44:42,33.85,142.69,-4.07,-10.29,68.31,411.96,31.60,31.30,985.00,6.44,12.54,13.32,274.30,1.23,1,13.77,20.35,73.28,1,-7,213,13,20,STAT,60,LAT,LON,W,CRC
07/22/25 21:45:44,33.83,203.30,-2.27,-9.14,66.54,411.99,31.60,30.30,985.00,6.43,12.60,13.14,285.10,1.28,1,13.70,5.75,72.44,1,-5,212,13,19,STAT,60,LAT,LON,W,CRC
07/22/25 21:46:45,33.83,180.68,-2.49,-10.88,66.38,411.99,31.60,30.70,985.00,6.53,11.20,11.38,283.40,1.15,1,13.87,89.40,67.29,1,-5,214,13,19,STAT,60,LAT,LON,W,CRC
07/22/25 21:47:42,33.82,161.59,-3.12,-12.53,67.32,412.00,31.80,30.70,985.00,6.58,11.53,11.60,268.60,1.05,1,13.80,28.06,67.08,1,-7,213,13,19,STAT,60,LAT,LON,W,CRC
07/22/25 21:48:45,33.82,150.73,-5.42,-12.45,67.44,411.54,32.00,30.90,985.00,6.90,11.63,12.18,268.60,1.18,1,13.73,7.92,68.41,1,-6,215,13,19,STAT,60,LAT,LON,W,CRC
07/22/25 21:49:42,33.82,138.09,-12.49,-8.92,68.19,411.21,32.00,34.10,985.00,7.75,16.94,18.10,283.70,0.48,1,13.95,200.12,80.31,1,-2,216,14,19,STAT,60,LAT,LON,W,CRC
07/22/25 21:50:43,33.82,127.45,-7.95,-9.76,68.19,410.59,32.00,31.50,985.00,7.19,14.30,15.36,111.90,0.18,1,13.84,56.52,74.15,1,1,216,13,20,STAT,60,LAT,LON,W,CRC
07/22/25 21:51:45,33.82,162.49,-8.54,-10.80,72.21,410.02,31.90,32.30,985.00,6.73,12.46,13.18,302.50,0.08,1,13.73,15.96,71.53,1,-10,214,13,21,STAT,60,LAT,LON,W,CRC
07/22/25 21:52:42,33.82,157.57,-2.89,-10.91,69.72,409.43,31.90,30.40,985.00,6.46,12.62,13.28,291.90,1.06,1,13.95,236.69,73.02,1,-8,215,12,20,STAT,60,LAT,LON,W,CRC
07/22/25 21:53:43,33.82,141.28,-9.81,-9.78,68.64,409.44,31.90,32.10,985.00,6.42,11.66,12.34,288.10,0.45,1,13.87,91.73,70.45,1,-5,217,12,19,STAT,60,LAT,LON,W,CRC
07/22/25 21:54:44,33.82,139.14,-6.90,-11.74,69.09,409.56,31.90,30.90,985.00,6.68,11.70,12.33,282.20,0.90,1,13.77,25.91,69.01,1,-2,217,11,20,STAT,60,LAT,LON,W,CRC
07/22/25 21:55:46,33.82,151.58,-6.32,-12.46,70.91,409.26,32.00,30.50,985.00,6.24,11.74,12.93,281.10,1.09,1,13.70,7.32,71.26,1,-5,218,12,19,STAT,60,LAT,LON,W,CRC
07/22/25 21:56:41,33.84,142.09,-9.79,-10.96,68.28,409.51,32.20,32.20,985.00,6.48,11.91,12.63,274.00,0.79,1,13.91,153.00,83.43,1,-2,220,12,19,STAT,60,LAT,LON,W,CRC
07/22/25 21:57:42,33.89,154.62,-9.28,-9.83,67.51,410.44,32.20,31.60,985.00,6.43,12.37,12.81,282.70,0.79,1,13.84,43.21,71.17,1,-2,221,12,18,STAT,60,LAT,LON,W,CRC
07/22/25 21:58:44,33.92,170.91,-7.50,-13.50,68.80,410.40,32.30,31.10,985.00,6.46,11.34,11.61,277.40,1.27,1,13.73,12.20,68.40,1,-7,223,12,19,STAT,60,LAT,LON,W,CRC
07/22/25 21:59:45,33.93,157.32,-9.56,-12.53,68.55,410.33,32.30,31.10,985.00,6.43,11.75,11.84,282.20,0.79,1,14.02,258.18,74.96,1,-5,223,14,19,STAT,60,LAT,LON,W,CRC
07/22/25 22:00:45,33.98,150.20,-13.34,-10.23,67.50,410.77,32.30,32.50,985.00,5.96,11.66,11.76,284.20,0.56,1,13.87,72.92,69.38,1,-4,224,13,19,STAT,60,LAT,LON,W,CRC
07/22/25 22:01:46,34.02,152.75,-8.81,-11.97,67.73,410.38,32.40,30.50,985.00,5.96,10.93,11.21,284.60,0.41,1,13.77,20.59,81.65,1,-4,224,13,18,STAT,60,LAT,LON,W,CRC
07/22/25 22:02:45,34.04,170.01,-9.27,-11.26,67.74,410.65,32.50,31.60,985.00,6.47,12.18,13.22,282.60,0.52,1,13.70,6.46,77.89,1,-8,226,12,19,STAT,60,LAT,LON,W,CRC
07/22/25 22:03:46,34.10,171.64,-5.61,-13.23,68.39,410.82,32.50,30.50,985.00,6.48,12.79,13.77,277.10,1.00,1,13.87,91.74,69.24,1,-8,228,11,19,STAT,60,LAT,LON,W,CRC
07/22/25 22:04:48,34.14,150.19,-6.13,-14.09,68.65,410.94,32.50,30.40,985.00,6.30,11.76,12.52,271.80,0.98,1,13.80,25.91,80.49,1,-4,229,12,18,STAT,60,LAT,LON,W,CRC
07/22/25 22:05:44,34.17,138.69,-9.38,-13.36,70.48,410.98,32.70,30.80,985.00,6.08,11.80,12.26,258.30,0.63,1,13.73,8.13,80.03,1,-2,229,12,19,STAT,60,LAT,LON,W,CRC
07/22/25 22:06:46,34.23,133.36,-9.83,-12.72,70.30,410.99,32.70,29.70,985.00,6.07,11.15,11.81,267.00,0.58,1,13.95,164.25,70.15,1,0,229,12,19,STAT,60,LAT,LON,W,CRC
07/22/25 22:07:46,34.25,146.79,-8.99,-13.87,68.50,411.45,32.90,30.60,985.00,5.84,11.21,11.47,255.20,0.57,1,13.84,46.39,71.37,1,-3,230,12,18,STAT,60,LAT,LON,W,CRC
07/22/25 22:08:48,34.31,167.41,-5.07,-15.60,69.48,411.81,32.70,28.70,985.00,6.20,11.03,11.35,163.10,0.51,1,13.77,13.10,76.19,1,-9,232,12,19,STAT,60,LAT,LON,W,CRC
07/22/25 22:09:45,34.35,160.66,-5.22,-16.51,73.73,411.93,32.30,28.60,985.00,6.46,11.57,11.83,142.40,1.09,1,13.98,192.76,75.28,1,-12,230,13,21,STAT,60,LAT,LON,W,CRC
07/22/25 22:10:46,34.37,110.76,-5.75,-15.57,74.44,411.62,32.50,29.00,985.00,5.94,10.75,11.22,227.20,0.54,1,13.87,75.11,72.04,1,-5,228,13,21,STAT,60,LAT,LON,W,CRC
07/22/25 22:11:48,34.39,78.59,-7.65,-13.60,73.18,411.33,32.50,29.60,985.00,5.95,10.90,11.09,173.80,0.23,1,13.77,21.21,72.60,1,4,229,13,21,STAT,60,LAT,LON,W,CRC
07/22/25 22:12:45,34.44,89.32,-7.39,-13.91,72.80,410.97,32.50,28.70,985.00,5.75,10.69,10.81,155.60,0.50,1,13.70,6.66,71.19,1,3,229,13,21,STAT,60,LAT,LON,W,CRC
07/22/25 22:13:47,34.47,100.87,-2.50,-14.62,72.17,410.45,32.60,28.60,985.00,5.59,10.28,10.37,160.80,0.38,1,13.91,135.89,71.19,1,0,228,13,20,STAT,60,LAT,LON,W,CRC
07/22/25 22:14:44,34.48,81.36,0.55,-13.51,69.38,410.47,32.60,29.00,985.00,6.03,11.49,11.73,148.80,0.20,1,13.84,42.64,68.20,1,21,227,14,20,STAT,60,LAT,LON,W,CRC
07/22/25 22:15:52,34.48,112.07,3.87,-12.57,71.88,411.33,32.70,29.10,985.00,6.88,11.97,12.61,208.20,0.29,1,13.73,10.84,70.90,1,30,227,14,20,STAT,60,LAT,LON,W,CRC
07/22/25 22:16:49,34.49,102.73,-2.63,-15.18,74.57,411.24,32.60,28.20,985.00,6.62,11.52,12.21,256.10,1.55,1,13.98,235.02,75.72,1,18,227,14,21,STAT,60,LAT,LON,W,CRC
07/22/25 22:17:45,34.49,111.90,-6.84,-14.28,75.66,411.09,32.70,29.90,985.00,6.80,11.29,11.76,253.80,0.86,1,13.84,73.75,71.85,1,14,225,15,21,STAT,60,LAT,LON,W,CRC
07/22/25 22:18:47,34.49,213.63,-7.56,-13.86,76.20,411.03,32.80,30.00,985.00,5.84,10.26,10.60,248.80,0.61,1,13.77,20.83,71.48,1,23,224,14,22,STAT,60,LAT,LON,W,CRC
07/22/25 22:19:49,34.49,151.18,-9.09,-13.64,76.91,411.01,32.90,27.80,985.00,5.54,10.39,10.86,249.30,0.51,1,13.70,5.88,67.99,1,19,223,14,22,STAT,60,LAT,LON,W,CRC
07/22/25 22:20:45,34.49,145.72,-9.60,-13.28,76.24,410.50,32.70,27.80,985.00,5.86,10.36,10.52,278.70,0.33,1,13.91,97.70,68.80,1,3,224,14,22,STAT,60,LAT,LON,W,CRC
07/22/25 22:21:46,34.49,173.43,-6.97,-13.94,75.81,410.24,32.70,28.60,985.00,5.59,9.92,10.14,185.60,0.20,1,13.80,27.59,68.07,1,-12,224,13,21,STAT,60,LAT,LON,W,CRC
07/22/25 22:22:45,34.49,156.45,-4.76,-15.53,75.77,409.81,32.70,27.80,985.00,5.57,9.66,9.78,140.20,0.80,1,13.73,8.66,76.28,1,-7,224,13,21,STAT,60,LAT,LON,W,CRC
07/22/25 22:23:46,34.49,124.45,-11.14,-13.02,79.22,409.32,32.70,30.20,985.00,6.42,10.61,10.88,149.00,0.59,1,13.95,177.96,71.09,1,-3,222,15,22,STAT,60,LAT,LON,W,CRC
07/22/25 22:24:48,34.49,116.95,-5.74,-13.88,77.12,409.65,32.60,28.60,985.00,6.41,11.17,11.45,145.40,0.59,1,13.84,50.26,67.50,1,-5,220,15,21,STAT,60,LAT,LON,W,CRC
07/22/25 22:25:49,34.49,102.61,-9.29,-13.71,77.97,409.88,32.70,28.50,985.00,6.24,10.62,10.72,180.70,0.29,1,13.77,14.20,67.54,1,-1,220,14,22,STAT,60,LAT,LON,W,CRC
07/22/25 22:26:46,34.49,80.96,-13.38,-11.76,77.04,409.87,32.80,31.00,985.00,5.92,11.04,11.15,182.10,0.26,1,13.91,167.03,71.77,1,8,221,15,21,STAT,60,LAT,LON,W,CRC
07/22/25 22:27:48,34.49,98.90,-4.85,-13.80,76.70,409.78,32.70,27.70,985.00,5.53,9.47,9.81,149.40,0.61,1,13.87,99.13,67.68,1,9,218,15,20,STAT,60,LAT,LON,W,CRC
07/22/25 22:28:45,34.48,157.26,-7.77,-14.58,79.30,409.91,32.60,28.60,985.00,6.04,10.57,11.04,145.20,0.74,1,13.80,31.11,66.45,1,-7,216,14,22,STAT,60,LAT,LON,W,CRC
07/22/25 22:29:47,34.47,150.76,-10.99,-12.30,76.94,409.84,32.70,30.00,985.00,5.82,10.66,10.87,180.70,0.30,1,13.70,8.79,71.20,1,-8,218,15,22,STAT,60,LAT,LON,W,CRC
07/22/25 22:30:48,34.46,134.50,-10.02,-11.86,77.83,409.08,32.80,29.00,985.00,6.05,10.40,10.78,183.40,0.30,1,13.91,150.30,69.51,1,-2,219,15,22,STAT,60,LAT,LON,W,CRC
07/22/25 22:31:49,34.46,171.66,-12.78,-11.73,76.58,408.38,33.00,28.10,985.00,5.53,10.37,10.53,218.80,0.28,1,13.80,42.45,75.62,1,-11,220,14,21,STAT,60,LAT,LON,W,CRC
07/22/25 22:32:45,34.46,182.55,-9.84,-12.70,76.19,408.15,33.10,29.50,985.00,6.20,10.47,10.69,216.80,0.19,1,13.73,13.32,69.75,1,-13,220,13,21,STAT,60,LAT,LON,W,CRC
07/22/25 22:33:47,34.46,141.53,-6.37,-14.22,76.90,408.59,33.00,28.50,985.00,5.98,10.87,11.24,142.80,0.38,1,13.98,194.89,72.67,1,0,218,13,21,STAT,60,LAT,LON,W,CRC
07/22/25 22:34:49,34.46,211.29,-8.51,-13.08,77.01,408.86,33.00,30.10,985.00,5.80,9.79,10.01,139.50,0.36,1,13.87,55.04,70.52,1,5,219,15,21,STAT,60,LAT,LON,W,CRC
07/22/25 22:35:47,34.46,115.81,-10.91,-12.91,77.94,408.95,32.90,28.80,985.00,5.76,10.63,10.71,164.20,0.27,1,13.77,17.27,68.90,1,17,216,15,21,STAT,60,LAT,LON,W,CRC
07/22/25 22:36:48,34.46,156.10,-13.11,-12.39,79.44,408.98,32.80,29.10,984.00,6.16,10.72,10.75,153.90,0.42,1,13.70,4.88,73.67,1,5,218,15,21,STAT,60,LAT,LON,W,CRC
07/22/25 22:37:48,34.46,184.85,-9.50,-13.01,77.53,408.54,32.90,29.00,985.00,6.27,10.99,11.19,230.90,0.43,1,13.91,124.51,68.12,1,-8,219,14,21,STAT,60,LAT,LON,W,CRC
07/22/25 22:38:50,34.46,146.38,-8.76,-14.14,78.25,408.77,32.90,28.10,984.00,6.07,10.82,11.01,247.20,0.69,1,13.80,35.17,74.56,1,0,218,15,22,STAT,60,LAT,LON,W,CRC
07/22/25 22:39:51,34.46,100.45,-11.13,-13.28,75.92,408.61,32.90,28.90,984.00,6.16,11.01,11.27,252.00,1.01,1,13.73,9.93,70.82,1,8,216,16,21,STAT,60,LAT,LON,W,CRC
07/22/25 22:40:48,34.46,93.07,-12.39,-12.78,77.81,407.70,32.90,30.10,984.00,6.06,10.55,10.93,241.20,0.35,1,13.98,197.50,67.63,1,6,215,17,21,STAT,60,LAT,LON,W,CRC
07/22/25 22:41:49,34.44,92.99,-8.48,-13.51,78.03,407.72,32.90,28.50,984.00,5.89,9.67,10.04,237.10,0.20,1,13.84,55.78,66.96,1,5,212,15,21,STAT,60,LAT,LON,W,CRC
07/22/25 22:42:46,34.40,98.30,-12.74,-11.69,78.92,407.31,32.90,30.70,984.00,5.68,10.70,11.09,213.50,0.24,1,13.77,17.50,76.28,1,3,211,15,21,STAT,60,LAT,LON,W,CRC
07/22/25 22:43:47,34.38,144.17,-11.46,-11.24,78.60,406.49,32.90,29.60,984.00,5.87,10.03,10.50,206.40,0.25,1,13.95,136.56,71.52,1,-7,211,14,21,STAT,60,LAT,LON,W,CRC
07/22/25 22:44:48,34.38,172.63,-12.20,-11.08,78.52,406.17,32.80,29.20,985.00,6.00,10.51,11.15,167.10,0.30,1,13.87,81.31,68.24,1,-13,210,14,22,STAT,60,LAT,LON,W,CRC
07/22/25 22:45:49,34.38,158.10,-5.02,-13.18,78.30,406.06,32.60,28.00,984.00,6.10,11.24,11.46,185.40,0.22,1,13.77,22.96,77.05,1,-9,208,16,22,STAT,60,LAT,LON,W,CRC
07/22/25 22:46:46,34.38,77.28,-8.74,-13.45,80.61,406.02,32.40,28.10,984.00,6.05,10.98,11.30,169.50,0.23,1,13.73,7.21,73.71,1,11,206,18,23,STAT,60,LAT,LON,W,CRC
07/22/25 22:47:47,34.34,69.97,-10.39,-12.01,79.59,405.87,32.30,28.90,984.00,6.31,11.41,11.70,162.90,0.18,1,13.95,194.08,70.08,1,8,204,18,23,STAT,60,LAT,LON,W,CRC
07/22/25 22:48:49,34.29,82.68,-9.11,-11.93,80.33,405.66,32.20,28.70,984.00,5.96,10.81,10.92,109.90,0.32,1,13.80,54.81,72.21,1,5,201,17,23,STAT,60,LAT,LON,W,CRC
07/22/25 22:49:51,34.27,87.69,-9.81,-11.09,80.27,405.32,32.10,28.80,984.00,5.96,10.75,10.92,231.40,0.37,1,13.73,15.48,69.53,1,4,197,17,23,STAT,60,LAT,LON,W,CRC
07/22/25 22:50:48,34.21,122.93,-5.90,-12.08,81.05,405.74,32.00,27.90,984.00,6.24,11.40,11.95,257.50,2.14,1,13.98,251.02,72.64,1,-6,195,18,23,STAT,60,LAT,LON,W,CRC
07/22/25 22:51:49,34.17,168.98,-6.03,-10.83,79.33,406.57,31.80,28.60,985.00,6.30,10.82,11.37,238.30,0.61,1,13.87,91.86,69.85,1,-14,193,20,23,STAT,60,LAT,LON,W,CRC
07/22/25 22:52:50,34.09,200.54,-4.16,-11.63,79.02,406.92,31.70,28.40,985.00,6.42,10.50,10.74,246.90,0.50,1,13.77,25.94,70.78,1,-24,190,18,23,STAT,60,LAT,LON,W,CRC
07/22/25 22:53:46,34.04,177.12,-7.33,-10.86,79.74,406.97,31.70,28.80,985.00,5.78,9.79,10.17,240.70,0.44,1,13.73,8.14,79.44,1,-16,189,19,23,STAT,60,LAT,LON,W,CRC
07/22/25 22:54:48,33.97,194.61,-10.12,-10.36,79.17,406.99,31.70,29.20,984.00,6.01,10.52,10.67,256.40,1.61,1,13.95,199.84,72.44,1,-22,190,18,23,STAT,60,LAT,LON,W,CRC
07/22/25 22:55:50,33.89,242.58,-10.84,-9.83,78.20,407.00,31.90,28.80,984.00,6.11,10.89,11.20,255.80,1.34,1,13.80,56.44,77.87,1,-33,189,16,22,STAT,60,LAT,LON,W,CRC
07/22/25 22:56:50,33.84,256.11,-11.18,-8.55,77.18,406.78,31.80,29.50,984.00,6.62,10.93,11.07,257.10,1.15,1,13.73,15.94,71.27,1,-32,188,16,22,STAT,60,LAT,LON,W,CRC
07/22/25 22:57:51,33.76,250.80,-9.61,-8.67,76.84,406.73,31.70,29.70,984.00,6.15,10.85,11.34,216.80,0.46,1,13.87,175.05,72.24,1,-30,187,16,22,STAT,60,LAT,LON,W,CRC
07/22/25 22:58:52,33.72,235.53,-7.03,-10.22,76.01,406.91,31.50,28.30,984.00,6.37,10.74,10.99,254.90,1.11,1,13.91,120.20,68.62,1,-24,186,16,22,STAT,60,LAT,LON,W,CRC
07/22/25 22:59:47,33.66,190.49,-10.53,-9.52,76.34,406.61,31.40,29.80,985.00,6.02,10.41,10.77,224.50,0.31,1,13.80,37.72,72.67,1,-13,184,17,22,STAT,60,LAT,LON,W,CRC
07/22/25 23:00:49,33.61,146.40,-9.64,-8.63,76.83,406.22,31.30,30.10,985.00,5.79,10.60,10.88,231.90,0.23,1,13.73,10.65,71.49,1,-2,180,18,23,STAT,60,LAT,LON,W,CRC
07/22/25 23:01:58,33.53,146.00,-8.42,-8.31,77.50,405.57,31.10,29.00,984.00,6.10,10.79,11.07,259.60,2.47,1,13.84,132.50,71.26,1,-5,178,18,23,STAT,60,LAT,LON,W,CRC
07/22/25 23:02:49,33.47,185.43,-9.07,-8.38,78.53,405.86,31.00,29.60,984.00,6.55,10.98,11.47,258.90,2.39,1,13.95,163.63,75.44,1,-19,174,17,24,STAT,60,LAT,LON,W,CRC
07/22/25 23:03:50,33.41,215.47,-10.05,-7.05,76.03,406.60,31.00,30.10,984.00,6.22,10.31,11.02,246.50,0.49,1,13.84,46.21,69.38,1,-26,174,19,23,STAT,60,LAT,LON,W,CRC
07/22/25 23:04:50,33.33,229.12,-12.90,-6.72,75.95,406.86,31.10,30.90,984.00,6.14,11.12,11.67,208.60,0.21,1,13.77,13.05,72.59,1,-27,174,18,23,STAT,60,LAT,LON,W,CRC
07/22/25 23:05:51,33.27,243.62,-10.37,-6.94,74.24,406.95,31.10,30.20,984.00,5.70,9.59,10.01,200.70,0.15,1,13.80,124.01,70.23,1,-25,173,17,21,STAT,60,LAT,LON,W,CRC
07/22/25 23:06:53,33.20,261.36,-11.46,-5.77,75.64,406.98,31.20,31.60,984.00,6.20,10.31,10.71,232.00,0.36,1,13.87,108.90,69.81,1,-29,171,16,21,STAT,60,LAT,LON,W,CRC
07/22/25 23:07:53,33.13,280.76,-10.97,-6.44,75.11,406.99,31.20,30.60,984.00,6.02,10.08,10.47,116.10,0.12,1,13.80,30.76,73.19,1,-33,172,15,21,STAT,60,LAT,LON,W,CRC
07/22/25 23:08:50,33.08,292.00,-9.24,-7.80,73.09,407.00,31.40,30.00,984.00,6.25,10.57,10.76,148.30,0.09,1,13.70,9.65,75.61,1,-34,171,15,20,STAT,60,LAT,LON,W,CRC
07/22/25 23:09:51,33.03,312.75,-11.96,-7.89,72.70,407.00,31.40,29.70,984.00,6.37,11.04,11.35,260.30,2.34,1,13.91,171.42,76.02,1,-41,173,14,20,STAT,60,LAT,LON,W,CRC
07/22/25 23:10:52,32.98,335.30,-12.49,-7.21,74.00,406.96,31.60,31.30,984.00,6.26,11.13,11.58,257.70,1.24,1,13.80,48.41,71.31,1,-49,173,14,20,STAT,60,LAT,LON,W,CRC
07/22/25 23:11:52,32.96,307.25,-16.36,-5.30,73.12,406.53,31.70,31.80,984.00,6.49,11.13,11.46,237.90,0.41,1,13.73,13.67,72.76,1,-39,175,14,20,STAT,60,LAT,LON,W,CRC
07/22/25 23:12:52,32.95,320.74,-12.08,-7.02,71.67,406.19,31.90,30.50,984.00,6.03,10.93,11.23,232.20,0.28,1,13.98,283.12,72.46,1,-41,175,13,19,STAT,60,LAT,LON,W,CRC
07/22/25 23:13:53,32.95,308.20,-12.82,-7.78,72.41,405.96,32.00,31.10,984.00,5.63,9.79,10.23,252.00,0.79,1,13.84,79.96,69.56,1,-36,175,14,19,STAT,60,LAT,LON,W,CRC
07/22/25 23:14:59,32.95,305.78,-9.33,-7.88,71.43,405.99,32.00,30.30,984.00,5.55,10.07,10.44,206.50,0.18,1,13.73,20.32,73.20,1,-36,175,13,19,STAT,60,LAT,LON,W,CRC
07/22/25 23:15:50,32.95,281.04,-10.64,-7.63,72.24,406.00,32.00,30.80,984.00,5.77,10.29,10.49,233.90,0.35,1,13.80,181.60,79.82,1,-30,173,13,19,STAT,60,LAT,LON,W,CRC
07/22/25 23:16:50,32.95,258.02,-9.51,-7.76,71.71,406.00,32.00,30.20,984.00,5.97,10.50,10.57,141.60,0.20,1,13.87,119.78,73.39,1,-23,173,14,19,STAT,60,LAT,LON,W,CRC
07/22/25 23:17:51,32.95,236.88,-8.79,-7.91,71.56,406.00,31.90,30.60,984.00,6.30,11.22,11.25,239.50,0.47,1,13.80,33.83,72.67,1,-19,171,14,18,STAT,60,LAT,LON,W,CRC
07/22/25 23:18:51,32.95,223.42,-7.56,-7.89,70.99,406.00,31.70,29.30,984.00,6.09,10.62,10.80,219.80,0.30,1,13.73,9.55,68.61,1,-18,170,15,19,STAT,60,LAT,LON,W,CRC
07/22/25 23:19:53,32.95,200.93,-9.35,-7.97,72.06,406.00,31.50,29.20,984.00,6.01,10.60,10.80,170.10,0.28,1,14.02,272.80,70.08,1,-14,168,16,19,STAT,60,LAT,LON,W,CRC
07/22/25 23:20:49,32.95,219.86,-8.03,-8.08,73.51,406.00,31.40,29.30,984.00,5.69,10.29,10.76,145.60,0.13,1,13.87,85.61,75.10,1,-22,168,15,20,STAT,60,LAT,LON,W,CRC
07/22/25 23:21:52,32.95,219.73,-9.67,-7.15,70.61,406.00,31.50,29.80,984.00,5.79,9.93,10.84,249.00,0.44,1,13.77,24.18,81.10,1,-22,169,16,19,STAT,60,LAT,LON,W,CRC
07/22/25 23:22:54,32.94,245.08,-9.58,-6.93,71.20,406.16,31.50,30.00,984.00,6.29,9.95,10.81,246.80,0.79,1,13.70,6.83,84.76,1,-25,168,16,19,STAT,60,LAT,LON,W,CRC
07/22/25 23:23:55,32.93,257.91,-8.99,-7.37,71.19,406.35,31.60,30.40,984.00,6.19,10.41,11.03,259.50,0.64,1,13.91,135.87,74.58,1,-27,169,15,19,STAT,60,LAT,LON,W,CRC
07/22/25 23:24:50,32.88,244.04,-11.78,-7.45,72.79,405.73,31.60,30.70,984.00,6.05,10.24,10.60,253.00,0.24,1,13.80,42.64,76.79,1,-23,170,14,19,STAT,60,LAT,LON,W,CRC
07/22/25 23:25:51,32.85,237.45,-12.36,-6.39,71.88,405.26,31.60,30.80,984.00,6.45,10.55,11.26,104.80,0.30,1,13.73,12.04,70.64,1,-23,169,14,19,STAT,60,LAT,LON,W,CRC
07/22/25 23:26:51,32.84,247.15,-11.32,-6.59,70.71,405.09,31.60,30.80,984.00,5.95,10.54,11.10,211.30,0.20,1,13.98,218.49,72.15,1,-24,169,14,19,STAT,60,LAT,LON,W,CRC
07/22/25 23:27:52,32.84,239.00,-13.36,-6.27,71.16,405.03,31.60,30.60,984.00,5.97,10.60,11.06,151.20,0.33,1,13.84,61.71,73.27,1,-21,168,14,18,STAT,60,LAT,LON,W,CRC
07/22/25 23:28:53,32.84,258.55,-13.27,-5.56,70.83,404.64,31.60,31.30,984.00,6.09,10.11,10.28,121.20,0.29,1,13.77,17.43,76.41,1,-27,168,14,19,STAT,60,LAT,LON,W,CRC
07/22/25 23:29:54,32.83,272.05,-14.37,-4.86,71.86,404.22,31.60,31.40,984.00,5.50,9.41,9.68,89.60,0.32,1,13.98,198.95,69.87,1,-29,168,13,19,STAT,60,LAT,LON,W,CRC
07/22/25 23:30:50,32.82,300.15,-10.37,-6.41,70.03,403.89,31.70,31.10,984.00,5.94,10.33,10.77,114.90,0.46,1,13.87,85.39,72.68,1,-37,168,12,18,STAT,60,LAT,LON,W,CRC
07/22/25 23:31:51,32.81,269.43,-10.86,-6.58,70.79,403.96,31.60,30.80,984.00,5.95,10.39,10.63,102.40,0.32,1,13.77,24.12,69.23,1,-27,167,13,18,STAT,60,LAT,LON,W,CRC
07/22/25 23:32:51,32.81,260.80,-9.30,-7.28,70.02,403.99,31.60,30.10,984.00,5.76,9.66,10.18,78.20,0.09,1,13.70,6.81,76.04,1,-26,167,14,18,STAT,60,LAT,LON,W,CRC
07/22/25 23:33:52,32.81,259.47,-9.31,-7.82,71.12,404.00,31.50,29.80,984.00,5.95,10.45,10.79,260.70,2.88,1,13.91,143.12,71.15,1,-26,166,14,18,STAT,60,LAT,LON,W,CRC
07/22/25 23:34:55,32.78,266.24,-14.57,-5.83,71.65,404.23,31.60,31.90,984.00,5.99,10.17,10.32,252.60,1.22,1,13.80,40.42,72.51,1,-28,165,14,19,STAT,60,LAT,LON,W,CRC
07/22/25 23:35:55,32.75,289.60,-9.04,-6.44,70.39,404.73,31.70,30.80,984.00,5.82,10.09,10.35,254.60,0.92,1,13.73,11.42,75.95,1,-31,166,13,19,STAT,60,LAT,LON,W,CRC
07/22/25 23:36:56,32.74,278.73,-14.27,-4.85,70.46,405.13,31.70,32.20,984.00,5.79,9.65,10.20,209.60,0.33,1,13.95,175.48,69.13,1,-27,168,13,18,STAT,60,LAT,LON,W,CRC
07/22/25 23:37:52,32.75,292.82,-11.41,-6.57,71.87,405.37,31.80,31.40,984.00,5.73,9.40,9.69,156.40,0.20,1,13.84,55.07,74.27,1,-32,169,12,18,STAT,60,LAT,LON,W,CRC
07/22/25 23:38:53,32.79,286.44,-8.53,-7.59,70.30,405.45,31.80,30.80,984.00,5.98,10.55,10.65,136.90,0.18,1,13.77,15.55,71.40,1,-29,167,13,17,STAT,60,LAT,LON,W,CRC
07/22/25 23:39:53,32.80,252.67,-10.85,-7.23,70.88,405.16,31.70,31.10,984.00,6.08,10.22,10.26,123.80,0.28,1,13.87,138.59,69.68,1,-22,167,13,17,STAT,60,LAT,LON,W,CRC
07/22/25 23:40:55,32.81,265.43,-10.26,-6.03,70.04,405.06,31.70,31.60,984.00,5.97,9.08,9.36,154.00,0.25,1,13.87,95.54,71.82,1,-28,166,13,18,STAT,60,LAT,LON,W,CRC
07/22/25 23:41:54,32.82,260.28,-8.47,-7.32,71.00,405.02,31.70,30.90,984.00,5.99,9.12,9.72,125.40,0.36,1,13.77,26.98,72.70,1,-26,167,13,18,STAT,60,LAT,LON,W,CRC
07/22/25 23:42:51,32.83,275.30,-11.51,-6.73,71.61,405.01,31.70,30.60,984.00,5.47,9.57,10.40,131.60,0.45,1,13.70,8.47,70.34,1,-31,168,11,18,STAT,60,LAT,LON,W,CRC
07/22/25 23:43:52,32.83,278.07,-12.00,-6.48,71.95,405.00,31.80,32.10,984.00,6.11,10.55,10.92,145.10,0.21,1,13.91,141.23,66.98,1,-30,168,12,18,STAT,60,LAT,LON,W,CRC
07/22/25 23:44:53,32.84,379.51,-9.38,-7.47,70.81,405.00,31.80,30.70,984.00,5.46,9.66,9.98,141.90,0.25,1,13.80,39.89,75.87,1,-24,167,13,17,STAT,60,LAT,LON,W,CRC
07/22/25 23:45:54,32.84,350.53,-12.29,-7.25,71.11,405.00,31.80,31.40,984.00,5.13,9.86,9.97,147.60,0.25,1,13.73,11.27,75.63,1,-27,168,13,18,STAT,60,LAT,LON,W,CRC
07/22/25 23:46:55,32.84,322.90,-13.05,-7.61,70.63,405.00,31.80,30.10,984.00,5.71,10.55,10.81,146.00,0.64,1,13.98,221.71,68.82,1,-30,169,12,18,STAT,60,LAT,LON,W,CRC
07/22/25 23:47:53,32.84,319.67,-13.29,-6.74,70.14,405.00,31.90,31.40,984.00,5.72,10.82,10.91,144.50,0.80,1,13.84,69.58,73.48,1,-36,169,12,17,STAT,60,LAT,LON,W,CRC
07/22/25 23:48:54,32.88,309.61,-10.83,-7.39,71.90,405.00,31.70,31.10,984.00,6.10,9.76,10.50,140.70,0.93,1,13.77,19.65,72.80,1,-36,168,13,18,STAT,60,LAT,LON,W,CRC
07/22/25 23:49:55,32.91,299.87,-9.96,-6.52,69.52,405.65,31.90,31.20,984.00,5.93,10.34,10.77,148.20,0.46,1,13.95,148.78,69.17,1,-38,169,12,18,STAT,60,LAT,LON,W,CRC
07/22/25 23:50:56,32.93,282.72,-13.60,-7.07,69.98,405.88,31.90,30.90,984.00,6.03,9.83,9.98,159.30,0.37,1,13.87,85.50,69.24,1,-30,172,11,17,STAT,60,LAT,LON,W,CRC
07/22/25 23:51:52,32.94,271.26,-11.55,-7.78,69.09,405.95,31.90,30.60,984.00,5.89,10.32,10.82,183.90,0.37,1,13.80,26.83,76.40,1,-26,173,12,17,STAT,60,LAT,LON,W,CRC
07/22/25 23:52:53,32.94,354.64,-11.53,-8.47,68.96,405.98,31.90,30.20,984.00,6.02,9.99,10.34,158.50,0.36,1,13.73,7.58,70.42,1,-22,173,11,17,STAT,60,LAT,LON,W,CRC
07/22/25 23:53:54,32.98,305.95,-9.62,-8.80,68.80,405.99,32.00,30.10,984.00,6.02,9.99,10.47,134.70,0.33,1,13.95,164.90,67.14,1,-20,171,12,16,STAT,60,LAT,LON,W,CRC
07/22/25 23:54:57,33.02,281.29,-13.02,-7.16,67.65,406.00,32.00,30.90,984.00,6.14,10.08,10.28,142.50,0.42,1,13.80,46.57,68.64,1,-15,172,13,16,STAT,60,LAT,LON,W,CRC
07/22/25 23:55:53,33.04,262.52,-10.62,-7.37,67.24,406.00,32.00,30.90,984.00,5.94,9.51,9.75,196.20,0.15,1,13.73,14.61,68.61,1,-16,172,12,16,STAT,60,LAT,LON,W,CRC
07/22/25 23:56:53,33.05,231.28,-11.42,-6.95,67.73,405.91,32.10,31.70,984.00,5.67,9.23,9.56,242.70,0.52,1,14.02,253.70,72.74,1,-11,172,11,16,STAT,60,LAT,LON,W,CRC
07/22/25 23:57:54,33.06,249.81,-13.35,-5.83,68.53,405.97,32.20,33.00,984.00,5.84,9.60,9.72,158.80,0.31,1,13.84,71.65,68.13,1,-18,172,12,15,STAT,60,LAT,LON,W,CRC
07/22/25 23:58:55,33.12,268.43,-11.21,-8.02,69.07,406.26,32.10,31.10,984.00,6.20,10.02,10.21,210.40,0.37,1,13.77,20.24,72.07,1,-21,174,11,16,STAT,60,LAT,LON,W,CRC
07/22/25 23:59:56,33.15,219.08,-10.43,-8.35,70.60,406.13,32.10,31.20,984.00,6.34,9.99,10.23,239.80,0.44,1,13.70,5.72,77.01,1,-8,171,14,17,STAT,60,LAT,LON,W,CRC
07/23/25 00:00:54,33.16,202.85,-10.26,-7.17,70.40,405.59,32.10,31.90,984.00,5.88,9.68,10.09,200.90,0.25,1,13.87,135.00,77.88,1,-8,170,13,17,STAT,60,LAT,LON,W,CRC
07/23/25 00:01:54,33.16,220.93,-9.42,-7.64,71.40,405.21,32.10,31.40,984.00,5.69,10.04,10.29,205.00,0.21,1,13.80,38.13,70.96,1,-13,171,13,17,STAT,60,LAT,LON,W,CRC
07/23/25 00:02:56,33.16,225.20,-9.26,-8.30,72.17,405.07,32.10,30.90,984.00,5.53,9.12,9.55,86.60,0.21,1,13.73,10.77,68.65,1,-13,172,12,17,STAT,60,LAT,LON,W,CRC
07/23/25 00:03:57,33.16,197.20,-6.67,-9.62,73.12,405.03,32.00,29.70,984.00,5.64,9.66,9.93,252.40,1.37,1,13.95,220.62,76.92,1,-6,170,13,18,STAT,60,LAT,LON,W,CRC
07/23/25 00:04:53,33.16,187.11,-13.13,-8.19,72.98,404.78,32.00,31.00,984.00,5.78,10.38,10.77,253.50,1.32,1,13.84,69.23,77.42,1,-7,168,14,18,STAT,60,LAT,LON,W,CRC
07/23/25 00:05:53,33.16,216.26,-11.22,-8.96,73.64,404.27,32.00,30.90,984.00,5.92,10.75,10.89,248.60,1.00,1,13.77,19.55,71.88,1,-18,170,13,18,STAT,60,LAT,LON,W,CRC
07/23/25 00:06:54,33.16,234.20,-12.16,-7.73,72.07,404.10,32.00,31.10,984.00,5.75,10.76,10.81,250.80,0.69,1,13.95,238.55,71.25,1,-20,170,13,18,STAT,60,LAT,LON,W,CRC
07/23/25 00:07:56,33.16,239.22,-11.59,-7.67,74.22,404.03,32.00,30.90,984.00,5.85,10.43,10.53,153.70,0.43,1,13.87,94.67,74.35,1,-19,169,12,18,STAT,60,LAT,LON,W,CRC
07/23/25 00:08:58,33.16,265.15,-7.92,-8.14,71.90,404.01,32.00,30.50,984.00,6.23,9.61,9.79,247.30,0.93,1,13.77,26.74,70.41,1,-26,169,12,18,STAT,60,LAT,LON,W,CRC
07/23/25 00:09:54,33.16,249.71,-10.92,-7.98,72.43,404.00,31.90,30.50,984.00,6.21,9.59,9.94,258.90,2.78,1,13.70,8.39,68.90,1,-23,169,13,18,STAT,60,LAT,LON,W,CRC
07/23/25 00:10:54,33.16,246.28,-10.37,-8.37,73.36,404.00,31.90,31.10,984.00,5.85,10.12,10.40,260.70,2.51,1,13.91,158.45,71.40,1,-23,168,13,18,STAT,60,LAT,LON,W,CRC
07/23/25 00:11:55,33.16,231.76,-9.49,-8.17,72.99,404.00,31.80,31.00,984.00,6.29,10.02,10.12,251.90,1.27,1,13.80,44.75,68.11,1,-17,168,14,18,STAT,60,LAT,LON,W,CRC
07/23/25 00:12:56,33.16,199.14,-8.85,-7.46,71.45,404.00,31.70,31.10,984.00,5.88,9.20,9.23,252.20,0.55,1,13.73,12.64,77.22,1,-8,166,14,18,STAT,60,LAT,LON,W,CRC
07/23/25 00:13:55,33.16,216.24,-8.82,-7.08,71.50,404.58,31.50,31.60,984.00,5.99,9.49,9.89,150.90,0.44,1,13.98,222.80,84.96,1,-13,166,15,18,STAT,60,LAT,LON,W,CRC
07/23/25 00:14:56,33.11,255.72,-7.28,-7.06,71.15,404.85,31.60,31.00,984.00,6.10,10.04,10.57,139.70,0.38,1,13.84,62.93,78.93,1,-24,164,13,18,STAT,60,LAT,LON,W,CRC
07/23/25 00:15:57,33.08,228.70,-9.97,-7.15,70.49,404.95,31.50,31.20,984.00,6.29,10.92,11.14,249.20,0.48,1,13.77,17.77,71.61,1,-15,165,14,18,STAT,60,LAT,LON,W,CRC
07/23/25 00:16:57,33.06,221.04,-12.05,-5.94,70.53,404.98,31.50,31.80,984.00,6.08,10.38,10.51,178.00,0.17,1,13.70,5.02,75.45,1,-13,165,14,18,STAT,60,LAT,LON,W,CRC
07/23/25 00:17:57,33.05,255.34,-11.65,-6.34,72.58,404.99,31.30,31.50,984.00,5.89,9.79,10.17,123.10,0.49,1,13.91,115.72,70.20,1,-21,164,13,19,STAT,60,LAT,LON,W,CRC
07/23/25 00:18:58,33.01,280.99,-12.41,-5.13,71.39,405.16,31.40,32.80,984.00,6.29,10.39,10.91,148.60,0.33,1,13.80,32.68,78.54,1,-21,164,15,18,STAT,60,LAT,LON,W,CRC
07/23/25 00:19:58,32.97,291.15,-10.43,-6.21,70.40,405.06,31.40,31.70,984.00,6.01,9.98,10.46,111.70,0.27,1,13.73,9.23,70.62,1,-25,162,14,18,STAT,60,LAT,LON,W,CRC
07/23/25 00:20:54,32.95,259.65,-12.49,-5.68,70.80,404.41,31.40,32.70,984.00,6.35,9.81,10.06,152.00,0.27,1,13.95,157.86,74.07,1,-19,162,14,17,STAT,60,LAT,LON,W,CRC
07/23/25 00:21:55,32.94,268.26,-10.10,-5.57,71.00,404.14,31.40,31.70,984.00,6.20,9.60,9.93,138.90,0.25,1,13.80,44.59,75.29,1,-19,162,14,18,STAT,60,LAT,LON,W,CRC
07/23/25 00:22:56,32.92,303.94,-10.97,-5.61,71.43,404.05,31.40,33.10,984.00,5.73,9.28,9.75,141.40,0.43,1,13.73,12.59,71.14,1,-31,161,13,17,STAT,60,LAT,LON,W,CRC
07/23/25 00:23:58,32.87,315.68,-10.17,-6.57,71.20,404.02,31.50,32.10,984.00,6.42,9.85,10.14,156.40,0.24,1,14.02,284.03,67.88,1,-34,162,12,17,STAT,60,LAT,LON,W,CRC
07/23/25 00:24:59,32.85,306.60,-12.80,-6.08,72.13,404.65,31.40,33.60,984.00,5.96,9.11,9.21,94.70,0.29,1,13.84,80.22,72.67,1,-26,161,13,17,STAT,60,LAT,LON,W,CRC
07/23/25 00:25:59,32.84,284.30,-9.97,-7.00,71.35,404.88,31.30,32.10,984.00,5.99,9.62,10.15,261.80,0.64,1,13.77,22.66,71.78,1,-18,159,13,17,STAT,60,LAT,LON,W,CRC
07/23/25 00:26:59,32.84,278.97,-10.48,-6.84,70.39,404.79,31.30,32.40,984.00,6.13,10.37,11.18,251.50,0.72,1,13.77,137.43,75.12,1,-23,160,14,17,STAT,60,LAT,LON,W,CRC
07/23/25 00:27:59,32.83,270.02,-11.09,-5.58,70.51,404.28,31.30,33.10,984.00,6.56,11.26,11.55,252.70,0.63,1,13.87,116.91,76.98,1,-22,158,14,17,STAT,60,LAT,LON,W,CRC
07/23/25 00:29:00,32.79,297.91,-0.03,-5.05,70.18,404.10,31.30,32.60,984.00,6.02,10.89,11.31,143.70,0.52,1,13.80,33.02,70.68,1,-20,157,13,17,STAT,60,LAT,LON,W,CRC
07/23/25 00:30:01,32.75,348.03,-7.15,-5.24,69.07,404.68,31.20,31.90,984.00,6.09,10.61,11.25,126.20,0.47,1,13.70,9.33,77.33,1,-32,158,13,17,STAT,60,LAT,LON,W,CRC
07/23/25 00:30:56,32.74,337.43,-7.86,-7.21,71.60,404.42,31.30,31.30,984.00,5.62,9.52,10.08,261.70,2.13,1,13.95,206.44,71.60,1,-37,158,12,18,STAT,60,LAT,LON,W,CRC
07/23/25 00:31:57,32.73,330.73,-10.19,-6.93,71.76,404.25,31.20,32.10,984.00,5.87,9.46,9.90,261.50,2.47,1,13.84,58.30,76.55,1,-39,156,13,17,STAT,60,LAT,LON,W,CRC
07/23/25 00:32:58,32.72,390.84,-7.38,-5.44,69.66,404.09,31.30,32.80,984.00,5.79,9.30,10.08,258.00,1.48,1,13.77,16.47,72.54,1,-31,156,14,17,STAT,60,LAT,LON,W,CRC
07/23/25 00:34:01,32.66,367.53,-9.94,-6.21,69.30,404.03,31.30,32.50,984.00,5.92,10.28,10.79,259.90,3.06,1,14.02,296.03,77.87,1,-29,157,13,16,STAT,60,LAT,LON,W,CRC
07/23/25 00:34:57,32.64,330.23,-12.58,-5.78,69.32,404.01,31.20,32.70,984.00,6.45,9.96,10.13,257.20,2.35,1,13.87,92.90,71.98,1,-30,157,13,16,STAT,60,LAT,LON,W,CRC
07/23/25 00:35:58,32.63,293.53,-11.31,-5.50,70.49,404.00,31.20,33.10,984.00,6.11,9.58,9.68,252.20,1.03,1,13.77,26.24,69.08,1,-24,155,12,17,STAT,60,LAT,LON,W,CRC
07/23/25 00:36:58,32.62,270.26,-9.51,-5.03,69.30,404.00,31.20,33.30,984.00,5.97,10.55,10.74,226.70,0.29,1,13.70,7.41,71.73,1,-15,154,12,16,STAT,60,LAT,LON,W,CRC
07/23/25 00:37:58,32.61,285.39,-11.74,-5.19,70.21,404.00,31.10,33.50,984.00,5.87,9.82,10.16,144.90,0.19,1,13.91,130.88,71.77,1,-19,154,12,17,STAT,60,LAT,LON,W,CRC
07/23/25 00:38:59,32.57,312.94,-11.14,-5.27,70.35,404.00,31.10,33.30,984.00,5.81,9.46,9.63,248.00,0.69,1,13.80,36.96,73.07,1,-29,155,13,17,STAT,60,LAT,LON,W,CRC
07/23/25 00:40:01,32.53,311.72,-10.74,-5.40,69.38,404.00,31.20,32.80,984.00,5.96,9.93,10.00,235.70,0.25,1,13.70,10.44,75.39,1,-28,154,12,17,STAT,60,LAT,LON,W,CRC
07/23/25 00:40:58,32.52,295.55,-11.03,-5.56,70.00,404.00,31.20,33.20,984.00,5.78,9.38,9.50,258.90,1.33,1,13.95,224.62,69.87,1,-25,153,13,17,STAT,60,LAT,LON,W,CRC
07/23/25 00:41:58,32.51,293.56,-12.10,-5.07,69.90,403.46,31.10,33.30,984.00,5.86,9.70,10.00,259.90,1.37,1,13.84,63.44,68.81,1,-27,154,12,17,STAT,60,LAT,LON,W,CRC
07/23/25 00:42:59,32.51,291.40,-12.69,-4.60,68.93,402.93,31.10,33.30,984.00,5.95,10.04,10.29,257.30,1.93,1,13.77,17.92,72.85,1,-27,154,13,17,STAT,60,LAT,LON,W,CRC
07/23/25 00:44:00,32.51,307.30,-10.33,-5.42,69.61,402.33,31.10,32.80,984.00,6.36,10.25,10.43,258.80,2.55,1,13.95,214.32,68.29,1,-32,152,13,17,STAT,60,LAT,LON,W,CRC
07/23/25 00:45:01,32.48,294.44,-10.26,-6.06,70.39,402.12,31.00,33.00,984.00,5.78,9.55,9.84,259.80,2.09,1,13.87,90.35,71.77,1,-29,152,13,17,STAT,60,LAT,LON,W,CRC
07/23/25 00:45:57,32.43,280.92,-11.40,-4.77,68.65,401.65,30.90,33.80,984.00,5.92,9.41,9.51,258.40,1.34,1,13.80,28.35,69.10,1,-25,150,13,16,STAT,60,LAT,LON,W,CRC
07/23/25 00:47:01,32.41,268.95,-11.41,-5.06,69.92,401.23,30.90,33.70,984.00,5.99,9.80,10.29,257.20,1.62,1,13.70,8.01,74.00,1,-22,149,13,16,STAT,60,LAT,LON,W,CRC
07/23/25 00:48:02,32.40,266.97,-11.08,-4.56,69.95,401.08,30.80,33.70,984.00,5.53,9.27,9.46,257.10,1.72,1,13.91,138.17,72.97,1,-22,148,13,16,STAT,60,LAT,LON,W,CRC
07/23/25 00:49:03,32.35,275.80,-12.33,-4.23,68.00,401.03,30.80,34.60,984.00,6.25,10.07,10.45,257.20,0.81,1,13.80,39.02,68.76,1,-25,149,14,16,STAT,60,LAT,LON,W,CRC
07/23/25 00:49:59,32.32,317.83,-9.60,-4.59,67.28,401.01,30.70,33.30,984.00,6.20,10.14,10.44,244.00,0.53,1,13.73,12.25,73.66,1,-29,149,13,16,STAT,60,LAT,LON,W,CRC
07/23/25 00:50:59,32.30,316.81,-11.11,-4.39,68.07,401.00,30.70,33.70,984.00,6.59,10.77,11.15,256.90,1.29,1,14.02,246.12,69.59,1,-30,148,13,16,STAT,60,LAT,LON,W,CRC
07/23/25 00:51:59,32.28,317.40,-10.86,-4.75,69.69,401.00,30.70,33.80,984.00,6.05,9.58,9.83,258.90,1.61,1,13.87,69.51,71.32,1,-32,147,13,16,STAT,60,LAT,LON,W,CRC
07/23/25 00:53:02,32.22,314.78,-8.53,-4.49,68.79,401.00,30.50,33.60,984.00,5.85,9.35,9.53,261.30,3.32,1,13.73,19.63,73.08,1,-27,146,12,16,STAT,60,LAT,LON,W,CRC
07/23/25 00:53:58,32.20,294.24,-9.12,-4.22,69.37,400.77,30.50,34.20,984.00,6.29,10.00,10.16,261.60,2.47,1,13.70,6.16,73.61,1,-25,144,13,16,STAT,60,LAT,LON,W,CRC
07/23/25 00:54:59,32.17,302.19,-12.37,-3.56,67.71,400.27,30.30,34.30,984.00,6.68,10.87,11.15,262.60,2.31,1,13.91,132.22,70.10,1,-31,145,13,16,STAT,60,LAT,LON,W,CRC
07/23/25 00:55:59,32.11,316.12,-10.48,-3.59,67.65,400.39,30.20,33.70,984.00,6.75,11.30,11.57,265.10,3.99,1,13.80,37.34,75.25,1,-37,144,13,16,STAT,60,LAT,LON,W,CRC
07/23/25 00:57:00,32.08,329.46,-9.08,-3.49,67.05,400.79,30.20,34.30,984.00,6.76,10.97,11.22,262.30,2.91,1,13.73,10.55,70.05,1,-41,142,14,16,STAT,60,LAT,LON,W,CRC
07/23/25 00:58:00,32.02,297.60,-9.06,-4.21,67.80,400.92,30.10,34.00,984.00,6.43,10.10,10.31,261.20,4.57,1,13.95,236.57,71.73,1,-31,140,14,17,STAT,60,LAT,LON,W,CRC
07/23/25 00:59:01,31.99,289.62,-10.30,-3.84,68.27,400.97,30.10,34.80,984.00,6.27,9.40,9.55,261.30,2.73,1,13.84,66.81,69.72,1,-27,140,14,16,STAT,60,LAT,LON,W,CRC
07/23/25 01:00:04,31.92,293.06,-10.86,-2.98,68.19,400.41,30.10,34.70,984.00,6.26,9.10,9.39,258.70,1.17,1,13.73,18.87,76.50,1,-29,139,13,17,STAT,60,LAT,LON,W,CRC
07/23/25 01:01:01,31.88,309.16,-10.94,-2.62,67.96,400.16,30.20,35.50,984.00,6.39,9.58,9.75,262.40,0.38,1,13.91,181.18,74.68,1,-33,139,13,17,STAT,60,LAT,LON,W,CRC
07/23/25 01:02:02,31.83,318.39,-9.42,-3.90,67.93,400.06,30.00,34.40,984.00,6.84,11.37,11.85,264.00,3.05,1,13.87,84.71,70.23,1,-32,138,12,16,STAT,60,LAT,LON,W,CRC
07/23/25 01:03:02,31.78,315.55,-8.59,-3.91,67.59,400.02,29.90,34.10,984.00,6.36,10.57,10.86,263.00,3.60,1,13.80,23.92,71.33,1,-33,137,13,16,STAT,60,LAT,LON,W,CRC
07/23/25 01:04:03,31.73,315.55,-9.24,-2.83,67.99,400.01,29.90,34.70,984.00,6.19,10.27,10.37,260.80,3.16,1,13.70,6.76,69.87,1,-35,135,12,17,STAT,60,LAT,LON,W,CRC
07/23/25 01:05:03,31.68,329.54,-10.06,-3.22,67.74,400.00,29.80,34.90,984.00,6.48,10.23,10.71,260.90,3.72,1,13.95,174.32,71.65,1,-32,135,13,16,STAT,60,LAT,LON,W,CRC
07/23/25 01:06:05,31.63,429.02,-9.68,-2.88,66.64,400.00,29.80,35.30,984.00,6.19,10.06,10.60,261.60,3.30,1,13.80,49.23,69.69,1,-32,134,13,16,STAT,60,LAT,LON,W,CRC
07/23/25 01:07:00,31.58,387.30,-8.90,-2.39,66.42,400.00,29.80,35.50,984.00,6.57,10.36,10.72,258.60,1.68,1,13.73,15.45,71.18,1,-31,132,14,16,STAT,60,LAT,LON,W,CRC
07/23/25 01:08:01,31.55,357.20,-9.47,-2.98,66.85,400.00,29.80,35.20,984.00,6.04,9.57,9.69,259.30,2.97,1,13.98,266.97,71.45,1,-35,133,13,16,STAT,60,LAT,LON,W,CRC
07/23/25 01:09:02,31.49,349.50,-9.95,-2.88,67.19,400.00,29.80,35.10,984.00,6.23,9.79,10.27,260.40,3.05,1,13.87,84.21,69.37,1,-39,133,13,16,STAT,60,LAT,LON,W,CRC
07/23/25 01:10:02,31.45,344.49,-10.11,-2.93,67.10,400.00,29.80,35.30,984.00,5.71,9.46,9.76,260.90,2.44,1,13.77,23.78,72.52,1,-39,133,12,16,STAT,60,LAT,LON,W,CRC
07/23/25 01:11:04,31.43,331.66,-10.46,-2.85,67.26,399.74,29.80,35.60,984.00,5.88,9.48,9.90,258.40,1.40,1,13.70,6.72,72.35,1,-35,133,12,16,STAT,60,LAT,LON,W,CRC
07/23/25 01:12:00,31.37,328.88,-10.39,-3.48,67.00,399.28,29.80,34.90,984.00,5.51,8.94,9.48,272.00,0.44,1,13.91,184.14,68.48,1,-33,134,12,16,STAT,60,LAT,LON,W,CRC
07/23/25 01:13:03,31.34,310.91,-12.58,-2.75,65.09,398.83,29.80,35.30,984.00,6.02,9.11,9.66,122.50,0.15,1,13.80,52.01,73.16,1,-30,132,11,15,STAT,60,LAT,LON,W,CRC
07/23/25 01:14:05,31.32,320.26,-9.61,-2.44,64.23,398.91,29.80,34.80,984.00,6.20,10.05,10.89,80.60,0.26,1,13.73,14.69,69.43,1,-34,130,11,15,STAT,60,LAT,LON,W,CRC
07/23/25 01:15:01,31.26,329.88,-11.10,-2.10,63.03,398.96,29.80,35.60,984.00,6.27,10.18,10.85,106.80,0.49,1,14.02,268.26,67.78,1,-36,131,11,14,STAT,60,LAT,LON,W,CRC
07/23/25 01:16:02,31.24,330.49,-11.15,-2.56,64.17,398.99,29.70,35.40,984.00,6.22,9.89,10.29,80.80,0.47,1,13.87,83.26,74.62,1,-36,132,11,14,STAT,60,LAT,LON,W,CRC
07/23/25 01:17:02,31.23,329.61,-9.29,-2.60,64.92,398.66,29.80,35.70,984.00,6.20,10.33,10.54,239.60,0.33,1,13.77,23.51,69.73,1,-32,129,11,15,STAT,60,LAT,LON,W,CRC
07/23/25 01:18:03,31.21,337.12,-8.79,-3.14,64.85,398.88,29.80,34.70,984.00,5.87,8.94,9.13,258.50,1.90,1,13.70,6.64,75.24,1,-34,129,11,15,STAT,60,LAT,LON,W,CRC
07/23/25 01:19:05,31.15,363.40,-11.05,-2.40,64.07,398.96,29.80,35.20,984.00,6.16,9.35,9.41,260.00,2.16,1,13.95,174.55,74.36,1,-43,130,11,14,STAT,60,LAT,LON,W,CRC
07/23/25 01:20:02,31.13,334.61,-7.65,-2.55,63.42,398.98,29.70,34.50,984.00,5.97,9.52,9.54,260.40,0.40,1,13.80,54.77,72.80,1,-35,128,11,14,STAT,60,LAT,LON,W,CRC
07/23/25 01:21:04,31.12,303.91,-7.85,-1.86,61.95,398.99,29.70,35.00,984.00,5.53,9.26,9.28,90.60,0.20,1,13.73,15.47,69.28,1,-28,127,11,14,STAT,60,LAT,LON,W,CRC
07/23/25 01:22:01,31.10,326.13,-7.99,-2.38,63.05,399.00,29.70,34.90,984.00,5.76,8.87,9.20,76.30,0.50,1,13.91,191.21,67.86,1,-35,127,11,15,STAT,60,LAT,LON,W,CRC
07/23/25 01:23:03,31.05,327.51,-10.03,-2.57,62.79,399.41,29.70,34.60,984.00,5.76,8.90,9.19,79.30,0.54,1,13.87,87.91,66.89,1,-35,128,11,15,STAT,60,LAT,LON,W,CRC
07/23/25 01:24:00,31.03,316.65,-8.53,-1.72,61.13,399.77,29.70,35.10,984.00,5.80,9.40,9.62,178.40,0.03,1,13.80,27.59,68.56,1,-33,127,11,14,STAT,60,LAT,LON,W,CRC
07/23/25 01:25:02,31.01,326.78,-8.09,-2.00,61.85,399.92,29.80,35.30,984.00,5.93,9.59,9.83,119.80,0.11,1,13.70,7.79,67.99,1,-36,126,10,14,STAT,60,LAT,LON,W,CRC
07/23/25 01:26:00,31.01,330.58,-9.65,-1.58,60.88,399.97,29.80,35.40,984.00,5.88,9.39,9.79,125.30,0.20,1,13.95,211.45,72.44,1,-35,126,10,13,STAT,60,LAT,LON,W,CRC
07/23/25 01:27:01,30.99,330.41,-7.63,-2.61,61.77,399.99,29.80,35.10,984.00,6.49,10.27,10.53,249.60,0.38,1,13.84,59.72,80.87,1,-35,125,10,13,STAT,60,LAT,LON,W,CRC
07/23/25 01:28:02,30.94,337.15,-8.78,-1.91,61.99,400.00,29.80,35.30,984.00,6.40,10.63,10.97,127.90,0.32,1,13.77,16.87,72.52,1,-37,125,10,14,STAT,60,LAT,LON,W,CRC
07/23/25 01:29:04,30.91,341.96,-7.60,-2.12,61.43,400.00,29.80,34.70,984.00,6.06,9.97,10.32,81.70,0.35,1,13.80,123.34,68.77,1,-39,125,10,14,STAT,60,LAT,LON,W,CRC
07/23/25 01:30:04,30.91,322.61,-7.62,-2.17,61.41,400.00,29.80,34.40,984.00,6.09,9.69,10.22,87.50,0.26,1,13.91,117.34,70.28,1,-33,124,10,14,STAT,60,LAT,LON,W,CRC
07/23/25 01:31:01,30.90,314.67,-9.31,-2.35,62.09,400.00,29.90,35.20,984.00,5.99,9.82,10.20,112.60,0.07,1,13.80,36.82,78.35,1,-32,126,10,14,STAT,60,LAT,LON,W,CRC
07/23/25 01:32:02,30.90,341.29,-6.83,-2.26,60.96,400.00,29.90,34.60,984.00,5.85,9.93,10.35,72.30,0.55,1,13.73,10.40,76.48,1,-34,126,10,14,STAT,60,LAT,LON,W,CRC
07/23/25 01:33:05,30.89,322.51,-8.19,-1.92,60.33,400.00,29.90,34.50,984.00,5.81,10.23,11.04,66.50,0.32,1,13.98,242.17,74.81,1,-31,126,10,13,STAT,60,LAT,LON,W,CRC
07/23/25 01:34:06,30.86,330.29,-8.67,-1.99,60.57,400.00,29.90,34.60,984.00,5.63,9.32,9.75,91.30,0.12,1,13.84,68.40,68.96,1,-36,124,10,13,STAT,60,LAT,LON,W,CRC
07/23/25 01:35:02,30.82,341.50,-8.58,-1.96,60.89,400.00,30.00,34.80,984.00,5.71,10.25,10.60,121.90,0.23,1,13.77,21.46,69.15,1,-39,124,9,13,STAT,60,LAT,LON,W,CRC
07/23/25 01:36:03,30.80,342.55,-8.06,-2.69,60.73,400.00,30.00,34.40,984.00,5.60,9.65,9.76,213.80,0.22,1,13.70,6.06,75.51,1,-36,125,9,12,STAT,60,LAT,LON,W,CRC
07/23/25 01:37:04,30.80,342.82,-7.64,-2.81,60.19,400.00,30.00,34.00,984.00,5.58,9.78,10.00,250.90,0.78,1,13.95,167.66,73.86,1,-34,124,10,13,STAT,60,LAT,LON,W,CRC
07/23/25 01:38:05,30.80,337.75,-8.83,-2.47,60.52,400.00,30.00,34.80,984.00,5.95,9.47,9.73,257.50,0.22,1,13.84,47.35,71.01,1,-35,125,10,13,STAT,60,LAT,LON,W,CRC
07/23/25 01:39:03,30.79,337.89,-8.64,-2.33,59.26,400.00,30.00,33.90,984.00,6.00,9.64,9.73,149.80,0.03,1,13.73,14.86,71.85,1,-34,125,10,13,STAT,60,LAT,LON,W,CRC
07/23/25 01:40:04,30.79,344.22,-7.06,-3.02,60.21,400.00,30.00,33.80,984.00,5.74,9.27,9.47,253.60,0.68,1,13.84,138.21,81.46,1,-33,125,9,13,STAT,60,LAT,LON,W,CRC
07/23/25 01:41:05,30.79,338.85,-7.06,-2.38,60.33,400.00,30.00,33.70,984.00,5.91,9.52,9.59,237.10,0.57,1,13.91,104.73,71.28,1,-35,124,10,13,STAT,60,LAT,LON,W,CRC
07/23/25 01:42:07,30.79,324.89,-8.01,-2.92,60.38,400.00,30.00,33.80,984.00,6.26,10.33,10.54,249.30,0.83,1,13.80,29.58,69.24,1,-33,124,10,13,STAT,60,LAT,LON,W,CRC
07/23/25 01:43:08,30.79,307.46,-9.50,-2.14,60.93,400.39,30.00,34.90,984.00,6.10,10.48,10.61,247.40,0.38,1,13.73,8.35,70.55,1,-29,123,10,13,STAT,60,LAT,LON,W,CRC
07/23/25 01:44:04,30.79,315.12,-7.09,-2.67,60.65,400.56,30.00,33.70,984.00,6.26,10.74,10.89,241.30,0.06,1,13.91,214.73,69.39,1,-30,124,10,13,STAT,60,LAT,LON,W,CRC
07/23/25 01:45:04,30.77,312.22,-8.57,-2.79,60.46,400.20,30.00,34.20,984.00,6.16,10.30,10.38,256.90,1.18,1,13.87,98.76,71.52,1,-31,125,10,13,STAT,60,LAT,LON,W,CRC
07/23/25 01:46:07,30.77,314.66,-7.22,-2.26,58.30,400.07,30.00,34.30,984.00,6.18,9.90,10.09,242.70,0.30,1,13.77,27.89,72.64,1,-32,122,9,12,STAT,60,LAT,LON,W,CRC
07/23/25 01:47:04,30.74,307.75,-5.01,-2.35,58.91,400.03,30.00,33.90,984.00,6.19,9.71,9.84,111.80,0.13,1,13.73,8.75,70.83,1,-31,121,9,13,STAT,60,LAT,LON,W,CRC
07/23/25 01:48:07,30.71,318.61,-5.98,-2.28,59.58,400.01,30.00,34.80,984.00,5.87,9.55,9.72,227.00,0.23,1,14.02,254.33,68.61,1,-29,121,9,12,STAT,60,LAT,LON,W,CRC
07/23/25 01:49:04,30.70,374.82,-4.54,-1.55,60.06,400.58,30.00,34.80,984.00,5.94,9.65,9.92,70.20,0.14,1,13.87,79.81,68.90,1,-30,122,9,13,STAT,60,LAT,LON,W,CRC
07/23/25 01:50:05,30.69,363.41,-5.24,-2.50,60.24,400.85,29.90,34.10,984.00,6.19,9.28,9.48,165.60,0.46,1,13.77,22.54,69.54,1,-32,121,9,13,STAT,60,LAT,LON,W,CRC
07/23/25 01:51:07,30.69,419.76,-2.91,-1.73,58.75,401.40,29.90,34.30,984.00,6.23,9.72,9.92,136.40,0.36,1,13.70,6.37,68.42,1,-35,121,9,13,STAT,60,LAT,LON,W,CRC
07/23/25 01:52:04,30.69,371.54,-5.50,-1.47,57.07,401.77,29.90,34.20,984.00,5.92,9.72,9.78,251.50,0.68,1,13.95,211.67,73.98,1,-33,122,9,12,STAT,60,LAT,LON,W,CRC
