DATE,TE,CO,NO,NO2,O3,CO2,T,RH,P,PM1.0,PM2.5,PM10,WD,WS,PWR,BATT,CHRG,RUN,SD,RAW,191,159,33,-21,86,0,0.00000,0.00000,0,623251635
07/31/25 03:54:51,32.28,357.50,-1.16,-9.36,76.88,409.94,31.40,24.80,987.00,4.00,5.49,5.49,251.00,1.53,1,13.13,0.00,77.87,1,-38,124,14,15,STAT,60,LAT,LON,W,CRC
07/31/25 03:55:48,32.24,361.66,-3.06,-8.49,78.12,409.59,31.50,25.10,987.00,4.23,6.19,6.19,249.90,1.13,1,13.13,0.00,72.73,1,-40,125,13,16,STAT,60,LAT,LON,W,CRC
07/31/25 03:56:51,32.21,355.83,-0.46,-9.16,77.58,409.24,31.50,25.00,987.00,4.27,6.25,6.25,260.50,2.95,1,13.13,0.00,71.99,1,-39,123,13,15,STAT,60,LAT,LON,W,CRC
07/31/25 03:57:52,32.19,349.25,-3.29,-8.45,77.61,409.59,31.50,25.10,987.00,4.94,7.26,7.37,261.60,3.69,1,13.13,0.00,71.02,1,-37,124,13,16,STAT,60,LAT,LON,W,CRC
07/31/25 03:58:49,32.19,356.33,-3.48,-8.69,76.91,409.84,31.50,25.30,987.00,4.65,6.89,6.93,256.20,1.77,1,13.13,0.00,78.63,1,-39,125,14,15,STAT,60,LAT,LON,W,CRC
07/31/25 03:59:51,32.19,359.21,-2.66,-8.55,77.41,409.94,31.40,25.70,987.00,4.50,6.60,6.62,241.60,0.57,1,13.13,0.00,72.72,1,-39,124,14,15,STAT,60,LAT,LON,W,CRC
07/31/25 04:00:53,32.17,341.03,-1.31,-8.73,76.67,410.27,31.40,25.50,987.00,4.62,7.14,7.14,170.80,0.23,1,13.13,0.00,70.56,1,-35,122,15,15,STAT,60,LAT,LON,W,CRC
07/31/25 04:01:52,32.14,337.74,-0.88,-8.68,76.21,410.49,31.40,25.70,988.00,4.66,6.79,6.79,199.10,0.25,1,13.13,0.00,73.82,1,-34,121,15,15,STAT,60,LAT,LON,W,CRC
07/31/25 04:02:49,32.10,334.74,-3.54,-8.19,76.51,410.19,31.30,26.10,988.00,4.37,6.71,6.71,111.70,0.12,1,13.13,0.00,71.19,1,-33,121,15,15,STAT,60,LAT,LON,W,CRC
07/31/25 04:03:51,32.09,333.49,-3.54,-9.10,77.68,410.07,31.20,26.10,988.00,4.52,6.24,6.24,251.10,0.59,1,13.13,0.00,70.58,1,-30,122,14,15,STAT,60,LAT,LON,W,CRC
07/31/25 04:04:53,32.08,335.10,-1.30,-8.32,76.39,410.02,31.10,25.80,988.00,4.18,5.90,6.20,158.70,0.17,1,13.13,0.00,74.25,1,-33,120,14,16,STAT,60,LAT,LON,W,CRC
07/31/25 04:05:50,32.07,338.04,-2.98,-7.68,75.93,410.01,31.10,26.00,988.00,4.36,6.15,6.26,193.60,0.30,1,13.13,0.00,70.95,1,-35,120,14,16,STAT,60,LAT,LON,W,CRC
07/31/25 04:06:52,32.04,347.01,-2.08,-8.74,75.93,410.00,31.10,25.50,988.00,4.33,6.42,6.57,254.40,1.59,1,13.16,0.00,71.10,1,-38,122,13,15,STAT,60,LAT,LON,W,CRC
07/31/25 04:07:50,32.00,372.57,-4.03,-8.32,75.22,410.00,31.20,26.10,988.00,4.51,6.52,6.63,244.40,0.46,1,13.13,0.00,73.83,1,-44,123,14,15,STAT,60,LAT,LON,W,CRC
07/31/25 04:08:52,31.98,372.24,-0.31,-8.47,74.88,410.00,31.20,25.70,988.00,4.95,7.12,7.19,251.40,0.58,1,13.13,0.00,72.49,1,-43,120,13,15,STAT,60,LAT,LON,W,CRC
07/31/25 04:09:53,31.97,377.38,-0.66,-9.17,76.26,410.00,31.20,25.60,988.00,4.55,6.25,6.27,240.90,0.39,1,13.13,0.00,79.03,1,-44,120,12,15,STAT,60,LAT,LON,W,CRC
07/31/25 04:10:49,31.97,353.43,-2.55,-8.64,76.14,410.00,31.20,25.90,988.00,4.78,6.56,6.57,135.80,0.18,1,13.13,0.00,76.98,1,-38,122,13,15,STAT,60,LAT,LON,W,CRC
07/31/25 04:11:51,31.95,344.91,-1.24,-8.30,75.64,410.00,31.20,25.80,988.00,4.92,6.81,6.81,137.10,0.08,1,13.13,0.00,71.82,1,-35,121,13,15,STAT,60,LAT,LON,W,CRC
07/31/25 04:12:53,31.91,340.77,-3.30,-8.36,77.06,410.00,31.20,26.10,988.00,4.83,6.71,6.76,196.70,0.29,1,13.13,0.00,74.63,1,-35,119,13,15,STAT,60,LAT,LON,W,CRC
07/31/25 04:13:49,31.88,342.06,-2.73,-8.37,76.59,410.00,31.10,26.20,988.00,4.69,6.80,6.85,223.00,0.35,1,13.13,0.00,73.95,1,-36,121,13,15,STAT,60,LAT,LON,W,CRC
07/31/25 04:14:53,31.87,338.59,-3.14,-7.72,74.62,409.97,31.00,26.40,988.00,4.78,7.16,7.18,149.50,0.50,1,13.13,0.00,82.16,1,-35,120,14,14,STAT,60,LAT,LON,W,CRC
07/31/25 04:15:54,31.87,333.42,-1.82,-8.42,74.69,409.99,31.00,26.00,988.00,4.81,6.98,6.99,139.70,0.35,1,13.13,0.00,79.61,1,-34,119,13,14,STAT,60,LAT,LON,W,CRC
07/31/25 04:16:50,31.86,333.67,-1.91,-7.71,74.33,410.00,31.00,26.70,988.00,4.74,6.60,6.60,121.50,0.36,1,13.13,0.00,74.18,1,-34,118,14,15,STAT,60,LAT,LON,W,CRC
07/31/25 04:17:52,31.84,336.53,-1.17,-8.18,75.71,410.00,30.90,26.20,988.00,4.44,6.11,6.11,132.10,0.14,1,13.13,0.00,71.12,1,-35,118,14,15,STAT,60,LAT,LON,W,CRC
07/31/25 04:18:54,31.79,341.68,-1.32,-8.02,74.73,409.50,30.90,26.10,988.00,4.44,5.90,5.90,246.70,0.91,1,13.13,0.00,72.17,1,-37,119,13,15,STAT,60,LAT,LON,W,CRC
07/31/25 04:19:51,31.77,349.66,-0.12,-8.20,75.90,409.26,30.90,26.10,988.00,4.39,6.66,6.66,94.30,0.14,1,13.13,0.00,71.09,1,-39,116,13,15,STAT,60,LAT,LON,W,CRC
07/31/25 04:20:53,31.76,356.53,-1.49,-7.83,75.02,409.13,30.90,26.40,988.00,4.35,6.88,6.88,240.60,0.57,1,13.13,0.00,70.66,1,-40,117,13,15,STAT,60,LAT,LON,W,CRC
07/31/25 04:21:51,31.76,346.18,-0.24,-8.05,74.01,409.05,30.90,26.10,988.00,4.45,6.73,6.73,251.10,0.40,1,13.13,0.00,72.90,1,-37,116,13,14,STAT,60,LAT,LON,W,CRC
07/31/25 04:22:53,31.74,356.04,-0.83,-8.12,74.49,409.02,30.90,26.30,988.00,5.12,7.21,7.21,116.40,0.26,1,13.13,0.00,71.07,1,-40,116,13,14,STAT,60,LAT,LON,W,CRC
07/31/25 04:23:53,31.71,352.34,-0.38,-8.29,75.02,409.01,30.90,26.20,988.00,5.09,7.01,7.01,121.60,0.27,1,13.13,0.00,73.99,1,-39,116,14,14,STAT,60,LAT,LON,W,CRC
07/31/25 04:24:50,31.67,342.64,-1.76,-7.31,72.32,409.23,30.90,26.50,988.00,4.89,7.15,7.29,213.00,0.19,1,13.13,0.00,73.12,1,-36,117,14,14,STAT,60,LAT,LON,W,CRC
07/31/25 04:25:52,31.66,341.82,-1.08,-7.06,72.99,409.70,30.80,26.60,988.00,4.48,6.53,6.88,218.20,0.20,1,13.13,0.00,72.28,1,-35,115,14,14,STAT,60,LAT,LON,W,CRC
07/31/25 04:26:54,31.65,335.90,-1.17,-6.80,72.27,409.89,30.80,26.60,988.00,4.40,6.80,6.92,240.60,0.48,1,13.13,0.00,73.79,1,-34,115,13,14,STAT,60,LAT,LON,W,CRC
07/31/25 04:27:52,31.65,342.63,-2.01,-6.47,72.37,409.96,30.70,26.60,988.00,4.27,6.55,6.59,152.50,0.51,1,13.13,0.00,79.58,1,-38,116,14,14,STAT,60,LAT,LON,W,CRC
07/31/25 04:28:54,31.63,336.20,0.26,-7.25,72.35,409.99,30.70,26.20,988.00,4.58,6.77,6.78,210.70,0.40,1,13.13,0.00,75.39,1,-36,114,13,14,STAT,60,LAT,LON,W,CRC
07/31/25 04:29:56,31.58,339.47,-1.92,-6.69,71.80,409.99,30.70,26.70,988.00,4.66,6.42,6.69,179.40,0.34,1,13.13,0.00,81.36,1,-37,115,12,14,STAT,60,LAT,LON,W,CRC
07/31/25 04:30:52,31.56,336.44,-2.36,-6.17,70.85,410.00,30.60,26.70,988.00,4.33,6.17,6.28,185.30,0.42,1,13.13,0.00,86.43,1,-35,114,13,14,STAT,60,LAT,LON,W,CRC
07/31/25 04:31:54,31.55,325.19,-0.62,-6.62,70.06,410.00,30.60,26.60,988.00,4.75,6.98,7.16,180.90,0.30,1,13.13,0.00,86.53,1,-33,113,13,14,STAT,60,LAT,LON,W,CRC
07/31/25 04:32:51,31.54,349.65,-1.58,-7.03,70.20,410.00,30.50,26.60,988.00,4.81,7.44,7.59,140.00,0.57,1,13.13,0.00,90.86,1,-40,113,13,14,STAT,60,LAT,LON,W,CRC
07/31/25 04:33:53,31.53,337.54,-2.27,-7.09,71.17,410.00,30.50,26.60,988.00,4.48,6.80,6.87,138.70,1.06,1,13.13,0.00,91.27,1,-37,114,13,14,STAT,60,LAT,LON,W,CRC
07/31/25 04:34:55,31.48,335.82,-1.34,-6.84,71.18,410.00,30.40,26.70,988.00,4.43,6.52,6.54,142.40,0.98,1,13.13,0.00,84.04,1,-36,112,12,14,STAT,60,LAT,LON,W,CRC
07/31/25 04:35:52,31.45,338.73,0.21,-6.04,69.22,410.00,30.40,26.80,988.00,4.16,6.37,6.38,136.20,0.92,1,13.13,0.00,74.92,1,-37,111,13,14,STAT,60,LAT,LON,W,CRC
07/31/25 04:36:53,31.44,333.68,-0.88,-7.13,70.71,410.00,30.30,26.90,988.00,4.16,6.45,6.45,142.40,0.97,1,13.13,0.00,78.65,1,-35,111,13,14,STAT,60,LAT,LON,W,CRC
07/31/25 04:37:55,31.43,340.28,-1.42,-6.34,70.24,410.23,30.20,26.80,988.00,4.79,7.09,7.31,137.30,1.35,1,13.13,0.00,76.78,1,-38,111,12,14,STAT,60,LAT,LON,W,CRC
07/31/25 04:38:52,31.38,339.99,-1.19,-5.97,69.27,411.04,30.20,27.00,988.00,4.93,7.33,7.68,132.20,1.45,1,13.13,0.00,75.07,1,-38,109,12,14,STAT,60,LAT,LON,W,CRC
07/31/25 04:39:53,31.34,334.37,-0.92,-6.02,68.73,412.12,30.20,27.40,988.00,4.85,6.91,7.05,140.90,0.80,1,13.13,0.00,72.13,1,-36,109,11,14,STAT,60,LAT,LON,W,CRC
07/31/25 04:40:57,31.33,339.21,-2.51,-5.83,68.15,412.23,30.10,27.70,988.00,5.07,7.34,7.55,145.10,0.70,1,13.13,0.00,73.12,1,-35,110,11,14,STAT,60,LAT,LON,W,CRC
07/31/25 04:41:54,31.29,354.81,-1.97,-6.02,68.13,412.63,30.00,27.20,988.00,4.48,6.55,6.76,131.30,0.96,1,13.13,0.00,72.09,1,-34,110,12,14,STAT,60,LAT,LON,W,CRC
07/31/25 04:42:55,31.24,360.21,-1.91,-6.16,69.33,412.37,30.00,27.30,988.00,4.55,6.63,6.83,139.50,0.87,1,13.13,0.00,76.78,1,-36,108,12,14,STAT,60,LAT,LON,W,CRC
07/31/25 04:43:57,31.22,355.82,-0.37,-6.32,69.63,412.75,30.00,27.40,988.00,4.84,7.17,7.24,132.40,1.32,1,13.13,0.00,74.65,1,-38,107,13,14,STAT,60,LAT,LON,W,CRC
07/31/25 04:44:53,31.18,343.59,-0.39,-6.11,68.76,412.90,30.00,27.20,988.00,4.66,7.02,7.04,138.50,1.30,1,13.13,0.00,70.62,1,-37,106,12,13,STAT,60,LAT,LON,W,CRC
07/31/25 04:45:55,31.14,343.93,-0.19,-6.70,70.34,412.97,29.90,27.30,988.00,4.50,6.79,6.80,138.00,1.17,1,13.13,0.00,69.46,1,-37,106,12,14,STAT,60,LAT,LON,W,CRC
07/31/25 04:46:58,31.12,350.15,1.27,-7.23,70.25,413.12,29.90,27.20,988.00,5.29,7.56,7.87,137.30,1.33,1,13.13,0.00,69.47,1,-39,105,12,13,STAT,60,LAT,LON,W,CRC
07/31/25 04:47:55,31.07,351.56,0.13,-6.17,67.35,413.05,29.90,27.30,988.00,4.65,6.64,6.75,132.30,1.19,1,13.13,0.00,70.78,1,-39,105,12,13,STAT,60,LAT,LON,W,CRC
07/31/25 04:48:53,31.03,349.63,-0.56,-5.14,66.48,413.02,29.80,27.60,988.00,5.04,7.70,7.91,134.50,1.03,1,13.13,0.00,72.03,1,-39,104,13,13,STAT,60,LAT,LON,W,CRC
07/31/25 04:49:54,31.01,355.23,1.36,-4.99,66.63,413.01,29.80,27.60,988.00,4.95,7.63,7.70,138.80,0.93,1,13.13,0.00,70.95,1,-39,102,12,13,STAT,60,LAT,LON,W,CRC
07/31/25 04:50:56,30.96,348.58,0.81,-5.57,67.56,413.00,29.70,27.40,988.00,5.66,8.45,8.62,129.50,1.52,1,13.13,0.00,70.29,1,-36,103,12,14,STAT,60,LAT,LON,W,CRC
07/31/25 04:51:53,30.92,350.80,2.39,-5.36,66.27,413.00,29.70,27.50,988.00,7.28,11.55,11.78,133.40,1.28,1,13.13,0.00,73.02,1,-37,102,12,13,STAT,60,LAT,LON,W,CRC
07/31/25 04:52:55,30.90,355.91,1.17,-5.33,67.50,413.29,29.60,27.80,988.00,8.21,13.39,13.53,128.10,1.61,1,13.13,0.00,71.65,1,-38,102,12,13,STAT,60,LAT,LON,W,CRC
07/31/25 04:53:56,30.85,367.93,0.29,-4.80,67.34,413.75,29.60,28.00,988.00,13.42,22.76,23.60,132.20,1.54,1,13.13,0.00,73.42,1,-38,103,12,13,STAT,60,LAT,LON,W,CRC
07/31/25 04:54:54,30.81,375.12,0.07,-4.66,68.62,413.90,29.50,28.50,988.00,15.89,26.71,27.91,122.10,2.67,1,13.13,0.00,82.65,1,-37,101,12,13,STAT,60,LAT,LON,W,CRC
07/31/25 04:55:55,30.79,371.42,-0.23,-5.02,69.54,413.97,29.40,28.10,988.00,16.04,27.19,28.56,124.90,2.52,1,13.13,0.00,80.62,1,-35,101,12,13,STAT,60,LAT,LON,W,CRC
07/31/25 04:56:56,30.73,370.22,-1.83,-4.70,69.38,413.99,29.40,28.40,989.00,12.85,21.88,22.42,129.70,1.67,1,13.13,0.00,78.68,1,-36,102,12,14,STAT,60,LAT,LON,W,CRC
07/31/25 04:57:57,30.70,384.43,-2.29,-3.97,68.28,414.64,29.40,28.80,989.00,16.18,27.73,30.37,130.10,1.40,1,13.13,0.00,74.06,1,-36,102,12,13,STAT,60,LAT,LON,W,CRC
07/31/25 04:58:57,30.67,401.36,-1.80,-3.45,67.31,415.17,29.40,28.80,989.00,19.21,32.66,37.88,132.30,1.46,1,13.13,0.00,72.73,1,-37,100,11,13,STAT,60,LAT,LON,W,CRC
07/31/25 04:59:58,30.61,414.74,-2.81,-4.67,69.50,415.86,29.30,28.90,989.00,21.28,36.31,42.54,132.70,1.70,1,13.13,0.00,76.74,1,-38,100,11,13,STAT,60,LAT,LON,W,CRC
07/31/25 05:00:56,30.59,418.61,-2.85,-3.42,68.93,416.52,29.20,29.70,989.00,23.09,38.83,46.45,123.70,2.35,1,13.13,0.00,84.84,1,-37,99,11,12,STAT,60,LAT,LON,W,CRC
07/31/25 05:01:57,30.55,430.32,-2.85,-3.77,70.31,416.91,29.20,29.90,989.00,25.49,41.49,49.40,122.50,2.11,1,13.13,0.00,80.06,1,-36,99,11,12,STAT,60,LAT,LON,W,CRC
07/31/25 05:02:58,30.50,435.60,-2.38,-4.70,71.48,417.41,29.10,29.90,989.00,25.34,42.10,49.95,127.90,1.54,1,13.13,0.00,76.49,1,-36,99,11,13,STAT,60,LAT,LON,W,CRC
07/31/25 05:03:54,30.48,437.31,-2.81,-4.17,70.56,418.07,29.00,30.20,989.00,24.45,40.59,48.32,127.90,1.38,1,13.13,0.00,78.96,1,-37,99,12,13,STAT,60,LAT,LON,W,CRC
07/31/25 05:04:56,30.42,431.19,-2.14,-3.99,70.00,418.67,29.00,29.80,989.00,23.75,39.64,46.85,125.10,2.19,1,13.13,0.00,82.05,1,-37,97,11,13,STAT,60,LAT,LON,W,CRC
07/31/25 05:05:58,30.39,423.99,1.51,-4.71,68.03,419.23,29.00,28.60,988.00,19.04,32.19,36.02,118.60,3.41,1,13.13,0.00,74.72,1,-40,97,11,13,STAT,60,LAT,LON,W,CRC
07/31/25 05:06:54,30.36,416.70,-1.61,-4.20,68.18,419.48,29.00,29.70,989.00,17.99,30.14,32.90,121.20,2.92,1,13.13,0.00,77.86,1,-41,97,11,12,STAT,60,LAT,LON,W,CRC
07/31/25 05:07:57,30.30,414.86,-3.12,-2.78,66.25,419.71,28.90,30.30,989.00,20.80,35.15,40.45,119.30,3.06,1,13.13,0.00,76.06,1,-37,96,12,11,STAT,60,LAT,LON,W,CRC
07/31/25 05:08:59,30.28,428.45,-2.71,-3.38,68.75,421.09,28.80,30.70,989.00,23.03,38.99,46.25,123.60,2.23,1,13.13,0.00,76.77,1,-39,95,12,12,STAT,60,LAT,LON,W,CRC
07/31/25 05:09:55,30.23,432.25,-2.71,-3.13,69.23,421.65,28.80,30.70,989.00,24.51,40.95,48.77,122.80,2.47,1,13.13,0.00,83.52,1,-38,94,12,13,STAT,60,LAT,LON,W,CRC
07/31/25 05:10:57,30.18,437.96,-0.73,-2.24,66.79,421.88,28.80,30.50,989.00,22.41,37.28,43.11,120.40,2.97,1,13.13,0.00,77.42,1,-42,93,11,13,STAT,60,LAT,LON,W,CRC
07/31/25 05:11:58,30.16,442.12,-3.51,-2.81,67.66,421.96,28.70,30.90,989.00,23.67,38.55,45.73,122.30,3.00,1,13.13,0.00,80.35,1,-41,95,12,12,STAT,60,LAT,LON,W,CRC
07/31/25 05:12:55,30.10,441.38,-0.48,-3.00,67.17,421.98,28.70,30.30,989.00,23.15,38.35,45.65,120.60,3.11,1,13.13,0.00,81.07,1,-39,93,11,12,STAT,60,LAT,LON,W,CRC
07/31/25 05:13:59,30.07,444.68,-2.58,-2.25,67.02,421.99,28.70,31.50,989.00,24.07,39.56,47.15,120.50,2.81,1,13.13,0.00,78.18,1,-40,92,12,12,STAT,60,LAT,LON,W,CRC
07/31/25 05:14:55,30.01,451.65,-3.10,-2.39,69.54,421.77,28.70,31.70,989.00,26.65,43.65,52.62,120.80,2.56,1,13.13,0.00,81.92,1,-38,91,11,12,STAT,60,LAT,LON,W,CRC
07/31/25 05:15:57,29.97,464.18,-1.06,-2.50,69.27,421.77,28.60,31.90,989.00,27.93,45.54,54.74,123.50,1.81,1,13.13,0.00,83.51,1,-38,89,11,11,STAT,60,LAT,LON,W,CRC
07/31/25 05:16:58,29.95,480.83,-2.22,-2.49,68.69,421.86,28.60,32.10,989.00,28.13,45.76,54.96,132.00,0.91,1,13.13,0.00,78.50,1,-40,91,11,11,STAT,60,LAT,LON,W,CRC
07/31/25 05:17:59,29.88,493.11,-3.42,-1.37,68.22,421.95,28.60,32.40,989.00,28.74,46.85,56.26,134.80,1.35,1,13.13,0.00,78.53,1,-40,91,11,11,STAT,60,LAT,LON,W,CRC
07/31/25 05:18:55,29.86,501.22,-3.23,-2.34,70.75,421.98,28.60,32.60,989.00,30.00,48.13,58.18,131.50,1.65,1,13.13,0.00,77.69,1,-40,90,11,11,STAT,60,LAT,LON,W,CRC
07/31/25 05:19:57,29.83,498.75,-3.51,-1.67,71.07,421.99,28.50,32.80,989.00,30.65,49.58,60.69,124.90,1.88,1,13.13,0.00,77.17,1,-39,90,10,11,STAT,60,LAT,LON,W,CRC
07/31/25 05:20:55,29.77,508.70,-3.72,-1.28,69.43,422.00,28.40,32.80,989.00,30.28,48.88,60.19,127.60,1.76,1,13.13,0.00,89.17,1,-42,90,10,12,STAT,60,LAT,LON,W,CRC
07/31/25 05:21:57,29.75,504.18,-2.55,-1.94,69.22,422.00,28.40,32.80,989.00,29.96,48.61,59.50,128.20,1.44,1,13.13,0.00,78.56,1,-42,89,9,11,STAT,60,LAT,LON,W,CRC
07/31/25 05:22:58,29.70,511.95,-2.25,-1.67,68.70,421.52,28.30,32.90,989.00,29.48,47.81,58.57,119.20,2.13,1,13.13,0.00,77.09,1,-44,88,11,11,STAT,60,LAT,LON,W,CRC
07/31/25 05:24:00,29.65,507.56,-0.72,-1.63,68.10,421.30,28.30,32.40,989.00,29.48,47.70,58.59,117.50,2.78,1,13.13,0.00,75.10,1,-44,88,10,11,STAT,60,LAT,LON,W,CRC
07/31/25 05:24:56,29.64,504.40,-3.58,-1.42,67.59,421.11,28.40,32.90,989.00,28.66,46.12,55.72,124.70,1.79,1,13.13,0.00,73.46,1,-44,89,9,11,STAT,60,LAT,LON,W,CRC
07/31/25 05:26:00,29.59,502.29,-3.51,-1.80,67.58,421.04,28.40,33.10,989.00,28.32,45.92,55.47,128.30,0.72,1,13.13,0.00,78.97,1,-43,89,8,10,STAT,60,LAT,LON,W,CRC
07/31/25 05:26:57,29.55,497.67,-3.37,-0.78,67.60,421.02,28.30,33.50,989.00,28.78,46.24,56.29,137.00,0.59,1,13.13,0.00,79.82,1,-40,88,9,11,STAT,60,LAT,LON,W,CRC
07/31/25 05:28:00,29.53,510.34,-2.26,-1.15,67.97,421.01,28.30,33.60,989.00,29.90,47.32,57.83,138.50,0.56,1,13.13,0.00,85.92,1,-44,86,9,11,STAT,60,LAT,LON,W,CRC
07/31/25 05:28:56,29.48,524.25,-3.02,-0.85,68.23,421.00,28.20,33.60,989.00,30.43,48.90,59.86,129.40,1.22,1,13.13,0.00,81.71,1,-46,86,10,11,STAT,60,LAT,LON,W,CRC
07/31/25 05:29:58,29.44,527.35,-1.81,-1.25,67.35,421.00,28.20,33.00,989.00,30.23,48.03,58.92,123.60,1.71,1,13.13,0.00,81.99,1,-47,86,10,10,STAT,60,LAT,LON,W,CRC
07/31/25 05:31:01,29.43,520.26,-0.85,-1.60,65.90,421.00,28.20,32.80,989.00,28.18,44.83,53.88,130.60,0.92,1,13.13,0.00,80.78,1,-48,87,10,10,STAT,60,LAT,LON,W,CRC
07/31/25 05:31:58,29.39,501.88,-1.92,-1.34,65.36,420.44,28.20,33.00,989.00,26.63,41.62,49.82,126.20,1.43,1,13.13,0.00,82.70,1,-46,87,10,10,STAT,60,LAT,LON,W,CRC
07/31/25 05:33:00,29.34,500.80,-3.26,-1.50,67.28,420.61,28.20,33.30,989.00,27.12,43.22,52.07,123.30,2.74,1,13.13,0.00,79.28,1,-46,87,10,10,STAT,60,LAT,LON,W,CRC
07/31/25 05:33:58,29.33,501.50,-3.37,-0.75,66.63,420.85,28.20,33.80,989.00,27.72,44.59,53.61,119.40,2.66,1,13.13,0.00,82.11,1,-45,86,11,10,STAT,60,LAT,LON,W,CRC
07/31/25 05:35:00,29.30,496.38,-1.59,-0.86,65.21,420.91,28.10,33.00,989.00,27.69,44.14,52.80,122.40,2.18,1,13.13,0.00,75.03,1,-44,85,10,10,STAT,60,LAT,LON,W,CRC
07/31/25 05:35:58,29.25,491.40,-0.46,-1.78,65.30,420.97,28.10,32.80,989.00,26.48,42.47,50.98,120.70,2.09,1,13.13,0.00,78.64,1,-45,85,10,10,STAT,60,LAT,LON,W,CRC
07/31/25 05:37:00,29.22,491.50,1.30,-1.53,65.83,420.41,28.20,32.60,989.00,26.37,42.43,50.82,121.40,3.55,1,13.13,0.00,79.18,1,-46,83,9,10,STAT,60,LAT,LON,W,CRC
07/31/25 05:37:58,29.22,488.36,0.83,-0.92,64.07,420.45,28.10,33.30,989.00,26.30,42.53,50.71,119.70,2.62,1,13.13,0.00,79.38,1,-45,83,9,10,STAT,60,LAT,LON,W,CRC
07/31/25 05:39:00,29.17,484.90,-1.90,-1.31,64.42,420.81,28.00,33.50,989.00,26.44,41.90,49.95,119.00,3.97,1,13.13,0.00,77.14,1,-44,83,9,9,STAT,60,LAT,LON,W,CRC
07/31/25 05:39:57,29.13,483.40,-1.20,-0.93,64.52,421.34,28.00,33.20,989.00,25.13,39.87,47.09,111.00,2.31,1,13.13,0.00,72.84,1,-45,83,8,10,STAT,60,LAT,LON,W,CRC
07/31/25 05:41:00,29.12,470.89,2.10,-1.98,62.18,421.65,28.00,31.90,989.00,22.22,35.22,39.71,113.80,2.93,1,13.13,0.00,81.46,1,-48,82,9,9,STAT,60,LAT,LON,W,CRC
07/31/25 05:41:58,29.10,449.74,3.51,-2.53,59.97,421.30,28.00,31.70,989.00,18.75,30.20,32.48,119.80,1.47,1,13.13,0.00,80.49,1,-47,82,9,9,STAT,60,LAT,LON,W,CRC
07/31/25 05:43:00,29.05,453.38,-0.95,-1.37,59.94,421.11,28.00,33.00,989.00,19.47,30.89,33.32,132.60,0.89,1,13.13,0.00,76.33,1,-49,83,9,9,STAT,60,LAT,LON,W,CRC
07/31/25 05:44:02,29.02,457.28,-3.59,-0.61,61.42,421.35,28.00,33.60,989.00,22.32,35.14,40.53,124.30,0.83,1,13.13,0.00,72.46,1,-45,84,8,9,STAT,60,LAT,LON,W,CRC
07/31/25 05:44:58,29.01,458.06,-2.33,0.04,63.06,421.37,27.80,34.20,989.00,25.08,40.08,47.48,118.10,2.06,1,13.13,0.00,71.86,1,-40,83,9,9,STAT,60,LAT,LON,W,CRC
07/31/25 05:46:00,28.99,472.79,-1.29,0.01,65.28,421.13,27.80,34.60,989.00,27.13,42.92,51.27,126.70,1.48,1,13.13,0.00,77.18,1,-39,80,8,9,STAT,60,LAT,LON,W,CRC
07/31/25 05:47:02,28.94,485.65,-1.71,0.41,64.60,421.28,27.70,34.70,989.00,27.66,43.29,51.65,126.00,1.50,1,13.13,0.00,76.48,1,-41,81,9,9,STAT,60,LAT,LON,W,CRC
07/31/25 05:48:00,28.91,493.59,0.56,-0.64,62.17,421.27,27.90,33.00,989.00,24.55,38.92,45.08,119.30,3.73,1,13.13,0.00,85.40,1,-47,81,10,9,STAT,60,LAT,LON,W,CRC
07/31/25 05:49:03,28.90,482.37,-0.86,-1.17,62.37,421.09,28.00,33.50,989.00,22.62,35.35,40.03,119.30,3.66,1,13.13,0.00,81.23,1,-48,81,10,9,STAT,60,LAT,LON,W,CRC
07/31/25 05:50:00,28.89,466.93,-0.19,-1.59,62.22,421.04,28.00,33.00,989.00,22.89,35.79,41.35,122.80,2.60,1,13.13,0.00,77.05,1,-44,82,9,9,STAT,60,LAT,LON,W,CRC
07/31/25 05:51:02,28.84,469.05,-0.93,-0.31,61.69,420.48,28.00,33.50,989.00,23.43,37.03,43.60,123.70,2.03,1,13.13,0.00,79.84,1,-44,81,8,9,STAT,60,LAT,LON,W,CRC
07/31/25 05:52:03,28.81,465.33,4.72,-3.07,63.99,420.82,28.00,31.10,989.00,24.01,36.31,42.00,113.00,4.45,1,13.13,0.00,80.63,1,-43,80,8,9,STAT,60,LAT,LON,W,CRC
07/31/25 05:52:59,28.80,452.63,0.43,-1.68,63.45,420.93,28.00,33.30,989.00,22.55,35.13,40.03,119.60,3.59,1,13.13,0.00,78.11,1,-43,80,7,9,STAT,60,LAT,LON,W,CRC
07/31/25 05:54:03,28.80,452.19,-1.26,-1.18,63.94,420.98,28.00,33.40,989.00,23.97,37.07,43.46,123.90,3.17,1,13.13,0.00,81.17,1,-41,82,8,9,STAT,60,LAT,LON,W,CRC
07/31/25 05:54:59,28.78,452.23,-0.05,-0.85,61.63,420.99,28.00,32.60,989.00,22.69,35.45,40.85,124.70,2.47,1,13.13,0.00,75.67,1,-42,82,8,9,STAT,60,LAT,LON,W,CRC
07/31/25 05:56:01,28.75,450.07,-1.13,0.69,60.60,421.00,28.00,33.50,989.00,22.96,36.63,42.58,127.50,1.91,1,13.13,0.00,77.69,1,-41,81,9,9,STAT,60,LAT,LON,W,CRC
07/31/25 05:57:03,28.71,454.52,0.17,-0.03,61.58,421.29,27.90,33.50,989.00,23.00,36.74,43.20,130.50,1.47,1,13.13,0.00,72.74,1,-42,80,8,9,STAT,60,LAT,LON,W,CRC
07/31/25 05:58:01,28.70,447.58,0.08,0.22,61.02,421.35,27.70,34.00,989.00,23.53,37.54,43.89,119.70,2.35,1,13.13,0.00,73.30,1,-40,79,8,9,STAT,60,LAT,LON,W,CRC
07/31/25 05:58:59,28.69,450.74,-1.18,-0.06,61.87,421.75,27.60,34.30,989.00,24.45,39.34,46.32,114.60,2.97,1,13.13,0.00,75.48,1,-41,79,8,9,STAT,60,LAT,LON,W,CRC
07/31/25 06:00:01,28.69,437.85,1.64,-1.03,59.96,421.91,27.70,32.70,989.00,23.16,37.97,44.74,114.40,2.82,1,13.13,0.00,73.14,1,-40,80,8,9,STAT,60,LAT,LON,W,CRC
07/31/25 06:01:00,28.68,444.67,0.63,-0.14,58.66,421.97,27.70,33.90,989.00,23.53,37.36,43.32,114.20,2.36,1,13.13,0.00,82.64,1,-43,78,9,8,STAT,60,LAT,LON,W,CRC
07/31/25 06:02:03,28.63,430.13,2.50,-0.35,57.41,422.64,27.70,33.50,989.00,21.61,34.79,39.47,110.80,1.70,1,13.13,0.00,79.57,1,-40,79,8,8,STAT,60,LAT,LON,W,CRC
07/31/25 06:03:00,28.60,424.10,-0.18,-0.34,58.78,422.86,27.60,34.50,989.00,22.00,35.34,40.53,119.80,1.61,1,13.13,0.00,80.00,1,-39,78,7,8,STAT,60,LAT,LON,W,CRC
07/31/25 06:04:03,28.59,432.20,-1.21,0.28,61.04,422.95,27.50,35.10,989.00,24.51,39.07,46.19,127.30,1.30,1,13.13,0.00,78.98,1,-37,76,8,9,STAT,60,LAT,LON,W,CRC
07/31/25 06:05:01,28.58,443.14,-2.78,1.01,61.21,423.48,27.30,35.90,989.00,25.92,41.49,49.11,131.30,1.26,1,13.13,0.00,84.83,1,-37,77,9,8,STAT,60,LAT,LON,W,CRC
07/31/25 06:06:02,28.54,452.30,-2.90,1.31,61.58,423.82,27.10,36.40,989.00,27.19,43.11,51.02,120.40,2.38,1,13.13,0.00,81.47,1,-37,77,8,8,STAT,60,LAT,LON,W,CRC
07/31/25 06:07:00,28.50,451.50,-0.91,0.59,63.13,423.93,26.90,37.00,989.00,27.17,43.85,52.17,113.10,2.20,1,13.13,0.00,78.14,1,-36,76,8,8,STAT,60,LAT,LON,W,CRC
07/31/25 06:08:03,28.49,458.72,-0.88,1.17,60.99,424.81,26.80,37.00,989.00,27.26,43.55,52.16,111.20,1.53,1,13.13,0.00,79.71,1,-38,75,8,8,STAT,60,LAT,LON,W,CRC
07/31/25 06:09:00,28.44,456.89,1.04,0.53,60.22,425.77,26.80,36.30,989.00,26.90,43.19,50.98,117.80,1.37,1,13.13,0.00,77.63,1,-38,74,8,9,STAT,60,LAT,LON,W,CRC
07/31/25 06:10:03,28.40,467.46,2.18,0.73,59.79,426.18,26.80,35.90,989.00,26.43,42.39,50.63,127.70,1.62,1,13.13,0.00,73.88,1,-41,73,7,9,STAT,60,LAT,LON,W,CRC
07/31/25 06:11:01,28.37,471.80,-2.03,0.62,61.88,426.07,26.80,37.30,989.00,26.72,42.83,51.15,131.30,1.46,1,13.13,0.00,76.10,1,-42,74,8,8,STAT,60,LAT,LON,W,CRC
07/31/25 06:12:04,28.31,469.32,-1.92,0.96,61.25,426.02,26.70,37.40,989.00,27.47,43.72,52.54,122.80,1.59,1,13.13,0.00,75.10,1,-39,73,9,8,STAT,60,LAT,LON,W,CRC
07/31/25 06:13:01,28.29,485.23,-1.57,1.31,60.58,426.01,26.60,37.90,989.00,27.93,44.70,53.39,117.20,1.52,1,13.13,0.00,79.30,1,-43,73,8,8,STAT,60,LAT,LON,W,CRC
07/31/25 06:14:03,28.23,487.99,-1.08,1.39,60.08,426.57,26.60,37.70,990.00,27.97,44.78,53.41,118.50,1.84,1,13.13,0.00,83.19,1,-41,73,9,7,STAT,60,LAT,LON,W,CRC
07/31/25 06:15:05,28.19,481.50,3.29,0.55,59.94,426.92,26.50,37.00,990.00,27.76,43.95,52.23,120.50,2.23,1,13.13,0.00,79.35,1,-39,71,8,8,STAT,60,LAT,LON,W,CRC
07/31/25 06:16:02,28.17,481.23,5.10,-0.02,57.31,426.67,26.60,35.90,990.00,25.10,39.70,46.41,144.20,0.46,1,13.13,0.00,75.29,1,-46,71,8,9,STAT,60,LAT,LON,W,CRC
07/31/25 06:17:04,28.10,482.22,0.49,0.36,56.76,426.24,26.70,36.60,990.00,24.76,39.72,46.50,147.10,0.51,1,13.13,0.00,72.38,1,-48,71,7,8,STAT,60,LAT,LON,W,CRC
07/31/25 06:18:01,28.08,475.80,-2.85,0.84,59.94,426.09,26.60,37.30,990.00,26.14,41.06,48.41,134.20,1.16,1,13.13,0.00,73.02,1,-42,72,7,8,STAT,60,LAT,LON,W,CRC
07/31/25 06:19:03,28.04,475.59,0.20,0.68,59.25,426.03,26.60,36.60,990.00,26.29,41.75,49.28,131.90,0.82,1,13.13,0.00,75.97,1,-41,71,6,8,STAT,60,LAT,LON,W,CRC
07/31/25 06:20:04,27.99,489.42,2.41,0.17,59.26,426.01,26.70,36.40,990.00,25.26,40.48,47.77,137.00,0.56,1,13.13,0.00,72.87,1,-46,70,7,7,STAT,60,LAT,LON,W,CRC
07/31/25 06:21:02,27.97,487.73,5.06,-0.37,57.18,425.46,26.90,34.70,990.00,23.37,36.47,41.85,139.00,0.84,1,13.13,0.00,80.16,1,-49,71,6,7,STAT,60,LAT,LON,W,CRC
07/31/25 06:22:05,27.95,486.67,2.12,-0.34,57.32,424.93,27.10,35.00,990.00,21.24,32.76,36.13,131.30,1.59,1,13.13,0.00,79.63,1,-51,71,6,7,STAT,60,LAT,LON,W,CRC
07/31/25 06:23:02,27.91,474.32,3.02,-0.64,55.62,423.57,27.10,34.50,990.00,20.67,31.75,34.35,135.20,1.02,1,13.13,0.00,76.50,1,-49,72,7,7,STAT,60,LAT,LON,W,CRC
07/31/25 06:24:04,27.88,461.12,1.55,0.55,56.19,423.20,27.00,35.40,990.00,21.10,32.55,36.09,119.90,1.41,1,13.13,0.00,72.69,1,-45,70,7,7,STAT,60,LAT,LON,W,CRC
07/31/25 06:25:01,27.87,453.21,2.62,0.74,54.98,423.53,27.00,35.50,990.00,21.24,33.80,38.06,117.50,1.17,1,13.13,0.00,72.08,1,-44,70,7,7,STAT,60,LAT,LON,W,CRC
07/31/25 06:26:03,27.86,444.47,0.13,1.50,55.02,424.07,26.90,36.10,990.00,22.22,34.54,38.58,118.20,1.52,0,13.13,0.00,83.87,1,-42,71,6,7,STAT,60,LAT,LON,W,CRC
07/31/25 06:27:05,27.86,437.21,1.75,1.25,57.21,425.25,26.80,35.90,990.00,23.02,36.08,41.69,122.70,1.66,0,13.13,0.00,70.97,1,-39,70,7,7,STAT,60,LAT,LON,W,CRC
07/31/25 06:28:02,27.85,428.19,4.94,-0.45,58.41,425.56,26.80,35.20,990.00,21.91,34.41,39.09,132.60,1.02,0,13.13,0.00,87.10,1,-38,70,7,7,STAT,60,LAT,LON,W,CRC
07/31/25 06:29:03,27.82,424.24,0.88,0.79,56.06,425.78,26.80,35.50,990.00,21.73,34.49,39.16,134.40,1.00,0,13.13,0.00,70.97,1,-38,71,8,7,STAT,60,LAT,LON,W,CRC
07/31/25 06:30:05,27.78,418.66,-0.97,1.44,55.76,425.92,26.60,37.30,990.00,22.53,35.06,40.54,143.10,0.61,0,13.13,0.00,87.10,1,-36,70,8,8,STAT,60,LAT,LON,W,CRC
07/31/25 06:31:03,27.77,423.51,1.04,1.43,56.40,425.97,26.60,37.50,990.00,23.89,38.11,44.99,131.40,0.98,0,13.13,0.00,70.97,1,-35,68,7,7,STAT,60,LAT,LON,W,CRC
07/31/25 06:32:05,27.76,438.29,-1.30,1.90,57.15,426.61,26.50,37.70,990.00,25.34,39.85,47.02,124.60,1.74,0,13.13,0.00,70.97,1,-38,70,6,7,STAT,60,LAT,LON,W,CRC
07/31/25 06:33:02,27.74,444.22,1.12,1.29,58.55,426.93,26.50,37.30,990.00,24.82,39.00,45.83,125.70,1.60,0,13.13,0.00,87.10,1,-40,68,7,7,STAT,60,LAT,LON,W,CRC
07/31/25 06:34:06,27.69,449.19,0.18,1.41,57.93,427.27,26.40,37.40,990.00,24.36,38.79,45.65,122.80,2.34,0,13.13,0.00,74.19,1,-42,68,7,7,STAT,60,LAT,LON,W,CRC
07/31/25 06:35:03,27.67,438.94,0.73,1.34,59.57,427.72,26.30,37.70,990.00,24.34,39.39,46.38,120.90,2.69,0,13.13,0.00,70.97,1,-37,67,7,7,STAT,60,LAT,LON,W,CRC
07/31/25 06:36:06,27.65,445.31,-0.85,2.35,58.80,427.90,26.20,38.40,990.00,25.35,40.28,47.57,120.80,2.76,0,13.13,0.00,70.97,1,-38,67,7,7,STAT,60,LAT,LON,W,CRC
07/31/25 06:37:03,27.59,453.86,0.06,2.58,57.47,427.96,26.10,38.30,990.00,25.67,40.77,48.54,119.60,2.94,0,13.13,0.00,70.97,1,-39,67,7,6,STAT,60,LAT,LON,W,CRC
07/31/25 06:38:06,27.57,450.45,2.04,1.63,59.57,428.60,26.00,38.50,990.00,25.89,41.46,49.20,119.40,3.05,0,13.13,0.00,87.10,1,-38,64,8,7,STAT,60,LAT,LON,W,CRC
07/31/25 06:39:03,27.54,452.66,2.15,1.98,56.16,428.85,26.10,38.20,990.00,24.98,39.82,46.85,123.30,1.91,0,13.13,0.00,67.74,1,-42,64,9,7,STAT,60,LAT,LON,W,CRC
07/31/25 06:40:05,27.48,452.54,6.18,0.08,54.35,428.95,26.10,36.10,990.00,22.98,36.60,41.93,131.30,0.92,0,13.13,0.00,70.97,1,-45,65,7,7,STAT,60,LAT,LON,W,CRC
07/31/25 06:41:04,27.46,448.87,8.05,-0.55,51.29,428.52,26.20,35.20,990.00,20.08,31.95,34.96,118.60,1.23,0,13.13,0.00,70.97,1,-46,65,6,6,STAT,60,LAT,LON,W,CRC
07/31/25 06:42:06,27.41,441.07,2.63,0.92,51.84,428.41,26.10,37.50,990.00,20.77,32.79,36.61,117.10,1.60,0,13.13,0.00,87.10,1,-45,64,6,6,STAT,60,LAT,LON,W,CRC
07/31/25 06:43:07,27.37,450.46,2.29,2.07,50.68,428.79,26.10,38.20,990.00,21.34,33.97,38.45,119.70,1.15,0,13.13,0.00,87.10,1,-42,64,7,6,STAT,60,LAT,LON,W,CRC
07/31/25 06:44:04,27.35,442.61,2.86,1.58,52.54,429.54,26.00,37.40,990.00,22.29,35.31,40.94,130.90,0.92,0,13.13,0.00,87.10,1,-38,65,7,6,STAT,60,LAT,LON,W,CRC
07/31/25 06:45:07,27.31,442.00,-1.66,2.12,54.21,429.84,26.00,38.80,990.00,23.34,37.68,43.81,140.60,0.61,0,13.13,0.00,67.74,1,-38,66,7,6,STAT,60,LAT,LON,W,CRC
07/31/25 06:46:05,27.27,446.40,-0.73,3.14,54.32,430.23,25.80,39.40,990.00,24.04,39.46,46.78,140.50,0.63,0,13.13,0.00,70.97,1,-38,65,7,6,STAT,60,LAT,LON,W,CRC
07/31/25 06:47:06,27.25,449.17,-0.33,3.43,52.51,430.73,25.70,39.70,990.00,24.41,39.96,47.49,133.10,0.76,0,13.13,0.00,83.87,1,-39,64,7,6,STAT,60,LAT,LON,W,CRC
07/31/25 06:48:05,27.21,452.30,1.07,2.30,54.35,431.34,25.60,40.10,990.00,25.02,40.00,47.29,126.70,1.20,0,13.13,0.00,70.97,1,-39,64,7,6,STAT,60,LAT,LON,W,CRC
07/31/25 06:49:07,27.16,458.44,1.42,2.56,54.19,431.77,25.50,40.10,990.00,25.23,40.23,47.76,123.70,1.11,0,13.13,0.00,87.10,1,-42,63,7,7,STAT,60,LAT,LON,W,CRC
07/31/25 06:50:04,27.14,453.53,1.43,2.72,54.37,431.91,25.40,40.00,990.00,25.27,39.84,46.69,121.00,1.32,0,13.13,0.00,70.97,1,-40,62,7,7,STAT,60,LAT,LON,W,CRC
07/31/25 06:51:06,27.08,453.01,0.44,3.21,55.15,431.97,25.40,40.50,990.00,25.25,39.40,46.29,122.10,1.58,0,13.13,0.00,70.97,1,-40,62,8,7,STAT,60,LAT,LON,W,CRC
07/31/25 06:52:04,27.05,457.49,0.56,3.55,55.75,431.99,25.40,40.90,990.00,25.89,40.21,47.31,123.50,1.70,0,13.13,0.00,83.87,1,-41,61,7,7,STAT,60,LAT,LON,W,CRC
07/31/25 06:53:07,27.00,465.86,-0.19,3.38,57.57,432.00,25.40,41.20,990.00,25.27,39.83,47.23,124.10,1.83,0,13.13,0.00,87.10,1,-42,61,8,7,STAT,60,LAT,LON,W,CRC
07/31/25 06:54:05,26.96,459.93,-1.84,3.51,57.21,431.54,25.30,41.50,990.00,25.57,39.89,47.27,119.80,2.33,0,13.13,0.00,67.74,1,-40,61,7,6,STAT,60,LAT,LON,W,CRC
07/31/25 06:55:07,26.93,457.52,0.99,3.04,58.09,431.19,25.30,41.60,990.00,25.35,40.14,47.49,119.00,2.32,0,13.13,0.00,87.10,1,-40,59,7,6,STAT,60,LAT,LON,W,CRC
07/31/25 06:56:04,26.87,461.77,0.42,3.81,57.33,431.07,25.30,41.80,990.00,25.47,40.38,47.51,118.90,1.96,0,13.13,0.00,70.97,1,-41,60,7,7,STAT,60,LAT,LON,W,CRC
07/31/25 06:57:07,26.84,469.51,0.82,3.29,56.81,431.03,25.30,41.40,990.00,24.52,39.56,46.18,122.00,1.70,0,13.13,0.00,70.97,1,-44,60,6,6,STAT,60,LAT,LON,W,CRC
07/31/25 06:58:05,26.79,481.42,1.36,3.76,55.21,430.66,25.30,41.40,990.00,24.39,39.42,46.32,116.60,1.81,0,13.13,0.00,90.32,1,-46,59,6,5,STAT,60,LAT,LON,W,CRC
07/31/25 06:59:07,26.75,487.41,-0.25,3.92,56.61,430.23,25.30,41.90,990.00,24.54,38.82,45.54,117.00,2.72,0,13.13,0.00,70.97,1,-47,59,6,6,STAT,60,LAT,LON,W,CRC
07/31/25 07:00:05,26.72,481.95,0.07,3.41,55.66,430.41,25.30,41.60,990.00,24.20,38.60,45.36,116.70,2.89,0,13.13,0.00,70.97,1,-45,59,5,5,STAT,60,LAT,LON,W,CRC
07/31/25 07:01:08,26.66,477.16,0.26,3.56,54.05,430.79,25.40,41.30,990.00,23.89,38.18,45.03,117.40,2.69,0,13.13,0.00,70.97,1,-44,59,5,5,STAT,60,LAT,LON,W,CRC
07/31/25 07:02:05,26.64,467.79,-0.70,4.11,53.63,430.92,25.30,42.00,990.00,23.76,38.13,45.16,119.70,2.34,0,13.13,0.00,83.87,1,-42,58,6,4,STAT,60,LAT,LON,W,CRC
07/31/25 07:03:07,26.62,480.78,1.27,4.22,56.03,430.97,25.30,41.70,990.00,25.05,39.74,46.69,117.40,2.74,0,13.13,0.00,67.74,1,-45,58,6,5,STAT,60,LAT,LON,W,CRC
07/31/25 07:04:04,26.56,483.12,1.78,3.56,56.99,430.45,25.30,41.60,990.00,24.97,39.57,46.41,116.20,2.36,0,13.13,0.00,70.97,1,-45,58,6,6,STAT,60,LAT,LON,W,CRC
07/31/25 07:05:08,26.54,483.52,2.18,3.31,55.88,430.16,25.40,41.70,990.00,25.09,39.46,46.79,117.20,2.45,0,13.13,0.00,87.10,1,-45,58,6,5,STAT,60,LAT,LON,W,CRC
07/31/25 07:06:05,26.53,484.28,1.55,4.07,55.52,429.90,25.40,41.60,990.00,25.10,39.61,46.91,117.70,2.41,0,13.13,0.00,70.97,1,-45,57,6,5,STAT,60,LAT,LON,W,CRC
07/31/25 07:07:07,26.51,478.51,1.30,2.95,57.49,429.48,25.50,41.70,990.00,24.71,38.86,45.91,116.70,2.65,0,13.13,0.00,70.97,1,-43,58,6,5,STAT,60,LAT,LON,W,CRC
07/31/25 07:08:05,26.46,478.40,0.54,2.64,57.21,429.80,25.40,41.70,990.00,24.64,38.52,45.34,117.50,2.55,0,13.13,0.00,87.10,1,-43,58,6,5,STAT,60,LAT,LON,W,CRC
07/31/25 07:09:08,26.43,479.52,2.10,2.98,57.97,429.93,25.30,41.90,990.00,24.50,39.34,45.99,119.30,2.35,0,13.13,0.00,70.97,1,-44,57,5,5,STAT,60,LAT,LON,W,CRC
07/31/25 07:10:09,26.43,480.42,1.53,3.92,55.46,429.98,25.20,41.90,990.00,23.93,38.25,44.90,121.60,2.29,0,13.13,0.00,70.97,1,-45,58,5,5,STAT,60,LAT,LON,W,CRC
07/31/25 07:11:06,26.41,469.85,0.45,3.42,54.81,430.34,25.10,42.30,990.00,23.81,38.45,45.23,119.40,2.00,0,13.13,0.00,87.10,1,-43,58,5,5,STAT,60,LAT,LON,W,CRC
07/31/25 07:12:08,26.36,466.27,-0.13,3.41,55.07,431.22,25.00,42.70,990.00,23.79,38.47,45.48,119.50,2.04,0,13.13,0.00,87.10,1,-43,57,6,5,STAT,60,LAT,LON,W,CRC
07/31/25 07:13:05,26.33,466.73,1.57,2.96,53.51,431.70,24.90,42.70,990.00,23.99,38.99,46.61,114.70,1.80,0,13.13,0.00,77.42,1,-45,57,5,5,STAT,60,LAT,LON,W,CRC
07/31/25 07:14:09,26.33,466.40,0.82,3.42,52.62,432.35,24.80,42.90,990.00,23.54,38.23,45.53,113.20,1.72,0,13.13,0.00,90.32,1,-45,57,5,5,STAT,60,LAT,LON,W,CRC
07/31/25 07:15:06,26.30,461.64,3.20,3.05,51.12,432.75,24.80,42.90,990.00,23.71,38.16,45.28,111.80,0.99,0,13.13,0.00,70.97,1,-44,56,5,5,STAT,60,LAT,LON,W,CRC
07/31/25 07:16:09,26.25,461.25,0.48,2.08,51.14,433.41,24.80,43.40,990.00,23.80,39.13,46.23,113.90,1.06,0,13.13,0.00,70.97,1,-44,58,5,4,STAT,60,LAT,LON,W,CRC
07/31/25 07:17:06,26.23,461.79,0.64,-1.01,56.87,434.07,24.70,43.70,990.00,23.35,38.33,45.09,115.50,1.28,0,13.13,0.00,70.97,1,-44,56,4,4,STAT,60,LAT,LON,W,CRC
07/31/25 07:18:08,26.21,453.57,1.29,1.45,52.88,435.03,24.60,44.00,990.00,22.61,37.21,43.76,117.20,1.40,0,13.13,0.00,87.10,1,-42,55,5,4,STAT,60,LAT,LON,W,CRC
07/31/25 07:19:10,26.15,452.73,1.23,3.01,51.87,436.15,24.60,43.70,990.00,22.75,37.34,43.64,117.30,1.31,0,13.13,0.00,70.97,1,-43,55,6,5,STAT,60,LAT,LON,W,CRC
07/31/25 07:20:06,26.13,456.99,1.10,4.25,51.39,437.11,24.50,43.80,990.00,22.57,36.16,42.13,122.30,1.20,0,13.13,0.00,70.97,1,-45,55,5,5,STAT,60,LAT,LON,W,CRC
07/31/25 07:21:10,26.10,456.25,1.49,4.31,50.48,438.44,24.50,44.00,990.00,22.98,36.91,42.92,125.60,1.32,0,13.13,0.00,87.10,1,-43,53,6,4,STAT,60,LAT,LON,W,CRC
07/31/25 07:22:07,26.05,452.76,0.80,4.88,49.27,439.56,24.40,44.70,990.00,23.02,36.92,43.37,130.30,1.02,0,13.13,0.00,87.10,1,-43,53,6,5,STAT,60,LAT,LON,W,CRC
07/31/25 07:23:09,26.03,447.68,0.64,4.76,48.48,442.77,24.20,45.00,990.00,22.65,36.79,43.29,135.80,0.75,0,13.13,0.00,87.10,1,-43,52,5,5,STAT,60,LAT,LON,W,CRC
07/31/25 07:24:11,25.97,439.56,1.12,4.93,45.40,447.41,24.10,45.40,990.00,22.17,35.54,40.72,132.30,0.58,0,13.13,0.00,87.10,1,-42,51,6,5,STAT,60,LAT,LON,W,CRC
07/31/25 07:25:07,25.94,441.20,2.18,5.44,43.76,451.60,23.90,45.90,990.00,21.89,36.05,41.91,127.80,0.70,0,13.13,0.00,70.97,1,-43,51,6,5,STAT,60,LAT,LON,W,CRC
07/31/25 07:26:08,25.89,434.66,0.55,5.53,43.50,454.95,23.80,46.10,990.00,22.09,35.47,40.89,134.80,0.59,0,13.13,0.00,70.97,1,-42,51,4,5,STAT,60,LAT,LON,W,CRC
07/31/25 07:27:11,25.84,436.95,2.27,4.30,45.30,456.77,23.60,46.00,990.00,22.26,35.92,41.46,133.90,0.75,0,13.13,0.00,74.19,1,-43,50,6,5,STAT,60,LAT,LON,W,CRC
07/31/25 07:28:09,25.78,432.76,2.94,4.78,45.56,456.91,23.40,46.30,990.00,22.06,35.37,41.23,133.10,0.82,0,13.13,0.00,70.97,1,-43,49,6,5,STAT,60,LAT,LON,W,CRC
07/31/25 07:29:10,25.73,434.66,0.28,5.11,45.67,456.97,23.30,46.90,990.00,22.61,36.70,42.77,129.50,0.84,0,13.13,0.00,70.97,1,-44,49,6,5,STAT,60,LAT,LON,W,CRC
07/31/25 07:30:12,25.66,437.13,3.16,4.77,45.11,455.42,23.20,46.80,990.00,22.37,36.58,42.20,127.50,0.90,0,13.13,0.00,87.10,1,-44,48,5,5,STAT,60,LAT,LON,W,CRC
07/31/25 07:31:08,25.60,437.10,1.80,4.71,46.13,453.09,23.20,47.00,990.00,22.52,36.11,41.60,126.70,0.88,0,13.13,0.00,70.97,1,-45,48,5,5,STAT,60,LAT,LON,W,CRC
07/31/25 07:32:11,25.54,445.74,2.82,5.16,45.61,451.26,23.10,47.30,990.00,21.92,36.24,41.65,123.00,1.04,0,13.13,0.00,70.97,1,-45,47,5,5,STAT,60,LAT,LON,W,CRC
07/31/25 07:33:08,25.46,448.94,3.76,4.86,47.05,450.48,23.00,47.00,990.00,22.10,36.49,42.45,127.40,1.34,0,13.13,0.00,87.10,1,-46,46,5,5,STAT,60,LAT,LON,W,CRC
07/31/25 07:34:11,25.39,448.11,2.96,4.98,45.90,449.63,22.90,47.40,990.00,22.46,36.20,41.73,128.30,1.09,0,13.13,0.00,67.74,1,-46,46,6,4,STAT,60,LAT,LON,W,CRC
07/31/25 07:35:12,25.33,455.51,3.48,5.21,45.20,448.93,22.90,47.50,991.00,22.83,36.46,41.89,129.70,1.28,0,13.13,0.00,67.74,1,-47,45,5,4,STAT,60,LAT,LON,W,CRC
07/31/25 07:36:10,25.26,447.93,2.14,5.53,46.05,447.74,22.80,48.10,991.00,23.27,37.73,43.96,131.80,1.11,0,13.13,0.00,83.87,1,-45,45,6,5,STAT,60,LAT,LON,W,CRC
07/31/25 07:37:12,25.18,446.35,2.87,5.10,47.67,446.80,22.90,47.40,991.00,23.02,36.80,42.95,131.70,1.08,0,13.13,0.00,67.74,1,-45,44,5,5,STAT,60,LAT,LON,W,CRC
07/31/25 07:38:08,25.13,454.07,3.86,5.27,47.27,444.91,23.00,47.00,991.00,21.48,34.09,38.71,133.50,1.19,0,13.13,0.00,87.10,1,-48,44,6,5,STAT,60,LAT,LON,W,CRC
07/31/25 07:39:09,25.06,451.66,12.03,2.01,41.95,443.38,23.20,41.40,991.00,17.30,27.78,29.94,132.00,1.24,0,13.13,0.00,70.97,1,-51,45,5,4,STAT,60,LAT,LON,W,CRC
07/31/25 07:40:11,25.01,439.56,9.81,2.15,39.50,442.93,23.20,41.80,991.00,14.63,22.76,24.00,130.90,1.24,0,13.13,0.00,70.97,1,-53,45,5,4,STAT,60,LAT,LON,W,CRC
07/31/25 07:41:09,24.95,425.85,9.22,2.01,38.21,442.97,23.30,41.50,991.00,12.85,20.67,21.24,132.30,0.91,0,13.13,0.00,87.10,1,-51,46,4,4,STAT,60,LAT,LON,W,CRC
07/31/25 07:42:10,24.91,420.12,8.08,2.77,37.98,442.34,23.40,41.70,991.00,12.99,19.71,20.16,135.00,0.83,0,13.13,0.00,70.97,1,-50,46,3,4,STAT,60,LAT,LON,W,CRC
07/31/25 07:43:12,24.86,408.69,3.62,3.80,38.44,442.12,23.40,44.20,991.00,13.98,22.38,22.81,125.80,0.85,0,13.13,0.00,83.87,1,-45,46,3,3,STAT,60,LAT,LON,W,CRC
07/31/25 07:44:09,24.82,398.84,6.86,3.82,39.81,442.05,23.40,43.40,991.00,16.36,26.39,27.70,122.80,0.90,0,13.13,0.00,70.97,1,-41,46,3,3,STAT,60,LAT,LON,W,CRC
07/31/25 07:45:11,24.81,395.99,4.89,4.54,40.97,442.02,23.30,44.30,991.00,17.90,27.46,29.05,129.70,0.69,0,13.13,0.00,70.97,1,-40,46,3,4,STAT,60,LAT,LON,W,CRC
07/31/25 07:46:13,24.78,401.58,10.26,3.65,37.44,442.01,23.30,41.90,991.00,14.89,23.00,23.85,129.10,0.82,0,13.13,0.00,70.97,1,-44,44,4,4,STAT,60,LAT,LON,W,CRC
07/31/25 07:47:10,24.73,385.39,9.70,2.78,39.28,442.62,23.30,42.30,991.00,14.76,22.93,23.69,132.20,0.80,0,13.13,0.00,77.42,1,-41,44,3,4,STAT,60,LAT,LON,W,CRC
07/31/25 07:48:09,24.71,381.67,9.76,2.40,36.81,442.85,23.40,40.70,991.00,12.51,19.98,20.35,137.40,0.34,0,13.13,0.00,70.97,1,-43,45,4,4,STAT,60,LAT,LON,W,CRC
07/31/25 07:49:10,24.70,375.10,11.51,2.62,35.35,442.95,23.40,40.90,991.00,12.10,19.00,19.50,120.40,0.34,0,13.13,0.00,87.10,1,-44,44,4,3,STAT,60,LAT,LON,W,CRC
07/31/25 07:50:12,24.69,365.27,5.37,3.80,37.21,443.36,23.40,42.20,991.00,12.70,20.15,20.56,125.70,0.84,0,13.13,0.00,87.10,1,-41,45,4,3,STAT,60,LAT,LON,W,CRC
07/31/25 07:51:13,24.64,362.48,12.56,1.24,36.19,443.77,23.40,39.20,991.00,10.21,16.18,16.36,121.10,0.39,0,13.13,0.00,70.97,1,-40,45,3,3,STAT,60,LAT,LON,W,CRC
07/31/25 07:52:10,24.61,351.56,13.02,2.42,32.42,443.91,23.40,38.60,991.00,8.30,12.15,12.31,103.00,0.22,0,13.13,0.00,70.97,1,-41,45,3,3,STAT,60,LAT,LON,W,CRC
07/31/25 07:53:12,24.60,340.96,11.31,1.84,33.10,443.97,23.50,38.70,991.00,6.90,10.35,10.95,178.20,0.06,0,13.13,0.00,70.97,1,-41,44,3,3,STAT,60,LAT,LON,W,CRC
07/31/25 07:54:10,24.60,335.55,10.43,1.69,32.99,443.99,23.50,38.70,991.00,6.81,9.89,10.63,137.90,0.35,0,13.13,0.00,87.10,1,-40,45,3,3,STAT,60,LAT,LON,W,CRC
07/31/25 07:55:11,24.60,319.65,10.15,2.41,32.74,444.00,23.50,38.60,991.00,6.81,10.09,10.46,128.40,0.67,0,13.13,0.00,70.97,1,-36,45,3,3,STAT,60,LAT,LON,W,CRC
07/31/25 07:56:14,24.59,313.47,11.55,2.41,33.73,444.07,23.60,38.80,991.00,7.72,11.36,11.67,134.60,0.75,0,13.13,0.00,83.87,1,-34,44,3,3,STAT,60,LAT,LON,W,CRC
07/31/25 07:57:10,24.58,312.82,10.19,2.95,33.06,444.03,23.60,38.90,991.00,7.56,11.70,11.80,137.50,0.73,0,13.13,0.00,87.10,1,-33,45,3,3,STAT,60,LAT,LON,W,CRC
07/31/25 07:58:13,24.54,302.05,9.93,3.25,32.24,444.24,23.50,39.80,991.00,6.92,11.04,11.20,134.90,0.48,0,13.13,0.00,87.10,1,-31,45,3,3,STAT,60,LAT,LON,W,CRC
07/31/25 07:59:14,24.51,296.80,6.97,3.48,33.19,444.96,23.50,40.20,991.00,8.13,12.63,13.41,130.80,1.08,0,13.13,0.00,70.97,1,-29,47,2,3,STAT,60,LAT,LON,W,CRC
07/31/25 08:00:11,24.50,306.57,5.26,3.80,36.39,445.60,23.50,41.80,991.00,10.15,15.13,15.80,129.10,1.14,0,13.13,0.00,70.97,1,-30,46,4,4,STAT,60,LAT,LON,W,CRC
07/31/25 08:01:14,24.50,312.99,6.59,4.56,36.41,446.58,23.40,42.10,991.00,11.84,17.82,18.51,130.70,0.85,0,13.13,0.00,103.23,1,-30,45,4,3,STAT,60,LAT,LON,W,CRC
07/31/25 08:02:10,24.50,314.17,4.67,5.42,38.56,447.04,23.30,43.80,991.00,13.39,21.53,22.11,120.90,1.31,0,13.13,0.00,70.97,1,-28,45,3,4,STAT,60,LAT,LON,W,CRC
07/31/25 08:03:12,24.50,304.24,8.60,5.16,36.76,449.48,23.20,42.80,991.00,14.54,23.29,24.32,115.90,1.66,0,13.09,0.00,106.45,1,-23,44,4,4,STAT,60,LAT,LON,W,CRC
07/31/25 08:04:15,24.48,321.92,7.83,4.47,36.89,451.88,23.10,42.60,991.00,14.61,23.73,25.73,114.00,1.67,0,13.13,0.00,70.97,1,-29,43,3,3,STAT,60,LAT,LON,W,CRC
07/31/25 08:05:12,24.43,324.14,7.58,4.02,36.11,452.57,23.10,43.00,991.00,15.10,23.94,24.99,118.60,0.88,0,13.13,0.00,70.97,1,-30,45,3,4,STAT,60,LAT,LON,W,CRC
07/31/25 08:06:14,24.41,332.33,8.68,3.34,32.84,451.94,23.10,43.60,991.00,13.05,20.43,21.04,118.40,0.81,0,13.13,0.00,119.35,1,-35,44,2,3,STAT,60,LAT,LON,W,CRC
07/31/25 08:07:17,24.40,333.84,8.37,3.97,33.47,451.33,23.10,43.30,991.00,13.64,22.11,24.01,123.20,0.52,0,13.13,0.00,83.87,1,-34,44,2,3,STAT,60,LAT,LON,W,CRC
07/31/25 08:08:14,24.39,330.52,7.88,4.13,31.14,451.13,23.10,42.80,991.00,12.27,20.93,22.07,130.00,0.34,0,13.13,0.00,70.97,1,-35,44,2,2,STAT,60,LAT,LON,W,CRC
07/31/25 08:09:16,24.35,332.35,9.66,2.97,32.01,451.45,23.00,42.20,991.00,10.77,18.35,19.22,133.80,0.51,0,13.13,0.00,70.97,1,-36,43,3,3,STAT,60,LAT,LON,W,CRC
07/31/25 08:10:12,24.31,327.01,11.97,2.71,31.09,451.79,23.00,40.70,991.00,9.79,15.59,16.08,131.60,0.44,0,13.13,0.00,70.97,1,-37,43,4,3,STAT,60,LAT,LON,W,CRC
07/31/25 08:11:14,24.30,316.21,13.43,2.46,30.16,451.66,23.00,40.00,991.00,7.97,12.01,12.18,135.70,0.32,0,13.13,0.00,70.97,1,-37,43,3,4,STAT,60,LAT,LON,W,CRC
07/31/25 08:12:11,24.29,306.23,8.75,3.54,29.64,451.26,22.90,41.00,991.00,6.86,10.40,10.65,135.10,0.48,0,13.13,0.00,70.97,1,-35,44,4,3,STAT,60,LAT,LON,W,CRC
07/31/25 08:13:14,24.25,295.50,9.63,4.20,30.53,451.67,22.90,42.00,991.00,7.92,12.49,13.03,133.40,0.61,0,13.13,0.00,87.10,1,-31,42,3,3,STAT,60,LAT,LON,W,CRC
07/31/25 08:14:12,24.21,301.57,9.03,4.49,31.67,451.29,22.80,42.40,991.00,9.46,15.16,15.63,115.60,0.87,0,13.13,0.00,74.19,1,-31,42,3,3,STAT,60,LAT,LON,W,CRC
07/31/25 08:15:14,24.20,312.92,12.88,3.42,31.61,450.75,22.80,40.70,991.00,8.74,13.92,14.28,127.00,0.87,0,13.13,0.00,70.97,1,-35,41,4,3,STAT,60,LAT,LON,W,CRC
07/31/25 08:16:15,24.19,299.20,11.95,3.91,30.42,450.21,22.80,40.80,991.00,8.76,14.05,14.47,130.70,0.41,0,13.13,0.00,70.97,1,-32,42,2,3,STAT,60,LAT,LON,W,CRC
07/31/25 08:17:12,24.15,301.97,11.54,3.33,31.92,450.08,22.90,41.10,991.00,8.27,13.14,14.03,134.70,0.28,0,13.13,0.00,100.00,1,-33,41,3,3,STAT,60,LAT,LON,W,CRC
07/31/25 08:18:13,24.11,295.50,12.37,2.67,31.67,449.46,22.80,40.40,991.00,8.59,13.01,13.32,133.80,0.49,0,13.13,0.00,70.97,1,-32,42,3,3,STAT,60,LAT,LON,W,CRC
07/31/25 08:19:15,24.10,289.58,10.22,3.64,30.59,449.16,22.80,40.70,991.00,7.52,11.34,11.70,140.30,0.23,0,13.13,0.00,70.97,1,-31,42,3,3,STAT,60,LAT,LON,W,CRC
07/31/25 08:20:16,24.09,297.31,8.88,3.42,31.80,449.06,22.80,40.80,991.00,7.00,10.31,10.54,139.50,0.32,0,13.13,0.00,70.97,1,-34,43,3,4,STAT,60,LAT,LON,W,CRC
07/31/25 08:21:15,24.05,287.17,10.23,4.34,29.68,448.52,22.80,41.50,991.00,6.98,11.01,11.44,139.40,0.40,0,13.13,0.00,70.97,1,-31,41,3,3,STAT,60,LAT,LON,W,CRC
07/31/25 08:22:12,24.02,286.22,10.07,4.05,30.10,448.55,22.70,41.40,991.00,7.02,10.77,11.09,138.50,0.39,0,13.13,0.00,70.97,1,-31,42,3,3,STAT,60,LAT,LON,W,CRC
07/31/25 08:23:13,24.00,282.58,8.90,4.47,30.37,449.07,22.70,42.40,991.00,8.02,11.60,11.72,132.50,0.50,0,13.13,0.00,70.97,1,-29,42,4,3,STAT,60,LAT,LON,W,CRC
07/31/25 08:24:15,24.00,288.95,8.14,5.16,29.65,451.43,22.60,42.90,991.00,8.64,13.01,13.05,131.20,0.62,0,13.13,0.00,87.10,1,-29,41,3,3,STAT,60,LAT,LON,W,CRC
07/31/25 08:25:16,23.96,290.33,11.45,4.52,29.77,453.71,22.50,42.50,991.00,9.09,14.07,14.08,126.10,0.62,0,13.13,0.00,70.97,1,-30,40,4,3,STAT,60,LAT,LON,W,CRC
07/31/25 08:26:13,23.92,289.57,9.32,5.06,29.97,454.51,22.50,42.80,991.00,9.23,13.62,14.21,131.90,0.59,0,13.13,0.00,74.19,1,-29,40,3,3,STAT,60,LAT,LON,W,CRC
07/31/25 08:27:15,23.90,287.17,12.29,3.20,29.97,455.41,22.50,42.40,991.00,9.24,13.53,13.75,139.80,0.25,0,13.13,0.00,83.87,1,-29,39,2,3,STAT,60,LAT,LON,W,CRC
07/31/25 08:28:17,23.89,289.89,11.60,3.71,28.94,455.79,22.50,42.00,991.00,9.07,13.33,13.84,131.20,0.49,0,13.13,0.00,70.97,1,-30,40,2,3,STAT,60,LAT,LON,W,CRC
07/31/25 08:29:14,23.85,298.16,12.03,3.99,26.55,455.34,22.50,41.30,991.00,8.77,13.37,13.62,145.10,0.19,0,13.13,0.00,70.97,1,-34,41,3,3,STAT,60,LAT,LON,W,CRC
07/31/25 08:30:16,23.81,300.29,12.34,3.18,29.73,454.83,22.50,40.60,991.00,7.72,12.36,12.44,129.10,0.85,0,13.13,0.00,74.19,1,-35,40,3,3,STAT,60,LAT,LON,W,CRC
07/31/25 08:31:17,23.80,294.70,12.58,3.19,30.38,453.22,22.50,41.10,991.00,7.46,11.07,11.31,128.50,0.50,0,13.13,0.00,70.97,1,-33,40,3,3,STAT,60,LAT,LON,W,CRC
07/31/25 08:32:14,23.79,291.16,12.38,3.25,31.09,452.12,22.50,41.00,991.00,7.56,11.10,11.18,147.90,0.25,0,13.13,0.00,74.19,1,-33,39,3,3,STAT,60,LAT,LON,W,CRC
07/31/25 08:33:16,23.74,287.85,10.88,3.53,32.18,450.99,22.50,40.90,991.00,7.62,11.12,11.40,134.90,0.71,0,13.13,0.00,70.97,1,-31,40,2,3,STAT,60,LAT,LON,W,CRC
07/31/25 08:34:15,23.71,293.30,6.74,5.69,32.22,450.76,22.40,44.50,991.00,8.29,13.41,14.12,117.20,1.64,0,13.13,0.00,74.19,1,-30,39,3,3,STAT,60,LAT,LON,W,CRC
07/31/25 08:35:16,23.70,291.57,6.43,6.18,32.87,453.29,22.30,45.50,991.00,11.52,18.26,19.17,118.60,1.63,0,13.13,0.00,83.87,1,-26,38,3,2,STAT,60,LAT,LON,W,CRC
07/31/25 08:36:18,23.69,297.62,8.39,5.77,33.47,456.77,22.20,44.70,991.00,12.41,20.21,20.62,121.40,1.48,0,13.13,0.00,83.87,1,-26,39,3,3,STAT,60,LAT,LON,W,CRC
07/31/25 08:37:15,23.66,304.45,10.52,5.08,31.61,457.74,22.20,43.30,991.00,11.55,17.97,18.35,124.40,1.33,0,13.13,0.00,70.97,1,-31,39,3,3,STAT,60,LAT,LON,W,CRC
07/31/25 08:38:16,23.61,309.33,13.71,4.63,31.22,457.37,22.40,42.20,991.00,10.31,16.10,16.63,128.30,1.44,0,13.13,0.00,70.97,1,-33,38,2,3,STAT,60,LAT,LON,W,CRC
07/31/25 08:39:13,23.60,304.99,11.69,4.59,30.01,456.28,22.40,43.40,991.00,10.08,15.51,16.08,124.60,0.54,0,13.13,0.00,74.19,1,-32,38,3,3,STAT,60,LAT,LON,W,CRC
07/31/25 08:40:16,23.59,303.55,12.23,4.93,29.25,455.56,22.40,42.70,991.00,9.35,14.42,14.74,124.20,0.39,0,13.13,0.00,83.87,1,-32,38,3,2,STAT,60,LAT,LON,W,CRC
07/31/25 08:41:18,23.56,305.30,12.19,4.85,27.77,455.20,22.40,42.50,991.00,8.97,14.02,14.27,127.90,0.28,0,13.13,0.00,70.97,1,-33,38,2,2,STAT,60,LAT,LON,W,CRC
07/31/25 08:42:14,23.52,304.65,11.79,4.26,29.00,455.08,22.30,43.10,991.00,8.31,12.64,13.19,111.00,0.15,0,13.13,0.00,70.97,1,-34,38,2,2,STAT,60,LAT,LON,W,CRC
07/31/25 08:43:17,23.50,296.96,14.97,3.62,27.79,454.87,22.30,41.80,991.00,7.07,10.72,11.18,122.10,0.12,0,13.13,0.00,74.19,1,-33,37,2,2,STAT,60,LAT,LON,W,CRC
07/31/25 08:44:19,23.49,289.93,12.48,3.66,29.15,454.63,22.30,42.50,991.00,6.38,10.24,10.50,130.90,0.22,0,13.13,0.00,70.97,1,-33,39,3,3,STAT,60,LAT,LON,W,CRC
07/31/25 08:45:15,23.48,288.54,12.28,3.60,29.01,454.86,22.20,41.90,991.00,6.33,10.05,10.31,109.60,0.22,0,13.13,0.00,74.19,1,-33,39,4,3,STAT,60,LAT,LON,W,CRC
07/31/25 08:46:18,23.42,290.89,12.58,4.15,27.83,454.51,22.30,41.90,991.00,6.60,9.90,10.07,120.90,0.30,0,13.13,0.00,87.10,1,-35,38,3,3,STAT,60,LAT,LON,W,CRC
07/31/25 08:47:16,23.40,286.67,12.13,4.49,27.92,453.24,22.30,42.20,991.00,7.13,11.10,11.56,112.60,0.88,0,13.13,0.00,70.97,1,-33,38,3,3,STAT,60,LAT,LON,W,CRC
07/31/25 08:48:18,23.40,286.70,3.09,6.79,31.55,453.01,22.20,46.40,991.00,8.57,13.48,13.86,105.10,0.80,0,13.13,0.00,87.10,1,-31,40,2,3,STAT,60,LAT,LON,W,CRC
07/31/25 08:49:19,23.39,292.15,2.02,8.27,30.02,458.52,22.00,48.60,991.00,12.31,20.73,22.09,106.00,0.76,0,13.13,0.00,70.97,1,-27,39,2,3,STAT,60,LAT,LON,W,CRC
07/31/25 08:50:16,23.38,296.62,5.89,7.24,28.32,465.29,21.90,47.00,991.00,14.92,23.64,24.80,110.40,0.59,0,13.13,0.00,87.10,1,-26,38,3,2,STAT,60,LAT,LON,W,CRC
07/31/25 08:51:18,23.33,305.38,9.51,6.78,27.10,469.41,21.80,45.60,991.00,14.31,23.78,24.80,113.60,0.71,0,13.13,0.00,70.97,1,-28,37,3,2,STAT,60,LAT,LON,W,CRC
07/31/25 08:52:14,23.30,313.90,6.87,7.61,27.93,470.39,21.80,48.60,991.00,13.91,23.90,25.07,109.40,0.62,0,13.13,0.00,70.97,1,-31,37,3,3,STAT,60,LAT,LON,W,CRC
07/31/25 08:53:17,23.30,307.52,12.78,4.28,29.21,470.33,21.80,44.10,991.00,12.29,20.01,21.11,120.20,0.55,0,13.13,0.00,87.10,1,-31,37,3,3,STAT,60,LAT,LON,W,CRC
07/31/25 08:54:16,23.28,302.78,16.27,3.38,28.86,466.85,22.00,41.90,991.00,9.72,15.15,16.12,123.10,1.63,0,13.13,0.00,87.10,1,-33,35,2,3,STAT,60,LAT,LON,W,CRC
07/31/25 08:55:17,23.23,308.32,15.14,3.62,28.27,460.60,22.10,41.80,991.00,7.72,12.20,13.03,122.20,1.21,0,13.13,0.00,74.19,1,-37,36,2,3,STAT,60,LAT,LON,W,CRC
07/31/25 08:56:20,23.20,301.04,15.54,3.66,26.42,456.10,22.20,41.20,991.00,6.96,11.15,11.69,125.20,1.00,0,13.13,0.00,87.10,1,-36,36,3,1,STAT,60,LAT,LON,W,CRC
07/31/25 08:57:17,23.20,302.16,8.49,6.06,28.20,454.66,22.20,45.20,991.00,8.04,12.77,13.29,127.10,0.87,0,13.13,0.00,87.10,1,-36,36,2,2,STAT,60,LAT,LON,W,CRC
07/31/25 08:58:20,23.19,304.41,5.90,7.06,27.53,459.01,22.00,46.70,991.00,12.06,19.04,19.79,102.40,0.30,0,13.13,0.00,74.19,1,-32,38,2,2,STAT,60,LAT,LON,W,CRC
07/31/25 08:59:16,23.18,305.29,3.06,7.96,27.61,465.29,21.80,49.10,991.00,13.81,22.24,22.75,106.20,0.53,0,13.13,0.00,87.10,1,-30,38,3,2,STAT,60,LAT,LON,W,CRC
07/31/25 09:00:24,23.13,301.27,7.62,8.47,26.04,472.99,21.60,48.80,991.00,17.19,26.59,27.03,109.50,0.73,0,13.13,0.00,70.97,1,-26,36,2,2,STAT,60,LAT,LON,W,CRC
07/31/25 09:01:16,23.11,309.28,5.85,8.06,27.63,476.94,21.40,50.10,991.00,17.59,28.03,29.84,304.50,0.07,0,13.13,0.00,87.10,1,-27,35,3,2,STAT,60,LAT,LON,W,CRC
07/31/25 09:02:17,23.10,315.03,6.96,7.84,26.25,482.18,21.40,50.70,991.00,18.12,29.15,30.39,297.10,0.07,0,13.13,0.00,83.87,1,-27,34,3,2,STAT,60,LAT,LON,W,CRC
07/31/25 09:03:19,23.08,306.51,7.77,7.50,25.65,485.30,21.20,50.50,991.00,18.66,30.44,32.98,47.10,0.13,0,13.13,0.00,70.97,1,-24,34,4,2,STAT,60,LAT,LON,W,CRC
07/31/25 09:04:15,23.02,323.97,6.52,8.33,27.90,487.00,20.90,52.40,991.00,19.15,32.01,35.23,101.10,0.37,0,13.13,0.00,70.97,1,-29,33,4,3,STAT,60,LAT,LON,W,CRC
07/31/25 09:05:17,23.00,340.98,8.56,8.48,26.02,490.10,20.90,52.30,991.00,18.85,31.23,33.39,115.40,0.55,0,13.13,0.00,70.97,1,-34,32,3,3,STAT,60,LAT,LON,W,CRC
07/31/25 09:06:20,22.95,337.65,8.69,7.64,25.32,491.33,20.60,53.20,991.00,18.87,30.69,32.38,109.00,0.89,0,13.13,0.00,87.10,1,-34,32,4,3,STAT,60,LAT,LON,W,CRC
07/31/25 09:07:18,22.92,333.86,7.59,6.92,26.12,491.97,20.60,53.40,991.00,19.31,30.67,32.44,108.20,0.55,0,13.13,0.00,87.10,1,-33,34,2,3,STAT,60,LAT,LON,W,CRC
07/31/25 09:08:20,22.87,340.67,8.11,6.45,22.72,492.48,20.50,53.30,991.00,19.44,31.16,33.21,111.20,0.30,0,13.13,0.00,70.97,1,-35,34,2,2,STAT,60,LAT,LON,W,CRC
07/31/25 09:09:17,22.82,340.18,6.63,6.89,22.72,493.17,20.40,53.70,991.00,19.53,31.87,34.37,17.80,0.13,0,13.13,0.00,87.10,1,-34,33,3,2,STAT,60,LAT,LON,W,CRC
07/31/25 09:10:19,22.77,345.23,5.39,7.31,22.88,494.80,20.30,54.20,991.00,19.86,32.90,36.36,16.90,0.11,0,13.13,0.00,70.97,1,-34,32,3,2,STAT,60,LAT,LON,W,CRC
07/31/25 09:11:17,22.72,353.14,7.35,7.47,21.43,496.16,20.20,54.30,991.00,20.13,32.67,35.90,341.60,0.16,0,13.13,0.00,70.97,1,-36,32,3,2,STAT,60,LAT,LON,W,CRC
07/31/25 09:12:20,22.66,360.32,5.85,7.94,22.18,496.12,20.10,55.00,991.00,19.99,32.68,35.90,333.20,0.15,0,13.13,0.00,70.97,1,-38,31,3,2,STAT,60,LAT,LON,W,CRC
07/31/25 09:13:16,22.62,359.23,6.56,7.65,20.13,496.59,20.00,54.60,991.00,20.07,33.35,36.86,321.60,0.09,0,13.13,0.00,70.97,1,-38,31,3,2,STAT,60,LAT,LON,W,CRC
07/31/25 09:14:18,22.55,363.20,5.76,7.48,21.77,496.86,20.00,54.20,991.00,20.14,32.74,37.22,176.90,0.02,0,13.13,0.00,70.97,1,-40,31,2,2,STAT,60,LAT,LON,W,CRC
07/31/25 09:15:20,22.51,364.08,6.79,7.45,24.17,496.95,20.00,55.70,991.00,20.07,33.45,38.04,263.60,0.11,0,13.13,0.00,70.97,1,-40,30,2,2,STAT,60,LAT,LON,W,CRC
07/31/25 09:16:18,22.44,365.23,6.87,7.69,22.23,497.08,20.00,55.80,991.00,20.08,33.93,39.21,283.60,0.26,0,13.13,0.00,90.32,1,-40,29,3,2,STAT,60,LAT,LON,W,CRC
07/31/25 09:17:20,22.40,372.50,8.25,8.00,20.74,496.87,20.00,55.30,991.00,19.85,33.32,37.85,296.90,0.25,0,13.13,0.00,74.19,1,-41,29,2,2,STAT,60,LAT,LON,W,CRC
07/31/25 09:18:18,22.33,372.37,8.29,8.32,19.79,495.88,19.90,55.40,991.00,19.79,33.03,36.70,317.60,0.26,0,13.13,0.00,70.97,1,-41,29,2,2,STAT,60,LAT,LON,W,CRC
07/31/25 09:19:20,22.29,374.89,8.99,6.91,22.10,494.54,19.80,55.40,991.00,20.40,32.72,35.48,310.90,0.35,0,13.13,0.00,70.97,1,-42,29,1,2,STAT,60,LAT,LON,W,CRC
07/31/25 09:20:24,22.23,364.24,8.39,7.21,24.09,490.81,19.70,55.30,991.00,20.04,31.98,34.32,322.70,0.60,0,13.13,0.00,74.19,1,-40,29,2,2,STAT,60,LAT,LON,W,CRC
07/31/25 09:21:21,22.19,364.07,6.16,7.67,25.58,486.69,19.50,55.90,991.00,19.84,31.76,34.63,328.80,0.82,0,13.13,0.00,70.97,1,-39,27,3,2,STAT,60,LAT,LON,W,CRC
07/31/25 09:22:17,22.13,370.90,5.83,8.16,25.05,484.65,19.50,56.20,991.00,20.15,31.36,34.41,335.90,0.65,0,13.13,0.00,70.97,1,-41,30,3,2,STAT,60,LAT,LON,W,CRC
07/31/25 09:23:21,22.08,366.41,7.10,8.25,23.50,484.23,19.40,56.30,991.00,20.52,32.55,35.81,330.50,0.53,0,13.13,0.00,87.10,1,-40,28,3,2,STAT,60,LAT,LON,W,CRC
07/31/25 09:24:18,22.03,365.80,8.37,8.17,22.50,484.70,19.30,56.00,991.00,20.17,31.66,34.58,322.80,0.45,0,13.13,0.00,87.10,1,-41,27,4,2,STAT,60,LAT,LON,W,CRC
07/31/25 09:25:20,21.98,363.56,7.36,7.69,22.98,485.70,19.30,56.10,991.00,19.51,30.46,32.18,316.30,0.52,0,13.13,0.00,74.19,1,-41,27,2,2,STAT,60,LAT,LON,W,CRC
07/31/25 09:26:23,21.92,353.76,8.08,7.24,21.89,486.54,19.20,56.40,991.00,18.51,30.55,32.23,6.20,0.16,0,13.13,0.00,70.97,1,-39,28,2,2,STAT,60,LAT,LON,W,CRC
07/31/25 09:27:21,21.87,363.69,7.14,7.85,24.83,486.99,19.20,56.30,991.00,18.51,29.85,31.39,29.10,0.23,0,13.13,0.00,74.19,1,-42,28,2,2,STAT,60,LAT,LON,W,CRC
07/31/25 09:28:18,21.82,364.33,6.71,7.20,25.41,487.00,19.10,56.10,991.00,17.82,29.25,30.57,16.90,0.19,0,13.13,0.00,87.10,1,-43,28,3,2,STAT,60,LAT,LON,W,CRC
07/31/25 09:29:19,21.77,367.73,7.58,7.82,24.44,486.70,19.10,56.60,991.00,17.04,26.95,28.38,56.50,0.20,0,13.13,0.00,70.97,1,-45,28,3,2,STAT,60,LAT,LON,W,CRC
07/31/25 09:30:21,21.72,360.88,10.44,6.65,22.94,486.25,19.10,55.30,991.00,16.72,26.45,27.52,309.20,0.29,0,13.13,0.00,74.19,1,-44,26,2,2,STAT,60,LAT,LON,W,CRC
07/31/25 09:31:19,21.67,355.41,9.83,7.24,21.35,486.10,19.00,55.10,991.00,15.58,24.43,25.47,315.80,0.38,0,13.13,0.00,83.87,1,-43,27,2,2,STAT,60,LAT,LON,W,CRC
07/31/25 09:32:21,21.62,352.36,5.04,8.48,20.92,485.42,19.00,55.70,991.00,14.42,23.32,24.37,303.80,0.67,0,13.13,0.00,70.97,1,-41,28,2,1,STAT,60,LAT,LON,W,CRC
07/31/25 09:33:18,21.57,349.12,8.64,7.15,22.24,485.16,18.90,55.40,991.00,14.82,24.23,24.89,300.00,0.95,0,13.13,0.00,70.97,1,-41,26,2,1,STAT,60,LAT,LON,W,CRC
07/31/25 09:34:22,21.52,341.20,7.94,7.11,21.86,484.56,18.80,56.10,991.00,15.91,24.84,25.66,309.70,0.51,0,13.13,0.00,67.74,1,-38,27,3,1,STAT,60,LAT,LON,W,CRC
07/31/25 09:35:19,21.47,340.42,7.31,7.07,22.96,484.21,18.80,55.80,991.00,15.57,24.76,25.40,66.80,0.16,0,13.13,0.00,87.10,1,-40,26,3,1,STAT,60,LAT,LON,W,CRC
07/31/25 09:36:21,21.43,342.61,10.66,6.31,21.43,484.08,18.80,55.90,991.00,16.08,25.05,25.80,113.30,0.13,0,13.13,0.00,83.87,1,-42,26,1,2,STAT,60,LAT,LON,W,CRC
07/31/25 09:37:22,21.37,343.98,9.62,7.81,20.81,484.03,18.80,54.60,991.00,14.90,23.14,24.01,240.90,0.05,0,13.13,0.00,70.97,1,-43,24,1,1,STAT,60,LAT,LON,W,CRC
07/31/25 09:38:19,21.33,337.99,9.79,8.23,21.37,483.78,18.80,56.10,991.00,14.40,22.79,23.44,263.60,0.34,0,13.13,0.00,74.19,1,-40,24,2,1,STAT,60,LAT,LON,W,CRC
07/31/25 09:39:21,21.28,336.42,11.09,7.15,22.27,484.62,18.80,55.30,991.00,13.70,20.96,21.41,266.40,0.40,0,13.13,0.00,70.97,1,-40,24,2,1,STAT,60,LAT,LON,W,CRC
07/31/25 09:40:25,21.23,335.79,12.96,7.34,18.46,484.87,18.80,55.20,991.00,13.55,22.09,22.44,268.80,0.42,0,13.13,0.00,83.87,1,-41,25,1,1,STAT,60,LAT,LON,W,CRC
07/31/25 09:41:22,21.18,335.97,12.17,6.81,20.14,484.95,18.80,56.10,991.00,13.37,22.63,22.86,273.50,0.45,0,13.13,0.00,70.97,1,-41,24,2,1,STAT,60,LAT,LON,W,CRC
07/31/25 09:42:19,21.13,335.76,13.10,6.53,19.53,484.69,18.80,55.70,991.00,13.80,22.99,24.40,302.50,0.30,0,13.13,0.00,70.97,1,-41,24,2,1,STAT,60,LAT,LON,W,CRC
07/31/25 09:43:22,21.10,339.94,9.81,7.96,20.91,484.33,18.80,56.20,991.00,13.32,21.93,23.05,65.30,0.17,0,13.13,0.00,87.10,1,-43,24,2,2,STAT,60,LAT,LON,W,CRC
07/31/25 09:44:23,21.04,332.71,10.42,8.21,21.97,483.96,18.70,55.90,991.00,13.05,21.38,22.41,83.10,0.27,0,13.13,0.00,87.10,1,-40,24,2,1,STAT,60,LAT,LON,W,CRC
07/31/25 09:45:20,21.01,331.33,11.35,6.76,19.17,483.99,18.70,55.80,991.00,12.72,21.11,22.12,29.80,0.10,0,13.13,0.00,70.97,1,-40,25,2,1,STAT,60,LAT,LON,W,CRC
07/31/25 09:46:22,20.95,333.00,11.93,6.45,17.42,483.41,18.70,56.00,991.00,13.01,20.71,22.25,333.10,0.11,0,13.13,0.00,74.19,1,-41,24,1,1,STAT,60,LAT,LON,W,CRC
07/31/25 09:47:20,20.92,324.02,10.64,6.41,18.95,482.54,18.60,56.30,991.00,12.97,19.96,20.63,323.80,0.24,0,13.13,0.00,87.10,1,-40,25,1,1,STAT,60,LAT,LON,W,CRC
07/31/25 09:48:22,20.87,327.67,11.40,6.03,19.10,482.19,18.60,56.30,991.00,12.15,19.10,19.62,358.50,0.14,0,13.13,0.00,83.87,1,-41,24,2,1,STAT,60,LAT,LON,W,CRC
07/31/25 09:49:24,20.83,322.12,9.62,7.06,17.98,482.38,18.60,55.80,991.00,12.26,20.05,20.96,66.50,0.05,0,13.13,0.00,87.10,1,-39,24,2,1,STAT,60,LAT,LON,W,CRC
07/31/25 09:50:20,20.81,311.12,5.68,8.49,20.72,482.81,18.60,56.80,991.00,12.78,21.15,22.09,87.60,0.11,0,13.13,0.00,74.19,1,-35,25,1,1,STAT,60,LAT,LON,W,CRC
07/31/25 09:51:22,20.75,311.27,8.40,8.39,18.50,483.99,18.60,57.60,991.00,13.28,20.59,21.29,307.40,0.13,0,13.13,0.00,70.97,1,-34,25,1,0,STAT,60,LAT,LON,W,CRC
07/31/25 09:52:24,20.72,314.70,11.59,6.91,17.53,486.36,18.60,56.70,991.00,13.60,21.28,21.95,308.00,0.24,0,13.13,0.00,83.87,1,-36,23,1,1,STAT,60,LAT,LON,W,CRC
07/31/25 09:53:22,20.69,320.41,9.32,6.84,15.87,488.07,18.50,56.60,991.00,13.71,21.56,22.17,337.40,0.09,0,13.13,0.00,87.10,1,-39,24,1,0,STAT,60,LAT,LON,W,CRC
07/31/25 09:54:24,20.64,324.34,10.55,7.10,15.16,489.32,18.50,57.10,991.00,13.26,21.16,21.83,121.20,0.19,0,13.13,0.00,70.97,1,-40,24,1,0,STAT,60,LAT,LON,W,CRC
07/31/25 09:55:21,20.62,316.64,11.55,6.97,16.53,489.33,18.50,56.40,991.00,13.36,21.78,22.73,131.00,0.09,0,13.13,0.00,70.97,1,-38,22,1,0,STAT,60,LAT,LON,W,CRC
07/31/25 09:56:23,20.58,314.81,8.92,8.09,18.10,489.28,18.50,57.80,991.00,13.28,19.94,21.13,264.90,0.18,0,13.13,0.00,70.97,1,-37,23,2,0,STAT,60,LAT,LON,W,CRC
07/31/25 09:57:25,20.53,314.94,8.83,8.68,18.82,491.42,18.40,58.30,991.00,13.79,21.74,22.79,285.40,0.63,0,13.13,0.00,74.19,1,-35,23,2,0,STAT,60,LAT,LON,W,CRC
07/31/25 09:58:22,20.52,310.85,10.90,8.07,17.89,494.35,18.30,57.10,991.00,13.23,21.36,22.24,313.00,0.47,0,13.13,0.00,70.97,1,-34,23,1,1,STAT,60,LAT,LON,W,CRC
07/31/25 09:59:23,20.48,314.25,9.01,6.90,19.65,494.80,18.20,56.90,991.00,12.99,21.02,21.79,57.80,0.10,0,13.13,0.00,90.32,1,-36,23,1,0,STAT,60,LAT,LON,W,CRC
07/31/25 10:00:26,20.43,317.60,12.19,6.23,19.24,492.11,18.20,56.40,991.00,12.38,20.57,21.47,63.80,0.11,0,13.13,0.00,87.10,1,-38,22,1,1,STAT,60,LAT,LON,W,CRC
07/31/25 10:01:22,20.42,316.04,8.99,8.39,18.83,488.58,18.20,60.30,991.00,11.88,18.22,18.99,38.30,0.13,0,13.13,0.00,74.19,1,-38,21,1,0,STAT,60,LAT,LON,W,CRC
07/31/25 10:02:24,20.37,299.03,6.00,11.58,18.48,487.14,18.10,61.10,991.00,12.43,20.39,21.15,344.40,0.22,0,13.13,0.00,70.97,1,-30,21,1,0,STAT,60,LAT,LON,W,CRC
07/31/25 10:03:21,20.33,293.64,4.53,12.37,16.22,488.72,18.10,58.80,991.00,12.58,20.49,21.69,348.00,0.09,0,13.13,0.00,87.10,1,-28,21,1,0,STAT,60,LAT,LON,W,CRC
07/31/25 10:04:24,20.31,291.41,-3.34,16.23,17.71,490.14,17.90,60.10,991.00,12.93,21.86,22.54,315.80,0.31,0,13.13,0.00,74.19,1,-25,20,1,0,STAT,60,LAT,LON,W,CRC
07/31/25 10:05:26,20.25,262.22,0.54,21.83,13.98,491.75,17.90,58.60,991.00,12.89,22.21,22.99,322.80,0.33,0,13.13,0.00,74.19,1,-15,19,1,0,STAT,60,LAT,LON,W,CRC
07/31/25 10:06:22,20.23,258.10,5.02,22.49,7.22,492.52,17.90,59.00,991.00,12.90,22.42,22.84,0.70,0.07,0,13.13,0.00,74.19,1,-14,21,3,0,STAT,60,LAT,LON,W,CRC
07/31/25 10:07:23,20.18,286.21,0.48,20.39,11.57,493.67,17.80,60.70,991.00,13.12,22.85,23.78,300.30,0.32,0,13.13,0.00,70.97,1,-27,19,3,0,STAT,60,LAT,LON,W,CRC
07/31/25 10:08:24,20.14,292.25,0.69,20.12,10.76,495.65,17.80,60.40,991.00,13.29,21.94,23.26,312.60,0.39,0,13.13,0.00,74.19,1,-28,18,4,1,STAT,60,LAT,LON,W,CRC
07/31/25 10:09:21,20.07,311.62,5.64,18.46,9.27,497.70,17.70,65.40,991.00,12.91,21.93,23.00,0.50,0.06,0,13.13,0.00,74.19,1,-34,18,4,0,STAT,60,LAT,LON,W,CRC
07/31/25 10:10:24,20.01,335.81,11.61,16.02,8.41,501.40,17.70,60.10,991.00,13.27,20.38,21.83,307.80,0.41,0,13.13,0.00,70.97,1,-41,19,4,1,STAT,60,LAT,LON,W,CRC
07/31/25 10:11:21,19.95,341.93,7.82,14.80,12.10,502.71,17.60,59.90,991.00,13.19,20.50,21.19,311.00,0.43,0,13.13,0.00,70.97,1,-43,19,4,1,STAT,60,LAT,LON,W,CRC
07/31/25 10:12:22,19.87,351.13,5.16,14.63,11.00,502.39,17.50,60.10,991.00,12.96,21.14,22.24,289.90,0.20,0,13.13,0.00,74.19,1,-47,18,3,1,STAT,60,LAT,LON,W,CRC
07/31/25 10:13:24,19.79,371.39,4.15,12.80,14.48,501.49,17.40,61.30,991.00,13.29,22.72,23.58,347.80,0.27,0,13.13,0.00,70.97,1,-52,18,1,1,STAT,60,LAT,LON,W,CRC
07/31/25 10:14:25,19.72,383.21,4.57,11.96,12.26,501.19,17.40,61.00,991.00,13.10,21.23,21.99,52.50,0.07,0,13.13,0.00,87.10,1,-56,18,2,0,STAT,60,LAT,LON,W,CRC
07/31/25 10:15:27,19.63,393.80,6.13,10.66,15.55,500.48,17.40,61.40,991.00,12.93,21.28,22.08,284.40,0.20,0,13.13,0.00,74.19,1,-60,17,1,0,STAT,60,LAT,LON,W,CRC
07/31/25 10:16:24,19.56,400.23,6.21,10.28,17.83,499.73,17.30,63.00,991.00,13.72,22.35,23.43,274.10,0.11,0,13.13,0.00,70.97,1,-61,17,1,0,STAT,60,LAT,LON,W,CRC
07/31/25 10:17:26,19.47,406.47,9.87,10.34,17.23,499.26,17.20,63.50,991.00,13.85,22.05,22.86,321.60,0.17,0,13.13,0.00,74.19,1,-61,16,1,0,STAT,60,LAT,LON,W,CRC
07/31/25 10:18:28,19.39,414.60,11.34,8.66,17.82,498.51,17.10,61.80,991.00,13.76,23.17,23.70,314.00,0.31,0,13.13,0.00,83.87,1,-63,17,1,1,STAT,60,LAT,LON,W,CRC
07/31/25 10:19:25,19.31,425.19,11.31,7.00,19.69,498.20,17.10,62.00,991.00,13.70,22.54,22.88,315.80,0.63,0,13.13,0.00,70.97,1,-67,16,1,1,STAT,60,LAT,LON,W,CRC
07/31/25 10:20:23,19.26,419.38,8.81,7.30,19.94,498.69,17.10,61.50,991.00,13.59,22.05,22.50,325.40,0.69,0,13.13,0.00,77.42,1,-66,17,1,0,STAT,60,LAT,LON,W,CRC
07/31/25 10:21:25,19.17,412.73,9.91,6.81,20.00,498.31,17.10,61.50,991.00,13.27,21.16,22.43,331.70,0.57,0,13.13,0.00,70.97,1,-64,17,0,0,STAT,60,LAT,LON,W,CRC
07/31/25 10:22:27,19.10,398.91,9.54,6.73,18.91,497.82,17.10,61.60,991.00,12.73,19.85,20.49,333.30,0.29,0,13.13,0.00,70.97,1,-62,17,0,0,STAT,60,LAT,LON,W,CRC
07/31/25 10:23:24,19.06,383.52,-0.77,15.00,16.20,497.31,17.10,62.00,991.00,13.02,20.86,21.46,311.10,0.33,0,13.13,0.00,70.97,1,-57,17,1,0,STAT,60,LAT,LON,W,CRC
07/31/25 10:24:27,18.98,366.47,-1.86,16.30,14.57,497.77,17.10,61.90,991.00,13.21,21.73,22.71,298.90,0.43,0,13.13,0.00,70.97,1,-49,17,0,0,STAT,60,LAT,LON,W,CRC
07/31/25 10:25:23,18.94,369.87,3.70,15.99,11.05,498.94,17.10,61.90,991.00,13.29,21.55,22.47,297.70,0.52,0,13.13,0.00,70.97,1,-50,16,1,0,STAT,60,LAT,LON,W,CRC
07/31/25 10:26:25,18.87,366.48,10.56,14.08,9.96,499.92,17.10,62.10,991.00,13.22,20.93,21.36,314.40,0.22,0,13.13,0.00,70.97,1,-50,16,0,0,STAT,60,LAT,LON,W,CRC
07/31/25 10:27:27,18.83,365.41,13.29,12.35,10.39,500.42,17.00,62.70,991.00,12.45,20.10,20.80,24.90,0.08,0,13.13,0.00,70.97,1,-51,15,0,0,STAT,60,LAT,LON,W,CRC
07/31/25 10:28:24,18.77,370.76,11.86,10.03,12.44,500.65,16.90,62.30,991.00,12.54,20.13,20.61,346.70,0.13,0,13.13,0.00,74.19,1,-54,15,1,0,STAT,60,LAT,LON,W,CRC
07/31/25 10:29:26,18.71,381.71,12.30,8.18,15.93,500.07,16.90,62.00,991.00,12.03,18.30,18.96,359.70,0.12,0,13.13,0.00,74.19,1,-58,15,0,0,STAT,60,LAT,LON,W,CRC
07/31/25 10:30:28,18.66,387.16,10.05,7.31,17.20,499.38,16.90,62.80,991.00,12.02,18.80,19.11,308.00,0.20,0,13.13,0.00,70.97,1,-60,16,0,0,STAT,60,LAT,LON,W,CRC
07/31/25 10:31:24,18.60,382.41,4.90,10.17,15.45,499.63,16.80,64.30,991.00,12.25,19.38,20.21,300.00,0.29,0,13.13,0.00,103.23,1,-58,17,0,0,STAT,60,LAT,LON,W,CRC
07/31/25 10:32:26,18.56,382.57,7.33,8.89,15.88,500.68,16.80,64.20,991.00,12.48,21.10,21.81,295.20,0.19,0,13.13,0.00,74.19,1,-56,17,0,0,STAT,60,LAT,LON,W,CRC
07/31/25 10:33:29,18.49,380.57,10.61,7.53,16.24,501.54,16.70,63.80,991.00,11.92,20.29,21.02,71.10,0.16,0,13.13,0.00,77.42,1,-57,15,0,0,STAT,60,LAT,LON,W,CRC
07/31/25 10:34:27,18.46,384.56,12.39,7.37,14.95,502.12,16.70,67.20,991.00,12.52,21.02,22.11,87.50,0.23,0,13.09,0.00,70.97,1,-59,15,0,0,STAT,60,LAT,LON,W,CRC
07/31/25 10:35:29,18.39,382.30,10.59,8.11,16.35,502.46,16.60,63.60,991.00,11.94,20.41,20.93,67.90,0.22,0,13.09,0.00,87.10,1,-59,15,0,0,STAT,60,LAT,LON,W,CRC
07/31/25 10:36:26,18.36,384.78,11.36,7.38,12.83,502.18,16.60,62.90,991.00,12.69,20.60,21.34,50.40,0.09,0,13.13,0.00,87.10,1,-60,15,0,0,STAT,60,LAT,LON,W,CRC
07/31/25 10:37:28,18.30,379.54,11.57,6.88,12.51,502.06,16.70,63.50,991.00,11.91,19.63,20.44,299.50,0.06,0,13.09,0.00,90.32,1,-60,15,0,0,STAT,60,LAT,LON,W,CRC
07/31/25 10:38:25,18.27,376.01,8.02,7.44,13.21,502.02,16.70,64.40,991.00,12.02,19.04,20.02,307.60,0.27,0,13.09,0.00,87.10,1,-59,16,-1,0,STAT,60,LAT,LON,W,CRC
07/31/25 10:39:27,18.24,369.59,9.75,7.23,14.93,502.24,16.70,62.80,991.00,11.71,19.63,20.15,321.00,0.38,0,13.13,0.00,74.19,1,-58,16,0,0,STAT,60,LAT,LON,W,CRC
07/31/25 10:40:24,18.19,371.12,9.80,6.83,15.23,502.71,16.70,62.90,991.00,11.37,18.98,19.29,332.10,0.41,0,13.09,0.00,77.42,1,-59,16,-1,0,STAT,60,LAT,LON,W,CRC
07/31/25 10:41:25,18.16,362.55,8.96,7.75,14.70,503.48,16.70,63.80,991.00,11.63,18.38,18.48,341.90,0.25,0,13.09,0.00,74.19,1,-56,16,0,0,STAT,60,LAT,LON,W,CRC
07/31/25 10:42:27,18.15,358.96,13.73,6.84,14.52,504.47,16.70,62.60,991.00,11.62,18.36,19.52,326.10,0.14,0,13.13,0.00,70.97,1,-55,14,0,0,STAT,60,LAT,LON,W,CRC
07/31/25 10:43:24,18.10,353.72,12.35,7.41,13.33,505.09,16.70,64.00,991.00,11.64,18.13,18.94,313.70,0.12,0,13.09,0.00,74.19,1,-55,14,-1,0,STAT,60,LAT,LON,W,CRC
07/31/25 10:44:26,18.07,353.67,12.43,6.74,11.65,506.49,16.70,63.60,991.00,10.46,16.78,17.18,274.10,0.02,0,13.13,0.00,70.97,1,-54,15,-1,0,STAT,60,LAT,LON,W,CRC
07/31/25 10:45:28,18.05,342.66,8.39,8.39,10.34,507.79,16.70,64.30,991.00,10.60,16.54,17.46,295.60,0.05,0,13.09,0.00,74.19,1,-50,18,-1,-1,STAT,60,LAT,LON,W,CRC
07/31/25 10:46:25,18.05,337.32,8.26,9.28,12.44,508.83,16.70,63.90,991.00,11.30,18.63,19.03,299.20,0.22,0,13.09,0.00,70.97,1,-48,17,-1,0,STAT,60,LAT,LON,W,CRC
07/31/25 10:47:28,18.03,338.04,11.33,8.26,11.32,511.54,16.70,63.60,991.00,11.74,18.09,18.23,318.00,0.34,0,13.09,0.00,74.19,1,-48,16,-1,-1,STAT,60,LAT,LON,W,CRC
07/31/25 10:48:30,17.98,325.76,10.71,7.70,13.84,512.16,16.70,64.70,991.00,11.42,17.60,18.01,331.40,0.15,0,13.09,0.00,74.19,1,-45,16,-1,-1,STAT,60,LAT,LON,W,CRC
07/31/25 10:49:27,17.96,328.76,13.17,7.29,11.91,512.19,16.70,64.10,991.00,11.32,18.01,18.60,316.50,0.10,0,13.13,0.00,70.97,1,-47,15,-1,-1,STAT,60,LAT,LON,W,CRC
07/31/25 10:50:30,17.95,325.33,12.93,6.63,12.53,511.85,16.70,63.50,991.00,11.31,18.07,18.42,314.50,0.02,0,13.09,0.00,74.19,1,-45,15,-2,-1,STAT,60,LAT,LON,W,CRC
07/31/25 10:51:27,17.95,318.09,10.77,7.31,11.17,510.89,16.70,64.20,991.00,11.31,18.13,18.52,116.70,0.21,0,13.09,0.00,70.97,1,-43,16,-1,-1,STAT,60,LAT,LON,W,CRC
07/31/25 10:52:29,17.95,314.86,9.14,7.58,15.10,508.36,16.60,64.90,991.00,11.68,18.79,19.68,114.50,0.21,0,13.13,0.00,70.97,1,-40,15,-1,-1,STAT,60,LAT,LON,W,CRC
07/31/25 10:53:26,17.94,314.81,10.76,8.50,13.96,507.93,16.60,63.70,991.00,11.02,17.87,18.65,110.70,0.13,0,13.09,0.00,96.77,1,-40,15,-1,-1,STAT,60,LAT,LON,W,CRC
07/31/25 10:54:29,17.91,307.40,12.78,7.36,13.52,508.27,16.60,63.80,991.00,11.65,18.52,19.38,104.30,0.08,0,13.09,0.00,74.19,1,-39,15,-1,-1,STAT,60,LAT,LON,W,CRC
07/31/25 10:55:26,17.87,312.14,13.82,7.04,11.91,508.72,16.60,63.70,991.00,11.71,19.36,20.55,254.00,0.06,0,13.09,0.00,70.97,1,-41,15,-1,-1,STAT,60,LAT,LON,W,CRC
07/31/25 10:56:28,17.86,305.37,11.14,6.99,11.27,509.40,16.70,63.30,991.00,12.19,19.03,19.86,271.20,0.09,0,13.09,0.00,74.19,1,-39,16,-2,-1,STAT,60,LAT,LON,W,CRC
07/31/25 10:57:30,17.85,308.19,14.25,6.52,10.22,509.79,16.70,63.70,991.00,11.84,18.46,19.31,103.00,0.06,0,13.13,0.00,70.97,1,-40,15,-1,-1,STAT,60,LAT,LON,W,CRC
07/31/25 10:58:26,17.85,301.19,12.85,6.68,8.99,509.46,16.70,64.40,991.00,11.75,18.30,19.20,105.90,0.15,0,13.09,0.00,70.97,1,-37,16,-1,-1,STAT,60,LAT,LON,W,CRC
07/31/25 10:59:28,17.85,300.22,12.77,6.83,9.87,509.16,16.60,64.40,991.00,11.68,18.50,19.26,114.90,0.20,0,13.09,0.00,87.10,1,-37,14,-1,-1,STAT,60,LAT,LON,W,CRC
07/31/25 11:00:27,17.85,298.68,10.96,6.02,11.18,509.06,16.60,64.00,991.00,11.26,18.28,19.13,91.40,0.09,0,13.09,0.00,70.97,1,-37,16,-1,-1,STAT,60,LAT,LON,W,CRC
07/31/25 11:01:29,17.85,292.40,11.81,6.87,9.21,509.02,16.60,64.10,991.00,11.62,18.49,18.94,95.90,0.10,0,13.09,0.00,74.19,1,-34,15,-2,-1,STAT,60,LAT,LON,W,CRC
07/31/25 11:02:31,17.84,290.23,11.73,6.90,10.26,509.01,16.60,63.90,991.00,11.32,18.40,19.22,86.30,0.11,0,13.09,0.00,70.97,1,-34,16,-1,-1,STAT,60,LAT,LON,W,CRC
07/31/25 11:03:27,17.83,288.87,11.78,7.19,11.10,508.60,16.60,64.00,991.00,11.29,18.28,19.03,23.40,0.08,0,13.09,0.00,70.97,1,-35,14,-1,-2,STAT,60,LAT,LON,W,CRC
07/31/25 11:04:30,17.83,292.03,10.02,8.46,11.56,507.76,16.70,64.30,991.00,10.77,17.08,17.68,328.80,0.23,0,13.09,0.00,74.19,1,-34,16,-1,-1,STAT,60,LAT,LON,W,CRC
07/31/25 11:05:32,17.80,287.75,10.93,7.94,11.17,507.27,16.70,63.90,991.00,11.16,18.63,19.06,332.80,0.23,0,13.09,0.00,70.97,1,-33,14,-1,-2,STAT,60,LAT,LON,W,CRC
07/31/25 11:06:29,17.77,283.15,8.62,8.84,12.58,507.26,16.70,64.80,991.00,11.08,18.37,18.85,296.50,0.45,0,13.09,0.00,103.23,1,-32,15,-2,-1,STAT,60,LAT,LON,W,CRC
07/31/25 11:07:26,17.76,282.91,13.44,7.98,12.38,508.24,16.70,64.00,991.00,10.99,17.83,19.19,300.30,0.54,0,13.09,0.00,87.10,1,-32,15,-1,-1,STAT,60,LAT,LON,W,CRC
07/31/25 11:08:28,17.75,285.49,12.69,8.14,13.36,508.12,16.60,63.70,991.00,10.75,16.17,17.22,325.80,0.29,0,13.09,0.00,90.32,1,-32,14,0,-1,STAT,60,LAT,LON,W,CRC
07/31/25 11:09:29,17.75,285.23,14.08,7.02,13.14,507.03,16.60,63.40,991.00,10.52,16.66,17.19,329.10,0.25,0,13.09,0.00,70.97,1,-33,14,-1,-1,STAT,60,LAT,LON,W,CRC
07/31/25 11:10:31,17.75,280.26,13.49,6.86,14.27,504.35,16.60,63.50,991.00,10.75,16.59,17.00,328.10,0.35,0,13.09,0.00,70.97,1,-33,14,-2,-1,STAT,60,LAT,LON,W,CRC
07/31/25 11:11:28,17.75,277.08,11.17,6.89,14.47,502.28,16.50,64.10,991.00,11.24,17.77,18.55,341.40,0.28,0,13.09,0.00,70.97,1,-33,14,-2,-1,STAT,60,LAT,LON,W,CRC
07/31/25 11:12:30,17.75,273.21,11.51,7.80,12.62,501.86,16.50,64.50,991.00,10.80,18.05,18.48,358.50,0.18,0,13.13,0.00,74.19,1,-30,15,-2,-1,STAT,60,LAT,LON,W,CRC
07/31/25 11:13:35,17.75,278.38,11.31,8.12,12.82,501.95,16.50,64.80,991.00,11.01,17.84,18.58,88.50,0.06,0,13.09,0.00,87.10,1,-32,16,-2,-1,STAT,60,LAT,LON,W,CRC
07/31/25 11:14:32,17.75,280.53,10.09,7.82,13.45,501.98,16.50,64.40,991.00,10.89,17.86,19.55,52.20,0.16,0,13.09,0.00,70.97,1,-33,16,-2,-1,STAT,60,LAT,LON,W,CRC
07/31/25 11:15:29,17.75,272.79,10.34,7.63,14.68,502.48,16.50,64.80,991.00,11.71,18.72,19.61,9.30,0.19,0,13.09,0.00,70.97,1,-30,16,-3,-1,STAT,60,LAT,LON,W,CRC
07/31/25 11:16:31,17.75,267.91,12.51,7.53,11.52,507.31,16.40,65.30,992.00,11.68,18.38,19.54,344.90,0.13,0,13.09,0.00,70.97,1,-29,15,-1,-1,STAT,60,LAT,LON,W,CRC
07/31/25 11:17:33,17.73,271.86,10.90,8.30,13.34,514.05,16.40,65.20,992.00,10.99,17.27,17.88,294.50,0.35,0,13.09,0.00,74.19,1,-30,13,-1,-1,STAT,60,LAT,LON,W,CRC
07/31/25 11:18:30,17.71,278.37,13.12,7.83,12.44,517.71,16.30,65.20,992.00,11.26,17.40,17.74,310.10,0.31,0,13.09,0.00,70.97,1,-32,13,-1,-1,STAT,60,LAT,LON,W,CRC
07/31/25 11:19:31,17.67,275.08,13.98,7.25,11.01,519.43,16.30,64.50,992.00,11.35,17.11,17.23,359.40,0.07,0,13.09,0.00,90.32,1,-32,13,-1,-1,STAT,60,LAT,LON,W,CRC
07/31/25 11:20:29,17.66,273.51,10.51,8.40,10.35,520.40,16.30,65.70,992.00,11.18,17.11,17.31,293.30,0.18,0,13.09,0.00,74.19,1,-32,15,-1,-1,STAT,60,LAT,LON,W,CRC
07/31/25 11:21:31,17.65,271.92,9.09,8.64,13.63,521.02,16.30,65.80,992.00,11.30,17.33,17.72,285.50,0.51,0,13.09,0.00,70.97,1,-31,14,-1,-1,STAT,60,LAT,LON,W,CRC
07/31/25 11:22:33,17.65,273.72,11.58,7.17,11.51,522.23,16.20,65.80,992.00,12.19,18.51,19.18,300.60,0.39,0,13.09,0.00,70.97,1,-31,16,-1,-1,STAT,60,LAT,LON,W,CRC
07/31/25 11:23:29,17.65,273.25,12.49,6.76,12.58,521.48,16.20,65.70,992.00,11.75,18.28,18.64,319.10,0.23,0,13.09,0.00,87.10,1,-32,15,-1,-1,STAT,60,LAT,LON,W,CRC
07/31/25 11:24:30,17.64,267.25,10.89,6.83,13.19,519.28,16.10,66.20,992.00,11.60,18.29,18.89,322.30,0.26,0,13.09,0.00,74.19,1,-30,15,-1,-1,STAT,60,LAT,LON,W,CRC
07/31/25 11:25:32,17.61,263.52,13.32,7.27,11.94,518.34,16.10,66.00,992.00,11.71,18.47,19.14,348.70,0.19,0,13.09,0.00,74.19,1,-29,13,0,-1,STAT,60,LAT,LON,W,CRC
07/31/25 11:26:29,17.57,267.64,13.65,7.24,11.02,517.69,16.00,66.10,992.00,12.20,18.67,19.60,80.60,0.17,0,13.09,0.00,74.19,1,-30,14,0,-1,STAT,60,LAT,LON,W,CRC
07/31/25 11:27:32,17.56,265.32,13.85,6.72,12.99,517.24,16.00,66.00,992.00,12.13,19.22,19.83,74.90,0.16,0,13.09,0.00,87.10,1,-29,13,-1,-1,STAT,60,LAT,LON,W,CRC
07/31/25 11:28:34,17.56,263.48,12.82,6.78,10.77,517.08,16.00,65.70,992.00,12.20,19.15,19.42,68.60,0.12,0,13.09,0.00,74.19,1,-30,14,-1,-1,STAT,60,LAT,LON,W,CRC
07/31/25 11:29:30,17.56,266.68,13.76,6.14,9.98,517.03,16.00,66.40,992.00,12.06,18.40,18.98,103.10,0.26,0,13.13,0.00,74.19,1,-33,14,-2,-2,STAT,60,LAT,LON,W,CRC
07/31/25 11:30:33,17.54,269.79,11.39,6.89,10.39,517.01,16.00,66.80,992.00,11.78,18.61,19.12,108.90,0.43,0,13.09,0.00,74.19,1,-33,15,-1,-1,STAT,60,LAT,LON,W,CRC
07/31/25 11:31:33,17.50,260.33,12.85,7.93,9.00,517.00,16.00,66.60,992.00,11.28,17.99,18.17,106.80,0.38,0,13.09,0.00,70.97,1,-29,14,-1,-2,STAT,60,LAT,LON,W,CRC
07/31/25 11:32:30,17.47,264.40,13.67,6.57,10.25,517.00,16.00,66.80,992.00,11.20,17.75,18.40,80.90,0.14,0,13.09,0.00,74.19,1,-31,13,-1,-1,STAT,60,LAT,LON,W,CRC
07/31/25 11:33:33,17.46,265.07,14.09,6.64,10.30,517.50,16.00,66.30,992.00,11.63,18.22,18.63,79.10,0.14,0,13.09,0.00,77.42,1,-30,14,-1,-1,STAT,60,LAT,LON,W,CRC
07/31/25 11:34:29,17.46,263.04,12.35,7.31,8.95,517.81,16.00,66.40,992.00,11.68,19.38,20.21,82.20,0.12,0,13.09,0.00,70.97,1,-30,15,-1,-2,STAT,60,LAT,LON,W,CRC
07/31/25 11:35:31,17.46,263.81,10.84,6.68,8.77,518.58,16.00,67.20,992.00,11.83,18.79,19.25,317.70,0.06,0,13.09,0.00,70.97,1,-30,16,-1,-1,STAT,60,LAT,LON,W,CRC
07/31/25 11:36:33,17.45,264.88,10.31,8.02,10.99,520.00,16.00,67.10,992.00,12.04,18.57,19.46,296.10,0.32,0,13.09,0.00,70.97,1,-30,13,-1,-2,STAT,60,LAT,LON,W,CRC
07/31/25 11:37:31,17.44,259.27,13.35,7.92,11.71,522.30,15.90,66.70,992.00,11.30,17.80,18.64,309.60,0.27,0,13.09,0.00,70.97,1,-28,12,-2,-1,STAT,60,LAT,LON,W,CRC
07/31/25 11:38:32,17.40,260.11,13.14,7.44,9.74,524.66,15.90,67.60,992.00,11.62,18.44,19.32,319.90,0.30,0,13.09,0.00,74.19,1,-29,14,-1,-1,STAT,60,LAT,LON,W,CRC
07/31/25 11:39:33,17.37,257.57,12.86,7.28,9.23,525.53,15.80,67.50,992.00,11.85,19.51,20.85,311.80,0.34,0,13.09,0.00,70.97,1,-28,14,-1,-2,STAT,60,LAT,LON,W,CRC
07/31/25 11:40:33,17.36,258.71,12.61,6.94,10.44,525.82,15.80,67.40,992.00,11.85,19.66,21.44,326.20,0.19,0,13.09,0.00,83.87,1,-29,14,-1,-1,STAT,60,LAT,LON,W,CRC
07/31/25 11:41:30,17.36,254.27,14.04,6.68,10.07,525.48,15.80,67.20,992.00,12.01,19.55,20.28,352.10,0.08,0,13.09,0.00,83.87,1,-28,13,-1,-1,STAT,60,LAT,LON,W,CRC
07/31/25 11:42:32,17.36,255.07,13.76,7.85,10.12,525.17,15.70,67.60,992.00,12.34,19.66,20.51,345.00,0.13,0,13.09,0.00,74.19,1,-29,12,-1,-1,STAT,60,LAT,LON,W,CRC
07/31/25 11:43:34,17.36,256.71,15.00,6.79,10.45,525.06,15.70,67.70,992.00,12.06,19.76,20.26,328.20,0.18,0,13.09,0.00,74.19,1,-29,13,-2,-2,STAT,60,LAT,LON,W,CRC
07/31/25 11:44:31,17.34,260.38,16.95,6.88,10.81,524.79,15.70,67.20,992.00,12.30,20.05,20.71,318.40,0.17,0,13.09,0.00,74.19,1,-31,12,-1,-1,STAT,60,LAT,LON,W,CRC
07/31/25 11:45:33,17.30,254.69,14.45,7.78,10.59,523.48,15.70,68.00,992.00,11.60,19.38,19.94,312.70,0.26,0,13.09,0.00,70.97,1,-30,12,-1,-1,STAT,60,LAT,LON,W,CRC
07/31/25 11:46:36,17.27,258.08,12.07,7.44,10.34,521.69,15.70,67.70,992.00,12.18,20.13,21.12,300.80,0.39,0,13.09,0.00,96.77,1,-30,14,-1,-1,STAT,60,LAT,LON,W,CRC
07/31/25 11:47:33,17.26,255.10,12.81,8.02,10.31,519.98,15.70,68.10,992.00,12.23,19.44,20.46,292.30,0.41,0,13.09,0.00,70.97,1,-30,13,-1,-1,STAT,60,LAT,LON,W,CRC
07/31/25 11:48:35,17.26,251.40,12.76,7.62,9.87,519.75,15.70,68.00,992.00,12.21,18.75,19.28,285.10,0.49,0,13.09,0.00,74.19,1,-27,13,-1,-1,STAT,60,LAT,LON,W,CRC
07/31/25 11:49:36,17.26,256.06,12.01,7.32,9.81,519.91,15.70,68.30,992.00,11.08,17.18,17.44,278.00,0.38,0,13.09,0.00,90.32,1,-30,13,-1,-2,STAT,60,LAT,LON,W,CRC
07/31/25 11:50:33,17.26,253.95,12.32,6.75,10.16,520.76,15.70,68.10,992.00,11.20,17.06,17.60,287.30,0.32,0,13.09,0.00,70.97,1,-29,13,-1,-2,STAT,60,LAT,LON,W,CRC
07/31/25 11:51:34,17.24,251.94,13.96,7.71,9.17,521.56,15.70,68.10,992.00,11.46,17.92,18.61,300.60,0.25,0,13.09,0.00,74.19,1,-29,12,-2,-2,STAT,60,LAT,LON,W,CRC
07/31/25 11:52:32,17.21,248.11,14.80,7.38,9.58,522.24,15.70,68.20,992.00,11.65,18.36,19.23,304.50,0.31,0,13.09,0.00,74.19,1,-28,11,-2,-2,STAT,60,LAT,LON,W,CRC
07/31/25 11:53:34,17.18,256.97,14.45,6.38,11.35,523.38,15.70,67.80,992.00,11.33,18.72,19.53,306.40,0.38,0,13.09,0.00,87.10,1,-32,11,-2,-1,STAT,60,LAT,LON,W,CRC
07/31/25 11:54:35,17.17,250.85,15.09,7.32,9.42,523.33,15.70,67.90,992.00,11.59,18.68,19.78,301.70,0.41,0,13.09,0.00,70.97,1,-30,12,-2,-2,STAT,60,LAT,LON,W,CRC
07/31/25 11:55:31,17.16,248.94,14.08,6.98,10.18,522.54,15.80,67.30,992.00,10.99,17.32,18.12,305.90,0.41,0,13.09,0.00,70.97,1,-29,12,-2,-2,STAT,60,LAT,LON,W,CRC
07/31/25 11:56:33,17.16,250.86,15.62,6.29,10.66,521.65,15.80,66.80,992.00,10.76,16.51,17.13,317.40,0.32,0,13.09,0.00,74.19,1,-29,12,-2,-1,STAT,60,LAT,LON,W,CRC
07/31/25 11:57:35,17.16,251.60,13.86,7.19,8.70,520.77,15.80,67.30,992.00,10.36,16.42,16.82,312.40,0.41,0,13.09,0.00,112.90,1,-30,12,-1,-2,STAT,60,LAT,LON,W,CRC
07/31/25 11:58:32,17.16,251.53,13.17,6.13,11.30,520.30,15.80,67.30,992.00,10.31,16.52,16.68,308.00,0.40,0,13.09,0.00,74.19,1,-29,12,-1,-2,STAT,60,LAT,LON,W,CRC
07/31/25 11:59:33,17.16,244.81,12.87,6.87,9.95,520.40,15.80,67.60,992.00,11.29,17.41,17.69,320.60,0.36,0,13.09,0.00,87.10,1,-27,13,-1,-1,STAT,60,LAT,LON,W,CRC
07/31/25 12:00:37,17.15,247.60,11.25,7.89,11.02,520.79,15.80,68.20,992.00,11.57,18.46,18.88,316.90,0.56,0,13.09,0.00,70.97,1,-26,14,-2,-2,STAT,60,LAT,LON,W,CRC
07/31/25 12:01:33,17.14,249.76,11.45,7.80,11.24,521.42,15.70,68.00,992.00,11.15,18.64,19.16,319.30,0.43,0,13.09,0.00,87.10,1,-27,13,-1,-2,STAT,60,LAT,LON,W,CRC
07/31/25 12:02:35,17.11,250.59,13.27,7.56,11.90,521.80,15.70,68.00,992.00,11.27,18.95,19.70,320.50,0.33,0,13.09,0.00,70.97,1,-27,12,-2,-1,STAT,60,LAT,LON,W,CRC
07/31/25 12:03:37,17.08,245.81,12.70,7.61,11.93,521.93,15.70,67.70,992.00,11.96,18.83,19.36,323.30,0.26,1,13.09,0.00,72.03,1,-26,12,-1,-1,STAT,60,LAT,LON,W,CRC
07/31/25 12:04:33,17.07,248.28,12.33,7.81,10.58,522.59,15.70,68.20,992.00,11.64,18.92,19.26,313.80,0.51,1,13.09,0.00,78.93,1,-28,13,-1,-1,STAT,60,LAT,LON,W,CRC
07/31/25 12:05:35,17.07,247.11,13.00,7.35,10.99,522.86,15.70,68.00,992.00,11.41,18.75,19.08,326.10,0.35,1,13.09,0.00,84.73,1,-27,13,-2,-1,STAT,60,LAT,LON,W,CRC
07/31/25 12:06:36,17.06,251.77,14.20,6.83,9.56,522.95,15.70,68.10,992.00,11.23,17.16,17.61,82.50,0.09,1,13.09,0.00,81.18,1,-29,12,-2,-2,STAT,60,LAT,LON,W,CRC
07/31/25 12:07:32,17.06,246.57,12.34,7.38,9.73,522.98,15.70,68.30,992.00,11.60,18.31,18.74,357.60,0.11,1,13.09,0.00,79.76,1,-28,12,-1,-1,STAT,60,LAT,LON,W,CRC
07/31/25 12:08:34,17.06,249.86,12.11,7.78,9.74,523.27,15.70,68.30,992.00,11.35,17.07,17.22,346.60,0.13,1,13.09,0.00,75.15,1,-30,14,-1,-1,STAT,60,LAT,LON,W,CRC
07/31/25 12:09:36,17.06,245.64,14.28,6.92,9.36,524.10,15.70,67.60,992.00,11.56,18.35,18.79,347.90,0.09,1,13.09,0.00,73.39,1,-28,13,-1,-1,STAT,60,LAT,LON,W,CRC
07/31/25 12:10:33,17.06,246.91,16.02,6.45,7.80,524.65,15.70,67.50,992.00,10.76,18.51,19.13,309.60,0.09,1,13.09,0.00,73.18,1,-28,12,-2,-1,STAT,60,LAT,LON,W,CRC
07/31/25 12:11:36,17.06,248.20,12.50,8.01,8.55,525.70,15.70,68.50,992.00,11.06,18.15,18.77,293.00,0.28,1,13.09,0.00,76.37,1,-30,12,-2,-2,STAT,60,LAT,LON,W,CRC
07/31/25 12:12:33,17.06,244.61,10.96,7.59,10.13,529.11,15.70,67.90,992.00,11.20,17.66,18.50,291.50,0.37,1,13.09,0.00,76.30,1,-29,13,-1,-2,STAT,60,LAT,LON,W,CRC
07/31/25 12:13:35,17.06,242.74,13.36,7.69,9.00,532.94,15.70,67.90,992.00,11.03,17.49,17.92,306.50,0.45,1,13.09,0.00,81.16,1,-27,13,-2,-2,STAT,60,LAT,LON,W,CRC
07/31/25 12:14:37,17.05,244.07,13.63,7.07,9.53,534.38,15.70,67.90,992.00,11.42,18.48,19.02,318.60,0.39,1,13.09,0.00,85.68,1,-27,13,-1,-2,STAT,60,LAT,LON,W,CRC
07/31/25 12:15:34,17.04,245.23,14.04,6.77,10.22,534.18,15.70,68.40,992.00,10.83,17.64,18.40,323.90,0.31,1,13.09,0.00,87.23,1,-29,12,-2,-2,STAT,60,LAT,LON,W,CRC
07/31/25 12:16:36,17.03,241.75,13.73,7.10,9.19,534.06,15.70,67.70,992.00,11.30,17.36,17.84,336.30,0.23,1,13.09,0.00,79.88,1,-27,13,-1,-1,STAT,60,LAT,LON,W,CRC
07/31/25 12:17:33,16.99,243.74,13.11,7.24,9.10,534.38,15.60,68.00,992.00,10.81,16.48,17.28,331.30,0.21,1,13.09,0.00,75.50,1,-29,14,-2,-2,STAT,60,LAT,LON,W,CRC
07/31/25 12:18:35,16.98,247.33,12.48,7.61,8.39,535.71,15.60,67.90,992.00,10.19,15.66,16.79,313.60,0.26,1,13.09,0.00,78.93,1,-30,14,-1,-2,STAT,60,LAT,LON,W,CRC
07/31/25 12:19:36,16.97,243.24,15.84,7.95,6.92,537.34,15.60,68.00,992.00,9.96,14.82,15.92,308.60,0.31,1,13.09,0.00,75.01,1,-30,12,-1,-2,STAT,60,LAT,LON,W,CRC
07/31/25 12:20:35,16.97,243.86,16.01,7.75,7.21,538.82,15.60,68.20,992.00,10.50,15.45,16.23,298.40,0.35,1,13.09,0.00,79.98,1,-29,11,-2,-2,STAT,60,LAT,LON,W,CRC
07/31/25 12:21:37,16.97,241.63,15.32,7.72,7.29,539.62,15.70,68.10,992.00,10.63,16.31,16.90,311.90,0.33,1,13.09,0.00,78.94,1,-29,12,-2,-2,STAT,60,LAT,LON,W,CRC
07/31/25 12:22:34,16.97,238.67,13.29,7.59,8.11,540.47,15.60,68.50,992.00,10.60,16.45,17.05,318.40,0.30,1,13.09,0.00,84.54,1,-27,13,-2,-2,STAT,60,LAT,LON,W,CRC
07/31/25 12:23:36,16.97,240.21,14.30,7.04,8.34,541.10,15.60,67.90,992.00,11.16,17.48,17.95,320.50,0.32,1,13.09,0.00,76.89,1,-26,12,0,-2,STAT,60,LAT,LON,W,CRC
07/31/25 12:24:38,16.97,241.04,15.50,7.35,8.21,541.37,15.60,68.10,992.00,11.19,16.93,17.40,323.50,0.38,1,13.09,0.00,73.85,1,-28,11,-1,-2,STAT,60,LAT,LON,W,CRC
07/31/25 12:25:36,16.97,242.10,13.48,7.10,8.34,541.76,15.60,67.60,992.00,10.54,16.29,16.79,331.50,0.32,1,13.09,0.00,73.24,1,-30,12,-2,-2,STAT,60,LAT,LON,W,CRC
07/31/25 12:26:36,16.97,238.72,13.08,6.57,8.00,541.18,15.60,67.50,992.00,11.31,17.74,18.69,334.00,0.36,1,13.09,0.00,80.31,1,-30,14,-1,-2,STAT,60,LAT,LON,W,CRC
07/31/25 12:27:34,16.97,237.45,15.98,6.97,8.55,539.44,15.50,67.90,992.00,11.17,17.47,18.07,341.60,0.28,1,13.09,0.00,77.10,1,-29,11,-2,-2,STAT,60,LAT,LON,W,CRC
07/31/25 12:28:36,16.97,236.76,16.02,7.36,8.58,537.56,15.50,67.70,992.00,10.73,16.35,16.83,349.00,0.22,1,13.09,0.00,74.83,1,-28,10,-2,-2,STAT,60,LAT,LON,W,CRC
07/31/25 12:29:39,16.96,235.03,14.10,6.71,9.59,536.55,15.50,68.10,992.00,10.62,16.69,17.04,348.90,0.22,1,13.09,0.00,73.78,1,-27,13,-2,-2,STAT,60,LAT,LON,W,CRC
07/31/25 12:30:36,16.95,231.74,15.77,6.73,10.00,535.60,15.50,68.30,992.00,10.07,16.00,16.49,352.20,0.20,1,13.09,0.00,73.15,1,-27,12,-3,-2,STAT,60,LAT,LON,W,CRC
07/31/25 12:31:38,16.94,233.66,15.66,7.59,9.47,534.48,15.50,67.90,992.00,10.59,16.63,17.44,33.70,0.15,1,13.09,0.00,73.66,1,-27,12,-2,-2,STAT,60,LAT,LON,W,CRC
07/31/25 12:32:35,16.92,229.91,16.29,6.14,10.41,533.43,15.50,67.70,992.00,10.99,17.06,17.56,19.10,0.08,1,13.09,0.00,73.52,1,-26,11,-2,-3,STAT,60,LAT,LON,W,CRC
07/31/25 12:33:38,16.89,230.39,16.77,6.52,8.78,533.15,15.50,67.70,992.00,10.68,16.33,16.99,20.60,0.04,1,13.09,0.00,81.78,1,-27,11,-1,-3,STAT,60,LAT,LON,W,CRC
07/31/25 12:34:35,16.87,230.19,16.71,6.51,8.33,533.06,15.50,67.60,992.00,9.95,15.11,16.07,295.60,0.07,1,13.09,0.00,80.46,1,-28,11,-1,-2,STAT,60,LAT,LON,W,CRC
07/31/25 12:35:36,16.87,227.20,13.84,7.37,9.42,533.02,15.50,68.50,992.00,10.26,16.00,16.95,304.00,0.37,1,13.09,0.00,75.57,1,-27,12,-2,-2,STAT,60,LAT,LON,W,CRC
07/31/25 12:36:38,16.87,226.55,15.07,7.98,8.45,535.50,15.50,68.40,992.00,10.52,15.94,16.57,299.40,0.48,1,13.09,0.00,73.47,1,-26,12,-2,-2,STAT,60,LAT,LON,W,CRC
07/31/25 12:37:34,16.87,226.15,15.15,7.59,9.05,539.45,15.50,68.30,992.00,10.06,15.54,16.32,301.90,0.41,1,13.09,0.00,72.40,1,-26,11,-2,-2,STAT,60,LAT,LON,W,CRC
07/31/25 12:38:37,16.87,227.49,15.02,7.10,9.02,541.75,15.50,68.40,992.00,10.18,15.60,16.70,311.50,0.41,1,13.09,0.00,72.85,1,-26,12,-2,-2,STAT,60,LAT,LON,W,CRC
07/31/25 12:39:37,16.87,224.65,15.65,6.86,8.48,542.33,15.40,68.20,992.00,10.05,14.82,15.41,326.30,0.31,1,13.09,0.00,78.64,1,-26,12,-2,-2,STAT,60,LAT,LON,W,CRC
07/31/25 12:40:37,16.87,220.52,15.94,7.25,9.09,541.92,15.40,68.30,992.00,10.68,15.07,15.44,3.50,0.16,1,13.09,0.00,76.37,1,-25,12,-1,-2,STAT,60,LAT,LON,W,CRC
07/31/25 12:41:39,16.87,224.89,17.26,6.68,7.22,540.97,15.40,68.20,992.00,10.38,15.45,15.78,356.10,0.14,1,13.09,0.00,73.55,1,-27,11,-1,-2,STAT,60,LAT,LON,W,CRC
07/31/25 12:42:41,16.86,222.00,16.52,6.78,7.63,539.80,15.40,68.60,992.00,10.31,15.05,15.21,333.80,0.25,1,13.09,0.00,72.13,1,-26,11,-2,-2,STAT,60,LAT,LON,W,CRC
07/31/25 12:43:38,16.85,227.57,17.14,7.27,8.33,539.31,15.40,68.60,992.00,10.02,16.02,16.40,339.00,0.21,1,13.09,0.00,72.91,1,-28,10,-1,-2,STAT,60,LAT,LON,W,CRC
07/31/25 12:44:40,16.83,225.82,16.13,6.86,7.79,539.61,15.40,68.70,992.00,10.22,15.90,16.12,334.90,0.18,1,13.09,0.00,72.73,1,-27,11,-3,-2,STAT,60,LAT,LON,W,CRC
07/31/25 12:45:37,16.79,225.17,13.53,8.21,8.08,539.77,15.40,68.70,992.00,10.18,16.58,17.01,298.70,0.33,1,13.09,0.00,76.79,1,-27,12,-2,-2,STAT,60,LAT,LON,W,CRC
07/31/25 12:46:40,16.78,220.73,15.79,6.91,9.15,539.76,15.40,68.20,992.00,9.88,15.56,15.97,320.00,0.19,1,13.09,0.00,76.75,1,-26,11,-2,-2,STAT,60,LAT,LON,W,CRC
07/31/25 12:47:37,16.77,223.14,14.43,6.55,9.40,539.21,15.40,68.30,992.00,10.27,15.98,17.13,359.50,0.10,1,13.09,0.00,73.82,1,-28,12,-2,-2,STAT,60,LAT,LON,W,CRC
07/31/25 12:48:37,16.77,226.08,15.06,6.32,8.70,538.20,15.40,69.10,992.00,10.10,15.13,15.56,341.60,0.21,1,13.09,0.00,75.71,1,-29,12,-2,-2,STAT,60,LAT,LON,W,CRC
07/31/25 12:49:39,16.77,222.93,15.35,6.92,11.60,537.42,15.40,69.00,992.00,10.09,15.04,15.53,94.00,0.30,1,13.09,0.00,73.81,1,-27,11,-2,-2,STAT,60,LAT,LON,W,CRC
07/31/25 12:50:36,16.77,228.06,13.66,7.35,10.15,537.16,15.30,69.30,992.00,9.81,15.91,16.24,105.00,0.62,1,13.09,0.00,72.73,1,-26,12,-2,-2,STAT,60,LAT,LON,W,CRC
07/31/25 12:51:39,16.77,236.05,13.17,8.32,12.33,537.06,15.30,69.70,992.00,9.96,15.36,15.58,111.10,0.68,1,13.09,0.00,72.99,1,-26,12,-2,-1,STAT,60,LAT,LON,W,CRC
07/31/25 12:52:40,16.77,233.35,13.47,8.51,11.49,536.44,15.30,69.70,992.00,10.12,15.35,15.73,117.20,0.65,1,13.09,0.00,72.34,1,-25,13,-3,-2,STAT,60,LAT,LON,W,CRC
07/31/25 12:53:39,16.77,230.62,16.58,8.38,10.93,535.63,15.30,69.80,992.00,10.22,16.24,16.78,121.20,0.64,1,13.09,0.00,74.00,1,-25,10,-2,-2,STAT,60,LAT,LON,W,CRC
07/31/25 12:54:41,16.77,229.27,15.69,8.04,9.80,535.22,15.30,69.70,992.00,10.57,17.65,17.84,121.60,0.41,1,13.09,0.00,75.07,1,-25,11,-2,-2,STAT,60,LAT,LON,W,CRC
07/31/25 12:55:38,16.76,226.87,14.70,7.10,11.58,535.92,15.40,69.30,992.00,10.99,16.86,17.14,109.80,0.19,1,13.09,0.00,73.77,1,-25,12,-3,-1,STAT,60,LAT,LON,W,CRC
07/31/25 12:56:39,16.75,224.32,14.25,7.53,10.34,537.27,15.40,69.00,992.00,10.28,15.96,16.73,118.20,0.17,1,13.09,0.00,80.33,1,-24,12,-1,-1,STAT,60,LAT,LON,W,CRC
07/31/25 12:57:41,16.74,231.24,14.60,7.83,9.91,537.09,15.50,68.80,992.00,10.16,15.65,16.27,95.60,0.11,1,13.09,0.00,77.40,1,-27,11,-1,-3,STAT,60,LAT,LON,W,CRC
07/31/25 12:58:38,16.71,234.11,15.93,6.72,10.60,536.42,15.50,68.50,992.00,10.41,16.56,17.13,78.80,0.05,1,13.09,0.00,73.74,1,-28,11,-2,-2,STAT,60,LAT,LON,W,CRC
07/31/25 12:59:41,16.69,233.89,14.67,6.90,11.91,536.15,15.50,68.90,992.00,11.05,18.17,18.83,81.30,0.06,1,13.09,0.00,77.10,1,-28,11,-2,-2,STAT,60,LAT,LON,W,CRC
07/31/25 13:00:40,16.68,235.87,10.46,7.83,12.71,536.64,15.60,68.80,992.00,11.26,17.48,18.49,45.70,0.11,1,13.09,0.00,79.70,1,-27,13,-2,-2,STAT,60,LAT,LON,W,CRC
07/31/25 13:01:42,16.67,243.71,14.26,8.13,11.75,537.87,15.60,69.20,992.00,11.29,18.52,19.79,49.70,0.16,1,13.09,0.00,74.55,1,-25,11,-1,-2,STAT,60,LAT,LON,W,CRC
07/31/25 13:02:39,16.67,248.01,14.74,8.30,11.03,540.27,15.60,69.40,992.00,12.25,19.53,20.53,47.50,0.08,1,13.09,0.00,72.84,1,-26,12,-2,-2,STAT,60,LAT,LON,W,CRC
07/31/25 13:03:41,16.67,258.75,13.72,9.54,8.54,543.27,15.60,69.10,992.00,12.62,20.59,21.61,40.40,0.08,1,13.09,0.00,73.76,1,-27,12,-2,-2,STAT,60,LAT,LON,W,CRC
07/31/25 13:04:38,16.67,267.50,14.10,9.67,7.69,545.11,15.60,69.80,992.00,12.70,20.22,21.08,25.30,0.11,1,13.09,0.00,76.19,1,-25,13,-1,-2,STAT,60,LAT,LON,W,CRC
07/31/25 13:05:41,16.67,285.71,17.03,8.61,7.10,546.33,15.60,69.50,992.00,13.58,22.25,23.12,107.00,0.14,1,13.09,0.00,74.85,1,-27,11,-2,-1,STAT,60,LAT,LON,W,CRC
07/31/25 13:06:39,16.67,276.97,16.13,8.77,4.99,546.74,15.60,69.20,992.00,12.52,20.69,21.80,32.80,0.10,1,13.09,0.00,78.94,1,-27,12,-2,-2,STAT,60,LAT,LON,W,CRC
07/31/25 13:07:40,16.67,261.74,16.63,8.44,6.92,546.91,15.60,69.10,992.00,11.92,18.98,19.55,15.80,0.13,1,13.09,0.00,78.46,1,-27,11,-2,-2,STAT,60,LAT,LON,W,CRC
07/31/25 13:08:42,16.67,250.37,15.25,7.70,6.87,546.97,15.60,68.90,992.00,11.97,18.07,18.53,334.10,0.26,1,13.09,0.17,74.69,1,-27,12,-2,-3,STAT,60,LAT,LON,W,CRC
07/31/25 13:09:40,16.67,241.37,16.23,7.84,6.78,546.99,15.60,68.70,992.00,11.32,17.88,18.20,325.50,0.33,1,13.09,2.27,77.95,1,-25,11,-2,-2,STAT,60,LAT,LON,W,CRC
07/31/25 13:10:41,16.67,233.56,13.21,6.83,9.36,547.00,15.50,69.00,992.00,11.62,17.67,17.94,308.90,0.48,1,13.09,2.96,74.19,1,-26,12,-2,-2,STAT,60,LAT,LON,W,CRC
07/31/25 13:11:44,16.67,236.47,13.46,6.87,8.28,547.41,15.50,69.10,992.00,11.12,17.74,18.52,301.00,0.63,1,13.09,3.15,72.77,1,-27,11,-1,-2,STAT,60,LAT,LON,W,CRC
07/31/25 13:12:41,16.67,230.27,14.60,6.70,6.11,548.76,15.30,69.40,992.00,10.45,17.31,18.16,302.80,0.72,1,13.09,3.20,74.59,1,-27,13,-2,-3,STAT,60,LAT,LON,W,CRC
07/31/25 13:13:42,16.66,228.25,16.00,7.41,6.09,549.83,15.30,69.40,992.00,10.52,16.86,17.50,311.60,0.55,1,13.09,3.62,80.96,1,-26,11,0,-2,STAT,60,LAT,LON,W,CRC
07/31/25 13:14:40,16.65,230.10,15.78,7.80,5.21,549.48,15.30,69.50,992.00,11.16,17.25,18.05,315.30,0.51,1,13.09,3.93,85.17,1,-27,11,-1,-2,STAT,60,LAT,LON,W,CRC
07/31/25 13:15:42,16.62,229.13,16.45,7.96,5.65,548.63,15.30,69.40,992.00,10.98,17.40,18.30,326.10,0.38,1,13.09,4.08,86.79,1,-28,12,0,-2,STAT,60,LAT,LON,W,CRC
07/31/25 13:16:43,16.59,230.15,16.39,7.62,5.45,548.66,15.30,69.80,992.00,11.10,18.03,19.22,331.00,0.29,1,13.09,5.18,77.02,1,-30,10,-1,-2,STAT,60,LAT,LON,W,CRC
07/31/25 13:17:41,16.58,223.98,16.66,6.65,6.16,549.94,15.30,69.60,992.00,11.20,18.63,20.41,39.50,0.10,1,13.09,6.05,75.76,1,-27,11,-1,-2,STAT,60,LAT,LON,W,CRC
07/31/25 13:18:43,16.57,231.91,17.56,6.37,6.26,548.56,15.30,69.60,992.00,11.98,19.22,20.02,79.10,0.15,1,13.09,6.34,73.64,1,-29,10,-2,-2,STAT,60,LAT,LON,W,CRC
07/31/25 13:19:40,16.57,229.99,17.74,6.61,6.07,546.01,15.30,69.40,992.00,11.54,18.27,19.21,82.30,0.14,1,13.09,6.93,77.56,1,-26,11,-2,-2,STAT,60,LAT,LON,W,CRC
07/31/25 13:20:42,16.57,235.46,17.13,6.41,5.49,543.86,15.30,69.30,992.00,11.28,18.20,19.06,63.40,0.11,1,13.09,9.23,85.12,1,-28,12,-2,-2,STAT,60,LAT,LON,W,CRC
07/31/25 13:21:39,16.57,238.83,17.15,6.14,5.40,542.56,15.30,69.30,992.00,11.16,17.56,18.75,53.50,0.06,1,13.09,9.54,87.14,1,-28,12,-2,-2,STAT,60,LAT,LON,W,CRC
07/31/25 13:22:41,16.57,250.78,19.68,7.20,4.70,541.55,15.30,69.40,992.00,11.63,19.09,19.86,17.30,0.09,1,13.09,9.64,81.83,1,-29,12,-2,-2,STAT,60,LAT,LON,W,CRC
07/31/25 13:23:42,16.57,285.99,20.95,7.17,4.42,542.00,15.30,69.50,992.00,11.77,18.98,19.93,37.30,0.10,1,13.09,9.90,79.51,1,-29,12,-2,-3,STAT,60,LAT,LON,W,CRC
07/31/25 13:24:39,16.57,288.25,19.95,6.92,5.00,543.45,15.30,69.50,992.00,11.69,18.32,19.03,79.20,0.12,1,13.09,10.48,75.94,1,-27,11,-3,-3,STAT,60,LAT,LON,W,CRC
07/31/25 13:25:42,16.57,258.45,16.49,7.25,5.78,545.10,15.30,69.60,992.00,11.33,17.83,18.15,85.30,0.18,1,13.09,10.93,73.05,1,-24,12,-3,-2,STAT,60,LAT,LON,W,CRC
07/31/25 13:26:44,16.57,243.10,14.98,7.32,6.18,546.22,15.40,70.50,992.00,10.79,17.59,18.04,332.20,0.20,1,13.09,12.35,74.47,1,-25,12,-3,-3,STAT,60,LAT,LON,W,CRC
07/31/25 13:27:42,16.57,234.50,14.67,7.98,7.01,548.62,15.30,70.20,992.00,10.71,16.79,17.38,325.90,0.28,1,13.09,12.73,75.07,1,-24,12,-3,-2,STAT,60,LAT,LON,W,CRC
07/31/25 13:28:43,16.57,227.95,16.48,7.38,6.96,552.46,15.30,69.90,992.00,10.84,17.63,18.18,316.90,0.28,1,13.09,12.85,73.25,1,-22,10,-3,-3,STAT,60,LAT,LON,W,CRC
07/31/25 13:29:44,16.57,224.78,15.38,6.61,7.91,554.65,15.30,69.80,992.00,10.91,18.35,18.59,307.10,0.34,1,13.09,13.77,73.62,1,-22,11,-3,-3,STAT,60,LAT,LON,W,CRC
07/31/25 13:30:40,16.57,227.51,13.86,7.84,6.22,556.79,15.30,70.20,992.00,11.84,18.75,19.62,295.90,0.58,1,13.09,15.12,78.74,1,-24,12,-1,-3,STAT,60,LAT,LON,W,CRC
07/31/25 13:31:42,16.57,234.26,12.96,8.47,7.15,557.24,15.30,70.30,992.00,12.22,19.76,20.72,292.30,0.86,1,13.09,15.85,89.09,1,-25,12,-2,-3,STAT,60,LAT,LON,W,CRC
07/31/25 13:32:43,16.57,228.69,16.36,8.19,7.19,552.50,15.30,70.30,992.00,12.17,19.38,20.10,291.40,0.98,1,13.13,17.48,78.67,1,-21,11,-2,-2,STAT,60,LAT,LON,W,CRC
07/31/25 13:33:43,16.57,226.89,17.70,7.27,7.09,546.84,15.30,70.20,992.00,12.32,19.45,20.23,289.70,0.71,1,13.09,18.48,78.15,1,-23,11,-2,-3,STAT,60,LAT,LON,W,CRC
07/31/25 13:34:45,16.57,227.60,18.93,7.39,8.07,543.74,15.30,70.30,992.00,11.04,18.31,19.31,285.40,0.57,1,13.09,19.43,74.35,1,-24,9,-2,-2,STAT,60,LAT,LON,W,CRC
07/31/25 13:35:42,16.57,232.56,16.05,7.38,8.20,542.67,15.30,70.50,992.00,11.10,17.90,18.55,282.40,0.65,1,13.13,21.19,73.47,1,-27,11,-2,-2,STAT,60,LAT,LON,W,CRC
07/31/25 13:36:45,16.57,231.07,13.47,8.29,6.91,542.23,15.30,70.60,992.00,11.30,17.30,18.10,284.90,0.66,1,13.13,22.19,72.49,1,-26,12,-2,-3,STAT,60,LAT,LON,W,CRC
07/31/25 13:37:41,16.57,233.11,16.24,8.25,6.60,542.09,15.30,70.50,992.00,11.60,18.05,18.71,276.40,0.73,1,13.13,24.42,74.07,1,-27,11,-1,-3,STAT,60,LAT,LON,W,CRC
07/31/25 13:38:43,16.57,234.25,16.06,8.70,6.13,542.12,15.40,70.30,992.00,11.12,17.65,18.12,273.10,0.86,1,13.13,25.70,73.31,1,-27,11,-2,-3,STAT,60,LAT,LON,W,CRC
07/31/25 13:39:46,16.56,243.01,17.45,8.71,4.67,542.69,15.40,70.50,992.00,10.54,16.78,17.75,296.00,0.46,1,13.09,28.09,77.46,1,-30,11,-2,-3,STAT,60,LAT,LON,W,CRC
07/31/25 13:40:43,16.55,234.31,16.91,7.13,5.97,542.96,15.30,70.50,992.00,11.39,19.07,20.06,326.30,0.26,1,13.13,30.38,77.38,1,-28,11,-1,-3,STAT,60,LAT,LON,W,CRC
07/31/25 13:41:45,16.55,231.66,19.56,6.85,6.01,543.64,15.30,70.20,992.00,11.02,17.19,17.84,342.20,0.15,1,13.13,31.73,74.41,1,-28,10,-2,-2,STAT,60,LAT,LON,W,CRC
07/31/25 13:42:46,16.54,226.20,19.04,6.20,6.21,543.87,15.30,70.50,992.00,10.76,17.72,17.99,330.60,0.18,1,13.09,34.32,81.94,1,-26,10,-3,-3,STAT,60,LAT,LON,W,CRC
07/31/25 13:43:43,16.53,233.54,17.63,6.50,6.12,543.95,15.30,70.50,992.00,10.85,16.86,17.04,326.20,0.20,1,13.13,35.12,85.98,1,-27,10,-3,-3,STAT,60,LAT,LON,W,CRC
07/31/25 13:44:44,16.51,228.75,16.73,6.89,6.92,543.98,15.30,70.50,992.00,10.48,16.33,16.53,322.50,0.32,1,13.13,37.44,78.15,1,-25,11,-2,-2,STAT,60,LAT,LON,W,CRC
07/31/25 13:45:46,16.50,229.82,17.09,7.83,6.33,543.99,15.30,70.40,992.00,10.63,15.87,16.24,337.00,0.28,1,13.13,38.35,74.24,1,-25,10,-1,-2,STAT,60,LAT,LON,W,CRC
07/31/25 13:46:42,16.50,228.19,17.11,7.36,7.04,544.58,15.30,69.80,992.00,10.30,16.08,16.39,322.60,0.42,1,13.13,40.11,75.94,1,-24,10,-1,-2,STAT,60,LAT,LON,W,CRC
07/31/25 13:47:44,16.51,226.76,19.34,6.56,9.03,544.50,15.30,69.60,992.00,10.57,17.10,17.63,331.60,0.34,1,13.13,41.42,74.80,1,-25,9,-1,-2,STAT,60,LAT,LON,W,CRC
07/31/25 13:48:46,16.52,222.12,18.61,6.88,8.64,544.18,15.30,70.10,992.00,10.85,17.25,17.87,308.10,0.27,1,13.13,44.43,83.87,1,-25,10,-1,-2,STAT,60,LAT,LON,W,CRC
07/31/25 13:49:42,16.53,218.99,19.27,7.57,6.69,544.21,15.40,69.90,992.00,10.77,17.39,18.28,307.10,0.17,1,13.13,47.76,86.30,1,-25,10,-1,-2,STAT,60,LAT,LON,W,CRC
07/31/25 13:50:44,16.54,217.85,16.37,6.98,6.30,544.44,15.40,69.90,992.00,10.80,17.91,18.92,330.80,0.16,1,13.13,51.84,84.82,1,-24,13,-2,-2,STAT,60,LAT,LON,W,CRC
07/31/25 13:51:42,16.55,215.62,17.31,6.54,6.75,544.70,15.40,69.30,992.00,10.90,16.93,17.85,324.10,0.27,1,13.13,53.87,81.25,1,-24,12,-1,-2,STAT,60,LAT,LON,W,CRC
07/31/25 13:52:45,16.55,219.25,17.28,6.49,5.94,544.25,15.40,68.90,992.00,10.94,16.46,17.17,333.30,0.27,1,13.13,54.24,74.11,1,-26,12,-2,-3,STAT,60,LAT,LON,W,CRC
07/31/25 13:53:43,16.56,219.60,18.05,5.63,6.97,544.09,15.40,68.70,992.00,10.27,15.99,16.65,359.10,0.17,1,13.13,56.61,82.89,1,-26,11,-2,-3,STAT,60,LAT,LON,W,CRC
07/31/25 13:54:45,16.57,219.70,17.60,6.04,6.41,544.03,15.40,68.90,992.00,9.88,16.37,16.83,346.10,0.21,1,13.13,58.74,85.24,1,-27,12,-2,-3,STAT,60,LAT,LON,W,CRC
07/31/25 13:55:47,16.57,215.33,18.18,6.10,6.50,543.36,15.40,68.90,992.00,9.87,16.76,17.42,335.30,0.26,1,13.13,58.06,85.15,1,-26,12,-2,-3,STAT,60,LAT,LON,W,CRC
07/31/25 13:56:43,16.57,217.14,16.61,7.10,5.26,543.14,15.40,69.00,992.00,10.37,17.01,17.62,330.70,0.38,1,13.13,61.46,77.39,1,-26,12,-2,-3,STAT,60,LAT,LON,W,CRC
07/31/25 13:57:44,16.57,216.07,15.97,7.12,6.48,543.46,15.40,69.70,992.00,10.65,17.58,18.25,325.40,0.43,1,13.13,71.19,82.99,1,-25,12,-2,-3,STAT,60,LAT,LON,W,CRC
07/31/25 13:58:46,16.57,211.50,14.73,7.35,7.34,544.42,15.40,69.70,992.00,10.28,15.75,16.76,316.70,0.39,1,13.13,76.98,85.35,1,-23,12,-2,-3,STAT,60,LAT,LON,W,CRC
07/31/25 13:59:45,16.57,209.87,15.31,7.08,6.81,545.90,15.40,68.90,992.00,10.16,16.00,16.71,321.60,0.35,1,13.13,80.51,89.32,1,-22,12,-2,-3,STAT,60,LAT,LON,W,CRC
07/31/25 14:00:47,16.57,212.08,15.93,6.46,8.39,546.00,15.40,69.30,992.00,9.97,15.10,15.63,322.70,0.40,1,13.13,86.34,80.43,1,-24,13,-3,-3,STAT,60,LAT,LON,W,CRC
07/31/25 14:01:48,16.57,211.36,15.19,7.83,7.29,546.00,15.50,70.00,992.00,10.36,15.80,16.62,312.50,0.44,1,13.13,93.02,84.15,1,-22,12,-1,-2,STAT,60,LAT,LON,W,CRC
07/31/25 14:02:45,16.59,212.13,16.45,7.21,7.56,547.37,15.50,70.10,992.00,10.73,16.72,17.17,305.10,0.46,1,13.16,98.88,83.11,1,-22,13,-2,-3,STAT,60,LAT,LON,W,CRC
07/31/25 14:03:47,16.63,214.62,17.32,6.39,9.43,548.43,15.60,69.80,992.00,9.82,15.89,16.14,311.00,0.41,1,13.16,104.42,82.33,1,-23,13,-3,-2,STAT,60,LAT,LON,W,CRC
07/31/25 14:04:44,16.65,220.25,16.55,6.67,7.83,548.78,15.60,69.80,992.00,9.93,16.80,17.19,299.60,0.44,1,13.16,108.03,75.06,1,-25,13,-3,-3,STAT,60,LAT,LON,W,CRC
07/31/25 14:05:47,16.66,220.25,17.32,6.55,8.78,547.81,15.70,69.80,992.00,9.87,15.93,16.15,302.30,0.44,1,13.16,112.87,72.48,1,-24,12,-3,-3,STAT,60,LAT,LON,W,CRC
07/31/25 14:06:45,16.67,223.11,16.97,6.06,7.56,546.61,15.70,69.00,992.00,10.16,15.17,15.76,307.50,0.37,1,13.16,113.73,80.63,1,-25,13,-3,-4,STAT,60,LAT,LON,W,CRC
07/31/25 14:07:46,16.67,221.18,18.41,6.19,6.19,544.98,15.80,69.10,992.00,10.29,15.03,15.81,305.40,0.27,1,13.16,120.08,75.21,1,-24,12,-3,-4,STAT,60,LAT,LON,W,CRC
07/31/25 14:08:48,16.68,219.28,20.17,6.25,6.67,542.30,15.80,68.70,992.00,9.49,15.06,15.65,300.70,0.24,1,13.16,123.30,72.80,1,-25,11,-2,-3,STAT,60,LAT,LON,W,CRC
07/31/25 14:09:45,16.73,231.57,17.44,5.59,9.11,540.88,15.90,68.40,992.00,10.02,15.69,16.47,296.50,0.31,1,13.16,124.78,72.40,1,-26,12,-3,-3,STAT,60,LAT,LON,W,CRC
07/31/25 14:10:47,16.75,480.62,18.68,5.59,8.25,543.22,15.90,68.30,992.00,10.27,15.37,15.83,302.90,0.43,1,13.16,122.98,72.51,1,-23,13,-4,-3,STAT,60,LAT,LON,W,CRC
07/31/25 14:11:49,16.76,351.79,17.62,5.20,7.60,545.02,15.90,68.10,992.00,10.40,16.03,16.60,313.10,0.47,1,13.16,121.20,72.18,1,-22,13,-3,-4,STAT,60,LAT,LON,W,CRC
07/31/25 14:12:46,16.77,280.62,18.87,5.58,7.90,545.62,15.90,68.30,992.00,9.91,16.41,17.20,312.20,0.48,1,13.16,115.84,72.78,1,-24,12,-3,-3,STAT,60,LAT,LON,W,CRC
07/31/25 14:13:48,16.82,239.11,17.74,5.45,8.45,545.87,16.00,68.60,992.00,10.29,16.73,17.50,314.50,0.48,1,13.16,120.51,82.95,1,-23,14,-3,-3,STAT,60,LAT,LON,W,CRC
07/31/25 14:14:45,16.85,227.18,17.25,5.71,7.28,545.95,16.00,68.80,992.00,9.81,15.91,16.34,315.10,0.46,1,13.16,126.19,78.71,1,-22,14,-3,-4,STAT,60,LAT,LON,W,CRC
07/31/25 14:15:47,16.86,220.10,16.64,6.41,6.04,545.98,16.00,68.20,992.00,9.63,15.35,15.69,323.70,0.42,1,13.16,137.81,84.15,1,-22,14,-3,-4,STAT,60,LAT,LON,W,CRC
07/31/25 14:16:44,16.89,221.67,16.91,5.07,8.95,545.70,16.20,68.10,992.00,9.99,15.37,15.95,318.60,0.40,1,13.16,148.24,85.41,1,-23,15,-3,-3,STAT,60,LAT,LON,W,CRC
07/31/25 14:17:46,16.94,222.66,17.39,5.62,8.03,544.84,16.40,67.40,992.00,9.68,15.24,15.69,317.20,0.41,1,13.20,159.94,83.12,1,-24,14,-3,-3,STAT,60,LAT,LON,W,CRC
07/31/25 14:18:48,16.96,226.29,18.95,5.52,8.05,542.24,16.50,66.90,992.00,9.66,14.58,15.30,324.30,0.35,1,13.20,155.87,85.50,1,-26,14,-2,-4,STAT,60,LAT,LON,W,CRC
07/31/25 14:19:46,17.00,226.01,17.03,6.08,7.75,539.89,16.60,66.40,992.00,10.20,14.96,15.23,351.20,0.21,1,13.20,154.41,83.36,1,-26,15,-3,-4,STAT,60,LAT,LON,W,CRC
07/31/25 14:20:48,17.04,228.21,17.69,5.69,8.37,538.23,16.70,66.00,992.00,10.59,15.33,15.71,3.60,0.12,1,13.20,154.38,84.90,1,-27,15,-4,-3,STAT,60,LAT,LON,W,CRC
07/31/25 14:21:50,17.06,220.07,19.24,6.04,5.87,536.22,16.80,65.40,992.00,9.95,15.23,15.79,92.60,0.14,1,13.20,156.36,80.07,1,-24,14,-3,-5,STAT,60,LAT,LON,W,CRC
07/31/25 14:22:46,17.12,225.04,18.20,5.06,6.35,532.97,16.90,64.80,992.00,9.59,14.69,14.99,339.60,0.08,1,13.20,151.09,81.03,1,-25,15,-4,-5,STAT,60,LAT,LON,W,CRC
07/31/25 14:23:49,17.15,225.42,20.04,4.88,6.97,529.42,17.00,64.70,992.00,9.13,15.19,15.38,356.30,0.12,1,13.20,144.92,84.83,1,-24,15,-3,-4,STAT,60,LAT,LON,W,CRC
07/31/25 14:24:51,17.21,219.91,19.39,4.65,7.21,526.66,17.00,64.20,992.00,9.77,14.87,15.73,86.50,0.15,1,13.20,143.40,85.85,1,-22,15,-3,-4,STAT,60,LAT,LON,W,CRC
07/31/25 14:25:48,17.24,225.55,18.91,5.21,6.24,525.48,17.10,64.20,992.00,9.58,15.44,16.04,94.40,0.16,1,13.20,142.59,86.54,1,-23,15,-2,-4,STAT,60,LAT,LON,W,CRC
07/31/25 14:26:45,17.29,241.65,18.12,5.97,4.39,523.95,17.10,63.80,992.00,9.85,14.84,15.05,77.90,0.06,1,13.20,140.84,81.74,1,-23,15,-3,-4,STAT,60,LAT,LON,W,CRC
07/31/25 14:27:48,17.33,252.24,20.21,5.41,4.34,523.33,17.20,64.00,992.00,10.12,14.89,15.67,38.30,0.05,1,13.20,137.21,79.08,1,-21,15,-4,-5,STAT,60,LAT,LON,W,CRC
07/31/25 14:28:45,17.36,279.89,19.35,4.78,5.43,523.25,17.20,64.10,992.00,9.37,14.39,14.72,331.00,0.13,1,13.20,133.92,84.53,1,-22,15,-3,-4,STAT,60,LAT,LON,W,CRC
07/31/25 14:29:47,17.42,283.57,20.35,4.62,5.48,523.65,17.20,63.30,992.00,9.74,15.12,15.42,318.10,0.19,1,13.20,131.25,76.59,1,-20,15,-4,-5,STAT,60,LAT,LON,W,CRC
07/31/25 14:30:49,17.44,263.07,19.96,5.23,6.76,523.23,17.20,64.30,992.00,9.99,15.48,15.73,302.80,0.47,1,13.20,129.66,82.98,1,-20,15,-3,-4,STAT,60,LAT,LON,W,CRC
07/31/25 14:31:45,17.50,248.69,21.01,5.52,6.76,523.09,17.20,64.60,992.00,10.21,15.44,16.03,303.40,0.52,1,13.16,129.23,88.63,1,-21,14,-4,-4,STAT,60,LAT,LON,W,CRC
07/31/25 14:32:48,17.54,233.79,18.81,5.82,6.46,522.26,17.20,64.80,992.00,10.03,15.30,15.68,303.00,0.61,1,13.20,130.37,84.71,1,-20,16,-3,-4,STAT,60,LAT,LON,W,CRC
07/31/25 14:33:46,17.57,219.24,18.76,5.85,6.48,521.48,17.20,64.60,992.00,10.17,15.06,15.48,307.60,0.48,1,13.20,133.30,79.11,1,-19,15,-3,-4,STAT,60,LAT,LON,W,CRC
07/31/25 14:34:48,17.62,218.15,19.01,5.31,6.99,521.03,17.20,64.40,992.00,9.86,15.28,15.57,308.00,0.36,1,13.20,138.48,73.44,1,-21,16,-4,-4,STAT,60,LAT,LON,W,CRC
07/31/25 14:35:50,17.64,208.02,18.70,4.64,8.34,521.01,17.30,64.20,992.00,10.15,15.27,15.70,331.80,0.14,1,13.20,145.18,74.22,1,-18,16,-4,-4,STAT,60,LAT,LON,W,CRC
07/31/25 14:36:48,17.69,217.00,18.59,4.47,9.46,521.00,17.30,64.90,992.00,9.55,14.93,15.33,341.30,0.16,1,13.20,153.36,83.05,1,-22,15,-5,-4,STAT,60,LAT,LON,W,CRC
07/31/25 14:37:50,17.73,205.56,19.94,4.26,8.81,521.41,17.30,64.40,992.00,9.69,14.30,14.91,333.40,0.18,1,13.20,171.07,79.18,1,-18,15,-4,-4,STAT,60,LAT,LON,W,CRC
07/31/25 14:38:47,17.74,212.78,19.97,4.06,9.16,522.35,17.40,63.80,992.00,9.78,14.71,15.16,323.20,0.27,1,13.24,187.30,75.43,1,-21,16,-4,-4,STAT,60,LAT,LON,W,CRC
07/31/25 14:39:50,17.81,219.80,19.02,5.11,7.60,523.42,17.40,63.90,992.00,9.67,15.14,15.47,321.00,0.34,1,13.20,183.24,74.38,1,-23,17,-4,-3,STAT,60,LAT,LON,W,CRC
07/31/25 14:40:47,17.83,220.26,19.04,4.64,8.17,523.99,17.40,63.40,992.00,10.30,15.81,16.21,323.80,0.41,1,13.20,178.66,72.33,1,-22,17,-4,-4,STAT,60,LAT,LON,W,CRC
07/31/25 14:41:50,17.88,216.86,21.43,4.64,7.44,524.23,17.40,63.30,992.00,10.20,15.84,16.23,330.50,0.46,1,13.24,181.09,80.40,1,-20,16,-3,-4,STAT,60,LAT,LON,W,CRC
07/31/25 14:42:47,17.92,218.59,19.34,7.25,5.09,524.09,17.40,63.80,992.00,10.49,15.73,15.87,306.20,0.49,1,13.24,186.08,81.21,1,-21,15,-3,-4,STAT,60,LAT,LON,W,CRC
07/31/25 14:43:48,17.94,211.81,19.62,5.89,7.10,524.03,17.40,63.60,992.00,9.40,14.70,14.97,306.10,0.66,1,13.24,193.35,75.03,1,-18,15,-4,-4,STAT,60,LAT,LON,W,CRC
07/31/25 14:44:50,18.00,213.88,19.14,5.77,7.64,524.01,17.40,63.10,992.00,9.79,14.87,16.12,323.10,0.53,1,13.24,202.06,74.19,1,-19,16,-4,-4,STAT,60,LAT,LON,W,CRC
07/31/25 14:45:47,18.03,212.90,20.51,5.30,7.85,523.46,17.40,63.60,992.00,9.67,15.09,15.66,307.00,0.91,1,13.24,210.44,76.24,1,-19,15,-4,-4,STAT,60,LAT,LON,W,CRC
07/31/25 14:46:51,18.04,210.60,21.70,5.36,7.85,523.16,17.40,63.70,992.00,10.33,15.27,15.48,308.30,0.92,1,13.24,220.00,76.20,1,-18,15,-5,-3,STAT,60,LAT,LON,W,CRC
07/31/25 14:47:52,18.08,212.58,18.64,6.22,7.64,523.06,17.40,63.50,992.00,10.65,15.38,15.49,315.50,0.66,1,13.24,229.19,79.43,1,-18,16,-4,-3,STAT,60,LAT,LON,W,CRC
07/31/25 14:48:50,18.12,209.30,20.51,6.26,7.07,523.60,17.30,63.10,992.00,10.56,16.04,16.56,315.30,0.54,1,13.27,238.17,74.43,1,-17,16,-3,-3,STAT,60,LAT,LON,W,CRC
07/31/25 14:49:52,18.14,214.94,20.02,6.67,7.69,523.86,17.30,63.50,992.00,10.28,16.18,16.63,326.00,0.54,1,13.27,248.11,72.21,1,-20,15,-4,-3,STAT,60,LAT,LON,W,CRC
07/31/25 14:50:48,18.14,212.68,20.24,5.80,8.81,523.95,17.30,63.60,992.00,10.50,16.11,16.30,332.20,0.56,1,13.27,256.95,73.72,1,-19,16,-4,-3,STAT,60,LAT,LON,W,CRC
07/31/25 14:51:50,18.19,221.80,19.66,5.60,8.16,523.98,17.20,63.80,992.00,10.64,16.76,17.18,342.30,0.43,1,13.27,265.80,73.66,1,-20,16,-4,-3,STAT,60,LAT,LON,W,CRC
07/31/25 14:52:57,18.22,215.74,20.70,5.99,8.38,524.08,17.20,63.40,993.00,9.99,17.08,17.79,7.80,0.36,1,13.27,273.97,83.39,1,-18,16,-3,-3,STAT,60,LAT,LON,W,CRC
07/31/25 14:53:48,18.23,225.93,17.93,5.80,8.13,524.61,17.20,63.80,993.00,10.02,15.54,16.35,33.50,0.30,1,13.27,279.64,82.07,1,-20,16,-3,-4,STAT,60,LAT,LON,W,CRC
07/31/25 14:54:49,18.24,222.72,22.08,4.57,8.55,524.86,17.30,63.00,993.00,10.12,14.97,15.60,59.70,0.18,1,13.27,287.58,82.94,1,-19,16,-4,-3,STAT,60,LAT,LON,W,CRC
07/31/25 14:55:51,18.24,216.81,20.72,4.22,8.18,524.95,17.40,63.50,993.00,9.82,14.27,15.20,73.40,0.09,1,13.31,298.45,78.45,1,-20,17,-5,-3,STAT,60,LAT,LON,W,CRC
07/31/25 14:56:48,18.29,218.03,19.58,4.57,7.27,524.44,17.40,64.00,993.00,9.52,14.52,15.51,111.50,0.24,1,13.31,313.10,73.53,1,-21,17,-3,-3,STAT,60,LAT,LON,W,CRC
07/31/25 14:57:49,18.32,214.84,20.51,4.93,7.23,523.72,17.50,62.80,993.00,9.60,14.14,14.99,96.20,0.24,1,13.31,318.73,71.31,1,-21,17,-4,-4,STAT,60,LAT,LON,W,CRC
07/31/25 14:58:51,18.33,218.62,21.66,4.23,6.19,523.10,17.60,61.80,993.00,9.73,14.58,15.03,88.00,0.15,1,13.31,323.94,74.00,1,-21,18,-3,-3,STAT,60,LAT,LON,W,CRC
07/31/25 14:59:49,18.34,214.19,20.36,3.42,6.83,521.05,17.70,61.50,993.00,9.20,15.43,15.85,311.70,0.17,1,13.31,330.92,76.18,1,-20,18,-3,-4,STAT,60,LAT,LON,W,CRC
07/31/25 15:00:51,18.38,224.40,23.61,3.85,5.80,519.64,17.80,61.20,993.00,8.95,14.14,14.39,115.90,0.06,1,13.31,338.35,72.50,1,-21,16,-4,-4,STAT,60,LAT,LON,W,CRC
07/31/25 15:01:52,18.42,234.04,19.36,5.48,5.38,518.58,18.00,61.10,993.00,9.60,15.29,15.61,302.70,0.16,1,13.31,359.62,72.75,1,-21,18,-3,-3,STAT,60,LAT,LON,W,CRC
07/31/25 15:02:49,18.43,228.63,18.97,4.64,8.70,517.25,18.10,60.90,993.00,9.58,14.83,15.09,308.80,0.33,1,13.34,426.35,71.48,1,-20,18,-3,-3,STAT,60,LAT,LON,W,CRC
07/31/25 15:03:51,18.48,228.72,20.74,4.44,8.75,515.86,18.20,60.50,992.00,10.05,14.99,15.71,316.40,0.39,1,13.34,455.42,71.11,1,-22,17,-4,-4,STAT,60,LAT,LON,W,CRC
07/31/25 15:04:48,18.51,229.22,22.81,4.01,7.74,514.64,18.30,60.50,992.00,9.35,14.39,15.28,318.20,0.34,1,13.34,438.10,70.24,1,-21,17,-3,-4,STAT,60,LAT,LON,W,CRC
07/31/25 15:05:51,18.58,232.97,21.71,4.62,7.45,513.17,18.50,59.60,992.00,9.45,15.25,16.22,304.20,0.37,1,13.34,404.79,73.83,1,-20,19,-4,-4,STAT,60,LAT,LON,W,CRC
07/31/25 15:06:50,18.61,229.69,21.84,3.91,8.98,511.91,18.60,59.70,992.00,9.72,15.47,16.45,317.40,0.30,1,13.34,385.08,76.25,1,-20,19,-4,-3,STAT,60,LAT,LON,W,CRC
07/31/25 15:07:52,18.68,217.90,21.97,4.00,8.56,510.67,18.70,59.30,992.00,9.85,15.19,15.64,313.90,0.34,1,13.34,417.98,71.63,1,-16,19,-3,-4,STAT,60,LAT,LON,W,CRC
07/31/25 15:08:54,18.74,215.45,22.91,3.90,7.80,509.75,18.90,58.20,993.00,9.75,14.59,15.18,316.70,0.27,1,13.38,481.15,72.04,1,-18,19,-4,-4,STAT,60,LAT,LON,W,CRC
07/31/25 15:09:54,18.81,227.25,19.59,4.75,7.49,509.49,19.30,58.30,993.00,9.70,15.68,16.48,305.80,0.17,1,13.38,542.22,75.17,1,-21,21,-5,-5,STAT,60,LAT,LON,W,CRC
07/31/25 15:10:51,18.88,222.64,17.06,5.57,7.67,509.50,19.50,57.80,993.00,9.49,14.76,15.29,317.60,0.20,1,13.38,566.99,72.22,1,-19,22,-6,-5,STAT,60,LAT,LON,W,CRC
07/31/25 15:11:52,18.97,230.60,16.41,5.47,7.85,508.88,19.90,57.50,993.00,9.94,15.63,16.16,317.40,0.15,1,13.38,578.11,70.53,1,-19,24,-5,-5,STAT,60,LAT,LON,W,CRC
07/31/25 15:12:54,19.07,233.60,20.74,4.55,6.45,508.09,20.20,56.80,993.00,9.38,14.75,15.40,302.40,0.17,1,13.38,591.32,75.22,1,-20,23,-5,-5,STAT,60,LAT,LON,W,CRC
07/31/25 15:13:51,19.17,237.46,20.56,4.13,8.20,507.34,20.30,55.10,992.00,9.49,15.22,15.82,303.10,0.29,1,13.38,602.97,72.05,1,-20,23,-6,-4,STAT,60,LAT,LON,W,CRC
07/31/25 15:14:52,19.29,247.30,18.23,4.87,8.59,505.64,20.60,58.40,992.00,9.04,14.13,14.72,122.50,0.05,1,13.38,615.92,82.69,1,-23,23,-5,-5,STAT,60,LAT,LON,W,CRC
07/31/25 15:15:54,19.42,240.98,22.91,3.20,7.69,502.40,20.90,55.50,993.00,9.44,13.95,14.22,119.90,0.21,1,13.38,626.51,85.01,1,-19,24,-5,-5,STAT,60,LAT,LON,W,CRC
07/31/25 15:16:51,19.53,245.63,21.92,2.87,8.73,500.52,21.10,54.00,992.00,9.61,13.89,14.16,278.20,0.22,1,13.41,635.27,82.16,1,-20,25,-5,-5,STAT,60,LAT,LON,W,CRC
07/31/25 15:17:53,19.66,250.82,25.91,1.62,7.62,499.53,21.50,57.70,993.00,9.40,14.40,14.97,276.50,0.27,1,13.41,652.76,75.47,1,-22,24,-6,-5,STAT,60,LAT,LON,W,CRC
07/31/25 15:18:54,19.79,246.62,21.94,2.20,8.98,498.65,21.80,52.30,992.00,9.27,14.61,15.34,263.50,0.35,1,13.41,665.89,78.06,1,-22,26,-6,-6,STAT,60,LAT,LON,W,CRC
07/31/25 15:19:52,19.90,248.87,22.49,1.63,8.10,498.09,22.20,51.60,992.00,9.15,14.05,14.62,265.90,0.45,1,13.41,676.35,81.03,1,-22,27,-6,-6,STAT,60,LAT,LON,W,CRC
07/31/25 15:20:54,20.01,244.80,24.26,2.00,6.37,497.38,22.20,50.50,992.00,9.06,14.32,14.69,283.20,0.58,1,13.41,682.10,77.68,1,-20,27,-6,-6,STAT,60,LAT,LON,W,CRC
07/31/25 15:21:51,20.12,242.02,22.75,1.09,7.54,496.44,22.40,50.40,992.00,9.25,14.00,14.87,288.30,0.44,1,13.41,634.74,77.50,1,-20,28,-6,-6,STAT,60,LAT,LON,W,CRC
07/31/25 15:22:52,20.23,230.19,15.95,2.93,10.27,495.01,22.40,50.90,992.00,9.10,14.28,15.03,303.50,0.34,1,13.38,635.01,76.52,1,-17,29,-6,-5,STAT,60,LAT,LON,W,CRC
07/31/25 15:23:54,20.35,228.92,23.38,1.58,8.51,494.12,22.40,50.00,992.00,8.99,13.66,13.97,299.60,0.42,1,13.41,626.83,75.54,1,-16,29,-8,-6,STAT,60,LAT,LON,W,CRC
07/31/25 15:24:51,20.47,229.94,17.15,3.83,7.73,493.14,22.50,50.80,992.00,9.66,13.88,14.10,318.00,0.24,1,13.41,640.76,73.07,1,-15,31,-7,-6,STAT,60,LAT,LON,W,CRC
07/31/25 15:25:53,20.60,220.30,16.70,4.41,10.55,492.05,22.70,50.30,992.00,9.54,13.91,14.07,308.10,0.24,1,13.41,645.65,72.06,1,-12,30,-7,-6,STAT,60,LAT,LON,W,CRC
07/31/25 15:26:50,20.72,222.51,23.59,2.86,7.89,491.11,22.80,48.20,992.00,9.49,14.26,14.31,317.90,0.26,1,13.41,651.31,85.45,1,-13,31,-5,-6,STAT,60,LAT,LON,W,CRC
07/31/25 15:27:52,20.87,238.57,25.20,0.80,8.23,490.39,22.90,47.60,992.00,9.88,14.41,14.67,320.40,0.23,1,13.41,668.53,75.83,1,-20,29,-7,-6,STAT,60,LAT,LON,W,CRC
07/31/25 15:28:54,21.00,235.76,27.48,-0.13,6.91,488.54,22.90,44.90,992.00,9.77,15.03,15.76,311.30,0.35,1,13.41,680.59,71.80,1,-19,32,-7,-6,STAT,60,LAT,LON,W,CRC
07/31/25 15:29:51,21.13,231.54,23.36,2.11,8.55,486.80,23.10,46.10,992.00,9.96,15.20,15.73,305.30,0.16,1,13.41,679.84,70.72,1,-18,32,-7,-6,STAT,60,LAT,LON,W,CRC
07/31/25 15:30:53,21.28,226.29,23.46,1.56,7.41,485.07,23.20,47.10,992.00,9.65,14.62,14.93,298.20,0.29,1,13.41,676.50,78.38,1,-15,33,-7,-6,STAT,60,LAT,LON,W,CRC
07/31/25 15:31:56,21.41,220.99,24.18,0.94,7.03,486.13,23.20,47.40,992.00,9.27,14.10,14.26,286.10,0.51,1,13.41,675.73,71.41,1,-14,34,-7,-7,STAT,60,LAT,LON,W,CRC
07/31/25 15:32:53,21.53,223.53,24.11,1.03,5.66,489.02,23.50,47.20,992.00,9.35,14.12,14.18,275.70,0.52,1,13.38,681.16,81.83,1,-14,35,-8,-7,STAT,60,LAT,LON,W,CRC
07/31/25 15:33:54,21.66,224.06,26.30,0.35,6.54,491.57,23.20,46.90,992.00,9.39,14.05,14.24,289.30,0.69,1,13.41,682.76,75.64,1,-15,35,-6,-6,STAT,60,LAT,LON,W,CRC
07/31/25 15:34:56,21.78,220.56,26.02,0.37,6.99,492.50,23.20,46.90,992.00,9.13,13.29,13.83,297.60,0.82,1,13.41,685.92,73.41,1,-14,35,-7,-6,STAT,60,LAT,LON,W,CRC
07/31/25 15:35:52,21.89,215.66,26.64,0.41,6.57,492.81,23.10,46.80,992.00,9.04,13.26,13.59,293.00,0.91,1,13.41,692.37,72.83,1,-12,35,-8,-6,STAT,60,LAT,LON,W,CRC
07/31/25 15:36:55,22.01,211.15,26.66,0.35,7.40,492.93,23.50,47.60,992.00,8.82,13.29,13.41,277.30,0.49,1,13.41,705.42,70.22,1,-11,35,-7,-6,STAT,60,LAT,LON,W,CRC
07/31/25 15:37:52,22.11,206.11,27.50,-0.52,8.48,492.74,24.00,47.40,992.00,9.13,13.80,13.84,265.00,0.43,1,13.41,709.05,71.89,1,-10,35,-6,-6,STAT,60,LAT,LON,W,CRC
07/31/25 15:38:54,22.22,210.17,28.49,0.55,9.14,492.33,24.00,47.60,992.00,8.93,13.18,13.19,136.40,0.21,1,13.41,692.11,70.46,1,-8,35,-6,-5,STAT,60,LAT,LON,W,CRC
07/31/25 15:39:52,22.33,209.72,27.00,2.61,8.73,492.13,24.10,47.20,992.00,9.09,13.06,13.30,121.30,0.33,1,13.41,679.16,70.99,1,-4,34,-6,-5,STAT,60,LAT,LON,W,CRC
07/31/25 15:40:53,22.44,200.15,28.66,0.86,8.33,491.64,23.90,46.50,992.00,9.12,13.55,13.63,123.40,0.68,1,13.41,641.49,68.81,1,-4,36,-6,-5,STAT,60,LAT,LON,W,CRC
07/31/25 15:41:55,22.55,197.81,28.78,-0.13,8.99,491.07,23.90,45.60,992.00,8.83,13.44,13.93,128.90,0.67,1,13.41,657.19,76.66,1,-7,38,-6,-5,STAT,60,LAT,LON,W,CRC
07/31/25 15:42:56,22.65,195.24,27.55,-0.35,9.66,489.92,24.00,48.10,992.00,9.62,14.03,14.40,127.50,0.63,1,13.38,625.60,73.39,1,-8,38,-6,-5,STAT,60,LAT,LON,W,CRC
07/31/25 15:43:53,22.75,186.21,30.80,-1.86,10.37,489.00,23.50,44.50,992.00,9.74,13.95,14.47,127.80,0.90,1,13.34,458.48,72.58,1,-6,37,-6,-5,STAT,60,LAT,LON,W,CRC
07/31/25 15:44:54,22.84,166.70,31.43,-1.93,11.42,487.38,23.40,44.60,992.00,9.57,14.61,14.94,130.80,0.59,1,13.34,344.86,72.09,1,-3,38,-5,-4,STAT,60,LAT,LON,W,CRC
07/31/25 15:45:58,22.94,142.31,31.04,-1.64,10.42,486.14,23.60,45.70,992.00,9.08,13.66,13.96,130.40,0.30,1,13.31,301.78,71.45,1,1,38,-5,-4,STAT,60,LAT,LON,W,CRC
07/31/25 15:46:55,23.02,130.80,29.67,-1.25,9.37,485.55,23.40,44.10,992.00,9.54,13.87,14.23,114.40,0.51,1,13.31,290.35,70.02,1,3,37,-5,-4,STAT,60,LAT,LON,W,CRC
07/31/25 15:47:57,23.08,128.27,30.03,-1.18,10.31,484.79,23.20,44.30,992.00,9.33,14.63,15.25,116.50,0.64,1,13.34,353.78,71.40,1,2,38,-5,-3,STAT,60,LAT,LON,W,CRC
07/31/25 15:48:54,23.15,128.29,30.00,0.19,9.94,484.30,23.20,45.30,992.00,9.47,14.48,14.85,113.30,0.53,1,13.34,441.60,70.03,1,2,37,-4,-3,STAT,60,LAT,LON,W,CRC
07/31/25 15:49:56,23.19,127.87,28.44,0.28,9.68,484.11,23.20,45.30,992.00,9.26,14.06,14.29,343.50,0.08,1,13.38,495.19,74.00,1,3,38,-4,-3,STAT,60,LAT,LON,W,CRC
07/31/25 15:50:58,23.26,132.49,25.17,1.26,9.23,484.04,23.30,46.70,992.00,9.47,14.21,14.43,298.50,0.24,1,13.41,601.18,74.82,1,1,40,-5,-2,STAT,60,LAT,LON,W,CRC
07/31/25 15:51:54,23.30,144.36,28.91,0.54,9.95,484.01,23.50,45.40,992.00,9.25,13.42,14.17,291.50,0.36,1,13.41,685.40,71.50,1,0,39,-5,-2,STAT,60,LAT,LON,W,CRC
07/31/25 15:52:57,23.36,147.69,26.27,0.36,10.47,484.01,23.60,45.90,992.00,8.66,13.52,14.77,301.10,0.35,1,13.45,771.30,76.17,1,0,41,-5,-2,STAT,60,LAT,LON,W,CRC
07/31/25 15:53:53,23.40,155.42,26.47,-0.06,12.02,483.46,23.70,45.90,992.00,9.75,13.88,14.89,296.10,0.55,1,13.45,810.67,71.42,1,0,41,-4,-2,STAT,60,LAT,LON,W,CRC
07/31/25 15:54:54,23.46,187.19,31.27,-0.70,10.00,483.16,23.70,44.80,992.00,9.78,14.31,15.16,290.50,0.80,1,13.41,760.39,75.99,1,0,40,-4,-3,STAT,60,LAT,LON,W,CRC
07/31/25 15:55:56,23.53,171.94,32.19,-0.74,8.84,483.06,23.60,44.30,992.00,9.63,13.49,14.06,291.10,0.83,1,13.41,665.37,71.58,1,0,41,-4,-4,STAT,60,LAT,LON,W,CRC
07/31/25 15:56:58,23.57,164.82,31.01,-0.10,8.76,482.25,23.70,44.50,992.00,9.75,13.48,14.20,288.60,0.77,1,13.38,562.82,69.89,1,-1,41,-4,-3,STAT,60,LAT,LON,W,CRC
07/31/25 15:57:55,23.64,150.55,31.12,-0.19,10.11,481.48,24.00,44.80,992.00,9.42,13.68,14.69,280.40,0.67,1,13.38,503.27,69.78,1,0,41,-4,-3,STAT,60,LAT,LON,W,CRC
07/31/25 15:58:56,23.68,144.97,28.93,0.95,9.94,481.17,24.00,44.60,992.00,9.79,15.11,15.99,288.50,0.65,1,13.34,426.93,68.72,1,0,41,-4,-3,STAT,60,LAT,LON,W,CRC
07/31/25 15:59:57,23.75,139.44,31.24,0.38,8.96,481.07,24.20,46.70,992.00,9.58,14.30,14.72,275.30,0.31,1,13.34,385.04,74.76,1,2,43,-4,-2,STAT,60,LAT,LON,W,CRC
07/31/25 16:00:59,23.81,138.99,28.58,2.04,9.98,481.02,24.30,45.50,992.00,8.92,13.90,14.15,342.10,0.08,1,13.34,372.80,71.62,1,3,42,-4,-3,STAT,60,LAT,LON,W,CRC
07/31/25 16:01:55,23.86,149.85,32.11,-0.72,10.20,481.01,24.20,43.30,992.00,9.50,14.16,14.58,298.10,0.47,1,13.34,370.51,70.54,1,0,42,-5,-2,STAT,60,LAT,LON,W,CRC
07/31/25 16:02:58,23.94,158.07,32.60,-1.75,10.84,480.50,24.30,43.30,992.00,8.68,13.91,14.22,289.20,0.63,1,13.34,372.26,78.77,1,-3,43,-3,-3,STAT,60,LAT,LON,W,CRC
07/31/25 16:03:55,24.01,153.32,30.97,-2.12,10.67,480.11,24.50,42.90,992.00,9.12,13.70,14.91,283.10,0.70,1,13.34,369.33,80.01,1,-1,45,-4,-2,STAT,60,LAT,LON,W,CRC
07/31/25 16:04:56,24.06,152.85,28.51,-1.01,10.05,479.42,24.70,43.90,992.00,9.55,13.55,13.96,292.50,0.39,1,13.34,355.36,72.91,1,-1,46,-4,-3,STAT,60,LAT,LON,W,CRC
07/31/25 16:05:59,24.15,137.87,30.54,-0.75,11.73,478.31,24.70,43.60,992.00,9.27,13.14,13.66,286.50,0.40,1,13.31,343.80,74.78,1,2,46,-5,-3,STAT,60,LAT,LON,W,CRC
07/31/25 16:06:55,24.22,143.91,34.04,-1.23,9.75,477.50,24.80,41.90,992.00,8.72,12.97,13.31,286.40,0.39,1,13.34,337.15,84.15,1,0,46,-3,-3,STAT,60,LAT,LON,W,CRC
07/31/25 16:07:57,24.29,141.34,30.18,-0.75,9.85,477.18,24.90,43.70,992.00,8.95,13.23,13.42,286.90,0.29,1,13.34,329.77,78.76,1,0,48,-3,-2,STAT,60,LAT,LON,W,CRC
07/31/25 16:08:59,24.36,135.78,30.15,-0.79,10.58,476.66,25.00,43.50,992.00,9.33,13.86,14.17,293.90,0.29,1,13.34,326.36,73.18,1,1,47,-3,-2,STAT,60,LAT,LON,W,CRC
07/31/25 16:09:55,24.44,136.75,32.50,-0.13,11.47,476.25,25.00,42.90,992.00,9.16,13.22,13.66,285.90,0.55,1,13.34,328.10,69.84,1,2,46,-3,-1,STAT,60,LAT,LON,W,CRC
07/31/25 16:10:57,24.52,259.56,32.54,-1.61,12.18,475.79,24.80,41.90,992.00,9.17,12.99,13.45,293.50,1.03,1,13.31,335.46,72.21,1,5,49,-2,-1,STAT,60,LAT,LON,W,CRC
07/31/25 16:11:59,24.57,192.12,32.10,-0.65,12.10,475.20,24.80,42.60,992.00,9.71,14.69,14.93,323.40,0.36,1,13.34,347.87,70.67,1,5,48,-2,-2,STAT,60,LAT,LON,W,CRC
07/31/25 16:12:57,24.64,155.50,31.08,-0.83,13.38,474.46,24.90,42.50,992.00,9.56,14.19,14.57,14.70,0.11,1,13.34,359.49,72.50,1,5,48,-3,-2,STAT,60,LAT,LON,W,CRC
07/31/25 16:13:59,24.70,144.04,28.10,-0.43,13.87,474.16,25.00,42.50,992.00,9.60,13.91,14.05,352.50,0.05,1,13.34,376.57,70.14,1,4,49,-3,-1,STAT,60,LAT,LON,W,CRC
07/31/25 16:14:55,24.76,122.04,29.89,-0.61,14.43,473.77,25.10,43.80,992.00,9.81,14.44,14.88,252.50,0.07,1,13.34,396.07,69.33,1,8,49,-3,-1,STAT,60,LAT,LON,W,CRC
07/31/25 16:15:56,24.82,127.54,32.26,-0.90,13.37,472.50,25.00,42.70,992.00,9.97,14.60,15.01,313.40,0.33,1,13.38,440.52,79.00,1,6,49,-3,-1,STAT,60,LAT,LON,W,CRC
07/31/25 16:16:58,24.87,130.75,34.61,-1.83,12.75,470.18,25.00,40.60,992.00,9.46,13.73,14.17,313.00,0.36,1,13.41,538.34,74.08,1,3,49,-2,-1,STAT,60,LAT,LON,W,CRC
07/31/25 16:18:00,24.94,116.88,35.80,-2.12,13.92,468.96,25.10,41.30,992.00,9.30,14.06,14.49,310.30,0.28,1,13.41,618.43,72.45,1,5,48,-3,0,STAT,60,LAT,LON,W,CRC
07/31/25 16:18:57,24.98,121.23,35.63,-3.15,13.84,468.37,25.20,39.20,992.00,9.18,13.67,13.93,279.90,0.72,1,13.45,702.99,71.04,1,3,49,-3,0,STAT,60,LAT,LON,W,CRC
07/31/25 16:19:55,25.04,117.91,32.10,-1.73,13.95,467.61,25.30,41.60,992.00,9.62,14.05,14.55,284.40,0.44,1,13.45,807.49,78.75,1,2,49,-2,-1,STAT,60,LAT,LON,W,CRC
07/31/25 16:20:59,25.08,118.47,33.56,-2.94,15.87,467.86,25.30,40.70,992.00,10.01,14.18,14.75,343.20,0.07,1,13.45,787.16,73.93,1,3,50,-2,0,STAT,60,LAT,LON,W,CRC
07/31/25 16:21:55,25.14,109.74,31.57,-1.92,16.25,467.95,25.30,41.00,992.00,9.70,14.67,15.16,24.70,0.12,1,13.45,759.43,76.34,1,5,51,-3,0,STAT,60,LAT,LON,W,CRC
07/31/25 16:22:57,25.18,106.59,33.10,-2.20,15.10,467.98,25.30,40.60,992.00,9.75,14.98,15.59,303.40,0.16,1,13.41,640.20,71.27,1,5,51,-3,-1,STAT,60,LAT,LON,W,CRC
07/31/25 16:24:00,25.24,104.80,33.29,-1.78,14.78,467.99,25.20,41.00,992.00,9.94,14.69,14.99,313.90,0.39,1,13.41,579.79,76.25,1,6,51,-2,0,STAT,60,LAT,LON,W,CRC
07/31/25 16:24:56,25.28,94.46,35.38,-0.43,13.07,468.00,25.10,41.00,992.00,10.21,14.87,15.17,315.90,0.46,1,13.41,609.42,72.20,1,9,50,-1,0,STAT,60,LAT,LON,W,CRC
07/31/25 16:25:59,25.32,88.97,32.96,-0.61,14.58,468.00,25.20,41.00,992.00,9.65,13.94,14.11,294.90,0.37,1,13.41,628.25,76.01,1,10,51,-1,0,STAT,60,LAT,LON,W,CRC
07/31/25 16:27:00,25.38,87.65,28.03,1.59,14.42,468.00,25.40,44.30,992.00,9.79,14.70,14.82,232.30,0.09,1,13.45,645.98,74.25,1,10,51,-2,0,STAT,60,LAT,LON,W,CRC
07/31/25 16:27:58,25.43,105.64,36.32,-0.83,13.29,467.38,25.40,41.00,992.00,9.99,15.02,15.38,292.50,0.15,1,13.41,592.77,73.89,1,6,50,-2,0,STAT,60,LAT,LON,W,CRC
07/31/25 16:28:59,25.48,117.58,35.04,-2.43,14.98,467.13,25.20,40.30,992.00,9.73,15.33,15.76,297.30,0.56,1,13.45,626.99,70.25,1,2,52,-2,0,STAT,60,LAT,LON,W,CRC
07/31/25 16:29:56,25.54,110.50,35.05,-2.69,15.26,467.00,25.30,39.50,992.00,9.90,15.28,15.47,292.70,0.40,1,13.48,761.32,69.13,1,5,53,-2,0,STAT,60,LAT,LON,W,CRC
07/31/25 16:30:58,25.59,108.16,30.12,-0.56,15.77,466.66,25.30,41.40,992.00,10.07,15.00,15.06,299.40,0.08,1,13.48,792.63,68.58,1,6,53,-1,0,STAT,60,LAT,LON,W,CRC
07/31/25 16:32:00,25.67,113.04,35.82,-2.37,15.08,466.23,25.30,39.90,992.00,10.01,14.54,14.56,269.00,0.36,1,13.48,726.22,71.13,1,5,53,-1,0,STAT,60,LAT,LON,W,CRC
07/31/25 16:32:58,25.72,100.99,32.02,-1.08,15.68,465.80,25.20,42.60,992.00,9.58,14.29,14.95,43.00,0.05,1,13.45,605.44,74.02,1,7,55,-1,0,STAT,60,LAT,LON,W,CRC
07/31/25 16:34:00,25.78,85.94,33.90,-1.90,15.49,464.72,25.20,40.90,992.00,10.43,15.38,15.92,310.50,0.19,1,13.52,714.80,73.03,1,11,54,-2,0,STAT,60,LAT,LON,W,CRC
07/31/25 16:34:57,25.84,85.91,37.97,-2.57,15.59,463.74,25.20,39.10,992.00,9.84,13.96,14.18,90.40,0.19,1,13.66,1055.72,81.23,1,10,55,-1,0,STAT,60,LAT,LON,W,CRC
07/31/25 16:35:59,25.89,94.66,35.61,-3.06,17.33,463.26,25.20,39.50,992.00,10.05,14.38,14.53,351.80,0.08,1,13.55,806.44,82.59,1,7,54,-1,0,STAT,60,LAT,LON,W,CRC
07/31/25 16:37:00,25.96,82.76,36.53,-2.95,15.84,462.86,25.10,38.40,992.00,9.86,14.01,14.17,295.60,0.47,1,13.73,1062.78,73.56,1,9,56,-2,0,STAT,60,LAT,LON,W,CRC
07/31/25 16:38:02,26.02,90.44,35.67,-2.81,14.90,462.47,25.30,38.40,992.00,9.83,15.05,15.55,292.00,0.48,1,13.95,1243.94,73.45,1,6,58,-1,0,STAT,60,LAT,LON,W,CRC
07/31/25 16:39:05,26.08,91.51,34.88,-2.26,14.95,462.17,25.40,38.60,992.00,9.36,14.16,14.53,293.80,0.65,1,13.98,938.71,73.46,1,6,58,-1,0,STAT,60,LAT,LON,W,CRC
07/31/25 16:40:01,26.15,88.81,32.74,-2.09,15.64,462.06,25.60,38.70,992.00,9.25,14.04,14.94,294.20,0.39,1,14.02,647.09,75.46,1,7,60,-1,0,STAT,60,LAT,LON,W,CRC
07/31/25 16:40:57,26.20,86.64,34.28,-2.40,16.43,462.02,25.60,38.70,992.00,10.00,14.12,14.46,314.40,0.14,1,14.02,433.19,74.53,1,9,59,-2,0,STAT,60,LAT,LON,W,CRC
07/31/25 16:41:59,26.28,91.59,33.29,-1.30,15.95,462.01,25.70,39.00,992.00,9.49,14.41,14.68,115.70,0.22,1,13.87,186.57,70.45,1,8,61,-2,0,STAT,60,LAT,LON,W,CRC
07/31/25 16:43:01,26.36,96.19,33.83,-2.88,17.22,461.52,26.10,39.80,992.00,9.32,14.46,14.95,160.00,0.18,1,13.70,52.69,68.51,1,7,63,-2,0,STAT,60,LAT,LON,W,CRC
07/31/25 16:43:58,26.43,101.36,35.76,-3.03,17.40,461.20,26.40,38.00,992.00,8.76,13.96,14.50,258.00,0.44,1,13.87,154.41,69.21,1,5,62,-2,0,STAT,60,LAT,LON,W,CRC
07/31/25 16:45:00,26.49,97.60,39.22,-4.01,17.20,460.91,26.40,36.80,992.00,9.34,14.40,14.74,265.50,1.02,1,13.73,43.61,67.61,1,6,62,-1,0,STAT,60,LAT,LON,W,CRC
07/31/25 16:45:59,26.57,82.19,33.25,-2.34,18.89,460.35,26.30,39.50,992.00,9.48,14.13,14.25,282.60,1.05,1,13.95,263.77,71.61,1,10,62,0,0,STAT,60,LAT,LON,W,CRC
07/31/25 16:47:00,26.62,65.14,35.84,-3.21,20.75,459.58,26.40,39.10,992.00,10.27,15.53,16.19,286.10,0.75,1,13.80,74.50,74.48,1,14,62,0,0,STAT,60,LAT,LON,W,CRC
07/31/25 16:48:02,26.69,59.27,33.59,-1.46,19.48,457.57,26.60,39.50,992.00,9.64,14.48,14.81,281.10,0.50,1,13.70,21.04,75.00,1,16,64,-1,0,STAT,60,LAT,LON,W,CRC
07/31/25 16:49:03,26.77,76.96,37.43,-3.53,18.79,456.55,26.40,36.90,992.00,8.85,14.36,14.96,289.60,0.82,1,13.87,121.24,72.43,1,12,66,-1,0,STAT,60,LAT,LON,W,CRC
07/31/25 16:50:00,26.81,76.33,38.32,-4.23,18.82,456.21,26.10,35.20,992.00,10.05,14.79,15.74,295.90,0.84,1,13.77,38.05,68.14,1,9,66,-1,1,STAT,60,LAT,LON,W,CRC
07/31/25 16:51:02,26.89,52.46,39.99,-5.06,18.55,456.07,26.40,35.30,992.00,10.05,14.06,14.77,280.80,0.58,1,13.91,165.58,67.28,1,14,66,0,0,STAT,60,LAT,LON,W,CRC
07/31/25 16:51:59,26.95,64.82,38.94,-5.45,20.77,455.68,26.60,35.40,992.00,10.02,15.03,15.35,263.20,0.51,1,13.87,106.99,67.42,1,10,66,0,1,STAT,60,LAT,LON,W,CRC
07/31/25 16:53:02,27.01,53.71,34.89,-4.10,21.38,455.24,26.60,35.70,992.00,9.92,14.57,14.69,265.80,0.30,1,13.73,30.22,73.88,1,12,68,0,1,STAT,60,LAT,LON,W,CRC
07/31/25 16:54:03,27.08,48.43,35.08,-3.25,21.99,455.08,26.70,36.60,992.00,9.81,13.56,13.60,280.80,0.44,1,13.98,199.70,70.05,1,16,67,0,2,STAT,60,LAT,LON,W,CRC
07/31/25 16:54:59,27.12,45.29,32.02,-2.28,21.52,455.18,26.90,38.80,992.00,9.40,13.35,13.70,239.70,0.18,1,13.84,62.67,76.46,1,17,69,0,1,STAT,60,LAT,LON,W,CRC
07/31/25 16:56:00,27.19,55.87,32.34,-1.93,23.17,455.26,26.80,39.00,992.00,9.31,13.98,14.27,341.80,0.18,1,13.73,17.70,70.64,1,17,70,-1,2,STAT,60,LAT,LON,W,CRC
07/31/25 16:57:03,27.26,96.93,35.93,-3.82,22.57,455.09,26.70,35.60,992.00,10.42,15.43,15.74,0.50,0.06,1,13.98,208.31,67.56,1,17,70,0,1,STAT,60,LAT,LON,W,CRC
07/31/25 16:57:59,27.31,100.90,36.56,-4.24,22.40,455.03,26.90,35.90,992.00,10.07,14.65,14.75,291.20,0.22,1,13.84,74.48,69.85,1,18,70,0,1,STAT,60,LAT,LON,W,CRC
07/31/25 16:59:02,27.39,80.49,38.21,-4.82,22.11,454.31,26.80,34.70,992.00,9.17,13.24,13.40,303.90,0.23,1,13.73,21.04,73.52,1,14,72,0,2,STAT,60,LAT,LON,W,CRC
07/31/25 17:00:03,27.45,58.53,38.09,-4.08,20.85,453.17,26.90,35.50,992.00,10.03,13.90,14.07,89.90,0.06,1,13.98,281.74,70.60,1,15,72,0,2,STAT,60,LAT,LON,W,CRC
07/31/25 17:01:00,27.51,463.89,35.57,-4.11,22.56,452.45,26.80,36.00,992.00,9.25,13.08,13.53,294.10,0.38,1,13.84,88.41,67.14,1,15,73,-1,2,STAT,60,LAT,LON,W,CRC
07/31/25 17:02:02,27.60,597.86,38.45,-4.11,20.62,453.26,26.70,34.30,992.00,9.19,13.58,13.89,295.90,0.33,1,13.77,24.97,66.72,1,27,73,0,2,STAT,60,LAT,LON,W,CRC
07/31/25 17:03:04,27.67,288.86,34.95,-3.76,20.56,453.45,27.00,34.40,992.00,8.97,13.82,14.18,273.30,0.23,1,13.98,214.63,67.71,1,23,76,0,2,STAT,60,LAT,LON,W,CRC
07/31/25 17:04:00,27.72,149.88,35.37,-3.20,21.10,453.01,27.00,36.30,992.00,9.52,14.61,14.76,226.90,0.17,1,13.84,76.35,67.94,1,20,75,0,2,STAT,60,LAT,LON,W,CRC
07/31/25 17:05:02,27.81,80.77,35.76,-2.59,20.63,452.55,27.10,35.60,992.00,9.39,13.77,13.99,172.70,0.17,1,13.77,21.56,76.26,1,21,75,0,2,STAT,60,LAT,LON,W,CRC
07/31/25 17:06:00,27.87,54.24,36.10,-2.86,20.54,452.05,27.20,36.40,992.00,9.27,13.95,14.14,234.10,0.19,1,13.87,183.12,71.93,1,19,76,0,2,STAT,60,LAT,LON,W,CRC
07/31/25 17:07:03,27.93,57.06,37.75,-2.61,20.74,451.63,27.20,36.70,992.00,9.79,14.48,15.05,267.40,0.18,1,13.87,106.42,69.17,1,16,75,0,3,STAT,60,LAT,LON,W,CRC
07/31/25 17:08:05,28.01,49.36,39.25,-4.21,23.14,450.95,27.00,34.90,992.00,10.36,14.46,14.96,104.30,0.22,1,13.77,30.06,68.46,1,16,77,0,3,STAT,60,LAT,LON,W,CRC
07/31/25 17:09:01,28.05,58.04,38.12,-4.20,26.73,450.36,27.10,35.10,992.00,9.98,14.61,15.16,79.00,0.11,1,13.70,9.43,67.70,1,10,77,0,4,STAT,60,LAT,LON,W,CRC
07/31/25 17:10:03,28.12,44.59,40.07,-5.00,25.27,449.13,27.00,34.10,991.00,9.64,14.40,14.79,289.50,0.58,1,13.87,100.69,66.29,1,13,77,0,3,STAT,60,LAT,LON,W,CRC
07/31/25 17:11:00,28.15,33.44,37.56,-4.64,24.41,448.43,26.90,34.90,992.00,9.72,14.14,14.27,295.30,0.71,1,13.80,31.60,69.07,1,16,78,0,3,STAT,60,LAT,LON,W,CRC
07/31/25 17:12:02,28.23,34.05,37.15,-3.96,24.27,447.75,27.00,35.40,992.00,10.43,14.81,14.97,299.60,0.48,1,13.70,8.92,68.76,1,15,79,0,3,STAT,60,LAT,LON,W,CRC
07/31/25 17:13:04,28.26,24.63,38.10,-4.18,23.70,447.81,27.10,34.50,992.00,9.52,13.65,13.93,301.30,0.33,1,13.87,121.29,74.18,1,20,80,0,3,STAT,60,LAT,LON,W,CRC
07/31/25 17:14:00,28.32,90.31,39.20,-4.43,23.78,447.93,27.00,35.00,991.00,9.64,14.87,15.39,299.90,0.43,1,13.80,38.06,72.34,1,16,81,0,2,STAT,60,LAT,LON,W,CRC
07/31/25 17:15:02,28.36,76.55,39.77,-4.53,23.30,448.30,27.00,34.70,991.00,9.56,14.60,15.30,290.20,0.59,1,13.70,10.75,68.54,1,19,80,0,3,STAT,60,LAT,LON,W,CRC
07/31/25 17:16:04,28.42,77.79,38.78,-3.93,23.04,449.21,27.10,34.50,992.00,9.13,13.23,13.78,290.80,0.48,1,13.91,113.13,66.67,1,19,81,0,2,STAT,60,LAT,LON,W,CRC
07/31/25 17:17:01,28.46,61.08,37.50,-4.54,24.62,449.70,27.20,34.40,992.00,9.20,12.88,13.51,288.30,0.41,1,13.80,35.50,65.97,1,16,82,0,3,STAT,60,LAT,LON,W,CRC
07/31/25 17:18:03,28.53,51.38,37.20,-4.90,24.77,450.67,27.50,34.50,991.00,8.90,12.74,13.19,264.80,0.31,1,13.73,10.03,66.40,1,15,82,0,3,STAT,60,LAT,LON,W,CRC
07/31/25 17:19:04,28.57,42.91,37.42,-4.30,23.69,451.53,27.60,34.90,991.00,8.65,12.61,13.30,229.60,0.21,1,13.95,203.44,69.73,1,16,83,0,3,STAT,60,LAT,LON,W,CRC
07/31/25 17:20:02,28.64,43.90,33.33,-3.53,24.11,451.82,27.90,34.70,991.00,8.79,12.30,12.67,238.10,0.19,1,13.84,63.84,76.97,1,15,85,0,3,STAT,60,LAT,LON,W,CRC
07/31/25 17:21:03,28.69,84.04,31.35,-2.06,24.82,451.35,27.70,36.50,991.00,9.31,13.54,14.19,251.40,0.08,1,13.73,18.03,71.87,1,19,86,1,3,STAT,60,LAT,LON,W,CRC
07/31/25 17:22:04,28.75,63.77,38.11,-4.76,25.07,450.48,27.70,34.30,991.00,8.89,12.91,13.32,279.80,0.45,1,13.98,271.86,69.44,1,20,87,0,3,STAT,60,LAT,LON,W,CRC
07/31/25 17:23:01,28.81,75.35,40.64,-5.97,26.42,449.69,27.70,34.50,991.00,9.00,12.80,13.00,259.50,0.35,1,13.84,85.31,69.12,1,11,85,0,3,STAT,60,LAT,LON,W,CRC
07/31/25 17:24:04,28.87,26.04,39.44,-6.41,28.78,448.89,27.70,34.80,991.00,9.45,13.65,13.76,237.00,0.19,1,13.77,24.09,71.77,1,21,84,1,4,STAT,60,LAT,LON,W,CRC
07/31/25 17:25:01,28.89,-8.66,38.43,-5.50,29.01,448.34,27.80,35.10,991.00,10.12,14.33,14.73,261.50,0.50,1,13.77,82.40,85.55,1,26,84,3,4,STAT,60,LAT,LON,W,CRC
07/31/25 17:26:06,28.90,-14.07,38.75,-4.87,29.76,448.64,27.60,34.70,991.00,9.26,13.74,14.06,143.10,0.25,1,13.87,111.28,77.23,1,26,85,1,5,STAT,60,LAT,LON,W,CRC
07/31/25 17:27:03,28.95,6.12,35.59,-4.78,31.22,448.86,27.60,35.20,991.00,9.76,13.98,14.35,124.80,0.25,1,13.77,34.92,78.84,1,19,87,1,5,STAT,60,LAT,LON,W,CRC
07/31/25 17:28:04,28.99,19.44,34.47,-4.34,29.42,448.95,27.70,34.60,991.00,9.56,13.62,13.83,261.00,0.29,1,13.70,9.86,71.49,1,15,88,2,5,STAT,60,LAT,LON,W,CRC
07/31/25 17:29:06,29.00,26.89,39.15,-4.94,28.74,448.98,27.80,34.70,991.00,9.72,13.29,13.36,261.20,0.52,1,13.91,123.77,68.04,1,18,88,2,5,STAT,60,LAT,LON,W,CRC
07/31/25 17:30:03,29.00,69.42,41.70,-3.55,27.63,449.40,27.80,34.80,991.00,9.92,13.99,14.27,276.50,0.88,1,13.80,38.84,67.21,1,14,88,2,5,STAT,60,LAT,LON,W,CRC
07/31/25 17:31:05,29.03,67.26,37.15,-3.89,26.56,449.93,27.40,34.70,991.00,10.03,14.57,14.92,285.50,0.82,1,13.73,10.97,66.78,1,13,89,4,5,STAT,60,LAT,LON,W,CRC
07/31/25 17:32:08,29.07,50.52,34.28,-3.91,28.82,450.06,27.60,35.00,991.00,9.81,13.99,14.51,287.90,0.71,1,13.87,129.67,68.26,1,16,90,3,5,STAT,60,LAT,LON,W,CRC
07/31/25 17:33:04,29.09,36.02,34.31,-4.76,30.43,450.43,27.60,34.90,991.00,9.58,14.20,14.74,280.20,0.66,1,13.80,40.69,79.17,1,18,90,2,5,STAT,60,LAT,LON,W,CRC
07/31/25 17:34:06,29.10,43.20,33.96,-3.39,28.45,450.80,27.80,35.70,991.00,8.83,13.30,13.74,267.60,0.49,1,13.73,11.49,73.39,1,17,91,1,5,STAT,60,LAT,LON,W,CRC
07/31/25 17:35:03,29.11,38.16,34.09,-2.90,28.25,450.57,27.80,36.30,991.00,9.22,14.01,14.52,318.60,0.07,1,13.98,247.90,70.58,1,18,91,3,4,STAT,60,LAT,LON,W,CRC
07/31/25 17:36:04,29.15,61.70,37.23,-4.65,30.09,449.93,27.70,35.00,991.00,10.19,14.91,15.07,127.50,0.33,1,13.84,70.02,67.73,1,10,90,2,4,STAT,60,LAT,LON,W,CRC
07/31/25 17:37:06,29.19,45.94,35.06,-2.48,28.73,449.33,27.80,37.20,991.00,10.15,15.11,15.30,62.90,0.13,1,13.73,19.77,67.14,1,14,92,2,5,STAT,60,LAT,LON,W,CRC
07/31/25 17:38:02,29.21,53.95,36.16,-3.82,29.76,448.67,27.90,35.10,991.00,9.46,14.40,14.89,115.70,0.38,1,13.98,170.14,66.71,1,13,93,2,5,STAT,60,LAT,LON,W,CRC
07/31/25 17:39:08,29.27,53.96,31.03,-2.42,30.05,447.70,28.10,37.20,991.00,9.58,14.15,14.39,225.30,0.17,1,13.84,59.19,77.10,1,13,93,1,5,STAT,60,LAT,LON,W,CRC
07/31/25 17:40:04,29.30,63.16,36.27,-5.20,29.88,446.69,28.30,35.20,991.00,9.10,13.91,14.28,260.20,0.55,1,13.77,18.57,75.48,1,12,95,2,5,STAT,60,LAT,LON,W,CRC
07/31/25 17:41:06,29.37,72.03,35.06,-4.66,31.24,445.79,28.20,35.50,991.00,9.27,13.71,13.92,296.60,0.34,1,13.95,274.34,81.78,1,11,95,2,5,STAT,60,LAT,LON,W,CRC
07/31/25 17:42:07,29.40,62.05,36.22,-4.57,30.94,444.87,28.00,34.30,991.00,9.39,13.15,13.54,115.40,0.32,1,13.87,107.96,77.94,1,14,97,2,5,STAT,60,LAT,LON,W,CRC
07/31/25 17:43:09,29.48,62.57,36.16,-5.39,30.47,444.47,27.70,34.50,991.00,9.69,13.22,13.70,119.90,0.81,1,13.77,30.49,70.68,1,12,96,3,5,STAT,60,LAT,LON,W,CRC
07/31/25 17:44:05,29.51,55.34,30.37,-3.56,30.27,444.76,28.10,35.20,991.00,9.58,13.38,13.64,152.20,0.23,1,13.70,9.57,68.51,1,13,97,3,5,STAT,60,LAT,LON,W,CRC
07/31/25 17:45:07,29.58,56.59,37.81,-4.59,30.08,444.91,28.40,35.10,991.00,10.08,13.94,14.03,168.70,0.26,1,13.91,96.40,66.31,1,14,97,2,5,STAT,60,LAT,LON,W,CRC
07/31/25 17:46:05,29.62,75.15,37.31,-6.21,33.91,444.90,28.40,34.40,991.00,9.74,14.13,14.16,163.90,0.38,1,13.80,30.25,70.83,1,9,97,2,6,STAT,60,LAT,LON,W,CRC
07/31/25 17:47:06,29.69,58.76,35.21,-5.36,35.03,444.77,28.50,34.80,991.00,9.58,13.66,13.67,157.90,0.35,1,13.70,8.54,74.31,1,13,97,3,7,STAT,60,LAT,LON,W,CRC
07/31/25 17:48:08,29.72,33.91,36.09,-5.26,34.03,444.54,28.30,34.40,991.00,9.71,14.00,14.00,133.10,0.58,1,13.91,157.64,72.07,1,18,96,3,6,STAT,60,LAT,LON,W,CRC
07/31/25 17:49:05,29.79,26.93,38.30,-5.56,34.70,444.44,28.30,34.20,991.00,10.16,15.73,16.00,135.80,0.61,1,13.80,49.47,76.74,1,20,97,4,7,STAT,60,LAT,LON,W,CRC
07/31/25 17:50:06,29.82,30.38,35.87,-5.75,35.98,444.70,28.40,35.20,991.00,10.05,15.26,15.68,154.50,0.40,1,13.73,13.97,74.42,1,16,98,3,8,STAT,60,LAT,LON,W,CRC
07/31/25 17:51:08,29.84,28.01,36.33,-5.47,35.92,444.89,28.20,35.00,991.00,10.56,15.00,15.69,134.50,0.79,1,13.95,235.68,71.10,1,17,98,4,7,STAT,60,LAT,LON,W,CRC
07/31/25 17:52:06,29.90,19.54,33.87,-4.36,37.31,444.96,28.50,35.20,991.00,10.69,14.71,14.96,149.50,0.33,1,13.80,73.96,75.08,1,19,98,3,7,STAT,60,LAT,LON,W,CRC
07/31/25 17:53:07,29.93,21.32,35.08,-4.33,37.17,444.99,28.60,35.00,991.00,10.46,14.77,14.86,156.80,0.37,1,13.73,20.89,73.93,1,18,98,4,7,STAT,60,LAT,LON,W,CRC
07/31/25 17:54:09,29.94,13.95,37.80,-5.05,38.37,445.00,28.40,34.40,991.00,10.49,15.59,15.62,146.00,0.65,1,13.98,253.87,78.24,1,19,96,3,8,STAT,60,LAT,LON,W,CRC
07/31/25 17:55:05,29.94,22.27,35.28,-4.64,39.12,445.00,28.50,35.60,991.00,10.60,14.91,15.21,145.10,0.74,1,13.84,79.67,72.76,1,14,98,4,8,STAT,60,LAT,LON,W,CRC
07/31/25 17:56:07,29.95,36.08,35.77,-5.56,39.51,445.00,28.50,34.30,991.00,9.82,14.32,14.56,150.40,0.64,1,13.77,22.50,68.46,1,9,97,4,8,STAT,60,LAT,LON,W,CRC
07/31/25 17:57:09,29.95,32.95,36.30,-5.79,39.99,445.00,28.20,33.40,991.00,10.59,14.63,14.86,136.10,0.97,1,13.91,138.61,67.73,1,10,96,5,9,STAT,60,LAT,LON,W,CRC
07/31/25 17:58:06,29.95,21.34,35.40,-6.47,42.40,444.92,28.20,34.00,991.00,9.94,14.42,14.61,142.40,0.90,1,13.87,93.43,66.79,1,12,96,5,9,STAT,60,LAT,LON,W,CRC
07/31/25 17:59:08,29.95,7.99,33.18,-4.66,40.79,444.32,28.20,34.70,991.00,10.35,15.19,15.66,151.80,0.53,1,13.77,26.39,78.12,1,15,95,6,9,STAT,60,LAT,LON,W,CRC
07/31/25 18:00:09,29.95,0.13,35.10,-4.16,39.93,444.11,28.50,34.50,991.00,11.06,15.81,16.39,187.00,0.28,1,13.70,7.45,70.86,1,19,94,5,9,STAT,60,LAT,LON,W,CRC
07/31/25 18:01:06,29.95,-5.62,33.00,-4.39,40.51,443.75,28.60,34.80,991.00,11.03,15.86,16.25,205.60,0.23,1,13.87,122.69,68.00,1,24,95,5,8,STAT,60,LAT,LON,W,CRC
07/31/25 18:02:08,29.95,7.79,30.52,-4.75,42.46,443.26,28.60,34.70,991.00,11.01,15.97,16.34,144.80,0.48,1,13.80,34.65,67.29,1,22,96,4,9,STAT,60,LAT,LON,W,CRC
07/31/25 18:03:05,29.94,34.33,31.51,-4.26,41.74,443.10,28.70,34.80,991.00,10.82,15.75,16.00,152.30,0.45,1,13.73,10.87,67.58,1,15,96,4,9,STAT,60,LAT,LON,W,CRC
07/31/25 18:04:07,29.93,65.45,31.56,-3.94,41.17,443.04,28.50,34.40,991.00,10.97,15.79,16.42,126.70,0.81,1,13.91,160.77,76.45,1,8,96,5,9,STAT,60,LAT,LON,W,CRC
07/31/25 18:05:09,29.91,68.96,32.74,-5.09,42.39,443.01,28.20,33.50,991.00,11.33,16.53,16.75,124.10,1.09,1,13.80,45.41,71.89,1,9,96,5,9,STAT,60,LAT,LON,W,CRC
07/31/25 18:06:07,29.88,69.28,35.06,-4.93,41.92,443.00,28.00,33.50,991.00,11.07,16.20,16.40,122.40,1.38,1,13.73,14.25,69.30,1,8,94,6,9,STAT,60,LAT,LON,W,CRC
07/31/25 18:07:08,29.85,36.99,36.14,-5.13,44.79,443.00,27.80,33.60,991.00,11.11,16.16,16.48,132.60,1.09,1,13.95,188.35,74.65,1,13,92,6,11,STAT,60,LAT,LON,W,CRC
07/31/25 18:08:10,29.85,31.30,35.02,-5.12,45.96,443.00,27.60,34.00,991.00,11.13,16.70,17.03,127.70,1.30,1,13.84,53.19,78.26,1,8,90,7,12,STAT,60,LAT,LON,W,CRC
07/31/25 18:09:06,29.84,15.36,34.60,-4.49,46.15,443.00,27.70,34.40,991.00,11.15,16.47,16.62,139.10,0.71,1,13.73,16.69,73.55,1,12,88,6,12,STAT,60,LAT,LON,W,CRC
07/31/25 18:10:08,29.84,73.82,35.26,-4.90,44.98,443.00,27.70,33.90,991.00,10.99,15.59,15.64,147.60,0.54,1,13.84,150.88,71.72,1,15,88,7,11,STAT,60,LAT,LON,W,CRC
07/31/25 18:11:10,29.79,55.12,35.18,-4.78,43.33,442.95,27.90,33.70,991.00,11.51,16.85,17.09,167.70,0.31,1,13.87,101.67,67.86,1,14,88,7,10,STAT,60,LAT,LON,W,CRC
07/31/25 18:12:08,29.76,22.17,31.87,-3.81,41.41,442.98,28.00,34.10,991.00,11.03,16.47,17.10,224.30,0.31,1,13.77,31.91,72.59,1,20,89,7,10,STAT,60,LAT,LON,W,CRC
07/31/25 18:13:08,29.74,28.36,31.50,-3.45,41.16,442.66,28.00,33.80,991.00,10.87,15.77,16.29,162.00,0.35,1,13.70,9.01,71.39,1,17,89,7,9,STAT,60,LAT,LON,W,CRC
07/31/25 18:14:11,29.70,42.80,26.76,-2.39,42.80,442.07,27.80,36.60,991.00,11.18,16.18,16.69,142.70,0.31,1,13.91,139.02,67.31,1,13,89,6,9,STAT,60,LAT,LON,W,CRC
07/31/25 18:15:07,29.66,50.52,31.32,-2.10,39.58,441.33,27.80,34.20,991.00,11.11,16.05,16.59,126.00,0.55,1,13.80,43.63,66.96,1,11,88,6,9,STAT,60,LAT,LON,W,CRC
07/31/25 18:16:09,29.64,67.16,28.17,-1.82,39.94,440.47,27.70,35.60,991.00,11.25,16.42,17.22,133.50,0.44,1,13.73,12.32,71.69,1,7,89,6,9,STAT,60,LAT,LON,W,CRC
07/31/25 18:17:10,29.63,70.42,28.97,-2.50,40.04,440.46,27.70,34.40,991.00,11.22,16.35,17.12,127.70,0.48,1,14.02,255.45,72.16,1,8,90,6,9,STAT,60,LAT,LON,W,CRC
07/31/25 18:18:07,29.59,84.48,27.59,-3.51,41.33,440.37,27.70,34.70,991.00,11.27,16.82,17.36,146.60,0.28,1,13.84,80.16,70.07,1,4,91,6,10,STAT,60,LAT,LON,W,CRC
07/31/25 18:19:08,29.55,99.59,30.26,-4.03,42.05,440.56,27.60,34.10,991.00,11.28,17.09,17.67,121.10,0.69,1,13.77,22.64,76.69,1,1,90,6,10,STAT,60,LAT,LON,W,CRC
07/31/25 18:20:10,29.53,116.96,30.90,-4.07,42.44,440.23,27.60,34.20,991.00,11.45,16.84,17.49,118.30,0.85,1,13.87,146.52,71.67,1,0,88,5,9,STAT,60,LAT,LON,W,CRC
07/31/25 18:21:07,29.53,117.85,32.28,-4.22,43.02,440.63,27.50,33.80,991.00,11.60,17.36,18.30,135.20,0.74,1,13.87,103.41,71.15,1,0,87,6,9,STAT,60,LAT,LON,W,CRC
07/31/25 18:22:10,29.53,98.23,29.52,-4.60,46.52,441.41,27.50,35.00,991.00,11.59,17.21,17.97,144.40,0.49,1,13.77,29.21,69.62,1,0,87,6,10,STAT,60,LAT,LON,W,CRC
07/31/25 18:23:11,29.52,79.81,28.53,-2.51,45.33,441.79,27.60,36.30,991.00,11.71,17.29,17.71,131.20,0.70,1,13.70,8.25,80.52,1,3,86,6,10,STAT,60,LAT,LON,W,CRC
07/31/25 18:24:07,29.51,78.31,28.08,-2.83,43.00,441.71,27.50,34.90,991.00,11.38,16.74,17.44,117.40,1.18,1,13.91,110.09,75.21,1,4,88,6,9,STAT,60,LAT,LON,W,CRC
07/31/25 18:25:08,29.47,108.82,28.29,-3.43,45.63,441.25,27.50,36.00,991.00,11.64,17.38,17.99,128.20,1.23,1,13.77,31.09,73.93,1,-1,88,5,9,STAT,60,LAT,LON,W,CRC
07/31/25 18:26:10,29.44,143.79,22.94,-2.20,46.64,441.25,27.60,37.50,991.00,11.11,16.13,16.62,124.00,1.09,1,13.70,8.78,69.82,1,-10,90,6,9,STAT,60,LAT,LON,W,CRC
07/31/25 18:27:07,29.43,129.78,26.09,-2.61,45.64,441.63,27.60,36.50,991.00,11.23,16.50,16.71,127.80,0.68,1,13.95,190.75,67.29,1,-5,88,6,9,STAT,60,LAT,LON,W,CRC
07/31/25 18:28:09,29.42,115.10,26.83,-1.96,43.23,441.30,27.60,35.60,991.00,11.33,16.58,16.87,126.20,0.48,1,13.80,53.87,70.69,1,0,88,7,8,STAT,60,LAT,LON,W,CRC
07/31/25 18:29:06,29.42,110.23,27.74,-2.59,45.04,441.73,27.60,36.30,991.00,11.40,16.91,17.46,132.90,0.71,1,13.73,16.91,69.73,1,1,86,6,9,STAT,60,LAT,LON,W,CRC
07/31/25 18:30:08,29.42,110.53,27.20,-2.99,47.19,441.86,27.60,36.30,991.00,12.12,17.74,18.13,137.00,0.72,1,13.98,186.52,69.94,1,0,86,6,10,STAT,60,LAT,LON,W,CRC
07/31/25 18:31:10,29.42,123.54,25.47,-2.12,44.31,441.95,27.70,36.00,991.00,11.89,16.82,17.39,131.40,0.95,1,13.84,52.68,67.86,1,-5,89,6,9,STAT,60,LAT,LON,W,CRC
07/31/25 18:32:09,29.42,142.41,24.25,-2.84,45.67,441.98,27.60,35.60,991.00,12.01,17.82,18.05,123.60,1.29,1,13.73,16.53,75.52,1,-9,89,6,9,STAT,60,LAT,LON,W,CRC
07/31/25 18:33:11,29.42,145.63,28.73,-4.31,47.48,441.70,27.60,34.70,991.00,11.90,17.67,17.86,130.90,1.24,1,13.98,293.30,69.33,1,-9,88,6,9,STAT,60,LAT,LON,W,CRC
07/31/25 18:34:07,29.42,150.21,26.59,-4.40,48.46,441.56,27.70,35.00,991.00,11.71,17.61,17.81,136.00,1.06,1,13.84,92.04,75.03,1,-12,89,5,9,STAT,60,LAT,LON,W,CRC
07/31/25 18:35:10,29.42,137.25,25.31,-4.32,48.39,441.85,27.90,34.80,991.00,11.02,17.36,17.43,136.10,1.10,1,13.77,25.99,72.43,1,-8,89,5,9,STAT,60,LAT,LON,W,CRC
07/31/25 18:36:11,29.42,132.31,25.56,-3.94,47.69,441.95,28.00,35.00,991.00,11.35,17.35,17.60,129.70,1.02,1,13.95,242.79,75.49,1,-6,90,5,9,STAT,60,LAT,LON,W,CRC
07/31/25 18:37:13,29.42,127.97,25.25,-3.19,47.70,441.44,28.10,35.40,991.00,11.58,18.06,18.27,131.00,0.90,1,13.87,93.44,69.22,1,-4,91,5,9,STAT,60,LAT,LON,W,CRC
07/31/25 18:38:10,29.42,136.96,23.39,-2.49,44.39,441.17,28.20,35.40,991.00,11.64,18.27,18.64,122.60,0.95,1,13.77,29.32,68.29,1,-3,92,5,8,STAT,60,LAT,LON,W,CRC
07/31/25 18:39:08,29.42,147.11,25.64,-3.58,44.56,440.45,28.10,34.40,991.00,11.79,18.46,18.89,126.80,1.12,1,13.70,9.20,74.37,1,-4,91,5,8,STAT,60,LAT,LON,W,CRC
07/31/25 18:40:09,29.42,157.74,27.84,-5.02,45.56,440.19,28.40,34.10,991.00,12.13,18.07,18.37,164.10,0.38,1,13.87,101.47,68.82,1,-9,93,5,8,STAT,60,LAT,LON,W,CRC
07/31/25 18:41:11,29.42,145.61,25.64,-4.76,45.23,438.92,28.70,33.60,991.00,11.63,17.50,17.82,176.40,0.40,1,13.77,28.66,75.00,1,-5,94,5,7,STAT,60,LAT,LON,W,CRC
07/31/25 18:42:12,29.47,149.04,26.01,-4.18,44.39,438.32,28.80,33.40,991.00,11.06,16.57,16.82,142.60,0.51,1,13.70,8.09,71.71,1,-4,94,4,7,STAT,60,LAT,LON,W,CRC
07/31/25 18:43:09,29.51,158.42,26.69,-4.28,46.80,437.99,28.60,33.50,991.00,11.48,16.88,16.97,133.20,1.02,1,13.91,103.22,70.00,1,-5,94,4,8,STAT,60,LAT,LON,W,CRC
07/31/25 18:44:11,29.52,148.14,28.50,-5.49,48.24,438.00,28.70,32.50,991.00,11.77,17.52,18.20,130.60,1.17,1,13.80,29.15,67.64,1,-4,94,4,8,STAT,60,LAT,LON,W,CRC
07/31/25 18:45:09,29.55,138.92,24.89,-4.78,46.59,438.00,28.60,33.20,991.00,12.07,18.48,18.86,133.50,0.78,1,13.73,9.15,70.93,1,-6,96,5,8,STAT,60,LAT,LON,W,CRC
07/31/25 18:46:10,29.60,119.54,21.86,-3.40,44.93,438.00,29.00,33.00,991.00,12.23,18.93,19.42,245.50,0.36,1,13.91,172.91,73.77,1,-2,99,6,8,STAT,60,LAT,LON,W,CRC
07/31/25 18:47:12,29.62,118.12,21.92,-3.55,45.09,437.85,29.20,33.20,991.00,11.89,17.90,18.07,266.90,0.49,1,13.80,48.83,75.41,1,0,98,5,8,STAT,60,LAT,LON,W,CRC
07/31/25 18:48:09,29.67,127.01,26.33,-5.08,44.74,437.32,29.10,32.00,991.00,12.17,18.85,19.06,132.40,0.69,1,13.73,15.32,70.15,1,0,99,4,7,STAT,60,LAT,LON,W,CRC
07/31/25 18:49:11,29.71,142.85,29.17,-6.76,47.53,436.95,28.90,31.10,991.00,13.32,19.28,19.48,138.40,0.88,1,13.95,180.91,75.06,1,-5,99,5,8,STAT,60,LAT,LON,W,CRC
07/31/25 18:50:13,29.73,129.30,30.96,-6.79,48.17,436.34,29.00,31.00,991.00,12.16,18.68,18.90,130.90,1.10,1,13.84,51.09,69.29,1,-6,98,5,8,STAT,60,LAT,LON,W,CRC
07/31/25 18:51:09,29.80,110.26,29.64,-6.42,49.15,436.28,28.80,31.20,991.00,12.29,18.37,18.64,136.50,1.12,1,13.73,16.03,67.46,1,-3,96,6,9,STAT,60,LAT,LON,W,CRC
07/31/25 18:52:13,29.83,74.13,26.38,-5.47,50.14,436.37,28.90,31.70,991.00,12.68,18.24,18.82,140.90,0.71,1,13.98,210.93,70.60,1,2,97,6,10,STAT,60,LAT,LON,W,CRC
07/31/25 18:53:09,29.84,57.85,26.04,-4.25,46.51,436.14,29.30,31.90,991.00,11.85,18.45,18.99,191.50,0.32,1,13.84,66.19,67.98,1,5,99,7,9,STAT,60,LAT,LON,W,CRC
07/31/25 18:54:11,29.90,60.98,27.93,-5.56,44.21,435.89,29.50,31.00,991.00,11.51,17.38,18.08,241.80,0.51,1,13.73,18.69,72.98,1,7,100,6,8,STAT,60,LAT,LON,W,CRC
07/31/25 18:55:12,29.93,74.29,28.02,-5.85,44.35,435.31,29.60,30.80,991.00,11.49,16.89,17.87,248.50,0.59,1,13.98,283.12,68.54,1,7,99,5,9,STAT,60,LAT,LON,W,CRC
07/31/25 18:56:14,29.94,83.84,28.11,-5.29,44.38,435.11,29.40,30.80,990.00,11.78,17.18,17.83,157.60,0.38,1,13.87,89.78,71.58,1,5,99,6,8,STAT,60,LAT,LON,W,CRC
07/31/25 18:57:12,30.00,75.87,27.65,-5.85,48.21,434.69,29.10,31.70,990.00,11.69,17.86,18.75,122.00,0.94,1,13.77,28.17,71.86,1,7,99,5,8,STAT,60,LAT,LON,W,CRC
07/31/25 18:58:14,30.03,75.78,24.90,-4.66,50.25,434.24,28.90,33.20,990.00,11.78,18.27,18.85,119.10,1.12,1,13.70,7.96,70.06,1,5,99,6,9,STAT,60,LAT,LON,W,CRC
07/31/25 18:59:11,30.05,57.30,29.48,-5.84,48.92,433.64,28.80,30.30,990.00,11.87,18.44,19.13,115.40,1.63,1,13.87,119.39,67.39,1,10,100,6,8,STAT,60,LAT,LON,W,CRC
07/31/25 19:00:13,30.07,56.72,28.53,-6.41,50.39,433.26,28.80,31.80,991.00,11.17,17.27,17.86,123.70,1.33,1,13.77,33.72,71.75,1,8,99,7,9,STAT,60,LAT,LON,W,CRC
07/31/25 19:01:14,30.11,65.33,28.15,-5.75,49.21,433.09,28.70,31.40,991.00,11.02,16.97,17.66,126.20,1.23,1,13.70,9.52,73.66,1,4,99,6,9,STAT,60,LAT,LON,W,CRC
07/31/25 19:02:11,30.14,67.81,25.73,-5.43,49.78,433.04,28.90,31.80,990.00,11.16,16.88,17.20,139.00,0.61,1,13.91,170.36,69.00,1,3,100,6,10,STAT,60,LAT,LON,W,CRC
07/31/25 19:03:13,30.15,71.64,22.06,-4.08,47.00,433.01,29.30,33.20,990.00,11.10,16.46,16.57,203.30,0.31,1,13.80,48.12,67.23,1,3,102,6,9,STAT,60,LAT,LON,W,CRC
07/31/25 19:04:15,30.16,69.64,20.26,-2.19,45.49,432.36,29.30,34.30,990.00,11.17,16.34,16.38,161.50,0.34,1,13.73,13.59,67.26,1,9,102,5,8,STAT,60,LAT,LON,W,CRC
07/31/25 19:05:13,30.17,69.86,23.64,-3.93,47.70,432.14,29.00,32.70,990.00,11.41,17.18,17.92,127.20,1.06,1,13.98,223.16,70.10,1,12,103,6,9,STAT,60,LAT,LON,W,CRC
07/31/25 19:06:15,30.22,75.89,24.98,-4.98,48.23,432.05,29.10,32.30,990.00,11.17,16.69,17.35,148.80,0.50,1,13.84,63.03,68.84,1,6,102,6,9,STAT,60,LAT,LON,W,CRC
07/31/25 19:07:11,30.25,74.60,22.22,-4.18,45.31,432.02,29.40,33.70,990.00,11.20,16.41,16.69,172.20,0.32,1,13.77,19.78,67.52,1,5,104,7,9,STAT,60,LAT,LON,W,CRC
07/31/25 19:08:13,30.26,81.78,23.49,-4.21,45.08,432.01,29.30,32.70,990.00,11.25,17.26,17.47,152.40,0.40,1,13.91,160.75,73.85,1,6,104,7,9,STAT,60,LAT,LON,W,CRC
07/31/25 19:09:15,30.26,116.27,24.76,-3.64,45.45,432.00,29.50,33.00,990.00,11.34,17.84,17.96,151.60,0.41,1,13.87,93.92,72.41,1,3,104,6,9,STAT,60,LAT,LON,W,CRC
07/31/25 19:10:12,30.31,122.36,23.46,-3.34,48.92,431.71,29.30,34.00,990.00,11.82,18.21,18.44,134.90,0.80,1,13.77,29.47,71.03,1,2,104,6,9,STAT,60,LAT,LON,W,CRC
07/31/25 19:11:13,30.35,109.49,14.44,-1.12,50.79,431.25,29.50,36.40,990.00,12.92,19.15,19.47,132.90,0.53,1,13.70,8.32,68.33,1,4,106,6,9,STAT,60,LAT,LON,W,CRC
07/31/25 19:12:11,30.36,119.39,20.74,-2.74,49.02,430.51,29.60,35.20,990.00,12.61,18.76,18.96,125.60,0.72,1,13.91,147.68,75.28,1,3,106,6,9,STAT,60,LAT,LON,W,CRC
07/31/25 19:13:13,30.40,151.02,19.15,-3.98,50.98,430.18,29.60,34.80,990.00,12.60,18.99,19.35,128.60,1.12,1,13.80,41.71,80.87,1,-2,106,5,8,STAT,60,LAT,LON,W,CRC
07/31/25 19:14:14,30.45,147.85,27.27,-5.92,52.21,430.06,29.30,32.60,990.00,12.08,17.44,17.97,126.10,1.35,1,13.73,11.78,73.42,1,-3,106,6,9,STAT,60,LAT,LON,W,CRC
07/31/25 19:15:16,30.47,134.74,26.72,-5.60,51.78,430.02,29.40,32.50,990.00,12.76,18.68,18.97,127.20,1.42,1,13.95,178.69,73.48,1,-4,104,6,9,STAT,60,LAT,LON,W,CRC
07/31/25 19:16:13,30.50,131.71,28.12,-7.08,53.62,429.51,29.60,32.20,990.00,12.44,18.15,18.34,140.80,0.77,1,13.84,56.07,69.33,1,-7,105,7,10,STAT,60,LAT,LON,W,CRC
07/31/25 19:17:14,30.55,123.12,22.07,-5.14,54.05,429.18,29.80,35.00,990.00,12.49,18.01,18.45,145.90,0.68,1,13.73,15.84,67.65,1,-4,107,6,9,STAT,60,LAT,LON,W,CRC
07/31/25 19:18:17,30.57,116.93,21.49,-4.35,52.70,429.64,30.00,34.20,990.00,12.83,18.69,19.11,139.30,0.81,1,14.02,221.40,76.04,1,2,108,6,9,STAT,60,LAT,LON,W,CRC
07/31/25 19:19:14,30.59,126.50,24.38,-5.77,54.05,429.63,29.70,33.00,990.00,13.53,19.83,20.19,134.90,1.19,1,13.84,69.48,79.86,1,0,106,5,10,STAT,60,LAT,LON,W,CRC
07/31/25 19:20:15,30.65,128.48,19.53,-4.55,55.60,429.26,29.90,34.70,990.00,12.74,18.79,19.14,138.70,0.73,1,13.77,19.62,74.33,1,0,108,7,11,STAT,60,LAT,LON,W,CRC
07/31/25 19:21:12,30.67,128.45,24.02,-5.59,52.75,429.33,29.50,32.60,990.00,12.79,18.76,19.25,120.10,1.48,1,13.70,6.16,69.52,1,0,108,7,10,STAT,60,LAT,LON,W,CRC
07/31/25 19:22:14,30.68,132.10,22.97,-5.47,50.72,429.76,29.70,32.70,990.00,12.35,19.12,19.42,133.80,0.96,1,13.87,85.14,68.89,1,0,109,8,9,STAT,60,LAT,LON,W,CRC
07/31/25 19:23:16,30.70,152.73,24.29,-5.11,52.73,429.92,30.00,33.00,990.00,12.86,20.15,20.83,139.60,0.82,1,13.77,24.05,69.14,1,-1,108,6,10,STAT,60,LAT,LON,W,CRC
07/31/25 19:24:13,30.75,137.75,25.79,-4.99,51.46,429.97,29.90,32.70,990.00,12.89,19.75,20.74,135.00,1.09,1,13.70,7.55,67.75,1,1,108,5,9,STAT,60,LAT,LON,W,CRC
07/31/25 19:25:16,30.78,134.44,24.86,-5.69,52.80,429.86,30.20,33.20,990.00,13.39,19.79,20.64,160.10,0.36,1,13.87,140.58,74.04,1,0,109,5,9,STAT,60,LAT,LON,W,CRC
07/31/25 19:26:13,30.79,120.81,23.65,-5.70,50.97,429.54,30.00,32.20,990.00,13.47,20.64,21.14,121.00,1.33,1,13.80,44.11,73.52,1,2,110,7,8,STAT,60,LAT,LON,W,CRC
07/31/25 19:27:15,30.82,121.01,23.80,-5.74,52.21,429.19,29.90,31.50,990.00,13.12,19.96,20.41,117.90,1.43,1,13.70,12.46,75.40,1,2,111,7,10,STAT,60,LAT,LON,W,CRC
07/31/25 19:28:16,30.87,131.82,23.09,-5.74,52.27,429.07,30.00,32.40,990.00,13.72,19.98,20.50,124.60,1.07,1,13.91,153.21,69.47,1,0,112,7,9,STAT,60,LAT,LON,W,CRC
07/31/25 19:29:13,30.89,139.42,24.24,-6.36,53.00,429.19,30.10,32.80,990.00,12.58,19.25,19.90,127.10,1.11,1,13.80,48.08,70.24,1,-2,111,7,9,STAT,60,LAT,LON,W,CRC
07/31/25 19:30:15,30.93,136.51,26.09,-7.55,54.92,429.13,30.20,31.80,990.00,12.37,18.64,19.31,141.70,0.89,1,13.73,13.58,68.35,1,0,113,7,9,STAT,60,LAT,LON,W,CRC
07/31/25 19:31:16,30.98,126.68,23.44,-7.03,56.51,429.59,30.20,32.60,990.00,12.51,18.69,19.09,151.00,0.71,1,13.98,209.46,67.10,1,-2,113,7,10,STAT,60,LAT,LON,W,CRC
