DATE,TE,CO,NO,NO2,O3,CO2,T,RH,P,PM1.0,PM2.5,PM10,WD,WS,PWR,BATT,CHRG,RUN,SD,RAW,124,4,-5,-12,86,0,0.00000,0.00000,0,777604101
11/30/25 04:59:27,0.82,193.01,13.92,19.02,5.76,411.81,3.50,60.90,0.00,3.48,6.29,6.62,0.00,0.00,1,13.84,7.13,35.07,1,-17,2,0,0,STAT,60,LAT,LON,W,CRC
11/30/25 05:00:27,0.81,189.92,15.72,16.62,6.48,412.48,3.50,61.00,0.00,3.39,6.38,6.54,0.00,0.00,1,13.98,99.32,33.35,1,-17,0,-1,1,STAT,60,LAT,LON,W,CRC
11/30/25 05:01:27,0.81,190.79,14.41,17.33,7.44,412.82,3.50,60.90,0.00,3.88,6.45,6.62,0.00,0.00,1,13.91,28.05,28.07,1,-15,0,0,1,STAT,60,LAT,LON,W,CRC
11/30/25 05:02:27,0.82,185.84,14.26,17.48,6.93,412.94,3.50,60.70,0.00,3.96,6.91,7.21,0.00,0.00,1,13.84,7.92,26.28,1,-15,1,0,0,STAT,60,LAT,LON,W,CRC
11/30/25 05:03:27,0.81,183.59,13.06,18.04,5.24,412.98,3.50,60.60,0.00,3.72,6.13,6.24,0.00,0.00,1,14.05,126.63,26.44,1,-12,2,0,0,STAT,60,LAT,LON,W,CRC
11/30/25 05:04:29,0.81,175.55,13.80,17.66,7.04,412.91,3.50,60.30,0.00,2.69,4.39,4.65,0.00,0.00,1,13.91,39.74,28.36,1,-14,2,0,0,STAT,60,LAT,LON,W,CRC
11/30/25 05:05:29,0.81,166.12,15.39,17.57,8.13,412.32,3.40,60.10,0.00,2.33,4.50,4.59,0.00,0.00,1,13.87,11.22,29.15,1,-14,1,0,0,STAT,60,LAT,LON,W,CRC
11/30/25 05:06:29,0.81,177.28,14.27,17.45,8.77,412.11,3.40,60.20,0.00,4.47,8.06,8.09,0.00,0.00,1,14.05,127.21,27.34,1,-13,1,0,0,STAT,60,LAT,LON,W,CRC
11/30/25 05:07:29,0.81,172.89,14.70,15.88,9.78,412.04,3.40,60.30,0.00,2.93,5.60,5.69,0.00,0.00,1,13.95,35.93,28.82,1,-15,0,0,0,STAT,60,LAT,LON,W,CRC
11/30/25 05:08:29,0.81,165.80,13.54,17.09,8.54,412.01,3.40,60.30,0.00,2.50,5.42,5.45,0.00,0.00,1,13.87,10.15,25.60,1,-15,3,0,0,STAT,60,LAT,LON,W,CRC
11/30/25 05:09:28,0.80,161.23,14.34,16.98,8.24,411.42,3.40,60.40,0.00,2.33,5.22,5.46,0.00,0.00,1,14.02,63.18,38.10,1,-14,1,0,0,STAT,60,LAT,LON,W,CRC
11/30/25 05:10:28,0.80,167.12,14.17,18.58,6.26,411.27,3.40,60.60,0.00,3.47,6.39,6.80,0.00,0.00,1,13.91,17.84,29.29,1,-16,2,0,0,STAT,60,LAT,LON,W,CRC
11/30/25 05:11:28,0.80,171.90,14.22,18.01,6.30,411.26,3.40,60.70,0.00,4.64,7.97,8.10,0.00,0.00,1,13.87,5.04,28.13,1,-15,2,0,0,STAT,60,LAT,LON,W,CRC
11/30/25 05:12:28,0.80,186.92,15.40,20.65,3.50,411.66,3.40,60.80,0.00,9.13,15.30,16.05,0.00,0.00,1,14.12,132.52,24.95,1,-11,2,1,0,STAT,60,LAT,LON,W,CRC
11/30/25 05:13:28,0.79,197.54,14.43,21.21,3.20,411.88,3.40,60.60,0.00,10.84,19.92,21.11,0.00,0.00,1,13.95,47.15,28.00,1,-17,1,0,0,STAT,60,LAT,LON,W,CRC
11/30/25 05:14:28,0.79,186.62,14.35,19.19,5.62,411.95,3.40,60.50,0.00,7.98,15.12,15.63,0.00,0.00,1,13.84,14.79,33.67,1,-15,1,0,0,STAT,60,LAT,LON,W,CRC
11/30/25 05:15:28,0.79,181.27,15.50,18.88,8.27,411.82,3.40,60.40,0.00,4.98,8.94,9.10,0.00,0.00,1,14.12,104.79,32.31,1,-11,0,1,1,STAT,60,LAT,LON,W,CRC
11/30/25 05:16:28,0.77,171.54,13.80,17.26,8.71,410.79,3.40,60.40,0.00,3.75,6.35,6.59,0.00,0.00,1,13.95,37.90,28.86,1,-14,1,0,0,STAT,60,LAT,LON,W,CRC
11/30/25 05:17:28,0.74,173.11,15.02,16.34,8.42,410.28,3.40,60.40,0.00,3.84,6.24,7.46,0.00,0.00,1,13.87,10.70,27.35,1,-15,0,-1,0,STAT,60,LAT,LON,W,CRC
11/30/25 05:18:28,0.72,179.44,15.08,18.31,6.71,410.10,3.40,60.50,0.00,3.38,6.41,6.80,0.00,0.00,1,13.84,3.02,29.59,1,-14,0,0,0,STAT,60,LAT,LON,W,CRC
11/30/25 05:19:29,0.71,172.27,13.44,18.70,6.88,410.03,3.40,60.50,0.00,2.51,4.95,5.20,0.00,0.00,1,13.98,62.36,27.93,1,-15,2,0,0,STAT,60,LAT,LON,W,CRC
11/30/25 05:20:30,0.71,173.90,15.71,19.63,7.22,410.56,3.40,60.40,0.00,3.00,4.79,4.88,0.00,0.00,1,13.87,19.57,32.08,1,-15,0,0,0,STAT,60,LAT,LON,W,CRC
11/30/25 05:21:30,0.70,174.79,14.25,19.40,6.72,410.93,3.40,60.50,0.00,2.73,5.83,6.01,0.00,0.00,1,13.84,5.53,28.38,1,-16,0,0,0,STAT,60,LAT,LON,W,CRC
11/30/25 05:22:30,0.70,183.31,15.76,19.15,6.63,411.85,3.40,60.70,0.00,2.93,6.25,6.39,0.00,0.00,1,13.95,57.21,26.92,1,-14,0,0,0,STAT,60,LAT,LON,W,CRC
11/30/25 05:23:30,0.71,186.67,15.06,21.18,4.24,412.56,3.40,60.80,0.00,3.04,6.81,7.15,0.00,0.00,1,13.87,16.16,27.21,1,-14,2,0,0,STAT,60,LAT,LON,W,CRC
11/30/25 05:24:30,0.70,187.82,16.05,21.99,3.11,413.39,3.40,60.90,0.00,2.83,5.85,6.02,0.00,0.00,1,13.84,4.56,28.01,1,-13,1,0,0,STAT,60,LAT,LON,W,CRC
11/30/25 05:25:29,0.70,192.81,16.60,23.27,1.73,414.84,3.40,60.90,0.00,2.39,5.03,5.09,0.00,0.00,1,13.98,40.88,36.96,1,-16,0,0,0,STAT,60,LAT,LON,W,CRC
11/30/25 05:26:29,0.69,194.41,17.31,23.18,2.43,415.59,3.40,60.90,0.00,3.33,5.81,5.93,0.00,0.00,1,13.91,11.55,28.77,1,-14,0,0,0,STAT,60,LAT,LON,W,CRC
11/30/25 05:27:29,0.69,198.71,16.63,23.74,2.41,416.40,3.40,61.00,0.00,3.95,6.15,6.19,0.00,0.00,1,13.84,3.26,25.56,1,-15,0,0,0,STAT,60,LAT,LON,W,CRC
11/30/25 05:28:29,0.69,194.05,14.01,22.59,3.26,416.79,3.40,61.00,0.00,3.85,6.34,6.35,0.00,0.00,1,14.02,121.13,27.38,1,-11,3,0,0,STAT,60,LAT,LON,W,CRC
11/30/25 05:29:29,0.68,190.65,13.68,21.42,3.90,416.93,3.40,61.00,0.00,3.97,7.31,7.31,0.00,0.00,1,13.91,34.21,26.94,1,-13,2,0,0,STAT,60,LAT,LON,W,CRC
11/30/25 05:30:31,0.67,186.43,15.33,20.16,4.56,416.81,3.40,60.60,0.00,3.09,5.80,5.81,0.00,0.00,1,13.84,9.66,31.48,1,-16,1,0,0,STAT,60,LAT,LON,W,CRC
11/30/25 05:31:31,0.65,177.49,13.89,19.22,8.85,416.09,3.30,60.50,0.00,2.12,4.85,4.86,0.00,0.00,1,14.02,148.16,27.48,1,-15,1,0,1,STAT,60,LAT,LON,W,CRC
11/30/25 05:32:32,0.62,181.81,14.28,19.97,5.71,415.47,3.30,60.80,0.00,2.75,6.11,6.14,0.00,0.00,1,13.91,41.84,28.22,1,-14,0,0,0,STAT,60,LAT,LON,W,CRC
11/30/25 05:33:32,0.61,189.56,14.65,18.03,5.72,415.08,3.40,60.90,0.00,3.68,6.93,7.16,0.00,0.00,1,13.87,11.82,28.81,1,-13,1,0,0,STAT,60,LAT,LON,W,CRC
11/30/25 05:34:32,0.60,190.86,13.45,20.12,4.16,415.00,3.40,61.00,0.00,3.62,5.88,5.96,0.00,0.00,1,14.05,145.38,27.86,1,-8,3,1,1,STAT,60,LAT,LON,W,CRC
11/30/25 05:35:34,0.60,195.36,13.86,18.89,4.54,415.69,3.40,61.30,0.00,3.72,6.99,7.23,0.00,0.00,1,13.91,41.06,32.12,1,-12,2,0,0,STAT,60,LAT,LON,W,CRC
11/30/25 05:36:29,0.60,190.26,15.84,19.18,4.26,415.59,3.40,61.20,0.00,2.65,5.19,5.78,0.00,0.00,1,13.87,12.88,31.67,1,-13,0,0,0,STAT,60,LAT,LON,W,CRC
11/30/25 05:37:29,0.60,190.83,14.22,18.27,5.33,415.21,3.40,61.20,0.00,2.86,4.65,5.07,0.00,0.00,1,14.12,116.97,25.63,1,-13,1,0,0,STAT,60,LAT,LON,W,CRC
11/30/25 05:38:29,0.60,185.27,13.53,17.68,5.51,415.07,3.40,61.30,0.00,2.48,4.20,4.33,0.00,0.00,1,13.95,33.04,27.88,1,-14,1,0,0,STAT,60,LAT,LON,W,CRC
11/30/25 05:39:29,0.59,183.46,13.42,18.09,2.82,415.03,3.30,61.40,0.00,2.70,4.63,4.67,0.00,0.00,1,13.87,9.33,26.54,1,-14,2,0,0,STAT,60,LAT,LON,W,CRC
11/30/25 05:40:29,0.59,175.69,13.74,16.18,5.22,415.01,3.40,61.50,0.00,2.95,5.38,5.59,0.00,0.00,1,13.84,2.64,28.53,1,-14,2,0,-1,STAT,60,LAT,LON,W,CRC
11/30/25 05:41:32,0.59,166.65,12.98,16.58,5.29,414.46,3.40,61.50,0.00,2.76,5.54,6.01,0.00,0.00,1,13.95,43.23,32.51,1,-13,2,0,0,STAT,60,LAT,LON,W,CRC
11/30/25 05:42:32,0.59,165.37,12.98,17.06,6.48,413.87,3.40,61.50,0.00,1.82,3.66,3.80,0.00,0.00,1,13.87,12.21,28.08,1,-14,2,0,0,STAT,60,LAT,LON,W,CRC
11/30/25 05:43:33,0.59,171.81,13.41,17.51,5.06,413.31,3.40,61.50,0.00,2.68,4.55,5.37,0.00,0.00,1,13.84,3.45,27.97,1,-14,2,0,0,STAT,60,LAT,LON,W,CRC
11/30/25 05:44:33,0.59,187.73,14.09,18.81,6.03,413.11,3.40,61.30,0.00,2.29,4.76,5.03,0.00,0.00,1,13.95,52.90,28.69,1,-14,3,0,0,STAT,60,LAT,LON,W,CRC
11/30/25 05:45:33,0.59,195.34,15.42,19.38,5.59,413.54,3.40,61.20,0.00,2.10,4.20,4.29,0.00,0.00,1,13.87,14.94,25.55,1,-12,1,0,0,STAT,60,LAT,LON,W,CRC
11/30/25 05:46:33,0.58,196.46,14.09,20.06,4.95,414.24,3.40,61.30,0.00,2.15,3.94,3.97,0.00,0.00,1,14.09,83.57,28.95,1,-9,2,0,1,STAT,60,LAT,LON,W,CRC
11/30/25 05:47:33,0.58,194.92,14.34,19.84,4.62,414.96,3.40,61.30,0.00,2.03,4.85,4.86,0.00,0.00,1,13.95,47.06,27.90,1,-14,1,0,0,STAT,60,LAT,LON,W,CRC
11/30/25 05:48:34,0.59,196.31,14.64,17.61,7.54,415.19,3.40,61.20,0.00,2.07,4.67,4.68,0.00,0.00,1,13.87,13.29,25.64,1,-11,0,0,0,STAT,60,LAT,LON,W,CRC
11/30/25 05:49:34,0.59,194.41,14.83,17.51,7.37,414.71,3.40,61.20,0.00,1.97,4.21,4.34,0.00,0.00,1,13.84,3.75,26.42,1,-12,1,0,0,STAT,60,LAT,LON,W,CRC
11/30/25 05:50:34,0.58,206.22,14.67,19.44,4.54,414.90,3.40,61.20,0.00,3.19,5.90,5.94,0.00,0.00,1,13.95,63.56,26.68,1,-12,2,0,0,STAT,60,LAT,LON,W,CRC
11/30/25 05:51:34,0.58,200.71,13.37,19.80,4.27,414.82,3.40,61.10,0.00,2.56,5.04,5.05,0.00,0.00,1,13.87,19.95,38.24,1,-12,2,0,0,STAT,60,LAT,LON,W,CRC
11/30/25 05:52:34,0.58,209.98,15.51,17.57,5.28,414.29,3.30,61.20,0.00,2.65,4.77,4.98,0.00,0.00,1,13.84,5.63,29.85,1,-14,1,0,0,STAT,60,LAT,LON,W,CRC
11/30/25 05:53:34,0.58,222.26,16.02,18.29,4.51,414.72,3.40,61.40,0.00,2.18,4.29,4.35,0.00,0.00,1,13.95,57.05,29.41,1,-14,0,0,0,STAT,60,LAT,LON,W,CRC
11/30/25 05:54:34,0.57,218.42,15.54,19.22,3.62,414.90,3.30,61.50,0.00,2.06,4.30,4.33,0.00,0.00,1,13.87,16.11,28.48,1,-12,0,0,0,STAT,60,LAT,LON,W,CRC
11/30/25 05:55:34,0.57,220.40,15.39,17.87,3.49,414.97,3.30,61.50,0.00,2.21,4.12,4.75,0.00,0.00,1,13.84,4.55,26.82,1,-12,0,0,0,STAT,60,LAT,LON,W,CRC
11/30/25 05:56:39,0.57,254.44,16.45,18.85,2.98,414.99,3.40,61.50,0.00,2.14,4.75,5.10,0.00,0.00,1,13.95,70.46,32.80,1,-11,0,0,0,STAT,60,LAT,LON,W,CRC
11/30/25 05:57:34,0.55,256.97,15.95,18.99,3.02,415.00,3.40,61.50,0.00,2.50,5.11,6.25,0.00,0.00,1,13.87,22.11,34.94,1,-11,0,0,0,STAT,60,LAT,LON,W,CRC
11/30/25 05:58:34,0.53,251.94,15.69,19.64,1.96,415.00,3.40,61.50,0.00,3.02,5.34,5.79,0.00,0.00,1,13.84,6.25,28.99,1,-13,1,0,0,STAT,60,LAT,LON,W,CRC
11/30/25 05:59:34,0.51,245.00,13.76,19.93,1.66,415.00,3.40,61.50,0.00,2.44,4.41,4.55,0.00,0.00,1,13.98,64.69,28.85,1,-14,2,0,0,STAT,60,LAT,LON,W,CRC
11/30/25 06:00:34,0.49,233.38,14.92,20.02,0.79,415.00,3.30,61.60,0.00,2.14,4.51,4.55,0.00,0.00,1,13.91,18.27,33.64,1,-14,0,0,0,STAT,60,LAT,LON,W,CRC
11/30/25 06:01:34,0.49,220.06,13.90,17.48,4.10,415.00,3.30,61.80,0.00,1.79,4.30,4.31,0.00,0.00,1,13.84,5.16,29.12,1,-11,1,-1,0,STAT,60,LAT,LON,W,CRC
11/30/25 06:02:34,0.49,209.18,14.68,17.65,3.93,415.00,3.40,61.60,0.00,1.82,3.57,3.57,0.00,0.00,1,13.98,37.48,34.20,1,-13,0,0,0,STAT,60,LAT,LON,W,CRC
11/30/25 06:03:34,0.49,205.38,14.23,18.63,3.25,415.00,3.30,61.60,0.00,2.11,4.03,4.03,0.00,0.00,1,13.91,10.59,28.59,1,-12,1,0,0,STAT,60,LAT,LON,W,CRC
11/30/25 06:04:34,0.49,203.27,13.22,19.06,4.19,415.00,3.30,61.60,0.00,1.63,3.38,3.66,0.00,0.00,1,13.84,2.99,25.74,1,-12,1,0,0,STAT,60,LAT,LON,W,CRC
11/30/25 06:05:34,0.48,206.26,14.59,22.80,0.45,415.00,3.30,61.50,0.00,2.01,3.87,4.50,0.00,0.00,1,13.98,104.75,30.89,1,-14,0,1,1,STAT,60,LAT,LON,W,CRC
11/30/25 06:06:34,0.48,205.71,13.09,19.26,2.96,415.00,3.30,61.30,0.00,1.67,3.87,4.18,0.00,0.00,1,13.91,29.59,27.96,1,-15,2,0,0,STAT,60,LAT,LON,W,CRC
11/30/25 06:07:34,0.47,201.17,14.34,19.22,4.22,414.46,3.30,61.40,0.00,1.84,4.27,4.37,0.00,0.00,1,13.84,9.28,32.51,1,-14,1,0,0,STAT,60,LAT,LON,W,CRC
11/30/25 06:08:34,0.47,194.84,13.49,18.40,3.80,414.16,3.30,61.40,0.00,1.73,4.46,4.50,0.00,0.00,1,13.98,48.46,29.27,1,-15,2,0,0,STAT,60,LAT,LON,W,CRC
11/30/25 06:09:34,0.47,185.06,12.93,17.92,5.10,414.06,3.30,61.50,0.00,1.88,4.12,4.13,0.00,0.00,1,13.91,13.69,31.18,1,-15,2,-1,0,STAT,60,LAT,LON,W,CRC
11/30/25 06:10:34,0.47,186.20,12.92,18.29,4.79,414.02,3.30,61.60,0.00,1.87,4.31,4.54,0.00,0.00,1,13.84,3.87,30.12,1,-14,3,0,0,STAT,60,LAT,LON,W,CRC
11/30/25 06:11:34,0.47,190.82,13.92,18.02,4.41,414.01,3.20,61.70,0.00,1.52,3.52,3.75,0.00,0.00,1,14.02,87.02,27.19,1,-12,1,0,0,STAT,60,LAT,LON,W,CRC
11/30/25 06:12:36,0.47,198.64,15.19,19.16,2.90,414.12,3.30,61.60,0.00,1.74,4.14,4.22,0.00,0.00,1,13.91,24.58,32.27,1,-15,0,0,0,STAT,60,LAT,LON,W,CRC
11/30/25 06:13:36,0.46,205.72,14.38,19.87,3.94,414.62,3.20,61.60,0.00,2.31,4.46,4.71,0.00,0.00,1,13.84,6.94,31.72,1,-14,1,0,0,STAT,60,LAT,LON,W,CRC
11/30/25 06:14:36,0.46,212.17,14.78,19.40,4.48,415.16,3.20,61.60,0.00,2.06,4.91,4.99,0.00,0.00,1,13.98,77.28,26.83,1,-15,0,0,0,STAT,60,LAT,LON,W,CRC
11/30/25 06:15:36,0.46,204.30,15.33,18.08,5.02,415.66,3.20,61.80,0.00,1.98,4.67,4.91,0.00,0.00,1,13.91,21.83,26.23,1,-14,0,0,0,STAT,60,LAT,LON,W,CRC
11/30/25 06:16:36,0.46,199.68,14.38,17.54,4.84,415.99,3.20,61.90,0.00,1.61,3.97,4.42,0.00,0.00,1,13.84,6.16,30.01,1,-14,0,0,0,STAT,60,LAT,LON,W,CRC
11/30/25 06:17:36,0.46,195.66,13.20,18.01,3.55,416.29,3.20,62.10,0.00,1.69,3.43,3.80,0.00,0.00,1,14.02,114.15,31.59,1,-10,1,0,0,STAT,60,LAT,LON,W,CRC
11/30/25 06:18:36,0.46,193.28,14.22,18.75,3.16,416.73,3.20,62.20,0.00,1.64,3.28,3.41,0.00,0.00,1,13.91,35.82,32.74,1,-13,1,0,0,STAT,60,LAT,LON,W,CRC
11/30/25 06:19:36,0.46,195.58,13.10,18.24,2.43,416.90,3.20,62.10,0.00,2.16,4.24,5.12,0.00,0.00,1,13.84,10.12,31.50,1,-15,3,0,0,STAT,60,LAT,LON,W,CRC
11/30/25 06:20:37,0.45,205.38,14.35,22.27,0.91,416.46,3.20,62.00,0.00,2.05,4.29,4.89,0.00,0.00,1,14.02,128.33,27.19,1,-15,1,1,1,STAT,60,LAT,LON,W,CRC
11/30/25 06:21:37,0.43,220.44,14.14,19.97,3.75,416.16,3.20,62.00,0.00,1.90,4.67,4.90,0.00,0.00,1,13.91,36.24,31.22,1,-15,2,0,0,STAT,60,LAT,LON,W,CRC
11/30/25 06:22:37,0.41,221.99,15.19,20.14,2.95,416.06,3.20,61.80,0.00,1.80,4.36,4.43,0.00,0.00,1,13.87,10.24,28.87,1,-15,1,0,0,STAT,60,LAT,LON,W,CRC
11/30/25 06:23:34,0.40,223.36,15.55,20.92,2.27,416.02,3.20,61.80,0.00,2.24,4.80,4.83,0.00,0.00,1,14.02,51.74,38.14,1,-12,0,0,0,STAT,60,LAT,LON,W,CRC
11/30/25 06:24:35,0.39,218.03,14.67,20.98,0.54,416.01,3.20,61.80,0.00,2.30,4.98,4.98,0.00,0.00,1,13.91,14.61,30.51,1,-14,1,0,0,STAT,60,LAT,LON,W,CRC
11/30/25 06:25:35,0.38,210.25,13.55,18.63,4.16,416.00,3.20,61.90,0.00,2.22,5.03,5.30,0.00,0.00,1,13.84,4.13,29.10,1,-11,1,0,0,STAT,60,LAT,LON,W,CRC
11/30/25 06:26:35,0.38,205.83,12.94,18.25,4.86,416.00,3.20,62.00,0.00,2.59,4.62,4.73,0.00,0.00,1,14.05,113.40,25.62,1,-10,1,0,0,STAT,60,LAT,LON,W,CRC
11/30/25 06:27:35,0.38,206.12,14.91,19.15,3.92,416.16,3.20,62.00,0.00,2.62,4.76,4.79,0.00,0.00,1,13.95,32.03,27.86,1,-14,0,0,0,STAT,60,LAT,LON,W,CRC
11/30/25 06:28:37,0.38,195.67,16.11,18.16,3.49,416.31,3.20,62.00,0.00,2.26,4.28,4.29,0.00,0.00,1,13.84,9.05,35.74,1,-13,0,0,0,STAT,60,LAT,LON,W,CRC
11/30/25 06:29:37,0.38,177.24,16.07,17.99,5.23,415.88,3.20,61.80,0.00,1.80,3.35,3.36,0.00,0.00,1,14.02,61.10,27.15,1,-13,0,-1,0,STAT,60,LAT,LON,W,CRC
11/30/25 06:30:37,0.38,169.12,14.68,18.96,4.65,414.77,3.20,61.70,0.00,1.34,2.93,3.22,0.00,0.00,1,13.91,17.26,29.59,1,-13,0,0,0,STAT,60,LAT,LON,W,CRC
11/30/25 06:31:37,0.38,166.12,15.81,18.96,5.81,414.04,3.20,61.60,0.00,1.55,3.82,3.91,0.00,0.00,1,13.87,4.87,28.46,1,-16,0,0,0,STAT,60,LAT,LON,W,CRC
11/30/25 06:32:37,0.38,163.28,15.79,18.99,4.95,412.74,3.20,61.60,0.00,1.49,3.21,3.23,0.00,0.00,1,14.05,113.90,29.77,1,-13,0,0,0,STAT,60,LAT,LON,W,CRC
11/30/25 06:33:43,0.38,166.52,12.52,18.26,4.47,411.67,3.20,61.70,0.00,1.56,3.22,3.23,0.00,0.00,1,13.91,28.95,34.28,1,-14,3,0,0,STAT,60,LAT,LON,W,CRC
11/30/25 06:34:39,0.38,165.72,13.19,18.25,4.08,411.84,3.20,61.90,0.00,2.07,3.70,4.37,0.00,0.00,1,13.84,9.09,31.00,1,-13,1,0,0,STAT,60,LAT,LON,W,CRC
11/30/25 06:35:39,0.38,165.29,13.92,16.23,9.58,411.94,3.20,61.70,0.00,1.57,3.20,3.41,0.00,0.00,1,14.02,148.21,32.20,1,-14,1,-1,1,STAT,60,LAT,LON,W,CRC
11/30/25 06:36:39,0.38,187.20,13.52,18.21,5.17,411.98,3.20,61.70,0.00,1.56,3.26,3.36,0.00,0.00,1,13.91,41.86,29.85,1,-13,0,0,0,STAT,60,LAT,LON,W,CRC
11/30/25 06:37:39,0.38,200.94,13.30,18.51,4.02,412.83,3.20,61.60,0.00,1.53,2.70,2.73,0.00,0.00,1,13.87,11.82,27.19,1,-14,1,0,0,STAT,60,LAT,LON,W,CRC
11/30/25 06:38:39,0.38,199.54,13.94,18.91,4.12,413.88,3.20,61.80,0.00,1.54,3.05,3.32,0.00,0.00,1,14.05,135.64,26.09,1,-10,2,0,0,STAT,60,LAT,LON,W,CRC
11/30/25 06:39:37,0.38,193.89,13.59,18.02,3.78,415.25,3.20,62.00,0.00,1.18,3.13,3.22,0.00,0.00,1,13.91,42.57,28.98,1,-11,2,0,0,STAT,60,LAT,LON,W,CRC
11/30/25 06:40:37,0.38,192.80,14.48,19.54,4.02,415.84,3.20,61.90,0.00,1.46,3.11,3.64,0.00,0.00,1,13.87,12.02,30.31,1,-12,1,0,0,STAT,60,LAT,LON,W,CRC
11/30/25 06:41:37,0.38,188.92,13.71,20.22,3.51,415.94,3.20,61.80,0.00,1.80,3.55,3.72,0.00,0.00,1,14.02,122.10,28.49,1,-10,1,0,0,STAT,60,LAT,LON,W,CRC
11/30/25 06:42:37,0.38,177.81,14.56,20.45,2.41,415.40,3.20,61.80,0.00,1.72,3.48,3.54,0.00,0.00,1,13.91,34.48,29.75,1,-11,0,0,0,STAT,60,LAT,LON,W,CRC
11/30/25 06:43:37,0.38,179.61,13.23,20.51,1.98,415.14,3.20,61.70,0.00,1.64,3.30,3.31,0.00,0.00,1,13.87,9.74,27.74,1,-13,2,0,0,STAT,60,LAT,LON,W,CRC
11/30/25 06:44:39,0.38,179.06,13.61,20.05,3.14,415.05,3.20,61.70,0.00,1.48,3.04,3.28,0.00,0.00,1,14.02,94.65,34.67,1,-12,1,0,0,STAT,60,LAT,LON,W,CRC
11/30/25 06:45:39,0.38,176.37,13.20,18.66,3.07,415.02,3.10,61.90,0.00,1.21,3.27,3.51,0.00,0.00,1,13.91,26.73,29.17,1,-12,1,0,0,STAT,60,LAT,LON,W,CRC
11/30/25 06:46:39,0.38,176.38,12.98,19.23,2.81,415.01,3.10,62.00,0.00,1.43,3.19,3.27,0.00,0.00,1,13.87,7.55,28.89,1,-12,1,0,-1,STAT,60,LAT,LON,W,CRC
11/30/25 06:47:39,0.38,170.65,12.98,19.92,2.36,415.00,3.10,62.10,0.00,1.57,2.98,3.09,0.00,0.00,1,14.02,118.73,27.10,1,-11,1,0,0,STAT,60,LAT,LON,W,CRC
11/30/25 06:48:39,0.38,175.32,15.04,19.53,3.60,415.12,3.20,62.00,0.00,1.75,3.76,3.80,0.00,0.00,1,13.91,33.53,28.95,1,-14,0,0,0,STAT,60,LAT,LON,W,CRC
11/30/25 06:49:38,0.38,181.19,13.30,20.31,1.85,415.59,3.20,61.90,0.00,1.84,3.92,3.93,0.00,0.00,1,13.84,10.52,43.86,1,-16,2,0,0,STAT,60,LAT,LON,W,CRC
11/30/25 06:50:38,0.38,182.47,14.60,20.70,2.45,415.85,3.10,62.00,0.00,1.88,3.77,3.78,0.00,0.00,1,14.02,92.24,35.48,1,-11,0,0,0,STAT,60,LAT,LON,W,CRC
11/30/25 06:51:38,0.38,183.69,14.71,19.19,4.65,415.95,3.10,62.00,0.00,1.92,3.86,4.11,0.00,0.00,1,13.91,26.05,29.15,1,-12,1,0,0,STAT,60,LAT,LON,W,CRC
11/30/25 06:52:38,0.38,189.46,13.88,19.10,4.28,415.98,3.10,61.90,0.00,1.88,4.09,4.55,0.00,0.00,1,13.87,7.36,26.76,1,-12,1,0,0,STAT,60,LAT,LON,W,CRC
11/30/25 06:53:39,0.38,195.00,14.02,17.91,3.54,415.99,3.10,62.00,0.00,1.96,4.12,4.26,0.00,0.00,1,14.09,77.79,26.08,1,-13,1,-1,0,STAT,60,LAT,LON,W,CRC
11/30/25 06:54:39,0.38,197.78,13.32,20.46,1.08,416.00,3.10,62.20,0.00,2.03,4.21,4.25,0.00,0.00,1,13.95,21.97,25.52,1,-13,2,0,-1,STAT,60,LAT,LON,W,CRC
11/30/25 06:55:43,0.38,211.05,13.86,19.24,3.11,416.00,3.10,62.20,0.00,2.17,5.29,5.30,0.00,0.00,1,13.84,6.21,26.56,1,-14,2,-1,0,STAT,60,LAT,LON,W,CRC
11/30/25 06:56:43,0.38,216.41,14.15,21.33,2.80,416.66,3.10,62.10,0.00,2.23,6.17,7.09,0.00,0.00,1,14.02,62.87,27.03,1,-12,1,0,0,STAT,60,LAT,LON,W,CRC
11/30/25 06:57:43,0.38,225.00,13.68,20.77,2.94,417.38,3.10,62.00,0.00,2.07,6.19,6.54,0.00,0.00,1,13.91,17.76,26.47,1,-13,1,0,0,STAT,60,LAT,LON,W,CRC
11/30/25 06:58:43,0.38,227.50,14.52,21.99,0.05,418.27,3.10,62.20,0.00,2.58,5.66,5.93,0.00,0.00,1,13.87,5.01,29.20,1,-12,1,0,-1,STAT,60,LAT,LON,W,CRC
11/30/25 06:59:43,0.38,227.79,16.69,20.11,3.31,419.55,3.10,62.40,0.00,2.40,5.19,5.27,0.00,0.00,1,14.05,120.38,28.95,1,-9,0,0,0,STAT,60,LAT,LON,W,CRC
11/30/25 07:00:39,0.38,230.54,15.59,19.66,4.47,420.80,3.10,62.50,0.00,3.24,5.50,5.53,0.00,0.00,1,13.91,37.78,31.42,1,-11,0,-1,0,STAT,60,LAT,LON,W,CRC
11/30/25 07:01:39,0.38,233.94,15.45,20.67,2.70,421.69,3.10,62.50,0.00,2.59,5.46,5.46,0.00,0.00,1,13.87,10.67,27.88,1,-12,1,-1,0,STAT,60,LAT,LON,W,CRC
11/30/25 07:02:39,0.38,233.53,15.50,20.94,1.75,421.93,3.10,62.40,0.00,2.83,5.56,5.69,0.00,0.00,1,14.02,70.69,30.95,1,-11,0,-1,0,STAT,60,LAT,LON,W,CRC
11/30/25 07:03:39,0.38,227.88,14.97,21.19,1.33,421.97,3.10,62.30,0.00,3.15,6.02,6.06,0.00,0.00,1,13.91,19.96,29.41,1,-14,1,0,0,STAT,60,LAT,LON,W,CRC
11/30/25 07:04:39,0.38,238.15,14.17,19.05,2.70,421.80,3.10,62.30,0.00,3.73,7.13,7.29,0.00,0.00,1,13.87,5.64,28.17,1,-11,1,-1,0,STAT,60,LAT,LON,W,CRC
11/30/25 07:05:41,0.38,241.15,14.89,20.34,2.17,422.39,3.10,62.40,0.00,4.03,6.74,7.44,0.00,0.00,1,14.02,82.17,46.41,1,-11,0,0,0,STAT,60,LAT,LON,W,CRC
11/30/25 07:06:41,0.38,230.91,13.32,19.69,3.15,422.49,3.10,62.50,0.00,3.53,6.62,7.37,0.00,0.00,1,13.91,23.21,32.25,1,-13,2,-1,0,STAT,60,LAT,LON,W,CRC
11/30/25 07:07:41,0.38,229.10,14.55,19.09,3.39,422.17,3.10,62.20,0.00,2.93,5.73,6.15,0.00,0.00,1,13.87,6.55,29.83,1,-12,1,0,-1,STAT,60,LAT,LON,W,CRC
11/30/25 07:08:41,0.38,244.67,14.97,22.03,1.80,421.48,3.10,62.10,0.00,2.42,5.63,5.89,0.00,0.00,1,14.12,151.62,27.16,1,-8,2,0,0,STAT,60,LAT,LON,W,CRC
11/30/25 07:09:41,0.37,240.95,15.33,21.40,2.45,420.87,3.10,62.30,0.00,3.00,5.20,5.28,0.00,0.00,1,13.95,42.82,26.57,1,-14,1,0,0,STAT,60,LAT,LON,W,CRC
11/30/25 07:10:49,0.37,207.98,15.03,19.70,4.34,419.54,3.10,62.20,0.00,1.99,3.96,4.10,0.00,0.00,1,13.84,10.88,38.92,1,-13,1,0,0,STAT,60,LAT,LON,W,CRC
11/30/25 07:11:39,0.37,191.30,13.90,19.80,4.51,418.02,3.20,62.00,0.00,1.91,4.34,4.72,0.00,0.00,1,14.05,76.52,34.55,1,-12,1,0,0,STAT,60,LAT,LON,W,CRC
11/30/25 07:12:39,0.37,192.71,16.08,18.45,4.56,416.71,3.20,61.90,0.00,2.07,4.71,4.84,0.00,0.00,1,13.95,21.61,29.56,1,-14,0,0,0,STAT,60,LAT,LON,W,CRC
11/30/25 07:13:40,0.37,191.38,14.95,17.79,6.62,416.25,3.20,62.00,0.00,1.96,4.29,4.47,0.00,0.00,1,13.87,6.10,29.71,1,-13,1,0,0,STAT,60,LAT,LON,W,CRC
11/30/25 07:14:40,0.37,189.28,14.26,16.52,6.75,415.82,3.10,62.10,0.00,2.54,4.58,4.83,0.00,0.00,1,14.09,57.21,32.13,1,-12,1,0,0,STAT,60,LAT,LON,W,CRC
11/30/25 07:15:40,0.37,185.50,13.49,16.78,5.25,415.82,3.10,61.90,0.00,2.33,4.55,4.63,0.00,0.00,1,13.95,27.09,26.60,1,-14,2,0,0,STAT,60,LAT,LON,W,CRC
11/30/25 07:16:40,0.36,180.92,14.18,17.64,3.76,415.45,3.10,62.00,0.00,1.72,3.70,3.73,0.00,0.00,1,13.87,7.65,31.93,1,-14,1,0,0,STAT,60,LAT,LON,W,CRC
11/30/25 07:17:41,0.36,169.89,13.08,17.39,6.10,414.70,3.10,61.90,0.00,1.87,4.03,4.04,0.00,0.00,1,14.12,205.81,27.25,1,-12,2,0,0,STAT,60,LAT,LON,W,CRC
11/30/25 07:18:41,0.36,162.25,13.27,17.74,6.33,413.47,3.10,61.80,0.00,1.81,4.13,4.32,0.00,0.00,1,13.95,58.13,25.89,1,-16,2,0,0,STAT,60,LAT,LON,W,CRC
11/30/25 07:19:41,0.36,154.78,13.77,14.78,7.71,412.23,3.10,61.90,0.00,1.81,4.12,4.60,0.00,0.00,1,13.87,16.42,28.19,1,-12,1,-1,0,STAT,60,LAT,LON,W,CRC
11/30/25 07:20:41,0.36,153.93,12.77,15.59,8.73,410.82,3.10,61.60,0.00,1.25,2.69,3.01,0.00,0.00,1,14.09,59.15,30.11,1,-12,2,0,0,STAT,60,LAT,LON,W,CRC
11/30/25 07:21:43,0.35,155.59,13.88,15.58,8.23,409.64,3.10,61.60,0.00,1.69,3.61,3.72,0.00,0.00,1,13.91,27.23,33.33,1,-14,1,0,0,STAT,60,LAT,LON,W,CRC
11/30/25 07:22:43,0.36,158.30,13.49,17.04,7.62,409.68,3.10,61.80,0.00,2.04,4.12,4.15,0.00,0.00,1,13.87,7.69,28.27,1,-14,2,0,0,STAT,60,LAT,LON,W,CRC
11/30/25 07:23:43,0.36,157.01,15.10,16.83,7.75,409.89,3.10,61.60,0.00,2.01,4.55,4.56,0.00,0.00,1,14.12,111.17,27.52,1,-10,1,0,0,STAT,60,LAT,LON,W,CRC
11/30/25 07:24:43,0.36,157.82,14.50,16.78,7.47,409.42,3.10,61.60,0.00,1.68,3.88,3.89,0.00,0.00,1,13.95,40.10,29.18,1,-13,1,0,0,STAT,60,LAT,LON,W,CRC
11/30/25 07:25:43,0.35,159.91,14.55,16.34,6.96,408.57,3.00,61.60,0.00,1.86,3.24,3.58,0.00,0.00,1,13.87,11.33,29.89,1,-13,0,0,0,STAT,60,LAT,LON,W,CRC
11/30/25 07:26:45,0.35,163.91,13.91,18.19,5.25,409.52,3.00,61.80,0.00,1.82,3.43,3.69,0.00,0.00,1,14.12,129.48,34.51,1,-8,1,0,0,STAT,60,LAT,LON,W,CRC
11/30/25 07:27:45,0.32,158.43,13.68,14.89,7.59,411.06,3.00,62.10,0.00,1.53,2.96,3.04,0.00,0.00,1,13.95,36.57,30.94,1,-11,1,-1,0,STAT,60,LAT,LON,W,CRC
11/30/25 07:28:45,0.29,157.30,13.49,18.53,3.97,411.67,3.00,62.30,0.00,1.32,2.71,3.10,0.00,0.00,1,13.87,10.33,27.53,1,-13,2,0,0,STAT,60,LAT,LON,W,CRC
11/30/25 07:29:45,0.28,181.53,13.91,16.94,6.11,412.18,3.00,62.20,0.00,1.45,3.07,3.44,0.00,0.00,1,14.12,130.43,25.97,1,-10,3,0,1,STAT,60,LAT,LON,W,CRC
11/30/25 07:30:45,0.27,186.18,14.08,17.05,4.78,412.71,3.00,62.20,0.00,1.77,3.41,3.53,0.00,0.00,1,13.95,46.25,28.46,1,-14,1,0,0,STAT,60,LAT,LON,W,CRC
11/30/25 07:31:40,0.27,186.68,13.01,18.02,4.50,412.89,3.00,62.30,0.00,1.61,3.87,3.90,0.00,0.00,1,13.87,14.51,27.96,1,-13,2,0,0,STAT,60,LAT,LON,W,CRC
11/30/25 07:32:42,0.26,182.43,13.30,18.02,4.04,412.96,3.00,62.20,0.00,1.59,3.67,3.77,0.00,0.00,1,14.02,71.75,32.74,1,-12,2,0,0,STAT,60,LAT,LON,W,CRC
11/30/25 07:33:42,0.26,174.81,14.83,17.83,2.88,412.99,3.00,62.30,0.00,1.29,3.10,3.71,0.00,0.00,1,13.91,20.26,28.48,1,-12,0,0,0,STAT,60,LAT,LON,W,CRC
11/30/25 07:34:43,0.27,165.72,15.11,16.84,6.00,413.00,3.00,62.20,0.00,1.32,2.79,2.98,0.00,0.00,1,13.87,5.72,29.74,1,-12,0,0,0,STAT,60,LAT,LON,W,CRC
11/30/25 07:35:43,0.26,160.02,12.74,16.96,5.51,413.00,3.00,62.40,0.00,1.35,3.34,3.40,0.00,0.00,1,14.05,143.60,26.51,1,-13,3,0,1,STAT,60,LAT,LON,W,CRC
11/30/25 07:36:43,0.26,156.99,12.59,17.17,4.20,413.00,3.00,62.50,0.00,1.36,3.22,3.52,0.00,0.00,1,13.95,40.56,26.79,1,-15,2,0,0,STAT,60,LAT,LON,W,CRC
11/30/25 07:37:41,0.26,159.66,12.78,16.32,5.47,413.00,3.00,62.50,0.00,1.42,3.70,3.84,0.00,0.00,1,13.84,12.73,42.78,1,-13,1,0,0,STAT,60,LAT,LON,W,CRC
11/30/25 07:38:42,0.25,160.24,11.81,17.97,5.01,413.00,3.00,62.50,0.00,1.14,3.45,3.67,0.00,0.00,1,14.02,134.09,31.32,1,-14,3,1,1,STAT,60,LAT,LON,W,CRC
11/30/25 07:39:42,0.25,160.12,11.37,17.74,4.88,413.22,3.00,62.70,0.00,1.38,2.97,3.04,0.00,0.00,1,13.91,37.87,26.83,1,-13,2,0,0,STAT,60,LAT,LON,W,CRC
11/30/25 07:40:42,0.25,158.87,14.17,16.09,4.37,413.72,3.00,62.80,0.00,1.76,3.51,3.55,0.00,0.00,1,13.87,10.70,29.08,1,-12,0,0,0,STAT,60,LAT,LON,W,CRC
11/30/25 07:41:42,0.25,161.42,14.95,16.93,4.08,413.90,3.00,62.70,0.00,1.60,3.59,3.60,0.00,0.00,1,14.12,142.88,26.18,1,-11,0,0,0,STAT,60,LAT,LON,W,CRC
11/30/25 07:42:45,0.25,162.39,14.46,18.20,3.21,413.92,3.00,62.80,0.00,1.47,3.50,3.50,0.00,0.00,1,13.91,40.35,39.68,1,-15,1,0,0,STAT,60,LAT,LON,W,CRC
11/30/25 07:43:45,0.24,164.59,14.84,17.31,3.70,413.97,3.00,62.80,0.00,1.30,2.78,3.06,0.00,0.00,1,13.84,11.40,31.50,1,-16,0,0,0,STAT,60,LAT,LON,W,CRC
11/30/25 07:44:45,0.24,163.24,15.68,17.01,4.46,414.15,3.00,62.90,0.00,1.29,2.40,2.84,0.00,0.00,1,14.02,102.61,31.53,1,-12,0,0,0,STAT,60,LAT,LON,W,CRC
11/30/25 07:45:45,0.24,163.62,14.06,17.69,4.23,414.70,3.00,62.80,0.00,1.34,3.10,3.24,0.00,0.00,1,13.91,28.98,27.30,1,-16,1,0,0,STAT,60,LAT,LON,W,CRC
11/30/25 07:46:45,0.24,173.97,13.83,18.49,3.88,415.54,3.00,62.80,0.00,1.24,2.68,2.73,0.00,0.00,1,13.87,8.18,25.76,1,-14,1,0,0,STAT,60,LAT,LON,W,CRC
11/30/25 07:47:52,0.24,179.01,13.93,18.03,5.38,415.73,3.00,62.70,0.00,1.40,3.07,3.08,0.00,0.00,1,14.02,102.98,32.96,1,-11,1,0,0,STAT,60,LAT,LON,W,CRC
11/30/25 07:48:47,0.24,176.32,14.29,19.32,4.11,416.19,3.00,62.70,0.00,1.57,3.49,3.50,0.00,0.00,1,13.91,32.32,29.60,1,-14,1,0,0,STAT,60,LAT,LON,W,CRC
11/30/25 07:49:47,0.24,176.53,14.86,17.39,4.49,416.71,3.00,62.70,0.00,1.37,2.62,2.63,0.00,0.00,1,13.87,9.13,26.91,1,-14,1,-1,0,STAT,60,LAT,LON,W,CRC
11/30/25 07:50:47,0.22,176.50,15.30,19.58,4.26,416.90,3.00,62.70,0.00,1.60,3.81,4.08,0.00,0.00,1,14.12,150.40,26.17,1,-8,1,1,1,STAT,60,LAT,LON,W,CRC
11/30/25 07:51:47,0.22,176.84,13.32,19.10,4.12,416.96,3.00,62.70,0.00,1.81,4.10,4.33,0.00,0.00,1,13.95,42.48,26.66,1,-13,3,0,0,STAT,60,LAT,LON,W,CRC
11/30/25 07:52:47,0.21,183.98,12.73,19.06,2.83,416.99,3.00,62.50,0.00,2.06,4.30,4.52,0.00,0.00,1,13.87,12.00,26.87,1,-13,2,0,0,STAT,60,LAT,LON,W,CRC
11/30/25 07:53:47,0.21,200.24,15.78,18.75,4.54,416.95,3.00,62.40,0.00,1.92,4.40,4.48,0.00,0.00,1,13.98,81.78,34.51,1,-12,0,0,0,STAT,60,LAT,LON,W,CRC
11/30/25 07:54:47,0.20,202.86,14.46,19.90,3.69,416.98,3.00,62.50,0.00,1.80,4.30,4.33,0.00,0.00,1,13.91,23.10,28.95,1,-12,0,0,0,STAT,60,LAT,LON,W,CRC
11/30/25 07:55:43,0.20,196.76,14.86,18.99,3.66,416.80,3.00,62.50,0.00,1.76,4.00,4.01,0.00,0.00,1,13.87,7.25,28.48,1,-13,0,0,0,STAT,60,LAT,LON,W,CRC
11/30/25 07:56:43,0.19,189.45,14.50,16.82,5.40,416.28,3.00,62.40,0.00,1.73,3.55,3.55,0.00,0.00,1,14.05,131.66,27.08,1,-10,0,-1,0,STAT,60,LAT,LON,W,CRC
11/30/25 07:57:43,0.19,176.83,13.67,18.49,4.23,416.10,3.00,62.40,0.00,1.90,3.31,3.72,0.00,0.00,1,13.91,37.18,27.15,1,-11,1,0,0,STAT,60,LAT,LON,W,CRC
11/30/25 07:58:46,0.19,174.20,14.06,17.87,4.25,416.03,3.00,62.50,0.00,2.14,3.84,4.40,0.00,0.00,1,13.84,10.50,36.34,1,-13,1,0,0,STAT,60,LAT,LON,W,CRC
11/30/25 07:59:46,0.19,173.47,15.73,17.45,4.83,416.01,3.00,62.60,0.00,2.18,3.53,3.78,0.00,0.00,1,13.98,55.50,29.75,1,-12,0,-1,0,STAT,60,LAT,LON,W,CRC
11/30/25 08:00:46,0.18,170.01,14.62,15.71,5.50,415.65,3.00,62.60,0.00,1.49,3.26,3.34,0.00,0.00,1,13.91,15.67,25.12,1,-14,1,-1,0,STAT,60,LAT,LON,W,CRC
11/30/25 08:01:46,0.17,163.10,16.06,16.44,5.99,414.88,3.00,62.40,0.00,1.24,2.71,3.26,0.00,0.00,1,13.84,4.43,26.04,1,-13,0,-1,0,STAT,60,LAT,LON,W,CRC
11/30/25 08:02:46,0.17,159.05,15.07,17.88,4.35,413.69,3.00,62.30,0.00,1.21,3.03,3.21,0.00,0.00,1,14.02,53.48,26.82,1,-14,0,0,0,STAT,60,LAT,LON,W,CRC
11/30/25 08:03:48,0.16,155.41,14.02,17.19,4.84,412.60,3.00,62.40,0.00,1.59,3.08,3.14,0.00,0.00,1,13.91,15.11,33.37,1,-13,0,0,0,STAT,60,LAT,LON,W,CRC
11/30/25 08:04:48,0.16,151.08,13.89,17.90,4.68,411.65,3.00,62.30,0.00,1.69,2.74,2.76,0.00,0.00,1,13.84,4.27,28.16,1,-12,1,0,0,STAT,60,LAT,LON,W,CRC
11/30/25 08:05:48,0.16,146.40,13.16,20.18,2.47,411.30,3.00,62.30,0.00,1.47,2.73,2.74,0.00,0.00,1,13.98,93.51,27.50,1,-14,1,1,0,STAT,60,LAT,LON,W,CRC
11/30/25 08:06:48,0.16,144.73,14.68,18.42,3.42,410.88,3.00,62.30,0.00,1.32,2.12,2.12,0.00,0.00,1,13.91,26.41,29.07,1,-12,1,0,0,STAT,60,LAT,LON,W,CRC
11/30/25 08:07:48,0.16,148.95,13.68,16.71,5.38,410.31,3.00,62.30,0.00,1.53,2.78,2.78,0.00,0.00,1,13.84,7.46,30.48,1,-13,1,0,0,STAT,60,LAT,LON,W,CRC
11/30/25 08:08:48,0.16,149.35,14.06,16.20,5.65,410.11,3.00,62.30,0.00,1.31,2.73,2.73,0.00,0.00,1,13.98,56.20,27.72,1,-10,1,0,0,STAT,60,LAT,LON,W,CRC
11/30/25 08:09:48,0.16,155.08,14.31,15.80,5.24,410.04,3.00,62.20,0.00,1.32,3.08,3.08,0.00,0.00,1,13.91,17.64,32.78,1,-14,1,0,0,STAT,60,LAT,LON,W,CRC
11/30/25 08:10:48,0.16,157.35,14.32,15.83,6.22,410.01,3.00,62.20,0.00,1.43,3.78,3.82,0.00,0.00,1,13.84,4.98,27.74,1,-13,1,0,0,STAT,60,LAT,LON,W,CRC
11/30/25 08:11:48,0.16,153.69,12.79,15.96,7.40,409.49,3.00,62.20,0.00,1.20,3.31,3.33,0.00,0.00,1,13.98,68.41,26.10,1,-12,2,0,0,STAT,60,LAT,LON,W,CRC
11/30/25 08:12:48,0.16,152.48,11.90,15.68,7.21,409.17,3.00,62.20,0.00,1.16,3.25,3.25,0.00,0.00,1,13.91,19.32,27.64,1,-12,2,0,0,STAT,60,LAT,LON,W,CRC
11/30/25 08:13:49,0.16,145.66,12.37,15.83,6.90,409.06,3.00,62.20,0.00,1.19,3.19,3.59,0.00,0.00,1,13.84,5.46,28.19,1,-13,3,0,0,STAT,60,LAT,LON,W,CRC
11/30/25 08:14:47,0.16,145.26,12.81,14.87,6.16,408.91,3.00,62.30,0.00,1.28,3.13,3.46,0.00,0.00,1,13.98,60.97,37.20,1,-13,2,-1,0,STAT,60,LAT,LON,W,CRC
11/30/25 08:15:47,0.16,145.02,14.75,15.82,5.58,408.32,3.00,62.30,0.00,1.26,2.47,2.58,0.00,0.00,1,13.91,17.22,26.22,1,-16,0,0,0,STAT,60,LAT,LON,W,CRC
11/30/25 08:16:47,0.16,145.49,13.42,14.85,8.11,408.11,3.00,62.20,0.00,1.28,2.10,2.13,0.00,0.00,1,13.84,4.86,28.98,1,-14,1,0,0,STAT,60,LAT,LON,W,CRC
11/30/25 08:17:48,0.16,141.83,14.58,15.73,6.72,408.04,3.00,62.40,0.00,1.25,2.24,2.25,0.00,0.00,1,13.98,52.29,26.85,1,-13,0,0,0,STAT,60,LAT,LON,W,CRC
11/30/25 08:18:48,0.16,139.61,14.28,16.55,5.16,408.14,3.00,62.60,0.00,1.08,2.21,2.35,0.00,0.00,1,13.91,14.77,29.43,1,-14,0,0,0,STAT,60,LAT,LON,W,CRC
11/30/25 08:19:47,0.16,137.12,12.50,16.89,4.18,408.05,3.00,62.70,0.00,1.06,1.95,2.66,0.00,0.00,1,13.80,4.63,36.08,1,-14,3,0,0,STAT,60,LAT,LON,W,CRC
11/30/25 08:20:47,0.16,135.06,14.41,16.46,5.12,408.07,3.00,62.70,0.00,1.35,2.87,3.09,0.00,0.00,1,13.95,62.54,29.50,1,-16,1,0,0,STAT,60,LAT,LON,W,CRC
11/30/25 08:21:47,0.16,132.19,14.67,16.03,5.76,408.53,3.00,62.70,0.00,1.14,2.52,2.59,0.00,0.00,1,13.87,17.66,27.48,1,-16,0,0,0,STAT,60,LAT,LON,W,CRC
11/30/25 08:22:47,0.16,129.61,14.78,13.39,7.31,408.34,3.00,62.40,0.00,1.05,1.91,1.93,0.00,0.00,1,13.84,4.99,30.87,1,-16,0,-1,0,STAT,60,LAT,LON,W,CRC
11/30/25 08:23:47,0.16,125.81,13.65,13.58,7.85,408.12,3.00,62.30,0.00,1.14,1.97,2.10,0.00,0.00,1,13.98,42.08,29.43,1,-13,1,-1,0,STAT,60,LAT,LON,W,CRC
11/30/25 08:24:47,0.16,125.95,14.10,15.36,5.45,408.04,3.00,62.40,0.00,1.55,2.69,3.01,0.00,0.00,1,13.91,11.88,25.62,1,-15,1,0,0,STAT,60,LAT,LON,W,CRC
11/30/25 08:25:48,0.16,126.42,13.42,15.38,6.76,408.01,3.00,62.50,0.00,1.51,3.87,3.98,0.00,0.00,1,13.84,3.36,29.19,1,-13,1,0,0,STAT,60,LAT,LON,W,CRC
11/30/25 08:26:48,0.16,127.74,13.61,15.21,7.35,408.01,3.00,62.30,0.00,1.14,2.75,2.97,0.00,0.00,1,13.95,56.82,27.65,1,-13,1,0,0,STAT,60,LAT,LON,W,CRC
11/30/25 08:27:48,0.16,124.41,12.93,15.72,6.13,407.50,3.00,62.40,0.00,1.08,2.13,2.41,0.00,0.00,1,13.87,16.05,25.43,1,-13,2,0,0,STAT,60,LAT,LON,W,CRC
11/30/25 08:28:48,0.16,126.75,14.66,15.19,7.17,407.18,3.00,62.20,0.00,1.03,1.89,1.98,0.00,0.00,1,13.84,4.53,27.93,1,-13,1,0,0,STAT,60,LAT,LON,W,CRC
11/30/25 08:29:48,0.16,128.14,12.39,14.60,7.30,407.06,3.00,62.30,0.00,0.97,2.10,2.13,0.00,0.00,1,13.95,37.65,27.46,1,-16,1,-1,0,STAT,60,LAT,LON,W,CRC
11/30/25 08:30:48,0.16,125.78,14.29,14.29,6.82,407.57,3.00,62.50,0.00,0.94,2.18,2.19,0.00,0.00,1,13.87,11.81,28.08,1,-13,0,-1,0,STAT,60,LAT,LON,W,CRC
11/30/25 08:31:48,0.16,130.30,13.06,14.35,6.10,407.76,3.00,62.30,0.00,1.13,2.76,2.77,0.00,0.00,1,13.84,3.34,28.35,1,-14,2,0,0,STAT,60,LAT,LON,W,CRC
11/30/25 08:32:48,0.16,132.39,11.96,14.07,6.98,407.89,3.00,62.30,0.00,0.89,2.19,2.49,0.00,0.00,1,13.95,30.79,28.84,1,-15,3,-1,0,STAT,60,LAT,LON,W,CRC
11/30/25 08:33:48,0.16,131.08,13.59,13.85,6.50,408.42,3.00,62.60,0.00,0.60,1.46,1.57,0.00,0.00,1,13.87,8.70,27.39,1,-14,1,0,0,STAT,60,LAT,LON,W,CRC
11/30/25 08:34:49,0.16,127.61,12.54,15.25,4.92,408.79,3.00,62.70,0.00,0.55,1.44,1.48,0.00,0.00,1,13.84,2.46,26.30,1,-13,2,0,0,STAT,60,LAT,LON,W,CRC
11/30/25 08:35:47,0.16,123.28,13.39,16.69,5.70,408.50,3.00,62.40,0.00,1.00,2.47,2.49,0.00,0.00,1,13.95,71.01,37.50,1,-13,1,1,1,STAT,60,LAT,LON,W,CRC
11/30/25 08:36:47,0.16,122.69,14.64,15.65,4.62,408.83,3.00,62.60,0.00,1.01,2.77,3.13,0.00,0.00,1,13.87,20.06,31.85,1,-11,1,0,0,STAT,60,LAT,LON,W,CRC
11/30/25 08:37:47,0.16,123.90,15.50,14.05,7.71,409.47,3.00,62.70,0.00,0.91,1.96,2.20,0.00,0.00,1,14.09,177.21,29.77,1,-13,0,0,2,STAT,60,LAT,LON,W,CRC
11/30/25 08:38:47,0.15,122.58,14.20,14.31,7.84,409.93,3.00,62.80,0.00,0.91,2.27,2.35,0.00,0.00,1,13.95,60.48,30.50,1,-13,1,0,0,STAT,60,LAT,LON,W,CRC
11/30/25 08:39:48,0.15,123.69,15.48,14.38,6.70,409.97,3.00,62.60,0.00,0.97,2.00,2.03,0.00,0.00,1,13.87,17.08,28.16,1,-13,0,0,0,STAT,60,LAT,LON,W,CRC
11/30/25 08:40:54,0.15,124.99,14.43,16.81,5.44,409.99,3.00,62.60,0.00,1.11,2.39,2.75,0.00,0.00,1,14.12,116.86,34.20,1,-8,0,0,0,STAT,60,LAT,LON,W,CRC
11/30/25 08:41:49,0.15,122.66,13.69,14.79,7.74,410.00,3.00,62.50,0.00,1.33,3.08,3.21,0.00,0.00,1,13.95,46.46,28.98,1,-12,1,0,0,STAT,60,LAT,LON,W,CRC
11/30/25 08:42:49,0.15,125.32,13.66,15.82,6.38,410.00,3.00,62.50,0.00,1.14,3.06,3.10,0.00,0.00,1,13.87,13.12,27.94,1,-12,2,0,0,STAT,60,LAT,LON,W,CRC
11/30/25 08:43:49,0.16,126.66,14.39,14.92,7.18,410.00,3.00,62.30,0.00,1.32,2.23,2.24,0.00,0.00,1,13.84,3.71,28.45,1,-13,1,0,0,STAT,60,LAT,LON,W,CRC
11/30/25 08:44:50,0.16,122.46,14.63,15.49,6.56,409.59,3.00,62.30,0.00,0.84,1.99,1.99,0.00,0.00,1,13.95,56.07,28.68,1,-12,0,0,0,STAT,60,LAT,LON,W,CRC
11/30/25 08:45:50,0.16,123.72,14.15,17.02,4.77,409.21,3.00,62.50,0.00,0.95,1.68,1.69,0.00,0.00,1,13.87,15.84,33.14,1,-13,1,0,0,STAT,60,LAT,LON,W,CRC
11/30/25 08:46:49,0.16,128.23,13.44,15.63,6.55,409.70,2.90,62.50,0.00,0.96,1.89,1.89,0.00,0.00,1,14.12,96.00,37.67,1,-10,1,0,0,STAT,60,LAT,LON,W,CRC
11/30/25 08:47:50,0.15,127.86,15.09,14.58,8.26,409.49,2.90,62.50,0.00,0.99,2.50,2.62,0.00,0.00,1,13.95,27.11,29.84,1,-12,0,0,0,STAT,60,LAT,LON,W,CRC
11/30/25 08:48:50,0.16,117.95,14.15,17.10,5.78,408.72,2.90,62.10,0.00,1.00,2.23,2.27,0.00,0.00,1,13.87,7.66,30.00,1,-10,1,0,0,STAT,60,LAT,LON,W,CRC
11/30/25 08:49:50,0.15,123.12,14.72,16.22,6.06,407.87,2.90,62.20,0.00,0.93,1.62,1.86,0.00,0.00,1,14.09,56.68,31.16,1,-10,0,0,0,STAT,60,LAT,LON,W,CRC
11/30/25 08:50:50,0.15,118.48,12.90,15.20,6.82,407.31,2.90,62.40,0.00,0.98,1.46,1.56,0.00,0.00,1,13.95,26.74,27.69,1,-13,1,0,0,STAT,60,LAT,LON,W,CRC
11/30/25 08:51:51,0.15,122.75,13.69,14.92,6.58,407.11,2.90,62.60,0.00,1.10,1.62,1.66,0.00,0.00,1,13.84,7.55,33.79,1,-13,0,0,0,STAT,60,LAT,LON,W,CRC
11/30/25 08:52:51,0.15,124.33,13.97,18.52,3.83,406.97,2.90,62.80,0.00,1.03,1.44,1.46,0.00,0.00,1,14.05,161.51,27.48,1,-12,0,0,1,STAT,60,LAT,LON,W,CRC
11/30/25 08:53:51,0.15,123.41,14.29,16.02,5.93,407.15,2.90,62.80,0.00,0.83,1.99,2.00,0.00,0.00,1,13.95,45.61,26.63,1,-15,1,0,0,STAT,60,LAT,LON,W,CRC
11/30/25 08:54:51,0.14,126.60,14.34,15.96,6.40,407.70,2.90,62.80,0.00,1.01,1.87,2.10,0.00,0.00,1,13.87,12.88,26.47,1,-14,0,0,0,STAT,60,LAT,LON,W,CRC
11/30/25 08:55:51,0.14,127.84,14.30,16.09,6.46,407.89,2.90,62.80,0.00,1.38,2.59,2.92,0.00,0.00,1,14.12,95.57,29.30,1,-12,0,0,0,STAT,60,LAT,LON,W,CRC
11/30/25 08:56:51,0.14,126.69,13.19,13.91,7.17,407.96,2.90,62.80,0.00,1.14,2.43,2.54,0.00,0.00,1,13.91,29.99,34.26,1,-14,1,0,0,STAT,60,LAT,LON,W,CRC
11/30/25 08:57:51,0.14,124.88,14.89,14.03,6.13,407.99,2.90,62.90,0.00,1.04,1.55,1.58,0.00,0.00,1,13.84,8.47,29.29,1,-13,0,0,0,STAT,60,LAT,LON,W,CRC
11/30/25 08:58:51,0.14,123.57,13.68,13.69,6.80,407.70,2.90,62.90,0.00,0.60,1.70,1.71,0.00,0.00,1,14.02,121.47,27.66,1,-9,2,0,0,STAT,60,LAT,LON,W,CRC
11/30/25 08:59:51,0.14,125.97,13.96,14.45,6.40,407.25,2.90,62.60,0.00,0.83,1.67,1.98,0.00,0.00,1,13.91,34.31,26.04,1,-12,2,0,0,STAT,60,LAT,LON,W,CRC
11/30/25 09:00:51,0.14,120.12,15.30,15.30,6.17,407.09,2.90,62.80,0.00,1.04,1.94,2.04,0.00,0.00,1,13.87,9.69,26.32,1,-14,0,0,0,STAT,60,LAT,LON,W,CRC
11/30/25 09:01:52,0.14,122.06,16.59,14.07,6.27,407.39,2.90,62.80,0.00,0.94,1.94,2.29,0.00,0.00,1,14.05,117.70,27.36,1,-12,0,0,0,STAT,60,LAT,LON,W,CRC
11/30/25 09:02:49,0.14,121.35,15.38,14.58,5.73,407.76,2.90,62.90,0.00,0.83,1.97,2.10,0.00,0.00,1,13.91,36.93,33.32,1,-11,0,0,0,STAT,60,LAT,LON,W,CRC
11/30/25 09:03:50,0.14,120.70,14.62,14.82,5.81,407.92,2.90,62.80,0.00,0.97,1.88,1.92,0.00,0.00,1,13.84,10.43,29.55,1,-12,1,0,0,STAT,60,LAT,LON,W,CRC
11/30/25 09:04:50,0.14,122.50,15.40,14.50,6.12,407.97,2.90,62.90,0.00,0.92,1.77,1.91,0.00,0.00,1,14.02,90.30,26.83,1,-10,0,0,0,STAT,60,LAT,LON,W,CRC
11/30/25 09:05:50,0.14,125.15,13.54,18.05,2.93,407.99,2.90,63.00,0.00,0.98,1.81,2.58,0.00,0.00,1,13.91,25.50,26.78,1,-13,2,0,0,STAT,60,LAT,LON,W,CRC
11/30/25 09:06:50,0.14,132.23,16.18,18.10,3.66,408.26,2.90,62.90,0.00,0.99,1.41,1.66,0.00,0.00,1,13.84,7.20,29.70,1,-12,0,0,0,STAT,60,LAT,LON,W,CRC
11/30/25 09:07:50,0.13,147.06,15.54,17.68,2.91,408.72,2.90,62.80,0.00,1.47,2.65,2.95,0.00,0.00,1,13.98,43.63,34.24,1,-13,0,0,-1,STAT,60,LAT,LON,W,CRC
11/30/25 09:08:50,0.14,151.28,14.83,16.55,4.19,408.90,2.90,62.80,0.00,1.07,1.84,2.23,0.00,0.00,1,13.91,12.32,29.72,1,-12,0,0,0,STAT,60,LAT,LON,W,CRC
11/30/25 09:09:50,0.13,158.21,15.59,16.34,4.38,409.58,2.90,62.70,0.00,1.10,2.64,2.77,0.00,0.00,1,13.84,3.48,30.09,1,-11,0,-1,0,STAT,60,LAT,LON,W,CRC
11/30/25 09:10:50,0.13,154.17,14.71,17.40,5.49,409.85,2.90,62.50,0.00,1.03,1.89,1.93,0.00,0.00,1,13.98,98.71,27.90,1,-10,2,0,0,STAT,60,LAT,LON,W,CRC
11/30/25 09:11:50,0.13,148.12,15.17,17.00,5.80,409.95,2.90,62.20,0.00,1.01,1.69,1.70,0.00,0.00,1,13.91,27.88,26.19,1,-11,0,0,0,STAT,60,LAT,LON,W,CRC
11/30/25 09:12:52,0.13,142.04,14.72,16.49,5.96,409.98,2.90,62.10,0.00,0.94,1.65,1.84,0.00,0.00,1,13.84,7.87,36.55,1,-12,1,0,0,STAT,60,LAT,LON,W,CRC
11/30/25 09:13:52,0.13,138.70,16.53,15.73,6.70,409.93,2.90,62.20,0.00,1.01,1.86,1.93,0.00,0.00,1,13.95,36.24,30.18,1,-14,0,-1,0,STAT,60,LAT,LON,W,CRC
11/30/25 09:14:52,0.13,130.38,15.06,16.08,6.93,409.66,2.90,62.30,0.00,0.97,1.99,2.01,0.00,0.00,1,13.91,10.24,27.60,1,-12,0,0,0,STAT,60,LAT,LON,W,CRC
11/30/25 09:15:52,0.13,128.87,14.51,14.52,7.52,409.23,2.90,62.20,0.00,0.87,1.51,1.64,0.00,0.00,1,13.84,2.89,27.69,1,-11,0,-1,0,STAT,60,LAT,LON,W,CRC
11/30/25 09:16:52,0.13,126.56,12.02,13.78,7.93,409.08,2.90,62.30,0.00,0.93,1.64,1.68,0.00,0.00,1,13.98,45.39,27.67,1,-13,2,-1,0,STAT,60,LAT,LON,W,CRC
11/30/25 09:17:55,0.13,125.52,12.67,15.61,5.58,409.03,2.90,62.30,0.00,0.98,1.91,1.92,0.00,0.00,1,13.87,12.82,43.08,1,-14,1,0,0,STAT,60,LAT,LON,W,CRC
11/30/25 09:18:55,0.13,126.78,15.49,16.67,4.26,409.01,2.90,62.30,0.00,0.99,1.86,2.14,0.00,0.00,1,13.84,3.62,31.77,1,-12,0,0,0,STAT,60,LAT,LON,W,CRC
11/30/25 09:19:55,0.13,134.92,15.80,19.62,2.37,409.00,2.90,62.30,0.00,1.00,1.60,1.74,0.00,0.00,1,13.95,63.48,32.49,1,-11,1,0,0,STAT,60,LAT,LON,W,CRC
11/30/25 09:20:55,0.13,138.40,17.87,19.77,4.06,409.65,2.90,62.40,0.00,1.07,3.37,3.41,0.00,0.00,1,13.87,17.93,30.28,1,-13,0,0,0,STAT,60,LAT,LON,W,CRC
11/30/25 09:21:55,0.13,142.26,17.54,20.89,2.22,410.23,2.90,62.40,0.00,0.78,1.91,1.93,0.00,0.00,1,13.84,5.06,27.92,1,-11,0,0,0,STAT,60,LAT,LON,W,CRC
11/30/25 09:22:56,0.13,140.30,15.26,20.70,3.04,410.73,2.90,62.30,0.00,0.92,1.80,1.81,0.00,0.00,1,13.98,63.42,28.16,1,-11,1,0,0,STAT,60,LAT,LON,W,CRC
11/30/25 09:23:55,0.13,137.69,14.86,20.79,2.46,411.03,2.90,62.30,0.00,1.15,1.86,1.93,0.00,0.00,1,13.87,19.90,31.95,1,-12,3,0,0,STAT,60,LAT,LON,W,CRC
11/30/25 09:24:56,0.13,135.58,14.60,18.69,3.82,411.01,2.90,62.30,0.00,1.06,2.87,3.17,0.00,0.00,1,13.84,5.62,28.90,1,-10,2,0,0,STAT,60,LAT,LON,W,CRC
11/30/25 09:25:56,0.13,126.40,13.64,15.85,7.44,411.00,2.90,62.20,0.00,1.02,2.20,2.32,0.00,0.00,1,13.95,52.15,29.71,1,-11,2,-1,0,STAT,60,LAT,LON,W,CRC
11/30/25 09:26:56,0.13,119.81,13.33,15.26,7.52,410.65,2.90,62.30,0.00,0.92,2.40,2.54,0.00,0.00,1,13.87,14.73,29.01,1,-13,3,0,0,STAT,60,LAT,LON,W,CRC
11/30/25 09:27:56,0.11,119.88,13.67,17.91,4.89,409.73,2.90,62.20,0.00,0.82,1.68,1.72,0.00,0.00,1,13.84,4.16,27.39,1,-12,1,0,0,STAT,60,LAT,LON,W,CRC
11/30/25 09:28:53,0.09,125.61,14.20,17.54,5.36,409.28,2.90,62.20,0.00,1.09,2.28,2.30,0.00,0.00,1,13.95,57.44,39.09,1,-13,2,0,0,STAT,60,LAT,LON,W,CRC
11/30/25 09:29:54,0.08,140.81,15.14,17.64,4.35,409.45,2.90,62.30,0.00,0.86,1.65,1.68,0.00,0.00,1,13.87,16.22,31.22,1,-11,1,0,0,STAT,60,LAT,LON,W,CRC
11/30/25 09:30:54,0.06,229.98,14.41,18.05,4.52,409.81,2.90,62.30,0.00,0.78,1.72,1.73,0.00,0.00,1,14.12,116.84,29.25,1,-9,1,0,0,STAT,60,LAT,LON,W,CRC
11/30/25 09:31:54,0.05,189.09,13.20,17.14,4.69,409.93,2.90,62.20,0.00,0.93,1.56,1.56,0.00,0.00,1,13.95,41.70,29.09,1,-10,1,0,0,STAT,60,LAT,LON,W,CRC
11/30/25 09:32:54,0.05,156.26,12.12,16.76,6.67,410.33,2.80,62.10,0.00,0.91,1.62,1.62,0.00,0.00,1,13.87,11.78,29.52,1,-10,2,0,0,STAT,60,LAT,LON,W,CRC
11/30/25 09:33:56,0.05,149.13,14.28,17.40,5.44,410.15,2.90,62.20,0.00,1.22,1.96,1.96,0.00,0.00,1,14.12,127.84,30.18,1,-8,1,0,0,STAT,60,LAT,LON,W,CRC
11/30/25 09:34:56,0.05,168.29,14.36,15.92,6.30,410.21,2.80,62.20,0.00,1.05,1.67,1.67,0.00,0.00,1,13.91,36.11,30.42,1,-11,1,-1,0,STAT,60,LAT,LON,W,CRC
11/30/25 09:35:56,0.05,194.47,14.63,17.53,5.06,410.72,2.80,62.30,0.00,1.14,1.90,1.90,0.00,0.00,1,13.87,10.20,27.47,1,-10,1,0,0,STAT,60,LAT,LON,W,CRC
11/30/25 09:36:56,0.05,221.85,15.31,17.60,4.50,411.37,2.90,62.40,0.00,1.02,1.93,2.11,0.00,0.00,1,14.12,101.11,26.15,1,-9,0,0,0,STAT,60,LAT,LON,W,CRC
11/30/25 09:37:56,0.04,223.49,15.55,17.28,4.40,411.78,2.80,62.70,0.00,1.04,2.31,2.55,0.00,0.00,1,13.95,36.75,26.18,1,-12,0,-1,0,STAT,60,LAT,LON,W,CRC
11/30/25 09:38:57,0.04,198.68,15.24,17.13,5.85,411.92,2.80,62.80,0.00,1.12,2.66,2.74,0.00,0.00,1,13.87,10.38,30.83,1,-12,1,0,0,STAT,60,LAT,LON,W,CRC
11/30/25 09:39:56,0.04,179.88,15.50,17.37,4.62,412.13,2.80,62.80,0.00,1.01,1.98,2.01,0.00,0.00,1,14.02,64.82,30.95,1,-12,0,0,0,STAT,60,LAT,LON,W,CRC
11/30/25 09:40:56,0.04,158.75,13.67,16.32,6.98,412.69,2.80,62.70,0.00,0.95,1.89,1.90,0.00,0.00,1,13.91,18.31,29.98,1,-12,1,0,0,STAT,60,LAT,LON,W,CRC
11/30/25 09:41:56,0.03,150.33,15.04,16.61,5.91,412.35,2.80,62.40,0.00,0.96,1.67,1.74,0.00,0.00,1,13.84,5.17,28.42,1,-10,0,0,0,STAT,60,LAT,LON,W,CRC
11/30/25 09:42:57,0.04,143.85,14.25,18.01,4.97,412.23,2.80,62.40,0.00,0.99,2.53,2.83,0.00,0.00,1,14.02,124.96,25.74,1,-10,2,0,1,STAT,60,LAT,LON,W,CRC
11/30/25 09:43:57,0.03,142.92,14.23,18.11,3.82,412.08,2.80,62.40,0.00,1.00,2.08,2.18,0.00,0.00,1,13.91,35.29,26.69,1,-12,2,0,0,STAT,60,LAT,LON,W,CRC
11/30/25 09:44:56,0.03,141.32,14.66,18.07,3.31,411.66,2.80,62.50,0.00,1.00,2.23,2.27,0.00,0.00,1,13.84,11.08,28.37,1,-10,1,0,0,STAT,60,LAT,LON,W,CRC
11/30/25 09:45:56,0.03,143.31,14.28,15.83,7.72,411.23,2.80,62.50,0.00,1.15,2.12,2.13,0.00,0.00,1,14.02,61.29,27.06,1,-9,1,-1,0,STAT,60,LAT,LON,W,CRC
11/30/25 09:46:57,0.03,147.40,12.89,15.89,6.58,411.73,2.80,62.40,0.00,1.13,2.23,2.24,0.00,0.00,1,13.91,17.31,27.61,1,-12,2,-1,0,STAT,60,LAT,LON,W,CRC
11/30/25 09:47:57,0.03,147.16,14.05,17.26,5.07,411.90,2.80,62.40,0.00,1.08,2.47,2.47,0.00,0.00,1,13.84,4.89,28.76,1,-13,1,0,0,STAT,60,LAT,LON,W,CRC
11/30/25 09:48:57,0.02,143.40,14.64,18.42,2.66,411.97,2.80,62.50,0.00,1.03,2.88,2.88,0.00,0.00,1,14.02,100.86,31.15,1,-10,1,0,0,STAT,60,LAT,LON,W,CRC
11/30/25 09:49:56,0.02,142.22,15.16,18.04,2.94,411.99,2.80,62.60,0.00,1.06,2.35,2.35,0.00,0.00,1,13.91,31.65,33.60,1,-12,0,0,0,STAT,60,LAT,LON,W,CRC
11/30/25 09:50:56,0.02,144.21,14.96,19.10,1.58,412.00,2.80,62.40,0.00,1.02,2.72,3.05,0.00,0.00,1,13.84,8.94,29.57,1,-12,0,0,0,STAT,60,LAT,LON,W,CRC
11/30/25 09:51:56,0.02,146.76,14.80,18.74,3.72,412.00,2.80,62.50,0.00,1.28,2.67,2.78,0.00,0.00,1,13.98,93.22,27.47,1,-13,0,0,0,STAT,60,LAT,LON,W,CRC
11/30/25 09:52:56,0.02,149.60,15.67,18.29,3.78,412.58,2.80,62.60,0.00,1.27,2.35,2.93,0.00,0.00,1,13.91,26.33,26.86,1,-12,0,0,0,STAT,60,LAT,LON,W,CRC
11/30/25 09:53:56,0.02,156.76,14.83,17.95,2.09,412.85,2.80,62.60,0.00,1.03,2.18,2.36,0.00,0.00,1,13.84,7.44,28.26,1,-10,1,0,0,STAT,60,LAT,LON,W,CRC
11/30/25 09:54:59,0.01,162.68,13.63,17.49,4.50,412.95,2.80,62.60,0.00,1.01,1.82,2.06,0.00,0.00,1,13.95,91.40,34.64,1,-11,1,0,0,STAT,60,LAT,LON,W,CRC
11/30/25 09:55:59,0.02,164.70,13.33,18.25,3.57,412.98,2.80,62.50,0.00,1.17,1.99,2.87,0.00,0.00,1,13.91,25.81,33.16,1,-13,2,0,0,STAT,60,LAT,LON,W,CRC
11/30/25 09:56:59,0.02,176.79,13.70,17.28,4.07,412.99,2.70,62.40,0.00,1.20,2.00,3.32,0.00,0.00,1,13.84,7.29,30.00,1,-11,2,0,0,STAT,60,LAT,LON,W,CRC
11/30/25 09:57:59,0.00,182.20,13.32,17.31,4.10,413.43,2.80,62.40,0.00,1.06,2.59,3.01,0.00,0.00,1,13.95,67.36,29.15,1,-12,2,0,0,STAT,60,LAT,LON,W,CRC
11/30/25 09:58:59,-0.01,182.01,13.00,17.44,4.17,413.80,2.80,62.50,0.00,1.12,3.39,3.53,0.00,0.00,1,13.87,19.03,26.95,1,-10,2,0,0,STAT,60,LAT,LON,W,CRC
11/30/25 10:00:00,-0.03,176.58,12.67,16.86,3.44,413.93,2.80,62.60,0.00,1.11,2.58,2.62,0.00,0.00,1,13.84,5.37,24.75,1,-11,2,0,0,STAT,60,LAT,LON,W,CRC
11/30/25 10:00:59,-0.04,173.38,14.87,17.82,3.26,413.97,2.80,62.70,0.00,1.04,2.42,2.43,0.00,0.00,1,13.95,33.93,27.48,1,-11,0,0,0,STAT,60,LAT,LON,W,CRC
11/30/25 10:01:59,-0.06,168.32,13.56,18.49,2.30,413.99,2.80,62.80,0.00,1.05,2.58,2.84,0.00,0.00,1,13.87,9.58,28.07,1,-10,2,0,0,STAT,60,LAT,LON,W,CRC
11/30/25 10:03:00,-0.06,161.37,13.97,17.28,4.15,414.00,2.80,62.70,0.00,1.00,1.98,2.06,0.00,0.00,1,13.84,2.71,27.39,1,-11,1,0,0,STAT,60,LAT,LON,W,CRC
11/30/25 10:04:00,-0.06,161.10,14.63,18.61,2.94,414.00,2.80,62.70,0.00,0.90,2.66,2.69,0.00,0.00,1,13.98,70.95,29.26,1,-10,2,0,0,STAT,60,LAT,LON,W,CRC
11/30/25 10:05:00,-0.06,161.07,13.14,16.73,5.85,413.84,2.80,62.50,0.00,0.95,2.16,2.17,0.00,0.00,1,13.87,20.04,28.55,1,-12,2,0,0,STAT,60,LAT,LON,W,CRC
11/30/25 10:05:57,-0.06,158.78,13.85,17.76,3.51,413.32,2.80,62.50,0.00,0.84,1.69,1.70,0.00,0.00,1,14.12,148.66,31.03,1,-6,3,0,0,STAT,60,LAT,LON,W,CRC
11/30/25 10:06:58,-0.07,159.38,15.05,17.62,4.93,412.88,2.80,62.50,0.00,0.46,1.24,1.24,0.00,0.00,1,13.95,41.99,29.45,1,-12,1,0,0,STAT,60,LAT,LON,W,CRC
11/30/25 10:07:58,-0.07,154.96,14.03,18.12,5.84,412.31,2.80,62.50,0.00,0.73,1.63,1.63,0.00,0.00,1,13.87,11.86,26.74,1,-12,1,0,0,STAT,60,LAT,LON,W,CRC
11/30/25 10:08:58,-0.06,155.67,13.32,19.00,4.94,412.11,2.80,62.50,0.00,0.52,1.22,1.22,0.00,0.00,1,14.09,55.61,27.74,1,-10,1,0,0,STAT,60,LAT,LON,W,CRC
11/30/25 10:09:58,-0.07,156.04,14.50,18.50,4.72,412.04,2.80,62.50,0.00,0.28,1.03,1.03,0.00,0.00,1,13.95,26.03,31.61,1,-11,0,0,0,STAT,60,LAT,LON,W,CRC
11/30/25 10:11:00,-0.06,157.14,15.76,18.50,2.38,412.01,2.80,62.60,0.00,0.74,1.31,1.73,0.00,0.00,1,13.87,7.35,33.49,1,-13,0,0,0,STAT,60,LAT,LON,W,CRC
11/30/25 10:12:00,-0.07,150.45,14.75,15.72,4.18,411.31,2.80,62.50,0.00,0.96,1.56,1.70,0.00,0.00,1,14.09,82.12,28.32,1,-10,0,-1,0,STAT,60,LAT,LON,W,CRC
11/30/25 10:13:00,-0.06,144.26,13.85,16.43,4.67,410.68,2.80,62.40,0.00,0.99,1.80,1.85,0.00,0.00,1,13.91,23.19,28.72,1,-14,1,0,0,STAT,60,LAT,LON,W,CRC
11/30/25 10:14:00,-0.07,141.06,14.37,16.43,5.04,410.48,2.80,62.20,0.00,0.98,1.79,1.80,0.00,0.00,1,13.87,6.55,25.65,1,-13,1,0,0,STAT,60,LAT,LON,W,CRC
11/30/25 10:15:00,-0.06,140.55,14.26,14.37,8.54,410.13,2.80,62.10,0.00,0.60,1.33,1.34,0.00,0.00,1,14.12,92.88,28.35,1,-11,1,0,0,STAT,60,LAT,LON,W,CRC
11/30/25 10:16:01,-0.07,139.56,14.40,17.06,5.37,409.82,2.80,62.30,0.00,0.73,1.24,1.32,0.00,0.00,1,13.95,26.23,27.05,1,-12,1,0,0,STAT,60,LAT,LON,W,CRC
11/30/25 10:17:00,-0.06,137.52,14.04,18.24,4.04,409.35,2.80,62.30,0.00,0.58,1.86,1.96,0.00,0.00,1,13.84,8.23,29.48,1,-11,1,0,0,STAT,60,LAT,LON,W,CRC
11/30/25 10:18:00,-0.07,142.71,14.06,17.43,5.76,409.12,2.80,62.10,0.00,0.58,1.40,1.43,0.00,0.00,1,14.02,101.26,30.75,1,-11,2,0,0,STAT,60,LAT,LON,W,CRC
11/30/25 10:19:01,-0.07,147.87,13.93,18.37,5.37,409.45,2.80,62.10,0.00,0.81,1.73,1.86,0.00,0.00,1,13.91,28.60,29.09,1,-13,2,0,0,STAT,60,LAT,LON,W,CRC
11/30/25 10:20:01,-0.07,150.18,14.68,16.89,5.18,410.37,2.80,62.20,0.00,0.83,1.59,1.67,0.00,0.00,1,13.84,8.08,30.08,1,-12,1,0,0,STAT,60,LAT,LON,W,CRC
11/30/25 10:21:01,-0.07,147.43,14.71,16.38,5.63,411.43,2.80,62.20,0.00,0.53,1.22,1.26,0.00,0.00,1,14.05,75.78,26.83,1,-8,0,0,0,STAT,60,LAT,LON,W,CRC
11/30/25 10:21:59,-0.07,156.22,13.57,18.08,4.35,411.70,2.80,62.30,0.00,0.83,1.56,1.57,0.00,0.00,1,13.91,23.78,36.64,1,-12,1,0,0,STAT,60,LAT,LON,W,CRC
11/30/25 10:23:00,-0.07,158.49,14.39,18.17,5.16,411.89,2.80,62.60,0.00,0.84,1.54,1.55,0.00,0.00,1,13.84,6.72,31.19,1,-12,1,0,0,STAT,60,LAT,LON,W,CRC
11/30/25 10:24:00,-0.07,171.99,14.11,19.46,1.72,411.35,2.80,62.50,0.00,0.75,1.47,1.48,0.00,0.00,1,14.02,106.48,26.45,1,-10,1,1,0,STAT,60,LAT,LON,W,CRC
11/30/25 10:25:00,-0.08,174.95,15.00,18.19,1.86,411.12,2.80,62.50,0.00,0.35,1.15,1.15,0.00,0.00,1,13.91,30.07,26.83,1,-12,0,0,0,STAT,60,LAT,LON,W,CRC
11/30/25 10:26:00,-0.08,174.11,14.39,19.27,2.20,411.04,2.70,62.40,0.00,0.58,1.26,1.26,0.00,0.00,1,13.84,8.49,28.86,1,-10,2,0,0,STAT,60,LAT,LON,W,CRC
11/30/25 10:26:58,-0.08,162.09,15.21,18.41,4.38,411.19,2.70,62.20,0.00,0.83,2.18,2.18,0.00,0.00,1,13.98,71.91,44.20,1,-8,0,0,0,STAT,60,LAT,LON,W,CRC
11/30/25 10:27:58,-0.09,165.58,14.86,18.40,3.27,411.50,2.70,62.30,0.00,0.61,1.78,1.78,0.00,0.00,1,13.91,20.31,31.06,1,-11,1,0,0,STAT,60,LAT,LON,W,CRC
11/30/25 10:28:58,-0.09,159.37,13.63,18.59,3.05,411.48,2.70,62.30,0.00,0.70,1.41,1.54,0.00,0.00,1,13.84,5.74,29.13,1,-11,1,0,0,STAT,60,LAT,LON,W,CRC
11/30/25 10:29:58,-0.11,151.83,13.61,19.16,2.33,411.71,2.70,62.40,0.00,1.40,2.31,2.35,0.00,0.00,1,14.02,108.98,24.18,1,-9,2,0,0,STAT,60,LAT,LON,W,CRC
11/30/25 10:30:58,-0.14,147.95,13.71,18.56,2.21,411.90,2.70,62.40,0.00,1.24,1.88,1.90,0.00,0.00,1,13.91,30.78,25.63,1,-12,2,0,0,STAT,60,LAT,LON,W,CRC
11/30/25 10:32:03,-0.16,149.18,14.43,18.36,3.48,411.96,2.70,62.40,0.00,0.86,1.34,1.34,0.00,0.00,1,13.80,8.69,32.12,1,-12,0,0,0,STAT,60,LAT,LON,W,CRC
11/30/25 10:32:58,-0.17,149.05,14.28,19.59,1.95,411.99,2.70,62.50,0.00,0.76,1.91,1.92,0.00,0.00,1,13.98,55.01,28.14,1,-15,1,0,0,STAT,60,LAT,LON,W,CRC
11/30/25 10:33:58,-0.17,145.14,14.46,19.29,1.87,412.54,2.70,62.50,0.00,0.88,1.61,1.61,0.00,0.00,1,13.87,15.54,30.48,1,-14,1,0,0,STAT,60,LAT,LON,W,CRC
11/30/25 10:34:58,-0.18,141.24,14.28,20.14,0.60,412.84,2.70,62.40,0.00,0.60,1.20,1.41,0.00,0.00,1,13.84,4.39,29.21,1,-13,1,0,0,STAT,60,LAT,LON,W,CRC
11/30/25 10:35:58,-0.18,135.76,14.81,19.04,3.11,412.94,2.70,62.40,0.00,0.27,0.90,0.97,0.00,0.00,1,13.98,67.24,28.11,1,-11,1,0,0,STAT,60,LAT,LON,W,CRC
11/30/25 10:36:59,-0.19,135.77,13.68,18.86,2.04,412.98,2.70,62.40,0.00,0.48,1.42,1.44,0.00,0.00,1,13.91,18.99,28.03,1,-11,2,0,0,STAT,60,LAT,LON,W,CRC
11/30/25 10:38:02,-0.18,136.58,15.30,18.80,2.61,412.99,2.70,62.50,0.00,0.78,1.85,2.20,0.00,0.00,1,13.84,5.36,31.04,1,-13,1,0,0,STAT,60,LAT,LON,W,CRC
11/30/25 10:39:02,-0.19,134.98,14.82,18.99,1.79,413.00,2.70,62.60,0.00,0.81,1.40,1.89,0.00,0.00,1,13.95,32.94,29.87,1,-13,1,0,0,STAT,60,LAT,LON,W,CRC
11/30/25 10:40:03,-0.19,136.30,15.28,18.01,2.06,413.00,2.70,62.60,0.00,0.49,1.33,1.49,0.00,0.00,1,13.87,9.30,28.82,1,-12,1,0,0,STAT,60,LAT,LON,W,CRC
11/30/25 10:41:03,-0.20,137.87,15.58,17.64,1.51,413.00,2.70,62.70,0.00,0.50,1.17,1.22,0.00,0.00,1,13.84,2.63,30.95,1,-11,1,0,0,STAT,60,LAT,LON,W,CRC
11/30/25 10:42:03,-0.20,138.64,14.05,18.00,2.79,413.35,2.70,62.70,0.00,0.89,1.73,1.74,0.00,0.00,1,13.95,32.06,28.14,1,-13,2,-1,0,STAT,60,LAT,LON,W,CRC
11/30/25 10:43:03,-0.20,135.80,14.46,17.30,3.77,413.77,2.70,62.50,0.00,0.66,1.74,1.74,0.00,0.00,1,13.87,9.05,36.73,1,-12,2,0,0,STAT,60,LAT,LON,W,CRC
11/30/25 10:44:04,-0.21,138.13,13.92,19.21,3.74,414.46,2.70,62.50,0.00,0.60,1.36,1.36,0.00,0.00,1,14.12,106.20,31.72,1,-9,1,0,1,STAT,60,LAT,LON,W,CRC
11/30/25 10:45:04,-0.21,137.51,13.59,18.72,3.32,414.96,2.70,62.40,0.00,0.69,1.71,1.71,0.00,0.00,1,13.95,38.30,27.29,1,-14,0,0,0,STAT,60,LAT,LON,W,CRC
11/30/25 10:46:04,-0.23,136.32,14.64,19.10,1.77,414.99,2.70,62.40,0.00,0.48,1.48,1.48,0.00,0.00,1,13.87,10.82,29.10,1,-13,1,0,0,STAT,60,LAT,LON,W,CRC
11/30/25 10:47:04,-0.26,137.87,15.64,20.94,0.56,415.56,2.70,62.50,0.00,0.75,1.38,1.38,0.00,0.00,1,14.12,81.15,29.04,1,-11,1,1,0,STAT,60,LAT,LON,W,CRC
11/30/25 10:48:03,-0.27,135.64,18.37,19.39,1.35,418.02,2.70,62.70,0.00,0.38,1.14,1.14,0.00,0.00,1,13.91,25.47,34.55,1,-14,0,0,0,STAT,60,LAT,LON,W,CRC
11/30/25 10:49:03,-0.28,131.60,17.69,19.27,1.55,419.30,2.70,63.00,0.00,0.31,1.04,1.04,0.00,0.00,1,13.87,7.19,30.68,1,-14,0,0,0,STAT,60,LAT,LON,W,CRC
11/30/25 10:50:03,-0.29,129.56,17.67,19.37,1.68,419.75,2.60,63.10,0.00,0.41,1.34,1.34,0.00,0.00,1,14.02,95.46,28.03,1,-13,0,0,0,STAT,60,LAT,LON,W,CRC
11/30/25 10:51:03,-0.29,127.08,15.14,18.94,2.31,419.62,2.70,62.90,0.00,0.41,1.47,1.47,0.00,0.00,1,13.91,26.96,27.35,1,-12,2,0,0,STAT,60,LAT,LON,W,CRC
11/30/25 10:52:03,-0.29,129.42,15.92,18.75,2.53,419.06,2.60,62.90,0.00,0.51,1.58,1.58,0.00,0.00,1,13.84,7.61,29.96,1,-15,0,0,0,STAT,60,LAT,LON,W,CRC
11/30/25 10:53:04,-0.29,131.99,16.62,19.63,2.18,418.08,2.70,62.80,0.00,0.85,1.56,1.88,0.00,0.00,1,14.02,144.50,31.75,1,-14,-1,0,1,STAT,60,LAT,LON,W,CRC
11/30/25 10:54:00,-0.30,134.50,14.06,21.12,-0.22,417.06,2.70,62.80,0.00,0.96,1.51,1.63,0.00,0.00,1,13.91,45.35,34.27,1,-14,1,0,0,STAT,60,LAT,LON,W,CRC
11/30/25 10:55:00,-0.30,137.98,13.60,19.37,2.05,416.30,2.60,62.70,0.00,0.48,1.09,1.12,0.00,0.00,1,13.84,12.81,30.85,1,-12,2,0,0,STAT,60,LAT,LON,W,CRC
11/30/25 10:56:01,-0.30,140.78,14.15,20.32,2.61,416.11,2.60,62.70,0.00,0.58,1.37,1.39,0.00,0.00,1,13.98,86.35,26.74,1,-11,1,0,0,STAT,60,LAT,LON,W,CRC
11/30/25 10:57:01,-0.30,133.92,14.57,19.10,3.68,416.04,2.60,62.80,0.00,0.76,1.34,1.54,0.00,0.00,1,13.91,24.39,27.30,1,-12,0,0,0,STAT,60,LAT,LON,W,CRC
11/30/25 10:58:01,-0.30,131.72,14.92,20.01,3.55,415.66,2.60,62.80,0.00,0.60,1.37,1.49,0.00,0.00,1,13.84,6.89,26.35,1,-12,0,0,0,STAT,60,LAT,LON,W,CRC
11/30/25 10:59:04,-0.31,135.81,13.52,19.21,3.06,415.23,2.60,62.80,0.00,0.54,1.44,1.77,0.00,0.00,1,13.98,85.76,33.20,1,-11,1,0,0,STAT,60,LAT,LON,W,CRC
11/30/25 11:00:04,-0.31,134.57,14.29,18.20,2.96,415.38,2.60,62.80,0.00,0.85,2.21,2.31,0.00,0.00,1,13.91,24.22,29.91,1,-9,1,-1,0,STAT,60,LAT,LON,W,CRC
11/30/25 11:01:04,-0.31,140.65,15.10,18.14,4.52,415.78,2.60,62.90,0.00,0.90,1.65,1.69,0.00,0.00,1,13.80,6.84,31.77,1,-12,0,-1,0,STAT,60,LAT,LON,W,CRC
11/30/25 11:02:04,-0.31,132.73,13.73,18.76,4.71,415.76,2.60,62.50,0.00,0.90,1.73,1.86,0.00,0.00,1,13.98,89.72,25.25,1,-10,2,0,0,STAT,60,LAT,LON,W,CRC
11/30/25 11:03:04,-0.31,123.31,14.20,17.99,6.50,414.16,2.60,62.10,0.00,0.72,1.66,1.92,0.00,0.00,1,13.91,25.34,25.45,1,-12,1,0,0,STAT,60,LAT,LON,W,CRC
11/30/25 11:04:04,-0.32,117.81,14.77,18.01,6.81,411.21,2.50,61.90,0.00,0.46,0.98,1.07,0.00,0.00,1,14.12,206.36,39.09,1,-9,0,0,0,STAT,60,LAT,LON,W,CRC
11/30/25 11:05:04,-0.35,119.74,14.36,16.98,8.16,409.13,2.50,61.90,0.00,0.76,1.31,1.38,0.00,0.00,1,13.95,58.28,29.26,1,-12,1,0,0,STAT,60,LAT,LON,W,CRC
11/30/25 11:06:04,-0.37,118.25,16.08,17.19,8.23,408.40,2.50,61.80,0.00,0.91,1.17,1.47,0.00,0.00,1,13.87,16.46,30.17,1,-13,0,0,0,STAT,60,LAT,LON,W,CRC
11/30/25 11:07:04,-0.39,114.05,14.74,17.46,7.88,407.56,2.50,61.70,0.00,0.70,1.04,1.14,0.00,0.00,1,13.84,4.65,28.28,1,-13,0,0,0,STAT,60,LAT,LON,W,CRC
11/30/25 11:08:04,-0.39,109.88,14.56,16.04,10.16,406.74,2.50,61.40,0.00,0.91,1.75,1.78,0.00,0.00,1,13.95,30.96,28.91,1,-14,0,0,0,STAT,60,LAT,LON,W,CRC
11/30/25 11:09:11,-0.39,110.11,14.54,15.51,11.10,406.05,2.50,61.40,0.00,0.84,1.80,2.00,0.00,0.00,1,13.84,7.87,38.01,1,-13,0,0,0,STAT,60,LAT,LON,W,CRC
11/30/25 11:10:06,-0.39,112.19,13.96,16.51,10.02,405.58,2.40,61.30,0.00,0.81,1.68,1.75,0.00,0.00,1,13.98,69.98,33.77,1,-11,1,0,0,STAT,60,LAT,LON,W,CRC
11/30/25 11:11:06,-0.40,111.93,13.19,15.42,11.73,405.20,2.40,61.00,0.00,0.35,1.28,1.30,0.00,0.00,1,13.91,19.76,32.40,1,-12,2,0,0,STAT,60,LAT,LON,W,CRC
11/30/25 11:12:06,-0.40,110.93,12.90,15.30,11.11,405.07,2.40,61.00,0.00,0.75,1.38,1.68,0.00,0.00,1,13.84,5.58,27.96,1,-11,2,0,0,STAT,60,LAT,LON,W,CRC
11/30/25 11:13:06,-0.40,109.28,14.99,17.66,9.54,404.44,2.40,60.90,0.00,0.73,1.34,1.43,0.00,0.00,1,13.98,76.18,24.13,1,-11,0,0,0,STAT,60,LAT,LON,W,CRC
11/30/25 11:14:06,-0.40,111.06,14.91,15.06,11.19,404.16,2.40,60.80,0.00,0.67,1.13,1.16,0.00,0.00,1,13.91,21.52,26.48,1,-12,1,0,0,STAT,60,LAT,LON,W,CRC
11/30/25 11:15:05,-0.40,108.92,14.88,17.79,9.34,403.56,2.40,60.70,0.00,0.43,0.88,1.06,0.00,0.00,1,14.09,158.07,34.05,1,-10,1,2,1,STAT,60,LAT,LON,W,CRC
11/30/25 11:16:05,-0.40,107.40,16.00,15.49,10.72,402.65,2.40,60.70,0.00,0.73,1.80,1.89,0.00,0.00,1,13.95,54.77,30.21,1,-12,0,0,0,STAT,60,LAT,LON,W,CRC
11/30/25 11:17:05,-0.40,103.86,15.37,14.25,11.31,402.14,2.40,60.90,0.00,0.36,1.03,1.05,0.00,0.00,1,13.87,15.47,28.26,1,-11,0,0,0,STAT,60,LAT,LON,W,CRC
11/30/25 11:18:05,-0.40,106.53,14.61,14.01,18.49,402.09,2.40,60.90,0.00,0.38,1.03,1.04,0.00,0.00,1,14.09,179.56,27.04,1,-11,0,0,4,STAT,60,LAT,LON,W,CRC
11/30/25 11:19:05,-0.40,103.36,14.66,14.53,15.21,402.26,2.40,61.00,0.00,0.54,1.09,1.10,0.00,0.00,1,13.95,60.74,27.57,1,-12,0,0,2,STAT,60,LAT,LON,W,CRC
11/30/25 11:20:07,-0.40,103.71,14.68,14.18,12.61,402.46,2.40,61.10,0.00,0.84,1.26,1.26,0.00,0.00,1,13.84,17.15,31.88,1,-12,1,0,0,STAT,60,LAT,LON,W,CRC
11/30/25 11:21:07,-0.40,103.40,14.31,15.18,10.73,402.60,2.40,61.10,0.00,0.76,1.34,1.34,0.00,0.00,1,13.98,58.84,28.33,1,-13,2,0,0,STAT,60,LAT,LON,W,CRC
11/30/25 11:22:07,-0.40,111.75,13.25,15.17,9.23,402.67,2.50,61.10,0.00,0.50,1.35,1.35,0.00,0.00,1,13.91,16.62,27.66,1,-14,2,0,0,STAT,60,LAT,LON,W,CRC
11/30/25 11:23:08,-0.40,112.71,13.10,15.07,9.74,402.32,2.40,60.80,0.00,0.36,1.65,1.65,0.00,0.00,1,13.84,4.69,29.77,1,-13,2,0,0,STAT,60,LAT,LON,W,CRC
11/30/25 11:24:08,-0.39,114.15,12.96,15.88,9.40,402.68,2.40,60.90,0.00,0.68,1.63,2.17,0.00,0.00,1,13.98,81.79,27.69,1,-11,2,0,0,STAT,60,LAT,LON,W,CRC
11/30/25 11:25:08,-0.39,109.95,11.54,14.74,10.66,402.88,2.40,60.80,0.00,0.29,0.92,1.30,0.00,0.00,1,13.87,25.67,35.97,1,-13,4,0,0,STAT,60,LAT,LON,W,CRC
11/30/25 11:26:09,-0.40,109.72,14.65,15.04,11.16,402.88,2.40,60.70,0.00,0.60,1.18,1.31,0.00,0.00,1,13.84,7.25,31.97,1,-13,1,0,0,STAT,60,LAT,LON,W,CRC
11/30/25 11:27:09,-0.39,108.60,14.24,14.26,12.28,402.96,2.40,60.60,0.00,0.60,1.28,1.32,0.00,0.00,1,13.95,38.28,27.39,1,-12,0,0,0,STAT,60,LAT,LON,W,CRC
11/30/25 11:28:09,-0.38,106.35,15.34,15.75,11.20,402.84,2.40,60.40,0.00,0.27,1.12,1.13,0.00,0.00,1,13.87,10.81,27.56,1,-12,0,0,0,STAT,60,LAT,LON,W,CRC
11/30/25 11:29:09,-0.37,105.50,14.64,15.39,11.34,402.29,2.40,60.30,0.00,0.44,1.29,1.29,0.00,0.00,1,13.84,3.05,29.79,1,-11,1,0,0,STAT,60,LAT,LON,W,CRC
11/30/25 11:30:09,-0.36,104.12,12.88,15.50,12.00,402.10,2.40,60.20,0.00,0.54,1.09,1.47,0.00,0.00,1,13.95,36.69,29.32,1,-12,3,0,0,STAT,60,LAT,LON,W,CRC
11/30/25 11:31:08,-0.35,102.21,13.43,15.55,11.26,402.04,2.40,60.30,0.00,0.37,1.24,1.53,0.00,0.00,1,13.87,11.51,30.66,1,-12,2,0,0,STAT,60,LAT,LON,W,CRC
11/30/25 11:32:08,-0.34,100.23,13.86,13.62,11.75,402.01,2.40,60.40,0.00,0.77,1.28,1.42,0.00,0.00,1,14.12,126.88,27.37,1,-8,1,0,0,STAT,60,LAT,LON,W,CRC
11/30/25 11:33:08,-0.32,101.83,15.42,14.31,11.46,402.00,2.40,60.40,0.00,0.47,0.99,1.08,0.00,0.00,1,13.95,35.84,26.42,1,-13,0,-1,0,STAT,60,LAT,LON,W,CRC
11/30/25 11:34:08,-0.32,103.60,15.50,14.61,12.83,402.00,2.40,60.30,0.00,0.61,0.98,1.08,0.00,0.00,1,13.87,10.12,28.80,1,-9,0,-1,0,STAT,60,LAT,LON,W,CRC
11/30/25 11:35:09,-0.32,106.13,13.75,15.96,9.76,402.50,2.40,60.50,0.00,0.52,1.04,1.07,0.00,0.00,1,14.12,108.18,41.16,1,-8,1,0,0,STAT,60,LAT,LON,W,CRC
11/30/25 11:36:08,-0.31,101.00,14.78,17.91,7.83,403.22,2.40,60.90,0.00,0.71,1.01,1.02,0.00,0.00,1,13.87,33.95,55.65,1,-12,1,0,0,STAT,60,LAT,LON,W,CRC
11/30/25 11:37:09,-0.31,101.84,14.37,17.34,7.29,404.15,2.50,61.00,0.00,0.61,1.00,1.01,0.00,0.00,1,14.12,146.93,43.43,1,-8,1,0,0,STAT,60,LAT,LON,W,CRC
11/30/25 11:38:09,-0.30,106.63,14.25,16.19,8.65,405.48,2.50,61.10,0.00,0.24,0.91,0.91,0.00,0.00,1,13.91,41.50,32.63,1,-11,1,0,0,STAT,60,LAT,LON,W,CRC
11/30/25 11:39:09,-0.30,102.06,15.64,15.49,8.43,406.85,2.50,61.10,0.00,0.08,0.79,0.79,0.00,0.00,1,13.87,11.72,28.72,1,-12,0,-1,0,STAT,60,LAT,LON,W,CRC
11/30/25 11:40:09,-0.31,100.67,13.65,16.62,7.62,407.14,2.50,60.90,0.00,0.02,0.60,0.60,0.00,0.00,1,14.12,160.80,26.85,1,-11,2,1,1,STAT,60,LAT,LON,W,CRC
11/30/25 11:41:08,-0.30,98.89,14.37,15.51,9.16,407.05,2.60,61.10,0.00,0.01,0.76,0.76,0.00,0.00,1,13.87,50.46,36.00,1,-13,0,0,0,STAT,60,LAT,LON,W,CRC
11/30/25 11:42:08,-0.30,97.23,13.94,14.42,7.70,407.08,2.60,61.10,0.00,0.21,1.11,1.46,0.00,0.00,1,13.84,14.25,30.60,1,-12,2,0,-1,STAT,60,LAT,LON,W,CRC
11/30/25 11:43:08,-0.30,97.08,13.93,16.04,6.66,407.03,2.60,61.20,0.00,0.20,1.11,1.34,0.00,0.00,1,13.98,53.53,27.63,1,-11,2,0,-1,STAT,60,LAT,LON,W,CRC
11/30/25 11:44:08,-0.30,98.46,15.75,15.61,7.12,407.01,2.60,61.20,0.00,0.50,1.31,1.38,0.00,0.00,1,13.91,15.12,27.07,1,-12,0,0,0,STAT,60,LAT,LON,W,CRC
11/30/25 11:45:08,-0.29,98.92,14.86,15.32,7.40,407.00,2.60,61.20,0.00,0.51,1.09,1.12,0.00,0.00,1,13.84,4.27,29.48,1,-12,0,-1,0,STAT,60,LAT,LON,W,CRC
11/30/25 11:46:08,-0.29,98.37,12.68,16.18,6.78,407.00,2.60,61.10,0.00,0.44,1.12,1.13,0.00,0.00,1,13.98,90.30,28.01,1,-11,4,0,0,STAT,60,LAT,LON,W,CRC
11/30/25 11:47:08,-0.29,99.84,14.45,13.91,8.14,407.16,2.60,61.20,0.00,0.47,0.91,0.91,0.00,0.00,1,13.87,28.34,34.58,1,-13,1,0,0,STAT,60,LAT,LON,W,CRC
11/30/25 11:48:08,-0.29,100.98,14.69,14.28,7.10,407.70,2.70,61.10,0.00,0.52,0.96,1.21,0.00,0.00,1,13.80,8.00,28.63,1,-13,0,0,0,STAT,60,LAT,LON,W,CRC
11/30/25 11:49:08,-0.29,96.34,13.30,13.76,9.82,406.95,2.70,60.90,0.00,0.59,0.91,1.53,0.00,0.00,1,13.95,60.14,26.41,1,-9,2,0,0,STAT,60,LAT,LON,W,CRC
11/30/25 11:50:09,-0.29,96.98,13.43,13.02,9.69,405.89,2.70,60.80,0.00,0.33,0.54,0.75,0.00,0.00,1,13.87,16.98,26.19,1,-10,2,-1,0,STAT,60,LAT,LON,W,CRC
11/30/25 11:51:09,-0.29,99.87,14.75,13.54,8.78,405.31,2.70,60.70,0.00,0.14,0.73,0.79,0.00,0.00,1,13.84,4.80,25.34,1,-10,1,0,0,STAT,60,LAT,LON,W,CRC
11/30/25 11:52:06,-0.28,97.10,13.67,12.87,9.37,405.12,2.70,60.60,0.00,0.09,0.52,0.55,0.00,0.00,1,13.95,55.62,41.44,1,-11,1,-1,-1,STAT,60,LAT,LON,W,CRC
11/30/25 11:53:06,-0.28,95.54,13.25,12.59,8.79,405.04,2.70,60.50,0.00,0.36,0.70,0.71,0.00,0.00,1,13.87,15.71,31.59,1,-10,2,-1,-1,STAT,60,LAT,LON,W,CRC
11/30/25 11:54:07,-0.26,97.19,12.88,14.23,9.33,405.01,2.70,60.60,0.00,0.11,0.69,0.69,0.00,0.00,1,14.12,87.44,28.94,1,-11,2,0,0,STAT,60,LAT,LON,W,CRC
11/30/25 11:55:07,-0.23,96.42,14.63,13.27,9.41,405.01,2.70,60.50,0.00,0.04,0.46,0.69,0.00,0.00,1,13.95,24.69,25.78,1,-12,1,-1,0,STAT,60,LAT,LON,W,CRC
11/30/25 11:56:07,-0.21,97.89,12.76,13.19,8.38,405.00,2.70,60.50,0.00,0.01,0.54,0.64,0.00,0.00,1,13.87,6.97,29.48,1,-12,2,-1,0,STAT,60,LAT,LON,W,CRC
11/30/25 11:57:07,-0.21,102.05,12.64,15.08,8.60,405.00,2.60,59.80,0.00,0.00,0.57,0.60,0.00,0.00,1,14.12,70.87,35.03,1,-12,3,0,0,STAT,60,LAT,LON,W,CRC
11/30/25 11:58:07,-0.20,99.62,14.90,16.05,8.43,405.00,2.60,59.70,0.00,0.16,0.86,0.87,0.00,0.00,1,13.95,20.01,28.95,1,-14,1,0,0,STAT,60,LAT,LON,W,CRC
11/30/25 11:59:07,-0.20,98.08,14.20,13.69,9.94,404.84,2.60,59.70,0.00,0.16,0.43,0.43,0.00,0.00,1,13.87,5.65,29.27,1,-10,1,0,0,STAT,60,LAT,LON,W,CRC
11/30/25 12:00:07,-0.20,98.75,15.17,15.22,8.30,404.46,2.60,59.90,0.00,0.18,0.38,0.38,0.00,0.00,1,14.12,101.34,28.98,1,-7,0,0,0,STAT,60,LAT,LON,W,CRC
11/30/25 12:01:07,-0.20,97.83,12.48,13.98,9.60,404.81,2.60,60.10,0.00,0.61,1.18,1.18,0.00,0.00,1,13.95,36.72,26.81,1,-10,2,0,0,STAT,60,LAT,LON,W,CRC
11/30/25 12:02:10,-0.20,102.54,14.16,15.62,10.14,406.07,2.60,60.00,0.00,0.20,0.78,0.78,0.00,0.00,1,13.87,10.37,27.05,1,-13,2,0,0,STAT,60,LAT,LON,W,CRC
11/30/25 12:03:10,-0.20,107.50,13.75,16.32,8.79,407.32,2.60,60.00,0.00,0.28,1.09,1.09,0.00,0.00,1,13.98,70.45,36.69,1,-9,2,0,0,STAT,60,LAT,LON,W,CRC
11/30/25 12:04:10,-0.20,104.70,14.46,16.70,9.11,407.76,2.60,60.10,0.00,0.76,1.54,1.54,0.00,0.00,1,13.91,19.90,30.07,1,-13,2,0,0,STAT,60,LAT,LON,W,CRC
11/30/25 12:05:10,-0.19,102.65,14.39,18.43,7.13,408.53,2.60,60.40,0.00,0.53,1.36,1.36,0.00,0.00,1,13.84,5.62,32.53,1,-11,1,0,0,STAT,60,LAT,LON,W,CRC
11/30/25 12:06:11,-0.20,100.48,12.04,15.78,6.71,408.84,2.60,60.60,0.00,0.49,1.28,1.28,0.00,0.00,1,13.98,76.62,32.50,1,-11,3,0,0,STAT,60,LAT,LON,W,CRC
11/30/25 12:07:11,-0.20,107.79,14.49,14.49,8.67,408.87,2.60,60.40,0.00,0.67,1.90,2.21,0.00,0.00,1,13.91,21.64,26.08,1,-9,1,-1,0,STAT,60,LAT,LON,W,CRC
11/30/25 12:08:07,-0.19,113.41,14.13,16.53,7.70,408.33,2.60,60.50,0.00,0.88,1.75,1.86,0.00,0.00,1,14.02,119.90,36.93,1,-8,3,0,0,STAT,60,LAT,LON,W,CRC
11/30/25 12:09:08,-0.19,110.83,14.59,15.08,8.72,408.12,2.60,60.40,0.00,0.96,1.24,1.27,0.00,0.00,1,13.91,33.86,28.81,1,-10,1,0,0,STAT,60,LAT,LON,W,CRC
11/30/25 12:10:08,-0.19,110.76,14.65,14.77,7.90,408.04,2.60,60.60,0.00,0.42,1.27,1.28,0.00,0.00,1,13.87,9.56,26.49,1,-11,1,0,-1,STAT,60,LAT,LON,W,CRC
11/30/25 12:11:08,-0.19,109.87,14.38,15.69,7.78,407.93,2.60,60.60,0.00,0.71,1.23,1.23,0.00,0.00,1,14.05,135.74,26.70,1,-7,2,0,0,STAT,60,LAT,LON,W,CRC
11/30/25 12:12:08,-0.20,104.13,14.42,15.82,7.60,407.33,2.60,60.70,0.00,0.60,1.42,1.42,0.00,0.00,1,13.91,38.34,28.10,1,-9,1,0,0,STAT,60,LAT,LON,W,CRC
11/30/25 12:13:13,-0.20,105.21,12.81,16.86,5.19,407.12,2.60,60.90,0.00,0.58,1.17,1.17,0.00,0.00,1,13.84,10.83,37.47,1,-11,2,0,0,STAT,60,LAT,LON,W,CRC
11/30/25 12:14:13,-0.20,108.47,15.41,17.64,4.08,407.39,2.60,61.10,0.00,0.50,1.02,1.02,0.00,0.00,1,13.95,38.66,30.55,1,-11,0,0,0,STAT,60,LAT,LON,W,CRC
11/30/25 12:15:13,-0.19,111.27,13.95,18.12,4.13,407.79,2.60,61.00,0.00,0.56,0.92,0.92,0.00,0.00,1,13.87,10.92,32.08,1,-9,1,0,0,STAT,60,LAT,LON,W,CRC
11/30/25 12:16:13,-0.19,115.32,15.58,20.11,4.17,408.22,2.60,61.10,0.00,0.65,1.21,1.21,0.00,0.00,1,13.84,3.08,30.81,1,-11,1,0,0,STAT,60,LAT,LON,W,CRC
11/30/25 12:17:13,-0.20,115.98,14.70,18.56,4.99,409.08,2.60,61.00,0.00,0.62,1.32,1.51,0.00,0.00,1,13.95,55.27,27.56,1,-10,2,0,0,STAT,60,LAT,LON,W,CRC
11/30/25 12:18:12,-0.20,109.77,13.85,16.48,8.50,409.29,2.60,60.90,0.00,0.87,1.60,1.69,0.00,0.00,1,13.84,17.34,38.11,1,-10,2,0,0,STAT,60,LAT,LON,W,CRC
11/30/25 12:19:12,-0.20,107.55,13.55,15.84,8.99,408.40,2.60,60.90,0.00,0.89,2.59,2.62,0.00,0.00,1,14.12,114.22,35.01,1,-6,3,0,0,STAT,60,LAT,LON,W,CRC
11/30/25 12:20:12,-0.20,105.69,14.04,16.82,6.61,407.26,2.60,61.00,0.00,0.58,1.59,1.60,0.00,0.00,1,13.95,41.07,27.44,1,-9,1,0,0,STAT,60,LAT,LON,W,CRC
11/30/25 12:21:12,-0.20,102.76,12.58,16.39,6.24,406.44,2.60,61.00,0.00,0.44,1.47,1.89,0.00,0.00,1,13.87,11.60,26.86,1,-9,3,0,0,STAT,60,LAT,LON,W,CRC
11/30/25 12:22:12,-0.20,107.17,13.52,15.98,6.35,406.70,2.60,61.20,0.00,0.58,1.17,1.54,0.00,0.00,1,14.12,133.15,27.49,1,-6,3,0,0,STAT,60,LAT,LON,W,CRC
11/30/25 12:23:12,-0.20,105.18,14.18,15.15,6.92,406.89,2.60,61.30,0.00,0.49,1.15,1.27,0.00,0.00,1,13.95,47.22,26.96,1,-9,2,0,0,STAT,60,LAT,LON,W,CRC
11/30/25 12:24:09,-0.20,105.41,14.37,13.96,7.69,407.50,2.60,61.50,0.00,0.63,1.06,1.18,0.00,0.00,1,13.84,14.82,32.12,1,-11,1,-1,0,STAT,60,LAT,LON,W,CRC
11/30/25 12:25:10,-0.21,106.01,12.34,15.56,8.54,407.82,2.60,61.40,0.00,0.21,0.61,0.70,0.00,0.00,1,14.05,124.61,28.68,1,-11,3,0,1,STAT,60,LAT,LON,W,CRC
11/30/25 12:26:10,-0.20,112.57,14.22,17.19,5.26,408.39,2.60,61.30,0.00,0.07,0.40,0.43,0.00,0.00,1,13.91,35.19,30.20,1,-11,1,0,0,STAT,60,LAT,LON,W,CRC
11/30/25 12:27:10,-0.20,110.47,14.71,18.61,5.50,408.79,2.60,61.10,0.00,0.15,0.71,0.72,0.00,0.00,1,13.87,9.94,29.31,1,-9,0,0,0,STAT,60,LAT,LON,W,CRC
11/30/25 12:28:10,-0.21,114.90,13.78,16.54,8.08,408.93,2.60,61.00,0.00,0.16,0.91,0.91,0.00,0.00,1,14.05,161.72,32.10,1,-9,2,-1,3,STAT,60,LAT,LON,W,CRC
11/30/25 12:29:10,-0.21,115.59,13.68,16.19,6.81,408.97,2.60,61.10,0.00,0.23,0.68,0.68,0.00,0.00,1,13.91,50.75,29.92,1,-12,1,-1,0,STAT,60,LAT,LON,W,CRC
11/30/25 12:30:10,-0.22,112.78,14.85,16.16,5.99,409.43,2.60,61.30,0.00,0.15,1.04,1.04,0.00,0.00,1,13.84,14.33,29.86,1,-11,1,0,0,STAT,60,LAT,LON,W,CRC
11/30/25 12:31:10,-0.24,109.93,13.96,15.65,8.03,409.80,2.60,61.40,0.00,0.30,0.91,0.91,0.00,0.00,1,13.98,124.63,26.93,1,-10,1,-1,1,STAT,60,LAT,LON,W,CRC
11/30/25 12:32:10,-0.25,110.50,12.23,16.94,6.09,409.93,2.60,61.40,0.00,0.76,1.14,1.14,0.00,0.00,1,13.91,35.20,27.74,1,-11,3,0,0,STAT,60,LAT,LON,W,CRC
11/30/25 12:33:10,-0.27,109.61,11.77,17.37,5.33,409.98,2.60,61.40,0.00,0.34,0.84,1.05,0.00,0.00,1,13.84,9.94,28.29,1,-9,3,0,0,STAT,60,LAT,LON,W,CRC
11/30/25 12:34:12,-0.27,111.00,15.49,15.46,7.24,409.99,2.60,61.50,0.00,0.58,1.05,1.12,0.00,0.00,1,13.98,92.56,35.05,1,-9,0,0,0,STAT,60,LAT,LON,W,CRC
11/30/25 12:35:12,-0.28,110.38,15.69,16.96,6.63,410.00,2.60,61.40,0.00,0.86,1.45,1.47,0.00,0.00,1,13.91,26.14,30.66,1,-11,0,0,0,STAT,60,LAT,LON,W,CRC
11/30/25 12:36:12,-0.28,106.89,15.06,16.58,7.52,410.00,2.60,61.50,0.00,0.78,1.44,1.44,0.00,0.00,1,13.84,7.38,27.60,1,-10,1,0,0,STAT,60,LAT,LON,W,CRC
11/30/25 12:37:12,-0.28,104.60,15.95,16.46,7.44,409.35,2.60,61.60,0.00,0.43,1.14,1.14,0.00,0.00,1,13.98,42.18,27.82,1,-11,0,0,0,STAT,60,LAT,LON,W,CRC
11/30/25 12:38:13,-0.28,108.55,16.23,16.82,7.13,409.48,2.70,61.40,0.00,0.81,1.46,1.62,0.00,0.00,1,13.87,11.91,29.78,1,-14,0,0,0,STAT,60,LAT,LON,W,CRC
11/30/25 12:39:17,-0.28,109.23,15.57,17.37,5.22,409.23,2.60,61.10,0.00,0.37,1.29,1.38,0.00,0.00,1,14.09,47.88,35.44,1,-14,0,0,0,STAT,60,LAT,LON,W,CRC
11/30/25 12:40:12,-0.28,103.90,14.28,15.50,7.93,408.93,2.60,60.80,0.00,0.63,1.72,1.75,0.00,0.00,1,13.95,24.47,30.54,1,-13,1,0,0,STAT,60,LAT,LON,W,CRC
11/30/25 12:41:13,-0.28,102.64,15.32,14.48,8.45,408.37,2.60,60.80,0.00,0.67,1.42,1.43,0.00,0.00,1,13.87,6.91,29.12,1,-11,0,0,0,STAT,60,LAT,LON,W,CRC
11/30/25 12:42:13,-0.28,103.51,15.04,13.28,10.99,408.13,2.60,60.70,0.00,0.82,1.67,1.67,0.00,0.00,1,14.09,59.05,28.87,1,-10,0,-1,1,STAT,60,LAT,LON,W,CRC
11/30/25 12:43:13,-0.28,104.18,13.87,13.26,11.33,407.14,2.60,60.70,0.00,0.52,1.35,1.35,0.00,0.00,1,13.95,27.71,29.08,1,-13,1,-1,0,STAT,60,LAT,LON,W,CRC
11/30/25 12:44:13,-0.28,104.43,14.63,13.74,9.72,406.40,2.60,60.70,0.00,0.60,1.10,1.27,0.00,0.00,1,13.87,7.83,27.76,1,-11,1,-1,0,STAT,60,LAT,LON,W,CRC
11/30/25 12:45:16,-0.28,98.74,14.92,17.94,4.40,406.14,2.60,60.80,0.00,0.56,0.94,1.06,0.00,0.00,1,13.98,91.61,39.29,1,-11,1,1,0,STAT,60,LAT,LON,W,CRC
11/30/25 12:46:16,-0.28,96.52,14.63,15.51,7.83,406.10,2.60,61.00,0.00,0.71,1.30,1.55,0.00,0.00,1,13.91,25.87,30.32,1,-11,2,0,0,STAT,60,LAT,LON,W,CRC
11/30/25 12:47:16,-0.28,103.03,15.66,15.82,6.53,407.26,2.60,61.20,0.00,0.83,1.62,1.69,0.00,0.00,1,13.84,7.31,26.60,1,-9,0,0,0,STAT,60,LAT,LON,W,CRC
11/30/25 12:48:16,-0.28,104.60,13.64,15.86,7.34,408.36,2.60,61.30,0.00,0.50,1.58,1.61,0.00,0.00,1,13.98,76.34,28.49,1,-11,1,0,0,STAT,60,LAT,LON,W,CRC
11/30/25 12:49:16,-0.28,103.24,13.95,14.99,5.78,408.77,2.60,61.30,0.00,0.64,1.37,1.38,0.00,0.00,1,13.87,21.56,27.14,1,-10,1,0,0,STAT,60,LAT,LON,W,CRC
11/30/25 12:50:15,-0.28,102.88,14.80,19.66,2.55,408.91,2.60,61.20,0.00,0.78,1.47,1.59,0.00,0.00,1,14.05,156.21,33.10,1,-9,0,1,1,STAT,60,LAT,LON,W,CRC
11/30/25 12:51:15,-0.28,104.06,13.80,17.63,3.87,408.97,2.70,61.20,0.00,0.36,1.05,1.09,0.00,0.00,1,13.91,44.12,29.78,1,-12,1,0,0,STAT,60,LAT,LON,W,CRC
11/30/25 12:52:15,-0.28,106.32,15.41,16.46,5.43,408.53,2.70,61.00,0.00,0.12,0.93,0.95,0.00,0.00,1,13.87,12.46,30.98,1,-11,0,0,0,STAT,60,LAT,LON,W,CRC
11/30/25 12:53:15,-0.28,107.94,15.36,15.11,7.45,408.19,2.70,60.90,0.00,0.29,1.04,1.05,0.00,0.00,1,14.12,107.49,27.45,1,-9,0,0,1,STAT,60,LAT,LON,W,CRC
11/30/25 12:54:15,-0.28,107.53,15.51,15.71,6.64,408.07,2.60,61.00,0.00,0.74,1.54,2.33,0.00,0.00,1,13.95,39.06,27.99,1,-10,0,0,0,STAT,60,LAT,LON,W,CRC
11/30/25 12:55:15,-0.28,104.41,14.41,14.73,7.22,408.03,2.60,61.00,0.00,0.35,1.11,1.39,0.00,0.00,1,13.84,12.26,35.53,1,-10,0,0,0,STAT,60,LAT,LON,W,CRC
11/30/25 12:56:15,-0.28,105.49,12.46,16.21,5.80,408.06,2.60,61.10,0.00,0.73,1.18,1.27,0.00,0.00,1,13.98,62.41,28.68,1,-12,2,0,0,STAT,60,LAT,LON,W,CRC
11/30/25 12:57:15,-0.28,104.23,12.96,14.01,7.02,408.31,2.70,61.30,0.00,0.91,1.58,1.61,0.00,0.00,1,13.91,17.63,27.06,1,-12,3,-1,0,STAT,60,LAT,LON,W,CRC
11/30/25 12:58:15,-0.27,107.32,14.11,14.86,6.10,408.76,2.70,61.40,0.00,0.68,1.25,1.70,0.00,0.00,1,13.84,4.98,28.11,1,-11,1,0,0,STAT,60,LAT,LON,W,CRC
11/30/25 12:59:16,-0.27,105.99,13.84,16.36,4.80,408.91,2.70,61.50,0.00,0.55,1.19,1.37,0.00,0.00,1,14.02,60.13,29.36,1,-11,1,0,0,STAT,60,LAT,LON,W,CRC
11/30/25 13:00:16,-0.26,105.37,13.24,13.40,7.60,408.97,2.70,61.40,0.00,0.55,1.08,1.17,0.00,0.00,1,13.91,16.98,27.80,1,-12,2,-1,0,STAT,60,LAT,LON,W,CRC
11/30/25 13:01:14,-0.26,108.12,14.21,14.42,6.42,408.64,2.70,61.50,0.00,0.51,1.03,1.21,0.00,0.00,1,13.84,5.33,38.64,1,-13,1,0,0,STAT,60,LAT,LON,W,CRC
11/30/25 13:02:14,-0.26,108.71,14.12,16.22,5.53,408.22,2.70,61.40,0.00,0.65,1.20,1.26,0.00,0.00,1,13.95,36.55,28.88,1,-13,1,0,0,STAT,60,LAT,LON,W,CRC
11/30/25 13:03:14,-0.26,109.63,14.83,16.57,6.37,408.69,2.70,61.50,0.00,0.60,1.45,1.47,0.00,0.00,1,13.87,10.32,26.15,1,-13,0,0,0,STAT,60,LAT,LON,W,CRC
11/30/25 13:04:14,-0.26,109.04,13.33,15.73,7.09,408.89,2.70,61.60,0.00,0.19,0.98,1.06,0.00,0.00,1,13.84,2.92,26.80,1,-10,2,0,0,STAT,60,LAT,LON,W,CRC
11/30/25 13:05:14,-0.24,107.24,14.74,15.75,6.42,409.45,2.70,61.60,0.00,0.19,0.85,0.87,0.00,0.00,1,13.95,53.34,26.73,1,-12,1,0,0,STAT,60,LAT,LON,W,CRC
11/30/25 13:06:15,-0.23,108.47,14.33,15.15,6.72,409.19,2.70,61.70,0.00,0.19,1.01,1.02,0.00,0.00,1,13.87,15.06,35.98,1,-11,1,0,0,STAT,60,LAT,LON,W,CRC
11/30/25 13:07:15,-0.23,111.41,14.68,18.08,4.48,409.07,2.70,61.50,0.00,0.21,1.00,1.01,0.00,0.00,1,14.12,136.14,29.70,1,-9,1,0,0,STAT,60,LAT,LON,W,CRC
11/30/25 13:08:15,-0.23,111.42,15.19,16.17,5.25,409.02,2.70,61.50,0.00,0.21,0.89,1.01,0.00,0.00,1,13.91,38.45,29.61,1,-11,1,0,0,STAT,60,LAT,LON,W,CRC
11/30/25 13:09:15,-0.23,110.66,14.36,18.38,2.57,409.01,2.70,61.30,0.00,0.38,0.76,0.90,0.00,0.00,1,13.87,10.86,27.82,1,-12,0,0,-1,STAT,60,LAT,LON,W,CRC
11/30/25 13:10:16,-0.23,107.76,14.63,19.97,1.52,409.35,2.70,61.20,0.00,0.58,0.93,1.08,0.00,0.00,1,14.05,154.27,27.92,1,-9,0,1,1,STAT,60,LAT,LON,W,CRC
11/30/25 13:11:14,-0.23,109.98,15.96,17.70,4.27,409.14,2.70,61.20,0.00,0.61,1.17,1.23,0.00,0.00,1,13.91,48.41,37.18,1,-12,0,0,0,STAT,60,LAT,LON,W,CRC
11/30/25 13:12:14,-0.23,111.14,15.02,16.72,5.02,409.40,2.70,61.40,0.00,0.63,1.38,1.40,0.00,0.00,1,13.84,13.67,34.07,1,-12,0,0,0,STAT,60,LAT,LON,W,CRC
11/30/25 13:13:14,-0.23,109.86,13.40,18.73,4.50,409.79,2.70,61.50,0.00,0.67,1.48,1.49,0.00,0.00,1,13.98,96.19,30.89,1,-10,2,0,0,STAT,60,LAT,LON,W,CRC
11/30/25 13:14:14,-0.24,108.56,15.06,19.04,4.02,409.93,2.70,61.60,0.00,0.48,1.15,1.19,0.00,0.00,1,13.91,27.17,26.89,1,-10,0,0,0,STAT,60,LAT,LON,W,CRC
11/30/25 13:15:14,-0.25,105.74,15.28,17.81,3.98,409.97,2.70,61.60,0.00,0.33,0.91,1.08,0.00,0.00,1,13.84,7.67,26.47,1,-11,0,0,0,STAT,60,LAT,LON,W,CRC
11/30/25 13:16:24,-0.26,111.40,14.97,17.71,4.13,409.99,2.70,61.50,0.00,0.60,1.47,1.52,0.00,0.00,1,13.95,73.65,32.39,1,-11,1,0,0,STAT,60,LAT,LON,W,CRC
11/30/25 13:17:14,-0.27,109.90,14.56,19.26,2.35,410.00,2.70,61.40,0.00,0.27,1.07,1.19,0.00,0.00,1,13.87,25.68,31.58,1,-10,2,0,0,STAT,60,LAT,LON,W,CRC
11/30/25 13:18:14,-0.28,105.52,13.68,17.99,2.76,411.07,2.70,61.60,0.00,0.28,1.33,1.45,0.00,0.00,1,13.84,7.25,29.59,1,-9,3,0,0,STAT,60,LAT,LON,W,CRC
11/30/25 13:19:15,-0.28,105.75,13.06,18.32,3.10,412.32,2.70,61.50,0.00,0.57,1.15,1.19,0.00,0.00,1,13.95,68.66,28.52,1,-8,4,0,0,STAT,60,LAT,LON,W,CRC
11/30/25 13:20:15,-0.28,107.67,14.86,19.10,3.04,412.76,2.70,61.30,0.00,0.37,1.08,1.19,0.00,0.00,1,13.87,19.39,26.94,1,-10,1,0,0,STAT,60,LAT,LON,W,CRC
11/30/25 13:21:15,-0.28,107.68,13.76,17.63,3.67,413.50,2.70,61.30,0.00,0.59,1.26,1.30,0.00,0.00,1,13.84,5.48,28.07,1,-9,1,0,0,STAT,60,LAT,LON,W,CRC
11/30/25 13:22:17,-0.28,107.84,13.22,18.17,3.06,413.63,2.70,61.50,0.00,0.54,0.99,1.18,0.00,0.00,1,13.95,42.94,33.94,1,-11,1,0,0,STAT,60,LAT,LON,W,CRC
11/30/25 13:23:17,-0.29,107.53,13.57,16.67,6.04,413.17,2.70,61.30,0.00,0.85,1.38,1.45,0.00,0.00,1,13.87,12.13,28.45,1,-10,1,0,0,STAT,60,LAT,LON,W,CRC
11/30/25 13:24:17,-0.29,106.32,11.94,17.04,6.29,411.91,2.70,61.30,0.00,0.47,1.00,1.02,0.00,0.00,1,13.84,3.43,26.32,1,-12,3,0,0,STAT,60,LAT,LON,W,CRC
11/30/25 13:25:17,-0.29,105.88,13.14,16.98,4.30,411.32,2.70,61.40,0.00,0.55,0.78,0.88,0.00,0.00,1,13.95,58.40,27.76,1,-9,3,0,0,STAT,60,LAT,LON,W,CRC
11/30/25 13:26:17,-0.29,109.67,12.80,18.95,2.44,411.76,2.70,61.60,0.00,0.36,0.90,0.93,0.00,0.00,1,13.87,16.50,28.33,1,-10,2,0,0,STAT,60,LAT,LON,W,CRC
11/30/25 13:27:20,-0.29,109.17,12.64,17.20,8.33,412.49,2.70,61.20,0.00,0.39,0.68,0.70,0.00,0.00,1,14.02,158.84,40.76,1,-10,2,0,2,STAT,60,LAT,LON,W,CRC
11/30/25 13:28:20,-0.29,108.12,13.55,18.16,5.33,412.82,2.70,61.10,0.00,0.41,0.92,0.92,0.00,0.00,1,13.91,44.86,33.16,1,-11,2,0,0,STAT,60,LAT,LON,W,CRC
11/30/25 13:29:20,-0.29,107.50,15.16,16.30,5.15,412.94,2.70,61.20,0.00,0.47,1.25,1.25,0.00,0.00,1,13.84,12.67,28.86,1,-10,0,0,0,STAT,60,LAT,LON,W,CRC
11/30/25 13:30:20,-0.29,114.92,14.43,19.24,1.94,412.98,2.70,61.20,0.00,0.83,1.63,1.63,0.00,0.00,1,14.02,139.12,28.60,1,-11,1,1,0,STAT,60,LAT,LON,W,CRC
11/30/25 13:31:20,-0.29,117.23,14.95,18.16,3.84,412.94,2.70,61.30,0.00,0.56,1.49,1.49,0.00,0.00,1,13.91,39.29,26.17,1,-12,0,0,0,STAT,60,LAT,LON,W,CRC
11/30/25 13:32:20,-0.29,119.36,14.29,17.36,4.16,412.98,2.70,61.30,0.00,0.57,1.42,1.50,0.00,0.00,1,13.84,12.33,34.43,1,-10,1,0,0,STAT,60,LAT,LON,W,CRC
11/30/25 13:33:20,-0.29,116.24,13.93,16.86,4.37,412.76,2.70,61.40,0.00,0.21,1.13,1.24,0.00,0.00,1,13.98,71.32,29.03,1,-11,1,0,-1,STAT,60,LAT,LON,W,CRC
11/30/25 13:34:20,-0.29,117.69,15.23,17.11,6.07,412.27,2.70,61.10,0.00,0.59,1.32,1.41,0.00,0.00,1,13.91,20.14,29.11,1,-12,0,0,0,STAT,60,LAT,LON,W,CRC
11/30/25 13:35:20,-0.29,114.38,14.52,18.47,5.21,411.36,2.70,60.90,0.00,0.51,1.66,1.69,0.00,0.00,1,13.84,5.69,28.48,1,-10,1,0,0,STAT,60,LAT,LON,W,CRC
11/30/25 13:36:21,-0.29,115.26,14.74,18.73,3.69,410.48,2.70,61.00,0.00,0.53,1.69,1.72,0.00,0.00,1,13.98,81.32,27.84,1,-10,1,0,0,STAT,60,LAT,LON,W,CRC
11/30/25 13:37:21,-0.29,114.13,14.23,18.50,3.24,410.13,2.60,60.90,0.00,0.51,1.48,1.49,0.00,0.00,1,13.91,22.97,27.42,1,-10,1,0,0,STAT,60,LAT,LON,W,CRC
11/30/25 13:38:18,-0.29,117.18,13.51,18.89,3.16,410.05,2.60,61.00,0.00,0.54,1.30,1.54,0.00,0.00,1,13.84,7.21,29.68,1,-13,2,0,0,STAT,60,LAT,LON,W,CRC
11/30/25 13:39:18,-0.29,117.32,14.31,18.52,3.48,410.02,2.70,61.00,0.00,0.18,1.05,1.17,0.00,0.00,1,13.95,32.67,27.72,1,-12,1,0,0,STAT,60,LAT,LON,W,CRC
11/30/25 13:40:18,-0.29,117.66,13.67,18.86,3.66,410.46,2.60,60.90,0.00,0.25,1.01,1.05,0.00,0.00,1,13.87,9.23,30.24,1,-11,2,0,0,STAT,60,LAT,LON,W,CRC
11/30/25 13:41:18,-0.29,118.58,14.43,17.34,4.23,410.81,2.60,61.00,0.00,0.18,1.05,1.49,0.00,0.00,1,13.84,2.61,27.25,1,-12,1,0,0,STAT,60,LAT,LON,W,CRC
11/30/25 13:42:18,-0.29,122.18,14.77,16.00,6.49,410.93,2.60,60.90,0.00,0.48,0.99,1.12,0.00,0.00,1,13.95,35.77,29.55,1,-11,1,-1,0,STAT,60,LAT,LON,W,CRC
11/30/25 13:43:17,-0.29,124.80,13.65,17.16,5.71,410.97,2.60,60.90,0.00,0.21,0.57,0.62,0.00,0.00,1,13.87,11.22,39.73,1,-12,1,-1,0,STAT,60,LAT,LON,W,CRC
11/30/25 13:44:17,-0.29,123.80,14.91,18.57,3.13,411.41,2.60,60.90,0.00,0.36,1.03,1.04,0.00,0.00,1,14.12,124.11,31.71,1,-8,1,0,0,STAT,60,LAT,LON,W,CRC
11/30/25 13:45:17,-0.30,123.19,14.38,16.86,4.47,411.14,2.60,61.00,0.00,0.11,1.10,1.51,0.00,0.00,1,13.95,44.26,30.12,1,-11,1,0,0,STAT,60,LAT,LON,W,CRC
11/30/25 13:46:17,-0.29,120.46,13.64,17.21,4.30,411.05,2.60,61.10,0.00,0.63,1.01,1.26,0.00,0.00,1,13.87,12.50,29.51,1,-10,1,0,0,STAT,60,LAT,LON,W,CRC
11/30/25 13:47:17,-0.29,120.48,14.00,18.63,2.92,411.51,2.60,61.10,0.00,0.62,1.26,1.34,0.00,0.00,1,14.12,127.79,26.74,1,-6,2,1,1,STAT,60,LAT,LON,W,CRC
11/30/25 13:48:20,-0.30,129.72,13.66,17.19,4.29,411.37,2.60,61.10,0.00,0.64,1.31,1.33,0.00,0.00,1,13.91,45.71,32.62,1,-12,4,0,0,STAT,60,LAT,LON,W,CRC
11/30/25 13:49:20,-0.30,145.39,15.11,18.94,1.64,411.13,2.60,61.10,0.00,0.24,0.76,0.76,0.00,0.00,1,13.84,12.91,29.78,1,-11,2,0,0,STAT,60,LAT,LON,W,CRC
11/30/25 13:50:20,-0.30,137.48,14.04,18.67,2.45,411.35,2.60,61.20,0.00,0.08,0.61,0.61,0.00,0.00,1,14.02,76.68,28.25,1,-8,2,0,0,STAT,60,LAT,LON,W,CRC
11/30/25 13:51:20,-0.30,129.96,13.88,18.21,3.12,411.77,2.60,61.20,0.00,0.20,0.66,0.66,0.00,0.00,1,13.91,21.66,27.47,1,-10,2,0,-1,STAT,60,LAT,LON,W,CRC
11/30/25 13:52:20,-0.31,128.39,14.76,18.07,3.65,411.92,2.60,61.30,0.00,0.12,0.93,1.16,0.00,0.00,1,13.84,6.12,29.00,1,-11,0,0,0,STAT,60,LAT,LON,W,CRC
11/30/25 13:53:20,-0.31,130.88,13.81,17.86,4.02,411.97,2.60,61.20,0.00,0.18,0.87,0.95,0.00,0.00,1,14.02,99.71,28.69,1,-9,2,0,0,STAT,60,LAT,LON,W,CRC
11/30/25 13:54:18,-0.31,129.18,16.31,18.65,2.70,411.99,2.60,61.20,0.00,0.17,0.99,1.22,0.00,0.00,1,13.91,31.29,32.00,1,-10,0,0,0,STAT,60,LAT,LON,W,CRC
11/30/25 13:55:19,-0.31,131.80,15.36,20.51,2.66,412.09,2.60,61.10,0.00,0.06,0.98,1.05,0.00,0.00,1,13.84,8.84,28.72,1,-11,0,0,0,STAT,60,LAT,LON,W,CRC
11/30/25 13:56:19,-0.32,133.05,14.53,19.48,3.82,411.74,2.60,60.90,0.00,0.32,0.87,0.89,0.00,0.00,1,13.98,80.68,28.77,1,-9,1,0,-1,STAT,60,LAT,LON,W,CRC
11/30/25 13:57:19,-0.33,129.32,14.96,16.77,6.42,411.26,2.60,60.80,0.00,0.79,1.37,1.37,0.00,0.00,1,13.91,22.79,28.58,1,-10,1,0,0,STAT,60,LAT,LON,W,CRC
11/30/25 13:58:19,-0.35,130.31,14.99,20.12,3.72,411.32,2.60,60.90,0.00,0.47,0.97,0.98,0.00,0.00,1,13.84,6.44,29.80,1,-10,2,0,0,STAT,60,LAT,LON,W,CRC
11/30/25 13:59:21,-0.37,123.51,15.10,18.31,4.39,411.99,2.50,61.00,0.00,0.30,1.07,1.07,0.00,0.00,1,13.98,84.55,41.29,1,-10,1,0,0,STAT,60,LAT,LON,W,CRC
11/30/25 14:00:21,-0.39,123.86,14.52,17.07,5.99,412.64,2.60,61.10,0.00,0.39,1.06,1.06,0.00,0.00,1,13.91,23.88,32.21,1,-11,0,-1,0,STAT,60,LAT,LON,W,CRC
11/30/25 14:01:21,-0.39,123.39,15.10,19.04,3.01,412.87,2.60,61.10,0.00,0.18,0.98,0.98,0.00,0.00,1,13.84,6.74,29.24,1,-12,0,0,0,STAT,60,LAT,LON,W,CRC
11/30/25 14:02:21,-0.39,123.59,14.30,17.50,4.95,413.03,2.50,61.20,0.00,0.47,1.29,1.29,0.00,0.00,1,13.98,71.27,27.60,1,-11,1,0,0,STAT,60,LAT,LON,W,CRC
11/30/25 14:03:21,-0.40,124.02,14.45,17.79,5.35,413.01,2.60,61.20,0.00,0.44,1.11,1.11,0.00,0.00,1,13.87,20.13,26.87,1,-12,1,0,0,STAT,60,LAT,LON,W,CRC
11/30/25 14:04:19,-0.40,120.53,14.06,23.52,-0.17,413.05,2.50,61.10,0.00,0.34,1.22,1.42,0.00,0.00,1,14.09,157.99,36.22,1,-11,1,2,3,STAT,60,LAT,LON,W,CRC
11/30/25 14:05:19,-0.40,110.91,14.81,19.02,3.97,413.02,2.50,61.00,0.00,0.45,1.16,1.27,0.00,0.00,1,13.95,54.14,31.49,1,-10,0,0,0,STAT,60,LAT,LON,W,CRC
11/30/25 14:06:19,-0.40,108.66,14.22,16.93,5.50,412.71,2.50,61.00,0.00,0.52,1.05,1.35,0.00,0.00,1,13.87,15.29,29.95,1,-10,0,0,0,STAT,60,LAT,LON,W,CRC
11/30/25 14:07:19,-0.40,109.02,13.04,17.07,6.18,412.25,2.50,61.10,0.00,0.25,0.97,1.06,0.00,0.00,1,14.09,129.16,26.36,1,-8,2,0,1,STAT,60,LAT,LON,W,CRC
11/30/25 14:08:19,-0.40,108.69,13.36,15.74,7.24,411.55,2.50,61.00,0.00,0.36,1.10,1.13,0.00,0.00,1,13.95,46.09,25.43,1,-11,2,0,0,STAT,60,LAT,LON,W,CRC
11/30/25 14:09:31,-0.40,108.74,13.66,15.91,7.35,410.00,2.50,61.00,0.00,0.34,1.26,1.42,0.00,0.00,1,13.84,10.54,32.17,1,-10,0,0,0,STAT,60,LAT,LON,W,CRC
11/30/25 14:10:21,-0.40,109.16,12.93,15.76,6.87,409.28,2.50,61.00,0.00,0.36,0.95,1.01,0.00,0.00,1,14.02,134.04,28.89,1,-11,2,0,2,STAT,60,LAT,LON,W,CRC
11/30/25 14:11:21,-0.40,109.25,13.45,15.96,6.12,408.45,2.50,61.10,0.00,0.41,0.98,1.00,0.00,0.00,1,13.91,37.86,29.24,1,-12,1,-1,0,STAT,60,LAT,LON,W,CRC
11/30/25 14:12:21,-0.40,107.95,13.02,16.78,5.44,408.34,2.50,61.00,0.00,0.37,1.05,1.29,0.00,0.00,1,13.84,10.69,28.03,1,-12,2,0,0,STAT,60,LAT,LON,W,CRC
11/30/25 14:13:21,-0.41,112.97,15.69,17.41,7.80,408.12,2.50,61.10,0.00,0.39,1.39,1.52,0.00,0.00,1,14.02,140.10,28.10,1,-13,0,0,2,STAT,60,LAT,LON,W,CRC
11/30/25 14:14:22,-0.41,107.47,13.92,16.59,7.22,408.04,2.50,61.30,0.00,0.70,1.34,1.38,0.00,0.00,1,13.91,39.57,29.51,1,-12,1,0,0,STAT,60,LAT,LON,W,CRC
11/30/25 14:15:24,-0.40,104.85,12.02,15.79,5.12,408.01,2.50,61.50,0.00,0.42,1.40,1.74,0.00,0.00,1,13.84,11.18,29.80,1,-10,3,0,0,STAT,60,LAT,LON,W,CRC
11/30/25 14:16:24,-0.41,108.60,14.33,17.52,3.78,408.23,2.50,61.50,0.00,0.41,1.12,1.23,0.00,0.00,1,13.95,68.62,28.58,1,-9,1,0,0,STAT,60,LAT,LON,W,CRC
11/30/25 14:17:24,-0.41,115.70,12.37,16.58,4.73,409.14,2.50,61.50,0.00,0.67,1.02,1.06,0.00,0.00,1,13.87,19.38,27.16,1,-9,3,0,0,STAT,60,LAT,LON,W,CRC
11/30/25 14:18:24,-0.40,113.93,12.63,16.10,6.76,409.70,2.50,61.50,0.00,0.23,1.01,1.02,0.00,0.00,1,13.84,5.47,26.32,1,-9,2,0,0,STAT,60,LAT,LON,W,CRC
11/30/25 14:19:24,-0.41,123.88,12.63,16.14,6.87,409.89,2.50,61.30,0.00,0.59,1.34,1.35,0.00,0.00,1,13.95,36.09,27.00,1,-11,3,-1,0,STAT,60,LAT,LON,W,CRC
11/30/25 14:20:22,-0.40,128.30,15.01,18.15,4.75,409.96,2.50,61.50,0.00,0.85,1.59,1.59,0.00,0.00,1,13.87,11.33,34.54,1,-11,0,0,0,STAT,60,LAT,LON,W,CRC
11/30/25 14:21:22,-0.41,131.52,15.66,19.91,3.44,411.07,2.50,61.50,0.00,0.55,1.28,1.28,0.00,0.00,1,14.09,70.30,29.76,1,-9,0,0,0,STAT,60,LAT,LON,W,CRC
11/30/25 14:22:22,-0.41,127.56,14.53,18.93,4.10,412.86,2.50,61.30,0.00,0.18,1.20,1.20,0.00,0.00,1,13.95,41.53,28.15,1,-10,1,0,0,STAT,60,LAT,LON,W,CRC
11/30/25 14:23:22,-0.41,127.45,14.98,18.20,4.81,413.60,2.50,61.30,0.00,0.40,1.66,1.87,0.00,0.00,1,13.87,11.73,29.89,1,-9,0,-1,0,STAT,60,LAT,LON,W,CRC
11/30/25 14:24:22,-0.41,123.23,14.18,18.29,5.73,413.56,2.50,61.10,0.00,0.25,1.23,1.56,0.00,0.00,1,14.09,73.63,29.60,1,-8,1,0,0,STAT,60,LAT,LON,W,CRC
11/30/25 14:25:25,-0.41,118.57,13.98,18.77,5.35,412.57,2.50,61.00,0.00,0.57,1.22,1.34,0.00,0.00,1,13.91,42.80,40.20,1,-9,0,0,0,STAT,60,LAT,LON,W,CRC
11/30/25 14:26:25,-0.41,115.65,13.76,17.91,6.26,411.55,2.50,60.90,0.00,0.47,0.99,1.08,0.00,0.00,1,13.84,12.09,31.04,1,-9,1,0,0,STAT,60,LAT,LON,W,CRC
11/30/25 14:27:25,-0.41,115.13,14.03,22.19,1.81,411.19,2.50,60.90,0.00,0.52,1.74,1.77,0.00,0.00,1,14.02,118.48,30.95,1,-10,2,1,0,STAT,60,LAT,LON,W,CRC
11/30/25 14:28:25,-0.41,112.50,14.64,18.20,4.42,411.07,2.50,61.20,0.00,0.24,1.34,1.45,0.00,0.00,1,13.91,33.46,28.85,1,-10,2,0,0,STAT,60,LAT,LON,W,CRC
11/30/25 14:29:25,-0.41,111.17,14.40,16.92,5.53,411.02,2.50,61.30,0.00,0.22,1.23,1.27,0.00,0.00,1,13.84,9.45,30.58,1,-8,1,0,0,STAT,60,LAT,LON,W,CRC
11/30/25 14:30:26,-0.41,107.46,15.43,15.82,7.51,411.01,2.50,61.40,0.00,0.09,1.21,1.38,0.00,0.00,1,13.98,58.65,29.74,1,-10,1,-1,0,STAT,60,LAT,LON,W,CRC
11/30/25 14:31:25,-0.41,108.64,15.24,16.95,7.27,410.77,2.50,61.20,0.00,0.45,1.15,1.40,0.00,0.00,1,13.91,18.40,34.26,1,-13,0,0,0,STAT,60,LAT,LON,W,CRC
11/30/25 14:32:26,-0.42,105.21,15.61,14.85,9.57,409.98,2.50,61.00,0.00,0.62,1.39,1.54,0.00,0.00,1,13.84,5.20,29.25,1,-13,0,0,0,STAT,60,LAT,LON,W,CRC
11/30/25 14:33:26,-0.42,103.99,13.67,17.60,6.20,408.22,2.50,60.70,0.00,0.66,1.29,1.34,0.00,0.00,1,13.95,75.73,28.72,1,-13,2,0,0,STAT,60,LAT,LON,W,CRC
11/30/25 14:34:26,-0.42,102.08,15.10,16.95,6.89,406.13,2.50,60.80,0.00,0.70,1.66,1.68,0.00,0.00,1,13.87,21.39,28.34,1,-11,1,0,0,STAT,60,LAT,LON,W,CRC
11/30/25 14:35:26,-0.42,100.37,14.41,15.88,7.51,405.43,2.50,60.90,0.00,0.52,1.25,1.25,0.00,0.00,1,13.84,6.04,31.77,1,-11,2,0,0,STAT,60,LAT,LON,W,CRC
11/30/25 14:36:25,-0.42,103.33,13.91,15.76,6.88,405.17,2.50,60.90,0.00,0.28,1.09,1.09,0.00,0.00,1,13.95,64.19,30.20,1,-12,2,0,0,STAT,60,LAT,LON,W,CRC
11/30/25 14:37:25,-0.42,101.46,14.24,16.34,5.52,405.09,2.50,60.90,0.00,0.37,1.03,1.03,0.00,0.00,1,13.87,18.13,28.80,1,-12,1,0,-1,STAT,60,LAT,LON,W,CRC
11/30/25 14:38:25,-0.42,102.05,12.33,17.45,4.22,405.03,2.50,61.10,0.00,0.12,0.49,0.49,0.00,0.00,1,14.12,143.22,29.52,1,-12,3,2,1,STAT,60,LAT,LON,W,CRC
11/30/25 14:39:25,-0.42,102.80,13.81,15.59,7.36,405.42,2.50,61.00,0.00,0.04,0.72,0.72,0.00,0.00,1,13.95,50.27,28.81,1,-14,2,0,0,STAT,60,LAT,LON,W,CRC
11/30/25 14:40:25,-0.42,104.00,12.94,16.32,6.60,405.80,2.50,60.90,0.00,0.39,1.06,1.29,0.00,0.00,1,13.87,14.20,25.61,1,-12,2,0,0,STAT,60,LAT,LON,W,CRC
11/30/25 14:41:25,-0.42,104.86,13.23,14.92,8.53,405.92,2.50,60.80,0.00,0.27,0.89,0.99,0.00,0.00,1,14.12,71.04,30.41,1,-11,2,0,0,STAT,60,LAT,LON,W,CRC
11/30/25 14:42:25,-0.42,101.19,13.56,15.21,7.49,405.97,2.50,60.70,0.00,0.64,0.96,1.00,0.00,0.00,1,13.91,20.06,31.88,1,-12,1,0,0,STAT,60,LAT,LON,W,CRC
11/30/25 14:43:25,-0.42,99.91,13.04,14.95,8.05,405.99,2.50,60.70,0.00,0.34,1.05,1.06,0.00,0.00,1,13.87,5.67,28.65,1,-12,1,0,0,STAT,60,LAT,LON,W,CRC
11/30/25 14:44:25,-0.42,103.52,12.93,16.39,6.65,406.00,2.50,60.70,0.00,0.73,1.06,1.13,0.00,0.00,1,14.12,121.40,27.68,1,-10,3,0,0,STAT,60,LAT,LON,W,CRC
11/30/25 14:45:25,-0.42,105.86,13.86,14.92,6.86,406.00,2.50,60.70,0.00,0.30,0.94,1.14,0.00,0.00,1,13.95,34.29,27.81,1,-12,1,0,0,STAT,60,LAT,LON,W,CRC
11/30/25 14:46:27,-0.42,102.61,15.19,14.99,7.60,406.00,2.50,60.70,0.00,0.21,1.11,1.17,0.00,0.00,1,13.87,9.68,28.98,1,-9,0,0,0,STAT,60,LAT,LON,W,CRC
11/30/25 14:47:26,-0.42,108.88,14.28,15.50,6.09,406.00,2.50,60.90,0.00,0.08,0.65,0.90,0.00,0.00,1,13.98,79.45,30.88,1,-9,2,0,0,STAT,60,LAT,LON,W,CRC
11/30/25 14:48:27,-0.42,113.61,14.75,15.24,6.63,406.54,2.50,60.90,0.00,0.02,0.67,0.74,0.00,0.00,1,13.87,22.44,29.07,1,-9,0,0,0,STAT,60,LAT,LON,W,CRC
11/30/25 14:49:27,-0.42,115.16,14.18,15.97,6.88,407.34,2.50,60.90,0.00,0.19,0.73,0.75,0.00,0.00,1,13.84,6.34,26.00,1,-8,1,0,0,STAT,60,LAT,LON,W,CRC
11/30/25 14:50:27,-0.42,111.35,13.75,16.43,5.93,407.77,2.50,61.00,0.00,0.51,1.01,1.02,0.00,0.00,1,13.98,44.73,28.90,1,-9,2,0,0,STAT,60,LAT,LON,W,CRC
11/30/25 14:51:27,-0.42,115.82,12.37,16.86,4.21,407.69,2.50,61.20,0.00,0.19,0.68,0.68,0.00,0.00,1,13.91,12.63,26.46,1,-11,2,0,0,STAT,60,LAT,LON,W,CRC
11/30/25 14:52:27,-0.42,129.12,14.45,15.09,5.24,408.18,2.50,61.40,0.00,0.07,0.89,0.89,0.00,0.00,1,13.84,3.96,30.42,1,-12,1,0,0,STAT,60,LAT,LON,W,CRC
11/30/25 14:53:27,-0.42,127.76,14.39,16.17,4.00,409.64,2.50,61.60,0.00,0.02,0.95,0.95,0.00,0.00,1,13.95,54.90,26.92,1,-11,1,0,0,STAT,60,LAT,LON,W,CRC
11/30/25 14:54:27,-0.42,123.67,14.00,18.22,3.11,411.03,2.50,61.80,0.00,0.08,0.86,0.86,0.00,0.00,1,13.87,15.51,27.47,1,-12,2,0,0,STAT,60,LAT,LON,W,CRC
11/30/25 14:55:27,-0.42,123.30,12.55,17.85,2.93,411.66,2.50,61.70,0.00,0.33,1.11,1.11,0.00,0.00,1,13.84,4.38,26.64,1,-13,3,0,0,STAT,60,LAT,LON,W,CRC
11/30/25 14:56:27,-0.42,124.69,14.77,16.02,5.04,411.88,2.50,61.60,0.00,0.35,1.36,1.36,0.00,0.00,1,13.95,48.26,26.36,1,-12,1,-1,-1,STAT,60,LAT,LON,W,CRC
11/30/25 14:57:26,-0.42,135.93,15.73,16.68,4.45,412.31,2.50,61.40,0.00,0.15,1.34,1.34,0.00,0.00,1,13.87,15.14,32.43,1,-11,0,-1,-1,STAT,60,LAT,LON,W,CRC
11/30/25 14:58:26,-0.42,143.05,13.99,19.57,3.22,413.25,2.50,61.20,0.00,0.47,1.21,1.21,0.00,0.00,1,14.12,131.15,28.70,1,-7,2,0,0,STAT,60,LAT,LON,W,CRC
11/30/25 14:59:26,-0.42,143.68,13.65,18.18,4.78,413.74,2.50,61.30,0.00,0.67,1.23,1.23,0.00,0.00,1,13.95,46.56,27.26,1,-9,3,0,0,STAT,60,LAT,LON,W,CRC
11/30/25 15:00:26,-0.41,138.99,14.19,16.50,5.16,414.31,2.50,61.30,0.00,0.22,1.04,1.04,0.00,0.00,1,13.87,13.15,27.82,1,-8,2,-1,0,STAT,60,LAT,LON,W,CRC
11/30/25 15:01:26,-0.42,129.56,14.02,16.09,5.29,414.76,2.50,61.50,0.00,0.07,0.91,0.91,0.00,0.00,1,14.12,86.97,28.49,1,-10,2,0,0,STAT,60,LAT,LON,W,CRC
11/30/25 15:02:34,-0.42,117.51,13.54,14.61,6.56,414.42,2.50,61.50,0.00,0.14,0.83,0.83,0.00,0.00,1,13.87,22.11,38.04,1,-11,2,-1,0,STAT,60,LAT,LON,W,CRC
11/30/25 15:03:29,-0.42,114.38,13.08,16.43,4.11,414.16,2.50,61.60,0.00,0.15,0.91,1.16,0.00,0.00,1,13.84,6.94,31.11,1,-10,2,0,0,STAT,60,LAT,LON,W,CRC
11/30/25 15:04:29,-0.43,112.95,15.45,16.53,4.81,414.06,2.50,61.60,0.00,0.46,1.32,1.48,0.00,0.00,1,13.98,53.41,28.12,1,-11,0,0,0,STAT,60,LAT,LON,W,CRC
11/30/25 15:05:29,-0.44,115.64,15.01,16.93,3.49,414.08,2.50,61.60,0.00,0.15,0.86,0.91,0.00,0.00,1,13.91,15.08,29.08,1,-9,1,0,0,STAT,60,LAT,LON,W,CRC
11/30/25 15:06:30,-0.47,117.08,12.46,17.82,2.39,414.03,2.50,61.60,0.00,0.23,0.69,0.71,0.00,0.00,1,13.84,4.26,28.53,1,-10,3,0,0,STAT,60,LAT,LON,W,CRC
11/30/25 15:07:30,-0.49,112.18,13.74,18.28,2.38,414.01,2.50,61.50,0.00,0.40,0.91,0.92,0.00,0.00,1,13.98,92.96,27.85,1,-8,2,0,0,STAT,60,LAT,LON,W,CRC
11/30/25 15:08:29,-0.50,126.06,13.38,18.37,3.36,414.05,2.40,61.40,0.00,0.18,0.99,0.99,0.00,0.00,1,13.87,29.17,38.63,1,-9,2,0,0,STAT,60,LAT,LON,W,CRC
11/30/25 15:09:29,-0.51,130.18,12.67,18.32,2.54,414.67,2.40,61.50,0.00,0.16,0.94,0.94,0.00,0.00,1,13.84,8.24,30.34,1,-10,2,0,0,STAT,60,LAT,LON,W,CRC
11/30/25 15:10:30,-0.51,134.25,15.20,19.98,1.48,415.54,2.40,61.50,0.00,0.05,0.48,0.48,0.00,0.00,1,13.95,60.90,28.81,1,-11,1,0,0,STAT,60,LAT,LON,W,CRC
11/30/25 15:11:30,-0.51,135.14,12.97,19.75,2.10,416.99,2.40,61.70,0.00,0.02,0.69,0.69,0.00,0.00,1,13.87,17.20,27.25,1,-10,2,0,0,STAT,60,LAT,LON,W,CRC
11/30/25 15:12:30,-0.51,132.83,13.50,17.72,1.17,418.26,2.40,61.90,0.00,0.00,0.41,0.41,0.00,0.00,1,13.84,4.86,27.65,1,-10,1,0,-1,STAT,60,LAT,LON,W,CRC
11/30/25 15:13:30,-0.52,130.29,13.96,18.60,2.10,418.72,2.40,62.00,0.00,0.00,0.42,0.42,0.00,0.00,1,13.95,59.16,37.64,1,-10,1,0,0,STAT,60,LAT,LON,W,CRC
11/30/25 15:14:30,-0.51,131.58,14.67,19.43,0.37,418.62,2.40,62.10,0.00,0.02,0.42,0.42,0.00,0.00,1,13.87,16.71,30.59,1,-14,1,0,0,STAT,60,LAT,LON,W,CRC
11/30/25 15:15:30,-0.52,129.55,14.57,18.52,0.47,418.22,2.40,62.20,0.00,0.01,0.42,0.42,0.00,0.00,1,14.09,79.56,28.52,1,-9,2,0,0,STAT,60,LAT,LON,W,CRC
11/30/25 15:16:30,-0.52,128.83,13.60,18.54,0.81,418.08,2.40,62.30,0.00,0.04,0.79,0.79,0.00,0.00,1,13.95,45.29,25.82,1,-11,2,0,0,STAT,60,LAT,LON,W,CRC
11/30/25 15:17:30,-0.52,127.70,15.42,19.03,1.04,418.03,2.40,62.20,0.00,0.01,0.75,0.75,0.00,0.00,1,13.87,12.79,28.00,1,-11,0,0,0,STAT,60,LAT,LON,W,CRC
11/30/25 15:18:33,-0.53,128.92,15.23,20.81,-0.09,418.01,2.40,62.30,0.00,0.00,0.47,0.71,0.00,0.00,1,14.09,130.00,39.88,1,-10,2,2,0,STAT,60,LAT,LON,W,CRC
11/30/25 15:19:28,-0.53,125.46,14.98,17.47,2.09,418.00,2.40,62.30,0.00,0.07,0.67,0.86,0.00,0.00,1,13.95,50.13,32.17,1,-13,2,0,0,STAT,60,LAT,LON,W,CRC
11/30/25 15:20:28,-0.53,158.50,14.04,16.56,3.10,417.84,2.40,62.20,0.00,0.12,0.89,0.96,0.00,0.00,1,13.87,14.16,31.24,1,-12,3,0,0,STAT,60,LAT,LON,W,CRC
11/30/25 15:21:28,-0.54,200.73,16.24,17.96,3.98,417.30,2.40,62.10,0.00,0.04,0.75,0.79,0.00,0.00,1,14.09,58.84,27.81,1,-11,0,0,0,STAT,60,LAT,LON,W,CRC
11/30/25 15:22:28,-0.54,191.57,14.41,17.86,3.48,417.10,2.40,62.20,0.00,0.01,0.66,0.67,0.00,0.00,1,13.95,27.45,26.90,1,-13,1,0,0,STAT,60,LAT,LON,W,CRC
11/30/25 15:23:28,-0.54,184.66,14.90,17.76,3.42,417.04,2.40,62.00,0.00,0.06,0.80,0.80,0.00,0.00,1,13.87,7.75,27.37,1,-13,1,0,0,STAT,60,LAT,LON,W,CRC
11/30/25 15:24:31,-0.54,174.22,15.87,18.26,5.79,417.31,2.40,61.90,0.00,0.15,0.89,0.89,0.00,0.00,1,13.98,100.42,29.44,1,-11,0,0,0,STAT,60,LAT,LON,W,CRC
11/30/25 15:25:31,-0.54,185.29,15.63,20.08,1.87,417.76,2.40,61.90,0.00,0.22,0.66,0.66,0.00,0.00,1,13.91,28.36,30.02,1,-12,0,0,0,STAT,60,LAT,LON,W,CRC
11/30/25 15:26:32,-0.55,184.59,13.73,19.40,1.36,417.91,2.40,62.00,0.00,0.23,1.10,1.10,0.00,0.00,1,13.84,8.01,29.33,1,-8,2,0,0,STAT,60,LAT,LON,W,CRC
11/30/25 15:27:32,-0.56,196.45,16.27,19.94,3.84,418.31,2.40,62.00,0.00,0.14,1.34,1.41,0.00,0.00,1,13.98,98.18,29.83,1,-11,0,0,1,STAT,60,LAT,LON,W,CRC
11/30/25 15:28:32,-0.56,186.96,14.41,20.74,1.54,419.15,2.40,62.00,0.00,0.24,1.05,1.35,0.00,0.00,1,13.91,27.73,28.79,1,-10,1,0,0,STAT,60,LAT,LON,W,CRC
11/30/25 15:29:30,-0.58,180.26,15.74,20.20,2.83,420.21,2.40,62.10,0.00,0.09,0.98,1.08,0.00,0.00,1,13.84,8.70,38.78,1,-11,0,0,0,STAT,60,LAT,LON,W,CRC
11/30/25 15:30:31,-0.58,176.11,17.16,21.79,0.88,422.44,2.40,62.30,0.00,0.03,0.52,0.62,0.00,0.00,1,13.95,54.08,33.95,1,-10,0,0,0,STAT,60,LAT,LON,W,CRC
11/30/25 15:31:31,-0.59,180.04,14.78,22.49,-0.26,424.72,2.40,62.30,0.00,0.08,0.81,0.97,0.00,0.00,1,13.87,15.27,29.17,1,-9,1,0,0,STAT,60,LAT,LON,W,CRC
11/30/25 15:32:31,-0.61,190.73,15.38,20.58,7.21,425.74,2.40,62.20,0.00,0.27,1.53,1.58,0.00,0.00,1,14.09,142.38,26.80,1,-11,1,0,3,STAT,60,LAT,LON,W,CRC
11/30/25 15:33:31,-0.61,193.53,14.51,23.38,1.43,425.10,2.40,62.20,0.00,0.09,1.19,1.20,0.00,0.00,1,13.95,67.87,27.52,1,-10,0,0,0,STAT,60,LAT,LON,W,CRC
11/30/25 15:34:33,-0.62,208.87,15.84,21.44,0.95,424.39,2.40,62.30,0.00,0.11,1.06,1.07,0.00,0.00,1,13.84,19.17,32.20,1,-10,0,0,0,STAT,60,LAT,LON,W,CRC
11/30/25 15:35:28,-0.61,204.93,12.71,21.38,0.60,423.65,2.40,62.40,0.00,0.37,1.05,1.05,0.00,0.00,1,14.12,153.92,29.20,1,-10,3,1,1,STAT,60,LAT,LON,W,CRC
11/30/25 15:36:28,-0.62,182.90,14.16,19.09,1.61,422.62,2.40,62.40,0.00,0.41,1.24,1.24,0.00,0.00,1,13.95,43.47,27.19,1,-12,2,0,0,STAT,60,LAT,LON,W,CRC
11/30/25 15:37:28,-0.62,174.03,13.08,19.13,1.92,421.14,2.40,62.40,0.00,0.30,0.77,0.91,0.00,0.00,1,13.87,12.28,27.10,1,-11,3,0,0,STAT,60,LAT,LON,W,CRC
11/30/25 15:38:28,-0.62,163.60,11.69,19.74,2.04,419.75,2.40,62.50,0.00,0.33,0.70,0.75,0.00,0.00,1,14.05,137.58,27.96,1,-10,5,0,1,STAT,60,LAT,LON,W,CRC
11/30/25 15:39:28,-0.62,169.46,13.25,19.04,1.74,419.26,2.40,62.50,0.00,0.13,0.81,0.90,0.00,0.00,1,13.91,38.86,27.80,1,-12,4,0,0,STAT,60,LAT,LON,W,CRC
11/30/25 15:40:32,-0.62,165.39,14.32,19.13,1.09,419.17,2.40,62.50,0.00,0.38,0.84,0.87,0.00,0.00,1,13.84,10.97,31.88,1,-14,1,0,0,STAT,60,LAT,LON,W,CRC
11/30/25 15:41:32,-0.62,160.90,15.21,19.10,1.76,419.32,2.40,62.30,0.00,0.38,0.91,0.92,0.00,0.00,1,13.98,86.66,29.20,1,-9,1,0,0,STAT,60,LAT,LON,W,CRC
11/30/25 15:42:32,-0.62,159.76,14.11,19.20,1.75,419.11,2.40,62.10,0.00,0.45,1.27,1.28,0.00,0.00,1,13.91,24.48,28.76,1,-9,2,0,0,STAT,60,LAT,LON,W,CRC
11/30/25 15:43:32,-0.62,159.51,14.35,17.32,3.09,419.04,2.40,62.20,0.00,0.76,1.63,1.63,0.00,0.00,1,13.84,6.91,30.48,1,-10,1,-1,0,STAT,60,LAT,LON,W,CRC
11/30/25 15:44:33,-0.62,151.66,15.17,18.89,2.50,418.67,2.40,61.90,0.00,0.33,1.13,1.13,0.00,0.00,1,13.95,39.46,25.98,1,-11,0,0,-1,STAT,60,LAT,LON,W,CRC
11/30/25 15:45:29,-0.62,149.48,14.12,17.52,4.29,418.03,2.40,61.90,0.00,0.44,1.22,1.46,0.00,0.00,1,13.87,12.38,34.55,1,-12,1,0,0,STAT,60,LAT,LON,W,CRC
11/30/25 15:46:29,-0.62,146.62,14.11,17.55,4.61,417.07,2.40,62.00,0.00,0.16,1.07,1.51,0.00,0.00,1,13.84,3.50,29.52,1,-12,1,0,0,STAT,60,LAT,LON,W,CRC
11/30/25 15:47:29,-0.62,141.79,14.86,15.78,5.17,416.02,2.40,62.00,0.00,0.52,1.04,1.22,0.00,0.00,1,13.95,31.69,27.89,1,-12,1,-1,0,STAT,60,LAT,LON,W,CRC
11/30/25 15:48:30,-0.62,141.40,12.87,16.34,3.95,415.36,2.40,62.20,0.00,0.49,1.15,1.21,0.00,0.00,1,13.87,8.95,30.40,1,-12,3,0,0,STAT,60,LAT,LON,W,CRC
11/30/25 15:49:30,-0.62,140.38,12.95,17.94,4.28,415.13,2.40,62.40,0.00,0.70,1.55,1.61,0.00,0.00,1,13.80,2.53,27.21,1,-12,3,0,0,STAT,60,LAT,LON,W,CRC
11/30/25 15:50:32,-0.62,140.09,14.30,17.42,3.59,415.04,2.40,62.50,0.00,0.25,0.84,0.94,0.00,0.00,1,13.91,28.70,38.16,1,-13,1,-1,0,STAT,60,LAT,LON,W,CRC
11/30/25 15:51:32,-0.62,143.87,15.14,17.05,4.22,415.02,2.40,62.60,0.00,0.28,0.91,0.94,0.00,0.00,1,13.84,8.11,31.32,1,-10,0,-1,0,STAT,60,LAT,LON,W,CRC
11/30/25 15:52:33,-0.61,146.46,13.60,17.58,3.08,415.01,2.40,62.60,0.00,0.46,0.97,0.98,0.00,0.00,1,14.02,104.87,26.48,1,-12,1,0,0,STAT,60,LAT,LON,W,CRC
11/30/25 15:53:33,-0.60,150.25,12.46,15.89,5.66,415.00,2.40,62.70,0.00,0.79,1.30,1.30,0.00,0.00,1,13.91,29.62,26.42,1,-14,2,-1,0,STAT,60,LAT,LON,W,CRC
11/30/25 15:54:33,-0.58,149.82,15.18,17.55,3.30,415.19,2.40,62.40,0.00,0.67,1.13,1.13,0.00,0.00,1,13.84,8.37,26.20,1,-13,1,0,0,STAT,60,LAT,LON,W,CRC
11/30/25 15:55:41,-0.56,147.02,15.58,17.13,3.93,415.09,2.40,62.40,0.00,0.63,1.45,1.58,0.00,0.00,1,13.95,85.36,38.12,1,-11,0,0,0,STAT,60,LAT,LON,W,CRC
11/30/25 15:56:31,-0.55,154.73,19.39,18.99,3.34,415.04,2.40,62.30,0.00,0.61,2.13,2.17,0.00,0.00,1,13.91,29.76,35.14,1,-12,1,0,0,STAT,60,LAT,LON,W,CRC
11/30/25 15:57:31,-0.54,176.32,23.84,22.13,3.08,416.24,2.40,62.40,0.00,0.80,1.42,1.44,0.00,0.00,1,13.84,8.41,28.71,1,-9,1,-1,0,STAT,60,LAT,LON,W,CRC
11/30/25 15:58:32,-0.54,165.67,18.91,22.82,2.00,417.38,2.40,62.30,0.00,0.75,1.30,1.30,0.00,0.00,1,13.98,71.56,27.04,1,-11,1,-1,0,STAT,60,LAT,LON,W,CRC
11/30/25 15:59:32,-0.54,156.12,17.20,23.76,0.08,418.03,2.40,62.40,0.00,0.31,0.79,0.80,0.00,0.00,1,13.91,20.21,26.96,1,-14,1,0,0,STAT,60,LAT,LON,W,CRC
11/30/25 16:00:32,-0.54,153.78,16.28,23.06,0.40,418.17,2.40,62.40,0.00,0.65,1.07,1.14,0.00,0.00,1,13.84,5.71,29.08,1,-14,1,0,0,STAT,60,LAT,LON,W,CRC
11/30/25 16:01:32,-0.54,153.45,16.62,21.22,1.29,418.68,2.40,62.40,0.00,0.48,1.07,1.10,0.00,0.00,1,13.98,96.18,36.18,1,-13,1,0,-1,STAT,60,LAT,LON,W,CRC
11/30/25 16:02:32,-0.54,154.36,17.18,21.37,0.72,418.89,2.40,62.40,0.00,0.30,1.40,1.69,0.00,0.00,1,13.87,27.17,32.53,1,-12,1,-1,0,STAT,60,LAT,LON,W,CRC
11/30/25 16:03:32,-0.54,151.95,14.05,20.42,0.39,419.31,2.40,62.40,0.00,0.51,1.40,1.52,0.00,0.00,1,13.84,7.67,26.71,1,-12,4,-1,-1,STAT,60,LAT,LON,W,CRC
11/30/25 16:04:32,-0.54,146.69,15.28,23.43,0.14,419.76,2.40,62.40,0.00,0.36,1.11,1.44,0.00,0.00,1,13.95,39.97,27.98,1,-13,3,0,0,STAT,60,LAT,LON,W,CRC
11/30/25 16:05:32,-0.54,152.61,15.04,24.07,0.29,420.27,2.40,62.40,0.00,0.52,1.22,1.32,0.00,0.00,1,13.87,11.29,25.87,1,-13,3,0,0,STAT,60,LAT,LON,W,CRC
11/30/25 16:06:31,-0.54,158.98,16.77,22.01,0.53,420.72,2.40,62.40,0.00,0.61,0.95,0.99,0.00,0.00,1,14.12,129.09,40.69,1,-9,1,0,0,STAT,60,LAT,LON,W,CRC
11/30/25 16:07:31,-0.54,160.22,17.72,21.22,-0.55,421.80,2.40,62.50,0.00,0.78,1.44,1.45,0.00,0.00,1,13.91,36.46,29.30,1,-13,1,0,0,STAT,60,LAT,LON,W,CRC
11/30/25 16:08:31,-0.54,160.36,17.70,20.71,-0.05,422.58,2.40,62.60,0.00,0.63,1.27,1.45,0.00,0.00,1,13.87,10.30,27.85,1,-12,0,-1,0,STAT,60,LAT,LON,W,CRC
11/30/25 16:09:31,-0.56,157.78,18.21,21.34,-0.99,422.85,2.40,62.70,0.00,0.78,1.45,1.56,0.00,0.00,1,14.05,71.86,33.78,1,-12,0,0,0,STAT,60,LAT,LON,W,CRC
11/30/25 16:10:31,-0.56,159.36,16.30,19.72,2.08,422.95,2.40,62.60,0.00,0.56,1.33,1.78,0.00,0.00,1,13.91,20.30,28.55,1,-13,1,-1,0,STAT,60,LAT,LON,W,CRC
11/30/25 16:11:35,-0.56,163.89,17.57,20.73,1.88,422.98,2.40,62.50,0.00,0.68,1.56,1.72,0.00,0.00,1,13.80,5.73,38.13,1,-13,0,0,0,STAT,60,LAT,LON,W,CRC
11/30/25 16:12:35,-0.56,162.87,16.90,19.60,1.71,422.91,2.40,62.60,0.00,0.52,1.43,1.48,0.00,0.00,1,13.95,35.00,30.72,1,-15,0,-1,0,STAT,60,LAT,LON,W,CRC
11/30/25 16:13:36,-0.56,163.03,15.75,19.20,2.05,422.35,2.40,62.80,0.00,0.30,1.26,1.44,0.00,0.00,1,13.87,9.89,27.93,1,-14,1,-1,0,STAT,60,LAT,LON,W,CRC
11/30/25 16:14:36,-0.56,165.50,14.08,19.53,1.75,422.12,2.40,62.70,0.00,0.18,0.97,1.03,0.00,0.00,1,13.84,2.79,28.62,1,-13,2,0,0,STAT,60,LAT,LON,W,CRC
11/30/25 16:15:36,-0.56,162.01,15.75,19.34,1.39,421.49,2.40,62.80,0.00,0.45,0.97,0.99,0.00,0.00,1,13.95,36.88,28.98,1,-12,1,-1,0,STAT,60,LAT,LON,W,CRC
11/30/25 16:16:36,-0.56,157.42,17.12,19.84,-0.00,421.17,2.40,62.70,0.00,0.17,0.93,0.94,0.00,0.00,1,13.87,10.42,26.05,1,-15,1,-1,-1,STAT,60,LAT,LON,W,CRC
11/30/25 16:17:34,-0.56,154.44,17.58,18.98,0.97,421.07,2.40,62.80,0.00,0.15,0.65,0.66,0.00,0.00,1,14.12,92.78,37.51,1,-10,1,-1,0,STAT,60,LAT,LON,W,CRC
11/30/25 16:18:34,-0.55,147.19,14.65,18.85,2.17,420.52,2.40,62.80,0.00,0.32,0.95,1.12,0.00,0.00,1,13.95,26.21,30.21,1,-12,2,-1,0,STAT,60,LAT,LON,W,CRC
11/30/25 16:19:34,-0.54,143.00,15.73,19.20,1.44,420.02,2.40,62.70,0.00,0.10,1.18,1.23,0.00,0.00,1,13.87,7.40,28.69,1,-11,0,-1,-1,STAT,60,LAT,LON,W,CRC
11/30/25 16:20:34,-0.54,142.04,13.64,18.23,1.44,419.36,2.40,62.70,0.00,0.10,1.36,1.60,0.00,0.00,1,14.12,83.19,28.34,1,-10,2,0,0,STAT,60,LAT,LON,W,CRC
11/30/25 16:21:34,-0.54,142.40,14.87,17.69,2.08,419.13,2.40,62.80,0.00,0.03,1.17,1.25,0.00,0.00,1,13.91,23.49,27.28,1,-13,1,-1,0,STAT,60,LAT,LON,W,CRC
11/30/25 16:22:36,-0.54,143.33,14.25,18.09,2.15,419.04,2.40,62.80,0.00,0.13,1.39,1.70,0.00,0.00,1,13.84,6.64,36.30,1,-14,1,-1,0,STAT,60,LAT,LON,W,CRC
11/30/25 16:23:36,-0.54,140.42,14.86,23.52,-3.22,417.91,2.40,62.90,0.00,0.50,1.52,1.62,0.00,0.00,1,13.98,109.70,30.82,1,-11,1,0,0,STAT,60,LAT,LON,W,CRC
11/30/25 16:24:36,-0.54,145.24,14.77,20.64,0.18,417.51,2.40,63.00,0.00,0.16,1.17,1.20,0.00,0.00,1,13.91,30.98,29.03,1,-10,2,0,0,STAT,60,LAT,LON,W,CRC
11/30/25 16:25:36,-0.54,158.61,16.12,20.52,0.87,418.18,2.40,63.10,0.00,0.42,1.12,1.13,0.00,0.00,1,13.84,8.75,27.48,1,-14,0,-1,0,STAT,60,LAT,LON,W,CRC
11/30/25 16:26:36,-0.53,167.71,16.09,20.89,2.19,419.33,2.40,62.90,0.00,0.60,1.07,1.08,0.00,0.00,1,13.98,109.25,28.04,1,-12,0,0,1,STAT,60,LAT,LON,W,CRC
11/30/25 16:27:36,-0.53,166.66,16.14,20.56,1.70,420.32,2.40,62.90,0.00,0.39,1.03,1.03,0.00,0.00,1,13.87,34.28,37.21,1,-13,1,-1,0,STAT,60,LAT,LON,W,CRC
11/30/25 16:28:36,-0.53,169.69,17.47,21.24,0.42,420.76,2.40,63.00,0.00,0.80,1.25,1.25,0.00,0.00,1,13.84,9.68,33.07,1,-11,0,0,0,STAT,60,LAT,LON,W,CRC
11/30/25 16:29:36,-0.52,175.01,15.45,21.13,0.20,420.92,2.50,63.10,0.00,0.45,1.06,1.06,0.00,0.00,1,13.95,52.90,30.96,1,-13,1,0,0,STAT,60,LAT,LON,W,CRC
11/30/25 16:30:36,-0.52,180.34,14.24,23.72,-1.34,421.78,2.50,63.20,0.00,0.44,1.31,1.31,0.00,0.00,1,13.87,14.94,29.91,1,-13,3,0,0,STAT,60,LAT,LON,W,CRC
11/30/25 16:31:37,-0.52,185.07,15.74,21.59,-0.68,423.56,2.50,63.20,0.00,0.75,1.17,1.58,0.00,0.00,1,13.84,4.22,26.68,1,-13,1,-1,-1,STAT,60,LAT,LON,W,CRC
11/30/25 16:32:37,-0.51,191.60,17.57,22.63,0.74,424.49,2.50,63.30,0.00,0.39,1.29,1.43,0.00,0.00,1,13.95,74.42,26.10,1,-15,0,-1,0,STAT,60,LAT,LON,W,CRC
11/30/25 16:33:37,-0.51,194.76,16.70,20.99,1.13,425.16,2.50,63.30,0.00,0.73,1.67,1.87,0.00,0.00,1,13.87,23.35,31.02,1,-12,1,-1,0,STAT,60,LAT,LON,W,CRC
11/30/25 16:34:37,-0.51,198.11,16.58,20.86,1.26,426.60,2.50,63.30,0.00,0.87,1.53,1.59,0.00,0.00,1,14.12,136.86,28.40,1,-9,1,-1,0,STAT,60,LAT,LON,W,CRC
11/30/25 16:35:37,-0.51,188.39,15.01,19.17,2.33,427.42,2.50,63.20,0.00,0.96,1.78,1.80,0.00,0.00,1,13.91,38.65,28.30,1,-13,3,-1,0,STAT,60,LAT,LON,W,CRC
11/30/25 16:36:37,-0.51,179.13,15.70,19.69,4.11,427.22,2.50,63.20,0.00,0.97,1.77,1.97,0.00,0.00,1,13.84,10.92,32.05,1,-12,1,-1,0,STAT,60,LAT,LON,W,CRC
11/30/25 16:37:37,-0.49,176.08,15.29,20.42,2.14,426.58,2.50,63.30,0.00,0.99,1.68,1.78,0.00,0.00,1,14.02,71.23,32.67,1,-12,1,-1,0,STAT,60,LAT,LON,W,CRC
11/30/25 16:38:34,-0.45,168.74,15.30,20.66,2.31,425.68,2.50,62.90,0.00,1.05,2.34,2.37,0.00,0.00,1,13.91,22.35,33.49,1,-15,1,-1,0,STAT,60,LAT,LON,W,CRC
11/30/25 16:39:34,-0.43,163.37,-34.92,-75.88,78.39,424.72,2.50,62.80,0.00,0.76,1.62,1.63,0.00,0.00,1,13.84,6.31,27.55,1,-14,59,-17,-9,STAT,60,LAT,LON,W,CRC
11/30/25 16:40:34,-0.42,159.33,-2.25,-15.21,31.33,423.57,2.50,62.70,0.00,0.88,1.52,1.53,0.00,0.00,1,13.98,80.93,28.07,1,-13,20,-7,-3,STAT,60,LAT,LON,W,CRC
11/30/25 16:41:34,-0.42,153.99,9.45,7.47,12.91,421.82,2.50,62.50,0.00,0.72,1.68,1.69,0.00,0.00,1,13.91,22.86,27.25,1,-16,7,-3,-1,STAT,60,LAT,LON,W,CRC
11/30/25 16:42:35,-0.40,150.06,13.68,13.80,6.87,419.45,2.50,62.60,0.00,0.84,1.49,1.49,0.00,0.00,1,13.84,6.46,28.84,1,-12,3,-1,-1,STAT,60,LAT,LON,W,CRC
11/30/25 16:43:38,-0.41,149.55,15.42,16.90,5.52,417.57,2.60,62.50,0.00,0.85,1.52,1.52,0.00,0.00,1,13.98,81.95,38.93,1,-12,1,-1,0,STAT,60,LAT,LON,W,CRC
11/30/25 16:44:38,-0.40,147.67,14.81,19.01,3.18,415.91,2.60,62.40,0.00,0.77,1.34,1.34,0.00,0.00,1,13.91,23.15,33.19,1,-13,0,0,-1,STAT,60,LAT,LON,W,CRC
11/30/25 16:45:39,-0.40,144.23,16.09,17.69,4.26,415.32,2.60,62.60,0.00,0.76,1.33,1.33,0.00,0.00,1,13.84,6.54,28.50,1,-12,0,-1,0,STAT,60,LAT,LON,W,CRC
11/30/25 16:46:39,-0.40,145.27,16.98,19.19,3.58,415.11,2.60,62.50,0.00,0.90,1.37,1.37,0.00,0.00,1,13.98,89.39,27.97,1,-9,1,0,0,STAT,60,LAT,LON,W,CRC
11/30/25 16:47:39,-0.38,146.35,16.72,17.24,5.02,415.04,2.60,62.40,0.00,0.74,1.37,1.37,0.00,0.00,1,13.91,25.25,30.83,1,-13,0,-1,0,STAT,60,LAT,LON,W,CRC
11/30/25 16:48:43,-0.35,148.46,15.13,19.80,2.95,415.01,2.60,62.50,0.00,0.60,1.10,1.38,0.00,0.00,1,14.09,54.23,32.41,1,-13,1,0,0,STAT,60,LAT,LON,W,CRC
11/30/25 16:49:38,-0.32,167.89,15.53,19.86,2.63,415.01,2.60,62.30,0.00,0.86,1.50,1.82,0.00,0.00,1,13.95,26.80,28.92,1,-14,1,-1,-1,STAT,60,LAT,LON,W,CRC
11/30/25 16:50:38,-0.31,196.55,15.89,21.70,1.32,416.54,2.60,62.30,0.00,0.67,1.71,1.81,0.00,0.00,1,13.87,7.57,29.01,1,-12,2,-1,0,STAT,60,LAT,LON,W,CRC
11/30/25 16:51:38,-0.30,201.87,17.42,21.36,1.84,419.61,2.60,62.40,0.00,0.83,1.67,1.70,0.00,0.00,1,14.09,74.40,29.68,1,-9,1,-1,0,STAT,60,LAT,LON,W,CRC
11/30/25 16:52:38,-0.30,203.86,16.55,21.40,1.81,423.75,2.60,62.50,0.00,0.96,2.37,2.41,0.00,0.00,1,13.95,43.21,27.18,1,-13,2,-1,0,STAT,60,LAT,LON,W,CRC
11/30/25 16:53:38,-0.30,204.42,17.86,22.56,1.61,426.50,2.60,62.60,0.00,0.96,2.03,2.31,0.00,0.00,1,13.87,12.21,28.11,1,-12,0,-1,0,STAT,60,LAT,LON,W,CRC
11/30/25 16:54:38,-0.29,199.95,19.16,21.92,1.48,428.20,2.60,62.70,0.00,0.99,1.66,1.76,0.00,0.00,1,13.98,80.17,28.38,1,-11,-1,-1,0,STAT,60,LAT,LON,W,CRC
11/30/25 16:55:38,-0.29,198.90,16.85,20.11,1.74,429.37,2.60,62.70,0.00,0.71,1.85,1.88,0.00,0.00,1,13.91,22.64,28.57,1,-15,1,-1,-1,STAT,60,LAT,LON,W,CRC
11/30/25 16:56:38,-0.29,181.76,17.03,17.80,4.44,428.78,2.60,62.40,0.00,0.71,1.49,1.50,0.00,0.00,1,13.84,6.39,28.08,1,-13,0,-1,-1,STAT,60,LAT,LON,W,CRC
11/30/25 16:57:39,-0.28,170.09,16.16,18.85,4.60,425.70,2.60,62.40,0.00,0.86,1.68,1.70,0.00,0.00,1,13.98,134.50,27.19,1,-13,0,-1,0,STAT,60,LAT,LON,W,CRC
11/30/25 16:58:39,-0.26,171.38,15.83,18.36,5.19,423.95,2.70,62.50,0.00,0.96,1.66,1.78,0.00,0.00,1,13.91,37.99,26.68,1,-14,0,-1,0,STAT,60,LAT,LON,W,CRC
11/30/25 16:59:37,-0.23,171.06,16.14,17.63,4.67,423.28,2.70,62.50,0.00,0.82,1.81,1.85,0.00,0.00,1,13.84,11.92,36.20,1,-14,1,-2,0,STAT,60,LAT,LON,W,CRC
11/30/25 17:00:37,-0.21,170.88,14.91,18.25,2.23,422.50,2.70,62.40,0.00,0.56,1.73,1.75,0.00,0.00,1,13.95,57.16,29.44,1,-13,1,-1,-1,STAT,60,LAT,LON,W,CRC
11/30/25 17:01:37,-0.20,167.63,16.38,17.83,5.31,422.17,2.70,62.20,0.00,0.53,1.74,1.88,0.00,0.00,1,13.87,16.14,27.81,1,-12,0,-1,0,STAT,60,LAT,LON,W,CRC
11/30/25 17:02:37,-0.20,159.51,14.05,18.95,4.18,421.48,2.70,62.20,0.00,0.84,1.95,1.99,0.00,0.00,1,13.84,4.56,28.28,1,-15,1,0,0,STAT,60,LAT,LON,W,CRC
11/30/25 17:03:37,-0.19,158.71,14.95,18.76,4.47,419.91,2.70,62.20,0.00,0.85,1.86,2.45,0.00,0.00,1,13.95,67.32,26.88,1,-12,0,0,0,STAT,60,LAT,LON,W,CRC
11/30/25 17:04:40,-0.18,158.09,14.17,18.78,4.16,418.70,2.70,62.20,0.00,0.88,1.58,1.97,0.00,0.00,1,13.87,19.01,39.71,1,-14,1,0,0,STAT,60,LAT,LON,W,CRC
11/30/25 17:05:40,-0.18,154.18,15.23,17.07,3.97,418.25,2.70,62.30,0.00,0.77,1.32,1.54,0.00,0.00,1,14.12,99.69,30.16,1,-12,0,-1,0,STAT,60,LAT,LON,W,CRC
11/30/25 17:06:40,-0.18,147.86,14.82,17.28,3.83,417.70,2.70,62.50,0.00,0.68,1.40,1.47,0.00,0.00,1,13.95,36.15,27.98,1,-14,1,-1,-1,STAT,60,LAT,LON,W,CRC
11/30/25 17:07:40,-0.18,147.82,15.42,17.54,3.54,416.89,2.70,62.60,0.00,0.67,1.30,1.33,0.00,0.00,1,13.87,10.21,28.11,1,-13,1,-1,0,STAT,60,LAT,LON,W,CRC
11/30/25 17:08:40,-0.17,150.72,14.97,17.68,3.69,416.23,2.70,62.50,0.00,0.65,1.32,1.56,0.00,0.00,1,14.12,86.11,28.71,1,-14,1,0,0,STAT,60,LAT,LON,W,CRC
11/30/25 17:09:40,-0.13,146.71,15.42,15.95,5.29,415.43,2.80,62.30,0.00,0.89,1.66,1.80,0.00,0.00,1,13.91,24.32,27.54,1,-15,0,-1,-1,STAT,60,LAT,LON,W,CRC
11/30/25 17:10:38,-0.11,156.01,15.61,17.76,3.02,415.98,2.80,62.40,0.00,0.96,1.48,1.53,0.00,0.00,1,13.84,7.63,33.50,1,-16,0,-1,-1,STAT,60,LAT,LON,W,CRC
11/30/25 17:11:38,-0.09,150.22,15.54,15.98,5.39,416.23,2.80,62.10,0.00,0.99,2.56,2.58,0.00,0.00,1,14.02,68.09,27.51,1,-13,0,-1,0,STAT,60,LAT,LON,W,CRC
11/30/25 17:12:38,-0.08,143.07,15.26,16.07,5.88,415.24,2.80,61.90,0.00,1.00,2.01,2.15,0.00,0.00,1,13.91,19.23,26.90,1,-14,0,-1,-1,STAT,60,LAT,LON,W,CRC
11/30/25 17:13:38,-0.07,137.50,15.24,15.41,6.63,414.21,2.80,61.70,0.00,0.54,1.18,1.44,0.00,0.00,1,13.84,5.43,28.12,1,-12,1,-1,0,STAT,60,LAT,LON,W,CRC
11/30/25 17:14:39,-0.07,142.31,13.38,16.03,6.91,413.65,2.80,61.60,0.00,0.63,1.11,1.19,0.00,0.00,1,14.02,79.65,28.23,1,-13,2,-1,-1,STAT,60,LAT,LON,W,CRC
11/30/25 17:15:41,-0.07,136.08,13.74,15.62,6.48,413.29,2.80,61.40,0.00,0.79,1.73,1.76,0.00,0.00,1,13.87,22.49,34.56,1,-14,1,-1,0,STAT,60,LAT,LON,W,CRC
11/30/25 17:16:41,-0.06,137.09,14.98,16.46,7.63,412.75,2.80,61.30,0.00,0.45,1.27,1.28,0.00,0.00,1,13.84,6.35,28.19,1,-15,2,0,0,STAT,60,LAT,LON,W,CRC
11/30/25 17:17:41,-0.05,135.55,14.57,14.42,8.47,411.68,2.80,61.30,0.00,0.57,1.41,1.41,0.00,0.00,1,13.95,68.75,26.96,1,-14,2,-1,0,STAT,60,LAT,LON,W,CRC
11/30/25 17:18:42,-0.03,133.48,13.83,13.81,9.00,411.24,2.80,61.30,0.00,0.36,0.82,1.14,0.00,0.00,1,13.87,19.42,26.31,1,-15,2,-1,0,STAT,60,LAT,LON,W,CRC
11/30/25 17:19:42,0.00,128.89,13.95,14.87,8.51,411.08,2.80,61.20,0.00,0.11,0.94,1.04,0.00,0.00,1,13.84,5.48,26.48,1,-14,2,-1,0,STAT,60,LAT,LON,W,CRC
11/30/25 17:20:39,0.02,126.44,13.82,14.25,8.05,411.03,2.80,61.30,0.00,0.40,1.07,1.11,0.00,0.00,1,13.95,43.97,41.59,1,-15,1,-2,-1,STAT,60,LAT,LON,W,CRC
11/30/25 17:21:39,0.02,129.58,14.11,15.92,6.04,411.01,2.80,61.10,0.00,0.78,1.45,1.46,0.00,0.00,1,13.87,12.42,32.07,1,-15,2,-1,-1,STAT,60,LAT,LON,W,CRC
11/30/25 17:22:40,0.03,128.83,15.59,14.60,7.10,410.42,2.80,61.10,0.00,0.73,1.38,1.39,0.00,0.00,1,14.09,70.60,27.48,1,-14,0,-1,0,STAT,60,LAT,LON,W,CRC
11/30/25 17:23:40,0.03,131.00,15.81,13.46,9.14,410.15,2.80,61.00,0.00,0.71,1.30,1.33,0.00,0.00,1,13.95,42.55,27.80,1,-14,0,-1,-1,STAT,60,LAT,LON,W,CRC
11/30/25 17:24:40,0.04,136.18,13.25,13.84,8.67,409.55,2.90,61.00,0.00,0.85,1.24,1.33,0.00,0.00,1,13.87,12.02,28.34,1,-14,2,-1,-1,STAT,60,LAT,LON,W,CRC
11/30/25 17:25:46,0.04,130.81,14.22,14.27,7.67,409.18,2.90,61.10,0.00,0.67,1.20,1.60,0.00,0.00,1,14.12,139.19,33.29,1,-9,1,0,0,STAT,60,LAT,LON,W,CRC
11/30/25 17:26:41,0.04,124.34,14.36,15.31,4.99,409.07,2.90,61.20,0.00,0.47,1.23,1.36,0.00,0.00,1,13.95,43.68,30.39,1,-13,1,-1,-1,STAT,60,LAT,LON,W,CRC
11/30/25 17:27:42,0.05,128.52,14.29,15.69,4.28,409.02,2.90,61.10,0.00,0.57,1.48,1.52,0.00,0.00,1,13.87,12.34,27.66,1,-16,1,0,-1,STAT,60,LAT,LON,W,CRC
11/30/25 17:28:42,0.05,127.02,13.03,14.48,7.88,409.01,2.90,61.20,0.00,0.18,1.06,1.09,0.00,0.00,1,14.12,136.48,27.52,1,-14,2,0,0,STAT,60,LAT,LON,W,CRC
11/30/25 17:29:42,0.06,129.19,13.03,15.40,6.15,409.41,2.90,61.20,0.00,0.48,1.46,1.57,0.00,0.00,1,13.91,38.55,32.16,1,-15,3,0,-1,STAT,60,LAT,LON,W,CRC
11/30/25 17:30:42,0.10,139.02,15.43,18.19,4.85,409.79,2.90,61.20,0.00,1.26,3.22,3.25,0.00,0.00,1,13.84,10.89,33.20,1,-14,1,0,-1,STAT,60,LAT,LON,W,CRC
11/30/25 17:31:41,0.12,137.77,13.01,16.44,4.75,410.72,2.90,61.30,0.00,1.80,4.00,4.01,0.00,0.00,1,13.98,96.59,33.49,1,-13,3,0,0,STAT,60,LAT,LON,W,CRC
11/30/25 17:32:41,0.13,132.83,16.24,15.79,5.96,411.14,3.00,61.20,0.00,1.07,2.10,2.11,0.00,0.00,1,13.91,27.28,30.16,1,-12,0,-1,-1,STAT,60,LAT,LON,W,CRC
11/30/25 17:33:41,0.13,136.35,15.14,17.24,5.60,411.05,3.00,61.00,0.00,0.43,1.31,1.53,0.00,0.00,1,13.84,7.70,31.22,1,-14,1,0,0,STAT,60,LAT,LON,W,CRC
11/30/25 17:34:41,0.14,132.42,14.25,17.08,5.02,411.23,3.00,61.20,0.00,0.22,1.54,1.61,0.00,0.00,1,13.98,85.48,26.78,1,-12,2,-1,-1,STAT,60,LAT,LON,W,CRC
11/30/25 17:35:41,0.15,135.15,17.32,17.91,4.37,411.70,3.00,61.20,0.00,0.70,1.64,1.66,0.00,0.00,1,13.91,24.14,26.72,1,-13,2,-1,0,STAT,60,LAT,LON,W,CRC
11/30/25 17:36:41,0.15,134.88,17.07,18.05,4.59,411.63,3.00,61.20,0.00,0.46,1.11,1.12,0.00,0.00,1,13.84,7.58,32.56,1,-14,1,-1,0,STAT,60,LAT,LON,W,CRC
11/30/25 17:37:41,0.16,130.42,14.56,18.63,4.06,412.10,3.00,61.40,0.00,0.56,1.22,1.22,0.00,0.00,1,13.98,74.19,28.71,1,-13,4,0,0,STAT,60,LAT,LON,W,CRC
11/30/25 17:38:41,0.16,125.98,14.67,16.68,5.85,412.03,3.00,61.00,0.00,0.24,1.14,1.14,0.00,0.00,1,13.87,20.95,29.83,1,-14,2,-1,0,STAT,60,LAT,LON,W,CRC
11/30/25 17:39:42,0.19,120.24,15.14,14.54,6.10,411.39,3.00,60.60,0.00,0.21,0.59,0.59,0.00,0.00,1,13.84,5.92,31.37,1,-13,2,-1,-1,STAT,60,LAT,LON,W,CRC
11/30/25 17:40:42,0.22,120.56,14.03,14.37,8.81,410.49,3.00,60.60,0.00,0.07,0.63,0.63,0.00,0.00,1,13.95,38.01,27.67,1,-14,1,-1,0,STAT,60,LAT,LON,W,CRC
11/30/25 17:41:41,0.24,117.60,15.29,13.67,8.07,409.84,3.00,60.50,0.00,0.32,0.87,0.95,0.00,0.00,1,13.87,11.93,34.89,1,-13,1,-1,-1,STAT,60,LAT,LON,W,CRC
11/30/25 17:42:42,0.25,115.41,15.07,18.92,4.25,409.22,3.00,60.80,0.00,0.10,1.25,1.28,0.00,0.00,1,14.09,119.18,28.39,1,-13,1,0,2,STAT,60,LAT,LON,W,CRC
11/30/25 17:43:42,0.25,117.22,15.45,14.29,6.27,408.69,3.00,61.10,0.00,0.52,1.32,1.33,0.00,0.00,1,13.95,60.81,27.02,1,-16,0,-1,0,STAT,60,LAT,LON,W,CRC
11/30/25 17:44:42,0.26,122.10,15.40,12.44,7.99,408.80,3.00,61.20,0.00,0.63,1.76,1.88,0.00,0.00,1,13.87,17.17,26.17,1,-14,0,-2,0,STAT,60,LAT,LON,W,CRC
11/30/25 17:45:42,0.27,129.47,15.32,14.21,6.54,409.58,3.10,61.30,0.00,0.65,1.57,1.64,0.00,0.00,1,14.09,62.92,28.31,1,-12,1,-1,-1,STAT,60,LAT,LON,W,CRC
11/30/25 17:46:52,0.28,132.76,15.94,13.63,7.35,409.86,3.10,61.20,0.00,0.70,1.37,1.55,0.00,0.00,1,13.91,26.38,36.27,1,-14,1,-1,-1,STAT,60,LAT,LON,W,CRC
11/30/25 17:47:42,0.32,135.56,16.92,14.83,6.43,409.94,3.10,61.20,0.00,0.47,1.13,1.20,0.00,0.00,1,13.87,9.20,32.12,1,-14,0,-1,-1,STAT,60,LAT,LON,W,CRC
11/30/25 17:48:42,0.34,142.47,15.46,14.75,6.74,410.21,3.10,61.30,0.00,0.21,0.97,1.00,0.00,0.00,1,14.12,142.74,26.56,1,-10,1,-1,0,STAT,60,LAT,LON,W,CRC
11/30/25 17:49:42,0.36,141.89,13.70,14.51,7.11,411.23,3.10,61.50,0.00,0.74,1.55,1.55,0.00,0.00,1,13.95,40.31,26.28,1,-13,2,-2,-1,STAT,60,LAT,LON,W,CRC
11/30/25 17:50:42,0.37,145.94,15.48,14.24,6.66,412.99,3.20,61.50,0.00,0.71,1.24,1.24,0.00,0.00,1,13.87,11.39,31.10,1,-14,2,-2,-1,STAT,60,LAT,LON,W,CRC
11/30/25 17:51:42,0.38,146.06,14.15,15.48,5.77,413.65,3.20,61.40,0.00,0.89,1.27,1.57,0.00,0.00,1,14.09,65.80,30.75,1,-13,2,-1,0,STAT,60,LAT,LON,W,CRC
11/30/25 17:52:42,0.41,150.02,18.70,16.70,6.66,414.32,3.30,61.00,0.00,0.85,1.53,1.63,0.00,0.00,1,13.91,43.46,34.01,1,-13,0,-1,0,STAT,60,LAT,LON,W,CRC
11/30/25 17:53:43,0.44,149.93,19.04,18.28,5.41,414.92,3.30,61.00,0.00,0.50,1.38,1.42,0.00,0.00,1,13.84,12.27,31.27,1,-14,1,-1,0,STAT,60,LAT,LON,W,CRC
11/30/25 17:54:43,0.46,157.01,19.41,18.34,4.83,416.69,3.30,61.10,0.00,0.44,1.29,1.30,0.00,0.00,1,14.02,116.51,27.34,1,-14,1,-1,0,STAT,60,LAT,LON,W,CRC
11/30/25 17:55:43,0.48,143.47,17.25,16.07,5.80,417.54,3.30,60.90,0.00,0.60,1.19,1.20,0.00,0.00,1,13.91,32.91,25.58,1,-16,2,-2,-1,STAT,60,LAT,LON,W,CRC
11/30/25 17:56:43,0.48,142.84,18.38,16.66,5.59,417.47,3.30,60.70,0.00,0.79,1.40,1.40,0.00,0.00,1,13.87,9.29,27.31,1,-15,0,-1,-1,STAT,60,LAT,LON,W,CRC
11/30/25 17:57:45,0.50,144.45,17.21,16.91,4.93,417.17,3.30,60.70,0.00,0.88,1.34,1.34,0.00,0.00,1,14.02,96.19,38.66,1,-13,2,-1,-1,STAT,60,LAT,LON,W,CRC
11/30/25 17:58:45,0.55,142.52,16.62,14.85,7.13,417.17,3.40,60.20,0.00,1.09,2.48,2.48,0.00,0.00,1,13.91,27.17,29.33,1,-15,1,-1,-1,STAT,60,LAT,LON,W,CRC
11/30/25 17:59:45,0.56,134.22,16.03,15.07,7.02,416.56,3.40,60.20,0.00,1.19,1.97,2.24,0.00,0.00,1,13.84,7.67,27.32,1,-14,0,-2,-1,STAT,60,LAT,LON,W,CRC
11/30/25 18:00:45,0.57,134.69,15.53,13.48,7.96,416.04,3.40,60.40,0.00,1.56,3.32,3.40,0.00,0.00,1,14.02,100.92,27.50,1,-13,1,-2,-1,STAT,60,LAT,LON,W,CRC
11/30/25 18:01:45,0.59,138.19,16.19,14.49,6.62,415.15,3.40,60.50,0.00,2.12,4.00,4.35,0.00,0.00,1,13.91,28.50,27.79,1,-14,3,-2,-1,STAT,60,LAT,LON,W,CRC
11/30/25 18:02:43,0.60,134.71,14.19,15.11,5.76,414.71,3.40,60.40,0.00,1.58,3.02,3.19,0.00,0.00,1,13.80,8.94,42.66,1,-12,3,-1,-1,STAT,60,LAT,LON,W,CRC
11/30/25 18:03:43,0.62,136.29,12.79,15.29,5.28,414.25,3.40,60.60,0.00,1.33,3.00,3.06,0.00,0.00,1,13.98,55.56,30.76,1,-14,3,-1,-1,STAT,60,LAT,LON,W,CRC
11/30/25 18:04:43,0.66,134.38,14.38,13.79,6.66,414.09,3.50,60.50,0.00,1.31,2.11,2.38,0.00,0.00,1,13.91,15.69,27.60,1,-13,3,-2,-1,STAT,60,LAT,LON,W,CRC
11/30/25 18:05:43,0.68,133.25,15.67,13.88,6.51,414.03,3.50,60.10,0.00,1.10,1.72,1.81,0.00,0.00,1,13.84,4.43,28.11,1,-14,1,-2,0,STAT,60,LAT,LON,W,CRC
11/30/25 18:06:43,0.69,135.88,15.21,15.45,5.35,414.01,3.50,60.00,0.00,0.60,1.43,1.53,0.00,0.00,1,13.98,55.09,27.63,1,-13,1,-2,-1,STAT,60,LAT,LON,W,CRC
11/30/25 18:07:43,0.70,142.28,14.87,12.82,8.06,414.00,3.60,59.90,0.00,0.58,1.66,1.71,0.00,0.00,1,13.91,15.56,28.40,1,-14,2,-2,-1,STAT,60,LAT,LON,W,CRC
11/30/25 18:08:46,0.71,160.42,16.39,13.98,6.79,414.00,3.60,59.80,0.00,0.82,1.99,2.01,0.00,0.00,1,13.84,4.39,33.92,1,-14,1,-2,-1,STAT,60,LAT,LON,W,CRC
11/30/25 18:09:46,0.76,155.28,15.50,14.97,7.87,414.00,3.60,59.70,0.00,0.85,1.47,1.47,0.00,0.00,1,13.98,86.42,28.65,1,-16,1,0,0,STAT,60,LAT,LON,W,CRC
11/30/25 18:10:47,0.78,156.44,14.14,15.00,7.40,414.50,3.60,59.60,0.00,0.71,1.46,1.46,0.00,0.00,1,13.91,24.41,27.27,1,-15,2,-1,-1,STAT,60,LAT,LON,W,CRC
11/30/25 18:11:47,0.80,151.94,15.09,15.01,6.23,414.69,3.60,59.80,0.00,0.63,1.60,1.60,0.00,0.00,1,13.84,6.89,28.62,1,-14,1,-1,-1,STAT,60,LAT,LON,W,CRC
11/30/25 18:12:47,0.81,153.29,13.44,13.59,7.94,414.35,3.60,59.90,0.00,0.86,1.41,1.68,0.00,0.00,1,13.98,130.79,29.50,1,-14,3,-2,-1,STAT,60,LAT,LON,W,CRC
11/30/25 18:13:44,0.81,162.51,15.32,14.17,7.28,414.23,3.60,59.50,0.00,0.77,1.39,1.48,0.00,0.00,1,13.87,41.04,35.61,1,-14,2,-1,0,STAT,60,LAT,LON,W,CRC
11/30/25 18:14:45,0.85,157.82,15.04,12.78,9.78,414.08,3.60,59.20,0.00,0.91,2.20,2.52,0.00,0.00,1,13.84,11.59,28.18,1,-14,3,-1,0,STAT,60,LAT,LON,W,CRC
11/30/25 18:15:45,0.88,147.88,16.93,12.51,9.18,414.03,3.70,59.50,0.00,0.71,1.61,1.72,0.00,0.00,1,13.98,98.12,28.00,1,-15,0,-2,0,STAT,60,LAT,LON,W,CRC
11/30/25 18:16:45,0.90,142.22,16.07,12.15,9.29,413.72,3.70,59.50,0.00,0.90,1.85,1.89,0.00,0.00,1,13.91,27.71,27.47,1,-15,0,-2,-1,STAT,60,LAT,LON,W,CRC
11/30/25 18:17:45,0.91,141.62,15.93,13.00,7.80,413.90,3.70,58.90,0.00,1.21,2.88,2.89,0.00,0.00,1,13.84,7.83,28.77,1,-14,1,-2,-1,STAT,60,LAT,LON,W,CRC
11/30/25 18:18:45,0.92,140.90,16.18,12.10,9.62,413.89,3.70,59.00,0.00,1.16,2.21,2.21,0.00,0.00,1,13.98,95.30,36.79,1,-12,1,-2,0,STAT,60,LAT,LON,W,CRC
11/30/25 18:19:45,0.92,141.09,14.65,11.88,10.07,414.35,3.70,59.00,0.00,1.05,2.10,2.10,0.00,0.00,1,13.87,26.92,30.96,1,-12,2,-2,-1,STAT,60,LAT,LON,W,CRC
11/30/25 18:20:45,0.95,153.55,15.71,12.87,9.21,415.13,3.70,59.00,0.00,1.07,1.87,1.87,0.00,0.00,1,13.80,7.60,31.60,1,-11,2,-2,-1,STAT,60,LAT,LON,W,CRC
11/30/25 18:21:45,0.98,155.51,15.72,13.41,8.69,415.69,3.70,58.80,0.00,0.83,1.57,1.73,0.00,0.00,1,13.98,41.52,27.45,1,-12,1,-2,-1,STAT,60,LAT,LON,W,CRC
11/30/25 18:22:45,1.00,156.10,16.51,14.15,7.52,415.89,3.70,58.70,0.00,1.05,1.99,2.20,0.00,0.00,1,13.91,11.73,26.46,1,-13,0,-1,-1,STAT,60,LAT,LON,W,CRC
11/30/25 18:23:54,1.01,170.74,17.00,16.03,6.48,416.19,3.70,58.90,0.00,1.01,1.73,2.14,0.00,0.00,1,14.09,47.50,37.35,1,-11,1,-1,-1,STAT,60,LAT,LON,W,CRC
11/30/25 18:24:49,1.02,184.05,16.09,16.29,5.90,416.69,3.70,58.90,0.00,1.01,2.58,2.92,0.00,0.00,1,13.95,24.58,28.54,1,-14,1,-1,-1,STAT,60,LAT,LON,W,CRC
11/30/25 18:25:49,1.02,180.72,17.18,14.08,7.61,417.32,3.70,59.00,0.00,0.84,1.88,1.99,0.00,0.00,1,13.87,6.94,27.70,1,-14,0,-2,-1,STAT,60,LAT,LON,W,CRC
11/30/25 18:26:44,1.03,162.35,15.09,14.81,6.57,417.12,3.70,58.90,0.00,0.95,1.96,1.99,0.00,0.00,1,13.84,2.18,27.98,1,-15,2,-1,-1,STAT,60,LAT,LON,W,CRC
11/30/25 18:27:45,1.04,148.91,14.61,14.02,7.38,417.04,3.70,59.10,0.00,0.98,1.83,1.84,0.00,0.00,1,13.95,62.72,35.60,1,-14,3,-1,0,STAT,60,LAT,LON,W,CRC
11/30/25 18:28:45,1.05,137.45,14.26,11.58,8.46,417.02,3.80,58.90,0.00,0.71,1.43,1.44,0.00,0.00,1,13.87,17.71,30.48,1,-13,3,-2,-1,STAT,60,LAT,LON,W,CRC
11/30/25 18:29:45,1.09,135.66,13.24,12.30,7.86,416.50,3.80,58.70,0.00,0.58,1.46,1.46,0.00,0.00,1,13.80,5.56,33.33,1,-13,3,-1,-1,STAT,60,LAT,LON,W,CRC
11/30/25 18:30:45,1.11,129.34,13.14,12.86,8.25,415.37,3.80,58.80,0.00,0.35,1.17,1.17,0.00,0.00,1,13.95,30.21,30.77,1,-14,4,-1,-1,STAT,60,LAT,LON,W,CRC
11/30/25 18:31:45,1.13,124.46,13.24,12.86,7.61,413.75,3.80,58.50,0.00,0.79,1.52,1.99,0.00,0.00,1,13.87,8.53,27.51,1,-14,2,-1,-1,STAT,60,LAT,LON,W,CRC
11/30/25 18:32:45,1.13,125.57,13.54,14.16,6.98,412.62,3.90,58.80,0.00,0.91,1.40,1.56,0.00,0.00,1,13.84,2.41,30.44,1,-14,2,-1,-1,STAT,60,LAT,LON,W,CRC
11/30/25 18:33:45,1.14,127.61,16.26,14.76,7.19,412.22,3.90,59.00,0.00,0.87,1.43,1.54,0.00,0.00,1,13.95,65.15,37.13,1,-14,2,-1,-1,STAT,60,LAT,LON,W,CRC
11/30/25 18:34:48,1.14,129.61,15.81,16.14,5.29,412.62,3.90,58.80,0.00,0.49,1.12,1.16,0.00,0.00,1,13.87,18.40,34.84,1,-16,2,-1,-1,STAT,60,LAT,LON,W,CRC
11/30/25 18:35:48,1.18,131.86,15.46,14.39,6.98,412.79,3.90,58.50,0.00,1.48,2.94,2.95,0.00,0.00,1,14.12,99.23,27.02,1,-13,2,-1,-1,STAT,60,LAT,LON,W,CRC
11/30/25 18:36:48,1.21,131.60,14.79,13.31,7.91,412.82,4.00,58.50,0.00,1.78,3.95,3.95,0.00,0.00,1,13.95,36.22,28.86,1,-14,2,-2,-1,STAT,60,LAT,LON,W,CRC
11/30/25 18:37:48,1.23,133.00,15.04,12.67,9.29,412.79,4.00,58.40,0.00,1.33,2.75,2.75,0.00,0.00,1,13.87,10.23,26.52,1,-15,2,-2,0,STAT,60,LAT,LON,W,CRC
11/30/25 18:38:49,1.24,131.93,13.75,12.66,9.08,412.28,4.00,58.40,0.00,1.11,2.55,2.55,0.00,0.00,1,14.09,58.05,28.44,1,-13,2,-1,0,STAT,60,LAT,LON,W,CRC
11/30/25 18:39:46,1.25,128.66,12.55,13.81,7.86,412.04,4.00,58.20,0.00,1.08,2.18,2.18,0.00,0.00,1,13.91,30.03,35.99,1,-13,3,-1,-1,STAT,60,LAT,LON,W,CRC
11/30/25 18:40:46,1.30,139.35,13.55,14.12,7.32,412.07,4.00,58.20,0.00,0.83,1.76,2.18,0.00,0.00,1,13.87,8.48,31.66,1,-12,2,-1,-1,STAT,60,LAT,LON,W,CRC
11/30/25 18:41:47,1.33,156.00,16.29,12.77,9.08,413.86,4.00,58.20,0.00,0.86,1.99,2.14,0.00,0.00,1,14.12,95.23,28.81,1,-13,1,-2,-1,STAT,60,LAT,LON,W,CRC
11/30/25 18:42:48,1.35,155.33,14.63,13.89,7.30,414.68,4.10,57.80,0.00,0.80,1.67,1.72,0.00,0.00,1,13.95,34.79,28.78,1,-14,3,-2,-1,STAT,60,LAT,LON,W,CRC
11/30/25 18:43:48,1.36,150.47,14.32,13.60,7.72,414.89,4.10,57.40,0.00,0.94,1.92,1.94,0.00,0.00,1,13.87,9.83,26.58,1,-13,3,-2,-1,STAT,60,LAT,LON,W,CRC
11/30/25 18:44:48,1.39,143.75,13.99,12.94,10.17,414.96,4.10,57.20,0.00,0.86,1.44,1.44,0.00,0.00,1,14.05,101.16,24.75,1,-13,5,0,0,STAT,60,LAT,LON,W,CRC
11/30/25 18:45:51,1.43,132.89,14.43,12.23,10.86,414.63,4.10,57.00,0.00,0.56,1.11,1.26,0.00,0.00,1,13.95,56.93,28.02,1,-13,3,-1,0,STAT,60,LAT,LON,W,CRC
11/30/25 18:46:51,1.45,124.90,13.52,11.01,11.20,413.72,4.10,56.90,0.00,0.34,1.02,1.07,0.00,0.00,1,13.87,16.08,28.63,1,-13,3,-2,-1,STAT,60,LAT,LON,W,CRC
11/30/25 18:47:51,1.46,123.41,12.95,12.03,10.34,412.55,4.10,56.80,0.00,0.58,1.00,1.02,0.00,0.00,1,14.09,85.19,28.41,1,-13,3,-1,0,STAT,60,LAT,LON,W,CRC
11/30/25 18:48:51,1.46,116.81,14.59,11.98,9.09,411.55,4.10,56.10,0.00,0.33,1.11,1.31,0.00,0.00,1,13.95,47.84,28.75,1,-11,2,-1,-2,STAT,60,LAT,LON,W,CRC
11/30/25 18:49:51,1.47,116.62,15.84,12.72,11.43,410.69,4.00,56.00,0.00,0.41,0.84,0.90,0.00,0.00,1,13.87,13.51,27.40,1,-11,1,-1,0,STAT,60,LAT,LON,W,CRC
11/30/25 18:50:50,1.49,119.88,16.09,13.03,8.50,410.27,4.00,56.00,0.00,0.57,0.94,0.96,0.00,0.00,1,14.05,78.42,36.69,1,-12,1,-1,-2,STAT,60,LAT,LON,W,CRC
11/30/25 18:51:50,1.53,117.87,16.41,12.77,9.77,410.39,4.00,55.90,0.00,0.19,1.05,1.06,0.00,0.00,1,13.95,22.15,30.58,1,-11,1,-1,-1,STAT,60,LAT,LON,W,CRC
11/30/25 18:52:50,1.54,120.39,14.84,13.25,9.77,410.84,4.00,56.10,0.00,0.38,1.31,1.32,0.00,0.00,1,13.87,6.26,28.22,1,-11,1,-1,-1,STAT,60,LAT,LON,W,CRC
11/30/25 18:53:50,1.55,123.69,13.74,11.61,12.36,411.03,3.90,56.40,0.00,0.51,1.21,1.21,0.00,0.00,1,14.12,198.76,25.68,1,-12,2,-1,0,STAT,60,LAT,LON,W,CRC
11/30/25 18:54:50,1.56,124.66,14.42,13.10,9.95,411.01,4.00,56.40,0.00,0.33,1.40,1.40,0.00,0.00,1,13.95,56.14,25.67,1,-14,2,-1,0,STAT,60,LAT,LON,W,CRC
11/30/25 18:55:50,1.56,119.21,13.76,12.12,9.64,411.00,4.00,56.60,0.00,0.27,1.71,1.71,0.00,0.00,1,13.87,17.62,33.11,1,-13,2,-1,-1,STAT,60,LAT,LON,W,CRC
11/30/25 18:56:50,1.56,120.96,14.96,11.95,10.88,410.50,4.00,56.50,0.00,0.65,1.81,1.81,0.00,0.00,1,14.12,114.54,27.97,1,-13,2,-1,-1,STAT,60,LAT,LON,W,CRC
11/30/25 18:57:50,1.57,123.16,15.94,12.52,9.90,410.02,4.00,56.30,0.00,0.62,1.60,1.60,0.00,0.00,1,13.95,32.35,29.21,1,-17,1,-1,-1,STAT,60,LAT,LON,W,CRC
11/30/25 18:58:50,1.57,117.48,15.71,12.96,10.25,409.71,4.00,56.60,0.00,0.61,1.36,1.36,0.00,0.00,1,13.87,9.14,28.95,1,-13,1,-1,0,STAT,60,LAT,LON,W,CRC
11/30/25 18:59:51,1.58,117.80,15.08,13.05,9.34,409.90,4.10,56.80,0.00,0.30,1.07,1.07,0.00,0.00,1,14.09,69.35,30.42,1,-12,2,-1,0,STAT,60,LAT,LON,W,CRC
11/30/25 19:00:57,1.58,119.85,15.23,12.42,9.10,410.24,4.10,56.70,0.00,0.30,0.95,0.95,0.00,0.00,1,13.91,37.15,42.29,1,-14,2,-1,-1,STAT,60,LAT,LON,W,CRC
11/30/25 19:01:47,1.58,125.32,14.80,12.98,9.21,410.10,4.10,56.40,0.00,0.66,1.70,1.70,0.00,0.00,1,13.87,12.95,32.14,1,-14,2,-1,-1,STAT,60,LAT,LON,W,CRC
11/30/25 19:02:47,1.59,130.06,15.17,14.98,7.90,410.44,4.10,56.60,0.00,0.51,1.28,1.53,0.00,0.00,1,14.12,119.21,31.03,1,-10,1,0,0,STAT,60,LAT,LON,W,CRC
11/30/25 19:03:47,1.63,127.81,14.95,14.64,9.32,410.80,4.10,56.30,0.00,0.61,1.17,1.33,0.00,0.00,1,13.95,42.68,27.70,1,-14,2,-1,-1,STAT,60,LAT,LON,W,CRC
11/30/25 19:04:48,1.65,127.33,14.40,14.14,8.05,410.87,4.10,56.40,0.00,0.39,1.15,1.20,0.00,0.00,1,13.87,12.05,29.78,1,-11,3,-1,-1,STAT,60,LAT,LON,W,CRC
11/30/25 19:05:48,1.66,126.21,14.30,14.05,9.57,410.41,4.10,56.50,0.00,0.70,1.24,1.26,0.00,0.00,1,13.80,3.40,27.05,1,-14,2,-1,0,STAT,60,LAT,LON,W,CRC
11/30/25 19:06:50,1.67,127.10,14.98,13.45,9.41,410.26,4.20,56.50,0.00,0.79,1.35,1.36,0.00,0.00,1,13.95,78.00,39.22,1,-14,2,0,0,STAT,60,LAT,LON,W,CRC
11/30/25 19:07:50,1.68,124.97,14.13,11.87,10.13,410.09,4.20,56.60,0.00,0.50,1.13,1.14,0.00,0.00,1,13.87,22.03,29.55,1,-13,2,-1,0,STAT,60,LAT,LON,W,CRC
11/30/25 19:08:50,1.68,125.52,13.41,12.19,9.86,410.03,4.20,56.60,0.00,0.41,1.04,1.04,0.00,0.00,1,13.84,6.22,26.43,1,-14,3,-1,0,STAT,60,LAT,LON,W,CRC
11/30/25 19:09:50,1.69,126.91,14.38,14.68,8.23,410.66,4.30,56.80,0.00,0.80,1.58,1.58,0.00,0.00,1,13.98,93.84,29.28,1,-13,3,-1,0,STAT,60,LAT,LON,W,CRC
11/30/25 19:10:50,1.73,128.36,15.17,12.83,10.82,411.38,4.30,56.80,0.00,0.93,1.47,2.10,0.00,0.00,1,13.91,26.50,28.01,1,-16,2,-2,0,STAT,60,LAT,LON,W,CRC
11/30/25 19:11:50,1.76,127.87,14.78,12.02,10.68,411.42,4.30,56.80,0.00,0.78,1.35,1.73,0.00,0.00,1,13.84,8.32,29.46,1,-17,2,-1,-1,STAT,60,LAT,LON,W,CRC
11/30/25 19:12:50,1.77,129.32,14.08,13.04,11.15,411.15,4.30,56.30,0.00,0.57,1.14,1.26,0.00,0.00,1,13.98,60.83,27.24,1,-17,3,-1,0,STAT,60,LAT,LON,W,CRC
11/30/25 19:13:50,1.79,129.85,13.36,12.24,12.34,411.42,4.30,56.10,0.00,0.18,0.84,0.88,0.00,0.00,1,13.91,17.18,27.24,1,-16,3,-2,0,STAT,60,LAT,LON,W,CRC
11/30/25 19:14:50,1.80,128.81,13.83,12.32,12.18,411.65,4.30,56.10,0.00,0.46,1.32,1.34,0.00,0.00,1,13.84,4.85,29.13,1,-14,2,-1,0,STAT,60,LAT,LON,W,CRC
11/30/25 19:15:50,1.85,131.87,16.04,15.17,9.25,411.88,4.30,56.20,0.00,0.47,1.28,1.28,0.00,0.00,1,13.98,73.40,32.15,1,-14,2,-1,0,STAT,60,LAT,LON,W,CRC
11/30/25 19:16:50,1.88,130.37,16.22,13.44,9.59,412.31,4.30,55.70,0.00,0.25,1.33,1.33,0.00,0.00,1,13.87,23.03,34.17,1,-14,2,-1,-1,STAT,60,LAT,LON,W,CRC
11/30/25 19:17:50,1.89,124.52,15.34,12.34,10.67,412.11,4.30,55.70,0.00,0.24,0.93,0.93,0.00,0.00,1,13.84,6.51,27.90,1,-12,1,-1,-1,STAT,60,LAT,LON,W,CRC
11/30/25 19:18:50,1.90,118.57,13.99,13.53,9.16,411.54,4.30,56.20,0.00,0.49,0.98,0.98,0.00,0.00,1,13.98,77.11,28.04,1,-13,2,-1,-1,STAT,60,LAT,LON,W,CRC
11/30/25 19:19:51,1.93,117.76,14.50,10.35,11.05,410.65,4.30,56.30,0.00,0.41,0.92,0.92,0.00,0.00,1,13.91,21.78,29.73,1,-14,2,-2,-1,STAT,60,LAT,LON,W,CRC
11/30/25 19:20:51,1.97,123.10,15.51,9.89,11.37,410.28,4.40,55.90,0.00,0.47,1.06,1.06,0.00,0.00,1,13.84,6.15,31.87,1,-16,2,-2,-1,STAT,60,LAT,LON,W,CRC
11/30/25 19:21:51,1.99,122.13,14.29,11.16,11.58,410.32,4.40,55.50,0.00,0.80,1.26,1.26,0.00,0.00,1,14.05,138.36,30.58,1,-14,3,-1,0,STAT,60,LAT,LON,W,CRC
11/30/25 19:22:53,2.00,124.26,14.35,11.93,10.80,410.03,4.40,55.50,0.00,0.64,1.04,1.08,0.00,0.00,1,13.91,39.08,30.23,1,-15,3,-1,0,STAT,60,LAT,LON,W,CRC
11/30/25 19:23:53,2.02,123.08,14.77,11.46,11.81,409.36,4.40,55.00,0.00,0.33,0.95,0.96,0.00,0.00,1,13.84,11.04,29.49,1,-13,2,-2,0,STAT,60,LAT,LON,W,CRC
11/30/25 19:24:53,2.07,124.28,16.14,10.61,13.08,409.13,4.40,54.60,0.00,0.39,0.69,0.69,0.00,0.00,1,14.02,97.42,28.10,1,-12,1,-2,0,STAT,60,LAT,LON,W,CRC
11/30/25 19:25:53,2.09,126.35,12.92,10.87,11.28,409.05,4.40,54.60,0.00,0.66,0.97,0.97,0.00,0.00,1,13.91,27.51,25.12,1,-13,4,-2,-1,STAT,60,LAT,LON,W,CRC
11/30/25 19:26:53,2.11,120.29,14.20,9.47,13.35,409.02,4.40,54.80,0.00,0.51,1.09,1.09,0.00,0.00,1,13.87,7.77,27.50,1,-14,3,-2,-1,STAT,60,LAT,LON,W,CRC
11/30/25 19:27:51,2.11,123.67,14.73,11.07,11.84,409.01,4.40,54.80,0.00,0.32,0.94,0.94,0.00,0.00,1,14.02,53.78,32.78,1,-13,2,-2,-1,STAT,60,LAT,LON,W,CRC
11/30/25 19:28:51,2.15,122.65,13.83,10.23,12.08,409.00,4.50,54.50,0.00,0.20,0.73,0.73,0.00,0.00,1,13.91,15.19,28.89,1,-14,2,-2,-1,STAT,60,LAT,LON,W,CRC
11/30/25 19:29:51,2.19,122.48,15.04,9.83,13.08,409.00,4.50,54.40,0.00,0.08,0.78,1.16,0.00,0.00,1,13.87,4.29,29.62,1,-15,2,-2,0,STAT,60,LAT,LON,W,CRC
11/30/25 19:30:51,2.20,132.53,14.43,10.86,15.43,409.00,4.50,54.60,0.00,0.54,1.04,1.16,0.00,0.00,1,14.12,190.22,27.66,1,-13,2,-2,1,STAT,60,LAT,LON,W,CRC
11/30/25 19:31:51,2.22,137.67,14.75,10.56,12.18,409.63,4.50,54.80,0.00,0.41,1.07,1.24,0.00,0.00,1,13.95,53.72,25.21,1,-14,2,-3,-1,STAT,60,LAT,LON,W,CRC
11/30/25 19:32:53,2.22,140.21,13.22,11.29,10.81,410.52,4.50,54.80,0.00,0.73,1.86,1.93,0.00,0.00,1,13.84,15.17,33.37,1,-14,4,-2,-1,STAT,60,LAT,LON,W,CRC
11/30/25 19:33:53,2.26,168.47,13.69,11.86,11.02,411.76,4.50,55.00,0.00,1.03,2.35,2.48,0.00,0.00,1,14.12,110.58,28.60,1,-11,3,-2,0,STAT,60,LAT,LON,W,CRC
11/30/25 19:34:53,2.29,159.79,14.85,11.07,11.84,412.92,4.60,55.20,0.00,0.73,1.88,2.47,0.00,0.00,1,13.95,40.04,28.23,1,-14,2,-2,0,STAT,60,LAT,LON,W,CRC
11/30/25 19:35:53,2.31,143.09,14.49,10.63,12.14,412.56,4.60,54.70,0.00,0.81,1.29,1.74,0.00,0.00,1,13.87,11.31,28.83,1,-13,2,-2,0,STAT,60,LAT,LON,W,CRC
11/30/25 19:36:53,2.32,132.23,14.89,11.47,10.56,412.20,4.70,54.70,0.00,0.66,1.25,1.51,0.00,0.00,1,13.84,3.19,30.47,1,-15,4,-2,-1,STAT,60,LAT,LON,W,CRC
11/30/25 19:37:58,2.33,138.62,15.11,12.74,8.88,412.07,4.70,55.00,0.00,0.81,1.27,1.36,0.00,0.00,1,13.91,33.37,33.97,1,-16,2,-2,-1,STAT,60,LAT,LON,W,CRC
11/30/25 19:38:53,2.37,141.33,13.97,13.19,8.53,412.03,4.70,55.20,0.00,0.75,1.67,1.70,0.00,0.00,1,13.87,10.47,33.11,1,-14,4,-1,-1,STAT,60,LAT,LON,W,CRC
11/30/25 19:39:54,2.40,133.04,14.75,12.94,8.53,412.01,4.80,54.90,0.00,0.29,1.12,1.13,0.00,0.00,1,13.84,2.96,26.55,1,-15,2,-1,-1,STAT,60,LAT,LON,W,CRC
11/30/25 19:40:54,2.42,126.84,15.25,11.74,9.45,412.00,4.80,55.00,0.00,0.48,0.99,1.11,0.00,0.00,1,13.98,38.58,26.45,1,-14,2,-2,-1,STAT,60,LAT,LON,W,CRC
11/30/25 19:41:54,2.43,123.73,14.73,11.35,10.67,412.00,4.80,55.10,0.00,0.42,1.23,1.27,0.00,0.00,1,13.91,10.90,28.79,1,-14,2,-2,-1,STAT,60,LAT,LON,W,CRC
11/30/25 19:42:54,2.47,124.38,13.53,11.46,10.05,412.04,4.90,54.90,0.00,0.67,1.47,1.48,0.00,0.00,1,13.84,3.08,28.57,1,-15,3,-2,-1,STAT,60,LAT,LON,W,CRC
11/30/25 19:43:54,2.51,122.55,14.77,11.77,10.41,412.01,4.90,55.00,0.00,0.55,1.17,1.17,0.00,0.00,1,13.98,33.23,31.38,1,-16,1,-2,-1,STAT,60,LAT,LON,W,CRC
11/30/25 19:44:54,2.53,117.39,14.07,11.19,10.41,412.59,4.90,54.80,0.00,0.51,1.27,1.49,0.00,0.00,1,13.91,9.38,27.11,1,-14,2,-2,-1,STAT,60,LAT,LON,W,CRC
11/30/25 19:45:55,2.55,120.15,14.79,10.73,10.32,412.85,4.90,54.40,0.00,0.50,1.26,1.33,0.00,0.00,1,13.84,2.65,28.50,1,-15,3,-2,-1,STAT,60,LAT,LON,W,CRC
11/30/25 19:46:55,2.60,121.25,15.20,12.03,10.05,412.95,4.90,53.90,0.00,0.30,1.14,1.17,0.00,0.00,1,14.02,113.03,29.90,1,-11,2,-2,0,STAT,60,LAT,LON,W,CRC
11/30/25 19:47:56,2.63,122.33,15.02,10.15,11.89,412.98,4.90,54.00,0.00,0.17,0.90,0.91,0.00,0.00,1,13.91,31.92,28.66,1,-14,2,-3,0,STAT,60,LAT,LON,W,CRC
11/30/25 19:48:52,2.64,119.86,14.54,11.91,9.94,412.99,5.00,54.20,0.00,0.06,1.12,1.20,0.00,0.00,1,13.84,10.02,33.26,1,-13,3,-2,-1,STAT,60,LAT,LON,W,CRC
11/30/25 19:49:52,2.68,118.69,15.02,13.48,8.96,413.00,5.00,54.30,0.00,0.38,0.90,0.94,0.00,0.00,1,14.05,106.82,28.47,1,-11,3,-1,0,STAT,60,LAT,LON,W,CRC
11/30/25 19:50:52,2.72,119.89,15.37,12.96,8.94,412.38,5.00,54.40,0.00,0.26,0.96,0.98,0.00,0.00,1,13.95,30.17,28.42,1,-14,2,-2,-1,STAT,60,LAT,LON,W,CRC
11/30/25 19:51:53,2.75,121.84,14.79,12.08,10.85,412.64,5.10,54.20,0.00,0.54,0.88,1.01,0.00,0.00,1,13.87,8.52,27.41,1,-13,1,-2,-1,STAT,60,LAT,LON,W,CRC
11/30/25 19:52:53,2.78,121.57,15.02,11.25,10.24,412.87,5.10,54.10,0.00,0.27,0.92,0.97,0.00,0.00,1,13.84,2.41,29.70,1,-14,2,-2,-1,STAT,60,LAT,LON,W,CRC
11/30/25 19:53:55,2.82,120.30,14.73,11.19,10.53,412.95,5.10,54.00,0.00,0.09,0.76,0.77,0.00,0.00,1,13.95,48.78,32.53,1,-15,3,-2,-1,STAT,60,LAT,LON,W,CRC
11/30/25 19:54:55,2.85,133.84,15.89,10.63,11.04,412.90,5.10,54.00,0.00,0.44,1.16,1.16,0.00,0.00,1,13.87,13.78,27.21,1,-14,2,-2,0,STAT,60,LAT,LON,W,CRC
11/30/25 19:55:56,2.86,140.63,15.24,14.12,7.64,412.97,5.20,54.30,0.00,0.48,0.82,0.82,0.00,0.00,1,13.84,3.89,27.26,1,-14,3,-2,-1,STAT,60,LAT,LON,W,CRC
11/30/25 19:56:56,2.92,134.17,14.71,12.43,8.45,412.99,5.20,53.80,0.00,0.63,1.15,1.15,0.00,0.00,1,13.98,56.10,27.43,1,-15,3,-2,-1,STAT,60,LAT,LON,W,CRC
11/30/25 19:57:56,2.95,130.73,13.80,12.31,9.55,413.00,5.20,53.90,0.00,0.32,1.37,1.37,0.00,0.00,1,13.91,15.84,28.34,1,-14,4,-2,-1,STAT,60,LAT,LON,W,CRC
11/30/25 19:58:56,2.96,138.24,15.01,12.81,8.86,413.00,5.30,54.20,0.00,0.23,1.57,1.57,0.00,0.00,1,13.84,4.47,28.87,1,-16,2,-2,0,STAT,60,LAT,LON,W,CRC
11/30/25 19:59:54,3.01,141.47,14.82,11.35,9.76,413.43,5.30,54.10,0.00,0.63,1.62,1.87,0.00,0.00,1,13.98,65.45,31.39,1,-14,2,-2,-1,STAT,60,LAT,LON,W,CRC
11/30/25 20:00:54,3.05,137.65,13.77,11.78,8.85,413.80,5.30,54.10,0.00,0.49,1.28,1.37,0.00,0.00,1,13.91,18.48,28.61,1,-14,4,-2,-2,STAT,60,LAT,LON,W,CRC
11/30/25 20:01:54,3.07,138.37,15.27,12.28,8.60,413.93,5.30,54.00,0.00,0.84,1.69,1.71,0.00,0.00,1,13.84,5.22,26.34,1,-13,4,-2,-2,STAT,60,LAT,LON,W,CRC
11/30/25 20:02:55,3.11,137.29,17.42,14.14,6.61,413.98,5.40,53.40,0.00,0.72,1.56,1.57,0.00,0.00,1,14.02,134.08,26.84,1,-13,2,-1,0,STAT,60,LAT,LON,W,CRC
11/30/25 20:03:55,3.15,150.39,15.81,12.86,8.06,414.40,5.40,53.10,0.00,0.71,1.56,1.56,0.00,0.00,1,13.95,37.87,29.25,1,-13,3,-2,-1,STAT,60,LAT,LON,W,CRC
11/30/25 20:04:55,3.17,148.24,15.17,13.78,8.39,414.79,5.40,53.10,0.00,0.76,1.51,1.51,0.00,0.00,1,13.84,10.70,28.74,1,-14,3,-2,-1,STAT,60,LAT,LON,W,CRC
11/30/25 20:05:55,3.19,142.03,14.20,12.70,10.16,414.88,5.50,53.50,0.00,0.92,1.33,1.33,0.00,0.00,1,14.05,103.03,29.06,1,-14,3,-1,-1,STAT,60,LAT,LON,W,CRC
11/30/25 20:06:56,3.24,134.68,13.81,11.49,11.11,414.46,5.50,53.80,0.00,0.59,1.20,1.20,0.00,0.00,1,13.95,29.10,30.78,1,-15,3,-2,-1,STAT,60,LAT,LON,W,CRC
11/30/25 20:07:56,3.27,133.67,14.16,12.07,9.13,413.58,5.50,53.70,0.00,0.66,1.36,1.36,0.00,0.00,1,13.87,8.22,28.31,1,-15,3,-2,-1,STAT,60,LAT,LON,W,CRC
11/30/25 20:08:56,3.28,138.13,16.08,11.44,9.37,412.59,5.50,53.30,0.00,0.89,1.52,1.52,0.00,0.00,1,13.84,2.32,28.07,1,-14,4,-3,-1,STAT,60,LAT,LON,W,CRC
11/30/25 20:09:57,3.31,140.07,14.94,13.27,9.13,412.77,5.50,52.90,0.00,0.96,1.72,1.72,0.00,0.00,1,13.95,35.18,32.44,1,-16,4,-2,-1,STAT,60,LAT,LON,W,CRC
11/30/25 20:10:58,3.35,134.16,16.43,12.90,8.01,412.92,5.50,52.60,0.00,0.80,1.57,1.57,0.00,0.00,1,13.87,9.94,28.48,1,-15,3,-2,-1,STAT,60,LAT,LON,W,CRC
11/30/25 20:11:58,3.37,129.65,16.15,12.36,7.24,412.97,5.50,52.40,0.00,0.98,1.81,1.81,0.00,0.00,1,13.84,2.81,29.24,1,-13,3,-2,-2,STAT,60,LAT,LON,W,CRC
11/30/25 20:12:58,3.39,127.05,14.71,11.33,10.74,412.99,5.50,52.10,0.00,0.70,1.52,1.52,0.00,0.00,1,13.98,65.04,26.85,1,-13,3,-2,-1,STAT,60,LAT,LON,W,CRC
11/30/25 20:13:58,3.40,125.19,15.37,10.43,10.17,413.00,5.50,52.00,0.00,0.52,1.17,1.17,0.00,0.00,1,13.91,18.37,29.45,1,-14,3,-2,-2,STAT,60,LAT,LON,W,CRC
11/30/25 20:15:00,3.44,127.03,14.12,10.56,11.02,413.10,5.50,52.00,0.00,0.55,0.96,0.96,0.00,0.00,1,13.84,5.19,36.14,1,-13,3,-2,-1,STAT,60,LAT,LON,W,CRC
11/30/25 20:16:00,3.47,121.71,14.99,10.58,10.55,412.58,5.50,51.70,0.00,0.18,0.40,0.40,0.00,0.00,1,13.98,91.26,29.30,1,-13,2,-2,-2,STAT,60,LAT,LON,W,CRC
11/30/25 20:17:00,3.48,119.20,14.63,10.62,9.93,412.20,5.40,51.50,0.00,0.06,0.64,0.65,0.00,0.00,1,13.91,25.77,27.91,1,-12,3,-1,-2,STAT,60,LAT,LON,W,CRC
11/30/25 20:18:00,3.49,118.77,15.11,11.15,10.68,412.07,5.40,51.60,0.00,0.18,0.87,1.00,0.00,0.00,1,13.84,7.28,27.92,1,-12,3,-1,-1,STAT,60,LAT,LON,W,CRC
11/30/25 20:19:00,3.50,123.73,14.71,11.62,10.37,412.03,5.40,51.80,0.00,0.06,0.97,1.02,0.00,0.00,1,14.05,77.02,29.38,1,-12,3,-1,-1,STAT,60,LAT,LON,W,CRC
11/30/25 20:20:00,3.50,125.23,15.19,13.84,7.88,412.01,5.40,51.80,0.00,0.47,1.23,1.25,0.00,0.00,1,13.95,21.75,27.45,1,-12,2,-1,-1,STAT,60,LAT,LON,W,CRC
11/30/25 20:20:57,3.50,122.82,12.95,12.43,9.18,412.00,5.40,51.90,0.00,0.17,0.57,0.57,0.00,0.00,1,13.87,6.83,33.99,1,-12,4,-1,-1,STAT,60,LAT,LON,W,CRC
11/30/25 20:21:57,3.50,128.77,14.92,11.58,9.35,412.41,5.40,52.00,0.00,1.22,2.22,2.25,0.00,0.00,1,14.09,89.35,28.33,1,-11,4,-1,0,STAT,60,LAT,LON,W,CRC
11/30/25 20:22:57,3.50,125.13,13.80,11.47,10.06,412.71,5.40,52.00,0.00,1.29,2.82,2.98,0.00,0.00,1,13.95,50.70,26.14,1,-13,3,-1,0,STAT,60,LAT,LON,W,CRC
11/30/25 20:23:58,3.50,125.74,15.63,12.08,8.44,412.25,5.40,52.00,0.00,0.51,1.48,1.75,0.00,0.00,1,13.91,14.32,25.64,1,-15,3,-1,-1,STAT,60,LAT,LON,W,CRC
11/30/25 20:24:58,3.50,119.94,15.37,10.58,12.56,412.09,5.40,51.90,0.00,0.76,1.21,1.38,0.00,0.00,1,13.84,4.04,28.87,1,-12,2,-1,0,STAT,60,LAT,LON,W,CRC
11/30/25 20:25:58,3.51,113.85,14.66,11.65,10.63,411.54,5.40,51.80,0.00,0.36,1.08,1.14,0.00,0.00,1,14.02,55.71,30.19,1,-12,2,-1,-1,STAT,60,LAT,LON,W,CRC
11/30/25 20:26:58,3.52,119.12,15.86,12.12,9.96,411.19,5.40,51.50,0.00,0.13,0.62,0.65,0.00,0.00,1,13.91,15.73,27.15,1,-12,2,0,-1,STAT,60,LAT,LON,W,CRC
11/30/25 20:27:59,3.53,118.75,14.96,13.45,9.77,411.07,5.30,51.40,0.00,0.18,0.90,0.91,0.00,0.00,1,13.87,4.44,30.14,1,-15,3,0,0,STAT,60,LAT,LON,W,CRC
11/30/25 20:28:59,3.54,116.77,16.71,11.56,11.38,411.02,5.40,51.40,0.00,0.21,0.97,0.97,0.00,0.00,1,14.09,81.85,29.86,1,-12,0,-1,-1,STAT,60,LAT,LON,W,CRC
11/30/25 20:29:59,3.55,116.71,14.63,10.35,10.81,411.01,5.40,51.60,0.00,0.11,1.10,1.10,0.00,0.00,1,13.95,23.12,27.25,1,-14,1,-1,-2,STAT,60,LAT,LON,W,CRC
11/30/25 20:31:00,3.55,117.39,14.20,10.77,9.85,411.00,5.40,51.60,0.00,0.23,1.05,1.05,0.00,0.00,1,13.87,7.25,31.55,1,-14,3,-1,-1,STAT,60,LAT,LON,W,CRC
11/30/25 20:32:00,3.55,116.60,15.61,11.81,10.87,411.00,5.30,50.80,0.00,0.28,0.96,0.96,0.00,0.00,1,14.05,92.69,29.25,1,-11,2,0,0,STAT,60,LAT,LON,W,CRC
11/30/25 20:33:00,3.54,114.99,15.10,11.30,11.42,410.54,5.30,50.70,0.00,0.11,0.70,0.70,0.00,0.00,1,13.98,51.85,26.07,1,-13,2,-1,-1,STAT,60,LAT,LON,W,CRC
11/30/25 20:34:00,3.53,120.94,15.19,12.83,10.11,410.19,5.30,50.60,0.00,0.03,0.66,0.66,0.00,0.00,1,13.91,14.64,28.53,1,-14,2,0,0,STAT,60,LAT,LON,W,CRC
11/30/25 20:35:00,3.51,118.94,14.61,12.20,10.70,410.07,5.30,50.80,0.00,0.19,0.59,0.59,0.00,0.00,1,13.84,4.14,30.62,1,-13,3,-1,0,STAT,60,LAT,LON,W,CRC
11/30/25 20:36:05,3.51,119.08,14.42,11.72,10.14,410.02,5.30,50.90,0.00,0.06,0.93,0.93,0.00,0.00,1,13.95,91.67,33.52,1,-13,3,0,-1,STAT,60,LAT,LON,W,CRC
11/30/25 20:37:00,3.51,116.13,12.99,12.70,11.36,410.01,5.30,51.20,0.00,0.02,0.91,0.91,0.00,0.00,1,13.91,28.77,27.87,1,-14,4,0,0,STAT,60,LAT,LON,W,CRC
11/30/25 20:38:00,3.50,128.81,13.39,13.48,11.10,410.00,5.30,51.30,0.00,0.04,0.99,0.99,0.00,0.00,1,13.84,8.12,30.00,1,-13,4,0,0,STAT,60,LAT,LON,W,CRC
11/30/25 20:39:01,3.50,136.34,14.30,14.71,10.36,410.41,5.30,51.50,0.00,0.19,1.21,1.21,0.00,0.00,1,14.05,118.01,26.26,1,-9,3,0,0,STAT,60,LAT,LON,W,CRC
11/30/25 20:40:01,3.50,128.88,16.04,15.34,9.49,410.38,5.30,51.20,0.00,0.36,1.03,1.03,0.00,0.00,1,13.95,33.33,30.31,1,-14,1,0,0,STAT,60,LAT,LON,W,CRC
11/30/25 20:41:01,3.50,117.38,14.29,15.02,8.69,410.14,5.30,51.30,0.00,0.12,0.95,0.95,0.00,0.00,1,13.87,9.41,30.69,1,-15,2,0,0,STAT,60,LAT,LON,W,CRC
11/30/25 20:42:03,3.50,113.27,14.48,16.29,8.73,409.76,5.30,51.40,0.00,0.21,0.95,0.95,0.00,0.00,1,14.09,166.72,32.69,1,-14,2,2,2,STAT,60,LAT,LON,W,CRC
11/30/25 20:43:03,3.50,113.58,14.42,15.64,8.34,409.50,5.30,51.80,0.00,0.33,0.97,0.97,0.00,0.00,1,13.95,57.72,30.95,1,-15,3,0,0,STAT,60,LAT,LON,W,CRC
11/30/25 20:44:03,3.50,116.92,13.38,14.31,9.78,409.82,5.30,52.30,0.00,0.42,1.32,1.32,0.00,0.00,1,13.87,16.30,27.43,1,-15,4,0,0,STAT,60,LAT,LON,W,CRC
11/30/25 20:45:03,3.50,124.79,13.50,15.11,9.12,410.55,5.30,52.60,0.00,0.45,1.12,1.44,0.00,0.00,1,13.84,4.60,27.06,1,-17,4,0,0,STAT,60,LAT,LON,W,CRC
11/30/25 20:46:03,3.50,120.58,15.86,12.55,10.74,410.76,5.40,51.80,0.00,0.38,1.04,1.45,0.00,0.00,1,14.02,84.34,27.00,1,-14,2,0,0,STAT,60,LAT,LON,W,CRC
11/30/25 20:47:01,3.50,125.97,15.40,13.44,10.63,410.29,5.40,51.60,0.00,0.28,0.97,1.14,0.00,0.00,1,13.91,26.47,40.31,1,-13,2,0,0,STAT,60,LAT,LON,W,CRC
11/30/25 20:48:01,3.50,130.30,15.19,13.53,10.06,410.14,5.40,51.50,0.00,0.29,0.63,0.69,0.00,0.00,1,13.84,7.48,35.11,1,-13,3,0,0,STAT,60,LAT,LON,W,CRC
11/30/25 20:49:01,3.49,134.75,13.37,13.45,10.96,410.05,5.40,51.10,0.00,0.37,0.78,1.06,0.00,0.00,1,14.05,146.97,34.70,1,-13,4,0,1,STAT,60,LAT,LON,W,CRC
11/30/25 20:50:01,3.50,127.41,15.50,11.96,12.97,410.02,5.40,50.80,0.00,0.22,0.79,1.14,0.00,0.00,1,13.95,41.51,27.36,1,-13,2,0,0,STAT,60,LAT,LON,W,CRC
11/30/25 20:51:01,3.50,123.95,14.48,13.84,12.21,410.01,5.30,50.70,0.00,0.07,0.66,0.77,0.00,0.00,1,13.87,11.72,26.84,1,-13,2,0,0,STAT,60,LAT,LON,W,CRC
11/30/25 20:52:01,3.50,117.69,14.85,14.44,9.36,409.51,5.40,50.90,0.00,0.34,1.03,1.07,0.00,0.00,1,14.12,85.49,37.71,1,-11,2,0,0,STAT,60,LAT,LON,W,CRC
11/30/25 20:53:01,3.49,114.33,14.64,13.26,11.65,409.18,5.30,50.90,0.00,0.30,1.01,1.02,0.00,0.00,1,13.95,24.14,30.47,1,-14,3,0,0,STAT,60,LAT,LON,W,CRC
11/30/25 20:54:01,3.49,116.87,14.46,13.58,10.88,409.42,5.40,50.90,0.00,0.21,0.89,0.95,0.00,0.00,1,13.87,6.82,30.51,1,-15,2,0,0,STAT,60,LAT,LON,W,CRC
11/30/25 20:55:01,3.48,118.05,14.77,13.68,10.64,409.21,5.40,50.70,0.00,0.16,1.05,1.07,0.00,0.00,1,13.84,1.93,30.27,1,-14,3,0,0,STAT,60,LAT,LON,W,CRC
11/30/25 20:56:01,3.48,117.90,13.66,13.55,10.63,409.14,5.40,50.70,0.00,0.09,0.88,0.88,0.00,0.00,1,13.98,69.17,27.29,1,-15,4,0,0,STAT,60,LAT,LON,W,CRC
11/30/25 20:57:03,3.48,119.62,14.15,13.38,10.86,409.05,5.40,50.60,0.00,0.03,0.76,0.76,0.00,0.00,1,13.91,19.53,27.65,1,-13,3,0,0,STAT,60,LAT,LON,W,CRC
11/30/25 20:58:03,3.48,127.89,13.54,13.75,10.82,408.61,5.30,50.50,0.00,0.01,0.49,0.49,0.00,0.00,1,13.84,5.52,30.10,1,-13,4,0,0,STAT,60,LAT,LON,W,CRC
11/30/25 20:59:03,3.46,142.00,14.33,16.18,9.27,408.30,5.30,50.90,0.00,0.00,0.48,0.48,0.00,0.00,1,14.02,106.71,28.29,1,-12,4,0,0,STAT,60,LAT,LON,W,CRC
11/30/25 21:00:03,3.42,130.24,16.13,13.96,11.10,408.75,5.30,51.00,0.00,0.00,0.40,0.40,0.00,0.00,1,13.91,30.14,29.76,1,-15,1,0,0,STAT,60,LAT,LON,W,CRC
11/30/25 21:01:03,3.41,117.40,13.84,13.96,11.80,408.51,5.30,51.30,0.00,0.06,0.68,0.68,0.00,0.00,1,13.87,8.51,31.99,1,-16,3,0,0,STAT,60,LAT,LON,W,CRC
11/30/25 21:02:03,3.40,134.32,23.32,13.68,11.04,408.18,5.30,51.20,0.00,0.31,0.68,0.68,0.00,0.00,1,13.80,2.40,29.26,1,-15,2,0,0,STAT,60,LAT,LON,W,CRC
11/30/25 21:03:02,3.40,141.19,18.19,13.84,10.38,408.23,5.30,50.80,0.00,0.23,1.08,1.08,0.00,0.00,1,13.98,53.02,33.61,1,-13,3,0,0,STAT,60,LAT,LON,W,CRC
11/30/25 21:04:02,3.40,126.96,15.70,13.61,10.61,408.66,5.30,51.10,0.00,0.25,1.48,1.48,0.00,0.00,1,13.91,14.97,30.52,1,-15,3,-1,0,STAT,60,LAT,LON,W,CRC
11/30/25 21:05:02,3.40,120.38,14.70,14.55,11.72,408.88,5.30,51.00,0.00,0.35,1.18,1.18,0.00,0.00,1,13.84,4.23,28.47,1,-14,4,0,0,STAT,60,LAT,LON,W,CRC
11/30/25 21:06:03,3.39,114.88,13.00,14.94,11.50,408.38,5.30,51.30,0.00,0.18,0.74,0.74,0.00,0.00,1,14.09,150.20,30.56,1,-14,6,0,1,STAT,60,LAT,LON,W,CRC
11/30/25 21:07:03,3.39,108.49,14.85,14.55,10.76,408.07,5.30,51.50,0.00,0.09,0.92,1.16,0.00,0.00,1,13.95,42.42,26.55,1,-15,2,0,0,STAT,60,LAT,LON,W,CRC
11/30/25 21:08:03,3.39,107.97,15.13,13.49,10.29,407.90,5.30,51.60,0.00,0.38,1.41,1.53,0.00,0.00,1,13.87,13.31,31.05,1,-15,2,0,0,STAT,60,LAT,LON,W,CRC
11/30/25 21:09:03,3.39,113.77,13.50,13.55,10.14,407.84,5.30,51.60,0.00,0.20,0.86,1.15,0.00,0.00,1,13.84,3.76,27.06,1,-14,3,0,0,STAT,60,LAT,LON,W,CRC
11/30/25 21:10:03,3.39,112.04,14.32,12.83,12.19,407.62,5.30,51.40,0.00,0.39,1.12,1.44,0.00,0.00,1,13.98,53.08,27.46,1,-15,3,0,0,STAT,60,LAT,LON,W,CRC
11/30/25 21:11:03,3.39,116.66,13.66,12.38,11.41,407.80,5.20,51.50,0.00,0.48,1.00,1.10,0.00,0.00,1,13.91,14.99,32.54,1,-16,3,0,0,STAT,60,LAT,LON,W,CRC
11/30/25 21:12:03,3.38,119.61,14.44,11.88,12.41,407.93,5.20,51.70,0.00,0.47,1.00,1.03,0.00,0.00,1,13.84,4.23,30.30,1,-15,2,0,0,STAT,60,LAT,LON,W,CRC
11/30/25 21:13:06,3.38,117.79,14.89,13.32,11.57,407.97,5.30,51.90,0.00,0.31,1.03,1.25,0.00,0.00,1,13.98,93.46,37.55,1,-14,2,0,0,STAT,60,LAT,LON,W,CRC
11/30/25 21:14:01,3.38,116.36,14.71,12.80,11.67,407.99,5.30,51.70,0.00,0.18,1.01,1.08,0.00,0.00,1,13.91,29.33,33.62,1,-16,2,0,0,STAT,60,LAT,LON,W,CRC
11/30/25 21:15:01,3.39,116.91,15.06,11.37,12.71,408.00,5.30,51.60,0.00,0.50,1.52,1.66,0.00,0.00,1,13.87,8.28,30.26,1,-15,2,-1,0,STAT,60,LAT,LON,W,CRC
11/30/25 21:16:02,3.38,115.65,13.66,12.28,13.76,408.00,5.30,51.60,0.00,0.20,1.17,1.21,0.00,0.00,1,14.12,139.15,28.83,1,-12,3,0,2,STAT,60,LAT,LON,W,CRC
11/30/25 21:17:02,3.38,114.31,13.22,13.04,12.62,408.00,5.30,51.60,0.00,0.34,1.28,1.30,0.00,0.00,1,13.95,49.62,30.71,1,-11,4,0,0,STAT,60,LAT,LON,W,CRC
11/30/25 21:18:02,3.38,115.99,13.76,12.91,12.90,408.00,5.30,51.80,0.00,0.71,2.52,2.59,0.00,0.00,1,13.87,14.02,30.43,1,-13,4,0,1,STAT,60,LAT,LON,W,CRC
11/30/25 21:19:04,3.38,127.63,14.83,13.40,11.65,408.58,5.30,51.80,0.00,0.90,2.42,2.45,0.00,0.00,1,13.84,3.96,30.68,1,-15,2,-1,0,STAT,60,LAT,LON,W,CRC
11/30/25 21:20:04,3.38,122.29,15.27,12.29,12.70,408.97,5.30,51.10,0.00,0.43,1.26,1.27,0.00,0.00,1,13.98,67.73,27.35,1,-15,2,-1,0,STAT,60,LAT,LON,W,CRC
11/30/25 21:21:04,3.37,117.09,14.80,14.49,10.73,409.27,5.30,50.90,0.00,0.15,0.94,1.21,0.00,0.00,1,13.91,19.13,28.27,1,-14,1,0,0,STAT,60,LAT,LON,W,CRC
11/30/25 21:22:04,3.38,112.17,13.67,15.00,10.62,409.09,5.30,51.20,0.00,0.11,0.93,1.01,0.00,0.00,1,13.84,5.40,28.41,1,-16,2,0,0,STAT,60,LAT,LON,W,CRC
11/30/25 21:23:04,3.37,111.53,14.74,12.78,12.39,408.49,5.30,50.80,0.00,0.04,0.74,0.77,0.00,0.00,1,14.12,199.47,28.48,1,-14,2,0,2,STAT,60,LAT,LON,W,CRC
11/30/25 21:24:07,3.37,116.53,15.14,13.28,11.13,407.59,5.20,50.60,0.00,0.01,0.67,0.68,0.00,0.00,1,13.95,56.34,27.95,1,-14,2,0,0,STAT,60,LAT,LON,W,CRC
11/30/25 21:25:07,3.37,123.79,15.30,13.88,10.54,407.21,5.20,50.50,0.00,0.02,0.43,0.43,0.00,0.00,1,13.87,15.91,29.29,1,-13,1,0,0,STAT,60,LAT,LON,W,CRC
11/30/25 21:26:07,3.36,117.82,15.55,12.63,12.92,407.07,5.20,50.70,0.00,0.01,0.39,0.39,0.00,0.00,1,13.84,4.49,29.52,1,-13,1,0,0,STAT,60,LAT,LON,W,CRC
11/30/25 21:27:07,3.32,120.13,16.39,14.32,11.37,407.64,5.20,51.10,0.00,0.15,0.84,0.84,0.00,0.00,1,13.98,66.63,26.23,1,-13,1,0,0,STAT,60,LAT,LON,W,CRC
11/30/25 21:28:07,3.30,118.43,15.63,13.22,12.16,407.87,5.20,51.20,0.00,0.05,0.55,0.56,0.00,0.00,1,13.91,18.82,27.18,1,-13,2,0,0,STAT,60,LAT,LON,W,CRC
11/30/25 21:29:04,3.30,119.14,15.35,13.59,11.87,408.16,5.20,51.20,0.00,0.10,0.73,0.73,0.00,0.00,1,13.87,5.91,31.69,1,-14,2,0,0,STAT,60,LAT,LON,W,CRC
11/30/25 21:30:04,3.29,118.47,14.56,14.63,10.93,408.70,5.20,51.50,0.00,0.03,0.74,0.74,0.00,0.00,1,14.12,97.18,28.94,1,-12,3,0,0,STAT,60,LAT,LON,W,CRC
11/30/25 21:31:04,3.29,117.70,14.56,13.69,10.96,408.90,5.20,51.50,0.00,0.01,0.58,0.58,0.00,0.00,1,13.95,35.34,26.91,1,-15,2,0,0,STAT,60,LAT,LON,W,CRC
11/30/25 21:32:05,3.29,119.61,14.99,15.58,10.57,408.96,5.20,51.30,0.00,0.20,0.86,0.86,0.00,0.00,1,13.91,9.98,28.30,1,-18,2,0,0,STAT,60,LAT,LON,W,CRC
11/30/25 21:33:05,3.29,116.24,15.90,15.56,11.22,409.31,5.20,51.30,0.00,0.45,1.06,1.06,0.00,0.00,1,13.84,2.82,29.56,1,-15,2,0,0,STAT,60,LAT,LON,W,CRC
11/30/25 21:34:06,3.29,115.31,15.66,14.83,10.46,409.52,5.20,51.50,0.00,0.15,0.73,0.73,0.00,0.00,1,14.02,54.17,27.46,1,-14,1,0,0,STAT,60,LAT,LON,W,CRC
11/30/25 21:35:07,3.28,113.35,14.79,15.92,9.38,409.25,5.20,51.60,0.00,0.25,0.75,0.75,0.00,0.00,1,13.91,15.30,28.24,1,-15,3,0,0,STAT,60,LAT,LON,W,CRC
11/30/25 21:36:07,3.28,113.20,14.77,14.20,11.27,409.09,5.20,51.50,0.00,0.11,0.73,0.73,0.00,0.00,1,13.87,4.32,25.53,1,-16,3,0,0,STAT,60,LAT,LON,W,CRC
11/30/25 21:37:07,3.28,109.32,14.67,14.92,11.60,408.41,5.20,51.70,0.00,0.20,0.89,0.89,0.00,0.00,1,14.12,106.03,27.54,1,-13,1,0,1,STAT,60,LAT,LON,W,CRC
11/30/25 21:38:07,3.27,111.32,13.93,14.26,10.94,408.15,5.20,51.80,0.00,0.06,0.79,0.79,0.00,0.00,1,13.95,38.25,26.72,1,-16,2,0,0,STAT,60,LAT,LON,W,CRC
11/30/25 21:39:07,3.27,114.06,13.94,13.82,10.36,408.05,5.20,51.70,0.00,0.16,0.94,0.94,0.00,0.00,1,13.91,10.80,29.63,1,-16,3,0,0,STAT,60,LAT,LON,W,CRC
11/30/25 21:40:04,3.27,112.18,15.15,13.51,10.32,408.02,5.10,51.80,0.00,0.39,1.31,1.31,0.00,0.00,1,13.84,3.39,32.59,1,-15,2,0,0,STAT,60,LAT,LON,W,CRC
11/30/25 21:41:04,3.25,109.37,14.02,12.57,12.42,408.01,5.20,51.90,0.00,0.16,1.29,1.38,0.00,0.00,1,14.02,91.36,29.26,1,-15,3,0,1,STAT,60,LAT,LON,W,CRC
11/30/25 21:42:04,3.21,111.06,12.64,13.80,10.24,408.00,5.10,52.10,0.00,0.55,1.26,1.36,0.00,0.00,1,13.91,25.80,32.34,1,-15,3,0,0,STAT,60,LAT,LON,W,CRC
11/30/25 21:43:04,3.20,113.65,12.65,15.27,9.75,408.38,5.20,52.30,0.00,0.35,1.16,1.28,0.00,0.00,1,13.87,7.29,28.05,1,-14,4,0,0,STAT,60,LAT,LON,W,CRC
11/30/25 21:44:05,3.19,117.33,13.53,14.06,10.70,409.24,5.20,52.40,0.00,0.41,1.18,1.22,0.00,0.00,1,14.09,87.22,29.32,1,-12,3,0,0,STAT,60,LAT,LON,W,CRC
11/30/25 21:45:04,3.19,119.89,13.35,15.08,10.47,409.71,5.20,52.70,0.00,0.80,2.07,2.08,0.00,0.00,1,13.95,54.83,38.39,1,-15,3,0,0,STAT,60,LAT,LON,W,CRC
11/30/25 21:46:05,3.18,121.67,14.82,14.57,9.26,410.51,5.20,52.40,0.00,0.84,1.35,1.35,0.00,0.00,1,13.87,15.48,30.41,1,-15,3,0,0,STAT,60,LAT,LON,W,CRC
11/30/25 21:47:05,3.18,121.09,16.02,14.40,10.13,410.83,5.10,51.80,0.00,0.53,1.11,1.32,0.00,0.00,1,13.84,4.37,31.53,1,-16,1,0,0,STAT,60,LAT,LON,W,CRC
11/30/25 21:48:05,3.18,121.16,16.21,16.15,9.34,410.94,5.10,51.70,0.00,0.21,0.92,0.99,0.00,0.00,1,14.02,101.51,29.81,1,-15,0,0,1,STAT,60,LAT,LON,W,CRC
11/30/25 21:49:05,3.19,120.72,14.69,16.21,9.34,411.95,5.20,51.80,0.00,0.13,0.71,0.74,0.00,0.00,1,13.91,28.67,29.33,1,-15,1,0,0,STAT,60,LAT,LON,W,CRC
11/30/25 21:50:05,3.18,120.69,16.16,13.75,10.34,412.20,5.10,51.80,0.00,0.07,0.58,0.66,0.00,0.00,1,13.84,9.00,36.97,1,-14,1,0,0,STAT,60,LAT,LON,W,CRC
11/30/25 21:51:05,3.19,119.19,13.61,14.62,11.18,412.07,5.20,51.60,0.00,0.16,0.70,0.85,0.00,0.00,1,14.05,116.68,33.54,1,-12,2,0,0,STAT,60,LAT,LON,W,CRC
11/30/25 21:52:05,3.18,118.50,12.31,13.57,11.01,411.38,5.20,51.70,0.00,0.17,0.74,0.79,0.00,0.00,1,13.95,32.95,28.73,1,-16,4,0,0,STAT,60,LAT,LON,W,CRC
11/30/25 21:53:05,3.18,115.03,13.51,13.98,10.21,410.84,5.20,51.90,0.00,0.51,0.86,0.88,0.00,0.00,1,13.87,9.31,27.54,1,-16,3,0,0,STAT,60,LAT,LON,W,CRC
11/30/25 21:54:05,3.19,132.52,14.82,15.65,9.57,410.20,5.20,51.50,0.00,0.16,0.77,1.03,0.00,0.00,1,13.84,2.63,27.92,1,-15,4,0,0,STAT,60,LAT,LON,W,CRC
11/30/25 21:55:05,3.18,140.62,14.23,14.13,11.25,410.07,5.20,51.50,0.00,0.05,0.93,1.17,0.00,0.00,1,13.98,65.21,27.28,1,-16,3,0,0,STAT,60,LAT,LON,W,CRC
11/30/25 21:56:07,3.18,133.36,14.89,14.40,11.59,410.02,5.20,51.70,0.00,0.10,0.69,0.77,0.00,0.00,1,13.91,18.42,31.02,1,-13,2,0,0,STAT,60,LAT,LON,W,CRC
11/30/25 21:57:07,3.19,128.98,12.86,14.23,8.26,410.01,5.30,52.00,0.00,0.06,0.50,0.53,0.00,0.00,1,13.84,5.20,29.35,1,-14,3,0,0,STAT,60,LAT,LON,W,CRC
11/30/25 21:58:07,3.18,124.06,12.86,14.33,10.08,410.00,5.30,52.30,0.00,0.25,0.85,0.86,0.00,0.00,1,14.02,133.70,29.65,1,-16,3,0,1,STAT,60,LAT,LON,W,CRC
11/30/25 21:59:07,3.18,127.52,14.21,14.85,8.34,410.46,5.30,52.50,0.00,0.70,1.63,1.63,0.00,0.00,1,13.95,37.76,26.17,1,-16,2,0,0,STAT,60,LAT,LON,W,CRC
11/30/25 22:00:07,3.19,128.34,13.47,15.24,7.82,411.00,5.30,52.50,0.00,0.90,1.66,1.73,0.00,0.00,1,13.87,10.66,29.28,1,-15,3,-1,0,STAT,60,LAT,LON,W,CRC
11/30/25 22:01:09,3.18,164.68,16.46,15.19,8.73,411.35,5.30,51.90,0.00,0.50,1.32,1.44,0.00,0.00,1,14.05,142.61,33.24,1,-14,5,0,0,STAT,60,LAT,LON,W,CRC
11/30/25 22:02:09,3.19,179.20,16.51,14.29,10.65,412.32,5.30,51.90,0.00,0.58,1.14,1.18,0.00,0.00,1,13.95,40.28,28.43,1,-15,2,0,0,STAT,60,LAT,LON,W,CRC
11/30/25 22:03:09,3.19,181.86,14.38,15.58,10.48,412.76,5.40,52.10,0.00,0.70,1.38,1.40,0.00,0.00,1,13.87,11.38,27.34,1,-16,3,0,0,STAT,60,LAT,LON,W,CRC
11/30/25 22:04:09,3.19,166.28,15.09,14.51,10.40,412.92,5.30,51.80,0.00,0.80,1.46,1.46,0.00,0.00,1,13.84,3.21,28.46,1,-14,2,0,0,STAT,60,LAT,LON,W,CRC
11/30/25 22:05:09,3.20,144.83,14.95,14.31,11.01,412.89,5.30,51.20,0.00,0.26,0.78,0.78,0.00,0.00,1,13.98,78.56,29.19,1,-15,3,0,0,STAT,60,LAT,LON,W,CRC
11/30/25 22:06:11,3.22,139.20,12.78,13.91,11.84,412.38,5.30,50.90,0.00,0.21,0.92,0.92,0.00,0.00,1,13.91,22.19,39.88,1,-13,4,0,0,STAT,60,LAT,LON,W,CRC
11/30/25 22:07:06,3.23,134.14,14.84,12.66,12.71,411.18,5.30,50.80,0.00,0.07,0.77,0.77,0.00,0.00,1,13.84,6.96,32.81,1,-15,3,0,0,STAT,60,LAT,LON,W,CRC
11/30/25 22:08:07,3.24,126.03,14.62,13.59,12.76,410.20,5.30,50.90,0.00,0.27,0.54,0.54,0.00,0.00,1,14.05,100.22,27.08,1,-14,3,0,0,STAT,60,LAT,LON,W,CRC
11/30/25 22:09:07,3.24,116.09,14.62,13.85,11.86,410.00,5.20,50.90,0.00,0.37,0.53,0.64,0.00,0.00,1,13.95,28.30,26.84,1,-12,3,0,0,STAT,60,LAT,LON,W,CRC
11/30/25 22:10:07,3.23,116.36,13.71,13.80,12.08,410.00,5.20,50.90,0.00,0.14,0.26,0.32,0.00,0.00,1,13.87,7.99,28.39,1,-15,4,0,0,STAT,60,LAT,LON,W,CRC
11/30/25 22:11:15,3.22,119.81,13.70,14.17,12.51,409.32,5.20,51.20,0.00,0.05,0.61,0.63,0.00,0.00,1,14.12,129.23,40.58,1,-12,4,0,1,STAT,60,LAT,LON,W,CRC
11/30/25 22:12:10,3.20,116.02,15.00,15.05,10.19,409.27,5.10,50.90,0.00,0.02,0.59,0.60,0.00,0.00,1,13.95,49.78,35.69,1,-15,3,0,0,STAT,60,LAT,LON,W,CRC
11/30/25 22:13:10,3.19,114.91,16.00,15.25,10.10,409.39,5.10,51.20,0.00,0.01,0.65,0.65,0.00,0.00,1,13.91,14.06,28.86,1,-15,2,0,0,STAT,60,LAT,LON,W,CRC
11/30/25 22:14:10,3.19,110.21,14.78,15.26,10.92,409.33,5.10,51.40,0.00,0.00,0.47,0.47,0.00,0.00,1,13.84,3.97,26.01,1,-14,2,0,0,STAT,60,LAT,LON,W,CRC
11/30/25 22:15:10,3.18,106.82,14.68,15.49,9.32,409.12,5.10,51.80,0.00,0.08,0.32,0.32,0.00,0.00,1,14.02,89.97,27.78,1,-14,2,0,0,STAT,60,LAT,LON,W,CRC
11/30/25 22:16:10,3.18,112.89,14.13,15.62,9.66,409.04,5.10,51.50,0.00,0.21,0.63,0.84,0.00,0.00,1,13.95,25.41,27.68,1,-14,3,0,0,STAT,60,LAT,LON,W,CRC
11/30/25 22:17:08,3.18,119.66,14.50,14.95,10.45,410.06,5.10,51.60,0.00,0.30,0.87,0.94,0.00,0.00,1,13.87,7.97,34.43,1,-14,3,0,0,STAT,60,LAT,LON,W,CRC
11/30/25 22:18:08,3.17,115.10,12.04,14.41,10.43,410.38,5.10,51.90,0.00,0.12,0.64,0.67,0.00,0.00,1,14.12,113.06,28.28,1,-13,4,0,0,STAT,60,LAT,LON,W,CRC
11/30/25 22:19:08,3.16,108.48,12.95,14.77,9.73,410.13,5.10,52.20,0.00,0.13,0.93,1.02,0.00,0.00,1,13.95,40.64,27.90,1,-14,3,0,0,STAT,60,LAT,LON,W,CRC
11/30/25 22:20:08,3.16,111.41,12.53,15.90,8.37,409.53,5.10,52.20,0.00,0.04,0.49,0.52,0.00,0.00,1,13.91,11.48,27.39,1,-16,4,0,0,STAT,60,LAT,LON,W,CRC
11/30/25 22:21:09,3.12,112.43,12.74,14.79,10.60,409.03,5.10,52.20,0.00,0.05,0.95,1.08,0.00,0.00,1,13.84,3.24,27.75,1,-15,4,0,0,STAT,60,LAT,LON,W,CRC
11/30/25 22:22:11,3.10,112.22,13.88,14.37,9.55,408.02,5.10,52.40,0.00,0.02,0.61,0.66,0.00,0.00,1,14.02,65.07,32.70,1,-15,2,0,0,STAT,60,LAT,LON,W,CRC
11/30/25 22:23:11,3.09,110.31,14.11,14.75,9.46,408.51,5.10,52.40,0.00,0.01,0.96,0.98,0.00,0.00,1,13.91,18.38,29.09,1,-13,2,0,0,STAT,60,LAT,LON,W,CRC
11/30/25 22:24:11,3.08,109.69,13.84,15.84,9.19,408.26,5.10,52.40,0.00,0.21,0.99,0.99,0.00,0.00,1,13.87,5.19,26.83,1,-15,2,0,0,STAT,60,LAT,LON,W,CRC
11/30/25 22:25:12,3.08,107.54,12.67,16.17,8.46,408.09,5.10,52.60,0.00,0.07,0.47,0.80,0.00,0.00,1,14.12,168.85,27.32,1,-15,3,2,2,STAT,60,LAT,LON,W,CRC
11/30/25 22:26:12,3.08,111.28,14.74,15.04,10.57,408.03,5.10,52.20,0.00,0.19,0.67,0.81,0.00,0.00,1,13.95,58.52,25.79,1,-15,3,0,0,STAT,60,LAT,LON,W,CRC
11/30/25 22:27:07,3.07,115.37,12.50,15.59,9.62,408.01,5.10,52.30,0.00,0.29,0.71,0.76,0.00,0.00,1,13.87,18.36,35.25,1,-16,4,0,0,STAT,60,LAT,LON,W,CRC
11/30/25 22:28:08,3.07,115.43,12.24,15.13,10.07,408.00,5.10,52.20,0.00,0.62,1.06,1.44,0.00,0.00,1,13.84,5.19,30.89,1,-13,4,0,0,STAT,60,LAT,LON,W,CRC
11/30/25 22:29:08,3.07,117.56,13.82,14.68,12.45,408.00,5.10,52.40,0.00,0.54,1.22,1.37,0.00,0.00,1,13.98,74.12,29.07,1,-15,3,0,1,STAT,60,LAT,LON,W,CRC
11/30/25 22:30:08,3.06,124.12,13.59,15.98,10.71,408.00,5.10,52.30,0.00,0.53,1.07,1.12,0.00,0.00,1,13.91,20.93,29.37,1,-17,4,0,0,STAT,60,LAT,LON,W,CRC
11/30/25 22:31:08,3.06,129.17,13.79,14.75,9.45,408.70,5.10,52.50,0.00,0.19,0.90,0.92,0.00,0.00,1,13.87,5.91,29.99,1,-14,2,0,0,STAT,60,LAT,LON,W,CRC
11/30/25 22:32:08,3.05,127.30,14.98,15.75,7.58,409.54,5.10,52.80,0.00,0.06,0.72,0.73,0.00,0.00,1,14.12,113.61,27.74,1,-13,2,0,0,STAT,60,LAT,LON,W,CRC
11/30/25 22:33:12,3.04,121.64,12.96,16.88,7.76,410.03,5.10,52.70,0.00,0.30,1.03,1.04,0.00,0.00,1,13.95,40.99,31.47,1,-17,3,0,0,STAT,60,LAT,LON,W,CRC
11/30/25 22:34:12,3.02,115.71,14.83,16.04,8.79,410.01,5.10,52.60,0.00,0.13,0.97,0.97,0.00,0.00,1,13.87,11.58,30.28,1,-16,2,0,0,STAT,60,LAT,LON,W,CRC
11/30/25 22:35:12,3.01,116.42,15.47,14.76,10.74,410.00,5.10,52.50,0.00,0.11,1.01,1.23,0.00,0.00,1,13.84,3.27,28.67,1,-15,1,0,0,STAT,60,LAT,LON,W,CRC
11/30/25 22:36:12,2.99,117.94,14.03,15.47,9.04,410.00,5.10,52.50,0.00,0.22,1.59,1.67,0.00,0.00,1,13.98,68.72,31.24,1,-15,2,0,0,STAT,60,LAT,LON,W,CRC
11/30/25 22:37:12,2.98,114.69,15.33,15.54,10.19,410.00,5.10,52.80,0.00,0.27,1.15,1.17,0.00,0.00,1,13.91,19.41,27.38,1,-14,1,0,1,STAT,60,LAT,LON,W,CRC
11/30/25 22:38:14,2.98,120.55,14.81,14.66,10.75,409.92,5.10,52.70,0.00,0.13,1.01,1.01,0.00,0.00,1,13.84,5.48,31.35,1,-14,1,0,1,STAT,60,LAT,LON,W,CRC
11/30/25 22:39:14,2.98,123.88,13.95,14.71,11.36,409.55,5.10,52.50,0.00,0.04,1.00,1.00,0.00,0.00,1,14.02,79.32,27.53,1,-16,2,0,1,STAT,60,LAT,LON,W,CRC
11/30/25 22:40:14,2.98,126.08,15.02,15.28,11.55,409.57,5.10,52.40,0.00,0.08,1.00,1.00,0.00,0.00,1,13.91,22.40,27.01,1,-17,2,0,0,STAT,60,LAT,LON,W,CRC
11/30/25 22:41:14,2.97,131.16,14.43,15.85,11.17,409.85,5.10,52.60,0.00,0.14,0.61,0.61,0.00,0.00,1,13.87,6.33,26.84,1,-14,2,0,0,STAT,60,LAT,LON,W,CRC
11/30/25 22:42:14,2.98,127.64,14.24,16.57,10.86,410.11,5.10,52.60,0.00,0.54,0.97,0.97,0.00,0.00,1,13.84,1.79,29.17,1,-13,3,0,0,STAT,60,LAT,LON,W,CRC
11/30/25 22:43:11,2.99,123.71,14.69,16.21,10.96,410.95,5.10,52.60,0.00,0.22,0.93,0.93,0.00,0.00,1,13.95,49.57,36.28,1,-14,3,0,0,STAT,60,LAT,LON,W,CRC
11/30/25 22:44:11,3.00,117.47,15.14,15.07,9.89,411.63,5.10,52.50,0.00,0.09,0.51,0.51,0.00,0.00,1,13.87,14.00,30.69,1,-16,3,0,0,STAT,60,LAT,LON,W,CRC
11/30/25 22:45:11,3.00,115.30,16.11,15.65,9.22,411.25,5.10,52.40,0.00,0.03,0.59,0.59,0.00,0.00,1,13.84,3.95,29.43,1,-13,2,0,0,STAT,60,LAT,LON,W,CRC
11/30/25 22:46:12,3.00,141.10,14.14,14.90,10.55,411.09,5.10,52.40,0.00,0.22,0.61,0.61,0.00,0.00,1,13.98,82.42,28.77,1,-14,3,0,0,STAT,60,LAT,LON,W,CRC
11/30/25 22:47:12,3.00,150.66,12.14,16.72,10.18,411.03,5.10,52.70,0.00,0.07,0.74,0.74,0.00,0.00,1,13.91,23.28,24.43,1,-14,4,0,0,STAT,60,LAT,LON,W,CRC
11/30/25 22:48:20,3.00,152.68,12.37,16.42,8.95,411.01,5.10,52.70,0.00,0.34,0.89,0.89,0.00,0.00,1,13.80,5.92,34.45,1,-14,3,0,0,STAT,60,LAT,LON,W,CRC
11/30/25 22:49:10,3.00,142.37,12.57,16.34,9.21,411.00,5.10,52.80,0.00,0.14,0.78,0.78,0.00,0.00,1,14.02,120.42,34.14,1,-15,4,0,0,STAT,60,LAT,LON,W,CRC
11/30/25 22:50:10,3.00,139.90,12.36,15.57,9.71,411.00,5.20,52.90,0.00,0.51,1.09,1.32,0.00,0.00,1,13.95,34.01,28.12,1,-16,4,0,0,STAT,60,LAT,LON,W,CRC
11/30/25 22:51:10,3.00,130.41,14.99,17.22,9.40,411.00,5.10,52.60,0.00,0.64,1.34,1.42,0.00,0.00,1,13.87,9.61,30.88,1,-15,2,0,1,STAT,60,LAT,LON,W,CRC
11/30/25 22:52:10,3.00,121.63,14.06,16.06,9.71,411.00,5.10,52.50,0.00,0.28,1.46,1.48,0.00,0.00,1,13.84,2.71,28.07,1,-15,3,0,0,STAT,60,LAT,LON,W,CRC
11/30/25 22:53:10,3.00,117.29,13.24,17.93,7.52,410.77,5.10,52.70,0.00,0.11,1.11,1.12,0.00,0.00,1,13.98,83.49,28.67,1,-16,4,0,0,STAT,60,LAT,LON,W,CRC
11/30/25 22:54:13,3.00,122.76,14.24,15.89,10.76,410.27,5.10,52.70,0.00,0.64,1.41,1.41,0.00,0.00,1,13.91,23.58,34.65,1,-15,3,0,1,STAT,60,LAT,LON,W,CRC
11/30/25 22:55:13,3.00,121.28,12.19,16.25,9.03,410.71,5.20,52.80,0.00,0.85,2.65,2.70,0.00,0.00,1,13.84,6.66,31.09,1,-16,4,0,0,STAT,60,LAT,LON,W,CRC
11/30/25 22:56:13,2.99,119.22,14.19,15.69,10.16,410.90,5.20,53.00,0.00,0.91,2.46,2.73,0.00,0.00,1,14.02,84.65,28.60,1,-13,2,0,0,STAT,60,LAT,LON,W,CRC
11/30/25 22:57:14,2.99,127.25,13.47,16.94,8.59,410.42,5.20,53.00,0.00,1.26,2.23,2.32,0.00,0.00,1,13.95,23.91,24.76,1,-16,3,0,0,STAT,60,LAT,LON,W,CRC
11/30/25 22:58:14,2.99,139.90,14.01,16.19,8.67,410.15,5.20,53.00,0.00,1.06,1.57,1.76,0.00,0.00,1,13.87,6.75,28.62,1,-16,3,0,0,STAT,60,LAT,LON,W,CRC
11/30/25 22:59:12,3.00,135.16,13.81,15.41,13.31,410.06,5.20,53.10,0.00,1.02,1.80,1.87,0.00,0.00,1,14.05,170.25,31.68,1,-14,3,0,1,STAT,60,LAT,LON,W,CRC
11/30/25 23:00:12,3.00,128.16,14.18,16.23,9.69,410.51,5.20,53.10,0.00,0.94,1.82,2.11,0.00,0.00,1,13.95,48.08,28.34,1,-17,3,0,1,STAT,60,LAT,LON,W,CRC
11/30/25 23:01:13,3.00,129.42,13.46,15.01,9.80,410.60,5.20,53.10,0.00,0.85,1.61,1.70,0.00,0.00,1,13.87,13.58,29.47,1,-14,3,0,0,STAT,60,LAT,LON,W,CRC
11/30/25 23:02:13,3.01,128.48,13.63,15.49,8.13,410.50,5.20,53.40,0.00,0.85,2.18,2.21,0.00,0.00,1,13.84,3.84,29.57,1,-14,4,0,0,STAT,60,LAT,LON,W,CRC
11/30/25 23:03:13,3.02,127.44,13.60,16.65,7.32,410.40,5.20,53.60,0.00,0.92,1.56,1.69,0.00,0.00,1,14.02,49.29,29.01,1,-15,2,0,0,STAT,60,LAT,LON,W,CRC
11/30/25 23:04:15,3.03,137.11,14.61,15.49,7.92,411.12,5.30,53.50,0.00,0.64,1.46,1.51,0.00,0.00,1,13.91,13.92,37.39,1,-16,2,0,0,STAT,60,LAT,LON,W,CRC
11/30/25 23:05:16,3.05,137.13,13.78,14.67,8.70,411.50,5.20,53.30,0.00,0.21,1.06,1.07,0.00,0.00,1,13.84,3.93,32.33,1,-14,3,0,0,STAT,60,LAT,LON,W,CRC
11/30/25 23:06:16,3.05,129.76,13.98,13.93,9.28,411.21,5.20,53.20,0.00,0.07,1.05,1.05,0.00,0.00,1,14.05,122.16,28.70,1,-14,3,0,0,STAT,60,LAT,LON,W,CRC
11/30/25 23:07:16,3.05,120.59,14.23,14.05,9.48,411.07,5.20,53.20,0.00,0.02,1.02,1.02,0.00,0.00,1,13.95,34.50,33.45,1,-16,3,0,0,STAT,60,LAT,LON,W,CRC
11/30/25 23:08:16,3.05,121.49,13.86,13.83,9.99,410.76,5.20,53.00,0.00,0.01,0.97,0.97,0.00,0.00,1,13.87,9.74,29.60,1,-16,4,0,0,STAT,60,LAT,LON,W,CRC
11/30/25 23:09:16,3.06,126.72,15.95,15.83,9.53,410.92,5.20,53.00,0.00,0.04,0.93,0.93,0.00,0.00,1,13.84,2.75,31.29,1,-14,2,0,0,STAT,60,LAT,LON,W,CRC
11/30/25 23:10:16,3.05,126.00,15.18,16.22,9.66,411.28,5.20,53.20,0.00,0.02,0.69,0.69,0.00,0.00,1,13.98,31.73,33.35,1,-15,2,0,0,STAT,60,LAT,LON,W,CRC
11/30/25 23:11:16,3.06,125.40,14.79,14.92,9.41,411.63,5.10,52.80,0.00,0.26,0.86,0.86,0.00,0.00,1,13.91,8.96,29.82,1,-18,2,0,0,STAT,60,LAT,LON,W,CRC
11/30/25 23:12:16,3.06,122.46,14.90,14.66,10.48,411.87,5.10,52.80,0.00,0.14,0.74,0.74,0.00,0.00,1,13.84,2.53,27.92,1,-16,2,0,0,STAT,60,LAT,LON,W,CRC
11/30/25 23:13:16,3.06,123.41,14.82,15.63,9.78,411.95,5.10,52.70,0.00,0.05,0.78,0.78,0.00,0.00,1,14.05,136.97,30.31,1,-11,2,0,0,STAT,60,LAT,LON,W,CRC
11/30/25 23:14:17,3.05,123.35,13.14,14.90,10.76,411.98,5.20,52.90,0.00,0.02,0.92,0.92,0.00,0.00,1,13.95,38.68,29.25,1,-17,3,0,0,STAT,60,LAT,LON,W,CRC
11/30/25 23:15:12,3.05,122.67,12.88,14.92,9.53,412.08,5.20,53.20,0.00,0.01,0.83,0.83,0.00,0.00,1,13.87,12.14,33.43,1,-15,4,0,0,STAT,60,LAT,LON,W,CRC
11/30/25 23:16:12,3.05,120.17,13.47,15.53,8.22,412.22,5.20,53.30,0.00,0.00,0.64,0.64,0.00,0.00,1,13.84,3.43,32.72,1,-16,3,0,0,STAT,60,LAT,LON,W,CRC
11/30/25 23:17:13,3.05,119.55,14.84,13.87,10.84,412.08,5.20,53.20,0.00,0.06,0.88,0.88,0.00,0.00,1,13.98,58.64,28.94,1,-15,3,0,1,STAT,60,LAT,LON,W,CRC
11/30/25 23:18:13,3.05,123.10,14.90,15.01,9.12,412.03,5.20,53.20,0.00,0.04,0.76,0.76,0.00,0.00,1,13.91,16.56,27.35,1,-15,2,0,0,STAT,60,LAT,LON,W,CRC
11/30/25 23:19:13,3.05,127.59,14.74,14.96,9.45,412.01,5.20,53.10,0.00,0.11,0.56,0.56,0.00,0.00,1,13.84,4.68,25.98,1,-15,3,0,0,STAT,60,LAT,LON,W,CRC
11/30/25 23:20:15,3.05,129.99,13.52,17.06,7.64,411.84,5.20,53.30,0.00,0.14,0.38,0.38,0.00,0.00,1,14.05,112.95,38.37,1,-14,3,0,0,STAT,60,LAT,LON,W,CRC
11/30/25 23:21:15,3.05,129.09,13.23,16.13,8.70,411.95,5.20,53.40,0.00,0.05,0.85,0.85,0.00,0.00,1,13.95,31.90,31.56,1,-17,4,0,0,STAT,60,LAT,LON,W,CRC
11/30/25 23:22:15,3.05,126.58,13.72,15.20,8.16,411.98,5.20,53.00,0.00,0.14,0.74,0.74,0.00,0.00,1,13.87,9.01,28.17,1,-16,3,0,0,STAT,60,LAT,LON,W,CRC
11/30/25 23:23:15,3.06,127.39,14.74,15.73,9.04,412.08,5.20,53.10,0.00,0.32,0.92,0.92,0.00,0.00,1,13.84,2.54,27.84,1,-16,2,0,0,STAT,60,LAT,LON,W,CRC
11/30/25 23:24:15,3.06,123.86,15.00,16.27,8.53,412.67,5.20,53.30,0.00,0.18,0.94,0.94,0.00,0.00,1,13.98,85.49,27.98,1,-13,2,0,0,STAT,60,LAT,LON,W,CRC
11/30/25 23:25:25,3.06,125.43,14.40,15.96,8.02,412.90,5.20,53.60,0.00,0.60,1.06,1.06,0.00,0.00,1,13.87,21.73,38.33,1,-15,2,0,0,STAT,60,LAT,LON,W,CRC
11/30/25 23:26:15,3.06,128.46,12.80,15.75,7.19,413.04,5.20,54.10,0.00,0.72,1.27,1.27,0.00,0.00,1,13.84,7.58,33.88,1,-16,4,0,0,STAT,60,LAT,LON,W,CRC
11/30/25 23:27:15,3.06,131.73,13.18,15.41,7.79,413.18,5.20,54.00,0.00,0.23,1.10,1.10,0.00,0.00,1,14.05,109.89,29.96,1,-15,3,0,0,STAT,60,LAT,LON,W,CRC
11/30/25 23:28:15,3.06,133.94,14.65,15.62,7.09,413.15,5.20,53.80,0.00,0.45,1.08,1.35,0.00,0.00,1,13.95,31.04,26.00,1,-17,3,0,0,STAT,60,LAT,LON,W,CRC
11/30/25 23:29:15,3.07,141.13,13.60,16.15,7.13,413.47,5.20,53.60,0.00,0.73,1.67,1.75,0.00,0.00,1,13.87,8.77,30.73,1,-17,3,0,0,STAT,60,LAT,LON,W,CRC
11/30/25 23:30:15,3.07,140.60,13.91,15.73,8.80,413.17,5.20,53.40,0.00,0.75,1.81,1.83,0.00,0.00,1,13.84,2.48,28.37,1,-15,4,0,0,STAT,60,LAT,LON,W,CRC
11/30/25 23:31:16,3.07,182.77,17.50,16.93,7.23,413.06,5.20,53.40,0.00,0.80,1.65,1.66,0.00,0.00,1,13.98,49.02,31.24,1,-16,2,0,0,STAT,60,LAT,LON,W,CRC
11/30/25 23:32:17,3.07,288.81,41.34,20.48,4.52,413.83,5.20,53.50,0.00,0.48,1.47,1.47,0.00,0.00,1,13.91,13.85,29.59,1,-14,5,0,0,STAT,60,LAT,LON,W,CRC
11/30/25 23:33:17,3.07,283.67,30.15,20.31,5.18,415.29,5.30,53.40,0.00,0.70,1.23,1.23,0.00,0.00,1,13.84,3.91,29.06,1,-13,3,0,0,STAT,60,LAT,LON,W,CRC
11/30/25 23:34:17,3.07,237.36,20.88,20.76,2.94,416.32,5.30,53.50,0.00,0.61,1.16,1.16,0.00,0.00,1,14.05,108.29,24.85,1,-12,3,0,0,STAT,60,LAT,LON,W,CRC
11/30/25 23:35:17,3.07,176.84,17.55,18.46,5.27,416.76,5.30,53.80,0.00,0.61,1.43,1.43,0.00,0.00,1,13.95,30.58,24.94,1,-14,2,-1,0,STAT,60,LAT,LON,W,CRC
11/30/25 23:36:19,3.07,153.16,15.28,17.74,4.34,416.34,5.30,53.90,0.00,0.30,1.06,1.20,0.00,0.00,1,13.87,8.64,40.85,1,-16,2,0,-1,STAT,60,LAT,LON,W,CRC
11/30/25 23:37:19,3.07,140.95,14.50,17.53,4.38,416.12,5.30,54.10,0.00,0.10,0.79,0.84,0.00,0.00,1,13.80,2.44,29.42,1,-16,2,0,0,STAT,60,LAT,LON,W,CRC
11/30/25 23:38:19,3.07,136.97,14.11,15.93,5.61,416.04,5.20,53.90,0.00,0.03,1.36,1.38,0.00,0.00,1,13.98,48.47,28.48,1,-17,3,0,0,STAT,60,LAT,LON,W,CRC
11/30/25 23:39:19,3.07,130.40,14.91,14.92,8.06,414.88,5.30,53.50,0.00,0.25,1.17,1.17,0.00,0.00,1,13.91,13.69,26.24,1,-16,3,0,0,STAT,60,LAT,LON,W,CRC
11/30/25 23:40:19,3.07,132.68,12.29,15.20,8.91,412.60,5.30,53.30,0.00,0.13,0.90,0.95,0.00,0.00,1,13.84,3.87,30.13,1,-13,4,0,0,STAT,60,LAT,LON,W,CRC
11/30/25 23:41:16,3.07,138.98,13.63,17.19,7.49,411.35,5.20,53.20,0.00,0.12,0.91,1.26,0.00,0.00,1,14.05,126.95,28.84,1,-12,3,0,0,STAT,60,LAT,LON,W,CRC
11/30/25 23:42:16,3.07,138.18,14.66,15.99,6.77,411.12,5.20,53.30,0.00,0.58,1.03,1.19,0.00,0.00,1,13.95,35.85,28.82,1,-15,4,0,0,STAT,60,LAT,LON,W,CRC
11/30/25 23:43:16,3.07,133.29,14.19,15.55,5.73,410.86,5.20,53.60,0.00,0.47,0.98,1.03,0.00,0.00,1,13.87,10.13,28.25,1,-15,4,0,-1,STAT,60,LAT,LON,W,CRC
11/30/25 23:44:16,3.07,136.73,12.64,16.39,6.05,410.95,5.20,53.60,0.00,0.52,1.49,1.51,0.00,0.00,1,13.84,2.86,27.40,1,-16,5,0,0,STAT,60,LAT,LON,W,CRC
11/30/25 23:45:16,3.07,137.71,12.98,15.27,8.20,410.98,5.20,53.60,0.00,0.43,1.34,1.34,0.00,0.00,1,13.98,61.20,26.71,1,-16,4,0,0,STAT,60,LAT,LON,W,CRC
11/30/25 23:46:16,3.07,135.68,14.03,15.83,6.87,410.66,5.20,53.40,0.00,0.35,1.10,1.10,0.00,0.00,1,13.91,17.29,26.91,1,-15,3,0,0,STAT,60,LAT,LON,W,CRC
11/30/25 23:47:18,3.07,134.95,14.15,15.34,9.10,410.23,5.20,53.40,0.00,0.71,1.18,1.18,0.00,0.00,1,13.84,4.88,30.09,1,-15,2,0,0,STAT,60,LAT,LON,W,CRC
11/30/25 23:48:18,3.06,141.06,14.07,14.45,8.92,410.47,5.20,53.60,0.00,0.75,1.42,1.42,0.00,0.00,1,14.02,85.10,27.22,1,-14,2,-1,0,STAT,60,LAT,LON,W,CRC
11/30/25 23:49:18,3.06,147.93,14.54,16.00,7.38,410.69,5.20,53.60,0.00,0.76,1.42,1.42,0.00,0.00,1,13.95,24.04,27.04,1,-14,1,0,0,STAT,60,LAT,LON,W,CRC
11/30/25 23:50:18,3.06,146.71,14.02,16.63,7.66,410.89,5.20,53.80,0.00,0.83,1.36,1.36,0.00,0.00,1,13.87,6.79,29.83,1,-14,2,0,0,STAT,60,LAT,LON,W,CRC
11/30/25 23:51:19,3.05,142.22,13.99,17.46,5.81,410.96,5.30,53.80,0.00,0.95,1.67,1.67,0.00,0.00,1,13.80,1.92,28.83,1,-14,2,0,0,STAT,60,LAT,LON,W,CRC
11/30/25 23:52:20,3.05,137.32,13.83,16.92,6.05,410.99,5.20,53.80,0.00,0.51,1.46,1.68,0.00,0.00,1,13.95,32.38,36.16,1,-14,2,0,0,STAT,60,LAT,LON,W,CRC
11/30/25 23:53:20,3.05,135.55,12.74,15.67,6.22,411.35,5.20,53.90,0.00,0.84,1.27,1.53,0.00,0.00,1,13.87,9.15,28.58,1,-16,4,0,0,STAT,60,LAT,LON,W,CRC
11/30/25 23:54:20,3.05,139.08,14.18,15.12,7.48,411.77,5.20,53.80,0.00,0.83,1.38,1.46,0.00,0.00,1,13.84,2.58,29.24,1,-17,2,0,0,STAT,60,LAT,LON,W,CRC
11/30/25 23:55:20,3.04,134.85,14.68,16.23,6.74,411.92,5.20,53.80,0.00,0.95,1.46,1.49,0.00,0.00,1,13.98,71.87,27.56,1,-16,2,0,0,STAT,60,LAT,LON,W,CRC
11/30/25 23:56:20,3.02,139.73,13.72,17.04,7.06,411.56,5.20,53.80,0.00,0.98,1.54,1.55,0.00,0.00,1,13.91,20.30,26.72,1,-15,3,0,0,STAT,60,LAT,LON,W,CRC
11/30/25 23:57:19,3.00,148.76,13.94,16.30,7.17,411.22,5.20,53.80,0.00,0.90,1.72,1.73,0.00,0.00,1,13.84,6.37,39.31,1,-14,2,0,0,STAT,60,LAT,LON,W,CRC
11/30/25 23:58:19,2.99,150.11,14.83,17.54,6.49,411.08,5.20,54.00,0.00,0.97,1.49,1.49,0.00,0.00,1,14.05,137.73,31.04,1,-11,1,0,1,STAT,60,LAT,LON,W,CRC
11/30/25 23:59:20,2.98,140.92,14.41,16.19,7.22,411.03,5.20,54.10,0.00,0.43,1.07,1.07,0.00,0.00,1,13.95,38.90,30.40,1,-14,2,0,0,STAT,60,LAT,LON,W,CRC
12/01/25 00:00:20,2.97,137.87,14.07,16.17,7.48,411.01,5.20,54.20,0.00,0.47,1.39,1.39,0.00,0.00,1,13.87,10.99,28.10,1,-15,2,0,0,STAT,60,LAT,LON,W,CRC
12/01/25 00:01:20,2.97,136.84,13.06,15.03,9.37,411.00,5.20,54.30,0.00,0.32,1.27,1.27,0.00,0.00,1,13.84,3.10,31.23,1,-15,3,0,0,STAT,60,LAT,LON,W,CRC
12/01/25 00:02:28,2.97,135.28,14.20,14.16,10.28,411.00,5.20,54.40,0.00,0.50,1.41,1.41,0.00,0.00,1,13.95,63.34,37.11,1,-15,3,0,0,STAT,60,LAT,LON,W,CRC
12/01/25 00:03:18,2.97,132.73,13.18,15.48,8.13,411.34,5.20,54.60,0.00,0.57,1.41,1.41,0.00,0.00,1,13.91,22.09,30.94,1,-15,3,0,1,STAT,60,LAT,LON,W,CRC
12/01/25 00:04:18,2.97,133.49,13.97,15.99,7.92,411.77,5.10,54.70,0.00,0.50,1.13,1.13,0.00,0.00,1,13.84,6.24,29.18,1,-14,2,0,1,STAT,60,LAT,LON,W,CRC
12/01/25 00:05:18,2.97,134.19,13.86,20.57,2.25,411.92,5.20,54.40,0.00,0.64,1.24,1.24,0.00,0.00,1,14.02,140.90,27.81,1,-13,3,2,1,STAT,60,LAT,LON,W,CRC
12/01/25 00:06:18,2.97,134.39,14.49,17.28,4.83,411.97,5.20,54.50,0.00,0.56,1.32,1.41,0.00,0.00,1,13.95,39.79,31.34,1,-15,2,0,0,STAT,60,LAT,LON,W,CRC
12/01/25 00:07:18,2.96,132.94,13.61,16.27,6.15,411.99,5.10,54.70,0.00,0.70,1.66,1.96,0.00,0.00,1,13.87,11.24,28.43,1,-15,3,0,0,STAT,60,LAT,LON,W,CRC
12/01/25 00:08:21,2.96,136.26,12.73,16.91,5.23,412.08,5.20,55.00,0.00,0.74,1.52,1.63,0.00,0.00,1,14.12,163.87,28.98,1,-12,4,0,1,STAT,60,LAT,LON,W,CRC
12/01/25 00:09:21,2.96,137.92,13.02,15.74,4.43,412.92,5.20,54.90,0.00,0.54,1.38,1.42,0.00,0.00,1,13.95,46.28,28.21,1,-16,3,0,0,STAT,60,LAT,LON,W,CRC
12/01/25 00:10:21,2.97,143.39,15.10,15.34,4.50,413.47,5.10,54.80,0.00,0.39,1.22,1.23,0.00,0.00,1,13.91,13.07,30.70,1,-16,2,0,0,STAT,60,LAT,LON,W,CRC
12/01/25 00:11:21,2.97,146.81,15.28,15.76,5.26,413.81,5.10,54.60,0.00,0.51,1.57,1.58,0.00,0.00,1,13.84,3.69,30.04,1,-14,1,0,0,STAT,60,LAT,LON,W,CRC
12/01/25 00:12:22,2.96,146.47,14.06,15.43,6.38,413.93,5.10,54.70,0.00,0.41,1.34,1.44,0.00,0.00,1,14.02,88.43,30.73,1,-15,2,0,0,STAT,60,LAT,LON,W,CRC
12/01/25 00:13:19,2.96,144.57,13.71,15.07,7.76,413.97,5.10,54.90,0.00,0.37,1.51,1.55,0.00,0.00,1,13.91,27.75,32.58,1,-13,2,0,0,STAT,60,LAT,LON,W,CRC
12/01/25 00:14:19,2.96,148.84,13.09,16.83,6.42,413.99,5.10,55.10,0.00,0.64,1.47,1.57,0.00,0.00,1,13.87,7.84,29.25,1,-15,2,0,0,STAT,60,LAT,LON,W,CRC
12/01/25 00:15:19,2.95,151.11,15.07,16.71,5.60,414.23,5.10,55.20,0.00,0.73,1.75,1.84,0.00,0.00,1,14.12,111.76,26.35,1,-14,2,0,1,STAT,60,LAT,LON,W,CRC
12/01/25 00:16:19,2.96,148.41,15.44,16.94,5.05,414.73,5.10,55.30,0.00,0.83,1.91,1.94,0.00,0.00,1,13.95,40.07,26.04,1,-15,1,0,0,STAT,60,LAT,LON,W,CRC
12/01/25 00:17:20,2.95,147.04,12.98,15.90,5.66,414.90,5.10,55.40,0.00,0.88,1.86,1.87,0.00,0.00,1,13.91,11.32,28.95,1,-15,3,0,0,STAT,60,LAT,LON,W,CRC
12/01/25 00:18:20,2.95,146.14,12.88,16.54,4.87,414.97,5.10,55.30,0.00,0.93,1.96,1.96,0.00,0.00,1,14.05,104.81,33.71,1,-12,4,0,1,STAT,60,LAT,LON,W,CRC
12/01/25 00:19:20,2.95,146.93,13.26,16.86,4.42,414.99,5.10,55.40,0.00,1.13,2.06,2.06,0.00,0.00,1,13.98,56.62,30.09,1,-15,3,0,0,STAT,60,LAT,LON,W,CRC
12/01/25 00:20:20,2.95,151.51,14.44,17.83,3.98,414.84,5.10,55.40,0.00,1.04,2.68,2.68,0.00,0.00,1,13.91,15.99,28.77,1,-14,3,0,0,STAT,60,LAT,LON,W,CRC
12/01/25 00:21:20,2.94,153.62,13.27,17.21,5.10,414.77,5.10,55.40,0.00,0.97,2.39,2.39,0.00,0.00,1,13.84,4.52,28.23,1,-13,5,0,0,STAT,60,LAT,LON,W,CRC
12/01/25 00:22:21,2.91,158.31,12.41,18.45,3.70,414.57,5.10,55.40,0.00,1.32,3.03,3.03,0.00,0.00,1,14.05,100.45,26.14,1,-12,4,0,0,STAT,60,LAT,LON,W,CRC
12/01/25 00:23:21,2.88,157.62,12.71,19.13,2.71,414.62,5.10,55.50,0.00,1.17,3.25,3.25,0.00,0.00,1,13.95,28.37,28.24,1,-15,3,0,0,STAT,60,LAT,LON,W,CRC
12/01/25 00:24:22,2.87,157.21,14.19,19.76,2.38,414.83,5.10,55.30,0.00,1.66,3.75,3.75,0.00,0.00,1,13.87,8.01,31.34,1,-13,2,0,0,STAT,60,LAT,LON,W,CRC
12/01/25 00:25:23,2.87,153.89,14.32,19.91,3.95,414.94,5.10,55.20,0.00,2.02,4.29,4.70,0.00,0.00,1,14.09,153.39,28.41,1,-8,4,2,2,STAT,60,LAT,LON,W,CRC
12/01/25 00:26:23,2.87,150.41,12.58,20.27,2.50,414.98,5.10,55.20,0.00,2.02,4.15,4.28,0.00,0.00,1,13.95,53.75,30.69,1,-13,4,1,0,STAT,60,LAT,LON,W,CRC
12/01/25 00:27:23,2.86,153.98,14.02,18.14,4.77,414.99,5.00,55.10,0.00,1.88,3.82,3.86,0.00,0.00,1,13.87,15.18,28.81,1,-15,3,0,0,STAT,60,LAT,LON,W,CRC
12/01/25 00:28:23,2.86,155.75,12.63,18.87,3.65,414.84,5.10,55.10,0.00,2.02,4.12,4.14,0.00,0.00,1,13.84,4.29,28.42,1,-14,4,0,0,STAT,60,LAT,LON,W,CRC
