co,co2,geo,met,model,no,no2,o3,pm1,pm10,pm25,raw_data_id,rh,sn,temp,timestamp,timestamp_local,url
236.46,575.58,"{'lat': None, 'lon': None}","{'rh': 45.9, 'temp': 25.3, 'wd': 0.0, 'ws': 0.0, 'ws_scalar': 0.0}","{'gas': {'co': 18144, 'co2': 13267, 'no': 18145, 'no2': 18146, 'o3': 18147}, 'pm': {'pm1': 13221, 'pm10': 13223, 'pm25': 13222}}",2.1,4.49,30.87,4.77,11.86,5.02,733173537,45.9,MOD-00620,25.3,2026-07-18T22:45:59,2026-07-18T15:45:59,https://api.quant-aq.com/v1/devices/MOD-00620/data/733173331
245.13,573.53,"{'lat': None, 'lon': None}","{'rh': 46.4, 'temp': 25.3, 'wd': 0.0, 'ws': 0.0, 'ws_scalar': 0.0}","{'gas': {'co': 18144, 'co2': 13267, 'no': 18145, 'no2': 18146, 'o3': 18147}, 'pm': {'pm1': 13221, 'pm10': 13223, 'pm25': 13222}}",2.16,4.58,30.09,5.08,12.0,5.45,733173536,46.4,MOD-00620,25.3,2026-07-18T22:44:59,2026-07-18T15:44:59,https://api.quant-aq.com/v1/devices/MOD-00620/data/733173330
281.59,578.95,"{'lat': None, 'lon': None}","{'rh': 46.3, 'temp': 25.2, 'wd': 0.0, 'ws': 0.0, 'ws_scalar': 0.0}","{'gas': {'co': 18144, 'co2': 13267, 'no': 18145, 'no2': 18146, 'o3': 18147}, 'pm': {'pm1': 13221, 'pm10': 13223, 'pm25': 13222}}",2.22,4.54,29.78,4.94,10.51,5.42,733173534,46.3,MOD-00620,25.2,2026-07-18T22:43:59,2026-07-18T15:43:59,https://api.quant-aq.com/v1/devices/MOD-00620/data/733173327
281.86,578.71,"{'lat': None, 'lon': None}","{'rh': 46.5, 'temp': 25.2, 'wd': 0.0, 'ws': 0.0, 'ws_scalar': 0.0}","{'gas': {'co': 18144, 'co2': 13267, 'no': 18145, 'no2': 18146, 'o3': 18147}, 'pm': {'pm1': 13221, 'pm10': 13223, 'pm25': 13222}}",2.03,4.45,30.13,5.27,6.94,5.72,733173532,46.5,MOD-00620,25.2,2026-07-18T22:42:59,2026-07-18T15:42:59,https://api.quant-aq.com/v1/devices/MOD-00620/data/733173328
228.36,578.83,"{'lat': None, 'lon': None}","{'rh': 46.6, 'temp': 25.1, 'wd': 0.0, 'ws': 0.0, 'ws_scalar': 0.0}","{'gas': {'co': 18144, 'co2': 13267, 'no': 18145, 'no2': 18146, 'o3': 18147}, 'pm': {'pm1': 13221, 'pm10': 13223, 'pm25': 13222}}",2.3,4.59,30.31,4.87,10.69,5.2,733171364,46.6,MOD-00620,25.1,2026-07-18T22:41:59,2026-07-18T15:41:59,https://api.quant-aq.com/v1/devices/MOD-00620/data/733171160
227.13,576.9,"{'lat': None, 'lon': None}","{'rh': 46.6, 'temp': 25.1, 'wd': 0.0, 'ws': 0.0, 'ws_scalar': 0.0}","{'gas': {'co': 18144, 'co2': 13267, 'no': 18145, 'no2': 18146, 'o3': 18147}, 'pm': {'pm1': 13221, 'pm10': 13223, 'pm25': 13222}}",2.09,4.45,29.56,4.71,17.42,5.04,733171363,46.6,MOD-00620,25.1,2026-07-18T22:40:59,2026-07-18T15:40:59,https://api.quant-aq.com/v1/devices/MOD-00620/data/733171155
232.22,576.66,"{'lat': None, 'lon': None}","{'rh': 46.2, 'temp': 25.0, 'wd': 0.0, 'ws': 0.0, 'ws_scalar': 0.0}","{'gas': {'co': 18144, 'co2': 13267, 'no': 18145, 'no2': 18146, 'o3': 18147}, 'pm': {'pm1': 13221, 'pm10': 13223, 'pm25': 13222}}",2.27,4.57,30.02,4.27,7.82,4.73,733171362,46.2,MOD-00620,25.0,2026-07-18T22:39:59,2026-07-18T15:39:59,https://api.quant-aq.com/v1/devices/MOD-00620/data/733171156
232.97,580.39,"{'lat': None, 'lon': None}","{'rh': 46.3, 'temp': 25.0, 'wd': 0.0, 'ws': 0.0, 'ws_scalar': 0.0}","{'gas': {'co': 18144, 'co2': 13267, 'no': 18145, 'no2': 18146, 'o3': 18147}, 'pm': {'pm1': 13221, 'pm10': 13223, 'pm25': 13222}}",2.15,4.48,29.92,3.96,5.35,4.31,733171361,46.3,MOD-00620,25.0,2026-07-18T22:38:59,2026-07-18T15:38:59,https://api.quant-aq.com/v1/devices/MOD-00620/data/733171158
231.9,581.36,"{'lat': None, 'lon': None}","{'rh': 46.5, 'temp': 24.9, 'wd': 0.0, 'ws': 0.0, 'ws_scalar': 0.0}","{'gas': {'co': 18144, 'co2': 13267, 'no': 18145, 'no2': 18146, 'o3': 18147}, 'pm': {'pm1': 13221, 'pm10': 13223, 'pm25': 13222}}",2.21,4.51,29.68,4.87,7.31,5.25,733169169,46.5,MOD-00620,24.9,2026-07-18T22:37:59,2026-07-18T15:37:59,https://api.quant-aq.com/v1/devices/MOD-00620/data/733168963
233.06,578.59,"{'lat': None, 'lon': None}","{'rh': 46.6, 'temp': 24.9, 'wd': 0.0, 'ws': 0.0, 'ws_scalar': 0.0}","{'gas': {'co': 18144, 'co2': 13267, 'no': 18145, 'no2': 18146, 'o3': 18147}, 'pm': {'pm1': 13221, 'pm10': 13223, 'pm25': 13222}}",2.15,4.44,29.91,5.34,11.39,5.68,733169167,46.6,MOD-00620,24.9,2026-07-18T22:36:59,2026-07-18T15:36:59,https://api.quant-aq.com/v1/devices/MOD-00620/data/733168960
232.61,581.96,"{'lat': None, 'lon': None}","{'rh': 46.5, 'temp': 24.8, 'wd': 0.0, 'ws': 0.0, 'ws_scalar': 0.0}","{'gas': {'co': 18144, 'co2': 13267, 'no': 18145, 'no2': 18146, 'o3': 18147}, 'pm': {'pm1': 13221, 'pm10': 13223, 'pm25': 13222}}",2.18,4.43,30.85,5.12,8.6,5.42,733169168,46.5,MOD-00620,24.8,2026-07-18T22:35:59,2026-07-18T15:35:59,https://api.quant-aq.com/v1/devices/MOD-00620/data/733168962
228.39,581.0,"{'lat': None, 'lon': None}","{'rh': 47.1, 'temp': 24.7, 'wd': 0.0, 'ws': 0.0, 'ws_scalar': 0.0}","{'gas': {'co': 18144, 'co2': 13267, 'no': 18145, 'no2': 18146, 'o3': 18147}, 'pm': {'pm1': 13221, 'pm10': 13223, 'pm25': 13222}}",2.16,4.57,29.74,4.25,5.79,4.62,733169166,47.1,MOD-00620,24.7,2026-07-18T22:34:59,2026-07-18T15:34:59,https://api.quant-aq.com/v1/devices/MOD-00620/data/733168961
224.59,580.87,"{'lat': None, 'lon': None}","{'rh': 47.1, 'temp': 24.6, 'wd': 0.0, 'ws': 0.0, 'ws_scalar': 0.0}","{'gas': {'co': 18144, 'co2': 13267, 'no': 18145, 'no2': 18146, 'o3': 18147}, 'pm': {'pm1': 13221, 'pm10': 13223, 'pm25': 13222}}",2.09,4.44,30.12,4.77,6.8,5.14,733167000,47.1,MOD-00620,24.6,2026-07-18T22:33:59,2026-07-18T15:33:59,https://api.quant-aq.com/v1/devices/MOD-00620/data/733166794
229.03,581.36,"{'lat': None, 'lon': None}","{'rh': 47.2, 'temp': 24.6, 'wd': 0.0, 'ws': 0.0, 'ws_scalar': 0.0}","{'gas': {'co': 18144, 'co2': 13267, 'no': 18145, 'no2': 18146, 'o3': 18147}, 'pm': {'pm1': 13221, 'pm10': 13223, 'pm25': 13222}}",2.06,4.33,30.48,5.44,20.58,5.76,733167001,47.2,MOD-00620,24.6,2026-07-18T22:32:59,2026-07-18T15:32:59,https://api.quant-aq.com/v1/devices/MOD-00620/data/733166795
237.04,579.55,"{'lat': None, 'lon': None}","{'rh': 47.9, 'temp': 24.5, 'wd': 0.0, 'ws': 0.0, 'ws_scalar': 0.0}","{'gas': {'co': 18144, 'co2': 13267, 'no': 18145, 'no2': 18146, 'o3': 18147}, 'pm': {'pm1': 13221, 'pm10': 13223, 'pm25': 13222}}",2.0,4.47,29.5,5.33,7.46,5.75,733167003,47.9,MOD-00620,24.5,2026-07-18T22:31:59,2026-07-18T15:31:59,https://api.quant-aq.com/v1/devices/MOD-00620/data/733166797
239.43,580.51,"{'lat': None, 'lon': None}","{'rh': 48.0, 'temp': 24.5, 'wd': 0.0, 'ws': 0.0, 'ws_scalar': 0.0}","{'gas': {'co': 18144, 'co2': 13267, 'no': 18145, 'no2': 18146, 'o3': 18147}, 'pm': {'pm1': 13221, 'pm10': 13223, 'pm25': 13222}}",2.0,4.57,29.7,5.39,11.3,5.73,733167002,48.0,MOD-00620,24.5,2026-07-18T22:30:59,2026-07-18T15:30:59,https://api.quant-aq.com/v1/devices/MOD-00620/data/733166796
239.09,585.57,"{'lat': None, 'lon': None}","{'rh': 48.9, 'temp': 24.4, 'wd': 0.0, 'ws': 0.0, 'ws_scalar': 0.0}","{'gas': {'co': 18144, 'co2': 13267, 'no': 18145, 'no2': 18146, 'o3': 18147}, 'pm': {'pm1': 13221, 'pm10': 13223, 'pm25': 13222}}",1.9,4.57,27.49,5.58,6.28,5.92,733164803,48.9,MOD-00620,24.4,2026-07-18T22:29:59,2026-07-18T15:29:59,https://api.quant-aq.com/v1/devices/MOD-00620/data/733164597
233.83,581.72,"{'lat': None, 'lon': None}","{'rh': 48.8, 'temp': 24.4, 'wd': 0.0, 'ws': 0.0, 'ws_scalar': 0.0}","{'gas': {'co': 18144, 'co2': 13267, 'no': 18145, 'no2': 18146, 'o3': 18147}, 'pm': {'pm1': 13221, 'pm10': 13223, 'pm25': 13222}}",2.01,5.1,26.96,5.26,5.92,5.66,733164802,48.8,MOD-00620,24.4,2026-07-18T22:28:59,2026-07-18T15:28:59,https://api.quant-aq.com/v1/devices/MOD-00620/data/733164596
244.61,581.12,"{'lat': None, 'lon': None}","{'rh': 47.9, 'temp': 24.3, 'wd': 0.0, 'ws': 0.0, 'ws_scalar': 0.0}","{'gas': {'co': 18144, 'co2': 13267, 'no': 18145, 'no2': 18146, 'o3': 18147}, 'pm': {'pm1': 13221, 'pm10': 13223, 'pm25': 13222}}",1.9,4.38,29.77,5.29,14.52,5.77,733164805,47.9,MOD-00620,24.3,2026-07-18T22:27:59,2026-07-18T15:27:59,https://api.quant-aq.com/v1/devices/MOD-00620/data/733164599
251.36,581.0,"{'lat': None, 'lon': None}","{'rh': 48.8, 'temp': 24.3, 'wd': 0.0, 'ws': 0.0, 'ws_scalar': 0.0}","{'gas': {'co': 18144, 'co2': 13267, 'no': 18145, 'no2': 18146, 'o3': 18147}, 'pm': {'pm1': 13221, 'pm10': 13223, 'pm25': 13222}}",1.9,4.75,27.59,5.46,20.34,5.79,733164804,48.8,MOD-00620,24.3,2026-07-18T22:26:59,2026-07-18T15:26:59,https://api.quant-aq.com/v1/devices/MOD-00620/data/733164598
246.66,584.01,"{'lat': None, 'lon': None}","{'rh': 48.9, 'temp': 24.2, 'wd': 0.0, 'ws': 0.0, 'ws_scalar': 0.0}","{'gas': {'co': 18144, 'co2': 13267, 'no': 18145, 'no2': 18146, 'o3': 18147}, 'pm': {'pm1': 13221, 'pm10': 13223, 'pm25': 13222}}",1.82,4.57,27.05,5.47,9.06,5.9,733162646,48.9,MOD-00620,24.2,2026-07-18T22:25:59,2026-07-18T15:25:59,https://api.quant-aq.com/v1/devices/MOD-00620/data/733162440
250.89,583.52,"{'lat': None, 'lon': None}","{'rh': 49.3, 'temp': 24.2, 'wd': 0.0, 'ws': 0.0, 'ws_scalar': 0.0}","{'gas': {'co': 18144, 'co2': 13267, 'no': 18145, 'no2': 18146, 'o3': 18147}, 'pm': {'pm1': 13221, 'pm10': 13223, 'pm25': 13222}}",1.86,5.08,26.62,4.93,6.18,5.44,733162645,49.3,MOD-00620,24.2,2026-07-18T22:24:59,2026-07-18T15:24:59,https://api.quant-aq.com/v1/devices/MOD-00620/data/733162438
254.08,583.04,"{'lat': None, 'lon': None}","{'rh': 48.7, 'temp': 24.1, 'wd': 0.0, 'ws': 0.0, 'ws_scalar': 0.0}","{'gas': {'co': 18144, 'co2': 13267, 'no': 18145, 'no2': 18146, 'o3': 18147}, 'pm': {'pm1': 13221, 'pm10': 13223, 'pm25': 13222}}",1.78,4.35,29.85,4.75,5.36,5.07,733162647,48.7,MOD-00620,24.1,2026-07-18T22:23:59,2026-07-18T15:23:59,https://api.quant-aq.com/v1/devices/MOD-00620/data/733162441
265.45,587.38,"{'lat': None, 'lon': None}","{'rh': 50.6, 'temp': 24.1, 'wd': 0.0, 'ws': 0.0, 'ws_scalar': 0.0}","{'gas': {'co': 18144, 'co2': 13267, 'no': 18145, 'no2': 18146, 'o3': 18147}, 'pm': {'pm1': 13221, 'pm10': 13223, 'pm25': 13222}}",1.67,5.35,25.37,4.62,6.79,4.97,733162648,50.6,MOD-00620,24.1,2026-07-18T22:22:59,2026-07-18T15:22:59,https://api.quant-aq.com/v1/devices/MOD-00620/data/733162442
266.02,587.74,"{'lat': None, 'lon': None}","{'rh': 50.8, 'temp': 24.0, 'wd': 0.0, 'ws': 0.0, 'ws_scalar': 0.0}","{'gas': {'co': 18144, 'co2': 13267, 'no': 18145, 'no2': 18146, 'o3': 18147}, 'pm': {'pm1': 13221, 'pm10': 13223, 'pm25': 13222}}",1.69,5.37,26.28,6.08,10.37,6.58,733160466,50.8,MOD-00620,24.0,2026-07-18T22:21:59,2026-07-18T15:21:59,https://api.quant-aq.com/v1/devices/MOD-00620/data/733160259
271.23,583.52,"{'lat': None, 'lon': None}","{'rh': 51.4, 'temp': 23.9, 'wd': 0.0, 'ws': 0.0, 'ws_scalar': 0.0}","{'gas': {'co': 18144, 'co2': 13267, 'no': 18145, 'no2': 18146, 'o3': 18147}, 'pm': {'pm1': 13221, 'pm10': 13223, 'pm25': 13222}}",1.63,5.64,24.51,5.23,11.34,5.69,733160464,51.4,MOD-00620,23.9,2026-07-18T22:20:59,2026-07-18T15:20:59,https://api.quant-aq.com/v1/devices/MOD-00620/data/733160258
268.91,587.74,"{'lat': None, 'lon': None}","{'rh': 51.2, 'temp': 23.9, 'wd': 0.0, 'ws': 0.0, 'ws_scalar': 0.0}","{'gas': {'co': 18144, 'co2': 13267, 'no': 18145, 'no2': 18146, 'o3': 18147}, 'pm': {'pm1': 13221, 'pm10': 13223, 'pm25': 13222}}",1.61,5.4,25.81,5.81,21.76,6.35,733160467,51.2,MOD-00620,23.9,2026-07-18T22:19:59,2026-07-18T15:19:59,https://api.quant-aq.com/v1/devices/MOD-00620/data/733160261
263.52,586.54,"{'lat': None, 'lon': None}","{'rh': 52.3, 'temp': 23.8, 'wd': 0.0, 'ws': 0.0, 'ws_scalar': 0.0}","{'gas': {'co': 18144, 'co2': 13267, 'no': 18145, 'no2': 18146, 'o3': 18147}, 'pm': {'pm1': 13221, 'pm10': 13223, 'pm25': 13222}}",1.57,6.03,25.33,5.18,8.28,5.73,733160465,52.3,MOD-00620,23.8,2026-07-18T22:18:59,2026-07-18T15:18:59,https://api.quant-aq.com/v1/devices/MOD-00620/data/733160260
265.74,589.91,"{'lat': None, 'lon': None}","{'rh': 51.9, 'temp': 23.7, 'wd': 0.0, 'ws': 0.0, 'ws_scalar': 0.0}","{'gas': {'co': 18144, 'co2': 13267, 'no': 18145, 'no2': 18146, 'o3': 18147}, 'pm': {'pm1': 13221, 'pm10': 13223, 'pm25': 13222}}",1.47,5.53,26.11,5.24,7.02,5.74,733158313,51.9,MOD-00620,23.7,2026-07-18T22:17:59,2026-07-18T15:17:59,https://api.quant-aq.com/v1/devices/MOD-00620/data/733158107
262.4,588.22,"{'lat': None, 'lon': None}","{'rh': 52.4, 'temp': 23.6, 'wd': 0.0, 'ws': 0.0, 'ws_scalar': 0.0}","{'gas': {'co': 18144, 'co2': 13267, 'no': 18145, 'no2': 18146, 'o3': 18147}, 'pm': {'pm1': 13221, 'pm10': 13223, 'pm25': 13222}}",1.53,6.27,26.01,5.71,6.54,6.17,733158312,52.4,MOD-00620,23.6,2026-07-18T22:16:59,2026-07-18T15:16:59,https://api.quant-aq.com/v1/devices/MOD-00620/data/733158105
259.44,587.02,"{'lat': None, 'lon': None}","{'rh': 51.8, 'temp': 23.5, 'wd': 0.0, 'ws': 0.0, 'ws_scalar': 0.0}","{'gas': {'co': 18144, 'co2': 13267, 'no': 18145, 'no2': 18146, 'o3': 18147}, 'pm': {'pm1': 13221, 'pm10': 13223, 'pm25': 13222}}",1.4,5.78,25.78,6.35,11.63,6.84,733158311,51.8,MOD-00620,23.5,2026-07-18T22:15:59,2026-07-18T15:15:59,https://api.quant-aq.com/v1/devices/MOD-00620/data/733158106
261.15,586.05,"{'lat': None, 'lon': None}","{'rh': 51.7, 'temp': 23.5, 'wd': 0.0, 'ws': 0.0, 'ws_scalar': 0.0}","{'gas': {'co': 18144, 'co2': 13267, 'no': 18145, 'no2': 18146, 'o3': 18147}, 'pm': {'pm1': 13221, 'pm10': 13223, 'pm25': 13222}}",1.39,5.69,25.91,5.78,7.47,6.2,733158314,51.7,MOD-00620,23.5,2026-07-18T22:14:59,2026-07-18T15:14:59,https://api.quant-aq.com/v1/devices/MOD-00620/data/733158108
264.45,591.84,"{'lat': None, 'lon': None}","{'rh': 52.1, 'temp': 23.4, 'wd': 0.0, 'ws': 0.0, 'ws_scalar': 0.0}","{'gas': {'co': 18144, 'co2': 13267, 'no': 18145, 'no2': 18146, 'o3': 18147}, 'pm': {'pm1': 13221, 'pm10': 13223, 'pm25': 13222}}",1.37,5.71,26.34,6.62,12.45,7.17,733156128,52.1,MOD-00620,23.4,2026-07-18T22:13:59,2026-07-18T15:13:59,https://api.quant-aq.com/v1/devices/MOD-00620/data/733155922
272.78,590.63,"{'lat': None, 'lon': None}","{'rh': 52.5, 'temp': 23.4, 'wd': 0.0, 'ws': 0.0, 'ws_scalar': 0.0}","{'gas': {'co': 18144, 'co2': 13267, 'no': 18145, 'no2': 18146, 'o3': 18147}, 'pm': {'pm1': 13221, 'pm10': 13223, 'pm25': 13222}}",1.33,5.81,25.73,5.51,13.68,6.11,733156129,52.5,MOD-00620,23.4,2026-07-18T22:12:59,2026-07-18T15:12:59,https://api.quant-aq.com/v1/devices/MOD-00620/data/733155923
268.87,589.55,"{'lat': None, 'lon': None}","{'rh': 52.8, 'temp': 23.4, 'wd': 0.0, 'ws': 0.0, 'ws_scalar': 0.0}","{'gas': {'co': 18144, 'co2': 13267, 'no': 18145, 'no2': 18146, 'o3': 18147}, 'pm': {'pm1': 13221, 'pm10': 13223, 'pm25': 13222}}",1.34,5.99,24.55,5.88,18.25,6.43,733156131,52.8,MOD-00620,23.4,2026-07-18T22:11:59,2026-07-18T15:11:59,https://api.quant-aq.com/v1/devices/MOD-00620/data/733155925
268.28,588.58,"{'lat': None, 'lon': None}","{'rh': 52.9, 'temp': 23.3, 'wd': 0.0, 'ws': 0.0, 'ws_scalar': 0.0}","{'gas': {'co': 18144, 'co2': 13267, 'no': 18145, 'no2': 18146, 'o3': 18147}, 'pm': {'pm1': 13221, 'pm10': 13223, 'pm25': 13222}}",1.28,6.11,24.89,6.23,18.59,6.98,733156130,52.9,MOD-00620,23.3,2026-07-18T22:10:59,2026-07-18T15:10:59,https://api.quant-aq.com/v1/devices/MOD-00620/data/733155924
265.07,592.2,"{'lat': None, 'lon': None}","{'rh': 52.8, 'temp': 23.3, 'wd': 0.0, 'ws': 0.0, 'ws_scalar': 0.0}","{'gas': {'co': 18144, 'co2': 13267, 'no': 18145, 'no2': 18146, 'o3': 18147}, 'pm': {'pm1': 13221, 'pm10': 13223, 'pm25': 13222}}",1.31,6.01,25.02,6.21,13.62,6.94,733153903,52.8,MOD-00620,23.3,2026-07-18T22:09:59,2026-07-18T15:09:59,https://api.quant-aq.com/v1/devices/MOD-00620/data/733153697
270.81,588.7,"{'lat': None, 'lon': None}","{'rh': 52.8, 'temp': 23.3, 'wd': 0.0, 'ws': 0.0, 'ws_scalar': 0.0}","{'gas': {'co': 18144, 'co2': 13267, 'no': 18145, 'no2': 18146, 'o3': 18147}, 'pm': {'pm1': 13221, 'pm10': 13223, 'pm25': 13222}}",1.28,5.91,25.14,6.49,8.0,6.94,733153901,52.8,MOD-00620,23.3,2026-07-18T22:08:59,2026-07-18T15:08:59,https://api.quant-aq.com/v1/devices/MOD-00620/data/733153696
269.57,588.7,"{'lat': None, 'lon': None}","{'rh': 53.4, 'temp': 23.3, 'wd': 0.0, 'ws': 0.0, 'ws_scalar': 0.0}","{'gas': {'co': 18144, 'co2': 13267, 'no': 18145, 'no2': 18146, 'o3': 18147}, 'pm': {'pm1': 13221, 'pm10': 13223, 'pm25': 13222}}",1.3,5.92,25.56,6.36,9.75,6.91,733153904,53.4,MOD-00620,23.3,2026-07-18T22:07:59,2026-07-18T15:07:59,https://api.quant-aq.com/v1/devices/MOD-00620/data/733153698
262.05,588.58,"{'lat': None, 'lon': None}","{'rh': 53.6, 'temp': 23.3, 'wd': 0.0, 'ws': 0.0, 'ws_scalar': 0.0}","{'gas': {'co': 18144, 'co2': 13267, 'no': 18145, 'no2': 18146, 'o3': 18147}, 'pm': {'pm1': 13221, 'pm10': 13223, 'pm25': 13222}}",1.28,6.12,25.75,5.81,21.42,6.39,733153902,53.6,MOD-00620,23.3,2026-07-18T22:06:59,2026-07-18T15:06:59,https://api.quant-aq.com/v1/devices/MOD-00620/data/733153695
271.33,591.84,"{'lat': None, 'lon': None}","{'rh': 54.4, 'temp': 23.3, 'wd': 0.0, 'ws': 0.0, 'ws_scalar': 0.0}","{'gas': {'co': 18144, 'co2': 13267, 'no': 18145, 'no2': 18146, 'o3': 18147}, 'pm': {'pm1': 13221, 'pm10': 13223, 'pm25': 13222}}",1.49,5.86,25.15,6.12,18.03,6.65,733151778,54.4,MOD-00620,23.3,2026-07-18T22:05:59,2026-07-18T15:05:59,https://api.quant-aq.com/v1/devices/MOD-00620/data/733151572
266.93,585.33,"{'lat': None, 'lon': None}","{'rh': 55.4, 'temp': 23.3, 'wd': 0.0, 'ws': 0.0, 'ws_scalar': 0.0}","{'gas': {'co': 18144, 'co2': 13267, 'no': 18145, 'no2': 18146, 'o3': 18147}, 'pm': {'pm1': 13221, 'pm10': 13223, 'pm25': 13222}}",1.31,8.12,22.52,6.09,8.01,6.59,733151777,55.4,MOD-00620,23.3,2026-07-18T22:04:59,2026-07-18T15:04:59,https://api.quant-aq.com/v1/devices/MOD-00620/data/733151571
258.79,591.23,"{'lat': None, 'lon': None}","{'rh': 54.0, 'temp': 23.2, 'wd': 0.0, 'ws': 0.0, 'ws_scalar': 0.0}","{'gas': {'co': 18144, 'co2': 13267, 'no': 18145, 'no2': 18146, 'o3': 18147}, 'pm': {'pm1': 13221, 'pm10': 13223, 'pm25': 13222}}",1.24,6.73,22.84,6.6,7.74,7.17,733151776,54.0,MOD-00620,23.2,2026-07-18T22:03:59,2026-07-18T15:03:59,https://api.quant-aq.com/v1/devices/MOD-00620/data/733151570
257.36,586.54,"{'lat': None, 'lon': None}","{'rh': 53.7, 'temp': 23.2, 'wd': 0.0, 'ws': 0.0, 'ws_scalar': 0.0}","{'gas': {'co': 18144, 'co2': 13267, 'no': 18145, 'no2': 18146, 'o3': 18147}, 'pm': {'pm1': 13221, 'pm10': 13223, 'pm25': 13222}}",1.25,6.86,24.1,6.44,7.4,6.91,733151779,53.7,MOD-00620,23.2,2026-07-18T22:02:59,2026-07-18T15:02:59,https://api.quant-aq.com/v1/devices/MOD-00620/data/733151573
266.86,590.15,"{'lat': None, 'lon': None}","{'rh': 53.6, 'temp': 23.2, 'wd': 0.0, 'ws': 0.0, 'ws_scalar': 0.0}","{'gas': {'co': 18144, 'co2': 13267, 'no': 18145, 'no2': 18146, 'o3': 18147}, 'pm': {'pm1': 13221, 'pm10': 13223, 'pm25': 13222}}",1.24,6.24,23.82,6.24,9.49,6.83,733149588,53.6,MOD-00620,23.2,2026-07-18T22:01:59,2026-07-18T15:01:59,https://api.quant-aq.com/v1/devices/MOD-00620/data/733149379
262.83,588.22,"{'lat': None, 'lon': None}","{'rh': 53.5, 'temp': 23.2, 'wd': 0.0, 'ws': 0.0, 'ws_scalar': 0.0}","{'gas': {'co': 18144, 'co2': 13267, 'no': 18145, 'no2': 18146, 'o3': 18147}, 'pm': {'pm1': 13221, 'pm10': 13223, 'pm25': 13222}}",1.28,6.47,24.49,6.23,13.49,6.84,733149586,53.5,MOD-00620,23.2,2026-07-18T22:00:59,2026-07-18T15:00:59,https://api.quant-aq.com/v1/devices/MOD-00620/data/733149380
260.28,589.19,"{'lat': None, 'lon': None}","{'rh': 53.2, 'temp': 23.3, 'wd': 0.0, 'ws': 0.0, 'ws_scalar': 0.0}","{'gas': {'co': 18144, 'co2': 13267, 'no': 18145, 'no2': 18146, 'o3': 18147}, 'pm': {'pm1': 13221, 'pm10': 13223, 'pm25': 13222}}",1.31,6.33,25.08,6.3,20.21,6.9,733149585,53.2,MOD-00620,23.3,2026-07-18T21:59:59,2026-07-18T14:59:59,https://api.quant-aq.com/v1/devices/MOD-00620/data/733149382
253.52,588.58,"{'lat': None, 'lon': None}","{'rh': 52.9, 'temp': 23.3, 'wd': 0.0, 'ws': 0.0, 'ws_scalar': 0.0}","{'gas': {'co': 18144, 'co2': 13267, 'no': 18145, 'no2': 18146, 'o3': 18147}, 'pm': {'pm1': 13221, 'pm10': 13223, 'pm25': 13222}}",1.3,5.91,26.05,6.2,7.02,6.69,733149581,52.9,MOD-00620,23.3,2026-07-18T21:58:59,2026-07-18T14:58:59,https://api.quant-aq.com/v1/devices/MOD-00620/data/733149375
240.92,588.7,"{'lat': None, 'lon': None}","{'rh': 53.9, 'temp': 23.3, 'wd': 0.0, 'ws': 0.0, 'ws_scalar': 0.0}","{'gas': {'co': 18144, 'co2': 13267, 'no': 18145, 'no2': 18146, 'o3': 18147}, 'pm': {'pm1': 13221, 'pm10': 13223, 'pm25': 13222}}",1.28,6.45,24.9,5.95,8.0,6.42,733147419,53.9,MOD-00620,23.3,2026-07-18T21:57:59,2026-07-18T14:57:59,https://api.quant-aq.com/v1/devices/MOD-00620/data/733147213
238.67,583.64,"{'lat': None, 'lon': None}","{'rh': 53.6, 'temp': 23.3, 'wd': 0.0, 'ws': 0.0, 'ws_scalar': 0.0}","{'gas': {'co': 18144, 'co2': 13267, 'no': 18145, 'no2': 18146, 'o3': 18147}, 'pm': {'pm1': 13221, 'pm10': 13223, 'pm25': 13222}}",1.33,6.57,26.17,5.87,12.97,6.3,733147418,53.6,MOD-00620,23.3,2026-07-18T21:56:59,2026-07-18T14:56:59,https://api.quant-aq.com/v1/devices/MOD-00620/data/733147212
244.43,589.43,"{'lat': None, 'lon': None}","{'rh': 53.0, 'temp': 23.3, 'wd': 0.0, 'ws': 0.0, 'ws_scalar': 0.0}","{'gas': {'co': 18144, 'co2': 13267, 'no': 18145, 'no2': 18146, 'o3': 18147}, 'pm': {'pm1': 13221, 'pm10': 13223, 'pm25': 13222}}",1.31,6.01,27.29,5.42,6.39,6.01,733147417,53.0,MOD-00620,23.3,2026-07-18T21:55:59,2026-07-18T14:55:59,https://api.quant-aq.com/v1/devices/MOD-00620/data/733147211
236.75,582.56,"{'lat': None, 'lon': None}","{'rh': 54.0, 'temp': 23.3, 'wd': 0.0, 'ws': 0.0, 'ws_scalar': 0.0}","{'gas': {'co': 18144, 'co2': 13267, 'no': 18145, 'no2': 18146, 'o3': 18147}, 'pm': {'pm1': 13221, 'pm10': 13223, 'pm25': 13222}}",1.31,7.14,25.65,5.57,6.56,6.15,733147416,54.0,MOD-00620,23.3,2026-07-18T21:54:59,2026-07-18T14:54:59,https://api.quant-aq.com/v1/devices/MOD-00620/data/733147210
236.36,586.05,"{'lat': None, 'lon': None}","{'rh': 52.8, 'temp': 23.3, 'wd': 0.0, 'ws': 0.0, 'ws_scalar': 0.0}","{'gas': {'co': 18144, 'co2': 13267, 'no': 18145, 'no2': 18146, 'o3': 18147}, 'pm': {'pm1': 13221, 'pm10': 13223, 'pm25': 13222}}",1.32,6.21,25.23,6.74,9.28,7.21,733145240,52.8,MOD-00620,23.3,2026-07-18T21:53:59,2026-07-18T14:53:59,https://api.quant-aq.com/v1/devices/MOD-00620/data/733145035
240.72,585.45,"{'lat': None, 'lon': None}","{'rh': 52.6, 'temp': 23.4, 'wd': 0.0, 'ws': 0.0, 'ws_scalar': 0.0}","{'gas': {'co': 18144, 'co2': 13267, 'no': 18145, 'no2': 18146, 'o3': 18147}, 'pm': {'pm1': 13221, 'pm10': 13223, 'pm25': 13222}}",1.4,6.42,26.81,5.82,8.05,6.61,733145242,52.6,MOD-00620,23.4,2026-07-18T21:52:59,2026-07-18T14:52:59,https://api.quant-aq.com/v1/devices/MOD-00620/data/733145037
238.2,590.51,"{'lat': None, 'lon': None}","{'rh': 52.1, 'temp': 23.4, 'wd': 0.0, 'ws': 0.0, 'ws_scalar': 0.0}","{'gas': {'co': 18144, 'co2': 13267, 'no': 18145, 'no2': 18146, 'o3': 18147}, 'pm': {'pm1': 13221, 'pm10': 13223, 'pm25': 13222}}",1.35,5.71,27.26,5.67,8.76,6.28,733145244,52.1,MOD-00620,23.4,2026-07-18T21:51:59,2026-07-18T14:51:59,https://api.quant-aq.com/v1/devices/MOD-00620/data/733145039
239.56,587.62,"{'lat': None, 'lon': None}","{'rh': 52.5, 'temp': 23.4, 'wd': 0.0, 'ws': 0.0, 'ws_scalar': 0.0}","{'gas': {'co': 18144, 'co2': 13267, 'no': 18145, 'no2': 18146, 'o3': 18147}, 'pm': {'pm1': 13221, 'pm10': 13223, 'pm25': 13222}}",1.4,6.19,26.61,5.65,10.17,6.27,733145239,52.5,MOD-00620,23.4,2026-07-18T21:50:59,2026-07-18T14:50:59,https://api.quant-aq.com/v1/devices/MOD-00620/data/733145033
228.02,582.8,"{'lat': None, 'lon': None}","{'rh': 52.0, 'temp': 23.4, 'wd': 0.0, 'ws': 0.0, 'ws_scalar': 0.0}","{'gas': {'co': 18144, 'co2': 13267, 'no': 18145, 'no2': 18146, 'o3': 18147}, 'pm': {'pm1': 13221, 'pm10': 13223, 'pm25': 13222}}",1.42,6.18,26.65,5.8,12.48,6.31,733143019,52.0,MOD-00620,23.4,2026-07-18T21:49:59,2026-07-18T14:49:59,https://api.quant-aq.com/v1/devices/MOD-00620/data/733142813
225.82,584.01,"{'lat': None, 'lon': None}","{'rh': 51.2, 'temp': 23.5, 'wd': 0.0, 'ws': 0.0, 'ws_scalar': 0.0}","{'gas': {'co': 18144, 'co2': 13267, 'no': 18145, 'no2': 18146, 'o3': 18147}, 'pm': {'pm1': 13221, 'pm10': 13223, 'pm25': 13222}}",1.45,5.59,29.26,6.34,10.17,7.0,733143020,51.2,MOD-00620,23.5,2026-07-18T21:48:59,2026-07-18T14:48:59,https://api.quant-aq.com/v1/devices/MOD-00620/data/733142814
224.26,584.13,"{'lat': None, 'lon': None}","{'rh': 50.5, 'temp': 23.5, 'wd': 0.0, 'ws': 0.0, 'ws_scalar': 0.0}","{'gas': {'co': 18144, 'co2': 13267, 'no': 18145, 'no2': 18146, 'o3': 18147}, 'pm': {'pm1': 13221, 'pm10': 13223, 'pm25': 13222}}",1.5,5.48,29.89,6.37,8.2,6.65,733143021,50.5,MOD-00620,23.5,2026-07-18T21:47:59,2026-07-18T14:47:59,https://api.quant-aq.com/v1/devices/MOD-00620/data/733142815
228.67,580.27,"{'lat': None, 'lon': None}","{'rh': 50.8, 'temp': 23.6, 'wd': 0.0, 'ws': 0.0, 'ws_scalar': 0.0}","{'gas': {'co': 18144, 'co2': 13267, 'no': 18145, 'no2': 18146, 'o3': 18147}, 'pm': {'pm1': 13221, 'pm10': 13223, 'pm25': 13222}}",1.5,5.33,29.65,5.4,6.25,5.63,733143018,50.8,MOD-00620,23.6,2026-07-18T21:46:59,2026-07-18T14:46:59,https://api.quant-aq.com/v1/devices/MOD-00620/data/733142812
234.88,583.28,"{'lat': None, 'lon': None}","{'rh': 51.3, 'temp': 23.6, 'wd': 0.0, 'ws': 0.0, 'ws_scalar': 0.0}","{'gas': {'co': 18144, 'co2': 13267, 'no': 18145, 'no2': 18146, 'o3': 18147}, 'pm': {'pm1': 13221, 'pm10': 13223, 'pm25': 13222}}",1.47,5.59,28.33,6.67,8.83,6.95,733140889,51.3,MOD-00620,23.6,2026-07-18T21:45:59,2026-07-18T14:45:59,https://api.quant-aq.com/v1/devices/MOD-00620/data/733140682
232.8,583.04,"{'lat': None, 'lon': None}","{'rh': 51.5, 'temp': 23.7, 'wd': 0.0, 'ws': 0.0, 'ws_scalar': 0.0}","{'gas': {'co': 18144, 'co2': 13267, 'no': 18145, 'no2': 18146, 'o3': 18147}, 'pm': {'pm1': 13221, 'pm10': 13223, 'pm25': 13222}}",1.57,6.03,25.4,7.79,13.31,8.33,733140887,51.5,MOD-00620,23.7,2026-07-18T21:44:59,2026-07-18T14:44:59,https://api.quant-aq.com/v1/devices/MOD-00620/data/733140681
226.12,585.09,"{'lat': None, 'lon': None}","{'rh': 50.5, 'temp': 23.7, 'wd': 0.0, 'ws': 0.0, 'ws_scalar': 0.0}","{'gas': {'co': 18144, 'co2': 13267, 'no': 18145, 'no2': 18146, 'o3': 18147}, 'pm': {'pm1': 13221, 'pm10': 13223, 'pm25': 13222}}",1.6,6.11,25.81,4.94,6.52,5.52,733140890,50.5,MOD-00620,23.7,2026-07-18T21:43:59,2026-07-18T14:43:59,https://api.quant-aq.com/v1/devices/MOD-00620/data/733140683
212.54,585.33,"{'lat': None, 'lon': None}","{'rh': 49.4, 'temp': 23.7, 'wd': 0.0, 'ws': 0.0, 'ws_scalar': 0.0}","{'gas': {'co': 18144, 'co2': 13267, 'no': 18145, 'no2': 18146, 'o3': 18147}, 'pm': {'pm1': 13221, 'pm10': 13223, 'pm25': 13222}}",1.63,5.31,28.7,4.77,9.48,5.36,733140888,49.4,MOD-00620,23.7,2026-07-18T21:42:59,2026-07-18T14:42:59,https://api.quant-aq.com/v1/devices/MOD-00620/data/733140684
212.47,584.25,"{'lat': None, 'lon': None}","{'rh': 48.5, 'temp': 23.8, 'wd': 0.0, 'ws': 0.0, 'ws_scalar': 0.0}","{'gas': {'co': 18144, 'co2': 13267, 'no': 18145, 'no2': 18146, 'o3': 18147}, 'pm': {'pm1': 13221, 'pm10': 13223, 'pm25': 13222}}",1.66,4.83,29.37,3.88,11.12,4.11,733138777,48.5,MOD-00620,23.8,2026-07-18T21:41:59,2026-07-18T14:41:59,https://api.quant-aq.com/v1/devices/MOD-00620/data/733138571
216.02,584.37,"{'lat': None, 'lon': None}","{'rh': 48.7, 'temp': 23.8, 'wd': 0.0, 'ws': 0.0, 'ws_scalar': 0.0}","{'gas': {'co': 18144, 'co2': 13267, 'no': 18145, 'no2': 18146, 'o3': 18147}, 'pm': {'pm1': 13221, 'pm10': 13223, 'pm25': 13222}}",1.64,4.92,29.24,4.23,4.88,4.67,733138774,48.7,MOD-00620,23.8,2026-07-18T21:40:59,2026-07-18T14:40:59,https://api.quant-aq.com/v1/devices/MOD-00620/data/733138569
213.02,581.36,"{'lat': None, 'lon': None}","{'rh': 48.3, 'temp': 23.8, 'wd': 0.0, 'ws': 0.0, 'ws_scalar': 0.0}","{'gas': {'co': 18144, 'co2': 13267, 'no': 18145, 'no2': 18146, 'o3': 18147}, 'pm': {'pm1': 13221, 'pm10': 13223, 'pm25': 13222}}",1.67,4.55,29.88,5.87,16.04,6.27,733138776,48.3,MOD-00620,23.8,2026-07-18T21:39:59,2026-07-18T14:39:59,https://api.quant-aq.com/v1/devices/MOD-00620/data/733138570
207.17,582.68,"{'lat': None, 'lon': None}","{'rh': 48.6, 'temp': 23.9, 'wd': 0.0, 'ws': 0.0, 'ws_scalar': 0.0}","{'gas': {'co': 18144, 'co2': 13267, 'no': 18145, 'no2': 18146, 'o3': 18147}, 'pm': {'pm1': 13221, 'pm10': 13223, 'pm25': 13222}}",1.7,4.83,29.35,5.42,6.61,5.82,733138775,48.6,MOD-00620,23.9,2026-07-18T21:38:59,2026-07-18T14:38:59,https://api.quant-aq.com/v1/devices/MOD-00620/data/733138568
208.83,582.2,"{'lat': None, 'lon': None}","{'rh': 48.0, 'temp': 23.9, 'wd': 0.0, 'ws': 0.0, 'ws_scalar': 0.0}","{'gas': {'co': 18144, 'co2': 13267, 'no': 18145, 'no2': 18146, 'o3': 18147}, 'pm': {'pm1': 13221, 'pm10': 13223, 'pm25': 13222}}",1.72,4.58,29.77,5.67,20.74,6.02,733136561,48.0,MOD-00620,23.9,2026-07-18T21:37:59,2026-07-18T14:37:59,https://api.quant-aq.com/v1/devices/MOD-00620/data/733136353
212.18,582.56,"{'lat': None, 'lon': None}","{'rh': 47.9, 'temp': 23.9, 'wd': 0.0, 'ws': 0.0, 'ws_scalar': 0.0}","{'gas': {'co': 18144, 'co2': 13267, 'no': 18145, 'no2': 18146, 'o3': 18147}, 'pm': {'pm1': 13221, 'pm10': 13223, 'pm25': 13222}}",1.71,4.58,29.78,5.17,13.48,5.47,733136559,47.9,MOD-00620,23.9,2026-07-18T21:36:59,2026-07-18T14:36:59,https://api.quant-aq.com/v1/devices/MOD-00620/data/733136355
207.03,584.01,"{'lat': None, 'lon': None}","{'rh': 47.8, 'temp': 24.0, 'wd': 0.0, 'ws': 0.0, 'ws_scalar': 0.0}","{'gas': {'co': 18144, 'co2': 13267, 'no': 18145, 'no2': 18146, 'o3': 18147}, 'pm': {'pm1': 13221, 'pm10': 13223, 'pm25': 13222}}",1.78,4.63,29.65,4.08,6.13,4.25,733136560,47.8,MOD-00620,24.0,2026-07-18T21:35:59,2026-07-18T14:35:59,https://api.quant-aq.com/v1/devices/MOD-00620/data/733136354
203.14,580.87,"{'lat': None, 'lon': None}","{'rh': 47.5, 'temp': 24.0, 'wd': 0.0, 'ws': 0.0, 'ws_scalar': 0.0}","{'gas': {'co': 18144, 'co2': 13267, 'no': 18145, 'no2': 18146, 'o3': 18147}, 'pm': {'pm1': 13221, 'pm10': 13223, 'pm25': 13222}}",1.73,4.2,31.69,4.94,6.45,5.24,733136562,47.5,MOD-00620,24.0,2026-07-18T21:34:59,2026-07-18T14:34:59,https://api.quant-aq.com/v1/devices/MOD-00620/data/733136356
209.07,581.6,"{'lat': None, 'lon': None}","{'rh': 48.4, 'temp': 24.0, 'wd': 0.0, 'ws': 0.0, 'ws_scalar': 0.0}","{'gas': {'co': 18144, 'co2': 13267, 'no': 18145, 'no2': 18146, 'o3': 18147}, 'pm': {'pm1': 13221, 'pm10': 13223, 'pm25': 13222}}",1.73,4.61,30.18,6.22,7.0,6.58,733134386,48.4,MOD-00620,24.0,2026-07-18T21:33:59,2026-07-18T14:33:59,https://api.quant-aq.com/v1/devices/MOD-00620/data/733134180
209.59,580.75,"{'lat': None, 'lon': None}","{'rh': 48.4, 'temp': 24.1, 'wd': 0.0, 'ws': 0.0, 'ws_scalar': 0.0}","{'gas': {'co': 18144, 'co2': 13267, 'no': 18145, 'no2': 18146, 'o3': 18147}, 'pm': {'pm1': 13221, 'pm10': 13223, 'pm25': 13222}}",1.79,4.73,29.92,6.28,8.2,6.54,733134387,48.4,MOD-00620,24.1,2026-07-18T21:32:59,2026-07-18T14:32:59,https://api.quant-aq.com/v1/devices/MOD-00620/data/733134181
211.1,581.84,"{'lat': None, 'lon': None}","{'rh': 48.0, 'temp': 24.1, 'wd': 0.0, 'ws': 0.0, 'ws_scalar': 0.0}","{'gas': {'co': 18144, 'co2': 13267, 'no': 18145, 'no2': 18146, 'o3': 18147}, 'pm': {'pm1': 13221, 'pm10': 13223, 'pm25': 13222}}",1.86,4.58,29.74,5.38,8.54,5.84,733134389,48.0,MOD-00620,24.1,2026-07-18T21:31:59,2026-07-18T14:31:59,https://api.quant-aq.com/v1/devices/MOD-00620/data/733134183
206.16,580.15,"{'lat': None, 'lon': None}","{'rh': 47.6, 'temp': 24.2, 'wd': 0.0, 'ws': 0.0, 'ws_scalar': 0.0}","{'gas': {'co': 18144, 'co2': 13267, 'no': 18145, 'no2': 18146, 'o3': 18147}, 'pm': {'pm1': 13221, 'pm10': 13223, 'pm25': 13222}}",1.86,4.41,31.96,5.69,7.62,6.02,733134388,47.6,MOD-00620,24.2,2026-07-18T21:30:59,2026-07-18T14:30:59,https://api.quant-aq.com/v1/devices/MOD-00620/data/733134182
203.08,581.84,"{'lat': None, 'lon': None}","{'rh': 47.9, 'temp': 24.2, 'wd': 0.0, 'ws': 0.0, 'ws_scalar': 0.0}","{'gas': {'co': 18144, 'co2': 13267, 'no': 18145, 'no2': 18146, 'o3': 18147}, 'pm': {'pm1': 13221, 'pm10': 13223, 'pm25': 13222}}",1.85,4.37,30.23,4.99,6.33,5.32,733132222,47.9,MOD-00620,24.2,2026-07-18T21:29:59,2026-07-18T14:29:59,https://api.quant-aq.com/v1/devices/MOD-00620/data/733132016
208.59,580.27,"{'lat': None, 'lon': None}","{'rh': 47.8, 'temp': 24.3, 'wd': 0.0, 'ws': 0.0, 'ws_scalar': 0.0}","{'gas': {'co': 18144, 'co2': 13267, 'no': 18145, 'no2': 18146, 'o3': 18147}, 'pm': {'pm1': 13221, 'pm10': 13223, 'pm25': 13222}}",1.88,4.34,31.72,4.64,14.32,4.97,733132220,47.8,MOD-00620,24.3,2026-07-18T21:28:59,2026-07-18T14:28:59,https://api.quant-aq.com/v1/devices/MOD-00620/data/733132015
203.6,582.32,"{'lat': None, 'lon': None}","{'rh': 47.9, 'temp': 24.3, 'wd': 0.0, 'ws': 0.0, 'ws_scalar': 0.0}","{'gas': {'co': 18144, 'co2': 13267, 'no': 18145, 'no2': 18146, 'o3': 18147}, 'pm': {'pm1': 13221, 'pm10': 13223, 'pm25': 13222}}",1.92,4.47,30.89,3.87,5.08,4.32,733132208,47.9,MOD-00620,24.3,2026-07-18T21:27:59,2026-07-18T14:27:59,https://api.quant-aq.com/v1/devices/MOD-00620/data/733132002
202.27,579.19,"{'lat': None, 'lon': None}","{'rh': 48.2, 'temp': 24.4, 'wd': 0.0, 'ws': 0.0, 'ws_scalar': 0.0}","{'gas': {'co': 18144, 'co2': 13267, 'no': 18145, 'no2': 18146, 'o3': 18147}, 'pm': {'pm1': 13221, 'pm10': 13223, 'pm25': 13222}}",1.89,4.31,30.89,3.76,25.57,4.05,733132197,48.2,MOD-00620,24.4,2026-07-18T21:26:59,2026-07-18T14:26:59,https://api.quant-aq.com/v1/devices/MOD-00620/data/733131991
205.48,577.38,"{'lat': None, 'lon': None}","{'rh': 48.3, 'temp': 24.4, 'wd': 0.0, 'ws': 0.0, 'ws_scalar': 0.0}","{'gas': {'co': 18144, 'co2': 13267, 'no': 18145, 'no2': 18146, 'o3': 18147}, 'pm': {'pm1': 13221, 'pm10': 13223, 'pm25': 13222}}",1.94,4.64,30.02,6.04,8.82,6.41,733129993,48.3,MOD-00620,24.4,2026-07-18T21:25:59,2026-07-18T14:25:59,https://api.quant-aq.com/v1/devices/MOD-00620/data/733129787
204.43,581.72,"{'lat': None, 'lon': None}","{'rh': 48.2, 'temp': 24.5, 'wd': 0.0, 'ws': 0.0, 'ws_scalar': 0.0}","{'gas': {'co': 18144, 'co2': 13267, 'no': 18145, 'no2': 18146, 'o3': 18147}, 'pm': {'pm1': 13221, 'pm10': 13223, 'pm25': 13222}}",1.99,4.53,29.35,5.42,6.7,5.86,733129992,48.2,MOD-00620,24.5,2026-07-18T21:24:59,2026-07-18T14:24:59,https://api.quant-aq.com/v1/devices/MOD-00620/data/733129785
208.06,579.43,"{'lat': None, 'lon': None}","{'rh': 47.7, 'temp': 24.5, 'wd': 0.0, 'ws': 0.0, 'ws_scalar': 0.0}","{'gas': {'co': 18144, 'co2': 13267, 'no': 18145, 'no2': 18146, 'o3': 18147}, 'pm': {'pm1': 13221, 'pm10': 13223, 'pm25': 13222}}",1.97,4.39,31.12,6.39,7.78,6.91,733129991,47.7,MOD-00620,24.5,2026-07-18T21:23:59,2026-07-18T14:23:59,https://api.quant-aq.com/v1/devices/MOD-00620/data/733129786
197.51,578.1,"{'lat': None, 'lon': None}","{'rh': 47.7, 'temp': 24.6, 'wd': 0.0, 'ws': 0.0, 'ws_scalar': 0.0}","{'gas': {'co': 18144, 'co2': 13267, 'no': 18145, 'no2': 18146, 'o3': 18147}, 'pm': {'pm1': 13221, 'pm10': 13223, 'pm25': 13222}}",2.05,4.36,31.69,5.23,7.88,5.77,733129990,47.7,MOD-00620,24.6,2026-07-18T21:22:59,2026-07-18T14:22:59,https://api.quant-aq.com/v1/devices/MOD-00620/data/733129784
197.3,581.72,"{'lat': None, 'lon': None}","{'rh': 48.0, 'temp': 24.6, 'wd': 0.0, 'ws': 0.0, 'ws_scalar': 0.0}","{'gas': {'co': 18144, 'co2': 13267, 'no': 18145, 'no2': 18146, 'o3': 18147}, 'pm': {'pm1': 13221, 'pm10': 13223, 'pm25': 13222}}",2.02,4.39,31.55,5.37,9.15,5.65,733127752,48.0,MOD-00620,24.6,2026-07-18T21:21:59,2026-07-18T14:21:59,https://api.quant-aq.com/v1/devices/MOD-00620/data/733127546
200.76,579.31,"{'lat': None, 'lon': None}","{'rh': 47.9, 'temp': 24.7, 'wd': 0.0, 'ws': 0.0, 'ws_scalar': 0.0}","{'gas': {'co': 18144, 'co2': 13267, 'no': 18145, 'no2': 18146, 'o3': 18147}, 'pm': {'pm1': 13221, 'pm10': 13223, 'pm25': 13222}}",1.97,4.27,32.03,4.69,8.05,5.05,733127751,47.9,MOD-00620,24.7,2026-07-18T21:20:59,2026-07-18T14:20:59,https://api.quant-aq.com/v1/devices/MOD-00620/data/733127545
202.03,580.63,"{'lat': None, 'lon': None}","{'rh': 49.0, 'temp': 24.7, 'wd': 0.0, 'ws': 0.0, 'ws_scalar': 0.0}","{'gas': {'co': 18144, 'co2': 13267, 'no': 18145, 'no2': 18146, 'o3': 18147}, 'pm': {'pm1': 13221, 'pm10': 13223, 'pm25': 13222}}",2.09,4.86,29.56,5.43,7.32,6.01,733127753,49.0,MOD-00620,24.7,2026-07-18T21:19:59,2026-07-18T14:19:59,https://api.quant-aq.com/v1/devices/MOD-00620/data/733127547
196.77,577.86,"{'lat': None, 'lon': None}","{'rh': 47.9, 'temp': 24.8, 'wd': 0.0, 'ws': 0.0, 'ws_scalar': 0.0}","{'gas': {'co': 18144, 'co2': 13267, 'no': 18145, 'no2': 18146, 'o3': 18147}, 'pm': {'pm1': 13221, 'pm10': 13223, 'pm25': 13222}}",2.11,4.37,30.74,4.42,6.37,4.95,733127750,47.9,MOD-00620,24.8,2026-07-18T21:18:59,2026-07-18T14:18:59,https://api.quant-aq.com/v1/devices/MOD-00620/data/733127544
199.17,578.47,"{'lat': None, 'lon': None}","{'rh': 47.4, 'temp': 24.8, 'wd': 0.0, 'ws': 0.0, 'ws_scalar': 0.0}","{'gas': {'co': 18144, 'co2': 13267, 'no': 18145, 'no2': 18146, 'o3': 18147}, 'pm': {'pm1': 13221, 'pm10': 13223, 'pm25': 13222}}",2.15,4.45,30.53,6.06,11.62,6.58,733125603,47.4,MOD-00620,24.8,2026-07-18T21:17:59,2026-07-18T14:17:59,https://api.quant-aq.com/v1/devices/MOD-00620/data/733125397
193.55,574.73,"{'lat': None, 'lon': None}","{'rh': 46.8, 'temp': 24.9, 'wd': 0.0, 'ws': 0.0, 'ws_scalar': 0.0}","{'gas': {'co': 18144, 'co2': 13267, 'no': 18145, 'no2': 18146, 'o3': 18147}, 'pm': {'pm1': 13221, 'pm10': 13223, 'pm25': 13222}}",2.08,4.4,30.93,5.85,9.24,6.32,733125604,46.8,MOD-00620,24.9,2026-07-18T21:16:59,2026-07-18T14:16:59,https://api.quant-aq.com/v1/devices/MOD-00620/data/733125398
197.92,579.31,"{'lat': None, 'lon': None}","{'rh': 47.0, 'temp': 24.9, 'wd': 0.0, 'ws': 0.0, 'ws_scalar': 0.0}","{'gas': {'co': 18144, 'co2': 13267, 'no': 18145, 'no2': 18146, 'o3': 18147}, 'pm': {'pm1': 13221, 'pm10': 13223, 'pm25': 13222}}",1.95,4.24,30.75,5.69,8.68,6.08,733125602,47.0,MOD-00620,24.9,2026-07-18T21:15:59,2026-07-18T14:15:59,https://api.quant-aq.com/v1/devices/MOD-00620/data/733125395
198.37,574.49,"{'lat': None, 'lon': None}","{'rh': 47.1, 'temp': 25.0, 'wd': 0.0, 'ws': 0.0, 'ws_scalar': 0.0}","{'gas': {'co': 18144, 'co2': 13267, 'no': 18145, 'no2': 18146, 'o3': 18147}, 'pm': {'pm1': 13221, 'pm10': 13223, 'pm25': 13222}}",2.02,4.32,32.18,5.65,17.38,6.03,733125601,47.1,MOD-00620,25.0,2026-07-18T21:14:59,2026-07-18T14:14:59,https://api.quant-aq.com/v1/devices/MOD-00620/data/733125396
195.56,577.62,"{'lat': None, 'lon': None}","{'rh': 47.6, 'temp': 25.0, 'wd': 0.0, 'ws': 0.0, 'ws_scalar': 0.0}","{'gas': {'co': 18144, 'co2': 13267, 'no': 18145, 'no2': 18146, 'o3': 18147}, 'pm': {'pm1': 13221, 'pm10': 13223, 'pm25': 13222}}",2.11,4.47,29.12,4.8,5.83,5.18,733123418,47.6,MOD-00620,25.0,2026-07-18T21:13:59,2026-07-18T14:13:59,https://api.quant-aq.com/v1/devices/MOD-00620/data/733123212
196.64,578.22,"{'lat': None, 'lon': None}","{'rh': 46.8, 'temp': 25.1, 'wd': 0.0, 'ws': 0.0, 'ws_scalar': 0.0}","{'gas': {'co': 18144, 'co2': 13267, 'no': 18145, 'no2': 18146, 'o3': 18147}, 'pm': {'pm1': 13221, 'pm10': 13223, 'pm25': 13222}}",2.05,4.43,30.45,5.15,17.63,5.39,733123417,46.8,MOD-00620,25.1,2026-07-18T21:12:59,2026-07-18T14:12:59,https://api.quant-aq.com/v1/devices/MOD-00620/data/733123211
194.66,576.9,"{'lat': None, 'lon': None}","{'rh': 46.7, 'temp': 25.1, 'wd': 0.0, 'ws': 0.0, 'ws_scalar': 0.0}","{'gas': {'co': 18144, 'co2': 13267, 'no': 18145, 'no2': 18146, 'o3': 18147}, 'pm': {'pm1': 13221, 'pm10': 13223, 'pm25': 13222}}",2.02,4.3,31.2,3.66,4.79,3.97,733123416,46.7,MOD-00620,25.1,2026-07-18T21:11:59,2026-07-18T14:11:59,https://api.quant-aq.com/v1/devices/MOD-00620/data/733123209
191.9,574.85,"{'lat': None, 'lon': None}","{'rh': 46.7, 'temp': 25.2, 'wd': 0.0, 'ws': 0.0, 'ws_scalar': 0.0}","{'gas': {'co': 18144, 'co2': 13267, 'no': 18145, 'no2': 18146, 'o3': 18147}, 'pm': {'pm1': 13221, 'pm10': 13223, 'pm25': 13222}}",2.07,4.35,31.98,3.81,6.18,4.15,733123415,46.7,MOD-00620,25.2,2026-07-18T21:10:59,2026-07-18T14:10:59,https://api.quant-aq.com/v1/devices/MOD-00620/data/733123210
195.45,577.14,"{'lat': None, 'lon': None}","{'rh': 46.9, 'temp': 25.2, 'wd': 0.0, 'ws': 0.0, 'ws_scalar': 0.0}","{'gas': {'co': 18144, 'co2': 13267, 'no': 18145, 'no2': 18146, 'o3': 18147}, 'pm': {'pm1': 13221, 'pm10': 13223, 'pm25': 13222}}",2.01,4.39,31.14,4.96,6.56,5.31,733121216,46.9,MOD-00620,25.2,2026-07-18T21:09:59,2026-07-18T14:09:59,https://api.quant-aq.com/v1/devices/MOD-00620/data/733121010
192.99,577.14,"{'lat': None, 'lon': None}","{'rh': 46.9, 'temp': 25.2, 'wd': 0.0, 'ws': 0.0, 'ws_scalar': 0.0}","{'gas': {'co': 18144, 'co2': 13267, 'no': 18145, 'no2': 18146, 'o3': 18147}, 'pm': {'pm1': 13221, 'pm10': 13223, 'pm25': 13222}}",1.94,4.29,32.21,5.7,7.72,6.27,733121215,46.9,MOD-00620,25.2,2026-07-18T21:08:59,2026-07-18T14:08:59,https://api.quant-aq.com/v1/devices/MOD-00620/data/733121009
187.36,574.61,"{'lat': None, 'lon': None}","{'rh': 46.9, 'temp': 25.3, 'wd': 0.0, 'ws': 0.0, 'ws_scalar': 0.0}","{'gas': {'co': 18144, 'co2': 13267, 'no': 18145, 'no2': 18146, 'o3': 18147}, 'pm': {'pm1': 13221, 'pm10': 13223, 'pm25': 13222}}",2.16,4.43,30.09,5.64,7.33,6.15,733121218,46.9,MOD-00620,25.3,2026-07-18T21:07:59,2026-07-18T14:07:59,https://api.quant-aq.com/v1/devices/MOD-00620/data/733121012
183.95,574.85,"{'lat': None, 'lon': None}","{'rh': 46.5, 'temp': 25.3, 'wd': 0.0, 'ws': 0.0, 'ws_scalar': 0.0}","{'gas': {'co': 18144, 'co2': 13267, 'no': 18145, 'no2': 18146, 'o3': 18147}, 'pm': {'pm1': 13221, 'pm10': 13223, 'pm25': 13222}}",1.99,4.41,31.4,5.83,8.6,6.23,733121217,46.5,MOD-00620,25.3,2026-07-18T21:06:59,2026-07-18T14:06:59,https://api.quant-aq.com/v1/devices/MOD-00620/data/733121011
191.72,576.78,"{'lat': None, 'lon': None}","{'rh': 46.1, 'temp': 25.4, 'wd': 0.0, 'ws': 0.0, 'ws_scalar': 0.0}","{'gas': {'co': 18144, 'co2': 13267, 'no': 18145, 'no2': 18146, 'o3': 18147}, 'pm': {'pm1': 13221, 'pm10': 13223, 'pm25': 13222}}",2.07,4.45,31.66,4.67,6.93,5.07,733119109,46.1,MOD-00620,25.4,2026-07-18T21:05:59,2026-07-18T14:05:59,https://api.quant-aq.com/v1/devices/MOD-00620/data/733118903
185.09,576.66,"{'lat': None, 'lon': None}","{'rh': 46.2, 'temp': 25.4, 'wd': 0.0, 'ws': 0.0, 'ws_scalar': 0.0}","{'gas': {'co': 18144, 'co2': 13267, 'no': 18145, 'no2': 18146, 'o3': 18147}, 'pm': {'pm1': 13221, 'pm10': 13223, 'pm25': 13222}}",2.02,4.43,31.66,5.49,7.33,5.83,733119107,46.2,MOD-00620,25.4,2026-07-18T21:04:59,2026-07-18T14:04:59,https://api.quant-aq.com/v1/devices/MOD-00620/data/733118901
184.96,574.61,"{'lat': None, 'lon': None}","{'rh': 45.8, 'temp': 25.4, 'wd': 0.0, 'ws': 0.0, 'ws_scalar': 0.0}","{'gas': {'co': 18144, 'co2': 13267, 'no': 18145, 'no2': 18146, 'o3': 18147}, 'pm': {'pm1': 13221, 'pm10': 13223, 'pm25': 13222}}",2.02,4.46,31.48,3.2,4.69,3.51,733119106,45.8,MOD-00620,25.4,2026-07-18T21:03:59,2026-07-18T14:03:59,https://api.quant-aq.com/v1/devices/MOD-00620/data/733118900
187.73,574.61,"{'lat': None, 'lon': None}","{'rh': 46.1, 'temp': 25.5, 'wd': 0.0, 'ws': 0.0, 'ws_scalar': 0.0}","{'gas': {'co': 18144, 'co2': 13267, 'no': 18145, 'no2': 18146, 'o3': 18147}, 'pm': {'pm1': 13221, 'pm10': 13223, 'pm25': 13222}}",2.0,4.52,29.91,4.6,10.74,4.93,733119108,46.1,MOD-00620,25.5,2026-07-18T21:02:59,2026-07-18T14:02:59,https://api.quant-aq.com/v1/devices/MOD-00620/data/733118902
190.47,575.33,"{'lat': None, 'lon': None}","{'rh': 45.7, 'temp': 25.5, 'wd': 0.0, 'ws': 0.0, 'ws_scalar': 0.0}","{'gas': {'co': 18144, 'co2': 13267, 'no': 18145, 'no2': 18146, 'o3': 18147}, 'pm': {'pm1': 13221, 'pm10': 13223, 'pm25': 13222}}",1.98,4.51,31.02,4.93,6.25,5.44,733116924,45.7,MOD-00620,25.5,2026-07-18T21:01:59,2026-07-18T14:01:59,https://api.quant-aq.com/v1/devices/MOD-00620/data/733116718
182.75,574.97,"{'lat': None, 'lon': None}","{'rh': 45.6, 'temp': 25.5, 'wd': 0.0, 'ws': 0.0, 'ws_scalar': 0.0}","{'gas': {'co': 18144, 'co2': 13267, 'no': 18145, 'no2': 18146, 'o3': 18147}, 'pm': {'pm1': 13221, 'pm10': 13223, 'pm25': 13222}}",2.0,4.54,30.32,5.39,6.79,5.68,733116923,45.6,MOD-00620,25.5,2026-07-18T21:00:59,2026-07-18T14:00:59,https://api.quant-aq.com/v1/devices/MOD-00620/data/733116717
185.16,578.71,"{'lat': None, 'lon': None}","{'rh': 45.1, 'temp': 25.5, 'wd': 0.0, 'ws': 0.0, 'ws_scalar': 0.0}","{'gas': {'co': 18144, 'co2': 13267, 'no': 18145, 'no2': 18146, 'o3': 18147}, 'pm': {'pm1': 13221, 'pm10': 13223, 'pm25': 13222}}",1.98,4.6,31.43,5.59,7.29,5.91,733116922,45.1,MOD-00620,25.5,2026-07-18T20:59:59,2026-07-18T13:59:59,https://api.quant-aq.com/v1/devices/MOD-00620/data/733116716
184.16,572.8,"{'lat': None, 'lon': None}","{'rh': 45.5, 'temp': 25.6, 'wd': 0.0, 'ws': 0.0, 'ws_scalar': 0.0}","{'gas': {'co': 18144, 'co2': 13267, 'no': 18145, 'no2': 18146, 'o3': 18147}, 'pm': {'pm1': 13221, 'pm10': 13223, 'pm25': 13222}}",1.93,4.55,30.6,4.83,6.23,5.2,733116925,45.5,MOD-00620,25.6,2026-07-18T20:58:59,2026-07-18T13:58:59,https://api.quant-aq.com/v1/devices/MOD-00620/data/733116719
182.45,577.02,"{'lat': None, 'lon': None}","{'rh': 45.6, 'temp': 25.6, 'wd': 0.0, 'ws': 0.0, 'ws_scalar': 0.0}","{'gas': {'co': 18144, 'co2': 13267, 'no': 18145, 'no2': 18146, 'o3': 18147}, 'pm': {'pm1': 13221, 'pm10': 13223, 'pm25': 13222}}",1.94,4.55,31.14,4.67,6.55,5.02,733114797,45.6,MOD-00620,25.6,2026-07-18T20:57:59,2026-07-18T13:57:59,https://api.quant-aq.com/v1/devices/MOD-00620/data/733114590
185.73,575.7,"{'lat': None, 'lon': None}","{'rh': 45.6, 'temp': 25.6, 'wd': 0.0, 'ws': 0.0, 'ws_scalar': 0.0}","{'gas': {'co': 18144, 'co2': 13267, 'no': 18145, 'no2': 18146, 'o3': 18147}, 'pm': {'pm1': 13221, 'pm10': 13223, 'pm25': 13222}}",1.99,4.54,31.96,4.82,6.15,5.28,733114794,45.6,MOD-00620,25.6,2026-07-18T20:56:59,2026-07-18T13:56:59,https://api.quant-aq.com/v1/devices/MOD-00620/data/733114588
179.04,575.7,"{'lat': None, 'lon': None}","{'rh': 45.2, 'temp': 25.6, 'wd': 0.0, 'ws': 0.0, 'ws_scalar': 0.0}","{'gas': {'co': 18144, 'co2': 13267, 'no': 18145, 'no2': 18146, 'o3': 18147}, 'pm': {'pm1': 13221, 'pm10': 13223, 'pm25': 13222}}",2.0,4.61,30.04,4.54,13.6,5.05,733114796,45.2,MOD-00620,25.6,2026-07-18T20:55:59,2026-07-18T13:55:59,https://api.quant-aq.com/v1/devices/MOD-00620/data/733114591
183.68,571.48,"{'lat': None, 'lon': None}","{'rh': 44.6, 'temp': 25.7, 'wd': 0.0, 'ws': 0.0, 'ws_scalar': 0.0}","{'gas': {'co': 18144, 'co2': 13267, 'no': 18145, 'no2': 18146, 'o3': 18147}, 'pm': {'pm1': 13221, 'pm10': 13223, 'pm25': 13222}}",2.01,4.79,31.69,4.81,8.25,5.29,733114792,44.6,MOD-00620,25.7,2026-07-18T20:54:59,2026-07-18T13:54:59,https://api.quant-aq.com/v1/devices/MOD-00620/data/733114587
190.79,576.3,"{'lat': None, 'lon': None}","{'rh': 44.4, 'temp': 25.7, 'wd': 0.0, 'ws': 0.0, 'ws_scalar': 0.0}","{'gas': {'co': 18144, 'co2': 13267, 'no': 18145, 'no2': 18146, 'o3': 18147}, 'pm': {'pm1': 13221, 'pm10': 13223, 'pm25': 13222}}",1.92,5.02,33.48,5.16,10.59,5.55,733112610,44.4,MOD-00620,25.7,2026-07-18T20:53:59,2026-07-18T13:53:59,https://api.quant-aq.com/v1/devices/MOD-00620/data/733112405
185.08,575.21,"{'lat': None, 'lon': None}","{'rh': 45.1, 'temp': 25.8, 'wd': 0.0, 'ws': 0.0, 'ws_scalar': 0.0}","{'gas': {'co': 18144, 'co2': 13267, 'no': 18145, 'no2': 18146, 'o3': 18147}, 'pm': {'pm1': 13221, 'pm10': 13223, 'pm25': 13222}}",2.42,4.94,33.33,5.15,6.04,5.59,733112609,45.1,MOD-00620,25.8,2026-07-18T20:52:59,2026-07-18T13:52:59,https://api.quant-aq.com/v1/devices/MOD-00620/data/733112403
187.77,571.72,"{'lat': None, 'lon': None}","{'rh': 47.1, 'temp': 25.8, 'wd': 0.0, 'ws': 0.0, 'ws_scalar': 0.0}","{'gas': {'co': 18144, 'co2': 13267, 'no': 18145, 'no2': 18146, 'o3': 18147}, 'pm': {'pm1': 13221, 'pm10': 13223, 'pm25': 13222}}",2.06,4.5,27.86,5.87,11.86,6.18,733112608,47.1,MOD-00620,25.8,2026-07-18T20:51:59,2026-07-18T13:51:59,https://api.quant-aq.com/v1/devices/MOD-00620/data/733112402
191.36,571.0,"{'lat': None, 'lon': None}","{'rh': 45.5, 'temp': 25.8, 'wd': 0.0, 'ws': 0.0, 'ws_scalar': 0.0}","{'gas': {'co': 18144, 'co2': 13267, 'no': 18145, 'no2': 18146, 'o3': 18147}, 'pm': {'pm1': 13221, 'pm10': 13223, 'pm25': 13222}}",1.97,4.63,30.45,6.01,7.22,6.35,733112611,45.5,MOD-00620,25.8,2026-07-18T20:50:59,2026-07-18T13:50:59,https://api.quant-aq.com/v1/devices/MOD-00620/data/733112404
190.59,575.82,"{'lat': None, 'lon': None}","{'rh': 45.0, 'temp': 25.9, 'wd': 0.0, 'ws': 0.0, 'ws_scalar': 0.0}","{'gas': {'co': 18144, 'co2': 13267, 'no': 18145, 'no2': 18146, 'o3': 18147}, 'pm': {'pm1': 13221, 'pm10': 13223, 'pm25': 13222}}",1.83,4.96,32.62,5.68,8.96,6.21,733110405,45.0,MOD-00620,25.9,2026-07-18T20:49:59,2026-07-18T13:49:59,https://api.quant-aq.com/v1/devices/MOD-00620/data/733110200
185.3,575.33,"{'lat': None, 'lon': None}","{'rh': 46.1, 'temp': 25.9, 'wd': 0.0, 'ws': 0.0, 'ws_scalar': 0.0}","{'gas': {'co': 18144, 'co2': 13267, 'no': 18145, 'no2': 18146, 'o3': 18147}, 'pm': {'pm1': 13221, 'pm10': 13223, 'pm25': 13222}}",1.92,4.55,28.91,6.1,11.02,6.59,733110407,46.1,MOD-00620,25.9,2026-07-18T20:49:00,2026-07-18T13:49:00,https://api.quant-aq.com/v1/devices/MOD-00620/data/733110202
183.68,573.41,"{'lat': None, 'lon': None}","{'rh': 45.5, 'temp': 25.9, 'wd': 0.0, 'ws': 0.0, 'ws_scalar': 0.0}","{'gas': {'co': 18144, 'co2': 13267, 'no': 18145, 'no2': 18146, 'o3': 18147}, 'pm': {'pm1': 13221, 'pm10': 13223, 'pm25': 13222}}",2.0,4.66,29.07,6.01,7.98,6.47,733110404,45.5,MOD-00620,25.9,2026-07-18T20:48:00,2026-07-18T13:48:00,https://api.quant-aq.com/v1/devices/MOD-00620/data/733110199
190.59,573.65,"{'lat': None, 'lon': None}","{'rh': 45.0, 'temp': 25.9, 'wd': 0.0, 'ws': 0.0, 'ws_scalar': 0.0}","{'gas': {'co': 18144, 'co2': 13267, 'no': 18145, 'no2': 18146, 'o3': 18147}, 'pm': {'pm1': 13221, 'pm10': 13223, 'pm25': 13222}}",1.93,4.85,30.31,6.78,12.74,7.28,733110408,45.0,MOD-00620,25.9,2026-07-18T20:47:00,2026-07-18T13:47:00,https://api.quant-aq.com/v1/devices/MOD-00620/data/733110201
195.03,573.05,"{'lat': None, 'lon': None}","{'rh': 45.1, 'temp': 25.9, 'wd': 0.0, 'ws': 0.0, 'ws_scalar': 0.0}","{'gas': {'co': 18144, 'co2': 13267, 'no': 18145, 'no2': 18146, 'o3': 18147}, 'pm': {'pm1': 13221, 'pm10': 13223, 'pm25': 13222}}",1.9,4.8,31.54,5.63,14.26,6.27,733108271,45.1,MOD-00620,25.9,2026-07-18T20:46:00,2026-07-18T13:46:00,https://api.quant-aq.com/v1/devices/MOD-00620/data/733108065
189.76,573.53,"{'lat': None, 'lon': None}","{'rh': 45.6, 'temp': 25.9, 'wd': 0.0, 'ws': 0.0, 'ws_scalar': 0.0}","{'gas': {'co': 18144, 'co2': 13267, 'no': 18145, 'no2': 18146, 'o3': 18147}, 'pm': {'pm1': 13221, 'pm10': 13223, 'pm25': 13222}}",1.81,4.68,30.59,5.85,7.25,6.3,733108270,45.6,MOD-00620,25.9,2026-07-18T20:45:00,2026-07-18T13:45:00,https://api.quant-aq.com/v1/devices/MOD-00620/data/733108063
193.99,575.09,"{'lat': None, 'lon': None}","{'rh': 46.0, 'temp': 25.9, 'wd': 0.0, 'ws': 0.0, 'ws_scalar': 0.0}","{'gas': {'co': 18144, 'co2': 13267, 'no': 18145, 'no2': 18146, 'o3': 18147}, 'pm': {'pm1': 13221, 'pm10': 13223, 'pm25': 13222}}",1.89,4.57,29.37,4.8,10.35,5.23,733108269,46.0,MOD-00620,25.9,2026-07-18T20:44:00,2026-07-18T13:44:00,https://api.quant-aq.com/v1/devices/MOD-00620/data/733108064
186.07,573.17,"{'lat': None, 'lon': None}","{'rh': 45.6, 'temp': 25.9, 'wd': 0.0, 'ws': 0.0, 'ws_scalar': 0.0}","{'gas': {'co': 18144, 'co2': 13267, 'no': 18145, 'no2': 18146, 'o3': 18147}, 'pm': {'pm1': 13221, 'pm10': 13223, 'pm25': 13222}}",2.01,4.64,29.4,4.88,8.53,5.3,733108268,45.6,MOD-00620,25.9,2026-07-18T20:43:00,2026-07-18T13:43:00,https://api.quant-aq.com/v1/devices/MOD-00620/data/733108062
184.19,575.09,"{'lat': None, 'lon': None}","{'rh': 45.2, 'temp': 25.8, 'wd': 0.0, 'ws': 0.0, 'ws_scalar': 0.0}","{'gas': {'co': 18144, 'co2': 13267, 'no': 18145, 'no2': 18146, 'o3': 18147}, 'pm': {'pm1': 13221, 'pm10': 13223, 'pm25': 13222}}",1.87,4.7,28.9,4.94,9.44,5.36,733106080,45.2,MOD-00620,25.8,2026-07-18T20:42:00,2026-07-18T13:42:00,https://api.quant-aq.com/v1/devices/MOD-00620/data/733105874
184.13,575.58,"{'lat': None, 'lon': None}","{'rh': 44.7, 'temp': 25.8, 'wd': 0.0, 'ws': 0.0, 'ws_scalar': 0.0}","{'gas': {'co': 18144, 'co2': 13267, 'no': 18145, 'no2': 18146, 'o3': 18147}, 'pm': {'pm1': 13221, 'pm10': 13223, 'pm25': 13222}}",1.9,4.95,30.59,5.33,10.81,5.74,733106077,44.7,MOD-00620,25.8,2026-07-18T20:41:00,2026-07-18T13:41:00,https://api.quant-aq.com/v1/devices/MOD-00620/data/733105872
190.89,577.86,"{'lat': None, 'lon': None}","{'rh': 45.0, 'temp': 25.8, 'wd': 0.0, 'ws': 0.0, 'ws_scalar': 0.0}","{'gas': {'co': 18144, 'co2': 13267, 'no': 18145, 'no2': 18146, 'o3': 18147}, 'pm': {'pm1': 13221, 'pm10': 13223, 'pm25': 13222}}",1.85,4.86,29.65,3.91,8.01,4.36,733106079,45.0,MOD-00620,25.8,2026-07-18T20:40:00,2026-07-18T13:40:00,https://api.quant-aq.com/v1/devices/MOD-00620/data/733105871
192.32,574.73,"{'lat': None, 'lon': None}","{'rh': 45.3, 'temp': 25.8, 'wd': 0.0, 'ws': 0.0, 'ws_scalar': 0.0}","{'gas': {'co': 18144, 'co2': 13267, 'no': 18145, 'no2': 18146, 'o3': 18147}, 'pm': {'pm1': 13221, 'pm10': 13223, 'pm25': 13222}}",1.83,4.71,28.8,4.63,7.68,5.05,733106078,45.3,MOD-00620,25.8,2026-07-18T20:39:00,2026-07-18T13:39:00,https://api.quant-aq.com/v1/devices/MOD-00620/data/733105873
192.45,575.7,"{'lat': None, 'lon': None}","{'rh': 45.7, 'temp': 25.8, 'wd': 0.0, 'ws': 0.0, 'ws_scalar': 0.0}","{'gas': {'co': 18144, 'co2': 13267, 'no': 18145, 'no2': 18146, 'o3': 18147}, 'pm': {'pm1': 13221, 'pm10': 13223, 'pm25': 13222}}",1.86,4.61,27.86,5.73,7.49,6.34,733103901,45.7,MOD-00620,25.8,2026-07-18T20:38:00,2026-07-18T13:38:00,https://api.quant-aq.com/v1/devices/MOD-00620/data/733103693
191.29,576.18,"{'lat': None, 'lon': None}","{'rh': 45.6, 'temp': 25.8, 'wd': 0.0, 'ws': 0.0, 'ws_scalar': 0.0}","{'gas': {'co': 18144, 'co2': 13267, 'no': 18145, 'no2': 18146, 'o3': 18147}, 'pm': {'pm1': 13221, 'pm10': 13223, 'pm25': 13222}}",1.95,4.62,28.53,5.53,9.28,5.88,733103899,45.6,MOD-00620,25.8,2026-07-18T20:37:00,2026-07-18T13:37:00,https://api.quant-aq.com/v1/devices/MOD-00620/data/733103694
200.87,569.43,"{'lat': None, 'lon': None}","{'rh': 44.8, 'temp': 25.8, 'wd': 0.0, 'ws': 0.0, 'ws_scalar': 0.0}","{'gas': {'co': 18144, 'co2': 13267, 'no': 18145, 'no2': 18146, 'o3': 18147}, 'pm': {'pm1': 13221, 'pm10': 13223, 'pm25': 13222}}",2.1,5.12,30.99,5.41,7.2,5.84,733103896,44.8,MOD-00620,25.8,2026-07-18T20:36:00,2026-07-18T13:36:00,https://api.quant-aq.com/v1/devices/MOD-00620/data/733103690
191.81,577.62,"{'lat': None, 'lon': None}","{'rh': 46.6, 'temp': 25.8, 'wd': 0.0, 'ws': 0.0, 'ws_scalar': 0.0}","{'gas': {'co': 18144, 'co2': 13267, 'no': 18145, 'no2': 18146, 'o3': 18147}, 'pm': {'pm1': 13221, 'pm10': 13223, 'pm25': 13222}}",1.89,4.46,29.66,4.26,18.26,4.79,733103895,46.6,MOD-00620,25.8,2026-07-18T20:35:00,2026-07-18T13:35:00,https://api.quant-aq.com/v1/devices/MOD-00620/data/733103689
192.21,577.14,"{'lat': None, 'lon': None}","{'rh': 47.2, 'temp': 25.8, 'wd': 0.0, 'ws': 0.0, 'ws_scalar': 0.0}","{'gas': {'co': 18144, 'co2': 13267, 'no': 18145, 'no2': 18146, 'o3': 18147}, 'pm': {'pm1': 13221, 'pm10': 13223, 'pm25': 13222}}",1.93,4.4,28.01,5.2,6.57,5.8,733101760,47.2,MOD-00620,25.8,2026-07-18T20:34:00,2026-07-18T13:34:00,https://api.quant-aq.com/v1/devices/MOD-00620/data/733101554
200.44,576.66,"{'lat': None, 'lon': None}","{'rh': 46.0, 'temp': 25.8, 'wd': 0.0, 'ws': 0.0, 'ws_scalar': 0.0}","{'gas': {'co': 18144, 'co2': 13267, 'no': 18145, 'no2': 18146, 'o3': 18147}, 'pm': {'pm1': 13221, 'pm10': 13223, 'pm25': 13222}}",1.83,4.57,29.45,6.38,9.03,6.87,733101762,46.0,MOD-00620,25.8,2026-07-18T20:33:00,2026-07-18T13:33:00,https://api.quant-aq.com/v1/devices/MOD-00620/data/733101555
202.0,577.98,"{'lat': None, 'lon': None}","{'rh': 46.7, 'temp': 25.8, 'wd': 0.0, 'ws': 0.0, 'ws_scalar': 0.0}","{'gas': {'co': 18144, 'co2': 13267, 'no': 18145, 'no2': 18146, 'o3': 18147}, 'pm': {'pm1': 13221, 'pm10': 13223, 'pm25': 13222}}",1.78,4.4,28.91,5.75,6.61,6.16,733101761,46.7,MOD-00620,25.8,2026-07-18T20:32:00,2026-07-18T13:32:00,https://api.quant-aq.com/v1/devices/MOD-00620/data/733101556
196.45,576.06,"{'lat': None, 'lon': None}","{'rh': 47.0, 'temp': 25.8, 'wd': 0.0, 'ws': 0.0, 'ws_scalar': 0.0}","{'gas': {'co': 18144, 'co2': 13267, 'no': 18145, 'no2': 18146, 'o3': 18147}, 'pm': {'pm1': 13221, 'pm10': 13223, 'pm25': 13222}}",1.9,4.38,28.06,3.98,5.22,4.56,733101764,47.0,MOD-00620,25.8,2026-07-18T20:31:00,2026-07-18T13:31:00,https://api.quant-aq.com/v1/devices/MOD-00620/data/733101557
204.62,577.26,"{'lat': None, 'lon': None}","{'rh': 46.9, 'temp': 25.7, 'wd': 0.0, 'ws': 0.0, 'ws_scalar': 0.0}","{'gas': {'co': 18144, 'co2': 13267, 'no': 18145, 'no2': 18146, 'o3': 18147}, 'pm': {'pm1': 13221, 'pm10': 13223, 'pm25': 13222}}",1.98,4.34,29.4,3.94,4.65,4.35,733099519,46.9,MOD-00620,25.7,2026-07-18T20:30:00,2026-07-18T13:30:00,https://api.quant-aq.com/v1/devices/MOD-00620/data/733099313
205.49,577.5,"{'lat': None, 'lon': None}","{'rh': 47.4, 'temp': 25.7, 'wd': 0.0, 'ws': 0.0, 'ws_scalar': 0.0}","{'gas': {'co': 18144, 'co2': 13267, 'no': 18145, 'no2': 18146, 'o3': 18147}, 'pm': {'pm1': 13221, 'pm10': 13223, 'pm25': 13222}}",1.97,4.39,26.85,4.48,6.14,4.75,733099522,47.4,MOD-00620,25.7,2026-07-18T20:29:00,2026-07-18T13:29:00,https://api.quant-aq.com/v1/devices/MOD-00620/data/733099316
192.59,579.67,"{'lat': None, 'lon': None}","{'rh': 46.5, 'temp': 25.7, 'wd': 0.0, 'ws': 0.0, 'ws_scalar': 0.0}","{'gas': {'co': 18144, 'co2': 13267, 'no': 18145, 'no2': 18146, 'o3': 18147}, 'pm': {'pm1': 13221, 'pm10': 13223, 'pm25': 13222}}",1.82,4.41,26.87,4.91,7.97,5.37,733099520,46.5,MOD-00620,25.7,2026-07-18T20:28:00,2026-07-18T13:28:00,https://api.quant-aq.com/v1/devices/MOD-00620/data/733099315
193.0,578.35,"{'lat': None, 'lon': None}","{'rh': 46.5, 'temp': 25.7, 'wd': 0.0, 'ws': 0.0, 'ws_scalar': 0.0}","{'gas': {'co': 18144, 'co2': 13267, 'no': 18145, 'no2': 18146, 'o3': 18147}, 'pm': {'pm1': 13221, 'pm10': 13223, 'pm25': 13222}}",1.78,4.42,28.97,3.42,7.81,3.8,733099521,46.5,MOD-00620,25.7,2026-07-18T20:27:00,2026-07-18T13:27:00,https://api.quant-aq.com/v1/devices/MOD-00620/data/733099317
192.32,578.83,"{'lat': None, 'lon': None}","{'rh': 46.3, 'temp': 25.7, 'wd': 0.0, 'ws': 0.0, 'ws_scalar': 0.0}","{'gas': {'co': 18144, 'co2': 13267, 'no': 18145, 'no2': 18146, 'o3': 18147}, 'pm': {'pm1': 13221, 'pm10': 13223, 'pm25': 13222}}",1.87,4.46,28.53,5.78,6.98,6.25,733097341,46.3,MOD-00620,25.7,2026-07-18T20:26:00,2026-07-18T13:26:00,https://api.quant-aq.com/v1/devices/MOD-00620/data/733097135
185.55,577.86,"{'lat': None, 'lon': None}","{'rh': 46.6, 'temp': 25.7, 'wd': 0.0, 'ws': 0.0, 'ws_scalar': 0.0}","{'gas': {'co': 18144, 'co2': 13267, 'no': 18145, 'no2': 18146, 'o3': 18147}, 'pm': {'pm1': 13221, 'pm10': 13223, 'pm25': 13222}}",1.83,4.39,28.39,3.86,8.19,4.31,733097340,46.6,MOD-00620,25.7,2026-07-18T20:25:00,2026-07-18T13:25:00,https://api.quant-aq.com/v1/devices/MOD-00620/data/733097134
191.29,579.91,"{'lat': None, 'lon': None}","{'rh': 46.6, 'temp': 25.7, 'wd': 0.0, 'ws': 0.0, 'ws_scalar': 0.0}","{'gas': {'co': 18144, 'co2': 13267, 'no': 18145, 'no2': 18146, 'o3': 18147}, 'pm': {'pm1': 13221, 'pm10': 13223, 'pm25': 13222}}",2.24,4.43,29.33,6.2,8.02,6.79,733097339,46.6,MOD-00620,25.7,2026-07-18T20:24:00,2026-07-18T13:24:00,https://api.quant-aq.com/v1/devices/MOD-00620/data/733097133
190.72,577.14,"{'lat': None, 'lon': None}","{'rh': 48.0, 'temp': 25.7, 'wd': 0.0, 'ws': 0.0, 'ws_scalar': 0.0}","{'gas': {'co': 18144, 'co2': 13267, 'no': 18145, 'no2': 18146, 'o3': 18147}, 'pm': {'pm1': 13221, 'pm10': 13223, 'pm25': 13222}}",1.89,4.3,27.05,4.22,5.3,4.66,733097337,48.0,MOD-00620,25.7,2026-07-18T20:23:00,2026-07-18T13:23:00,https://api.quant-aq.com/v1/devices/MOD-00620/data/733097131
190.39,575.09,"{'lat': None, 'lon': None}","{'rh': 47.3, 'temp': 25.7, 'wd': 0.0, 'ws': 0.0, 'ws_scalar': 0.0}","{'gas': {'co': 18144, 'co2': 13267, 'no': 18145, 'no2': 18146, 'o3': 18147}, 'pm': {'pm1': 13221, 'pm10': 13223, 'pm25': 13222}}",1.85,4.28,27.96,3.37,4.13,3.85,733095165,47.3,MOD-00620,25.7,2026-07-18T20:22:00,2026-07-18T13:22:00,https://api.quant-aq.com/v1/devices/MOD-00620/data/733094959
188.27,577.74,"{'lat': None, 'lon': None}","{'rh': 47.4, 'temp': 25.7, 'wd': 0.0, 'ws': 0.0, 'ws_scalar': 0.0}","{'gas': {'co': 18144, 'co2': 13267, 'no': 18145, 'no2': 18146, 'o3': 18147}, 'pm': {'pm1': 13221, 'pm10': 13223, 'pm25': 13222}}",1.73,4.26,28.66,5.81,10.66,6.36,733095162,47.4,MOD-00620,25.7,2026-07-18T20:21:00,2026-07-18T13:21:00,https://api.quant-aq.com/v1/devices/MOD-00620/data/733094956
184.69,575.45,"{'lat': None, 'lon': None}","{'rh': 48.4, 'temp': 25.7, 'wd': 0.0, 'ws': 0.0, 'ws_scalar': 0.0}","{'gas': {'co': 18144, 'co2': 13267, 'no': 18145, 'no2': 18146, 'o3': 18147}, 'pm': {'pm1': 13221, 'pm10': 13223, 'pm25': 13222}}",1.85,4.31,25.41,6.26,12.38,6.67,733095163,48.4,MOD-00620,25.7,2026-07-18T20:20:00,2026-07-18T13:20:00,https://api.quant-aq.com/v1/devices/MOD-00620/data/733094957
185.28,575.21,"{'lat': None, 'lon': None}","{'rh': 46.4, 'temp': 25.7, 'wd': 0.0, 'ws': 0.0, 'ws_scalar': 0.0}","{'gas': {'co': 18144, 'co2': 13267, 'no': 18145, 'no2': 18146, 'o3': 18147}, 'pm': {'pm1': 13221, 'pm10': 13223, 'pm25': 13222}}",1.83,4.44,27.61,7.3,8.6,7.79,733095164,46.4,MOD-00620,25.7,2026-07-18T20:19:00,2026-07-18T13:19:00,https://api.quant-aq.com/v1/devices/MOD-00620/data/733094958
191.84,575.7,"{'lat': None, 'lon': None}","{'rh': 46.4, 'temp': 25.7, 'wd': 0.0, 'ws': 0.0, 'ws_scalar': 0.0}","{'gas': {'co': 18144, 'co2': 13267, 'no': 18145, 'no2': 18146, 'o3': 18147}, 'pm': {'pm1': 13221, 'pm10': 13223, 'pm25': 13222}}",1.81,4.46,27.86,6.73,8.87,7.19,733093025,46.4,MOD-00620,25.7,2026-07-18T20:18:00,2026-07-18T13:18:00,https://api.quant-aq.com/v1/devices/MOD-00620/data/733092822
190.89,573.65,"{'lat': None, 'lon': None}","{'rh': 46.0, 'temp': 25.7, 'wd': 0.0, 'ws': 0.0, 'ws_scalar': 0.0}","{'gas': {'co': 18144, 'co2': 13267, 'no': 18145, 'no2': 18146, 'o3': 18147}, 'pm': {'pm1': 13221, 'pm10': 13223, 'pm25': 13222}}",1.9,4.51,26.61,5.72,11.75,6.19,733093022,46.0,MOD-00620,25.7,2026-07-18T20:17:00,2026-07-18T13:17:00,https://api.quant-aq.com/v1/devices/MOD-00620/data/733092818
192.95,575.45,"{'lat': None, 'lon': None}","{'rh': 46.0, 'temp': 25.7, 'wd': 0.0, 'ws': 0.0, 'ws_scalar': 0.0}","{'gas': {'co': 18144, 'co2': 13267, 'no': 18145, 'no2': 18146, 'o3': 18147}, 'pm': {'pm1': 13221, 'pm10': 13223, 'pm25': 13222}}",1.79,4.6,27.22,6.08,7.25,6.56,733093027,46.0,MOD-00620,25.7,2026-07-18T20:16:00,2026-07-18T13:16:00,https://api.quant-aq.com/v1/devices/MOD-00620/data/733092821
201.96,574.37,"{'lat': None, 'lon': None}","{'rh': 46.6, 'temp': 25.7, 'wd': 0.0, 'ws': 0.0, 'ws_scalar': 0.0}","{'gas': {'co': 18144, 'co2': 13267, 'no': 18145, 'no2': 18146, 'o3': 18147}, 'pm': {'pm1': 13221, 'pm10': 13223, 'pm25': 13222}}",1.91,4.45,27.63,5.86,10.02,6.25,733093023,46.6,MOD-00620,25.7,2026-07-18T20:15:00,2026-07-18T13:15:00,https://api.quant-aq.com/v1/devices/MOD-00620/data/733092820
206.94,579.19,"{'lat': None, 'lon': None}","{'rh': 47.1, 'temp': 25.7, 'wd': 0.0, 'ws': 0.0, 'ws_scalar': 0.0}","{'gas': {'co': 18144, 'co2': 13267, 'no': 18145, 'no2': 18146, 'o3': 18147}, 'pm': {'pm1': 13221, 'pm10': 13223, 'pm25': 13222}}",1.73,4.33,27.47,2.63,7.15,3.17,733090847,47.1,MOD-00620,25.7,2026-07-18T20:14:00,2026-07-18T13:14:00,https://api.quant-aq.com/v1/devices/MOD-00620/data/733090641
209.31,576.18,"{'lat': None, 'lon': None}","{'rh': 47.8, 'temp': 25.7, 'wd': 0.0, 'ws': 0.0, 'ws_scalar': 0.0}","{'gas': {'co': 18144, 'co2': 13267, 'no': 18145, 'no2': 18146, 'o3': 18147}, 'pm': {'pm1': 13221, 'pm10': 13223, 'pm25': 13222}}",1.79,4.21,26.68,4.68,7.42,5.18,733090845,47.8,MOD-00620,25.7,2026-07-18T20:13:00,2026-07-18T13:13:00,https://api.quant-aq.com/v1/devices/MOD-00620/data/733090640
213.5,577.5,"{'lat': None, 'lon': None}","{'rh': 48.1, 'temp': 25.6, 'wd': 0.0, 'ws': 0.0, 'ws_scalar': 0.0}","{'gas': {'co': 18144, 'co2': 13267, 'no': 18145, 'no2': 18146, 'o3': 18147}, 'pm': {'pm1': 13221, 'pm10': 13223, 'pm25': 13222}}",1.97,4.16,25.64,5.56,16.4,6.19,733090844,48.1,MOD-00620,25.6,2026-07-18T20:12:00,2026-07-18T13:12:00,https://api.quant-aq.com/v1/devices/MOD-00620/data/733090638
198.67,576.78,"{'lat': None, 'lon': None}","{'rh': 48.2, 'temp': 25.6, 'wd': 0.0, 'ws': 0.0, 'ws_scalar': 0.0}","{'gas': {'co': 18144, 'co2': 13267, 'no': 18145, 'no2': 18146, 'o3': 18147}, 'pm': {'pm1': 13221, 'pm10': 13223, 'pm25': 13222}}",1.74,4.17,26.87,3.08,4.46,3.63,733090843,48.2,MOD-00620,25.6,2026-07-18T20:11:00,2026-07-18T13:11:00,https://api.quant-aq.com/v1/devices/MOD-00620/data/733090637
193.81,574.25,"{'lat': None, 'lon': None}","{'rh': 48.7, 'temp': 25.6, 'wd': 0.0, 'ws': 0.0, 'ws_scalar': 0.0}","{'gas': {'co': 18144, 'co2': 13267, 'no': 18145, 'no2': 18146, 'o3': 18147}, 'pm': {'pm1': 13221, 'pm10': 13223, 'pm25': 13222}}",1.82,4.2,24.52,4.25,5.1,4.64,733088651,48.7,MOD-00620,25.6,2026-07-18T20:10:00,2026-07-18T13:10:00,https://api.quant-aq.com/v1/devices/MOD-00620/data/733088445
202.46,573.29,"{'lat': None, 'lon': None}","{'rh': 47.9, 'temp': 25.5, 'wd': 0.0, 'ws': 0.0, 'ws_scalar': 0.0}","{'gas': {'co': 18144, 'co2': 13267, 'no': 18145, 'no2': 18146, 'o3': 18147}, 'pm': {'pm1': 13221, 'pm10': 13223, 'pm25': 13222}}",1.76,4.13,27.65,6.19,17.8,6.63,733088650,47.9,MOD-00620,25.5,2026-07-18T20:09:00,2026-07-18T13:09:00,https://api.quant-aq.com/v1/devices/MOD-00620/data/733088444
200.94,576.66,"{'lat': None, 'lon': None}","{'rh': 48.9, 'temp': 25.5, 'wd': 0.0, 'ws': 0.0, 'ws_scalar': 0.0}","{'gas': {'co': 18144, 'co2': 13267, 'no': 18145, 'no2': 18146, 'o3': 18147}, 'pm': {'pm1': 13221, 'pm10': 13223, 'pm25': 13222}}",1.77,4.19,24.39,6.22,8.78,6.86,733088649,48.9,MOD-00620,25.5,2026-07-18T20:08:00,2026-07-18T13:08:00,https://api.quant-aq.com/v1/devices/MOD-00620/data/733088443
198.42,578.83,"{'lat': None, 'lon': None}","{'rh': 48.4, 'temp': 25.5, 'wd': 0.0, 'ws': 0.0, 'ws_scalar': 0.0}","{'gas': {'co': 18144, 'co2': 13267, 'no': 18145, 'no2': 18146, 'o3': 18147}, 'pm': {'pm1': 13221, 'pm10': 13223, 'pm25': 13222}}",1.78,4.12,25.17,4.65,16.32,5.21,733088648,48.4,MOD-00620,25.5,2026-07-18T20:07:00,2026-07-18T13:07:00,https://api.quant-aq.com/v1/devices/MOD-00620/data/733088442
197.69,578.47,"{'lat': None, 'lon': None}","{'rh': 48.7, 'temp': 25.4, 'wd': 0.0, 'ws': 0.0, 'ws_scalar': 0.0}","{'gas': {'co': 18144, 'co2': 13267, 'no': 18145, 'no2': 18146, 'o3': 18147}, 'pm': {'pm1': 13221, 'pm10': 13223, 'pm25': 13222}}",1.8,4.12,24.33,4.47,6.0,5.04,733086487,48.7,MOD-00620,25.4,2026-07-18T20:06:00,2026-07-18T13:06:00,https://api.quant-aq.com/v1/devices/MOD-00620/data/733086281
197.36,577.86,"{'lat': None, 'lon': None}","{'rh': 48.0, 'temp': 25.4, 'wd': 0.0, 'ws': 0.0, 'ws_scalar': 0.0}","{'gas': {'co': 18144, 'co2': 13267, 'no': 18145, 'no2': 18146, 'o3': 18147}, 'pm': {'pm1': 13221, 'pm10': 13223, 'pm25': 13222}}",1.87,4.17,23.47,5.95,14.58,6.56,733086486,48.0,MOD-00620,25.4,2026-07-18T20:05:00,2026-07-18T13:05:00,https://api.quant-aq.com/v1/devices/MOD-00620/data/733086279
199.79,578.71,"{'lat': None, 'lon': None}","{'rh': 47.3, 'temp': 25.3, 'wd': 0.0, 'ws': 0.0, 'ws_scalar': 0.0}","{'gas': {'co': 18144, 'co2': 13267, 'no': 18145, 'no2': 18146, 'o3': 18147}, 'pm': {'pm1': 13221, 'pm10': 13223, 'pm25': 13222}}",1.82,4.16,25.31,5.27,7.02,5.88,733086485,47.3,MOD-00620,25.3,2026-07-18T20:04:00,2026-07-18T13:04:00,https://api.quant-aq.com/v1/devices/MOD-00620/data/733086280
205.46,576.66,"{'lat': None, 'lon': None}","{'rh': 47.4, 'temp': 25.3, 'wd': 0.0, 'ws': 0.0, 'ws_scalar': 0.0}","{'gas': {'co': 18144, 'co2': 13267, 'no': 18145, 'no2': 18146, 'o3': 18147}, 'pm': {'pm1': 13221, 'pm10': 13223, 'pm25': 13222}}",1.75,4.17,27.75,6.22,8.06,6.75,733086484,47.4,MOD-00620,25.3,2026-07-18T20:03:00,2026-07-18T13:03:00,https://api.quant-aq.com/v1/devices/MOD-00620/data/733086278
205.03,581.48,"{'lat': None, 'lon': None}","{'rh': 48.6, 'temp': 25.3, 'wd': 0.0, 'ws': 0.0, 'ws_scalar': 0.0}","{'gas': {'co': 18144, 'co2': 13267, 'no': 18145, 'no2': 18146, 'o3': 18147}, 'pm': {'pm1': 13221, 'pm10': 13223, 'pm25': 13222}}",2.94,4.01,27.9,5.34,6.69,5.97,733084285,48.6,MOD-00620,25.3,2026-07-18T20:02:00,2026-07-18T13:02:00,https://api.quant-aq.com/v1/devices/MOD-00620/data/733084080
201.8,580.15,"{'lat': None, 'lon': None}","{'rh': 50.7, 'temp': 25.2, 'wd': 0.0, 'ws': 0.0, 'ws_scalar': 0.0}","{'gas': {'co': 18144, 'co2': 13267, 'no': 18145, 'no2': 18146, 'o3': 18147}, 'pm': {'pm1': 13221, 'pm10': 13223, 'pm25': 13222}}",1.93,4.46,24.55,4.71,10.37,5.31,733084287,50.7,MOD-00620,25.2,2026-07-18T20:01:00,2026-07-18T13:01:00,https://api.quant-aq.com/v1/devices/MOD-00620/data/733084082
207.6,581.36,"{'lat': None, 'lon': None}","{'rh': 49.3, 'temp': 25.1, 'wd': 0.0, 'ws': 0.0, 'ws_scalar': 0.0}","{'gas': {'co': 18144, 'co2': 13267, 'no': 18145, 'no2': 18146, 'o3': 18147}, 'pm': {'pm1': 13221, 'pm10': 13223, 'pm25': 13222}}",1.69,3.97,26.64,4.9,6.95,5.31,733084284,49.3,MOD-00620,25.1,2026-07-18T20:00:00,2026-07-18T13:00:00,https://api.quant-aq.com/v1/devices/MOD-00620/data/733084078
203.26,579.43,"{'lat': None, 'lon': None}","{'rh': 50.8, 'temp': 25.1, 'wd': 0.0, 'ws': 0.0, 'ws_scalar': 0.0}","{'gas': {'co': 18144, 'co2': 13267, 'no': 18145, 'no2': 18146, 'o3': 18147}, 'pm': {'pm1': 13221, 'pm10': 13223, 'pm25': 13222}}",1.76,4.34,24.02,3.63,8.26,4.16,733084283,50.8,MOD-00620,25.1,2026-07-18T19:59:00,2026-07-18T12:59:00,https://api.quant-aq.com/v1/devices/MOD-00620/data/733084077
218.55,581.96,"{'lat': None, 'lon': None}","{'rh': 49.9, 'temp': 25.0, 'wd': 0.0, 'ws': 0.0, 'ws_scalar': 0.0}","{'gas': {'co': 18144, 'co2': 13267, 'no': 18145, 'no2': 18146, 'o3': 18147}, 'pm': {'pm1': 13221, 'pm10': 13223, 'pm25': 13222}}",1.76,4.13,24.71,2.99,3.96,3.46,733082083,49.9,MOD-00620,25.0,2026-07-18T19:58:00,2026-07-18T12:58:00,https://api.quant-aq.com/v1/devices/MOD-00620/data/733081877
256.22,579.31,"{'lat': None, 'lon': None}","{'rh': 49.4, 'temp': 25.0, 'wd': 0.0, 'ws': 0.0, 'ws_scalar': 0.0}","{'gas': {'co': 18144, 'co2': 13267, 'no': 18145, 'no2': 18146, 'o3': 18147}, 'pm': {'pm1': 13221, 'pm10': 13223, 'pm25': 13222}}",1.95,4.19,24.5,5.6,9.41,5.91,733082084,49.4,MOD-00620,25.0,2026-07-18T19:57:00,2026-07-18T12:57:00,https://api.quant-aq.com/v1/devices/MOD-00620/data/733081878
197.56,578.71,"{'lat': None, 'lon': None}","{'rh': 48.1, 'temp': 24.9, 'wd': 0.0, 'ws': 0.0, 'ws_scalar': 0.0}","{'gas': {'co': 18144, 'co2': 13267, 'no': 18145, 'no2': 18146, 'o3': 18147}, 'pm': {'pm1': 13221, 'pm10': 13223, 'pm25': 13222}}",1.85,3.97,25.88,5.24,5.64,5.57,733082081,48.1,MOD-00620,24.9,2026-07-18T19:56:00,2026-07-18T12:56:00,https://api.quant-aq.com/v1/devices/MOD-00620/data/733081875
199.72,581.48,"{'lat': None, 'lon': None}","{'rh': 49.1, 'temp': 24.9, 'wd': 0.0, 'ws': 0.0, 'ws_scalar': 0.0}","{'gas': {'co': 18144, 'co2': 13267, 'no': 18145, 'no2': 18146, 'o3': 18147}, 'pm': {'pm1': 13221, 'pm10': 13223, 'pm25': 13222}}",1.75,3.99,25.07,5.23,5.95,5.61,733082082,49.1,MOD-00620,24.9,2026-07-18T19:55:00,2026-07-18T12:55:00,https://api.quant-aq.com/v1/devices/MOD-00620/data/733081876
204.57,582.68,"{'lat': None, 'lon': None}","{'rh': 49.2, 'temp': 24.9, 'wd': 0.0, 'ws': 0.0, 'ws_scalar': 0.0}","{'gas': {'co': 18144, 'co2': 13267, 'no': 18145, 'no2': 18146, 'o3': 18147}, 'pm': {'pm1': 13221, 'pm10': 13223, 'pm25': 13222}}",1.84,3.91,26.01,5.64,9.26,6.19,733079891,49.2,MOD-00620,24.9,2026-07-18T19:54:00,2026-07-18T12:54:00,https://api.quant-aq.com/v1/devices/MOD-00620/data/733079686
202.95,581.96,"{'lat': None, 'lon': None}","{'rh': 49.6, 'temp': 24.8, 'wd': 0.0, 'ws': 0.0, 'ws_scalar': 0.0}","{'gas': {'co': 18144, 'co2': 13267, 'no': 18145, 'no2': 18146, 'o3': 18147}, 'pm': {'pm1': 13221, 'pm10': 13223, 'pm25': 13222}}",1.76,3.91,25.74,4.38,6.14,4.84,733079892,49.6,MOD-00620,24.8,2026-07-18T19:53:00,2026-07-18T12:53:00,https://api.quant-aq.com/v1/devices/MOD-00620/data/733079685
211.34,586.17,"{'lat': None, 'lon': None}","{'rh': 50.5, 'temp': 24.8, 'wd': 0.0, 'ws': 0.0, 'ws_scalar': 0.0}","{'gas': {'co': 18144, 'co2': 13267, 'no': 18145, 'no2': 18146, 'o3': 18147}, 'pm': {'pm1': 13221, 'pm10': 13223, 'pm25': 13222}}",1.95,4.03,25.06,4.73,6.66,5.22,733079893,50.5,MOD-00620,24.8,2026-07-18T19:52:00,2026-07-18T12:52:00,https://api.quant-aq.com/v1/devices/MOD-00620/data/733079687
197.49,583.64,"{'lat': None, 'lon': None}","{'rh': 50.8, 'temp': 24.7, 'wd': 0.0, 'ws': 0.0, 'ws_scalar': 0.0}","{'gas': {'co': 18144, 'co2': 13267, 'no': 18145, 'no2': 18146, 'o3': 18147}, 'pm': {'pm1': 13221, 'pm10': 13223, 'pm25': 13222}}",1.79,4.13,24.68,4.5,10.79,4.93,733079888,50.8,MOD-00620,24.7,2026-07-18T19:51:00,2026-07-18T12:51:00,https://api.quant-aq.com/v1/devices/MOD-00620/data/733079683
193.88,583.4,"{'lat': None, 'lon': None}","{'rh': 50.1, 'temp': 24.7, 'wd': 0.0, 'ws': 0.0, 'ws_scalar': 0.0}","{'gas': {'co': 18144, 'co2': 13267, 'no': 18145, 'no2': 18146, 'o3': 18147}, 'pm': {'pm1': 13221, 'pm10': 13223, 'pm25': 13222}}",2.01,4.11,24.73,5.39,7.25,6.02,733077700,50.1,MOD-00620,24.7,2026-07-18T19:50:00,2026-07-18T12:50:00,https://api.quant-aq.com/v1/devices/MOD-00620/data/733077494
194.98,583.16,"{'lat': None, 'lon': None}","{'rh': 49.7, 'temp': 24.7, 'wd': 0.0, 'ws': 0.0, 'ws_scalar': 0.0}","{'gas': {'co': 18144, 'co2': 13267, 'no': 18145, 'no2': 18146, 'o3': 18147}, 'pm': {'pm1': 13221, 'pm10': 13223, 'pm25': 13222}}",2.04,3.97,23.55,4.55,9.02,4.98,733077698,49.7,MOD-00620,24.7,2026-07-18T19:49:00,2026-07-18T12:49:00,https://api.quant-aq.com/v1/devices/MOD-00620/data/733077493
188.25,581.36,"{'lat': None, 'lon': None}","{'rh': 49.2, 'temp': 24.6, 'wd': 0.0, 'ws': 0.0, 'ws_scalar': 0.0}","{'gas': {'co': 18144, 'co2': 13267, 'no': 18145, 'no2': 18146, 'o3': 18147}, 'pm': {'pm1': 13221, 'pm10': 13223, 'pm25': 13222}}",1.82,3.87,24.22,6.4,17.83,7.04,733077699,49.2,MOD-00620,24.6,2026-07-18T19:48:00,2026-07-18T12:48:00,https://api.quant-aq.com/v1/devices/MOD-00620/data/733077489
201.16,581.36,"{'lat': None, 'lon': None}","{'rh': 49.5, 'temp': 24.6, 'wd': 0.0, 'ws': 0.0, 'ws_scalar': 0.0}","{'gas': {'co': 18144, 'co2': 13267, 'no': 18145, 'no2': 18146, 'o3': 18147}, 'pm': {'pm1': 13221, 'pm10': 13223, 'pm25': 13222}}",2.04,3.91,22.92,6.2,12.23,6.65,733077697,49.5,MOD-00620,24.6,2026-07-18T19:47:00,2026-07-18T12:47:00,https://api.quant-aq.com/v1/devices/MOD-00620/data/733077490
192.35,582.2,"{'lat': None, 'lon': None}","{'rh': 49.2, 'temp': 24.6, 'wd': 0.0, 'ws': 0.0, 'ws_scalar': 0.0}","{'gas': {'co': 18144, 'co2': 13267, 'no': 18145, 'no2': 18146, 'o3': 18147}, 'pm': {'pm1': 13221, 'pm10': 13223, 'pm25': 13222}}",1.94,3.9,23.06,6.15,8.08,6.73,733075499,49.2,MOD-00620,24.6,2026-07-18T19:46:00,2026-07-18T12:46:00,https://api.quant-aq.com/v1/devices/MOD-00620/data/733075294
197.54,581.6,"{'lat': None, 'lon': None}","{'rh': 49.4, 'temp': 24.6, 'wd': 0.0, 'ws': 0.0, 'ws_scalar': 0.0}","{'gas': {'co': 18144, 'co2': 13267, 'no': 18145, 'no2': 18146, 'o3': 18147}, 'pm': {'pm1': 13221, 'pm10': 13223, 'pm25': 13222}}",2.04,3.84,24.33,6.08,15.69,6.58,733075500,49.4,MOD-00620,24.6,2026-07-18T19:45:00,2026-07-18T12:45:00,https://api.quant-aq.com/v1/devices/MOD-00620/data/733075293
194.45,581.96,"{'lat': None, 'lon': None}","{'rh': 50.3, 'temp': 24.6, 'wd': 0.0, 'ws': 0.0, 'ws_scalar': 0.0}","{'gas': {'co': 18144, 'co2': 13267, 'no': 18145, 'no2': 18146, 'o3': 18147}, 'pm': {'pm1': 13221, 'pm10': 13223, 'pm25': 13222}}",1.84,3.92,22.73,6.37,9.5,7.17,733075498,50.3,MOD-00620,24.6,2026-07-18T19:44:00,2026-07-18T12:44:00,https://api.quant-aq.com/v1/devices/MOD-00620/data/733075292
199.37,582.56,"{'lat': None, 'lon': None}","{'rh': 50.3, 'temp': 24.6, 'wd': 0.0, 'ws': 0.0, 'ws_scalar': 0.0}","{'gas': {'co': 18144, 'co2': 13267, 'no': 18145, 'no2': 18146, 'o3': 18147}, 'pm': {'pm1': 13221, 'pm10': 13223, 'pm25': 13222}}",1.89,3.92,22.73,6.17,7.54,6.85,733075497,50.3,MOD-00620,24.6,2026-07-18T19:43:00,2026-07-18T12:43:00,https://api.quant-aq.com/v1/devices/MOD-00620/data/733075291
201.48,585.93,"{'lat': None, 'lon': None}","{'rh': 50.8, 'temp': 24.6, 'wd': 0.0, 'ws': 0.0, 'ws_scalar': 0.0}","{'gas': {'co': 18144, 'co2': 13267, 'no': 18145, 'no2': 18146, 'o3': 18147}, 'pm': {'pm1': 13221, 'pm10': 13223, 'pm25': 13222}}",1.99,3.92,22.24,6.02,10.72,6.63,733073343,50.8,MOD-00620,24.6,2026-07-18T19:42:00,2026-07-18T12:42:00,https://api.quant-aq.com/v1/devices/MOD-00620/data/733073137
216.31,587.02,"{'lat': None, 'lon': None}","{'rh': 50.7, 'temp': 24.6, 'wd': 0.0, 'ws': 0.0, 'ws_scalar': 0.0}","{'gas': {'co': 18144, 'co2': 13267, 'no': 18145, 'no2': 18146, 'o3': 18147}, 'pm': {'pm1': 13221, 'pm10': 13223, 'pm25': 13222}}",1.76,3.98,22.46,5.68,9.05,6.44,733073345,50.7,MOD-00620,24.6,2026-07-18T19:41:00,2026-07-18T12:41:00,https://api.quant-aq.com/v1/devices/MOD-00620/data/733073139
260.74,588.22,"{'lat': None, 'lon': None}","{'rh': 50.5, 'temp': 24.6, 'wd': 0.0, 'ws': 0.0, 'ws_scalar': 0.0}","{'gas': {'co': 18144, 'co2': 13267, 'no': 18145, 'no2': 18146, 'o3': 18147}, 'pm': {'pm1': 13221, 'pm10': 13223, 'pm25': 13222}}",2.17,3.9,22.38,4.56,6.26,5.06,733073344,50.5,MOD-00620,24.6,2026-07-18T19:40:00,2026-07-18T12:40:00,https://api.quant-aq.com/v1/devices/MOD-00620/data/733073138
473.48,585.33,"{'lat': None, 'lon': None}","{'rh': 50.5, 'temp': 24.5, 'wd': 0.0, 'ws': 0.0, 'ws_scalar': 0.0}","{'gas': {'co': 18144, 'co2': 13267, 'no': 18145, 'no2': 18146, 'o3': 18147}, 'pm': {'pm1': 13221, 'pm10': 13223, 'pm25': 13222}}",2.19,3.91,22.73,5.03,8.7,5.61,733073342,50.5,MOD-00620,24.5,2026-07-18T19:39:00,2026-07-18T12:39:00,https://api.quant-aq.com/v1/devices/MOD-00620/data/733073136
206.7,584.85,"{'lat': None, 'lon': None}","{'rh': 50.8, 'temp': 24.5, 'wd': 0.0, 'ws': 0.0, 'ws_scalar': 0.0}","{'gas': {'co': 18144, 'co2': 13267, 'no': 18145, 'no2': 18146, 'o3': 18147}, 'pm': {'pm1': 13221, 'pm10': 13223, 'pm25': 13222}}",2.14,3.86,23.87,5.4,8.3,6.0,733071168,50.8,MOD-00620,24.5,2026-07-18T19:38:00,2026-07-18T12:38:00,https://api.quant-aq.com/v1/devices/MOD-00620/data/733070962
211.95,582.08,"{'lat': None, 'lon': None}","{'rh': 51.5, 'temp': 24.5, 'wd': 0.0, 'ws': 0.0, 'ws_scalar': 0.0}","{'gas': {'co': 18144, 'co2': 13267, 'no': 18145, 'no2': 18146, 'o3': 18147}, 'pm': {'pm1': 13221, 'pm10': 13223, 'pm25': 13222}}",2.09,3.96,22.99,4.1,6.97,4.8,733071167,51.5,MOD-00620,24.5,2026-07-18T19:37:00,2026-07-18T12:37:00,https://api.quant-aq.com/v1/devices/MOD-00620/data/733070961
199.78,585.81,"{'lat': None, 'lon': None}","{'rh': 51.3, 'temp': 24.5, 'wd': 0.0, 'ws': 0.0, 'ws_scalar': 0.0}","{'gas': {'co': 18144, 'co2': 13267, 'no': 18145, 'no2': 18146, 'o3': 18147}, 'pm': {'pm1': 13221, 'pm10': 13223, 'pm25': 13222}}",1.99,3.95,22.55,6.24,8.88,6.94,733071166,51.3,MOD-00620,24.5,2026-07-18T19:36:00,2026-07-18T12:36:00,https://api.quant-aq.com/v1/devices/MOD-00620/data/733070960
188.03,587.38,"{'lat': None, 'lon': None}","{'rh': 51.1, 'temp': 24.5, 'wd': 0.0, 'ws': 0.0, 'ws_scalar': 0.0}","{'gas': {'co': 18144, 'co2': 13267, 'no': 18145, 'no2': 18146, 'o3': 18147}, 'pm': {'pm1': 13221, 'pm10': 13223, 'pm25': 13222}}",2.44,3.95,21.65,5.68,9.92,6.29,733071165,51.1,MOD-00620,24.5,2026-07-18T19:35:00,2026-07-18T12:35:00,https://api.quant-aq.com/v1/devices/MOD-00620/data/733070959
190.76,584.73,"{'lat': None, 'lon': None}","{'rh': 51.3, 'temp': 24.5, 'wd': 0.0, 'ws': 0.0, 'ws_scalar': 0.0}","{'gas': {'co': 18144, 'co2': 13267, 'no': 18145, 'no2': 18146, 'o3': 18147}, 'pm': {'pm1': 13221, 'pm10': 13223, 'pm25': 13222}}",2.04,3.92,21.3,5.39,10.61,6.2,733068969,51.3,MOD-00620,24.5,2026-07-18T19:34:00,2026-07-18T12:34:00,https://api.quant-aq.com/v1/devices/MOD-00620/data/733068763
185.44,582.08,"{'lat': None, 'lon': None}","{'rh': 50.7, 'temp': 24.5, 'wd': 0.0, 'ws': 0.0, 'ws_scalar': 0.0}","{'gas': {'co': 18144, 'co2': 13267, 'no': 18145, 'no2': 18146, 'o3': 18147}, 'pm': {'pm1': 13221, 'pm10': 13223, 'pm25': 13222}}",1.99,3.91,21.8,6.36,11.09,7.19,733068968,50.7,MOD-00620,24.5,2026-07-18T19:33:00,2026-07-18T12:33:00,https://api.quant-aq.com/v1/devices/MOD-00620/data/733068762
180.57,583.4,"{'lat': None, 'lon': None}","{'rh': 50.2, 'temp': 24.6, 'wd': 0.0, 'ws': 0.0, 'ws_scalar': 0.0}","{'gas': {'co': 18144, 'co2': 13267, 'no': 18145, 'no2': 18146, 'o3': 18147}, 'pm': {'pm1': 13221, 'pm10': 13223, 'pm25': 13222}}",2.09,3.81,23.36,5.26,6.71,5.79,733068962,50.2,MOD-00620,24.6,2026-07-18T19:32:00,2026-07-18T12:32:00,https://api.quant-aq.com/v1/devices/MOD-00620/data/733068757
187.8,583.89,"{'lat': None, 'lon': None}","{'rh': 51.0, 'temp': 24.6, 'wd': 0.0, 'ws': 0.0, 'ws_scalar': 0.0}","{'gas': {'co': 18144, 'co2': 13267, 'no': 18145, 'no2': 18146, 'o3': 18147}, 'pm': {'pm1': 13221, 'pm10': 13223, 'pm25': 13222}}",2.77,3.9,22.35,4.96,6.31,5.55,733068964,51.0,MOD-00620,24.6,2026-07-18T19:31:00,2026-07-18T12:31:00,https://api.quant-aq.com/v1/devices/MOD-00620/data/733068758
190.47,585.21,"{'lat': None, 'lon': None}","{'rh': 50.7, 'temp': 24.6, 'wd': 0.0, 'ws': 0.0, 'ws_scalar': 0.0}","{'gas': {'co': 18144, 'co2': 13267, 'no': 18145, 'no2': 18146, 'o3': 18147}, 'pm': {'pm1': 13221, 'pm10': 13223, 'pm25': 13222}}",1.79,3.92,21.33,5.43,8.19,6.18,733066793,50.7,MOD-00620,24.6,2026-07-18T19:30:00,2026-07-18T12:30:00,https://api.quant-aq.com/v1/devices/MOD-00620/data/733066587
193.16,582.32,"{'lat': None, 'lon': None}","{'rh': 49.8, 'temp': 24.6, 'wd': 0.0, 'ws': 0.0, 'ws_scalar': 0.0}","{'gas': {'co': 18144, 'co2': 13267, 'no': 18145, 'no2': 18146, 'o3': 18147}, 'pm': {'pm1': 13221, 'pm10': 13223, 'pm25': 13222}}",2.3,3.79,22.39,6.35,8.94,7.19,733066794,49.8,MOD-00620,24.6,2026-07-18T19:29:00,2026-07-18T12:29:00,https://api.quant-aq.com/v1/devices/MOD-00620/data/733066588
195.11,580.87,"{'lat': None, 'lon': None}","{'rh': 50.1, 'temp': 24.7, 'wd': 0.0, 'ws': 0.0, 'ws_scalar': 0.0}","{'gas': {'co': 18144, 'co2': 13267, 'no': 18145, 'no2': 18146, 'o3': 18147}, 'pm': {'pm1': 13221, 'pm10': 13223, 'pm25': 13222}}",1.94,3.85,21.86,5.61,10.27,6.2,733066795,50.1,MOD-00620,24.7,2026-07-18T19:28:00,2026-07-18T12:28:00,https://api.quant-aq.com/v1/devices/MOD-00620/data/733066589
191.69,581.84,"{'lat': None, 'lon': None}","{'rh': 50.3, 'temp': 24.7, 'wd': 0.0, 'ws': 0.0, 'ws_scalar': 0.0}","{'gas': {'co': 18144, 'co2': 13267, 'no': 18145, 'no2': 18146, 'o3': 18147}, 'pm': {'pm1': 13221, 'pm10': 13223, 'pm25': 13222}}",2.34,3.82,22.42,5.31,7.29,5.96,733066792,50.3,MOD-00620,24.7,2026-07-18T19:27:00,2026-07-18T12:27:00,https://api.quant-aq.com/v1/devices/MOD-00620/data/733066586
191.4,583.77,"{'lat': None, 'lon': None}","{'rh': 50.7, 'temp': 24.7, 'wd': 0.0, 'ws': 0.0, 'ws_scalar': 0.0}","{'gas': {'co': 18144, 'co2': 13267, 'no': 18145, 'no2': 18146, 'o3': 18147}, 'pm': {'pm1': 13221, 'pm10': 13223, 'pm25': 13222}}",1.84,3.88,21.57,3.96,16.75,4.75,733064600,50.7,MOD-00620,24.7,2026-07-18T19:26:00,2026-07-18T12:26:00,https://api.quant-aq.com/v1/devices/MOD-00620/data/733064395
211.79,581.6,"{'lat': None, 'lon': None}","{'rh': 49.7, 'temp': 24.7, 'wd': 0.0, 'ws': 0.0, 'ws_scalar': 0.0}","{'gas': {'co': 18144, 'co2': 13267, 'no': 18145, 'no2': 18146, 'o3': 18147}, 'pm': {'pm1': 13221, 'pm10': 13223, 'pm25': 13222}}",1.84,3.82,23.17,5.14,8.97,5.82,733064599,49.7,MOD-00620,24.7,2026-07-18T19:25:00,2026-07-18T12:25:00,https://api.quant-aq.com/v1/devices/MOD-00620/data/733064393
255.04,585.33,"{'lat': None, 'lon': None}","{'rh': 50.6, 'temp': 24.7, 'wd': 0.0, 'ws': 0.0, 'ws_scalar': 0.0}","{'gas': {'co': 18144, 'co2': 13267, 'no': 18145, 'no2': 18146, 'o3': 18147}, 'pm': {'pm1': 13221, 'pm10': 13223, 'pm25': 13222}}",2.2,3.91,21.45,5.14,6.37,5.85,733064598,50.6,MOD-00620,24.7,2026-07-18T19:24:00,2026-07-18T12:24:00,https://api.quant-aq.com/v1/devices/MOD-00620/data/733064392
247.46,578.83,"{'lat': None, 'lon': None}","{'rh': 50.3, 'temp': 24.7, 'wd': 0.0, 'ws': 0.0, 'ws_scalar': 0.0}","{'gas': {'co': 18144, 'co2': 13267, 'no': 18145, 'no2': 18146, 'o3': 18147}, 'pm': {'pm1': 13221, 'pm10': 13223, 'pm25': 13222}}",1.89,3.84,21.39,5.28,6.8,5.88,733064597,50.3,MOD-00620,24.7,2026-07-18T19:23:00,2026-07-18T12:23:00,https://api.quant-aq.com/v1/devices/MOD-00620/data/733064391
200.99,583.4,"{'lat': None, 'lon': None}","{'rh': 49.9, 'temp': 24.7, 'wd': 0.0, 'ws': 0.0, 'ws_scalar': 0.0}","{'gas': {'co': 18144, 'co2': 13267, 'no': 18145, 'no2': 18146, 'o3': 18147}, 'pm': {'pm1': 13221, 'pm10': 13223, 'pm25': 13222}}",1.79,3.96,20.35,5.64,7.05,6.23,733062432,49.9,MOD-00620,24.7,2026-07-18T19:22:00,2026-07-18T12:22:00,https://api.quant-aq.com/v1/devices/MOD-00620/data/733062226
197.57,582.2,"{'lat': None, 'lon': None}","{'rh': 48.5, 'temp': 24.8, 'wd': 0.0, 'ws': 0.0, 'ws_scalar': 0.0}","{'gas': {'co': 18144, 'co2': 13267, 'no': 18145, 'no2': 18146, 'o3': 18147}, 'pm': {'pm1': 13221, 'pm10': 13223, 'pm25': 13222}}",2.03,3.92,22.37,6.21,7.72,6.85,733062435,48.5,MOD-00620,24.8,2026-07-18T19:21:00,2026-07-18T12:21:00,https://api.quant-aq.com/v1/devices/MOD-00620/data/733062228
188.82,580.03,"{'lat': None, 'lon': None}","{'rh': 48.7, 'temp': 24.8, 'wd': 0.0, 'ws': 0.0, 'ws_scalar': 0.0}","{'gas': {'co': 18144, 'co2': 13267, 'no': 18145, 'no2': 18146, 'o3': 18147}, 'pm': {'pm1': 13221, 'pm10': 13223, 'pm25': 13222}}",2.63,3.9,22.94,5.42,8.4,6.07,733062434,48.7,MOD-00620,24.8,2026-07-18T19:20:00,2026-07-18T12:20:00,https://api.quant-aq.com/v1/devices/MOD-00620/data/733062229
190.73,581.72,"{'lat': None, 'lon': None}","{'rh': 48.9, 'temp': 24.8, 'wd': 0.0, 'ws': 0.0, 'ws_scalar': 0.0}","{'gas': {'co': 18144, 'co2': 13267, 'no': 18145, 'no2': 18146, 'o3': 18147}, 'pm': {'pm1': 13221, 'pm10': 13223, 'pm25': 13222}}",2.04,3.87,22.68,5.25,6.55,5.78,733062433,48.9,MOD-00620,24.8,2026-07-18T19:19:00,2026-07-18T12:19:00,https://api.quant-aq.com/v1/devices/MOD-00620/data/733062227
196.74,582.32,"{'lat': None, 'lon': None}","{'rh': 49.1, 'temp': 24.8, 'wd': 0.0, 'ws': 0.0, 'ws_scalar': 0.0}","{'gas': {'co': 18144, 'co2': 13267, 'no': 18145, 'no2': 18146, 'o3': 18147}, 'pm': {'pm1': 13221, 'pm10': 13223, 'pm25': 13222}}",2.64,3.86,22.08,5.5,7.8,6.08,733060280,49.1,MOD-00620,24.8,2026-07-18T19:18:00,2026-07-18T12:18:00,https://api.quant-aq.com/v1/devices/MOD-00620/data/733060074
203.87,581.36,"{'lat': None, 'lon': None}","{'rh': 49.3, 'temp': 24.7, 'wd': 0.0, 'ws': 0.0, 'ws_scalar': 0.0}","{'gas': {'co': 18144, 'co2': 13267, 'no': 18145, 'no2': 18146, 'o3': 18147}, 'pm': {'pm1': 13221, 'pm10': 13223, 'pm25': 13222}}",1.99,3.82,21.75,5.65,7.29,6.26,733060277,49.3,MOD-00620,24.7,2026-07-18T19:17:00,2026-07-18T12:17:00,https://api.quant-aq.com/v1/devices/MOD-00620/data/733060071
204.95,581.48,"{'lat': None, 'lon': None}","{'rh': 50.1, 'temp': 24.7, 'wd': 0.0, 'ws': 0.0, 'ws_scalar': 0.0}","{'gas': {'co': 18144, 'co2': 13267, 'no': 18145, 'no2': 18146, 'o3': 18147}, 'pm': {'pm1': 13221, 'pm10': 13223, 'pm25': 13222}}",2.78,3.77,21.23,4.9,6.43,5.48,733060278,50.1,MOD-00620,24.7,2026-07-18T19:16:00,2026-07-18T12:16:00,https://api.quant-aq.com/v1/devices/MOD-00620/data/733060072
202.0,580.15,"{'lat': None, 'lon': None}","{'rh': 50.8, 'temp': 24.7, 'wd': 0.0, 'ws': 0.0, 'ws_scalar': 0.0}","{'gas': {'co': 18144, 'co2': 13267, 'no': 18145, 'no2': 18146, 'o3': 18147}, 'pm': {'pm1': 13221, 'pm10': 13223, 'pm25': 13222}}",2.2,3.96,18.91,4.77,6.57,5.4,733060279,50.8,MOD-00620,24.7,2026-07-18T19:15:00,2026-07-18T12:15:00,https://api.quant-aq.com/v1/devices/MOD-00620/data/733060073
202.77,583.77,"{'lat': None, 'lon': None}","{'rh': 49.7, 'temp': 24.7, 'wd': 0.0, 'ws': 0.0, 'ws_scalar': 0.0}","{'gas': {'co': 18144, 'co2': 13267, 'no': 18145, 'no2': 18146, 'o3': 18147}, 'pm': {'pm1': 13221, 'pm10': 13223, 'pm25': 13222}}",1.79,3.83,20.31,5.46,10.54,6.08,733058058,49.7,MOD-00620,24.7,2026-07-18T19:14:00,2026-07-18T12:14:00,https://api.quant-aq.com/v1/devices/MOD-00620/data/733057852
205.16,582.32,"{'lat': None, 'lon': None}","{'rh': 49.8, 'temp': 24.7, 'wd': 0.0, 'ws': 0.0, 'ws_scalar': 0.0}","{'gas': {'co': 18144, 'co2': 13267, 'no': 18145, 'no2': 18146, 'o3': 18147}, 'pm': {'pm1': 13221, 'pm10': 13223, 'pm25': 13222}}",2.77,3.79,21.13,5.85,8.14,6.57,733058057,49.8,MOD-00620,24.7,2026-07-18T19:13:00,2026-07-18T12:13:00,https://api.quant-aq.com/v1/devices/MOD-00620/data/733057851
212.83,585.45,"{'lat': None, 'lon': None}","{'rh': 50.4, 'temp': 24.6, 'wd': 0.0, 'ws': 0.0, 'ws_scalar': 0.0}","{'gas': {'co': 18144, 'co2': 13267, 'no': 18145, 'no2': 18146, 'o3': 18147}, 'pm': {'pm1': 13221, 'pm10': 13223, 'pm25': 13222}}",4.08,3.75,20.64,6.26,11.55,6.81,733058055,50.4,MOD-00620,24.6,2026-07-18T19:12:00,2026-07-18T12:12:00,https://api.quant-aq.com/v1/devices/MOD-00620/data/733057849
206.6,584.61,"{'lat': None, 'lon': None}","{'rh': 51.1, 'temp': 24.6, 'wd': 0.0, 'ws': 0.0, 'ws_scalar': 0.0}","{'gas': {'co': 18144, 'co2': 13267, 'no': 18145, 'no2': 18146, 'o3': 18147}, 'pm': {'pm1': 13221, 'pm10': 13223, 'pm25': 13222}}",1.78,3.9,20.52,4.58,12.12,5.0,733058056,51.1,MOD-00620,24.6,2026-07-18T19:11:00,2026-07-18T12:11:00,https://api.quant-aq.com/v1/devices/MOD-00620/data/733057850
216.94,584.97,"{'lat': None, 'lon': None}","{'rh': 51.4, 'temp': 24.5, 'wd': 0.0, 'ws': 0.0, 'ws_scalar': 0.0}","{'gas': {'co': 18144, 'co2': 13267, 'no': 18145, 'no2': 18146, 'o3': 18147}, 'pm': {'pm1': 13221, 'pm10': 13223, 'pm25': 13222}}",2.09,3.81,20.88,4.91,9.5,5.51,733055879,51.4,MOD-00620,24.5,2026-07-18T19:10:00,2026-07-18T12:10:00,https://api.quant-aq.com/v1/devices/MOD-00620/data/733055672
214.03,587.02,"{'lat': None, 'lon': None}","{'rh': 51.3, 'temp': 24.4, 'wd': 0.0, 'ws': 0.0, 'ws_scalar': 0.0}","{'gas': {'co': 18144, 'co2': 13267, 'no': 18145, 'no2': 18146, 'o3': 18147}, 'pm': {'pm1': 13221, 'pm10': 13223, 'pm25': 13222}}",2.18,3.75,21.6,5.4,6.46,6.11,733055880,51.3,MOD-00620,24.4,2026-07-18T19:09:00,2026-07-18T12:09:00,https://api.quant-aq.com/v1/devices/MOD-00620/data/733055674
213.8,586.29,"{'lat': None, 'lon': None}","{'rh': 52.2, 'temp': 24.4, 'wd': 0.0, 'ws': 0.0, 'ws_scalar': 0.0}","{'gas': {'co': 18144, 'co2': 13267, 'no': 18145, 'no2': 18146, 'o3': 18147}, 'pm': {'pm1': 13221, 'pm10': 13223, 'pm25': 13222}}",3.18,3.77,21.41,5.08,7.93,5.66,733055878,52.2,MOD-00620,24.4,2026-07-18T19:08:00,2026-07-18T12:08:00,https://api.quant-aq.com/v1/devices/MOD-00620/data/733055673
206.17,583.04,"{'lat': None, 'lon': None}","{'rh': 52.4, 'temp': 24.3, 'wd': 0.0, 'ws': 0.0, 'ws_scalar': 0.0}","{'gas': {'co': 18144, 'co2': 13267, 'no': 18145, 'no2': 18146, 'o3': 18147}, 'pm': {'pm1': 13221, 'pm10': 13223, 'pm25': 13222}}",1.76,4.16,19.26,5.4,11.46,5.83,733055877,52.4,MOD-00620,24.3,2026-07-18T19:07:00,2026-07-18T12:07:00,https://api.quant-aq.com/v1/devices/MOD-00620/data/733055670
208.33,585.81,"{'lat': None, 'lon': None}","{'rh': 51.5, 'temp': 24.2, 'wd': 0.0, 'ws': 0.0, 'ws_scalar': 0.0}","{'gas': {'co': 18144, 'co2': 13267, 'no': 18145, 'no2': 18146, 'o3': 18147}, 'pm': {'pm1': 13221, 'pm10': 13223, 'pm25': 13222}}",2.37,3.73,19.78,5.43,8.5,5.98,733053698,51.5,MOD-00620,24.2,2026-07-18T19:06:00,2026-07-18T12:06:00,https://api.quant-aq.com/v1/devices/MOD-00620/data/733053492
219.59,586.05,"{'lat': None, 'lon': None}","{'rh': 52.4, 'temp': 24.2, 'wd': 0.0, 'ws': 0.0, 'ws_scalar': 0.0}","{'gas': {'co': 18144, 'co2': 13267, 'no': 18145, 'no2': 18146, 'o3': 18147}, 'pm': {'pm1': 13221, 'pm10': 13223, 'pm25': 13222}}",2.39,3.82,19.8,5.17,7.81,5.87,733053697,52.4,MOD-00620,24.2,2026-07-18T19:05:00,2026-07-18T12:05:00,https://api.quant-aq.com/v1/devices/MOD-00620/data/733053491
219.25,585.69,"{'lat': None, 'lon': None}","{'rh': 52.3, 'temp': 24.2, 'wd': 0.0, 'ws': 0.0, 'ws_scalar': 0.0}","{'gas': {'co': 18144, 'co2': 13267, 'no': 18145, 'no2': 18146, 'o3': 18147}, 'pm': {'pm1': 13221, 'pm10': 13223, 'pm25': 13222}}",2.81,3.7,20.76,5.65,7.95,6.28,733053696,52.3,MOD-00620,24.2,2026-07-18T19:04:00,2026-07-18T12:04:00,https://api.quant-aq.com/v1/devices/MOD-00620/data/733053490
223.15,585.33,"{'lat': None, 'lon': None}","{'rh': 53.6, 'temp': 24.1, 'wd': 0.0, 'ws': 0.0, 'ws_scalar': 0.0}","{'gas': {'co': 18144, 'co2': 13267, 'no': 18145, 'no2': 18146, 'o3': 18147}, 'pm': {'pm1': 13221, 'pm10': 13223, 'pm25': 13222}}",2.45,4.08,18.2,4.94,8.58,5.6,733053695,53.6,MOD-00620,24.1,2026-07-18T19:03:00,2026-07-18T12:03:00,https://api.quant-aq.com/v1/devices/MOD-00620/data/733053489
214.4,586.42,"{'lat': None, 'lon': None}","{'rh': 53.8, 'temp': 24.1, 'wd': 0.0, 'ws': 0.0, 'ws_scalar': 0.0}","{'gas': {'co': 18144, 'co2': 13267, 'no': 18145, 'no2': 18146, 'o3': 18147}, 'pm': {'pm1': 13221, 'pm10': 13223, 'pm25': 13222}}",2.62,4.09,18.64,2.66,5.58,3.44,733051479,53.8,MOD-00620,24.1,2026-07-18T19:02:00,2026-07-18T12:02:00,https://api.quant-aq.com/v1/devices/MOD-00620/data/733051272
217.43,589.67,"{'lat': None, 'lon': None}","{'rh': 54.0, 'temp': 24.0, 'wd': 0.0, 'ws': 0.0, 'ws_scalar': 0.0}","{'gas': {'co': 18144, 'co2': 13267, 'no': 18145, 'no2': 18146, 'o3': 18147}, 'pm': {'pm1': 13221, 'pm10': 13223, 'pm25': 13222}}",3.16,4.05,17.84,2.92,4.19,3.56,733051477,54.0,MOD-00620,24.0,2026-07-18T19:01:00,2026-07-18T12:01:00,https://api.quant-aq.com/v1/devices/MOD-00620/data/733051270
223.19,588.7,"{'lat': None, 'lon': None}","{'rh': 54.4, 'temp': 23.9, 'wd': 0.0, 'ws': 0.0, 'ws_scalar': 0.0}","{'gas': {'co': 18144, 'co2': 13267, 'no': 18145, 'no2': 18146, 'o3': 18147}, 'pm': {'pm1': 13221, 'pm10': 13223, 'pm25': 13222}}",2.02,4.65,17.51,2.47,10.92,2.97,733051476,54.4,MOD-00620,23.9,2026-07-18T19:00:00,2026-07-18T12:00:00,https://api.quant-aq.com/v1/devices/MOD-00620/data/733051271
239.01,587.98,"{'lat': None, 'lon': None}","{'rh': 53.9, 'temp': 23.8, 'wd': 0.0, 'ws': 0.0, 'ws_scalar': 0.0}","{'gas': {'co': 18144, 'co2': 13267, 'no': 18145, 'no2': 18146, 'o3': 18147}, 'pm': {'pm1': 13221, 'pm10': 13223, 'pm25': 13222}}",2.96,3.89,19.16,2.83,7.78,3.44,733051478,53.9,MOD-00620,23.8,2026-07-18T18:59:00,2026-07-18T11:59:00,https://api.quant-aq.com/v1/devices/MOD-00620/data/733051273
213.73,588.58,"{'lat': None, 'lon': None}","{'rh': 54.7, 'temp': 23.7, 'wd': 0.0, 'ws': 0.0, 'ws_scalar': 0.0}","{'gas': {'co': 18144, 'co2': 13267, 'no': 18145, 'no2': 18146, 'o3': 18147}, 'pm': {'pm1': 13221, 'pm10': 13223, 'pm25': 13222}}",2.1,4.49,17.88,5.07,6.87,5.88,733049329,54.7,MOD-00620,23.7,2026-07-18T18:58:00,2026-07-18T11:58:00,https://api.quant-aq.com/v1/devices/MOD-00620/data/733049122
215.46,589.07,"{'lat': None, 'lon': None}","{'rh': 54.0, 'temp': 23.7, 'wd': 0.0, 'ws': 0.0, 'ws_scalar': 0.0}","{'gas': {'co': 18144, 'co2': 13267, 'no': 18145, 'no2': 18146, 'o3': 18147}, 'pm': {'pm1': 13221, 'pm10': 13223, 'pm25': 13222}}",2.87,3.85,21.11,5.12,16.18,6.02,733049326,54.0,MOD-00620,23.7,2026-07-18T18:57:00,2026-07-18T11:57:00,https://api.quant-aq.com/v1/devices/MOD-00620/data/733049121
216.33,588.46,"{'lat': None, 'lon': None}","{'rh': 56.1, 'temp': 23.6, 'wd': 0.0, 'ws': 0.0, 'ws_scalar': 0.0}","{'gas': {'co': 18144, 'co2': 13267, 'no': 18145, 'no2': 18146, 'o3': 18147}, 'pm': {'pm1': 13221, 'pm10': 13223, 'pm25': 13222}}",2.35,4.87,16.59,4.42,6.74,5.17,733049328,56.1,MOD-00620,23.6,2026-07-18T18:56:00,2026-07-18T11:56:00,https://api.quant-aq.com/v1/devices/MOD-00620/data/733049123
218.36,588.82,"{'lat': None, 'lon': None}","{'rh': 54.8, 'temp': 23.5, 'wd': 0.0, 'ws': 0.0, 'ws_scalar': 0.0}","{'gas': {'co': 18144, 'co2': 13267, 'no': 18145, 'no2': 18146, 'o3': 18147}, 'pm': {'pm1': 13221, 'pm10': 13223, 'pm25': 13222}}",2.19,4.37,18.6,5.24,9.68,6.12,733049327,54.8,MOD-00620,23.5,2026-07-18T18:55:00,2026-07-18T11:55:00,https://api.quant-aq.com/v1/devices/MOD-00620/data/733049120
216.41,589.67,"{'lat': None, 'lon': None}","{'rh': 54.5, 'temp': 23.4, 'wd': 0.0, 'ws': 0.0, 'ws_scalar': 0.0}","{'gas': {'co': 18144, 'co2': 13267, 'no': 18145, 'no2': 18146, 'o3': 18147}, 'pm': {'pm1': 13221, 'pm10': 13223, 'pm25': 13222}}",3.23,4.01,19.37,5.99,7.37,6.69,733047155,54.5,MOD-00620,23.4,2026-07-18T18:54:00,2026-07-18T11:54:00,https://api.quant-aq.com/v1/devices/MOD-00620/data/733046949
217.08,585.33,"{'lat': None, 'lon': None}","{'rh': 55.3, 'temp': 23.4, 'wd': 0.0, 'ws': 0.0, 'ws_scalar': 0.0}","{'gas': {'co': 18144, 'co2': 13267, 'no': 18145, 'no2': 18146, 'o3': 18147}, 'pm': {'pm1': 13221, 'pm10': 13223, 'pm25': 13222}}",2.12,4.5,17.87,6.12,12.4,6.9,733047153,55.3,MOD-00620,23.4,2026-07-18T18:53:00,2026-07-18T11:53:00,https://api.quant-aq.com/v1/devices/MOD-00620/data/733046947
216.64,594.0,"{'lat': None, 'lon': None}","{'rh': 54.6, 'temp': 23.3, 'wd': 0.0, 'ws': 0.0, 'ws_scalar': 0.0}","{'gas': {'co': 18144, 'co2': 13267, 'no': 18145, 'no2': 18146, 'o3': 18147}, 'pm': {'pm1': 13221, 'pm10': 13223, 'pm25': 13222}}",2.82,3.96,19.04,4.88,6.72,5.52,733047156,54.6,MOD-00620,23.3,2026-07-18T18:52:00,2026-07-18T11:52:00,https://api.quant-aq.com/v1/devices/MOD-00620/data/733046950
216.43,587.38,"{'lat': None, 'lon': None}","{'rh': 54.9, 'temp': 23.3, 'wd': 0.0, 'ws': 0.0, 'ws_scalar': 0.0}","{'gas': {'co': 18144, 'co2': 13267, 'no': 18145, 'no2': 18146, 'o3': 18147}, 'pm': {'pm1': 13221, 'pm10': 13223, 'pm25': 13222}}",2.45,4.14,19.11,6.13,9.03,6.54,733047154,54.9,MOD-00620,23.3,2026-07-18T18:51:00,2026-07-18T11:51:00,https://api.quant-aq.com/v1/devices/MOD-00620/data/733046948
222.87,589.91,"{'lat': None, 'lon': None}","{'rh': 55.5, 'temp': 23.2, 'wd': 0.0, 'ws': 0.0, 'ws_scalar': 0.0}","{'gas': {'co': 18144, 'co2': 13267, 'no': 18145, 'no2': 18146, 'o3': 18147}, 'pm': {'pm1': 13221, 'pm10': 13223, 'pm25': 13222}}",5.27,3.82,19.94,5.61,14.73,6.27,733044935,55.5,MOD-00620,23.2,2026-07-18T18:50:00,2026-07-18T11:50:00,https://api.quant-aq.com/v1/devices/MOD-00620/data/733044729
214.96,590.27,"{'lat': None, 'lon': None}","{'rh': 58.0, 'temp': 23.2, 'wd': 0.0, 'ws': 0.0, 'ws_scalar': 0.0}","{'gas': {'co': 18144, 'co2': 13267, 'no': 18145, 'no2': 18146, 'o3': 18147}, 'pm': {'pm1': 13221, 'pm10': 13223, 'pm25': 13222}}",1.6,5.23,17.0,5.88,9.86,6.46,733044936,58.0,MOD-00620,23.2,2026-07-18T18:49:00,2026-07-18T11:49:00,https://api.quant-aq.com/v1/devices/MOD-00620/data/733044733
214.9,592.8,"{'lat': None, 'lon': None}","{'rh': 55.6, 'temp': 23.1, 'wd': 0.0, 'ws': 0.0, 'ws_scalar': 0.0}","{'gas': {'co': 18144, 'co2': 13267, 'no': 18145, 'no2': 18146, 'o3': 18147}, 'pm': {'pm1': 13221, 'pm10': 13223, 'pm25': 13222}}",2.19,4.43,17.55,5.66,6.81,6.13,733044934,55.6,MOD-00620,23.1,2026-07-18T18:48:00,2026-07-18T11:48:00,https://api.quant-aq.com/v1/devices/MOD-00620/data/733044730
215.93,590.03,"{'lat': None, 'lon': None}","{'rh': 55.3, 'temp': 23.1, 'wd': 0.0, 'ws': 0.0, 'ws_scalar': 0.0}","{'gas': {'co': 18144, 'co2': 13267, 'no': 18145, 'no2': 18146, 'o3': 18147}, 'pm': {'pm1': 13221, 'pm10': 13223, 'pm25': 13222}}",2.65,4.2,17.15,6.29,16.78,6.85,733044933,55.3,MOD-00620,23.1,2026-07-18T18:47:00,2026-07-18T11:47:00,https://api.quant-aq.com/v1/devices/MOD-00620/data/733044727
219.89,589.79,"{'lat': None, 'lon': None}","{'rh': 55.5, 'temp': 23.1, 'wd': 0.0, 'ws': 0.0, 'ws_scalar': 0.0}","{'gas': {'co': 18144, 'co2': 13267, 'no': 18145, 'no2': 18146, 'o3': 18147}, 'pm': {'pm1': 13221, 'pm10': 13223, 'pm25': 13222}}",2.54,4.21,17.59,6.17,6.92,6.6,733042728,55.5,MOD-00620,23.1,2026-07-18T18:46:00,2026-07-18T11:46:00,https://api.quant-aq.com/v1/devices/MOD-00620/data/733042521
222.83,589.91,"{'lat': None, 'lon': None}","{'rh': 55.4, 'temp': 23.1, 'wd': 0.0, 'ws': 0.0, 'ws_scalar': 0.0}","{'gas': {'co': 18144, 'co2': 13267, 'no': 18145, 'no2': 18146, 'o3': 18147}, 'pm': {'pm1': 13221, 'pm10': 13223, 'pm25': 13222}}",2.42,4.1,17.85,6.06,12.97,6.54,733042730,55.4,MOD-00620,23.1,2026-07-18T18:45:00,2026-07-18T11:45:00,https://api.quant-aq.com/v1/devices/MOD-00620/data/733042524
229.68,590.87,"{'lat': None, 'lon': None}","{'rh': 56.0, 'temp': 23.0, 'wd': 0.0, 'ws': 0.0, 'ws_scalar': 0.0}","{'gas': {'co': 18144, 'co2': 13267, 'no': 18145, 'no2': 18146, 'o3': 18147}, 'pm': {'pm1': 13221, 'pm10': 13223, 'pm25': 13222}}",2.59,4.12,19.18,5.85,12.32,6.54,733042729,56.0,MOD-00620,23.0,2026-07-18T18:44:00,2026-07-18T11:44:00,https://api.quant-aq.com/v1/devices/MOD-00620/data/733042523
229.17,592.68,"{'lat': None, 'lon': None}","{'rh': 57.3, 'temp': 23.0, 'wd': 0.0, 'ws': 0.0, 'ws_scalar': 0.0}","{'gas': {'co': 18144, 'co2': 13267, 'no': 18145, 'no2': 18146, 'o3': 18147}, 'pm': {'pm1': 13221, 'pm10': 13223, 'pm25': 13222}}",2.96,4.31,17.81,5.53,9.02,6.05,733042727,57.3,MOD-00620,23.0,2026-07-18T18:43:00,2026-07-18T11:43:00,https://api.quant-aq.com/v1/devices/MOD-00620/data/733042522
230.21,592.92,"{'lat': None, 'lon': None}","{'rh': 58.0, 'temp': 22.9, 'wd': 0.0, 'ws': 0.0, 'ws_scalar': 0.0}","{'gas': {'co': 18144, 'co2': 13267, 'no': 18145, 'no2': 18146, 'o3': 18147}, 'pm': {'pm1': 13221, 'pm10': 13223, 'pm25': 13222}}",3.21,4.55,15.32,5.92,11.52,6.77,733040573,58.0,MOD-00620,22.9,2026-07-18T18:42:00,2026-07-18T11:42:00,https://api.quant-aq.com/v1/devices/MOD-00620/data/733040366
228.29,595.21,"{'lat': None, 'lon': None}","{'rh': 58.4, 'temp': 22.9, 'wd': 0.0, 'ws': 0.0, 'ws_scalar': 0.0}","{'gas': {'co': 18144, 'co2': 13267, 'no': 18145, 'no2': 18146, 'o3': 18147}, 'pm': {'pm1': 13221, 'pm10': 13223, 'pm25': 13222}}",1.91,5.09,13.61,6.26,11.92,7.07,733040571,58.4,MOD-00620,22.9,2026-07-18T18:41:00,2026-07-18T11:41:00,https://api.quant-aq.com/v1/devices/MOD-00620/data/733040365
235.74,593.64,"{'lat': None, 'lon': None}","{'rh': 56.4, 'temp': 22.8, 'wd': 0.0, 'ws': 0.0, 'ws_scalar': 0.0}","{'gas': {'co': 18144, 'co2': 13267, 'no': 18145, 'no2': 18146, 'o3': 18147}, 'pm': {'pm1': 13221, 'pm10': 13223, 'pm25': 13222}}",2.8,4.17,15.86,6.26,8.46,7.01,733040572,56.4,MOD-00620,22.8,2026-07-18T18:40:00,2026-07-18T11:40:00,https://api.quant-aq.com/v1/devices/MOD-00620/data/733040367
231.73,594.24,"{'lat': None, 'lon': None}","{'rh': 58.6, 'temp': 22.8, 'wd': 0.0, 'ws': 0.0, 'ws_scalar': 0.0}","{'gas': {'co': 18144, 'co2': 13267, 'no': 18145, 'no2': 18146, 'o3': 18147}, 'pm': {'pm1': 13221, 'pm10': 13223, 'pm25': 13222}}",4.39,4.34,14.42,5.76,9.65,6.8,733040570,58.6,MOD-00620,22.8,2026-07-18T18:39:00,2026-07-18T11:39:00,https://api.quant-aq.com/v1/devices/MOD-00620/data/733040364
231.9,598.34,"{'lat': None, 'lon': None}","{'rh': 58.2, 'temp': 22.7, 'wd': 0.0, 'ws': 0.0, 'ws_scalar': 0.0}","{'gas': {'co': 18144, 'co2': 13267, 'no': 18145, 'no2': 18146, 'o3': 18147}, 'pm': {'pm1': 13221, 'pm10': 13223, 'pm25': 13222}}",1.69,4.89,15.38,4.08,6.66,4.85,733038436,58.2,MOD-00620,22.7,2026-07-18T18:38:00,2026-07-18T11:38:00,https://api.quant-aq.com/v1/devices/MOD-00620/data/733038231
227.32,599.42,"{'lat': None, 'lon': None}","{'rh': 58.3, 'temp': 22.7, 'wd': 0.0, 'ws': 0.0, 'ws_scalar': 0.0}","{'gas': {'co': 18144, 'co2': 13267, 'no': 18145, 'no2': 18146, 'o3': 18147}, 'pm': {'pm1': 13221, 'pm10': 13223, 'pm25': 13222}}",3.65,4.38,14.33,4.28,6.11,5.16,733038438,58.3,MOD-00620,22.7,2026-07-18T18:37:00,2026-07-18T11:37:00,https://api.quant-aq.com/v1/devices/MOD-00620/data/733038232
235.07,595.81,"{'lat': None, 'lon': None}","{'rh': 58.2, 'temp': 22.6, 'wd': 0.0, 'ws': 0.0, 'ws_scalar': 0.0}","{'gas': {'co': 18144, 'co2': 13267, 'no': 18145, 'no2': 18146, 'o3': 18147}, 'pm': {'pm1': 13221, 'pm10': 13223, 'pm25': 13222}}",2.09,4.66,14.52,7.81,18.12,8.55,733038435,58.2,MOD-00620,22.6,2026-07-18T18:36:00,2026-07-18T11:36:00,https://api.quant-aq.com/v1/devices/MOD-00620/data/733038229
233.32,597.86,"{'lat': None, 'lon': None}","{'rh': 58.2, 'temp': 22.5, 'wd': 0.0, 'ws': 0.0, 'ws_scalar': 0.0}","{'gas': {'co': 18144, 'co2': 13267, 'no': 18145, 'no2': 18146, 'o3': 18147}, 'pm': {'pm1': 13221, 'pm10': 13223, 'pm25': 13222}}",2.9,4.44,16.39,7.74,12.97,8.36,733038437,58.2,MOD-00620,22.5,2026-07-18T18:35:00,2026-07-18T11:35:00,https://api.quant-aq.com/v1/devices/MOD-00620/data/733038230
231.4,598.1,"{'lat': None, 'lon': None}","{'rh': 59.6, 'temp': 22.4, 'wd': 0.0, 'ws': 0.0, 'ws_scalar': 0.0}","{'gas': {'co': 18144, 'co2': 13267, 'no': 18145, 'no2': 18146, 'o3': 18147}, 'pm': {'pm1': 13221, 'pm10': 13223, 'pm25': 13222}}",4.67,4.32,16.09,8.04,10.49,8.68,733036179,59.6,MOD-00620,22.4,2026-07-18T18:34:00,2026-07-18T11:34:00,https://api.quant-aq.com/v1/devices/MOD-00620/data/733035973
229.89,595.81,"{'lat': None, 'lon': None}","{'rh': 60.0, 'temp': 22.4, 'wd': 0.0, 'ws': 0.0, 'ws_scalar': 0.0}","{'gas': {'co': 18144, 'co2': 13267, 'no': 18145, 'no2': 18146, 'o3': 18147}, 'pm': {'pm1': 13221, 'pm10': 13223, 'pm25': 13222}}",2.08,4.96,15.04,7.53,8.32,8.17,733036177,60.0,MOD-00620,22.4,2026-07-18T18:33:00,2026-07-18T11:33:00,https://api.quant-aq.com/v1/devices/MOD-00620/data/733035972
233.68,600.87,"{'lat': None, 'lon': None}","{'rh': 59.7, 'temp': 22.3, 'wd': 0.0, 'ws': 0.0, 'ws_scalar': 0.0}","{'gas': {'co': 18144, 'co2': 13267, 'no': 18145, 'no2': 18146, 'o3': 18147}, 'pm': {'pm1': 13221, 'pm10': 13223, 'pm25': 13222}}",2.77,4.61,15.81,6.47,8.95,7.26,733036178,59.7,MOD-00620,22.3,2026-07-18T18:32:00,2026-07-18T11:32:00,https://api.quant-aq.com/v1/devices/MOD-00620/data/733035971
225.09,598.22,"{'lat': None, 'lon': None}","{'rh': 60.1, 'temp': 22.2, 'wd': 0.0, 'ws': 0.0, 'ws_scalar': 0.0}","{'gas': {'co': 18144, 'co2': 13267, 'no': 18145, 'no2': 18146, 'o3': 18147}, 'pm': {'pm1': 13221, 'pm10': 13223, 'pm25': 13222}}",2.58,4.58,17.16,7.49,8.91,8.02,733036176,60.1,MOD-00620,22.2,2026-07-18T18:31:00,2026-07-18T11:31:00,https://api.quant-aq.com/v1/devices/MOD-00620/data/733035970
220.73,598.7,"{'lat': None, 'lon': None}","{'rh': 60.9, 'temp': 22.1, 'wd': 0.0, 'ws': 0.0, 'ws_scalar': 0.0}","{'gas': {'co': 18144, 'co2': 13267, 'no': 18145, 'no2': 18146, 'o3': 18147}, 'pm': {'pm1': 13221, 'pm10': 13223, 'pm25': 13222}}",2.64,4.96,13.97,8.33,11.97,8.84,733033980,60.9,MOD-00620,22.1,2026-07-18T18:30:00,2026-07-18T11:30:00,https://api.quant-aq.com/v1/devices/MOD-00620/data/733033774
217.61,597.86,"{'lat': None, 'lon': None}","{'rh': 59.5, 'temp': 22.1, 'wd': 0.0, 'ws': 0.0, 'ws_scalar': 0.0}","{'gas': {'co': 18144, 'co2': 13267, 'no': 18145, 'no2': 18146, 'o3': 18147}, 'pm': {'pm1': 13221, 'pm10': 13223, 'pm25': 13222}}",2.49,4.63,14.82,7.93,20.25,8.61,733033978,59.5,MOD-00620,22.1,2026-07-18T18:29:00,2026-07-18T11:29:00,https://api.quant-aq.com/v1/devices/MOD-00620/data/733033772
221.03,598.94,"{'lat': None, 'lon': None}","{'rh': 59.3, 'temp': 22.1, 'wd': 0.0, 'ws': 0.0, 'ws_scalar': 0.0}","{'gas': {'co': 18144, 'co2': 13267, 'no': 18145, 'no2': 18146, 'o3': 18147}, 'pm': {'pm1': 13221, 'pm10': 13223, 'pm25': 13222}}",2.78,4.37,15.45,7.01,8.4,7.54,733033979,59.3,MOD-00620,22.1,2026-07-18T18:28:00,2026-07-18T11:28:00,https://api.quant-aq.com/v1/devices/MOD-00620/data/733033773
226.45,601.47,"{'lat': None, 'lon': None}","{'rh': 59.6, 'temp': 22.0, 'wd': 0.0, 'ws': 0.0, 'ws_scalar': 0.0}","{'gas': {'co': 18144, 'co2': 13267, 'no': 18145, 'no2': 18146, 'o3': 18147}, 'pm': {'pm1': 13221, 'pm10': 13223, 'pm25': 13222}}",2.53,4.56,14.03,6.18,9.95,6.77,733033977,59.6,MOD-00620,22.0,2026-07-18T18:27:00,2026-07-18T11:27:00,https://api.quant-aq.com/v1/devices/MOD-00620/data/733033771
221.46,601.11,"{'lat': None, 'lon': None}","{'rh': 59.7, 'temp': 22.0, 'wd': 0.0, 'ws': 0.0, 'ws_scalar': 0.0}","{'gas': {'co': 18144, 'co2': 13267, 'no': 18145, 'no2': 18146, 'o3': 18147}, 'pm': {'pm1': 13221, 'pm10': 13223, 'pm25': 13222}}",2.95,4.45,14.73,6.79,8.1,7.39,733031795,59.7,MOD-00620,22.0,2026-07-18T18:26:00,2026-07-18T11:26:00,https://api.quant-aq.com/v1/devices/MOD-00620/data/733031589
232.94,603.76,"{'lat': None, 'lon': None}","{'rh': 59.7, 'temp': 22.0, 'wd': 0.0, 'ws': 0.0, 'ws_scalar': 0.0}","{'gas': {'co': 18144, 'co2': 13267, 'no': 18145, 'no2': 18146, 'o3': 18147}, 'pm': {'pm1': 13221, 'pm10': 13223, 'pm25': 13222}}",3.07,4.09,17.54,6.24,12.7,7.01,733031793,59.7,MOD-00620,22.0,2026-07-18T18:25:00,2026-07-18T11:25:00,https://api.quant-aq.com/v1/devices/MOD-00620/data/733031587
231.0,604.96,"{'lat': None, 'lon': None}","{'rh': 62.3, 'temp': 21.9, 'wd': 0.0, 'ws': 0.0, 'ws_scalar': 0.0}","{'gas': {'co': 18144, 'co2': 13267, 'no': 18145, 'no2': 18146, 'o3': 18147}, 'pm': {'pm1': 13221, 'pm10': 13223, 'pm25': 13222}}",2.57,5.27,14.64,6.65,8.83,7.46,733031794,62.3,MOD-00620,21.9,2026-07-18T18:24:00,2026-07-18T11:24:00,https://api.quant-aq.com/v1/devices/MOD-00620/data/733031588
227.75,604.36,"{'lat': None, 'lon': None}","{'rh': 62.1, 'temp': 21.8, 'wd': 0.0, 'ws': 0.0, 'ws_scalar': 0.0}","{'gas': {'co': 18144, 'co2': 13267, 'no': 18145, 'no2': 18146, 'o3': 18147}, 'pm': {'pm1': 13221, 'pm10': 13223, 'pm25': 13222}}",2.84,5.04,14.58,7.7,15.22,8.42,733031792,62.1,MOD-00620,21.8,2026-07-18T18:23:00,2026-07-18T11:23:00,https://api.quant-aq.com/v1/devices/MOD-00620/data/733031586
227.57,606.41,"{'lat': None, 'lon': None}","{'rh': 61.2, 'temp': 21.8, 'wd': 0.0, 'ws': 0.0, 'ws_scalar': 0.0}","{'gas': {'co': 18144, 'co2': 13267, 'no': 18145, 'no2': 18146, 'o3': 18147}, 'pm': {'pm1': 13221, 'pm10': 13223, 'pm25': 13222}}",5.26,4.25,16.38,8.14,9.5,9.09,733029579,61.2,MOD-00620,21.8,2026-07-18T18:22:00,2026-07-18T11:22:00,https://api.quant-aq.com/v1/devices/MOD-00620/data/733029373
226.26,605.93,"{'lat': None, 'lon': None}","{'rh': 62.9, 'temp': 21.7, 'wd': 0.0, 'ws': 0.0, 'ws_scalar': 0.0}","{'gas': {'co': 18144, 'co2': 13267, 'no': 18145, 'no2': 18146, 'o3': 18147}, 'pm': {'pm1': 13221, 'pm10': 13223, 'pm25': 13222}}",1.95,5.59,13.67,7.66,14.28,8.39,733029578,62.9,MOD-00620,21.7,2026-07-18T18:21:00,2026-07-18T11:21:00,https://api.quant-aq.com/v1/devices/MOD-00620/data/733029372
222.67,606.89,"{'lat': None, 'lon': None}","{'rh': 61.0, 'temp': 21.7, 'wd': 0.0, 'ws': 0.0, 'ws_scalar': 0.0}","{'gas': {'co': 18144, 'co2': 13267, 'no': 18145, 'no2': 18146, 'o3': 18147}, 'pm': {'pm1': 13221, 'pm10': 13223, 'pm25': 13222}}",2.74,4.65,14.51,8.27,12.44,9.09,733029576,61.0,MOD-00620,21.7,2026-07-18T18:20:00,2026-07-18T11:20:00,https://api.quant-aq.com/v1/devices/MOD-00620/data/733029370
226.58,603.28,"{'lat': None, 'lon': None}","{'rh': 60.7, 'temp': 21.7, 'wd': 0.0, 'ws': 0.0, 'ws_scalar': 0.0}","{'gas': {'co': 18144, 'co2': 13267, 'no': 18145, 'no2': 18146, 'o3': 18147}, 'pm': {'pm1': 13221, 'pm10': 13223, 'pm25': 13222}}",2.91,4.6,15.11,8.83,20.43,9.5,733029577,60.7,MOD-00620,21.7,2026-07-18T18:19:00,2026-07-18T11:19:00,https://api.quant-aq.com/v1/devices/MOD-00620/data/733029371
223.64,606.65,"{'lat': None, 'lon': None}","{'rh': 60.8, 'temp': 21.7, 'wd': 0.0, 'ws': 0.0, 'ws_scalar': 0.0}","{'gas': {'co': 18144, 'co2': 13267, 'no': 18145, 'no2': 18146, 'o3': 18147}, 'pm': {'pm1': 13221, 'pm10': 13223, 'pm25': 13222}}",3.03,4.54,15.68,8.32,21.04,9.14,733027413,60.8,MOD-00620,21.7,2026-07-18T18:18:00,2026-07-18T11:18:00,https://api.quant-aq.com/v1/devices/MOD-00620/data/733027207
224.05,608.1,"{'lat': None, 'lon': None}","{'rh': 60.8, 'temp': 21.7, 'wd': 0.0, 'ws': 0.0, 'ws_scalar': 0.0}","{'gas': {'co': 18144, 'co2': 13267, 'no': 18145, 'no2': 18146, 'o3': 18147}, 'pm': {'pm1': 13221, 'pm10': 13223, 'pm25': 13222}}",3.03,4.38,15.14,7.79,14.2,8.68,733027414,60.8,MOD-00620,21.7,2026-07-18T18:17:00,2026-07-18T11:17:00,https://api.quant-aq.com/v1/devices/MOD-00620/data/733027208
227.87,606.65,"{'lat': None, 'lon': None}","{'rh': 61.2, 'temp': 21.7, 'wd': 0.0, 'ws': 0.0, 'ws_scalar': 0.0}","{'gas': {'co': 18144, 'co2': 13267, 'no': 18145, 'no2': 18146, 'o3': 18147}, 'pm': {'pm1': 13221, 'pm10': 13223, 'pm25': 13222}}",2.75,4.77,14.7,8.96,10.72,9.74,733027415,61.2,MOD-00620,21.7,2026-07-18T18:16:00,2026-07-18T11:16:00,https://api.quant-aq.com/v1/devices/MOD-00620/data/733027209
224.87,606.05,"{'lat': None, 'lon': None}","{'rh': 60.8, 'temp': 21.7, 'wd': 0.0, 'ws': 0.0, 'ws_scalar': 0.0}","{'gas': {'co': 18144, 'co2': 13267, 'no': 18145, 'no2': 18146, 'o3': 18147}, 'pm': {'pm1': 13221, 'pm10': 13223, 'pm25': 13222}}",2.92,4.38,16.05,8.29,12.06,9.05,733027412,60.8,MOD-00620,21.7,2026-07-18T18:15:00,2026-07-18T11:15:00,https://api.quant-aq.com/v1/devices/MOD-00620/data/733027206
224.51,604.84,"{'lat': None, 'lon': None}","{'rh': 61.3, 'temp': 21.7, 'wd': 0.0, 'ws': 0.0, 'ws_scalar': 0.0}","{'gas': {'co': 18144, 'co2': 13267, 'no': 18145, 'no2': 18146, 'o3': 18147}, 'pm': {'pm1': 13221, 'pm10': 13223, 'pm25': 13222}}",2.75,4.77,14.24,8.73,11.87,9.73,733025201,61.3,MOD-00620,21.7,2026-07-18T18:14:00,2026-07-18T11:14:00,https://api.quant-aq.com/v1/devices/MOD-00620/data/733024995
230.61,605.2,"{'lat': None, 'lon': None}","{'rh': 60.8, 'temp': 21.7, 'wd': 0.0, 'ws': 0.0, 'ws_scalar': 0.0}","{'gas': {'co': 18144, 'co2': 13267, 'no': 18145, 'no2': 18146, 'o3': 18147}, 'pm': {'pm1': 13221, 'pm10': 13223, 'pm25': 13222}}",2.74,4.6,16.01,9.58,15.18,10.49,733025200,60.8,MOD-00620,21.7,2026-07-18T18:13:00,2026-07-18T11:13:00,https://api.quant-aq.com/v1/devices/MOD-00620/data/733024994
220.21,605.57,"{'lat': None, 'lon': None}","{'rh': 61.0, 'temp': 21.7, 'wd': 0.0, 'ws': 0.0, 'ws_scalar': 0.0}","{'gas': {'co': 18144, 'co2': 13267, 'no': 18145, 'no2': 18146, 'o3': 18147}, 'pm': {'pm1': 13221, 'pm10': 13223, 'pm25': 13222}}",2.8,4.54,14.75,7.44,9.3,8.32,733025199,61.0,MOD-00620,21.7,2026-07-18T18:12:00,2026-07-18T11:12:00,https://api.quant-aq.com/v1/devices/MOD-00620/data/733024993
225.83,604.84,"{'lat': None, 'lon': None}","{'rh': 60.6, 'temp': 21.7, 'wd': 0.0, 'ws': 0.0, 'ws_scalar': 0.0}","{'gas': {'co': 18144, 'co2': 13267, 'no': 18145, 'no2': 18146, 'o3': 18147}, 'pm': {'pm1': 13221, 'pm10': 13223, 'pm25': 13222}}",2.67,4.54,14.33,8.15,9.79,8.96,733025198,60.6,MOD-00620,21.7,2026-07-18T18:11:00,2026-07-18T11:11:00,https://api.quant-aq.com/v1/devices/MOD-00620/data/733024992
223.99,605.69,"{'lat': None, 'lon': None}","{'rh': 60.3, 'temp': 21.7, 'wd': 0.0, 'ws': 0.0, 'ws_scalar': 0.0}","{'gas': {'co': 18144, 'co2': 13267, 'no': 18145, 'no2': 18146, 'o3': 18147}, 'pm': {'pm1': 13221, 'pm10': 13223, 'pm25': 13222}}",2.85,4.55,14.8,8.35,9.9,9.13,733023018,60.3,MOD-00620,21.7,2026-07-18T18:10:00,2026-07-18T11:10:00,https://api.quant-aq.com/v1/devices/MOD-00620/data/733022812
227.95,604.96,"{'lat': None, 'lon': None}","{'rh': 60.5, 'temp': 21.7, 'wd': 0.0, 'ws': 0.0, 'ws_scalar': 0.0}","{'gas': {'co': 18144, 'co2': 13267, 'no': 18145, 'no2': 18146, 'o3': 18147}, 'pm': {'pm1': 13221, 'pm10': 13223, 'pm25': 13222}}",2.91,4.49,14.46,7.71,14.93,8.53,733023017,60.5,MOD-00620,21.7,2026-07-18T18:09:00,2026-07-18T11:09:00,https://api.quant-aq.com/v1/devices/MOD-00620/data/733022811
231.23,606.65,"{'lat': None, 'lon': None}","{'rh': 60.5, 'temp': 21.7, 'wd': 0.0, 'ws': 0.0, 'ws_scalar': 0.0}","{'gas': {'co': 18144, 'co2': 13267, 'no': 18145, 'no2': 18146, 'o3': 18147}, 'pm': {'pm1': 13221, 'pm10': 13223, 'pm25': 13222}}",2.79,4.44,14.58,8.77,10.79,9.71,733023016,60.5,MOD-00620,21.7,2026-07-18T18:08:00,2026-07-18T11:08:00,https://api.quant-aq.com/v1/devices/MOD-00620/data/733022810
242.17,604.24,"{'lat': None, 'lon': None}","{'rh': 60.1, 'temp': 21.7, 'wd': 0.0, 'ws': 0.0, 'ws_scalar': 0.0}","{'gas': {'co': 18144, 'co2': 13267, 'no': 18145, 'no2': 18146, 'o3': 18147}, 'pm': {'pm1': 13221, 'pm10': 13223, 'pm25': 13222}}",2.96,4.55,13.45,8.5,10.96,9.31,733023015,60.1,MOD-00620,21.7,2026-07-18T18:07:00,2026-07-18T11:07:00,https://api.quant-aq.com/v1/devices/MOD-00620/data/733022809
233.63,606.17,"{'lat': None, 'lon': None}","{'rh': 60.0, 'temp': 21.7, 'wd': 0.0, 'ws': 0.0, 'ws_scalar': 0.0}","{'gas': {'co': 18144, 'co2': 13267, 'no': 18145, 'no2': 18146, 'o3': 18147}, 'pm': {'pm1': 13221, 'pm10': 13223, 'pm25': 13222}}",2.84,4.45,14.62,8.17,14.58,8.94,733020851,60.0,MOD-00620,21.7,2026-07-18T18:06:00,2026-07-18T11:06:00,https://api.quant-aq.com/v1/devices/MOD-00620/data/733020643
229.6,604.0,"{'lat': None, 'lon': None}","{'rh': 59.9, 'temp': 21.7, 'wd': 0.0, 'ws': 0.0, 'ws_scalar': 0.0}","{'gas': {'co': 18144, 'co2': 13267, 'no': 18145, 'no2': 18146, 'o3': 18147}, 'pm': {'pm1': 13221, 'pm10': 13223, 'pm25': 13222}}",2.78,4.5,14.96,5.36,10.99,5.96,733020850,59.9,MOD-00620,21.7,2026-07-18T18:05:00,2026-07-18T11:05:00,https://api.quant-aq.com/v1/devices/MOD-00620/data/733020645
228.85,603.04,"{'lat': None, 'lon': None}","{'rh': 59.8, 'temp': 21.7, 'wd': 0.0, 'ws': 0.0, 'ws_scalar': 0.0}","{'gas': {'co': 18144, 'co2': 13267, 'no': 18145, 'no2': 18146, 'o3': 18147}, 'pm': {'pm1': 13221, 'pm10': 13223, 'pm25': 13222}}",2.84,4.4,17.04,8.13,14.73,8.82,733020848,59.8,MOD-00620,21.7,2026-07-18T18:04:00,2026-07-18T11:04:00,https://api.quant-aq.com/v1/devices/MOD-00620/data/733020641
228.49,603.4,"{'lat': None, 'lon': None}","{'rh': 60.9, 'temp': 21.7, 'wd': 0.0, 'ws': 0.0, 'ws_scalar': 0.0}","{'gas': {'co': 18144, 'co2': 13267, 'no': 18145, 'no2': 18146, 'o3': 18147}, 'pm': {'pm1': 13221, 'pm10': 13223, 'pm25': 13222}}",2.92,4.6,15.09,6.9,9.02,7.56,733020849,60.9,MOD-00620,21.7,2026-07-18T18:03:00,2026-07-18T11:03:00,https://api.quant-aq.com/v1/devices/MOD-00620/data/733020644
225.42,601.95,"{'lat': None, 'lon': None}","{'rh': 60.6, 'temp': 21.7, 'wd': 0.0, 'ws': 0.0, 'ws_scalar': 0.0}","{'gas': {'co': 18144, 'co2': 13267, 'no': 18145, 'no2': 18146, 'o3': 18147}, 'pm': {'pm1': 13221, 'pm10': 13223, 'pm25': 13222}}",2.14,4.78,14.29,7.73,9.41,8.58,733018649,60.6,MOD-00620,21.7,2026-07-18T18:02:00,2026-07-18T11:02:00,https://api.quant-aq.com/v1/devices/MOD-00620/data/733018445
231.48,606.05,"{'lat': None, 'lon': None}","{'rh': 59.4, 'temp': 21.6, 'wd': 0.0, 'ws': 0.0, 'ws_scalar': 0.0}","{'gas': {'co': 18144, 'co2': 13267, 'no': 18145, 'no2': 18146, 'o3': 18147}, 'pm': {'pm1': 13221, 'pm10': 13223, 'pm25': 13222}}",2.87,4.29,15.96,8.23,10.26,8.97,733018651,59.4,MOD-00620,21.6,2026-07-18T18:01:00,2026-07-18T11:01:00,https://api.quant-aq.com/v1/devices/MOD-00620/data/733018444
222.11,604.96,"{'lat': None, 'lon': None}","{'rh': 59.9, 'temp': 21.6, 'wd': 0.0, 'ws': 0.0, 'ws_scalar': 0.0}","{'gas': {'co': 18144, 'co2': 13267, 'no': 18145, 'no2': 18146, 'o3': 18147}, 'pm': {'pm1': 13221, 'pm10': 13223, 'pm25': 13222}}",3.0,4.33,16.71,8.72,10.1,9.28,733018650,59.9,MOD-00620,21.6,2026-07-18T18:00:00,2026-07-18T11:00:00,https://api.quant-aq.com/v1/devices/MOD-00620/data/733018443
219.71,604.36,"{'lat': None, 'lon': None}","{'rh': 60.4, 'temp': 21.6, 'wd': 0.0, 'ws': 0.0, 'ws_scalar': 0.0}","{'gas': {'co': 18144, 'co2': 13267, 'no': 18145, 'no2': 18146, 'o3': 18147}, 'pm': {'pm1': 13221, 'pm10': 13223, 'pm25': 13222}}",2.83,4.43,15.97,7.3,10.25,7.97,733018652,60.4,MOD-00620,21.6,2026-07-18T17:59:00,2026-07-18T10:59:00,https://api.quant-aq.com/v1/devices/MOD-00620/data/733018446
219.9,606.65,"{'lat': None, 'lon': None}","{'rh': 60.7, 'temp': 21.6, 'wd': 0.0, 'ws': 0.0, 'ws_scalar': 0.0}","{'gas': {'co': 18144, 'co2': 13267, 'no': 18145, 'no2': 18146, 'o3': 18147}, 'pm': {'pm1': 13221, 'pm10': 13223, 'pm25': 13222}}",2.89,4.47,16.28,5.68,7.04,6.42,733016491,60.7,MOD-00620,21.6,2026-07-18T17:58:00,2026-07-18T10:58:00,https://api.quant-aq.com/v1/devices/MOD-00620/data/733016285
220.06,604.72,"{'lat': None, 'lon': None}","{'rh': 60.9, 'temp': 21.5, 'wd': 0.0, 'ws': 0.0, 'ws_scalar': 0.0}","{'gas': {'co': 18144, 'co2': 13267, 'no': 18145, 'no2': 18146, 'o3': 18147}, 'pm': {'pm1': 13221, 'pm10': 13223, 'pm25': 13222}}",2.64,4.45,17.19,7.44,9.36,8.0,733016486,60.9,MOD-00620,21.5,2026-07-18T17:57:00,2026-07-18T10:57:00,https://api.quant-aq.com/v1/devices/MOD-00620/data/733016279
221.43,604.0,"{'lat': None, 'lon': None}","{'rh': 60.7, 'temp': 21.5, 'wd': 0.0, 'ws': 0.0, 'ws_scalar': 0.0}","{'gas': {'co': 18144, 'co2': 13267, 'no': 18145, 'no2': 18146, 'o3': 18147}, 'pm': {'pm1': 13221, 'pm10': 13223, 'pm25': 13222}}",3.17,4.17,18.85,6.04,7.41,6.64,733016488,60.7,MOD-00620,21.5,2026-07-18T17:56:00,2026-07-18T10:56:00,https://api.quant-aq.com/v1/devices/MOD-00620/data/733016282
220.79,604.72,"{'lat': None, 'lon': None}","{'rh': 62.2, 'temp': 21.5, 'wd': 0.0, 'ws': 0.0, 'ws_scalar': 0.0}","{'gas': {'co': 18144, 'co2': 13267, 'no': 18145, 'no2': 18146, 'o3': 18147}, 'pm': {'pm1': 13221, 'pm10': 13223, 'pm25': 13222}}",3.76,4.32,17.79,5.56,6.29,6.17,733016490,62.2,MOD-00620,21.5,2026-07-18T17:55:00,2026-07-18T10:55:00,https://api.quant-aq.com/v1/devices/MOD-00620/data/733016283
221.4,604.48,"{'lat': None, 'lon': None}","{'rh': 62.5, 'temp': 21.5, 'wd': 0.0, 'ws': 0.0, 'ws_scalar': 0.0}","{'gas': {'co': 18144, 'co2': 13267, 'no': 18145, 'no2': 18146, 'o3': 18147}, 'pm': {'pm1': 13221, 'pm10': 13223, 'pm25': 13222}}",2.08,5.14,15.26,6.75,11.53,7.33,733014291,62.5,MOD-00620,21.5,2026-07-18T17:54:00,2026-07-18T10:54:00,https://api.quant-aq.com/v1/devices/MOD-00620/data/733014085
219.98,606.89,"{'lat': None, 'lon': None}","{'rh': 61.6, 'temp': 21.5, 'wd': 0.0, 'ws': 0.0, 'ws_scalar': 0.0}","{'gas': {'co': 18144, 'co2': 13267, 'no': 18145, 'no2': 18146, 'o3': 18147}, 'pm': {'pm1': 13221, 'pm10': 13223, 'pm25': 13222}}",3.13,4.67,13.91,6.09,11.14,6.96,733014289,61.6,MOD-00620,21.5,2026-07-18T17:53:00,2026-07-18T10:53:00,https://api.quant-aq.com/v1/devices/MOD-00620/data/733014083
221.38,607.61,"{'lat': None, 'lon': None}","{'rh': 61.2, 'temp': 21.4, 'wd': 0.0, 'ws': 0.0, 'ws_scalar': 0.0}","{'gas': {'co': 18144, 'co2': 13267, 'no': 18145, 'no2': 18146, 'o3': 18147}, 'pm': {'pm1': 13221, 'pm10': 13223, 'pm25': 13222}}",2.87,4.6,14.07,5.87,11.22,6.8,733014292,61.2,MOD-00620,21.4,2026-07-18T17:52:00,2026-07-18T10:52:00,https://api.quant-aq.com/v1/devices/MOD-00620/data/733014086
218.65,604.6,"{'lat': None, 'lon': None}","{'rh': 61.0, 'temp': 21.4, 'wd': 0.0, 'ws': 0.0, 'ws_scalar': 0.0}","{'gas': {'co': 18144, 'co2': 13267, 'no': 18145, 'no2': 18146, 'o3': 18147}, 'pm': {'pm1': 13221, 'pm10': 13223, 'pm25': 13222}}",2.92,4.54,13.3,8.17,9.84,8.94,733014290,61.0,MOD-00620,21.4,2026-07-18T17:51:00,2026-07-18T10:51:00,https://api.quant-aq.com/v1/devices/MOD-00620/data/733014084
211.82,605.57,"{'lat': None, 'lon': None}","{'rh': 60.8, 'temp': 21.4, 'wd': 0.0, 'ws': 0.0, 'ws_scalar': 0.0}","{'gas': {'co': 18144, 'co2': 13267, 'no': 18145, 'no2': 18146, 'o3': 18147}, 'pm': {'pm1': 13221, 'pm10': 13223, 'pm25': 13222}}",3.1,4.44,13.56,8.81,14.89,9.55,733012070,60.8,MOD-00620,21.4,2026-07-18T17:50:00,2026-07-18T10:50:00,https://api.quant-aq.com/v1/devices/MOD-00620/data/733011864
210.64,609.78,"{'lat': None, 'lon': None}","{'rh': 60.3, 'temp': 21.5, 'wd': 0.0, 'ws': 0.0, 'ws_scalar': 0.0}","{'gas': {'co': 18144, 'co2': 13267, 'no': 18145, 'no2': 18146, 'o3': 18147}, 'pm': {'pm1': 13221, 'pm10': 13223, 'pm25': 13222}}",2.99,4.31,14.86,9.12,10.6,9.9,733012067,60.3,MOD-00620,21.5,2026-07-18T17:49:00,2026-07-18T10:49:00,https://api.quant-aq.com/v1/devices/MOD-00620/data/733011861
211.39,607.37,"{'lat': None, 'lon': None}","{'rh': 60.4, 'temp': 21.5, 'wd': 0.0, 'ws': 0.0, 'ws_scalar': 0.0}","{'gas': {'co': 18144, 'co2': 13267, 'no': 18145, 'no2': 18146, 'o3': 18147}, 'pm': {'pm1': 13221, 'pm10': 13223, 'pm25': 13222}}",2.99,4.26,14.52,9.7,17.7,10.61,733012068,60.4,MOD-00620,21.5,2026-07-18T17:48:00,2026-07-18T10:48:00,https://api.quant-aq.com/v1/devices/MOD-00620/data/733011863
217.12,608.22,"{'lat': None, 'lon': None}","{'rh': 61.0, 'temp': 21.5, 'wd': 0.0, 'ws': 0.0, 'ws_scalar': 0.0}","{'gas': {'co': 18144, 'co2': 13267, 'no': 18145, 'no2': 18146, 'o3': 18147}, 'pm': {'pm1': 13221, 'pm10': 13223, 'pm25': 13222}}",3.12,4.45,13.99,9.06,14.06,10.03,733012069,61.0,MOD-00620,21.5,2026-07-18T17:47:00,2026-07-18T10:47:00,https://api.quant-aq.com/v1/devices/MOD-00620/data/733011862
214.73,608.7,"{'lat': None, 'lon': None}","{'rh': 60.9, 'temp': 21.5, 'wd': 0.0, 'ws': 0.0, 'ws_scalar': 0.0}","{'gas': {'co': 18144, 'co2': 13267, 'no': 18145, 'no2': 18146, 'o3': 18147}, 'pm': {'pm1': 13221, 'pm10': 13223, 'pm25': 13222}}",2.82,4.51,13.87,8.74,12.25,9.48,733009888,60.9,MOD-00620,21.5,2026-07-18T17:46:00,2026-07-18T10:46:00,https://api.quant-aq.com/v1/devices/MOD-00620/data/733009682
217.81,607.73,"{'lat': None, 'lon': None}","{'rh': 60.6, 'temp': 21.5, 'wd': 0.0, 'ws': 0.0, 'ws_scalar': 0.0}","{'gas': {'co': 18144, 'co2': 13267, 'no': 18145, 'no2': 18146, 'o3': 18147}, 'pm': {'pm1': 13221, 'pm10': 13223, 'pm25': 13222}}",3.17,4.31,13.93,8.75,12.43,9.68,733009892,60.6,MOD-00620,21.5,2026-07-18T17:45:00,2026-07-18T10:45:00,https://api.quant-aq.com/v1/devices/MOD-00620/data/733009686
219.1,608.1,"{'lat': None, 'lon': None}","{'rh': 61.1, 'temp': 21.5, 'wd': 0.0, 'ws': 0.0, 'ws_scalar': 0.0}","{'gas': {'co': 18144, 'co2': 13267, 'no': 18145, 'no2': 18146, 'o3': 18147}, 'pm': {'pm1': 13221, 'pm10': 13223, 'pm25': 13222}}",3.18,4.4,13.19,8.85,11.09,10.08,733009891,61.1,MOD-00620,21.5,2026-07-18T17:44:00,2026-07-18T10:44:00,https://api.quant-aq.com/v1/devices/MOD-00620/data/733009684
218.83,607.13,"{'lat': None, 'lon': None}","{'rh': 60.9, 'temp': 21.5, 'wd': 0.0, 'ws': 0.0, 'ws_scalar': 0.0}","{'gas': {'co': 18144, 'co2': 13267, 'no': 18145, 'no2': 18146, 'o3': 18147}, 'pm': {'pm1': 13221, 'pm10': 13223, 'pm25': 13222}}",3.0,4.35,13.33,9.58,13.84,10.62,733009889,60.9,MOD-00620,21.5,2026-07-18T17:43:00,2026-07-18T10:43:00,https://api.quant-aq.com/v1/devices/MOD-00620/data/733009685
216.92,607.73,"{'lat': None, 'lon': None}","{'rh': 60.7, 'temp': 21.5, 'wd': 0.0, 'ws': 0.0, 'ws_scalar': 0.0}","{'gas': {'co': 18144, 'co2': 13267, 'no': 18145, 'no2': 18146, 'o3': 18147}, 'pm': {'pm1': 13221, 'pm10': 13223, 'pm25': 13222}}",2.93,4.35,12.89,9.51,12.55,10.78,733007698,60.7,MOD-00620,21.5,2026-07-18T17:42:00,2026-07-18T10:42:00,https://api.quant-aq.com/v1/devices/MOD-00620/data/733007491
213.55,608.58,"{'lat': None, 'lon': None}","{'rh': 60.4, 'temp': 21.6, 'wd': 0.0, 'ws': 0.0, 'ws_scalar': 0.0}","{'gas': {'co': 18144, 'co2': 13267, 'no': 18145, 'no2': 18146, 'o3': 18147}, 'pm': {'pm1': 13221, 'pm10': 13223, 'pm25': 13222}}",3.47,4.33,13.02,10.23,18.82,11.43,733007696,60.4,MOD-00620,21.6,2026-07-18T17:41:00,2026-07-18T10:41:00,https://api.quant-aq.com/v1/devices/MOD-00620/data/733007490
216.35,608.1,"{'lat': None, 'lon': None}","{'rh': 60.5, 'temp': 21.6, 'wd': 0.0, 'ws': 0.0, 'ws_scalar': 0.0}","{'gas': {'co': 18144, 'co2': 13267, 'no': 18145, 'no2': 18146, 'o3': 18147}, 'pm': {'pm1': 13221, 'pm10': 13223, 'pm25': 13222}}",3.31,4.28,13.14,10.64,21.41,11.89,733007697,60.5,MOD-00620,21.6,2026-07-18T17:40:00,2026-07-18T10:40:00,https://api.quant-aq.com/v1/devices/MOD-00620/data/733007492
217.91,609.42,"{'lat': None, 'lon': None}","{'rh': 61.2, 'temp': 21.6, 'wd': 0.0, 'ws': 0.0, 'ws_scalar': 0.0}","{'gas': {'co': 18144, 'co2': 13267, 'no': 18145, 'no2': 18146, 'o3': 18147}, 'pm': {'pm1': 13221, 'pm10': 13223, 'pm25': 13222}}",3.97,4.31,13.42,11.42,22.56,12.63,733007695,61.2,MOD-00620,21.6,2026-07-18T17:39:00,2026-07-18T10:39:00,https://api.quant-aq.com/v1/devices/MOD-00620/data/733007489
213.75,609.78,"{'lat': None, 'lon': None}","{'rh': 60.7, 'temp': 21.6, 'wd': 0.0, 'ws': 0.0, 'ws_scalar': 0.0}","{'gas': {'co': 18144, 'co2': 13267, 'no': 18145, 'no2': 18146, 'o3': 18147}, 'pm': {'pm1': 13221, 'pm10': 13223, 'pm25': 13222}}",3.01,4.23,14.61,9.53,11.8,10.72,733005511,60.7,MOD-00620,21.6,2026-07-18T17:38:00,2026-07-18T10:38:00,https://api.quant-aq.com/v1/devices/MOD-00620/data/733005305
217.16,605.2,"{'lat': None, 'lon': None}","{'rh': 61.1, 'temp': 21.6, 'wd': 0.0, 'ws': 0.0, 'ws_scalar': 0.0}","{'gas': {'co': 18144, 'co2': 13267, 'no': 18145, 'no2': 18146, 'o3': 18147}, 'pm': {'pm1': 13221, 'pm10': 13223, 'pm25': 13222}}",3.65,4.41,12.27,8.71,10.23,9.73,733005509,61.1,MOD-00620,21.6,2026-07-18T17:37:00,2026-07-18T10:37:00,https://api.quant-aq.com/v1/devices/MOD-00620/data/733005303
215.77,607.73,"{'lat': None, 'lon': None}","{'rh': 60.9, 'temp': 21.7, 'wd': 0.0, 'ws': 0.0, 'ws_scalar': 0.0}","{'gas': {'co': 18144, 'co2': 13267, 'no': 18145, 'no2': 18146, 'o3': 18147}, 'pm': {'pm1': 13221, 'pm10': 13223, 'pm25': 13222}}",2.74,4.43,12.73,8.12,10.89,9.22,733005508,60.9,MOD-00620,21.7,2026-07-18T17:36:00,2026-07-18T10:36:00,https://api.quant-aq.com/v1/devices/MOD-00620/data/733005302
219.34,606.17,"{'lat': None, 'lon': None}","{'rh': 60.5, 'temp': 21.7, 'wd': 0.0, 'ws': 0.0, 'ws_scalar': 0.0}","{'gas': {'co': 18144, 'co2': 13267, 'no': 18145, 'no2': 18146, 'o3': 18147}, 'pm': {'pm1': 13221, 'pm10': 13223, 'pm25': 13222}}",3.09,4.2,13.37,9.58,12.29,10.64,733005510,60.5,MOD-00620,21.7,2026-07-18T17:35:00,2026-07-18T10:35:00,https://api.quant-aq.com/v1/devices/MOD-00620/data/733005304
220.98,604.0,"{'lat': None, 'lon': None}","{'rh': 60.5, 'temp': 21.7, 'wd': 0.0, 'ws': 0.0, 'ws_scalar': 0.0}","{'gas': {'co': 18144, 'co2': 13267, 'no': 18145, 'no2': 18146, 'o3': 18147}, 'pm': {'pm1': 13221, 'pm10': 13223, 'pm25': 13222}}",4.04,4.11,14.53,10.76,16.36,11.48,733003340,60.5,MOD-00620,21.7,2026-07-18T17:34:00,2026-07-18T10:34:00,https://api.quant-aq.com/v1/devices/MOD-00620/data/733003133
219.25,605.93,"{'lat': None, 'lon': None}","{'rh': 61.2, 'temp': 21.7, 'wd': 0.0, 'ws': 0.0, 'ws_scalar': 0.0}","{'gas': {'co': 18144, 'co2': 13267, 'no': 18145, 'no2': 18146, 'o3': 18147}, 'pm': {'pm1': 13221, 'pm10': 13223, 'pm25': 13222}}",2.98,4.38,13.28,8.79,11.85,9.75,733003338,61.2,MOD-00620,21.7,2026-07-18T17:33:00,2026-07-18T10:33:00,https://api.quant-aq.com/v1/devices/MOD-00620/data/733003132
219.66,602.8,"{'lat': None, 'lon': None}","{'rh': 61.2, 'temp': 21.7, 'wd': 0.0, 'ws': 0.0, 'ws_scalar': 0.0}","{'gas': {'co': 18144, 'co2': 13267, 'no': 18145, 'no2': 18146, 'o3': 18147}, 'pm': {'pm1': 13221, 'pm10': 13223, 'pm25': 13222}}",3.16,4.38,12.37,10.33,12.34,11.59,733003339,61.2,MOD-00620,21.7,2026-07-18T17:32:00,2026-07-18T10:32:00,https://api.quant-aq.com/v1/devices/MOD-00620/data/733003134
222.33,602.31,"{'lat': None, 'lon': None}","{'rh': 60.9, 'temp': 21.7, 'wd': 0.0, 'ws': 0.0, 'ws_scalar': 0.0}","{'gas': {'co': 18144, 'co2': 13267, 'no': 18145, 'no2': 18146, 'o3': 18147}, 'pm': {'pm1': 13221, 'pm10': 13223, 'pm25': 13222}}",2.86,4.33,12.97,9.66,12.96,10.55,733003337,60.9,MOD-00620,21.7,2026-07-18T17:31:00,2026-07-18T10:31:00,https://api.quant-aq.com/v1/devices/MOD-00620/data/733003131
226.01,605.57,"{'lat': None, 'lon': None}","{'rh': 60.5, 'temp': 21.8, 'wd': 0.0, 'ws': 0.0, 'ws_scalar': 0.0}","{'gas': {'co': 18144, 'co2': 13267, 'no': 18145, 'no2': 18146, 'o3': 18147}, 'pm': {'pm1': 13221, 'pm10': 13223, 'pm25': 13222}}",3.11,4.17,14.85,9.37,11.35,10.15,733001142,60.5,MOD-00620,21.8,2026-07-18T17:30:00,2026-07-18T10:30:00,https://api.quant-aq.com/v1/devices/MOD-00620/data/733000936
228.17,605.81,"{'lat': None, 'lon': None}","{'rh': 61.5, 'temp': 21.8, 'wd': 0.0, 'ws': 0.0, 'ws_scalar': 0.0}","{'gas': {'co': 18144, 'co2': 13267, 'no': 18145, 'no2': 18146, 'o3': 18147}, 'pm': {'pm1': 13221, 'pm10': 13223, 'pm25': 13222}}",4.49,4.11,14.44,9.74,11.96,10.48,733001140,61.5,MOD-00620,21.8,2026-07-18T17:29:00,2026-07-18T10:29:00,https://api.quant-aq.com/v1/devices/MOD-00620/data/733000934
226.18,608.34,"{'lat': None, 'lon': None}","{'rh': 62.0, 'temp': 21.8, 'wd': 0.0, 'ws': 0.0, 'ws_scalar': 0.0}","{'gas': {'co': 18144, 'co2': 13267, 'no': 18145, 'no2': 18146, 'o3': 18147}, 'pm': {'pm1': 13221, 'pm10': 13223, 'pm25': 13222}}",2.54,4.59,13.17,8.24,10.62,9.05,733001139,62.0,MOD-00620,21.8,2026-07-18T17:28:00,2026-07-18T10:28:00,https://api.quant-aq.com/v1/devices/MOD-00620/data/733000933
227.98,607.25,"{'lat': None, 'lon': None}","{'rh': 61.2, 'temp': 21.8, 'wd': 0.0, 'ws': 0.0, 'ws_scalar': 0.0}","{'gas': {'co': 18144, 'co2': 13267, 'no': 18145, 'no2': 18146, 'o3': 18147}, 'pm': {'pm1': 13221, 'pm10': 13223, 'pm25': 13222}}",2.76,4.5,12.57,9.01,11.77,9.88,733001141,61.2,MOD-00620,21.8,2026-07-18T17:27:00,2026-07-18T10:27:00,https://api.quant-aq.com/v1/devices/MOD-00620/data/733000935
234.88,603.4,"{'lat': None, 'lon': None}","{'rh': 61.3, 'temp': 21.8, 'wd': 0.0, 'ws': 0.0, 'ws_scalar': 0.0}","{'gas': {'co': 18144, 'co2': 13267, 'no': 18145, 'no2': 18146, 'o3': 18147}, 'pm': {'pm1': 13221, 'pm10': 13223, 'pm25': 13222}}",3.23,4.3,13.51,9.52,11.21,10.24,732998935,61.3,MOD-00620,21.8,2026-07-18T17:26:00,2026-07-18T10:26:00,https://api.quant-aq.com/v1/devices/MOD-00620/data/732998729
238.3,607.61,"{'lat': None, 'lon': None}","{'rh': 61.1, 'temp': 21.8, 'wd': 0.0, 'ws': 0.0, 'ws_scalar': 0.0}","{'gas': {'co': 18144, 'co2': 13267, 'no': 18145, 'no2': 18146, 'o3': 18147}, 'pm': {'pm1': 13221, 'pm10': 13223, 'pm25': 13222}}",4.79,4.0,13.93,9.58,10.98,10.61,732998937,61.1,MOD-00620,21.8,2026-07-18T17:25:00,2026-07-18T10:25:00,https://api.quant-aq.com/v1/devices/MOD-00620/data/732998731
236.51,603.52,"{'lat': None, 'lon': None}","{'rh': 61.9, 'temp': 21.8, 'wd': 0.0, 'ws': 0.0, 'ws_scalar': 0.0}","{'gas': {'co': 18144, 'co2': 13267, 'no': 18145, 'no2': 18146, 'o3': 18147}, 'pm': {'pm1': 13221, 'pm10': 13223, 'pm25': 13222}}",2.6,4.77,10.99,7.77,9.79,8.76,732998938,61.9,MOD-00620,21.8,2026-07-18T17:24:00,2026-07-18T10:24:00,https://api.quant-aq.com/v1/devices/MOD-00620/data/732998732
234.34,603.52,"{'lat': None, 'lon': None}","{'rh': 60.9, 'temp': 21.8, 'wd': 0.0, 'ws': 0.0, 'ws_scalar': 0.0}","{'gas': {'co': 18144, 'co2': 13267, 'no': 18145, 'no2': 18146, 'o3': 18147}, 'pm': {'pm1': 13221, 'pm10': 13223, 'pm25': 13222}}",3.37,4.26,11.84,8.29,10.33,9.12,732998936,60.9,MOD-00620,21.8,2026-07-18T17:23:00,2026-07-18T10:23:00,https://api.quant-aq.com/v1/devices/MOD-00620/data/732998730
240.08,606.53,"{'lat': None, 'lon': None}","{'rh': 60.9, 'temp': 21.8, 'wd': 0.0, 'ws': 0.0, 'ws_scalar': 0.0}","{'gas': {'co': 18144, 'co2': 13267, 'no': 18145, 'no2': 18146, 'o3': 18147}, 'pm': {'pm1': 13221, 'pm10': 13223, 'pm25': 13222}}",3.05,4.3,13.08,6.59,11.45,7.46,732996802,60.9,MOD-00620,21.8,2026-07-18T17:22:00,2026-07-18T10:22:00,https://api.quant-aq.com/v1/devices/MOD-00620/data/732996596
243.15,607.37,"{'lat': None, 'lon': None}","{'rh': 61.2, 'temp': 21.8, 'wd': 0.0, 'ws': 0.0, 'ws_scalar': 0.0}","{'gas': {'co': 18144, 'co2': 13267, 'no': 18145, 'no2': 18146, 'o3': 18147}, 'pm': {'pm1': 13221, 'pm10': 13223, 'pm25': 13222}}",3.85,4.3,12.15,9.92,11.34,10.86,732996803,61.2,MOD-00620,21.8,2026-07-18T17:21:00,2026-07-18T10:21:00,https://api.quant-aq.com/v1/devices/MOD-00620/data/732996597
240.13,608.58,"{'lat': None, 'lon': None}","{'rh': 62.0, 'temp': 21.8, 'wd': 0.0, 'ws': 0.0, 'ws_scalar': 0.0}","{'gas': {'co': 18144, 'co2': 13267, 'no': 18145, 'no2': 18146, 'o3': 18147}, 'pm': {'pm1': 13221, 'pm10': 13223, 'pm25': 13222}}",3.14,4.43,11.72,11.33,17.07,12.17,732996801,62.0,MOD-00620,21.8,2026-07-18T17:20:00,2026-07-18T10:20:00,https://api.quant-aq.com/v1/devices/MOD-00620/data/732996595
246.92,605.33,"{'lat': None, 'lon': None}","{'rh': 60.5, 'temp': 21.8, 'wd': 0.0, 'ws': 0.0, 'ws_scalar': 0.0}","{'gas': {'co': 18144, 'co2': 13267, 'no': 18145, 'no2': 18146, 'o3': 18147}, 'pm': {'pm1': 13221, 'pm10': 13223, 'pm25': 13222}}",3.05,4.17,13.03,10.64,16.08,11.32,732996800,60.5,MOD-00620,21.8,2026-07-18T17:19:00,2026-07-18T10:19:00,https://api.quant-aq.com/v1/devices/MOD-00620/data/732996594
246.85,605.57,"{'lat': None, 'lon': None}","{'rh': 60.6, 'temp': 21.8, 'wd': 0.0, 'ws': 0.0, 'ws_scalar': 0.0}","{'gas': {'co': 18144, 'co2': 13267, 'no': 18145, 'no2': 18146, 'o3': 18147}, 'pm': {'pm1': 13221, 'pm10': 13223, 'pm25': 13222}}",2.99,4.21,13.35,9.63,13.1,10.26,732994618,60.6,MOD-00620,21.8,2026-07-18T17:18:00,2026-07-18T10:18:00,https://api.quant-aq.com/v1/devices/MOD-00620/data/732994413
250.54,607.01,"{'lat': None, 'lon': None}","{'rh': 60.6, 'temp': 21.8, 'wd': 0.0, 'ws': 0.0, 'ws_scalar': 0.0}","{'gas': {'co': 18144, 'co2': 13267, 'no': 18145, 'no2': 18146, 'o3': 18147}, 'pm': {'pm1': 13221, 'pm10': 13223, 'pm25': 13222}}",5.39,3.83,16.86,7.96,10.85,8.81,732994617,60.6,MOD-00620,21.8,2026-07-18T17:17:00,2026-07-18T10:17:00,https://api.quant-aq.com/v1/devices/MOD-00620/data/732994410
253.3,607.49,"{'lat': None, 'lon': None}","{'rh': 63.1, 'temp': 21.8, 'wd': 0.0, 'ws': 0.0, 'ws_scalar': 0.0}","{'gas': {'co': 18144, 'co2': 13267, 'no': 18145, 'no2': 18146, 'o3': 18147}, 'pm': {'pm1': 13221, 'pm10': 13223, 'pm25': 13222}}",5.79,4.08,14.78,9.4,13.65,10.11,732994616,63.1,MOD-00620,21.8,2026-07-18T17:16:00,2026-07-18T10:16:00,https://api.quant-aq.com/v1/devices/MOD-00620/data/732994409
254.47,610.75,"{'lat': None, 'lon': None}","{'rh': 63.6, 'temp': 21.7, 'wd': 0.0, 'ws': 0.0, 'ws_scalar': 0.0}","{'gas': {'co': 18144, 'co2': 13267, 'no': 18145, 'no2': 18146, 'o3': 18147}, 'pm': {'pm1': 13221, 'pm10': 13223, 'pm25': 13222}}",2.84,4.6,14.77,8.56,10.41,9.49,732994615,63.6,MOD-00620,21.7,2026-07-18T17:15:00,2026-07-18T10:15:00,https://api.quant-aq.com/v1/devices/MOD-00620/data/732994411
256.03,611.23,"{'lat': None, 'lon': None}","{'rh': 64.3, 'temp': 21.7, 'wd': 0.0, 'ws': 0.0, 'ws_scalar': 0.0}","{'gas': {'co': 18144, 'co2': 13267, 'no': 18145, 'no2': 18146, 'o3': 18147}, 'pm': {'pm1': 13221, 'pm10': 13223, 'pm25': 13222}}",2.73,5.29,11.66,10.01,13.41,10.92,732992431,64.3,MOD-00620,21.7,2026-07-18T17:14:00,2026-07-18T10:14:00,https://api.quant-aq.com/v1/devices/MOD-00620/data/732992224
256.61,611.11,"{'lat': None, 'lon': None}","{'rh': 62.9, 'temp': 21.7, 'wd': 0.0, 'ws': 0.0, 'ws_scalar': 0.0}","{'gas': {'co': 18144, 'co2': 13267, 'no': 18145, 'no2': 18146, 'o3': 18147}, 'pm': {'pm1': 13221, 'pm10': 13223, 'pm25': 13222}}",2.78,4.87,11.59,9.45,11.48,10.52,732992429,62.9,MOD-00620,21.7,2026-07-18T17:13:00,2026-07-18T10:13:00,https://api.quant-aq.com/v1/devices/MOD-00620/data/732992223
260.46,610.14,"{'lat': None, 'lon': None}","{'rh': 61.5, 'temp': 21.7, 'wd': 0.0, 'ws': 0.0, 'ws_scalar': 0.0}","{'gas': {'co': 18144, 'co2': 13267, 'no': 18145, 'no2': 18146, 'o3': 18147}, 'pm': {'pm1': 13221, 'pm10': 13223, 'pm25': 13222}}",3.92,4.18,11.93,10.09,21.0,11.0,732992427,61.5,MOD-00620,21.7,2026-07-18T17:12:00,2026-07-18T10:12:00,https://api.quant-aq.com/v1/devices/MOD-00620/data/732992221
262.64,609.78,"{'lat': None, 'lon': None}","{'rh': 61.9, 'temp': 21.7, 'wd': 0.0, 'ws': 0.0, 'ws_scalar': 0.0}","{'gas': {'co': 18144, 'co2': 13267, 'no': 18145, 'no2': 18146, 'o3': 18147}, 'pm': {'pm1': 13221, 'pm10': 13223, 'pm25': 13222}}",3.17,4.42,11.74,11.0,13.83,11.99,732992430,61.9,MOD-00620,21.7,2026-07-18T17:11:00,2026-07-18T10:11:00,https://api.quant-aq.com/v1/devices/MOD-00620/data/732992225
263.39,607.01,"{'lat': None, 'lon': None}","{'rh': 62.0, 'temp': 21.7, 'wd': 0.0, 'ws': 0.0, 'ws_scalar': 0.0}","{'gas': {'co': 18144, 'co2': 13267, 'no': 18145, 'no2': 18146, 'o3': 18147}, 'pm': {'pm1': 13221, 'pm10': 13223, 'pm25': 13222}}",3.32,4.31,11.07,11.58,16.37,12.48,732990222,62.0,MOD-00620,21.7,2026-07-18T17:10:00,2026-07-18T10:10:00,https://api.quant-aq.com/v1/devices/MOD-00620/data/732990016
261.82,608.82,"{'lat': None, 'lon': None}","{'rh': 61.9, 'temp': 21.7, 'wd': 0.0, 'ws': 0.0, 'ws_scalar': 0.0}","{'gas': {'co': 18144, 'co2': 13267, 'no': 18145, 'no2': 18146, 'o3': 18147}, 'pm': {'pm1': 13221, 'pm10': 13223, 'pm25': 13222}}",3.11,4.47,10.25,10.94,15.2,11.92,732990218,61.9,MOD-00620,21.7,2026-07-18T17:09:00,2026-07-18T10:09:00,https://api.quant-aq.com/v1/devices/MOD-00620/data/732990012
264.51,608.7,"{'lat': None, 'lon': None}","{'rh': 61.0, 'temp': 21.7, 'wd': 0.0, 'ws': 0.0, 'ws_scalar': 0.0}","{'gas': {'co': 18144, 'co2': 13267, 'no': 18145, 'no2': 18146, 'o3': 18147}, 'pm': {'pm1': 13221, 'pm10': 13223, 'pm25': 13222}}",4.06,3.99,13.04,7.19,14.83,8.27,732990221,61.0,MOD-00620,21.7,2026-07-18T17:08:00,2026-07-18T10:08:00,https://api.quant-aq.com/v1/devices/MOD-00620/data/732990015
271.0,610.75,"{'lat': None, 'lon': None}","{'rh': 62.1, 'temp': 21.6, 'wd': 0.0, 'ws': 0.0, 'ws_scalar': 0.0}","{'gas': {'co': 18144, 'co2': 13267, 'no': 18145, 'no2': 18146, 'o3': 18147}, 'pm': {'pm1': 13221, 'pm10': 13223, 'pm25': 13222}}",4.32,4.29,10.16,7.15,9.33,8.07,732990220,62.1,MOD-00620,21.6,2026-07-18T17:07:00,2026-07-18T10:07:00,https://api.quant-aq.com/v1/devices/MOD-00620/data/732990014
272.3,606.41,"{'lat': None, 'lon': None}","{'rh': 62.0, 'temp': 21.6, 'wd': 0.0, 'ws': 0.0, 'ws_scalar': 0.0}","{'gas': {'co': 18144, 'co2': 13267, 'no': 18145, 'no2': 18146, 'o3': 18147}, 'pm': {'pm1': 13221, 'pm10': 13223, 'pm25': 13222}}",3.22,4.45,8.88,10.57,12.3,11.55,732988049,62.0,MOD-00620,21.6,2026-07-18T17:06:00,2026-07-18T10:06:00,https://api.quant-aq.com/v1/devices/MOD-00620/data/732987843
274.99,610.62,"{'lat': None, 'lon': None}","{'rh': 62.1, 'temp': 21.5, 'wd': 0.0, 'ws': 0.0, 'ws_scalar': 0.0}","{'gas': {'co': 18144, 'co2': 13267, 'no': 18145, 'no2': 18146, 'o3': 18147}, 'pm': {'pm1': 13221, 'pm10': 13223, 'pm25': 13222}}",5.63,4.1,10.66,10.49,12.76,11.65,732988048,62.1,MOD-00620,21.5,2026-07-18T17:05:00,2026-07-18T10:05:00,https://api.quant-aq.com/v1/devices/MOD-00620/data/732987842
271.16,609.06,"{'lat': None, 'lon': None}","{'rh': 62.3, 'temp': 21.5, 'wd': 0.0, 'ws': 0.0, 'ws_scalar': 0.0}","{'gas': {'co': 18144, 'co2': 13267, 'no': 18145, 'no2': 18146, 'o3': 18147}, 'pm': {'pm1': 13221, 'pm10': 13223, 'pm25': 13222}}",3.2,4.42,10.7,9.65,19.41,10.39,732988051,62.3,MOD-00620,21.5,2026-07-18T17:04:00,2026-07-18T10:04:00,https://api.quant-aq.com/v1/devices/MOD-00620/data/732987845
273.36,607.01,"{'lat': None, 'lon': None}","{'rh': 63.1, 'temp': 21.4, 'wd': 0.0, 'ws': 0.0, 'ws_scalar': 0.0}","{'gas': {'co': 18144, 'co2': 13267, 'no': 18145, 'no2': 18146, 'o3': 18147}, 'pm': {'pm1': 13221, 'pm10': 13223, 'pm25': 13222}}",3.7,4.39,10.19,10.62,14.66,11.58,732988050,63.1,MOD-00620,21.4,2026-07-18T17:03:00,2026-07-18T10:03:00,https://api.quant-aq.com/v1/devices/MOD-00620/data/732987844
277.32,607.85,"{'lat': None, 'lon': None}","{'rh': 63.3, 'temp': 21.4, 'wd': 0.0, 'ws': 0.0, 'ws_scalar': 0.0}","{'gas': {'co': 18144, 'co2': 13267, 'no': 18145, 'no2': 18146, 'o3': 18147}, 'pm': {'pm1': 13221, 'pm10': 13223, 'pm25': 13222}}",4.18,4.33,11.22,10.11,11.8,11.06,732985890,63.3,MOD-00620,21.4,2026-07-18T17:02:00,2026-07-18T10:02:00,https://api.quant-aq.com/v1/devices/MOD-00620/data/732985684
275.63,612.43,"{'lat': None, 'lon': None}","{'rh': 63.8, 'temp': 21.3, 'wd': 0.0, 'ws': 0.0, 'ws_scalar': 0.0}","{'gas': {'co': 18144, 'co2': 13267, 'no': 18145, 'no2': 18146, 'o3': 18147}, 'pm': {'pm1': 13221, 'pm10': 13223, 'pm25': 13222}}",4.41,4.3,12.1,6.37,10.75,7.16,732985889,63.8,MOD-00620,21.3,2026-07-18T17:01:00,2026-07-18T10:01:00,https://api.quant-aq.com/v1/devices/MOD-00620/data/732985682
271.32,614.24,"{'lat': None, 'lon': None}","{'rh': 65.1, 'temp': 21.2, 'wd': 0.0, 'ws': 0.0, 'ws_scalar': 0.0}","{'gas': {'co': 18144, 'co2': 13267, 'no': 18145, 'no2': 18146, 'o3': 18147}, 'pm': {'pm1': 13221, 'pm10': 13223, 'pm25': 13222}}",4.83,4.2,13.51,7.0,9.55,8.16,732985887,65.1,MOD-00620,21.2,2026-07-18T17:00:00,2026-07-18T10:00:00,https://api.quant-aq.com/v1/devices/MOD-00620/data/732985683
269.69,613.64,"{'lat': None, 'lon': None}","{'rh': 67.1, 'temp': 21.0, 'wd': 0.0, 'ws': 0.0, 'ws_scalar': 0.0}","{'gas': {'co': 18144, 'co2': 13267, 'no': 18145, 'no2': 18146, 'o3': 18147}, 'pm': {'pm1': 13221, 'pm10': 13223, 'pm25': 13222}}",2.76,5.79,10.22,7.66,20.68,8.79,732985888,67.1,MOD-00620,21.0,2026-07-18T16:59:00,2026-07-18T09:59:00,https://api.quant-aq.com/v1/devices/MOD-00620/data/732985681
271.93,612.31,"{'lat': None, 'lon': None}","{'rh': 66.1, 'temp': 20.9, 'wd': 0.0, 'ws': 0.0, 'ws_scalar': 0.0}","{'gas': {'co': 18144, 'co2': 13267, 'no': 18145, 'no2': 18146, 'o3': 18147}, 'pm': {'pm1': 13221, 'pm10': 13223, 'pm25': 13222}}",3.33,4.76,10.75,6.19,10.78,6.97,732983694,66.1,MOD-00620,20.9,2026-07-18T16:58:00,2026-07-18T09:58:00,https://api.quant-aq.com/v1/devices/MOD-00620/data/732983488
269.37,613.39,"{'lat': None, 'lon': None}","{'rh': 65.5, 'temp': 20.8, 'wd': 0.0, 'ws': 0.0, 'ws_scalar': 0.0}","{'gas': {'co': 18144, 'co2': 13267, 'no': 18145, 'no2': 18146, 'o3': 18147}, 'pm': {'pm1': 13221, 'pm10': 13223, 'pm25': 13222}}",4.15,4.56,10.72,6.7,10.33,7.78,732983692,65.5,MOD-00620,20.8,2026-07-18T16:57:00,2026-07-18T09:57:00,https://api.quant-aq.com/v1/devices/MOD-00620/data/732983486
269.76,615.56,"{'lat': None, 'lon': None}","{'rh': 65.8, 'temp': 20.6, 'wd': 0.0, 'ws': 0.0, 'ws_scalar': 0.0}","{'gas': {'co': 18144, 'co2': 13267, 'no': 18145, 'no2': 18146, 'o3': 18147}, 'pm': {'pm1': 13221, 'pm10': 13223, 'pm25': 13222}}",3.66,4.51,10.72,8.76,12.18,9.64,732983691,65.8,MOD-00620,20.6,2026-07-18T16:56:00,2026-07-18T09:56:00,https://api.quant-aq.com/v1/devices/MOD-00620/data/732983485
263.69,617.01,"{'lat': None, 'lon': None}","{'rh': 66.1, 'temp': 20.5, 'wd': 0.0, 'ws': 0.0, 'ws_scalar': 0.0}","{'gas': {'co': 18144, 'co2': 13267, 'no': 18145, 'no2': 18146, 'o3': 18147}, 'pm': {'pm1': 13221, 'pm10': 13223, 'pm25': 13222}}",3.7,4.61,10.46,10.48,12.57,11.5,732983693,66.1,MOD-00620,20.5,2026-07-18T16:55:00,2026-07-18T09:55:00,https://api.quant-aq.com/v1/devices/MOD-00620/data/732983487
268.57,616.53,"{'lat': None, 'lon': None}","{'rh': 66.0, 'temp': 20.4, 'wd': 0.0, 'ws': 0.0, 'ws_scalar': 0.0}","{'gas': {'co': 18144, 'co2': 13267, 'no': 18145, 'no2': 18146, 'o3': 18147}, 'pm': {'pm1': 13221, 'pm10': 13223, 'pm25': 13222}}",4.4,4.52,11.06,11.12,15.08,12.04,732981442,66.0,MOD-00620,20.4,2026-07-18T16:54:00,2026-07-18T09:54:00,https://api.quant-aq.com/v1/devices/MOD-00620/data/732981236
268.53,616.89,"{'lat': None, 'lon': None}","{'rh': 65.9, 'temp': 20.3, 'wd': 0.0, 'ws': 0.0, 'ws_scalar': 0.0}","{'gas': {'co': 18144, 'co2': 13267, 'no': 18145, 'no2': 18146, 'o3': 18147}, 'pm': {'pm1': 13221, 'pm10': 13223, 'pm25': 13222}}",3.21,4.44,11.66,13.48,17.91,14.51,732981441,65.9,MOD-00620,20.3,2026-07-18T16:53:00,2026-07-18T09:53:00,https://api.quant-aq.com/v1/devices/MOD-00620/data/732981235
263.14,617.97,"{'lat': None, 'lon': None}","{'rh': 67.0, 'temp': 20.2, 'wd': 0.0, 'ws': 0.0, 'ws_scalar': 0.0}","{'gas': {'co': 18144, 'co2': 13267, 'no': 18145, 'no2': 18146, 'o3': 18147}, 'pm': {'pm1': 13221, 'pm10': 13223, 'pm25': 13222}}",4.78,4.42,10.1,9.9,15.69,10.95,732981444,67.0,MOD-00620,20.2,2026-07-18T16:52:00,2026-07-18T09:52:00,https://api.quant-aq.com/v1/devices/MOD-00620/data/732981238
271.29,617.49,"{'lat': None, 'lon': None}","{'rh': 67.5, 'temp': 20.1, 'wd': 0.0, 'ws': 0.0, 'ws_scalar': 0.0}","{'gas': {'co': 18144, 'co2': 13267, 'no': 18145, 'no2': 18146, 'o3': 18147}, 'pm': {'pm1': 13221, 'pm10': 13223, 'pm25': 13222}}",3.65,4.5,10.74,8.32,11.26,9.48,732981443,67.5,MOD-00620,20.1,2026-07-18T16:51:00,2026-07-18T09:51:00,https://api.quant-aq.com/v1/devices/MOD-00620/data/732981237
272.0,618.33,"{'lat': None, 'lon': None}","{'rh': 67.5, 'temp': 20.0, 'wd': 0.0, 'ws': 0.0, 'ws_scalar': 0.0}","{'gas': {'co': 18144, 'co2': 13267, 'no': 18145, 'no2': 18146, 'o3': 18147}, 'pm': {'pm1': 13221, 'pm10': 13223, 'pm25': 13222}}",4.35,4.29,12.49,10.15,13.97,11.24,732979249,67.5,MOD-00620,20.0,2026-07-18T16:50:00,2026-07-18T09:50:00,https://api.quant-aq.com/v1/devices/MOD-00620/data/732979044
266.94,620.38,"{'lat': None, 'lon': None}","{'rh': 68.7, 'temp': 19.9, 'wd': 0.0, 'ws': 0.0, 'ws_scalar': 0.0}","{'gas': {'co': 18144, 'co2': 13267, 'no': 18145, 'no2': 18146, 'o3': 18147}, 'pm': {'pm1': 13221, 'pm10': 13223, 'pm25': 13222}}",3.22,4.31,11.71,8.63,20.25,9.56,732979245,68.7,MOD-00620,19.9,2026-07-18T16:49:00,2026-07-18T09:49:00,https://api.quant-aq.com/v1/devices/MOD-00620/data/732979038
270.45,621.34,"{'lat': None, 'lon': None}","{'rh': 68.8, 'temp': 19.8, 'wd': 0.0, 'ws': 0.0, 'ws_scalar': 0.0}","{'gas': {'co': 18144, 'co2': 13267, 'no': 18145, 'no2': 18146, 'o3': 18147}, 'pm': {'pm1': 13221, 'pm10': 13223, 'pm25': 13222}}",3.4,4.59,12.13,9.82,13.03,10.73,732979247,68.8,MOD-00620,19.8,2026-07-18T16:48:00,2026-07-18T09:48:00,https://api.quant-aq.com/v1/devices/MOD-00620/data/732979041
266.76,615.56,"{'lat': None, 'lon': None}","{'rh': 70.4, 'temp': 19.7, 'wd': 0.0, 'ws': 0.0, 'ws_scalar': 0.0}","{'gas': {'co': 18144, 'co2': 13267, 'no': 18145, 'no2': 18146, 'o3': 18147}, 'pm': {'pm1': 13221, 'pm10': 13223, 'pm25': 13222}}",3.39,4.98,10.04,8.61,13.09,9.58,732979246,70.4,MOD-00620,19.7,2026-07-18T16:47:00,2026-07-18T09:47:00,https://api.quant-aq.com/v1/devices/MOD-00620/data/732979040
258.43,620.5,"{'lat': None, 'lon': None}","{'rh': 69.1, 'temp': 19.5, 'wd': 0.0, 'ws': 0.0, 'ws_scalar': 0.0}","{'gas': {'co': 18144, 'co2': 13267, 'no': 18145, 'no2': 18146, 'o3': 18147}, 'pm': {'pm1': 13221, 'pm10': 13223, 'pm25': 13222}}",3.21,4.52,11.23,12.01,15.09,13.2,732977087,69.1,MOD-00620,19.5,2026-07-18T16:46:00,2026-07-18T09:46:00,https://api.quant-aq.com/v1/devices/MOD-00620/data/732976879
256.04,619.9,"{'lat': None, 'lon': None}","{'rh': 69.0, 'temp': 19.5, 'wd': 0.0, 'ws': 0.0, 'ws_scalar': 0.0}","{'gas': {'co': 18144, 'co2': 13267, 'no': 18145, 'no2': 18146, 'o3': 18147}, 'pm': {'pm1': 13221, 'pm10': 13223, 'pm25': 13222}}",4.83,3.92,13.26,11.15,14.08,12.33,732977085,69.0,MOD-00620,19.5,2026-07-18T16:45:00,2026-07-18T09:45:00,https://api.quant-aq.com/v1/devices/MOD-00620/data/732976882
253.57,620.14,"{'lat': None, 'lon': None}","{'rh': 70.6, 'temp': 19.4, 'wd': 0.0, 'ws': 0.0, 'ws_scalar': 0.0}","{'gas': {'co': 18144, 'co2': 13267, 'no': 18145, 'no2': 18146, 'o3': 18147}, 'pm': {'pm1': 13221, 'pm10': 13223, 'pm25': 13222}}",2.21,5.69,9.45,11.56,14.85,12.63,732977083,70.6,MOD-00620,19.4,2026-07-18T16:44:00,2026-07-18T09:44:00,https://api.quant-aq.com/v1/devices/MOD-00620/data/732976877
256.28,618.09,"{'lat': None, 'lon': None}","{'rh': 69.5, 'temp': 19.3, 'wd': 0.0, 'ws': 0.0, 'ws_scalar': 0.0}","{'gas': {'co': 18144, 'co2': 13267, 'no': 18145, 'no2': 18146, 'o3': 18147}, 'pm': {'pm1': 13221, 'pm10': 13223, 'pm25': 13222}}",2.95,4.65,11.44,10.56,12.74,11.68,732977082,69.5,MOD-00620,19.3,2026-07-18T16:43:00,2026-07-18T09:43:00,https://api.quant-aq.com/v1/devices/MOD-00620/data/732976876
260.19,617.49,"{'lat': None, 'lon': None}","{'rh': 69.2, 'temp': 19.3, 'wd': 0.0, 'ws': 0.0, 'ws_scalar': 0.0}","{'gas': {'co': 18144, 'co2': 13267, 'no': 18145, 'no2': 18146, 'o3': 18147}, 'pm': {'pm1': 13221, 'pm10': 13223, 'pm25': 13222}}",3.74,4.09,12.78,10.08,13.83,11.26,732974903,69.2,MOD-00620,19.3,2026-07-18T16:42:00,2026-07-18T09:42:00,https://api.quant-aq.com/v1/devices/MOD-00620/data/732974698
257.98,620.86,"{'lat': None, 'lon': None}","{'rh': 70.0, 'temp': 19.3, 'wd': 0.0, 'ws': 0.0, 'ws_scalar': 0.0}","{'gas': {'co': 18144, 'co2': 13267, 'no': 18145, 'no2': 18146, 'o3': 18147}, 'pm': {'pm1': 13221, 'pm10': 13223, 'pm25': 13222}}",3.06,4.51,11.07,10.12,15.31,11.21,732974904,70.0,MOD-00620,19.3,2026-07-18T16:41:00,2026-07-18T09:41:00,https://api.quant-aq.com/v1/devices/MOD-00620/data/732974697
255.81,620.02,"{'lat': None, 'lon': None}","{'rh': 70.6, 'temp': 19.2, 'wd': 0.0, 'ws': 0.0, 'ws_scalar': 0.0}","{'gas': {'co': 18144, 'co2': 13267, 'no': 18145, 'no2': 18146, 'o3': 18147}, 'pm': {'pm1': 13221, 'pm10': 13223, 'pm25': 13222}}",4.9,4.19,10.95,8.98,13.94,10.23,732974901,70.6,MOD-00620,19.2,2026-07-18T16:40:00,2026-07-18T09:40:00,https://api.quant-aq.com/v1/devices/MOD-00620/data/732974695
259.78,622.19,"{'lat': None, 'lon': None}","{'rh': 70.2, 'temp': 19.2, 'wd': 0.0, 'ws': 0.0, 'ws_scalar': 0.0}","{'gas': {'co': 18144, 'co2': 13267, 'no': 18145, 'no2': 18146, 'o3': 18147}, 'pm': {'pm1': 13221, 'pm10': 13223, 'pm25': 13222}}",2.2,5.53,10.08,10.69,14.08,12.13,732974902,70.2,MOD-00620,19.2,2026-07-18T16:39:00,2026-07-18T09:39:00,https://api.quant-aq.com/v1/devices/MOD-00620/data/732974696
256.51,619.9,"{'lat': None, 'lon': None}","{'rh': 69.6, 'temp': 19.2, 'wd': 0.0, 'ws': 0.0, 'ws_scalar': 0.0}","{'gas': {'co': 18144, 'co2': 13267, 'no': 18145, 'no2': 18146, 'o3': 18147}, 'pm': {'pm1': 13221, 'pm10': 13223, 'pm25': 13222}}",4.27,4.26,10.11,9.61,17.89,10.7,732972743,69.6,MOD-00620,19.2,2026-07-18T16:38:00,2026-07-18T09:38:00,https://api.quant-aq.com/v1/devices/MOD-00620/data/732972537
257.22,618.94,"{'lat': None, 'lon': None}","{'rh': 69.6, 'temp': 19.1, 'wd': 0.0, 'ws': 0.0, 'ws_scalar': 0.0}","{'gas': {'co': 18144, 'co2': 13267, 'no': 18145, 'no2': 18146, 'o3': 18147}, 'pm': {'pm1': 13221, 'pm10': 13223, 'pm25': 13222}}",2.51,4.42,10.79,10.06,15.19,11.27,732972742,69.6,MOD-00620,19.1,2026-07-18T16:37:00,2026-07-18T09:37:00,https://api.quant-aq.com/v1/devices/MOD-00620/data/732972536
252.78,617.13,"{'lat': None, 'lon': None}","{'rh': 69.5, 'temp': 19.1, 'wd': 0.0, 'ws': 0.0, 'ws_scalar': 0.0}","{'gas': {'co': 18144, 'co2': 13267, 'no': 18145, 'no2': 18146, 'o3': 18147}, 'pm': {'pm1': 13221, 'pm10': 13223, 'pm25': 13222}}",3.19,4.18,10.71,10.4,14.3,11.59,732972740,69.5,MOD-00620,19.1,2026-07-18T16:36:00,2026-07-18T09:36:00,https://api.quant-aq.com/v1/devices/MOD-00620/data/732972534
257.28,616.77,"{'lat': None, 'lon': None}","{'rh': 70.1, 'temp': 19.1, 'wd': 0.0, 'ws': 0.0, 'ws_scalar': 0.0}","{'gas': {'co': 18144, 'co2': 13267, 'no': 18145, 'no2': 18146, 'o3': 18147}, 'pm': {'pm1': 13221, 'pm10': 13223, 'pm25': 13222}}",2.69,4.69,10.38,10.31,22.23,11.65,732972739,70.1,MOD-00620,19.1,2026-07-18T16:35:00,2026-07-18T09:35:00,https://api.quant-aq.com/v1/devices/MOD-00620/data/732972535
265.7,619.42,"{'lat': None, 'lon': None}","{'rh': 69.8, 'temp': 19.1, 'wd': 0.0, 'ws': 0.0, 'ws_scalar': 0.0}","{'gas': {'co': 18144, 'co2': 13267, 'no': 18145, 'no2': 18146, 'o3': 18147}, 'pm': {'pm1': 13221, 'pm10': 13223, 'pm25': 13222}}",3.11,3.89,11.64,9.99,14.16,11.15,732970550,69.8,MOD-00620,19.1,2026-07-18T16:34:00,2026-07-18T09:34:00,https://api.quant-aq.com/v1/devices/MOD-00620/data/732970344
271.09,618.94,"{'lat': None, 'lon': None}","{'rh': 71.3, 'temp': 19.0, 'wd': 0.0, 'ws': 0.0, 'ws_scalar': 0.0}","{'gas': {'co': 18144, 'co2': 13267, 'no': 18145, 'no2': 18146, 'o3': 18147}, 'pm': {'pm1': 13221, 'pm10': 13223, 'pm25': 13222}}",3.47,4.37,11.01,9.25,17.32,10.44,732970549,71.3,MOD-00620,19.0,2026-07-18T16:33:00,2026-07-18T09:33:00,https://api.quant-aq.com/v1/devices/MOD-00620/data/732970343
268.84,618.21,"{'lat': None, 'lon': None}","{'rh': 71.0, 'temp': 19.0, 'wd': 0.0, 'ws': 0.0, 'ws_scalar': 0.0}","{'gas': {'co': 18144, 'co2': 13267, 'no': 18145, 'no2': 18146, 'o3': 18147}, 'pm': {'pm1': 13221, 'pm10': 13223, 'pm25': 13222}}",2.53,4.85,10.54,11.16,19.02,12.18,732970547,71.0,MOD-00620,19.0,2026-07-18T16:32:00,2026-07-18T09:32:00,https://api.quant-aq.com/v1/devices/MOD-00620/data/732970341
273.22,616.77,"{'lat': None, 'lon': None}","{'rh': 70.6, 'temp': 19.0, 'wd': 0.0, 'ws': 0.0, 'ws_scalar': 0.0}","{'gas': {'co': 18144, 'co2': 13267, 'no': 18145, 'no2': 18146, 'o3': 18147}, 'pm': {'pm1': 13221, 'pm10': 13223, 'pm25': 13222}}",2.89,4.24,10.85,10.24,16.95,11.38,732970548,70.6,MOD-00620,19.0,2026-07-18T16:31:00,2026-07-18T09:31:00,https://api.quant-aq.com/v1/devices/MOD-00620/data/732970342
268.77,620.98,"{'lat': None, 'lon': None}","{'rh': 71.1, 'temp': 19.0, 'wd': 0.0, 'ws': 0.0, 'ws_scalar': 0.0}","{'gas': {'co': 18144, 'co2': 13267, 'no': 18145, 'no2': 18146, 'o3': 18147}, 'pm': {'pm1': 13221, 'pm10': 13223, 'pm25': 13222}}",3.13,4.2,11.72,9.61,12.95,10.73,732968144,71.1,MOD-00620,19.0,2026-07-18T16:30:00,2026-07-18T09:30:00,https://api.quant-aq.com/v1/devices/MOD-00620/data/732967938
270.01,621.22,"{'lat': None, 'lon': None}","{'rh': 72.1, 'temp': 18.9, 'wd': 0.0, 'ws': 0.0, 'ws_scalar': 0.0}","{'gas': {'co': 18144, 'co2': 13267, 'no': 18145, 'no2': 18146, 'o3': 18147}, 'pm': {'pm1': 13221, 'pm10': 13223, 'pm25': 13222}}",2.49,5.2,9.64,9.79,13.66,10.96,732968145,72.1,MOD-00620,18.9,2026-07-18T16:29:00,2026-07-18T09:29:00,https://api.quant-aq.com/v1/devices/MOD-00620/data/732967941
268.39,621.22,"{'lat': None, 'lon': None}","{'rh': 70.9, 'temp': 18.9, 'wd': 0.0, 'ws': 0.0, 'ws_scalar': 0.0}","{'gas': {'co': 18144, 'co2': 13267, 'no': 18145, 'no2': 18146, 'o3': 18147}, 'pm': {'pm1': 13221, 'pm10': 13223, 'pm25': 13222}}",3.09,4.3,12.08,8.78,30.29,9.98,732968142,70.9,MOD-00620,18.9,2026-07-18T16:28:00,2026-07-18T09:28:00,https://api.quant-aq.com/v1/devices/MOD-00620/data/732967936
269.7,620.62,"{'lat': None, 'lon': None}","{'rh': 71.8, 'temp': 18.8, 'wd': 0.0, 'ws': 0.0, 'ws_scalar': 0.0}","{'gas': {'co': 18144, 'co2': 13267, 'no': 18145, 'no2': 18146, 'o3': 18147}, 'pm': {'pm1': 13221, 'pm10': 13223, 'pm25': 13222}}",2.66,4.64,10.62,8.34,12.5,9.58,732968141,71.8,MOD-00620,18.8,2026-07-18T16:27:00,2026-07-18T09:27:00,https://api.quant-aq.com/v1/devices/MOD-00620/data/732967935
278.64,623.63,"{'lat': None, 'lon': None}","{'rh': 72.5, 'temp': 18.8, 'wd': 0.0, 'ws': 0.0, 'ws_scalar': 0.0}","{'gas': {'co': 18144, 'co2': 13267, 'no': 18145, 'no2': 18146, 'o3': 18147}, 'pm': {'pm1': 13221, 'pm10': 13223, 'pm25': 13222}}",2.83,5.0,10.2,8.74,13.64,10.27,732965978,72.5,MOD-00620,18.8,2026-07-18T16:26:00,2026-07-18T09:26:00,https://api.quant-aq.com/v1/devices/MOD-00620/data/732965772
260.9,624.48,"{'lat': None, 'lon': None}","{'rh': 71.9, 'temp': 18.7, 'wd': 0.0, 'ws': 0.0, 'ws_scalar': 0.0}","{'gas': {'co': 18144, 'co2': 13267, 'no': 18145, 'no2': 18146, 'o3': 18147}, 'pm': {'pm1': 13221, 'pm10': 13223, 'pm25': 13222}}",2.47,4.62,10.17,8.25,29.35,9.42,732965977,71.9,MOD-00620,18.7,2026-07-18T16:25:00,2026-07-18T09:25:00,https://api.quant-aq.com/v1/devices/MOD-00620/data/732965771
260.64,621.95,"{'lat': None, 'lon': None}","{'rh': 71.7, 'temp': 18.7, 'wd': 0.0, 'ws': 0.0, 'ws_scalar': 0.0}","{'gas': {'co': 18144, 'co2': 13267, 'no': 18145, 'no2': 18146, 'o3': 18147}, 'pm': {'pm1': 13221, 'pm10': 13223, 'pm25': 13222}}",2.55,4.64,10.64,8.09,15.94,9.35,732965976,71.7,MOD-00620,18.7,2026-07-18T16:24:00,2026-07-18T09:24:00,https://api.quant-aq.com/v1/devices/MOD-00620/data/732965770
263.15,623.27,"{'lat': None, 'lon': None}","{'rh': 72.2, 'temp': 18.7, 'wd': 0.0, 'ws': 0.0, 'ws_scalar': 0.0}","{'gas': {'co': 18144, 'co2': 13267, 'no': 18145, 'no2': 18146, 'o3': 18147}, 'pm': {'pm1': 13221, 'pm10': 13223, 'pm25': 13222}}",3.0,4.6,10.15,6.73,9.95,8.0,732965975,72.2,MOD-00620,18.7,2026-07-18T16:23:00,2026-07-18T09:23:00,https://api.quant-aq.com/v1/devices/MOD-00620/data/732965769
257.98,624.48,"{'lat': None, 'lon': None}","{'rh': 72.4, 'temp': 18.6, 'wd': 0.0, 'ws': 0.0, 'ws_scalar': 0.0}","{'gas': {'co': 18144, 'co2': 13267, 'no': 18145, 'no2': 18146, 'o3': 18147}, 'pm': {'pm1': 13221, 'pm10': 13223, 'pm25': 13222}}",2.2,5.34,9.99,8.35,12.49,9.53,732963835,72.4,MOD-00620,18.6,2026-07-18T16:22:00,2026-07-18T09:22:00,https://api.quant-aq.com/v1/devices/MOD-00620/data/732963629
259.51,620.5,"{'lat': None, 'lon': None}","{'rh': 71.4, 'temp': 18.6, 'wd': 0.0, 'ws': 0.0, 'ws_scalar': 0.0}","{'gas': {'co': 18144, 'co2': 13267, 'no': 18145, 'no2': 18146, 'o3': 18147}, 'pm': {'pm1': 13221, 'pm10': 13223, 'pm25': 13222}}",3.06,4.14,10.84,7.51,10.24,8.83,732963834,71.4,MOD-00620,18.6,2026-07-18T16:21:00,2026-07-18T09:21:00,https://api.quant-aq.com/v1/devices/MOD-00620/data/732963628
257.33,624.11,"{'lat': None, 'lon': None}","{'rh': 72.0, 'temp': 18.5, 'wd': 0.0, 'ws': 0.0, 'ws_scalar': 0.0}","{'gas': {'co': 18144, 'co2': 13267, 'no': 18145, 'no2': 18146, 'o3': 18147}, 'pm': {'pm1': 13221, 'pm10': 13223, 'pm25': 13222}}",2.71,4.6,10.19,8.44,13.32,9.52,732963833,72.0,MOD-00620,18.5,2026-07-18T16:20:00,2026-07-18T09:20:00,https://api.quant-aq.com/v1/devices/MOD-00620/data/732963626
259.25,622.31,"{'lat': None, 'lon': None}","{'rh': 71.6, 'temp': 18.5, 'wd': 0.0, 'ws': 0.0, 'ws_scalar': 0.0}","{'gas': {'co': 18144, 'co2': 13267, 'no': 18145, 'no2': 18146, 'o3': 18147}, 'pm': {'pm1': 13221, 'pm10': 13223, 'pm25': 13222}}",3.0,4.2,10.25,6.79,14.19,7.97,732963832,71.6,MOD-00620,18.5,2026-07-18T16:19:00,2026-07-18T09:19:00,https://api.quant-aq.com/v1/devices/MOD-00620/data/732963627
267.11,625.56,"{'lat': None, 'lon': None}","{'rh': 72.1, 'temp': 18.5, 'wd': 0.0, 'ws': 0.0, 'ws_scalar': 0.0}","{'gas': {'co': 18144, 'co2': 13267, 'no': 18145, 'no2': 18146, 'o3': 18147}, 'pm': {'pm1': 13221, 'pm10': 13223, 'pm25': 13222}}",2.77,4.36,10.88,6.72,15.57,7.92,732961610,72.1,MOD-00620,18.5,2026-07-18T16:18:00,2026-07-18T09:18:00,https://api.quant-aq.com/v1/devices/MOD-00620/data/732961403
266.03,624.48,"{'lat': None, 'lon': None}","{'rh': 72.3, 'temp': 18.4, 'wd': 0.0, 'ws': 0.0, 'ws_scalar': 0.0}","{'gas': {'co': 18144, 'co2': 13267, 'no': 18145, 'no2': 18146, 'o3': 18147}, 'pm': {'pm1': 13221, 'pm10': 13223, 'pm25': 13222}}",2.64,4.84,9.93,5.89,12.75,7.13,732961609,72.3,MOD-00620,18.4,2026-07-18T16:17:00,2026-07-18T09:17:00,https://api.quant-aq.com/v1/devices/MOD-00620/data/732961404
260.63,624.11,"{'lat': None, 'lon': None}","{'rh': 72.4, 'temp': 18.4, 'wd': 0.0, 'ws': 0.0, 'ws_scalar': 0.0}","{'gas': {'co': 18144, 'co2': 13267, 'no': 18145, 'no2': 18146, 'o3': 18147}, 'pm': {'pm1': 13221, 'pm10': 13223, 'pm25': 13222}}",2.77,4.44,9.84,6.66,9.5,7.86,732961605,72.4,MOD-00620,18.4,2026-07-18T16:16:00,2026-07-18T09:16:00,https://api.quant-aq.com/v1/devices/MOD-00620/data/732961399
264.66,626.16,"{'lat': None, 'lon': None}","{'rh': 72.5, 'temp': 18.4, 'wd': 0.0, 'ws': 0.0, 'ws_scalar': 0.0}","{'gas': {'co': 18144, 'co2': 13267, 'no': 18145, 'no2': 18146, 'o3': 18147}, 'pm': {'pm1': 13221, 'pm10': 13223, 'pm25': 13222}}",2.5,4.98,10.25,7.07,11.84,8.39,732961607,72.5,MOD-00620,18.4,2026-07-18T16:15:00,2026-07-18T09:15:00,https://api.quant-aq.com/v1/devices/MOD-00620/data/732961402
267.6,623.39,"{'lat': None, 'lon': None}","{'rh': 72.4, 'temp': 18.4, 'wd': 0.0, 'ws': 0.0, 'ws_scalar': 0.0}","{'gas': {'co': 18144, 'co2': 13267, 'no': 18145, 'no2': 18146, 'o3': 18147}, 'pm': {'pm1': 13221, 'pm10': 13223, 'pm25': 13222}}",3.04,4.44,10.75,7.38,16.61,8.42,732959391,72.4,MOD-00620,18.4,2026-07-18T16:14:00,2026-07-18T09:14:00,https://api.quant-aq.com/v1/devices/MOD-00620/data/732959186
266.45,626.04,"{'lat': None, 'lon': None}","{'rh': 73.3, 'temp': 18.3, 'wd': 0.0, 'ws': 0.0, 'ws_scalar': 0.0}","{'gas': {'co': 18144, 'co2': 13267, 'no': 18145, 'no2': 18146, 'o3': 18147}, 'pm': {'pm1': 13221, 'pm10': 13223, 'pm25': 13222}}",3.02,4.25,11.27,6.54,8.7,7.62,732959386,73.3,MOD-00620,18.3,2026-07-18T16:13:00,2026-07-18T09:13:00,https://api.quant-aq.com/v1/devices/MOD-00620/data/732959180
267.85,631.1,"{'lat': None, 'lon': None}","{'rh': 74.8, 'temp': 18.3, 'wd': 0.0, 'ws': 0.0, 'ws_scalar': 0.0}","{'gas': {'co': 18144, 'co2': 13267, 'no': 18145, 'no2': 18146, 'o3': 18147}, 'pm': {'pm1': 13221, 'pm10': 13223, 'pm25': 13222}}",2.0,7.62,8.28,6.41,9.58,7.56,732959384,74.8,MOD-00620,18.3,2026-07-18T16:12:00,2026-07-18T09:12:00,https://api.quant-aq.com/v1/devices/MOD-00620/data/732959178
262.22,625.56,"{'lat': None, 'lon': None}","{'rh': 72.9, 'temp': 18.3, 'wd': 0.0, 'ws': 0.0, 'ws_scalar': 0.0}","{'gas': {'co': 18144, 'co2': 13267, 'no': 18145, 'no2': 18146, 'o3': 18147}, 'pm': {'pm1': 13221, 'pm10': 13223, 'pm25': 13222}}",2.3,4.94,10.69,6.7,20.99,7.62,732959388,72.9,MOD-00620,18.3,2026-07-18T16:11:00,2026-07-18T09:11:00,https://api.quant-aq.com/v1/devices/MOD-00620/data/732959182
265.56,627.49,"{'lat': None, 'lon': None}","{'rh': 73.4, 'temp': 18.3, 'wd': 0.0, 'ws': 0.0, 'ws_scalar': 0.0}","{'gas': {'co': 18144, 'co2': 13267, 'no': 18145, 'no2': 18146, 'o3': 18147}, 'pm': {'pm1': 13221, 'pm10': 13223, 'pm25': 13222}}",3.11,4.48,9.2,6.96,12.55,8.19,732957202,73.4,MOD-00620,18.3,2026-07-18T16:10:00,2026-07-18T09:10:00,https://api.quant-aq.com/v1/devices/MOD-00620/data/732956996
264.57,625.44,"{'lat': None, 'lon': None}","{'rh': 72.9, 'temp': 18.2, 'wd': 0.0, 'ws': 0.0, 'ws_scalar': 0.0}","{'gas': {'co': 18144, 'co2': 13267, 'no': 18145, 'no2': 18146, 'o3': 18147}, 'pm': {'pm1': 13221, 'pm10': 13223, 'pm25': 13222}}",2.25,4.94,11.16,6.48,18.4,7.84,732957201,72.9,MOD-00620,18.2,2026-07-18T16:09:00,2026-07-18T09:09:00,https://api.quant-aq.com/v1/devices/MOD-00620/data/732956995
264.91,626.28,"{'lat': None, 'lon': None}","{'rh': 73.0, 'temp': 18.2, 'wd': 0.0, 'ws': 0.0, 'ws_scalar': 0.0}","{'gas': {'co': 18144, 'co2': 13267, 'no': 18145, 'no2': 18146, 'o3': 18147}, 'pm': {'pm1': 13221, 'pm10': 13223, 'pm25': 13222}}",2.98,4.27,10.85,6.76,11.27,8.09,732957200,73.0,MOD-00620,18.2,2026-07-18T16:08:00,2026-07-18T09:08:00,https://api.quant-aq.com/v1/devices/MOD-00620/data/732956993
259.55,625.44,"{'lat': None, 'lon': None}","{'rh': 74.2, 'temp': 18.2, 'wd': 0.0, 'ws': 0.0, 'ws_scalar': 0.0}","{'gas': {'co': 18144, 'co2': 13267, 'no': 18145, 'no2': 18146, 'o3': 18147}, 'pm': {'pm1': 13221, 'pm10': 13223, 'pm25': 13222}}",2.45,4.69,11.18,6.4,11.11,7.8,732957199,74.2,MOD-00620,18.2,2026-07-18T16:07:00,2026-07-18T09:07:00,https://api.quant-aq.com/v1/devices/MOD-00620/data/732956994
265.71,624.84,"{'lat': None, 'lon': None}","{'rh': 74.2, 'temp': 18.2, 'wd': 0.0, 'ws': 0.0, 'ws_scalar': 0.0}","{'gas': {'co': 18144, 'co2': 13267, 'no': 18145, 'no2': 18146, 'o3': 18147}, 'pm': {'pm1': 13221, 'pm10': 13223, 'pm25': 13222}}",2.12,6.13,8.95,5.96,39.84,7.39,732954798,74.2,MOD-00620,18.2,2026-07-18T16:06:00,2026-07-18T09:06:00,https://api.quant-aq.com/v1/devices/MOD-00620/data/732954591
256.89,626.52,"{'lat': None, 'lon': None}","{'rh': 73.9, 'temp': 18.2, 'wd': 0.0, 'ws': 0.0, 'ws_scalar': 0.0}","{'gas': {'co': 18144, 'co2': 13267, 'no': 18145, 'no2': 18146, 'o3': 18147}, 'pm': {'pm1': 13221, 'pm10': 13223, 'pm25': 13222}}",2.2,5.43,9.34,6.15,10.14,7.55,732954795,73.9,MOD-00620,18.2,2026-07-18T16:05:00,2026-07-18T09:05:00,https://api.quant-aq.com/v1/devices/MOD-00620/data/732954589
264.18,624.48,"{'lat': None, 'lon': None}","{'rh': 73.3, 'temp': 18.1, 'wd': 0.0, 'ws': 0.0, 'ws_scalar': 0.0}","{'gas': {'co': 18144, 'co2': 13267, 'no': 18145, 'no2': 18146, 'o3': 18147}, 'pm': {'pm1': 13221, 'pm10': 13223, 'pm25': 13222}}",2.18,5.08,9.65,6.62,18.87,7.74,732954796,73.3,MOD-00620,18.1,2026-07-18T16:04:00,2026-07-18T09:04:00,https://api.quant-aq.com/v1/devices/MOD-00620/data/732954590
256.12,619.06,"{'lat': None, 'lon': None}","{'rh': 73.1, 'temp': 18.1, 'wd': 0.0, 'ws': 0.0, 'ws_scalar': 0.0}","{'gas': {'co': 18144, 'co2': 13267, 'no': 18145, 'no2': 18146, 'o3': 18147}, 'pm': {'pm1': 13221, 'pm10': 13223, 'pm25': 13222}}",2.79,4.49,11.07,7.15,14.47,8.38,732954797,73.1,MOD-00620,18.1,2026-07-18T16:03:00,2026-07-18T09:03:00,https://api.quant-aq.com/v1/devices/MOD-00620/data/732954592
262.54,625.44,"{'lat': None, 'lon': None}","{'rh': 73.3, 'temp': 18.1, 'wd': 0.0, 'ws': 0.0, 'ws_scalar': 0.0}","{'gas': {'co': 18144, 'co2': 13267, 'no': 18145, 'no2': 18146, 'o3': 18147}, 'pm': {'pm1': 13221, 'pm10': 13223, 'pm25': 13222}}",2.51,4.61,10.93,6.7,13.16,8.11,732952601,73.3,MOD-00620,18.1,2026-07-18T16:02:00,2026-07-18T09:02:00,https://api.quant-aq.com/v1/devices/MOD-00620/data/732952395
267.04,623.63,"{'lat': None, 'lon': None}","{'rh': 73.9, 'temp': 18.1, 'wd': 0.0, 'ws': 0.0, 'ws_scalar': 0.0}","{'gas': {'co': 18144, 'co2': 13267, 'no': 18145, 'no2': 18146, 'o3': 18147}, 'pm': {'pm1': 13221, 'pm10': 13223, 'pm25': 13222}}",2.49,5.22,9.93,6.15,14.18,7.44,732952600,73.9,MOD-00620,18.1,2026-07-18T16:01:00,2026-07-18T09:01:00,https://api.quant-aq.com/v1/devices/MOD-00620/data/732952394
267.79,623.27,"{'lat': None, 'lon': None}","{'rh': 74.0, 'temp': 18.1, 'wd': 0.0, 'ws': 0.0, 'ws_scalar': 0.0}","{'gas': {'co': 18144, 'co2': 13267, 'no': 18145, 'no2': 18146, 'o3': 18147}, 'pm': {'pm1': 13221, 'pm10': 13223, 'pm25': 13222}}",2.41,5.64,9.68,6.19,17.85,7.46,732952599,74.0,MOD-00620,18.1,2026-07-18T16:00:00,2026-07-18T09:00:00,https://api.quant-aq.com/v1/devices/MOD-00620/data/732952393
261.51,627.37,"{'lat': None, 'lon': None}","{'rh': 73.6, 'temp': 18.1, 'wd': 0.0, 'ws': 0.0, 'ws_scalar': 0.0}","{'gas': {'co': 18144, 'co2': 13267, 'no': 18145, 'no2': 18146, 'o3': 18147}, 'pm': {'pm1': 13221, 'pm10': 13223, 'pm25': 13222}}",2.1,5.45,9.83,6.1,13.06,7.54,732952598,73.6,MOD-00620,18.1,2026-07-18T15:59:00,2026-07-18T08:59:00,https://api.quant-aq.com/v1/devices/MOD-00620/data/732952392
261.52,623.03,"{'lat': None, 'lon': None}","{'rh': 73.0, 'temp': 18.1, 'wd': 0.0, 'ws': 0.0, 'ws_scalar': 0.0}","{'gas': {'co': 18144, 'co2': 13267, 'no': 18145, 'no2': 18146, 'o3': 18147}, 'pm': {'pm1': 13221, 'pm10': 13223, 'pm25': 13222}}",2.6,5.1,10.58,6.34,10.75,7.45,732950435,73.0,MOD-00620,18.1,2026-07-18T15:58:00,2026-07-18T08:58:00,https://api.quant-aq.com/v1/devices/MOD-00620/data/732950229
254.14,624.11,"{'lat': None, 'lon': None}","{'rh': 73.0, 'temp': 18.1, 'wd': 0.0, 'ws': 0.0, 'ws_scalar': 0.0}","{'gas': {'co': 18144, 'co2': 13267, 'no': 18145, 'no2': 18146, 'o3': 18147}, 'pm': {'pm1': 13221, 'pm10': 13223, 'pm25': 13222}}",2.53,4.5,11.07,6.63,15.86,8.01,732950434,73.0,MOD-00620,18.1,2026-07-18T15:57:00,2026-07-18T08:57:00,https://api.quant-aq.com/v1/devices/MOD-00620/data/732950228
257.01,622.79,"{'lat': None, 'lon': None}","{'rh': 73.0, 'temp': 18.1, 'wd': 0.0, 'ws': 0.0, 'ws_scalar': 0.0}","{'gas': {'co': 18144, 'co2': 13267, 'no': 18145, 'no2': 18146, 'o3': 18147}, 'pm': {'pm1': 13221, 'pm10': 13223, 'pm25': 13222}}",2.66,4.63,10.49,6.47,13.45,7.76,732950433,73.0,MOD-00620,18.1,2026-07-18T15:56:00,2026-07-18T08:56:00,https://api.quant-aq.com/v1/devices/MOD-00620/data/732950227
252.36,620.5,"{'lat': None, 'lon': None}","{'rh': 73.2, 'temp': 18.1, 'wd': 0.0, 'ws': 0.0, 'ws_scalar': 0.0}","{'gas': {'co': 18144, 'co2': 13267, 'no': 18145, 'no2': 18146, 'o3': 18147}, 'pm': {'pm1': 13221, 'pm10': 13223, 'pm25': 13222}}",2.38,5.68,10.2,6.29,15.04,7.57,732950436,73.2,MOD-00620,18.1,2026-07-18T15:55:00,2026-07-18T08:55:00,https://api.quant-aq.com/v1/devices/MOD-00620/data/732950230
254.01,622.67,"{'lat': None, 'lon': None}","{'rh': 72.6, 'temp': 18.1, 'wd': 0.0, 'ws': 0.0, 'ws_scalar': 0.0}","{'gas': {'co': 18144, 'co2': 13267, 'no': 18145, 'no2': 18146, 'o3': 18147}, 'pm': {'pm1': 13221, 'pm10': 13223, 'pm25': 13222}}",2.62,4.8,10.4,6.28,11.54,7.41,732948197,72.6,MOD-00620,18.1,2026-07-18T15:54:00,2026-07-18T08:54:00,https://api.quant-aq.com/v1/devices/MOD-00620/data/732947991
255.44,624.11,"{'lat': None, 'lon': None}","{'rh': 72.9, 'temp': 18.1, 'wd': 0.0, 'ws': 0.0, 'ws_scalar': 0.0}","{'gas': {'co': 18144, 'co2': 13267, 'no': 18145, 'no2': 18146, 'o3': 18147}, 'pm': {'pm1': 13221, 'pm10': 13223, 'pm25': 13222}}",2.8,4.51,10.17,5.99,8.94,7.28,732948189,72.9,MOD-00620,18.1,2026-07-18T15:53:00,2026-07-18T08:53:00,https://api.quant-aq.com/v1/devices/MOD-00620/data/732947985
249.97,623.51,"{'lat': None, 'lon': None}","{'rh': 73.1, 'temp': 18.1, 'wd': 0.0, 'ws': 0.0, 'ws_scalar': 0.0}","{'gas': {'co': 18144, 'co2': 13267, 'no': 18145, 'no2': 18146, 'o3': 18147}, 'pm': {'pm1': 13221, 'pm10': 13223, 'pm25': 13222}}",2.46,4.92,10.24,5.66,13.87,6.83,732948195,73.1,MOD-00620,18.1,2026-07-18T15:52:00,2026-07-18T08:52:00,https://api.quant-aq.com/v1/devices/MOD-00620/data/732947989
254.35,624.84,"{'lat': None, 'lon': None}","{'rh': 72.7, 'temp': 18.1, 'wd': 0.0, 'ws': 0.0, 'ws_scalar': 0.0}","{'gas': {'co': 18144, 'co2': 13267, 'no': 18145, 'no2': 18146, 'o3': 18147}, 'pm': {'pm1': 13221, 'pm10': 13223, 'pm25': 13222}}",2.61,4.29,11.34,6.29,10.11,7.36,732948187,72.7,MOD-00620,18.1,2026-07-18T15:51:00,2026-07-18T08:51:00,https://api.quant-aq.com/v1/devices/MOD-00620/data/732947983
260.48,624.48,"{'lat': None, 'lon': None}","{'rh': 73.9, 'temp': 18.1, 'wd': 0.0, 'ws': 0.0, 'ws_scalar': 0.0}","{'gas': {'co': 18144, 'co2': 13267, 'no': 18145, 'no2': 18146, 'o3': 18147}, 'pm': {'pm1': 13221, 'pm10': 13223, 'pm25': 13222}}",2.62,5.04,10.06,6.06,15.36,7.33,732945994,73.9,MOD-00620,18.1,2026-07-18T15:50:00,2026-07-18T08:50:00,https://api.quant-aq.com/v1/devices/MOD-00620/data/732945788
257.83,624.11,"{'lat': None, 'lon': None}","{'rh': 73.0, 'temp': 18.1, 'wd': 0.0, 'ws': 0.0, 'ws_scalar': 0.0}","{'gas': {'co': 18144, 'co2': 13267, 'no': 18145, 'no2': 18146, 'o3': 18147}, 'pm': {'pm1': 13221, 'pm10': 13223, 'pm25': 13222}}",2.33,4.77,9.92,6.01,9.0,7.4,732945995,73.0,MOD-00620,18.1,2026-07-18T15:49:00,2026-07-18T08:49:00,https://api.quant-aq.com/v1/devices/MOD-00620/data/732945789
258.1,626.4,"{'lat': None, 'lon': None}","{'rh': 73.2, 'temp': 18.1, 'wd': 0.0, 'ws': 0.0, 'ws_scalar': 0.0}","{'gas': {'co': 18144, 'co2': 13267, 'no': 18145, 'no2': 18146, 'o3': 18147}, 'pm': {'pm1': 13221, 'pm10': 13223, 'pm25': 13222}}",2.45,4.91,10.69,6.05,10.88,7.23,732945993,73.2,MOD-00620,18.1,2026-07-18T15:48:00,2026-07-18T08:48:00,https://api.quant-aq.com/v1/devices/MOD-00620/data/732945786
261.79,621.59,"{'lat': None, 'lon': None}","{'rh': 73.2, 'temp': 18.1, 'wd': 0.0, 'ws': 0.0, 'ws_scalar': 0.0}","{'gas': {'co': 18144, 'co2': 13267, 'no': 18145, 'no2': 18146, 'o3': 18147}, 'pm': {'pm1': 13221, 'pm10': 13223, 'pm25': 13222}}",2.18,4.61,10.48,6.29,19.41,7.54,732945992,73.2,MOD-00620,18.1,2026-07-18T15:47:00,2026-07-18T08:47:00,https://api.quant-aq.com/v1/devices/MOD-00620/data/732945787
255.3,623.87,"{'lat': None, 'lon': None}","{'rh': 73.1, 'temp': 18.1, 'wd': 0.0, 'ws': 0.0, 'ws_scalar': 0.0}","{'gas': {'co': 18144, 'co2': 13267, 'no': 18145, 'no2': 18146, 'o3': 18147}, 'pm': {'pm1': 13221, 'pm10': 13223, 'pm25': 13222}}",2.52,4.49,11.07,6.39,11.96,7.57,732943832,73.1,MOD-00620,18.1,2026-07-18T15:46:00,2026-07-18T08:46:00,https://api.quant-aq.com/v1/devices/MOD-00620/data/732943626
258.44,624.24,"{'lat': None, 'lon': None}","{'rh': 73.3, 'temp': 18.1, 'wd': 0.0, 'ws': 0.0, 'ws_scalar': 0.0}","{'gas': {'co': 18144, 'co2': 13267, 'no': 18145, 'no2': 18146, 'o3': 18147}, 'pm': {'pm1': 13221, 'pm10': 13223, 'pm25': 13222}}",2.04,5.08,10.56,6.64,15.69,7.88,732943831,73.3,MOD-00620,18.1,2026-07-18T15:45:00,2026-07-18T08:45:00,https://api.quant-aq.com/v1/devices/MOD-00620/data/732943625
258.93,625.08,"{'lat': None, 'lon': None}","{'rh': 72.6, 'temp': 18.1, 'wd': 0.0, 'ws': 0.0, 'ws_scalar': 0.0}","{'gas': {'co': 18144, 'co2': 13267, 'no': 18145, 'no2': 18146, 'o3': 18147}, 'pm': {'pm1': 13221, 'pm10': 13223, 'pm25': 13222}}",2.75,4.3,11.35,5.79,11.65,6.9,732943830,72.6,MOD-00620,18.1,2026-07-18T15:44:00,2026-07-18T08:44:00,https://api.quant-aq.com/v1/devices/MOD-00620/data/732943624
262.19,626.88,"{'lat': None, 'lon': None}","{'rh': 73.8, 'temp': 18.1, 'wd': 0.0, 'ws': 0.0, 'ws_scalar': 0.0}","{'gas': {'co': 18144, 'co2': 13267, 'no': 18145, 'no2': 18146, 'o3': 18147}, 'pm': {'pm1': 13221, 'pm10': 13223, 'pm25': 13222}}",2.36,4.87,9.28,6.39,13.96,7.99,732943829,73.8,MOD-00620,18.1,2026-07-18T15:43:00,2026-07-18T08:43:00,https://api.quant-aq.com/v1/devices/MOD-00620/data/732943623
263.77,627.49,"{'lat': None, 'lon': None}","{'rh': 73.3, 'temp': 18.1, 'wd': 0.0, 'ws': 0.0, 'ws_scalar': 0.0}","{'gas': {'co': 18144, 'co2': 13267, 'no': 18145, 'no2': 18146, 'o3': 18147}, 'pm': {'pm1': 13221, 'pm10': 13223, 'pm25': 13222}}",2.04,5.46,10.31,5.59,17.45,6.92,732941678,73.3,MOD-00620,18.1,2026-07-18T15:42:00,2026-07-18T08:42:00,https://api.quant-aq.com/v1/devices/MOD-00620/data/732941472
271.73,627.61,"{'lat': None, 'lon': None}","{'rh': 72.9, 'temp': 18.0, 'wd': 0.0, 'ws': 0.0, 'ws_scalar': 0.0}","{'gas': {'co': 18144, 'co2': 13267, 'no': 18145, 'no2': 18146, 'o3': 18147}, 'pm': {'pm1': 13221, 'pm10': 13223, 'pm25': 13222}}",2.55,4.38,11.22,5.84,14.96,6.98,732941677,72.9,MOD-00620,18.0,2026-07-18T15:41:00,2026-07-18T08:41:00,https://api.quant-aq.com/v1/devices/MOD-00620/data/732941471
265.23,627.13,"{'lat': None, 'lon': None}","{'rh': 73.4, 'temp': 18.0, 'wd': 0.0, 'ws': 0.0, 'ws_scalar': 0.0}","{'gas': {'co': 18144, 'co2': 13267, 'no': 18145, 'no2': 18146, 'o3': 18147}, 'pm': {'pm1': 13221, 'pm10': 13223, 'pm25': 13222}}",2.26,4.9,9.77,5.19,12.35,6.44,732941679,73.4,MOD-00620,18.0,2026-07-18T15:40:00,2026-07-18T08:40:00,https://api.quant-aq.com/v1/devices/MOD-00620/data/732941473
271.86,627.13,"{'lat': None, 'lon': None}","{'rh': 73.3, 'temp': 18.0, 'wd': 0.0, 'ws': 0.0, 'ws_scalar': 0.0}","{'gas': {'co': 18144, 'co2': 13267, 'no': 18145, 'no2': 18146, 'o3': 18147}, 'pm': {'pm1': 13221, 'pm10': 13223, 'pm25': 13222}}",2.6,4.47,10.61,5.2,9.56,6.55,732941676,73.3,MOD-00620,18.0,2026-07-18T15:39:00,2026-07-18T08:39:00,https://api.quant-aq.com/v1/devices/MOD-00620/data/732941470
269.66,628.21,"{'lat': None, 'lon': None}","{'rh': 74.1, 'temp': 18.0, 'wd': 0.0, 'ws': 0.0, 'ws_scalar': 0.0}","{'gas': {'co': 18144, 'co2': 13267, 'no': 18145, 'no2': 18146, 'o3': 18147}, 'pm': {'pm1': 13221, 'pm10': 13223, 'pm25': 13222}}",2.22,5.42,8.9,4.84,9.37,6.04,732939499,74.1,MOD-00620,18.0,2026-07-18T15:38:00,2026-07-18T08:38:00,https://api.quant-aq.com/v1/devices/MOD-00620/data/732939293
269.73,628.09,"{'lat': None, 'lon': None}","{'rh': 74.0, 'temp': 18.0, 'wd': 0.0, 'ws': 0.0, 'ws_scalar': 0.0}","{'gas': {'co': 18144, 'co2': 13267, 'no': 18145, 'no2': 18146, 'o3': 18147}, 'pm': {'pm1': 13221, 'pm10': 13223, 'pm25': 13222}}",2.09,5.22,10.4,6.06,14.46,7.36,732939500,74.0,MOD-00620,18.0,2026-07-18T15:37:00,2026-07-18T08:37:00,https://api.quant-aq.com/v1/devices/MOD-00620/data/732939294
263.24,628.81,"{'lat': None, 'lon': None}","{'rh': 73.9, 'temp': 18.0, 'wd': 0.0, 'ws': 0.0, 'ws_scalar': 0.0}","{'gas': {'co': 18144, 'co2': 13267, 'no': 18145, 'no2': 18146, 'o3': 18147}, 'pm': {'pm1': 13221, 'pm10': 13223, 'pm25': 13222}}",1.96,4.86,10.19,5.37,9.19,6.52,732939497,73.9,MOD-00620,18.0,2026-07-18T15:36:00,2026-07-18T08:36:00,https://api.quant-aq.com/v1/devices/MOD-00620/data/732939291
264.64,633.03,"{'lat': None, 'lon': None}","{'rh': 73.5, 'temp': 17.9, 'wd': 0.0, 'ws': 0.0, 'ws_scalar': 0.0}","{'gas': {'co': 18144, 'co2': 13267, 'no': 18145, 'no2': 18146, 'o3': 18147}, 'pm': {'pm1': 13221, 'pm10': 13223, 'pm25': 13222}}",2.07,4.73,10.36,6.34,13.77,7.38,732939493,73.5,MOD-00620,17.9,2026-07-18T15:35:00,2026-07-18T08:35:00,https://api.quant-aq.com/v1/devices/MOD-00620/data/732939287
269.35,628.69,"{'lat': None, 'lon': None}","{'rh': 73.8, 'temp': 17.9, 'wd': 0.0, 'ws': 0.0, 'ws_scalar': 0.0}","{'gas': {'co': 18144, 'co2': 13267, 'no': 18145, 'no2': 18146, 'o3': 18147}, 'pm': {'pm1': 13221, 'pm10': 13223, 'pm25': 13222}}",2.46,4.87,9.76,5.74,18.56,6.99,732937273,73.8,MOD-00620,17.9,2026-07-18T15:34:00,2026-07-18T08:34:00,https://api.quant-aq.com/v1/devices/MOD-00620/data/732937067
278.16,632.79,"{'lat': None, 'lon': None}","{'rh': 74.1, 'temp': 17.9, 'wd': 0.0, 'ws': 0.0, 'ws_scalar': 0.0}","{'gas': {'co': 18144, 'co2': 13267, 'no': 18145, 'no2': 18146, 'o3': 18147}, 'pm': {'pm1': 13221, 'pm10': 13223, 'pm25': 13222}}",2.18,4.69,10.77,5.72,15.07,7.01,732937272,74.1,MOD-00620,17.9,2026-07-18T15:33:00,2026-07-18T08:33:00,https://api.quant-aq.com/v1/devices/MOD-00620/data/732937066
276.24,632.91,"{'lat': None, 'lon': None}","{'rh': 74.5, 'temp': 17.9, 'wd': 0.0, 'ws': 0.0, 'ws_scalar': 0.0}","{'gas': {'co': 18144, 'co2': 13267, 'no': 18145, 'no2': 18146, 'o3': 18147}, 'pm': {'pm1': 13221, 'pm10': 13223, 'pm25': 13222}}",2.29,5.19,9.91,4.97,9.63,6.04,732937271,74.5,MOD-00620,17.9,2026-07-18T15:32:00,2026-07-18T08:32:00,https://api.quant-aq.com/v1/devices/MOD-00620/data/732937065
274.46,633.27,"{'lat': None, 'lon': None}","{'rh': 74.7, 'temp': 17.9, 'wd': 0.0, 'ws': 0.0, 'ws_scalar': 0.0}","{'gas': {'co': 18144, 'co2': 13267, 'no': 18145, 'no2': 18146, 'o3': 18147}, 'pm': {'pm1': 13221, 'pm10': 13223, 'pm25': 13222}}",1.81,5.39,10.23,5.42,9.2,6.31,732937270,74.7,MOD-00620,17.9,2026-07-18T15:31:00,2026-07-18T08:31:00,https://api.quant-aq.com/v1/devices/MOD-00620/data/732937064
273.99,630.98,"{'lat': None, 'lon': None}","{'rh': 74.2, 'temp': 17.9, 'wd': 0.0, 'ws': 0.0, 'ws_scalar': 0.0}","{'gas': {'co': 18144, 'co2': 13267, 'no': 18145, 'no2': 18146, 'o3': 18147}, 'pm': {'pm1': 13221, 'pm10': 13223, 'pm25': 13222}}",2.04,5.64,9.69,5.7,16.72,6.66,732935065,74.2,MOD-00620,17.9,2026-07-18T15:30:00,2026-07-18T08:30:00,https://api.quant-aq.com/v1/devices/MOD-00620/data/732934859
275.93,631.7,"{'lat': None, 'lon': None}","{'rh': 74.2, 'temp': 17.8, 'wd': 0.0, 'ws': 0.0, 'ws_scalar': 0.0}","{'gas': {'co': 18144, 'co2': 13267, 'no': 18145, 'no2': 18146, 'o3': 18147}, 'pm': {'pm1': 13221, 'pm10': 13223, 'pm25': 13222}}",1.99,5.42,8.46,6.23,9.84,7.06,732935064,74.2,MOD-00620,17.8,2026-07-18T15:29:00,2026-07-18T08:29:00,https://api.quant-aq.com/v1/devices/MOD-00620/data/732934858
273.55,629.05,"{'lat': None, 'lon': None}","{'rh': 73.5, 'temp': 17.8, 'wd': 0.0, 'ws': 0.0, 'ws_scalar': 0.0}","{'gas': {'co': 18144, 'co2': 13267, 'no': 18145, 'no2': 18146, 'o3': 18147}, 'pm': {'pm1': 13221, 'pm10': 13223, 'pm25': 13222}}",2.16,5.25,9.54,5.77,7.45,6.54,732935063,73.5,MOD-00620,17.8,2026-07-18T15:28:00,2026-07-18T08:28:00,https://api.quant-aq.com/v1/devices/MOD-00620/data/732934856
275.87,631.7,"{'lat': None, 'lon': None}","{'rh': 73.7, 'temp': 17.8, 'wd': 0.0, 'ws': 0.0, 'ws_scalar': 0.0}","{'gas': {'co': 18144, 'co2': 13267, 'no': 18145, 'no2': 18146, 'o3': 18147}, 'pm': {'pm1': 13221, 'pm10': 13223, 'pm25': 13222}}",2.08,5.05,9.65,5.73,7.98,6.7,732935062,73.7,MOD-00620,17.8,2026-07-18T15:27:00,2026-07-18T08:27:00,https://api.quant-aq.com/v1/devices/MOD-00620/data/732934857
270.82,632.18,"{'lat': None, 'lon': None}","{'rh': 73.3, 'temp': 17.8, 'wd': 0.0, 'ws': 0.0, 'ws_scalar': 0.0}","{'gas': {'co': 18144, 'co2': 13267, 'no': 18145, 'no2': 18146, 'o3': 18147}, 'pm': {'pm1': 13221, 'pm10': 13223, 'pm25': 13222}}",2.23,4.46,10.63,5.61,10.61,6.45,732932899,73.3,MOD-00620,17.8,2026-07-18T15:26:00,2026-07-18T08:26:00,https://api.quant-aq.com/v1/devices/MOD-00620/data/732932693
280.06,632.91,"{'lat': None, 'lon': None}","{'rh': 74.0, 'temp': 17.7, 'wd': 0.0, 'ws': 0.0, 'ws_scalar': 0.0}","{'gas': {'co': 18144, 'co2': 13267, 'no': 18145, 'no2': 18146, 'o3': 18147}, 'pm': {'pm1': 13221, 'pm10': 13223, 'pm25': 13222}}",2.42,5.03,9.19,5.21,7.97,6.12,732932898,74.0,MOD-00620,17.7,2026-07-18T15:25:00,2026-07-18T08:25:00,https://api.quant-aq.com/v1/devices/MOD-00620/data/732932692
280.67,633.03,"{'lat': None, 'lon': None}","{'rh': 74.3, 'temp': 17.7, 'wd': 0.0, 'ws': 0.0, 'ws_scalar': 0.0}","{'gas': {'co': 18144, 'co2': 13267, 'no': 18145, 'no2': 18146, 'o3': 18147}, 'pm': {'pm1': 13221, 'pm10': 13223, 'pm25': 13222}}",2.27,5.2,8.58,5.89,15.68,6.92,732932897,74.3,MOD-00620,17.7,2026-07-18T15:24:00,2026-07-18T08:24:00,https://api.quant-aq.com/v1/devices/MOD-00620/data/732932690
277.8,632.3,"{'lat': None, 'lon': None}","{'rh': 74.3, 'temp': 17.7, 'wd': 0.0, 'ws': 0.0, 'ws_scalar': 0.0}","{'gas': {'co': 18144, 'co2': 13267, 'no': 18145, 'no2': 18146, 'o3': 18147}, 'pm': {'pm1': 13221, 'pm10': 13223, 'pm25': 13222}}",2.0,5.41,8.92,6.34,8.85,7.25,732932896,74.3,MOD-00620,17.7,2026-07-18T15:23:00,2026-07-18T08:23:00,https://api.quant-aq.com/v1/devices/MOD-00620/data/732932691
276.71,631.94,"{'lat': None, 'lon': None}","{'rh': 74.1, 'temp': 17.7, 'wd': 0.0, 'ws': 0.0, 'ws_scalar': 0.0}","{'gas': {'co': 18144, 'co2': 13267, 'no': 18145, 'no2': 18146, 'o3': 18147}, 'pm': {'pm1': 13221, 'pm10': 13223, 'pm25': 13222}}",2.14,5.21,9.51,5.69,10.9,6.91,732930731,74.1,MOD-00620,17.7,2026-07-18T15:22:00,2026-07-18T08:22:00,https://api.quant-aq.com/v1/devices/MOD-00620/data/732930525
278.18,632.55,"{'lat': None, 'lon': None}","{'rh': 73.6, 'temp': 17.6, 'wd': 0.0, 'ws': 0.0, 'ws_scalar': 0.0}","{'gas': {'co': 18144, 'co2': 13267, 'no': 18145, 'no2': 18146, 'o3': 18147}, 'pm': {'pm1': 13221, 'pm10': 13223, 'pm25': 13222}}",2.46,4.2,11.79,5.37,20.49,6.4,732930730,73.6,MOD-00620,17.6,2026-07-18T15:21:00,2026-07-18T08:21:00,https://api.quant-aq.com/v1/devices/MOD-00620/data/732930524
281.83,633.27,"{'lat': None, 'lon': None}","{'rh': 75.4, 'temp': 17.6, 'wd': 0.0, 'ws': 0.0, 'ws_scalar': 0.0}","{'gas': {'co': 18144, 'co2': 13267, 'no': 18145, 'no2': 18146, 'o3': 18147}, 'pm': {'pm1': 13221, 'pm10': 13223, 'pm25': 13222}}",2.3,4.59,10.25,5.82,9.74,6.7,732930728,75.4,MOD-00620,17.6,2026-07-18T15:20:00,2026-07-18T08:20:00,https://api.quant-aq.com/v1/devices/MOD-00620/data/732930522
285.78,635.2,"{'lat': None, 'lon': None}","{'rh': 76.2, 'temp': 17.6, 'wd': 0.0, 'ws': 0.0, 'ws_scalar': 0.0}","{'gas': {'co': 18144, 'co2': 13267, 'no': 18145, 'no2': 18146, 'o3': 18147}, 'pm': {'pm1': 13221, 'pm10': 13223, 'pm25': 13222}}",2.26,5.83,9.45,5.87,7.69,6.9,732930729,76.2,MOD-00620,17.6,2026-07-18T15:19:00,2026-07-18T08:19:00,https://api.quant-aq.com/v1/devices/MOD-00620/data/732930523
288.64,634.23,"{'lat': None, 'lon': None}","{'rh': 76.8, 'temp': 17.6, 'wd': 0.0, 'ws': 0.0, 'ws_scalar': 0.0}","{'gas': {'co': 18144, 'co2': 13267, 'no': 18145, 'no2': 18146, 'o3': 18147}, 'pm': {'pm1': 13221, 'pm10': 13223, 'pm25': 13222}}",1.22,7.84,7.76,6.25,11.98,7.06,732928548,76.8,MOD-00620,17.6,2026-07-18T15:18:00,2026-07-18T08:18:00,https://api.quant-aq.com/v1/devices/MOD-00620/data/732928342
277.19,630.62,"{'lat': None, 'lon': None}","{'rh': 75.0, 'temp': 17.6, 'wd': 0.0, 'ws': 0.0, 'ws_scalar': 0.0}","{'gas': {'co': 18144, 'co2': 13267, 'no': 18145, 'no2': 18146, 'o3': 18147}, 'pm': {'pm1': 13221, 'pm10': 13223, 'pm25': 13222}}",1.51,5.87,9.09,6.0,13.12,6.79,732928546,75.0,MOD-00620,17.6,2026-07-18T15:17:00,2026-07-18T08:17:00,https://api.quant-aq.com/v1/devices/MOD-00620/data/732928340
282.63,633.39,"{'lat': None, 'lon': None}","{'rh': 74.7, 'temp': 17.5, 'wd': 0.0, 'ws': 0.0, 'ws_scalar': 0.0}","{'gas': {'co': 18144, 'co2': 13267, 'no': 18145, 'no2': 18146, 'o3': 18147}, 'pm': {'pm1': 13221, 'pm10': 13223, 'pm25': 13222}}",2.29,4.23,11.6,5.6,8.57,6.66,732928547,74.7,MOD-00620,17.5,2026-07-18T15:16:00,2026-07-18T08:16:00,https://api.quant-aq.com/v1/devices/MOD-00620/data/732928341
321.56,633.99,"{'lat': None, 'lon': None}","{'rh': 75.9, 'temp': 17.5, 'wd': 0.0, 'ws': 0.0, 'ws_scalar': 0.0}","{'gas': {'co': 18144, 'co2': 13267, 'no': 18145, 'no2': 18146, 'o3': 18147}, 'pm': {'pm1': 13221, 'pm10': 13223, 'pm25': 13222}}",2.16,4.73,10.56,5.5,11.91,6.39,732928549,75.9,MOD-00620,17.5,2026-07-18T15:15:00,2026-07-18T08:15:00,https://api.quant-aq.com/v1/devices/MOD-00620/data/732928343
369.86,634.83,"{'lat': None, 'lon': None}","{'rh': 77.2, 'temp': 17.5, 'wd': 0.0, 'ws': 0.0, 'ws_scalar': 0.0}","{'gas': {'co': 18144, 'co2': 13267, 'no': 18145, 'no2': 18146, 'o3': 18147}, 'pm': {'pm1': 13221, 'pm10': 13223, 'pm25': 13222}}",1.63,6.77,9.93,5.61,10.44,6.61,732926350,77.2,MOD-00620,17.5,2026-07-18T15:14:00,2026-07-18T08:14:00,https://api.quant-aq.com/v1/devices/MOD-00620/data/732926143
292.5,634.47,"{'lat': None, 'lon': None}","{'rh': 76.4, 'temp': 17.5, 'wd': 0.0, 'ws': 0.0, 'ws_scalar': 0.0}","{'gas': {'co': 18144, 'co2': 13267, 'no': 18145, 'no2': 18146, 'o3': 18147}, 'pm': {'pm1': 13221, 'pm10': 13223, 'pm25': 13222}}",1.46,5.84,9.91,5.63,12.55,6.6,732926351,76.4,MOD-00620,17.5,2026-07-18T15:13:00,2026-07-18T08:13:00,https://api.quant-aq.com/v1/devices/MOD-00620/data/732926144
312.04,637.0,"{'lat': None, 'lon': None}","{'rh': 77.2, 'temp': 17.5, 'wd': 0.0, 'ws': 0.0, 'ws_scalar': 0.0}","{'gas': {'co': 18144, 'co2': 13267, 'no': 18145, 'no2': 18146, 'o3': 18147}, 'pm': {'pm1': 13221, 'pm10': 13223, 'pm25': 13222}}",1.49,8.3,8.98,5.27,16.68,6.29,732926348,77.2,MOD-00620,17.5,2026-07-18T15:12:00,2026-07-18T08:12:00,https://api.quant-aq.com/v1/devices/MOD-00620/data/732926142
349.26,635.2,"{'lat': None, 'lon': None}","{'rh': 76.6, 'temp': 17.4, 'wd': 0.0, 'ws': 0.0, 'ws_scalar': 0.0}","{'gas': {'co': 18144, 'co2': 13267, 'no': 18145, 'no2': 18146, 'o3': 18147}, 'pm': {'pm1': 13221, 'pm10': 13223, 'pm25': 13222}}",2.77,5.84,8.54,4.94,24.01,5.9,732926347,76.6,MOD-00620,17.4,2026-07-18T15:11:00,2026-07-18T08:11:00,https://api.quant-aq.com/v1/devices/MOD-00620/data/732926141
278.1,632.67,"{'lat': None, 'lon': None}","{'rh': 76.9, 'temp': 17.4, 'wd': 0.0, 'ws': 0.0, 'ws_scalar': 0.0}","{'gas': {'co': 18144, 'co2': 13267, 'no': 18145, 'no2': 18146, 'o3': 18147}, 'pm': {'pm1': 13221, 'pm10': 13223, 'pm25': 13222}}",1.46,7.13,9.39,5.32,25.22,6.24,732924113,76.9,MOD-00620,17.4,2026-07-18T15:10:00,2026-07-18T08:10:00,https://api.quant-aq.com/v1/devices/MOD-00620/data/732923907
275.91,630.14,"{'lat': None, 'lon': None}","{'rh': 77.1, 'temp': 17.4, 'wd': 0.0, 'ws': 0.0, 'ws_scalar': 0.0}","{'gas': {'co': 18144, 'co2': 13267, 'no': 18145, 'no2': 18146, 'o3': 18147}, 'pm': {'pm1': 13221, 'pm10': 13223, 'pm25': 13222}}",1.51,7.52,9.25,5.45,14.42,6.57,732924108,77.1,MOD-00620,17.4,2026-07-18T15:09:00,2026-07-18T08:09:00,https://api.quant-aq.com/v1/devices/MOD-00620/data/732923900
278.45,632.3,"{'lat': None, 'lon': None}","{'rh': 76.4, 'temp': 17.4, 'wd': 0.0, 'ws': 0.0, 'ws_scalar': 0.0}","{'gas': {'co': 18144, 'co2': 13267, 'no': 18145, 'no2': 18146, 'o3': 18147}, 'pm': {'pm1': 13221, 'pm10': 13223, 'pm25': 13222}}",1.41,6.77,10.01,5.31,12.79,6.32,732924110,76.4,MOD-00620,17.4,2026-07-18T15:08:00,2026-07-18T08:08:00,https://api.quant-aq.com/v1/devices/MOD-00620/data/732923906
288.43,635.08,"{'lat': None, 'lon': None}","{'rh': 76.2, 'temp': 17.4, 'wd': 0.0, 'ws': 0.0, 'ws_scalar': 0.0}","{'gas': {'co': 18144, 'co2': 13267, 'no': 18145, 'no2': 18146, 'o3': 18147}, 'pm': {'pm1': 13221, 'pm10': 13223, 'pm25': 13222}}",1.49,7.48,9.77,5.67,11.74,6.62,732924106,76.2,MOD-00620,17.4,2026-07-18T15:07:00,2026-07-18T08:07:00,https://api.quant-aq.com/v1/devices/MOD-00620/data/732923903
277.43,631.7,"{'lat': None, 'lon': None}","{'rh': 76.1, 'temp': 17.4, 'wd': 0.0, 'ws': 0.0, 'ws_scalar': 0.0}","{'gas': {'co': 18144, 'co2': 13267, 'no': 18145, 'no2': 18146, 'o3': 18147}, 'pm': {'pm1': 13221, 'pm10': 13223, 'pm25': 13222}}",1.97,6.14,9.82,5.45,8.48,6.3,732921980,76.1,MOD-00620,17.4,2026-07-18T15:06:00,2026-07-18T08:06:00,https://api.quant-aq.com/v1/devices/MOD-00620/data/732921774
281.05,629.05,"{'lat': None, 'lon': None}","{'rh': 76.2, 'temp': 17.4, 'wd': 0.0, 'ws': 0.0, 'ws_scalar': 0.0}","{'gas': {'co': 18144, 'co2': 13267, 'no': 18145, 'no2': 18146, 'o3': 18147}, 'pm': {'pm1': 13221, 'pm10': 13223, 'pm25': 13222}}",1.56,6.77,9.11,5.39,12.47,6.37,732921977,76.2,MOD-00620,17.4,2026-07-18T15:05:00,2026-07-18T08:05:00,https://api.quant-aq.com/v1/devices/MOD-00620/data/732921773
276.95,628.69,"{'lat': None, 'lon': None}","{'rh': 76.2, 'temp': 17.4, 'wd': 0.0, 'ws': 0.0, 'ws_scalar': 0.0}","{'gas': {'co': 18144, 'co2': 13267, 'no': 18145, 'no2': 18146, 'o3': 18147}, 'pm': {'pm1': 13221, 'pm10': 13223, 'pm25': 13222}}",1.69,6.44,10.14,5.96,10.14,6.74,732921975,76.2,MOD-00620,17.4,2026-07-18T15:04:00,2026-07-18T08:04:00,https://api.quant-aq.com/v1/devices/MOD-00620/data/732921772
275.65,628.57,"{'lat': None, 'lon': None}","{'rh': 76.3, 'temp': 17.4, 'wd': 0.0, 'ws': 0.0, 'ws_scalar': 0.0}","{'gas': {'co': 18144, 'co2': 13267, 'no': 18145, 'no2': 18146, 'o3': 18147}, 'pm': {'pm1': 13221, 'pm10': 13223, 'pm25': 13222}}",1.62,6.44,9.68,5.6,8.67,6.48,732921973,76.3,MOD-00620,17.4,2026-07-18T15:03:00,2026-07-18T08:03:00,https://api.quant-aq.com/v1/devices/MOD-00620/data/732921769
271.65,632.43,"{'lat': None, 'lon': None}","{'rh': 76.0, 'temp': 17.3, 'wd': 0.0, 'ws': 0.0, 'ws_scalar': 0.0}","{'gas': {'co': 18144, 'co2': 13267, 'no': 18145, 'no2': 18146, 'o3': 18147}, 'pm': {'pm1': 13221, 'pm10': 13223, 'pm25': 13222}}",1.25,7.13,9.92,5.15,11.49,5.92,732919807,76.0,MOD-00620,17.3,2026-07-18T15:02:00,2026-07-18T08:02:00,https://api.quant-aq.com/v1/devices/MOD-00620/data/732919601
275.14,631.22,"{'lat': None, 'lon': None}","{'rh': 75.7, 'temp': 17.3, 'wd': 0.0, 'ws': 0.0, 'ws_scalar': 0.0}","{'gas': {'co': 18144, 'co2': 13267, 'no': 18145, 'no2': 18146, 'o3': 18147}, 'pm': {'pm1': 13221, 'pm10': 13223, 'pm25': 13222}}",1.87,6.16,9.86,5.39,8.88,6.28,732919808,75.7,MOD-00620,17.3,2026-07-18T15:01:00,2026-07-18T08:01:00,https://api.quant-aq.com/v1/devices/MOD-00620/data/732919602
274.66,631.82,"{'lat': None, 'lon': None}","{'rh': 75.8, 'temp': 17.3, 'wd': 0.0, 'ws': 0.0, 'ws_scalar': 0.0}","{'gas': {'co': 18144, 'co2': 13267, 'no': 18145, 'no2': 18146, 'o3': 18147}, 'pm': {'pm1': 13221, 'pm10': 13223, 'pm25': 13222}}",1.33,6.16,10.31,5.29,7.58,6.12,732919806,75.8,MOD-00620,17.3,2026-07-18T15:00:00,2026-07-18T08:00:00,https://api.quant-aq.com/v1/devices/MOD-00620/data/732919600
268.86,628.93,"{'lat': None, 'lon': None}","{'rh': 75.3, 'temp': 17.3, 'wd': 0.0, 'ws': 0.0, 'ws_scalar': 0.0}","{'gas': {'co': 18144, 'co2': 13267, 'no': 18145, 'no2': 18146, 'o3': 18147}, 'pm': {'pm1': 13221, 'pm10': 13223, 'pm25': 13222}}",1.69,6.46,9.31,5.29,9.54,6.1,732919804,75.3,MOD-00620,17.3,2026-07-18T14:59:00,2026-07-18T07:59:00,https://api.quant-aq.com/v1/devices/MOD-00620/data/732919598
268.11,630.5,"{'lat': None, 'lon': None}","{'rh': 75.2, 'temp': 17.3, 'wd': 0.0, 'ws': 0.0, 'ws_scalar': 0.0}","{'gas': {'co': 18144, 'co2': 13267, 'no': 18145, 'no2': 18146, 'o3': 18147}, 'pm': {'pm1': 13221, 'pm10': 13223, 'pm25': 13222}}",1.56,5.63,10.14,5.17,8.94,6.23,732917611,75.2,MOD-00620,17.3,2026-07-18T14:58:00,2026-07-18T07:58:00,https://api.quant-aq.com/v1/devices/MOD-00620/data/732917407
263.71,629.9,"{'lat': None, 'lon': None}","{'rh': 75.2, 'temp': 17.4, 'wd': 0.0, 'ws': 0.0, 'ws_scalar': 0.0}","{'gas': {'co': 18144, 'co2': 13267, 'no': 18145, 'no2': 18146, 'o3': 18147}, 'pm': {'pm1': 13221, 'pm10': 13223, 'pm25': 13222}}",1.67,5.88,9.55,5.28,10.28,6.04,732917608,75.2,MOD-00620,17.4,2026-07-18T14:57:00,2026-07-18T07:57:00,https://api.quant-aq.com/v1/devices/MOD-00620/data/732917402
275.67,630.86,"{'lat': None, 'lon': None}","{'rh': 75.1, 'temp': 17.4, 'wd': 0.0, 'ws': 0.0, 'ws_scalar': 0.0}","{'gas': {'co': 18144, 'co2': 13267, 'no': 18145, 'no2': 18146, 'o3': 18147}, 'pm': {'pm1': 13221, 'pm10': 13223, 'pm25': 13222}}",1.68,6.16,9.44,5.41,7.79,6.25,732917610,75.1,MOD-00620,17.4,2026-07-18T14:56:00,2026-07-18T07:56:00,https://api.quant-aq.com/v1/devices/MOD-00620/data/732917405
273.49,628.57,"{'lat': None, 'lon': None}","{'rh': 74.7, 'temp': 17.4, 'wd': 0.0, 'ws': 0.0, 'ws_scalar': 0.0}","{'gas': {'co': 18144, 'co2': 13267, 'no': 18145, 'no2': 18146, 'o3': 18147}, 'pm': {'pm1': 13221, 'pm10': 13223, 'pm25': 13222}}",1.77,5.4,10.29,5.15,7.68,6.08,732917609,74.7,MOD-00620,17.4,2026-07-18T14:55:00,2026-07-18T07:55:00,https://api.quant-aq.com/v1/devices/MOD-00620/data/732917403
268.89,632.18,"{'lat': None, 'lon': None}","{'rh': 76.0, 'temp': 17.4, 'wd': 0.0, 'ws': 0.0, 'ws_scalar': 0.0}","{'gas': {'co': 18144, 'co2': 13267, 'no': 18145, 'no2': 18146, 'o3': 18147}, 'pm': {'pm1': 13221, 'pm10': 13223, 'pm25': 13222}}",1.43,6.77,9.12,4.9,15.65,5.75,732915404,76.0,MOD-00620,17.4,2026-07-18T14:54:00,2026-07-18T07:54:00,https://api.quant-aq.com/v1/devices/MOD-00620/data/732915198
267.33,632.3,"{'lat': None, 'lon': None}","{'rh': 75.3, 'temp': 17.4, 'wd': 0.0, 'ws': 0.0, 'ws_scalar': 0.0}","{'gas': {'co': 18144, 'co2': 13267, 'no': 18145, 'no2': 18146, 'o3': 18147}, 'pm': {'pm1': 13221, 'pm10': 13223, 'pm25': 13222}}",1.53,5.87,10.46,5.09,15.24,5.99,732915405,75.3,MOD-00620,17.4,2026-07-18T14:53:00,2026-07-18T07:53:00,https://api.quant-aq.com/v1/devices/MOD-00620/data/732915199
263.9,628.33,"{'lat': None, 'lon': None}","{'rh': 76.1, 'temp': 17.4, 'wd': 0.0, 'ws': 0.0, 'ws_scalar': 0.0}","{'gas': {'co': 18144, 'co2': 13267, 'no': 18145, 'no2': 18146, 'o3': 18147}, 'pm': {'pm1': 13221, 'pm10': 13223, 'pm25': 13222}}",1.29,7.12,8.99,4.94,8.35,5.65,732915407,76.1,MOD-00620,17.4,2026-07-18T14:52:00,2026-07-18T07:52:00,https://api.quant-aq.com/v1/devices/MOD-00620/data/732915201
264.11,628.09,"{'lat': None, 'lon': None}","{'rh': 75.8, 'temp': 17.4, 'wd': 0.0, 'ws': 0.0, 'ws_scalar': 0.0}","{'gas': {'co': 18144, 'co2': 13267, 'no': 18145, 'no2': 18146, 'o3': 18147}, 'pm': {'pm1': 13221, 'pm10': 13223, 'pm25': 13222}}",1.64,6.45,10.17,5.32,7.87,5.96,732915406,75.8,MOD-00620,17.4,2026-07-18T14:51:00,2026-07-18T07:51:00,https://api.quant-aq.com/v1/devices/MOD-00620/data/732915200
262.52,630.74,"{'lat': None, 'lon': None}","{'rh': 76.3, 'temp': 17.4, 'wd': 0.0, 'ws': 0.0, 'ws_scalar': 0.0}","{'gas': {'co': 18144, 'co2': 13267, 'no': 18145, 'no2': 18146, 'o3': 18147}, 'pm': {'pm1': 13221, 'pm10': 13223, 'pm25': 13222}}",1.28,7.49,8.85,4.74,9.15,5.51,732913194,76.3,MOD-00620,17.4,2026-07-18T14:50:00,2026-07-18T07:50:00,https://api.quant-aq.com/v1/devices/MOD-00620/data/732912987
259.04,630.02,"{'lat': None, 'lon': None}","{'rh': 76.0, 'temp': 17.4, 'wd': 0.0, 'ws': 0.0, 'ws_scalar': 0.0}","{'gas': {'co': 18144, 'co2': 13267, 'no': 18145, 'no2': 18146, 'o3': 18147}, 'pm': {'pm1': 13221, 'pm10': 13223, 'pm25': 13222}}",1.3,7.86,9.67,5.0,11.18,5.69,732913192,76.0,MOD-00620,17.4,2026-07-18T14:49:00,2026-07-18T07:49:00,https://api.quant-aq.com/v1/devices/MOD-00620/data/732912986
261.59,630.86,"{'lat': None, 'lon': None}","{'rh': 75.3, 'temp': 17.4, 'wd': 0.0, 'ws': 0.0, 'ws_scalar': 0.0}","{'gas': {'co': 18144, 'co2': 13267, 'no': 18145, 'no2': 18146, 'o3': 18147}, 'pm': {'pm1': 13221, 'pm10': 13223, 'pm25': 13222}}",1.47,6.15,10.79,5.29,14.33,6.28,732913197,75.3,MOD-00620,17.4,2026-07-18T14:48:00,2026-07-18T07:48:00,https://api.quant-aq.com/v1/devices/MOD-00620/data/732912991
262.54,628.69,"{'lat': None, 'lon': None}","{'rh': 75.7, 'temp': 17.4, 'wd': 0.0, 'ws': 0.0, 'ws_scalar': 0.0}","{'gas': {'co': 18144, 'co2': 13267, 'no': 18145, 'no2': 18146, 'o3': 18147}, 'pm': {'pm1': 13221, 'pm10': 13223, 'pm25': 13222}}",1.58,7.11,9.48,5.53,12.82,6.31,732913199,75.7,MOD-00620,17.4,2026-07-18T14:47:00,2026-07-18T07:47:00,https://api.quant-aq.com/v1/devices/MOD-00620/data/732912992
260.15,630.38,"{'lat': None, 'lon': None}","{'rh': 75.6, 'temp': 17.4, 'wd': 0.0, 'ws': 0.0, 'ws_scalar': 0.0}","{'gas': {'co': 18144, 'co2': 13267, 'no': 18145, 'no2': 18146, 'o3': 18147}, 'pm': {'pm1': 13221, 'pm10': 13223, 'pm25': 13222}}",1.38,6.77,10.98,5.01,7.24,5.73,732911005,75.6,MOD-00620,17.4,2026-07-18T14:46:00,2026-07-18T07:46:00,https://api.quant-aq.com/v1/devices/MOD-00620/data/732910799
262.11,630.5,"{'lat': None, 'lon': None}","{'rh': 76.3, 'temp': 17.4, 'wd': 0.0, 'ws': 0.0, 'ws_scalar': 0.0}","{'gas': {'co': 18144, 'co2': 13267, 'no': 18145, 'no2': 18146, 'o3': 18147}, 'pm': {'pm1': 13221, 'pm10': 13223, 'pm25': 13222}}",1.75,7.12,9.89,5.14,9.0,6.05,732911004,76.3,MOD-00620,17.4,2026-07-18T14:45:00,2026-07-18T07:45:00,https://api.quant-aq.com/v1/devices/MOD-00620/data/732910798
266.63,629.05,"{'lat': None, 'lon': None}","{'rh': 76.3, 'temp': 17.4, 'wd': 0.0, 'ws': 0.0, 'ws_scalar': 0.0}","{'gas': {'co': 18144, 'co2': 13267, 'no': 18145, 'no2': 18146, 'o3': 18147}, 'pm': {'pm1': 13221, 'pm10': 13223, 'pm25': 13222}}",1.22,7.49,9.31,5.44,12.36,6.05,732911007,76.3,MOD-00620,17.4,2026-07-18T14:44:00,2026-07-18T07:44:00,https://api.quant-aq.com/v1/devices/MOD-00620/data/732910801
257.19,627.85,"{'lat': None, 'lon': None}","{'rh': 76.3, 'temp': 17.4, 'wd': 0.0, 'ws': 0.0, 'ws_scalar': 0.0}","{'gas': {'co': 18144, 'co2': 13267, 'no': 18145, 'no2': 18146, 'o3': 18147}, 'pm': {'pm1': 13221, 'pm10': 13223, 'pm25': 13222}}",1.22,8.71,8.94,4.93,7.74,5.62,732911006,76.3,MOD-00620,17.4,2026-07-18T14:43:00,2026-07-18T07:43:00,https://api.quant-aq.com/v1/devices/MOD-00620/data/732910800
264.11,631.46,"{'lat': None, 'lon': None}","{'rh': 75.8, 'temp': 17.4, 'wd': 0.0, 'ws': 0.0, 'ws_scalar': 0.0}","{'gas': {'co': 18144, 'co2': 13267, 'no': 18145, 'no2': 18146, 'o3': 18147}, 'pm': {'pm1': 13221, 'pm10': 13223, 'pm25': 13222}}",1.24,6.77,10.05,4.85,12.78,5.52,732908852,75.8,MOD-00620,17.4,2026-07-18T14:42:00,2026-07-18T07:42:00,https://api.quant-aq.com/v1/devices/MOD-00620/data/732908646
263.43,627.97,"{'lat': None, 'lon': None}","{'rh': 75.6, 'temp': 17.4, 'wd': 0.0, 'ws': 0.0, 'ws_scalar': 0.0}","{'gas': {'co': 18144, 'co2': 13267, 'no': 18145, 'no2': 18146, 'o3': 18147}, 'pm': {'pm1': 13221, 'pm10': 13223, 'pm25': 13222}}",1.38,7.47,9.82,4.85,10.91,5.4,732908851,75.6,MOD-00620,17.4,2026-07-18T14:41:00,2026-07-18T07:41:00,https://api.quant-aq.com/v1/devices/MOD-00620/data/732908645
258.72,628.09,"{'lat': None, 'lon': None}","{'rh': 75.3, 'temp': 17.4, 'wd': 0.0, 'ws': 0.0, 'ws_scalar': 0.0}","{'gas': {'co': 18144, 'co2': 13267, 'no': 18145, 'no2': 18146, 'o3': 18147}, 'pm': {'pm1': 13221, 'pm10': 13223, 'pm25': 13222}}",1.26,7.1,9.51,4.94,7.72,5.75,732908850,75.3,MOD-00620,17.4,2026-07-18T14:40:00,2026-07-18T07:40:00,https://api.quant-aq.com/v1/devices/MOD-00620/data/732908643
256.4,628.69,"{'lat': None, 'lon': None}","{'rh': 75.1, 'temp': 17.4, 'wd': 0.0, 'ws': 0.0, 'ws_scalar': 0.0}","{'gas': {'co': 18144, 'co2': 13267, 'no': 18145, 'no2': 18146, 'o3': 18147}, 'pm': {'pm1': 13221, 'pm10': 13223, 'pm25': 13222}}",1.48,7.46,9.86,4.94,7.02,5.8,732908849,75.1,MOD-00620,17.4,2026-07-18T14:39:00,2026-07-18T07:39:00,https://api.quant-aq.com/v1/devices/MOD-00620/data/732908644
253.78,628.33,"{'lat': None, 'lon': None}","{'rh': 74.9, 'temp': 17.5, 'wd': 0.0, 'ws': 0.0, 'ws_scalar': 0.0}","{'gas': {'co': 18144, 'co2': 13267, 'no': 18145, 'no2': 18146, 'o3': 18147}, 'pm': {'pm1': 13221, 'pm10': 13223, 'pm25': 13222}}",1.33,8.18,9.61,4.84,9.33,5.71,732906606,74.9,MOD-00620,17.5,2026-07-18T14:38:00,2026-07-18T07:38:00,https://api.quant-aq.com/v1/devices/MOD-00620/data/732906399
253.24,630.26,"{'lat': None, 'lon': None}","{'rh': 74.5, 'temp': 17.5, 'wd': 0.0, 'ws': 0.0, 'ws_scalar': 0.0}","{'gas': {'co': 18144, 'co2': 13267, 'no': 18145, 'no2': 18146, 'o3': 18147}, 'pm': {'pm1': 13221, 'pm10': 13223, 'pm25': 13222}}",1.49,5.64,11.08,4.82,5.94,5.48,732906607,74.5,MOD-00620,17.5,2026-07-18T14:37:00,2026-07-18T07:37:00,https://api.quant-aq.com/v1/devices/MOD-00620/data/732906401
262.73,628.45,"{'lat': None, 'lon': None}","{'rh': 75.0, 'temp': 17.5, 'wd': 0.0, 'ws': 0.0, 'ws_scalar': 0.0}","{'gas': {'co': 18144, 'co2': 13267, 'no': 18145, 'no2': 18146, 'o3': 18147}, 'pm': {'pm1': 13221, 'pm10': 13223, 'pm25': 13222}}",1.53,6.75,9.64,4.63,9.3,5.23,732906605,75.0,MOD-00620,17.5,2026-07-18T14:36:00,2026-07-18T07:36:00,https://api.quant-aq.com/v1/devices/MOD-00620/data/732906400
251.87,622.67,"{'lat': None, 'lon': None}","{'rh': 74.7, 'temp': 17.5, 'wd': 0.0, 'ws': 0.0, 'ws_scalar': 0.0}","{'gas': {'co': 18144, 'co2': 13267, 'no': 18145, 'no2': 18146, 'o3': 18147}, 'pm': {'pm1': 13221, 'pm10': 13223, 'pm25': 13222}}",1.34,6.75,11.03,4.83,7.96,5.57,732906604,74.7,MOD-00620,17.5,2026-07-18T14:35:00,2026-07-18T07:35:00,https://api.quant-aq.com/v1/devices/MOD-00620/data/732906398
255.35,630.14,"{'lat': None, 'lon': None}","{'rh': 75.0, 'temp': 17.5, 'wd': 0.0, 'ws': 0.0, 'ws_scalar': 0.0}","{'gas': {'co': 18144, 'co2': 13267, 'no': 18145, 'no2': 18146, 'o3': 18147}, 'pm': {'pm1': 13221, 'pm10': 13223, 'pm25': 13222}}",1.6,6.44,11.13,4.86,15.95,5.81,732904407,75.0,MOD-00620,17.5,2026-07-18T14:34:00,2026-07-18T07:34:00,https://api.quant-aq.com/v1/devices/MOD-00620/data/732904201
254.26,629.29,"{'lat': None, 'lon': None}","{'rh': 74.8, 'temp': 17.5, 'wd': 0.0, 'ws': 0.0, 'ws_scalar': 0.0}","{'gas': {'co': 18144, 'co2': 13267, 'no': 18145, 'no2': 18146, 'o3': 18147}, 'pm': {'pm1': 13221, 'pm10': 13223, 'pm25': 13222}}",1.27,7.08,9.99,5.08,7.78,5.83,732904408,74.8,MOD-00620,17.5,2026-07-18T14:33:00,2026-07-18T07:33:00,https://api.quant-aq.com/v1/devices/MOD-00620/data/732904202
256.85,629.05,"{'lat': None, 'lon': None}","{'rh': 75.2, 'temp': 17.5, 'wd': 0.0, 'ws': 0.0, 'ws_scalar': 0.0}","{'gas': {'co': 18144, 'co2': 13267, 'no': 18145, 'no2': 18146, 'o3': 18147}, 'pm': {'pm1': 13221, 'pm10': 13223, 'pm25': 13222}}",1.25,6.75,10.08,5.04,6.94,6.14,732904406,75.2,MOD-00620,17.5,2026-07-18T14:32:00,2026-07-18T07:32:00,https://api.quant-aq.com/v1/devices/MOD-00620/data/732904200
252.42,626.88,"{'lat': None, 'lon': None}","{'rh': 74.5, 'temp': 17.5, 'wd': 0.0, 'ws': 0.0, 'ws_scalar': 0.0}","{'gas': {'co': 18144, 'co2': 13267, 'no': 18145, 'no2': 18146, 'o3': 18147}, 'pm': {'pm1': 13221, 'pm10': 13223, 'pm25': 13222}}",1.55,6.45,10.71,4.88,10.93,5.64,732904409,74.5,MOD-00620,17.5,2026-07-18T14:31:00,2026-07-18T07:31:00,https://api.quant-aq.com/v1/devices/MOD-00620/data/732904203
252.42,626.04,"{'lat': None, 'lon': None}","{'rh': 74.5, 'temp': 17.5, 'wd': 0.0, 'ws': 0.0, 'ws_scalar': 0.0}","{'gas': {'co': 18144, 'co2': 13267, 'no': 18145, 'no2': 18146, 'o3': 18147}, 'pm': {'pm1': 13221, 'pm10': 13223, 'pm25': 13222}}",1.08,8.17,9.64,5.25,8.8,5.97,732902241,74.5,MOD-00620,17.5,2026-07-18T14:30:00,2026-07-18T07:30:00,https://api.quant-aq.com/v1/devices/MOD-00620/data/732902036
253.18,625.8,"{'lat': None, 'lon': None}","{'rh': 74.0, 'temp': 17.5, 'wd': 0.0, 'ws': 0.0, 'ws_scalar': 0.0}","{'gas': {'co': 18144, 'co2': 13267, 'no': 18145, 'no2': 18146, 'o3': 18147}, 'pm': {'pm1': 13221, 'pm10': 13223, 'pm25': 13222}}",1.51,6.76,9.26,5.31,8.81,6.13,732902244,74.0,MOD-00620,17.5,2026-07-18T14:29:00,2026-07-18T07:29:00,https://api.quant-aq.com/v1/devices/MOD-00620/data/732902039
254.12,624.36,"{'lat': None, 'lon': None}","{'rh': 73.4, 'temp': 17.6, 'wd': 0.0, 'ws': 0.0, 'ws_scalar': 0.0}","{'gas': {'co': 18144, 'co2': 13267, 'no': 18145, 'no2': 18146, 'o3': 18147}, 'pm': {'pm1': 13221, 'pm10': 13223, 'pm25': 13222}}",1.52,5.93,10.12,5.01,7.52,5.89,732902240,73.4,MOD-00620,17.6,2026-07-18T14:28:00,2026-07-18T07:28:00,https://api.quant-aq.com/v1/devices/MOD-00620/data/732902034
256.92,625.56,"{'lat': None, 'lon': None}","{'rh': 73.5, 'temp': 17.6, 'wd': 0.0, 'ws': 0.0, 'ws_scalar': 0.0}","{'gas': {'co': 18144, 'co2': 13267, 'no': 18145, 'no2': 18146, 'o3': 18147}, 'pm': {'pm1': 13221, 'pm10': 13223, 'pm25': 13222}}",1.58,6.18,9.99,4.18,6.58,5.02,732902239,73.5,MOD-00620,17.6,2026-07-18T14:27:00,2026-07-18T07:27:00,https://api.quant-aq.com/v1/devices/MOD-00620/data/732902033
249.61,625.2,"{'lat': None, 'lon': None}","{'rh': 73.4, 'temp': 17.6, 'wd': 0.0, 'ws': 0.0, 'ws_scalar': 0.0}","{'gas': {'co': 18144, 'co2': 13267, 'no': 18145, 'no2': 18146, 'o3': 18147}, 'pm': {'pm1': 13221, 'pm10': 13223, 'pm25': 13222}}",1.32,6.19,10.91,5.41,10.66,6.38,732900082,73.4,MOD-00620,17.6,2026-07-18T14:26:00,2026-07-18T07:26:00,https://api.quant-aq.com/v1/devices/MOD-00620/data/732899876
251.18,627.01,"{'lat': None, 'lon': None}","{'rh': 73.5, 'temp': 17.6, 'wd': 0.0, 'ws': 0.0, 'ws_scalar': 0.0}","{'gas': {'co': 18144, 'co2': 13267, 'no': 18145, 'no2': 18146, 'o3': 18147}, 'pm': {'pm1': 13221, 'pm10': 13223, 'pm25': 13222}}",1.65,6.76,10.65,5.45,10.64,6.38,732900081,73.5,MOD-00620,17.6,2026-07-18T14:25:00,2026-07-18T07:25:00,https://api.quant-aq.com/v1/devices/MOD-00620/data/732899874
254.66,623.63,"{'lat': None, 'lon': None}","{'rh': 73.8, 'temp': 17.6, 'wd': 0.0, 'ws': 0.0, 'ws_scalar': 0.0}","{'gas': {'co': 18144, 'co2': 13267, 'no': 18145, 'no2': 18146, 'o3': 18147}, 'pm': {'pm1': 13221, 'pm10': 13223, 'pm25': 13222}}",1.5,6.75,9.72,5.03,8.14,5.77,732900078,73.8,MOD-00620,17.6,2026-07-18T14:24:00,2026-07-18T07:24:00,https://api.quant-aq.com/v1/devices/MOD-00620/data/732899873
253.98,626.76,"{'lat': None, 'lon': None}","{'rh': 73.6, 'temp': 17.6, 'wd': 0.0, 'ws': 0.0, 'ws_scalar': 0.0}","{'gas': {'co': 18144, 'co2': 13267, 'no': 18145, 'no2': 18146, 'o3': 18147}, 'pm': {'pm1': 13221, 'pm10': 13223, 'pm25': 13222}}",1.31,7.07,9.61,5.15,9.76,5.84,732900080,73.6,MOD-00620,17.6,2026-07-18T14:23:00,2026-07-18T07:23:00,https://api.quant-aq.com/v1/devices/MOD-00620/data/732899875
248.45,625.2,"{'lat': None, 'lon': None}","{'rh': 73.3, 'temp': 17.6, 'wd': 0.0, 'ws': 0.0, 'ws_scalar': 0.0}","{'gas': {'co': 18144, 'co2': 13267, 'no': 18145, 'no2': 18146, 'o3': 18147}, 'pm': {'pm1': 13221, 'pm10': 13223, 'pm25': 13222}}",1.46,5.47,11.28,4.96,8.77,5.98,732897917,73.3,MOD-00620,17.6,2026-07-18T14:22:00,2026-07-18T07:22:00,https://api.quant-aq.com/v1/devices/MOD-00620/data/732897712
254.12,627.61,"{'lat': None, 'lon': None}","{'rh': 73.4, 'temp': 17.6, 'wd': 0.0, 'ws': 0.0, 'ws_scalar': 0.0}","{'gas': {'co': 18144, 'co2': 13267, 'no': 18145, 'no2': 18146, 'o3': 18147}, 'pm': {'pm1': 13221, 'pm10': 13223, 'pm25': 13222}}",1.66,5.93,10.57,5.09,12.3,5.85,732897918,73.4,MOD-00620,17.6,2026-07-18T14:21:00,2026-07-18T07:21:00,https://api.quant-aq.com/v1/devices/MOD-00620/data/732897711
251.18,626.88,"{'lat': None, 'lon': None}","{'rh': 73.5, 'temp': 17.6, 'wd': 0.0, 'ws': 0.0, 'ws_scalar': 0.0}","{'gas': {'co': 18144, 'co2': 13267, 'no': 18145, 'no2': 18146, 'o3': 18147}, 'pm': {'pm1': 13221, 'pm10': 13223, 'pm25': 13222}}",1.45,7.07,9.62,5.53,7.45,6.11,732897916,73.5,MOD-00620,17.6,2026-07-18T14:20:00,2026-07-18T07:20:00,https://api.quant-aq.com/v1/devices/MOD-00620/data/732897710
256.44,626.88,"{'lat': None, 'lon': None}","{'rh': 73.6, 'temp': 17.6, 'wd': 0.0, 'ws': 0.0, 'ws_scalar': 0.0}","{'gas': {'co': 18144, 'co2': 13267, 'no': 18145, 'no2': 18146, 'o3': 18147}, 'pm': {'pm1': 13221, 'pm10': 13223, 'pm25': 13222}}",1.44,6.18,10.44,4.59,8.55,5.21,732897915,73.6,MOD-00620,17.6,2026-07-18T14:19:00,2026-07-18T07:19:00,https://api.quant-aq.com/v1/devices/MOD-00620/data/732897708
257.93,631.94,"{'lat': None, 'lon': None}","{'rh': 73.4, 'temp': 17.7, 'wd': 0.0, 'ws': 0.0, 'ws_scalar': 0.0}","{'gas': {'co': 18144, 'co2': 13267, 'no': 18145, 'no2': 18146, 'o3': 18147}, 'pm': {'pm1': 13221, 'pm10': 13223, 'pm25': 13222}}",1.3,6.45,10.77,5.54,10.43,6.4,732895746,73.4,MOD-00620,17.7,2026-07-18T14:18:00,2026-07-18T07:18:00,https://api.quant-aq.com/v1/devices/MOD-00620/data/732895540
281.58,626.88,"{'lat': None, 'lon': None}","{'rh': 73.0, 'temp': 17.7, 'wd': 0.0, 'ws': 0.0, 'ws_scalar': 0.0}","{'gas': {'co': 18144, 'co2': 13267, 'no': 18145, 'no2': 18146, 'o3': 18147}, 'pm': {'pm1': 13221, 'pm10': 13223, 'pm25': 13222}}",1.86,5.28,11.87,5.3,7.59,5.93,732895745,73.0,MOD-00620,17.7,2026-07-18T14:17:00,2026-07-18T07:17:00,https://api.quant-aq.com/v1/devices/MOD-00620/data/732895539
324.62,629.17,"{'lat': None, 'lon': None}","{'rh': 74.2, 'temp': 17.7, 'wd': 0.0, 'ws': 0.0, 'ws_scalar': 0.0}","{'gas': {'co': 18144, 'co2': 13267, 'no': 18145, 'no2': 18146, 'o3': 18147}, 'pm': {'pm1': 13221, 'pm10': 13223, 'pm25': 13222}}",1.87,7.05,10.01,5.25,10.05,6.0,732895744,74.2,MOD-00620,17.7,2026-07-18T14:16:00,2026-07-18T07:16:00,https://api.quant-aq.com/v1/devices/MOD-00620/data/732895538
320.25,625.92,"{'lat': None, 'lon': None}","{'rh': 74.0, 'temp': 17.7, 'wd': 0.0, 'ws': 0.0, 'ws_scalar': 0.0}","{'gas': {'co': 18144, 'co2': 13267, 'no': 18145, 'no2': 18146, 'o3': 18147}, 'pm': {'pm1': 13221, 'pm10': 13223, 'pm25': 13222}}",1.81,6.16,10.85,4.92,6.08,5.47,732895743,74.0,MOD-00620,17.7,2026-07-18T14:15:00,2026-07-18T07:15:00,https://api.quant-aq.com/v1/devices/MOD-00620/data/732895537
282.51,629.05,"{'lat': None, 'lon': None}","{'rh': 74.6, 'temp': 17.7, 'wd': 0.0, 'ws': 0.0, 'ws_scalar': 0.0}","{'gas': {'co': 18144, 'co2': 13267, 'no': 18145, 'no2': 18146, 'o3': 18147}, 'pm': {'pm1': 13221, 'pm10': 13223, 'pm25': 13222}}",1.51,6.43,11.14,5.11,9.03,5.81,732893544,74.6,MOD-00620,17.7,2026-07-18T14:14:00,2026-07-18T07:14:00,https://api.quant-aq.com/v1/devices/MOD-00620/data/732893338
263.03,631.34,"{'lat': None, 'lon': None}","{'rh': 74.3, 'temp': 17.7, 'wd': 0.0, 'ws': 0.0, 'ws_scalar': 0.0}","{'gas': {'co': 18144, 'co2': 13267, 'no': 18145, 'no2': 18146, 'o3': 18147}, 'pm': {'pm1': 13221, 'pm10': 13223, 'pm25': 13222}}",1.06,8.49,10.42,5.11,9.23,6.06,732893545,74.3,MOD-00620,17.7,2026-07-18T14:13:00,2026-07-18T07:13:00,https://api.quant-aq.com/v1/devices/MOD-00620/data/732893337
262.15,628.33,"{'lat': None, 'lon': None}","{'rh': 73.8, 'temp': 17.7, 'wd': 0.0, 'ws': 0.0, 'ws_scalar': 0.0}","{'gas': {'co': 18144, 'co2': 13267, 'no': 18145, 'no2': 18146, 'o3': 18147}, 'pm': {'pm1': 13221, 'pm10': 13223, 'pm25': 13222}}",1.62,7.38,10.37,5.83,13.8,6.64,732893543,73.8,MOD-00620,17.7,2026-07-18T14:12:00,2026-07-18T07:12:00,https://api.quant-aq.com/v1/devices/MOD-00620/data/732893336
253.96,628.45,"{'lat': None, 'lon': None}","{'rh': 73.2, 'temp': 17.7, 'wd': 0.0, 'ws': 0.0, 'ws_scalar': 0.0}","{'gas': {'co': 18144, 'co2': 13267, 'no': 18145, 'no2': 18146, 'o3': 18147}, 'pm': {'pm1': 13221, 'pm10': 13223, 'pm25': 13222}}",1.0,8.46,9.59,5.81,12.46,6.54,732893542,73.2,MOD-00620,17.7,2026-07-18T14:11:00,2026-07-18T07:11:00,https://api.quant-aq.com/v1/devices/MOD-00620/data/732893339
254.17,623.03,"{'lat': None, 'lon': None}","{'rh': 71.9, 'temp': 17.8, 'wd': 0.0, 'ws': 0.0, 'ws_scalar': 0.0}","{'gas': {'co': 18144, 'co2': 13267, 'no': 18145, 'no2': 18146, 'o3': 18147}, 'pm': {'pm1': 13221, 'pm10': 13223, 'pm25': 13222}}",1.68,5.16,12.52,4.41,8.24,5.32,732891315,71.9,MOD-00620,17.8,2026-07-18T14:10:00,2026-07-18T07:10:00,https://api.quant-aq.com/v1/devices/MOD-00620/data/732891107
243.08,624.36,"{'lat': None, 'lon': None}","{'rh': 72.5, 'temp': 17.8, 'wd': 0.0, 'ws': 0.0, 'ws_scalar': 0.0}","{'gas': {'co': 18144, 'co2': 13267, 'no': 18145, 'no2': 18146, 'o3': 18147}, 'pm': {'pm1': 13221, 'pm10': 13223, 'pm25': 13222}}",1.59,6.47,11.28,5.26,9.68,6.06,732891316,72.5,MOD-00620,17.8,2026-07-18T14:09:00,2026-07-18T07:09:00,https://api.quant-aq.com/v1/devices/MOD-00620/data/732891110
250.45,623.87,"{'lat': None, 'lon': None}","{'rh': 73.1, 'temp': 17.8, 'wd': 0.0, 'ws': 0.0, 'ws_scalar': 0.0}","{'gas': {'co': 18144, 'co2': 13267, 'no': 18145, 'no2': 18146, 'o3': 18147}, 'pm': {'pm1': 13221, 'pm10': 13223, 'pm25': 13222}}",1.57,5.93,12.85,5.92,9.26,6.67,732891313,73.1,MOD-00620,17.8,2026-07-18T14:08:00,2026-07-18T07:08:00,https://api.quant-aq.com/v1/devices/MOD-00620/data/732891108
249.36,621.83,"{'lat': None, 'lon': None}","{'rh': 72.9, 'temp': 17.8, 'wd': 0.0, 'ws': 0.0, 'ws_scalar': 0.0}","{'gas': {'co': 18144, 'co2': 13267, 'no': 18145, 'no2': 18146, 'o3': 18147}, 'pm': {'pm1': 13221, 'pm10': 13223, 'pm25': 13222}}",1.37,6.75,11.59,5.49,10.65,6.27,732891314,72.9,MOD-00620,17.8,2026-07-18T14:07:00,2026-07-18T07:07:00,https://api.quant-aq.com/v1/devices/MOD-00620/data/732891109
250.79,626.16,"{'lat': None, 'lon': None}","{'rh': 73.2, 'temp': 17.8, 'wd': 0.0, 'ws': 0.0, 'ws_scalar': 0.0}","{'gas': {'co': 18144, 'co2': 13267, 'no': 18145, 'no2': 18146, 'o3': 18147}, 'pm': {'pm1': 13221, 'pm10': 13223, 'pm25': 13222}}",1.5,7.37,11.32,5.15,9.54,5.85,732889153,73.2,MOD-00620,17.8,2026-07-18T14:06:00,2026-07-18T07:06:00,https://api.quant-aq.com/v1/devices/MOD-00620/data/732888947
252.38,626.28,"{'lat': None, 'lon': None}","{'rh': 72.7, 'temp': 17.8, 'wd': 0.0, 'ws': 0.0, 'ws_scalar': 0.0}","{'gas': {'co': 18144, 'co2': 13267, 'no': 18145, 'no2': 18146, 'o3': 18147}, 'pm': {'pm1': 13221, 'pm10': 13223, 'pm25': 13222}}",1.04,7.7,10.32,4.92,12.74,5.85,732889151,72.7,MOD-00620,17.8,2026-07-18T14:05:00,2026-07-18T07:05:00,https://api.quant-aq.com/v1/devices/MOD-00620/data/732888945
247.59,624.96,"{'lat': None, 'lon': None}","{'rh': 71.5, 'temp': 17.9, 'wd': 0.0, 'ws': 0.0, 'ws_scalar': 0.0}","{'gas': {'co': 18144, 'co2': 13267, 'no': 18145, 'no2': 18146, 'o3': 18147}, 'pm': {'pm1': 13221, 'pm10': 13223, 'pm25': 13222}}",1.61,6.24,11.47,5.53,22.24,6.4,732889150,71.5,MOD-00620,17.9,2026-07-18T14:04:00,2026-07-18T07:04:00,https://api.quant-aq.com/v1/devices/MOD-00620/data/732888944
251.97,621.1,"{'lat': None, 'lon': None}","{'rh': 71.1, 'temp': 17.9, 'wd': 0.0, 'ws': 0.0, 'ws_scalar': 0.0}","{'gas': {'co': 18144, 'co2': 13267, 'no': 18145, 'no2': 18146, 'o3': 18147}, 'pm': {'pm1': 13221, 'pm10': 13223, 'pm25': 13222}}",1.63,5.8,11.29,5.51,14.43,6.37,732889152,71.1,MOD-00620,17.9,2026-07-18T14:03:00,2026-07-18T07:03:00,https://api.quant-aq.com/v1/devices/MOD-00620/data/732888946
248.69,621.34,"{'lat': None, 'lon': None}","{'rh': 71.1, 'temp': 17.9, 'wd': 0.0, 'ws': 0.0, 'ws_scalar': 0.0}","{'gas': {'co': 18144, 'co2': 13267, 'no': 18145, 'no2': 18146, 'o3': 18147}, 'pm': {'pm1': 13221, 'pm10': 13223, 'pm25': 13222}}",1.42,6.26,11.96,5.23,10.02,5.86,732886988,71.1,MOD-00620,17.9,2026-07-18T14:02:00,2026-07-18T07:02:00,https://api.quant-aq.com/v1/devices/MOD-00620/data/732886782
248.9,623.99,"{'lat': None, 'lon': None}","{'rh': 70.8, 'temp': 17.9, 'wd': 0.0, 'ws': 0.0, 'ws_scalar': 0.0}","{'gas': {'co': 18144, 'co2': 13267, 'no': 18145, 'no2': 18146, 'o3': 18147}, 'pm': {'pm1': 13221, 'pm10': 13223, 'pm25': 13222}}",1.64,6.28,11.98,5.33,8.23,5.91,732886989,70.8,MOD-00620,17.9,2026-07-18T14:01:00,2026-07-18T07:01:00,https://api.quant-aq.com/v1/devices/MOD-00620/data/732886783
244.32,621.71,"{'lat': None, 'lon': None}","{'rh': 70.9, 'temp': 17.9, 'wd': 0.0, 'ws': 0.0, 'ws_scalar': 0.0}","{'gas': {'co': 18144, 'co2': 13267, 'no': 18145, 'no2': 18146, 'o3': 18147}, 'pm': {'pm1': 13221, 'pm10': 13223, 'pm25': 13222}}",1.64,5.81,12.22,5.07,8.54,5.78,732886987,70.9,MOD-00620,17.9,2026-07-18T14:00:00,2026-07-18T07:00:00,https://api.quant-aq.com/v1/devices/MOD-00620/data/732886781
246.07,623.39,"{'lat': None, 'lon': None}","{'rh': 70.9, 'temp': 18.0, 'wd': 0.0, 'ws': 0.0, 'ws_scalar': 0.0}","{'gas': {'co': 18144, 'co2': 13267, 'no': 18145, 'no2': 18146, 'o3': 18147}, 'pm': {'pm1': 13221, 'pm10': 13223, 'pm25': 13222}}",1.82,5.81,11.75,5.49,14.9,6.22,732886985,70.9,MOD-00620,18.0,2026-07-18T13:59:00,2026-07-18T06:59:00,https://api.quant-aq.com/v1/devices/MOD-00620/data/732886780
247.3,621.83,"{'lat': None, 'lon': None}","{'rh': 70.9, 'temp': 18.0, 'wd': 0.0, 'ws': 0.0, 'ws_scalar': 0.0}","{'gas': {'co': 18144, 'co2': 13267, 'no': 18145, 'no2': 18146, 'o3': 18147}, 'pm': {'pm1': 13221, 'pm10': 13223, 'pm25': 13222}}",1.62,6.03,11.63,5.64,10.91,6.43,732884837,70.9,MOD-00620,18.0,2026-07-18T13:58:00,2026-07-18T06:58:00,https://api.quant-aq.com/v1/devices/MOD-00620/data/732884631
250.79,627.01,"{'lat': None, 'lon': None}","{'rh': 70.6, 'temp': 18.0, 'wd': 0.0, 'ws': 0.0, 'ws_scalar': 0.0}","{'gas': {'co': 18144, 'co2': 13267, 'no': 18145, 'no2': 18146, 'o3': 18147}, 'pm': {'pm1': 13221, 'pm10': 13223, 'pm25': 13222}}",1.77,6.53,10.94,5.4,8.63,6.31,732884840,70.6,MOD-00620,18.0,2026-07-18T13:57:00,2026-07-18T06:57:00,https://api.quant-aq.com/v1/devices/MOD-00620/data/732884634
247.24,628.09,"{'lat': None, 'lon': None}","{'rh': 70.4, 'temp': 18.0, 'wd': 0.0, 'ws': 0.0, 'ws_scalar': 0.0}","{'gas': {'co': 18144, 'co2': 13267, 'no': 18145, 'no2': 18146, 'o3': 18147}, 'pm': {'pm1': 13221, 'pm10': 13223, 'pm25': 13222}}",1.71,6.06,11.21,5.59,8.15,6.41,732884839,70.4,MOD-00620,18.0,2026-07-18T13:56:00,2026-07-18T06:56:00,https://api.quant-aq.com/v1/devices/MOD-00620/data/732884633
242.87,624.84,"{'lat': None, 'lon': None}","{'rh': 70.2, 'temp': 18.0, 'wd': 0.0, 'ws': 0.0, 'ws_scalar': 0.0}","{'gas': {'co': 18144, 'co2': 13267, 'no': 18145, 'no2': 18146, 'o3': 18147}, 'pm': {'pm1': 13221, 'pm10': 13223, 'pm25': 13222}}",1.65,5.85,11.34,5.64,10.46,6.5,732884838,70.2,MOD-00620,18.0,2026-07-18T13:55:00,2026-07-18T06:55:00,https://api.quant-aq.com/v1/devices/MOD-00620/data/732884632
248.66,620.62,"{'lat': None, 'lon': None}","{'rh': 70.3, 'temp': 18.1, 'wd': 0.0, 'ws': 0.0, 'ws_scalar': 0.0}","{'gas': {'co': 18144, 'co2': 13267, 'no': 18145, 'no2': 18146, 'o3': 18147}, 'pm': {'pm1': 13221, 'pm10': 13223, 'pm25': 13222}}",1.63,6.29,11.53,6.0,9.35,6.72,732882548,70.3,MOD-00620,18.1,2026-07-18T13:54:00,2026-07-18T06:54:00,https://api.quant-aq.com/v1/devices/MOD-00620/data/732882342
244.07,624.24,"{'lat': None, 'lon': None}","{'rh': 70.4, 'temp': 18.1, 'wd': 0.0, 'ws': 0.0, 'ws_scalar': 0.0}","{'gas': {'co': 18144, 'co2': 13267, 'no': 18145, 'no2': 18146, 'o3': 18147}, 'pm': {'pm1': 13221, 'pm10': 13223, 'pm25': 13222}}",1.83,5.84,11.32,4.94,16.29,5.67,732882547,70.4,MOD-00620,18.1,2026-07-18T13:53:00,2026-07-18T06:53:00,https://api.quant-aq.com/v1/devices/MOD-00620/data/732882341
249.14,619.42,"{'lat': None, 'lon': None}","{'rh': 70.2, 'temp': 18.1, 'wd': 0.0, 'ws': 0.0, 'ws_scalar': 0.0}","{'gas': {'co': 18144, 'co2': 13267, 'no': 18145, 'no2': 18146, 'o3': 18147}, 'pm': {'pm1': 13221, 'pm10': 13223, 'pm25': 13222}}",1.77,5.46,12.49,5.07,9.16,5.87,732882549,70.2,MOD-00620,18.1,2026-07-18T13:52:00,2026-07-18T06:52:00,https://api.quant-aq.com/v1/devices/MOD-00620/data/732882343
252.88,626.04,"{'lat': None, 'lon': None}","{'rh': 70.7, 'temp': 18.1, 'wd': 0.0, 'ws': 0.0, 'ws_scalar': 0.0}","{'gas': {'co': 18144, 'co2': 13267, 'no': 18145, 'no2': 18146, 'o3': 18147}, 'pm': {'pm1': 13221, 'pm10': 13223, 'pm25': 13222}}",1.82,5.82,11.75,6.12,17.88,6.85,732882546,70.7,MOD-00620,18.1,2026-07-18T13:51:00,2026-07-18T06:51:00,https://api.quant-aq.com/v1/devices/MOD-00620/data/732882340
251.51,625.2,"{'lat': None, 'lon': None}","{'rh': 70.9, 'temp': 18.1, 'wd': 0.0, 'ws': 0.0, 'ws_scalar': 0.0}","{'gas': {'co': 18144, 'co2': 13267, 'no': 18145, 'no2': 18146, 'o3': 18147}, 'pm': {'pm1': 13221, 'pm10': 13223, 'pm25': 13222}}",1.54,6.78,10.33,5.33,7.46,5.89,732880250,70.9,MOD-00620,18.1,2026-07-18T13:50:00,2026-07-18T06:50:00,https://api.quant-aq.com/v1/devices/MOD-00620/data/732880044
260.0,625.2,"{'lat': None, 'lon': None}","{'rh': 70.5, 'temp': 18.1, 'wd': 0.0, 'ws': 0.0, 'ws_scalar': 0.0}","{'gas': {'co': 18144, 'co2': 13267, 'no': 18145, 'no2': 18146, 'o3': 18147}, 'pm': {'pm1': 13221, 'pm10': 13223, 'pm25': 13222}}",1.76,7.07,10.69,5.79,8.06,6.42,732880249,70.5,MOD-00620,18.1,2026-07-18T13:49:00,2026-07-18T06:49:00,https://api.quant-aq.com/v1/devices/MOD-00620/data/732880043
247.5,624.36,"{'lat': None, 'lon': None}","{'rh': 70.2, 'temp': 18.1, 'wd': 0.0, 'ws': 0.0, 'ws_scalar': 0.0}","{'gas': {'co': 18144, 'co2': 13267, 'no': 18145, 'no2': 18146, 'o3': 18147}, 'pm': {'pm1': 13221, 'pm10': 13223, 'pm25': 13222}}",1.29,6.3,11.09,5.39,8.99,5.99,732880247,70.2,MOD-00620,18.1,2026-07-18T13:48:00,2026-07-18T06:48:00,https://api.quant-aq.com/v1/devices/MOD-00620/data/732880041
249.01,624.72,"{'lat': None, 'lon': None}","{'rh': 69.8, 'temp': 18.1, 'wd': 0.0, 'ws': 0.0, 'ws_scalar': 0.0}","{'gas': {'co': 18144, 'co2': 13267, 'no': 18145, 'no2': 18146, 'o3': 18147}, 'pm': {'pm1': 13221, 'pm10': 13223, 'pm25': 13222}}",1.78,6.82,9.04,5.63,7.88,6.41,732880248,69.8,MOD-00620,18.1,2026-07-18T13:47:00,2026-07-18T06:47:00,https://api.quant-aq.com/v1/devices/MOD-00620/data/732880042
249.23,622.67,"{'lat': None, 'lon': None}","{'rh': 68.9, 'temp': 18.1, 'wd': 0.0, 'ws': 0.0, 'ws_scalar': 0.0}","{'gas': {'co': 18144, 'co2': 13267, 'no': 18145, 'no2': 18146, 'o3': 18147}, 'pm': {'pm1': 13221, 'pm10': 13223, 'pm25': 13222}}",1.14,6.86,10.02,6.1,8.17,6.83,732878071,68.9,MOD-00620,18.1,2026-07-18T13:46:00,2026-07-18T06:46:00,https://api.quant-aq.com/v1/devices/MOD-00620/data/732877865
250.49,623.03,"{'lat': None, 'lon': None}","{'rh': 67.7, 'temp': 18.1, 'wd': 0.0, 'ws': 0.0, 'ws_scalar': 0.0}","{'gas': {'co': 18144, 'co2': 13267, 'no': 18145, 'no2': 18146, 'o3': 18147}, 'pm': {'pm1': 13221, 'pm10': 13223, 'pm25': 13222}}",2.0,5.62,11.77,5.52,14.74,6.16,732878073,67.7,MOD-00620,18.1,2026-07-18T13:45:00,2026-07-18T06:45:00,https://api.quant-aq.com/v1/devices/MOD-00620/data/732877866
251.5,622.67,"{'lat': None, 'lon': None}","{'rh': 68.0, 'temp': 18.1, 'wd': 0.0, 'ws': 0.0, 'ws_scalar': 0.0}","{'gas': {'co': 18144, 'co2': 13267, 'no': 18145, 'no2': 18146, 'o3': 18147}, 'pm': {'pm1': 13221, 'pm10': 13223, 'pm25': 13222}}",2.06,5.78,9.8,5.72,7.42,6.35,732878072,68.0,MOD-00620,18.1,2026-07-18T13:44:00,2026-07-18T06:44:00,https://api.quant-aq.com/v1/devices/MOD-00620/data/732877867
254.8,622.55,"{'lat': None, 'lon': None}","{'rh': 67.4, 'temp': 18.1, 'wd': 0.0, 'ws': 0.0, 'ws_scalar': 0.0}","{'gas': {'co': 18144, 'co2': 13267, 'no': 18145, 'no2': 18146, 'o3': 18147}, 'pm': {'pm1': 13221, 'pm10': 13223, 'pm25': 13222}}",1.47,6.01,10.17,5.93,14.78,6.74,732878070,67.4,MOD-00620,18.1,2026-07-18T13:43:00,2026-07-18T06:43:00,https://api.quant-aq.com/v1/devices/MOD-00620/data/732877864
253.17,619.54,"{'lat': None, 'lon': None}","{'rh': 66.8, 'temp': 18.1, 'wd': 0.0, 'ws': 0.0, 'ws_scalar': 0.0}","{'gas': {'co': 18144, 'co2': 13267, 'no': 18145, 'no2': 18146, 'o3': 18147}, 'pm': {'pm1': 13221, 'pm10': 13223, 'pm25': 13222}}",2.1,5.5,10.13,5.64,6.88,6.23,732875858,66.8,MOD-00620,18.1,2026-07-18T13:42:00,2026-07-18T06:42:00,https://api.quant-aq.com/v1/devices/MOD-00620/data/732875651
258.43,624.24,"{'lat': None, 'lon': None}","{'rh': 66.9, 'temp': 18.1, 'wd': 0.0, 'ws': 0.0, 'ws_scalar': 0.0}","{'gas': {'co': 18144, 'co2': 13267, 'no': 18145, 'no2': 18146, 'o3': 18147}, 'pm': {'pm1': 13221, 'pm10': 13223, 'pm25': 13222}}",2.37,5.05,11.86,6.59,10.61,7.26,732875855,66.9,MOD-00620,18.1,2026-07-18T13:41:00,2026-07-18T06:41:00,https://api.quant-aq.com/v1/devices/MOD-00620/data/732875649
257.54,626.52,"{'lat': None, 'lon': None}","{'rh': 67.0, 'temp': 18.1, 'wd': 0.0, 'ws': 0.0, 'ws_scalar': 0.0}","{'gas': {'co': 18144, 'co2': 13267, 'no': 18145, 'no2': 18146, 'o3': 18147}, 'pm': {'pm1': 13221, 'pm10': 13223, 'pm25': 13222}}",1.89,5.33,10.24,5.96,7.78,6.8,732875852,67.0,MOD-00620,18.1,2026-07-18T13:40:00,2026-07-18T06:40:00,https://api.quant-aq.com/v1/devices/MOD-00620/data/732875647
257.91,625.92,"{'lat': None, 'lon': None}","{'rh': 66.9, 'temp': 18.0, 'wd': 0.0, 'ws': 0.0, 'ws_scalar': 0.0}","{'gas': {'co': 18144, 'co2': 13267, 'no': 18145, 'no2': 18146, 'o3': 18147}, 'pm': {'pm1': 13221, 'pm10': 13223, 'pm25': 13222}}",2.11,5.18,10.38,6.68,13.66,7.46,732875851,66.9,MOD-00620,18.0,2026-07-18T13:39:00,2026-07-18T06:39:00,https://api.quant-aq.com/v1/devices/MOD-00620/data/732875645
251.46,625.32,"{'lat': None, 'lon': None}","{'rh': 66.9, 'temp': 18.1, 'wd': 0.0, 'ws': 0.0, 'ws_scalar': 0.0}","{'gas': {'co': 18144, 'co2': 13267, 'no': 18145, 'no2': 18146, 'o3': 18147}, 'pm': {'pm1': 13221, 'pm10': 13223, 'pm25': 13222}}",2.23,5.34,10.25,5.85,17.93,6.69,732873654,66.9,MOD-00620,18.1,2026-07-18T13:38:00,2026-07-18T06:38:00,https://api.quant-aq.com/v1/devices/MOD-00620/data/732873448
249.37,623.63,"{'lat': None, 'lon': None}","{'rh': 66.8, 'temp': 18.0, 'wd': 0.0, 'ws': 0.0, 'ws_scalar': 0.0}","{'gas': {'co': 18144, 'co2': 13267, 'no': 18145, 'no2': 18146, 'o3': 18147}, 'pm': {'pm1': 13221, 'pm10': 13223, 'pm25': 13222}}",2.05,5.19,10.39,5.1,9.27,5.75,732873657,66.8,MOD-00620,18.0,2026-07-18T13:37:00,2026-07-18T06:37:00,https://api.quant-aq.com/v1/devices/MOD-00620/data/732873451
246.57,624.11,"{'lat': None, 'lon': None}","{'rh': 66.7, 'temp': 18.0, 'wd': 0.0, 'ws': 0.0, 'ws_scalar': 0.0}","{'gas': {'co': 18144, 'co2': 13267, 'no': 18145, 'no2': 18146, 'o3': 18147}, 'pm': {'pm1': 13221, 'pm10': 13223, 'pm25': 13222}}",1.99,4.92,10.19,5.81,30.31,6.59,732873656,66.7,MOD-00620,18.0,2026-07-18T13:36:00,2026-07-18T06:36:00,https://api.quant-aq.com/v1/devices/MOD-00620/data/732873449
248.83,623.99,"{'lat': None, 'lon': None}","{'rh': 66.4, 'temp': 18.0, 'wd': 0.0, 'ws': 0.0, 'ws_scalar': 0.0}","{'gas': {'co': 18144, 'co2': 13267, 'no': 18145, 'no2': 18146, 'o3': 18147}, 'pm': {'pm1': 13221, 'pm10': 13223, 'pm25': 13222}}",2.07,5.07,11.0,5.91,8.57,6.57,732873655,66.4,MOD-00620,18.0,2026-07-18T13:35:00,2026-07-18T06:35:00,https://api.quant-aq.com/v1/devices/MOD-00620/data/732873450
246.98,621.34,"{'lat': None, 'lon': None}","{'rh': 66.7, 'temp': 18.0, 'wd': 0.0, 'ws': 0.0, 'ws_scalar': 0.0}","{'gas': {'co': 18144, 'co2': 13267, 'no': 18145, 'no2': 18146, 'o3': 18147}, 'pm': {'pm1': 13221, 'pm10': 13223, 'pm25': 13222}}",2.19,5.05,10.98,6.62,12.85,7.27,732871451,66.7,MOD-00620,18.0,2026-07-18T13:34:00,2026-07-18T06:34:00,https://api.quant-aq.com/v1/devices/MOD-00620/data/732871245
247.39,625.68,"{'lat': None, 'lon': None}","{'rh': 66.7, 'temp': 18.0, 'wd': 0.0, 'ws': 0.0, 'ws_scalar': 0.0}","{'gas': {'co': 18144, 'co2': 13267, 'no': 18145, 'no2': 18146, 'o3': 18147}, 'pm': {'pm1': 13221, 'pm10': 13223, 'pm25': 13222}}",2.33,4.8,11.22,5.89,7.33,6.57,732871449,66.7,MOD-00620,18.0,2026-07-18T13:33:00,2026-07-18T06:33:00,https://api.quant-aq.com/v1/devices/MOD-00620/data/732871243
242.93,624.11,"{'lat': None, 'lon': None}","{'rh': 67.2, 'temp': 18.0, 'wd': 0.0, 'ws': 0.0, 'ws_scalar': 0.0}","{'gas': {'co': 18144, 'co2': 13267, 'no': 18145, 'no2': 18146, 'o3': 18147}, 'pm': {'pm1': 13221, 'pm10': 13223, 'pm25': 13222}}",2.1,5.31,9.32,5.61,8.47,6.38,732871450,67.2,MOD-00620,18.0,2026-07-18T13:32:00,2026-07-18T06:32:00,https://api.quant-aq.com/v1/devices/MOD-00620/data/732871244
245.06,624.48,"{'lat': None, 'lon': None}","{'rh': 67.1, 'temp': 18.0, 'wd': 0.0, 'ws': 0.0, 'ws_scalar': 0.0}","{'gas': {'co': 18144, 'co2': 13267, 'no': 18145, 'no2': 18146, 'o3': 18147}, 'pm': {'pm1': 13221, 'pm10': 13223, 'pm25': 13222}}",2.04,5.17,10.37,4.55,7.25,5.19,732871448,67.1,MOD-00620,18.0,2026-07-18T13:31:00,2026-07-18T06:31:00,https://api.quant-aq.com/v1/devices/MOD-00620/data/732871242
243.49,622.19,"{'lat': None, 'lon': None}","{'rh': 67.0, 'temp': 18.0, 'wd': 0.0, 'ws': 0.0, 'ws_scalar': 0.0}","{'gas': {'co': 18144, 'co2': 13267, 'no': 18145, 'no2': 18146, 'o3': 18147}, 'pm': {'pm1': 13221, 'pm10': 13223, 'pm25': 13222}}",1.97,5.17,10.37,4.72,7.72,5.28,732869235,67.0,MOD-00620,18.0,2026-07-18T13:30:00,2026-07-18T06:30:00,https://api.quant-aq.com/v1/devices/MOD-00620/data/732869027
243.57,622.67,"{'lat': None, 'lon': None}","{'rh': 66.3, 'temp': 18.0, 'wd': 0.0, 'ws': 0.0, 'ws_scalar': 0.0}","{'gas': {'co': 18144, 'co2': 13267, 'no': 18145, 'no2': 18146, 'o3': 18147}, 'pm': {'pm1': 13221, 'pm10': 13223, 'pm25': 13222}}",2.27,4.95,12.04,5.06,13.86,5.71,732869234,66.3,MOD-00620,18.0,2026-07-18T13:29:00,2026-07-18T06:29:00,https://api.quant-aq.com/v1/devices/MOD-00620/data/732869028
252.71,627.37,"{'lat': None, 'lon': None}","{'rh': 67.3, 'temp': 18.0, 'wd': 0.0, 'ws': 0.0, 'ws_scalar': 0.0}","{'gas': {'co': 18144, 'co2': 13267, 'no': 18145, 'no2': 18146, 'o3': 18147}, 'pm': {'pm1': 13221, 'pm10': 13223, 'pm25': 13222}}",2.3,5.16,10.35,5.06,8.63,5.67,732869236,67.3,MOD-00620,18.0,2026-07-18T13:28:00,2026-07-18T06:28:00,https://api.quant-aq.com/v1/devices/MOD-00620/data/732869030
251.96,623.99,"{'lat': None, 'lon': None}","{'rh': 67.2, 'temp': 18.0, 'wd': 0.0, 'ws': 0.0, 'ws_scalar': 0.0}","{'gas': {'co': 18144, 'co2': 13267, 'no': 18145, 'no2': 18146, 'o3': 18147}, 'pm': {'pm1': 13221, 'pm10': 13223, 'pm25': 13222}}",1.83,5.64,8.62,5.38,15.74,6.01,732869233,67.2,MOD-00620,18.0,2026-07-18T13:27:00,2026-07-18T06:27:00,https://api.quant-aq.com/v1/devices/MOD-00620/data/732869029
250.53,623.75,"{'lat': None, 'lon': None}","{'rh': 66.9, 'temp': 18.0, 'wd': 0.0, 'ws': 0.0, 'ws_scalar': 0.0}","{'gas': {'co': 18144, 'co2': 13267, 'no': 18145, 'no2': 18146, 'o3': 18147}, 'pm': {'pm1': 13221, 'pm10': 13223, 'pm25': 13222}}",2.05,5.04,9.59,5.3,8.95,6.13,732867045,66.9,MOD-00620,18.0,2026-07-18T13:26:00,2026-07-18T06:26:00,https://api.quant-aq.com/v1/devices/MOD-00620/data/732866839
259.96,620.74,"{'lat': None, 'lon': None}","{'rh': 66.9, 'temp': 18.0, 'wd': 0.0, 'ws': 0.0, 'ws_scalar': 0.0}","{'gas': {'co': 18144, 'co2': 13267, 'no': 18145, 'no2': 18146, 'o3': 18147}, 'pm': {'pm1': 13221, 'pm10': 13223, 'pm25': 13222}}",1.98,5.04,10.05,5.58,9.84,6.43,732867046,66.9,MOD-00620,18.0,2026-07-18T13:25:00,2026-07-18T06:25:00,https://api.quant-aq.com/v1/devices/MOD-00620/data/732866840
260.32,626.04,"{'lat': None, 'lon': None}","{'rh': 67.4, 'temp': 17.9, 'wd': 0.0, 'ws': 0.0, 'ws_scalar': 0.0}","{'gas': {'co': 18144, 'co2': 13267, 'no': 18145, 'no2': 18146, 'o3': 18147}, 'pm': {'pm1': 13221, 'pm10': 13223, 'pm25': 13222}}",1.98,5.14,9.9,5.46,8.61,6.03,732867043,67.4,MOD-00620,17.9,2026-07-18T13:24:00,2026-07-18T06:24:00,https://api.quant-aq.com/v1/devices/MOD-00620/data/732866838
262.98,620.98,"{'lat': None, 'lon': None}","{'rh': 67.7, 'temp': 17.9, 'wd': 0.0, 'ws': 0.0, 'ws_scalar': 0.0}","{'gas': {'co': 18144, 'co2': 13267, 'no': 18145, 'no2': 18146, 'o3': 18147}, 'pm': {'pm1': 13221, 'pm10': 13223, 'pm25': 13222}}",1.96,5.27,9.76,5.14,10.0,5.67,732867044,67.7,MOD-00620,17.9,2026-07-18T13:23:00,2026-07-18T06:23:00,https://api.quant-aq.com/v1/devices/MOD-00620/data/732866837
261.14,624.84,"{'lat': None, 'lon': None}","{'rh': 67.4, 'temp': 17.9, 'wd': 0.0, 'ws': 0.0, 'ws_scalar': 0.0}","{'gas': {'co': 18144, 'co2': 13267, 'no': 18145, 'no2': 18146, 'o3': 18147}, 'pm': {'pm1': 13221, 'pm10': 13223, 'pm25': 13222}}",1.98,5.0,10.48,5.67,10.01,6.57,732864765,67.4,MOD-00620,17.9,2026-07-18T13:22:00,2026-07-18T06:22:00,https://api.quant-aq.com/v1/devices/MOD-00620/data/732864559
259.7,626.76,"{'lat': None, 'lon': None}","{'rh': 67.7, 'temp': 17.9, 'wd': 0.0, 'ws': 0.0, 'ws_scalar': 0.0}","{'gas': {'co': 18144, 'co2': 13267, 'no': 18145, 'no2': 18146, 'o3': 18147}, 'pm': {'pm1': 13221, 'pm10': 13223, 'pm25': 13222}}",2.1,4.98,10.0,5.44,10.29,6.17,732864763,67.7,MOD-00620,17.9,2026-07-18T13:21:00,2026-07-18T06:21:00,https://api.quant-aq.com/v1/devices/MOD-00620/data/732864556
262.56,627.97,"{'lat': None, 'lon': None}","{'rh': 68.3, 'temp': 17.9, 'wd': 0.0, 'ws': 0.0, 'ws_scalar': 0.0}","{'gas': {'co': 18144, 'co2': 13267, 'no': 18145, 'no2': 18146, 'o3': 18147}, 'pm': {'pm1': 13221, 'pm10': 13223, 'pm25': 13222}}",2.01,5.4,9.59,6.17,13.48,6.8,732864762,68.3,MOD-00620,17.9,2026-07-18T13:20:00,2026-07-18T06:20:00,https://api.quant-aq.com/v1/devices/MOD-00620/data/732864557
262.16,625.92,"{'lat': None, 'lon': None}","{'rh': 67.7, 'temp': 17.9, 'wd': 0.0, 'ws': 0.0, 'ws_scalar': 0.0}","{'gas': {'co': 18144, 'co2': 13267, 'no': 18145, 'no2': 18146, 'o3': 18147}, 'pm': {'pm1': 13221, 'pm10': 13223, 'pm25': 13222}}",2.1,5.12,9.88,5.53,11.68,6.12,732864759,67.7,MOD-00620,17.9,2026-07-18T13:19:00,2026-07-18T06:19:00,https://api.quant-aq.com/v1/devices/MOD-00620/data/732864553
260.65,626.4,"{'lat': None, 'lon': None}","{'rh': 68.1, 'temp': 17.9, 'wd': 0.0, 'ws': 0.0, 'ws_scalar': 0.0}","{'gas': {'co': 18144, 'co2': 13267, 'no': 18145, 'no2': 18146, 'o3': 18147}, 'pm': {'pm1': 13221, 'pm10': 13223, 'pm25': 13222}}",1.95,5.41,9.15,5.44,8.59,6.09,732862269,68.1,MOD-00620,17.9,2026-07-18T13:18:00,2026-07-18T06:18:00,https://api.quant-aq.com/v1/devices/MOD-00620/data/732862065
259.09,629.17,"{'lat': None, 'lon': None}","{'rh': 67.4, 'temp': 17.9, 'wd': 0.0, 'ws': 0.0, 'ws_scalar': 0.0}","{'gas': {'co': 18144, 'co2': 13267, 'no': 18145, 'no2': 18146, 'o3': 18147}, 'pm': {'pm1': 13221, 'pm10': 13223, 'pm25': 13222}}",1.91,5.0,10.94,5.82,6.94,6.55,732862267,67.4,MOD-00620,17.9,2026-07-18T13:17:00,2026-07-18T06:17:00,https://api.quant-aq.com/v1/devices/MOD-00620/data/732862064
257.03,627.61,"{'lat': None, 'lon': None}","{'rh': 68.0, 'temp': 17.9, 'wd': 0.0, 'ws': 0.0, 'ws_scalar': 0.0}","{'gas': {'co': 18144, 'co2': 13267, 'no': 18145, 'no2': 18146, 'o3': 18147}, 'pm': {'pm1': 13221, 'pm10': 13223, 'pm25': 13222}}",1.61,5.77,8.91,5.82,8.66,6.4,732862265,68.0,MOD-00620,17.9,2026-07-18T13:16:00,2026-07-18T06:16:00,https://api.quant-aq.com/v1/devices/MOD-00620/data/732862059
254.1,626.28,"{'lat': None, 'lon': None}","{'rh': 67.5, 'temp': 17.9, 'wd': 0.0, 'ws': 0.0, 'ws_scalar': 0.0}","{'gas': {'co': 18144, 'co2': 13267, 'no': 18145, 'no2': 18146, 'o3': 18147}, 'pm': {'pm1': 13221, 'pm10': 13223, 'pm25': 13222}}",1.77,5.14,10.35,5.24,7.75,5.97,732862266,67.5,MOD-00620,17.9,2026-07-18T13:15:00,2026-07-18T06:15:00,https://api.quant-aq.com/v1/devices/MOD-00620/data/732862061
250.69,626.28,"{'lat': None, 'lon': None}","{'rh': 67.1, 'temp': 17.9, 'wd': 0.0, 'ws': 0.0, 'ws_scalar': 0.0}","{'gas': {'co': 18144, 'co2': 13267, 'no': 18145, 'no2': 18146, 'o3': 18147}, 'pm': {'pm1': 13221, 'pm10': 13223, 'pm25': 13222}}",2.12,5.02,10.96,5.69,11.58,6.37,732860036,67.1,MOD-00620,17.9,2026-07-18T13:14:00,2026-07-18T06:14:00,https://api.quant-aq.com/v1/devices/MOD-00620/data/732859830
259.64,625.56,"{'lat': None, 'lon': None}","{'rh': 67.2, 'temp': 17.9, 'wd': 0.0, 'ws': 0.0, 'ws_scalar': 0.0}","{'gas': {'co': 18144, 'co2': 13267, 'no': 18145, 'no2': 18146, 'o3': 18147}, 'pm': {'pm1': 13221, 'pm10': 13223, 'pm25': 13222}}",2.26,5.16,9.46,5.88,9.63,6.51,732860037,67.2,MOD-00620,17.9,2026-07-18T13:13:00,2026-07-18T06:13:00,https://api.quant-aq.com/v1/devices/MOD-00620/data/732859831
261.82,625.2,"{'lat': None, 'lon': None}","{'rh': 67.6, 'temp': 17.9, 'wd': 0.0, 'ws': 0.0, 'ws_scalar': 0.0}","{'gas': {'co': 18144, 'co2': 13267, 'no': 18145, 'no2': 18146, 'o3': 18147}, 'pm': {'pm1': 13221, 'pm10': 13223, 'pm25': 13222}}",2.17,4.99,10.46,6.08,7.79,6.67,732860038,67.6,MOD-00620,17.9,2026-07-18T13:12:00,2026-07-18T06:12:00,https://api.quant-aq.com/v1/devices/MOD-00620/data/732859832
261.0,628.93,"{'lat': None, 'lon': None}","{'rh': 67.6, 'temp': 17.9, 'wd': 0.0, 'ws': 0.0, 'ws_scalar': 0.0}","{'gas': {'co': 18144, 'co2': 13267, 'no': 18145, 'no2': 18146, 'o3': 18147}, 'pm': {'pm1': 13221, 'pm10': 13223, 'pm25': 13222}}",2.17,4.86,10.13,5.38,10.62,5.99,732860035,67.6,MOD-00620,17.9,2026-07-18T13:11:00,2026-07-18T06:11:00,https://api.quant-aq.com/v1/devices/MOD-00620/data/732859829
264.23,630.62,"{'lat': None, 'lon': None}","{'rh': 68.1, 'temp': 17.8, 'wd': 0.0, 'ws': 0.0, 'ws_scalar': 0.0}","{'gas': {'co': 18144, 'co2': 13267, 'no': 18145, 'no2': 18146, 'o3': 18147}, 'pm': {'pm1': 13221, 'pm10': 13223, 'pm25': 13222}}",2.1,5.09,9.86,5.58,17.72,6.17,732857818,68.1,MOD-00620,17.8,2026-07-18T13:10:00,2026-07-18T06:10:00,https://api.quant-aq.com/v1/devices/MOD-00620/data/732857613
270.38,632.55,"{'lat': None, 'lon': None}","{'rh': 68.1, 'temp': 17.8, 'wd': 0.0, 'ws': 0.0, 'ws_scalar': 0.0}","{'gas': {'co': 18144, 'co2': 13267, 'no': 18145, 'no2': 18146, 'o3': 18147}, 'pm': {'pm1': 13221, 'pm10': 13223, 'pm25': 13222}}",1.96,5.24,9.74,6.04,8.46,6.6,732857819,68.1,MOD-00620,17.8,2026-07-18T13:09:00,2026-07-18T06:09:00,https://api.quant-aq.com/v1/devices/MOD-00620/data/732857614
273.52,634.35,"{'lat': None, 'lon': None}","{'rh': 68.3, 'temp': 17.8, 'wd': 0.0, 'ws': 0.0, 'ws_scalar': 0.0}","{'gas': {'co': 18144, 'co2': 13267, 'no': 18145, 'no2': 18146, 'o3': 18147}, 'pm': {'pm1': 13221, 'pm10': 13223, 'pm25': 13222}}",2.09,4.81,10.55,6.16,8.32,6.71,732857817,68.3,MOD-00620,17.8,2026-07-18T13:08:00,2026-07-18T06:08:00,https://api.quant-aq.com/v1/devices/MOD-00620/data/732857611
267.57,634.71,"{'lat': None, 'lon': None}","{'rh': 68.6, 'temp': 17.8, 'wd': 0.0, 'ws': 0.0, 'ws_scalar': 0.0}","{'gas': {'co': 18144, 'co2': 13267, 'no': 18145, 'no2': 18146, 'o3': 18147}, 'pm': {'pm1': 13221, 'pm10': 13223, 'pm25': 13222}}",1.81,5.55,9.0,5.98,19.64,6.45,732857816,68.6,MOD-00620,17.8,2026-07-18T13:07:00,2026-07-18T06:07:00,https://api.quant-aq.com/v1/devices/MOD-00620/data/732857610
277.48,629.29,"{'lat': None, 'lon': None}","{'rh': 68.5, 'temp': 17.8, 'wd': 0.0, 'ws': 0.0, 'ws_scalar': 0.0}","{'gas': {'co': 18144, 'co2': 13267, 'no': 18145, 'no2': 18146, 'o3': 18147}, 'pm': {'pm1': 13221, 'pm10': 13223, 'pm25': 13222}}",1.88,5.22,8.8,6.7,8.01,7.46,732855599,68.5,MOD-00620,17.8,2026-07-18T13:06:00,2026-07-18T06:06:00,https://api.quant-aq.com/v1/devices/MOD-00620/data/732855393
269.9,631.7,"{'lat': None, 'lon': None}","{'rh': 68.2, 'temp': 17.8, 'wd': 0.0, 'ws': 0.0, 'ws_scalar': 0.0}","{'gas': {'co': 18144, 'co2': 13267, 'no': 18145, 'no2': 18146, 'o3': 18147}, 'pm': {'pm1': 13221, 'pm10': 13223, 'pm25': 13222}}",1.69,5.57,9.03,7.38,12.74,8.05,732855598,68.2,MOD-00620,17.8,2026-07-18T13:05:00,2026-07-18T06:05:00,https://api.quant-aq.com/v1/devices/MOD-00620/data/732855392
265.6,628.33,"{'lat': None, 'lon': None}","{'rh': 67.9, 'temp': 17.8, 'wd': 0.0, 'ws': 0.0, 'ws_scalar': 0.0}","{'gas': {'co': 18144, 'co2': 13267, 'no': 18145, 'no2': 18146, 'o3': 18147}, 'pm': {'pm1': 13221, 'pm10': 13223, 'pm25': 13222}}",2.11,5.11,9.42,5.72,10.85,6.37,732855597,67.9,MOD-00620,17.8,2026-07-18T13:04:00,2026-07-18T06:04:00,https://api.quant-aq.com/v1/devices/MOD-00620/data/732855391
264.16,628.45,"{'lat': None, 'lon': None}","{'rh': 68.2, 'temp': 17.8, 'wd': 0.0, 'ws': 0.0, 'ws_scalar': 0.0}","{'gas': {'co': 18144, 'co2': 13267, 'no': 18145, 'no2': 18146, 'o3': 18147}, 'pm': {'pm1': 13221, 'pm10': 13223, 'pm25': 13222}}",1.96,5.09,9.85,5.59,10.14,6.22,732855600,68.2,MOD-00620,17.8,2026-07-18T13:03:00,2026-07-18T06:03:00,https://api.quant-aq.com/v1/devices/MOD-00620/data/732855394
269.9,629.17,"{'lat': None, 'lon': None}","{'rh': 68.2, 'temp': 17.8, 'wd': 0.0, 'ws': 0.0, 'ws_scalar': 0.0}","{'gas': {'co': 18144, 'co2': 13267, 'no': 18145, 'no2': 18146, 'o3': 18147}, 'pm': {'pm1': 13221, 'pm10': 13223, 'pm25': 13222}}",2.03,4.95,9.98,5.51,9.47,6.07,732853341,68.2,MOD-00620,17.8,2026-07-18T13:02:00,2026-07-18T06:02:00,https://api.quant-aq.com/v1/devices/MOD-00620/data/732853135
269.42,631.1,"{'lat': None, 'lon': None}","{'rh': 68.3, 'temp': 17.8, 'wd': 0.0, 'ws': 0.0, 'ws_scalar': 0.0}","{'gas': {'co': 18144, 'co2': 13267, 'no': 18145, 'no2': 18146, 'o3': 18147}, 'pm': {'pm1': 13221, 'pm10': 13223, 'pm25': 13222}}",1.96,5.23,9.27,4.88,7.05,5.5,732853338,68.3,MOD-00620,17.8,2026-07-18T13:01:00,2026-07-18T06:01:00,https://api.quant-aq.com/v1/devices/MOD-00620/data/732853134
271.6,630.62,"{'lat': None, 'lon': None}","{'rh': 68.7, 'temp': 17.8, 'wd': 0.0, 'ws': 0.0, 'ws_scalar': 0.0}","{'gas': {'co': 18144, 'co2': 13267, 'no': 18145, 'no2': 18146, 'o3': 18147}, 'pm': {'pm1': 13221, 'pm10': 13223, 'pm25': 13222}}",1.94,5.37,8.66,4.92,16.43,5.4,732853339,68.7,MOD-00620,17.8,2026-07-18T13:00:00,2026-07-18T06:00:00,https://api.quant-aq.com/v1/devices/MOD-00620/data/732853133
272.08,632.3,"{'lat': None, 'lon': None}","{'rh': 68.6, 'temp': 17.8, 'wd': 0.0, 'ws': 0.0, 'ws_scalar': 0.0}","{'gas': {'co': 18144, 'co2': 13267, 'no': 18145, 'no2': 18146, 'o3': 18147}, 'pm': {'pm1': 13221, 'pm10': 13223, 'pm25': 13222}}",1.95,5.06,9.82,5.03,18.09,5.55,732853340,68.6,MOD-00620,17.8,2026-07-18T12:59:00,2026-07-18T05:59:00,https://api.quant-aq.com/v1/devices/MOD-00620/data/732853132
273.1,633.87,"{'lat': None, 'lon': None}","{'rh': 68.9, 'temp': 17.8, 'wd': 0.0, 'ws': 0.0, 'ws_scalar': 0.0}","{'gas': {'co': 18144, 'co2': 13267, 'no': 18145, 'no2': 18146, 'o3': 18147}, 'pm': {'pm1': 13221, 'pm10': 13223, 'pm25': 13222}}",1.8,5.19,8.31,4.23,8.74,4.85,732851168,68.9,MOD-00620,17.8,2026-07-18T12:58:00,2026-07-18T05:58:00,https://api.quant-aq.com/v1/devices/MOD-00620/data/732850963
269.39,634.95,"{'lat': None, 'lon': None}","{'rh': 69.5, 'temp': 17.8, 'wd': 0.0, 'ws': 0.0, 'ws_scalar': 0.0}","{'gas': {'co': 18144, 'co2': 13267, 'no': 18145, 'no2': 18146, 'o3': 18147}, 'pm': {'pm1': 13221, 'pm10': 13223, 'pm25': 13222}}",2.18,4.86,9.88,4.59,9.5,5.25,732851169,69.5,MOD-00620,17.8,2026-07-18T12:57:00,2026-07-18T05:57:00,https://api.quant-aq.com/v1/devices/MOD-00620/data/732850962
270.2,638.45,"{'lat': None, 'lon': None}","{'rh': 70.1, 'temp': 17.8, 'wd': 0.0, 'ws': 0.0, 'ws_scalar': 0.0}","{'gas': {'co': 18144, 'co2': 13267, 'no': 18145, 'no2': 18146, 'o3': 18147}, 'pm': {'pm1': 13221, 'pm10': 13223, 'pm25': 13222}}",1.75,5.12,8.22,5.37,9.98,5.87,732851166,70.1,MOD-00620,17.8,2026-07-18T12:56:00,2026-07-18T05:56:00,https://api.quant-aq.com/v1/devices/MOD-00620/data/732850960
270.34,636.28,"{'lat': None, 'lon': None}","{'rh': 69.9, 'temp': 17.8, 'wd': 0.0, 'ws': 0.0, 'ws_scalar': 0.0}","{'gas': {'co': 18144, 'co2': 13267, 'no': 18145, 'no2': 18146, 'o3': 18147}, 'pm': {'pm1': 13221, 'pm10': 13223, 'pm25': 13222}}",1.69,5.13,10.06,5.5,10.86,6.07,732851167,69.9,MOD-00620,17.8,2026-07-18T12:55:00,2026-07-18T05:55:00,https://api.quant-aq.com/v1/devices/MOD-00620/data/732850961
270.71,633.03,"{'lat': None, 'lon': None}","{'rh': 69.8, 'temp': 17.7, 'wd': 0.0, 'ws': 0.0, 'ws_scalar': 0.0}","{'gas': {'co': 18144, 'co2': 13267, 'no': 18145, 'no2': 18146, 'o3': 18147}, 'pm': {'pm1': 13221, 'pm10': 13223, 'pm25': 13222}}",1.71,5.48,8.46,5.99,11.97,6.55,732848973,69.8,MOD-00620,17.7,2026-07-18T12:54:00,2026-07-18T05:54:00,https://api.quant-aq.com/v1/devices/MOD-00620/data/732848766
270.64,635.56,"{'lat': None, 'lon': None}","{'rh': 69.9, 'temp': 17.7, 'wd': 0.0, 'ws': 0.0, 'ws_scalar': 0.0}","{'gas': {'co': 18144, 'co2': 13267, 'no': 18145, 'no2': 18146, 'o3': 18147}, 'pm': {'pm1': 13221, 'pm10': 13223, 'pm25': 13222}}",1.84,5.29,8.58,5.04,9.35,5.61,732848967,69.9,MOD-00620,17.7,2026-07-18T12:53:00,2026-07-18T05:53:00,https://api.quant-aq.com/v1/devices/MOD-00620/data/732848762
275.08,630.38,"{'lat': None, 'lon': None}","{'rh': 70.0, 'temp': 17.7, 'wd': 0.0, 'ws': 0.0, 'ws_scalar': 0.0}","{'gas': {'co': 18144, 'co2': 13267, 'no': 18145, 'no2': 18146, 'o3': 18147}, 'pm': {'pm1': 13221, 'pm10': 13223, 'pm25': 13222}}",1.57,5.65,7.87,5.24,8.36,5.86,732848969,70.0,MOD-00620,17.7,2026-07-18T12:52:00,2026-07-18T05:52:00,https://api.quant-aq.com/v1/devices/MOD-00620/data/732848765
273.99,634.35,"{'lat': None, 'lon': None}","{'rh': 69.8, 'temp': 17.7, 'wd': 0.0, 'ws': 0.0, 'ws_scalar': 0.0}","{'gas': {'co': 18144, 'co2': 13267, 'no': 18145, 'no2': 18146, 'o3': 18147}, 'pm': {'pm1': 13221, 'pm10': 13223, 'pm25': 13222}}",1.57,5.3,8.13,5.6,9.46,6.35,732848971,69.8,MOD-00620,17.7,2026-07-18T12:51:00,2026-07-18T05:51:00,https://api.quant-aq.com/v1/devices/MOD-00620/data/732848767
274.95,631.1,"{'lat': None, 'lon': None}","{'rh': 69.6, 'temp': 17.7, 'wd': 0.0, 'ws': 0.0, 'ws_scalar': 0.0}","{'gas': {'co': 18144, 'co2': 13267, 'no': 18145, 'no2': 18146, 'o3': 18147}, 'pm': {'pm1': 13221, 'pm10': 13223, 'pm25': 13222}}",1.65,5.15,8.73,6.05,12.47,6.62,732846794,69.6,MOD-00620,17.7,2026-07-18T12:50:00,2026-07-18T05:50:00,https://api.quant-aq.com/v1/devices/MOD-00620/data/732846588
277.49,635.44,"{'lat': None, 'lon': None}","{'rh': 69.5, 'temp': 17.7, 'wd': 0.0, 'ws': 0.0, 'ws_scalar': 0.0}","{'gas': {'co': 18144, 'co2': 13267, 'no': 18145, 'no2': 18146, 'o3': 18147}, 'pm': {'pm1': 13221, 'pm10': 13223, 'pm25': 13222}}",1.86,5.32,8.61,5.57,7.85,6.1,732846795,69.5,MOD-00620,17.7,2026-07-18T12:49:00,2026-07-18T05:49:00,https://api.quant-aq.com/v1/devices/MOD-00620/data/732846589
275.9,635.92,"{'lat': None, 'lon': None}","{'rh': 70.0, 'temp': 17.7, 'wd': 0.0, 'ws': 0.0, 'ws_scalar': 0.0}","{'gas': {'co': 18144, 'co2': 13267, 'no': 18145, 'no2': 18146, 'o3': 18147}, 'pm': {'pm1': 13221, 'pm10': 13223, 'pm25': 13222}}",1.77,5.12,9.15,5.66,18.91,6.18,732846793,70.0,MOD-00620,17.7,2026-07-18T12:48:00,2026-07-18T05:48:00,https://api.quant-aq.com/v1/devices/MOD-00620/data/732846586
276.18,634.59,"{'lat': None, 'lon': None}","{'rh': 69.6, 'temp': 17.7, 'wd': 0.0, 'ws': 0.0, 'ws_scalar': 0.0}","{'gas': {'co': 18144, 'co2': 13267, 'no': 18145, 'no2': 18146, 'o3': 18147}, 'pm': {'pm1': 13221, 'pm10': 13223, 'pm25': 13222}}",1.45,5.15,8.27,5.83,10.47,6.47,732846792,69.6,MOD-00620,17.7,2026-07-18T12:47:00,2026-07-18T05:47:00,https://api.quant-aq.com/v1/devices/MOD-00620/data/732846587
270.58,633.03,"{'lat': None, 'lon': None}","{'rh': 69.4, 'temp': 17.7, 'wd': 0.0, 'ws': 0.0, 'ws_scalar': 0.0}","{'gas': {'co': 18144, 'co2': 13267, 'no': 18145, 'no2': 18146, 'o3': 18147}, 'pm': {'pm1': 13221, 'pm10': 13223, 'pm25': 13222}}",1.86,5.01,10.23,5.67,11.55,6.2,732844671,69.4,MOD-00620,17.7,2026-07-18T12:46:00,2026-07-18T05:46:00,https://api.quant-aq.com/v1/devices/MOD-00620/data/732844464
275.77,635.56,"{'lat': None, 'lon': None}","{'rh': 69.6, 'temp': 17.7, 'wd': 0.0, 'ws': 0.0, 'ws_scalar': 0.0}","{'gas': {'co': 18144, 'co2': 13267, 'no': 18145, 'no2': 18146, 'o3': 18147}, 'pm': {'pm1': 13221, 'pm10': 13223, 'pm25': 13222}}",1.92,4.99,8.39,5.67,12.38,6.33,732844670,69.6,MOD-00620,17.7,2026-07-18T12:45:00,2026-07-18T05:45:00,https://api.quant-aq.com/v1/devices/MOD-00620/data/732844465
275.29,634.71,"{'lat': None, 'lon': None}","{'rh': 69.7, 'temp': 17.7, 'wd': 0.0, 'ws': 0.0, 'ws_scalar': 0.0}","{'gas': {'co': 18144, 'co2': 13267, 'no': 18145, 'no2': 18146, 'o3': 18147}, 'pm': {'pm1': 13221, 'pm10': 13223, 'pm25': 13222}}",1.65,4.84,8.96,5.64,18.28,6.17,732844672,69.7,MOD-00620,17.7,2026-07-18T12:44:00,2026-07-18T05:44:00,https://api.quant-aq.com/v1/devices/MOD-00620/data/732844466
271.05,635.92,"{'lat': None, 'lon': None}","{'rh': 69.9, 'temp': 17.7, 'wd': 0.0, 'ws': 0.0, 'ws_scalar': 0.0}","{'gas': {'co': 18144, 'co2': 13267, 'no': 18145, 'no2': 18146, 'o3': 18147}, 'pm': {'pm1': 13221, 'pm10': 13223, 'pm25': 13222}}",1.71,5.29,9.49,5.43,17.44,5.91,732844669,69.9,MOD-00620,17.7,2026-07-18T12:43:00,2026-07-18T05:43:00,https://api.quant-aq.com/v1/devices/MOD-00620/data/732844463
261.85,633.87,"{'lat': None, 'lon': None}","{'rh': 70.0, 'temp': 17.6, 'wd': 0.0, 'ws': 0.0, 'ws_scalar': 0.0}","{'gas': {'co': 18144, 'co2': 13267, 'no': 18145, 'no2': 18146, 'o3': 18147}, 'pm': {'pm1': 13221, 'pm10': 13223, 'pm25': 13222}}",1.65,5.12,9.16,5.8,9.19,6.32,732842464,70.0,MOD-00620,17.6,2026-07-18T12:42:00,2026-07-18T05:42:00,https://api.quant-aq.com/v1/devices/MOD-00620/data/732842258
267.72,640.25,"{'lat': None, 'lon': None}","{'rh': 70.4, 'temp': 17.6, 'wd': 0.0, 'ws': 0.0, 'ws_scalar': 0.0}","{'gas': {'co': 18144, 'co2': 13267, 'no': 18145, 'no2': 18146, 'o3': 18147}, 'pm': {'pm1': 13221, 'pm10': 13223, 'pm25': 13222}}",1.77,5.09,10.96,5.2,6.57,5.86,732842462,70.4,MOD-00620,17.6,2026-07-18T12:41:00,2026-07-18T05:41:00,https://api.quant-aq.com/v1/devices/MOD-00620/data/732842257
268.87,638.45,"{'lat': None, 'lon': None}","{'rh': 71.1, 'temp': 17.6, 'wd': 0.0, 'ws': 0.0, 'ws_scalar': 0.0}","{'gas': {'co': 18144, 'co2': 13267, 'no': 18145, 'no2': 18146, 'o3': 18147}, 'pm': {'pm1': 13221, 'pm10': 13223, 'pm25': 13222}}",1.68,6.03,8.01,5.65,6.96,6.13,732842460,71.1,MOD-00620,17.6,2026-07-18T12:40:00,2026-07-18T05:40:00,https://api.quant-aq.com/v1/devices/MOD-00620/data/732842254
263.01,632.91,"{'lat': None, 'lon': None}","{'rh': 70.1, 'temp': 17.6, 'wd': 0.0, 'ws': 0.0, 'ws_scalar': 0.0}","{'gas': {'co': 18144, 'co2': 13267, 'no': 18145, 'no2': 18146, 'o3': 18147}, 'pm': {'pm1': 13221, 'pm10': 13223, 'pm25': 13222}}",1.58,5.46,9.37,4.78,6.56,5.21,732842461,70.1,MOD-00620,17.6,2026-07-18T12:39:00,2026-07-18T05:39:00,https://api.quant-aq.com/v1/devices/MOD-00620/data/732842255
265.34,632.55,"{'lat': None, 'lon': None}","{'rh': 69.7, 'temp': 17.6, 'wd': 0.0, 'ws': 0.0, 'ws_scalar': 0.0}","{'gas': {'co': 18144, 'co2': 13267, 'no': 18145, 'no2': 18146, 'o3': 18147}, 'pm': {'pm1': 13221, 'pm10': 13223, 'pm25': 13222}}",1.73,5.14,9.64,5.59,14.71,6.08,732840310,69.7,MOD-00620,17.6,2026-07-18T12:38:00,2026-07-18T05:38:00,https://api.quant-aq.com/v1/devices/MOD-00620/data/732840104
269.03,631.34,"{'lat': None, 'lon': None}","{'rh': 69.7, 'temp': 17.6, 'wd': 0.0, 'ws': 0.0, 'ws_scalar': 0.0}","{'gas': {'co': 18144, 'co2': 13267, 'no': 18145, 'no2': 18146, 'o3': 18147}, 'pm': {'pm1': 13221, 'pm10': 13223, 'pm25': 13222}}",1.8,5.14,9.64,5.08,6.9,5.65,732840309,69.7,MOD-00620,17.6,2026-07-18T12:37:00,2026-07-18T05:37:00,https://api.quant-aq.com/v1/devices/MOD-00620/data/732840103
263.22,632.79,"{'lat': None, 'lon': None}","{'rh': 69.8, 'temp': 17.6, 'wd': 0.0, 'ws': 0.0, 'ws_scalar': 0.0}","{'gas': {'co': 18144, 'co2': 13267, 'no': 18145, 'no2': 18146, 'o3': 18147}, 'pm': {'pm1': 13221, 'pm10': 13223, 'pm25': 13222}}",1.66,5.67,8.35,5.53,12.69,6.18,732840307,69.8,MOD-00620,17.6,2026-07-18T12:36:00,2026-07-18T05:36:00,https://api.quant-aq.com/v1/devices/MOD-00620/data/732840101
273.34,630.5,"{'lat': None, 'lon': None}","{'rh': 69.4, 'temp': 17.6, 'wd': 0.0, 'ws': 0.0, 'ws_scalar': 0.0}","{'gas': {'co': 18144, 'co2': 13267, 'no': 18145, 'no2': 18146, 'o3': 18147}, 'pm': {'pm1': 13221, 'pm10': 13223, 'pm25': 13222}}",1.54,5.32,9.54,5.64,8.73,6.33,732840308,69.4,MOD-00620,17.6,2026-07-18T12:35:00,2026-07-18T05:35:00,https://api.quant-aq.com/v1/devices/MOD-00620/data/732840102
271.02,629.05,"{'lat': None, 'lon': None}","{'rh': 69.2, 'temp': 17.6, 'wd': 0.0, 'ws': 0.0, 'ws_scalar': 0.0}","{'gas': {'co': 18144, 'co2': 13267, 'no': 18145, 'no2': 18146, 'o3': 18147}, 'pm': {'pm1': 13221, 'pm10': 13223, 'pm25': 13222}}",1.68,5.33,9.56,5.66,8.36,6.43,732838123,69.2,MOD-00620,17.6,2026-07-18T12:34:00,2026-07-18T05:34:00,https://api.quant-aq.com/v1/devices/MOD-00620/data/732837917
263.09,632.67,"{'lat': None, 'lon': None}","{'rh': 69.4, 'temp': 17.6, 'wd': 0.0, 'ws': 0.0, 'ws_scalar': 0.0}","{'gas': {'co': 18144, 'co2': 13267, 'no': 18145, 'no2': 18146, 'o3': 18147}, 'pm': {'pm1': 13221, 'pm10': 13223, 'pm25': 13222}}",1.67,5.16,9.66,5.17,9.46,5.7,732838122,69.4,MOD-00620,17.6,2026-07-18T12:33:00,2026-07-18T05:33:00,https://api.quant-aq.com/v1/devices/MOD-00620/data/732837916
268.42,627.85,"{'lat': None, 'lon': None}","{'rh': 69.4, 'temp': 17.6, 'wd': 0.0, 'ws': 0.0, 'ws_scalar': 0.0}","{'gas': {'co': 18144, 'co2': 13267, 'no': 18145, 'no2': 18146, 'o3': 18147}, 'pm': {'pm1': 13221, 'pm10': 13223, 'pm25': 13222}}",1.54,5.32,8.63,5.45,8.18,6.15,732838121,69.4,MOD-00620,17.6,2026-07-18T12:32:00,2026-07-18T05:32:00,https://api.quant-aq.com/v1/devices/MOD-00620/data/732837915
264.46,628.21,"{'lat': None, 'lon': None}","{'rh': 69.2, 'temp': 17.6, 'wd': 0.0, 'ws': 0.0, 'ws_scalar': 0.0}","{'gas': {'co': 18144, 'co2': 13267, 'no': 18145, 'no2': 18146, 'o3': 18147}, 'pm': {'pm1': 13221, 'pm10': 13223, 'pm25': 13222}}",1.61,5.33,9.56,5.53,16.16,6.02,732838117,69.2,MOD-00620,17.6,2026-07-18T12:31:00,2026-07-18T05:31:00,https://api.quant-aq.com/v1/devices/MOD-00620/data/732837913
263.3,625.68,"{'lat': None, 'lon': None}","{'rh': 69.1, 'temp': 17.6, 'wd': 0.0, 'ws': 0.0, 'ws_scalar': 0.0}","{'gas': {'co': 18144, 'co2': 13267, 'no': 18145, 'no2': 18146, 'o3': 18147}, 'pm': {'pm1': 13221, 'pm10': 13223, 'pm25': 13222}}",1.82,5.17,9.23,5.49,8.51,6.06,732835904,69.1,MOD-00620,17.6,2026-07-18T12:30:00,2026-07-18T05:30:00,https://api.quant-aq.com/v1/devices/MOD-00620/data/732835698
268.22,626.88,"{'lat': None, 'lon': None}","{'rh': 69.1, 'temp': 17.6, 'wd': 0.0, 'ws': 0.0, 'ws_scalar': 0.0}","{'gas': {'co': 18144, 'co2': 13267, 'no': 18145, 'no2': 18146, 'o3': 18147}, 'pm': {'pm1': 13221, 'pm10': 13223, 'pm25': 13222}}",1.62,5.34,10.02,5.54,8.6,6.1,732835903,69.1,MOD-00620,17.6,2026-07-18T12:29:00,2026-07-18T05:29:00,https://api.quant-aq.com/v1/devices/MOD-00620/data/732835697
265.76,625.92,"{'lat': None, 'lon': None}","{'rh': 69.1, 'temp': 17.6, 'wd': 0.0, 'ws': 0.0, 'ws_scalar': 0.0}","{'gas': {'co': 18144, 'co2': 13267, 'no': 18145, 'no2': 18146, 'o3': 18147}, 'pm': {'pm1': 13221, 'pm10': 13223, 'pm25': 13222}}",1.75,5.34,10.48,4.95,9.77,5.69,732835901,69.1,MOD-00620,17.6,2026-07-18T12:28:00,2026-07-18T05:28:00,https://api.quant-aq.com/v1/devices/MOD-00620/data/732835695
263.71,629.9,"{'lat': None, 'lon': None}","{'rh': 69.1, 'temp': 17.6, 'wd': 0.0, 'ws': 0.0, 'ws_scalar': 0.0}","{'gas': {'co': 18144, 'co2': 13267, 'no': 18145, 'no2': 18146, 'o3': 18147}, 'pm': {'pm1': 13221, 'pm10': 13223, 'pm25': 13222}}",1.82,5.02,10.27,5.8,11.9,6.54,732835900,69.1,MOD-00620,17.6,2026-07-18T12:27:00,2026-07-18T05:27:00,https://api.quant-aq.com/v1/devices/MOD-00620/data/732835694
257.15,627.85,"{'lat': None, 'lon': None}","{'rh': 69.1, 'temp': 17.6, 'wd': 0.0, 'ws': 0.0, 'ws_scalar': 0.0}","{'gas': {'co': 18144, 'co2': 13267, 'no': 18145, 'no2': 18146, 'o3': 18147}, 'pm': {'pm1': 13221, 'pm10': 13223, 'pm25': 13222}}",1.75,4.51,11.21,5.65,11.08,6.34,732833745,69.1,MOD-00620,17.6,2026-07-18T12:26:00,2026-07-18T05:26:00,https://api.quant-aq.com/v1/devices/MOD-00620/data/732833539
262.54,630.38,"{'lat': None, 'lon': None}","{'rh': 69.6, 'temp': 17.6, 'wd': 0.0, 'ws': 0.0, 'ws_scalar': 0.0}","{'gas': {'co': 18144, 'co2': 13267, 'no': 18145, 'no2': 18146, 'o3': 18147}, 'pm': {'pm1': 13221, 'pm10': 13223, 'pm25': 13222}}",1.87,5.68,9.28,4.99,8.58,5.51,732833743,69.6,MOD-00620,17.6,2026-07-18T12:25:00,2026-07-18T05:25:00,https://api.quant-aq.com/v1/devices/MOD-00620/data/732833538
264.38,631.34,"{'lat': None, 'lon': None}","{'rh': 69.9, 'temp': 17.6, 'wd': 0.0, 'ws': 0.0, 'ws_scalar': 0.0}","{'gas': {'co': 18144, 'co2': 13267, 'no': 18145, 'no2': 18146, 'o3': 18147}, 'pm': {'pm1': 13221, 'pm10': 13223, 'pm25': 13222}}",1.65,5.47,8.47,5.08,6.88,5.63,732833742,69.9,MOD-00620,17.6,2026-07-18T12:24:00,2026-07-18T05:24:00,https://api.quant-aq.com/v1/devices/MOD-00620/data/732833536
260.9,629.05,"{'lat': None, 'lon': None}","{'rh': 69.6, 'temp': 17.6, 'wd': 0.0, 'ws': 0.0, 'ws_scalar': 0.0}","{'gas': {'co': 18144, 'co2': 13267, 'no': 18145, 'no2': 18146, 'o3': 18147}, 'pm': {'pm1': 13221, 'pm10': 13223, 'pm25': 13222}}",1.67,5.49,9.86,5.49,7.92,5.85,732833744,69.6,MOD-00620,17.6,2026-07-18T12:23:00,2026-07-18T05:23:00,https://api.quant-aq.com/v1/devices/MOD-00620/data/732833537
263.13,628.57,"{'lat': None, 'lon': None}","{'rh': 69.5, 'temp': 17.7, 'wd': 0.0, 'ws': 0.0, 'ws_scalar': 0.0}","{'gas': {'co': 18144, 'co2': 13267, 'no': 18145, 'no2': 18146, 'o3': 18147}, 'pm': {'pm1': 13221, 'pm10': 13223, 'pm25': 13222}}",1.72,5.15,9.64,5.23,16.49,5.65,732831614,69.5,MOD-00620,17.7,2026-07-18T12:22:00,2026-07-18T05:22:00,https://api.quant-aq.com/v1/devices/MOD-00620/data/732831408
259.03,631.34,"{'lat': None, 'lon': None}","{'rh': 69.5, 'temp': 17.7, 'wd': 0.0, 'ws': 0.0, 'ws_scalar': 0.0}","{'gas': {'co': 18144, 'co2': 13267, 'no': 18145, 'no2': 18146, 'o3': 18147}, 'pm': {'pm1': 13221, 'pm10': 13223, 'pm25': 13222}}",1.86,5.32,9.07,5.53,8.78,6.09,732831615,69.5,MOD-00620,17.7,2026-07-18T12:21:00,2026-07-18T05:21:00,https://api.quant-aq.com/v1/devices/MOD-00620/data/732831410
264.08,633.75,"{'lat': None, 'lon': None}","{'rh': 69.9, 'temp': 17.7, 'wd': 0.0, 'ws': 0.0, 'ws_scalar': 0.0}","{'gas': {'co': 18144, 'co2': 13267, 'no': 18145, 'no2': 18146, 'o3': 18147}, 'pm': {'pm1': 13221, 'pm10': 13223, 'pm25': 13222}}",1.71,5.66,8.79,5.18,6.68,5.62,732831613,69.9,MOD-00620,17.7,2026-07-18T12:20:00,2026-07-18T05:20:00,https://api.quant-aq.com/v1/devices/MOD-00620/data/732831407
263.54,633.99,"{'lat': None, 'lon': None}","{'rh': 69.5, 'temp': 17.7, 'wd': 0.0, 'ws': 0.0, 'ws_scalar': 0.0}","{'gas': {'co': 18144, 'co2': 13267, 'no': 18145, 'no2': 18146, 'o3': 18147}, 'pm': {'pm1': 13221, 'pm10': 13223, 'pm25': 13222}}",1.59,6.11,9.03,4.73,10.84,5.19,732831616,69.5,MOD-00620,17.7,2026-07-18T12:19:00,2026-07-18T05:19:00,https://api.quant-aq.com/v1/devices/MOD-00620/data/732831409
265.05,632.67,"{'lat': None, 'lon': None}","{'rh': 69.1, 'temp': 17.7, 'wd': 0.0, 'ws': 0.0, 'ws_scalar': 0.0}","{'gas': {'co': 18144, 'co2': 13267, 'no': 18145, 'no2': 18146, 'o3': 18147}, 'pm': {'pm1': 13221, 'pm10': 13223, 'pm25': 13222}}",1.87,4.88,11.29,5.67,8.46,6.07,732829404,69.1,MOD-00620,17.7,2026-07-18T12:18:00,2026-07-18T05:18:00,https://api.quant-aq.com/v1/devices/MOD-00620/data/732829198
263.33,637.97,"{'lat': None, 'lon': None}","{'rh': 69.8, 'temp': 17.7, 'wd': 0.0, 'ws': 0.0, 'ws_scalar': 0.0}","{'gas': {'co': 18144, 'co2': 13267, 'no': 18145, 'no2': 18146, 'o3': 18147}, 'pm': {'pm1': 13221, 'pm10': 13223, 'pm25': 13222}}",1.71,5.48,8.92,5.72,10.88,6.3,732829403,69.8,MOD-00620,17.7,2026-07-18T12:17:00,2026-07-18T05:17:00,https://api.quant-aq.com/v1/devices/MOD-00620/data/732829197
266.68,642.18,"{'lat': None, 'lon': None}","{'rh': 69.7, 'temp': 17.7, 'wd': 0.0, 'ws': 0.0, 'ws_scalar': 0.0}","{'gas': {'co': 18144, 'co2': 13267, 'no': 18145, 'no2': 18146, 'o3': 18147}, 'pm': {'pm1': 13221, 'pm10': 13223, 'pm25': 13222}}",1.71,5.14,9.17,5.26,7.27,5.71,732829402,69.7,MOD-00620,17.7,2026-07-18T12:16:00,2026-07-18T05:16:00,https://api.quant-aq.com/v1/devices/MOD-00620/data/732829196
264.7,641.1,"{'lat': None, 'lon': None}","{'rh': 69.6, 'temp': 17.7, 'wd': 0.0, 'ws': 0.0, 'ws_scalar': 0.0}","{'gas': {'co': 18144, 'co2': 13267, 'no': 18145, 'no2': 18146, 'o3': 18147}, 'pm': {'pm1': 13221, 'pm10': 13223, 'pm25': 13222}}",1.65,5.49,8.48,5.4,7.25,5.92,732829405,69.6,MOD-00620,17.7,2026-07-18T12:15:00,2026-07-18T05:15:00,https://api.quant-aq.com/v1/devices/MOD-00620/data/732829199
267.27,635.56,"{'lat': None, 'lon': None}","{'rh': 69.6, 'temp': 17.8, 'wd': 0.0, 'ws': 0.0, 'ws_scalar': 0.0}","{'gas': {'co': 18144, 'co2': 13267, 'no': 18145, 'no2': 18146, 'o3': 18147}, 'pm': {'pm1': 13221, 'pm10': 13223, 'pm25': 13222}}",1.77,5.68,9.26,5.58,6.92,6.17,732827249,69.6,MOD-00620,17.8,2026-07-18T12:14:00,2026-07-18T05:14:00,https://api.quant-aq.com/v1/devices/MOD-00620/data/732827045
267.0,636.64,"{'lat': None, 'lon': None}","{'rh': 69.4, 'temp': 17.8, 'wd': 0.0, 'ws': 0.0, 'ws_scalar': 0.0}","{'gas': {'co': 18144, 'co2': 13267, 'no': 18145, 'no2': 18146, 'o3': 18147}, 'pm': {'pm1': 13221, 'pm10': 13223, 'pm25': 13222}}",1.71,5.69,8.81,5.61,9.48,6.17,732827247,69.4,MOD-00620,17.8,2026-07-18T12:13:00,2026-07-18T05:13:00,https://api.quant-aq.com/v1/devices/MOD-00620/data/732827040
269.26,634.59,"{'lat': None, 'lon': None}","{'rh': 69.1, 'temp': 17.8, 'wd': 0.0, 'ws': 0.0, 'ws_scalar': 0.0}","{'gas': {'co': 18144, 'co2': 13267, 'no': 18145, 'no2': 18146, 'o3': 18147}, 'pm': {'pm1': 13221, 'pm10': 13223, 'pm25': 13222}}",1.65,5.34,9.54,5.19,8.3,5.77,732827246,69.1,MOD-00620,17.8,2026-07-18T12:12:00,2026-07-18T05:12:00,https://api.quant-aq.com/v1/devices/MOD-00620/data/732827041
269.33,635.92,"{'lat': None, 'lon': None}","{'rh': 69.0, 'temp': 17.8, 'wd': 0.0, 'ws': 0.0, 'ws_scalar': 0.0}","{'gas': {'co': 18144, 'co2': 13267, 'no': 18145, 'no2': 18146, 'o3': 18147}, 'pm': {'pm1': 13221, 'pm10': 13223, 'pm25': 13222}}",1.86,5.53,8.97,5.25,6.9,5.79,732827248,69.0,MOD-00620,17.8,2026-07-18T12:11:00,2026-07-18T05:11:00,https://api.quant-aq.com/v1/devices/MOD-00620/data/732827042
263.59,636.16,"{'lat': None, 'lon': None}","{'rh': 69.0, 'temp': 17.8, 'wd': 0.0, 'ws': 0.0, 'ws_scalar': 0.0}","{'gas': {'co': 18144, 'co2': 13267, 'no': 18145, 'no2': 18146, 'o3': 18147}, 'pm': {'pm1': 13221, 'pm10': 13223, 'pm25': 13222}}",1.59,6.36,8.47,5.41,7.14,5.9,732825058,69.0,MOD-00620,17.8,2026-07-18T12:10:00,2026-07-18T05:10:00,https://api.quant-aq.com/v1/devices/MOD-00620/data/732824852
272.22,631.94,"{'lat': None, 'lon': None}","{'rh': 68.4, 'temp': 17.8, 'wd': 0.0, 'ws': 0.0, 'ws_scalar': 0.0}","{'gas': {'co': 18144, 'co2': 13267, 'no': 18145, 'no2': 18146, 'o3': 18147}, 'pm': {'pm1': 13221, 'pm10': 13223, 'pm25': 13222}}",1.82,5.23,9.26,5.84,8.74,6.38,732825059,68.4,MOD-00620,17.8,2026-07-18T12:09:00,2026-07-18T05:09:00,https://api.quant-aq.com/v1/devices/MOD-00620/data/732824853
276.84,630.98,"{'lat': None, 'lon': None}","{'rh': 68.4, 'temp': 17.9, 'wd': 0.0, 'ws': 0.0, 'ws_scalar': 0.0}","{'gas': {'co': 18144, 'co2': 13267, 'no': 18145, 'no2': 18146, 'o3': 18147}, 'pm': {'pm1': 13221, 'pm10': 13223, 'pm25': 13222}}",1.6,5.75,8.42,5.03,7.46,5.53,732825057,68.4,MOD-00620,17.9,2026-07-18T12:08:00,2026-07-18T05:08:00,https://api.quant-aq.com/v1/devices/MOD-00620/data/732824851
272.88,630.98,"{'lat': None, 'lon': None}","{'rh': 68.2, 'temp': 17.9, 'wd': 0.0, 'ws': 0.0, 'ws_scalar': 0.0}","{'gas': {'co': 18144, 'co2': 13267, 'no': 18145, 'no2': 18146, 'o3': 18147}, 'pm': {'pm1': 13221, 'pm10': 13223, 'pm25': 13222}}",1.88,5.09,8.93,5.49,8.55,6.07,732825056,68.2,MOD-00620,17.9,2026-07-18T12:07:00,2026-07-18T05:07:00,https://api.quant-aq.com/v1/devices/MOD-00620/data/732824850
272.88,632.55,"{'lat': None, 'lon': None}","{'rh': 68.2, 'temp': 17.9, 'wd': 0.0, 'ws': 0.0, 'ws_scalar': 0.0}","{'gas': {'co': 18144, 'co2': 13267, 'no': 18145, 'no2': 18146, 'o3': 18147}, 'pm': {'pm1': 13221, 'pm10': 13223, 'pm25': 13222}}",1.67,5.24,9.26,5.42,6.62,5.95,732822879,68.2,MOD-00620,17.9,2026-07-18T12:06:00,2026-07-18T05:06:00,https://api.quant-aq.com/v1/devices/MOD-00620/data/732822675
274.45,631.1,"{'lat': None, 'lon': None}","{'rh': 68.3, 'temp': 17.9, 'wd': 0.0, 'ws': 0.0, 'ws_scalar': 0.0}","{'gas': {'co': 18144, 'co2': 13267, 'no': 18145, 'no2': 18146, 'o3': 18147}, 'pm': {'pm1': 13221, 'pm10': 13223, 'pm25': 13222}}",1.87,5.24,9.25,5.55,8.65,6.12,732822877,68.3,MOD-00620,17.9,2026-07-18T12:05:00,2026-07-18T05:05:00,https://api.quant-aq.com/v1/devices/MOD-00620/data/732822672
274.93,624.11,"{'lat': None, 'lon': None}","{'rh': 68.2, 'temp': 17.9, 'wd': 0.0, 'ws': 0.0, 'ws_scalar': 0.0}","{'gas': {'co': 18144, 'co2': 13267, 'no': 18145, 'no2': 18146, 'o3': 18147}, 'pm': {'pm1': 13221, 'pm10': 13223, 'pm25': 13222}}",1.94,4.95,9.05,5.46,9.6,6.0,732822875,68.2,MOD-00620,17.9,2026-07-18T12:04:00,2026-07-18T05:04:00,https://api.quant-aq.com/v1/devices/MOD-00620/data/732822671
268.23,631.46,"{'lat': None, 'lon': None}","{'rh': 68.4, 'temp': 17.9, 'wd': 0.0, 'ws': 0.0, 'ws_scalar': 0.0}","{'gas': {'co': 18144, 'co2': 13267, 'no': 18145, 'no2': 18146, 'o3': 18147}, 'pm': {'pm1': 13221, 'pm10': 13223, 'pm25': 13222}}",1.73,5.39,8.67,5.27,6.84,5.68,732822881,68.4,MOD-00620,17.9,2026-07-18T12:03:00,2026-07-18T05:03:00,https://api.quant-aq.com/v1/devices/MOD-00620/data/732822674
276.09,629.53,"{'lat': None, 'lon': None}","{'rh': 68.3, 'temp': 17.9, 'wd': 0.0, 'ws': 0.0, 'ws_scalar': 0.0}","{'gas': {'co': 18144, 'co2': 13267, 'no': 18145, 'no2': 18146, 'o3': 18147}, 'pm': {'pm1': 13221, 'pm10': 13223, 'pm25': 13222}}",1.74,5.76,8.43,5.4,7.78,5.97,732820698,68.3,MOD-00620,17.9,2026-07-18T12:02:00,2026-07-18T05:02:00,https://api.quant-aq.com/v1/devices/MOD-00620/data/732820492
275.75,629.78,"{'lat': None, 'lon': None}","{'rh': 68.2, 'temp': 17.9, 'wd': 0.0, 'ws': 0.0, 'ws_scalar': 0.0}","{'gas': {'co': 18144, 'co2': 13267, 'no': 18145, 'no2': 18146, 'o3': 18147}, 'pm': {'pm1': 13221, 'pm10': 13223, 'pm25': 13222}}",1.81,5.24,8.81,4.95,7.4,5.51,732820697,68.2,MOD-00620,17.9,2026-07-18T12:01:00,2026-07-18T05:01:00,https://api.quant-aq.com/v1/devices/MOD-00620/data/732820491
272.92,632.79,"{'lat': None, 'lon': None}","{'rh': 68.3, 'temp': 18.0, 'wd': 0.0, 'ws': 0.0, 'ws_scalar': 0.0}","{'gas': {'co': 18144, 'co2': 13267, 'no': 18145, 'no2': 18146, 'o3': 18147}, 'pm': {'pm1': 13221, 'pm10': 13223, 'pm25': 13222}}",1.99,5.24,9.24,5.72,10.39,6.18,732820696,68.3,MOD-00620,18.0,2026-07-18T12:00:00,2026-07-18T05:00:00,https://api.quant-aq.com/v1/devices/MOD-00620/data/732820490
264.99,630.86,"{'lat': None, 'lon': None}","{'rh': 68.5, 'temp': 18.0, 'wd': 0.0, 'ws': 0.0, 'ws_scalar': 0.0}","{'gas': {'co': 18144, 'co2': 13267, 'no': 18145, 'no2': 18146, 'o3': 18147}, 'pm': {'pm1': 13221, 'pm10': 13223, 'pm25': 13222}}",1.58,5.39,9.1,4.79,6.23,5.24,732820695,68.5,MOD-00620,18.0,2026-07-18T11:59:00,2026-07-18T04:59:00,https://api.quant-aq.com/v1/devices/MOD-00620/data/732820489
265.2,630.38,"{'lat': None, 'lon': None}","{'rh': 68.2, 'temp': 18.0, 'wd': 0.0, 'ws': 0.0, 'ws_scalar': 0.0}","{'gas': {'co': 18144, 'co2': 13267, 'no': 18145, 'no2': 18146, 'o3': 18147}, 'pm': {'pm1': 13221, 'pm10': 13223, 'pm25': 13222}}",1.72,5.96,9.21,5.3,7.18,5.69,732818568,68.2,MOD-00620,18.0,2026-07-18T11:58:00,2026-07-18T04:58:00,https://api.quant-aq.com/v1/devices/MOD-00620/data/732818361
262.88,629.05,"{'lat': None, 'lon': None}","{'rh': 68.0, 'temp': 18.0, 'wd': 0.0, 'ws': 0.0, 'ws_scalar': 0.0}","{'gas': {'co': 18144, 'co2': 13267, 'no': 18145, 'no2': 18146, 'o3': 18147}, 'pm': {'pm1': 13221, 'pm10': 13223, 'pm25': 13222}}",1.66,5.42,10.05,5.46,6.55,5.87,732818569,68.0,MOD-00620,18.0,2026-07-18T11:57:00,2026-07-18T04:57:00,https://api.quant-aq.com/v1/devices/MOD-00620/data/732818362
262.13,626.76,"{'lat': None, 'lon': None}","{'rh': 67.9, 'temp': 18.0, 'wd': 0.0, 'ws': 0.0, 'ws_scalar': 0.0}","{'gas': {'co': 18144, 'co2': 13267, 'no': 18145, 'no2': 18146, 'o3': 18147}, 'pm': {'pm1': 13221, 'pm10': 13223, 'pm25': 13222}}",1.87,5.43,10.06,4.81,8.53,5.38,732818566,67.9,MOD-00620,18.0,2026-07-18T11:56:00,2026-07-18T04:56:00,https://api.quant-aq.com/v1/devices/MOD-00620/data/732818360
260.9,631.7,"{'lat': None, 'lon': None}","{'rh': 67.9, 'temp': 18.0, 'wd': 0.0, 'ws': 0.0, 'ws_scalar': 0.0}","{'gas': {'co': 18144, 'co2': 13267, 'no': 18145, 'no2': 18146, 'o3': 18147}, 'pm': {'pm1': 13221, 'pm10': 13223, 'pm25': 13222}}",1.8,5.6,10.39,5.14,6.08,5.56,732818567,67.9,MOD-00620,18.0,2026-07-18T11:55:00,2026-07-18T04:55:00,https://api.quant-aq.com/v1/devices/MOD-00620/data/732818363
257.41,630.26,"{'lat': None, 'lon': None}","{'rh': 68.2, 'temp': 18.0, 'wd': 0.0, 'ws': 0.0, 'ws_scalar': 0.0}","{'gas': {'co': 18144, 'co2': 13267, 'no': 18145, 'no2': 18146, 'o3': 18147}, 'pm': {'pm1': 13221, 'pm10': 13223, 'pm25': 13222}}",1.79,5.25,10.16,5.4,7.48,5.79,732816371,68.2,MOD-00620,18.0,2026-07-18T11:54:00,2026-07-18T04:54:00,https://api.quant-aq.com/v1/devices/MOD-00620/data/732816165
258.71,631.94,"{'lat': None, 'lon': None}","{'rh': 68.1, 'temp': 18.0, 'wd': 0.0, 'ws': 0.0, 'ws_scalar': 0.0}","{'gas': {'co': 18144, 'co2': 13267, 'no': 18145, 'no2': 18146, 'o3': 18147}, 'pm': {'pm1': 13221, 'pm10': 13223, 'pm25': 13222}}",1.86,5.59,9.92,5.29,7.2,5.95,732816373,68.1,MOD-00620,18.0,2026-07-18T11:53:00,2026-07-18T04:53:00,https://api.quant-aq.com/v1/devices/MOD-00620/data/732816167
256.73,627.85,"{'lat': None, 'lon': None}","{'rh': 68.0, 'temp': 18.0, 'wd': 0.0, 'ws': 0.0, 'ws_scalar': 0.0}","{'gas': {'co': 18144, 'co2': 13267, 'no': 18145, 'no2': 18146, 'o3': 18147}, 'pm': {'pm1': 13221, 'pm10': 13223, 'pm25': 13222}}",1.66,5.78,9.81,5.2,10.87,5.57,732816374,68.0,MOD-00620,18.0,2026-07-18T11:52:00,2026-07-18T04:52:00,https://api.quant-aq.com/v1/devices/MOD-00620/data/732816168
264.22,627.61,"{'lat': None, 'lon': None}","{'rh': 68.0, 'temp': 18.1, 'wd': 0.0, 'ws': 0.0, 'ws_scalar': 0.0}","{'gas': {'co': 18144, 'co2': 13267, 'no': 18145, 'no2': 18146, 'o3': 18147}, 'pm': {'pm1': 13221, 'pm10': 13223, 'pm25': 13222}}",1.72,5.6,9.46,5.31,6.59,5.77,732816372,68.0,MOD-00620,18.1,2026-07-18T11:51:00,2026-07-18T04:51:00,https://api.quant-aq.com/v1/devices/MOD-00620/data/732816166
262.86,627.01,"{'lat': None, 'lon': None}","{'rh': 67.6, 'temp': 18.1, 'wd': 0.0, 'ws': 0.0, 'ws_scalar': 0.0}","{'gas': {'co': 18144, 'co2': 13267, 'no': 18145, 'no2': 18146, 'o3': 18147}, 'pm': {'pm1': 13221, 'pm10': 13223, 'pm25': 13222}}",1.66,5.14,10.77,5.17,9.96,5.65,732814127,67.6,MOD-00620,18.1,2026-07-18T11:50:00,2026-07-18T04:50:00,https://api.quant-aq.com/v1/devices/MOD-00620/data/732813921
256.64,627.37,"{'lat': None, 'lon': None}","{'rh': 67.7, 'temp': 18.1, 'wd': 0.0, 'ws': 0.0, 'ws_scalar': 0.0}","{'gas': {'co': 18144, 'co2': 13267, 'no': 18145, 'no2': 18146, 'o3': 18147}, 'pm': {'pm1': 13221, 'pm10': 13223, 'pm25': 13222}}",1.73,5.8,9.82,4.96,6.46,5.33,732814125,67.7,MOD-00620,18.1,2026-07-18T11:49:00,2026-07-18T04:49:00,https://api.quant-aq.com/v1/devices/MOD-00620/data/732813919
259.79,625.56,"{'lat': None, 'lon': None}","{'rh': 67.3, 'temp': 18.1, 'wd': 0.0, 'ws': 0.0, 'ws_scalar': 0.0}","{'gas': {'co': 18144, 'co2': 13267, 'no': 18145, 'no2': 18146, 'o3': 18147}, 'pm': {'pm1': 13221, 'pm10': 13223, 'pm25': 13222}}",1.95,5.64,9.51,5.4,8.59,6.07,732814126,67.3,MOD-00620,18.1,2026-07-18T11:48:00,2026-07-18T04:48:00,https://api.quant-aq.com/v1/devices/MOD-00620/data/732813920
259.52,621.59,"{'lat': None, 'lon': None}","{'rh': 67.1, 'temp': 18.1, 'wd': 0.0, 'ws': 0.0, 'ws_scalar': 0.0}","{'gas': {'co': 18144, 'co2': 13267, 'no': 18145, 'no2': 18146, 'o3': 18147}, 'pm': {'pm1': 13221, 'pm10': 13223, 'pm25': 13222}}",1.75,5.83,10.77,5.24,7.92,5.71,732814124,67.1,MOD-00620,18.1,2026-07-18T11:47:00,2026-07-18T04:47:00,https://api.quant-aq.com/v1/devices/MOD-00620/data/732813918
256.99,622.67,"{'lat': None, 'lon': None}","{'rh': 67.2, 'temp': 18.1, 'wd': 0.0, 'ws': 0.0, 'ws_scalar': 0.0}","{'gas': {'co': 18144, 'co2': 13267, 'no': 18145, 'no2': 18146, 'o3': 18147}, 'pm': {'pm1': 13221, 'pm10': 13223, 'pm25': 13222}}",1.88,5.48,10.56,4.76,12.57,5.32,732812013,67.2,MOD-00620,18.1,2026-07-18T11:46:00,2026-07-18T04:46:00,https://api.quant-aq.com/v1/devices/MOD-00620/data/732811807
249.72,625.8,"{'lat': None, 'lon': None}","{'rh': 67.2, 'temp': 18.2, 'wd': 0.0, 'ws': 0.0, 'ws_scalar': 0.0}","{'gas': {'co': 18144, 'co2': 13267, 'no': 18145, 'no2': 18146, 'o3': 18147}, 'pm': {'pm1': 13221, 'pm10': 13223, 'pm25': 13222}}",1.87,5.48,11.0,5.98,7.23,6.51,732812016,67.2,MOD-00620,18.2,2026-07-18T11:45:00,2026-07-18T04:45:00,https://api.quant-aq.com/v1/devices/MOD-00620/data/732811810
254.16,625.08,"{'lat': None, 'lon': None}","{'rh': 67.3, 'temp': 18.2, 'wd': 0.0, 'ws': 0.0, 'ws_scalar': 0.0}","{'gas': {'co': 18144, 'co2': 13267, 'no': 18145, 'no2': 18146, 'o3': 18147}, 'pm': {'pm1': 13221, 'pm10': 13223, 'pm25': 13222}}",1.93,5.17,10.33,5.27,11.51,5.84,732812015,67.3,MOD-00620,18.2,2026-07-18T11:44:00,2026-07-18T04:44:00,https://api.quant-aq.com/v1/devices/MOD-00620/data/732811809
255.39,625.56,"{'lat': None, 'lon': None}","{'rh': 67.3, 'temp': 18.2, 'wd': 0.0, 'ws': 0.0, 'ws_scalar': 0.0}","{'gas': {'co': 18144, 'co2': 13267, 'no': 18145, 'no2': 18146, 'o3': 18147}, 'pm': {'pm1': 13221, 'pm10': 13223, 'pm25': 13222}}",1.66,5.65,9.96,5.16,11.34,5.74,732812014,67.3,MOD-00620,18.2,2026-07-18T11:43:00,2026-07-18T04:43:00,https://api.quant-aq.com/v1/devices/MOD-00620/data/732811808
254.71,623.03,"{'lat': None, 'lon': None}","{'rh': 67.1, 'temp': 18.2, 'wd': 0.0, 'ws': 0.0, 'ws_scalar': 0.0}","{'gas': {'co': 18144, 'co2': 13267, 'no': 18145, 'no2': 18146, 'o3': 18147}, 'pm': {'pm1': 13221, 'pm10': 13223, 'pm25': 13222}}",1.73,5.49,10.55,5.21,8.96,5.89,732809824,67.1,MOD-00620,18.2,2026-07-18T11:42:00,2026-07-18T04:42:00,https://api.quant-aq.com/v1/devices/MOD-00620/data/732809618
255.47,622.31,"{'lat': None, 'lon': None}","{'rh': 66.6, 'temp': 18.2, 'wd': 0.0, 'ws': 0.0, 'ws_scalar': 0.0}","{'gas': {'co': 18144, 'co2': 13267, 'no': 18145, 'no2': 18146, 'o3': 18147}, 'pm': {'pm1': 13221, 'pm10': 13223, 'pm25': 13222}}",1.82,5.52,11.05,5.33,5.98,5.7,732809823,66.6,MOD-00620,18.2,2026-07-18T11:41:00,2026-07-18T04:41:00,https://api.quant-aq.com/v1/devices/MOD-00620/data/732809617
257.04,622.19,"{'lat': None, 'lon': None}","{'rh': 66.7, 'temp': 18.2, 'wd': 0.0, 'ws': 0.0, 'ws_scalar': 0.0}","{'gas': {'co': 18144, 'co2': 13267, 'no': 18145, 'no2': 18146, 'o3': 18147}, 'pm': {'pm1': 13221, 'pm10': 13223, 'pm25': 13222}}",2.02,5.36,10.71,5.9,11.69,6.45,732809822,66.7,MOD-00620,18.2,2026-07-18T11:40:00,2026-07-18T04:40:00,https://api.quant-aq.com/v1/devices/MOD-00620/data/732809615
254.44,624.48,"{'lat': None, 'lon': None}","{'rh': 66.9, 'temp': 18.2, 'wd': 0.0, 'ws': 0.0, 'ws_scalar': 0.0}","{'gas': {'co': 18144, 'co2': 13267, 'no': 18145, 'no2': 18146, 'o3': 18147}, 'pm': {'pm1': 13221, 'pm10': 13223, 'pm25': 13222}}",1.74,5.2,10.81,5.22,11.02,5.68,732809821,66.9,MOD-00620,18.2,2026-07-18T11:39:00,2026-07-18T04:39:00,https://api.quant-aq.com/v1/devices/MOD-00620/data/732809616
258.75,619.3,"{'lat': None, 'lon': None}","{'rh': 66.6, 'temp': 18.2, 'wd': 0.0, 'ws': 0.0, 'ws_scalar': 0.0}","{'gas': {'co': 18144, 'co2': 13267, 'no': 18145, 'no2': 18146, 'o3': 18147}, 'pm': {'pm1': 13221, 'pm10': 13223, 'pm25': 13222}}",1.89,5.69,11.38,5.62,12.55,6.05,732807633,66.6,MOD-00620,18.2,2026-07-18T11:38:00,2026-07-18T04:38:00,https://api.quant-aq.com/v1/devices/MOD-00620/data/732807427
257.18,622.07,"{'lat': None, 'lon': None}","{'rh': 66.5, 'temp': 18.2, 'wd': 0.0, 'ws': 0.0, 'ws_scalar': 0.0}","{'gas': {'co': 18144, 'co2': 13267, 'no': 18145, 'no2': 18146, 'o3': 18147}, 'pm': {'pm1': 13221, 'pm10': 13223, 'pm25': 13222}}",1.89,5.69,10.47,5.54,8.51,6.05,732807632,66.5,MOD-00620,18.2,2026-07-18T11:37:00,2026-07-18T04:37:00,https://api.quant-aq.com/v1/devices/MOD-00620/data/732807426
251.14,621.34,"{'lat': None, 'lon': None}","{'rh': 66.5, 'temp': 18.3, 'wd': 0.0, 'ws': 0.0, 'ws_scalar': 0.0}","{'gas': {'co': 18144, 'co2': 13267, 'no': 18145, 'no2': 18146, 'o3': 18147}, 'pm': {'pm1': 13221, 'pm10': 13223, 'pm25': 13222}}",1.88,5.37,12.53,5.84,7.68,6.52,732807631,66.5,MOD-00620,18.3,2026-07-18T11:36:00,2026-07-18T04:36:00,https://api.quant-aq.com/v1/devices/MOD-00620/data/732807425
253.12,623.15,"{'lat': None, 'lon': None}","{'rh': 66.6, 'temp': 18.3, 'wd': 0.0, 'ws': 0.0, 'ws_scalar': 0.0}","{'gas': {'co': 18144, 'co2': 13267, 'no': 18145, 'no2': 18146, 'o3': 18147}, 'pm': {'pm1': 13221, 'pm10': 13223, 'pm25': 13222}}",1.94,5.08,11.4,5.35,17.68,5.8,732807630,66.6,MOD-00620,18.3,2026-07-18T11:35:00,2026-07-18T04:35:00,https://api.quant-aq.com/v1/devices/MOD-00620/data/732807424
248.34,619.9,"{'lat': None, 'lon': None}","{'rh': 66.4, 'temp': 18.3, 'wd': 0.0, 'ws': 0.0, 'ws_scalar': 0.0}","{'gas': {'co': 18144, 'co2': 13267, 'no': 18145, 'no2': 18146, 'o3': 18147}, 'pm': {'pm1': 13221, 'pm10': 13223, 'pm25': 13222}}",2.09,5.38,11.63,5.05,9.5,5.45,732805462,66.4,MOD-00620,18.3,2026-07-18T11:34:00,2026-07-18T04:34:00,https://api.quant-aq.com/v1/devices/MOD-00620/data/732805256
251.07,622.79,"{'lat': None, 'lon': None}","{'rh': 66.6, 'temp': 18.3, 'wd': 0.0, 'ws': 0.0, 'ws_scalar': 0.0}","{'gas': {'co': 18144, 'co2': 13267, 'no': 18145, 'no2': 18146, 'o3': 18147}, 'pm': {'pm1': 13221, 'pm10': 13223, 'pm25': 13222}}",1.81,4.96,11.53,5.31,7.14,5.87,732805465,66.6,MOD-00620,18.3,2026-07-18T11:33:00,2026-07-18T04:33:00,https://api.quant-aq.com/v1/devices/MOD-00620/data/732805259
248.68,620.74,"{'lat': None, 'lon': None}","{'rh': 66.5, 'temp': 18.3, 'wd': 0.0, 'ws': 0.0, 'ws_scalar': 0.0}","{'gas': {'co': 18144, 'co2': 13267, 'no': 18145, 'no2': 18146, 'o3': 18147}, 'pm': {'pm1': 13221, 'pm10': 13223, 'pm25': 13222}}",1.88,5.23,12.66,5.46,9.38,6.18,732805464,66.5,MOD-00620,18.3,2026-07-18T11:32:00,2026-07-18T04:32:00,https://api.quant-aq.com/v1/devices/MOD-00620/data/732805258
248.67,624.84,"{'lat': None, 'lon': None}","{'rh': 67.1, 'temp': 18.3, 'wd': 0.0, 'ws': 0.0, 'ws_scalar': 0.0}","{'gas': {'co': 18144, 'co2': 13267, 'no': 18145, 'no2': 18146, 'o3': 18147}, 'pm': {'pm1': 13221, 'pm10': 13223, 'pm25': 13222}}",2.2,5.5,10.54,4.9,6.33,5.41,732805463,67.1,MOD-00620,18.3,2026-07-18T11:31:00,2026-07-18T04:31:00,https://api.quant-aq.com/v1/devices/MOD-00620/data/732805257
242.02,622.07,"{'lat': None, 'lon': None}","{'rh': 66.8, 'temp': 18.4, 'wd': 0.0, 'ws': 0.0, 'ws_scalar': 0.0}","{'gas': {'co': 18144, 'co2': 13267, 'no': 18145, 'no2': 18146, 'o3': 18147}, 'pm': {'pm1': 13221, 'pm10': 13223, 'pm25': 13222}}",1.58,5.36,11.59,5.0,10.42,5.48,732803374,66.8,MOD-00620,18.4,2026-07-18T11:30:00,2026-07-18T04:30:00,https://api.quant-aq.com/v1/devices/MOD-00620/data/732803168
243.73,621.34,"{'lat': None, 'lon': None}","{'rh': 66.7, 'temp': 18.4, 'wd': 0.0, 'ws': 0.0, 'ws_scalar': 0.0}","{'gas': {'co': 18144, 'co2': 13267, 'no': 18145, 'no2': 18146, 'o3': 18147}, 'pm': {'pm1': 13221, 'pm10': 13223, 'pm25': 13222}}",1.99,5.37,11.14,4.74,5.95,5.23,732803373,66.7,MOD-00620,18.4,2026-07-18T11:29:00,2026-07-18T04:29:00,https://api.quant-aq.com/v1/devices/MOD-00620/data/732803167
249.47,624.48,"{'lat': None, 'lon': None}","{'rh': 66.7, 'temp': 18.4, 'wd': 0.0, 'ws': 0.0, 'ws_scalar': 0.0}","{'gas': {'co': 18144, 'co2': 13267, 'no': 18145, 'no2': 18146, 'o3': 18147}, 'pm': {'pm1': 13221, 'pm10': 13223, 'pm25': 13222}}",1.99,5.22,10.8,4.57,6.67,5.05,732803370,66.7,MOD-00620,18.4,2026-07-18T11:28:00,2026-07-18T04:28:00,https://api.quant-aq.com/v1/devices/MOD-00620/data/732803164
242.71,625.56,"{'lat': None, 'lon': None}","{'rh': 66.4, 'temp': 18.4, 'wd': 0.0, 'ws': 0.0, 'ws_scalar': 0.0}","{'gas': {'co': 18144, 'co2': 13267, 'no': 18145, 'no2': 18146, 'o3': 18147}, 'pm': {'pm1': 13221, 'pm10': 13223, 'pm25': 13222}}",1.73,5.11,12.32,5.09,7.62,5.71,732803365,66.4,MOD-00620,18.4,2026-07-18T11:27:00,2026-07-18T04:27:00,https://api.quant-aq.com/v1/devices/MOD-00620/data/732803159
245.37,623.87,"{'lat': None, 'lon': None}","{'rh': 66.7, 'temp': 18.4, 'wd': 0.0, 'ws': 0.0, 'ws_scalar': 0.0}","{'gas': {'co': 18144, 'co2': 13267, 'no': 18145, 'no2': 18146, 'o3': 18147}, 'pm': {'pm1': 13221, 'pm10': 13223, 'pm25': 13222}}",2.06,5.37,11.14,5.7,6.97,6.19,732801106,66.7,MOD-00620,18.4,2026-07-18T11:26:00,2026-07-18T04:26:00,https://api.quant-aq.com/v1/devices/MOD-00620/data/732800900
240.32,620.98,"{'lat': None, 'lon': None}","{'rh': 66.3, 'temp': 18.4, 'wd': 0.0, 'ws': 0.0, 'ws_scalar': 0.0}","{'gas': {'co': 18144, 'co2': 13267, 'no': 18145, 'no2': 18146, 'o3': 18147}, 'pm': {'pm1': 13221, 'pm10': 13223, 'pm25': 13222}}",1.73,5.11,11.87,5.02,9.19,5.82,732801105,66.3,MOD-00620,18.4,2026-07-18T11:25:00,2026-07-18T04:25:00,https://api.quant-aq.com/v1/devices/MOD-00620/data/732800899
241.73,621.46,"{'lat': None, 'lon': None}","{'rh': 66.2, 'temp': 18.5, 'wd': 0.0, 'ws': 0.0, 'ws_scalar': 0.0}","{'gas': {'co': 18144, 'co2': 13267, 'no': 18145, 'no2': 18146, 'o3': 18147}, 'pm': {'pm1': 13221, 'pm10': 13223, 'pm25': 13222}}",1.99,5.27,12.2,4.43,6.74,5.08,732801103,66.2,MOD-00620,18.5,2026-07-18T11:24:00,2026-07-18T04:24:00,https://api.quant-aq.com/v1/devices/MOD-00620/data/732800897
238.04,623.63,"{'lat': None, 'lon': None}","{'rh': 66.2, 'temp': 18.5, 'wd': 0.0, 'ws': 0.0, 'ws_scalar': 0.0}","{'gas': {'co': 18144, 'co2': 13267, 'no': 18145, 'no2': 18146, 'o3': 18147}, 'pm': {'pm1': 13221, 'pm10': 13223, 'pm25': 13222}}",1.86,5.41,11.16,4.74,6.18,5.3,732801104,66.2,MOD-00620,18.5,2026-07-18T11:23:00,2026-07-18T04:23:00,https://api.quant-aq.com/v1/devices/MOD-00620/data/732800898
231.97,614.12,"{'lat': None, 'lon': None}","{'rh': 65.5, 'temp': 18.5, 'wd': 0.0, 'ws': 0.0, 'ws_scalar': 0.0}","{'gas': {'co': 18144, 'co2': 13267, 'no': 18145, 'no2': 18146, 'o3': 18147}, 'pm': {'pm1': 13221, 'pm10': 13223, 'pm25': 13222}}",1.88,5.05,12.95,5.54,8.8,6.08,732798911,65.5,MOD-00620,18.5,2026-07-18T11:22:00,2026-07-18T04:22:00,https://api.quant-aq.com/v1/devices/MOD-00620/data/732798705
235.8,614.96,"{'lat': None, 'lon': None}","{'rh': 65.3, 'temp': 18.5, 'wd': 0.0, 'ws': 0.0, 'ws_scalar': 0.0}","{'gas': {'co': 18144, 'co2': 13267, 'no': 18145, 'no2': 18146, 'o3': 18147}, 'pm': {'pm1': 13221, 'pm10': 13223, 'pm25': 13222}}",1.96,5.32,12.72,4.55,12.3,4.97,732798910,65.3,MOD-00620,18.5,2026-07-18T11:21:00,2026-07-18T04:21:00,https://api.quant-aq.com/v1/devices/MOD-00620/data/732798704
238.74,613.88,"{'lat': None, 'lon': None}","{'rh': 65.2, 'temp': 18.5, 'wd': 0.0, 'ws': 0.0, 'ws_scalar': 0.0}","{'gas': {'co': 18144, 'co2': 13267, 'no': 18145, 'no2': 18146, 'o3': 18147}, 'pm': {'pm1': 13221, 'pm10': 13223, 'pm25': 13222}}",1.9,4.95,13.55,4.48,15.38,4.91,732798909,65.2,MOD-00620,18.5,2026-07-18T11:20:00,2026-07-18T04:20:00,https://api.quant-aq.com/v1/devices/MOD-00620/data/732798702
234.23,615.44,"{'lat': None, 'lon': None}","{'rh': 65.2, 'temp': 18.5, 'wd': 0.0, 'ws': 0.0, 'ws_scalar': 0.0}","{'gas': {'co': 18144, 'co2': 13267, 'no': 18145, 'no2': 18146, 'o3': 18147}, 'pm': {'pm1': 13221, 'pm10': 13223, 'pm25': 13222}}",1.9,5.19,13.76,4.49,17.26,4.88,732798908,65.2,MOD-00620,18.5,2026-07-18T11:19:00,2026-07-18T04:19:00,https://api.quant-aq.com/v1/devices/MOD-00620/data/732798703
234.71,614.6,"{'lat': None, 'lon': None}","{'rh': 65.1, 'temp': 18.5, 'wd': 0.0, 'ws': 0.0, 'ws_scalar': 0.0}","{'gas': {'co': 18144, 'co2': 13267, 'no': 18145, 'no2': 18146, 'o3': 18147}, 'pm': {'pm1': 13221, 'pm10': 13223, 'pm25': 13222}}",2.31,4.74,12.9,4.76,7.12,5.23,732796759,65.1,MOD-00620,18.5,2026-07-18T11:18:00,2026-07-18T04:18:00,https://api.quant-aq.com/v1/devices/MOD-00620/data/732796553
234.27,613.88,"{'lat': None, 'lon': None}","{'rh': 65.3, 'temp': 18.6, 'wd': 0.0, 'ws': 0.0, 'ws_scalar': 0.0}","{'gas': {'co': 18144, 'co2': 13267, 'no': 18145, 'no2': 18146, 'o3': 18147}, 'pm': {'pm1': 13221, 'pm10': 13223, 'pm25': 13222}}",1.88,5.2,11.92,4.81,7.97,5.41,732796760,65.3,MOD-00620,18.6,2026-07-18T11:17:00,2026-07-18T04:17:00,https://api.quant-aq.com/v1/devices/MOD-00620/data/732796554
238.72,616.04,"{'lat': None, 'lon': None}","{'rh': 64.8, 'temp': 18.6, 'wd': 0.0, 'ws': 0.0, 'ws_scalar': 0.0}","{'gas': {'co': 18144, 'co2': 13267, 'no': 18145, 'no2': 18146, 'o3': 18147}, 'pm': {'pm1': 13221, 'pm10': 13223, 'pm25': 13222}}",1.9,4.98,14.03,5.22,8.41,5.61,732796758,64.8,MOD-00620,18.6,2026-07-18T11:16:00,2026-07-18T04:16:00,https://api.quant-aq.com/v1/devices/MOD-00620/data/732796552
237.28,616.65,"{'lat': None, 'lon': None}","{'rh': 65.1, 'temp': 18.6, 'wd': 0.0, 'ws': 0.0, 'ws_scalar': 0.0}","{'gas': {'co': 18144, 'co2': 13267, 'no': 18145, 'no2': 18146, 'o3': 18147}, 'pm': {'pm1': 13221, 'pm10': 13223, 'pm25': 13222}}",1.95,5.34,13.18,5.18,9.87,5.78,732796757,65.1,MOD-00620,18.6,2026-07-18T11:15:00,2026-07-18T04:15:00,https://api.quant-aq.com/v1/devices/MOD-00620/data/732796551
235.92,614.6,"{'lat': None, 'lon': None}","{'rh': 64.7, 'temp': 18.6, 'wd': 0.0, 'ws': 0.0, 'ws_scalar': 0.0}","{'gas': {'co': 18144, 'co2': 13267, 'no': 18145, 'no2': 18146, 'o3': 18147}, 'pm': {'pm1': 13221, 'pm10': 13223, 'pm25': 13222}}",2.24,4.88,13.7,4.71,7.66,5.19,732794568,64.7,MOD-00620,18.6,2026-07-18T11:14:00,2026-07-18T04:14:00,https://api.quant-aq.com/v1/devices/MOD-00620/data/732794362
234.48,614.6,"{'lat': None, 'lon': None}","{'rh': 65.0, 'temp': 18.6, 'wd': 0.0, 'ws': 0.0, 'ws_scalar': 0.0}","{'gas': {'co': 18144, 'co2': 13267, 'no': 18145, 'no2': 18146, 'o3': 18147}, 'pm': {'pm1': 13221, 'pm10': 13223, 'pm25': 13222}}",2.16,4.86,13.68,5.32,10.08,5.77,732794567,65.0,MOD-00620,18.6,2026-07-18T11:13:00,2026-07-18T04:13:00,https://api.quant-aq.com/v1/devices/MOD-00620/data/732794361
241.45,616.77,"{'lat': None, 'lon': None}","{'rh': 65.0, 'temp': 18.6, 'wd': 0.0, 'ws': 0.0, 'ws_scalar': 0.0}","{'gas': {'co': 18144, 'co2': 13267, 'no': 18145, 'no2': 18146, 'o3': 18147}, 'pm': {'pm1': 13221, 'pm10': 13223, 'pm25': 13222}}",1.96,5.09,13.43,4.74,9.85,5.36,732794565,65.0,MOD-00620,18.6,2026-07-18T11:12:00,2026-07-18T04:12:00,https://api.quant-aq.com/v1/devices/MOD-00620/data/732794359
237.21,616.41,"{'lat': None, 'lon': None}","{'rh': 65.2, 'temp': 18.6, 'wd': 0.0, 'ws': 0.0, 'ws_scalar': 0.0}","{'gas': {'co': 18144, 'co2': 13267, 'no': 18145, 'no2': 18146, 'o3': 18147}, 'pm': {'pm1': 13221, 'pm10': 13223, 'pm25': 13222}}",1.95,5.34,11.8,4.83,6.34,5.44,732794566,65.2,MOD-00620,18.6,2026-07-18T11:11:00,2026-07-18T04:11:00,https://api.quant-aq.com/v1/devices/MOD-00620/data/732794360
237.49,613.15,"{'lat': None, 'lon': None}","{'rh': 64.8, 'temp': 18.6, 'wd': 0.0, 'ws': 0.0, 'ws_scalar': 0.0}","{'gas': {'co': 18144, 'co2': 13267, 'no': 18145, 'no2': 18146, 'o3': 18147}, 'pm': {'pm1': 13221, 'pm10': 13223, 'pm25': 13222}}",1.96,5.1,12.99,4.62,7.3,4.95,732792359,64.8,MOD-00620,18.6,2026-07-18T11:10:00,2026-07-18T04:10:00,https://api.quant-aq.com/v1/devices/MOD-00620/data/732792156
239.42,613.39,"{'lat': None, 'lon': None}","{'rh': 64.4, 'temp': 18.6, 'wd': 0.0, 'ws': 0.0, 'ws_scalar': 0.0}","{'gas': {'co': 18144, 'co2': 13267, 'no': 18145, 'no2': 18146, 'o3': 18147}, 'pm': {'pm1': 13221, 'pm10': 13223, 'pm25': 13222}}",2.18,5.12,13.02,5.2,9.58,5.73,732792361,64.4,MOD-00620,18.6,2026-07-18T11:09:00,2026-07-18T04:09:00,https://api.quant-aq.com/v1/devices/MOD-00620/data/732792154
235.24,609.78,"{'lat': None, 'lon': None}","{'rh': 64.5, 'temp': 18.6, 'wd': 0.0, 'ws': 0.0, 'ws_scalar': 0.0}","{'gas': {'co': 18144, 'co2': 13267, 'no': 18145, 'no2': 18146, 'o3': 18147}, 'pm': {'pm1': 13221, 'pm10': 13223, 'pm25': 13222}}",2.11,5.0,13.6,5.73,12.1,6.15,732792356,64.5,MOD-00620,18.6,2026-07-18T11:08:00,2026-07-18T04:08:00,https://api.quant-aq.com/v1/devices/MOD-00620/data/732792150
240.31,612.91,"{'lat': None, 'lon': None}","{'rh': 64.3, 'temp': 18.6, 'wd': 0.0, 'ws': 0.0, 'ws_scalar': 0.0}","{'gas': {'co': 18144, 'co2': 13267, 'no': 18145, 'no2': 18146, 'o3': 18147}, 'pm': {'pm1': 13221, 'pm10': 13223, 'pm25': 13222}}",2.12,5.01,14.07,5.03,7.81,5.53,732792357,64.3,MOD-00620,18.6,2026-07-18T11:07:00,2026-07-18T04:07:00,https://api.quant-aq.com/v1/devices/MOD-00620/data/732792151
239.49,613.03,"{'lat': None, 'lon': None}","{'rh': 64.3, 'temp': 18.6, 'wd': 0.0, 'ws': 0.0, 'ws_scalar': 0.0}","{'gas': {'co': 18144, 'co2': 13267, 'no': 18145, 'no2': 18146, 'o3': 18147}, 'pm': {'pm1': 13221, 'pm10': 13223, 'pm25': 13222}}",2.32,4.62,14.56,5.17,9.2,5.74,732790198,64.3,MOD-00620,18.6,2026-07-18T11:06:00,2026-07-18T04:06:00,https://api.quant-aq.com/v1/devices/MOD-00620/data/732789992
240.22,617.61,"{'lat': None, 'lon': None}","{'rh': 65.0, 'temp': 18.6, 'wd': 0.0, 'ws': 0.0, 'ws_scalar': 0.0}","{'gas': {'co': 18144, 'co2': 13267, 'no': 18145, 'no2': 18146, 'o3': 18147}, 'pm': {'pm1': 13221, 'pm10': 13223, 'pm25': 13222}}",1.89,5.21,12.86,5.62,7.68,6.12,732790200,65.0,MOD-00620,18.6,2026-07-18T11:05:00,2026-07-18T04:05:00,https://api.quant-aq.com/v1/devices/MOD-00620/data/732789994
246.93,618.09,"{'lat': None, 'lon': None}","{'rh': 64.8, 'temp': 18.6, 'wd': 0.0, 'ws': 0.0, 'ws_scalar': 0.0}","{'gas': {'co': 18144, 'co2': 13267, 'no': 18145, 'no2': 18146, 'o3': 18147}, 'pm': {'pm1': 13221, 'pm10': 13223, 'pm25': 13222}}",2.17,4.87,13.24,5.34,7.93,5.8,732790196,64.8,MOD-00620,18.6,2026-07-18T11:04:00,2026-07-18T04:04:00,https://api.quant-aq.com/v1/devices/MOD-00620/data/732789990
246.93,618.57,"{'lat': None, 'lon': None}","{'rh': 64.8, 'temp': 18.6, 'wd': 0.0, 'ws': 0.0, 'ws_scalar': 0.0}","{'gas': {'co': 18144, 'co2': 13267, 'no': 18145, 'no2': 18146, 'o3': 18147}, 'pm': {'pm1': 13221, 'pm10': 13223, 'pm25': 13222}}",2.03,5.36,12.75,5.36,6.58,5.84,732790195,64.8,MOD-00620,18.6,2026-07-18T11:03:00,2026-07-18T04:03:00,https://api.quant-aq.com/v1/devices/MOD-00620/data/732789989
239.06,616.77,"{'lat': None, 'lon': None}","{'rh': 64.9, 'temp': 18.6, 'wd': 0.0, 'ws': 0.0, 'ws_scalar': 0.0}","{'gas': {'co': 18144, 'co2': 13267, 'no': 18145, 'no2': 18146, 'o3': 18147}, 'pm': {'pm1': 13221, 'pm10': 13223, 'pm25': 13222}}",2.03,4.67,13.94,4.89,8.42,5.45,732788008,64.9,MOD-00620,18.6,2026-07-18T11:02:00,2026-07-18T04:02:00,https://api.quant-aq.com/v1/devices/MOD-00620/data/732787802
240.7,620.14,"{'lat': None, 'lon': None}","{'rh': 64.9, 'temp': 18.6, 'wd': 0.0, 'ws': 0.0, 'ws_scalar': 0.0}","{'gas': {'co': 18144, 'co2': 13267, 'no': 18145, 'no2': 18146, 'o3': 18147}, 'pm': {'pm1': 13221, 'pm10': 13223, 'pm25': 13222}}",2.16,5.22,12.86,5.8,7.36,6.43,732788005,64.9,MOD-00620,18.6,2026-07-18T11:01:00,2026-07-18T04:01:00,https://api.quant-aq.com/v1/devices/MOD-00620/data/732787799
240.56,621.46,"{'lat': None, 'lon': None}","{'rh': 65.1, 'temp': 18.6, 'wd': 0.0, 'ws': 0.0, 'ws_scalar': 0.0}","{'gas': {'co': 18144, 'co2': 13267, 'no': 18145, 'no2': 18146, 'o3': 18147}, 'pm': {'pm1': 13221, 'pm10': 13223, 'pm25': 13222}}",1.95,5.34,13.18,5.59,7.31,6.04,732788006,65.1,MOD-00620,18.6,2026-07-18T11:00:00,2026-07-18T04:00:00,https://api.quant-aq.com/v1/devices/MOD-00620/data/732787801
239.21,618.57,"{'lat': None, 'lon': None}","{'rh': 64.7, 'temp': 18.6, 'wd': 0.0, 'ws': 0.0, 'ws_scalar': 0.0}","{'gas': {'co': 18144, 'co2': 13267, 'no': 18145, 'no2': 18146, 'o3': 18147}, 'pm': {'pm1': 13221, 'pm10': 13223, 'pm25': 13222}}",2.04,5.23,12.88,4.72,5.98,5.13,732788007,64.7,MOD-00620,18.6,2026-07-18T10:59:00,2026-07-18T03:59:00,https://api.quant-aq.com/v1/devices/MOD-00620/data/732787800
238.94,614.6,"{'lat': None, 'lon': None}","{'rh': 64.5, 'temp': 18.6, 'wd': 0.0, 'ws': 0.0, 'ws_scalar': 0.0}","{'gas': {'co': 18144, 'co2': 13267, 'no': 18145, 'no2': 18146, 'o3': 18147}, 'pm': {'pm1': 13221, 'pm10': 13223, 'pm25': 13222}}",2.11,4.89,14.63,5.09,6.69,5.53,732785799,64.5,MOD-00620,18.6,2026-07-18T10:58:00,2026-07-18T03:58:00,https://api.quant-aq.com/v1/devices/MOD-00620/data/732785593
238.87,614.84,"{'lat': None, 'lon': None}","{'rh': 64.6, 'temp': 18.6, 'wd': 0.0, 'ws': 0.0, 'ws_scalar': 0.0}","{'gas': {'co': 18144, 'co2': 13267, 'no': 18145, 'no2': 18146, 'o3': 18147}, 'pm': {'pm1': 13221, 'pm10': 13223, 'pm25': 13222}}",2.11,4.99,13.59,5.05,7.18,5.61,732785798,64.6,MOD-00620,18.6,2026-07-18T10:57:00,2026-07-18T03:57:00,https://api.quant-aq.com/v1/devices/MOD-00620/data/732785592
242.01,614.6,"{'lat': None, 'lon': None}","{'rh': 64.8, 'temp': 18.6, 'wd': 0.0, 'ws': 0.0, 'ws_scalar': 0.0}","{'gas': {'co': 18144, 'co2': 13267, 'no': 18145, 'no2': 18146, 'o3': 18147}, 'pm': {'pm1': 13221, 'pm10': 13223, 'pm25': 13222}}",2.17,5.1,12.99,5.3,6.91,5.77,732785800,64.8,MOD-00620,18.6,2026-07-18T10:56:00,2026-07-18T03:56:00,https://api.quant-aq.com/v1/devices/MOD-00620/data/732785594
241.11,610.38,"{'lat': None, 'lon': None}","{'rh': 64.9, 'temp': 18.6, 'wd': 0.0, 'ws': 0.0, 'ws_scalar': 0.0}","{'gas': {'co': 18144, 'co2': 13267, 'no': 18145, 'no2': 18146, 'o3': 18147}, 'pm': {'pm1': 13221, 'pm10': 13223, 'pm25': 13222}}",1.89,5.09,13.44,5.69,8.26,6.2,732785801,64.9,MOD-00620,18.6,2026-07-18T10:55:00,2026-07-18T03:55:00,https://api.quant-aq.com/v1/devices/MOD-00620/data/732785596
237.71,610.75,"{'lat': None, 'lon': None}","{'rh': 64.5, 'temp': 18.6, 'wd': 0.0, 'ws': 0.0, 'ws_scalar': 0.0}","{'gas': {'co': 18144, 'co2': 13267, 'no': 18145, 'no2': 18146, 'o3': 18147}, 'pm': {'pm1': 13221, 'pm10': 13223, 'pm25': 13222}}",2.04,5.12,13.47,5.64,10.19,6.07,732783497,64.5,MOD-00620,18.6,2026-07-18T10:54:00,2026-07-18T03:54:00,https://api.quant-aq.com/v1/devices/MOD-00620/data/732783291
237.6,612.19,"{'lat': None, 'lon': None}","{'rh': 64.8, 'temp': 18.7, 'wd': 0.0, 'ws': 0.0, 'ws_scalar': 0.0}","{'gas': {'co': 18144, 'co2': 13267, 'no': 18145, 'no2': 18146, 'o3': 18147}, 'pm': {'pm1': 13221, 'pm10': 13223, 'pm25': 13222}}",1.95,5.24,13.77,4.61,8.01,5.17,732783499,64.8,MOD-00620,18.7,2026-07-18T10:53:00,2026-07-18T03:53:00,https://api.quant-aq.com/v1/devices/MOD-00620/data/732783293
235.28,610.5,"{'lat': None, 'lon': None}","{'rh': 64.6, 'temp': 18.7, 'wd': 0.0, 'ws': 0.0, 'ws_scalar': 0.0}","{'gas': {'co': 18144, 'co2': 13267, 'no': 18145, 'no2': 18146, 'o3': 18147}, 'pm': {'pm1': 13221, 'pm10': 13223, 'pm25': 13222}}",2.09,4.9,13.7,5.23,9.88,5.64,732783498,64.6,MOD-00620,18.7,2026-07-18T10:52:00,2026-07-18T03:52:00,https://api.quant-aq.com/v1/devices/MOD-00620/data/732783292
232.48,611.47,"{'lat': None, 'lon': None}","{'rh': 64.5, 'temp': 18.7, 'wd': 0.0, 'ws': 0.0, 'ws_scalar': 0.0}","{'gas': {'co': 18144, 'co2': 13267, 'no': 18145, 'no2': 18146, 'o3': 18147}, 'pm': {'pm1': 13221, 'pm10': 13223, 'pm25': 13222}}",2.23,4.9,14.16,3.95,5.55,4.25,732783496,64.5,MOD-00620,18.7,2026-07-18T10:51:00,2026-07-18T03:51:00,https://api.quant-aq.com/v1/devices/MOD-00620/data/732783290
234.72,610.38,"{'lat': None, 'lon': None}","{'rh': 65.4, 'temp': 18.7, 'wd': 0.0, 'ws': 0.0, 'ws_scalar': 0.0}","{'gas': {'co': 18144, 'co2': 13267, 'no': 18145, 'no2': 18146, 'o3': 18147}, 'pm': {'pm1': 13221, 'pm10': 13223, 'pm25': 13222}}",1.99,5.2,13.27,4.89,12.11,5.35,732781199,65.4,MOD-00620,18.7,2026-07-18T10:50:00,2026-07-18T03:50:00,https://api.quant-aq.com/v1/devices/MOD-00620/data/732780993
236.78,611.59,"{'lat': None, 'lon': None}","{'rh': 64.8, 'temp': 18.7, 'wd': 0.0, 'ws': 0.0, 'ws_scalar': 0.0}","{'gas': {'co': 18144, 'co2': 13267, 'no': 18145, 'no2': 18146, 'o3': 18147}, 'pm': {'pm1': 13221, 'pm10': 13223, 'pm25': 13222}}",1.88,5.51,13.52,5.2,16.24,5.61,732781200,64.8,MOD-00620,18.7,2026-07-18T10:49:00,2026-07-18T03:49:00,https://api.quant-aq.com/v1/devices/MOD-00620/data/732780994
238.64,608.94,"{'lat': None, 'lon': None}","{'rh': 64.5, 'temp': 18.7, 'wd': 0.0, 'ws': 0.0, 'ws_scalar': 0.0}","{'gas': {'co': 18144, 'co2': 13267, 'no': 18145, 'no2': 18146, 'o3': 18147}, 'pm': {'pm1': 13221, 'pm10': 13223, 'pm25': 13222}}",2.16,5.01,13.58,5.38,7.0,6.06,732781198,64.5,MOD-00620,18.7,2026-07-18T10:48:00,2026-07-18T03:48:00,https://api.quant-aq.com/v1/devices/MOD-00620/data/732780992
235.57,609.54,"{'lat': None, 'lon': None}","{'rh': 64.2, 'temp': 18.7, 'wd': 0.0, 'ws': 0.0, 'ws_scalar': 0.0}","{'gas': {'co': 18144, 'co2': 13267, 'no': 18145, 'no2': 18146, 'o3': 18147}, 'pm': {'pm1': 13221, 'pm10': 13223, 'pm25': 13222}}",2.17,5.03,14.52,5.39,8.57,5.77,732781197,64.2,MOD-00620,18.7,2026-07-18T10:47:00,2026-07-18T03:47:00,https://api.quant-aq.com/v1/devices/MOD-00620/data/732780991
234.61,604.48,"{'lat': None, 'lon': None}","{'rh': 64.4, 'temp': 18.7, 'wd': 0.0, 'ws': 0.0, 'ws_scalar': 0.0}","{'gas': {'co': 18144, 'co2': 13267, 'no': 18145, 'no2': 18146, 'o3': 18147}, 'pm': {'pm1': 13221, 'pm10': 13223, 'pm25': 13222}}",2.1,5.26,13.34,5.04,8.61,5.6,732778942,64.4,MOD-00620,18.7,2026-07-18T10:46:00,2026-07-18T03:46:00,https://api.quant-aq.com/v1/devices/MOD-00620/data/732778735
235.57,607.01,"{'lat': None, 'lon': None}","{'rh': 64.2, 'temp': 18.7, 'wd': 0.0, 'ws': 0.0, 'ws_scalar': 0.0}","{'gas': {'co': 18144, 'co2': 13267, 'no': 18145, 'no2': 18146, 'o3': 18147}, 'pm': {'pm1': 13221, 'pm10': 13223, 'pm25': 13222}}",2.11,5.03,14.06,5.54,6.25,5.94,732778940,64.2,MOD-00620,18.7,2026-07-18T10:45:00,2026-07-18T03:45:00,https://api.quant-aq.com/v1/devices/MOD-00620/data/732778733
239.94,610.02,"{'lat': None, 'lon': None}","{'rh': 64.4, 'temp': 18.7, 'wd': 0.0, 'ws': 0.0, 'ws_scalar': 0.0}","{'gas': {'co': 18144, 'co2': 13267, 'no': 18145, 'no2': 18146, 'o3': 18147}, 'pm': {'pm1': 13221, 'pm10': 13223, 'pm25': 13222}}",2.1,5.26,13.8,5.22,7.88,5.8,732778941,64.4,MOD-00620,18.7,2026-07-18T10:44:00,2026-07-18T03:44:00,https://api.quant-aq.com/v1/devices/MOD-00620/data/732778736
238.23,611.11,"{'lat': None, 'lon': None}","{'rh': 64.5, 'temp': 18.7, 'wd': 0.0, 'ws': 0.0, 'ws_scalar': 0.0}","{'gas': {'co': 18144, 'co2': 13267, 'no': 18145, 'no2': 18146, 'o3': 18147}, 'pm': {'pm1': 13221, 'pm10': 13223, 'pm25': 13222}}",2.23,4.9,13.71,5.59,9.85,6.14,732778939,64.5,MOD-00620,18.7,2026-07-18T10:43:00,2026-07-18T03:43:00,https://api.quant-aq.com/v1/devices/MOD-00620/data/732778734
237.8,613.15,"{'lat': None, 'lon': None}","{'rh': 65.1, 'temp': 18.7, 'wd': 0.0, 'ws': 0.0, 'ws_scalar': 0.0}","{'gas': {'co': 18144, 'co2': 13267, 'no': 18145, 'no2': 18146, 'o3': 18147}, 'pm': {'pm1': 13221, 'pm10': 13223, 'pm25': 13222}}",2.0,5.65,12.47,5.0,8.14,5.49,732776674,65.1,MOD-00620,18.7,2026-07-18T10:42:00,2026-07-18T03:42:00,https://api.quant-aq.com/v1/devices/MOD-00620/data/732776468
240.35,611.11,"{'lat': None, 'lon': None}","{'rh': 64.4, 'temp': 18.7, 'wd': 0.0, 'ws': 0.0, 'ws_scalar': 0.0}","{'gas': {'co': 18144, 'co2': 13267, 'no': 18145, 'no2': 18146, 'o3': 18147}, 'pm': {'pm1': 13221, 'pm10': 13223, 'pm25': 13222}}",1.9,5.13,12.55,5.05,6.15,5.61,732776672,64.4,MOD-00620,18.7,2026-07-18T10:41:00,2026-07-18T03:41:00,https://api.quant-aq.com/v1/devices/MOD-00620/data/732776466
240.48,611.71,"{'lat': None, 'lon': None}","{'rh': 64.8, 'temp': 18.7, 'wd': 0.0, 'ws': 0.0, 'ws_scalar': 0.0}","{'gas': {'co': 18144, 'co2': 13267, 'no': 18145, 'no2': 18146, 'o3': 18147}, 'pm': {'pm1': 13221, 'pm10': 13223, 'pm25': 13222}}",2.29,4.78,13.81,5.12,6.59,5.69,732776673,64.8,MOD-00620,18.7,2026-07-18T10:40:00,2026-07-18T03:40:00,https://api.quant-aq.com/v1/devices/MOD-00620/data/732776467
240.74,612.19,"{'lat': None, 'lon': None}","{'rh': 65.0, 'temp': 18.7, 'wd': 0.0, 'ws': 0.0, 'ws_scalar': 0.0}","{'gas': {'co': 18144, 'co2': 13267, 'no': 18145, 'no2': 18146, 'o3': 18147}, 'pm': {'pm1': 13221, 'pm10': 13223, 'pm25': 13222}}",2.14,5.22,12.84,4.56,14.6,5.07,732776675,65.0,MOD-00620,18.7,2026-07-18T10:39:00,2026-07-18T03:39:00,https://api.quant-aq.com/v1/devices/MOD-00620/data/732776469
239.25,611.71,"{'lat': None, 'lon': None}","{'rh': 64.8, 'temp': 18.7, 'wd': 0.0, 'ws': 0.0, 'ws_scalar': 0.0}","{'gas': {'co': 18144, 'co2': 13267, 'no': 18145, 'no2': 18146, 'o3': 18147}, 'pm': {'pm1': 13221, 'pm10': 13223, 'pm25': 13222}}",1.74,5.66,12.94,5.1,5.83,5.5,732774519,64.8,MOD-00620,18.7,2026-07-18T10:38:00,2026-07-18T03:38:00,https://api.quant-aq.com/v1/devices/MOD-00620/data/732774313
243.36,611.47,"{'lat': None, 'lon': None}","{'rh': 64.2, 'temp': 18.7, 'wd': 0.0, 'ws': 0.0, 'ws_scalar': 0.0}","{'gas': {'co': 18144, 'co2': 13267, 'no': 18145, 'no2': 18146, 'o3': 18147}, 'pm': {'pm1': 13221, 'pm10': 13223, 'pm25': 13222}}",2.11,5.03,14.52,5.23,10.6,5.5,732774518,64.2,MOD-00620,18.7,2026-07-18T10:37:00,2026-07-18T03:37:00,https://api.quant-aq.com/v1/devices/MOD-00620/data/732774312
243.28,611.23,"{'lat': None, 'lon': None}","{'rh': 64.9, 'temp': 18.7, 'wd': 0.0, 'ws': 0.0, 'ws_scalar': 0.0}","{'gas': {'co': 18144, 'co2': 13267, 'no': 18145, 'no2': 18146, 'o3': 18147}, 'pm': {'pm1': 13221, 'pm10': 13223, 'pm25': 13222}}",2.08,5.23,12.85,5.18,6.7,5.59,732774516,64.9,MOD-00620,18.7,2026-07-18T10:36:00,2026-07-18T03:36:00,https://api.quant-aq.com/v1/devices/MOD-00620/data/732774311
238.98,608.58,"{'lat': None, 'lon': None}","{'rh': 64.6, 'temp': 18.7, 'wd': 0.0, 'ws': 0.0, 'ws_scalar': 0.0}","{'gas': {'co': 18144, 'co2': 13267, 'no': 18145, 'no2': 18146, 'o3': 18147}, 'pm': {'pm1': 13221, 'pm10': 13223, 'pm25': 13222}}",2.02,5.38,12.29,5.34,7.17,5.85,732774517,64.6,MOD-00620,18.7,2026-07-18T10:35:00,2026-07-18T03:35:00,https://api.quant-aq.com/v1/devices/MOD-00620/data/732774310
240.62,607.01,"{'lat': None, 'lon': None}","{'rh': 64.6, 'temp': 18.7, 'wd': 0.0, 'ws': 0.0, 'ws_scalar': 0.0}","{'gas': {'co': 18144, 'co2': 13267, 'no': 18145, 'no2': 18146, 'o3': 18147}, 'pm': {'pm1': 13221, 'pm10': 13223, 'pm25': 13222}}",1.96,5.38,12.75,4.95,6.56,5.37,732772283,64.6,MOD-00620,18.7,2026-07-18T10:34:00,2026-07-18T03:34:00,https://api.quant-aq.com/v1/devices/MOD-00620/data/732772077
239.94,610.99,"{'lat': None, 'lon': None}","{'rh': 64.4, 'temp': 18.7, 'wd': 0.0, 'ws': 0.0, 'ws_scalar': 0.0}","{'gas': {'co': 18144, 'co2': 13267, 'no': 18145, 'no2': 18146, 'o3': 18147}, 'pm': {'pm1': 13221, 'pm10': 13223, 'pm25': 13222}}",2.17,4.91,13.71,5.54,10.92,6.08,732772286,64.4,MOD-00620,18.7,2026-07-18T10:33:00,2026-07-18T03:33:00,https://api.quant-aq.com/v1/devices/MOD-00620/data/732772080
244.24,605.57,"{'lat': None, 'lon': None}","{'rh': 64.7, 'temp': 18.7, 'wd': 0.0, 'ws': 0.0, 'ws_scalar': 0.0}","{'gas': {'co': 18144, 'co2': 13267, 'no': 18145, 'no2': 18146, 'o3': 18147}, 'pm': {'pm1': 13221, 'pm10': 13223, 'pm25': 13222}}",2.09,5.24,12.41,5.35,7.85,5.8,732772285,64.7,MOD-00620,18.7,2026-07-18T10:32:00,2026-07-18T03:32:00,https://api.quant-aq.com/v1/devices/MOD-00620/data/732772078
241.99,611.23,"{'lat': None, 'lon': None}","{'rh': 64.4, 'temp': 18.7, 'wd': 0.0, 'ws': 0.0, 'ws_scalar': 0.0}","{'gas': {'co': 18144, 'co2': 13267, 'no': 18145, 'no2': 18146, 'o3': 18147}, 'pm': {'pm1': 13221, 'pm10': 13223, 'pm25': 13222}}",1.96,5.39,12.76,4.87,13.58,5.42,732772284,64.4,MOD-00620,18.7,2026-07-18T10:31:00,2026-07-18T03:31:00,https://api.quant-aq.com/v1/devices/MOD-00620/data/732772079
242.13,607.61,"{'lat': None, 'lon': None}","{'rh': 64.2, 'temp': 18.7, 'wd': 0.0, 'ws': 0.0, 'ws_scalar': 0.0}","{'gas': {'co': 18144, 'co2': 13267, 'no': 18145, 'no2': 18146, 'o3': 18147}, 'pm': {'pm1': 13221, 'pm10': 13223, 'pm25': 13222}}",2.04,5.15,13.48,4.54,10.68,4.94,732770096,64.2,MOD-00620,18.7,2026-07-18T10:30:00,2026-07-18T03:30:00,https://api.quant-aq.com/v1/devices/MOD-00620/data/732769890
246.23,615.56,"{'lat': None, 'lon': None}","{'rh': 64.2, 'temp': 18.7, 'wd': 0.0, 'ws': 0.0, 'ws_scalar': 0.0}","{'gas': {'co': 18144, 'co2': 13267, 'no': 18145, 'no2': 18146, 'o3': 18147}, 'pm': {'pm1': 13221, 'pm10': 13223, 'pm25': 13222}}",2.17,4.92,13.73,4.99,11.9,5.66,732770097,64.2,MOD-00620,18.7,2026-07-18T10:29:00,2026-07-18T03:29:00,https://api.quant-aq.com/v1/devices/MOD-00620/data/732769891
256.33,619.78,"{'lat': None, 'lon': None}","{'rh': 65.0, 'temp': 18.7, 'wd': 0.0, 'ws': 0.0, 'ws_scalar': 0.0}","{'gas': {'co': 18144, 'co2': 13267, 'no': 18145, 'no2': 18146, 'o3': 18147}, 'pm': {'pm1': 13221, 'pm10': 13223, 'pm25': 13222}}",2.55,4.87,12.3,5.41,8.3,6.04,732770099,65.0,MOD-00620,18.7,2026-07-18T10:28:00,2026-07-18T03:28:00,https://api.quant-aq.com/v1/devices/MOD-00620/data/732769893
257.0,626.28,"{'lat': None, 'lon': None}","{'rh': 65.8, 'temp': 18.7, 'wd': 0.0, 'ws': 0.0, 'ws_scalar': 0.0}","{'gas': {'co': 18144, 'co2': 13267, 'no': 18145, 'no2': 18146, 'o3': 18147}, 'pm': {'pm1': 13221, 'pm10': 13223, 'pm25': 13222}}",1.84,5.94,9.43,5.5,6.81,6.05,732770098,65.8,MOD-00620,18.7,2026-07-18T10:27:00,2026-07-18T03:27:00,https://api.quant-aq.com/v1/devices/MOD-00620/data/732769892
258.86,620.74,"{'lat': None, 'lon': None}","{'rh': 64.9, 'temp': 18.7, 'wd': 0.0, 'ws': 0.0, 'ws_scalar': 0.0}","{'gas': {'co': 18144, 'co2': 13267, 'no': 18145, 'no2': 18146, 'o3': 18147}, 'pm': {'pm1': 13221, 'pm10': 13223, 'pm25': 13222}}",1.81,5.51,11.24,5.34,8.25,5.8,732767917,64.9,MOD-00620,18.7,2026-07-18T10:26:00,2026-07-18T03:26:00,https://api.quant-aq.com/v1/devices/MOD-00620/data/732767711
260.09,620.26,"{'lat': None, 'lon': None}","{'rh': 64.9, 'temp': 18.7, 'wd': 0.0, 'ws': 0.0, 'ws_scalar': 0.0}","{'gas': {'co': 18144, 'co2': 13267, 'no': 18145, 'no2': 18146, 'o3': 18147}, 'pm': {'pm1': 13221, 'pm10': 13223, 'pm25': 13222}}",2.22,5.36,11.82,4.89,7.32,5.28,732767916,64.9,MOD-00620,18.7,2026-07-18T10:25:00,2026-07-18T03:25:00,https://api.quant-aq.com/v1/devices/MOD-00620/data/732767710
260.56,624.11,"{'lat': None, 'lon': None}","{'rh': 65.4, 'temp': 18.7, 'wd': 0.0, 'ws': 0.0, 'ws_scalar': 0.0}","{'gas': {'co': 18144, 'co2': 13267, 'no': 18145, 'no2': 18146, 'o3': 18147}, 'pm': {'pm1': 13221, 'pm10': 13223, 'pm25': 13222}}",1.92,5.48,11.65,5.31,8.07,5.81,732767914,65.4,MOD-00620,18.7,2026-07-18T10:24:00,2026-07-18T03:24:00,https://api.quant-aq.com/v1/devices/MOD-00620/data/732767708
258.17,623.03,"{'lat': None, 'lon': None}","{'rh': 65.3, 'temp': 18.7, 'wd': 0.0, 'ws': 0.0, 'ws_scalar': 0.0}","{'gas': {'co': 18144, 'co2': 13267, 'no': 18145, 'no2': 18146, 'o3': 18147}, 'pm': {'pm1': 13221, 'pm10': 13223, 'pm25': 13222}}",2.4,4.96,12.61,5.51,6.71,5.97,732767915,65.3,MOD-00620,18.7,2026-07-18T10:23:00,2026-07-18T03:23:00,https://api.quant-aq.com/v1/devices/MOD-00620/data/732767709
257.61,624.6,"{'lat': None, 'lon': None}","{'rh': 66.1, 'temp': 18.7, 'wd': 0.0, 'ws': 0.0, 'ws_scalar': 0.0}","{'gas': {'co': 18144, 'co2': 13267, 'no': 18145, 'no2': 18146, 'o3': 18147}, 'pm': {'pm1': 13221, 'pm10': 13223, 'pm25': 13222}}",1.76,6.11,10.65,5.31,11.36,5.77,732765754,66.1,MOD-00620,18.7,2026-07-18T10:22:00,2026-07-18T03:22:00,https://api.quant-aq.com/v1/devices/MOD-00620/data/732765548
259.33,621.95,"{'lat': None, 'lon': None}","{'rh': 65.4, 'temp': 18.7, 'wd': 0.0, 'ws': 0.0, 'ws_scalar': 0.0}","{'gas': {'co': 18144, 'co2': 13267, 'no': 18145, 'no2': 18146, 'o3': 18147}, 'pm': {'pm1': 13221, 'pm10': 13223, 'pm25': 13222}}",1.79,5.79,11.41,4.92,5.76,5.46,732765755,65.4,MOD-00620,18.7,2026-07-18T10:21:00,2026-07-18T03:21:00,https://api.quant-aq.com/v1/devices/MOD-00620/data/732765550
258.79,619.42,"{'lat': None, 'lon': None}","{'rh': 65.0, 'temp': 18.7, 'wd': 0.0, 'ws': 0.0, 'ws_scalar': 0.0}","{'gas': {'co': 18144, 'co2': 13267, 'no': 18145, 'no2': 18146, 'o3': 18147}, 'pm': {'pm1': 13221, 'pm10': 13223, 'pm25': 13222}}",2.01,5.5,12.14,5.35,15.43,5.91,732765753,65.0,MOD-00620,18.7,2026-07-18T10:20:00,2026-07-18T03:20:00,https://api.quant-aq.com/v1/devices/MOD-00620/data/732765547
252.98,621.34,"{'lat': None, 'lon': None}","{'rh': 65.1, 'temp': 18.7, 'wd': 0.0, 'ws': 0.0, 'ws_scalar': 0.0}","{'gas': {'co': 18144, 'co2': 13267, 'no': 18145, 'no2': 18146, 'o3': 18147}, 'pm': {'pm1': 13221, 'pm10': 13223, 'pm25': 13222}}",2.21,5.35,12.26,5.19,11.94,5.68,732765756,65.1,MOD-00620,18.7,2026-07-18T10:19:00,2026-07-18T03:19:00,https://api.quant-aq.com/v1/devices/MOD-00620/data/732765549
249.63,610.26,"{'lat': None, 'lon': None}","{'rh': 65.2, 'temp': 18.7, 'wd': 0.0, 'ws': 0.0, 'ws_scalar': 0.0}","{'gas': {'co': 18144, 'co2': 13267, 'no': 18145, 'no2': 18146, 'o3': 18147}, 'pm': {'pm1': 13221, 'pm10': 13223, 'pm25': 13222}}",1.66,5.49,13.04,5.28,6.82,5.66,732763568,65.2,MOD-00620,18.7,2026-07-18T10:18:00,2026-07-18T03:18:00,https://api.quant-aq.com/v1/devices/MOD-00620/data/732763362
248.13,616.29,"{'lat': None, 'lon': None}","{'rh': 65.0, 'temp': 18.7, 'wd': 0.0, 'ws': 0.0, 'ws_scalar': 0.0}","{'gas': {'co': 18144, 'co2': 13267, 'no': 18145, 'no2': 18146, 'o3': 18147}, 'pm': {'pm1': 13221, 'pm10': 13223, 'pm25': 13222}}",2.01,5.5,12.14,5.43,10.01,5.84,732763570,65.0,MOD-00620,18.7,2026-07-18T10:17:00,2026-07-18T03:17:00,https://api.quant-aq.com/v1/devices/MOD-00620/data/732763364
251.76,613.03,"{'lat': None, 'lon': None}","{'rh': 64.5, 'temp': 18.7, 'wd': 0.0, 'ws': 0.0, 'ws_scalar': 0.0}","{'gas': {'co': 18144, 'co2': 13267, 'no': 18145, 'no2': 18146, 'o3': 18147}, 'pm': {'pm1': 13221, 'pm10': 13223, 'pm25': 13222}}",1.82,5.39,13.67,5.02,6.27,5.56,732763569,64.5,MOD-00620,18.7,2026-07-18T10:16:00,2026-07-18T03:16:00,https://api.quant-aq.com/v1/devices/MOD-00620/data/732763363
253.06,614.36,"{'lat': None, 'lon': None}","{'rh': 64.4, 'temp': 18.7, 'wd': 0.0, 'ws': 0.0, 'ws_scalar': 0.0}","{'gas': {'co': 18144, 'co2': 13267, 'no': 18145, 'no2': 18146, 'o3': 18147}, 'pm': {'pm1': 13221, 'pm10': 13223, 'pm25': 13222}}",2.3,4.91,12.8,4.66,9.26,5.26,732763571,64.4,MOD-00620,18.7,2026-07-18T10:15:00,2026-07-18T03:15:00,https://api.quant-aq.com/v1/devices/MOD-00620/data/732763365
245.6,613.64,"{'lat': None, 'lon': None}","{'rh': 65.1, 'temp': 18.7, 'wd': 0.0, 'ws': 0.0, 'ws_scalar': 0.0}","{'gas': {'co': 18144, 'co2': 13267, 'no': 18145, 'no2': 18146, 'o3': 18147}, 'pm': {'pm1': 13221, 'pm10': 13223, 'pm25': 13222}}",1.87,5.81,11.89,4.54,6.54,5.02,732761370,65.1,MOD-00620,18.7,2026-07-18T10:14:00,2026-07-18T03:14:00,https://api.quant-aq.com/v1/devices/MOD-00620/data/732761164
247.59,613.88,"{'lat': None, 'lon': None}","{'rh': 64.6, 'temp': 18.7, 'wd': 0.0, 'ws': 0.0, 'ws_scalar': 0.0}","{'gas': {'co': 18144, 'co2': 13267, 'no': 18145, 'no2': 18146, 'o3': 18147}, 'pm': {'pm1': 13221, 'pm10': 13223, 'pm25': 13222}}",1.96,5.25,12.87,4.49,7.29,5.08,732761369,64.6,MOD-00620,18.7,2026-07-18T10:13:00,2026-07-18T03:13:00,https://api.quant-aq.com/v1/devices/MOD-00620/data/732761162
244.59,610.87,"{'lat': None, 'lon': None}","{'rh': 64.2, 'temp': 18.7, 'wd': 0.0, 'ws': 0.0, 'ws_scalar': 0.0}","{'gas': {'co': 18144, 'co2': 13267, 'no': 18145, 'no2': 18146, 'o3': 18147}, 'pm': {'pm1': 13221, 'pm10': 13223, 'pm25': 13222}}",1.97,4.92,14.18,4.88,9.05,5.46,732761371,64.2,MOD-00620,18.7,2026-07-18T10:12:00,2026-07-18T03:12:00,https://api.quant-aq.com/v1/devices/MOD-00620/data/732761165
251.35,613.88,"{'lat': None, 'lon': None}","{'rh': 64.5, 'temp': 18.7, 'wd': 0.0, 'ws': 0.0, 'ws_scalar': 0.0}","{'gas': {'co': 18144, 'co2': 13267, 'no': 18145, 'no2': 18146, 'o3': 18147}, 'pm': {'pm1': 13221, 'pm10': 13223, 'pm25': 13222}}",2.37,4.8,13.37,5.23,5.91,5.54,732761368,64.5,MOD-00620,18.7,2026-07-18T10:11:00,2026-07-18T03:11:00,https://api.quant-aq.com/v1/devices/MOD-00620/data/732761163
256.36,614.84,"{'lat': None, 'lon': None}","{'rh': 64.8, 'temp': 18.6, 'wd': 0.0, 'ws': 0.0, 'ws_scalar': 0.0}","{'gas': {'co': 18144, 'co2': 13267, 'no': 18145, 'no2': 18146, 'o3': 18147}, 'pm': {'pm1': 13221, 'pm10': 13223, 'pm25': 13222}}",2.1,5.22,11.96,4.76,9.02,5.14,732759160,64.8,MOD-00620,18.6,2026-07-18T10:10:00,2026-07-18T03:10:00,https://api.quant-aq.com/v1/devices/MOD-00620/data/732758953
256.15,619.9,"{'lat': None, 'lon': None}","{'rh': 65.1, 'temp': 18.6, 'wd': 0.0, 'ws': 0.0, 'ws_scalar': 0.0}","{'gas': {'co': 18144, 'co2': 13267, 'no': 18145, 'no2': 18146, 'o3': 18147}, 'pm': {'pm1': 13221, 'pm10': 13223, 'pm25': 13222}}",2.02,5.21,12.85,5.01,7.66,5.35,732759161,65.1,MOD-00620,18.6,2026-07-18T10:09:00,2026-07-18T03:09:00,https://api.quant-aq.com/v1/devices/MOD-00620/data/732758955
255.44,617.13,"{'lat': None, 'lon': None}","{'rh': 65.1, 'temp': 18.7, 'wd': 0.0, 'ws': 0.0, 'ws_scalar': 0.0}","{'gas': {'co': 18144, 'co2': 13267, 'no': 18145, 'no2': 18146, 'o3': 18147}, 'pm': {'pm1': 13221, 'pm10': 13223, 'pm25': 13222}}",1.73,5.09,11.59,5.14,6.21,5.5,732759159,65.1,MOD-00620,18.7,2026-07-18T10:08:00,2026-07-18T03:08:00,https://api.quant-aq.com/v1/devices/MOD-00620/data/732758954
257.52,612.79,"{'lat': None, 'lon': None}","{'rh': 64.9, 'temp': 18.6, 'wd': 0.0, 'ws': 0.0, 'ws_scalar': 0.0}","{'gas': {'co': 18144, 'co2': 13267, 'no': 18145, 'no2': 18146, 'o3': 18147}, 'pm': {'pm1': 13221, 'pm10': 13223, 'pm25': 13222}}",1.96,5.22,13.32,5.22,8.22,5.69,732759158,64.9,MOD-00620,18.6,2026-07-18T10:07:00,2026-07-18T03:07:00,https://api.quant-aq.com/v1/devices/MOD-00620/data/732758952
262.24,615.92,"{'lat': None, 'lon': None}","{'rh': 64.6, 'temp': 18.6, 'wd': 0.0, 'ws': 0.0, 'ws_scalar': 0.0}","{'gas': {'co': 18144, 'co2': 13267, 'no': 18145, 'no2': 18146, 'o3': 18147}, 'pm': {'pm1': 13221, 'pm10': 13223, 'pm25': 13222}}",2.24,4.88,13.71,5.52,7.27,5.92,732756984,64.6,MOD-00620,18.6,2026-07-18T10:06:00,2026-07-18T03:06:00,https://api.quant-aq.com/v1/devices/MOD-00620/data/732756778
272.88,622.43,"{'lat': None, 'lon': None}","{'rh': 65.8, 'temp': 18.6, 'wd': 0.0, 'ws': 0.0, 'ws_scalar': 0.0}","{'gas': {'co': 18144, 'co2': 13267, 'no': 18145, 'no2': 18146, 'o3': 18147}, 'pm': {'pm1': 13221, 'pm10': 13223, 'pm25': 13222}}",2.06,5.3,10.85,5.4,6.5,5.74,732756986,65.8,MOD-00620,18.6,2026-07-18T10:05:00,2026-07-18T03:05:00,https://api.quant-aq.com/v1/devices/MOD-00620/data/732756780
273.22,624.24,"{'lat': None, 'lon': None}","{'rh': 65.9, 'temp': 18.6, 'wd': 0.0, 'ws': 0.0, 'ws_scalar': 0.0}","{'gas': {'co': 18144, 'co2': 13267, 'no': 18145, 'no2': 18146, 'o3': 18147}, 'pm': {'pm1': 13221, 'pm10': 13223, 'pm25': 13222}}",1.72,5.76,10.47,6.05,7.79,6.4,732756983,65.9,MOD-00620,18.6,2026-07-18T10:04:00,2026-07-18T03:04:00,https://api.quant-aq.com/v1/devices/MOD-00620/data/732756777
265.92,619.42,"{'lat': None, 'lon': None}","{'rh': 65.2, 'temp': 18.6, 'wd': 0.0, 'ws': 0.0, 'ws_scalar': 0.0}","{'gas': {'co': 18144, 'co2': 13267, 'no': 18145, 'no2': 18146, 'o3': 18147}, 'pm': {'pm1': 13221, 'pm10': 13223, 'pm25': 13222}}",1.81,5.48,11.23,5.61,11.95,5.94,732756985,65.2,MOD-00620,18.6,2026-07-18T10:03:00,2026-07-18T03:03:00,https://api.quant-aq.com/v1/devices/MOD-00620/data/732756779
274.67,617.13,"{'lat': None, 'lon': None}","{'rh': 65.0, 'temp': 18.6, 'wd': 0.0, 'ws': 0.0, 'ws_scalar': 0.0}","{'gas': {'co': 18144, 'co2': 13267, 'no': 18145, 'no2': 18146, 'o3': 18147}, 'pm': {'pm1': 13221, 'pm10': 13223, 'pm25': 13222}}",2.09,5.21,12.4,5.57,12.61,5.91,732754802,65.0,MOD-00620,18.6,2026-07-18T10:02:00,2026-07-18T03:02:00,https://api.quant-aq.com/v1/devices/MOD-00620/data/732754596
274.73,620.62,"{'lat': None, 'lon': None}","{'rh': 65.5, 'temp': 18.6, 'wd': 0.0, 'ws': 0.0, 'ws_scalar': 0.0}","{'gas': {'co': 18144, 'co2': 13267, 'no': 18145, 'no2': 18146, 'o3': 18147}, 'pm': {'pm1': 13221, 'pm10': 13223, 'pm25': 13222}}",1.94,5.18,11.45,5.54,8.45,5.88,732754804,65.5,MOD-00620,18.6,2026-07-18T10:01:00,2026-07-18T03:01:00,https://api.quant-aq.com/v1/devices/MOD-00620/data/732754598
274.18,622.79,"{'lat': None, 'lon': None}","{'rh': 65.7, 'temp': 18.6, 'wd': 0.0, 'ws': 0.0, 'ws_scalar': 0.0}","{'gas': {'co': 18144, 'co2': 13267, 'no': 18145, 'no2': 18146, 'o3': 18147}, 'pm': {'pm1': 13221, 'pm10': 13223, 'pm25': 13222}}",1.86,5.6,11.52,5.06,9.13,5.46,732754803,65.7,MOD-00620,18.6,2026-07-18T10:00:00,2026-07-18T03:00:00,https://api.quant-aq.com/v1/devices/MOD-00620/data/732754597
278.49,625.92,"{'lat': None, 'lon': None}","{'rh': 65.4, 'temp': 18.6, 'wd': 0.0, 'ws': 0.0, 'ws_scalar': 0.0}","{'gas': {'co': 18144, 'co2': 13267, 'no': 18145, 'no2': 18146, 'o3': 18147}, 'pm': {'pm1': 13221, 'pm10': 13223, 'pm25': 13222}}",2.01,5.32,12.25,5.77,8.07,6.18,732754805,65.4,MOD-00620,18.6,2026-07-18T09:59:00,2026-07-18T02:59:00,https://api.quant-aq.com/v1/devices/MOD-00620/data/732754599
278.75,625.56,"{'lat': None, 'lon': None}","{'rh': 66.2, 'temp': 18.6, 'wd': 0.0, 'ws': 0.0, 'ws_scalar': 0.0}","{'gas': {'co': 18144, 'co2': 13267, 'no': 18145, 'no2': 18146, 'o3': 18147}, 'pm': {'pm1': 13221, 'pm10': 13223, 'pm25': 13222}}",2.18,5.14,11.4,6.04,6.47,6.42,732752398,66.2,MOD-00620,18.6,2026-07-18T09:58:00,2026-07-18T02:58:00,https://api.quant-aq.com/v1/devices/MOD-00620/data/732752192
278.2,627.73,"{'lat': None, 'lon': None}","{'rh': 66.4, 'temp': 18.6, 'wd': 0.0, 'ws': 0.0, 'ws_scalar': 0.0}","{'gas': {'co': 18144, 'co2': 13267, 'no': 18145, 'no2': 18146, 'o3': 18147}, 'pm': {'pm1': 13221, 'pm10': 13223, 'pm25': 13222}}",1.77,5.73,10.43,5.54,20.33,6.02,732752396,66.4,MOD-00620,18.6,2026-07-18T09:57:00,2026-07-18T02:57:00,https://api.quant-aq.com/v1/devices/MOD-00620/data/732752190
279.84,628.09,"{'lat': None, 'lon': None}","{'rh': 66.4, 'temp': 18.6, 'wd': 0.0, 'ws': 0.0, 'ws_scalar': 0.0}","{'gas': {'co': 18144, 'co2': 13267, 'no': 18145, 'no2': 18146, 'o3': 18147}, 'pm': {'pm1': 13221, 'pm10': 13223, 'pm25': 13222}}",1.83,5.56,10.1,5.67,13.57,6.05,732752395,66.4,MOD-00620,18.6,2026-07-18T09:56:00,2026-07-18T02:56:00,https://api.quant-aq.com/v1/devices/MOD-00620/data/732752189
283.6,626.28,"{'lat': None, 'lon': None}","{'rh': 66.3, 'temp': 18.6, 'wd': 0.0, 'ws': 0.0, 'ws_scalar': 0.0}","{'gas': {'co': 18144, 'co2': 13267, 'no': 18145, 'no2': 18146, 'o3': 18147}, 'pm': {'pm1': 13221, 'pm10': 13223, 'pm25': 13222}}",1.7,5.91,10.77,5.3,7.03,5.75,732752397,66.3,MOD-00620,18.6,2026-07-18T09:55:00,2026-07-18T02:55:00,https://api.quant-aq.com/v1/devices/MOD-00620/data/732752191
280.8,623.99,"{'lat': None, 'lon': None}","{'rh': 66.2, 'temp': 18.6, 'wd': 0.0, 'ws': 0.0, 'ws_scalar': 0.0}","{'gas': {'co': 18144, 'co2': 13267, 'no': 18145, 'no2': 18146, 'o3': 18147}, 'pm': {'pm1': 13221, 'pm10': 13223, 'pm25': 13222}}",1.71,5.74,10.45,5.66,7.76,6.09,732750208,66.2,MOD-00620,18.6,2026-07-18T09:54:00,2026-07-18T02:54:00,https://api.quant-aq.com/v1/devices/MOD-00620/data/732750003
278.07,624.36,"{'lat': None, 'lon': None}","{'rh': 66.0, 'temp': 18.6, 'wd': 0.0, 'ws': 0.0, 'ws_scalar': 0.0}","{'gas': {'co': 18144, 'co2': 13267, 'no': 18145, 'no2': 18146, 'o3': 18147}, 'pm': {'pm1': 13221, 'pm10': 13223, 'pm25': 13222}}",1.92,5.59,11.5,5.46,7.81,5.86,732750206,66.0,MOD-00620,18.6,2026-07-18T09:53:00,2026-07-18T02:53:00,https://api.quant-aq.com/v1/devices/MOD-00620/data/732750001
279.91,619.78,"{'lat': None, 'lon': None}","{'rh': 66.3, 'temp': 18.6, 'wd': 0.0, 'ws': 0.0, 'ws_scalar': 0.0}","{'gas': {'co': 18144, 'co2': 13267, 'no': 18145, 'no2': 18146, 'o3': 18147}, 'pm': {'pm1': 13221, 'pm10': 13223, 'pm25': 13222}}",1.77,5.91,10.32,5.94,8.42,6.41,732750207,66.3,MOD-00620,18.6,2026-07-18T09:52:00,2026-07-18T02:52:00,https://api.quant-aq.com/v1/devices/MOD-00620/data/732750000
279.37,624.72,"{'lat': None, 'lon': None}","{'rh': 65.9, 'temp': 18.6, 'wd': 0.0, 'ws': 0.0, 'ws_scalar': 0.0}","{'gas': {'co': 18144, 'co2': 13267, 'no': 18145, 'no2': 18146, 'o3': 18147}, 'pm': {'pm1': 13221, 'pm10': 13223, 'pm25': 13222}}",1.99,5.29,11.3,6.03,9.5,6.53,732750209,65.9,MOD-00620,18.6,2026-07-18T09:51:00,2026-07-18T02:51:00,https://api.quant-aq.com/v1/devices/MOD-00620/data/732750002
278.07,621.95,"{'lat': None, 'lon': None}","{'rh': 66.0, 'temp': 18.6, 'wd': 0.0, 'ws': 0.0, 'ws_scalar': 0.0}","{'gas': {'co': 18144, 'co2': 13267, 'no': 18145, 'no2': 18146, 'o3': 18147}, 'pm': {'pm1': 13221, 'pm10': 13223, 'pm25': 13222}}",1.71,5.59,11.5,6.26,15.87,6.8,732747997,66.0,MOD-00620,18.6,2026-07-18T09:50:00,2026-07-18T02:50:00,https://api.quant-aq.com/v1/devices/MOD-00620/data/732747791
277.25,621.22,"{'lat': None, 'lon': None}","{'rh': 66.0, 'temp': 18.6, 'wd': 0.0, 'ws': 0.0, 'ws_scalar': 0.0}","{'gas': {'co': 18144, 'co2': 13267, 'no': 18145, 'no2': 18146, 'o3': 18147}, 'pm': {'pm1': 13221, 'pm10': 13223, 'pm25': 13222}}",1.85,6.11,11.59,5.77,11.86,6.16,732747998,66.0,MOD-00620,18.6,2026-07-18T09:49:00,2026-07-18T02:49:00,https://api.quant-aq.com/v1/devices/MOD-00620/data/732747792
278.41,622.79,"{'lat': None, 'lon': None}","{'rh': 66.1, 'temp': 18.6, 'wd': 0.0, 'ws': 0.0, 'ws_scalar': 0.0}","{'gas': {'co': 18144, 'co2': 13267, 'no': 18145, 'no2': 18146, 'o3': 18147}, 'pm': {'pm1': 13221, 'pm10': 13223, 'pm25': 13222}}",1.91,5.58,12.4,5.77,7.99,6.27,732747999,66.1,MOD-00620,18.6,2026-07-18T09:48:00,2026-07-18T02:48:00,https://api.quant-aq.com/v1/devices/MOD-00620/data/732747793
268.77,620.02,"{'lat': None, 'lon': None}","{'rh': 66.4, 'temp': 18.6, 'wd': 0.0, 'ws': 0.0, 'ws_scalar': 0.0}","{'gas': {'co': 18144, 'co2': 13267, 'no': 18145, 'no2': 18146, 'o3': 18147}, 'pm': {'pm1': 13221, 'pm10': 13223, 'pm25': 13222}}",1.7,6.09,11.1,6.41,7.92,6.87,732748000,66.4,MOD-00620,18.6,2026-07-18T09:47:00,2026-07-18T02:47:00,https://api.quant-aq.com/v1/devices/MOD-00620/data/732747794
272.81,620.86,"{'lat': None, 'lon': None}","{'rh': 65.9, 'temp': 18.6, 'wd': 0.0, 'ws': 0.0, 'ws_scalar': 0.0}","{'gas': {'co': 18144, 'co2': 13267, 'no': 18145, 'no2': 18146, 'o3': 18147}, 'pm': {'pm1': 13221, 'pm10': 13223, 'pm25': 13222}}",1.79,5.76,11.38,6.11,7.53,6.61,732745828,65.9,MOD-00620,18.6,2026-07-18T09:46:00,2026-07-18T02:46:00,https://api.quant-aq.com/v1/devices/MOD-00620/data/732745621
271.99,622.55,"{'lat': None, 'lon': None}","{'rh': 65.9, 'temp': 18.6, 'wd': 0.0, 'ws': 0.0, 'ws_scalar': 0.0}","{'gas': {'co': 18144, 'co2': 13267, 'no': 18145, 'no2': 18146, 'o3': 18147}, 'pm': {'pm1': 13221, 'pm10': 13223, 'pm25': 13222}}",1.85,5.44,12.54,6.02,7.74,6.42,732745826,65.9,MOD-00620,18.6,2026-07-18T09:45:00,2026-07-18T02:45:00,https://api.quant-aq.com/v1/devices/MOD-00620/data/732745620
266.93,620.5,"{'lat': None, 'lon': None}","{'rh': 66.1, 'temp': 18.6, 'wd': 0.0, 'ws': 0.0, 'ws_scalar': 0.0}","{'gas': {'co': 18144, 'co2': 13267, 'no': 18145, 'no2': 18146, 'o3': 18147}, 'pm': {'pm1': 13221, 'pm10': 13223, 'pm25': 13222}}",1.64,5.58,12.86,5.61,10.01,6.14,732745827,66.1,MOD-00620,18.6,2026-07-18T09:44:00,2026-07-18T02:44:00,https://api.quant-aq.com/v1/devices/MOD-00620/data/732745622
272.4,616.77,"{'lat': None, 'lon': None}","{'rh': 65.9, 'temp': 18.6, 'wd': 0.0, 'ws': 0.0, 'ws_scalar': 0.0}","{'gas': {'co': 18144, 'co2': 13267, 'no': 18145, 'no2': 18146, 'o3': 18147}, 'pm': {'pm1': 13221, 'pm10': 13223, 'pm25': 13222}}",1.85,5.29,12.21,5.59,9.18,5.81,732745829,65.9,MOD-00620,18.6,2026-07-18T09:43:00,2026-07-18T02:43:00,https://api.quant-aq.com/v1/devices/MOD-00620/data/732745623
270.21,621.59,"{'lat': None, 'lon': None}","{'rh': 66.1, 'temp': 18.6, 'wd': 0.0, 'ws': 0.0, 'ws_scalar': 0.0}","{'gas': {'co': 18144, 'co2': 13267, 'no': 18145, 'no2': 18146, 'o3': 18147}, 'pm': {'pm1': 13221, 'pm10': 13223, 'pm25': 13222}}",1.85,5.74,11.37,5.54,11.57,5.86,732743614,66.1,MOD-00620,18.6,2026-07-18T09:42:00,2026-07-18T02:42:00,https://api.quant-aq.com/v1/devices/MOD-00620/data/732743408
270.69,620.86,"{'lat': None, 'lon': None}","{'rh': 66.0, 'temp': 18.6, 'wd': 0.0, 'ws': 0.0, 'ws_scalar': 0.0}","{'gas': {'co': 18144, 'co2': 13267, 'no': 18145, 'no2': 18146, 'o3': 18147}, 'pm': {'pm1': 13221, 'pm10': 13223, 'pm25': 13222}}",1.85,5.75,11.83,5.29,7.25,5.87,732743615,66.0,MOD-00620,18.6,2026-07-18T09:41:00,2026-07-18T02:41:00,https://api.quant-aq.com/v1/devices/MOD-00620/data/732743409
270.48,620.14,"{'lat': None, 'lon': None}","{'rh': 66.3, 'temp': 18.6, 'wd': 0.0, 'ws': 0.0, 'ws_scalar': 0.0}","{'gas': {'co': 18144, 'co2': 13267, 'no': 18145, 'no2': 18146, 'o3': 18147}, 'pm': {'pm1': 13221, 'pm10': 13223, 'pm25': 13222}}",1.91,6.29,11.44,5.54,16.17,6.0,732743613,66.3,MOD-00620,18.6,2026-07-18T09:40:00,2026-07-18T02:40:00,https://api.quant-aq.com/v1/devices/MOD-00620/data/732743407
273.97,622.07,"{'lat': None, 'lon': None}","{'rh': 66.0, 'temp': 18.6, 'wd': 0.0, 'ws': 0.0, 'ws_scalar': 0.0}","{'gas': {'co': 18144, 'co2': 13267, 'no': 18145, 'no2': 18146, 'o3': 18147}, 'pm': {'pm1': 13221, 'pm10': 13223, 'pm25': 13222}}",1.58,5.59,11.95,5.44,6.37,5.9,732743616,66.0,MOD-00620,18.6,2026-07-18T09:39:00,2026-07-18T02:39:00,https://api.quant-aq.com/v1/devices/MOD-00620/data/732743410
269.05,619.78,"{'lat': None, 'lon': None}","{'rh': 66.0, 'temp': 18.6, 'wd': 0.0, 'ws': 0.0, 'ws_scalar': 0.0}","{'gas': {'co': 18144, 'co2': 13267, 'no': 18145, 'no2': 18146, 'o3': 18147}, 'pm': {'pm1': 13221, 'pm10': 13223, 'pm25': 13222}}",1.78,5.43,12.99,6.21,9.3,6.65,732741440,66.0,MOD-00620,18.6,2026-07-18T09:38:00,2026-07-18T02:38:00,https://api.quant-aq.com/v1/devices/MOD-00620/data/732741235
267.38,625.92,"{'lat': None, 'lon': None}","{'rh': 67.2, 'temp': 18.6, 'wd': 0.0, 'ws': 0.0, 'ws_scalar': 0.0}","{'gas': {'co': 18144, 'co2': 13267, 'no': 18145, 'no2': 18146, 'o3': 18147}, 'pm': {'pm1': 13221, 'pm10': 13223, 'pm25': 13222}}",1.87,6.04,11.5,6.08,11.49,6.52,732741442,67.2,MOD-00620,18.6,2026-07-18T09:37:00,2026-07-18T02:37:00,https://api.quant-aq.com/v1/devices/MOD-00620/data/732741237
270.89,622.07,"{'lat': None, 'lon': None}","{'rh': 66.3, 'temp': 18.6, 'wd': 0.0, 'ws': 0.0, 'ws_scalar': 0.0}","{'gas': {'co': 18144, 'co2': 13267, 'no': 18145, 'no2': 18146, 'o3': 18147}, 'pm': {'pm1': 13221, 'pm10': 13223, 'pm25': 13222}}",1.57,5.57,12.39,6.09,14.02,6.53,732741441,66.3,MOD-00620,18.6,2026-07-18T09:36:00,2026-07-18T02:36:00,https://api.quant-aq.com/v1/devices/MOD-00620/data/732741236
273.76,624.72,"{'lat': None, 'lon': None}","{'rh': 66.3, 'temp': 18.6, 'wd': 0.0, 'ws': 0.0, 'ws_scalar': 0.0}","{'gas': {'co': 18144, 'co2': 13267, 'no': 18145, 'no2': 18146, 'o3': 18147}, 'pm': {'pm1': 13221, 'pm10': 13223, 'pm25': 13222}}",1.84,5.57,12.84,6.1,8.22,6.52,732741443,66.3,MOD-00620,18.6,2026-07-18T09:35:00,2026-07-18T02:35:00,https://api.quant-aq.com/v1/devices/MOD-00620/data/732741234
288.44,622.55,"{'lat': None, 'lon': None}","{'rh': 67.0, 'temp': 18.6, 'wd': 0.0, 'ws': 0.0, 'ws_scalar': 0.0}","{'gas': {'co': 18144, 'co2': 13267, 'no': 18145, 'no2': 18146, 'o3': 18147}, 'pm': {'pm1': 13221, 'pm10': 13223, 'pm25': 13222}}",2.29,5.69,11.3,5.5,10.96,5.83,732739189,67.0,MOD-00620,18.6,2026-07-18T09:34:00,2026-07-18T02:34:00,https://api.quant-aq.com/v1/devices/MOD-00620/data/732738984
278.87,624.48,"{'lat': None, 'lon': None}","{'rh': 67.2, 'temp': 18.6, 'wd': 0.0, 'ws': 0.0, 'ws_scalar': 0.0}","{'gas': {'co': 18144, 'co2': 13267, 'no': 18145, 'no2': 18146, 'o3': 18147}, 'pm': {'pm1': 13221, 'pm10': 13223, 'pm25': 13222}}",1.46,7.16,10.88,5.94,8.02,6.44,732739186,67.2,MOD-00620,18.6,2026-07-18T09:33:00,2026-07-18T02:33:00,https://api.quant-aq.com/v1/devices/MOD-00620/data/732738979
275.81,620.02,"{'lat': None, 'lon': None}","{'rh': 66.3, 'temp': 18.6, 'wd': 0.0, 'ws': 0.0, 'ws_scalar': 0.0}","{'gas': {'co': 18144, 'co2': 13267, 'no': 18145, 'no2': 18146, 'o3': 18147}, 'pm': {'pm1': 13221, 'pm10': 13223, 'pm25': 13222}}",1.84,6.5,10.86,5.55,8.17,5.97,732739187,66.3,MOD-00620,18.6,2026-07-18T09:32:00,2026-07-18T02:32:00,https://api.quant-aq.com/v1/devices/MOD-00620/data/732738981
269.94,619.42,"{'lat': None, 'lon': None}","{'rh': 65.9, 'temp': 18.6, 'wd': 0.0, 'ws': 0.0, 'ws_scalar': 0.0}","{'gas': {'co': 18144, 'co2': 13267, 'no': 18145, 'no2': 18146, 'o3': 18147}, 'pm': {'pm1': 13221, 'pm10': 13223, 'pm25': 13222}}",1.85,5.93,11.72,5.74,21.68,6.33,732739184,65.9,MOD-00620,18.6,2026-07-18T09:31:00,2026-07-18T02:31:00,https://api.quant-aq.com/v1/devices/MOD-00620/data/732738980
268.03,615.68,"{'lat': None, 'lon': None}","{'rh': 65.7, 'temp': 18.6, 'wd': 0.0, 'ws': 0.0, 'ws_scalar': 0.0}","{'gas': {'co': 18144, 'co2': 13267, 'no': 18145, 'no2': 18146, 'o3': 18147}, 'pm': {'pm1': 13221, 'pm10': 13223, 'pm25': 13222}}",1.79,5.77,12.77,5.34,11.68,5.72,732736847,65.7,MOD-00620,18.6,2026-07-18T09:30:00,2026-07-18T02:30:00,https://api.quant-aq.com/v1/devices/MOD-00620/data/732736641
264.34,617.97,"{'lat': None, 'lon': None}","{'rh': 65.7, 'temp': 18.6, 'wd': 0.0, 'ws': 0.0, 'ws_scalar': 0.0}","{'gas': {'co': 18144, 'co2': 13267, 'no': 18145, 'no2': 18146, 'o3': 18147}, 'pm': {'pm1': 13221, 'pm10': 13223, 'pm25': 13222}}",1.79,5.45,12.56,6.18,7.91,6.76,732736849,65.7,MOD-00620,18.6,2026-07-18T09:29:00,2026-07-18T02:29:00,https://api.quant-aq.com/v1/devices/MOD-00620/data/732736643
265.91,617.73,"{'lat': None, 'lon': None}","{'rh': 65.8, 'temp': 18.6, 'wd': 0.0, 'ws': 0.0, 'ws_scalar': 0.0}","{'gas': {'co': 18144, 'co2': 13267, 'no': 18145, 'no2': 18146, 'o3': 18147}, 'pm': {'pm1': 13221, 'pm10': 13223, 'pm25': 13222}}",1.93,5.76,12.76,5.28,6.88,5.67,732736848,65.8,MOD-00620,18.6,2026-07-18T09:28:00,2026-07-18T02:28:00,https://api.quant-aq.com/v1/devices/MOD-00620/data/732736642
267.48,618.33,"{'lat': None, 'lon': None}","{'rh': 65.9, 'temp': 18.6, 'wd': 0.0, 'ws': 0.0, 'ws_scalar': 0.0}","{'gas': {'co': 18144, 'co2': 13267, 'no': 18145, 'no2': 18146, 'o3': 18147}, 'pm': {'pm1': 13221, 'pm10': 13223, 'pm25': 13222}}",1.79,5.76,12.75,5.89,13.79,6.24,732736846,65.9,MOD-00620,18.6,2026-07-18T09:27:00,2026-07-18T02:27:00,https://api.quant-aq.com/v1/devices/MOD-00620/data/732736640
266.73,615.92,"{'lat': None, 'lon': None}","{'rh': 65.8, 'temp': 18.6, 'wd': 0.0, 'ws': 0.0, 'ws_scalar': 0.0}","{'gas': {'co': 18144, 'co2': 13267, 'no': 18145, 'no2': 18146, 'o3': 18147}, 'pm': {'pm1': 13221, 'pm10': 13223, 'pm25': 13222}}",1.72,5.76,12.76,5.4,13.73,6.05,732734342,65.8,MOD-00620,18.6,2026-07-18T09:26:00,2026-07-18T02:26:00,https://api.quant-aq.com/v1/devices/MOD-00620/data/732734136
264.54,617.61,"{'lat': None, 'lon': None}","{'rh': 66.0, 'temp': 18.6, 'wd': 0.0, 'ws': 0.0, 'ws_scalar': 0.0}","{'gas': {'co': 18144, 'co2': 13267, 'no': 18145, 'no2': 18146, 'o3': 18147}, 'pm': {'pm1': 13221, 'pm10': 13223, 'pm25': 13222}}",1.78,5.43,12.08,5.67,16.23,6.11,732734343,66.0,MOD-00620,18.6,2026-07-18T09:25:00,2026-07-18T02:25:00,https://api.quant-aq.com/v1/devices/MOD-00620/data/732734137
262.15,616.65,"{'lat': None, 'lon': None}","{'rh': 65.9, 'temp': 18.6, 'wd': 0.0, 'ws': 0.0, 'ws_scalar': 0.0}","{'gas': {'co': 18144, 'co2': 13267, 'no': 18145, 'no2': 18146, 'o3': 18147}, 'pm': {'pm1': 13221, 'pm10': 13223, 'pm25': 13222}}",1.72,5.59,12.42,5.98,8.49,6.42,732734341,65.9,MOD-00620,18.6,2026-07-18T09:24:00,2026-07-18T02:24:00,https://api.quant-aq.com/v1/devices/MOD-00620/data/732734135
261.74,617.25,"{'lat': None, 'lon': None}","{'rh': 65.9, 'temp': 18.6, 'wd': 0.0, 'ws': 0.0, 'ws_scalar': 0.0}","{'gas': {'co': 18144, 'co2': 13267, 'no': 18145, 'no2': 18146, 'o3': 18147}, 'pm': {'pm1': 13221, 'pm10': 13223, 'pm25': 13222}}",1.65,5.59,13.33,6.2,7.64,6.65,732734340,65.9,MOD-00620,18.6,2026-07-18T09:23:00,2026-07-18T02:23:00,https://api.quant-aq.com/v1/devices/MOD-00620/data/732734134
267.89,611.95,"{'lat': None, 'lon': None}","{'rh': 65.9, 'temp': 18.6, 'wd': 0.0, 'ws': 0.0, 'ws_scalar': 0.0}","{'gas': {'co': 18144, 'co2': 13267, 'no': 18145, 'no2': 18146, 'o3': 18147}, 'pm': {'pm1': 13221, 'pm10': 13223, 'pm25': 13222}}",1.85,5.93,12.63,5.62,7.01,6.15,732732012,65.9,MOD-00620,18.6,2026-07-18T09:22:00,2026-07-18T02:22:00,https://api.quant-aq.com/v1/devices/MOD-00620/data/732731806
261.81,620.74,"{'lat': None, 'lon': None}","{'rh': 65.8, 'temp': 18.6, 'wd': 0.0, 'ws': 0.0, 'ws_scalar': 0.0}","{'gas': {'co': 18144, 'co2': 13267, 'no': 18145, 'no2': 18146, 'o3': 18147}, 'pm': {'pm1': 13221, 'pm10': 13223, 'pm25': 13222}}",1.72,5.6,12.43,5.69,7.24,6.09,732732010,65.8,MOD-00620,18.6,2026-07-18T09:21:00,2026-07-18T02:21:00,https://api.quant-aq.com/v1/devices/MOD-00620/data/732731804
263.04,616.89,"{'lat': None, 'lon': None}","{'rh': 65.8, 'temp': 18.6, 'wd': 0.0, 'ws': 0.0, 'ws_scalar': 0.0}","{'gas': {'co': 18144, 'co2': 13267, 'no': 18145, 'no2': 18146, 'o3': 18147}, 'pm': {'pm1': 13221, 'pm10': 13223, 'pm25': 13222}}",1.93,5.76,12.76,5.76,13.54,6.29,732732011,65.8,MOD-00620,18.6,2026-07-18T09:20:00,2026-07-18T02:20:00,https://api.quant-aq.com/v1/devices/MOD-00620/data/732731805
257.64,617.13,"{'lat': None, 'lon': None}","{'rh': 65.9, 'temp': 18.6, 'wd': 0.0, 'ws': 0.0, 'ws_scalar': 0.0}","{'gas': {'co': 18144, 'co2': 13267, 'no': 18145, 'no2': 18146, 'o3': 18147}, 'pm': {'pm1': 13221, 'pm10': 13223, 'pm25': 13222}}",1.72,5.44,13.0,5.4,11.04,5.82,732732009,65.9,MOD-00620,18.6,2026-07-18T09:19:00,2026-07-18T02:19:00,https://api.quant-aq.com/v1/devices/MOD-00620/data/732731803
261.67,617.97,"{'lat': None, 'lon': None}","{'rh': 66.0, 'temp': 18.6, 'wd': 0.0, 'ws': 0.0, 'ws_scalar': 0.0}","{'gas': {'co': 18144, 'co2': 13267, 'no': 18145, 'no2': 18146, 'o3': 18147}, 'pm': {'pm1': 13221, 'pm10': 13223, 'pm25': 13222}}",1.99,5.75,12.74,5.63,6.93,6.07,732729672,66.0,MOD-00620,18.6,2026-07-18T09:18:00,2026-07-18T02:18:00,https://api.quant-aq.com/v1/devices/MOD-00620/data/732729466
258.99,612.31,"{'lat': None, 'lon': None}","{'rh': 66.3, 'temp': 18.6, 'wd': 0.0, 'ws': 0.0, 'ws_scalar': 0.0}","{'gas': {'co': 18144, 'co2': 13267, 'no': 18145, 'no2': 18146, 'o3': 18147}, 'pm': {'pm1': 13221, 'pm10': 13223, 'pm25': 13222}}",1.5,6.09,11.56,5.23,9.35,5.66,732729669,66.3,MOD-00620,18.6,2026-07-18T09:17:00,2026-07-18T02:17:00,https://api.quant-aq.com/v1/devices/MOD-00620/data/732729464
258.94,616.53,"{'lat': None, 'lon': None}","{'rh': 65.8, 'temp': 18.6, 'wd': 0.0, 'ws': 0.0, 'ws_scalar': 0.0}","{'gas': {'co': 18144, 'co2': 13267, 'no': 18145, 'no2': 18146, 'o3': 18147}, 'pm': {'pm1': 13221, 'pm10': 13223, 'pm25': 13222}}",1.99,5.3,14.95,6.08,8.57,6.55,732729668,65.8,MOD-00620,18.6,2026-07-18T09:16:00,2026-07-18T02:16:00,https://api.quant-aq.com/v1/devices/MOD-00620/data/732729463
256.6,618.94,"{'lat': None, 'lon': None}","{'rh': 66.2, 'temp': 18.6, 'wd': 0.0, 'ws': 0.0, 'ws_scalar': 0.0}","{'gas': {'co': 18144, 'co2': 13267, 'no': 18145, 'no2': 18146, 'o3': 18147}, 'pm': {'pm1': 13221, 'pm10': 13223, 'pm25': 13222}}",1.77,5.57,13.31,5.57,8.89,6.02,732729673,66.2,MOD-00620,18.6,2026-07-18T09:15:00,2026-07-18T02:15:00,https://api.quant-aq.com/v1/devices/MOD-00620/data/732729468
264.4,616.65,"{'lat': None, 'lon': None}","{'rh': 66.2, 'temp': 18.6, 'wd': 0.0, 'ws': 0.0, 'ws_scalar': 0.0}","{'gas': {'co': 18144, 'co2': 13267, 'no': 18145, 'no2': 18146, 'o3': 18147}, 'pm': {'pm1': 13221, 'pm10': 13223, 'pm25': 13222}}",1.98,5.28,12.64,5.78,10.5,6.42,732727065,66.2,MOD-00620,18.6,2026-07-18T09:14:00,2026-07-18T02:14:00,https://api.quant-aq.com/v1/devices/MOD-00620/data/732726858
261.05,618.57,"{'lat': None, 'lon': None}","{'rh': 66.3, 'temp': 18.6, 'wd': 0.0, 'ws': 0.0, 'ws_scalar': 0.0}","{'gas': {'co': 18144, 'co2': 13267, 'no': 18145, 'no2': 18146, 'o3': 18147}, 'pm': {'pm1': 13221, 'pm10': 13223, 'pm25': 13222}}",1.63,5.73,13.63,5.56,8.64,6.12,732727062,66.3,MOD-00620,18.6,2026-07-18T09:13:00,2026-07-18T02:13:00,https://api.quant-aq.com/v1/devices/MOD-00620/data/732726857
261.31,618.21,"{'lat': None, 'lon': None}","{'rh': 66.5, 'temp': 18.6, 'wd': 0.0, 'ws': 0.0, 'ws_scalar': 0.0}","{'gas': {'co': 18144, 'co2': 13267, 'no': 18145, 'no2': 18146, 'o3': 18147}, 'pm': {'pm1': 13221, 'pm10': 13223, 'pm25': 13222}}",1.63,5.89,12.13,5.01,15.88,5.67,732727063,66.5,MOD-00620,18.6,2026-07-18T09:12:00,2026-07-18T02:12:00,https://api.quant-aq.com/v1/devices/MOD-00620/data/732726859
262.56,617.97,"{'lat': None, 'lon': None}","{'rh': 65.9, 'temp': 18.6, 'wd': 0.0, 'ws': 0.0, 'ws_scalar': 0.0}","{'gas': {'co': 18144, 'co2': 13267, 'no': 18145, 'no2': 18146, 'o3': 18147}, 'pm': {'pm1': 13221, 'pm10': 13223, 'pm25': 13222}}",1.99,5.59,12.42,5.37,13.41,5.99,732727061,65.9,MOD-00620,18.6,2026-07-18T09:11:00,2026-07-18T02:11:00,https://api.quant-aq.com/v1/devices/MOD-00620/data/732726855
266.93,617.49,"{'lat': None, 'lon': None}","{'rh': 66.1, 'temp': 18.6, 'wd': 0.0, 'ws': 0.0, 'ws_scalar': 0.0}","{'gas': {'co': 18144, 'co2': 13267, 'no': 18145, 'no2': 18146, 'o3': 18147}, 'pm': {'pm1': 13221, 'pm10': 13223, 'pm25': 13222}}",1.44,5.92,12.61,5.46,9.76,5.9,732724830,66.1,MOD-00620,18.6,2026-07-18T09:10:00,2026-07-18T02:10:00,https://api.quant-aq.com/v1/devices/MOD-00620/data/732724622
273.83,618.45,"{'lat': None, 'lon': None}","{'rh': 66.2, 'temp': 18.6, 'wd': 0.0, 'ws': 0.0, 'ws_scalar': 0.0}","{'gas': {'co': 18144, 'co2': 13267, 'no': 18145, 'no2': 18146, 'o3': 18147}, 'pm': {'pm1': 13221, 'pm10': 13223, 'pm25': 13222}}",1.84,5.74,12.73,5.82,18.3,6.32,732724828,66.2,MOD-00620,18.6,2026-07-18T09:09:00,2026-07-18T02:09:00,https://api.quant-aq.com/v1/devices/MOD-00620/data/732724623
274.24,618.45,"{'lat': None, 'lon': None}","{'rh': 66.2, 'temp': 18.6, 'wd': 0.0, 'ws': 0.0, 'ws_scalar': 0.0}","{'gas': {'co': 18144, 'co2': 13267, 'no': 18145, 'no2': 18146, 'o3': 18147}, 'pm': {'pm1': 13221, 'pm10': 13223, 'pm25': 13222}}",1.77,5.74,12.73,5.23,13.7,5.74,732724831,66.2,MOD-00620,18.6,2026-07-18T09:08:00,2026-07-18T02:08:00,https://api.quant-aq.com/v1/devices/MOD-00620/data/732724625
281.27,618.21,"{'lat': None, 'lon': None}","{'rh': 66.7, 'temp': 18.6, 'wd': 0.0, 'ws': 0.0, 'ws_scalar': 0.0}","{'gas': {'co': 18144, 'co2': 13267, 'no': 18145, 'no2': 18146, 'o3': 18147}, 'pm': {'pm1': 13221, 'pm10': 13223, 'pm25': 13222}}",1.75,6.07,12.45,5.39,7.93,6.0,732724829,66.7,MOD-00620,18.6,2026-07-18T09:07:00,2026-07-18T02:07:00,https://api.quant-aq.com/v1/devices/MOD-00620/data/732724624
280.57,615.32,"{'lat': None, 'lon': None}","{'rh': 66.1, 'temp': 18.7, 'wd': 0.0, 'ws': 0.0, 'ws_scalar': 0.0}","{'gas': {'co': 18144, 'co2': 13267, 'no': 18145, 'no2': 18146, 'o3': 18147}, 'pm': {'pm1': 13221, 'pm10': 13223, 'pm25': 13222}}",1.9,5.44,13.43,5.87,7.79,6.49,732722675,66.1,MOD-00620,18.7,2026-07-18T09:06:00,2026-07-18T02:06:00,https://api.quant-aq.com/v1/devices/MOD-00620/data/732722469
279.27,619.3,"{'lat': None, 'lon': None}","{'rh': 66.2, 'temp': 18.7, 'wd': 0.0, 'ws': 0.0, 'ws_scalar': 0.0}","{'gas': {'co': 18144, 'co2': 13267, 'no': 18145, 'no2': 18146, 'o3': 18147}, 'pm': {'pm1': 13221, 'pm10': 13223, 'pm25': 13222}}",1.55,6.3,12.8,5.68,17.98,6.22,732722674,66.2,MOD-00620,18.7,2026-07-18T09:05:00,2026-07-18T02:05:00,https://api.quant-aq.com/v1/devices/MOD-00620/data/732722467
281.94,615.2,"{'lat': None, 'lon': None}","{'rh': 65.9, 'temp': 18.7, 'wd': 0.0, 'ws': 0.0, 'ws_scalar': 0.0}","{'gas': {'co': 18144, 'co2': 13267, 'no': 18145, 'no2': 18146, 'o3': 18147}, 'pm': {'pm1': 13221, 'pm10': 13223, 'pm25': 13222}}",1.84,5.45,12.99,5.39,10.92,5.82,732722673,65.9,MOD-00620,18.7,2026-07-18T09:04:00,2026-07-18T02:04:00,https://api.quant-aq.com/v1/devices/MOD-00620/data/732722468
277.36,614.36,"{'lat': None, 'lon': None}","{'rh': 66.0, 'temp': 18.7, 'wd': 0.0, 'ws': 0.0, 'ws_scalar': 0.0}","{'gas': {'co': 18144, 'co2': 13267, 'no': 18145, 'no2': 18146, 'o3': 18147}, 'pm': {'pm1': 13221, 'pm10': 13223, 'pm25': 13222}}",1.77,5.93,12.61,5.16,7.76,5.6,732722672,66.0,MOD-00620,18.7,2026-07-18T09:03:00,2026-07-18T02:03:00,https://api.quant-aq.com/v1/devices/MOD-00620/data/732722466
280.99,614.84,"{'lat': None, 'lon': None}","{'rh': 65.5, 'temp': 18.7, 'wd': 0.0, 'ws': 0.0, 'ws_scalar': 0.0}","{'gas': {'co': 18144, 'co2': 13267, 'no': 18145, 'no2': 18146, 'o3': 18147}, 'pm': {'pm1': 13221, 'pm10': 13223, 'pm25': 13222}}",1.65,5.79,13.68,5.85,17.75,6.27,732720518,65.5,MOD-00620,18.7,2026-07-18T09:02:00,2026-07-18T02:02:00,https://api.quant-aq.com/v1/devices/MOD-00620/data/732720318
274.56,618.33,"{'lat': None, 'lon': None}","{'rh': 65.9, 'temp': 18.7, 'wd': 0.0, 'ws': 0.0, 'ws_scalar': 0.0}","{'gas': {'co': 18144, 'co2': 13267, 'no': 18145, 'no2': 18146, 'o3': 18147}, 'pm': {'pm1': 13221, 'pm10': 13223, 'pm25': 13222}}",2.18,5.45,13.44,5.68,18.52,6.15,732720524,65.9,MOD-00620,18.7,2026-07-18T09:01:00,2026-07-18T02:01:00,https://api.quant-aq.com/v1/devices/MOD-00620/data/732720315
264.08,620.02,"{'lat': None, 'lon': None}","{'rh': 66.8, 'temp': 18.7, 'wd': 0.0, 'ws': 0.0, 'ws_scalar': 0.0}","{'gas': {'co': 18144, 'co2': 13267, 'no': 18145, 'no2': 18146, 'o3': 18147}, 'pm': {'pm1': 13221, 'pm10': 13223, 'pm25': 13222}}",1.67,5.88,12.09,5.41,9.02,5.82,732720521,66.8,MOD-00620,18.7,2026-07-18T09:00:00,2026-07-18T02:00:00,https://api.quant-aq.com/v1/devices/MOD-00620/data/732720311
264.16,620.5,"{'lat': None, 'lon': None}","{'rh': 66.7, 'temp': 18.7, 'wd': 0.0, 'ws': 0.0, 'ws_scalar': 0.0}","{'gas': {'co': 18144, 'co2': 13267, 'no': 18145, 'no2': 18146, 'o3': 18147}, 'pm': {'pm1': 13221, 'pm10': 13223, 'pm25': 13222}}",1.81,6.7,11.15,5.18,7.3,5.7,732720519,66.7,MOD-00620,18.7,2026-07-18T08:59:00,2026-07-18T01:59:00,https://api.quant-aq.com/v1/devices/MOD-00620/data/732720313
260.76,614.12,"{'lat': None, 'lon': None}","{'rh': 65.7, 'temp': 18.7, 'wd': 0.0, 'ws': 0.0, 'ws_scalar': 0.0}","{'gas': {'co': 18144, 'co2': 13267, 'no': 18145, 'no2': 18146, 'o3': 18147}, 'pm': {'pm1': 13221, 'pm10': 13223, 'pm25': 13222}}",1.5,5.95,13.54,5.62,10.72,6.19,732718362,65.7,MOD-00620,18.7,2026-07-18T08:58:00,2026-07-18T01:58:00,https://api.quant-aq.com/v1/devices/MOD-00620/data/732718156
250.79,615.32,"{'lat': None, 'lon': None}","{'rh': 65.3, 'temp': 18.7, 'wd': 0.0, 'ws': 0.0, 'ws_scalar': 0.0}","{'gas': {'co': 18144, 'co2': 13267, 'no': 18145, 'no2': 18146, 'o3': 18147}, 'pm': {'pm1': 13221, 'pm10': 13223, 'pm25': 13222}}",2.06,5.21,14.19,4.77,6.49,5.4,732718359,65.3,MOD-00620,18.7,2026-07-18T08:57:00,2026-07-18T01:57:00,https://api.quant-aq.com/v1/devices/MOD-00620/data/732718153
256.26,613.39,"{'lat': None, 'lon': None}","{'rh': 65.1, 'temp': 18.7, 'wd': 0.0, 'ws': 0.0, 'ws_scalar': 0.0}","{'gas': {'co': 18144, 'co2': 13267, 'no': 18145, 'no2': 18146, 'o3': 18147}, 'pm': {'pm1': 13221, 'pm10': 13223, 'pm25': 13222}}",1.73,5.65,14.29,5.19,7.82,5.58,732718361,65.1,MOD-00620,18.7,2026-07-18T08:56:00,2026-07-18T01:56:00,https://api.quant-aq.com/v1/devices/MOD-00620/data/732718154
254.55,612.91,"{'lat': None, 'lon': None}","{'rh': 65.2, 'temp': 18.7, 'wd': 0.0, 'ws': 0.0, 'ws_scalar': 0.0}","{'gas': {'co': 18144, 'co2': 13267, 'no': 18145, 'no2': 18146, 'o3': 18147}, 'pm': {'pm1': 13221, 'pm10': 13223, 'pm25': 13222}}",1.8,6.16,13.46,5.51,9.53,6.05,732718360,65.2,MOD-00620,18.7,2026-07-18T08:55:00,2026-07-18T01:55:00,https://api.quant-aq.com/v1/devices/MOD-00620/data/732718155
251.32,609.06,"{'lat': None, 'lon': None}","{'rh': 64.7, 'temp': 18.8, 'wd': 0.0, 'ws': 0.0, 'ws_scalar': 0.0}","{'gas': {'co': 18144, 'co2': 13267, 'no': 18145, 'no2': 18146, 'o3': 18147}, 'pm': {'pm1': 13221, 'pm10': 13223, 'pm25': 13222}}",1.8,5.68,14.31,5.52,7.36,6.13,732716177,64.7,MOD-00620,18.8,2026-07-18T08:54:00,2026-07-18T01:54:00,https://api.quant-aq.com/v1/devices/MOD-00620/data/732715971
252.42,611.83,"{'lat': None, 'lon': None}","{'rh': 64.3, 'temp': 18.8, 'wd': 0.0, 'ws': 0.0, 'ws_scalar': 0.0}","{'gas': {'co': 18144, 'co2': 13267, 'no': 18145, 'no2': 18146, 'o3': 18147}, 'pm': {'pm1': 13221, 'pm10': 13223, 'pm25': 13222}}",1.95,5.55,14.92,6.07,18.5,6.47,732716175,64.3,MOD-00620,18.8,2026-07-18T08:53:00,2026-07-18T01:53:00,https://api.quant-aq.com/v1/devices/MOD-00620/data/732715969
255.36,609.06,"{'lat': None, 'lon': None}","{'rh': 64.2, 'temp': 18.8, 'wd': 0.0, 'ws': 0.0, 'ws_scalar': 0.0}","{'gas': {'co': 18144, 'co2': 13267, 'no': 18145, 'no2': 18146, 'o3': 18147}, 'pm': {'pm1': 13221, 'pm10': 13223, 'pm25': 13222}}",1.95,5.56,14.01,5.56,9.86,6.14,732716176,64.2,MOD-00620,18.8,2026-07-18T08:52:00,2026-07-18T01:52:00,https://api.quant-aq.com/v1/devices/MOD-00620/data/732715970
250.78,613.03,"{'lat': None, 'lon': None}","{'rh': 64.3, 'temp': 18.8, 'wd': 0.0, 'ws': 0.0, 'ws_scalar': 0.0}","{'gas': {'co': 18144, 'co2': 13267, 'no': 18145, 'no2': 18146, 'o3': 18147}, 'pm': {'pm1': 13221, 'pm10': 13223, 'pm25': 13222}}",1.88,5.55,14.46,5.15,18.29,5.6,732716174,64.3,MOD-00620,18.8,2026-07-18T08:51:00,2026-07-18T01:51:00,https://api.quant-aq.com/v1/devices/MOD-00620/data/732715968
251.74,607.98,"{'lat': None, 'lon': None}","{'rh': 64.1, 'temp': 18.8, 'wd': 0.0, 'ws': 0.0, 'ws_scalar': 0.0}","{'gas': {'co': 18144, 'co2': 13267, 'no': 18145, 'no2': 18146, 'o3': 18147}, 'pm': {'pm1': 13221, 'pm10': 13223, 'pm25': 13222}}",1.89,5.42,14.6,5.22,8.1,5.7,732713943,64.1,MOD-00620,18.8,2026-07-18T08:50:00,2026-07-18T01:50:00,https://api.quant-aq.com/v1/devices/MOD-00620/data/732713737
255.77,614.12,"{'lat': None, 'lon': None}","{'rh': 64.2, 'temp': 18.8, 'wd': 0.0, 'ws': 0.0, 'ws_scalar': 0.0}","{'gas': {'co': 18144, 'co2': 13267, 'no': 18145, 'no2': 18146, 'o3': 18147}, 'pm': {'pm1': 13221, 'pm10': 13223, 'pm25': 13222}}",2.09,5.87,13.77,5.44,9.13,6.25,732713942,64.2,MOD-00620,18.8,2026-07-18T08:49:00,2026-07-18T01:49:00,https://api.quant-aq.com/v1/devices/MOD-00620/data/732713736
252.9,609.9,"{'lat': None, 'lon': None}","{'rh': 64.2, 'temp': 18.8, 'wd': 0.0, 'ws': 0.0, 'ws_scalar': 0.0}","{'gas': {'co': 18144, 'co2': 13267, 'no': 18145, 'no2': 18146, 'o3': 18147}, 'pm': {'pm1': 13221, 'pm10': 13223, 'pm25': 13222}}",1.75,5.42,14.14,6.0,16.72,6.58,732713945,64.2,MOD-00620,18.8,2026-07-18T08:48:00,2026-07-18T01:48:00,https://api.quant-aq.com/v1/devices/MOD-00620/data/732713739
257.62,611.23,"{'lat': None, 'lon': None}","{'rh': 63.9, 'temp': 18.8, 'wd': 0.0, 'ws': 0.0, 'ws_scalar': 0.0}","{'gas': {'co': 18144, 'co2': 13267, 'no': 18145, 'no2': 18146, 'o3': 18147}, 'pm': {'pm1': 13221, 'pm10': 13223, 'pm25': 13222}}",1.97,5.18,15.32,5.69,7.99,6.24,732713944,63.9,MOD-00620,18.8,2026-07-18T08:47:00,2026-07-18T01:47:00,https://api.quant-aq.com/v1/devices/MOD-00620/data/732713738
255.09,610.02,"{'lat': None, 'lon': None}","{'rh': 64.0, 'temp': 18.8, 'wd': 0.0, 'ws': 0.0, 'ws_scalar': 0.0}","{'gas': {'co': 18144, 'co2': 13267, 'no': 18145, 'no2': 18146, 'o3': 18147}, 'pm': {'pm1': 13221, 'pm10': 13223, 'pm25': 13222}}",1.83,5.29,14.27,5.77,13.17,6.2,732711823,64.0,MOD-00620,18.8,2026-07-18T08:46:00,2026-07-18T01:46:00,https://api.quant-aq.com/v1/devices/MOD-00620/data/732711617
259.0,610.38,"{'lat': None, 'lon': None}","{'rh': 63.7, 'temp': 18.8, 'wd': 0.0, 'ws': 0.0, 'ws_scalar': 0.0}","{'gas': {'co': 18144, 'co2': 13267, 'no': 18145, 'no2': 18146, 'o3': 18147}, 'pm': {'pm1': 13221, 'pm10': 13223, 'pm25': 13222}}",1.97,5.44,14.63,5.39,7.85,5.9,732711822,63.7,MOD-00620,18.8,2026-07-18T08:45:00,2026-07-18T01:45:00,https://api.quant-aq.com/v1/devices/MOD-00620/data/732711616
254.96,610.14,"{'lat': None, 'lon': None}","{'rh': 63.6, 'temp': 18.8, 'wd': 0.0, 'ws': 0.0, 'ws_scalar': 0.0}","{'gas': {'co': 18144, 'co2': 13267, 'no': 18145, 'no2': 18146, 'o3': 18147}, 'pm': {'pm1': 13221, 'pm10': 13223, 'pm25': 13222}}",1.98,5.59,13.6,5.72,7.39,6.19,732711824,63.6,MOD-00620,18.8,2026-07-18T08:44:00,2026-07-18T01:44:00,https://api.quant-aq.com/v1/devices/MOD-00620/data/732711618
261.6,609.9,"{'lat': None, 'lon': None}","{'rh': 63.5, 'temp': 18.8, 'wd': 0.0, 'ws': 0.0, 'ws_scalar': 0.0}","{'gas': {'co': 18144, 'co2': 13267, 'no': 18145, 'no2': 18146, 'o3': 18147}, 'pm': {'pm1': 13221, 'pm10': 13223, 'pm25': 13222}}",2.12,5.32,14.31,5.03,11.6,5.48,732711821,63.5,MOD-00620,18.8,2026-07-18T08:43:00,2026-07-18T01:43:00,https://api.quant-aq.com/v1/devices/MOD-00620/data/732711615
257.5,606.77,"{'lat': None, 'lon': None}","{'rh': 63.5, 'temp': 18.8, 'wd': 0.0, 'ws': 0.0, 'ws_scalar': 0.0}","{'gas': {'co': 18144, 'co2': 13267, 'no': 18145, 'no2': 18146, 'o3': 18147}, 'pm': {'pm1': 13221, 'pm10': 13223, 'pm25': 13222}}",1.91,5.75,14.4,5.57,8.56,6.01,732709641,63.5,MOD-00620,18.8,2026-07-18T08:42:00,2026-07-18T01:42:00,https://api.quant-aq.com/v1/devices/MOD-00620/data/732709435
261.64,610.02,"{'lat': None, 'lon': None}","{'rh': 63.6, 'temp': 18.9, 'wd': 0.0, 'ws': 0.0, 'ws_scalar': 0.0}","{'gas': {'co': 18144, 'co2': 13267, 'no': 18145, 'no2': 18146, 'o3': 18147}, 'pm': {'pm1': 13221, 'pm10': 13223, 'pm25': 13222}}",2.23,5.2,14.41,5.96,8.66,6.44,732709639,63.6,MOD-00620,18.9,2026-07-18T08:41:00,2026-07-18T01:41:00,https://api.quant-aq.com/v1/devices/MOD-00620/data/732709433
267.04,612.67,"{'lat': None, 'lon': None}","{'rh': 63.5, 'temp': 18.9, 'wd': 0.0, 'ws': 0.0, 'ws_scalar': 0.0}","{'gas': {'co': 18144, 'co2': 13267, 'no': 18145, 'no2': 18146, 'o3': 18147}, 'pm': {'pm1': 13221, 'pm10': 13223, 'pm25': 13222}}",2.1,5.33,14.76,5.61,7.45,6.04,732709640,63.5,MOD-00620,18.9,2026-07-18T08:40:00,2026-07-18T01:40:00,https://api.quant-aq.com/v1/devices/MOD-00620/data/732709434
264.23,618.82,"{'lat': None, 'lon': None}","{'rh': 64.0, 'temp': 18.9, 'wd': 0.0, 'ws': 0.0, 'ws_scalar': 0.0}","{'gas': {'co': 18144, 'co2': 13267, 'no': 18145, 'no2': 18146, 'o3': 18147}, 'pm': {'pm1': 13221, 'pm10': 13223, 'pm25': 13222}}",2.01,5.07,13.6,6.52,9.36,6.94,732709642,64.0,MOD-00620,18.9,2026-07-18T08:39:00,2026-07-18T01:39:00,https://api.quant-aq.com/v1/devices/MOD-00620/data/732709436
271.48,614.6,"{'lat': None, 'lon': None}","{'rh': 63.6, 'temp': 18.9, 'wd': 0.0, 'ws': 0.0, 'ws_scalar': 0.0}","{'gas': {'co': 18144, 'co2': 13267, 'no': 18145, 'no2': 18146, 'o3': 18147}, 'pm': {'pm1': 13221, 'pm10': 13223, 'pm25': 13222}}",1.83,5.6,13.59,6.39,9.17,6.57,732707496,63.6,MOD-00620,18.9,2026-07-18T08:38:00,2026-07-18T01:38:00,https://api.quant-aq.com/v1/devices/MOD-00620/data/732707291
274.49,616.65,"{'lat': None, 'lon': None}","{'rh': 63.4, 'temp': 18.9, 'wd': 0.0, 'ws': 0.0, 'ws_scalar': 0.0}","{'gas': {'co': 18144, 'co2': 13267, 'no': 18145, 'no2': 18146, 'o3': 18147}, 'pm': {'pm1': 13221, 'pm10': 13223, 'pm25': 13222}}",2.17,4.99,14.22,6.75,7.68,7.06,732707495,63.4,MOD-00620,18.9,2026-07-18T08:37:00,2026-07-18T01:37:00,https://api.quant-aq.com/v1/devices/MOD-00620/data/732707289
268.75,614.84,"{'lat': None, 'lon': None}","{'rh': 63.4, 'temp': 18.9, 'wd': 0.0, 'ws': 0.0, 'ws_scalar': 0.0}","{'gas': {'co': 18144, 'co2': 13267, 'no': 18145, 'no2': 18146, 'o3': 18147}, 'pm': {'pm1': 13221, 'pm10': 13223, 'pm25': 13222}}",1.83,5.61,12.24,6.11,7.2,6.44,732707498,63.4,MOD-00620,18.9,2026-07-18T08:36:00,2026-07-18T01:36:00,https://api.quant-aq.com/v1/devices/MOD-00620/data/732707292
268.35,614.96,"{'lat': None, 'lon': None}","{'rh': 62.8, 'temp': 18.9, 'wd': 0.0, 'ws': 0.0, 'ws_scalar': 0.0}","{'gas': {'co': 18144, 'co2': 13267, 'no': 18145, 'no2': 18146, 'o3': 18147}, 'pm': {'pm1': 13221, 'pm10': 13223, 'pm25': 13222}}",2.2,5.02,12.9,6.05,7.35,6.45,732707497,62.8,MOD-00620,18.9,2026-07-18T08:35:00,2026-07-18T01:35:00,https://api.quant-aq.com/v1/devices/MOD-00620/data/732707290
275.45,616.77,"{'lat': None, 'lon': None}","{'rh': 63.2, 'temp': 18.9, 'wd': 0.0, 'ws': 0.0, 'ws_scalar': 0.0}","{'gas': {'co': 18144, 'co2': 13267, 'no': 18145, 'no2': 18146, 'o3': 18147}, 'pm': {'pm1': 13221, 'pm10': 13223, 'pm25': 13222}}",2.11,5.48,12.83,5.66,7.26,6.17,732705287,63.2,MOD-00620,18.9,2026-07-18T08:34:00,2026-07-18T01:34:00,https://api.quant-aq.com/v1/devices/MOD-00620/data/732705081
275.86,617.49,"{'lat': None, 'lon': None}","{'rh': 63.2, 'temp': 18.9, 'wd': 0.0, 'ws': 0.0, 'ws_scalar': 0.0}","{'gas': {'co': 18144, 'co2': 13267, 'no': 18145, 'no2': 18146, 'o3': 18147}, 'pm': {'pm1': 13221, 'pm10': 13223, 'pm25': 13222}}",2.05,5.11,13.2,5.85,8.4,6.21,732705284,63.2,MOD-00620,18.9,2026-07-18T08:33:00,2026-07-18T01:33:00,https://api.quant-aq.com/v1/devices/MOD-00620/data/732705078
273.47,616.65,"{'lat': None, 'lon': None}","{'rh': 63.1, 'temp': 18.9, 'wd': 0.0, 'ws': 0.0, 'ws_scalar': 0.0}","{'gas': {'co': 18144, 'co2': 13267, 'no': 18145, 'no2': 18146, 'o3': 18147}, 'pm': {'pm1': 13221, 'pm10': 13223, 'pm25': 13222}}",1.98,5.35,12.05,5.77,6.68,6.05,732705286,63.1,MOD-00620,18.9,2026-07-18T08:32:00,2026-07-18T01:32:00,https://api.quant-aq.com/v1/devices/MOD-00620/data/732705080
265.27,621.83,"{'lat': None, 'lon': None}","{'rh': 63.1, 'temp': 18.9, 'wd': 0.0, 'ws': 0.0, 'ws_scalar': 0.0}","{'gas': {'co': 18144, 'co2': 13267, 'no': 18145, 'no2': 18146, 'o3': 18147}, 'pm': {'pm1': 13221, 'pm10': 13223, 'pm25': 13222}}",2.25,5.01,12.42,5.72,9.18,6.02,732705285,63.1,MOD-00620,18.9,2026-07-18T08:31:00,2026-07-18T01:31:00,https://api.quant-aq.com/v1/devices/MOD-00620/data/732705079
269.78,618.57,"{'lat': None, 'lon': None}","{'rh': 63.1, 'temp': 18.9, 'wd': 0.0, 'ws': 0.0, 'ws_scalar': 0.0}","{'gas': {'co': 18144, 'co2': 13267, 'no': 18145, 'no2': 18146, 'o3': 18147}, 'pm': {'pm1': 13221, 'pm10': 13223, 'pm25': 13222}}",1.91,5.35,12.96,5.57,8.0,5.85,732703118,63.1,MOD-00620,18.9,2026-07-18T08:30:00,2026-07-18T01:30:00,https://api.quant-aq.com/v1/devices/MOD-00620/data/732702912
268.55,618.57,"{'lat': None, 'lon': None}","{'rh': 63.1, 'temp': 18.9, 'wd': 0.0, 'ws': 0.0, 'ws_scalar': 0.0}","{'gas': {'co': 18144, 'co2': 13267, 'no': 18145, 'no2': 18146, 'o3': 18147}, 'pm': {'pm1': 13221, 'pm10': 13223, 'pm25': 13222}}",2.19,5.12,12.29,5.91,10.2,6.19,732703119,63.1,MOD-00620,18.9,2026-07-18T08:29:00,2026-07-18T01:29:00,https://api.quant-aq.com/v1/devices/MOD-00620/data/732702913
268.8,618.21,"{'lat': None, 'lon': None}","{'rh': 62.9, 'temp': 19.0, 'wd': 0.0, 'ws': 0.0, 'ws_scalar': 0.0}","{'gas': {'co': 18144, 'co2': 13267, 'no': 18145, 'no2': 18146, 'o3': 18147}, 'pm': {'pm1': 13221, 'pm10': 13223, 'pm25': 13222}}",2.11,5.14,14.12,6.22,6.65,6.52,732703117,62.9,MOD-00620,19.0,2026-07-18T08:28:00,2026-07-18T01:28:00,https://api.quant-aq.com/v1/devices/MOD-00620/data/732702911
269.89,620.14,"{'lat': None, 'lon': None}","{'rh': 63.1, 'temp': 19.0, 'wd': 0.0, 'ws': 0.0, 'ws_scalar': 0.0}","{'gas': {'co': 18144, 'co2': 13267, 'no': 18145, 'no2': 18146, 'o3': 18147}, 'pm': {'pm1': 13221, 'pm10': 13223, 'pm25': 13222}}",1.9,5.37,12.49,5.7,20.5,5.95,732703116,63.1,MOD-00620,19.0,2026-07-18T08:27:00,2026-07-18T01:27:00,https://api.quant-aq.com/v1/devices/MOD-00620/data/732702910
270.85,617.97,"{'lat': None, 'lon': None}","{'rh': 62.9, 'temp': 19.0, 'wd': 0.0, 'ws': 0.0, 'ws_scalar': 0.0}","{'gas': {'co': 18144, 'co2': 13267, 'no': 18145, 'no2': 18146, 'o3': 18147}, 'pm': {'pm1': 13221, 'pm10': 13223, 'pm25': 13222}}",2.11,5.14,12.3,5.71,6.55,6.17,732700930,62.9,MOD-00620,19.0,2026-07-18T08:26:00,2026-07-18T01:26:00,https://api.quant-aq.com/v1/devices/MOD-00620/data/732700725
271.33,620.86,"{'lat': None, 'lon': None}","{'rh': 62.8, 'temp': 19.0, 'wd': 0.0, 'ws': 0.0, 'ws_scalar': 0.0}","{'gas': {'co': 18144, 'co2': 13267, 'no': 18145, 'no2': 18146, 'o3': 18147}, 'pm': {'pm1': 13221, 'pm10': 13223, 'pm25': 13222}}",2.18,5.14,12.76,5.43,6.05,5.59,732700931,62.8,MOD-00620,19.0,2026-07-18T08:25:00,2026-07-18T01:25:00,https://api.quant-aq.com/v1/devices/MOD-00620/data/732700727
273.38,619.66,"{'lat': None, 'lon': None}","{'rh': 62.8, 'temp': 19.0, 'wd': 0.0, 'ws': 0.0, 'ws_scalar': 0.0}","{'gas': {'co': 18144, 'co2': 13267, 'no': 18145, 'no2': 18146, 'o3': 18147}, 'pm': {'pm1': 13221, 'pm10': 13223, 'pm25': 13222}}",1.91,5.04,12.43,5.79,9.4,6.1,732700928,62.8,MOD-00620,19.0,2026-07-18T08:24:00,2026-07-18T01:24:00,https://api.quant-aq.com/v1/devices/MOD-00620/data/732700722
276.25,613.27,"{'lat': None, 'lon': None}","{'rh': 62.8, 'temp': 19.0, 'wd': 0.0, 'ws': 0.0, 'ws_scalar': 0.0}","{'gas': {'co': 18144, 'co2': 13267, 'no': 18145, 'no2': 18146, 'o3': 18147}, 'pm': {'pm1': 13221, 'pm10': 13223, 'pm25': 13222}}",2.25,4.93,14.38,5.7,6.84,5.98,732700929,62.8,MOD-00620,19.0,2026-07-18T08:23:00,2026-07-18T01:23:00,https://api.quant-aq.com/v1/devices/MOD-00620/data/732700724
280.89,619.54,"{'lat': None, 'lon': None}","{'rh': 63.2, 'temp': 19.0, 'wd': 0.0, 'ws': 0.0, 'ws_scalar': 0.0}","{'gas': {'co': 18144, 'co2': 13267, 'no': 18145, 'no2': 18146, 'o3': 18147}, 'pm': {'pm1': 13221, 'pm10': 13223, 'pm25': 13222}}",2.23,4.82,13.56,5.58,7.81,5.92,732698770,63.2,MOD-00620,19.0,2026-07-18T08:22:00,2026-07-18T01:22:00,https://api.quant-aq.com/v1/devices/MOD-00620/data/732698564
284.3,621.1,"{'lat': None, 'lon': None}","{'rh': 63.6, 'temp': 19.0, 'wd': 0.0, 'ws': 0.0, 'ws_scalar': 0.0}","{'gas': {'co': 18144, 'co2': 13267, 'no': 18145, 'no2': 18146, 'o3': 18147}, 'pm': {'pm1': 13221, 'pm10': 13223, 'pm25': 13222}}",2.49,5.1,12.7,5.19,8.4,5.46,732698769,63.6,MOD-00620,19.0,2026-07-18T08:21:00,2026-07-18T01:21:00,https://api.quant-aq.com/v1/devices/MOD-00620/data/732698563
294.47,626.16,"{'lat': None, 'lon': None}","{'rh': 64.3, 'temp': 19.0, 'wd': 0.0, 'ws': 0.0, 'ws_scalar': 0.0}","{'gas': {'co': 18144, 'co2': 13267, 'no': 18145, 'no2': 18146, 'o3': 18147}, 'pm': {'pm1': 13221, 'pm10': 13223, 'pm25': 13222}}",1.65,5.88,11.45,5.89,8.57,6.04,732698768,64.3,MOD-00620,19.0,2026-07-18T08:20:00,2026-07-18T01:20:00,https://api.quant-aq.com/v1/devices/MOD-00620/data/732698561
293.67,626.28,"{'lat': None, 'lon': None}","{'rh': 63.7, 'temp': 19.0, 'wd': 0.0, 'ws': 0.0, 'ws_scalar': 0.0}","{'gas': {'co': 18144, 'co2': 13267, 'no': 18145, 'no2': 18146, 'o3': 18147}, 'pm': {'pm1': 13221, 'pm10': 13223, 'pm25': 13222}}",2.01,5.75,11.62,6.06,7.35,6.25,732698767,63.7,MOD-00620,19.0,2026-07-18T08:19:00,2026-07-18T01:19:00,https://api.quant-aq.com/v1/devices/MOD-00620/data/732698562
297.75,619.42,"{'lat': None, 'lon': None}","{'rh': 63.3, 'temp': 19.1, 'wd': 0.0, 'ws': 0.0, 'ws_scalar': 0.0}","{'gas': {'co': 18144, 'co2': 13267, 'no': 18145, 'no2': 18146, 'o3': 18147}, 'pm': {'pm1': 13221, 'pm10': 13223, 'pm25': 13222}}",1.94,5.37,12.01,5.32,6.71,5.66,732696665,63.3,MOD-00620,19.1,2026-07-18T08:18:00,2026-07-18T01:18:00,https://api.quant-aq.com/v1/devices/MOD-00620/data/732696460
286.89,620.38,"{'lat': None, 'lon': None}","{'rh': 63.0, 'temp': 19.1, 'wd': 0.0, 'ws': 0.0, 'ws_scalar': 0.0}","{'gas': {'co': 18144, 'co2': 13267, 'no': 18145, 'no2': 18146, 'o3': 18147}, 'pm': {'pm1': 13221, 'pm10': 13223, 'pm25': 13222}}",2.02,5.51,12.82,5.46,14.2,5.83,732696667,63.0,MOD-00620,19.1,2026-07-18T08:17:00,2026-07-18T01:17:00,https://api.quant-aq.com/v1/devices/MOD-00620/data/732696461
286.14,619.78,"{'lat': None, 'lon': None}","{'rh': 62.9, 'temp': 19.1, 'wd': 0.0, 'ws': 0.0, 'ws_scalar': 0.0}","{'gas': {'co': 18144, 'co2': 13267, 'no': 18145, 'no2': 18146, 'o3': 18147}, 'pm': {'pm1': 13221, 'pm10': 13223, 'pm25': 13222}}",2.02,5.39,12.04,5.7,17.63,6.07,732696670,62.9,MOD-00620,19.1,2026-07-18T08:16:00,2026-07-18T01:16:00,https://api.quant-aq.com/v1/devices/MOD-00620/data/732696465
290.31,620.26,"{'lat': None, 'lon': None}","{'rh': 62.8, 'temp': 19.1, 'wd': 0.0, 'ws': 0.0, 'ws_scalar': 0.0}","{'gas': {'co': 18144, 'co2': 13267, 'no': 18145, 'no2': 18146, 'o3': 18147}, 'pm': {'pm1': 13221, 'pm10': 13223, 'pm25': 13222}}",2.3,5.27,12.17,5.87,8.34,6.18,732696672,62.8,MOD-00620,19.1,2026-07-18T08:15:00,2026-07-18T01:15:00,https://api.quant-aq.com/v1/devices/MOD-00620/data/732696466
293.79,619.9,"{'lat': None, 'lon': None}","{'rh': 63.1, 'temp': 19.1, 'wd': 0.0, 'ws': 0.0, 'ws_scalar': 0.0}","{'gas': {'co': 18144, 'co2': 13267, 'no': 18145, 'no2': 18146, 'o3': 18147}, 'pm': {'pm1': 13221, 'pm10': 13223, 'pm25': 13222}}",2.29,5.03,12.39,5.94,10.38,6.23,732694409,63.1,MOD-00620,19.1,2026-07-18T08:14:00,2026-07-18T01:14:00,https://api.quant-aq.com/v1/devices/MOD-00620/data/732694202
294.2,623.99,"{'lat': None, 'lon': None}","{'rh': 63.1, 'temp': 19.1, 'wd': 0.0, 'ws': 0.0, 'ws_scalar': 0.0}","{'gas': {'co': 18144, 'co2': 13267, 'no': 18145, 'no2': 18146, 'o3': 18147}, 'pm': {'pm1': 13221, 'pm10': 13223, 'pm25': 13222}}",2.09,5.51,11.9,5.79,11.46,6.12,732694410,63.1,MOD-00620,19.1,2026-07-18T08:13:00,2026-07-18T01:13:00,https://api.quant-aq.com/v1/devices/MOD-00620/data/732694204
298.57,625.68,"{'lat': None, 'lon': None}","{'rh': 63.3, 'temp': 19.1, 'wd': 0.0, 'ws': 0.0, 'ws_scalar': 0.0}","{'gas': {'co': 18144, 'co2': 13267, 'no': 18145, 'no2': 18146, 'o3': 18147}, 'pm': {'pm1': 13221, 'pm10': 13223, 'pm25': 13222}}",2.01,5.02,11.92,5.82,6.43,6.15,732694408,63.3,MOD-00620,19.1,2026-07-18T08:12:00,2026-07-18T01:12:00,https://api.quant-aq.com/v1/devices/MOD-00620/data/732694203
297.61,626.76,"{'lat': None, 'lon': None}","{'rh': 63.5, 'temp': 19.1, 'wd': 0.0, 'ws': 0.0, 'ws_scalar': 0.0}","{'gas': {'co': 18144, 'co2': 13267, 'no': 18145, 'no2': 18146, 'o3': 18147}, 'pm': {'pm1': 13221, 'pm10': 13223, 'pm25': 13222}}",2.21,5.63,11.29,6.07,8.41,6.46,732694407,63.5,MOD-00620,19.1,2026-07-18T08:11:00,2026-07-18T01:11:00,https://api.quant-aq.com/v1/devices/MOD-00620/data/732694201
296.7,625.8,"{'lat': None, 'lon': None}","{'rh': 63.2, 'temp': 19.2, 'wd': 0.0, 'ws': 0.0, 'ws_scalar': 0.0}","{'gas': {'co': 18144, 'co2': 13267, 'no': 18145, 'no2': 18146, 'o3': 18147}, 'pm': {'pm1': 13221, 'pm10': 13223, 'pm25': 13222}}",1.59,5.52,10.97,5.68,7.85,6.1,732692225,63.2,MOD-00620,19.2,2026-07-18T08:10:00,2026-07-18T01:10:00,https://api.quant-aq.com/v1/devices/MOD-00620/data/732692019
298.76,626.28,"{'lat': None, 'lon': None}","{'rh': 62.6, 'temp': 19.2, 'wd': 0.0, 'ws': 0.0, 'ws_scalar': 0.0}","{'gas': {'co': 18144, 'co2': 13267, 'no': 18145, 'no2': 18146, 'o3': 18147}, 'pm': {'pm1': 13221, 'pm10': 13223, 'pm25': 13222}}",2.43,4.88,14.03,6.33,8.41,6.6,732692224,62.6,MOD-00620,19.2,2026-07-18T08:09:00,2026-07-18T01:09:00,https://api.quant-aq.com/v1/devices/MOD-00620/data/732692018
312.2,634.35,"{'lat': None, 'lon': None}","{'rh': 63.9, 'temp': 19.2, 'wd': 0.0, 'ws': 0.0, 'ws_scalar': 0.0}","{'gas': {'co': 18144, 'co2': 13267, 'no': 18145, 'no2': 18146, 'o3': 18147}, 'pm': {'pm1': 13221, 'pm10': 13223, 'pm25': 13222}}",2.38,5.35,10.58,5.83,6.61,6.03,732692223,63.9,MOD-00620,19.2,2026-07-18T08:08:00,2026-07-18T01:08:00,https://api.quant-aq.com/v1/devices/MOD-00620/data/732692017
315.27,638.45,"{'lat': None, 'lon': None}","{'rh': 64.2, 'temp': 19.2, 'wd': 0.0, 'ws': 0.0, 'ws_scalar': 0.0}","{'gas': {'co': 18144, 'co2': 13267, 'no': 18145, 'no2': 18146, 'o3': 18147}, 'pm': {'pm1': 13221, 'pm10': 13223, 'pm25': 13222}}",2.03,5.75,10.19,6.77,7.86,7.11,732692222,64.2,MOD-00620,19.2,2026-07-18T08:07:00,2026-07-18T01:07:00,https://api.quant-aq.com/v1/devices/MOD-00620/data/732692016
315.2,635.68,"{'lat': None, 'lon': None}","{'rh': 64.3, 'temp': 19.2, 'wd': 0.0, 'ws': 0.0, 'ws_scalar': 0.0}","{'gas': {'co': 18144, 'co2': 13267, 'no': 18145, 'no2': 18146, 'o3': 18147}, 'pm': {'pm1': 13221, 'pm10': 13223, 'pm25': 13222}}",2.09,5.6,9.85,6.78,8.24,7.17,732690075,64.3,MOD-00620,19.2,2026-07-18T08:06:00,2026-07-18T01:06:00,https://api.quant-aq.com/v1/devices/MOD-00620/data/732689869
317.59,636.4,"{'lat': None, 'lon': None}","{'rh': 64.4, 'temp': 19.2, 'wd': 0.0, 'ws': 0.0, 'ws_scalar': 0.0}","{'gas': {'co': 18144, 'co2': 13267, 'no': 18145, 'no2': 18146, 'o3': 18147}, 'pm': {'pm1': 13221, 'pm10': 13223, 'pm25': 13222}}",2.02,5.89,10.05,6.39,8.72,6.79,732690073,64.4,MOD-00620,19.2,2026-07-18T08:05:00,2026-07-18T01:05:00,https://api.quant-aq.com/v1/devices/MOD-00620/data/732689868
317.46,636.4,"{'lat': None, 'lon': None}","{'rh': 64.0, 'temp': 19.2, 'wd': 0.0, 'ws': 0.0, 'ws_scalar': 0.0}","{'gas': {'co': 18144, 'co2': 13267, 'no': 18145, 'no2': 18146, 'o3': 18147}, 'pm': {'pm1': 13221, 'pm10': 13223, 'pm25': 13222}}",2.1,5.34,11.95,6.44,7.47,6.78,732690072,64.0,MOD-00620,19.2,2026-07-18T08:04:00,2026-07-18T01:04:00,https://api.quant-aq.com/v1/devices/MOD-00620/data/732689866
317.58,641.7,"{'lat': None, 'lon': None}","{'rh': 65.0, 'temp': 19.2, 'wd': 0.0, 'ws': 0.0, 'ws_scalar': 0.0}","{'gas': {'co': 18144, 'co2': 13267, 'no': 18145, 'no2': 18146, 'o3': 18147}, 'pm': {'pm1': 13221, 'pm10': 13223, 'pm25': 13222}}",2.13,6.02,9.89,5.95,13.4,6.26,732690074,65.0,MOD-00620,19.2,2026-07-18T08:03:00,2026-07-18T01:03:00,https://api.quant-aq.com/v1/devices/MOD-00620/data/732689867
315.03,638.57,"{'lat': None, 'lon': None}","{'rh': 64.7, 'temp': 19.3, 'wd': 0.0, 'ws': 0.0, 'ws_scalar': 0.0}","{'gas': {'co': 18144, 'co2': 13267, 'no': 18145, 'no2': 18146, 'o3': 18147}, 'pm': {'pm1': 13221, 'pm10': 13223, 'pm25': 13222}}",1.86,6.8,9.4,6.09,8.57,6.39,732687907,64.7,MOD-00620,19.3,2026-07-18T08:02:00,2026-07-18T01:02:00,https://api.quant-aq.com/v1/devices/MOD-00620/data/732687699
316.89,635.08,"{'lat': None, 'lon': None}","{'rh': 63.8, 'temp': 19.3, 'wd': 0.0, 'ws': 0.0, 'ws_scalar': 0.0}","{'gas': {'co': 18144, 'co2': 13267, 'no': 18145, 'no2': 18146, 'o3': 18147}, 'pm': {'pm1': 13221, 'pm10': 13223, 'pm25': 13222}}",1.96,6.1,9.96,5.66,9.12,6.07,732687906,63.8,MOD-00620,19.3,2026-07-18T08:01:00,2026-07-18T01:01:00,https://api.quant-aq.com/v1/devices/MOD-00620/data/732687701
318.96,631.58,"{'lat': None, 'lon': None}","{'rh': 63.2, 'temp': 19.3, 'wd': 0.0, 'ws': 0.0, 'ws_scalar': 0.0}","{'gas': {'co': 18144, 'co2': 13267, 'no': 18145, 'no2': 18146, 'o3': 18147}, 'pm': {'pm1': 13221, 'pm10': 13223, 'pm25': 13222}}",1.78,5.81,10.25,6.04,7.85,6.33,732687905,63.2,MOD-00620,19.3,2026-07-18T08:00:00,2026-07-18T01:00:00,https://api.quant-aq.com/v1/devices/MOD-00620/data/732687700
324.16,629.9,"{'lat': None, 'lon': None}","{'rh': 62.8, 'temp': 19.3, 'wd': 0.0, 'ws': 0.0, 'ws_scalar': 0.0}","{'gas': {'co': 18144, 'co2': 13267, 'no': 18145, 'no2': 18146, 'o3': 18147}, 'pm': {'pm1': 13221, 'pm10': 13223, 'pm25': 13222}}",2.06,5.55,11.44,6.63,8.15,6.91,732687904,62.8,MOD-00620,19.3,2026-07-18T07:59:00,2026-07-18T00:59:00,https://api.quant-aq.com/v1/devices/MOD-00620/data/732687698
325.8,628.45,"{'lat': None, 'lon': None}","{'rh': 62.8, 'temp': 19.3, 'wd': 0.0, 'ws': 0.0, 'ws_scalar': 0.0}","{'gas': {'co': 18144, 'co2': 13267, 'no': 18145, 'no2': 18146, 'o3': 18147}, 'pm': {'pm1': 13221, 'pm10': 13223, 'pm25': 13222}}",2.27,5.3,12.6,6.17,11.42,6.57,732685733,62.8,MOD-00620,19.3,2026-07-18T07:58:00,2026-07-18T00:58:00,https://api.quant-aq.com/v1/devices/MOD-00620/data/732685526
328.39,636.16,"{'lat': None, 'lon': None}","{'rh': 63.2, 'temp': 19.3, 'wd': 0.0, 'ws': 0.0, 'ws_scalar': 0.0}","{'gas': {'co': 18144, 'co2': 13267, 'no': 18145, 'no2': 18146, 'o3': 18147}, 'pm': {'pm1': 13221, 'pm10': 13223, 'pm25': 13222}}",2.32,5.53,11.41,6.41,9.71,6.72,732685732,63.2,MOD-00620,19.3,2026-07-18T07:57:00,2026-07-18T00:57:00,https://api.quant-aq.com/v1/devices/MOD-00620/data/732685527
338.15,641.94,"{'lat': None, 'lon': None}","{'rh': 63.9, 'temp': 19.3, 'wd': 0.0, 'ws': 0.0, 'ws_scalar': 0.0}","{'gas': {'co': 18144, 'co2': 13267, 'no': 18145, 'no2': 18146, 'o3': 18147}, 'pm': {'pm1': 13221, 'pm10': 13223, 'pm25': 13222}}",2.43,5.63,8.96,6.16,7.82,6.58,732685730,63.9,MOD-00620,19.3,2026-07-18T07:56:00,2026-07-18T00:56:00,https://api.quant-aq.com/v1/devices/MOD-00620/data/732685525
339.71,646.04,"{'lat': None, 'lon': None}","{'rh': 64.6, 'temp': 19.3, 'wd': 0.0, 'ws': 0.0, 'ws_scalar': 0.0}","{'gas': {'co': 18144, 'co2': 13267, 'no': 18145, 'no2': 18146, 'o3': 18147}, 'pm': {'pm1': 13221, 'pm10': 13223, 'pm25': 13222}}",1.72,6.8,8.96,6.28,11.35,6.73,732685731,64.6,MOD-00620,19.3,2026-07-18T07:55:00,2026-07-18T00:55:00,https://api.quant-aq.com/v1/devices/MOD-00620/data/732685524
346.56,641.58,"{'lat': None, 'lon': None}","{'rh': 63.6, 'temp': 19.3, 'wd': 0.0, 'ws': 0.0, 'ws_scalar': 0.0}","{'gas': {'co': 18144, 'co2': 13267, 'no': 18145, 'no2': 18146, 'o3': 18147}, 'pm': {'pm1': 13221, 'pm10': 13223, 'pm25': 13222}}",2.24,5.51,10.47,5.73,11.63,6.35,732683565,63.6,MOD-00620,19.3,2026-07-18T07:54:00,2026-07-18T00:54:00,https://api.quant-aq.com/v1/devices/MOD-00620/data/732683359
348.3,648.57,"{'lat': None, 'lon': None}","{'rh': 64.2, 'temp': 19.4, 'wd': 0.0, 'ws': 0.0, 'ws_scalar': 0.0}","{'gas': {'co': 18144, 'co2': 13267, 'no': 18145, 'no2': 18146, 'o3': 18147}, 'pm': {'pm1': 13221, 'pm10': 13223, 'pm25': 13222}}",1.86,6.08,9.47,6.59,11.04,7.1,732683564,64.2,MOD-00620,19.4,2026-07-18T07:53:00,2026-07-18T00:53:00,https://api.quant-aq.com/v1/devices/MOD-00620/data/732683358
353.08,646.76,"{'lat': None, 'lon': None}","{'rh': 64.4, 'temp': 19.4, 'wd': 0.0, 'ws': 0.0, 'ws_scalar': 0.0}","{'gas': {'co': 18144, 'co2': 13267, 'no': 18145, 'no2': 18146, 'o3': 18147}, 'pm': {'pm1': 13221, 'pm10': 13223, 'pm25': 13222}}",2.33,5.91,8.66,6.29,8.09,6.72,732683562,64.4,MOD-00620,19.4,2026-07-18T07:52:00,2026-07-18T00:52:00,https://api.quant-aq.com/v1/devices/MOD-00620/data/732683356
361.55,645.31,"{'lat': None, 'lon': None}","{'rh': 64.6, 'temp': 19.4, 'wd': 0.0, 'ws': 0.0, 'ws_scalar': 0.0}","{'gas': {'co': 18144, 'co2': 13267, 'no': 18145, 'no2': 18146, 'o3': 18147}, 'pm': {'pm1': 13221, 'pm10': 13223, 'pm25': 13222}}",2.05,6.23,8.86,6.17,11.04,6.52,732683563,64.6,MOD-00620,19.4,2026-07-18T07:51:00,2026-07-18T00:51:00,https://api.quant-aq.com/v1/devices/MOD-00620/data/732683357
371.33,643.99,"{'lat': None, 'lon': None}","{'rh': 64.7, 'temp': 19.4, 'wd': 0.0, 'ws': 0.0, 'ws_scalar': 0.0}","{'gas': {'co': 18144, 'co2': 13267, 'no': 18145, 'no2': 18146, 'o3': 18147}, 'pm': {'pm1': 13221, 'pm10': 13223, 'pm25': 13222}}",1.91,6.6,7.69,6.43,8.21,7.01,732681348,64.7,MOD-00620,19.4,2026-07-18T07:50:00,2026-07-18T00:50:00,https://api.quant-aq.com/v1/devices/MOD-00620/data/732681142
370.85,647.48,"{'lat': None, 'lon': None}","{'rh': 64.8, 'temp': 19.4, 'wd': 0.0, 'ws': 0.0, 'ws_scalar': 0.0}","{'gas': {'co': 18144, 'co2': 13267, 'no': 18145, 'no2': 18146, 'o3': 18147}, 'pm': {'pm1': 13221, 'pm10': 13223, 'pm25': 13222}}",1.97,6.59,7.23,6.81,14.76,7.32,732681349,64.8,MOD-00620,19.4,2026-07-18T07:49:00,2026-07-18T00:49:00,https://api.quant-aq.com/v1/devices/MOD-00620/data/732681145
373.31,647.36,"{'lat': None, 'lon': None}","{'rh': 64.8, 'temp': 19.4, 'wd': 0.0, 'ws': 0.0, 'ws_scalar': 0.0}","{'gas': {'co': 18144, 'co2': 13267, 'no': 18145, 'no2': 18146, 'o3': 18147}, 'pm': {'pm1': 13221, 'pm10': 13223, 'pm25': 13222}}",1.9,6.59,6.31,7.29,9.01,7.54,732681350,64.8,MOD-00620,19.4,2026-07-18T07:48:00,2026-07-18T00:48:00,https://api.quant-aq.com/v1/devices/MOD-00620/data/732681146
374.13,644.59,"{'lat': None, 'lon': None}","{'rh': 64.8, 'temp': 19.4, 'wd': 0.0, 'ws': 0.0, 'ws_scalar': 0.0}","{'gas': {'co': 18144, 'co2': 13267, 'no': 18145, 'no2': 18146, 'o3': 18147}, 'pm': {'pm1': 13221, 'pm10': 13223, 'pm25': 13222}}",1.84,6.79,6.19,6.44,8.0,6.84,732681352,64.8,MOD-00620,19.4,2026-07-18T07:47:00,2026-07-18T00:47:00,https://api.quant-aq.com/v1/devices/MOD-00620/data/732681147
381.92,647.0,"{'lat': None, 'lon': None}","{'rh': 64.8, 'temp': 19.4, 'wd': 0.0, 'ws': 0.0, 'ws_scalar': 0.0}","{'gas': {'co': 18144, 'co2': 13267, 'no': 18145, 'no2': 18146, 'o3': 18147}, 'pm': {'pm1': 13221, 'pm10': 13223, 'pm25': 13222}}",1.9,6.4,6.89,7.25,7.48,7.48,732679177,64.8,MOD-00620,19.4,2026-07-18T07:46:00,2026-07-18T00:46:00,https://api.quant-aq.com/v1/devices/MOD-00620/data/732678971
378.43,649.77,"{'lat': None, 'lon': None}","{'rh': 65.1, 'temp': 19.4, 'wd': 0.0, 'ws': 0.0, 'ws_scalar': 0.0}","{'gas': {'co': 18144, 'co2': 13267, 'no': 18145, 'no2': 18146, 'o3': 18147}, 'pm': {'pm1': 13221, 'pm10': 13223, 'pm25': 13222}}",1.89,6.39,8.7,6.38,8.32,6.75,732679178,65.1,MOD-00620,19.4,2026-07-18T07:45:00,2026-07-18T00:45:00,https://api.quant-aq.com/v1/devices/MOD-00620/data/732678972
381.55,645.31,"{'lat': None, 'lon': None}","{'rh': 65.9, 'temp': 19.4, 'wd': 0.0, 'ws': 0.0, 'ws_scalar': 0.0}","{'gas': {'co': 18144, 'co2': 13267, 'no': 18145, 'no2': 18146, 'o3': 18147}, 'pm': {'pm1': 13221, 'pm10': 13223, 'pm25': 13222}}",2.34,6.95,6.44,6.79,8.06,7.28,732679176,65.9,MOD-00620,19.4,2026-07-18T07:44:00,2026-07-18T00:44:00,https://api.quant-aq.com/v1/devices/MOD-00620/data/732678970
394.21,649.77,"{'lat': None, 'lon': None}","{'rh': 65.4, 'temp': 19.4, 'wd': 0.0, 'ws': 0.0, 'ws_scalar': 0.0}","{'gas': {'co': 18144, 'co2': 13267, 'no': 18145, 'no2': 18146, 'o3': 18147}, 'pm': {'pm1': 13221, 'pm10': 13223, 'pm25': 13222}}",1.4,7.91,6.9,7.27,9.64,7.62,732679175,65.4,MOD-00620,19.4,2026-07-18T07:43:00,2026-07-18T00:43:00,https://api.quant-aq.com/v1/devices/MOD-00620/data/732678969
390.33,646.4,"{'lat': None, 'lon': None}","{'rh': 64.5, 'temp': 19.4, 'wd': 0.0, 'ws': 0.0, 'ws_scalar': 0.0}","{'gas': {'co': 18144, 'co2': 13267, 'no': 18145, 'no2': 18146, 'o3': 18147}, 'pm': {'pm1': 13221, 'pm10': 13223, 'pm25': 13222}}",1.98,6.42,8.74,7.13,8.44,7.51,732677037,64.5,MOD-00620,19.4,2026-07-18T07:42:00,2026-07-18T00:42:00,https://api.quant-aq.com/v1/devices/MOD-00620/data/732676831
383.68,652.66,"{'lat': None, 'lon': None}","{'rh': 65.8, 'temp': 19.4, 'wd': 0.0, 'ws': 0.0, 'ws_scalar': 0.0}","{'gas': {'co': 18144, 'co2': 13267, 'no': 18145, 'no2': 18146, 'o3': 18147}, 'pm': {'pm1': 13221, 'pm10': 13223, 'pm25': 13222}}",2.27,6.74,7.49,6.72,9.23,7.01,732677036,65.8,MOD-00620,19.4,2026-07-18T07:41:00,2026-07-18T00:41:00,https://api.quant-aq.com/v1/devices/MOD-00620/data/732676830
385.05,653.99,"{'lat': None, 'lon': None}","{'rh': 65.6, 'temp': 19.4, 'wd': 0.0, 'ws': 0.0, 'ws_scalar': 0.0}","{'gas': {'co': 18144, 'co2': 13267, 'no': 18145, 'no2': 18146, 'o3': 18147}, 'pm': {'pm1': 13221, 'pm10': 13223, 'pm25': 13222}}",1.46,7.65,7.01,6.44,9.37,6.86,732677038,65.6,MOD-00620,19.4,2026-07-18T07:40:00,2026-07-18T00:40:00,https://api.quant-aq.com/v1/devices/MOD-00620/data/732676832
398.73,650.97,"{'lat': None, 'lon': None}","{'rh': 64.8, 'temp': 19.4, 'wd': 0.0, 'ws': 0.0, 'ws_scalar': 0.0}","{'gas': {'co': 18144, 'co2': 13267, 'no': 18145, 'no2': 18146, 'o3': 18147}, 'pm': {'pm1': 13221, 'pm10': 13223, 'pm25': 13222}}",1.56,7.0,7.89,6.99,9.69,7.49,732677035,64.8,MOD-00620,19.4,2026-07-18T07:39:00,2026-07-18T00:39:00,https://api.quant-aq.com/v1/devices/MOD-00620/data/732676829
395.73,647.84,"{'lat': None, 'lon': None}","{'rh': 64.4, 'temp': 19.4, 'wd': 0.0, 'ws': 0.0, 'ws_scalar': 0.0}","{'gas': {'co': 18144, 'co2': 13267, 'no': 18145, 'no2': 18146, 'o3': 18147}, 'pm': {'pm1': 13221, 'pm10': 13223, 'pm25': 13222}}",2.33,6.24,8.42,7.21,8.71,7.6,732674891,64.4,MOD-00620,19.4,2026-07-18T07:38:00,2026-07-18T00:38:00,https://api.quant-aq.com/v1/devices/MOD-00620/data/732674685
392.51,651.58,"{'lat': None, 'lon': None}","{'rh': 64.9, 'temp': 19.4, 'wd': 0.0, 'ws': 0.0, 'ws_scalar': 0.0}","{'gas': {'co': 18144, 'co2': 13267, 'no': 18145, 'no2': 18146, 'o3': 18147}, 'pm': {'pm1': 13221, 'pm10': 13223, 'pm25': 13222}}",1.83,6.4,9.17,5.9,11.25,6.31,732674890,64.9,MOD-00620,19.4,2026-07-18T07:37:00,2026-07-18T00:37:00,https://api.quant-aq.com/v1/devices/MOD-00620/data/732674684
384.83,657.72,"{'lat': None, 'lon': None}","{'rh': 65.9, 'temp': 19.4, 'wd': 0.0, 'ws': 0.0, 'ws_scalar': 0.0}","{'gas': {'co': 18144, 'co2': 13267, 'no': 18145, 'no2': 18146, 'o3': 18147}, 'pm': {'pm1': 13221, 'pm10': 13223, 'pm25': 13222}}",2.27,6.54,7.6,6.51,7.67,6.9,732674889,65.9,MOD-00620,19.4,2026-07-18T07:36:00,2026-07-18T00:36:00,https://api.quant-aq.com/v1/devices/MOD-00620/data/732674683
389.14,654.95,"{'lat': None, 'lon': None}","{'rh': 66.2, 'temp': 19.4, 'wd': 0.0, 'ws': 0.0, 'ws_scalar': 0.0}","{'gas': {'co': 18144, 'co2': 13267, 'no': 18145, 'no2': 18146, 'o3': 18147}, 'pm': {'pm1': 13221, 'pm10': 13223, 'pm25': 13222}}",1.51,8.67,6.93,6.36,13.41,6.88,732674888,66.2,MOD-00620,19.4,2026-07-18T07:35:00,2026-07-18T00:35:00,https://api.quant-aq.com/v1/devices/MOD-00620/data/732674682
385.4,646.52,"{'lat': None, 'lon': None}","{'rh': 65.1, 'temp': 19.4, 'wd': 0.0, 'ws': 0.0, 'ws_scalar': 0.0}","{'gas': {'co': 18144, 'co2': 13267, 'no': 18145, 'no2': 18146, 'o3': 18147}, 'pm': {'pm1': 13221, 'pm10': 13223, 'pm25': 13222}}",1.62,7.92,7.38,7.08,12.5,7.54,732672663,65.1,MOD-00620,19.4,2026-07-18T07:34:00,2026-07-18T00:34:00,https://api.quant-aq.com/v1/devices/MOD-00620/data/732672457
390.81,649.17,"{'lat': None, 'lon': None}","{'rh': 64.4, 'temp': 19.4, 'wd': 0.0, 'ws': 0.0, 'ws_scalar': 0.0}","{'gas': {'co': 18144, 'co2': 13267, 'no': 18145, 'no2': 18146, 'o3': 18147}, 'pm': {'pm1': 13221, 'pm10': 13223, 'pm25': 13222}}",1.71,7.02,7.92,6.42,12.96,6.78,732672666,64.4,MOD-00620,19.4,2026-07-18T07:33:00,2026-07-18T00:33:00,https://api.quant-aq.com/v1/devices/MOD-00620/data/732672460
391.15,643.99,"{'lat': None, 'lon': None}","{'rh': 64.5, 'temp': 19.4, 'wd': 0.0, 'ws': 0.0, 'ws_scalar': 0.0}","{'gas': {'co': 18144, 'co2': 13267, 'no': 18145, 'no2': 18146, 'o3': 18147}, 'pm': {'pm1': 13221, 'pm10': 13223, 'pm25': 13222}}",2.19,6.42,7.37,6.16,10.13,6.59,732672665,64.5,MOD-00620,19.4,2026-07-18T07:32:00,2026-07-18T00:32:00,https://api.quant-aq.com/v1/devices/MOD-00620/data/732672459
394.29,646.04,"{'lat': None, 'lon': None}","{'rh': 64.7, 'temp': 19.4, 'wd': 0.0, 'ws': 0.0, 'ws_scalar': 0.0}","{'gas': {'co': 18144, 'co2': 13267, 'no': 18145, 'no2': 18146, 'o3': 18147}, 'pm': {'pm1': 13221, 'pm10': 13223, 'pm25': 13222}}",1.7,7.45,6.74,6.18,8.03,6.69,732672664,64.7,MOD-00620,19.4,2026-07-18T07:31:00,2026-07-18T00:31:00,https://api.quant-aq.com/v1/devices/MOD-00620/data/732672458
395.46,643.27,"{'lat': None, 'lon': None}","{'rh': 64.2, 'temp': 19.4, 'wd': 0.0, 'ws': 0.0, 'ws_scalar': 0.0}","{'gas': {'co': 18144, 'co2': 13267, 'no': 18145, 'no2': 18146, 'o3': 18147}, 'pm': {'pm1': 13221, 'pm10': 13223, 'pm25': 13222}}",1.65,7.03,7.94,6.99,9.49,7.42,732670509,64.2,MOD-00620,19.4,2026-07-18T07:30:00,2026-07-18T00:30:00,https://api.quant-aq.com/v1/devices/MOD-00620/data/732670302
401.28,640.62,"{'lat': None, 'lon': None}","{'rh': 64.1, 'temp': 19.4, 'wd': 0.0, 'ws': 0.0, 'ws_scalar': 0.0}","{'gas': {'co': 18144, 'co2': 13267, 'no': 18145, 'no2': 18146, 'o3': 18147}, 'pm': {'pm1': 13221, 'pm10': 13223, 'pm25': 13222}}",1.73,6.83,7.61,6.45,9.86,6.78,732670510,64.1,MOD-00620,19.4,2026-07-18T07:29:00,2026-07-18T00:29:00,https://api.quant-aq.com/v1/devices/MOD-00620/data/732670303
406.2,642.78,"{'lat': None, 'lon': None}","{'rh': 64.1, 'temp': 19.4, 'wd': 0.0, 'ws': 0.0, 'ws_scalar': 0.0}","{'gas': {'co': 18144, 'co2': 13267, 'no': 18145, 'no2': 18146, 'o3': 18147}, 'pm': {'pm1': 13221, 'pm10': 13223, 'pm25': 13222}}",1.79,7.04,7.03,6.42,8.22,6.64,732670511,64.1,MOD-00620,19.4,2026-07-18T07:28:00,2026-07-18T00:28:00,https://api.quant-aq.com/v1/devices/MOD-00620/data/732670305
398.41,643.02,"{'lat': None, 'lon': None}","{'rh': 64.1, 'temp': 19.4, 'wd': 0.0, 'ws': 0.0, 'ws_scalar': 0.0}","{'gas': {'co': 18144, 'co2': 13267, 'no': 18145, 'no2': 18146, 'o3': 18147}, 'pm': {'pm1': 13221, 'pm10': 13223, 'pm25': 13222}}",1.73,6.63,8.19,6.65,16.43,7.1,732670508,64.1,MOD-00620,19.4,2026-07-18T07:27:00,2026-07-18T00:27:00,https://api.quant-aq.com/v1/devices/MOD-00620/data/732670304
399.03,639.53,"{'lat': None, 'lon': None}","{'rh': 63.8, 'temp': 19.4, 'wd': 0.0, 'ws': 0.0, 'ws_scalar': 0.0}","{'gas': {'co': 18144, 'co2': 13267, 'no': 18145, 'no2': 18146, 'o3': 18147}, 'pm': {'pm1': 13221, 'pm10': 13223, 'pm25': 13222}}",1.94,7.27,7.39,6.54,18.49,7.05,732668279,63.8,MOD-00620,19.4,2026-07-18T07:26:00,2026-07-18T00:26:00,https://api.quant-aq.com/v1/devices/MOD-00620/data/732668073
399.03,643.02,"{'lat': None, 'lon': None}","{'rh': 63.8, 'temp': 19.4, 'wd': 0.0, 'ws': 0.0, 'ws_scalar': 0.0}","{'gas': {'co': 18144, 'co2': 13267, 'no': 18145, 'no2': 18146, 'o3': 18147}, 'pm': {'pm1': 13221, 'pm10': 13223, 'pm25': 13222}}",1.81,6.46,8.34,6.24,10.63,6.69,732668278,63.8,MOD-00620,19.4,2026-07-18T07:25:00,2026-07-18T00:25:00,https://api.quant-aq.com/v1/devices/MOD-00620/data/732668071
399.03,639.41,"{'lat': None, 'lon': None}","{'rh': 63.8, 'temp': 19.4, 'wd': 0.0, 'ws': 0.0, 'ws_scalar': 0.0}","{'gas': {'co': 18144, 'co2': 13267, 'no': 18145, 'no2': 18146, 'o3': 18147}, 'pm': {'pm1': 13221, 'pm10': 13223, 'pm25': 13222}}",1.87,6.64,8.67,6.52,7.46,6.87,732668277,63.8,MOD-00620,19.4,2026-07-18T07:24:00,2026-07-18T00:24:00,https://api.quant-aq.com/v1/devices/MOD-00620/data/732668072
402.72,640.5,"{'lat': None, 'lon': None}","{'rh': 63.8, 'temp': 19.4, 'wd': 0.0, 'ws': 0.0, 'ws_scalar': 0.0}","{'gas': {'co': 18144, 'co2': 13267, 'no': 18145, 'no2': 18146, 'o3': 18147}, 'pm': {'pm1': 13221, 'pm10': 13223, 'pm25': 13222}}",1.94,7.05,7.97,6.63,9.85,7.01,732668276,63.8,MOD-00620,19.4,2026-07-18T07:23:00,2026-07-18T00:23:00,https://api.quant-aq.com/v1/devices/MOD-00620/data/732668070
387.95,637.6,"{'lat': None, 'lon': None}","{'rh': 63.8, 'temp': 19.4, 'wd': 0.0, 'ws': 0.0, 'ws_scalar': 0.0}","{'gas': {'co': 18144, 'co2': 13267, 'no': 18145, 'no2': 18146, 'o3': 18147}, 'pm': {'pm1': 13221, 'pm10': 13223, 'pm25': 13222}}",1.94,6.64,8.21,6.51,9.49,7.02,732666090,63.8,MOD-00620,19.4,2026-07-18T07:22:00,2026-07-18T00:22:00,https://api.quant-aq.com/v1/devices/MOD-00620/data/732665884
363.76,635.56,"{'lat': None, 'lon': None}","{'rh': 63.8, 'temp': 19.4, 'wd': 0.0, 'ws': 0.0, 'ws_scalar': 0.0}","{'gas': {'co': 18144, 'co2': 13267, 'no': 18145, 'no2': 18146, 'o3': 18147}, 'pm': {'pm1': 13221, 'pm10': 13223, 'pm25': 13222}}",1.81,6.84,8.55,6.32,7.46,6.69,732666089,63.8,MOD-00620,19.4,2026-07-18T07:21:00,2026-07-18T00:21:00,https://api.quant-aq.com/v1/devices/MOD-00620/data/732665883
364.17,634.35,"{'lat': None, 'lon': None}","{'rh': 63.8, 'temp': 19.4, 'wd': 0.0, 'ws': 0.0, 'ws_scalar': 0.0}","{'gas': {'co': 18144, 'co2': 13267, 'no': 18145, 'no2': 18146, 'o3': 18147}, 'pm': {'pm1': 13221, 'pm10': 13223, 'pm25': 13222}}",1.87,6.28,8.92,6.55,10.85,6.94,732666088,63.8,MOD-00620,19.4,2026-07-18T07:20:00,2026-07-18T00:20:00,https://api.quant-aq.com/v1/devices/MOD-00620/data/732665882
364.47,636.64,"{'lat': None, 'lon': None}","{'rh': 63.8, 'temp': 19.3, 'wd': 0.0, 'ws': 0.0, 'ws_scalar': 0.0}","{'gas': {'co': 18144, 'co2': 13267, 'no': 18145, 'no2': 18146, 'o3': 18147}, 'pm': {'pm1': 13221, 'pm10': 13223, 'pm25': 13222}}",1.89,6.45,9.26,6.83,13.91,7.32,732666087,63.8,MOD-00620,19.3,2026-07-18T07:19:00,2026-07-18T00:19:00,https://api.quant-aq.com/v1/devices/MOD-00620/data/732665881
364.06,628.81,"{'lat': None, 'lon': None}","{'rh': 63.8, 'temp': 19.3, 'wd': 0.0, 'ws': 0.0, 'ws_scalar': 0.0}","{'gas': {'co': 18144, 'co2': 13267, 'no': 18145, 'no2': 18146, 'o3': 18147}, 'pm': {'pm1': 13221, 'pm10': 13223, 'pm25': 13222}}",2.09,5.93,9.63,6.48,8.05,7.04,732663981,63.8,MOD-00620,19.3,2026-07-18T07:18:00,2026-07-18T00:18:00,https://api.quant-aq.com/v1/devices/MOD-00620/data/732663775
367.04,637.97,"{'lat': None, 'lon': None}","{'rh': 64.8, 'temp': 19.3, 'wd': 0.0, 'ws': 0.0, 'ws_scalar': 0.0}","{'gas': {'co': 18144, 'co2': 13267, 'no': 18145, 'no2': 18146, 'o3': 18147}, 'pm': {'pm1': 13221, 'pm10': 13223, 'pm25': 13222}}",2.33,6.4,9.64,6.82,8.38,7.27,732663979,64.8,MOD-00620,19.3,2026-07-18T07:17:00,2026-07-18T00:17:00,https://api.quant-aq.com/v1/devices/MOD-00620/data/732663773
362.17,641.34,"{'lat': None, 'lon': None}","{'rh': 65.9, 'temp': 19.3, 'wd': 0.0, 'ws': 0.0, 'ws_scalar': 0.0}","{'gas': {'co': 18144, 'co2': 13267, 'no': 18145, 'no2': 18146, 'o3': 18147}, 'pm': {'pm1': 13221, 'pm10': 13223, 'pm25': 13222}}",1.26,8.7,6.96,6.7,9.41,7.11,732663980,65.9,MOD-00620,19.3,2026-07-18T07:16:00,2026-07-18T00:16:00,https://api.quant-aq.com/v1/devices/MOD-00620/data/732663774
351.8,639.89,"{'lat': None, 'lon': None}","{'rh': 64.9, 'temp': 19.3, 'wd': 0.0, 'ws': 0.0, 'ws_scalar': 0.0}","{'gas': {'co': 18144, 'co2': 13267, 'no': 18145, 'no2': 18146, 'o3': 18147}, 'pm': {'pm1': 13221, 'pm10': 13223, 'pm25': 13222}}",1.71,7.22,8.69,5.91,11.4,6.33,732663978,64.9,MOD-00620,19.3,2026-07-18T07:15:00,2026-07-18T00:15:00,https://api.quant-aq.com/v1/devices/MOD-00620/data/732663772
356.18,637.85,"{'lat': None, 'lon': None}","{'rh': 64.5, 'temp': 19.3, 'wd': 0.0, 'ws': 0.0, 'ws_scalar': 0.0}","{'gas': {'co': 18144, 'co2': 13267, 'no': 18145, 'no2': 18146, 'o3': 18147}, 'pm': {'pm1': 13221, 'pm10': 13223, 'pm25': 13222}}",1.45,7.02,8.38,6.64,7.79,7.19,732661796,64.5,MOD-00620,19.3,2026-07-18T07:14:00,2026-07-18T00:14:00,https://api.quant-aq.com/v1/devices/MOD-00620/data/732661591
354.14,635.8,"{'lat': None, 'lon': None}","{'rh': 63.9, 'temp': 19.3, 'wd': 0.0, 'ws': 0.0, 'ws_scalar': 0.0}","{'gas': {'co': 18144, 'co2': 13267, 'no': 18145, 'no2': 18146, 'o3': 18147}, 'pm': {'pm1': 13221, 'pm10': 13223, 'pm25': 13222}}",1.89,6.09,10.41,6.16,20.11,6.53,732661791,63.9,MOD-00620,19.3,2026-07-18T07:13:00,2026-07-18T00:13:00,https://api.quant-aq.com/v1/devices/MOD-00620/data/732661585
360.08,637.36,"{'lat': None, 'lon': None}","{'rh': 64.2, 'temp': 19.3, 'wd': 0.0, 'ws': 0.0, 'ws_scalar': 0.0}","{'gas': {'co': 18144, 'co2': 13267, 'no': 18145, 'no2': 18146, 'o3': 18147}, 'pm': {'pm1': 13221, 'pm10': 13223, 'pm25': 13222}}",2.15,5.91,9.6,6.43,8.66,6.87,732661792,64.2,MOD-00620,19.3,2026-07-18T07:12:00,2026-07-18T00:12:00,https://api.quant-aq.com/v1/devices/MOD-00620/data/732661586
368.67,642.42,"{'lat': None, 'lon': None}","{'rh': 65.4, 'temp': 19.3, 'wd': 0.0, 'ws': 0.0, 'ws_scalar': 0.0}","{'gas': {'co': 18144, 'co2': 13267, 'no': 18145, 'no2': 18146, 'o3': 18147}, 'pm': {'pm1': 13221, 'pm10': 13223, 'pm25': 13222}}",1.76,7.2,8.19,6.22,7.35,6.5,732661793,65.4,MOD-00620,19.3,2026-07-18T07:11:00,2026-07-18T00:11:00,https://api.quant-aq.com/v1/devices/MOD-00620/data/732661587
376.27,642.54,"{'lat': None, 'lon': None}","{'rh': 65.1, 'temp': 19.3, 'wd': 0.0, 'ws': 0.0, 'ws_scalar': 0.0}","{'gas': {'co': 18144, 'co2': 13267, 'no': 18145, 'no2': 18146, 'o3': 18147}, 'pm': {'pm1': 13221, 'pm10': 13223, 'pm25': 13222}}",1.57,7.44,7.64,6.46,14.3,6.84,732659557,65.1,MOD-00620,19.3,2026-07-18T07:10:00,2026-07-18T00:10:00,https://api.quant-aq.com/v1/devices/MOD-00620/data/732659352
382.15,642.54,"{'lat': None, 'lon': None}","{'rh': 64.9, 'temp': 19.3, 'wd': 0.0, 'ws': 0.0, 'ws_scalar': 0.0}","{'gas': {'co': 18144, 'co2': 13267, 'no': 18145, 'no2': 18146, 'o3': 18147}, 'pm': {'pm1': 13221, 'pm10': 13223, 'pm25': 13222}}",1.58,7.22,8.69,6.85,7.62,7.21,732659555,64.9,MOD-00620,19.3,2026-07-18T07:09:00,2026-07-18T00:09:00,https://api.quant-aq.com/v1/devices/MOD-00620/data/732659349
384.56,645.67,"{'lat': None, 'lon': None}","{'rh': 65.4, 'temp': 19.2, 'wd': 0.0, 'ws': 0.0, 'ws_scalar': 0.0}","{'gas': {'co': 18144, 'co2': 13267, 'no': 18145, 'no2': 18146, 'o3': 18147}, 'pm': {'pm1': 13221, 'pm10': 13223, 'pm25': 13222}}",2.05,6.56,8.57,6.24,7.88,6.57,732659556,65.4,MOD-00620,19.2,2026-07-18T07:08:00,2026-07-18T00:08:00,https://api.quant-aq.com/v1/devices/MOD-00620/data/732659351
393.37,646.4,"{'lat': None, 'lon': None}","{'rh': 65.7, 'temp': 19.2, 'wd': 0.0, 'ws': 0.0, 'ws_scalar': 0.0}","{'gas': {'co': 18144, 'co2': 13267, 'no': 18145, 'no2': 18146, 'o3': 18147}, 'pm': {'pm1': 13221, 'pm10': 13223, 'pm25': 13222}}",1.36,8.74,7.44,6.66,7.77,7.04,732659554,65.7,MOD-00620,19.2,2026-07-18T07:07:00,2026-07-18T00:07:00,https://api.quant-aq.com/v1/devices/MOD-00620/data/732659348
385.04,640.01,"{'lat': None, 'lon': None}","{'rh': 65.3, 'temp': 19.2, 'wd': 0.0, 'ws': 0.0, 'ws_scalar': 0.0}","{'gas': {'co': 18144, 'co2': 13267, 'no': 18145, 'no2': 18146, 'o3': 18147}, 'pm': {'pm1': 13221, 'pm10': 13223, 'pm25': 13222}}",1.98,6.77,8.92,7.08,11.67,7.34,732657442,65.3,MOD-00620,19.2,2026-07-18T07:06:00,2026-07-18T00:06:00,https://api.quant-aq.com/v1/devices/MOD-00620/data/732657236
389.59,645.19,"{'lat': None, 'lon': None}","{'rh': 66.4, 'temp': 19.2, 'wd': 0.0, 'ws': 0.0, 'ws_scalar': 0.0}","{'gas': {'co': 18144, 'co2': 13267, 'no': 18145, 'no2': 18146, 'o3': 18147}, 'pm': {'pm1': 13221, 'pm10': 13223, 'pm25': 13222}}",1.53,9.0,6.81,6.41,13.42,6.76,732657443,66.4,MOD-00620,19.2,2026-07-18T07:05:00,2026-07-18T00:05:00,https://api.quant-aq.com/v1/devices/MOD-00620/data/732657237
387.97,642.54,"{'lat': None, 'lon': None}","{'rh': 65.8, 'temp': 19.2, 'wd': 0.0, 'ws': 0.0, 'ws_scalar': 0.0}","{'gas': {'co': 18144, 'co2': 13267, 'no': 18145, 'no2': 18146, 'o3': 18147}, 'pm': {'pm1': 13221, 'pm10': 13223, 'pm25': 13222}}",1.22,9.02,6.86,6.85,13.86,7.37,732657441,65.8,MOD-00620,19.2,2026-07-18T07:04:00,2026-07-18T00:04:00,https://api.quant-aq.com/v1/devices/MOD-00620/data/732657235
385.94,639.05,"{'lat': None, 'lon': None}","{'rh': 64.6, 'temp': 19.2, 'wd': 0.0, 'ws': 0.0, 'ws_scalar': 0.0}","{'gas': {'co': 18144, 'co2': 13267, 'no': 18145, 'no2': 18146, 'o3': 18147}, 'pm': {'pm1': 13221, 'pm10': 13223, 'pm25': 13222}}",1.67,7.02,9.76,6.47,7.91,6.92,732657440,64.6,MOD-00620,19.2,2026-07-18T07:03:00,2026-07-18T00:03:00,https://api.quant-aq.com/v1/devices/MOD-00620/data/732657234
395.62,641.34,"{'lat': None, 'lon': None}","{'rh': 66.0, 'temp': 19.2, 'wd': 0.0, 'ws': 0.0, 'ws_scalar': 0.0}","{'gas': {'co': 18144, 'co2': 13267, 'no': 18145, 'no2': 18146, 'o3': 18147}, 'pm': {'pm1': 13221, 'pm10': 13223, 'pm25': 13222}}",1.82,8.18,7.21,7.1,13.64,7.56,732655285,66.0,MOD-00620,19.2,2026-07-18T07:02:00,2026-07-18T00:02:00,https://api.quant-aq.com/v1/devices/MOD-00620/data/732655078
387.29,644.71,"{'lat': None, 'lon': None}","{'rh': 65.6, 'temp': 19.2, 'wd': 0.0, 'ws': 0.0, 'ws_scalar': 0.0}","{'gas': {'co': 18144, 'co2': 13267, 'no': 18145, 'no2': 18146, 'o3': 18147}, 'pm': {'pm1': 13221, 'pm10': 13223, 'pm25': 13222}}",1.5,7.93,8.73,7.26,11.34,7.7,732655282,65.6,MOD-00620,19.2,2026-07-18T07:01:00,2026-07-18T00:01:00,https://api.quant-aq.com/v1/devices/MOD-00620/data/732655076
385.97,646.16,"{'lat': None, 'lon': None}","{'rh': 66.3, 'temp': 19.2, 'wd': 0.0, 'ws': 0.0, 'ws_scalar': 0.0}","{'gas': {'co': 18144, 'co2': 13267, 'no': 18145, 'no2': 18146, 'o3': 18147}, 'pm': {'pm1': 13221, 'pm10': 13223, 'pm25': 13222}}",1.67,8.72,7.4,7.52,12.86,8.0,732655286,66.3,MOD-00620,19.2,2026-07-18T07:00:00,2026-07-18T00:00:00,https://api.quant-aq.com/v1/devices/MOD-00620/data/732655079
386.21,642.3,"{'lat': None, 'lon': None}","{'rh': 65.8, 'temp': 19.1, 'wd': 0.0, 'ws': 0.0, 'ws_scalar': 0.0}","{'gas': {'co': 18144, 'co2': 13267, 'no': 18145, 'no2': 18146, 'o3': 18147}, 'pm': {'pm1': 13221, 'pm10': 13223, 'pm25': 13222}}",1.37,8.21,7.69,6.99,7.67,7.36,732655284,65.8,MOD-00620,19.1,2026-07-18T06:59:00,2026-07-17T23:59:00,https://api.quant-aq.com/v1/devices/MOD-00620/data/732655080
391.21,641.46,"{'lat': None, 'lon': None}","{'rh': 65.7, 'temp': 19.1, 'wd': 0.0, 'ws': 0.0, 'ws_scalar': 0.0}","{'gas': {'co': 18144, 'co2': 13267, 'no': 18145, 'no2': 18146, 'o3': 18147}, 'pm': {'pm1': 13221, 'pm10': 13223, 'pm25': 13222}}",1.64,8.77,7.0,6.67,10.92,7.05,732653124,65.7,MOD-00620,19.1,2026-07-18T06:58:00,2026-07-17T23:58:00,https://api.quant-aq.com/v1/devices/MOD-00620/data/732652918
394.49,642.78,"{'lat': None, 'lon': None}","{'rh': 65.7, 'temp': 19.1, 'wd': 0.0, 'ws': 0.0, 'ws_scalar': 0.0}","{'gas': {'co': 18144, 'co2': 13267, 'no': 18145, 'no2': 18146, 'o3': 18147}, 'pm': {'pm1': 13221, 'pm10': 13223, 'pm25': 13222}}",1.71,7.44,8.07,7.77,9.29,8.21,732653123,65.7,MOD-00620,19.1,2026-07-18T06:57:00,2026-07-17T23:57:00,https://api.quant-aq.com/v1/devices/MOD-00620/data/732652917
399.19,647.36,"{'lat': None, 'lon': None}","{'rh': 66.6, 'temp': 19.1, 'wd': 0.0, 'ws': 0.0, 'ws_scalar': 0.0}","{'gas': {'co': 18144, 'co2': 13267, 'no': 18145, 'no2': 18146, 'o3': 18147}, 'pm': {'pm1': 13221, 'pm10': 13223, 'pm25': 13222}}",1.41,9.63,6.11,7.1,10.56,7.54,732653121,66.6,MOD-00620,19.1,2026-07-18T06:56:00,2026-07-17T23:56:00,https://api.quant-aq.com/v1/devices/MOD-00620/data/732652915
398.37,648.2,"{'lat': None, 'lon': None}","{'rh': 66.6, 'temp': 19.1, 'wd': 0.0, 'ws': 0.0, 'ws_scalar': 0.0}","{'gas': {'co': 18144, 'co2': 13267, 'no': 18145, 'no2': 18146, 'o3': 18147}, 'pm': {'pm1': 13221, 'pm10': 13223, 'pm25': 13222}}",1.41,9.33,6.23,6.64,8.68,7.01,732653122,66.6,MOD-00620,19.1,2026-07-18T06:55:00,2026-07-17T23:55:00,https://api.quant-aq.com/v1/devices/MOD-00620/data/732652916
397.88,646.52,"{'lat': None, 'lon': None}","{'rh': 66.7, 'temp': 19.1, 'wd': 0.0, 'ws': 0.0, 'ws_scalar': 0.0}","{'gas': {'co': 18144, 'co2': 13267, 'no': 18145, 'no2': 18146, 'o3': 18147}, 'pm': {'pm1': 13221, 'pm10': 13223, 'pm25': 13222}}",1.61,8.18,7.17,6.99,15.34,7.55,732650905,66.7,MOD-00620,19.1,2026-07-18T06:54:00,2026-07-17T23:54:00,https://api.quant-aq.com/v1/devices/MOD-00620/data/732650698
398.49,649.05,"{'lat': None, 'lon': None}","{'rh': 67.0, 'temp': 19.1, 'wd': 0.0, 'ws': 0.0, 'ws_scalar': 0.0}","{'gas': {'co': 18144, 'co2': 13267, 'no': 18145, 'no2': 18146, 'o3': 18147}, 'pm': {'pm1': 13221, 'pm10': 13223, 'pm25': 13222}}",1.19,9.33,6.66,7.21,25.31,7.61,732650907,67.0,MOD-00620,19.1,2026-07-18T06:53:00,2026-07-17T23:53:00,https://api.quant-aq.com/v1/devices/MOD-00620/data/732650701
399.61,647.96,"{'lat': None, 'lon': None}","{'rh': 67.0, 'temp': 19.0, 'wd': 0.0, 'ws': 0.0, 'ws_scalar': 0.0}","{'gas': {'co': 18144, 'co2': 13267, 'no': 18145, 'no2': 18146, 'o3': 18147}, 'pm': {'pm1': 13221, 'pm10': 13223, 'pm25': 13222}}",1.88,9.06,5.42,7.59,20.81,8.02,732650904,67.0,MOD-00620,19.0,2026-07-18T06:52:00,2026-07-17T23:52:00,https://api.quant-aq.com/v1/devices/MOD-00620/data/732650699
404.18,651.21,"{'lat': None, 'lon': None}","{'rh': 67.5, 'temp': 19.0, 'wd': 0.0, 'ws': 0.0, 'ws_scalar': 0.0}","{'gas': {'co': 18144, 'co2': 13267, 'no': 18145, 'no2': 18146, 'o3': 18147}, 'pm': {'pm1': 13221, 'pm10': 13223, 'pm25': 13222}}",1.25,10.3,5.81,6.44,7.73,6.96,732650906,67.5,MOD-00620,19.0,2026-07-18T06:51:00,2026-07-17T23:51:00,https://api.quant-aq.com/v1/devices/MOD-00620/data/732650700
404.39,645.79,"{'lat': None, 'lon': None}","{'rh': 67.2, 'temp': 19.0, 'wd': 0.0, 'ws': 0.0, 'ws_scalar': 0.0}","{'gas': {'co': 18144, 'co2': 13267, 'no': 18145, 'no2': 18146, 'o3': 18147}, 'pm': {'pm1': 13221, 'pm10': 13223, 'pm25': 13222}}",1.6,8.76,7.36,7.48,9.07,7.87,732648710,67.2,MOD-00620,19.0,2026-07-18T06:50:00,2026-07-17T23:50:00,https://api.quant-aq.com/v1/devices/MOD-00620/data/732648505
408.75,650.01,"{'lat': None, 'lon': None}","{'rh': 68.0, 'temp': 19.0, 'wd': 0.0, 'ws': 0.0, 'ws_scalar': 0.0}","{'gas': {'co': 18144, 'co2': 13267, 'no': 18145, 'no2': 18146, 'o3': 18147}, 'pm': {'pm1': 13221, 'pm10': 13223, 'pm25': 13222}}",1.78,10.3,6.22,7.81,15.97,8.29,732648708,68.0,MOD-00620,19.0,2026-07-18T06:49:00,2026-07-17T23:49:00,https://api.quant-aq.com/v1/devices/MOD-00620/data/732648502
404.09,653.14,"{'lat': None, 'lon': None}","{'rh': 68.8, 'temp': 19.0, 'wd': 0.0, 'ws': 0.0, 'ws_scalar': 0.0}","{'gas': {'co': 18144, 'co2': 13267, 'no': 18145, 'no2': 18146, 'o3': 18147}, 'pm': {'pm1': 13221, 'pm10': 13223, 'pm25': 13222}}",1.68,10.31,6.16,7.13,10.48,7.74,732648707,68.8,MOD-00620,19.0,2026-07-18T06:48:00,2026-07-17T23:48:00,https://api.quant-aq.com/v1/devices/MOD-00620/data/732648501
406.41,649.17,"{'lat': None, 'lon': None}","{'rh': 69.0, 'temp': 19.0, 'wd': 0.0, 'ws': 0.0, 'ws_scalar': 0.0}","{'gas': {'co': 18144, 'co2': 13267, 'no': 18145, 'no2': 18146, 'o3': 18147}, 'pm': {'pm1': 13221, 'pm10': 13223, 'pm25': 13222}}",1.53,11.98,4.17,8.06,9.95,8.65,732648706,69.0,MOD-00620,19.0,2026-07-18T06:47:00,2026-07-17T23:47:00,https://api.quant-aq.com/v1/devices/MOD-00620/data/732648500
405.27,647.48,"{'lat': None, 'lon': None}","{'rh': 67.7, 'temp': 19.0, 'wd': 0.0, 'ws': 0.0, 'ws_scalar': 0.0}","{'gas': {'co': 18144, 'co2': 13267, 'no': 18145, 'no2': 18146, 'o3': 18147}, 'pm': {'pm1': 13221, 'pm10': 13223, 'pm25': 13222}}",1.18,10.62,7.04,7.02,12.39,7.59,732646565,67.7,MOD-00620,19.0,2026-07-18T06:46:00,2026-07-17T23:46:00,https://api.quant-aq.com/v1/devices/MOD-00620/data/732646358
405.43,649.05,"{'lat': None, 'lon': None}","{'rh': 67.9, 'temp': 18.9, 'wd': 0.0, 'ws': 0.0, 'ws_scalar': 0.0}","{'gas': {'co': 18144, 'co2': 13267, 'no': 18145, 'no2': 18146, 'o3': 18147}, 'pm': {'pm1': 13221, 'pm10': 13223, 'pm25': 13222}}",1.25,10.36,5.33,6.67,16.04,7.33,732646564,67.9,MOD-00620,18.9,2026-07-18T06:45:00,2026-07-17T23:45:00,https://api.quant-aq.com/v1/devices/MOD-00620/data/732646359
411.03,650.37,"{'lat': None, 'lon': None}","{'rh': 68.1, 'temp': 18.9, 'wd': 0.0, 'ws': 0.0, 'ws_scalar': 0.0}","{'gas': {'co': 18144, 'co2': 13267, 'no': 18145, 'no2': 18146, 'o3': 18147}, 'pm': {'pm1': 13221, 'pm10': 13223, 'pm25': 13222}}",1.31,11.36,5.4,7.62,12.52,8.12,732646563,68.1,MOD-00620,18.9,2026-07-18T06:44:00,2026-07-17T23:44:00,https://api.quant-aq.com/v1/devices/MOD-00620/data/732646356
410.3,650.01,"{'lat': None, 'lon': None}","{'rh': 67.4, 'temp': 18.9, 'wd': 0.0, 'ws': 0.0, 'ws_scalar': 0.0}","{'gas': {'co': 18144, 'co2': 13267, 'no': 18145, 'no2': 18146, 'o3': 18147}, 'pm': {'pm1': 13221, 'pm10': 13223, 'pm25': 13222}}",1.34,9.71,7.44,6.72,14.65,7.14,732646562,67.4,MOD-00620,18.9,2026-07-18T06:43:00,2026-07-17T23:43:00,https://api.quant-aq.com/v1/devices/MOD-00620/data/732646357
404.81,651.21,"{'lat': None, 'lon': None}","{'rh': 68.2, 'temp': 18.9, 'wd': 0.0, 'ws': 0.0, 'ws_scalar': 0.0}","{'gas': {'co': 18144, 'co2': 13267, 'no': 18145, 'no2': 18146, 'o3': 18147}, 'pm': {'pm1': 13221, 'pm10': 13223, 'pm25': 13222}}",1.31,11.02,6.43,6.78,10.0,7.3,732644425,68.2,MOD-00620,18.9,2026-07-18T06:42:00,2026-07-17T23:42:00,https://api.quant-aq.com/v1/devices/MOD-00620/data/732644219
403.71,656.27,"{'lat': None, 'lon': None}","{'rh': 68.6, 'temp': 18.9, 'wd': 0.0, 'ws': 0.0, 'ws_scalar': 0.0}","{'gas': {'co': 18144, 'co2': 13267, 'no': 18145, 'no2': 18146, 'o3': 18147}, 'pm': {'pm1': 13221, 'pm10': 13223, 'pm25': 13222}}",1.91,10.7,6.07,6.78,10.63,7.21,732644427,68.6,MOD-00620,18.9,2026-07-18T06:41:00,2026-07-17T23:41:00,https://api.quant-aq.com/v1/devices/MOD-00620/data/732644221
399.06,655.19,"{'lat': None, 'lon': None}","{'rh': 68.8, 'temp': 18.9, 'wd': 0.0, 'ws': 0.0, 'ws_scalar': 0.0}","{'gas': {'co': 18144, 'co2': 13267, 'no': 18145, 'no2': 18146, 'o3': 18147}, 'pm': {'pm1': 13221, 'pm10': 13223, 'pm25': 13222}}",1.35,12.07,5.1,7.28,11.1,7.74,732644424,68.8,MOD-00620,18.9,2026-07-18T06:40:00,2026-07-17T23:40:00,https://api.quant-aq.com/v1/devices/MOD-00620/data/732644218
399.48,650.49,"{'lat': None, 'lon': None}","{'rh': 68.2, 'temp': 18.9, 'wd': 0.0, 'ws': 0.0, 'ws_scalar': 0.0}","{'gas': {'co': 18144, 'co2': 13267, 'no': 18145, 'no2': 18146, 'o3': 18147}, 'pm': {'pm1': 13221, 'pm10': 13223, 'pm25': 13222}}",1.38,11.36,5.85,7.13,14.83,7.61,732644426,68.2,MOD-00620,18.9,2026-07-18T06:39:00,2026-07-17T23:39:00,https://api.quant-aq.com/v1/devices/MOD-00620/data/732644220
404.43,647.48,"{'lat': None, 'lon': None}","{'rh': 68.0, 'temp': 18.8, 'wd': 0.0, 'ws': 0.0, 'ws_scalar': 0.0}","{'gas': {'co': 18144, 'co2': 13267, 'no': 18145, 'no2': 18146, 'o3': 18147}, 'pm': {'pm1': 13221, 'pm10': 13223, 'pm25': 13222}}",0.92,12.83,4.93,7.13,16.81,7.48,732642252,68.0,MOD-00620,18.8,2026-07-18T06:38:00,2026-07-17T23:38:00,https://api.quant-aq.com/v1/devices/MOD-00620/data/732642046
403.08,645.31,"{'lat': None, 'lon': None}","{'rh': 67.0, 'temp': 18.8, 'wd': 0.0, 'ws': 0.0, 'ws_scalar': 0.0}","{'gas': {'co': 18144, 'co2': 13267, 'no': 18145, 'no2': 18146, 'o3': 18147}, 'pm': {'pm1': 13221, 'pm10': 13223, 'pm25': 13222}}",1.3,11.41,6.41,7.22,13.51,7.81,732642251,67.0,MOD-00620,18.8,2026-07-18T06:37:00,2026-07-17T23:37:00,https://api.quant-aq.com/v1/devices/MOD-00620/data/732642045
400.89,645.07,"{'lat': None, 'lon': None}","{'rh': 67.2, 'temp': 18.8, 'wd': 0.0, 'ws': 0.0, 'ws_scalar': 0.0}","{'gas': {'co': 18144, 'co2': 13267, 'no': 18145, 'no2': 18146, 'o3': 18147}, 'pm': {'pm1': 13221, 'pm10': 13223, 'pm25': 13222}}",1.23,10.08,6.43,7.24,18.97,7.63,732642250,67.2,MOD-00620,18.8,2026-07-18T06:36:00,2026-07-17T23:36:00,https://api.quant-aq.com/v1/devices/MOD-00620/data/732642044
402.05,646.76,"{'lat': None, 'lon': None}","{'rh': 67.3, 'temp': 18.8, 'wd': 0.0, 'ws': 0.0, 'ws_scalar': 0.0}","{'gas': {'co': 18144, 'co2': 13267, 'no': 18145, 'no2': 18146, 'o3': 18147}, 'pm': {'pm1': 13221, 'pm10': 13223, 'pm25': 13222}}",1.56,10.08,6.88,7.23,14.76,7.71,732642249,67.3,MOD-00620,18.8,2026-07-18T06:35:00,2026-07-17T23:35:00,https://api.quant-aq.com/v1/devices/MOD-00620/data/732642043
404.64,647.6,"{'lat': None, 'lon': None}","{'rh': 67.7, 'temp': 18.8, 'wd': 0.0, 'ws': 0.0, 'ws_scalar': 0.0}","{'gas': {'co': 18144, 'co2': 13267, 'no': 18145, 'no2': 18146, 'o3': 18147}, 'pm': {'pm1': 13221, 'pm10': 13223, 'pm25': 13222}}",1.48,10.42,6.73,6.6,7.76,7.01,732640045,67.7,MOD-00620,18.8,2026-07-18T06:34:00,2026-07-17T23:34:00,https://api.quant-aq.com/v1/devices/MOD-00620/data/732639839
401.49,651.7,"{'lat': None, 'lon': None}","{'rh': 68.1, 'temp': 18.8, 'wd': 0.0, 'ws': 0.0, 'ws_scalar': 0.0}","{'gas': {'co': 18144, 'co2': 13267, 'no': 18145, 'no2': 18146, 'o3': 18147}, 'pm': {'pm1': 13221, 'pm10': 13223, 'pm25': 13222}}",1.53,11.09,6.45,7.05,11.1,7.45,732640048,68.1,MOD-00620,18.8,2026-07-18T06:33:00,2026-07-17T23:33:00,https://api.quant-aq.com/v1/devices/MOD-00620/data/732639841
398.61,655.07,"{'lat': None, 'lon': None}","{'rh': 68.7, 'temp': 18.8, 'wd': 0.0, 'ws': 0.0, 'ws_scalar': 0.0}","{'gas': {'co': 18144, 'co2': 13267, 'no': 18145, 'no2': 18146, 'o3': 18147}, 'pm': {'pm1': 13221, 'pm10': 13223, 'pm25': 13222}}",1.71,12.16,5.58,6.96,17.22,7.55,732640047,68.7,MOD-00620,18.8,2026-07-18T06:32:00,2026-07-17T23:32:00,https://api.quant-aq.com/v1/devices/MOD-00620/data/732639842
398.76,645.92,"{'lat': None, 'lon': None}","{'rh': 67.9, 'temp': 18.8, 'wd': 0.0, 'ws': 0.0, 'ws_scalar': 0.0}","{'gas': {'co': 18144, 'co2': 13267, 'no': 18145, 'no2': 18146, 'o3': 18147}, 'pm': {'pm1': 13221, 'pm10': 13223, 'pm25': 13222}}",0.86,12.47,5.52,7.45,19.58,7.98,732640046,67.9,MOD-00620,18.8,2026-07-18T06:31:00,2026-07-17T23:31:00,https://api.quant-aq.com/v1/devices/MOD-00620/data/732639840
399.69,635.08,"{'lat': None, 'lon': None}","{'rh': 67.0, 'temp': 18.7, 'wd': 0.0, 'ws': 0.0, 'ws_scalar': 0.0}","{'gas': {'co': 18144, 'co2': 13267, 'no': 18145, 'no2': 18146, 'o3': 18147}, 'pm': {'pm1': 13221, 'pm10': 13223, 'pm25': 13222}}",1.18,11.49,7.33,7.32,9.09,7.86,732637842,67.0,MOD-00620,18.7,2026-07-18T06:30:00,2026-07-17T23:30:00,https://api.quant-aq.com/v1/devices/MOD-00620/data/732637636
392.45,644.71,"{'lat': None, 'lon': None}","{'rh': 66.8, 'temp': 18.7, 'wd': 0.0, 'ws': 0.0, 'ws_scalar': 0.0}","{'gas': {'co': 18144, 'co2': 13267, 'no': 18145, 'no2': 18146, 'o3': 18147}, 'pm': {'pm1': 13221, 'pm10': 13223, 'pm25': 13222}}",1.26,10.8,7.59,7.99,9.92,8.48,732637840,66.8,MOD-00620,18.7,2026-07-18T06:29:00,2026-07-17T23:29:00,https://api.quant-aq.com/v1/devices/MOD-00620/data/732637635
393.61,642.9,"{'lat': None, 'lon': None}","{'rh': 66.9, 'temp': 18.7, 'wd': 0.0, 'ws': 0.0, 'ws_scalar': 0.0}","{'gas': {'co': 18144, 'co2': 13267, 'no': 18145, 'no2': 18146, 'o3': 18147}, 'pm': {'pm1': 13221, 'pm10': 13223, 'pm25': 13222}}",1.46,10.81,6.67,7.39,10.29,7.75,732637839,66.9,MOD-00620,18.7,2026-07-18T06:28:00,2026-07-17T23:28:00,https://api.quant-aq.com/v1/devices/MOD-00620/data/732637633
392.58,644.35,"{'lat': None, 'lon': None}","{'rh': 67.2, 'temp': 18.7, 'wd': 0.0, 'ws': 0.0, 'ws_scalar': 0.0}","{'gas': {'co': 18144, 'co2': 13267, 'no': 18145, 'no2': 18146, 'o3': 18147}, 'pm': {'pm1': 13221, 'pm10': 13223, 'pm25': 13222}}",1.31,10.47,7.23,7.06,9.67,7.66,732637841,67.2,MOD-00620,18.7,2026-07-18T06:27:00,2026-07-17T23:27:00,https://api.quant-aq.com/v1/devices/MOD-00620/data/732637634
393.26,638.09,"{'lat': None, 'lon': None}","{'rh': 67.4, 'temp': 18.7, 'wd': 0.0, 'ws': 0.0, 'ws_scalar': 0.0}","{'gas': {'co': 18144, 'co2': 13267, 'no': 18145, 'no2': 18146, 'o3': 18147}, 'pm': {'pm1': 13221, 'pm10': 13223, 'pm25': 13222}}",1.37,10.81,7.09,7.43,17.6,7.94,732635666,67.4,MOD-00620,18.7,2026-07-18T06:26:00,2026-07-17T23:26:00,https://api.quant-aq.com/v1/devices/MOD-00620/data/732635460
394.83,647.12,"{'lat': None, 'lon': None}","{'rh': 67.5, 'temp': 18.7, 'wd': 0.0, 'ws': 0.0, 'ws_scalar': 0.0}","{'gas': {'co': 18144, 'co2': 13267, 'no': 18145, 'no2': 18146, 'o3': 18147}, 'pm': {'pm1': 13221, 'pm10': 13223, 'pm25': 13222}}",1.16,10.81,6.17,7.52,22.38,8.09,732635664,67.5,MOD-00620,18.7,2026-07-18T06:25:00,2026-07-17T23:25:00,https://api.quant-aq.com/v1/devices/MOD-00620/data/732635458
396.4,647.0,"{'lat': None, 'lon': None}","{'rh': 67.6, 'temp': 18.7, 'wd': 0.0, 'ws': 0.0, 'ws_scalar': 0.0}","{'gas': {'co': 18144, 'co2': 13267, 'no': 18145, 'no2': 18146, 'o3': 18147}, 'pm': {'pm1': 13221, 'pm10': 13223, 'pm25': 13222}}",1.3,11.15,6.04,6.53,7.94,6.99,732635665,67.6,MOD-00620,18.7,2026-07-18T06:24:00,2026-07-17T23:24:00,https://api.quant-aq.com/v1/devices/MOD-00620/data/732635459
398.72,648.57,"{'lat': None, 'lon': None}","{'rh': 67.8, 'temp': 18.7, 'wd': 0.0, 'ws': 0.0, 'ws_scalar': 0.0}","{'gas': {'co': 18144, 'co2': 13267, 'no': 18145, 'no2': 18146, 'o3': 18147}, 'pm': {'pm1': 13221, 'pm10': 13223, 'pm25': 13222}}",1.29,10.81,6.61,6.91,10.61,7.38,732635663,67.8,MOD-00620,18.7,2026-07-18T06:23:00,2026-07-17T23:23:00,https://api.quant-aq.com/v1/devices/MOD-00620/data/732635457
400.84,648.69,"{'lat': None, 'lon': None}","{'rh': 67.7, 'temp': 18.7, 'wd': 0.0, 'ws': 0.0, 'ws_scalar': 0.0}","{'gas': {'co': 18144, 'co2': 13267, 'no': 18145, 'no2': 18146, 'o3': 18147}, 'pm': {'pm1': 13221, 'pm10': 13223, 'pm25': 13222}}",1.29,11.85,6.25,7.1,10.06,7.53,732633502,67.7,MOD-00620,18.7,2026-07-18T06:22:00,2026-07-17T23:22:00,https://api.quant-aq.com/v1/devices/MOD-00620/data/732633296
404.59,656.63,"{'lat': None, 'lon': None}","{'rh': 68.2, 'temp': 18.7, 'wd': 0.0, 'ws': 0.0, 'ws_scalar': 0.0}","{'gas': {'co': 18144, 'co2': 13267, 'no': 18145, 'no2': 18146, 'o3': 18147}, 'pm': {'pm1': 13221, 'pm10': 13223, 'pm25': 13222}}",2.22,10.14,6.37,7.27,19.46,7.73,732633500,68.2,MOD-00620,18.7,2026-07-18T06:21:00,2026-07-17T23:21:00,https://api.quant-aq.com/v1/devices/MOD-00620/data/732633294
402.1,657.36,"{'lat': None, 'lon': None}","{'rh': 69.4, 'temp': 18.7, 'wd': 0.0, 'ws': 0.0, 'ws_scalar': 0.0}","{'gas': {'co': 18144, 'co2': 13267, 'no': 18145, 'no2': 18146, 'o3': 18147}, 'pm': {'pm1': 13221, 'pm10': 13223, 'pm25': 13222}}",1.23,13.04,5.29,7.06,13.55,7.54,732633501,69.4,MOD-00620,18.7,2026-07-18T06:20:00,2026-07-17T23:20:00,https://api.quant-aq.com/v1/devices/MOD-00620/data/732633295
395.56,648.93,"{'lat': None, 'lon': None}","{'rh': 68.8, 'temp': 18.7, 'wd': 0.0, 'ws': 0.0, 'ws_scalar': 0.0}","{'gas': {'co': 18144, 'co2': 13267, 'no': 18145, 'no2': 18146, 'o3': 18147}, 'pm': {'pm1': 13221, 'pm10': 13223, 'pm25': 13222}}",1.04,14.14,4.51,7.08,10.47,7.5,732633499,68.8,MOD-00620,18.7,2026-07-18T06:19:00,2026-07-17T23:19:00,https://api.quant-aq.com/v1/devices/MOD-00620/data/732633293
398.65,647.72,"{'lat': None, 'lon': None}","{'rh': 67.9, 'temp': 18.7, 'wd': 0.0, 'ws': 0.0, 'ws_scalar': 0.0}","{'gas': {'co': 18144, 'co2': 13267, 'no': 18145, 'no2': 18146, 'o3': 18147}, 'pm': {'pm1': 13221, 'pm10': 13223, 'pm25': 13222}}",1.42,11.86,6.23,7.69,9.71,8.06,732631342,67.9,MOD-00620,18.7,2026-07-18T06:18:00,2026-07-17T23:18:00,https://api.quant-aq.com/v1/devices/MOD-00620/data/732631136
398.58,645.19,"{'lat': None, 'lon': None}","{'rh': 68.0, 'temp': 18.7, 'wd': 0.0, 'ws': 0.0, 'ws_scalar': 0.0}","{'gas': {'co': 18144, 'co2': 13267, 'no': 18145, 'no2': 18146, 'o3': 18147}, 'pm': {'pm1': 13221, 'pm10': 13223, 'pm25': 13222}}",1.28,11.86,5.31,6.74,12.05,7.22,732631341,68.0,MOD-00620,18.7,2026-07-18T06:17:00,2026-07-17T23:17:00,https://api.quant-aq.com/v1/devices/MOD-00620/data/732631135
401.0,645.67,"{'lat': None, 'lon': None}","{'rh': 67.9, 'temp': 18.6, 'wd': 0.0, 'ws': 0.0, 'ws_scalar': 0.0}","{'gas': {'co': 18144, 'co2': 13267, 'no': 18145, 'no2': 18146, 'o3': 18147}, 'pm': {'pm1': 13221, 'pm10': 13223, 'pm25': 13222}}",1.23,12.67,6.0,7.04,12.9,7.7,732631340,67.9,MOD-00620,18.6,2026-07-18T06:16:00,2026-07-17T23:16:00,https://api.quant-aq.com/v1/devices/MOD-00620/data/732631134
396.76,639.41,"{'lat': None, 'lon': None}","{'rh': 68.1, 'temp': 18.6, 'wd': 0.0, 'ws': 0.0, 'ws_scalar': 0.0}","{'gas': {'co': 18144, 'co2': 13267, 'no': 18145, 'no2': 18146, 'o3': 18147}, 'pm': {'pm1': 13221, 'pm10': 13223, 'pm25': 13222}}",1.36,11.59,7.26,6.85,10.6,7.6,732631339,68.1,MOD-00620,18.6,2026-07-18T06:15:00,2026-07-17T23:15:00,https://api.quant-aq.com/v1/devices/MOD-00620/data/732631133
399.02,642.54,"{'lat': None, 'lon': None}","{'rh': 67.8, 'temp': 18.6, 'wd': 0.0, 'ws': 0.0, 'ws_scalar': 0.0}","{'gas': {'co': 18144, 'co2': 13267, 'no': 18145, 'no2': 18146, 'o3': 18147}, 'pm': {'pm1': 13221, 'pm10': 13223, 'pm25': 13222}}",1.03,12.67,6.92,7.5,21.87,8.2,732629130,67.8,MOD-00620,18.6,2026-07-18T06:14:00,2026-07-17T23:14:00,https://api.quant-aq.com/v1/devices/MOD-00620/data/732628925
393.76,640.86,"{'lat': None, 'lon': None}","{'rh': 67.7, 'temp': 18.6, 'wd': 0.0, 'ws': 0.0, 'ws_scalar': 0.0}","{'gas': {'co': 18144, 'co2': 13267, 'no': 18145, 'no2': 18146, 'o3': 18147}, 'pm': {'pm1': 13221, 'pm10': 13223, 'pm25': 13222}}",1.17,12.3,7.5,7.05,16.37,7.39,732629132,67.7,MOD-00620,18.6,2026-07-18T06:13:00,2026-07-17T23:13:00,https://api.quant-aq.com/v1/devices/MOD-00620/data/732628926
381.03,649.17,"{'lat': None, 'lon': None}","{'rh': 68.3, 'temp': 18.6, 'wd': 0.0, 'ws': 0.0, 'ws_scalar': 0.0}","{'gas': {'co': 18144, 'co2': 13267, 'no': 18145, 'no2': 18146, 'o3': 18147}, 'pm': {'pm1': 13221, 'pm10': 13223, 'pm25': 13222}}",2.37,10.89,7.49,6.48,12.38,6.9,732629133,68.3,MOD-00620,18.6,2026-07-18T06:12:00,2026-07-17T23:12:00,https://api.quant-aq.com/v1/devices/MOD-00620/data/732628927
368.29,651.46,"{'lat': None, 'lon': None}","{'rh': 69.5, 'temp': 18.6, 'wd': 0.0, 'ws': 0.0, 'ws_scalar': 0.0}","{'gas': {'co': 18144, 'co2': 13267, 'no': 18145, 'no2': 18146, 'o3': 18147}, 'pm': {'pm1': 13221, 'pm10': 13223, 'pm25': 13222}}",0.87,14.36,6.75,6.33,7.21,6.83,732629131,69.5,MOD-00620,18.6,2026-07-18T06:11:00,2026-07-17T23:11:00,https://api.quant-aq.com/v1/devices/MOD-00620/data/732628924
376.29,637.97,"{'lat': None, 'lon': None}","{'rh': 68.2, 'temp': 18.7, 'wd': 0.0, 'ws': 0.0, 'ws_scalar': 0.0}","{'gas': {'co': 18144, 'co2': 13267, 'no': 18145, 'no2': 18146, 'o3': 18147}, 'pm': {'pm1': 13221, 'pm10': 13223, 'pm25': 13222}}",0.88,14.88,6.59,6.13,15.99,6.55,732626921,68.2,MOD-00620,18.7,2026-07-18T06:10:00,2026-07-17T23:10:00,https://api.quant-aq.com/v1/devices/MOD-00620/data/732626715
375.92,633.63,"{'lat': None, 'lon': None}","{'rh': 67.4, 'temp': 18.6, 'wd': 0.0, 'ws': 0.0, 'ws_scalar': 0.0}","{'gas': {'co': 18144, 'co2': 13267, 'no': 18145, 'no2': 18146, 'o3': 18147}, 'pm': {'pm1': 13221, 'pm10': 13223, 'pm25': 13222}}",1.11,12.65,7.86,7.06,15.51,7.67,732626920,67.4,MOD-00620,18.6,2026-07-18T06:09:00,2026-07-17T23:09:00,https://api.quant-aq.com/v1/devices/MOD-00620/data/732626714
370.52,635.8,"{'lat': None, 'lon': None}","{'rh': 67.5, 'temp': 18.6, 'wd': 0.0, 'ws': 0.0, 'ws_scalar': 0.0}","{'gas': {'co': 18144, 'co2': 13267, 'no': 18145, 'no2': 18146, 'o3': 18147}, 'pm': {'pm1': 13221, 'pm10': 13223, 'pm25': 13222}}",1.11,11.93,7.64,6.7,9.55,7.12,732626922,67.5,MOD-00620,18.6,2026-07-18T06:08:00,2026-07-17T23:08:00,https://api.quant-aq.com/v1/devices/MOD-00620/data/732626716
372.14,633.75,"{'lat': None, 'lon': None}","{'rh': 67.1, 'temp': 18.7, 'wd': 0.0, 'ws': 0.0, 'ws_scalar': 0.0}","{'gas': {'co': 18144, 'co2': 13267, 'no': 18145, 'no2': 18146, 'o3': 18147}, 'pm': {'pm1': 13221, 'pm10': 13223, 'pm25': 13222}}",1.18,12.19,7.54,7.37,10.53,8.01,732626923,67.1,MOD-00620,18.7,2026-07-18T06:07:00,2026-07-17T23:07:00,https://api.quant-aq.com/v1/devices/MOD-00620/data/732626717
368.18,632.67,"{'lat': None, 'lon': None}","{'rh': 66.9, 'temp': 18.7, 'wd': 0.0, 'ws': 0.0, 'ws_scalar': 0.0}","{'gas': {'co': 18144, 'co2': 13267, 'no': 18145, 'no2': 18146, 'o3': 18147}, 'pm': {'pm1': 13221, 'pm10': 13223, 'pm25': 13222}}",0.91,10.81,8.96,6.68,8.24,7.18,732624765,66.9,MOD-00620,18.7,2026-07-18T06:06:00,2026-07-17T23:06:00,https://api.quant-aq.com/v1/devices/MOD-00620/data/732624559
365.58,633.15,"{'lat': None, 'lon': None}","{'rh': 67.1, 'temp': 18.7, 'wd': 0.0, 'ws': 0.0, 'ws_scalar': 0.0}","{'gas': {'co': 18144, 'co2': 13267, 'no': 18145, 'no2': 18146, 'o3': 18147}, 'pm': {'pm1': 13221, 'pm10': 13223, 'pm25': 13222}}",0.97,11.15,8.36,6.81,8.99,7.16,732624764,67.1,MOD-00620,18.7,2026-07-18T06:05:00,2026-07-17T23:05:00,https://api.quant-aq.com/v1/devices/MOD-00620/data/732624558
357.86,635.56,"{'lat': None, 'lon': None}","{'rh': 67.0, 'temp': 18.7, 'wd': 0.0, 'ws': 0.0, 'ws_scalar': 0.0}","{'gas': {'co': 18144, 'co2': 13267, 'no': 18145, 'no2': 18146, 'o3': 18147}, 'pm': {'pm1': 13221, 'pm10': 13223, 'pm25': 13222}}",1.11,11.15,8.37,7.06,8.43,7.54,732624767,67.0,MOD-00620,18.7,2026-07-18T06:04:00,2026-07-17T23:04:00,https://api.quant-aq.com/v1/devices/MOD-00620/data/732624561
369.07,634.23,"{'lat': None, 'lon': None}","{'rh': 66.8, 'temp': 18.7, 'wd': 0.0, 'ws': 0.0, 'ws_scalar': 0.0}","{'gas': {'co': 18144, 'co2': 13267, 'no': 18145, 'no2': 18146, 'o3': 18147}, 'pm': {'pm1': 13221, 'pm10': 13223, 'pm25': 13222}}",1.05,10.47,9.54,6.05,7.21,6.43,732624766,66.8,MOD-00620,18.7,2026-07-18T06:03:00,2026-07-17T23:03:00,https://api.quant-aq.com/v1/devices/MOD-00620/data/732624560
373.93,636.88,"{'lat': None, 'lon': None}","{'rh': 66.9, 'temp': 18.7, 'wd': 0.0, 'ws': 0.0, 'ws_scalar': 0.0}","{'gas': {'co': 18144, 'co2': 13267, 'no': 18145, 'no2': 18146, 'o3': 18147}, 'pm': {'pm1': 13221, 'pm10': 13223, 'pm25': 13222}}",1.12,9.81,9.78,6.63,9.84,7.03,732622584,66.9,MOD-00620,18.7,2026-07-18T06:02:00,2026-07-17T23:02:00,https://api.quant-aq.com/v1/devices/MOD-00620/data/732622378
367.42,641.58,"{'lat': None, 'lon': None}","{'rh': 67.4, 'temp': 18.7, 'wd': 0.0, 'ws': 0.0, 'ws_scalar': 0.0}","{'gas': {'co': 18144, 'co2': 13267, 'no': 18145, 'no2': 18146, 'o3': 18147}, 'pm': {'pm1': 13221, 'pm10': 13223, 'pm25': 13222}}",1.78,9.8,9.29,7.17,11.23,7.63,732622585,67.4,MOD-00620,18.7,2026-07-18T06:01:00,2026-07-17T23:01:00,https://api.quant-aq.com/v1/devices/MOD-00620/data/732622379
361.66,649.65,"{'lat': None, 'lon': None}","{'rh': 68.6, 'temp': 18.7, 'wd': 0.0, 'ws': 0.0, 'ws_scalar': 0.0}","{'gas': {'co': 18144, 'co2': 13267, 'no': 18145, 'no2': 18146, 'o3': 18147}, 'pm': {'pm1': 13221, 'pm10': 13223, 'pm25': 13222}}",1.26,12.25,7.88,6.0,8.75,6.46,732622582,68.6,MOD-00620,18.7,2026-07-18T06:00:00,2026-07-17T23:00:00,https://api.quant-aq.com/v1/devices/MOD-00620/data/732622376
359.63,636.64,"{'lat': None, 'lon': None}","{'rh': 67.4, 'temp': 18.7, 'wd': 0.0, 'ws': 0.0, 'ws_scalar': 0.0}","{'gas': {'co': 18144, 'co2': 13267, 'no': 18145, 'no2': 18146, 'o3': 18147}, 'pm': {'pm1': 13221, 'pm10': 13223, 'pm25': 13222}}",0.9,12.2,8.88,6.12,11.33,6.48,732622583,67.4,MOD-00620,18.7,2026-07-18T05:59:00,2026-07-17T22:59:00,https://api.quant-aq.com/v1/devices/MOD-00620/data/732622377
363.65,630.74,"{'lat': None, 'lon': None}","{'rh': 66.5, 'temp': 18.8, 'wd': 0.0, 'ws': 0.0, 'ws_scalar': 0.0}","{'gas': {'co': 18144, 'co2': 13267, 'no': 18145, 'no2': 18146, 'o3': 18147}, 'pm': {'pm1': 13221, 'pm10': 13223, 'pm25': 13222}}",0.91,11.41,9.18,6.56,12.1,6.96,732620430,66.5,MOD-00620,18.8,2026-07-18T05:58:00,2026-07-17T22:58:00,https://api.quant-aq.com/v1/devices/MOD-00620/data/732620224
360.51,639.41,"{'lat': None, 'lon': None}","{'rh': 66.3, 'temp': 18.8, 'wd': 0.0, 'ws': 0.0, 'ws_scalar': 0.0}","{'gas': {'co': 18144, 'co2': 13267, 'no': 18145, 'no2': 18146, 'o3': 18147}, 'pm': {'pm1': 13221, 'pm10': 13223, 'pm25': 13222}}",1.06,10.41,10.02,6.72,11.29,7.14,732620429,66.3,MOD-00620,18.8,2026-07-18T05:57:00,2026-07-17T22:57:00,https://api.quant-aq.com/v1/devices/MOD-00620/data/732620223
357.5,644.95,"{'lat': None, 'lon': None}","{'rh': 66.5, 'temp': 18.8, 'wd': 0.0, 'ws': 0.0, 'ws_scalar': 0.0}","{'gas': {'co': 18144, 'co2': 13267, 'no': 18145, 'no2': 18146, 'o3': 18147}, 'pm': {'pm1': 13221, 'pm10': 13223, 'pm25': 13222}}",1.19,9.77,9.34,6.09,11.66,6.5,732620427,66.5,MOD-00620,18.8,2026-07-18T05:56:00,2026-07-17T22:56:00,https://api.quant-aq.com/v1/devices/MOD-00620/data/732620221
352.92,647.6,"{'lat': None, 'lon': None}","{'rh': 66.6, 'temp': 18.8, 'wd': 0.0, 'ws': 0.0, 'ws_scalar': 0.0}","{'gas': {'co': 18144, 'co2': 13267, 'no': 18145, 'no2': 18146, 'o3': 18147}, 'pm': {'pm1': 13221, 'pm10': 13223, 'pm25': 13222}}",1.25,9.45,9.46,6.19,7.94,6.61,732620428,66.6,MOD-00620,18.8,2026-07-18T05:55:00,2026-07-17T22:55:00,https://api.quant-aq.com/v1/devices/MOD-00620/data/732620222
357.56,638.81,"{'lat': None, 'lon': None}","{'rh': 67.0, 'temp': 18.8, 'wd': 0.0, 'ws': 0.0, 'ws_scalar': 0.0}","{'gas': {'co': 18144, 'co2': 13267, 'no': 18145, 'no2': 18146, 'o3': 18147}, 'pm': {'pm1': 13221, 'pm10': 13223, 'pm25': 13222}}",1.1,11.41,8.69,6.06,8.24,6.54,732618193,67.0,MOD-00620,18.8,2026-07-18T05:54:00,2026-07-17T22:54:00,https://api.quant-aq.com/v1/devices/MOD-00620/data/732617985
353.51,636.64,"{'lat': None, 'lon': None}","{'rh': 66.5, 'temp': 18.9, 'wd': 0.0, 'ws': 0.0, 'ws_scalar': 0.0}","{'gas': {'co': 18144, 'co2': 13267, 'no': 18145, 'no2': 18146, 'o3': 18147}, 'pm': {'pm1': 13221, 'pm10': 13223, 'pm25': 13222}}",0.87,12.0,8.01,6.11,7.64,6.56,732618192,66.5,MOD-00620,18.9,2026-07-18T05:53:00,2026-07-17T22:53:00,https://api.quant-aq.com/v1/devices/MOD-00620/data/732617986
359.96,634.59,"{'lat': None, 'lon': None}","{'rh': 65.5, 'temp': 18.9, 'wd': 0.0, 'ws': 0.0, 'ws_scalar': 0.0}","{'gas': {'co': 18144, 'co2': 13267, 'no': 18145, 'no2': 18146, 'o3': 18147}, 'pm': {'pm1': 13221, 'pm10': 13223, 'pm25': 13222}}",1.21,9.43,9.98,6.96,10.17,7.39,732618190,65.5,MOD-00620,18.9,2026-07-18T05:52:00,2026-07-17T22:52:00,https://api.quant-aq.com/v1/devices/MOD-00620/data/732617984
354.56,632.67,"{'lat': None, 'lon': None}","{'rh': 65.6, 'temp': 18.9, 'wd': 0.0, 'ws': 0.0, 'ws_scalar': 0.0}","{'gas': {'co': 18144, 'co2': 13267, 'no': 18145, 'no2': 18146, 'o3': 18147}, 'pm': {'pm1': 13221, 'pm10': 13223, 'pm25': 13222}}",1.0,9.74,9.4,6.5,10.61,7.0,732618191,65.6,MOD-00620,18.9,2026-07-18T05:51:00,2026-07-17T22:51:00,https://api.quant-aq.com/v1/devices/MOD-00620/data/732617987
346.46,637.36,"{'lat': None, 'lon': None}","{'rh': 65.6, 'temp': 19.0, 'wd': 0.0, 'ws': 0.0, 'ws_scalar': 0.0}","{'gas': {'co': 18144, 'co2': 13267, 'no': 18145, 'no2': 18146, 'o3': 18147}, 'pm': {'pm1': 13221, 'pm10': 13223, 'pm25': 13222}}",1.19,9.39,8.6,6.43,18.51,6.95,732613054,65.6,MOD-00620,19.0,2026-07-18T05:46:00,2026-07-17T22:46:00,https://api.quant-aq.com/v1/devices/MOD-00620/data/732612851
346.05,638.09,"{'lat': None, 'lon': None}","{'rh': 65.6, 'temp': 19.0, 'wd': 0.0, 'ws': 0.0, 'ws_scalar': 0.0}","{'gas': {'co': 18144, 'co2': 13267, 'no': 18145, 'no2': 18146, 'o3': 18147}, 'pm': {'pm1': 13221, 'pm10': 13223, 'pm25': 13222}}",0.92,10.63,7.65,6.9,13.46,7.32,732613058,65.6,MOD-00620,19.0,2026-07-18T05:45:00,2026-07-17T22:45:00,https://api.quant-aq.com/v1/devices/MOD-00620/data/732612853
352.28,637.0,"{'lat': None, 'lon': None}","{'rh': 65.5, 'temp': 19.0, 'wd': 0.0, 'ws': 0.0, 'ws_scalar': 0.0}","{'gas': {'co': 18144, 'co2': 13267, 'no': 18145, 'no2': 18146, 'o3': 18147}, 'pm': {'pm1': 13221, 'pm10': 13223, 'pm25': 13222}}",0.99,9.69,8.94,7.47,10.65,7.84,732613056,65.5,MOD-00620,19.0,2026-07-18T05:44:00,2026-07-17T22:44:00,https://api.quant-aq.com/v1/devices/MOD-00620/data/732612852
349.48,639.05,"{'lat': None, 'lon': None}","{'rh': 65.4, 'temp': 19.0, 'wd': 0.0, 'ws': 0.0, 'ws_scalar': 0.0}","{'gas': {'co': 18144, 'co2': 13267, 'no': 18145, 'no2': 18146, 'o3': 18147}, 'pm': {'pm1': 13221, 'pm10': 13223, 'pm25': 13222}}",1.06,9.7,8.94,6.77,9.54,7.11,732613052,65.4,MOD-00620,19.0,2026-07-18T05:43:00,2026-07-17T22:43:00,https://api.quant-aq.com/v1/devices/MOD-00620/data/732612848
351.53,637.0,"{'lat': None, 'lon': None}","{'rh': 65.4, 'temp': 19.0, 'wd': 0.0, 'ws': 0.0, 'ws_scalar': 0.0}","{'gas': {'co': 18144, 'co2': 13267, 'no': 18145, 'no2': 18146, 'o3': 18147}, 'pm': {'pm1': 13221, 'pm10': 13223, 'pm25': 13222}}",1.13,9.7,9.86,7.33,8.57,7.86,732610762,65.4,MOD-00620,19.0,2026-07-18T05:42:00,2026-07-17T22:42:00,https://api.quant-aq.com/v1/devices/MOD-00620/data/732610556
347.83,634.23,"{'lat': None, 'lon': None}","{'rh': 65.4, 'temp': 19.0, 'wd': 0.0, 'ws': 0.0, 'ws_scalar': 0.0}","{'gas': {'co': 18144, 'co2': 13267, 'no': 18145, 'no2': 18146, 'o3': 18147}, 'pm': {'pm1': 13221, 'pm10': 13223, 'pm25': 13222}}",1.2,9.39,9.98,6.66,12.93,6.99,732610761,65.4,MOD-00620,19.0,2026-07-18T05:41:00,2026-07-17T22:41:00,https://api.quant-aq.com/v1/devices/MOD-00620/data/732610555
347.76,632.3,"{'lat': None, 'lon': None}","{'rh': 65.5, 'temp': 19.0, 'wd': 0.0, 'ws': 0.0, 'ws_scalar': 0.0}","{'gas': {'co': 18144, 'co2': 13267, 'no': 18145, 'no2': 18146, 'o3': 18147}, 'pm': {'pm1': 13221, 'pm10': 13223, 'pm25': 13222}}",0.99,10.63,8.57,6.34,7.28,6.69,732610764,65.5,MOD-00620,19.0,2026-07-18T05:40:00,2026-07-17T22:40:00,https://api.quant-aq.com/v1/devices/MOD-00620/data/732610558
355.63,633.63,"{'lat': None, 'lon': None}","{'rh': 65.4, 'temp': 19.0, 'wd': 0.0, 'ws': 0.0, 'ws_scalar': 0.0}","{'gas': {'co': 18144, 'co2': 13267, 'no': 18145, 'no2': 18146, 'o3': 18147}, 'pm': {'pm1': 13221, 'pm10': 13223, 'pm25': 13222}}",1.06,9.7,9.86,5.69,6.98,6.18,732610763,65.4,MOD-00620,19.0,2026-07-18T05:39:00,2026-07-17T22:39:00,https://api.quant-aq.com/v1/devices/MOD-00620/data/732610557
352.08,628.21,"{'lat': None, 'lon': None}","{'rh': 65.2, 'temp': 19.0, 'wd': 0.0, 'ws': 0.0, 'ws_scalar': 0.0}","{'gas': {'co': 18144, 'co2': 13267, 'no': 18145, 'no2': 18146, 'o3': 18147}, 'pm': {'pm1': 13221, 'pm10': 13223, 'pm25': 13222}}",0.93,10.01,10.2,6.37,7.9,6.78,732608610,65.2,MOD-00620,19.0,2026-07-18T05:38:00,2026-07-17T22:38:00,https://api.quant-aq.com/v1/devices/MOD-00620/data/732608404
360.53,629.05,"{'lat': None, 'lon': None}","{'rh': 65.0, 'temp': 19.1, 'wd': 0.0, 'ws': 0.0, 'ws_scalar': 0.0}","{'gas': {'co': 18144, 'co2': 13267, 'no': 18145, 'no2': 18146, 'o3': 18147}, 'pm': {'pm1': 13221, 'pm10': 13223, 'pm25': 13222}}",0.99,10.58,9.96,6.66,12.29,7.04,732608608,65.0,MOD-00620,19.1,2026-07-18T05:37:00,2026-07-17T22:37:00,https://api.quant-aq.com/v1/devices/MOD-00620/data/732608402
357.25,627.49,"{'lat': None, 'lon': None}","{'rh': 65.0, 'temp': 19.1, 'wd': 0.0, 'ws': 0.0, 'ws_scalar': 0.0}","{'gas': {'co': 18144, 'co2': 13267, 'no': 18145, 'no2': 18146, 'o3': 18147}, 'pm': {'pm1': 13221, 'pm10': 13223, 'pm25': 13222}}",1.06,9.66,10.79,6.19,7.61,6.63,732608607,65.0,MOD-00620,19.1,2026-07-18T05:36:00,2026-07-17T22:36:00,https://api.quant-aq.com/v1/devices/MOD-00620/data/732608401
351.99,622.31,"{'lat': None, 'lon': None}","{'rh': 64.9, 'temp': 19.1, 'wd': 0.0, 'ws': 0.0, 'ws_scalar': 0.0}","{'gas': {'co': 18144, 'co2': 13267, 'no': 18145, 'no2': 18146, 'o3': 18147}, 'pm': {'pm1': 13221, 'pm10': 13223, 'pm25': 13222}}",1.06,10.27,11.46,5.89,8.48,6.45,732608609,64.9,MOD-00620,19.1,2026-07-18T05:35:00,2026-07-17T22:35:00,https://api.quant-aq.com/v1/devices/MOD-00620/data/732608403
349.74,624.48,"{'lat': None, 'lon': None}","{'rh': 64.6, 'temp': 19.1, 'wd': 0.0, 'ws': 0.0, 'ws_scalar': 0.0}","{'gas': {'co': 18144, 'co2': 13267, 'no': 18145, 'no2': 18146, 'o3': 18147}, 'pm': {'pm1': 13221, 'pm10': 13223, 'pm25': 13222}}",1.01,9.67,12.19,6.36,9.73,6.7,732606418,64.6,MOD-00620,19.1,2026-07-18T05:34:00,2026-07-17T22:34:00,https://api.quant-aq.com/v1/devices/MOD-00620/data/732606212
347.96,623.63,"{'lat': None, 'lon': None}","{'rh': 64.8, 'temp': 19.1, 'wd': 0.0, 'ws': 0.0, 'ws_scalar': 0.0}","{'gas': {'co': 18144, 'co2': 13267, 'no': 18145, 'no2': 18146, 'o3': 18147}, 'pm': {'pm1': 13221, 'pm10': 13223, 'pm25': 13222}}",1.07,9.97,12.5,6.46,7.66,6.89,732606421,64.8,MOD-00620,19.1,2026-07-18T05:33:00,2026-07-17T22:33:00,https://api.quant-aq.com/v1/devices/MOD-00620/data/732606214
340.65,624.48,"{'lat': None, 'lon': None}","{'rh': 64.7, 'temp': 19.1, 'wd': 0.0, 'ws': 0.0, 'ws_scalar': 0.0}","{'gas': {'co': 18144, 'co2': 13267, 'no': 18145, 'no2': 18146, 'o3': 18147}, 'pm': {'pm1': 13221, 'pm10': 13223, 'pm25': 13222}}",1.0,9.37,13.21,6.46,7.62,6.78,732606420,64.7,MOD-00620,19.1,2026-07-18T05:32:00,2026-07-17T22:32:00,https://api.quant-aq.com/v1/devices/MOD-00620/data/732606215
339.56,624.24,"{'lat': None, 'lon': None}","{'rh': 64.5, 'temp': 19.1, 'wd': 0.0, 'ws': 0.0, 'ws_scalar': 0.0}","{'gas': {'co': 18144, 'co2': 13267, 'no': 18145, 'no2': 18146, 'o3': 18147}, 'pm': {'pm1': 13221, 'pm10': 13223, 'pm25': 13222}}",1.42,8.25,15.09,6.26,9.13,6.7,732606419,64.5,MOD-00620,19.1,2026-07-18T05:31:00,2026-07-17T22:31:00,https://api.quant-aq.com/v1/devices/MOD-00620/data/732606213
341.5,634.95,"{'lat': None, 'lon': None}","{'rh': 66.4, 'temp': 19.1, 'wd': 0.0, 'ws': 0.0, 'ws_scalar': 0.0}","{'gas': {'co': 18144, 'co2': 13267, 'no': 18145, 'no2': 18146, 'o3': 18147}, 'pm': {'pm1': 13221, 'pm10': 13223, 'pm25': 13222}}",1.21,10.87,11.56,6.19,7.52,6.7,732604194,66.4,MOD-00620,19.1,2026-07-18T05:30:00,2026-07-17T22:30:00,https://api.quant-aq.com/v1/devices/MOD-00620/data/732603988
340.69,629.66,"{'lat': None, 'lon': None}","{'rh': 65.8, 'temp': 19.1, 'wd': 0.0, 'ws': 0.0, 'ws_scalar': 0.0}","{'gas': {'co': 18144, 'co2': 13267, 'no': 18145, 'no2': 18146, 'o3': 18147}, 'pm': {'pm1': 13221, 'pm10': 13223, 'pm25': 13222}}",0.85,12.47,12.36,6.21,9.18,6.63,732604195,65.8,MOD-00620,19.1,2026-07-18T05:29:00,2026-07-17T22:29:00,https://api.quant-aq.com/v1/devices/MOD-00620/data/732603989
330.32,623.39,"{'lat': None, 'lon': None}","{'rh': 64.8, 'temp': 19.1, 'wd': 0.0, 'ws': 0.0, 'ws_scalar': 0.0}","{'gas': {'co': 18144, 'co2': 13267, 'no': 18145, 'no2': 18146, 'o3': 18147}, 'pm': {'pm1': 13221, 'pm10': 13223, 'pm25': 13222}}",1.2,9.37,14.12,6.31,8.21,6.79,732604193,64.8,MOD-00620,19.1,2026-07-18T05:28:00,2026-07-17T22:28:00,https://api.quant-aq.com/v1/devices/MOD-00620/data/732603987
332.43,623.99,"{'lat': None, 'lon': None}","{'rh': 65.3, 'temp': 19.1, 'wd': 0.0, 'ws': 0.0, 'ws_scalar': 0.0}","{'gas': {'co': 18144, 'co2': 13267, 'no': 18145, 'no2': 18146, 'o3': 18147}, 'pm': {'pm1': 13221, 'pm10': 13223, 'pm25': 13222}}",0.91,10.57,13.13,6.02,10.24,6.43,732604192,65.3,MOD-00620,19.1,2026-07-18T05:27:00,2026-07-17T22:27:00,https://api.quant-aq.com/v1/devices/MOD-00620/data/732603986
331.39,622.67,"{'lat': None, 'lon': None}","{'rh': 64.6, 'temp': 19.2, 'wd': 0.0, 'ws': 0.0, 'ws_scalar': 0.0}","{'gas': {'co': 18144, 'co2': 13267, 'no': 18145, 'no2': 18146, 'o3': 18147}, 'pm': {'pm1': 13221, 'pm10': 13223, 'pm25': 13222}}",0.83,9.93,13.87,5.61,10.46,6.03,732602040,64.6,MOD-00620,19.2,2026-07-18T05:26:00,2026-07-17T22:26:00,https://api.quant-aq.com/v1/devices/MOD-00620/data/732601834
330.84,623.15,"{'lat': None, 'lon': None}","{'rh': 64.8, 'temp': 19.2, 'wd': 0.0, 'ws': 0.0, 'ws_scalar': 0.0}","{'gas': {'co': 18144, 'co2': 13267, 'no': 18145, 'no2': 18146, 'o3': 18147}, 'pm': {'pm1': 13221, 'pm10': 13223, 'pm25': 13222}}",0.98,9.63,14.44,6.09,20.12,6.54,732602041,64.8,MOD-00620,19.2,2026-07-18T05:25:00,2026-07-17T22:25:00,https://api.quant-aq.com/v1/devices/MOD-00620/data/732601835
333.66,623.03,"{'lat': None, 'lon': None}","{'rh': 64.3, 'temp': 19.2, 'wd': 0.0, 'ws': 0.0, 'ws_scalar': 0.0}","{'gas': {'co': 18144, 'co2': 13267, 'no': 18145, 'no2': 18146, 'o3': 18147}, 'pm': {'pm1': 13221, 'pm10': 13223, 'pm25': 13222}}",1.14,8.78,15.3,5.8,9.08,6.24,732602042,64.3,MOD-00620,19.2,2026-07-18T05:24:00,2026-07-17T22:24:00,https://api.quant-aq.com/v1/devices/MOD-00620/data/732601836
327.83,628.81,"{'lat': None, 'lon': None}","{'rh': 65.0, 'temp': 19.2, 'wd': 0.0, 'ws': 0.0, 'ws_scalar': 0.0}","{'gas': {'co': 18144, 'co2': 13267, 'no': 18145, 'no2': 18146, 'o3': 18147}, 'pm': {'pm1': 13221, 'pm10': 13223, 'pm25': 13222}}",0.91,10.21,13.72,6.02,9.5,6.28,732602043,65.0,MOD-00620,19.2,2026-07-18T05:23:00,2026-07-17T22:23:00,https://api.quant-aq.com/v1/devices/MOD-00620/data/732601837
330.64,626.76,"{'lat': None, 'lon': None}","{'rh': 64.5, 'temp': 19.2, 'wd': 0.0, 'ws': 0.0, 'ws_scalar': 0.0}","{'gas': {'co': 18144, 'co2': 13267, 'no': 18145, 'no2': 18146, 'o3': 18147}, 'pm': {'pm1': 13221, 'pm10': 13223, 'pm25': 13222}}",1.2,9.63,14.46,6.27,7.45,6.69,732599925,64.5,MOD-00620,19.2,2026-07-18T05:22:00,2026-07-17T22:22:00,https://api.quant-aq.com/v1/devices/MOD-00620/data/732599719
338.1,623.15,"{'lat': None, 'lon': None}","{'rh': 64.4, 'temp': 19.2, 'wd': 0.0, 'ws': 0.0, 'ws_scalar': 0.0}","{'gas': {'co': 18144, 'co2': 13267, 'no': 18145, 'no2': 18146, 'o3': 18147}, 'pm': {'pm1': 13221, 'pm10': 13223, 'pm25': 13222}}",0.85,10.83,13.52,5.94,8.53,6.26,732599926,64.4,MOD-00620,19.2,2026-07-18T05:21:00,2026-07-17T22:21:00,https://api.quant-aq.com/v1/devices/MOD-00620/data/732599720
333.6,617.73,"{'lat': None, 'lon': None}","{'rh': 63.8, 'temp': 19.2, 'wd': 0.0, 'ws': 0.0, 'ws_scalar': 0.0}","{'gas': {'co': 18144, 'co2': 13267, 'no': 18145, 'no2': 18146, 'o3': 18147}, 'pm': {'pm1': 13221, 'pm10': 13223, 'pm25': 13222}}",1.29,8.8,14.88,5.73,9.83,6.08,732599924,63.8,MOD-00620,19.2,2026-07-18T05:20:00,2026-07-17T22:20:00,https://api.quant-aq.com/v1/devices/MOD-00620/data/732599717
336.64,620.38,"{'lat': None, 'lon': None}","{'rh': 64.3, 'temp': 19.3, 'wd': 0.0, 'ws': 0.0, 'ws_scalar': 0.0}","{'gas': {'co': 18144, 'co2': 13267, 'no': 18145, 'no2': 18146, 'o3': 18147}, 'pm': {'pm1': 13221, 'pm10': 13223, 'pm25': 13222}}",1.12,8.49,15.87,5.52,7.39,5.88,732599923,64.3,MOD-00620,19.3,2026-07-18T05:19:00,2026-07-17T22:19:00,https://api.quant-aq.com/v1/devices/MOD-00620/data/732599718
332.65,630.38,"{'lat': None, 'lon': None}","{'rh': 65.3, 'temp': 19.3, 'wd': 0.0, 'ws': 0.0, 'ws_scalar': 0.0}","{'gas': {'co': 18144, 'co2': 13267, 'no': 18145, 'no2': 18146, 'o3': 18147}, 'pm': {'pm1': 13221, 'pm10': 13223, 'pm25': 13222}}",1.36,9.28,13.6,6.12,8.34,6.51,732597762,65.3,MOD-00620,19.3,2026-07-18T05:18:00,2026-07-17T22:18:00,https://api.quant-aq.com/v1/devices/MOD-00620/data/732597556
331.54,630.14,"{'lat': None, 'lon': None}","{'rh': 66.3, 'temp': 19.3, 'wd': 0.0, 'ws': 0.0, 'ws_scalar': 0.0}","{'gas': {'co': 18144, 'co2': 13267, 'no': 18145, 'no2': 18146, 'o3': 18147}, 'pm': {'pm1': 13221, 'pm10': 13223, 'pm25': 13222}}",0.77,12.91,10.68,5.98,12.32,6.52,732597763,66.3,MOD-00620,19.3,2026-07-18T05:17:00,2026-07-17T22:17:00,https://api.quant-aq.com/v1/devices/MOD-00620/data/732597557
331.72,617.85,"{'lat': None, 'lon': None}","{'rh': 64.3, 'temp': 19.3, 'wd': 0.0, 'ws': 0.0, 'ws_scalar': 0.0}","{'gas': {'co': 18144, 'co2': 13267, 'no': 18145, 'no2': 18146, 'o3': 18147}, 'pm': {'pm1': 13221, 'pm10': 13223, 'pm25': 13222}}",0.84,11.38,13.27,5.85,8.25,6.18,732597761,64.3,MOD-00620,19.3,2026-07-18T05:16:00,2026-07-17T22:16:00,https://api.quant-aq.com/v1/devices/MOD-00620/data/732597555
332.49,610.26,"{'lat': None, 'lon': None}","{'rh': 63.2, 'temp': 19.3, 'wd': 0.0, 'ws': 0.0, 'ws_scalar': 0.0}","{'gas': {'co': 18144, 'co2': 13267, 'no': 18145, 'no2': 18146, 'o3': 18147}, 'pm': {'pm1': 13221, 'pm10': 13223, 'pm25': 13222}}",0.96,9.35,15.58,5.67,7.26,6.07,732597760,63.2,MOD-00620,19.3,2026-07-18T05:15:00,2026-07-17T22:15:00,https://api.quant-aq.com/v1/devices/MOD-00620/data/732597554
331.6,611.59,"{'lat': None, 'lon': None}","{'rh': 63.3, 'temp': 19.3, 'wd': 0.0, 'ws': 0.0, 'ws_scalar': 0.0}","{'gas': {'co': 18144, 'co2': 13267, 'no': 18145, 'no2': 18146, 'o3': 18147}, 'pm': {'pm1': 13221, 'pm10': 13223, 'pm25': 13222}}",0.96,9.35,13.75,5.86,22.8,6.27,732595541,63.3,MOD-00620,19.3,2026-07-18T05:14:00,2026-07-17T22:14:00,https://api.quant-aq.com/v1/devices/MOD-00620/data/732595335
328.26,611.47,"{'lat': None, 'lon': None}","{'rh': 62.8, 'temp': 19.3, 'wd': 0.0, 'ws': 0.0, 'ws_scalar': 0.0}","{'gas': {'co': 18144, 'co2': 13267, 'no': 18145, 'no2': 18146, 'o3': 18147}, 'pm': {'pm1': 13221, 'pm10': 13223, 'pm25': 13222}}",0.91,9.09,15.73,5.68,7.11,6.07,732595540,62.8,MOD-00620,19.3,2026-07-18T05:13:00,2026-07-17T22:13:00,https://api.quant-aq.com/v1/devices/MOD-00620/data/732595334
331.58,615.08,"{'lat': None, 'lon': None}","{'rh': 62.9, 'temp': 19.4, 'wd': 0.0, 'ws': 0.0, 'ws_scalar': 0.0}","{'gas': {'co': 18144, 'co2': 13267, 'no': 18145, 'no2': 18146, 'o3': 18147}, 'pm': {'pm1': 13221, 'pm10': 13223, 'pm25': 13222}}",1.02,9.05,15.26,5.37,7.19,5.74,732595539,62.9,MOD-00620,19.4,2026-07-18T05:12:00,2026-07-17T22:12:00,https://api.quant-aq.com/v1/devices/MOD-00620/data/732595333
336.91,616.89,"{'lat': None, 'lon': None}","{'rh': 62.9, 'temp': 19.4, 'wd': 0.0, 'ws': 0.0, 'ws_scalar': 0.0}","{'gas': {'co': 18144, 'co2': 13267, 'no': 18145, 'no2': 18146, 'o3': 18147}, 'pm': {'pm1': 13221, 'pm10': 13223, 'pm25': 13222}}",1.16,8.52,16.87,5.51,8.28,5.72,732595538,62.9,MOD-00620,19.4,2026-07-18T05:11:00,2026-07-17T22:11:00,https://api.quant-aq.com/v1/devices/MOD-00620/data/732595332
327.4,625.8,"{'lat': None, 'lon': None}","{'rh': 63.6, 'temp': 19.4, 'wd': 0.0, 'ws': 0.0, 'ws_scalar': 0.0}","{'gas': {'co': 18144, 'co2': 13267, 'no': 18145, 'no2': 18146, 'o3': 18147}, 'pm': {'pm1': 13221, 'pm10': 13223, 'pm25': 13222}}",1.68,8.49,15.45,5.82,11.62,6.17,732593324,63.6,MOD-00620,19.4,2026-07-18T05:10:00,2026-07-17T22:10:00,https://api.quant-aq.com/v1/devices/MOD-00620/data/732593118
319.58,630.02,"{'lat': None, 'lon': None}","{'rh': 64.8, 'temp': 19.4, 'wd': 0.0, 'ws': 0.0, 'ws_scalar': 0.0}","{'gas': {'co': 18144, 'co2': 13267, 'no': 18145, 'no2': 18146, 'o3': 18147}, 'pm': {'pm1': 13221, 'pm10': 13223, 'pm25': 13222}}",0.88,10.7,12.55,6.05,8.98,6.52,732593326,64.8,MOD-00620,19.4,2026-07-18T05:09:00,2026-07-17T22:09:00,https://api.quant-aq.com/v1/devices/MOD-00620/data/732593120
324.92,622.91,"{'lat': None, 'lon': None}","{'rh': 64.2, 'temp': 19.4, 'wd': 0.0, 'ws': 0.0, 'ws_scalar': 0.0}","{'gas': {'co': 18144, 'co2': 13267, 'no': 18145, 'no2': 18146, 'o3': 18147}, 'pm': {'pm1': 13221, 'pm10': 13223, 'pm25': 13222}}",0.91,10.13,13.76,5.58,6.37,5.95,732593323,64.2,MOD-00620,19.4,2026-07-18T05:08:00,2026-07-17T22:08:00,https://api.quant-aq.com/v1/devices/MOD-00620/data/732593117
322.87,621.34,"{'lat': None, 'lon': None}","{'rh': 64.2, 'temp': 19.4, 'wd': 0.0, 'ws': 0.0, 'ws_scalar': 0.0}","{'gas': {'co': 18144, 'co2': 13267, 'no': 18145, 'no2': 18146, 'o3': 18147}, 'pm': {'pm1': 13221, 'pm10': 13223, 'pm25': 13222}}",0.78,10.42,14.55,5.73,11.32,5.98,732593325,64.2,MOD-00620,19.4,2026-07-18T05:07:00,2026-07-17T22:07:00,https://api.quant-aq.com/v1/devices/MOD-00620/data/732593119
324.17,619.06,"{'lat': None, 'lon': None}","{'rh': 64.1, 'temp': 19.4, 'wd': 0.0, 'ws': 0.0, 'ws_scalar': 0.0}","{'gas': {'co': 18144, 'co2': 13267, 'no': 18145, 'no2': 18146, 'o3': 18147}, 'pm': {'pm1': 13221, 'pm10': 13223, 'pm25': 13222}}",0.8,11.9,13.94,5.86,8.88,6.16,732591174,64.1,MOD-00620,19.4,2026-07-18T05:06:00,2026-07-17T22:06:00,https://api.quant-aq.com/v1/devices/MOD-00620/data/732590969
328.0,616.53,"{'lat': None, 'lon': None}","{'rh': 62.9, 'temp': 19.5, 'wd': 0.0, 'ws': 0.0, 'ws_scalar': 0.0}","{'gas': {'co': 18144, 'co2': 13267, 'no': 18145, 'no2': 18146, 'o3': 18147}, 'pm': {'pm1': 13221, 'pm10': 13223, 'pm25': 13222}}",1.08,8.76,16.74,5.28,6.3,5.66,732591173,62.9,MOD-00620,19.5,2026-07-18T05:05:00,2026-07-17T22:05:00,https://api.quant-aq.com/v1/devices/MOD-00620/data/732590967
314.72,623.39,"{'lat': None, 'lon': None}","{'rh': 63.7, 'temp': 19.5, 'wd': 0.0, 'ws': 0.0, 'ws_scalar': 0.0}","{'gas': {'co': 18144, 'co2': 13267, 'no': 18145, 'no2': 18146, 'o3': 18147}, 'pm': {'pm1': 13221, 'pm10': 13223, 'pm25': 13222}}",1.11,10.38,14.57,6.18,9.75,6.52,732591175,63.7,MOD-00620,19.5,2026-07-18T05:04:00,2026-07-17T22:04:00,https://api.quant-aq.com/v1/devices/MOD-00620/data/732590971
319.52,620.62,"{'lat': None, 'lon': None}","{'rh': 63.3, 'temp': 19.5, 'wd': 0.0, 'ws': 0.0, 'ws_scalar': 0.0}","{'gas': {'co': 18144, 'co2': 13267, 'no': 18145, 'no2': 18146, 'o3': 18147}, 'pm': {'pm1': 13221, 'pm10': 13223, 'pm25': 13222}}",0.92,9.55,15.43,5.45,6.85,5.81,732591172,63.3,MOD-00620,19.5,2026-07-18T05:03:00,2026-07-17T22:03:00,https://api.quant-aq.com/v1/devices/MOD-00620/data/732590966
316.43,623.51,"{'lat': None, 'lon': None}","{'rh': 63.6, 'temp': 19.5, 'wd': 0.0, 'ws': 0.0, 'ws_scalar': 0.0}","{'gas': {'co': 18144, 'co2': 13267, 'no': 18145, 'no2': 18146, 'o3': 18147}, 'pm': {'pm1': 13221, 'pm10': 13223, 'pm25': 13222}}",0.98,9.82,15.28,5.35,12.48,5.69,732588993,63.6,MOD-00620,19.5,2026-07-18T05:02:00,2026-07-17T22:02:00,https://api.quant-aq.com/v1/devices/MOD-00620/data/732588787
307.76,623.51,"{'lat': None, 'lon': None}","{'rh': 63.1, 'temp': 19.5, 'wd': 0.0, 'ws': 0.0, 'ws_scalar': 0.0}","{'gas': {'co': 18144, 'co2': 13267, 'no': 18145, 'no2': 18146, 'o3': 18147}, 'pm': {'pm1': 13221, 'pm10': 13223, 'pm25': 13222}}",1.34,8.49,16.85,5.62,6.46,5.98,732588992,63.1,MOD-00620,19.5,2026-07-18T05:01:00,2026-07-17T22:01:00,https://api.quant-aq.com/v1/devices/MOD-00620/data/732588786
321.61,621.1,"{'lat': None, 'lon': None}","{'rh': 63.4, 'temp': 19.6, 'wd': 0.0, 'ws': 0.0, 'ws_scalar': 0.0}","{'gas': {'co': 18144, 'co2': 13267, 'no': 18145, 'no2': 18146, 'o3': 18147}, 'pm': {'pm1': 13221, 'pm10': 13223, 'pm25': 13222}}",0.77,10.9,15.25,5.13,7.39,5.72,732588991,63.4,MOD-00620,19.6,2026-07-18T05:00:00,2026-07-17T22:00:00,https://api.quant-aq.com/v1/devices/MOD-00620/data/732588785
322.65,614.0,"{'lat': None, 'lon': None}","{'rh': 62.5, 'temp': 19.6, 'wd': 0.0, 'ws': 0.0, 'ws_scalar': 0.0}","{'gas': {'co': 18144, 'co2': 13267, 'no': 18145, 'no2': 18146, 'o3': 18147}, 'pm': {'pm1': 13221, 'pm10': 13223, 'pm25': 13222}}",1.21,9.01,17.54,5.84,7.02,6.23,732588994,62.5,MOD-00620,19.6,2026-07-18T04:59:00,2026-07-17T21:59:00,https://api.quant-aq.com/v1/devices/MOD-00620/data/732588788
314.58,614.24,"{'lat': None, 'lon': None}","{'rh': 62.9, 'temp': 19.6, 'wd': 0.0, 'ws': 0.0, 'ws_scalar': 0.0}","{'gas': {'co': 18144, 'co2': 13267, 'no': 18145, 'no2': 18146, 'o3': 18147}, 'pm': {'pm1': 13221, 'pm10': 13223, 'pm25': 13222}}",1.06,9.25,17.85,5.19,7.26,5.71,732586873,62.9,MOD-00620,19.6,2026-07-18T04:58:00,2026-07-17T21:58:00,https://api.quant-aq.com/v1/devices/MOD-00620/data/732586667
319.91,614.12,"{'lat': None, 'lon': None}","{'rh': 62.9, 'temp': 19.6, 'wd': 0.0, 'ws': 0.0, 'ws_scalar': 0.0}","{'gas': {'co': 18144, 'co2': 13267, 'no': 18145, 'no2': 18146, 'o3': 18147}, 'pm': {'pm1': 13221, 'pm10': 13223, 'pm25': 13222}}",1.06,10.35,16.44,5.87,11.07,6.34,732586872,62.9,MOD-00620,19.6,2026-07-18T04:57:00,2026-07-17T21:57:00,https://api.quant-aq.com/v1/devices/MOD-00620/data/732586666
310.73,616.29,"{'lat': None, 'lon': None}","{'rh': 62.7, 'temp': 19.7, 'wd': 0.0, 'ws': 0.0, 'ws_scalar': 0.0}","{'gas': {'co': 18144, 'co2': 13267, 'no': 18145, 'no2': 18146, 'o3': 18147}, 'pm': {'pm1': 13221, 'pm10': 13223, 'pm25': 13222}}",0.78,10.03,15.66,6.15,11.35,6.68,732586874,62.7,MOD-00620,19.7,2026-07-18T04:56:00,2026-07-17T21:56:00,https://api.quant-aq.com/v1/devices/MOD-00620/data/732586668
315.59,612.91,"{'lat': None, 'lon': None}","{'rh': 62.2, 'temp': 19.7, 'wd': 0.0, 'ws': 0.0, 'ws_scalar': 0.0}","{'gas': {'co': 18144, 'co2': 13267, 'no': 18145, 'no2': 18146, 'o3': 18147}, 'pm': {'pm1': 13221, 'pm10': 13223, 'pm25': 13222}}",0.75,10.61,16.36,5.7,9.71,6.13,732586871,62.2,MOD-00620,19.7,2026-07-18T04:55:00,2026-07-17T21:55:00,https://api.quant-aq.com/v1/devices/MOD-00620/data/732586665
313.42,607.13,"{'lat': None, 'lon': None}","{'rh': 61.2, 'temp': 19.7, 'wd': 0.0, 'ws': 0.0, 'ws_scalar': 0.0}","{'gas': {'co': 18144, 'co2': 13267, 'no': 18145, 'no2': 18146, 'o3': 18147}, 'pm': {'pm1': 13221, 'pm10': 13223, 'pm25': 13222}}",1.11,9.04,17.63,5.65,7.1,6.16,732584676,61.2,MOD-00620,19.7,2026-07-18T04:54:00,2026-07-17T21:54:00,https://api.quant-aq.com/v1/devices/MOD-00620/data/732584469
313.56,607.61,"{'lat': None, 'lon': None}","{'rh': 61.0, 'temp': 19.7, 'wd': 0.0, 'ws': 0.0, 'ws_scalar': 0.0}","{'gas': {'co': 18144, 'co2': 13267, 'no': 18145, 'no2': 18146, 'o3': 18147}, 'pm': {'pm1': 13221, 'pm10': 13223, 'pm25': 13222}}",0.98,9.31,17.98,5.91,12.36,6.47,732584674,61.0,MOD-00620,19.7,2026-07-18T04:53:00,2026-07-17T21:53:00,https://api.quant-aq.com/v1/devices/MOD-00620/data/732584468
310.8,607.73,"{'lat': None, 'lon': None}","{'rh': 61.0, 'temp': 19.8, 'wd': 0.0, 'ws': 0.0, 'ws_scalar': 0.0}","{'gas': {'co': 18144, 'co2': 13267, 'no': 18145, 'no2': 18146, 'o3': 18147}, 'pm': {'pm1': 13221, 'pm10': 13223, 'pm25': 13222}}",1.1,8.04,19.04,5.54,7.25,5.94,732584675,61.0,MOD-00620,19.8,2026-07-18T04:52:00,2026-07-17T21:52:00,https://api.quant-aq.com/v1/devices/MOD-00620/data/732584470
314.76,610.02,"{'lat': None, 'lon': None}","{'rh': 61.2, 'temp': 19.8, 'wd': 0.0, 'ws': 0.0, 'ws_scalar': 0.0}","{'gas': {'co': 18144, 'co2': 13267, 'no': 18145, 'no2': 18146, 'o3': 18147}, 'pm': {'pm1': 13221, 'pm10': 13223, 'pm25': 13222}}",1.37,8.26,17.99,5.47,6.71,5.89,732584673,61.2,MOD-00620,19.8,2026-07-18T04:51:00,2026-07-17T21:51:00,https://api.quant-aq.com/v1/devices/MOD-00620/data/732584467
306.62,608.82,"{'lat': None, 'lon': None}","{'rh': 61.7, 'temp': 19.8, 'wd': 0.0, 'ws': 0.0, 'ws_scalar': 0.0}","{'gas': {'co': 18144, 'co2': 13267, 'no': 18145, 'no2': 18146, 'o3': 18147}, 'pm': {'pm1': 13221, 'pm10': 13223, 'pm25': 13222}}",0.87,9.76,16.75,5.65,12.99,5.98,732582479,61.7,MOD-00620,19.8,2026-07-18T04:50:00,2026-07-17T21:50:00,https://api.quant-aq.com/v1/devices/MOD-00620/data/732582273
312.36,604.72,"{'lat': None, 'lon': None}","{'rh': 60.7, 'temp': 19.9, 'wd': 0.0, 'ws': 0.0, 'ws_scalar': 0.0}","{'gas': {'co': 18144, 'co2': 13267, 'no': 18145, 'no2': 18146, 'o3': 18147}, 'pm': {'pm1': 13221, 'pm10': 13223, 'pm25': 13222}}",0.89,8.27,19.84,5.57,15.81,5.96,732582477,60.7,MOD-00620,19.9,2026-07-18T04:49:00,2026-07-17T21:49:00,https://api.quant-aq.com/v1/devices/MOD-00620/data/732582271
308.79,608.7,"{'lat': None, 'lon': None}","{'rh': 61.1, 'temp': 19.9, 'wd': 0.0, 'ws': 0.0, 'ws_scalar': 0.0}","{'gas': {'co': 18144, 'co2': 13267, 'no': 18145, 'no2': 18146, 'o3': 18147}, 'pm': {'pm1': 13221, 'pm10': 13223, 'pm25': 13222}}",1.56,7.36,19.39,5.68,12.82,6.01,732582478,61.1,MOD-00620,19.9,2026-07-18T04:48:00,2026-07-17T21:48:00,https://api.quant-aq.com/v1/devices/MOD-00620/data/732582272
307.61,614.84,"{'lat': None, 'lon': None}","{'rh': 62.2, 'temp': 19.9, 'wd': 0.0, 'ws': 0.0, 'ws_scalar': 0.0}","{'gas': {'co': 18144, 'co2': 13267, 'no': 18145, 'no2': 18146, 'o3': 18147}, 'pm': {'pm1': 13221, 'pm10': 13223, 'pm25': 13222}}",1.24,10.22,14.63,5.32,8.67,5.74,732582480,62.2,MOD-00620,19.9,2026-07-18T04:47:00,2026-07-17T21:47:00,https://api.quant-aq.com/v1/devices/MOD-00620/data/732582274
310.3,606.89,"{'lat': None, 'lon': None}","{'rh': 60.7, 'temp': 19.9, 'wd': 0.0, 'ws': 0.0, 'ws_scalar': 0.0}","{'gas': {'co': 18144, 'co2': 13267, 'no': 18145, 'no2': 18146, 'o3': 18147}, 'pm': {'pm1': 13221, 'pm10': 13223, 'pm25': 13222}}",0.75,9.26,18.89,6.14,8.81,6.53,732580329,60.7,MOD-00620,19.9,2026-07-18T04:46:00,2026-07-17T21:46:00,https://api.quant-aq.com/v1/devices/MOD-00620/data/732580125
308.36,607.37,"{'lat': None, 'lon': None}","{'rh': 60.7, 'temp': 20.0, 'wd': 0.0, 'ws': 0.0, 'ws_scalar': 0.0}","{'gas': {'co': 18144, 'co2': 13267, 'no': 18145, 'no2': 18146, 'o3': 18147}, 'pm': {'pm1': 13221, 'pm10': 13223, 'pm25': 13222}}",1.08,8.48,18.33,6.34,10.31,6.76,732580331,60.7,MOD-00620,20.0,2026-07-18T04:45:00,2026-07-17T21:45:00,https://api.quant-aq.com/v1/devices/MOD-00620/data/732580124
309.44,608.7,"{'lat': None, 'lon': None}","{'rh': 61.5, 'temp': 20.0, 'wd': 0.0, 'ws': 0.0, 'ws_scalar': 0.0}","{'gas': {'co': 18144, 'co2': 13267, 'no': 18145, 'no2': 18146, 'o3': 18147}, 'pm': {'pm1': 13221, 'pm10': 13223, 'pm25': 13222}}",0.78,10.73,14.88,6.12,17.41,6.51,732580328,61.5,MOD-00620,20.0,2026-07-18T04:44:00,2026-07-17T21:44:00,https://api.quant-aq.com/v1/devices/MOD-00620/data/732580122
309.54,606.41,"{'lat': None, 'lon': None}","{'rh': 60.2, 'temp': 20.0, 'wd': 0.0, 'ws': 0.0, 'ws_scalar': 0.0}","{'gas': {'co': 18144, 'co2': 13267, 'no': 18145, 'no2': 18146, 'o3': 18147}, 'pm': {'pm1': 13221, 'pm10': 13223, 'pm25': 13222}}",1.24,7.81,18.28,5.58,6.61,6.06,732580330,60.2,MOD-00620,20.0,2026-07-18T04:43:00,2026-07-17T21:43:00,https://api.quant-aq.com/v1/devices/MOD-00620/data/732580123
311.29,606.05,"{'lat': None, 'lon': None}","{'rh': 60.2, 'temp': 20.1, 'wd': 0.0, 'ws': 0.0, 'ws_scalar': 0.0}","{'gas': {'co': 18144, 'co2': 13267, 'no': 18145, 'no2': 18146, 'o3': 18147}, 'pm': {'pm1': 13221, 'pm10': 13223, 'pm25': 13222}}",1.15,8.25,16.66,5.57,8.03,5.88,732578147,60.2,MOD-00620,20.1,2026-07-18T04:42:00,2026-07-17T21:42:00,https://api.quant-aq.com/v1/devices/MOD-00620/data/732577940
315.32,605.81,"{'lat': None, 'lon': None}","{'rh': 60.3, 'temp': 20.1, 'wd': 0.0, 'ws': 0.0, 'ws_scalar': 0.0}","{'gas': {'co': 18144, 'co2': 13267, 'no': 18145, 'no2': 18146, 'o3': 18147}, 'pm': {'pm1': 13221, 'pm10': 13223, 'pm25': 13222}}",1.08,8.96,16.28,5.5,8.98,5.88,732578148,60.3,MOD-00620,20.1,2026-07-18T04:41:00,2026-07-17T21:41:00,https://api.quant-aq.com/v1/devices/MOD-00620/data/732577942
309.71,608.7,"{'lat': None, 'lon': None}","{'rh': 60.7, 'temp': 20.1, 'wd': 0.0, 'ws': 0.0, 'ws_scalar': 0.0}","{'gas': {'co': 18144, 'co2': 13267, 'no': 18145, 'no2': 18146, 'o3': 18147}, 'pm': {'pm1': 13221, 'pm10': 13223, 'pm25': 13222}}",1.34,8.22,15.25,6.27,11.61,6.58,732578145,60.7,MOD-00620,20.1,2026-07-18T04:40:00,2026-07-17T21:40:00,https://api.quant-aq.com/v1/devices/MOD-00620/data/732577939
317.7,606.41,"{'lat': None, 'lon': None}","{'rh': 61.0, 'temp': 20.1, 'wd': 0.0, 'ws': 0.0, 'ws_scalar': 0.0}","{'gas': {'co': 18144, 'co2': 13267, 'no': 18145, 'no2': 18146, 'o3': 18147}, 'pm': {'pm1': 13221, 'pm10': 13223, 'pm25': 13222}}",1.33,9.41,15.53,5.95,8.86,6.33,732578146,61.0,MOD-00620,20.1,2026-07-18T04:39:00,2026-07-17T21:39:00,https://api.quant-aq.com/v1/devices/MOD-00620/data/732577941
310.91,614.24,"{'lat': None, 'lon': None}","{'rh': 60.9, 'temp': 20.2, 'wd': 0.0, 'ws': 0.0, 'ws_scalar': 0.0}","{'gas': {'co': 18144, 'co2': 13267, 'no': 18145, 'no2': 18146, 'o3': 18147}, 'pm': {'pm1': 13221, 'pm10': 13223, 'pm25': 13222}}",0.97,8.89,16.68,5.81,10.81,6.4,732575989,60.9,MOD-00620,20.2,2026-07-18T04:38:00,2026-07-17T21:38:00,https://api.quant-aq.com/v1/devices/MOD-00620/data/732575782
313.69,610.02,"{'lat': None, 'lon': None}","{'rh': 61.6, 'temp': 20.2, 'wd': 0.0, 'ws': 0.0, 'ws_scalar': 0.0}","{'gas': {'co': 18144, 'co2': 13267, 'no': 18145, 'no2': 18146, 'o3': 18147}, 'pm': {'pm1': 13221, 'pm10': 13223, 'pm25': 13222}}",1.01,9.34,16.38,5.7,14.48,6.06,732575990,61.6,MOD-00620,20.2,2026-07-18T04:37:00,2026-07-17T21:37:00,https://api.quant-aq.com/v1/devices/MOD-00620/data/732575784
312.07,611.95,"{'lat': None, 'lon': None}","{'rh': 61.0, 'temp': 20.2, 'wd': 0.0, 'ws': 0.0, 'ws_scalar': 0.0}","{'gas': {'co': 18144, 'co2': 13267, 'no': 18145, 'no2': 18146, 'o3': 18147}, 'pm': {'pm1': 13221, 'pm10': 13223, 'pm25': 13222}}",0.83,9.37,16.88,5.96,8.58,6.37,732575988,61.0,MOD-00620,20.2,2026-07-18T04:36:00,2026-07-17T21:36:00,https://api.quant-aq.com/v1/devices/MOD-00620/data/732575783
319.63,606.89,"{'lat': None, 'lon': None}","{'rh': 60.9, 'temp': 20.3, 'wd': 0.0, 'ws': 0.0, 'ws_scalar': 0.0}","{'gas': {'co': 18144, 'co2': 13267, 'no': 18145, 'no2': 18146, 'o3': 18147}, 'pm': {'pm1': 13221, 'pm10': 13223, 'pm25': 13222}}",0.75,10.33,15.93,6.58,11.16,6.96,732575991,60.9,MOD-00620,20.3,2026-07-18T04:35:00,2026-07-17T21:35:00,https://api.quant-aq.com/v1/devices/MOD-00620/data/732575785
328.39,605.08,"{'lat': None, 'lon': None}","{'rh': 60.1, 'temp': 20.3, 'wd': 0.0, 'ws': 0.0, 'ws_scalar': 0.0}","{'gas': {'co': 18144, 'co2': 13267, 'no': 18145, 'no2': 18146, 'o3': 18147}, 'pm': {'pm1': 13221, 'pm10': 13223, 'pm25': 13222}}",0.92,8.9,17.18,5.6,7.24,6.02,732573800,60.1,MOD-00620,20.3,2026-07-18T04:34:00,2026-07-17T21:34:00,https://api.quant-aq.com/v1/devices/MOD-00620/data/732573594
338.24,606.53,"{'lat': None, 'lon': None}","{'rh': 60.1, 'temp': 20.3, 'wd': 0.0, 'ws': 0.0, 'ws_scalar': 0.0}","{'gas': {'co': 18144, 'co2': 13267, 'no': 18145, 'no2': 18146, 'o3': 18147}, 'pm': {'pm1': 13221, 'pm10': 13223, 'pm25': 13222}}",1.33,9.14,16.6,5.57,12.86,6.06,732573797,60.1,MOD-00620,20.3,2026-07-18T04:33:00,2026-07-17T21:33:00,https://api.quant-aq.com/v1/devices/MOD-00620/data/732573591
344.37,602.92,"{'lat': None, 'lon': None}","{'rh': 59.7, 'temp': 20.4, 'wd': 0.0, 'ws': 0.0, 'ws_scalar': 0.0}","{'gas': {'co': 18144, 'co2': 13267, 'no': 18145, 'no2': 18146, 'o3': 18147}, 'pm': {'pm1': 13221, 'pm10': 13223, 'pm25': 13222}}",0.72,9.12,16.62,6.16,10.42,6.54,732573799,59.7,MOD-00620,20.4,2026-07-18T04:32:00,2026-07-17T21:32:00,https://api.quant-aq.com/v1/devices/MOD-00620/data/732573593
343.83,600.03,"{'lat': None, 'lon': None}","{'rh': 59.3, 'temp': 20.4, 'wd': 0.0, 'ws': 0.0, 'ws_scalar': 0.0}","{'gas': {'co': 18144, 'co2': 13267, 'no': 18145, 'no2': 18146, 'o3': 18147}, 'pm': {'pm1': 13221, 'pm10': 13223, 'pm25': 13222}}",1.0,9.39,17.44,5.34,13.18,5.89,732573798,59.3,MOD-00620,20.4,2026-07-18T04:31:00,2026-07-17T21:31:00,https://api.quant-aq.com/v1/devices/MOD-00620/data/732573592
300.64,597.5,"{'lat': None, 'lon': None}","{'rh': 58.9, 'temp': 20.4, 'wd': 0.0, 'ws': 0.0, 'ws_scalar': 0.0}","{'gas': {'co': 18144, 'co2': 13267, 'no': 18145, 'no2': 18146, 'o3': 18147}, 'pm': {'pm1': 13221, 'pm10': 13223, 'pm25': 13222}}",1.09,8.69,19.66,5.91,8.75,6.31,732571601,58.9,MOD-00620,20.4,2026-07-18T04:30:00,2026-07-17T21:30:00,https://api.quant-aq.com/v1/devices/MOD-00620/data/732571395
308.61,600.39,"{'lat': None, 'lon': None}","{'rh': 58.8, 'temp': 20.5, 'wd': 0.0, 'ws': 0.0, 'ws_scalar': 0.0}","{'gas': {'co': 18144, 'co2': 13267, 'no': 18145, 'no2': 18146, 'o3': 18147}, 'pm': {'pm1': 13221, 'pm10': 13223, 'pm25': 13222}}",1.17,8.44,18.87,5.52,9.21,5.93,732571599,58.8,MOD-00620,20.5,2026-07-18T04:29:00,2026-07-17T21:29:00,https://api.quant-aq.com/v1/devices/MOD-00620/data/732571392
301.37,603.76,"{'lat': None, 'lon': None}","{'rh': 58.6, 'temp': 20.5, 'wd': 0.0, 'ws': 0.0, 'ws_scalar': 0.0}","{'gas': {'co': 18144, 'co2': 13267, 'no': 18145, 'no2': 18146, 'o3': 18147}, 'pm': {'pm1': 13221, 'pm10': 13223, 'pm25': 13222}}",1.17,8.91,17.73,5.11,7.54,5.63,732571600,58.6,MOD-00620,20.5,2026-07-18T04:28:00,2026-07-17T21:28:00,https://api.quant-aq.com/v1/devices/MOD-00620/data/732571394
296.52,594.85,"{'lat': None, 'lon': None}","{'rh': 58.5, 'temp': 20.5, 'wd': 0.0, 'ws': 0.0, 'ws_scalar': 0.0}","{'gas': {'co': 18144, 'co2': 13267, 'no': 18145, 'no2': 18146, 'o3': 18147}, 'pm': {'pm1': 13221, 'pm10': 13223, 'pm25': 13222}}",1.05,8.91,19.1,5.38,7.47,5.85,732571598,58.5,MOD-00620,20.5,2026-07-18T04:27:00,2026-07-17T21:27:00,https://api.quant-aq.com/v1/devices/MOD-00620/data/732571393
298.3,596.17,"{'lat': None, 'lon': None}","{'rh': 58.3, 'temp': 20.5, 'wd': 0.0, 'ws': 0.0, 'ws_scalar': 0.0}","{'gas': {'co': 18144, 'co2': 13267, 'no': 18145, 'no2': 18146, 'o3': 18147}, 'pm': {'pm1': 13221, 'pm10': 13223, 'pm25': 13222}}",1.16,8.23,19.03,5.94,9.08,6.44,732569437,58.3,MOD-00620,20.5,2026-07-18T04:26:00,2026-07-17T21:26:00,https://api.quant-aq.com/v1/devices/MOD-00620/data/732569231
296.09,597.62,"{'lat': None, 'lon': None}","{'rh': 58.1, 'temp': 20.6, 'wd': 0.0, 'ws': 0.0, 'ws_scalar': 0.0}","{'gas': {'co': 18144, 'co2': 13267, 'no': 18145, 'no2': 18146, 'o3': 18147}, 'pm': {'pm1': 13221, 'pm10': 13223, 'pm25': 13222}}",1.29,8.43,20.28,5.94,9.05,6.25,732569435,58.1,MOD-00620,20.6,2026-07-18T04:25:00,2026-07-17T21:25:00,https://api.quant-aq.com/v1/devices/MOD-00620/data/732569229
293.08,598.1,"{'lat': None, 'lon': None}","{'rh': 58.3, 'temp': 20.6, 'wd': 0.0, 'ws': 0.0, 'ws_scalar': 0.0}","{'gas': {'co': 18144, 'co2': 13267, 'no': 18145, 'no2': 18146, 'o3': 18147}, 'pm': {'pm1': 13221, 'pm10': 13223, 'pm25': 13222}}",1.18,8.2,20.39,5.99,20.73,6.4,732569436,58.3,MOD-00620,20.6,2026-07-18T04:24:00,2026-07-17T21:24:00,https://api.quant-aq.com/v1/devices/MOD-00620/data/732569230
289.25,598.94,"{'lat': None, 'lon': None}","{'rh': 58.5, 'temp': 20.6, 'wd': 0.0, 'ws': 0.0, 'ws_scalar': 0.0}","{'gas': {'co': 18144, 'co2': 13267, 'no': 18145, 'no2': 18146, 'o3': 18147}, 'pm': {'pm1': 13221, 'pm10': 13223, 'pm25': 13222}}",1.18,8.65,19.21,5.79,6.63,6.12,732569434,58.5,MOD-00620,20.6,2026-07-18T04:23:00,2026-07-17T21:23:00,https://api.quant-aq.com/v1/devices/MOD-00620/data/732569228
288.75,591.47,"{'lat': None, 'lon': None}","{'rh': 58.2, 'temp': 20.7, 'wd': 0.0, 'ws': 0.0, 'ws_scalar': 0.0}","{'gas': {'co': 18144, 'co2': 13267, 'no': 18145, 'no2': 18146, 'o3': 18147}, 'pm': {'pm1': 13221, 'pm10': 13223, 'pm25': 13222}}",1.14,8.4,20.26,6.13,7.66,6.63,732567273,58.2,MOD-00620,20.7,2026-07-18T04:22:00,2026-07-17T21:22:00,https://api.quant-aq.com/v1/devices/MOD-00620/data/732567067
292.3,599.3,"{'lat': None, 'lon': None}","{'rh': 58.4, 'temp': 20.7, 'wd': 0.0, 'ws': 0.0, 'ws_scalar': 0.0}","{'gas': {'co': 18144, 'co2': 13267, 'no': 18145, 'no2': 18146, 'o3': 18147}, 'pm': {'pm1': 13221, 'pm10': 13223, 'pm25': 13222}}",1.32,7.96,21.4,6.59,20.13,6.96,732567271,58.4,MOD-00620,20.7,2026-07-18T04:21:00,2026-07-17T21:21:00,https://api.quant-aq.com/v1/devices/MOD-00620/data/732567065
288.4,598.1,"{'lat': None, 'lon': None}","{'rh': 58.7, 'temp': 20.7, 'wd': 0.0, 'ws': 0.0, 'ws_scalar': 0.0}","{'gas': {'co': 18144, 'co2': 13267, 'no': 18145, 'no2': 18146, 'o3': 18147}, 'pm': {'pm1': 13221, 'pm10': 13223, 'pm25': 13222}}",1.27,8.83,19.52,6.45,17.11,6.83,732567274,58.7,MOD-00620,20.7,2026-07-18T04:20:00,2026-07-17T21:20:00,https://api.quant-aq.com/v1/devices/MOD-00620/data/732567068
280.99,600.39,"{'lat': None, 'lon': None}","{'rh': 58.9, 'temp': 20.8, 'wd': 0.0, 'ws': 0.0, 'ws_scalar': 0.0}","{'gas': {'co': 18144, 'co2': 13267, 'no': 18145, 'no2': 18146, 'o3': 18147}, 'pm': {'pm1': 13221, 'pm10': 13223, 'pm25': 13222}}",0.54,10.66,18.05,5.83,11.61,6.19,732567272,58.9,MOD-00620,20.8,2026-07-18T04:19:00,2026-07-17T21:19:00,https://api.quant-aq.com/v1/devices/MOD-00620/data/732567066
283.07,595.93,"{'lat': None, 'lon': None}","{'rh': 57.1, 'temp': 20.8, 'wd': 0.0, 'ws': 0.0, 'ws_scalar': 0.0}","{'gas': {'co': 18144, 'co2': 13267, 'no': 18145, 'no2': 18146, 'o3': 18147}, 'pm': {'pm1': 13221, 'pm10': 13223, 'pm25': 13222}}",1.13,8.18,20.45,5.67,22.19,6.11,732565097,57.1,MOD-00620,20.8,2026-07-18T04:18:00,2026-07-17T21:18:00,https://api.quant-aq.com/v1/devices/MOD-00620/data/732564891
286.61,596.89,"{'lat': None, 'lon': None}","{'rh': 56.9, 'temp': 20.9, 'wd': 0.0, 'ws': 0.0, 'ws_scalar': 0.0}","{'gas': {'co': 18144, 'co2': 13267, 'no': 18145, 'no2': 18146, 'o3': 18147}, 'pm': {'pm1': 13221, 'pm10': 13223, 'pm25': 13222}}",1.03,8.38,19.88,5.44,8.65,5.88,732565096,56.9,MOD-00620,20.9,2026-07-18T04:17:00,2026-07-17T21:17:00,https://api.quant-aq.com/v1/devices/MOD-00620/data/732564890
286.34,593.4,"{'lat': None, 'lon': None}","{'rh': 56.7, 'temp': 20.9, 'wd': 0.0, 'ws': 0.0, 'ws_scalar': 0.0}","{'gas': {'co': 18144, 'co2': 13267, 'no': 18145, 'no2': 18146, 'o3': 18147}, 'pm': {'pm1': 13221, 'pm10': 13223, 'pm25': 13222}}",1.03,7.94,20.59,5.8,20.39,6.31,732565098,56.7,MOD-00620,20.9,2026-07-18T04:16:00,2026-07-17T21:16:00,https://api.quant-aq.com/v1/devices/MOD-00620/data/732564892
283.81,594.0,"{'lat': None, 'lon': None}","{'rh': 56.8, 'temp': 20.9, 'wd': 0.0, 'ws': 0.0, 'ws_scalar': 0.0}","{'gas': {'co': 18144, 'co2': 13267, 'no': 18145, 'no2': 18146, 'o3': 18147}, 'pm': {'pm1': 13221, 'pm10': 13223, 'pm25': 13222}}",1.15,7.53,21.29,5.69,11.02,6.13,732565099,56.8,MOD-00620,20.9,2026-07-18T04:15:00,2026-07-17T21:15:00,https://api.quant-aq.com/v1/devices/MOD-00620/data/732564893
282.16,594.61,"{'lat': None, 'lon': None}","{'rh': 56.8, 'temp': 20.9, 'wd': 0.0, 'ws': 0.0, 'ws_scalar': 0.0}","{'gas': {'co': 18144, 'co2': 13267, 'no': 18145, 'no2': 18146, 'o3': 18147}, 'pm': {'pm1': 13221, 'pm10': 13223, 'pm25': 13222}}",0.91,8.38,20.8,5.87,18.2,6.27,732562912,56.8,MOD-00620,20.9,2026-07-18T04:14:00,2026-07-17T21:14:00,https://api.quant-aq.com/v1/devices/MOD-00620/data/732562706
285.64,594.49,"{'lat': None, 'lon': None}","{'rh': 56.1, 'temp': 21.0, 'wd': 0.0, 'ws': 0.0, 'ws_scalar': 0.0}","{'gas': {'co': 18144, 'co2': 13267, 'no': 18145, 'no2': 18146, 'o3': 18147}, 'pm': {'pm1': 13221, 'pm10': 13223, 'pm25': 13222}}",1.03,7.92,21.08,5.44,31.99,5.95,732562911,56.1,MOD-00620,21.0,2026-07-18T04:13:00,2026-07-17T21:13:00,https://api.quant-aq.com/v1/devices/MOD-00620/data/732562703
283.25,592.08,"{'lat': None, 'lon': None}","{'rh': 56.0, 'temp': 21.0, 'wd': 0.0, 'ws': 0.0, 'ws_scalar': 0.0}","{'gas': {'co': 18144, 'co2': 13267, 'no': 18145, 'no2': 18146, 'o3': 18147}, 'pm': {'pm1': 13221, 'pm10': 13223, 'pm25': 13222}}",1.03,7.72,22.13,5.48,16.73,6.01,732562910,56.0,MOD-00620,21.0,2026-07-18T04:12:00,2026-07-17T21:12:00,https://api.quant-aq.com/v1/devices/MOD-00620/data/732562704
282.91,594.24,"{'lat': None, 'lon': None}","{'rh': 55.9, 'temp': 21.0, 'wd': 0.0, 'ws': 0.0, 'ws_scalar': 0.0}","{'gas': {'co': 18144, 'co2': 13267, 'no': 18145, 'no2': 18146, 'o3': 18147}, 'pm': {'pm1': 13221, 'pm10': 13223, 'pm25': 13222}}",1.09,8.37,21.31,5.14,7.77,5.68,732562909,55.9,MOD-00620,21.0,2026-07-18T04:11:00,2026-07-17T21:11:00,https://api.quant-aq.com/v1/devices/MOD-00620/data/732562705
282.75,591.59,"{'lat': None, 'lon': None}","{'rh': 55.7, 'temp': 21.1, 'wd': 0.0, 'ws': 0.0, 'ws_scalar': 0.0}","{'gas': {'co': 18144, 'co2': 13267, 'no': 18145, 'no2': 18146, 'o3': 18147}, 'pm': {'pm1': 13221, 'pm10': 13223, 'pm25': 13222}}",0.98,7.69,21.22,5.26,6.55,5.74,732560718,55.7,MOD-00620,21.1,2026-07-18T04:10:00,2026-07-17T21:10:00,https://api.quant-aq.com/v1/devices/MOD-00620/data/732560512
283.71,589.43,"{'lat': None, 'lon': None}","{'rh': 55.5, 'temp': 21.1, 'wd': 0.0, 'ws': 0.0, 'ws_scalar': 0.0}","{'gas': {'co': 18144, 'co2': 13267, 'no': 18145, 'no2': 18146, 'o3': 18147}, 'pm': {'pm1': 13221, 'pm10': 13223, 'pm25': 13222}}",1.1,7.3,22.85,5.71,16.37,6.02,732560719,55.5,MOD-00620,21.1,2026-07-18T04:09:00,2026-07-17T21:09:00,https://api.quant-aq.com/v1/devices/MOD-00620/data/732560513
280.91,594.73,"{'lat': None, 'lon': None}","{'rh': 55.4, 'temp': 21.1, 'wd': 0.0, 'ws': 0.0, 'ws_scalar': 0.0}","{'gas': {'co': 18144, 'co2': 13267, 'no': 18145, 'no2': 18146, 'o3': 18147}, 'pm': {'pm1': 13221, 'pm10': 13223, 'pm25': 13222}}",1.1,8.12,22.37,5.58,8.3,5.94,732560716,55.4,MOD-00620,21.1,2026-07-18T04:08:00,2026-07-17T21:08:00,https://api.quant-aq.com/v1/devices/MOD-00620/data/732560510
283.44,590.27,"{'lat': None, 'lon': None}","{'rh': 55.3, 'temp': 21.1, 'wd': 0.0, 'ws': 0.0, 'ws_scalar': 0.0}","{'gas': {'co': 18144, 'co2': 13267, 'no': 18145, 'no2': 18146, 'o3': 18147}, 'pm': {'pm1': 13221, 'pm10': 13223, 'pm25': 13222}}",1.39,7.49,22.75,5.84,16.1,6.24,732560717,55.3,MOD-00620,21.1,2026-07-18T04:07:00,2026-07-17T21:07:00,https://api.quant-aq.com/v1/devices/MOD-00620/data/732560511
289.21,592.2,"{'lat': None, 'lon': None}","{'rh': 56.0, 'temp': 21.2, 'wd': 0.0, 'ws': 0.0, 'ws_scalar': 0.0}","{'gas': {'co': 18144, 'co2': 13267, 'no': 18145, 'no2': 18146, 'o3': 18147}, 'pm': {'pm1': 13221, 'pm10': 13223, 'pm25': 13222}}",1.01,7.87,21.98,5.56,13.77,6.07,732558514,56.0,MOD-00620,21.2,2026-07-18T04:06:00,2026-07-17T21:06:00,https://api.quant-aq.com/v1/devices/MOD-00620/data/732558308
279.44,593.16,"{'lat': None, 'lon': None}","{'rh': 55.9, 'temp': 21.2, 'wd': 0.0, 'ws': 0.0, 'ws_scalar': 0.0}","{'gas': {'co': 18144, 'co2': 13267, 'no': 18145, 'no2': 18146, 'o3': 18147}, 'pm': {'pm1': 13221, 'pm10': 13223, 'pm25': 13222}}",0.83,8.3,21.28,5.56,17.0,6.19,732558517,55.9,MOD-00620,21.2,2026-07-18T04:05:00,2026-07-17T21:05:00,https://api.quant-aq.com/v1/devices/MOD-00620/data/732558311
277.87,591.71,"{'lat': None, 'lon': None}","{'rh': 55.8, 'temp': 21.2, 'wd': 0.0, 'ws': 0.0, 'ws_scalar': 0.0}","{'gas': {'co': 18144, 'co2': 13267, 'no': 18145, 'no2': 18146, 'o3': 18147}, 'pm': {'pm1': 13221, 'pm10': 13223, 'pm25': 13222}}",1.01,7.47,21.78,5.6,7.21,6.04,732558515,55.8,MOD-00620,21.2,2026-07-18T04:04:00,2026-07-17T21:04:00,https://api.quant-aq.com/v1/devices/MOD-00620/data/732558309
275.25,588.58,"{'lat': None, 'lon': None}","{'rh': 55.6, 'temp': 21.3, 'wd': 0.0, 'ws': 0.0, 'ws_scalar': 0.0}","{'gas': {'co': 18144, 'co2': 13267, 'no': 18145, 'no2': 18146, 'o3': 18147}, 'pm': {'pm1': 13221, 'pm10': 13223, 'pm25': 13222}}",0.96,8.27,21.29,5.57,16.7,6.01,732558516,55.6,MOD-00620,21.3,2026-07-18T04:03:00,2026-07-17T21:03:00,https://api.quant-aq.com/v1/devices/MOD-00620/data/732558310
274.23,588.58,"{'lat': None, 'lon': None}","{'rh': 55.3, 'temp': 21.3, 'wd': 0.0, 'ws': 0.0, 'ws_scalar': 0.0}","{'gas': {'co': 18144, 'co2': 13267, 'no': 18145, 'no2': 18146, 'o3': 18147}, 'pm': {'pm1': 13221, 'pm10': 13223, 'pm25': 13222}}",0.95,7.65,23.05,5.76,22.27,6.17,732556286,55.3,MOD-00620,21.3,2026-07-18T04:02:00,2026-07-17T21:02:00,https://api.quant-aq.com/v1/devices/MOD-00620/data/732556080
272.25,587.86,"{'lat': None, 'lon': None}","{'rh': 55.2, 'temp': 21.3, 'wd': 0.0, 'ws': 0.0, 'ws_scalar': 0.0}","{'gas': {'co': 18144, 'co2': 13267, 'no': 18145, 'no2': 18146, 'o3': 18147}, 'pm': {'pm1': 13221, 'pm10': 13223, 'pm25': 13222}}",1.13,7.65,23.06,5.86,18.62,6.4,732556283,55.2,MOD-00620,21.3,2026-07-18T04:01:00,2026-07-17T21:01:00,https://api.quant-aq.com/v1/devices/MOD-00620/data/732556077
278.81,590.75,"{'lat': None, 'lon': None}","{'rh': 55.2, 'temp': 21.3, 'wd': 0.0, 'ws': 0.0, 'ws_scalar': 0.0}","{'gas': {'co': 18144, 'co2': 13267, 'no': 18145, 'no2': 18146, 'o3': 18147}, 'pm': {'pm1': 13221, 'pm10': 13223, 'pm25': 13222}}",0.89,7.45,23.19,5.62,7.5,6.02,732556285,55.2,MOD-00620,21.3,2026-07-18T04:00:00,2026-07-17T21:00:00,https://api.quant-aq.com/v1/devices/MOD-00620/data/732556078
274.48,591.71,"{'lat': None, 'lon': None}","{'rh': 55.1, 'temp': 21.4, 'wd': 0.0, 'ws': 0.0, 'ws_scalar': 0.0}","{'gas': {'co': 18144, 'co2': 13267, 'no': 18145, 'no2': 18146, 'o3': 18147}, 'pm': {'pm1': 13221, 'pm10': 13223, 'pm25': 13222}}",1.15,7.62,23.06,5.95,8.2,6.4,732556284,55.1,MOD-00620,21.4,2026-07-18T03:59:00,2026-07-17T20:59:00,https://api.quant-aq.com/v1/devices/MOD-00620/data/732556079
274.34,589.67,"{'lat': None, 'lon': None}","{'rh': 55.3, 'temp': 21.4, 'wd': 0.0, 'ws': 0.0, 'ws_scalar': 0.0}","{'gas': {'co': 18144, 'co2': 13267, 'no': 18145, 'no2': 18146, 'o3': 18147}, 'pm': {'pm1': 13221, 'pm10': 13223, 'pm25': 13222}}",1.03,8.03,21.43,5.52,8.84,6.02,732554121,55.3,MOD-00620,21.4,2026-07-18T03:58:00,2026-07-17T20:58:00,https://api.quant-aq.com/v1/devices/MOD-00620/data/732553915
268.74,588.1,"{'lat': None, 'lon': None}","{'rh': 55.1, 'temp': 21.4, 'wd': 0.0, 'ws': 0.0, 'ws_scalar': 0.0}","{'gas': {'co': 18144, 'co2': 13267, 'no': 18145, 'no2': 18146, 'o3': 18147}, 'pm': {'pm1': 13221, 'pm10': 13223, 'pm25': 13222}}",0.73,7.82,22.93,5.2,7.94,5.81,732554124,55.1,MOD-00620,21.4,2026-07-18T03:57:00,2026-07-17T20:57:00,https://api.quant-aq.com/v1/devices/MOD-00620/data/732553918
265.92,586.78,"{'lat': None, 'lon': None}","{'rh': 54.6, 'temp': 21.5, 'wd': 0.0, 'ws': 0.0, 'ws_scalar': 0.0}","{'gas': {'co': 18144, 'co2': 13267, 'no': 18145, 'no2': 18146, 'o3': 18147}, 'pm': {'pm1': 13221, 'pm10': 13223, 'pm25': 13222}}",0.86,7.41,23.66,5.78,7.5,6.27,732554122,54.6,MOD-00620,21.5,2026-07-18T03:56:00,2026-07-17T20:56:00,https://api.quant-aq.com/v1/devices/MOD-00620/data/732553916
261.48,587.02,"{'lat': None, 'lon': None}","{'rh': 54.5, 'temp': 21.5, 'wd': 0.0, 'ws': 0.0, 'ws_scalar': 0.0}","{'gas': {'co': 18144, 'co2': 13267, 'no': 18145, 'no2': 18146, 'o3': 18147}, 'pm': {'pm1': 13221, 'pm10': 13223, 'pm25': 13222}}",1.09,7.05,23.92,5.82,14.98,6.28,732554123,54.5,MOD-00620,21.5,2026-07-18T03:55:00,2026-07-17T20:55:00,https://api.quant-aq.com/v1/devices/MOD-00620/data/732553917
257.31,586.05,"{'lat': None, 'lon': None}","{'rh': 54.6, 'temp': 21.5, 'wd': 0.0, 'ws': 0.0, 'ws_scalar': 0.0}","{'gas': {'co': 18144, 'co2': 13267, 'no': 18145, 'no2': 18146, 'o3': 18147}, 'pm': {'pm1': 13221, 'pm10': 13223, 'pm25': 13222}}",0.86,7.22,24.24,5.13,20.59,5.49,732551893,54.6,MOD-00620,21.5,2026-07-18T03:54:00,2026-07-17T20:54:00,https://api.quant-aq.com/v1/devices/MOD-00620/data/732551687
260.32,587.74,"{'lat': None, 'lon': None}","{'rh': 54.4, 'temp': 21.5, 'wd': 0.0, 'ws': 0.0, 'ws_scalar': 0.0}","{'gas': {'co': 18144, 'co2': 13267, 'no': 18145, 'no2': 18146, 'o3': 18147}, 'pm': {'pm1': 13221, 'pm10': 13223, 'pm25': 13222}}",0.92,7.6,24.47,5.4,7.98,5.94,732551892,54.4,MOD-00620,21.5,2026-07-18T03:53:00,2026-07-17T20:53:00,https://api.quant-aq.com/v1/devices/MOD-00620/data/732551686
254.28,588.34,"{'lat': None, 'lon': None}","{'rh': 54.4, 'temp': 21.6, 'wd': 0.0, 'ws': 0.0, 'ws_scalar': 0.0}","{'gas': {'co': 18144, 'co2': 13267, 'no': 18145, 'no2': 18146, 'o3': 18147}, 'pm': {'pm1': 13221, 'pm10': 13223, 'pm25': 13222}}",0.87,7.77,24.33,6.09,8.68,6.43,732551891,54.4,MOD-00620,21.6,2026-07-18T03:52:00,2026-07-17T20:52:00,https://api.quant-aq.com/v1/devices/MOD-00620/data/732551685
255.31,583.89,"{'lat': None, 'lon': None}","{'rh': 54.1, 'temp': 21.6, 'wd': 0.0, 'ws': 0.0, 'ws_scalar': 0.0}","{'gas': {'co': 18144, 'co2': 13267, 'no': 18145, 'no2': 18146, 'o3': 18147}, 'pm': {'pm1': 13221, 'pm10': 13223, 'pm25': 13222}}",0.93,7.2,25.18,5.74,9.69,6.19,732551890,54.1,MOD-00620,21.6,2026-07-18T03:51:00,2026-07-17T20:51:00,https://api.quant-aq.com/v1/devices/MOD-00620/data/732551684
255.52,580.39,"{'lat': None, 'lon': None}","{'rh': 53.8, 'temp': 21.6, 'wd': 0.0, 'ws': 0.0, 'ws_scalar': 0.0}","{'gas': {'co': 18144, 'co2': 13267, 'no': 18145, 'no2': 18146, 'o3': 18147}, 'pm': {'pm1': 13221, 'pm10': 13223, 'pm25': 13222}}",0.86,7.03,25.32,5.18,15.23,5.59,732549721,53.8,MOD-00620,21.6,2026-07-18T03:50:00,2026-07-17T20:50:00,https://api.quant-aq.com/v1/devices/MOD-00620/data/732549517
253.54,584.49,"{'lat': None, 'lon': None}","{'rh': 53.7, 'temp': 21.6, 'wd': 0.0, 'ws': 0.0, 'ws_scalar': 0.0}","{'gas': {'co': 18144, 'co2': 13267, 'no': 18145, 'no2': 18146, 'o3': 18147}, 'pm': {'pm1': 13221, 'pm10': 13223, 'pm25': 13222}}",1.04,7.03,25.79,3.9,12.22,4.4,732549720,53.7,MOD-00620,21.6,2026-07-18T03:49:00,2026-07-17T20:49:00,https://api.quant-aq.com/v1/devices/MOD-00620/data/732549516
253.17,583.52,"{'lat': None, 'lon': None}","{'rh': 53.8, 'temp': 21.7, 'wd': 0.0, 'ws': 0.0, 'ws_scalar': 0.0}","{'gas': {'co': 18144, 'co2': 13267, 'no': 18145, 'no2': 18146, 'o3': 18147}, 'pm': {'pm1': 13221, 'pm10': 13223, 'pm25': 13222}}",0.88,7.18,25.65,5.11,15.34,5.36,732549719,53.8,MOD-00620,21.7,2026-07-18T03:48:00,2026-07-17T20:48:00,https://api.quant-aq.com/v1/devices/MOD-00620/data/732549513
255.02,583.52,"{'lat': None, 'lon': None}","{'rh': 53.5, 'temp': 21.7, 'wd': 0.0, 'ws': 0.0, 'ws_scalar': 0.0}","{'gas': {'co': 18144, 'co2': 13267, 'no': 18145, 'no2': 18146, 'o3': 18147}, 'pm': {'pm1': 13221, 'pm10': 13223, 'pm25': 13222}}",1.11,6.69,26.04,4.79,22.56,5.26,732549718,53.5,MOD-00620,21.7,2026-07-18T03:47:00,2026-07-17T20:47:00,https://api.quant-aq.com/v1/devices/MOD-00620/data/732549512
249.01,583.52,"{'lat': None, 'lon': None}","{'rh': 53.3, 'temp': 21.7, 'wd': 0.0, 'ws': 0.0, 'ws_scalar': 0.0}","{'gas': {'co': 18144, 'co2': 13267, 'no': 18145, 'no2': 18146, 'o3': 18147}, 'pm': {'pm1': 13221, 'pm10': 13223, 'pm25': 13222}}",0.99,7.01,26.26,5.75,7.33,6.16,732547556,53.3,MOD-00620,21.7,2026-07-18T03:46:00,2026-07-17T20:46:00,https://api.quant-aq.com/v1/devices/MOD-00620/data/732547350
242.9,586.17,"{'lat': None, 'lon': None}","{'rh': 53.4, 'temp': 21.8, 'wd': 0.0, 'ws': 0.0, 'ws_scalar': 0.0}","{'gas': {'co': 18144, 'co2': 13267, 'no': 18145, 'no2': 18146, 'o3': 18147}, 'pm': {'pm1': 13221, 'pm10': 13223, 'pm25': 13222}}",0.95,7.16,26.12,5.46,10.84,5.83,732547554,53.4,MOD-00620,21.8,2026-07-18T03:45:00,2026-07-17T20:45:00,https://api.quant-aq.com/v1/devices/MOD-00620/data/732547348
248.78,579.91,"{'lat': None, 'lon': None}","{'rh': 53.2, 'temp': 21.8, 'wd': 0.0, 'ws': 0.0, 'ws_scalar': 0.0}","{'gas': {'co': 18144, 'co2': 13267, 'no': 18145, 'no2': 18146, 'o3': 18147}, 'pm': {'pm1': 13221, 'pm10': 13223, 'pm25': 13222}}",1.01,6.53,26.63,4.64,6.37,4.96,732547555,53.2,MOD-00620,21.8,2026-07-18T03:44:00,2026-07-17T20:44:00,https://api.quant-aq.com/v1/devices/MOD-00620/data/732547349
247.55,582.2,"{'lat': None, 'lon': None}","{'rh': 53.2, 'temp': 21.8, 'wd': 0.0, 'ws': 0.0, 'ws_scalar': 0.0}","{'gas': {'co': 18144, 'co2': 13267, 'no': 18145, 'no2': 18146, 'o3': 18147}, 'pm': {'pm1': 13221, 'pm10': 13223, 'pm25': 13222}}",0.89,6.68,26.5,4.81,7.92,5.17,732547553,53.2,MOD-00620,21.8,2026-07-18T03:43:00,2026-07-17T20:43:00,https://api.quant-aq.com/v1/devices/MOD-00620/data/732547347
241.72,581.6,"{'lat': None, 'lon': None}","{'rh': 52.9, 'temp': 21.9, 'wd': 0.0, 'ws': 0.0, 'ws_scalar': 0.0}","{'gas': {'co': 18144, 'co2': 13267, 'no': 18145, 'no2': 18146, 'o3': 18147}, 'pm': {'pm1': 13221, 'pm10': 13223, 'pm25': 13222}}",0.84,6.66,26.51,5.11,12.95,5.46,732545374,52.9,MOD-00620,21.9,2026-07-18T03:42:00,2026-07-17T20:42:00,https://api.quant-aq.com/v1/devices/MOD-00620/data/732545168
238.17,583.4,"{'lat': None, 'lon': None}","{'rh': 52.7, 'temp': 21.9, 'wd': 0.0, 'ws': 0.0, 'ws_scalar': 0.0}","{'gas': {'co': 18144, 'co2': 13267, 'no': 18145, 'no2': 18146, 'o3': 18147}, 'pm': {'pm1': 13221, 'pm10': 13223, 'pm25': 13222}}",1.13,6.52,27.11,5.9,7.6,6.28,732545373,52.7,MOD-00620,21.9,2026-07-18T03:41:00,2026-07-17T20:41:00,https://api.quant-aq.com/v1/devices/MOD-00620/data/732545166
242.54,584.01,"{'lat': None, 'lon': None}","{'rh': 52.9, 'temp': 21.9, 'wd': 0.0, 'ws': 0.0, 'ws_scalar': 0.0}","{'gas': {'co': 18144, 'co2': 13267, 'no': 18145, 'no2': 18146, 'o3': 18147}, 'pm': {'pm1': 13221, 'pm10': 13223, 'pm25': 13222}}",0.78,6.81,26.85,5.83,7.03,6.24,732545372,52.9,MOD-00620,21.9,2026-07-18T03:40:00,2026-07-17T20:40:00,https://api.quant-aq.com/v1/devices/MOD-00620/data/732545167
242.41,582.56,"{'lat': None, 'lon': None}","{'rh': 52.5, 'temp': 21.9, 'wd': 0.0, 'ws': 0.0, 'ws_scalar': 0.0}","{'gas': {'co': 18144, 'co2': 13267, 'no': 18145, 'no2': 18146, 'o3': 18147}, 'pm': {'pm1': 13221, 'pm10': 13223, 'pm25': 13222}}",0.95,6.52,27.58,5.75,8.72,6.14,732545371,52.5,MOD-00620,21.9,2026-07-18T03:39:00,2026-07-17T20:39:00,https://api.quant-aq.com/v1/devices/MOD-00620/data/732545165
250.31,581.84,"{'lat': None, 'lon': None}","{'rh': 52.5, 'temp': 22.0, 'wd': 0.0, 'ws': 0.0, 'ws_scalar': 0.0}","{'gas': {'co': 18144, 'co2': 13267, 'no': 18145, 'no2': 18146, 'o3': 18147}, 'pm': {'pm1': 13221, 'pm10': 13223, 'pm25': 13222}}",0.97,6.65,26.53,6.02,18.11,6.43,732542940,52.5,MOD-00620,22.0,2026-07-18T03:38:00,2026-07-17T20:38:00,https://api.quant-aq.com/v1/devices/MOD-00620/data/732542734
241.43,581.6,"{'lat': None, 'lon': None}","{'rh': 52.3, 'temp': 22.0, 'wd': 0.0, 'ws': 0.0, 'ws_scalar': 0.0}","{'gas': {'co': 18144, 'co2': 13267, 'no': 18145, 'no2': 18146, 'o3': 18147}, 'pm': {'pm1': 13221, 'pm10': 13223, 'pm25': 13222}}",1.03,6.5,26.67,5.89,10.05,6.29,732542942,52.3,MOD-00620,22.0,2026-07-18T03:37:00,2026-07-17T20:37:00,https://api.quant-aq.com/v1/devices/MOD-00620/data/732542736
244.57,583.64,"{'lat': None, 'lon': None}","{'rh': 52.5, 'temp': 22.0, 'wd': 0.0, 'ws': 0.0, 'ws_scalar': 0.0}","{'gas': {'co': 18144, 'co2': 13267, 'no': 18145, 'no2': 18146, 'o3': 18147}, 'pm': {'pm1': 13221, 'pm10': 13223, 'pm25': 13222}}",0.91,6.95,26.74,6.06,28.55,6.48,732542941,52.5,MOD-00620,22.0,2026-07-18T03:36:00,2026-07-17T20:36:00,https://api.quant-aq.com/v1/devices/MOD-00620/data/732542735
240.24,582.32,"{'lat': None, 'lon': None}","{'rh': 52.4, 'temp': 22.1, 'wd': 0.0, 'ws': 0.0, 'ws_scalar': 0.0}","{'gas': {'co': 18144, 'co2': 13267, 'no': 18145, 'no2': 18146, 'o3': 18147}, 'pm': {'pm1': 13221, 'pm10': 13223, 'pm25': 13222}}",1.17,6.78,25.95,6.59,9.1,6.97,732542939,52.4,MOD-00620,22.1,2026-07-18T03:35:00,2026-07-17T20:35:00,https://api.quant-aq.com/v1/devices/MOD-00620/data/732542733
247.02,585.21,"{'lat': None, 'lon': None}","{'rh': 52.1, 'temp': 22.1, 'wd': 0.0, 'ws': 0.0, 'ws_scalar': 0.0}","{'gas': {'co': 18144, 'co2': 13267, 'no': 18145, 'no2': 18146, 'o3': 18147}, 'pm': {'pm1': 13221, 'pm10': 13223, 'pm25': 13222}}",0.82,6.77,26.88,7.23,13.4,7.67,732540372,52.1,MOD-00620,22.1,2026-07-18T03:34:00,2026-07-17T20:34:00,https://api.quant-aq.com/v1/devices/MOD-00620/data/732540166
241.97,583.52,"{'lat': None, 'lon': None}","{'rh': 51.7, 'temp': 22.1, 'wd': 0.0, 'ws': 0.0, 'ws_scalar': 0.0}","{'gas': {'co': 18144, 'co2': 13267, 'no': 18145, 'no2': 18146, 'o3': 18147}, 'pm': {'pm1': 13221, 'pm10': 13223, 'pm25': 13222}}",0.97,6.48,26.7,6.48,7.9,6.94,732540373,51.7,MOD-00620,22.1,2026-07-18T03:33:00,2026-07-17T20:33:00,https://api.quant-aq.com/v1/devices/MOD-00620/data/732540168
245.8,583.4,"{'lat': None, 'lon': None}","{'rh': 51.5, 'temp': 22.1, 'wd': 0.0, 'ws': 0.0, 'ws_scalar': 0.0}","{'gas': {'co': 18144, 'co2': 13267, 'no': 18145, 'no2': 18146, 'o3': 18147}, 'pm': {'pm1': 13221, 'pm10': 13223, 'pm25': 13222}}",0.85,6.77,25.56,7.27,10.42,7.71,732540374,51.5,MOD-00620,22.1,2026-07-18T03:32:00,2026-07-17T20:32:00,https://api.quant-aq.com/v1/devices/MOD-00620/data/732540167
244.07,583.4,"{'lat': None, 'lon': None}","{'rh': 51.2, 'temp': 22.2, 'wd': 0.0, 'ws': 0.0, 'ws_scalar': 0.0}","{'gas': {'co': 18144, 'co2': 13267, 'no': 18145, 'no2': 18146, 'o3': 18147}, 'pm': {'pm1': 13221, 'pm10': 13223, 'pm25': 13222}}",0.98,6.33,26.85,6.86,14.98,7.21,732540371,51.2,MOD-00620,22.2,2026-07-18T03:31:00,2026-07-17T20:31:00,https://api.quant-aq.com/v1/devices/MOD-00620/data/732540165
242.98,581.36,"{'lat': None, 'lon': None}","{'rh': 51.0, 'temp': 22.2, 'wd': 0.0, 'ws': 0.0, 'ws_scalar': 0.0}","{'gas': {'co': 18144, 'co2': 13267, 'no': 18145, 'no2': 18146, 'o3': 18147}, 'pm': {'pm1': 13221, 'pm10': 13223, 'pm25': 13222}}",1.1,6.75,26.95,8.74,31.52,9.09,732537553,51.0,MOD-00620,22.2,2026-07-18T03:30:00,2026-07-17T20:30:00,https://api.quant-aq.com/v1/devices/MOD-00620/data/732537347
239.84,583.16,"{'lat': None, 'lon': None}","{'rh': 50.8, 'temp': 22.2, 'wd': 0.0, 'ws': 0.0, 'ws_scalar': 0.0}","{'gas': {'co': 18144, 'co2': 13267, 'no': 18145, 'no2': 18146, 'o3': 18147}, 'pm': {'pm1': 13221, 'pm10': 13223, 'pm25': 13222}}",1.03,6.08,27.58,7.75,9.85,8.12,732537546,50.8,MOD-00620,22.2,2026-07-18T03:29:00,2026-07-17T20:29:00,https://api.quant-aq.com/v1/devices/MOD-00620/data/732537340
239.95,582.08,"{'lat': None, 'lon': None}","{'rh': 50.8, 'temp': 22.3, 'wd': 0.0, 'ws': 0.0, 'ws_scalar': 0.0}","{'gas': {'co': 18144, 'co2': 13267, 'no': 18145, 'no2': 18146, 'o3': 18147}, 'pm': {'pm1': 13221, 'pm10': 13223, 'pm25': 13222}}",0.93,5.86,27.36,6.02,7.13,6.42,732537528,50.8,MOD-00620,22.3,2026-07-18T03:28:00,2026-07-17T20:28:00,https://api.quant-aq.com/v1/devices/MOD-00620/data/732537323
240.29,583.89,"{'lat': None, 'lon': None}","{'rh': 50.9, 'temp': 22.3, 'wd': 0.0, 'ws': 0.0, 'ws_scalar': 0.0}","{'gas': {'co': 18144, 'co2': 13267, 'no': 18145, 'no2': 18146, 'o3': 18147}, 'pm': {'pm1': 13221, 'pm10': 13223, 'pm25': 13222}}",0.94,6.45,25.83,6.04,20.28,6.38,732537517,50.9,MOD-00620,22.3,2026-07-18T03:27:00,2026-07-17T20:27:00,https://api.quant-aq.com/v1/devices/MOD-00620/data/732537311
241.32,583.52,"{'lat': None, 'lon': None}","{'rh': 50.6, 'temp': 22.3, 'wd': 0.0, 'ws': 0.0, 'ws_scalar': 0.0}","{'gas': {'co': 18144, 'co2': 13267, 'no': 18145, 'no2': 18146, 'o3': 18147}, 'pm': {'pm1': 13221, 'pm10': 13223, 'pm25': 13222}}",1.23,5.96,27.25,5.73,7.43,5.98,732534864,50.6,MOD-00620,22.3,2026-07-18T03:26:00,2026-07-17T20:26:00,https://api.quant-aq.com/v1/devices/MOD-00620/data/732534658
237.26,580.27,"{'lat': None, 'lon': None}","{'rh': 50.7, 'temp': 22.4, 'wd': 0.0, 'ws': 0.0, 'ws_scalar': 0.0}","{'gas': {'co': 18144, 'co2': 13267, 'no': 18145, 'no2': 18146, 'o3': 18147}, 'pm': {'pm1': 13221, 'pm10': 13223, 'pm25': 13222}}",1.19,6.18,26.53,6.11,10.66,6.47,732534863,50.7,MOD-00620,22.4,2026-07-18T03:25:00,2026-07-17T20:25:00,https://api.quant-aq.com/v1/devices/MOD-00620/data/732534657
233.3,583.77,"{'lat': None, 'lon': None}","{'rh': 50.5, 'temp': 22.4, 'wd': 0.0, 'ws': 0.0, 'ws_scalar': 0.0}","{'gas': {'co': 18144, 'co2': 13267, 'no': 18145, 'no2': 18146, 'o3': 18147}, 'pm': {'pm1': 13221, 'pm10': 13223, 'pm25': 13222}}",1.03,6.43,26.3,5.8,7.74,6.09,732534861,50.5,MOD-00620,22.4,2026-07-18T03:24:00,2026-07-17T20:24:00,https://api.quant-aq.com/v1/devices/MOD-00620/data/732534655
233.38,580.15,"{'lat': None, 'lon': None}","{'rh': 49.8, 'temp': 22.4, 'wd': 0.0, 'ws': 0.0, 'ws_scalar': 0.0}","{'gas': {'co': 18144, 'co2': 13267, 'no': 18145, 'no2': 18146, 'o3': 18147}, 'pm': {'pm1': 13221, 'pm10': 13223, 'pm25': 13222}}",1.01,5.93,28.21,6.26,6.87,6.57,732534862,49.8,MOD-00620,22.4,2026-07-18T03:23:00,2026-07-17T20:23:00,https://api.quant-aq.com/v1/devices/MOD-00620/data/732534656
233.65,582.08,"{'lat': None, 'lon': None}","{'rh': 50.0, 'temp': 22.4, 'wd': 0.0, 'ws': 0.0, 'ws_scalar': 0.0}","{'gas': {'co': 18144, 'co2': 13267, 'no': 18145, 'no2': 18146, 'o3': 18147}, 'pm': {'pm1': 13221, 'pm10': 13223, 'pm25': 13222}}",1.17,5.94,26.83,5.54,6.53,5.78,732532140,50.0,MOD-00620,22.4,2026-07-18T03:22:00,2026-07-17T20:22:00,https://api.quant-aq.com/v1/devices/MOD-00620/data/732531934
232.05,582.2,"{'lat': None, 'lon': None}","{'rh': 50.1, 'temp': 22.5, 'wd': 0.0, 'ws': 0.0, 'ws_scalar': 0.0}","{'gas': {'co': 18144, 'co2': 13267, 'no': 18145, 'no2': 18146, 'o3': 18147}, 'pm': {'pm1': 13221, 'pm10': 13223, 'pm25': 13222}}",1.14,5.93,27.72,5.35,12.68,5.68,732532138,50.1,MOD-00620,22.5,2026-07-18T03:21:00,2026-07-17T20:21:00,https://api.quant-aq.com/v1/devices/MOD-00620/data/732531932
227.0,583.04,"{'lat': None, 'lon': None}","{'rh': 49.7, 'temp': 22.5, 'wd': 0.0, 'ws': 0.0, 'ws_scalar': 0.0}","{'gas': {'co': 18144, 'co2': 13267, 'no': 18145, 'no2': 18146, 'o3': 18147}, 'pm': {'pm1': 13221, 'pm10': 13223, 'pm25': 13222}}",1.13,6.03,27.17,4.99,7.49,5.2,732532139,49.7,MOD-00620,22.5,2026-07-18T03:20:00,2026-07-17T20:20:00,https://api.quant-aq.com/v1/devices/MOD-00620/data/732531933
235.2,585.45,"{'lat': None, 'lon': None}","{'rh': 49.7, 'temp': 22.5, 'wd': 0.0, 'ws': 0.0, 'ws_scalar': 0.0}","{'gas': {'co': 18144, 'co2': 13267, 'no': 18145, 'no2': 18146, 'o3': 18147}, 'pm': {'pm1': 13221, 'pm10': 13223, 'pm25': 13222}}",1.19,5.81,27.88,5.62,7.78,5.83,732532137,49.7,MOD-00620,22.5,2026-07-18T03:19:00,2026-07-17T20:19:00,https://api.quant-aq.com/v1/devices/MOD-00620/data/732531931
228.55,581.24,"{'lat': None, 'lon': None}","{'rh': 49.4, 'temp': 22.6, 'wd': 0.0, 'ws': 0.0, 'ws_scalar': 0.0}","{'gas': {'co': 18144, 'co2': 13267, 'no': 18145, 'no2': 18146, 'o3': 18147}, 'pm': {'pm1': 13221, 'pm10': 13223, 'pm25': 13222}}",1.1,5.79,27.89,5.65,8.19,5.94,732529385,49.4,MOD-00620,22.6,2026-07-18T03:18:00,2026-07-17T20:18:00,https://api.quant-aq.com/v1/devices/MOD-00620/data/732529179
223.29,575.45,"{'lat': None, 'lon': None}","{'rh': 49.3, 'temp': 22.6, 'wd': 0.0, 'ws': 0.0, 'ws_scalar': 0.0}","{'gas': {'co': 18144, 'co2': 13267, 'no': 18145, 'no2': 18146, 'o3': 18147}, 'pm': {'pm1': 13221, 'pm10': 13223, 'pm25': 13222}}",1.2,5.59,28.6,4.98,5.38,5.27,732529383,49.3,MOD-00620,22.6,2026-07-18T03:17:00,2026-07-17T20:17:00,https://api.quant-aq.com/v1/devices/MOD-00620/data/732529177
220.97,581.0,"{'lat': None, 'lon': None}","{'rh': 49.1, 'temp': 22.6, 'wd': 0.0, 'ws': 0.0, 'ws_scalar': 0.0}","{'gas': {'co': 18144, 'co2': 13267, 'no': 18145, 'no2': 18146, 'o3': 18147}, 'pm': {'pm1': 13221, 'pm10': 13223, 'pm25': 13222}}",1.12,5.68,29.4,4.69,14.1,4.98,732529384,49.1,MOD-00620,22.6,2026-07-18T03:16:00,2026-07-17T20:16:00,https://api.quant-aq.com/v1/devices/MOD-00620/data/732529178
218.01,577.74,"{'lat': None, 'lon': None}","{'rh': 48.8, 'temp': 22.7, 'wd': 0.0, 'ws': 0.0, 'ws_scalar': 0.0}","{'gas': {'co': 18144, 'co2': 13267, 'no': 18145, 'no2': 18146, 'o3': 18147}, 'pm': {'pm1': 13221, 'pm10': 13223, 'pm25': 13222}}",1.16,5.76,28.37,4.82,5.63,5.1,732529382,48.8,MOD-00620,22.7,2026-07-18T03:15:00,2026-07-17T20:15:00,https://api.quant-aq.com/v1/devices/MOD-00620/data/732529176
218.56,579.43,"{'lat': None, 'lon': None}","{'rh': 48.6, 'temp': 22.7, 'wd': 0.0, 'ws': 0.0, 'ws_scalar': 0.0}","{'gas': {'co': 18144, 'co2': 13267, 'no': 18145, 'no2': 18146, 'o3': 18147}, 'pm': {'pm1': 13221, 'pm10': 13223, 'pm25': 13222}}",1.16,5.45,28.76,4.48,10.26,4.63,732526518,48.6,MOD-00620,22.7,2026-07-18T03:14:00,2026-07-17T20:14:00,https://api.quant-aq.com/v1/devices/MOD-00620/data/732526312
214.98,577.5,"{'lat': None, 'lon': None}","{'rh': 48.6, 'temp': 22.8, 'wd': 0.0, 'ws': 0.0, 'ws_scalar': 0.0}","{'gas': {'co': 18144, 'co2': 13267, 'no': 18145, 'no2': 18146, 'o3': 18147}, 'pm': {'pm1': 13221, 'pm10': 13223, 'pm25': 13222}}",1.34,5.44,29.66,4.34,5.28,4.57,732526517,48.6,MOD-00620,22.8,2026-07-18T03:13:00,2026-07-17T20:13:00,https://api.quant-aq.com/v1/devices/MOD-00620/data/732526311
214.23,577.02,"{'lat': None, 'lon': None}","{'rh': 48.5, 'temp': 22.8, 'wd': 0.0, 'ws': 0.0, 'ws_scalar': 0.0}","{'gas': {'co': 18144, 'co2': 13267, 'no': 18145, 'no2': 18146, 'o3': 18147}, 'pm': {'pm1': 13221, 'pm10': 13223, 'pm25': 13222}}",1.2,5.34,28.88,4.39,5.36,4.66,732526516,48.5,MOD-00620,22.8,2026-07-18T03:12:00,2026-07-17T20:12:00,https://api.quant-aq.com/v1/devices/MOD-00620/data/732526310
216.42,579.91,"{'lat': None, 'lon': None}","{'rh': 48.3, 'temp': 22.8, 'wd': 0.0, 'ws': 0.0, 'ws_scalar': 0.0}","{'gas': {'co': 18144, 'co2': 13267, 'no': 18145, 'no2': 18146, 'o3': 18147}, 'pm': {'pm1': 13221, 'pm10': 13223, 'pm25': 13222}}",1.22,5.42,28.77,4.41,5.14,4.59,732526515,48.3,MOD-00620,22.8,2026-07-18T03:11:00,2026-07-17T20:11:00,https://api.quant-aq.com/v1/devices/MOD-00620/data/732526309
218.32,578.59,"{'lat': None, 'lon': None}","{'rh': 48.1, 'temp': 22.9, 'wd': 0.0, 'ws': 0.0, 'ws_scalar': 0.0}","{'gas': {'co': 18144, 'co2': 13267, 'no': 18145, 'no2': 18146, 'o3': 18147}, 'pm': {'pm1': 13221, 'pm10': 13223, 'pm25': 13222}}",1.26,5.3,29.35,3.59,13.3,3.76,732524011,48.1,MOD-00620,22.9,2026-07-18T03:10:00,2026-07-17T20:10:00,https://api.quant-aq.com/v1/devices/MOD-00620/data/732523805
218.46,579.43,"{'lat': None, 'lon': None}","{'rh': 47.9, 'temp': 22.9, 'wd': 0.0, 'ws': 0.0, 'ws_scalar': 0.0}","{'gas': {'co': 18144, 'co2': 13267, 'no': 18145, 'no2': 18146, 'o3': 18147}, 'pm': {'pm1': 13221, 'pm10': 13223, 'pm25': 13222}}",1.27,5.1,30.53,5.51,7.56,5.76,732524013,47.9,MOD-00620,22.9,2026-07-18T03:09:00,2026-07-17T20:09:00,https://api.quant-aq.com/v1/devices/MOD-00620/data/732523807
212.41,578.35,"{'lat': None, 'lon': None}","{'rh': 47.9, 'temp': 23.0, 'wd': 0.0, 'ws': 0.0, 'ws_scalar': 0.0}","{'gas': {'co': 18144, 'co2': 13267, 'no': 18145, 'no2': 18146, 'o3': 18147}, 'pm': {'pm1': 13221, 'pm10': 13223, 'pm25': 13222}}",1.31,5.0,29.72,5.76,13.36,6.09,732524014,47.9,MOD-00620,23.0,2026-07-18T03:08:00,2026-07-17T20:08:00,https://api.quant-aq.com/v1/devices/MOD-00620/data/732523810
215.63,574.97,"{'lat': None, 'lon': None}","{'rh': 48.0, 'temp': 23.0, 'wd': 0.0, 'ws': 0.0, 'ws_scalar': 0.0}","{'gas': {'co': 18144, 'co2': 13267, 'no': 18145, 'no2': 18146, 'o3': 18147}, 'pm': {'pm1': 13221, 'pm10': 13223, 'pm25': 13222}}",1.31,5.28,29.8,5.81,7.86,6.09,732524016,48.0,MOD-00620,23.0,2026-07-18T03:07:00,2026-07-17T20:07:00,https://api.quant-aq.com/v1/devices/MOD-00620/data/732523811
214.81,576.9,"{'lat': None, 'lon': None}","{'rh': 48.0, 'temp': 23.0, 'wd': 0.0, 'ws': 0.0, 'ws_scalar': 0.0}","{'gas': {'co': 18144, 'co2': 13267, 'no': 18145, 'no2': 18146, 'o3': 18147}, 'pm': {'pm1': 13221, 'pm10': 13223, 'pm25': 13222}}",1.31,5.1,29.59,5.46,10.75,5.71,732521830,48.0,MOD-00620,23.0,2026-07-18T03:06:00,2026-07-17T20:06:00,https://api.quant-aq.com/v1/devices/MOD-00620/data/732521623
209.72,577.74,"{'lat': None, 'lon': None}","{'rh': 47.8, 'temp': 23.1, 'wd': 0.0, 'ws': 0.0, 'ws_scalar': 0.0}","{'gas': {'co': 18144, 'co2': 13267, 'no': 18145, 'no2': 18146, 'o3': 18147}, 'pm': {'pm1': 13221, 'pm10': 13223, 'pm25': 13222}}",1.36,5.07,30.05,5.9,7.1,6.11,732521834,47.8,MOD-00620,23.1,2026-07-18T03:05:00,2026-07-17T20:05:00,https://api.quant-aq.com/v1/devices/MOD-00620/data/732521630
221.34,577.86,"{'lat': None, 'lon': None}","{'rh': 48.2, 'temp': 23.1, 'wd': 0.0, 'ws': 0.0, 'ws_scalar': 0.0}","{'gas': {'co': 18144, 'co2': 13267, 'no': 18145, 'no2': 18146, 'o3': 18147}, 'pm': {'pm1': 13221, 'pm10': 13223, 'pm25': 13222}}",1.33,5.11,29.11,5.28,5.82,5.44,732521836,48.2,MOD-00620,23.1,2026-07-18T03:04:00,2026-07-17T20:04:00,https://api.quant-aq.com/v1/devices/MOD-00620/data/732521629
210.37,574.13,"{'lat': None, 'lon': None}","{'rh': 48.2, 'temp': 23.2, 'wd': 0.0, 'ws': 0.0, 'ws_scalar': 0.0}","{'gas': {'co': 18144, 'co2': 13267, 'no': 18145, 'no2': 18146, 'o3': 18147}, 'pm': {'pm1': 13221, 'pm10': 13223, 'pm25': 13222}}",1.4,5.27,29.76,5.12,7.61,5.51,732521832,48.2,MOD-00620,23.2,2026-07-18T03:03:00,2026-07-17T20:03:00,https://api.quant-aq.com/v1/devices/MOD-00620/data/732521627
214.76,578.47,"{'lat': None, 'lon': None}","{'rh': 47.8, 'temp': 23.2, 'wd': 0.0, 'ws': 0.0, 'ws_scalar': 0.0}","{'gas': {'co': 18144, 'co2': 13267, 'no': 18145, 'no2': 18146, 'o3': 18147}, 'pm': {'pm1': 13221, 'pm10': 13223, 'pm25': 13222}}",1.39,4.89,29.37,5.04,6.49,5.3,732519663,47.8,MOD-00620,23.2,2026-07-18T03:02:00,2026-07-17T20:02:00,https://api.quant-aq.com/v1/devices/MOD-00620/data/732519458
210.55,574.85,"{'lat': None, 'lon': None}","{'rh': 48.1, 'temp': 23.3, 'wd': 0.0, 'ws': 0.0, 'ws_scalar': 0.0}","{'gas': {'co': 18144, 'co2': 13267, 'no': 18145, 'no2': 18146, 'o3': 18147}, 'pm': {'pm1': 13221, 'pm10': 13223, 'pm25': 13222}}",1.46,5.16,28.97,4.95,6.96,5.2,732519665,48.1,MOD-00620,23.3,2026-07-18T03:01:00,2026-07-17T20:01:00,https://api.quant-aq.com/v1/devices/MOD-00620/data/732519457
214.05,574.49,"{'lat': None, 'lon': None}","{'rh': 47.8, 'temp': 23.3, 'wd': 0.0, 'ws': 0.0, 'ws_scalar': 0.0}","{'gas': {'co': 18144, 'co2': 13267, 'no': 18145, 'no2': 18146, 'o3': 18147}, 'pm': {'pm1': 13221, 'pm10': 13223, 'pm25': 13222}}",1.45,4.89,29.36,4.64,5.8,4.89,732519664,47.8,MOD-00620,23.3,2026-07-18T03:00:00,2026-07-17T20:00:00,https://api.quant-aq.com/v1/devices/MOD-00620/data/732519459
215.46,575.94,"{'lat': None, 'lon': None}","{'rh': 47.7, 'temp': 23.4, 'wd': 0.0, 'ws': 0.0, 'ws_scalar': 0.0}","{'gas': {'co': 18144, 'co2': 13267, 'no': 18145, 'no2': 18146, 'o3': 18147}, 'pm': {'pm1': 13221, 'pm10': 13223, 'pm25': 13222}}",1.51,4.95,29.23,4.54,14.94,4.83,732519662,47.7,MOD-00620,23.4,2026-07-18T02:59:00,2026-07-17T19:59:00,https://api.quant-aq.com/v1/devices/MOD-00620/data/732519456
215.53,580.15,"{'lat': None, 'lon': None}","{'rh': 47.6, 'temp': 23.4, 'wd': 0.0, 'ws': 0.0, 'ws_scalar': 0.0}","{'gas': {'co': 18144, 'co2': 13267, 'no': 18145, 'no2': 18146, 'o3': 18147}, 'pm': {'pm1': 13221, 'pm10': 13223, 'pm25': 13222}}",1.49,4.71,29.16,5.28,10.15,5.53,732517493,47.6,MOD-00620,23.4,2026-07-18T02:58:00,2026-07-17T19:58:00,https://api.quant-aq.com/v1/devices/MOD-00620/data/732517287
222.2,576.54,"{'lat': None, 'lon': None}","{'rh': 47.6, 'temp': 23.5, 'wd': 0.0, 'ws': 0.0, 'ws_scalar': 0.0}","{'gas': {'co': 18144, 'co2': 13267, 'no': 18145, 'no2': 18146, 'o3': 18147}, 'pm': {'pm1': 13221, 'pm10': 13223, 'pm25': 13222}}",1.57,5.01,28.65,5.71,6.4,6.04,732517492,47.6,MOD-00620,23.5,2026-07-18T02:57:00,2026-07-17T19:57:00,https://api.quant-aq.com/v1/devices/MOD-00620/data/732517286
226.3,577.86,"{'lat': None, 'lon': None}","{'rh': 47.6, 'temp': 23.5, 'wd': 0.0, 'ws': 0.0, 'ws_scalar': 0.0}","{'gas': {'co': 18144, 'co2': 13267, 'no': 18145, 'no2': 18146, 'o3': 18147}, 'pm': {'pm1': 13221, 'pm10': 13223, 'pm25': 13222}}",1.52,4.85,28.44,5.31,18.58,5.52,732517491,47.6,MOD-00620,23.5,2026-07-18T02:56:00,2026-07-17T19:56:00,https://api.quant-aq.com/v1/devices/MOD-00620/data/732517285
227.64,577.5,"{'lat': None, 'lon': None}","{'rh': 47.6, 'temp': 23.6, 'wd': 0.0, 'ws': 0.0, 'ws_scalar': 0.0}","{'gas': {'co': 18144, 'co2': 13267, 'no': 18145, 'no2': 18146, 'o3': 18147}, 'pm': {'pm1': 13221, 'pm10': 13223, 'pm25': 13222}}",1.6,5.0,28.18,5.4,7.49,5.7,732517494,47.6,MOD-00620,23.6,2026-07-18T02:55:00,2026-07-17T19:55:00,https://api.quant-aq.com/v1/devices/MOD-00620/data/732517288
218.87,577.5,"{'lat': None, 'lon': None}","{'rh': 47.4, 'temp': 23.7, 'wd': 0.0, 'ws': 0.0, 'ws_scalar': 0.0}","{'gas': {'co': 18144, 'co2': 13267, 'no': 18145, 'no2': 18146, 'o3': 18147}, 'pm': {'pm1': 13221, 'pm10': 13223, 'pm25': 13222}}",1.64,4.75,29.01,4.77,11.24,5.07,732515280,47.4,MOD-00620,23.7,2026-07-18T02:54:00,2026-07-17T19:54:00,https://api.quant-aq.com/v1/devices/MOD-00620/data/732515074
218.26,572.2,"{'lat': None, 'lon': None}","{'rh': 47.1, 'temp': 23.7, 'wd': 0.0, 'ws': 0.0, 'ws_scalar': 0.0}","{'gas': {'co': 18144, 'co2': 13267, 'no': 18145, 'no2': 18146, 'o3': 18147}, 'pm': {'pm1': 13221, 'pm10': 13223, 'pm25': 13222}}",1.66,4.96,29.12,4.91,9.43,5.21,732515276,47.1,MOD-00620,23.7,2026-07-18T02:53:00,2026-07-17T19:53:00,https://api.quant-aq.com/v1/devices/MOD-00620/data/732515070
210.51,575.82,"{'lat': None, 'lon': None}","{'rh': 47.2, 'temp': 23.8, 'wd': 0.0, 'ws': 0.0, 'ws_scalar': 0.0}","{'gas': {'co': 18144, 'co2': 13267, 'no': 18145, 'no2': 18146, 'o3': 18147}, 'pm': {'pm1': 13221, 'pm10': 13223, 'pm25': 13222}}",1.7,4.73,29.01,5.19,7.86,5.51,732515281,47.2,MOD-00620,23.8,2026-07-18T02:52:00,2026-07-17T19:52:00,https://api.quant-aq.com/v1/devices/MOD-00620/data/732515075
207.71,577.62,"{'lat': None, 'lon': None}","{'rh': 47.1, 'temp': 23.8, 'wd': 0.0, 'ws': 0.0, 'ws_scalar': 0.0}","{'gas': {'co': 18144, 'co2': 13267, 'no': 18145, 'no2': 18146, 'o3': 18147}, 'pm': {'pm1': 13221, 'pm10': 13223, 'pm25': 13222}}",1.69,4.66,29.14,5.59,8.48,5.85,732515279,47.1,MOD-00620,23.8,2026-07-18T02:51:00,2026-07-17T19:51:00,https://api.quant-aq.com/v1/devices/MOD-00620/data/732515073
205.23,572.32,"{'lat': None, 'lon': None}","{'rh': 46.7, 'temp': 23.9, 'wd': 0.0, 'ws': 0.0, 'ws_scalar': 0.0}","{'gas': {'co': 18144, 'co2': 13267, 'no': 18145, 'no2': 18146, 'o3': 18147}, 'pm': {'pm1': 13221, 'pm10': 13223, 'pm25': 13222}}",1.77,4.71,29.95,5.34,5.99,5.6,732513084,46.7,MOD-00620,23.9,2026-07-18T02:50:00,2026-07-17T19:50:00,https://api.quant-aq.com/v1/devices/MOD-00620/data/732512877
207.12,575.58,"{'lat': None, 'lon': None}","{'rh': 46.5, 'temp': 24.0, 'wd': 0.0, 'ws': 0.0, 'ws_scalar': 0.0}","{'gas': {'co': 18144, 'co2': 13267, 'no': 18145, 'no2': 18146, 'o3': 18147}, 'pm': {'pm1': 13221, 'pm10': 13223, 'pm25': 13222}}",1.78,4.49,29.99,5.0,7.67,5.32,732513085,46.5,MOD-00620,24.0,2026-07-18T02:49:00,2026-07-17T19:49:00,https://api.quant-aq.com/v1/devices/MOD-00620/data/732512879
204.59,572.8,"{'lat': None, 'lon': None}","{'rh': 46.6, 'temp': 24.0, 'wd': 0.0, 'ws': 0.0, 'ws_scalar': 0.0}","{'gas': {'co': 18144, 'co2': 13267, 'no': 18145, 'no2': 18146, 'o3': 18147}, 'pm': {'pm1': 13221, 'pm10': 13223, 'pm25': 13222}}",1.82,4.64,29.61,5.41,14.05,5.72,732513083,46.6,MOD-00620,24.0,2026-07-18T02:48:00,2026-07-17T19:48:00,https://api.quant-aq.com/v1/devices/MOD-00620/data/732512878
206.07,576.06,"{'lat': None, 'lon': None}","{'rh': 46.4, 'temp': 24.1, 'wd': 0.0, 'ws': 0.0, 'ws_scalar': 0.0}","{'gas': {'co': 18144, 'co2': 13267, 'no': 18145, 'no2': 18146, 'o3': 18147}, 'pm': {'pm1': 13221, 'pm10': 13223, 'pm25': 13222}}",1.85,4.37,31.27,4.15,9.83,4.53,732513082,46.4,MOD-00620,24.1,2026-07-18T02:47:00,2026-07-17T19:47:00,https://api.quant-aq.com/v1/devices/MOD-00620/data/732512876
207.5,572.08,"{'lat': None, 'lon': None}","{'rh': 46.7, 'temp': 24.1, 'wd': 0.0, 'ws': 0.0, 'ws_scalar': 0.0}","{'gas': {'co': 18144, 'co2': 13267, 'no': 18145, 'no2': 18146, 'o3': 18147}, 'pm': {'pm1': 13221, 'pm10': 13223, 'pm25': 13222}}",1.8,4.49,30.42,5.66,7.26,5.99,732510943,46.7,MOD-00620,24.1,2026-07-18T02:46:00,2026-07-17T19:46:00,https://api.quant-aq.com/v1/devices/MOD-00620/data/732510737
206.79,576.3,"{'lat': None, 'lon': None}","{'rh': 46.7, 'temp': 24.2, 'wd': 0.0, 'ws': 0.0, 'ws_scalar': 0.0}","{'gas': {'co': 18144, 'co2': 13267, 'no': 18145, 'no2': 18146, 'o3': 18147}, 'pm': {'pm1': 13221, 'pm10': 13223, 'pm25': 13222}}",1.9,4.71,29.46,5.24,8.24,5.59,732510941,46.7,MOD-00620,24.2,2026-07-18T02:45:00,2026-07-17T19:45:00,https://api.quant-aq.com/v1/devices/MOD-00620/data/732510734
203.35,576.78,"{'lat': None, 'lon': None}","{'rh': 46.5, 'temp': 24.3, 'wd': 0.0, 'ws': 0.0, 'ws_scalar': 0.0}","{'gas': {'co': 18144, 'co2': 13267, 'no': 18145, 'no2': 18146, 'o3': 18147}, 'pm': {'pm1': 13221, 'pm10': 13223, 'pm25': 13222}}",1.94,4.51,29.5,4.77,11.91,5.13,732510942,46.5,MOD-00620,24.3,2026-07-18T02:44:00,2026-07-17T19:44:00,https://api.quant-aq.com/v1/devices/MOD-00620/data/732510736
196.73,574.01,"{'lat': None, 'lon': None}","{'rh': 46.0, 'temp': 24.3, 'wd': 0.0, 'ws': 0.0, 'ws_scalar': 0.0}","{'gas': {'co': 18144, 'co2': 13267, 'no': 18145, 'no2': 18146, 'o3': 18147}, 'pm': {'pm1': 13221, 'pm10': 13223, 'pm25': 13222}}",1.96,4.48,31.03,4.87,14.57,5.12,732510940,46.0,MOD-00620,24.3,2026-07-18T02:43:00,2026-07-17T19:43:00,https://api.quant-aq.com/v1/devices/MOD-00620/data/732510735
196.57,574.01,"{'lat': None, 'lon': None}","{'rh': 45.8, 'temp': 24.4, 'wd': 0.0, 'ws': 0.0, 'ws_scalar': 0.0}","{'gas': {'co': 18144, 'co2': 13267, 'no': 18145, 'no2': 18146, 'o3': 18147}, 'pm': {'pm1': 13221, 'pm10': 13223, 'pm25': 13222}}",2.01,4.44,31.73,4.4,7.16,4.69,732508773,45.8,MOD-00620,24.4,2026-07-18T02:42:00,2026-07-17T19:42:00,https://api.quant-aq.com/v1/devices/MOD-00620/data/732508567
201.12,575.58,"{'lat': None, 'lon': None}","{'rh': 45.9, 'temp': 24.5, 'wd': 0.0, 'ws': 0.0, 'ws_scalar': 0.0}","{'gas': {'co': 18144, 'co2': 13267, 'no': 18145, 'no2': 18146, 'o3': 18147}, 'pm': {'pm1': 13221, 'pm10': 13223, 'pm25': 13222}}",2.05,4.45,30.8,4.26,5.23,4.63,732508772,45.9,MOD-00620,24.5,2026-07-18T02:41:00,2026-07-17T19:41:00,https://api.quant-aq.com/v1/devices/MOD-00620/data/732508566
198.8,576.42,"{'lat': None, 'lon': None}","{'rh': 45.7, 'temp': 24.5, 'wd': 0.0, 'ws': 0.0, 'ws_scalar': 0.0}","{'gas': {'co': 18144, 'co2': 13267, 'no': 18145, 'no2': 18146, 'o3': 18147}, 'pm': {'pm1': 13221, 'pm10': 13223, 'pm25': 13222}}",2.07,4.46,31.27,4.7,20.68,5.0,732508770,45.7,MOD-00620,24.5,2026-07-18T02:40:00,2026-07-17T19:40:00,https://api.quant-aq.com/v1/devices/MOD-00620/data/732508565
194.61,573.05,"{'lat': None, 'lon': None}","{'rh': 45.4, 'temp': 24.6, 'wd': 0.0, 'ws': 0.0, 'ws_scalar': 0.0}","{'gas': {'co': 18144, 'co2': 13267, 'no': 18145, 'no2': 18146, 'o3': 18147}, 'pm': {'pm1': 13221, 'pm10': 13223, 'pm25': 13222}}",2.11,4.48,31.41,5.07,6.95,5.28,732508771,45.4,MOD-00620,24.6,2026-07-18T02:39:00,2026-07-17T19:39:00,https://api.quant-aq.com/v1/devices/MOD-00620/data/732508564
190.76,569.67,"{'lat': None, 'lon': None}","{'rh': 45.2, 'temp': 24.7, 'wd': 0.0, 'ws': 0.0, 'ws_scalar': 0.0}","{'gas': {'co': 18144, 'co2': 13267, 'no': 18145, 'no2': 18146, 'o3': 18147}, 'pm': {'pm1': 13221, 'pm10': 13223, 'pm25': 13222}}",2.15,4.49,32.44,4.86,6.93,5.05,732506613,45.2,MOD-00620,24.7,2026-07-18T02:38:00,2026-07-17T19:38:00,https://api.quant-aq.com/v1/devices/MOD-00620/data/732506407
196.96,571.12,"{'lat': None, 'lon': None}","{'rh': 45.3, 'temp': 24.8, 'wd': 0.0, 'ws': 0.0, 'ws_scalar': 0.0}","{'gas': {'co': 18144, 'co2': 13267, 'no': 18145, 'no2': 18146, 'o3': 18147}, 'pm': {'pm1': 13221, 'pm10': 13223, 'pm25': 13222}}",2.13,4.48,32.09,5.61,6.96,5.95,732506616,45.3,MOD-00620,24.8,2026-07-18T02:37:00,2026-07-17T19:37:00,https://api.quant-aq.com/v1/devices/MOD-00620/data/732506410
203.38,574.13,"{'lat': None, 'lon': None}","{'rh': 45.5, 'temp': 24.8, 'wd': 0.0, 'ws': 0.0, 'ws_scalar': 0.0}","{'gas': {'co': 18144, 'co2': 13267, 'no': 18145, 'no2': 18146, 'o3': 18147}, 'pm': {'pm1': 13221, 'pm10': 13223, 'pm25': 13222}}",2.19,4.57,31.13,5.6,8.13,5.95,732506615,45.5,MOD-00620,24.8,2026-07-18T02:36:00,2026-07-17T19:36:00,https://api.quant-aq.com/v1/devices/MOD-00620/data/732506408
200.35,570.28,"{'lat': None, 'lon': None}","{'rh': 45.3, 'temp': 24.9, 'wd': 0.0, 'ws': 0.0, 'ws_scalar': 0.0}","{'gas': {'co': 18144, 'co2': 13267, 'no': 18145, 'no2': 18146, 'o3': 18147}, 'pm': {'pm1': 13221, 'pm10': 13223, 'pm25': 13222}}",2.13,4.53,31.5,5.57,7.78,5.73,732506614,45.3,MOD-00620,24.9,2026-07-18T02:35:00,2026-07-17T19:35:00,https://api.quant-aq.com/v1/devices/MOD-00620/data/732506409
193.52,574.25,"{'lat': None, 'lon': None}","{'rh': 45.1, 'temp': 24.9, 'wd': 0.0, 'ws': 0.0, 'ws_scalar': 0.0}","{'gas': {'co': 18144, 'co2': 13267, 'no': 18145, 'no2': 18146, 'o3': 18147}, 'pm': {'pm1': 13221, 'pm10': 13223, 'pm25': 13222}}",2.17,4.53,32.1,6.24,6.61,6.46,732504399,45.1,MOD-00620,24.9,2026-07-18T02:34:00,2026-07-17T19:34:00,https://api.quant-aq.com/v1/devices/MOD-00620/data/732504193
194.93,572.68,"{'lat': None, 'lon': None}","{'rh': 45.0, 'temp': 25.0, 'wd': 0.0, 'ws': 0.0, 'ws_scalar': 0.0}","{'gas': {'co': 18144, 'co2': 13267, 'no': 18145, 'no2': 18146, 'o3': 18147}, 'pm': {'pm1': 13221, 'pm10': 13223, 'pm25': 13222}}",2.14,4.59,31.97,5.04,7.08,5.32,732504398,45.0,MOD-00620,25.0,2026-07-18T02:33:00,2026-07-17T19:33:00,https://api.quant-aq.com/v1/devices/MOD-00620/data/732504192
188.69,572.68,"{'lat': None, 'lon': None}","{'rh': 44.7, 'temp': 25.1, 'wd': 0.0, 'ws': 0.0, 'ws_scalar': 0.0}","{'gas': {'co': 18144, 'co2': 13267, 'no': 18145, 'no2': 18146, 'o3': 18147}, 'pm': {'pm1': 13221, 'pm10': 13223, 'pm25': 13222}}",2.15,4.65,31.98,4.97,6.71,5.37,732504396,44.7,MOD-00620,25.1,2026-07-18T02:32:00,2026-07-17T19:32:00,https://api.quant-aq.com/v1/devices/MOD-00620/data/732504190
183.64,575.21,"{'lat': None, 'lon': None}","{'rh': 44.3, 'temp': 25.1, 'wd': 0.0, 'ws': 0.0, 'ws_scalar': 0.0}","{'gas': {'co': 18144, 'co2': 13267, 'no': 18145, 'no2': 18146, 'o3': 18147}, 'pm': {'pm1': 13221, 'pm10': 13223, 'pm25': 13222}}",2.15,4.63,32.75,5.15,6.69,5.52,732504397,44.3,MOD-00620,25.1,2026-07-18T02:31:00,2026-07-17T19:31:00,https://api.quant-aq.com/v1/devices/MOD-00620/data/732504191
186.62,573.65,"{'lat': None, 'lon': None}","{'rh': 44.3, 'temp': 25.2, 'wd': 0.0, 'ws': 0.0, 'ws_scalar': 0.0}","{'gas': {'co': 18144, 'co2': 13267, 'no': 18145, 'no2': 18146, 'o3': 18147}, 'pm': {'pm1': 13221, 'pm10': 13223, 'pm25': 13222}}",2.15,4.65,33.89,5.48,7.74,5.74,732502240,44.3,MOD-00620,25.2,2026-07-18T02:30:00,2026-07-17T19:30:00,https://api.quant-aq.com/v1/devices/MOD-00620/data/732502034
186.73,573.41,"{'lat': None, 'lon': None}","{'rh': 44.3, 'temp': 25.3, 'wd': 0.0, 'ws': 0.0, 'ws_scalar': 0.0}","{'gas': {'co': 18144, 'co2': 13267, 'no': 18145, 'no2': 18146, 'o3': 18147}, 'pm': {'pm1': 13221, 'pm10': 13223, 'pm25': 13222}}",2.08,4.7,32.14,4.23,7.12,4.44,732502237,44.3,MOD-00620,25.3,2026-07-18T02:29:00,2026-07-17T19:29:00,https://api.quant-aq.com/v1/devices/MOD-00620/data/732502031
193.77,574.49,"{'lat': None, 'lon': None}","{'rh': 44.2, 'temp': 25.3, 'wd': 0.0, 'ws': 0.0, 'ws_scalar': 0.0}","{'gas': {'co': 18144, 'co2': 13267, 'no': 18145, 'no2': 18146, 'o3': 18147}, 'pm': {'pm1': 13221, 'pm10': 13223, 'pm25': 13222}}",2.16,4.71,33.06,4.87,11.25,5.19,732502239,44.2,MOD-00620,25.3,2026-07-18T02:28:00,2026-07-17T19:28:00,https://api.quant-aq.com/v1/devices/MOD-00620/data/732502033
188.76,572.8,"{'lat': None, 'lon': None}","{'rh': 43.9, 'temp': 25.4, 'wd': 0.0, 'ws': 0.0, 'ws_scalar': 0.0}","{'gas': {'co': 18144, 'co2': 13267, 'no': 18145, 'no2': 18146, 'o3': 18147}, 'pm': {'pm1': 13221, 'pm10': 13223, 'pm25': 13222}}",2.14,4.8,32.16,5.15,5.76,5.35,732502238,43.9,MOD-00620,25.4,2026-07-18T02:27:00,2026-07-17T19:27:00,https://api.quant-aq.com/v1/devices/MOD-00620/data/732502032
191.94,575.09,"{'lat': None, 'lon': None}","{'rh': 44.2, 'temp': 25.5, 'wd': 0.0, 'ws': 0.0, 'ws_scalar': 0.0}","{'gas': {'co': 18144, 'co2': 13267, 'no': 18145, 'no2': 18146, 'o3': 18147}, 'pm': {'pm1': 13221, 'pm10': 13223, 'pm25': 13222}}",2.02,4.79,31.42,4.25,5.17,4.54,732500053,44.2,MOD-00620,25.5,2026-07-18T02:26:00,2026-07-17T19:26:00,https://api.quant-aq.com/v1/devices/MOD-00620/data/732499847
197.34,574.61,"{'lat': None, 'lon': None}","{'rh': 44.1, 'temp': 25.5, 'wd': 0.0, 'ws': 0.0, 'ws_scalar': 0.0}","{'gas': {'co': 18144, 'co2': 13267, 'no': 18145, 'no2': 18146, 'o3': 18147}, 'pm': {'pm1': 13221, 'pm10': 13223, 'pm25': 13222}}",2.11,4.79,31.68,4.62,5.59,4.85,732500054,44.1,MOD-00620,25.5,2026-07-18T02:25:00,2026-07-17T19:25:00,https://api.quant-aq.com/v1/devices/MOD-00620/data/732499848
189.05,575.7,"{'lat': None, 'lon': None}","{'rh': 43.8, 'temp': 25.6, 'wd': 0.0, 'ws': 0.0, 'ws_scalar': 0.0}","{'gas': {'co': 18144, 'co2': 13267, 'no': 18145, 'no2': 18146, 'o3': 18147}, 'pm': {'pm1': 13221, 'pm10': 13223, 'pm25': 13222}}",1.99,4.89,29.04,4.93,5.81,5.15,732500051,43.8,MOD-00620,25.6,2026-07-18T02:24:00,2026-07-17T19:24:00,https://api.quant-aq.com/v1/devices/MOD-00620/data/732499845
193.76,573.29,"{'lat': None, 'lon': None}","{'rh': 43.1, 'temp': 25.7, 'wd': 0.0, 'ws': 0.0, 'ws_scalar': 0.0}","{'gas': {'co': 18144, 'co2': 13267, 'no': 18145, 'no2': 18146, 'o3': 18147}, 'pm': {'pm1': 13221, 'pm10': 13223, 'pm25': 13222}}",2.07,5.12,32.47,5.62,6.03,5.84,732500052,43.1,MOD-00620,25.7,2026-07-18T02:23:00,2026-07-17T19:23:00,https://api.quant-aq.com/v1/devices/MOD-00620/data/732499846
198.4,574.61,"{'lat': None, 'lon': None}","{'rh': 43.5, 'temp': 25.7, 'wd': 0.0, 'ws': 0.0, 'ws_scalar': 0.0}","{'gas': {'co': 18144, 'co2': 13267, 'no': 18145, 'no2': 18146, 'o3': 18147}, 'pm': {'pm1': 13221, 'pm10': 13223, 'pm25': 13222}}",2.05,4.97,31.49,5.8,8.38,6.06,732497877,43.5,MOD-00620,25.7,2026-07-18T02:22:00,2026-07-17T19:22:00,https://api.quant-aq.com/v1/devices/MOD-00620/data/732497671
194.0,571.24,"{'lat': None, 'lon': None}","{'rh': 43.5, 'temp': 25.8, 'wd': 0.0, 'ws': 0.0, 'ws_scalar': 0.0}","{'gas': {'co': 18144, 'co2': 13267, 'no': 18145, 'no2': 18146, 'o3': 18147}, 'pm': {'pm1': 13221, 'pm10': 13223, 'pm25': 13222}}",2.09,5.01,32.06,5.63,6.64,5.78,732497876,43.5,MOD-00620,25.8,2026-07-18T02:21:00,2026-07-17T19:21:00,https://api.quant-aq.com/v1/devices/MOD-00620/data/732497670
189.75,573.53,"{'lat': None, 'lon': None}","{'rh': 43.7, 'temp': 25.8, 'wd': 0.0, 'ws': 0.0, 'ws_scalar': 0.0}","{'gas': {'co': 18144, 'co2': 13267, 'no': 18145, 'no2': 18146, 'o3': 18147}, 'pm': {'pm1': 13221, 'pm10': 13223, 'pm25': 13222}}",2.11,4.95,30.06,4.81,6.45,5.16,732497874,43.7,MOD-00620,25.8,2026-07-18T02:20:00,2026-07-17T19:20:00,https://api.quant-aq.com/v1/devices/MOD-00620/data/732497668
191.27,575.33,"{'lat': None, 'lon': None}","{'rh': 43.3, 'temp': 25.8, 'wd': 0.0, 'ws': 0.0, 'ws_scalar': 0.0}","{'gas': {'co': 18144, 'co2': 13267, 'no': 18145, 'no2': 18146, 'o3': 18147}, 'pm': {'pm1': 13221, 'pm10': 13223, 'pm25': 13222}}",2.12,5.02,31.25,5.25,6.48,5.52,732497875,43.3,MOD-00620,25.8,2026-07-18T02:19:00,2026-07-17T19:19:00,https://api.quant-aq.com/v1/devices/MOD-00620/data/732497669
188.46,568.47,"{'lat': None, 'lon': None}","{'rh': 43.2, 'temp': 25.8, 'wd': 0.0, 'ws': 0.0, 'ws_scalar': 0.0}","{'gas': {'co': 18144, 'co2': 13267, 'no': 18145, 'no2': 18146, 'o3': 18147}, 'pm': {'pm1': 13221, 'pm10': 13223, 'pm25': 13222}}",2.11,5.07,31.62,5.19,7.26,5.48,732495682,43.2,MOD-00620,25.8,2026-07-18T02:18:00,2026-07-17T19:18:00,https://api.quant-aq.com/v1/devices/MOD-00620/data/732495476
184.36,575.94,"{'lat': None, 'lon': None}","{'rh': 43.2, 'temp': 25.8, 'wd': 0.0, 'ws': 0.0, 'ws_scalar': 0.0}","{'gas': {'co': 18144, 'co2': 13267, 'no': 18145, 'no2': 18146, 'o3': 18147}, 'pm': {'pm1': 13221, 'pm10': 13223, 'pm25': 13222}}",2.14,5.07,31.62,4.54,9.41,4.76,732495684,43.2,MOD-00620,25.8,2026-07-18T02:17:00,2026-07-17T19:17:00,https://api.quant-aq.com/v1/devices/MOD-00620/data/732495478
196.36,573.89,"{'lat': None, 'lon': None}","{'rh': 42.9, 'temp': 25.7, 'wd': 0.0, 'ws': 0.0, 'ws_scalar': 0.0}","{'gas': {'co': 18144, 'co2': 13267, 'no': 18145, 'no2': 18146, 'o3': 18147}, 'pm': {'pm1': 13221, 'pm10': 13223, 'pm25': 13222}}",2.08,5.17,32.48,5.25,15.74,5.49,732495681,42.9,MOD-00620,25.7,2026-07-18T02:16:00,2026-07-17T19:16:00,https://api.quant-aq.com/v1/devices/MOD-00620/data/732495475
187.23,575.7,"{'lat': None, 'lon': None}","{'rh': 43.2, 'temp': 25.8, 'wd': 0.0, 'ws': 0.0, 'ws_scalar': 0.0}","{'gas': {'co': 18144, 'co2': 13267, 'no': 18145, 'no2': 18146, 'o3': 18147}, 'pm': {'pm1': 13221, 'pm10': 13223, 'pm25': 13222}}",2.04,5.2,33.15,4.55,5.99,4.82,732495683,43.2,MOD-00620,25.8,2026-07-18T02:15:00,2026-07-17T19:15:00,https://api.quant-aq.com/v1/devices/MOD-00620/data/732495477
186.69,575.7,"{'lat': None, 'lon': None}","{'rh': 44.4, 'temp': 25.7, 'wd': 0.0, 'ws': 0.0, 'ws_scalar': 0.0}","{'gas': {'co': 18144, 'co2': 13267, 'no': 18145, 'no2': 18146, 'o3': 18147}, 'pm': {'pm1': 13221, 'pm10': 13223, 'pm25': 13222}}",2.07,4.82,30.35,3.53,13.38,3.78,732493437,44.4,MOD-00620,25.7,2026-07-18T02:14:00,2026-07-17T19:14:00,https://api.quant-aq.com/v1/devices/MOD-00620/data/732493231
191.01,573.89,"{'lat': None, 'lon': None}","{'rh': 43.5, 'temp': 25.7, 'wd': 0.0, 'ws': 0.0, 'ws_scalar': 0.0}","{'gas': {'co': 18144, 'co2': 13267, 'no': 18145, 'no2': 18146, 'o3': 18147}, 'pm': {'pm1': 13221, 'pm10': 13223, 'pm25': 13222}}",2.1,4.98,32.53,5.05,6.17,5.35,732493438,43.5,MOD-00620,25.7,2026-07-18T02:13:00,2026-07-17T19:13:00,https://api.quant-aq.com/v1/devices/MOD-00620/data/732493232
188.55,575.82,"{'lat': None, 'lon': None}","{'rh': 43.5, 'temp': 25.7, 'wd': 0.0, 'ws': 0.0, 'ws_scalar': 0.0}","{'gas': {'co': 18144, 'co2': 13267, 'no': 18145, 'no2': 18146, 'o3': 18147}, 'pm': {'pm1': 13221, 'pm10': 13223, 'pm25': 13222}}",2.07,4.97,31.95,4.88,7.53,5.13,732493439,43.5,MOD-00620,25.7,2026-07-18T02:12:00,2026-07-17T19:12:00,https://api.quant-aq.com/v1/devices/MOD-00620/data/732493234
188.62,574.37,"{'lat': None, 'lon': None}","{'rh': 43.4, 'temp': 25.7, 'wd': 0.0, 'ws': 0.0, 'ws_scalar': 0.0}","{'gas': {'co': 18144, 'co2': 13267, 'no': 18145, 'no2': 18146, 'o3': 18147}, 'pm': {'pm1': 13221, 'pm10': 13223, 'pm25': 13222}}",2.07,5.0,32.08,4.79,6.31,5.02,732493436,43.4,MOD-00620,25.7,2026-07-18T02:11:00,2026-07-17T19:11:00,https://api.quant-aq.com/v1/devices/MOD-00620/data/732493230
185.48,576.66,"{'lat': None, 'lon': None}","{'rh': 43.2, 'temp': 25.7, 'wd': 0.0, 'ws': 0.0, 'ws_scalar': 0.0}","{'gas': {'co': 18144, 'co2': 13267, 'no': 18145, 'no2': 18146, 'o3': 18147}, 'pm': {'pm1': 13221, 'pm10': 13223, 'pm25': 13222}}",2.11,5.08,32.34,4.91,10.51,5.17,732491206,43.2,MOD-00620,25.7,2026-07-18T02:10:00,2026-07-17T19:10:00,https://api.quant-aq.com/v1/devices/MOD-00620/data/732491001
190.4,573.17,"{'lat': None, 'lon': None}","{'rh': 43.2, 'temp': 25.7, 'wd': 0.0, 'ws': 0.0, 'ws_scalar': 0.0}","{'gas': {'co': 18144, 'co2': 13267, 'no': 18145, 'no2': 18146, 'o3': 18147}, 'pm': {'pm1': 13221, 'pm10': 13223, 'pm25': 13222}}",2.05,5.08,32.79,5.14,12.54,5.45,732491207,43.2,MOD-00620,25.7,2026-07-18T02:09:00,2026-07-17T19:09:00,https://api.quant-aq.com/v1/devices/MOD-00620/data/732491000
185.41,575.94,"{'lat': None, 'lon': None}","{'rh': 43.3, 'temp': 25.7, 'wd': 0.0, 'ws': 0.0, 'ws_scalar': 0.0}","{'gas': {'co': 18144, 'co2': 13267, 'no': 18145, 'no2': 18146, 'o3': 18147}, 'pm': {'pm1': 13221, 'pm10': 13223, 'pm25': 13222}}",2.08,5.03,32.66,3.91,5.24,4.18,732491205,43.3,MOD-00620,25.7,2026-07-18T02:08:00,2026-07-17T19:08:00,https://api.quant-aq.com/v1/devices/MOD-00620/data/732490998
189.58,572.68,"{'lat': None, 'lon': None}","{'rh': 43.2, 'temp': 25.7, 'wd': 0.0, 'ws': 0.0, 'ws_scalar': 0.0}","{'gas': {'co': 18144, 'co2': 13267, 'no': 18145, 'no2': 18146, 'o3': 18147}, 'pm': {'pm1': 13221, 'pm10': 13223, 'pm25': 13222}}",2.1,5.13,33.04,4.17,6.31,4.44,732491204,43.2,MOD-00620,25.7,2026-07-18T02:07:00,2026-07-17T19:07:00,https://api.quant-aq.com/v1/devices/MOD-00620/data/732490999
196.9,574.85,"{'lat': None, 'lon': None}","{'rh': 43.3, 'temp': 25.7, 'wd': 0.0, 'ws': 0.0, 'ws_scalar': 0.0}","{'gas': {'co': 18144, 'co2': 13267, 'no': 18145, 'no2': 18146, 'o3': 18147}, 'pm': {'pm1': 13221, 'pm10': 13223, 'pm25': 13222}}",2.01,5.13,32.7,4.64,9.93,5.01,732488929,43.3,MOD-00620,25.7,2026-07-18T02:06:00,2026-07-17T19:06:00,https://api.quant-aq.com/v1/devices/MOD-00620/data/732488723
195.38,574.97,"{'lat': None, 'lon': None}","{'rh': 43.7, 'temp': 25.7, 'wd': 0.0, 'ws': 0.0, 'ws_scalar': 0.0}","{'gas': {'co': 18144, 'co2': 13267, 'no': 18145, 'no2': 18146, 'o3': 18147}, 'pm': {'pm1': 13221, 'pm10': 13223, 'pm25': 13222}}",2.02,4.95,31.27,3.45,5.84,3.68,732488931,43.7,MOD-00620,25.7,2026-07-18T02:05:00,2026-07-17T19:05:00,https://api.quant-aq.com/v1/devices/MOD-00620/data/732488725
200.65,578.95,"{'lat': None, 'lon': None}","{'rh': 43.8, 'temp': 25.7, 'wd': 0.0, 'ws': 0.0, 'ws_scalar': 0.0}","{'gas': {'co': 18144, 'co2': 13267, 'no': 18145, 'no2': 18146, 'o3': 18147}, 'pm': {'pm1': 13221, 'pm10': 13223, 'pm25': 13222}}",2.07,4.97,32.54,3.68,9.06,3.97,732488932,43.8,MOD-00620,25.7,2026-07-18T02:04:00,2026-07-17T19:04:00,https://api.quant-aq.com/v1/devices/MOD-00620/data/732488726
199.27,575.7,"{'lat': None, 'lon': None}","{'rh': 44.0, 'temp': 25.7, 'wd': 0.0, 'ws': 0.0, 'ws_scalar': 0.0}","{'gas': {'co': 18144, 'co2': 13267, 'no': 18145, 'no2': 18146, 'o3': 18147}, 'pm': {'pm1': 13221, 'pm10': 13223, 'pm25': 13222}}",1.96,4.92,32.98,4.15,6.22,4.41,732488930,44.0,MOD-00620,25.7,2026-07-18T02:03:00,2026-07-17T19:03:00,https://api.quant-aq.com/v1/devices/MOD-00620/data/732488724
202.9,577.38,"{'lat': None, 'lon': None}","{'rh': 44.1, 'temp': 25.7, 'wd': 0.0, 'ws': 0.0, 'ws_scalar': 0.0}","{'gas': {'co': 18144, 'co2': 13267, 'no': 18145, 'no2': 18146, 'o3': 18147}, 'pm': {'pm1': 13221, 'pm10': 13223, 'pm25': 13222}}",1.99,4.9,32.06,3.46,11.91,3.76,732486788,44.1,MOD-00620,25.7,2026-07-18T02:02:00,2026-07-17T19:02:00,https://api.quant-aq.com/v1/devices/MOD-00620/data/732486581
204.79,575.21,"{'lat': None, 'lon': None}","{'rh': 44.9, 'temp': 25.7, 'wd': 0.0, 'ws': 0.0, 'ws_scalar': 0.0}","{'gas': {'co': 18144, 'co2': 13267, 'no': 18145, 'no2': 18146, 'o3': 18147}, 'pm': {'pm1': 13221, 'pm10': 13223, 'pm25': 13222}}",2.14,4.76,29.73,4.65,10.56,4.92,732486787,44.9,MOD-00620,25.7,2026-07-18T02:01:00,2026-07-17T19:01:00,https://api.quant-aq.com/v1/devices/MOD-00620/data/732486580
200.08,572.8,"{'lat': None, 'lon': None}","{'rh': 44.6, 'temp': 25.7, 'wd': 0.0, 'ws': 0.0, 'ws_scalar': 0.0}","{'gas': {'co': 18144, 'co2': 13267, 'no': 18145, 'no2': 18146, 'o3': 18147}, 'pm': {'pm1': 13221, 'pm10': 13223, 'pm25': 13222}}",2.07,4.79,28.51,4.38,11.36,4.64,732486786,44.6,MOD-00620,25.7,2026-07-18T02:00:00,2026-07-17T19:00:00,https://api.quant-aq.com/v1/devices/MOD-00620/data/732486582
207.41,577.5,"{'lat': None, 'lon': None}","{'rh': 44.1, 'temp': 25.7, 'wd': 0.0, 'ws': 0.0, 'ws_scalar': 0.0}","{'gas': {'co': 18144, 'co2': 13267, 'no': 18145, 'no2': 18146, 'o3': 18147}, 'pm': {'pm1': 13221, 'pm10': 13223, 'pm25': 13222}}",2.1,4.86,29.41,4.18,6.78,4.55,732486785,44.1,MOD-00620,25.7,2026-07-18T01:59:00,2026-07-17T18:59:00,https://api.quant-aq.com/v1/devices/MOD-00620/data/732486579
210.62,575.82,"{'lat': None, 'lon': None}","{'rh': 44.2, 'temp': 25.7, 'wd': 0.0, 'ws': 0.0, 'ws_scalar': 0.0}","{'gas': {'co': 18144, 'co2': 13267, 'no': 18145, 'no2': 18146, 'o3': 18147}, 'pm': {'pm1': 13221, 'pm10': 13223, 'pm25': 13222}}",1.96,4.86,30.11,3.95,4.47,4.21,732484602,44.2,MOD-00620,25.7,2026-07-18T01:58:00,2026-07-17T18:58:00,https://api.quant-aq.com/v1/devices/MOD-00620/data/732484397
210.82,575.58,"{'lat': None, 'lon': None}","{'rh': 44.5, 'temp': 25.7, 'wd': 0.0, 'ws': 0.0, 'ws_scalar': 0.0}","{'gas': {'co': 18144, 'co2': 13267, 'no': 18145, 'no2': 18146, 'o3': 18147}, 'pm': {'pm1': 13221, 'pm10': 13223, 'pm25': 13222}}",2.11,4.78,29.92,5.51,6.78,5.75,732484600,44.5,MOD-00620,25.7,2026-07-18T01:57:00,2026-07-17T18:57:00,https://api.quant-aq.com/v1/devices/MOD-00620/data/732484394
210.3,577.98,"{'lat': None, 'lon': None}","{'rh': 44.5, 'temp': 25.6, 'wd': 0.0, 'ws': 0.0, 'ws_scalar': 0.0}","{'gas': {'co': 18144, 'co2': 13267, 'no': 18145, 'no2': 18146, 'o3': 18147}, 'pm': {'pm1': 13221, 'pm10': 13223, 'pm25': 13222}}",2.03,4.75,31.22,6.06,8.42,6.29,732484603,44.5,MOD-00620,25.6,2026-07-18T01:56:00,2026-07-17T18:56:00,https://api.quant-aq.com/v1/devices/MOD-00620/data/732484396
205.17,577.74,"{'lat': None, 'lon': None}","{'rh': 45.8, 'temp': 25.5, 'wd': 0.0, 'ws': 0.0, 'ws_scalar': 0.0}","{'gas': {'co': 18144, 'co2': 13267, 'no': 18145, 'no2': 18146, 'o3': 18147}, 'pm': {'pm1': 13221, 'pm10': 13223, 'pm25': 13222}}",2.0,4.61,28.2,5.63,6.27,5.88,732484601,45.8,MOD-00620,25.5,2026-07-18T01:55:00,2026-07-17T18:55:00,https://api.quant-aq.com/v1/devices/MOD-00620/data/732484395
201.65,581.6,"{'lat': None, 'lon': None}","{'rh': 45.4, 'temp': 25.4, 'wd': 0.0, 'ws': 0.0, 'ws_scalar': 0.0}","{'gas': {'co': 18144, 'co2': 13267, 'no': 18145, 'no2': 18146, 'o3': 18147}, 'pm': {'pm1': 13221, 'pm10': 13223, 'pm25': 13222}}",2.13,4.67,28.0,5.55,6.25,5.85,732482417,45.4,MOD-00620,25.4,2026-07-18T01:54:00,2026-07-17T18:54:00,https://api.quant-aq.com/v1/devices/MOD-00620/data/732482212
200.59,578.47,"{'lat': None, 'lon': None}","{'rh': 45.0, 'temp': 25.3, 'wd': 0.0, 'ws': 0.0, 'ws_scalar': 0.0}","{'gas': {'co': 18144, 'co2': 13267, 'no': 18145, 'no2': 18146, 'o3': 18147}, 'pm': {'pm1': 13221, 'pm10': 13223, 'pm25': 13222}}",2.15,4.63,29.44,5.26,9.8,5.47,732482418,45.0,MOD-00620,25.3,2026-07-18T01:53:00,2026-07-17T18:53:00,https://api.quant-aq.com/v1/devices/MOD-00620/data/732482211
196.93,577.02,"{'lat': None, 'lon': None}","{'rh': 44.8, 'temp': 25.2, 'wd': 0.0, 'ws': 0.0, 'ws_scalar': 0.0}","{'gas': {'co': 18144, 'co2': 13267, 'no': 18145, 'no2': 18146, 'o3': 18147}, 'pm': {'pm1': 13221, 'pm10': 13223, 'pm25': 13222}}",2.1,4.6,30.17,5.19,5.7,5.48,732482419,44.8,MOD-00620,25.2,2026-07-18T01:52:00,2026-07-17T18:52:00,https://api.quant-aq.com/v1/devices/MOD-00620/data/732482213
198.73,579.55,"{'lat': None, 'lon': None}","{'rh': 45.0, 'temp': 25.1, 'wd': 0.0, 'ws': 0.0, 'ws_scalar': 0.0}","{'gas': {'co': 18144, 'co2': 13267, 'no': 18145, 'no2': 18146, 'o3': 18147}, 'pm': {'pm1': 13221, 'pm10': 13223, 'pm25': 13222}}",2.12,4.51,29.96,5.57,6.23,5.85,732482416,45.0,MOD-00620,25.1,2026-07-18T01:51:00,2026-07-17T18:51:00,https://api.quant-aq.com/v1/devices/MOD-00620/data/732482210
200.09,580.39,"{'lat': None, 'lon': None}","{'rh': 45.4, 'temp': 25.1, 'wd': 0.0, 'ws': 0.0, 'ws_scalar': 0.0}","{'gas': {'co': 18144, 'co2': 13267, 'no': 18145, 'no2': 18146, 'o3': 18147}, 'pm': {'pm1': 13221, 'pm10': 13223, 'pm25': 13222}}",2.06,4.5,29.56,4.73,7.13,5.14,732480257,45.4,MOD-00620,25.1,2026-07-18T01:50:00,2026-07-17T18:50:00,https://api.quant-aq.com/v1/devices/MOD-00620/data/732480051
197.59,579.43,"{'lat': None, 'lon': None}","{'rh': 45.3, 'temp': 25.0, 'wd': 0.0, 'ws': 0.0, 'ws_scalar': 0.0}","{'gas': {'co': 18144, 'co2': 13267, 'no': 18145, 'no2': 18146, 'o3': 18147}, 'pm': {'pm1': 13221, 'pm10': 13223, 'pm25': 13222}}",2.04,4.42,31.56,5.2,15.4,5.45,732480256,45.3,MOD-00620,25.0,2026-07-18T01:49:00,2026-07-17T18:49:00,https://api.quant-aq.com/v1/devices/MOD-00620/data/732480049
197.02,582.44,"{'lat': None, 'lon': None}","{'rh': 46.1, 'temp': 25.0, 'wd': 0.0, 'ws': 0.0, 'ws_scalar': 0.0}","{'gas': {'co': 18144, 'co2': 13267, 'no': 18145, 'no2': 18146, 'o3': 18147}, 'pm': {'pm1': 13221, 'pm10': 13223, 'pm25': 13222}}",2.06,4.4,30.89,4.27,5.84,4.62,732480255,46.1,MOD-00620,25.0,2026-07-18T01:48:00,2026-07-17T18:48:00,https://api.quant-aq.com/v1/devices/MOD-00620/data/732480050
196.91,579.31,"{'lat': None, 'lon': None}","{'rh': 46.1, 'temp': 24.9, 'wd': 0.0, 'ws': 0.0, 'ws_scalar': 0.0}","{'gas': {'co': 18144, 'co2': 13267, 'no': 18145, 'no2': 18146, 'o3': 18147}, 'pm': {'pm1': 13221, 'pm10': 13223, 'pm25': 13222}}",2.04,4.36,30.57,5.32,15.62,5.7,732480254,46.1,MOD-00620,24.9,2026-07-18T01:47:00,2026-07-17T18:47:00,https://api.quant-aq.com/v1/devices/MOD-00620/data/732480048
199.39,580.75,"{'lat': None, 'lon': None}","{'rh': 46.5, 'temp': 24.8, 'wd': 0.0, 'ws': 0.0, 'ws_scalar': 0.0}","{'gas': {'co': 18144, 'co2': 13267, 'no': 18145, 'no2': 18146, 'o3': 18147}, 'pm': {'pm1': 13221, 'pm10': 13223, 'pm25': 13222}}",2.07,4.35,30.3,5.43,12.22,5.78,732478050,46.5,MOD-00620,24.8,2026-07-18T01:46:00,2026-07-17T18:46:00,https://api.quant-aq.com/v1/devices/MOD-00620/data/732477844
198.36,580.63,"{'lat': None, 'lon': None}","{'rh': 46.8, 'temp': 24.8, 'wd': 0.0, 'ws': 0.0, 'ws_scalar': 0.0}","{'gas': {'co': 18144, 'co2': 13267, 'no': 18145, 'no2': 18146, 'o3': 18147}, 'pm': {'pm1': 13221, 'pm10': 13223, 'pm25': 13222}}",2.04,4.33,30.28,4.66,6.87,4.98,732478049,46.8,MOD-00620,24.8,2026-07-18T01:45:00,2026-07-17T18:45:00,https://api.quant-aq.com/v1/devices/MOD-00620/data/732477842
207.24,583.16,"{'lat': None, 'lon': None}","{'rh': 47.0, 'temp': 24.8, 'wd': 0.0, 'ws': 0.0, 'ws_scalar': 0.0}","{'gas': {'co': 18144, 'co2': 13267, 'no': 18145, 'no2': 18146, 'o3': 18147}, 'pm': {'pm1': 13221, 'pm10': 13223, 'pm25': 13222}}",2.07,4.5,28.61,5.64,10.44,5.89,732478048,47.0,MOD-00620,24.8,2026-07-18T01:44:00,2026-07-17T18:44:00,https://api.quant-aq.com/v1/devices/MOD-00620/data/732477843
195.18,582.2,"{'lat': None, 'lon': None}","{'rh': 46.5, 'temp': 24.7, 'wd': 0.0, 'ws': 0.0, 'ws_scalar': 0.0}","{'gas': {'co': 18144, 'co2': 13267, 'no': 18145, 'no2': 18146, 'o3': 18147}, 'pm': {'pm1': 13221, 'pm10': 13223, 'pm25': 13222}}",2.12,4.28,31.47,6.0,11.05,6.32,732478047,46.5,MOD-00620,24.7,2026-07-18T01:43:00,2026-07-17T18:43:00,https://api.quant-aq.com/v1/devices/MOD-00620/data/732477841
195.18,580.51,"{'lat': None, 'lon': None}","{'rh': 46.5, 'temp': 24.7, 'wd': 0.0, 'ws': 0.0, 'ws_scalar': 0.0}","{'gas': {'co': 18144, 'co2': 13267, 'no': 18145, 'no2': 18146, 'o3': 18147}, 'pm': {'pm1': 13221, 'pm10': 13223, 'pm25': 13222}}",2.01,4.22,31.84,5.03,7.02,5.33,732475945,46.5,MOD-00620,24.7,2026-07-18T01:42:00,2026-07-17T18:42:00,https://api.quant-aq.com/v1/devices/MOD-00620/data/732475739
196.13,577.62,"{'lat': None, 'lon': None}","{'rh': 46.9, 'temp': 24.7, 'wd': 0.0, 'ws': 0.0, 'ws_scalar': 0.0}","{'gas': {'co': 18144, 'co2': 13267, 'no': 18145, 'no2': 18146, 'o3': 18147}, 'pm': {'pm1': 13221, 'pm10': 13223, 'pm25': 13222}}",2.07,4.36,29.58,5.59,15.1,5.93,732475943,46.9,MOD-00620,24.7,2026-07-18T01:41:00,2026-07-17T18:41:00,https://api.quant-aq.com/v1/devices/MOD-00620/data/732475737
197.02,579.43,"{'lat': None, 'lon': None}","{'rh': 46.8, 'temp': 24.7, 'wd': 0.0, 'ws': 0.0, 'ws_scalar': 0.0}","{'gas': {'co': 18144, 'co2': 13267, 'no': 18145, 'no2': 18146, 'o3': 18147}, 'pm': {'pm1': 13221, 'pm10': 13223, 'pm25': 13222}}",1.98,4.24,30.21,4.84,5.49,5.12,732475944,46.8,MOD-00620,24.7,2026-07-18T01:40:00,2026-07-17T18:40:00,https://api.quant-aq.com/v1/devices/MOD-00620/data/732475738
194.49,577.14,"{'lat': None, 'lon': None}","{'rh': 46.9, 'temp': 24.7, 'wd': 0.0, 'ws': 0.0, 'ws_scalar': 0.0}","{'gas': {'co': 18144, 'co2': 13267, 'no': 18145, 'no2': 18146, 'o3': 18147}, 'pm': {'pm1': 13221, 'pm10': 13223, 'pm25': 13222}}",2.05,4.36,29.58,5.21,7.8,5.53,732475942,46.9,MOD-00620,24.7,2026-07-18T01:39:00,2026-07-17T18:39:00,https://api.quant-aq.com/v1/devices/MOD-00620/data/732475736
201.74,575.94,"{'lat': None, 'lon': None}","{'rh': 46.5, 'temp': 24.7, 'wd': 0.0, 'ws': 0.0, 'ws_scalar': 0.0}","{'gas': {'co': 18144, 'co2': 13267, 'no': 18145, 'no2': 18146, 'o3': 18147}, 'pm': {'pm1': 13221, 'pm10': 13223, 'pm25': 13222}}",2.04,4.26,30.23,6.51,7.09,6.8,732473801,46.5,MOD-00620,24.7,2026-07-18T01:38:00,2026-07-17T18:38:00,https://api.quant-aq.com/v1/devices/MOD-00620/data/732473595
207.59,575.94,"{'lat': None, 'lon': None}","{'rh': 46.5, 'temp': 24.8, 'wd': 0.0, 'ws': 0.0, 'ws_scalar': 0.0}","{'gas': {'co': 18144, 'co2': 13267, 'no': 18145, 'no2': 18146, 'o3': 18147}, 'pm': {'pm1': 13221, 'pm10': 13223, 'pm25': 13222}}",2.02,4.28,30.22,6.17,6.59,6.45,732473804,46.5,MOD-00620,24.8,2026-07-18T01:37:00,2026-07-17T18:37:00,https://api.quant-aq.com/v1/devices/MOD-00620/data/732473598
198.7,578.35,"{'lat': None, 'lon': None}","{'rh': 46.9, 'temp': 24.8, 'wd': 0.0, 'ws': 0.0, 'ws_scalar': 0.0}","{'gas': {'co': 18144, 'co2': 13267, 'no': 18145, 'no2': 18146, 'o3': 18147}, 'pm': {'pm1': 13221, 'pm10': 13223, 'pm25': 13222}}",2.05,4.29,29.48,5.99,11.89,6.38,732473803,46.9,MOD-00620,24.8,2026-07-18T01:36:00,2026-07-17T18:36:00,https://api.quant-aq.com/v1/devices/MOD-00620/data/732473597
202.05,579.67,"{'lat': None, 'lon': None}","{'rh': 46.8, 'temp': 24.8, 'wd': 0.0, 'ws': 0.0, 'ws_scalar': 0.0}","{'gas': {'co': 18144, 'co2': 13267, 'no': 18145, 'no2': 18146, 'o3': 18147}, 'pm': {'pm1': 13221, 'pm10': 13223, 'pm25': 13222}}",2.04,4.21,31.81,6.82,8.33,7.2,732473802,46.8,MOD-00620,24.8,2026-07-18T01:35:00,2026-07-17T18:35:00,https://api.quant-aq.com/v1/devices/MOD-00620/data/732473596
213.81,580.39,"{'lat': None, 'lon': None}","{'rh': 48.0, 'temp': 24.7, 'wd': 0.0, 'ws': 0.0, 'ws_scalar': 0.0}","{'gas': {'co': 18144, 'co2': 13267, 'no': 18145, 'no2': 18146, 'o3': 18147}, 'pm': {'pm1': 13221, 'pm10': 13223, 'pm25': 13222}}",1.91,4.26,30.2,5.57,6.93,5.93,732471595,48.0,MOD-00620,24.7,2026-07-18T01:34:00,2026-07-17T18:34:00,https://api.quant-aq.com/v1/devices/MOD-00620/data/732471390
214.41,577.86,"{'lat': None, 'lon': None}","{'rh': 48.9, 'temp': 24.7, 'wd': 0.0, 'ws': 0.0, 'ws_scalar': 0.0}","{'gas': {'co': 18144, 'co2': 13267, 'no': 18145, 'no2': 18146, 'o3': 18147}, 'pm': {'pm1': 13221, 'pm10': 13223, 'pm25': 13222}}",1.91,4.37,28.85,4.98,7.27,5.32,732471596,48.9,MOD-00620,24.7,2026-07-18T01:33:00,2026-07-17T18:33:00,https://api.quant-aq.com/v1/devices/MOD-00620/data/732471389
195.98,580.51,"{'lat': None, 'lon': None}","{'rh': 48.7, 'temp': 24.6, 'wd': 0.0, 'ws': 0.0, 'ws_scalar': 0.0}","{'gas': {'co': 18144, 'co2': 13267, 'no': 18145, 'no2': 18146, 'o3': 18147}, 'pm': {'pm1': 13221, 'pm10': 13223, 'pm25': 13222}}",2.04,4.5,30.79,5.43,9.85,5.74,732471594,48.7,MOD-00620,24.6,2026-07-18T01:32:00,2026-07-17T18:32:00,https://api.quant-aq.com/v1/devices/MOD-00620/data/732471388
193.59,574.97,"{'lat': None, 'lon': None}","{'rh': 48.6, 'temp': 24.6, 'wd': 0.0, 'ws': 0.0, 'ws_scalar': 0.0}","{'gas': {'co': 18144, 'co2': 13267, 'no': 18145, 'no2': 18146, 'o3': 18147}, 'pm': {'pm1': 13221, 'pm10': 13223, 'pm25': 13222}}",1.93,4.29,31.41,5.14,8.6,5.48,732471597,48.6,MOD-00620,24.6,2026-07-18T01:31:00,2026-07-17T18:31:00,https://api.quant-aq.com/v1/devices/MOD-00620/data/732471391
188.94,577.86,"{'lat': None, 'lon': None}","{'rh': 48.8, 'temp': 24.6, 'wd': 0.0, 'ws': 0.0, 'ws_scalar': 0.0}","{'gas': {'co': 18144, 'co2': 13267, 'no': 18145, 'no2': 18146, 'o3': 18147}, 'pm': {'pm1': 13221, 'pm10': 13223, 'pm25': 13222}}",2.0,4.61,28.71,5.4,9.37,5.67,732469434,48.8,MOD-00620,24.6,2026-07-18T01:30:00,2026-07-17T18:30:00,https://api.quant-aq.com/v1/devices/MOD-00620/data/732469229
189.93,575.94,"{'lat': None, 'lon': None}","{'rh': 47.4, 'temp': 24.6, 'wd': 0.0, 'ws': 0.0, 'ws_scalar': 0.0}","{'gas': {'co': 18144, 'co2': 13267, 'no': 18145, 'no2': 18146, 'o3': 18147}, 'pm': {'pm1': 13221, 'pm10': 13223, 'pm25': 13222}}",2.05,4.27,31.63,4.55,8.84,4.82,732469435,47.4,MOD-00620,24.6,2026-07-18T01:29:00,2026-07-17T18:29:00,https://api.quant-aq.com/v1/devices/MOD-00620/data/732469230
183.61,576.9,"{'lat': None, 'lon': None}","{'rh': 47.2, 'temp': 24.7, 'wd': 0.0, 'ws': 0.0, 'ws_scalar': 0.0}","{'gas': {'co': 18144, 'co2': 13267, 'no': 18145, 'no2': 18146, 'o3': 18147}, 'pm': {'pm1': 13221, 'pm10': 13223, 'pm25': 13222}}",2.0,4.26,31.75,4.9,8.23,5.18,732469437,47.2,MOD-00620,24.7,2026-07-18T01:28:00,2026-07-17T18:28:00,https://api.quant-aq.com/v1/devices/MOD-00620/data/732469231
190.73,578.71,"{'lat': None, 'lon': None}","{'rh': 47.0, 'temp': 24.7, 'wd': 0.0, 'ws': 0.0, 'ws_scalar': 0.0}","{'gas': {'co': 18144, 'co2': 13267, 'no': 18145, 'no2': 18146, 'o3': 18147}, 'pm': {'pm1': 13221, 'pm10': 13223, 'pm25': 13222}}",1.97,4.25,31.44,5.1,7.01,5.37,732469438,47.0,MOD-00620,24.7,2026-07-18T01:27:00,2026-07-17T18:27:00,https://api.quant-aq.com/v1/devices/MOD-00620/data/732469233
182.12,580.63,"{'lat': None, 'lon': None}","{'rh': 47.0, 'temp': 24.7, 'wd': 0.0, 'ws': 0.0, 'ws_scalar': 0.0}","{'gas': {'co': 18144, 'co2': 13267, 'no': 18145, 'no2': 18146, 'o3': 18147}, 'pm': {'pm1': 13221, 'pm10': 13223, 'pm25': 13222}}",2.06,4.22,31.1,5.64,14.32,6.03,732467159,47.0,MOD-00620,24.7,2026-07-18T01:26:00,2026-07-17T18:26:00,https://api.quant-aq.com/v1/devices/MOD-00620/data/732466953
188.96,577.02,"{'lat': None, 'lon': None}","{'rh': 46.6, 'temp': 24.7, 'wd': 0.0, 'ws': 0.0, 'ws_scalar': 0.0}","{'gas': {'co': 18144, 'co2': 13267, 'no': 18145, 'no2': 18146, 'o3': 18147}, 'pm': {'pm1': 13221, 'pm10': 13223, 'pm25': 13222}}",1.97,4.16,33.12,5.69,7.31,5.96,732467157,46.6,MOD-00620,24.7,2026-07-18T01:25:00,2026-07-17T18:25:00,https://api.quant-aq.com/v1/devices/MOD-00620/data/732466950
182.96,578.47,"{'lat': None, 'lon': None}","{'rh': 47.7, 'temp': 24.8, 'wd': 0.0, 'ws': 0.0, 'ws_scalar': 0.0}","{'gas': {'co': 18144, 'co2': 13267, 'no': 18145, 'no2': 18146, 'o3': 18147}, 'pm': {'pm1': 13221, 'pm10': 13223, 'pm25': 13222}}",1.89,4.23,31.37,6.06,10.3,6.44,732467158,47.7,MOD-00620,24.8,2026-07-18T01:24:00,2026-07-17T18:24:00,https://api.quant-aq.com/v1/devices/MOD-00620/data/732466952
188.29,577.98,"{'lat': None, 'lon': None}","{'rh': 47.7, 'temp': 24.8, 'wd': 0.0, 'ws': 0.0, 'ws_scalar': 0.0}","{'gas': {'co': 18144, 'co2': 13267, 'no': 18145, 'no2': 18146, 'o3': 18147}, 'pm': {'pm1': 13221, 'pm10': 13223, 'pm25': 13222}}",2.0,4.28,30.67,5.48,16.49,5.85,732467156,47.7,MOD-00620,24.8,2026-07-18T01:23:00,2026-07-17T18:23:00,https://api.quant-aq.com/v1/devices/MOD-00620/data/732466951
172.93,574.73,"{'lat': None, 'lon': None}","{'rh': 46.8, 'temp': 24.8, 'wd': 0.0, 'ws': 0.0, 'ws_scalar': 0.0}","{'gas': {'co': 18144, 'co2': 13267, 'no': 18145, 'no2': 18146, 'o3': 18147}, 'pm': {'pm1': 13221, 'pm10': 13223, 'pm25': 13222}}",2.07,4.25,31.11,5.03,5.63,5.28,732464797,46.8,MOD-00620,24.8,2026-07-18T01:22:00,2026-07-17T18:22:00,https://api.quant-aq.com/v1/devices/MOD-00620/data/732464591
178.39,572.32,"{'lat': None, 'lon': None}","{'rh': 46.2, 'temp': 24.9, 'wd': 0.0, 'ws': 0.0, 'ws_scalar': 0.0}","{'gas': {'co': 18144, 'co2': 13267, 'no': 18145, 'no2': 18146, 'o3': 18147}, 'pm': {'pm1': 13221, 'pm10': 13223, 'pm25': 13222}}",1.93,4.22,33.95,4.86,5.95,5.1,732464798,46.2,MOD-00620,24.9,2026-07-18T01:21:00,2026-07-17T18:21:00,https://api.quant-aq.com/v1/devices/MOD-00620/data/732464592
179.27,575.94,"{'lat': None, 'lon': None}","{'rh': 46.7, 'temp': 24.9, 'wd': 0.0, 'ws': 0.0, 'ws_scalar': 0.0}","{'gas': {'co': 18144, 'co2': 13267, 'no': 18145, 'no2': 18146, 'o3': 18147}, 'pm': {'pm1': 13221, 'pm10': 13223, 'pm25': 13222}}",2.02,4.24,32.26,4.32,5.34,4.62,732464796,46.7,MOD-00620,24.9,2026-07-18T01:20:00,2026-07-17T18:20:00,https://api.quant-aq.com/v1/devices/MOD-00620/data/732464590
178.11,576.78,"{'lat': None, 'lon': None}","{'rh': 46.6, 'temp': 24.9, 'wd': 0.0, 'ws': 0.0, 'ws_scalar': 0.0}","{'gas': {'co': 18144, 'co2': 13267, 'no': 18145, 'no2': 18146, 'o3': 18147}, 'pm': {'pm1': 13221, 'pm10': 13223, 'pm25': 13222}}",1.93,4.19,32.76,6.14,6.96,6.55,732464795,46.6,MOD-00620,24.9,2026-07-18T01:19:00,2026-07-17T18:19:00,https://api.quant-aq.com/v1/devices/MOD-00620/data/732464589
180.48,578.95,"{'lat': None, 'lon': None}","{'rh': 47.3, 'temp': 24.9, 'wd': 0.0, 'ws': 0.0, 'ws_scalar': 0.0}","{'gas': {'co': 18144, 'co2': 13267, 'no': 18145, 'no2': 18146, 'o3': 18147}, 'pm': {'pm1': 13221, 'pm10': 13223, 'pm25': 13222}}",1.97,4.2,33.13,5.55,6.3,5.93,732462692,47.3,MOD-00620,24.9,2026-07-18T01:18:00,2026-07-17T18:18:00,https://api.quant-aq.com/v1/devices/MOD-00620/data/732462486
181.16,576.66,"{'lat': None, 'lon': None}","{'rh': 46.5, 'temp': 25.0, 'wd': 0.0, 'ws': 0.0, 'ws_scalar': 0.0}","{'gas': {'co': 18144, 'co2': 13267, 'no': 18145, 'no2': 18146, 'o3': 18147}, 'pm': {'pm1': 13221, 'pm10': 13223, 'pm25': 13222}}",1.99,4.27,32.84,5.57,8.91,5.87,732462694,46.5,MOD-00620,25.0,2026-07-18T01:17:00,2026-07-17T18:17:00,https://api.quant-aq.com/v1/devices/MOD-00620/data/732462487
184.65,576.54,"{'lat': None, 'lon': None}","{'rh': 46.2, 'temp': 25.0, 'wd': 0.0, 'ws': 0.0, 'ws_scalar': 0.0}","{'gas': {'co': 18144, 'co2': 13267, 'no': 18145, 'no2': 18146, 'o3': 18147}, 'pm': {'pm1': 13221, 'pm10': 13223, 'pm25': 13222}}",1.88,4.24,34.85,5.97,8.35,6.22,732462691,46.2,MOD-00620,25.0,2026-07-18T01:16:00,2026-07-17T18:16:00,https://api.quant-aq.com/v1/devices/MOD-00620/data/732462485
180.55,578.35,"{'lat': None, 'lon': None}","{'rh': 48.1, 'temp': 25.1, 'wd': 0.0, 'ws': 0.0, 'ws_scalar': 0.0}","{'gas': {'co': 18144, 'co2': 13267, 'no': 18145, 'no2': 18146, 'o3': 18147}, 'pm': {'pm1': 13221, 'pm10': 13223, 'pm25': 13222}}",1.93,4.37,29.44,5.92,11.54,6.21,732462693,48.1,MOD-00620,25.1,2026-07-18T01:15:00,2026-07-17T18:15:00,https://api.quant-aq.com/v1/devices/MOD-00620/data/732462488
179.91,573.53,"{'lat': None, 'lon': None}","{'rh': 46.1, 'temp': 25.1, 'wd': 0.0, 'ws': 0.0, 'ws_scalar': 0.0}","{'gas': {'co': 18144, 'co2': 13267, 'no': 18145, 'no2': 18146, 'o3': 18147}, 'pm': {'pm1': 13221, 'pm10': 13223, 'pm25': 13222}}",2.04,4.31,32.19,5.66,8.18,5.91,732460495,46.1,MOD-00620,25.1,2026-07-18T01:14:00,2026-07-17T18:14:00,https://api.quant-aq.com/v1/devices/MOD-00620/data/732460289
184.63,574.73,"{'lat': None, 'lon': None}","{'rh': 45.8, 'temp': 25.1, 'wd': 0.0, 'ws': 0.0, 'ws_scalar': 0.0}","{'gas': {'co': 18144, 'co2': 13267, 'no': 18145, 'no2': 18146, 'o3': 18147}, 'pm': {'pm1': 13221, 'pm10': 13223, 'pm25': 13222}}",1.98,4.35,32.67,5.07,7.34,5.25,732460493,45.8,MOD-00620,25.1,2026-07-18T01:13:00,2026-07-17T18:13:00,https://api.quant-aq.com/v1/devices/MOD-00620/data/732460288
181.73,577.38,"{'lat': None, 'lon': None}","{'rh': 46.0, 'temp': 25.2, 'wd': 0.0, 'ws': 0.0, 'ws_scalar': 0.0}","{'gas': {'co': 18144, 'co2': 13267, 'no': 18145, 'no2': 18146, 'o3': 18147}, 'pm': {'pm1': 13221, 'pm10': 13223, 'pm25': 13222}}",1.93,4.33,33.47,5.18,7.26,5.36,732460492,46.0,MOD-00620,25.2,2026-07-18T01:12:00,2026-07-17T18:12:00,https://api.quant-aq.com/v1/devices/MOD-00620/data/732460286
188.77,577.86,"{'lat': None, 'lon': None}","{'rh': 45.9, 'temp': 25.2, 'wd': 0.0, 'ws': 0.0, 'ws_scalar': 0.0}","{'gas': {'co': 18144, 'co2': 13267, 'no': 18145, 'no2': 18146, 'o3': 18147}, 'pm': {'pm1': 13221, 'pm10': 13223, 'pm25': 13222}}",1.98,4.35,31.99,4.95,5.75,5.23,732460494,45.9,MOD-00620,25.2,2026-07-18T01:11:00,2026-07-17T18:11:00,https://api.quant-aq.com/v1/devices/MOD-00620/data/732460287
190.48,576.66,"{'lat': None, 'lon': None}","{'rh': 45.8, 'temp': 25.2, 'wd': 0.0, 'ws': 0.0, 'ws_scalar': 0.0}","{'gas': {'co': 18144, 'co2': 13267, 'no': 18145, 'no2': 18146, 'o3': 18147}, 'pm': {'pm1': 13221, 'pm10': 13223, 'pm25': 13222}}",1.91,4.36,32.82,5.15,7.66,5.62,732458316,45.8,MOD-00620,25.2,2026-07-18T01:10:00,2026-07-17T18:10:00,https://api.quant-aq.com/v1/devices/MOD-00620/data/732458110
191.68,574.73,"{'lat': None, 'lon': None}","{'rh': 46.0, 'temp': 25.3, 'wd': 0.0, 'ws': 0.0, 'ws_scalar': 0.0}","{'gas': {'co': 18144, 'co2': 13267, 'no': 18145, 'no2': 18146, 'o3': 18147}, 'pm': {'pm1': 13221, 'pm10': 13223, 'pm25': 13222}}",1.87,4.36,33.25,5.43,6.36,5.83,732458318,46.0,MOD-00620,25.3,2026-07-18T01:09:00,2026-07-17T18:09:00,https://api.quant-aq.com/v1/devices/MOD-00620/data/732458113
193.52,577.98,"{'lat': None, 'lon': None}","{'rh': 46.3, 'temp': 25.3, 'wd': 0.0, 'ws': 0.0, 'ws_scalar': 0.0}","{'gas': {'co': 18144, 'co2': 13267, 'no': 18145, 'no2': 18146, 'o3': 18147}, 'pm': {'pm1': 13221, 'pm10': 13223, 'pm25': 13222}}",1.84,4.31,32.32,4.63,5.39,4.85,732458317,46.3,MOD-00620,25.3,2026-07-18T01:08:00,2026-07-17T18:08:00,https://api.quant-aq.com/v1/devices/MOD-00620/data/732458111
201.5,577.38,"{'lat': None, 'lon': None}","{'rh': 47.2, 'temp': 25.3, 'wd': 0.0, 'ws': 0.0, 'ws_scalar': 0.0}","{'gas': {'co': 18144, 'co2': 13267, 'no': 18145, 'no2': 18146, 'o3': 18147}, 'pm': {'pm1': 13221, 'pm10': 13223, 'pm25': 13222}}",2.0,4.41,28.7,4.25,7.63,4.65,732458319,47.2,MOD-00620,25.3,2026-07-18T01:07:00,2026-07-17T18:07:00,https://api.quant-aq.com/v1/devices/MOD-00620/data/732458112
196.87,577.02,"{'lat': None, 'lon': None}","{'rh': 46.2, 'temp': 25.3, 'wd': 0.0, 'ws': 0.0, 'ws_scalar': 0.0}","{'gas': {'co': 18144, 'co2': 13267, 'no': 18145, 'no2': 18146, 'o3': 18147}, 'pm': {'pm1': 13221, 'pm10': 13223, 'pm25': 13222}}",1.93,4.33,31.62,4.9,6.44,5.24,732456143,46.2,MOD-00620,25.3,2026-07-18T01:06:00,2026-07-17T18:06:00,https://api.quant-aq.com/v1/devices/MOD-00620/data/732455937
198.37,576.66,"{'lat': None, 'lon': None}","{'rh': 46.4, 'temp': 25.3, 'wd': 0.0, 'ws': 0.0, 'ws_scalar': 0.0}","{'gas': {'co': 18144, 'co2': 13267, 'no': 18145, 'no2': 18146, 'o3': 18147}, 'pm': {'pm1': 13221, 'pm10': 13223, 'pm25': 13222}}",1.84,4.32,30.9,5.01,5.63,5.33,732456145,46.4,MOD-00620,25.3,2026-07-18T01:05:00,2026-07-17T18:05:00,https://api.quant-aq.com/v1/devices/MOD-00620/data/732455939
203.15,579.43,"{'lat': None, 'lon': None}","{'rh': 46.6, 'temp': 25.3, 'wd': 0.0, 'ws': 0.0, 'ws_scalar': 0.0}","{'gas': {'co': 18144, 'co2': 13267, 'no': 18145, 'no2': 18146, 'o3': 18147}, 'pm': {'pm1': 13221, 'pm10': 13223, 'pm25': 13222}}",1.92,4.3,30.77,5.43,6.78,5.76,732456144,46.6,MOD-00620,25.3,2026-07-18T01:04:00,2026-07-17T18:04:00,https://api.quant-aq.com/v1/devices/MOD-00620/data/732455938
197.33,578.47,"{'lat': None, 'lon': None}","{'rh': 47.3, 'temp': 25.3, 'wd': 0.0, 'ws': 0.0, 'ws_scalar': 0.0}","{'gas': {'co': 18144, 'co2': 13267, 'no': 18145, 'no2': 18146, 'o3': 18147}, 'pm': {'pm1': 13221, 'pm10': 13223, 'pm25': 13222}}",1.84,4.26,30.47,4.94,6.02,5.18,732456142,47.3,MOD-00620,25.3,2026-07-18T01:03:00,2026-07-17T18:03:00,https://api.quant-aq.com/v1/devices/MOD-00620/data/732455936
200.71,577.98,"{'lat': None, 'lon': None}","{'rh': 47.0, 'temp': 25.2, 'wd': 0.0, 'ws': 0.0, 'ws_scalar': 0.0}","{'gas': {'co': 18144, 'co2': 13267, 'no': 18145, 'no2': 18146, 'o3': 18147}, 'pm': {'pm1': 13221, 'pm10': 13223, 'pm25': 13222}}",1.94,4.22,32.7,5.16,6.19,5.5,732453968,47.0,MOD-00620,25.2,2026-07-18T01:02:00,2026-07-17T18:02:00,https://api.quant-aq.com/v1/devices/MOD-00620/data/732453762
214.9,578.95,"{'lat': None, 'lon': None}","{'rh': 48.4, 'temp': 25.2, 'wd': 0.0, 'ws': 0.0, 'ws_scalar': 0.0}","{'gas': {'co': 18144, 'co2': 13267, 'no': 18145, 'no2': 18146, 'o3': 18147}, 'pm': {'pm1': 13221, 'pm10': 13223, 'pm25': 13222}}",1.83,4.26,30.36,5.06,5.41,5.34,732453969,48.4,MOD-00620,25.2,2026-07-18T01:01:00,2026-07-17T18:01:00,https://api.quant-aq.com/v1/devices/MOD-00620/data/732453763
204.25,577.98,"{'lat': None, 'lon': None}","{'rh': 47.8, 'temp': 25.2, 'wd': 0.0, 'ws': 0.0, 'ws_scalar': 0.0}","{'gas': {'co': 18144, 'co2': 13267, 'no': 18145, 'no2': 18146, 'o3': 18147}, 'pm': {'pm1': 13221, 'pm10': 13223, 'pm25': 13222}}",1.96,4.36,29.12,5.3,7.61,5.57,732453966,47.8,MOD-00620,25.2,2026-07-18T01:00:00,2026-07-17T18:00:00,https://api.quant-aq.com/v1/devices/MOD-00620/data/732453760
204.62,577.74,"{'lat': None, 'lon': None}","{'rh': 47.7, 'temp': 25.1, 'wd': 0.0, 'ws': 0.0, 'ws_scalar': 0.0}","{'gas': {'co': 18144, 'co2': 13267, 'no': 18145, 'no2': 18146, 'o3': 18147}, 'pm': {'pm1': 13221, 'pm10': 13223, 'pm25': 13222}}",1.94,4.3,28.48,5.53,6.57,5.74,732453967,47.7,MOD-00620,25.1,2026-07-18T00:59:00,2026-07-17T17:59:00,https://api.quant-aq.com/v1/devices/MOD-00620/data/732453761
201.15,578.95,"{'lat': None, 'lon': None}","{'rh': 46.8, 'temp': 25.1, 'wd': 0.0, 'ws': 0.0, 'ws_scalar': 0.0}","{'gas': {'co': 18144, 'co2': 13267, 'no': 18145, 'no2': 18146, 'o3': 18147}, 'pm': {'pm1': 13221, 'pm10': 13223, 'pm25': 13222}}",1.91,4.26,30.07,5.72,7.59,6.01,732451839,46.8,MOD-00620,25.1,2026-07-18T00:58:00,2026-07-17T17:58:00,https://api.quant-aq.com/v1/devices/MOD-00620/data/732451635
206.96,579.91,"{'lat': None, 'lon': None}","{'rh': 46.7, 'temp': 25.1, 'wd': 0.0, 'ws': 0.0, 'ws_scalar': 0.0}","{'gas': {'co': 18144, 'co2': 13267, 'no': 18145, 'no2': 18146, 'o3': 18147}, 'pm': {'pm1': 13221, 'pm10': 13223, 'pm25': 13222}}",1.91,4.25,30.66,5.89,9.27,6.1,732451836,46.7,MOD-00620,25.1,2026-07-18T00:57:00,2026-07-17T17:57:00,https://api.quant-aq.com/v1/devices/MOD-00620/data/732451630
198.58,582.44,"{'lat': None, 'lon': None}","{'rh': 46.8, 'temp': 25.0, 'wd': 0.0, 'ws': 0.0, 'ws_scalar': 0.0}","{'gas': {'co': 18144, 'co2': 13267, 'no': 18145, 'no2': 18146, 'o3': 18147}, 'pm': {'pm1': 13221, 'pm10': 13223, 'pm25': 13222}}",2.01,4.32,29.13,4.75,6.01,5.08,732451838,46.8,MOD-00620,25.0,2026-07-18T00:56:00,2026-07-17T17:56:00,https://api.quant-aq.com/v1/devices/MOD-00620/data/732451632
199.56,581.24,"{'lat': None, 'lon': None}","{'rh': 47.0, 'temp': 24.9, 'wd': 0.0, 'ws': 0.0, 'ws_scalar': 0.0}","{'gas': {'co': 18144, 'co2': 13267, 'no': 18145, 'no2': 18146, 'o3': 18147}, 'pm': {'pm1': 13221, 'pm10': 13223, 'pm25': 13222}}",1.89,4.18,29.75,5.54,8.89,5.89,732451841,47.0,MOD-00620,24.9,2026-07-18T00:55:00,2026-07-17T17:55:00,https://api.quant-aq.com/v1/devices/MOD-00620/data/732451634
201.88,577.86,"{'lat': None, 'lon': None}","{'rh': 47.2, 'temp': 24.9, 'wd': 0.0, 'ws': 0.0, 'ws_scalar': 0.0}","{'gas': {'co': 18144, 'co2': 13267, 'no': 18145, 'no2': 18146, 'o3': 18147}, 'pm': {'pm1': 13221, 'pm10': 13223, 'pm25': 13222}}",1.96,4.18,30.52,5.15,7.5,5.5,732449643,47.2,MOD-00620,24.9,2026-07-18T00:54:00,2026-07-17T17:54:00,https://api.quant-aq.com/v1/devices/MOD-00620/data/732449436
198.55,579.07,"{'lat': None, 'lon': None}","{'rh': 47.7, 'temp': 24.8, 'wd': 0.0, 'ws': 0.0, 'ws_scalar': 0.0}","{'gas': {'co': 18144, 'co2': 13267, 'no': 18145, 'no2': 18146, 'o3': 18147}, 'pm': {'pm1': 13221, 'pm10': 13223, 'pm25': 13222}}",1.95,4.23,29.09,4.85,8.82,5.23,732449641,47.7,MOD-00620,24.8,2026-07-18T00:53:00,2026-07-17T17:53:00,https://api.quant-aq.com/v1/devices/MOD-00620/data/732449435
201.11,586.29,"{'lat': None, 'lon': None}","{'rh': 47.4, 'temp': 24.7, 'wd': 0.0, 'ws': 0.0, 'ws_scalar': 0.0}","{'gas': {'co': 18144, 'co2': 13267, 'no': 18145, 'no2': 18146, 'o3': 18147}, 'pm': {'pm1': 13221, 'pm10': 13223, 'pm25': 13222}}",1.93,4.2,30.16,6.03,6.72,6.48,732449642,47.4,MOD-00620,24.7,2026-07-18T00:52:00,2026-07-17T17:52:00,https://api.quant-aq.com/v1/devices/MOD-00620/data/732449437
199.01,581.12,"{'lat': None, 'lon': None}","{'rh': 47.9, 'temp': 24.6, 'wd': 0.0, 'ws': 0.0, 'ws_scalar': 0.0}","{'gas': {'co': 18144, 'co2': 13267, 'no': 18145, 'no2': 18146, 'o3': 18147}, 'pm': {'pm1': 13221, 'pm10': 13223, 'pm25': 13222}}",1.92,4.14,29.35,6.1,7.12,6.54,732449640,47.9,MOD-00620,24.6,2026-07-18T00:51:00,2026-07-17T17:51:00,https://api.quant-aq.com/v1/devices/MOD-00620/data/732449434
191.65,582.68,"{'lat': None, 'lon': None}","{'rh': 47.7, 'temp': 24.5, 'wd': 0.0, 'ws': 0.0, 'ws_scalar': 0.0}","{'gas': {'co': 18144, 'co2': 13267, 'no': 18145, 'no2': 18146, 'o3': 18147}, 'pm': {'pm1': 13221, 'pm10': 13223, 'pm25': 13222}}",1.94,4.11,29.5,5.7,7.29,5.91,732447442,47.7,MOD-00620,24.5,2026-07-18T00:50:00,2026-07-17T17:50:00,https://api.quant-aq.com/v1/devices/MOD-00620/data/732447236
194.94,580.15,"{'lat': None, 'lon': None}","{'rh': 47.7, 'temp': 24.5, 'wd': 0.0, 'ws': 0.0, 'ws_scalar': 0.0}","{'gas': {'co': 18144, 'co2': 13267, 'no': 18145, 'no2': 18146, 'o3': 18147}, 'pm': {'pm1': 13221, 'pm10': 13223, 'pm25': 13222}}",1.91,4.09,30.99,5.67,6.25,5.98,732447440,47.7,MOD-00620,24.5,2026-07-18T00:49:00,2026-07-17T17:49:00,https://api.quant-aq.com/v1/devices/MOD-00620/data/732447235
196.73,583.52,"{'lat': None, 'lon': None}","{'rh': 47.9, 'temp': 24.4, 'wd': 0.0, 'ws': 0.0, 'ws_scalar': 0.0}","{'gas': {'co': 18144, 'co2': 13267, 'no': 18145, 'no2': 18146, 'o3': 18147}, 'pm': {'pm1': 13221, 'pm10': 13223, 'pm25': 13222}}",1.86,4.06,30.99,4.61,5.24,4.86,732447441,47.9,MOD-00620,24.4,2026-07-18T00:48:00,2026-07-17T17:48:00,https://api.quant-aq.com/v1/devices/MOD-00620/data/732447234
190.78,584.01,"{'lat': None, 'lon': None}","{'rh': 48.2, 'temp': 24.4, 'wd': 0.0, 'ws': 0.0, 'ws_scalar': 0.0}","{'gas': {'co': 18144, 'co2': 13267, 'no': 18145, 'no2': 18146, 'o3': 18147}, 'pm': {'pm1': 13221, 'pm10': 13223, 'pm25': 13222}}",1.88,4.11,30.26,4.41,5.23,4.84,732447439,48.2,MOD-00620,24.4,2026-07-18T00:47:00,2026-07-17T17:47:00,https://api.quant-aq.com/v1/devices/MOD-00620/data/732447233
198.59,584.97,"{'lat': None, 'lon': None}","{'rh': 48.6, 'temp': 24.3, 'wd': 0.0, 'ws': 0.0, 'ws_scalar': 0.0}","{'gas': {'co': 18144, 'co2': 13267, 'no': 18145, 'no2': 18146, 'o3': 18147}, 'pm': {'pm1': 13221, 'pm10': 13223, 'pm25': 13222}}",1.98,4.04,30.03,3.91,4.92,4.21,732445281,48.6,MOD-00620,24.3,2026-07-18T00:46:00,2026-07-17T17:46:00,https://api.quant-aq.com/v1/devices/MOD-00620/data/732445073
197.77,583.77,"{'lat': None, 'lon': None}","{'rh': 48.6, 'temp': 24.3, 'wd': 0.0, 'ws': 0.0, 'ws_scalar': 0.0}","{'gas': {'co': 18144, 'co2': 13267, 'no': 18145, 'no2': 18146, 'o3': 18147}, 'pm': {'pm1': 13221, 'pm10': 13223, 'pm25': 13222}}",1.81,4.16,30.45,6.22,7.48,6.53,732445282,48.6,MOD-00620,24.3,2026-07-18T00:45:00,2026-07-17T17:45:00,https://api.quant-aq.com/v1/devices/MOD-00620/data/732445076
193.49,582.44,"{'lat': None, 'lon': None}","{'rh': 48.7, 'temp': 24.2, 'wd': 0.0, 'ws': 0.0, 'ws_scalar': 0.0}","{'gas': {'co': 18144, 'co2': 13267, 'no': 18145, 'no2': 18146, 'o3': 18147}, 'pm': {'pm1': 13221, 'pm10': 13223, 'pm25': 13222}}",2.08,4.03,30.95,6.55,12.57,7.02,732445279,48.7,MOD-00620,24.2,2026-07-18T00:44:00,2026-07-17T17:44:00,https://api.quant-aq.com/v1/devices/MOD-00620/data/732445074
188.7,585.21,"{'lat': None, 'lon': None}","{'rh': 49.1, 'temp': 24.2, 'wd': 0.0, 'ws': 0.0, 'ws_scalar': 0.0}","{'gas': {'co': 18144, 'co2': 13267, 'no': 18145, 'no2': 18146, 'o3': 18147}, 'pm': {'pm1': 13221, 'pm10': 13223, 'pm25': 13222}}",1.75,4.24,30.18,5.45,5.94,5.77,732445280,49.1,MOD-00620,24.2,2026-07-18T00:43:00,2026-07-17T17:43:00,https://api.quant-aq.com/v1/devices/MOD-00620/data/732445075
181.88,582.92,"{'lat': None, 'lon': None}","{'rh': 49.3, 'temp': 24.1, 'wd': 0.0, 'ws': 0.0, 'ws_scalar': 0.0}","{'gas': {'co': 18144, 'co2': 13267, 'no': 18145, 'no2': 18146, 'o3': 18147}, 'pm': {'pm1': 13221, 'pm10': 13223, 'pm25': 13222}}",1.78,4.25,30.18,5.86,7.68,6.23,732443100,49.3,MOD-00620,24.1,2026-07-18T00:42:00,2026-07-17T17:42:00,https://api.quant-aq.com/v1/devices/MOD-00620/data/732442894
180.53,583.64,"{'lat': None, 'lon': None}","{'rh': 48.9, 'temp': 24.1, 'wd': 0.0, 'ws': 0.0, 'ws_scalar': 0.0}","{'gas': {'co': 18144, 'co2': 13267, 'no': 18145, 'no2': 18146, 'o3': 18147}, 'pm': {'pm1': 13221, 'pm10': 13223, 'pm25': 13222}}",1.89,4.08,30.7,5.98,6.37,6.3,732443102,48.9,MOD-00620,24.1,2026-07-18T00:41:00,2026-07-17T17:41:00,https://api.quant-aq.com/v1/devices/MOD-00620/data/732442896
187.5,583.89,"{'lat': None, 'lon': None}","{'rh': 48.9, 'temp': 24.1, 'wd': 0.0, 'ws': 0.0, 'ws_scalar': 0.0}","{'gas': {'co': 18144, 'co2': 13267, 'no': 18145, 'no2': 18146, 'o3': 18147}, 'pm': {'pm1': 13221, 'pm10': 13223, 'pm25': 13222}}",1.94,4.08,30.24,5.53,10.74,5.75,732443099,48.9,MOD-00620,24.1,2026-07-18T00:40:00,2026-07-17T17:40:00,https://api.quant-aq.com/v1/devices/MOD-00620/data/732442893
189.21,582.68,"{'lat': None, 'lon': None}","{'rh': 48.8, 'temp': 24.1, 'wd': 0.0, 'ws': 0.0, 'ws_scalar': 0.0}","{'gas': {'co': 18144, 'co2': 13267, 'no': 18145, 'no2': 18146, 'o3': 18147}, 'pm': {'pm1': 13221, 'pm10': 13223, 'pm25': 13222}}",1.94,4.02,30.04,5.2,6.76,5.64,732443101,48.8,MOD-00620,24.1,2026-07-18T00:39:00,2026-07-17T17:39:00,https://api.quant-aq.com/v1/devices/MOD-00620/data/732442895
181.69,584.13,"{'lat': None, 'lon': None}","{'rh': 49.0, 'temp': 24.1, 'wd': 0.0, 'ws': 0.0, 'ws_scalar': 0.0}","{'gas': {'co': 18144, 'co2': 13267, 'no': 18145, 'no2': 18146, 'o3': 18147}, 'pm': {'pm1': 13221, 'pm10': 13223, 'pm25': 13222}}",1.89,4.05,30.82,6.21,7.48,6.59,732440966,49.0,MOD-00620,24.1,2026-07-18T00:38:00,2026-07-17T17:38:00,https://api.quant-aq.com/v1/devices/MOD-00620/data/732440760
181.83,584.01,"{'lat': None, 'lon': None}","{'rh': 48.8, 'temp': 24.1, 'wd': 0.0, 'ws': 0.0, 'ws_scalar': 0.0}","{'gas': {'co': 18144, 'co2': 13267, 'no': 18145, 'no2': 18146, 'o3': 18147}, 'pm': {'pm1': 13221, 'pm10': 13223, 'pm25': 13222}}",2.0,4.05,29.92,4.5,6.18,4.82,732440965,48.8,MOD-00620,24.1,2026-07-18T00:37:00,2026-07-17T17:37:00,https://api.quant-aq.com/v1/devices/MOD-00620/data/732440759
181.49,584.13,"{'lat': None, 'lon': None}","{'rh': 48.7, 'temp': 24.1, 'wd': 0.0, 'ws': 0.0, 'ws_scalar': 0.0}","{'gas': {'co': 18144, 'co2': 13267, 'no': 18145, 'no2': 18146, 'o3': 18147}, 'pm': {'pm1': 13221, 'pm10': 13223, 'pm25': 13222}}",2.06,3.99,31.08,6.14,7.51,6.51,732440964,48.7,MOD-00620,24.1,2026-07-18T00:36:00,2026-07-17T17:36:00,https://api.quant-aq.com/v1/devices/MOD-00620/data/732440758
186.0,585.09,"{'lat': None, 'lon': None}","{'rh': 48.7, 'temp': 24.1, 'wd': 0.0, 'ws': 0.0, 'ws_scalar': 0.0}","{'gas': {'co': 18144, 'co2': 13267, 'no': 18145, 'no2': 18146, 'o3': 18147}, 'pm': {'pm1': 13221, 'pm10': 13223, 'pm25': 13222}}",2.0,3.99,30.63,4.64,10.02,4.82,732440963,48.7,MOD-00620,24.1,2026-07-18T00:35:00,2026-07-17T17:35:00,https://api.quant-aq.com/v1/devices/MOD-00620/data/732440757
185.72,581.12,"{'lat': None, 'lon': None}","{'rh': 49.1, 'temp': 24.1, 'wd': 0.0, 'ws': 0.0, 'ws_scalar': 0.0}","{'gas': {'co': 18144, 'co2': 13267, 'no': 18145, 'no2': 18146, 'o3': 18147}, 'pm': {'pm1': 13221, 'pm10': 13223, 'pm25': 13222}}",2.07,3.96,31.18,5.8,11.13,6.11,732438783,49.1,MOD-00620,24.1,2026-07-18T00:34:00,2026-07-17T17:34:00,https://api.quant-aq.com/v1/devices/MOD-00620/data/732438577
180.51,581.6,"{'lat': None, 'lon': None}","{'rh': 49.5, 'temp': 24.1, 'wd': 0.0, 'ws': 0.0, 'ws_scalar': 0.0}","{'gas': {'co': 18144, 'co2': 13267, 'no': 18145, 'no2': 18146, 'o3': 18147}, 'pm': {'pm1': 13221, 'pm10': 13223, 'pm25': 13222}}",1.96,4.05,31.23,5.17,6.12,5.59,732438782,49.5,MOD-00620,24.1,2026-07-18T00:33:00,2026-07-17T17:33:00,https://api.quant-aq.com/v1/devices/MOD-00620/data/732438578
182.85,580.87,"{'lat': None, 'lon': None}","{'rh': 49.1, 'temp': 24.1, 'wd': 0.0, 'ws': 0.0, 'ws_scalar': 0.0}","{'gas': {'co': 18144, 'co2': 13267, 'no': 18145, 'no2': 18146, 'o3': 18147}, 'pm': {'pm1': 13221, 'pm10': 13223, 'pm25': 13222}}",1.95,3.99,31.51,5.33,6.11,5.68,732438780,49.1,MOD-00620,24.1,2026-07-18T00:32:00,2026-07-17T17:32:00,https://api.quant-aq.com/v1/devices/MOD-00620/data/732438574
195.34,584.13,"{'lat': None, 'lon': None}","{'rh': 50.0, 'temp': 24.1, 'wd': 0.0, 'ws': 0.0, 'ws_scalar': 0.0}","{'gas': {'co': 18144, 'co2': 13267, 'no': 18145, 'no2': 18146, 'o3': 18147}, 'pm': {'pm1': 13221, 'pm10': 13223, 'pm25': 13222}}",2.77,3.9,31.81,3.49,4.72,3.87,732438781,50.0,MOD-00620,24.1,2026-07-18T00:31:00,2026-07-17T17:31:00,https://api.quant-aq.com/v1/devices/MOD-00620/data/732438575
187.6,581.96,"{'lat': None, 'lon': None}","{'rh': 50.5, 'temp': 24.1, 'wd': 0.0, 'ws': 0.0, 'ws_scalar': 0.0}","{'gas': {'co': 18144, 'co2': 13267, 'no': 18145, 'no2': 18146, 'o3': 18147}, 'pm': {'pm1': 13221, 'pm10': 13223, 'pm25': 13222}}",1.8,4.27,29.76,6.01,6.6,6.29,732436636,50.5,MOD-00620,24.1,2026-07-18T00:30:00,2026-07-17T17:30:00,https://api.quant-aq.com/v1/devices/MOD-00620/data/732436430
183.99,583.64,"{'lat': None, 'lon': None}","{'rh': 49.8, 'temp': 24.1, 'wd': 0.0, 'ws': 0.0, 'ws_scalar': 0.0}","{'gas': {'co': 18144, 'co2': 13267, 'no': 18145, 'no2': 18146, 'o3': 18147}, 'pm': {'pm1': 13221, 'pm10': 13223, 'pm25': 13222}}",1.73,4.14,30.05,5.64,8.54,6.04,732436639,49.8,MOD-00620,24.1,2026-07-18T00:29:00,2026-07-17T17:29:00,https://api.quant-aq.com/v1/devices/MOD-00620/data/732436433
176.66,585.21,"{'lat': None, 'lon': None}","{'rh': 49.3, 'temp': 24.2, 'wd': 0.0, 'ws': 0.0, 'ws_scalar': 0.0}","{'gas': {'co': 18144, 'co2': 13267, 'no': 18145, 'no2': 18146, 'o3': 18147}, 'pm': {'pm1': 13221, 'pm10': 13223, 'pm25': 13222}}",1.97,4.03,30.45,5.78,15.39,6.12,732436637,49.3,MOD-00620,24.2,2026-07-18T00:28:00,2026-07-17T17:28:00,https://api.quant-aq.com/v1/devices/MOD-00620/data/732436431
178.85,582.56,"{'lat': None, 'lon': None}","{'rh': 49.1, 'temp': 24.2, 'wd': 0.0, 'ws': 0.0, 'ws_scalar': 0.0}","{'gas': {'co': 18144, 'co2': 13267, 'no': 18145, 'no2': 18146, 'o3': 18147}, 'pm': {'pm1': 13221, 'pm10': 13223, 'pm25': 13222}}",1.85,4.0,31.04,6.34,7.57,6.83,732436638,49.1,MOD-00620,24.2,2026-07-18T00:27:00,2026-07-17T17:27:00,https://api.quant-aq.com/v1/devices/MOD-00620/data/732436432
183.03,583.4,"{'lat': None, 'lon': None}","{'rh': 49.0, 'temp': 24.2, 'wd': 0.0, 'ws': 0.0, 'ws_scalar': 0.0}","{'gas': {'co': 18144, 'co2': 13267, 'no': 18145, 'no2': 18146, 'o3': 18147}, 'pm': {'pm1': 13221, 'pm10': 13223, 'pm25': 13222}}",2.14,3.9,31.09,5.32,6.45,5.78,732434410,49.0,MOD-00620,24.2,2026-07-18T00:26:00,2026-07-17T17:26:00,https://api.quant-aq.com/v1/devices/MOD-00620/data/732434204
184.23,578.22,"{'lat': None, 'lon': None}","{'rh': 49.2, 'temp': 24.3, 'wd': 0.0, 'ws': 0.0, 'ws_scalar': 0.0}","{'gas': {'co': 18144, 'co2': 13267, 'no': 18145, 'no2': 18146, 'o3': 18147}, 'pm': {'pm1': 13221, 'pm10': 13223, 'pm25': 13222}}",2.05,4.01,31.02,6.0,6.75,6.48,732434412,49.2,MOD-00620,24.3,2026-07-18T00:25:00,2026-07-17T17:25:00,https://api.quant-aq.com/v1/devices/MOD-00620/data/732434206
189.22,583.89,"{'lat': None, 'lon': None}","{'rh': 49.1, 'temp': 24.3, 'wd': 0.0, 'ws': 0.0, 'ws_scalar': 0.0}","{'gas': {'co': 18144, 'co2': 13267, 'no': 18145, 'no2': 18146, 'o3': 18147}, 'pm': {'pm1': 13221, 'pm10': 13223, 'pm25': 13222}}",1.78,4.01,30.12,5.75,7.05,6.01,732434413,49.1,MOD-00620,24.3,2026-07-18T00:24:00,2026-07-17T17:24:00,https://api.quant-aq.com/v1/devices/MOD-00620/data/732434207
188.54,579.67,"{'lat': None, 'lon': None}","{'rh': 48.9, 'temp': 24.3, 'wd': 0.0, 'ws': 0.0, 'ws_scalar': 0.0}","{'gas': {'co': 18144, 'co2': 13267, 'no': 18145, 'no2': 18146, 'o3': 18147}, 'pm': {'pm1': 13221, 'pm10': 13223, 'pm25': 13222}}",2.34,3.84,32.49,6.41,8.41,6.9,732434411,48.9,MOD-00620,24.3,2026-07-18T00:23:00,2026-07-17T17:23:00,https://api.quant-aq.com/v1/devices/MOD-00620/data/732434205
188.05,582.68,"{'lat': None, 'lon': None}","{'rh': 49.6, 'temp': 24.3, 'wd': 0.0, 'ws': 0.0, 'ws_scalar': 0.0}","{'gas': {'co': 18144, 'co2': 13267, 'no': 18145, 'no2': 18146, 'o3': 18147}, 'pm': {'pm1': 13221, 'pm10': 13223, 'pm25': 13222}}",2.11,4.04,28.59,6.25,17.9,6.67,732432225,49.6,MOD-00620,24.3,2026-07-18T00:22:00,2026-07-17T17:22:00,https://api.quant-aq.com/v1/devices/MOD-00620/data/732432019
182.41,583.04,"{'lat': None, 'lon': None}","{'rh': 49.6, 'temp': 24.4, 'wd': 0.0, 'ws': 0.0, 'ws_scalar': 0.0}","{'gas': {'co': 18144, 'co2': 13267, 'no': 18145, 'no2': 18146, 'o3': 18147}, 'pm': {'pm1': 13221, 'pm10': 13223, 'pm25': 13222}}",1.96,4.11,27.88,6.11,13.82,6.65,732432223,49.6,MOD-00620,24.4,2026-07-18T00:21:00,2026-07-17T17:21:00,https://api.quant-aq.com/v1/devices/MOD-00620/data/732432017
182.09,582.56,"{'lat': None, 'lon': None}","{'rh': 48.9, 'temp': 24.4, 'wd': 0.0, 'ws': 0.0, 'ws_scalar': 0.0}","{'gas': {'co': 18144, 'co2': 13267, 'no': 18145, 'no2': 18146, 'o3': 18147}, 'pm': {'pm1': 13221, 'pm10': 13223, 'pm25': 13222}}",1.94,3.9,30.28,6.82,16.62,7.14,732432224,48.9,MOD-00620,24.4,2026-07-18T00:20:00,2026-07-17T17:20:00,https://api.quant-aq.com/v1/devices/MOD-00620/data/732432018
192.8,582.2,"{'lat': None, 'lon': None}","{'rh': 48.4, 'temp': 24.5, 'wd': 0.0, 'ws': 0.0, 'ws_scalar': 0.0}","{'gas': {'co': 18144, 'co2': 13267, 'no': 18145, 'no2': 18146, 'o3': 18147}, 'pm': {'pm1': 13221, 'pm10': 13223, 'pm25': 13222}}",2.08,3.92,30.89,6.68,8.25,7.23,732432222,48.4,MOD-00620,24.5,2026-07-18T00:19:00,2026-07-17T17:19:00,https://api.quant-aq.com/v1/devices/MOD-00620/data/732432016
188.9,582.56,"{'lat': None, 'lon': None}","{'rh': 48.7, 'temp': 24.5, 'wd': 0.0, 'ws': 0.0, 'ws_scalar': 0.0}","{'gas': {'co': 18144, 'co2': 13267, 'no': 18145, 'no2': 18146, 'o3': 18147}, 'pm': {'pm1': 13221, 'pm10': 13223, 'pm25': 13222}}",2.03,4.01,29.79,6.07,9.36,6.35,732430080,48.7,MOD-00620,24.5,2026-07-18T00:18:00,2026-07-17T17:18:00,https://api.quant-aq.com/v1/devices/MOD-00620/data/732429874
185.76,580.27,"{'lat': None, 'lon': None}","{'rh': 48.5, 'temp': 24.5, 'wd': 0.0, 'ws': 0.0, 'ws_scalar': 0.0}","{'gas': {'co': 18144, 'co2': 13267, 'no': 18145, 'no2': 18146, 'o3': 18147}, 'pm': {'pm1': 13221, 'pm10': 13223, 'pm25': 13222}}",2.03,3.92,30.42,6.38,7.42,6.75,732430079,48.5,MOD-00620,24.5,2026-07-18T00:17:00,2026-07-17T17:17:00,https://api.quant-aq.com/v1/devices/MOD-00620/data/732429873
192.59,582.56,"{'lat': None, 'lon': None}","{'rh': 48.7, 'temp': 24.5, 'wd': 0.0, 'ws': 0.0, 'ws_scalar': 0.0}","{'gas': {'co': 18144, 'co2': 13267, 'no': 18145, 'no2': 18146, 'o3': 18147}, 'pm': {'pm1': 13221, 'pm10': 13223, 'pm25': 13222}}",2.39,3.94,29.71,6.37,8.4,6.89,732430078,48.7,MOD-00620,24.5,2026-07-18T00:16:00,2026-07-17T17:16:00,https://api.quant-aq.com/v1/devices/MOD-00620/data/732429872
188.94,581.96,"{'lat': None, 'lon': None}","{'rh': 48.8, 'temp': 24.6, 'wd': 0.0, 'ws': 0.0, 'ws_scalar': 0.0}","{'gas': {'co': 18144, 'co2': 13267, 'no': 18145, 'no2': 18146, 'o3': 18147}, 'pm': {'pm1': 13221, 'pm10': 13223, 'pm25': 13222}}",1.84,3.97,29.11,5.94,7.68,6.28,732430077,48.8,MOD-00620,24.6,2026-07-18T00:15:00,2026-07-17T17:15:00,https://api.quant-aq.com/v1/devices/MOD-00620/data/732429871
188.74,580.51,"{'lat': None, 'lon': None}","{'rh': 48.5, 'temp': 24.6, 'wd': 0.0, 'ws': 0.0, 'ws_scalar': 0.0}","{'gas': {'co': 18144, 'co2': 13267, 'no': 18145, 'no2': 18146, 'o3': 18147}, 'pm': {'pm1': 13221, 'pm10': 13223, 'pm25': 13222}}",2.09,3.93,29.95,5.08,5.8,5.31,732427897,48.5,MOD-00620,24.6,2026-07-18T00:14:00,2026-07-17T17:14:00,https://api.quant-aq.com/v1/devices/MOD-00620/data/732427690
195.16,582.44,"{'lat': None, 'lon': None}","{'rh': 48.7, 'temp': 24.6, 'wd': 0.0, 'ws': 0.0, 'ws_scalar': 0.0}","{'gas': {'co': 18144, 'co2': 13267, 'no': 18145, 'no2': 18146, 'o3': 18147}, 'pm': {'pm1': 13221, 'pm10': 13223, 'pm25': 13222}}",2.09,3.88,30.77,5.41,6.34,5.76,732427898,48.7,MOD-00620,24.6,2026-07-18T00:13:00,2026-07-17T17:13:00,https://api.quant-aq.com/v1/devices/MOD-00620/data/732427692
203.89,583.28,"{'lat': None, 'lon': None}","{'rh': 49.7, 'temp': 24.6, 'wd': 0.0, 'ws': 0.0, 'ws_scalar': 0.0}","{'gas': {'co': 18144, 'co2': 13267, 'no': 18145, 'no2': 18146, 'o3': 18147}, 'pm': {'pm1': 13221, 'pm10': 13223, 'pm25': 13222}}",1.89,3.98,28.46,5.49,7.98,5.96,732427895,49.7,MOD-00620,24.6,2026-07-18T00:12:00,2026-07-17T17:12:00,https://api.quant-aq.com/v1/devices/MOD-00620/data/732427689
200.68,582.68,"{'lat': None, 'lon': None}","{'rh': 49.6, 'temp': 24.6, 'wd': 0.0, 'ws': 0.0, 'ws_scalar': 0.0}","{'gas': {'co': 18144, 'co2': 13267, 'no': 18145, 'no2': 18146, 'o3': 18147}, 'pm': {'pm1': 13221, 'pm10': 13223, 'pm25': 13222}}",1.94,3.98,28.01,4.68,11.38,5.04,732427896,49.6,MOD-00620,24.6,2026-07-18T00:11:00,2026-07-17T17:11:00,https://api.quant-aq.com/v1/devices/MOD-00620/data/732427691
206.08,584.61,"{'lat': None, 'lon': None}","{'rh': 49.5, 'temp': 24.6, 'wd': 0.0, 'ws': 0.0, 'ws_scalar': 0.0}","{'gas': {'co': 18144, 'co2': 13267, 'no': 18145, 'no2': 18146, 'o3': 18147}, 'pm': {'pm1': 13221, 'pm10': 13223, 'pm25': 13222}}",3.77,3.93,27.35,6.14,7.22,6.63,732425962,49.5,MOD-00620,24.6,2026-07-18T00:10:00,2026-07-17T17:10:00,https://api.quant-aq.com/v1/devices/MOD-00620/data/732425756
197.6,574.49,"{'lat': None, 'lon': None}","{'rh': 49.9, 'temp': 24.6, 'wd': 0.0, 'ws': 0.0, 'ws_scalar': 0.0}","{'gas': {'co': 18144, 'co2': 13267, 'no': 18145, 'no2': 18146, 'o3': 18147}, 'pm': {'pm1': 13221, 'pm10': 13223, 'pm25': 13222}}",1.91,4.13,26.92,4.47,5.06,4.91,732425961,49.9,MOD-00620,24.6,2026-07-18T00:09:00,2026-07-17T17:09:00,https://api.quant-aq.com/v1/devices/MOD-00620/data/732425755
198.36,582.56,"{'lat': None, 'lon': None}","{'rh': 49.4, 'temp': 24.6, 'wd': 0.0, 'ws': 0.0, 'ws_scalar': 0.0}","{'gas': {'co': 18144, 'co2': 13267, 'no': 18145, 'no2': 18146, 'o3': 18147}, 'pm': {'pm1': 13221, 'pm10': 13223, 'pm25': 13222}}",1.89,3.98,27.57,2.65,8.89,3.09,732425960,49.4,MOD-00620,24.6,2026-07-18T00:08:00,2026-07-17T17:08:00,https://api.quant-aq.com/v1/devices/MOD-00620/data/732425754
202.67,581.96,"{'lat': None, 'lon': None}","{'rh': 49.1, 'temp': 24.6, 'wd': 0.0, 'ws': 0.0, 'ws_scalar': 0.0}","{'gas': {'co': 18144, 'co2': 13267, 'no': 18145, 'no2': 18146, 'o3': 18147}, 'pm': {'pm1': 13221, 'pm10': 13223, 'pm25': 13222}}",2.14,3.92,27.96,4.1,7.27,4.53,732425959,49.1,MOD-00620,24.6,2026-07-18T00:07:00,2026-07-17T17:07:00,https://api.quant-aq.com/v1/devices/MOD-00620/data/732425753
202.82,583.28,"{'lat': None, 'lon': None}","{'rh': 49.9, 'temp': 24.5, 'wd': 0.0, 'ws': 0.0, 'ws_scalar': 0.0}","{'gas': {'co': 18144, 'co2': 13267, 'no': 18145, 'no2': 18146, 'o3': 18147}, 'pm': {'pm1': 13221, 'pm10': 13223, 'pm25': 13222}}",2.27,3.89,27.91,3.62,4.82,3.98,732423575,49.9,MOD-00620,24.5,2026-07-18T00:06:00,2026-07-17T17:06:00,https://api.quant-aq.com/v1/devices/MOD-00620/data/732423369
203.08,583.28,"{'lat': None, 'lon': None}","{'rh': 50.7, 'temp': 24.5, 'wd': 0.0, 'ws': 0.0, 'ws_scalar': 0.0}","{'gas': {'co': 18144, 'co2': 13267, 'no': 18145, 'no2': 18146, 'o3': 18147}, 'pm': {'pm1': 13221, 'pm10': 13223, 'pm25': 13222}}",3.61,3.89,27.86,5.89,8.2,6.42,732423578,50.7,MOD-00620,24.5,2026-07-18T00:05:00,2026-07-17T17:05:00,https://api.quant-aq.com/v1/devices/MOD-00620/data/732423372
205.81,584.37,"{'lat': None, 'lon': None}","{'rh': 50.9, 'temp': 24.5, 'wd': 0.0, 'ws': 0.0, 'ws_scalar': 0.0}","{'gas': {'co': 18144, 'co2': 13267, 'no': 18145, 'no2': 18146, 'o3': 18147}, 'pm': {'pm1': 13221, 'pm10': 13223, 'pm25': 13222}}",1.89,4.4,25.78,4.58,8.06,5.04,732423576,50.9,MOD-00620,24.5,2026-07-18T00:04:00,2026-07-17T17:04:00,https://api.quant-aq.com/v1/devices/MOD-00620/data/732423371
202.75,579.79,"{'lat': None, 'lon': None}","{'rh': 50.0, 'temp': 24.5, 'wd': 0.0, 'ws': 0.0, 'ws_scalar': 0.0}","{'gas': {'co': 18144, 'co2': 13267, 'no': 18145, 'no2': 18146, 'o3': 18147}, 'pm': {'pm1': 13221, 'pm10': 13223, 'pm25': 13222}}",2.27,3.91,27.78,4.62,7.56,4.94,732423577,50.0,MOD-00620,24.5,2026-07-18T00:03:00,2026-07-17T17:03:00,https://api.quant-aq.com/v1/devices/MOD-00620/data/732423370
206.91,583.16,"{'lat': None, 'lon': None}","{'rh': 50.5, 'temp': 24.5, 'wd': 0.0, 'ws': 0.0, 'ws_scalar': 0.0}","{'gas': {'co': 18144, 'co2': 13267, 'no': 18145, 'no2': 18146, 'o3': 18147}, 'pm': {'pm1': 13221, 'pm10': 13223, 'pm25': 13222}}",2.09,4.07,26.22,4.99,16.28,5.45,732421383,50.5,MOD-00620,24.5,2026-07-18T00:02:00,2026-07-17T17:02:00,https://api.quant-aq.com/v1/devices/MOD-00620/data/732421176
205.72,579.91,"{'lat': None, 'lon': None}","{'rh': 49.7, 'temp': 24.4, 'wd': 0.0, 'ws': 0.0, 'ws_scalar': 0.0}","{'gas': {'co': 18144, 'co2': 13267, 'no': 18145, 'no2': 18146, 'o3': 18147}, 'pm': {'pm1': 13221, 'pm10': 13223, 'pm25': 13222}}",2.13,3.93,26.33,5.93,36.14,6.45,732421382,49.7,MOD-00620,24.4,2026-07-18T00:01:00,2026-07-17T17:01:00,https://api.quant-aq.com/v1/devices/MOD-00620/data/732421177
207.43,582.68,"{'lat': None, 'lon': None}","{'rh': 49.6, 'temp': 24.4, 'wd': 0.0, 'ws': 0.0, 'ws_scalar': 0.0}","{'gas': {'co': 18144, 'co2': 13267, 'no': 18145, 'no2': 18146, 'o3': 18147}, 'pm': {'pm1': 13221, 'pm10': 13223, 'pm25': 13222}}",2.13,3.88,28.41,5.34,8.07,5.85,732421380,49.6,MOD-00620,24.4,2026-07-18T00:00:00,2026-07-17T17:00:00,https://api.quant-aq.com/v1/devices/MOD-00620/data/732421174
