co,co2,geo,met,model,no,no2,o3,pm1,pm10,pm25,raw_data_id,rh,sn,temp,timestamp,timestamp_local,url
302.81,734.73,"{'lat': None, 'lon': None}","{'rh': 81.0, 'temp': 9.0, 'wd': 0.0, 'ws': 0.0, 'ws_scalar': 0.0}","{'gas': {'co': 18148, 'co2': 13271, 'no': 18149, 'no2': 18150, 'o3': 18151}, 'pm': {'pm1': 17109, 'pm10': 17111, 'pm25': 17110}}",1.8,4.0,15.23,1.21,2.2,1.26,563308764,81.0,MOD-00623,9.0,2025-12-12T17:44:02,2025-12-12T09:44:02,https://api.quant-aq.com/v1/devices/MOD-00623/data/563308613
298.98,739.31,"{'lat': None, 'lon': None}","{'rh': 81.2, 'temp': 9.0, 'wd': 0.0, 'ws': 0.0, 'ws_scalar': 0.0}","{'gas': {'co': 18148, 'co2': 13271, 'no': 18149, 'no2': 18150, 'o3': 18151}, 'pm': {'pm1': 17109, 'pm10': 17111, 'pm25': 17110}}",2.57,4.33,14.64,1.48,1.63,1.6,563308761,81.2,MOD-00623,9.0,2025-12-12T17:43:02,2025-12-12T09:43:02,https://api.quant-aq.com/v1/devices/MOD-00623/data/563308610
319.41,737.5,"{'lat': None, 'lon': None}","{'rh': 81.3, 'temp': 9.0, 'wd': 0.0, 'ws': 0.0, 'ws_scalar': 0.0}","{'gas': {'co': 18148, 'co2': 13271, 'no': 18149, 'no2': 18150, 'o3': 18151}, 'pm': {'pm1': 17109, 'pm10': 17111, 'pm25': 17110}}",4.2,6.99,11.16,1.93,2.39,1.99,563308762,81.3,MOD-00623,9.0,2025-12-12T17:42:02,2025-12-12T09:42:02,https://api.quant-aq.com/v1/devices/MOD-00623/data/563308611
290.37,741.24,"{'lat': None, 'lon': None}","{'rh': 81.2, 'temp': 9.0, 'wd': 0.0, 'ws': 0.0, 'ws_scalar': 0.0}","{'gas': {'co': 18148, 'co2': 13271, 'no': 18149, 'no2': 18150, 'o3': 18151}, 'pm': {'pm1': 17109, 'pm10': 17111, 'pm25': 17110}}",8.18,8.11,10.92,2.13,3.04,2.31,563308763,81.2,MOD-00623,9.0,2025-12-12T17:41:02,2025-12-12T09:41:02,https://api.quant-aq.com/v1/devices/MOD-00623/data/563308612
331.79,742.8,"{'lat': None, 'lon': None}","{'rh': 81.2, 'temp': 9.0, 'wd': 0.0, 'ws': 0.0, 'ws_scalar': 0.0}","{'gas': {'co': 18148, 'co2': 13271, 'no': 18149, 'no2': 18150, 'o3': 18151}, 'pm': {'pm1': 17109, 'pm10': 17111, 'pm25': 17110}}",15.32,8.7,11.25,2.16,3.11,2.34,563306586,81.2,MOD-00623,9.0,2025-12-12T17:40:02,2025-12-12T09:40:02,https://api.quant-aq.com/v1/devices/MOD-00623/data/563306435
318.65,742.44,"{'lat': None, 'lon': None}","{'rh': 81.8, 'temp': 9.0, 'wd': 0.0, 'ws': 0.0, 'ws_scalar': 0.0}","{'gas': {'co': 18148, 'co2': 13271, 'no': 18149, 'no2': 18150, 'o3': 18151}, 'pm': {'pm1': 17109, 'pm10': 17111, 'pm25': 17110}}",27.1,11.26,7.98,1.37,2.02,1.48,563306587,81.8,MOD-00623,9.0,2025-12-12T17:39:02,2025-12-12T09:39:02,https://api.quant-aq.com/v1/devices/MOD-00623/data/563306436
285.91,741.96,"{'lat': None, 'lon': None}","{'rh': 81.7, 'temp': 9.0, 'wd': 0.0, 'ws': 0.0, 'ws_scalar': 0.0}","{'gas': {'co': 18148, 'co2': 13271, 'no': 18149, 'no2': 18150, 'o3': 18151}, 'pm': {'pm1': 17109, 'pm10': 17111, 'pm25': 17110}}",1.14,4.28,15.97,1.0,1.56,1.15,563306588,81.7,MOD-00623,9.0,2025-12-12T17:38:02,2025-12-12T09:38:02,https://api.quant-aq.com/v1/devices/MOD-00623/data/563306437
301.23,739.31,"{'lat': None, 'lon': None}","{'rh': 81.5, 'temp': 9.0, 'wd': 0.0, 'ws': 0.0, 'ws_scalar': 0.0}","{'gas': {'co': 18148, 'co2': 13271, 'no': 18149, 'no2': 18150, 'o3': 18151}, 'pm': {'pm1': 17109, 'pm10': 17111, 'pm25': 17110}}",1.46,5.08,14.37,1.25,1.3,1.3,563306589,81.5,MOD-00623,9.0,2025-12-12T17:37:02,2025-12-12T09:37:02,https://api.quant-aq.com/v1/devices/MOD-00623/data/563306438
282.87,738.95,"{'lat': None, 'lon': None}","{'rh': 81.2, 'temp': 8.9, 'wd': 0.0, 'ws': 0.0, 'ws_scalar': 0.0}","{'gas': {'co': 18148, 'co2': 13271, 'no': 18149, 'no2': 18150, 'o3': 18151}, 'pm': {'pm1': 17109, 'pm10': 17111, 'pm25': 17110}}",1.38,3.97,15.23,1.04,1.26,1.07,563304477,81.2,MOD-00623,8.9,2025-12-12T17:36:02,2025-12-12T09:36:02,https://api.quant-aq.com/v1/devices/MOD-00623/data/563304325
300.31,739.31,"{'lat': None, 'lon': None}","{'rh': 80.9, 'temp': 8.9, 'wd': 0.0, 'ws': 0.0, 'ws_scalar': 0.0}","{'gas': {'co': 18148, 'co2': 13271, 'no': 18149, 'no2': 18150, 'o3': 18151}, 'pm': {'pm1': 17109, 'pm10': 17111, 'pm25': 17110}}",0.92,4.0,15.25,1.26,1.56,1.36,563304476,80.9,MOD-00623,8.9,2025-12-12T17:35:02,2025-12-12T09:35:02,https://api.quant-aq.com/v1/devices/MOD-00623/data/563304326
294.64,736.18,"{'lat': None, 'lon': None}","{'rh': 80.8, 'temp': 8.9, 'wd': 0.0, 'ws': 0.0, 'ws_scalar': 0.0}","{'gas': {'co': 18148, 'co2': 13271, 'no': 18149, 'no2': 18150, 'o3': 18151}, 'pm': {'pm1': 17109, 'pm10': 17111, 'pm25': 17110}}",1.24,3.69,15.38,1.11,1.24,1.2,563304478,80.8,MOD-00623,8.9,2025-12-12T17:34:02,2025-12-12T09:34:02,https://api.quant-aq.com/v1/devices/MOD-00623/data/563304327
289.09,743.77,"{'lat': None, 'lon': None}","{'rh': 81.1, 'temp': 8.9, 'wd': 0.0, 'ws': 0.0, 'ws_scalar': 0.0}","{'gas': {'co': 18148, 'co2': 13271, 'no': 18149, 'no2': 18150, 'o3': 18151}, 'pm': {'pm1': 17109, 'pm10': 17111, 'pm25': 17110}}",1.23,3.09,15.61,0.97,1.61,1.04,563304475,81.1,MOD-00623,8.9,2025-12-12T17:33:02,2025-12-12T09:33:02,https://api.quant-aq.com/v1/devices/MOD-00623/data/563304324
299.96,739.79,"{'lat': None, 'lon': None}","{'rh': 81.4, 'temp': 8.9, 'wd': 0.0, 'ws': 0.0, 'ws_scalar': 0.0}","{'gas': {'co': 18148, 'co2': 13271, 'no': 18149, 'no2': 18150, 'o3': 18151}, 'pm': {'pm1': 17109, 'pm10': 17111, 'pm25': 17110}}",1.53,3.95,13.39,0.95,1.32,1.08,563302220,81.4,MOD-00623,8.9,2025-12-12T17:32:02,2025-12-12T09:32:02,https://api.quant-aq.com/v1/devices/MOD-00623/data/563302071
280.82,740.87,"{'lat': None, 'lon': None}","{'rh': 81.2, 'temp': 8.9, 'wd': 0.0, 'ws': 0.0, 'ws_scalar': 0.0}","{'gas': {'co': 18148, 'co2': 13271, 'no': 18149, 'no2': 18150, 'o3': 18151}, 'pm': {'pm1': 17109, 'pm10': 17111, 'pm25': 17110}}",0.76,3.65,13.99,0.62,12.22,0.72,563302225,81.2,MOD-00623,8.9,2025-12-12T17:31:02,2025-12-12T09:31:02,https://api.quant-aq.com/v1/devices/MOD-00623/data/563302074
280.48,738.95,"{'lat': None, 'lon': None}","{'rh': 81.1, 'temp': 8.9, 'wd': 0.0, 'ws': 0.0, 'ws_scalar': 0.0}","{'gas': {'co': 18148, 'co2': 13271, 'no': 18149, 'no2': 18150, 'o3': 18151}, 'pm': {'pm1': 17109, 'pm10': 17111, 'pm25': 17110}}",0.76,3.98,14.33,0.55,0.86,0.65,563302224,81.1,MOD-00623,8.9,2025-12-12T17:30:02,2025-12-12T09:30:02,https://api.quant-aq.com/v1/devices/MOD-00623/data/563302073
295.73,738.35,"{'lat': None, 'lon': None}","{'rh': 81.0, 'temp': 8.9, 'wd': 0.0, 'ws': 0.0, 'ws_scalar': 0.0}","{'gas': {'co': 18148, 'co2': 13271, 'no': 18149, 'no2': 18150, 'o3': 18151}, 'pm': {'pm1': 17109, 'pm10': 17111, 'pm25': 17110}}",1.71,4.33,13.75,0.75,0.89,0.87,563302219,81.0,MOD-00623,8.9,2025-12-12T17:29:02,2025-12-12T09:29:02,https://api.quant-aq.com/v1/devices/MOD-00623/data/563302067
287.72,740.75,"{'lat': None, 'lon': None}","{'rh': 81.3, 'temp': 8.9, 'wd': 0.0, 'ws': 0.0, 'ws_scalar': 0.0}","{'gas': {'co': 18148, 'co2': 13271, 'no': 18149, 'no2': 18150, 'o3': 18151}, 'pm': {'pm1': 17109, 'pm10': 17111, 'pm25': 17110}}",2.64,4.68,13.61,1.06,1.74,1.16,563300019,81.3,MOD-00623,8.9,2025-12-12T17:28:02,2025-12-12T09:28:02,https://api.quant-aq.com/v1/devices/MOD-00623/data/563299867
287.45,740.99,"{'lat': None, 'lon': None}","{'rh': 81.1, 'temp': 8.9, 'wd': 0.0, 'ws': 0.0, 'ws_scalar': 0.0}","{'gas': {'co': 18148, 'co2': 13271, 'no': 18149, 'no2': 18150, 'o3': 18151}, 'pm': {'pm1': 17109, 'pm10': 17111, 'pm25': 17110}}",2.17,4.7,14.08,0.91,1.02,1.0,563300021,81.1,MOD-00623,8.9,2025-12-12T17:27:02,2025-12-12T09:27:02,https://api.quant-aq.com/v1/devices/MOD-00623/data/563299869
285.88,736.42,"{'lat': None, 'lon': None}","{'rh': 81.0, 'temp': 8.9, 'wd': 0.0, 'ws': 0.0, 'ws_scalar': 0.0}","{'gas': {'co': 18148, 'co2': 13271, 'no': 18149, 'no2': 18150, 'o3': 18151}, 'pm': {'pm1': 17109, 'pm10': 17111, 'pm25': 17110}}",2.18,3.67,14.46,1.32,1.51,1.46,563300020,81.0,MOD-00623,8.9,2025-12-12T17:26:02,2025-12-12T09:26:02,https://api.quant-aq.com/v1/devices/MOD-00623/data/563299870
250.13,737.38,"{'lat': None, 'lon': None}","{'rh': 81.1, 'temp': 8.9, 'wd': 0.0, 'ws': 0.0, 'ws_scalar': 0.0}","{'gas': {'co': 18148, 'co2': 13271, 'no': 18149, 'no2': 18150, 'o3': 18151}, 'pm': {'pm1': 17109, 'pm10': 17111, 'pm25': 17110}}",0.92,3.36,15.48,1.72,3.37,1.79,563300018,81.1,MOD-00623,8.9,2025-12-12T17:25:02,2025-12-12T09:25:02,https://api.quant-aq.com/v1/devices/MOD-00623/data/563299868
280.14,739.55,"{'lat': None, 'lon': None}","{'rh': 81.0, 'temp': 8.9, 'wd': 0.0, 'ws': 0.0, 'ws_scalar': 0.0}","{'gas': {'co': 18148, 'co2': 13271, 'no': 18149, 'no2': 18150, 'o3': 18151}, 'pm': {'pm1': 17109, 'pm10': 17111, 'pm25': 17110}}",2.02,3.99,13.88,2.29,2.49,2.31,563297850,81.0,MOD-00623,8.9,2025-12-12T17:24:02,2025-12-12T09:24:02,https://api.quant-aq.com/v1/devices/MOD-00623/data/563297699
286.56,740.03,"{'lat': None, 'lon': None}","{'rh': 81.2, 'temp': 8.9, 'wd': 0.0, 'ws': 0.0, 'ws_scalar': 0.0}","{'gas': {'co': 18148, 'co2': 13271, 'no': 18149, 'no2': 18150, 'o3': 18151}, 'pm': {'pm1': 17109, 'pm10': 17111, 'pm25': 17110}}",2.48,3.97,13.41,2.62,4.73,2.68,563297853,81.2,MOD-00623,8.9,2025-12-12T17:23:02,2025-12-12T09:23:02,https://api.quant-aq.com/v1/devices/MOD-00623/data/563297701
310.28,742.68,"{'lat': None, 'lon': None}","{'rh': 81.3, 'temp': 8.9, 'wd': 0.0, 'ws': 0.0, 'ws_scalar': 0.0}","{'gas': {'co': 18148, 'co2': 13271, 'no': 18149, 'no2': 18150, 'o3': 18151}, 'pm': {'pm1': 17109, 'pm10': 17111, 'pm25': 17110}}",3.89,6.97,11.62,3.16,3.55,3.32,563297852,81.3,MOD-00623,8.9,2025-12-12T17:22:02,2025-12-12T09:22:02,https://api.quant-aq.com/v1/devices/MOD-00623/data/563297702
299.28,739.67,"{'lat': None, 'lon': None}","{'rh': 81.2, 'temp': 8.9, 'wd': 0.0, 'ws': 0.0, 'ws_scalar': 0.0}","{'gas': {'co': 18148, 'co2': 13271, 'no': 18149, 'no2': 18150, 'o3': 18151}, 'pm': {'pm1': 17109, 'pm10': 17111, 'pm25': 17110}}",3.11,5.09,13.04,1.81,2.62,1.86,563297851,81.2,MOD-00623,8.9,2025-12-12T17:21:02,2025-12-12T09:21:02,https://api.quant-aq.com/v1/devices/MOD-00623/data/563297700
280.78,739.79,"{'lat': None, 'lon': None}","{'rh': 81.1, 'temp': 8.8, 'wd': 0.0, 'ws': 0.0, 'ws_scalar': 0.0}","{'gas': {'co': 18148, 'co2': 13271, 'no': 18149, 'no2': 18150, 'o3': 18151}, 'pm': {'pm1': 17109, 'pm10': 17111, 'pm25': 17110}}",2.71,5.51,12.93,1.43,1.95,1.65,563295651,81.1,MOD-00623,8.8,2025-12-12T17:20:02,2025-12-12T09:20:02,https://api.quant-aq.com/v1/devices/MOD-00623/data/563295500
291.79,740.75,"{'lat': None, 'lon': None}","{'rh': 81.2, 'temp': 8.8, 'wd': 0.0, 'ws': 0.0, 'ws_scalar': 0.0}","{'gas': {'co': 18148, 'co2': 13271, 'no': 18149, 'no2': 18150, 'o3': 18151}, 'pm': {'pm1': 17109, 'pm10': 17111, 'pm25': 17110}}",3.96,5.51,13.38,1.67,2.76,1.78,563295650,81.2,MOD-00623,8.8,2025-12-12T17:19:02,2025-12-12T09:19:02,https://api.quant-aq.com/v1/devices/MOD-00623/data/563295499
259.05,741.6,"{'lat': None, 'lon': None}","{'rh': 81.1, 'temp': 8.8, 'wd': 0.0, 'ws': 0.0, 'ws_scalar': 0.0}","{'gas': {'co': 18148, 'co2': 13271, 'no': 18149, 'no2': 18150, 'o3': 18151}, 'pm': {'pm1': 17109, 'pm10': 17111, 'pm25': 17110}}",3.34,4.31,14.22,1.0,1.2,1.16,563295649,81.1,MOD-00623,8.8,2025-12-12T17:18:02,2025-12-12T09:18:02,https://api.quant-aq.com/v1/devices/MOD-00623/data/563295498
294.73,740.99,"{'lat': None, 'lon': None}","{'rh': 81.1, 'temp': 8.8, 'wd': 0.0, 'ws': 0.0, 'ws_scalar': 0.0}","{'gas': {'co': 18148, 'co2': 13271, 'no': 18149, 'no2': 18150, 'o3': 18151}, 'pm': {'pm1': 17109, 'pm10': 17111, 'pm25': 17110}}",1.92,4.69,14.09,0.64,0.99,0.73,563295648,81.1,MOD-00623,8.8,2025-12-12T17:17:02,2025-12-12T09:17:02,https://api.quant-aq.com/v1/devices/MOD-00623/data/563295497
274.97,745.93,"{'lat': None, 'lon': None}","{'rh': 81.2, 'temp': 8.8, 'wd': 0.0, 'ws': 0.0, 'ws_scalar': 0.0}","{'gas': {'co': 18148, 'co2': 13271, 'no': 18149, 'no2': 18150, 'o3': 18151}, 'pm': {'pm1': 17109, 'pm10': 17111, 'pm25': 17110}}",0.66,3.96,12.96,0.51,4.49,0.55,563293433,81.2,MOD-00623,8.8,2025-12-12T17:16:02,2025-12-12T09:16:02,https://api.quant-aq.com/v1/devices/MOD-00623/data/563293282
274.63,741.6,"{'lat': None, 'lon': None}","{'rh': 81.1, 'temp': 8.8, 'wd': 0.0, 'ws': 0.0, 'ws_scalar': 0.0}","{'gas': {'co': 18148, 'co2': 13271, 'no': 18149, 'no2': 18150, 'o3': 18151}, 'pm': {'pm1': 17109, 'pm10': 17111, 'pm25': 17110}}",0.83,3.65,14.46,0.64,3.39,0.74,563293434,81.1,MOD-00623,8.8,2025-12-12T17:15:02,2025-12-12T09:15:02,https://api.quant-aq.com/v1/devices/MOD-00623/data/563293283
291.52,741.24,"{'lat': None, 'lon': None}","{'rh': 81.0, 'temp': 8.8, 'wd': 0.0, 'ws': 0.0, 'ws_scalar': 0.0}","{'gas': {'co': 18148, 'co2': 13271, 'no': 18149, 'no2': 18150, 'o3': 18151}, 'pm': {'pm1': 17109, 'pm10': 17111, 'pm25': 17110}}",2.56,5.52,12.03,0.6,1.76,0.85,563293431,81.0,MOD-00623,8.8,2025-12-12T17:14:02,2025-12-12T09:14:02,https://api.quant-aq.com/v1/devices/MOD-00623/data/563293281
291.18,742.8,"{'lat': None, 'lon': None}","{'rh': 80.9, 'temp': 8.8, 'wd': 0.0, 'ws': 0.0, 'ws_scalar': 0.0}","{'gas': {'co': 18148, 'co2': 13271, 'no': 18149, 'no2': 18150, 'o3': 18151}, 'pm': {'pm1': 17109, 'pm10': 17111, 'pm25': 17110}}",1.78,4.7,12.74,0.5,1.12,0.63,563293432,80.9,MOD-00623,8.8,2025-12-12T17:13:02,2025-12-12T09:13:02,https://api.quant-aq.com/v1/devices/MOD-00623/data/563293280
297.13,736.06,"{'lat': None, 'lon': None}","{'rh': 80.6, 'temp': 8.8, 'wd': 0.0, 'ws': 0.0, 'ws_scalar': 0.0}","{'gas': {'co': 18148, 'co2': 13271, 'no': 18149, 'no2': 18150, 'o3': 18151}, 'pm': {'pm1': 17109, 'pm10': 17111, 'pm25': 17110}}",1.16,3.7,14.5,0.35,1.64,0.55,563291257,80.6,MOD-00623,8.8,2025-12-12T17:12:02,2025-12-12T09:12:02,https://api.quant-aq.com/v1/devices/MOD-00623/data/563291106
333.7,739.07,"{'lat': None, 'lon': None}","{'rh': 80.5, 'temp': 8.8, 'wd': 0.0, 'ws': 0.0, 'ws_scalar': 0.0}","{'gas': {'co': 18148, 'co2': 13271, 'no': 18149, 'no2': 18150, 'o3': 18151}, 'pm': {'pm1': 17109, 'pm10': 17111, 'pm25': 17110}}",1.01,2.91,15.79,0.55,1.09,0.65,563291255,80.5,MOD-00623,8.8,2025-12-12T17:11:02,2025-12-12T09:11:02,https://api.quant-aq.com/v1/devices/MOD-00623/data/563291104
349.28,737.98,"{'lat': None, 'lon': None}","{'rh': 80.5, 'temp': 8.8, 'wd': 0.0, 'ws': 0.0, 'ws_scalar': 0.0}","{'gas': {'co': 18148, 'co2': 13271, 'no': 18149, 'no2': 18150, 'o3': 18151}, 'pm': {'pm1': 17109, 'pm10': 17111, 'pm25': 17110}}",1.32,3.42,14.63,0.66,0.75,0.73,563291254,80.5,MOD-00623,8.8,2025-12-12T17:10:02,2025-12-12T09:10:02,https://api.quant-aq.com/v1/devices/MOD-00623/data/563291103
320.65,737.38,"{'lat': None, 'lon': None}","{'rh': 80.4, 'temp': 8.8, 'wd': 0.0, 'ws': 0.0, 'ws_scalar': 0.0}","{'gas': {'co': 18148, 'co2': 13271, 'no': 18149, 'no2': 18150, 'o3': 18151}, 'pm': {'pm1': 17109, 'pm10': 17111, 'pm25': 17110}}",0.85,3.72,15.88,0.77,3.24,0.94,563291256,80.4,MOD-00623,8.8,2025-12-12T17:09:02,2025-12-12T09:09:02,https://api.quant-aq.com/v1/devices/MOD-00623/data/563291105
290.16,738.83,"{'lat': None, 'lon': None}","{'rh': 80.6, 'temp': 8.8, 'wd': 0.0, 'ws': 0.0, 'ws_scalar': 0.0}","{'gas': {'co': 18148, 'co2': 13271, 'no': 18149, 'no2': 18150, 'o3': 18151}, 'pm': {'pm1': 17109, 'pm10': 17111, 'pm25': 17110}}",1.63,4.36,13.8,0.74,1.01,0.94,563289097,80.6,MOD-00623,8.8,2025-12-12T17:08:02,2025-12-12T09:08:02,https://api.quant-aq.com/v1/devices/MOD-00623/data/563288946
301.57,741.48,"{'lat': None, 'lon': None}","{'rh': 80.7, 'temp': 8.8, 'wd': 0.0, 'ws': 0.0, 'ws_scalar': 0.0}","{'gas': {'co': 18148, 'co2': 13271, 'no': 18149, 'no2': 18150, 'o3': 18151}, 'pm': {'pm1': 17109, 'pm10': 17111, 'pm25': 17110}}",1.47,4.72,14.58,0.67,2.02,0.77,563289096,80.7,MOD-00623,8.8,2025-12-12T17:07:02,2025-12-12T09:07:02,https://api.quant-aq.com/v1/devices/MOD-00623/data/563288945
269.65,739.07,"{'lat': None, 'lon': None}","{'rh': 80.6, 'temp': 8.8, 'wd': 0.0, 'ws': 0.0, 'ws_scalar': 0.0}","{'gas': {'co': 18148, 'co2': 13271, 'no': 18149, 'no2': 18150, 'o3': 18151}, 'pm': {'pm1': 17109, 'pm10': 17111, 'pm25': 17110}}",1.0,4.73,14.13,0.73,1.73,0.86,563289095,80.6,MOD-00623,8.8,2025-12-12T17:06:02,2025-12-12T09:06:02,https://api.quant-aq.com/v1/devices/MOD-00623/data/563288944
300.82,737.86,"{'lat': None, 'lon': None}","{'rh': 80.6, 'temp': 8.8, 'wd': 0.0, 'ws': 0.0, 'ws_scalar': 0.0}","{'gas': {'co': 18148, 'co2': 13271, 'no': 18149, 'no2': 18150, 'o3': 18151}, 'pm': {'pm1': 17109, 'pm10': 17111, 'pm25': 17110}}",1.0,3.7,15.87,0.87,1.93,1.06,563289094,80.6,MOD-00623,8.8,2025-12-12T17:05:02,2025-12-12T09:05:02,https://api.quant-aq.com/v1/devices/MOD-00623/data/563288943
320.1,737.62,"{'lat': None, 'lon': None}","{'rh': 80.6, 'temp': 8.8, 'wd': 0.0, 'ws': 0.0, 'ws_scalar': 0.0}","{'gas': {'co': 18148, 'co2': 13271, 'no': 18149, 'no2': 18150, 'o3': 18151}, 'pm': {'pm1': 17109, 'pm10': 17111, 'pm25': 17110}}",1.63,4.02,15.74,0.79,1.15,0.89,563286880,80.6,MOD-00623,8.8,2025-12-12T17:04:02,2025-12-12T09:04:02,https://api.quant-aq.com/v1/devices/MOD-00623/data/563286729
277.99,741.36,"{'lat': None, 'lon': None}","{'rh': 80.4, 'temp': 8.8, 'wd': 0.0, 'ws': 0.0, 'ws_scalar': 0.0}","{'gas': {'co': 18148, 'co2': 13271, 'no': 18149, 'no2': 18150, 'o3': 18151}, 'pm': {'pm1': 17109, 'pm10': 17111, 'pm25': 17110}}",1.48,4.03,14.85,0.6,1.57,0.71,563286877,80.4,MOD-00623,8.8,2025-12-12T17:03:02,2025-12-12T09:03:02,https://api.quant-aq.com/v1/devices/MOD-00623/data/563286726
281.54,741.24,"{'lat': None, 'lon': None}","{'rh': 80.6, 'temp': 8.8, 'wd': 0.0, 'ws': 0.0, 'ws_scalar': 0.0}","{'gas': {'co': 18148, 'co2': 13271, 'no': 18149, 'no2': 18150, 'o3': 18151}, 'pm': {'pm1': 17109, 'pm10': 17111, 'pm25': 17110}}",1.63,3.41,15.99,0.58,1.61,0.78,563286879,80.6,MOD-00623,8.8,2025-12-12T17:02:02,2025-12-12T09:02:02,https://api.quant-aq.com/v1/devices/MOD-00623/data/563286727
290.64,737.62,"{'lat': None, 'lon': None}","{'rh': 80.5, 'temp': 8.8, 'wd': 0.0, 'ws': 0.0, 'ws_scalar': 0.0}","{'gas': {'co': 18148, 'co2': 13271, 'no': 18149, 'no2': 18150, 'o3': 18151}, 'pm': {'pm1': 17109, 'pm10': 17111, 'pm25': 17110}}",1.95,5.14,14.47,0.51,3.17,0.66,563286878,80.5,MOD-00623,8.8,2025-12-12T17:01:02,2025-12-12T09:01:02,https://api.quant-aq.com/v1/devices/MOD-00623/data/563286728
298.77,747.14,"{'lat': None, 'lon': None}","{'rh': 80.6, 'temp': 8.8, 'wd': 0.0, 'ws': 0.0, 'ws_scalar': 0.0}","{'gas': {'co': 18148, 'co2': 13271, 'no': 18149, 'no2': 18150, 'o3': 18151}, 'pm': {'pm1': 17109, 'pm10': 17111, 'pm25': 17110}}",1.94,5.13,13.09,0.68,0.92,0.85,563284734,80.6,MOD-00623,8.8,2025-12-12T17:00:02,2025-12-12T09:00:02,https://api.quant-aq.com/v1/devices/MOD-00623/data/563284583
316.26,747.74,"{'lat': None, 'lon': None}","{'rh': 80.8, 'temp': 8.8, 'wd': 0.0, 'ws': 0.0, 'ws_scalar': 0.0}","{'gas': {'co': 18148, 'co2': 13271, 'no': 18149, 'no2': 18150, 'o3': 18151}, 'pm': {'pm1': 17109, 'pm10': 17111, 'pm25': 17110}}",1.47,4.71,13.66,0.66,1.15,0.85,563284731,80.8,MOD-00623,8.8,2025-12-12T16:59:02,2025-12-12T08:59:02,https://api.quant-aq.com/v1/devices/MOD-00623/data/563284579
339.57,749.67,"{'lat': None, 'lon': None}","{'rh': 80.9, 'temp': 8.8, 'wd': 0.0, 'ws': 0.0, 'ws_scalar': 0.0}","{'gas': {'co': 18148, 'co2': 13271, 'no': 18149, 'no2': 18150, 'o3': 18151}, 'pm': {'pm1': 17109, 'pm10': 17111, 'pm25': 17110}}",2.25,5.53,12.95,0.74,1.64,0.95,563284730,80.9,MOD-00623,8.8,2025-12-12T16:58:02,2025-12-12T08:58:02,https://api.quant-aq.com/v1/devices/MOD-00623/data/563284580
322.68,750.15,"{'lat': None, 'lon': None}","{'rh': 81.0, 'temp': 8.8, 'wd': 0.0, 'ws': 0.0, 'ws_scalar': 0.0}","{'gas': {'co': 18148, 'co2': 13271, 'no': 18149, 'no2': 18150, 'o3': 18151}, 'pm': {'pm1': 17109, 'pm10': 17111, 'pm25': 17110}}",2.71,5.98,10.99,0.9,1.07,1.07,563284733,81.0,MOD-00623,8.8,2025-12-12T16:57:02,2025-12-12T08:57:02,https://api.quant-aq.com/v1/devices/MOD-00623/data/563284582
355.49,753.52,"{'lat': None, 'lon': None}","{'rh': 81.0, 'temp': 8.8, 'wd': 0.0, 'ws': 0.0, 'ws_scalar': 0.0}","{'gas': {'co': 18148, 'co2': 13271, 'no': 18149, 'no2': 18150, 'o3': 18151}, 'pm': {'pm1': 17109, 'pm10': 17111, 'pm25': 17110}}",4.34,6.97,11.66,1.38,1.61,1.57,563284732,81.0,MOD-00623,8.8,2025-12-12T16:56:02,2025-12-12T08:56:02,https://api.quant-aq.com/v1/devices/MOD-00623/data/563284581
352.14,748.82,"{'lat': None, 'lon': None}","{'rh': 81.1, 'temp': 8.8, 'wd': 0.0, 'ws': 0.0, 'ws_scalar': 0.0}","{'gas': {'co': 18148, 'co2': 13271, 'no': 18149, 'no2': 18150, 'o3': 18151}, 'pm': {'pm1': 17109, 'pm10': 17111, 'pm25': 17110}}",7.23,9.28,10.7,1.71,3.96,1.95,563282247,81.1,MOD-00623,8.8,2025-12-12T16:55:02,2025-12-12T08:55:02,https://api.quant-aq.com/v1/devices/MOD-00623/data/563282098
317.69,754.12,"{'lat': None, 'lon': None}","{'rh': 81.1, 'temp': 8.8, 'wd': 0.0, 'ws': 0.0, 'ws_scalar': 0.0}","{'gas': {'co': 18148, 'co2': 13271, 'no': 18149, 'no2': 18150, 'o3': 18151}, 'pm': {'pm1': 17109, 'pm10': 17111, 'pm25': 17110}}",1.14,5.97,14.18,1.12,1.36,1.32,563282249,81.1,MOD-00623,8.8,2025-12-12T16:54:02,2025-12-12T08:54:02,https://api.quant-aq.com/v1/devices/MOD-00623/data/563282096
308.81,744.85,"{'lat': None, 'lon': None}","{'rh': 80.9, 'temp': 8.8, 'wd': 0.0, 'ws': 0.0, 'ws_scalar': 0.0}","{'gas': {'co': 18148, 'co2': 13271, 'no': 18149, 'no2': 18150, 'o3': 18151}, 'pm': {'pm1': 17109, 'pm10': 17111, 'pm25': 17110}}",0.83,4.7,14.11,0.97,1.13,1.11,563282248,80.9,MOD-00623,8.8,2025-12-12T16:53:02,2025-12-12T08:53:02,https://api.quant-aq.com/v1/devices/MOD-00623/data/563282097
293.26,734.73,"{'lat': None, 'lon': None}","{'rh': 80.7, 'temp': 8.7, 'wd': 0.0, 'ws': 0.0, 'ws_scalar': 0.0}","{'gas': {'co': 18148, 'co2': 13271, 'no': 18149, 'no2': 18150, 'o3': 18151}, 'pm': {'pm1': 17109, 'pm10': 17111, 'pm25': 17110}}",0.91,4.0,14.84,0.7,0.82,0.82,563282250,80.7,MOD-00623,8.7,2025-12-12T16:52:02,2025-12-12T08:52:02,https://api.quant-aq.com/v1/devices/MOD-00623/data/563282099
282.66,736.42,"{'lat': None, 'lon': None}","{'rh': 80.6, 'temp': 8.7, 'wd': 0.0, 'ws': 0.0, 'ws_scalar': 0.0}","{'gas': {'co': 18148, 'co2': 13271, 'no': 18149, 'no2': 18150, 'o3': 18151}, 'pm': {'pm1': 17109, 'pm10': 17111, 'pm25': 17110}}",0.6,3.69,15.42,0.97,13.51,1.1,563279807,80.6,MOD-00623,8.7,2025-12-12T16:51:02,2025-12-12T08:51:02,https://api.quant-aq.com/v1/devices/MOD-00623/data/563279656
290.73,740.15,"{'lat': None, 'lon': None}","{'rh': 80.8, 'temp': 8.7, 'wd': 0.0, 'ws': 0.0, 'ws_scalar': 0.0}","{'gas': {'co': 18148, 'co2': 13271, 'no': 18149, 'no2': 18150, 'o3': 18151}, 'pm': {'pm1': 17109, 'pm10': 17111, 'pm25': 17110}}",1.53,3.67,15.41,0.72,8.0,0.85,563279805,80.8,MOD-00623,8.7,2025-12-12T16:50:02,2025-12-12T08:50:02,https://api.quant-aq.com/v1/devices/MOD-00623/data/563279654
292.44,740.15,"{'lat': None, 'lon': None}","{'rh': 80.7, 'temp': 8.7, 'wd': 0.0, 'ws': 0.0, 'ws_scalar': 0.0}","{'gas': {'co': 18148, 'co2': 13271, 'no': 18149, 'no2': 18150, 'o3': 18151}, 'pm': {'pm1': 17109, 'pm10': 17111, 'pm25': 17110}}",1.69,3.39,14.17,0.63,6.94,0.73,563279804,80.7,MOD-00623,8.7,2025-12-12T16:49:02,2025-12-12T08:49:02,https://api.quant-aq.com/v1/devices/MOD-00623/data/563279653
288.46,741.24,"{'lat': None, 'lon': None}","{'rh': 81.1, 'temp': 8.7, 'wd': 0.0, 'ws': 0.0, 'ws_scalar': 0.0}","{'gas': {'co': 18148, 'co2': 13271, 'no': 18149, 'no2': 18150, 'o3': 18151}, 'pm': {'pm1': 17109, 'pm10': 17111, 'pm25': 17110}}",1.21,3.35,14.14,0.67,0.78,0.76,563279803,81.1,MOD-00623,8.7,2025-12-12T16:48:02,2025-12-12T08:48:02,https://api.quant-aq.com/v1/devices/MOD-00623/data/563279652
317.92,741.12,"{'lat': None, 'lon': None}","{'rh': 81.2, 'temp': 8.7, 'wd': 0.0, 'ws': 0.0, 'ws_scalar': 0.0}","{'gas': {'co': 18148, 'co2': 13271, 'no': 18149, 'no2': 18150, 'o3': 18151}, 'pm': {'pm1': 17109, 'pm10': 17111, 'pm25': 17110}}",0.57,5.06,13.97,0.66,2.43,0.7,563277557,81.2,MOD-00623,8.7,2025-12-12T16:47:02,2025-12-12T08:47:02,https://api.quant-aq.com/v1/devices/MOD-00623/data/563277407
296.6,739.79,"{'lat': None, 'lon': None}","{'rh': 81.2, 'temp': 8.7, 'wd': 0.0, 'ws': 0.0, 'ws_scalar': 0.0}","{'gas': {'co': 18148, 'co2': 13271, 'no': 18149, 'no2': 18150, 'o3': 18151}, 'pm': {'pm1': 17109, 'pm10': 17111, 'pm25': 17110}}",1.2,3.63,14.92,1.09,2.5,1.23,563277559,81.2,MOD-00623,8.7,2025-12-12T16:46:02,2025-12-12T08:46:02,https://api.quant-aq.com/v1/devices/MOD-00623/data/563277409
302.75,743.77,"{'lat': None, 'lon': None}","{'rh': 81.2, 'temp': 8.7, 'wd': 0.0, 'ws': 0.0, 'ws_scalar': 0.0}","{'gas': {'co': 18148, 'co2': 13271, 'no': 18149, 'no2': 18150, 'o3': 18151}, 'pm': {'pm1': 17109, 'pm10': 17111, 'pm25': 17110}}",1.52,3.63,13.1,1.07,1.74,1.19,563277555,81.2,MOD-00623,8.7,2025-12-12T16:45:02,2025-12-12T08:45:02,https://api.quant-aq.com/v1/devices/MOD-00623/data/563277406
290.51,741.6,"{'lat': None, 'lon': None}","{'rh': 81.1, 'temp': 8.7, 'wd': 0.0, 'ws': 0.0, 'ws_scalar': 0.0}","{'gas': {'co': 18148, 'co2': 13271, 'no': 18149, 'no2': 18150, 'o3': 18151}, 'pm': {'pm1': 17109, 'pm10': 17111, 'pm25': 17110}}",0.89,4.3,13.31,0.86,1.6,0.99,563277553,81.1,MOD-00623,8.7,2025-12-12T16:44:02,2025-12-12T08:44:02,https://api.quant-aq.com/v1/devices/MOD-00623/data/563277404
289.62,744.13,"{'lat': None, 'lon': None}","{'rh': 81.2, 'temp': 8.7, 'wd': 0.0, 'ws': 0.0, 'ws_scalar': 0.0}","{'gas': {'co': 18148, 'co2': 13271, 'no': 18149, 'no2': 18150, 'o3': 18151}, 'pm': {'pm1': 17109, 'pm10': 17111, 'pm25': 17110}}",1.36,3.07,13.34,1.34,2.17,1.43,563275357,81.2,MOD-00623,8.7,2025-12-12T16:43:02,2025-12-12T08:43:02,https://api.quant-aq.com/v1/devices/MOD-00623/data/563275206
327.07,745.21,"{'lat': None, 'lon': None}","{'rh': 81.6, 'temp': 8.7, 'wd': 0.0, 'ws': 0.0, 'ws_scalar': 0.0}","{'gas': {'co': 18148, 'co2': 13271, 'no': 18149, 'no2': 18150, 'o3': 18151}, 'pm': {'pm1': 17109, 'pm10': 17111, 'pm25': 17110}}",1.66,5.03,12.12,1.58,4.24,1.72,563275354,81.6,MOD-00623,8.7,2025-12-12T16:42:02,2025-12-12T08:42:02,https://api.quant-aq.com/v1/devices/MOD-00623/data/563275203
325.16,745.33,"{'lat': None, 'lon': None}","{'rh': 81.4, 'temp': 8.7, 'wd': 0.0, 'ws': 0.0, 'ws_scalar': 0.0}","{'gas': {'co': 18148, 'co2': 13271, 'no': 18149, 'no2': 18150, 'o3': 18151}, 'pm': {'pm1': 17109, 'pm10': 17111, 'pm25': 17110}}",1.66,5.93,11.89,1.97,2.68,2.12,563275355,81.4,MOD-00623,8.7,2025-12-12T16:41:02,2025-12-12T08:41:02,https://api.quant-aq.com/v1/devices/MOD-00623/data/563275205
330.71,743.52,"{'lat': None, 'lon': None}","{'rh': 81.1, 'temp': 8.7, 'wd': 0.0, 'ws': 0.0, 'ws_scalar': 0.0}","{'gas': {'co': 18148, 'co2': 13271, 'no': 18149, 'no2': 18150, 'o3': 18151}, 'pm': {'pm1': 17109, 'pm10': 17111, 'pm25': 17110}}",1.52,5.5,12.94,2.17,4.3,2.28,563275356,81.1,MOD-00623,8.7,2025-12-12T16:40:02,2025-12-12T08:40:02,https://api.quant-aq.com/v1/devices/MOD-00623/data/563275204
343.9,743.64,"{'lat': None, 'lon': None}","{'rh': 81.0, 'temp': 8.7, 'wd': 0.0, 'ws': 0.0, 'ws_scalar': 0.0}","{'gas': {'co': 18148, 'co2': 13271, 'no': 18149, 'no2': 18150, 'o3': 18151}, 'pm': {'pm1': 17109, 'pm10': 17111, 'pm25': 17110}}",1.37,3.97,13.45,2.85,3.55,2.96,563273167,81.0,MOD-00623,8.7,2025-12-12T16:39:02,2025-12-12T08:39:02,https://api.quant-aq.com/v1/devices/MOD-00623/data/563273016
309.18,742.44,"{'lat': None, 'lon': None}","{'rh': 80.8, 'temp': 8.7, 'wd': 0.0, 'ws': 0.0, 'ws_scalar': 0.0}","{'gas': {'co': 18148, 'co2': 13271, 'no': 18149, 'no2': 18150, 'o3': 18151}, 'pm': {'pm1': 17109, 'pm10': 17111, 'pm25': 17110}}",2.32,5.1,14.0,1.94,5.4,2.1,563273164,80.8,MOD-00623,8.7,2025-12-12T16:38:02,2025-12-12T08:38:02,https://api.quant-aq.com/v1/devices/MOD-00623/data/563273014
257.44,740.27,"{'lat': None, 'lon': None}","{'rh': 80.9, 'temp': 8.7, 'wd': 0.0, 'ws': 0.0, 'ws_scalar': 0.0}","{'gas': {'co': 18148, 'co2': 13271, 'no': 18149, 'no2': 18150, 'o3': 18151}, 'pm': {'pm1': 17109, 'pm10': 17111, 'pm25': 17110}}",1.37,3.37,14.16,1.8,2.06,2.0,563273165,80.9,MOD-00623,8.7,2025-12-12T16:37:02,2025-12-12T08:37:02,https://api.quant-aq.com/v1/devices/MOD-00623/data/563273013
282.45,740.27,"{'lat': None, 'lon': None}","{'rh': 80.9, 'temp': 8.7, 'wd': 0.0, 'ws': 0.0, 'ws_scalar': 0.0}","{'gas': {'co': 18148, 'co2': 13271, 'no': 18149, 'no2': 18150, 'o3': 18151}, 'pm': {'pm1': 17109, 'pm10': 17111, 'pm25': 17110}}",1.21,4.32,13.33,2.23,3.82,2.49,563273166,80.9,MOD-00623,8.7,2025-12-12T16:36:02,2025-12-12T08:36:02,https://api.quant-aq.com/v1/devices/MOD-00623/data/563273015
281.7,738.95,"{'lat': None, 'lon': None}","{'rh': 80.8, 'temp': 8.7, 'wd': 0.0, 'ws': 0.0, 'ws_scalar': 0.0}","{'gas': {'co': 18148, 'co2': 13271, 'no': 18149, 'no2': 18150, 'o3': 18151}, 'pm': {'pm1': 17109, 'pm10': 17111, 'pm25': 17110}}",1.06,3.67,15.86,2.78,3.58,2.94,563270976,80.8,MOD-00623,8.7,2025-12-12T16:35:02,2025-12-12T08:35:02,https://api.quant-aq.com/v1/devices/MOD-00623/data/563270825
298.59,739.43,"{'lat': None, 'lon': None}","{'rh': 80.7, 'temp': 8.7, 'wd': 0.0, 'ws': 0.0, 'ws_scalar': 0.0}","{'gas': {'co': 18148, 'co2': 13271, 'no': 18149, 'no2': 18150, 'o3': 18151}, 'pm': {'pm1': 17109, 'pm10': 17111, 'pm25': 17110}}",1.85,4.0,16.2,2.73,2.83,2.81,563270977,80.7,MOD-00623,8.7,2025-12-12T16:34:02,2025-12-12T08:34:02,https://api.quant-aq.com/v1/devices/MOD-00623/data/563270827
265.78,739.55,"{'lat': None, 'lon': None}","{'rh': 80.7, 'temp': 8.7, 'wd': 0.0, 'ws': 0.0, 'ws_scalar': 0.0}","{'gas': {'co': 18148, 'co2': 13271, 'no': 18149, 'no2': 18150, 'o3': 18151}, 'pm': {'pm1': 17109, 'pm10': 17111, 'pm25': 17110}}",1.38,4.0,15.29,1.66,2.04,1.78,563270975,80.7,MOD-00623,8.7,2025-12-12T16:33:02,2025-12-12T08:33:02,https://api.quant-aq.com/v1/devices/MOD-00623/data/563270824
272.07,737.26,"{'lat': None, 'lon': None}","{'rh': 80.5, 'temp': 8.7, 'wd': 0.0, 'ws': 0.0, 'ws_scalar': 0.0}","{'gas': {'co': 18148, 'co2': 13271, 'no': 18149, 'no2': 18150, 'o3': 18151}, 'pm': {'pm1': 17109, 'pm10': 17111, 'pm25': 17110}}",0.29,3.7,18.17,0.6,1.47,0.69,563270978,80.5,MOD-00623,8.7,2025-12-12T16:32:02,2025-12-12T08:32:02,https://api.quant-aq.com/v1/devices/MOD-00623/data/563270826
277.26,738.95,"{'lat': None, 'lon': None}","{'rh': 80.7, 'temp': 8.7, 'wd': 0.0, 'ws': 0.0, 'ws_scalar': 0.0}","{'gas': {'co': 18148, 'co2': 13271, 'no': 18149, 'no2': 18150, 'o3': 18151}, 'pm': {'pm1': 17109, 'pm10': 17111, 'pm25': 17110}}",1.06,3.68,15.42,0.86,1.1,0.9,563268812,80.7,MOD-00623,8.7,2025-12-12T16:31:02,2025-12-12T08:31:02,https://api.quant-aq.com/v1/devices/MOD-00623/data/563268661
287.52,737.5,"{'lat': None, 'lon': None}","{'rh': 80.7, 'temp': 8.7, 'wd': 0.0, 'ws': 0.0, 'ws_scalar': 0.0}","{'gas': {'co': 18148, 'co2': 13271, 'no': 18149, 'no2': 18150, 'o3': 18151}, 'pm': {'pm1': 17109, 'pm10': 17111, 'pm25': 17110}}",1.06,4.34,15.63,1.41,2.42,1.6,563268815,80.7,MOD-00623,8.7,2025-12-12T16:30:02,2025-12-12T08:30:02,https://api.quant-aq.com/v1/devices/MOD-00623/data/563268664
315.81,738.83,"{'lat': None, 'lon': None}","{'rh': 80.7, 'temp': 8.7, 'wd': 0.0, 'ws': 0.0, 'ws_scalar': 0.0}","{'gas': {'co': 18148, 'co2': 13271, 'no': 18149, 'no2': 18150, 'o3': 18151}, 'pm': {'pm1': 17109, 'pm10': 17111, 'pm25': 17110}}",1.69,5.53,15.26,2.05,2.54,2.12,563268813,80.7,MOD-00623,8.7,2025-12-12T16:29:02,2025-12-12T08:29:02,https://api.quant-aq.com/v1/devices/MOD-00623/data/563268662
306.24,742.2,"{'lat': None, 'lon': None}","{'rh': 80.9, 'temp': 8.7, 'wd': 0.0, 'ws': 0.0, 'ws_scalar': 0.0}","{'gas': {'co': 18148, 'co2': 13271, 'no': 18149, 'no2': 18150, 'o3': 18151}, 'pm': {'pm1': 17109, 'pm10': 17111, 'pm25': 17110}}",2.78,5.97,13.75,3.42,3.96,3.56,563268814,80.9,MOD-00623,8.7,2025-12-12T16:28:02,2025-12-12T08:28:02,https://api.quant-aq.com/v1/devices/MOD-00623/data/563268663
299.41,742.32,"{'lat': None, 'lon': None}","{'rh': 80.7, 'temp': 8.7, 'wd': 0.0, 'ws': 0.0, 'ws_scalar': 0.0}","{'gas': {'co': 18148, 'co2': 13271, 'no': 18149, 'no2': 18150, 'o3': 18151}, 'pm': {'pm1': 17109, 'pm10': 17111, 'pm25': 17110}}",2.16,6.98,13.52,2.76,4.96,3.04,563266667,80.7,MOD-00623,8.7,2025-12-12T16:27:02,2025-12-12T08:27:02,https://api.quant-aq.com/v1/devices/MOD-00623/data/563266516
295.38,740.27,"{'lat': None, 'lon': None}","{'rh': 80.6, 'temp': 8.7, 'wd': 0.0, 'ws': 0.0, 'ws_scalar': 0.0}","{'gas': {'co': 18148, 'co2': 13271, 'no': 18149, 'no2': 18150, 'o3': 18151}, 'pm': {'pm1': 17109, 'pm10': 17111, 'pm25': 17110}}",0.91,5.11,15.39,1.02,1.22,1.18,563266665,80.6,MOD-00623,8.7,2025-12-12T16:26:02,2025-12-12T08:26:02,https://api.quant-aq.com/v1/devices/MOD-00623/data/563266515
292.44,740.99,"{'lat': None, 'lon': None}","{'rh': 80.7, 'temp': 8.7, 'wd': 0.0, 'ws': 0.0, 'ws_scalar': 0.0}","{'gas': {'co': 18148, 'co2': 13271, 'no': 18149, 'no2': 18150, 'o3': 18151}, 'pm': {'pm1': 17109, 'pm10': 17111, 'pm25': 17110}}",0.91,4.71,15.5,0.63,0.94,0.71,563266664,80.7,MOD-00623,8.7,2025-12-12T16:25:02,2025-12-12T08:25:02,https://api.quant-aq.com/v1/devices/MOD-00623/data/563266514
270.63,737.38,"{'lat': None, 'lon': None}","{'rh': 80.8, 'temp': 8.7, 'wd': 0.0, 'ws': 0.0, 'ws_scalar': 0.0}","{'gas': {'co': 18148, 'co2': 13271, 'no': 18149, 'no2': 18150, 'o3': 18151}, 'pm': {'pm1': 17109, 'pm10': 17111, 'pm25': 17110}}",1.06,4.33,16.53,0.94,2.05,1.13,563266666,80.8,MOD-00623,8.7,2025-12-12T16:24:02,2025-12-12T08:24:02,https://api.quant-aq.com/v1/devices/MOD-00623/data/563266513
240.21,736.3,"{'lat': None, 'lon': None}","{'rh': 80.9, 'temp': 8.7, 'wd': 0.0, 'ws': 0.0, 'ws_scalar': 0.0}","{'gas': {'co': 18148, 'co2': 13271, 'no': 18149, 'no2': 18150, 'o3': 18151}, 'pm': {'pm1': 17109, 'pm10': 17111, 'pm25': 17110}}",0.59,4.32,15.61,0.79,1.28,1.02,563264477,80.9,MOD-00623,8.7,2025-12-12T16:23:02,2025-12-12T08:23:02,https://api.quant-aq.com/v1/devices/MOD-00623/data/563264325
262.09,735.21,"{'lat': None, 'lon': None}","{'rh': 80.7, 'temp': 8.7, 'wd': 0.0, 'ws': 0.0, 'ws_scalar': 0.0}","{'gas': {'co': 18148, 'co2': 13271, 'no': 18149, 'no2': 18150, 'o3': 18151}, 'pm': {'pm1': 17109, 'pm10': 17111, 'pm25': 17110}}",0.75,4.34,16.54,0.77,1.01,0.81,563264474,80.7,MOD-00623,8.7,2025-12-12T16:22:02,2025-12-12T08:22:02,https://api.quant-aq.com/v1/devices/MOD-00623/data/563264323
266.6,736.18,"{'lat': None, 'lon': None}","{'rh': 80.7, 'temp': 8.7, 'wd': 0.0, 'ws': 0.0, 'ws_scalar': 0.0}","{'gas': {'co': 18148, 'co2': 13271, 'no': 18149, 'no2': 18150, 'o3': 18151}, 'pm': {'pm1': 17109, 'pm10': 17111, 'pm25': 17110}}",1.38,4.34,17.45,0.95,1.67,1.05,563264475,80.7,MOD-00623,8.7,2025-12-12T16:21:02,2025-12-12T08:21:02,https://api.quant-aq.com/v1/devices/MOD-00623/data/563264326
270.7,737.02,"{'lat': None, 'lon': None}","{'rh': 80.7, 'temp': 8.7, 'wd': 0.0, 'ws': 0.0, 'ws_scalar': 0.0}","{'gas': {'co': 18148, 'co2': 13271, 'no': 18149, 'no2': 18150, 'o3': 18151}, 'pm': {'pm1': 17109, 'pm10': 17111, 'pm25': 17110}}",1.22,4.0,17.12,0.82,1.34,1.05,563264478,80.7,MOD-00623,8.7,2025-12-12T16:20:02,2025-12-12T08:20:02,https://api.quant-aq.com/v1/devices/MOD-00623/data/563264327
287.59,736.42,"{'lat': None, 'lon': None}","{'rh': 80.6, 'temp': 8.7, 'wd': 0.0, 'ws': 0.0, 'ws_scalar': 0.0}","{'gas': {'co': 18148, 'co2': 13271, 'no': 18149, 'no2': 18150, 'o3': 18151}, 'pm': {'pm1': 17109, 'pm10': 17111, 'pm25': 17110}}",1.07,4.72,15.51,1.1,1.5,1.27,563264476,80.6,MOD-00623,8.7,2025-12-12T16:19:02,2025-12-12T08:19:02,https://api.quant-aq.com/v1/devices/MOD-00623/data/563264324
273.3,735.82,"{'lat': None, 'lon': None}","{'rh': 80.5, 'temp': 8.7, 'wd': 0.0, 'ws': 0.0, 'ws_scalar': 0.0}","{'gas': {'co': 18148, 'co2': 13271, 'no': 18149, 'no2': 18150, 'o3': 18151}, 'pm': {'pm1': 17109, 'pm10': 17111, 'pm25': 17110}}",1.23,4.73,16.43,0.84,1.54,0.95,563261731,80.5,MOD-00623,8.7,2025-12-12T16:18:02,2025-12-12T08:18:02,https://api.quant-aq.com/v1/devices/MOD-00623/data/563261579
265.51,739.07,"{'lat': None, 'lon': None}","{'rh': 80.5, 'temp': 8.7, 'wd': 0.0, 'ws': 0.0, 'ws_scalar': 0.0}","{'gas': {'co': 18148, 'co2': 13271, 'no': 18149, 'no2': 18150, 'o3': 18151}, 'pm': {'pm1': 17109, 'pm10': 17111, 'pm25': 17110}}",1.23,4.73,15.52,1.04,1.39,1.16,563261730,80.5,MOD-00623,8.7,2025-12-12T16:17:02,2025-12-12T08:17:02,https://api.quant-aq.com/v1/devices/MOD-00623/data/563261580
296.54,738.71,"{'lat': None, 'lon': None}","{'rh': 80.7, 'temp': 8.7, 'wd': 0.0, 'ws': 0.0, 'ws_scalar': 0.0}","{'gas': {'co': 18148, 'co2': 13271, 'no': 18149, 'no2': 18150, 'o3': 18151}, 'pm': {'pm1': 17109, 'pm10': 17111, 'pm25': 17110}}",2.32,6.98,12.61,1.2,3.33,1.29,563261729,80.7,MOD-00623,8.7,2025-12-12T16:16:02,2025-12-12T08:16:02,https://api.quant-aq.com/v1/devices/MOD-00623/data/563261578
272.0,736.9,"{'lat': None, 'lon': None}","{'rh': 80.6, 'temp': 8.7, 'wd': 0.0, 'ws': 0.0, 'ws_scalar': 0.0}","{'gas': {'co': 18148, 'co2': 13271, 'no': 18149, 'no2': 18150, 'o3': 18151}, 'pm': {'pm1': 17109, 'pm10': 17111, 'pm25': 17110}}",2.48,6.47,13.65,1.18,1.91,1.42,563261728,80.6,MOD-00623,8.7,2025-12-12T16:15:02,2025-12-12T08:15:02,https://api.quant-aq.com/v1/devices/MOD-00623/data/563261577
247.05,738.95,"{'lat': None, 'lon': None}","{'rh': 80.5, 'temp': 8.7, 'wd': 0.0, 'ws': 0.0, 'ws_scalar': 0.0}","{'gas': {'co': 18148, 'co2': 13271, 'no': 18149, 'no2': 18150, 'o3': 18151}, 'pm': {'pm1': 17109, 'pm10': 17111, 'pm25': 17110}}",2.02,4.36,15.18,1.03,1.74,1.14,563261727,80.5,MOD-00623,8.7,2025-12-12T16:14:02,2025-12-12T08:14:02,https://api.quant-aq.com/v1/devices/MOD-00623/data/563261576
286.29,741.24,"{'lat': None, 'lon': None}","{'rh': 80.7, 'temp': 8.7, 'wd': 0.0, 'ws': 0.0, 'ws_scalar': 0.0}","{'gas': {'co': 18148, 'co2': 13271, 'no': 18149, 'no2': 18150, 'o3': 18151}, 'pm': {'pm1': 17109, 'pm10': 17111, 'pm25': 17110}}",1.22,4.34,16.08,0.95,8.39,1.18,563259020,80.7,MOD-00623,8.7,2025-12-12T16:13:02,2025-12-12T08:13:02,https://api.quant-aq.com/v1/devices/MOD-00623/data/563258869
302.48,742.08,"{'lat': None, 'lon': None}","{'rh': 81.0, 'temp': 8.7, 'wd': 0.0, 'ws': 0.0, 'ws_scalar': 0.0}","{'gas': {'co': 18148, 'co2': 13271, 'no': 18149, 'no2': 18150, 'o3': 18151}, 'pm': {'pm1': 17109, 'pm10': 17111, 'pm25': 17110}}",1.84,6.95,13.95,1.23,2.32,1.42,563259018,81.0,MOD-00623,8.7,2025-12-12T16:12:02,2025-12-12T08:12:02,https://api.quant-aq.com/v1/devices/MOD-00623/data/563258867
290.39,741.72,"{'lat': None, 'lon': None}","{'rh': 80.7, 'temp': 8.7, 'wd': 0.0, 'ws': 0.0, 'ws_scalar': 0.0}","{'gas': {'co': 18148, 'co2': 13271, 'no': 18149, 'no2': 18150, 'o3': 18151}, 'pm': {'pm1': 17109, 'pm10': 17111, 'pm25': 17110}}",1.54,5.11,15.38,1.3,1.86,1.39,563259017,80.7,MOD-00623,8.7,2025-12-12T16:11:02,2025-12-12T08:11:02,https://api.quant-aq.com/v1/devices/MOD-00623/data/563258866
290.32,741.6,"{'lat': None, 'lon': None}","{'rh': 80.8, 'temp': 8.7, 'wd': 0.0, 'ws': 0.0, 'ws_scalar': 0.0}","{'gas': {'co': 18148, 'co2': 13271, 'no': 18149, 'no2': 18150, 'o3': 18151}, 'pm': {'pm1': 17109, 'pm10': 17111, 'pm25': 17110}}",1.22,5.1,15.37,1.08,1.18,1.18,563259019,80.8,MOD-00623,8.7,2025-12-12T16:10:02,2025-12-12T08:10:02,https://api.quant-aq.com/v1/devices/MOD-00623/data/563258868
294.56,739.79,"{'lat': None, 'lon': None}","{'rh': 80.6, 'temp': 8.7, 'wd': 0.0, 'ws': 0.0, 'ws_scalar': 0.0}","{'gas': {'co': 18148, 'co2': 13271, 'no': 18149, 'no2': 18150, 'o3': 18151}, 'pm': {'pm1': 17109, 'pm10': 17111, 'pm25': 17110}}",1.23,4.72,15.51,1.03,1.18,1.13,563256807,80.6,MOD-00623,8.7,2025-12-12T16:09:02,2025-12-12T08:09:02,https://api.quant-aq.com/v1/devices/MOD-00623/data/563256656
263.32,734.49,"{'lat': None, 'lon': None}","{'rh': 80.7, 'temp': 8.7, 'wd': 0.0, 'ws': 0.0, 'ws_scalar': 0.0}","{'gas': {'co': 18148, 'co2': 13271, 'no': 18149, 'no2': 18150, 'o3': 18151}, 'pm': {'pm1': 17109, 'pm10': 17111, 'pm25': 17110}}",1.54,4.34,16.54,0.86,1.01,0.99,563256804,80.7,MOD-00623,8.7,2025-12-12T16:08:02,2025-12-12T08:08:02,https://api.quant-aq.com/v1/devices/MOD-00623/data/563256654
290.39,736.3,"{'lat': None, 'lon': None}","{'rh': 80.7, 'temp': 8.7, 'wd': 0.0, 'ws': 0.0, 'ws_scalar': 0.0}","{'gas': {'co': 18148, 'co2': 13271, 'no': 18149, 'no2': 18150, 'o3': 18151}, 'pm': {'pm1': 17109, 'pm10': 17111, 'pm25': 17110}}",2.01,4.34,15.63,0.93,1.02,1.0,563256808,80.7,MOD-00623,8.7,2025-12-12T16:07:02,2025-12-12T08:07:02,https://api.quant-aq.com/v1/devices/MOD-00623/data/563256657
300.3,738.59,"{'lat': None, 'lon': None}","{'rh': 80.6, 'temp': 8.7, 'wd': 0.0, 'ws': 0.0, 'ws_scalar': 0.0}","{'gas': {'co': 18148, 'co2': 13271, 'no': 18149, 'no2': 18150, 'o3': 18151}, 'pm': {'pm1': 17109, 'pm10': 17111, 'pm25': 17110}}",2.01,5.54,13.89,0.87,1.4,0.97,563256806,80.6,MOD-00623,8.7,2025-12-12T16:06:02,2025-12-12T08:06:02,https://api.quant-aq.com/v1/devices/MOD-00623/data/563256655
276.17,737.26,"{'lat': None, 'lon': None}","{'rh': 80.5, 'temp': 8.7, 'wd': 0.0, 'ws': 0.0, 'ws_scalar': 0.0}","{'gas': {'co': 18148, 'co2': 13271, 'no': 18149, 'no2': 18150, 'o3': 18151}, 'pm': {'pm1': 17109, 'pm10': 17111, 'pm25': 17110}}",2.17,4.73,15.97,0.83,0.99,0.95,563256805,80.5,MOD-00623,8.7,2025-12-12T16:05:02,2025-12-12T08:05:02,https://api.quant-aq.com/v1/devices/MOD-00623/data/563256653
261.27,733.65,"{'lat': None, 'lon': None}","{'rh': 80.7, 'temp': 8.7, 'wd': 0.0, 'ws': 0.0, 'ws_scalar': 0.0}","{'gas': {'co': 18148, 'co2': 13271, 'no': 18149, 'no2': 18150, 'o3': 18151}, 'pm': {'pm1': 17109, 'pm10': 17111, 'pm25': 17110}}",0.44,3.68,17.24,0.66,0.74,0.74,563254110,80.7,MOD-00623,8.7,2025-12-12T16:04:02,2025-12-12T08:04:02,https://api.quant-aq.com/v1/devices/MOD-00623/data/563253957
274.39,736.66,"{'lat': None, 'lon': None}","{'rh': 80.7, 'temp': 8.7, 'wd': 0.0, 'ws': 0.0, 'ws_scalar': 0.0}","{'gas': {'co': 18148, 'co2': 13271, 'no': 18149, 'no2': 18150, 'o3': 18151}, 'pm': {'pm1': 17109, 'pm10': 17111, 'pm25': 17110}}",1.54,5.53,15.71,1.09,1.6,1.19,563254107,80.7,MOD-00623,8.7,2025-12-12T16:03:02,2025-12-12T08:03:02,https://api.quant-aq.com/v1/devices/MOD-00623/data/563253958
297.84,737.02,"{'lat': None, 'lon': None}","{'rh': 80.6, 'temp': 8.7, 'wd': 0.0, 'ws': 0.0, 'ws_scalar': 0.0}","{'gas': {'co': 18148, 'co2': 13271, 'no': 18149, 'no2': 18150, 'o3': 18151}, 'pm': {'pm1': 17109, 'pm10': 17111, 'pm25': 17110}}",0.91,5.11,14.93,0.8,1.34,0.9,563254108,80.6,MOD-00623,8.7,2025-12-12T16:02:02,2025-12-12T08:02:02,https://api.quant-aq.com/v1/devices/MOD-00623/data/563253956
288.41,738.22,"{'lat': None, 'lon': None}","{'rh': 80.6, 'temp': 8.7, 'wd': 0.0, 'ws': 0.0, 'ws_scalar': 0.0}","{'gas': {'co': 18148, 'co2': 13271, 'no': 18149, 'no2': 18150, 'o3': 18151}, 'pm': {'pm1': 17109, 'pm10': 17111, 'pm25': 17110}}",1.7,5.11,15.84,0.95,1.03,1.03,563254106,80.6,MOD-00623,8.7,2025-12-12T16:01:02,2025-12-12T08:01:02,https://api.quant-aq.com/v1/devices/MOD-00623/data/563253955
280.27,732.44,"{'lat': None, 'lon': None}","{'rh': 80.5, 'temp': 8.7, 'wd': 0.0, 'ws': 0.0, 'ws_scalar': 0.0}","{'gas': {'co': 18148, 'co2': 13271, 'no': 18149, 'no2': 18150, 'o3': 18151}, 'pm': {'pm1': 17109, 'pm10': 17111, 'pm25': 17110}}",0.76,4.73,16.43,0.68,1.18,0.74,563254109,80.5,MOD-00623,8.7,2025-12-12T16:00:02,2025-12-12T08:00:02,https://api.quant-aq.com/v1/devices/MOD-00623/data/563253959
328.87,738.22,"{'lat': None, 'lon': None}","{'rh': 80.8, 'temp': 8.7, 'wd': 0.0, 'ws': 0.0, 'ws_scalar': 0.0}","{'gas': {'co': 18148, 'co2': 13271, 'no': 18149, 'no2': 18150, 'o3': 18151}, 'pm': {'pm1': 17109, 'pm10': 17111, 'pm25': 17110}}",2.47,5.52,14.34,1.59,1.69,1.67,563251405,80.8,MOD-00623,8.7,2025-12-12T15:59:02,2025-12-12T07:59:02,https://api.quant-aq.com/v1/devices/MOD-00623/data/563251255
294.08,737.62,"{'lat': None, 'lon': None}","{'rh': 80.7, 'temp': 8.7, 'wd': 0.0, 'ws': 0.0, 'ws_scalar': 0.0}","{'gas': {'co': 18148, 'co2': 13271, 'no': 18149, 'no2': 18150, 'o3': 18151}, 'pm': {'pm1': 17109, 'pm10': 17111, 'pm25': 17110}}",1.22,4.71,15.05,1.72,3.04,1.93,563251397,80.7,MOD-00623,8.7,2025-12-12T15:58:02,2025-12-12T07:58:02,https://api.quant-aq.com/v1/devices/MOD-00623/data/563251248
294.49,734.73,"{'lat': None, 'lon': None}","{'rh': 80.7, 'temp': 8.7, 'wd': 0.0, 'ws': 0.0, 'ws_scalar': 0.0}","{'gas': {'co': 18148, 'co2': 13271, 'no': 18149, 'no2': 18150, 'o3': 18151}, 'pm': {'pm1': 17109, 'pm10': 17111, 'pm25': 17110}}",1.22,4.34,15.17,1.27,1.89,1.41,563251393,80.7,MOD-00623,8.7,2025-12-12T15:57:02,2025-12-12T07:57:02,https://api.quant-aq.com/v1/devices/MOD-00623/data/563251242
276.92,731.72,"{'lat': None, 'lon': None}","{'rh': 80.6, 'temp': 8.7, 'wd': 0.0, 'ws': 0.0, 'ws_scalar': 0.0}","{'gas': {'co': 18148, 'co2': 13271, 'no': 18149, 'no2': 18150, 'o3': 18151}, 'pm': {'pm1': 17109, 'pm10': 17111, 'pm25': 17110}}",1.07,4.01,15.3,1.05,3.45,1.27,563251390,80.6,MOD-00623,8.7,2025-12-12T15:56:02,2025-12-12T07:56:02,https://api.quant-aq.com/v1/devices/MOD-00623/data/563251239
306.93,733.17,"{'lat': None, 'lon': None}","{'rh': 80.5, 'temp': 8.7, 'wd': 0.0, 'ws': 0.0, 'ws_scalar': 0.0}","{'gas': {'co': 18148, 'co2': 13271, 'no': 18149, 'no2': 18150, 'o3': 18151}, 'pm': {'pm1': 17109, 'pm10': 17111, 'pm25': 17110}}",0.6,4.36,15.18,0.98,3.22,1.06,563249285,80.5,MOD-00623,8.7,2025-12-12T15:55:02,2025-12-12T07:55:02,https://api.quant-aq.com/v1/devices/MOD-00623/data/563249134
289.85,733.53,"{'lat': None, 'lon': None}","{'rh': 80.3, 'temp': 8.7, 'wd': 0.0, 'ws': 0.0, 'ws_scalar': 0.0}","{'gas': {'co': 18148, 'co2': 13271, 'no': 18149, 'no2': 18150, 'o3': 18151}, 'pm': {'pm1': 17109, 'pm10': 17111, 'pm25': 17110}}",1.87,4.04,15.78,1.06,1.25,1.23,563249284,80.3,MOD-00623,8.7,2025-12-12T15:54:02,2025-12-12T07:54:02,https://api.quant-aq.com/v1/devices/MOD-00623/data/563249133
310.62,738.22,"{'lat': None, 'lon': None}","{'rh': 80.5, 'temp': 8.7, 'wd': 0.0, 'ws': 0.0, 'ws_scalar': 0.0}","{'gas': {'co': 18148, 'co2': 13271, 'no': 18149, 'no2': 18150, 'o3': 18151}, 'pm': {'pm1': 17109, 'pm10': 17111, 'pm25': 17110}}",1.39,3.41,15.55,0.94,3.43,1.04,563249287,80.5,MOD-00623,8.7,2025-12-12T15:53:02,2025-12-12T07:53:02,https://api.quant-aq.com/v1/devices/MOD-00623/data/563249136
319.99,735.33,"{'lat': None, 'lon': None}","{'rh': 80.6, 'temp': 8.7, 'wd': 0.0, 'ws': 0.0, 'ws_scalar': 0.0}","{'gas': {'co': 18148, 'co2': 13271, 'no': 18149, 'no2': 18150, 'o3': 18151}, 'pm': {'pm1': 17109, 'pm10': 17111, 'pm25': 17110}}",1.38,4.72,14.6,1.07,1.3,1.26,563249288,80.6,MOD-00623,8.7,2025-12-12T15:52:02,2025-12-12T07:52:02,https://api.quant-aq.com/v1/devices/MOD-00623/data/563249137
286.43,735.09,"{'lat': None, 'lon': None}","{'rh': 80.5, 'temp': 8.7, 'wd': 0.0, 'ws': 0.0, 'ws_scalar': 0.0}","{'gas': {'co': 18148, 'co2': 13271, 'no': 18149, 'no2': 18150, 'o3': 18151}, 'pm': {'pm1': 17109, 'pm10': 17111, 'pm25': 17110}}",0.92,3.7,14.06,1.29,2.05,1.38,563249286,80.5,MOD-00623,8.7,2025-12-12T15:51:02,2025-12-12T07:51:02,https://api.quant-aq.com/v1/devices/MOD-00623/data/563249135
288.62,734.13,"{'lat': None, 'lon': None}","{'rh': 80.3, 'temp': 8.7, 'wd': 0.0, 'ws': 0.0, 'ws_scalar': 0.0}","{'gas': {'co': 18148, 'co2': 13271, 'no': 18149, 'no2': 18150, 'o3': 18151}, 'pm': {'pm1': 17109, 'pm10': 17111, 'pm25': 17110}}",1.24,3.17,15.24,1.32,14.5,1.56,563246524,80.3,MOD-00623,8.7,2025-12-12T15:50:02,2025-12-12T07:50:02,https://api.quant-aq.com/v1/devices/MOD-00623/data/563246373
263.94,731.6,"{'lat': None, 'lon': None}","{'rh': 80.4, 'temp': 8.7, 'wd': 0.0, 'ws': 0.0, 'ws_scalar': 0.0}","{'gas': {'co': 18148, 'co2': 13271, 'no': 18149, 'no2': 18150, 'o3': 18151}, 'pm': {'pm1': 17109, 'pm10': 17111, 'pm25': 17110}}",0.45,2.92,16.26,0.72,0.96,0.91,563246525,80.4,MOD-00623,8.7,2025-12-12T15:49:02,2025-12-12T07:49:02,https://api.quant-aq.com/v1/devices/MOD-00623/data/563246375
291.76,733.17,"{'lat': None, 'lon': None}","{'rh': 80.5, 'temp': 8.7, 'wd': 0.0, 'ws': 0.0, 'ws_scalar': 0.0}","{'gas': {'co': 18148, 'co2': 13271, 'no': 18149, 'no2': 18150, 'o3': 18151}, 'pm': {'pm1': 17109, 'pm10': 17111, 'pm25': 17110}}",1.86,4.02,13.94,0.51,0.78,0.72,563246522,80.5,MOD-00623,8.7,2025-12-12T15:48:02,2025-12-12T07:48:02,https://api.quant-aq.com/v1/devices/MOD-00623/data/563246371
262.3,734.61,"{'lat': None, 'lon': None}","{'rh': 80.4, 'temp': 8.7, 'wd': 0.0, 'ws': 0.0, 'ws_scalar': 0.0}","{'gas': {'co': 18148, 'co2': 13271, 'no': 18149, 'no2': 18150, 'o3': 18151}, 'pm': {'pm1': 17109, 'pm10': 17111, 'pm25': 17110}}",0.76,2.71,16.39,0.29,1.0,0.36,563246523,80.4,MOD-00623,8.7,2025-12-12T15:47:02,2025-12-12T07:47:02,https://api.quant-aq.com/v1/devices/MOD-00623/data/563246372
239.19,734.85,"{'lat': None, 'lon': None}","{'rh': 80.6, 'temp': 8.7, 'wd': 0.0, 'ws': 0.0, 'ws_scalar': 0.0}","{'gas': {'co': 18148, 'co2': 13271, 'no': 18149, 'no2': 18150, 'o3': 18151}, 'pm': {'pm1': 17109, 'pm10': 17111, 'pm25': 17110}}",1.38,3.14,14.76,0.38,6.95,0.47,563244222,80.6,MOD-00623,8.7,2025-12-12T15:46:02,2025-12-12T07:46:02,https://api.quant-aq.com/v1/devices/MOD-00623/data/563244071
264.69,736.18,"{'lat': None, 'lon': None}","{'rh': 80.5, 'temp': 8.7, 'wd': 0.0, 'ws': 0.0, 'ws_scalar': 0.0}","{'gas': {'co': 18148, 'co2': 13271, 'no': 18149, 'no2': 18150, 'o3': 18151}, 'pm': {'pm1': 17109, 'pm10': 17111, 'pm25': 17110}}",1.54,4.02,14.39,0.45,0.6,0.55,563244220,80.5,MOD-00623,8.7,2025-12-12T15:45:02,2025-12-12T07:45:02,https://api.quant-aq.com/v1/devices/MOD-00623/data/563244069
282.81,734.97,"{'lat': None, 'lon': None}","{'rh': 80.4, 'temp': 8.7, 'wd': 0.0, 'ws': 0.0, 'ws_scalar': 0.0}","{'gas': {'co': 18148, 'co2': 13271, 'no': 18149, 'no2': 18150, 'o3': 18151}, 'pm': {'pm1': 17109, 'pm10': 17111, 'pm25': 17110}}",1.08,3.71,15.89,0.4,0.75,0.65,563244221,80.4,MOD-00623,8.7,2025-12-12T15:44:02,2025-12-12T07:44:02,https://api.quant-aq.com/v1/devices/MOD-00623/data/563244070
266.06,734.73,"{'lat': None, 'lon': None}","{'rh': 80.3, 'temp': 8.7, 'wd': 0.0, 'ws': 0.0, 'ws_scalar': 0.0}","{'gas': {'co': 18148, 'co2': 13271, 'no': 18149, 'no2': 18150, 'o3': 18151}, 'pm': {'pm1': 17109, 'pm10': 17111, 'pm25': 17110}}",2.18,3.72,14.53,0.47,7.41,0.64,563244219,80.3,MOD-00623,8.7,2025-12-12T15:43:02,2025-12-12T07:43:02,https://api.quant-aq.com/v1/devices/MOD-00623/data/563244067
255.47,733.77,"{'lat': None, 'lon': None}","{'rh': 80.2, 'temp': 8.7, 'wd': 0.0, 'ws': 0.0, 'ws_scalar': 0.0}","{'gas': {'co': 18148, 'co2': 13271, 'no': 18149, 'no2': 18150, 'o3': 18151}, 'pm': {'pm1': 17109, 'pm10': 17111, 'pm25': 17110}}",0.77,3.73,15.91,0.23,1.48,0.66,563244218,80.2,MOD-00623,8.7,2025-12-12T15:42:02,2025-12-12T07:42:02,https://api.quant-aq.com/v1/devices/MOD-00623/data/563244068
263.19,735.45,"{'lat': None, 'lon': None}","{'rh': 80.3, 'temp': 8.7, 'wd': 0.0, 'ws': 0.0, 'ws_scalar': 0.0}","{'gas': {'co': 18148, 'co2': 13271, 'no': 18149, 'no2': 18150, 'o3': 18151}, 'pm': {'pm1': 17109, 'pm10': 17111, 'pm25': 17110}}",1.08,3.43,14.66,0.23,2.55,0.49,563241438,80.3,MOD-00623,8.7,2025-12-12T15:41:02,2025-12-12T07:41:02,https://api.quant-aq.com/v1/devices/MOD-00623/data/563241287
240.7,734.25,"{'lat': None, 'lon': None}","{'rh': 80.2, 'temp': 8.7, 'wd': 0.0, 'ws': 0.0, 'ws_scalar': 0.0}","{'gas': {'co': 18148, 'co2': 13271, 'no': 18149, 'no2': 18150, 'o3': 18151}, 'pm': {'pm1': 17109, 'pm10': 17111, 'pm25': 17110}}",1.56,4.05,14.87,0.38,0.89,0.6,563241439,80.2,MOD-00623,8.7,2025-12-12T15:40:02,2025-12-12T07:40:02,https://api.quant-aq.com/v1/devices/MOD-00623/data/563241288
259.23,734.01,"{'lat': None, 'lon': None}","{'rh': 80.1, 'temp': 8.7, 'wd': 0.0, 'ws': 0.0, 'ws_scalar': 0.0}","{'gas': {'co': 18148, 'co2': 13271, 'no': 18149, 'no2': 18150, 'o3': 18151}, 'pm': {'pm1': 17109, 'pm10': 17111, 'pm25': 17110}}",1.25,3.74,14.55,0.31,5.64,0.59,563241437,80.1,MOD-00623,8.7,2025-12-12T15:39:02,2025-12-12T07:39:02,https://api.quant-aq.com/v1/devices/MOD-00623/data/563241285
237.9,734.37,"{'lat': None, 'lon': None}","{'rh': 80.1, 'temp': 8.7, 'wd': 0.0, 'ws': 0.0, 'ws_scalar': 0.0}","{'gas': {'co': 18148, 'co2': 13271, 'no': 18149, 'no2': 18150, 'o3': 18151}, 'pm': {'pm1': 17109, 'pm10': 17111, 'pm25': 17110}}",1.56,3.19,15.25,0.45,0.65,0.63,563241435,80.1,MOD-00623,8.7,2025-12-12T15:38:02,2025-12-12T07:38:02,https://api.quant-aq.com/v1/devices/MOD-00623/data/563241284
265.79,734.73,"{'lat': None, 'lon': None}","{'rh': 80.1, 'temp': 8.7, 'wd': 0.0, 'ws': 0.0, 'ws_scalar': 0.0}","{'gas': {'co': 18148, 'co2': 13271, 'no': 18149, 'no2': 18150, 'o3': 18151}, 'pm': {'pm1': 17109, 'pm10': 17111, 'pm25': 17110}}",1.4,3.46,14.67,0.37,1.56,0.62,563241436,80.1,MOD-00623,8.7,2025-12-12T15:37:02,2025-12-12T07:37:02,https://api.quant-aq.com/v1/devices/MOD-00623/data/563241286
259.43,736.9,"{'lat': None, 'lon': None}","{'rh': 80.4, 'temp': 8.7, 'wd': 0.0, 'ws': 0.0, 'ws_scalar': 0.0}","{'gas': {'co': 18148, 'co2': 13271, 'no': 18149, 'no2': 18150, 'o3': 18151}, 'pm': {'pm1': 17109, 'pm10': 17111, 'pm25': 17110}}",2.02,4.03,13.49,0.27,7.91,0.44,563238667,80.4,MOD-00623,8.7,2025-12-12T15:36:02,2025-12-12T07:36:02,https://api.quant-aq.com/v1/devices/MOD-00623/data/563238516
265.1,737.14,"{'lat': None, 'lon': None}","{'rh': 80.5, 'temp': 8.7, 'wd': 0.0, 'ws': 0.0, 'ws_scalar': 0.0}","{'gas': {'co': 18148, 'co2': 13271, 'no': 18149, 'no2': 18150, 'o3': 18151}, 'pm': {'pm1': 17109, 'pm10': 17111, 'pm25': 17110}}",1.23,4.02,13.48,0.36,0.81,0.52,563238666,80.5,MOD-00623,8.7,2025-12-12T15:35:02,2025-12-12T07:35:02,https://api.quant-aq.com/v1/devices/MOD-00623/data/563238515
256.19,733.29,"{'lat': None, 'lon': None}","{'rh': 80.5, 'temp': 8.8, 'wd': 0.0, 'ws': 0.0, 'ws_scalar': 0.0}","{'gas': {'co': 18148, 'co2': 13271, 'no': 18149, 'no2': 18150, 'o3': 18151}, 'pm': {'pm1': 17109, 'pm10': 17111, 'pm25': 17110}}",1.48,4.03,14.38,0.35,1.15,0.5,563238665,80.5,MOD-00623,8.8,2025-12-12T15:34:02,2025-12-12T07:34:02,https://api.quant-aq.com/v1/devices/MOD-00623/data/563238514
250.52,739.43,"{'lat': None, 'lon': None}","{'rh': 80.4, 'temp': 8.8, 'wd': 0.0, 'ws': 0.0, 'ws_scalar': 0.0}","{'gas': {'co': 18148, 'co2': 13271, 'no': 18149, 'no2': 18150, 'o3': 18151}, 'pm': {'pm1': 17109, 'pm10': 17111, 'pm25': 17110}}",1.01,3.72,14.97,0.38,1.39,0.66,563238664,80.4,MOD-00623,8.8,2025-12-12T15:33:02,2025-12-12T07:33:02,https://api.quant-aq.com/v1/devices/MOD-00623/data/563238513
273.89,735.21,"{'lat': None, 'lon': None}","{'rh': 80.4, 'temp': 8.8, 'wd': 0.0, 'ws': 0.0, 'ws_scalar': 0.0}","{'gas': {'co': 18148, 'co2': 13271, 'no': 18149, 'no2': 18150, 'o3': 18151}, 'pm': {'pm1': 17109, 'pm10': 17111, 'pm25': 17110}}",1.01,3.72,14.51,0.25,4.95,0.46,563238663,80.4,MOD-00623,8.8,2025-12-12T15:32:02,2025-12-12T07:32:02,https://api.quant-aq.com/v1/devices/MOD-00623/data/563238512
281.35,734.25,"{'lat': None, 'lon': None}","{'rh': 80.3, 'temp': 8.8, 'wd': 0.0, 'ws': 0.0, 'ws_scalar': 0.0}","{'gas': {'co': 18148, 'co2': 13271, 'no': 18149, 'no2': 18150, 'o3': 18151}, 'pm': {'pm1': 17109, 'pm10': 17111, 'pm25': 17110}}",0.86,3.44,15.56,0.27,1.93,0.54,563235954,80.3,MOD-00623,8.8,2025-12-12T15:31:02,2025-12-12T07:31:02,https://api.quant-aq.com/v1/devices/MOD-00623/data/563235803
288.25,733.29,"{'lat': None, 'lon': None}","{'rh': 80.4, 'temp': 8.8, 'wd': 0.0, 'ws': 0.0, 'ws_scalar': 0.0}","{'gas': {'co': 18148, 'co2': 13271, 'no': 18149, 'no2': 18150, 'o3': 18151}, 'pm': {'pm1': 17109, 'pm10': 17111, 'pm25': 17110}}",0.7,4.03,16.21,0.28,2.16,0.52,563235953,80.4,MOD-00623,8.8,2025-12-12T15:30:02,2025-12-12T07:30:02,https://api.quant-aq.com/v1/devices/MOD-00623/data/563235802
262.69,734.13,"{'lat': None, 'lon': None}","{'rh': 80.0, 'temp': 8.8, 'wd': 0.0, 'ws': 0.0, 'ws_scalar': 0.0}","{'gas': {'co': 18148, 'co2': 13271, 'no': 18149, 'no2': 18150, 'o3': 18151}, 'pm': {'pm1': 17109, 'pm10': 17111, 'pm25': 17110}}",0.87,3.47,15.58,0.41,1.33,0.58,563235952,80.0,MOD-00623,8.8,2025-12-12T15:29:02,2025-12-12T07:29:02,https://api.quant-aq.com/v1/devices/MOD-00623/data/563235801
262.14,732.68,"{'lat': None, 'lon': None}","{'rh': 80.2, 'temp': 8.8, 'wd': 0.0, 'ws': 0.0, 'ws_scalar': 0.0}","{'gas': {'co': 18148, 'co2': 13271, 'no': 18149, 'no2': 18150, 'o3': 18151}, 'pm': {'pm1': 17109, 'pm10': 17111, 'pm25': 17110}}",1.18,3.45,16.48,0.39,0.49,0.49,563235951,80.2,MOD-00623,8.8,2025-12-12T15:28:02,2025-12-12T07:28:02,https://api.quant-aq.com/v1/devices/MOD-00623/data/563235799
248.27,733.77,"{'lat': None, 'lon': None}","{'rh': 80.1, 'temp': 8.8, 'wd': 0.0, 'ws': 0.0, 'ws_scalar': 0.0}","{'gas': {'co': 18148, 'co2': 13271, 'no': 18149, 'no2': 18150, 'o3': 18151}, 'pm': {'pm1': 17109, 'pm10': 17111, 'pm25': 17110}}",0.87,4.06,16.24,0.35,2.85,0.42,563235950,80.1,MOD-00623,8.8,2025-12-12T15:27:02,2025-12-12T07:27:02,https://api.quant-aq.com/v1/devices/MOD-00623/data/563235800
279.99,734.61,"{'lat': None, 'lon': None}","{'rh': 79.9, 'temp': 8.8, 'wd': 0.0, 'ws': 0.0, 'ws_scalar': 0.0}","{'gas': {'co': 18148, 'co2': 13271, 'no': 18149, 'no2': 18150, 'o3': 18151}, 'pm': {'pm1': 17109, 'pm10': 17111, 'pm25': 17110}}",1.5,4.08,15.34,0.5,1.85,0.69,563233088,79.9,MOD-00623,8.8,2025-12-12T15:26:02,2025-12-12T07:26:02,https://api.quant-aq.com/v1/devices/MOD-00623/data/563232937
267.34,735.09,"{'lat': None, 'lon': None}","{'rh': 79.8, 'temp': 8.8, 'wd': 0.0, 'ws': 0.0, 'ws_scalar': 0.0}","{'gas': {'co': 18148, 'co2': 13271, 'no': 18149, 'no2': 18150, 'o3': 18151}, 'pm': {'pm1': 17109, 'pm10': 17111, 'pm25': 17110}}",1.35,3.23,15.72,0.35,0.43,0.43,563233086,79.8,MOD-00623,8.8,2025-12-12T15:25:02,2025-12-12T07:25:02,https://api.quant-aq.com/v1/devices/MOD-00623/data/563232935
258.59,734.73,"{'lat': None, 'lon': None}","{'rh': 80.0, 'temp': 8.8, 'wd': 0.0, 'ws': 0.0, 'ws_scalar': 0.0}","{'gas': {'co': 18148, 'co2': 13271, 'no': 18149, 'no2': 18150, 'o3': 18151}, 'pm': {'pm1': 17109, 'pm10': 17111, 'pm25': 17110}}",1.34,4.07,15.33,0.62,4.0,0.81,563233087,80.0,MOD-00623,8.8,2025-12-12T15:24:02,2025-12-12T07:24:02,https://api.quant-aq.com/v1/devices/MOD-00623/data/563232936
278.35,733.17,"{'lat': None, 'lon': None}","{'rh': 79.9, 'temp': 8.8, 'wd': 0.0, 'ws': 0.0, 'ws_scalar': 0.0}","{'gas': {'co': 18148, 'co2': 13271, 'no': 18149, 'no2': 18150, 'o3': 18151}, 'pm': {'pm1': 17109, 'pm10': 17111, 'pm25': 17110}}",1.03,4.42,14.76,0.68,5.0,0.94,563233085,79.9,MOD-00623,8.8,2025-12-12T15:23:02,2025-12-12T07:23:02,https://api.quant-aq.com/v1/devices/MOD-00623/data/563232934
290.72,737.26,"{'lat': None, 'lon': None}","{'rh': 79.8, 'temp': 8.8, 'wd': 0.0, 'ws': 0.0, 'ws_scalar': 0.0}","{'gas': {'co': 18148, 'co2': 13271, 'no': 18149, 'no2': 18150, 'o3': 18151}, 'pm': {'pm1': 17109, 'pm10': 17111, 'pm25': 17110}}",1.35,4.09,15.35,0.96,2.44,1.26,563230929,79.8,MOD-00623,8.8,2025-12-12T15:22:02,2025-12-12T07:22:02,https://api.quant-aq.com/v1/devices/MOD-00623/data/563230778
350.94,739.91,"{'lat': None, 'lon': None}","{'rh': 79.9, 'temp': 8.8, 'wd': 0.0, 'ws': 0.0, 'ws_scalar': 0.0}","{'gas': {'co': 18148, 'co2': 13271, 'no': 18149, 'no2': 18150, 'o3': 18151}, 'pm': {'pm1': 17109, 'pm10': 17111, 'pm25': 17110}}",2.13,4.42,15.22,1.22,1.77,1.44,563230930,79.9,MOD-00623,8.8,2025-12-12T15:21:02,2025-12-12T07:21:02,https://api.quant-aq.com/v1/devices/MOD-00623/data/563230779
466.86,738.71,"{'lat': None, 'lon': None}","{'rh': 80.1, 'temp': 8.8, 'wd': 0.0, 'ws': 0.0, 'ws_scalar': 0.0}","{'gas': {'co': 18148, 'co2': 13271, 'no': 18149, 'no2': 18150, 'o3': 18151}, 'pm': {'pm1': 17109, 'pm10': 17111, 'pm25': 17110}}",2.12,6.53,11.85,0.61,3.12,0.97,563230927,80.1,MOD-00623,8.8,2025-12-12T15:20:02,2025-12-12T07:20:02,https://api.quant-aq.com/v1/devices/MOD-00623/data/563230776
314.17,737.74,"{'lat': None, 'lon': None}","{'rh': 79.7, 'temp': 8.8, 'wd': 0.0, 'ws': 0.0, 'ws_scalar': 0.0}","{'gas': {'co': 18148, 'co2': 13271, 'no': 18149, 'no2': 18150, 'o3': 18151}, 'pm': {'pm1': 17109, 'pm10': 17111, 'pm25': 17110}}",2.14,5.63,13.49,0.6,1.0,0.75,563230928,79.7,MOD-00623,8.8,2025-12-12T15:19:02,2025-12-12T07:19:02,https://api.quant-aq.com/v1/devices/MOD-00623/data/563230777
288.33,735.33,"{'lat': None, 'lon': None}","{'rh': 79.7, 'temp': 8.8, 'wd': 0.0, 'ws': 0.0, 'ws_scalar': 0.0}","{'gas': {'co': 18148, 'co2': 13271, 'no': 18149, 'no2': 18150, 'o3': 18151}, 'pm': {'pm1': 17109, 'pm10': 17111, 'pm25': 17110}}",3.71,6.08,12.46,0.66,2.49,0.95,563228711,79.7,MOD-00623,8.8,2025-12-12T15:18:02,2025-12-12T07:18:02,https://api.quant-aq.com/v1/devices/MOD-00623/data/563228560
289.69,736.9,"{'lat': None, 'lon': None}","{'rh': 80.1, 'temp': 8.8, 'wd': 0.0, 'ws': 0.0, 'ws_scalar': 0.0}","{'gas': {'co': 18148, 'co2': 13271, 'no': 18149, 'no2': 18150, 'o3': 18151}, 'pm': {'pm1': 17109, 'pm10': 17111, 'pm25': 17110}}",0.55,4.06,14.41,0.47,2.97,0.69,563228709,80.1,MOD-00623,8.8,2025-12-12T15:17:02,2025-12-12T07:17:02,https://api.quant-aq.com/v1/devices/MOD-00623/data/563228558
283.68,737.86,"{'lat': None, 'lon': None}","{'rh': 79.9, 'temp': 8.8, 'wd': 0.0, 'ws': 0.0, 'ws_scalar': 0.0}","{'gas': {'co': 18148, 'co2': 13271, 'no': 18149, 'no2': 18150, 'o3': 18151}, 'pm': {'pm1': 17109, 'pm10': 17111, 'pm25': 17110}}",1.35,4.08,15.34,0.62,1.26,0.9,563228712,79.9,MOD-00623,8.8,2025-12-12T15:16:02,2025-12-12T07:16:02,https://api.quant-aq.com/v1/devices/MOD-00623/data/563228561
279.99,731.72,"{'lat': None, 'lon': None}","{'rh': 79.9, 'temp': 8.8, 'wd': 0.0, 'ws': 0.0, 'ws_scalar': 0.0}","{'gas': {'co': 18148, 'co2': 13271, 'no': 18149, 'no2': 18150, 'o3': 18151}, 'pm': {'pm1': 17109, 'pm10': 17111, 'pm25': 17110}}",1.03,4.08,14.88,0.35,1.75,0.57,563228710,79.9,MOD-00623,8.8,2025-12-12T15:15:02,2025-12-12T07:15:02,https://api.quant-aq.com/v1/devices/MOD-00623/data/563228559
271.51,736.42,"{'lat': None, 'lon': None}","{'rh': 79.7, 'temp': 8.8, 'wd': 0.0, 'ws': 0.0, 'ws_scalar': 0.0}","{'gas': {'co': 18148, 'co2': 13271, 'no': 18149, 'no2': 18150, 'o3': 18151}, 'pm': {'pm1': 17109, 'pm10': 17111, 'pm25': 17110}}",1.67,4.1,14.44,0.46,0.75,0.67,563228713,79.7,MOD-00623,8.8,2025-12-12T15:14:02,2025-12-12T07:14:02,https://api.quant-aq.com/v1/devices/MOD-00623/data/563228562
271.92,736.9,"{'lat': None, 'lon': None}","{'rh': 79.7, 'temp': 8.8, 'wd': 0.0, 'ws': 0.0, 'ws_scalar': 0.0}","{'gas': {'co': 18148, 'co2': 13271, 'no': 18149, 'no2': 18150, 'o3': 18151}, 'pm': {'pm1': 17109, 'pm10': 17111, 'pm25': 17110}}",1.2,3.51,15.15,0.56,1.13,0.67,563225972,79.7,MOD-00623,8.8,2025-12-12T15:13:02,2025-12-12T07:13:02,https://api.quant-aq.com/v1/devices/MOD-00623/data/563225821
274.73,737.26,"{'lat': None, 'lon': None}","{'rh': 79.8, 'temp': 8.8, 'wd': 0.0, 'ws': 0.0, 'ws_scalar': 0.0}","{'gas': {'co': 18148, 'co2': 13271, 'no': 18149, 'no2': 18150, 'o3': 18151}, 'pm': {'pm1': 17109, 'pm10': 17111, 'pm25': 17110}}",1.35,4.09,14.44,0.61,1.4,0.79,563225973,79.8,MOD-00623,8.8,2025-12-12T15:12:02,2025-12-12T07:12:02,https://api.quant-aq.com/v1/devices/MOD-00623/data/563225822
254.15,735.82,"{'lat': None, 'lon': None}","{'rh': 79.9, 'temp': 8.8, 'wd': 0.0, 'ws': 0.0, 'ws_scalar': 0.0}","{'gas': {'co': 18148, 'co2': 13271, 'no': 18149, 'no2': 18150, 'o3': 18151}, 'pm': {'pm1': 17109, 'pm10': 17111, 'pm25': 17110}}",1.03,4.08,14.43,0.44,1.23,0.57,563225971,79.9,MOD-00623,8.8,2025-12-12T15:11:02,2025-12-12T07:11:02,https://api.quant-aq.com/v1/devices/MOD-00623/data/563225820
321.52,735.94,"{'lat': None, 'lon': None}","{'rh': 79.9, 'temp': 8.9, 'wd': 0.0, 'ws': 0.0, 'ws_scalar': 0.0}","{'gas': {'co': 18148, 'co2': 13271, 'no': 18149, 'no2': 18150, 'o3': 18151}, 'pm': {'pm1': 17109, 'pm10': 17111, 'pm25': 17110}}",0.65,4.09,13.96,0.36,1.45,0.66,563225975,79.9,MOD-00623,8.9,2025-12-12T15:10:02,2025-12-12T07:10:02,https://api.quant-aq.com/v1/devices/MOD-00623/data/563225824
297.11,737.62,"{'lat': None, 'lon': None}","{'rh': 80.2, 'temp': 8.9, 'wd': 0.0, 'ws': 0.0, 'ws_scalar': 0.0}","{'gas': {'co': 18148, 'co2': 13271, 'no': 18149, 'no2': 18150, 'o3': 18151}, 'pm': {'pm1': 17109, 'pm10': 17111, 'pm25': 17110}}",1.9,3.75,14.97,0.44,0.94,0.64,563225974,80.2,MOD-00623,8.9,2025-12-12T15:09:02,2025-12-12T07:09:02,https://api.quant-aq.com/v1/devices/MOD-00623/data/563225823
296.29,738.59,"{'lat': None, 'lon': None}","{'rh': 80.2, 'temp': 8.9, 'wd': 0.0, 'ws': 0.0, 'ws_scalar': 0.0}","{'gas': {'co': 18148, 'co2': 13271, 'no': 18149, 'no2': 18150, 'o3': 18151}, 'pm': {'pm1': 17109, 'pm10': 17111, 'pm25': 17110}}",1.27,4.41,13.36,0.48,0.69,0.67,563223295,80.2,MOD-00623,8.9,2025-12-12T15:08:02,2025-12-12T07:08:02,https://api.quant-aq.com/v1/devices/MOD-00623/data/563223144
300.66,738.1,"{'lat': None, 'lon': None}","{'rh': 80.4, 'temp': 8.9, 'wd': 0.0, 'ws': 0.0, 'ws_scalar': 0.0}","{'gas': {'co': 18148, 'co2': 13271, 'no': 18149, 'no2': 18150, 'o3': 18151}, 'pm': {'pm1': 17109, 'pm10': 17111, 'pm25': 17110}}",1.57,5.59,12.97,0.41,4.78,0.62,563223294,80.4,MOD-00623,8.9,2025-12-12T15:07:02,2025-12-12T07:07:02,https://api.quant-aq.com/v1/devices/MOD-00623/data/563223143
287.13,738.83,"{'lat': None, 'lon': None}","{'rh': 80.4, 'temp': 8.9, 'wd': 0.0, 'ws': 0.0, 'ws_scalar': 0.0}","{'gas': {'co': 18148, 'co2': 13271, 'no': 18149, 'no2': 18150, 'o3': 18151}, 'pm': {'pm1': 17109, 'pm10': 17111, 'pm25': 17110}}",1.42,6.04,13.31,0.44,0.94,0.82,563223296,80.4,MOD-00623,8.9,2025-12-12T15:06:02,2025-12-12T07:06:02,https://api.quant-aq.com/v1/devices/MOD-00623/data/563223145
252.41,737.38,"{'lat': None, 'lon': None}","{'rh': 80.2, 'temp': 8.9, 'wd': 0.0, 'ws': 0.0, 'ws_scalar': 0.0}","{'gas': {'co': 18148, 'co2': 13271, 'no': 18149, 'no2': 18150, 'o3': 18151}, 'pm': {'pm1': 17109, 'pm10': 17111, 'pm25': 17110}}",1.27,4.41,13.81,0.39,1.11,0.63,563223297,80.2,MOD-00623,8.9,2025-12-12T15:05:02,2025-12-12T07:05:02,https://api.quant-aq.com/v1/devices/MOD-00623/data/563223146
273.62,734.25,"{'lat': None, 'lon': None}","{'rh': 80.2, 'temp': 8.8, 'wd': 0.0, 'ws': 0.0, 'ws_scalar': 0.0}","{'gas': {'co': 18148, 'co2': 13271, 'no': 18149, 'no2': 18150, 'o3': 18151}, 'pm': {'pm1': 17109, 'pm10': 17111, 'pm25': 17110}}",1.02,4.05,13.49,0.43,1.38,0.68,563223293,80.2,MOD-00623,8.8,2025-12-12T15:04:02,2025-12-12T07:04:02,https://api.quant-aq.com/v1/devices/MOD-00623/data/563223142
261.09,735.82,"{'lat': None, 'lon': None}","{'rh': 80.1, 'temp': 8.9, 'wd': 0.0, 'ws': 0.0, 'ws_scalar': 0.0}","{'gas': {'co': 18148, 'co2': 13271, 'no': 18149, 'no2': 18150, 'o3': 18151}, 'pm': {'pm1': 17109, 'pm10': 17111, 'pm25': 17110}}",1.27,4.07,15.77,0.47,1.44,0.57,563220658,80.1,MOD-00623,8.9,2025-12-12T15:03:02,2025-12-12T07:03:02,https://api.quant-aq.com/v1/devices/MOD-00623/data/563220507
271.82,738.83,"{'lat': None, 'lon': None}","{'rh': 80.0, 'temp': 8.9, 'wd': 0.0, 'ws': 0.0, 'ws_scalar': 0.0}","{'gas': {'co': 18148, 'co2': 13271, 'no': 18149, 'no2': 18150, 'o3': 18151}, 'pm': {'pm1': 17109, 'pm10': 17111, 'pm25': 17110}}",1.28,4.8,14.16,0.48,3.46,0.68,563220657,80.0,MOD-00623,8.9,2025-12-12T15:02:02,2025-12-12T07:02:02,https://api.quant-aq.com/v1/devices/MOD-00623/data/563220506
269.02,736.3,"{'lat': None, 'lon': None}","{'rh': 79.9, 'temp': 8.9, 'wd': 0.0, 'ws': 0.0, 'ws_scalar': 0.0}","{'gas': {'co': 18148, 'co2': 13271, 'no': 18149, 'no2': 18150, 'o3': 18151}, 'pm': {'pm1': 17109, 'pm10': 17111, 'pm25': 17110}}",1.44,5.2,13.59,0.46,1.85,0.54,563220656,79.9,MOD-00623,8.9,2025-12-12T15:01:02,2025-12-12T07:01:02,https://api.quant-aq.com/v1/devices/MOD-00623/data/563220505
285.84,731.96,"{'lat': None, 'lon': None}","{'rh': 79.9, 'temp': 8.9, 'wd': 0.0, 'ws': 0.0, 'ws_scalar': 0.0}","{'gas': {'co': 18148, 'co2': 13271, 'no': 18149, 'no2': 18150, 'o3': 18151}, 'pm': {'pm1': 17109, 'pm10': 17111, 'pm25': 17110}}",1.44,4.09,14.42,0.35,0.92,0.57,563220655,79.9,MOD-00623,8.9,2025-12-12T15:00:02,2025-12-12T07:00:02,https://api.quant-aq.com/v1/devices/MOD-00623/data/563220504
295.61,736.66,"{'lat': None, 'lon': None}","{'rh': 80.0, 'temp': 8.9, 'wd': 0.0, 'ws': 0.0, 'ws_scalar': 0.0}","{'gas': {'co': 18148, 'co2': 13271, 'no': 18149, 'no2': 18150, 'o3': 18151}, 'pm': {'pm1': 17109, 'pm10': 17111, 'pm25': 17110}}",0.96,3.77,15.44,0.42,1.71,0.69,563220654,80.0,MOD-00623,8.9,2025-12-12T14:59:02,2025-12-12T06:59:02,https://api.quant-aq.com/v1/devices/MOD-00623/data/563220503
256.24,737.02,"{'lat': None, 'lon': None}","{'rh': 80.0, 'temp': 8.9, 'wd': 0.0, 'ws': 0.0, 'ws_scalar': 0.0}","{'gas': {'co': 18148, 'co2': 13271, 'no': 18149, 'no2': 18150, 'o3': 18151}, 'pm': {'pm1': 17109, 'pm10': 17111, 'pm25': 17110}}",0.8,4.08,14.86,0.33,1.34,0.61,563217984,80.0,MOD-00623,8.9,2025-12-12T14:58:02,2025-12-12T06:58:02,https://api.quant-aq.com/v1/devices/MOD-00623/data/563217833
261.16,734.13,"{'lat': None, 'lon': None}","{'rh': 80.0, 'temp': 8.9, 'wd': 0.0, 'ws': 0.0, 'ws_scalar': 0.0}","{'gas': {'co': 18148, 'co2': 13271, 'no': 18149, 'no2': 18150, 'o3': 18151}, 'pm': {'pm1': 17109, 'pm10': 17111, 'pm25': 17110}}",2.06,5.62,14.37,0.49,0.73,0.71,563217987,80.0,MOD-00623,8.9,2025-12-12T14:57:02,2025-12-12T06:57:02,https://api.quant-aq.com/v1/devices/MOD-00623/data/563217835
271.34,736.3,"{'lat': None, 'lon': None}","{'rh': 80.1, 'temp': 8.9, 'wd': 0.0, 'ws': 0.0, 'ws_scalar': 0.0}","{'gas': {'co': 18148, 'co2': 13271, 'no': 18149, 'no2': 18150, 'o3': 18151}, 'pm': {'pm1': 17109, 'pm10': 17111, 'pm25': 17110}}",1.74,6.07,12.42,0.38,0.81,0.57,563217983,80.1,MOD-00623,8.9,2025-12-12T14:56:02,2025-12-12T06:56:02,https://api.quant-aq.com/v1/devices/MOD-00623/data/563217832
286.52,735.7,"{'lat': None, 'lon': None}","{'rh': 80.1, 'temp': 8.9, 'wd': 0.0, 'ws': 0.0, 'ws_scalar': 0.0}","{'gas': {'co': 18148, 'co2': 13271, 'no': 18149, 'no2': 18150, 'o3': 18151}, 'pm': {'pm1': 17109, 'pm10': 17111, 'pm25': 17110}}",1.43,6.07,12.87,0.4,1.37,0.51,563217985,80.1,MOD-00623,8.9,2025-12-12T14:55:02,2025-12-12T06:55:02,https://api.quant-aq.com/v1/devices/MOD-00623/data/563217834
274.92,740.87,"{'lat': None, 'lon': None}","{'rh': 80.1, 'temp': 8.8, 'wd': 0.0, 'ws': 0.0, 'ws_scalar': 0.0}","{'gas': {'co': 18148, 'co2': 13271, 'no': 18149, 'no2': 18150, 'o3': 18151}, 'pm': {'pm1': 17109, 'pm10': 17111, 'pm25': 17110}}",3.06,7.04,12.18,0.49,1.32,0.67,563217986,80.1,MOD-00623,8.8,2025-12-12T14:54:02,2025-12-12T06:54:02,https://api.quant-aq.com/v1/devices/MOD-00623/data/563217836
286.82,736.06,"{'lat': None, 'lon': None}","{'rh': 80.1, 'temp': 8.8, 'wd': 0.0, 'ws': 0.0, 'ws_scalar': 0.0}","{'gas': {'co': 18148, 'co2': 13271, 'no': 18149, 'no2': 18150, 'o3': 18151}, 'pm': {'pm1': 17109, 'pm10': 17111, 'pm25': 17110}}",3.06,8.15,11.48,0.57,1.08,0.81,563215244,80.1,MOD-00623,8.8,2025-12-12T14:53:02,2025-12-12T06:53:02,https://api.quant-aq.com/v1/devices/MOD-00623/data/563215093
276.64,734.01,"{'lat': None, 'lon': None}","{'rh': 80.0, 'temp': 8.8, 'wd': 0.0, 'ws': 0.0, 'ws_scalar': 0.0}","{'gas': {'co': 18148, 'co2': 13271, 'no': 18149, 'no2': 18150, 'o3': 18151}, 'pm': {'pm1': 17109, 'pm10': 17111, 'pm25': 17110}}",1.03,3.76,15.46,0.41,9.51,0.48,563215240,80.0,MOD-00623,8.8,2025-12-12T14:52:02,2025-12-12T06:52:02,https://api.quant-aq.com/v1/devices/MOD-00623/data/563215090
267.27,736.3,"{'lat': None, 'lon': None}","{'rh': 79.9, 'temp': 8.8, 'wd': 0.0, 'ws': 0.0, 'ws_scalar': 0.0}","{'gas': {'co': 18148, 'co2': 13271, 'no': 18149, 'no2': 18150, 'o3': 18151}, 'pm': {'pm1': 17109, 'pm10': 17111, 'pm25': 17110}}",0.87,4.42,16.13,0.31,0.65,0.41,563215243,79.9,MOD-00623,8.8,2025-12-12T14:51:02,2025-12-12T06:51:02,https://api.quant-aq.com/v1/devices/MOD-00623/data/563215092
272.46,742.2,"{'lat': None, 'lon': None}","{'rh': 80.1, 'temp': 8.8, 'wd': 0.0, 'ws': 0.0, 'ws_scalar': 0.0}","{'gas': {'co': 18148, 'co2': 13271, 'no': 18149, 'no2': 18150, 'o3': 18151}, 'pm': {'pm1': 17109, 'pm10': 17111, 'pm25': 17110}}",1.02,4.06,15.78,0.35,2.18,0.47,563215242,80.1,MOD-00623,8.8,2025-12-12T14:50:02,2025-12-12T06:50:02,https://api.quant-aq.com/v1/devices/MOD-00623/data/563215091
271.23,734.97,"{'lat': None, 'lon': None}","{'rh': 80.1, 'temp': 8.8, 'wd': 0.0, 'ws': 0.0, 'ws_scalar': 0.0}","{'gas': {'co': 18148, 'co2': 13271, 'no': 18149, 'no2': 18150, 'o3': 18151}, 'pm': {'pm1': 17109, 'pm10': 17111, 'pm25': 17110}}",1.18,4.06,15.32,0.35,0.69,0.62,563215241,80.1,MOD-00623,8.8,2025-12-12T14:49:02,2025-12-12T06:49:02,https://api.quant-aq.com/v1/devices/MOD-00623/data/563215089
271.09,738.22,"{'lat': None, 'lon': None}","{'rh': 80.3, 'temp': 8.8, 'wd': 0.0, 'ws': 0.0, 'ws_scalar': 0.0}","{'gas': {'co': 18148, 'co2': 13271, 'no': 18149, 'no2': 18150, 'o3': 18151}, 'pm': {'pm1': 17109, 'pm10': 17111, 'pm25': 17110}}",1.01,4.76,15.06,0.34,2.41,0.56,563212504,80.3,MOD-00623,8.8,2025-12-12T14:48:02,2025-12-12T06:48:02,https://api.quant-aq.com/v1/devices/MOD-00623/data/563212353
271.16,733.77,"{'lat': None, 'lon': None}","{'rh': 80.2, 'temp': 8.8, 'wd': 0.0, 'ws': 0.0, 'ws_scalar': 0.0}","{'gas': {'co': 18148, 'co2': 13271, 'no': 18149, 'no2': 18150, 'o3': 18151}, 'pm': {'pm1': 17109, 'pm10': 17111, 'pm25': 17110}}",1.02,4.05,15.32,0.59,2.63,0.72,563212505,80.2,MOD-00623,8.8,2025-12-12T14:47:02,2025-12-12T06:47:02,https://api.quant-aq.com/v1/devices/MOD-00623/data/563212354
248.54,733.53,"{'lat': None, 'lon': None}","{'rh': 80.3, 'temp': 8.8, 'wd': 0.0, 'ws': 0.0, 'ws_scalar': 0.0}","{'gas': {'co': 18148, 'co2': 13271, 'no': 18149, 'no2': 18150, 'o3': 18151}, 'pm': {'pm1': 17109, 'pm10': 17111, 'pm25': 17110}}",0.54,4.04,17.13,0.35,0.76,0.52,563212508,80.3,MOD-00623,8.8,2025-12-12T14:46:02,2025-12-12T06:46:02,https://api.quant-aq.com/v1/devices/MOD-00623/data/563212357
254.28,733.65,"{'lat': None, 'lon': None}","{'rh': 80.3, 'temp': 8.8, 'wd': 0.0, 'ws': 0.0, 'ws_scalar': 0.0}","{'gas': {'co': 18148, 'co2': 13271, 'no': 18149, 'no2': 18150, 'o3': 18151}, 'pm': {'pm1': 17109, 'pm10': 17111, 'pm25': 17110}}",0.7,4.04,15.77,0.2,0.53,0.48,563212506,80.3,MOD-00623,8.8,2025-12-12T14:45:02,2025-12-12T06:45:02,https://api.quant-aq.com/v1/devices/MOD-00623/data/563212355
261.39,732.2,"{'lat': None, 'lon': None}","{'rh': 80.1, 'temp': 8.8, 'wd': 0.0, 'ws': 0.0, 'ws_scalar': 0.0}","{'gas': {'co': 18148, 'co2': 13271, 'no': 18149, 'no2': 18150, 'o3': 18151}, 'pm': {'pm1': 17109, 'pm10': 17111, 'pm25': 17110}}",1.34,4.41,14.75,0.39,0.97,0.67,563212507,80.1,MOD-00623,8.8,2025-12-12T14:44:02,2025-12-12T06:44:02,https://api.quant-aq.com/v1/devices/MOD-00623/data/563212356
266.65,738.22,"{'lat': None, 'lon': None}","{'rh': 80.2, 'temp': 8.8, 'wd': 0.0, 'ws': 0.0, 'ws_scalar': 0.0}","{'gas': {'co': 18148, 'co2': 13271, 'no': 18149, 'no2': 18150, 'o3': 18151}, 'pm': {'pm1': 17109, 'pm10': 17111, 'pm25': 17110}}",0.86,5.59,13.91,0.27,0.82,0.55,563209758,80.2,MOD-00623,8.8,2025-12-12T14:43:02,2025-12-12T06:43:02,https://api.quant-aq.com/v1/devices/MOD-00623/data/563209607
251.14,735.82,"{'lat': None, 'lon': None}","{'rh': 80.1, 'temp': 8.8, 'wd': 0.0, 'ws': 0.0, 'ws_scalar': 0.0}","{'gas': {'co': 18148, 'co2': 13271, 'no': 18149, 'no2': 18150, 'o3': 18151}, 'pm': {'pm1': 17109, 'pm10': 17111, 'pm25': 17110}}",1.18,4.41,14.29,0.33,7.96,0.71,563209759,80.1,MOD-00623,8.8,2025-12-12T14:42:02,2025-12-12T06:42:02,https://api.quant-aq.com/v1/devices/MOD-00623/data/563209608
244.58,731.24,"{'lat': None, 'lon': None}","{'rh': 80.1, 'temp': 8.8, 'wd': 0.0, 'ws': 0.0, 'ws_scalar': 0.0}","{'gas': {'co': 18148, 'co2': 13271, 'no': 18149, 'no2': 18150, 'o3': 18151}, 'pm': {'pm1': 17109, 'pm10': 17111, 'pm25': 17110}}",1.49,4.77,15.53,0.36,1.12,0.48,563209756,80.1,MOD-00623,8.8,2025-12-12T14:41:02,2025-12-12T06:41:02,https://api.quant-aq.com/v1/devices/MOD-00623/data/563209605
243.08,731.6,"{'lat': None, 'lon': None}","{'rh': 79.9, 'temp': 8.8, 'wd': 0.0, 'ws': 0.0, 'ws_scalar': 0.0}","{'gas': {'co': 18148, 'co2': 13271, 'no': 18149, 'no2': 18150, 'o3': 18151}, 'pm': {'pm1': 17109, 'pm10': 17111, 'pm25': 17110}}",1.03,3.77,16.38,0.39,1.33,0.53,563209757,79.9,MOD-00623,8.8,2025-12-12T14:40:02,2025-12-12T06:40:02,https://api.quant-aq.com/v1/devices/MOD-00623/data/563209606
280.2,727.02,"{'lat': None, 'lon': None}","{'rh': 79.6, 'temp': 8.8, 'wd': 0.0, 'ws': 0.0, 'ws_scalar': 0.0}","{'gas': {'co': 18148, 'co2': 13271, 'no': 18149, 'no2': 18150, 'o3': 18151}, 'pm': {'pm1': 17109, 'pm10': 17111, 'pm25': 17110}}",1.99,3.8,16.85,0.63,1.78,0.88,563209755,79.6,MOD-00623,8.8,2025-12-12T14:39:02,2025-12-12T06:39:02,https://api.quant-aq.com/v1/devices/MOD-00623/data/563209604
245.27,732.08,"{'lat': None, 'lon': None}","{'rh': 79.7, 'temp': 8.8, 'wd': 0.0, 'ws': 0.0, 'ws_scalar': 0.0}","{'gas': {'co': 18148, 'co2': 13271, 'no': 18149, 'no2': 18150, 'o3': 18151}, 'pm': {'pm1': 17109, 'pm10': 17111, 'pm25': 17110}}",0.73,3.24,17.09,0.39,1.38,0.64,563206846,79.7,MOD-00623,8.8,2025-12-12T14:38:02,2025-12-12T06:38:02,https://api.quant-aq.com/v1/devices/MOD-00623/data/563206695
259.48,732.93,"{'lat': None, 'lon': None}","{'rh': 79.9, 'temp': 8.8, 'wd': 0.0, 'ws': 0.0, 'ws_scalar': 0.0}","{'gas': {'co': 18148, 'co2': 13271, 'no': 18149, 'no2': 18150, 'o3': 18151}, 'pm': {'pm1': 17109, 'pm10': 17111, 'pm25': 17110}}",0.72,3.48,17.41,0.34,0.48,0.48,563206845,79.9,MOD-00623,8.8,2025-12-12T14:37:02,2025-12-12T06:37:02,https://api.quant-aq.com/v1/devices/MOD-00623/data/563206694
252.17,732.2,"{'lat': None, 'lon': None}","{'rh': 79.8, 'temp': 8.8, 'wd': 0.0, 'ws': 0.0, 'ws_scalar': 0.0}","{'gas': {'co': 18148, 'co2': 13271, 'no': 18149, 'no2': 18150, 'o3': 18151}, 'pm': {'pm1': 17109, 'pm10': 17111, 'pm25': 17110}}",1.19,3.23,15.72,0.6,1.43,0.75,563206848,79.8,MOD-00623,8.8,2025-12-12T14:36:02,2025-12-12T06:36:02,https://api.quant-aq.com/v1/devices/MOD-00623/data/563206697
250.19,731.96,"{'lat': None, 'lon': None}","{'rh': 79.7, 'temp': 8.8, 'wd': 0.0, 'ws': 0.0, 'ws_scalar': 0.0}","{'gas': {'co': 18148, 'co2': 13271, 'no': 18149, 'no2': 18150, 'o3': 18151}, 'pm': {'pm1': 17109, 'pm10': 17111, 'pm25': 17110}}",0.88,3.79,15.48,0.29,3.44,0.64,563206847,79.7,MOD-00623,8.8,2025-12-12T14:35:02,2025-12-12T06:35:02,https://api.quant-aq.com/v1/devices/MOD-00623/data/563206696
249.3,730.52,"{'lat': None, 'lon': None}","{'rh': 79.8, 'temp': 8.8, 'wd': 0.0, 'ws': 0.0, 'ws_scalar': 0.0}","{'gas': {'co': 18148, 'co2': 13271, 'no': 18149, 'no2': 18150, 'o3': 18151}, 'pm': {'pm1': 17109, 'pm10': 17111, 'pm25': 17110}}",1.19,4.8,15.56,0.26,1.21,0.5,563206849,79.8,MOD-00623,8.8,2025-12-12T14:34:02,2025-12-12T06:34:02,https://api.quant-aq.com/v1/devices/MOD-00623/data/563206698
253.06,732.56,"{'lat': None, 'lon': None}","{'rh': 79.7, 'temp': 8.8, 'wd': 0.0, 'ws': 0.0, 'ws_scalar': 0.0}","{'gas': {'co': 18148, 'co2': 13271, 'no': 18149, 'no2': 18150, 'o3': 18151}, 'pm': {'pm1': 17109, 'pm10': 17111, 'pm25': 17110}}",1.2,3.01,17.67,0.32,3.38,0.65,563204187,79.7,MOD-00623,8.8,2025-12-12T14:33:02,2025-12-12T06:33:02,https://api.quant-aq.com/v1/devices/MOD-00623/data/563204037
271.03,730.88,"{'lat': None, 'lon': None}","{'rh': 79.8, 'temp': 8.8, 'wd': 0.0, 'ws': 0.0, 'ws_scalar': 0.0}","{'gas': {'co': 18148, 'co2': 13271, 'no': 18149, 'no2': 18150, 'o3': 18151}, 'pm': {'pm1': 17109, 'pm10': 17111, 'pm25': 17110}}",1.04,4.09,16.26,0.31,0.78,0.47,563204188,79.8,MOD-00623,8.8,2025-12-12T14:32:02,2025-12-12T06:32:02,https://api.quant-aq.com/v1/devices/MOD-00623/data/563204038
247.87,730.28,"{'lat': None, 'lon': None}","{'rh': 79.5, 'temp': 8.8, 'wd': 0.0, 'ws': 0.0, 'ws_scalar': 0.0}","{'gas': {'co': 18148, 'co2': 13271, 'no': 18149, 'no2': 18150, 'o3': 18151}, 'pm': {'pm1': 17109, 'pm10': 17111, 'pm25': 17110}}",0.73,3.53,17.44,0.3,1.35,0.41,563204190,79.5,MOD-00623,8.8,2025-12-12T14:31:02,2025-12-12T06:31:02,https://api.quant-aq.com/v1/devices/MOD-00623/data/563204036
267.25,731.48,"{'lat': None, 'lon': None}","{'rh': 79.5, 'temp': 8.9, 'wd': 0.0, 'ws': 0.0, 'ws_scalar': 0.0}","{'gas': {'co': 18148, 'co2': 13271, 'no': 18149, 'no2': 18150, 'o3': 18151}, 'pm': {'pm1': 17109, 'pm10': 17111, 'pm25': 17110}}",0.98,3.53,16.97,0.42,3.58,0.61,563204189,79.5,MOD-00623,8.9,2025-12-12T14:30:02,2025-12-12T06:30:02,https://api.quant-aq.com/v1/devices/MOD-00623/data/563204039
269.38,728.47,"{'lat': None, 'lon': None}","{'rh': 79.4, 'temp': 8.9, 'wd': 0.0, 'ws': 0.0, 'ws_scalar': 0.0}","{'gas': {'co': 18148, 'co2': 13271, 'no': 18149, 'no2': 18150, 'o3': 18151}, 'pm': {'pm1': 17109, 'pm10': 17111, 'pm25': 17110}}",1.3,3.28,17.56,0.38,3.84,0.71,563204186,79.4,MOD-00623,8.9,2025-12-12T14:29:02,2025-12-12T06:29:02,https://api.quant-aq.com/v1/devices/MOD-00623/data/563204035
275.46,734.97,"{'lat': None, 'lon': None}","{'rh': 79.5, 'temp': 8.9, 'wd': 0.0, 'ws': 0.0, 'ws_scalar': 0.0}","{'gas': {'co': 18148, 'co2': 13271, 'no': 18149, 'no2': 18150, 'o3': 18151}, 'pm': {'pm1': 17109, 'pm10': 17111, 'pm25': 17110}}",0.67,4.13,17.18,0.41,1.61,0.87,563201404,79.5,MOD-00623,8.9,2025-12-12T14:28:02,2025-12-12T06:28:02,https://api.quant-aq.com/v1/devices/MOD-00623/data/563201253
262.06,728.71,"{'lat': None, 'lon': None}","{'rh': 79.3, 'temp': 8.9, 'wd': 0.0, 'ws': 0.0, 'ws_scalar': 0.0}","{'gas': {'co': 18148, 'co2': 13271, 'no': 18149, 'no2': 18150, 'o3': 18151}, 'pm': {'pm1': 17109, 'pm10': 17111, 'pm25': 17110}}",0.83,3.3,18.02,0.42,0.55,0.55,563201403,79.3,MOD-00623,8.9,2025-12-12T14:27:02,2025-12-12T06:27:02,https://api.quant-aq.com/v1/devices/MOD-00623/data/563201252
256.8,732.08,"{'lat': None, 'lon': None}","{'rh': 79.2, 'temp': 8.9, 'wd': 0.0, 'ws': 0.0, 'ws_scalar': 0.0}","{'gas': {'co': 18148, 'co2': 13271, 'no': 18149, 'no2': 18150, 'o3': 18151}, 'pm': {'pm1': 17109, 'pm10': 17111, 'pm25': 17110}}",0.68,4.17,17.66,0.4,8.05,0.7,563201402,79.2,MOD-00623,8.9,2025-12-12T14:26:02,2025-12-12T06:26:02,https://api.quant-aq.com/v1/devices/MOD-00623/data/563201251
261.31,730.28,"{'lat': None, 'lon': None}","{'rh': 79.2, 'temp': 8.9, 'wd': 0.0, 'ws': 0.0, 'ws_scalar': 0.0}","{'gas': {'co': 18148, 'co2': 13271, 'no': 18149, 'no2': 18150, 'o3': 18151}, 'pm': {'pm1': 17109, 'pm10': 17111, 'pm25': 17110}}",1.78,3.85,17.33,0.44,1.35,0.76,563201400,79.2,MOD-00623,8.9,2025-12-12T14:25:02,2025-12-12T06:25:02,https://api.quant-aq.com/v1/devices/MOD-00623/data/563201249
249.9,727.87,"{'lat': None, 'lon': None}","{'rh': 79.1, 'temp': 8.9, 'wd': 0.0, 'ws': 0.0, 'ws_scalar': 0.0}","{'gas': {'co': 18148, 'co2': 13271, 'no': 18149, 'no2': 18150, 'o3': 18151}, 'pm': {'pm1': 17109, 'pm10': 17111, 'pm25': 17110}}",1.0,3.86,17.79,0.41,0.97,0.65,563201401,79.1,MOD-00623,8.9,2025-12-12T14:24:02,2025-12-12T06:24:02,https://api.quant-aq.com/v1/devices/MOD-00623/data/563201250
236.71,726.06,"{'lat': None, 'lon': None}","{'rh': 79.2, 'temp': 8.9, 'wd': 0.0, 'ws': 0.0, 'ws_scalar': 0.0}","{'gas': {'co': 18148, 'co2': 13271, 'no': 18149, 'no2': 18150, 'o3': 18151}, 'pm': {'pm1': 17109, 'pm10': 17111, 'pm25': 17110}}",0.99,2.85,19.19,0.48,14.24,0.81,563198840,79.2,MOD-00623,8.9,2025-12-12T14:23:02,2025-12-12T06:23:02,https://api.quant-aq.com/v1/devices/MOD-00623/data/563198689
263.92,729.07,"{'lat': None, 'lon': None}","{'rh': 79.0, 'temp': 8.9, 'wd': 0.0, 'ws': 0.0, 'ws_scalar': 0.0}","{'gas': {'co': 18148, 'co2': 13271, 'no': 18149, 'no2': 18150, 'o3': 18151}, 'pm': {'pm1': 17109, 'pm10': 17111, 'pm25': 17110}}",0.85,3.33,19.87,0.57,2.74,0.76,563198843,79.0,MOD-00623,8.9,2025-12-12T14:22:02,2025-12-12T06:22:02,https://api.quant-aq.com/v1/devices/MOD-00623/data/563198692
245.94,727.75,"{'lat': None, 'lon': None}","{'rh': 78.9, 'temp': 8.9, 'wd': 0.0, 'ws': 0.0, 'ws_scalar': 0.0}","{'gas': {'co': 18148, 'co2': 13271, 'no': 18149, 'no2': 18150, 'o3': 18151}, 'pm': {'pm1': 17109, 'pm10': 17111, 'pm25': 17110}}",1.48,3.34,18.96,0.47,1.63,0.86,563198842,78.9,MOD-00623,8.9,2025-12-12T14:21:02,2025-12-12T06:21:02,https://api.quant-aq.com/v1/devices/MOD-00623/data/563198691
250.56,729.55,"{'lat': None, 'lon': None}","{'rh': 78.9, 'temp': 9.0, 'wd': 0.0, 'ws': 0.0, 'ws_scalar': 0.0}","{'gas': {'co': 18148, 'co2': 13271, 'no': 18149, 'no2': 18150, 'o3': 18151}, 'pm': {'pm1': 17109, 'pm10': 17111, 'pm25': 17110}}",0.78,3.35,18.5,0.48,1.66,0.58,563198844,78.9,MOD-00623,9.0,2025-12-12T14:20:02,2025-12-12T06:20:02,https://api.quant-aq.com/v1/devices/MOD-00623/data/563198693
258.01,730.28,"{'lat': None, 'lon': None}","{'rh': 78.8, 'temp': 9.0, 'wd': 0.0, 'ws': 0.0, 'ws_scalar': 0.0}","{'gas': {'co': 18148, 'co2': 13271, 'no': 18149, 'no2': 18150, 'o3': 18151}, 'pm': {'pm1': 17109, 'pm10': 17111, 'pm25': 17110}}",1.1,3.62,17.47,0.46,0.97,0.82,563198841,78.8,MOD-00623,9.0,2025-12-12T14:19:02,2025-12-12T06:19:02,https://api.quant-aq.com/v1/devices/MOD-00623/data/563198690
245.44,727.14,"{'lat': None, 'lon': None}","{'rh': 78.6, 'temp': 9.0, 'wd': 0.0, 'ws': 0.0, 'ws_scalar': 0.0}","{'gas': {'co': 18148, 'co2': 13271, 'no': 18149, 'no2': 18150, 'o3': 18151}, 'pm': {'pm1': 17109, 'pm10': 17111, 'pm25': 17110}}",0.8,3.14,19.1,0.87,2.21,1.09,563196179,78.6,MOD-00623,9.0,2025-12-12T14:18:02,2025-12-12T06:18:02,https://api.quant-aq.com/v1/devices/MOD-00623/data/563196031
274.08,728.95,"{'lat': None, 'lon': None}","{'rh': 78.7, 'temp': 9.0, 'wd': 0.0, 'ws': 0.0, 'ws_scalar': 0.0}","{'gas': {'co': 18148, 'co2': 13271, 'no': 18149, 'no2': 18150, 'o3': 18151}, 'pm': {'pm1': 17109, 'pm10': 17111, 'pm25': 17110}}",1.42,2.91,19.67,0.65,0.88,0.86,563196178,78.7,MOD-00623,9.0,2025-12-12T14:17:02,2025-12-12T06:17:02,https://api.quant-aq.com/v1/devices/MOD-00623/data/563196027
265.88,731.0,"{'lat': None, 'lon': None}","{'rh': 78.7, 'temp': 9.0, 'wd': 0.0, 'ws': 0.0, 'ws_scalar': 0.0}","{'gas': {'co': 18148, 'co2': 13271, 'no': 18149, 'no2': 18150, 'o3': 18151}, 'pm': {'pm1': 17109, 'pm10': 17111, 'pm25': 17110}}",0.95,3.63,17.02,0.44,0.85,0.74,563196182,78.7,MOD-00623,9.0,2025-12-12T14:16:02,2025-12-12T06:16:02,https://api.quant-aq.com/v1/devices/MOD-00623/data/563196029
272.78,731.0,"{'lat': None, 'lon': None}","{'rh': 78.8, 'temp': 9.0, 'wd': 0.0, 'ws': 0.0, 'ws_scalar': 0.0}","{'gas': {'co': 18148, 'co2': 13271, 'no': 18149, 'no2': 18150, 'o3': 18151}, 'pm': {'pm1': 17109, 'pm10': 17111, 'pm25': 17110}}",1.26,3.12,18.17,0.42,2.07,0.65,563196184,78.8,MOD-00623,9.0,2025-12-12T14:15:02,2025-12-12T06:15:02,https://api.quant-aq.com/v1/devices/MOD-00623/data/563196034
303.33,736.3,"{'lat': None, 'lon': None}","{'rh': 79.1, 'temp': 9.0, 'wd': 0.0, 'ws': 0.0, 'ws_scalar': 0.0}","{'gas': {'co': 18148, 'co2': 13271, 'no': 18149, 'no2': 18150, 'o3': 18151}, 'pm': {'pm1': 17109, 'pm10': 17111, 'pm25': 17110}}",1.09,3.87,16.41,0.62,1.05,0.95,563196180,79.1,MOD-00623,9.0,2025-12-12T14:14:02,2025-12-12T06:14:02,https://api.quant-aq.com/v1/devices/MOD-00623/data/563196030
283.3,732.2,"{'lat': None, 'lon': None}","{'rh': 79.0, 'temp': 9.0, 'wd': 0.0, 'ws': 0.0, 'ws_scalar': 0.0}","{'gas': {'co': 18148, 'co2': 13271, 'no': 18149, 'no2': 18150, 'o3': 18151}, 'pm': {'pm1': 17109, 'pm10': 17111, 'pm25': 17110}}",0.94,4.54,16.63,0.32,1.14,0.47,563193524,79.0,MOD-00623,9.0,2025-12-12T14:13:02,2025-12-12T06:13:02,https://api.quant-aq.com/v1/devices/MOD-00623/data/563193373
310.03,728.83,"{'lat': None, 'lon': None}","{'rh': 78.9, 'temp': 9.0, 'wd': 0.0, 'ws': 0.0, 'ws_scalar': 0.0}","{'gas': {'co': 18148, 'co2': 13271, 'no': 18149, 'no2': 18150, 'o3': 18151}, 'pm': {'pm1': 17109, 'pm10': 17111, 'pm25': 17110}}",1.1,4.55,16.64,0.3,4.52,0.57,563193522,78.9,MOD-00623,9.0,2025-12-12T14:12:02,2025-12-12T06:12:02,https://api.quant-aq.com/v1/devices/MOD-00623/data/563193371
300.19,731.6,"{'lat': None, 'lon': None}","{'rh': 78.9, 'temp': 9.0, 'wd': 0.0, 'ws': 0.0, 'ws_scalar': 0.0}","{'gas': {'co': 18148, 'co2': 13271, 'no': 18149, 'no2': 18150, 'o3': 18151}, 'pm': {'pm1': 17109, 'pm10': 17111, 'pm25': 17110}}",1.25,3.61,17.01,0.31,4.01,0.5,563193523,78.9,MOD-00623,9.0,2025-12-12T14:11:02,2025-12-12T06:11:02,https://api.quant-aq.com/v1/devices/MOD-00623/data/563193372
313.51,733.65,"{'lat': None, 'lon': None}","{'rh': 79.2, 'temp': 9.0, 'wd': 0.0, 'ws': 0.0, 'ws_scalar': 0.0}","{'gas': {'co': 18148, 'co2': 13271, 'no': 18149, 'no2': 18150, 'o3': 18151}, 'pm': {'pm1': 17109, 'pm10': 17111, 'pm25': 17110}}",1.24,3.58,16.07,0.49,1.55,0.63,563193521,79.2,MOD-00623,9.0,2025-12-12T14:10:02,2025-12-12T06:10:02,https://api.quant-aq.com/v1/devices/MOD-00623/data/563193370
331.0,734.13,"{'lat': None, 'lon': None}","{'rh': 79.4, 'temp': 9.0, 'wd': 0.0, 'ws': 0.0, 'ws_scalar': 0.0}","{'gas': {'co': 18148, 'co2': 13271, 'no': 18149, 'no2': 18150, 'o3': 18151}, 'pm': {'pm1': 17109, 'pm10': 17111, 'pm25': 17110}}",0.76,4.16,14.9,0.59,1.48,0.8,563191381,79.4,MOD-00623,9.0,2025-12-12T14:09:02,2025-12-12T06:09:02,https://api.quant-aq.com/v1/devices/MOD-00623/data/563191231
351.78,732.44,"{'lat': None, 'lon': None}","{'rh': 79.6, 'temp': 9.0, 'wd': 0.0, 'ws': 0.0, 'ws_scalar': 0.0}","{'gas': {'co': 18148, 'co2': 13271, 'no': 18149, 'no2': 18150, 'o3': 18151}, 'pm': {'pm1': 17109, 'pm10': 17111, 'pm25': 17110}}",0.75,4.14,16.25,0.73,1.26,0.95,563191380,79.6,MOD-00623,9.0,2025-12-12T14:08:02,2025-12-12T06:08:02,https://api.quant-aq.com/v1/devices/MOD-00623/data/563191229
372.69,733.29,"{'lat': None, 'lon': None}","{'rh': 79.6, 'temp': 9.0, 'wd': 0.0, 'ws': 0.0, 'ws_scalar': 0.0}","{'gas': {'co': 18148, 'co2': 13271, 'no': 18149, 'no2': 18150, 'o3': 18151}, 'pm': {'pm1': 17109, 'pm10': 17111, 'pm25': 17110}}",1.7,4.14,15.34,0.77,1.25,0.98,563191383,79.6,MOD-00623,9.0,2025-12-12T14:07:02,2025-12-12T06:07:02,https://api.quant-aq.com/v1/devices/MOD-00623/data/563191232
421.7,736.18,"{'lat': None, 'lon': None}","{'rh': 79.9, 'temp': 9.0, 'wd': 0.0, 'ws': 0.0, 'ws_scalar': 0.0}","{'gas': {'co': 18148, 'co2': 13271, 'no': 18149, 'no2': 18150, 'o3': 18151}, 'pm': {'pm1': 17109, 'pm10': 17111, 'pm25': 17110}}",1.06,5.65,13.45,0.57,2.03,1.01,563191382,79.9,MOD-00623,9.0,2025-12-12T14:06:02,2025-12-12T06:06:02,https://api.quant-aq.com/v1/devices/MOD-00623/data/563191230
460.87,736.54,"{'lat': None, 'lon': None}","{'rh': 79.6, 'temp': 9.0, 'wd': 0.0, 'ws': 0.0, 'ws_scalar': 0.0}","{'gas': {'co': 18148, 'co2': 13271, 'no': 18149, 'no2': 18150, 'o3': 18151}, 'pm': {'pm1': 17109, 'pm10': 17111, 'pm25': 17110}}",0.75,4.85,13.72,0.46,0.73,0.65,563191379,79.6,MOD-00623,9.0,2025-12-12T14:05:02,2025-12-12T06:05:02,https://api.quant-aq.com/v1/devices/MOD-00623/data/563191228
511.72,735.09,"{'lat': None, 'lon': None}","{'rh': 79.6, 'temp': 9.0, 'wd': 0.0, 'ws': 0.0, 'ws_scalar': 0.0}","{'gas': {'co': 18148, 'co2': 13271, 'no': 18149, 'no2': 18150, 'o3': 18151}, 'pm': {'pm1': 17109, 'pm10': 17111, 'pm25': 17110}}",0.91,4.48,14.3,0.77,2.07,1.08,563188684,79.6,MOD-00623,9.0,2025-12-12T14:04:02,2025-12-12T06:04:02,https://api.quant-aq.com/v1/devices/MOD-00623/data/563188531
516.99,735.21,"{'lat': None, 'lon': None}","{'rh': 79.7, 'temp': 9.0, 'wd': 0.0, 'ws': 0.0, 'ws_scalar': 0.0}","{'gas': {'co': 18148, 'co2': 13271, 'no': 18149, 'no2': 18150, 'o3': 18151}, 'pm': {'pm1': 17109, 'pm10': 17111, 'pm25': 17110}}",1.22,3.81,14.54,0.74,1.02,0.97,563188685,79.7,MOD-00623,9.0,2025-12-12T14:03:02,2025-12-12T06:03:02,https://api.quant-aq.com/v1/devices/MOD-00623/data/563188534
330.38,734.85,"{'lat': None, 'lon': None}","{'rh': 79.7, 'temp': 9.0, 'wd': 0.0, 'ws': 0.0, 'ws_scalar': 0.0}","{'gas': {'co': 18148, 'co2': 13271, 'no': 18149, 'no2': 18150, 'o3': 18151}, 'pm': {'pm1': 17109, 'pm10': 17111, 'pm25': 17110}}",0.91,4.13,14.87,0.61,2.08,0.99,563188686,79.7,MOD-00623,9.0,2025-12-12T14:02:02,2025-12-12T06:02:02,https://api.quant-aq.com/v1/devices/MOD-00623/data/563188535
281.58,728.83,"{'lat': None, 'lon': None}","{'rh': 79.7, 'temp': 9.0, 'wd': 0.0, 'ws': 0.0, 'ws_scalar': 0.0}","{'gas': {'co': 18148, 'co2': 13271, 'no': 18149, 'no2': 18150, 'o3': 18151}, 'pm': {'pm1': 17109, 'pm10': 17111, 'pm25': 17110}}",0.28,3.52,16.03,0.42,8.53,0.69,563188682,79.7,MOD-00623,9.0,2025-12-12T14:01:02,2025-12-12T06:01:02,https://api.quant-aq.com/v1/devices/MOD-00623/data/563188532
271.4,732.2,"{'lat': None, 'lon': None}","{'rh': 79.6, 'temp': 9.0, 'wd': 0.0, 'ws': 0.0, 'ws_scalar': 0.0}","{'gas': {'co': 18148, 'co2': 13271, 'no': 18149, 'no2': 18150, 'o3': 18151}, 'pm': {'pm1': 17109, 'pm10': 17111, 'pm25': 17110}}",0.6,3.82,15.92,0.45,0.56,0.54,563188683,79.6,MOD-00623,9.0,2025-12-12T14:00:02,2025-12-12T06:00:02,https://api.quant-aq.com/v1/devices/MOD-00623/data/563188533
274.75,734.01,"{'lat': None, 'lon': None}","{'rh': 79.5, 'temp': 9.0, 'wd': 0.0, 'ws': 0.0, 'ws_scalar': 0.0}","{'gas': {'co': 18148, 'co2': 13271, 'no': 18149, 'no2': 18150, 'o3': 18151}, 'pm': {'pm1': 17109, 'pm10': 17111, 'pm25': 17110}}",0.92,3.28,14.8,0.39,3.76,0.56,563186115,79.5,MOD-00623,9.0,2025-12-12T13:59:02,2025-12-12T05:59:02,https://api.quant-aq.com/v1/devices/MOD-00623/data/563185964
268.52,736.78,"{'lat': None, 'lon': None}","{'rh': 79.6, 'temp': 9.0, 'wd': 0.0, 'ws': 0.0, 'ws_scalar': 0.0}","{'gas': {'co': 18148, 'co2': 13271, 'no': 18149, 'no2': 18150, 'o3': 18151}, 'pm': {'pm1': 17109, 'pm10': 17111, 'pm25': 17110}}",1.23,3.27,14.8,0.38,4.94,1.01,563186114,79.6,MOD-00623,9.0,2025-12-12T13:58:02,2025-12-12T05:58:02,https://api.quant-aq.com/v1/devices/MOD-00623/data/563185963
257.24,734.49,"{'lat': None, 'lon': None}","{'rh': 79.9, 'temp': 9.0, 'wd': 0.0, 'ws': 0.0, 'ws_scalar': 0.0}","{'gas': {'co': 18148, 'co2': 13271, 'no': 18149, 'no2': 18150, 'o3': 18151}, 'pm': {'pm1': 17109, 'pm10': 17111, 'pm25': 17110}}",0.9,3.79,14.53,0.34,1.59,0.61,563186111,79.9,MOD-00623,9.0,2025-12-12T13:57:02,2025-12-12T05:57:02,https://api.quant-aq.com/v1/devices/MOD-00623/data/563185960
244.6,733.77,"{'lat': None, 'lon': None}","{'rh': 79.8, 'temp': 9.0, 'wd': 0.0, 'ws': 0.0, 'ws_scalar': 0.0}","{'gas': {'co': 18148, 'co2': 13271, 'no': 18149, 'no2': 18150, 'o3': 18151}, 'pm': {'pm1': 17109, 'pm10': 17111, 'pm25': 17110}}",1.06,4.83,13.71,0.42,4.17,0.73,563186110,79.8,MOD-00623,9.0,2025-12-12T13:56:02,2025-12-12T05:56:02,https://api.quant-aq.com/v1/devices/MOD-00623/data/563185959
248.02,736.66,"{'lat': None, 'lon': None}","{'rh': 79.6, 'temp': 9.0, 'wd': 0.0, 'ws': 0.0, 'ws_scalar': 0.0}","{'gas': {'co': 18148, 'co2': 13271, 'no': 18149, 'no2': 18150, 'o3': 18151}, 'pm': {'pm1': 17109, 'pm10': 17111, 'pm25': 17110}}",1.7,4.85,13.27,0.44,1.27,0.71,563184025,79.6,MOD-00623,9.0,2025-12-12T13:55:02,2025-12-12T05:55:02,https://api.quant-aq.com/v1/devices/MOD-00623/data/563183874
298.39,736.18,"{'lat': None, 'lon': None}","{'rh': 79.7, 'temp': 9.0, 'wd': 0.0, 'ws': 0.0, 'ws_scalar': 0.0}","{'gas': {'co': 18148, 'co2': 13271, 'no': 18149, 'no2': 18150, 'o3': 18151}, 'pm': {'pm1': 17109, 'pm10': 17111, 'pm25': 17110}}",1.85,4.84,13.72,0.4,0.93,0.66,563184028,79.7,MOD-00623,9.0,2025-12-12T13:54:02,2025-12-12T05:54:02,https://api.quant-aq.com/v1/devices/MOD-00623/data/563183875
259.02,735.57,"{'lat': None, 'lon': None}","{'rh': 79.7, 'temp': 9.0, 'wd': 0.0, 'ws': 0.0, 'ws_scalar': 0.0}","{'gas': {'co': 18148, 'co2': 13271, 'no': 18149, 'no2': 18150, 'o3': 18151}, 'pm': {'pm1': 17109, 'pm10': 17111, 'pm25': 17110}}",0.59,3.81,15.0,0.34,1.89,0.87,563184026,79.7,MOD-00623,9.0,2025-12-12T13:53:02,2025-12-12T05:53:02,https://api.quant-aq.com/v1/devices/MOD-00623/data/563183876
271.06,733.41,"{'lat': None, 'lon': None}","{'rh': 79.5, 'temp': 9.0, 'wd': 0.0, 'ws': 0.0, 'ws_scalar': 0.0}","{'gas': {'co': 18148, 'co2': 13271, 'no': 18149, 'no2': 18150, 'o3': 18151}, 'pm': {'pm1': 17109, 'pm10': 17111, 'pm25': 17110}}",1.39,3.54,16.05,0.45,3.31,0.8,563184027,79.5,MOD-00623,9.0,2025-12-12T13:52:02,2025-12-12T05:52:02,https://api.quant-aq.com/v1/devices/MOD-00623/data/563183877
271.81,732.8,"{'lat': None, 'lon': None}","{'rh': 79.6, 'temp': 9.0, 'wd': 0.0, 'ws': 0.0, 'ws_scalar': 0.0}","{'gas': {'co': 18148, 'co2': 13271, 'no': 18149, 'no2': 18150, 'o3': 18151}, 'pm': {'pm1': 17109, 'pm10': 17111, 'pm25': 17110}}",0.91,3.27,16.62,0.59,1.44,0.89,563184029,79.6,MOD-00623,9.0,2025-12-12T13:51:02,2025-12-12T05:51:02,https://api.quant-aq.com/v1/devices/MOD-00623/data/563183878
276.73,735.09,"{'lat': None, 'lon': None}","{'rh': 79.6, 'temp': 9.0, 'wd': 0.0, 'ws': 0.0, 'ws_scalar': 0.0}","{'gas': {'co': 18148, 'co2': 13271, 'no': 18149, 'no2': 18150, 'o3': 18151}, 'pm': {'pm1': 17109, 'pm10': 17111, 'pm25': 17110}}",0.91,4.14,15.34,0.59,3.45,0.95,563181398,79.6,MOD-00623,9.0,2025-12-12T13:50:02,2025-12-12T05:50:02,https://api.quant-aq.com/v1/devices/MOD-00623/data/563181247
258.75,732.08,"{'lat': None, 'lon': None}","{'rh': 79.5, 'temp': 9.0, 'wd': 0.0, 'ws': 0.0, 'ws_scalar': 0.0}","{'gas': {'co': 18148, 'co2': 13271, 'no': 18149, 'no2': 18150, 'o3': 18151}, 'pm': {'pm1': 17109, 'pm10': 17111, 'pm25': 17110}}",0.92,3.54,16.05,0.51,0.99,0.72,563181396,79.5,MOD-00623,9.0,2025-12-12T13:49:02,2025-12-12T05:49:02,https://api.quant-aq.com/v1/devices/MOD-00623/data/563181245
243.92,728.83,"{'lat': None, 'lon': None}","{'rh': 79.6, 'temp': 9.0, 'wd': 0.0, 'ws': 0.0, 'ws_scalar': 0.0}","{'gas': {'co': 18148, 'co2': 13271, 'no': 18149, 'no2': 18150, 'o3': 18151}, 'pm': {'pm1': 17109, 'pm10': 17111, 'pm25': 17110}}",0.75,3.27,16.16,0.43,1.62,0.68,563181397,79.6,MOD-00623,9.0,2025-12-12T13:48:02,2025-12-12T05:48:02,https://api.quant-aq.com/v1/devices/MOD-00623/data/563181246
247.61,731.36,"{'lat': None, 'lon': None}","{'rh': 79.6, 'temp': 9.0, 'wd': 0.0, 'ws': 0.0, 'ws_scalar': 0.0}","{'gas': {'co': 18148, 'co2': 13271, 'no': 18149, 'no2': 18150, 'o3': 18151}, 'pm': {'pm1': 17109, 'pm10': 17111, 'pm25': 17110}}",1.23,4.48,15.67,0.46,0.92,0.67,563181399,79.6,MOD-00623,9.0,2025-12-12T13:47:02,2025-12-12T05:47:02,https://api.quant-aq.com/v1/devices/MOD-00623/data/563181248
248.09,732.08,"{'lat': None, 'lon': None}","{'rh': 79.5, 'temp': 9.0, 'wd': 0.0, 'ws': 0.0, 'ws_scalar': 0.0}","{'gas': {'co': 18148, 'co2': 13271, 'no': 18149, 'no2': 18150, 'o3': 18151}, 'pm': {'pm1': 17109, 'pm10': 17111, 'pm25': 17110}}",0.76,3.28,18.0,0.39,3.68,0.6,563179246,79.5,MOD-00623,9.0,2025-12-12T13:46:02,2025-12-12T05:46:02,https://api.quant-aq.com/v1/devices/MOD-00623/data/563179097
274.41,731.0,"{'lat': None, 'lon': None}","{'rh': 79.4, 'temp': 9.0, 'wd': 0.0, 'ws': 0.0, 'ws_scalar': 0.0}","{'gas': {'co': 18148, 'co2': 13271, 'no': 18149, 'no2': 18150, 'o3': 18151}, 'pm': {'pm1': 17109, 'pm10': 17111, 'pm25': 17110}}",1.39,3.84,17.3,0.39,1.66,0.68,563179247,79.4,MOD-00623,9.0,2025-12-12T13:45:02,2025-12-12T05:45:02,https://api.quant-aq.com/v1/devices/MOD-00623/data/563179095
235.52,729.07,"{'lat': None, 'lon': None}","{'rh': 79.3, 'temp': 9.0, 'wd': 0.0, 'ws': 0.0, 'ws_scalar': 0.0}","{'gas': {'co': 18148, 'co2': 13271, 'no': 18149, 'no2': 18150, 'o3': 18151}, 'pm': {'pm1': 17109, 'pm10': 17111, 'pm25': 17110}}",0.77,3.85,16.85,0.42,1.52,0.78,563179248,79.3,MOD-00623,9.0,2025-12-12T13:44:02,2025-12-12T05:44:02,https://api.quant-aq.com/v1/devices/MOD-00623/data/563179096
275.23,729.07,"{'lat': None, 'lon': None}","{'rh': 79.4, 'temp': 9.0, 'wd': 0.0, 'ws': 0.0, 'ws_scalar': 0.0}","{'gas': {'co': 18148, 'co2': 13271, 'no': 18149, 'no2': 18150, 'o3': 18151}, 'pm': {'pm1': 17109, 'pm10': 17111, 'pm25': 17110}}",0.76,3.29,17.55,0.46,5.56,0.64,563179249,79.4,MOD-00623,9.0,2025-12-12T13:43:02,2025-12-12T05:43:02,https://api.quant-aq.com/v1/devices/MOD-00623/data/563179098
261.01,725.94,"{'lat': None, 'lon': None}","{'rh': 79.2, 'temp': 9.0, 'wd': 0.0, 'ws': 0.0, 'ws_scalar': 0.0}","{'gas': {'co': 18148, 'co2': 13271, 'no': 18149, 'no2': 18150, 'o3': 18151}, 'pm': {'pm1': 17109, 'pm10': 17111, 'pm25': 17110}}",1.24,3.07,16.77,0.4,0.61,0.58,563177171,79.2,MOD-00623,9.0,2025-12-12T13:42:02,2025-12-12T05:42:02,https://api.quant-aq.com/v1/devices/MOD-00623/data/563177020
245.29,728.83,"{'lat': None, 'lon': None}","{'rh': 79.4, 'temp': 9.0, 'wd': 0.0, 'ws': 0.0, 'ws_scalar': 0.0}","{'gas': {'co': 18148, 'co2': 13271, 'no': 18149, 'no2': 18150, 'o3': 18151}, 'pm': {'pm1': 17109, 'pm10': 17111, 'pm25': 17110}}",1.08,3.84,16.39,0.47,1.3,0.74,563177174,79.4,MOD-00623,9.0,2025-12-12T13:41:02,2025-12-12T05:41:02,https://api.quant-aq.com/v1/devices/MOD-00623/data/563177023
241.4,728.71,"{'lat': None, 'lon': None}","{'rh': 79.1, 'temp': 9.0, 'wd': 0.0, 'ws': 0.0, 'ws_scalar': 0.0}","{'gas': {'co': 18148, 'co2': 13271, 'no': 18149, 'no2': 18150, 'o3': 18151}, 'pm': {'pm1': 17109, 'pm10': 17111, 'pm25': 17110}}",0.77,3.59,17.45,0.42,7.01,0.89,563177172,79.1,MOD-00623,9.0,2025-12-12T13:40:02,2025-12-12T05:40:02,https://api.quant-aq.com/v1/devices/MOD-00623/data/563177021
241.47,728.11,"{'lat': None, 'lon': None}","{'rh': 79.0, 'temp': 9.0, 'wd': 0.0, 'ws': 0.0, 'ws_scalar': 0.0}","{'gas': {'co': 18148, 'co2': 13271, 'no': 18149, 'no2': 18150, 'o3': 18151}, 'pm': {'pm1': 17109, 'pm10': 17111, 'pm25': 17110}}",1.25,3.33,18.03,0.46,5.2,0.83,563177173,79.0,MOD-00623,9.0,2025-12-12T13:39:02,2025-12-12T05:39:02,https://api.quant-aq.com/v1/devices/MOD-00623/data/563177022
251.38,726.54,"{'lat': None, 'lon': None}","{'rh': 78.9, 'temp': 9.0, 'wd': 0.0, 'ws': 0.0, 'ws_scalar': 0.0}","{'gas': {'co': 18148, 'co2': 13271, 'no': 18149, 'no2': 18150, 'o3': 18151}, 'pm': {'pm1': 17109, 'pm10': 17111, 'pm25': 17110}}",0.63,3.35,17.13,0.67,1.96,0.92,563177170,78.9,MOD-00623,9.0,2025-12-12T13:38:02,2025-12-12T05:38:02,https://api.quant-aq.com/v1/devices/MOD-00623/data/563177019
240.17,727.99,"{'lat': None, 'lon': None}","{'rh': 79.1, 'temp': 9.0, 'wd': 0.0, 'ws': 0.0, 'ws_scalar': 0.0}","{'gas': {'co': 18148, 'co2': 13271, 'no': 18149, 'no2': 18150, 'o3': 18151}, 'pm': {'pm1': 17109, 'pm10': 17111, 'pm25': 17110}}",1.56,3.59,16.08,0.97,1.47,1.36,563174513,79.1,MOD-00623,9.0,2025-12-12T13:37:02,2025-12-12T05:37:02,https://api.quant-aq.com/v1/devices/MOD-00623/data/563174365
248.44,728.83,"{'lat': None, 'lon': None}","{'rh': 79.0, 'temp': 9.0, 'wd': 0.0, 'ws': 0.0, 'ws_scalar': 0.0}","{'gas': {'co': 18148, 'co2': 13271, 'no': 18149, 'no2': 18150, 'o3': 18151}, 'pm': {'pm1': 17109, 'pm10': 17111, 'pm25': 17110}}",0.94,2.88,17.82,0.46,0.77,0.74,563174511,79.0,MOD-00623,9.0,2025-12-12T13:36:02,2025-12-12T05:36:02,https://api.quant-aq.com/v1/devices/MOD-00623/data/563174360
245.91,727.99,"{'lat': None, 'lon': None}","{'rh': 79.1, 'temp': 9.0, 'wd': 0.0, 'ws': 0.0, 'ws_scalar': 0.0}","{'gas': {'co': 18148, 'co2': 13271, 'no': 18149, 'no2': 18150, 'o3': 18151}, 'pm': {'pm1': 17109, 'pm10': 17111, 'pm25': 17110}}",0.62,3.32,17.57,0.33,3.44,0.67,563174512,79.1,MOD-00623,9.0,2025-12-12T13:35:02,2025-12-12T05:35:02,https://api.quant-aq.com/v1/devices/MOD-00623/data/563174364
246.12,729.07,"{'lat': None, 'lon': None}","{'rh': 78.8, 'temp': 9.0, 'wd': 0.0, 'ws': 0.0, 'ws_scalar': 0.0}","{'gas': {'co': 18148, 'co2': 13271, 'no': 18149, 'no2': 18150, 'o3': 18151}, 'pm': {'pm1': 17109, 'pm10': 17111, 'pm25': 17110}}",0.79,3.36,17.59,0.54,22.21,0.76,563174514,78.8,MOD-00623,9.0,2025-12-12T13:34:02,2025-12-12T05:34:02,https://api.quant-aq.com/v1/devices/MOD-00623/data/563174367
263.42,729.19,"{'lat': None, 'lon': None}","{'rh': 78.7, 'temp': 9.0, 'wd': 0.0, 'ws': 0.0, 'ws_scalar': 0.0}","{'gas': {'co': 18148, 'co2': 13271, 'no': 18149, 'no2': 18150, 'o3': 18151}, 'pm': {'pm1': 17109, 'pm10': 17111, 'pm25': 17110}}",0.32,3.13,17.72,0.48,1.46,0.72,563172456,78.7,MOD-00623,9.0,2025-12-12T13:33:02,2025-12-12T05:33:02,https://api.quant-aq.com/v1/devices/MOD-00623/data/563172307
258.98,729.43,"{'lat': None, 'lon': None}","{'rh': 78.6, 'temp': 9.0, 'wd': 0.0, 'ws': 0.0, 'ws_scalar': 0.0}","{'gas': {'co': 18148, 'co2': 13271, 'no': 18149, 'no2': 18150, 'o3': 18151}, 'pm': {'pm1': 17109, 'pm10': 17111, 'pm25': 17110}}",0.8,2.73,18.43,0.4,3.17,0.77,563172457,78.6,MOD-00623,9.0,2025-12-12T13:32:02,2025-12-12T05:32:02,https://api.quant-aq.com/v1/devices/MOD-00623/data/563172306
273.88,723.17,"{'lat': None, 'lon': None}","{'rh': 78.4, 'temp': 9.0, 'wd': 0.0, 'ws': 0.0, 'ws_scalar': 0.0}","{'gas': {'co': 18148, 'co2': 13271, 'no': 18149, 'no2': 18150, 'o3': 18151}, 'pm': {'pm1': 17109, 'pm10': 17111, 'pm25': 17110}}",0.8,3.16,17.29,0.33,3.51,0.75,563172455,78.4,MOD-00623,9.0,2025-12-12T13:31:02,2025-12-12T05:31:02,https://api.quant-aq.com/v1/devices/MOD-00623/data/563172304
277.23,726.78,"{'lat': None, 'lon': None}","{'rh': 78.3, 'temp': 9.0, 'wd': 0.0, 'ws': 0.0, 'ws_scalar': 0.0}","{'gas': {'co': 18148, 'co2': 13271, 'no': 18149, 'no2': 18150, 'o3': 18151}, 'pm': {'pm1': 17109, 'pm10': 17111, 'pm25': 17110}}",0.81,2.96,18.33,0.3,1.63,0.7,563172458,78.3,MOD-00623,9.0,2025-12-12T13:30:02,2025-12-12T05:30:02,https://api.quant-aq.com/v1/devices/MOD-00623/data/563172305
258.55,727.87,"{'lat': None, 'lon': None}","{'rh': 78.2, 'temp': 9.1, 'wd': 0.0, 'ws': 0.0, 'ws_scalar': 0.0}","{'gas': {'co': 18148, 'co2': 13271, 'no': 18149, 'no2': 18150, 'o3': 18151}, 'pm': {'pm1': 17109, 'pm10': 17111, 'pm25': 17110}}",0.59,3.19,16.84,0.38,1.98,0.66,563170338,78.2,MOD-00623,9.1,2025-12-12T13:29:02,2025-12-12T05:29:02,https://api.quant-aq.com/v1/devices/MOD-00623/data/563170187
259.44,727.63,"{'lat': None, 'lon': None}","{'rh': 78.1, 'temp': 9.1, 'wd': 0.0, 'ws': 0.0, 'ws_scalar': 0.0}","{'gas': {'co': 18148, 'co2': 13271, 'no': 18149, 'no2': 18150, 'o3': 18151}, 'pm': {'pm1': 17109, 'pm10': 17111, 'pm25': 17110}}",1.53,2.98,18.33,0.44,0.97,0.67,563170337,78.1,MOD-00623,9.1,2025-12-12T13:28:02,2025-12-12T05:28:02,https://api.quant-aq.com/v1/devices/MOD-00623/data/563170186
246.65,727.5,"{'lat': None, 'lon': None}","{'rh': 78.2, 'temp': 9.1, 'wd': 0.0, 'ws': 0.0, 'ws_scalar': 0.0}","{'gas': {'co': 18148, 'co2': 13271, 'no': 18149, 'no2': 18150, 'o3': 18151}, 'pm': {'pm1': 17109, 'pm10': 17111, 'pm25': 17110}}",0.75,2.97,16.96,0.4,1.7,0.69,563170339,78.2,MOD-00623,9.1,2025-12-12T13:27:02,2025-12-12T05:27:02,https://api.quant-aq.com/v1/devices/MOD-00623/data/563170188
254.38,727.63,"{'lat': None, 'lon': None}","{'rh': 78.3, 'temp': 9.1, 'wd': 0.0, 'ws': 0.0, 'ws_scalar': 0.0}","{'gas': {'co': 18148, 'co2': 13271, 'no': 18149, 'no2': 18150, 'o3': 18151}, 'pm': {'pm1': 17109, 'pm10': 17111, 'pm25': 17110}}",1.06,3.18,17.74,0.38,7.62,0.82,563170340,78.3,MOD-00623,9.1,2025-12-12T13:26:02,2025-12-12T05:26:02,https://api.quant-aq.com/v1/devices/MOD-00623/data/563170189
246.92,730.15,"{'lat': None, 'lon': None}","{'rh': 78.4, 'temp': 9.1, 'wd': 0.0, 'ws': 0.0, 'ws_scalar': 0.0}","{'gas': {'co': 18148, 'co2': 13271, 'no': 18149, 'no2': 18150, 'o3': 18151}, 'pm': {'pm1': 17109, 'pm10': 17111, 'pm25': 17110}}",1.68,3.41,17.15,0.3,1.94,0.55,563170336,78.4,MOD-00623,9.1,2025-12-12T13:25:02,2025-12-12T05:25:02,https://api.quant-aq.com/v1/devices/MOD-00623/data/563170185
250.01,730.4,"{'lat': None, 'lon': None}","{'rh': 78.1, 'temp': 9.1, 'wd': 0.0, 'ws': 0.0, 'ws_scalar': 0.0}","{'gas': {'co': 18148, 'co2': 13271, 'no': 18149, 'no2': 18150, 'o3': 18151}, 'pm': {'pm1': 17109, 'pm10': 17111, 'pm25': 17110}}",1.06,3.44,16.26,0.29,2.27,0.68,563167649,78.1,MOD-00623,9.1,2025-12-12T13:24:02,2025-12-12T05:24:02,https://api.quant-aq.com/v1/devices/MOD-00623/data/563167499
247.47,728.35,"{'lat': None, 'lon': None}","{'rh': 78.2, 'temp': 9.1, 'wd': 0.0, 'ws': 0.0, 'ws_scalar': 0.0}","{'gas': {'co': 18148, 'co2': 13271, 'no': 18149, 'no2': 18150, 'o3': 18151}, 'pm': {'pm1': 17109, 'pm10': 17111, 'pm25': 17110}}",1.37,3.69,16.59,0.6,1.26,0.91,563167652,78.2,MOD-00623,9.1,2025-12-12T13:23:02,2025-12-12T05:23:02,https://api.quant-aq.com/v1/devices/MOD-00623/data/563167500
242.89,730.76,"{'lat': None, 'lon': None}","{'rh': 78.3, 'temp': 9.1, 'wd': 0.0, 'ws': 0.0, 'ws_scalar': 0.0}","{'gas': {'co': 18148, 'co2': 13271, 'no': 18149, 'no2': 18150, 'o3': 18151}, 'pm': {'pm1': 17109, 'pm10': 17111, 'pm25': 17110}}",2.47,4.28,14.97,0.39,0.81,0.7,563167651,78.3,MOD-00623,9.1,2025-12-12T13:22:02,2025-12-12T05:22:02,https://api.quant-aq.com/v1/devices/MOD-00623/data/563167498
237.15,729.07,"{'lat': None, 'lon': None}","{'rh': 78.3, 'temp': 9.1, 'wd': 0.0, 'ws': 0.0, 'ws_scalar': 0.0}","{'gas': {'co': 18148, 'co2': 13271, 'no': 18149, 'no2': 18150, 'o3': 18151}, 'pm': {'pm1': 17109, 'pm10': 17111, 'pm25': 17110}}",1.06,2.76,16.62,0.39,3.82,0.66,563167648,78.3,MOD-00623,9.1,2025-12-12T13:21:02,2025-12-12T05:21:02,https://api.quant-aq.com/v1/devices/MOD-00623/data/563167497
243.37,730.03,"{'lat': None, 'lon': None}","{'rh': 78.2, 'temp': 9.1, 'wd': 0.0, 'ws': 0.0, 'ws_scalar': 0.0}","{'gas': {'co': 18148, 'co2': 13271, 'no': 18149, 'no2': 18150, 'o3': 18151}, 'pm': {'pm1': 17109, 'pm10': 17111, 'pm25': 17110}}",0.9,3.19,17.75,0.39,1.06,0.74,563167650,78.2,MOD-00623,9.1,2025-12-12T13:20:02,2025-12-12T05:20:02,https://api.quant-aq.com/v1/devices/MOD-00623/data/563167501
244.94,731.0,"{'lat': None, 'lon': None}","{'rh': 78.3, 'temp': 9.1, 'wd': 0.0, 'ws': 0.0, 'ws_scalar': 0.0}","{'gas': {'co': 18148, 'co2': 13271, 'no': 18149, 'no2': 18150, 'o3': 18151}, 'pm': {'pm1': 17109, 'pm10': 17111, 'pm25': 17110}}",1.21,2.76,17.53,0.3,7.97,0.74,563165076,78.3,MOD-00623,9.1,2025-12-12T13:19:02,2025-12-12T05:19:02,https://api.quant-aq.com/v1/devices/MOD-00623/data/563164925
245.76,730.4,"{'lat': None, 'lon': None}","{'rh': 78.3, 'temp': 9.1, 'wd': 0.0, 'ws': 0.0, 'ws_scalar': 0.0}","{'gas': {'co': 18148, 'co2': 13271, 'no': 18149, 'no2': 18150, 'o3': 18151}, 'pm': {'pm1': 17109, 'pm10': 17111, 'pm25': 17110}}",1.21,3.18,16.37,0.34,0.74,0.69,563165075,78.3,MOD-00623,9.1,2025-12-12T13:18:02,2025-12-12T05:18:02,https://api.quant-aq.com/v1/devices/MOD-00623/data/563164923
240.02,729.55,"{'lat': None, 'lon': None}","{'rh': 78.3, 'temp': 9.1, 'wd': 0.0, 'ws': 0.0, 'ws_scalar': 0.0}","{'gas': {'co': 18148, 'co2': 13271, 'no': 18149, 'no2': 18150, 'o3': 18151}, 'pm': {'pm1': 17109, 'pm10': 17111, 'pm25': 17110}}",1.21,2.96,16.95,0.3,1.16,0.58,563165077,78.3,MOD-00623,9.1,2025-12-12T13:17:02,2025-12-12T05:17:02,https://api.quant-aq.com/v1/devices/MOD-00623/data/563164926
247.53,728.95,"{'lat': None, 'lon': None}","{'rh': 78.7, 'temp': 9.1, 'wd': 0.0, 'ws': 0.0, 'ws_scalar': 0.0}","{'gas': {'co': 18148, 'co2': 13271, 'no': 18149, 'no2': 18150, 'o3': 18151}, 'pm': {'pm1': 17109, 'pm10': 17111, 'pm25': 17110}}",1.2,3.64,16.1,0.3,0.79,0.52,563165078,78.7,MOD-00623,9.1,2025-12-12T13:16:02,2025-12-12T05:16:02,https://api.quant-aq.com/v1/devices/MOD-00623/data/563164927
243.84,725.94,"{'lat': None, 'lon': None}","{'rh': 78.7, 'temp': 9.1, 'wd': 0.0, 'ws': 0.0, 'ws_scalar': 0.0}","{'gas': {'co': 18148, 'co2': 13271, 'no': 18149, 'no2': 18150, 'o3': 18151}, 'pm': {'pm1': 17109, 'pm10': 17111, 'pm25': 17110}}",0.73,2.72,17.04,0.52,8.02,0.86,563165074,78.7,MOD-00623,9.1,2025-12-12T13:15:02,2025-12-12T05:15:02,https://api.quant-aq.com/v1/devices/MOD-00623/data/563164924
232.57,729.91,"{'lat': None, 'lon': None}","{'rh': 78.4, 'temp': 9.1, 'wd': 0.0, 'ws': 0.0, 'ws_scalar': 0.0}","{'gas': {'co': 18148, 'co2': 13271, 'no': 18149, 'no2': 18150, 'o3': 18151}, 'pm': {'pm1': 17109, 'pm10': 17111, 'pm25': 17110}}",1.37,2.95,16.49,0.37,2.29,0.74,563162430,78.4,MOD-00623,9.1,2025-12-12T13:14:02,2025-12-12T05:14:02,https://api.quant-aq.com/v1/devices/MOD-00623/data/563162279
241.18,727.02,"{'lat': None, 'lon': None}","{'rh': 78.4, 'temp': 9.1, 'wd': 0.0, 'ws': 0.0, 'ws_scalar': 0.0}","{'gas': {'co': 18148, 'co2': 13271, 'no': 18149, 'no2': 18150, 'o3': 18151}, 'pm': {'pm1': 17109, 'pm10': 17111, 'pm25': 17110}}",0.89,3.41,17.15,0.42,7.39,0.83,563162431,78.4,MOD-00623,9.1,2025-12-12T13:13:02,2025-12-12T05:13:02,https://api.quant-aq.com/v1/devices/MOD-00623/data/563162280
234.21,727.99,"{'lat': None, 'lon': None}","{'rh': 78.4, 'temp': 9.1, 'wd': 0.0, 'ws': 0.0, 'ws_scalar': 0.0}","{'gas': {'co': 18148, 'co2': 13271, 'no': 18149, 'no2': 18150, 'o3': 18151}, 'pm': {'pm1': 17109, 'pm10': 17111, 'pm25': 17110}}",0.89,2.75,17.98,0.26,0.61,0.55,563162433,78.4,MOD-00623,9.1,2025-12-12T13:12:02,2025-12-12T05:12:02,https://api.quant-aq.com/v1/devices/MOD-00623/data/563162282
234.32,726.54,"{'lat': None, 'lon': None}","{'rh': 78.4, 'temp': 9.2, 'wd': 0.0, 'ws': 0.0, 'ws_scalar': 0.0}","{'gas': {'co': 18148, 'co2': 13271, 'no': 18149, 'no2': 18150, 'o3': 18151}, 'pm': {'pm1': 17109, 'pm10': 17111, 'pm25': 17110}}",0.99,2.96,16.93,0.48,1.32,0.73,563162432,78.4,MOD-00623,9.2,2025-12-12T13:11:02,2025-12-12T05:11:02,https://api.quant-aq.com/v1/devices/MOD-00623/data/563162281
240.06,727.5,"{'lat': None, 'lon': None}","{'rh': 78.4, 'temp': 9.2, 'wd': 0.0, 'ws': 0.0, 'ws_scalar': 0.0}","{'gas': {'co': 18148, 'co2': 13271, 'no': 18149, 'no2': 18150, 'o3': 18151}, 'pm': {'pm1': 17109, 'pm10': 17111, 'pm25': 17110}}",0.2,2.96,18.3,0.36,3.2,0.86,563160321,78.4,MOD-00623,9.2,2025-12-12T13:10:02,2025-12-12T05:10:02,https://api.quant-aq.com/v1/devices/MOD-00623/data/563160170
231.52,726.78,"{'lat': None, 'lon': None}","{'rh': 78.3, 'temp': 9.2, 'wd': 0.0, 'ws': 0.0, 'ws_scalar': 0.0}","{'gas': {'co': 18148, 'co2': 13271, 'no': 18149, 'no2': 18150, 'o3': 18151}, 'pm': {'pm1': 17109, 'pm10': 17111, 'pm25': 17110}}",0.83,2.77,18.43,0.39,4.55,0.71,563160322,78.3,MOD-00623,9.2,2025-12-12T13:09:02,2025-12-12T05:09:02,https://api.quant-aq.com/v1/devices/MOD-00623/data/563160171
242.32,724.73,"{'lat': None, 'lon': None}","{'rh': 78.1, 'temp': 9.2, 'wd': 0.0, 'ws': 0.0, 'ws_scalar': 0.0}","{'gas': {'co': 18148, 'co2': 13271, 'no': 18149, 'no2': 18150, 'o3': 18151}, 'pm': {'pm1': 17109, 'pm10': 17111, 'pm25': 17110}}",1.31,3.21,17.29,0.32,1.11,0.76,563160323,78.1,MOD-00623,9.2,2025-12-12T13:08:02,2025-12-12T05:08:02,https://api.quant-aq.com/v1/devices/MOD-00623/data/563160172
238.15,725.94,"{'lat': None, 'lon': None}","{'rh': 78.2, 'temp': 9.2, 'wd': 0.0, 'ws': 0.0, 'ws_scalar': 0.0}","{'gas': {'co': 18148, 'co2': 13271, 'no': 18149, 'no2': 18150, 'o3': 18151}, 'pm': {'pm1': 17109, 'pm10': 17111, 'pm25': 17110}}",0.52,3.2,18.19,0.38,15.26,0.67,563160320,78.2,MOD-00623,9.2,2025-12-12T13:07:02,2025-12-12T05:07:02,https://api.quant-aq.com/v1/devices/MOD-00623/data/563160169
238.43,724.73,"{'lat': None, 'lon': None}","{'rh': 77.8, 'temp': 9.2, 'wd': 0.0, 'ws': 0.0, 'ws_scalar': 0.0}","{'gas': {'co': 18148, 'co2': 13271, 'no': 18149, 'no2': 18150, 'o3': 18151}, 'pm': {'pm1': 17109, 'pm10': 17111, 'pm25': 17110}}",0.54,2.63,19.5,0.42,3.65,0.68,563158238,77.8,MOD-00623,9.2,2025-12-12T13:06:02,2025-12-12T05:06:02,https://api.quant-aq.com/v1/devices/MOD-00623/data/563158086
238.02,725.58,"{'lat': None, 'lon': None}","{'rh': 77.8, 'temp': 9.2, 'wd': 0.0, 'ws': 0.0, 'ws_scalar': 0.0}","{'gas': {'co': 18148, 'co2': 13271, 'no': 18149, 'no2': 18150, 'o3': 18151}, 'pm': {'pm1': 17109, 'pm10': 17111, 'pm25': 17110}}",1.32,3.74,17.52,0.43,1.1,0.78,563158239,77.8,MOD-00623,9.2,2025-12-12T13:05:02,2025-12-12T05:05:02,https://api.quant-aq.com/v1/devices/MOD-00623/data/563158088
234.06,727.02,"{'lat': None, 'lon': None}","{'rh': 77.6, 'temp': 9.2, 'wd': 0.0, 'ws': 0.0, 'ws_scalar': 0.0}","{'gas': {'co': 18148, 'co2': 13271, 'no': 18149, 'no2': 18150, 'o3': 18151}, 'pm': {'pm1': 17109, 'pm10': 17111, 'pm25': 17110}}",0.7,2.65,19.06,0.61,6.51,1.1,563158237,77.6,MOD-00623,9.2,2025-12-12T13:04:02,2025-12-12T05:04:02,https://api.quant-aq.com/v1/devices/MOD-00623/data/563158085
235.36,724.73,"{'lat': None, 'lon': None}","{'rh': 77.5, 'temp': 9.2, 'wd': 0.0, 'ws': 0.0, 'ws_scalar': 0.0}","{'gas': {'co': 18148, 'co2': 13271, 'no': 18149, 'no2': 18150, 'o3': 18151}, 'pm': {'pm1': 17109, 'pm10': 17111, 'pm25': 17110}}",1.34,3.05,17.91,0.58,1.18,1.04,563158236,77.5,MOD-00623,9.2,2025-12-12T13:03:02,2025-12-12T05:03:02,https://api.quant-aq.com/v1/devices/MOD-00623/data/563158087
230.99,726.18,"{'lat': None, 'lon': None}","{'rh': 77.3, 'temp': 9.2, 'wd': 0.0, 'ws': 0.0, 'ws_scalar': 0.0}","{'gas': {'co': 18148, 'co2': 13271, 'no': 18149, 'no2': 18150, 'o3': 18151}, 'pm': {'pm1': 17109, 'pm10': 17111, 'pm25': 17110}}",1.03,2.68,19.08,0.44,1.36,0.82,563158235,77.3,MOD-00623,9.2,2025-12-12T13:02:02,2025-12-12T05:02:02,https://api.quant-aq.com/v1/devices/MOD-00623/data/563158084
243.0,725.58,"{'lat': None, 'lon': None}","{'rh': 77.3, 'temp': 9.3, 'wd': 0.0, 'ws': 0.0, 'ws_scalar': 0.0}","{'gas': {'co': 18148, 'co2': 13271, 'no': 18149, 'no2': 18150, 'o3': 18151}, 'pm': {'pm1': 17109, 'pm10': 17111, 'pm25': 17110}}",1.12,2.68,18.16,0.37,3.2,0.71,563155666,77.3,MOD-00623,9.3,2025-12-12T13:01:02,2025-12-12T05:01:02,https://api.quant-aq.com/v1/devices/MOD-00623/data/563155515
237.67,722.57,"{'lat': None, 'lon': None}","{'rh': 77.3, 'temp': 9.3, 'wd': 0.0, 'ws': 0.0, 'ws_scalar': 0.0}","{'gas': {'co': 18148, 'co2': 13271, 'no': 18149, 'no2': 18150, 'o3': 18151}, 'pm': {'pm1': 17109, 'pm10': 17111, 'pm25': 17110}}",0.96,2.87,18.04,0.45,8.14,1.02,563155670,77.3,MOD-00623,9.3,2025-12-12T13:00:02,2025-12-12T05:00:02,https://api.quant-aq.com/v1/devices/MOD-00623/data/563155519
237.67,725.7,"{'lat': None, 'lon': None}","{'rh': 77.3, 'temp': 9.3, 'wd': 0.0, 'ws': 0.0, 'ws_scalar': 0.0}","{'gas': {'co': 18148, 'co2': 13271, 'no': 18149, 'no2': 18150, 'o3': 18151}, 'pm': {'pm1': 17109, 'pm10': 17111, 'pm25': 17110}}",0.96,2.87,17.58,0.4,1.23,0.73,563155667,77.3,MOD-00623,9.3,2025-12-12T12:59:02,2025-12-12T04:59:02,https://api.quant-aq.com/v1/devices/MOD-00623/data/563155516
248.67,726.54,"{'lat': None, 'lon': None}","{'rh': 77.4, 'temp': 9.3, 'wd': 0.0, 'ws': 0.0, 'ws_scalar': 0.0}","{'gas': {'co': 18148, 'co2': 13271, 'no': 18149, 'no2': 18150, 'o3': 18151}, 'pm': {'pm1': 17109, 'pm10': 17111, 'pm25': 17110}}",1.27,2.86,17.57,0.37,0.78,0.73,563155668,77.4,MOD-00623,9.3,2025-12-12T12:58:02,2025-12-12T04:58:02,https://api.quant-aq.com/v1/devices/MOD-00623/data/563155517
244.84,728.71,"{'lat': None, 'lon': None}","{'rh': 77.6, 'temp': 9.3, 'wd': 0.0, 'ws': 0.0, 'ws_scalar': 0.0}","{'gas': {'co': 18148, 'co2': 13271, 'no': 18149, 'no2': 18150, 'o3': 18151}, 'pm': {'pm1': 17109, 'pm10': 17111, 'pm25': 17110}}",0.8,3.05,16.52,0.39,2.43,0.98,563155669,77.6,MOD-00623,9.3,2025-12-12T12:57:02,2025-12-12T04:57:02,https://api.quant-aq.com/v1/devices/MOD-00623/data/563155518
247.44,725.58,"{'lat': None, 'lon': None}","{'rh': 77.4, 'temp': 9.3, 'wd': 0.0, 'ws': 0.0, 'ws_scalar': 0.0}","{'gas': {'co': 18148, 'co2': 13271, 'no': 18149, 'no2': 18150, 'o3': 18151}, 'pm': {'pm1': 17109, 'pm10': 17111, 'pm25': 17110}}",0.65,2.86,18.03,0.3,1.13,0.79,563152998,77.4,MOD-00623,9.3,2025-12-12T12:56:02,2025-12-12T04:56:02,https://api.quant-aq.com/v1/devices/MOD-00623/data/563152847
254.21,726.9,"{'lat': None, 'lon': None}","{'rh': 77.1, 'temp': 9.3, 'wd': 0.0, 'ws': 0.0, 'ws_scalar': 0.0}","{'gas': {'co': 18148, 'co2': 13271, 'no': 18149, 'no2': 18150, 'o3': 18151}, 'pm': {'pm1': 17109, 'pm10': 17111, 'pm25': 17110}}",0.97,2.7,17.72,0.43,4.27,0.79,563152999,77.1,MOD-00623,9.3,2025-12-12T12:55:02,2025-12-12T04:55:02,https://api.quant-aq.com/v1/devices/MOD-00623/data/563152848
260.36,729.91,"{'lat': None, 'lon': None}","{'rh': 77.1, 'temp': 9.3, 'wd': 0.0, 'ws': 0.0, 'ws_scalar': 0.0}","{'gas': {'co': 18148, 'co2': 13271, 'no': 18149, 'no2': 18150, 'o3': 18151}, 'pm': {'pm1': 17109, 'pm10': 17111, 'pm25': 17110}}",0.82,2.7,17.72,0.41,2.3,0.7,563153000,77.1,MOD-00623,9.3,2025-12-12T12:54:02,2025-12-12T04:54:02,https://api.quant-aq.com/v1/devices/MOD-00623/data/563152849
259.31,727.75,"{'lat': None, 'lon': None}","{'rh': 77.0, 'temp': 9.4, 'wd': 0.0, 'ws': 0.0, 'ws_scalar': 0.0}","{'gas': {'co': 18148, 'co2': 13271, 'no': 18149, 'no2': 18150, 'o3': 18151}, 'pm': {'pm1': 17109, 'pm10': 17111, 'pm25': 17110}}",0.6,2.71,17.26,0.48,0.92,0.86,563153001,77.0,MOD-00623,9.4,2025-12-12T12:53:02,2025-12-12T04:53:02,https://api.quant-aq.com/v1/devices/MOD-00623/data/563152850
299.92,726.9,"{'lat': None, 'lon': None}","{'rh': 77.0, 'temp': 9.4, 'wd': 0.0, 'ws': 0.0, 'ws_scalar': 0.0}","{'gas': {'co': 18148, 'co2': 13271, 'no': 18149, 'no2': 18150, 'o3': 18151}, 'pm': {'pm1': 17109, 'pm10': 17111, 'pm25': 17110}}",1.38,2.9,17.59,0.24,2.36,0.7,563153002,77.0,MOD-00623,9.4,2025-12-12T12:52:02,2025-12-12T04:52:02,https://api.quant-aq.com/v1/devices/MOD-00623/data/563152851
265.47,727.75,"{'lat': None, 'lon': None}","{'rh': 77.0, 'temp': 9.4, 'wd': 0.0, 'ws': 0.0, 'ws_scalar': 0.0}","{'gas': {'co': 18148, 'co2': 13271, 'no': 18149, 'no2': 18150, 'o3': 18151}, 'pm': {'pm1': 17109, 'pm10': 17111, 'pm25': 17110}}",1.07,2.54,17.84,0.28,2.26,0.67,563150368,77.0,MOD-00623,9.4,2025-12-12T12:51:02,2025-12-12T04:51:02,https://api.quant-aq.com/v1/devices/MOD-00623/data/563150217
265.32,727.38,"{'lat': None, 'lon': None}","{'rh': 77.2, 'temp': 9.4, 'wd': 0.0, 'ws': 0.0, 'ws_scalar': 0.0}","{'gas': {'co': 18148, 'co2': 13271, 'no': 18149, 'no2': 18150, 'o3': 18151}, 'pm': {'pm1': 17109, 'pm10': 17111, 'pm25': 17110}}",1.22,2.7,16.79,0.4,2.12,0.84,563150369,77.2,MOD-00623,9.4,2025-12-12T12:50:02,2025-12-12T04:50:02,https://api.quant-aq.com/v1/devices/MOD-00623/data/563150218
265.88,729.07,"{'lat': None, 'lon': None}","{'rh': 77.0, 'temp': 9.4, 'wd': 0.0, 'ws': 0.0, 'ws_scalar': 0.0}","{'gas': {'co': 18148, 'co2': 13271, 'no': 18149, 'no2': 18150, 'o3': 18151}, 'pm': {'pm1': 17109, 'pm10': 17111, 'pm25': 17110}}",0.91,2.22,17.63,0.48,4.4,0.95,563150367,77.0,MOD-00623,9.4,2025-12-12T12:49:02,2025-12-12T04:49:02,https://api.quant-aq.com/v1/devices/MOD-00623/data/563150216
250.7,726.42,"{'lat': None, 'lon': None}","{'rh': 77.0, 'temp': 9.4, 'wd': 0.0, 'ws': 0.0, 'ws_scalar': 0.0}","{'gas': {'co': 18148, 'co2': 13271, 'no': 18149, 'no2': 18150, 'o3': 18151}, 'pm': {'pm1': 17109, 'pm10': 17111, 'pm25': 17110}}",1.22,2.37,17.05,0.35,1.19,0.81,563150366,77.0,MOD-00623,9.4,2025-12-12T12:48:02,2025-12-12T04:48:02,https://api.quant-aq.com/v1/devices/MOD-00623/data/563150215
241.94,727.99,"{'lat': None, 'lon': None}","{'rh': 77.8, 'temp': 9.4, 'wd': 0.0, 'ws': 0.0, 'ws_scalar': 0.0}","{'gas': {'co': 18148, 'co2': 13271, 'no': 18149, 'no2': 18150, 'o3': 18151}, 'pm': {'pm1': 17109, 'pm10': 17111, 'pm25': 17110}}",0.88,3.03,15.58,0.31,7.47,0.75,563148238,77.8,MOD-00623,9.4,2025-12-12T12:47:02,2025-12-12T04:47:02,https://api.quant-aq.com/v1/devices/MOD-00623/data/563148087
236.07,729.91,"{'lat': None, 'lon': None}","{'rh': 77.4, 'temp': 9.4, 'wd': 0.0, 'ws': 0.0, 'ws_scalar': 0.0}","{'gas': {'co': 18148, 'co2': 13271, 'no': 18149, 'no2': 18150, 'o3': 18151}, 'pm': {'pm1': 17109, 'pm10': 17111, 'pm25': 17110}}",0.58,2.87,15.74,0.43,3.37,0.83,563148239,77.4,MOD-00623,9.4,2025-12-12T12:46:02,2025-12-12T04:46:02,https://api.quant-aq.com/v1/devices/MOD-00623/data/563148088
236.14,731.12,"{'lat': None, 'lon': None}","{'rh': 77.3, 'temp': 9.4, 'wd': 0.0, 'ws': 0.0, 'ws_scalar': 0.0}","{'gas': {'co': 18148, 'co2': 13271, 'no': 18149, 'no2': 18150, 'o3': 18151}, 'pm': {'pm1': 17109, 'pm10': 17111, 'pm25': 17110}}",1.37,2.69,16.32,0.31,1.0,0.85,563148240,77.3,MOD-00623,9.4,2025-12-12T12:45:02,2025-12-12T04:45:02,https://api.quant-aq.com/v1/devices/MOD-00623/data/563148089
243.11,728.47,"{'lat': None, 'lon': None}","{'rh': 77.3, 'temp': 9.4, 'wd': 0.0, 'ws': 0.0, 'ws_scalar': 0.0}","{'gas': {'co': 18148, 'co2': 13271, 'no': 18149, 'no2': 18150, 'o3': 18151}, 'pm': {'pm1': 17109, 'pm10': 17111, 'pm25': 17110}}",1.37,2.51,15.54,0.4,0.95,0.84,563148236,77.3,MOD-00623,9.4,2025-12-12T12:44:02,2025-12-12T04:44:02,https://api.quant-aq.com/v1/devices/MOD-00623/data/563148085
242.01,732.44,"{'lat': None, 'lon': None}","{'rh': 77.7, 'temp': 9.4, 'wd': 0.0, 'ws': 0.0, 'ws_scalar': 0.0}","{'gas': {'co': 18148, 'co2': 13271, 'no': 18149, 'no2': 18150, 'o3': 18151}, 'pm': {'pm1': 17109, 'pm10': 17111, 'pm25': 17110}}",0.72,3.04,14.22,0.43,2.19,0.81,563148237,77.7,MOD-00623,9.4,2025-12-12T12:43:02,2025-12-12T04:43:02,https://api.quant-aq.com/v1/devices/MOD-00623/data/563148086
246.86,731.6,"{'lat': None, 'lon': None}","{'rh': 77.8, 'temp': 9.4, 'wd': 0.0, 'ws': 0.0, 'ws_scalar': 0.0}","{'gas': {'co': 18148, 'co2': 13271, 'no': 18149, 'no2': 18150, 'o3': 18151}, 'pm': {'pm1': 17109, 'pm10': 17111, 'pm25': 17110}}",1.19,3.03,15.13,0.54,3.24,1.0,563145646,77.8,MOD-00623,9.4,2025-12-12T12:42:02,2025-12-12T04:42:02,https://api.quant-aq.com/v1/devices/MOD-00623/data/563145495
232.09,729.91,"{'lat': None, 'lon': None}","{'rh': 77.8, 'temp': 9.4, 'wd': 0.0, 'ws': 0.0, 'ws_scalar': 0.0}","{'gas': {'co': 18148, 'co2': 13271, 'no': 18149, 'no2': 18150, 'o3': 18151}, 'pm': {'pm1': 17109, 'pm10': 17111, 'pm25': 17110}}",0.88,3.03,14.67,0.46,2.12,1.21,563145645,77.8,MOD-00623,9.4,2025-12-12T12:41:02,2025-12-12T04:41:02,https://api.quant-aq.com/v1/devices/MOD-00623/data/563145494
241.19,729.31,"{'lat': None, 'lon': None}","{'rh': 77.7, 'temp': 9.4, 'wd': 0.0, 'ws': 0.0, 'ws_scalar': 0.0}","{'gas': {'co': 18148, 'co2': 13271, 'no': 18149, 'no2': 18150, 'o3': 18151}, 'pm': {'pm1': 17109, 'pm10': 17111, 'pm25': 17110}}",1.04,2.65,15.84,0.27,0.99,0.65,563145647,77.7,MOD-00623,9.4,2025-12-12T12:40:02,2025-12-12T04:40:02,https://api.quant-aq.com/v1/devices/MOD-00623/data/563145496
237.56,729.55,"{'lat': None, 'lon': None}","{'rh': 77.6, 'temp': 9.4, 'wd': 0.0, 'ws': 0.0, 'ws_scalar': 0.0}","{'gas': {'co': 18148, 'co2': 13271, 'no': 18149, 'no2': 18150, 'o3': 18151}, 'pm': {'pm1': 17109, 'pm10': 17111, 'pm25': 17110}}",0.89,3.27,13.65,0.25,5.11,0.68,563145648,77.6,MOD-00623,9.4,2025-12-12T12:39:02,2025-12-12T04:39:02,https://api.quant-aq.com/v1/devices/MOD-00623/data/563145497
236.53,730.15,"{'lat': None, 'lon': None}","{'rh': 77.9, 'temp': 9.4, 'wd': 0.0, 'ws': 0.0, 'ws_scalar': 0.0}","{'gas': {'co': 18148, 'co2': 13271, 'no': 18149, 'no2': 18150, 'o3': 18151}, 'pm': {'pm1': 17109, 'pm10': 17111, 'pm25': 17110}}",0.87,2.82,14.79,0.4,1.65,0.78,563143550,77.9,MOD-00623,9.4,2025-12-12T12:38:02,2025-12-12T04:38:02,https://api.quant-aq.com/v1/devices/MOD-00623/data/563143399
243.85,730.64,"{'lat': None, 'lon': None}","{'rh': 78.0, 'temp': 9.4, 'wd': 0.0, 'ws': 0.0, 'ws_scalar': 0.0}","{'gas': {'co': 18148, 'co2': 13271, 'no': 18149, 'no2': 18150, 'o3': 18151}, 'pm': {'pm1': 17109, 'pm10': 17111, 'pm25': 17110}}",0.71,3.23,14.53,0.4,1.69,1.03,563143553,78.0,MOD-00623,9.4,2025-12-12T12:37:02,2025-12-12T04:37:02,https://api.quant-aq.com/v1/devices/MOD-00623/data/563143402
235.71,728.23,"{'lat': None, 'lon': None}","{'rh': 77.9, 'temp': 9.4, 'wd': 0.0, 'ws': 0.0, 'ws_scalar': 0.0}","{'gas': {'co': 18148, 'co2': 13271, 'no': 18149, 'no2': 18150, 'o3': 18151}, 'pm': {'pm1': 17109, 'pm10': 17111, 'pm25': 17110}}",0.72,3.02,13.75,0.47,12.13,0.77,563143552,77.9,MOD-00623,9.4,2025-12-12T12:36:02,2025-12-12T04:36:02,https://api.quant-aq.com/v1/devices/MOD-00623/data/563143401
219.38,728.71,"{'lat': None, 'lon': None}","{'rh': 77.8, 'temp': 9.4, 'wd': 0.0, 'ws': 0.0, 'ws_scalar': 0.0}","{'gas': {'co': 18148, 'co2': 13271, 'no': 18149, 'no2': 18150, 'o3': 18151}, 'pm': {'pm1': 17109, 'pm10': 17111, 'pm25': 17110}}",1.51,2.3,15.16,0.3,2.77,0.82,563143551,77.8,MOD-00623,9.4,2025-12-12T12:35:02,2025-12-12T04:35:02,https://api.quant-aq.com/v1/devices/MOD-00623/data/563143400
260.59,730.88,"{'lat': None, 'lon': None}","{'rh': 78.1, 'temp': 9.4, 'wd': 0.0, 'ws': 0.0, 'ws_scalar': 0.0}","{'gas': {'co': 18148, 'co2': 13271, 'no': 18149, 'no2': 18150, 'o3': 18151}, 'pm': {'pm1': 17109, 'pm10': 17111, 'pm25': 17110}}",0.55,3.73,12.91,0.31,1.61,1.07,563141489,78.1,MOD-00623,9.4,2025-12-12T12:34:02,2025-12-12T04:34:02,https://api.quant-aq.com/v1/devices/MOD-00623/data/563141338
241.79,730.52,"{'lat': None, 'lon': None}","{'rh': 78.0, 'temp': 9.4, 'wd': 0.0, 'ws': 0.0, 'ws_scalar': 0.0}","{'gas': {'co': 18148, 'co2': 13271, 'no': 18149, 'no2': 18150, 'o3': 18151}, 'pm': {'pm1': 17109, 'pm10': 17111, 'pm25': 17110}}",0.24,2.8,14.78,0.63,4.37,0.96,563141487,78.0,MOD-00623,9.4,2025-12-12T12:33:02,2025-12-12T04:33:02,https://api.quant-aq.com/v1/devices/MOD-00623/data/563141337
234.62,726.66,"{'lat': None, 'lon': None}","{'rh': 77.7, 'temp': 9.4, 'wd': 0.0, 'ws': 0.0, 'ws_scalar': 0.0}","{'gas': {'co': 18148, 'co2': 13271, 'no': 18149, 'no2': 18150, 'o3': 18151}, 'pm': {'pm1': 17109, 'pm10': 17111, 'pm25': 17110}}",1.2,2.65,14.93,0.4,2.9,0.84,563141486,77.7,MOD-00623,9.4,2025-12-12T12:32:02,2025-12-12T04:32:02,https://api.quant-aq.com/v1/devices/MOD-00623/data/563141335
243.51,730.15,"{'lat': None, 'lon': None}","{'rh': 77.9, 'temp': 9.4, 'wd': 0.0, 'ws': 0.0, 'ws_scalar': 0.0}","{'gas': {'co': 18148, 'co2': 13271, 'no': 18149, 'no2': 18150, 'o3': 18151}, 'pm': {'pm1': 17109, 'pm10': 17111, 'pm25': 17110}}",0.87,3.02,13.75,0.28,2.07,0.67,563141490,77.9,MOD-00623,9.4,2025-12-12T12:31:02,2025-12-12T04:31:02,https://api.quant-aq.com/v1/devices/MOD-00623/data/563141339
240.9,732.8,"{'lat': None, 'lon': None}","{'rh': 78.1, 'temp': 9.4, 'wd': 0.0, 'ws': 0.0, 'ws_scalar': 0.0}","{'gas': {'co': 18148, 'co2': 13271, 'no': 18149, 'no2': 18150, 'o3': 18151}, 'pm': {'pm1': 17109, 'pm10': 17111, 'pm25': 17110}}",0.87,2.79,15.23,0.28,0.93,0.84,563141488,78.1,MOD-00623,9.4,2025-12-12T12:30:02,2025-12-12T04:30:02,https://api.quant-aq.com/v1/devices/MOD-00623/data/563141336
229.9,729.19,"{'lat': None, 'lon': None}","{'rh': 78.0, 'temp': 9.4, 'wd': 0.0, 'ws': 0.0, 'ws_scalar': 0.0}","{'gas': {'co': 18148, 'co2': 13271, 'no': 18149, 'no2': 18150, 'o3': 18151}, 'pm': {'pm1': 17109, 'pm10': 17111, 'pm25': 17110}}",0.87,3.47,13.5,0.47,2.05,0.78,563138874,78.0,MOD-00623,9.4,2025-12-12T12:29:02,2025-12-12T04:29:02,https://api.quant-aq.com/v1/devices/MOD-00623/data/563138723
256.97,729.79,"{'lat': None, 'lon': None}","{'rh': 78.0, 'temp': 9.4, 'wd': 0.0, 'ws': 0.0, 'ws_scalar': 0.0}","{'gas': {'co': 18148, 'co2': 13271, 'no': 18149, 'no2': 18150, 'o3': 18151}, 'pm': {'pm1': 17109, 'pm10': 17111, 'pm25': 17110}}",0.87,3.23,13.62,0.4,4.15,0.92,563138872,78.0,MOD-00623,9.4,2025-12-12T12:28:02,2025-12-12T04:28:02,https://api.quant-aq.com/v1/devices/MOD-00623/data/563138721
242.69,731.6,"{'lat': None, 'lon': None}","{'rh': 77.9, 'temp': 9.4, 'wd': 0.0, 'ws': 0.0, 'ws_scalar': 0.0}","{'gas': {'co': 18148, 'co2': 13271, 'no': 18149, 'no2': 18150, 'o3': 18151}, 'pm': {'pm1': 17109, 'pm10': 17111, 'pm25': 17110}}",1.03,3.02,13.75,0.33,1.52,0.84,563138875,77.9,MOD-00623,9.4,2025-12-12T12:27:02,2025-12-12T04:27:02,https://api.quant-aq.com/v1/devices/MOD-00623/data/563138724
247.95,727.99,"{'lat': None, 'lon': None}","{'rh': 78.0, 'temp': 9.4, 'wd': 0.0, 'ws': 0.0, 'ws_scalar': 0.0}","{'gas': {'co': 18148, 'co2': 13271, 'no': 18149, 'no2': 18150, 'o3': 18151}, 'pm': {'pm1': 17109, 'pm10': 17111, 'pm25': 17110}}",0.71,3.01,14.66,0.32,3.2,0.92,563138873,78.0,MOD-00623,9.4,2025-12-12T12:26:02,2025-12-12T04:26:02,https://api.quant-aq.com/v1/devices/MOD-00623/data/563138722
240.15,732.68,"{'lat': None, 'lon': None}","{'rh': 78.0, 'temp': 9.4, 'wd': 0.0, 'ws': 0.0, 'ws_scalar': 0.0}","{'gas': {'co': 18148, 'co2': 13271, 'no': 18149, 'no2': 18150, 'o3': 18151}, 'pm': {'pm1': 17109, 'pm10': 17111, 'pm25': 17110}}",1.03,2.8,14.32,0.37,3.19,0.88,563136746,78.0,MOD-00623,9.4,2025-12-12T12:25:02,2025-12-12T04:25:02,https://api.quant-aq.com/v1/devices/MOD-00623/data/563136594
249.18,732.68,"{'lat': None, 'lon': None}","{'rh': 78.0, 'temp': 9.4, 'wd': 0.0, 'ws': 0.0, 'ws_scalar': 0.0}","{'gas': {'co': 18148, 'co2': 13271, 'no': 18149, 'no2': 18150, 'o3': 18151}, 'pm': {'pm1': 17109, 'pm10': 17111, 'pm25': 17110}}",0.87,3.23,12.71,0.5,1.41,1.03,563136747,78.0,MOD-00623,9.4,2025-12-12T12:24:02,2025-12-12T04:24:02,https://api.quant-aq.com/v1/devices/MOD-00623/data/563136596
240.62,733.17,"{'lat': None, 'lon': None}","{'rh': 78.5, 'temp': 9.4, 'wd': 0.0, 'ws': 0.0, 'ws_scalar': 0.0}","{'gas': {'co': 18148, 'co2': 13271, 'no': 18149, 'no2': 18150, 'o3': 18151}, 'pm': {'pm1': 17109, 'pm10': 17111, 'pm25': 17110}}",0.85,2.75,13.37,0.38,3.35,1.06,563136745,78.5,MOD-00623,9.4,2025-12-12T12:23:02,2025-12-12T04:23:02,https://api.quant-aq.com/v1/devices/MOD-00623/data/563136595
239.8,733.65,"{'lat': None, 'lon': None}","{'rh': 78.5, 'temp': 9.4, 'wd': 0.0, 'ws': 0.0, 'ws_scalar': 0.0}","{'gas': {'co': 18148, 'co2': 13271, 'no': 18149, 'no2': 18150, 'o3': 18151}, 'pm': {'pm1': 17109, 'pm10': 17111, 'pm25': 17110}}",0.23,3.98,12.3,0.39,3.22,0.79,563136744,78.5,MOD-00623,9.4,2025-12-12T12:22:02,2025-12-12T04:22:02,https://api.quant-aq.com/v1/devices/MOD-00623/data/563136593
241.79,733.29,"{'lat': None, 'lon': None}","{'rh': 78.0, 'temp': 9.4, 'wd': 0.0, 'ws': 0.0, 'ws_scalar': 0.0}","{'gas': {'co': 18148, 'co2': 13271, 'no': 18149, 'no2': 18150, 'o3': 18151}, 'pm': {'pm1': 17109, 'pm10': 17111, 'pm25': 17110}}",0.87,3.01,13.74,0.42,7.06,0.89,563134676,78.0,MOD-00623,9.4,2025-12-12T12:21:02,2025-12-12T04:21:02,https://api.quant-aq.com/v1/devices/MOD-00623/data/563134525
240.83,731.36,"{'lat': None, 'lon': None}","{'rh': 78.2, 'temp': 9.4, 'wd': 0.0, 'ws': 0.0, 'ws_scalar': 0.0}","{'gas': {'co': 18148, 'co2': 13271, 'no': 18149, 'no2': 18150, 'o3': 18151}, 'pm': {'pm1': 17109, 'pm10': 17111, 'pm25': 17110}}",1.18,4.01,12.32,0.39,4.42,0.98,563134677,78.2,MOD-00623,9.4,2025-12-12T12:20:02,2025-12-12T04:20:02,https://api.quant-aq.com/v1/devices/MOD-00623/data/563134526
239.53,731.72,"{'lat': None, 'lon': None}","{'rh': 78.3, 'temp': 9.4, 'wd': 0.0, 'ws': 0.0, 'ws_scalar': 0.0}","{'gas': {'co': 18148, 'co2': 13271, 'no': 18149, 'no2': 18150, 'o3': 18151}, 'pm': {'pm1': 17109, 'pm10': 17111, 'pm25': 17110}}",0.7,3.71,12.9,0.45,3.32,0.93,563134679,78.3,MOD-00623,9.4,2025-12-12T12:19:02,2025-12-12T04:19:02,https://api.quant-aq.com/v1/devices/MOD-00623/data/563134527
241.99,734.13,"{'lat': None, 'lon': None}","{'rh': 78.3, 'temp': 9.4, 'wd': 0.0, 'ws': 0.0, 'ws_scalar': 0.0}","{'gas': {'co': 18148, 'co2': 13271, 'no': 18149, 'no2': 18150, 'o3': 18151}, 'pm': {'pm1': 17109, 'pm10': 17111, 'pm25': 17110}}",0.7,4.0,12.77,0.37,2.04,1.0,563134678,78.3,MOD-00623,9.4,2025-12-12T12:18:02,2025-12-12T04:18:02,https://api.quant-aq.com/v1/devices/MOD-00623/data/563134528
244.11,734.85,"{'lat': None, 'lon': None}","{'rh': 78.2, 'temp': 9.4, 'wd': 0.0, 'ws': 0.0, 'ws_scalar': 0.0}","{'gas': {'co': 18148, 'co2': 13271, 'no': 18149, 'no2': 18150, 'o3': 18151}, 'pm': {'pm1': 17109, 'pm10': 17111, 'pm25': 17110}}",1.49,4.01,13.24,0.49,2.39,0.91,563132556,78.2,MOD-00623,9.4,2025-12-12T12:17:02,2025-12-12T04:17:02,https://api.quant-aq.com/v1/devices/MOD-00623/data/563132405
244.67,731.96,"{'lat': None, 'lon': None}","{'rh': 78.0, 'temp': 9.4, 'wd': 0.0, 'ws': 0.0, 'ws_scalar': 0.0}","{'gas': {'co': 18148, 'co2': 13271, 'no': 18149, 'no2': 18150, 'o3': 18151}, 'pm': {'pm1': 17109, 'pm10': 17111, 'pm25': 17110}}",0.71,2.8,14.32,0.42,3.3,1.0,563132558,78.0,MOD-00623,9.4,2025-12-12T12:16:02,2025-12-12T04:16:02,https://api.quant-aq.com/v1/devices/MOD-00623/data/563132409
237.69,730.03,"{'lat': None, 'lon': None}","{'rh': 78.0, 'temp': 9.4, 'wd': 0.0, 'ws': 0.0, 'ws_scalar': 0.0}","{'gas': {'co': 18148, 'co2': 13271, 'no': 18149, 'no2': 18150, 'o3': 18151}, 'pm': {'pm1': 17109, 'pm10': 17111, 'pm25': 17110}}",1.18,3.01,14.2,0.38,3.72,0.86,563132555,78.0,MOD-00623,9.4,2025-12-12T12:15:02,2025-12-12T04:15:02,https://api.quant-aq.com/v1/devices/MOD-00623/data/563132404
238.92,729.79,"{'lat': None, 'lon': None}","{'rh': 78.0, 'temp': 9.4, 'wd': 0.0, 'ws': 0.0, 'ws_scalar': 0.0}","{'gas': {'co': 18148, 'co2': 13271, 'no': 18149, 'no2': 18150, 'o3': 18151}, 'pm': {'pm1': 17109, 'pm10': 17111, 'pm25': 17110}}",0.56,3.47,15.78,0.23,3.06,0.59,563132554,78.0,MOD-00623,9.4,2025-12-12T12:14:02,2025-12-12T04:14:02,https://api.quant-aq.com/v1/devices/MOD-00623/data/563132403
237.01,729.79,"{'lat': None, 'lon': None}","{'rh': 77.8, 'temp': 9.4, 'wd': 0.0, 'ws': 0.0, 'ws_scalar': 0.0}","{'gas': {'co': 18148, 'co2': 13271, 'no': 18149, 'no2': 18150, 'o3': 18151}, 'pm': {'pm1': 17109, 'pm10': 17111, 'pm25': 17110}}",0.88,3.25,15.0,0.29,2.05,0.81,563132557,77.8,MOD-00623,9.4,2025-12-12T12:13:02,2025-12-12T04:13:02,https://api.quant-aq.com/v1/devices/MOD-00623/data/563132407
238.39,734.25,"{'lat': None, 'lon': None}","{'rh': 77.6, 'temp': 9.4, 'wd': 0.0, 'ws': 0.0, 'ws_scalar': 0.0}","{'gas': {'co': 18148, 'co2': 13271, 'no': 18149, 'no2': 18150, 'o3': 18151}, 'pm': {'pm1': 17109, 'pm10': 17111, 'pm25': 17110}}",0.26,3.27,15.02,0.57,9.4,0.96,563129935,77.6,MOD-00623,9.4,2025-12-12T12:12:02,2025-12-12T04:12:02,https://api.quant-aq.com/v1/devices/MOD-00623/data/563129784
233.8,730.03,"{'lat': None, 'lon': None}","{'rh': 77.7, 'temp': 9.4, 'wd': 0.0, 'ws': 0.0, 'ws_scalar': 0.0}","{'gas': {'co': 18148, 'co2': 13271, 'no': 18149, 'no2': 18150, 'o3': 18151}, 'pm': {'pm1': 17109, 'pm10': 17111, 'pm25': 17110}}",0.88,3.04,16.05,0.3,2.9,0.63,563129934,77.7,MOD-00623,9.4,2025-12-12T12:11:02,2025-12-12T04:11:02,https://api.quant-aq.com/v1/devices/MOD-00623/data/563129783
237.64,730.03,"{'lat': None, 'lon': None}","{'rh': 77.5, 'temp': 9.4, 'wd': 0.0, 'ws': 0.0, 'ws_scalar': 0.0}","{'gas': {'co': 18148, 'co2': 13271, 'no': 18149, 'no2': 18150, 'o3': 18151}, 'pm': {'pm1': 17109, 'pm10': 17111, 'pm25': 17110}}",0.73,3.06,16.06,0.38,1.85,0.8,563129932,77.5,MOD-00623,9.4,2025-12-12T12:10:02,2025-12-12T04:10:02,https://api.quant-aq.com/v1/devices/MOD-00623/data/563129781
235.99,730.76,"{'lat': None, 'lon': None}","{'rh': 77.5, 'temp': 9.4, 'wd': 0.0, 'ws': 0.0, 'ws_scalar': 0.0}","{'gas': {'co': 18148, 'co2': 13271, 'no': 18149, 'no2': 18150, 'o3': 18151}, 'pm': {'pm1': 17109, 'pm10': 17111, 'pm25': 17110}}",0.26,3.28,16.85,0.53,1.93,0.97,563129933,77.5,MOD-00623,9.4,2025-12-12T12:09:02,2025-12-12T04:09:02,https://api.quant-aq.com/v1/devices/MOD-00623/data/563129782
246.46,728.35,"{'lat': None, 'lon': None}","{'rh': 77.2, 'temp': 9.4, 'wd': 0.0, 'ws': 0.0, 'ws_scalar': 0.0}","{'gas': {'co': 18148, 'co2': 13271, 'no': 18149, 'no2': 18150, 'o3': 18151}, 'pm': {'pm1': 17109, 'pm10': 17111, 'pm25': 17110}}",0.59,3.82,15.72,0.47,2.46,0.97,563127893,77.2,MOD-00623,9.4,2025-12-12T12:08:02,2025-12-12T04:08:02,https://api.quant-aq.com/v1/devices/MOD-00623/data/563127742
240.72,727.87,"{'lat': None, 'lon': None}","{'rh': 77.2, 'temp': 9.4, 'wd': 0.0, 'ws': 0.0, 'ws_scalar': 0.0}","{'gas': {'co': 18148, 'co2': 13271, 'no': 18149, 'no2': 18150, 'o3': 18151}, 'pm': {'pm1': 17109, 'pm10': 17111, 'pm25': 17110}}",0.75,3.31,15.96,0.32,0.89,0.8,563127892,77.2,MOD-00623,9.4,2025-12-12T12:07:02,2025-12-12T04:07:02,https://api.quant-aq.com/v1/devices/MOD-00623/data/563127741
231.91,726.78,"{'lat': None, 'lon': None}","{'rh': 76.9, 'temp': 9.4, 'wd': 0.0, 'ws': 0.0, 'ws_scalar': 0.0}","{'gas': {'co': 18148, 'co2': 13271, 'no': 18149, 'no2': 18150, 'o3': 18151}, 'pm': {'pm1': 17109, 'pm10': 17111, 'pm25': 17110}}",0.91,2.72,18.18,0.57,2.67,1.29,563127890,76.9,MOD-00623,9.4,2025-12-12T12:06:02,2025-12-12T04:06:02,https://api.quant-aq.com/v1/devices/MOD-00623/data/563127739
235.33,728.83,"{'lat': None, 'lon': None}","{'rh': 76.7, 'temp': 9.4, 'wd': 0.0, 'ws': 0.0, 'ws_scalar': 0.0}","{'gas': {'co': 18148, 'co2': 13271, 'no': 18149, 'no2': 18150, 'o3': 18151}, 'pm': {'pm1': 17109, 'pm10': 17111, 'pm25': 17110}}",1.08,2.74,16.37,0.5,1.98,0.99,563127891,76.7,MOD-00623,9.4,2025-12-12T12:05:02,2025-12-12T04:05:02,https://api.quant-aq.com/v1/devices/MOD-00623/data/563127740
243.25,729.55,"{'lat': None, 'lon': None}","{'rh': 77.1, 'temp': 9.4, 'wd': 0.0, 'ws': 0.0, 'ws_scalar': 0.0}","{'gas': {'co': 18148, 'co2': 13271, 'no': 18149, 'no2': 18150, 'o3': 18151}, 'pm': {'pm1': 17109, 'pm10': 17111, 'pm25': 17110}}",0.44,2.9,18.04,0.37,3.19,0.62,563125770,77.1,MOD-00623,9.4,2025-12-12T12:04:02,2025-12-12T04:04:02,https://api.quant-aq.com/v1/devices/MOD-00623/data/563125619
237.79,723.05,"{'lat': None, 'lon': None}","{'rh': 76.7, 'temp': 9.4, 'wd': 0.0, 'ws': 0.0, 'ws_scalar': 0.0}","{'gas': {'co': 18148, 'co2': 13271, 'no': 18149, 'no2': 18150, 'o3': 18151}, 'pm': {'pm1': 17109, 'pm10': 17111, 'pm25': 17110}}",0.92,3.14,16.58,0.6,1.62,0.93,563125769,76.7,MOD-00623,9.4,2025-12-12T12:03:02,2025-12-12T04:03:02,https://api.quant-aq.com/v1/devices/MOD-00623/data/563125618
238.34,723.05,"{'lat': None, 'lon': None}","{'rh': 76.5, 'temp': 9.4, 'wd': 0.0, 'ws': 0.0, 'ws_scalar': 0.0}","{'gas': {'co': 18148, 'co2': 13271, 'no': 18149, 'no2': 18150, 'o3': 18151}, 'pm': {'pm1': 17109, 'pm10': 17111, 'pm25': 17110}}",0.62,2.58,18.79,0.35,0.61,0.58,563125767,76.5,MOD-00623,9.4,2025-12-12T12:02:02,2025-12-12T04:02:02,https://api.quant-aq.com/v1/devices/MOD-00623/data/563125616
244.08,727.26,"{'lat': None, 'lon': None}","{'rh': 76.5, 'temp': 9.4, 'wd': 0.0, 'ws': 0.0, 'ws_scalar': 0.0}","{'gas': {'co': 18148, 'co2': 13271, 'no': 18149, 'no2': 18150, 'o3': 18151}, 'pm': {'pm1': 17109, 'pm10': 17111, 'pm25': 17110}}",1.09,2.95,18.08,0.42,4.89,0.97,563125768,76.5,MOD-00623,9.4,2025-12-12T12:01:02,2025-12-12T04:01:02,https://api.quant-aq.com/v1/devices/MOD-00623/data/563125617
242.85,724.01,"{'lat': None, 'lon': None}","{'rh': 76.5, 'temp': 9.4, 'wd': 0.0, 'ws': 0.0, 'ws_scalar': 0.0}","{'gas': {'co': 18148, 'co2': 13271, 'no': 18149, 'no2': 18150, 'o3': 18151}, 'pm': {'pm1': 17109, 'pm10': 17111, 'pm25': 17110}}",0.93,2.76,17.75,0.59,1.56,0.86,563123644,76.5,MOD-00623,9.4,2025-12-12T12:00:02,2025-12-12T04:00:02,https://api.quant-aq.com/v1/devices/MOD-00623/data/563123492
240.87,726.66,"{'lat': None, 'lon': None}","{'rh': 76.4, 'temp': 9.4, 'wd': 0.0, 'ws': 0.0, 'ws_scalar': 0.0}","{'gas': {'co': 18148, 'co2': 13271, 'no': 18149, 'no2': 18150, 'o3': 18151}, 'pm': {'pm1': 17109, 'pm10': 17111, 'pm25': 17110}}",0.62,2.59,18.34,0.54,2.15,0.96,563123643,76.4,MOD-00623,9.4,2025-12-12T11:59:02,2025-12-12T03:59:02,https://api.quant-aq.com/v1/devices/MOD-00623/data/563123491
236.29,726.42,"{'lat': None, 'lon': None}","{'rh': 76.5, 'temp': 9.4, 'wd': 0.0, 'ws': 0.0, 'ws_scalar': 0.0}","{'gas': {'co': 18148, 'co2': 13271, 'no': 18149, 'no2': 18150, 'o3': 18151}, 'pm': {'pm1': 17109, 'pm10': 17111, 'pm25': 17110}}",1.25,2.76,17.75,0.47,1.93,0.87,563123642,76.5,MOD-00623,9.4,2025-12-12T11:58:02,2025-12-12T03:58:02,https://api.quant-aq.com/v1/devices/MOD-00623/data/563123493
242.1,724.61,"{'lat': None, 'lon': None}","{'rh': 76.4, 'temp': 9.4, 'wd': 0.0, 'ws': 0.0, 'ws_scalar': 0.0}","{'gas': {'co': 18148, 'co2': 13271, 'no': 18149, 'no2': 18150, 'o3': 18151}, 'pm': {'pm1': 17109, 'pm10': 17111, 'pm25': 17110}}",0.94,2.77,18.67,0.47,6.22,0.87,563123639,76.4,MOD-00623,9.4,2025-12-12T11:57:02,2025-12-12T03:57:02,https://api.quant-aq.com/v1/devices/MOD-00623/data/563123489
228.64,729.07,"{'lat': None, 'lon': None}","{'rh': 76.3, 'temp': 9.4, 'wd': 0.0, 'ws': 0.0, 'ws_scalar': 0.0}","{'gas': {'co': 18148, 'co2': 13271, 'no': 18149, 'no2': 18150, 'o3': 18151}, 'pm': {'pm1': 17109, 'pm10': 17111, 'pm25': 17110}}",0.78,2.78,17.77,0.41,7.78,0.88,563121626,76.3,MOD-00623,9.4,2025-12-12T11:56:02,2025-12-12T03:56:02,https://api.quant-aq.com/v1/devices/MOD-00623/data/563121474
223.38,726.18,"{'lat': None, 'lon': None}","{'rh': 76.2, 'temp': 9.4, 'wd': 0.0, 'ws': 0.0, 'ws_scalar': 0.0}","{'gas': {'co': 18148, 'co2': 13271, 'no': 18149, 'no2': 18150, 'o3': 18151}, 'pm': {'pm1': 17109, 'pm10': 17111, 'pm25': 17110}}",1.26,2.28,18.6,0.61,1.79,1.05,563121628,76.2,MOD-00623,9.4,2025-12-12T11:55:02,2025-12-12T03:55:02,https://api.quant-aq.com/v1/devices/MOD-00623/data/563121476
253.05,727.02,"{'lat': None, 'lon': None}","{'rh': 76.0, 'temp': 9.4, 'wd': 0.0, 'ws': 0.0, 'ws_scalar': 0.0}","{'gas': {'co': 18148, 'co2': 13271, 'no': 18149, 'no2': 18150, 'o3': 18151}, 'pm': {'pm1': 17109, 'pm10': 17111, 'pm25': 17110}}",1.27,3.0,18.58,0.49,4.26,1.02,563121627,76.0,MOD-00623,9.4,2025-12-12T11:54:02,2025-12-12T03:54:02,https://api.quant-aq.com/v1/devices/MOD-00623/data/563121477
253.78,727.87,"{'lat': None, 'lon': None}","{'rh': 75.7, 'temp': 9.5, 'wd': 0.0, 'ws': 0.0, 'ws_scalar': 0.0}","{'gas': {'co': 18148, 'co2': 13271, 'no': 18149, 'no2': 18150, 'o3': 18151}, 'pm': {'pm1': 17109, 'pm10': 17111, 'pm25': 17110}}",0.9,2.83,18.26,0.32,0.96,0.7,563121625,75.7,MOD-00623,9.5,2025-12-12T11:53:02,2025-12-12T03:53:02,https://api.quant-aq.com/v1/devices/MOD-00623/data/563121475
234.98,723.41,"{'lat': None, 'lon': None}","{'rh': 75.6, 'temp': 9.5, 'wd': 0.0, 'ws': 0.0, 'ws_scalar': 0.0}","{'gas': {'co': 18148, 'co2': 13271, 'no': 18149, 'no2': 18150, 'o3': 18151}, 'pm': {'pm1': 17109, 'pm10': 17111, 'pm25': 17110}}",0.74,2.84,17.81,0.29,2.17,0.83,563119506,75.6,MOD-00623,9.5,2025-12-12T11:52:02,2025-12-12T03:52:02,https://api.quant-aq.com/v1/devices/MOD-00623/data/563119354
239.9,725.7,"{'lat': None, 'lon': None}","{'rh': 75.6, 'temp': 9.5, 'wd': 0.0, 'ws': 0.0, 'ws_scalar': 0.0}","{'gas': {'co': 18148, 'co2': 13271, 'no': 18149, 'no2': 18150, 'o3': 18151}, 'pm': {'pm1': 17109, 'pm10': 17111, 'pm25': 17110}}",1.37,2.48,18.51,0.44,3.09,0.76,563119508,75.6,MOD-00623,9.5,2025-12-12T11:51:02,2025-12-12T03:51:02,https://api.quant-aq.com/v1/devices/MOD-00623/data/563119357
246.95,724.13,"{'lat': None, 'lon': None}","{'rh': 75.5, 'temp': 9.5, 'wd': 0.0, 'ws': 0.0, 'ws_scalar': 0.0}","{'gas': {'co': 18148, 'co2': 13271, 'no': 18149, 'no2': 18150, 'o3': 18151}, 'pm': {'pm1': 17109, 'pm10': 17111, 'pm25': 17110}}",1.38,2.66,17.94,0.37,2.63,0.8,563119507,75.5,MOD-00623,9.5,2025-12-12T11:50:02,2025-12-12T03:50:02,https://api.quant-aq.com/v1/devices/MOD-00623/data/563119356
239.15,727.38,"{'lat': None, 'lon': None}","{'rh': 75.5, 'temp': 9.5, 'wd': 0.0, 'ws': 0.0, 'ws_scalar': 0.0}","{'gas': {'co': 18148, 'co2': 13271, 'no': 18149, 'no2': 18150, 'o3': 18151}, 'pm': {'pm1': 17109, 'pm10': 17111, 'pm25': 17110}}",1.38,2.85,18.73,0.41,2.17,0.94,563119505,75.5,MOD-00623,9.5,2025-12-12T11:49:02,2025-12-12T03:49:02,https://api.quant-aq.com/v1/devices/MOD-00623/data/563119355
238.74,729.43,"{'lat': None, 'lon': None}","{'rh': 75.5, 'temp': 9.5, 'wd': 0.0, 'ws': 0.0, 'ws_scalar': 0.0}","{'gas': {'co': 18148, 'co2': 13271, 'no': 18149, 'no2': 18150, 'o3': 18151}, 'pm': {'pm1': 17109, 'pm10': 17111, 'pm25': 17110}}",0.75,2.17,17.85,0.34,2.2,0.76,563117257,75.5,MOD-00623,9.5,2025-12-12T11:48:02,2025-12-12T03:48:02,https://api.quant-aq.com/v1/devices/MOD-00623/data/563117105
236.55,726.54,"{'lat': None, 'lon': None}","{'rh': 75.7, 'temp': 9.5, 'wd': 0.0, 'ws': 0.0, 'ws_scalar': 0.0}","{'gas': {'co': 18148, 'co2': 13271, 'no': 18149, 'no2': 18150, 'o3': 18151}, 'pm': {'pm1': 17109, 'pm10': 17111, 'pm25': 17110}}",1.21,2.65,16.55,0.36,1.74,0.96,563117258,75.7,MOD-00623,9.5,2025-12-12T11:47:02,2025-12-12T03:47:02,https://api.quant-aq.com/v1/devices/MOD-00623/data/563117107
232.93,727.87,"{'lat': None, 'lon': None}","{'rh': 75.6, 'temp': 9.5, 'wd': 0.0, 'ws': 0.0, 'ws_scalar': 0.0}","{'gas': {'co': 18148, 'co2': 13271, 'no': 18149, 'no2': 18150, 'o3': 18151}, 'pm': {'pm1': 17109, 'pm10': 17111, 'pm25': 17110}}",0.9,2.48,17.14,0.41,1.1,0.76,563117256,75.6,MOD-00623,9.5,2025-12-12T11:46:02,2025-12-12T03:46:02,https://api.quant-aq.com/v1/devices/MOD-00623/data/563117106
240.83,732.08,"{'lat': None, 'lon': None}","{'rh': 75.6, 'temp': 9.6, 'wd': 0.0, 'ws': 0.0, 'ws_scalar': 0.0}","{'gas': {'co': 18148, 'co2': 13271, 'no': 18149, 'no2': 18150, 'o3': 18151}, 'pm': {'pm1': 17109, 'pm10': 17111, 'pm25': 17110}}",0.84,2.49,15.76,0.35,3.44,0.73,563117255,75.6,MOD-00623,9.6,2025-12-12T11:45:02,2025-12-12T03:45:02,https://api.quant-aq.com/v1/devices/MOD-00623/data/563117104
251.43,729.31,"{'lat': None, 'lon': None}","{'rh': 75.7, 'temp': 9.6, 'wd': 0.0, 'ws': 0.0, 'ws_scalar': 0.0}","{'gas': {'co': 18148, 'co2': 13271, 'no': 18149, 'no2': 18150, 'o3': 18151}, 'pm': {'pm1': 17109, 'pm10': 17111, 'pm25': 17110}}",1.3,2.83,15.05,0.39,9.13,0.95,563115161,75.7,MOD-00623,9.6,2025-12-12T11:44:02,2025-12-12T03:44:02,https://api.quant-aq.com/v1/devices/MOD-00623/data/563115010
253.48,730.76,"{'lat': None, 'lon': None}","{'rh': 75.7, 'temp': 9.6, 'wd': 0.0, 'ws': 0.0, 'ws_scalar': 0.0}","{'gas': {'co': 18148, 'co2': 13271, 'no': 18149, 'no2': 18150, 'o3': 18151}, 'pm': {'pm1': 17109, 'pm10': 17111, 'pm25': 17110}}",1.46,2.32,16.33,0.47,1.17,1.0,563115158,75.7,MOD-00623,9.6,2025-12-12T11:43:02,2025-12-12T03:43:02,https://api.quant-aq.com/v1/devices/MOD-00623/data/563115007
258.81,732.8,"{'lat': None, 'lon': None}","{'rh': 75.7, 'temp': 9.6, 'wd': 0.0, 'ws': 0.0, 'ws_scalar': 0.0}","{'gas': {'co': 18148, 'co2': 13271, 'no': 18149, 'no2': 18150, 'o3': 18151}, 'pm': {'pm1': 17109, 'pm10': 17111, 'pm25': 17110}}",0.99,2.48,16.21,0.32,6.67,0.78,563115159,75.7,MOD-00623,9.6,2025-12-12T11:42:02,2025-12-12T03:42:02,https://api.quant-aq.com/v1/devices/MOD-00623/data/563115008
273.5,730.15,"{'lat': None, 'lon': None}","{'rh': 75.8, 'temp': 9.6, 'wd': 0.0, 'ws': 0.0, 'ws_scalar': 0.0}","{'gas': {'co': 18148, 'co2': 13271, 'no': 18149, 'no2': 18150, 'o3': 18151}, 'pm': {'pm1': 17109, 'pm10': 17111, 'pm25': 17110}}",0.67,2.47,17.11,0.43,1.34,0.81,563115160,75.8,MOD-00623,9.6,2025-12-12T11:41:02,2025-12-12T03:41:02,https://api.quant-aq.com/v1/devices/MOD-00623/data/563115009
271.93,729.31,"{'lat': None, 'lon': None}","{'rh': 75.7, 'temp': 9.6, 'wd': 0.0, 'ws': 0.0, 'ws_scalar': 0.0}","{'gas': {'co': 18148, 'co2': 13271, 'no': 18149, 'no2': 18150, 'o3': 18151}, 'pm': {'pm1': 17109, 'pm10': 17111, 'pm25': 17110}}",1.46,2.65,16.54,0.25,2.0,0.73,563113112,75.7,MOD-00623,9.6,2025-12-12T11:40:02,2025-12-12T03:40:02,https://api.quant-aq.com/v1/devices/MOD-00623/data/563112962
267.62,727.5,"{'lat': None, 'lon': None}","{'rh': 76.0, 'temp': 9.6, 'wd': 0.0, 'ws': 0.0, 'ws_scalar': 0.0}","{'gas': {'co': 18148, 'co2': 13271, 'no': 18149, 'no2': 18150, 'o3': 18151}, 'pm': {'pm1': 17109, 'pm10': 17111, 'pm25': 17110}}",0.51,2.46,15.73,0.28,0.98,0.62,563113109,76.0,MOD-00623,9.6,2025-12-12T11:39:02,2025-12-12T03:39:02,https://api.quant-aq.com/v1/devices/MOD-00623/data/563112958
243.76,734.13,"{'lat': None, 'lon': None}","{'rh': 76.1, 'temp': 9.6, 'wd': 0.0, 'ws': 0.0, 'ws_scalar': 0.0}","{'gas': {'co': 18148, 'co2': 13271, 'no': 18149, 'no2': 18150, 'o3': 18151}, 'pm': {'pm1': 17109, 'pm10': 17111, 'pm25': 17110}}",1.29,2.8,14.56,0.41,1.9,1.01,563113111,76.1,MOD-00623,9.6,2025-12-12T11:38:02,2025-12-12T03:38:02,https://api.quant-aq.com/v1/devices/MOD-00623/data/563112960
236.44,729.79,"{'lat': None, 'lon': None}","{'rh': 76.6, 'temp': 9.6, 'wd': 0.0, 'ws': 0.0, 'ws_scalar': 0.0}","{'gas': {'co': 18148, 'co2': 13271, 'no': 18149, 'no2': 18150, 'o3': 18151}, 'pm': {'pm1': 17109, 'pm10': 17111, 'pm25': 17110}}",1.11,2.95,14.4,0.4,9.86,0.95,563113110,76.6,MOD-00623,9.6,2025-12-12T11:37:02,2025-12-12T03:37:02,https://api.quant-aq.com/v1/devices/MOD-00623/data/563112959
239.79,731.12,"{'lat': None, 'lon': None}","{'rh': 76.5, 'temp': 9.6, 'wd': 0.0, 'ws': 0.0, 'ws_scalar': 0.0}","{'gas': {'co': 18148, 'co2': 13271, 'no': 18149, 'no2': 18150, 'o3': 18151}, 'pm': {'pm1': 17109, 'pm10': 17111, 'pm25': 17110}}",1.11,3.4,13.25,0.59,5.8,1.2,563111081,76.5,MOD-00623,9.6,2025-12-12T11:36:02,2025-12-12T03:36:02,https://api.quant-aq.com/v1/devices/MOD-00623/data/563110930
246.08,732.08,"{'lat': None, 'lon': None}","{'rh': 76.3, 'temp': 9.6, 'wd': 0.0, 'ws': 0.0, 'ws_scalar': 0.0}","{'gas': {'co': 18148, 'co2': 13271, 'no': 18149, 'no2': 18150, 'o3': 18151}, 'pm': {'pm1': 17109, 'pm10': 17111, 'pm25': 17110}}",1.12,2.6,14.22,0.36,2.94,0.75,563111080,76.3,MOD-00623,9.6,2025-12-12T11:35:02,2025-12-12T03:35:02,https://api.quant-aq.com/v1/devices/MOD-00623/data/563110929
237.88,731.36,"{'lat': None, 'lon': None}","{'rh': 76.3, 'temp': 9.6, 'wd': 0.0, 'ws': 0.0, 'ws_scalar': 0.0}","{'gas': {'co': 18148, 'co2': 13271, 'no': 18149, 'no2': 18150, 'o3': 18151}, 'pm': {'pm1': 17109, 'pm10': 17111, 'pm25': 17110}}",0.49,3.41,13.27,0.51,2.13,0.91,563111079,76.3,MOD-00623,9.6,2025-12-12T11:34:02,2025-12-12T03:34:02,https://api.quant-aq.com/v1/devices/MOD-00623/data/563110927
238.02,730.88,"{'lat': None, 'lon': None}","{'rh': 76.1, 'temp': 9.6, 'wd': 0.0, 'ws': 0.0, 'ws_scalar': 0.0}","{'gas': {'co': 18148, 'co2': 13271, 'no': 18149, 'no2': 18150, 'o3': 18151}, 'pm': {'pm1': 17109, 'pm10': 17111, 'pm25': 17110}}",1.29,2.45,14.36,0.41,10.21,0.99,563111078,76.1,MOD-00623,9.6,2025-12-12T11:33:02,2025-12-12T03:33:02,https://api.quant-aq.com/v1/devices/MOD-00623/data/563110928
251.15,729.91,"{'lat': None, 'lon': None}","{'rh': 76.1, 'temp': 9.6, 'wd': 0.0, 'ws': 0.0, 'ws_scalar': 0.0}","{'gas': {'co': 18148, 'co2': 13271, 'no': 18149, 'no2': 18150, 'o3': 18151}, 'pm': {'pm1': 17109, 'pm10': 17111, 'pm25': 17110}}",0.82,2.62,13.78,0.39,1.92,1.02,563109008,76.1,MOD-00623,9.6,2025-12-12T11:32:02,2025-12-12T03:32:02,https://api.quant-aq.com/v1/devices/MOD-00623/data/563108857
230.16,730.76,"{'lat': None, 'lon': None}","{'rh': 76.2, 'temp': 9.6, 'wd': 0.0, 'ws': 0.0, 'ws_scalar': 0.0}","{'gas': {'co': 18148, 'co2': 13271, 'no': 18149, 'no2': 18150, 'o3': 18151}, 'pm': {'pm1': 17109, 'pm10': 17111, 'pm25': 17110}}",1.28,2.44,14.35,0.49,2.34,1.18,563109007,76.2,MOD-00623,9.6,2025-12-12T11:31:02,2025-12-12T03:31:02,https://api.quant-aq.com/v1/devices/MOD-00623/data/563108856
233.51,730.76,"{'lat': None, 'lon': None}","{'rh': 76.1, 'temp': 9.6, 'wd': 0.0, 'ws': 0.0, 'ws_scalar': 0.0}","{'gas': {'co': 18148, 'co2': 13271, 'no': 18149, 'no2': 18150, 'o3': 18151}, 'pm': {'pm1': 17109, 'pm10': 17111, 'pm25': 17110}}",1.13,2.62,14.23,0.55,7.04,0.89,563109006,76.1,MOD-00623,9.6,2025-12-12T11:30:02,2025-12-12T03:30:02,https://api.quant-aq.com/v1/devices/MOD-00623/data/563108855
245.19,727.63,"{'lat': None, 'lon': None}","{'rh': 76.4, 'temp': 9.6, 'wd': 0.0, 'ws': 0.0, 'ws_scalar': 0.0}","{'gas': {'co': 18148, 'co2': 13271, 'no': 18149, 'no2': 18150, 'o3': 18151}, 'pm': {'pm1': 17109, 'pm10': 17111, 'pm25': 17110}}",1.9,2.6,13.3,0.36,1.78,0.92,563109005,76.4,MOD-00623,9.6,2025-12-12T11:29:02,2025-12-12T03:29:02,https://api.quant-aq.com/v1/devices/MOD-00623/data/563108854
240.88,731.96,"{'lat': None, 'lon': None}","{'rh': 76.7, 'temp': 9.6, 'wd': 0.0, 'ws': 0.0, 'ws_scalar': 0.0}","{'gas': {'co': 18148, 'co2': 13271, 'no': 18149, 'no2': 18150, 'o3': 18151}, 'pm': {'pm1': 17109, 'pm10': 17111, 'pm25': 17110}}",0.79,2.94,13.03,0.3,4.07,0.73,563106983,76.7,MOD-00623,9.6,2025-12-12T11:28:02,2025-12-12T03:28:02,https://api.quant-aq.com/v1/devices/MOD-00623/data/563106832
251.06,732.93,"{'lat': None, 'lon': None}","{'rh': 76.8, 'temp': 9.6, 'wd': 0.0, 'ws': 0.0, 'ws_scalar': 0.0}","{'gas': {'co': 18148, 'co2': 13271, 'no': 18149, 'no2': 18150, 'o3': 18151}, 'pm': {'pm1': 17109, 'pm10': 17111, 'pm25': 17110}}",1.41,3.61,13.56,0.54,1.82,1.05,563106982,76.8,MOD-00623,9.6,2025-12-12T11:27:02,2025-12-12T03:27:02,https://api.quant-aq.com/v1/devices/MOD-00623/data/563106831
239.24,735.94,"{'lat': None, 'lon': None}","{'rh': 76.7, 'temp': 9.6, 'wd': 0.0, 'ws': 0.0, 'ws_scalar': 0.0}","{'gas': {'co': 18148, 'co2': 13271, 'no': 18149, 'no2': 18150, 'o3': 18151}, 'pm': {'pm1': 17109, 'pm10': 17111, 'pm25': 17110}}",0.95,2.94,13.03,0.58,3.5,1.1,563106981,76.7,MOD-00623,9.6,2025-12-12T11:26:02,2025-12-12T03:26:02,https://api.quant-aq.com/v1/devices/MOD-00623/data/563106830
236.92,731.72,"{'lat': None, 'lon': None}","{'rh': 76.5, 'temp': 9.6, 'wd': 0.0, 'ws': 0.0, 'ws_scalar': 0.0}","{'gas': {'co': 18148, 'co2': 13271, 'no': 18149, 'no2': 18150, 'o3': 18151}, 'pm': {'pm1': 17109, 'pm10': 17111, 'pm25': 17110}}",0.8,3.4,13.71,0.35,3.77,0.87,563106984,76.5,MOD-00623,9.6,2025-12-12T11:25:02,2025-12-12T03:25:02,https://api.quant-aq.com/v1/devices/MOD-00623/data/563106833
247.04,731.24,"{'lat': None, 'lon': None}","{'rh': 76.1, 'temp': 9.6, 'wd': 0.0, 'ws': 0.0, 'ws_scalar': 0.0}","{'gas': {'co': 18148, 'co2': 13271, 'no': 18149, 'no2': 18150, 'o3': 18151}, 'pm': {'pm1': 17109, 'pm10': 17111, 'pm25': 17110}}",1.29,2.14,13.69,0.29,1.33,0.76,563104888,76.1,MOD-00623,9.6,2025-12-12T11:24:02,2025-12-12T03:24:02,https://api.quant-aq.com/v1/devices/MOD-00623/data/563104737
239.24,733.05,"{'lat': None, 'lon': None}","{'rh': 76.7, 'temp': 9.6, 'wd': 0.0, 'ws': 0.0, 'ws_scalar': 0.0}","{'gas': {'co': 18148, 'co2': 13271, 'no': 18149, 'no2': 18150, 'o3': 18151}, 'pm': {'pm1': 17109, 'pm10': 17111, 'pm25': 17110}}",1.26,2.94,13.03,0.41,1.41,0.89,563104891,76.7,MOD-00623,9.6,2025-12-12T11:23:02,2025-12-12T03:23:02,https://api.quant-aq.com/v1/devices/MOD-00623/data/563104740
245.05,731.24,"{'lat': None, 'lon': None}","{'rh': 76.6, 'temp': 9.6, 'wd': 0.0, 'ws': 0.0, 'ws_scalar': 0.0}","{'gas': {'co': 18148, 'co2': 13271, 'no': 18149, 'no2': 18150, 'o3': 18151}, 'pm': {'pm1': 17109, 'pm10': 17111, 'pm25': 17110}}",0.64,2.95,13.49,0.35,1.77,0.82,563104889,76.6,MOD-00623,9.6,2025-12-12T11:22:02,2025-12-12T03:22:02,https://api.quant-aq.com/v1/devices/MOD-00623/data/563104738
243.34,732.56,"{'lat': None, 'lon': None}","{'rh': 76.7, 'temp': 9.6, 'wd': 0.0, 'ws': 0.0, 'ws_scalar': 0.0}","{'gas': {'co': 18148, 'co2': 13271, 'no': 18149, 'no2': 18150, 'o3': 18151}, 'pm': {'pm1': 17109, 'pm10': 17111, 'pm25': 17110}}",0.79,3.15,13.36,0.26,10.68,0.67,563104890,76.7,MOD-00623,9.6,2025-12-12T11:21:02,2025-12-12T03:21:02,https://api.quant-aq.com/v1/devices/MOD-00623/data/563104739
235.55,730.28,"{'lat': None, 'lon': None}","{'rh': 76.7, 'temp': 9.6, 'wd': 0.0, 'ws': 0.0, 'ws_scalar': 0.0}","{'gas': {'co': 18148, 'co2': 13271, 'no': 18149, 'no2': 18150, 'o3': 18151}, 'pm': {'pm1': 17109, 'pm10': 17111, 'pm25': 17110}}",1.26,2.94,13.94,0.28,3.85,0.83,563102854,76.7,MOD-00623,9.6,2025-12-12T11:20:02,2025-12-12T03:20:02,https://api.quant-aq.com/v1/devices/MOD-00623/data/563102704
234.45,731.36,"{'lat': None, 'lon': None}","{'rh': 77.1, 'temp': 9.6, 'wd': 0.0, 'ws': 0.0, 'ws_scalar': 0.0}","{'gas': {'co': 18148, 'co2': 13271, 'no': 18149, 'no2': 18150, 'o3': 18151}, 'pm': {'pm1': 17109, 'pm10': 17111, 'pm25': 17110}}",0.93,2.9,13.0,0.31,2.23,0.94,563102855,77.1,MOD-00623,9.6,2025-12-12T11:19:02,2025-12-12T03:19:02,https://api.quant-aq.com/v1/devices/MOD-00623/data/563102703
242.79,731.72,"{'lat': None, 'lon': None}","{'rh': 76.9, 'temp': 9.6, 'wd': 0.0, 'ws': 0.0, 'ws_scalar': 0.0}","{'gas': {'co': 18148, 'co2': 13271, 'no': 18149, 'no2': 18150, 'o3': 18151}, 'pm': {'pm1': 17109, 'pm10': 17111, 'pm25': 17110}}",0.94,2.92,13.47,0.24,6.99,0.82,563102852,76.9,MOD-00623,9.6,2025-12-12T11:18:02,2025-12-12T03:18:02,https://api.quant-aq.com/v1/devices/MOD-00623/data/563102701
246.96,731.96,"{'lat': None, 'lon': None}","{'rh': 76.8, 'temp': 9.6, 'wd': 0.0, 'ws': 0.0, 'ws_scalar': 0.0}","{'gas': {'co': 18148, 'co2': 13271, 'no': 18149, 'no2': 18150, 'o3': 18151}, 'pm': {'pm1': 17109, 'pm10': 17111, 'pm25': 17110}}",0.63,2.93,13.93,0.4,1.87,0.99,563102853,76.8,MOD-00623,9.6,2025-12-12T11:17:02,2025-12-12T03:17:02,https://api.quant-aq.com/v1/devices/MOD-00623/data/563102702
238.28,729.79,"{'lat': None, 'lon': None}","{'rh': 76.9, 'temp': 9.6, 'wd': 0.0, 'ws': 0.0, 'ws_scalar': 0.0}","{'gas': {'co': 18148, 'co2': 13271, 'no': 18149, 'no2': 18150, 'o3': 18151}, 'pm': {'pm1': 17109, 'pm10': 17111, 'pm25': 17110}}",0.47,2.55,14.17,0.4,1.71,0.91,563100823,76.9,MOD-00623,9.6,2025-12-12T11:16:02,2025-12-12T03:16:02,https://api.quant-aq.com/v1/devices/MOD-00623/data/563100672
231.52,729.55,"{'lat': None, 'lon': None}","{'rh': 76.6, 'temp': 9.6, 'wd': 0.0, 'ws': 0.0, 'ws_scalar': 0.0}","{'gas': {'co': 18148, 'co2': 13271, 'no': 18149, 'no2': 18150, 'o3': 18151}, 'pm': {'pm1': 17109, 'pm10': 17111, 'pm25': 17110}}",0.48,3.16,15.19,0.41,2.44,0.94,563100822,76.6,MOD-00623,9.6,2025-12-12T11:15:02,2025-12-12T03:15:02,https://api.quant-aq.com/v1/devices/MOD-00623/data/563100671
244.92,730.88,"{'lat': None, 'lon': None}","{'rh': 76.2, 'temp': 9.6, 'wd': 0.0, 'ws': 0.0, 'ws_scalar': 0.0}","{'gas': {'co': 18148, 'co2': 13271, 'no': 18149, 'no2': 18150, 'o3': 18151}, 'pm': {'pm1': 17109, 'pm10': 17111, 'pm25': 17110}}",0.81,2.99,14.43,0.47,1.96,0.96,563100825,76.2,MOD-00623,9.6,2025-12-12T11:14:02,2025-12-12T03:14:02,https://api.quant-aq.com/v1/devices/MOD-00623/data/563100674
240.96,731.72,"{'lat': None, 'lon': None}","{'rh': 76.0, 'temp': 9.6, 'wd': 0.0, 'ws': 0.0, 'ws_scalar': 0.0}","{'gas': {'co': 18148, 'co2': 13271, 'no': 18149, 'no2': 18150, 'o3': 18151}, 'pm': {'pm1': 17109, 'pm10': 17111, 'pm25': 17110}}",0.82,2.63,15.61,0.46,2.1,1.02,563100824,76.0,MOD-00623,9.6,2025-12-12T11:13:02,2025-12-12T03:13:02,https://api.quant-aq.com/v1/devices/MOD-00623/data/563100673
236.93,731.12,"{'lat': None, 'lon': None}","{'rh': 75.9, 'temp': 9.6, 'wd': 0.0, 'ws': 0.0, 'ws_scalar': 0.0}","{'gas': {'co': 18148, 'co2': 13271, 'no': 18149, 'no2': 18150, 'o3': 18151}, 'pm': {'pm1': 17109, 'pm10': 17111, 'pm25': 17110}}",0.82,3.22,14.33,0.38,2.29,0.86,563098715,75.9,MOD-00623,9.6,2025-12-12T11:12:02,2025-12-12T03:12:02,https://api.quant-aq.com/v1/devices/MOD-00623/data/563098563
241.51,729.19,"{'lat': None, 'lon': None}","{'rh': 75.8, 'temp': 9.6, 'wd': 0.0, 'ws': 0.0, 'ws_scalar': 0.0}","{'gas': {'co': 18148, 'co2': 13271, 'no': 18149, 'no2': 18150, 'o3': 18151}, 'pm': {'pm1': 17109, 'pm10': 17111, 'pm25': 17110}}",1.3,2.83,15.04,0.43,4.07,1.11,563098712,75.8,MOD-00623,9.6,2025-12-12T11:11:02,2025-12-12T03:11:02,https://api.quant-aq.com/v1/devices/MOD-00623/data/563098561
241.17,734.01,"{'lat': None, 'lon': None}","{'rh': 75.7, 'temp': 9.6, 'wd': 0.0, 'ws': 0.0, 'ws_scalar': 0.0}","{'gas': {'co': 18148, 'co2': 13271, 'no': 18149, 'no2': 18150, 'o3': 18151}, 'pm': {'pm1': 17109, 'pm10': 17111, 'pm25': 17110}}",0.99,3.03,15.38,0.36,2.82,0.74,563098716,75.7,MOD-00623,9.6,2025-12-12T11:10:02,2025-12-12T03:10:02,https://api.quant-aq.com/v1/devices/MOD-00623/data/563098565
239.19,729.31,"{'lat': None, 'lon': None}","{'rh': 75.6, 'temp': 9.6, 'wd': 0.0, 'ws': 0.0, 'ws_scalar': 0.0}","{'gas': {'co': 18148, 'co2': 13271, 'no': 18149, 'no2': 18150, 'o3': 18151}, 'pm': {'pm1': 17109, 'pm10': 17111, 'pm25': 17110}}",0.52,2.49,15.76,0.31,2.48,0.77,563098713,75.6,MOD-00623,9.6,2025-12-12T11:09:02,2025-12-12T03:09:02,https://api.quant-aq.com/v1/devices/MOD-00623/data/563098562
241.24,728.59,"{'lat': None, 'lon': None}","{'rh': 75.6, 'temp': 9.6, 'wd': 0.0, 'ws': 0.0, 'ws_scalar': 0.0}","{'gas': {'co': 18148, 'co2': 13271, 'no': 18149, 'no2': 18150, 'o3': 18151}, 'pm': {'pm1': 17109, 'pm10': 17111, 'pm25': 17110}}",1.15,3.25,16.18,0.54,1.34,1.01,563098714,75.6,MOD-00623,9.6,2025-12-12T11:08:02,2025-12-12T03:08:02,https://api.quant-aq.com/v1/devices/MOD-00623/data/563098564
236.59,726.78,"{'lat': None, 'lon': None}","{'rh': 75.8, 'temp': 9.6, 'wd': 0.0, 'ws': 0.0, 'ws_scalar': 0.0}","{'gas': {'co': 18148, 'co2': 13271, 'no': 18149, 'no2': 18150, 'o3': 18151}, 'pm': {'pm1': 17109, 'pm10': 17111, 'pm25': 17110}}",0.51,2.83,17.32,0.51,1.47,1.06,563095798,75.8,MOD-00623,9.6,2025-12-12T11:07:02,2025-12-12T03:07:02,https://api.quant-aq.com/v1/devices/MOD-00623/data/563095648
234.2,727.63,"{'lat': None, 'lon': None}","{'rh': 75.7, 'temp': 9.6, 'wd': 0.0, 'ws': 0.0, 'ws_scalar': 0.0}","{'gas': {'co': 18148, 'co2': 13271, 'no': 18149, 'no2': 18150, 'o3': 18151}, 'pm': {'pm1': 17109, 'pm10': 17111, 'pm25': 17110}}",0.83,3.24,17.54,0.4,3.38,0.66,563095799,75.7,MOD-00623,9.6,2025-12-12T11:06:02,2025-12-12T03:06:02,https://api.quant-aq.com/v1/devices/MOD-00623/data/563095647
237.69,726.9,"{'lat': None, 'lon': None}","{'rh': 75.4, 'temp': 9.6, 'wd': 0.0, 'ws': 0.0, 'ws_scalar': 0.0}","{'gas': {'co': 18148, 'co2': 13271, 'no': 18149, 'no2': 18150, 'o3': 18151}, 'pm': {'pm1': 17109, 'pm10': 17111, 'pm25': 17110}}",1.16,2.5,17.6,0.37,3.18,0.76,563095800,75.4,MOD-00623,9.6,2025-12-12T11:05:02,2025-12-12T03:05:02,https://api.quant-aq.com/v1/devices/MOD-00623/data/563095649
239.4,727.99,"{'lat': None, 'lon': None}","{'rh': 75.3, 'temp': 9.6, 'wd': 0.0, 'ws': 0.0, 'ws_scalar': 0.0}","{'gas': {'co': 18148, 'co2': 13271, 'no': 18149, 'no2': 18150, 'o3': 18151}, 'pm': {'pm1': 17109, 'pm10': 17111, 'pm25': 17110}}",0.38,2.68,17.94,0.39,2.92,0.89,563095801,75.3,MOD-00623,9.6,2025-12-12T11:04:02,2025-12-12T03:04:02,https://api.quant-aq.com/v1/devices/MOD-00623/data/563095650
241.05,724.49,"{'lat': None, 'lon': None}","{'rh': 75.3, 'temp': 9.6, 'wd': 0.0, 'ws': 0.0, 'ws_scalar': 0.0}","{'gas': {'co': 18148, 'co2': 13271, 'no': 18149, 'no2': 18150, 'o3': 18151}, 'pm': {'pm1': 17109, 'pm10': 17111, 'pm25': 17110}}",0.85,2.51,17.15,0.36,4.94,1.02,563093769,75.3,MOD-00623,9.6,2025-12-12T11:03:02,2025-12-12T03:03:02,https://api.quant-aq.com/v1/devices/MOD-00623/data/563093618
242.35,726.18,"{'lat': None, 'lon': None}","{'rh': 75.2, 'temp': 9.6, 'wd': 0.0, 'ws': 0.0, 'ws_scalar': 0.0}","{'gas': {'co': 18148, 'co2': 13271, 'no': 18149, 'no2': 18150, 'o3': 18151}, 'pm': {'pm1': 17109, 'pm10': 17111, 'pm25': 17110}}",0.85,2.69,17.04,0.38,1.79,0.9,563093768,75.2,MOD-00623,9.6,2025-12-12T11:02:02,2025-12-12T03:02:02,https://api.quant-aq.com/v1/devices/MOD-00623/data/563093617
239.06,726.66,"{'lat': None, 'lon': None}","{'rh': 75.2, 'temp': 9.6, 'wd': 0.0, 'ws': 0.0, 'ws_scalar': 0.0}","{'gas': {'co': 18148, 'co2': 13271, 'no': 18149, 'no2': 18150, 'o3': 18151}, 'pm': {'pm1': 17109, 'pm10': 17111, 'pm25': 17110}}",1.17,2.88,17.82,0.5,1.06,0.9,563093766,75.2,MOD-00623,9.6,2025-12-12T11:01:02,2025-12-12T03:01:02,https://api.quant-aq.com/v1/devices/MOD-00623/data/563093615
233.38,725.7,"{'lat': None, 'lon': None}","{'rh': 74.7, 'temp': 9.7, 'wd': 0.0, 'ws': 0.0, 'ws_scalar': 0.0}","{'gas': {'co': 18148, 'co2': 13271, 'no': 18149, 'no2': 18150, 'o3': 18151}, 'pm': {'pm1': 17109, 'pm10': 17111, 'pm25': 17110}}",0.96,2.23,18.8,0.38,3.59,0.73,563093767,74.7,MOD-00623,9.7,2025-12-12T11:00:02,2025-12-12T03:00:02,https://api.quant-aq.com/v1/devices/MOD-00623/data/563093616
238.43,726.42,"{'lat': None, 'lon': None}","{'rh': 75.1, 'temp': 9.7, 'wd': 0.0, 'ws': 0.0, 'ws_scalar': 0.0}","{'gas': {'co': 18148, 'co2': 13271, 'no': 18149, 'no2': 18150, 'o3': 18151}, 'pm': {'pm1': 17109, 'pm10': 17111, 'pm25': 17110}}",1.1,2.36,16.82,0.4,1.47,1.04,563091615,75.1,MOD-00623,9.7,2025-12-12T10:59:02,2025-12-12T02:59:02,https://api.quant-aq.com/v1/devices/MOD-00623/data/563091464
234.79,731.48,"{'lat': None, 'lon': None}","{'rh': 75.6, 'temp': 9.7, 'wd': 0.0, 'ws': 0.0, 'ws_scalar': 0.0}","{'gas': {'co': 18148, 'co2': 13271, 'no': 18149, 'no2': 18150, 'o3': 18151}, 'pm': {'pm1': 17109, 'pm10': 17111, 'pm25': 17110}}",1.08,2.17,17.36,0.35,5.38,0.92,563091613,75.6,MOD-00623,9.7,2025-12-12T10:58:02,2025-12-12T02:58:02,https://api.quant-aq.com/v1/devices/MOD-00623/data/563091462
237.93,724.86,"{'lat': None, 'lon': None}","{'rh': 75.8, 'temp': 9.7, 'wd': 0.0, 'ws': 0.0, 'ws_scalar': 0.0}","{'gas': {'co': 18148, 'co2': 13271, 'no': 18149, 'no2': 18150, 'o3': 18151}, 'pm': {'pm1': 17109, 'pm10': 17111, 'pm25': 17110}}",0.76,2.48,15.28,0.47,2.83,1.06,563091602,75.8,MOD-00623,9.7,2025-12-12T10:57:02,2025-12-12T02:57:02,https://api.quant-aq.com/v1/devices/MOD-00623/data/563091451
242.43,732.2,"{'lat': None, 'lon': None}","{'rh': 76.4, 'temp': 9.7, 'wd': 0.0, 'ws': 0.0, 'ws_scalar': 0.0}","{'gas': {'co': 18148, 'co2': 13271, 'no': 18149, 'no2': 18150, 'o3': 18151}, 'pm': {'pm1': 17109, 'pm10': 17111, 'pm25': 17110}}",0.89,2.97,15.32,0.41,2.22,0.75,563091596,76.4,MOD-00623,9.7,2025-12-12T10:56:02,2025-12-12T02:56:02,https://api.quant-aq.com/v1/devices/MOD-00623/data/563091445
234.64,726.78,"{'lat': None, 'lon': None}","{'rh': 76.4, 'temp': 9.7, 'wd': 0.0, 'ws': 0.0, 'ws_scalar': 0.0}","{'gas': {'co': 18148, 'co2': 13271, 'no': 18149, 'no2': 18150, 'o3': 18151}, 'pm': {'pm1': 17109, 'pm10': 17111, 'pm25': 17110}}",0.74,2.78,15.44,0.41,1.65,0.71,563089512,76.4,MOD-00623,9.7,2025-12-12T10:55:02,2025-12-12T02:55:02,https://api.quant-aq.com/v1/devices/MOD-00623/data/563089361
242.78,731.72,"{'lat': None, 'lon': None}","{'rh': 75.9, 'temp': 9.7, 'wd': 0.0, 'ws': 0.0, 'ws_scalar': 0.0}","{'gas': {'co': 18148, 'co2': 13271, 'no': 18149, 'no2': 18150, 'o3': 18151}, 'pm': {'pm1': 17109, 'pm10': 17111, 'pm25': 17110}}",0.6,2.64,15.15,0.67,1.8,1.16,563089513,75.9,MOD-00623,9.7,2025-12-12T10:54:02,2025-12-12T02:54:02,https://api.quant-aq.com/v1/devices/MOD-00623/data/563089362
238.34,729.55,"{'lat': None, 'lon': None}","{'rh': 75.8, 'temp': 9.7, 'wd': 0.0, 'ws': 0.0, 'ws_scalar': 0.0}","{'gas': {'co': 18148, 'co2': 13271, 'no': 18149, 'no2': 18150, 'o3': 18151}, 'pm': {'pm1': 17109, 'pm10': 17111, 'pm25': 17110}}",1.23,2.83,14.12,0.58,14.72,1.14,563089515,75.8,MOD-00623,9.7,2025-12-12T10:53:02,2025-12-12T02:53:02,https://api.quant-aq.com/v1/devices/MOD-00623/data/563089364
240.52,732.44,"{'lat': None, 'lon': None}","{'rh': 76.2, 'temp': 9.7, 'wd': 0.0, 'ws': 0.0, 'ws_scalar': 0.0}","{'gas': {'co': 18148, 'co2': 13271, 'no': 18149, 'no2': 18150, 'o3': 18151}, 'pm': {'pm1': 17109, 'pm10': 17111, 'pm25': 17110}}",1.06,2.8,14.55,0.25,1.24,0.77,563089514,76.2,MOD-00623,9.7,2025-12-12T10:52:02,2025-12-12T02:52:02,https://api.quant-aq.com/v1/devices/MOD-00623/data/563089363
227.67,731.72,"{'lat': None, 'lon': None}","{'rh': 76.4, 'temp': 9.7, 'wd': 0.0, 'ws': 0.0, 'ws_scalar': 0.0}","{'gas': {'co': 18148, 'co2': 13271, 'no': 18149, 'no2': 18150, 'o3': 18151}, 'pm': {'pm1': 17109, 'pm10': 17111, 'pm25': 17110}}",1.21,2.6,14.2,0.49,1.98,0.95,563087531,76.4,MOD-00623,9.7,2025-12-12T10:51:02,2025-12-12T02:51:02,https://api.quant-aq.com/v1/devices/MOD-00623/data/563087380
237.4,729.43,"{'lat': None, 'lon': None}","{'rh': 76.4, 'temp': 9.6, 'wd': 0.0, 'ws': 0.0, 'ws_scalar': 0.0}","{'gas': {'co': 18148, 'co2': 13271, 'no': 18149, 'no2': 18150, 'o3': 18151}, 'pm': {'pm1': 17109, 'pm10': 17111, 'pm25': 17110}}",0.33,3.4,14.17,0.23,3.03,0.76,563087533,76.4,MOD-00623,9.6,2025-12-12T10:50:02,2025-12-12T02:50:02,https://api.quant-aq.com/v1/devices/MOD-00623/data/563087382
233.14,731.48,"{'lat': None, 'lon': None}","{'rh': 76.2, 'temp': 9.7, 'wd': 0.0, 'ws': 0.0, 'ws_scalar': 0.0}","{'gas': {'co': 18148, 'co2': 13271, 'no': 18149, 'no2': 18150, 'o3': 18151}, 'pm': {'pm1': 17109, 'pm10': 17111, 'pm25': 17110}}",0.9,2.62,14.67,0.36,1.83,0.82,563087530,76.2,MOD-00623,9.7,2025-12-12T10:49:02,2025-12-12T02:49:02,https://api.quant-aq.com/v1/devices/MOD-00623/data/563087379
246.49,731.36,"{'lat': None, 'lon': None}","{'rh': 76.3, 'temp': 9.6, 'wd': 0.0, 'ws': 0.0, 'ws_scalar': 0.0}","{'gas': {'co': 18148, 'co2': 13271, 'no': 18149, 'no2': 18150, 'o3': 18151}, 'pm': {'pm1': 17109, 'pm10': 17111, 'pm25': 17110}}",0.81,2.6,14.67,0.47,1.55,1.09,563087532,76.3,MOD-00623,9.6,2025-12-12T10:48:02,2025-12-12T02:48:02,https://api.quant-aq.com/v1/devices/MOD-00623/data/563087381
245.1,731.84,"{'lat': None, 'lon': None}","{'rh': 76.1, 'temp': 9.7, 'wd': 0.0, 'ws': 0.0, 'ws_scalar': 0.0}","{'gas': {'co': 18148, 'co2': 13271, 'no': 18149, 'no2': 18150, 'o3': 18151}, 'pm': {'pm1': 17109, 'pm10': 17111, 'pm25': 17110}}",1.06,2.81,14.1,0.46,2.14,1.25,563085188,76.1,MOD-00623,9.7,2025-12-12T10:47:02,2025-12-12T02:47:02,https://api.quant-aq.com/v1/devices/MOD-00623/data/563085037
251.6,729.91,"{'lat': None, 'lon': None}","{'rh': 76.2, 'temp': 9.7, 'wd': 0.0, 'ws': 0.0, 'ws_scalar': 0.0}","{'gas': {'co': 18148, 'co2': 13271, 'no': 18149, 'no2': 18150, 'o3': 18151}, 'pm': {'pm1': 17109, 'pm10': 17111, 'pm25': 17110}}",1.06,2.62,14.21,0.32,3.98,0.97,563085187,76.2,MOD-00623,9.7,2025-12-12T10:46:02,2025-12-12T02:46:02,https://api.quant-aq.com/v1/devices/MOD-00623/data/563085036
246.63,732.32,"{'lat': None, 'lon': None}","{'rh': 76.1, 'temp': 9.6, 'wd': 0.0, 'ws': 0.0, 'ws_scalar': 0.0}","{'gas': {'co': 18148, 'co2': 13271, 'no': 18149, 'no2': 18150, 'o3': 18151}, 'pm': {'pm1': 17109, 'pm10': 17111, 'pm25': 17110}}",0.97,3.0,14.44,0.33,6.43,0.61,563085186,76.1,MOD-00623,9.6,2025-12-12T10:45:02,2025-12-12T02:45:02,https://api.quant-aq.com/v1/devices/MOD-00623/data/563085035
232.66,732.08,"{'lat': None, 'lon': None}","{'rh': 76.3, 'temp': 9.7, 'wd': 0.0, 'ws': 0.0, 'ws_scalar': 0.0}","{'gas': {'co': 18148, 'co2': 13271, 'no': 18149, 'no2': 18150, 'o3': 18151}, 'pm': {'pm1': 17109, 'pm10': 17111, 'pm25': 17110}}",1.53,2.61,15.12,0.47,1.73,0.91,563085185,76.3,MOD-00623,9.7,2025-12-12T10:44:02,2025-12-12T02:44:02,https://api.quant-aq.com/v1/devices/MOD-00623/data/563085034
237.88,730.15,"{'lat': None, 'lon': None}","{'rh': 76.3, 'temp': 9.6, 'wd': 0.0, 'ws': 0.0, 'ws_scalar': 0.0}","{'gas': {'co': 18148, 'co2': 13271, 'no': 18149, 'no2': 18150, 'o3': 18151}, 'pm': {'pm1': 17109, 'pm10': 17111, 'pm25': 17110}}",0.49,2.78,15.01,0.59,2.93,1.12,563083145,76.3,MOD-00623,9.6,2025-12-12T10:43:02,2025-12-12T02:43:02,https://api.quant-aq.com/v1/devices/MOD-00623/data/563082994
246.08,728.83,"{'lat': None, 'lon': None}","{'rh': 76.3, 'temp': 9.6, 'wd': 0.0, 'ws': 0.0, 'ws_scalar': 0.0}","{'gas': {'co': 18148, 'co2': 13271, 'no': 18149, 'no2': 18150, 'o3': 18151}, 'pm': {'pm1': 17109, 'pm10': 17111, 'pm25': 17110}}",0.49,2.6,14.67,0.49,4.25,1.11,563083148,76.3,MOD-00623,9.6,2025-12-12T10:42:02,2025-12-12T02:42:02,https://api.quant-aq.com/v1/devices/MOD-00623/data/563082997
237.13,728.11,"{'lat': None, 'lon': None}","{'rh': 76.2, 'temp': 9.6, 'wd': 0.0, 'ws': 0.0, 'ws_scalar': 0.0}","{'gas': {'co': 18148, 'co2': 13271, 'no': 18149, 'no2': 18150, 'o3': 18151}, 'pm': {'pm1': 17109, 'pm10': 17111, 'pm25': 17110}}",0.34,2.61,15.14,0.39,1.35,0.79,563083147,76.2,MOD-00623,9.6,2025-12-12T10:41:02,2025-12-12T02:41:02,https://api.quant-aq.com/v1/devices/MOD-00623/data/563082995
233.44,728.35,"{'lat': None, 'lon': None}","{'rh': 76.2, 'temp': 9.6, 'wd': 0.0, 'ws': 0.0, 'ws_scalar': 0.0}","{'gas': {'co': 18148, 'co2': 13271, 'no': 18149, 'no2': 18150, 'o3': 18151}, 'pm': {'pm1': 17109, 'pm10': 17111, 'pm25': 17110}}",1.13,2.44,16.17,0.67,2.7,1.13,563083146,76.2,MOD-00623,9.6,2025-12-12T10:40:02,2025-12-12T02:40:02,https://api.quant-aq.com/v1/devices/MOD-00623/data/563082996
232.83,727.87,"{'lat': None, 'lon': None}","{'rh': 75.9, 'temp': 9.6, 'wd': 0.0, 'ws': 0.0, 'ws_scalar': 0.0}","{'gas': {'co': 18148, 'co2': 13271, 'no': 18149, 'no2': 18150, 'o3': 18151}, 'pm': {'pm1': 17109, 'pm10': 17111, 'pm25': 17110}}",0.82,2.3,15.86,0.38,8.79,1.03,563081030,75.9,MOD-00623,9.6,2025-12-12T10:39:02,2025-12-12T02:39:02,https://api.quant-aq.com/v1/devices/MOD-00623/data/563080880
241.37,730.15,"{'lat': None, 'lon': None}","{'rh': 76.0, 'temp': 9.6, 'wd': 0.0, 'ws': 0.0, 'ws_scalar': 0.0}","{'gas': {'co': 18148, 'co2': 13271, 'no': 18149, 'no2': 18150, 'o3': 18151}, 'pm': {'pm1': 17109, 'pm10': 17111, 'pm25': 17110}}",0.82,2.46,15.27,0.34,1.92,0.89,563081031,76.0,MOD-00623,9.6,2025-12-12T10:38:02,2025-12-12T02:38:02,https://api.quant-aq.com/v1/devices/MOD-00623/data/563080879
245.74,727.38,"{'lat': None, 'lon': None}","{'rh': 76.2, 'temp': 9.6, 'wd': 0.0, 'ws': 0.0, 'ws_scalar': 0.0}","{'gas': {'co': 18148, 'co2': 13271, 'no': 18149, 'no2': 18150, 'o3': 18151}, 'pm': {'pm1': 17109, 'pm10': 17111, 'pm25': 17110}}",0.65,2.44,15.72,0.34,1.67,0.95,563081028,76.2,MOD-00623,9.6,2025-12-12T10:37:02,2025-12-12T02:37:02,https://api.quant-aq.com/v1/devices/MOD-00623/data/563080877
232.89,728.35,"{'lat': None, 'lon': None}","{'rh': 76.4, 'temp': 9.6, 'wd': 0.0, 'ws': 0.0, 'ws_scalar': 0.0}","{'gas': {'co': 18148, 'co2': 13271, 'no': 18149, 'no2': 18150, 'o3': 18151}, 'pm': {'pm1': 17109, 'pm10': 17111, 'pm25': 17110}}",1.12,2.6,14.67,0.5,1.31,0.96,563081029,76.4,MOD-00623,9.6,2025-12-12T10:36:02,2025-12-12T02:36:02,https://api.quant-aq.com/v1/devices/MOD-00623/data/563080878
234.6,728.95,"{'lat': None, 'lon': None}","{'rh': 76.3, 'temp': 9.6, 'wd': 0.0, 'ws': 0.0, 'ws_scalar': 0.0}","{'gas': {'co': 18148, 'co2': 13271, 'no': 18149, 'no2': 18150, 'o3': 18151}, 'pm': {'pm1': 17109, 'pm10': 17111, 'pm25': 17110}}",0.49,2.27,15.38,0.34,4.35,0.8,563078942,76.3,MOD-00623,9.6,2025-12-12T10:35:02,2025-12-12T02:35:02,https://api.quant-aq.com/v1/devices/MOD-00623/data/563078791
232.41,729.55,"{'lat': None, 'lon': None}","{'rh': 76.5, 'temp': 9.6, 'wd': 0.0, 'ws': 0.0, 'ws_scalar': 0.0}","{'gas': {'co': 18148, 'co2': 13271, 'no': 18149, 'no2': 18150, 'o3': 18151}, 'pm': {'pm1': 17109, 'pm10': 17111, 'pm25': 17110}}",1.43,2.77,14.08,0.35,1.24,0.92,563078940,76.5,MOD-00623,9.6,2025-12-12T10:34:02,2025-12-12T02:34:02,https://api.quant-aq.com/v1/devices/MOD-00623/data/563078789
252.31,731.36,"{'lat': None, 'lon': None}","{'rh': 76.2, 'temp': 9.6, 'wd': 0.0, 'ws': 0.0, 'ws_scalar': 0.0}","{'gas': {'co': 18148, 'co2': 13271, 'no': 18149, 'no2': 18150, 'o3': 18151}, 'pm': {'pm1': 17109, 'pm10': 17111, 'pm25': 17110}}",0.81,2.79,15.47,0.43,2.02,1.0,563078943,76.2,MOD-00623,9.6,2025-12-12T10:33:02,2025-12-12T02:33:02,https://api.quant-aq.com/v1/devices/MOD-00623/data/563078792
236.24,730.15,"{'lat': None, 'lon': None}","{'rh': 76.3, 'temp': 9.6, 'wd': 0.0, 'ws': 0.0, 'ws_scalar': 0.0}","{'gas': {'co': 18148, 'co2': 13271, 'no': 18149, 'no2': 18150, 'o3': 18151}, 'pm': {'pm1': 17109, 'pm10': 17111, 'pm25': 17110}}",1.44,2.12,15.5,0.38,1.3,0.93,563078941,76.3,MOD-00623,9.6,2025-12-12T10:32:02,2025-12-12T02:32:02,https://api.quant-aq.com/v1/devices/MOD-00623/data/563078790
236.43,730.52,"{'lat': None, 'lon': None}","{'rh': 77.2, 'temp': 9.6, 'wd': 0.0, 'ws': 0.0, 'ws_scalar': 0.0}","{'gas': {'co': 18148, 'co2': 13271, 'no': 18149, 'no2': 18150, 'o3': 18151}, 'pm': {'pm1': 17109, 'pm10': 17111, 'pm25': 17110}}",1.08,2.89,15.27,0.34,4.48,0.95,563076898,77.2,MOD-00623,9.6,2025-12-12T10:31:02,2025-12-12T02:31:02,https://api.quant-aq.com/v1/devices/MOD-00623/data/563076748
238.21,727.5,"{'lat': None, 'lon': None}","{'rh': 77.0, 'temp': 9.6, 'wd': 0.0, 'ws': 0.0, 'ws_scalar': 0.0}","{'gas': {'co': 18148, 'co2': 13271, 'no': 18149, 'no2': 18150, 'o3': 18151}, 'pm': {'pm1': 17109, 'pm10': 17111, 'pm25': 17110}}",0.46,2.72,14.95,0.27,2.23,0.78,563076899,77.0,MOD-00623,9.6,2025-12-12T10:30:02,2025-12-12T02:30:02,https://api.quant-aq.com/v1/devices/MOD-00623/data/563076749
235.96,725.7,"{'lat': None, 'lon': None}","{'rh': 76.7, 'temp': 9.6, 'wd': 0.0, 'ws': 0.0, 'ws_scalar': 0.0}","{'gas': {'co': 18148, 'co2': 13271, 'no': 18149, 'no2': 18150, 'o3': 18151}, 'pm': {'pm1': 17109, 'pm10': 17111, 'pm25': 17110}}",0.32,3.38,15.52,0.33,1.41,0.94,563076901,76.7,MOD-00623,9.6,2025-12-12T10:29:02,2025-12-12T02:29:02,https://api.quant-aq.com/v1/devices/MOD-00623/data/563076750
229.68,729.55,"{'lat': None, 'lon': None}","{'rh': 76.3, 'temp': 9.6, 'wd': 0.0, 'ws': 0.0, 'ws_scalar': 0.0}","{'gas': {'co': 18148, 'co2': 13271, 'no': 18149, 'no2': 18150, 'o3': 18151}, 'pm': {'pm1': 17109, 'pm10': 17111, 'pm25': 17110}}",1.44,2.98,14.88,0.22,7.91,0.82,563076900,76.3,MOD-00623,9.6,2025-12-12T10:28:02,2025-12-12T02:28:02,https://api.quant-aq.com/v1/devices/MOD-00623/data/563076747
233.03,727.87,"{'lat': None, 'lon': None}","{'rh': 76.2, 'temp': 9.6, 'wd': 0.0, 'ws': 0.0, 'ws_scalar': 0.0}","{'gas': {'co': 18148, 'co2': 13271, 'no': 18149, 'no2': 18150, 'o3': 18151}, 'pm': {'pm1': 17109, 'pm10': 17111, 'pm25': 17110}}",0.65,2.79,15.01,0.41,3.29,0.85,563074803,76.2,MOD-00623,9.6,2025-12-12T10:27:02,2025-12-12T02:27:02,https://api.quant-aq.com/v1/devices/MOD-00623/data/563074652
241.23,728.83,"{'lat': None, 'lon': None}","{'rh': 76.2, 'temp': 9.6, 'wd': 0.0, 'ws': 0.0, 'ws_scalar': 0.0}","{'gas': {'co': 18148, 'co2': 13271, 'no': 18149, 'no2': 18150, 'o3': 18151}, 'pm': {'pm1': 17109, 'pm10': 17111, 'pm25': 17110}}",1.13,3.2,14.77,0.38,1.7,0.79,563074804,76.2,MOD-00623,9.6,2025-12-12T10:26:02,2025-12-12T02:26:02,https://api.quant-aq.com/v1/devices/MOD-00623/data/563074653
239.59,728.59,"{'lat': None, 'lon': None}","{'rh': 76.2, 'temp': 9.6, 'wd': 0.0, 'ws': 0.0, 'ws_scalar': 0.0}","{'gas': {'co': 18148, 'co2': 13271, 'no': 18149, 'no2': 18150, 'o3': 18151}, 'pm': {'pm1': 17109, 'pm10': 17111, 'pm25': 17110}}",0.65,2.61,16.05,0.28,3.1,0.68,563074802,76.2,MOD-00623,9.6,2025-12-12T10:25:02,2025-12-12T02:25:02,https://api.quant-aq.com/v1/devices/MOD-00623/data/563074651
233.51,730.4,"{'lat': None, 'lon': None}","{'rh': 76.1, 'temp': 9.6, 'wd': 0.0, 'ws': 0.0, 'ws_scalar': 0.0}","{'gas': {'co': 18148, 'co2': 13271, 'no': 18149, 'no2': 18150, 'o3': 18151}, 'pm': {'pm1': 17109, 'pm10': 17111, 'pm25': 17110}}",0.82,2.62,15.6,0.41,1.7,0.8,563074801,76.1,MOD-00623,9.6,2025-12-12T10:24:02,2025-12-12T02:24:02,https://api.quant-aq.com/v1/devices/MOD-00623/data/563074650
240.76,728.23,"{'lat': None, 'lon': None}","{'rh': 75.7, 'temp': 9.6, 'wd': 0.0, 'ws': 0.0, 'ws_scalar': 0.0}","{'gas': {'co': 18148, 'co2': 13271, 'no': 18149, 'no2': 18150, 'o3': 18151}, 'pm': {'pm1': 17109, 'pm10': 17111, 'pm25': 17110}}",0.52,2.32,16.33,0.47,1.17,0.86,563072787,75.7,MOD-00623,9.6,2025-12-12T10:23:02,2025-12-12T02:23:02,https://api.quant-aq.com/v1/devices/MOD-00623/data/563072636
235.63,728.11,"{'lat': None, 'lon': None}","{'rh': 76.0, 'temp': 9.6, 'wd': 0.0, 'ws': 0.0, 'ws_scalar': 0.0}","{'gas': {'co': 18148, 'co2': 13271, 'no': 18149, 'no2': 18150, 'o3': 18151}, 'pm': {'pm1': 17109, 'pm10': 17111, 'pm25': 17110}}",1.29,2.46,16.19,0.46,1.62,0.98,563072783,76.0,MOD-00623,9.6,2025-12-12T10:22:02,2025-12-12T02:22:02,https://api.quant-aq.com/v1/devices/MOD-00623/data/563072632
240.14,726.3,"{'lat': None, 'lon': None}","{'rh': 76.0, 'temp': 9.6, 'wd': 0.0, 'ws': 0.0, 'ws_scalar': 0.0}","{'gas': {'co': 18148, 'co2': 13271, 'no': 18149, 'no2': 18150, 'o3': 18151}, 'pm': {'pm1': 17109, 'pm10': 17111, 'pm25': 17110}}",1.13,2.3,15.85,0.32,1.38,0.77,563072785,76.0,MOD-00623,9.6,2025-12-12T10:21:02,2025-12-12T02:21:02,https://api.quant-aq.com/v1/devices/MOD-00623/data/563072634
239.45,729.55,"{'lat': None, 'lon': None}","{'rh': 76.4, 'temp': 9.6, 'wd': 0.0, 'ws': 0.0, 'ws_scalar': 0.0}","{'gas': {'co': 18148, 'co2': 13271, 'no': 18149, 'no2': 18150, 'o3': 18151}, 'pm': {'pm1': 17109, 'pm10': 17111, 'pm25': 17110}}",0.96,2.6,15.58,0.32,1.11,0.75,563072784,76.4,MOD-00623,9.6,2025-12-12T10:20:02,2025-12-12T02:20:02,https://api.quant-aq.com/v1/devices/MOD-00623/data/563072633
240.61,729.31,"{'lat': None, 'lon': None}","{'rh': 76.5, 'temp': 9.6, 'wd': 0.0, 'ws': 0.0, 'ws_scalar': 0.0}","{'gas': {'co': 18148, 'co2': 13271, 'no': 18149, 'no2': 18150, 'o3': 18151}, 'pm': {'pm1': 17109, 'pm10': 17111, 'pm25': 17110}}",1.11,2.26,16.27,0.52,3.03,0.94,563072786,76.5,MOD-00623,9.6,2025-12-12T10:19:02,2025-12-12T02:19:02,https://api.quant-aq.com/v1/devices/MOD-00623/data/563072635
229.06,728.83,"{'lat': None, 'lon': None}","{'rh': 76.6, 'temp': 9.6, 'wd': 0.0, 'ws': 0.0, 'ws_scalar': 0.0}","{'gas': {'co': 18148, 'co2': 13271, 'no': 18149, 'no2': 18150, 'o3': 18151}, 'pm': {'pm1': 17109, 'pm10': 17111, 'pm25': 17110}}",0.79,2.95,15.32,0.37,3.09,0.76,563070195,76.6,MOD-00623,9.6,2025-12-12T10:18:02,2025-12-12T02:18:02,https://api.quant-aq.com/v1/devices/MOD-00623/data/563070044
240.61,728.35,"{'lat': None, 'lon': None}","{'rh': 76.5, 'temp': 9.6, 'wd': 0.0, 'ws': 0.0, 'ws_scalar': 0.0}","{'gas': {'co': 18148, 'co2': 13271, 'no': 18149, 'no2': 18150, 'o3': 18151}, 'pm': {'pm1': 17109, 'pm10': 17111, 'pm25': 17110}}",1.11,2.59,15.57,0.5,1.4,0.88,563070193,76.5,MOD-00623,9.6,2025-12-12T10:17:02,2025-12-12T02:17:02,https://api.quant-aq.com/v1/devices/MOD-00623/data/563070042
236.1,730.28,"{'lat': None, 'lon': None}","{'rh': 76.5, 'temp': 9.6, 'wd': 0.0, 'ws': 0.0, 'ws_scalar': 0.0}","{'gas': {'co': 18148, 'co2': 13271, 'no': 18149, 'no2': 18150, 'o3': 18151}, 'pm': {'pm1': 17109, 'pm10': 17111, 'pm25': 17110}}",0.64,3.17,14.29,0.34,1.39,0.92,563070192,76.5,MOD-00623,9.6,2025-12-12T10:16:02,2025-12-12T02:16:02,https://api.quant-aq.com/v1/devices/MOD-00623/data/563070041
239.25,726.9,"{'lat': None, 'lon': None}","{'rh': 76.1, 'temp': 9.6, 'wd': 0.0, 'ws': 0.0, 'ws_scalar': 0.0}","{'gas': {'co': 18148, 'co2': 13271, 'no': 18149, 'no2': 18150, 'o3': 18151}, 'pm': {'pm1': 17109, 'pm10': 17111, 'pm25': 17110}}",0.82,3.0,14.9,0.42,2.09,0.99,563070194,76.1,MOD-00623,9.6,2025-12-12T10:15:02,2025-12-12T02:15:02,https://api.quant-aq.com/v1/devices/MOD-00623/data/563070043
241.43,731.6,"{'lat': None, 'lon': None}","{'rh': 76.5, 'temp': 9.6, 'wd': 0.0, 'ws': 0.0, 'ws_scalar': 0.0}","{'gas': {'co': 18148, 'co2': 13271, 'no': 18149, 'no2': 18150, 'o3': 18151}, 'pm': {'pm1': 17109, 'pm10': 17111, 'pm25': 17110}}",0.96,3.64,14.04,0.37,2.88,0.67,563068130,76.5,MOD-00623,9.6,2025-12-12T10:14:02,2025-12-12T02:14:02,https://api.quant-aq.com/v1/devices/MOD-00623/data/563067979
234.26,727.87,"{'lat': None, 'lon': None}","{'rh': 76.2, 'temp': 9.6, 'wd': 0.0, 'ws': 0.0, 'ws_scalar': 0.0}","{'gas': {'co': 18148, 'co2': 13271, 'no': 18149, 'no2': 18150, 'o3': 18151}, 'pm': {'pm1': 17109, 'pm10': 17111, 'pm25': 17110}}",0.65,2.99,15.35,0.48,6.71,0.93,563068131,76.2,MOD-00623,9.6,2025-12-12T10:13:02,2025-12-12T02:13:02,https://api.quant-aq.com/v1/devices/MOD-00623/data/563067980
238.02,729.91,"{'lat': None, 'lon': None}","{'rh': 76.1, 'temp': 9.6, 'wd': 0.0, 'ws': 0.0, 'ws_scalar': 0.0}","{'gas': {'co': 18148, 'co2': 13271, 'no': 18149, 'no2': 18150, 'o3': 18151}, 'pm': {'pm1': 17109, 'pm10': 17111, 'pm25': 17110}}",1.13,3.21,15.23,0.6,2.14,1.2,563068128,76.1,MOD-00623,9.6,2025-12-12T10:12:02,2025-12-12T02:12:02,https://api.quant-aq.com/v1/devices/MOD-00623/data/563067978
241.03,727.26,"{'lat': None, 'lon': None}","{'rh': 75.9, 'temp': 9.6, 'wd': 0.0, 'ws': 0.0, 'ws_scalar': 0.0}","{'gas': {'co': 18148, 'co2': 13271, 'no': 18149, 'no2': 18150, 'o3': 18151}, 'pm': {'pm1': 17109, 'pm10': 17111, 'pm25': 17110}}",1.29,3.01,14.91,0.55,6.58,1.17,563068129,75.9,MOD-00623,9.6,2025-12-12T10:11:02,2025-12-12T02:11:02,https://api.quant-aq.com/v1/devices/MOD-00623/data/563067977
229.41,730.03,"{'lat': None, 'lon': None}","{'rh': 76.1, 'temp': 9.6, 'wd': 0.0, 'ws': 0.0, 'ws_scalar': 0.0}","{'gas': {'co': 18148, 'co2': 13271, 'no': 18149, 'no2': 18150, 'o3': 18151}, 'pm': {'pm1': 17109, 'pm10': 17111, 'pm25': 17110}}",1.44,4.55,14.61,0.47,11.15,0.69,563066073,76.1,MOD-00623,9.6,2025-12-12T10:10:02,2025-12-12T02:10:02,https://api.quant-aq.com/v1/devices/MOD-00623/data/563065921
244.31,726.54,"{'lat': None, 'lon': None}","{'rh': 75.9, 'temp': 9.6, 'wd': 0.0, 'ws': 0.0, 'ws_scalar': 0.0}","{'gas': {'co': 18148, 'co2': 13271, 'no': 18149, 'no2': 18150, 'o3': 18151}, 'pm': {'pm1': 17109, 'pm10': 17111, 'pm25': 17110}}",1.61,4.25,14.3,0.45,2.38,1.2,563066071,75.9,MOD-00623,9.6,2025-12-12T10:09:02,2025-12-12T02:09:02,https://api.quant-aq.com/v1/devices/MOD-00623/data/563065920
229.96,721.36,"{'lat': None, 'lon': None}","{'rh': 75.9, 'temp': 9.6, 'wd': 0.0, 'ws': 0.0, 'ws_scalar': 0.0}","{'gas': {'co': 18148, 'co2': 13271, 'no': 18149, 'no2': 18150, 'o3': 18151}, 'pm': {'pm1': 17109, 'pm10': 17111, 'pm25': 17110}}",1.45,3.45,15.12,0.44,5.89,1.05,563066072,75.9,MOD-00623,9.6,2025-12-12T10:08:02,2025-12-12T02:08:02,https://api.quant-aq.com/v1/devices/MOD-00623/data/563065922
235.7,725.1,"{'lat': None, 'lon': None}","{'rh': 75.9, 'temp': 9.6, 'wd': 0.0, 'ws': 0.0, 'ws_scalar': 0.0}","{'gas': {'co': 18148, 'co2': 13271, 'no': 18149, 'no2': 18150, 'o3': 18151}, 'pm': {'pm1': 17109, 'pm10': 17111, 'pm25': 17110}}",0.82,2.3,16.32,0.4,4.75,1.02,563066074,75.9,MOD-00623,9.6,2025-12-12T10:07:02,2025-12-12T02:07:02,https://api.quant-aq.com/v1/devices/MOD-00623/data/563065923
232.9,727.99,"{'lat': None, 'lon': None}","{'rh': 75.8, 'temp': 9.6, 'wd': 0.0, 'ws': 0.0, 'ws_scalar': 0.0}","{'gas': {'co': 18148, 'co2': 13271, 'no': 18149, 'no2': 18150, 'o3': 18151}, 'pm': {'pm1': 17109, 'pm10': 17111, 'pm25': 17110}}",1.14,2.31,16.33,0.29,2.65,0.72,563064019,75.8,MOD-00623,9.6,2025-12-12T10:06:02,2025-12-12T02:06:02,https://api.quant-aq.com/v1/devices/MOD-00623/data/563063867
232.69,726.66,"{'lat': None, 'lon': None}","{'rh': 76.1, 'temp': 9.6, 'wd': 0.0, 'ws': 0.0, 'ws_scalar': 0.0}","{'gas': {'co': 18148, 'co2': 13271, 'no': 18149, 'no2': 18150, 'o3': 18151}, 'pm': {'pm1': 17109, 'pm10': 17111, 'pm25': 17110}}",1.13,2.45,15.27,0.24,0.95,0.77,563064018,76.1,MOD-00623,9.6,2025-12-12T10:05:02,2025-12-12T02:05:02,https://api.quant-aq.com/v1/devices/MOD-00623/data/563063868
235.15,729.67,"{'lat': None, 'lon': None}","{'rh': 76.1, 'temp': 9.6, 'wd': 0.0, 'ws': 0.0, 'ws_scalar': 0.0}","{'gas': {'co': 18148, 'co2': 13271, 'no': 18149, 'no2': 18150, 'o3': 18151}, 'pm': {'pm1': 17109, 'pm10': 17111, 'pm25': 17110}}",1.13,2.45,15.27,0.24,1.45,0.66,563064017,76.1,MOD-00623,9.6,2025-12-12T10:04:02,2025-12-12T02:04:02,https://api.quant-aq.com/v1/devices/MOD-00623/data/563063866
243.42,728.11,"{'lat': None, 'lon': None}","{'rh': 76.0, 'temp': 9.6, 'wd': 0.0, 'ws': 0.0, 'ws_scalar': 0.0}","{'gas': {'co': 18148, 'co2': 13271, 'no': 18149, 'no2': 18150, 'o3': 18151}, 'pm': {'pm1': 17109, 'pm10': 17111, 'pm25': 17110}}",1.29,2.3,16.77,0.49,2.69,0.92,563064016,76.0,MOD-00623,9.6,2025-12-12T10:03:02,2025-12-12T02:03:02,https://api.quant-aq.com/v1/devices/MOD-00623/data/563063865
239.73,728.71,"{'lat': None, 'lon': None}","{'rh': 76.0, 'temp': 9.6, 'wd': 0.0, 'ws': 0.0, 'ws_scalar': 0.0}","{'gas': {'co': 18148, 'co2': 13271, 'no': 18149, 'no2': 18150, 'o3': 18151}, 'pm': {'pm1': 17109, 'pm10': 17111, 'pm25': 17110}}",0.98,2.81,15.03,0.39,1.22,1.0,563064015,76.0,MOD-00623,9.6,2025-12-12T10:02:02,2025-12-12T02:02:02,https://api.quant-aq.com/v1/devices/MOD-00623/data/563063864
233.69,724.37,"{'lat': None, 'lon': None}","{'rh': 76.0, 'temp': 9.7, 'wd': 0.0, 'ws': 0.0, 'ws_scalar': 0.0}","{'gas': {'co': 18148, 'co2': 13271, 'no': 18149, 'no2': 18150, 'o3': 18151}, 'pm': {'pm1': 17109, 'pm10': 17111, 'pm25': 17110}}",1.07,2.46,14.81,0.52,1.57,1.01,563061429,76.0,MOD-00623,9.7,2025-12-12T10:01:02,2025-12-12T02:01:02,https://api.quant-aq.com/v1/devices/MOD-00623/data/563061278
241.68,727.5,"{'lat': None, 'lon': None}","{'rh': 76.3, 'temp': 9.7, 'wd': 0.0, 'ws': 0.0, 'ws_scalar': 0.0}","{'gas': {'co': 18148, 'co2': 13271, 'no': 18149, 'no2': 18150, 'o3': 18151}, 'pm': {'pm1': 17109, 'pm10': 17111, 'pm25': 17110}}",0.58,2.61,16.49,0.38,9.74,0.87,563061430,76.3,MOD-00623,9.7,2025-12-12T10:00:02,2025-12-12T02:00:02,https://api.quant-aq.com/v1/devices/MOD-00623/data/563061279
242.46,728.95,"{'lat': None, 'lon': None}","{'rh': 76.2, 'temp': 9.6, 'wd': 0.0, 'ws': 0.0, 'ws_scalar': 0.0}","{'gas': {'co': 18148, 'co2': 13271, 'no': 18149, 'no2': 18150, 'o3': 18151}, 'pm': {'pm1': 17109, 'pm10': 17111, 'pm25': 17110}}",1.44,2.79,16.38,0.39,1.8,0.76,563061431,76.2,MOD-00623,9.6,2025-12-12T09:59:02,2025-12-12T01:59:02,https://api.quant-aq.com/v1/devices/MOD-00623/data/563061280
240.66,726.9,"{'lat': None, 'lon': None}","{'rh': 76.0, 'temp': 9.7, 'wd': 0.0, 'ws': 0.0, 'ws_scalar': 0.0}","{'gas': {'co': 18148, 'co2': 13271, 'no': 18149, 'no2': 18150, 'o3': 18151}, 'pm': {'pm1': 17109, 'pm10': 17111, 'pm25': 17110}}",0.6,2.63,16.51,0.77,2.23,1.18,563061432,76.0,MOD-00623,9.7,2025-12-12T09:58:02,2025-12-12T01:58:02,https://api.quant-aq.com/v1/devices/MOD-00623/data/563061281
229.93,727.99,"{'lat': None, 'lon': None}","{'rh': 76.1, 'temp': 9.7, 'wd': 0.0, 'ws': 0.0, 'ws_scalar': 0.0}","{'gas': {'co': 18148, 'co2': 13271, 'no': 18149, 'no2': 18150, 'o3': 18151}, 'pm': {'pm1': 17109, 'pm10': 17111, 'pm25': 17110}}",1.06,2.29,15.38,0.61,4.68,1.03,563059327,76.1,MOD-00623,9.7,2025-12-12T09:57:02,2025-12-12T01:57:02,https://api.quant-aq.com/v1/devices/MOD-00623/data/563059176
243.75,729.67,"{'lat': None, 'lon': None}","{'rh': 76.7, 'temp': 9.6, 'wd': 0.0, 'ws': 0.0, 'ws_scalar': 0.0}","{'gas': {'co': 18148, 'co2': 13271, 'no': 18149, 'no2': 18150, 'o3': 18151}, 'pm': {'pm1': 17109, 'pm10': 17111, 'pm25': 17110}}",1.26,2.75,15.43,1.23,3.27,1.71,563059324,76.7,MOD-00623,9.6,2025-12-12T09:56:02,2025-12-12T01:56:02,https://api.quant-aq.com/v1/devices/MOD-00623/data/563059173
240.06,724.61,"{'lat': None, 'lon': None}","{'rh': 76.7, 'temp': 9.6, 'wd': 0.0, 'ws': 0.0, 'ws_scalar': 0.0}","{'gas': {'co': 18148, 'co2': 13271, 'no': 18149, 'no2': 18150, 'o3': 18151}, 'pm': {'pm1': 17109, 'pm10': 17111, 'pm25': 17110}}",1.1,3.15,15.19,0.65,2.08,1.37,563059325,76.7,MOD-00623,9.6,2025-12-12T09:55:02,2025-12-12T01:55:02,https://api.quant-aq.com/v1/devices/MOD-00623/data/563059174
245.67,727.63,"{'lat': None, 'lon': None}","{'rh': 76.3, 'temp': 9.6, 'wd': 0.0, 'ws': 0.0, 'ws_scalar': 0.0}","{'gas': {'co': 18148, 'co2': 13271, 'no': 18149, 'no2': 18150, 'o3': 18151}, 'pm': {'pm1': 17109, 'pm10': 17111, 'pm25': 17110}}",0.96,2.6,15.59,0.53,7.94,0.83,563059326,76.3,MOD-00623,9.6,2025-12-12T09:54:02,2025-12-12T01:54:02,https://api.quant-aq.com/v1/devices/MOD-00623/data/563059175
235.76,725.94,"{'lat': None, 'lon': None}","{'rh': 76.4, 'temp': 9.6, 'wd': 0.0, 'ws': 0.0, 'ws_scalar': 0.0}","{'gas': {'co': 18148, 'co2': 13271, 'no': 18149, 'no2': 18150, 'o3': 18151}, 'pm': {'pm1': 17109, 'pm10': 17111, 'pm25': 17110}}",1.27,3.18,14.3,0.47,1.04,0.79,563057319,76.4,MOD-00623,9.6,2025-12-12T09:53:02,2025-12-12T01:53:02,https://api.quant-aq.com/v1/devices/MOD-00623/data/563057168
233.44,726.9,"{'lat': None, 'lon': None}","{'rh': 76.2, 'temp': 9.6, 'wd': 0.0, 'ws': 0.0, 'ws_scalar': 0.0}","{'gas': {'co': 18148, 'co2': 13271, 'no': 18149, 'no2': 18150, 'o3': 18151}, 'pm': {'pm1': 17109, 'pm10': 17111, 'pm25': 17110}}",1.28,2.79,14.56,0.58,1.65,1.04,563057321,76.2,MOD-00623,9.6,2025-12-12T09:52:02,2025-12-12T01:52:02,https://api.quant-aq.com/v1/devices/MOD-00623/data/563057170
233.71,728.11,"{'lat': None, 'lon': None}","{'rh': 76.4, 'temp': 9.6, 'wd': 0.0, 'ws': 0.0, 'ws_scalar': 0.0}","{'gas': {'co': 18148, 'co2': 13271, 'no': 18149, 'no2': 18150, 'o3': 18151}, 'pm': {'pm1': 17109, 'pm10': 17111, 'pm25': 17110}}",1.27,2.6,16.95,0.34,4.24,0.69,563057320,76.4,MOD-00623,9.6,2025-12-12T09:51:02,2025-12-12T01:51:02,https://api.quant-aq.com/v1/devices/MOD-00623/data/563057169
234.94,730.28,"{'lat': None, 'lon': None}","{'rh': 76.4, 'temp': 9.6, 'wd': 0.0, 'ws': 0.0, 'ws_scalar': 0.0}","{'gas': {'co': 18148, 'co2': 13271, 'no': 18149, 'no2': 18150, 'o3': 18151}, 'pm': {'pm1': 17109, 'pm10': 17111, 'pm25': 17110}}",0.65,2.78,15.91,0.43,1.96,1.12,563057322,76.4,MOD-00623,9.6,2025-12-12T09:50:02,2025-12-12T01:50:02,https://api.quant-aq.com/v1/devices/MOD-00623/data/563057171
239.25,726.66,"{'lat': None, 'lon': None}","{'rh': 76.1, 'temp': 9.6, 'wd': 0.0, 'ws': 0.0, 'ws_scalar': 0.0}","{'gas': {'co': 18148, 'co2': 13271, 'no': 18149, 'no2': 18150, 'o3': 18151}, 'pm': {'pm1': 17109, 'pm10': 17111, 'pm25': 17110}}",1.13,2.45,15.72,0.45,3.98,0.96,563055249,76.1,MOD-00623,9.6,2025-12-12T09:49:02,2025-12-12T01:49:02,https://api.quant-aq.com/v1/devices/MOD-00623/data/563055096
244.85,728.35,"{'lat': None, 'lon': None}","{'rh': 76.3, 'temp': 9.6, 'wd': 0.0, 'ws': 0.0, 'ws_scalar': 0.0}","{'gas': {'co': 18148, 'co2': 13271, 'no': 18149, 'no2': 18150, 'o3': 18151}, 'pm': {'pm1': 17109, 'pm10': 17111, 'pm25': 17110}}",0.65,2.43,15.25,0.4,4.81,0.82,563055247,76.3,MOD-00623,9.6,2025-12-12T09:48:02,2025-12-12T01:48:02,https://api.quant-aq.com/v1/devices/MOD-00623/data/563055097
234.19,727.26,"{'lat': None, 'lon': None}","{'rh': 76.3, 'temp': 9.6, 'wd': 0.0, 'ws': 0.0, 'ws_scalar': 0.0}","{'gas': {'co': 18148, 'co2': 13271, 'no': 18149, 'no2': 18150, 'o3': 18151}, 'pm': {'pm1': 17109, 'pm10': 17111, 'pm25': 17110}}",1.59,2.43,15.25,0.38,2.06,1.15,563055243,76.3,MOD-00623,9.6,2025-12-12T09:47:02,2025-12-12T01:47:02,https://api.quant-aq.com/v1/devices/MOD-00623/data/563055092
234.19,729.91,"{'lat': None, 'lon': None}","{'rh': 76.3, 'temp': 9.6, 'wd': 0.0, 'ws': 0.0, 'ws_scalar': 0.0}","{'gas': {'co': 18148, 'co2': 13271, 'no': 18149, 'no2': 18150, 'o3': 18151}, 'pm': {'pm1': 17109, 'pm10': 17111, 'pm25': 17110}}",1.12,2.6,14.67,0.38,1.71,0.88,563055241,76.3,MOD-00623,9.6,2025-12-12T09:46:02,2025-12-12T01:46:02,https://api.quant-aq.com/v1/devices/MOD-00623/data/563055090
233.85,726.42,"{'lat': None, 'lon': None}","{'rh': 76.2, 'temp': 9.6, 'wd': 0.0, 'ws': 0.0, 'ws_scalar': 0.0}","{'gas': {'co': 18148, 'co2': 13271, 'no': 18149, 'no2': 18150, 'o3': 18151}, 'pm': {'pm1': 17109, 'pm10': 17111, 'pm25': 17110}}",1.28,1.84,14.84,0.64,1.61,1.24,563055245,76.2,MOD-00623,9.6,2025-12-12T09:45:02,2025-12-12T01:45:02,https://api.quant-aq.com/v1/devices/MOD-00623/data/563055093
235.66,726.66,"{'lat': None, 'lon': None}","{'rh': 76.7, 'temp': 9.7, 'wd': 0.0, 'ws': 0.0, 'ws_scalar': 0.0}","{'gas': {'co': 18148, 'co2': 13271, 'no': 18149, 'no2': 18150, 'o3': 18151}, 'pm': {'pm1': 17109, 'pm10': 17111, 'pm25': 17110}}",0.3,2.25,14.88,0.5,4.69,0.8,563052634,76.7,MOD-00623,9.7,2025-12-12T09:44:02,2025-12-12T01:44:02,https://api.quant-aq.com/v1/devices/MOD-00623/data/563052484
239.42,724.98,"{'lat': None, 'lon': None}","{'rh': 76.6, 'temp': 9.7, 'wd': 0.0, 'ws': 0.0, 'ws_scalar': 0.0}","{'gas': {'co': 18148, 'co2': 13271, 'no': 18149, 'no2': 18150, 'o3': 18151}, 'pm': {'pm1': 17109, 'pm10': 17111, 'pm25': 17110}}",0.73,2.96,14.39,0.67,2.51,1.36,563052635,76.6,MOD-00623,9.7,2025-12-12T09:43:02,2025-12-12T01:43:02,https://api.quant-aq.com/v1/devices/MOD-00623/data/563052485
250.22,731.12,"{'lat': None, 'lon': None}","{'rh': 76.4, 'temp': 9.7, 'wd': 0.0, 'ws': 0.0, 'ws_scalar': 0.0}","{'gas': {'co': 18148, 'co2': 13271, 'no': 18149, 'no2': 18150, 'o3': 18151}, 'pm': {'pm1': 17109, 'pm10': 17111, 'pm25': 17110}}",1.05,2.43,14.78,0.37,14.37,0.98,563052636,76.4,MOD-00623,9.7,2025-12-12T09:42:02,2025-12-12T01:42:02,https://api.quant-aq.com/v1/devices/MOD-00623/data/563052482
237.44,730.15,"{'lat': None, 'lon': None}","{'rh': 76.5, 'temp': 9.7, 'wd': 0.0, 'ws': 0.0, 'ws_scalar': 0.0}","{'gas': {'co': 18148, 'co2': 13271, 'no': 18149, 'no2': 18150, 'o3': 18151}, 'pm': {'pm1': 17109, 'pm10': 17111, 'pm25': 17110}}",1.2,2.59,14.19,0.26,1.97,0.75,563052633,76.5,MOD-00623,9.7,2025-12-12T09:41:02,2025-12-12T01:41:02,https://api.quant-aq.com/v1/devices/MOD-00623/data/563052483
236.55,729.07,"{'lat': None, 'lon': None}","{'rh': 76.6, 'temp': 9.7, 'wd': 0.0, 'ws': 0.0, 'ws_scalar': 0.0}","{'gas': {'co': 18148, 'co2': 13271, 'no': 18149, 'no2': 18150, 'o3': 18151}, 'pm': {'pm1': 17109, 'pm10': 17111, 'pm25': 17110}}",0.57,2.76,14.97,0.41,1.12,0.99,563050559,76.6,MOD-00623,9.7,2025-12-12T09:40:02,2025-12-12T01:40:02,https://api.quant-aq.com/v1/devices/MOD-00623/data/563050408
240.38,727.63,"{'lat': None, 'lon': None}","{'rh': 76.4, 'temp': 9.7, 'wd': 0.0, 'ws': 0.0, 'ws_scalar': 0.0}","{'gas': {'co': 18148, 'co2': 13271, 'no': 18149, 'no2': 18150, 'o3': 18151}, 'pm': {'pm1': 17109, 'pm10': 17111, 'pm25': 17110}}",0.42,2.27,14.9,0.75,2.54,1.1,563050557,76.4,MOD-00623,9.7,2025-12-12T09:39:02,2025-12-12T01:39:02,https://api.quant-aq.com/v1/devices/MOD-00623/data/563050406
230.61,729.31,"{'lat': None, 'lon': None}","{'rh': 76.3, 'temp': 9.7, 'wd': 0.0, 'ws': 0.0, 'ws_scalar': 0.0}","{'gas': {'co': 18148, 'co2': 13271, 'no': 18149, 'no2': 18150, 'o3': 18151}, 'pm': {'pm1': 17109, 'pm10': 17111, 'pm25': 17110}}",0.9,2.28,15.36,0.4,4.09,0.95,563050556,76.3,MOD-00623,9.7,2025-12-12T09:38:02,2025-12-12T01:38:02,https://api.quant-aq.com/v1/devices/MOD-00623/data/563050405
231.77,728.47,"{'lat': None, 'lon': None}","{'rh': 76.4, 'temp': 9.7, 'wd': 0.0, 'ws': 0.0, 'ws_scalar': 0.0}","{'gas': {'co': 18148, 'co2': 13271, 'no': 18149, 'no2': 18150, 'o3': 18151}, 'pm': {'pm1': 17109, 'pm10': 17111, 'pm25': 17110}}",0.89,2.27,15.36,0.59,3.71,1.12,563050558,76.4,MOD-00623,9.7,2025-12-12T09:37:02,2025-12-12T01:37:02,https://api.quant-aq.com/v1/devices/MOD-00623/data/563050407
236.96,729.43,"{'lat': None, 'lon': None}","{'rh': 76.6, 'temp': 9.7, 'wd': 0.0, 'ws': 0.0, 'ws_scalar': 0.0}","{'gas': {'co': 18148, 'co2': 13271, 'no': 18149, 'no2': 18150, 'o3': 18151}, 'pm': {'pm1': 17109, 'pm10': 17111, 'pm25': 17110}}",0.73,2.58,15.09,0.39,1.31,0.8,563048489,76.6,MOD-00623,9.7,2025-12-12T09:36:02,2025-12-12T01:36:02,https://api.quant-aq.com/v1/devices/MOD-00623/data/563048338
237.51,726.3,"{'lat': None, 'lon': None}","{'rh': 76.4, 'temp': 9.7, 'wd': 0.0, 'ws': 0.0, 'ws_scalar': 0.0}","{'gas': {'co': 18148, 'co2': 13271, 'no': 18149, 'no2': 18150, 'o3': 18151}, 'pm': {'pm1': 17109, 'pm10': 17111, 'pm25': 17110}}",1.05,2.12,15.02,0.6,1.19,1.07,563048487,76.4,MOD-00623,9.7,2025-12-12T09:35:02,2025-12-12T01:35:02,https://api.quant-aq.com/v1/devices/MOD-00623/data/563048336
233.61,729.55,"{'lat': None, 'lon': None}","{'rh': 76.7, 'temp': 9.7, 'wd': 0.0, 'ws': 0.0, 'ws_scalar': 0.0}","{'gas': {'co': 18148, 'co2': 13271, 'no': 18149, 'no2': 18150, 'o3': 18151}, 'pm': {'pm1': 17109, 'pm10': 17111, 'pm25': 17110}}",1.04,2.57,14.18,0.6,9.19,1.17,563048486,76.7,MOD-00623,9.7,2025-12-12T09:34:02,2025-12-12T01:34:02,https://api.quant-aq.com/v1/devices/MOD-00623/data/563048335
223.69,732.68,"{'lat': None, 'lon': None}","{'rh': 76.8, 'temp': 9.7, 'wd': 0.0, 'ws': 0.0, 'ws_scalar': 0.0}","{'gas': {'co': 18148, 'co2': 13271, 'no': 18149, 'no2': 18150, 'o3': 18151}, 'pm': {'pm1': 17109, 'pm10': 17111, 'pm25': 17110}}",0.56,2.75,14.5,0.37,3.2,0.77,563048488,76.8,MOD-00623,9.7,2025-12-12T09:33:02,2025-12-12T01:33:02,https://api.quant-aq.com/v1/devices/MOD-00623/data/563048337
243.38,728.11,"{'lat': None, 'lon': None}","{'rh': 76.8, 'temp': 9.7, 'wd': 0.0, 'ws': 0.0, 'ws_scalar': 0.0}","{'gas': {'co': 18148, 'co2': 13271, 'no': 18149, 'no2': 18150, 'o3': 18151}, 'pm': {'pm1': 17109, 'pm10': 17111, 'pm25': 17110}}",0.72,2.57,15.54,0.42,2.41,0.96,563046403,76.8,MOD-00623,9.7,2025-12-12T09:32:02,2025-12-12T01:32:02,https://api.quant-aq.com/v1/devices/MOD-00623/data/563046252
250.08,728.83,"{'lat': None, 'lon': None}","{'rh': 76.6, 'temp': 9.7, 'wd': 0.0, 'ws': 0.0, 'ws_scalar': 0.0}","{'gas': {'co': 18148, 'co2': 13271, 'no': 18149, 'no2': 18150, 'o3': 18151}, 'pm': {'pm1': 17109, 'pm10': 17111, 'pm25': 17110}}",1.2,2.26,13.52,0.44,3.55,1.08,563046402,76.6,MOD-00623,9.7,2025-12-12T09:31:02,2025-12-12T01:31:02,https://api.quant-aq.com/v1/devices/MOD-00623/data/563046251
241.94,731.0,"{'lat': None, 'lon': None}","{'rh': 77.1, 'temp': 9.7, 'wd': 0.0, 'ws': 0.0, 'ws_scalar': 0.0}","{'gas': {'co': 18148, 'co2': 13271, 'no': 18149, 'no2': 18150, 'o3': 18151}, 'pm': {'pm1': 17109, 'pm10': 17111, 'pm25': 17110}}",0.87,2.72,14.48,0.46,6.43,0.98,563046404,77.1,MOD-00623,9.7,2025-12-12T09:30:02,2025-12-12T01:30:02,https://api.quant-aq.com/v1/devices/MOD-00623/data/563046253
236.47,731.24,"{'lat': None, 'lon': None}","{'rh': 77.3, 'temp': 9.7, 'wd': 0.0, 'ws': 0.0, 'ws_scalar': 0.0}","{'gas': {'co': 18148, 'co2': 13271, 'no': 18149, 'no2': 18150, 'o3': 18151}, 'pm': {'pm1': 17109, 'pm10': 17111, 'pm25': 17110}}",0.54,3.33,14.09,0.75,4.48,1.45,563046401,77.3,MOD-00623,9.7,2025-12-12T09:29:02,2025-12-12T01:29:02,https://api.quant-aq.com/v1/devices/MOD-00623/data/563046250
233.81,729.55,"{'lat': None, 'lon': None}","{'rh': 77.0, 'temp': 9.7, 'wd': 0.0, 'ws': 0.0, 'ws_scalar': 0.0}","{'gas': {'co': 18148, 'co2': 13271, 'no': 18149, 'no2': 18150, 'o3': 18151}, 'pm': {'pm1': 17109, 'pm10': 17111, 'pm25': 17110}}",0.4,2.55,15.07,0.7,2.75,1.26,563044405,77.0,MOD-00623,9.7,2025-12-12T09:28:02,2025-12-12T01:28:02,https://api.quant-aq.com/v1/devices/MOD-00623/data/563044254
246.87,728.59,"{'lat': None, 'lon': None}","{'rh': 76.5, 'temp': 9.7, 'wd': 0.0, 'ws': 0.0, 'ws_scalar': 0.0}","{'gas': {'co': 18148, 'co2': 13271, 'no': 18149, 'no2': 18150, 'o3': 18151}, 'pm': {'pm1': 17109, 'pm10': 17111, 'pm25': 17110}}",0.89,2.77,14.52,0.48,9.14,1.09,563044404,76.5,MOD-00623,9.7,2025-12-12T09:27:02,2025-12-12T01:27:02,https://api.quant-aq.com/v1/devices/MOD-00623/data/563044253
239.7,728.95,"{'lat': None, 'lon': None}","{'rh': 76.2, 'temp': 9.7, 'wd': 0.0, 'ws': 0.0, 'ws_scalar': 0.0}","{'gas': {'co': 18148, 'co2': 13271, 'no': 18149, 'no2': 18150, 'o3': 18151}, 'pm': {'pm1': 17109, 'pm10': 17111, 'pm25': 17110}}",0.74,2.45,15.7,0.44,2.39,0.96,563044403,76.2,MOD-00623,9.7,2025-12-12T09:26:02,2025-12-12T01:26:02,https://api.quant-aq.com/v1/devices/MOD-00623/data/563044252
241.61,727.99,"{'lat': None, 'lon': None}","{'rh': 76.4, 'temp': 9.7, 'wd': 0.0, 'ws': 0.0, 'ws_scalar': 0.0}","{'gas': {'co': 18148, 'co2': 13271, 'no': 18149, 'no2': 18150, 'o3': 18151}, 'pm': {'pm1': 17109, 'pm10': 17111, 'pm25': 17110}}",1.36,2.6,15.57,0.52,13.19,1.25,563044402,76.4,MOD-00623,9.7,2025-12-12T09:25:02,2025-12-12T01:25:02,https://api.quant-aq.com/v1/devices/MOD-00623/data/563044251
237.64,729.55,"{'lat': None, 'lon': None}","{'rh': 76.8, 'temp': 9.7, 'wd': 0.0, 'ws': 0.0, 'ws_scalar': 0.0}","{'gas': {'co': 18148, 'co2': 13271, 'no': 18149, 'no2': 18150, 'o3': 18151}, 'pm': {'pm1': 17109, 'pm10': 17111, 'pm25': 17110}}",1.35,3.15,15.17,0.54,4.89,1.48,563042328,76.8,MOD-00623,9.7,2025-12-12T09:24:02,2025-12-12T01:24:02,https://api.quant-aq.com/v1/devices/MOD-00623/data/563042177
236.48,729.19,"{'lat': None, 'lon': None}","{'rh': 76.7, 'temp': 9.7, 'wd': 0.0, 'ws': 0.0, 'ws_scalar': 0.0}","{'gas': {'co': 18148, 'co2': 13271, 'no': 18149, 'no2': 18150, 'o3': 18151}, 'pm': {'pm1': 17109, 'pm10': 17111, 'pm25': 17110}}",0.88,2.95,14.38,0.49,1.23,0.9,563042327,76.7,MOD-00623,9.7,2025-12-12T09:23:02,2025-12-12T01:23:02,https://api.quant-aq.com/v1/devices/MOD-00623/data/563042175
239.08,724.01,"{'lat': None, 'lon': None}","{'rh': 76.5, 'temp': 9.7, 'wd': 0.0, 'ws': 0.0, 'ws_scalar': 0.0}","{'gas': {'co': 18148, 'co2': 13271, 'no': 18149, 'no2': 18150, 'o3': 18151}, 'pm': {'pm1': 17109, 'pm10': 17111, 'pm25': 17110}}",0.42,2.97,14.86,0.4,3.64,0.87,563042326,76.5,MOD-00623,9.7,2025-12-12T09:22:02,2025-12-12T01:22:02,https://api.quant-aq.com/v1/devices/MOD-00623/data/563042176
238.74,727.14,"{'lat': None, 'lon': None}","{'rh': 76.4, 'temp': 9.7, 'wd': 0.0, 'ws': 0.0, 'ws_scalar': 0.0}","{'gas': {'co': 18148, 'co2': 13271, 'no': 18149, 'no2': 18150, 'o3': 18151}, 'pm': {'pm1': 17109, 'pm10': 17111, 'pm25': 17110}}",1.21,2.6,15.11,0.47,2.18,0.95,563042324,76.4,MOD-00623,9.7,2025-12-12T09:21:02,2025-12-12T01:21:02,https://api.quant-aq.com/v1/devices/MOD-00623/data/563042173
242.7,728.23,"{'lat': None, 'lon': None}","{'rh': 76.6, 'temp': 9.7, 'wd': 0.0, 'ws': 0.0, 'ws_scalar': 0.0}","{'gas': {'co': 18148, 'co2': 13271, 'no': 18149, 'no2': 18150, 'o3': 18151}, 'pm': {'pm1': 17109, 'pm10': 17111, 'pm25': 17110}}",0.89,2.76,15.43,0.71,2.12,1.42,563042325,76.6,MOD-00623,9.7,2025-12-12T09:20:02,2025-12-12T01:20:02,https://api.quant-aq.com/v1/devices/MOD-00623/data/563042174
243.59,727.87,"{'lat': None, 'lon': None}","{'rh': 76.5, 'temp': 9.7, 'wd': 0.0, 'ws': 0.0, 'ws_scalar': 0.0}","{'gas': {'co': 18148, 'co2': 13271, 'no': 18149, 'no2': 18150, 'o3': 18151}, 'pm': {'pm1': 17109, 'pm10': 17111, 'pm25': 17110}}",1.52,3.17,15.19,0.51,5.29,1.33,563039764,76.5,MOD-00623,9.7,2025-12-12T09:19:02,2025-12-12T01:19:02,https://api.quant-aq.com/v1/devices/MOD-00623/data/563039613
244.54,727.38,"{'lat': None, 'lon': None}","{'rh': 76.9, 'temp': 9.7, 'wd': 0.0, 'ws': 0.0, 'ws_scalar': 0.0}","{'gas': {'co': 18148, 'co2': 13271, 'no': 18149, 'no2': 18150, 'o3': 18151}, 'pm': {'pm1': 17109, 'pm10': 17111, 'pm25': 17110}}",1.34,4.17,14.21,0.8,10.03,1.22,563039763,76.9,MOD-00623,9.7,2025-12-12T09:18:02,2025-12-12T01:18:02,https://api.quant-aq.com/v1/devices/MOD-00623/data/563039612
234.7,724.86,"{'lat': None, 'lon': None}","{'rh': 76.9, 'temp': 9.7, 'wd': 0.0, 'ws': 0.0, 'ws_scalar': 0.0}","{'gas': {'co': 18148, 'co2': 13271, 'no': 18149, 'no2': 18150, 'o3': 18151}, 'pm': {'pm1': 17109, 'pm10': 17111, 'pm25': 17110}}",1.34,5.21,15.21,0.49,3.19,1.32,563039762,76.9,MOD-00623,9.7,2025-12-12T09:17:02,2025-12-12T01:17:02,https://api.quant-aq.com/v1/devices/MOD-00623/data/563039611
240.17,727.87,"{'lat': None, 'lon': None}","{'rh': 76.7, 'temp': 9.7, 'wd': 0.0, 'ws': 0.0, 'ws_scalar': 0.0}","{'gas': {'co': 18148, 'co2': 13271, 'no': 18149, 'no2': 18150, 'o3': 18151}, 'pm': {'pm1': 17109, 'pm10': 17111, 'pm25': 17110}}",1.82,4.85,15.8,0.37,1.35,1.07,563039761,76.7,MOD-00623,9.7,2025-12-12T09:16:02,2025-12-12T01:16:02,https://api.quant-aq.com/v1/devices/MOD-00623/data/563039610
237.92,723.65,"{'lat': None, 'lon': None}","{'rh': 76.4, 'temp': 9.7, 'wd': 0.0, 'ws': 0.0, 'ws_scalar': 0.0}","{'gas': {'co': 18148, 'co2': 13271, 'no': 18149, 'no2': 18150, 'o3': 18151}, 'pm': {'pm1': 17109, 'pm10': 17111, 'pm25': 17110}}",1.21,2.97,16.69,0.46,5.35,1.32,563037679,76.4,MOD-00623,9.7,2025-12-12T09:15:02,2025-12-12T01:15:02,https://api.quant-aq.com/v1/devices/MOD-00623/data/563037528
239.15,725.94,"{'lat': None, 'lon': None}","{'rh': 76.4, 'temp': 9.7, 'wd': 0.0, 'ws': 0.0, 'ws_scalar': 0.0}","{'gas': {'co': 18148, 'co2': 13271, 'no': 18149, 'no2': 18150, 'o3': 18151}, 'pm': {'pm1': 17109, 'pm10': 17111, 'pm25': 17110}}",0.74,2.43,16.6,0.62,2.52,1.18,563037677,76.4,MOD-00623,9.7,2025-12-12T09:14:02,2025-12-12T01:14:02,https://api.quant-aq.com/v1/devices/MOD-00623/data/563037526
231.29,726.06,"{'lat': None, 'lon': None}","{'rh': 76.5, 'temp': 9.7, 'wd': 0.0, 'ws': 0.0, 'ws_scalar': 0.0}","{'gas': {'co': 18148, 'co2': 13271, 'no': 18149, 'no2': 18150, 'o3': 18151}, 'pm': {'pm1': 17109, 'pm10': 17111, 'pm25': 17110}}",0.89,2.59,16.47,0.66,11.81,1.3,563037678,76.5,MOD-00623,9.7,2025-12-12T09:13:02,2025-12-12T01:13:02,https://api.quant-aq.com/v1/devices/MOD-00623/data/563037527
238.05,727.14,"{'lat': None, 'lon': None}","{'rh': 76.8, 'temp': 9.7, 'wd': 0.0, 'ws': 0.0, 'ws_scalar': 0.0}","{'gas': {'co': 18148, 'co2': 13271, 'no': 18149, 'no2': 18150, 'o3': 18151}, 'pm': {'pm1': 17109, 'pm10': 17111, 'pm25': 17110}}",1.03,2.57,15.54,0.58,2.43,1.31,563037676,76.8,MOD-00623,9.7,2025-12-12T09:12:02,2025-12-12T01:12:02,https://api.quant-aq.com/v1/devices/MOD-00623/data/563037525
232.99,721.36,"{'lat': None, 'lon': None}","{'rh': 77.0, 'temp': 9.7, 'wd': 0.0, 'ws': 0.0, 'ws_scalar': 0.0}","{'gas': {'co': 18148, 'co2': 13271, 'no': 18149, 'no2': 18150, 'o3': 18151}, 'pm': {'pm1': 17109, 'pm10': 17111, 'pm25': 17110}}",0.87,2.55,15.98,0.59,1.69,1.4,563035599,77.0,MOD-00623,9.7,2025-12-12T09:11:02,2025-12-12T01:11:02,https://api.quant-aq.com/v1/devices/MOD-00623/data/563035449
247.41,726.66,"{'lat': None, 'lon': None}","{'rh': 76.9, 'temp': 9.7, 'wd': 0.0, 'ws': 0.0, 'ws_scalar': 0.0}","{'gas': {'co': 18148, 'co2': 13271, 'no': 18149, 'no2': 18150, 'o3': 18151}, 'pm': {'pm1': 17109, 'pm10': 17111, 'pm25': 17110}}",0.72,2.39,16.11,0.6,3.3,1.26,563035601,76.9,MOD-00623,9.7,2025-12-12T09:10:02,2025-12-12T01:10:02,https://api.quant-aq.com/v1/devices/MOD-00623/data/563035450
251.99,726.06,"{'lat': None, 'lon': None}","{'rh': 76.8, 'temp': 9.7, 'wd': 0.0, 'ws': 0.0, 'ws_scalar': 0.0}","{'gas': {'co': 18148, 'co2': 13271, 'no': 18149, 'no2': 18150, 'o3': 18151}, 'pm': {'pm1': 17109, 'pm10': 17111, 'pm25': 17110}}",0.41,2.75,15.41,0.59,2.35,1.05,563035600,76.8,MOD-00623,9.7,2025-12-12T09:09:02,2025-12-12T01:09:02,https://api.quant-aq.com/v1/devices/MOD-00623/data/563035448
218.64,722.69,"{'lat': None, 'lon': None}","{'rh': 76.4, 'temp': 9.7, 'wd': 0.0, 'ws': 0.0, 'ws_scalar': 0.0}","{'gas': {'co': 18148, 'co2': 13271, 'no': 18149, 'no2': 18150, 'o3': 18151}, 'pm': {'pm1': 17109, 'pm10': 17111, 'pm25': 17110}}",0.74,2.27,16.27,0.56,2.31,1.06,563035598,76.4,MOD-00623,9.7,2025-12-12T09:08:02,2025-12-12T01:08:02,https://api.quant-aq.com/v1/devices/MOD-00623/data/563035447
243.45,723.17,"{'lat': None, 'lon': None}","{'rh': 76.7, 'temp': 9.7, 'wd': 0.0, 'ws': 0.0, 'ws_scalar': 0.0}","{'gas': {'co': 18148, 'co2': 13271, 'no': 18149, 'no2': 18150, 'o3': 18151}, 'pm': {'pm1': 17109, 'pm10': 17111, 'pm25': 17110}}",1.35,2.1,15.91,0.48,3.71,1.37,563033506,76.7,MOD-00623,9.7,2025-12-12T09:07:02,2025-12-12T01:07:02,https://api.quant-aq.com/v1/devices/MOD-00623/data/563033355
235.52,726.9,"{'lat': None, 'lon': None}","{'rh': 76.9, 'temp': 9.7, 'wd': 0.0, 'ws': 0.0, 'ws_scalar': 0.0}","{'gas': {'co': 18148, 'co2': 13271, 'no': 18149, 'no2': 18150, 'o3': 18151}, 'pm': {'pm1': 17109, 'pm10': 17111, 'pm25': 17110}}",0.33,1.94,15.11,0.54,6.34,1.35,563033503,76.9,MOD-00623,9.7,2025-12-12T09:06:02,2025-12-12T01:06:02,https://api.quant-aq.com/v1/devices/MOD-00623/data/563033352
240.3,729.79,"{'lat': None, 'lon': None}","{'rh': 77.1, 'temp': 9.7, 'wd': 0.0, 'ws': 0.0, 'ws_scalar': 0.0}","{'gas': {'co': 18148, 'co2': 13271, 'no': 18149, 'no2': 18150, 'o3': 18151}, 'pm': {'pm1': 17109, 'pm10': 17111, 'pm25': 17110}}",1.02,2.07,14.06,0.66,2.67,1.08,563033504,77.1,MOD-00623,9.7,2025-12-12T09:05:02,2025-12-12T01:05:02,https://api.quant-aq.com/v1/devices/MOD-00623/data/563033353
248.7,731.12,"{'lat': None, 'lon': None}","{'rh': 77.4, 'temp': 9.7, 'wd': 0.0, 'ws': 0.0, 'ws_scalar': 0.0}","{'gas': {'co': 18148, 'co2': 13271, 'no': 18149, 'no2': 18150, 'o3': 18151}, 'pm': {'pm1': 17109, 'pm10': 17111, 'pm25': 17110}}",0.85,2.05,14.49,0.59,2.04,1.14,563033505,77.4,MOD-00623,9.7,2025-12-12T09:04:02,2025-12-12T01:04:02,https://api.quant-aq.com/v1/devices/MOD-00623/data/563033354
242.89,730.52,"{'lat': None, 'lon': None}","{'rh': 77.5, 'temp': 9.7, 'wd': 0.0, 'ws': 0.0, 'ws_scalar': 0.0}","{'gas': {'co': 18148, 'co2': 13271, 'no': 18149, 'no2': 18150, 'o3': 18151}, 'pm': {'pm1': 17109, 'pm10': 17111, 'pm25': 17110}}",1.01,2.87,12.5,0.53,2.13,1.3,563031498,77.5,MOD-00623,9.7,2025-12-12T09:03:02,2025-12-12T01:03:02,https://api.quant-aq.com/v1/devices/MOD-00623/data/563031347
237.36,730.88,"{'lat': None, 'lon': None}","{'rh': 77.2, 'temp': 9.7, 'wd': 0.0, 'ws': 0.0, 'ws_scalar': 0.0}","{'gas': {'co': 18148, 'co2': 13271, 'no': 18149, 'no2': 18150, 'o3': 18151}, 'pm': {'pm1': 17109, 'pm10': 17111, 'pm25': 17110}}",0.29,2.53,12.77,0.59,2.74,1.36,563031496,77.2,MOD-00623,9.7,2025-12-12T09:02:02,2025-12-12T01:02:02,https://api.quant-aq.com/v1/devices/MOD-00623/data/563031345
246.38,730.52,"{'lat': None, 'lon': None}","{'rh': 77.2, 'temp': 9.7, 'wd': 0.0, 'ws': 0.0, 'ws_scalar': 0.0}","{'gas': {'co': 18148, 'co2': 13271, 'no': 18149, 'no2': 18150, 'o3': 18151}, 'pm': {'pm1': 17109, 'pm10': 17111, 'pm25': 17110}}",1.33,2.37,12.44,0.44,3.49,1.0,563031497,77.2,MOD-00623,9.7,2025-12-12T09:01:02,2025-12-12T01:01:02,https://api.quant-aq.com/v1/devices/MOD-00623/data/563031346
232.78,728.35,"{'lat': None, 'lon': None}","{'rh': 77.3, 'temp': 9.7, 'wd': 0.0, 'ws': 0.0, 'ws_scalar': 0.0}","{'gas': {'co': 18148, 'co2': 13271, 'no': 18149, 'no2': 18150, 'o3': 18151}, 'pm': {'pm1': 17109, 'pm10': 17111, 'pm25': 17110}}",0.86,2.7,12.64,0.42,3.85,1.15,563031495,77.3,MOD-00623,9.7,2025-12-12T09:00:02,2025-12-12T01:00:02,https://api.quant-aq.com/v1/devices/MOD-00623/data/563031344
245.56,726.9,"{'lat': None, 'lon': None}","{'rh': 77.2, 'temp': 9.7, 'wd': 0.0, 'ws': 0.0, 'ws_scalar': 0.0}","{'gas': {'co': 18148, 'co2': 13271, 'no': 18149, 'no2': 18150, 'o3': 18151}, 'pm': {'pm1': 17109, 'pm10': 17111, 'pm25': 17110}}",0.55,2.37,12.89,0.53,3.61,1.2,563029387,77.2,MOD-00623,9.7,2025-12-12T08:59:02,2025-12-12T00:59:02,https://api.quant-aq.com/v1/devices/MOD-00623/data/563029237
233.33,727.38,"{'lat': None, 'lon': None}","{'rh': 77.1, 'temp': 9.7, 'wd': 0.0, 'ws': 0.0, 'ws_scalar': 0.0}","{'gas': {'co': 18148, 'co2': 13271, 'no': 18149, 'no2': 18150, 'o3': 18151}, 'pm': {'pm1': 17109, 'pm10': 17111, 'pm25': 17110}}",0.87,1.93,12.81,0.54,3.1,1.27,563029374,77.1,MOD-00623,9.7,2025-12-12T08:58:02,2025-12-12T00:58:02,https://api.quant-aq.com/v1/devices/MOD-00623/data/563029223
247.2,728.83,"{'lat': None, 'lon': None}","{'rh': 77.2, 'temp': 9.7, 'wd': 0.0, 'ws': 0.0, 'ws_scalar': 0.0}","{'gas': {'co': 18148, 'co2': 13271, 'no': 18149, 'no2': 18150, 'o3': 18151}, 'pm': {'pm1': 17109, 'pm10': 17111, 'pm25': 17110}}",1.49,2.53,11.4,0.63,4.31,1.09,563029366,77.2,MOD-00623,9.7,2025-12-12T08:57:02,2025-12-12T00:57:02,https://api.quant-aq.com/v1/devices/MOD-00623/data/563029215
246.1,730.15,"{'lat': None, 'lon': None}","{'rh': 77.6, 'temp': 9.7, 'wd': 0.0, 'ws': 0.0, 'ws_scalar': 0.0}","{'gas': {'co': 18148, 'co2': 13271, 'no': 18149, 'no2': 18150, 'o3': 18151}, 'pm': {'pm1': 17109, 'pm10': 17111, 'pm25': 17110}}",1.0,2.49,11.83,0.53,2.66,1.2,563029360,77.6,MOD-00623,9.7,2025-12-12T08:56:02,2025-12-12T00:56:02,https://api.quant-aq.com/v1/devices/MOD-00623/data/563029209
242.41,729.79,"{'lat': None, 'lon': None}","{'rh': 77.6, 'temp': 9.7, 'wd': 0.0, 'ws': 0.0, 'ws_scalar': 0.0}","{'gas': {'co': 18148, 'co2': 13271, 'no': 18149, 'no2': 18150, 'o3': 18151}, 'pm': {'pm1': 17109, 'pm10': 17111, 'pm25': 17110}}",1.16,3.07,12.83,0.78,1.59,1.23,563027349,77.6,MOD-00623,9.7,2025-12-12T08:55:02,2025-12-12T00:55:02,https://api.quant-aq.com/v1/devices/MOD-00623/data/563027198
243.65,727.02,"{'lat': None, 'lon': None}","{'rh': 77.0, 'temp': 9.7, 'wd': 0.0, 'ws': 0.0, 'ws_scalar': 0.0}","{'gas': {'co': 18148, 'co2': 13271, 'no': 18149, 'no2': 18150, 'o3': 18151}, 'pm': {'pm1': 17109, 'pm10': 17111, 'pm25': 17110}}",1.65,2.23,13.03,0.73,2.13,1.66,563027348,77.0,MOD-00623,9.7,2025-12-12T08:54:02,2025-12-12T00:54:02,https://api.quant-aq.com/v1/devices/MOD-00623/data/563027197
235.65,731.24,"{'lat': None, 'lon': None}","{'rh': 77.3, 'temp': 9.7, 'wd': 0.0, 'ws': 0.0, 'ws_scalar': 0.0}","{'gas': {'co': 18148, 'co2': 13271, 'no': 18149, 'no2': 18150, 'o3': 18151}, 'pm': {'pm1': 17109, 'pm10': 17111, 'pm25': 17110}}",1.17,2.2,12.1,0.63,1.88,1.25,563027351,77.3,MOD-00623,9.7,2025-12-12T08:53:02,2025-12-12T00:53:02,https://api.quant-aq.com/v1/devices/MOD-00623/data/563027200
249.38,732.44,"{'lat': None, 'lon': None}","{'rh': 77.6, 'temp': 9.7, 'wd': 0.0, 'ws': 0.0, 'ws_scalar': 0.0}","{'gas': {'co': 18148, 'co2': 13271, 'no': 18149, 'no2': 18150, 'o3': 18151}, 'pm': {'pm1': 17109, 'pm10': 17111, 'pm25': 17110}}",1.47,2.67,12.16,0.8,7.86,1.52,563027350,77.6,MOD-00623,9.7,2025-12-12T08:52:02,2025-12-12T00:52:02,https://api.quant-aq.com/v1/devices/MOD-00623/data/563027199
227.5,730.15,"{'lat': None, 'lon': None}","{'rh': 77.8, 'temp': 9.7, 'wd': 0.0, 'ws': 0.0, 'ws_scalar': 0.0}","{'gas': {'co': 18148, 'co2': 13271, 'no': 18149, 'no2': 18150, 'o3': 18151}, 'pm': {'pm1': 17109, 'pm10': 17111, 'pm25': 17110}}",0.84,2.65,12.6,1.46,6.26,2.37,563025269,77.8,MOD-00623,9.7,2025-12-12T08:51:02,2025-12-12T00:51:02,https://api.quant-aq.com/v1/devices/MOD-00623/data/563025118
237.63,729.91,"{'lat': None, 'lon': None}","{'rh': 77.4, 'temp': 9.7, 'wd': 0.0, 'ws': 0.0, 'ws_scalar': 0.0}","{'gas': {'co': 18148, 'co2': 13271, 'no': 18149, 'no2': 18150, 'o3': 18151}, 'pm': {'pm1': 17109, 'pm10': 17111, 'pm25': 17110}}",1.17,2.51,13.67,2.44,10.68,2.97,563025271,77.4,MOD-00623,9.7,2025-12-12T08:50:02,2025-12-12T00:50:02,https://api.quant-aq.com/v1/devices/MOD-00623/data/563025120
237.84,733.29,"{'lat': None, 'lon': None}","{'rh': 77.1, 'temp': 9.7, 'wd': 0.0, 'ws': 0.0, 'ws_scalar': 0.0}","{'gas': {'co': 18148, 'co2': 13271, 'no': 18149, 'no2': 18150, 'o3': 18151}, 'pm': {'pm1': 17109, 'pm10': 17111, 'pm25': 17110}}",1.49,2.72,12.65,2.48,5.88,3.08,563025268,77.1,MOD-00623,9.7,2025-12-12T08:49:02,2025-12-12T00:49:02,https://api.quant-aq.com/v1/devices/MOD-00623/data/563025117
234.42,732.08,"{'lat': None, 'lon': None}","{'rh': 77.3, 'temp': 9.7, 'wd': 0.0, 'ws': 0.0, 'ws_scalar': 0.0}","{'gas': {'co': 18148, 'co2': 13271, 'no': 18149, 'no2': 18150, 'o3': 18151}, 'pm': {'pm1': 17109, 'pm10': 17111, 'pm25': 17110}}",0.7,2.2,13.92,0.91,5.31,1.65,563025270,77.3,MOD-00623,9.7,2025-12-12T08:48:02,2025-12-12T00:48:02,https://api.quant-aq.com/v1/devices/MOD-00623/data/563025119
245.08,726.78,"{'lat': None, 'lon': None}","{'rh': 77.3, 'temp': 9.7, 'wd': 0.0, 'ws': 0.0, 'ws_scalar': 0.0}","{'gas': {'co': 18148, 'co2': 13271, 'no': 18149, 'no2': 18150, 'o3': 18151}, 'pm': {'pm1': 17109, 'pm10': 17111, 'pm25': 17110}}",0.29,2.06,14.96,0.57,1.53,1.14,563023145,77.3,MOD-00623,9.7,2025-12-12T08:47:02,2025-12-12T00:47:02,https://api.quant-aq.com/v1/devices/MOD-00623/data/563022994
243.03,730.15,"{'lat': None, 'lon': None}","{'rh': 77.3, 'temp': 9.7, 'wd': 0.0, 'ws': 0.0, 'ws_scalar': 0.0}","{'gas': {'co': 18148, 'co2': 13271, 'no': 18149, 'no2': 18150, 'o3': 18151}, 'pm': {'pm1': 17109, 'pm10': 17111, 'pm25': 17110}}",1.17,2.36,14.25,0.68,1.74,1.31,563023144,77.3,MOD-00623,9.7,2025-12-12T08:46:02,2025-12-12T00:46:02,https://api.quant-aq.com/v1/devices/MOD-00623/data/563022993
252.66,728.23,"{'lat': None, 'lon': None}","{'rh': 77.6, 'temp': 9.7, 'wd': 0.0, 'ws': 0.0, 'ws_scalar': 0.0}","{'gas': {'co': 18148, 'co2': 13271, 'no': 18149, 'no2': 18150, 'o3': 18151}, 'pm': {'pm1': 17109, 'pm10': 17111, 'pm25': 17110}}",0.84,2.18,12.53,0.58,9.89,1.35,563023146,77.6,MOD-00623,9.7,2025-12-12T08:45:02,2025-12-12T00:45:02,https://api.quant-aq.com/v1/devices/MOD-00623/data/563022995
255.94,729.91,"{'lat': None, 'lon': None}","{'rh': 77.6, 'temp': 9.7, 'wd': 0.0, 'ws': 0.0, 'ws_scalar': 0.0}","{'gas': {'co': 18148, 'co2': 13271, 'no': 18149, 'no2': 18150, 'o3': 18151}, 'pm': {'pm1': 17109, 'pm10': 17111, 'pm25': 17110}}",0.69,2.49,13.2,0.52,2.71,1.24,563023143,77.6,MOD-00623,9.7,2025-12-12T08:44:02,2025-12-12T00:44:02,https://api.quant-aq.com/v1/devices/MOD-00623/data/563022992
255.12,727.87,"{'lat': None, 'lon': None}","{'rh': 77.6, 'temp': 9.7, 'wd': 0.0, 'ws': 0.0, 'ws_scalar': 0.0}","{'gas': {'co': 18148, 'co2': 13271, 'no': 18149, 'no2': 18150, 'o3': 18151}, 'pm': {'pm1': 17109, 'pm10': 17111, 'pm25': 17110}}",1.94,2.86,12.49,0.82,4.45,1.34,563021147,77.6,MOD-00623,9.7,2025-12-12T08:43:02,2025-12-12T00:43:02,https://api.quant-aq.com/v1/devices/MOD-00623/data/563020996
250.03,731.72,"{'lat': None, 'lon': None}","{'rh': 78.0, 'temp': 9.8, 'wd': 0.0, 'ws': 0.0, 'ws_scalar': 0.0}","{'gas': {'co': 18148, 'co2': 13271, 'no': 18149, 'no2': 18150, 'o3': 18151}, 'pm': {'pm1': 17109, 'pm10': 17111, 'pm25': 17110}}",0.92,2.83,12.45,0.95,4.02,1.64,563021146,78.0,MOD-00623,9.8,2025-12-12T08:42:02,2025-12-12T00:42:02,https://api.quant-aq.com/v1/devices/MOD-00623/data/563020995
246.96,728.23,"{'lat': None, 'lon': None}","{'rh': 77.7, 'temp': 9.8, 'wd': 0.0, 'ws': 0.0, 'ws_scalar': 0.0}","{'gas': {'co': 18148, 'co2': 13271, 'no': 18149, 'no2': 18150, 'o3': 18151}, 'pm': {'pm1': 17109, 'pm10': 17111, 'pm25': 17110}}",0.77,3.07,13.72,0.86,3.35,1.84,563021148,77.7,MOD-00623,9.8,2025-12-12T08:41:02,2025-12-12T00:41:02,https://api.quant-aq.com/v1/devices/MOD-00623/data/563020997
256.19,731.36,"{'lat': None, 'lon': None}","{'rh': 77.4, 'temp': 9.8, 'wd': 0.0, 'ws': 0.0, 'ws_scalar': 0.0}","{'gas': {'co': 18148, 'co2': 13271, 'no': 18149, 'no2': 18150, 'o3': 18151}, 'pm': {'pm1': 17109, 'pm10': 17111, 'pm25': 17110}}",1.1,2.52,13.2,0.76,15.45,1.5,563021145,77.4,MOD-00623,9.8,2025-12-12T08:40:02,2025-12-12T00:40:02,https://api.quant-aq.com/v1/devices/MOD-00623/data/563020994
246.14,726.06,"{'lat': None, 'lon': None}","{'rh': 77.7, 'temp': 9.8, 'wd': 0.0, 'ws': 0.0, 'ws_scalar': 0.0}","{'gas': {'co': 18148, 'co2': 13271, 'no': 18149, 'no2': 18150, 'o3': 18151}, 'pm': {'pm1': 17109, 'pm10': 17111, 'pm25': 17110}}",0.62,2.49,14.54,1.01,3.27,1.78,563019074,77.7,MOD-00623,9.8,2025-12-12T08:39:02,2025-12-12T00:39:02,https://api.quant-aq.com/v1/devices/MOD-00623/data/563018923
230.0,731.24,"{'lat': None, 'lon': None}","{'rh': 77.9, 'temp': 9.8, 'wd': 0.0, 'ws': 0.0, 'ws_scalar': 0.0}","{'gas': {'co': 18148, 'co2': 13271, 'no': 18149, 'no2': 18150, 'o3': 18151}, 'pm': {'pm1': 17109, 'pm10': 17111, 'pm25': 17110}}",1.24,2.84,13.37,1.2,4.19,1.77,563019071,77.9,MOD-00623,9.8,2025-12-12T08:38:02,2025-12-12T00:38:02,https://api.quant-aq.com/v1/devices/MOD-00623/data/563018920
243.47,730.03,"{'lat': None, 'lon': None}","{'rh': 78.0, 'temp': 9.8, 'wd': 0.0, 'ws': 0.0, 'ws_scalar': 0.0}","{'gas': {'co': 18148, 'co2': 13271, 'no': 18149, 'no2': 18150, 'o3': 18151}, 'pm': {'pm1': 17109, 'pm10': 17111, 'pm25': 17110}}",0.76,2.64,12.57,0.64,2.56,1.11,563019073,78.0,MOD-00623,9.8,2025-12-12T08:37:02,2025-12-12T00:37:02,https://api.quant-aq.com/v1/devices/MOD-00623/data/563018922
251.05,732.56,"{'lat': None, 'lon': None}","{'rh': 78.3, 'temp': 9.8, 'wd': 0.0, 'ws': 0.0, 'ws_scalar': 0.0}","{'gas': {'co': 18148, 'co2': 13271, 'no': 18149, 'no2': 18150, 'o3': 18151}, 'pm': {'pm1': 17109, 'pm10': 17111, 'pm25': 17110}}",0.75,2.61,12.55,0.84,3.04,1.7,563019072,78.3,MOD-00623,9.8,2025-12-12T08:36:02,2025-12-12T00:36:02,https://api.quant-aq.com/v1/devices/MOD-00623/data/563018921
256.52,730.64,"{'lat': None, 'lon': None}","{'rh': 78.1, 'temp': 9.8, 'wd': 0.0, 'ws': 0.0, 'ws_scalar': 0.0}","{'gas': {'co': 18148, 'co2': 13271, 'no': 18149, 'no2': 18150, 'o3': 18151}, 'pm': {'pm1': 17109, 'pm10': 17111, 'pm25': 17110}}",0.76,2.63,13.94,0.88,3.46,1.66,563017013,78.1,MOD-00623,9.8,2025-12-12T08:35:02,2025-12-12T00:35:02,https://api.quant-aq.com/v1/devices/MOD-00623/data/563016862
245.66,732.68,"{'lat': None, 'lon': None}","{'rh': 77.8, 'temp': 9.8, 'wd': 0.0, 'ws': 0.0, 'ws_scalar': 0.0}","{'gas': {'co': 18148, 'co2': 13271, 'no': 18149, 'no2': 18150, 'o3': 18151}, 'pm': {'pm1': 17109, 'pm10': 17111, 'pm25': 17110}}",0.93,2.85,12.01,1.19,6.07,1.8,563017011,77.8,MOD-00623,9.8,2025-12-12T08:34:02,2025-12-12T00:34:02,https://api.quant-aq.com/v1/devices/MOD-00623/data/563016859
236.69,731.84,"{'lat': None, 'lon': None}","{'rh': 78.3, 'temp': 9.8, 'wd': 0.0, 'ws': 0.0, 'ws_scalar': 0.0}","{'gas': {'co': 18148, 'co2': 13271, 'no': 18149, 'no2': 18150, 'o3': 18151}, 'pm': {'pm1': 17109, 'pm10': 17111, 'pm25': 17110}}",0.59,2.61,13.01,1.06,6.94,1.78,563017010,78.3,MOD-00623,9.8,2025-12-12T08:33:02,2025-12-12T00:33:02,https://api.quant-aq.com/v1/devices/MOD-00623/data/563016860
243.88,731.24,"{'lat': None, 'lon': None}","{'rh': 78.0, 'temp': 9.8, 'wd': 0.0, 'ws': 0.0, 'ws_scalar': 0.0}","{'gas': {'co': 18148, 'co2': 13271, 'no': 18149, 'no2': 18150, 'o3': 18151}, 'pm': {'pm1': 17109, 'pm10': 17111, 'pm25': 17110}}",0.61,2.46,12.7,0.91,21.91,1.47,563017012,78.0,MOD-00623,9.8,2025-12-12T08:32:02,2025-12-12T00:32:02,https://api.quant-aq.com/v1/devices/MOD-00623/data/563016861
246.34,731.84,"{'lat': None, 'lon': None}","{'rh': 78.0, 'temp': 9.8, 'wd': 0.0, 'ws': 0.0, 'ws_scalar': 0.0}","{'gas': {'co': 18148, 'co2': 13271, 'no': 18149, 'no2': 18150, 'o3': 18151}, 'pm': {'pm1': 17109, 'pm10': 17111, 'pm25': 17110}}",1.08,2.64,12.12,0.91,5.79,1.75,563014938,78.0,MOD-00623,9.8,2025-12-12T08:31:02,2025-12-12T00:31:02,https://api.quant-aq.com/v1/devices/MOD-00623/data/563014787
252.35,729.79,"{'lat': None, 'lon': None}","{'rh': 78.2, 'temp': 9.8, 'wd': 0.0, 'ws': 0.0, 'ws_scalar': 0.0}","{'gas': {'co': 18148, 'co2': 13271, 'no': 18149, 'no2': 18150, 'o3': 18151}, 'pm': {'pm1': 17109, 'pm10': 17111, 'pm25': 17110}}",0.75,2.62,12.1,0.83,4.96,1.9,563014936,78.2,MOD-00623,9.8,2025-12-12T08:30:02,2025-12-12T00:30:02,https://api.quant-aq.com/v1/devices/MOD-00623/data/563014785
255.43,730.15,"{'lat': None, 'lon': None}","{'rh': 77.9, 'temp': 9.8, 'wd': 0.0, 'ws': 0.0, 'ws_scalar': 0.0}","{'gas': {'co': 18148, 'co2': 13271, 'no': 18149, 'no2': 18150, 'o3': 18151}, 'pm': {'pm1': 17109, 'pm10': 17111, 'pm25': 17110}}",0.77,2.47,12.25,0.92,16.77,1.78,563014937,77.9,MOD-00623,9.8,2025-12-12T08:29:02,2025-12-12T00:29:02,https://api.quant-aq.com/v1/devices/MOD-00623/data/563014786
235.12,734.61,"{'lat': None, 'lon': None}","{'rh': 78.2, 'temp': 9.8, 'wd': 0.0, 'ws': 0.0, 'ws_scalar': 0.0}","{'gas': {'co': 18148, 'co2': 13271, 'no': 18149, 'no2': 18150, 'o3': 18151}, 'pm': {'pm1': 17109, 'pm10': 17111, 'pm25': 17110}}",0.75,2.44,12.23,0.97,3.7,1.56,563014939,78.2,MOD-00623,9.8,2025-12-12T08:28:02,2025-12-12T00:28:02,https://api.quant-aq.com/v1/devices/MOD-00623/data/563014788
229.52,731.24,"{'lat': None, 'lon': None}","{'rh': 78.0, 'temp': 9.8, 'wd': 0.0, 'ws': 0.0, 'ws_scalar': 0.0}","{'gas': {'co': 18148, 'co2': 13271, 'no': 18149, 'no2': 18150, 'o3': 18151}, 'pm': {'pm1': 17109, 'pm10': 17111, 'pm25': 17110}}",0.36,2.46,12.7,0.76,1.99,1.56,563012879,78.0,MOD-00623,9.8,2025-12-12T08:27:02,2025-12-12T00:27:02,https://api.quant-aq.com/v1/devices/MOD-00623/data/563012728
261.1,731.48,"{'lat': None, 'lon': None}","{'rh': 78.0, 'temp': 9.8, 'wd': 0.0, 'ws': 0.0, 'ws_scalar': 0.0}","{'gas': {'co': 18148, 'co2': 13271, 'no': 18149, 'no2': 18150, 'o3': 18151}, 'pm': {'pm1': 17109, 'pm10': 17111, 'pm25': 17110}}",0.36,2.46,12.24,0.69,2.65,1.24,563012882,78.0,MOD-00623,9.8,2025-12-12T08:26:02,2025-12-12T00:26:02,https://api.quant-aq.com/v1/devices/MOD-00623/data/563012731
216.2,732.44,"{'lat': None, 'lon': None}","{'rh': 77.7, 'temp': 9.8, 'wd': 0.0, 'ws': 0.0, 'ws_scalar': 0.0}","{'gas': {'co': 18148, 'co2': 13271, 'no': 18149, 'no2': 18150, 'o3': 18151}, 'pm': {'pm1': 17109, 'pm10': 17111, 'pm25': 17110}}",0.46,1.89,13.67,0.62,3.59,1.34,563012880,77.7,MOD-00623,9.8,2025-12-12T08:25:02,2025-12-12T00:25:02,https://api.quant-aq.com/v1/devices/MOD-00623/data/563012729
243.06,730.76,"{'lat': None, 'lon': None}","{'rh': 78.0, 'temp': 9.8, 'wd': 0.0, 'ws': 0.0, 'ws_scalar': 0.0}","{'gas': {'co': 18148, 'co2': 13271, 'no': 18149, 'no2': 18150, 'o3': 18151}, 'pm': {'pm1': 17109, 'pm10': 17111, 'pm25': 17110}}",0.45,2.64,11.66,0.77,3.09,1.38,563012881,78.0,MOD-00623,9.8,2025-12-12T08:24:02,2025-12-12T00:24:02,https://api.quant-aq.com/v1/devices/MOD-00623/data/563012730
244.23,731.48,"{'lat': None, 'lon': None}","{'rh': 77.5, 'temp': 9.8, 'wd': 0.0, 'ws': 0.0, 'ws_scalar': 0.0}","{'gas': {'co': 18148, 'co2': 13271, 'no': 18149, 'no2': 18150, 'o3': 18151}, 'pm': {'pm1': 17109, 'pm10': 17111, 'pm25': 17110}}",1.1,2.34,12.86,0.64,2.13,1.27,563010811,77.5,MOD-00623,9.8,2025-12-12T08:23:02,2025-12-12T00:23:02,https://api.quant-aq.com/v1/devices/MOD-00623/data/563010660
253.86,730.64,"{'lat': None, 'lon': None}","{'rh': 77.8, 'temp': 9.8, 'wd': 0.0, 'ws': 0.0, 'ws_scalar': 0.0}","{'gas': {'co': 18148, 'co2': 13271, 'no': 18149, 'no2': 18150, 'o3': 18151}, 'pm': {'pm1': 17109, 'pm10': 17111, 'pm25': 17110}}",1.08,2.66,10.76,0.77,3.62,1.58,563010812,77.8,MOD-00623,9.8,2025-12-12T08:22:02,2025-12-12T00:22:02,https://api.quant-aq.com/v1/devices/MOD-00623/data/563010662
275.6,729.67,"{'lat': None, 'lon': None}","{'rh': 77.8, 'temp': 9.8, 'wd': 0.0, 'ws': 0.0, 'ws_scalar': 0.0}","{'gas': {'co': 18148, 'co2': 13271, 'no': 18149, 'no2': 18150, 'o3': 18151}, 'pm': {'pm1': 17109, 'pm10': 17111, 'pm25': 17110}}",1.87,3.29,10.4,0.7,4.26,1.37,563010810,77.8,MOD-00623,9.8,2025-12-12T08:21:02,2025-12-12T00:21:02,https://api.quant-aq.com/v1/devices/MOD-00623/data/563010659
242.04,732.8,"{'lat': None, 'lon': None}","{'rh': 77.7, 'temp': 9.8, 'wd': 0.0, 'ws': 0.0, 'ws_scalar': 0.0}","{'gas': {'co': 18148, 'co2': 13271, 'no': 18149, 'no2': 18150, 'o3': 18151}, 'pm': {'pm1': 17109, 'pm10': 17111, 'pm25': 17110}}",0.62,1.89,11.84,0.7,2.44,1.55,563010813,77.7,MOD-00623,9.8,2025-12-12T08:20:02,2025-12-12T00:20:02,https://api.quant-aq.com/v1/devices/MOD-00623/data/563010661
248.66,731.84,"{'lat': None, 'lon': None}","{'rh': 78.2, 'temp': 9.8, 'wd': 0.0, 'ws': 0.0, 'ws_scalar': 0.0}","{'gas': {'co': 18148, 'co2': 13271, 'no': 18149, 'no2': 18150, 'o3': 18151}, 'pm': {'pm1': 17109, 'pm10': 17111, 'pm25': 17110}}",1.07,2.81,11.52,0.81,3.19,1.64,563008744,78.2,MOD-00623,9.8,2025-12-12T08:19:02,2025-12-12T00:19:02,https://api.quant-aq.com/v1/devices/MOD-00623/data/563008593
271.96,731.24,"{'lat': None, 'lon': None}","{'rh': 78.3, 'temp': 9.8, 'wd': 0.0, 'ws': 0.0, 'ws_scalar': 0.0}","{'gas': {'co': 18148, 'co2': 13271, 'no': 18149, 'no2': 18150, 'o3': 18151}, 'pm': {'pm1': 17109, 'pm10': 17111, 'pm25': 17110}}",1.22,3.24,11.27,0.8,3.38,1.62,563008743,78.3,MOD-00623,9.8,2025-12-12T08:18:02,2025-12-12T00:18:02,https://api.quant-aq.com/v1/devices/MOD-00623/data/563008591
232.52,730.64,"{'lat': None, 'lon': None}","{'rh': 78.4, 'temp': 9.8, 'wd': 0.0, 'ws': 0.0, 'ws_scalar': 0.0}","{'gas': {'co': 18148, 'co2': 13271, 'no': 18149, 'no2': 18150, 'o3': 18151}, 'pm': {'pm1': 17109, 'pm10': 17111, 'pm25': 17110}}",1.22,3.0,10.93,1.04,12.98,1.67,563008741,78.4,MOD-00623,9.8,2025-12-12T08:17:02,2025-12-12T00:17:02,https://api.quant-aq.com/v1/devices/MOD-00623/data/563008590
239.22,733.29,"{'lat': None, 'lon': None}","{'rh': 78.2, 'temp': 9.8, 'wd': 0.0, 'ws': 0.0, 'ws_scalar': 0.0}","{'gas': {'co': 18148, 'co2': 13271, 'no': 18149, 'no2': 18150, 'o3': 18151}, 'pm': {'pm1': 17109, 'pm10': 17111, 'pm25': 17110}}",0.44,2.44,13.14,0.92,5.91,1.78,563008742,78.2,MOD-00623,9.8,2025-12-12T08:16:02,2025-12-12T00:16:02,https://api.quant-aq.com/v1/devices/MOD-00623/data/563008592
265.33,727.38,"{'lat': None, 'lon': None}","{'rh': 78.4, 'temp': 9.8, 'wd': 0.0, 'ws': 0.0, 'ws_scalar': 0.0}","{'gas': {'co': 18148, 'co2': 13271, 'no': 18149, 'no2': 18150, 'o3': 18151}, 'pm': {'pm1': 17109, 'pm10': 17111, 'pm25': 17110}}",0.43,2.6,10.26,1.07,4.1,1.68,563006680,78.4,MOD-00623,9.8,2025-12-12T08:15:02,2025-12-12T00:15:02,https://api.quant-aq.com/v1/devices/MOD-00623/data/563006529
251.73,732.8,"{'lat': None, 'lon': None}","{'rh': 78.5, 'temp': 9.8, 'wd': 0.0, 'ws': 0.0, 'ws_scalar': 0.0}","{'gas': {'co': 18148, 'co2': 13271, 'no': 18149, 'no2': 18150, 'o3': 18151}, 'pm': {'pm1': 17109, 'pm10': 17111, 'pm25': 17110}}",1.06,3.21,11.26,0.83,2.06,1.66,563006682,78.5,MOD-00623,9.8,2025-12-12T08:14:02,2025-12-12T00:14:02,https://api.quant-aq.com/v1/devices/MOD-00623/data/563006531
265.26,731.72,"{'lat': None, 'lon': None}","{'rh': 78.5, 'temp': 9.8, 'wd': 0.0, 'ws': 0.0, 'ws_scalar': 0.0}","{'gas': {'co': 18148, 'co2': 13271, 'no': 18149, 'no2': 18150, 'o3': 18151}, 'pm': {'pm1': 17109, 'pm10': 17111, 'pm25': 17110}}",0.35,2.59,12.54,1.0,3.77,2.03,563006683,78.5,MOD-00623,9.8,2025-12-12T08:13:02,2025-12-12T00:13:02,https://api.quant-aq.com/v1/devices/MOD-00623/data/563006532
239.01,733.17,"{'lat': None, 'lon': None}","{'rh': 78.5, 'temp': 9.8, 'wd': 0.0, 'ws': 0.0, 'ws_scalar': 0.0}","{'gas': {'co': 18148, 'co2': 13271, 'no': 18149, 'no2': 18150, 'o3': 18151}, 'pm': {'pm1': 17109, 'pm10': 17111, 'pm25': 17110}}",0.29,2.25,12.78,1.27,7.49,1.69,563006681,78.5,MOD-00623,9.8,2025-12-12T08:12:02,2025-12-12T00:12:02,https://api.quant-aq.com/v1/devices/MOD-00623/data/563006530
261.77,733.41,"{'lat': None, 'lon': None}","{'rh': 78.8, 'temp': 9.8, 'wd': 0.0, 'ws': 0.0, 'ws_scalar': 0.0}","{'gas': {'co': 18148, 'co2': 13271, 'no': 18149, 'no2': 18150, 'o3': 18151}, 'pm': {'pm1': 17109, 'pm10': 17111, 'pm25': 17110}}",0.12,3.18,10.32,0.82,7.45,1.47,563004633,78.8,MOD-00623,9.8,2025-12-12T08:11:02,2025-12-12T00:11:02,https://api.quant-aq.com/v1/devices/MOD-00623/data/563004482
284.13,733.65,"{'lat': None, 'lon': None}","{'rh': 78.5, 'temp': 9.8, 'wd': 0.0, 'ws': 0.0, 'ws_scalar': 0.0}","{'gas': {'co': 18148, 'co2': 13271, 'no': 18149, 'no2': 18150, 'o3': 18151}, 'pm': {'pm1': 17109, 'pm10': 17111, 'pm25': 17110}}",0.32,2.25,11.87,0.93,7.96,1.54,563004632,78.5,MOD-00623,9.8,2025-12-12T08:10:02,2025-12-12T00:10:02,https://api.quant-aq.com/v1/devices/MOD-00623/data/563004481
269.97,732.44,"{'lat': None, 'lon': None}","{'rh': 78.8, 'temp': 9.8, 'wd': 0.0, 'ws': 0.0, 'ws_scalar': 0.0}","{'gas': {'co': 18148, 'co2': 13271, 'no': 18149, 'no2': 18150, 'o3': 18151}, 'pm': {'pm1': 17109, 'pm10': 17111, 'pm25': 17110}}",0.73,2.75,11.48,1.12,4.31,1.83,563004634,78.8,MOD-00623,9.8,2025-12-12T08:09:02,2025-12-12T00:09:02,https://api.quant-aq.com/v1/devices/MOD-00623/data/563004483
304.49,733.29,"{'lat': None, 'lon': None}","{'rh': 78.7, 'temp': 9.8, 'wd': 0.0, 'ws': 0.0, 'ws_scalar': 0.0}","{'gas': {'co': 18148, 'co2': 13271, 'no': 18149, 'no2': 18150, 'o3': 18151}, 'pm': {'pm1': 17109, 'pm10': 17111, 'pm25': 17110}}",1.52,2.97,11.36,0.94,7.12,2.08,563004631,78.7,MOD-00623,9.8,2025-12-12T08:08:02,2025-12-12T00:08:02,https://api.quant-aq.com/v1/devices/MOD-00623/data/563004480
309.34,728.23,"{'lat': None, 'lon': None}","{'rh': 78.8, 'temp': 9.8, 'wd': 0.0, 'ws': 0.0, 'ws_scalar': 0.0}","{'gas': {'co': 18148, 'co2': 13271, 'no': 18149, 'no2': 18150, 'o3': 18151}, 'pm': {'pm1': 17109, 'pm10': 17111, 'pm25': 17110}}",0.35,2.75,10.57,0.74,5.73,1.54,563002541,78.8,MOD-00623,9.8,2025-12-12T08:07:02,2025-12-12T00:07:02,https://api.quant-aq.com/v1/devices/MOD-00623/data/563002391
305.35,734.37,"{'lat': None, 'lon': None}","{'rh': 78.8, 'temp': 9.9, 'wd': 0.0, 'ws': 0.0, 'ws_scalar': 0.0}","{'gas': {'co': 18148, 'co2': 13271, 'no': 18149, 'no2': 18150, 'o3': 18151}, 'pm': {'pm1': 17109, 'pm10': 17111, 'pm25': 17110}}",1.45,3.2,10.76,1.15,11.58,2.16,563002542,78.8,MOD-00623,9.9,2025-12-12T08:06:02,2025-12-12T00:06:02,https://api.quant-aq.com/v1/devices/MOD-00623/data/563002390
276.23,733.77,"{'lat': None, 'lon': None}","{'rh': 78.8, 'temp': 9.9, 'wd': 0.0, 'ws': 0.0, 'ws_scalar': 0.0}","{'gas': {'co': 18148, 'co2': 13271, 'no': 18149, 'no2': 18150, 'o3': 18151}, 'pm': {'pm1': 17109, 'pm10': 17111, 'pm25': 17110}}",0.66,2.57,10.68,0.64,2.59,1.64,563002540,78.8,MOD-00623,9.9,2025-12-12T08:05:02,2025-12-12T00:05:02,https://api.quant-aq.com/v1/devices/MOD-00623/data/563002389
254.09,737.74,"{'lat': None, 'lon': None}","{'rh': 78.8, 'temp': 9.9, 'wd': 0.0, 'ws': 0.0, 'ws_scalar': 0.0}","{'gas': {'co': 18148, 'co2': 13271, 'no': 18149, 'no2': 18150, 'o3': 18151}, 'pm': {'pm1': 17109, 'pm10': 17111, 'pm25': 17110}}",0.51,2.76,9.64,0.86,5.03,1.4,563002539,78.8,MOD-00623,9.9,2025-12-12T08:04:02,2025-12-12T00:04:02,https://api.quant-aq.com/v1/devices/MOD-00623/data/563002388
237.95,731.48,"{'lat': None, 'lon': None}","{'rh': 79.0, 'temp': 9.9, 'wd': 0.0, 'ws': 0.0, 'ws_scalar': 0.0}","{'gas': {'co': 18148, 'co2': 13271, 'no': 18149, 'no2': 18150, 'o3': 18151}, 'pm': {'pm1': 17109, 'pm10': 17111, 'pm25': 17110}}",0.66,2.54,10.66,0.81,3.1,1.59,563000508,79.0,MOD-00623,9.9,2025-12-12T08:03:02,2025-12-12T00:03:02,https://api.quant-aq.com/v1/devices/MOD-00623/data/563000357
244.31,735.82,"{'lat': None, 'lon': None}","{'rh': 78.7, 'temp': 9.9, 'wd': 0.0, 'ws': 0.0, 'ws_scalar': 0.0}","{'gas': {'co': 18148, 'co2': 13271, 'no': 18149, 'no2': 18150, 'o3': 18151}, 'pm': {'pm1': 17109, 'pm10': 17111, 'pm25': 17110}}",0.24,2.09,11.06,0.9,6.79,1.53,563000507,78.7,MOD-00623,9.9,2025-12-12T08:02:02,2025-12-12T00:02:02,https://api.quant-aq.com/v1/devices/MOD-00623/data/563000356
249.24,735.21,"{'lat': None, 'lon': None}","{'rh': 78.7, 'temp': 9.9, 'wd': 0.0, 'ws': 0.0, 'ws_scalar': 0.0}","{'gas': {'co': 18148, 'co2': 13271, 'no': 18149, 'no2': 18150, 'o3': 18151}, 'pm': {'pm1': 17109, 'pm10': 17111, 'pm25': 17110}}",0.3,2.98,9.98,1.05,4.82,1.8,563000509,78.7,MOD-00623,9.9,2025-12-12T08:01:02,2025-12-12T00:01:02,https://api.quant-aq.com/v1/devices/MOD-00623/data/563000358
263.52,737.86,"{'lat': None, 'lon': None}","{'rh': 78.8, 'temp': 9.9, 'wd': 0.0, 'ws': 0.0, 'ws_scalar': 0.0}","{'gas': {'co': 18148, 'co2': 13271, 'no': 18149, 'no2': 18150, 'o3': 18151}, 'pm': {'pm1': 17109, 'pm10': 17111, 'pm25': 17110}}",1.13,3.2,9.85,1.03,4.3,1.88,563000506,78.8,MOD-00623,9.9,2025-12-12T08:00:02,2025-12-12T00:00:02,https://api.quant-aq.com/v1/devices/MOD-00623/data/563000355
273.7,737.74,"{'lat': None, 'lon': None}","{'rh': 78.9, 'temp': 9.9, 'wd': 0.0, 'ws': 0.0, 'ws_scalar': 0.0}","{'gas': {'co': 18148, 'co2': 13271, 'no': 18149, 'no2': 18150, 'o3': 18151}, 'pm': {'pm1': 17109, 'pm10': 17111, 'pm25': 17110}}",0.39,3.19,9.85,1.07,3.09,1.83,562998430,78.9,MOD-00623,9.9,2025-12-12T07:59:02,2025-12-11T23:59:02,https://api.quant-aq.com/v1/devices/MOD-00623/data/562998279
283.47,738.59,"{'lat': None, 'lon': None}","{'rh': 79.0, 'temp': 9.9, 'wd': 0.0, 'ws': 0.0, 'ws_scalar': 0.0}","{'gas': {'co': 18148, 'co2': 13271, 'no': 18149, 'no2': 18150, 'o3': 18151}, 'pm': {'pm1': 17109, 'pm10': 17111, 'pm25': 17110}}",0.39,4.0,9.47,1.29,5.97,1.82,562998428,79.0,MOD-00623,9.9,2025-12-12T07:58:02,2025-12-11T23:58:02,https://api.quant-aq.com/v1/devices/MOD-00623/data/562998275
261.33,740.03,"{'lat': None, 'lon': None}","{'rh': 79.0, 'temp': 9.9, 'wd': 0.0, 'ws': 0.0, 'ws_scalar': 0.0}","{'gas': {'co': 18148, 'co2': 13271, 'no': 18149, 'no2': 18150, 'o3': 18151}, 'pm': {'pm1': 17109, 'pm10': 17111, 'pm25': 17110}}",0.81,3.43,9.71,1.28,4.7,1.98,562998399,79.0,MOD-00623,9.9,2025-12-12T07:57:02,2025-12-11T23:57:02,https://api.quant-aq.com/v1/devices/MOD-00623/data/562998248
266.45,739.07,"{'lat': None, 'lon': None}","{'rh': 79.3, 'temp': 9.9, 'wd': 0.0, 'ws': 0.0, 'ws_scalar': 0.0}","{'gas': {'co': 18148, 'co2': 13271, 'no': 18149, 'no2': 18150, 'o3': 18151}, 'pm': {'pm1': 17109, 'pm10': 17111, 'pm25': 17110}}",0.29,5.04,9.08,0.99,12.08,1.89,562998397,79.3,MOD-00623,9.9,2025-12-12T07:56:02,2025-12-11T23:56:02,https://api.quant-aq.com/v1/devices/MOD-00623/data/562998246
236.31,736.06,"{'lat': None, 'lon': None}","{'rh': 79.0, 'temp': 9.9, 'wd': 0.0, 'ws': 0.0, 'ws_scalar': 0.0}","{'gas': {'co': 18148, 'co2': 13271, 'no': 18149, 'no2': 18150, 'o3': 18151}, 'pm': {'pm1': 17109, 'pm10': 17111, 'pm25': 17110}}",0.29,3.43,10.17,1.06,4.47,1.85,562996341,79.0,MOD-00623,9.9,2025-12-12T07:55:02,2025-12-11T23:55:02,https://api.quant-aq.com/v1/devices/MOD-00623/data/562996190
266.73,736.54,"{'lat': None, 'lon': None}","{'rh': 78.9, 'temp': 9.9, 'wd': 0.0, 'ws': 0.0, 'ws_scalar': 0.0}","{'gas': {'co': 18148, 'co2': 13271, 'no': 18149, 'no2': 18150, 'o3': 18151}, 'pm': {'pm1': 17109, 'pm10': 17111, 'pm25': 17110}}",0.5,4.69,7.4,1.0,5.32,1.7,562996339,78.9,MOD-00623,9.9,2025-12-12T07:54:02,2025-12-11T23:54:02,https://api.quant-aq.com/v1/devices/MOD-00623/data/562996188
270.35,735.7,"{'lat': None, 'lon': None}","{'rh': 79.0, 'temp': 9.9, 'wd': 0.0, 'ws': 0.0, 'ws_scalar': 0.0}","{'gas': {'co': 18148, 'co2': 13271, 'no': 18149, 'no2': 18150, 'o3': 18151}, 'pm': {'pm1': 17109, 'pm10': 17111, 'pm25': 17110}}",0.36,3.43,10.17,1.17,4.24,1.89,562996342,79.0,MOD-00623,9.9,2025-12-12T07:53:02,2025-12-11T23:53:02,https://api.quant-aq.com/v1/devices/MOD-00623/data/562996191
262.09,736.54,"{'lat': None, 'lon': None}","{'rh': 78.5, 'temp': 9.9, 'wd': 0.0, 'ws': 0.0, 'ws_scalar': 0.0}","{'gas': {'co': 18148, 'co2': 13271, 'no': 18149, 'no2': 18150, 'o3': 18151}, 'pm': {'pm1': 17109, 'pm10': 17111, 'pm25': 17110}}",0.4,3.23,10.33,0.95,7.52,1.75,562996340,78.5,MOD-00623,9.9,2025-12-12T07:52:02,2025-12-11T23:52:02,https://api.quant-aq.com/v1/devices/MOD-00623/data/562996189
282.05,732.8,"{'lat': None, 'lon': None}","{'rh': 78.7, 'temp': 9.9, 'wd': 0.0, 'ws': 0.0, 'ws_scalar': 0.0}","{'gas': {'co': 18148, 'co2': 13271, 'no': 18149, 'no2': 18150, 'o3': 18151}, 'pm': {'pm1': 17109, 'pm10': 17111, 'pm25': 17110}}",1.3,2.58,8.86,1.01,3.66,1.87,562994278,78.7,MOD-00623,9.9,2025-12-12T07:51:02,2025-12-11T23:51:02,https://api.quant-aq.com/v1/devices/MOD-00623/data/562994127
274.52,737.74,"{'lat': None, 'lon': None}","{'rh': 78.9, 'temp': 9.9, 'wd': 0.0, 'ws': 0.0, 'ws_scalar': 0.0}","{'gas': {'co': 18148, 'co2': 13271, 'no': 18149, 'no2': 18150, 'o3': 18151}, 'pm': {'pm1': 17109, 'pm10': 17111, 'pm25': 17110}}",0.23,3.71,9.6,0.85,3.55,1.64,562994279,78.9,MOD-00623,9.9,2025-12-12T07:50:02,2025-12-11T23:50:02,https://api.quant-aq.com/v1/devices/MOD-00623/data/562994128
261.82,736.18,"{'lat': None, 'lon': None}","{'rh': 78.3, 'temp': 9.9, 'wd': 0.0, 'ws': 0.0, 'ws_scalar': 0.0}","{'gas': {'co': 18148, 'co2': 13271, 'no': 18149, 'no2': 18150, 'o3': 18151}, 'pm': {'pm1': 17109, 'pm10': 17111, 'pm25': 17110}}",1.31,3.77,9.64,0.9,16.75,1.49,562994276,78.3,MOD-00623,9.9,2025-12-12T07:49:02,2025-12-11T23:49:02,https://api.quant-aq.com/v1/devices/MOD-00623/data/562994125
275.91,733.53,"{'lat': None, 'lon': None}","{'rh': 78.1, 'temp': 9.9, 'wd': 0.0, 'ws': 0.0, 'ws_scalar': 0.0}","{'gas': {'co': 18148, 'co2': 13271, 'no': 18149, 'no2': 18150, 'o3': 18151}, 'pm': {'pm1': 17109, 'pm10': 17111, 'pm25': 17110}}",0.85,2.64,9.82,0.88,3.76,1.32,562994277,78.1,MOD-00623,9.9,2025-12-12T07:48:02,2025-12-11T23:48:02,https://api.quant-aq.com/v1/devices/MOD-00623/data/562994126
268.18,730.03,"{'lat': None, 'lon': None}","{'rh': 78.0, 'temp': 9.9, 'wd': 0.0, 'ws': 0.0, 'ws_scalar': 0.0}","{'gas': {'co': 18148, 'co2': 13271, 'no': 18149, 'no2': 18150, 'o3': 18151}, 'pm': {'pm1': 17109, 'pm10': 17111, 'pm25': 17110}}",1.32,3.28,9.46,1.09,11.76,1.52,562992199,78.0,MOD-00623,9.9,2025-12-12T07:47:02,2025-12-11T23:47:02,https://api.quant-aq.com/v1/devices/MOD-00623/data/562992049
273.23,735.94,"{'lat': None, 'lon': None}","{'rh': 78.4, 'temp': 9.9, 'wd': 0.0, 'ws': 0.0, 'ws_scalar': 0.0}","{'gas': {'co': 18148, 'co2': 13271, 'no': 18149, 'no2': 18150, 'o3': 18151}, 'pm': {'pm1': 17109, 'pm10': 17111, 'pm25': 17110}}",0.68,3.49,10.67,1.19,3.78,2.04,562992200,78.4,MOD-00623,9.9,2025-12-12T07:46:02,2025-12-11T23:46:02,https://api.quant-aq.com/v1/devices/MOD-00623/data/562992048
271.86,733.05,"{'lat': None, 'lon': None}","{'rh': 78.6, 'temp': 9.9, 'wd': 0.0, 'ws': 0.0, 'ws_scalar': 0.0}","{'gas': {'co': 18148, 'co2': 13271, 'no': 18149, 'no2': 18150, 'o3': 18151}, 'pm': {'pm1': 17109, 'pm10': 17111, 'pm25': 17110}}",1.14,4.72,8.34,1.59,4.0,2.23,562992201,78.6,MOD-00623,9.9,2025-12-12T07:45:02,2025-12-11T23:45:02,https://api.quant-aq.com/v1/devices/MOD-00623/data/562992050
272.34,737.38,"{'lat': None, 'lon': None}","{'rh': 78.5, 'temp': 9.9, 'wd': 0.0, 'ws': 0.0, 'ws_scalar': 0.0}","{'gas': {'co': 18148, 'co2': 13271, 'no': 18149, 'no2': 18150, 'o3': 18151}, 'pm': {'pm1': 17109, 'pm10': 17111, 'pm25': 17110}}",1.77,4.73,9.26,2.24,3.97,3.12,562992202,78.5,MOD-00623,9.9,2025-12-12T07:44:02,2025-12-11T23:44:02,https://api.quant-aq.com/v1/devices/MOD-00623/data/562992051
278.42,734.97,"{'lat': None, 'lon': None}","{'rh': 78.6, 'temp': 9.9, 'wd': 0.0, 'ws': 0.0, 'ws_scalar': 0.0}","{'gas': {'co': 18148, 'co2': 13271, 'no': 18149, 'no2': 18150, 'o3': 18151}, 'pm': {'pm1': 17109, 'pm10': 17111, 'pm25': 17110}}",1.14,5.51,8.55,1.71,6.54,2.64,562990169,78.6,MOD-00623,9.9,2025-12-12T07:43:02,2025-12-11T23:43:02,https://api.quant-aq.com/v1/devices/MOD-00623/data/562990018
257.38,732.32,"{'lat': None, 'lon': None}","{'rh': 78.2, 'temp': 9.9, 'wd': 0.0, 'ws': 0.0, 'ws_scalar': 0.0}","{'gas': {'co': 18148, 'co2': 13271, 'no': 18149, 'no2': 18150, 'o3': 18151}, 'pm': {'pm1': 17109, 'pm10': 17111, 'pm25': 17110}}",0.84,3.78,8.74,1.55,3.11,2.25,562990171,78.2,MOD-00623,9.9,2025-12-12T07:42:02,2025-12-11T23:42:02,https://api.quant-aq.com/v1/devices/MOD-00623/data/562990020
267.15,734.25,"{'lat': None, 'lon': None}","{'rh': 78.3, 'temp': 9.9, 'wd': 0.0, 'ws': 0.0, 'ws_scalar': 0.0}","{'gas': {'co': 18148, 'co2': 13271, 'no': 18149, 'no2': 18150, 'o3': 18151}, 'pm': {'pm1': 17109, 'pm10': 17111, 'pm25': 17110}}",0.84,3.25,9.89,1.6,5.35,2.47,562990168,78.3,MOD-00623,9.9,2025-12-12T07:41:02,2025-12-11T23:41:02,https://api.quant-aq.com/v1/devices/MOD-00623/data/562990017
280.06,738.59,"{'lat': None, 'lon': None}","{'rh': 78.6, 'temp': 9.9, 'wd': 0.0, 'ws': 0.0, 'ws_scalar': 0.0}","{'gas': {'co': 18148, 'co2': 13271, 'no': 18149, 'no2': 18150, 'o3': 18151}, 'pm': {'pm1': 17109, 'pm10': 17111, 'pm25': 17110}}",0.51,3.74,9.62,1.65,5.01,2.15,562990170,78.6,MOD-00623,9.9,2025-12-12T07:40:02,2025-12-11T23:40:02,https://api.quant-aq.com/v1/devices/MOD-00623/data/562990019
279.87,730.4,"{'lat': None, 'lon': None}","{'rh': 78.3, 'temp': 9.9, 'wd': 0.0, 'ws': 0.0, 'ws_scalar': 0.0}","{'gas': {'co': 18148, 'co2': 13271, 'no': 18149, 'no2': 18150, 'o3': 18151}, 'pm': {'pm1': 17109, 'pm10': 17111, 'pm25': 17110}}",1.0,3.5,10.22,1.35,4.51,2.17,562988074,78.3,MOD-00623,9.9,2025-12-12T07:39:02,2025-12-11T23:39:02,https://api.quant-aq.com/v1/devices/MOD-00623/data/562987923
290.39,735.7,"{'lat': None, 'lon': None}","{'rh': 78.5, 'temp': 9.9, 'wd': 0.0, 'ws': 0.0, 'ws_scalar': 0.0}","{'gas': {'co': 18148, 'co2': 13271, 'no': 18149, 'no2': 18150, 'o3': 18151}, 'pm': {'pm1': 17109, 'pm10': 17111, 'pm25': 17110}}",0.99,3.75,9.17,1.4,2.22,2.04,562988075,78.5,MOD-00623,9.9,2025-12-12T07:38:02,2025-12-11T23:38:02,https://api.quant-aq.com/v1/devices/MOD-00623/data/562987924
265.38,734.61,"{'lat': None, 'lon': None}","{'rh': 77.9, 'temp': 9.9, 'wd': 0.0, 'ws': 0.0, 'ws_scalar': 0.0}","{'gas': {'co': 18148, 'co2': 13271, 'no': 18149, 'no2': 18150, 'o3': 18151}, 'pm': {'pm1': 17109, 'pm10': 17111, 'pm25': 17110}}",0.7,3.06,10.04,1.42,7.03,2.28,562988076,77.9,MOD-00623,9.9,2025-12-12T07:37:02,2025-12-11T23:37:02,https://api.quant-aq.com/v1/devices/MOD-00623/data/562987925
259.57,735.21,"{'lat': None, 'lon': None}","{'rh': 78.0, 'temp': 9.9, 'wd': 0.0, 'ws': 0.0, 'ws_scalar': 0.0}","{'gas': {'co': 18148, 'co2': 13271, 'no': 18149, 'no2': 18150, 'o3': 18151}, 'pm': {'pm1': 17109, 'pm10': 17111, 'pm25': 17110}}",0.54,3.05,10.04,1.3,21.86,2.02,562988073,78.0,MOD-00623,9.9,2025-12-12T07:36:02,2025-12-11T23:36:02,https://api.quant-aq.com/v1/devices/MOD-00623/data/562987922
247.48,733.53,"{'lat': None, 'lon': None}","{'rh': 77.7, 'temp': 9.9, 'wd': 0.0, 'ws': 0.0, 'ws_scalar': 0.0}","{'gas': {'co': 18148, 'co2': 13271, 'no': 18149, 'no2': 18150, 'o3': 18151}, 'pm': {'pm1': 17109, 'pm10': 17111, 'pm25': 17110}}",1.02,2.87,10.18,1.33,4.19,2.14,562985994,77.7,MOD-00623,9.9,2025-12-12T07:35:02,2025-12-11T23:35:02,https://api.quant-aq.com/v1/devices/MOD-00623/data/562985842
293.68,733.41,"{'lat': None, 'lon': None}","{'rh': 77.9, 'temp': 9.9, 'wd': 0.0, 'ws': 0.0, 'ws_scalar': 0.0}","{'gas': {'co': 18148, 'co2': 13271, 'no': 18149, 'no2': 18150, 'o3': 18151}, 'pm': {'pm1': 17109, 'pm10': 17111, 'pm25': 17110}}",1.01,2.65,10.29,1.12,6.26,1.67,562985996,77.9,MOD-00623,9.9,2025-12-12T07:34:02,2025-12-11T23:34:02,https://api.quant-aq.com/v1/devices/MOD-00623/data/562985848
265.86,733.53,"{'lat': None, 'lon': None}","{'rh': 77.8, 'temp': 9.9, 'wd': 0.0, 'ws': 0.0, 'ws_scalar': 0.0}","{'gas': {'co': 18148, 'co2': 13271, 'no': 18149, 'no2': 18150, 'o3': 18151}, 'pm': {'pm1': 17109, 'pm10': 17111, 'pm25': 17110}}",0.55,2.66,12.58,1.57,10.28,1.92,562985990,77.8,MOD-00623,9.9,2025-12-12T07:33:02,2025-12-11T23:33:02,https://api.quant-aq.com/v1/devices/MOD-00623/data/562985839
261.49,730.28,"{'lat': None, 'lon': None}","{'rh': 77.6, 'temp': 9.9, 'wd': 0.0, 'ws': 0.0, 'ws_scalar': 0.0}","{'gas': {'co': 18148, 'co2': 13271, 'no': 18149, 'no2': 18150, 'o3': 18151}, 'pm': {'pm1': 17109, 'pm10': 17111, 'pm25': 17110}}",0.87,2.68,10.31,1.37,6.59,2.21,562985992,77.6,MOD-00623,9.9,2025-12-12T07:32:02,2025-12-11T23:32:02,https://api.quant-aq.com/v1/devices/MOD-00623/data/562985841
251.76,734.01,"{'lat': None, 'lon': None}","{'rh': 77.6, 'temp': 10.0, 'wd': 0.0, 'ws': 0.0, 'ws_scalar': 0.0}","{'gas': {'co': 18148, 'co2': 13271, 'no': 18149, 'no2': 18150, 'o3': 18151}, 'pm': {'pm1': 17109, 'pm10': 17111, 'pm25': 17110}}",0.49,2.89,10.18,1.12,3.77,1.8,562983904,77.6,MOD-00623,10.0,2025-12-12T07:31:02,2025-12-11T23:31:02,https://api.quant-aq.com/v1/devices/MOD-00623/data/562983754
257.57,732.44,"{'lat': None, 'lon': None}","{'rh': 77.5, 'temp': 10.0, 'wd': 0.0, 'ws': 0.0, 'ws_scalar': 0.0}","{'gas': {'co': 18148, 'co2': 13271, 'no': 18149, 'no2': 18150, 'o3': 18151}, 'pm': {'pm1': 17109, 'pm10': 17111, 'pm25': 17110}}",1.28,2.89,9.73,1.13,4.58,1.84,562983905,77.5,MOD-00623,10.0,2025-12-12T07:30:02,2025-12-11T23:30:02,https://api.quant-aq.com/v1/devices/MOD-00623/data/562983753
257.85,736.06,"{'lat': None, 'lon': None}","{'rh': 77.1, 'temp': 10.0, 'wd': 0.0, 'ws': 0.0, 'ws_scalar': 0.0}","{'gas': {'co': 18148, 'co2': 13271, 'no': 18149, 'no2': 18150, 'o3': 18151}, 'pm': {'pm1': 17109, 'pm10': 17111, 'pm25': 17110}}",0.4,2.23,10.25,1.3,21.71,2.09,562983906,77.1,MOD-00623,10.0,2025-12-12T07:29:02,2025-12-11T23:29:02,https://api.quant-aq.com/v1/devices/MOD-00623/data/562983755
249.17,735.57,"{'lat': None, 'lon': None}","{'rh': 77.2, 'temp': 10.0, 'wd': 0.0, 'ws': 0.0, 'ws_scalar': 0.0}","{'gas': {'co': 18148, 'co2': 13271, 'no': 18149, 'no2': 18150, 'o3': 18151}, 'pm': {'pm1': 17109, 'pm10': 17111, 'pm25': 17110}}",1.29,2.38,10.12,1.15,3.08,2.0,562983907,77.2,MOD-00623,10.0,2025-12-12T07:28:02,2025-12-11T23:28:02,https://api.quant-aq.com/v1/devices/MOD-00623/data/562983756
247.39,735.21,"{'lat': None, 'lon': None}","{'rh': 77.4, 'temp': 10.0, 'wd': 0.0, 'ws': 0.0, 'ws_scalar': 0.0}","{'gas': {'co': 18148, 'co2': 13271, 'no': 18149, 'no2': 18150, 'o3': 18151}, 'pm': {'pm1': 17109, 'pm10': 17111, 'pm25': 17110}}",1.13,2.53,9.98,0.8,5.82,1.67,562981838,77.4,MOD-00623,10.0,2025-12-12T07:27:02,2025-12-11T23:27:02,https://api.quant-aq.com/v1/devices/MOD-00623/data/562981687
252.38,737.02,"{'lat': None, 'lon': None}","{'rh': 77.3, 'temp': 10.0, 'wd': 0.0, 'ws': 0.0, 'ws_scalar': 0.0}","{'gas': {'co': 18148, 'co2': 13271, 'no': 18149, 'no2': 18150, 'o3': 18151}, 'pm': {'pm1': 17109, 'pm10': 17111, 'pm25': 17110}}",0.82,2.72,8.95,1.35,6.53,2.15,562981836,77.3,MOD-00623,10.0,2025-12-12T07:26:02,2025-12-11T23:26:02,https://api.quant-aq.com/v1/devices/MOD-00623/data/562981685
256.75,736.3,"{'lat': None, 'lon': None}","{'rh': 77.5, 'temp': 10.0, 'wd': 0.0, 'ws': 0.0, 'ws_scalar': 0.0}","{'gas': {'co': 18148, 'co2': 13271, 'no': 18149, 'no2': 18150, 'o3': 18151}, 'pm': {'pm1': 17109, 'pm10': 17111, 'pm25': 17110}}",1.28,2.52,9.52,1.19,4.85,1.87,562981837,77.5,MOD-00623,10.0,2025-12-12T07:25:02,2025-12-11T23:25:02,https://api.quant-aq.com/v1/devices/MOD-00623/data/562981686
258.46,735.82,"{'lat': None, 'lon': None}","{'rh': 77.4, 'temp': 10.0, 'wd': 0.0, 'ws': 0.0, 'ws_scalar': 0.0}","{'gas': {'co': 18148, 'co2': 13271, 'no': 18149, 'no2': 18150, 'o3': 18151}, 'pm': {'pm1': 17109, 'pm10': 17111, 'pm25': 17110}}",0.97,2.71,9.86,0.9,3.59,1.39,562981839,77.4,MOD-00623,10.0,2025-12-12T07:24:02,2025-12-11T23:24:02,https://api.quant-aq.com/v1/devices/MOD-00623/data/562981688
265.7,734.37,"{'lat': None, 'lon': None}","{'rh': 77.6, 'temp': 10.0, 'wd': 0.0, 'ws': 0.0, 'ws_scalar': 0.0}","{'gas': {'co': 18148, 'co2': 13271, 'no': 18149, 'no2': 18150, 'o3': 18151}, 'pm': {'pm1': 17109, 'pm10': 17111, 'pm25': 17110}}",0.96,2.89,9.26,1.53,4.08,2.14,562979791,77.6,MOD-00623,10.0,2025-12-12T07:23:02,2025-12-11T23:23:02,https://api.quant-aq.com/v1/devices/MOD-00623/data/562979641
256.89,739.91,"{'lat': None, 'lon': None}","{'rh': 77.3, 'temp': 10.0, 'wd': 0.0, 'ws': 0.0, 'ws_scalar': 0.0}","{'gas': {'co': 18148, 'co2': 13271, 'no': 18149, 'no2': 18150, 'o3': 18151}, 'pm': {'pm1': 17109, 'pm10': 17111, 'pm25': 17110}}",1.44,2.37,9.2,1.68,2.84,2.28,562979789,77.3,MOD-00623,10.0,2025-12-12T07:22:02,2025-12-11T23:22:02,https://api.quant-aq.com/v1/devices/MOD-00623/data/562979638
275.55,736.3,"{'lat': None, 'lon': None}","{'rh': 77.6, 'temp': 10.0, 'wd': 0.0, 'ws': 0.0, 'ws_scalar': 0.0}","{'gas': {'co': 18148, 'co2': 13271, 'no': 18149, 'no2': 18150, 'o3': 18151}, 'pm': {'pm1': 17109, 'pm10': 17111, 'pm25': 17110}}",0.96,3.1,9.14,1.94,6.33,2.77,562979790,77.6,MOD-00623,10.0,2025-12-12T07:21:02,2025-12-11T23:21:02,https://api.quant-aq.com/v1/devices/MOD-00623/data/562979639
265.82,733.77,"{'lat': None, 'lon': None}","{'rh': 77.6, 'temp': 10.1, 'wd': 0.0, 'ws': 0.0, 'ws_scalar': 0.0}","{'gas': {'co': 18148, 'co2': 13271, 'no': 18149, 'no2': 18150, 'o3': 18151}, 'pm': {'pm1': 17109, 'pm10': 17111, 'pm25': 17110}}",1.21,3.11,7.76,1.3,2.55,1.97,562979792,77.6,MOD-00623,10.1,2025-12-12T07:20:02,2025-12-11T23:20:02,https://api.quant-aq.com/v1/devices/MOD-00623/data/562979640
280.45,736.06,"{'lat': None, 'lon': None}","{'rh': 77.2, 'temp': 10.1, 'wd': 0.0, 'ws': 0.0, 'ws_scalar': 0.0}","{'gas': {'co': 18148, 'co2': 13271, 'no': 18149, 'no2': 18150, 'o3': 18151}, 'pm': {'pm1': 17109, 'pm10': 17111, 'pm25': 17110}}",1.38,2.93,7.91,1.24,2.48,1.86,562977662,77.2,MOD-00623,10.1,2025-12-12T07:19:02,2025-12-11T23:19:02,https://api.quant-aq.com/v1/devices/MOD-00623/data/562977511
268.83,737.38,"{'lat': None, 'lon': None}","{'rh': 77.4, 'temp': 10.1, 'wd': 0.0, 'ws': 0.0, 'ws_scalar': 0.0}","{'gas': {'co': 18148, 'co2': 13271, 'no': 18149, 'no2': 18150, 'o3': 18151}, 'pm': {'pm1': 17109, 'pm10': 17111, 'pm25': 17110}}",1.84,3.13,8.23,1.24,11.0,1.81,562977664,77.4,MOD-00623,10.1,2025-12-12T07:18:02,2025-12-11T23:18:02,https://api.quant-aq.com/v1/devices/MOD-00623/data/562977513
279.01,735.33,"{'lat': None, 'lon': None}","{'rh': 77.5, 'temp': 10.1, 'wd': 0.0, 'ws': 0.0, 'ws_scalar': 0.0}","{'gas': {'co': 18148, 'co2': 13271, 'no': 18149, 'no2': 18150, 'o3': 18151}, 'pm': {'pm1': 17109, 'pm10': 17111, 'pm25': 17110}}",1.21,2.9,7.89,1.52,4.54,2.14,562977661,77.5,MOD-00623,10.1,2025-12-12T07:17:02,2025-12-11T23:17:02,https://api.quant-aq.com/v1/devices/MOD-00623/data/562977510
269.44,735.33,"{'lat': None, 'lon': None}","{'rh': 77.7, 'temp': 10.1, 'wd': 0.0, 'ws': 0.0, 'ws_scalar': 0.0}","{'gas': {'co': 18148, 'co2': 13271, 'no': 18149, 'no2': 18150, 'o3': 18151}, 'pm': {'pm1': 17109, 'pm10': 17111, 'pm25': 17110}}",0.89,3.1,9.12,2.23,4.88,2.72,562977663,77.7,MOD-00623,10.1,2025-12-12T07:16:02,2025-12-11T23:16:02,https://api.quant-aq.com/v1/devices/MOD-00623/data/562977512
267.4,730.76,"{'lat': None, 'lon': None}","{'rh': 77.1, 'temp': 10.1, 'wd': 0.0, 'ws': 0.0, 'ws_scalar': 0.0}","{'gas': {'co': 18148, 'co2': 13271, 'no': 18149, 'no2': 18150, 'o3': 18151}, 'pm': {'pm1': 17109, 'pm10': 17111, 'pm25': 17110}}",1.07,2.94,7.92,1.78,2.54,2.37,562975600,77.1,MOD-00623,10.1,2025-12-12T07:15:02,2025-12-11T23:15:02,https://api.quant-aq.com/v1/devices/MOD-00623/data/562975449
269.04,732.68,"{'lat': None, 'lon': None}","{'rh': 77.1, 'temp': 10.1, 'wd': 0.0, 'ws': 0.0, 'ws_scalar': 0.0}","{'gas': {'co': 18148, 'co2': 13271, 'no': 18149, 'no2': 18150, 'o3': 18151}, 'pm': {'pm1': 17109, 'pm10': 17111, 'pm25': 17110}}",1.7,2.75,8.04,3.25,7.59,3.81,562975598,77.1,MOD-00623,10.1,2025-12-12T07:14:02,2025-12-11T23:14:02,https://api.quant-aq.com/v1/devices/MOD-00623/data/562975447
253.65,736.18,"{'lat': None, 'lon': None}","{'rh': 77.4, 'temp': 10.1, 'wd': 0.0, 'ws': 0.0, 'ws_scalar': 0.0}","{'gas': {'co': 18148, 'co2': 13271, 'no': 18149, 'no2': 18150, 'o3': 18151}, 'pm': {'pm1': 17109, 'pm10': 17111, 'pm25': 17110}}",0.59,2.72,8.93,2.38,6.01,2.96,562975599,77.4,MOD-00623,10.1,2025-12-12T07:13:02,2025-12-11T23:13:02,https://api.quant-aq.com/v1/devices/MOD-00623/data/562975448
255.15,735.94,"{'lat': None, 'lon': None}","{'rh': 77.6, 'temp': 10.1, 'wd': 0.0, 'ws': 0.0, 'ws_scalar': 0.0}","{'gas': {'co': 18148, 'co2': 13271, 'no': 18149, 'no2': 18150, 'o3': 18151}, 'pm': {'pm1': 17109, 'pm10': 17111, 'pm25': 17110}}",0.89,3.34,8.09,1.16,2.83,2.09,562975597,77.6,MOD-00623,10.1,2025-12-12T07:12:02,2025-12-11T23:12:02,https://api.quant-aq.com/v1/devices/MOD-00623/data/562975446
258.77,734.61,"{'lat': None, 'lon': None}","{'rh': 77.7, 'temp': 10.1, 'wd': 0.0, 'ws': 0.0, 'ws_scalar': 0.0}","{'gas': {'co': 18148, 'co2': 13271, 'no': 18149, 'no2': 18150, 'o3': 18151}, 'pm': {'pm1': 17109, 'pm10': 17111, 'pm25': 17110}}",0.73,3.1,9.58,1.08,2.37,1.48,562973492,77.7,MOD-00623,10.1,2025-12-12T07:11:02,2025-12-11T23:11:02,https://api.quant-aq.com/v1/devices/MOD-00623/data/562973341
251.53,730.03,"{'lat': None, 'lon': None}","{'rh': 77.5, 'temp': 10.1, 'wd': 0.0, 'ws': 0.0, 'ws_scalar': 0.0}","{'gas': {'co': 18148, 'co2': 13271, 'no': 18149, 'no2': 18150, 'o3': 18151}, 'pm': {'pm1': 17109, 'pm10': 17111, 'pm25': 17110}}",0.58,3.35,8.1,1.15,2.49,1.59,562973490,77.5,MOD-00623,10.1,2025-12-12T07:10:02,2025-12-11T23:10:02,https://api.quant-aq.com/v1/devices/MOD-00623/data/562973340
268.29,734.25,"{'lat': None, 'lon': None}","{'rh': 77.0, 'temp': 10.1, 'wd': 0.0, 'ws': 0.0, 'ws_scalar': 0.0}","{'gas': {'co': 18148, 'co2': 13271, 'no': 18149, 'no2': 18150, 'o3': 18151}, 'pm': {'pm1': 17109, 'pm10': 17111, 'pm25': 17110}}",0.92,2.57,9.54,1.37,3.24,2.0,562973489,77.0,MOD-00623,10.1,2025-12-12T07:09:02,2025-12-11T23:09:02,https://api.quant-aq.com/v1/devices/MOD-00623/data/562973339
263.57,733.65,"{'lat': None, 'lon': None}","{'rh': 77.3, 'temp': 10.1, 'wd': 0.0, 'ws': 0.0, 'ws_scalar': 0.0}","{'gas': {'co': 18148, 'co2': 13271, 'no': 18149, 'no2': 18150, 'o3': 18151}, 'pm': {'pm1': 17109, 'pm10': 17111, 'pm25': 17110}}",0.91,2.92,8.82,1.5,2.79,2.32,562973491,77.3,MOD-00623,10.1,2025-12-12T07:08:02,2025-12-11T23:08:02,https://api.quant-aq.com/v1/devices/MOD-00623/data/562973338
255.84,733.17,"{'lat': None, 'lon': None}","{'rh': 77.2, 'temp': 10.1, 'wd': 0.0, 'ws': 0.0, 'ws_scalar': 0.0}","{'gas': {'co': 18148, 'co2': 13271, 'no': 18149, 'no2': 18150, 'o3': 18151}, 'pm': {'pm1': 17109, 'pm10': 17111, 'pm25': 17110}}",0.75,3.14,8.25,1.46,2.14,2.04,562971462,77.2,MOD-00623,10.1,2025-12-12T07:07:02,2025-12-11T23:07:02,https://api.quant-aq.com/v1/devices/MOD-00623/data/562971311
257.77,735.21,"{'lat': None, 'lon': None}","{'rh': 76.8, 'temp': 10.1, 'wd': 0.0, 'ws': 0.0, 'ws_scalar': 0.0}","{'gas': {'co': 18148, 'co2': 13271, 'no': 18149, 'no2': 18150, 'o3': 18151}, 'pm': {'pm1': 17109, 'pm10': 17111, 'pm25': 17110}}",1.24,2.59,8.65,1.38,3.03,2.17,562971461,76.8,MOD-00623,10.1,2025-12-12T07:06:02,2025-12-11T23:06:02,https://api.quant-aq.com/v1/devices/MOD-00623/data/562971310
263.37,731.12,"{'lat': None, 'lon': None}","{'rh': 77.0, 'temp': 10.1, 'wd': 0.0, 'ws': 0.0, 'ws_scalar': 0.0}","{'gas': {'co': 18148, 'co2': 13271, 'no': 18149, 'no2': 18150, 'o3': 18151}, 'pm': {'pm1': 17109, 'pm10': 17111, 'pm25': 17110}}",1.39,2.57,8.63,1.2,2.46,1.72,562971459,77.0,MOD-00623,10.1,2025-12-12T07:05:02,2025-12-11T23:05:02,https://api.quant-aq.com/v1/devices/MOD-00623/data/562971308
263.37,736.06,"{'lat': None, 'lon': None}","{'rh': 77.0, 'temp': 10.1, 'wd': 0.0, 'ws': 0.0, 'ws_scalar': 0.0}","{'gas': {'co': 18148, 'co2': 13271, 'no': 18149, 'no2': 18150, 'o3': 18151}, 'pm': {'pm1': 17109, 'pm10': 17111, 'pm25': 17110}}",0.76,2.41,10.58,1.09,5.19,1.56,562971460,77.0,MOD-00623,10.1,2025-12-12T07:04:02,2025-12-11T23:04:02,https://api.quant-aq.com/v1/devices/MOD-00623/data/562971309
268.2,725.22,"{'lat': None, 'lon': None}","{'rh': 76.7, 'temp': 10.2, 'wd': 0.0, 'ws': 0.0, 'ws_scalar': 0.0}","{'gas': {'co': 18148, 'co2': 13271, 'no': 18149, 'no2': 18150, 'o3': 18151}, 'pm': {'pm1': 17109, 'pm10': 17111, 'pm25': 17110}}",0.71,2.99,8.85,1.04,4.65,1.94,562969421,76.7,MOD-00623,10.2,2025-12-12T07:03:02,2025-12-11T23:03:02,https://api.quant-aq.com/v1/devices/MOD-00623/data/562969269
262.94,732.8,"{'lat': None, 'lon': None}","{'rh': 76.6, 'temp': 10.2, 'wd': 0.0, 'ws': 0.0, 'ws_scalar': 0.0}","{'gas': {'co': 18148, 'co2': 13271, 'no': 18149, 'no2': 18150, 'o3': 18151}, 'pm': {'pm1': 17109, 'pm10': 17111, 'pm25': 17110}}",1.18,2.45,8.77,0.96,2.42,1.44,562969418,76.6,MOD-00623,10.2,2025-12-12T07:02:02,2025-12-11T23:02:02,https://api.quant-aq.com/v1/devices/MOD-00623/data/562969267
256.79,733.89,"{'lat': None, 'lon': None}","{'rh': 76.6, 'temp': 10.2, 'wd': 0.0, 'ws': 0.0, 'ws_scalar': 0.0}","{'gas': {'co': 18148, 'co2': 13271, 'no': 18149, 'no2': 18150, 'o3': 18151}, 'pm': {'pm1': 17109, 'pm10': 17111, 'pm25': 17110}}",0.47,2.45,10.14,0.9,4.58,1.48,562969420,76.6,MOD-00623,10.2,2025-12-12T07:01:02,2025-12-11T23:01:02,https://api.quant-aq.com/v1/devices/MOD-00623/data/562969270
249.06,731.36,"{'lat': None, 'lon': None}","{'rh': 76.5, 'temp': 10.2, 'wd': 0.0, 'ws': 0.0, 'ws_scalar': 0.0}","{'gas': {'co': 18148, 'co2': 13271, 'no': 18149, 'no2': 18150, 'o3': 18151}, 'pm': {'pm1': 17109, 'pm10': 17111, 'pm25': 17110}}",0.56,3.0,8.41,0.76,8.05,1.24,562969419,76.5,MOD-00623,10.2,2025-12-12T07:00:02,2025-12-11T23:00:02,https://api.quant-aq.com/v1/devices/MOD-00623/data/562969268
263.83,730.28,"{'lat': None, 'lon': None}","{'rh': 76.5, 'temp': 10.2, 'wd': 0.0, 'ws': 0.0, 'ws_scalar': 0.0}","{'gas': {'co': 18148, 'co2': 13271, 'no': 18149, 'no2': 18150, 'o3': 18151}, 'pm': {'pm1': 17109, 'pm10': 17111, 'pm25': 17110}}",0.5,3.22,8.29,1.09,3.26,1.67,562967304,76.5,MOD-00623,10.2,2025-12-12T06:59:02,2025-12-11T22:59:02,https://api.quant-aq.com/v1/devices/MOD-00623/data/562967153
261.58,732.8,"{'lat': None, 'lon': None}","{'rh': 76.2, 'temp': 10.2, 'wd': 0.0, 'ws': 0.0, 'ws_scalar': 0.0}","{'gas': {'co': 18148, 'co2': 13271, 'no': 18149, 'no2': 18150, 'o3': 18151}, 'pm': {'pm1': 17109, 'pm10': 17111, 'pm25': 17110}}",0.48,2.48,9.26,1.72,3.72,2.16,562967300,76.2,MOD-00623,10.2,2025-12-12T06:58:02,2025-12-11T22:58:02,https://api.quant-aq.com/v1/devices/MOD-00623/data/562967149
253.25,733.77,"{'lat': None, 'lon': None}","{'rh': 75.8, 'temp': 10.2, 'wd': 0.0, 'ws': 0.0, 'ws_scalar': 0.0}","{'gas': {'co': 18148, 'co2': 13271, 'no': 18149, 'no2': 18150, 'o3': 18151}, 'pm': {'pm1': 17109, 'pm10': 17111, 'pm25': 17110}}",0.51,2.87,8.13,1.39,2.62,2.01,562967298,75.8,MOD-00623,10.2,2025-12-12T06:57:02,2025-12-11T22:57:02,https://api.quant-aq.com/v1/devices/MOD-00623/data/562967148
256.39,731.36,"{'lat': None, 'lon': None}","{'rh': 76.0, 'temp': 10.2, 'wd': 0.0, 'ws': 0.0, 'ws_scalar': 0.0}","{'gas': {'co': 18148, 'co2': 13271, 'no': 18149, 'no2': 18150, 'o3': 18151}, 'pm': {'pm1': 17109, 'pm10': 17111, 'pm25': 17110}}",0.48,2.19,10.43,1.1,3.93,1.41,562967296,76.0,MOD-00623,10.2,2025-12-12T06:56:02,2025-12-11T22:56:02,https://api.quant-aq.com/v1/devices/MOD-00623/data/562967145
255.91,730.15,"{'lat': None, 'lon': None}","{'rh': 76.1, 'temp': 10.2, 'wd': 0.0, 'ws': 0.0, 'ws_scalar': 0.0}","{'gas': {'co': 18148, 'co2': 13271, 'no': 18149, 'no2': 18150, 'o3': 18151}, 'pm': {'pm1': 17109, 'pm10': 17111, 'pm25': 17110}}",0.58,2.84,8.56,1.29,9.41,1.9,562965238,76.1,MOD-00623,10.2,2025-12-12T06:55:02,2025-12-11T22:55:02,https://api.quant-aq.com/v1/devices/MOD-00623/data/562965087
258.17,732.32,"{'lat': None, 'lon': None}","{'rh': 75.8, 'temp': 10.2, 'wd': 0.0, 'ws': 0.0, 'ws_scalar': 0.0}","{'gas': {'co': 18148, 'co2': 13271, 'no': 18149, 'no2': 18150, 'o3': 18151}, 'pm': {'pm1': 17109, 'pm10': 17111, 'pm25': 17110}}",0.51,3.06,8.92,1.07,2.57,1.58,562965237,75.8,MOD-00623,10.2,2025-12-12T06:54:02,2025-12-11T22:54:02,https://api.quant-aq.com/v1/devices/MOD-00623/data/562965086
268.9,732.8,"{'lat': None, 'lon': None}","{'rh': 75.7, 'temp': 10.2, 'wd': 0.0, 'ws': 0.0, 'ws_scalar': 0.0}","{'gas': {'co': 18148, 'co2': 13271, 'no': 18149, 'no2': 18150, 'o3': 18151}, 'pm': {'pm1': 17109, 'pm10': 17111, 'pm25': 17110}}",0.91,2.52,9.3,1.44,2.88,1.89,562965240,75.7,MOD-00623,10.2,2025-12-12T06:53:02,2025-12-11T22:53:02,https://api.quant-aq.com/v1/devices/MOD-00623/data/562965089
267.19,733.29,"{'lat': None, 'lon': None}","{'rh': 75.8, 'temp': 10.2, 'wd': 0.0, 'ws': 0.0, 'ws_scalar': 0.0}","{'gas': {'co': 18148, 'co2': 13271, 'no': 18149, 'no2': 18150, 'o3': 18151}, 'pm': {'pm1': 17109, 'pm10': 17111, 'pm25': 17110}}",1.69,2.35,9.41,1.26,3.16,2.11,562965239,75.8,MOD-00623,10.2,2025-12-12T06:52:02,2025-12-11T22:52:02,https://api.quant-aq.com/v1/devices/MOD-00623/data/562965088
277.04,732.56,"{'lat': None, 'lon': None}","{'rh': 75.8, 'temp': 10.2, 'wd': 0.0, 'ws': 0.0, 'ws_scalar': 0.0}","{'gas': {'co': 18148, 'co2': 13271, 'no': 18149, 'no2': 18150, 'o3': 18151}, 'pm': {'pm1': 17109, 'pm10': 17111, 'pm25': 17110}}",1.06,3.51,7.76,1.47,6.68,2.13,562963172,75.8,MOD-00623,10.2,2025-12-12T06:51:02,2025-12-11T22:51:02,https://api.quant-aq.com/v1/devices/MOD-00623/data/562963021
261.59,733.65,"{'lat': None, 'lon': None}","{'rh': 75.6, 'temp': 10.2, 'wd': 0.0, 'ws': 0.0, 'ws_scalar': 0.0}","{'gas': {'co': 18148, 'co2': 13271, 'no': 18149, 'no2': 18150, 'o3': 18151}, 'pm': {'pm1': 17109, 'pm10': 17111, 'pm25': 17110}}",0.75,2.37,9.88,1.22,2.28,1.91,562963170,75.6,MOD-00623,10.2,2025-12-12T06:50:02,2025-12-11T22:50:02,https://api.quant-aq.com/v1/devices/MOD-00623/data/562963019
265.69,733.77,"{'lat': None, 'lon': None}","{'rh': 75.6, 'temp': 10.2, 'wd': 0.0, 'ws': 0.0, 'ws_scalar': 0.0}","{'gas': {'co': 18148, 'co2': 13271, 'no': 18149, 'no2': 18150, 'o3': 18151}, 'pm': {'pm1': 17109, 'pm10': 17111, 'pm25': 17110}}",1.38,2.88,8.6,1.42,11.03,2.17,562963173,75.6,MOD-00623,10.2,2025-12-12T06:49:02,2025-12-11T22:49:02,https://api.quant-aq.com/v1/devices/MOD-00623/data/562963022
278.27,737.74,"{'lat': None, 'lon': None}","{'rh': 75.8, 'temp': 10.2, 'wd': 0.0, 'ws': 0.0, 'ws_scalar': 0.0}","{'gas': {'co': 18148, 'co2': 13271, 'no': 18149, 'no2': 18150, 'o3': 18151}, 'pm': {'pm1': 17109, 'pm10': 17111, 'pm25': 17110}}",0.9,3.28,7.43,1.59,6.22,2.16,562963171,75.8,MOD-00623,10.2,2025-12-12T06:48:02,2025-12-11T22:48:02,https://api.quant-aq.com/v1/devices/MOD-00623/data/562963020
272.4,734.73,"{'lat': None, 'lon': None}","{'rh': 75.4, 'temp': 10.2, 'wd': 0.0, 'ws': 0.0, 'ws_scalar': 0.0}","{'gas': {'co': 18148, 'co2': 13271, 'no': 18149, 'no2': 18150, 'o3': 18151}, 'pm': {'pm1': 17109, 'pm10': 17111, 'pm25': 17110}}",1.7,3.1,8.04,1.63,7.75,2.23,562961078,75.4,MOD-00623,10.2,2025-12-12T06:47:02,2025-12-11T22:47:02,https://api.quant-aq.com/v1/devices/MOD-00623/data/562960928
286.88,737.02,"{'lat': None, 'lon': None}","{'rh': 75.8, 'temp': 10.2, 'wd': 0.0, 'ws': 0.0, 'ws_scalar': 0.0}","{'gas': {'co': 18148, 'co2': 13271, 'no': 18149, 'no2': 18150, 'o3': 18151}, 'pm': {'pm1': 17109, 'pm10': 17111, 'pm25': 17110}}",0.9,2.87,9.04,1.7,3.22,2.38,562961077,75.8,MOD-00623,10.2,2025-12-12T06:46:02,2025-12-11T22:46:02,https://api.quant-aq.com/v1/devices/MOD-00623/data/562960926
274.91,738.71,"{'lat': None, 'lon': None}","{'rh': 75.9, 'temp': 10.2, 'wd': 0.0, 'ws': 0.0, 'ws_scalar': 0.0}","{'gas': {'co': 18148, 'co2': 13271, 'no': 18149, 'no2': 18150, 'o3': 18151}, 'pm': {'pm1': 17109, 'pm10': 17111, 'pm25': 17110}}",1.84,3.27,7.42,2.74,10.97,3.37,562961079,75.9,MOD-00623,10.2,2025-12-12T06:45:02,2025-12-11T22:45:02,https://api.quant-aq.com/v1/devices/MOD-00623/data/562960927
287.29,737.02,"{'lat': None, 'lon': None}","{'rh': 75.8, 'temp': 10.2, 'wd': 0.0, 'ws': 0.0, 'ws_scalar': 0.0}","{'gas': {'co': 18148, 'co2': 13271, 'no': 18149, 'no2': 18150, 'o3': 18151}, 'pm': {'pm1': 17109, 'pm10': 17111, 'pm25': 17110}}",2.32,3.28,7.43,2.16,6.29,2.8,562961076,75.8,MOD-00623,10.2,2025-12-12T06:44:02,2025-12-11T22:44:02,https://api.quant-aq.com/v1/devices/MOD-00623/data/562960925
278.48,736.78,"{'lat': None, 'lon': None}","{'rh': 75.5, 'temp': 10.2, 'wd': 0.0, 'ws': 0.0, 'ws_scalar': 0.0}","{'gas': {'co': 18148, 'co2': 13271, 'no': 18149, 'no2': 18150, 'o3': 18151}, 'pm': {'pm1': 17109, 'pm10': 17111, 'pm25': 17110}}",0.6,4.06,7.99,1.1,2.25,1.69,562959076,75.5,MOD-00623,10.2,2025-12-12T06:43:02,2025-12-11T22:43:02,https://api.quant-aq.com/v1/devices/MOD-00623/data/562958923
270.43,731.12,"{'lat': None, 'lon': None}","{'rh': 74.7, 'temp': 10.2, 'wd': 0.0, 'ws': 0.0, 'ws_scalar': 0.0}","{'gas': {'co': 18148, 'co2': 13271, 'no': 18149, 'no2': 18150, 'o3': 18151}, 'pm': {'pm1': 17109, 'pm10': 17111, 'pm25': 17110}}",0.95,2.43,8.58,1.42,4.37,1.87,562959074,74.7,MOD-00623,10.2,2025-12-12T06:42:02,2025-12-11T22:42:02,https://api.quant-aq.com/v1/devices/MOD-00623/data/562958924
275.96,734.85,"{'lat': None, 'lon': None}","{'rh': 75.0, 'temp': 10.2, 'wd': 0.0, 'ws': 0.0, 'ws_scalar': 0.0}","{'gas': {'co': 18148, 'co2': 13271, 'no': 18149, 'no2': 18150, 'o3': 18151}, 'pm': {'pm1': 17109, 'pm10': 17111, 'pm25': 17110}}",1.56,2.75,8.77,1.09,5.2,2.0,562959075,75.0,MOD-00623,10.2,2025-12-12T06:41:02,2025-12-11T22:41:02,https://api.quant-aq.com/v1/devices/MOD-00623/data/562958925
258.8,733.65,"{'lat': None, 'lon': None}","{'rh': 74.9, 'temp': 10.2, 'wd': 0.0, 'ws': 0.0, 'ws_scalar': 0.0}","{'gas': {'co': 18148, 'co2': 13271, 'no': 18149, 'no2': 18150, 'o3': 18151}, 'pm': {'pm1': 17109, 'pm10': 17111, 'pm25': 17110}}",0.53,2.42,9.48,1.36,3.02,2.13,562959073,74.9,MOD-00623,10.2,2025-12-12T06:40:02,2025-12-11T22:40:02,https://api.quant-aq.com/v1/devices/MOD-00623/data/562958922
267.76,733.65,"{'lat': None, 'lon': None}","{'rh': 75.0, 'temp': 10.2, 'wd': 0.0, 'ws': 0.0, 'ws_scalar': 0.0}","{'gas': {'co': 18148, 'co2': 13271, 'no': 18149, 'no2': 18150, 'o3': 18151}, 'pm': {'pm1': 17109, 'pm10': 17111, 'pm25': 17110}}",0.53,2.41,9.47,0.98,3.3,1.62,562956972,75.0,MOD-00623,10.2,2025-12-12T06:39:02,2025-12-11T22:39:02,https://api.quant-aq.com/v1/devices/MOD-00623/data/562956821
259.62,732.93,"{'lat': None, 'lon': None}","{'rh': 74.9, 'temp': 10.2, 'wd': 0.0, 'ws': 0.0, 'ws_scalar': 0.0}","{'gas': {'co': 18148, 'co2': 13271, 'no': 18149, 'no2': 18150, 'o3': 18151}, 'pm': {'pm1': 17109, 'pm10': 17111, 'pm25': 17110}}",1.1,2.26,9.6,1.06,6.66,1.72,562956971,74.9,MOD-00623,10.2,2025-12-12T06:38:02,2025-12-11T22:38:02,https://api.quant-aq.com/v1/devices/MOD-00623/data/562956819
267.42,729.19,"{'lat': None, 'lon': None}","{'rh': 74.9, 'temp': 10.2, 'wd': 0.0, 'ws': 0.0, 'ws_scalar': 0.0}","{'gas': {'co': 18148, 'co2': 13271, 'no': 18149, 'no2': 18150, 'o3': 18151}, 'pm': {'pm1': 17109, 'pm10': 17111, 'pm25': 17110}}",0.94,2.42,9.02,1.39,4.86,1.94,562956970,74.9,MOD-00623,10.2,2025-12-12T06:37:02,2025-12-11T22:37:02,https://api.quant-aq.com/v1/devices/MOD-00623/data/562956820
262.15,735.33,"{'lat': None, 'lon': None}","{'rh': 74.8, 'temp': 10.2, 'wd': 0.0, 'ws': 0.0, 'ws_scalar': 0.0}","{'gas': {'co': 18148, 'co2': 13271, 'no': 18149, 'no2': 18150, 'o3': 18151}, 'pm': {'pm1': 17109, 'pm10': 17111, 'pm25': 17110}}",0.94,2.43,9.94,1.18,3.85,1.74,562956969,74.8,MOD-00623,10.2,2025-12-12T06:36:02,2025-12-11T22:36:02,https://api.quant-aq.com/v1/devices/MOD-00623/data/562956818
262.23,732.44,"{'lat': None, 'lon': None}","{'rh': 74.7, 'temp': 10.2, 'wd': 0.0, 'ws': 0.0, 'ws_scalar': 0.0}","{'gas': {'co': 18148, 'co2': 13271, 'no': 18149, 'no2': 18150, 'o3': 18151}, 'pm': {'pm1': 17109, 'pm10': 17111, 'pm25': 17110}}",1.1,2.43,9.04,1.21,5.83,2.0,562954850,74.7,MOD-00623,10.2,2025-12-12T06:35:02,2025-12-11T22:35:02,https://api.quant-aq.com/v1/devices/MOD-00623/data/562954699
265.28,732.56,"{'lat': None, 'lon': None}","{'rh': 74.6, 'temp': 10.3, 'wd': 0.0, 'ws': 0.0, 'ws_scalar': 0.0}","{'gas': {'co': 18148, 'co2': 13271, 'no': 18149, 'no2': 18150, 'o3': 18151}, 'pm': {'pm1': 17109, 'pm10': 17111, 'pm25': 17110}}",1.04,2.45,9.03,1.3,3.43,1.84,562954851,74.6,MOD-00623,10.3,2025-12-12T06:34:02,2025-12-11T22:34:02,https://api.quant-aq.com/v1/devices/MOD-00623/data/562954701
263.02,731.72,"{'lat': None, 'lon': None}","{'rh': 74.9, 'temp': 10.3, 'wd': 0.0, 'ws': 0.0, 'ws_scalar': 0.0}","{'gas': {'co': 18148, 'co2': 13271, 'no': 18149, 'no2': 18150, 'o3': 18151}, 'pm': {'pm1': 17109, 'pm10': 17111, 'pm25': 17110}}",0.72,2.43,9.01,1.44,3.42,1.99,562954852,74.9,MOD-00623,10.3,2025-12-12T06:33:02,2025-12-11T22:33:02,https://api.quant-aq.com/v1/devices/MOD-00623/data/562954700
258.64,735.82,"{'lat': None, 'lon': None}","{'rh': 74.7, 'temp': 10.3, 'wd': 0.0, 'ws': 0.0, 'ws_scalar': 0.0}","{'gas': {'co': 18148, 'co2': 13271, 'no': 18149, 'no2': 18150, 'o3': 18151}, 'pm': {'pm1': 17109, 'pm10': 17111, 'pm25': 17110}}",0.88,2.45,9.02,1.44,3.33,2.32,562954853,74.7,MOD-00623,10.3,2025-12-12T06:32:02,2025-12-11T22:32:02,https://api.quant-aq.com/v1/devices/MOD-00623/data/562954702
256.93,733.17,"{'lat': None, 'lon': None}","{'rh': 74.8, 'temp': 10.3, 'wd': 0.0, 'ws': 0.0, 'ws_scalar': 0.0}","{'gas': {'co': 18148, 'co2': 13271, 'no': 18149, 'no2': 18150, 'o3': 18151}, 'pm': {'pm1': 17109, 'pm10': 17111, 'pm25': 17110}}",1.03,2.28,8.68,1.27,3.17,1.91,562952753,74.8,MOD-00623,10.3,2025-12-12T06:31:02,2025-12-11T22:31:02,https://api.quant-aq.com/v1/devices/MOD-00623/data/562952602
264.44,732.56,"{'lat': None, 'lon': None}","{'rh': 75.2, 'temp': 10.3, 'wd': 0.0, 'ws': 0.0, 'ws_scalar': 0.0}","{'gas': {'co': 18148, 'co2': 13271, 'no': 18149, 'no2': 18150, 'o3': 18151}, 'pm': {'pm1': 17109, 'pm10': 17111, 'pm25': 17110}}",0.7,2.74,8.29,1.73,7.79,2.36,562952755,75.2,MOD-00623,10.3,2025-12-12T06:30:02,2025-12-11T22:30:02,https://api.quant-aq.com/v1/devices/MOD-00623/data/562952604
270.33,735.7,"{'lat': None, 'lon': None}","{'rh': 75.0, 'temp': 10.3, 'wd': 0.0, 'ws': 0.0, 'ws_scalar': 0.0}","{'gas': {'co': 18148, 'co2': 13271, 'no': 18149, 'no2': 18150, 'o3': 18151}, 'pm': {'pm1': 17109, 'pm10': 17111, 'pm25': 17110}}",0.87,2.94,6.81,1.42,4.23,1.9,562952756,75.0,MOD-00623,10.3,2025-12-12T06:29:02,2025-12-11T22:29:02,https://api.quant-aq.com/v1/devices/MOD-00623/data/562952605
268.76,739.31,"{'lat': None, 'lon': None}","{'rh': 74.9, 'temp': 10.3, 'wd': 0.0, 'ws': 0.0, 'ws_scalar': 0.0}","{'gas': {'co': 18148, 'co2': 13271, 'no': 18149, 'no2': 18150, 'o3': 18151}, 'pm': {'pm1': 17109, 'pm10': 17111, 'pm25': 17110}}",1.81,2.43,8.1,1.66,4.05,2.32,562952754,74.9,MOD-00623,10.3,2025-12-12T06:28:02,2025-12-11T22:28:02,https://api.quant-aq.com/v1/devices/MOD-00623/data/562952603
273.88,737.38,"{'lat': None, 'lon': None}","{'rh': 75.2, 'temp': 10.3, 'wd': 0.0, 'ws': 0.0, 'ws_scalar': 0.0}","{'gas': {'co': 18148, 'co2': 13271, 'no': 18149, 'no2': 18150, 'o3': 18151}, 'pm': {'pm1': 17109, 'pm10': 17111, 'pm25': 17110}}",1.8,2.74,6.92,1.6,5.96,2.35,562950749,75.2,MOD-00623,10.3,2025-12-12T06:27:02,2025-12-11T22:27:02,https://api.quant-aq.com/v1/devices/MOD-00623/data/562950598
276.61,740.75,"{'lat': None, 'lon': None}","{'rh': 75.4, 'temp': 10.3, 'wd': 0.0, 'ws': 0.0, 'ws_scalar': 0.0}","{'gas': {'co': 18148, 'co2': 13271, 'no': 18149, 'no2': 18150, 'o3': 18151}, 'pm': {'pm1': 17109, 'pm10': 17111, 'pm25': 17110}}",2.11,3.11,8.02,1.78,3.94,2.36,562950747,75.4,MOD-00623,10.3,2025-12-12T06:26:02,2025-12-11T22:26:02,https://api.quant-aq.com/v1/devices/MOD-00623/data/562950596
282.42,735.7,"{'lat': None, 'lon': None}","{'rh': 75.3, 'temp': 10.3, 'wd': 0.0, 'ws': 0.0, 'ws_scalar': 0.0}","{'gas': {'co': 18148, 'co2': 13271, 'no': 18149, 'no2': 18150, 'o3': 18151}, 'pm': {'pm1': 17109, 'pm10': 17111, 'pm25': 17110}}",1.17,2.74,8.28,1.8,4.5,2.43,562950746,75.3,MOD-00623,10.3,2025-12-12T06:25:02,2025-12-11T22:25:02,https://api.quant-aq.com/v1/devices/MOD-00623/data/562950595
273.81,739.31,"{'lat': None, 'lon': None}","{'rh': 75.3, 'temp': 10.3, 'wd': 0.0, 'ws': 0.0, 'ws_scalar': 0.0}","{'gas': {'co': 18148, 'co2': 13271, 'no': 18149, 'no2': 18150, 'o3': 18151}, 'pm': {'pm1': 17109, 'pm10': 17111, 'pm25': 17110}}",1.33,2.74,7.37,2.19,10.5,2.75,562950748,75.3,MOD-00623,10.3,2025-12-12T06:24:02,2025-12-11T22:24:02,https://api.quant-aq.com/v1/devices/MOD-00623/data/562950597
284.12,741.84,"{'lat': None, 'lon': None}","{'rh': 75.8, 'temp': 10.3, 'wd': 0.0, 'ws': 0.0, 'ws_scalar': 0.0}","{'gas': {'co': 18148, 'co2': 13271, 'no': 18149, 'no2': 18150, 'o3': 18151}, 'pm': {'pm1': 17109, 'pm10': 17111, 'pm25': 17110}}",2.09,2.88,7.21,2.08,4.69,2.83,562948684,75.8,MOD-00623,10.3,2025-12-12T06:23:02,2025-12-11T22:23:02,https://api.quant-aq.com/v1/devices/MOD-00623/data/562948533
279.61,743.28,"{'lat': None, 'lon': None}","{'rh': 75.8, 'temp': 10.3, 'wd': 0.0, 'ws': 0.0, 'ws_scalar': 0.0}","{'gas': {'co': 18148, 'co2': 13271, 'no': 18149, 'no2': 18150, 'o3': 18151}, 'pm': {'pm1': 17109, 'pm10': 17111, 'pm25': 17110}}",3.14,3.08,7.08,1.69,3.33,2.31,562948686,75.8,MOD-00623,10.3,2025-12-12T06:22:02,2025-12-11T22:22:02,https://api.quant-aq.com/v1/devices/MOD-00623/data/562948535
291.02,740.51,"{'lat': None, 'lon': None}","{'rh': 75.9, 'temp': 10.3, 'wd': 0.0, 'ws': 0.0, 'ws_scalar': 0.0}","{'gas': {'co': 18148, 'co2': 13271, 'no': 18149, 'no2': 18150, 'o3': 18151}, 'pm': {'pm1': 17109, 'pm10': 17111, 'pm25': 17110}}",2.25,3.28,6.95,1.44,2.96,2.11,562948685,75.9,MOD-00623,10.3,2025-12-12T06:21:02,2025-12-11T22:21:02,https://api.quant-aq.com/v1/devices/MOD-00623/data/562948534
277.63,744.73,"{'lat': None, 'lon': None}","{'rh': 75.7, 'temp': 10.3, 'wd': 0.0, 'ws': 0.0, 'ws_scalar': 0.0}","{'gas': {'co': 18148, 'co2': 13271, 'no': 18149, 'no2': 18150, 'o3': 18151}, 'pm': {'pm1': 17109, 'pm10': 17111, 'pm25': 17110}}",2.25,3.53,7.3,1.5,3.95,2.37,562948683,75.7,MOD-00623,10.3,2025-12-12T06:20:02,2025-12-11T22:20:02,https://api.quant-aq.com/v1/devices/MOD-00623/data/562948532
286.04,739.55,"{'lat': None, 'lon': None}","{'rh': 75.4, 'temp': 10.3, 'wd': 0.0, 'ws': 0.0, 'ws_scalar': 0.0}","{'gas': {'co': 18148, 'co2': 13271, 'no': 18149, 'no2': 18150, 'o3': 18151}, 'pm': {'pm1': 17109, 'pm10': 17111, 'pm25': 17110}}",2.42,3.55,6.41,1.2,5.38,1.87,562946590,75.4,MOD-00623,10.3,2025-12-12T06:19:02,2025-12-11T22:19:02,https://api.quant-aq.com/v1/devices/MOD-00623/data/562946439
269.56,734.49,"{'lat': None, 'lon': None}","{'rh': 75.5, 'temp': 10.3, 'wd': 0.0, 'ws': 0.0, 'ws_scalar': 0.0}","{'gas': {'co': 18148, 'co2': 13271, 'no': 18149, 'no2': 18150, 'o3': 18151}, 'pm': {'pm1': 17109, 'pm10': 17111, 'pm25': 17110}}",2.26,3.31,6.52,0.99,6.75,1.88,562946593,75.5,MOD-00623,10.3,2025-12-12T06:18:02,2025-12-11T22:18:02,https://api.quant-aq.com/v1/devices/MOD-00623/data/562946442
270.12,736.06,"{'lat': None, 'lon': None}","{'rh': 75.3, 'temp': 10.3, 'wd': 0.0, 'ws': 0.0, 'ws_scalar': 0.0}","{'gas': {'co': 18148, 'co2': 13271, 'no': 18149, 'no2': 18150, 'o3': 18151}, 'pm': {'pm1': 17109, 'pm10': 17111, 'pm25': 17110}}",0.57,2.74,8.28,0.97,5.95,1.64,562946591,75.3,MOD-00623,10.3,2025-12-12T06:17:02,2025-12-11T22:17:02,https://api.quant-aq.com/v1/devices/MOD-00623/data/562946440
269.23,736.54,"{'lat': None, 'lon': None}","{'rh': 75.4, 'temp': 10.3, 'wd': 0.0, 'ws': 0.0, 'ws_scalar': 0.0}","{'gas': {'co': 18148, 'co2': 13271, 'no': 18149, 'no2': 18150, 'o3': 18151}, 'pm': {'pm1': 17109, 'pm10': 17111, 'pm25': 17110}}",1.17,2.91,7.23,1.04,2.09,1.75,562946592,75.4,MOD-00623,10.3,2025-12-12T06:16:02,2025-12-11T22:16:02,https://api.quant-aq.com/v1/devices/MOD-00623/data/562946441
273.81,735.7,"{'lat': None, 'lon': None}","{'rh': 75.3, 'temp': 10.3, 'wd': 0.0, 'ws': 0.0, 'ws_scalar': 0.0}","{'gas': {'co': 18148, 'co2': 13271, 'no': 18149, 'no2': 18150, 'o3': 18151}, 'pm': {'pm1': 17109, 'pm10': 17111, 'pm25': 17110}}",1.01,2.92,8.61,0.85,2.12,1.62,562944441,75.3,MOD-00623,10.3,2025-12-12T06:15:02,2025-12-11T22:15:02,https://api.quant-aq.com/v1/devices/MOD-00623/data/562944290
277.78,736.18,"{'lat': None, 'lon': None}","{'rh': 74.9, 'temp': 10.3, 'wd': 0.0, 'ws': 0.0, 'ws_scalar': 0.0}","{'gas': {'co': 18148, 'co2': 13271, 'no': 18149, 'no2': 18150, 'o3': 18151}, 'pm': {'pm1': 17109, 'pm10': 17111, 'pm25': 17110}}",1.34,2.95,7.73,1.04,12.28,1.73,562944438,74.9,MOD-00623,10.3,2025-12-12T06:14:02,2025-12-11T22:14:02,https://api.quant-aq.com/v1/devices/MOD-00623/data/562944287
259.93,738.22,"{'lat': None, 'lon': None}","{'rh': 75.2, 'temp': 10.3, 'wd': 0.0, 'ws': 0.0, 'ws_scalar': 0.0}","{'gas': {'co': 18148, 'co2': 13271, 'no': 18149, 'no2': 18150, 'o3': 18151}, 'pm': {'pm1': 17109, 'pm10': 17111, 'pm25': 17110}}",1.65,3.12,6.67,1.09,2.93,1.83,562944439,75.2,MOD-00623,10.3,2025-12-12T06:13:02,2025-12-11T22:13:02,https://api.quant-aq.com/v1/devices/MOD-00623/data/562944288
275.73,736.3,"{'lat': None, 'lon': None}","{'rh': 74.9, 'temp': 10.3, 'wd': 0.0, 'ws': 0.0, 'ws_scalar': 0.0}","{'gas': {'co': 18148, 'co2': 13271, 'no': 18149, 'no2': 18150, 'o3': 18151}, 'pm': {'pm1': 17109, 'pm10': 17111, 'pm25': 17110}}",1.34,3.36,7.03,1.08,5.63,1.88,562944440,74.9,MOD-00623,10.3,2025-12-12T06:12:02,2025-12-11T22:12:02,https://api.quant-aq.com/v1/devices/MOD-00623/data/562944289
272.59,735.94,"{'lat': None, 'lon': None}","{'rh': 74.7, 'temp': 10.3, 'wd': 0.0, 'ws': 0.0, 'ws_scalar': 0.0}","{'gas': {'co': 18148, 'co2': 13271, 'no': 18149, 'no2': 18150, 'o3': 18151}, 'pm': {'pm1': 17109, 'pm10': 17111, 'pm25': 17110}}",1.82,2.97,7.74,0.93,14.68,1.5,562942393,74.7,MOD-00623,10.3,2025-12-12T06:11:02,2025-12-11T22:11:02,https://api.quant-aq.com/v1/devices/MOD-00623/data/562942242
265.14,735.21,"{'lat': None, 'lon': None}","{'rh': 74.8, 'temp': 10.3, 'wd': 0.0, 'ws': 0.0, 'ws_scalar': 0.0}","{'gas': {'co': 18148, 'co2': 13271, 'no': 18149, 'no2': 18150, 'o3': 18151}, 'pm': {'pm1': 17109, 'pm10': 17111, 'pm25': 17110}}",1.82,2.28,8.68,0.87,9.98,1.5,562942395,74.8,MOD-00623,10.3,2025-12-12T06:10:02,2025-12-11T22:10:02,https://api.quant-aq.com/v1/devices/MOD-00623/data/562942244
265.89,733.65,"{'lat': None, 'lon': None}","{'rh': 74.9, 'temp': 10.3, 'wd': 0.0, 'ws': 0.0, 'ws_scalar': 0.0}","{'gas': {'co': 18148, 'co2': 13271, 'no': 18149, 'no2': 18150, 'o3': 18151}, 'pm': {'pm1': 17109, 'pm10': 17111, 'pm25': 17110}}",1.97,3.15,7.6,0.98,3.13,1.62,562942394,74.9,MOD-00623,10.3,2025-12-12T06:09:02,2025-12-11T22:09:02,https://api.quant-aq.com/v1/devices/MOD-00623/data/562942241
286.66,738.22,"{'lat': None, 'lon': None}","{'rh': 75.1, 'temp': 10.3, 'wd': 0.0, 'ws': 0.0, 'ws_scalar': 0.0}","{'gas': {'co': 18148, 'co2': 13271, 'no': 18149, 'no2': 18150, 'o3': 18151}, 'pm': {'pm1': 17109, 'pm10': 17111, 'pm25': 17110}}",1.34,2.75,7.84,0.78,3.34,1.39,562942392,75.1,MOD-00623,10.3,2025-12-12T06:08:02,2025-12-11T22:08:02,https://api.quant-aq.com/v1/devices/MOD-00623/data/562942243
264.51,737.86,"{'lat': None, 'lon': None}","{'rh': 75.1, 'temp': 10.3, 'wd': 0.0, 'ws': 0.0, 'ws_scalar': 0.0}","{'gas': {'co': 18148, 'co2': 13271, 'no': 18149, 'no2': 18150, 'o3': 18151}, 'pm': {'pm1': 17109, 'pm10': 17111, 'pm25': 17110}}",1.34,2.42,8.54,0.79,6.7,1.4,562940320,75.1,MOD-00623,10.3,2025-12-12T06:07:02,2025-12-11T22:07:02,https://api.quant-aq.com/v1/devices/MOD-00623/data/562940169
273.81,739.19,"{'lat': None, 'lon': None}","{'rh': 75.3, 'temp': 10.3, 'wd': 0.0, 'ws': 0.0, 'ws_scalar': 0.0}","{'gas': {'co': 18148, 'co2': 13271, 'no': 18149, 'no2': 18150, 'o3': 18151}, 'pm': {'pm1': 17109, 'pm10': 17111, 'pm25': 17110}}",1.01,3.12,7.58,0.76,2.53,1.25,562940318,75.3,MOD-00623,10.3,2025-12-12T06:06:02,2025-12-11T22:06:02,https://api.quant-aq.com/v1/devices/MOD-00623/data/562940167
261.57,735.33,"{'lat': None, 'lon': None}","{'rh': 75.2, 'temp': 10.3, 'wd': 0.0, 'ws': 0.0, 'ws_scalar': 0.0}","{'gas': {'co': 18148, 'co2': 13271, 'no': 18149, 'no2': 18150, 'o3': 18151}, 'pm': {'pm1': 17109, 'pm10': 17111, 'pm25': 17110}}",1.02,2.41,8.53,0.96,9.08,1.73,562940319,75.2,MOD-00623,10.3,2025-12-12T06:05:02,2025-12-11T22:05:02,https://api.quant-aq.com/v1/devices/MOD-00623/data/562940168
270.05,733.05,"{'lat': None, 'lon': None}","{'rh': 75.4, 'temp': 10.3, 'wd': 0.0, 'ws': 0.0, 'ws_scalar': 0.0}","{'gas': {'co': 18148, 'co2': 13271, 'no': 18149, 'no2': 18150, 'o3': 18151}, 'pm': {'pm1': 17109, 'pm10': 17111, 'pm25': 17110}}",1.79,3.32,6.99,0.92,5.97,1.72,562940317,75.4,MOD-00623,10.3,2025-12-12T06:04:02,2025-12-11T22:04:02,https://api.quant-aq.com/v1/devices/MOD-00623/data/562940166
280.23,735.7,"{'lat': None, 'lon': None}","{'rh': 75.5, 'temp': 10.3, 'wd': 0.0, 'ws': 0.0, 'ws_scalar': 0.0}","{'gas': {'co': 18148, 'co2': 13271, 'no': 18149, 'no2': 18150, 'o3': 18151}, 'pm': {'pm1': 17109, 'pm10': 17111, 'pm25': 17110}}",1.79,3.31,7.89,0.86,2.65,1.55,562938335,75.5,MOD-00623,10.3,2025-12-12T06:03:02,2025-12-11T22:03:02,https://api.quant-aq.com/v1/devices/MOD-00623/data/562938185
255.83,736.54,"{'lat': None, 'lon': None}","{'rh': 75.2, 'temp': 10.3, 'wd': 0.0, 'ws': 0.0, 'ws_scalar': 0.0}","{'gas': {'co': 18148, 'co2': 13271, 'no': 18149, 'no2': 18150, 'o3': 18151}, 'pm': {'pm1': 17109, 'pm10': 17111, 'pm25': 17110}}",0.86,2.74,7.83,0.76,1.48,1.26,562938334,75.2,MOD-00623,10.3,2025-12-12T06:02:02,2025-12-11T22:02:02,https://api.quant-aq.com/v1/devices/MOD-00623/data/562938183
274.02,738.1,"{'lat': None, 'lon': None}","{'rh': 75.0, 'temp': 10.3, 'wd': 0.0, 'ws': 0.0, 'ws_scalar': 0.0}","{'gas': {'co': 18148, 'co2': 13271, 'no': 18149, 'no2': 18150, 'o3': 18151}, 'pm': {'pm1': 17109, 'pm10': 17111, 'pm25': 17110}}",1.5,2.59,8.88,0.71,3.29,1.57,562938337,75.0,MOD-00623,10.3,2025-12-12T06:01:02,2025-12-11T22:01:02,https://api.quant-aq.com/v1/devices/MOD-00623/data/562938186
264.78,735.45,"{'lat': None, 'lon': None}","{'rh': 75.3, 'temp': 10.3, 'wd': 0.0, 'ws': 0.0, 'ws_scalar': 0.0}","{'gas': {'co': 18148, 'co2': 13271, 'no': 18149, 'no2': 18150, 'o3': 18151}, 'pm': {'pm1': 17109, 'pm10': 17111, 'pm25': 17110}}",1.48,2.92,7.24,0.78,2.23,1.25,562938336,75.3,MOD-00623,10.3,2025-12-12T06:00:02,2025-12-11T22:00:02,https://api.quant-aq.com/v1/devices/MOD-00623/data/562938184
275.25,734.97,"{'lat': None, 'lon': None}","{'rh': 75.0, 'temp': 10.3, 'wd': 0.0, 'ws': 0.0, 'ws_scalar': 0.0}","{'gas': {'co': 18148, 'co2': 13271, 'no': 18149, 'no2': 18150, 'o3': 18151}, 'pm': {'pm1': 17109, 'pm10': 17111, 'pm25': 17110}}",0.71,3.14,8.51,0.94,4.25,1.55,562936213,75.0,MOD-00623,10.3,2025-12-12T05:59:02,2025-12-11T21:59:02,https://api.quant-aq.com/v1/devices/MOD-00623/data/562936062
275.05,740.03,"{'lat': None, 'lon': None}","{'rh': 74.7, 'temp': 10.3, 'wd': 0.0, 'ws': 0.0, 'ws_scalar': 0.0}","{'gas': {'co': 18148, 'co2': 13271, 'no': 18149, 'no2': 18150, 'o3': 18151}, 'pm': {'pm1': 17109, 'pm10': 17111, 'pm25': 17110}}",1.35,2.45,7.66,1.38,4.54,2.5,562936212,74.7,MOD-00623,10.3,2025-12-12T05:58:02,2025-12-11T21:58:02,https://api.quant-aq.com/v1/devices/MOD-00623/data/562936061
276.2,738.59,"{'lat': None, 'lon': None}","{'rh': 75.4, 'temp': 10.3, 'wd': 0.0, 'ws': 0.0, 'ws_scalar': 0.0}","{'gas': {'co': 18148, 'co2': 13271, 'no': 18149, 'no2': 18150, 'o3': 18151}, 'pm': {'pm1': 17109, 'pm10': 17111, 'pm25': 17110}}",0.7,2.56,7.94,0.73,3.02,1.59,562936208,75.4,MOD-00623,10.3,2025-12-12T05:57:02,2025-12-11T21:57:02,https://api.quant-aq.com/v1/devices/MOD-00623/data/562936057
270.8,736.3,"{'lat': None, 'lon': None}","{'rh': 75.5, 'temp': 10.3, 'wd': 0.0, 'ws': 0.0, 'ws_scalar': 0.0}","{'gas': {'co': 18148, 'co2': 13271, 'no': 18149, 'no2': 18150, 'o3': 18151}, 'pm': {'pm1': 17109, 'pm10': 17111, 'pm25': 17110}}",0.85,2.72,7.81,0.84,9.03,1.54,562936207,75.5,MOD-00623,10.3,2025-12-12T05:56:02,2025-12-11T21:56:02,https://api.quant-aq.com/v1/devices/MOD-00623/data/562936056
292.6,737.02,"{'lat': None, 'lon': None}","{'rh': 75.4, 'temp': 10.3, 'wd': 0.0, 'ws': 0.0, 'ws_scalar': 0.0}","{'gas': {'co': 18148, 'co2': 13271, 'no': 18149, 'no2': 18150, 'o3': 18151}, 'pm': {'pm1': 17109, 'pm10': 17111, 'pm25': 17110}}",0.85,3.55,6.41,0.97,7.86,1.59,562934134,75.4,MOD-00623,10.3,2025-12-12T05:55:02,2025-12-11T21:55:02,https://api.quant-aq.com/v1/devices/MOD-00623/data/562933983
280.37,733.65,"{'lat': None, 'lon': None}","{'rh': 75.3, 'temp': 10.3, 'wd': 0.0, 'ws': 0.0, 'ws_scalar': 0.0}","{'gas': {'co': 18148, 'co2': 13271, 'no': 18149, 'no2': 18150, 'o3': 18151}, 'pm': {'pm1': 17109, 'pm10': 17111, 'pm25': 17110}}",1.01,2.4,8.07,0.96,2.27,1.58,562934133,75.3,MOD-00623,10.3,2025-12-12T05:54:02,2025-12-11T21:54:02,https://api.quant-aq.com/v1/devices/MOD-00623/data/562933982
297.11,739.43,"{'lat': None, 'lon': None}","{'rh': 75.4, 'temp': 10.3, 'wd': 0.0, 'ws': 0.0, 'ws_scalar': 0.0}","{'gas': {'co': 18148, 'co2': 13271, 'no': 18149, 'no2': 18150, 'o3': 18151}, 'pm': {'pm1': 17109, 'pm10': 17111, 'pm25': 17110}}",1.79,3.11,7.57,1.33,3.97,1.97,562934135,75.4,MOD-00623,10.3,2025-12-12T05:53:02,2025-12-11T21:53:02,https://api.quant-aq.com/v1/devices/MOD-00623/data/562933984
292.6,737.14,"{'lat': None, 'lon': None}","{'rh': 75.4, 'temp': 10.3, 'wd': 0.0, 'ws': 0.0, 'ws_scalar': 0.0}","{'gas': {'co': 18148, 'co2': 13271, 'no': 18149, 'no2': 18150, 'o3': 18151}, 'pm': {'pm1': 17109, 'pm10': 17111, 'pm25': 17110}}",1.95,3.32,6.99,1.06,1.91,1.71,562934132,75.4,MOD-00623,10.3,2025-12-12T05:52:02,2025-12-11T21:52:02,https://api.quant-aq.com/v1/devices/MOD-00623/data/562933981
283.51,738.47,"{'lat': None, 'lon': None}","{'rh': 75.5, 'temp': 10.3, 'wd': 0.0, 'ws': 0.0, 'ws_scalar': 0.0}","{'gas': {'co': 18148, 'co2': 13271, 'no': 18149, 'no2': 18150, 'o3': 18151}, 'pm': {'pm1': 17109, 'pm10': 17111, 'pm25': 17110}}",1.48,2.9,6.32,1.02,8.97,2.01,562932033,75.5,MOD-00623,10.3,2025-12-12T05:51:02,2025-12-11T21:51:02,https://api.quant-aq.com/v1/devices/MOD-00623/data/562931882
285.22,735.82,"{'lat': None, 'lon': None}","{'rh': 75.4, 'temp': 10.3, 'wd': 0.0, 'ws': 0.0, 'ws_scalar': 0.0}","{'gas': {'co': 18148, 'co2': 13271, 'no': 18149, 'no2': 18150, 'o3': 18151}, 'pm': {'pm1': 17109, 'pm10': 17111, 'pm25': 17110}}",1.79,3.55,7.32,1.12,2.44,1.71,562932035,75.4,MOD-00623,10.3,2025-12-12T05:50:02,2025-12-11T21:50:02,https://api.quant-aq.com/v1/devices/MOD-00623/data/562931885
288.36,746.41,"{'lat': None, 'lon': None}","{'rh': 75.6, 'temp': 10.3, 'wd': 0.0, 'ws': 0.0, 'ws_scalar': 0.0}","{'gas': {'co': 18148, 'co2': 13271, 'no': 18149, 'no2': 18150, 'o3': 18151}, 'pm': {'pm1': 17109, 'pm10': 17111, 'pm25': 17110}}",3.41,3.31,6.06,1.2,12.34,1.95,562932034,75.6,MOD-00623,10.3,2025-12-12T05:49:02,2025-12-11T21:49:02,https://api.quant-aq.com/v1/devices/MOD-00623/data/562931883
290.47,739.19,"{'lat': None, 'lon': None}","{'rh': 76.1, 'temp': 10.3, 'wd': 0.0, 'ws': 0.0, 'ws_scalar': 0.0}","{'gas': {'co': 18148, 'co2': 13271, 'no': 18149, 'no2': 18150, 'o3': 18151}, 'pm': {'pm1': 17109, 'pm10': 17111, 'pm25': 17110}}",2.55,3.75,6.23,1.18,3.48,1.84,562932036,76.1,MOD-00623,10.3,2025-12-12T05:48:02,2025-12-11T21:48:02,https://api.quant-aq.com/v1/devices/MOD-00623/data/562931884
287.13,738.95,"{'lat': None, 'lon': None}","{'rh': 75.6, 'temp': 10.3, 'wd': 0.0, 'ws': 0.0, 'ws_scalar': 0.0}","{'gas': {'co': 18148, 'co2': 13271, 'no': 18149, 'no2': 18150, 'o3': 18151}, 'pm': {'pm1': 17109, 'pm10': 17111, 'pm25': 17110}}",1.47,3.31,6.97,1.01,3.45,1.56,562929944,75.6,MOD-00623,10.3,2025-12-12T05:47:02,2025-12-11T21:47:02,https://api.quant-aq.com/v1/devices/MOD-00623/data/562929793
290.07,739.07,"{'lat': None, 'lon': None}","{'rh': 75.5, 'temp': 10.3, 'wd': 0.0, 'ws': 0.0, 'ws_scalar': 0.0}","{'gas': {'co': 18148, 'co2': 13271, 'no': 18149, 'no2': 18150, 'o3': 18151}, 'pm': {'pm1': 17109, 'pm10': 17111, 'pm25': 17110}}",1.79,2.72,7.35,0.74,8.52,1.32,562929943,75.5,MOD-00623,10.3,2025-12-12T05:46:02,2025-12-11T21:46:02,https://api.quant-aq.com/v1/devices/MOD-00623/data/562929792
274.79,737.74,"{'lat': None, 'lon': None}","{'rh': 75.5, 'temp': 10.2, 'wd': 0.0, 'ws': 0.0, 'ws_scalar': 0.0}","{'gas': {'co': 18148, 'co2': 13271, 'no': 18149, 'no2': 18150, 'o3': 18151}, 'pm': {'pm1': 17109, 'pm10': 17111, 'pm25': 17110}}",1.54,2.89,7.7,0.79,3.97,1.31,562929945,75.5,MOD-00623,10.2,2025-12-12T05:45:02,2025-12-11T21:45:02,https://api.quant-aq.com/v1/devices/MOD-00623/data/562929794
305.92,736.54,"{'lat': None, 'lon': None}","{'rh': 75.7, 'temp': 10.3, 'wd': 0.0, 'ws': 0.0, 'ws_scalar': 0.0}","{'gas': {'co': 18148, 'co2': 13271, 'no': 18149, 'no2': 18150, 'o3': 18151}, 'pm': {'pm1': 17109, 'pm10': 17111, 'pm25': 17110}}",1.0,2.7,7.34,0.74,4.81,1.46,562929942,75.7,MOD-00623,10.3,2025-12-12T05:44:02,2025-12-11T21:44:02,https://api.quant-aq.com/v1/devices/MOD-00623/data/562929791
313.27,738.83,"{'lat': None, 'lon': None}","{'rh': 75.6, 'temp': 10.2, 'wd': 0.0, 'ws': 0.0, 'ws_scalar': 0.0}","{'gas': {'co': 18148, 'co2': 13271, 'no': 18149, 'no2': 18150, 'o3': 18151}, 'pm': {'pm1': 17109, 'pm10': 17111, 'pm25': 17110}}",1.85,3.29,6.99,0.88,3.17,1.6,562927899,75.6,MOD-00623,10.2,2025-12-12T05:43:02,2025-12-11T21:43:02,https://api.quant-aq.com/v1/devices/MOD-00623/data/562927748
335.68,737.38,"{'lat': None, 'lon': None}","{'rh': 75.8, 'temp': 10.2, 'wd': 0.0, 'ws': 0.0, 'ws_scalar': 0.0}","{'gas': {'co': 18148, 'co2': 13271, 'no': 18149, 'no2': 18150, 'o3': 18151}, 'pm': {'pm1': 17109, 'pm10': 17111, 'pm25': 17110}}",2.0,2.87,8.13,0.87,8.81,1.51,562927901,75.8,MOD-00623,10.2,2025-12-12T05:42:02,2025-12-11T21:42:02,https://api.quant-aq.com/v1/devices/MOD-00623/data/562927750
353.39,731.6,"{'lat': None, 'lon': None}","{'rh': 75.7, 'temp': 10.2, 'wd': 0.0, 'ws': 0.0, 'ws_scalar': 0.0}","{'gas': {'co': 18148, 'co2': 13271, 'no': 18149, 'no2': 18150, 'o3': 18151}, 'pm': {'pm1': 17109, 'pm10': 17111, 'pm25': 17110}}",1.69,3.77,6.28,1.07,2.52,1.58,562927900,75.7,MOD-00623,10.2,2025-12-12T05:41:02,2025-12-11T21:41:02,https://api.quant-aq.com/v1/devices/MOD-00623/data/562927749
395.56,738.95,"{'lat': None, 'lon': None}","{'rh': 75.8, 'temp': 10.2, 'wd': 0.0, 'ws': 0.0, 'ws_scalar': 0.0}","{'gas': {'co': 18148, 'co2': 13271, 'no': 18149, 'no2': 18150, 'o3': 18151}, 'pm': {'pm1': 17109, 'pm10': 17111, 'pm25': 17110}}",2.32,2.87,7.22,1.0,2.85,1.6,562927902,75.8,MOD-00623,10.2,2025-12-12T05:40:02,2025-12-11T21:40:02,https://api.quant-aq.com/v1/devices/MOD-00623/data/562927751
398.77,742.2,"{'lat': None, 'lon': None}","{'rh': 75.9, 'temp': 10.2, 'wd': 0.0, 'ws': 0.0, 'ws_scalar': 0.0}","{'gas': {'co': 18148, 'co2': 13271, 'no': 18149, 'no2': 18150, 'o3': 18151}, 'pm': {'pm1': 17109, 'pm10': 17111, 'pm25': 17110}}",1.68,3.5,6.84,0.88,4.14,1.58,562925840,75.9,MOD-00623,10.2,2025-12-12T05:39:02,2025-12-11T21:39:02,https://api.quant-aq.com/v1/devices/MOD-00623/data/562925689
365.08,740.15,"{'lat': None, 'lon': None}","{'rh': 75.4, 'temp': 10.2, 'wd': 0.0, 'ws': 0.0, 'ws_scalar': 0.0}","{'gas': {'co': 18148, 'co2': 13271, 'no': 18149, 'no2': 18150, 'o3': 18151}, 'pm': {'pm1': 17109, 'pm10': 17111, 'pm25': 17110}}",2.17,2.72,8.74,0.88,4.33,1.29,562925839,75.4,MOD-00623,10.2,2025-12-12T05:38:02,2025-12-11T21:38:02,https://api.quant-aq.com/v1/devices/MOD-00623/data/562925688
352.3,739.79,"{'lat': None, 'lon': None}","{'rh': 75.5, 'temp': 10.2, 'wd': 0.0, 'ws': 0.0, 'ws_scalar': 0.0}","{'gas': {'co': 18148, 'co2': 13271, 'no': 18149, 'no2': 18150, 'o3': 18151}, 'pm': {'pm1': 17109, 'pm10': 17111, 'pm25': 17110}}",2.48,3.53,6.87,1.38,6.6,2.13,562925837,75.5,MOD-00623,10.2,2025-12-12T05:37:02,2025-12-11T21:37:02,https://api.quant-aq.com/v1/devices/MOD-00623/data/562925686
325.1,737.86,"{'lat': None, 'lon': None}","{'rh': 75.1, 'temp': 10.2, 'wd': 0.0, 'ws': 0.0, 'ws_scalar': 0.0}","{'gas': {'co': 18148, 'co2': 13271, 'no': 18149, 'no2': 18150, 'o3': 18151}, 'pm': {'pm1': 17109, 'pm10': 17111, 'pm25': 17110}}",1.56,3.12,8.06,1.3,3.44,1.84,562925838,75.1,MOD-00623,10.2,2025-12-12T05:36:02,2025-12-11T21:36:02,https://api.quant-aq.com/v1/devices/MOD-00623/data/562925687
291.54,740.15,"{'lat': None, 'lon': None}","{'rh': 75.0, 'temp': 10.2, 'wd': 0.0, 'ws': 0.0, 'ws_scalar': 0.0}","{'gas': {'co': 18148, 'co2': 13271, 'no': 18149, 'no2': 18150, 'o3': 18151}, 'pm': {'pm1': 17109, 'pm10': 17111, 'pm25': 17110}}",1.72,3.13,7.15,1.56,5.07,2.22,562923706,75.0,MOD-00623,10.2,2025-12-12T05:35:02,2025-12-11T21:35:02,https://api.quant-aq.com/v1/devices/MOD-00623/data/562923555
297.14,739.91,"{'lat': None, 'lon': None}","{'rh': 75.2, 'temp': 10.2, 'wd': 0.0, 'ws': 0.0, 'ws_scalar': 0.0}","{'gas': {'co': 18148, 'co2': 13271, 'no': 18149, 'no2': 18150, 'o3': 18151}, 'pm': {'pm1': 17109, 'pm10': 17111, 'pm25': 17110}}",1.71,3.11,6.68,2.67,7.24,3.34,562923709,75.2,MOD-00623,10.2,2025-12-12T05:34:02,2025-12-11T21:34:02,https://api.quant-aq.com/v1/devices/MOD-00623/data/562923557
294.75,735.21,"{'lat': None, 'lon': None}","{'rh': 75.1, 'temp': 10.2, 'wd': 0.0, 'ws': 0.0, 'ws_scalar': 0.0}","{'gas': {'co': 18148, 'co2': 13271, 'no': 18149, 'no2': 18150, 'o3': 18151}, 'pm': {'pm1': 17109, 'pm10': 17111, 'pm25': 17110}}",1.72,3.12,7.6,2.04,3.83,2.57,562923708,75.1,MOD-00623,10.2,2025-12-12T05:33:02,2025-12-11T21:33:02,https://api.quant-aq.com/v1/devices/MOD-00623/data/562923558
287.92,736.06,"{'lat': None, 'lon': None}","{'rh': 74.9, 'temp': 10.2, 'wd': 0.0, 'ws': 0.0, 'ws_scalar': 0.0}","{'gas': {'co': 18148, 'co2': 13271, 'no': 18149, 'no2': 18150, 'o3': 18151}, 'pm': {'pm1': 17109, 'pm10': 17111, 'pm25': 17110}}",1.25,2.94,7.74,1.33,7.91,2.03,562923707,74.9,MOD-00623,10.2,2025-12-12T05:32:02,2025-12-11T21:32:02,https://api.quant-aq.com/v1/devices/MOD-00623/data/562923556
301.8,737.98,"{'lat': None, 'lon': None}","{'rh': 75.0, 'temp': 10.2, 'wd': 0.0, 'ws': 0.0, 'ws_scalar': 0.0}","{'gas': {'co': 18148, 'co2': 13271, 'no': 18149, 'no2': 18150, 'o3': 18151}, 'pm': {'pm1': 17109, 'pm10': 17111, 'pm25': 17110}}",1.09,2.75,7.86,1.41,2.45,1.91,562921634,75.0,MOD-00623,10.2,2025-12-12T05:31:02,2025-12-11T21:31:02,https://api.quant-aq.com/v1/devices/MOD-00623/data/562921483
283.88,738.1,"{'lat': None, 'lon': None}","{'rh': 75.4, 'temp': 10.2, 'wd': 0.0, 'ws': 0.0, 'ws_scalar': 0.0}","{'gas': {'co': 18148, 'co2': 13271, 'no': 18149, 'no2': 18150, 'o3': 18151}, 'pm': {'pm1': 17109, 'pm10': 17111, 'pm25': 17110}}",1.86,2.55,8.86,1.19,6.1,1.98,562921632,75.4,MOD-00623,10.2,2025-12-12T05:30:02,2025-12-11T21:30:02,https://api.quant-aq.com/v1/devices/MOD-00623/data/562921482
288.11,739.43,"{'lat': None, 'lon': None}","{'rh': 75.8, 'temp': 10.2, 'wd': 0.0, 'ws': 0.0, 'ws_scalar': 0.0}","{'gas': {'co': 18148, 'co2': 13271, 'no': 18149, 'no2': 18150, 'o3': 18151}, 'pm': {'pm1': 17109, 'pm10': 17111, 'pm25': 17110}}",1.69,3.28,6.51,1.12,3.27,1.75,562921631,75.8,MOD-00623,10.2,2025-12-12T05:29:02,2025-12-11T21:29:02,https://api.quant-aq.com/v1/devices/MOD-00623/data/562921480
286.54,739.79,"{'lat': None, 'lon': None}","{'rh': 75.7, 'temp': 10.2, 'wd': 0.0, 'ws': 0.0, 'ws_scalar': 0.0}","{'gas': {'co': 18148, 'co2': 13271, 'no': 18149, 'no2': 18150, 'o3': 18151}, 'pm': {'pm1': 17109, 'pm10': 17111, 'pm25': 17110}}",2.16,2.69,8.26,1.09,1.65,1.57,562921633,75.7,MOD-00623,10.2,2025-12-12T05:28:02,2025-12-11T21:28:02,https://api.quant-aq.com/v1/devices/MOD-00623/data/562921481
325.29,742.08,"{'lat': None, 'lon': None}","{'rh': 76.0, 'temp': 10.2, 'wd': 0.0, 'ws': 0.0, 'ws_scalar': 0.0}","{'gas': {'co': 18148, 'co2': 13271, 'no': 18149, 'no2': 18150, 'o3': 18151}, 'pm': {'pm1': 17109, 'pm10': 17111, 'pm25': 17110}}",1.68,3.26,6.5,1.25,2.87,1.9,562919461,76.0,MOD-00623,10.2,2025-12-12T05:27:02,2025-12-11T21:27:02,https://api.quant-aq.com/v1/devices/MOD-00623/data/562919310
320.03,742.92,"{'lat': None, 'lon': None}","{'rh': 75.9, 'temp': 10.2, 'wd': 0.0, 'ws': 0.0, 'ws_scalar': 0.0}","{'gas': {'co': 18148, 'co2': 13271, 'no': 18149, 'no2': 18150, 'o3': 18151}, 'pm': {'pm1': 17109, 'pm10': 17111, 'pm25': 17110}}",1.68,3.06,7.54,1.26,3.15,1.88,562919463,75.9,MOD-00623,10.2,2025-12-12T05:26:02,2025-12-11T21:26:02,https://api.quant-aq.com/v1/devices/MOD-00623/data/562919311
306.63,741.84,"{'lat': None, 'lon': None}","{'rh': 75.7, 'temp': 10.2, 'wd': 0.0, 'ws': 0.0, 'ws_scalar': 0.0}","{'gas': {'co': 18148, 'co2': 13271, 'no': 18149, 'no2': 18150, 'o3': 18151}, 'pm': {'pm1': 17109, 'pm10': 17111, 'pm25': 17110}}",1.85,3.07,7.1,1.2,4.0,1.89,562919464,75.7,MOD-00623,10.2,2025-12-12T05:25:02,2025-12-11T21:25:02,https://api.quant-aq.com/v1/devices/MOD-00623/data/562919313
302.53,741.84,"{'lat': None, 'lon': None}","{'rh': 75.7, 'temp': 10.2, 'wd': 0.0, 'ws': 0.0, 'ws_scalar': 0.0}","{'gas': {'co': 18148, 'co2': 13271, 'no': 18149, 'no2': 18150, 'o3': 18151}, 'pm': {'pm1': 17109, 'pm10': 17111, 'pm25': 17110}}",2.48,2.88,7.22,1.52,4.1,2.34,562919462,75.7,MOD-00623,10.2,2025-12-12T05:24:02,2025-12-11T21:24:02,https://api.quant-aq.com/v1/devices/MOD-00623/data/562919312
315.52,742.2,"{'lat': None, 'lon': None}","{'rh': 75.9, 'temp': 10.2, 'wd': 0.0, 'ws': 0.0, 'ws_scalar': 0.0}","{'gas': {'co': 18148, 'co2': 13271, 'no': 18149, 'no2': 18150, 'o3': 18151}, 'pm': {'pm1': 17109, 'pm10': 17111, 'pm25': 17110}}",2.15,3.27,6.51,1.19,5.37,1.81,562917467,75.9,MOD-00623,10.2,2025-12-12T05:23:02,2025-12-11T21:23:02,https://api.quant-aq.com/v1/devices/MOD-00623/data/562917316
321.4,739.79,"{'lat': None, 'lon': None}","{'rh': 75.7, 'temp': 10.2, 'wd': 0.0, 'ws': 0.0, 'ws_scalar': 0.0}","{'gas': {'co': 18148, 'co2': 13271, 'no': 18149, 'no2': 18150, 'o3': 18151}, 'pm': {'pm1': 17109, 'pm10': 17111, 'pm25': 17110}}",1.53,3.77,6.28,1.9,3.83,2.55,562917466,75.7,MOD-00623,10.2,2025-12-12T05:22:02,2025-12-11T21:22:02,https://api.quant-aq.com/v1/devices/MOD-00623/data/562917315
330.08,746.78,"{'lat': None, 'lon': None}","{'rh': 75.6, 'temp': 10.2, 'wd': 0.0, 'ws': 0.0, 'ws_scalar': 0.0}","{'gas': {'co': 18148, 'co2': 13271, 'no': 18149, 'no2': 18150, 'o3': 18151}, 'pm': {'pm1': 17109, 'pm10': 17111, 'pm25': 17110}}",1.85,2.88,6.78,1.73,3.18,2.39,562917469,75.6,MOD-00623,10.2,2025-12-12T05:21:02,2025-12-11T21:21:02,https://api.quant-aq.com/v1/devices/MOD-00623/data/562917318
348.26,745.93,"{'lat': None, 'lon': None}","{'rh': 76.0, 'temp': 10.2, 'wd': 0.0, 'ws': 0.0, 'ws_scalar': 0.0}","{'gas': {'co': 18148, 'co2': 13271, 'no': 18149, 'no2': 18150, 'o3': 18151}, 'pm': {'pm1': 17109, 'pm10': 17111, 'pm25': 17110}}",2.46,3.49,6.83,1.6,5.08,2.32,562917468,76.0,MOD-00623,10.2,2025-12-12T05:20:02,2025-12-11T21:20:02,https://api.quant-aq.com/v1/devices/MOD-00623/data/562917317
319.89,743.04,"{'lat': None, 'lon': None}","{'rh': 76.1, 'temp': 10.2, 'wd': 0.0, 'ws': 0.0, 'ws_scalar': 0.0}","{'gas': {'co': 18148, 'co2': 13271, 'no': 18149, 'no2': 18150, 'o3': 18151}, 'pm': {'pm1': 17109, 'pm10': 17111, 'pm25': 17110}}",1.83,3.48,6.37,1.4,4.09,2.08,562915378,76.1,MOD-00623,10.2,2025-12-12T05:19:02,2025-12-11T21:19:02,https://api.quant-aq.com/v1/devices/MOD-00623/data/562915227
322.9,743.04,"{'lat': None, 'lon': None}","{'rh': 75.9, 'temp': 10.2, 'wd': 0.0, 'ws': 0.0, 'ws_scalar': 0.0}","{'gas': {'co': 18148, 'co2': 13271, 'no': 18149, 'no2': 18150, 'o3': 18151}, 'pm': {'pm1': 17109, 'pm10': 17111, 'pm25': 17110}}",2.15,3.27,7.42,1.4,6.11,1.93,562915377,75.9,MOD-00623,10.2,2025-12-12T05:18:02,2025-12-11T21:18:02,https://api.quant-aq.com/v1/devices/MOD-00623/data/562915226
314.34,742.44,"{'lat': None, 'lon': None}","{'rh': 76.4, 'temp': 10.2, 'wd': 0.0, 'ws': 0.0, 'ws_scalar': 0.0}","{'gas': {'co': 18148, 'co2': 13271, 'no': 18149, 'no2': 18150, 'o3': 18151}, 'pm': {'pm1': 17109, 'pm10': 17111, 'pm25': 17110}}",2.6,3.71,5.31,1.09,8.35,1.44,562915379,76.4,MOD-00623,10.2,2025-12-12T05:17:02,2025-12-11T21:17:02,https://api.quant-aq.com/v1/devices/MOD-00623/data/562915228
318.04,742.2,"{'lat': None, 'lon': None}","{'rh': 76.4, 'temp': 10.2, 'wd': 0.0, 'ws': 0.0, 'ws_scalar': 0.0}","{'gas': {'co': 18148, 'co2': 13271, 'no': 18149, 'no2': 18150, 'o3': 18151}, 'pm': {'pm1': 17109, 'pm10': 17111, 'pm25': 17110}}",1.98,3.71,6.68,1.45,3.8,1.88,562915380,76.4,MOD-00623,10.2,2025-12-12T05:16:02,2025-12-11T21:16:02,https://api.quant-aq.com/v1/devices/MOD-00623/data/562915229
308.26,739.07,"{'lat': None, 'lon': None}","{'rh': 76.3, 'temp': 10.2, 'wd': 0.0, 'ws': 0.0, 'ws_scalar': 0.0}","{'gas': {'co': 18148, 'co2': 13271, 'no': 18149, 'no2': 18150, 'o3': 18151}, 'pm': {'pm1': 17109, 'pm10': 17111, 'pm25': 17110}}",2.29,3.99,6.11,1.35,2.79,1.81,562913275,76.3,MOD-00623,10.2,2025-12-12T05:15:02,2025-12-11T21:15:02,https://api.quant-aq.com/v1/devices/MOD-00623/data/562913121
326.1,741.24,"{'lat': None, 'lon': None}","{'rh': 76.6, 'temp': 10.2, 'wd': 0.0, 'ws': 0.0, 'ws_scalar': 0.0}","{'gas': {'co': 18148, 'co2': 13271, 'no': 18149, 'no2': 18150, 'o3': 18151}, 'pm': {'pm1': 17109, 'pm10': 17111, 'pm25': 17110}}",2.6,3.97,6.54,1.42,4.1,1.97,562913273,76.6,MOD-00623,10.2,2025-12-12T05:14:02,2025-12-11T21:14:02,https://api.quant-aq.com/v1/devices/MOD-00623/data/562913124
290.63,741.24,"{'lat': None, 'lon': None}","{'rh': 76.3, 'temp': 10.2, 'wd': 0.0, 'ws': 0.0, 'ws_scalar': 0.0}","{'gas': {'co': 18148, 'co2': 13271, 'no': 18149, 'no2': 18150, 'o3': 18151}, 'pm': {'pm1': 17109, 'pm10': 17111, 'pm25': 17110}}",0.44,3.47,6.81,1.86,4.4,2.31,562913277,76.3,MOD-00623,10.2,2025-12-12T05:13:02,2025-12-11T21:13:02,https://api.quant-aq.com/v1/devices/MOD-00623/data/562913128
308.2,739.07,"{'lat': None, 'lon': None}","{'rh': 75.8, 'temp': 10.2, 'wd': 0.0, 'ws': 0.0, 'ws_scalar': 0.0}","{'gas': {'co': 18148, 'co2': 13271, 'no': 18149, 'no2': 18150, 'o3': 18151}, 'pm': {'pm1': 17109, 'pm10': 17111, 'pm25': 17110}}",1.22,3.28,6.51,1.91,14.39,2.47,562913278,75.8,MOD-00623,10.2,2025-12-12T05:12:02,2025-12-11T21:12:02,https://api.quant-aq.com/v1/devices/MOD-00623/data/562913129
308.95,738.95,"{'lat': None, 'lon': None}","{'rh': 75.9, 'temp': 10.2, 'wd': 0.0, 'ws': 0.0, 'ws_scalar': 0.0}","{'gas': {'co': 18148, 'co2': 13271, 'no': 18149, 'no2': 18150, 'o3': 18151}, 'pm': {'pm1': 17109, 'pm10': 17111, 'pm25': 17110}}",2.0,3.27,7.42,1.46,5.35,2.16,562911153,75.9,MOD-00623,10.2,2025-12-12T05:11:02,2025-12-11T21:11:02,https://api.quant-aq.com/v1/devices/MOD-00623/data/562911002
300.34,743.64,"{'lat': None, 'lon': None}","{'rh': 75.9, 'temp': 10.2, 'wd': 0.0, 'ws': 0.0, 'ws_scalar': 0.0}","{'gas': {'co': 18148, 'co2': 13271, 'no': 18149, 'no2': 18150, 'o3': 18151}, 'pm': {'pm1': 17109, 'pm10': 17111, 'pm25': 17110}}",1.05,2.68,7.33,1.13,17.9,1.57,562911154,75.9,MOD-00623,10.2,2025-12-12T05:10:02,2025-12-11T21:10:02,https://api.quant-aq.com/v1/devices/MOD-00623/data/562911003
310.67,737.38,"{'lat': None, 'lon': None}","{'rh': 75.8, 'temp': 10.2, 'wd': 0.0, 'ws': 0.0, 'ws_scalar': 0.0}","{'gas': {'co': 18148, 'co2': 13271, 'no': 18149, 'no2': 18150, 'o3': 18151}, 'pm': {'pm1': 17109, 'pm10': 17111, 'pm25': 17110}}",2.32,3.28,7.43,1.3,10.27,1.88,562911152,75.8,MOD-00623,10.2,2025-12-12T05:09:02,2025-12-11T21:09:02,https://api.quant-aq.com/v1/devices/MOD-00623/data/562911001
314.15,741.24,"{'lat': None, 'lon': None}","{'rh': 76.1, 'temp': 10.2, 'wd': 0.0, 'ws': 0.0, 'ws_scalar': 0.0}","{'gas': {'co': 18148, 'co2': 13271, 'no': 18149, 'no2': 18150, 'o3': 18151}, 'pm': {'pm1': 17109, 'pm10': 17111, 'pm25': 17110}}",2.15,2.66,7.77,1.16,4.88,1.69,562911155,76.1,MOD-00623,10.2,2025-12-12T05:08:02,2025-12-11T21:08:02,https://api.quant-aq.com/v1/devices/MOD-00623/data/562911004
318.39,739.31,"{'lat': None, 'lon': None}","{'rh': 75.9, 'temp': 10.2, 'wd': 0.0, 'ws': 0.0, 'ws_scalar': 0.0}","{'gas': {'co': 18148, 'co2': 13271, 'no': 18149, 'no2': 18150, 'o3': 18151}, 'pm': {'pm1': 17109, 'pm10': 17111, 'pm25': 17110}}",2.15,3.06,6.63,1.05,3.12,1.63,562909071,75.9,MOD-00623,10.2,2025-12-12T05:07:02,2025-12-11T21:07:02,https://api.quant-aq.com/v1/devices/MOD-00623/data/562908920
312.24,738.95,"{'lat': None, 'lon': None}","{'rh': 75.9, 'temp': 10.2, 'wd': 0.0, 'ws': 0.0, 'ws_scalar': 0.0}","{'gas': {'co': 18148, 'co2': 13271, 'no': 18149, 'no2': 18150, 'o3': 18151}, 'pm': {'pm1': 17109, 'pm10': 17111, 'pm25': 17110}}",0.74,3.06,7.54,0.98,2.0,1.6,562909068,75.9,MOD-00623,10.2,2025-12-12T05:06:02,2025-12-11T21:06:02,https://api.quant-aq.com/v1/devices/MOD-00623/data/562908918
297.47,739.31,"{'lat': None, 'lon': None}","{'rh': 75.9, 'temp': 10.2, 'wd': 0.0, 'ws': 0.0, 'ws_scalar': 0.0}","{'gas': {'co': 18148, 'co2': 13271, 'no': 18149, 'no2': 18150, 'o3': 18151}, 'pm': {'pm1': 17109, 'pm10': 17111, 'pm25': 17110}}",1.37,2.51,7.91,1.41,3.04,2.04,562909070,75.9,MOD-00623,10.2,2025-12-12T05:05:02,2025-12-11T21:05:02,https://api.quant-aq.com/v1/devices/MOD-00623/data/562908919
328.29,740.75,"{'lat': None, 'lon': None}","{'rh': 76.4, 'temp': 10.2, 'wd': 0.0, 'ws': 0.0, 'ws_scalar': 0.0}","{'gas': {'co': 18148, 'co2': 13271, 'no': 18149, 'no2': 18150, 'o3': 18151}, 'pm': {'pm1': 17109, 'pm10': 17111, 'pm25': 17110}}",1.51,3.01,6.59,1.47,8.45,2.25,562909069,76.4,MOD-00623,10.2,2025-12-12T05:04:02,2025-12-11T21:04:02,https://api.quant-aq.com/v1/devices/MOD-00623/data/562908917
323.44,739.19,"{'lat': None, 'lon': None}","{'rh': 76.3, 'temp': 10.2, 'wd': 0.0, 'ws': 0.0, 'ws_scalar': 0.0}","{'gas': {'co': 18148, 'co2': 13271, 'no': 18149, 'no2': 18150, 'o3': 18151}, 'pm': {'pm1': 17109, 'pm10': 17111, 'pm25': 17110}}",1.82,3.47,6.35,1.16,5.16,1.77,562907057,76.3,MOD-00623,10.2,2025-12-12T05:03:02,2025-12-11T21:03:02,https://api.quant-aq.com/v1/devices/MOD-00623/data/562906907
321.32,738.83,"{'lat': None, 'lon': None}","{'rh': 76.4, 'temp': 10.2, 'wd': 0.0, 'ws': 0.0, 'ws_scalar': 0.0}","{'gas': {'co': 18148, 'co2': 13271, 'no': 18149, 'no2': 18150, 'o3': 18151}, 'pm': {'pm1': 17109, 'pm10': 17111, 'pm25': 17110}}",2.45,3.23,6.01,1.47,5.81,2.11,562907056,76.4,MOD-00623,10.2,2025-12-12T05:02:02,2025-12-11T21:02:02,https://api.quant-aq.com/v1/devices/MOD-00623/data/562906905
325.48,742.2,"{'lat': None, 'lon': None}","{'rh': 76.9, 'temp': 10.2, 'wd': 0.0, 'ws': 0.0, 'ws_scalar': 0.0}","{'gas': {'co': 18148, 'co2': 13271, 'no': 18149, 'no2': 18150, 'o3': 18151}, 'pm': {'pm1': 17109, 'pm10': 17111, 'pm25': 17110}}",2.27,3.18,6.89,1.52,4.18,2.06,562907058,76.9,MOD-00623,10.2,2025-12-12T05:01:02,2025-12-11T21:01:02,https://api.quant-aq.com/v1/devices/MOD-00623/data/562906906
336.62,740.99,"{'lat': None, 'lon': None}","{'rh': 76.8, 'temp': 10.2, 'wd': 0.0, 'ws': 0.0, 'ws_scalar': 0.0}","{'gas': {'co': 18148, 'co2': 13271, 'no': 18149, 'no2': 18150, 'o3': 18151}, 'pm': {'pm1': 17109, 'pm10': 17111, 'pm25': 17110}}",2.27,2.78,8.51,1.28,2.09,1.91,562907055,76.8,MOD-00623,10.2,2025-12-12T05:00:02,2025-12-11T21:00:02,https://api.quant-aq.com/v1/devices/MOD-00623/data/562906904
308.05,733.17,"{'lat': None, 'lon': None}","{'rh': 76.6, 'temp': 10.2, 'wd': 0.0, 'ws': 0.0, 'ws_scalar': 0.0}","{'gas': {'co': 18148, 'co2': 13271, 'no': 18149, 'no2': 18150, 'o3': 18151}, 'pm': {'pm1': 17109, 'pm10': 17111, 'pm25': 17110}}",1.34,3.44,7.24,1.61,3.75,2.28,562904962,76.6,MOD-00623,10.2,2025-12-12T04:59:02,2025-12-11T20:59:02,https://api.quant-aq.com/v1/devices/MOD-00623/data/562904809
305.46,735.33,"{'lat': None, 'lon': None}","{'rh': 76.2, 'temp': 10.2, 'wd': 0.0, 'ws': 0.0, 'ws_scalar': 0.0}","{'gas': {'co': 18148, 'co2': 13271, 'no': 18149, 'no2': 18150, 'o3': 18151}, 'pm': {'pm1': 17109, 'pm10': 17111, 'pm25': 17110}}",0.73,2.65,9.13,1.61,2.59,2.24,562904954,76.2,MOD-00623,10.2,2025-12-12T04:58:02,2025-12-11T20:58:02,https://api.quant-aq.com/v1/devices/MOD-00623/data/562904805
314.41,737.74,"{'lat': None, 'lon': None}","{'rh': 76.3, 'temp': 10.2, 'wd': 0.0, 'ws': 0.0, 'ws_scalar': 0.0}","{'gas': {'co': 18148, 'co2': 13271, 'no': 18149, 'no2': 18150, 'o3': 18151}, 'pm': {'pm1': 17109, 'pm10': 17111, 'pm25': 17110}}",1.82,3.02,7.06,1.18,2.66,1.74,562904950,76.3,MOD-00623,10.2,2025-12-12T04:57:02,2025-12-11T20:57:02,https://api.quant-aq.com/v1/devices/MOD-00623/data/562904800
315.98,739.91,"{'lat': None, 'lon': None}","{'rh': 76.4, 'temp': 10.2, 'wd': 0.0, 'ws': 0.0, 'ws_scalar': 0.0}","{'gas': {'co': 18148, 'co2': 13271, 'no': 18149, 'no2': 18150, 'o3': 18151}, 'pm': {'pm1': 17109, 'pm10': 17111, 'pm25': 17110}}",1.66,2.82,8.08,0.93,2.7,1.55,562904947,76.4,MOD-00623,10.2,2025-12-12T04:56:02,2025-12-11T20:56:02,https://api.quant-aq.com/v1/devices/MOD-00623/data/562904797
312.5,740.51,"{'lat': None, 'lon': None}","{'rh': 76.1, 'temp': 10.2, 'wd': 0.0, 'ws': 0.0, 'ws_scalar': 0.0}","{'gas': {'co': 18148, 'co2': 13271, 'no': 18149, 'no2': 18150, 'o3': 18151}, 'pm': {'pm1': 17109, 'pm10': 17111, 'pm25': 17110}}",1.52,2.84,8.11,1.12,4.56,1.52,562902857,76.1,MOD-00623,10.2,2025-12-12T04:55:02,2025-12-11T20:55:02,https://api.quant-aq.com/v1/devices/MOD-00623/data/562902706
308.13,737.98,"{'lat': None, 'lon': None}","{'rh': 75.9, 'temp': 10.2, 'wd': 0.0, 'ws': 0.0, 'ws_scalar': 0.0}","{'gas': {'co': 18148, 'co2': 13271, 'no': 18149, 'no2': 18150, 'o3': 18151}, 'pm': {'pm1': 17109, 'pm10': 17111, 'pm25': 17110}}",1.68,2.51,7.91,1.48,11.1,2.18,562902858,75.9,MOD-00623,10.2,2025-12-12T04:54:02,2025-12-11T20:54:02,https://api.quant-aq.com/v1/devices/MOD-00623/data/562902707
309.36,738.59,"{'lat': None, 'lon': None}","{'rh': 75.9, 'temp': 10.2, 'wd': 0.0, 'ws': 0.0, 'ws_scalar': 0.0}","{'gas': {'co': 18148, 'co2': 13271, 'no': 18149, 'no2': 18150, 'o3': 18151}, 'pm': {'pm1': 17109, 'pm10': 17111, 'pm25': 17110}}",2.15,2.86,7.67,1.26,2.02,1.86,562902860,75.9,MOD-00623,10.2,2025-12-12T04:53:02,2025-12-11T20:53:02,https://api.quant-aq.com/v1/devices/MOD-00623/data/562902709
314.29,739.67,"{'lat': None, 'lon': None}","{'rh': 75.9, 'temp': 10.2, 'wd': 0.0, 'ws': 0.0, 'ws_scalar': 0.0}","{'gas': {'co': 18148, 'co2': 13271, 'no': 18149, 'no2': 18150, 'o3': 18151}, 'pm': {'pm1': 17109, 'pm10': 17111, 'pm25': 17110}}",1.53,2.51,8.82,1.43,7.03,2.19,562902859,75.9,MOD-00623,10.2,2025-12-12T04:52:02,2025-12-11T20:52:02,https://api.quant-aq.com/v1/devices/MOD-00623/data/562902708
297.81,737.5,"{'lat': None, 'lon': None}","{'rh': 76.0, 'temp': 10.2, 'wd': 0.0, 'ws': 0.0, 'ws_scalar': 0.0}","{'gas': {'co': 18148, 'co2': 13271, 'no': 18149, 'no2': 18150, 'o3': 18151}, 'pm': {'pm1': 17109, 'pm10': 17111, 'pm25': 17110}}",1.99,3.05,7.08,1.36,6.56,1.75,562900693,76.0,MOD-00623,10.2,2025-12-12T04:51:02,2025-12-11T20:51:02,https://api.quant-aq.com/v1/devices/MOD-00623/data/562900542
283.12,736.18,"{'lat': None, 'lon': None}","{'rh': 75.9, 'temp': 10.2, 'wd': 0.0, 'ws': 0.0, 'ws_scalar': 0.0}","{'gas': {'co': 18148, 'co2': 13271, 'no': 18149, 'no2': 18150, 'o3': 18151}, 'pm': {'pm1': 17109, 'pm10': 17111, 'pm25': 17110}}",1.21,2.68,8.24,1.32,5.78,1.85,562900692,75.9,MOD-00623,10.2,2025-12-12T04:50:02,2025-12-11T20:50:02,https://api.quant-aq.com/v1/devices/MOD-00623/data/562900541
287.02,734.61,"{'lat': None, 'lon': None}","{'rh': 75.6, 'temp': 10.2, 'wd': 0.0, 'ws': 0.0, 'ws_scalar': 0.0}","{'gas': {'co': 18148, 'co2': 13271, 'no': 18149, 'no2': 18150, 'o3': 18151}, 'pm': {'pm1': 17109, 'pm10': 17111, 'pm25': 17110}}",1.38,2.7,8.72,0.89,2.93,1.53,562900691,75.6,MOD-00623,10.2,2025-12-12T04:49:02,2025-12-11T20:49:02,https://api.quant-aq.com/v1/devices/MOD-00623/data/562900540
288.25,731.84,"{'lat': None, 'lon': None}","{'rh': 75.6, 'temp': 10.2, 'wd': 0.0, 'ws': 0.0, 'ws_scalar': 0.0}","{'gas': {'co': 18148, 'co2': 13271, 'no': 18149, 'no2': 18150, 'o3': 18151}, 'pm': {'pm1': 17109, 'pm10': 17111, 'pm25': 17110}}",1.54,2.53,8.85,1.21,11.96,2.08,562900690,75.6,MOD-00623,10.2,2025-12-12T04:48:02,2025-12-11T20:48:02,https://api.quant-aq.com/v1/devices/MOD-00623/data/562900539
279.98,732.68,"{'lat': None, 'lon': None}","{'rh': 75.7, 'temp': 10.2, 'wd': 0.0, 'ws': 0.0, 'ws_scalar': 0.0}","{'gas': {'co': 18148, 'co2': 13271, 'no': 18149, 'no2': 18150, 'o3': 18151}, 'pm': {'pm1': 17109, 'pm10': 17111, 'pm25': 17110}}",1.69,2.69,9.17,1.21,14.19,2.05,562898597,75.7,MOD-00623,10.2,2025-12-12T04:47:02,2025-12-11T20:47:02,https://api.quant-aq.com/v1/devices/MOD-00623/data/562898446
291.6,732.8,"{'lat': None, 'lon': None}","{'rh': 75.5, 'temp': 10.2, 'wd': 0.0, 'ws': 0.0, 'ws_scalar': 0.0}","{'gas': {'co': 18148, 'co2': 13271, 'no': 18149, 'no2': 18150, 'o3': 18151}, 'pm': {'pm1': 17109, 'pm10': 17111, 'pm25': 17110}}",1.54,2.38,8.52,0.97,3.54,1.75,562898595,75.5,MOD-00623,10.2,2025-12-12T04:46:02,2025-12-11T20:46:02,https://api.quant-aq.com/v1/devices/MOD-00623/data/562898444
290.92,733.65,"{'lat': None, 'lon': None}","{'rh': 75.3, 'temp': 10.2, 'wd': 0.0, 'ws': 0.0, 'ws_scalar': 0.0}","{'gas': {'co': 18148, 'co2': 13271, 'no': 18149, 'no2': 18150, 'o3': 18151}, 'pm': {'pm1': 17109, 'pm10': 17111, 'pm25': 17110}}",2.02,2.72,9.2,1.05,4.69,1.74,562898594,75.3,MOD-00623,10.2,2025-12-12T04:45:02,2025-12-11T20:45:02,https://api.quant-aq.com/v1/devices/MOD-00623/data/562898443
290.1,733.17,"{'lat': None, 'lon': None}","{'rh': 75.3, 'temp': 10.2, 'wd': 0.0, 'ws': 0.0, 'ws_scalar': 0.0}","{'gas': {'co': 18148, 'co2': 13271, 'no': 18149, 'no2': 18150, 'o3': 18151}, 'pm': {'pm1': 17109, 'pm10': 17111, 'pm25': 17110}}",2.02,2.24,8.66,0.96,8.91,1.53,562898596,75.3,MOD-00623,10.2,2025-12-12T04:44:02,2025-12-11T20:44:02,https://api.quant-aq.com/v1/devices/MOD-00623/data/562898445
279.0,737.02,"{'lat': None, 'lon': None}","{'rh': 75.5, 'temp': 10.3, 'wd': 0.0, 'ws': 0.0, 'ws_scalar': 0.0}","{'gas': {'co': 18148, 'co2': 13271, 'no': 18149, 'no2': 18150, 'o3': 18151}, 'pm': {'pm1': 17109, 'pm10': 17111, 'pm25': 17110}}",1.95,2.39,8.51,1.37,3.59,1.87,562896586,75.5,MOD-00623,10.3,2025-12-12T04:43:02,2025-12-11T20:43:02,https://api.quant-aq.com/v1/devices/MOD-00623/data/562896435
275.99,738.22,"{'lat': None, 'lon': None}","{'rh': 75.7, 'temp': 10.3, 'wd': 0.0, 'ws': 0.0, 'ws_scalar': 0.0}","{'gas': {'co': 18148, 'co2': 13271, 'no': 18149, 'no2': 18150, 'o3': 18151}, 'pm': {'pm1': 17109, 'pm10': 17111, 'pm25': 17110}}",1.47,2.53,8.83,1.37,6.37,1.95,562896585,75.7,MOD-00623,10.3,2025-12-12T04:42:02,2025-12-11T20:42:02,https://api.quant-aq.com/v1/devices/MOD-00623/data/562896434
289.59,738.35,"{'lat': None, 'lon': None}","{'rh': 75.6, 'temp': 10.3, 'wd': 0.0, 'ws': 0.0, 'ws_scalar': 0.0}","{'gas': {'co': 18148, 'co2': 13271, 'no': 18149, 'no2': 18150, 'o3': 18151}, 'pm': {'pm1': 17109, 'pm10': 17111, 'pm25': 17110}}",1.32,2.54,7.92,1.62,3.71,2.17,562896584,75.6,MOD-00623,10.3,2025-12-12T04:41:02,2025-12-11T20:41:02,https://api.quant-aq.com/v1/devices/MOD-00623/data/562896433
302.44,734.13,"{'lat': None, 'lon': None}","{'rh': 75.4, 'temp': 10.3, 'wd': 0.0, 'ws': 0.0, 'ws_scalar': 0.0}","{'gas': {'co': 18148, 'co2': 13271, 'no': 18149, 'no2': 18150, 'o3': 18151}, 'pm': {'pm1': 17109, 'pm10': 17111, 'pm25': 17110}}",1.64,2.73,8.27,1.56,3.16,2.23,562896587,75.4,MOD-00623,10.3,2025-12-12T04:40:02,2025-12-11T20:40:02,https://api.quant-aq.com/v1/devices/MOD-00623/data/562896436
292.87,736.54,"{'lat': None, 'lon': None}","{'rh': 75.6, 'temp': 10.3, 'wd': 0.0, 'ws': 0.0, 'ws_scalar': 0.0}","{'gas': {'co': 18148, 'co2': 13271, 'no': 18149, 'no2': 18150, 'o3': 18151}, 'pm': {'pm1': 17109, 'pm10': 17111, 'pm25': 17110}}",1.94,2.38,7.59,1.22,3.14,1.8,562894476,75.6,MOD-00623,10.3,2025-12-12T04:39:02,2025-12-11T20:39:02,https://api.quant-aq.com/v1/devices/MOD-00623/data/562894325
280.98,730.76,"{'lat': None, 'lon': None}","{'rh': 75.6, 'temp': 10.3, 'wd': 0.0, 'ws': 0.0, 'ws_scalar': 0.0}","{'gas': {'co': 18148, 'co2': 13271, 'no': 18149, 'no2': 18150, 'o3': 18151}, 'pm': {'pm1': 17109, 'pm10': 17111, 'pm25': 17110}}",0.84,2.23,9.54,0.98,4.9,1.31,562894475,75.6,MOD-00623,10.3,2025-12-12T04:38:02,2025-12-11T20:38:02,https://api.quant-aq.com/v1/devices/MOD-00623/data/562894324
274.7,731.84,"{'lat': None, 'lon': None}","{'rh': 75.2, 'temp': 10.3, 'wd': 0.0, 'ws': 0.0, 'ws_scalar': 0.0}","{'gas': {'co': 18148, 'co2': 13271, 'no': 18149, 'no2': 18150, 'o3': 18151}, 'pm': {'pm1': 17109, 'pm10': 17111, 'pm25': 17110}}",1.65,2.41,8.99,0.91,4.56,1.38,562894477,75.2,MOD-00623,10.3,2025-12-12T04:37:02,2025-12-11T20:37:02,https://api.quant-aq.com/v1/devices/MOD-00623/data/562894326
286.04,736.18,"{'lat': None, 'lon': None}","{'rh': 75.4, 'temp': 10.3, 'wd': 0.0, 'ws': 0.0, 'ws_scalar': 0.0}","{'gas': {'co': 18148, 'co2': 13271, 'no': 18149, 'no2': 18150, 'o3': 18151}, 'pm': {'pm1': 17109, 'pm10': 17111, 'pm25': 17110}}",2.11,2.09,9.22,1.22,3.56,1.93,562894474,75.4,MOD-00623,10.3,2025-12-12T04:36:02,2025-12-11T20:36:02,https://api.quant-aq.com/v1/devices/MOD-00623/data/562894323
299.29,732.8,"{'lat': None, 'lon': None}","{'rh': 75.8, 'temp': 10.3, 'wd': 0.0, 'ws': 0.0, 'ws_scalar': 0.0}","{'gas': {'co': 18148, 'co2': 13271, 'no': 18149, 'no2': 18150, 'o3': 18151}, 'pm': {'pm1': 17109, 'pm10': 17111, 'pm25': 17110}}",2.72,2.88,7.2,1.48,5.34,2.18,562892395,75.8,MOD-00623,10.3,2025-12-12T04:35:02,2025-12-11T20:35:02,https://api.quant-aq.com/v1/devices/MOD-00623/data/562892245
308.73,737.5,"{'lat': None, 'lon': None}","{'rh': 75.8, 'temp': 10.3, 'wd': 0.0, 'ws': 0.0, 'ws_scalar': 0.0}","{'gas': {'co': 18148, 'co2': 13271, 'no': 18149, 'no2': 18150, 'o3': 18151}, 'pm': {'pm1': 17109, 'pm10': 17111, 'pm25': 17110}}",1.94,2.52,7.91,1.27,6.24,2.05,562892394,75.8,MOD-00623,10.3,2025-12-12T04:34:02,2025-12-11T20:34:02,https://api.quant-aq.com/v1/devices/MOD-00623/data/562892243
321.99,738.47,"{'lat': None, 'lon': None}","{'rh': 75.6, 'temp': 10.3, 'wd': 0.0, 'ws': 0.0, 'ws_scalar': 0.0}","{'gas': {'co': 18148, 'co2': 13271, 'no': 18149, 'no2': 18150, 'o3': 18151}, 'pm': {'pm1': 17109, 'pm10': 17111, 'pm25': 17110}}",2.73,2.54,6.55,1.28,10.95,2.21,562892396,75.6,MOD-00623,10.3,2025-12-12T04:33:02,2025-12-11T20:33:02,https://api.quant-aq.com/v1/devices/MOD-00623/data/562892244
317.75,737.86,"{'lat': None, 'lon': None}","{'rh': 75.8, 'temp': 10.3, 'wd': 0.0, 'ws': 0.0, 'ws_scalar': 0.0}","{'gas': {'co': 18148, 'co2': 13271, 'no': 18149, 'no2': 18150, 'o3': 18151}, 'pm': {'pm1': 17109, 'pm10': 17111, 'pm25': 17110}}",2.72,2.7,6.87,1.18,4.6,1.66,562892397,75.8,MOD-00623,10.3,2025-12-12T04:32:02,2025-12-11T20:32:02,https://api.quant-aq.com/v1/devices/MOD-00623/data/562892246
295.19,737.38,"{'lat': None, 'lon': None}","{'rh': 75.8, 'temp': 10.3, 'wd': 0.0, 'ws': 0.0, 'ws_scalar': 0.0}","{'gas': {'co': 18148, 'co2': 13271, 'no': 18149, 'no2': 18150, 'o3': 18151}, 'pm': {'pm1': 17109, 'pm10': 17111, 'pm25': 17110}}",1.62,2.52,8.36,1.41,5.0,1.86,562890293,75.8,MOD-00623,10.3,2025-12-12T04:31:02,2025-12-11T20:31:02,https://api.quant-aq.com/v1/devices/MOD-00623/data/562890142
281.25,739.31,"{'lat': None, 'lon': None}","{'rh': 75.8, 'temp': 10.3, 'wd': 0.0, 'ws': 0.0, 'ws_scalar': 0.0}","{'gas': {'co': 18148, 'co2': 13271, 'no': 18149, 'no2': 18150, 'o3': 18151}, 'pm': {'pm1': 17109, 'pm10': 17111, 'pm25': 17110}}",0.99,2.7,8.24,1.05,3.83,1.71,562890292,75.8,MOD-00623,10.3,2025-12-12T04:30:02,2025-12-11T20:30:02,https://api.quant-aq.com/v1/devices/MOD-00623/data/562890141
288.15,738.47,"{'lat': None, 'lon': None}","{'rh': 75.9, 'temp': 10.3, 'wd': 0.0, 'ws': 0.0, 'ws_scalar': 0.0}","{'gas': {'co': 18148, 'co2': 13271, 'no': 18149, 'no2': 18150, 'o3': 18151}, 'pm': {'pm1': 17109, 'pm10': 17111, 'pm25': 17110}}",0.67,2.21,8.6,0.96,2.56,1.54,562890291,75.9,MOD-00623,10.3,2025-12-12T04:29:02,2025-12-11T20:29:02,https://api.quant-aq.com/v1/devices/MOD-00623/data/562890140
290.75,736.9,"{'lat': None, 'lon': None}","{'rh': 75.7, 'temp': 10.3, 'wd': 0.0, 'ws': 0.0, 'ws_scalar': 0.0}","{'gas': {'co': 18148, 'co2': 13271, 'no': 18149, 'no2': 18150, 'o3': 18151}, 'pm': {'pm1': 17109, 'pm10': 17111, 'pm25': 17110}}",1.63,2.89,7.67,0.98,3.38,1.69,562890290,75.7,MOD-00623,10.3,2025-12-12T04:28:02,2025-12-11T20:28:02,https://api.quant-aq.com/v1/devices/MOD-00623/data/562890139
296.08,737.14,"{'lat': None, 'lon': None}","{'rh': 75.7, 'temp': 10.3, 'wd': 0.0, 'ws': 0.0, 'ws_scalar': 0.0}","{'gas': {'co': 18148, 'co2': 13271, 'no': 18149, 'no2': 18150, 'o3': 18151}, 'pm': {'pm1': 17109, 'pm10': 17111, 'pm25': 17110}}",1.15,2.37,8.95,0.89,4.53,1.72,562888208,75.7,MOD-00623,10.3,2025-12-12T04:27:02,2025-12-11T20:27:02,https://api.quant-aq.com/v1/devices/MOD-00623/data/562888057
290.68,737.38,"{'lat': None, 'lon': None}","{'rh': 75.8, 'temp': 10.3, 'wd': 0.0, 'ws': 0.0, 'ws_scalar': 0.0}","{'gas': {'co': 18148, 'co2': 13271, 'no': 18149, 'no2': 18150, 'o3': 18151}, 'pm': {'pm1': 17109, 'pm10': 17111, 'pm25': 17110}}",1.94,2.7,6.42,0.96,4.66,1.77,562888206,75.8,MOD-00623,10.3,2025-12-12T04:26:02,2025-12-11T20:26:02,https://api.quant-aq.com/v1/devices/MOD-00623/data/562888056
303.22,737.5,"{'lat': None, 'lon': None}","{'rh': 76.2, 'temp': 10.4, 'wd': 0.0, 'ws': 0.0, 'ws_scalar': 0.0}","{'gas': {'co': 18148, 'co2': 13271, 'no': 18149, 'no2': 18150, 'o3': 18151}, 'pm': {'pm1': 17109, 'pm10': 17111, 'pm25': 17110}}",2.01,2.67,7.29,0.95,3.69,1.42,562888205,76.2,MOD-00623,10.4,2025-12-12T04:25:02,2025-12-11T20:25:02,https://api.quant-aq.com/v1/devices/MOD-00623/data/562888054
306.5,741.12,"{'lat': None, 'lon': None}","{'rh': 76.2, 'temp': 10.4, 'wd': 0.0, 'ws': 0.0, 'ws_scalar': 0.0}","{'gas': {'co': 18148, 'co2': 13271, 'no': 18149, 'no2': 18150, 'o3': 18151}, 'pm': {'pm1': 17109, 'pm10': 17111, 'pm25': 17110}}",1.85,3.05,8.41,1.1,3.27,1.58,562888207,76.2,MOD-00623,10.4,2025-12-12T04:24:02,2025-12-11T20:24:02,https://api.quant-aq.com/v1/devices/MOD-00623/data/562888055
307.46,738.22,"{'lat': None, 'lon': None}","{'rh': 76.0, 'temp': 10.4, 'wd': 0.0, 'ws': 0.0, 'ws_scalar': 0.0}","{'gas': {'co': 18148, 'co2': 13271, 'no': 18149, 'no2': 18150, 'o3': 18151}, 'pm': {'pm1': 17109, 'pm10': 17111, 'pm25': 17110}}",2.5,2.87,6.72,1.1,4.52,2.01,562886134,76.0,MOD-00623,10.4,2025-12-12T04:23:02,2025-12-11T20:23:02,https://api.quant-aq.com/v1/devices/MOD-00623/data/562885983
324.35,737.26,"{'lat': None, 'lon': None}","{'rh': 75.9, 'temp': 10.4, 'wd': 0.0, 'ws': 0.0, 'ws_scalar': 0.0}","{'gas': {'co': 18148, 'co2': 13271, 'no': 18149, 'no2': 18150, 'o3': 18151}, 'pm': {'pm1': 17109, 'pm10': 17111, 'pm25': 17110}}",2.69,3.78,5.78,0.76,3.46,1.23,562886135,75.9,MOD-00623,10.4,2025-12-12T04:22:02,2025-12-11T20:22:02,https://api.quant-aq.com/v1/devices/MOD-00623/data/562885984
307.75,738.95,"{'lat': None, 'lon': None}","{'rh': 75.6, 'temp': 10.4, 'wd': 0.0, 'ws': 0.0, 'ws_scalar': 0.0}","{'gas': {'co': 18148, 'co2': 13271, 'no': 18149, 'no2': 18150, 'o3': 18151}, 'pm': {'pm1': 17109, 'pm10': 17111, 'pm25': 17110}}",2.51,2.55,8.37,1.28,3.78,2.03,562886133,75.6,MOD-00623,10.4,2025-12-12T04:21:02,2025-12-11T20:21:02,https://api.quant-aq.com/v1/devices/MOD-00623/data/562885982
292.91,739.19,"{'lat': None, 'lon': None}","{'rh': 75.7, 'temp': 10.4, 'wd': 0.0, 'ws': 0.0, 'ws_scalar': 0.0}","{'gas': {'co': 18148, 'co2': 13271, 'no': 18149, 'no2': 18150, 'o3': 18151}, 'pm': {'pm1': 17109, 'pm10': 17111, 'pm25': 17110}}",1.25,2.72,6.87,1.13,2.8,1.76,562886136,75.7,MOD-00623,10.4,2025-12-12T04:20:02,2025-12-11T20:20:02,https://api.quant-aq.com/v1/devices/MOD-00623/data/562885985
291.75,736.42,"{'lat': None, 'lon': None}","{'rh': 75.6, 'temp': 10.4, 'wd': 0.0, 'ws': 0.0, 'ws_scalar': 0.0}","{'gas': {'co': 18148, 'co2': 13271, 'no': 18149, 'no2': 18150, 'o3': 18151}, 'pm': {'pm1': 17109, 'pm10': 17111, 'pm25': 17110}}",2.35,2.55,7.91,1.16,4.55,1.62,562884038,75.6,MOD-00623,10.4,2025-12-12T04:19:02,2025-12-11T20:19:02,https://api.quant-aq.com/v1/devices/MOD-00623/data/562883887
306.66,737.74,"{'lat': None, 'lon': None}","{'rh': 75.4, 'temp': 10.4, 'wd': 0.0, 'ws': 0.0, 'ws_scalar': 0.0}","{'gas': {'co': 18148, 'co2': 13271, 'no': 18149, 'no2': 18150, 'o3': 18151}, 'pm': {'pm1': 17109, 'pm10': 17111, 'pm25': 17110}}",1.73,2.74,7.8,1.25,4.03,1.78,562884039,75.4,MOD-00623,10.4,2025-12-12T04:18:02,2025-12-11T20:18:02,https://api.quant-aq.com/v1/devices/MOD-00623/data/562883888
299.68,741.96,"{'lat': None, 'lon': None}","{'rh': 75.4, 'temp': 10.4, 'wd': 0.0, 'ws': 0.0, 'ws_scalar': 0.0}","{'gas': {'co': 18148, 'co2': 13271, 'no': 18149, 'no2': 18150, 'o3': 18151}, 'pm': {'pm1': 17109, 'pm10': 17111, 'pm25': 17110}}",1.26,2.25,7.72,1.18,4.1,2.01,562884037,75.4,MOD-00623,10.4,2025-12-12T04:17:02,2025-12-11T20:17:02,https://api.quant-aq.com/v1/devices/MOD-00623/data/562883886
286.63,739.19,"{'lat': None, 'lon': None}","{'rh': 75.3, 'temp': 10.4, 'wd': 0.0, 'ws': 0.0, 'ws_scalar': 0.0}","{'gas': {'co': 18148, 'co2': 13271, 'no': 18149, 'no2': 18150, 'o3': 18151}, 'pm': {'pm1': 17109, 'pm10': 17111, 'pm25': 17110}}",1.73,2.58,7.93,1.32,6.94,1.96,562884040,75.3,MOD-00623,10.4,2025-12-12T04:16:02,2025-12-11T20:16:02,https://api.quant-aq.com/v1/devices/MOD-00623/data/562883889
279.32,740.03,"{'lat': None, 'lon': None}","{'rh': 75.2, 'temp': 10.4, 'wd': 0.0, 'ws': 0.0, 'ws_scalar': 0.0}","{'gas': {'co': 18148, 'co2': 13271, 'no': 18149, 'no2': 18150, 'o3': 18151}, 'pm': {'pm1': 17109, 'pm10': 17111, 'pm25': 17110}}",1.42,2.27,8.19,1.56,7.11,2.22,562881919,75.2,MOD-00623,10.4,2025-12-12T04:15:02,2025-12-11T20:15:02,https://api.quant-aq.com/v1/devices/MOD-00623/data/562881768
281.91,737.02,"{'lat': None, 'lon': None}","{'rh': 75.6, 'temp': 10.4, 'wd': 0.0, 'ws': 0.0, 'ws_scalar': 0.0}","{'gas': {'co': 18148, 'co2': 13271, 'no': 18149, 'no2': 18150, 'o3': 18151}, 'pm': {'pm1': 17109, 'pm10': 17111, 'pm25': 17110}}",1.56,2.55,7.45,1.55,6.08,2.04,562881918,75.6,MOD-00623,10.4,2025-12-12T04:14:02,2025-12-11T20:14:02,https://api.quant-aq.com/v1/devices/MOD-00623/data/562881767
282.59,740.99,"{'lat': None, 'lon': None}","{'rh': 75.8, 'temp': 10.4, 'wd': 0.0, 'ws': 0.0, 'ws_scalar': 0.0}","{'gas': {'co': 18148, 'co2': 13271, 'no': 18149, 'no2': 18150, 'o3': 18151}, 'pm': {'pm1': 17109, 'pm10': 17111, 'pm25': 17110}}",0.93,2.54,7.44,1.35,5.28,2.04,562881920,75.8,MOD-00623,10.4,2025-12-12T04:13:02,2025-12-11T20:13:02,https://api.quant-aq.com/v1/devices/MOD-00623/data/562881769
308.98,738.95,"{'lat': None, 'lon': None}","{'rh': 75.6, 'temp': 10.4, 'wd': 0.0, 'ws': 0.0, 'ws_scalar': 0.0}","{'gas': {'co': 18148, 'co2': 13271, 'no': 18149, 'no2': 18150, 'o3': 18151}, 'pm': {'pm1': 17109, 'pm10': 17111, 'pm25': 17110}}",1.41,2.91,6.3,1.83,5.09,2.53,562881917,75.6,MOD-00623,10.4,2025-12-12T04:12:02,2025-12-11T20:12:02,https://api.quant-aq.com/v1/devices/MOD-00623/data/562881766
275.42,736.06,"{'lat': None, 'lon': None}","{'rh': 75.5, 'temp': 10.4, 'wd': 0.0, 'ws': 0.0, 'ws_scalar': 0.0}","{'gas': {'co': 18148, 'co2': 13271, 'no': 18149, 'no2': 18150, 'o3': 18151}, 'pm': {'pm1': 17109, 'pm10': 17111, 'pm25': 17110}}",1.88,2.56,7.92,1.93,11.11,2.7,562879843,75.5,MOD-00623,10.4,2025-12-12T04:11:02,2025-12-11T20:11:02,https://api.quant-aq.com/v1/devices/MOD-00623/data/562879692
300.84,737.38,"{'lat': None, 'lon': None}","{'rh': 75.5, 'temp': 10.4, 'wd': 0.0, 'ws': 0.0, 'ws_scalar': 0.0}","{'gas': {'co': 18148, 'co2': 13271, 'no': 18149, 'no2': 18150, 'o3': 18151}, 'pm': {'pm1': 17109, 'pm10': 17111, 'pm25': 17110}}",1.72,2.73,6.88,2.22,7.26,3.2,562879842,75.5,MOD-00623,10.4,2025-12-12T04:10:02,2025-12-11T20:10:02,https://api.quant-aq.com/v1/devices/MOD-00623/data/562879691
298.52,734.49,"{'lat': None, 'lon': None}","{'rh': 75.3, 'temp': 10.4, 'wd': 0.0, 'ws': 0.0, 'ws_scalar': 0.0}","{'gas': {'co': 18148, 'co2': 13271, 'no': 18149, 'no2': 18150, 'o3': 18151}, 'pm': {'pm1': 17109, 'pm10': 17111, 'pm25': 17110}}",1.26,2.11,8.3,1.78,3.69,2.79,562879845,75.3,MOD-00623,10.4,2025-12-12T04:09:02,2025-12-11T20:09:02,https://api.quant-aq.com/v1/devices/MOD-00623/data/562879694
284.3,737.62,"{'lat': None, 'lon': None}","{'rh': 75.7, 'temp': 10.4, 'wd': 0.0, 'ws': 0.0, 'ws_scalar': 0.0}","{'gas': {'co': 18148, 'co2': 13271, 'no': 18149, 'no2': 18150, 'o3': 18151}, 'pm': {'pm1': 17109, 'pm10': 17111, 'pm25': 17110}}",1.4,2.38,7.57,1.62,3.48,2.13,562879844,75.7,MOD-00623,10.4,2025-12-12T04:08:02,2025-12-11T20:08:02,https://api.quant-aq.com/v1/devices/MOD-00623/data/562879693
299.2,735.33,"{'lat': None, 'lon': None}","{'rh': 75.5, 'temp': 10.4, 'wd': 0.0, 'ws': 0.0, 'ws_scalar': 0.0}","{'gas': {'co': 18148, 'co2': 13271, 'no': 18149, 'no2': 18150, 'o3': 18151}, 'pm': {'pm1': 17109, 'pm10': 17111, 'pm25': 17110}}",1.57,2.73,6.88,1.61,9.41,2.19,562877719,75.5,MOD-00623,10.4,2025-12-12T04:07:02,2025-12-11T20:07:02,https://api.quant-aq.com/v1/devices/MOD-00623/data/562877568
285.54,737.74,"{'lat': None, 'lon': None}","{'rh': 75.1, 'temp': 10.4, 'wd': 0.0, 'ws': 0.0, 'ws_scalar': 0.0}","{'gas': {'co': 18148, 'co2': 13271, 'no': 18149, 'no2': 18150, 'o3': 18151}, 'pm': {'pm1': 17109, 'pm10': 17111, 'pm25': 17110}}",0.96,2.28,8.19,1.99,2.95,2.74,562877721,75.1,MOD-00623,10.4,2025-12-12T04:06:02,2025-12-11T20:06:02,https://api.quant-aq.com/v1/devices/MOD-00623/data/562877570
300.99,736.18,"{'lat': None, 'lon': None}","{'rh': 75.3, 'temp': 10.4, 'wd': 0.0, 'ws': 0.0, 'ws_scalar': 0.0}","{'gas': {'co': 18148, 'co2': 13271, 'no': 18149, 'no2': 18150, 'o3': 18151}, 'pm': {'pm1': 17109, 'pm10': 17111, 'pm25': 17110}}",1.42,2.58,6.11,1.89,4.58,2.77,562877720,75.3,MOD-00623,10.4,2025-12-12T04:05:02,2025-12-11T20:05:02,https://api.quant-aq.com/v1/devices/MOD-00623/data/562877569
318.55,741.48,"{'lat': None, 'lon': None}","{'rh': 75.4, 'temp': 10.4, 'wd': 0.0, 'ws': 0.0, 'ws_scalar': 0.0}","{'gas': {'co': 18148, 'co2': 13271, 'no': 18149, 'no2': 18150, 'o3': 18151}, 'pm': {'pm1': 17109, 'pm10': 17111, 'pm25': 17110}}",1.57,2.41,7.14,2.04,4.88,2.69,562877718,75.4,MOD-00623,10.4,2025-12-12T04:04:02,2025-12-11T20:04:02,https://api.quant-aq.com/v1/devices/MOD-00623/data/562877567
313.42,739.19,"{'lat': None, 'lon': None}","{'rh': 75.7, 'temp': 10.4, 'wd': 0.0, 'ws': 0.0, 'ws_scalar': 0.0}","{'gas': {'co': 18148, 'co2': 13271, 'no': 18149, 'no2': 18150, 'o3': 18151}, 'pm': {'pm1': 17109, 'pm10': 17111, 'pm25': 17110}}",1.87,2.23,7.24,2.41,4.46,2.92,562875689,75.7,MOD-00623,10.4,2025-12-12T04:03:02,2025-12-11T20:03:02,https://api.quant-aq.com/v1/devices/MOD-00623/data/562875538
313.69,739.67,"{'lat': None, 'lon': None}","{'rh': 75.9, 'temp': 10.4, 'wd': 0.0, 'ws': 0.0, 'ws_scalar': 0.0}","{'gas': {'co': 18148, 'co2': 13271, 'no': 18149, 'no2': 18150, 'o3': 18151}, 'pm': {'pm1': 17109, 'pm10': 17111, 'pm25': 17110}}",1.86,3.52,6.36,2.08,3.66,2.78,562875688,75.9,MOD-00623,10.4,2025-12-12T04:02:02,2025-12-11T20:02:02,https://api.quant-aq.com/v1/devices/MOD-00623/data/562875537
304.88,735.57,"{'lat': None, 'lon': None}","{'rh': 75.6, 'temp': 10.4, 'wd': 0.0, 'ws': 0.0, 'ws_scalar': 0.0}","{'gas': {'co': 18148, 'co2': 13271, 'no': 18149, 'no2': 18150, 'o3': 18151}, 'pm': {'pm1': 17109, 'pm10': 17111, 'pm25': 17110}}",2.03,2.91,6.3,1.9,10.4,2.75,562875690,75.6,MOD-00623,10.4,2025-12-12T04:01:02,2025-12-11T20:01:02,https://api.quant-aq.com/v1/devices/MOD-00623/data/562875540
303.16,740.51,"{'lat': None, 'lon': None}","{'rh': 75.7, 'temp': 10.4, 'wd': 0.0, 'ws': 0.0, 'ws_scalar': 0.0}","{'gas': {'co': 18148, 'co2': 13271, 'no': 18149, 'no2': 18150, 'o3': 18151}, 'pm': {'pm1': 17109, 'pm10': 17111, 'pm25': 17110}}",0.93,2.38,7.11,2.4,3.73,3.0,562875691,75.7,MOD-00623,10.4,2025-12-12T04:00:02,2025-12-11T20:00:02,https://api.quant-aq.com/v1/devices/MOD-00623/data/562875539
303.08,739.43,"{'lat': None, 'lon': None}","{'rh': 75.4, 'temp': 10.5, 'wd': 0.0, 'ws': 0.0, 'ws_scalar': 0.0}","{'gas': {'co': 18148, 'co2': 13271, 'no': 18149, 'no2': 18150, 'o3': 18151}, 'pm': {'pm1': 17109, 'pm10': 17111, 'pm25': 17110}}",1.35,2.58,7.46,2.51,4.25,3.05,562873582,75.4,MOD-00623,10.5,2025-12-12T03:59:02,2025-12-11T19:59:02,https://api.quant-aq.com/v1/devices/MOD-00623/data/562873430
321.87,742.8,"{'lat': None, 'lon': None}","{'rh': 75.5, 'temp': 10.5, 'wd': 0.0, 'ws': 0.0, 'ws_scalar': 0.0}","{'gas': {'co': 18148, 'co2': 13271, 'no': 18149, 'no2': 18150, 'o3': 18151}, 'pm': {'pm1': 17109, 'pm10': 17111, 'pm25': 17110}}",1.66,2.74,5.96,2.48,6.45,3.17,562873577,75.5,MOD-00623,10.5,2025-12-12T03:58:02,2025-12-11T19:58:02,https://api.quant-aq.com/v1/devices/MOD-00623/data/562873429
315.61,738.47,"{'lat': None, 'lon': None}","{'rh': 75.5, 'temp': 10.4, 'wd': 0.0, 'ws': 0.0, 'ws_scalar': 0.0}","{'gas': {'co': 18148, 'co2': 13271, 'no': 18149, 'no2': 18150, 'o3': 18151}, 'pm': {'pm1': 17109, 'pm10': 17111, 'pm25': 17110}}",1.41,2.91,6.3,2.38,4.56,2.94,562873576,75.5,MOD-00623,10.4,2025-12-12T03:57:02,2025-12-11T19:57:02,https://api.quant-aq.com/v1/devices/MOD-00623/data/562873425
296.58,736.66,"{'lat': None, 'lon': None}","{'rh': 75.3, 'temp': 10.5, 'wd': 0.0, 'ws': 0.0, 'ws_scalar': 0.0}","{'gas': {'co': 18148, 'co2': 13271, 'no': 18149, 'no2': 18150, 'o3': 18151}, 'pm': {'pm1': 17109, 'pm10': 17111, 'pm25': 17110}}",1.35,2.94,7.22,2.24,4.95,3.2,562873575,75.3,MOD-00623,10.5,2025-12-12T03:56:02,2025-12-11T19:56:02,https://api.quant-aq.com/v1/devices/MOD-00623/data/562873424
314.7,735.45,"{'lat': None, 'lon': None}","{'rh': 75.2, 'temp': 10.5, 'wd': 0.0, 'ws': 0.0, 'ws_scalar': 0.0}","{'gas': {'co': 18148, 'co2': 13271, 'no': 18149, 'no2': 18150, 'o3': 18151}, 'pm': {'pm1': 17109, 'pm10': 17111, 'pm25': 17110}}",1.51,2.77,6.89,2.08,6.26,2.73,562871450,75.2,MOD-00623,10.5,2025-12-12T03:55:02,2025-12-11T19:55:02,https://api.quant-aq.com/v1/devices/MOD-00623/data/562871299
307.04,738.1,"{'lat': None, 'lon': None}","{'rh': 75.6, 'temp': 10.5, 'wd': 0.0, 'ws': 0.0, 'ws_scalar': 0.0}","{'gas': {'co': 18148, 'co2': 13271, 'no': 18149, 'no2': 18150, 'o3': 18151}, 'pm': {'pm1': 17109, 'pm10': 17111, 'pm25': 17110}}",1.81,2.74,6.86,1.77,3.38,2.56,562871449,75.6,MOD-00623,10.5,2025-12-12T03:54:02,2025-12-11T19:54:02,https://api.quant-aq.com/v1/devices/MOD-00623/data/562871298
317.15,737.86,"{'lat': None, 'lon': None}","{'rh': 75.8, 'temp': 10.5, 'wd': 0.0, 'ws': 0.0, 'ws_scalar': 0.0}","{'gas': {'co': 18148, 'co2': 13271, 'no': 18149, 'no2': 18150, 'o3': 18151}, 'pm': {'pm1': 17109, 'pm10': 17111, 'pm25': 17110}}",1.8,3.54,7.27,1.55,10.65,2.27,562871448,75.8,MOD-00623,10.5,2025-12-12T03:53:02,2025-12-11T19:53:02,https://api.quant-aq.com/v1/devices/MOD-00623/data/562871297
310.86,737.14,"{'lat': None, 'lon': None}","{'rh': 76.0, 'temp': 10.5, 'wd': 0.0, 'ws': 0.0, 'ws_scalar': 0.0}","{'gas': {'co': 18148, 'co2': 13271, 'no': 18149, 'no2': 18150, 'o3': 18151}, 'pm': {'pm1': 17109, 'pm10': 17111, 'pm25': 17110}}",1.79,4.05,7.01,1.53,9.04,2.38,562871447,76.0,MOD-00623,10.5,2025-12-12T03:52:02,2025-12-11T19:52:02,https://api.quant-aq.com/v1/devices/MOD-00623/data/562871296
333.34,738.83,"{'lat': None, 'lon': None}","{'rh': 76.1, 'temp': 10.5, 'wd': 0.0, 'ws': 0.0, 'ws_scalar': 0.0}","{'gas': {'co': 18148, 'co2': 13271, 'no': 18149, 'no2': 18150, 'o3': 18151}, 'pm': {'pm1': 17109, 'pm10': 17111, 'pm25': 17110}}",1.48,5.39,6.96,1.95,5.41,2.63,562869329,76.1,MOD-00623,10.5,2025-12-12T03:51:02,2025-12-11T19:51:02,https://api.quant-aq.com/v1/devices/MOD-00623/data/562869178
316.94,738.35,"{'lat': None, 'lon': None}","{'rh': 76.1, 'temp': 10.5, 'wd': 0.0, 'ws': 0.0, 'ws_scalar': 0.0}","{'gas': {'co': 18148, 'co2': 13271, 'no': 18149, 'no2': 18150, 'o3': 18151}, 'pm': {'pm1': 17109, 'pm10': 17111, 'pm25': 17110}}",1.16,5.02,7.09,2.07,9.88,2.82,562869331,76.1,MOD-00623,10.5,2025-12-12T03:50:02,2025-12-11T19:50:02,https://api.quant-aq.com/v1/devices/MOD-00623/data/562869181
333.96,742.32,"{'lat': None, 'lon': None}","{'rh': 75.8, 'temp': 10.5, 'wd': 0.0, 'ws': 0.0, 'ws_scalar': 0.0}","{'gas': {'co': 18148, 'co2': 13271, 'no': 18149, 'no2': 18150, 'o3': 18151}, 'pm': {'pm1': 17109, 'pm10': 17111, 'pm25': 17110}}",1.8,5.41,6.53,1.64,4.14,2.18,562869330,75.8,MOD-00623,10.5,2025-12-12T03:49:02,2025-12-11T19:49:02,https://api.quant-aq.com/v1/devices/MOD-00623/data/562869179
322.42,739.67,"{'lat': None, 'lon': None}","{'rh': 75.3, 'temp': 10.5, 'wd': 0.0, 'ws': 0.0, 'ws_scalar': 0.0}","{'gas': {'co': 18148, 'co2': 13271, 'no': 18149, 'no2': 18150, 'o3': 18151}, 'pm': {'pm1': 17109, 'pm10': 17111, 'pm25': 17110}}",1.67,4.11,7.06,1.73,5.61,2.39,562869332,75.3,MOD-00623,10.5,2025-12-12T03:48:02,2025-12-11T19:48:02,https://api.quant-aq.com/v1/devices/MOD-00623/data/562869180
325.36,739.43,"{'lat': None, 'lon': None}","{'rh': 75.2, 'temp': 10.5, 'wd': 0.0, 'ws': 0.0, 'ws_scalar': 0.0}","{'gas': {'co': 18148, 'co2': 13271, 'no': 18149, 'no2': 18150, 'o3': 18151}, 'pm': {'pm1': 17109, 'pm10': 17111, 'pm25': 17110}}",1.98,3.15,8.01,1.6,6.78,2.3,562867253,75.2,MOD-00623,10.5,2025-12-12T03:47:02,2025-12-11T19:47:02,https://api.quant-aq.com/v1/devices/MOD-00623/data/562867101
330.48,743.4,"{'lat': None, 'lon': None}","{'rh': 75.5, 'temp': 10.5, 'wd': 0.0, 'ws': 0.0, 'ws_scalar': 0.0}","{'gas': {'co': 18148, 'co2': 13271, 'no': 18149, 'no2': 18150, 'o3': 18151}, 'pm': {'pm1': 17109, 'pm10': 17111, 'pm25': 17110}}",2.3,2.93,7.66,1.9,11.25,2.52,562867252,75.5,MOD-00623,10.5,2025-12-12T03:46:02,2025-12-11T19:46:02,https://api.quant-aq.com/v1/devices/MOD-00623/data/562867102
315.78,741.96,"{'lat': None, 'lon': None}","{'rh': 76.0, 'temp': 10.5, 'wd': 0.0, 'ws': 0.0, 'ws_scalar': 0.0}","{'gas': {'co': 18148, 'co2': 13271, 'no': 18149, 'no2': 18150, 'o3': 18151}, 'pm': {'pm1': 17109, 'pm10': 17111, 'pm25': 17110}}",1.48,3.3,8.29,2.04,4.86,2.8,562867254,76.0,MOD-00623,10.5,2025-12-12T03:45:02,2025-12-11T19:45:02,https://api.quant-aq.com/v1/devices/MOD-00623/data/562867103
323.44,740.63,"{'lat': None, 'lon': None}","{'rh': 75.6, 'temp': 10.5, 'wd': 0.0, 'ws': 0.0, 'ws_scalar': 0.0}","{'gas': {'co': 18148, 'co2': 13271, 'no': 18149, 'no2': 18150, 'o3': 18151}, 'pm': {'pm1': 17109, 'pm10': 17111, 'pm25': 17110}}",1.5,3.56,8.19,1.81,2.61,2.52,562867255,75.6,MOD-00623,10.5,2025-12-12T03:44:02,2025-12-11T19:44:02,https://api.quant-aq.com/v1/devices/MOD-00623/data/562867104
311.75,741.12,"{'lat': None, 'lon': None}","{'rh': 75.9, 'temp': 10.5, 'wd': 0.0, 'ws': 0.0, 'ws_scalar': 0.0}","{'gas': {'co': 18148, 'co2': 13271, 'no': 18149, 'no2': 18150, 'o3': 18151}, 'pm': {'pm1': 17109, 'pm10': 17111, 'pm25': 17110}}",0.7,2.89,8.09,1.83,4.54,2.37,562865187,75.9,MOD-00623,10.5,2025-12-12T03:43:02,2025-12-11T19:43:02,https://api.quant-aq.com/v1/devices/MOD-00623/data/562865036
324.88,745.21,"{'lat': None, 'lon': None}","{'rh': 75.3, 'temp': 10.5, 'wd': 0.0, 'ws': 0.0, 'ws_scalar': 0.0}","{'gas': {'co': 18148, 'co2': 13271, 'no': 18149, 'no2': 18150, 'o3': 18151}, 'pm': {'pm1': 17109, 'pm10': 17111, 'pm25': 17110}}",1.98,3.58,8.67,2.29,4.64,3.15,562865190,75.3,MOD-00623,10.5,2025-12-12T03:42:02,2025-12-11T19:42:02,https://api.quant-aq.com/v1/devices/MOD-00623/data/562865038
314.63,742.2,"{'lat': None, 'lon': None}","{'rh': 75.3, 'temp': 10.5, 'wd': 0.0, 'ws': 0.0, 'ws_scalar': 0.0}","{'gas': {'co': 18148, 'co2': 13271, 'no': 18149, 'no2': 18150, 'o3': 18151}, 'pm': {'pm1': 17109, 'pm10': 17111, 'pm25': 17110}}",1.67,3.58,8.22,2.21,8.91,2.71,562865188,75.3,MOD-00623,10.5,2025-12-12T03:41:02,2025-12-11T19:41:02,https://api.quant-aq.com/v1/devices/MOD-00623/data/562865039
302.52,736.3,"{'lat': None, 'lon': None}","{'rh': 75.6, 'temp': 10.5, 'wd': 0.0, 'ws': 0.0, 'ws_scalar': 0.0}","{'gas': {'co': 18148, 'co2': 13271, 'no': 18149, 'no2': 18150, 'o3': 18151}, 'pm': {'pm1': 17109, 'pm10': 17111, 'pm25': 17110}}",1.97,2.74,8.23,1.8,4.77,2.48,562865189,75.6,MOD-00623,10.5,2025-12-12T03:40:02,2025-12-11T19:40:02,https://api.quant-aq.com/v1/devices/MOD-00623/data/562865037
338.94,741.6,"{'lat': None, 'lon': None}","{'rh': 76.3, 'temp': 10.5, 'wd': 0.0, 'ws': 0.0, 'ws_scalar': 0.0}","{'gas': {'co': 18148, 'co2': 13271, 'no': 18149, 'no2': 18150, 'o3': 18151}, 'pm': {'pm1': 17109, 'pm10': 17111, 'pm25': 17110}}",2.47,3.06,7.48,1.54,5.91,2.09,562863068,76.3,MOD-00623,10.5,2025-12-12T03:39:02,2025-12-11T19:39:02,https://api.quant-aq.com/v1/devices/MOD-00623/data/562862917
330.53,750.39,"{'lat': None, 'lon': None}","{'rh': 76.6, 'temp': 10.5, 'wd': 0.0, 'ws': 0.0, 'ws_scalar': 0.0}","{'gas': {'co': 18148, 'co2': 13271, 'no': 18149, 'no2': 18150, 'o3': 18151}, 'pm': {'pm1': 17109, 'pm10': 17111, 'pm25': 17110}}",1.14,5.77,6.8,1.88,6.38,2.76,562863066,76.6,MOD-00623,10.5,2025-12-12T03:38:02,2025-12-11T19:38:02,https://api.quant-aq.com/v1/devices/MOD-00623/data/562862915
325.96,745.69,"{'lat': None, 'lon': None}","{'rh': 76.1, 'temp': 10.5, 'wd': 0.0, 'ws': 0.0, 'ws_scalar': 0.0}","{'gas': {'co': 18148, 'co2': 13271, 'no': 18149, 'no2': 18150, 'o3': 18151}, 'pm': {'pm1': 17109, 'pm10': 17111, 'pm25': 17110}}",2.1,4.05,7.91,1.52,5.66,2.22,562863067,76.1,MOD-00623,10.5,2025-12-12T03:37:02,2025-12-11T19:37:02,https://api.quant-aq.com/v1/devices/MOD-00623/data/562862916
322.21,744.61,"{'lat': None, 'lon': None}","{'rh': 75.6, 'temp': 10.5, 'wd': 0.0, 'ws': 0.0, 'ws_scalar': 0.0}","{'gas': {'co': 18148, 'co2': 13271, 'no': 18149, 'no2': 18150, 'o3': 18151}, 'pm': {'pm1': 17109, 'pm10': 17111, 'pm25': 17110}}",1.03,3.33,6.95,1.97,4.28,2.65,562863069,75.6,MOD-00623,10.5,2025-12-12T03:36:02,2025-12-11T19:36:02,https://api.quant-aq.com/v1/devices/MOD-00623/data/562862918
320.91,742.68,"{'lat': None, 'lon': None}","{'rh': 75.7, 'temp': 10.5, 'wd': 0.0, 'ws': 0.0, 'ws_scalar': 0.0}","{'gas': {'co': 18148, 'co2': 13271, 'no': 18149, 'no2': 18150, 'o3': 18151}, 'pm': {'pm1': 17109, 'pm10': 17111, 'pm25': 17110}}",2.12,3.32,7.85,1.75,10.36,2.37,562860955,75.7,MOD-00623,10.5,2025-12-12T03:35:02,2025-12-11T19:35:02,https://api.quant-aq.com/v1/devices/MOD-00623/data/562860805
323.37,738.95,"{'lat': None, 'lon': None}","{'rh': 75.7, 'temp': 10.5, 'wd': 0.0, 'ws': 0.0, 'ws_scalar': 0.0}","{'gas': {'co': 18148, 'co2': 13271, 'no': 18149, 'no2': 18150, 'o3': 18151}, 'pm': {'pm1': 17109, 'pm10': 17111, 'pm25': 17110}}",1.96,3.55,7.73,2.29,6.37,3.11,562860956,75.7,MOD-00623,10.5,2025-12-12T03:34:02,2025-12-11T19:34:02,https://api.quant-aq.com/v1/devices/MOD-00623/data/562860803
321.18,739.91,"{'lat': None, 'lon': None}","{'rh': 75.9, 'temp': 10.5, 'wd': 0.0, 'ws': 0.0, 'ws_scalar': 0.0}","{'gas': {'co': 18148, 'co2': 13271, 'no': 18149, 'no2': 18150, 'o3': 18151}, 'pm': {'pm1': 17109, 'pm10': 17111, 'pm25': 17110}}",2.85,3.3,6.93,1.75,6.89,2.63,562860953,75.9,MOD-00623,10.5,2025-12-12T03:33:02,2025-12-11T19:33:02,https://api.quant-aq.com/v1/devices/MOD-00623/data/562860804
325.35,740.39,"{'lat': None, 'lon': None}","{'rh': 75.8, 'temp': 10.5, 'wd': 0.0, 'ws': 0.0, 'ws_scalar': 0.0}","{'gas': {'co': 18148, 'co2': 13271, 'no': 18149, 'no2': 18150, 'o3': 18151}, 'pm': {'pm1': 17109, 'pm10': 17111, 'pm25': 17110}}",2.12,3.8,6.23,1.55,4.07,2.37,562860954,75.8,MOD-00623,10.5,2025-12-12T03:32:02,2025-12-11T19:32:02,https://api.quant-aq.com/v1/devices/MOD-00623/data/562860799
323.43,740.87,"{'lat': None, 'lon': None}","{'rh': 76.2, 'temp': 10.5, 'wd': 0.0, 'ws': 0.0, 'ws_scalar': 0.0}","{'gas': {'co': 18148, 'co2': 13271, 'no': 18149, 'no2': 18150, 'o3': 18151}, 'pm': {'pm1': 17109, 'pm10': 17111, 'pm25': 17110}}",1.32,3.28,6.45,1.84,3.52,2.39,562858845,76.2,MOD-00623,10.5,2025-12-12T03:31:02,2025-12-11T19:31:02,https://api.quant-aq.com/v1/devices/MOD-00623/data/562858694
333.34,741.84,"{'lat': None, 'lon': None}","{'rh': 76.1, 'temp': 10.5, 'wd': 0.0, 'ws': 0.0, 'ws_scalar': 0.0}","{'gas': {'co': 18148, 'co2': 13271, 'no': 18149, 'no2': 18150, 'o3': 18151}, 'pm': {'pm1': 17109, 'pm10': 17111, 'pm25': 17110}}",1.79,3.77,7.12,2.2,6.19,2.76,562858848,76.1,MOD-00623,10.5,2025-12-12T03:30:02,2025-12-11T19:30:02,https://api.quant-aq.com/v1/devices/MOD-00623/data/562858696
316.94,739.07,"{'lat': None, 'lon': None}","{'rh': 76.1, 'temp': 10.5, 'wd': 0.0, 'ws': 0.0, 'ws_scalar': 0.0}","{'gas': {'co': 18148, 'co2': 13271, 'no': 18149, 'no2': 18150, 'o3': 18151}, 'pm': {'pm1': 17109, 'pm10': 17111, 'pm25': 17110}}",1.16,3.52,7.25,1.71,6.46,2.2,562858847,76.1,MOD-00623,10.5,2025-12-12T03:29:02,2025-12-11T19:29:02,https://api.quant-aq.com/v1/devices/MOD-00623/data/562858697
318.85,742.56,"{'lat': None, 'lon': None}","{'rh': 76.3, 'temp': 10.5, 'wd': 0.0, 'ws': 0.0, 'ws_scalar': 0.0}","{'gas': {'co': 18148, 'co2': 13271, 'no': 18149, 'no2': 18150, 'o3': 18151}, 'pm': {'pm1': 17109, 'pm10': 17111, 'pm25': 17110}}",2.65,3.5,5.86,1.99,4.44,2.78,562858846,76.3,MOD-00623,10.5,2025-12-12T03:28:02,2025-12-11T19:28:02,https://api.quant-aq.com/v1/devices/MOD-00623/data/562858695
320.69,740.27,"{'lat': None, 'lon': None}","{'rh': 76.6, 'temp': 10.5, 'wd': 0.0, 'ws': 0.0, 'ws_scalar': 0.0}","{'gas': {'co': 18148, 'co2': 13271, 'no': 18149, 'no2': 18150, 'o3': 18151}, 'pm': {'pm1': 17109, 'pm10': 17111, 'pm25': 17110}}",3.07,3.25,7.33,1.83,12.26,2.48,562856718,76.6,MOD-00623,10.5,2025-12-12T03:27:02,2025-12-11T19:27:02,https://api.quant-aq.com/v1/devices/MOD-00623/data/562856567
317.82,744.01,"{'lat': None, 'lon': None}","{'rh': 76.6, 'temp': 10.5, 'wd': 0.0, 'ws': 0.0, 'ws_scalar': 0.0}","{'gas': {'co': 18148, 'co2': 13271, 'no': 18149, 'no2': 18150, 'o3': 18151}, 'pm': {'pm1': 17109, 'pm10': 17111, 'pm25': 17110}}",3.07,3.25,7.33,1.65,8.67,2.58,562856719,76.6,MOD-00623,10.5,2025-12-12T03:26:02,2025-12-11T19:26:02,https://api.quant-aq.com/v1/devices/MOD-00623/data/562856568
321.17,745.69,"{'lat': None, 'lon': None}","{'rh': 76.5, 'temp': 10.5, 'wd': 0.0, 'ws': 0.0, 'ws_scalar': 0.0}","{'gas': {'co': 18148, 'co2': 13271, 'no': 18149, 'no2': 18150, 'o3': 18151}, 'pm': {'pm1': 17109, 'pm10': 17111, 'pm25': 17110}}",2.65,3.49,6.76,1.54,7.06,2.48,562856717,76.5,MOD-00623,10.5,2025-12-12T03:25:02,2025-12-11T19:25:02,https://api.quant-aq.com/v1/devices/MOD-00623/data/562856566
345.15,745.69,"{'lat': None, 'lon': None}","{'rh': 76.8, 'temp': 10.5, 'wd': 0.0, 'ws': 0.0, 'ws_scalar': 0.0}","{'gas': {'co': 18148, 'co2': 13271, 'no': 18149, 'no2': 18150, 'o3': 18151}, 'pm': {'pm1': 17109, 'pm10': 17111, 'pm25': 17110}}",2.46,4.29,5.45,1.4,5.07,2.15,562856716,76.8,MOD-00623,10.5,2025-12-12T03:24:02,2025-12-11T19:24:02,https://api.quant-aq.com/v1/devices/MOD-00623/data/562856565
338.8,741.6,"{'lat': None, 'lon': None}","{'rh': 76.5, 'temp': 10.5, 'wd': 0.0, 'ws': 0.0, 'ws_scalar': 0.0}","{'gas': {'co': 18148, 'co2': 13271, 'no': 18149, 'no2': 18150, 'o3': 18151}, 'pm': {'pm1': 17109, 'pm10': 17111, 'pm25': 17110}}",3.85,3.74,5.72,1.59,3.44,2.41,562854679,76.5,MOD-00623,10.5,2025-12-12T03:23:02,2025-12-11T19:23:02,https://api.quant-aq.com/v1/devices/MOD-00623/data/562854528
342.28,747.38,"{'lat': None, 'lon': None}","{'rh': 76.8, 'temp': 10.5, 'wd': 0.0, 'ws': 0.0, 'ws_scalar': 0.0}","{'gas': {'co': 18148, 'co2': 13271, 'no': 18149, 'no2': 18150, 'o3': 18151}, 'pm': {'pm1': 17109, 'pm10': 17111, 'pm25': 17110}}",3.06,3.72,6.16,1.14,10.76,1.8,562854678,76.8,MOD-00623,10.5,2025-12-12T03:22:02,2025-12-11T19:22:02,https://api.quant-aq.com/v1/devices/MOD-00623/data/562854526
329.09,748.82,"{'lat': None, 'lon': None}","{'rh': 76.9, 'temp': 10.5, 'wd': 0.0, 'ws': 0.0, 'ws_scalar': 0.0}","{'gas': {'co': 18148, 'co2': 13271, 'no': 18149, 'no2': 18150, 'o3': 18151}, 'pm': {'pm1': 17109, 'pm10': 17111, 'pm25': 17110}}",2.83,4.29,4.54,1.59,7.23,2.14,562854677,76.9,MOD-00623,10.5,2025-12-12T03:21:02,2025-12-11T19:21:02,https://api.quant-aq.com/v1/devices/MOD-00623/data/562854527
326.09,747.74,"{'lat': None, 'lon': None}","{'rh': 76.5, 'temp': 10.5, 'wd': 0.0, 'ws': 0.0, 'ws_scalar': 0.0}","{'gas': {'co': 18148, 'co2': 13271, 'no': 18149, 'no2': 18150, 'o3': 18151}, 'pm': {'pm1': 17109, 'pm10': 17111, 'pm25': 17110}}",3.85,4.32,5.48,1.54,16.36,2.27,562854676,76.5,MOD-00623,10.5,2025-12-12T03:20:02,2025-12-11T19:20:02,https://api.quant-aq.com/v1/devices/MOD-00623/data/562854525
325.07,746.17,"{'lat': None, 'lon': None}","{'rh': 76.2, 'temp': 10.5, 'wd': 0.0, 'ws': 0.0, 'ws_scalar': 0.0}","{'gas': {'co': 18148, 'co2': 13271, 'no': 18149, 'no2': 18150, 'o3': 18151}, 'pm': {'pm1': 17109, 'pm10': 17111, 'pm25': 17110}}",4.9,3.76,5.29,1.59,3.38,1.94,562852501,76.2,MOD-00623,10.5,2025-12-12T03:19:02,2025-12-11T19:19:02,https://api.quant-aq.com/v1/devices/MOD-00623/data/562852351
310.79,747.86,"{'lat': None, 'lon': None}","{'rh': 76.1, 'temp': 10.5, 'wd': 0.0, 'ws': 0.0, 'ws_scalar': 0.0}","{'gas': {'co': 18148, 'co2': 13271, 'no': 18149, 'no2': 18150, 'o3': 18151}, 'pm': {'pm1': 17109, 'pm10': 17111, 'pm25': 17110}}",2.84,3.07,7.49,1.52,11.82,2.05,562852502,76.1,MOD-00623,10.5,2025-12-12T03:18:02,2025-12-11T19:18:02,https://api.quant-aq.com/v1/devices/MOD-00623/data/562852350
307.5,743.16,"{'lat': None, 'lon': None}","{'rh': 76.1, 'temp': 10.5, 'wd': 0.0, 'ws': 0.0, 'ws_scalar': 0.0}","{'gas': {'co': 18148, 'co2': 13271, 'no': 18149, 'no2': 18150, 'o3': 18151}, 'pm': {'pm1': 17109, 'pm10': 17111, 'pm25': 17110}}",1.48,3.07,6.12,1.22,3.54,1.85,562852499,76.1,MOD-00623,10.5,2025-12-12T03:17:02,2025-12-11T19:17:02,https://api.quant-aq.com/v1/devices/MOD-00623/data/562852348
316.87,739.19,"{'lat': None, 'lon': None}","{'rh': 76.2, 'temp': 10.5, 'wd': 0.0, 'ws': 0.0, 'ws_scalar': 0.0}","{'gas': {'co': 18148, 'co2': 13271, 'no': 18149, 'no2': 18150, 'o3': 18151}, 'pm': {'pm1': 17109, 'pm10': 17111, 'pm25': 17110}}",1.79,2.87,7.61,1.39,5.87,2.11,562852500,76.2,MOD-00623,10.5,2025-12-12T03:16:02,2025-12-11T19:16:02,https://api.quant-aq.com/v1/devices/MOD-00623/data/562852349
291.17,740.51,"{'lat': None, 'lon': None}","{'rh': 76.0, 'temp': 10.5, 'wd': 0.0, 'ws': 0.0, 'ws_scalar': 0.0}","{'gas': {'co': 18148, 'co2': 13271, 'no': 18149, 'no2': 18150, 'o3': 18151}, 'pm': {'pm1': 17109, 'pm10': 17111, 'pm25': 17110}}",0.7,2.7,7.75,1.36,3.31,2.09,562850436,76.0,MOD-00623,10.5,2025-12-12T03:15:02,2025-12-11T19:15:02,https://api.quant-aq.com/v1/devices/MOD-00623/data/562850285
294.18,739.55,"{'lat': None, 'lon': None}","{'rh': 75.8, 'temp': 10.5, 'wd': 0.0, 'ws': 0.0, 'ws_scalar': 0.0}","{'gas': {'co': 18148, 'co2': 13271, 'no': 18149, 'no2': 18150, 'o3': 18151}, 'pm': {'pm1': 17109, 'pm10': 17111, 'pm25': 17110}}",1.33,2.55,7.43,1.64,3.18,2.45,562850437,75.8,MOD-00623,10.5,2025-12-12T03:14:02,2025-12-11T19:14:02,https://api.quant-aq.com/v1/devices/MOD-00623/data/562850286
306.56,737.62,"{'lat': None, 'lon': None}","{'rh': 75.7, 'temp': 10.5, 'wd': 0.0, 'ws': 0.0, 'ws_scalar': 0.0}","{'gas': {'co': 18148, 'co2': 13271, 'no': 18149, 'no2': 18150, 'o3': 18151}, 'pm': {'pm1': 17109, 'pm10': 17111, 'pm25': 17110}}",1.49,2.56,8.35,1.5,2.12,1.96,562850438,75.7,MOD-00623,10.5,2025-12-12T03:13:02,2025-12-11T19:13:02,https://api.quant-aq.com/v1/devices/MOD-00623/data/562850287
323.23,741.96,"{'lat': None, 'lon': None}","{'rh': 75.9, 'temp': 10.5, 'wd': 0.0, 'ws': 0.0, 'ws_scalar': 0.0}","{'gas': {'co': 18148, 'co2': 13271, 'no': 18149, 'no2': 18150, 'o3': 18151}, 'pm': {'pm1': 17109, 'pm10': 17111, 'pm25': 17110}}",2.29,2.71,7.3,1.28,3.62,2.25,562850439,75.9,MOD-00623,10.5,2025-12-12T03:12:02,2025-12-11T19:12:02,https://api.quant-aq.com/v1/devices/MOD-00623/data/562850288
321.31,740.27,"{'lat': None, 'lon': None}","{'rh': 76.3, 'temp': 10.5, 'wd': 0.0, 'ws': 0.0, 'ws_scalar': 0.0}","{'gas': {'co': 18148, 'co2': 13271, 'no': 18149, 'no2': 18150, 'o3': 18151}, 'pm': {'pm1': 17109, 'pm10': 17111, 'pm25': 17110}}",2.47,2.68,6.81,1.49,10.57,2.24,562848309,76.3,MOD-00623,10.5,2025-12-12T03:11:02,2025-12-11T19:11:02,https://api.quant-aq.com/v1/devices/MOD-00623/data/562848158
325.48,745.33,"{'lat': None, 'lon': None}","{'rh': 76.2, 'temp': 10.5, 'wd': 0.0, 'ws': 0.0, 'ws_scalar': 0.0}","{'gas': {'co': 18148, 'co2': 13271, 'no': 18149, 'no2': 18150, 'o3': 18151}, 'pm': {'pm1': 17109, 'pm10': 17111, 'pm25': 17110}}",2.84,3.28,6.9,1.63,28.9,2.48,562848307,76.2,MOD-00623,10.5,2025-12-12T03:10:02,2025-12-11T19:10:02,https://api.quant-aq.com/v1/devices/MOD-00623/data/562848157
315.23,744.49,"{'lat': None, 'lon': None}","{'rh': 76.2, 'temp': 10.5, 'wd': 0.0, 'ws': 0.0, 'ws_scalar': 0.0}","{'gas': {'co': 18148, 'co2': 13271, 'no': 18149, 'no2': 18150, 'o3': 18151}, 'pm': {'pm1': 17109, 'pm10': 17111, 'pm25': 17110}}",3.6,2.87,5.78,1.43,3.13,1.98,562848308,76.2,MOD-00623,10.5,2025-12-12T03:09:02,2025-12-11T19:09:02,https://api.quant-aq.com/v1/devices/MOD-00623/data/562848156
317.33,750.03,"{'lat': None, 'lon': None}","{'rh': 76.7, 'temp': 10.5, 'wd': 0.0, 'ws': 0.0, 'ws_scalar': 0.0}","{'gas': {'co': 18148, 'co2': 13271, 'no': 18149, 'no2': 18150, 'o3': 18151}, 'pm': {'pm1': 17109, 'pm10': 17111, 'pm25': 17110}}",3.58,3.02,5.62,1.41,7.32,2.15,562848306,76.7,MOD-00623,10.5,2025-12-12T03:08:02,2025-12-11T19:08:02,https://api.quant-aq.com/v1/devices/MOD-00623/data/562848155
340.91,743.89,"{'lat': None, 'lon': None}","{'rh': 77.0, 'temp': 10.5, 'wd': 0.0, 'ws': 0.0, 'ws_scalar': 0.0}","{'gas': {'co': 18148, 'co2': 13271, 'no': 18149, 'no2': 18150, 'o3': 18151}, 'pm': {'pm1': 17109, 'pm10': 17111, 'pm25': 17110}}",4.87,3.7,5.69,1.32,6.38,1.97,562846170,77.0,MOD-00623,10.5,2025-12-12T03:07:02,2025-12-11T19:07:02,https://api.quant-aq.com/v1/devices/MOD-00623/data/562846019
335.72,747.38,"{'lat': None, 'lon': None}","{'rh': 76.8, 'temp': 10.5, 'wd': 0.0, 'ws': 0.0, 'ws_scalar': 0.0}","{'gas': {'co': 18148, 'co2': 13271, 'no': 18149, 'no2': 18150, 'o3': 18151}, 'pm': {'pm1': 17109, 'pm10': 17111, 'pm25': 17110}}",4.62,3.72,5.7,1.34,8.39,1.91,562846171,76.8,MOD-00623,10.5,2025-12-12T03:06:02,2025-12-11T19:06:02,https://api.quant-aq.com/v1/devices/MOD-00623/data/562846020
334.97,746.9,"{'lat': None, 'lon': None}","{'rh': 76.7, 'temp': 10.5, 'wd': 0.0, 'ws': 0.0, 'ws_scalar': 0.0}","{'gas': {'co': 18148, 'co2': 13271, 'no': 18149, 'no2': 18150, 'o3': 18151}, 'pm': {'pm1': 17109, 'pm10': 17111, 'pm25': 17110}}",6.2,3.02,4.71,1.23,3.64,1.98,562846169,76.7,MOD-00623,10.5,2025-12-12T03:05:02,2025-12-11T19:05:02,https://api.quant-aq.com/v1/devices/MOD-00623/data/562846018
362.58,747.86,"{'lat': None, 'lon': None}","{'rh': 77.1, 'temp': 10.5, 'wd': 0.0, 'ws': 0.0, 'ws_scalar': 0.0}","{'gas': {'co': 18148, 'co2': 13271, 'no': 18149, 'no2': 18150, 'o3': 18151}, 'pm': {'pm1': 17109, 'pm10': 17111, 'pm25': 17110}}",7.98,3.69,5.68,1.73,6.79,2.44,562846172,77.1,MOD-00623,10.5,2025-12-12T03:04:02,2025-12-11T19:04:02,https://api.quant-aq.com/v1/devices/MOD-00623/data/562846021
346.31,742.8,"{'lat': None, 'lon': None}","{'rh': 76.9, 'temp': 10.5, 'wd': 0.0, 'ws': 0.0, 'ws_scalar': 0.0}","{'gas': {'co': 18148, 'co2': 13271, 'no': 18149, 'no2': 18150, 'o3': 18151}, 'pm': {'pm1': 17109, 'pm10': 17111, 'pm25': 17110}}",7.62,4.61,4.41,1.61,2.76,2.34,562844132,76.9,MOD-00623,10.5,2025-12-12T03:03:02,2025-12-11T19:03:02,https://api.quant-aq.com/v1/devices/MOD-00623/data/562843981
377.69,747.38,"{'lat': None, 'lon': None}","{'rh': 76.6, 'temp': 10.5, 'wd': 0.0, 'ws': 0.0, 'ws_scalar': 0.0}","{'gas': {'co': 18148, 'co2': 13271, 'no': 18149, 'no2': 18150, 'o3': 18151}, 'pm': {'pm1': 17109, 'pm10': 17111, 'pm25': 17110}}",10.84,3.25,5.96,1.82,6.2,2.41,562844133,76.6,MOD-00623,10.5,2025-12-12T03:02:02,2025-12-11T19:02:02,https://api.quant-aq.com/v1/devices/MOD-00623/data/562843982
381.31,746.9,"{'lat': None, 'lon': None}","{'rh': 76.7, 'temp': 10.5, 'wd': 0.0, 'ws': 0.0, 'ws_scalar': 0.0}","{'gas': {'co': 18148, 'co2': 13271, 'no': 18149, 'no2': 18150, 'o3': 18151}, 'pm': {'pm1': 17109, 'pm10': 17111, 'pm25': 17110}}",13.34,2.83,5.75,1.51,10.18,2.32,562844135,76.7,MOD-00623,10.5,2025-12-12T03:01:02,2025-12-11T19:01:02,https://api.quant-aq.com/v1/devices/MOD-00623/data/562843984
374.82,750.63,"{'lat': None, 'lon': None}","{'rh': 76.6, 'temp': 10.5, 'wd': 0.0, 'ws': 0.0, 'ws_scalar': 0.0}","{'gas': {'co': 18148, 'co2': 13271, 'no': 18149, 'no2': 18150, 'o3': 18151}, 'pm': {'pm1': 17109, 'pm10': 17111, 'pm25': 17110}}",8.7,3.03,5.63,1.4,13.63,2.19,562844134,76.6,MOD-00623,10.5,2025-12-12T03:00:02,2025-12-11T19:00:02,https://api.quant-aq.com/v1/devices/MOD-00623/data/562843983
361.29,751.11,"{'lat': None, 'lon': None}","{'rh': 76.6, 'temp': 10.5, 'wd': 0.0, 'ws': 0.0, 'ws_scalar': 0.0}","{'gas': {'co': 18148, 'co2': 13271, 'no': 18149, 'no2': 18150, 'o3': 18151}, 'pm': {'pm1': 17109, 'pm10': 17111, 'pm25': 17110}}",15.13,3.25,4.14,1.44,3.73,2.55,562841965,76.6,MOD-00623,10.5,2025-12-12T02:59:02,2025-12-11T18:59:02,https://api.quant-aq.com/v1/devices/MOD-00623/data/562841814
326.98,746.41,"{'lat': None, 'lon': None}","{'rh': 76.4, 'temp': 10.5, 'wd': 0.0, 'ws': 0.0, 'ws_scalar': 0.0}","{'gas': {'co': 18148, 'co2': 13271, 'no': 18149, 'no2': 18150, 'o3': 18151}, 'pm': {'pm1': 17109, 'pm10': 17111, 'pm25': 17110}}",3.59,3.5,4.94,1.24,5.11,2.26,562841962,76.4,MOD-00623,10.5,2025-12-12T02:58:02,2025-12-11T18:58:02,https://api.quant-aq.com/v1/devices/MOD-00623/data/562841812
344.72,746.78,"{'lat': None, 'lon': None}","{'rh': 76.4, 'temp': 10.6, 'wd': 0.0, 'ws': 0.0, 'ws_scalar': 0.0}","{'gas': {'co': 18148, 'co2': 13271, 'no': 18149, 'no2': 18150, 'o3': 18151}, 'pm': {'pm1': 17109, 'pm10': 17111, 'pm25': 17110}}",3.31,3.76,5.72,1.72,6.23,2.96,562841957,76.4,MOD-00623,10.6,2025-12-12T02:57:02,2025-12-11T18:57:02,https://api.quant-aq.com/v1/devices/MOD-00623/data/562841806
314.19,746.05,"{'lat': None, 'lon': None}","{'rh': 76.5, 'temp': 10.5, 'wd': 0.0, 'ws': 0.0, 'ws_scalar': 0.0}","{'gas': {'co': 18148, 'co2': 13271, 'no': 18149, 'no2': 18150, 'o3': 18151}, 'pm': {'pm1': 17109, 'pm10': 17111, 'pm25': 17110}}",2.47,3.04,5.18,1.85,11.63,3.23,562841955,76.5,MOD-00623,10.5,2025-12-12T02:56:02,2025-12-11T18:56:02,https://api.quant-aq.com/v1/devices/MOD-00623/data/562841804
316.58,745.81,"{'lat': None, 'lon': None}","{'rh': 76.6, 'temp': 10.5, 'wd': 0.0, 'ws': 0.0, 'ws_scalar': 0.0}","{'gas': {'co': 18148, 'co2': 13271, 'no': 18149, 'no2': 18150, 'o3': 18151}, 'pm': {'pm1': 17109, 'pm10': 17111, 'pm25': 17110}}",2.09,3.03,6.54,2.0,6.79,3.11,562839834,76.6,MOD-00623,10.5,2025-12-12T02:55:02,2025-12-11T18:55:02,https://api.quant-aq.com/v1/devices/MOD-00623/data/562839682
317.25,748.7,"{'lat': None, 'lon': None}","{'rh': 76.4, 'temp': 10.6, 'wd': 0.0, 'ws': 0.0, 'ws_scalar': 0.0}","{'gas': {'co': 18148, 'co2': 13271, 'no': 18149, 'no2': 18150, 'o3': 18151}, 'pm': {'pm1': 17109, 'pm10': 17111, 'pm25': 17110}}",3.31,3.51,5.39,1.84,5.24,2.56,562839833,76.4,MOD-00623,10.6,2025-12-12T02:54:02,2025-12-11T18:54:02,https://api.quant-aq.com/v1/devices/MOD-00623/data/562839683
318.48,746.17,"{'lat': None, 'lon': None}","{'rh': 76.4, 'temp': 10.6, 'wd': 0.0, 'ws': 0.0, 'ws_scalar': 0.0}","{'gas': {'co': 18148, 'co2': 13271, 'no': 18149, 'no2': 18150, 'o3': 18151}, 'pm': {'pm1': 17109, 'pm10': 17111, 'pm25': 17110}}",3.83,3.06,6.09,1.62,6.47,2.34,562839831,76.4,MOD-00623,10.6,2025-12-12T02:53:02,2025-12-11T18:53:02,https://api.quant-aq.com/v1/devices/MOD-00623/data/562839680
317.04,742.2,"{'lat': None, 'lon': None}","{'rh': 76.7, 'temp': 10.6, 'wd': 0.0, 'ws': 0.0, 'ws_scalar': 0.0}","{'gas': {'co': 18148, 'co2': 13271, 'no': 18149, 'no2': 18150, 'o3': 18151}, 'pm': {'pm1': 17109, 'pm10': 17111, 'pm25': 17110}}",2.8,4.01,5.57,1.42,2.99,1.98,562839832,76.7,MOD-00623,10.6,2025-12-12T02:52:02,2025-12-11T18:52:02,https://api.quant-aq.com/v1/devices/MOD-00623/data/562839681
320.12,746.9,"{'lat': None, 'lon': None}","{'rh': 76.4, 'temp': 10.6, 'wd': 0.0, 'ws': 0.0, 'ws_scalar': 0.0}","{'gas': {'co': 18148, 'co2': 13271, 'no': 18149, 'no2': 18150, 'o3': 18151}, 'pm': {'pm1': 17109, 'pm10': 17111, 'pm25': 17110}}",3.05,3.76,5.72,1.34,3.61,2.01,562837696,76.4,MOD-00623,10.6,2025-12-12T02:51:02,2025-12-11T18:51:02,https://api.quant-aq.com/v1/devices/MOD-00623/data/562837544
319.16,748.46,"{'lat': None, 'lon': None}","{'rh': 76.6, 'temp': 10.6, 'wd': 0.0, 'ws': 0.0, 'ws_scalar': 0.0}","{'gas': {'co': 18148, 'co2': 13271, 'no': 18149, 'no2': 18150, 'o3': 18151}, 'pm': {'pm1': 17109, 'pm10': 17111, 'pm25': 17110}}",3.3,3.49,5.37,1.31,4.41,2.02,562837694,76.6,MOD-00623,10.6,2025-12-12T02:50:02,2025-12-11T18:50:02,https://api.quant-aq.com/v1/devices/MOD-00623/data/562837543
323.81,747.02,"{'lat': None, 'lon': None}","{'rh': 76.4, 'temp': 10.6, 'wd': 0.0, 'ws': 0.0, 'ws_scalar': 0.0}","{'gas': {'co': 18148, 'co2': 13271, 'no': 18149, 'no2': 18150, 'o3': 18151}, 'pm': {'pm1': 17109, 'pm10': 17111, 'pm25': 17110}}",3.31,4.34,5.47,1.37,6.49,2.22,562837693,76.4,MOD-00623,10.6,2025-12-12T02:49:02,2025-12-11T18:49:02,https://api.quant-aq.com/v1/devices/MOD-00623/data/562837542
318.61,748.58,"{'lat': None, 'lon': None}","{'rh': 76.8, 'temp': 10.6, 'wd': 0.0, 'ws': 0.0, 'ws_scalar': 0.0}","{'gas': {'co': 18148, 'co2': 13271, 'no': 18149, 'no2': 18150, 'o3': 18151}, 'pm': {'pm1': 17109, 'pm10': 17111, 'pm25': 17110}}",2.24,3.24,5.94,1.42,9.44,2.08,562837695,76.8,MOD-00623,10.6,2025-12-12T02:48:02,2025-12-11T18:48:02,https://api.quant-aq.com/v1/devices/MOD-00623/data/562837545
325.31,749.31,"{'lat': None, 'lon': None}","{'rh': 76.6, 'temp': 10.6, 'wd': 0.0, 'ws': 0.0, 'ws_scalar': 0.0}","{'gas': {'co': 18148, 'co2': 13271, 'no': 18149, 'no2': 18150, 'o3': 18151}, 'pm': {'pm1': 17109, 'pm10': 17111, 'pm25': 17110}}",3.04,3.26,5.95,1.36,16.38,1.81,562835516,76.6,MOD-00623,10.6,2025-12-12T02:47:02,2025-12-11T18:47:02,https://api.quant-aq.com/v1/devices/MOD-00623/data/562835365
315.46,749.79,"{'lat': None, 'lon': None}","{'rh': 76.6, 'temp': 10.6, 'wd': 0.0, 'ws': 0.0, 'ws_scalar': 0.0}","{'gas': {'co': 18148, 'co2': 13271, 'no': 18149, 'no2': 18150, 'o3': 18151}, 'pm': {'pm1': 17109, 'pm10': 17111, 'pm25': 17110}}",2.06,3.49,6.74,1.5,4.76,2.36,562835518,76.6,MOD-00623,10.6,2025-12-12T02:46:02,2025-12-11T18:46:02,https://api.quant-aq.com/v1/devices/MOD-00623/data/562835366
343.76,750.63,"{'lat': None, 'lon': None}","{'rh': 76.6, 'temp': 10.6, 'wd': 0.0, 'ws': 0.0, 'ws_scalar': 0.0}","{'gas': {'co': 18148, 'co2': 13271, 'no': 18149, 'no2': 18150, 'o3': 18151}, 'pm': {'pm1': 17109, 'pm10': 17111, 'pm25': 17110}}",2.25,4.02,5.58,1.57,3.13,2.12,562835515,76.6,MOD-00623,10.6,2025-12-12T02:45:02,2025-12-11T18:45:02,https://api.quant-aq.com/v1/devices/MOD-00623/data/562835364
321.69,746.17,"{'lat': None, 'lon': None}","{'rh': 76.5, 'temp': 10.6, 'wd': 0.0, 'ws': 0.0, 'ws_scalar': 0.0}","{'gas': {'co': 18148, 'co2': 13271, 'no': 18149, 'no2': 18150, 'o3': 18151}, 'pm': {'pm1': 17109, 'pm10': 17111, 'pm25': 17110}}",2.44,4.03,5.59,1.86,7.17,2.5,562835517,76.5,MOD-00623,10.6,2025-12-12T02:44:02,2025-12-11T18:44:02,https://api.quant-aq.com/v1/devices/MOD-00623/data/562835367
317.73,744.49,"{'lat': None, 'lon': None}","{'rh': 76.3, 'temp': 10.6, 'wd': 0.0, 'ws': 0.0, 'ws_scalar': 0.0}","{'gas': {'co': 18148, 'co2': 13271, 'no': 18149, 'no2': 18150, 'o3': 18151}, 'pm': {'pm1': 17109, 'pm10': 17111, 'pm25': 17110}}",1.72,2.69,7.25,2.02,10.99,2.69,562833505,76.3,MOD-00623,10.6,2025-12-12T02:43:02,2025-12-11T18:43:02,https://api.quant-aq.com/v1/devices/MOD-00623/data/562833354
339.25,743.89,"{'lat': None, 'lon': None}","{'rh': 76.6, 'temp': 10.6, 'wd': 0.0, 'ws': 0.0, 'ws_scalar': 0.0}","{'gas': {'co': 18148, 'co2': 13271, 'no': 18149, 'no2': 18150, 'o3': 18151}, 'pm': {'pm1': 17109, 'pm10': 17111, 'pm25': 17110}}",2.62,4.02,7.41,2.32,18.28,2.99,562833506,76.6,MOD-00623,10.6,2025-12-12T02:42:02,2025-12-11T18:42:02,https://api.quant-aq.com/v1/devices/MOD-00623/data/562833355
329.82,746.78,"{'lat': None, 'lon': None}","{'rh': 76.6, 'temp': 10.6, 'wd': 0.0, 'ws': 0.0, 'ws_scalar': 0.0}","{'gas': {'co': 18148, 'co2': 13271, 'no': 18149, 'no2': 18150, 'o3': 18151}, 'pm': {'pm1': 17109, 'pm10': 17111, 'pm25': 17110}}",2.43,3.26,5.49,2.31,6.98,2.99,562833507,76.6,MOD-00623,10.6,2025-12-12T02:41:02,2025-12-11T18:41:02,https://api.quant-aq.com/v1/devices/MOD-00623/data/562833356
344.44,747.62,"{'lat': None, 'lon': None}","{'rh': 76.8, 'temp': 10.6, 'wd': 0.0, 'ws': 0.0, 'ws_scalar': 0.0}","{'gas': {'co': 18148, 'co2': 13271, 'no': 18149, 'no2': 18150, 'o3': 18151}, 'pm': {'pm1': 17109, 'pm10': 17111, 'pm25': 17110}}",2.24,3.48,6.27,2.08,5.6,2.74,562833504,76.8,MOD-00623,10.6,2025-12-12T02:40:02,2025-12-11T18:40:02,https://api.quant-aq.com/v1/devices/MOD-00623/data/562833353
364.54,747.74,"{'lat': None, 'lon': None}","{'rh': 76.8, 'temp': 10.6, 'wd': 0.0, 'ws': 0.0, 'ws_scalar': 0.0}","{'gas': {'co': 18148, 'co2': 13271, 'no': 18149, 'no2': 18150, 'o3': 18151}, 'pm': {'pm1': 17109, 'pm10': 17111, 'pm25': 17110}}",2.8,3.73,6.15,1.97,5.72,2.65,562831349,76.8,MOD-00623,10.6,2025-12-12T02:39:02,2025-12-11T18:39:02,https://api.quant-aq.com/v1/devices/MOD-00623/data/562831198
391.27,746.66,"{'lat': None, 'lon': None}","{'rh': 76.7, 'temp': 10.6, 'wd': 0.0, 'ws': 0.0, 'ws_scalar': 0.0}","{'gas': {'co': 18148, 'co2': 13271, 'no': 18149, 'no2': 18150, 'o3': 18151}, 'pm': {'pm1': 17109, 'pm10': 17111, 'pm25': 17110}}",3.82,4.01,5.12,1.5,3.36,2.43,562831348,76.7,MOD-00623,10.6,2025-12-12T02:38:02,2025-12-11T18:38:02,https://api.quant-aq.com/v1/devices/MOD-00623/data/562831197
380.94,751.11,"{'lat': None, 'lon': None}","{'rh': 76.8, 'temp': 10.6, 'wd': 0.0, 'ws': 0.0, 'ws_scalar': 0.0}","{'gas': {'co': 18148, 'co2': 13271, 'no': 18149, 'no2': 18150, 'o3': 18151}, 'pm': {'pm1': 17109, 'pm10': 17111, 'pm25': 17110}}",3.82,3.48,5.81,1.65,7.5,2.47,562831347,76.8,MOD-00623,10.6,2025-12-12T02:37:02,2025-12-11T18:37:02,https://api.quant-aq.com/v1/devices/MOD-00623/data/562831196
358.94,748.34,"{'lat': None, 'lon': None}","{'rh': 76.6, 'temp': 10.6, 'wd': 0.0, 'ws': 0.0, 'ws_scalar': 0.0}","{'gas': {'co': 18148, 'co2': 13271, 'no': 18149, 'no2': 18150, 'o3': 18151}, 'pm': {'pm1': 17109, 'pm10': 17111, 'pm25': 17110}}",4.08,3.75,5.7,1.51,8.23,2.1,562831346,76.6,MOD-00623,10.6,2025-12-12T02:36:02,2025-12-11T18:36:02,https://api.quant-aq.com/v1/devices/MOD-00623/data/562831195
346.43,742.8,"{'lat': None, 'lon': None}","{'rh': 76.3, 'temp': 10.6, 'wd': 0.0, 'ws': 0.0, 'ws_scalar': 0.0}","{'gas': {'co': 18148, 'co2': 13271, 'no': 18149, 'no2': 18150, 'o3': 18151}, 'pm': {'pm1': 17109, 'pm10': 17111, 'pm25': 17110}}",3.58,3.28,7.34,1.6,13.87,2.37,562829242,76.3,MOD-00623,10.6,2025-12-12T02:35:02,2025-12-11T18:35:02,https://api.quant-aq.com/v1/devices/MOD-00623/data/562829092
348.29,742.08,"{'lat': None, 'lon': None}","{'rh': 76.0, 'temp': 10.6, 'wd': 0.0, 'ws': 0.0, 'ws_scalar': 0.0}","{'gas': {'co': 18148, 'co2': 13271, 'no': 18149, 'no2': 18150, 'o3': 18151}, 'pm': {'pm1': 17109, 'pm10': 17111, 'pm25': 17110}}",2.63,3.1,7.94,1.52,5.4,2.28,562829244,76.0,MOD-00623,10.6,2025-12-12T02:34:02,2025-12-11T18:34:02,https://api.quant-aq.com/v1/devices/MOD-00623/data/562829093
377.46,744.49,"{'lat': None, 'lon': None}","{'rh': 76.5, 'temp': 10.6, 'wd': 0.0, 'ws': 0.0, 'ws_scalar': 0.0}","{'gas': {'co': 18148, 'co2': 13271, 'no': 18149, 'no2': 18150, 'o3': 18151}, 'pm': {'pm1': 17109, 'pm10': 17111, 'pm25': 17110}}",3.05,3.27,6.41,1.38,5.56,2.23,562829243,76.5,MOD-00623,10.6,2025-12-12T02:33:02,2025-12-11T18:33:02,https://api.quant-aq.com/v1/devices/MOD-00623/data/562829091
396.6,745.81,"{'lat': None, 'lon': None}","{'rh': 76.7, 'temp': 10.6, 'wd': 0.0, 'ws': 0.0, 'ws_scalar': 0.0}","{'gas': {'co': 18148, 'co2': 13271, 'no': 18149, 'no2': 18150, 'o3': 18151}, 'pm': {'pm1': 17109, 'pm10': 17111, 'pm25': 17110}}",2.62,3.74,6.15,1.56,11.07,2.2,562829241,76.7,MOD-00623,10.6,2025-12-12T02:32:02,2025-12-11T18:32:02,https://api.quant-aq.com/v1/devices/MOD-00623/data/562829090
376.71,741.96,"{'lat': None, 'lon': None}","{'rh': 76.4, 'temp': 10.6, 'wd': 0.0, 'ws': 0.0, 'ws_scalar': 0.0}","{'gas': {'co': 18148, 'co2': 13271, 'no': 18149, 'no2': 18150, 'o3': 18151}, 'pm': {'pm1': 17109, 'pm10': 17111, 'pm25': 17110}}",2.44,3.76,6.17,1.66,3.81,2.21,562827048,76.4,MOD-00623,10.6,2025-12-12T02:31:02,2025-12-11T18:31:02,https://api.quant-aq.com/v1/devices/MOD-00623/data/562826897
359.49,740.39,"{'lat': None, 'lon': None}","{'rh': 76.4, 'temp': 10.6, 'wd': 0.0, 'ws': 0.0, 'ws_scalar': 0.0}","{'gas': {'co': 18148, 'co2': 13271, 'no': 18149, 'no2': 18150, 'o3': 18151}, 'pm': {'pm1': 17109, 'pm10': 17111, 'pm25': 17110}}",3.83,3.28,6.42,1.63,19.65,2.43,562827051,76.4,MOD-00623,10.6,2025-12-12T02:30:02,2025-12-11T18:30:02,https://api.quant-aq.com/v1/devices/MOD-00623/data/562826900
327.61,742.32,"{'lat': None, 'lon': None}","{'rh': 76.4, 'temp': 10.7, 'wd': 0.0, 'ws': 0.0, 'ws_scalar': 0.0}","{'gas': {'co': 18148, 'co2': 13271, 'no': 18149, 'no2': 18150, 'o3': 18151}, 'pm': {'pm1': 17109, 'pm10': 17111, 'pm25': 17110}}",2.22,3.29,6.87,1.51,3.42,2.34,562827050,76.4,MOD-00623,10.7,2025-12-12T02:29:02,2025-12-11T18:29:02,https://api.quant-aq.com/v1/devices/MOD-00623/data/562826899
317.97,739.31,"{'lat': None, 'lon': None}","{'rh': 76.7, 'temp': 10.7, 'wd': 0.0, 'ws': 0.0, 'ws_scalar': 0.0}","{'gas': {'co': 18148, 'co2': 13271, 'no': 18149, 'no2': 18150, 'o3': 18151}, 'pm': {'pm1': 17109, 'pm10': 17111, 'pm25': 17110}}",2.59,3.26,6.39,2.03,7.21,2.4,562827049,76.7,MOD-00623,10.7,2025-12-12T02:28:02,2025-12-11T18:28:02,https://api.quant-aq.com/v1/devices/MOD-00623/data/562826898
340.46,739.67,"{'lat': None, 'lon': None}","{'rh': 76.2, 'temp': 10.7, 'wd': 0.0, 'ws': 0.0, 'ws_scalar': 0.0}","{'gas': {'co': 18148, 'co2': 13271, 'no': 18149, 'no2': 18150, 'o3': 18151}, 'pm': {'pm1': 17109, 'pm10': 17111, 'pm25': 17110}}",3.56,3.31,6.42,1.73,3.14,2.22,562824905,76.2,MOD-00623,10.7,2025-12-12T02:27:02,2025-12-11T18:27:02,https://api.quant-aq.com/v1/devices/MOD-00623/data/562824754
347.97,740.99,"{'lat': None, 'lon': None}","{'rh': 76.6, 'temp': 10.7, 'wd': 0.0, 'ws': 0.0, 'ws_scalar': 0.0}","{'gas': {'co': 18148, 'co2': 13271, 'no': 18149, 'no2': 18150, 'o3': 18151}, 'pm': {'pm1': 17109, 'pm10': 17111, 'pm25': 17110}}",3.28,3.51,5.82,1.88,4.74,2.62,562824903,76.6,MOD-00623,10.7,2025-12-12T02:26:02,2025-12-11T18:26:02,https://api.quant-aq.com/v1/devices/MOD-00623/data/562824752
320.58,738.47,"{'lat': None, 'lon': None}","{'rh': 75.9, 'temp': 10.7, 'wd': 0.0, 'ws': 0.0, 'ws_scalar': 0.0}","{'gas': {'co': 18148, 'co2': 13271, 'no': 18149, 'no2': 18150, 'o3': 18151}, 'pm': {'pm1': 17109, 'pm10': 17111, 'pm25': 17110}}",2.05,2.92,7.15,2.09,4.79,2.64,562824906,75.9,MOD-00623,10.7,2025-12-12T02:25:02,2025-12-11T18:25:02,https://api.quant-aq.com/v1/devices/MOD-00623/data/562824755
339.37,735.57,"{'lat': None, 'lon': None}","{'rh': 76.0, 'temp': 10.7, 'wd': 0.0, 'ws': 0.0, 'ws_scalar': 0.0}","{'gas': {'co': 18148, 'co2': 13271, 'no': 18149, 'no2': 18150, 'o3': 18151}, 'pm': {'pm1': 17109, 'pm10': 17111, 'pm25': 17110}}",3.57,3.32,5.98,2.05,4.5,2.78,562824904,76.0,MOD-00623,10.7,2025-12-12T02:24:02,2025-12-11T18:24:02,https://api.quant-aq.com/v1/devices/MOD-00623/data/562824753
332.05,738.47,"{'lat': None, 'lon': None}","{'rh': 76.5, 'temp': 10.7, 'wd': 0.0, 'ws': 0.0, 'ws_scalar': 0.0}","{'gas': {'co': 18148, 'co2': 13271, 'no': 18149, 'no2': 18150, 'o3': 18151}, 'pm': {'pm1': 17109, 'pm10': 17111, 'pm25': 17110}}",3.03,3.51,6.74,2.19,6.63,2.53,562822742,76.5,MOD-00623,10.7,2025-12-12T02:23:02,2025-12-11T18:23:02,https://api.quant-aq.com/v1/devices/MOD-00623/data/562822591
353.86,739.91,"{'lat': None, 'lon': None}","{'rh': 76.4, 'temp': 10.7, 'wd': 0.0, 'ws': 0.0, 'ws_scalar': 0.0}","{'gas': {'co': 18148, 'co2': 13271, 'no': 18149, 'no2': 18150, 'o3': 18151}, 'pm': {'pm1': 17109, 'pm10': 17111, 'pm25': 17110}}",6.83,3.52,5.37,2.83,4.51,3.4,562822743,76.4,MOD-00623,10.7,2025-12-12T02:22:02,2025-12-11T18:22:02,https://api.quant-aq.com/v1/devices/MOD-00623/data/562822592
341.62,742.2,"{'lat': None, 'lon': None}","{'rh': 76.3, 'temp': 10.7, 'wd': 0.0, 'ws': 0.0, 'ws_scalar': 0.0}","{'gas': {'co': 18148, 'co2': 13271, 'no': 18149, 'no2': 18150, 'o3': 18151}, 'pm': {'pm1': 17109, 'pm10': 17111, 'pm25': 17110}}",5.11,4.06,5.59,2.83,13.19,3.35,562822741,76.3,MOD-00623,10.7,2025-12-12T02:21:02,2025-12-11T18:21:02,https://api.quant-aq.com/v1/devices/MOD-00623/data/562822590
365.89,743.89,"{'lat': None, 'lon': None}","{'rh': 76.2, 'temp': 10.7, 'wd': 0.0, 'ws': 0.0, 'ws_scalar': 0.0}","{'gas': {'co': 18148, 'co2': 13271, 'no': 18149, 'no2': 18150, 'o3': 18151}, 'pm': {'pm1': 17109, 'pm10': 17111, 'pm25': 17110}}",6.84,3.31,5.51,3.12,11.17,3.74,562822740,76.2,MOD-00623,10.7,2025-12-12T02:20:02,2025-12-11T18:20:02,https://api.quant-aq.com/v1/devices/MOD-00623/data/562822589
366.15,749.43,"{'lat': None, 'lon': None}","{'rh': 77.0, 'temp': 10.7, 'wd': 0.0, 'ws': 0.0, 'ws_scalar': 0.0}","{'gas': {'co': 18148, 'co2': 13271, 'no': 18149, 'no2': 18150, 'o3': 18151}, 'pm': {'pm1': 17109, 'pm10': 17111, 'pm25': 17110}}",9.32,3.73,5.21,3.97,11.54,4.51,562820611,77.0,MOD-00623,10.7,2025-12-12T02:19:02,2025-12-11T18:19:02,https://api.quant-aq.com/v1/devices/MOD-00623/data/562820460
355.56,744.25,"{'lat': None, 'lon': None}","{'rh': 76.9, 'temp': 10.7, 'wd': 0.0, 'ws': 0.0, 'ws_scalar': 0.0}","{'gas': {'co': 18148, 'co2': 13271, 'no': 18149, 'no2': 18150, 'o3': 18151}, 'pm': {'pm1': 17109, 'pm10': 17111, 'pm25': 17110}}",8.25,4.64,4.84,1.85,6.12,2.6,562820614,76.9,MOD-00623,10.7,2025-12-12T02:18:02,2025-12-11T18:18:02,https://api.quant-aq.com/v1/devices/MOD-00623/data/562820463
343.94,741.36,"{'lat': None, 'lon': None}","{'rh': 76.5, 'temp': 10.7, 'wd': 0.0, 'ws': 0.0, 'ws_scalar': 0.0}","{'gas': {'co': 18148, 'co2': 13271, 'no': 18149, 'no2': 18150, 'o3': 18151}, 'pm': {'pm1': 17109, 'pm10': 17111, 'pm25': 17110}}",4.84,4.67,5.79,1.83,5.9,2.31,562820613,76.5,MOD-00623,10.7,2025-12-12T02:17:02,2025-12-11T18:17:02,https://api.quant-aq.com/v1/devices/MOD-00623/data/562820462
347.37,742.68,"{'lat': None, 'lon': None}","{'rh': 76.3, 'temp': 10.7, 'wd': 0.0, 'ws': 0.0, 'ws_scalar': 0.0}","{'gas': {'co': 18148, 'co2': 13271, 'no': 18149, 'no2': 18150, 'o3': 18151}, 'pm': {'pm1': 17109, 'pm10': 17111, 'pm25': 17110}}",5.76,3.78,5.26,2.01,4.91,2.65,562820612,76.3,MOD-00623,10.7,2025-12-12T02:16:02,2025-12-11T18:16:02,https://api.quant-aq.com/v1/devices/MOD-00623/data/562820461
323.31,740.87,"{'lat': None, 'lon': None}","{'rh': 76.1, 'temp': 10.7, 'wd': 0.0, 'ws': 0.0, 'ws_scalar': 0.0}","{'gas': {'co': 18148, 'co2': 13271, 'no': 18149, 'no2': 18150, 'o3': 18151}, 'pm': {'pm1': 17109, 'pm10': 17111, 'pm25': 17110}}",3.56,3.1,5.64,1.84,4.73,2.36,562818501,76.1,MOD-00623,10.7,2025-12-12T02:15:02,2025-12-11T18:15:02,https://api.quant-aq.com/v1/devices/MOD-00623/data/562818350
347.92,743.04,"{'lat': None, 'lon': None}","{'rh': 76.1, 'temp': 10.7, 'wd': 0.0, 'ws': 0.0, 'ws_scalar': 0.0}","{'gas': {'co': 18148, 'co2': 13271, 'no': 18149, 'no2': 18150, 'o3': 18151}, 'pm': {'pm1': 17109, 'pm10': 17111, 'pm25': 17110}}",2.79,2.55,7.84,1.66,16.21,2.16,562818500,76.1,MOD-00623,10.7,2025-12-12T02:14:02,2025-12-11T18:14:02,https://api.quant-aq.com/v1/devices/MOD-00623/data/562818348
384.06,749.06,"{'lat': None, 'lon': None}","{'rh': 76.6, 'temp': 10.7, 'wd': 0.0, 'ws': 0.0, 'ws_scalar': 0.0}","{'gas': {'co': 18148, 'co2': 13271, 'no': 18149, 'no2': 18150, 'o3': 18151}, 'pm': {'pm1': 17109, 'pm10': 17111, 'pm25': 17110}}",6.47,3.51,5.36,1.72,4.78,2.37,562818499,76.6,MOD-00623,10.7,2025-12-12T02:13:02,2025-12-11T18:13:02,https://api.quant-aq.com/v1/devices/MOD-00623/data/562818349
379.07,750.15,"{'lat': None, 'lon': None}","{'rh': 76.7, 'temp': 10.7, 'wd': 0.0, 'ws': 0.0, 'ws_scalar': 0.0}","{'gas': {'co': 18148, 'co2': 13271, 'no': 18149, 'no2': 18150, 'o3': 18151}, 'pm': {'pm1': 17109, 'pm10': 17111, 'pm25': 17110}}",5.76,4.66,4.4,1.88,3.24,2.36,562818498,76.7,MOD-00623,10.7,2025-12-12T02:12:02,2025-12-11T18:12:02,https://api.quant-aq.com/v1/devices/MOD-00623/data/562818347
371.49,750.03,"{'lat': None, 'lon': None}","{'rh': 76.4, 'temp': 10.7, 'wd': 0.0, 'ws': 0.0, 'ws_scalar': 0.0}","{'gas': {'co': 18148, 'co2': 13271, 'no': 18149, 'no2': 18150, 'o3': 18151}, 'pm': {'pm1': 17109, 'pm10': 17111, 'pm25': 17110}}",5.76,3.52,6.29,1.72,9.66,2.16,562816366,76.4,MOD-00623,10.7,2025-12-12T02:11:02,2025-12-11T18:11:02,https://api.quant-aq.com/v1/devices/MOD-00623/data/562816215
383.91,751.59,"{'lat': None, 'lon': None}","{'rh': 76.4, 'temp': 10.8, 'wd': 0.0, 'ws': 0.0, 'ws_scalar': 0.0}","{'gas': {'co': 18148, 'co2': 13271, 'no': 18149, 'no2': 18150, 'o3': 18151}, 'pm': {'pm1': 17109, 'pm10': 17111, 'pm25': 17110}}",5.36,3.79,5.24,2.27,4.19,2.85,562816364,76.4,MOD-00623,10.8,2025-12-12T02:10:02,2025-12-11T18:10:02,https://api.quant-aq.com/v1/devices/MOD-00623/data/562816213
376.59,748.1,"{'lat': None, 'lon': None}","{'rh': 76.3, 'temp': 10.8, 'wd': 0.0, 'ws': 0.0, 'ws_scalar': 0.0}","{'gas': {'co': 18148, 'co2': 13271, 'no': 18149, 'no2': 18150, 'o3': 18151}, 'pm': {'pm1': 17109, 'pm10': 17111, 'pm25': 17110}}",4.57,4.37,5.46,1.75,10.24,2.2,562816365,76.3,MOD-00623,10.8,2025-12-12T02:09:02,2025-12-11T18:09:02,https://api.quant-aq.com/v1/devices/MOD-00623/data/562816214
365.59,744.01,"{'lat': None, 'lon': None}","{'rh': 76.2, 'temp': 10.8, 'wd': 0.0, 'ws': 0.0, 'ws_scalar': 0.0}","{'gas': {'co': 18148, 'co2': 13271, 'no': 18149, 'no2': 18150, 'o3': 18151}, 'pm': {'pm1': 17109, 'pm10': 17111, 'pm25': 17110}}",4.83,3.32,5.96,1.77,8.52,2.34,562816367,76.2,MOD-00623,10.8,2025-12-12T02:08:02,2025-12-11T18:08:02,https://api.quant-aq.com/v1/devices/MOD-00623/data/562816216
359.64,741.72,"{'lat': None, 'lon': None}","{'rh': 76.5, 'temp': 10.8, 'wd': 0.0, 'ws': 0.0, 'ws_scalar': 0.0}","{'gas': {'co': 18148, 'co2': 13271, 'no': 18149, 'no2': 18150, 'o3': 18151}, 'pm': {'pm1': 17109, 'pm10': 17111, 'pm25': 17110}}",4.82,4.36,4.99,1.74,3.02,2.53,562814169,76.5,MOD-00623,10.8,2025-12-12T02:07:02,2025-12-11T18:07:02,https://api.quant-aq.com/v1/devices/MOD-00623/data/562814018
343.98,745.09,"{'lat': None, 'lon': None}","{'rh': 76.6, 'temp': 10.8, 'wd': 0.0, 'ws': 0.0, 'ws_scalar': 0.0}","{'gas': {'co': 18148, 'co2': 13271, 'no': 18149, 'no2': 18150, 'o3': 18151}, 'pm': {'pm1': 17109, 'pm10': 17111, 'pm25': 17110}}",3.78,4.68,6.68,1.49,2.49,1.93,562814167,76.6,MOD-00623,10.8,2025-12-12T02:06:02,2025-12-11T18:06:02,https://api.quant-aq.com/v1/devices/MOD-00623/data/562814016
337.7,744.25,"{'lat': None, 'lon': None}","{'rh': 76.2, 'temp': 10.8, 'wd': 0.0, 'ws': 0.0, 'ws_scalar': 0.0}","{'gas': {'co': 18148, 'co2': 13271, 'no': 18149, 'no2': 18150, 'o3': 18151}, 'pm': {'pm1': 17109, 'pm10': 17111, 'pm25': 17110}}",5.09,4.38,5.92,2.05,6.97,2.63,562814166,76.2,MOD-00623,10.8,2025-12-12T02:05:02,2025-12-11T18:05:02,https://api.quant-aq.com/v1/devices/MOD-00623/data/562814015
327.59,739.91,"{'lat': None, 'lon': None}","{'rh': 76.0, 'temp': 10.8, 'wd': 0.0, 'ws': 0.0, 'ws_scalar': 0.0}","{'gas': {'co': 18148, 'co2': 13271, 'no': 18149, 'no2': 18150, 'o3': 18151}, 'pm': {'pm1': 17109, 'pm10': 17111, 'pm25': 17110}}",2.2,3.82,5.72,2.11,33.04,2.66,562814168,76.0,MOD-00623,10.8,2025-12-12T02:04:02,2025-12-11T18:04:02,https://api.quant-aq.com/v1/devices/MOD-00623/data/562814017
343.04,741.72,"{'lat': None, 'lon': None}","{'rh': 76.2, 'temp': 10.8, 'wd': 0.0, 'ws': 0.0, 'ws_scalar': 0.0}","{'gas': {'co': 18148, 'co2': 13271, 'no': 18149, 'no2': 18150, 'o3': 18151}, 'pm': {'pm1': 17109, 'pm10': 17111, 'pm25': 17110}}",3.8,3.55,5.38,2.02,3.19,2.64,562812058,76.2,MOD-00623,10.8,2025-12-12T02:03:02,2025-12-11T18:03:02,https://api.quant-aq.com/v1/devices/MOD-00623/data/562811907
331.89,741.36,"{'lat': None, 'lon': None}","{'rh': 76.3, 'temp': 10.8, 'wd': 0.0, 'ws': 0.0, 'ws_scalar': 0.0}","{'gas': {'co': 18148, 'co2': 13271, 'no': 18149, 'no2': 18150, 'o3': 18151}, 'pm': {'pm1': 17109, 'pm10': 17111, 'pm25': 17110}}",3.27,3.8,7.53,2.42,4.57,3.1,562812056,76.3,MOD-00623,10.8,2025-12-12T02:02:02,2025-12-11T18:02:02,https://api.quant-aq.com/v1/devices/MOD-00623/data/562811906
348.03,744.73,"{'lat': None, 'lon': None}","{'rh': 76.1, 'temp': 10.8, 'wd': 0.0, 'ws': 0.0, 'ws_scalar': 0.0}","{'gas': {'co': 18148, 'co2': 13271, 'no': 18149, 'no2': 18150, 'o3': 18151}, 'pm': {'pm1': 17109, 'pm10': 17111, 'pm25': 17110}}",3.54,3.81,5.72,2.07,18.62,2.69,562812057,76.1,MOD-00623,10.8,2025-12-12T02:01:02,2025-12-11T18:01:02,https://api.quant-aq.com/v1/devices/MOD-00623/data/562811904
341.13,743.52,"{'lat': None, 'lon': None}","{'rh': 76.0, 'temp': 10.8, 'wd': 0.0, 'ws': 0.0, 'ws_scalar': 0.0}","{'gas': {'co': 18148, 'co2': 13271, 'no': 18149, 'no2': 18150, 'o3': 18151}, 'pm': {'pm1': 17109, 'pm10': 17111, 'pm25': 17110}}",3.02,3.34,5.97,2.1,5.03,2.59,562812055,76.0,MOD-00623,10.8,2025-12-12T02:00:02,2025-12-11T18:00:02,https://api.quant-aq.com/v1/devices/MOD-00623/data/562811905
374.0,743.4,"{'lat': None, 'lon': None}","{'rh': 75.9, 'temp': 10.8, 'wd': 0.0, 'ws': 0.0, 'ws_scalar': 0.0}","{'gas': {'co': 18148, 'co2': 13271, 'no': 18149, 'no2': 18150, 'o3': 18151}, 'pm': {'pm1': 17109, 'pm10': 17111, 'pm25': 17110}}",3.29,3.35,6.43,2.32,7.75,3.1,562809933,75.9,MOD-00623,10.8,2025-12-12T01:59:02,2025-12-11T17:59:02,https://api.quant-aq.com/v1/devices/MOD-00623/data/562809779
353.63,742.2,"{'lat': None, 'lon': None}","{'rh': 76.3, 'temp': 10.8, 'wd': 0.0, 'ws': 0.0, 'ws_scalar': 0.0}","{'gas': {'co': 18148, 'co2': 13271, 'no': 18149, 'no2': 18150, 'o3': 18151}, 'pm': {'pm1': 17109, 'pm10': 17111, 'pm25': 17110}}",2.57,3.1,6.53,2.11,4.55,2.71,562809917,76.3,MOD-00623,10.8,2025-12-12T01:58:02,2025-12-11T17:58:02,https://api.quant-aq.com/v1/devices/MOD-00623/data/562809767
378.91,741.36,"{'lat': None, 'lon': None}","{'rh': 76.5, 'temp': 10.8, 'wd': 0.0, 'ws': 0.0, 'ws_scalar': 0.0}","{'gas': {'co': 18148, 'co2': 13271, 'no': 18149, 'no2': 18150, 'o3': 18151}, 'pm': {'pm1': 17109, 'pm10': 17111, 'pm25': 17110}}",4.3,3.78,5.69,1.76,5.46,2.37,562809915,76.5,MOD-00623,10.8,2025-12-12T01:57:02,2025-12-11T17:57:02,https://api.quant-aq.com/v1/devices/MOD-00623/data/562809764
391.63,744.01,"{'lat': None, 'lon': None}","{'rh': 76.5, 'temp': 10.8, 'wd': 0.0, 'ws': 0.0, 'ws_scalar': 0.0}","{'gas': {'co': 18148, 'co2': 13271, 'no': 18149, 'no2': 18150, 'o3': 18151}, 'pm': {'pm1': 17109, 'pm10': 17111, 'pm25': 17110}}",3.0,4.68,5.32,1.73,3.86,2.24,562809914,76.5,MOD-00623,10.8,2025-12-12T01:56:02,2025-12-11T17:56:02,https://api.quant-aq.com/v1/devices/MOD-00623/data/562809763
383.44,739.91,"{'lat': None, 'lon': None}","{'rh': 75.9, 'temp': 10.8, 'wd': 0.0, 'ws': 0.0, 'ws_scalar': 0.0}","{'gas': {'co': 18148, 'co2': 13271, 'no': 18149, 'no2': 18150, 'o3': 18151}, 'pm': {'pm1': 17109, 'pm10': 17111, 'pm25': 17110}}",3.03,4.4,6.85,1.91,7.99,2.65,562807833,75.9,MOD-00623,10.8,2025-12-12T01:55:02,2025-12-11T17:55:02,https://api.quant-aq.com/v1/devices/MOD-00623/data/562807683
385.9,740.03,"{'lat': None, 'lon': None}","{'rh': 75.9, 'temp': 10.8, 'wd': 0.0, 'ws': 0.0, 'ws_scalar': 0.0}","{'gas': {'co': 18148, 'co2': 13271, 'no': 18149, 'no2': 18150, 'o3': 18151}, 'pm': {'pm1': 17109, 'pm10': 17111, 'pm25': 17110}}",4.07,3.35,6.44,1.93,7.37,2.66,562807834,75.9,MOD-00623,10.8,2025-12-12T01:54:02,2025-12-11T17:54:02,https://api.quant-aq.com/v1/devices/MOD-00623/data/562807682
381.46,737.86,"{'lat': None, 'lon': None}","{'rh': 75.8, 'temp': 10.8, 'wd': 0.0, 'ws': 0.0, 'ws_scalar': 0.0}","{'gas': {'co': 18148, 'co2': 13271, 'no': 18149, 'no2': 18150, 'o3': 18151}, 'pm': {'pm1': 17109, 'pm10': 17111, 'pm25': 17110}}",2.39,3.14,7.93,1.7,3.03,2.11,562807831,75.8,MOD-00623,10.8,2025-12-12T01:53:02,2025-12-11T17:53:02,https://api.quant-aq.com/v1/devices/MOD-00623/data/562807680
388.91,739.91,"{'lat': None, 'lon': None}","{'rh': 75.7, 'temp': 10.8, 'wd': 0.0, 'ws': 0.0, 'ws_scalar': 0.0}","{'gas': {'co': 18148, 'co2': 13271, 'no': 18149, 'no2': 18150, 'o3': 18151}, 'pm': {'pm1': 17109, 'pm10': 17111, 'pm25': 17110}}",2.21,3.15,6.57,1.7,5.6,2.23,562807832,75.7,MOD-00623,10.8,2025-12-12T01:52:02,2025-12-11T17:52:02,https://api.quant-aq.com/v1/devices/MOD-00623/data/562807681
384.47,741.96,"{'lat': None, 'lon': None}","{'rh': 75.6, 'temp': 10.8, 'wd': 0.0, 'ws': 0.0, 'ws_scalar': 0.0}","{'gas': {'co': 18148, 'co2': 13271, 'no': 18149, 'no2': 18150, 'o3': 18151}, 'pm': {'pm1': 17109, 'pm10': 17111, 'pm25': 17110}}",2.39,3.37,7.37,1.63,4.73,2.15,562805676,75.6,MOD-00623,10.8,2025-12-12T01:51:02,2025-12-11T17:51:02,https://api.quant-aq.com/v1/devices/MOD-00623/data/562805525
368.4,739.79,"{'lat': None, 'lon': None}","{'rh': 75.7, 'temp': 10.8, 'wd': 0.0, 'ws': 0.0, 'ws_scalar': 0.0}","{'gas': {'co': 18148, 'co2': 13271, 'no': 18149, 'no2': 18150, 'o3': 18151}, 'pm': {'pm1': 17109, 'pm10': 17111, 'pm25': 17110}}",1.65,4.12,6.99,2.16,3.94,2.6,562805678,75.7,MOD-00623,10.8,2025-12-12T01:50:02,2025-12-11T17:50:02,https://api.quant-aq.com/v1/devices/MOD-00623/data/562805527
341.82,740.51,"{'lat': None, 'lon': None}","{'rh': 75.6, 'temp': 10.8, 'wd': 0.0, 'ws': 0.0, 'ws_scalar': 0.0}","{'gas': {'co': 18148, 'co2': 13271, 'no': 18149, 'no2': 18150, 'o3': 18151}, 'pm': {'pm1': 17109, 'pm10': 17111, 'pm25': 17110}}",1.14,2.78,8.2,1.84,8.89,2.38,562805677,75.6,MOD-00623,10.8,2025-12-12T01:49:02,2025-12-11T17:49:02,https://api.quant-aq.com/v1/devices/MOD-00623/data/562805526
366.28,738.71,"{'lat': None, 'lon': None}","{'rh': 75.8, 'temp': 10.8, 'wd': 0.0, 'ws': 0.0, 'ws_scalar': 0.0}","{'gas': {'co': 18148, 'co2': 13271, 'no': 18149, 'no2': 18150, 'o3': 18151}, 'pm': {'pm1': 17109, 'pm10': 17111, 'pm25': 17110}}",2.58,3.14,7.02,2.39,4.32,2.95,562805675,75.8,MOD-00623,10.8,2025-12-12T01:48:02,2025-12-11T17:48:02,https://api.quant-aq.com/v1/devices/MOD-00623/data/562805524
371.95,743.04,"{'lat': None, 'lon': None}","{'rh': 75.9, 'temp': 10.8, 'wd': 0.0, 'ws': 0.0, 'ws_scalar': 0.0}","{'gas': {'co': 18148, 'co2': 13271, 'no': 18149, 'no2': 18150, 'o3': 18151}, 'pm': {'pm1': 17109, 'pm10': 17111, 'pm25': 17110}}",2.57,3.13,7.47,1.99,2.43,2.35,562803483,75.9,MOD-00623,10.8,2025-12-12T01:47:02,2025-12-11T17:47:02,https://api.quant-aq.com/v1/devices/MOD-00623/data/562803332
343.05,739.19,"{'lat': None, 'lon': None}","{'rh': 75.6, 'temp': 10.8, 'wd': 0.0, 'ws': 0.0, 'ws_scalar': 0.0}","{'gas': {'co': 18148, 'co2': 13271, 'no': 18149, 'no2': 18150, 'o3': 18151}, 'pm': {'pm1': 17109, 'pm10': 17111, 'pm25': 17110}}",2.02,3.6,7.7,1.56,4.95,1.88,562803481,75.6,MOD-00623,10.8,2025-12-12T01:46:02,2025-12-11T17:46:02,https://api.quant-aq.com/v1/devices/MOD-00623/data/562803331
341.82,737.74,"{'lat': None, 'lon': None}","{'rh': 75.6, 'temp': 10.8, 'wd': 0.0, 'ws': 0.0, 'ws_scalar': 0.0}","{'gas': {'co': 18148, 'co2': 13271, 'no': 18149, 'no2': 18150, 'o3': 18151}, 'pm': {'pm1': 17109, 'pm10': 17111, 'pm25': 17110}}",3.3,4.74,6.3,1.92,5.33,2.5,562803479,75.6,MOD-00623,10.8,2025-12-12T01:45:02,2025-12-11T17:45:02,https://api.quant-aq.com/v1/devices/MOD-00623/data/562803328
322.06,736.78,"{'lat': None, 'lon': None}","{'rh': 75.7, 'temp': 10.8, 'wd': 0.0, 'ws': 0.0, 'ws_scalar': 0.0}","{'gas': {'co': 18148, 'co2': 13271, 'no': 18149, 'no2': 18150, 'o3': 18151}, 'pm': {'pm1': 17109, 'pm10': 17111, 'pm25': 17110}}",4.33,3.15,8.4,1.67,7.85,2.4,562803480,75.7,MOD-00623,10.8,2025-12-12T01:44:02,2025-12-11T17:44:02,https://api.quant-aq.com/v1/devices/MOD-00623/data/562803329
334.84,737.38,"{'lat': None, 'lon': None}","{'rh': 75.6, 'temp': 10.8, 'wd': 0.0, 'ws': 0.0, 'ws_scalar': 0.0}","{'gas': {'co': 18148, 'co2': 13271, 'no': 18149, 'no2': 18150, 'o3': 18151}, 'pm': {'pm1': 17109, 'pm10': 17111, 'pm25': 17110}}",2.78,4.42,6.88,1.65,3.46,1.97,562801422,75.6,MOD-00623,10.8,2025-12-12T01:43:02,2025-12-11T17:43:02,https://api.quant-aq.com/v1/devices/MOD-00623/data/562801270
369.37,739.31,"{'lat': None, 'lon': None}","{'rh': 75.5, 'temp': 10.8, 'wd': 0.0, 'ws': 0.0, 'ws_scalar': 0.0}","{'gas': {'co': 18148, 'co2': 13271, 'no': 18149, 'no2': 18150, 'o3': 18151}, 'pm': {'pm1': 17109, 'pm10': 17111, 'pm25': 17110}}",5.12,3.17,8.87,1.27,8.37,1.87,562801420,75.5,MOD-00623,10.8,2025-12-12T01:42:02,2025-12-11T17:42:02,https://api.quant-aq.com/v1/devices/MOD-00623/data/562801268
405.44,747.26,"{'lat': None, 'lon': None}","{'rh': 76.1, 'temp': 10.8, 'wd': 0.0, 'ws': 0.0, 'ws_scalar': 0.0}","{'gas': {'co': 18148, 'co2': 13271, 'no': 18149, 'no2': 18150, 'o3': 18151}, 'pm': {'pm1': 17109, 'pm10': 17111, 'pm25': 17110}}",5.1,4.71,4.89,1.57,3.38,1.93,562801419,76.1,MOD-00623,10.8,2025-12-12T01:41:02,2025-12-11T17:41:02,https://api.quant-aq.com/v1/devices/MOD-00623/data/562801269
418.09,749.67,"{'lat': None, 'lon': None}","{'rh': 76.2, 'temp': 10.8, 'wd': 0.0, 'ws': 0.0, 'ws_scalar': 0.0}","{'gas': {'co': 18148, 'co2': 13271, 'no': 18149, 'no2': 18150, 'o3': 18151}, 'pm': {'pm1': 17109, 'pm10': 17111, 'pm25': 17110}}",4.83,4.7,6.25,1.94,3.6,2.25,562801421,76.2,MOD-00623,10.8,2025-12-12T01:40:02,2025-12-11T17:40:02,https://api.quant-aq.com/v1/devices/MOD-00623/data/562801271
416.45,753.28,"{'lat': None, 'lon': None}","{'rh': 76.2, 'temp': 10.8, 'wd': 0.0, 'ws': 0.0, 'ws_scalar': 0.0}","{'gas': {'co': 18148, 'co2': 13271, 'no': 18149, 'no2': 18150, 'o3': 18151}, 'pm': {'pm1': 17109, 'pm10': 17111, 'pm25': 17110}}",9.65,6.71,5.18,2.14,4.65,2.62,562799314,76.2,MOD-00623,10.8,2025-12-12T01:39:02,2025-12-11T17:39:02,https://api.quant-aq.com/v1/devices/MOD-00623/data/562799163
385.9,746.29,"{'lat': None, 'lon': None}","{'rh': 75.9, 'temp': 10.8, 'wd': 0.0, 'ws': 0.0, 'ws_scalar': 0.0}","{'gas': {'co': 18148, 'co2': 13271, 'no': 18149, 'no2': 18150, 'o3': 18151}, 'pm': {'pm1': 17109, 'pm10': 17111, 'pm25': 17110}}",8.94,4.1,6.52,1.7,3.04,2.15,562799315,75.9,MOD-00623,10.8,2025-12-12T01:38:02,2025-12-11T17:38:02,https://api.quant-aq.com/v1/devices/MOD-00623/data/562799165
377.84,743.16,"{'lat': None, 'lon': None}","{'rh': 75.7, 'temp': 10.8, 'wd': 0.0, 'ws': 0.0, 'ws_scalar': 0.0}","{'gas': {'co': 18148, 'co2': 13271, 'no': 18149, 'no2': 18150, 'o3': 18151}, 'pm': {'pm1': 17109, 'pm10': 17111, 'pm25': 17110}}",4.85,3.84,7.12,1.43,2.47,2.06,562799313,75.7,MOD-00623,10.8,2025-12-12T01:37:02,2025-12-11T17:37:02,https://api.quant-aq.com/v1/devices/MOD-00623/data/562799162
355.82,741.36,"{'lat': None, 'lon': None}","{'rh': 76.1, 'temp': 10.8, 'wd': 0.0, 'ws': 0.0, 'ws_scalar': 0.0}","{'gas': {'co': 18148, 'co2': 13271, 'no': 18149, 'no2': 18150, 'o3': 18151}, 'pm': {'pm1': 17109, 'pm10': 17111, 'pm25': 17110}}",2.76,3.12,7.0,1.56,2.49,2.06,562799316,76.1,MOD-00623,10.8,2025-12-12T01:36:02,2025-12-11T17:36:02,https://api.quant-aq.com/v1/devices/MOD-00623/data/562799164
354.45,739.31,"{'lat': None, 'lon': None}","{'rh': 76.3, 'temp': 10.8, 'wd': 0.0, 'ws': 0.0, 'ws_scalar': 0.0}","{'gas': {'co': 18148, 'co2': 13271, 'no': 18149, 'no2': 18150, 'o3': 18151}, 'pm': {'pm1': 17109, 'pm10': 17111, 'pm25': 17110}}",3.01,3.1,8.81,1.52,4.26,1.99,562797161,76.3,MOD-00623,10.8,2025-12-12T01:35:02,2025-12-11T17:35:02,https://api.quant-aq.com/v1/devices/MOD-00623/data/562797010
364.56,742.32,"{'lat': None, 'lon': None}","{'rh': 76.5, 'temp': 10.8, 'wd': 0.0, 'ws': 0.0, 'ws_scalar': 0.0}","{'gas': {'co': 18148, 'co2': 13271, 'no': 18149, 'no2': 18150, 'o3': 18151}, 'pm': {'pm1': 17109, 'pm10': 17111, 'pm25': 17110}}",2.38,3.08,6.51,1.39,2.39,1.83,562797162,76.5,MOD-00623,10.8,2025-12-12T01:34:02,2025-12-11T17:34:02,https://api.quant-aq.com/v1/devices/MOD-00623/data/562797011
384.85,743.89,"{'lat': None, 'lon': None}","{'rh': 76.8, 'temp': 10.8, 'wd': 0.0, 'ws': 0.0, 'ws_scalar': 0.0}","{'gas': {'co': 18148, 'co2': 13271, 'no': 18149, 'no2': 18150, 'o3': 18151}, 'pm': {'pm1': 17109, 'pm10': 17111, 'pm25': 17110}}",2.19,3.5,7.61,1.3,6.57,1.8,562797159,76.8,MOD-00623,10.8,2025-12-12T01:33:02,2025-12-11T17:33:02,https://api.quant-aq.com/v1/devices/MOD-00623/data/562797008
367.23,740.27,"{'lat': None, 'lon': None}","{'rh': 76.2, 'temp': 10.8, 'wd': 0.0, 'ws': 0.0, 'ws_scalar': 0.0}","{'gas': {'co': 18148, 'co2': 13271, 'no': 18149, 'no2': 18150, 'o3': 18151}, 'pm': {'pm1': 17109, 'pm10': 17111, 'pm25': 17110}}",2.76,3.11,6.99,1.14,1.77,1.52,562797160,76.2,MOD-00623,10.8,2025-12-12T01:32:02,2025-12-11T17:32:02,https://api.quant-aq.com/v1/devices/MOD-00623/data/562797009
365.52,736.18,"{'lat': None, 'lon': None}","{'rh': 76.3, 'temp': 10.8, 'wd': 0.0, 'ws': 0.0, 'ws_scalar': 0.0}","{'gas': {'co': 18148, 'co2': 13271, 'no': 18149, 'no2': 18150, 'o3': 18151}, 'pm': {'pm1': 17109, 'pm10': 17111, 'pm25': 17110}}",1.45,3.8,7.98,0.9,14.68,1.25,562795023,76.3,MOD-00623,10.8,2025-12-12T01:31:02,2025-12-11T17:31:02,https://api.quant-aq.com/v1/devices/MOD-00623/data/562794872
352.95,735.09,"{'lat': None, 'lon': None}","{'rh': 76.1, 'temp': 10.8, 'wd': 0.0, 'ws': 0.0, 'ws_scalar': 0.0}","{'gas': {'co': 18148, 'co2': 13271, 'no': 18149, 'no2': 18150, 'o3': 18151}, 'pm': {'pm1': 17109, 'pm10': 17111, 'pm25': 17110}}",2.01,2.74,8.61,1.17,2.65,1.52,562795024,76.1,MOD-00623,10.8,2025-12-12T01:30:02,2025-12-11T17:30:02,https://api.quant-aq.com/v1/devices/MOD-00623/data/562794873
366.55,735.7,"{'lat': None, 'lon': None}","{'rh': 76.0, 'temp': 10.8, 'wd': 0.0, 'ws': 0.0, 'ws_scalar': 0.0}","{'gas': {'co': 18148, 'co2': 13271, 'no': 18149, 'no2': 18150, 'o3': 18151}, 'pm': {'pm1': 17109, 'pm10': 17111, 'pm25': 17110}}",2.39,2.58,7.38,0.85,7.08,1.26,562795022,76.0,MOD-00623,10.8,2025-12-12T01:29:02,2025-12-11T17:29:02,https://api.quant-aq.com/v1/devices/MOD-00623/data/562794871
387.47,738.59,"{'lat': None, 'lon': None}","{'rh': 76.0, 'temp': 10.8, 'wd': 0.0, 'ws': 0.0, 'ws_scalar': 0.0}","{'gas': {'co': 18148, 'co2': 13271, 'no': 18149, 'no2': 18150, 'o3': 18151}, 'pm': {'pm1': 17109, 'pm10': 17111, 'pm25': 17110}}",3.28,2.93,7.59,0.98,8.61,1.56,562795025,76.0,MOD-00623,10.8,2025-12-12T01:28:02,2025-12-11T17:28:02,https://api.quant-aq.com/v1/devices/MOD-00623/data/562794874
334.08,734.13,"{'lat': None, 'lon': None}","{'rh': 76.1, 'temp': 10.8, 'wd': 0.0, 'ws': 0.0, 'ws_scalar': 0.0}","{'gas': {'co': 18148, 'co2': 13271, 'no': 18149, 'no2': 18150, 'o3': 18151}, 'pm': {'pm1': 17109, 'pm10': 17111, 'pm25': 17110}}",1.28,2.57,8.74,1.26,4.48,1.57,562792829,76.1,MOD-00623,10.8,2025-12-12T01:27:02,2025-12-11T17:27:02,https://api.quant-aq.com/v1/devices/MOD-00623/data/562792678
351.04,739.31,"{'lat': None, 'lon': None}","{'rh': 75.9, 'temp': 10.8, 'wd': 0.0, 'ws': 0.0, 'ws_scalar': 0.0}","{'gas': {'co': 18148, 'co2': 13271, 'no': 18149, 'no2': 18150, 'o3': 18151}, 'pm': {'pm1': 17109, 'pm10': 17111, 'pm25': 17110}}",3.03,3.13,7.47,1.09,2.37,1.54,562792828,75.9,MOD-00623,10.8,2025-12-12T01:26:02,2025-12-11T17:26:02,https://api.quant-aq.com/v1/devices/MOD-00623/data/562792677
344.89,734.01,"{'lat': None, 'lon': None}","{'rh': 75.9, 'temp': 10.8, 'wd': 0.0, 'ws': 0.0, 'ws_scalar': 0.0}","{'gas': {'co': 18148, 'co2': 13271, 'no': 18149, 'no2': 18150, 'o3': 18151}, 'pm': {'pm1': 17109, 'pm10': 17111, 'pm25': 17110}}",2.02,2.94,8.05,1.35,7.78,1.66,562792827,75.9,MOD-00623,10.8,2025-12-12T01:25:02,2025-12-11T17:25:02,https://api.quant-aq.com/v1/devices/MOD-00623/data/562792676
333.27,728.83,"{'lat': None, 'lon': None}","{'rh': 75.5, 'temp': 10.8, 'wd': 0.0, 'ws': 0.0, 'ws_scalar': 0.0}","{'gas': {'co': 18148, 'co2': 13271, 'no': 18149, 'no2': 18150, 'o3': 18151}, 'pm': {'pm1': 17109, 'pm10': 17111, 'pm25': 17110}}",2.03,2.97,8.08,1.33,18.55,1.84,562792830,75.5,MOD-00623,10.8,2025-12-12T01:24:02,2025-12-11T17:24:02,https://api.quant-aq.com/v1/devices/MOD-00623/data/562792679
344.28,732.8,"{'lat': None, 'lon': None}","{'rh': 75.6, 'temp': 10.8, 'wd': 0.0, 'ws': 0.0, 'ws_scalar': 0.0}","{'gas': {'co': 18148, 'co2': 13271, 'no': 18149, 'no2': 18150, 'o3': 18151}, 'pm': {'pm1': 17109, 'pm10': 17111, 'pm25': 17110}}",2.21,2.96,8.53,1.1,2.2,1.62,562790775,75.6,MOD-00623,10.8,2025-12-12T01:23:02,2025-12-11T17:23:02,https://api.quant-aq.com/v1/devices/MOD-00623/data/562790623
346.26,731.36,"{'lat': None, 'lon': None}","{'rh': 75.7, 'temp': 10.8, 'wd': 0.0, 'ws': 0.0, 'ws_scalar': 0.0}","{'gas': {'co': 18148, 'co2': 13271, 'no': 18149, 'no2': 18150, 'o3': 18151}, 'pm': {'pm1': 17109, 'pm10': 17111, 'pm25': 17110}}",3.3,3.15,7.94,1.22,4.6,1.73,562790776,75.7,MOD-00623,10.8,2025-12-12T01:22:02,2025-12-11T17:22:02,https://api.quant-aq.com/v1/devices/MOD-00623/data/562790625
309.96,728.23,"{'lat': None, 'lon': None}","{'rh': 76.0, 'temp': 10.8, 'wd': 0.0, 'ws': 0.0, 'ws_scalar': 0.0}","{'gas': {'co': 18148, 'co2': 13271, 'no': 18149, 'no2': 18150, 'o3': 18151}, 'pm': {'pm1': 17109, 'pm10': 17111, 'pm25': 17110}}",1.83,2.58,8.29,1.16,3.65,1.5,562790773,76.0,MOD-00623,10.8,2025-12-12T01:21:02,2025-12-11T17:21:02,https://api.quant-aq.com/v1/devices/MOD-00623/data/562790622
318.64,729.43,"{'lat': None, 'lon': None}","{'rh': 75.9, 'temp': 10.8, 'wd': 0.0, 'ws': 0.0, 'ws_scalar': 0.0}","{'gas': {'co': 18148, 'co2': 13271, 'no': 18149, 'no2': 18150, 'o3': 18151}, 'pm': {'pm1': 17109, 'pm10': 17111, 'pm25': 17110}}",0.73,2.43,8.42,1.54,5.31,2.07,562790774,75.9,MOD-00623,10.8,2025-12-12T01:20:02,2025-12-11T17:20:02,https://api.quant-aq.com/v1/devices/MOD-00623/data/562790624
350.22,733.29,"{'lat': None, 'lon': None}","{'rh': 75.9, 'temp': 10.8, 'wd': 0.0, 'ws': 0.0, 'ws_scalar': 0.0}","{'gas': {'co': 18148, 'co2': 13271, 'no': 18149, 'no2': 18150, 'o3': 18151}, 'pm': {'pm1': 17109, 'pm10': 17111, 'pm25': 17110}}",1.83,2.76,9.54,1.65,3.95,2.09,562788653,75.9,MOD-00623,10.8,2025-12-12T01:19:02,2025-12-11T17:19:02,https://api.quant-aq.com/v1/devices/MOD-00623/data/562788502
359.41,735.82,"{'lat': None, 'lon': None}","{'rh': 76.4, 'temp': 10.9, 'wd': 0.0, 'ws': 0.0, 'ws_scalar': 0.0}","{'gas': {'co': 18148, 'co2': 13271, 'no': 18149, 'no2': 18150, 'o3': 18151}, 'pm': {'pm1': 17109, 'pm10': 17111, 'pm25': 17110}}",2.16,3.11,7.88,1.71,23.95,2.56,562788655,76.4,MOD-00623,10.9,2025-12-12T01:18:02,2025-12-11T17:18:02,https://api.quant-aq.com/v1/devices/MOD-00623/data/562788506
338.59,738.95,"{'lat': None, 'lon': None}","{'rh': 76.1, 'temp': 10.8, 'wd': 0.0, 'ws': 0.0, 'ws_scalar': 0.0}","{'gas': {'co': 18148, 'co2': 13271, 'no': 18149, 'no2': 18150, 'o3': 18151}, 'pm': {'pm1': 17109, 'pm10': 17111, 'pm25': 17110}}",2.2,3.12,7.46,1.92,8.82,2.34,562788654,76.1,MOD-00623,10.8,2025-12-12T01:17:02,2025-12-11T17:17:02,https://api.quant-aq.com/v1/devices/MOD-00623/data/562788503
330.64,733.77,"{'lat': None, 'lon': None}","{'rh': 75.9, 'temp': 10.9, 'wd': 0.0, 'ws': 0.0, 'ws_scalar': 0.0}","{'gas': {'co': 18148, 'co2': 13271, 'no': 18149, 'no2': 18150, 'o3': 18151}, 'pm': {'pm1': 17109, 'pm10': 17111, 'pm25': 17110}}",1.25,2.77,8.62,1.72,6.3,2.24,562788652,75.9,MOD-00623,10.9,2025-12-12T01:16:02,2025-12-11T17:16:02,https://api.quant-aq.com/v1/devices/MOD-00623/data/562788501
375.95,737.26,"{'lat': None, 'lon': None}","{'rh': 76.2, 'temp': 10.9, 'wd': 0.0, 'ws': 0.0, 'ws_scalar': 0.0}","{'gas': {'co': 18148, 'co2': 13271, 'no': 18149, 'no2': 18150, 'o3': 18151}, 'pm': {'pm1': 17109, 'pm10': 17111, 'pm25': 17110}}",1.98,2.75,7.68,1.55,3.47,2.22,562786533,76.2,MOD-00623,10.9,2025-12-12T01:15:02,2025-12-11T17:15:02,https://api.quant-aq.com/v1/devices/MOD-00623/data/562786382
411.9,744.61,"{'lat': None, 'lon': None}","{'rh': 76.4, 'temp': 10.9, 'wd': 0.0, 'ws': 0.0, 'ws_scalar': 0.0}","{'gas': {'co': 18148, 'co2': 13271, 'no': 18149, 'no2': 18150, 'o3': 18151}, 'pm': {'pm1': 17109, 'pm10': 17111, 'pm25': 17110}}",2.16,3.11,7.42,2.29,7.32,2.98,562786534,76.4,MOD-00623,10.9,2025-12-12T01:14:02,2025-12-11T17:14:02,https://api.quant-aq.com/v1/devices/MOD-00623/data/562786383
432.48,742.68,"{'lat': None, 'lon': None}","{'rh': 76.3, 'temp': 10.9, 'wd': 0.0, 'ws': 0.0, 'ws_scalar': 0.0}","{'gas': {'co': 18148, 'co2': 13271, 'no': 18149, 'no2': 18150, 'o3': 18151}, 'pm': {'pm1': 17109, 'pm10': 17111, 'pm25': 17110}}",1.8,3.33,7.31,2.38,4.78,2.82,562786532,76.3,MOD-00623,10.9,2025-12-12T01:13:02,2025-12-11T17:13:02,https://api.quant-aq.com/v1/devices/MOD-00623/data/562786381
450.67,740.27,"{'lat': None, 'lon': None}","{'rh': 76.1, 'temp': 10.9, 'wd': 0.0, 'ws': 0.0, 'ws_scalar': 0.0}","{'gas': {'co': 18148, 'co2': 13271, 'no': 18149, 'no2': 18150, 'o3': 18151}, 'pm': {'pm1': 17109, 'pm10': 17111, 'pm25': 17110}}",2.74,2.94,8.02,2.49,7.66,3.13,562786535,76.1,MOD-00623,10.9,2025-12-12T01:12:02,2025-12-11T17:12:02,https://api.quant-aq.com/v1/devices/MOD-00623/data/562786384
422.1,736.9,"{'lat': None, 'lon': None}","{'rh': 75.9, 'temp': 10.9, 'wd': 0.0, 'ws': 0.0, 'ws_scalar': 0.0}","{'gas': {'co': 18148, 'co2': 13271, 'no': 18149, 'no2': 18150, 'o3': 18151}, 'pm': {'pm1': 17109, 'pm10': 17111, 'pm25': 17110}}",2.55,3.36,6.42,1.69,3.9,2.46,562784420,75.9,MOD-00623,10.9,2025-12-12T01:11:02,2025-12-11T17:11:02,https://api.quant-aq.com/v1/devices/MOD-00623/data/562784269
434.47,735.7,"{'lat': None, 'lon': None}","{'rh': 75.8, 'temp': 10.9, 'wd': 0.0, 'ws': 0.0, 'ws_scalar': 0.0}","{'gas': {'co': 18148, 'co2': 13271, 'no': 18149, 'no2': 18150, 'o3': 18151}, 'pm': {'pm1': 17109, 'pm10': 17111, 'pm25': 17110}}",2.18,2.78,9.08,1.7,6.06,2.22,562784419,75.8,MOD-00623,10.9,2025-12-12T01:10:02,2025-12-11T17:10:02,https://api.quant-aq.com/v1/devices/MOD-00623/data/562784268
352.45,733.41,"{'lat': None, 'lon': None}","{'rh': 75.8, 'temp': 10.9, 'wd': 0.0, 'ws': 0.0, 'ws_scalar': 0.0}","{'gas': {'co': 18148, 'co2': 13271, 'no': 18149, 'no2': 18150, 'o3': 18151}, 'pm': {'pm1': 17109, 'pm10': 17111, 'pm25': 17110}}",1.8,2.78,8.62,1.58,8.29,2.2,562784421,75.8,MOD-00623,10.9,2025-12-12T01:09:02,2025-12-11T17:09:02,https://api.quant-aq.com/v1/devices/MOD-00623/data/562784270
339.6,731.72,"{'lat': None, 'lon': None}","{'rh': 76.0, 'temp': 10.9, 'wd': 0.0, 'ws': 0.0, 'ws_scalar': 0.0}","{'gas': {'co': 18148, 'co2': 13271, 'no': 18149, 'no2': 18150, 'o3': 18151}, 'pm': {'pm1': 17109, 'pm10': 17111, 'pm25': 17110}}",1.8,2.6,8.73,1.27,4.3,1.83,562784418,76.0,MOD-00623,10.9,2025-12-12T01:08:02,2025-12-11T17:08:02,https://api.quant-aq.com/v1/devices/MOD-00623/data/562784267
333.17,729.79,"{'lat': None, 'lon': None}","{'rh': 75.8, 'temp': 10.9, 'wd': 0.0, 'ws': 0.0, 'ws_scalar': 0.0}","{'gas': {'co': 18148, 'co2': 13271, 'no': 18149, 'no2': 18150, 'o3': 18151}, 'pm': {'pm1': 17109, 'pm10': 17111, 'pm25': 17110}}",1.99,3.16,9.29,1.38,16.89,2.01,562782250,75.8,MOD-00623,10.9,2025-12-12T01:07:02,2025-12-11T17:07:02,https://api.quant-aq.com/v1/devices/MOD-00623/data/562782098
327.23,726.18,"{'lat': None, 'lon': None}","{'rh': 75.5, 'temp': 10.9, 'wd': 0.0, 'ws': 0.0, 'ws_scalar': 0.0}","{'gas': {'co': 18148, 'co2': 13271, 'no': 18149, 'no2': 18150, 'o3': 18151}, 'pm': {'pm1': 17109, 'pm10': 17111, 'pm25': 17110}}",1.08,2.18,9.6,1.26,4.48,2.05,562782251,75.5,MOD-00623,10.9,2025-12-12T01:06:02,2025-12-11T17:06:02,https://api.quant-aq.com/v1/devices/MOD-00623/data/562782100
343.34,728.83,"{'lat': None, 'lon': None}","{'rh': 75.5, 'temp': 11.0, 'wd': 0.0, 'ws': 0.0, 'ws_scalar': 0.0}","{'gas': {'co': 18148, 'co2': 13271, 'no': 18149, 'no2': 18150, 'o3': 18151}, 'pm': {'pm1': 17109, 'pm10': 17111, 'pm25': 17110}}",1.22,2.5,9.34,1.37,5.23,1.78,562782248,75.5,MOD-00623,11.0,2025-12-12T01:05:02,2025-12-11T17:05:02,https://api.quant-aq.com/v1/devices/MOD-00623/data/562782097
347.58,730.76,"{'lat': None, 'lon': None}","{'rh': 75.3, 'temp': 11.0, 'wd': 0.0, 'ws': 0.0, 'ws_scalar': 0.0}","{'gas': {'co': 18148, 'co2': 13271, 'no': 18149, 'no2': 18150, 'o3': 18151}, 'pm': {'pm1': 17109, 'pm10': 17111, 'pm25': 17110}}",1.6,2.51,9.81,1.45,3.85,1.98,562782249,75.3,MOD-00623,11.0,2025-12-12T01:04:02,2025-12-11T17:04:02,https://api.quant-aq.com/v1/devices/MOD-00623/data/562782099
358.99,737.74,"{'lat': None, 'lon': None}","{'rh': 75.4, 'temp': 11.0, 'wd': 0.0, 'ws': 0.0, 'ws_scalar': 0.0}","{'gas': {'co': 18148, 'co2': 13271, 'no': 18149, 'no2': 18150, 'o3': 18151}, 'pm': {'pm1': 17109, 'pm10': 17111, 'pm25': 17110}}",4.82,2.51,9.8,1.77,4.0,2.42,562780209,75.4,MOD-00623,11.0,2025-12-12T01:03:02,2025-12-11T17:03:02,https://api.quant-aq.com/v1/devices/MOD-00623/data/562780059
376.26,738.71,"{'lat': None, 'lon': None}","{'rh': 76.5, 'temp': 11.0, 'wd': 0.0, 'ws': 0.0, 'ws_scalar': 0.0}","{'gas': {'co': 18148, 'co2': 13271, 'no': 18149, 'no2': 18150, 'o3': 18151}, 'pm': {'pm1': 17109, 'pm10': 17111, 'pm25': 17110}}",3.22,2.74,6.28,1.48,7.01,2.21,562780211,76.5,MOD-00623,11.0,2025-12-12T01:02:02,2025-12-11T17:02:02,https://api.quant-aq.com/v1/devices/MOD-00623/data/562780061
391.92,743.04,"{'lat': None, 'lon': None}","{'rh': 76.4, 'temp': 11.0, 'wd': 0.0, 'ws': 0.0, 'ws_scalar': 0.0}","{'gas': {'co': 18148, 'co2': 13271, 'no': 18149, 'no2': 18150, 'o3': 18151}, 'pm': {'pm1': 17109, 'pm10': 17111, 'pm25': 17110}}",4.26,4.39,6.34,1.71,4.72,2.29,562780212,76.4,MOD-00623,11.0,2025-12-12T01:01:02,2025-12-11T17:01:02,https://api.quant-aq.com/v1/devices/MOD-00623/data/562780060
390.15,735.94,"{'lat': None, 'lon': None}","{'rh': 76.0, 'temp': 11.0, 'wd': 0.0, 'ws': 0.0, 'ws_scalar': 0.0}","{'gas': {'co': 18148, 'co2': 13271, 'no': 18149, 'no2': 18150, 'o3': 18151}, 'pm': {'pm1': 17109, 'pm10': 17111, 'pm25': 17110}}",2.33,2.61,8.26,1.54,7.11,2.03,562780210,76.0,MOD-00623,11.0,2025-12-12T01:00:02,2025-12-11T17:00:02,https://api.quant-aq.com/v1/devices/MOD-00623/data/562780058
429.73,736.66,"{'lat': None, 'lon': None}","{'rh': 75.7, 'temp': 11.0, 'wd': 0.0, 'ws': 0.0, 'ws_scalar': 0.0}","{'gas': {'co': 18148, 'co2': 13271, 'no': 18149, 'no2': 18150, 'o3': 18151}, 'pm': {'pm1': 17109, 'pm10': 17111, 'pm25': 17110}}",5.07,3.39,6.88,1.64,3.17,2.18,562778045,75.7,MOD-00623,11.0,2025-12-12T00:59:02,2025-12-11T16:59:02,https://api.quant-aq.com/v1/devices/MOD-00623/data/562777895
376.42,737.38,"{'lat': None, 'lon': None}","{'rh': 75.7, 'temp': 11.0, 'wd': 0.0, 'ws': 0.0, 'ws_scalar': 0.0}","{'gas': {'co': 18148, 'co2': 13271, 'no': 18149, 'no2': 18150, 'o3': 18151}, 'pm': {'pm1': 17109, 'pm10': 17111, 'pm25': 17110}}",6.72,3.18,7.0,1.83,5.98,2.22,562778035,75.7,MOD-00623,11.0,2025-12-12T00:58:02,2025-12-11T16:58:02,https://api.quant-aq.com/v1/devices/MOD-00623/data/562777884
337.8,737.62,"{'lat': None, 'lon': None}","{'rh': 75.8, 'temp': 11.0, 'wd': 0.0, 'ws': 0.0, 'ws_scalar': 0.0}","{'gas': {'co': 18148, 'co2': 13271, 'no': 18149, 'no2': 18150, 'o3': 18151}, 'pm': {'pm1': 17109, 'pm10': 17111, 'pm25': 17110}}",6.36,2.8,6.33,1.98,2.83,2.63,562778021,75.8,MOD-00623,11.0,2025-12-12T00:57:02,2025-12-11T16:57:02,https://api.quant-aq.com/v1/devices/MOD-00623/data/562777870
373.19,741.36,"{'lat': None, 'lon': None}","{'rh': 76.2, 'temp': 11.0, 'wd': 0.0, 'ws': 0.0, 'ws_scalar': 0.0}","{'gas': {'co': 18148, 'co2': 13271, 'no': 18149, 'no2': 18150, 'o3': 18151}, 'pm': {'pm1': 17109, 'pm10': 17111, 'pm25': 17110}}",5.05,2.6,6.42,2.29,9.65,2.76,562778017,76.2,MOD-00623,11.0,2025-12-12T00:56:02,2025-12-11T16:56:02,https://api.quant-aq.com/v1/devices/MOD-00623/data/562777867
390.55,743.89,"{'lat': None, 'lon': None}","{'rh': 76.6, 'temp': 11.0, 'wd': 0.0, 'ws': 0.0, 'ws_scalar': 0.0}","{'gas': {'co': 18148, 'co2': 13271, 'no': 18149, 'no2': 18150, 'o3': 18151}, 'pm': {'pm1': 17109, 'pm10': 17111, 'pm25': 17110}}",6.7,3.11,6.03,2.17,6.33,2.9,562775929,76.6,MOD-00623,11.0,2025-12-12T00:55:02,2025-12-11T16:55:02,https://api.quant-aq.com/v1/devices/MOD-00623/data/562775778
394.72,742.68,"{'lat': None, 'lon': None}","{'rh': 76.5, 'temp': 11.0, 'wd': 0.0, 'ws': 0.0, 'ws_scalar': 0.0}","{'gas': {'co': 18148, 'co2': 13271, 'no': 18149, 'no2': 18150, 'o3': 18151}, 'pm': {'pm1': 17109, 'pm10': 17111, 'pm25': 17110}}",5.63,3.33,6.37,2.88,3.97,3.7,562775928,76.5,MOD-00623,11.0,2025-12-12T00:54:02,2025-12-11T16:54:02,https://api.quant-aq.com/v1/devices/MOD-00623/data/562775777
398.55,741.24,"{'lat': None, 'lon': None}","{'rh': 76.3, 'temp': 11.0, 'wd': 0.0, 'ws': 0.0, 'ws_scalar': 0.0}","{'gas': {'co': 18148, 'co2': 13271, 'no': 18149, 'no2': 18150, 'o3': 18151}, 'pm': {'pm1': 17109, 'pm10': 17111, 'pm25': 17110}}",2.71,3.83,5.22,2.39,6.12,2.76,562775926,76.3,MOD-00623,11.0,2025-12-12T00:53:02,2025-12-11T16:53:02,https://api.quant-aq.com/v1/devices/MOD-00623/data/562775775
405.5,736.78,"{'lat': None, 'lon': None}","{'rh': 75.9, 'temp': 11.1, 'wd': 0.0, 'ws': 0.0, 'ws_scalar': 0.0}","{'gas': {'co': 18148, 'co2': 13271, 'no': 18149, 'no2': 18150, 'o3': 18151}, 'pm': {'pm1': 17109, 'pm10': 17111, 'pm25': 17110}}",2.12,2.99,6.64,2.0,17.4,2.57,562775927,75.9,MOD-00623,11.1,2025-12-12T00:52:02,2025-12-11T16:52:02,https://api.quant-aq.com/v1/devices/MOD-00623/data/562775776
445.56,739.31,"{'lat': None, 'lon': None}","{'rh': 76.1, 'temp': 11.1, 'wd': 0.0, 'ws': 0.0, 'ws_scalar': 0.0}","{'gas': {'co': 18148, 'co2': 13271, 'no': 18149, 'no2': 18150, 'o3': 18151}, 'pm': {'pm1': 17109, 'pm10': 17111, 'pm25': 17110}}",3.21,3.38,6.38,1.94,3.81,2.71,562773812,76.1,MOD-00623,11.1,2025-12-12T00:51:02,2025-12-11T16:51:02,https://api.quant-aq.com/v1/devices/MOD-00623/data/562773661
447.27,734.37,"{'lat': None, 'lon': None}","{'rh': 76.0, 'temp': 11.1, 'wd': 0.0, 'ws': 0.0, 'ws_scalar': 0.0}","{'gas': {'co': 18148, 'co2': 13271, 'no': 18149, 'no2': 18150, 'o3': 18151}, 'pm': {'pm1': 17109, 'pm10': 17111, 'pm25': 17110}}",3.22,2.63,6.43,2.17,17.91,2.61,562773810,76.0,MOD-00623,11.1,2025-12-12T00:50:02,2025-12-11T16:50:02,https://api.quant-aq.com/v1/devices/MOD-00623/data/562773659
433.73,740.99,"{'lat': None, 'lon': None}","{'rh': 76.0, 'temp': 11.1, 'wd': 0.0, 'ws': 0.0, 'ws_scalar': 0.0}","{'gas': {'co': 18148, 'co2': 13271, 'no': 18149, 'no2': 18150, 'o3': 18151}, 'pm': {'pm1': 17109, 'pm10': 17111, 'pm25': 17110}}",5.6,3.39,5.93,2.56,18.25,3.27,562773813,76.0,MOD-00623,11.1,2025-12-12T00:49:02,2025-12-11T16:49:02,https://api.quant-aq.com/v1/devices/MOD-00623/data/562773662
408.86,744.37,"{'lat': None, 'lon': None}","{'rh': 75.8, 'temp': 11.1, 'wd': 0.0, 'ws': 0.0, 'ws_scalar': 0.0}","{'gas': {'co': 18148, 'co2': 13271, 'no': 18149, 'no2': 18150, 'o3': 18151}, 'pm': {'pm1': 17109, 'pm10': 17111, 'pm25': 17110}}",9.89,3.4,5.49,3.22,11.15,3.97,562773811,75.8,MOD-00623,11.1,2025-12-12T00:48:02,2025-12-11T16:48:02,https://api.quant-aq.com/v1/devices/MOD-00623/data/562773660
351.85,745.93,"{'lat': None, 'lon': None}","{'rh': 75.8, 'temp': 11.1, 'wd': 0.0, 'ws': 0.0, 'ws_scalar': 0.0}","{'gas': {'co': 18148, 'co2': 13271, 'no': 18149, 'no2': 18150, 'o3': 18151}, 'pm': {'pm1': 17109, 'pm10': 17111, 'pm25': 17110}}",7.75,3.0,7.11,3.02,6.34,3.8,562771630,75.8,MOD-00623,11.1,2025-12-12T00:47:02,2025-12-11T16:47:02,https://api.quant-aq.com/v1/devices/MOD-00623/data/562771479
389.09,751.47,"{'lat': None, 'lon': None}","{'rh': 76.5, 'temp': 11.1, 'wd': 0.0, 'ws': 0.0, 'ws_scalar': 0.0}","{'gas': {'co': 18148, 'co2': 13271, 'no': 18149, 'no2': 18150, 'o3': 18151}, 'pm': {'pm1': 17109, 'pm10': 17111, 'pm25': 17110}}",9.52,4.4,4.95,2.28,4.36,3.08,562771628,76.5,MOD-00623,11.1,2025-12-12T00:46:02,2025-12-11T16:46:02,https://api.quant-aq.com/v1/devices/MOD-00623/data/562771477
401.93,753.64,"{'lat': None, 'lon': None}","{'rh': 76.9, 'temp': 11.1, 'wd': 0.0, 'ws': 0.0, 'ws_scalar': 0.0}","{'gas': {'co': 18148, 'co2': 13271, 'no': 18149, 'no2': 18150, 'o3': 18151}, 'pm': {'pm1': 17109, 'pm10': 17111, 'pm25': 17110}}",10.58,5.04,4.22,2.42,6.96,3.23,562771629,76.9,MOD-00623,11.1,2025-12-12T00:45:02,2025-12-11T16:45:02,https://api.quant-aq.com/v1/devices/MOD-00623/data/562771478
420.73,749.06,"{'lat': None, 'lon': None}","{'rh': 77.0, 'temp': 11.1, 'wd': 0.0, 'ws': 0.0, 'ws_scalar': 0.0}","{'gas': {'co': 18148, 'co2': 13271, 'no': 18149, 'no2': 18150, 'o3': 18151}, 'pm': {'pm1': 17109, 'pm10': 17111, 'pm25': 17110}}",16.3,6.24,4.75,2.41,7.04,3.17,562771631,77.0,MOD-00623,11.1,2025-12-12T00:44:02,2025-12-11T16:44:02,https://api.quant-aq.com/v1/devices/MOD-00623/data/562771480
445.51,747.5,"{'lat': None, 'lon': None}","{'rh': 76.9, 'temp': 11.2, 'wd': 0.0, 'ws': 0.0, 'ws_scalar': 0.0}","{'gas': {'co': 18148, 'co2': 13271, 'no': 18149, 'no2': 18150, 'o3': 18151}, 'pm': {'pm1': 17109, 'pm10': 17111, 'pm25': 17110}}",18.04,6.25,4.75,2.12,7.51,2.58,562769547,76.9,MOD-00623,11.2,2025-12-12T00:43:02,2025-12-11T16:43:02,https://api.quant-aq.com/v1/devices/MOD-00623/data/562769397
476.82,743.4,"{'lat': None, 'lon': None}","{'rh': 76.7, 'temp': 11.2, 'wd': 0.0, 'ws': 0.0, 'ws_scalar': 0.0}","{'gas': {'co': 18148, 'co2': 13271, 'no': 18149, 'no2': 18150, 'o3': 18151}, 'pm': {'pm1': 17109, 'pm10': 17111, 'pm25': 17110}}",16.97,6.26,4.76,2.34,8.09,3.07,562769546,76.7,MOD-00623,11.2,2025-12-12T00:42:02,2025-12-11T16:42:02,https://api.quant-aq.com/v1/devices/MOD-00623/data/562769396
492.14,744.13,"{'lat': None, 'lon': None}","{'rh': 76.5, 'temp': 11.2, 'wd': 0.0, 'ws': 0.0, 'ws_scalar': 0.0}","{'gas': {'co': 18148, 'co2': 13271, 'no': 18149, 'no2': 18150, 'o3': 18151}, 'pm': {'pm1': 17109, 'pm10': 17111, 'pm25': 17110}}",16.62,6.27,3.86,2.47,6.49,3.15,562769548,76.5,MOD-00623,11.2,2025-12-12T00:41:02,2025-12-11T16:41:02,https://api.quant-aq.com/v1/devices/MOD-00623/data/562769398
478.89,737.38,"{'lat': None, 'lon': None}","{'rh': 76.1, 'temp': 11.2, 'wd': 0.0, 'ws': 0.0, 'ws_scalar': 0.0}","{'gas': {'co': 18148, 'co2': 13271, 'no': 18149, 'no2': 18150, 'o3': 18151}, 'pm': {'pm1': 17109, 'pm10': 17111, 'pm25': 17110}}",13.77,4.43,5.88,2.53,11.5,3.24,562769549,76.1,MOD-00623,11.2,2025-12-12T00:40:02,2025-12-11T16:40:02,https://api.quant-aq.com/v1/devices/MOD-00623/data/562769395
481.49,738.71,"{'lat': None, 'lon': None}","{'rh': 75.9, 'temp': 11.2, 'wd': 0.0, 'ws': 0.0, 'ws_scalar': 0.0}","{'gas': {'co': 18148, 'co2': 13271, 'no': 18149, 'no2': 18150, 'o3': 18151}, 'pm': {'pm1': 17109, 'pm10': 17111, 'pm25': 17110}}",3.72,3.88,6.14,2.6,14.78,3.56,562767377,75.9,MOD-00623,11.2,2025-12-12T00:39:02,2025-12-11T16:39:02,https://api.quant-aq.com/v1/devices/MOD-00623/data/562767226
474.44,738.22,"{'lat': None, 'lon': None}","{'rh': 76.0, 'temp': 11.2, 'wd': 0.0, 'ws': 0.0, 'ws_scalar': 0.0}","{'gas': {'co': 18148, 'co2': 13271, 'no': 18149, 'no2': 18150, 'o3': 18151}, 'pm': {'pm1': 17109, 'pm10': 17111, 'pm25': 17110}}",10.92,4.76,4.85,2.66,16.62,3.61,562767375,76.0,MOD-00623,11.2,2025-12-12T00:38:02,2025-12-11T16:38:02,https://api.quant-aq.com/v1/devices/MOD-00623/data/562767224
476.5,747.26,"{'lat': None, 'lon': None}","{'rh': 76.0, 'temp': 11.2, 'wd': 0.0, 'ws': 0.0, 'ws_scalar': 0.0}","{'gas': {'co': 18148, 'co2': 13271, 'no': 18149, 'no2': 18150, 'o3': 18151}, 'pm': {'pm1': 17109, 'pm10': 17111, 'pm25': 17110}}",9.49,4.44,5.43,2.93,7.21,3.9,562767376,76.0,MOD-00623,11.2,2025-12-12T00:37:02,2025-12-11T16:37:02,https://api.quant-aq.com/v1/devices/MOD-00623/data/562767225
467.67,755.33,"{'lat': None, 'lon': None}","{'rh': 76.3, 'temp': 11.2, 'wd': 0.0, 'ws': 0.0, 'ws_scalar': 0.0}","{'gas': {'co': 18148, 'co2': 13271, 'no': 18149, 'no2': 18150, 'o3': 18151}, 'pm': {'pm1': 17109, 'pm10': 17111, 'pm25': 17110}}",9.48,4.42,5.41,2.28,5.55,3.04,562767374,76.3,MOD-00623,11.2,2025-12-12T00:36:02,2025-12-11T16:36:02,https://api.quant-aq.com/v1/devices/MOD-00623/data/562767223
456.23,751.59,"{'lat': None, 'lon': None}","{'rh': 76.4, 'temp': 11.3, 'wd': 0.0, 'ws': 0.0, 'ws_scalar': 0.0}","{'gas': {'co': 18148, 'co2': 13271, 'no': 18149, 'no2': 18150, 'o3': 18151}, 'pm': {'pm1': 17109, 'pm10': 17111, 'pm25': 17110}}",8.37,5.09,4.23,1.75,8.75,2.58,562765231,76.4,MOD-00623,11.3,2025-12-12T00:35:02,2025-12-11T16:35:02,https://api.quant-aq.com/v1/devices/MOD-00623/data/562765081
445.23,749.19,"{'lat': None, 'lon': None}","{'rh': 76.3, 'temp': 11.3, 'wd': 0.0, 'ws': 0.0, 'ws_scalar': 0.0}","{'gas': {'co': 18148, 'co2': 13271, 'no': 18149, 'no2': 18150, 'o3': 18151}, 'pm': {'pm1': 17109, 'pm10': 17111, 'pm25': 17110}}",7.3,5.09,4.24,1.71,6.44,2.43,562765229,76.3,MOD-00623,11.3,2025-12-12T00:34:02,2025-12-11T16:34:02,https://api.quant-aq.com/v1/devices/MOD-00623/data/562765078
455.14,748.7,"{'lat': None, 'lon': None}","{'rh': 76.2, 'temp': 11.3, 'wd': 0.0, 'ws': 0.0, 'ws_scalar': 0.0}","{'gas': {'co': 18148, 'co2': 13271, 'no': 18149, 'no2': 18150, 'o3': 18151}, 'pm': {'pm1': 17109, 'pm10': 17111, 'pm25': 17110}}",4.72,7.19,4.54,1.56,10.97,2.33,562765232,76.2,MOD-00623,11.3,2025-12-12T00:33:02,2025-12-11T16:33:02,https://api.quant-aq.com/v1/devices/MOD-00623/data/562765080
401.55,745.45,"{'lat': None, 'lon': None}","{'rh': 76.0, 'temp': 11.3, 'wd': 0.0, 'ws': 0.0, 'ws_scalar': 0.0}","{'gas': {'co': 18148, 'co2': 13271, 'no': 18149, 'no2': 18150, 'o3': 18151}, 'pm': {'pm1': 17109, 'pm10': 17111, 'pm25': 17110}}",5.52,5.47,4.14,1.49,12.56,2.13,562765230,76.0,MOD-00623,11.3,2025-12-12T00:32:02,2025-12-11T16:32:02,https://api.quant-aq.com/v1/devices/MOD-00623/data/562765079
404.84,748.94,"{'lat': None, 'lon': None}","{'rh': 76.0, 'temp': 11.3, 'wd': 0.0, 'ws': 0.0, 'ws_scalar': 0.0}","{'gas': {'co': 18148, 'co2': 13271, 'no': 18149, 'no2': 18150, 'o3': 18151}, 'pm': {'pm1': 17109, 'pm10': 17111, 'pm25': 17110}}",7.66,6.28,5.26,1.62,7.17,2.32,562763051,76.0,MOD-00623,11.3,2025-12-12T00:31:02,2025-12-11T16:31:02,https://api.quant-aq.com/v1/devices/MOD-00623/data/562762900
422.74,753.04,"{'lat': None, 'lon': None}","{'rh': 76.2, 'temp': 11.3, 'wd': 0.0, 'ws': 0.0, 'ws_scalar': 0.0}","{'gas': {'co': 18148, 'co2': 13271, 'no': 18149, 'no2': 18150, 'o3': 18151}, 'pm': {'pm1': 17109, 'pm10': 17111, 'pm25': 17110}}",14.08,8.75,4.17,1.62,8.3,2.65,562763050,76.2,MOD-00623,11.3,2025-12-12T00:30:02,2025-12-11T16:30:02,https://api.quant-aq.com/v1/devices/MOD-00623/data/562762898
436.0,753.28,"{'lat': None, 'lon': None}","{'rh': 76.0, 'temp': 11.3, 'wd': 0.0, 'ws': 0.0, 'ws_scalar': 0.0}","{'gas': {'co': 18148, 'co2': 13271, 'no': 18149, 'no2': 18150, 'o3': 18151}, 'pm': {'pm1': 17109, 'pm10': 17111, 'pm25': 17110}}",13.02,9.31,5.43,1.7,7.76,2.43,562763049,76.0,MOD-00623,11.3,2025-12-12T00:29:02,2025-12-11T16:29:02,https://api.quant-aq.com/v1/devices/MOD-00623/data/562762899
401.96,746.54,"{'lat': None, 'lon': None}","{'rh': 76.0, 'temp': 11.3, 'wd': 0.0, 'ws': 0.0, 'ws_scalar': 0.0}","{'gas': {'co': 18148, 'co2': 13271, 'no': 18149, 'no2': 18150, 'o3': 18151}, 'pm': {'pm1': 17109, 'pm10': 17111, 'pm25': 17110}}",9.8,8.21,4.31,1.46,14.46,2.39,562763048,76.0,MOD-00623,11.3,2025-12-12T00:28:02,2025-12-11T16:28:02,https://api.quant-aq.com/v1/devices/MOD-00623/data/562762897
401.21,748.22,"{'lat': None, 'lon': None}","{'rh': 75.9, 'temp': 11.3, 'wd': 0.0, 'ws': 0.0, 'ws_scalar': 0.0}","{'gas': {'co': 18148, 'co2': 13271, 'no': 18149, 'no2': 18150, 'o3': 18151}, 'pm': {'pm1': 17109, 'pm10': 17111, 'pm25': 17110}}",4.73,6.28,5.72,1.65,16.18,2.54,562760916,75.9,MOD-00623,11.3,2025-12-12T00:27:02,2025-12-11T16:27:02,https://api.quant-aq.com/v1/devices/MOD-00623/data/562760765
444.93,749.43,"{'lat': None, 'lon': None}","{'rh': 76.3, 'temp': 11.4, 'wd': 0.0, 'ws': 0.0, 'ws_scalar': 0.0}","{'gas': {'co': 18148, 'co2': 13271, 'no': 18149, 'no2': 18150, 'o3': 18151}, 'pm': {'pm1': 17109, 'pm10': 17111, 'pm25': 17110}}",9.04,7.68,4.4,1.77,5.42,2.43,562760914,76.3,MOD-00623,11.4,2025-12-12T00:26:02,2025-12-11T16:26:02,https://api.quant-aq.com/v1/devices/MOD-00623/data/562760763
413.42,744.85,"{'lat': None, 'lon': None}","{'rh': 76.2, 'temp': 11.4, 'wd': 0.0, 'ws': 0.0, 'ws_scalar': 0.0}","{'gas': {'co': 18148, 'co2': 13271, 'no': 18149, 'no2': 18150, 'o3': 18151}, 'pm': {'pm1': 17109, 'pm10': 17111, 'pm25': 17110}}",4.44,5.1,4.23,1.52,3.96,2.35,562760915,76.2,MOD-00623,11.4,2025-12-12T00:25:02,2025-12-11T16:25:02,https://api.quant-aq.com/v1/devices/MOD-00623/data/562760764
442.95,749.67,"{'lat': None, 'lon': None}","{'rh': 76.2, 'temp': 11.4, 'wd': 0.0, 'ws': 0.0, 'ws_scalar': 0.0}","{'gas': {'co': 18148, 'co2': 13271, 'no': 18149, 'no2': 18150, 'o3': 18151}, 'pm': {'pm1': 17109, 'pm10': 17111, 'pm25': 17110}}",4.44,5.1,3.78,1.62,3.11,2.3,562760913,76.2,MOD-00623,11.4,2025-12-12T00:24:02,2025-12-11T16:24:02,https://api.quant-aq.com/v1/devices/MOD-00623/data/562760762
420.8,751.47,"{'lat': None, 'lon': None}","{'rh': 76.2, 'temp': 11.4, 'wd': 0.0, 'ws': 0.0, 'ws_scalar': 0.0}","{'gas': {'co': 18148, 'co2': 13271, 'no': 18149, 'no2': 18150, 'o3': 18151}, 'pm': {'pm1': 17109, 'pm10': 17111, 'pm25': 17110}}",3.92,5.1,4.23,2.37,6.42,2.97,562758757,76.2,MOD-00623,11.4,2025-12-12T00:23:02,2025-12-11T16:23:02,https://api.quant-aq.com/v1/devices/MOD-00623/data/562758606
381.98,749.67,"{'lat': None, 'lon': None}","{'rh': 76.0, 'temp': 11.4, 'wd': 0.0, 'ws': 0.0, 'ws_scalar': 0.0}","{'gas': {'co': 18148, 'co2': 13271, 'no': 18149, 'no2': 18150, 'o3': 18151}, 'pm': {'pm1': 17109, 'pm10': 17111, 'pm25': 17110}}",4.45,6.72,5.12,2.64,25.74,3.32,562758759,76.0,MOD-00623,11.4,2025-12-12T00:22:02,2025-12-11T16:22:02,https://api.quant-aq.com/v1/devices/MOD-00623/data/562758608
381.91,747.98,"{'lat': None, 'lon': None}","{'rh': 76.1, 'temp': 11.4, 'wd': 0.0, 'ws': 0.0, 'ws_scalar': 0.0}","{'gas': {'co': 18148, 'co2': 13271, 'no': 18149, 'no2': 18150, 'o3': 18151}, 'pm': {'pm1': 17109, 'pm10': 17111, 'pm25': 17110}}",5.22,5.86,4.91,2.22,4.51,3.14,562758758,76.1,MOD-00623,11.4,2025-12-12T00:21:02,2025-12-11T16:21:02,https://api.quant-aq.com/v1/devices/MOD-00623/data/562758607
407.46,749.19,"{'lat': None, 'lon': None}","{'rh': 76.5, 'temp': 11.4, 'wd': 0.0, 'ws': 0.0, 'ws_scalar': 0.0}","{'gas': {'co': 18148, 'co2': 13271, 'no': 18149, 'no2': 18150, 'o3': 18151}, 'pm': {'pm1': 17109, 'pm10': 17111, 'pm25': 17110}}",3.91,6.27,6.12,2.11,7.85,2.95,562758760,76.5,MOD-00623,11.4,2025-12-12T00:20:02,2025-12-11T16:20:02,https://api.quant-aq.com/v1/devices/MOD-00623/data/562758609
387.44,751.23,"{'lat': None, 'lon': None}","{'rh': 76.4, 'temp': 11.4, 'wd': 0.0, 'ws': 0.0, 'ws_scalar': 0.0}","{'gas': {'co': 18148, 'co2': 13271, 'no': 18149, 'no2': 18150, 'o3': 18151}, 'pm': {'pm1': 17109, 'pm10': 17111, 'pm25': 17110}}",3.91,5.46,5.92,2.22,11.66,3.01,562756593,76.4,MOD-00623,11.4,2025-12-12T00:19:02,2025-12-11T16:19:02,https://api.quant-aq.com/v1/devices/MOD-00623/data/562756442
425.1,751.47,"{'lat': None, 'lon': None}","{'rh': 76.5, 'temp': 11.4, 'wd': 0.0, 'ws': 0.0, 'ws_scalar': 0.0}","{'gas': {'co': 18148, 'co2': 13271, 'no': 18149, 'no2': 18150, 'o3': 18151}, 'pm': {'pm1': 17109, 'pm10': 17111, 'pm25': 17110}}",4.43,7.68,3.93,2.26,5.38,2.97,562756592,76.5,MOD-00623,11.4,2025-12-12T00:18:02,2025-12-11T16:18:02,https://api.quant-aq.com/v1/devices/MOD-00623/data/562756441
417.45,747.14,"{'lat': None, 'lon': None}","{'rh': 76.3, 'temp': 11.4, 'wd': 0.0, 'ws': 0.0, 'ws_scalar': 0.0}","{'gas': {'co': 18148, 'co2': 13271, 'no': 18149, 'no2': 18150, 'o3': 18151}, 'pm': {'pm1': 17109, 'pm10': 17111, 'pm25': 17110}}",5.21,6.72,3.73,2.13,3.76,2.66,562756590,76.3,MOD-00623,11.4,2025-12-12T00:17:02,2025-12-11T16:17:02,https://api.quant-aq.com/v1/devices/MOD-00623/data/562756439
431.53,750.15,"{'lat': None, 'lon': None}","{'rh': 76.1, 'temp': 11.4, 'wd': 0.0, 'ws': 0.0, 'ws_scalar': 0.0}","{'gas': {'co': 18148, 'co2': 13271, 'no': 18149, 'no2': 18150, 'o3': 18151}, 'pm': {'pm1': 17109, 'pm10': 17111, 'pm25': 17110}}",2.63,5.11,5.15,1.93,3.66,2.6,562756591,76.1,MOD-00623,11.4,2025-12-12T00:16:02,2025-12-11T16:16:02,https://api.quant-aq.com/v1/devices/MOD-00623/data/562756440
429.07,756.29,"{'lat': None, 'lon': None}","{'rh': 76.1, 'temp': 11.4, 'wd': 0.0, 'ws': 0.0, 'ws_scalar': 0.0}","{'gas': {'co': 18148, 'co2': 13271, 'no': 18149, 'no2': 18150, 'o3': 18151}, 'pm': {'pm1': 17109, 'pm10': 17111, 'pm25': 17110}}",5.22,4.77,5.28,1.43,11.59,2.22,562754533,76.1,MOD-00623,11.4,2025-12-12T00:15:02,2025-12-11T16:15:02,https://api.quant-aq.com/v1/devices/MOD-00623/data/562754382
453.75,754.48,"{'lat': None, 'lon': None}","{'rh': 76.0, 'temp': 11.4, 'wd': 0.0, 'ws': 0.0, 'ws_scalar': 0.0}","{'gas': {'co': 18148, 'co2': 13271, 'no': 18149, 'no2': 18150, 'o3': 18151}, 'pm': {'pm1': 17109, 'pm10': 17111, 'pm25': 17110}}",7.97,5.47,4.58,1.4,7.88,2.11,562754534,76.0,MOD-00623,11.4,2025-12-12T00:14:02,2025-12-11T16:14:02,https://api.quant-aq.com/v1/devices/MOD-00623/data/562754383
471.28,754.85,"{'lat': None, 'lon': None}","{'rh': 76.3, 'temp': 11.5, 'wd': 0.0, 'ws': 0.0, 'ws_scalar': 0.0}","{'gas': {'co': 18148, 'co2': 13271, 'no': 18149, 'no2': 18150, 'o3': 18151}, 'pm': {'pm1': 17109, 'pm10': 17111, 'pm25': 17110}}",7.21,6.71,4.63,1.6,7.67,2.43,562754532,76.3,MOD-00623,11.5,2025-12-12T00:13:02,2025-12-11T16:13:02,https://api.quant-aq.com/v1/devices/MOD-00623/data/562754381
413.28,753.64,"{'lat': None, 'lon': None}","{'rh': 76.4, 'temp': 11.4, 'wd': 0.0, 'ws': 0.0, 'ws_scalar': 0.0}","{'gas': {'co': 18148, 'co2': 13271, 'no': 18149, 'no2': 18150, 'o3': 18151}, 'pm': {'pm1': 17109, 'pm10': 17111, 'pm25': 17110}}",9.75,5.46,5.01,1.74,3.36,2.27,562754535,76.4,MOD-00623,11.4,2025-12-12T00:12:02,2025-12-11T16:12:02,https://api.quant-aq.com/v1/devices/MOD-00623/data/562754384
413.53,750.39,"{'lat': None, 'lon': None}","{'rh': 76.2, 'temp': 11.5, 'wd': 0.0, 'ws': 0.0, 'ws_scalar': 0.0}","{'gas': {'co': 18148, 'co2': 13271, 'no': 18149, 'no2': 18150, 'o3': 18151}, 'pm': {'pm1': 17109, 'pm10': 17111, 'pm25': 17110}}",10.43,6.27,4.31,1.68,4.77,2.14,562752335,76.2,MOD-00623,11.5,2025-12-12T00:11:02,2025-12-11T16:11:02,https://api.quant-aq.com/v1/devices/MOD-00623/data/562752184
400.88,748.1,"{'lat': None, 'lon': None}","{'rh': 76.1, 'temp': 11.5, 'wd': 0.0, 'ws': 0.0, 'ws_scalar': 0.0}","{'gas': {'co': 18148, 'co2': 13271, 'no': 18149, 'no2': 18150, 'o3': 18151}, 'pm': {'pm1': 17109, 'pm10': 17111, 'pm25': 17110}}",9.72,4.77,5.26,1.73,10.34,2.3,562752334,76.1,MOD-00623,11.5,2025-12-12T00:10:02,2025-12-11T16:10:02,https://api.quant-aq.com/v1/devices/MOD-00623/data/562752183
406.63,750.39,"{'lat': None, 'lon': None}","{'rh': 76.1, 'temp': 11.5, 'wd': 0.0, 'ws': 0.0, 'ws_scalar': 0.0}","{'gas': {'co': 18148, 'co2': 13271, 'no': 18149, 'no2': 18150, 'o3': 18151}, 'pm': {'pm1': 17109, 'pm10': 17111, 'pm25': 17110}}",5.2,5.11,5.6,1.67,3.83,2.14,562752336,76.1,MOD-00623,11.5,2025-12-12T00:09:02,2025-12-11T16:09:02,https://api.quant-aq.com/v1/devices/MOD-00623/data/562752185
373.82,747.62,"{'lat': None, 'lon': None}","{'rh': 76.1, 'temp': 11.5, 'wd': 0.0, 'ws': 0.0, 'ws_scalar': 0.0}","{'gas': {'co': 18148, 'co2': 13271, 'no': 18149, 'no2': 18150, 'o3': 18151}, 'pm': {'pm1': 17109, 'pm10': 17111, 'pm25': 17110}}",5.46,3.91,4.72,1.73,4.17,2.35,562752333,76.1,MOD-00623,11.5,2025-12-12T00:08:02,2025-12-11T16:08:02,https://api.quant-aq.com/v1/devices/MOD-00623/data/562752182
385.64,744.25,"{'lat': None, 'lon': None}","{'rh': 76.2, 'temp': 11.5, 'wd': 0.0, 'ws': 0.0, 'ws_scalar': 0.0}","{'gas': {'co': 18148, 'co2': 13271, 'no': 18149, 'no2': 18150, 'o3': 18151}, 'pm': {'pm1': 17109, 'pm10': 17111, 'pm25': 17110}}",4.94,4.77,5.26,1.49,4.93,2.16,562750184,76.2,MOD-00623,11.5,2025-12-12T00:07:02,2025-12-11T16:07:02,https://api.quant-aq.com/v1/devices/MOD-00623/data/562750033
361.03,742.92,"{'lat': None, 'lon': None}","{'rh': 76.2, 'temp': 11.5, 'wd': 0.0, 'ws': 0.0, 'ws_scalar': 0.0}","{'gas': {'co': 18148, 'co2': 13271, 'no': 18149, 'no2': 18150, 'o3': 18151}, 'pm': {'pm1': 17109, 'pm10': 17111, 'pm25': 17110}}",3.12,3.66,5.75,1.39,10.26,1.81,562750187,76.2,MOD-00623,11.5,2025-12-12T00:06:02,2025-12-11T16:06:02,https://api.quant-aq.com/v1/devices/MOD-00623/data/562750036
345.25,741.12,"{'lat': None, 'lon': None}","{'rh': 75.9, 'temp': 11.5, 'wd': 0.0, 'ws': 0.0, 'ws_scalar': 0.0}","{'gas': {'co': 18148, 'co2': 13271, 'no': 18149, 'no2': 18150, 'o3': 18151}, 'pm': {'pm1': 17109, 'pm10': 17111, 'pm25': 17110}}",4.17,3.69,6.23,1.25,7.06,1.62,562750186,75.9,MOD-00623,11.5,2025-12-12T00:05:02,2025-12-11T16:05:02,https://api.quant-aq.com/v1/devices/MOD-00623/data/562750035
382.36,744.61,"{'lat': None, 'lon': None}","{'rh': 76.2, 'temp': 11.5, 'wd': 0.0, 'ws': 0.0, 'ws_scalar': 0.0}","{'gas': {'co': 18148, 'co2': 13271, 'no': 18149, 'no2': 18150, 'o3': 18151}, 'pm': {'pm1': 17109, 'pm10': 17111, 'pm25': 17110}}",5.79,4.17,5.96,1.04,7.2,1.6,562750185,76.2,MOD-00623,11.5,2025-12-12T00:04:02,2025-12-11T16:04:02,https://api.quant-aq.com/v1/devices/MOD-00623/data/562750034
384.68,746.05,"{'lat': None, 'lon': None}","{'rh': 76.4, 'temp': 11.5, 'wd': 0.0, 'ws': 0.0, 'ws_scalar': 0.0}","{'gas': {'co': 18148, 'co2': 13271, 'no': 18149, 'no2': 18150, 'o3': 18151}, 'pm': {'pm1': 17109, 'pm10': 17111, 'pm25': 17110}}",6.14,6.27,3.84,1.57,3.08,2.11,562748095,76.4,MOD-00623,11.5,2025-12-12T00:03:02,2025-12-11T16:03:02,https://api.quant-aq.com/v1/devices/MOD-00623/data/562747944
385.3,743.4,"{'lat': None, 'lon': None}","{'rh': 76.1, 'temp': 11.5, 'wd': 0.0, 'ws': 0.0, 'ws_scalar': 0.0}","{'gas': {'co': 18148, 'co2': 13271, 'no': 18149, 'no2': 18150, 'o3': 18151}, 'pm': {'pm1': 17109, 'pm10': 17111, 'pm25': 17110}}",5.46,4.77,5.26,1.3,3.76,1.73,562748096,76.1,MOD-00623,11.5,2025-12-12T00:02:02,2025-12-11T16:02:02,https://api.quant-aq.com/v1/devices/MOD-00623/data/562747945
411.21,744.25,"{'lat': None, 'lon': None}","{'rh': 76.0, 'temp': 11.5, 'wd': 0.0, 'ws': 0.0, 'ws_scalar': 0.0}","{'gas': {'co': 18148, 'co2': 13271, 'no': 18149, 'no2': 18150, 'o3': 18151}, 'pm': {'pm1': 17109, 'pm10': 17111, 'pm25': 17110}}",7.57,5.86,4.45,1.15,4.42,1.63,562748093,76.0,MOD-00623,11.5,2025-12-12T00:01:02,2025-12-11T16:01:02,https://api.quant-aq.com/v1/devices/MOD-00623/data/562747942
418.32,739.31,"{'lat': None, 'lon': None}","{'rh': 75.8, 'temp': 11.5, 'wd': 0.0, 'ws': 0.0, 'ws_scalar': 0.0}","{'gas': {'co': 18148, 'co2': 13271, 'no': 18149, 'no2': 18150, 'o3': 18151}, 'pm': {'pm1': 17109, 'pm10': 17111, 'pm25': 17110}}",7.94,4.79,5.29,1.18,3.42,1.84,562748094,75.8,MOD-00623,11.5,2025-12-12T00:00:02,2025-12-11T16:00:02,https://api.quant-aq.com/v1/devices/MOD-00623/data/562747943
