co,co2,geo,met,model,no,no2,o3,pm1,pm10,pm25,raw_data_id,rh,sn,temp,timestamp,timestamp_local,url
887.03,445.01,"{'lat': None, 'lon': None}","{'rh': 36.6, 'temp': 26.4, 'wd': 0.0, 'ws': 0.0, 'ws_scalar': 0.0}","{'gas': {'co': 13498, 'co2': 13260, 'no': 13586, 'no2': 13765, 'o3': 13745}, 'pm': {'pm1': 13200, 'pm10': 13202, 'pm25': 13201}}",2.46,5.79,24.54,1.53,1.61,1.57,501372124,36.6,MOD-00613,26.4,2025-09-25T09:03:31,2025-09-25T02:03:31,https://api.quant-aq.com/v1/devices/MOD-00613/data/501371977
888.15,446.82,"{'lat': None, 'lon': None}","{'rh': 36.6, 'temp': 26.3, 'wd': 0.0, 'ws': 0.0, 'ws_scalar': 0.0}","{'gas': {'co': 13498, 'co2': 13260, 'no': 13586, 'no2': 13765, 'o3': 13745}, 'pm': {'pm1': 13200, 'pm10': 13202, 'pm25': 13201}}",2.46,5.93,25.05,2.11,2.69,2.17,501372122,36.6,MOD-00613,26.3,2025-09-25T09:02:31,2025-09-25T02:02:31,https://api.quant-aq.com/v1/devices/MOD-00613/data/501371975
884.46,448.38,"{'lat': None, 'lon': None}","{'rh': 36.6, 'temp': 26.3, 'wd': 0.0, 'ws': 0.0, 'ws_scalar': 0.0}","{'gas': {'co': 13498, 'co2': 13260, 'no': 13586, 'no2': 13765, 'o3': 13745}, 'pm': {'pm1': 13200, 'pm10': 13202, 'pm25': 13201}}",2.46,5.78,25.05,1.9,1.99,1.95,501372123,36.6,MOD-00613,26.3,2025-09-25T09:01:31,2025-09-25T02:01:31,https://api.quant-aq.com/v1/devices/MOD-00613/data/501371976
891.85,448.26,"{'lat': None, 'lon': None}","{'rh': 36.6, 'temp': 26.3, 'wd': 0.0, 'ws': 0.0, 'ws_scalar': 0.0}","{'gas': {'co': 13498, 'co2': 13260, 'no': 13586, 'no2': 13765, 'o3': 13745}, 'pm': {'pm1': 13200, 'pm10': 13202, 'pm25': 13201}}",2.46,5.82,25.05,1.81,1.88,1.88,501372121,36.6,MOD-00613,26.3,2025-09-25T09:00:31,2025-09-25T02:00:31,https://api.quant-aq.com/v1/devices/MOD-00613/data/501371973
885.62,447.78,"{'lat': None, 'lon': None}","{'rh': 36.7, 'temp': 26.3, 'wd': 0.0, 'ws': 0.0, 'ws_scalar': 0.0}","{'gas': {'co': 13498, 'co2': 13260, 'no': 13586, 'no2': 13765, 'o3': 13745}, 'pm': {'pm1': 13200, 'pm10': 13202, 'pm25': 13201}}",2.46,5.79,25.29,1.89,2.18,1.98,501372120,36.7,MOD-00613,26.3,2025-09-25T08:59:31,2025-09-25T01:59:31,https://api.quant-aq.com/v1/devices/MOD-00613/data/501371974
887.67,447.3,"{'lat': None, 'lon': None}","{'rh': 36.7, 'temp': 26.3, 'wd': 0.0, 'ws': 0.0, 'ws_scalar': 0.0}","{'gas': {'co': 13498, 'co2': 13260, 'no': 13586, 'no2': 13765, 'o3': 13745}, 'pm': {'pm1': 13200, 'pm10': 13202, 'pm25': 13201}}",2.46,5.96,24.48,1.58,1.61,1.61,501369310,36.7,MOD-00613,26.3,2025-09-25T08:58:31,2025-09-25T01:58:31,https://api.quant-aq.com/v1/devices/MOD-00613/data/501369163
884.46,445.25,"{'lat': None, 'lon': None}","{'rh': 36.6, 'temp': 26.3, 'wd': 0.0, 'ws': 0.0, 'ws_scalar': 0.0}","{'gas': {'co': 13498, 'co2': 13260, 'no': 13586, 'no2': 13765, 'o3': 13745}, 'pm': {'pm1': 13200, 'pm10': 13202, 'pm25': 13201}}",2.46,5.93,25.32,1.83,1.84,1.84,501369309,36.6,MOD-00613,26.3,2025-09-25T08:57:31,2025-09-25T01:57:31,https://api.quant-aq.com/v1/devices/MOD-00613/data/501369162
889.72,445.74,"{'lat': None, 'lon': None}","{'rh': 36.7, 'temp': 26.3, 'wd': 0.0, 'ws': 0.0, 'ws_scalar': 0.0}","{'gas': {'co': 13498, 'co2': 13260, 'no': 13586, 'no2': 13765, 'o3': 13745}, 'pm': {'pm1': 13200, 'pm10': 13202, 'pm25': 13201}}",2.46,5.79,24.48,1.7,2.26,1.76,501369308,36.7,MOD-00613,26.3,2025-09-25T08:56:31,2025-09-25T01:56:31,https://api.quant-aq.com/v1/devices/MOD-00613/data/501369161
891.37,448.26,"{'lat': None, 'lon': None}","{'rh': 36.7, 'temp': 26.3, 'wd': 0.0, 'ws': 0.0, 'ws_scalar': 0.0}","{'gas': {'co': 13498, 'co2': 13260, 'no': 13586, 'no2': 13765, 'o3': 13745}, 'pm': {'pm1': 13200, 'pm10': 13202, 'pm25': 13201}}",2.46,5.74,25.29,1.51,1.54,1.54,501369307,36.7,MOD-00613,26.3,2025-09-25T08:55:31,2025-09-25T01:55:31,https://api.quant-aq.com/v1/devices/MOD-00613/data/501369160
890.95,449.83,"{'lat': None, 'lon': None}","{'rh': 36.7, 'temp': 26.3, 'wd': 0.0, 'ws': 0.0, 'ws_scalar': 0.0}","{'gas': {'co': 13498, 'co2': 13260, 'no': 13586, 'no2': 13765, 'o3': 13745}, 'pm': {'pm1': 13200, 'pm10': 13202, 'pm25': 13201}}",2.46,5.79,24.75,1.56,1.63,1.59,501369306,36.7,MOD-00613,26.3,2025-09-25T08:54:31,2025-09-25T01:54:31,https://api.quant-aq.com/v1/devices/MOD-00613/data/501369159
887.26,446.46,"{'lat': None, 'lon': None}","{'rh': 36.7, 'temp': 26.3, 'wd': 0.0, 'ws': 0.0, 'ws_scalar': 0.0}","{'gas': {'co': 13498, 'co2': 13260, 'no': 13586, 'no2': 13765, 'o3': 13745}, 'pm': {'pm1': 13200, 'pm10': 13202, 'pm25': 13201}}",2.46,5.84,24.75,1.72,1.73,1.73,501366505,36.7,MOD-00613,26.3,2025-09-25T08:53:31,2025-09-25T01:53:31,https://api.quant-aq.com/v1/devices/MOD-00613/data/501366356
890.13,445.13,"{'lat': None, 'lon': None}","{'rh': 36.7, 'temp': 26.3, 'wd': 0.0, 'ws': 0.0, 'ws_scalar': 0.0}","{'gas': {'co': 13498, 'co2': 13260, 'no': 13586, 'no2': 13765, 'o3': 13745}, 'pm': {'pm1': 13200, 'pm10': 13202, 'pm25': 13201}}",2.45,5.79,24.75,1.77,2.1,1.85,501366506,36.7,MOD-00613,26.3,2025-09-25T08:52:31,2025-09-25T01:52:31,https://api.quant-aq.com/v1/devices/MOD-00613/data/501366359
893.42,447.66,"{'lat': None, 'lon': None}","{'rh': 36.7, 'temp': 26.3, 'wd': 0.0, 'ws': 0.0, 'ws_scalar': 0.0}","{'gas': {'co': 13498, 'co2': 13260, 'no': 13586, 'no2': 13765, 'o3': 13745}, 'pm': {'pm1': 13200, 'pm10': 13202, 'pm25': 13201}}",2.46,5.79,25.02,2.04,2.19,2.15,501366504,36.7,MOD-00613,26.3,2025-09-25T08:51:31,2025-09-25T01:51:31,https://api.quant-aq.com/v1/devices/MOD-00613/data/501366357
889.72,447.66,"{'lat': None, 'lon': None}","{'rh': 36.7, 'temp': 26.3, 'wd': 0.0, 'ws': 0.0, 'ws_scalar': 0.0}","{'gas': {'co': 13498, 'co2': 13260, 'no': 13586, 'no2': 13765, 'o3': 13745}, 'pm': {'pm1': 13200, 'pm10': 13202, 'pm25': 13201}}",2.46,5.88,24.48,1.75,2.03,1.82,501366503,36.7,MOD-00613,26.3,2025-09-25T08:50:31,2025-09-25T01:50:31,https://api.quant-aq.com/v1/devices/MOD-00613/data/501366358
893.83,448.02,"{'lat': None, 'lon': None}","{'rh': 36.7, 'temp': 26.3, 'wd': 0.0, 'ws': 0.0, 'ws_scalar': 0.0}","{'gas': {'co': 13498, 'co2': 13260, 'no': 13586, 'no2': 13765, 'o3': 13745}, 'pm': {'pm1': 13200, 'pm10': 13202, 'pm25': 13201}}",2.46,5.84,25.02,1.83,1.98,1.9,501366502,36.7,MOD-00613,26.3,2025-09-25T08:49:31,2025-09-25T01:49:31,https://api.quant-aq.com/v1/devices/MOD-00613/data/501366355
891.37,444.89,"{'lat': None, 'lon': None}","{'rh': 36.7, 'temp': 26.3, 'wd': 0.0, 'ws': 0.0, 'ws_scalar': 0.0}","{'gas': {'co': 13498, 'co2': 13260, 'no': 13586, 'no2': 13765, 'o3': 13745}, 'pm': {'pm1': 13200, 'pm10': 13202, 'pm25': 13201}}",2.46,5.79,25.02,1.94,1.97,1.97,501363721,36.7,MOD-00613,26.3,2025-09-25T08:48:31,2025-09-25T01:48:31,https://api.quant-aq.com/v1/devices/MOD-00613/data/501363574
890.13,448.99,"{'lat': None, 'lon': None}","{'rh': 36.7, 'temp': 26.3, 'wd': 0.0, 'ws': 0.0, 'ws_scalar': 0.0}","{'gas': {'co': 13498, 'co2': 13260, 'no': 13586, 'no2': 13765, 'o3': 13745}, 'pm': {'pm1': 13200, 'pm10': 13202, 'pm25': 13201}}",2.46,5.88,25.02,2.5,2.57,2.53,501363722,36.7,MOD-00613,26.3,2025-09-25T08:47:31,2025-09-25T01:47:31,https://api.quant-aq.com/v1/devices/MOD-00613/data/501363575
898.75,448.26,"{'lat': None, 'lon': None}","{'rh': 36.7, 'temp': 26.3, 'wd': 0.0, 'ws': 0.0, 'ws_scalar': 0.0}","{'gas': {'co': 13498, 'co2': 13260, 'no': 13586, 'no2': 13765, 'o3': 13745}, 'pm': {'pm1': 13200, 'pm10': 13202, 'pm25': 13201}}",2.46,5.79,24.48,1.42,1.5,1.46,501363723,36.7,MOD-00613,26.3,2025-09-25T08:46:31,2025-09-25T01:46:31,https://api.quant-aq.com/v1/devices/MOD-00613/data/501363576
892.19,449.71,"{'lat': None, 'lon': None}","{'rh': 36.7, 'temp': 26.3, 'wd': 0.0, 'ws': 0.0, 'ws_scalar': 0.0}","{'gas': {'co': 13498, 'co2': 13260, 'no': 13586, 'no2': 13765, 'o3': 13745}, 'pm': {'pm1': 13200, 'pm10': 13202, 'pm25': 13201}}",2.46,5.79,25.29,1.96,2.06,2.02,501363724,36.7,MOD-00613,26.3,2025-09-25T08:45:31,2025-09-25T01:45:31,https://api.quant-aq.com/v1/devices/MOD-00613/data/501363577
891.37,449.71,"{'lat': None, 'lon': None}","{'rh': 36.7, 'temp': 26.3, 'wd': 0.0, 'ws': 0.0, 'ws_scalar': 0.0}","{'gas': {'co': 13498, 'co2': 13260, 'no': 13586, 'no2': 13765, 'o3': 13745}, 'pm': {'pm1': 13200, 'pm10': 13202, 'pm25': 13201}}",2.46,5.84,25.02,1.8,1.82,1.82,501363720,36.7,MOD-00613,26.3,2025-09-25T08:44:31,2025-09-25T01:44:31,https://api.quant-aq.com/v1/devices/MOD-00613/data/501363573
897.52,448.87,"{'lat': None, 'lon': None}","{'rh': 36.7, 'temp': 26.3, 'wd': 0.0, 'ws': 0.0, 'ws_scalar': 0.0}","{'gas': {'co': 13498, 'co2': 13260, 'no': 13586, 'no2': 13765, 'o3': 13745}, 'pm': {'pm1': 13200, 'pm10': 13202, 'pm25': 13201}}",2.46,5.84,25.29,2.07,2.11,2.11,501360856,36.7,MOD-00613,26.3,2025-09-25T08:43:31,2025-09-25T01:43:31,https://api.quant-aq.com/v1/devices/MOD-00613/data/501360708
893.83,448.75,"{'lat': None, 'lon': None}","{'rh': 36.7, 'temp': 26.3, 'wd': 0.0, 'ws': 0.0, 'ws_scalar': 0.0}","{'gas': {'co': 13498, 'co2': 13260, 'no': 13586, 'no2': 13765, 'o3': 13745}, 'pm': {'pm1': 13200, 'pm10': 13202, 'pm25': 13201}}",2.47,5.79,24.48,1.53,1.54,1.54,501360853,36.7,MOD-00613,26.3,2025-09-25T08:42:31,2025-09-25T01:42:31,https://api.quant-aq.com/v1/devices/MOD-00613/data/501360706
896.7,448.87,"{'lat': None, 'lon': None}","{'rh': 36.7, 'temp': 26.3, 'wd': 0.0, 'ws': 0.0, 'ws_scalar': 0.0}","{'gas': {'co': 13498, 'co2': 13260, 'no': 13586, 'no2': 13765, 'o3': 13745}, 'pm': {'pm1': 13200, 'pm10': 13202, 'pm25': 13201}}",2.46,5.84,24.75,1.93,2.06,2.02,501360855,36.7,MOD-00613,26.3,2025-09-25T08:41:31,2025-09-25T01:41:31,https://api.quant-aq.com/v1/devices/MOD-00613/data/501360709
893.83,449.95,"{'lat': None, 'lon': None}","{'rh': 36.7, 'temp': 26.3, 'wd': 0.0, 'ws': 0.0, 'ws_scalar': 0.0}","{'gas': {'co': 13498, 'co2': 13260, 'no': 13586, 'no2': 13765, 'o3': 13745}, 'pm': {'pm1': 13200, 'pm10': 13202, 'pm25': 13201}}",2.46,5.84,25.29,2.28,2.3,2.3,501360852,36.7,MOD-00613,26.3,2025-09-25T08:40:31,2025-09-25T01:40:31,https://api.quant-aq.com/v1/devices/MOD-00613/data/501360705
892.6,450.55,"{'lat': None, 'lon': None}","{'rh': 36.7, 'temp': 26.3, 'wd': 0.0, 'ws': 0.0, 'ws_scalar': 0.0}","{'gas': {'co': 13498, 'co2': 13260, 'no': 13586, 'no2': 13765, 'o3': 13745}, 'pm': {'pm1': 13200, 'pm10': 13202, 'pm25': 13201}}",2.46,5.88,25.02,2.11,2.18,2.14,501360854,36.7,MOD-00613,26.3,2025-09-25T08:39:31,2025-09-25T01:39:31,https://api.quant-aq.com/v1/devices/MOD-00613/data/501360707
890.13,450.07,"{'lat': None, 'lon': None}","{'rh': 36.7, 'temp': 26.3, 'wd': 0.0, 'ws': 0.0, 'ws_scalar': 0.0}","{'gas': {'co': 13498, 'co2': 13260, 'no': 13586, 'no2': 13765, 'o3': 13745}, 'pm': {'pm1': 13200, 'pm10': 13202, 'pm25': 13201}}",2.46,5.79,25.02,1.71,1.84,1.8,501358038,36.7,MOD-00613,26.3,2025-09-25T08:38:31,2025-09-25T01:38:31,https://api.quant-aq.com/v1/devices/MOD-00613/data/501357891
893.42,450.19,"{'lat': None, 'lon': None}","{'rh': 36.7, 'temp': 26.3, 'wd': 0.0, 'ws': 0.0, 'ws_scalar': 0.0}","{'gas': {'co': 13498, 'co2': 13260, 'no': 13586, 'no2': 13765, 'o3': 13745}, 'pm': {'pm1': 13200, 'pm10': 13202, 'pm25': 13201}}",2.46,5.84,24.75,1.63,1.87,1.67,501358037,36.7,MOD-00613,26.3,2025-09-25T08:37:31,2025-09-25T01:37:31,https://api.quant-aq.com/v1/devices/MOD-00613/data/501357890
904.91,447.42,"{'lat': None, 'lon': None}","{'rh': 36.7, 'temp': 26.3, 'wd': 0.0, 'ws': 0.0, 'ws_scalar': 0.0}","{'gas': {'co': 13498, 'co2': 13260, 'no': 13586, 'no2': 13765, 'o3': 13745}, 'pm': {'pm1': 13200, 'pm10': 13202, 'pm25': 13201}}",2.47,5.84,25.02,1.88,1.89,1.89,501358034,36.7,MOD-00613,26.3,2025-09-25T08:36:31,2025-09-25T01:36:31,https://api.quant-aq.com/v1/devices/MOD-00613/data/501357888
893.42,450.19,"{'lat': None, 'lon': None}","{'rh': 36.7, 'temp': 26.3, 'wd': 0.0, 'ws': 0.0, 'ws_scalar': 0.0}","{'gas': {'co': 13498, 'co2': 13260, 'no': 13586, 'no2': 13765, 'o3': 13745}, 'pm': {'pm1': 13200, 'pm10': 13202, 'pm25': 13201}}",2.46,5.88,24.75,1.89,1.93,1.93,501358035,36.7,MOD-00613,26.3,2025-09-25T08:35:31,2025-09-25T01:35:31,https://api.quant-aq.com/v1/devices/MOD-00613/data/501357887
898.75,448.87,"{'lat': None, 'lon': None}","{'rh': 36.7, 'temp': 26.3, 'wd': 0.0, 'ws': 0.0, 'ws_scalar': 0.0}","{'gas': {'co': 13498, 'co2': 13260, 'no': 13586, 'no2': 13765, 'o3': 13745}, 'pm': {'pm1': 13200, 'pm10': 13202, 'pm25': 13201}}",2.46,5.84,25.02,1.85,1.93,1.89,501358036,36.7,MOD-00613,26.3,2025-09-25T08:34:31,2025-09-25T01:34:31,https://api.quant-aq.com/v1/devices/MOD-00613/data/501357889
895.47,450.91,"{'lat': None, 'lon': None}","{'rh': 36.7, 'temp': 26.3, 'wd': 0.0, 'ws': 0.0, 'ws_scalar': 0.0}","{'gas': {'co': 13498, 'co2': 13260, 'no': 13586, 'no2': 13765, 'o3': 13745}, 'pm': {'pm1': 13200, 'pm10': 13202, 'pm25': 13201}}",2.46,5.84,24.75,1.8,2.19,1.83,501355222,36.7,MOD-00613,26.3,2025-09-25T08:33:31,2025-09-25T01:33:31,https://api.quant-aq.com/v1/devices/MOD-00613/data/501355076
897.52,450.31,"{'lat': None, 'lon': None}","{'rh': 36.7, 'temp': 26.3, 'wd': 0.0, 'ws': 0.0, 'ws_scalar': 0.0}","{'gas': {'co': 13498, 'co2': 13260, 'no': 13586, 'no2': 13765, 'o3': 13745}, 'pm': {'pm1': 13200, 'pm10': 13202, 'pm25': 13201}}",2.46,5.84,25.02,2.03,2.07,2.07,501355224,36.7,MOD-00613,26.3,2025-09-25T08:32:31,2025-09-25T01:32:31,https://api.quant-aq.com/v1/devices/MOD-00613/data/501355077
900.4,451.03,"{'lat': None, 'lon': None}","{'rh': 36.7, 'temp': 26.3, 'wd': 0.0, 'ws': 0.0, 'ws_scalar': 0.0}","{'gas': {'co': 13498, 'co2': 13260, 'no': 13586, 'no2': 13765, 'o3': 13745}, 'pm': {'pm1': 13200, 'pm10': 13202, 'pm25': 13201}}",2.46,5.88,24.75,2.25,2.33,2.29,501355223,36.7,MOD-00613,26.3,2025-09-25T08:31:31,2025-09-25T01:31:31,https://api.quant-aq.com/v1/devices/MOD-00613/data/501355075
894.99,449.83,"{'lat': None, 'lon': None}","{'rh': 36.8, 'temp': 26.3, 'wd': 0.0, 'ws': 0.0, 'ws_scalar': 0.0}","{'gas': {'co': 13498, 'co2': 13260, 'no': 13586, 'no2': 13765, 'o3': 13745}, 'pm': {'pm1': 13200, 'pm10': 13202, 'pm25': 13201}}",2.47,5.8,24.72,1.8,2.39,1.85,501355226,36.8,MOD-00613,26.3,2025-09-25T08:30:31,2025-09-25T01:30:31,https://api.quant-aq.com/v1/devices/MOD-00613/data/501355079
897.04,452.48,"{'lat': None, 'lon': None}","{'rh': 36.8, 'temp': 26.3, 'wd': 0.0, 'ws': 0.0, 'ws_scalar': 0.0}","{'gas': {'co': 13498, 'co2': 13260, 'no': 13586, 'no2': 13765, 'o3': 13745}, 'pm': {'pm1': 13200, 'pm10': 13202, 'pm25': 13201}}",2.47,5.86,24.99,1.77,1.79,1.79,501355225,36.8,MOD-00613,26.3,2025-09-25T08:29:31,2025-09-25T01:29:31,https://api.quant-aq.com/v1/devices/MOD-00613/data/501355078
895.4,446.94,"{'lat': None, 'lon': None}","{'rh': 36.8, 'temp': 26.3, 'wd': 0.0, 'ws': 0.0, 'ws_scalar': 0.0}","{'gas': {'co': 13498, 'co2': 13260, 'no': 13586, 'no2': 13765, 'o3': 13745}, 'pm': {'pm1': 13200, 'pm10': 13202, 'pm25': 13201}}",2.46,5.8,24.45,2.12,2.64,2.18,501352440,36.8,MOD-00613,26.3,2025-09-25T08:28:31,2025-09-25T01:28:31,https://api.quant-aq.com/v1/devices/MOD-00613/data/501352293
899.09,448.99,"{'lat': None, 'lon': None}","{'rh': 36.8, 'temp': 26.3, 'wd': 0.0, 'ws': 0.0, 'ws_scalar': 0.0}","{'gas': {'co': 13498, 'co2': 13260, 'no': 13586, 'no2': 13765, 'o3': 13745}, 'pm': {'pm1': 13200, 'pm10': 13202, 'pm25': 13201}}",2.46,5.86,24.99,1.76,1.84,1.8,501352441,36.8,MOD-00613,26.3,2025-09-25T08:27:31,2025-09-25T01:27:31,https://api.quant-aq.com/v1/devices/MOD-00613/data/501352295
903.2,449.35,"{'lat': None, 'lon': None}","{'rh': 36.8, 'temp': 26.3, 'wd': 0.0, 'ws': 0.0, 'ws_scalar': 0.0}","{'gas': {'co': 13498, 'co2': 13260, 'no': 13586, 'no2': 13765, 'o3': 13745}, 'pm': {'pm1': 13200, 'pm10': 13202, 'pm25': 13201}}",2.46,5.91,24.72,1.71,1.74,1.74,501352442,36.8,MOD-00613,26.3,2025-09-25T08:26:31,2025-09-25T01:26:31,https://api.quant-aq.com/v1/devices/MOD-00613/data/501352294
901.15,451.15,"{'lat': None, 'lon': None}","{'rh': 36.8, 'temp': 26.3, 'wd': 0.0, 'ws': 0.0, 'ws_scalar': 0.0}","{'gas': {'co': 13498, 'co2': 13260, 'no': 13586, 'no2': 13765, 'o3': 13745}, 'pm': {'pm1': 13200, 'pm10': 13202, 'pm25': 13201}}",2.46,5.8,25.53,2.04,2.15,2.12,501352439,36.8,MOD-00613,26.3,2025-09-25T08:25:31,2025-09-25T01:25:31,https://api.quant-aq.com/v1/devices/MOD-00613/data/501352292
900.33,450.43,"{'lat': None, 'lon': None}","{'rh': 36.8, 'temp': 26.3, 'wd': 0.0, 'ws': 0.0, 'ws_scalar': 0.0}","{'gas': {'co': 13498, 'co2': 13260, 'no': 13586, 'no2': 13765, 'o3': 13745}, 'pm': {'pm1': 13200, 'pm10': 13202, 'pm25': 13201}}",2.46,5.86,24.72,1.86,2.3,2.03,501352443,36.8,MOD-00613,26.3,2025-09-25T08:24:31,2025-09-25T01:24:31,https://api.quant-aq.com/v1/devices/MOD-00613/data/501352296
897.45,449.71,"{'lat': None, 'lon': None}","{'rh': 36.8, 'temp': 26.3, 'wd': 0.0, 'ws': 0.0, 'ws_scalar': 0.0}","{'gas': {'co': 13498, 'co2': 13260, 'no': 13586, 'no2': 13765, 'o3': 13745}, 'pm': {'pm1': 13200, 'pm10': 13202, 'pm25': 13201}}",2.46,5.86,24.99,2.1,2.26,2.18,501349586,36.8,MOD-00613,26.3,2025-09-25T08:23:31,2025-09-25T01:23:31,https://api.quant-aq.com/v1/devices/MOD-00613/data/501349439
903.2,447.06,"{'lat': None, 'lon': None}","{'rh': 36.8, 'temp': 26.3, 'wd': 0.0, 'ws': 0.0, 'ws_scalar': 0.0}","{'gas': {'co': 13498, 'co2': 13260, 'no': 13586, 'no2': 13765, 'o3': 13745}, 'pm': {'pm1': 13200, 'pm10': 13202, 'pm25': 13201}}",2.46,5.95,24.72,2.05,2.08,2.08,501349582,36.8,MOD-00613,26.3,2025-09-25T08:22:31,2025-09-25T01:22:31,https://api.quant-aq.com/v1/devices/MOD-00613/data/501349436
900.74,449.95,"{'lat': None, 'lon': None}","{'rh': 36.8, 'temp': 26.3, 'wd': 0.0, 'ws': 0.0, 'ws_scalar': 0.0}","{'gas': {'co': 13498, 'co2': 13260, 'no': 13586, 'no2': 13765, 'o3': 13745}, 'pm': {'pm1': 13200, 'pm10': 13202, 'pm25': 13201}}",2.46,5.86,24.99,2.09,2.12,2.12,501349585,36.8,MOD-00613,26.3,2025-09-25T08:21:31,2025-09-25T01:21:31,https://api.quant-aq.com/v1/devices/MOD-00613/data/501349438
902.79,449.83,"{'lat': None, 'lon': None}","{'rh': 36.8, 'temp': 26.3, 'wd': 0.0, 'ws': 0.0, 'ws_scalar': 0.0}","{'gas': {'co': 13498, 'co2': 13260, 'no': 13586, 'no2': 13765, 'o3': 13745}, 'pm': {'pm1': 13200, 'pm10': 13202, 'pm25': 13201}}",2.46,5.86,24.99,2.0,2.04,2.04,501349584,36.8,MOD-00613,26.3,2025-09-25T08:20:31,2025-09-25T01:20:31,https://api.quant-aq.com/v1/devices/MOD-00613/data/501349435
899.91,449.83,"{'lat': None, 'lon': None}","{'rh': 36.8, 'temp': 26.3, 'wd': 0.0, 'ws': 0.0, 'ws_scalar': 0.0}","{'gas': {'co': 13498, 'co2': 13260, 'no': 13586, 'no2': 13765, 'o3': 13745}, 'pm': {'pm1': 13200, 'pm10': 13202, 'pm25': 13201}}",2.46,5.95,24.72,1.82,3.5,1.86,501349583,36.8,MOD-00613,26.3,2025-09-25T08:19:31,2025-09-25T01:19:31,https://api.quant-aq.com/v1/devices/MOD-00613/data/501349437
903.61,449.11,"{'lat': None, 'lon': None}","{'rh': 36.8, 'temp': 26.3, 'wd': 0.0, 'ws': 0.0, 'ws_scalar': 0.0}","{'gas': {'co': 13498, 'co2': 13260, 'no': 13586, 'no2': 13765, 'o3': 13745}, 'pm': {'pm1': 13200, 'pm10': 13202, 'pm25': 13201}}",2.46,5.86,24.72,2.24,2.77,2.29,501346734,36.8,MOD-00613,26.3,2025-09-25T08:18:31,2025-09-25T01:18:31,https://api.quant-aq.com/v1/devices/MOD-00613/data/501346587
901.56,451.64,"{'lat': None, 'lon': None}","{'rh': 36.8, 'temp': 26.3, 'wd': 0.0, 'ws': 0.0, 'ws_scalar': 0.0}","{'gas': {'co': 13498, 'co2': 13260, 'no': 13586, 'no2': 13765, 'o3': 13745}, 'pm': {'pm1': 13200, 'pm10': 13202, 'pm25': 13201}}",2.46,5.86,24.99,2.04,2.07,2.07,501346732,36.8,MOD-00613,26.3,2025-09-25T08:17:31,2025-09-25T01:17:31,https://api.quant-aq.com/v1/devices/MOD-00613/data/501346585
903.61,447.54,"{'lat': None, 'lon': None}","{'rh': 36.8, 'temp': 26.3, 'wd': 0.0, 'ws': 0.0, 'ws_scalar': 0.0}","{'gas': {'co': 13498, 'co2': 13260, 'no': 13586, 'no2': 13765, 'o3': 13745}, 'pm': {'pm1': 13200, 'pm10': 13202, 'pm25': 13201}}",2.46,5.86,24.99,1.85,1.97,1.93,501346731,36.8,MOD-00613,26.3,2025-09-25T08:16:31,2025-09-25T01:16:31,https://api.quant-aq.com/v1/devices/MOD-00613/data/501346584
899.91,451.15,"{'lat': None, 'lon': None}","{'rh': 36.8, 'temp': 26.3, 'wd': 0.0, 'ws': 0.0, 'ws_scalar': 0.0}","{'gas': {'co': 13498, 'co2': 13260, 'no': 13586, 'no2': 13765, 'o3': 13745}, 'pm': {'pm1': 13200, 'pm10': 13202, 'pm25': 13201}}",2.46,5.86,24.99,2.37,2.45,2.45,501346730,36.8,MOD-00613,26.3,2025-09-25T08:15:31,2025-09-25T01:15:31,https://api.quant-aq.com/v1/devices/MOD-00613/data/501346583
902.79,448.38,"{'lat': None, 'lon': None}","{'rh': 36.8, 'temp': 26.3, 'wd': 0.0, 'ws': 0.0, 'ws_scalar': 0.0}","{'gas': {'co': 13498, 'co2': 13260, 'no': 13586, 'no2': 13765, 'o3': 13745}, 'pm': {'pm1': 13200, 'pm10': 13202, 'pm25': 13201}}",2.46,5.95,25.26,1.83,2.13,1.93,501346727,36.8,MOD-00613,26.3,2025-09-25T08:14:31,2025-09-25T01:14:31,https://api.quant-aq.com/v1/devices/MOD-00613/data/501346582
899.09,449.83,"{'lat': None, 'lon': None}","{'rh': 36.8, 'temp': 26.3, 'wd': 0.0, 'ws': 0.0, 'ws_scalar': 0.0}","{'gas': {'co': 13498, 'co2': 13260, 'no': 13586, 'no2': 13765, 'o3': 13745}, 'pm': {'pm1': 13200, 'pm10': 13202, 'pm25': 13201}}",2.46,5.8,24.45,2.37,2.65,2.46,501343894,36.8,MOD-00613,26.3,2025-09-25T08:13:31,2025-09-25T01:13:31,https://api.quant-aq.com/v1/devices/MOD-00613/data/501343751
905.66,449.23,"{'lat': None, 'lon': None}","{'rh': 36.8, 'temp': 26.3, 'wd': 0.0, 'ws': 0.0, 'ws_scalar': 0.0}","{'gas': {'co': 13498, 'co2': 13260, 'no': 13586, 'no2': 13765, 'o3': 13745}, 'pm': {'pm1': 13200, 'pm10': 13202, 'pm25': 13201}}",2.46,5.91,24.45,2.14,2.26,2.22,501343896,36.8,MOD-00613,26.3,2025-09-25T08:12:31,2025-09-25T01:12:31,https://api.quant-aq.com/v1/devices/MOD-00613/data/501343750
903.61,451.4,"{'lat': None, 'lon': None}","{'rh': 36.8, 'temp': 26.3, 'wd': 0.0, 'ws': 0.0, 'ws_scalar': 0.0}","{'gas': {'co': 13498, 'co2': 13260, 'no': 13586, 'no2': 13765, 'o3': 13745}, 'pm': {'pm1': 13200, 'pm10': 13202, 'pm25': 13201}}",2.46,5.91,24.99,1.72,1.73,1.73,501343892,36.8,MOD-00613,26.3,2025-09-25T08:11:31,2025-09-25T01:11:31,https://api.quant-aq.com/v1/devices/MOD-00613/data/501343744
907.71,448.14,"{'lat': None, 'lon': None}","{'rh': 36.8, 'temp': 26.3, 'wd': 0.0, 'ws': 0.0, 'ws_scalar': 0.0}","{'gas': {'co': 13498, 'co2': 13260, 'no': 13586, 'no2': 13765, 'o3': 13745}, 'pm': {'pm1': 13200, 'pm10': 13202, 'pm25': 13201}}",2.46,5.86,24.99,2.06,2.15,2.11,501343893,36.8,MOD-00613,26.3,2025-09-25T08:10:31,2025-09-25T01:10:31,https://api.quant-aq.com/v1/devices/MOD-00613/data/501343746
904.84,449.71,"{'lat': None, 'lon': None}","{'rh': 36.8, 'temp': 26.3, 'wd': 0.0, 'ws': 0.0, 'ws_scalar': 0.0}","{'gas': {'co': 13498, 'co2': 13260, 'no': 13586, 'no2': 13765, 'o3': 13745}, 'pm': {'pm1': 13200, 'pm10': 13202, 'pm25': 13201}}",2.46,5.8,25.53,2.02,2.05,2.05,501343891,36.8,MOD-00613,26.3,2025-09-25T08:09:31,2025-09-25T01:09:31,https://api.quant-aq.com/v1/devices/MOD-00613/data/501343745
907.71,446.7,"{'lat': None, 'lon': None}","{'rh': 36.8, 'temp': 26.3, 'wd': 0.0, 'ws': 0.0, 'ws_scalar': 0.0}","{'gas': {'co': 13498, 'co2': 13260, 'no': 13586, 'no2': 13765, 'o3': 13745}, 'pm': {'pm1': 13200, 'pm10': 13202, 'pm25': 13201}}",2.46,5.86,24.99,2.16,2.24,2.2,501341089,36.8,MOD-00613,26.3,2025-09-25T08:08:31,2025-09-25T01:08:31,https://api.quant-aq.com/v1/devices/MOD-00613/data/501340943
901.97,449.59,"{'lat': None, 'lon': None}","{'rh': 36.8, 'temp': 26.3, 'wd': 0.0, 'ws': 0.0, 'ws_scalar': 0.0}","{'gas': {'co': 13498, 'co2': 13260, 'no': 13586, 'no2': 13765, 'o3': 13745}, 'pm': {'pm1': 13200, 'pm10': 13202, 'pm25': 13201}}",2.46,5.91,25.26,2.25,2.4,2.32,501341093,36.8,MOD-00613,26.3,2025-09-25T08:07:31,2025-09-25T01:07:31,https://api.quant-aq.com/v1/devices/MOD-00613/data/501340946
914.69,447.42,"{'lat': None, 'lon': None}","{'rh': 36.8, 'temp': 26.3, 'wd': 0.0, 'ws': 0.0, 'ws_scalar': 0.0}","{'gas': {'co': 13498, 'co2': 13260, 'no': 13586, 'no2': 13765, 'o3': 13745}, 'pm': {'pm1': 13200, 'pm10': 13202, 'pm25': 13201}}",2.46,5.91,24.99,1.83,2.11,1.91,501341094,36.8,MOD-00613,26.3,2025-09-25T08:06:31,2025-09-25T01:06:31,https://api.quant-aq.com/v1/devices/MOD-00613/data/501340947
908.13,450.67,"{'lat': None, 'lon': None}","{'rh': 36.8, 'temp': 26.3, 'wd': 0.0, 'ws': 0.0, 'ws_scalar': 0.0}","{'gas': {'co': 13498, 'co2': 13260, 'no': 13586, 'no2': 13765, 'o3': 13745}, 'pm': {'pm1': 13200, 'pm10': 13202, 'pm25': 13201}}",2.46,5.86,24.72,1.84,3.56,1.92,501341091,36.8,MOD-00613,26.3,2025-09-25T08:05:31,2025-09-25T01:05:31,https://api.quant-aq.com/v1/devices/MOD-00613/data/501340945
906.07,450.31,"{'lat': None, 'lon': None}","{'rh': 36.8, 'temp': 26.3, 'wd': 0.0, 'ws': 0.0, 'ws_scalar': 0.0}","{'gas': {'co': 13498, 'co2': 13260, 'no': 13586, 'no2': 13765, 'o3': 13745}, 'pm': {'pm1': 13200, 'pm10': 13202, 'pm25': 13201}}",2.47,5.86,24.72,2.25,2.25,2.25,501341087,36.8,MOD-00613,26.3,2025-09-25T08:04:31,2025-09-25T01:04:31,https://api.quant-aq.com/v1/devices/MOD-00613/data/501340942
909.7,450.67,"{'lat': None, 'lon': None}","{'rh': 36.9, 'temp': 26.3, 'wd': 0.0, 'ws': 0.0, 'ws_scalar': 0.0}","{'gas': {'co': 13498, 'co2': 13260, 'no': 13586, 'no2': 13765, 'o3': 13745}, 'pm': {'pm1': 13200, 'pm10': 13202, 'pm25': 13201}}",2.46,5.58,24.69,1.89,1.93,1.93,501338278,36.9,MOD-00613,26.3,2025-09-25T08:03:31,2025-09-25T01:03:31,https://api.quant-aq.com/v1/devices/MOD-00613/data/501338131
904.02,448.63,"{'lat': None, 'lon': None}","{'rh': 36.8, 'temp': 26.3, 'wd': 0.0, 'ws': 0.0, 'ws_scalar': 0.0}","{'gas': {'co': 13498, 'co2': 13260, 'no': 13586, 'no2': 13765, 'o3': 13745}, 'pm': {'pm1': 13200, 'pm10': 13202, 'pm25': 13201}}",2.46,5.95,24.99,2.0,2.06,2.06,501338281,36.8,MOD-00613,26.3,2025-09-25T08:02:31,2025-09-25T01:02:31,https://api.quant-aq.com/v1/devices/MOD-00613/data/501338134
906.41,449.59,"{'lat': None, 'lon': None}","{'rh': 36.9, 'temp': 26.3, 'wd': 0.0, 'ws': 0.0, 'ws_scalar': 0.0}","{'gas': {'co': 13498, 'co2': 13260, 'no': 13586, 'no2': 13765, 'o3': 13745}, 'pm': {'pm1': 13200, 'pm10': 13202, 'pm25': 13201}}",2.46,5.99,24.96,1.88,2.03,1.95,501338277,36.9,MOD-00613,26.3,2025-09-25T08:01:31,2025-09-25T01:01:31,https://api.quant-aq.com/v1/devices/MOD-00613/data/501338130
911.75,452.36,"{'lat': None, 'lon': None}","{'rh': 36.9, 'temp': 26.3, 'wd': 0.0, 'ws': 0.0, 'ws_scalar': 0.0}","{'gas': {'co': 13498, 'co2': 13260, 'no': 13586, 'no2': 13765, 'o3': 13745}, 'pm': {'pm1': 13200, 'pm10': 13202, 'pm25': 13201}}",2.46,5.58,24.96,2.16,2.28,2.25,501338280,36.9,MOD-00613,26.3,2025-09-25T08:00:31,2025-09-25T01:00:31,https://api.quant-aq.com/v1/devices/MOD-00613/data/501338132
908.88,449.59,"{'lat': None, 'lon': None}","{'rh': 36.9, 'temp': 26.3, 'wd': 0.0, 'ws': 0.0, 'ws_scalar': 0.0}","{'gas': {'co': 13498, 'co2': 13260, 'no': 13586, 'no2': 13765, 'o3': 13745}, 'pm': {'pm1': 13200, 'pm10': 13202, 'pm25': 13201}}",2.46,5.58,25.23,2.16,2.49,2.33,501338279,36.9,MOD-00613,26.3,2025-09-25T07:59:31,2025-09-25T00:59:31,https://api.quant-aq.com/v1/devices/MOD-00613/data/501338133
906.82,448.63,"{'lat': None, 'lon': None}","{'rh': 36.9, 'temp': 26.3, 'wd': 0.0, 'ws': 0.0, 'ws_scalar': 0.0}","{'gas': {'co': 13498, 'co2': 13260, 'no': 13586, 'no2': 13765, 'o3': 13745}, 'pm': {'pm1': 13200, 'pm10': 13202, 'pm25': 13201}}",2.46,5.47,25.23,2.37,2.47,2.43,501335470,36.9,MOD-00613,26.3,2025-09-25T07:58:31,2025-09-25T00:58:31,https://api.quant-aq.com/v1/devices/MOD-00613/data/501335322
910.93,450.31,"{'lat': None, 'lon': None}","{'rh': 36.9, 'temp': 26.3, 'wd': 0.0, 'ws': 0.0, 'ws_scalar': 0.0}","{'gas': {'co': 13498, 'co2': 13260, 'no': 13586, 'no2': 13765, 'o3': 13745}, 'pm': {'pm1': 13200, 'pm10': 13202, 'pm25': 13201}}",2.47,5.53,24.96,2.89,2.92,2.92,501335468,36.9,MOD-00613,26.3,2025-09-25T07:57:31,2025-09-25T00:57:31,https://api.quant-aq.com/v1/devices/MOD-00613/data/501335321
908.05,448.99,"{'lat': None, 'lon': None}","{'rh': 36.9, 'temp': 26.3, 'wd': 0.0, 'ws': 0.0, 'ws_scalar': 0.0}","{'gas': {'co': 13498, 'co2': 13260, 'no': 13586, 'no2': 13765, 'o3': 13745}, 'pm': {'pm1': 13200, 'pm10': 13202, 'pm25': 13201}}",2.46,5.58,25.23,2.34,2.38,2.38,501335469,36.9,MOD-00613,26.3,2025-09-25T07:56:31,2025-09-25T00:56:31,https://api.quant-aq.com/v1/devices/MOD-00613/data/501335323
912.16,451.76,"{'lat': None, 'lon': None}","{'rh': 36.9, 'temp': 26.3, 'wd': 0.0, 'ws': 0.0, 'ws_scalar': 0.0}","{'gas': {'co': 13498, 'co2': 13260, 'no': 13586, 'no2': 13765, 'o3': 13745}, 'pm': {'pm1': 13200, 'pm10': 13202, 'pm25': 13201}}",2.46,5.58,24.42,2.08,2.15,2.15,501335466,36.9,MOD-00613,26.3,2025-09-25T07:55:31,2025-09-25T00:55:31,https://api.quant-aq.com/v1/devices/MOD-00613/data/501335320
913.8,448.75,"{'lat': None, 'lon': None}","{'rh': 36.9, 'temp': 26.3, 'wd': 0.0, 'ws': 0.0, 'ws_scalar': 0.0}","{'gas': {'co': 13498, 'co2': 13260, 'no': 13586, 'no2': 13765, 'o3': 13745}, 'pm': {'pm1': 13200, 'pm10': 13202, 'pm25': 13201}}",2.46,5.58,25.23,1.73,1.75,1.75,501335467,36.9,MOD-00613,26.3,2025-09-25T07:54:31,2025-09-25T00:54:31,https://api.quant-aq.com/v1/devices/MOD-00613/data/501335319
909.7,453.56,"{'lat': None, 'lon': None}","{'rh': 36.9, 'temp': 26.3, 'wd': 0.0, 'ws': 0.0, 'ws_scalar': 0.0}","{'gas': {'co': 13498, 'co2': 13260, 'no': 13586, 'no2': 13765, 'o3': 13745}, 'pm': {'pm1': 13200, 'pm10': 13202, 'pm25': 13201}}",2.46,5.58,25.23,2.27,2.35,2.32,501332633,36.9,MOD-00613,26.3,2025-09-25T07:53:31,2025-09-25T00:53:31,https://api.quant-aq.com/v1/devices/MOD-00613/data/501332486
912.16,450.31,"{'lat': None, 'lon': None}","{'rh': 36.9, 'temp': 26.3, 'wd': 0.0, 'ws': 0.0, 'ws_scalar': 0.0}","{'gas': {'co': 13498, 'co2': 13260, 'no': 13586, 'no2': 13765, 'o3': 13745}, 'pm': {'pm1': 13200, 'pm10': 13202, 'pm25': 13201}}",2.47,5.58,24.96,2.7,3.01,2.81,501332635,36.9,MOD-00613,26.3,2025-09-25T07:52:31,2025-09-25T00:52:31,https://api.quant-aq.com/v1/devices/MOD-00613/data/501332488
911.75,449.71,"{'lat': None, 'lon': None}","{'rh': 36.9, 'temp': 26.3, 'wd': 0.0, 'ws': 0.0, 'ws_scalar': 0.0}","{'gas': {'co': 13498, 'co2': 13260, 'no': 13586, 'no2': 13765, 'o3': 13745}, 'pm': {'pm1': 13200, 'pm10': 13202, 'pm25': 13201}}",2.47,5.58,24.96,2.07,2.59,2.11,501332634,36.9,MOD-00613,26.3,2025-09-25T07:51:31,2025-09-25T00:51:31,https://api.quant-aq.com/v1/devices/MOD-00613/data/501332487
915.44,447.78,"{'lat': None, 'lon': None}","{'rh': 36.9, 'temp': 26.3, 'wd': 0.0, 'ws': 0.0, 'ws_scalar': 0.0}","{'gas': {'co': 13498, 'co2': 13260, 'no': 13586, 'no2': 13765, 'o3': 13745}, 'pm': {'pm1': 13200, 'pm10': 13202, 'pm25': 13201}}",2.47,5.99,24.96,2.58,2.92,2.6,501332632,36.9,MOD-00613,26.3,2025-09-25T07:50:31,2025-09-25T00:50:31,https://api.quant-aq.com/v1/devices/MOD-00613/data/501332485
912.16,452.24,"{'lat': None, 'lon': None}","{'rh': 36.9, 'temp': 26.3, 'wd': 0.0, 'ws': 0.0, 'ws_scalar': 0.0}","{'gas': {'co': 13498, 'co2': 13260, 'no': 13586, 'no2': 13765, 'o3': 13745}, 'pm': {'pm1': 13200, 'pm10': 13202, 'pm25': 13201}}",2.46,5.58,24.96,2.07,2.18,2.14,501332636,36.9,MOD-00613,26.3,2025-09-25T07:49:31,2025-09-25T00:49:31,https://api.quant-aq.com/v1/devices/MOD-00613/data/501332489
913.39,449.35,"{'lat': None, 'lon': None}","{'rh': 36.9, 'temp': 26.3, 'wd': 0.0, 'ws': 0.0, 'ws_scalar': 0.0}","{'gas': {'co': 13498, 'co2': 13260, 'no': 13586, 'no2': 13765, 'o3': 13745}, 'pm': {'pm1': 13200, 'pm10': 13202, 'pm25': 13201}}",2.46,5.99,24.69,1.86,2.02,1.87,501329750,36.9,MOD-00613,26.3,2025-09-25T07:48:31,2025-09-25T00:48:31,https://api.quant-aq.com/v1/devices/MOD-00613/data/501329603
912.98,449.23,"{'lat': None, 'lon': None}","{'rh': 36.9, 'temp': 26.3, 'wd': 0.0, 'ws': 0.0, 'ws_scalar': 0.0}","{'gas': {'co': 13498, 'co2': 13260, 'no': 13586, 'no2': 13765, 'o3': 13745}, 'pm': {'pm1': 13200, 'pm10': 13202, 'pm25': 13201}}",2.46,5.58,24.42,2.96,3.04,3.04,501329751,36.9,MOD-00613,26.3,2025-09-25T07:47:31,2025-09-25T00:47:31,https://api.quant-aq.com/v1/devices/MOD-00613/data/501329604
903.95,446.94,"{'lat': None, 'lon': None}","{'rh': 36.9, 'temp': 26.3, 'wd': 0.0, 'ws': 0.0, 'ws_scalar': 0.0}","{'gas': {'co': 13498, 'co2': 13260, 'no': 13586, 'no2': 13765, 'o3': 13745}, 'pm': {'pm1': 13200, 'pm10': 13202, 'pm25': 13201}}",2.46,5.58,25.23,2.05,2.06,2.06,501329748,36.9,MOD-00613,26.3,2025-09-25T07:46:31,2025-09-25T00:46:31,https://api.quant-aq.com/v1/devices/MOD-00613/data/501329600
911.75,449.95,"{'lat': None, 'lon': None}","{'rh': 36.9, 'temp': 26.3, 'wd': 0.0, 'ws': 0.0, 'ws_scalar': 0.0}","{'gas': {'co': 13498, 'co2': 13260, 'no': 13586, 'no2': 13765, 'o3': 13745}, 'pm': {'pm1': 13200, 'pm10': 13202, 'pm25': 13201}}",2.46,5.53,25.49,2.46,2.48,2.48,501329749,36.9,MOD-00613,26.3,2025-09-25T07:45:31,2025-09-25T00:45:31,https://api.quant-aq.com/v1/devices/MOD-00613/data/501329602
916.16,449.59,"{'lat': None, 'lon': None}","{'rh': 36.9, 'temp': 26.2, 'wd': 0.0, 'ws': 0.0, 'ws_scalar': 0.0}","{'gas': {'co': 13498, 'co2': 13260, 'no': 13586, 'no2': 13765, 'o3': 13745}, 'pm': {'pm1': 13200, 'pm10': 13202, 'pm25': 13201}}",2.47,5.59,24.67,2.63,2.72,2.68,501329747,36.9,MOD-00613,26.2,2025-09-25T07:44:31,2025-09-25T00:44:31,https://api.quant-aq.com/v1/devices/MOD-00613/data/501329601
915.44,450.31,"{'lat': None, 'lon': None}","{'rh': 36.9, 'temp': 26.3, 'wd': 0.0, 'ws': 0.0, 'ws_scalar': 0.0}","{'gas': {'co': 13498, 'co2': 13260, 'no': 13586, 'no2': 13765, 'o3': 13745}, 'pm': {'pm1': 13200, 'pm10': 13202, 'pm25': 13201}}",2.46,5.99,24.69,2.26,2.31,2.31,501326947,36.9,MOD-00613,26.3,2025-09-25T07:43:31,2025-09-25T00:43:31,https://api.quant-aq.com/v1/devices/MOD-00613/data/501326797
913.69,450.31,"{'lat': None, 'lon': None}","{'rh': 36.9, 'temp': 26.2, 'wd': 0.0, 'ws': 0.0, 'ws_scalar': 0.0}","{'gas': {'co': 13498, 'co2': 13260, 'no': 13586, 'no2': 13765, 'o3': 13745}, 'pm': {'pm1': 13200, 'pm10': 13202, 'pm25': 13201}}",2.47,5.55,25.48,2.0,2.04,2.04,501326946,36.9,MOD-00613,26.2,2025-09-25T07:42:31,2025-09-25T00:42:31,https://api.quant-aq.com/v1/devices/MOD-00613/data/501326800
918.62,451.64,"{'lat': None, 'lon': None}","{'rh': 36.9, 'temp': 26.2, 'wd': 0.0, 'ws': 0.0, 'ws_scalar': 0.0}","{'gas': {'co': 13498, 'co2': 13260, 'no': 13586, 'no2': 13765, 'o3': 13745}, 'pm': {'pm1': 13200, 'pm10': 13202, 'pm25': 13201}}",2.47,5.55,24.67,2.21,2.29,2.25,501326948,36.9,MOD-00613,26.2,2025-09-25T07:41:31,2025-09-25T00:41:31,https://api.quant-aq.com/v1/devices/MOD-00613/data/501326801
911.23,449.23,"{'lat': None, 'lon': None}","{'rh': 36.9, 'temp': 26.2, 'wd': 0.0, 'ws': 0.0, 'ws_scalar': 0.0}","{'gas': {'co': 13498, 'co2': 13260, 'no': 13586, 'no2': 13765, 'o3': 13745}, 'pm': {'pm1': 13200, 'pm10': 13202, 'pm25': 13201}}",2.47,5.55,24.67,2.36,2.41,2.41,501326944,36.9,MOD-00613,26.2,2025-09-25T07:40:31,2025-09-25T00:40:31,https://api.quant-aq.com/v1/devices/MOD-00613/data/501326799
914.51,451.03,"{'lat': None, 'lon': None}","{'rh': 36.9, 'temp': 26.2, 'wd': 0.0, 'ws': 0.0, 'ws_scalar': 0.0}","{'gas': {'co': 13498, 'co2': 13260, 'no': 13586, 'no2': 13765, 'o3': 13745}, 'pm': {'pm1': 13200, 'pm10': 13202, 'pm25': 13201}}",2.47,5.59,25.75,2.48,2.54,2.54,501326945,36.9,MOD-00613,26.2,2025-09-25T07:39:31,2025-09-25T00:39:31,https://api.quant-aq.com/v1/devices/MOD-00613/data/501326798
919.14,449.35,"{'lat': None, 'lon': None}","{'rh': 36.9, 'temp': 26.3, 'wd': 0.0, 'ws': 0.0, 'ws_scalar': 0.0}","{'gas': {'co': 13498, 'co2': 13260, 'no': 13586, 'no2': 13765, 'o3': 13745}, 'pm': {'pm1': 13200, 'pm10': 13202, 'pm25': 13201}}",2.46,5.99,24.96,2.21,2.24,2.24,501324151,36.9,MOD-00613,26.3,2025-09-25T07:38:31,2025-09-25T00:38:31,https://api.quant-aq.com/v1/devices/MOD-00613/data/501324004
914.51,452.12,"{'lat': None, 'lon': None}","{'rh': 36.9, 'temp': 26.2, 'wd': 0.0, 'ws': 0.0, 'ws_scalar': 0.0}","{'gas': {'co': 13498, 'co2': 13260, 'no': 13586, 'no2': 13765, 'o3': 13745}, 'pm': {'pm1': 13200, 'pm10': 13202, 'pm25': 13201}}",2.47,5.55,24.67,2.15,2.34,2.18,501324149,36.9,MOD-00613,26.2,2025-09-25T07:37:31,2025-09-25T00:37:31,https://api.quant-aq.com/v1/devices/MOD-00613/data/501324002
917.39,449.11,"{'lat': None, 'lon': None}","{'rh': 36.9, 'temp': 26.2, 'wd': 0.0, 'ws': 0.0, 'ws_scalar': 0.0}","{'gas': {'co': 13498, 'co2': 13260, 'no': 13586, 'no2': 13765, 'o3': 13745}, 'pm': {'pm1': 13200, 'pm10': 13202, 'pm25': 13201}}",2.47,5.45,24.94,2.37,2.42,2.42,501324148,36.9,MOD-00613,26.2,2025-09-25T07:36:31,2025-09-25T00:36:31,https://api.quant-aq.com/v1/devices/MOD-00613/data/501324003
912.87,450.31,"{'lat': None, 'lon': None}","{'rh': 36.9, 'temp': 26.2, 'wd': 0.0, 'ws': 0.0, 'ws_scalar': 0.0}","{'gas': {'co': 13498, 'co2': 13260, 'no': 13586, 'no2': 13765, 'o3': 13745}, 'pm': {'pm1': 13200, 'pm10': 13202, 'pm25': 13201}}",2.46,5.59,24.94,2.63,2.91,2.72,501324150,36.9,MOD-00613,26.2,2025-09-25T07:35:31,2025-09-25T00:35:31,https://api.quant-aq.com/v1/devices/MOD-00613/data/501324000
923.55,450.07,"{'lat': None, 'lon': None}","{'rh': 36.9, 'temp': 26.2, 'wd': 0.0, 'ws': 0.0, 'ws_scalar': 0.0}","{'gas': {'co': 13498, 'co2': 13260, 'no': 13586, 'no2': 13765, 'o3': 13745}, 'pm': {'pm1': 13200, 'pm10': 13202, 'pm25': 13201}}",2.47,5.55,25.21,2.43,2.84,2.49,501324144,36.9,MOD-00613,26.2,2025-09-25T07:34:31,2025-09-25T00:34:31,https://api.quant-aq.com/v1/devices/MOD-00613/data/501323997
916.91,448.51,"{'lat': None, 'lon': None}","{'rh': 37.0, 'temp': 26.2, 'wd': 0.0, 'ws': 0.0, 'ws_scalar': 0.0}","{'gas': {'co': 13498, 'co2': 13260, 'no': 13586, 'no2': 13765, 'o3': 13745}, 'pm': {'pm1': 13200, 'pm10': 13202, 'pm25': 13201}}",2.46,5.58,25.18,2.33,2.48,2.41,501321308,37.0,MOD-00613,26.2,2025-09-25T07:33:31,2025-09-25T00:33:31,https://api.quant-aq.com/v1/devices/MOD-00613/data/501321161
915.75,450.07,"{'lat': None, 'lon': None}","{'rh': 36.9, 'temp': 26.2, 'wd': 0.0, 'ws': 0.0, 'ws_scalar': 0.0}","{'gas': {'co': 13498, 'co2': 13260, 'no': 13586, 'no2': 13765, 'o3': 13745}, 'pm': {'pm1': 13200, 'pm10': 13202, 'pm25': 13201}}",2.46,5.55,25.48,2.36,2.41,2.41,501321311,36.9,MOD-00613,26.2,2025-09-25T07:32:31,2025-09-25T00:32:31,https://api.quant-aq.com/v1/devices/MOD-00613/data/501321163
920.19,446.1,"{'lat': None, 'lon': None}","{'rh': 37.0, 'temp': 26.2, 'wd': 0.0, 'ws': 0.0, 'ws_scalar': 0.0}","{'gas': {'co': 13498, 'co2': 13260, 'no': 13586, 'no2': 13765, 'o3': 13745}, 'pm': {'pm1': 13200, 'pm10': 13202, 'pm25': 13201}}",2.46,5.62,24.91,2.27,2.31,2.31,501321307,37.0,MOD-00613,26.2,2025-09-25T07:31:31,2025-09-25T00:31:31,https://api.quant-aq.com/v1/devices/MOD-00613/data/501321160
918.62,445.01,"{'lat': None, 'lon': None}","{'rh': 36.9, 'temp': 26.2, 'wd': 0.0, 'ws': 0.0, 'ws_scalar': 0.0}","{'gas': {'co': 13498, 'co2': 13260, 'no': 13586, 'no2': 13765, 'o3': 13745}, 'pm': {'pm1': 13200, 'pm10': 13202, 'pm25': 13201}}",2.47,5.55,24.94,2.36,2.41,2.41,501321310,36.9,MOD-00613,26.2,2025-09-25T07:30:31,2025-09-25T00:30:31,https://api.quant-aq.com/v1/devices/MOD-00613/data/501321164
918.96,450.43,"{'lat': None, 'lon': None}","{'rh': 37.0, 'temp': 26.2, 'wd': 0.0, 'ws': 0.0, 'ws_scalar': 0.0}","{'gas': {'co': 13498, 'co2': 13260, 'no': 13586, 'no2': 13765, 'o3': 13745}, 'pm': {'pm1': 13200, 'pm10': 13202, 'pm25': 13201}}",2.46,5.62,24.91,2.51,2.55,2.55,501321309,37.0,MOD-00613,26.2,2025-09-25T07:29:31,2025-09-25T00:29:31,https://api.quant-aq.com/v1/devices/MOD-00613/data/501321162
918.62,451.03,"{'lat': None, 'lon': None}","{'rh': 36.9, 'temp': 26.2, 'wd': 0.0, 'ws': 0.0, 'ws_scalar': 0.0}","{'gas': {'co': 13498, 'co2': 13260, 'no': 13586, 'no2': 13765, 'o3': 13745}, 'pm': {'pm1': 13200, 'pm10': 13202, 'pm25': 13201}}",2.46,5.5,24.94,2.29,2.48,2.4,501318481,36.9,MOD-00613,26.2,2025-09-25T07:28:31,2025-09-25T00:28:31,https://api.quant-aq.com/v1/devices/MOD-00613/data/501318334
914.85,449.71,"{'lat': None, 'lon': None}","{'rh': 37.0, 'temp': 26.2, 'wd': 0.0, 'ws': 0.0, 'ws_scalar': 0.0}","{'gas': {'co': 13498, 'co2': 13260, 'no': 13586, 'no2': 13765, 'o3': 13745}, 'pm': {'pm1': 13200, 'pm10': 13202, 'pm25': 13201}}",2.46,5.62,25.45,2.41,2.46,2.46,501318483,37.0,MOD-00613,26.2,2025-09-25T07:27:31,2025-09-25T00:27:31,https://api.quant-aq.com/v1/devices/MOD-00613/data/501318335
925.12,449.23,"{'lat': None, 'lon': None}","{'rh': 37.0, 'temp': 26.2, 'wd': 0.0, 'ws': 0.0, 'ws_scalar': 0.0}","{'gas': {'co': 13498, 'co2': 13260, 'no': 13586, 'no2': 13765, 'o3': 13745}, 'pm': {'pm1': 13200, 'pm10': 13202, 'pm25': 13201}}",2.46,5.62,24.91,2.47,2.51,2.51,501318482,37.0,MOD-00613,26.2,2025-09-25T07:26:31,2025-09-25T00:26:31,https://api.quant-aq.com/v1/devices/MOD-00613/data/501318336
921.01,451.28,"{'lat': None, 'lon': None}","{'rh': 37.0, 'temp': 26.2, 'wd': 0.0, 'ws': 0.0, 'ws_scalar': 0.0}","{'gas': {'co': 13498, 'co2': 13260, 'no': 13586, 'no2': 13765, 'o3': 13745}, 'pm': {'pm1': 13200, 'pm10': 13202, 'pm25': 13201}}",2.46,5.62,24.91,2.07,2.72,2.11,501318479,37.0,MOD-00613,26.2,2025-09-25T07:25:31,2025-09-25T00:25:31,https://api.quant-aq.com/v1/devices/MOD-00613/data/501318332
921.42,448.26,"{'lat': None, 'lon': None}","{'rh': 37.0, 'temp': 26.2, 'wd': 0.0, 'ws': 0.0, 'ws_scalar': 0.0}","{'gas': {'co': 13498, 'co2': 13260, 'no': 13586, 'no2': 13765, 'o3': 13745}, 'pm': {'pm1': 13200, 'pm10': 13202, 'pm25': 13201}}",2.46,5.66,24.64,3.13,3.32,3.25,501318480,37.0,MOD-00613,26.2,2025-09-25T07:24:31,2025-09-25T00:24:31,https://api.quant-aq.com/v1/devices/MOD-00613/data/501318333
923.88,452.12,"{'lat': None, 'lon': None}","{'rh': 37.0, 'temp': 26.2, 'wd': 0.0, 'ws': 0.0, 'ws_scalar': 0.0}","{'gas': {'co': 13498, 'co2': 13260, 'no': 13586, 'no2': 13765, 'o3': 13745}, 'pm': {'pm1': 13200, 'pm10': 13202, 'pm25': 13201}}",2.47,5.52,24.91,2.61,2.71,2.67,501315675,37.0,MOD-00613,26.2,2025-09-25T07:23:31,2025-09-25T00:23:31,https://api.quant-aq.com/v1/devices/MOD-00613/data/501315528
921.01,449.47,"{'lat': None, 'lon': None}","{'rh': 37.0, 'temp': 26.2, 'wd': 0.0, 'ws': 0.0, 'ws_scalar': 0.0}","{'gas': {'co': 13498, 'co2': 13260, 'no': 13586, 'no2': 13765, 'o3': 13745}, 'pm': {'pm1': 13200, 'pm10': 13202, 'pm25': 13201}}",2.46,5.58,25.18,2.4,2.51,2.47,501315671,37.0,MOD-00613,26.2,2025-09-25T07:22:31,2025-09-25T00:22:31,https://api.quant-aq.com/v1/devices/MOD-00613/data/501315524
914.44,448.63,"{'lat': None, 'lon': None}","{'rh': 37.0, 'temp': 26.2, 'wd': 0.0, 'ws': 0.0, 'ws_scalar': 0.0}","{'gas': {'co': 13498, 'co2': 13260, 'no': 13586, 'no2': 13765, 'o3': 13745}, 'pm': {'pm1': 13200, 'pm10': 13202, 'pm25': 13201}}",2.46,5.62,24.37,2.7,2.82,2.78,501315673,37.0,MOD-00613,26.2,2025-09-25T07:21:31,2025-09-25T00:21:31,https://api.quant-aq.com/v1/devices/MOD-00613/data/501315525
919.78,449.47,"{'lat': None, 'lon': None}","{'rh': 37.0, 'temp': 26.2, 'wd': 0.0, 'ws': 0.0, 'ws_scalar': 0.0}","{'gas': {'co': 13498, 'co2': 13260, 'no': 13586, 'no2': 13765, 'o3': 13745}, 'pm': {'pm1': 13200, 'pm10': 13202, 'pm25': 13201}}",2.47,5.62,25.18,2.38,2.5,2.46,501315674,37.0,MOD-00613,26.2,2025-09-25T07:20:31,2025-09-25T00:20:31,https://api.quant-aq.com/v1/devices/MOD-00613/data/501315527
923.06,448.87,"{'lat': None, 'lon': None}","{'rh': 37.0, 'temp': 26.2, 'wd': 0.0, 'ws': 0.0, 'ws_scalar': 0.0}","{'gas': {'co': 13498, 'co2': 13260, 'no': 13586, 'no2': 13765, 'o3': 13745}, 'pm': {'pm1': 13200, 'pm10': 13202, 'pm25': 13201}}",2.46,5.58,25.18,2.15,2.53,2.25,501315672,37.0,MOD-00613,26.2,2025-09-25T07:19:31,2025-09-25T00:19:31,https://api.quant-aq.com/v1/devices/MOD-00613/data/501315526
919.37,448.99,"{'lat': None, 'lon': None}","{'rh': 37.0, 'temp': 26.2, 'wd': 0.0, 'ws': 0.0, 'ws_scalar': 0.0}","{'gas': {'co': 13498, 'co2': 13260, 'no': 13586, 'no2': 13765, 'o3': 13745}, 'pm': {'pm1': 13200, 'pm10': 13202, 'pm25': 13201}}",2.47,5.66,25.18,2.25,2.41,2.33,501312867,37.0,MOD-00613,26.2,2025-09-25T07:18:31,2025-09-25T00:18:31,https://api.quant-aq.com/v1/devices/MOD-00613/data/501312720
921.01,449.23,"{'lat': None, 'lon': None}","{'rh': 37.0, 'temp': 26.2, 'wd': 0.0, 'ws': 0.0, 'ws_scalar': 0.0}","{'gas': {'co': 13498, 'co2': 13260, 'no': 13586, 'no2': 13765, 'o3': 13745}, 'pm': {'pm1': 13200, 'pm10': 13202, 'pm25': 13201}}",2.46,5.58,24.37,3.05,3.21,3.13,501312866,37.0,MOD-00613,26.2,2025-09-25T07:17:31,2025-09-25T00:17:31,https://api.quant-aq.com/v1/devices/MOD-00613/data/501312718
925.53,448.99,"{'lat': None, 'lon': None}","{'rh': 37.0, 'temp': 26.2, 'wd': 0.0, 'ws': 0.0, 'ws_scalar': 0.0}","{'gas': {'co': 13498, 'co2': 13260, 'no': 13586, 'no2': 13765, 'o3': 13745}, 'pm': {'pm1': 13200, 'pm10': 13202, 'pm25': 13201}}",2.46,5.58,25.18,2.15,2.18,2.18,501312868,37.0,MOD-00613,26.2,2025-09-25T07:16:31,2025-09-25T00:16:31,https://api.quant-aq.com/v1/devices/MOD-00613/data/501312721
920.6,449.59,"{'lat': None, 'lon': None}","{'rh': 37.0, 'temp': 26.2, 'wd': 0.0, 'ws': 0.0, 'ws_scalar': 0.0}","{'gas': {'co': 13498, 'co2': 13260, 'no': 13586, 'no2': 13765, 'o3': 13745}, 'pm': {'pm1': 13200, 'pm10': 13202, 'pm25': 13201}}",2.47,5.62,25.18,1.97,3.68,2.05,501312864,37.0,MOD-00613,26.2,2025-09-25T07:15:31,2025-09-25T00:15:31,https://api.quant-aq.com/v1/devices/MOD-00613/data/501312717
926.35,448.51,"{'lat': None, 'lon': None}","{'rh': 37.0, 'temp': 26.2, 'wd': 0.0, 'ws': 0.0, 'ws_scalar': 0.0}","{'gas': {'co': 13498, 'co2': 13260, 'no': 13586, 'no2': 13765, 'o3': 13745}, 'pm': {'pm1': 13200, 'pm10': 13202, 'pm25': 13201}}",2.46,5.62,25.18,2.52,2.57,2.57,501312865,37.0,MOD-00613,26.2,2025-09-25T07:14:31,2025-09-25T00:14:31,https://api.quant-aq.com/v1/devices/MOD-00613/data/501312719
927.99,449.35,"{'lat': None, 'lon': None}","{'rh': 37.0, 'temp': 26.2, 'wd': 0.0, 'ws': 0.0, 'ws_scalar': 0.0}","{'gas': {'co': 13498, 'co2': 13260, 'no': 13586, 'no2': 13765, 'o3': 13745}, 'pm': {'pm1': 13200, 'pm10': 13202, 'pm25': 13201}}",2.48,5.66,24.64,2.95,3.03,2.99,501310026,37.0,MOD-00613,26.2,2025-09-25T07:13:31,2025-09-25T00:13:31,https://api.quant-aq.com/v1/devices/MOD-00613/data/501309880
922.65,450.07,"{'lat': None, 'lon': None}","{'rh': 37.0, 'temp': 26.2, 'wd': 0.0, 'ws': 0.0, 'ws_scalar': 0.0}","{'gas': {'co': 13498, 'co2': 13260, 'no': 13586, 'no2': 13765, 'o3': 13745}, 'pm': {'pm1': 13200, 'pm10': 13202, 'pm25': 13201}}",2.46,5.62,25.18,2.51,2.59,2.56,501310027,37.0,MOD-00613,26.2,2025-09-25T07:12:31,2025-09-25T00:12:31,https://api.quant-aq.com/v1/devices/MOD-00613/data/501309879
921.01,447.3,"{'lat': None, 'lon': None}","{'rh': 37.0, 'temp': 26.2, 'wd': 0.0, 'ws': 0.0, 'ws_scalar': 0.0}","{'gas': {'co': 13498, 'co2': 13260, 'no': 13586, 'no2': 13765, 'o3': 13745}, 'pm': {'pm1': 13200, 'pm10': 13202, 'pm25': 13201}}",2.47,5.62,25.18,3.46,3.48,3.48,501310030,37.0,MOD-00613,26.2,2025-09-25T07:11:31,2025-09-25T00:11:31,https://api.quant-aq.com/v1/devices/MOD-00613/data/501309883
921.83,449.35,"{'lat': None, 'lon': None}","{'rh': 37.0, 'temp': 26.2, 'wd': 0.0, 'ws': 0.0, 'ws_scalar': 0.0}","{'gas': {'co': 13498, 'co2': 13260, 'no': 13586, 'no2': 13765, 'o3': 13745}, 'pm': {'pm1': 13200, 'pm10': 13202, 'pm25': 13201}}",2.46,5.58,24.91,2.66,3.29,2.77,501310029,37.0,MOD-00613,26.2,2025-09-25T07:10:31,2025-09-25T00:10:31,https://api.quant-aq.com/v1/devices/MOD-00613/data/501309882
923.88,447.66,"{'lat': None, 'lon': None}","{'rh': 37.0, 'temp': 26.2, 'wd': 0.0, 'ws': 0.0, 'ws_scalar': 0.0}","{'gas': {'co': 13498, 'co2': 13260, 'no': 13586, 'no2': 13765, 'o3': 13745}, 'pm': {'pm1': 13200, 'pm10': 13202, 'pm25': 13201}}",2.47,5.66,25.18,2.46,2.48,2.48,501310028,37.0,MOD-00613,26.2,2025-09-25T07:09:31,2025-09-25T00:09:31,https://api.quant-aq.com/v1/devices/MOD-00613/data/501309881
925.94,449.11,"{'lat': None, 'lon': None}","{'rh': 37.0, 'temp': 26.2, 'wd': 0.0, 'ws': 0.0, 'ws_scalar': 0.0}","{'gas': {'co': 13498, 'co2': 13260, 'no': 13586, 'no2': 13765, 'o3': 13745}, 'pm': {'pm1': 13200, 'pm10': 13202, 'pm25': 13201}}",2.46,5.58,24.64,2.51,2.57,2.57,501307219,37.0,MOD-00613,26.2,2025-09-25T07:08:31,2025-09-25T00:08:31,https://api.quant-aq.com/v1/devices/MOD-00613/data/501307071
929.63,448.75,"{'lat': None, 'lon': None}","{'rh': 37.0, 'temp': 26.2, 'wd': 0.0, 'ws': 0.0, 'ws_scalar': 0.0}","{'gas': {'co': 13498, 'co2': 13260, 'no': 13586, 'no2': 13765, 'o3': 13745}, 'pm': {'pm1': 13200, 'pm10': 13202, 'pm25': 13201}}",2.46,5.58,25.45,2.8,2.87,2.84,501307211,37.0,MOD-00613,26.2,2025-09-25T07:07:31,2025-09-25T00:07:31,https://api.quant-aq.com/v1/devices/MOD-00613/data/501307065
925.53,450.31,"{'lat': None, 'lon': None}","{'rh': 37.0, 'temp': 26.2, 'wd': 0.0, 'ws': 0.0, 'ws_scalar': 0.0}","{'gas': {'co': 13498, 'co2': 13260, 'no': 13586, 'no2': 13765, 'o3': 13745}, 'pm': {'pm1': 13200, 'pm10': 13202, 'pm25': 13201}}",2.46,5.66,24.91,2.69,2.81,2.77,501307213,37.0,MOD-00613,26.2,2025-09-25T07:06:31,2025-09-25T00:06:31,https://api.quant-aq.com/v1/devices/MOD-00613/data/501307067
935.38,449.23,"{'lat': None, 'lon': None}","{'rh': 37.0, 'temp': 26.2, 'wd': 0.0, 'ws': 0.0, 'ws_scalar': 0.0}","{'gas': {'co': 13498, 'co2': 13260, 'no': 13586, 'no2': 13765, 'o3': 13745}, 'pm': {'pm1': 13200, 'pm10': 13202, 'pm25': 13201}}",2.46,5.62,24.91,2.61,2.71,2.71,501307215,37.0,MOD-00613,26.2,2025-09-25T07:05:31,2025-09-25T00:05:31,https://api.quant-aq.com/v1/devices/MOD-00613/data/501307070
923.78,447.9,"{'lat': None, 'lon': None}","{'rh': 37.0, 'temp': 26.1, 'wd': 0.0, 'ws': 0.0, 'ws_scalar': 0.0}","{'gas': {'co': 13498, 'co2': 13260, 'no': 13586, 'no2': 13765, 'o3': 13745}, 'pm': {'pm1': 13200, 'pm10': 13202, 'pm25': 13201}}",2.47,5.59,24.62,2.21,10.56,2.23,501307217,37.0,MOD-00613,26.1,2025-09-25T07:04:31,2025-09-25T00:04:31,https://api.quant-aq.com/v1/devices/MOD-00613/data/501307072
920.6,449.95,"{'lat': None, 'lon': None}","{'rh': 37.0, 'temp': 26.2, 'wd': 0.0, 'ws': 0.0, 'ws_scalar': 0.0}","{'gas': {'co': 13498, 'co2': 13260, 'no': 13586, 'no2': 13765, 'o3': 13745}, 'pm': {'pm1': 13200, 'pm10': 13202, 'pm25': 13201}}",2.46,5.66,25.45,2.81,2.92,2.88,501304399,37.0,MOD-00613,26.2,2025-09-25T07:03:31,2025-09-25T00:03:31,https://api.quant-aq.com/v1/devices/MOD-00613/data/501304252
925.94,449.47,"{'lat': None, 'lon': None}","{'rh': 37.0, 'temp': 26.2, 'wd': 0.0, 'ws': 0.0, 'ws_scalar': 0.0}","{'gas': {'co': 13498, 'co2': 13260, 'no': 13586, 'no2': 13765, 'o3': 13745}, 'pm': {'pm1': 13200, 'pm10': 13202, 'pm25': 13201}}",2.46,5.58,24.91,2.53,2.57,2.57,501304396,37.0,MOD-00613,26.2,2025-09-25T07:02:31,2025-09-25T00:02:31,https://api.quant-aq.com/v1/devices/MOD-00613/data/501304249
923.88,450.31,"{'lat': None, 'lon': None}","{'rh': 37.0, 'temp': 26.2, 'wd': 0.0, 'ws': 0.0, 'ws_scalar': 0.0}","{'gas': {'co': 13498, 'co2': 13260, 'no': 13586, 'no2': 13765, 'o3': 13745}, 'pm': {'pm1': 13200, 'pm10': 13202, 'pm25': 13201}}",2.46,5.62,24.91,2.84,2.92,2.88,501304398,37.0,MOD-00613,26.2,2025-09-25T07:01:31,2025-09-25T00:01:31,https://api.quant-aq.com/v1/devices/MOD-00613/data/501304251
934.04,449.59,"{'lat': None, 'lon': None}","{'rh': 37.0, 'temp': 26.1, 'wd': 0.0, 'ws': 0.0, 'ws_scalar': 0.0}","{'gas': {'co': 13498, 'co2': 13260, 'no': 13586, 'no2': 13765, 'o3': 13745}, 'pm': {'pm1': 13200, 'pm10': 13202, 'pm25': 13201}}",2.47,5.5,25.43,3.01,3.35,3.12,501304395,37.0,MOD-00613,26.1,2025-09-25T07:00:31,2025-09-25T00:00:31,https://api.quant-aq.com/v1/devices/MOD-00613/data/501304248
932.4,451.76,"{'lat': None, 'lon': None}","{'rh': 37.0, 'temp': 26.1, 'wd': 0.0, 'ws': 0.0, 'ws_scalar': 0.0}","{'gas': {'co': 13498, 'co2': 13260, 'no': 13586, 'no2': 13765, 'o3': 13745}, 'pm': {'pm1': 13200, 'pm10': 13202, 'pm25': 13201}}",2.46,5.62,24.89,3.04,3.1,3.1,501304397,37.0,MOD-00613,26.1,2025-09-25T06:59:31,2025-09-24T23:59:31,https://api.quant-aq.com/v1/devices/MOD-00613/data/501304250
928.29,450.67,"{'lat': None, 'lon': None}","{'rh': 37.0, 'temp': 26.1, 'wd': 0.0, 'ws': 0.0, 'ws_scalar': 0.0}","{'gas': {'co': 13498, 'co2': 13260, 'no': 13586, 'no2': 13765, 'o3': 13745}, 'pm': {'pm1': 13200, 'pm10': 13202, 'pm25': 13201}}",2.47,5.59,25.16,3.02,3.11,3.11,501301592,37.0,MOD-00613,26.1,2025-09-25T06:58:31,2025-09-24T23:58:31,https://api.quant-aq.com/v1/devices/MOD-00613/data/501301445
931.17,452.24,"{'lat': None, 'lon': None}","{'rh': 37.0, 'temp': 26.1, 'wd': 0.0, 'ws': 0.0, 'ws_scalar': 0.0}","{'gas': {'co': 13498, 'co2': 13260, 'no': 13586, 'no2': 13765, 'o3': 13745}, 'pm': {'pm1': 13200, 'pm10': 13202, 'pm25': 13201}}",2.46,5.59,25.16,2.71,2.74,2.74,501301590,37.0,MOD-00613,26.1,2025-09-25T06:57:31,2025-09-24T23:57:31,https://api.quant-aq.com/v1/devices/MOD-00613/data/501301442
930.35,448.14,"{'lat': None, 'lon': None}","{'rh': 37.0, 'temp': 26.1, 'wd': 0.0, 'ws': 0.0, 'ws_scalar': 0.0}","{'gas': {'co': 13498, 'co2': 13260, 'no': 13586, 'no2': 13765, 'o3': 13745}, 'pm': {'pm1': 13200, 'pm10': 13202, 'pm25': 13201}}",2.47,5.54,25.43,2.72,3.29,2.79,501301589,37.0,MOD-00613,26.1,2025-09-25T06:56:31,2025-09-24T23:56:31,https://api.quant-aq.com/v1/devices/MOD-00613/data/501301443
929.11,451.88,"{'lat': None, 'lon': None}","{'rh': 37.0, 'temp': 26.1, 'wd': 0.0, 'ws': 0.0, 'ws_scalar': 0.0}","{'gas': {'co': 13498, 'co2': 13260, 'no': 13586, 'no2': 13765, 'o3': 13745}, 'pm': {'pm1': 13200, 'pm10': 13202, 'pm25': 13201}}",2.47,5.5,24.89,3.23,3.27,3.27,501301591,37.0,MOD-00613,26.1,2025-09-25T06:55:31,2025-09-24T23:55:31,https://api.quant-aq.com/v1/devices/MOD-00613/data/501301444
931.58,451.15,"{'lat': None, 'lon': None}","{'rh': 37.0, 'temp': 26.1, 'wd': 0.0, 'ws': 0.0, 'ws_scalar': 0.0}","{'gas': {'co': 13498, 'co2': 13260, 'no': 13586, 'no2': 13765, 'o3': 13745}, 'pm': {'pm1': 13200, 'pm10': 13202, 'pm25': 13201}}",2.47,5.59,24.89,2.62,2.73,2.69,501301593,37.0,MOD-00613,26.1,2025-09-25T06:54:31,2025-09-24T23:54:31,https://api.quant-aq.com/v1/devices/MOD-00613/data/501301446
927.06,452.6,"{'lat': None, 'lon': None}","{'rh': 37.0, 'temp': 26.1, 'wd': 0.0, 'ws': 0.0, 'ws_scalar': 0.0}","{'gas': {'co': 13498, 'co2': 13260, 'no': 13586, 'no2': 13765, 'o3': 13745}, 'pm': {'pm1': 13200, 'pm10': 13202, 'pm25': 13201}}",2.47,5.62,24.89,2.85,3.07,2.9,501298757,37.0,MOD-00613,26.1,2025-09-25T06:53:31,2025-09-24T23:53:31,https://api.quant-aq.com/v1/devices/MOD-00613/data/501298611
932.4,452.24,"{'lat': None, 'lon': None}","{'rh': 37.0, 'temp': 26.1, 'wd': 0.0, 'ws': 0.0, 'ws_scalar': 0.0}","{'gas': {'co': 13498, 'co2': 13260, 'no': 13586, 'no2': 13765, 'o3': 13745}, 'pm': {'pm1': 13200, 'pm10': 13202, 'pm25': 13201}}",2.46,5.59,24.62,2.91,3.46,2.99,501298756,37.0,MOD-00613,26.1,2025-09-25T06:52:31,2025-09-24T23:52:31,https://api.quant-aq.com/v1/devices/MOD-00613/data/501298609
934.45,452.36,"{'lat': None, 'lon': None}","{'rh': 37.0, 'temp': 26.1, 'wd': 0.0, 'ws': 0.0, 'ws_scalar': 0.0}","{'gas': {'co': 13498, 'co2': 13260, 'no': 13586, 'no2': 13765, 'o3': 13745}, 'pm': {'pm1': 13200, 'pm10': 13202, 'pm25': 13201}}",2.46,5.59,25.16,2.96,3.12,3.03,501298759,37.0,MOD-00613,26.1,2025-09-25T06:51:31,2025-09-24T23:51:31,https://api.quant-aq.com/v1/devices/MOD-00613/data/501298610
932.74,450.91,"{'lat': None, 'lon': None}","{'rh': 37.1, 'temp': 26.1, 'wd': 0.0, 'ws': 0.0, 'ws_scalar': 0.0}","{'gas': {'co': 13498, 'co2': 13260, 'no': 13586, 'no2': 13765, 'o3': 13745}, 'pm': {'pm1': 13200, 'pm10': 13202, 'pm25': 13201}}",2.46,5.61,25.13,2.5,2.56,2.56,501298758,37.1,MOD-00613,26.1,2025-09-25T06:50:31,2025-09-24T23:50:31,https://api.quant-aq.com/v1/devices/MOD-00613/data/501298612
931.92,451.4,"{'lat': None, 'lon': None}","{'rh': 37.1, 'temp': 26.1, 'wd': 0.0, 'ws': 0.0, 'ws_scalar': 0.0}","{'gas': {'co': 13498, 'co2': 13260, 'no': 13586, 'no2': 13765, 'o3': 13745}, 'pm': {'pm1': 13200, 'pm10': 13202, 'pm25': 13201}}",2.46,5.61,25.13,2.82,3.12,2.92,501298755,37.1,MOD-00613,26.1,2025-09-25T06:49:31,2025-09-24T23:49:31,https://api.quant-aq.com/v1/devices/MOD-00613/data/501298608
938.97,453.68,"{'lat': None, 'lon': None}","{'rh': 37.0, 'temp': 26.1, 'wd': 0.0, 'ws': 0.0, 'ws_scalar': 0.0}","{'gas': {'co': 13498, 'co2': 13260, 'no': 13586, 'no2': 13765, 'o3': 13745}, 'pm': {'pm1': 13200, 'pm10': 13202, 'pm25': 13201}}",2.47,5.54,24.89,2.92,3.21,3.01,501295922,37.0,MOD-00613,26.1,2025-09-25T06:48:31,2025-09-24T23:48:31,https://api.quant-aq.com/v1/devices/MOD-00613/data/501295778
931.58,450.79,"{'lat': None, 'lon': None}","{'rh': 37.0, 'temp': 26.1, 'wd': 0.0, 'ws': 0.0, 'ws_scalar': 0.0}","{'gas': {'co': 13498, 'co2': 13260, 'no': 13586, 'no2': 13765, 'o3': 13745}, 'pm': {'pm1': 13200, 'pm10': 13202, 'pm25': 13201}}",2.47,7.49,24.89,3.06,3.35,3.19,501295925,37.0,MOD-00613,26.1,2025-09-25T06:47:31,2025-09-24T23:47:31,https://api.quant-aq.com/v1/devices/MOD-00613/data/501295779
937.32,452.6,"{'lat': None, 'lon': None}","{'rh': 37.0, 'temp': 26.1, 'wd': 0.0, 'ws': 0.0, 'ws_scalar': 0.0}","{'gas': {'co': 13498, 'co2': 13260, 'no': 13586, 'no2': 13765, 'o3': 13745}, 'pm': {'pm1': 13200, 'pm10': 13202, 'pm25': 13201}}",2.47,7.49,24.62,2.9,3.09,2.94,501295924,37.0,MOD-00613,26.1,2025-09-25T06:46:31,2025-09-24T23:46:31,https://api.quant-aq.com/v1/devices/MOD-00613/data/501295776
934.04,455.01,"{'lat': None, 'lon': None}","{'rh': 37.0, 'temp': 26.1, 'wd': 0.0, 'ws': 0.0, 'ws_scalar': 0.0}","{'gas': {'co': 13498, 'co2': 13260, 'no': 13586, 'no2': 13765, 'o3': 13745}, 'pm': {'pm1': 13200, 'pm10': 13202, 'pm25': 13201}}",2.47,5.62,25.7,3.02,3.58,3.08,501295918,37.0,MOD-00613,26.1,2025-09-25T06:45:31,2025-09-24T23:45:31,https://api.quant-aq.com/v1/devices/MOD-00613/data/501295773
932.81,449.59,"{'lat': None, 'lon': None}","{'rh': 37.0, 'temp': 26.1, 'wd': 0.0, 'ws': 0.0, 'ws_scalar': 0.0}","{'gas': {'co': 13498, 'co2': 13260, 'no': 13586, 'no2': 13765, 'o3': 13745}, 'pm': {'pm1': 13200, 'pm10': 13202, 'pm25': 13201}}",2.47,5.59,25.16,3.72,3.86,3.82,501295920,37.0,MOD-00613,26.1,2025-09-25T06:44:31,2025-09-24T23:44:31,https://api.quant-aq.com/v1/devices/MOD-00613/data/501295777
936.09,454.05,"{'lat': None, 'lon': None}","{'rh': 37.0, 'temp': 26.1, 'wd': 0.0, 'ws': 0.0, 'ws_scalar': 0.0}","{'gas': {'co': 13498, 'co2': 13260, 'no': 13586, 'no2': 13765, 'o3': 13745}, 'pm': {'pm1': 13200, 'pm10': 13202, 'pm25': 13201}}",2.47,5.54,25.16,3.02,3.17,3.09,501293129,37.0,MOD-00613,26.1,2025-09-25T06:43:31,2025-09-24T23:43:31,https://api.quant-aq.com/v1/devices/MOD-00613/data/501292982
937.73,452.72,"{'lat': None, 'lon': None}","{'rh': 37.0, 'temp': 26.1, 'wd': 0.0, 'ws': 0.0, 'ws_scalar': 0.0}","{'gas': {'co': 13498, 'co2': 13260, 'no': 13586, 'no2': 13765, 'o3': 13745}, 'pm': {'pm1': 13200, 'pm10': 13202, 'pm25': 13201}}",2.47,5.54,25.16,2.96,3.23,3.03,501293130,37.0,MOD-00613,26.1,2025-09-25T06:42:31,2025-09-24T23:42:31,https://api.quant-aq.com/v1/devices/MOD-00613/data/501292983
938.97,454.17,"{'lat': None, 'lon': None}","{'rh': 37.0, 'temp': 26.1, 'wd': 0.0, 'ws': 0.0, 'ws_scalar': 0.0}","{'gas': {'co': 13498, 'co2': 13260, 'no': 13586, 'no2': 13765, 'o3': 13745}, 'pm': {'pm1': 13200, 'pm10': 13202, 'pm25': 13201}}",2.46,5.62,24.89,3.46,3.64,3.56,501293127,37.0,MOD-00613,26.1,2025-09-25T06:41:31,2025-09-24T23:41:31,https://api.quant-aq.com/v1/devices/MOD-00613/data/501292980
935.27,452.48,"{'lat': None, 'lon': None}","{'rh': 37.0, 'temp': 26.1, 'wd': 0.0, 'ws': 0.0, 'ws_scalar': 0.0}","{'gas': {'co': 13498, 'co2': 13260, 'no': 13586, 'no2': 13765, 'o3': 13745}, 'pm': {'pm1': 13200, 'pm10': 13202, 'pm25': 13201}}",2.47,5.59,24.89,3.37,3.45,3.45,501293128,37.0,MOD-00613,26.1,2025-09-25T06:40:31,2025-09-24T23:40:31,https://api.quant-aq.com/v1/devices/MOD-00613/data/501292981
935.27,451.76,"{'lat': None, 'lon': None}","{'rh': 37.0, 'temp': 26.1, 'wd': 0.0, 'ws': 0.0, 'ws_scalar': 0.0}","{'gas': {'co': 13498, 'co2': 13260, 'no': 13586, 'no2': 13765, 'o3': 13745}, 'pm': {'pm1': 13200, 'pm10': 13202, 'pm25': 13201}}",2.46,5.62,24.62,3.16,3.42,3.21,501293126,37.0,MOD-00613,26.1,2025-09-25T06:39:31,2025-09-24T23:39:31,https://api.quant-aq.com/v1/devices/MOD-00613/data/501292979
937.32,453.44,"{'lat': None, 'lon': None}","{'rh': 37.0, 'temp': 26.1, 'wd': 0.0, 'ws': 0.0, 'ws_scalar': 0.0}","{'gas': {'co': 13498, 'co2': 13260, 'no': 13586, 'no2': 13765, 'o3': 13745}, 'pm': {'pm1': 13200, 'pm10': 13202, 'pm25': 13201}}",2.46,5.59,25.16,3.13,3.22,3.18,501290305,37.0,MOD-00613,26.1,2025-09-25T06:38:31,2025-09-24T23:38:31,https://api.quant-aq.com/v1/devices/MOD-00613/data/501290158
936.39,447.9,"{'lat': None, 'lon': None}","{'rh': 37.0, 'temp': 26.0, 'wd': 0.0, 'ws': 0.0, 'ws_scalar': 0.0}","{'gas': {'co': 13498, 'co2': 13260, 'no': 13586, 'no2': 13765, 'o3': 13745}, 'pm': {'pm1': 13200, 'pm10': 13202, 'pm25': 13201}}",2.47,6.08,25.14,3.44,3.58,3.5,501290301,37.0,MOD-00613,26.0,2025-09-25T06:37:31,2025-09-24T23:37:31,https://api.quant-aq.com/v1/devices/MOD-00613/data/501290154
942.48,451.76,"{'lat': None, 'lon': None}","{'rh': 37.1, 'temp': 26.0, 'wd': 0.0, 'ws': 0.0, 'ws_scalar': 0.0}","{'gas': {'co': 13498, 'co2': 13260, 'no': 13586, 'no2': 13765, 'o3': 13745}, 'pm': {'pm1': 13200, 'pm10': 13202, 'pm25': 13201}}",2.46,6.03,25.38,3.18,3.45,3.25,501290299,37.1,MOD-00613,26.0,2025-09-25T06:36:31,2025-09-24T23:36:31,https://api.quant-aq.com/v1/devices/MOD-00613/data/501290152
938.38,451.4,"{'lat': None, 'lon': None}","{'rh': 37.1, 'temp': 26.0, 'wd': 0.0, 'ws': 0.0, 'ws_scalar': 0.0}","{'gas': {'co': 13498, 'co2': 13260, 'no': 13586, 'no2': 13765, 'o3': 13745}, 'pm': {'pm1': 13200, 'pm10': 13202, 'pm25': 13201}}",2.51,6.07,24.84,2.7,4.52,2.8,501290303,37.1,MOD-00613,26.0,2025-09-25T06:35:31,2025-09-24T23:35:31,https://api.quant-aq.com/v1/devices/MOD-00613/data/501290157
941.25,452.72,"{'lat': None, 'lon': None}","{'rh': 37.1, 'temp': 26.0, 'wd': 0.0, 'ws': 0.0, 'ws_scalar': 0.0}","{'gas': {'co': 13498, 'co2': 13260, 'no': 13586, 'no2': 13765, 'o3': 13745}, 'pm': {'pm1': 13200, 'pm10': 13202, 'pm25': 13201}}",2.52,6.07,25.11,3.2,3.25,3.25,501290297,37.1,MOD-00613,26.0,2025-09-25T06:34:31,2025-09-24T23:34:31,https://api.quant-aq.com/v1/devices/MOD-00613/data/501290151
938.79,451.4,"{'lat': None, 'lon': None}","{'rh': 37.1, 'temp': 26.0, 'wd': 0.0, 'ws': 0.0, 'ws_scalar': 0.0}","{'gas': {'co': 13498, 'co2': 13260, 'no': 13586, 'no2': 13765, 'o3': 13745}, 'pm': {'pm1': 13200, 'pm10': 13202, 'pm25': 13201}}",2.47,6.11,25.11,3.3,3.45,3.42,501287444,37.1,MOD-00613,26.0,2025-09-25T06:33:31,2025-09-24T23:33:31,https://api.quant-aq.com/v1/devices/MOD-00613/data/501287297
937.56,454.53,"{'lat': None, 'lon': None}","{'rh': 37.1, 'temp': 26.0, 'wd': 0.0, 'ws': 0.0, 'ws_scalar': 0.0}","{'gas': {'co': 13498, 'co2': 13260, 'no': 13586, 'no2': 13765, 'o3': 13745}, 'pm': {'pm1': 13200, 'pm10': 13202, 'pm25': 13201}}",2.51,6.07,24.84,2.97,3.19,3.11,501287443,37.1,MOD-00613,26.0,2025-09-25T06:32:31,2025-09-24T23:32:31,https://api.quant-aq.com/v1/devices/MOD-00613/data/501287296
934.75,452.84,"{'lat': None, 'lon': None}","{'rh': 37.0, 'temp': 26.0, 'wd': 0.0, 'ws': 0.0, 'ws_scalar': 0.0}","{'gas': {'co': 13498, 'co2': 13260, 'no': 13586, 'no2': 13765, 'o3': 13745}, 'pm': {'pm1': 13200, 'pm10': 13202, 'pm25': 13201}}",2.46,6.08,24.6,3.19,3.24,3.24,501287442,37.0,MOD-00613,26.0,2025-09-25T06:31:31,2025-09-24T23:31:31,https://api.quant-aq.com/v1/devices/MOD-00613/data/501287295
943.3,452.36,"{'lat': None, 'lon': None}","{'rh': 37.1, 'temp': 26.0, 'wd': 0.0, 'ws': 0.0, 'ws_scalar': 0.0}","{'gas': {'co': 13498, 'co2': 13260, 'no': 13586, 'no2': 13765, 'o3': 13745}, 'pm': {'pm1': 13200, 'pm10': 13202, 'pm25': 13201}}",2.47,7.53,24.84,2.7,3.57,2.78,501287441,37.1,MOD-00613,26.0,2025-09-25T06:30:31,2025-09-24T23:30:31,https://api.quant-aq.com/v1/devices/MOD-00613/data/501287294
941.25,451.15,"{'lat': None, 'lon': None}","{'rh': 37.1, 'temp': 26.0, 'wd': 0.0, 'ws': 0.0, 'ws_scalar': 0.0}","{'gas': {'co': 13498, 'co2': 13260, 'no': 13586, 'no2': 13765, 'o3': 13745}, 'pm': {'pm1': 13200, 'pm10': 13202, 'pm25': 13201}}",2.51,6.11,24.84,2.58,2.66,2.62,501285162,37.1,MOD-00613,26.0,2025-09-25T06:29:31,2025-09-24T23:29:31,https://api.quant-aq.com/v1/devices/MOD-00613/data/501285016
947.0,451.76,"{'lat': None, 'lon': None}","{'rh': 37.1, 'temp': 26.0, 'wd': 0.0, 'ws': 0.0, 'ws_scalar': 0.0}","{'gas': {'co': 13498, 'co2': 13260, 'no': 13586, 'no2': 13765, 'o3': 13745}, 'pm': {'pm1': 13200, 'pm10': 13202, 'pm25': 13201}}",2.47,6.11,25.38,3.62,3.66,3.66,501285163,37.1,MOD-00613,26.0,2025-09-25T06:28:31,2025-09-24T23:28:31,https://api.quant-aq.com/v1/devices/MOD-00613/data/501285015
942.48,453.2,"{'lat': None, 'lon': None}","{'rh': 37.1, 'temp': 26.0, 'wd': 0.0, 'ws': 0.0, 'ws_scalar': 0.0}","{'gas': {'co': 13498, 'co2': 13260, 'no': 13586, 'no2': 13765, 'o3': 13745}, 'pm': {'pm1': 13200, 'pm10': 13202, 'pm25': 13201}}",2.52,6.11,24.84,2.84,3.06,2.9,501285161,37.1,MOD-00613,26.0,2025-09-25T06:27:31,2025-09-24T23:27:31,https://api.quant-aq.com/v1/devices/MOD-00613/data/501285014
940.02,452.12,"{'lat': None, 'lon': None}","{'rh': 37.1, 'temp': 26.0, 'wd': 0.0, 'ws': 0.0, 'ws_scalar': 0.0}","{'gas': {'co': 13498, 'co2': 13260, 'no': 13586, 'no2': 13765, 'o3': 13745}, 'pm': {'pm1': 13200, 'pm10': 13202, 'pm25': 13201}}",2.52,7.53,25.11,2.61,2.83,2.75,501285159,37.1,MOD-00613,26.0,2025-09-25T06:26:31,2025-09-24T23:26:31,https://api.quant-aq.com/v1/devices/MOD-00613/data/501285012
943.3,451.88,"{'lat': None, 'lon': None}","{'rh': 37.1, 'temp': 26.0, 'wd': 0.0, 'ws': 0.0, 'ws_scalar': 0.0}","{'gas': {'co': 13498, 'co2': 13260, 'no': 13586, 'no2': 13765, 'o3': 13745}, 'pm': {'pm1': 13200, 'pm10': 13202, 'pm25': 13201}}",2.47,6.07,24.84,3.09,3.11,3.11,501285160,37.1,MOD-00613,26.0,2025-09-25T06:25:31,2025-09-24T23:25:31,https://api.quant-aq.com/v1/devices/MOD-00613/data/501285013
941.73,452.12,"{'lat': None, 'lon': None}","{'rh': 37.0, 'temp': 26.0, 'wd': 0.0, 'ws': 0.0, 'ws_scalar': 0.0}","{'gas': {'co': 13498, 'co2': 13260, 'no': 13586, 'no2': 13765, 'o3': 13745}, 'pm': {'pm1': 13200, 'pm10': 13202, 'pm25': 13201}}",2.47,7.59,24.87,3.37,3.63,3.52,501282356,37.0,MOD-00613,26.0,2025-09-25T06:24:31,2025-09-24T23:24:31,https://api.quant-aq.com/v1/devices/MOD-00613/data/501282209
949.53,454.05,"{'lat': None, 'lon': None}","{'rh': 37.0, 'temp': 26.0, 'wd': 0.0, 'ws': 0.0, 'ws_scalar': 0.0}","{'gas': {'co': 13498, 'co2': 13260, 'no': 13586, 'no2': 13765, 'o3': 13745}, 'pm': {'pm1': 13200, 'pm10': 13202, 'pm25': 13201}}",2.47,7.52,25.14,3.14,3.17,3.17,501282354,37.0,MOD-00613,26.0,2025-09-25T06:23:31,2025-09-24T23:23:31,https://api.quant-aq.com/v1/devices/MOD-00613/data/501282207
944.94,452.24,"{'lat': None, 'lon': None}","{'rh': 37.1, 'temp': 26.0, 'wd': 0.0, 'ws': 0.0, 'ws_scalar': 0.0}","{'gas': {'co': 13498, 'co2': 13260, 'no': 13586, 'no2': 13765, 'o3': 13745}, 'pm': {'pm1': 13200, 'pm10': 13202, 'pm25': 13201}}",2.52,6.07,25.38,2.67,2.75,2.75,501282358,37.1,MOD-00613,26.0,2025-09-25T06:22:31,2025-09-24T23:22:31,https://api.quant-aq.com/v1/devices/MOD-00613/data/501282210
944.94,450.19,"{'lat': None, 'lon': None}","{'rh': 37.1, 'temp': 26.0, 'wd': 0.0, 'ws': 0.0, 'ws_scalar': 0.0}","{'gas': {'co': 13498, 'co2': 13260, 'no': 13586, 'no2': 13765, 'o3': 13745}, 'pm': {'pm1': 13200, 'pm10': 13202, 'pm25': 13201}}",2.47,7.53,25.11,2.94,2.99,2.99,501282357,37.1,MOD-00613,26.0,2025-09-25T06:21:31,2025-09-24T23:21:31,https://api.quant-aq.com/v1/devices/MOD-00613/data/501282211
947.0,453.93,"{'lat': None, 'lon': None}","{'rh': 37.1, 'temp': 26.0, 'wd': 0.0, 'ws': 0.0, 'ws_scalar': 0.0}","{'gas': {'co': 13498, 'co2': 13260, 'no': 13586, 'no2': 13765, 'o3': 13745}, 'pm': {'pm1': 13200, 'pm10': 13202, 'pm25': 13201}}",2.47,6.03,25.11,3.34,3.43,3.43,501282355,37.1,MOD-00613,26.0,2025-09-25T06:20:31,2025-09-24T23:20:31,https://api.quant-aq.com/v1/devices/MOD-00613/data/501282208
945.77,451.88,"{'lat': None, 'lon': None}","{'rh': 37.1, 'temp': 26.0, 'wd': 0.0, 'ws': 0.0, 'ws_scalar': 0.0}","{'gas': {'co': 13498, 'co2': 13260, 'no': 13586, 'no2': 13765, 'o3': 13745}, 'pm': {'pm1': 13200, 'pm10': 13202, 'pm25': 13201}}",2.52,10.81,24.57,3.08,3.1,3.1,501279586,37.1,MOD-00613,26.0,2025-09-25T06:19:31,2025-09-24T23:19:31,https://api.quant-aq.com/v1/devices/MOD-00613/data/501279439
949.46,452.96,"{'lat': None, 'lon': None}","{'rh': 37.1, 'temp': 26.0, 'wd': 0.0, 'ws': 0.0, 'ws_scalar': 0.0}","{'gas': {'co': 13498, 'co2': 13260, 'no': 13586, 'no2': 13765, 'o3': 13745}, 'pm': {'pm1': 13200, 'pm10': 13202, 'pm25': 13201}}",2.52,7.53,25.11,3.35,3.39,3.39,501279585,37.1,MOD-00613,26.0,2025-09-25T06:18:31,2025-09-24T23:18:31,https://api.quant-aq.com/v1/devices/MOD-00613/data/501279438
945.77,454.29,"{'lat': None, 'lon': None}","{'rh': 37.1, 'temp': 26.0, 'wd': 0.0, 'ws': 0.0, 'ws_scalar': 0.0}","{'gas': {'co': 13498, 'co2': 13260, 'no': 13586, 'no2': 13765, 'o3': 13745}, 'pm': {'pm1': 13200, 'pm10': 13202, 'pm25': 13201}}",2.46,6.11,25.65,3.36,3.38,3.38,501279584,37.1,MOD-00613,26.0,2025-09-25T06:17:31,2025-09-24T23:17:31,https://api.quant-aq.com/v1/devices/MOD-00613/data/501279437
951.82,449.47,"{'lat': None, 'lon': None}","{'rh': 37.1, 'temp': 25.9, 'wd': 0.0, 'ws': 0.0, 'ws_scalar': 0.0}","{'gas': {'co': 13498, 'co2': 13260, 'no': 13586, 'no2': 13765, 'o3': 13745}, 'pm': {'pm1': 13200, 'pm10': 13202, 'pm25': 13201}}",2.51,8.12,25.09,3.24,3.84,3.34,501279582,37.1,MOD-00613,25.9,2025-09-25T06:16:31,2025-09-24T23:16:31,https://api.quant-aq.com/v1/devices/MOD-00613/data/501279436
948.53,455.85,"{'lat': None, 'lon': None}","{'rh': 37.1, 'temp': 25.9, 'wd': 0.0, 'ws': 0.0, 'ws_scalar': 0.0}","{'gas': {'co': 13498, 'co2': 13260, 'no': 13586, 'no2': 13765, 'o3': 13745}, 'pm': {'pm1': 13200, 'pm10': 13202, 'pm25': 13201}}",2.52,10.92,25.09,3.85,4.05,3.88,501279583,37.1,MOD-00613,25.9,2025-09-25T06:15:31,2025-09-24T23:15:31,https://api.quant-aq.com/v1/devices/MOD-00613/data/501279435
948.12,452.96,"{'lat': None, 'lon': None}","{'rh': 37.1, 'temp': 25.9, 'wd': 0.0, 'ws': 0.0, 'ws_scalar': 0.0}","{'gas': {'co': 13498, 'co2': 13260, 'no': 13586, 'no2': 13765, 'o3': 13745}, 'pm': {'pm1': 13200, 'pm10': 13202, 'pm25': 13201}}",2.51,8.12,25.09,3.47,4.45,3.5,501276645,37.1,MOD-00613,25.9,2025-09-25T06:14:31,2025-09-24T23:14:31,https://api.quant-aq.com/v1/devices/MOD-00613/data/501276498
950.58,452.72,"{'lat': None, 'lon': None}","{'rh': 37.1, 'temp': 25.9, 'wd': 0.0, 'ws': 0.0, 'ws_scalar': 0.0}","{'gas': {'co': 13498, 'co2': 13260, 'no': 13586, 'no2': 13765, 'o3': 13745}, 'pm': {'pm1': 13200, 'pm10': 13202, 'pm25': 13201}}",2.52,10.92,24.82,3.52,3.54,3.54,501276646,37.1,MOD-00613,25.9,2025-09-25T06:13:31,2025-09-24T23:13:31,https://api.quant-aq.com/v1/devices/MOD-00613/data/501276499
946.48,456.82,"{'lat': None, 'lon': None}","{'rh': 37.1, 'temp': 25.9, 'wd': 0.0, 'ws': 0.0, 'ws_scalar': 0.0}","{'gas': {'co': 13498, 'co2': 13260, 'no': 13586, 'no2': 13765, 'o3': 13745}, 'pm': {'pm1': 13200, 'pm10': 13202, 'pm25': 13201}}",2.52,8.12,25.09,3.6,3.62,3.62,501276647,37.1,MOD-00613,25.9,2025-09-25T06:12:31,2025-09-24T23:12:31,https://api.quant-aq.com/v1/devices/MOD-00613/data/501276500
948.12,458.38,"{'lat': None, 'lon': None}","{'rh': 37.1, 'temp': 25.9, 'wd': 0.0, 'ws': 0.0, 'ws_scalar': 0.0}","{'gas': {'co': 13498, 'co2': 13260, 'no': 13586, 'no2': 13765, 'o3': 13745}, 'pm': {'pm1': 13200, 'pm10': 13202, 'pm25': 13201}}",2.51,6.08,25.36,2.8,2.84,2.84,501276648,37.1,MOD-00613,25.9,2025-09-25T06:11:31,2025-09-24T23:11:31,https://api.quant-aq.com/v1/devices/MOD-00613/data/501276502
957.56,455.97,"{'lat': None, 'lon': None}","{'rh': 37.1, 'temp': 25.9, 'wd': 0.0, 'ws': 0.0, 'ws_scalar': 0.0}","{'gas': {'co': 13498, 'co2': 13260, 'no': 13586, 'no2': 13765, 'o3': 13745}, 'pm': {'pm1': 13200, 'pm10': 13202, 'pm25': 13201}}",2.51,6.08,25.36,3.11,3.27,3.19,501276649,37.1,MOD-00613,25.9,2025-09-25T06:10:31,2025-09-24T23:10:31,https://api.quant-aq.com/v1/devices/MOD-00613/data/501276501
951.07,455.13,"{'lat': None, 'lon': None}","{'rh': 37.0, 'temp': 25.9, 'wd': 0.0, 'ws': 0.0, 'ws_scalar': 0.0}","{'gas': {'co': 13498, 'co2': 13260, 'no': 13586, 'no2': 13765, 'o3': 13745}, 'pm': {'pm1': 13200, 'pm10': 13202, 'pm25': 13201}}",2.46,8.16,25.93,2.98,3.07,3.03,501273356,37.0,MOD-00613,25.9,2025-09-25T06:09:31,2025-09-24T23:09:31,https://api.quant-aq.com/v1/devices/MOD-00613/data/501273209
950.58,455.61,"{'lat': None, 'lon': None}","{'rh': 37.1, 'temp': 25.9, 'wd': 0.0, 'ws': 0.0, 'ws_scalar': 0.0}","{'gas': {'co': 13498, 'co2': 13260, 'no': 13586, 'no2': 13765, 'o3': 13745}, 'pm': {'pm1': 13200, 'pm10': 13202, 'pm25': 13201}}",2.51,23.86,24.28,3.25,3.28,3.28,501273362,37.1,MOD-00613,25.9,2025-09-25T06:08:31,2025-09-24T23:08:31,https://api.quant-aq.com/v1/devices/MOD-00613/data/501273214
952.71,454.89,"{'lat': None, 'lon': None}","{'rh': 37.0, 'temp': 25.9, 'wd': 0.0, 'ws': 0.0, 'ws_scalar': 0.0}","{'gas': {'co': 13498, 'co2': 13260, 'no': 13586, 'no2': 13765, 'o3': 13745}, 'pm': {'pm1': 13200, 'pm10': 13202, 'pm25': 13201}}",2.47,11.55,24.85,3.19,3.3,3.26,501273360,37.0,MOD-00613,25.9,2025-09-25T06:07:31,2025-09-24T23:07:31,https://api.quant-aq.com/v1/devices/MOD-00613/data/501273215
950.58,455.97,"{'lat': None, 'lon': None}","{'rh': 37.1, 'temp': 25.9, 'wd': 0.0, 'ws': 0.0, 'ws_scalar': 0.0}","{'gas': {'co': 13498, 'co2': 13260, 'no': 13586, 'no2': 13765, 'o3': 13745}, 'pm': {'pm1': 13200, 'pm10': 13202, 'pm25': 13201}}",2.46,10.92,25.36,3.43,3.95,3.49,501273358,37.1,MOD-00613,25.9,2025-09-25T06:06:31,2025-09-24T23:06:31,https://api.quant-aq.com/v1/devices/MOD-00613/data/501273213
954.69,457.06,"{'lat': None, 'lon': None}","{'rh': 37.1, 'temp': 25.9, 'wd': 0.0, 'ws': 0.0, 'ws_scalar': 0.0}","{'gas': {'co': 13498, 'co2': 13260, 'no': 13586, 'no2': 13765, 'o3': 13745}, 'pm': {'pm1': 13200, 'pm10': 13202, 'pm25': 13201}}",2.51,10.92,25.36,3.25,3.39,3.35,501273355,37.1,MOD-00613,25.9,2025-09-25T06:05:31,2025-09-24T23:05:31,https://api.quant-aq.com/v1/devices/MOD-00613/data/501273211
950.17,457.06,"{'lat': None, 'lon': None}","{'rh': 37.1, 'temp': 25.9, 'wd': 0.0, 'ws': 0.0, 'ws_scalar': 0.0}","{'gas': {'co': 13498, 'co2': 13260, 'no': 13586, 'no2': 13765, 'o3': 13745}, 'pm': {'pm1': 13200, 'pm10': 13202, 'pm25': 13201}}",2.51,10.92,25.09,3.87,4.15,3.95,501270491,37.1,MOD-00613,25.9,2025-09-25T06:04:31,2025-09-24T23:04:31,https://api.quant-aq.com/v1/devices/MOD-00613/data/501270343
953.87,457.18,"{'lat': None, 'lon': None}","{'rh': 37.1, 'temp': 25.9, 'wd': 0.0, 'ws': 0.0, 'ws_scalar': 0.0}","{'gas': {'co': 13498, 'co2': 13260, 'no': 13586, 'no2': 13765, 'o3': 13745}, 'pm': {'pm1': 13200, 'pm10': 13202, 'pm25': 13201}}",2.52,6.08,25.09,2.83,3.03,2.91,501270490,37.1,MOD-00613,25.9,2025-09-25T06:03:31,2025-09-24T23:03:31,https://api.quant-aq.com/v1/devices/MOD-00613/data/501270344
953.05,456.57,"{'lat': None, 'lon': None}","{'rh': 37.1, 'temp': 25.9, 'wd': 0.0, 'ws': 0.0, 'ws_scalar': 0.0}","{'gas': {'co': 13498, 'co2': 13260, 'no': 13586, 'no2': 13765, 'o3': 13745}, 'pm': {'pm1': 13200, 'pm10': 13202, 'pm25': 13201}}",2.51,12.3,25.36,3.42,3.51,3.51,501270487,37.1,MOD-00613,25.9,2025-09-25T06:02:31,2025-09-24T23:02:31,https://api.quant-aq.com/v1/devices/MOD-00613/data/501270340
951.82,456.7,"{'lat': None, 'lon': None}","{'rh': 37.1, 'temp': 25.9, 'wd': 0.0, 'ws': 0.0, 'ws_scalar': 0.0}","{'gas': {'co': 13498, 'co2': 13260, 'no': 13586, 'no2': 13765, 'o3': 13745}, 'pm': {'pm1': 13200, 'pm10': 13202, 'pm25': 13201}}",2.51,12.3,24.82,3.28,3.53,3.34,501270489,37.1,MOD-00613,25.9,2025-09-25T06:01:31,2025-09-24T23:01:31,https://api.quant-aq.com/v1/devices/MOD-00613/data/501270341
955.81,457.06,"{'lat': None, 'lon': None}","{'rh': 37.1, 'temp': 25.8, 'wd': 0.0, 'ws': 0.0, 'ws_scalar': 0.0}","{'gas': {'co': 13498, 'co2': 13260, 'no': 13586, 'no2': 13765, 'o3': 13745}, 'pm': {'pm1': 13200, 'pm10': 13202, 'pm25': 13201}}",2.51,23.38,25.35,2.82,2.89,2.89,501270488,37.1,MOD-00613,25.8,2025-09-25T06:00:31,2025-09-24T23:00:31,https://api.quant-aq.com/v1/devices/MOD-00613/data/501270342
955.81,456.82,"{'lat': None, 'lon': None}","{'rh': 37.1, 'temp': 25.8, 'wd': 0.0, 'ws': 0.0, 'ws_scalar': 0.0}","{'gas': {'co': 13498, 'co2': 13260, 'no': 13586, 'no2': 13765, 'o3': 13745}, 'pm': {'pm1': 13200, 'pm10': 13202, 'pm25': 13201}}",2.51,13.29,25.35,3.45,4.11,3.49,501267502,37.1,MOD-00613,25.8,2025-09-25T05:59:31,2025-09-24T22:59:31,https://api.quant-aq.com/v1/devices/MOD-00613/data/501267355
960.33,456.94,"{'lat': None, 'lon': None}","{'rh': 37.1, 'temp': 25.8, 'wd': 0.0, 'ws': 0.0, 'ws_scalar': 0.0}","{'gas': {'co': 13498, 'co2': 13260, 'no': 13586, 'no2': 13765, 'o3': 13745}, 'pm': {'pm1': 13200, 'pm10': 13202, 'pm25': 13201}}",2.52,13.29,24.54,3.68,3.8,3.76,501267501,37.1,MOD-00613,25.8,2025-09-25T05:58:31,2025-09-24T22:58:31,https://api.quant-aq.com/v1/devices/MOD-00613/data/501267354
956.63,458.26,"{'lat': None, 'lon': None}","{'rh': 37.1, 'temp': 25.8, 'wd': 0.0, 'ws': 0.0, 'ws_scalar': 0.0}","{'gas': {'co': 13498, 'co2': 13260, 'no': 13586, 'no2': 13765, 'o3': 13745}, 'pm': {'pm1': 13200, 'pm10': 13202, 'pm25': 13201}}",2.51,13.29,25.08,3.17,3.22,3.22,501267499,37.1,MOD-00613,25.8,2025-09-25T05:57:31,2025-09-24T22:57:31,https://api.quant-aq.com/v1/devices/MOD-00613/data/501267352
954.17,457.9,"{'lat': None, 'lon': None}","{'rh': 37.1, 'temp': 25.8, 'wd': 0.0, 'ws': 0.0, 'ws_scalar': 0.0}","{'gas': {'co': 13498, 'co2': 13260, 'no': 13586, 'no2': 13765, 'o3': 13745}, 'pm': {'pm1': 13200, 'pm10': 13202, 'pm25': 13201}}",2.51,23.38,25.08,4.15,4.32,4.24,501267497,37.1,MOD-00613,25.8,2025-09-25T05:56:31,2025-09-24T22:56:31,https://api.quant-aq.com/v1/devices/MOD-00613/data/501267350
951.3,456.7,"{'lat': None, 'lon': None}","{'rh': 37.1, 'temp': 25.8, 'wd': 0.0, 'ws': 0.0, 'ws_scalar': 0.0}","{'gas': {'co': 13498, 'co2': 13260, 'no': 13586, 'no2': 13765, 'o3': 13745}, 'pm': {'pm1': 13200, 'pm10': 13202, 'pm25': 13201}}",2.51,13.29,25.08,3.49,3.63,3.59,501267496,37.1,MOD-00613,25.8,2025-09-25T05:55:31,2025-09-24T22:55:31,https://api.quant-aq.com/v1/devices/MOD-00613/data/501267349
958.28,458.02,"{'lat': None, 'lon': None}","{'rh': 37.1, 'temp': 25.8, 'wd': 0.0, 'ws': 0.0, 'ws_scalar': 0.0}","{'gas': {'co': 13498, 'co2': 13260, 'no': 13586, 'no2': 13765, 'o3': 13745}, 'pm': {'pm1': 13200, 'pm10': 13202, 'pm25': 13201}}",2.51,13.29,25.62,3.04,3.31,3.11,501264652,37.1,MOD-00613,25.8,2025-09-25T05:54:31,2025-09-24T22:54:31,https://api.quant-aq.com/v1/devices/MOD-00613/data/501264505
953.76,457.06,"{'lat': None, 'lon': None}","{'rh': 37.1, 'temp': 25.8, 'wd': 0.0, 'ws': 0.0, 'ws_scalar': 0.0}","{'gas': {'co': 13498, 'co2': 13260, 'no': 13586, 'no2': 13765, 'o3': 13745}, 'pm': {'pm1': 13200, 'pm10': 13202, 'pm25': 13201}}",2.51,12.98,25.62,4.01,4.74,4.07,501264650,37.1,MOD-00613,25.8,2025-09-25T05:53:31,2025-09-24T22:53:31,https://api.quant-aq.com/v1/devices/MOD-00613/data/501264503
956.22,457.18,"{'lat': None, 'lon': None}","{'rh': 37.1, 'temp': 25.8, 'wd': 0.0, 'ws': 0.0, 'ws_scalar': 0.0}","{'gas': {'co': 13498, 'co2': 13260, 'no': 13586, 'no2': 13765, 'o3': 13745}, 'pm': {'pm1': 13200, 'pm10': 13202, 'pm25': 13201}}",2.51,13.29,24.81,3.22,3.34,3.3,501264649,37.1,MOD-00613,25.8,2025-09-25T05:52:31,2025-09-24T22:52:31,https://api.quant-aq.com/v1/devices/MOD-00613/data/501264502
954.17,455.73,"{'lat': None, 'lon': None}","{'rh': 37.1, 'temp': 25.8, 'wd': 0.0, 'ws': 0.0, 'ws_scalar': 0.0}","{'gas': {'co': 13498, 'co2': 13260, 'no': 13586, 'no2': 13765, 'o3': 13745}, 'pm': {'pm1': 13200, 'pm10': 13202, 'pm25': 13201}}",2.51,23.86,25.35,3.47,3.69,3.53,501264651,37.1,MOD-00613,25.8,2025-09-25T05:51:31,2025-09-24T22:51:31,https://api.quant-aq.com/v1/devices/MOD-00613/data/501264504
950.07,454.65,"{'lat': None, 'lon': None}","{'rh': 37.1, 'temp': 25.8, 'wd': 0.0, 'ws': 0.0, 'ws_scalar': 0.0}","{'gas': {'co': 13498, 'co2': 13260, 'no': 13586, 'no2': 13765, 'o3': 13745}, 'pm': {'pm1': 13200, 'pm10': 13202, 'pm25': 13201}}",2.51,23.62,25.08,3.23,8.15,3.31,501262402,37.1,MOD-00613,25.8,2025-09-25T05:50:31,2025-09-24T22:50:31,https://api.quant-aq.com/v1/devices/MOD-00613/data/501262255
959.1,454.89,"{'lat': None, 'lon': None}","{'rh': 37.1, 'temp': 25.8, 'wd': 0.0, 'ws': 0.0, 'ws_scalar': 0.0}","{'gas': {'co': 13498, 'co2': 13260, 'no': 13586, 'no2': 13765, 'o3': 13745}, 'pm': {'pm1': 13200, 'pm10': 13202, 'pm25': 13201}}",2.51,23.62,25.35,3.6,3.64,3.64,501262401,37.1,MOD-00613,25.8,2025-09-25T05:49:31,2025-09-24T22:49:31,https://api.quant-aq.com/v1/devices/MOD-00613/data/501262254
959.92,454.77,"{'lat': None, 'lon': None}","{'rh': 37.1, 'temp': 25.8, 'wd': 0.0, 'ws': 0.0, 'ws_scalar': 0.0}","{'gas': {'co': 13498, 'co2': 13260, 'no': 13586, 'no2': 13765, 'o3': 13745}, 'pm': {'pm1': 13200, 'pm10': 13202, 'pm25': 13201}}",2.51,23.38,25.35,3.5,3.63,3.63,501262398,37.1,MOD-00613,25.8,2025-09-25T05:48:31,2025-09-24T22:48:31,https://api.quant-aq.com/v1/devices/MOD-00613/data/501262252
959.1,457.54,"{'lat': None, 'lon': None}","{'rh': 37.1, 'temp': 25.8, 'wd': 0.0, 'ws': 0.0, 'ws_scalar': 0.0}","{'gas': {'co': 13498, 'co2': 13260, 'no': 13586, 'no2': 13765, 'o3': 13745}, 'pm': {'pm1': 13200, 'pm10': 13202, 'pm25': 13201}}",2.51,23.62,25.35,3.6,3.93,3.73,501262400,37.1,MOD-00613,25.8,2025-09-25T05:47:31,2025-09-24T22:47:31,https://api.quant-aq.com/v1/devices/MOD-00613/data/501262253
957.45,454.41,"{'lat': None, 'lon': None}","{'rh': 37.1, 'temp': 25.8, 'wd': 0.0, 'ws': 0.0, 'ws_scalar': 0.0}","{'gas': {'co': 13498, 'co2': 13260, 'no': 13586, 'no2': 13765, 'o3': 13745}, 'pm': {'pm1': 13200, 'pm10': 13202, 'pm25': 13201}}",2.51,13.29,25.62,3.15,3.94,3.22,501262399,37.1,MOD-00613,25.8,2025-09-25T05:46:31,2025-09-24T22:46:31,https://api.quant-aq.com/v1/devices/MOD-00613/data/501262251
952.53,458.62,"{'lat': None, 'lon': None}","{'rh': 37.1, 'temp': 25.8, 'wd': 0.0, 'ws': 0.0, 'ws_scalar': 0.0}","{'gas': {'co': 13498, 'co2': 13260, 'no': 13586, 'no2': 13765, 'o3': 13745}, 'pm': {'pm1': 13200, 'pm10': 13202, 'pm25': 13201}}",2.51,23.38,25.62,3.42,3.67,3.51,501259505,37.1,MOD-00613,25.8,2025-09-25T05:45:31,2025-09-24T22:45:31,https://api.quant-aq.com/v1/devices/MOD-00613/data/501259358
955.7,460.79,"{'lat': None, 'lon': None}","{'rh': 37.1, 'temp': 25.7, 'wd': 0.0, 'ws': 0.0, 'ws_scalar': 0.0}","{'gas': {'co': 13498, 'co2': 13260, 'no': 13586, 'no2': 13765, 'o3': 13745}, 'pm': {'pm1': 13200, 'pm10': 13202, 'pm25': 13201}}",2.51,23.14,25.06,3.71,3.81,3.81,501259504,37.1,MOD-00613,25.7,2025-09-25T05:44:31,2025-09-24T22:44:31,https://api.quant-aq.com/v1/devices/MOD-00613/data/501259357
954.06,457.9,"{'lat': None, 'lon': None}","{'rh': 37.1, 'temp': 25.7, 'wd': 0.0, 'ws': 0.0, 'ws_scalar': 0.0}","{'gas': {'co': 13498, 'co2': 13260, 'no': 13586, 'no2': 13765, 'o3': 13745}, 'pm': {'pm1': 13200, 'pm10': 13202, 'pm25': 13201}}",2.51,23.85,25.33,3.73,3.78,3.78,501259507,37.1,MOD-00613,25.7,2025-09-25T05:43:31,2025-09-24T22:43:31,https://api.quant-aq.com/v1/devices/MOD-00613/data/501259359
956.94,459.1,"{'lat': None, 'lon': None}","{'rh': 37.1, 'temp': 25.7, 'wd': 0.0, 'ws': 0.0, 'ws_scalar': 0.0}","{'gas': {'co': 13498, 'co2': 13260, 'no': 13586, 'no2': 13765, 'o3': 13745}, 'pm': {'pm1': 13200, 'pm10': 13202, 'pm25': 13201}}",2.51,23.38,25.33,3.73,3.94,3.86,501259506,37.1,MOD-00613,25.7,2025-09-25T05:42:31,2025-09-24T22:42:31,https://api.quant-aq.com/v1/devices/MOD-00613/data/501259360
960.63,458.5,"{'lat': None, 'lon': None}","{'rh': 37.1, 'temp': 25.7, 'wd': 0.0, 'ws': 0.0, 'ws_scalar': 0.0}","{'gas': {'co': 13498, 'co2': 13260, 'no': 13586, 'no2': 13765, 'o3': 13745}, 'pm': {'pm1': 13200, 'pm10': 13202, 'pm25': 13201}}",2.51,23.14,25.33,3.79,3.89,3.89,501259508,37.1,MOD-00613,25.7,2025-09-25T05:41:31,2025-09-24T22:41:31,https://api.quant-aq.com/v1/devices/MOD-00613/data/501259361
955.7,461.03,"{'lat': None, 'lon': None}","{'rh': 37.1, 'temp': 25.7, 'wd': 0.0, 'ws': 0.0, 'ws_scalar': 0.0}","{'gas': {'co': 13498, 'co2': 13260, 'no': 13586, 'no2': 13765, 'o3': 13745}, 'pm': {'pm1': 13200, 'pm10': 13202, 'pm25': 13201}}",2.52,23.61,25.33,3.97,4.07,4.07,501256671,37.1,MOD-00613,25.7,2025-09-25T05:40:31,2025-09-24T22:40:31,https://api.quant-aq.com/v1/devices/MOD-00613/data/501256524
960.63,459.83,"{'lat': None, 'lon': None}","{'rh': 37.1, 'temp': 25.7, 'wd': 0.0, 'ws': 0.0, 'ws_scalar': 0.0}","{'gas': {'co': 13498, 'co2': 13260, 'no': 13586, 'no2': 13765, 'o3': 13745}, 'pm': {'pm1': 13200, 'pm10': 13202, 'pm25': 13201}}",2.51,23.61,25.33,3.77,5.59,3.8,501256669,37.1,MOD-00613,25.7,2025-09-25T05:39:31,2025-09-24T22:39:31,https://api.quant-aq.com/v1/devices/MOD-00613/data/501256522
952.42,458.14,"{'lat': None, 'lon': None}","{'rh': 37.1, 'temp': 25.7, 'wd': 0.0, 'ws': 0.0, 'ws_scalar': 0.0}","{'gas': {'co': 13498, 'co2': 13260, 'no': 13586, 'no2': 13765, 'o3': 13745}, 'pm': {'pm1': 13200, 'pm10': 13202, 'pm25': 13201}}",2.51,23.61,25.6,3.58,3.68,3.64,501256670,37.1,MOD-00613,25.7,2025-09-25T05:38:31,2025-09-24T22:38:31,https://api.quant-aq.com/v1/devices/MOD-00613/data/501256523
957.76,457.54,"{'lat': None, 'lon': None}","{'rh': 37.1, 'temp': 25.7, 'wd': 0.0, 'ws': 0.0, 'ws_scalar': 0.0}","{'gas': {'co': 13498, 'co2': 13260, 'no': 13586, 'no2': 13765, 'o3': 13745}, 'pm': {'pm1': 13200, 'pm10': 13202, 'pm25': 13201}}",2.51,23.85,25.06,3.76,3.89,3.85,501256672,37.1,MOD-00613,25.7,2025-09-25T05:37:31,2025-09-24T22:37:31,https://api.quant-aq.com/v1/devices/MOD-00613/data/501256525
959.81,460.07,"{'lat': None, 'lon': None}","{'rh': 37.1, 'temp': 25.7, 'wd': 0.0, 'ws': 0.0, 'ws_scalar': 0.0}","{'gas': {'co': 13498, 'co2': 13260, 'no': 13586, 'no2': 13765, 'o3': 13745}, 'pm': {'pm1': 13200, 'pm10': 13202, 'pm25': 13201}}",2.51,23.38,25.6,4.08,4.17,4.13,501256673,37.1,MOD-00613,25.7,2025-09-25T05:36:31,2025-09-24T22:36:31,https://api.quant-aq.com/v1/devices/MOD-00613/data/501256526
957.35,459.71,"{'lat': None, 'lon': None}","{'rh': 37.1, 'temp': 25.7, 'wd': 0.0, 'ws': 0.0, 'ws_scalar': 0.0}","{'gas': {'co': 13498, 'co2': 13260, 'no': 13586, 'no2': 13765, 'o3': 13745}, 'pm': {'pm1': 13200, 'pm10': 13202, 'pm25': 13201}}",2.51,23.85,25.33,3.79,4.27,3.88,501253902,37.1,MOD-00613,25.7,2025-09-25T05:35:31,2025-09-24T22:35:31,https://api.quant-aq.com/v1/devices/MOD-00613/data/501253754
955.78,459.71,"{'lat': None, 'lon': None}","{'rh': 37.0, 'temp': 25.7, 'wd': 0.0, 'ws': 0.0, 'ws_scalar': 0.0}","{'gas': {'co': 13498, 'co2': 13260, 'no': 13586, 'no2': 13765, 'o3': 13745}, 'pm': {'pm1': 13200, 'pm10': 13202, 'pm25': 13201}}",2.5,23.62,25.36,3.9,4.48,3.98,501253903,37.0,MOD-00613,25.7,2025-09-25T05:34:31,2025-09-24T22:34:31,https://api.quant-aq.com/v1/devices/MOD-00613/data/501253757
962.68,457.3,"{'lat': None, 'lon': None}","{'rh': 37.1, 'temp': 25.7, 'wd': 0.0, 'ws': 0.0, 'ws_scalar': 0.0}","{'gas': {'co': 13498, 'co2': 13260, 'no': 13586, 'no2': 13765, 'o3': 13745}, 'pm': {'pm1': 13200, 'pm10': 13202, 'pm25': 13201}}",2.51,23.61,25.06,4.05,4.72,4.08,501253904,37.1,MOD-00613,25.7,2025-09-25T05:33:31,2025-09-24T22:33:31,https://api.quant-aq.com/v1/devices/MOD-00613/data/501253756
957.76,461.03,"{'lat': None, 'lon': None}","{'rh': 37.1, 'temp': 25.7, 'wd': 0.0, 'ws': 0.0, 'ws_scalar': 0.0}","{'gas': {'co': 13498, 'co2': 13260, 'no': 13586, 'no2': 13765, 'o3': 13745}, 'pm': {'pm1': 13200, 'pm10': 13202, 'pm25': 13201}}",2.51,23.85,25.6,4.41,7.0,4.59,501253900,37.1,MOD-00613,25.7,2025-09-25T05:32:31,2025-09-24T22:32:31,https://api.quant-aq.com/v1/devices/MOD-00613/data/501253753
960.63,459.71,"{'lat': None, 'lon': None}","{'rh': 37.1, 'temp': 25.7, 'wd': 0.0, 'ws': 0.0, 'ws_scalar': 0.0}","{'gas': {'co': 13498, 'co2': 13260, 'no': 13586, 'no2': 13765, 'o3': 13745}, 'pm': {'pm1': 13200, 'pm10': 13202, 'pm25': 13201}}",2.51,24.09,25.6,3.35,3.88,3.44,501253901,37.1,MOD-00613,25.7,2025-09-25T05:31:31,2025-09-24T22:31:31,https://api.quant-aq.com/v1/devices/MOD-00613/data/501253755
953.2,458.38,"{'lat': None, 'lon': None}","{'rh': 37.0, 'temp': 25.6, 'wd': 0.0, 'ws': 0.0, 'ws_scalar': 0.0}","{'gas': {'co': 13498, 'co2': 13260, 'no': 13586, 'no2': 13765, 'o3': 13745}, 'pm': {'pm1': 13200, 'pm10': 13202, 'pm25': 13201}}",2.51,23.37,25.61,3.13,3.39,3.2,501251104,37.0,MOD-00613,25.6,2025-09-25T05:30:31,2025-09-24T22:30:31,https://api.quant-aq.com/v1/devices/MOD-00613/data/501250956
956.9,456.33,"{'lat': None, 'lon': None}","{'rh': 37.0, 'temp': 25.6, 'wd': 0.0, 'ws': 0.0, 'ws_scalar': 0.0}","{'gas': {'co': 13498, 'co2': 13260, 'no': 13586, 'no2': 13765, 'o3': 13745}, 'pm': {'pm1': 13200, 'pm10': 13202, 'pm25': 13201}}",2.5,23.61,25.34,3.39,3.5,3.46,501251105,37.0,MOD-00613,25.6,2025-09-25T05:29:31,2025-09-24T22:29:31,https://api.quant-aq.com/v1/devices/MOD-00613/data/501250958
956.08,458.98,"{'lat': None, 'lon': None}","{'rh': 37.0, 'temp': 25.6, 'wd': 0.0, 'ws': 0.0, 'ws_scalar': 0.0}","{'gas': {'co': 13498, 'co2': 13260, 'no': 13586, 'no2': 13765, 'o3': 13745}, 'pm': {'pm1': 13200, 'pm10': 13202, 'pm25': 13201}}",2.51,23.37,25.07,3.72,3.88,3.84,501251102,37.0,MOD-00613,25.6,2025-09-25T05:28:31,2025-09-24T22:28:31,https://api.quant-aq.com/v1/devices/MOD-00613/data/501250955
962.65,459.47,"{'lat': None, 'lon': None}","{'rh': 37.0, 'temp': 25.6, 'wd': 0.0, 'ws': 0.0, 'ws_scalar': 0.0}","{'gas': {'co': 13498, 'co2': 13260, 'no': 13586, 'no2': 13765, 'o3': 13745}, 'pm': {'pm1': 13200, 'pm10': 13202, 'pm25': 13201}}",2.5,23.61,25.07,3.97,4.14,4.1,501251103,37.0,MOD-00613,25.6,2025-09-25T05:27:31,2025-09-24T22:27:31,https://api.quant-aq.com/v1/devices/MOD-00613/data/501250957
960.18,458.5,"{'lat': None, 'lon': None}","{'rh': 37.0, 'temp': 25.6, 'wd': 0.0, 'ws': 0.0, 'ws_scalar': 0.0}","{'gas': {'co': 13498, 'co2': 13260, 'no': 13586, 'no2': 13765, 'o3': 13745}, 'pm': {'pm1': 13200, 'pm10': 13202, 'pm25': 13201}}",2.5,23.61,25.07,3.81,3.99,3.92,501251101,37.0,MOD-00613,25.6,2025-09-25T05:26:31,2025-09-24T22:26:31,https://api.quant-aq.com/v1/devices/MOD-00613/data/501250954
955.26,459.71,"{'lat': None, 'lon': None}","{'rh': 37.0, 'temp': 25.6, 'wd': 0.0, 'ws': 0.0, 'ws_scalar': 0.0}","{'gas': {'co': 13498, 'co2': 13260, 'no': 13586, 'no2': 13765, 'o3': 13745}, 'pm': {'pm1': 13200, 'pm10': 13202, 'pm25': 13201}}",2.5,23.85,25.34,4.36,5.23,4.52,501248164,37.0,MOD-00613,25.6,2025-09-25T05:25:31,2025-09-24T22:25:31,https://api.quant-aq.com/v1/devices/MOD-00613/data/501248020
952.79,458.38,"{'lat': None, 'lon': None}","{'rh': 37.0, 'temp': 25.6, 'wd': 0.0, 'ws': 0.0, 'ws_scalar': 0.0}","{'gas': {'co': 13498, 'co2': 13260, 'no': 13586, 'no2': 13765, 'o3': 13745}, 'pm': {'pm1': 13200, 'pm10': 13202, 'pm25': 13201}}",2.5,23.61,25.61,3.97,4.38,4.1,501248162,37.0,MOD-00613,25.6,2025-09-25T05:24:31,2025-09-24T22:24:31,https://api.quant-aq.com/v1/devices/MOD-00613/data/501248015
953.61,458.02,"{'lat': None, 'lon': None}","{'rh': 37.0, 'temp': 25.6, 'wd': 0.0, 'ws': 0.0, 'ws_scalar': 0.0}","{'gas': {'co': 13498, 'co2': 13260, 'no': 13586, 'no2': 13765, 'o3': 13745}, 'pm': {'pm1': 13200, 'pm10': 13202, 'pm25': 13201}}",2.5,23.85,25.34,3.41,5.56,3.45,501248163,37.0,MOD-00613,25.6,2025-09-25T05:23:31,2025-09-24T22:23:31,https://api.quant-aq.com/v1/devices/MOD-00613/data/501248018
961.08,453.2,"{'lat': None, 'lon': None}","{'rh': 36.9, 'temp': 25.6, 'wd': 0.0, 'ws': 0.0, 'ws_scalar': 0.0}","{'gas': {'co': 13498, 'co2': 13260, 'no': 13586, 'no2': 13765, 'o3': 13745}, 'pm': {'pm1': 13200, 'pm10': 13202, 'pm25': 13201}}",2.5,23.61,25.64,4.32,6.47,4.4,501248161,36.9,MOD-00613,25.6,2025-09-25T05:22:31,2025-09-24T22:22:31,https://api.quant-aq.com/v1/devices/MOD-00613/data/501248014
957.72,458.98,"{'lat': None, 'lon': None}","{'rh': 37.0, 'temp': 25.6, 'wd': 0.0, 'ws': 0.0, 'ws_scalar': 0.0}","{'gas': {'co': 13498, 'co2': 13260, 'no': 13586, 'no2': 13765, 'o3': 13745}, 'pm': {'pm1': 13200, 'pm10': 13202, 'pm25': 13201}}",2.5,23.61,25.61,3.92,4.13,3.97,501245896,37.0,MOD-00613,25.6,2025-09-25T05:21:31,2025-09-24T22:21:31,https://api.quant-aq.com/v1/devices/MOD-00613/data/501245750
955.74,459.1,"{'lat': None, 'lon': None}","{'rh': 36.9, 'temp': 25.6, 'wd': 0.0, 'ws': 0.0, 'ws_scalar': 0.0}","{'gas': {'co': 13498, 'co2': 13260, 'no': 13586, 'no2': 13765, 'o3': 13745}, 'pm': {'pm1': 13200, 'pm10': 13202, 'pm25': 13201}}",2.5,23.85,25.1,4.38,4.47,4.43,501245899,36.9,MOD-00613,25.6,2025-09-25T05:20:31,2025-09-24T22:20:31,https://api.quant-aq.com/v1/devices/MOD-00613/data/501245751
954.92,461.51,"{'lat': None, 'lon': None}","{'rh': 36.9, 'temp': 25.6, 'wd': 0.0, 'ws': 0.0, 'ws_scalar': 0.0}","{'gas': {'co': 13498, 'co2': 13260, 'no': 13586, 'no2': 13765, 'o3': 13745}, 'pm': {'pm1': 13200, 'pm10': 13202, 'pm25': 13201}}",2.5,23.85,25.91,4.28,4.45,4.37,501245898,36.9,MOD-00613,25.6,2025-09-25T05:19:31,2025-09-24T22:19:31,https://api.quant-aq.com/v1/devices/MOD-00613/data/501245752
953.99,461.03,"{'lat': None, 'lon': None}","{'rh': 36.9, 'temp': 25.5, 'wd': 0.0, 'ws': 0.0, 'ws_scalar': 0.0}","{'gas': {'co': 13498, 'co2': 13260, 'no': 13586, 'no2': 13765, 'o3': 13745}, 'pm': {'pm1': 13200, 'pm10': 13202, 'pm25': 13201}}",2.5,23.61,25.63,4.02,4.72,4.16,501245897,36.9,MOD-00613,25.5,2025-09-25T05:18:31,2025-09-24T22:18:31,https://api.quant-aq.com/v1/devices/MOD-00613/data/501245749
960.56,462.72,"{'lat': None, 'lon': None}","{'rh': 36.9, 'temp': 25.5, 'wd': 0.0, 'ws': 0.0, 'ws_scalar': 0.0}","{'gas': {'co': 13498, 'co2': 13260, 'no': 13586, 'no2': 13765, 'o3': 13745}, 'pm': {'pm1': 13200, 'pm10': 13202, 'pm25': 13201}}",2.5,23.61,25.63,3.73,4.41,3.87,501243607,36.9,MOD-00613,25.5,2025-09-25T05:17:31,2025-09-24T22:17:31,https://api.quant-aq.com/v1/devices/MOD-00613/data/501243460
955.22,461.63,"{'lat': None, 'lon': None}","{'rh': 36.9, 'temp': 25.5, 'wd': 0.0, 'ws': 0.0, 'ws_scalar': 0.0}","{'gas': {'co': 13498, 'co2': 13260, 'no': 13586, 'no2': 13765, 'o3': 13745}, 'pm': {'pm1': 13200, 'pm10': 13202, 'pm25': 13201}}",2.5,23.61,25.36,4.18,4.39,4.23,501243605,36.9,MOD-00613,25.5,2025-09-25T05:16:31,2025-09-24T22:16:31,https://api.quant-aq.com/v1/devices/MOD-00613/data/501243457
955.22,462.12,"{'lat': None, 'lon': None}","{'rh': 36.9, 'temp': 25.5, 'wd': 0.0, 'ws': 0.0, 'ws_scalar': 0.0}","{'gas': {'co': 13498, 'co2': 13260, 'no': 13586, 'no2': 13765, 'o3': 13745}, 'pm': {'pm1': 13200, 'pm10': 13202, 'pm25': 13201}}",2.5,23.61,25.36,4.49,4.73,4.57,501243606,36.9,MOD-00613,25.5,2025-09-25T05:15:31,2025-09-24T22:15:31,https://api.quant-aq.com/v1/devices/MOD-00613/data/501243458
953.58,462.36,"{'lat': None, 'lon': None}","{'rh': 36.9, 'temp': 25.5, 'wd': 0.0, 'ws': 0.0, 'ws_scalar': 0.0}","{'gas': {'co': 13498, 'co2': 13260, 'no': 13586, 'no2': 13765, 'o3': 13745}, 'pm': {'pm1': 13200, 'pm10': 13202, 'pm25': 13201}}",2.5,23.61,25.63,3.82,4.5,3.88,501243604,36.9,MOD-00613,25.5,2025-09-25T05:14:31,2025-09-24T22:14:31,https://api.quant-aq.com/v1/devices/MOD-00613/data/501243459
951.11,463.2,"{'lat': None, 'lon': None}","{'rh': 36.9, 'temp': 25.5, 'wd': 0.0, 'ws': 0.0, 'ws_scalar': 0.0}","{'gas': {'co': 13498, 'co2': 13260, 'no': 13586, 'no2': 13765, 'o3': 13745}, 'pm': {'pm1': 13200, 'pm10': 13202, 'pm25': 13201}}",2.49,24.32,25.36,3.89,11.61,3.96,501241310,36.9,MOD-00613,25.5,2025-09-25T05:13:31,2025-09-24T22:13:31,https://api.quant-aq.com/v1/devices/MOD-00613/data/501241162
951.94,464.77,"{'lat': None, 'lon': None}","{'rh': 36.9, 'temp': 25.5, 'wd': 0.0, 'ws': 0.0, 'ws_scalar': 0.0}","{'gas': {'co': 13498, 'co2': 13260, 'no': 13586, 'no2': 13765, 'o3': 13745}, 'pm': {'pm1': 13200, 'pm10': 13202, 'pm25': 13201}}",2.5,24.08,25.63,4.42,4.69,4.49,501241309,36.9,MOD-00613,25.5,2025-09-25T05:12:31,2025-09-24T22:12:31,https://api.quant-aq.com/v1/devices/MOD-00613/data/501241163
951.94,459.47,"{'lat': None, 'lon': None}","{'rh': 36.9, 'temp': 25.5, 'wd': 0.0, 'ws': 0.0, 'ws_scalar': 0.0}","{'gas': {'co': 13498, 'co2': 13260, 'no': 13586, 'no2': 13765, 'o3': 13745}, 'pm': {'pm1': 13200, 'pm10': 13202, 'pm25': 13201}}",2.5,23.37,25.9,4.32,5.39,4.45,501241307,36.9,MOD-00613,25.5,2025-09-25T05:11:31,2025-09-24T22:11:31,https://api.quant-aq.com/v1/devices/MOD-00613/data/501241161
956.04,460.19,"{'lat': None, 'lon': None}","{'rh': 36.9, 'temp': 25.5, 'wd': 0.0, 'ws': 0.0, 'ws_scalar': 0.0}","{'gas': {'co': 13498, 'co2': 13260, 'no': 13586, 'no2': 13765, 'o3': 13745}, 'pm': {'pm1': 13200, 'pm10': 13202, 'pm25': 13201}}",2.5,24.55,25.36,4.63,4.8,4.73,501241308,36.9,MOD-00613,25.5,2025-09-25T05:10:31,2025-09-24T22:10:31,https://api.quant-aq.com/v1/devices/MOD-00613/data/501241160
952.76,463.44,"{'lat': None, 'lon': None}","{'rh': 36.9, 'temp': 25.5, 'wd': 0.0, 'ws': 0.0, 'ws_scalar': 0.0}","{'gas': {'co': 13498, 'co2': 13260, 'no': 13586, 'no2': 13765, 'o3': 13745}, 'pm': {'pm1': 13200, 'pm10': 13202, 'pm25': 13201}}",2.5,23.61,25.63,4.3,5.2,4.4,501239083,36.9,MOD-00613,25.5,2025-09-25T05:09:31,2025-09-24T22:09:31,https://api.quant-aq.com/v1/devices/MOD-00613/data/501238936
950.29,462.6,"{'lat': None, 'lon': None}","{'rh': 36.9, 'temp': 25.5, 'wd': 0.0, 'ws': 0.0, 'ws_scalar': 0.0}","{'gas': {'co': 13498, 'co2': 13260, 'no': 13586, 'no2': 13765, 'o3': 13745}, 'pm': {'pm1': 13200, 'pm10': 13202, 'pm25': 13201}}",2.5,24.32,25.36,4.54,4.87,4.63,501239077,36.9,MOD-00613,25.5,2025-09-25T05:08:31,2025-09-24T22:08:31,https://api.quant-aq.com/v1/devices/MOD-00613/data/501238931
956.93,460.19,"{'lat': None, 'lon': None}","{'rh': 36.8, 'temp': 25.5, 'wd': 0.0, 'ws': 0.0, 'ws_scalar': 0.0}","{'gas': {'co': 13498, 'co2': 13260, 'no': 13586, 'no2': 13765, 'o3': 13745}, 'pm': {'pm1': 13200, 'pm10': 13202, 'pm25': 13201}}",2.5,23.61,25.66,3.74,4.48,3.9,501239081,36.8,MOD-00613,25.5,2025-09-25T05:07:31,2025-09-24T22:07:31,https://api.quant-aq.com/v1/devices/MOD-00613/data/501238934
951.94,461.15,"{'lat': None, 'lon': None}","{'rh': 36.9, 'temp': 25.5, 'wd': 0.0, 'ws': 0.0, 'ws_scalar': 0.0}","{'gas': {'co': 13498, 'co2': 13260, 'no': 13586, 'no2': 13765, 'o3': 13745}, 'pm': {'pm1': 13200, 'pm10': 13202, 'pm25': 13201}}",2.5,23.84,25.63,3.66,3.87,3.79,501239079,36.9,MOD-00613,25.5,2025-09-25T05:06:31,2025-09-24T22:06:31,https://api.quant-aq.com/v1/devices/MOD-00613/data/501238932
952.35,461.27,"{'lat': None, 'lon': None}","{'rh': 36.9, 'temp': 25.5, 'wd': 0.0, 'ws': 0.0, 'ws_scalar': 0.0}","{'gas': {'co': 13498, 'co2': 13260, 'no': 13586, 'no2': 13765, 'o3': 13745}, 'pm': {'pm1': 13200, 'pm10': 13202, 'pm25': 13201}}",2.5,23.84,25.63,4.37,4.99,4.49,501236810,36.9,MOD-00613,25.5,2025-09-25T05:05:31,2025-09-24T22:05:31,https://api.quant-aq.com/v1/devices/MOD-00613/data/501236665
954.7,463.2,"{'lat': None, 'lon': None}","{'rh': 36.9, 'temp': 25.4, 'wd': 0.0, 'ws': 0.0, 'ws_scalar': 0.0}","{'gas': {'co': 13498, 'co2': 13260, 'no': 13586, 'no2': 13765, 'o3': 13745}, 'pm': {'pm1': 13200, 'pm10': 13202, 'pm25': 13201}}",2.5,24.55,25.88,3.52,4.83,3.65,501236811,36.9,MOD-00613,25.4,2025-09-25T05:04:31,2025-09-24T22:04:31,https://api.quant-aq.com/v1/devices/MOD-00613/data/501236663
954.7,463.2,"{'lat': None, 'lon': None}","{'rh': 36.9, 'temp': 25.4, 'wd': 0.0, 'ws': 0.0, 'ws_scalar': 0.0}","{'gas': {'co': 13498, 'co2': 13260, 'no': 13586, 'no2': 13765, 'o3': 13745}, 'pm': {'pm1': 13200, 'pm10': 13202, 'pm25': 13201}}",2.49,23.84,26.15,3.95,4.61,4.04,501236809,36.9,MOD-00613,25.4,2025-09-25T05:03:31,2025-09-24T22:03:31,https://api.quant-aq.com/v1/devices/MOD-00613/data/501236662
957.99,461.87,"{'lat': None, 'lon': None}","{'rh': 36.9, 'temp': 25.4, 'wd': 0.0, 'ws': 0.0, 'ws_scalar': 0.0}","{'gas': {'co': 13498, 'co2': 13260, 'no': 13586, 'no2': 13765, 'o3': 13745}, 'pm': {'pm1': 13200, 'pm10': 13202, 'pm25': 13201}}",3.1,23.84,25.61,4.3,14.02,4.41,501236808,36.9,MOD-00613,25.4,2025-09-25T05:02:31,2025-09-24T22:02:31,https://api.quant-aq.com/v1/devices/MOD-00613/data/501236661
951.83,461.87,"{'lat': None, 'lon': None}","{'rh': 36.9, 'temp': 25.4, 'wd': 0.0, 'ws': 0.0, 'ws_scalar': 0.0}","{'gas': {'co': 13498, 'co2': 13260, 'no': 13586, 'no2': 13765, 'o3': 13745}, 'pm': {'pm1': 13200, 'pm10': 13202, 'pm25': 13201}}",2.5,24.07,25.88,4.49,4.58,4.54,501234536,36.9,MOD-00613,25.4,2025-09-25T05:01:31,2025-09-24T22:01:31,https://api.quant-aq.com/v1/devices/MOD-00613/data/501234389
953.88,460.55,"{'lat': None, 'lon': None}","{'rh': 36.9, 'temp': 25.4, 'wd': 0.0, 'ws': 0.0, 'ws_scalar': 0.0}","{'gas': {'co': 13498, 'co2': 13260, 'no': 13586, 'no2': 13765, 'o3': 13745}, 'pm': {'pm1': 13200, 'pm10': 13202, 'pm25': 13201}}",2.49,24.07,25.61,4.36,8.95,4.43,501234537,36.9,MOD-00613,25.4,2025-09-25T05:00:31,2025-09-24T22:00:31,https://api.quant-aq.com/v1/devices/MOD-00613/data/501234388
951.83,460.07,"{'lat': None, 'lon': None}","{'rh': 36.9, 'temp': 25.4, 'wd': 0.0, 'ws': 0.0, 'ws_scalar': 0.0}","{'gas': {'co': 13498, 'co2': 13260, 'no': 13586, 'no2': 13765, 'o3': 13745}, 'pm': {'pm1': 13200, 'pm10': 13202, 'pm25': 13201}}",3.1,24.31,25.88,4.46,6.15,4.51,501234538,36.9,MOD-00613,25.4,2025-09-25T04:59:31,2025-09-24T21:59:31,https://api.quant-aq.com/v1/devices/MOD-00613/data/501234391
956.75,460.19,"{'lat': None, 'lon': None}","{'rh': 36.9, 'temp': 25.4, 'wd': 0.0, 'ws': 0.0, 'ws_scalar': 0.0}","{'gas': {'co': 13498, 'co2': 13260, 'no': 13586, 'no2': 13765, 'o3': 13745}, 'pm': {'pm1': 13200, 'pm10': 13202, 'pm25': 13201}}",2.5,24.31,26.15,4.05,4.17,4.13,501234534,36.9,MOD-00613,25.4,2025-09-25T04:58:31,2025-09-24T21:58:31,https://api.quant-aq.com/v1/devices/MOD-00613/data/501234387
949.44,462.24,"{'lat': None, 'lon': None}","{'rh': 36.8, 'temp': 25.4, 'wd': 0.0, 'ws': 0.0, 'ws_scalar': 0.0}","{'gas': {'co': 13498, 'co2': 13260, 'no': 13586, 'no2': 13765, 'o3': 13745}, 'pm': {'pm1': 13200, 'pm10': 13202, 'pm25': 13201}}",3.09,24.08,26.45,4.75,4.84,4.81,501234535,36.8,MOD-00613,25.4,2025-09-25T04:57:31,2025-09-24T21:57:31,https://api.quant-aq.com/v1/devices/MOD-00613/data/501234390
948.61,463.08,"{'lat': None, 'lon': None}","{'rh': 36.8, 'temp': 25.4, 'wd': 0.0, 'ws': 0.0, 'ws_scalar': 0.0}","{'gas': {'co': 13498, 'co2': 13260, 'no': 13586, 'no2': 13765, 'o3': 13745}, 'pm': {'pm1': 13200, 'pm10': 13202, 'pm25': 13201}}",2.49,24.08,25.91,4.26,4.76,4.31,501231679,36.8,MOD-00613,25.4,2025-09-25T04:56:31,2025-09-24T21:56:31,https://api.quant-aq.com/v1/devices/MOD-00613/data/501231533
950.26,463.68,"{'lat': None, 'lon': None}","{'rh': 36.8, 'temp': 25.4, 'wd': 0.0, 'ws': 0.0, 'ws_scalar': 0.0}","{'gas': {'co': 13498, 'co2': 13260, 'no': 13586, 'no2': 13765, 'o3': 13745}, 'pm': {'pm1': 13200, 'pm10': 13202, 'pm25': 13201}}",3.09,24.08,25.91,4.13,4.24,4.2,501231678,36.8,MOD-00613,25.4,2025-09-25T04:55:31,2025-09-24T21:55:31,https://api.quant-aq.com/v1/devices/MOD-00613/data/501231531
949.51,463.2,"{'lat': None, 'lon': None}","{'rh': 36.7, 'temp': 25.4, 'wd': 0.0, 'ws': 0.0, 'ws_scalar': 0.0}","{'gas': {'co': 13498, 'co2': 13260, 'no': 13586, 'no2': 13765, 'o3': 13745}, 'pm': {'pm1': 13200, 'pm10': 13202, 'pm25': 13201}}",2.49,24.32,25.67,4.44,5.08,4.54,501231682,36.7,MOD-00613,25.4,2025-09-25T04:54:31,2025-09-24T21:54:31,https://api.quant-aq.com/v1/devices/MOD-00613/data/501231536
948.69,464.28,"{'lat': None, 'lon': None}","{'rh': 36.7, 'temp': 25.4, 'wd': 0.0, 'ws': 0.0, 'ws_scalar': 0.0}","{'gas': {'co': 13498, 'co2': 13260, 'no': 13586, 'no2': 13765, 'o3': 13745}, 'pm': {'pm1': 13200, 'pm10': 13202, 'pm25': 13201}}",3.09,24.08,25.94,4.63,4.7,4.7,501231680,36.7,MOD-00613,25.4,2025-09-25T04:53:31,2025-09-24T21:53:31,https://api.quant-aq.com/v1/devices/MOD-00613/data/501231532
947.86,462.12,"{'lat': None, 'lon': None}","{'rh': 36.7, 'temp': 25.4, 'wd': 0.0, 'ws': 0.0, 'ws_scalar': 0.0}","{'gas': {'co': 13498, 'co2': 13260, 'no': 13586, 'no2': 13765, 'o3': 13745}, 'pm': {'pm1': 13200, 'pm10': 13202, 'pm25': 13201}}",3.09,24.08,25.67,3.96,5.73,4.04,501231681,36.7,MOD-00613,25.4,2025-09-25T04:52:31,2025-09-24T21:52:31,https://api.quant-aq.com/v1/devices/MOD-00613/data/501231534
950.33,461.39,"{'lat': None, 'lon': None}","{'rh': 36.7, 'temp': 25.4, 'wd': 0.0, 'ws': 0.0, 'ws_scalar': 0.0}","{'gas': {'co': 13498, 'co2': 13260, 'no': 13586, 'no2': 13765, 'o3': 13745}, 'pm': {'pm1': 13200, 'pm10': 13202, 'pm25': 13201}}",3.09,24.08,25.67,4.06,4.17,4.13,501228934,36.7,MOD-00613,25.4,2025-09-25T04:51:31,2025-09-24T21:51:31,https://api.quant-aq.com/v1/devices/MOD-00613/data/501228786
952.86,460.55,"{'lat': None, 'lon': None}","{'rh': 36.6, 'temp': 25.4, 'wd': 0.0, 'ws': 0.0, 'ws_scalar': 0.0}","{'gas': {'co': 13498, 'co2': 13260, 'no': 13586, 'no2': 13765, 'o3': 13745}, 'pm': {'pm1': 13200, 'pm10': 13202, 'pm25': 13201}}",2.53,24.09,25.7,4.13,4.75,4.25,501228933,36.6,MOD-00613,25.4,2025-09-25T04:50:31,2025-09-24T21:50:31,https://api.quant-aq.com/v1/devices/MOD-00613/data/501228787
948.28,463.56,"{'lat': None, 'lon': None}","{'rh': 36.7, 'temp': 25.4, 'wd': 0.0, 'ws': 0.0, 'ws_scalar': 0.0}","{'gas': {'co': 13498, 'co2': 13260, 'no': 13586, 'no2': 13765, 'o3': 13745}, 'pm': {'pm1': 13200, 'pm10': 13202, 'pm25': 13201}}",3.1,24.32,25.67,4.5,4.7,4.61,501228932,36.7,MOD-00613,25.4,2025-09-25T04:49:31,2025-09-24T21:49:31,https://api.quant-aq.com/v1/devices/MOD-00613/data/501228785
946.56,464.77,"{'lat': None, 'lon': None}","{'rh': 36.8, 'temp': 25.4, 'wd': 0.0, 'ws': 0.0, 'ws_scalar': 0.0}","{'gas': {'co': 13498, 'co2': 13260, 'no': 13586, 'no2': 13765, 'o3': 13745}, 'pm': {'pm1': 13200, 'pm10': 13202, 'pm25': 13201}}",3.1,24.08,26.18,4.34,4.5,4.46,501228936,36.8,MOD-00613,25.4,2025-09-25T04:48:31,2025-09-24T21:48:31,https://api.quant-aq.com/v1/devices/MOD-00613/data/501228789
944.03,464.16,"{'lat': None, 'lon': None}","{'rh': 36.9, 'temp': 25.4, 'wd': 0.0, 'ws': 0.0, 'ws_scalar': 0.0}","{'gas': {'co': 13498, 'co2': 13260, 'no': 13586, 'no2': 13765, 'o3': 13745}, 'pm': {'pm1': 13200, 'pm10': 13202, 'pm25': 13201}}",2.49,23.6,26.15,4.14,4.66,4.19,501228935,36.9,MOD-00613,25.4,2025-09-25T04:47:31,2025-09-24T21:47:31,https://api.quant-aq.com/v1/devices/MOD-00613/data/501228788
949.78,463.2,"{'lat': None, 'lon': None}","{'rh': 36.9, 'temp': 25.4, 'wd': 0.0, 'ws': 0.0, 'ws_scalar': 0.0}","{'gas': {'co': 13498, 'co2': 13260, 'no': 13586, 'no2': 13765, 'o3': 13745}, 'pm': {'pm1': 13200, 'pm10': 13202, 'pm25': 13201}}",2.5,24.07,25.88,3.97,5.94,4.05,501226075,36.9,MOD-00613,25.4,2025-09-25T04:46:31,2025-09-24T21:46:31,https://api.quant-aq.com/v1/devices/MOD-00613/data/501225928
947.65,459.47,"{'lat': None, 'lon': None}","{'rh': 37.0, 'temp': 25.4, 'wd': 0.0, 'ws': 0.0, 'ws_scalar': 0.0}","{'gas': {'co': 13498, 'co2': 13260, 'no': 13586, 'no2': 13765, 'o3': 13745}, 'pm': {'pm1': 13200, 'pm10': 13202, 'pm25': 13201}}",3.15,24.07,25.85,4.56,5.12,4.64,501226072,37.0,MOD-00613,25.4,2025-09-25T04:45:31,2025-09-24T21:45:31,https://api.quant-aq.com/v1/devices/MOD-00613/data/501225926
944.71,458.74,"{'lat': None, 'lon': None}","{'rh': 37.1, 'temp': 25.4, 'wd': 0.0, 'ws': 0.0, 'ws_scalar': 0.0}","{'gas': {'co': 13498, 'co2': 13260, 'no': 13586, 'no2': 13765, 'o3': 13745}, 'pm': {'pm1': 13200, 'pm10': 13202, 'pm25': 13201}}",3.15,24.06,26.09,5.19,5.78,5.32,501226073,37.1,MOD-00613,25.4,2025-09-25T04:44:31,2025-09-24T21:44:31,https://api.quant-aq.com/v1/devices/MOD-00613/data/501225925
950.86,460.55,"{'lat': None, 'lon': None}","{'rh': 37.1, 'temp': 25.4, 'wd': 0.0, 'ws': 0.0, 'ws_scalar': 0.0}","{'gas': {'co': 13498, 'co2': 13260, 'no': 13586, 'no2': 13765, 'o3': 13745}, 'pm': {'pm1': 13200, 'pm10': 13202, 'pm25': 13201}}",3.15,24.3,26.09,5.13,5.32,5.24,501226074,37.1,MOD-00613,25.4,2025-09-25T04:43:31,2025-09-24T21:43:31,https://api.quant-aq.com/v1/devices/MOD-00613/data/501225927
949.22,460.55,"{'lat': None, 'lon': None}","{'rh': 37.1, 'temp': 25.4, 'wd': 0.0, 'ws': 0.0, 'ws_scalar': 0.0}","{'gas': {'co': 13498, 'co2': 13260, 'no': 13586, 'no2': 13765, 'o3': 13745}, 'pm': {'pm1': 13200, 'pm10': 13202, 'pm25': 13201}}",3.15,23.83,26.09,4.58,5.1,4.64,501223824,37.1,MOD-00613,25.4,2025-09-25T04:42:31,2025-09-24T21:42:31,https://api.quant-aq.com/v1/devices/MOD-00613/data/501223678
951.61,457.3,"{'lat': None, 'lon': None}","{'rh': 37.2, 'temp': 25.4, 'wd': 0.0, 'ws': 0.0, 'ws_scalar': 0.0}","{'gas': {'co': 13498, 'co2': 13260, 'no': 13586, 'no2': 13765, 'o3': 13745}, 'pm': {'pm1': 13200, 'pm10': 13202, 'pm25': 13201}}",3.15,24.06,26.33,4.99,5.25,5.08,501223825,37.2,MOD-00613,25.4,2025-09-25T04:41:31,2025-09-24T21:41:31,https://api.quant-aq.com/v1/devices/MOD-00613/data/501223677
954.97,459.83,"{'lat': None, 'lon': None}","{'rh': 37.1, 'temp': 25.4, 'wd': 0.0, 'ws': 0.0, 'ws_scalar': 0.0}","{'gas': {'co': 13498, 'co2': 13260, 'no': 13586, 'no2': 13765, 'o3': 13745}, 'pm': {'pm1': 13200, 'pm10': 13202, 'pm25': 13201}}",3.15,24.54,26.09,5.06,5.27,5.19,501223826,37.1,MOD-00613,25.4,2025-09-25T04:40:31,2025-09-24T21:40:31,https://api.quant-aq.com/v1/devices/MOD-00613/data/501223679
953.33,462.24,"{'lat': None, 'lon': None}","{'rh': 37.1, 'temp': 25.4, 'wd': 0.0, 'ws': 0.0, 'ws_scalar': 0.0}","{'gas': {'co': 13498, 'co2': 13260, 'no': 13586, 'no2': 13765, 'o3': 13745}, 'pm': {'pm1': 13200, 'pm10': 13202, 'pm25': 13201}}",3.15,24.06,26.09,4.82,4.88,4.88,501223823,37.1,MOD-00613,25.4,2025-09-25T04:39:31,2025-09-24T21:39:31,https://api.quant-aq.com/v1/devices/MOD-00613/data/501223676
947.58,461.15,"{'lat': None, 'lon': None}","{'rh': 37.1, 'temp': 25.4, 'wd': 0.0, 'ws': 0.0, 'ws_scalar': 0.0}","{'gas': {'co': 13498, 'co2': 13260, 'no': 13586, 'no2': 13765, 'o3': 13745}, 'pm': {'pm1': 13200, 'pm10': 13202, 'pm25': 13201}}",3.15,24.54,25.82,4.59,4.68,4.65,501223822,37.1,MOD-00613,25.4,2025-09-25T04:38:31,2025-09-24T21:38:31,https://api.quant-aq.com/v1/devices/MOD-00613/data/501223674
943.48,457.78,"{'lat': None, 'lon': None}","{'rh': 37.1, 'temp': 25.4, 'wd': 0.0, 'ws': 0.0, 'ws_scalar': 0.0}","{'gas': {'co': 13498, 'co2': 13260, 'no': 13586, 'no2': 13765, 'o3': 13745}, 'pm': {'pm1': 13200, 'pm10': 13202, 'pm25': 13201}}",3.15,24.3,26.09,4.9,5.04,5.0,501220862,37.1,MOD-00613,25.4,2025-09-25T04:37:31,2025-09-24T21:37:31,https://api.quant-aq.com/v1/devices/MOD-00613/data/501220717
957.09,460.91,"{'lat': None, 'lon': None}","{'rh': 37.0, 'temp': 25.4, 'wd': 0.0, 'ws': 0.0, 'ws_scalar': 0.0}","{'gas': {'co': 13498, 'co2': 13260, 'no': 13586, 'no2': 13765, 'o3': 13745}, 'pm': {'pm1': 13200, 'pm10': 13202, 'pm25': 13201}}",3.15,24.31,25.58,5.05,5.56,5.12,501220860,37.0,MOD-00613,25.4,2025-09-25T04:36:31,2025-09-24T21:36:31,https://api.quant-aq.com/v1/devices/MOD-00613/data/501220709
953.4,459.83,"{'lat': None, 'lon': None}","{'rh': 37.0, 'temp': 25.4, 'wd': 0.0, 'ws': 0.0, 'ws_scalar': 0.0}","{'gas': {'co': 13498, 'co2': 13260, 'no': 13586, 'no2': 13765, 'o3': 13745}, 'pm': {'pm1': 13200, 'pm10': 13202, 'pm25': 13201}}",3.15,24.31,25.85,4.93,4.98,4.98,501220856,37.0,MOD-00613,25.4,2025-09-25T04:35:31,2025-09-24T21:35:31,https://api.quant-aq.com/v1/devices/MOD-00613/data/501220710
949.7,459.95,"{'lat': None, 'lon': None}","{'rh': 37.0, 'temp': 25.4, 'wd': 0.0, 'ws': 0.0, 'ws_scalar': 0.0}","{'gas': {'co': 13498, 'co2': 13260, 'no': 13586, 'no2': 13765, 'o3': 13745}, 'pm': {'pm1': 13200, 'pm10': 13202, 'pm25': 13201}}",3.15,24.07,26.12,5.58,6.26,5.71,501220864,37.0,MOD-00613,25.4,2025-09-25T04:34:31,2025-09-24T21:34:31,https://api.quant-aq.com/v1/devices/MOD-00613/data/501220715
954.08,459.47,"{'lat': None, 'lon': None}","{'rh': 37.2, 'temp': 25.4, 'wd': 0.0, 'ws': 0.0, 'ws_scalar': 0.0}","{'gas': {'co': 13498, 'co2': 13260, 'no': 13586, 'no2': 13765, 'o3': 13745}, 'pm': {'pm1': 13200, 'pm10': 13202, 'pm25': 13201}}",3.15,23.82,25.79,5.27,5.49,5.42,501220863,37.2,MOD-00613,25.4,2025-09-25T04:33:31,2025-09-24T21:33:31,https://api.quant-aq.com/v1/devices/MOD-00613/data/501220716
951.61,460.67,"{'lat': None, 'lon': None}","{'rh': 37.2, 'temp': 25.4, 'wd': 0.0, 'ws': 0.0, 'ws_scalar': 0.0}","{'gas': {'co': 13498, 'co2': 13260, 'no': 13586, 'no2': 13765, 'o3': 13745}, 'pm': {'pm1': 13200, 'pm10': 13202, 'pm25': 13201}}",3.15,24.77,26.33,5.18,5.91,5.39,501217985,37.2,MOD-00613,25.4,2025-09-25T04:32:31,2025-09-24T21:32:31,https://api.quant-aq.com/v1/devices/MOD-00613/data/501217838
945.57,461.39,"{'lat': None, 'lon': None}","{'rh': 37.2, 'temp': 25.5, 'wd': 0.0, 'ws': 0.0, 'ws_scalar': 0.0}","{'gas': {'co': 13498, 'co2': 13260, 'no': 13586, 'no2': 13765, 'o3': 13745}, 'pm': {'pm1': 13200, 'pm10': 13202, 'pm25': 13201}}",2.51,24.54,25.81,5.02,17.01,5.23,501217984,37.2,MOD-00613,25.5,2025-09-25T04:31:31,2025-09-24T21:31:31,https://api.quant-aq.com/v1/devices/MOD-00613/data/501217837
945.3,460.67,"{'lat': None, 'lon': None}","{'rh': 37.0, 'temp': 25.5, 'wd': 0.0, 'ws': 0.0, 'ws_scalar': 0.0}","{'gas': {'co': 13498, 'co2': 13260, 'no': 13586, 'no2': 13765, 'o3': 13745}, 'pm': {'pm1': 13200, 'pm10': 13202, 'pm25': 13201}}",3.15,23.6,26.68,4.55,5.4,4.61,501217986,37.0,MOD-00613,25.5,2025-09-25T04:30:31,2025-09-24T21:30:31,https://api.quant-aq.com/v1/devices/MOD-00613/data/501217839
949.67,461.87,"{'lat': None, 'lon': None}","{'rh': 37.2, 'temp': 25.5, 'wd': 0.0, 'ws': 0.0, 'ws_scalar': 0.0}","{'gas': {'co': 13498, 'co2': 13260, 'no': 13586, 'no2': 13765, 'o3': 13745}, 'pm': {'pm1': 13200, 'pm10': 13202, 'pm25': 13201}}",3.15,24.07,25.53,5.11,5.3,5.22,501217983,37.2,MOD-00613,25.5,2025-09-25T04:29:31,2025-09-24T21:29:31,https://api.quant-aq.com/v1/devices/MOD-00613/data/501217836
957.81,460.91,"{'lat': None, 'lon': None}","{'rh': 37.3, 'temp': 25.5, 'wd': 0.0, 'ws': 0.0, 'ws_scalar': 0.0}","{'gas': {'co': 13498, 'co2': 13260, 'no': 13586, 'no2': 13765, 'o3': 13745}, 'pm': {'pm1': 13200, 'pm10': 13202, 'pm25': 13201}}",2.51,24.54,26.05,4.53,4.87,4.64,501215702,37.3,MOD-00613,25.5,2025-09-25T04:28:31,2025-09-24T21:28:31,https://api.quant-aq.com/v1/devices/MOD-00613/data/501215555
947.96,458.14,"{'lat': None, 'lon': None}","{'rh': 37.3, 'temp': 25.5, 'wd': 0.0, 'ws': 0.0, 'ws_scalar': 0.0}","{'gas': {'co': 13498, 'co2': 13260, 'no': 13586, 'no2': 13765, 'o3': 13745}, 'pm': {'pm1': 13200, 'pm10': 13202, 'pm25': 13201}}",2.51,24.54,26.32,4.92,5.07,5.03,501215701,37.3,MOD-00613,25.5,2025-09-25T04:27:31,2025-09-24T21:27:31,https://api.quant-aq.com/v1/devices/MOD-00613/data/501215554
957.74,457.06,"{'lat': None, 'lon': None}","{'rh': 37.4, 'temp': 25.5, 'wd': 0.0, 'ws': 0.0, 'ws_scalar': 0.0}","{'gas': {'co': 13498, 'co2': 13260, 'no': 13586, 'no2': 13765, 'o3': 13745}, 'pm': {'pm1': 13200, 'pm10': 13202, 'pm25': 13201}}",3.18,24.53,26.01,4.6,4.81,4.73,501215700,37.4,MOD-00613,25.5,2025-09-25T04:26:31,2025-09-24T21:26:31,https://api.quant-aq.com/v1/devices/MOD-00613/data/501215552
947.89,458.38,"{'lat': None, 'lon': None}","{'rh': 37.4, 'temp': 25.5, 'wd': 0.0, 'ws': 0.0, 'ws_scalar': 0.0}","{'gas': {'co': 13498, 'co2': 13260, 'no': 13586, 'no2': 13765, 'o3': 13745}, 'pm': {'pm1': 13200, 'pm10': 13202, 'pm25': 13201}}",3.18,24.3,26.29,4.45,4.55,4.55,501215699,37.4,MOD-00613,25.5,2025-09-25T04:25:31,2025-09-24T21:25:31,https://api.quant-aq.com/v1/devices/MOD-00613/data/501215553
953.78,461.27,"{'lat': None, 'lon': None}","{'rh': 37.2, 'temp': 25.5, 'wd': 0.0, 'ws': 0.0, 'ws_scalar': 0.0}","{'gas': {'co': 13498, 'co2': 13260, 'no': 13586, 'no2': 13765, 'o3': 13745}, 'pm': {'pm1': 13200, 'pm10': 13202, 'pm25': 13201}}",3.15,24.54,26.08,4.74,4.8,4.8,501213475,37.2,MOD-00613,25.5,2025-09-25T04:24:31,2025-09-24T21:24:31,https://api.quant-aq.com/v1/devices/MOD-00613/data/501213328
952.13,460.43,"{'lat': None, 'lon': None}","{'rh': 37.2, 'temp': 25.5, 'wd': 0.0, 'ws': 0.0, 'ws_scalar': 0.0}","{'gas': {'co': 13498, 'co2': 13260, 'no': 13586, 'no2': 13765, 'o3': 13745}, 'pm': {'pm1': 13200, 'pm10': 13202, 'pm25': 13201}}",3.15,24.07,26.35,4.85,4.91,4.91,501213473,37.2,MOD-00613,25.5,2025-09-25T04:23:31,2025-09-24T21:23:31,https://api.quant-aq.com/v1/devices/MOD-00613/data/501213325
949.4,459.71,"{'lat': None, 'lon': None}","{'rh': 37.0, 'temp': 25.5, 'wd': 0.0, 'ws': 0.0, 'ws_scalar': 0.0}","{'gas': {'co': 13498, 'co2': 13260, 'no': 13586, 'no2': 13765, 'o3': 13745}, 'pm': {'pm1': 13200, 'pm10': 13202, 'pm25': 13201}}",3.15,24.31,26.14,4.09,4.36,4.16,501213471,37.0,MOD-00613,25.5,2025-09-25T04:22:31,2025-09-24T21:22:31,https://api.quant-aq.com/v1/devices/MOD-00613/data/501213326
958.09,462.36,"{'lat': None, 'lon': None}","{'rh': 36.9, 'temp': 25.5, 'wd': 0.0, 'ws': 0.0, 'ws_scalar': 0.0}","{'gas': {'co': 13498, 'co2': 13260, 'no': 13586, 'no2': 13765, 'o3': 13745}, 'pm': {'pm1': 13200, 'pm10': 13202, 'pm25': 13201}}",3.15,24.55,25.9,4.41,4.43,4.43,501213474,36.9,MOD-00613,25.5,2025-09-25T04:21:31,2025-09-24T21:21:31,https://api.quant-aq.com/v1/devices/MOD-00613/data/501213327
951.94,458.38,"{'lat': None, 'lon': None}","{'rh': 36.9, 'temp': 25.5, 'wd': 0.0, 'ws': 0.0, 'ws_scalar': 0.0}","{'gas': {'co': 13498, 'co2': 13260, 'no': 13586, 'no2': 13765, 'o3': 13745}, 'pm': {'pm1': 13200, 'pm10': 13202, 'pm25': 13201}}",3.1,24.55,25.9,4.63,4.8,4.72,501213472,36.9,MOD-00613,25.5,2025-09-25T04:20:31,2025-09-24T21:20:31,https://api.quant-aq.com/v1/devices/MOD-00613/data/501213324
954.33,460.07,"{'lat': None, 'lon': None}","{'rh': 37.0, 'temp': 25.5, 'wd': 0.0, 'ws': 0.0, 'ws_scalar': 0.0}","{'gas': {'co': 13498, 'co2': 13260, 'no': 13586, 'no2': 13765, 'o3': 13745}, 'pm': {'pm1': 13200, 'pm10': 13202, 'pm25': 13201}}",3.15,24.08,25.87,4.22,4.28,4.28,501210726,37.0,MOD-00613,25.5,2025-09-25T04:19:31,2025-09-24T21:19:31,https://api.quant-aq.com/v1/devices/MOD-00613/data/501210579
955.49,458.86,"{'lat': None, 'lon': None}","{'rh': 37.1, 'temp': 25.5, 'wd': 0.0, 'ws': 0.0, 'ws_scalar': 0.0}","{'gas': {'co': 13498, 'co2': 13260, 'no': 13586, 'no2': 13765, 'o3': 13745}, 'pm': {'pm1': 13200, 'pm10': 13202, 'pm25': 13201}}",3.15,24.78,26.11,4.87,5.01,4.97,501210727,37.1,MOD-00613,25.5,2025-09-25T04:18:31,2025-09-24T21:18:31,https://api.quant-aq.com/v1/devices/MOD-00613/data/501210580
956.72,461.39,"{'lat': None, 'lon': None}","{'rh': 37.1, 'temp': 25.5, 'wd': 0.0, 'ws': 0.0, 'ws_scalar': 0.0}","{'gas': {'co': 13498, 'co2': 13260, 'no': 13586, 'no2': 13765, 'o3': 13745}, 'pm': {'pm1': 13200, 'pm10': 13202, 'pm25': 13201}}",3.15,23.83,25.84,4.82,6.59,4.9,501210725,37.1,MOD-00613,25.5,2025-09-25T04:17:31,2025-09-24T21:17:31,https://api.quant-aq.com/v1/devices/MOD-00613/data/501210578
960.75,462.48,"{'lat': None, 'lon': None}","{'rh': 37.2, 'temp': 25.5, 'wd': 0.0, 'ws': 0.0, 'ws_scalar': 0.0}","{'gas': {'co': 13498, 'co2': 13260, 'no': 13586, 'no2': 13765, 'o3': 13745}, 'pm': {'pm1': 13200, 'pm10': 13202, 'pm25': 13201}}",3.15,24.78,26.08,4.78,4.97,4.89,501210724,37.2,MOD-00613,25.5,2025-09-25T04:16:31,2025-09-24T21:16:31,https://api.quant-aq.com/v1/devices/MOD-00613/data/501210577
960.52,461.87,"{'lat': None, 'lon': None}","{'rh': 37.1, 'temp': 25.6, 'wd': 0.0, 'ws': 0.0, 'ws_scalar': 0.0}","{'gas': {'co': 13498, 'co2': 13260, 'no': 13586, 'no2': 13765, 'o3': 13745}, 'pm': {'pm1': 13200, 'pm10': 13202, 'pm25': 13201}}",2.52,24.32,26.93,4.52,5.0,4.62,501210723,37.1,MOD-00613,25.6,2025-09-25T04:15:31,2025-09-24T21:15:31,https://api.quant-aq.com/v1/devices/MOD-00613/data/501210576
954.29,462.72,"{'lat': None, 'lon': None}","{'rh': 37.2, 'temp': 25.6, 'wd': 0.0, 'ws': 0.0, 'ws_scalar': 0.0}","{'gas': {'co': 13498, 'co2': 13260, 'no': 13586, 'no2': 13765, 'o3': 13745}, 'pm': {'pm1': 13200, 'pm10': 13202, 'pm25': 13201}}",2.51,24.55,25.55,5.08,5.24,5.2,501207908,37.2,MOD-00613,25.6,2025-09-25T04:14:31,2025-09-24T21:14:31,https://api.quant-aq.com/v1/devices/MOD-00613/data/501207761
956.69,462.6,"{'lat': None, 'lon': None}","{'rh': 37.3, 'temp': 25.6, 'wd': 0.0, 'ws': 0.0, 'ws_scalar': 0.0}","{'gas': {'co': 13498, 'co2': 13260, 'no': 13586, 'no2': 13765, 'o3': 13745}, 'pm': {'pm1': 13200, 'pm10': 13202, 'pm25': 13201}}",3.18,24.54,26.06,4.8,4.9,4.9,501207909,37.3,MOD-00613,25.6,2025-09-25T04:13:31,2025-09-24T21:13:31,https://api.quant-aq.com/v1/devices/MOD-00613/data/501207762
956.28,462.0,"{'lat': None, 'lon': None}","{'rh': 37.3, 'temp': 25.6, 'wd': 0.0, 'ws': 0.0, 'ws_scalar': 0.0}","{'gas': {'co': 13498, 'co2': 13260, 'no': 13586, 'no2': 13765, 'o3': 13745}, 'pm': {'pm1': 13200, 'pm10': 13202, 'pm25': 13201}}",2.51,24.54,26.6,4.9,4.98,4.98,501207907,37.3,MOD-00613,25.6,2025-09-25T04:12:31,2025-09-24T21:12:31,https://api.quant-aq.com/v1/devices/MOD-00613/data/501207760
953.06,464.04,"{'lat': None, 'lon': None}","{'rh': 37.2, 'temp': 25.6, 'wd': 0.0, 'ws': 0.0, 'ws_scalar': 0.0}","{'gas': {'co': 13498, 'co2': 13260, 'no': 13586, 'no2': 13765, 'o3': 13745}, 'pm': {'pm1': 13200, 'pm10': 13202, 'pm25': 13201}}",2.51,24.79,25.82,4.65,4.76,4.76,501207905,37.2,MOD-00613,25.6,2025-09-25T04:11:31,2025-09-24T21:11:31,https://api.quant-aq.com/v1/devices/MOD-00613/data/501207758
957.24,459.35,"{'lat': None, 'lon': None}","{'rh': 37.1, 'temp': 25.6, 'wd': 0.0, 'ws': 0.0, 'ws_scalar': 0.0}","{'gas': {'co': 13498, 'co2': 13260, 'no': 13586, 'no2': 13765, 'o3': 13745}, 'pm': {'pm1': 13200, 'pm10': 13202, 'pm25': 13201}}",2.51,24.55,26.12,4.63,4.97,4.74,501207906,37.1,MOD-00613,25.6,2025-09-25T04:10:31,2025-09-24T21:10:31,https://api.quant-aq.com/v1/devices/MOD-00613/data/501207759
961.41,464.28,"{'lat': None, 'lon': None}","{'rh': 37.0, 'temp': 25.6, 'wd': 0.0, 'ws': 0.0, 'ws_scalar': 0.0}","{'gas': {'co': 13498, 'co2': 13260, 'no': 13586, 'no2': 13765, 'o3': 13745}, 'pm': {'pm1': 13200, 'pm10': 13202, 'pm25': 13201}}",2.51,24.08,26.42,4.48,4.59,4.55,501204974,37.0,MOD-00613,25.6,2025-09-25T04:09:31,2025-09-24T21:09:31,https://api.quant-aq.com/v1/devices/MOD-00613/data/501204828
961.9,461.51,"{'lat': None, 'lon': None}","{'rh': 36.9, 'temp': 25.6, 'wd': 0.0, 'ws': 0.0, 'ws_scalar': 0.0}","{'gas': {'co': 13498, 'co2': 13260, 'no': 13586, 'no2': 13765, 'o3': 13745}, 'pm': {'pm1': 13200, 'pm10': 13202, 'pm25': 13201}}",3.12,24.8,25.64,4.57,5.16,4.64,501204972,36.9,MOD-00613,25.6,2025-09-25T04:08:31,2025-09-24T21:08:31,https://api.quant-aq.com/v1/devices/MOD-00613/data/501204824
953.35,461.27,"{'lat': None, 'lon': None}","{'rh': 36.8, 'temp': 25.6, 'wd': 0.0, 'ws': 0.0, 'ws_scalar': 0.0}","{'gas': {'co': 13498, 'co2': 13260, 'no': 13586, 'no2': 13765, 'o3': 13745}, 'pm': {'pm1': 13200, 'pm10': 13202, 'pm25': 13201}}",2.5,24.09,26.76,5.04,5.49,5.16,501204971,36.8,MOD-00613,25.6,2025-09-25T04:07:31,2025-09-24T21:07:31,https://api.quant-aq.com/v1/devices/MOD-00613/data/501204826
955.06,462.72,"{'lat': None, 'lon': None}","{'rh': 36.7, 'temp': 25.6, 'wd': 0.0, 'ws': 0.0, 'ws_scalar': 0.0}","{'gas': {'co': 13498, 'co2': 13260, 'no': 13586, 'no2': 13765, 'o3': 13745}, 'pm': {'pm1': 13200, 'pm10': 13202, 'pm25': 13201}}",2.46,24.33,26.52,4.8,5.07,4.9,501204973,36.7,MOD-00613,25.6,2025-09-25T04:06:31,2025-09-24T21:06:31,https://api.quant-aq.com/v1/devices/MOD-00613/data/501204827
952.92,462.6,"{'lat': None, 'lon': None}","{'rh': 36.4, 'temp': 25.7, 'wd': 0.0, 'ws': 0.0, 'ws_scalar': 0.0}","{'gas': {'co': 13498, 'co2': 13260, 'no': 13586, 'no2': 13765, 'o3': 13745}, 'pm': {'pm1': 13200, 'pm10': 13202, 'pm25': 13201}}",3.48,24.12,26.62,5.34,5.46,5.42,501202745,36.4,MOD-00613,25.7,2025-09-25T04:05:31,2025-09-24T21:05:31,https://api.quant-aq.com/v1/devices/MOD-00613/data/501202599
955.45,463.44,"{'lat': None, 'lon': None}","{'rh': 36.3, 'temp': 25.7, 'wd': 0.0, 'ws': 0.0, 'ws_scalar': 0.0}","{'gas': {'co': 13498, 'co2': 13260, 'no': 13586, 'no2': 13765, 'o3': 13745}, 'pm': {'pm1': 13200, 'pm10': 13202, 'pm25': 13201}}",3.47,23.88,25.85,4.87,5.2,5.0,501202743,36.3,MOD-00613,25.7,2025-09-25T04:04:31,2025-09-24T21:04:31,https://api.quant-aq.com/v1/devices/MOD-00613/data/501202594
957.5,464.4,"{'lat': None, 'lon': None}","{'rh': 36.3, 'temp': 25.7, 'wd': 0.0, 'ws': 0.0, 'ws_scalar': 0.0}","{'gas': {'co': 13498, 'co2': 13260, 'no': 13586, 'no2': 13765, 'o3': 13745}, 'pm': {'pm1': 13200, 'pm10': 13202, 'pm25': 13201}}",3.47,24.12,26.39,5.13,5.75,5.21,501202738,36.3,MOD-00613,25.7,2025-09-25T04:03:31,2025-09-24T21:03:31,https://api.quant-aq.com/v1/devices/MOD-00613/data/501202592
961.2,465.49,"{'lat': None, 'lon': None}","{'rh': 36.3, 'temp': 25.7, 'wd': 0.0, 'ws': 0.0, 'ws_scalar': 0.0}","{'gas': {'co': 13498, 'co2': 13260, 'no': 13586, 'no2': 13765, 'o3': 13745}, 'pm': {'pm1': 13200, 'pm10': 13202, 'pm25': 13201}}",3.47,24.12,25.85,4.79,4.96,4.87,501202740,36.3,MOD-00613,25.7,2025-09-25T04:02:31,2025-09-24T21:02:31,https://api.quant-aq.com/v1/devices/MOD-00613/data/501202595
959.08,463.92,"{'lat': None, 'lon': None}","{'rh': 36.4, 'temp': 25.7, 'wd': 0.0, 'ws': 0.0, 'ws_scalar': 0.0}","{'gas': {'co': 13498, 'co2': 13260, 'no': 13586, 'no2': 13765, 'o3': 13745}, 'pm': {'pm1': 13200, 'pm10': 13202, 'pm25': 13201}}",3.47,23.88,26.36,4.26,4.8,4.33,501202739,36.4,MOD-00613,25.7,2025-09-25T04:01:31,2025-09-24T21:01:31,https://api.quant-aq.com/v1/devices/MOD-00613/data/501202593
957.91,465.13,"{'lat': None, 'lon': None}","{'rh': 36.3, 'temp': 25.7, 'wd': 0.0, 'ws': 0.0, 'ws_scalar': 0.0}","{'gas': {'co': 13498, 'co2': 13260, 'no': 13586, 'no2': 13765, 'o3': 13745}, 'pm': {'pm1': 13200, 'pm10': 13202, 'pm25': 13201}}",3.47,23.88,25.85,4.11,4.17,4.17,501199909,36.3,MOD-00613,25.7,2025-09-25T04:00:31,2025-09-24T21:00:31,https://api.quant-aq.com/v1/devices/MOD-00613/data/501199762
957.5,469.46,"{'lat': None, 'lon': None}","{'rh': 36.3, 'temp': 25.7, 'wd': 0.0, 'ws': 0.0, 'ws_scalar': 0.0}","{'gas': {'co': 13498, 'co2': 13260, 'no': 13586, 'no2': 13765, 'o3': 13745}, 'pm': {'pm1': 13200, 'pm10': 13202, 'pm25': 13201}}",3.48,24.12,25.85,4.99,5.13,5.09,501199906,36.3,MOD-00613,25.7,2025-09-25T03:59:31,2025-09-24T20:59:31,https://api.quant-aq.com/v1/devices/MOD-00613/data/501199759
959.9,466.57,"{'lat': None, 'lon': None}","{'rh': 36.4, 'temp': 25.7, 'wd': 0.0, 'ws': 0.0, 'ws_scalar': 0.0}","{'gas': {'co': 13498, 'co2': 13260, 'no': 13586, 'no2': 13765, 'o3': 13745}, 'pm': {'pm1': 13200, 'pm10': 13202, 'pm25': 13201}}",3.47,24.35,25.55,4.48,4.62,4.54,501199910,36.4,MOD-00613,25.7,2025-09-25T03:58:31,2025-09-24T20:58:31,https://api.quant-aq.com/v1/devices/MOD-00613/data/501199763
955.15,464.4,"{'lat': None, 'lon': None}","{'rh': 36.3, 'temp': 25.8, 'wd': 0.0, 'ws': 0.0, 'ws_scalar': 0.0}","{'gas': {'co': 13498, 'co2': 13260, 'no': 13586, 'no2': 13765, 'o3': 13745}, 'pm': {'pm1': 13200, 'pm10': 13202, 'pm25': 13201}}",3.47,24.13,26.13,5.17,5.23,5.23,501199908,36.3,MOD-00613,25.8,2025-09-25T03:57:31,2025-09-24T20:57:31,https://api.quant-aq.com/v1/devices/MOD-00613/data/501199761
956.45,466.93,"{'lat': None, 'lon': None}","{'rh': 36.2, 'temp': 25.8, 'wd': 0.0, 'ws': 0.0, 'ws_scalar': 0.0}","{'gas': {'co': 13498, 'co2': 13260, 'no': 13586, 'no2': 13765, 'o3': 13745}, 'pm': {'pm1': 13200, 'pm10': 13202, 'pm25': 13201}}",3.47,23.66,26.17,4.32,4.46,4.42,501199907,36.2,MOD-00613,25.8,2025-09-25T03:56:31,2025-09-24T20:56:31,https://api.quant-aq.com/v1/devices/MOD-00613/data/501199760
958.5,465.37,"{'lat': None, 'lon': None}","{'rh': 36.2, 'temp': 25.8, 'wd': 0.0, 'ws': 0.0, 'ws_scalar': 0.0}","{'gas': {'co': 13498, 'co2': 13260, 'no': 13586, 'no2': 13765, 'o3': 13745}, 'pm': {'pm1': 13200, 'pm10': 13202, 'pm25': 13201}}",3.47,23.89,25.9,4.34,4.7,4.46,501197147,36.2,MOD-00613,25.8,2025-09-25T03:55:31,2025-09-24T20:55:31,https://api.quant-aq.com/v1/devices/MOD-00613/data/501197001
958.09,464.28,"{'lat': None, 'lon': None}","{'rh': 36.2, 'temp': 25.8, 'wd': 0.0, 'ws': 0.0, 'ws_scalar': 0.0}","{'gas': {'co': 13498, 'co2': 13260, 'no': 13586, 'no2': 13765, 'o3': 13745}, 'pm': {'pm1': 13200, 'pm10': 13202, 'pm25': 13201}}",3.47,23.66,26.17,4.12,4.68,4.23,501197148,36.2,MOD-00613,25.8,2025-09-25T03:54:31,2025-09-24T20:54:31,https://api.quant-aq.com/v1/devices/MOD-00613/data/501197000
965.89,464.52,"{'lat': None, 'lon': None}","{'rh': 36.2, 'temp': 25.8, 'wd': 0.0, 'ws': 0.0, 'ws_scalar': 0.0}","{'gas': {'co': 13498, 'co2': 13260, 'no': 13586, 'no2': 13765, 'o3': 13745}, 'pm': {'pm1': 13200, 'pm10': 13202, 'pm25': 13201}}",3.47,23.89,26.17,4.9,4.91,4.91,501197149,36.2,MOD-00613,25.8,2025-09-25T03:53:31,2025-09-24T20:53:31,https://api.quant-aq.com/v1/devices/MOD-00613/data/501197002
965.48,463.92,"{'lat': None, 'lon': None}","{'rh': 36.2, 'temp': 25.8, 'wd': 0.0, 'ws': 0.0, 'ws_scalar': 0.0}","{'gas': {'co': 13498, 'co2': 13260, 'no': 13586, 'no2': 13765, 'o3': 13745}, 'pm': {'pm1': 13200, 'pm10': 13202, 'pm25': 13201}}",3.47,24.37,26.17,5.12,5.19,5.19,501197146,36.2,MOD-00613,25.8,2025-09-25T03:52:31,2025-09-24T20:52:31,https://api.quant-aq.com/v1/devices/MOD-00613/data/501196999
964.77,463.56,"{'lat': None, 'lon': None}","{'rh': 36.2, 'temp': 25.9, 'wd': 0.0, 'ws': 0.0, 'ws_scalar': 0.0}","{'gas': {'co': 13498, 'co2': 13260, 'no': 13586, 'no2': 13765, 'o3': 13745}, 'pm': {'pm1': 13200, 'pm10': 13202, 'pm25': 13201}}",3.47,23.66,26.18,4.59,4.7,4.7,501197145,36.2,MOD-00613,25.9,2025-09-25T03:51:31,2025-09-24T20:51:31,https://api.quant-aq.com/v1/devices/MOD-00613/data/501196998
961.9,464.04,"{'lat': None, 'lon': None}","{'rh': 36.2, 'temp': 25.9, 'wd': 0.0, 'ws': 0.0, 'ws_scalar': 0.0}","{'gas': {'co': 13498, 'co2': 13260, 'no': 13586, 'no2': 13765, 'o3': 13745}, 'pm': {'pm1': 13200, 'pm10': 13202, 'pm25': 13201}}",3.47,23.66,25.65,4.73,4.97,4.81,501194325,36.2,MOD-00613,25.9,2025-09-25T03:50:31,2025-09-24T20:50:31,https://api.quant-aq.com/v1/devices/MOD-00613/data/501194180
966.34,464.64,"{'lat': None, 'lon': None}","{'rh': 36.3, 'temp': 25.9, 'wd': 0.0, 'ws': 0.0, 'ws_scalar': 0.0}","{'gas': {'co': 13498, 'co2': 13260, 'no': 13586, 'no2': 13765, 'o3': 13745}, 'pm': {'pm1': 13200, 'pm10': 13202, 'pm25': 13201}}",3.47,23.66,26.42,4.93,5.0,5.0,501194327,36.3,MOD-00613,25.9,2025-09-25T03:49:31,2025-09-24T20:49:31,https://api.quant-aq.com/v1/devices/MOD-00613/data/501194179
957.24,465.97,"{'lat': None, 'lon': None}","{'rh': 36.4, 'temp': 25.9, 'wd': 0.0, 'ws': 0.0, 'ws_scalar': 0.0}","{'gas': {'co': 13498, 'co2': 13260, 'no': 13586, 'no2': 13765, 'o3': 13745}, 'pm': {'pm1': 13200, 'pm10': 13202, 'pm25': 13201}}",2.47,24.13,25.58,4.39,4.56,4.52,501194329,36.4,MOD-00613,25.9,2025-09-25T03:48:31,2025-09-24T20:48:31,https://api.quant-aq.com/v1/devices/MOD-00613/data/501194182
964.29,464.64,"{'lat': None, 'lon': None}","{'rh': 36.3, 'temp': 25.9, 'wd': 0.0, 'ws': 0.0, 'ws_scalar': 0.0}","{'gas': {'co': 13498, 'co2': 13260, 'no': 13586, 'no2': 13765, 'o3': 13745}, 'pm': {'pm1': 13200, 'pm10': 13202, 'pm25': 13201}}",3.47,23.9,26.42,3.83,4.35,3.91,501194326,36.3,MOD-00613,25.9,2025-09-25T03:47:31,2025-09-24T20:47:31,https://api.quant-aq.com/v1/devices/MOD-00613/data/501194178
965.11,464.64,"{'lat': None, 'lon': None}","{'rh': 36.3, 'temp': 25.9, 'wd': 0.0, 'ws': 0.0, 'ws_scalar': 0.0}","{'gas': {'co': 13498, 'co2': 13260, 'no': 13586, 'no2': 13765, 'o3': 13745}, 'pm': {'pm1': 13200, 'pm10': 13202, 'pm25': 13201}}",3.47,23.9,25.35,4.27,4.57,4.41,501194328,36.3,MOD-00613,25.9,2025-09-25T03:46:31,2025-09-24T20:46:31,https://api.quant-aq.com/v1/devices/MOD-00613/data/501194181
966.0,465.61,"{'lat': None, 'lon': None}","{'rh': 36.2, 'temp': 25.9, 'wd': 0.0, 'ws': 0.0, 'ws_scalar': 0.0}","{'gas': {'co': 13498, 'co2': 13260, 'no': 13586, 'no2': 13765, 'o3': 13745}, 'pm': {'pm1': 13200, 'pm10': 13202, 'pm25': 13201}}",3.47,23.43,25.91,4.12,4.22,4.22,501191374,36.2,MOD-00613,25.9,2025-09-25T03:45:31,2025-09-24T20:45:31,https://api.quant-aq.com/v1/devices/MOD-00613/data/501191225
966.0,460.91,"{'lat': None, 'lon': None}","{'rh': 36.2, 'temp': 25.9, 'wd': 0.0, 'ws': 0.0, 'ws_scalar': 0.0}","{'gas': {'co': 13498, 'co2': 13260, 'no': 13586, 'no2': 13765, 'o3': 13745}, 'pm': {'pm1': 13200, 'pm10': 13202, 'pm25': 13201}}",3.47,23.9,25.91,4.76,4.85,4.85,501191375,36.2,MOD-00613,25.9,2025-09-25T03:44:31,2025-09-24T20:44:31,https://api.quant-aq.com/v1/devices/MOD-00613/data/501191230
964.88,465.73,"{'lat': None, 'lon': None}","{'rh': 36.2, 'temp': 26.0, 'wd': 0.0, 'ws': 0.0, 'ws_scalar': 0.0}","{'gas': {'co': 13498, 'co2': 13260, 'no': 13586, 'no2': 13765, 'o3': 13745}, 'pm': {'pm1': 13200, 'pm10': 13202, 'pm25': 13201}}",3.47,23.12,25.93,4.27,4.39,4.35,501191373,36.2,MOD-00613,26.0,2025-09-25T03:43:31,2025-09-24T20:43:31,https://api.quant-aq.com/v1/devices/MOD-00613/data/501191227
965.7,463.2,"{'lat': None, 'lon': None}","{'rh': 36.2, 'temp': 26.0, 'wd': 0.0, 'ws': 0.0, 'ws_scalar': 0.0}","{'gas': {'co': 13498, 'co2': 13260, 'no': 13586, 'no2': 13765, 'o3': 13745}, 'pm': {'pm1': 13200, 'pm10': 13202, 'pm25': 13201}}",3.47,23.91,26.2,3.99,4.04,4.04,501191372,36.2,MOD-00613,26.0,2025-09-25T03:42:31,2025-09-24T20:42:31,https://api.quant-aq.com/v1/devices/MOD-00613/data/501191226
971.79,465.85,"{'lat': None, 'lon': None}","{'rh': 36.3, 'temp': 26.0, 'wd': 0.0, 'ws': 0.0, 'ws_scalar': 0.0}","{'gas': {'co': 13498, 'co2': 13260, 'no': 13586, 'no2': 13765, 'o3': 13745}, 'pm': {'pm1': 13200, 'pm10': 13202, 'pm25': 13201}}",3.47,23.66,26.17,4.54,4.67,4.67,501191371,36.3,MOD-00613,26.0,2025-09-25T03:41:31,2025-09-24T20:41:31,https://api.quant-aq.com/v1/devices/MOD-00613/data/501191224
970.07,465.97,"{'lat': None, 'lon': None}","{'rh': 36.4, 'temp': 26.0, 'wd': 0.0, 'ws': 0.0, 'ws_scalar': 0.0}","{'gas': {'co': 13498, 'co2': 13260, 'no': 13586, 'no2': 13765, 'o3': 13745}, 'pm': {'pm1': 13200, 'pm10': 13202, 'pm25': 13201}}",2.47,12.31,25.6,4.08,4.21,4.17,501188546,36.4,MOD-00613,26.0,2025-09-25T03:40:31,2025-09-24T20:40:31,https://api.quant-aq.com/v1/devices/MOD-00613/data/501188400
968.36,464.4,"{'lat': None, 'lon': None}","{'rh': 36.5, 'temp': 26.0, 'wd': 0.0, 'ws': 0.0, 'ws_scalar': 0.0}","{'gas': {'co': 13498, 'co2': 13260, 'no': 13586, 'no2': 13765, 'o3': 13745}, 'pm': {'pm1': 13200, 'pm10': 13202, 'pm25': 13201}}",2.47,23.89,25.84,4.93,5.17,5.02,501188544,36.5,MOD-00613,26.0,2025-09-25T03:39:31,2025-09-24T20:39:31,https://api.quant-aq.com/v1/devices/MOD-00613/data/501188397
970.82,464.28,"{'lat': None, 'lon': None}","{'rh': 36.5, 'temp': 26.0, 'wd': 0.0, 'ws': 0.0, 'ws_scalar': 0.0}","{'gas': {'co': 13498, 'co2': 13260, 'no': 13586, 'no2': 13765, 'o3': 13745}, 'pm': {'pm1': 13200, 'pm10': 13202, 'pm25': 13201}}",2.47,12.29,26.11,4.77,5.01,4.93,501188547,36.5,MOD-00613,26.0,2025-09-25T03:38:31,2025-09-24T20:38:31,https://api.quant-aq.com/v1/devices/MOD-00613/data/501188399
970.34,465.01,"{'lat': None, 'lon': None}","{'rh': 36.6, 'temp': 26.0, 'wd': 0.0, 'ws': 0.0, 'ws_scalar': 0.0}","{'gas': {'co': 13498, 'co2': 13260, 'no': 13586, 'no2': 13765, 'o3': 13745}, 'pm': {'pm1': 13200, 'pm10': 13202, 'pm25': 13201}}",2.47,23.89,25.54,4.42,4.53,4.53,501188545,36.6,MOD-00613,26.0,2025-09-25T03:37:31,2025-09-24T20:37:31,https://api.quant-aq.com/v1/devices/MOD-00613/data/501188398
971.5,465.37,"{'lat': None, 'lon': None}","{'rh': 36.7, 'temp': 26.0, 'wd': 0.0, 'ws': 0.0, 'ws_scalar': 0.0}","{'gas': {'co': 13498, 'co2': 13260, 'no': 13586, 'no2': 13765, 'o3': 13745}, 'pm': {'pm1': 13200, 'pm10': 13202, 'pm25': 13201}}",2.47,23.89,26.04,4.38,4.63,4.46,501188543,36.7,MOD-00613,26.0,2025-09-25T03:36:31,2025-09-24T20:36:31,https://api.quant-aq.com/v1/devices/MOD-00613/data/501188396
976.05,466.33,"{'lat': None, 'lon': None}","{'rh': 36.8, 'temp': 26.1, 'wd': 0.0, 'ws': 0.0, 'ws_scalar': 0.0}","{'gas': {'co': 13498, 'co2': 13260, 'no': 13586, 'no2': 13765, 'o3': 13745}, 'pm': {'pm1': 13200, 'pm10': 13202, 'pm25': 13201}}",2.47,7.75,26.03,3.73,3.88,3.84,501185810,36.8,MOD-00613,26.1,2025-09-25T03:35:31,2025-09-24T20:35:31,https://api.quant-aq.com/v1/devices/MOD-00613/data/501185664
974.34,467.17,"{'lat': None, 'lon': None}","{'rh': 36.9, 'temp': 26.1, 'wd': 0.0, 'ws': 0.0, 'ws_scalar': 0.0}","{'gas': {'co': 13498, 'co2': 13260, 'no': 13586, 'no2': 13765, 'o3': 13745}, 'pm': {'pm1': 13200, 'pm10': 13202, 'pm25': 13201}}",2.46,23.89,26.0,4.19,4.26,4.26,501185809,36.9,MOD-00613,26.1,2025-09-25T03:34:31,2025-09-24T20:34:31,https://api.quant-aq.com/v1/devices/MOD-00613/data/501185662
973.45,465.97,"{'lat': None, 'lon': None}","{'rh': 37.0, 'temp': 26.1, 'wd': 0.0, 'ws': 0.0, 'ws_scalar': 0.0}","{'gas': {'co': 13498, 'co2': 13260, 'no': 13586, 'no2': 13765, 'o3': 13745}, 'pm': {'pm1': 13200, 'pm10': 13202, 'pm25': 13201}}",2.47,24.12,25.97,3.82,4.09,3.93,501185811,37.0,MOD-00613,26.1,2025-09-25T03:33:31,2025-09-24T20:33:31,https://api.quant-aq.com/v1/devices/MOD-00613/data/501185663
970.09,467.42,"{'lat': None, 'lon': None}","{'rh': 37.1, 'temp': 26.1, 'wd': 0.0, 'ws': 0.0, 'ws_scalar': 0.0}","{'gas': {'co': 13498, 'co2': 13260, 'no': 13586, 'no2': 13765, 'o3': 13745}, 'pm': {'pm1': 13200, 'pm10': 13202, 'pm25': 13201}}",2.47,23.78,25.93,4.33,9.57,4.47,501185807,37.1,MOD-00613,26.1,2025-09-25T03:32:31,2025-09-24T20:32:31,https://api.quant-aq.com/v1/devices/MOD-00613/data/501185660
979.46,469.22,"{'lat': None, 'lon': None}","{'rh': 37.2, 'temp': 26.1, 'wd': 0.0, 'ws': 0.0, 'ws_scalar': 0.0}","{'gas': {'co': 13498, 'co2': 13260, 'no': 13586, 'no2': 13765, 'o3': 13745}, 'pm': {'pm1': 13200, 'pm10': 13202, 'pm25': 13201}}",2.51,24.35,26.71,4.33,4.48,4.44,501185808,37.2,MOD-00613,26.1,2025-09-25T03:31:31,2025-09-24T20:31:31,https://api.quant-aq.com/v1/devices/MOD-00613/data/501185661
974.95,468.98,"{'lat': None, 'lon': None}","{'rh': 37.2, 'temp': 26.1, 'wd': 0.0, 'ws': 0.0, 'ws_scalar': 0.0}","{'gas': {'co': 13498, 'co2': 13260, 'no': 13586, 'no2': 13765, 'o3': 13745}, 'pm': {'pm1': 13200, 'pm10': 13202, 'pm25': 13201}}",2.51,24.58,26.44,4.07,4.32,4.16,501183018,37.2,MOD-00613,26.1,2025-09-25T03:30:31,2025-09-24T20:30:31,https://api.quant-aq.com/v1/devices/MOD-00613/data/501182871
973.72,468.62,"{'lat': None, 'lon': None}","{'rh': 37.2, 'temp': 26.1, 'wd': 0.0, 'ws': 0.0, 'ws_scalar': 0.0}","{'gas': {'co': 13498, 'co2': 13260, 'no': 13586, 'no2': 13765, 'o3': 13745}, 'pm': {'pm1': 13200, 'pm10': 13202, 'pm25': 13201}}",2.47,9.99,26.44,4.73,4.86,4.82,501183020,37.2,MOD-00613,26.1,2025-09-25T03:29:31,2025-09-24T20:29:31,https://api.quant-aq.com/v1/devices/MOD-00613/data/501182873
976.18,472.71,"{'lat': None, 'lon': None}","{'rh': 37.2, 'temp': 26.1, 'wd': 0.0, 'ws': 0.0, 'ws_scalar': 0.0}","{'gas': {'co': 13498, 'co2': 13260, 'no': 13586, 'no2': 13765, 'o3': 13745}, 'pm': {'pm1': 13200, 'pm10': 13202, 'pm25': 13201}}",2.47,24.11,25.36,4.47,4.56,4.56,501183019,37.2,MOD-00613,26.1,2025-09-25T03:28:31,2025-09-24T20:28:31,https://api.quant-aq.com/v1/devices/MOD-00613/data/501182872
971.59,470.06,"{'lat': None, 'lon': None}","{'rh': 37.3, 'temp': 26.1, 'wd': 0.0, 'ws': 0.0, 'ws_scalar': 0.0}","{'gas': {'co': 13498, 'co2': 13260, 'no': 13586, 'no2': 13765, 'o3': 13745}, 'pm': {'pm1': 13200, 'pm10': 13202, 'pm25': 13201}}",2.46,24.58,26.14,4.94,5.08,5.08,501183017,37.3,MOD-00613,26.1,2025-09-25T03:27:31,2025-09-24T20:27:31,https://api.quant-aq.com/v1/devices/MOD-00613/data/501182870
978.2,470.91,"{'lat': None, 'lon': None}","{'rh': 37.4, 'temp': 26.2, 'wd': 0.0, 'ws': 0.0, 'ws_scalar': 0.0}","{'gas': {'co': 13498, 'co2': 13260, 'no': 13586, 'no2': 13765, 'o3': 13745}, 'pm': {'pm1': 13200, 'pm10': 13202, 'pm25': 13201}}",2.51,9.94,26.4,5.19,5.48,5.27,501183016,37.4,MOD-00613,26.2,2025-09-25T03:26:31,2025-09-24T20:26:31,https://api.quant-aq.com/v1/devices/MOD-00613/data/501182868
979.36,473.32,"{'lat': None, 'lon': None}","{'rh': 37.5, 'temp': 26.2, 'wd': 0.0, 'ws': 0.0, 'ws_scalar': 0.0}","{'gas': {'co': 13498, 'co2': 13260, 'no': 13586, 'no2': 13765, 'o3': 13745}, 'pm': {'pm1': 13200, 'pm10': 13202, 'pm25': 13201}}",2.52,15.58,26.1,4.61,4.72,4.72,501180030,37.5,MOD-00613,26.2,2025-09-25T03:25:31,2025-09-24T20:25:31,https://api.quant-aq.com/v1/devices/MOD-00613/data/501179884
977.31,470.55,"{'lat': None, 'lon': None}","{'rh': 37.5, 'temp': 26.2, 'wd': 0.0, 'ws': 0.0, 'ws_scalar': 0.0}","{'gas': {'co': 13498, 'co2': 13260, 'no': 13586, 'no2': 13765, 'o3': 13745}, 'pm': {'pm1': 13200, 'pm10': 13202, 'pm25': 13201}}",3.17,24.58,26.64,5.01,5.27,5.19,501180034,37.5,MOD-00613,26.2,2025-09-25T03:24:31,2025-09-24T20:24:31,https://api.quant-aq.com/v1/devices/MOD-00613/data/501179888
979.77,474.16,"{'lat': None, 'lon': None}","{'rh': 37.5, 'temp': 26.2, 'wd': 0.0, 'ws': 0.0, 'ws_scalar': 0.0}","{'gas': {'co': 13498, 'co2': 13260, 'no': 13586, 'no2': 13765, 'o3': 13745}, 'pm': {'pm1': 13200, 'pm10': 13202, 'pm25': 13201}}",3.17,15.58,26.64,5.29,5.57,5.36,501180035,37.5,MOD-00613,26.2,2025-09-25T03:23:31,2025-09-24T20:23:31,https://api.quant-aq.com/v1/devices/MOD-00613/data/501179886
973.61,472.35,"{'lat': None, 'lon': None}","{'rh': 37.5, 'temp': 26.2, 'wd': 0.0, 'ws': 0.0, 'ws_scalar': 0.0}","{'gas': {'co': 13498, 'co2': 13260, 'no': 13586, 'no2': 13765, 'o3': 13745}, 'pm': {'pm1': 13200, 'pm10': 13202, 'pm25': 13201}}",2.46,24.58,26.64,4.97,5.17,5.13,501180032,37.5,MOD-00613,26.2,2025-09-25T03:22:31,2025-09-24T20:22:31,https://api.quant-aq.com/v1/devices/MOD-00613/data/501179887
979.29,470.55,"{'lat': None, 'lon': None}","{'rh': 37.6, 'temp': 26.2, 'wd': 0.0, 'ws': 0.0, 'ws_scalar': 0.0}","{'gas': {'co': 13498, 'co2': 13260, 'no': 13586, 'no2': 13765, 'o3': 13745}, 'pm': {'pm1': 13200, 'pm10': 13202, 'pm25': 13201}}",3.17,15.86,26.33,3.93,4.02,4.02,501180027,37.6,MOD-00613,26.2,2025-09-25T03:21:31,2025-09-24T20:21:31,https://api.quant-aq.com/v1/devices/MOD-00613/data/501179885
976.0,474.76,"{'lat': None, 'lon': None}","{'rh': 37.6, 'temp': 26.2, 'wd': 0.0, 'ws': 0.0, 'ws_scalar': 0.0}","{'gas': {'co': 13498, 'co2': 13260, 'no': 13586, 'no2': 13765, 'o3': 13745}, 'pm': {'pm1': 13200, 'pm10': 13202, 'pm25': 13201}}",3.17,24.81,26.06,5.18,5.38,5.34,501177198,37.6,MOD-00613,26.2,2025-09-25T03:20:31,2025-09-24T20:20:31,https://api.quant-aq.com/v1/devices/MOD-00613/data/501177049
982.57,475.61,"{'lat': None, 'lon': None}","{'rh': 37.6, 'temp': 26.2, 'wd': 0.0, 'ws': 0.0, 'ws_scalar': 0.0}","{'gas': {'co': 13498, 'co2': 13260, 'no': 13586, 'no2': 13765, 'o3': 13745}, 'pm': {'pm1': 13200, 'pm10': 13202, 'pm25': 13201}}",3.17,17.78,26.06,4.99,5.24,5.08,501177196,37.6,MOD-00613,26.2,2025-09-25T03:19:31,2025-09-24T20:19:31,https://api.quant-aq.com/v1/devices/MOD-00613/data/501177046
973.95,475.24,"{'lat': None, 'lon': None}","{'rh': 37.6, 'temp': 26.2, 'wd': 0.0, 'ws': 0.0, 'ws_scalar': 0.0}","{'gas': {'co': 13498, 'co2': 13260, 'no': 13586, 'no2': 13765, 'o3': 13745}, 'pm': {'pm1': 13200, 'pm10': 13202, 'pm25': 13201}}",2.52,10.33,26.87,4.99,5.68,5.18,501177200,37.6,MOD-00613,26.2,2025-09-25T03:18:31,2025-09-24T20:18:31,https://api.quant-aq.com/v1/devices/MOD-00613/data/501177053
972.31,477.29,"{'lat': None, 'lon': None}","{'rh': 37.6, 'temp': 26.2, 'wd': 0.0, 'ws': 0.0, 'ws_scalar': 0.0}","{'gas': {'co': 13498, 'co2': 13260, 'no': 13586, 'no2': 13765, 'o3': 13745}, 'pm': {'pm1': 13200, 'pm10': 13202, 'pm25': 13201}}",3.17,24.81,26.06,5.05,5.79,5.15,501177194,37.6,MOD-00613,26.2,2025-09-25T03:17:31,2025-09-24T20:17:31,https://api.quant-aq.com/v1/devices/MOD-00613/data/501177048
973.54,477.17,"{'lat': None, 'lon': None}","{'rh': 37.6, 'temp': 26.2, 'wd': 0.0, 'ws': 0.0, 'ws_scalar': 0.0}","{'gas': {'co': 13498, 'co2': 13260, 'no': 13586, 'no2': 13765, 'o3': 13745}, 'pm': {'pm1': 13200, 'pm10': 13202, 'pm25': 13201}}",3.17,24.81,26.33,4.79,5.53,4.88,501174935,37.6,MOD-00613,26.2,2025-09-25T03:16:31,2025-09-24T20:16:31,https://api.quant-aq.com/v1/devices/MOD-00613/data/501174788
971.9,477.17,"{'lat': None, 'lon': None}","{'rh': 37.6, 'temp': 26.2, 'wd': 0.0, 'ws': 0.0, 'ws_scalar': 0.0}","{'gas': {'co': 13498, 'co2': 13260, 'no': 13586, 'no2': 13765, 'o3': 13745}, 'pm': {'pm1': 13200, 'pm10': 13202, 'pm25': 13201}}",3.17,15.86,26.87,5.07,5.27,5.23,501174936,37.6,MOD-00613,26.2,2025-09-25T03:15:31,2025-09-24T20:15:31,https://api.quant-aq.com/v1/devices/MOD-00613/data/501174789
975.18,479.94,"{'lat': None, 'lon': None}","{'rh': 37.6, 'temp': 26.2, 'wd': 0.0, 'ws': 0.0, 'ws_scalar': 0.0}","{'gas': {'co': 13498, 'co2': 13260, 'no': 13586, 'no2': 13765, 'o3': 13745}, 'pm': {'pm1': 13200, 'pm10': 13202, 'pm25': 13201}}",3.17,17.78,26.87,4.91,5.03,5.03,501174937,37.6,MOD-00613,26.2,2025-09-25T03:14:31,2025-09-24T20:14:31,https://api.quant-aq.com/v1/devices/MOD-00613/data/501174790
971.83,478.98,"{'lat': None, 'lon': None}","{'rh': 37.7, 'temp': 26.2, 'wd': 0.0, 'ws': 0.0, 'ws_scalar': 0.0}","{'gas': {'co': 13498, 'co2': 13260, 'no': 13586, 'no2': 13765, 'o3': 13745}, 'pm': {'pm1': 13200, 'pm10': 13202, 'pm25': 13201}}",3.17,13.9,26.57,5.04,5.21,5.17,501174934,37.7,MOD-00613,26.2,2025-09-25T03:13:31,2025-09-24T20:13:31,https://api.quant-aq.com/v1/devices/MOD-00613/data/501174785
970.19,480.18,"{'lat': None, 'lon': None}","{'rh': 37.7, 'temp': 26.2, 'wd': 0.0, 'ws': 0.0, 'ws_scalar': 0.0}","{'gas': {'co': 13498, 'co2': 13260, 'no': 13586, 'no2': 13765, 'o3': 13745}, 'pm': {'pm1': 13200, 'pm10': 13202, 'pm25': 13201}}",3.17,17.02,26.57,4.62,6.44,4.81,501172670,37.7,MOD-00613,26.2,2025-09-25T03:12:31,2025-09-24T20:12:31,https://api.quant-aq.com/v1/devices/MOD-00613/data/501172523
966.08,481.15,"{'lat': None, 'lon': None}","{'rh': 37.7, 'temp': 26.2, 'wd': 0.0, 'ws': 0.0, 'ws_scalar': 0.0}","{'gas': {'co': 13498, 'co2': 13260, 'no': 13586, 'no2': 13765, 'o3': 13745}, 'pm': {'pm1': 13200, 'pm10': 13202, 'pm25': 13201}}",3.17,17.02,26.57,4.95,5.12,5.08,501172672,37.7,MOD-00613,26.2,2025-09-25T03:11:31,2025-09-24T20:11:31,https://api.quant-aq.com/v1/devices/MOD-00613/data/501172522
971.83,481.27,"{'lat': None, 'lon': None}","{'rh': 37.7, 'temp': 26.2, 'wd': 0.0, 'ws': 0.0, 'ws_scalar': 0.0}","{'gas': {'co': 13498, 'co2': 13260, 'no': 13586, 'no2': 13765, 'o3': 13745}, 'pm': {'pm1': 13200, 'pm10': 13202, 'pm25': 13201}}",3.17,17.02,26.57,4.48,4.7,4.66,501172669,37.7,MOD-00613,26.2,2025-09-25T03:10:31,2025-09-24T20:10:31,https://api.quant-aq.com/v1/devices/MOD-00613/data/501172524
963.73,482.83,"{'lat': None, 'lon': None}","{'rh': 37.7, 'temp': 26.3, 'wd': 0.0, 'ws': 0.0, 'ws_scalar': 0.0}","{'gas': {'co': 13498, 'co2': 13260, 'no': 13586, 'no2': 13765, 'o3': 13745}, 'pm': {'pm1': 13200, 'pm10': 13202, 'pm25': 13201}}",3.17,10.26,26.59,4.28,4.36,4.36,501172671,37.7,MOD-00613,26.3,2025-09-25T03:09:31,2025-09-24T20:09:31,https://api.quant-aq.com/v1/devices/MOD-00613/data/501172525
964.55,480.9,"{'lat': None, 'lon': None}","{'rh': 37.7, 'temp': 26.3, 'wd': 0.0, 'ws': 0.0, 'ws_scalar': 0.0}","{'gas': {'co': 13498, 'co2': 13260, 'no': 13586, 'no2': 13765, 'o3': 13745}, 'pm': {'pm1': 13200, 'pm10': 13202, 'pm25': 13201}}",2.52,25.05,26.32,4.47,5.07,4.61,501170399,37.7,MOD-00613,26.3,2025-09-25T03:08:31,2025-09-24T20:08:31,https://api.quant-aq.com/v1/devices/MOD-00613/data/501170251
968.17,483.19,"{'lat': None, 'lon': None}","{'rh': 37.8, 'temp': 26.3, 'wd': 0.0, 'ws': 0.0, 'ws_scalar': 0.0}","{'gas': {'co': 13498, 'co2': 13260, 'no': 13586, 'no2': 13765, 'o3': 13745}, 'pm': {'pm1': 13200, 'pm10': 13202, 'pm25': 13201}}",3.17,10.69,26.56,4.02,4.96,4.2,501170396,37.8,MOD-00613,26.3,2025-09-25T03:07:31,2025-09-24T20:07:31,https://api.quant-aq.com/v1/devices/MOD-00613/data/501170249
962.83,483.43,"{'lat': None, 'lon': None}","{'rh': 37.8, 'temp': 26.3, 'wd': 0.0, 'ws': 0.0, 'ws_scalar': 0.0}","{'gas': {'co': 13498, 'co2': 13260, 'no': 13586, 'no2': 13765, 'o3': 13745}, 'pm': {'pm1': 13200, 'pm10': 13202, 'pm25': 13201}}",3.17,10.69,26.83,4.19,4.54,4.33,501170397,37.8,MOD-00613,26.3,2025-09-25T03:06:31,2025-09-24T20:06:31,https://api.quant-aq.com/v1/devices/MOD-00613/data/501170250
967.35,484.4,"{'lat': None, 'lon': None}","{'rh': 37.8, 'temp': 26.3, 'wd': 0.0, 'ws': 0.0, 'ws_scalar': 0.0}","{'gas': {'co': 13498, 'co2': 13260, 'no': 13586, 'no2': 13765, 'o3': 13745}, 'pm': {'pm1': 13200, 'pm10': 13202, 'pm25': 13201}}",3.18,8.9,26.83,4.62,4.95,4.75,501170398,37.8,MOD-00613,26.3,2025-09-25T03:05:31,2025-09-24T20:05:31,https://api.quant-aq.com/v1/devices/MOD-00613/data/501170252
964.48,486.08,"{'lat': None, 'lon': None}","{'rh': 37.8, 'temp': 26.3, 'wd': 0.0, 'ws': 0.0, 'ws_scalar': 0.0}","{'gas': {'co': 13498, 'co2': 13260, 'no': 13586, 'no2': 13765, 'o3': 13745}, 'pm': {'pm1': 13200, 'pm10': 13202, 'pm25': 13201}}",3.18,25.29,26.29,4.39,4.48,4.48,501168126,37.8,MOD-00613,26.3,2025-09-25T03:04:31,2025-09-24T20:04:31,https://api.quant-aq.com/v1/devices/MOD-00613/data/501167979
958.73,486.2,"{'lat': None, 'lon': None}","{'rh': 37.8, 'temp': 26.3, 'wd': 0.0, 'ws': 0.0, 'ws_scalar': 0.0}","{'gas': {'co': 13498, 'co2': 13260, 'no': 13586, 'no2': 13765, 'o3': 13745}, 'pm': {'pm1': 13200, 'pm10': 13202, 'pm25': 13201}}",3.18,10.57,26.83,3.89,4.08,4.08,501168123,37.8,MOD-00613,26.3,2025-09-25T03:03:31,2025-09-24T20:03:31,https://api.quant-aq.com/v1/devices/MOD-00613/data/501167978
965.71,487.77,"{'lat': None, 'lon': None}","{'rh': 37.8, 'temp': 26.3, 'wd': 0.0, 'ws': 0.0, 'ws_scalar': 0.0}","{'gas': {'co': 13498, 'co2': 13260, 'no': 13586, 'no2': 13765, 'o3': 13745}, 'pm': {'pm1': 13200, 'pm10': 13202, 'pm25': 13201}}",3.17,10.69,27.1,3.99,4.87,4.17,501168124,37.8,MOD-00613,26.3,2025-09-25T03:02:31,2025-09-24T20:02:31,https://api.quant-aq.com/v1/devices/MOD-00613/data/501167976
957.09,484.76,"{'lat': None, 'lon': None}","{'rh': 37.8, 'temp': 26.3, 'wd': 0.0, 'ws': 0.0, 'ws_scalar': 0.0}","{'gas': {'co': 13498, 'co2': 13260, 'no': 13586, 'no2': 13765, 'o3': 13745}, 'pm': {'pm1': 13200, 'pm10': 13202, 'pm25': 13201}}",3.17,10.57,26.56,3.57,14.83,3.73,501168125,37.8,MOD-00613,26.3,2025-09-25T03:01:31,2025-09-24T20:01:31,https://api.quant-aq.com/v1/devices/MOD-00613/data/501167977
959.48,489.46,"{'lat': None, 'lon': None}","{'rh': 37.9, 'temp': 26.3, 'wd': 0.0, 'ws': 0.0, 'ws_scalar': 0.0}","{'gas': {'co': 13498, 'co2': 13260, 'no': 13586, 'no2': 13765, 'o3': 13745}, 'pm': {'pm1': 13200, 'pm10': 13202, 'pm25': 13201}}",3.18,10.64,27.07,3.43,4.32,3.6,501165908,37.9,MOD-00613,26.3,2025-09-25T03:00:31,2025-09-24T20:00:31,https://api.quant-aq.com/v1/devices/MOD-00613/data/501165761
957.84,490.18,"{'lat': None, 'lon': None}","{'rh': 37.9, 'temp': 26.3, 'wd': 0.0, 'ws': 0.0, 'ws_scalar': 0.0}","{'gas': {'co': 13498, 'co2': 13260, 'no': 13586, 'no2': 13765, 'o3': 13745}, 'pm': {'pm1': 13200, 'pm10': 13202, 'pm25': 13201}}",3.23,10.51,26.8,3.96,4.76,4.18,501165910,37.9,MOD-00613,26.3,2025-09-25T02:59:31,2025-09-24T19:59:31,https://api.quant-aq.com/v1/devices/MOD-00613/data/501165763
961.94,492.11,"{'lat': None, 'lon': None}","{'rh': 37.9, 'temp': 26.3, 'wd': 0.0, 'ws': 0.0, 'ws_scalar': 0.0}","{'gas': {'co': 13498, 'co2': 13260, 'no': 13586, 'no2': 13765, 'o3': 13745}, 'pm': {'pm1': 13200, 'pm10': 13202, 'pm25': 13201}}",3.18,10.76,26.53,3.82,24.52,3.94,501165909,37.9,MOD-00613,26.3,2025-09-25T02:58:31,2025-09-24T19:58:31,https://api.quant-aq.com/v1/devices/MOD-00613/data/501165762
957.43,493.55,"{'lat': None, 'lon': None}","{'rh': 37.9, 'temp': 26.3, 'wd': 0.0, 'ws': 0.0, 'ws_scalar': 0.0}","{'gas': {'co': 13498, 'co2': 13260, 'no': 13586, 'no2': 13765, 'o3': 13745}, 'pm': {'pm1': 13200, 'pm10': 13202, 'pm25': 13201}}",3.19,10.64,26.8,4.15,4.54,4.3,501165907,37.9,MOD-00613,26.3,2025-09-25T02:57:31,2025-09-24T19:57:31,https://api.quant-aq.com/v1/devices/MOD-00613/data/501165760
954.55,492.71,"{'lat': None, 'lon': None}","{'rh': 37.9, 'temp': 26.3, 'wd': 0.0, 'ws': 0.0, 'ws_scalar': 0.0}","{'gas': {'co': 13498, 'co2': 13260, 'no': 13586, 'no2': 13765, 'o3': 13745}, 'pm': {'pm1': 13200, 'pm10': 13202, 'pm25': 13201}}",3.23,25.04,26.53,3.51,5.42,3.69,501163606,37.9,MOD-00613,26.3,2025-09-25T02:56:31,2025-09-24T19:56:31,https://api.quant-aq.com/v1/devices/MOD-00613/data/501163459
958.18,494.39,"{'lat': None, 'lon': None}","{'rh': 38.0, 'temp': 26.3, 'wd': 0.0, 'ws': 0.0, 'ws_scalar': 0.0}","{'gas': {'co': 13498, 'co2': 13260, 'no': 13586, 'no2': 13765, 'o3': 13745}, 'pm': {'pm1': 13200, 'pm10': 13202, 'pm25': 13201}}",3.29,7.22,27.31,3.34,4.75,3.48,501163605,38.0,MOD-00613,26.3,2025-09-25T02:55:31,2025-09-24T19:55:31,https://api.quant-aq.com/v1/devices/MOD-00613/data/501163458
954.89,495.96,"{'lat': None, 'lon': None}","{'rh': 38.0, 'temp': 26.3, 'wd': 0.0, 'ws': 0.0, 'ws_scalar': 0.0}","{'gas': {'co': 13498, 'co2': 13260, 'no': 13586, 'no2': 13765, 'o3': 13745}, 'pm': {'pm1': 13200, 'pm10': 13202, 'pm25': 13201}}",3.29,17.64,27.04,3.68,9.14,3.8,501163608,38.0,MOD-00613,26.3,2025-09-25T02:54:31,2025-09-24T19:54:31,https://api.quant-aq.com/v1/devices/MOD-00613/data/501163460
952.02,492.83,"{'lat': None, 'lon': None}","{'rh': 38.0, 'temp': 26.3, 'wd': 0.0, 'ws': 0.0, 'ws_scalar': 0.0}","{'gas': {'co': 13498, 'co2': 13260, 'no': 13586, 'no2': 13765, 'o3': 13745}, 'pm': {'pm1': 13200, 'pm10': 13202, 'pm25': 13201}}",3.29,10.2,26.77,3.16,5.66,3.31,501163607,38.0,MOD-00613,26.3,2025-09-25T02:53:31,2025-09-24T19:53:31,https://api.quant-aq.com/v1/devices/MOD-00613/data/501163461
951.13,496.8,"{'lat': None, 'lon': None}","{'rh': 38.1, 'temp': 26.3, 'wd': 0.0, 'ws': 0.0, 'ws_scalar': 0.0}","{'gas': {'co': 13498, 'co2': 13260, 'no': 13586, 'no2': 13765, 'o3': 13745}, 'pm': {'pm1': 13200, 'pm10': 13202, 'pm25': 13201}}",3.29,11.37,27.01,3.33,6.37,3.57,501161330,38.1,MOD-00613,26.3,2025-09-25T02:52:31,2025-09-24T19:52:31,https://api.quant-aq.com/v1/devices/MOD-00613/data/501161183
954.41,496.92,"{'lat': None, 'lon': None}","{'rh': 38.1, 'temp': 26.3, 'wd': 0.0, 'ws': 0.0, 'ws_scalar': 0.0}","{'gas': {'co': 13498, 'co2': 13260, 'no': 13586, 'no2': 13765, 'o3': 13745}, 'pm': {'pm1': 13200, 'pm10': 13202, 'pm25': 13201}}",3.29,10.14,27.01,3.27,7.34,3.46,501161327,38.1,MOD-00613,26.3,2025-09-25T02:51:31,2025-09-24T19:51:31,https://api.quant-aq.com/v1/devices/MOD-00613/data/501161180
945.86,498.73,"{'lat': None, 'lon': None}","{'rh': 38.0, 'temp': 26.3, 'wd': 0.0, 'ws': 0.0, 'ws_scalar': 0.0}","{'gas': {'co': 13498, 'co2': 13260, 'no': 13586, 'no2': 13765, 'o3': 13745}, 'pm': {'pm1': 13200, 'pm10': 13202, 'pm25': 13201}}",3.29,10.31,27.04,3.98,4.25,4.08,501161329,38.0,MOD-00613,26.3,2025-09-25T02:50:31,2025-09-24T19:50:31,https://api.quant-aq.com/v1/devices/MOD-00613/data/501161182
947.91,500.66,"{'lat': None, 'lon': None}","{'rh': 38.0, 'temp': 26.3, 'wd': 0.0, 'ws': 0.0, 'ws_scalar': 0.0}","{'gas': {'co': 13498, 'co2': 13260, 'no': 13586, 'no2': 13765, 'o3': 13745}, 'pm': {'pm1': 13200, 'pm10': 13202, 'pm25': 13201}}",3.29,10.2,27.31,3.36,4.91,3.49,501161328,38.0,MOD-00613,26.3,2025-09-25T02:49:31,2025-09-24T19:49:31,https://api.quant-aq.com/v1/devices/MOD-00613/data/501161181
946.27,503.67,"{'lat': None, 'lon': None}","{'rh': 38.0, 'temp': 26.3, 'wd': 0.0, 'ws': 0.0, 'ws_scalar': 0.0}","{'gas': {'co': 13498, 'co2': 13260, 'no': 13586, 'no2': 13765, 'o3': 13745}, 'pm': {'pm1': 13200, 'pm10': 13202, 'pm25': 13201}}",3.29,10.31,27.04,3.65,7.07,3.8,501159105,38.0,MOD-00613,26.3,2025-09-25T02:48:31,2025-09-24T19:48:31,https://api.quant-aq.com/v1/devices/MOD-00613/data/501158958
947.02,499.33,"{'lat': None, 'lon': None}","{'rh': 38.1, 'temp': 26.3, 'wd': 0.0, 'ws': 0.0, 'ws_scalar': 0.0}","{'gas': {'co': 13498, 'co2': 13260, 'no': 13586, 'no2': 13765, 'o3': 13745}, 'pm': {'pm1': 13200, 'pm10': 13202, 'pm25': 13201}}",3.29,7.22,27.55,3.5,4.13,3.68,501159104,38.1,MOD-00613,26.3,2025-09-25T02:47:31,2025-09-24T19:47:31,https://api.quant-aq.com/v1/devices/MOD-00613/data/501158957
953.59,499.33,"{'lat': None, 'lon': None}","{'rh': 38.1, 'temp': 26.3, 'wd': 0.0, 'ws': 0.0, 'ws_scalar': 0.0}","{'gas': {'co': 13498, 'co2': 13260, 'no': 13586, 'no2': 13765, 'o3': 13745}, 'pm': {'pm1': 13200, 'pm10': 13202, 'pm25': 13201}}",3.29,10.25,26.74,3.45,5.32,3.59,501159106,38.1,MOD-00613,26.3,2025-09-25T02:46:31,2025-09-24T19:46:31,https://api.quant-aq.com/v1/devices/MOD-00613/data/501158960
949.48,497.04,"{'lat': None, 'lon': None}","{'rh': 38.1, 'temp': 26.3, 'wd': 0.0, 'ws': 0.0, 'ws_scalar': 0.0}","{'gas': {'co': 13498, 'co2': 13260, 'no': 13586, 'no2': 13765, 'o3': 13745}, 'pm': {'pm1': 13200, 'pm10': 13202, 'pm25': 13201}}",3.29,10.25,27.28,3.8,8.59,3.91,501159107,38.1,MOD-00613,26.3,2025-09-25T02:45:31,2025-09-24T19:45:31,https://api.quant-aq.com/v1/devices/MOD-00613/data/501158959
944.97,500.18,"{'lat': None, 'lon': None}","{'rh': 38.1, 'temp': 26.3, 'wd': 0.0, 'ws': 0.0, 'ws_scalar': 0.0}","{'gas': {'co': 13498, 'co2': 13260, 'no': 13586, 'no2': 13765, 'o3': 13745}, 'pm': {'pm1': 13200, 'pm10': 13202, 'pm25': 13201}}",3.29,10.25,27.01,3.86,4.02,3.98,501156811,38.1,MOD-00613,26.3,2025-09-25T02:44:31,2025-09-24T19:44:31,https://api.quant-aq.com/v1/devices/MOD-00613/data/501156664
940.86,499.33,"{'lat': None, 'lon': None}","{'rh': 38.1, 'temp': 26.3, 'wd': 0.0, 'ws': 0.0, 'ws_scalar': 0.0}","{'gas': {'co': 13498, 'co2': 13260, 'no': 13586, 'no2': 13765, 'o3': 13745}, 'pm': {'pm1': 13200, 'pm10': 13202, 'pm25': 13201}}",3.29,10.14,27.01,3.79,4.05,3.97,501156810,38.1,MOD-00613,26.3,2025-09-25T02:43:31,2025-09-24T19:43:31,https://api.quant-aq.com/v1/devices/MOD-00613/data/501156663
940.86,497.65,"{'lat': None, 'lon': None}","{'rh': 38.1, 'temp': 26.3, 'wd': 0.0, 'ws': 0.0, 'ws_scalar': 0.0}","{'gas': {'co': 13498, 'co2': 13260, 'no': 13586, 'no2': 13765, 'o3': 13745}, 'pm': {'pm1': 13200, 'pm10': 13202, 'pm25': 13201}}",3.29,7.22,27.55,3.39,4.33,3.53,501156812,38.1,MOD-00613,26.3,2025-09-25T02:42:31,2025-09-24T19:42:31,https://api.quant-aq.com/v1/devices/MOD-00613/data/501156666
941.68,500.06,"{'lat': None, 'lon': None}","{'rh': 38.1, 'temp': 26.3, 'wd': 0.0, 'ws': 0.0, 'ws_scalar': 0.0}","{'gas': {'co': 13498, 'co2': 13260, 'no': 13586, 'no2': 13765, 'o3': 13745}, 'pm': {'pm1': 13200, 'pm10': 13202, 'pm25': 13201}}",3.29,10.14,27.28,3.53,4.13,3.72,501156809,38.1,MOD-00613,26.3,2025-09-25T02:41:31,2025-09-24T19:41:31,https://api.quant-aq.com/v1/devices/MOD-00613/data/501156662
941.61,500.3,"{'lat': None, 'lon': None}","{'rh': 38.2, 'temp': 26.3, 'wd': 0.0, 'ws': 0.0, 'ws_scalar': 0.0}","{'gas': {'co': 13498, 'co2': 13260, 'no': 13586, 'no2': 13765, 'o3': 13745}, 'pm': {'pm1': 13200, 'pm10': 13202, 'pm25': 13201}}",3.29,7.25,27.52,3.81,4.13,4.01,501154550,38.2,MOD-00613,26.3,2025-09-25T02:40:31,2025-09-24T19:40:31,https://api.quant-aq.com/v1/devices/MOD-00613/data/501154402
938.92,503.07,"{'lat': None, 'lon': None}","{'rh': 38.1, 'temp': 26.4, 'wd': 0.0, 'ws': 0.0, 'ws_scalar': 0.0}","{'gas': {'co': 13498, 'co2': 13260, 'no': 13586, 'no2': 13765, 'o3': 13745}, 'pm': {'pm1': 13200, 'pm10': 13202, 'pm25': 13201}}",3.29,10.14,27.56,3.23,3.94,3.4,501154551,38.1,MOD-00613,26.4,2025-09-25T02:39:31,2025-09-24T19:39:31,https://api.quant-aq.com/v1/devices/MOD-00613/data/501154404
941.68,500.06,"{'lat': None, 'lon': None}","{'rh': 38.1, 'temp': 26.3, 'wd': 0.0, 'ws': 0.0, 'ws_scalar': 0.0}","{'gas': {'co': 13498, 'co2': 13260, 'no': 13586, 'no2': 13765, 'o3': 13745}, 'pm': {'pm1': 13200, 'pm10': 13202, 'pm25': 13201}}",3.29,10.14,27.28,3.93,4.76,4.22,501154549,38.1,MOD-00613,26.3,2025-09-25T02:38:31,2025-09-24T19:38:31,https://api.quant-aq.com/v1/devices/MOD-00613/data/501154403
939.29,500.78,"{'lat': None, 'lon': None}","{'rh': 38.0, 'temp': 26.3, 'wd': 0.0, 'ws': 0.0, 'ws_scalar': 0.0}","{'gas': {'co': 13498, 'co2': 13260, 'no': 13586, 'no2': 13765, 'o3': 13745}, 'pm': {'pm1': 13200, 'pm10': 13202, 'pm25': 13201}}",3.29,7.22,27.31,3.46,4.81,3.68,501154548,38.0,MOD-00613,26.3,2025-09-25T02:37:31,2025-09-24T19:37:31,https://api.quant-aq.com/v1/devices/MOD-00613/data/501154401
941.31,503.55,"{'lat': None, 'lon': None}","{'rh': 38.2, 'temp': 26.4, 'wd': 0.0, 'ws': 0.0, 'ws_scalar': 0.0}","{'gas': {'co': 13498, 'co2': 13260, 'no': 13586, 'no2': 13765, 'o3': 13745}, 'pm': {'pm1': 13200, 'pm10': 13202, 'pm25': 13201}}",3.29,7.27,27.26,3.64,4.07,3.71,501152281,38.2,MOD-00613,26.4,2025-09-25T02:36:31,2025-09-24T19:36:31,https://api.quant-aq.com/v1/devices/MOD-00613/data/501152134
935.97,497.77,"{'lat': None, 'lon': None}","{'rh': 38.2, 'temp': 26.4, 'wd': 0.0, 'ws': 0.0, 'ws_scalar': 0.0}","{'gas': {'co': 13498, 'co2': 13260, 'no': 13586, 'no2': 13765, 'o3': 13745}, 'pm': {'pm1': 13200, 'pm10': 13202, 'pm25': 13201}}",3.29,7.25,27.8,3.65,10.45,3.88,501152282,38.2,MOD-00613,26.4,2025-09-25T02:35:31,2025-09-24T19:35:31,https://api.quant-aq.com/v1/devices/MOD-00613/data/501152133
936.94,495.48,"{'lat': None, 'lon': None}","{'rh': 38.0, 'temp': 26.4, 'wd': 0.0, 'ws': 0.0, 'ws_scalar': 0.0}","{'gas': {'co': 13498, 'co2': 13260, 'no': 13586, 'no2': 13765, 'o3': 13745}, 'pm': {'pm1': 13200, 'pm10': 13202, 'pm25': 13201}}",3.23,7.25,27.86,4.12,4.61,4.37,501152280,38.0,MOD-00613,26.4,2025-09-25T02:34:31,2025-09-24T19:34:31,https://api.quant-aq.com/v1/devices/MOD-00613/data/501152135
934.55,499.21,"{'lat': None, 'lon': None}","{'rh': 37.9, 'temp': 26.4, 'wd': 0.0, 'ws': 0.0, 'ws_scalar': 0.0}","{'gas': {'co': 13498, 'co2': 13260, 'no': 13586, 'no2': 13765, 'o3': 13745}, 'pm': {'pm1': 13200, 'pm10': 13202, 'pm25': 13201}}",3.18,10.61,27.35,3.82,4.15,3.99,501152275,37.9,MOD-00613,26.4,2025-09-25T02:33:31,2025-09-24T19:33:31,https://api.quant-aq.com/v1/devices/MOD-00613/data/501152132
935.3,493.91,"{'lat': None, 'lon': None}","{'rh': 38.0, 'temp': 26.4, 'wd': 0.0, 'ws': 0.0, 'ws_scalar': 0.0}","{'gas': {'co': 13498, 'co2': 13260, 'no': 13586, 'no2': 13765, 'o3': 13745}, 'pm': {'pm1': 13200, 'pm10': 13202, 'pm25': 13201}}",3.23,10.19,27.05,3.76,5.16,3.98,501150021,38.0,MOD-00613,26.4,2025-09-25T02:32:31,2025-09-24T19:32:31,https://api.quant-aq.com/v1/devices/MOD-00613/data/501149874
938.65,495.12,"{'lat': None, 'lon': None}","{'rh': 37.9, 'temp': 26.4, 'wd': 0.0, 'ws': 0.0, 'ws_scalar': 0.0}","{'gas': {'co': 13498, 'co2': 13260, 'no': 13586, 'no2': 13765, 'o3': 13745}, 'pm': {'pm1': 13200, 'pm10': 13202, 'pm25': 13201}}",3.18,9.6,27.62,3.91,4.24,4.12,501150019,37.9,MOD-00613,26.4,2025-09-25T02:31:31,2025-09-24T19:31:31,https://api.quant-aq.com/v1/devices/MOD-00613/data/501149872
938.31,495.72,"{'lat': None, 'lon': None}","{'rh': 37.8, 'temp': 26.4, 'wd': 0.0, 'ws': 0.0, 'ws_scalar': 0.0}","{'gas': {'co': 13498, 'co2': 13260, 'no': 13586, 'no2': 13765, 'o3': 13745}, 'pm': {'pm1': 13200, 'pm10': 13202, 'pm25': 13201}}",3.12,6.27,27.92,3.74,5.73,3.95,501150020,37.8,MOD-00613,26.4,2025-09-25T02:30:31,2025-09-24T19:30:31,https://api.quant-aq.com/v1/devices/MOD-00613/data/501149873
939.54,495.24,"{'lat': None, 'lon': None}","{'rh': 37.8, 'temp': 26.4, 'wd': 0.0, 'ws': 0.0, 'ws_scalar': 0.0}","{'gas': {'co': 13498, 'co2': 13260, 'no': 13586, 'no2': 13765, 'o3': 13745}, 'pm': {'pm1': 13200, 'pm10': 13202, 'pm25': 13201}}",3.18,13.25,27.11,3.62,5.64,3.77,501150018,37.8,MOD-00613,26.4,2025-09-25T02:29:31,2025-09-24T19:29:31,https://api.quant-aq.com/v1/devices/MOD-00613/data/501149871
935.03,496.92,"{'lat': None, 'lon': None}","{'rh': 37.8, 'temp': 26.4, 'wd': 0.0, 'ws': 0.0, 'ws_scalar': 0.0}","{'gas': {'co': 13498, 'co2': 13260, 'no': 13586, 'no2': 13765, 'o3': 13745}, 'pm': {'pm1': 13200, 'pm10': 13202, 'pm25': 13201}}",3.18,6.71,27.65,3.81,4.28,3.96,501147727,37.8,MOD-00613,26.4,2025-09-25T02:28:31,2025-09-24T19:28:31,https://api.quant-aq.com/v1/devices/MOD-00613/data/501147579
935.1,497.41,"{'lat': None, 'lon': None}","{'rh': 37.7, 'temp': 26.4, 'wd': 0.0, 'ws': 0.0, 'ws_scalar': 0.0}","{'gas': {'co': 13498, 'co2': 13260, 'no': 13586, 'no2': 13765, 'o3': 13745}, 'pm': {'pm1': 13200, 'pm10': 13202, 'pm25': 13201}}",2.45,9.92,27.68,3.65,3.84,3.84,501147725,37.7,MOD-00613,26.4,2025-09-25T02:27:31,2025-09-24T19:27:31,https://api.quant-aq.com/v1/devices/MOD-00613/data/501147578
936.81,498.49,"{'lat': None, 'lon': None}","{'rh': 37.6, 'temp': 26.4, 'wd': 0.0, 'ws': 0.0, 'ws_scalar': 0.0}","{'gas': {'co': 13498, 'co2': 13260, 'no': 13586, 'no2': 13765, 'o3': 13745}, 'pm': {'pm1': 13200, 'pm10': 13202, 'pm25': 13201}}",2.45,6.24,27.44,3.83,8.84,4.08,501147726,37.6,MOD-00613,26.4,2025-09-25T02:26:31,2025-09-24T19:26:31,https://api.quant-aq.com/v1/devices/MOD-00613/data/501147580
935.58,497.17,"{'lat': None, 'lon': None}","{'rh': 37.6, 'temp': 26.4, 'wd': 0.0, 'ws': 0.0, 'ws_scalar': 0.0}","{'gas': {'co': 13498, 'co2': 13260, 'no': 13586, 'no2': 13765, 'o3': 13745}, 'pm': {'pm1': 13200, 'pm10': 13202, 'pm25': 13201}}",2.45,6.24,27.44,4.6,18.11,4.68,501147724,37.6,MOD-00613,26.4,2025-09-25T02:25:31,2025-09-24T19:25:31,https://api.quant-aq.com/v1/devices/MOD-00613/data/501147577
932.37,493.79,"{'lat': None, 'lon': None}","{'rh': 37.5, 'temp': 26.4, 'wd': 0.0, 'ws': 0.0, 'ws_scalar': 0.0}","{'gas': {'co': 13498, 'co2': 13260, 'no': 13586, 'no2': 13765, 'o3': 13745}, 'pm': {'pm1': 13200, 'pm10': 13202, 'pm25': 13201}}",2.45,12.99,27.74,5.05,7.46,5.28,501145462,37.5,MOD-00613,26.4,2025-09-25T02:24:31,2025-09-24T19:24:31,https://api.quant-aq.com/v1/devices/MOD-00613/data/501145315
930.05,495.48,"{'lat': None, 'lon': None}","{'rh': 37.3, 'temp': 26.4, 'wd': 0.0, 'ws': 0.0, 'ws_scalar': 0.0}","{'gas': {'co': 13498, 'co2': 13260, 'no': 13586, 'no2': 13765, 'o3': 13745}, 'pm': {'pm1': 13200, 'pm10': 13202, 'pm25': 13201}}",2.45,6.27,27.8,4.11,14.2,4.3,501145455,37.3,MOD-00613,26.4,2025-09-25T02:23:31,2025-09-24T19:23:31,https://api.quant-aq.com/v1/devices/MOD-00613/data/501145308
939.97,496.08,"{'lat': None, 'lon': None}","{'rh': 37.2, 'temp': 26.4, 'wd': 0.0, 'ws': 0.0, 'ws_scalar': 0.0}","{'gas': {'co': 13498, 'co2': 13260, 'no': 13586, 'no2': 13765, 'o3': 13745}, 'pm': {'pm1': 13200, 'pm10': 13202, 'pm25': 13201}}",2.46,6.2,27.3,4.63,5.1,4.9,501145457,37.2,MOD-00613,26.4,2025-09-25T02:22:31,2025-09-24T19:22:31,https://api.quant-aq.com/v1/devices/MOD-00613/data/501145312
935.72,496.56,"{'lat': None, 'lon': None}","{'rh': 37.4, 'temp': 26.4, 'wd': 0.0, 'ws': 0.0, 'ws_scalar': 0.0}","{'gas': {'co': 13498, 'co2': 13260, 'no': 13586, 'no2': 13765, 'o3': 13745}, 'pm': {'pm1': 13200, 'pm10': 13202, 'pm25': 13201}}",2.45,6.3,27.77,4.39,5.54,4.68,501145459,37.4,MOD-00613,26.4,2025-09-25T02:21:31,2025-09-24T19:21:31,https://api.quant-aq.com/v1/devices/MOD-00613/data/501145310
939.83,498.73,"{'lat': None, 'lon': None}","{'rh': 37.4, 'temp': 26.4, 'wd': 0.0, 'ws': 0.0, 'ws_scalar': 0.0}","{'gas': {'co': 13498, 'co2': 13260, 'no': 13586, 'no2': 13765, 'o3': 13745}, 'pm': {'pm1': 13200, 'pm10': 13202, 'pm25': 13201}}",2.46,8.8,27.24,3.55,3.9,3.83,501143207,37.4,MOD-00613,26.4,2025-09-25T02:20:31,2025-09-24T19:20:31,https://api.quant-aq.com/v1/devices/MOD-00613/data/501143058
940.58,501.26,"{'lat': None, 'lon': None}","{'rh': 37.5, 'temp': 26.4, 'wd': 0.0, 'ws': 0.0, 'ws_scalar': 0.0}","{'gas': {'co': 13498, 'co2': 13260, 'no': 13586, 'no2': 13765, 'o3': 13745}, 'pm': {'pm1': 13200, 'pm10': 13202, 'pm25': 13201}}",2.46,6.23,27.47,3.69,4.74,3.8,501143206,37.5,MOD-00613,26.4,2025-09-25T02:19:31,2025-09-24T19:19:31,https://api.quant-aq.com/v1/devices/MOD-00613/data/501143059
936.99,504.51,"{'lat': None, 'lon': None}","{'rh': 37.5, 'temp': 26.5, 'wd': 0.0, 'ws': 0.0, 'ws_scalar': 0.0}","{'gas': {'co': 13498, 'co2': 13260, 'no': 13586, 'no2': 13765, 'o3': 13745}, 'pm': {'pm1': 13200, 'pm10': 13202, 'pm25': 13201}}",2.45,6.29,26.95,2.86,4.01,3.05,501143204,37.5,MOD-00613,26.5,2025-09-25T02:18:31,2025-09-24T19:18:31,https://api.quant-aq.com/v1/devices/MOD-00613/data/501143057
934.87,509.09,"{'lat': None, 'lon': None}","{'rh': 37.6, 'temp': 26.5, 'wd': 0.0, 'ws': 0.0, 'ws_scalar': 0.0}","{'gas': {'co': 13498, 'co2': 13260, 'no': 13586, 'no2': 13765, 'o3': 13745}, 'pm': {'pm1': 13200, 'pm10': 13202, 'pm25': 13201}}",2.45,6.35,28.0,2.65,3.48,2.8,501143205,37.6,MOD-00613,26.5,2025-09-25T02:17:31,2025-09-24T19:17:31,https://api.quant-aq.com/v1/devices/MOD-00613/data/501143060
940.61,509.93,"{'lat': None, 'lon': None}","{'rh': 37.6, 'temp': 26.5, 'wd': 0.0, 'ws': 0.0, 'ws_scalar': 0.0}","{'gas': {'co': 13498, 'co2': 13260, 'no': 13586, 'no2': 13765, 'o3': 13745}, 'pm': {'pm1': 13200, 'pm10': 13202, 'pm25': 13201}}",2.45,6.26,28.0,2.55,6.72,2.75,501140928,37.6,MOD-00613,26.5,2025-09-25T02:16:31,2025-09-24T19:16:31,https://api.quant-aq.com/v1/devices/MOD-00613/data/501140785
935.01,504.63,"{'lat': None, 'lon': None}","{'rh': 37.4, 'temp': 26.5, 'wd': 0.0, 'ws': 0.0, 'ws_scalar': 0.0}","{'gas': {'co': 13498, 'co2': 13260, 'no': 13586, 'no2': 13765, 'o3': 13745}, 'pm': {'pm1': 13200, 'pm10': 13202, 'pm25': 13201}}",2.45,6.32,27.52,2.34,2.54,2.49,501140931,37.4,MOD-00613,26.5,2025-09-25T02:15:31,2025-09-24T19:15:31,https://api.quant-aq.com/v1/devices/MOD-00613/data/501140787
939.45,504.27,"{'lat': None, 'lon': None}","{'rh': 37.5, 'temp': 26.5, 'wd': 0.0, 'ws': 0.0, 'ws_scalar': 0.0}","{'gas': {'co': 13498, 'co2': 13260, 'no': 13586, 'no2': 13765, 'o3': 13745}, 'pm': {'pm1': 13200, 'pm10': 13202, 'pm25': 13201}}",2.45,6.33,27.76,2.67,5.18,3.06,501140934,37.5,MOD-00613,26.5,2025-09-25T02:14:31,2025-09-24T19:14:31,https://api.quant-aq.com/v1/devices/MOD-00613/data/501140789
940.42,502.59,"{'lat': None, 'lon': None}","{'rh': 37.3, 'temp': 26.5, 'wd': 0.0, 'ws': 0.0, 'ws_scalar': 0.0}","{'gas': {'co': 13498, 'co2': 13260, 'no': 13586, 'no2': 13765, 'o3': 13745}, 'pm': {'pm1': 13200, 'pm10': 13202, 'pm25': 13201}}",2.45,6.35,27.82,2.21,8.79,2.43,501140925,37.3,MOD-00613,26.5,2025-09-25T02:13:31,2025-09-24T19:13:31,https://api.quant-aq.com/v1/devices/MOD-00613/data/501140781
939.67,502.46,"{'lat': None, 'lon': None}","{'rh': 37.2, 'temp': 26.5, 'wd': 0.0, 'ws': 0.0, 'ws_scalar': 0.0}","{'gas': {'co': 13498, 'co2': 13260, 'no': 13586, 'no2': 13765, 'o3': 13745}, 'pm': {'pm1': 13200, 'pm10': 13202, 'pm25': 13201}}",2.46,6.3,27.58,2.23,2.46,2.42,501138652,37.2,MOD-00613,26.5,2025-09-25T02:12:31,2025-09-24T19:12:31,https://api.quant-aq.com/v1/devices/MOD-00613/data/501138505
944.93,506.92,"{'lat': None, 'lon': None}","{'rh': 37.3, 'temp': 26.5, 'wd': 0.0, 'ws': 0.0, 'ws_scalar': 0.0}","{'gas': {'co': 13498, 'co2': 13260, 'no': 13586, 'no2': 13765, 'o3': 13745}, 'pm': {'pm1': 13200, 'pm10': 13202, 'pm25': 13201}}",2.46,6.37,27.01,2.47,4.21,2.68,501138651,37.3,MOD-00613,26.5,2025-09-25T02:11:31,2025-09-24T19:11:31,https://api.quant-aq.com/v1/devices/MOD-00613/data/501138504
942.81,505.24,"{'lat': None, 'lon': None}","{'rh': 37.4, 'temp': 26.5, 'wd': 0.0, 'ws': 0.0, 'ws_scalar': 0.0}","{'gas': {'co': 13498, 'co2': 13260, 'no': 13586, 'no2': 13765, 'o3': 13745}, 'pm': {'pm1': 13200, 'pm10': 13202, 'pm25': 13201}}",2.46,6.36,27.52,2.27,3.18,2.52,501138650,37.4,MOD-00613,26.5,2025-09-25T02:10:31,2025-09-24T19:10:31,https://api.quant-aq.com/v1/devices/MOD-00613/data/501138503
945.95,509.69,"{'lat': None, 'lon': None}","{'rh': 37.6, 'temp': 26.5, 'wd': 0.0, 'ws': 0.0, 'ws_scalar': 0.0}","{'gas': {'co': 13498, 'co2': 13260, 'no': 13586, 'no2': 13765, 'o3': 13745}, 'pm': {'pm1': 13200, 'pm10': 13202, 'pm25': 13201}}",2.45,6.35,27.19,2.74,6.85,2.93,501138649,37.6,MOD-00613,26.5,2025-09-25T02:09:31,2025-09-24T19:09:31,https://api.quant-aq.com/v1/devices/MOD-00613/data/501138502
946.29,508.01,"{'lat': None, 'lon': None}","{'rh': 37.7, 'temp': 26.5, 'wd': 0.0, 'ws': 0.0, 'ws_scalar': 0.0}","{'gas': {'co': 13498, 'co2': 13260, 'no': 13586, 'no2': 13765, 'o3': 13745}, 'pm': {'pm1': 13200, 'pm10': 13202, 'pm25': 13201}}",2.51,6.31,27.97,2.68,9.08,3.03,501136366,37.7,MOD-00613,26.5,2025-09-25T02:08:31,2025-09-24T19:08:31,https://api.quant-aq.com/v1/devices/MOD-00613/data/501136219
942.67,512.82,"{'lat': None, 'lon': None}","{'rh': 37.6, 'temp': 26.5, 'wd': 0.0, 'ws': 0.0, 'ws_scalar': 0.0}","{'gas': {'co': 13498, 'co2': 13260, 'no': 13586, 'no2': 13765, 'o3': 13745}, 'pm': {'pm1': 13200, 'pm10': 13202, 'pm25': 13201}}",2.45,6.3,27.73,2.72,10.49,3.02,501136365,37.6,MOD-00613,26.5,2025-09-25T02:07:31,2025-09-24T19:07:31,https://api.quant-aq.com/v1/devices/MOD-00613/data/501136218
945.95,511.5,"{'lat': None, 'lon': None}","{'rh': 37.6, 'temp': 26.5, 'wd': 0.0, 'ws': 0.0, 'ws_scalar': 0.0}","{'gas': {'co': 13498, 'co2': 13260, 'no': 13586, 'no2': 13765, 'o3': 13745}, 'pm': {'pm1': 13200, 'pm10': 13202, 'pm25': 13201}}",2.45,6.35,28.0,2.23,14.95,2.56,501136363,37.6,MOD-00613,26.5,2025-09-25T02:06:31,2025-09-24T19:06:31,https://api.quant-aq.com/v1/devices/MOD-00613/data/501136216
952.04,510.41,"{'lat': None, 'lon': None}","{'rh': 37.7, 'temp': 26.5, 'wd': 0.0, 'ws': 0.0, 'ws_scalar': 0.0}","{'gas': {'co': 13498, 'co2': 13260, 'no': 13586, 'no2': 13765, 'o3': 13745}, 'pm': {'pm1': 13200, 'pm10': 13202, 'pm25': 13201}}",2.51,6.35,27.43,2.04,2.5,2.37,501136364,37.7,MOD-00613,26.5,2025-09-25T02:05:31,2025-09-24T19:05:31,https://api.quant-aq.com/v1/devices/MOD-00613/data/501136217
947.04,511.5,"{'lat': None, 'lon': None}","{'rh': 37.8, 'temp': 26.5, 'wd': 0.0, 'ws': 0.0, 'ws_scalar': 0.0}","{'gas': {'co': 13498, 'co2': 13260, 'no': 13586, 'no2': 13765, 'o3': 13745}, 'pm': {'pm1': 13200, 'pm10': 13202, 'pm25': 13201}}",3.18,6.74,27.94,2.21,21.53,2.42,501134104,37.8,MOD-00613,26.5,2025-09-25T02:04:31,2025-09-24T19:04:31,https://api.quant-aq.com/v1/devices/MOD-00613/data/501133957
956.89,515.95,"{'lat': None, 'lon': None}","{'rh': 37.8, 'temp': 26.5, 'wd': 0.0, 'ws': 0.0, 'ws_scalar': 0.0}","{'gas': {'co': 13498, 'co2': 13260, 'no': 13586, 'no2': 13765, 'o3': 13745}, 'pm': {'pm1': 13200, 'pm10': 13202, 'pm25': 13201}}",3.18,6.35,27.67,2.23,5.04,2.63,501134098,37.8,MOD-00613,26.5,2025-09-25T02:03:31,2025-09-24T19:03:31,https://api.quant-aq.com/v1/devices/MOD-00613/data/501133951
945.33,522.46,"{'lat': None, 'lon': None}","{'rh': 37.9, 'temp': 26.5, 'wd': 0.0, 'ws': 0.0, 'ws_scalar': 0.0}","{'gas': {'co': 13498, 'co2': 13260, 'no': 13586, 'no2': 13765, 'o3': 13745}, 'pm': {'pm1': 13200, 'pm10': 13202, 'pm25': 13201}}",3.18,6.29,27.64,2.46,32.0,2.84,501134100,37.9,MOD-00613,26.5,2025-09-25T02:02:31,2025-09-24T19:02:31,https://api.quant-aq.com/v1/devices/MOD-00613/data/501133953
953.95,517.76,"{'lat': None, 'lon': None}","{'rh': 37.9, 'temp': 26.5, 'wd': 0.0, 'ws': 0.0, 'ws_scalar': 0.0}","{'gas': {'co': 13498, 'co2': 13260, 'no': 13586, 'no2': 13765, 'o3': 13745}, 'pm': {'pm1': 13200, 'pm10': 13202, 'pm25': 13201}}",3.18,6.29,27.91,2.05,23.68,2.47,501134102,37.9,MOD-00613,26.5,2025-09-25T02:01:31,2025-09-24T19:01:31,https://api.quant-aq.com/v1/devices/MOD-00613/data/501133956
961.0,524.02,"{'lat': None, 'lon': None}","{'rh': 37.8, 'temp': 26.5, 'wd': 0.0, 'ws': 0.0, 'ws_scalar': 0.0}","{'gas': {'co': 13498, 'co2': 13260, 'no': 13586, 'no2': 13765, 'o3': 13745}, 'pm': {'pm1': 13200, 'pm10': 13202, 'pm25': 13201}}",3.18,6.31,27.67,1.95,5.56,2.34,501131856,37.8,MOD-00613,26.5,2025-09-25T02:00:31,2025-09-24T19:00:31,https://api.quant-aq.com/v1/devices/MOD-00613/data/501131709
949.43,532.82,"{'lat': None, 'lon': None}","{'rh': 37.9, 'temp': 26.5, 'wd': 0.0, 'ws': 0.0, 'ws_scalar': 0.0}","{'gas': {'co': 13498, 'co2': 13260, 'no': 13586, 'no2': 13765, 'o3': 13745}, 'pm': {'pm1': 13200, 'pm10': 13202, 'pm25': 13201}}",3.18,6.88,27.37,1.63,33.16,2.31,501131854,37.9,MOD-00613,26.5,2025-09-25T01:59:31,2025-09-24T18:59:31,https://api.quant-aq.com/v1/devices/MOD-00613/data/501131707
955.5,517.4,"{'lat': None, 'lon': None}","{'rh': 37.6, 'temp': 26.6, 'wd': 0.0, 'ws': 0.0, 'ws_scalar': 0.0}","{'gas': {'co': 13498, 'co2': 13260, 'no': 13586, 'no2': 13765, 'o3': 13745}, 'pm': {'pm1': 13200, 'pm10': 13202, 'pm25': 13201}}",2.45,6.37,28.01,2.06,21.6,2.39,501131850,37.6,MOD-00613,26.6,2025-09-25T01:58:31,2025-09-24T18:58:31,https://api.quant-aq.com/v1/devices/MOD-00613/data/501131704
956.39,517.28,"{'lat': None, 'lon': None}","{'rh': 37.5, 'temp': 26.6, 'wd': 0.0, 'ws': 0.0, 'ws_scalar': 0.0}","{'gas': {'co': 13498, 'co2': 13260, 'no': 13586, 'no2': 13765, 'o3': 13745}, 'pm': {'pm1': 13200, 'pm10': 13202, 'pm25': 13201}}",2.45,6.47,27.5,2.07,2.51,2.22,501131851,37.5,MOD-00613,26.6,2025-09-25T01:57:31,2025-09-24T18:57:31,https://api.quant-aq.com/v1/devices/MOD-00613/data/501131706
954.95,523.06,"{'lat': None, 'lon': None}","{'rh': 37.8, 'temp': 26.6, 'wd': 0.0, 'ws': 0.0, 'ws_scalar': 0.0}","{'gas': {'co': 13498, 'co2': 13260, 'no': 13586, 'no2': 13765, 'o3': 13745}, 'pm': {'pm1': 13200, 'pm10': 13202, 'pm25': 13201}}",3.18,6.37,27.41,1.78,13.08,2.12,501129567,37.8,MOD-00613,26.6,2025-09-25T01:56:31,2025-09-24T18:56:31,https://api.quant-aq.com/v1/devices/MOD-00613/data/501129421
958.64,528.0,"{'lat': None, 'lon': None}","{'rh': 37.8, 'temp': 26.6, 'wd': 0.0, 'ws': 0.0, 'ws_scalar': 0.0}","{'gas': {'co': 13498, 'co2': 13260, 'no': 13586, 'no2': 13765, 'o3': 13745}, 'pm': {'pm1': 13200, 'pm10': 13202, 'pm25': 13201}}",2.51,6.37,28.22,1.8,3.16,2.07,501129569,37.8,MOD-00613,26.6,2025-09-25T01:55:31,2025-09-24T18:55:31,https://api.quant-aq.com/v1/devices/MOD-00613/data/501129423
966.1,516.56,"{'lat': None, 'lon': None}","{'rh': 37.7, 'temp': 26.6, 'wd': 0.0, 'ws': 0.0, 'ws_scalar': 0.0}","{'gas': {'co': 13498, 'co2': 13260, 'no': 13586, 'no2': 13765, 'o3': 13745}, 'pm': {'pm1': 13200, 'pm10': 13202, 'pm25': 13201}}",2.51,6.37,27.44,1.85,5.0,2.04,501129564,37.7,MOD-00613,26.6,2025-09-25T01:54:31,2025-09-24T18:54:31,https://api.quant-aq.com/v1/devices/MOD-00613/data/501129413
966.44,519.69,"{'lat': None, 'lon': None}","{'rh': 37.8, 'temp': 26.6, 'wd': 0.0, 'ws': 0.0, 'ws_scalar': 0.0}","{'gas': {'co': 13498, 'co2': 13260, 'no': 13586, 'no2': 13765, 'o3': 13745}, 'pm': {'pm1': 13200, 'pm10': 13202, 'pm25': 13201}}",3.18,6.37,27.41,2.23,2.77,2.44,501129561,37.8,MOD-00613,26.6,2025-09-25T01:53:31,2025-09-24T18:53:31,https://api.quant-aq.com/v1/devices/MOD-00613/data/501129412
965.96,528.24,"{'lat': None, 'lon': None}","{'rh': 37.9, 'temp': 26.6, 'wd': 0.0, 'ws': 0.0, 'ws_scalar': 0.0}","{'gas': {'co': 13498, 'co2': 13260, 'no': 13586, 'no2': 13765, 'o3': 13745}, 'pm': {'pm1': 13200, 'pm10': 13202, 'pm25': 13201}}",3.18,6.34,27.38,2.11,2.68,2.3,501127260,37.9,MOD-00613,26.6,2025-09-25T01:52:31,2025-09-24T18:52:31,https://api.quant-aq.com/v1/devices/MOD-00613/data/501127112
974.1,530.65,"{'lat': None, 'lon': None}","{'rh': 38.0, 'temp': 26.6, 'wd': 0.0, 'ws': 0.0, 'ws_scalar': 0.0}","{'gas': {'co': 13498, 'co2': 13260, 'no': 13586, 'no2': 13765, 'o3': 13745}, 'pm': {'pm1': 13200, 'pm10': 13202, 'pm25': 13201}}",3.23,7.27,27.62,1.97,12.37,2.08,501127258,38.0,MOD-00613,26.6,2025-09-25T01:51:31,2025-09-24T18:51:31,https://api.quant-aq.com/v1/devices/MOD-00613/data/501127111
969.58,529.2,"{'lat': None, 'lon': None}","{'rh': 38.0, 'temp': 26.6, 'wd': 0.0, 'ws': 0.0, 'ws_scalar': 0.0}","{'gas': {'co': 13498, 'co2': 13260, 'no': 13586, 'no2': 13765, 'o3': 13745}, 'pm': {'pm1': 13200, 'pm10': 13202, 'pm25': 13201}}",3.18,6.63,28.43,1.92,5.52,2.15,501127257,38.0,MOD-00613,26.6,2025-09-25T01:50:31,2025-09-24T18:50:31,https://api.quant-aq.com/v1/devices/MOD-00613/data/501127110
972.53,528.12,"{'lat': None, 'lon': None}","{'rh': 37.9, 'temp': 26.6, 'wd': 0.0, 'ws': 0.0, 'ws_scalar': 0.0}","{'gas': {'co': 13498, 'co2': 13260, 'no': 13586, 'no2': 13765, 'o3': 13745}, 'pm': {'pm1': 13200, 'pm10': 13202, 'pm25': 13201}}",3.18,6.38,28.19,2.05,2.77,2.31,501127259,37.9,MOD-00613,26.6,2025-09-25T01:49:31,2025-09-24T18:49:31,https://api.quant-aq.com/v1/devices/MOD-00613/data/501127113
975.4,535.95,"{'lat': None, 'lon': None}","{'rh': 37.9, 'temp': 26.6, 'wd': 0.0, 'ws': 0.0, 'ws_scalar': 0.0}","{'gas': {'co': 13498, 'co2': 13260, 'no': 13586, 'no2': 13765, 'o3': 13745}, 'pm': {'pm1': 13200, 'pm10': 13202, 'pm25': 13201}}",3.18,6.76,27.38,1.63,2.72,1.84,501125024,37.9,MOD-00613,26.6,2025-09-25T01:48:31,2025-09-24T18:48:31,https://api.quant-aq.com/v1/devices/MOD-00613/data/501124878
984.5,530.89,"{'lat': None, 'lon': None}","{'rh': 37.8, 'temp': 26.6, 'wd': 0.0, 'ws': 0.0, 'ws_scalar': 0.0}","{'gas': {'co': 13498, 'co2': 13260, 'no': 13586, 'no2': 13765, 'o3': 13745}, 'pm': {'pm1': 13200, 'pm10': 13202, 'pm25': 13201}}",2.51,6.32,27.95,2.39,12.72,2.73,501125020,37.8,MOD-00613,26.6,2025-09-25T01:47:31,2025-09-24T18:47:31,https://api.quant-aq.com/v1/devices/MOD-00613/data/501124876
976.78,531.37,"{'lat': None, 'lon': None}","{'rh': 37.7, 'temp': 26.6, 'wd': 0.0, 'ws': 0.0, 'ws_scalar': 0.0}","{'gas': {'co': 13498, 'co2': 13260, 'no': 13586, 'no2': 13765, 'o3': 13745}, 'pm': {'pm1': 13200, 'pm10': 13202, 'pm25': 13201}}",2.51,6.37,27.71,1.93,5.33,2.25,501125018,37.7,MOD-00613,26.6,2025-09-25T01:46:31,2025-09-24T18:46:31,https://api.quant-aq.com/v1/devices/MOD-00613/data/501124873
980.13,525.23,"{'lat': None, 'lon': None}","{'rh': 37.6, 'temp': 26.6, 'wd': 0.0, 'ws': 0.0, 'ws_scalar': 0.0}","{'gas': {'co': 13498, 'co2': 13260, 'no': 13586, 'no2': 13765, 'o3': 13745}, 'pm': {'pm1': 13200, 'pm10': 13202, 'pm25': 13201}}",2.45,6.37,27.47,1.51,16.72,1.77,501125023,37.6,MOD-00613,26.6,2025-09-25T01:45:31,2025-09-24T18:45:31,https://api.quant-aq.com/v1/devices/MOD-00613/data/501124877
985.88,529.2,"{'lat': None, 'lon': None}","{'rh': 37.6, 'temp': 26.6, 'wd': 0.0, 'ws': 0.0, 'ws_scalar': 0.0}","{'gas': {'co': 13498, 'co2': 13260, 'no': 13586, 'no2': 13765, 'o3': 13745}, 'pm': {'pm1': 13200, 'pm10': 13202, 'pm25': 13201}}",2.52,6.43,27.47,1.78,8.09,2.05,501122773,37.6,MOD-00613,26.6,2025-09-25T01:44:31,2025-09-24T18:44:31,https://api.quant-aq.com/v1/devices/MOD-00613/data/501122627
977.6,531.01,"{'lat': None, 'lon': None}","{'rh': 37.7, 'temp': 26.6, 'wd': 0.0, 'ws': 0.0, 'ws_scalar': 0.0}","{'gas': {'co': 13498, 'co2': 13260, 'no': 13586, 'no2': 13765, 'o3': 13745}, 'pm': {'pm1': 13200, 'pm10': 13202, 'pm25': 13201}}",2.51,6.31,27.17,2.47,6.29,2.71,501122770,37.7,MOD-00613,26.6,2025-09-25T01:43:31,2025-09-24T18:43:31,https://api.quant-aq.com/v1/devices/MOD-00613/data/501122624
987.86,530.41,"{'lat': None, 'lon': None}","{'rh': 37.7, 'temp': 26.6, 'wd': 0.0, 'ws': 0.0, 'ws_scalar': 0.0}","{'gas': {'co': 13498, 'co2': 13260, 'no': 13586, 'no2': 13765, 'o3': 13745}, 'pm': {'pm1': 13200, 'pm10': 13202, 'pm25': 13201}}",2.51,6.43,27.98,2.13,16.02,2.35,501122771,37.7,MOD-00613,26.6,2025-09-25T01:42:31,2025-09-24T18:42:31,https://api.quant-aq.com/v1/devices/MOD-00613/data/501122623
986.15,529.44,"{'lat': None, 'lon': None}","{'rh': 37.8, 'temp': 26.6, 'wd': 0.0, 'ws': 0.0, 'ws_scalar': 0.0}","{'gas': {'co': 13498, 'co2': 13260, 'no': 13586, 'no2': 13765, 'o3': 13745}, 'pm': {'pm1': 13200, 'pm10': 13202, 'pm25': 13201}}",3.18,6.37,27.95,1.64,1.91,1.87,501122772,37.8,MOD-00613,26.6,2025-09-25T01:41:31,2025-09-24T18:41:31,https://api.quant-aq.com/v1/devices/MOD-00613/data/501122625
981.22,529.81,"{'lat': None, 'lon': None}","{'rh': 37.8, 'temp': 26.6, 'wd': 0.0, 'ws': 0.0, 'ws_scalar': 0.0}","{'gas': {'co': 13498, 'co2': 13260, 'no': 13586, 'no2': 13765, 'o3': 13745}, 'pm': {'pm1': 13200, 'pm10': 13202, 'pm25': 13201}}",2.51,6.32,27.41,1.77,1.99,1.95,501120485,37.8,MOD-00613,26.6,2025-09-25T01:40:31,2025-09-24T18:40:31,https://api.quant-aq.com/v1/devices/MOD-00613/data/501120338
978.11,529.32,"{'lat': None, 'lon': None}","{'rh': 37.7, 'temp': 26.7, 'wd': 0.0, 'ws': 0.0, 'ws_scalar': 0.0}","{'gas': {'co': 13498, 'co2': 13260, 'no': 13586, 'no2': 13765, 'o3': 13745}, 'pm': {'pm1': 13200, 'pm10': 13202, 'pm25': 13201}}",2.51,6.42,27.46,1.82,7.36,2.01,501120488,37.7,MOD-00613,26.7,2025-09-25T01:39:31,2025-09-24T18:39:31,https://api.quant-aq.com/v1/devices/MOD-00613/data/501120341
978.38,533.06,"{'lat': None, 'lon': None}","{'rh': 37.9, 'temp': 26.7, 'wd': 0.0, 'ws': 0.0, 'ws_scalar': 0.0}","{'gas': {'co': 13498, 'co2': 13260, 'no': 13586, 'no2': 13765, 'o3': 13745}, 'pm': {'pm1': 13200, 'pm10': 13202, 'pm25': 13201}}",3.18,6.44,27.4,1.81,2.29,1.95,501120486,37.9,MOD-00613,26.7,2025-09-25T01:38:31,2025-09-24T18:38:31,https://api.quant-aq.com/v1/devices/MOD-00613/data/501120340
979.2,534.5,"{'lat': None, 'lon': None}","{'rh': 37.9, 'temp': 26.7, 'wd': 0.0, 'ws': 0.0, 'ws_scalar': 0.0}","{'gas': {'co': 13498, 'co2': 13260, 'no': 13586, 'no2': 13765, 'o3': 13745}, 'pm': {'pm1': 13200, 'pm10': 13202, 'pm25': 13201}}",3.18,6.34,27.67,2.09,19.68,2.3,501120487,37.9,MOD-00613,26.7,2025-09-25T01:37:31,2025-09-24T18:37:31,https://api.quant-aq.com/v1/devices/MOD-00613/data/501120339
972.37,537.88,"{'lat': None, 'lon': None}","{'rh': 37.7, 'temp': 26.7, 'wd': 0.0, 'ws': 0.0, 'ws_scalar': 0.0}","{'gas': {'co': 13498, 'co2': 13260, 'no': 13586, 'no2': 13765, 'o3': 13745}, 'pm': {'pm1': 13200, 'pm10': 13202, 'pm25': 13201}}",2.51,6.42,28.0,1.76,2.6,1.96,501118233,37.7,MOD-00613,26.7,2025-09-25T01:36:31,2025-09-24T18:36:31,https://api.quant-aq.com/v1/devices/MOD-00613/data/501118086
963.89,532.09,"{'lat': None, 'lon': None}","{'rh': 37.5, 'temp': 26.7, 'wd': 0.0, 'ws': 0.0, 'ws_scalar': 0.0}","{'gas': {'co': 13498, 'co2': 13260, 'no': 13586, 'no2': 13765, 'o3': 13745}, 'pm': {'pm1': 13200, 'pm10': 13202, 'pm25': 13201}}",2.45,6.55,28.06,1.78,8.84,1.97,501118236,37.5,MOD-00613,26.7,2025-09-25T01:35:31,2025-09-24T18:35:31,https://api.quant-aq.com/v1/devices/MOD-00613/data/501118089
961.5,532.82,"{'lat': None, 'lon': None}","{'rh': 37.4, 'temp': 26.7, 'wd': 0.0, 'ws': 0.0, 'ws_scalar': 0.0}","{'gas': {'co': 13498, 'co2': 13260, 'no': 13586, 'no2': 13765, 'o3': 13745}, 'pm': {'pm1': 13200, 'pm10': 13202, 'pm25': 13201}}",2.45,6.51,27.82,2.11,7.16,2.36,501118235,37.4,MOD-00613,26.7,2025-09-25T01:34:31,2025-09-24T18:34:31,https://api.quant-aq.com/v1/devices/MOD-00613/data/501118088
959.44,536.79,"{'lat': None, 'lon': None}","{'rh': 37.4, 'temp': 26.7, 'wd': 0.0, 'ws': 0.0, 'ws_scalar': 0.0}","{'gas': {'co': 13498, 'co2': 13260, 'no': 13586, 'no2': 13765, 'o3': 13745}, 'pm': {'pm1': 13200, 'pm10': 13202, 'pm25': 13201}}",2.45,6.68,27.01,2.23,11.68,2.51,501118234,37.4,MOD-00613,26.7,2025-09-25T01:33:31,2025-09-24T18:33:31,https://api.quant-aq.com/v1/devices/MOD-00613/data/501118087
946.99,539.32,"{'lat': None, 'lon': None}","{'rh': 37.6, 'temp': 26.7, 'wd': 0.0, 'ws': 0.0, 'ws_scalar': 0.0}","{'gas': {'co': 13498, 'co2': 13260, 'no': 13586, 'no2': 13765, 'o3': 13745}, 'pm': {'pm1': 13200, 'pm10': 13202, 'pm25': 13201}}",2.51,6.51,27.76,1.77,8.68,2.07,501115940,37.6,MOD-00613,26.7,2025-09-25T01:32:31,2025-09-24T18:32:31,https://api.quant-aq.com/v1/devices/MOD-00613/data/501115792
931.87,529.2,"{'lat': None, 'lon': None}","{'rh': 37.5, 'temp': 26.7, 'wd': 0.0, 'ws': 0.0, 'ws_scalar': 0.0}","{'gas': {'co': 13498, 'co2': 13260, 'no': 13586, 'no2': 13765, 'o3': 13745}, 'pm': {'pm1': 13200, 'pm10': 13202, 'pm25': 13201}}",2.45,6.46,27.52,2.29,10.64,2.57,501115932,37.5,MOD-00613,26.7,2025-09-25T01:31:31,2025-09-24T18:31:31,https://api.quant-aq.com/v1/devices/MOD-00613/data/501115786
927.01,530.29,"{'lat': None, 'lon': None}","{'rh': 37.4, 'temp': 26.7, 'wd': 0.0, 'ws': 0.0, 'ws_scalar': 0.0}","{'gas': {'co': 13498, 'co2': 13260, 'no': 13586, 'no2': 13765, 'o3': 13745}, 'pm': {'pm1': 13200, 'pm10': 13202, 'pm25': 13201}}",2.45,6.59,27.28,2.01,8.25,2.2,501115938,37.4,MOD-00613,26.7,2025-09-25T01:30:31,2025-09-24T18:30:31,https://api.quant-aq.com/v1/devices/MOD-00613/data/501115793
920.79,535.83,"{'lat': None, 'lon': None}","{'rh': 37.5, 'temp': 26.7, 'wd': 0.0, 'ws': 0.0, 'ws_scalar': 0.0}","{'gas': {'co': 13498, 'co2': 13260, 'no': 13586, 'no2': 13765, 'o3': 13745}, 'pm': {'pm1': 13200, 'pm10': 13202, 'pm25': 13201}}",2.51,6.46,27.79,1.7,2.25,1.88,501115935,37.5,MOD-00613,26.7,2025-09-25T01:29:31,2025-09-24T18:29:31,https://api.quant-aq.com/v1/devices/MOD-00613/data/501115788
926.12,533.54,"{'lat': None, 'lon': None}","{'rh': 37.5, 'temp': 26.7, 'wd': 0.0, 'ws': 0.0, 'ws_scalar': 0.0}","{'gas': {'co': 13498, 'co2': 13260, 'no': 13586, 'no2': 13765, 'o3': 13745}, 'pm': {'pm1': 13200, 'pm10': 13202, 'pm25': 13201}}",2.51,6.46,27.25,1.66,7.45,1.85,501113645,37.5,MOD-00613,26.7,2025-09-25T01:28:31,2025-09-24T18:28:31,https://api.quant-aq.com/v1/devices/MOD-00613/data/501113497
922.21,535.35,"{'lat': None, 'lon': None}","{'rh': 37.8, 'temp': 26.7, 'wd': 0.0, 'ws': 0.0, 'ws_scalar': 0.0}","{'gas': {'co': 13498, 'co2': 13260, 'no': 13586, 'no2': 13765, 'o3': 13745}, 'pm': {'pm1': 13200, 'pm10': 13202, 'pm25': 13201}}",2.51,6.77,27.7,1.77,4.12,2.02,501113643,37.8,MOD-00613,26.7,2025-09-25T01:27:31,2025-09-24T18:27:31,https://api.quant-aq.com/v1/devices/MOD-00613/data/501113495
922.21,537.39,"{'lat': None, 'lon': None}","{'rh': 37.8, 'temp': 26.7, 'wd': 0.0, 'ws': 0.0, 'ws_scalar': 0.0}","{'gas': {'co': 13498, 'co2': 13260, 'no': 13586, 'no2': 13765, 'o3': 13745}, 'pm': {'pm1': 13200, 'pm10': 13202, 'pm25': 13201}}",3.18,6.48,27.7,1.83,3.21,2.23,501113646,37.8,MOD-00613,26.7,2025-09-25T01:26:31,2025-09-24T18:26:31,https://api.quant-aq.com/v1/devices/MOD-00613/data/501113499
925.09,543.66,"{'lat': None, 'lon': None}","{'rh': 37.8, 'temp': 26.7, 'wd': 0.0, 'ws': 0.0, 'ws_scalar': 0.0}","{'gas': {'co': 13498, 'co2': 13260, 'no': 13586, 'no2': 13765, 'o3': 13745}, 'pm': {'pm1': 13200, 'pm10': 13202, 'pm25': 13201}}",2.51,6.48,27.96,2.18,2.85,2.48,501113644,37.8,MOD-00613,26.7,2025-09-25T01:25:31,2025-09-24T18:25:31,https://api.quant-aq.com/v1/devices/MOD-00613/data/501113498
924.34,547.51,"{'lat': None, 'lon': None}","{'rh': 37.7, 'temp': 26.7, 'wd': 0.0, 'ws': 0.0, 'ws_scalar': 0.0}","{'gas': {'co': 13498, 'co2': 13260, 'no': 13586, 'no2': 13765, 'o3': 13745}, 'pm': {'pm1': 13200, 'pm10': 13202, 'pm25': 13201}}",2.51,6.42,27.46,1.93,3.79,2.22,501111417,37.7,MOD-00613,26.7,2025-09-25T01:24:31,2025-09-24T18:24:31,https://api.quant-aq.com/v1/devices/MOD-00613/data/501111270
925.71,540.41,"{'lat': None, 'lon': None}","{'rh': 37.5, 'temp': 26.7, 'wd': 0.0, 'ws': 0.0, 'ws_scalar': 0.0}","{'gas': {'co': 13498, 'co2': 13260, 'no': 13586, 'no2': 13765, 'o3': 13745}, 'pm': {'pm1': 13200, 'pm10': 13202, 'pm25': 13201}}",2.45,6.46,27.79,1.99,16.54,2.29,501111418,37.5,MOD-00613,26.7,2025-09-25T01:23:31,2025-09-24T18:23:31,https://api.quant-aq.com/v1/devices/MOD-00613/data/501111271
932.01,534.14,"{'lat': None, 'lon': None}","{'rh': 37.3, 'temp': 26.7, 'wd': 0.0, 'ws': 0.0, 'ws_scalar': 0.0}","{'gas': {'co': 13498, 'co2': 13260, 'no': 13586, 'no2': 13765, 'o3': 13745}, 'pm': {'pm1': 13200, 'pm10': 13202, 'pm25': 13201}}",2.45,6.35,27.31,2.02,5.11,2.19,501111419,37.3,MOD-00613,26.7,2025-09-25T01:22:31,2025-09-24T18:22:31,https://api.quant-aq.com/v1/devices/MOD-00613/data/501111272
931.12,540.65,"{'lat': None, 'lon': None}","{'rh': 37.4, 'temp': 26.7, 'wd': 0.0, 'ws': 0.0, 'ws_scalar': 0.0}","{'gas': {'co': 13498, 'co2': 13260, 'no': 13586, 'no2': 13765, 'o3': 13745}, 'pm': {'pm1': 13200, 'pm10': 13202, 'pm25': 13201}}",2.45,6.76,27.28,2.05,5.11,2.39,501111420,37.4,MOD-00613,26.7,2025-09-25T01:21:31,2025-09-24T18:21:31,https://api.quant-aq.com/v1/devices/MOD-00613/data/501111273
933.58,543.42,"{'lat': None, 'lon': None}","{'rh': 37.4, 'temp': 26.7, 'wd': 0.0, 'ws': 0.0, 'ws_scalar': 0.0}","{'gas': {'co': 13498, 'co2': 13260, 'no': 13586, 'no2': 13765, 'o3': 13745}, 'pm': {'pm1': 13200, 'pm10': 13202, 'pm25': 13201}}",2.45,6.51,27.55,2.26,3.88,2.67,501109159,37.4,MOD-00613,26.7,2025-09-25T01:20:31,2025-09-24T18:20:31,https://api.quant-aq.com/v1/devices/MOD-00613/data/501109013
935.97,544.26,"{'lat': None, 'lon': None}","{'rh': 37.5, 'temp': 26.7, 'wd': 0.0, 'ws': 0.0, 'ws_scalar': 0.0}","{'gas': {'co': 13498, 'co2': 13260, 'no': 13586, 'no2': 13765, 'o3': 13745}, 'pm': {'pm1': 13200, 'pm10': 13202, 'pm25': 13201}}",2.51,6.55,27.79,2.45,23.82,2.77,501109161,37.5,MOD-00613,26.7,2025-09-25T01:19:31,2025-09-24T18:19:31,https://api.quant-aq.com/v1/devices/MOD-00613/data/501109014
940.9,541.13,"{'lat': None, 'lon': None}","{'rh': 37.5, 'temp': 26.7, 'wd': 0.0, 'ws': 0.0, 'ws_scalar': 0.0}","{'gas': {'co': 13498, 'co2': 13260, 'no': 13586, 'no2': 13765, 'o3': 13745}, 'pm': {'pm1': 13200, 'pm10': 13202, 'pm25': 13201}}",2.52,6.65,27.52,2.15,3.69,2.49,501109160,37.5,MOD-00613,26.7,2025-09-25T01:18:31,2025-09-24T18:18:31,https://api.quant-aq.com/v1/devices/MOD-00613/data/501109012
940.01,546.31,"{'lat': None, 'lon': None}","{'rh': 37.6, 'temp': 26.7, 'wd': 0.0, 'ws': 0.0, 'ws_scalar': 0.0}","{'gas': {'co': 13498, 'co2': 13260, 'no': 13586, 'no2': 13765, 'o3': 13745}, 'pm': {'pm1': 13200, 'pm10': 13202, 'pm25': 13201}}",2.51,6.62,27.76,2.0,3.17,2.4,501109158,37.6,MOD-00613,26.7,2025-09-25T01:17:31,2025-09-24T18:17:31,https://api.quant-aq.com/v1/devices/MOD-00613/data/501109011
940.83,546.67,"{'lat': None, 'lon': None}","{'rh': 37.6, 'temp': 26.7, 'wd': 0.0, 'ws': 0.0, 'ws_scalar': 0.0}","{'gas': {'co': 13498, 'co2': 13260, 'no': 13586, 'no2': 13765, 'o3': 13745}, 'pm': {'pm1': 13200, 'pm10': 13202, 'pm25': 13201}}",2.52,6.51,27.76,1.78,44.1,2.09,501106890,37.6,MOD-00613,26.7,2025-09-25T01:16:31,2025-09-24T18:16:31,https://api.quant-aq.com/v1/devices/MOD-00613/data/501106743
943.22,547.27,"{'lat': None, 'lon': None}","{'rh': 37.7, 'temp': 26.7, 'wd': 0.0, 'ws': 0.0, 'ws_scalar': 0.0}","{'gas': {'co': 13498, 'co2': 13260, 'no': 13586, 'no2': 13765, 'o3': 13745}, 'pm': {'pm1': 13200, 'pm10': 13202, 'pm25': 13201}}",2.51,6.51,28.0,1.73,6.11,2.03,501106891,37.7,MOD-00613,26.7,2025-09-25T01:15:31,2025-09-24T18:15:31,https://api.quant-aq.com/v1/devices/MOD-00613/data/501106744
942.54,546.55,"{'lat': None, 'lon': None}","{'rh': 37.5, 'temp': 26.7, 'wd': 0.0, 'ws': 0.0, 'ws_scalar': 0.0}","{'gas': {'co': 13498, 'co2': 13260, 'no': 13586, 'no2': 13765, 'o3': 13745}, 'pm': {'pm1': 13200, 'pm10': 13202, 'pm25': 13201}}",2.45,6.55,27.79,2.0,17.41,2.26,501106892,37.5,MOD-00613,26.7,2025-09-25T01:14:31,2025-09-24T18:14:31,https://api.quant-aq.com/v1/devices/MOD-00613/data/501106745
945.35,544.14,"{'lat': None, 'lon': None}","{'rh': 37.6, 'temp': 26.7, 'wd': 0.0, 'ws': 0.0, 'ws_scalar': 0.0}","{'gas': {'co': 13498, 'co2': 13260, 'no': 13586, 'no2': 13765, 'o3': 13745}, 'pm': {'pm1': 13200, 'pm10': 13202, 'pm25': 13201}}",2.52,6.51,28.03,1.96,11.78,2.26,501106893,37.6,MOD-00613,26.7,2025-09-25T01:13:31,2025-09-24T18:13:31,https://api.quant-aq.com/v1/devices/MOD-00613/data/501106746
941.76,538.84,"{'lat': None, 'lon': None}","{'rh': 37.6, 'temp': 26.8, 'wd': 0.0, 'ws': 0.0, 'ws_scalar': 0.0}","{'gas': {'co': 13498, 'co2': 13260, 'no': 13586, 'no2': 13765, 'o3': 13745}, 'pm': {'pm1': 13200, 'pm10': 13202, 'pm25': 13201}}",2.51,6.77,28.31,2.23,16.91,2.5,501104635,37.6,MOD-00613,26.8,2025-09-25T01:12:31,2025-09-24T18:12:31,https://api.quant-aq.com/v1/devices/MOD-00613/data/501104488
952.02,539.2,"{'lat': None, 'lon': None}","{'rh': 37.6, 'temp': 26.8, 'wd': 0.0, 'ws': 0.0, 'ws_scalar': 0.0}","{'gas': {'co': 13498, 'co2': 13260, 'no': 13586, 'no2': 13765, 'o3': 13745}, 'pm': {'pm1': 13200, 'pm10': 13202, 'pm25': 13201}}",2.51,6.71,27.23,2.22,4.29,2.56,501104637,37.6,MOD-00613,26.8,2025-09-25T01:11:31,2025-09-24T18:11:31,https://api.quant-aq.com/v1/devices/MOD-00613/data/501104490
950.38,539.56,"{'lat': None, 'lon': None}","{'rh': 37.6, 'temp': 26.8, 'wd': 0.0, 'ws': 0.0, 'ws_scalar': 0.0}","{'gas': {'co': 13498, 'co2': 13260, 'no': 13586, 'no2': 13765, 'o3': 13745}, 'pm': {'pm1': 13200, 'pm10': 13202, 'pm25': 13201}}",2.51,6.53,27.77,2.02,7.94,2.23,501104634,37.6,MOD-00613,26.8,2025-09-25T01:10:31,2025-09-24T18:10:31,https://api.quant-aq.com/v1/devices/MOD-00613/data/501104487
950.52,538.36,"{'lat': None, 'lon': None}","{'rh': 37.4, 'temp': 26.8, 'wd': 0.0, 'ws': 0.0, 'ws_scalar': 0.0}","{'gas': {'co': 13498, 'co2': 13260, 'no': 13586, 'no2': 13765, 'o3': 13745}, 'pm': {'pm1': 13200, 'pm10': 13202, 'pm25': 13201}}",2.51,6.57,27.83,2.18,5.48,2.44,501104636,37.4,MOD-00613,26.8,2025-09-25T01:09:31,2025-09-24T18:09:31,https://api.quant-aq.com/v1/devices/MOD-00613/data/501104489
953.06,544.98,"{'lat': None, 'lon': None}","{'rh': 37.3, 'temp': 26.8, 'wd': 0.0, 'ws': 0.0, 'ws_scalar': 0.0}","{'gas': {'co': 13498, 'co2': 13260, 'no': 13586, 'no2': 13765, 'o3': 13745}, 'pm': {'pm1': 13200, 'pm10': 13202, 'pm25': 13201}}",2.45,6.58,27.33,2.11,9.64,2.61,501102401,37.3,MOD-00613,26.8,2025-09-25T01:08:31,2025-09-24T18:08:31,https://api.quant-aq.com/v1/devices/MOD-00613/data/501102254
967.69,550.52,"{'lat': None, 'lon': None}","{'rh': 37.5, 'temp': 26.8, 'wd': 0.0, 'ws': 0.0, 'ws_scalar': 0.0}","{'gas': {'co': 13498, 'co2': 13260, 'no': 13586, 'no2': 13765, 'o3': 13745}, 'pm': {'pm1': 13200, 'pm10': 13202, 'pm25': 13201}}",2.52,6.74,27.8,1.78,43.57,2.08,501102400,37.5,MOD-00613,26.8,2025-09-25T01:07:31,2025-09-24T18:07:31,https://api.quant-aq.com/v1/devices/MOD-00613/data/501102253
956.13,545.7,"{'lat': None, 'lon': None}","{'rh': 37.6, 'temp': 26.8, 'wd': 0.0, 'ws': 0.0, 'ws_scalar': 0.0}","{'gas': {'co': 13498, 'co2': 13260, 'no': 13586, 'no2': 13765, 'o3': 13745}, 'pm': {'pm1': 13200, 'pm10': 13202, 'pm25': 13201}}",2.51,6.77,28.04,1.8,3.87,2.02,501102402,37.6,MOD-00613,26.8,2025-09-25T01:06:31,2025-09-24T18:06:31,https://api.quant-aq.com/v1/devices/MOD-00613/data/501102255
964.82,547.75,"{'lat': None, 'lon': None}","{'rh': 37.5, 'temp': 26.8, 'wd': 0.0, 'ws': 0.0, 'ws_scalar': 0.0}","{'gas': {'co': 13498, 'co2': 13260, 'no': 13586, 'no2': 13765, 'o3': 13745}, 'pm': {'pm1': 13200, 'pm10': 13202, 'pm25': 13201}}",2.51,6.51,27.8,1.61,24.32,2.07,501102399,37.5,MOD-00613,26.8,2025-09-25T01:05:31,2025-09-24T18:05:31,https://api.quant-aq.com/v1/devices/MOD-00613/data/501102252
969.4,544.14,"{'lat': None, 'lon': None}","{'rh': 37.4, 'temp': 26.8, 'wd': 0.0, 'ws': 0.0, 'ws_scalar': 0.0}","{'gas': {'co': 13498, 'co2': 13260, 'no': 13586, 'no2': 13765, 'o3': 13745}, 'pm': {'pm1': 13200, 'pm10': 13202, 'pm25': 13201}}",2.51,6.68,27.3,2.13,19.75,2.5,501100085,37.4,MOD-00613,26.8,2025-09-25T01:04:31,2025-09-24T18:04:31,https://api.quant-aq.com/v1/devices/MOD-00613/data/501099936
970.98,546.91,"{'lat': None, 'lon': None}","{'rh': 37.5, 'temp': 26.8, 'wd': 0.0, 'ws': 0.0, 'ws_scalar': 0.0}","{'gas': {'co': 13498, 'co2': 13260, 'no': 13586, 'no2': 13765, 'o3': 13745}, 'pm': {'pm1': 13200, 'pm10': 13202, 'pm25': 13201}}",2.51,6.62,28.07,1.82,6.34,2.09,501100088,37.5,MOD-00613,26.8,2025-09-25T01:03:31,2025-09-24T18:03:31,https://api.quant-aq.com/v1/devices/MOD-00613/data/501099942
972.62,546.55,"{'lat': None, 'lon': None}","{'rh': 37.5, 'temp': 26.8, 'wd': 0.0, 'ws': 0.0, 'ws_scalar': 0.0}","{'gas': {'co': 13498, 'co2': 13260, 'no': 13586, 'no2': 13765, 'o3': 13745}, 'pm': {'pm1': 13200, 'pm10': 13202, 'pm25': 13201}}",2.51,6.62,27.53,2.13,7.45,2.5,501100089,37.5,MOD-00613,26.8,2025-09-25T01:02:31,2025-09-24T18:02:31,https://api.quant-aq.com/v1/devices/MOD-00613/data/501099940
973.03,537.39,"{'lat': None, 'lon': None}","{'rh': 37.5, 'temp': 26.8, 'wd': 0.0, 'ws': 0.0, 'ws_scalar': 0.0}","{'gas': {'co': 13498, 'co2': 13260, 'no': 13586, 'no2': 13765, 'o3': 13745}, 'pm': {'pm1': 13200, 'pm10': 13202, 'pm25': 13201}}",2.51,6.62,28.07,2.27,29.75,2.71,501100084,37.5,MOD-00613,26.8,2025-09-25T01:01:31,2025-09-24T18:01:31,https://api.quant-aq.com/v1/devices/MOD-00613/data/501099939
974.74,538.6,"{'lat': None, 'lon': None}","{'rh': 37.4, 'temp': 26.8, 'wd': 0.0, 'ws': 0.0, 'ws_scalar': 0.0}","{'gas': {'co': 13498, 'co2': 13260, 'no': 13586, 'no2': 13765, 'o3': 13745}, 'pm': {'pm1': 13200, 'pm10': 13202, 'pm25': 13201}}",2.52,6.68,28.1,2.31,6.07,2.83,501097839,37.4,MOD-00613,26.8,2025-09-25T01:00:31,2025-09-24T18:00:31,https://api.quant-aq.com/v1/devices/MOD-00613/data/501097692
974.26,541.85,"{'lat': None, 'lon': None}","{'rh': 37.5, 'temp': 26.8, 'wd': 0.0, 'ws': 0.0, 'ws_scalar': 0.0}","{'gas': {'co': 13498, 'co2': 13260, 'no': 13586, 'no2': 13765, 'o3': 13745}, 'pm': {'pm1': 13200, 'pm10': 13202, 'pm25': 13201}}",2.51,6.74,27.53,2.12,12.28,2.5,501097837,37.5,MOD-00613,26.8,2025-09-25T00:59:31,2025-09-24T17:59:31,https://api.quant-aq.com/v1/devices/MOD-00613/data/501097689
971.73,542.69,"{'lat': None, 'lon': None}","{'rh': 37.6, 'temp': 26.8, 'wd': 0.0, 'ws': 0.0, 'ws_scalar': 0.0}","{'gas': {'co': 13498, 'co2': 13260, 'no': 13586, 'no2': 13765, 'o3': 13745}, 'pm': {'pm1': 13200, 'pm10': 13202, 'pm25': 13201}}",2.51,6.71,28.04,2.06,20.36,2.44,501097838,37.6,MOD-00613,26.8,2025-09-25T00:58:31,2025-09-24T17:58:31,https://api.quant-aq.com/v1/devices/MOD-00613/data/501097690
972.21,536.31,"{'lat': None, 'lon': None}","{'rh': 37.5, 'temp': 26.8, 'wd': 0.0, 'ws': 0.0, 'ws_scalar': 0.0}","{'gas': {'co': 13498, 'co2': 13260, 'no': 13586, 'no2': 13765, 'o3': 13745}, 'pm': {'pm1': 13200, 'pm10': 13202, 'pm25': 13201}}",2.51,6.74,28.07,2.69,19.92,3.11,501097836,37.5,MOD-00613,26.8,2025-09-25T00:57:31,2025-09-24T17:57:31,https://api.quant-aq.com/v1/devices/MOD-00613/data/501097691
973.51,538.48,"{'lat': None, 'lon': None}","{'rh': 37.4, 'temp': 26.8, 'wd': 0.0, 'ws': 0.0, 'ws_scalar': 0.0}","{'gas': {'co': 13498, 'co2': 13260, 'no': 13586, 'no2': 13765, 'o3': 13745}, 'pm': {'pm1': 13200, 'pm10': 13202, 'pm25': 13201}}",2.51,6.68,27.83,2.22,21.77,2.66,501095566,37.4,MOD-00613,26.8,2025-09-25T00:56:31,2025-09-24T17:56:31,https://api.quant-aq.com/v1/devices/MOD-00613/data/501095419
972.21,547.99,"{'lat': None, 'lon': None}","{'rh': 37.5, 'temp': 26.8, 'wd': 0.0, 'ws': 0.0, 'ws_scalar': 0.0}","{'gas': {'co': 13498, 'co2': 13260, 'no': 13586, 'no2': 13765, 'o3': 13745}, 'pm': {'pm1': 13200, 'pm10': 13202, 'pm25': 13201}}",2.52,6.91,27.8,2.49,25.83,3.08,501095564,37.5,MOD-00613,26.8,2025-09-25T00:55:31,2025-09-24T17:55:31,https://api.quant-aq.com/v1/devices/MOD-00613/data/501095417
966.87,544.14,"{'lat': None, 'lon': None}","{'rh': 37.5, 'temp': 26.8, 'wd': 0.0, 'ws': 0.0, 'ws_scalar': 0.0}","{'gas': {'co': 13498, 'co2': 13260, 'no': 13586, 'no2': 13765, 'o3': 13745}, 'pm': {'pm1': 13200, 'pm10': 13202, 'pm25': 13201}}",2.51,6.62,27.53,2.0,12.75,2.2,501095563,37.5,MOD-00613,26.8,2025-09-25T00:54:31,2025-09-24T17:54:31,https://api.quant-aq.com/v1/devices/MOD-00613/data/501095416
964.96,540.89,"{'lat': None, 'lon': None}","{'rh': 37.3, 'temp': 26.8, 'wd': 0.0, 'ws': 0.0, 'ws_scalar': 0.0}","{'gas': {'co': 13498, 'co2': 13260, 'no': 13586, 'no2': 13765, 'o3': 13745}, 'pm': {'pm1': 13200, 'pm10': 13202, 'pm25': 13201}}",2.45,6.51,28.13,2.38,3.26,2.7,501095565,37.3,MOD-00613,26.8,2025-09-25T00:53:31,2025-09-24T17:53:31,https://api.quant-aq.com/v1/devices/MOD-00613/data/501095418
954.02,547.03,"{'lat': None, 'lon': None}","{'rh': 37.1, 'temp': 26.8, 'wd': 0.0, 'ws': 0.0, 'ws_scalar': 0.0}","{'gas': {'co': 13498, 'co2': 13260, 'no': 13586, 'no2': 13765, 'o3': 13745}, 'pm': {'pm1': 13200, 'pm10': 13202, 'pm25': 13201}}",2.45,6.41,28.19,2.01,7.38,2.38,501093314,37.1,MOD-00613,26.8,2025-09-25T00:52:31,2025-09-24T17:52:31,https://api.quant-aq.com/v1/devices/MOD-00613/data/501093167
947.04,548.35,"{'lat': None, 'lon': None}","{'rh': 37.1, 'temp': 26.8, 'wd': 0.0, 'ws': 0.0, 'ws_scalar': 0.0}","{'gas': {'co': 13498, 'co2': 13260, 'no': 13586, 'no2': 13765, 'o3': 13745}, 'pm': {'pm1': 13200, 'pm10': 13202, 'pm25': 13201}}",2.45,6.42,28.19,2.45,8.21,2.73,501093312,37.1,MOD-00613,26.8,2025-09-25T00:51:31,2025-09-24T17:51:31,https://api.quant-aq.com/v1/devices/MOD-00613/data/501093166
938.67,547.87,"{'lat': None, 'lon': None}","{'rh': 36.9, 'temp': 26.9, 'wd': 0.0, 'ws': 0.0, 'ws_scalar': 0.0}","{'gas': {'co': 13498, 'co2': 13260, 'no': 13586, 'no2': 13765, 'o3': 13745}, 'pm': {'pm1': 13200, 'pm10': 13202, 'pm25': 13201}}",2.45,6.26,27.47,2.12,2.84,2.47,501093313,36.9,MOD-00613,26.9,2025-09-25T00:50:31,2025-09-24T17:50:31,https://api.quant-aq.com/v1/devices/MOD-00613/data/501093165
933.33,546.55,"{'lat': None, 'lon': None}","{'rh': 36.9, 'temp': 26.9, 'wd': 0.0, 'ws': 0.0, 'ws_scalar': 0.0}","{'gas': {'co': 13498, 'co2': 13260, 'no': 13586, 'no2': 13765, 'o3': 13745}, 'pm': {'pm1': 13200, 'pm10': 13202, 'pm25': 13201}}",2.45,6.24,28.0,2.29,12.11,2.58,501093315,36.9,MOD-00613,26.9,2025-09-25T00:49:31,2025-09-24T17:49:31,https://api.quant-aq.com/v1/devices/MOD-00613/data/501093168
927.17,547.87,"{'lat': None, 'lon': None}","{'rh': 36.9, 'temp': 26.9, 'wd': 0.0, 'ws': 0.0, 'ws_scalar': 0.0}","{'gas': {'co': 13498, 'co2': 13260, 'no': 13586, 'no2': 13765, 'o3': 13745}, 'pm': {'pm1': 13200, 'pm10': 13202, 'pm25': 13201}}",2.46,6.24,28.0,2.54,4.89,2.92,501091080,36.9,MOD-00613,26.9,2025-09-25T00:48:31,2025-09-24T17:48:31,https://api.quant-aq.com/v1/devices/MOD-00613/data/501090933
921.77,549.68,"{'lat': None, 'lon': None}","{'rh': 37.0, 'temp': 26.9, 'wd': 0.0, 'ws': 0.0, 'ws_scalar': 0.0}","{'gas': {'co': 13498, 'co2': 13260, 'no': 13586, 'no2': 13765, 'o3': 13745}, 'pm': {'pm1': 13200, 'pm10': 13202, 'pm25': 13201}}",2.45,6.27,27.97,2.13,3.35,2.33,501091081,37.0,MOD-00613,26.9,2025-09-25T00:47:31,2025-09-24T17:47:31,https://api.quant-aq.com/v1/devices/MOD-00613/data/501090934
916.43,551.0,"{'lat': None, 'lon': None}","{'rh': 37.0, 'temp': 26.9, 'wd': 0.0, 'ws': 0.0, 'ws_scalar': 0.0}","{'gas': {'co': 13498, 'co2': 13260, 'no': 13586, 'no2': 13765, 'o3': 13745}, 'pm': {'pm1': 13200, 'pm10': 13202, 'pm25': 13201}}",2.45,6.34,27.7,2.12,2.5,2.38,501091079,37.0,MOD-00613,26.9,2025-09-25T00:46:31,2025-09-24T17:46:31,https://api.quant-aq.com/v1/devices/MOD-00613/data/501090932
917.66,552.09,"{'lat': None, 'lon': None}","{'rh': 37.0, 'temp': 26.9, 'wd': 0.0, 'ws': 0.0, 'ws_scalar': 0.0}","{'gas': {'co': 13498, 'co2': 13260, 'no': 13586, 'no2': 13765, 'o3': 13745}, 'pm': {'pm1': 13200, 'pm10': 13202, 'pm25': 13201}}",2.45,6.34,27.7,2.12,8.48,2.42,501091078,37.0,MOD-00613,26.9,2025-09-25T00:45:31,2025-09-24T17:45:31,https://api.quant-aq.com/v1/devices/MOD-00613/data/501090931
916.84,555.58,"{'lat': None, 'lon': None}","{'rh': 37.0, 'temp': 26.9, 'wd': 0.0, 'ws': 0.0, 'ws_scalar': 0.0}","{'gas': {'co': 13498, 'co2': 13260, 'no': 13586, 'no2': 13765, 'o3': 13745}, 'pm': {'pm1': 13200, 'pm10': 13202, 'pm25': 13201}}",2.45,6.32,27.7,2.59,18.08,2.97,501088781,37.0,MOD-00613,26.9,2025-09-25T00:44:31,2025-09-24T17:44:31,https://api.quant-aq.com/v1/devices/MOD-00613/data/501088634
913.56,550.28,"{'lat': None, 'lon': None}","{'rh': 37.0, 'temp': 26.9, 'wd': 0.0, 'ws': 0.0, 'ws_scalar': 0.0}","{'gas': {'co': 13498, 'co2': 13260, 'no': 13586, 'no2': 13765, 'o3': 13745}, 'pm': {'pm1': 13200, 'pm10': 13202, 'pm25': 13201}}",2.46,6.27,27.43,1.9,15.81,2.38,501088778,37.0,MOD-00613,26.9,2025-09-25T00:43:31,2025-09-24T17:43:31,https://api.quant-aq.com/v1/devices/MOD-00613/data/501088632
915.95,549.8,"{'lat': None, 'lon': None}","{'rh': 37.1, 'temp': 26.9, 'wd': 0.0, 'ws': 0.0, 'ws_scalar': 0.0}","{'gas': {'co': 13498, 'co2': 13260, 'no': 13586, 'no2': 13765, 'o3': 13745}, 'pm': {'pm1': 13200, 'pm10': 13202, 'pm25': 13201}}",2.46,6.46,28.21,2.12,12.05,2.62,501088780,37.1,MOD-00613,26.9,2025-09-25T00:42:31,2025-09-24T17:42:31,https://api.quant-aq.com/v1/devices/MOD-00613/data/501088633
920.95,549.08,"{'lat': None, 'lon': None}","{'rh': 37.0, 'temp': 26.9, 'wd': 0.0, 'ws': 0.0, 'ws_scalar': 0.0}","{'gas': {'co': 13498, 'co2': 13260, 'no': 13586, 'no2': 13765, 'o3': 13745}, 'pm': {'pm1': 13200, 'pm10': 13202, 'pm25': 13201}}",2.46,6.34,27.97,2.3,5.3,2.63,501088779,37.0,MOD-00613,26.9,2025-09-25T00:41:31,2025-09-24T17:41:31,https://api.quant-aq.com/v1/devices/MOD-00613/data/501088631
913.49,551.85,"{'lat': None, 'lon': None}","{'rh': 37.1, 'temp': 26.9, 'wd': 0.0, 'ws': 0.0, 'ws_scalar': 0.0}","{'gas': {'co': 13498, 'co2': 13260, 'no': 13586, 'no2': 13765, 'o3': 13745}, 'pm': {'pm1': 13200, 'pm10': 13202, 'pm25': 13201}}",2.45,6.46,27.94,2.25,12.48,2.58,501086503,37.1,MOD-00613,26.9,2025-09-25T00:40:31,2025-09-24T17:40:31,https://api.quant-aq.com/v1/devices/MOD-00613/data/501086357
919.3,548.96,"{'lat': None, 'lon': None}","{'rh': 37.0, 'temp': 26.9, 'wd': 0.0, 'ws': 0.0, 'ws_scalar': 0.0}","{'gas': {'co': 13498, 'co2': 13260, 'no': 13586, 'no2': 13765, 'o3': 13745}, 'pm': {'pm1': 13200, 'pm10': 13202, 'pm25': 13201}}",2.45,6.34,27.43,2.51,3.4,2.92,501086506,37.0,MOD-00613,26.9,2025-09-25T00:39:31,2025-09-24T17:39:31,https://api.quant-aq.com/v1/devices/MOD-00613/data/501086360
912.25,550.4,"{'lat': None, 'lon': None}","{'rh': 37.1, 'temp': 26.9, 'wd': 0.0, 'ws': 0.0, 'ws_scalar': 0.0}","{'gas': {'co': 13498, 'co2': 13260, 'no': 13586, 'no2': 13765, 'o3': 13745}, 'pm': {'pm1': 13200, 'pm10': 13202, 'pm25': 13201}}",2.45,6.46,27.67,2.12,5.41,2.44,501086505,37.1,MOD-00613,26.9,2025-09-25T00:38:31,2025-09-24T17:38:31,https://api.quant-aq.com/v1/devices/MOD-00613/data/501086356
920.05,551.49,"{'lat': None, 'lon': None}","{'rh': 37.1, 'temp': 26.9, 'wd': 0.0, 'ws': 0.0, 'ws_scalar': 0.0}","{'gas': {'co': 13498, 'co2': 13260, 'no': 13586, 'no2': 13765, 'o3': 13745}, 'pm': {'pm1': 13200, 'pm10': 13202, 'pm25': 13201}}",2.46,6.41,27.67,2.62,7.13,2.81,501086508,37.1,MOD-00613,26.9,2025-09-25T00:37:31,2025-09-24T17:37:31,https://api.quant-aq.com/v1/devices/MOD-00613/data/501086362
915.95,554.38,"{'lat': None, 'lon': None}","{'rh': 37.1, 'temp': 26.9, 'wd': 0.0, 'ws': 0.0, 'ws_scalar': 0.0}","{'gas': {'co': 13498, 'co2': 13260, 'no': 13586, 'no2': 13765, 'o3': 13745}, 'pm': {'pm1': 13200, 'pm10': 13202, 'pm25': 13201}}",2.45,6.46,27.94,2.47,3.14,2.73,501084233,37.1,MOD-00613,26.9,2025-09-25T00:36:31,2025-09-24T17:36:31,https://api.quant-aq.com/v1/devices/MOD-00613/data/501084089
918.0,554.02,"{'lat': None, 'lon': None}","{'rh': 37.1, 'temp': 26.9, 'wd': 0.0, 'ws': 0.0, 'ws_scalar': 0.0}","{'gas': {'co': 13498, 'co2': 13260, 'no': 13586, 'no2': 13765, 'o3': 13745}, 'pm': {'pm1': 13200, 'pm10': 13202, 'pm25': 13201}}",2.46,6.33,27.94,2.31,7.74,2.65,501084236,37.1,MOD-00613,26.9,2025-09-25T00:35:31,2025-09-24T17:35:31,https://api.quant-aq.com/v1/devices/MOD-00613/data/501084090
919.98,552.81,"{'lat': None, 'lon': None}","{'rh': 37.2, 'temp': 26.9, 'wd': 0.0, 'ws': 0.0, 'ws_scalar': 0.0}","{'gas': {'co': 13498, 'co2': 13260, 'no': 13586, 'no2': 13765, 'o3': 13745}, 'pm': {'pm1': 13200, 'pm10': 13202, 'pm25': 13201}}",2.45,6.6,27.64,2.48,4.97,2.8,501084234,37.2,MOD-00613,26.9,2025-09-25T00:34:31,2025-09-24T17:34:31,https://api.quant-aq.com/v1/devices/MOD-00613/data/501084086
919.34,556.54,"{'lat': None, 'lon': None}","{'rh': 37.1, 'temp': 27.0, 'wd': 0.0, 'ws': 0.0, 'ws_scalar': 0.0}","{'gas': {'co': 13498, 'co2': 13260, 'no': 13586, 'no2': 13765, 'o3': 13745}, 'pm': {'pm1': 13200, 'pm10': 13202, 'pm25': 13201}}",2.45,6.47,27.95,2.47,4.19,2.72,501084231,37.1,MOD-00613,27.0,2025-09-25T00:33:31,2025-09-24T17:33:31,https://api.quant-aq.com/v1/devices/MOD-00613/data/501084085
919.41,554.14,"{'lat': None, 'lon': None}","{'rh': 37.0, 'temp': 27.0, 'wd': 0.0, 'ws': 0.0, 'ws_scalar': 0.0}","{'gas': {'co': 13498, 'co2': 13260, 'no': 13586, 'no2': 13765, 'o3': 13745}, 'pm': {'pm1': 13200, 'pm10': 13202, 'pm25': 13201}}",2.45,6.21,27.72,2.11,15.67,2.37,501081961,37.0,MOD-00613,27.0,2025-09-25T00:32:31,2025-09-24T17:32:31,https://api.quant-aq.com/v1/devices/MOD-00613/data/501081813
919.0,557.03,"{'lat': None, 'lon': None}","{'rh': 37.0, 'temp': 27.0, 'wd': 0.0, 'ws': 0.0, 'ws_scalar': 0.0}","{'gas': {'co': 13498, 'co2': 13260, 'no': 13586, 'no2': 13765, 'o3': 13745}, 'pm': {'pm1': 13200, 'pm10': 13202, 'pm25': 13201}}",2.45,6.28,27.72,2.1,12.55,2.59,501081958,37.0,MOD-00613,27.0,2025-09-25T00:31:31,2025-09-24T17:31:31,https://api.quant-aq.com/v1/devices/MOD-00613/data/501081811
922.29,556.91,"{'lat': None, 'lon': None}","{'rh': 37.0, 'temp': 27.0, 'wd': 0.0, 'ws': 0.0, 'ws_scalar': 0.0}","{'gas': {'co': 13498, 'co2': 13260, 'no': 13586, 'no2': 13765, 'o3': 13745}, 'pm': {'pm1': 13200, 'pm10': 13202, 'pm25': 13201}}",2.46,6.28,27.72,2.2,8.61,2.48,501081960,37.0,MOD-00613,27.0,2025-09-25T00:30:31,2025-09-24T17:30:31,https://api.quant-aq.com/v1/devices/MOD-00613/data/501081814
919.14,557.75,"{'lat': None, 'lon': None}","{'rh': 36.8, 'temp': 27.0, 'wd': 0.0, 'ws': 0.0, 'ws_scalar': 0.0}","{'gas': {'co': 13498, 'co2': 13260, 'no': 13586, 'no2': 13765, 'o3': 13745}, 'pm': {'pm1': 13200, 'pm10': 13202, 'pm25': 13201}}",2.45,6.0,27.78,2.0,8.7,2.17,501081959,36.8,MOD-00613,27.0,2025-09-25T00:29:31,2025-09-24T17:29:31,https://api.quant-aq.com/v1/devices/MOD-00613/data/501081812
917.43,557.87,"{'lat': None, 'lon': None}","{'rh': 36.9, 'temp': 27.0, 'wd': 0.0, 'ws': 0.0, 'ws_scalar': 0.0}","{'gas': {'co': 13498, 'co2': 13260, 'no': 13586, 'no2': 13765, 'o3': 13745}, 'pm': {'pm1': 13200, 'pm10': 13202, 'pm25': 13201}}",2.46,6.12,27.75,2.13,8.09,2.48,501079740,36.9,MOD-00613,27.0,2025-09-25T00:28:31,2025-09-24T17:28:31,https://api.quant-aq.com/v1/devices/MOD-00613/data/501079594
919.89,560.52,"{'lat': None, 'lon': None}","{'rh': 36.9, 'temp': 27.0, 'wd': 0.0, 'ws': 0.0, 'ws_scalar': 0.0}","{'gas': {'co': 13498, 'co2': 13260, 'no': 13586, 'no2': 13765, 'o3': 13745}, 'pm': {'pm1': 13200, 'pm10': 13202, 'pm25': 13201}}",2.45,6.18,27.75,2.12,15.18,2.59,501079743,36.9,MOD-00613,27.0,2025-09-25T00:27:31,2025-09-24T17:27:31,https://api.quant-aq.com/v1/devices/MOD-00613/data/501079597
923.59,563.17,"{'lat': None, 'lon': None}","{'rh': 36.9, 'temp': 27.0, 'wd': 0.0, 'ws': 0.0, 'ws_scalar': 0.0}","{'gas': {'co': 13498, 'co2': 13260, 'no': 13586, 'no2': 13765, 'o3': 13745}, 'pm': {'pm1': 13200, 'pm10': 13202, 'pm25': 13201}}",2.46,6.12,27.48,1.91,7.53,2.19,501079744,36.9,MOD-00613,27.0,2025-09-25T00:26:31,2025-09-24T17:26:31,https://api.quant-aq.com/v1/devices/MOD-00613/data/501079596
924.75,566.9,"{'lat': None, 'lon': None}","{'rh': 37.0, 'temp': 27.0, 'wd': 0.0, 'ws': 0.0, 'ws_scalar': 0.0}","{'gas': {'co': 13498, 'co2': 13260, 'no': 13586, 'no2': 13765, 'o3': 13745}, 'pm': {'pm1': 13200, 'pm10': 13202, 'pm25': 13201}}",2.45,6.13,27.72,2.38,10.65,2.63,501079742,37.0,MOD-00613,27.0,2025-09-25T00:25:31,2025-09-24T17:25:31,https://api.quant-aq.com/v1/devices/MOD-00613/data/501079595
927.28,572.08,"{'lat': None, 'lon': None}","{'rh': 36.9, 'temp': 27.0, 'wd': 0.0, 'ws': 0.0, 'ws_scalar': 0.0}","{'gas': {'co': 13498, 'co2': 13260, 'no': 13586, 'no2': 13765, 'o3': 13745}, 'pm': {'pm1': 13200, 'pm10': 13202, 'pm25': 13201}}",2.45,6.12,28.28,2.37,33.48,2.85,501077458,36.9,MOD-00613,27.0,2025-09-25T00:24:31,2025-09-24T17:24:31,https://api.quant-aq.com/v1/devices/MOD-00613/data/501077311
926.53,564.61,"{'lat': None, 'lon': None}","{'rh': 36.8, 'temp': 27.0, 'wd': 0.0, 'ws': 0.0, 'ws_scalar': 0.0}","{'gas': {'co': 13498, 'co2': 13260, 'no': 13586, 'no2': 13765, 'o3': 13745}, 'pm': {'pm1': 13200, 'pm10': 13202, 'pm25': 13201}}",2.46,5.94,27.25,2.7,8.44,3.05,501077461,36.8,MOD-00613,27.0,2025-09-25T00:23:31,2025-09-24T17:23:31,https://api.quant-aq.com/v1/devices/MOD-00613/data/501077313
921.46,570.52,"{'lat': None, 'lon': None}","{'rh': 37.0, 'temp': 27.0, 'wd': 0.0, 'ws': 0.0, 'ws_scalar': 0.0}","{'gas': {'co': 13498, 'co2': 13260, 'no': 13586, 'no2': 13765, 'o3': 13745}, 'pm': {'pm1': 13200, 'pm10': 13202, 'pm25': 13201}}",2.46,5.93,27.98,2.11,6.58,2.47,501077460,37.0,MOD-00613,27.0,2025-09-25T00:22:31,2025-09-24T17:22:31,https://api.quant-aq.com/v1/devices/MOD-00613/data/501077314
925.57,571.84,"{'lat': None, 'lon': None}","{'rh': 37.0, 'temp': 27.0, 'wd': 0.0, 'ws': 0.0, 'ws_scalar': 0.0}","{'gas': {'co': 13498, 'co2': 13260, 'no': 13586, 'no2': 13765, 'o3': 13745}, 'pm': {'pm1': 13200, 'pm10': 13202, 'pm25': 13201}}",2.46,6.13,27.72,2.46,13.03,2.88,501077459,37.0,MOD-00613,27.0,2025-09-25T00:21:31,2025-09-24T17:21:31,https://api.quant-aq.com/v1/devices/MOD-00613/data/501077312
928.44,573.65,"{'lat': None, 'lon': None}","{'rh': 37.0, 'temp': 27.0, 'wd': 0.0, 'ws': 0.0, 'ws_scalar': 0.0}","{'gas': {'co': 13498, 'co2': 13260, 'no': 13586, 'no2': 13765, 'o3': 13745}, 'pm': {'pm1': 13200, 'pm10': 13202, 'pm25': 13201}}",2.46,6.03,27.98,2.84,9.64,3.25,501075182,37.0,MOD-00613,27.0,2025-09-25T00:20:31,2025-09-24T17:20:31,https://api.quant-aq.com/v1/devices/MOD-00613/data/501075035
931.59,576.66,"{'lat': None, 'lon': None}","{'rh': 37.2, 'temp': 27.0, 'wd': 0.0, 'ws': 0.0, 'ws_scalar': 0.0}","{'gas': {'co': 13498, 'co2': 13260, 'no': 13586, 'no2': 13765, 'o3': 13745}, 'pm': {'pm1': 13200, 'pm10': 13202, 'pm25': 13201}}",2.52,6.38,27.66,2.32,34.88,2.85,501075183,37.2,MOD-00613,27.0,2025-09-25T00:19:31,2025-09-24T17:19:31,https://api.quant-aq.com/v1/devices/MOD-00613/data/501075036
933.57,579.43,"{'lat': None, 'lon': None}","{'rh': 37.3, 'temp': 27.0, 'wd': 0.0, 'ws': 0.0, 'ws_scalar': 0.0}","{'gas': {'co': 13498, 'co2': 13260, 'no': 13586, 'no2': 13765, 'o3': 13745}, 'pm': {'pm1': 13200, 'pm10': 13202, 'pm25': 13201}}",2.51,6.76,27.89,2.36,17.58,2.82,501075184,37.3,MOD-00613,27.0,2025-09-25T00:18:31,2025-09-24T17:18:31,https://api.quant-aq.com/v1/devices/MOD-00613/data/501075037
934.12,580.87,"{'lat': None, 'lon': None}","{'rh': 37.1, 'temp': 27.0, 'wd': 0.0, 'ws': 0.0, 'ws_scalar': 0.0}","{'gas': {'co': 13498, 'co2': 13260, 'no': 13586, 'no2': 13765, 'o3': 13745}, 'pm': {'pm1': 13200, 'pm10': 13202, 'pm25': 13201}}",2.45,6.23,28.22,2.89,19.91,3.43,501075185,37.1,MOD-00613,27.0,2025-09-25T00:17:31,2025-09-24T17:17:31,https://api.quant-aq.com/v1/devices/MOD-00613/data/501075038
928.71,577.38,"{'lat': None, 'lon': None}","{'rh': 37.2, 'temp': 27.0, 'wd': 0.0, 'ws': 0.0, 'ws_scalar': 0.0}","{'gas': {'co': 13498, 'co2': 13260, 'no': 13586, 'no2': 13765, 'o3': 13745}, 'pm': {'pm1': 13200, 'pm10': 13202, 'pm25': 13201}}",2.52,6.53,27.66,1.98,8.44,2.33,501072916,37.2,MOD-00613,27.0,2025-09-25T00:16:31,2025-09-24T17:16:31,https://api.quant-aq.com/v1/devices/MOD-00613/data/501072770
933.3,576.18,"{'lat': None, 'lon': None}","{'rh': 37.1, 'temp': 27.0, 'wd': 0.0, 'ws': 0.0, 'ws_scalar': 0.0}","{'gas': {'co': 13498, 'co2': 13260, 'no': 13586, 'no2': 13765, 'o3': 13745}, 'pm': {'pm1': 13200, 'pm10': 13202, 'pm25': 13201}}",2.46,6.11,28.22,2.17,12.2,2.46,501072913,37.1,MOD-00613,27.0,2025-09-25T00:15:31,2025-09-24T17:15:31,https://api.quant-aq.com/v1/devices/MOD-00613/data/501072765
934.39,575.7,"{'lat': None, 'lon': None}","{'rh': 37.3, 'temp': 27.0, 'wd': 0.0, 'ws': 0.0, 'ws_scalar': 0.0}","{'gas': {'co': 13498, 'co2': 13260, 'no': 13586, 'no2': 13765, 'o3': 13745}, 'pm': {'pm1': 13200, 'pm10': 13202, 'pm25': 13201}}",2.52,6.08,27.62,2.15,14.9,2.57,501072911,37.3,MOD-00613,27.0,2025-09-25T00:14:31,2025-09-24T17:14:31,https://api.quant-aq.com/v1/devices/MOD-00613/data/501072768
936.92,576.42,"{'lat': None, 'lon': None}","{'rh': 37.2, 'temp': 27.0, 'wd': 0.0, 'ws': 0.0, 'ws_scalar': 0.0}","{'gas': {'co': 13498, 'co2': 13260, 'no': 13586, 'no2': 13765, 'o3': 13745}, 'pm': {'pm1': 13200, 'pm10': 13202, 'pm25': 13201}}",2.45,6.62,27.66,2.53,14.68,2.9,501072915,37.2,MOD-00613,27.0,2025-09-25T00:13:31,2025-09-24T17:13:31,https://api.quant-aq.com/v1/devices/MOD-00613/data/501072767
939.05,580.03,"{'lat': None, 'lon': None}","{'rh': 37.1, 'temp': 27.0, 'wd': 0.0, 'ws': 0.0, 'ws_scalar': 0.0}","{'gas': {'co': 13498, 'co2': 13260, 'no': 13586, 'no2': 13765, 'o3': 13745}, 'pm': {'pm1': 13200, 'pm10': 13202, 'pm25': 13201}}",2.52,6.34,27.95,2.91,4.86,3.29,501070663,37.1,MOD-00613,27.0,2025-09-25T00:12:31,2025-09-24T17:12:31,https://api.quant-aq.com/v1/devices/MOD-00613/data/501070516
936.92,583.04,"{'lat': None, 'lon': None}","{'rh': 37.2, 'temp': 27.0, 'wd': 0.0, 'ws': 0.0, 'ws_scalar': 0.0}","{'gas': {'co': 13498, 'co2': 13260, 'no': 13586, 'no2': 13765, 'o3': 13745}, 'pm': {'pm1': 13200, 'pm10': 13202, 'pm25': 13201}}",2.51,6.21,27.66,2.36,7.68,2.74,501070665,37.2,MOD-00613,27.0,2025-09-25T00:11:31,2025-09-24T17:11:31,https://api.quant-aq.com/v1/devices/MOD-00613/data/501070518
936.92,583.16,"{'lat': None, 'lon': None}","{'rh': 37.2, 'temp': 27.0, 'wd': 0.0, 'ws': 0.0, 'ws_scalar': 0.0}","{'gas': {'co': 13498, 'co2': 13260, 'no': 13586, 'no2': 13765, 'o3': 13745}, 'pm': {'pm1': 13200, 'pm10': 13202, 'pm25': 13201}}",2.52,6.04,27.92,2.48,26.48,3.04,501070666,37.2,MOD-00613,27.0,2025-09-25T00:10:31,2025-09-24T17:10:31,https://api.quant-aq.com/v1/devices/MOD-00613/data/501070519
940.65,583.89,"{'lat': None, 'lon': None}","{'rh': 37.3, 'temp': 27.1, 'wd': 0.0, 'ws': 0.0, 'ws_scalar': 0.0}","{'gas': {'co': 13498, 'co2': 13260, 'no': 13586, 'no2': 13765, 'o3': 13745}, 'pm': {'pm1': 13200, 'pm10': 13202, 'pm25': 13201}}",2.51,6.33,27.64,2.54,10.86,3.0,501070664,37.3,MOD-00613,27.1,2025-09-25T00:09:31,2025-09-24T17:09:31,https://api.quant-aq.com/v1/devices/MOD-00613/data/501070517
939.01,586.9,"{'lat': None, 'lon': None}","{'rh': 37.3, 'temp': 27.1, 'wd': 0.0, 'ws': 0.0, 'ws_scalar': 0.0}","{'gas': {'co': 13498, 'co2': 13260, 'no': 13586, 'no2': 13765, 'o3': 13745}, 'pm': {'pm1': 13200, 'pm10': 13202, 'pm25': 13201}}",2.51,6.84,27.37,2.35,11.13,2.91,501068403,37.3,MOD-00613,27.1,2025-09-25T00:08:31,2025-09-24T17:08:31,https://api.quant-aq.com/v1/devices/MOD-00613/data/501068256
934.5,584.97,"{'lat': None, 'lon': None}","{'rh': 37.3, 'temp': 27.1, 'wd': 0.0, 'ws': 0.0, 'ws_scalar': 0.0}","{'gas': {'co': 13498, 'co2': 13260, 'no': 13586, 'no2': 13765, 'o3': 13745}, 'pm': {'pm1': 13200, 'pm10': 13202, 'pm25': 13201}}",2.51,6.54,27.64,2.47,7.3,2.76,501068401,37.3,MOD-00613,27.1,2025-09-25T00:07:31,2025-09-24T17:07:31,https://api.quant-aq.com/v1/devices/MOD-00613/data/501068254
939.42,582.92,"{'lat': None, 'lon': None}","{'rh': 37.3, 'temp': 27.1, 'wd': 0.0, 'ws': 0.0, 'ws_scalar': 0.0}","{'gas': {'co': 13498, 'co2': 13260, 'no': 13586, 'no2': 13765, 'o3': 13745}, 'pm': {'pm1': 13200, 'pm10': 13202, 'pm25': 13201}}",2.51,6.54,27.64,2.78,22.04,3.27,501068402,37.3,MOD-00613,27.1,2025-09-25T00:06:31,2025-09-24T17:06:31,https://api.quant-aq.com/v1/devices/MOD-00613/data/501068255
937.78,582.32,"{'lat': None, 'lon': None}","{'rh': 37.3, 'temp': 27.1, 'wd': 0.0, 'ws': 0.0, 'ws_scalar': 0.0}","{'gas': {'co': 13498, 'co2': 13260, 'no': 13586, 'no2': 13765, 'o3': 13745}, 'pm': {'pm1': 13200, 'pm10': 13202, 'pm25': 13201}}",2.52,5.91,27.91,2.18,14.28,2.81,501068400,37.3,MOD-00613,27.1,2025-09-25T00:05:31,2025-09-24T17:05:31,https://api.quant-aq.com/v1/devices/MOD-00613/data/501068253
941.4,581.24,"{'lat': None, 'lon': None}","{'rh': 37.4, 'temp': 27.1, 'wd': 0.0, 'ws': 0.0, 'ws_scalar': 0.0}","{'gas': {'co': 13498, 'co2': 13260, 'no': 13586, 'no2': 13765, 'o3': 13745}, 'pm': {'pm1': 13200, 'pm10': 13202, 'pm25': 13201}}",2.52,6.71,27.88,2.16,22.51,2.54,501066124,37.4,MOD-00613,27.1,2025-09-25T00:04:31,2025-09-24T17:04:31,https://api.quant-aq.com/v1/devices/MOD-00613/data/501065977
937.71,579.79,"{'lat': None, 'lon': None}","{'rh': 37.4, 'temp': 27.1, 'wd': 0.0, 'ws': 0.0, 'ws_scalar': 0.0}","{'gas': {'co': 13498, 'co2': 13260, 'no': 13586, 'no2': 13765, 'o3': 13745}, 'pm': {'pm1': 13200, 'pm10': 13202, 'pm25': 13201}}",2.51,6.99,27.88,2.02,9.91,2.27,501066122,37.4,MOD-00613,27.1,2025-09-25T00:03:31,2025-09-24T17:03:31,https://api.quant-aq.com/v1/devices/MOD-00613/data/501065976
943.05,581.0,"{'lat': None, 'lon': None}","{'rh': 37.4, 'temp': 27.1, 'wd': 0.0, 'ws': 0.0, 'ws_scalar': 0.0}","{'gas': {'co': 13498, 'co2': 13260, 'no': 13586, 'no2': 13765, 'o3': 13745}, 'pm': {'pm1': 13200, 'pm10': 13202, 'pm25': 13201}}",2.52,5.94,27.61,2.41,3.35,2.77,501066121,37.4,MOD-00613,27.1,2025-09-25T00:02:31,2025-09-24T17:02:31,https://api.quant-aq.com/v1/devices/MOD-00613/data/501065975
937.57,579.79,"{'lat': None, 'lon': None}","{'rh': 37.6, 'temp': 27.1, 'wd': 0.0, 'ws': 0.0, 'ws_scalar': 0.0}","{'gas': {'co': 13498, 'co2': 13260, 'no': 13586, 'no2': 13765, 'o3': 13745}, 'pm': {'pm1': 13200, 'pm10': 13202, 'pm25': 13201}}",2.54,6.03,28.08,2.82,14.85,3.12,501066123,37.6,MOD-00613,27.1,2025-09-25T00:01:31,2025-09-24T17:01:31,https://api.quant-aq.com/v1/devices/MOD-00613/data/501065974
935.92,579.31,"{'lat': None, 'lon': None}","{'rh': 37.6, 'temp': 27.1, 'wd': 0.0, 'ws': 0.0, 'ws_scalar': 0.0}","{'gas': {'co': 13498, 'co2': 13260, 'no': 13586, 'no2': 13765, 'o3': 13745}, 'pm': {'pm1': 13200, 'pm10': 13202, 'pm25': 13201}}",2.53,7.01,27.81,2.41,4.99,2.74,501063870,37.6,MOD-00613,27.1,2025-09-25T00:00:31,2025-09-24T17:00:31,https://api.quant-aq.com/v1/devices/MOD-00613/data/501063722
