co,co2,geo,met,model,no,no2,o3,pm1,pm10,pm25,raw_data_id,rh,sn,temp,timestamp,timestamp_local,url
2666.9,950.62,"{'lat': None, 'lon': None}","{'rh': 33.7, 'temp': 23.8, 'wd': 0.0, 'ws': 0.0, 'ws_scalar': 0.0}","{'gas': {'co': 13502, 'co2': 13264, 'no': 13590, 'no2': 13769, 'o3': 13749}, 'pm': {'pm1': 13212, 'pm10': 13214, 'pm25': 13213}}",3.64,11.87,28.56,3.63,12.66,4.02,619160264,33.7,MOD-00617,23.8,2026-02-26T22:11:20,2026-02-26T14:11:20,https://api.quant-aq.com/v1/devices/MOD-00617/data/619160113
2642.47,960.01,"{'lat': None, 'lon': None}","{'rh': 34.0, 'temp': 23.8, 'wd': 0.0, 'ws': 0.0, 'ws_scalar': 0.0}","{'gas': {'co': 13502, 'co2': 13264, 'no': 13590, 'no2': 13769, 'o3': 13749}, 'pm': {'pm1': 13212, 'pm10': 13214, 'pm25': 13213}}",3.73,10.81,29.01,3.83,13.96,4.08,619160263,34.0,MOD-00617,23.8,2026-02-26T22:10:20,2026-02-26T14:10:20,https://api.quant-aq.com/v1/devices/MOD-00617/data/619160112
2555.57,974.83,"{'lat': None, 'lon': None}","{'rh': 34.4, 'temp': 23.8, 'wd': 0.0, 'ws': 0.0, 'ws_scalar': 0.0}","{'gas': {'co': 13502, 'co2': 13264, 'no': 13590, 'no2': 13769, 'o3': 13749}, 'pm': {'pm1': 13212, 'pm10': 13214, 'pm25': 13213}}",3.73,11.48,29.44,3.85,22.2,4.27,619160262,34.4,MOD-00617,23.8,2026-02-26T22:09:20,2026-02-26T14:09:20,https://api.quant-aq.com/v1/devices/MOD-00617/data/619160111
2511.04,964.35,"{'lat': None, 'lon': None}","{'rh': 34.1, 'temp': 23.8, 'wd': 0.0, 'ws': 0.0, 'ws_scalar': 0.0}","{'gas': {'co': 13502, 'co2': 13264, 'no': 13590, 'no2': 13769, 'o3': 13749}, 'pm': {'pm1': 13212, 'pm10': 13214, 'pm25': 13213}}",3.71,11.76,28.71,4.18,23.15,4.64,619160261,34.1,MOD-00617,23.8,2026-02-26T22:08:20,2026-02-26T14:08:20,https://api.quant-aq.com/v1/devices/MOD-00617/data/619160110
2471.15,960.01,"{'lat': None, 'lon': None}","{'rh': 34.2, 'temp': 23.8, 'wd': 0.0, 'ws': 0.0, 'ws_scalar': 0.0}","{'gas': {'co': 13502, 'co2': 13264, 'no': 13590, 'no2': 13769, 'o3': 13749}, 'pm': {'pm1': 13212, 'pm10': 13214, 'pm25': 13213}}",3.75,11.38,28.68,4.3,32.66,4.91,619157982,34.2,MOD-00617,23.8,2026-02-26T22:07:20,2026-02-26T14:07:20,https://api.quant-aq.com/v1/devices/MOD-00617/data/619157831
2443.09,959.53,"{'lat': None, 'lon': None}","{'rh': 34.4, 'temp': 23.8, 'wd': 0.0, 'ws': 0.0, 'ws_scalar': 0.0}","{'gas': {'co': 13502, 'co2': 13264, 'no': 13590, 'no2': 13769, 'o3': 13749}, 'pm': {'pm1': 13212, 'pm10': 13214, 'pm25': 13213}}",3.78,11.29,29.44,4.55,23.43,5.08,619157981,34.4,MOD-00617,23.8,2026-02-26T22:06:20,2026-02-26T14:06:20,https://api.quant-aq.com/v1/devices/MOD-00617/data/619157830
2404.84,954.71,"{'lat': None, 'lon': None}","{'rh': 34.5, 'temp': 23.8, 'wd': 0.0, 'ws': 0.0, 'ws_scalar': 0.0}","{'gas': {'co': 13502, 'co2': 13264, 'no': 13590, 'no2': 13769, 'o3': 13749}, 'pm': {'pm1': 13212, 'pm10': 13214, 'pm25': 13213}}",3.65,11.65,29.14,4.42,32.74,5.12,619157980,34.5,MOD-00617,23.8,2026-02-26T22:05:20,2026-02-26T14:05:20,https://api.quant-aq.com/v1/devices/MOD-00617/data/619157829
2389.33,952.67,"{'lat': None, 'lon': None}","{'rh': 33.8, 'temp': 23.8, 'wd': 0.0, 'ws': 0.0, 'ws_scalar': 0.0}","{'gas': {'co': 13502, 'co2': 13264, 'no': 13590, 'no2': 13769, 'o3': 13749}, 'pm': {'pm1': 13212, 'pm10': 13214, 'pm25': 13213}}",3.67,11.89,27.99,3.47,60.44,4.15,619157979,33.8,MOD-00617,23.8,2026-02-26T22:04:20,2026-02-26T14:04:20,https://api.quant-aq.com/v1/devices/MOD-00617/data/619157828
2366.06,960.49,"{'lat': None, 'lon': None}","{'rh': 34.2, 'temp': 23.8, 'wd': 0.0, 'ws': 0.0, 'ws_scalar': 0.0}","{'gas': {'co': 13502, 'co2': 13264, 'no': 13590, 'no2': 13769, 'o3': 13749}, 'pm': {'pm1': 13212, 'pm10': 13214, 'pm25': 13213}}",3.74,11.3,28.68,4.22,18.08,4.87,619155717,34.2,MOD-00617,23.8,2026-02-26T22:03:20,2026-02-26T14:03:20,https://api.quant-aq.com/v1/devices/MOD-00617/data/619155566
2338.27,972.66,"{'lat': None, 'lon': None}","{'rh': 34.6, 'temp': 23.8, 'wd': 0.0, 'ws': 0.0, 'ws_scalar': 0.0}","{'gas': {'co': 13502, 'co2': 13264, 'no': 13590, 'no2': 13769, 'o3': 13749}, 'pm': {'pm1': 13212, 'pm10': 13214, 'pm25': 13213}}",3.74,11.47,29.65,4.69,46.02,5.19,619155714,34.6,MOD-00617,23.8,2026-02-26T22:02:20,2026-02-26T14:02:20,https://api.quant-aq.com/v1/devices/MOD-00617/data/619155567
2324.18,936.04,"{'lat': None, 'lon': None}","{'rh': 34.2, 'temp': 23.8, 'wd': 0.0, 'ws': 0.0, 'ws_scalar': 0.0}","{'gas': {'co': 13502, 'co2': 13264, 'no': 13590, 'no2': 13769, 'o3': 13749}, 'pm': {'pm1': 13212, 'pm10': 13214, 'pm25': 13213}}",3.65,11.47,28.68,5.53,37.61,6.15,619155715,34.2,MOD-00617,23.8,2026-02-26T22:01:20,2026-02-26T14:01:20,https://api.quant-aq.com/v1/devices/MOD-00617/data/619155563
2299.14,936.29,"{'lat': None, 'lon': None}","{'rh': 34.2, 'temp': 23.8, 'wd': 0.0, 'ws': 0.0, 'ws_scalar': 0.0}","{'gas': {'co': 13502, 'co2': 13264, 'no': 13590, 'no2': 13769, 'o3': 13749}, 'pm': {'pm1': 13212, 'pm10': 13214, 'pm25': 13213}}",3.74,11.38,29.22,5.12,37.18,5.96,619155712,34.2,MOD-00617,23.8,2026-02-26T22:00:20,2026-02-26T14:00:20,https://api.quant-aq.com/v1/devices/MOD-00617/data/619155562
2285.26,936.89,"{'lat': None, 'lon': None}","{'rh': 34.1, 'temp': 23.8, 'wd': 0.0, 'ws': 0.0, 'ws_scalar': 0.0}","{'gas': {'co': 13502, 'co2': 13264, 'no': 13590, 'no2': 13769, 'o3': 13749}, 'pm': {'pm1': 13212, 'pm10': 13214, 'pm25': 13213}}",3.68,11.83,29.25,5.33,43.45,6.35,619153495,34.1,MOD-00617,23.8,2026-02-26T21:59:20,2026-02-26T13:59:20,https://api.quant-aq.com/v1/devices/MOD-00617/data/619153344
2280.06,931.95,"{'lat': None, 'lon': None}","{'rh': 33.9, 'temp': 23.8, 'wd': 0.0, 'ws': 0.0, 'ws_scalar': 0.0}","{'gas': {'co': 13502, 'co2': 13264, 'no': 13590, 'no2': 13769, 'o3': 13749}, 'pm': {'pm1': 13212, 'pm10': 13214, 'pm25': 13213}}",3.67,11.79,28.23,4.58,39.69,5.25,619153494,33.9,MOD-00617,23.8,2026-02-26T21:58:20,2026-02-26T13:58:20,https://api.quant-aq.com/v1/devices/MOD-00617/data/619153343
2266.51,931.71,"{'lat': None, 'lon': None}","{'rh': 33.9, 'temp': 23.8, 'wd': 0.0, 'ws': 0.0, 'ws_scalar': 0.0}","{'gas': {'co': 13502, 'co2': 13264, 'no': 13590, 'no2': 13769, 'o3': 13749}, 'pm': {'pm1': 13212, 'pm10': 13214, 'pm25': 13213}}",3.66,11.85,29.04,3.62,20.96,4.32,619153469,33.9,MOD-00617,23.8,2026-02-26T21:57:20,2026-02-26T13:57:20,https://api.quant-aq.com/v1/devices/MOD-00617/data/619153319
2266.1,923.16,"{'lat': None, 'lon': None}","{'rh': 33.9, 'temp': 23.8, 'wd': 0.0, 'ws': 0.0, 'ws_scalar': 0.0}","{'gas': {'co': 13502, 'co2': 13264, 'no': 13590, 'no2': 13769, 'o3': 13749}, 'pm': {'pm1': 13212, 'pm10': 13214, 'pm25': 13213}}",3.67,10.84,28.77,4.82,29.34,5.38,619153468,33.9,MOD-00617,23.8,2026-02-26T21:56:20,2026-02-26T13:56:20,https://api.quant-aq.com/v1/devices/MOD-00617/data/619153317
2269.8,933.51,"{'lat': None, 'lon': None}","{'rh': 33.9, 'temp': 23.8, 'wd': 0.0, 'ws': 0.0, 'ws_scalar': 0.0}","{'gas': {'co': 13502, 'co2': 13264, 'no': 13590, 'no2': 13769, 'o3': 13749}, 'pm': {'pm1': 13212, 'pm10': 13214, 'pm25': 13213}}",3.67,11.79,29.04,4.55,35.2,5.18,619151216,33.9,MOD-00617,23.8,2026-02-26T21:55:20,2026-02-26T13:55:20,https://api.quant-aq.com/v1/devices/MOD-00617/data/619151065
2264.39,940.14,"{'lat': None, 'lon': None}","{'rh': 34.0, 'temp': 23.8, 'wd': 0.0, 'ws': 0.0, 'ws_scalar': 0.0}","{'gas': {'co': 13502, 'co2': 13264, 'no': 13590, 'no2': 13769, 'o3': 13749}, 'pm': {'pm1': 13212, 'pm10': 13214, 'pm25': 13213}}",3.67,11.87,29.28,4.76,30.87,5.66,619151215,34.0,MOD-00617,23.8,2026-02-26T21:54:20,2026-02-26T13:54:20,https://api.quant-aq.com/v1/devices/MOD-00617/data/619151064
2257.0,928.34,"{'lat': None, 'lon': None}","{'rh': 34.0, 'temp': 23.8, 'wd': 0.0, 'ws': 0.0, 'ws_scalar': 0.0}","{'gas': {'co': 13502, 'co2': 13264, 'no': 13590, 'no2': 13769, 'o3': 13749}, 'pm': {'pm1': 13212, 'pm10': 13214, 'pm25': 13213}}",3.61,11.66,28.74,4.48,42.28,5.57,619151214,34.0,MOD-00617,23.8,2026-02-26T21:53:20,2026-02-26T13:53:20,https://api.quant-aq.com/v1/devices/MOD-00617/data/619151063
2270.69,922.92,"{'lat': None, 'lon': None}","{'rh': 33.8, 'temp': 23.8, 'wd': 0.0, 'ws': 0.0, 'ws_scalar': 0.0}","{'gas': {'co': 13502, 'co2': 13264, 'no': 13590, 'no2': 13769, 'o3': 13749}, 'pm': {'pm1': 13212, 'pm10': 13214, 'pm25': 13213}}",3.65,11.89,29.6,4.86,53.86,5.93,619151213,33.8,MOD-00617,23.8,2026-02-26T21:52:20,2026-02-26T13:52:20,https://api.quant-aq.com/v1/devices/MOD-00617/data/619151062
2274.87,903.4,"{'lat': None, 'lon': None}","{'rh': 33.7, 'temp': 23.8, 'wd': 0.0, 'ws': 0.0, 'ws_scalar': 0.0}","{'gas': {'co': 13502, 'co2': 13264, 'no': 13590, 'no2': 13769, 'o3': 13749}, 'pm': {'pm1': 13212, 'pm10': 13214, 'pm25': 13213}}",3.61,11.98,29.09,4.7,26.17,5.58,619148961,33.7,MOD-00617,23.8,2026-02-26T21:51:20,2026-02-26T13:51:20,https://api.quant-aq.com/v1/devices/MOD-00617/data/619148810
2292.59,906.9,"{'lat': None, 'lon': None}","{'rh': 33.6, 'temp': 23.8, 'wd': 0.0, 'ws': 0.0, 'ws_scalar': 0.0}","{'gas': {'co': 13502, 'co2': 13264, 'no': 13590, 'no2': 13769, 'o3': 13749}, 'pm': {'pm1': 13212, 'pm10': 13214, 'pm25': 13213}}",3.61,10.36,29.12,5.27,51.37,5.93,619148965,33.6,MOD-00617,23.8,2026-02-26T21:50:20,2026-02-26T13:50:20,https://api.quant-aq.com/v1/devices/MOD-00617/data/619148812
2308.87,918.58,"{'lat': None, 'lon': None}","{'rh': 33.8, 'temp': 23.8, 'wd': 0.0, 'ws': 0.0, 'ws_scalar': 0.0}","{'gas': {'co': 13502, 'co2': 13264, 'no': 13590, 'no2': 13769, 'o3': 13749}, 'pm': {'pm1': 13212, 'pm10': 13214, 'pm25': 13213}}",3.64,11.83,28.53,4.94,44.76,5.7,619148963,33.8,MOD-00617,23.8,2026-02-26T21:49:20,2026-02-26T13:49:20,https://api.quant-aq.com/v1/devices/MOD-00617/data/619148814
2320.36,909.79,"{'lat': None, 'lon': None}","{'rh': 33.8, 'temp': 23.8, 'wd': 0.0, 'ws': 0.0, 'ws_scalar': 0.0}","{'gas': {'co': 13502, 'co2': 13264, 'no': 13590, 'no2': 13769, 'o3': 13749}, 'pm': {'pm1': 13212, 'pm10': 13214, 'pm25': 13213}}",3.63,11.94,29.33,4.93,50.31,5.47,619148962,33.8,MOD-00617,23.8,2026-02-26T21:48:20,2026-02-26T13:48:20,https://api.quant-aq.com/v1/devices/MOD-00617/data/619148811
2336.51,900.15,"{'lat': None, 'lon': None}","{'rh': 33.6, 'temp': 23.8, 'wd': 0.0, 'ws': 0.0, 'ws_scalar': 0.0}","{'gas': {'co': 13502, 'co2': 13264, 'no': 13590, 'no2': 13769, 'o3': 13749}, 'pm': {'pm1': 13212, 'pm10': 13214, 'pm25': 13213}}",3.6,11.96,28.85,4.74,25.31,5.09,619146696,33.6,MOD-00617,23.8,2026-02-26T21:47:20,2026-02-26T13:47:20,https://api.quant-aq.com/v1/devices/MOD-00617/data/619146544
2341.51,889.79,"{'lat': None, 'lon': None}","{'rh': 33.5, 'temp': 23.8, 'wd': 0.0, 'ws': 0.0, 'ws_scalar': 0.0}","{'gas': {'co': 13502, 'co2': 13264, 'no': 13590, 'no2': 13769, 'o3': 13749}, 'pm': {'pm1': 13212, 'pm10': 13214, 'pm25': 13213}}",3.58,10.38,28.88,4.02,14.29,4.19,619146695,33.5,MOD-00617,23.8,2026-02-26T21:46:20,2026-02-26T13:46:20,https://api.quant-aq.com/v1/devices/MOD-00617/data/619146545
2361.22,885.94,"{'lat': None, 'lon': None}","{'rh': 33.5, 'temp': 23.8, 'wd': 0.0, 'ws': 0.0, 'ws_scalar': 0.0}","{'gas': {'co': 13502, 'co2': 13264, 'no': 13590, 'no2': 13769, 'o3': 13749}, 'pm': {'pm1': 13212, 'pm10': 13214, 'pm25': 13213}}",3.59,10.38,28.88,5.54,12.98,5.77,619146694,33.5,MOD-00617,23.8,2026-02-26T21:45:20,2026-02-26T13:45:20,https://api.quant-aq.com/v1/devices/MOD-00617/data/619146543
2381.74,884.49,"{'lat': None, 'lon': None}","{'rh': 33.5, 'temp': 23.8, 'wd': 0.0, 'ws': 0.0, 'ws_scalar': 0.0}","{'gas': {'co': 13502, 'co2': 13264, 'no': 13590, 'no2': 13769, 'o3': 13749}, 'pm': {'pm1': 13212, 'pm10': 13214, 'pm25': 13213}}",3.59,11.95,28.88,5.01,22.96,5.32,619146693,33.5,MOD-00617,23.8,2026-02-26T21:44:20,2026-02-26T13:44:20,https://api.quant-aq.com/v1/devices/MOD-00617/data/619146542
2400.02,879.31,"{'lat': None, 'lon': None}","{'rh': 33.2, 'temp': 23.8, 'wd': 0.0, 'ws': 0.0, 'ws_scalar': 0.0}","{'gas': {'co': 13502, 'co2': 13264, 'no': 13590, 'no2': 13769, 'o3': 13749}, 'pm': {'pm1': 13212, 'pm10': 13214, 'pm25': 13213}}",3.62,10.52,28.43,4.15,22.92,4.56,619144418,33.2,MOD-00617,23.8,2026-02-26T21:43:20,2026-02-26T13:43:20,https://api.quant-aq.com/v1/devices/MOD-00617/data/619144267
2424.17,893.41,"{'lat': None, 'lon': None}","{'rh': 33.3, 'temp': 23.8, 'wd': 0.0, 'ws': 0.0, 'ws_scalar': 0.0}","{'gas': {'co': 13502, 'co2': 13264, 'no': 13590, 'no2': 13769, 'o3': 13749}, 'pm': {'pm1': 13212, 'pm10': 13214, 'pm25': 13213}}",3.65,8.59,28.67,4.81,8.91,5.12,619144413,33.3,MOD-00617,23.8,2026-02-26T21:42:20,2026-02-26T13:42:20,https://api.quant-aq.com/v1/devices/MOD-00617/data/619144263
2439.62,890.03,"{'lat': None, 'lon': None}","{'rh': 33.5, 'temp': 23.8, 'wd': 0.0, 'ws': 0.0, 'ws_scalar': 0.0}","{'gas': {'co': 13502, 'co2': 13264, 'no': 13590, 'no2': 13769, 'o3': 13749}, 'pm': {'pm1': 13212, 'pm10': 13214, 'pm25': 13213}}",3.59,11.95,28.88,5.15,6.96,5.51,619144416,33.5,MOD-00617,23.8,2026-02-26T21:41:20,2026-02-26T13:41:20,https://api.quant-aq.com/v1/devices/MOD-00617/data/619144264
2456.31,892.8,"{'lat': None, 'lon': None}","{'rh': 33.7, 'temp': 23.8, 'wd': 0.0, 'ws': 0.0, 'ws_scalar': 0.0}","{'gas': {'co': 13502, 'co2': 13264, 'no': 13590, 'no2': 13769, 'o3': 13749}, 'pm': {'pm1': 13212, 'pm10': 13214, 'pm25': 13213}}",3.63,11.87,28.83,5.89,37.33,6.15,619144417,33.7,MOD-00617,23.8,2026-02-26T21:40:20,2026-02-26T13:40:20,https://api.quant-aq.com/v1/devices/MOD-00617/data/619144266
2476.09,883.17,"{'lat': None, 'lon': None}","{'rh': 33.6, 'temp': 23.8, 'wd': 0.0, 'ws': 0.0, 'ws_scalar': 0.0}","{'gas': {'co': 13502, 'co2': 13264, 'no': 13590, 'no2': 13769, 'o3': 13749}, 'pm': {'pm1': 13212, 'pm10': 13214, 'pm25': 13213}}",3.61,10.36,29.12,6.36,16.94,6.58,619142198,33.6,MOD-00617,23.8,2026-02-26T21:39:20,2026-02-26T13:39:20,https://api.quant-aq.com/v1/devices/MOD-00617/data/619142047
2487.24,877.87,"{'lat': None, 'lon': None}","{'rh': 33.5, 'temp': 23.8, 'wd': 0.0, 'ws': 0.0, 'ws_scalar': 0.0}","{'gas': {'co': 13502, 'co2': 13264, 'no': 13590, 'no2': 13769, 'o3': 13749}, 'pm': {'pm1': 13212, 'pm10': 13214, 'pm25': 13213}}",3.59,11.95,29.42,6.42,37.37,6.65,619142199,33.5,MOD-00617,23.8,2026-02-26T21:38:20,2026-02-26T13:38:20,https://api.quant-aq.com/v1/devices/MOD-00617/data/619142048
2497.02,885.46,"{'lat': None, 'lon': None}","{'rh': 33.6, 'temp': 23.8, 'wd': 0.0, 'ws': 0.0, 'ws_scalar': 0.0}","{'gas': {'co': 13502, 'co2': 13264, 'no': 13590, 'no2': 13769, 'o3': 13749}, 'pm': {'pm1': 13212, 'pm10': 13214, 'pm25': 13213}}",3.62,10.18,29.12,6.9,18.91,7.02,619142200,33.6,MOD-00617,23.8,2026-02-26T21:37:20,2026-02-26T13:37:20,https://api.quant-aq.com/v1/devices/MOD-00617/data/619142049
2519.19,883.05,"{'lat': None, 'lon': None}","{'rh': 33.6, 'temp': 23.8, 'wd': 0.0, 'ws': 0.0, 'ws_scalar': 0.0}","{'gas': {'co': 13502, 'co2': 13264, 'no': 13590, 'no2': 13769, 'o3': 13749}, 'pm': {'pm1': 13212, 'pm10': 13214, 'pm25': 13213}}",3.61,10.3,29.12,5.79,7.32,6.01,619142197,33.6,MOD-00617,23.8,2026-02-26T21:36:20,2026-02-26T13:36:20,https://api.quant-aq.com/v1/devices/MOD-00617/data/619142046
2543.75,883.53,"{'lat': None, 'lon': None}","{'rh': 33.7, 'temp': 23.8, 'wd': 0.0, 'ws': 0.0, 'ws_scalar': 0.0}","{'gas': {'co': 13502, 'co2': 13264, 'no': 13590, 'no2': 13769, 'o3': 13749}, 'pm': {'pm1': 13212, 'pm10': 13214, 'pm25': 13213}}",3.64,10.28,28.29,4.99,17.1,5.21,619139908,33.7,MOD-00617,23.8,2026-02-26T21:35:20,2026-02-26T13:35:20,https://api.quant-aq.com/v1/devices/MOD-00617/data/619139757
2553.12,889.67,"{'lat': None, 'lon': None}","{'rh': 33.8, 'temp': 23.8, 'wd': 0.0, 'ws': 0.0, 'ws_scalar': 0.0}","{'gas': {'co': 13502, 'co2': 13264, 'no': 13590, 'no2': 13769, 'o3': 13749}, 'pm': {'pm1': 13212, 'pm10': 13214, 'pm25': 13213}}",3.65,11.77,29.07,5.21,15.29,5.47,619139906,33.8,MOD-00617,23.8,2026-02-26T21:34:20,2026-02-26T13:34:20,https://api.quant-aq.com/v1/devices/MOD-00617/data/619139755
2566.19,884.98,"{'lat': None, 'lon': None}","{'rh': 33.9, 'temp': 23.8, 'wd': 0.0, 'ws': 0.0, 'ws_scalar': 0.0}","{'gas': {'co': 13502, 'co2': 13264, 'no': 13590, 'no2': 13769, 'o3': 13749}, 'pm': {'pm1': 13212, 'pm10': 13214, 'pm25': 13213}}",3.66,11.85,28.23,5.61,41.26,5.83,619139907,33.9,MOD-00617,23.8,2026-02-26T21:33:20,2026-02-26T13:33:20,https://api.quant-aq.com/v1/devices/MOD-00617/data/619139756
2589.44,889.07,"{'lat': None, 'lon': None}","{'rh': 34.1, 'temp': 23.8, 'wd': 0.0, 'ws': 0.0, 'ws_scalar': 0.0}","{'gas': {'co': 13502, 'co2': 13264, 'no': 13590, 'no2': 13769, 'o3': 13749}, 'pm': {'pm1': 13212, 'pm10': 13214, 'pm25': 13213}}",3.74,11.28,28.98,5.6,7.09,5.93,619139905,34.1,MOD-00617,23.8,2026-02-26T21:32:20,2026-02-26T13:32:20,https://api.quant-aq.com/v1/devices/MOD-00617/data/619139754
2619.0,891.0,"{'lat': None, 'lon': None}","{'rh': 34.1, 'temp': 23.8, 'wd': 0.0, 'ws': 0.0, 'ws_scalar': 0.0}","{'gas': {'co': 13502, 'co2': 13264, 'no': 13590, 'no2': 13769, 'o3': 13749}, 'pm': {'pm1': 13212, 'pm10': 13214, 'pm25': 13213}}",3.71,11.28,28.71,6.45,21.92,6.6,619137660,34.1,MOD-00617,23.8,2026-02-26T21:31:20,2026-02-26T13:31:20,https://api.quant-aq.com/v1/devices/MOD-00617/data/619137510
2636.51,889.55,"{'lat': None, 'lon': None}","{'rh': 34.3, 'temp': 23.8, 'wd': 0.0, 'ws': 0.0, 'ws_scalar': 0.0}","{'gas': {'co': 13502, 'co2': 13264, 'no': 13590, 'no2': 13769, 'o3': 13749}, 'pm': {'pm1': 13212, 'pm10': 13214, 'pm25': 13213}}",3.74,11.41,28.39,6.54,25.22,6.82,619137664,34.3,MOD-00617,23.8,2026-02-26T21:30:20,2026-02-26T13:30:20,https://api.quant-aq.com/v1/devices/MOD-00617/data/619137514
2661.07,889.07,"{'lat': None, 'lon': None}","{'rh': 34.4, 'temp': 23.8, 'wd': 0.0, 'ws': 0.0, 'ws_scalar': 0.0}","{'gas': {'co': 13502, 'co2': 13264, 'no': 13590, 'no2': 13769, 'o3': 13749}, 'pm': {'pm1': 13212, 'pm10': 13214, 'pm25': 13213}}",3.75,11.29,28.63,6.96,10.41,7.22,619137657,34.4,MOD-00617,23.8,2026-02-26T21:29:20,2026-02-26T13:29:20,https://api.quant-aq.com/v1/devices/MOD-00617/data/619137507
2683.92,893.77,"{'lat': None, 'lon': None}","{'rh': 34.6, 'temp': 23.8, 'wd': 0.0, 'ws': 0.0, 'ws_scalar': 0.0}","{'gas': {'co': 13502, 'co2': 13264, 'no': 13590, 'no2': 13769, 'o3': 13749}, 'pm': {'pm1': 13212, 'pm10': 13214, 'pm25': 13213}}",3.78,11.66,28.3,7.53,14.38,7.83,619137656,34.6,MOD-00617,23.8,2026-02-26T21:28:20,2026-02-26T13:28:20,https://api.quant-aq.com/v1/devices/MOD-00617/data/619137505
2698.28,893.41,"{'lat': None, 'lon': None}","{'rh': 34.6, 'temp': 23.8, 'wd': 0.0, 'ws': 0.0, 'ws_scalar': 0.0}","{'gas': {'co': 13502, 'co2': 13264, 'no': 13590, 'no2': 13769, 'o3': 13749}, 'pm': {'pm1': 13212, 'pm10': 13214, 'pm25': 13213}}",3.75,11.47,29.11,6.7,27.79,7.01,619135380,34.6,MOD-00617,23.8,2026-02-26T21:27:20,2026-02-26T13:27:20,https://api.quant-aq.com/v1/devices/MOD-00617/data/619135229
2711.01,892.8,"{'lat': None, 'lon': None}","{'rh': 34.6, 'temp': 23.8, 'wd': 0.0, 'ws': 0.0, 'ws_scalar': 0.0}","{'gas': {'co': 13502, 'co2': 13264, 'no': 13590, 'no2': 13769, 'o3': 13749}, 'pm': {'pm1': 13212, 'pm10': 13214, 'pm25': 13213}}",3.79,11.37,28.3,7.1,12.98,7.37,619135379,34.6,MOD-00617,23.8,2026-02-26T21:26:20,2026-02-26T13:26:20,https://api.quant-aq.com/v1/devices/MOD-00617/data/619135228
2708.14,899.55,"{'lat': None, 'lon': None}","{'rh': 34.6, 'temp': 23.8, 'wd': 0.0, 'ws': 0.0, 'ws_scalar': 0.0}","{'gas': {'co': 13502, 'co2': 13264, 'no': 13590, 'no2': 13769, 'o3': 13749}, 'pm': {'pm1': 13212, 'pm10': 13214, 'pm25': 13213}}",3.77,11.57,28.84,5.0,10.9,5.39,619135378,34.6,MOD-00617,23.8,2026-02-26T21:25:20,2026-02-26T13:25:20,https://api.quant-aq.com/v1/devices/MOD-00617/data/619135227
2727.77,909.18,"{'lat': None, 'lon': None}","{'rh': 34.7, 'temp': 23.8, 'wd': 0.0, 'ws': 0.0, 'ws_scalar': 0.0}","{'gas': {'co': 13502, 'co2': 13264, 'no': 13590, 'no2': 13769, 'o3': 13749}, 'pm': {'pm1': 13212, 'pm10': 13214, 'pm25': 13213}}",3.8,11.47,28.54,4.19,14.64,4.45,619135377,34.7,MOD-00617,23.8,2026-02-26T21:24:20,2026-02-26T13:24:20,https://api.quant-aq.com/v1/devices/MOD-00617/data/619135226
2752.33,915.93,"{'lat': None, 'lon': None}","{'rh': 34.8, 'temp': 23.8, 'wd': 0.0, 'ws': 0.0, 'ws_scalar': 0.0}","{'gas': {'co': 13502, 'co2': 13264, 'no': 13590, 'no2': 13769, 'o3': 13749}, 'pm': {'pm1': 13212, 'pm10': 13214, 'pm25': 13213}}",3.82,12.77,28.78,4.13,15.12,4.32,619133100,34.8,MOD-00617,23.8,2026-02-26T21:23:20,2026-02-26T13:23:20,https://api.quant-aq.com/v1/devices/MOD-00617/data/619132949
2756.22,920.51,"{'lat': None, 'lon': None}","{'rh': 35.1, 'temp': 23.8, 'wd': 0.0, 'ws': 0.0, 'ws_scalar': 0.0}","{'gas': {'co': 13502, 'co2': 13264, 'no': 13590, 'no2': 13769, 'o3': 13749}, 'pm': {'pm1': 13212, 'pm10': 13214, 'pm25': 13213}}",3.82,20.72,28.7,4.11,17.79,4.37,619133101,35.1,MOD-00617,23.8,2026-02-26T21:22:20,2026-02-26T13:22:20,https://api.quant-aq.com/v1/devices/MOD-00617/data/619132950
2763.61,908.34,"{'lat': None, 'lon': None}","{'rh': 35.1, 'temp': 23.8, 'wd': 0.0, 'ws': 0.0, 'ws_scalar': 0.0}","{'gas': {'co': 13502, 'co2': 13264, 'no': 13590, 'no2': 13769, 'o3': 13749}, 'pm': {'pm1': 13212, 'pm10': 13214, 'pm25': 13213}}",3.8,11.48,28.16,4.04,16.47,4.36,619133102,35.1,MOD-00617,23.8,2026-02-26T21:21:20,2026-02-26T13:21:20,https://api.quant-aq.com/v1/devices/MOD-00617/data/619132951
2774.07,919.3,"{'lat': None, 'lon': None}","{'rh': 35.4, 'temp': 23.8, 'wd': 0.0, 'ws': 0.0, 'ws_scalar': 0.0}","{'gas': {'co': 13502, 'co2': 13264, 'no': 13590, 'no2': 13769, 'o3': 13749}, 'pm': {'pm1': 13212, 'pm10': 13214, 'pm25': 13213}}",3.81,24.04,29.16,4.23,15.2,4.68,619133099,35.4,MOD-00617,23.8,2026-02-26T21:20:20,2026-02-26T13:20:20,https://api.quant-aq.com/v1/devices/MOD-00617/data/619132948
2777.84,926.53,"{'lat': None, 'lon': None}","{'rh': 35.3, 'temp': 23.8, 'wd': 0.0, 'ws': 0.0, 'ws_scalar': 0.0}","{'gas': {'co': 13502, 'co2': 13264, 'no': 13590, 'no2': 13769, 'o3': 13749}, 'pm': {'pm1': 13212, 'pm10': 13214, 'pm25': 13213}}",3.84,15.83,28.64,3.96,12.63,4.4,619130717,35.3,MOD-00617,23.8,2026-02-26T21:19:20,2026-02-26T13:19:20,https://api.quant-aq.com/v1/devices/MOD-00617/data/619130565
2780.09,943.27,"{'lat': None, 'lon': None}","{'rh': 35.6, 'temp': 23.8, 'wd': 0.0, 'ws': 0.0, 'ws_scalar': 0.0}","{'gas': {'co': 13502, 'co2': 13264, 'no': 13590, 'no2': 13769, 'o3': 13749}, 'pm': {'pm1': 13212, 'pm10': 13214, 'pm25': 13213}}",3.83,12.64,28.83,4.39,15.25,4.88,619130714,35.6,MOD-00617,23.8,2026-02-26T21:18:20,2026-02-26T13:18:20,https://api.quant-aq.com/v1/devices/MOD-00617/data/619130564
2789.53,927.13,"{'lat': None, 'lon': None}","{'rh': 35.6, 'temp': 23.8, 'wd': 0.0, 'ws': 0.0, 'ws_scalar': 0.0}","{'gas': {'co': 13502, 'co2': 13264, 'no': 13590, 'no2': 13769, 'o3': 13749}, 'pm': {'pm1': 13212, 'pm10': 13214, 'pm25': 13213}}",3.8,12.55,29.38,4.78,20.15,5.17,619130716,35.6,MOD-00617,23.8,2026-02-26T21:17:20,2026-02-26T13:17:20,https://api.quant-aq.com/v1/devices/MOD-00617/data/619130566
2791.72,923.64,"{'lat': None, 'lon': None}","{'rh': 35.4, 'temp': 23.8, 'wd': 0.0, 'ws': 0.0, 'ws_scalar': 0.0}","{'gas': {'co': 13502, 'co2': 13264, 'no': 13590, 'no2': 13769, 'o3': 13749}, 'pm': {'pm1': 13212, 'pm10': 13214, 'pm25': 13213}}",3.84,11.1,28.62,4.51,5.93,4.91,619130715,35.4,MOD-00617,23.8,2026-02-26T21:16:20,2026-02-26T13:16:20,https://api.quant-aq.com/v1/devices/MOD-00617/data/619130563
2809.64,927.73,"{'lat': None, 'lon': None}","{'rh': 35.6, 'temp': 23.8, 'wd': 0.0, 'ws': 0.0, 'ws_scalar': 0.0}","{'gas': {'co': 13502, 'co2': 13264, 'no': 13590, 'no2': 13769, 'o3': 13749}, 'pm': {'pm1': 13212, 'pm10': 13214, 'pm25': 13213}}",3.83,23.77,28.83,4.9,41.04,5.37,619128496,35.6,MOD-00617,23.8,2026-02-26T21:15:20,2026-02-26T13:15:20,https://api.quant-aq.com/v1/devices/MOD-00617/data/619128345
2817.03,931.59,"{'lat': None, 'lon': None}","{'rh': 35.6, 'temp': 23.8, 'wd': 0.0, 'ws': 0.0, 'ws_scalar': 0.0}","{'gas': {'co': 13502, 'co2': 13264, 'no': 13590, 'no2': 13769, 'o3': 13749}, 'pm': {'pm1': 13212, 'pm10': 13214, 'pm25': 13213}}",3.84,24.27,29.1,4.64,13.26,5.25,619128493,35.6,MOD-00617,23.8,2026-02-26T21:14:20,2026-02-26T13:14:20,https://api.quant-aq.com/v1/devices/MOD-00617/data/619128343
2829.9,925.57,"{'lat': None, 'lon': None}","{'rh': 35.4, 'temp': 23.8, 'wd': 0.0, 'ws': 0.0, 'ws_scalar': 0.0}","{'gas': {'co': 13502, 'co2': 13264, 'no': 13590, 'no2': 13769, 'o3': 13749}, 'pm': {'pm1': 13212, 'pm10': 13214, 'pm25': 13213}}",3.8,24.04,29.16,4.34,19.48,4.8,619128494,35.4,MOD-00617,23.8,2026-02-26T21:13:20,2026-02-26T13:13:20,https://api.quant-aq.com/v1/devices/MOD-00617/data/619128342
2844.61,922.8,"{'lat': None, 'lon': None}","{'rh': 35.5, 'temp': 23.8, 'wd': 0.0, 'ws': 0.0, 'ws_scalar': 0.0}","{'gas': {'co': 13502, 'co2': 13264, 'no': 13590, 'no2': 13769, 'o3': 13749}, 'pm': {'pm1': 13212, 'pm10': 13214, 'pm25': 13213}}",3.84,23.78,29.4,4.63,36.24,5.08,619128495,35.5,MOD-00617,23.8,2026-02-26T21:12:20,2026-02-26T13:12:20,https://api.quant-aq.com/v1/devices/MOD-00617/data/619128344
2856.62,923.16,"{'lat': None, 'lon': None}","{'rh': 35.5, 'temp': 23.9, 'wd': 0.0, 'ws': 0.0, 'ws_scalar': 0.0}","{'gas': {'co': 13502, 'co2': 13264, 'no': 13590, 'no2': 13769, 'o3': 13749}, 'pm': {'pm1': 13212, 'pm10': 13214, 'pm25': 13213}}",3.83,24.52,28.6,4.58,17.46,5.17,619126202,35.5,MOD-00617,23.9,2026-02-26T21:11:20,2026-02-26T13:11:20,https://api.quant-aq.com/v1/devices/MOD-00617/data/619126051
2869.97,915.69,"{'lat': None, 'lon': None}","{'rh': 35.2, 'temp': 23.9, 'wd': 0.0, 'ws': 0.0, 'ws_scalar': 0.0}","{'gas': {'co': 13502, 'co2': 13264, 'no': 13590, 'no2': 13769, 'o3': 13749}, 'pm': {'pm1': 13212, 'pm10': 13214, 'pm25': 13213}}",3.9,21.63,27.87,4.44,35.4,4.86,619126199,35.2,MOD-00617,23.9,2026-02-26T21:10:20,2026-02-26T13:10:20,https://api.quant-aq.com/v1/devices/MOD-00617/data/619126048
2900.81,915.69,"{'lat': None, 'lon': None}","{'rh': 35.7, 'temp': 23.9, 'wd': 0.0, 'ws': 0.0, 'ws_scalar': 0.0}","{'gas': {'co': 13502, 'co2': 13264, 'no': 13590, 'no2': 13769, 'o3': 13749}, 'pm': {'pm1': 13212, 'pm10': 13214, 'pm25': 13213}}",3.84,24.51,29.09,4.73,20.56,5.16,619126198,35.7,MOD-00617,23.9,2026-02-26T21:09:20,2026-02-26T13:09:20,https://api.quant-aq.com/v1/devices/MOD-00617/data/619126047
2913.06,916.41,"{'lat': None, 'lon': None}","{'rh': 35.8, 'temp': 23.9, 'wd': 0.0, 'ws': 0.0, 'ws_scalar': 0.0}","{'gas': {'co': 13502, 'co2': 13264, 'no': 13590, 'no2': 13769, 'o3': 13749}, 'pm': {'pm1': 13212, 'pm10': 13214, 'pm25': 13213}}",3.84,24.74,29.33,5.01,22.44,5.43,619126200,35.8,MOD-00617,23.9,2026-02-26T21:08:20,2026-02-26T13:08:20,https://api.quant-aq.com/v1/devices/MOD-00617/data/619126049
2904.44,914.97,"{'lat': None, 'lon': None}","{'rh': 35.8, 'temp': 23.9, 'wd': 0.0, 'ws': 0.0, 'ws_scalar': 0.0}","{'gas': {'co': 13502, 'co2': 13264, 'no': 13590, 'no2': 13769, 'o3': 13749}, 'pm': {'pm1': 13212, 'pm10': 13214, 'pm25': 13213}}",3.84,25.22,29.61,4.27,30.33,4.79,619123962,35.8,MOD-00617,23.9,2026-02-26T21:07:20,2026-02-26T13:07:20,https://api.quant-aq.com/v1/devices/MOD-00617/data/619123811
2887.41,914.73,"{'lat': None, 'lon': None}","{'rh': 35.5, 'temp': 23.9, 'wd': 0.0, 'ws': 0.0, 'ws_scalar': 0.0}","{'gas': {'co': 13502, 'co2': 13264, 'no': 13590, 'no2': 13769, 'o3': 13749}, 'pm': {'pm1': 13212, 'pm10': 13214, 'pm25': 13213}}",3.87,24.05,28.33,4.1,18.7,4.6,619123965,35.5,MOD-00617,23.9,2026-02-26T21:06:20,2026-02-26T13:06:20,https://api.quant-aq.com/v1/devices/MOD-00617/data/619123814
2899.85,916.53,"{'lat': None, 'lon': None}","{'rh': 35.9, 'temp': 23.9, 'wd': 0.0, 'ws': 0.0, 'ws_scalar': 0.0}","{'gas': {'co': 13502, 'co2': 13264, 'no': 13590, 'no2': 13769, 'o3': 13749}, 'pm': {'pm1': 13212, 'pm10': 13214, 'pm25': 13213}}",3.86,24.27,29.03,4.98,38.27,5.42,619123964,35.9,MOD-00617,23.9,2026-02-26T21:05:20,2026-02-26T13:05:20,https://api.quant-aq.com/v1/devices/MOD-00617/data/619123813
2890.07,908.7,"{'lat': None, 'lon': None}","{'rh': 35.8, 'temp': 23.9, 'wd': 0.0, 'ws': 0.0, 'ws_scalar': 0.0}","{'gas': {'co': 13502, 'co2': 13264, 'no': 13590, 'no2': 13769, 'o3': 13749}, 'pm': {'pm1': 13212, 'pm10': 13214, 'pm25': 13213}}",3.84,25.22,28.79,3.98,14.86,4.56,619123963,35.8,MOD-00617,23.9,2026-02-26T21:04:20,2026-02-26T13:04:20,https://api.quant-aq.com/v1/devices/MOD-00617/data/619123812
2911.82,912.32,"{'lat': None, 'lon': None}","{'rh': 35.8, 'temp': 23.9, 'wd': 0.0, 'ws': 0.0, 'ws_scalar': 0.0}","{'gas': {'co': 13502, 'co2': 13264, 'no': 13590, 'no2': 13769, 'o3': 13749}, 'pm': {'pm1': 13212, 'pm10': 13214, 'pm25': 13213}}",3.88,16.08,28.79,4.91,7.37,5.16,619121711,35.8,MOD-00617,23.9,2026-02-26T21:03:20,2026-02-26T13:03:20,https://api.quant-aq.com/v1/devices/MOD-00617/data/619121560
2901.35,920.02,"{'lat': None, 'lon': None}","{'rh': 36.1, 'temp': 23.9, 'wd': 0.0, 'ws': 0.0, 'ws_scalar': 0.0}","{'gas': {'co': 13502, 'co2': 13264, 'no': 13590, 'no2': 13769, 'o3': 13749}, 'pm': {'pm1': 13212, 'pm10': 13214, 'pm25': 13213}}",4.38,24.97,28.98,4.35,18.65,4.77,619121709,36.1,MOD-00617,23.9,2026-02-26T21:02:20,2026-02-26T13:02:20,https://api.quant-aq.com/v1/devices/MOD-00617/data/619121558
2869.74,936.16,"{'lat': None, 'lon': None}","{'rh': 36.1, 'temp': 23.9, 'wd': 0.0, 'ws': 0.0, 'ws_scalar': 0.0}","{'gas': {'co': 13502, 'co2': 13264, 'no': 13590, 'no2': 13769, 'o3': 13749}, 'pm': {'pm1': 13212, 'pm10': 13214, 'pm25': 13213}}",4.38,24.73,29.25,4.12,23.13,4.51,619121712,36.1,MOD-00617,23.9,2026-02-26T21:01:20,2026-02-26T13:01:20,https://api.quant-aq.com/v1/devices/MOD-00617/data/619121561
2848.46,925.57,"{'lat': None, 'lon': None}","{'rh': 36.0, 'temp': 23.9, 'wd': 0.0, 'ws': 0.0, 'ws_scalar': 0.0}","{'gas': {'co': 13502, 'co2': 13264, 'no': 13590, 'no2': 13769, 'o3': 13749}, 'pm': {'pm1': 13212, 'pm10': 13214, 'pm25': 13213}}",4.39,24.73,29.01,4.39,26.35,4.83,619121710,36.0,MOD-00617,23.9,2026-02-26T21:00:20,2026-02-26T13:00:20,https://api.quant-aq.com/v1/devices/MOD-00617/data/619121559
2842.31,921.23,"{'lat': None, 'lon': None}","{'rh': 36.0, 'temp': 23.9, 'wd': 0.0, 'ws': 0.0, 'ws_scalar': 0.0}","{'gas': {'co': 13502, 'co2': 13264, 'no': 13590, 'no2': 13769, 'o3': 13749}, 'pm': {'pm1': 13212, 'pm10': 13214, 'pm25': 13213}}",4.42,24.26,28.46,4.74,34.49,5.23,619119479,36.0,MOD-00617,23.9,2026-02-26T20:59:20,2026-02-26T12:59:20,https://api.quant-aq.com/v1/devices/MOD-00617/data/619119328
2837.65,924.0,"{'lat': None, 'lon': None}","{'rh': 36.2, 'temp': 23.9, 'wd': 0.0, 'ws': 0.0, 'ws_scalar': 0.0}","{'gas': {'co': 13502, 'co2': 13264, 'no': 13590, 'no2': 13769, 'o3': 13749}, 'pm': {'pm1': 13212, 'pm10': 13214, 'pm25': 13213}}",4.39,24.73,29.77,6.15,25.61,6.74,619119478,36.2,MOD-00617,23.9,2026-02-26T20:58:20,2026-02-26T12:58:20,https://api.quant-aq.com/v1/devices/MOD-00617/data/619119327
2813.02,917.01,"{'lat': None, 'lon': None}","{'rh': 36.2, 'temp': 23.9, 'wd': 0.0, 'ws': 0.0, 'ws_scalar': 0.0}","{'gas': {'co': 13502, 'co2': 13264, 'no': 13590, 'no2': 13769, 'o3': 13749}, 'pm': {'pm1': 13212, 'pm10': 13214, 'pm25': 13213}}",4.39,24.73,28.95,4.64,34.26,5.05,619119477,36.2,MOD-00617,23.9,2026-02-26T20:57:20,2026-02-26T12:57:20,https://api.quant-aq.com/v1/devices/MOD-00617/data/619119326
2794.96,908.82,"{'lat': None, 'lon': None}","{'rh': 36.2, 'temp': 23.9, 'wd': 0.0, 'ws': 0.0, 'ws_scalar': 0.0}","{'gas': {'co': 13502, 'co2': 13264, 'no': 13590, 'no2': 13769, 'o3': 13749}, 'pm': {'pm1': 13212, 'pm10': 13214, 'pm25': 13213}}",4.36,25.67,29.77,4.18,6.84,4.66,619119476,36.2,MOD-00617,23.9,2026-02-26T20:56:20,2026-02-26T12:56:20,https://api.quant-aq.com/v1/devices/MOD-00617/data/619119325
2783.26,913.28,"{'lat': None, 'lon': None}","{'rh': 35.9, 'temp': 23.9, 'wd': 0.0, 'ws': 0.0, 'ws_scalar': 0.0}","{'gas': {'co': 13502, 'co2': 13264, 'no': 13590, 'no2': 13769, 'o3': 13749}, 'pm': {'pm1': 13212, 'pm10': 13214, 'pm25': 13213}}",3.84,24.5,28.76,5.37,24.86,6.03,619117207,35.9,MOD-00617,23.9,2026-02-26T20:55:20,2026-02-26T12:55:20,https://api.quant-aq.com/v1/devices/MOD-00617/data/619117056
2783.94,920.51,"{'lat': None, 'lon': None}","{'rh': 36.1, 'temp': 23.9, 'wd': 0.0, 'ws': 0.0, 'ws_scalar': 0.0}","{'gas': {'co': 13502, 'co2': 13264, 'no': 13590, 'no2': 13769, 'o3': 13749}, 'pm': {'pm1': 13212, 'pm10': 13214, 'pm25': 13213}}",4.38,24.97,29.25,4.81,29.42,5.17,619117204,36.1,MOD-00617,23.9,2026-02-26T20:54:20,2026-02-26T12:54:20,https://api.quant-aq.com/v1/devices/MOD-00617/data/619117053
2768.34,927.49,"{'lat': None, 'lon': None}","{'rh': 36.1, 'temp': 23.9, 'wd': 0.0, 'ws': 0.0, 'ws_scalar': 0.0}","{'gas': {'co': 13502, 'co2': 13264, 'no': 13590, 'no2': 13769, 'o3': 13749}, 'pm': {'pm1': 13212, 'pm10': 13214, 'pm25': 13213}}",4.38,24.97,28.98,5.26,7.76,5.65,619117205,36.1,MOD-00617,23.9,2026-02-26T20:53:20,2026-02-26T12:53:20,https://api.quant-aq.com/v1/devices/MOD-00617/data/619117055
2767.59,927.37,"{'lat': None, 'lon': None}","{'rh': 36.0, 'temp': 23.9, 'wd': 0.0, 'ws': 0.0, 'ws_scalar': 0.0}","{'gas': {'co': 13502, 'co2': 13264, 'no': 13590, 'no2': 13769, 'o3': 13749}, 'pm': {'pm1': 13212, 'pm10': 13214, 'pm25': 13213}}",4.39,25.21,28.73,4.61,7.59,4.95,619117206,36.0,MOD-00617,23.9,2026-02-26T20:52:20,2026-02-26T12:52:20,https://api.quant-aq.com/v1/devices/MOD-00617/data/619117054
2769.16,919.06,"{'lat': None, 'lon': None}","{'rh': 36.1, 'temp': 23.9, 'wd': 0.0, 'ws': 0.0, 'ws_scalar': 0.0}","{'gas': {'co': 13502, 'co2': 13264, 'no': 13590, 'no2': 13769, 'o3': 13749}, 'pm': {'pm1': 13212, 'pm10': 13214, 'pm25': 13213}}",4.37,25.2,29.25,4.43,22.3,4.86,619114949,36.1,MOD-00617,23.9,2026-02-26T20:51:20,2026-02-26T12:51:20,https://api.quant-aq.com/v1/devices/MOD-00617/data/619114798
2761.03,916.29,"{'lat': None, 'lon': None}","{'rh': 36.0, 'temp': 23.9, 'wd': 0.0, 'ws': 0.0, 'ws_scalar': 0.0}","{'gas': {'co': 13502, 'co2': 13264, 'no': 13590, 'no2': 13769, 'o3': 13749}, 'pm': {'pm1': 13212, 'pm10': 13214, 'pm25': 13213}}",4.39,25.21,28.46,6.21,10.29,6.64,619114948,36.0,MOD-00617,23.9,2026-02-26T20:50:20,2026-02-26T12:50:20,https://api.quant-aq.com/v1/devices/MOD-00617/data/619114797
2766.63,911.47,"{'lat': None, 'lon': None}","{'rh': 36.2, 'temp': 23.9, 'wd': 0.0, 'ws': 0.0, 'ws_scalar': 0.0}","{'gas': {'co': 13502, 'co2': 13264, 'no': 13590, 'no2': 13769, 'o3': 13749}, 'pm': {'pm1': 13212, 'pm10': 13214, 'pm25': 13213}}",4.39,25.44,29.5,6.29,17.14,6.82,619114946,36.2,MOD-00617,23.9,2026-02-26T20:49:20,2026-02-26T12:49:20,https://api.quant-aq.com/v1/devices/MOD-00617/data/619114795
2767.11,910.51,"{'lat': None, 'lon': None}","{'rh': 36.1, 'temp': 23.9, 'wd': 0.0, 'ws': 0.0, 'ws_scalar': 0.0}","{'gas': {'co': 13502, 'co2': 13264, 'no': 13590, 'no2': 13769, 'o3': 13749}, 'pm': {'pm1': 13212, 'pm10': 13214, 'pm25': 13213}}",4.38,25.2,28.98,4.61,16.17,5.11,619114947,36.1,MOD-00617,23.9,2026-02-26T20:48:20,2026-02-26T12:48:20,https://api.quant-aq.com/v1/devices/MOD-00617/data/619114796
2745.55,922.55,"{'lat': None, 'lon': None}","{'rh': 36.4, 'temp': 23.9, 'wd': 0.0, 'ws': 0.0, 'ws_scalar': 0.0}","{'gas': {'co': 13502, 'co2': 13264, 'no': 13590, 'no2': 13769, 'o3': 13749}, 'pm': {'pm1': 13212, 'pm10': 13214, 'pm25': 13213}}",4.41,24.72,29.17,5.39,15.25,5.9,619112644,36.4,MOD-00617,23.9,2026-02-26T20:47:20,2026-02-26T12:47:20,https://api.quant-aq.com/v1/devices/MOD-00617/data/619112493
2746.23,924.72,"{'lat': None, 'lon': None}","{'rh': 36.6, 'temp': 23.9, 'wd': 0.0, 'ws': 0.0, 'ws_scalar': 0.0}","{'gas': {'co': 13502, 'co2': 13264, 'no': 13590, 'no2': 13769, 'o3': 13749}, 'pm': {'pm1': 13212, 'pm10': 13214, 'pm25': 13213}}",4.36,26.13,29.93,5.34,11.29,5.61,619112646,36.6,MOD-00617,23.9,2026-02-26T20:46:20,2026-02-26T12:46:20,https://api.quant-aq.com/v1/devices/MOD-00617/data/619112494
2736.25,930.87,"{'lat': None, 'lon': None}","{'rh': 36.2, 'temp': 23.9, 'wd': 0.0, 'ws': 0.0, 'ws_scalar': 0.0}","{'gas': {'co': 13502, 'co2': 13264, 'no': 13590, 'no2': 13769, 'o3': 13749}, 'pm': {'pm1': 13212, 'pm10': 13214, 'pm25': 13213}}",4.36,25.44,28.68,6.25,32.66,6.8,619112645,36.2,MOD-00617,23.9,2026-02-26T20:45:20,2026-02-26T12:45:20,https://api.quant-aq.com/v1/devices/MOD-00617/data/619112495
2737.75,946.52,"{'lat': None, 'lon': None}","{'rh': 36.4, 'temp': 23.9, 'wd': 0.0, 'ws': 0.0, 'ws_scalar': 0.0}","{'gas': {'co': 13502, 'co2': 13264, 'no': 13590, 'no2': 13769, 'o3': 13749}, 'pm': {'pm1': 13212, 'pm10': 13214, 'pm25': 13213}}",4.36,25.43,29.17,6.0,16.67,6.59,619112643,36.4,MOD-00617,23.9,2026-02-26T20:44:20,2026-02-26T12:44:20,https://api.quant-aq.com/v1/devices/MOD-00617/data/619112492
2737.41,938.09,"{'lat': None, 'lon': None}","{'rh': 36.3, 'temp': 23.9, 'wd': 0.0, 'ws': 0.0, 'ws_scalar': 0.0}","{'gas': {'co': 13502, 'co2': 13264, 'no': 13590, 'no2': 13769, 'o3': 13749}, 'pm': {'pm1': 13212, 'pm10': 13214, 'pm25': 13213}}",4.37,25.43,28.92,5.6,16.67,5.95,619110376,36.3,MOD-00617,23.9,2026-02-26T20:43:20,2026-02-26T12:43:20,https://api.quant-aq.com/v1/devices/MOD-00617/data/619110225
2733.04,935.8,"{'lat': None, 'lon': None}","{'rh': 36.1, 'temp': 23.9, 'wd': 0.0, 'ws': 0.0, 'ws_scalar': 0.0}","{'gas': {'co': 13502, 'co2': 13264, 'no': 13590, 'no2': 13769, 'o3': 13749}, 'pm': {'pm1': 13212, 'pm10': 13214, 'pm25': 13213}}",4.35,25.2,29.52,5.19,49.86,5.74,619110378,36.1,MOD-00617,23.9,2026-02-26T20:42:20,2026-02-26T12:42:20,https://api.quant-aq.com/v1/devices/MOD-00617/data/619110227
2738.31,945.92,"{'lat': None, 'lon': None}","{'rh': 36.2, 'temp': 23.9, 'wd': 0.0, 'ws': 0.0, 'ws_scalar': 0.0}","{'gas': {'co': 13502, 'co2': 13264, 'no': 13590, 'no2': 13769, 'o3': 13749}, 'pm': {'pm1': 13212, 'pm10': 13214, 'pm25': 13213}}",4.37,24.73,28.68,5.25,17.91,5.52,619110375,36.2,MOD-00617,23.9,2026-02-26T20:41:20,2026-02-26T12:41:20,https://api.quant-aq.com/v1/devices/MOD-00617/data/619110224
2741.93,929.66,"{'lat': None, 'lon': None}","{'rh': 36.3, 'temp': 23.9, 'wd': 0.0, 'ws': 0.0, 'ws_scalar': 0.0}","{'gas': {'co': 13502, 'co2': 13264, 'no': 13590, 'no2': 13769, 'o3': 13749}, 'pm': {'pm1': 13212, 'pm10': 13214, 'pm25': 13213}}",4.35,25.2,28.92,4.99,9.11,5.39,619110377,36.3,MOD-00617,23.9,2026-02-26T20:40:20,2026-02-26T12:40:20,https://api.quant-aq.com/v1/devices/MOD-00617/data/619110226
2738.65,920.02,"{'lat': None, 'lon': None}","{'rh': 36.3, 'temp': 23.9, 'wd': 0.0, 'ws': 0.0, 'ws_scalar': 0.0}","{'gas': {'co': 13502, 'co2': 13264, 'no': 13590, 'no2': 13769, 'o3': 13749}, 'pm': {'pm1': 13212, 'pm10': 13214, 'pm25': 13213}}",4.36,24.72,29.47,5.19,17.95,5.52,619108137,36.3,MOD-00617,23.9,2026-02-26T20:39:20,2026-02-26T12:39:20,https://api.quant-aq.com/v1/devices/MOD-00617/data/619107986
2731.86,924.36,"{'lat': None, 'lon': None}","{'rh': 36.6, 'temp': 23.9, 'wd': 0.0, 'ws': 0.0, 'ws_scalar': 0.0}","{'gas': {'co': 13502, 'co2': 13264, 'no': 13590, 'no2': 13769, 'o3': 13749}, 'pm': {'pm1': 13212, 'pm10': 13214, 'pm25': 13213}}",4.35,25.66,29.93,5.66,10.19,6.0,619108134,36.6,MOD-00617,23.9,2026-02-26T20:38:20,2026-02-26T12:38:20,https://api.quant-aq.com/v1/devices/MOD-00617/data/619107983
2715.39,911.83,"{'lat': None, 'lon': None}","{'rh': 36.1, 'temp': 23.9, 'wd': 0.0, 'ws': 0.0, 'ws_scalar': 0.0}","{'gas': {'co': 13502, 'co2': 13264, 'no': 13590, 'no2': 13769, 'o3': 13749}, 'pm': {'pm1': 13212, 'pm10': 13214, 'pm25': 13213}}",4.36,24.26,29.25,5.11,11.88,5.49,619108136,36.1,MOD-00617,23.9,2026-02-26T20:37:20,2026-02-26T12:37:20,https://api.quant-aq.com/v1/devices/MOD-00617/data/619107985
2696.22,921.35,"{'lat': None, 'lon': None}","{'rh': 36.5, 'temp': 23.9, 'wd': 0.0, 'ws': 0.0, 'ws_scalar': 0.0}","{'gas': {'co': 13502, 'co2': 13264, 'no': 13590, 'no2': 13769, 'o3': 13749}, 'pm': {'pm1': 13212, 'pm10': 13214, 'pm25': 13213}}",4.37,24.71,29.96,5.92,8.77,6.37,619108135,36.5,MOD-00617,23.9,2026-02-26T20:36:20,2026-02-26T12:36:20,https://api.quant-aq.com/v1/devices/MOD-00617/data/619107984
2689.58,923.88,"{'lat': None, 'lon': None}","{'rh': 36.6, 'temp': 23.9, 'wd': 0.0, 'ws': 0.0, 'ws_scalar': 0.0}","{'gas': {'co': 13502, 'co2': 13264, 'no': 13590, 'no2': 13769, 'o3': 13749}, 'pm': {'pm1': 13212, 'pm10': 13214, 'pm25': 13213}}",4.37,25.42,29.93,6.44,17.57,6.92,619105900,36.6,MOD-00617,23.9,2026-02-26T20:35:20,2026-02-26T12:35:20,https://api.quant-aq.com/v1/devices/MOD-00617/data/619105749
2659.35,915.45,"{'lat': None, 'lon': None}","{'rh': 36.4, 'temp': 23.9, 'wd': 0.0, 'ws': 0.0, 'ws_scalar': 0.0}","{'gas': {'co': 13502, 'co2': 13264, 'no': 13590, 'no2': 13769, 'o3': 13749}, 'pm': {'pm1': 13212, 'pm10': 13214, 'pm25': 13213}}",4.36,24.95,29.44,6.33,18.52,6.88,619105899,36.4,MOD-00617,23.9,2026-02-26T20:34:20,2026-02-26T12:34:20,https://api.quant-aq.com/v1/devices/MOD-00617/data/619105748
2657.29,925.93,"{'lat': None, 'lon': None}","{'rh': 36.4, 'temp': 23.9, 'wd': 0.0, 'ws': 0.0, 'ws_scalar': 0.0}","{'gas': {'co': 13502, 'co2': 13264, 'no': 13590, 'no2': 13769, 'o3': 13749}, 'pm': {'pm1': 13212, 'pm10': 13214, 'pm25': 13213}}",4.36,24.48,29.99,6.9,10.5,7.28,619105901,36.4,MOD-00617,23.9,2026-02-26T20:33:20,2026-02-26T12:33:20,https://api.quant-aq.com/v1/devices/MOD-00617/data/619105750
2643.34,925.32,"{'lat': None, 'lon': None}","{'rh': 36.4, 'temp': 23.9, 'wd': 0.0, 'ws': 0.0, 'ws_scalar': 0.0}","{'gas': {'co': 13502, 'co2': 13264, 'no': 13590, 'no2': 13769, 'o3': 13749}, 'pm': {'pm1': 13212, 'pm10': 13214, 'pm25': 13213}}",4.35,24.95,29.71,6.28,42.02,6.69,619105898,36.4,MOD-00617,23.9,2026-02-26T20:32:20,2026-02-26T12:32:20,https://api.quant-aq.com/v1/devices/MOD-00617/data/619105747
2638.21,917.13,"{'lat': None, 'lon': None}","{'rh': 36.1, 'temp': 23.9, 'wd': 0.0, 'ws': 0.0, 'ws_scalar': 0.0}","{'gas': {'co': 13502, 'co2': 13264, 'no': 13590, 'no2': 13769, 'o3': 13749}, 'pm': {'pm1': 13212, 'pm10': 13214, 'pm25': 13213}}",3.77,24.49,28.71,6.65,21.81,7.05,619103672,36.1,MOD-00617,23.9,2026-02-26T20:31:20,2026-02-26T12:31:20,https://api.quant-aq.com/v1/devices/MOD-00617/data/619103521
2653.81,900.27,"{'lat': None, 'lon': None}","{'rh': 36.1, 'temp': 23.9, 'wd': 0.0, 'ws': 0.0, 'ws_scalar': 0.0}","{'gas': {'co': 13502, 'co2': 13264, 'no': 13590, 'no2': 13769, 'o3': 13749}, 'pm': {'pm1': 13212, 'pm10': 13214, 'pm25': 13213}}",4.37,24.73,28.98,7.29,21.29,7.69,619103670,36.1,MOD-00617,23.9,2026-02-26T20:30:20,2026-02-26T12:30:20,https://api.quant-aq.com/v1/devices/MOD-00617/data/619103519
2664.75,902.44,"{'lat': None, 'lon': None}","{'rh': 36.3, 'temp': 23.9, 'wd': 0.0, 'ws': 0.0, 'ws_scalar': 0.0}","{'gas': {'co': 13502, 'co2': 13264, 'no': 13590, 'no2': 13769, 'o3': 13749}, 'pm': {'pm1': 13212, 'pm10': 13214, 'pm25': 13213}}",4.36,24.72,29.47,6.83,19.13,7.3,619103673,36.3,MOD-00617,23.9,2026-02-26T20:29:20,2026-02-26T12:29:20,https://api.quant-aq.com/v1/devices/MOD-00617/data/619103522
2657.78,913.88,"{'lat': None, 'lon': None}","{'rh': 36.3, 'temp': 23.9, 'wd': 0.0, 'ws': 0.0, 'ws_scalar': 0.0}","{'gas': {'co': 13502, 'co2': 13264, 'no': 13590, 'no2': 13769, 'o3': 13749}, 'pm': {'pm1': 13212, 'pm10': 13214, 'pm25': 13213}}",4.37,24.01,29.47,6.5,12.21,7.04,619103671,36.3,MOD-00617,23.9,2026-02-26T20:28:20,2026-02-26T12:28:20,https://api.quant-aq.com/v1/devices/MOD-00617/data/619103520
2649.28,921.47,"{'lat': None, 'lon': None}","{'rh': 36.7, 'temp': 23.9, 'wd': 0.0, 'ws': 0.0, 'ws_scalar': 0.0}","{'gas': {'co': 13502, 'co2': 13264, 'no': 13590, 'no2': 13769, 'o3': 13749}, 'pm': {'pm1': 13212, 'pm10': 13214, 'pm25': 13213}}",4.38,25.18,29.91,6.44,12.97,6.93,619101367,36.7,MOD-00617,23.9,2026-02-26T20:27:20,2026-02-26T12:27:20,https://api.quant-aq.com/v1/devices/MOD-00617/data/619101216
2629.24,919.66,"{'lat': None, 'lon': None}","{'rh': 36.6, 'temp': 23.9, 'wd': 0.0, 'ws': 0.0, 'ws_scalar': 0.0}","{'gas': {'co': 13502, 'co2': 13264, 'no': 13590, 'no2': 13769, 'o3': 13749}, 'pm': {'pm1': 13212, 'pm10': 13214, 'pm25': 13213}}",4.36,24.47,29.93,6.88,9.97,7.5,619101369,36.6,MOD-00617,23.9,2026-02-26T20:26:20,2026-02-26T12:26:20,https://api.quant-aq.com/v1/devices/MOD-00617/data/619101218
2593.59,945.44,"{'lat': None, 'lon': None}","{'rh': 36.5, 'temp': 23.9, 'wd': 0.0, 'ws': 0.0, 'ws_scalar': 0.0}","{'gas': {'co': 13502, 'co2': 13264, 'no': 13590, 'no2': 13769, 'o3': 13749}, 'pm': {'pm1': 13212, 'pm10': 13214, 'pm25': 13213}}",4.35,24.95,30.23,5.5,34.34,6.18,619101368,36.5,MOD-00617,23.9,2026-02-26T20:25:20,2026-02-26T12:25:20,https://api.quant-aq.com/v1/devices/MOD-00617/data/619101217
2599.66,919.54,"{'lat': None, 'lon': None}","{'rh': 36.2, 'temp': 24.0, 'wd': 0.0, 'ws': 0.0, 'ws_scalar': 0.0}","{'gas': {'co': 13502, 'co2': 13264, 'no': 13590, 'no2': 13769, 'o3': 13749}, 'pm': {'pm1': 13212, 'pm10': 13214, 'pm25': 13213}}",4.36,24.5,28.97,5.74,35.81,6.33,619101370,36.2,MOD-00617,24.0,2026-02-26T20:24:20,2026-02-26T12:24:20,https://api.quant-aq.com/v1/devices/MOD-00617/data/619101219
2615.19,915.33,"{'lat': None, 'lon': None}","{'rh': 36.3, 'temp': 24.0, 'wd': 0.0, 'ws': 0.0, 'ws_scalar': 0.0}","{'gas': {'co': 13502, 'co2': 13264, 'no': 13590, 'no2': 13769, 'o3': 13749}, 'pm': {'pm1': 13212, 'pm10': 13214, 'pm25': 13213}}",4.38,24.49,28.94,5.93,62.03,6.55,619099101,36.3,MOD-00617,24.0,2026-02-26T20:23:20,2026-02-26T12:23:20,https://api.quant-aq.com/v1/devices/MOD-00617/data/619098950
2602.32,928.22,"{'lat': None, 'lon': None}","{'rh': 36.5, 'temp': 24.0, 'wd': 0.0, 'ws': 0.0, 'ws_scalar': 0.0}","{'gas': {'co': 13502, 'co2': 13264, 'no': 13590, 'no2': 13769, 'o3': 13749}, 'pm': {'pm1': 13212, 'pm10': 13214, 'pm25': 13213}}",4.37,24.72,29.7,5.7,26.9,6.14,619099103,36.5,MOD-00617,24.0,2026-02-26T20:22:20,2026-02-26T12:22:20,https://api.quant-aq.com/v1/devices/MOD-00617/data/619098952
2597.25,929.54,"{'lat': None, 'lon': None}","{'rh': 36.7, 'temp': 24.0, 'wd': 0.0, 'ws': 0.0, 'ws_scalar': 0.0}","{'gas': {'co': 13502, 'co2': 13264, 'no': 13590, 'no2': 13769, 'o3': 13749}, 'pm': {'pm1': 13212, 'pm10': 13214, 'pm25': 13213}}",4.38,24.71,30.74,6.55,24.31,7.24,619099102,36.7,MOD-00617,24.0,2026-02-26T20:21:20,2026-02-26T12:21:20,https://api.quant-aq.com/v1/devices/MOD-00617/data/619098951
2576.8,934.48,"{'lat': None, 'lon': None}","{'rh': 36.6, 'temp': 24.0, 'wd': 0.0, 'ws': 0.0, 'ws_scalar': 0.0}","{'gas': {'co': 13502, 'co2': 13264, 'no': 13590, 'no2': 13769, 'o3': 13749}, 'pm': {'pm1': 13212, 'pm10': 13214, 'pm25': 13213}}",4.37,25.19,29.13,5.68,17.76,6.17,619099100,36.6,MOD-00617,24.0,2026-02-26T20:20:20,2026-02-26T12:20:20,https://api.quant-aq.com/v1/devices/MOD-00617/data/619098949
2575.64,929.18,"{'lat': None, 'lon': None}","{'rh': 36.5, 'temp': 24.0, 'wd': 0.0, 'ws': 0.0, 'ws_scalar': 0.0}","{'gas': {'co': 13502, 'co2': 13264, 'no': 13590, 'no2': 13769, 'o3': 13749}, 'pm': {'pm1': 13212, 'pm10': 13214, 'pm25': 13213}}",4.37,24.96,29.7,5.21,15.85,5.88,619096822,36.5,MOD-00617,24.0,2026-02-26T20:19:20,2026-02-26T12:19:20,https://api.quant-aq.com/v1/devices/MOD-00617/data/619096672
2563.73,930.14,"{'lat': None, 'lon': None}","{'rh': 36.5, 'temp': 24.0, 'wd': 0.0, 'ws': 0.0, 'ws_scalar': 0.0}","{'gas': {'co': 13502, 'co2': 13264, 'no': 13590, 'no2': 13769, 'o3': 13749}, 'pm': {'pm1': 13212, 'pm10': 13214, 'pm25': 13213}}",4.38,24.96,29.97,5.9,37.62,6.46,619096823,36.5,MOD-00617,24.0,2026-02-26T20:18:20,2026-02-26T12:18:20,https://api.quant-aq.com/v1/devices/MOD-00617/data/619096671
2536.57,931.23,"{'lat': None, 'lon': None}","{'rh': 36.6, 'temp': 24.0, 'wd': 0.0, 'ws': 0.0, 'ws_scalar': 0.0}","{'gas': {'co': 13502, 'co2': 13264, 'no': 13590, 'no2': 13769, 'o3': 13749}, 'pm': {'pm1': 13212, 'pm10': 13214, 'pm25': 13213}}",4.37,24.95,29.67,4.98,38.26,5.64,619096824,36.6,MOD-00617,24.0,2026-02-26T20:17:20,2026-02-26T12:17:20,https://api.quant-aq.com/v1/devices/MOD-00617/data/619096673
2500.73,931.47,"{'lat': None, 'lon': None}","{'rh': 36.2, 'temp': 24.0, 'wd': 0.0, 'ws': 0.0, 'ws_scalar': 0.0}","{'gas': {'co': 13502, 'co2': 13264, 'no': 13590, 'no2': 13769, 'o3': 13749}, 'pm': {'pm1': 13212, 'pm10': 13214, 'pm25': 13213}}",4.36,24.73,28.69,4.66,20.01,5.37,619096825,36.2,MOD-00617,24.0,2026-02-26T20:16:20,2026-02-26T12:16:20,https://api.quant-aq.com/v1/devices/MOD-00617/data/619096674
2485.4,922.67,"{'lat': None, 'lon': None}","{'rh': 36.4, 'temp': 24.0, 'wd': 0.0, 'ws': 0.0, 'ws_scalar': 0.0}","{'gas': {'co': 13502, 'co2': 13264, 'no': 13590, 'no2': 13769, 'o3': 13749}, 'pm': {'pm1': 13212, 'pm10': 13214, 'pm25': 13213}}",4.38,24.01,29.46,4.76,12.6,5.4,619094586,36.4,MOD-00617,24.0,2026-02-26T20:15:20,2026-02-26T12:15:20,https://api.quant-aq.com/v1/devices/MOD-00617/data/619094435
2472.33,916.41,"{'lat': None, 'lon': None}","{'rh': 36.3, 'temp': 24.0, 'wd': 0.0, 'ws': 0.0, 'ws_scalar': 0.0}","{'gas': {'co': 13502, 'co2': 13264, 'no': 13590, 'no2': 13769, 'o3': 13749}, 'pm': {'pm1': 13212, 'pm10': 13214, 'pm25': 13213}}",4.37,24.26,29.76,4.52,39.71,5.17,619094588,36.3,MOD-00617,24.0,2026-02-26T20:14:20,2026-02-26T12:14:20,https://api.quant-aq.com/v1/devices/MOD-00617/data/619094437
2455.16,914.97,"{'lat': None, 'lon': None}","{'rh': 36.2, 'temp': 24.0, 'wd': 0.0, 'ws': 0.0, 'ws_scalar': 0.0}","{'gas': {'co': 13502, 'co2': 13264, 'no': 13590, 'no2': 13769, 'o3': 13749}, 'pm': {'pm1': 13212, 'pm10': 13214, 'pm25': 13213}}",4.37,23.79,28.42,3.88,27.75,4.6,619094587,36.2,MOD-00617,24.0,2026-02-26T20:13:20,2026-02-26T12:13:20,https://api.quant-aq.com/v1/devices/MOD-00617/data/619094436
2444.62,923.04,"{'lat': None, 'lon': None}","{'rh': 36.6, 'temp': 24.0, 'wd': 0.0, 'ws': 0.0, 'ws_scalar': 0.0}","{'gas': {'co': 13502, 'co2': 13264, 'no': 13590, 'no2': 13769, 'o3': 13749}, 'pm': {'pm1': 13212, 'pm10': 13214, 'pm25': 13213}}",4.38,24.01,29.67,5.03,16.33,5.48,619094585,36.6,MOD-00617,24.0,2026-02-26T20:12:20,2026-02-26T12:12:20,https://api.quant-aq.com/v1/devices/MOD-00617/data/619094434
2435.92,929.42,"{'lat': None, 'lon': None}","{'rh': 36.7, 'temp': 24.0, 'wd': 0.0, 'ws': 0.0, 'ws_scalar': 0.0}","{'gas': {'co': 13502, 'co2': 13264, 'no': 13590, 'no2': 13769, 'o3': 13749}, 'pm': {'pm1': 13212, 'pm10': 13214, 'pm25': 13213}}",4.39,24.0,29.92,4.27,25.49,4.85,619092298,36.7,MOD-00617,24.0,2026-02-26T20:11:20,2026-02-26T12:11:20,https://api.quant-aq.com/v1/devices/MOD-00617/data/619092148
2424.02,924.6,"{'lat': None, 'lon': None}","{'rh': 36.7, 'temp': 24.0, 'wd': 0.0, 'ws': 0.0, 'ws_scalar': 0.0}","{'gas': {'co': 13502, 'co2': 13264, 'no': 13590, 'no2': 13769, 'o3': 13749}, 'pm': {'pm1': 13212, 'pm10': 13214, 'pm25': 13213}}",4.37,25.19,30.19,4.62,31.74,4.99,619092301,36.7,MOD-00617,24.0,2026-02-26T20:10:20,2026-02-26T12:10:20,https://api.quant-aq.com/v1/devices/MOD-00617/data/619092151
2414.22,918.58,"{'lat': None, 'lon': None}","{'rh': 36.2, 'temp': 24.1, 'wd': 0.0, 'ws': 0.0, 'ws_scalar': 0.0}","{'gas': {'co': 13502, 'co2': 13264, 'no': 13590, 'no2': 13769, 'o3': 13749}, 'pm': {'pm1': 13212, 'pm10': 13214, 'pm25': 13213}}",4.38,24.03,29.8,4.71,28.75,5.31,619092296,36.2,MOD-00617,24.1,2026-02-26T20:09:20,2026-02-26T12:09:20,https://api.quant-aq.com/v1/devices/MOD-00617/data/619092146
2406.21,930.14,"{'lat': None, 'lon': None}","{'rh': 36.5, 'temp': 24.1, 'wd': 0.0, 'ws': 0.0, 'ws_scalar': 0.0}","{'gas': {'co': 13502, 'co2': 13264, 'no': 13590, 'no2': 13769, 'o3': 13749}, 'pm': {'pm1': 13212, 'pm10': 13214, 'pm25': 13213}}",4.38,24.73,29.44,4.66,21.23,5.21,619092303,36.5,MOD-00617,24.1,2026-02-26T20:08:20,2026-02-26T12:08:20,https://api.quant-aq.com/v1/devices/MOD-00617/data/619092153
2394.78,933.51,"{'lat': None, 'lon': None}","{'rh': 36.4, 'temp': 24.1, 'wd': 0.0, 'ws': 0.0, 'ws_scalar': 0.0}","{'gas': {'co': 13502, 'co2': 13264, 'no': 13590, 'no2': 13769, 'o3': 13749}, 'pm': {'pm1': 13212, 'pm10': 13214, 'pm25': 13213}}",4.38,24.73,29.74,4.33,29.64,5.07,619090066,36.4,MOD-00617,24.1,2026-02-26T20:07:20,2026-02-26T12:07:20,https://api.quant-aq.com/v1/devices/MOD-00617/data/619089914
2379.88,928.09,"{'lat': None, 'lon': None}","{'rh': 36.0, 'temp': 24.1, 'wd': 0.0, 'ws': 0.0, 'ws_scalar': 0.0}","{'gas': {'co': 13502, 'co2': 13264, 'no': 13590, 'no2': 13769, 'o3': 13749}, 'pm': {'pm1': 13212, 'pm10': 13214, 'pm25': 13213}}",3.82,20.35,29.04,4.76,15.63,5.33,619090063,36.0,MOD-00617,24.1,2026-02-26T20:06:20,2026-02-26T12:06:20,https://api.quant-aq.com/v1/devices/MOD-00617/data/619089912
2366.46,918.22,"{'lat': None, 'lon': None}","{'rh': 36.4, 'temp': 24.1, 'wd': 0.0, 'ws': 0.0, 'ws_scalar': 0.0}","{'gas': {'co': 13502, 'co2': 13264, 'no': 13590, 'no2': 13769, 'o3': 13749}, 'pm': {'pm1': 13212, 'pm10': 13214, 'pm25': 13213}}",4.43,23.55,30.56,4.46,18.02,5.03,619090064,36.4,MOD-00617,24.1,2026-02-26T20:05:20,2026-02-26T12:05:20,https://api.quant-aq.com/v1/devices/MOD-00617/data/619089913
2357.91,915.81,"{'lat': None, 'lon': None}","{'rh': 36.3, 'temp': 24.1, 'wd': 0.0, 'ws': 0.0, 'ws_scalar': 0.0}","{'gas': {'co': 13502, 'co2': 13264, 'no': 13590, 'no2': 13769, 'o3': 13749}, 'pm': {'pm1': 13212, 'pm10': 13214, 'pm25': 13213}}",4.35,24.74,30.31,3.79,30.1,4.38,619090065,36.3,MOD-00617,24.1,2026-02-26T20:04:20,2026-02-26T12:04:20,https://api.quant-aq.com/v1/devices/MOD-00617/data/619089915
2356.14,922.19,"{'lat': None, 'lon': None}","{'rh': 35.9, 'temp': 24.1, 'wd': 0.0, 'ws': 0.0, 'ws_scalar': 0.0}","{'gas': {'co': 13502, 'co2': 13264, 'no': 13590, 'no2': 13769, 'o3': 13749}, 'pm': {'pm1': 13212, 'pm10': 13214, 'pm25': 13213}}",3.83,19.56,29.88,4.21,21.88,4.87,619087760,35.9,MOD-00617,24.1,2026-02-26T20:03:20,2026-02-26T12:03:20,https://api.quant-aq.com/v1/devices/MOD-00617/data/619087609
2343.97,919.06,"{'lat': None, 'lon': None}","{'rh': 35.7, 'temp': 24.1, 'wd': 0.0, 'ws': 0.0, 'ws_scalar': 0.0}","{'gas': {'co': 13502, 'co2': 13264, 'no': 13590, 'no2': 13769, 'o3': 13749}, 'pm': {'pm1': 13212, 'pm10': 13214, 'pm25': 13213}}",3.85,13.52,29.12,3.78,29.36,4.45,619087762,35.7,MOD-00617,24.1,2026-02-26T20:02:20,2026-02-26T12:02:20,https://api.quant-aq.com/v1/devices/MOD-00617/data/619087610
2326.32,926.89,"{'lat': None, 'lon': None}","{'rh': 35.7, 'temp': 24.1, 'wd': 0.0, 'ws': 0.0, 'ws_scalar': 0.0}","{'gas': {'co': 13502, 'co2': 13264, 'no': 13590, 'no2': 13769, 'o3': 13749}, 'pm': {'pm1': 13212, 'pm10': 13214, 'pm25': 13213}}",3.86,23.81,29.12,4.21,21.82,4.8,619087761,35.7,MOD-00617,24.1,2026-02-26T20:01:20,2026-02-26T12:01:20,https://api.quant-aq.com/v1/devices/MOD-00617/data/619087611
2318.71,947.37,"{'lat': None, 'lon': None}","{'rh': 36.0, 'temp': 24.1, 'wd': 0.0, 'ws': 0.0, 'ws_scalar': 0.0}","{'gas': {'co': 13502, 'co2': 13264, 'no': 13590, 'no2': 13769, 'o3': 13749}, 'pm': {'pm1': 13212, 'pm10': 13214, 'pm25': 13213}}",3.85,24.04,29.04,3.79,31.83,4.48,619087763,36.0,MOD-00617,24.1,2026-02-26T20:00:20,2026-02-26T12:00:20,https://api.quant-aq.com/v1/devices/MOD-00617/data/619087612
2304.11,937.13,"{'lat': None, 'lon': None}","{'rh': 35.9, 'temp': 24.2, 'wd': 0.0, 'ws': 0.0, 'ws_scalar': 0.0}","{'gas': {'co': 13502, 'co2': 13264, 'no': 13590, 'no2': 13769, 'o3': 13749}, 'pm': {'pm1': 13212, 'pm10': 13214, 'pm25': 13213}}",3.92,20.94,28.54,3.09,33.52,3.79,619085512,35.9,MOD-00617,24.2,2026-02-26T19:59:20,2026-02-26T11:59:20,https://api.quant-aq.com/v1/devices/MOD-00617/data/619085360
2283.98,950.62,"{'lat': None, 'lon': None}","{'rh': 36.5, 'temp': 24.2, 'wd': 0.0, 'ws': 0.0, 'ws_scalar': 0.0}","{'gas': {'co': 13502, 'co2': 13264, 'no': 13590, 'no2': 13769, 'o3': 13749}, 'pm': {'pm1': 13212, 'pm10': 13214, 'pm25': 13213}}",4.38,23.79,29.73,3.84,10.3,4.51,619085517,36.5,MOD-00617,24.2,2026-02-26T19:58:20,2026-02-26T11:58:20,https://api.quant-aq.com/v1/devices/MOD-00617/data/619085364
2270.31,944.84,"{'lat': None, 'lon': None}","{'rh': 36.1, 'temp': 24.2, 'wd': 0.0, 'ws': 0.0, 'ws_scalar': 0.0}","{'gas': {'co': 13502, 'co2': 13264, 'no': 13590, 'no2': 13769, 'o3': 13749}, 'pm': {'pm1': 13212, 'pm10': 13214, 'pm25': 13213}}",4.39,24.28,29.02,3.58,27.81,4.35,619085510,36.1,MOD-00617,24.2,2026-02-26T19:57:20,2026-02-26T11:57:20,https://api.quant-aq.com/v1/devices/MOD-00617/data/619085361
2255.73,957.12,"{'lat': None, 'lon': None}","{'rh': 36.4, 'temp': 24.2, 'wd': 0.0, 'ws': 0.0, 'ws_scalar': 0.0}","{'gas': {'co': 13502, 'co2': 13264, 'no': 13590, 'no2': 13769, 'o3': 13749}, 'pm': {'pm1': 13212, 'pm10': 13214, 'pm25': 13213}}",4.44,23.56,30.3,3.97,49.9,4.86,619085515,36.4,MOD-00617,24.2,2026-02-26T19:56:20,2026-02-26T11:56:20,https://api.quant-aq.com/v1/devices/MOD-00617/data/619085366
2248.82,954.83,"{'lat': None, 'lon': None}","{'rh': 36.3, 'temp': 24.2, 'wd': 0.0, 'ws': 0.0, 'ws_scalar': 0.0}","{'gas': {'co': 13502, 'co2': 13264, 'no': 13590, 'no2': 13769, 'o3': 13749}, 'pm': {'pm1': 13212, 'pm10': 13214, 'pm25': 13213}}",4.42,24.03,29.24,4.33,26.82,5.08,619083387,36.3,MOD-00617,24.2,2026-02-26T19:55:20,2026-02-26T11:55:20,https://api.quant-aq.com/v1/devices/MOD-00617/data/619083240
2248.4,976.51,"{'lat': None, 'lon': None}","{'rh': 36.9, 'temp': 24.2, 'wd': 0.0, 'ws': 0.0, 'ws_scalar': 0.0}","{'gas': {'co': 13502, 'co2': 13264, 'no': 13590, 'no2': 13769, 'o3': 13749}, 'pm': {'pm1': 13212, 'pm10': 13214, 'pm25': 13213}}",4.38,24.48,30.71,4.4,29.13,4.96,619083384,36.9,MOD-00617,24.2,2026-02-26T19:54:20,2026-02-26T11:54:20,https://api.quant-aq.com/v1/devices/MOD-00617/data/619083233
2224.12,951.82,"{'lat': None, 'lon': None}","{'rh': 36.4, 'temp': 24.2, 'wd': 0.0, 'ws': 0.0, 'ws_scalar': 0.0}","{'gas': {'co': 13502, 'co2': 13264, 'no': 13590, 'no2': 13769, 'o3': 13749}, 'pm': {'pm1': 13212, 'pm10': 13214, 'pm25': 13213}}",4.37,24.74,29.76,4.51,16.22,4.95,619083386,36.4,MOD-00617,24.2,2026-02-26T19:53:20,2026-02-26T11:53:20,https://api.quant-aq.com/v1/devices/MOD-00617/data/619083239
2224.74,952.06,"{'lat': None, 'lon': None}","{'rh': 36.1, 'temp': 24.2, 'wd': 0.0, 'ws': 0.0, 'ws_scalar': 0.0}","{'gas': {'co': 13502, 'co2': 13264, 'no': 13590, 'no2': 13769, 'o3': 13749}, 'pm': {'pm1': 13212, 'pm10': 13214, 'pm25': 13213}}",4.45,22.06,29.57,3.6,14.31,4.24,619083385,36.1,MOD-00617,24.2,2026-02-26T19:52:20,2026-02-26T11:52:20,https://api.quant-aq.com/v1/devices/MOD-00617/data/619083234
2222.89,959.41,"{'lat': None, 'lon': None}","{'rh': 36.4, 'temp': 24.2, 'wd': 0.0, 'ws': 0.0, 'ws_scalar': 0.0}","{'gas': {'co': 13502, 'co2': 13264, 'no': 13590, 'no2': 13769, 'o3': 13749}, 'pm': {'pm1': 13212, 'pm10': 13214, 'pm25': 13213}}",4.42,24.27,30.57,4.49,19.04,5.02,619081108,36.4,MOD-00617,24.2,2026-02-26T19:51:20,2026-02-26T11:51:20,https://api.quant-aq.com/v1/devices/MOD-00617/data/619080958
2227.82,959.05,"{'lat': None, 'lon': None}","{'rh': 36.4, 'temp': 24.2, 'wd': 0.0, 'ws': 0.0, 'ws_scalar': 0.0}","{'gas': {'co': 13502, 'co2': 13264, 'no': 13590, 'no2': 13769, 'o3': 13749}, 'pm': {'pm1': 13212, 'pm10': 13214, 'pm25': 13213}}",4.4,24.74,29.76,4.34,24.88,4.94,619081107,36.4,MOD-00617,24.2,2026-02-26T19:50:20,2026-02-26T11:50:20,https://api.quant-aq.com/v1/devices/MOD-00617/data/619080957
2222.73,949.65,"{'lat': None, 'lon': None}","{'rh': 36.2, 'temp': 24.3, 'wd': 0.0, 'ws': 0.0, 'ws_scalar': 0.0}","{'gas': {'co': 13502, 'co2': 13264, 'no': 13590, 'no2': 13769, 'o3': 13749}, 'pm': {'pm1': 13212, 'pm10': 13214, 'pm25': 13213}}",4.42,24.05,30.1,4.01,11.37,4.72,619081105,36.2,MOD-00617,24.3,2026-02-26T19:49:20,2026-02-26T11:49:20,https://api.quant-aq.com/v1/devices/MOD-00617/data/619080954
2220.41,946.04,"{'lat': None, 'lon': None}","{'rh': 36.0, 'temp': 24.3, 'wd': 0.0, 'ws': 0.0, 'ws_scalar': 0.0}","{'gas': {'co': 13502, 'co2': 13264, 'no': 13590, 'no2': 13769, 'o3': 13749}, 'pm': {'pm1': 13212, 'pm10': 13214, 'pm25': 13213}}",3.83,24.53,29.34,3.43,34.97,4.2,619081106,36.0,MOD-00617,24.3,2026-02-26T19:48:20,2026-02-26T11:48:20,https://api.quant-aq.com/v1/devices/MOD-00617/data/619080955
2227.46,943.75,"{'lat': None, 'lon': None}","{'rh': 35.9, 'temp': 24.3, 'wd': 0.0, 'ws': 0.0, 'ws_scalar': 0.0}","{'gas': {'co': 13502, 'co2': 13264, 'no': 13590, 'no2': 13769, 'o3': 13749}, 'pm': {'pm1': 13212, 'pm10': 13214, 'pm25': 13213}}",3.9,24.06,29.64,3.67,35.77,4.27,619078738,35.9,MOD-00617,24.3,2026-02-26T19:47:20,2026-02-26T11:47:20,https://api.quant-aq.com/v1/devices/MOD-00617/data/619078587
2236.42,957.84,"{'lat': None, 'lon': None}","{'rh': 36.0, 'temp': 24.3, 'wd': 0.0, 'ws': 0.0, 'ws_scalar': 0.0}","{'gas': {'co': 13502, 'co2': 13264, 'no': 13590, 'no2': 13769, 'o3': 13749}, 'pm': {'pm1': 13212, 'pm10': 13214, 'pm25': 13213}}",4.45,24.53,29.34,3.48,26.65,4.17,619078737,36.0,MOD-00617,24.3,2026-02-26T19:46:20,2026-02-26T11:46:20,https://api.quant-aq.com/v1/devices/MOD-00617/data/619078586
2245.24,968.2,"{'lat': None, 'lon': None}","{'rh': 36.3, 'temp': 24.3, 'wd': 0.0, 'ws': 0.0, 'ws_scalar': 0.0}","{'gas': {'co': 13502, 'co2': 13264, 'no': 13590, 'no2': 13769, 'o3': 13749}, 'pm': {'pm1': 13212, 'pm10': 13214, 'pm25': 13213}}",4.43,24.04,30.07,4.43,37.01,5.41,619078736,36.3,MOD-00617,24.3,2026-02-26T19:45:20,2026-02-26T11:45:20,https://api.quant-aq.com/v1/devices/MOD-00617/data/619078585
2250.57,964.83,"{'lat': None, 'lon': None}","{'rh': 36.3, 'temp': 24.3, 'wd': 0.0, 'ws': 0.0, 'ws_scalar': 0.0}","{'gas': {'co': 13502, 'co2': 13264, 'no': 13590, 'no2': 13769, 'o3': 13749}, 'pm': {'pm1': 13212, 'pm10': 13214, 'pm25': 13213}}",4.41,24.75,30.34,3.55,58.15,4.06,619078735,36.3,MOD-00617,24.3,2026-02-26T19:44:20,2026-02-26T11:44:20,https://api.quant-aq.com/v1/devices/MOD-00617/data/619078584
2250.23,961.1,"{'lat': None, 'lon': None}","{'rh': 36.2, 'temp': 24.3, 'wd': 0.0, 'ws': 0.0, 'ws_scalar': 0.0}","{'gas': {'co': 13502, 'co2': 13264, 'no': 13590, 'no2': 13769, 'o3': 13749}, 'pm': {'pm1': 13212, 'pm10': 13214, 'pm25': 13213}}",4.4,24.99,30.1,3.09,13.02,3.97,619076410,36.2,MOD-00617,24.3,2026-02-26T19:43:20,2026-02-26T11:43:20,https://api.quant-aq.com/v1/devices/MOD-00617/data/619076262
2259.96,957.72,"{'lat': None, 'lon': None}","{'rh': 35.8, 'temp': 24.3, 'wd': 0.0, 'ws': 0.0, 'ws_scalar': 0.0}","{'gas': {'co': 13502, 'co2': 13264, 'no': 13590, 'no2': 13769, 'o3': 13749}, 'pm': {'pm1': 13212, 'pm10': 13214, 'pm25': 13213}}",3.91,24.77,29.39,2.91,47.89,3.63,619076412,35.8,MOD-00617,24.3,2026-02-26T19:42:20,2026-02-26T11:42:20,https://api.quant-aq.com/v1/devices/MOD-00617/data/619076265
2266.12,950.86,"{'lat': None, 'lon': None}","{'rh': 35.8, 'temp': 24.3, 'wd': 0.0, 'ws': 0.0, 'ws_scalar': 0.0}","{'gas': {'co': 13502, 'co2': 13264, 'no': 13590, 'no2': 13769, 'o3': 13749}, 'pm': {'pm1': 13212, 'pm10': 13214, 'pm25': 13213}}",3.87,24.54,29.93,3.12,33.46,4.08,619076413,35.8,MOD-00617,24.3,2026-02-26T19:41:20,2026-02-26T11:41:20,https://api.quant-aq.com/v1/devices/MOD-00617/data/619076266
2282.95,949.29,"{'lat': None, 'lon': None}","{'rh': 35.8, 'temp': 24.3, 'wd': 0.0, 'ws': 0.0, 'ws_scalar': 0.0}","{'gas': {'co': 13502, 'co2': 13264, 'no': 13590, 'no2': 13769, 'o3': 13749}, 'pm': {'pm1': 13212, 'pm10': 13214, 'pm25': 13213}}",3.93,24.06,29.66,3.32,20.9,4.07,619076411,35.8,MOD-00617,24.3,2026-02-26T19:40:20,2026-02-26T11:40:20,https://api.quant-aq.com/v1/devices/MOD-00617/data/619076263
2285.95,953.27,"{'lat': None, 'lon': None}","{'rh': 36.2, 'temp': 24.3, 'wd': 0.0, 'ws': 0.0, 'ws_scalar': 0.0}","{'gas': {'co': 13502, 'co2': 13264, 'no': 13590, 'no2': 13769, 'o3': 13749}, 'pm': {'pm1': 13212, 'pm10': 13214, 'pm25': 13213}}",4.41,25.23,30.1,2.65,16.28,3.35,619074109,36.2,MOD-00617,24.3,2026-02-26T19:39:20,2026-02-26T11:39:20,https://api.quant-aq.com/v1/devices/MOD-00617/data/619073958
2296.35,954.35,"{'lat': None, 'lon': None}","{'rh': 36.0, 'temp': 24.3, 'wd': 0.0, 'ws': 0.0, 'ws_scalar': 0.0}","{'gas': {'co': 13502, 'co2': 13264, 'no': 13590, 'no2': 13769, 'o3': 13749}, 'pm': {'pm1': 13212, 'pm10': 13214, 'pm25': 13213}}",4.44,24.29,29.88,2.83,17.42,3.43,619074110,36.0,MOD-00617,24.3,2026-02-26T19:38:20,2026-02-26T11:38:20,https://api.quant-aq.com/v1/devices/MOD-00617/data/619073959
2308.67,949.9,"{'lat': None, 'lon': None}","{'rh': 36.0, 'temp': 24.3, 'wd': 0.0, 'ws': 0.0, 'ws_scalar': 0.0}","{'gas': {'co': 13502, 'co2': 13264, 'no': 13590, 'no2': 13769, 'o3': 13749}, 'pm': {'pm1': 13212, 'pm10': 13214, 'pm25': 13213}}",3.87,24.29,30.42,3.3,14.87,4.15,619074108,36.0,MOD-00617,24.3,2026-02-26T19:37:20,2026-02-26T11:37:20,https://api.quant-aq.com/v1/devices/MOD-00617/data/619073956
2311.54,961.46,"{'lat': None, 'lon': None}","{'rh': 36.0, 'temp': 24.3, 'wd': 0.0, 'ws': 0.0, 'ws_scalar': 0.0}","{'gas': {'co': 13502, 'co2': 13264, 'no': 13590, 'no2': 13769, 'o3': 13749}, 'pm': {'pm1': 13212, 'pm10': 13214, 'pm25': 13213}}",3.84,24.76,29.88,3.12,14.32,3.89,619074107,36.0,MOD-00617,24.3,2026-02-26T19:36:20,2026-02-26T11:36:20,https://api.quant-aq.com/v1/devices/MOD-00617/data/619073957
2315.04,946.52,"{'lat': None, 'lon': None}","{'rh': 35.7, 'temp': 24.3, 'wd': 0.0, 'ws': 0.0, 'ws_scalar': 0.0}","{'gas': {'co': 13502, 'co2': 13264, 'no': 13590, 'no2': 13769, 'o3': 13749}, 'pm': {'pm1': 13212, 'pm10': 13214, 'pm25': 13213}}",3.9,24.3,29.69,3.67,23.41,4.27,619071918,35.7,MOD-00617,24.3,2026-02-26T19:35:20,2026-02-26T11:35:20,https://api.quant-aq.com/v1/devices/MOD-00617/data/619071767
2325.5,945.68,"{'lat': None, 'lon': None}","{'rh': 36.0, 'temp': 24.3, 'wd': 0.0, 'ws': 0.0, 'ws_scalar': 0.0}","{'gas': {'co': 13502, 'co2': 13264, 'no': 13590, 'no2': 13769, 'o3': 13749}, 'pm': {'pm1': 13212, 'pm10': 13214, 'pm25': 13213}}",3.83,25.0,30.42,3.63,10.15,4.45,619071916,36.0,MOD-00617,24.3,2026-02-26T19:34:20,2026-02-26T11:34:20,https://api.quant-aq.com/v1/devices/MOD-00617/data/619071765
2328.58,935.68,"{'lat': None, 'lon': None}","{'rh': 35.7, 'temp': 24.3, 'wd': 0.0, 'ws': 0.0, 'ws_scalar': 0.0}","{'gas': {'co': 13502, 'co2': 13264, 'no': 13590, 'no2': 13769, 'o3': 13749}, 'pm': {'pm1': 13212, 'pm10': 13214, 'pm25': 13213}}",3.83,24.07,30.23,3.67,13.67,4.2,619071917,35.7,MOD-00617,24.3,2026-02-26T19:33:20,2026-02-26T11:33:20,https://api.quant-aq.com/v1/devices/MOD-00617/data/619071766
2338.54,939.9,"{'lat': None, 'lon': None}","{'rh': 35.7, 'temp': 24.4, 'wd': 0.0, 'ws': 0.0, 'ws_scalar': 0.0}","{'gas': {'co': 13502, 'co2': 13264, 'no': 13590, 'no2': 13769, 'o3': 13749}, 'pm': {'pm1': 13212, 'pm10': 13214, 'pm25': 13213}}",3.86,24.31,30.25,3.86,8.25,4.37,619071919,35.7,MOD-00617,24.4,2026-02-26T19:32:20,2026-02-26T11:32:20,https://api.quant-aq.com/v1/devices/MOD-00617/data/619071769
2339.22,959.77,"{'lat': None, 'lon': None}","{'rh': 35.9, 'temp': 24.4, 'wd': 0.0, 'ws': 0.0, 'ws_scalar': 0.0}","{'gas': {'co': 13502, 'co2': 13264, 'no': 13590, 'no2': 13769, 'o3': 13749}, 'pm': {'pm1': 13212, 'pm10': 13214, 'pm25': 13213}}",3.89,24.3,30.46,3.28,8.32,3.69,619069781,35.9,MOD-00617,24.4,2026-02-26T19:31:20,2026-02-26T11:31:20,https://api.quant-aq.com/v1/devices/MOD-00617/data/619069630
2334.94,956.16,"{'lat': None, 'lon': None}","{'rh': 36.0, 'temp': 24.3, 'wd': 0.0, 'ws': 0.0, 'ws_scalar': 0.0}","{'gas': {'co': 13502, 'co2': 13264, 'no': 13590, 'no2': 13769, 'o3': 13749}, 'pm': {'pm1': 13212, 'pm10': 13214, 'pm25': 13213}}",3.83,25.47,30.15,3.46,8.54,3.95,619069779,36.0,MOD-00617,24.3,2026-02-26T19:30:20,2026-02-26T11:30:20,https://api.quant-aq.com/v1/devices/MOD-00617/data/619069628
2345.52,941.58,"{'lat': None, 'lon': None}","{'rh': 35.7, 'temp': 24.4, 'wd': 0.0, 'ws': 0.0, 'ws_scalar': 0.0}","{'gas': {'co': 13502, 'co2': 13264, 'no': 13590, 'no2': 13769, 'o3': 13749}, 'pm': {'pm1': 13212, 'pm10': 13214, 'pm25': 13213}}",3.84,24.31,30.25,3.23,22.21,3.61,619069780,35.7,MOD-00617,24.4,2026-02-26T19:29:20,2026-02-26T11:29:20,https://api.quant-aq.com/v1/devices/MOD-00617/data/619069629
2352.5,953.27,"{'lat': None, 'lon': None}","{'rh': 35.7, 'temp': 24.4, 'wd': 0.0, 'ws': 0.0, 'ws_scalar': 0.0}","{'gas': {'co': 13502, 'co2': 13264, 'no': 13590, 'no2': 13769, 'o3': 13749}, 'pm': {'pm1': 13212, 'pm10': 13214, 'pm25': 13213}}",3.81,24.78,31.06,3.23,11.96,3.85,619069782,35.7,MOD-00617,24.4,2026-02-26T19:28:20,2026-02-26T11:28:20,https://api.quant-aq.com/v1/devices/MOD-00617/data/619069631
2352.38,938.21,"{'lat': None, 'lon': None}","{'rh': 35.3, 'temp': 24.4, 'wd': 0.0, 'ws': 0.0, 'ws_scalar': 0.0}","{'gas': {'co': 13502, 'co2': 13264, 'no': 13590, 'no2': 13769, 'o3': 13749}, 'pm': {'pm1': 13212, 'pm10': 13214, 'pm25': 13213}}",3.78,24.56,29.82,3.41,21.21,3.85,619067423,35.3,MOD-00617,24.4,2026-02-26T19:27:20,2026-02-26T11:27:20,https://api.quant-aq.com/v1/devices/MOD-00617/data/619067272
2364.14,934.72,"{'lat': None, 'lon': None}","{'rh': 35.5, 'temp': 24.4, 'wd': 0.0, 'ws': 0.0, 'ws_scalar': 0.0}","{'gas': {'co': 13502, 'co2': 13264, 'no': 13590, 'no2': 13769, 'o3': 13749}, 'pm': {'pm1': 13212, 'pm10': 13214, 'pm25': 13213}}",3.84,23.84,30.84,3.76,9.32,4.25,619067420,35.5,MOD-00617,24.4,2026-02-26T19:26:20,2026-02-26T11:26:20,https://api.quant-aq.com/v1/devices/MOD-00617/data/619067269
2355.16,933.88,"{'lat': None, 'lon': None}","{'rh': 36.0, 'temp': 24.4, 'wd': 0.0, 'ws': 0.0, 'ws_scalar': 0.0}","{'gas': {'co': 13502, 'co2': 13264, 'no': 13590, 'no2': 13769, 'o3': 13749}, 'pm': {'pm1': 13212, 'pm10': 13214, 'pm25': 13213}}",3.75,26.19,31.79,2.93,21.26,3.49,619067422,36.0,MOD-00617,24.4,2026-02-26T19:25:20,2026-02-26T11:25:20,https://api.quant-aq.com/v1/devices/MOD-00617/data/619067271
2374.63,924.0,"{'lat': None, 'lon': None}","{'rh': 34.6, 'temp': 24.4, 'wd': 0.0, 'ws': 0.0, 'ws_scalar': 0.0}","{'gas': {'co': 13502, 'co2': 13264, 'no': 13590, 'no2': 13769, 'o3': 13749}, 'pm': {'pm1': 13212, 'pm10': 13214, 'pm25': 13213}}",3.79,23.65,29.21,3.39,10.19,3.74,619067421,34.6,MOD-00617,24.4,2026-02-26T19:24:20,2026-02-26T11:24:20,https://api.quant-aq.com/v1/devices/MOD-00617/data/619067270
2378.93,923.4,"{'lat': None, 'lon': None}","{'rh': 34.9, 'temp': 24.4, 'wd': 0.0, 'ws': 0.0, 'ws_scalar': 0.0}","{'gas': {'co': 13502, 'co2': 13264, 'no': 13590, 'no2': 13769, 'o3': 13749}, 'pm': {'pm1': 13212, 'pm10': 13214, 'pm25': 13213}}",3.77,24.82,29.66,3.18,32.97,3.54,619065168,34.9,MOD-00617,24.4,2026-02-26T19:23:20,2026-02-26T11:23:20,https://api.quant-aq.com/v1/devices/MOD-00617/data/619065017
2390.91,927.13,"{'lat': None, 'lon': None}","{'rh': 34.8, 'temp': 24.4, 'wd': 0.0, 'ws': 0.0, 'ws_scalar': 0.0}","{'gas': {'co': 13502, 'co2': 13264, 'no': 13590, 'no2': 13769, 'o3': 13749}, 'pm': {'pm1': 13212, 'pm10': 13214, 'pm25': 13213}}",3.81,24.11,29.15,3.54,15.58,3.97,619065167,34.8,MOD-00617,24.4,2026-02-26T19:22:20,2026-02-26T11:22:20,https://api.quant-aq.com/v1/devices/MOD-00617/data/619065016
2400.62,930.02,"{'lat': None, 'lon': None}","{'rh': 35.0, 'temp': 24.4, 'wd': 0.0, 'ws': 0.0, 'ws_scalar': 0.0}","{'gas': {'co': 13502, 'co2': 13264, 'no': 13590, 'no2': 13769, 'o3': 13749}, 'pm': {'pm1': 13212, 'pm10': 13214, 'pm25': 13213}}",3.8,24.34,29.63,3.77,14.02,4.21,619065166,35.0,MOD-00617,24.4,2026-02-26T19:21:20,2026-02-26T11:21:20,https://api.quant-aq.com/v1/devices/MOD-00617/data/619065015
2421.34,944.48,"{'lat': None, 'lon': None}","{'rh': 35.3, 'temp': 24.4, 'wd': 0.0, 'ws': 0.0, 'ws_scalar': 0.0}","{'gas': {'co': 13502, 'co2': 13264, 'no': 13590, 'no2': 13769, 'o3': 13749}, 'pm': {'pm1': 13212, 'pm10': 13214, 'pm25': 13213}}",3.83,24.09,31.17,4.09,31.14,4.45,619065165,35.3,MOD-00617,24.4,2026-02-26T19:20:20,2026-02-26T11:20:20,https://api.quant-aq.com/v1/devices/MOD-00617/data/619065014
2430.44,934.24,"{'lat': None, 'lon': None}","{'rh': 35.2, 'temp': 24.4, 'wd': 0.0, 'ws': 0.0, 'ws_scalar': 0.0}","{'gas': {'co': 13502, 'co2': 13264, 'no': 13590, 'no2': 13769, 'o3': 13749}, 'pm': {'pm1': 13212, 'pm10': 13214, 'pm25': 13213}}",3.78,25.04,30.11,4.16,24.82,4.66,619062904,35.2,MOD-00617,24.4,2026-02-26T19:19:20,2026-02-26T11:19:20,https://api.quant-aq.com/v1/devices/MOD-00617/data/619062751
2433.87,925.45,"{'lat': None, 'lon': None}","{'rh': 35.0, 'temp': 24.4, 'wd': 0.0, 'ws': 0.0, 'ws_scalar': 0.0}","{'gas': {'co': 13502, 'co2': 13264, 'no': 13590, 'no2': 13769, 'o3': 13749}, 'pm': {'pm1': 13212, 'pm10': 13214, 'pm25': 13213}}",3.79,24.81,29.9,4.23,25.01,4.7,619062903,35.0,MOD-00617,24.4,2026-02-26T19:18:20,2026-02-26T11:18:20,https://api.quant-aq.com/v1/devices/MOD-00617/data/619062753
2450.63,928.82,"{'lat': None, 'lon': None}","{'rh': 35.1, 'temp': 24.4, 'wd': 0.0, 'ws': 0.0, 'ws_scalar': 0.0}","{'gas': {'co': 13502, 'co2': 13264, 'no': 13590, 'no2': 13769, 'o3': 13749}, 'pm': {'pm1': 13212, 'pm10': 13214, 'pm25': 13213}}",3.83,23.85,30.68,4.06,31.12,4.48,619062902,35.1,MOD-00617,24.4,2026-02-26T19:17:20,2026-02-26T11:17:20,https://api.quant-aq.com/v1/devices/MOD-00617/data/619062752
2457.54,933.88,"{'lat': None, 'lon': None}","{'rh': 35.2, 'temp': 24.4, 'wd': 0.0, 'ws': 0.0, 'ws_scalar': 0.0}","{'gas': {'co': 13502, 'co2': 13264, 'no': 13590, 'no2': 13769, 'o3': 13749}, 'pm': {'pm1': 13212, 'pm10': 13214, 'pm25': 13213}}",3.79,25.52,30.11,4.48,19.69,4.95,619062901,35.2,MOD-00617,24.4,2026-02-26T19:16:20,2026-02-26T11:16:20,https://api.quant-aq.com/v1/devices/MOD-00617/data/619062750
2465.55,944.36,"{'lat': None, 'lon': None}","{'rh': 34.9, 'temp': 24.4, 'wd': 0.0, 'ws': 0.0, 'ws_scalar': 0.0}","{'gas': {'co': 13502, 'co2': 13264, 'no': 13590, 'no2': 13769, 'o3': 13749}, 'pm': {'pm1': 13212, 'pm10': 13214, 'pm25': 13213}}",3.79,24.82,29.93,4.27,32.68,4.79,619060655,34.9,MOD-00617,24.4,2026-02-26T19:15:20,2026-02-26T11:15:20,https://api.quant-aq.com/v1/devices/MOD-00617/data/619060504
2482.79,947.37,"{'lat': None, 'lon': None}","{'rh': 34.9, 'temp': 24.4, 'wd': 0.0, 'ws': 0.0, 'ws_scalar': 0.0}","{'gas': {'co': 13502, 'co2': 13264, 'no': 13590, 'no2': 13769, 'o3': 13749}, 'pm': {'pm1': 13212, 'pm10': 13214, 'pm25': 13213}}",3.8,24.82,29.66,3.8,22.43,4.37,619060654,34.9,MOD-00617,24.4,2026-02-26T19:14:20,2026-02-26T11:14:20,https://api.quant-aq.com/v1/devices/MOD-00617/data/619060503
2498.25,938.33,"{'lat': None, 'lon': None}","{'rh': 35.1, 'temp': 24.4, 'wd': 0.0, 'ws': 0.0, 'ws_scalar': 0.0}","{'gas': {'co': 13502, 'co2': 13264, 'no': 13590, 'no2': 13769, 'o3': 13749}, 'pm': {'pm1': 13212, 'pm10': 13214, 'pm25': 13213}}",3.85,24.81,30.68,4.02,10.79,4.43,619060656,35.1,MOD-00617,24.4,2026-02-26T19:13:20,2026-02-26T11:13:20,https://api.quant-aq.com/v1/devices/MOD-00617/data/619060505
2497.14,941.34,"{'lat': None, 'lon': None}","{'rh': 35.5, 'temp': 24.4, 'wd': 0.0, 'ws': 0.0, 'ws_scalar': 0.0}","{'gas': {'co': 13502, 'co2': 13264, 'no': 13590, 'no2': 13769, 'o3': 13749}, 'pm': {'pm1': 13212, 'pm10': 13214, 'pm25': 13213}}",3.79,25.98,31.11,4.97,12.96,5.46,619060657,35.5,MOD-00617,24.4,2026-02-26T19:12:20,2026-02-26T11:12:20,https://api.quant-aq.com/v1/devices/MOD-00617/data/619060506
2483.2,915.45,"{'lat': None, 'lon': None}","{'rh': 34.9, 'temp': 24.4, 'wd': 0.0, 'ws': 0.0, 'ws_scalar': 0.0}","{'gas': {'co': 13502, 'co2': 13264, 'no': 13590, 'no2': 13769, 'o3': 13749}, 'pm': {'pm1': 13212, 'pm10': 13214, 'pm25': 13213}}",3.77,24.82,31.01,4.59,7.33,4.85,619058434,34.9,MOD-00617,24.4,2026-02-26T19:11:20,2026-02-26T11:11:20,https://api.quant-aq.com/v1/devices/MOD-00617/data/619058284
2487.45,906.9,"{'lat': None, 'lon': None}","{'rh': 34.7, 'temp': 24.4, 'wd': 0.0, 'ws': 0.0, 'ws_scalar': 0.0}","{'gas': {'co': 13502, 'co2': 13264, 'no': 13590, 'no2': 13769, 'o3': 13749}, 'pm': {'pm1': 13212, 'pm10': 13214, 'pm25': 13213}}",3.79,24.59,29.98,4.37,20.45,4.94,619058438,34.7,MOD-00617,24.4,2026-02-26T19:10:20,2026-02-26T11:10:20,https://api.quant-aq.com/v1/devices/MOD-00617/data/619058285
2508.79,914.0,"{'lat': None, 'lon': None}","{'rh': 34.7, 'temp': 24.4, 'wd': 0.0, 'ws': 0.0, 'ws_scalar': 0.0}","{'gas': {'co': 13502, 'co2': 13264, 'no': 13590, 'no2': 13769, 'o3': 13749}, 'pm': {'pm1': 13212, 'pm10': 13214, 'pm25': 13213}}",3.79,24.11,30.25,4.72,31.22,5.13,619058440,34.7,MOD-00617,24.4,2026-02-26T19:09:20,2026-02-26T11:09:20,https://api.quant-aq.com/v1/devices/MOD-00617/data/619058290
2512.28,923.64,"{'lat': None, 'lon': None}","{'rh': 35.0, 'temp': 24.4, 'wd': 0.0, 'ws': 0.0, 'ws_scalar': 0.0}","{'gas': {'co': 13502, 'co2': 13264, 'no': 13590, 'no2': 13769, 'o3': 13749}, 'pm': {'pm1': 13212, 'pm10': 13214, 'pm25': 13213}}",3.82,25.52,30.44,5.23,24.73,5.68,619058436,35.0,MOD-00617,24.4,2026-02-26T19:08:20,2026-02-26T11:08:20,https://api.quant-aq.com/v1/devices/MOD-00617/data/619058288
2513.72,914.24,"{'lat': None, 'lon': None}","{'rh': 34.7, 'temp': 24.4, 'wd': 0.0, 'ws': 0.0, 'ws_scalar': 0.0}","{'gas': {'co': 13502, 'co2': 13264, 'no': 13590, 'no2': 13769, 'o3': 13749}, 'pm': {'pm1': 13212, 'pm10': 13214, 'pm25': 13213}}",3.78,25.3,29.72,4.74,21.02,5.11,619056127,34.7,MOD-00617,24.4,2026-02-26T19:07:20,2026-02-26T11:07:20,https://api.quant-aq.com/v1/devices/MOD-00617/data/619055976
2498.53,924.48,"{'lat': None, 'lon': None}","{'rh': 34.7, 'temp': 24.4, 'wd': 0.0, 'ws': 0.0, 'ws_scalar': 0.0}","{'gas': {'co': 13502, 'co2': 13264, 'no': 13590, 'no2': 13769, 'o3': 13749}, 'pm': {'pm1': 13212, 'pm10': 13214, 'pm25': 13213}}",3.85,24.59,29.72,4.45,11.14,4.76,619056126,34.7,MOD-00617,24.4,2026-02-26T19:06:20,2026-02-26T11:06:20,https://api.quant-aq.com/v1/devices/MOD-00617/data/619055975
2488.2,936.89,"{'lat': None, 'lon': None}","{'rh': 34.8, 'temp': 24.4, 'wd': 0.0, 'ws': 0.0, 'ws_scalar': 0.0}","{'gas': {'co': 13502, 'co2': 13264, 'no': 13590, 'no2': 13769, 'o3': 13749}, 'pm': {'pm1': 13212, 'pm10': 13214, 'pm25': 13213}}",3.84,24.35,29.15,4.48,10.43,4.95,619056125,34.8,MOD-00617,24.4,2026-02-26T19:05:20,2026-02-26T11:05:20,https://api.quant-aq.com/v1/devices/MOD-00617/data/619055974
2493.18,954.23,"{'lat': None, 'lon': None}","{'rh': 35.3, 'temp': 24.4, 'wd': 0.0, 'ws': 0.0, 'ws_scalar': 0.0}","{'gas': {'co': 13502, 'co2': 13264, 'no': 13590, 'no2': 13769, 'o3': 13749}, 'pm': {'pm1': 13212, 'pm10': 13214, 'pm25': 13213}}",3.85,25.75,30.9,5.51,28.84,6.09,619056124,35.3,MOD-00617,24.4,2026-02-26T19:04:20,2026-02-26T11:04:20,https://api.quant-aq.com/v1/devices/MOD-00617/data/619055973
2489.63,950.5,"{'lat': None, 'lon': None}","{'rh': 35.1, 'temp': 24.4, 'wd': 0.0, 'ws': 0.0, 'ws_scalar': 0.0}","{'gas': {'co': 13502, 'co2': 13264, 'no': 13590, 'no2': 13769, 'o3': 13749}, 'pm': {'pm1': 13212, 'pm10': 13214, 'pm25': 13213}}",3.82,25.28,30.68,5.96,30.67,6.61,619053893,35.1,MOD-00617,24.4,2026-02-26T19:03:20,2026-02-26T11:03:20,https://api.quant-aq.com/v1/devices/MOD-00617/data/619053743
2495.52,930.02,"{'lat': None, 'lon': None}","{'rh': 34.9, 'temp': 24.4, 'wd': 0.0, 'ws': 0.0, 'ws_scalar': 0.0}","{'gas': {'co': 13502, 'co2': 13264, 'no': 13590, 'no2': 13769, 'o3': 13749}, 'pm': {'pm1': 13212, 'pm10': 13214, 'pm25': 13213}}",3.79,26.0,30.47,7.71,26.33,8.16,619053895,34.9,MOD-00617,24.4,2026-02-26T19:02:20,2026-02-26T11:02:20,https://api.quant-aq.com/v1/devices/MOD-00617/data/619053742
2494.98,924.96,"{'lat': None, 'lon': None}","{'rh': 34.5, 'temp': 24.4, 'wd': 0.0, 'ws': 0.0, 'ws_scalar': 0.0}","{'gas': {'co': 13502, 'co2': 13264, 'no': 13590, 'no2': 13769, 'o3': 13749}, 'pm': {'pm1': 13212, 'pm10': 13214, 'pm25': 13213}}",3.83,24.6,28.97,5.2,11.37,5.59,619053894,34.5,MOD-00617,24.4,2026-02-26T19:01:20,2026-02-26T11:01:20,https://api.quant-aq.com/v1/devices/MOD-00617/data/619053744
2500.02,950.74,"{'lat': None, 'lon': None}","{'rh': 35.5, 'temp': 24.4, 'wd': 0.0, 'ws': 0.0, 'ws_scalar': 0.0}","{'gas': {'co': 13502, 'co2': 13264, 'no': 13590, 'no2': 13769, 'o3': 13749}, 'pm': {'pm1': 13212, 'pm10': 13214, 'pm25': 13213}}",3.83,25.5,30.84,5.27,18.68,5.72,619053892,35.5,MOD-00617,24.4,2026-02-26T19:00:20,2026-02-26T11:00:20,https://api.quant-aq.com/v1/devices/MOD-00617/data/619053741
2490.93,932.43,"{'lat': None, 'lon': None}","{'rh': 35.0, 'temp': 24.4, 'wd': 0.0, 'ws': 0.0, 'ws_scalar': 0.0}","{'gas': {'co': 13502, 'co2': 13264, 'no': 13590, 'no2': 13769, 'o3': 13749}, 'pm': {'pm1': 13212, 'pm10': 13214, 'pm25': 13213}}",3.88,24.81,30.44,5.07,14.16,5.58,619051641,35.0,MOD-00617,24.4,2026-02-26T18:59:20,2026-02-26T10:59:20,https://api.quant-aq.com/v1/devices/MOD-00617/data/619051490
2489.11,938.81,"{'lat': None, 'lon': None}","{'rh': 35.1, 'temp': 24.3, 'wd': 0.0, 'ws': 0.0, 'ws_scalar': 0.0}","{'gas': {'co': 13502, 'co2': 13264, 'no': 13590, 'no2': 13769, 'o3': 13749}, 'pm': {'pm1': 13212, 'pm10': 13214, 'pm25': 13213}}",3.86,24.8,29.86,5.43,10.14,5.79,619051642,35.1,MOD-00617,24.3,2026-02-26T18:58:20,2026-02-26T10:58:20,https://api.quant-aq.com/v1/devices/MOD-00617/data/619051491
2492.5,943.15,"{'lat': None, 'lon': None}","{'rh': 35.1, 'temp': 24.4, 'wd': 0.0, 'ws': 0.0, 'ws_scalar': 0.0}","{'gas': {'co': 13502, 'co2': 13264, 'no': 13590, 'no2': 13769, 'o3': 13749}, 'pm': {'pm1': 13212, 'pm10': 13214, 'pm25': 13213}}",3.84,25.28,30.14,5.64,33.88,5.98,619051639,35.1,MOD-00617,24.4,2026-02-26T18:57:20,2026-02-26T10:57:20,https://api.quant-aq.com/v1/devices/MOD-00617/data/619051488
2505.87,953.63,"{'lat': None, 'lon': None}","{'rh': 35.2, 'temp': 24.3, 'wd': 0.0, 'ws': 0.0, 'ws_scalar': 0.0}","{'gas': {'co': 13502, 'co2': 13264, 'no': 13590, 'no2': 13769, 'o3': 13749}, 'pm': {'pm1': 13212, 'pm10': 13214, 'pm25': 13213}}",3.88,25.03,30.1,6.61,22.7,7.05,619051640,35.2,MOD-00617,24.3,2026-02-26T18:56:20,2026-02-26T10:56:20,https://api.quant-aq.com/v1/devices/MOD-00617/data/619051489
2528.38,957.24,"{'lat': None, 'lon': None}","{'rh': 35.3, 'temp': 24.3, 'wd': 0.0, 'ws': 0.0, 'ws_scalar': 0.0}","{'gas': {'co': 13502, 'co2': 13264, 'no': 13590, 'no2': 13769, 'o3': 13749}, 'pm': {'pm1': 13212, 'pm10': 13214, 'pm25': 13213}}",3.94,25.27,30.07,6.06,29.95,6.5,619049432,35.3,MOD-00617,24.3,2026-02-26T18:55:20,2026-02-26T10:55:20,https://api.quant-aq.com/v1/devices/MOD-00617/data/619049281
2522.83,966.28,"{'lat': None, 'lon': None}","{'rh': 35.6, 'temp': 24.3, 'wd': 0.0, 'ws': 0.0, 'ws_scalar': 0.0}","{'gas': {'co': 13502, 'co2': 13264, 'no': 13590, 'no2': 13769, 'o3': 13749}, 'pm': {'pm1': 13212, 'pm10': 13214, 'pm25': 13213}}",3.88,25.96,30.8,6.21,20.43,6.71,619049430,35.6,MOD-00617,24.3,2026-02-26T18:54:20,2026-02-26T10:54:20,https://api.quant-aq.com/v1/devices/MOD-00617/data/619049279
2499.91,960.13,"{'lat': None, 'lon': None}","{'rh': 35.5, 'temp': 24.3, 'wd': 0.0, 'ws': 0.0, 'ws_scalar': 0.0}","{'gas': {'co': 13502, 'co2': 13264, 'no': 13590, 'no2': 13769, 'o3': 13749}, 'pm': {'pm1': 13212, 'pm10': 13214, 'pm25': 13213}}",3.86,25.02,30.56,6.14,11.7,6.53,619049431,35.5,MOD-00617,24.3,2026-02-26T18:53:20,2026-02-26T10:53:20,https://api.quant-aq.com/v1/devices/MOD-00617/data/619049280
2490.4,971.33,"{'lat': None, 'lon': None}","{'rh': 35.6, 'temp': 24.3, 'wd': 0.0, 'ws': 0.0, 'ws_scalar': 0.0}","{'gas': {'co': 13502, 'co2': 13264, 'no': 13590, 'no2': 13769, 'o3': 13749}, 'pm': {'pm1': 13212, 'pm10': 13214, 'pm25': 13213}}",3.99,25.25,30.26,6.21,22.36,6.68,619049429,35.6,MOD-00617,24.3,2026-02-26T18:52:20,2026-02-26T10:52:20,https://api.quant-aq.com/v1/devices/MOD-00617/data/619049278
2467.68,986.27,"{'lat': None, 'lon': None}","{'rh': 35.8, 'temp': 24.3, 'wd': 0.0, 'ws': 0.0, 'ws_scalar': 0.0}","{'gas': {'co': 13502, 'co2': 13264, 'no': 13590, 'no2': 13769, 'o3': 13749}, 'pm': {'pm1': 13212, 'pm10': 13214, 'pm25': 13213}}",3.83,26.19,31.29,6.53,39.53,7.03,619046588,35.8,MOD-00617,24.3,2026-02-26T18:51:20,2026-02-26T10:51:20,https://api.quant-aq.com/v1/devices/MOD-00617/data/619046439
2436.69,991.81,"{'lat': None, 'lon': None}","{'rh': 35.5, 'temp': 24.3, 'wd': 0.0, 'ws': 0.0, 'ws_scalar': 0.0}","{'gas': {'co': 13502, 'co2': 13264, 'no': 13590, 'no2': 13769, 'o3': 13749}, 'pm': {'pm1': 13212, 'pm10': 13214, 'pm25': 13213}}",3.86,25.5,31.1,7.11,39.08,7.68,619046592,35.5,MOD-00617,24.3,2026-02-26T18:50:20,2026-02-26T10:50:20,https://api.quant-aq.com/v1/devices/MOD-00617/data/619046438
2416.45,958.45,"{'lat': None, 'lon': None}","{'rh': 35.1, 'temp': 24.3, 'wd': 0.0, 'ws': 0.0, 'ws_scalar': 0.0}","{'gas': {'co': 13502, 'co2': 13264, 'no': 13590, 'no2': 13769, 'o3': 13749}, 'pm': {'pm1': 13212, 'pm10': 13214, 'pm25': 13213}}",3.86,24.09,29.59,5.91,24.5,6.41,619046590,35.1,MOD-00617,24.3,2026-02-26T18:49:20,2026-02-26T10:49:20,https://api.quant-aq.com/v1/devices/MOD-00617/data/619046440
2406.31,980.61,"{'lat': None, 'lon': None}","{'rh': 35.5, 'temp': 24.3, 'wd': 0.0, 'ws': 0.0, 'ws_scalar': 0.0}","{'gas': {'co': 13502, 'co2': 13264, 'no': 13590, 'no2': 13769, 'o3': 13749}, 'pm': {'pm1': 13212, 'pm10': 13214, 'pm25': 13213}}",3.93,25.26,30.29,5.98,16.18,6.38,619046587,35.5,MOD-00617,24.3,2026-02-26T18:48:20,2026-02-26T10:48:20,https://api.quant-aq.com/v1/devices/MOD-00617/data/619046436
2399.87,991.09,"{'lat': None, 'lon': None}","{'rh': 35.9, 'temp': 24.3, 'wd': 0.0, 'ws': 0.0, 'ws_scalar': 0.0}","{'gas': {'co': 13502, 'co2': 13264, 'no': 13590, 'no2': 13769, 'o3': 13749}, 'pm': {'pm1': 13212, 'pm10': 13214, 'pm25': 13213}}",3.87,25.72,31.26,5.76,13.32,6.24,619043842,35.9,MOD-00617,24.3,2026-02-26T18:47:20,2026-02-26T10:47:20,https://api.quant-aq.com/v1/devices/MOD-00617/data/619043691
2391.12,984.58,"{'lat': None, 'lon': None}","{'rh': 35.5, 'temp': 24.3, 'wd': 0.0, 'ws': 0.0, 'ws_scalar': 0.0}","{'gas': {'co': 13502, 'co2': 13264, 'no': 13590, 'no2': 13769, 'o3': 13749}, 'pm': {'pm1': 13212, 'pm10': 13214, 'pm25': 13213}}",3.86,25.97,30.02,5.67,18.12,6.05,619043841,35.5,MOD-00617,24.3,2026-02-26T18:46:20,2026-02-26T10:46:20,https://api.quant-aq.com/v1/devices/MOD-00617/data/619043689
2379.97,1003.01,"{'lat': None, 'lon': None}","{'rh': 35.6, 'temp': 24.3, 'wd': 0.0, 'ws': 0.0, 'ws_scalar': 0.0}","{'gas': {'co': 13502, 'co2': 13264, 'no': 13590, 'no2': 13769, 'o3': 13749}, 'pm': {'pm1': 13212, 'pm10': 13214, 'pm25': 13213}}",3.91,25.25,31.34,5.55,8.84,5.9,619043840,35.6,MOD-00617,24.3,2026-02-26T18:45:20,2026-02-26T10:45:20,https://api.quant-aq.com/v1/devices/MOD-00617/data/619043690
2354.07,1002.41,"{'lat': None, 'lon': None}","{'rh': 35.5, 'temp': 24.2, 'wd': 0.0, 'ws': 0.0, 'ws_scalar': 0.0}","{'gas': {'co': 13502, 'co2': 13264, 'no': 13590, 'no2': 13769, 'o3': 13749}, 'pm': {'pm1': 13212, 'pm10': 13214, 'pm25': 13213}}",3.87,25.49,30.55,5.65,38.83,6.08,619043839,35.5,MOD-00617,24.2,2026-02-26T18:44:20,2026-02-26T10:44:20,https://api.quant-aq.com/v1/devices/MOD-00617/data/619043688
2336.28,1008.19,"{'lat': None, 'lon': None}","{'rh': 35.7, 'temp': 24.2, 'wd': 0.0, 'ws': 0.0, 'ws_scalar': 0.0}","{'gas': {'co': 13502, 'co2': 13264, 'no': 13590, 'no2': 13769, 'o3': 13749}, 'pm': {'pm1': 13212, 'pm10': 13214, 'pm25': 13213}}",3.87,25.95,31.3,5.46,10.27,5.87,619041611,35.7,MOD-00617,24.2,2026-02-26T18:43:20,2026-02-26T10:43:20,https://api.quant-aq.com/v1/devices/MOD-00617/data/619041460
2316.37,979.16,"{'lat': None, 'lon': None}","{'rh': 35.4, 'temp': 24.2, 'wd': 0.0, 'ws': 0.0, 'ws_scalar': 0.0}","{'gas': {'co': 13502, 'co2': 13264, 'no': 13590, 'no2': 13769, 'o3': 13749}, 'pm': {'pm1': 13212, 'pm10': 13214, 'pm25': 13213}}",3.87,25.49,30.57,5.2,15.13,5.68,619041610,35.4,MOD-00617,24.2,2026-02-26T18:42:20,2026-02-26T10:42:20,https://api.quant-aq.com/v1/devices/MOD-00617/data/619041459
2314.32,985.43,"{'lat': None, 'lon': None}","{'rh': 35.4, 'temp': 24.2, 'wd': 0.0, 'ws': 0.0, 'ws_scalar': 0.0}","{'gas': {'co': 13502, 'co2': 13264, 'no': 13590, 'no2': 13769, 'o3': 13749}, 'pm': {'pm1': 13212, 'pm10': 13214, 'pm25': 13213}}",3.85,25.26,30.03,5.37,16.33,5.67,619041608,35.4,MOD-00617,24.2,2026-02-26T18:41:20,2026-02-26T10:41:20,https://api.quant-aq.com/v1/devices/MOD-00617/data/619041457
2318.55,1028.67,"{'lat': None, 'lon': None}","{'rh': 35.8, 'temp': 24.2, 'wd': 0.0, 'ws': 0.0, 'ws_scalar': 0.0}","{'gas': {'co': 13502, 'co2': 13264, 'no': 13590, 'no2': 13769, 'o3': 13749}, 'pm': {'pm1': 13212, 'pm10': 13214, 'pm25': 13213}}",3.96,25.95,31.28,6.6,42.83,7.26,619041609,35.8,MOD-00617,24.2,2026-02-26T18:40:20,2026-02-26T10:40:20,https://api.quant-aq.com/v1/devices/MOD-00617/data/619041458
2277.43,1010.12,"{'lat': None, 'lon': None}","{'rh': 35.9, 'temp': 24.2, 'wd': 0.0, 'ws': 0.0, 'ws_scalar': 0.0}","{'gas': {'co': 13502, 'co2': 13264, 'no': 13590, 'no2': 13769, 'o3': 13749}, 'pm': {'pm1': 13212, 'pm10': 13214, 'pm25': 13213}}",3.86,27.13,31.79,5.64,35.27,6.12,619039336,35.9,MOD-00617,24.2,2026-02-26T18:39:20,2026-02-26T10:39:20,https://api.quant-aq.com/v1/devices/MOD-00617/data/619039185
2263.35,978.08,"{'lat': None, 'lon': None}","{'rh': 35.5, 'temp': 24.2, 'wd': 0.0, 'ws': 0.0, 'ws_scalar': 0.0}","{'gas': {'co': 13502, 'co2': 13264, 'no': 13590, 'no2': 13769, 'o3': 13749}, 'pm': {'pm1': 13212, 'pm10': 13214, 'pm25': 13213}}",3.94,25.49,31.09,6.65,32.37,7.33,619039333,35.5,MOD-00617,24.2,2026-02-26T18:38:20,2026-02-26T10:38:20,https://api.quant-aq.com/v1/devices/MOD-00617/data/619039182
2246.93,969.17,"{'lat': None, 'lon': None}","{'rh': 35.5, 'temp': 24.2, 'wd': 0.0, 'ws': 0.0, 'ws_scalar': 0.0}","{'gas': {'co': 13502, 'co2': 13264, 'no': 13590, 'no2': 13769, 'o3': 13749}, 'pm': {'pm1': 13212, 'pm10': 13214, 'pm25': 13213}}",3.88,26.91,31.09,6.35,17.77,6.94,619039335,35.5,MOD-00617,24.2,2026-02-26T18:37:20,2026-02-26T10:37:20,https://api.quant-aq.com/v1/devices/MOD-00617/data/619039184
2213.16,971.7,"{'lat': None, 'lon': None}","{'rh': 35.5, 'temp': 24.1, 'wd': 0.0, 'ws': 0.0, 'ws_scalar': 0.0}","{'gas': {'co': 13502, 'co2': 13264, 'no': 13590, 'no2': 13769, 'o3': 13749}, 'pm': {'pm1': 13212, 'pm10': 13214, 'pm25': 13213}}",3.84,26.43,31.34,6.93,27.35,7.33,619039334,35.5,MOD-00617,24.1,2026-02-26T18:36:20,2026-02-26T10:36:20,https://api.quant-aq.com/v1/devices/MOD-00617/data/619039183
2207.48,993.5,"{'lat': None, 'lon': None}","{'rh': 35.4, 'temp': 24.1, 'wd': 0.0, 'ws': 0.0, 'ws_scalar': 0.0}","{'gas': {'co': 13502, 'co2': 13264, 'no': 13590, 'no2': 13769, 'o3': 13749}, 'pm': {'pm1': 13212, 'pm10': 13214, 'pm25': 13213}}",3.86,26.43,31.64,7.36,16.62,7.94,619037079,35.4,MOD-00617,24.1,2026-02-26T18:35:20,2026-02-26T10:35:20,https://api.quant-aq.com/v1/devices/MOD-00617/data/619036927
2202.22,972.9,"{'lat': None, 'lon': None}","{'rh': 35.3, 'temp': 24.1, 'wd': 0.0, 'ws': 0.0, 'ws_scalar': 0.0}","{'gas': {'co': 13502, 'co2': 13264, 'no': 13590, 'no2': 13769, 'o3': 13749}, 'pm': {'pm1': 13212, 'pm10': 13214, 'pm25': 13213}}",3.88,26.67,31.67,7.56,30.05,7.98,619037078,35.3,MOD-00617,24.1,2026-02-26T18:34:20,2026-02-26T10:34:20,https://api.quant-aq.com/v1/devices/MOD-00617/data/619036928
2198.52,967.36,"{'lat': None, 'lon': None}","{'rh': 35.3, 'temp': 24.1, 'wd': 0.0, 'ws': 0.0, 'ws_scalar': 0.0}","{'gas': {'co': 13502, 'co2': 13264, 'no': 13590, 'no2': 13769, 'o3': 13749}, 'pm': {'pm1': 13212, 'pm10': 13214, 'pm25': 13213}}",3.87,26.44,31.4,8.33,13.78,8.75,619037077,35.3,MOD-00617,24.1,2026-02-26T18:33:20,2026-02-26T10:33:20,https://api.quant-aq.com/v1/devices/MOD-00617/data/619036926
2184.01,977.0,"{'lat': None, 'lon': None}","{'rh': 35.5, 'temp': 24.1, 'wd': 0.0, 'ws': 0.0, 'ws_scalar': 0.0}","{'gas': {'co': 13502, 'co2': 13264, 'no': 13590, 'no2': 13769, 'o3': 13749}, 'pm': {'pm1': 13212, 'pm10': 13214, 'pm25': 13213}}",3.84,26.9,32.7,7.69,29.74,8.11,619037076,35.5,MOD-00617,24.1,2026-02-26T18:32:20,2026-02-26T10:32:20,https://api.quant-aq.com/v1/devices/MOD-00617/data/619036925
2160.56,951.82,"{'lat': None, 'lon': None}","{'rh': 35.0, 'temp': 24.1, 'wd': 0.0, 'ws': 0.0, 'ws_scalar': 0.0}","{'gas': {'co': 13502, 'co2': 13264, 'no': 13590, 'no2': 13769, 'o3': 13749}, 'pm': {'pm1': 13212, 'pm10': 13214, 'pm25': 13213}}",3.9,26.45,31.21,8.17,31.36,8.57,619034645,35.0,MOD-00617,24.1,2026-02-26T18:31:20,2026-02-26T10:31:20,https://api.quant-aq.com/v1/devices/MOD-00617/data/619034494
2135.93,947.73,"{'lat': None, 'lon': None}","{'rh': 35.0, 'temp': 24.1, 'wd': 0.0, 'ws': 0.0, 'ws_scalar': 0.0}","{'gas': {'co': 13502, 'co2': 13264, 'no': 13590, 'no2': 13769, 'o3': 13749}, 'pm': {'pm1': 13212, 'pm10': 13214, 'pm25': 13213}}",3.81,27.4,31.48,7.77,20.13,8.17,619034646,35.0,MOD-00617,24.1,2026-02-26T18:30:20,2026-02-26T10:30:20,https://api.quant-aq.com/v1/devices/MOD-00617/data/619034495
2112.4,916.89,"{'lat': None, 'lon': None}","{'rh': 34.6, 'temp': 24.1, 'wd': 0.0, 'ws': 0.0, 'ws_scalar': 0.0}","{'gas': {'co': 13502, 'co2': 13264, 'no': 13590, 'no2': 13769, 'o3': 13749}, 'pm': {'pm1': 13212, 'pm10': 13214, 'pm25': 13213}}",3.78,25.75,30.51,5.8,14.22,6.26,619034643,34.6,MOD-00617,24.1,2026-02-26T18:29:20,2026-02-26T10:29:20,https://api.quant-aq.com/v1/devices/MOD-00617/data/619034492
2099.6,939.66,"{'lat': None, 'lon': None}","{'rh': 34.7, 'temp': 24.1, 'wd': 0.0, 'ws': 0.0, 'ws_scalar': 0.0}","{'gas': {'co': 13502, 'co2': 13264, 'no': 13590, 'no2': 13769, 'o3': 13749}, 'pm': {'pm1': 13212, 'pm10': 13214, 'pm25': 13213}}",3.89,25.51,31.02,5.66,17.61,6.01,619034644,34.7,MOD-00617,24.1,2026-02-26T18:28:20,2026-02-26T10:28:20,https://api.quant-aq.com/v1/devices/MOD-00617/data/619034493
2078.62,957.72,"{'lat': None, 'lon': None}","{'rh': 35.2, 'temp': 24.0, 'wd': 0.0, 'ws': 0.0, 'ws_scalar': 0.0}","{'gas': {'co': 13502, 'co2': 13264, 'no': 13590, 'no2': 13769, 'o3': 13749}, 'pm': {'pm1': 13212, 'pm10': 13214, 'pm25': 13213}}",3.96,26.67,31.68,6.67,47.15,7.0,619032379,35.2,MOD-00617,24.0,2026-02-26T18:27:20,2026-02-26T10:27:20,https://api.quant-aq.com/v1/devices/MOD-00617/data/619032228
2033.19,933.27,"{'lat': None, 'lon': None}","{'rh': 35.0, 'temp': 24.0, 'wd': 0.0, 'ws': 0.0, 'ws_scalar': 0.0}","{'gas': {'co': 13502, 'co2': 13264, 'no': 13590, 'no2': 13769, 'o3': 13749}, 'pm': {'pm1': 13212, 'pm10': 13214, 'pm25': 13213}}",3.78,26.92,31.73,6.76,19.61,7.22,619032378,35.0,MOD-00617,24.0,2026-02-26T18:26:20,2026-02-26T10:26:20,https://api.quant-aq.com/v1/devices/MOD-00617/data/619032227
2002.69,920.51,"{'lat': None, 'lon': None}","{'rh': 34.6, 'temp': 24.0, 'wd': 0.0, 'ws': 0.0, 'ws_scalar': 0.0}","{'gas': {'co': 13502, 'co2': 13264, 'no': 13590, 'no2': 13769, 'o3': 13749}, 'pm': {'pm1': 13212, 'pm10': 13214, 'pm25': 13213}}",3.8,25.75,31.3,6.29,18.72,6.85,619032377,34.6,MOD-00617,24.0,2026-02-26T18:25:20,2026-02-26T10:25:20,https://api.quant-aq.com/v1/devices/MOD-00617/data/619032226
1986.82,914.0,"{'lat': None, 'lon': None}","{'rh': 34.4, 'temp': 24.0, 'wd': 0.0, 'ws': 0.0, 'ws_scalar': 0.0}","{'gas': {'co': 13502, 'co2': 13264, 'no': 13590, 'no2': 13769, 'o3': 13749}, 'pm': {'pm1': 13212, 'pm10': 13214, 'pm25': 13213}}",3.84,25.28,30.82,7.17,24.61,7.56,619032376,34.4,MOD-00617,24.0,2026-02-26T18:24:20,2026-02-26T10:24:20,https://api.quant-aq.com/v1/devices/MOD-00617/data/619032225
1959.44,943.27,"{'lat': None, 'lon': None}","{'rh': 34.8, 'temp': 24.0, 'wd': 0.0, 'ws': 0.0, 'ws_scalar': 0.0}","{'gas': {'co': 13502, 'co2': 13264, 'no': 13590, 'no2': 13769, 'o3': 13749}, 'pm': {'pm1': 13212, 'pm10': 13214, 'pm25': 13213}}",3.83,27.16,31.52,7.81,15.39,8.22,619030095,34.8,MOD-00617,24.0,2026-02-26T18:23:20,2026-02-26T10:23:20,https://api.quant-aq.com/v1/devices/MOD-00617/data/619029944
1920.03,920.75,"{'lat': None, 'lon': None}","{'rh': 34.8, 'temp': 24.0, 'wd': 0.0, 'ws': 0.0, 'ws_scalar': 0.0}","{'gas': {'co': 13502, 'co2': 13264, 'no': 13590, 'no2': 13769, 'o3': 13749}, 'pm': {'pm1': 13212, 'pm10': 13214, 'pm25': 13213}}",3.87,26.92,31.79,9.93,23.26,10.34,619030098,34.8,MOD-00617,24.0,2026-02-26T18:22:20,2026-02-26T10:22:20,https://api.quant-aq.com/v1/devices/MOD-00617/data/619029947
1868.72,911.59,"{'lat': None, 'lon': None}","{'rh': 34.8, 'temp': 24.0, 'wd': 0.0, 'ws': 0.0, 'ws_scalar': 0.0}","{'gas': {'co': 13502, 'co2': 13264, 'no': 13590, 'no2': 13769, 'o3': 13749}, 'pm': {'pm1': 13212, 'pm10': 13214, 'pm25': 13213}}",3.84,27.16,31.79,9.26,24.09,9.71,619030096,34.8,MOD-00617,24.0,2026-02-26T18:21:20,2026-02-26T10:21:20,https://api.quant-aq.com/v1/devices/MOD-00617/data/619029945
1829.38,907.26,"{'lat': None, 'lon': None}","{'rh': 34.7, 'temp': 24.0, 'wd': 0.0, 'ws': 0.0, 'ws_scalar': 0.0}","{'gas': {'co': 13502, 'co2': 13264, 'no': 13590, 'no2': 13769, 'o3': 13749}, 'pm': {'pm1': 13212, 'pm10': 13214, 'pm25': 13213}}",3.86,27.4,31.27,8.98,24.63,9.49,619030097,34.7,MOD-00617,24.0,2026-02-26T18:20:20,2026-02-26T10:20:20,https://api.quant-aq.com/v1/devices/MOD-00617/data/619029946
1789.08,911.47,"{'lat': None, 'lon': None}","{'rh': 34.8, 'temp': 24.0, 'wd': 0.0, 'ws': 0.0, 'ws_scalar': 0.0}","{'gas': {'co': 13502, 'co2': 13264, 'no': 13590, 'no2': 13769, 'o3': 13749}, 'pm': {'pm1': 13212, 'pm10': 13214, 'pm25': 13213}}",3.94,26.69,32.06,8.3,21.6,8.72,619027833,34.8,MOD-00617,24.0,2026-02-26T18:19:20,2026-02-26T10:19:20,https://api.quant-aq.com/v1/devices/MOD-00617/data/619027682
1728.67,909.18,"{'lat': None, 'lon': None}","{'rh': 34.9, 'temp': 24.0, 'wd': 0.0, 'ws': 0.0, 'ws_scalar': 0.0}","{'gas': {'co': 13502, 'co2': 13264, 'no': 13590, 'no2': 13769, 'o3': 13749}, 'pm': {'pm1': 13212, 'pm10': 13214, 'pm25': 13213}}",3.78,27.63,32.3,7.17,27.64,7.63,619027835,34.9,MOD-00617,24.0,2026-02-26T18:18:20,2026-02-26T10:18:20,https://api.quant-aq.com/v1/devices/MOD-00617/data/619027684
1685.58,887.5,"{'lat': None, 'lon': None}","{'rh': 34.3, 'temp': 24.0, 'wd': 0.0, 'ws': 0.0, 'ws_scalar': 0.0}","{'gas': {'co': 13502, 'co2': 13264, 'no': 13590, 'no2': 13769, 'o3': 13749}, 'pm': {'pm1': 13212, 'pm10': 13214, 'pm25': 13213}}",3.76,25.76,31.38,5.55,25.48,5.84,619027836,34.3,MOD-00617,24.0,2026-02-26T18:17:20,2026-02-26T10:17:20,https://api.quant-aq.com/v1/devices/MOD-00617/data/619027685
1652.18,902.92,"{'lat': None, 'lon': None}","{'rh': 34.5, 'temp': 24.0, 'wd': 0.0, 'ws': 0.0, 'ws_scalar': 0.0}","{'gas': {'co': 13502, 'co2': 13264, 'no': 13590, 'no2': 13769, 'o3': 13749}, 'pm': {'pm1': 13212, 'pm10': 13214, 'pm25': 13213}}",3.79,26.7,31.87,6.68,9.29,7.2,619027834,34.5,MOD-00617,24.0,2026-02-26T18:16:20,2026-02-26T10:16:20,https://api.quant-aq.com/v1/devices/MOD-00617/data/619027683
1616.58,898.95,"{'lat': None, 'lon': None}","{'rh': 34.2, 'temp': 23.9, 'wd': 0.0, 'ws': 0.0, 'ws_scalar': 0.0}","{'gas': {'co': 13502, 'co2': 13264, 'no': 13590, 'no2': 13769, 'o3': 13749}, 'pm': {'pm1': 13212, 'pm10': 13214, 'pm25': 13213}}",3.74,25.14,30.85,6.11,41.13,6.63,619025600,34.2,MOD-00617,23.9,2026-02-26T18:15:20,2026-02-26T10:15:20,https://api.quant-aq.com/v1/devices/MOD-00617/data/619025448
1601.17,912.68,"{'lat': None, 'lon': None}","{'rh': 34.5, 'temp': 23.9, 'wd': 0.0, 'ws': 0.0, 'ws_scalar': 0.0}","{'gas': {'co': 13502, 'co2': 13264, 'no': 13590, 'no2': 13769, 'o3': 13749}, 'pm': {'pm1': 13212, 'pm10': 13214, 'pm25': 13213}}",3.8,26.46,31.58,7.63,20.08,8.09,619025599,34.5,MOD-00617,23.9,2026-02-26T18:14:20,2026-02-26T10:14:20,https://api.quant-aq.com/v1/devices/MOD-00617/data/619025449
1566.55,934.12,"{'lat': None, 'lon': None}","{'rh': 34.7, 'temp': 23.9, 'wd': 0.0, 'ws': 0.0, 'ws_scalar': 0.0}","{'gas': {'co': 13502, 'co2': 13264, 'no': 13590, 'no2': 13769, 'o3': 13749}, 'pm': {'pm1': 13212, 'pm10': 13214, 'pm25': 13213}}",3.78,26.68,32.34,6.29,10.56,6.79,619025595,34.7,MOD-00617,23.9,2026-02-26T18:13:20,2026-02-26T10:13:20,https://api.quant-aq.com/v1/devices/MOD-00617/data/619025446
1542.33,922.92,"{'lat': None, 'lon': None}","{'rh': 34.7, 'temp': 23.9, 'wd': 0.0, 'ws': 0.0, 'ws_scalar': 0.0}","{'gas': {'co': 13502, 'co2': 13264, 'no': 13590, 'no2': 13769, 'o3': 13749}, 'pm': {'pm1': 13212, 'pm10': 13214, 'pm25': 13213}}",3.8,26.21,32.34,6.34,28.16,6.8,619025597,34.7,MOD-00617,23.9,2026-02-26T18:12:20,2026-02-26T10:12:20,https://api.quant-aq.com/v1/devices/MOD-00617/data/619025447
1525.3,899.79,"{'lat': None, 'lon': None}","{'rh': 34.4, 'temp': 23.9, 'wd': 0.0, 'ws': 0.0, 'ws_scalar': 0.0}","{'gas': {'co': 13502, 'co2': 13264, 'no': 13590, 'no2': 13769, 'o3': 13749}, 'pm': {'pm1': 13212, 'pm10': 13214, 'pm25': 13213}}",3.75,27.17,31.88,6.15,36.34,7.04,619023406,34.4,MOD-00617,23.9,2026-02-26T18:11:20,2026-02-26T10:11:20,https://api.quant-aq.com/v1/devices/MOD-00617/data/619023255
1516.41,908.82,"{'lat': None, 'lon': None}","{'rh': 34.2, 'temp': 23.9, 'wd': 0.0, 'ws': 0.0, 'ws_scalar': 0.0}","{'gas': {'co': 13502, 'co2': 13264, 'no': 13590, 'no2': 13769, 'o3': 13749}, 'pm': {'pm1': 13212, 'pm10': 13214, 'pm25': 13213}}",3.78,25.14,31.39,4.3,7.79,4.67,619023403,34.2,MOD-00617,23.9,2026-02-26T18:10:20,2026-02-26T10:10:20,https://api.quant-aq.com/v1/devices/MOD-00617/data/619023253
1516.47,937.61,"{'lat': None, 'lon': None}","{'rh': 34.7, 'temp': 23.9, 'wd': 0.0, 'ws': 0.0, 'ws_scalar': 0.0}","{'gas': {'co': 13502, 'co2': 13264, 'no': 13590, 'no2': 13769, 'o3': 13749}, 'pm': {'pm1': 13212, 'pm10': 13214, 'pm25': 13213}}",3.82,26.45,32.07,4.21,21.95,4.65,619023404,34.7,MOD-00617,23.9,2026-02-26T18:09:20,2026-02-26T10:09:20,https://api.quant-aq.com/v1/devices/MOD-00617/data/619023252
1499.3,941.46,"{'lat': None, 'lon': None}","{'rh': 34.6, 'temp': 23.9, 'wd': 0.0, 'ws': 0.0, 'ws_scalar': 0.0}","{'gas': {'co': 13502, 'co2': 13264, 'no': 13590, 'no2': 13769, 'o3': 13749}, 'pm': {'pm1': 13212, 'pm10': 13214, 'pm25': 13213}}",3.8,26.69,31.83,3.63,25.49,3.99,619023405,34.6,MOD-00617,23.9,2026-02-26T18:08:20,2026-02-26T10:08:20,https://api.quant-aq.com/v1/devices/MOD-00617/data/619023254
1493.48,932.91,"{'lat': None, 'lon': None}","{'rh': 34.7, 'temp': 23.9, 'wd': 0.0, 'ws': 0.0, 'ws_scalar': 0.0}","{'gas': {'co': 13502, 'co2': 13264, 'no': 13590, 'no2': 13769, 'o3': 13749}, 'pm': {'pm1': 13212, 'pm10': 13214, 'pm25': 13213}}",3.81,27.16,32.07,3.62,25.95,4.23,619021146,34.7,MOD-00617,23.9,2026-02-26T18:07:20,2026-02-26T10:07:20,https://api.quant-aq.com/v1/devices/MOD-00617/data/619020995
1488.03,917.38,"{'lat': None, 'lon': None}","{'rh': 34.7, 'temp': 23.8, 'wd': 0.0, 'ws': 0.0, 'ws_scalar': 0.0}","{'gas': {'co': 13502, 'co2': 13264, 'no': 13590, 'no2': 13769, 'o3': 13749}, 'pm': {'pm1': 13212, 'pm10': 13214, 'pm25': 13213}}",3.78,26.91,31.79,4.2,13.21,4.92,619021145,34.7,MOD-00617,23.8,2026-02-26T18:06:20,2026-02-26T10:06:20,https://api.quant-aq.com/v1/devices/MOD-00617/data/619020994
1490.64,905.93,"{'lat': None, 'lon': None}","{'rh': 34.5, 'temp': 23.8, 'wd': 0.0, 'ws': 0.0, 'ws_scalar': 0.0}","{'gas': {'co': 13502, 'co2': 13264, 'no': 13590, 'no2': 13769, 'o3': 13749}, 'pm': {'pm1': 13212, 'pm10': 13214, 'pm25': 13213}}",3.81,26.45,31.57,3.82,9.47,4.23,619021141,34.5,MOD-00617,23.8,2026-02-26T18:05:20,2026-02-26T10:05:20,https://api.quant-aq.com/v1/devices/MOD-00617/data/619020992
1498.56,924.24,"{'lat': None, 'lon': None}","{'rh': 34.9, 'temp': 23.8, 'wd': 0.0, 'ws': 0.0, 'ws_scalar': 0.0}","{'gas': {'co': 13502, 'co2': 13264, 'no': 13590, 'no2': 13769, 'o3': 13749}, 'pm': {'pm1': 13212, 'pm10': 13214, 'pm25': 13213}}",3.84,26.67,32.55,4.9,36.46,5.47,619021144,34.9,MOD-00617,23.8,2026-02-26T18:04:20,2026-02-26T10:04:20,https://api.quant-aq.com/v1/devices/MOD-00617/data/619020993
1504.65,931.47,"{'lat': None, 'lon': None}","{'rh': 35.0, 'temp': 23.8, 'wd': 0.0, 'ws': 0.0, 'ws_scalar': 0.0}","{'gas': {'co': 13502, 'co2': 13264, 'no': 13590, 'no2': 13769, 'o3': 13749}, 'pm': {'pm1': 13212, 'pm10': 13214, 'pm25': 13213}}",3.85,27.85,32.25,4.83,40.79,5.52,619018758,35.0,MOD-00617,23.8,2026-02-26T18:03:20,2026-02-26T10:03:20,https://api.quant-aq.com/v1/devices/MOD-00617/data/619018606
1507.6,911.47,"{'lat': None, 'lon': None}","{'rh': 34.9, 'temp': 23.8, 'wd': 0.0, 'ws': 0.0, 'ws_scalar': 0.0}","{'gas': {'co': 13502, 'co2': 13264, 'no': 13590, 'no2': 13769, 'o3': 13749}, 'pm': {'pm1': 13212, 'pm10': 13214, 'pm25': 13213}}",3.82,28.33,32.55,5.43,9.13,5.89,619018757,34.9,MOD-00617,23.8,2026-02-26T18:02:20,2026-02-26T10:02:20,https://api.quant-aq.com/v1/devices/MOD-00617/data/619018607
1503.44,885.7,"{'lat': None, 'lon': None}","{'rh': 34.4, 'temp': 23.8, 'wd': 0.0, 'ws': 0.0, 'ws_scalar': 0.0}","{'gas': {'co': 13502, 'co2': 13264, 'no': 13590, 'no2': 13769, 'o3': 13749}, 'pm': {'pm1': 13212, 'pm10': 13214, 'pm25': 13213}}",3.85,26.93,32.41,5.05,13.2,5.52,619018756,34.4,MOD-00617,23.8,2026-02-26T18:01:20,2026-02-26T10:01:20,https://api.quant-aq.com/v1/devices/MOD-00617/data/619018605
1502.95,897.86,"{'lat': None, 'lon': None}","{'rh': 34.5, 'temp': 23.8, 'wd': 0.0, 'ws': 0.0, 'ws_scalar': 0.0}","{'gas': {'co': 13502, 'co2': 13264, 'no': 13590, 'no2': 13769, 'o3': 13749}, 'pm': {'pm1': 13212, 'pm10': 13214, 'pm25': 13213}}",3.89,27.63,31.84,4.59,23.27,5.15,619018755,34.5,MOD-00617,23.8,2026-02-26T18:00:20,2026-02-26T10:00:20,https://api.quant-aq.com/v1/devices/MOD-00617/data/619018604
1511.36,913.76,"{'lat': None, 'lon': None}","{'rh': 34.8, 'temp': 23.8, 'wd': 0.0, 'ws': 0.0, 'ws_scalar': 0.0}","{'gas': {'co': 13502, 'co2': 13264, 'no': 13590, 'no2': 13769, 'o3': 13749}, 'pm': {'pm1': 13212, 'pm10': 13214, 'pm25': 13213}}",3.87,28.57,32.84,4.25,24.48,4.81,619016444,34.8,MOD-00617,23.8,2026-02-26T17:59:20,2026-02-26T09:59:20,https://api.quant-aq.com/v1/devices/MOD-00617/data/619016293
1508.15,902.44,"{'lat': None, 'lon': None}","{'rh': 34.7, 'temp': 23.8, 'wd': 0.0, 'ws': 0.0, 'ws_scalar': 0.0}","{'gas': {'co': 13502, 'co2': 13264, 'no': 13590, 'no2': 13769, 'o3': 13749}, 'pm': {'pm1': 13212, 'pm10': 13214, 'pm25': 13213}}",3.88,27.86,32.6,4.17,13.98,4.62,619016442,34.7,MOD-00617,23.8,2026-02-26T17:58:20,2026-02-26T09:58:20,https://api.quant-aq.com/v1/devices/MOD-00617/data/619016291
1502.47,895.94,"{'lat': None, 'lon': None}","{'rh': 34.6, 'temp': 23.8, 'wd': 0.0, 'ws': 0.0, 'ws_scalar': 0.0}","{'gas': {'co': 13502, 'co2': 13264, 'no': 13590, 'no2': 13769, 'o3': 13749}, 'pm': {'pm1': 13212, 'pm10': 13214, 'pm25': 13213}}",3.82,27.86,32.89,4.54,31.41,5.25,619016443,34.6,MOD-00617,23.8,2026-02-26T17:57:20,2026-02-26T09:57:20,https://api.quant-aq.com/v1/devices/MOD-00617/data/619016292
1497.28,876.42,"{'lat': None, 'lon': None}","{'rh': 34.4, 'temp': 23.8, 'wd': 0.0, 'ws': 0.0, 'ws_scalar': 0.0}","{'gas': {'co': 13502, 'co2': 13264, 'no': 13590, 'no2': 13769, 'o3': 13749}, 'pm': {'pm1': 13212, 'pm10': 13214, 'pm25': 13213}}",3.81,27.64,32.68,3.89,32.95,4.3,619016441,34.4,MOD-00617,23.8,2026-02-26T17:56:20,2026-02-26T09:56:20,https://api.quant-aq.com/v1/devices/MOD-00617/data/619016290
1498.06,859.2,"{'lat': None, 'lon': None}","{'rh': 34.3, 'temp': 23.7, 'wd': 0.0, 'ws': 0.0, 'ws_scalar': 0.0}","{'gas': {'co': 13502, 'co2': 13264, 'no': 13590, 'no2': 13769, 'o3': 13749}, 'pm': {'pm1': 13212, 'pm10': 13214, 'pm25': 13213}}",3.77,27.87,32.69,4.39,9.36,4.78,619014208,34.3,MOD-00617,23.7,2026-02-26T17:55:20,2026-02-26T09:55:20,https://api.quant-aq.com/v1/devices/MOD-00617/data/619014057
1501.2,869.2,"{'lat': None, 'lon': None}","{'rh': 34.5, 'temp': 23.7, 'wd': 0.0, 'ws': 0.0, 'ws_scalar': 0.0}","{'gas': {'co': 13502, 'co2': 13264, 'no': 13590, 'no2': 13769, 'o3': 13749}, 'pm': {'pm1': 13212, 'pm10': 13214, 'pm25': 13213}}",3.87,27.39,32.64,4.62,9.19,4.96,619014207,34.5,MOD-00617,23.7,2026-02-26T17:54:20,2026-02-26T09:54:20,https://api.quant-aq.com/v1/devices/MOD-00617/data/619014056
1490.12,871.97,"{'lat': None, 'lon': None}","{'rh': 34.5, 'temp': 23.7, 'wd': 0.0, 'ws': 0.0, 'ws_scalar': 0.0}","{'gas': {'co': 13502, 'co2': 13264, 'no': 13590, 'no2': 13769, 'o3': 13749}, 'pm': {'pm1': 13212, 'pm10': 13214, 'pm25': 13213}}",3.77,27.86,32.91,4.6,10.48,5.01,619014206,34.5,MOD-00617,23.7,2026-02-26T17:53:20,2026-02-26T09:53:20,https://api.quant-aq.com/v1/devices/MOD-00617/data/619014055
1487.46,861.13,"{'lat': None, 'lon': None}","{'rh': 34.2, 'temp': 23.7, 'wd': 0.0, 'ws': 0.0, 'ws_scalar': 0.0}","{'gas': {'co': 13502, 'co2': 13264, 'no': 13590, 'no2': 13769, 'o3': 13749}, 'pm': {'pm1': 13212, 'pm10': 13214, 'pm25': 13213}}",3.82,27.87,32.98,4.44,11.91,5.14,619014205,34.2,MOD-00617,23.7,2026-02-26T17:52:20,2026-02-26T09:52:20,https://api.quant-aq.com/v1/devices/MOD-00617/data/619014054
1484.8,841.74,"{'lat': None, 'lon': None}","{'rh': 33.9, 'temp': 23.7, 'wd': 0.0, 'ws': 0.0, 'ws_scalar': 0.0}","{'gas': {'co': 13502, 'co2': 13264, 'no': 13590, 'no2': 13769, 'o3': 13749}, 'pm': {'pm1': 13212, 'pm10': 13214, 'pm25': 13213}}",3.67,27.18,31.98,4.05,34.22,4.6,619011986,33.9,MOD-00617,23.7,2026-02-26T17:51:20,2026-02-26T09:51:20,https://api.quant-aq.com/v1/devices/MOD-00617/data/619011834
1484.32,850.29,"{'lat': None, 'lon': None}","{'rh': 34.0, 'temp': 23.7, 'wd': 0.0, 'ws': 0.0, 'ws_scalar': 0.0}","{'gas': {'co': 13502, 'co2': 13264, 'no': 13590, 'no2': 13769, 'o3': 13749}, 'pm': {'pm1': 13212, 'pm10': 13214, 'pm25': 13213}}",3.82,27.88,32.77,5.19,17.92,5.62,619011988,34.0,MOD-00617,23.7,2026-02-26T17:50:20,2026-02-26T09:50:20,https://api.quant-aq.com/v1/devices/MOD-00617/data/619011836
1472.34,848.36,"{'lat': None, 'lon': None}","{'rh': 34.1, 'temp': 23.7, 'wd': 0.0, 'ws': 0.0, 'ws_scalar': 0.0}","{'gas': {'co': 13502, 'co2': 13264, 'no': 13590, 'no2': 13769, 'o3': 13749}, 'pm': {'pm1': 13212, 'pm10': 13214, 'pm25': 13213}}",3.82,27.88,32.47,4.6,13.79,4.89,619011985,34.1,MOD-00617,23.7,2026-02-26T17:49:20,2026-02-26T09:49:20,https://api.quant-aq.com/v1/devices/MOD-00617/data/619011835
1464.61,833.67,"{'lat': None, 'lon': None}","{'rh': 34.0, 'temp': 23.7, 'wd': 0.0, 'ws': 0.0, 'ws_scalar': 0.0}","{'gas': {'co': 13502, 'co2': 13264, 'no': 13590, 'no2': 13769, 'o3': 13749}, 'pm': {'pm1': 13212, 'pm10': 13214, 'pm25': 13213}}",3.7,26.93,32.77,3.56,29.78,3.95,619011987,34.0,MOD-00617,23.7,2026-02-26T17:48:20,2026-02-26T09:48:20,https://api.quant-aq.com/v1/devices/MOD-00617/data/619011837
1463.79,839.21,"{'lat': None, 'lon': None}","{'rh': 34.0, 'temp': 23.7, 'wd': 0.0, 'ws': 0.0, 'ws_scalar': 0.0}","{'gas': {'co': 13502, 'co2': 13264, 'no': 13590, 'no2': 13769, 'o3': 13749}, 'pm': {'pm1': 13212, 'pm10': 13214, 'pm25': 13213}}",3.78,27.17,32.23,3.6,36.61,4.26,619009733,34.0,MOD-00617,23.7,2026-02-26T17:47:20,2026-02-26T09:47:20,https://api.quant-aq.com/v1/devices/MOD-00617/data/619009582
1459.62,851.01,"{'lat': None, 'lon': None}","{'rh': 34.1, 'temp': 23.7, 'wd': 0.0, 'ws': 0.0, 'ws_scalar': 0.0}","{'gas': {'co': 13502, 'co2': 13264, 'no': 13590, 'no2': 13769, 'o3': 13749}, 'pm': {'pm1': 13212, 'pm10': 13214, 'pm25': 13213}}",3.8,27.64,32.74,3.26,33.69,3.75,619009734,34.1,MOD-00617,23.7,2026-02-26T17:46:20,2026-02-26T09:46:20,https://api.quant-aq.com/v1/devices/MOD-00617/data/619009583
1456.4,846.19,"{'lat': None, 'lon': None}","{'rh': 34.0, 'temp': 23.7, 'wd': 0.0, 'ws': 0.0, 'ws_scalar': 0.0}","{'gas': {'co': 13502, 'co2': 13264, 'no': 13590, 'no2': 13769, 'o3': 13749}, 'pm': {'pm1': 13212, 'pm10': 13214, 'pm25': 13213}}",3.72,26.93,32.5,3.14,18.68,3.53,619009735,34.0,MOD-00617,23.7,2026-02-26T17:45:20,2026-02-26T09:45:20,https://api.quant-aq.com/v1/devices/MOD-00617/data/619009584
1447.12,860.52,"{'lat': None, 'lon': None}","{'rh': 34.2, 'temp': 23.6, 'wd': 0.0, 'ws': 0.0, 'ws_scalar': 0.0}","{'gas': {'co': 13502, 'co2': 13264, 'no': 13590, 'no2': 13769, 'o3': 13749}, 'pm': {'pm1': 13212, 'pm10': 13214, 'pm25': 13213}}",3.73,27.87,32.7,3.47,29.23,3.76,619009732,34.2,MOD-00617,23.6,2026-02-26T17:44:20,2026-02-26T09:44:20,https://api.quant-aq.com/v1/devices/MOD-00617/data/619009581
1440.84,837.4,"{'lat': None, 'lon': None}","{'rh': 33.8, 'temp': 23.6, 'wd': 0.0, 'ws': 0.0, 'ws_scalar': 0.0}","{'gas': {'co': 13502, 'co2': 13264, 'no': 13590, 'no2': 13769, 'o3': 13749}, 'pm': {'pm1': 13212, 'pm10': 13214, 'pm25': 13213}}",3.67,27.41,31.73,3.19,32.85,3.51,619007411,33.8,MOD-00617,23.6,2026-02-26T17:43:20,2026-02-26T09:43:20,https://api.quant-aq.com/v1/devices/MOD-00617/data/619007259
1429.34,829.21,"{'lat': None, 'lon': None}","{'rh': 33.8, 'temp': 23.6, 'wd': 0.0, 'ws': 0.0, 'ws_scalar': 0.0}","{'gas': {'co': 13502, 'co2': 13264, 'no': 13590, 'no2': 13769, 'o3': 13749}, 'pm': {'pm1': 13212, 'pm10': 13214, 'pm25': 13213}}",3.66,26.94,32.26,3.64,5.03,4.02,619007409,33.8,MOD-00617,23.6,2026-02-26T17:42:20,2026-02-26T09:42:20,https://api.quant-aq.com/v1/devices/MOD-00617/data/619007260
1427.63,831.14,"{'lat': None, 'lon': None}","{'rh': 33.9, 'temp': 23.6, 'wd': 0.0, 'ws': 0.0, 'ws_scalar': 0.0}","{'gas': {'co': 13502, 'co2': 13264, 'no': 13590, 'no2': 13769, 'o3': 13749}, 'pm': {'pm1': 13212, 'pm10': 13214, 'pm25': 13213}}",3.76,27.17,33.05,3.38,17.49,3.88,619007412,33.9,MOD-00617,23.6,2026-02-26T17:41:20,2026-02-26T09:41:20,https://api.quant-aq.com/v1/devices/MOD-00617/data/619007261
1426.81,838.72,"{'lat': None, 'lon': None}","{'rh': 33.9, 'temp': 23.6, 'wd': 0.0, 'ws': 0.0, 'ws_scalar': 0.0}","{'gas': {'co': 13502, 'co2': 13264, 'no': 13590, 'no2': 13769, 'o3': 13749}, 'pm': {'pm1': 13212, 'pm10': 13214, 'pm25': 13213}}",3.77,27.64,31.97,3.22,7.91,3.58,619007410,33.9,MOD-00617,23.6,2026-02-26T17:40:20,2026-02-26T09:40:20,https://api.quant-aq.com/v1/devices/MOD-00617/data/619007258
1415.65,846.43,"{'lat': None, 'lon': None}","{'rh': 34.0, 'temp': 23.6, 'wd': 0.0, 'ws': 0.0, 'ws_scalar': 0.0}","{'gas': {'co': 13502, 'co2': 13264, 'no': 13590, 'no2': 13769, 'o3': 13749}, 'pm': {'pm1': 13212, 'pm10': 13214, 'pm25': 13213}}",3.78,27.88,31.94,2.63,5.4,3.06,619005130,34.0,MOD-00617,23.6,2026-02-26T17:39:20,2026-02-26T09:39:20,https://api.quant-aq.com/v1/devices/MOD-00617/data/619004979
1409.84,850.89,"{'lat': None, 'lon': None}","{'rh': 34.1, 'temp': 23.6, 'wd': 0.0, 'ws': 0.0, 'ws_scalar': 0.0}","{'gas': {'co': 13502, 'co2': 13264, 'no': 13590, 'no2': 13769, 'o3': 13749}, 'pm': {'pm1': 13212, 'pm10': 13214, 'pm25': 13213}}",3.73,27.4,32.46,2.98,22.07,3.51,619005132,34.1,MOD-00617,23.6,2026-02-26T17:38:20,2026-02-26T09:38:20,https://api.quant-aq.com/v1/devices/MOD-00617/data/619004982
1393.49,828.49,"{'lat': None, 'lon': None}","{'rh': 34.0, 'temp': 23.6, 'wd': 0.0, 'ws': 0.0, 'ws_scalar': 0.0}","{'gas': {'co': 13502, 'co2': 13264, 'no': 13590, 'no2': 13769, 'o3': 13749}, 'pm': {'pm1': 13212, 'pm10': 13214, 'pm25': 13213}}",3.69,27.16,32.48,3.32,32.47,3.81,619005131,34.0,MOD-00617,23.6,2026-02-26T17:37:20,2026-02-26T09:37:20,https://api.quant-aq.com/v1/devices/MOD-00617/data/619004980
1383.78,811.26,"{'lat': None, 'lon': None}","{'rh': 33.8, 'temp': 23.6, 'wd': 0.0, 'ws': 0.0, 'ws_scalar': 0.0}","{'gas': {'co': 13502, 'co2': 13264, 'no': 13590, 'no2': 13769, 'o3': 13749}, 'pm': {'pm1': 13212, 'pm10': 13214, 'pm25': 13213}}",3.66,27.17,32.0,2.61,11.83,3.25,619005133,33.8,MOD-00617,23.6,2026-02-26T17:36:20,2026-02-26T09:36:20,https://api.quant-aq.com/v1/devices/MOD-00617/data/619004981
1372.69,814.76,"{'lat': None, 'lon': None}","{'rh': 33.8, 'temp': 23.6, 'wd': 0.0, 'ws': 0.0, 'ws_scalar': 0.0}","{'gas': {'co': 13502, 'co2': 13264, 'no': 13590, 'no2': 13769, 'o3': 13749}, 'pm': {'pm1': 13212, 'pm10': 13214, 'pm25': 13213}}",3.63,25.46,32.26,1.92,16.37,2.47,619002866,33.8,MOD-00617,23.6,2026-02-26T17:35:20,2026-02-26T09:35:20,https://api.quant-aq.com/v1/devices/MOD-00617/data/619002715
1371.39,830.77,"{'lat': None, 'lon': None}","{'rh': 33.9, 'temp': 23.6, 'wd': 0.0, 'ws': 0.0, 'ws_scalar': 0.0}","{'gas': {'co': 13502, 'co2': 13264, 'no': 13590, 'no2': 13769, 'o3': 13749}, 'pm': {'pm1': 13212, 'pm10': 13214, 'pm25': 13213}}",3.66,26.7,31.97,2.04,13.2,2.43,619002867,33.9,MOD-00617,23.6,2026-02-26T17:34:20,2026-02-26T09:34:20,https://api.quant-aq.com/v1/devices/MOD-00617/data/619002716
1355.72,828.25,"{'lat': None, 'lon': None}","{'rh': 34.0, 'temp': 23.6, 'wd': 0.0, 'ws': 0.0, 'ws_scalar': 0.0}","{'gas': {'co': 13502, 'co2': 13264, 'no': 13590, 'no2': 13769, 'o3': 13749}, 'pm': {'pm1': 13212, 'pm10': 13214, 'pm25': 13213}}",3.68,26.69,32.48,1.67,5.67,2.13,619002865,34.0,MOD-00617,23.6,2026-02-26T17:33:20,2026-02-26T09:33:20,https://api.quant-aq.com/v1/devices/MOD-00617/data/619002714
1346.41,833.3,"{'lat': None, 'lon': None}","{'rh': 34.4, 'temp': 23.6, 'wd': 0.0, 'ws': 0.0, 'ws_scalar': 0.0}","{'gas': {'co': 13502, 'co2': 13264, 'no': 13590, 'no2': 13769, 'o3': 13749}, 'pm': {'pm1': 13212, 'pm10': 13214, 'pm25': 13213}}",3.75,26.67,32.92,2.21,7.57,2.56,619002868,34.4,MOD-00617,23.6,2026-02-26T17:32:20,2026-02-26T09:32:20,https://api.quant-aq.com/v1/devices/MOD-00617/data/619002720
1334.5,833.79,"{'lat': None, 'lon': None}","{'rh': 34.4, 'temp': 23.6, 'wd': 0.0, 'ws': 0.0, 'ws_scalar': 0.0}","{'gas': {'co': 13502, 'co2': 13264, 'no': 13590, 'no2': 13769, 'o3': 13749}, 'pm': {'pm1': 13212, 'pm10': 13214, 'pm25': 13213}}",3.73,26.67,33.19,1.66,20.15,2.01,619000658,34.4,MOD-00617,23.6,2026-02-26T17:31:20,2026-02-26T09:31:20,https://api.quant-aq.com/v1/devices/MOD-00617/data/619000506
1321.15,842.46,"{'lat': None, 'lon': None}","{'rh': 34.7, 'temp': 23.6, 'wd': 0.0, 'ws': 0.0, 'ws_scalar': 0.0}","{'gas': {'co': 13502, 'co2': 13264, 'no': 13590, 'no2': 13769, 'o3': 13749}, 'pm': {'pm1': 13212, 'pm10': 13214, 'pm25': 13213}}",3.75,27.61,33.66,1.58,17.87,2.3,619000655,34.7,MOD-00617,23.6,2026-02-26T17:30:20,2026-02-26T09:30:20,https://api.quant-aq.com/v1/devices/MOD-00617/data/619000505
1305.82,834.51,"{'lat': None, 'lon': None}","{'rh': 34.9, 'temp': 23.6, 'wd': 0.0, 'ws': 0.0, 'ws_scalar': 0.0}","{'gas': {'co': 13502, 'co2': 13264, 'no': 13590, 'no2': 13769, 'o3': 13749}, 'pm': {'pm1': 13212, 'pm10': 13214, 'pm25': 13213}}",3.74,27.36,34.42,1.75,9.72,2.26,619000656,34.9,MOD-00617,23.6,2026-02-26T17:29:20,2026-02-26T09:29:20,https://api.quant-aq.com/v1/devices/MOD-00617/data/619000504
1294.14,828.85,"{'lat': None, 'lon': None}","{'rh': 34.0, 'temp': 23.6, 'wd': 0.0, 'ws': 0.0, 'ws_scalar': 0.0}","{'gas': {'co': 13502, 'co2': 13264, 'no': 13590, 'no2': 13769, 'o3': 13749}, 'pm': {'pm1': 13212, 'pm10': 13214, 'pm25': 13213}}",3.58,27.4,33.56,1.49,32.63,1.96,619000657,34.0,MOD-00617,23.6,2026-02-26T17:28:20,2026-02-26T09:28:20,https://api.quant-aq.com/v1/devices/MOD-00617/data/619000507
1286.63,809.7,"{'lat': None, 'lon': None}","{'rh': 33.6, 'temp': 23.6, 'wd': 0.0, 'ws': 0.0, 'ws_scalar': 0.0}","{'gas': {'co': 13502, 'co2': 13264, 'no': 13590, 'no2': 13769, 'o3': 13749}, 'pm': {'pm1': 13212, 'pm10': 13214, 'pm25': 13213}}",3.59,25.76,32.59,1.83,20.74,2.38,618998417,33.6,MOD-00617,23.6,2026-02-26T17:27:20,2026-02-26T09:27:20,https://api.quant-aq.com/v1/devices/MOD-00617/data/618998266
1273.97,801.27,"{'lat': None, 'lon': None}","{'rh': 33.5, 'temp': 23.6, 'wd': 0.0, 'ws': 0.0, 'ws_scalar': 0.0}","{'gas': {'co': 13502, 'co2': 13264, 'no': 13590, 'no2': 13769, 'o3': 13749}, 'pm': {'pm1': 13212, 'pm10': 13214, 'pm25': 13213}}",3.58,26.09,32.88,2.03,18.63,2.56,618998419,33.5,MOD-00617,23.6,2026-02-26T17:26:20,2026-02-26T09:26:20,https://api.quant-aq.com/v1/devices/MOD-00617/data/618998268
1265.83,790.55,"{'lat': None, 'lon': None}","{'rh': 33.4, 'temp': 23.6, 'wd': 0.0, 'ws': 0.0, 'ws_scalar': 0.0}","{'gas': {'co': 13502, 'co2': 13264, 'no': 13590, 'no2': 13769, 'o3': 13749}, 'pm': {'pm1': 13212, 'pm10': 13214, 'pm25': 13213}}",3.65,26.48,32.91,1.99,16.83,2.48,618998418,33.4,MOD-00617,23.6,2026-02-26T17:25:20,2026-02-26T09:25:20,https://api.quant-aq.com/v1/devices/MOD-00617/data/618998267
1267.96,793.68,"{'lat': None, 'lon': None}","{'rh': 33.3, 'temp': 23.6, 'wd': 0.0, 'ws': 0.0, 'ws_scalar': 0.0}","{'gas': {'co': 13502, 'co2': 13264, 'no': 13590, 'no2': 13769, 'o3': 13749}, 'pm': {'pm1': 13212, 'pm10': 13214, 'pm25': 13213}}",3.64,26.01,32.93,1.94,7.79,2.55,618998414,33.3,MOD-00617,23.6,2026-02-26T17:24:20,2026-02-26T09:24:20,https://api.quant-aq.com/v1/devices/MOD-00617/data/618998265
1262.62,791.75,"{'lat': None, 'lon': None}","{'rh': 33.3, 'temp': 23.6, 'wd': 0.0, 'ws': 0.0, 'ws_scalar': 0.0}","{'gas': {'co': 13502, 'co2': 13264, 'no': 13590, 'no2': 13769, 'o3': 13749}, 'pm': {'pm1': 13212, 'pm10': 13214, 'pm25': 13213}}",3.63,26.48,33.47,1.8,5.36,2.14,618996192,33.3,MOD-00617,23.6,2026-02-26T17:23:20,2026-02-26T09:23:20,https://api.quant-aq.com/v1/devices/MOD-00617/data/618996041
1255.3,775.37,"{'lat': None, 'lon': None}","{'rh': 33.2, 'temp': 23.6, 'wd': 0.0, 'ws': 0.0, 'ws_scalar': 0.0}","{'gas': {'co': 13502, 'co2': 13264, 'no': 13590, 'no2': 13769, 'o3': 13749}, 'pm': {'pm1': 13212, 'pm10': 13214, 'pm25': 13213}}",3.62,25.78,32.96,1.98,7.93,2.41,618996193,33.2,MOD-00617,23.6,2026-02-26T17:22:20,2026-02-26T09:22:20,https://api.quant-aq.com/v1/devices/MOD-00617/data/618996042
1250.04,777.54,"{'lat': None, 'lon': None}","{'rh': 33.1, 'temp': 23.6, 'wd': 0.0, 'ws': 0.0, 'ws_scalar': 0.0}","{'gas': {'co': 13502, 'co2': 13264, 'no': 13590, 'no2': 13769, 'o3': 13749}, 'pm': {'pm1': 13212, 'pm10': 13214, 'pm25': 13213}}",3.6,25.78,32.45,1.99,7.55,2.31,618996194,33.1,MOD-00617,23.6,2026-02-26T17:21:20,2026-02-26T09:21:20,https://api.quant-aq.com/v1/devices/MOD-00617/data/618996043
1246.75,777.9,"{'lat': None, 'lon': None}","{'rh': 33.1, 'temp': 23.6, 'wd': 0.0, 'ws': 0.0, 'ws_scalar': 0.0}","{'gas': {'co': 13502, 'co2': 13264, 'no': 13590, 'no2': 13769, 'o3': 13749}, 'pm': {'pm1': 13212, 'pm10': 13214, 'pm25': 13213}}",3.6,26.02,33.25,1.94,4.8,2.12,618996195,33.1,MOD-00617,23.6,2026-02-26T17:20:20,2026-02-26T09:20:20,https://api.quant-aq.com/v1/devices/MOD-00617/data/618996044
1252.09,767.66,"{'lat': None, 'lon': None}","{'rh': 33.1, 'temp': 23.6, 'wd': 0.0, 'ws': 0.0, 'ws_scalar': 0.0}","{'gas': {'co': 13502, 'co2': 13264, 'no': 13590, 'no2': 13769, 'o3': 13749}, 'pm': {'pm1': 13212, 'pm10': 13214, 'pm25': 13213}}",3.61,26.02,32.71,1.56,4.07,1.68,618993962,33.1,MOD-00617,23.6,2026-02-26T17:19:20,2026-02-26T09:19:20,https://api.quant-aq.com/v1/devices/MOD-00617/data/618993811
1247.24,764.41,"{'lat': None, 'lon': None}","{'rh': 33.0, 'temp': 23.6, 'wd': 0.0, 'ws': 0.0, 'ws_scalar': 0.0}","{'gas': {'co': 13502, 'co2': 13264, 'no': 13590, 'no2': 13769, 'o3': 13749}, 'pm': {'pm1': 13212, 'pm10': 13214, 'pm25': 13213}}",3.59,26.26,32.47,1.63,11.57,1.82,618993964,33.0,MOD-00617,23.6,2026-02-26T17:18:20,2026-02-26T09:18:20,https://api.quant-aq.com/v1/devices/MOD-00617/data/618993813
1243.95,766.22,"{'lat': None, 'lon': None}","{'rh': 33.0, 'temp': 23.6, 'wd': 0.0, 'ws': 0.0, 'ws_scalar': 0.0}","{'gas': {'co': 13502, 'co2': 13264, 'no': 13590, 'no2': 13769, 'o3': 13749}, 'pm': {'pm1': 13212, 'pm10': 13214, 'pm25': 13213}}",3.59,26.73,32.74,1.78,12.37,1.88,618993963,33.0,MOD-00617,23.6,2026-02-26T17:17:20,2026-02-26T09:17:20,https://api.quant-aq.com/v1/devices/MOD-00617/data/618993812
1236.97,765.85,"{'lat': None, 'lon': None}","{'rh': 33.0, 'temp': 23.6, 'wd': 0.0, 'ws': 0.0, 'ws_scalar': 0.0}","{'gas': {'co': 13502, 'co2': 13264, 'no': 13590, 'no2': 13769, 'o3': 13749}, 'pm': {'pm1': 13212, 'pm10': 13214, 'pm25': 13213}}",3.59,26.26,32.47,2.48,7.41,2.67,618993965,33.0,MOD-00617,23.6,2026-02-26T17:16:20,2026-02-26T09:16:20,https://api.quant-aq.com/v1/devices/MOD-00617/data/618993814
1231.3,764.17,"{'lat': None, 'lon': None}","{'rh': 32.9, 'temp': 23.6, 'wd': 0.0, 'ws': 0.0, 'ws_scalar': 0.0}","{'gas': {'co': 13502, 'co2': 13264, 'no': 13590, 'no2': 13769, 'o3': 13749}, 'pm': {'pm1': 13212, 'pm10': 13214, 'pm25': 13213}}",3.57,26.03,33.3,2.08,4.83,2.19,618991724,32.9,MOD-00617,23.6,2026-02-26T17:15:20,2026-02-26T09:15:20,https://api.quant-aq.com/v1/devices/MOD-00617/data/618991573
1219.39,760.56,"{'lat': None, 'lon': None}","{'rh': 32.9, 'temp': 23.6, 'wd': 0.0, 'ws': 0.0, 'ws_scalar': 0.0}","{'gas': {'co': 13502, 'co2': 13264, 'no': 13590, 'no2': 13769, 'o3': 13749}, 'pm': {'pm1': 13212, 'pm10': 13214, 'pm25': 13213}}",3.57,26.26,32.5,1.87,8.19,1.96,618991722,32.9,MOD-00617,23.6,2026-02-26T17:14:20,2026-02-26T09:14:20,https://api.quant-aq.com/v1/devices/MOD-00617/data/618991571
1209.27,743.93,"{'lat': None, 'lon': None}","{'rh': 32.7, 'temp': 23.6, 'wd': 0.0, 'ws': 0.0, 'ws_scalar': 0.0}","{'gas': {'co': 13502, 'co2': 13264, 'no': 13590, 'no2': 13769, 'o3': 13749}, 'pm': {'pm1': 13212, 'pm10': 13214, 'pm25': 13213}}",3.54,25.8,32.28,2.17,3.08,2.28,618991723,32.7,MOD-00617,23.6,2026-02-26T17:13:20,2026-02-26T09:13:20,https://api.quant-aq.com/v1/devices/MOD-00617/data/618991572
1215.84,747.91,"{'lat': None, 'lon': None}","{'rh': 32.7, 'temp': 23.6, 'wd': 0.0, 'ws': 0.0, 'ws_scalar': 0.0}","{'gas': {'co': 13502, 'co2': 13264, 'no': 13590, 'no2': 13769, 'o3': 13749}, 'pm': {'pm1': 13212, 'pm10': 13214, 'pm25': 13213}}",3.54,25.8,32.82,2.08,12.05,2.2,618991725,32.7,MOD-00617,23.6,2026-02-26T17:12:20,2026-02-26T09:12:20,https://api.quant-aq.com/v1/devices/MOD-00617/data/618991574
1227.26,747.07,"{'lat': None, 'lon': None}","{'rh': 32.8, 'temp': 23.6, 'wd': 0.0, 'ws': 0.0, 'ws_scalar': 0.0}","{'gas': {'co': 13502, 'co2': 13264, 'no': 13590, 'no2': 13769, 'o3': 13749}, 'pm': {'pm1': 13212, 'pm10': 13214, 'pm25': 13213}}",3.56,26.74,32.79,2.06,3.08,2.26,618989467,32.8,MOD-00617,23.6,2026-02-26T17:11:20,2026-02-26T09:11:20,https://api.quant-aq.com/v1/devices/MOD-00617/data/618989315
1213.31,740.44,"{'lat': None, 'lon': None}","{'rh': 32.8, 'temp': 23.6, 'wd': 0.0, 'ws': 0.0, 'ws_scalar': 0.0}","{'gas': {'co': 13502, 'co2': 13264, 'no': 13590, 'no2': 13769, 'o3': 13749}, 'pm': {'pm1': 13212, 'pm10': 13214, 'pm25': 13213}}",3.56,26.5,32.52,1.96,2.91,2.17,618989465,32.8,MOD-00617,23.6,2026-02-26T17:10:20,2026-02-26T09:10:20,https://api.quant-aq.com/v1/devices/MOD-00617/data/618989314
1212.63,728.88,"{'lat': None, 'lon': None}","{'rh': 32.6, 'temp': 23.6, 'wd': 0.0, 'ws': 0.0, 'ws_scalar': 0.0}","{'gas': {'co': 13502, 'co2': 13264, 'no': 13590, 'no2': 13769, 'o3': 13749}, 'pm': {'pm1': 13212, 'pm10': 13214, 'pm25': 13213}}",3.53,25.8,32.58,1.83,10.99,1.97,618989464,32.6,MOD-00617,23.6,2026-02-26T17:09:20,2026-02-26T09:09:20,https://api.quant-aq.com/v1/devices/MOD-00617/data/618989313
1206.06,733.94,"{'lat': None, 'lon': None}","{'rh': 32.6, 'temp': 23.6, 'wd': 0.0, 'ws': 0.0, 'ws_scalar': 0.0}","{'gas': {'co': 13502, 'co2': 13264, 'no': 13590, 'no2': 13769, 'o3': 13749}, 'pm': {'pm1': 13212, 'pm10': 13214, 'pm25': 13213}}",3.53,25.8,32.04,1.62,6.91,1.82,618989466,32.6,MOD-00617,23.6,2026-02-26T17:08:20,2026-02-26T09:08:20,https://api.quant-aq.com/v1/devices/MOD-00617/data/618989316
1212.22,734.42,"{'lat': None, 'lon': None}","{'rh': 32.6, 'temp': 23.6, 'wd': 0.0, 'ws': 0.0, 'ws_scalar': 0.0}","{'gas': {'co': 13502, 'co2': 13264, 'no': 13590, 'no2': 13769, 'o3': 13749}, 'pm': {'pm1': 13212, 'pm10': 13214, 'pm25': 13213}}",3.52,26.28,32.84,1.85,10.99,2.07,618987232,32.6,MOD-00617,23.6,2026-02-26T17:07:20,2026-02-26T09:07:20,https://api.quant-aq.com/v1/devices/MOD-00617/data/618987082
1205.31,728.28,"{'lat': None, 'lon': None}","{'rh': 32.5, 'temp': 23.6, 'wd': 0.0, 'ws': 0.0, 'ws_scalar': 0.0}","{'gas': {'co': 13502, 'co2': 13264, 'no': 13590, 'no2': 13769, 'o3': 13749}, 'pm': {'pm1': 13212, 'pm10': 13214, 'pm25': 13213}}",3.51,25.57,33.4,2.04,17.0,2.21,618987230,32.5,MOD-00617,23.6,2026-02-26T17:06:20,2026-02-26T09:06:20,https://api.quant-aq.com/v1/devices/MOD-00617/data/618987079
1215.23,720.33,"{'lat': None, 'lon': None}","{'rh': 32.4, 'temp': 23.6, 'wd': 0.0, 'ws': 0.0, 'ws_scalar': 0.0}","{'gas': {'co': 13502, 'co2': 13264, 'no': 13590, 'no2': 13769, 'o3': 13749}, 'pm': {'pm1': 13212, 'pm10': 13214, 'pm25': 13213}}",3.49,26.05,32.36,1.96,2.05,2.05,618987231,32.4,MOD-00617,23.6,2026-02-26T17:05:20,2026-02-26T09:05:20,https://api.quant-aq.com/v1/devices/MOD-00617/data/618987080
1240.2,723.94,"{'lat': None, 'lon': None}","{'rh': 32.5, 'temp': 23.6, 'wd': 0.0, 'ws': 0.0, 'ws_scalar': 0.0}","{'gas': {'co': 13502, 'co2': 13264, 'no': 13590, 'no2': 13769, 'o3': 13749}, 'pm': {'pm1': 13212, 'pm10': 13214, 'pm25': 13213}}",3.51,26.28,32.33,1.97,2.0,2.0,618987233,32.5,MOD-00617,23.6,2026-02-26T17:04:20,2026-02-26T09:04:20,https://api.quant-aq.com/v1/devices/MOD-00617/data/618987081
1249.5,731.77,"{'lat': None, 'lon': None}","{'rh': 32.7, 'temp': 23.6, 'wd': 0.0, 'ws': 0.0, 'ws_scalar': 0.0}","{'gas': {'co': 13502, 'co2': 13264, 'no': 13590, 'no2': 13769, 'o3': 13749}, 'pm': {'pm1': 13212, 'pm10': 13214, 'pm25': 13213}}",3.54,26.27,32.82,2.06,2.23,2.14,618984982,32.7,MOD-00617,23.6,2026-02-26T17:03:20,2026-02-26T09:03:20,https://api.quant-aq.com/v1/devices/MOD-00617/data/618984831
1258.53,733.7,"{'lat': None, 'lon': None}","{'rh': 32.7, 'temp': 23.6, 'wd': 0.0, 'ws': 0.0, 'ws_scalar': 0.0}","{'gas': {'co': 13502, 'co2': 13264, 'no': 13590, 'no2': 13769, 'o3': 13749}, 'pm': {'pm1': 13212, 'pm10': 13214, 'pm25': 13213}}",3.54,26.98,32.55,1.81,2.41,1.85,618984978,32.7,MOD-00617,23.6,2026-02-26T17:02:20,2026-02-26T09:02:20,https://api.quant-aq.com/v1/devices/MOD-00617/data/618984827
1268.38,733.09,"{'lat': None, 'lon': None}","{'rh': 32.7, 'temp': 23.6, 'wd': 0.0, 'ws': 0.0, 'ws_scalar': 0.0}","{'gas': {'co': 13502, 'co2': 13264, 'no': 13590, 'no2': 13769, 'o3': 13749}, 'pm': {'pm1': 13212, 'pm10': 13214, 'pm25': 13213}}",3.54,27.22,32.55,1.69,1.82,1.78,618984979,32.7,MOD-00617,23.6,2026-02-26T17:01:20,2026-02-26T09:01:20,https://api.quant-aq.com/v1/devices/MOD-00617/data/618984830
1274.88,738.51,"{'lat': None, 'lon': None}","{'rh': 32.8, 'temp': 23.6, 'wd': 0.0, 'ws': 0.0, 'ws_scalar': 0.0}","{'gas': {'co': 13502, 'co2': 13264, 'no': 13590, 'no2': 13769, 'o3': 13749}, 'pm': {'pm1': 13212, 'pm10': 13214, 'pm25': 13213}}",3.56,27.21,33.06,1.69,1.91,1.72,618984980,32.8,MOD-00617,23.6,2026-02-26T17:00:20,2026-02-26T09:00:20,https://api.quant-aq.com/v1/devices/MOD-00617/data/618984828
1283.91,737.55,"{'lat': None, 'lon': None}","{'rh': 32.8, 'temp': 23.6, 'wd': 0.0, 'ws': 0.0, 'ws_scalar': 0.0}","{'gas': {'co': 13502, 'co2': 13264, 'no': 13590, 'no2': 13769, 'o3': 13749}, 'pm': {'pm1': 13212, 'pm10': 13214, 'pm25': 13213}}",3.56,27.21,33.06,1.62,1.68,1.68,618984981,32.8,MOD-00617,23.6,2026-02-26T16:59:20,2026-02-26T08:59:20,https://api.quant-aq.com/v1/devices/MOD-00617/data/618984829
1278.65,736.1,"{'lat': None, 'lon': None}","{'rh': 32.7, 'temp': 23.6, 'wd': 0.0, 'ws': 0.0, 'ws_scalar': 0.0}","{'gas': {'co': 13502, 'co2': 13264, 'no': 13590, 'no2': 13769, 'o3': 13749}, 'pm': {'pm1': 13212, 'pm10': 13214, 'pm25': 13213}}",3.54,27.22,32.82,1.59,1.68,1.64,618982136,32.7,MOD-00617,23.6,2026-02-26T16:58:20,2026-02-26T08:58:20,https://api.quant-aq.com/v1/devices/MOD-00617/data/618981985
1282.34,735.86,"{'lat': None, 'lon': None}","{'rh': 32.7, 'temp': 23.6, 'wd': 0.0, 'ws': 0.0, 'ws_scalar': 0.0}","{'gas': {'co': 13502, 'co2': 13264, 'no': 13590, 'no2': 13769, 'o3': 13749}, 'pm': {'pm1': 13212, 'pm10': 13214, 'pm25': 13213}}",3.54,26.75,33.08,1.45,1.47,1.47,618982133,32.7,MOD-00617,23.6,2026-02-26T16:57:20,2026-02-26T08:57:20,https://api.quant-aq.com/v1/devices/MOD-00617/data/618981981
1299.24,733.21,"{'lat': None, 'lon': None}","{'rh': 32.6, 'temp': 23.6, 'wd': 0.0, 'ws': 0.0, 'ws_scalar': 0.0}","{'gas': {'co': 13502, 'co2': 13264, 'no': 13590, 'no2': 13769, 'o3': 13749}, 'pm': {'pm1': 13212, 'pm10': 13214, 'pm25': 13213}}",3.53,26.75,32.84,2.11,2.15,2.15,618982132,32.6,MOD-00617,23.6,2026-02-26T16:56:20,2026-02-26T08:56:20,https://api.quant-aq.com/v1/devices/MOD-00617/data/618981982
1327.84,740.2,"{'lat': None, 'lon': None}","{'rh': 32.8, 'temp': 23.6, 'wd': 0.0, 'ws': 0.0, 'ws_scalar': 0.0}","{'gas': {'co': 13502, 'co2': 13264, 'no': 13590, 'no2': 13769, 'o3': 13749}, 'pm': {'pm1': 13212, 'pm10': 13214, 'pm25': 13213}}",3.56,27.45,33.06,1.98,2.02,2.02,618982134,32.8,MOD-00617,23.6,2026-02-26T16:55:20,2026-02-26T08:55:20,https://api.quant-aq.com/v1/devices/MOD-00617/data/618981983
1333.82,740.32,"{'lat': None, 'lon': None}","{'rh': 32.9, 'temp': 23.5, 'wd': 0.0, 'ws': 0.0, 'ws_scalar': 0.0}","{'gas': {'co': 13502, 'co2': 13264, 'no': 13590, 'no2': 13769, 'o3': 13749}, 'pm': {'pm1': 13212, 'pm10': 13214, 'pm25': 13213}}",3.59,27.68,33.29,1.99,2.04,2.04,618982135,32.9,MOD-00617,23.5,2026-02-26T16:54:20,2026-02-26T08:54:20,https://api.quant-aq.com/v1/devices/MOD-00617/data/618981984
1331.87,739.12,"{'lat': None, 'lon': None}","{'rh': 32.9, 'temp': 23.6, 'wd': 0.0, 'ws': 0.0, 'ws_scalar': 0.0}","{'gas': {'co': 13502, 'co2': 13264, 'no': 13590, 'no2': 13769, 'o3': 13749}, 'pm': {'pm1': 13212, 'pm10': 13214, 'pm25': 13213}}",3.58,26.97,33.03,1.47,1.69,1.5,618979393,32.9,MOD-00617,23.6,2026-02-26T16:53:20,2026-02-26T08:53:20,https://api.quant-aq.com/v1/devices/MOD-00617/data/618979242
1337.85,740.44,"{'lat': None, 'lon': None}","{'rh': 33.0, 'temp': 23.5, 'wd': 0.0, 'ws': 0.0, 'ws_scalar': 0.0}","{'gas': {'co': 13502, 'co2': 13264, 'no': 13590, 'no2': 13769, 'o3': 13749}, 'pm': {'pm1': 13212, 'pm10': 13214, 'pm25': 13213}}",3.6,26.73,32.99,1.21,1.32,1.27,618979396,33.0,MOD-00617,23.5,2026-02-26T16:52:20,2026-02-26T08:52:20,https://api.quant-aq.com/v1/devices/MOD-00617/data/618979245
1343.53,735.86,"{'lat': None, 'lon': None}","{'rh': 33.1, 'temp': 23.5, 'wd': 0.0, 'ws': 0.0, 'ws_scalar': 0.0}","{'gas': {'co': 13502, 'co2': 13264, 'no': 13590, 'no2': 13769, 'o3': 13749}, 'pm': {'pm1': 13212, 'pm10': 13214, 'pm25': 13213}}",3.62,26.72,32.97,0.87,0.89,0.89,618979395,33.1,MOD-00617,23.5,2026-02-26T16:51:20,2026-02-26T08:51:20,https://api.quant-aq.com/v1/devices/MOD-00617/data/618979243
1348.11,742.01,"{'lat': None, 'lon': None}","{'rh': 33.0, 'temp': 23.5, 'wd': 0.0, 'ws': 0.0, 'ws_scalar': 0.0}","{'gas': {'co': 13502, 'co2': 13264, 'no': 13590, 'no2': 13769, 'o3': 13749}, 'pm': {'pm1': 13212, 'pm10': 13214, 'pm25': 13213}}",3.59,26.25,32.99,0.97,3.11,1.08,618979394,33.0,MOD-00617,23.5,2026-02-26T16:50:20,2026-02-26T08:50:20,https://api.quant-aq.com/v1/devices/MOD-00617/data/618979244
1355.06,736.71,"{'lat': None, 'lon': None}","{'rh': 33.2, 'temp': 23.6, 'wd': 0.0, 'ws': 0.0, 'ws_scalar': 0.0}","{'gas': {'co': 13502, 'co2': 13264, 'no': 13590, 'no2': 13769, 'o3': 13749}, 'pm': {'pm1': 13212, 'pm10': 13214, 'pm25': 13213}}",3.63,26.72,32.96,1.12,1.89,1.16,618979392,33.2,MOD-00617,23.6,2026-02-26T16:49:20,2026-02-26T08:49:20,https://api.quant-aq.com/v1/devices/MOD-00617/data/618979241
1346.03,736.59,"{'lat': None, 'lon': None}","{'rh': 33.2, 'temp': 23.6, 'wd': 0.0, 'ws': 0.0, 'ws_scalar': 0.0}","{'gas': {'co': 13502, 'co2': 13264, 'no': 13590, 'no2': 13769, 'o3': 13749}, 'pm': {'pm1': 13212, 'pm10': 13214, 'pm25': 13213}}",3.63,26.72,32.15,1.1,1.15,1.15,618976563,33.2,MOD-00617,23.6,2026-02-26T16:48:20,2026-02-26T08:48:20,https://api.quant-aq.com/v1/devices/MOD-00617/data/618976412
1347.74,731.41,"{'lat': None, 'lon': None}","{'rh': 33.1, 'temp': 23.6, 'wd': 0.0, 'ws': 0.0, 'ws_scalar': 0.0}","{'gas': {'co': 13502, 'co2': 13264, 'no': 13590, 'no2': 13769, 'o3': 13749}, 'pm': {'pm1': 13212, 'pm10': 13214, 'pm25': 13213}}",3.61,26.73,32.45,1.05,4.22,1.11,618976565,33.1,MOD-00617,23.6,2026-02-26T16:47:20,2026-02-26T08:47:20,https://api.quant-aq.com/v1/devices/MOD-00617/data/618976414
1337.82,729.24,"{'lat': None, 'lon': None}","{'rh': 33.2, 'temp': 23.6, 'wd': 0.0, 'ws': 0.0, 'ws_scalar': 0.0}","{'gas': {'co': 13502, 'co2': 13264, 'no': 13590, 'no2': 13769, 'o3': 13749}, 'pm': {'pm1': 13212, 'pm10': 13214, 'pm25': 13213}}",3.63,26.49,32.15,0.98,1.04,1.04,618976566,33.2,MOD-00617,23.6,2026-02-26T16:46:20,2026-02-26T08:46:20,https://api.quant-aq.com/v1/devices/MOD-00617/data/618976416
1318.82,730.44,"{'lat': None, 'lon': None}","{'rh': 33.2, 'temp': 23.5, 'wd': 0.0, 'ws': 0.0, 'ws_scalar': 0.0}","{'gas': {'co': 13502, 'co2': 13264, 'no': 13590, 'no2': 13769, 'o3': 13749}, 'pm': {'pm1': 13212, 'pm10': 13214, 'pm25': 13213}}",3.63,26.24,32.41,1.15,1.17,1.17,618976564,33.2,MOD-00617,23.5,2026-02-26T16:45:20,2026-02-26T08:45:20,https://api.quant-aq.com/v1/devices/MOD-00617/data/618976413
1285.77,733.7,"{'lat': None, 'lon': None}","{'rh': 33.5, 'temp': 23.5, 'wd': 0.0, 'ws': 0.0, 'ws_scalar': 0.0}","{'gas': {'co': 13502, 'co2': 13264, 'no': 13590, 'no2': 13769, 'o3': 13749}, 'pm': {'pm1': 13212, 'pm10': 13214, 'pm25': 13213}}",3.59,26.47,32.33,1.04,1.27,1.17,618976567,33.5,MOD-00617,23.5,2026-02-26T16:44:20,2026-02-26T08:44:20,https://api.quant-aq.com/v1/devices/MOD-00617/data/618976415
1251.81,727.91,"{'lat': None, 'lon': None}","{'rh': 33.5, 'temp': 23.6, 'wd': 0.0, 'ws': 0.0, 'ws_scalar': 0.0}","{'gas': {'co': 13502, 'co2': 13264, 'no': 13590, 'no2': 13769, 'o3': 13749}, 'pm': {'pm1': 13212, 'pm10': 13214, 'pm25': 13213}}",3.59,26.09,31.8,1.04,1.13,1.09,618973801,33.5,MOD-00617,23.6,2026-02-26T16:43:20,2026-02-26T08:43:20,https://api.quant-aq.com/v1/devices/MOD-00617/data/618973650
1224.94,731.53,"{'lat': None, 'lon': None}","{'rh': 33.6, 'temp': 23.5, 'wd': 0.0, 'ws': 0.0, 'ws_scalar': 0.0}","{'gas': {'co': 13502, 'co2': 13264, 'no': 13590, 'no2': 13769, 'o3': 13749}, 'pm': {'pm1': 13212, 'pm10': 13214, 'pm25': 13213}}",3.61,25.37,32.03,1.1,2.06,1.26,618973803,33.6,MOD-00617,23.5,2026-02-26T16:42:20,2026-02-26T08:42:20,https://api.quant-aq.com/v1/devices/MOD-00617/data/618973652
1234.83,730.08,"{'lat': None, 'lon': None}","{'rh': 33.7, 'temp': 23.6, 'wd': 0.0, 'ws': 0.0, 'ws_scalar': 0.0}","{'gas': {'co': 13502, 'co2': 13264, 'no': 13590, 'no2': 13769, 'o3': 13749}, 'pm': {'pm1': 13212, 'pm10': 13214, 'pm25': 13213}}",3.63,26.23,32.02,1.0,3.42,1.07,618973802,33.7,MOD-00617,23.6,2026-02-26T16:41:20,2026-02-26T08:41:20,https://api.quant-aq.com/v1/devices/MOD-00617/data/618973651
1229.8,731.89,"{'lat': None, 'lon': None}","{'rh': 33.7, 'temp': 23.5, 'wd': 0.0, 'ws': 0.0, 'ws_scalar': 0.0}","{'gas': {'co': 13502, 'co2': 13264, 'no': 13590, 'no2': 13769, 'o3': 13749}, 'pm': {'pm1': 13212, 'pm10': 13214, 'pm25': 13213}}",3.61,25.7,31.74,0.96,2.92,1.05,618973804,33.7,MOD-00617,23.5,2026-02-26T16:40:20,2026-02-26T08:40:20,https://api.quant-aq.com/v1/devices/MOD-00617/data/618973653
1234.35,728.76,"{'lat': None, 'lon': None}","{'rh': 33.8, 'temp': 23.6, 'wd': 0.0, 'ws': 0.0, 'ws_scalar': 0.0}","{'gas': {'co': 13502, 'co2': 13264, 'no': 13590, 'no2': 13769, 'o3': 13749}, 'pm': {'pm1': 13212, 'pm10': 13214, 'pm25': 13213}}",3.64,24.45,32.26,1.2,1.47,1.25,618973800,33.8,MOD-00617,23.6,2026-02-26T16:39:20,2026-02-26T08:39:20,https://api.quant-aq.com/v1/devices/MOD-00617/data/618973649
1236.4,726.35,"{'lat': None, 'lon': None}","{'rh': 33.8, 'temp': 23.6, 'wd': 0.0, 'ws': 0.0, 'ws_scalar': 0.0}","{'gas': {'co': 13502, 'co2': 13264, 'no': 13590, 'no2': 13769, 'o3': 13749}, 'pm': {'pm1': 13212, 'pm10': 13214, 'pm25': 13213}}",3.63,26.46,32.0,0.96,1.52,1.02,618970954,33.8,MOD-00617,23.6,2026-02-26T16:38:20,2026-02-26T08:38:20,https://api.quant-aq.com/v1/devices/MOD-00617/data/618970805
1245.92,725.39,"{'lat': None, 'lon': None}","{'rh': 33.7, 'temp': 23.6, 'wd': 0.0, 'ws': 0.0, 'ws_scalar': 0.0}","{'gas': {'co': 13502, 'co2': 13264, 'no': 13590, 'no2': 13769, 'o3': 13749}, 'pm': {'pm1': 13212, 'pm10': 13214, 'pm25': 13213}}",3.63,26.23,32.56,1.14,6.31,1.18,618970957,33.7,MOD-00617,23.6,2026-02-26T16:37:20,2026-02-26T08:37:20,https://api.quant-aq.com/v1/devices/MOD-00617/data/618970806
1249.2,725.39,"{'lat': None, 'lon': None}","{'rh': 33.7, 'temp': 23.6, 'wd': 0.0, 'ws': 0.0, 'ws_scalar': 0.0}","{'gas': {'co': 13502, 'co2': 13264, 'no': 13590, 'no2': 13769, 'o3': 13749}, 'pm': {'pm1': 13212, 'pm10': 13214, 'pm25': 13213}}",3.64,26.7,32.29,1.12,11.07,1.18,618970955,33.7,MOD-00617,23.6,2026-02-26T16:36:20,2026-02-26T08:36:20,https://api.quant-aq.com/v1/devices/MOD-00617/data/618970803
1247.97,724.3,"{'lat': None, 'lon': None}","{'rh': 33.7, 'temp': 23.6, 'wd': 0.0, 'ws': 0.0, 'ws_scalar': 0.0}","{'gas': {'co': 13502, 'co2': 13264, 'no': 13590, 'no2': 13769, 'o3': 13749}, 'pm': {'pm1': 13212, 'pm10': 13214, 'pm25': 13213}}",3.62,26.23,32.29,1.33,1.92,1.37,618970956,33.7,MOD-00617,23.6,2026-02-26T16:35:20,2026-02-26T08:35:20,https://api.quant-aq.com/v1/devices/MOD-00617/data/618970804
1253.86,722.37,"{'lat': None, 'lon': None}","{'rh': 33.5, 'temp': 23.6, 'wd': 0.0, 'ws': 0.0, 'ws_scalar': 0.0}","{'gas': {'co': 13502, 'co2': 13264, 'no': 13590, 'no2': 13769, 'o3': 13749}, 'pm': {'pm1': 13212, 'pm10': 13214, 'pm25': 13213}}",3.59,25.43,32.07,1.13,1.81,1.22,618970953,33.5,MOD-00617,23.6,2026-02-26T16:34:20,2026-02-26T08:34:20,https://api.quant-aq.com/v1/devices/MOD-00617/data/618970802
1261.25,725.63,"{'lat': None, 'lon': None}","{'rh': 33.5, 'temp': 23.6, 'wd': 0.0, 'ws': 0.0, 'ws_scalar': 0.0}","{'gas': {'co': 13502, 'co2': 13264, 'no': 13590, 'no2': 13769, 'o3': 13749}, 'pm': {'pm1': 13212, 'pm10': 13214, 'pm25': 13213}}",3.6,26.47,32.07,1.01,1.08,1.08,618968228,33.5,MOD-00617,23.6,2026-02-26T16:33:20,2026-02-26T08:33:20,https://api.quant-aq.com/v1/devices/MOD-00617/data/618968076
1262.68,732.73,"{'lat': None, 'lon': None}","{'rh': 33.8, 'temp': 23.6, 'wd': 0.0, 'ws': 0.0, 'ws_scalar': 0.0}","{'gas': {'co': 13502, 'co2': 13264, 'no': 13590, 'no2': 13769, 'o3': 13749}, 'pm': {'pm1': 13212, 'pm10': 13214, 'pm25': 13213}}",3.68,24.99,32.26,0.97,6.66,1.02,618968226,33.8,MOD-00617,23.6,2026-02-26T16:32:20,2026-02-26T08:32:20,https://api.quant-aq.com/v1/devices/MOD-00617/data/618968075
1259.73,734.18,"{'lat': None, 'lon': None}","{'rh': 33.9, 'temp': 23.6, 'wd': 0.0, 'ws': 0.0, 'ws_scalar': 0.0}","{'gas': {'co': 13502, 'co2': 13264, 'no': 13590, 'no2': 13769, 'o3': 13749}, 'pm': {'pm1': 13212, 'pm10': 13214, 'pm25': 13213}}",3.67,25.53,31.97,1.13,1.22,1.17,618968227,33.9,MOD-00617,23.6,2026-02-26T16:31:20,2026-02-26T08:31:20,https://api.quant-aq.com/v1/devices/MOD-00617/data/618968077
1269.66,734.18,"{'lat': None, 'lon': None}","{'rh': 33.8, 'temp': 23.6, 'wd': 0.0, 'ws': 0.0, 'ws_scalar': 0.0}","{'gas': {'co': 13502, 'co2': 13264, 'no': 13590, 'no2': 13769, 'o3': 13749}, 'pm': {'pm1': 13212, 'pm10': 13214, 'pm25': 13213}}",3.64,24.99,32.26,0.94,2.25,1.09,618968229,33.8,MOD-00617,23.6,2026-02-26T16:30:20,2026-02-26T08:30:20,https://api.quant-aq.com/v1/devices/MOD-00617/data/618968078
1272.19,723.34,"{'lat': None, 'lon': None}","{'rh': 33.7, 'temp': 23.6, 'wd': 0.0, 'ws': 0.0, 'ws_scalar': 0.0}","{'gas': {'co': 13502, 'co2': 13264, 'no': 13590, 'no2': 13769, 'o3': 13749}, 'pm': {'pm1': 13212, 'pm10': 13214, 'pm25': 13213}}",3.63,26.7,31.75,0.78,11.9,0.84,618968230,33.7,MOD-00617,23.6,2026-02-26T16:29:20,2026-02-26T08:29:20,https://api.quant-aq.com/v1/devices/MOD-00617/data/618968079
1282.11,718.88,"{'lat': None, 'lon': None}","{'rh': 33.6, 'temp': 23.6, 'wd': 0.0, 'ws': 0.0, 'ws_scalar': 0.0}","{'gas': {'co': 13502, 'co2': 13264, 'no': 13590, 'no2': 13769, 'o3': 13749}, 'pm': {'pm1': 13212, 'pm10': 13214, 'pm25': 13213}}",3.63,26.47,32.32,0.79,0.9,0.85,618965416,33.6,MOD-00617,23.6,2026-02-26T16:28:20,2026-02-26T08:28:20,https://api.quant-aq.com/v1/devices/MOD-00617/data/618965265
1289.02,720.09,"{'lat': None, 'lon': None}","{'rh': 33.7, 'temp': 23.6, 'wd': 0.0, 'ws': 0.0, 'ws_scalar': 0.0}","{'gas': {'co': 13502, 'co2': 13264, 'no': 13590, 'no2': 13769, 'o3': 13749}, 'pm': {'pm1': 13212, 'pm10': 13214, 'pm25': 13213}}",3.63,26.47,31.21,0.98,1.02,1.02,618965414,33.7,MOD-00617,23.6,2026-02-26T16:27:20,2026-02-26T08:27:20,https://api.quant-aq.com/v1/devices/MOD-00617/data/618965263
1292.23,719.72,"{'lat': None, 'lon': None}","{'rh': 33.8, 'temp': 23.6, 'wd': 0.0, 'ws': 0.0, 'ws_scalar': 0.0}","{'gas': {'co': 13502, 'co2': 13264, 'no': 13590, 'no2': 13769, 'o3': 13749}, 'pm': {'pm1': 13212, 'pm10': 13214, 'pm25': 13213}}",3.66,26.7,31.73,0.91,2.9,0.96,618965415,33.8,MOD-00617,23.6,2026-02-26T16:26:20,2026-02-26T08:26:20,https://api.quant-aq.com/v1/devices/MOD-00617/data/618965264
1302.01,722.37,"{'lat': None, 'lon': None}","{'rh': 33.9, 'temp': 23.6, 'wd': 0.0, 'ws': 0.0, 'ws_scalar': 0.0}","{'gas': {'co': 13502, 'co2': 13264, 'no': 13590, 'no2': 13769, 'o3': 13749}, 'pm': {'pm1': 13212, 'pm10': 13214, 'pm25': 13213}}",3.67,25.07,31.97,0.78,1.66,0.84,618965413,33.9,MOD-00617,23.6,2026-02-26T16:25:20,2026-02-26T08:25:20,https://api.quant-aq.com/v1/devices/MOD-00617/data/618965262
1302.84,721.17,"{'lat': None, 'lon': None}","{'rh': 33.9, 'temp': 23.6, 'wd': 0.0, 'ws': 0.0, 'ws_scalar': 0.0}","{'gas': {'co': 13502, 'co2': 13264, 'no': 13590, 'no2': 13769, 'o3': 13749}, 'pm': {'pm1': 13212, 'pm10': 13214, 'pm25': 13213}}",3.67,26.93,32.24,1.04,1.39,1.14,618965412,33.9,MOD-00617,23.6,2026-02-26T16:24:20,2026-02-26T08:24:20,https://api.quant-aq.com/v1/devices/MOD-00617/data/618965261
1317.54,722.13,"{'lat': None, 'lon': None}","{'rh': 34.0, 'temp': 23.6, 'wd': 0.0, 'ws': 0.0, 'ws_scalar': 0.0}","{'gas': {'co': 13502, 'co2': 13264, 'no': 13590, 'no2': 13769, 'o3': 13749}, 'pm': {'pm1': 13212, 'pm10': 13214, 'pm25': 13213}}",3.76,26.69,31.94,1.0,13.15,1.08,618962620,34.0,MOD-00617,23.6,2026-02-26T16:23:20,2026-02-26T08:23:20,https://api.quant-aq.com/v1/devices/MOD-00617/data/618962468
1318.77,719.48,"{'lat': None, 'lon': None}","{'rh': 34.0, 'temp': 23.6, 'wd': 0.0, 'ws': 0.0, 'ws_scalar': 0.0}","{'gas': {'co': 13502, 'co2': 13264, 'no': 13590, 'no2': 13769, 'o3': 13749}, 'pm': {'pm1': 13212, 'pm10': 13214, 'pm25': 13213}}",3.7,26.69,31.94,1.09,1.92,1.19,618962622,34.0,MOD-00617,23.6,2026-02-26T16:22:20,2026-02-26T08:22:20,https://api.quant-aq.com/v1/devices/MOD-00617/data/618962471
1283.88,722.49,"{'lat': None, 'lon': None}","{'rh': 34.0, 'temp': 23.6, 'wd': 0.0, 'ws': 0.0, 'ws_scalar': 0.0}","{'gas': {'co': 13502, 'co2': 13264, 'no': 13590, 'no2': 13769, 'o3': 13749}, 'pm': {'pm1': 13212, 'pm10': 13214, 'pm25': 13213}}",3.7,25.6,32.48,1.16,1.53,1.25,618962619,34.0,MOD-00617,23.6,2026-02-26T16:21:20,2026-02-26T08:21:20,https://api.quant-aq.com/v1/devices/MOD-00617/data/618962469
1277.65,718.88,"{'lat': None, 'lon': None}","{'rh': 34.1, 'temp': 23.6, 'wd': 0.0, 'ws': 0.0, 'ws_scalar': 0.0}","{'gas': {'co': 13502, 'co2': 13264, 'no': 13590, 'no2': 13769, 'o3': 13749}, 'pm': {'pm1': 13212, 'pm10': 13214, 'pm25': 13213}}",3.73,26.92,32.19,1.09,6.73,1.19,618962621,34.1,MOD-00617,23.6,2026-02-26T16:20:20,2026-02-26T08:20:20,https://api.quant-aq.com/v1/devices/MOD-00617/data/618962470
1286.61,722.61,"{'lat': None, 'lon': None}","{'rh': 34.2, 'temp': 23.6, 'wd': 0.0, 'ws': 0.0, 'ws_scalar': 0.0}","{'gas': {'co': 13502, 'co2': 13264, 'no': 13590, 'no2': 13769, 'o3': 13749}, 'pm': {'pm1': 13212, 'pm10': 13214, 'pm25': 13213}}",3.73,26.68,32.7,0.9,0.97,0.97,618962618,34.2,MOD-00617,23.6,2026-02-26T16:19:20,2026-02-26T08:19:20,https://api.quant-aq.com/v1/devices/MOD-00617/data/618962467
1292.43,723.1,"{'lat': None, 'lon': None}","{'rh': 34.1, 'temp': 23.6, 'wd': 0.0, 'ws': 0.0, 'ws_scalar': 0.0}","{'gas': {'co': 13502, 'co2': 13264, 'no': 13590, 'no2': 13769, 'o3': 13749}, 'pm': {'pm1': 13212, 'pm10': 13214, 'pm25': 13213}}",3.73,27.16,32.73,0.67,0.9,0.71,618959779,34.1,MOD-00617,23.6,2026-02-26T16:18:20,2026-02-26T08:18:20,https://api.quant-aq.com/v1/devices/MOD-00617/data/618959627
1290.38,722.01,"{'lat': None, 'lon': None}","{'rh': 34.1, 'temp': 23.6, 'wd': 0.0, 'ws': 0.0, 'ws_scalar': 0.0}","{'gas': {'co': 13502, 'co2': 13264, 'no': 13590, 'no2': 13769, 'o3': 13749}, 'pm': {'pm1': 13212, 'pm10': 13214, 'pm25': 13213}}",3.73,26.92,32.19,0.89,3.24,0.92,618959778,34.1,MOD-00617,23.6,2026-02-26T16:17:20,2026-02-26T08:17:20,https://api.quant-aq.com/v1/devices/MOD-00617/data/618959628
1287.92,718.28,"{'lat': None, 'lon': None}","{'rh': 34.1, 'temp': 23.6, 'wd': 0.0, 'ws': 0.0, 'ws_scalar': 0.0}","{'gas': {'co': 13502, 'co2': 13264, 'no': 13590, 'no2': 13769, 'o3': 13749}, 'pm': {'pm1': 13212, 'pm10': 13214, 'pm25': 13213}}",3.71,26.45,32.46,0.71,0.8,0.8,618959780,34.1,MOD-00617,23.6,2026-02-26T16:16:20,2026-02-26T08:16:20,https://api.quant-aq.com/v1/devices/MOD-00617/data/618959629
1299.41,716.35,"{'lat': None, 'lon': None}","{'rh': 34.1, 'temp': 23.6, 'wd': 0.0, 'ws': 0.0, 'ws_scalar': 0.0}","{'gas': {'co': 13502, 'co2': 13264, 'no': 13590, 'no2': 13769, 'o3': 13749}, 'pm': {'pm1': 13212, 'pm10': 13214, 'pm25': 13213}}",3.72,26.69,32.73,0.9,3.51,1.01,618959776,34.1,MOD-00617,23.6,2026-02-26T16:15:20,2026-02-26T08:15:20,https://api.quant-aq.com/v1/devices/MOD-00617/data/618959625
1305.91,716.11,"{'lat': None, 'lon': None}","{'rh': 34.2, 'temp': 23.6, 'wd': 0.0, 'ws': 0.0, 'ws_scalar': 0.0}","{'gas': {'co': 13502, 'co2': 13264, 'no': 13590, 'no2': 13769, 'o3': 13749}, 'pm': {'pm1': 13212, 'pm10': 13214, 'pm25': 13213}}",3.74,27.16,31.89,0.61,1.45,0.75,618959777,34.2,MOD-00617,23.6,2026-02-26T16:14:20,2026-02-26T08:14:20,https://api.quant-aq.com/v1/devices/MOD-00617/data/618959626
1308.3,716.83,"{'lat': None, 'lon': None}","{'rh': 34.3, 'temp': 23.6, 'wd': 0.0, 'ws': 0.0, 'ws_scalar': 0.0}","{'gas': {'co': 13502, 'co2': 13264, 'no': 13590, 'no2': 13769, 'o3': 13749}, 'pm': {'pm1': 13212, 'pm10': 13214, 'pm25': 13213}}",3.75,27.15,32.68,0.78,2.89,0.85,618957047,34.3,MOD-00617,23.6,2026-02-26T16:13:20,2026-02-26T08:13:20,https://api.quant-aq.com/v1/devices/MOD-00617/data/618956896
1311.24,715.15,"{'lat': None, 'lon': None}","{'rh': 34.2, 'temp': 23.6, 'wd': 0.0, 'ws': 0.0, 'ws_scalar': 0.0}","{'gas': {'co': 13502, 'co2': 13264, 'no': 13590, 'no2': 13769, 'o3': 13749}, 'pm': {'pm1': 13212, 'pm10': 13214, 'pm25': 13213}}",3.75,27.16,32.7,0.89,1.64,1.01,618957045,34.2,MOD-00617,23.6,2026-02-26T16:12:20,2026-02-26T08:12:20,https://api.quant-aq.com/v1/devices/MOD-00617/data/618956894
1315.76,713.7,"{'lat': None, 'lon': None}","{'rh': 34.2, 'temp': 23.6, 'wd': 0.0, 'ws': 0.0, 'ws_scalar': 0.0}","{'gas': {'co': 13502, 'co2': 13264, 'no': 13590, 'no2': 13769, 'o3': 13749}, 'pm': {'pm1': 13212, 'pm10': 13214, 'pm25': 13213}}",3.74,26.45,32.43,0.86,0.9,0.9,618957044,34.2,MOD-00617,23.6,2026-02-26T16:11:20,2026-02-26T08:11:20,https://api.quant-aq.com/v1/devices/MOD-00617/data/618956892
1317.67,711.29,"{'lat': None, 'lon': None}","{'rh': 34.4, 'temp': 23.6, 'wd': 0.0, 'ws': 0.0, 'ws_scalar': 0.0}","{'gas': {'co': 13502, 'co2': 13264, 'no': 13590, 'no2': 13769, 'o3': 13749}, 'pm': {'pm1': 13212, 'pm10': 13214, 'pm25': 13213}}",3.76,26.44,32.65,0.85,2.83,0.9,618957043,34.4,MOD-00617,23.6,2026-02-26T16:10:20,2026-02-26T08:10:20,https://api.quant-aq.com/v1/devices/MOD-00617/data/618956893
1316.78,711.53,"{'lat': None, 'lon': None}","{'rh': 34.5, 'temp': 23.6, 'wd': 0.0, 'ws': 0.0, 'ws_scalar': 0.0}","{'gas': {'co': 13502, 'co2': 13264, 'no': 13590, 'no2': 13769, 'o3': 13749}, 'pm': {'pm1': 13212, 'pm10': 13214, 'pm25': 13213}}",3.76,26.43,32.35,0.91,1.0,1.0,618957046,34.5,MOD-00617,23.6,2026-02-26T16:09:20,2026-02-26T08:09:20,https://api.quant-aq.com/v1/devices/MOD-00617/data/618956895
1313.69,706.6,"{'lat': None, 'lon': None}","{'rh': 34.8, 'temp': 23.6, 'wd': 0.0, 'ws': 0.0, 'ws_scalar': 0.0}","{'gas': {'co': 13502, 'co2': 13264, 'no': 13590, 'no2': 13769, 'o3': 13749}, 'pm': {'pm1': 13212, 'pm10': 13214, 'pm25': 13213}}",3.83,26.66,33.09,0.73,2.74,0.81,618954262,34.8,MOD-00617,23.6,2026-02-26T16:08:20,2026-02-26T08:08:20,https://api.quant-aq.com/v1/devices/MOD-00617/data/618954109
1306.57,705.39,"{'lat': None, 'lon': None}","{'rh': 35.0, 'temp': 23.6, 'wd': 0.0, 'ws': 0.0, 'ws_scalar': 0.0}","{'gas': {'co': 13502, 'co2': 13264, 'no': 13590, 'no2': 13769, 'o3': 13749}, 'pm': {'pm1': 13212, 'pm10': 13214, 'pm25': 13213}}",3.78,26.89,34.4,0.97,1.86,1.11,618954259,35.0,MOD-00617,23.6,2026-02-26T16:07:20,2026-02-26T08:07:20,https://api.quant-aq.com/v1/devices/MOD-00617/data/618954111
1311.1,702.38,"{'lat': None, 'lon': None}","{'rh': 34.4, 'temp': 23.6, 'wd': 0.0, 'ws': 0.0, 'ws_scalar': 0.0}","{'gas': {'co': 13502, 'co2': 13264, 'no': 13590, 'no2': 13769, 'o3': 13749}, 'pm': {'pm1': 13212, 'pm10': 13214, 'pm25': 13213}}",3.7,26.91,32.92,0.92,1.03,0.98,618954260,34.4,MOD-00617,23.6,2026-02-26T16:06:20,2026-02-26T08:06:20,https://api.quant-aq.com/v1/devices/MOD-00617/data/618954108
1315.42,702.26,"{'lat': None, 'lon': None}","{'rh': 34.1, 'temp': 23.6, 'wd': 0.0, 'ws': 0.0, 'ws_scalar': 0.0}","{'gas': {'co': 13502, 'co2': 13264, 'no': 13590, 'no2': 13769, 'o3': 13749}, 'pm': {'pm1': 13212, 'pm10': 13214, 'pm25': 13213}}",3.72,24.06,31.65,0.74,7.05,0.83,618954258,34.1,MOD-00617,23.6,2026-02-26T16:05:20,2026-02-26T08:05:20,https://api.quant-aq.com/v1/devices/MOD-00617/data/618954107
1320.13,699.61,"{'lat': None, 'lon': None}","{'rh': 34.4, 'temp': 23.6, 'wd': 0.0, 'ws': 0.0, 'ws_scalar': 0.0}","{'gas': {'co': 13502, 'co2': 13264, 'no': 13590, 'no2': 13769, 'o3': 13749}, 'pm': {'pm1': 13212, 'pm10': 13214, 'pm25': 13213}}",3.74,26.2,32.65,0.62,4.69,0.71,618954257,34.4,MOD-00617,23.6,2026-02-26T16:04:20,2026-02-26T08:04:20,https://api.quant-aq.com/v1/devices/MOD-00617/data/618954105
1321.65,699.25,"{'lat': None, 'lon': None}","{'rh': 34.0, 'temp': 23.6, 'wd': 0.0, 'ws': 0.0, 'ws_scalar': 0.0}","{'gas': {'co': 13502, 'co2': 13264, 'no': 13590, 'no2': 13769, 'o3': 13749}, 'pm': {'pm1': 13212, 'pm10': 13214, 'pm25': 13213}}",3.69,24.62,31.67,0.74,0.87,0.82,618951482,34.0,MOD-00617,23.6,2026-02-26T16:03:20,2026-02-26T08:03:20,https://api.quant-aq.com/v1/devices/MOD-00617/data/618951331
1323.56,696.36,"{'lat': None, 'lon': None}","{'rh': 34.2, 'temp': 23.6, 'wd': 0.0, 'ws': 0.0, 'ws_scalar': 0.0}","{'gas': {'co': 13502, 'co2': 13264, 'no': 13590, 'no2': 13769, 'o3': 13749}, 'pm': {'pm1': 13212, 'pm10': 13214, 'pm25': 13213}}",3.75,25.69,32.16,0.82,0.89,0.89,618951479,34.2,MOD-00617,23.6,2026-02-26T16:02:20,2026-02-26T08:02:20,https://api.quant-aq.com/v1/devices/MOD-00617/data/618951328
1323.35,700.69,"{'lat': None, 'lon': None}","{'rh': 34.5, 'temp': 23.6, 'wd': 0.0, 'ws': 0.0, 'ws_scalar': 0.0}","{'gas': {'co': 13502, 'co2': 13264, 'no': 13590, 'no2': 13769, 'o3': 13749}, 'pm': {'pm1': 13212, 'pm10': 13214, 'pm25': 13213}}",3.77,25.72,32.35,0.97,0.99,0.99,618951481,34.5,MOD-00617,23.6,2026-02-26T16:01:20,2026-02-26T08:01:20,https://api.quant-aq.com/v1/devices/MOD-00617/data/618951330
1334.36,699.85,"{'lat': None, 'lon': None}","{'rh': 34.6, 'temp': 23.6, 'wd': 0.0, 'ws': 0.0, 'ws_scalar': 0.0}","{'gas': {'co': 13502, 'co2': 13264, 'no': 13590, 'no2': 13769, 'o3': 13749}, 'pm': {'pm1': 13212, 'pm10': 13214, 'pm25': 13213}}",3.82,25.48,32.6,0.7,0.89,0.8,618951480,34.6,MOD-00617,23.6,2026-02-26T16:00:20,2026-02-26T08:00:20,https://api.quant-aq.com/v1/devices/MOD-00617/data/618951329
1333.32,699.49,"{'lat': None, 'lon': None}","{'rh': 34.9, 'temp': 23.6, 'wd': 0.0, 'ws': 0.0, 'ws_scalar': 0.0}","{'gas': {'co': 13502, 'co2': 13264, 'no': 13590, 'no2': 13769, 'o3': 13749}, 'pm': {'pm1': 13212, 'pm10': 13214, 'pm25': 13213}}",3.79,26.18,32.25,0.79,0.89,0.85,618951483,34.9,MOD-00617,23.6,2026-02-26T15:59:20,2026-02-26T07:59:20,https://api.quant-aq.com/v1/devices/MOD-00617/data/618951332
1332.91,698.77,"{'lat': None, 'lon': None}","{'rh': 34.9, 'temp': 23.6, 'wd': 0.0, 'ws': 0.0, 'ws_scalar': 0.0}","{'gas': {'co': 13502, 'co2': 13264, 'no': 13590, 'no2': 13769, 'o3': 13749}, 'pm': {'pm1': 13212, 'pm10': 13214, 'pm25': 13213}}",3.82,25.94,32.79,0.98,1.16,1.11,618948634,34.9,MOD-00617,23.6,2026-02-26T15:58:20,2026-02-26T07:58:20,https://api.quant-aq.com/v1/devices/MOD-00617/data/618948483
1335.77,698.41,"{'lat': None, 'lon': None}","{'rh': 35.5, 'temp': 23.6, 'wd': 0.0, 'ws': 0.0, 'ws_scalar': 0.0}","{'gas': {'co': 13502, 'co2': 13264, 'no': 13590, 'no2': 13769, 'o3': 13749}, 'pm': {'pm1': 13212, 'pm10': 13214, 'pm25': 13213}}",3.88,25.92,34.27,1.02,1.32,1.23,618948637,35.5,MOD-00617,23.6,2026-02-26T15:57:20,2026-02-26T07:57:20,https://api.quant-aq.com/v1/devices/MOD-00617/data/618948486
1332.27,699.85,"{'lat': None, 'lon': None}","{'rh': 35.8, 'temp': 23.6, 'wd': 0.0, 'ws': 0.0, 'ws_scalar': 0.0}","{'gas': {'co': 13502, 'co2': 13264, 'no': 13590, 'no2': 13769, 'o3': 13749}, 'pm': {'pm1': 13212, 'pm10': 13214, 'pm25': 13213}}",3.77,27.56,35.29,0.82,1.01,0.92,618948636,35.8,MOD-00617,23.6,2026-02-26T15:56:20,2026-02-26T07:56:20,https://api.quant-aq.com/v1/devices/MOD-00617/data/618948485
1333.18,702.02,"{'lat': None, 'lon': None}","{'rh': 35.1, 'temp': 23.6, 'wd': 0.0, 'ws': 0.0, 'ws_scalar': 0.0}","{'gas': {'co': 13502, 'co2': 13264, 'no': 13590, 'no2': 13769, 'o3': 13749}, 'pm': {'pm1': 13212, 'pm10': 13214, 'pm25': 13213}}",3.79,26.17,33.56,0.64,0.73,0.73,618948633,35.1,MOD-00617,23.6,2026-02-26T15:55:20,2026-02-26T07:55:20,https://api.quant-aq.com/v1/devices/MOD-00617/data/618948482
1342.02,701.06,"{'lat': None, 'lon': None}","{'rh': 34.8, 'temp': 23.6, 'wd': 0.0, 'ws': 0.0, 'ws_scalar': 0.0}","{'gas': {'co': 13502, 'co2': 13264, 'no': 13590, 'no2': 13769, 'o3': 13749}, 'pm': {'pm1': 13212, 'pm10': 13214, 'pm25': 13213}}",3.81,25.24,33.36,0.62,0.77,0.72,618948635,34.8,MOD-00617,23.6,2026-02-26T15:54:20,2026-02-26T07:54:20,https://api.quant-aq.com/v1/devices/MOD-00617/data/618948484
1336.32,695.88,"{'lat': None, 'lon': None}","{'rh': 35.3, 'temp': 23.6, 'wd': 0.0, 'ws': 0.0, 'ws_scalar': 0.0}","{'gas': {'co': 13502, 'co2': 13264, 'no': 13590, 'no2': 13769, 'o3': 13749}, 'pm': {'pm1': 13212, 'pm10': 13214, 'pm25': 13213}}",3.79,26.64,34.05,0.74,0.79,0.79,618945899,35.3,MOD-00617,23.6,2026-02-26T15:53:20,2026-02-26T07:53:20,https://api.quant-aq.com/v1/devices/MOD-00617/data/618945748
1343.87,700.57,"{'lat': None, 'lon': None}","{'rh': 34.5, 'temp': 23.6, 'wd': 0.0, 'ws': 0.0, 'ws_scalar': 0.0}","{'gas': {'co': 13502, 'co2': 13264, 'no': 13590, 'no2': 13769, 'o3': 13749}, 'pm': {'pm1': 13212, 'pm10': 13214, 'pm25': 13213}}",3.77,25.11,33.17,0.76,6.24,0.8,618945896,34.5,MOD-00617,23.6,2026-02-26T15:52:20,2026-02-26T07:52:20,https://api.quant-aq.com/v1/devices/MOD-00617/data/618945745
1341.19,705.75,"{'lat': None, 'lon': None}","{'rh': 34.8, 'temp': 23.6, 'wd': 0.0, 'ws': 0.0, 'ws_scalar': 0.0}","{'gas': {'co': 13502, 'co2': 13264, 'no': 13590, 'no2': 13769, 'o3': 13749}, 'pm': {'pm1': 13212, 'pm10': 13214, 'pm25': 13213}}",3.92,22.26,33.63,0.77,1.21,0.87,618945895,34.8,MOD-00617,23.6,2026-02-26T15:51:20,2026-02-26T07:51:20,https://api.quant-aq.com/v1/devices/MOD-00617/data/618945744
1338.04,703.46,"{'lat': None, 'lon': None}","{'rh': 35.2, 'temp': 23.6, 'wd': 0.0, 'ws': 0.0, 'ws_scalar': 0.0}","{'gas': {'co': 13502, 'co2': 13264, 'no': 13590, 'no2': 13769, 'o3': 13749}, 'pm': {'pm1': 13212, 'pm10': 13214, 'pm25': 13213}}",3.86,26.17,34.89,0.91,1.51,0.99,618945897,35.2,MOD-00617,23.6,2026-02-26T15:50:20,2026-02-26T07:50:20,https://api.quant-aq.com/v1/devices/MOD-00617/data/618945746
1340.11,693.11,"{'lat': None, 'lon': None}","{'rh': 34.6, 'temp': 23.6, 'wd': 0.0, 'ws': 0.0, 'ws_scalar': 0.0}","{'gas': {'co': 13502, 'co2': 13264, 'no': 13590, 'no2': 13769, 'o3': 13749}, 'pm': {'pm1': 13212, 'pm10': 13214, 'pm25': 13213}}",3.8,25.72,33.41,0.83,0.94,0.9,618945898,34.6,MOD-00617,23.6,2026-02-26T15:49:20,2026-02-26T07:49:20,https://api.quant-aq.com/v1/devices/MOD-00617/data/618945747
1338.39,697.56,"{'lat': None, 'lon': None}","{'rh': 34.7, 'temp': 23.6, 'wd': 0.0, 'ws': 0.0, 'ws_scalar': 0.0}","{'gas': {'co': 13502, 'co2': 13264, 'no': 13590, 'no2': 13769, 'o3': 13749}, 'pm': {'pm1': 13212, 'pm10': 13214, 'pm25': 13213}}",3.79,26.19,33.93,0.89,1.11,0.92,618943120,34.7,MOD-00617,23.6,2026-02-26T15:48:20,2026-02-26T07:48:20,https://api.quant-aq.com/v1/devices/MOD-00617/data/618942969
1342.92,695.27,"{'lat': None, 'lon': None}","{'rh': 34.1, 'temp': 23.6, 'wd': 0.0, 'ws': 0.0, 'ws_scalar': 0.0}","{'gas': {'co': 13502, 'co2': 13264, 'no': 13590, 'no2': 13769, 'o3': 13749}, 'pm': {'pm1': 13212, 'pm10': 13214, 'pm25': 13213}}",3.81,25.69,33.0,0.94,1.16,0.98,618943119,34.1,MOD-00617,23.6,2026-02-26T15:47:20,2026-02-26T07:47:20,https://api.quant-aq.com/v1/devices/MOD-00617/data/618942968
1347.44,699.49,"{'lat': None, 'lon': None}","{'rh': 34.1, 'temp': 23.6, 'wd': 0.0, 'ws': 0.0, 'ws_scalar': 0.0}","{'gas': {'co': 13502, 'co2': 13264, 'no': 13590, 'no2': 13769, 'o3': 13749}, 'pm': {'pm1': 13212, 'pm10': 13214, 'pm25': 13213}}",3.85,16.23,32.73,0.86,0.97,0.93,618943116,34.1,MOD-00617,23.6,2026-02-26T15:46:20,2026-02-26T07:46:20,https://api.quant-aq.com/v1/devices/MOD-00617/data/618942965
1340.25,695.39,"{'lat': None, 'lon': None}","{'rh': 34.4, 'temp': 23.6, 'wd': 0.0, 'ws': 0.0, 'ws_scalar': 0.0}","{'gas': {'co': 13502, 'co2': 13264, 'no': 13590, 'no2': 13769, 'o3': 13749}, 'pm': {'pm1': 13212, 'pm10': 13214, 'pm25': 13213}}",3.9,24.75,34.0,0.99,1.66,1.07,618943117,34.4,MOD-00617,23.6,2026-02-26T15:45:20,2026-02-26T07:45:20,https://api.quant-aq.com/v1/devices/MOD-00617/data/618942966
1344.62,695.03,"{'lat': None, 'lon': None}","{'rh': 34.6, 'temp': 23.6, 'wd': 0.0, 'ws': 0.0, 'ws_scalar': 0.0}","{'gas': {'co': 13502, 'co2': 13264, 'no': 13590, 'no2': 13769, 'o3': 13749}, 'pm': {'pm1': 13212, 'pm10': 13214, 'pm25': 13213}}",3.86,23.38,33.41,0.84,0.99,0.94,618943118,34.6,MOD-00617,23.6,2026-02-26T15:44:20,2026-02-26T07:44:20,https://api.quant-aq.com/v1/devices/MOD-00617/data/618942967
1344.91,694.43,"{'lat': None, 'lon': None}","{'rh': 34.2, 'temp': 23.6, 'wd': 0.0, 'ws': 0.0, 'ws_scalar': 0.0}","{'gas': {'co': 13502, 'co2': 13264, 'no': 13590, 'no2': 13769, 'o3': 13749}, 'pm': {'pm1': 13212, 'pm10': 13214, 'pm25': 13213}}",3.87,25.42,33.24,0.74,0.89,0.89,618940339,34.2,MOD-00617,23.6,2026-02-26T15:43:20,2026-02-26T07:43:20,https://api.quant-aq.com/v1/devices/MOD-00617/data/618940188
1354.2,697.32,"{'lat': None, 'lon': None}","{'rh': 34.4, 'temp': 23.6, 'wd': 0.0, 'ws': 0.0, 'ws_scalar': 0.0}","{'gas': {'co': 13502, 'co2': 13264, 'no': 13590, 'no2': 13769, 'o3': 13749}, 'pm': {'pm1': 13212, 'pm10': 13214, 'pm25': 13213}}",4.08,23.75,32.92,0.87,1.17,0.94,618940340,34.4,MOD-00617,23.6,2026-02-26T15:42:20,2026-02-26T07:42:20,https://api.quant-aq.com/v1/devices/MOD-00617/data/618940189
1348.66,701.66,"{'lat': None, 'lon': None}","{'rh': 34.7, 'temp': 23.6, 'wd': 0.0, 'ws': 0.0, 'ws_scalar': 0.0}","{'gas': {'co': 13502, 'co2': 13264, 'no': 13590, 'no2': 13769, 'o3': 13749}, 'pm': {'pm1': 13212, 'pm10': 13214, 'pm25': 13213}}",3.89,25.24,32.84,0.84,0.92,0.87,618940342,34.7,MOD-00617,23.6,2026-02-26T15:41:20,2026-02-26T07:41:20,https://api.quant-aq.com/v1/devices/MOD-00617/data/618940191
1361.31,697.92,"{'lat': None, 'lon': None}","{'rh': 34.8, 'temp': 23.6, 'wd': 0.0, 'ws': 0.0, 'ws_scalar': 0.0}","{'gas': {'co': 13502, 'co2': 13264, 'no': 13590, 'no2': 13769, 'o3': 13749}, 'pm': {'pm1': 13212, 'pm10': 13214, 'pm25': 13213}}",3.95,25.47,33.36,1.23,3.05,1.28,618940343,34.8,MOD-00617,23.6,2026-02-26T15:40:20,2026-02-26T07:40:20,https://api.quant-aq.com/v1/devices/MOD-00617/data/618940192
1358.92,702.62,"{'lat': None, 'lon': None}","{'rh': 34.7, 'temp': 23.6, 'wd': 0.0, 'ws': 0.0, 'ws_scalar': 0.0}","{'gas': {'co': 13502, 'co2': 13264, 'no': 13590, 'no2': 13769, 'o3': 13749}, 'pm': {'pm1': 13212, 'pm10': 13214, 'pm25': 13213}}",4.06,25.24,32.57,1.02,1.21,1.12,618940341,34.7,MOD-00617,23.6,2026-02-26T15:39:20,2026-02-26T07:39:20,https://api.quant-aq.com/v1/devices/MOD-00617/data/618940190
1358.63,704.67,"{'lat': None, 'lon': None}","{'rh': 35.1, 'temp': 23.6, 'wd': 0.0, 'ws': 0.0, 'ws_scalar': 0.0}","{'gas': {'co': 13502, 'co2': 13264, 'no': 13590, 'no2': 13769, 'o3': 13749}, 'pm': {'pm1': 13212, 'pm10': 13214, 'pm25': 13213}}",4.06,25.93,33.29,1.16,1.24,1.2,618937510,35.1,MOD-00617,23.6,2026-02-26T15:38:20,2026-02-26T07:38:20,https://api.quant-aq.com/v1/devices/MOD-00617/data/618937359
1370.13,704.55,"{'lat': None, 'lon': None}","{'rh': 35.1, 'temp': 23.6, 'wd': 0.0, 'ws': 0.0, 'ws_scalar': 0.0}","{'gas': {'co': 13502, 'co2': 13264, 'no': 13590, 'no2': 13769, 'o3': 13749}, 'pm': {'pm1': 13212, 'pm10': 13214, 'pm25': 13213}}",3.96,26.17,33.01,1.15,9.0,1.22,618937507,35.1,MOD-00617,23.6,2026-02-26T15:37:20,2026-02-26T07:37:20,https://api.quant-aq.com/v1/devices/MOD-00617/data/618937355
1368.0,709.49,"{'lat': None, 'lon': None}","{'rh': 35.2, 'temp': 23.6, 'wd': 0.0, 'ws': 0.0, 'ws_scalar': 0.0}","{'gas': {'co': 13502, 'co2': 13264, 'no': 13590, 'no2': 13769, 'o3': 13749}, 'pm': {'pm1': 13212, 'pm10': 13214, 'pm25': 13213}}",4.86,25.22,33.26,1.26,1.53,1.35,618937508,35.2,MOD-00617,23.6,2026-02-26T15:36:20,2026-02-26T07:36:20,https://api.quant-aq.com/v1/devices/MOD-00617/data/618937357
1369.02,707.2,"{'lat': None, 'lon': None}","{'rh': 35.5, 'temp': 23.6, 'wd': 0.0, 'ws': 0.0, 'ws_scalar': 0.0}","{'gas': {'co': 13502, 'co2': 13264, 'no': 13590, 'no2': 13769, 'o3': 13749}, 'pm': {'pm1': 13212, 'pm10': 13214, 'pm25': 13213}}",4.87,25.44,34.27,1.57,3.63,1.65,618937509,35.5,MOD-00617,23.6,2026-02-26T15:35:20,2026-02-26T07:35:20,https://api.quant-aq.com/v1/devices/MOD-00617/data/618937358
1363.4,712.98,"{'lat': None, 'lon': None}","{'rh': 35.9, 'temp': 23.6, 'wd': 0.0, 'ws': 0.0, 'ws_scalar': 0.0}","{'gas': {'co': 13502, 'co2': 13264, 'no': 13590, 'no2': 13769, 'o3': 13749}, 'pm': {'pm1': 13212, 'pm10': 13214, 'pm25': 13213}}",4.48,27.09,34.72,1.27,7.61,1.45,618937506,35.9,MOD-00617,23.6,2026-02-26T15:34:20,2026-02-26T07:34:20,https://api.quant-aq.com/v1/devices/MOD-00617/data/618937356
1370.07,708.88,"{'lat': None, 'lon': None}","{'rh': 34.6, 'temp': 23.6, 'wd': 0.0, 'ws': 0.0, 'ws_scalar': 0.0}","{'gas': {'co': 13502, 'co2': 13264, 'no': 13590, 'no2': 13769, 'o3': 13749}, 'pm': {'pm1': 13212, 'pm10': 13214, 'pm25': 13213}}",4.13,25.72,32.33,1.64,3.64,1.75,618934828,34.6,MOD-00617,23.6,2026-02-26T15:33:20,2026-02-26T07:33:20,https://api.quant-aq.com/v1/devices/MOD-00617/data/618934677
1374.18,712.38,"{'lat': None, 'lon': None}","{'rh': 34.6, 'temp': 23.6, 'wd': 0.0, 'ws': 0.0, 'ws_scalar': 0.0}","{'gas': {'co': 13502, 'co2': 13264, 'no': 13590, 'no2': 13769, 'o3': 13749}, 'pm': {'pm1': 13212, 'pm10': 13214, 'pm25': 13213}}",4.18,24.74,32.06,1.42,1.56,1.52,618934826,34.6,MOD-00617,23.6,2026-02-26T15:32:20,2026-02-26T07:32:20,https://api.quant-aq.com/v1/devices/MOD-00617/data/618934676
1381.5,713.46,"{'lat': None, 'lon': None}","{'rh': 34.7, 'temp': 23.6, 'wd': 0.0, 'ws': 0.0, 'ws_scalar': 0.0}","{'gas': {'co': 13502, 'co2': 13264, 'no': 13590, 'no2': 13769, 'o3': 13749}, 'pm': {'pm1': 13212, 'pm10': 13214, 'pm25': 13213}}",4.17,25.71,31.76,1.42,1.44,1.44,618934830,34.7,MOD-00617,23.6,2026-02-26T15:31:20,2026-02-26T07:31:20,https://api.quant-aq.com/v1/devices/MOD-00617/data/618934679
1375.61,716.47,"{'lat': None, 'lon': None}","{'rh': 34.9, 'temp': 23.6, 'wd': 0.0, 'ws': 0.0, 'ws_scalar': 0.0}","{'gas': {'co': 13502, 'co2': 13264, 'no': 13590, 'no2': 13769, 'o3': 13749}, 'pm': {'pm1': 13212, 'pm10': 13214, 'pm25': 13213}}",4.22,25.23,31.98,1.35,2.14,1.42,618934827,34.9,MOD-00617,23.6,2026-02-26T15:30:20,2026-02-26T07:30:20,https://api.quant-aq.com/v1/devices/MOD-00617/data/618934675
1377.93,717.92,"{'lat': None, 'lon': None}","{'rh': 35.1, 'temp': 23.6, 'wd': 0.0, 'ws': 0.0, 'ws_scalar': 0.0}","{'gas': {'co': 13502, 'co2': 13264, 'no': 13590, 'no2': 13769, 'o3': 13749}, 'pm': {'pm1': 13212, 'pm10': 13214, 'pm25': 13213}}",5.02,25.46,31.93,1.63,4.06,1.75,618934829,35.1,MOD-00617,23.6,2026-02-26T15:29:20,2026-02-26T07:29:20,https://api.quant-aq.com/v1/devices/MOD-00617/data/618934678
1381.96,719.84,"{'lat': None, 'lon': None}","{'rh': 35.2, 'temp': 23.6, 'wd': 0.0, 'ws': 0.0, 'ws_scalar': 0.0}","{'gas': {'co': 13502, 'co2': 13264, 'no': 13590, 'no2': 13769, 'o3': 13749}, 'pm': {'pm1': 13212, 'pm10': 13214, 'pm25': 13213}}",4.91,25.93,32.17,2.06,2.42,2.24,618932036,35.2,MOD-00617,23.6,2026-02-26T15:28:20,2026-02-26T07:28:20,https://api.quant-aq.com/v1/devices/MOD-00617/data/618931885
1371.63,718.04,"{'lat': None, 'lon': None}","{'rh': 35.3, 'temp': 23.6, 'wd': 0.0, 'ws': 0.0, 'ws_scalar': 0.0}","{'gas': {'co': 13502, 'co2': 13264, 'no': 13590, 'no2': 13769, 'o3': 13749}, 'pm': {'pm1': 13212, 'pm10': 13214, 'pm25': 13213}}",4.94,25.69,32.15,1.99,3.21,2.13,618932035,35.3,MOD-00617,23.6,2026-02-26T15:27:20,2026-02-26T07:27:20,https://api.quant-aq.com/v1/devices/MOD-00617/data/618931884
1372.72,719.12,"{'lat': None, 'lon': None}","{'rh': 35.5, 'temp': 23.6, 'wd': 0.0, 'ws': 0.0, 'ws_scalar': 0.0}","{'gas': {'co': 13502, 'co2': 13264, 'no': 13590, 'no2': 13769, 'o3': 13749}, 'pm': {'pm1': 13212, 'pm10': 13214, 'pm25': 13213}}",4.94,25.68,32.1,2.36,2.6,2.51,618932034,35.5,MOD-00617,23.6,2026-02-26T15:26:20,2026-02-26T07:26:20,https://api.quant-aq.com/v1/devices/MOD-00617/data/618931883
1373.81,720.81,"{'lat': None, 'lon': None}","{'rh': 35.7, 'temp': 23.6, 'wd': 0.0, 'ws': 0.0, 'ws_scalar': 0.0}","{'gas': {'co': 13502, 'co2': 13264, 'no': 13590, 'no2': 13769, 'o3': 13749}, 'pm': {'pm1': 13212, 'pm10': 13214, 'pm25': 13213}}",5.38,25.91,31.77,2.02,2.36,2.14,618932033,35.7,MOD-00617,23.6,2026-02-26T15:25:20,2026-02-26T07:25:20,https://api.quant-aq.com/v1/devices/MOD-00617/data/618931882
1378.59,722.98,"{'lat': None, 'lon': None}","{'rh': 35.9, 'temp': 23.6, 'wd': 0.0, 'ws': 0.0, 'ws_scalar': 0.0}","{'gas': {'co': 13502, 'co2': 13264, 'no': 13590, 'no2': 13769, 'o3': 13749}, 'pm': {'pm1': 13212, 'pm10': 13214, 'pm25': 13213}}",5.38,26.61,32.54,2.44,2.98,2.62,618929801,35.9,MOD-00617,23.6,2026-02-26T15:24:20,2026-02-26T07:24:20,https://api.quant-aq.com/v1/devices/MOD-00617/data/618929650
1378.45,724.9,"{'lat': None, 'lon': None}","{'rh': 36.1, 'temp': 23.6, 'wd': 0.0, 'ws': 0.0, 'ws_scalar': 0.0}","{'gas': {'co': 13502, 'co2': 13264, 'no': 13590, 'no2': 13769, 'o3': 13749}, 'pm': {'pm1': 13212, 'pm10': 13214, 'pm25': 13213}}",5.29,26.37,31.94,2.82,3.31,2.98,618929798,36.1,MOD-00617,23.6,2026-02-26T15:23:20,2026-02-26T07:23:20,https://api.quant-aq.com/v1/devices/MOD-00617/data/618929647
1385.29,724.42,"{'lat': None, 'lon': None}","{'rh': 36.3, 'temp': 23.6, 'wd': 0.0, 'ws': 0.0, 'ws_scalar': 0.0}","{'gas': {'co': 13502, 'co2': 13264, 'no': 13590, 'no2': 13769, 'o3': 13749}, 'pm': {'pm1': 13212, 'pm10': 13214, 'pm25': 13213}}",5.37,26.59,31.89,2.62,3.8,2.68,618929799,36.3,MOD-00617,23.6,2026-02-26T15:22:20,2026-02-26T07:22:20,https://api.quant-aq.com/v1/devices/MOD-00617/data/618929649
1382.68,720.93,"{'lat': None, 'lon': None}","{'rh': 36.5, 'temp': 23.6, 'wd': 0.0, 'ws': 0.0, 'ws_scalar': 0.0}","{'gas': {'co': 13502, 'co2': 13264, 'no': 13590, 'no2': 13769, 'o3': 13749}, 'pm': {'pm1': 13212, 'pm10': 13214, 'pm25': 13213}}",5.27,26.59,31.84,2.12,2.72,2.34,618929800,36.5,MOD-00617,23.6,2026-02-26T15:21:20,2026-02-26T07:21:20,https://api.quant-aq.com/v1/devices/MOD-00617/data/618929648
1388.55,725.87,"{'lat': None, 'lon': None}","{'rh': 36.9, 'temp': 23.6, 'wd': 0.0, 'ws': 0.0, 'ws_scalar': 0.0}","{'gas': {'co': 13502, 'co2': 13264, 'no': 13590, 'no2': 13769, 'o3': 13749}, 'pm': {'pm1': 13212, 'pm10': 13214, 'pm25': 13213}}",5.23,26.81,32.29,2.07,2.34,2.29,618927645,36.9,MOD-00617,23.6,2026-02-26T15:20:20,2026-02-26T07:20:20,https://api.quant-aq.com/v1/devices/MOD-00617/data/618927494
1387.04,728.28,"{'lat': None, 'lon': None}","{'rh': 37.3, 'temp': 23.6, 'wd': 0.0, 'ws': 0.0, 'ws_scalar': 0.0}","{'gas': {'co': 13502, 'co2': 13264, 'no': 13590, 'no2': 13769, 'o3': 13749}, 'pm': {'pm1': 13212, 'pm10': 13214, 'pm25': 13213}}",5.12,27.26,31.91,2.11,2.87,2.3,618927644,37.3,MOD-00617,23.6,2026-02-26T15:19:20,2026-02-26T07:19:20,https://api.quant-aq.com/v1/devices/MOD-00617/data/618927493
1384.63,730.2,"{'lat': None, 'lon': None}","{'rh': 37.8, 'temp': 23.6, 'wd': 0.0, 'ws': 0.0, 'ws_scalar': 0.0}","{'gas': {'co': 13502, 'co2': 13264, 'no': 13590, 'no2': 13769, 'o3': 13749}, 'pm': {'pm1': 13212, 'pm10': 13214, 'pm25': 13213}}",5.05,27.72,33.16,2.21,2.67,2.36,618927643,37.8,MOD-00617,23.6,2026-02-26T15:18:20,2026-02-26T07:18:20,https://api.quant-aq.com/v1/devices/MOD-00617/data/618927492
1381.97,729.0,"{'lat': None, 'lon': None}","{'rh': 37.5, 'temp': 23.6, 'wd': 0.0, 'ws': 0.0, 'ws_scalar': 0.0}","{'gas': {'co': 13502, 'co2': 13264, 'no': 13590, 'no2': 13769, 'o3': 13749}, 'pm': {'pm1': 13212, 'pm10': 13214, 'pm25': 13213}}",5.09,27.26,32.41,2.84,5.58,3.05,618927642,37.5,MOD-00617,23.6,2026-02-26T15:17:20,2026-02-26T07:17:20,https://api.quant-aq.com/v1/devices/MOD-00617/data/618927491
1374.37,733.21,"{'lat': None, 'lon': None}","{'rh': 37.8, 'temp': 23.6, 'wd': 0.0, 'ws': 0.0, 'ws_scalar': 0.0}","{'gas': {'co': 13502, 'co2': 13264, 'no': 13590, 'no2': 13769, 'o3': 13749}, 'pm': {'pm1': 13212, 'pm10': 13214, 'pm25': 13213}}",5.07,27.48,32.33,2.75,5.89,2.95,618925495,37.8,MOD-00617,23.6,2026-02-26T15:16:20,2026-02-26T07:16:20,https://api.quant-aq.com/v1/devices/MOD-00617/data/618925344
1377.58,733.33,"{'lat': None, 'lon': None}","{'rh': 37.9, 'temp': 23.6, 'wd': 0.0, 'ws': 0.0, 'ws_scalar': 0.0}","{'gas': {'co': 13502, 'co2': 13264, 'no': 13590, 'no2': 13769, 'o3': 13749}, 'pm': {'pm1': 13212, 'pm10': 13214, 'pm25': 13213}}",4.29,28.66,32.58,2.39,12.4,2.53,618925492,37.9,MOD-00617,23.6,2026-02-26T15:15:20,2026-02-26T07:15:20,https://api.quant-aq.com/v1/devices/MOD-00617/data/618925341
1381.62,735.74,"{'lat': None, 'lon': None}","{'rh': 38.0, 'temp': 23.6, 'wd': 0.0, 'ws': 0.0, 'ws_scalar': 0.0}","{'gas': {'co': 13502, 'co2': 13264, 'no': 13590, 'no2': 13769, 'o3': 13749}, 'pm': {'pm1': 13212, 'pm10': 13214, 'pm25': 13213}}",4.27,27.23,32.84,2.75,26.03,2.96,618925493,38.0,MOD-00617,23.6,2026-02-26T15:14:20,2026-02-26T07:14:20,https://api.quant-aq.com/v1/devices/MOD-00617/data/618925342
1376.62,735.14,"{'lat': None, 'lon': None}","{'rh': 38.1, 'temp': 23.6, 'wd': 0.0, 'ws': 0.0, 'ws_scalar': 0.0}","{'gas': {'co': 13502, 'co2': 13264, 'no': 13590, 'no2': 13769, 'o3': 13749}, 'pm': {'pm1': 13212, 'pm10': 13214, 'pm25': 13213}}",3.39,28.65,32.26,2.2,3.44,2.32,618925494,38.1,MOD-00617,23.6,2026-02-26T15:13:20,2026-02-26T07:13:20,https://api.quant-aq.com/v1/devices/MOD-00617/data/618925343
1375.35,743.09,"{'lat': None, 'lon': None}","{'rh': 38.3, 'temp': 23.7, 'wd': 0.0, 'ws': 0.0, 'ws_scalar': 0.0}","{'gas': {'co': 13502, 'co2': 13264, 'no': 13590, 'no2': 13769, 'o3': 13749}, 'pm': {'pm1': 13212, 'pm10': 13214, 'pm25': 13213}}",4.27,28.41,32.77,2.54,3.4,2.74,618923326,38.3,MOD-00617,23.7,2026-02-26T15:12:20,2026-02-26T07:12:20,https://api.quant-aq.com/v1/devices/MOD-00617/data/618923174
1370.53,748.27,"{'lat': None, 'lon': None}","{'rh': 38.0, 'temp': 23.6, 'wd': 0.0, 'ws': 0.0, 'ws_scalar': 0.0}","{'gas': {'co': 13502, 'co2': 13264, 'no': 13590, 'no2': 13769, 'o3': 13749}, 'pm': {'pm1': 13212, 'pm10': 13214, 'pm25': 13213}}",3.4,28.18,32.28,2.03,7.9,2.18,618923325,38.0,MOD-00617,23.6,2026-02-26T15:11:20,2026-02-26T07:11:20,https://api.quant-aq.com/v1/devices/MOD-00617/data/618923175
1372.07,753.21,"{'lat': None, 'lon': None}","{'rh': 38.3, 'temp': 23.7, 'wd': 0.0, 'ws': 0.0, 'ws_scalar': 0.0}","{'gas': {'co': 13502, 'co2': 13264, 'no': 13590, 'no2': 13769, 'o3': 13749}, 'pm': {'pm1': 13212, 'pm10': 13214, 'pm25': 13213}}",3.4,28.65,33.88,1.92,4.04,2.07,618923324,38.3,MOD-00617,23.7,2026-02-26T15:10:20,2026-02-26T07:10:20,https://api.quant-aq.com/v1/devices/MOD-00617/data/618923173
1366.94,759.83,"{'lat': None, 'lon': None}","{'rh': 38.0, 'temp': 23.7, 'wd': 0.0, 'ws': 0.0, 'ws_scalar': 0.0}","{'gas': {'co': 13502, 'co2': 13264, 'no': 13590, 'no2': 13769, 'o3': 13749}, 'pm': {'pm1': 13212, 'pm10': 13214, 'pm25': 13213}}",3.4,28.43,32.85,2.11,3.27,2.27,618923327,38.0,MOD-00617,23.7,2026-02-26T15:09:20,2026-02-26T07:09:20,https://api.quant-aq.com/v1/devices/MOD-00617/data/618923176
1359.34,761.4,"{'lat': None, 'lon': None}","{'rh': 38.3, 'temp': 23.7, 'wd': 0.0, 'ws': 0.0, 'ws_scalar': 0.0}","{'gas': {'co': 13502, 'co2': 13264, 'no': 13590, 'no2': 13769, 'o3': 13749}, 'pm': {'pm1': 13212, 'pm10': 13214, 'pm25': 13213}}",3.39,29.36,33.88,1.87,18.94,2.07,618921098,38.3,MOD-00617,23.7,2026-02-26T15:08:20,2026-02-26T07:08:20,https://api.quant-aq.com/v1/devices/MOD-00617/data/618920947
1365.18,760.07,"{'lat': None, 'lon': None}","{'rh': 37.6, 'temp': 23.7, 'wd': 0.0, 'ws': 0.0, 'ws_scalar': 0.0}","{'gas': {'co': 13502, 'co2': 13264, 'no': 13590, 'no2': 13769, 'o3': 13749}, 'pm': {'pm1': 13212, 'pm10': 13214, 'pm25': 13213}}",3.33,28.92,33.5,1.32,9.83,1.44,618921097,37.6,MOD-00617,23.7,2026-02-26T15:07:20,2026-02-26T07:07:20,https://api.quant-aq.com/v1/devices/MOD-00617/data/618920946
1363.82,755.01,"{'lat': None, 'lon': None}","{'rh': 37.2, 'temp': 23.7, 'wd': 0.0, 'ws': 0.0, 'ws_scalar': 0.0}","{'gas': {'co': 13502, 'co2': 13264, 'no': 13590, 'no2': 13769, 'o3': 13749}, 'pm': {'pm1': 13212, 'pm10': 13214, 'pm25': 13213}}",4.32,28.93,32.5,1.32,11.34,1.5,618921096,37.2,MOD-00617,23.7,2026-02-26T15:06:20,2026-02-26T07:06:20,https://api.quant-aq.com/v1/devices/MOD-00617/data/618920945
1361.84,759.47,"{'lat': None, 'lon': None}","{'rh': 37.1, 'temp': 23.7, 'wd': 0.0, 'ws': 0.0, 'ws_scalar': 0.0}","{'gas': {'co': 13502, 'co2': 13264, 'no': 13590, 'no2': 13769, 'o3': 13749}, 'pm': {'pm1': 13212, 'pm10': 13214, 'pm25': 13213}}",4.31,28.23,33.07,1.65,12.39,1.87,618921095,37.1,MOD-00617,23.7,2026-02-26T15:05:20,2026-02-26T07:05:20,https://api.quant-aq.com/v1/devices/MOD-00617/data/618920944
1344.06,754.53,"{'lat': None, 'lon': None}","{'rh': 36.7, 'temp': 23.7, 'wd': 0.0, 'ws': 0.0, 'ws_scalar': 0.0}","{'gas': {'co': 13502, 'co2': 13264, 'no': 13590, 'no2': 13769, 'o3': 13749}, 'pm': {'pm1': 13212, 'pm10': 13214, 'pm25': 13213}}",3.4,28.95,32.62,1.38,4.05,1.52,618918903,36.7,MOD-00617,23.7,2026-02-26T15:04:20,2026-02-26T07:04:20,https://api.quant-aq.com/v1/devices/MOD-00617/data/618918753
1353.03,755.01,"{'lat': None, 'lon': None}","{'rh': 36.2, 'temp': 23.7, 'wd': 0.0, 'ws': 0.0, 'ws_scalar': 0.0}","{'gas': {'co': 13502, 'co2': 13264, 'no': 13590, 'no2': 13769, 'o3': 13749}, 'pm': {'pm1': 13212, 'pm10': 13214, 'pm25': 13213}}",3.77,28.03,31.93,1.87,4.78,2.09,618918904,36.2,MOD-00617,23.7,2026-02-26T15:03:20,2026-02-26T07:03:20,https://api.quant-aq.com/v1/devices/MOD-00617/data/618918752
1360.42,755.98,"{'lat': None, 'lon': None}","{'rh': 36.2, 'temp': 23.7, 'wd': 0.0, 'ws': 0.0, 'ws_scalar': 0.0}","{'gas': {'co': 13502, 'co2': 13264, 'no': 13590, 'no2': 13769, 'o3': 13749}, 'pm': {'pm1': 13212, 'pm10': 13214, 'pm25': 13213}}",3.76,28.5,32.47,1.45,3.76,1.6,618918901,36.2,MOD-00617,23.7,2026-02-26T15:02:20,2026-02-26T07:02:20,https://api.quant-aq.com/v1/devices/MOD-00617/data/618918750
1357.01,757.06,"{'lat': None, 'lon': None}","{'rh': 35.8, 'temp': 23.7, 'wd': 0.0, 'ws': 0.0, 'ws_scalar': 0.0}","{'gas': {'co': 13502, 'co2': 13264, 'no': 13590, 'no2': 13769, 'o3': 13749}, 'pm': {'pm1': 13212, 'pm10': 13214, 'pm25': 13213}}",3.72,27.81,32.03,1.49,18.93,1.61,618918902,35.8,MOD-00617,23.7,2026-02-26T15:01:20,2026-02-26T07:01:20,https://api.quant-aq.com/v1/devices/MOD-00617/data/618918751
1351.94,762.96,"{'lat': None, 'lon': None}","{'rh': 36.0, 'temp': 23.7, 'wd': 0.0, 'ws': 0.0, 'ws_scalar': 0.0}","{'gas': {'co': 13502, 'co2': 13264, 'no': 13590, 'no2': 13769, 'o3': 13749}, 'pm': {'pm1': 13212, 'pm10': 13214, 'pm25': 13213}}",2.78,28.51,32.25,1.81,13.55,2.07,618916746,36.0,MOD-00617,23.7,2026-02-26T15:00:20,2026-02-26T07:00:20,https://api.quant-aq.com/v1/devices/MOD-00617/data/618916595
1359.96,764.05,"{'lat': None, 'lon': None}","{'rh': 35.7, 'temp': 23.7, 'wd': 0.0, 'ws': 0.0, 'ws_scalar': 0.0}","{'gas': {'co': 13502, 'co2': 13264, 'no': 13590, 'no2': 13769, 'o3': 13749}, 'pm': {'pm1': 13212, 'pm10': 13214, 'pm25': 13213}}",3.7,28.52,32.6,1.41,9.04,1.52,618916743,35.7,MOD-00617,23.7,2026-02-26T14:59:20,2026-02-26T06:59:20,https://api.quant-aq.com/v1/devices/MOD-00617/data/618916592
1355.92,765.73,"{'lat': None, 'lon': None}","{'rh': 35.6, 'temp': 23.7, 'wd': 0.0, 'ws': 0.0, 'ws_scalar': 0.0}","{'gas': {'co': 13502, 'co2': 13264, 'no': 13590, 'no2': 13769, 'o3': 13749}, 'pm': {'pm1': 13212, 'pm10': 13214, 'pm25': 13213}}",3.69,28.76,32.63,1.71,2.97,1.89,618916745,35.6,MOD-00617,23.7,2026-02-26T14:58:20,2026-02-26T06:58:20,https://api.quant-aq.com/v1/devices/MOD-00617/data/618916594
1353.96,763.21,"{'lat': None, 'lon': None}","{'rh': 34.9, 'temp': 23.7, 'wd': 0.0, 'ws': 0.0, 'ws_scalar': 0.0}","{'gas': {'co': 13502, 'co2': 13264, 'no': 13590, 'no2': 13769, 'o3': 13749}, 'pm': {'pm1': 13212, 'pm10': 13214, 'pm25': 13213}}",2.71,28.56,31.72,1.36,2.87,1.64,618916741,34.9,MOD-00617,23.7,2026-02-26T14:57:20,2026-02-26T06:57:20,https://api.quant-aq.com/v1/devices/MOD-00617/data/618916590
1356.69,764.05,"{'lat': None, 'lon': None}","{'rh': 35.1, 'temp': 23.7, 'wd': 0.0, 'ws': 0.0, 'ws_scalar': 0.0}","{'gas': {'co': 13502, 'co2': 13264, 'no': 13590, 'no2': 13769, 'o3': 13749}, 'pm': {'pm1': 13212, 'pm10': 13214, 'pm25': 13213}}",3.7,27.84,32.75,1.41,8.25,1.61,618914537,35.1,MOD-00617,23.7,2026-02-26T14:56:20,2026-02-26T06:56:20,https://api.quant-aq.com/v1/devices/MOD-00617/data/618914388
1355.37,762.84,"{'lat': None, 'lon': None}","{'rh': 34.8, 'temp': 23.8, 'wd': 0.0, 'ws': 0.0, 'ws_scalar': 0.0}","{'gas': {'co': 13502, 'co2': 13264, 'no': 13590, 'no2': 13769, 'o3': 13749}, 'pm': {'pm1': 13212, 'pm10': 13214, 'pm25': 13213}}",2.69,29.04,32.03,1.77,4.85,2.01,618914540,34.8,MOD-00617,23.8,2026-02-26T14:55:20,2026-02-26T06:55:20,https://api.quant-aq.com/v1/devices/MOD-00617/data/618914389
1345.89,761.28,"{'lat': None, 'lon': None}","{'rh': 33.7, 'temp': 23.8, 'wd': 0.0, 'ws': 0.0, 'ws_scalar': 0.0}","{'gas': {'co': 13502, 'co2': 13264, 'no': 13590, 'no2': 13769, 'o3': 13749}, 'pm': {'pm1': 13212, 'pm10': 13214, 'pm25': 13213}}",3.53,27.9,31.51,1.76,8.93,1.93,618914538,33.7,MOD-00617,23.8,2026-02-26T14:54:20,2026-02-26T06:54:20,https://api.quant-aq.com/v1/devices/MOD-00617/data/618914386
1344.46,760.8,"{'lat': None, 'lon': None}","{'rh': 33.4, 'temp': 23.8, 'wd': 0.0, 'ws': 0.0, 'ws_scalar': 0.0}","{'gas': {'co': 13502, 'co2': 13264, 'no': 13590, 'no2': 13769, 'o3': 13749}, 'pm': {'pm1': 13212, 'pm10': 13214, 'pm25': 13213}}",3.51,27.68,30.52,1.7,19.32,2.01,618914539,33.4,MOD-00617,23.8,2026-02-26T14:53:20,2026-02-26T06:53:20,https://api.quant-aq.com/v1/devices/MOD-00617/data/618914387
1333.78,771.4,"{'lat': None, 'lon': None}","{'rh': 33.4, 'temp': 23.8, 'wd': 0.0, 'ws': 0.0, 'ws_scalar': 0.0}","{'gas': {'co': 13502, 'co2': 13264, 'no': 13590, 'no2': 13769, 'o3': 13749}, 'pm': {'pm1': 13212, 'pm10': 13214, 'pm25': 13213}}",3.51,27.2,30.52,1.63,15.33,1.86,618912395,33.4,MOD-00617,23.8,2026-02-26T14:52:20,2026-02-26T06:52:20,https://api.quant-aq.com/v1/devices/MOD-00617/data/618912244
1339.12,768.99,"{'lat': None, 'lon': None}","{'rh': 33.4, 'temp': 23.8, 'wd': 0.0, 'ws': 0.0, 'ws_scalar': 0.0}","{'gas': {'co': 13502, 'co2': 13264, 'no': 13590, 'no2': 13769, 'o3': 13749}, 'pm': {'pm1': 13212, 'pm10': 13214, 'pm25': 13213}}",3.51,26.97,30.52,1.51,6.53,1.76,618912394,33.4,MOD-00617,23.8,2026-02-26T14:51:20,2026-02-26T06:51:20,https://api.quant-aq.com/v1/devices/MOD-00617/data/618912243
1334.94,781.51,"{'lat': None, 'lon': None}","{'rh': 33.5, 'temp': 23.8, 'wd': 0.0, 'ws': 0.0, 'ws_scalar': 0.0}","{'gas': {'co': 13502, 'co2': 13264, 'no': 13590, 'no2': 13769, 'o3': 13749}, 'pm': {'pm1': 13212, 'pm10': 13214, 'pm25': 13213}}",3.52,26.96,31.57,1.56,13.82,1.99,618912393,33.5,MOD-00617,23.8,2026-02-26T14:50:20,2026-02-26T06:50:20,https://api.quant-aq.com/v1/devices/MOD-00617/data/618912242
1332.69,775.25,"{'lat': None, 'lon': None}","{'rh': 33.2, 'temp': 23.8, 'wd': 0.0, 'ws': 0.0, 'ws_scalar': 0.0}","{'gas': {'co': 13502, 'co2': 13264, 'no': 13590, 'no2': 13769, 'o3': 13749}, 'pm': {'pm1': 13212, 'pm10': 13214, 'pm25': 13213}}",3.62,27.45,31.38,1.35,16.32,1.69,618912392,33.2,MOD-00617,23.8,2026-02-26T14:49:20,2026-02-26T06:49:20,https://api.quant-aq.com/v1/devices/MOD-00617/data/618912241
1333.66,776.69,"{'lat': None, 'lon': None}","{'rh': 33.0, 'temp': 23.8, 'wd': 0.0, 'ws': 0.0, 'ws_scalar': 0.0}","{'gas': {'co': 13502, 'co2': 13264, 'no': 13590, 'no2': 13769, 'o3': 13749}, 'pm': {'pm1': 13212, 'pm10': 13214, 'pm25': 13213}}",3.6,26.98,30.9,1.29,2.88,1.53,618910185,33.0,MOD-00617,23.8,2026-02-26T14:48:20,2026-02-26T06:48:20,https://api.quant-aq.com/v1/devices/MOD-00617/data/618910034
1332.43,775.49,"{'lat': None, 'lon': None}","{'rh': 33.0, 'temp': 23.8, 'wd': 0.0, 'ws': 0.0, 'ws_scalar': 0.0}","{'gas': {'co': 13502, 'co2': 13264, 'no': 13590, 'no2': 13769, 'o3': 13749}, 'pm': {'pm1': 13212, 'pm10': 13214, 'pm25': 13213}}",3.59,27.22,30.63,0.97,7.93,1.35,618910188,33.0,MOD-00617,23.8,2026-02-26T14:47:20,2026-02-26T06:47:20,https://api.quant-aq.com/v1/devices/MOD-00617/data/618910037
1334.14,772.0,"{'lat': None, 'lon': None}","{'rh': 32.9, 'temp': 23.8, 'wd': 0.0, 'ws': 0.0, 'ws_scalar': 0.0}","{'gas': {'co': 13502, 'co2': 13264, 'no': 13590, 'no2': 13769, 'o3': 13749}, 'pm': {'pm1': 13212, 'pm10': 13214, 'pm25': 13213}}",3.58,27.7,30.66,1.01,24.27,1.56,618910186,32.9,MOD-00617,23.8,2026-02-26T14:46:20,2026-02-26T06:46:20,https://api.quant-aq.com/v1/devices/MOD-00617/data/618910035
1330.03,771.52,"{'lat': None, 'lon': None}","{'rh': 32.9, 'temp': 23.8, 'wd': 0.0, 'ws': 0.0, 'ws_scalar': 0.0}","{'gas': {'co': 13502, 'co2': 13264, 'no': 13590, 'no2': 13769, 'o3': 13749}, 'pm': {'pm1': 13212, 'pm10': 13214, 'pm25': 13213}}",3.58,26.99,30.39,1.35,30.89,1.6,618910187,32.9,MOD-00617,23.8,2026-02-26T14:45:20,2026-02-26T06:45:20,https://api.quant-aq.com/v1/devices/MOD-00617/data/618910036
1335.3,771.76,"{'lat': None, 'lon': None}","{'rh': 33.0, 'temp': 23.8, 'wd': 0.0, 'ws': 0.0, 'ws_scalar': 0.0}","{'gas': {'co': 13502, 'co2': 13264, 'no': 13590, 'no2': 13769, 'o3': 13749}, 'pm': {'pm1': 13212, 'pm10': 13214, 'pm25': 13213}}",3.59,27.46,30.63,1.24,22.1,1.74,618908034,33.0,MOD-00617,23.8,2026-02-26T14:44:20,2026-02-26T06:44:20,https://api.quant-aq.com/v1/devices/MOD-00617/data/618907883
1331.46,772.72,"{'lat': None, 'lon': None}","{'rh': 33.2, 'temp': 23.8, 'wd': 0.0, 'ws': 0.0, 'ws_scalar': 0.0}","{'gas': {'co': 13502, 'co2': 13264, 'no': 13590, 'no2': 13769, 'o3': 13749}, 'pm': {'pm1': 13212, 'pm10': 13214, 'pm25': 13213}}",3.62,27.69,31.38,1.53,6.08,2.06,618908033,33.2,MOD-00617,23.8,2026-02-26T14:43:20,2026-02-26T06:43:20,https://api.quant-aq.com/v1/devices/MOD-00617/data/618907881
1325.45,769.83,"{'lat': None, 'lon': None}","{'rh': 33.0, 'temp': 23.8, 'wd': 0.0, 'ws': 0.0, 'ws_scalar': 0.0}","{'gas': {'co': 13502, 'co2': 13264, 'no': 13590, 'no2': 13769, 'o3': 13749}, 'pm': {'pm1': 13212, 'pm10': 13214, 'pm25': 13213}}",3.59,26.98,31.16,1.6,9.16,1.93,618908032,33.0,MOD-00617,23.8,2026-02-26T14:42:20,2026-02-26T06:42:20,https://api.quant-aq.com/v1/devices/MOD-00617/data/618907882
1332.16,764.65,"{'lat': None, 'lon': None}","{'rh': 32.8, 'temp': 23.8, 'wd': 0.0, 'ws': 0.0, 'ws_scalar': 0.0}","{'gas': {'co': 13502, 'co2': 13264, 'no': 13590, 'no2': 13769, 'o3': 13749}, 'pm': {'pm1': 13212, 'pm10': 13214, 'pm25': 13213}}",3.57,27.7,30.68,1.8,3.12,2.09,618908035,32.8,MOD-00617,23.8,2026-02-26T14:41:20,2026-02-26T06:41:20,https://api.quant-aq.com/v1/devices/MOD-00617/data/618907884
1343.03,769.47,"{'lat': None, 'lon': None}","{'rh': 33.1, 'temp': 23.8, 'wd': 0.0, 'ws': 0.0, 'ws_scalar': 0.0}","{'gas': {'co': 13502, 'co2': 13264, 'no': 13590, 'no2': 13769, 'o3': 13749}, 'pm': {'pm1': 13212, 'pm10': 13214, 'pm25': 13213}}",3.6,27.45,30.6,1.58,5.78,1.92,618905844,33.1,MOD-00617,23.8,2026-02-26T14:40:20,2026-02-26T06:40:20,https://api.quant-aq.com/v1/devices/MOD-00617/data/618905693
1337.89,778.62,"{'lat': None, 'lon': None}","{'rh': 33.4, 'temp': 23.8, 'wd': 0.0, 'ws': 0.0, 'ws_scalar': 0.0}","{'gas': {'co': 13502, 'co2': 13264, 'no': 13590, 'no2': 13769, 'o3': 13749}, 'pm': {'pm1': 13212, 'pm10': 13214, 'pm25': 13213}}",3.51,27.44,32.13,1.62,22.33,1.97,618905842,33.4,MOD-00617,23.8,2026-02-26T14:39:20,2026-02-26T06:39:20,https://api.quant-aq.com/v1/devices/MOD-00617/data/618905691
1344.46,785.37,"{'lat': None, 'lon': None}","{'rh': 33.4, 'temp': 23.8, 'wd': 0.0, 'ws': 0.0, 'ws_scalar': 0.0}","{'gas': {'co': 13502, 'co2': 13264, 'no': 13590, 'no2': 13769, 'o3': 13749}, 'pm': {'pm1': 13212, 'pm10': 13214, 'pm25': 13213}}",3.51,28.39,31.32,2.13,37.38,2.45,618905843,33.4,MOD-00617,23.8,2026-02-26T14:38:20,2026-02-26T06:38:20,https://api.quant-aq.com/v1/devices/MOD-00617/data/618905692
1349.72,787.66,"{'lat': None, 'lon': None}","{'rh': 33.5, 'temp': 23.8, 'wd': 0.0, 'ws': 0.0, 'ws_scalar': 0.0}","{'gas': {'co': 13502, 'co2': 13264, 'no': 13590, 'no2': 13769, 'o3': 13749}, 'pm': {'pm1': 13212, 'pm10': 13214, 'pm25': 13213}}",3.52,28.15,31.3,1.88,33.41,2.3,618905841,33.5,MOD-00617,23.8,2026-02-26T14:37:20,2026-02-26T06:37:20,https://api.quant-aq.com/v1/devices/MOD-00617/data/618905690
1352.87,790.91,"{'lat': None, 'lon': None}","{'rh': 33.7, 'temp': 23.8, 'wd': 0.0, 'ws': 0.0, 'ws_scalar': 0.0}","{'gas': {'co': 13502, 'co2': 13264, 'no': 13590, 'no2': 13769, 'o3': 13749}, 'pm': {'pm1': 13212, 'pm10': 13214, 'pm25': 13213}}",3.54,28.85,31.51,2.25,33.89,2.53,618903738,33.7,MOD-00617,23.8,2026-02-26T14:36:20,2026-02-26T06:36:20,https://api.quant-aq.com/v1/devices/MOD-00617/data/618903586
1352.53,793.68,"{'lat': None, 'lon': None}","{'rh': 33.6, 'temp': 23.8, 'wd': 0.0, 'ws': 0.0, 'ws_scalar': 0.0}","{'gas': {'co': 13502, 'co2': 13264, 'no': 13590, 'no2': 13769, 'o3': 13749}, 'pm': {'pm1': 13212, 'pm10': 13214, 'pm25': 13213}}",3.53,28.38,31.81,1.69,24.93,2.08,618903737,33.6,MOD-00617,23.8,2026-02-26T14:35:20,2026-02-26T06:35:20,https://api.quant-aq.com/v1/devices/MOD-00617/data/618903587
1357.93,794.28,"{'lat': None, 'lon': None}","{'rh': 33.5, 'temp': 23.8, 'wd': 0.0, 'ws': 0.0, 'ws_scalar': 0.0}","{'gas': {'co': 13502, 'co2': 13264, 'no': 13590, 'no2': 13769, 'o3': 13749}, 'pm': {'pm1': 13212, 'pm10': 13214, 'pm25': 13213}}",3.52,28.15,31.83,2.72,10.79,3.0,618903733,33.5,MOD-00617,23.8,2026-02-26T14:34:20,2026-02-26T06:34:20,https://api.quant-aq.com/v1/devices/MOD-00617/data/618903580
1361.36,791.03,"{'lat': None, 'lon': None}","{'rh': 33.3, 'temp': 23.8, 'wd': 0.0, 'ws': 0.0, 'ws_scalar': 0.0}","{'gas': {'co': 13502, 'co2': 13264, 'no': 13590, 'no2': 13769, 'o3': 13749}, 'pm': {'pm1': 13212, 'pm10': 13214, 'pm25': 13213}}",3.63,28.87,31.62,2.88,18.69,3.05,618903726,33.3,MOD-00617,23.8,2026-02-26T14:33:20,2026-02-26T06:33:20,https://api.quant-aq.com/v1/devices/MOD-00617/data/618903578
1357.66,793.8,"{'lat': None, 'lon': None}","{'rh': 33.3, 'temp': 23.8, 'wd': 0.0, 'ws': 0.0, 'ws_scalar': 0.0}","{'gas': {'co': 13502, 'co2': 13264, 'no': 13590, 'no2': 13769, 'o3': 13749}, 'pm': {'pm1': 13212, 'pm10': 13214, 'pm25': 13213}}",3.63,28.63,31.89,2.85,25.42,3.17,618901569,33.3,MOD-00617,23.8,2026-02-26T14:32:20,2026-02-26T06:32:20,https://api.quant-aq.com/v1/devices/MOD-00617/data/618901417
1361.09,793.56,"{'lat': None, 'lon': None}","{'rh': 33.1, 'temp': 23.8, 'wd': 0.0, 'ws': 0.0, 'ws_scalar': 0.0}","{'gas': {'co': 13502, 'co2': 13264, 'no': 13590, 'no2': 13769, 'o3': 13749}, 'pm': {'pm1': 13212, 'pm10': 13214, 'pm25': 13213}}",3.6,28.64,31.94,3.09,12.37,3.36,618901567,33.1,MOD-00617,23.8,2026-02-26T14:31:20,2026-02-26T06:31:20,https://api.quant-aq.com/v1/devices/MOD-00617/data/618901416
1357.13,789.94,"{'lat': None, 'lon': None}","{'rh': 32.9, 'temp': 23.8, 'wd': 0.0, 'ws': 0.0, 'ws_scalar': 0.0}","{'gas': {'co': 13502, 'co2': 13264, 'no': 13590, 'no2': 13769, 'o3': 13749}, 'pm': {'pm1': 13212, 'pm10': 13214, 'pm25': 13213}}",3.58,28.41,31.72,2.82,16.89,3.14,618901570,32.9,MOD-00617,23.8,2026-02-26T14:30:20,2026-02-26T06:30:20,https://api.quant-aq.com/v1/devices/MOD-00617/data/618901419
1361.79,786.81,"{'lat': None, 'lon': None}","{'rh': 32.7, 'temp': 23.8, 'wd': 0.0, 'ws': 0.0, 'ws_scalar': 0.0}","{'gas': {'co': 13502, 'co2': 13264, 'no': 13590, 'no2': 13769, 'o3': 13749}, 'pm': {'pm1': 13212, 'pm10': 13214, 'pm25': 13213}}",3.55,28.18,31.51,3.39,16.73,3.64,618901568,32.7,MOD-00617,23.8,2026-02-26T14:29:20,2026-02-26T06:29:20,https://api.quant-aq.com/v1/devices/MOD-00617/data/618901418
1369.66,789.94,"{'lat': None, 'lon': None}","{'rh': 32.6, 'temp': 23.8, 'wd': 0.0, 'ws': 0.0, 'ws_scalar': 0.0}","{'gas': {'co': 13502, 'co2': 13264, 'no': 13590, 'no2': 13769, 'o3': 13749}, 'pm': {'pm1': 13212, 'pm10': 13214, 'pm25': 13213}}",3.54,28.18,31.27,4.58,23.38,4.89,618899367,32.6,MOD-00617,23.8,2026-02-26T14:28:20,2026-02-26T06:28:20,https://api.quant-aq.com/v1/devices/MOD-00617/data/618899216
1371.37,790.67,"{'lat': None, 'lon': None}","{'rh': 32.5, 'temp': 23.8, 'wd': 0.0, 'ws': 0.0, 'ws_scalar': 0.0}","{'gas': {'co': 13502, 'co2': 13264, 'no': 13590, 'no2': 13769, 'o3': 13749}, 'pm': {'pm1': 13212, 'pm10': 13214, 'pm25': 13213}}",3.53,28.9,30.76,3.92,38.31,4.39,618899365,32.5,MOD-00617,23.8,2026-02-26T14:27:20,2026-02-26T06:27:20,https://api.quant-aq.com/v1/devices/MOD-00617/data/618899214
1376.1,781.51,"{'lat': None, 'lon': None}","{'rh': 32.2, 'temp': 23.8, 'wd': 0.0, 'ws': 0.0, 'ws_scalar': 0.0}","{'gas': {'co': 13502, 'co2': 13264, 'no': 13590, 'no2': 13769, 'o3': 13749}, 'pm': {'pm1': 13212, 'pm10': 13214, 'pm25': 13213}}",2.65,27.73,30.85,1.68,12.78,2.0,618899366,32.2,MOD-00617,23.8,2026-02-26T14:26:20,2026-02-26T06:26:20,https://api.quant-aq.com/v1/devices/MOD-00617/data/618899215
1391.89,795.73,"{'lat': None, 'lon': None}","{'rh': 32.5, 'temp': 23.8, 'wd': 0.0, 'ws': 0.0, 'ws_scalar': 0.0}","{'gas': {'co': 13502, 'co2': 13264, 'no': 13590, 'no2': 13769, 'o3': 13749}, 'pm': {'pm1': 13212, 'pm10': 13214, 'pm25': 13213}}",3.52,28.19,30.76,1.73,44.79,1.99,618899364,32.5,MOD-00617,23.8,2026-02-26T14:25:20,2026-02-26T06:25:20,https://api.quant-aq.com/v1/devices/MOD-00617/data/618899213
1391.34,797.41,"{'lat': None, 'lon': None}","{'rh': 32.7, 'temp': 23.8, 'wd': 0.0, 'ws': 0.0, 'ws_scalar': 0.0}","{'gas': {'co': 13502, 'co2': 13264, 'no': 13590, 'no2': 13769, 'o3': 13749}, 'pm': {'pm1': 13212, 'pm10': 13214, 'pm25': 13213}}",3.55,28.89,31.24,1.61,30.97,1.92,618897191,32.7,MOD-00617,23.8,2026-02-26T14:24:20,2026-02-26T06:24:20,https://api.quant-aq.com/v1/devices/MOD-00617/data/618897040
1405.58,792.59,"{'lat': None, 'lon': None}","{'rh': 32.3, 'temp': 23.8, 'wd': 0.0, 'ws': 0.0, 'ws_scalar': 0.0}","{'gas': {'co': 13502, 'co2': 13264, 'no': 13590, 'no2': 13769, 'o3': 13749}, 'pm': {'pm1': 13212, 'pm10': 13214, 'pm25': 13213}}",3.5,28.91,31.09,1.56,2.37,1.78,618897190,32.3,MOD-00617,23.8,2026-02-26T14:23:20,2026-02-26T06:23:20,https://api.quant-aq.com/v1/devices/MOD-00617/data/618897039
1406.14,794.16,"{'lat': None, 'lon': None}","{'rh': 32.1, 'temp': 23.8, 'wd': 0.0, 'ws': 0.0, 'ws_scalar': 0.0}","{'gas': {'co': 13502, 'co2': 13264, 'no': 13590, 'no2': 13769, 'o3': 13749}, 'pm': {'pm1': 13212, 'pm10': 13214, 'pm25': 13213}}",2.64,28.44,30.34,1.52,11.65,1.77,618897188,32.1,MOD-00617,23.8,2026-02-26T14:22:20,2026-02-26T06:22:20,https://api.quant-aq.com/v1/devices/MOD-00617/data/618897038
1407.78,793.44,"{'lat': None, 'lon': None}","{'rh': 32.1, 'temp': 23.8, 'wd': 0.0, 'ws': 0.0, 'ws_scalar': 0.0}","{'gas': {'co': 13502, 'co2': 13264, 'no': 13590, 'no2': 13769, 'o3': 13749}, 'pm': {'pm1': 13212, 'pm10': 13214, 'pm25': 13213}}",2.64,28.44,30.61,1.59,19.0,1.89,618897189,32.1,MOD-00617,23.8,2026-02-26T14:21:20,2026-02-26T06:21:20,https://api.quant-aq.com/v1/devices/MOD-00617/data/618897037
1409.56,796.09,"{'lat': None, 'lon': None}","{'rh': 31.9, 'temp': 23.8, 'wd': 0.0, 'ws': 0.0, 'ws_scalar': 0.0}","{'gas': {'co': 13502, 'co2': 13264, 'no': 13590, 'no2': 13769, 'o3': 13749}, 'pm': {'pm1': 13212, 'pm10': 13214, 'pm25': 13213}}",2.62,28.45,30.93,1.28,4.79,1.4,618895067,31.9,MOD-00617,23.8,2026-02-26T14:20:20,2026-02-26T06:20:20,https://api.quant-aq.com/v1/devices/MOD-00617/data/618894916
1412.03,799.34,"{'lat': None, 'lon': None}","{'rh': 31.9, 'temp': 23.8, 'wd': 0.0, 'ws': 0.0, 'ws_scalar': 0.0}","{'gas': {'co': 13502, 'co2': 13264, 'no': 13590, 'no2': 13769, 'o3': 13749}, 'pm': {'pm1': 13212, 'pm10': 13214, 'pm25': 13213}}",2.62,28.69,30.13,1.27,20.7,1.41,618895066,31.9,MOD-00617,23.8,2026-02-26T14:19:20,2026-02-26T06:19:20,https://api.quant-aq.com/v1/devices/MOD-00617/data/618894913
1425.57,800.3,"{'lat': None, 'lon': None}","{'rh': 31.9, 'temp': 23.8, 'wd': 0.0, 'ws': 0.0, 'ws_scalar': 0.0}","{'gas': {'co': 13502, 'co2': 13264, 'no': 13590, 'no2': 13769, 'o3': 13749}, 'pm': {'pm1': 13212, 'pm10': 13214, 'pm25': 13213}}",2.62,28.45,30.93,1.37,25.35,1.5,618895063,31.9,MOD-00617,23.8,2026-02-26T14:18:20,2026-02-26T06:18:20,https://api.quant-aq.com/v1/devices/MOD-00617/data/618894914
1431.8,801.02,"{'lat': None, 'lon': None}","{'rh': 31.8, 'temp': 23.8, 'wd': 0.0, 'ws': 0.0, 'ws_scalar': 0.0}","{'gas': {'co': 13502, 'co2': 13264, 'no': 13590, 'no2': 13769, 'o3': 13749}, 'pm': {'pm1': 13212, 'pm10': 13214, 'pm25': 13213}}",2.6,28.46,29.89,1.33,9.86,1.46,618895065,31.8,MOD-00617,23.8,2026-02-26T14:17:20,2026-02-26T06:17:20,https://api.quant-aq.com/v1/devices/MOD-00617/data/618894915
1449.86,805.36,"{'lat': None, 'lon': None}","{'rh': 31.8, 'temp': 23.8, 'wd': 0.0, 'ws': 0.0, 'ws_scalar': 0.0}","{'gas': {'co': 13502, 'co2': 13264, 'no': 13590, 'no2': 13769, 'o3': 13749}, 'pm': {'pm1': 13212, 'pm10': 13214, 'pm25': 13213}}",2.6,28.69,30.16,1.32,14.96,1.58,618892932,31.8,MOD-00617,23.8,2026-02-26T14:16:20,2026-02-26T06:16:20,https://api.quant-aq.com/v1/devices/MOD-00617/data/618892781
1467.85,812.11,"{'lat': None, 'lon': None}","{'rh': 31.9, 'temp': 23.8, 'wd': 0.0, 'ws': 0.0, 'ws_scalar': 0.0}","{'gas': {'co': 13502, 'co2': 13264, 'no': 13590, 'no2': 13769, 'o3': 13749}, 'pm': {'pm1': 13212, 'pm10': 13214, 'pm25': 13213}}",2.61,28.92,30.13,0.99,27.94,1.09,618892930,31.9,MOD-00617,23.8,2026-02-26T14:15:20,2026-02-26T06:15:20,https://api.quant-aq.com/v1/devices/MOD-00617/data/618892779
1487.97,816.56,"{'lat': None, 'lon': None}","{'rh': 31.9, 'temp': 23.8, 'wd': 0.0, 'ws': 0.0, 'ws_scalar': 0.0}","{'gas': {'co': 13502, 'co2': 13264, 'no': 13590, 'no2': 13769, 'o3': 13749}, 'pm': {'pm1': 13212, 'pm10': 13214, 'pm25': 13213}}",3.41,28.69,29.87,1.1,2.31,1.23,618892931,31.9,MOD-00617,23.8,2026-02-26T14:14:20,2026-02-26T06:14:20,https://api.quant-aq.com/v1/devices/MOD-00617/data/618892780
1503.09,814.88,"{'lat': None, 'lon': None}","{'rh': 32.0, 'temp': 23.8, 'wd': 0.0, 'ws': 0.0, 'ws_scalar': 0.0}","{'gas': {'co': 13502, 'co2': 13264, 'no': 13590, 'no2': 13769, 'o3': 13749}, 'pm': {'pm1': 13212, 'pm10': 13214, 'pm25': 13213}}",2.62,29.16,30.37,1.12,16.13,1.4,618892933,32.0,MOD-00617,23.8,2026-02-26T14:13:20,2026-02-26T06:13:20,https://api.quant-aq.com/v1/devices/MOD-00617/data/618892782
1501.93,819.69,"{'lat': None, 'lon': None}","{'rh': 31.9, 'temp': 23.8, 'wd': 0.0, 'ws': 0.0, 'ws_scalar': 0.0}","{'gas': {'co': 13502, 'co2': 13264, 'no': 13590, 'no2': 13769, 'o3': 13749}, 'pm': {'pm1': 13212, 'pm10': 13214, 'pm25': 13213}}",3.41,29.16,29.6,1.27,2.62,1.46,618890804,31.9,MOD-00617,23.8,2026-02-26T14:12:20,2026-02-26T06:12:20,https://api.quant-aq.com/v1/devices/MOD-00617/data/618890653
1492.41,815.84,"{'lat': None, 'lon': None}","{'rh': 32.0, 'temp': 23.8, 'wd': 0.0, 'ws': 0.0, 'ws_scalar': 0.0}","{'gas': {'co': 13502, 'co2': 13264, 'no': 13590, 'no2': 13769, 'o3': 13749}, 'pm': {'pm1': 13212, 'pm10': 13214, 'pm25': 13213}}",3.43,29.63,30.1,1.15,4.0,1.35,618890801,32.0,MOD-00617,23.8,2026-02-26T14:11:20,2026-02-26T06:11:20,https://api.quant-aq.com/v1/devices/MOD-00617/data/618890650
1490.36,823.79,"{'lat': None, 'lon': None}","{'rh': 32.0, 'temp': 23.8, 'wd': 0.0, 'ws': 0.0, 'ws_scalar': 0.0}","{'gas': {'co': 13502, 'co2': 13264, 'no': 13590, 'no2': 13769, 'o3': 13749}, 'pm': {'pm1': 13212, 'pm10': 13214, 'pm25': 13213}}",3.43,28.68,30.37,1.29,11.2,1.59,618890803,32.0,MOD-00617,23.8,2026-02-26T14:10:20,2026-02-26T06:10:20,https://api.quant-aq.com/v1/devices/MOD-00617/data/618890652
1491.18,822.95,"{'lat': None, 'lon': None}","{'rh': 32.0, 'temp': 23.8, 'wd': 0.0, 'ws': 0.0, 'ws_scalar': 0.0}","{'gas': {'co': 13502, 'co2': 13264, 'no': 13590, 'no2': 13769, 'o3': 13749}, 'pm': {'pm1': 13212, 'pm10': 13214, 'pm25': 13213}}",3.42,29.16,30.64,1.1,4.5,1.28,618890802,32.0,MOD-00617,23.8,2026-02-26T14:09:20,2026-02-26T06:09:20,https://api.quant-aq.com/v1/devices/MOD-00617/data/618890651
1501.86,821.38,"{'lat': None, 'lon': None}","{'rh': 32.0, 'temp': 23.8, 'wd': 0.0, 'ws': 0.0, 'ws_scalar': 0.0}","{'gas': {'co': 13502, 'co2': 13264, 'no': 13590, 'no2': 13769, 'o3': 13749}, 'pm': {'pm1': 13212, 'pm10': 13214, 'pm25': 13213}}",3.42,28.92,30.37,1.2,9.52,1.6,618888633,32.0,MOD-00617,23.8,2026-02-26T14:08:20,2026-02-26T06:08:20,https://api.quant-aq.com/v1/devices/MOD-00617/data/618888483
1515.81,822.95,"{'lat': None, 'lon': None}","{'rh': 32.0, 'temp': 23.8, 'wd': 0.0, 'ws': 0.0, 'ws_scalar': 0.0}","{'gas': {'co': 13502, 'co2': 13264, 'no': 13590, 'no2': 13769, 'o3': 13749}, 'pm': {'pm1': 13212, 'pm10': 13214, 'pm25': 13213}}",3.42,29.87,30.37,1.16,14.1,1.25,618888637,32.0,MOD-00617,23.8,2026-02-26T14:07:20,2026-02-26T06:07:20,https://api.quant-aq.com/v1/devices/MOD-00617/data/618888485
1524.02,826.32,"{'lat': None, 'lon': None}","{'rh': 32.0, 'temp': 23.8, 'wd': 0.0, 'ws': 0.0, 'ws_scalar': 0.0}","{'gas': {'co': 13502, 'co2': 13264, 'no': 13590, 'no2': 13769, 'o3': 13749}, 'pm': {'pm1': 13212, 'pm10': 13214, 'pm25': 13213}}",3.42,29.16,30.64,1.1,3.6,1.36,618888636,32.0,MOD-00617,23.8,2026-02-26T14:06:20,2026-02-26T06:06:20,https://api.quant-aq.com/v1/devices/MOD-00617/data/618888486
1540.51,823.55,"{'lat': None, 'lon': None}","{'rh': 31.9, 'temp': 23.8, 'wd': 0.0, 'ws': 0.0, 'ws_scalar': 0.0}","{'gas': {'co': 13502, 'co2': 13264, 'no': 13590, 'no2': 13769, 'o3': 13749}, 'pm': {'pm1': 13212, 'pm10': 13214, 'pm25': 13213}}",3.4,29.16,30.13,1.47,5.95,1.72,618888635,31.9,MOD-00617,23.8,2026-02-26T14:05:20,2026-02-26T06:05:20,https://api.quant-aq.com/v1/devices/MOD-00617/data/618888484
1532.79,827.16,"{'lat': None, 'lon': None}","{'rh': 31.8, 'temp': 23.8, 'wd': 0.0, 'ws': 0.0, 'ws_scalar': 0.0}","{'gas': {'co': 13502, 'co2': 13264, 'no': 13590, 'no2': 13769, 'o3': 13749}, 'pm': {'pm1': 13212, 'pm10': 13214, 'pm25': 13213}}",3.34,29.17,30.16,1.55,12.76,1.65,618886522,31.8,MOD-00617,23.8,2026-02-26T14:04:20,2026-02-26T06:04:20,https://api.quant-aq.com/v1/devices/MOD-00617/data/618886371
1531.14,822.46,"{'lat': None, 'lon': None}","{'rh': 31.8, 'temp': 23.8, 'wd': 0.0, 'ws': 0.0, 'ws_scalar': 0.0}","{'gas': {'co': 13502, 'co2': 13264, 'no': 13590, 'no2': 13769, 'o3': 13749}, 'pm': {'pm1': 13212, 'pm10': 13214, 'pm25': 13213}}",2.59,28.93,30.69,1.28,26.98,1.5,618886521,31.8,MOD-00617,23.8,2026-02-26T14:03:20,2026-02-26T06:03:20,https://api.quant-aq.com/v1/devices/MOD-00617/data/618886370
1541.0,830.29,"{'lat': None, 'lon': None}","{'rh': 31.8, 'temp': 23.8, 'wd': 0.0, 'ws': 0.0, 'ws_scalar': 0.0}","{'gas': {'co': 13502, 'co2': 13264, 'no': 13590, 'no2': 13769, 'o3': 13749}, 'pm': {'pm1': 13212, 'pm10': 13214, 'pm25': 13213}}",2.59,28.93,30.16,1.59,23.7,1.78,618886520,31.8,MOD-00617,23.8,2026-02-26T14:02:20,2026-02-26T06:02:20,https://api.quant-aq.com/v1/devices/MOD-00617/data/618886369
1550.37,837.4,"{'lat': None, 'lon': None}","{'rh': 31.9, 'temp': 23.8, 'wd': 0.0, 'ws': 0.0, 'ws_scalar': 0.0}","{'gas': {'co': 13502, 'co2': 13264, 'no': 13590, 'no2': 13769, 'o3': 13749}, 'pm': {'pm1': 13212, 'pm10': 13214, 'pm25': 13213}}",3.4,28.69,30.4,1.56,24.13,1.86,618886519,31.9,MOD-00617,23.8,2026-02-26T14:01:20,2026-02-26T06:01:20,https://api.quant-aq.com/v1/devices/MOD-00617/data/618886368
1561.31,849.93,"{'lat': None, 'lon': None}","{'rh': 32.1, 'temp': 23.8, 'wd': 0.0, 'ws': 0.0, 'ws_scalar': 0.0}","{'gas': {'co': 13502, 'co2': 13264, 'no': 13590, 'no2': 13769, 'o3': 13749}, 'pm': {'pm1': 13212, 'pm10': 13214, 'pm25': 13213}}",3.42,29.39,30.61,2.29,15.57,2.55,618884395,32.1,MOD-00617,23.8,2026-02-26T14:00:20,2026-02-26T06:00:20,https://api.quant-aq.com/v1/devices/MOD-00617/data/618884246
1540.37,854.74,"{'lat': None, 'lon': None}","{'rh': 32.1, 'temp': 23.8, 'wd': 0.0, 'ws': 0.0, 'ws_scalar': 0.0}","{'gas': {'co': 13502, 'co2': 13264, 'no': 13590, 'no2': 13769, 'o3': 13749}, 'pm': {'pm1': 13212, 'pm10': 13214, 'pm25': 13213}}",3.44,28.92,30.87,2.24,26.19,2.44,618884390,32.1,MOD-00617,23.8,2026-02-26T13:59:20,2026-02-26T05:59:20,https://api.quant-aq.com/v1/devices/MOD-00617/data/618884239
1511.23,853.18,"{'lat': None, 'lon': None}","{'rh': 32.1, 'temp': 23.8, 'wd': 0.0, 'ws': 0.0, 'ws_scalar': 0.0}","{'gas': {'co': 13502, 'co2': 13264, 'no': 13590, 'no2': 13769, 'o3': 13749}, 'pm': {'pm1': 13212, 'pm10': 13214, 'pm25': 13213}}",3.44,29.63,30.87,2.6,7.46,2.78,618884389,32.1,MOD-00617,23.8,2026-02-26T13:58:20,2026-02-26T05:58:20,https://api.quant-aq.com/v1/devices/MOD-00617/data/618884238
1492.07,841.01,"{'lat': None, 'lon': None}","{'rh': 31.9, 'temp': 23.8, 'wd': 0.0, 'ws': 0.0, 'ws_scalar': 0.0}","{'gas': {'co': 13502, 'co2': 13264, 'no': 13590, 'no2': 13769, 'o3': 13749}, 'pm': {'pm1': 13212, 'pm10': 13214, 'pm25': 13213}}",2.61,28.92,30.66,2.63,12.6,2.92,618884388,31.9,MOD-00617,23.8,2026-02-26T13:57:20,2026-02-26T05:57:20,https://api.quant-aq.com/v1/devices/MOD-00617/data/618884237
1468.34,830.17,"{'lat': None, 'lon': None}","{'rh': 31.8, 'temp': 23.8, 'wd': 0.0, 'ws': 0.0, 'ws_scalar': 0.0}","{'gas': {'co': 13502, 'co2': 13264, 'no': 13590, 'no2': 13769, 'o3': 13749}, 'pm': {'pm1': 13212, 'pm10': 13214, 'pm25': 13213}}",2.6,28.22,30.43,1.92,4.8,2.13,618882275,31.8,MOD-00617,23.8,2026-02-26T13:56:20,2026-02-26T05:56:20,https://api.quant-aq.com/v1/devices/MOD-00617/data/618882124
1428.18,825.96,"{'lat': None, 'lon': None}","{'rh': 31.7, 'temp': 23.8, 'wd': 0.0, 'ws': 0.0, 'ws_scalar': 0.0}","{'gas': {'co': 13502, 'co2': 13264, 'no': 13590, 'no2': 13769, 'o3': 13749}, 'pm': {'pm1': 13212, 'pm10': 13214, 'pm25': 13213}}",2.55,28.7,30.19,1.92,10.63,2.09,618882273,31.7,MOD-00617,23.8,2026-02-26T13:55:20,2026-02-26T05:55:20,https://api.quant-aq.com/v1/devices/MOD-00617/data/618882123
1408.54,822.71,"{'lat': None, 'lon': None}","{'rh': 31.6, 'temp': 23.8, 'wd': 0.0, 'ws': 0.0, 'ws_scalar': 0.0}","{'gas': {'co': 13502, 'co2': 13264, 'no': 13590, 'no2': 13769, 'o3': 13749}, 'pm': {'pm1': 13212, 'pm10': 13214, 'pm25': 13213}}",2.55,27.99,29.95,1.63,23.94,1.85,618882276,31.6,MOD-00617,23.8,2026-02-26T13:54:20,2026-02-26T05:54:20,https://api.quant-aq.com/v1/devices/MOD-00617/data/618882125
1383.09,818.01,"{'lat': None, 'lon': None}","{'rh': 31.6, 'temp': 23.8, 'wd': 0.0, 'ws': 0.0, 'ws_scalar': 0.0}","{'gas': {'co': 13502, 'co2': 13264, 'no': 13590, 'no2': 13769, 'o3': 13749}, 'pm': {'pm1': 13212, 'pm10': 13214, 'pm25': 13213}}",2.54,28.7,30.22,1.78,11.16,1.87,618882274,31.6,MOD-00617,23.8,2026-02-26T13:53:20,2026-02-26T05:53:20,https://api.quant-aq.com/v1/devices/MOD-00617/data/618882122
1360.59,811.99,"{'lat': None, 'lon': None}","{'rh': 31.5, 'temp': 23.8, 'wd': 0.0, 'ws': 0.0, 'ws_scalar': 0.0}","{'gas': {'co': 13502, 'co2': 13264, 'no': 13590, 'no2': 13769, 'o3': 13749}, 'pm': {'pm1': 13212, 'pm10': 13214, 'pm25': 13213}}",2.54,27.52,29.98,1.35,19.12,1.72,618880148,31.5,MOD-00617,23.8,2026-02-26T13:52:20,2026-02-26T05:52:20,https://api.quant-aq.com/v1/devices/MOD-00617/data/618879998
1351.96,808.85,"{'lat': None, 'lon': None}","{'rh': 31.5, 'temp': 23.8, 'wd': 0.0, 'ws': 0.0, 'ws_scalar': 0.0}","{'gas': {'co': 13502, 'co2': 13264, 'no': 13590, 'no2': 13769, 'o3': 13749}, 'pm': {'pm1': 13212, 'pm10': 13214, 'pm25': 13213}}",2.54,27.76,29.98,1.74,2.49,1.89,618880149,31.5,MOD-00617,23.8,2026-02-26T13:51:20,2026-02-26T05:51:20,https://api.quant-aq.com/v1/devices/MOD-00617/data/618879997
1361.07,810.42,"{'lat': None, 'lon': None}","{'rh': 31.4, 'temp': 23.8, 'wd': 0.0, 'ws': 0.0, 'ws_scalar': 0.0}","{'gas': {'co': 13502, 'co2': 13264, 'no': 13590, 'no2': 13769, 'o3': 13749}, 'pm': {'pm1': 13212, 'pm10': 13214, 'pm25': 13213}}",2.52,27.52,29.74,1.66,16.88,1.89,618880146,31.4,MOD-00617,23.8,2026-02-26T13:50:20,2026-02-26T05:50:20,https://api.quant-aq.com/v1/devices/MOD-00617/data/618879995
1368.05,808.49,"{'lat': None, 'lon': None}","{'rh': 31.4, 'temp': 23.8, 'wd': 0.0, 'ws': 0.0, 'ws_scalar': 0.0}","{'gas': {'co': 13502, 'co2': 13264, 'no': 13590, 'no2': 13769, 'o3': 13749}, 'pm': {'pm1': 13212, 'pm10': 13214, 'pm25': 13213}}",2.52,28.0,29.48,2.02,21.89,2.3,618880147,31.4,MOD-00617,23.8,2026-02-26T13:49:20,2026-02-26T05:49:20,https://api.quant-aq.com/v1/devices/MOD-00617/data/618879996
1369.28,810.06,"{'lat': None, 'lon': None}","{'rh': 31.4, 'temp': 23.8, 'wd': 0.0, 'ws': 0.0, 'ws_scalar': 0.0}","{'gas': {'co': 13502, 'co2': 13264, 'no': 13590, 'no2': 13769, 'o3': 13749}, 'pm': {'pm1': 13212, 'pm10': 13214, 'pm25': 13213}}",2.53,28.24,29.74,1.58,18.12,1.78,618878015,31.4,MOD-00617,23.8,2026-02-26T13:48:20,2026-02-26T05:48:20,https://api.quant-aq.com/v1/devices/MOD-00617/data/618877864
1359.42,809.46,"{'lat': None, 'lon': None}","{'rh': 31.4, 'temp': 23.8, 'wd': 0.0, 'ws': 0.0, 'ws_scalar': 0.0}","{'gas': {'co': 13502, 'co2': 13264, 'no': 13590, 'no2': 13769, 'o3': 13749}, 'pm': {'pm1': 13212, 'pm10': 13214, 'pm25': 13213}}",2.52,27.52,30.01,1.59,9.99,1.84,618878018,31.4,MOD-00617,23.8,2026-02-26T13:47:20,2026-02-26T05:47:20,https://api.quant-aq.com/v1/devices/MOD-00617/data/618877867
1359.84,810.42,"{'lat': None, 'lon': None}","{'rh': 31.4, 'temp': 23.8, 'wd': 0.0, 'ws': 0.0, 'ws_scalar': 0.0}","{'gas': {'co': 13502, 'co2': 13264, 'no': 13590, 'no2': 13769, 'o3': 13749}, 'pm': {'pm1': 13212, 'pm10': 13214, 'pm25': 13213}}",2.53,27.76,30.01,2.1,4.52,2.36,618878017,31.4,MOD-00617,23.8,2026-02-26T13:46:20,2026-02-26T05:46:20,https://api.quant-aq.com/v1/devices/MOD-00617/data/618877866
1357.78,801.87,"{'lat': None, 'lon': None}","{'rh': 31.4, 'temp': 23.8, 'wd': 0.0, 'ws': 0.0, 'ws_scalar': 0.0}","{'gas': {'co': 13502, 'co2': 13264, 'no': 13590, 'no2': 13769, 'o3': 13749}, 'pm': {'pm1': 13212, 'pm10': 13214, 'pm25': 13213}}",2.52,28.0,29.74,2.11,4.53,2.22,618878016,31.4,MOD-00617,23.8,2026-02-26T13:45:20,2026-02-26T05:45:20,https://api.quant-aq.com/v1/devices/MOD-00617/data/618877865
1360.73,798.38,"{'lat': None, 'lon': None}","{'rh': 31.3, 'temp': 23.8, 'wd': 0.0, 'ws': 0.0, 'ws_scalar': 0.0}","{'gas': {'co': 13502, 'co2': 13264, 'no': 13590, 'no2': 13769, 'o3': 13749}, 'pm': {'pm1': 13212, 'pm10': 13214, 'pm25': 13213}}",2.51,27.77,29.77,2.46,8.22,2.58,618875916,31.3,MOD-00617,23.8,2026-02-26T13:44:20,2026-02-26T05:44:20,https://api.quant-aq.com/v1/devices/MOD-00617/data/618875765
1364.42,795.6,"{'lat': None, 'lon': None}","{'rh': 31.3, 'temp': 23.8, 'wd': 0.0, 'ws': 0.0, 'ws_scalar': 0.0}","{'gas': {'co': 13502, 'co2': 13264, 'no': 13590, 'no2': 13769, 'o3': 13749}, 'pm': {'pm1': 13212, 'pm10': 13214, 'pm25': 13213}}",2.51,27.77,30.03,2.12,10.22,2.31,618875914,31.3,MOD-00617,23.8,2026-02-26T13:43:20,2026-02-26T05:43:20,https://api.quant-aq.com/v1/devices/MOD-00617/data/618875763
1359.91,796.09,"{'lat': None, 'lon': None}","{'rh': 31.3, 'temp': 23.8, 'wd': 0.0, 'ws': 0.0, 'ws_scalar': 0.0}","{'gas': {'co': 13502, 'co2': 13264, 'no': 13590, 'no2': 13769, 'o3': 13749}, 'pm': {'pm1': 13212, 'pm10': 13214, 'pm25': 13213}}",2.52,28.0,30.03,1.97,5.74,2.07,618875915,31.3,MOD-00617,23.8,2026-02-26T13:42:20,2026-02-26T05:42:20,https://api.quant-aq.com/v1/devices/MOD-00617/data/618875764
1362.37,796.81,"{'lat': None, 'lon': None}","{'rh': 31.3, 'temp': 23.8, 'wd': 0.0, 'ws': 0.0, 'ws_scalar': 0.0}","{'gas': {'co': 13502, 'co2': 13264, 'no': 13590, 'no2': 13769, 'o3': 13749}, 'pm': {'pm1': 13212, 'pm10': 13214, 'pm25': 13213}}",2.51,27.77,29.77,1.62,4.06,1.76,618875913,31.3,MOD-00617,23.8,2026-02-26T13:41:20,2026-02-26T05:41:20,https://api.quant-aq.com/v1/devices/MOD-00617/data/618875762
1366.06,801.63,"{'lat': None, 'lon': None}","{'rh': 31.3, 'temp': 23.8, 'wd': 0.0, 'ws': 0.0, 'ws_scalar': 0.0}","{'gas': {'co': 13502, 'co2': 13264, 'no': 13590, 'no2': 13769, 'o3': 13749}, 'pm': {'pm1': 13212, 'pm10': 13214, 'pm25': 13213}}",2.51,27.77,29.77,1.26,9.41,1.4,618873762,31.3,MOD-00617,23.8,2026-02-26T13:40:20,2026-02-26T05:40:20,https://api.quant-aq.com/v1/devices/MOD-00617/data/618873611
1374.61,799.7,"{'lat': None, 'lon': None}","{'rh': 31.4, 'temp': 23.8, 'wd': 0.0, 'ws': 0.0, 'ws_scalar': 0.0}","{'gas': {'co': 13502, 'co2': 13264, 'no': 13590, 'no2': 13769, 'o3': 13749}, 'pm': {'pm1': 13212, 'pm10': 13214, 'pm25': 13213}}",2.52,27.76,29.21,0.98,3.39,1.01,618873764,31.4,MOD-00617,23.8,2026-02-26T13:39:20,2026-02-26T05:39:20,https://api.quant-aq.com/v1/devices/MOD-00617/data/618873612
1375.02,802.83,"{'lat': None, 'lon': None}","{'rh': 31.4, 'temp': 23.8, 'wd': 0.0, 'ws': 0.0, 'ws_scalar': 0.0}","{'gas': {'co': 13502, 'co2': 13264, 'no': 13590, 'no2': 13769, 'o3': 13749}, 'pm': {'pm1': 13212, 'pm10': 13214, 'pm25': 13213}}",2.53,28.24,29.74,0.9,3.69,1.05,618873763,31.4,MOD-00617,23.8,2026-02-26T13:38:20,2026-02-26T05:38:20,https://api.quant-aq.com/v1/devices/MOD-00617/data/618873613
1385.29,802.11,"{'lat': None, 'lon': None}","{'rh': 31.4, 'temp': 23.8, 'wd': 0.0, 'ws': 0.0, 'ws_scalar': 0.0}","{'gas': {'co': 13502, 'co2': 13264, 'no': 13590, 'no2': 13769, 'o3': 13749}, 'pm': {'pm1': 13212, 'pm10': 13214, 'pm25': 13213}}",2.53,28.0,29.21,1.14,1.79,1.2,618873761,31.4,MOD-00617,23.8,2026-02-26T13:37:20,2026-02-26T05:37:20,https://api.quant-aq.com/v1/devices/MOD-00617/data/618873610
1384.88,803.43,"{'lat': None, 'lon': None}","{'rh': 31.4, 'temp': 23.8, 'wd': 0.0, 'ws': 0.0, 'ws_scalar': 0.0}","{'gas': {'co': 13502, 'co2': 13264, 'no': 13590, 'no2': 13769, 'o3': 13749}, 'pm': {'pm1': 13212, 'pm10': 13214, 'pm25': 13213}}",2.52,27.76,29.74,1.19,8.74,1.28,618871634,31.4,MOD-00617,23.8,2026-02-26T13:36:20,2026-02-26T05:36:20,https://api.quant-aq.com/v1/devices/MOD-00617/data/618871484
1375.1,796.69,"{'lat': None, 'lon': None}","{'rh': 31.3, 'temp': 23.8, 'wd': 0.0, 'ws': 0.0, 'ws_scalar': 0.0}","{'gas': {'co': 13502, 'co2': 13264, 'no': 13590, 'no2': 13769, 'o3': 13749}, 'pm': {'pm1': 13212, 'pm10': 13214, 'pm25': 13213}}",2.51,28.0,29.77,0.86,23.38,0.99,618871630,31.3,MOD-00617,23.8,2026-02-26T13:35:20,2026-02-26T05:35:20,https://api.quant-aq.com/v1/devices/MOD-00617/data/618871480
1378.38,797.29,"{'lat': None, 'lon': None}","{'rh': 31.3, 'temp': 23.8, 'wd': 0.0, 'ws': 0.0, 'ws_scalar': 0.0}","{'gas': {'co': 13502, 'co2': 13264, 'no': 13590, 'no2': 13769, 'o3': 13749}, 'pm': {'pm1': 13212, 'pm10': 13214, 'pm25': 13213}}",2.51,27.77,29.51,1.05,3.35,1.22,618871628,31.3,MOD-00617,23.8,2026-02-26T13:34:20,2026-02-26T05:34:20,https://api.quant-aq.com/v1/devices/MOD-00617/data/618871478
1381.25,794.16,"{'lat': None, 'lon': None}","{'rh': 31.3, 'temp': 23.8, 'wd': 0.0, 'ws': 0.0, 'ws_scalar': 0.0}","{'gas': {'co': 13502, 'co2': 13264, 'no': 13590, 'no2': 13769, 'o3': 13749}, 'pm': {'pm1': 13212, 'pm10': 13214, 'pm25': 13213}}",2.51,28.24,29.77,0.81,1.02,0.83,618871631,31.3,MOD-00617,23.8,2026-02-26T13:33:20,2026-02-26T05:33:20,https://api.quant-aq.com/v1/devices/MOD-00617/data/618871481
1386.18,796.81,"{'lat': None, 'lon': None}","{'rh': 31.3, 'temp': 23.8, 'wd': 0.0, 'ws': 0.0, 'ws_scalar': 0.0}","{'gas': {'co': 13502, 'co2': 13264, 'no': 13590, 'no2': 13769, 'o3': 13749}, 'pm': {'pm1': 13212, 'pm10': 13214, 'pm25': 13213}}",2.51,28.0,29.24,0.5,1.36,0.58,618871626,31.3,MOD-00617,23.8,2026-02-26T13:32:20,2026-02-26T05:32:20,https://api.quant-aq.com/v1/devices/MOD-00617/data/618871476
1391.1,791.51,"{'lat': None, 'lon': None}","{'rh': 31.3, 'temp': 23.8, 'wd': 0.0, 'ws': 0.0, 'ws_scalar': 0.0}","{'gas': {'co': 13502, 'co2': 13264, 'no': 13590, 'no2': 13769, 'o3': 13749}, 'pm': {'pm1': 13212, 'pm10': 13214, 'pm25': 13213}}",2.51,28.48,29.24,0.85,2.34,1.0,618869022,31.3,MOD-00617,23.8,2026-02-26T13:31:20,2026-02-26T05:31:20,https://api.quant-aq.com/v1/devices/MOD-00617/data/618868871
1385.36,794.04,"{'lat': None, 'lon': None}","{'rh': 31.3, 'temp': 23.8, 'wd': 0.0, 'ws': 0.0, 'ws_scalar': 0.0}","{'gas': {'co': 13502, 'co2': 13264, 'no': 13590, 'no2': 13769, 'o3': 13749}, 'pm': {'pm1': 13212, 'pm10': 13214, 'pm25': 13213}}",2.51,27.77,28.98,0.78,1.05,0.91,618869019,31.3,MOD-00617,23.8,2026-02-26T13:30:20,2026-02-26T05:30:20,https://api.quant-aq.com/v1/devices/MOD-00617/data/618868868
1390.62,793.56,"{'lat': None, 'lon': None}","{'rh': 31.4, 'temp': 23.8, 'wd': 0.0, 'ws': 0.0, 'ws_scalar': 0.0}","{'gas': {'co': 13502, 'co2': 13264, 'no': 13590, 'no2': 13769, 'o3': 13749}, 'pm': {'pm1': 13212, 'pm10': 13214, 'pm25': 13213}}",2.52,27.76,29.48,0.72,1.91,0.8,618869021,31.4,MOD-00617,23.8,2026-02-26T13:29:20,2026-02-26T05:29:20,https://api.quant-aq.com/v1/devices/MOD-00617/data/618868870
1391.03,794.28,"{'lat': None, 'lon': None}","{'rh': 31.4, 'temp': 23.8, 'wd': 0.0, 'ws': 0.0, 'ws_scalar': 0.0}","{'gas': {'co': 13502, 'co2': 13264, 'no': 13590, 'no2': 13769, 'o3': 13749}, 'pm': {'pm1': 13212, 'pm10': 13214, 'pm25': 13213}}",2.52,27.76,29.21,0.69,0.94,0.79,618869020,31.4,MOD-00617,23.8,2026-02-26T13:28:20,2026-02-26T05:28:20,https://api.quant-aq.com/v1/devices/MOD-00617/data/618868869
1393.91,795.12,"{'lat': None, 'lon': None}","{'rh': 31.4, 'temp': 23.8, 'wd': 0.0, 'ws': 0.0, 'ws_scalar': 0.0}","{'gas': {'co': 13502, 'co2': 13264, 'no': 13590, 'no2': 13769, 'o3': 13749}, 'pm': {'pm1': 13212, 'pm10': 13214, 'pm25': 13213}}",2.52,28.24,29.48,0.7,3.25,0.79,618869018,31.4,MOD-00617,23.8,2026-02-26T13:27:20,2026-02-26T05:27:20,https://api.quant-aq.com/v1/devices/MOD-00617/data/618868867
1394.73,794.28,"{'lat': None, 'lon': None}","{'rh': 31.4, 'temp': 23.8, 'wd': 0.0, 'ws': 0.0, 'ws_scalar': 0.0}","{'gas': {'co': 13502, 'co2': 13264, 'no': 13590, 'no2': 13769, 'o3': 13749}, 'pm': {'pm1': 13212, 'pm10': 13214, 'pm25': 13213}}",2.52,28.0,28.95,0.55,1.33,0.62,618866362,31.4,MOD-00617,23.8,2026-02-26T13:26:20,2026-02-26T05:26:20,https://api.quant-aq.com/v1/devices/MOD-00617/data/618866212
1400.14,789.34,"{'lat': None, 'lon': None}","{'rh': 31.3, 'temp': 23.8, 'wd': 0.0, 'ws': 0.0, 'ws_scalar': 0.0}","{'gas': {'co': 13502, 'co2': 13264, 'no': 13590, 'no2': 13769, 'o3': 13749}, 'pm': {'pm1': 13212, 'pm10': 13214, 'pm25': 13213}}",2.51,27.77,28.98,0.8,6.66,0.87,618866361,31.3,MOD-00617,23.8,2026-02-26T13:25:20,2026-02-26T05:25:20,https://api.quant-aq.com/v1/devices/MOD-00617/data/618866210
1388.98,795.0,"{'lat': None, 'lon': None}","{'rh': 31.4, 'temp': 23.8, 'wd': 0.0, 'ws': 0.0, 'ws_scalar': 0.0}","{'gas': {'co': 13502, 'co2': 13264, 'no': 13590, 'no2': 13769, 'o3': 13749}, 'pm': {'pm1': 13212, 'pm10': 13214, 'pm25': 13213}}",2.52,27.76,29.48,0.75,1.4,0.81,618866363,31.4,MOD-00617,23.8,2026-02-26T13:24:20,2026-02-26T05:24:20,https://api.quant-aq.com/v1/devices/MOD-00617/data/618866211
1386.18,794.04,"{'lat': None, 'lon': None}","{'rh': 31.3, 'temp': 23.8, 'wd': 0.0, 'ws': 0.0, 'ws_scalar': 0.0}","{'gas': {'co': 13502, 'co2': 13264, 'no': 13590, 'no2': 13769, 'o3': 13749}, 'pm': {'pm1': 13212, 'pm10': 13214, 'pm25': 13213}}",2.51,27.53,28.98,0.62,11.82,0.8,618866364,31.3,MOD-00617,23.8,2026-02-26T13:23:20,2026-02-26T05:23:20,https://api.quant-aq.com/v1/devices/MOD-00617/data/618866214
1389.05,793.56,"{'lat': None, 'lon': None}","{'rh': 31.3, 'temp': 23.8, 'wd': 0.0, 'ws': 0.0, 'ws_scalar': 0.0}","{'gas': {'co': 13502, 'co2': 13264, 'no': 13590, 'no2': 13769, 'o3': 13749}, 'pm': {'pm1': 13212, 'pm10': 13214, 'pm25': 13213}}",2.51,27.06,29.24,0.46,14.66,0.56,618866365,31.3,MOD-00617,23.8,2026-02-26T13:22:20,2026-02-26T05:22:20,https://api.quant-aq.com/v1/devices/MOD-00617/data/618866213
1382.48,791.87,"{'lat': None, 'lon': None}","{'rh': 31.3, 'temp': 23.8, 'wd': 0.0, 'ws': 0.0, 'ws_scalar': 0.0}","{'gas': {'co': 13502, 'co2': 13264, 'no': 13590, 'no2': 13769, 'o3': 13749}, 'pm': {'pm1': 13212, 'pm10': 13214, 'pm25': 13213}}",2.5,27.29,29.51,0.58,3.11,0.73,618863817,31.3,MOD-00617,23.8,2026-02-26T13:21:20,2026-02-26T05:21:20,https://api.quant-aq.com/v1/devices/MOD-00617/data/618863665
1379.54,801.51,"{'lat': None, 'lon': None}","{'rh': 31.4, 'temp': 23.8, 'wd': 0.0, 'ws': 0.0, 'ws_scalar': 0.0}","{'gas': {'co': 13502, 'co2': 13264, 'no': 13590, 'no2': 13769, 'o3': 13749}, 'pm': {'pm1': 13212, 'pm10': 13214, 'pm25': 13213}}",2.52,26.81,28.95,0.46,0.78,0.54,618863821,31.4,MOD-00617,23.8,2026-02-26T13:20:20,2026-02-26T05:20:20,https://api.quant-aq.com/v1/devices/MOD-00617/data/618863669
1382.0,801.39,"{'lat': None, 'lon': None}","{'rh': 31.4, 'temp': 23.8, 'wd': 0.0, 'ws': 0.0, 'ws_scalar': 0.0}","{'gas': {'co': 13502, 'co2': 13264, 'no': 13590, 'no2': 13769, 'o3': 13749}, 'pm': {'pm1': 13212, 'pm10': 13214, 'pm25': 13213}}",2.52,26.34,29.48,0.5,4.45,0.67,618863819,31.4,MOD-00617,23.8,2026-02-26T13:19:20,2026-02-26T05:19:20,https://api.quant-aq.com/v1/devices/MOD-00617/data/618863671
1376.67,800.42,"{'lat': None, 'lon': None}","{'rh': 31.4, 'temp': 23.8, 'wd': 0.0, 'ws': 0.0, 'ws_scalar': 0.0}","{'gas': {'co': 13502, 'co2': 13264, 'no': 13590, 'no2': 13769, 'o3': 13749}, 'pm': {'pm1': 13212, 'pm10': 13214, 'pm25': 13213}}",2.52,26.34,29.21,0.36,14.08,0.4,618863823,31.4,MOD-00617,23.8,2026-02-26T13:18:20,2026-02-26T05:18:20,https://api.quant-aq.com/v1/devices/MOD-00617/data/618863672
1377.9,798.86,"{'lat': None, 'lon': None}","{'rh': 31.4, 'temp': 23.8, 'wd': 0.0, 'ws': 0.0, 'ws_scalar': 0.0}","{'gas': {'co': 13502, 'co2': 13264, 'no': 13590, 'no2': 13769, 'o3': 13749}, 'pm': {'pm1': 13212, 'pm10': 13214, 'pm25': 13213}}",2.52,26.58,29.21,0.59,1.14,0.71,618863816,31.4,MOD-00617,23.8,2026-02-26T13:17:20,2026-02-26T05:17:20,https://api.quant-aq.com/v1/devices/MOD-00617/data/618863666
1365.58,798.5,"{'lat': None, 'lon': None}","{'rh': 31.4, 'temp': 23.8, 'wd': 0.0, 'ws': 0.0, 'ws_scalar': 0.0}","{'gas': {'co': 13502, 'co2': 13264, 'no': 13590, 'no2': 13769, 'o3': 13749}, 'pm': {'pm1': 13212, 'pm10': 13214, 'pm25': 13213}}",2.52,26.34,29.48,0.47,2.07,0.65,618861141,31.4,MOD-00617,23.8,2026-02-26T13:16:20,2026-02-26T05:16:20,https://api.quant-aq.com/v1/devices/MOD-00617/data/618860990
1360.25,798.25,"{'lat': None, 'lon': None}","{'rh': 31.4, 'temp': 23.8, 'wd': 0.0, 'ws': 0.0, 'ws_scalar': 0.0}","{'gas': {'co': 13502, 'co2': 13264, 'no': 13590, 'no2': 13769, 'o3': 13749}, 'pm': {'pm1': 13212, 'pm10': 13214, 'pm25': 13213}}",2.52,25.87,29.48,0.49,0.93,0.62,618861142,31.4,MOD-00617,23.8,2026-02-26T13:15:20,2026-02-26T05:15:20,https://api.quant-aq.com/v1/devices/MOD-00617/data/618860991
1359.42,796.81,"{'lat': None, 'lon': None}","{'rh': 31.4, 'temp': 23.8, 'wd': 0.0, 'ws': 0.0, 'ws_scalar': 0.0}","{'gas': {'co': 13502, 'co2': 13264, 'no': 13590, 'no2': 13769, 'o3': 13749}, 'pm': {'pm1': 13212, 'pm10': 13214, 'pm25': 13213}}",2.52,26.1,29.48,0.54,8.08,0.69,618861143,31.4,MOD-00617,23.8,2026-02-26T13:14:20,2026-02-26T05:14:20,https://api.quant-aq.com/v1/devices/MOD-00617/data/618860992
1352.11,792.35,"{'lat': None, 'lon': None}","{'rh': 31.3, 'temp': 23.8, 'wd': 0.0, 'ws': 0.0, 'ws_scalar': 0.0}","{'gas': {'co': 13502, 'co2': 13264, 'no': 13590, 'no2': 13769, 'o3': 13749}, 'pm': {'pm1': 13212, 'pm10': 13214, 'pm25': 13213}}",2.51,26.11,30.03,0.65,4.82,0.85,618861140,31.3,MOD-00617,23.8,2026-02-26T13:13:20,2026-02-26T05:13:20,https://api.quant-aq.com/v1/devices/MOD-00617/data/618860989
1341.02,795.24,"{'lat': None, 'lon': None}","{'rh': 31.3, 'temp': 23.8, 'wd': 0.0, 'ws': 0.0, 'ws_scalar': 0.0}","{'gas': {'co': 13502, 'co2': 13264, 'no': 13590, 'no2': 13769, 'o3': 13749}, 'pm': {'pm1': 13212, 'pm10': 13214, 'pm25': 13213}}",2.51,25.4,29.77,0.39,15.54,0.58,618859036,31.3,MOD-00617,23.8,2026-02-26T13:12:20,2026-02-26T05:12:20,https://api.quant-aq.com/v1/devices/MOD-00617/data/618858885
1333.22,791.51,"{'lat': None, 'lon': None}","{'rh': 31.3, 'temp': 23.8, 'wd': 0.0, 'ws': 0.0, 'ws_scalar': 0.0}","{'gas': {'co': 13502, 'co2': 13264, 'no': 13590, 'no2': 13769, 'o3': 13749}, 'pm': {'pm1': 13212, 'pm10': 13214, 'pm25': 13213}}",2.52,25.87,29.51,0.35,4.32,0.53,618859037,31.3,MOD-00617,23.8,2026-02-26T13:11:20,2026-02-26T05:11:20,https://api.quant-aq.com/v1/devices/MOD-00617/data/618858886
1328.71,793.44,"{'lat': None, 'lon': None}","{'rh': 31.3, 'temp': 23.8, 'wd': 0.0, 'ws': 0.0, 'ws_scalar': 0.0}","{'gas': {'co': 13502, 'co2': 13264, 'no': 13590, 'no2': 13769, 'o3': 13749}, 'pm': {'pm1': 13212, 'pm10': 13214, 'pm25': 13213}}",2.51,25.16,29.77,0.62,14.04,0.88,618859038,31.3,MOD-00617,23.8,2026-02-26T13:10:20,2026-02-26T05:10:20,https://api.quant-aq.com/v1/devices/MOD-00617/data/618858888
1317.14,791.27,"{'lat': None, 'lon': None}","{'rh': 31.4, 'temp': 23.8, 'wd': 0.0, 'ws': 0.0, 'ws_scalar': 0.0}","{'gas': {'co': 13502, 'co2': 13264, 'no': 13590, 'no2': 13769, 'o3': 13749}, 'pm': {'pm1': 13212, 'pm10': 13214, 'pm25': 13213}}",2.53,26.1,29.48,0.46,9.45,0.54,618859039,31.4,MOD-00617,23.8,2026-02-26T13:09:20,2026-02-26T05:09:20,https://api.quant-aq.com/v1/devices/MOD-00617/data/618858887
1303.26,792.35,"{'lat': None, 'lon': None}","{'rh': 31.3, 'temp': 23.8, 'wd': 0.0, 'ws': 0.0, 'ws_scalar': 0.0}","{'gas': {'co': 13502, 'co2': 13264, 'no': 13590, 'no2': 13769, 'o3': 13749}, 'pm': {'pm1': 13212, 'pm10': 13214, 'pm25': 13213}}",2.51,25.16,30.3,0.52,4.55,0.69,618856925,31.3,MOD-00617,23.8,2026-02-26T13:08:20,2026-02-26T05:08:20,https://api.quant-aq.com/v1/devices/MOD-00617/data/618856774
1291.69,797.65,"{'lat': None, 'lon': None}","{'rh': 31.4, 'temp': 23.8, 'wd': 0.0, 'ws': 0.0, 'ws_scalar': 0.0}","{'gas': {'co': 13502, 'co2': 13264, 'no': 13590, 'no2': 13769, 'o3': 13749}, 'pm': {'pm1': 13212, 'pm10': 13214, 'pm25': 13213}}",2.52,25.87,29.21,0.43,4.45,0.54,618856924,31.4,MOD-00617,23.8,2026-02-26T13:07:20,2026-02-26T05:07:20,https://api.quant-aq.com/v1/devices/MOD-00617/data/618856773
1287.18,795.97,"{'lat': None, 'lon': None}","{'rh': 31.4, 'temp': 23.8, 'wd': 0.0, 'ws': 0.0, 'ws_scalar': 0.0}","{'gas': {'co': 13502, 'co2': 13264, 'no': 13590, 'no2': 13769, 'o3': 13749}, 'pm': {'pm1': 13212, 'pm10': 13214, 'pm25': 13213}}",2.52,25.39,29.74,0.37,3.44,0.43,618856927,31.4,MOD-00617,23.8,2026-02-26T13:06:20,2026-02-26T05:06:20,https://api.quant-aq.com/v1/devices/MOD-00617/data/618856776
1272.47,790.31,"{'lat': None, 'lon': None}","{'rh': 31.3, 'temp': 23.8, 'wd': 0.0, 'ws': 0.0, 'ws_scalar': 0.0}","{'gas': {'co': 13502, 'co2': 13264, 'no': 13590, 'no2': 13769, 'o3': 13749}, 'pm': {'pm1': 13212, 'pm10': 13214, 'pm25': 13213}}",2.51,25.4,29.51,0.41,2.7,0.45,618856926,31.3,MOD-00617,23.8,2026-02-26T13:05:20,2026-02-26T05:05:20,https://api.quant-aq.com/v1/devices/MOD-00617/data/618856775
1253.58,791.99,"{'lat': None, 'lon': None}","{'rh': 31.3, 'temp': 23.8, 'wd': 0.0, 'ws': 0.0, 'ws_scalar': 0.0}","{'gas': {'co': 13502, 'co2': 13264, 'no': 13590, 'no2': 13769, 'o3': 13749}, 'pm': {'pm1': 13212, 'pm10': 13214, 'pm25': 13213}}",2.51,25.16,30.3,0.44,3.67,0.5,618856923,31.3,MOD-00617,23.8,2026-02-26T13:04:20,2026-02-26T05:04:20,https://api.quant-aq.com/v1/devices/MOD-00617/data/618856772
1245.37,790.67,"{'lat': None, 'lon': None}","{'rh': 31.3, 'temp': 23.8, 'wd': 0.0, 'ws': 0.0, 'ws_scalar': 0.0}","{'gas': {'co': 13502, 'co2': 13264, 'no': 13590, 'no2': 13769, 'o3': 13749}, 'pm': {'pm1': 13212, 'pm10': 13214, 'pm25': 13213}}",2.51,25.63,29.51,0.48,3.24,0.49,618854323,31.3,MOD-00617,23.8,2026-02-26T13:03:20,2026-02-26T05:03:20,https://api.quant-aq.com/v1/devices/MOD-00617/data/618854172
1235.11,792.11,"{'lat': None, 'lon': None}","{'rh': 31.3, 'temp': 23.8, 'wd': 0.0, 'ws': 0.0, 'ws_scalar': 0.0}","{'gas': {'co': 13502, 'co2': 13264, 'no': 13590, 'no2': 13769, 'o3': 13749}, 'pm': {'pm1': 13212, 'pm10': 13214, 'pm25': 13213}}",2.51,25.4,29.24,0.37,0.96,0.42,618854322,31.3,MOD-00617,23.8,2026-02-26T13:02:20,2026-02-26T05:02:20,https://api.quant-aq.com/v1/devices/MOD-00617/data/618854171
1232.24,789.34,"{'lat': None, 'lon': None}","{'rh': 31.3, 'temp': 23.8, 'wd': 0.0, 'ws': 0.0, 'ws_scalar': 0.0}","{'gas': {'co': 13502, 'co2': 13264, 'no': 13590, 'no2': 13769, 'o3': 13749}, 'pm': {'pm1': 13212, 'pm10': 13214, 'pm25': 13213}}",2.51,25.87,30.3,0.49,2.53,0.54,618854320,31.3,MOD-00617,23.8,2026-02-26T13:01:20,2026-02-26T05:01:20,https://api.quant-aq.com/v1/devices/MOD-00617/data/618854170
1218.69,792.96,"{'lat': None, 'lon': None}","{'rh': 31.3, 'temp': 23.8, 'wd': 0.0, 'ws': 0.0, 'ws_scalar': 0.0}","{'gas': {'co': 13502, 'co2': 13264, 'no': 13590, 'no2': 13769, 'o3': 13749}, 'pm': {'pm1': 13212, 'pm10': 13214, 'pm25': 13213}}",2.51,24.69,29.77,0.42,0.55,0.5,618854319,31.3,MOD-00617,23.8,2026-02-26T13:00:20,2026-02-26T05:00:20,https://api.quant-aq.com/v1/devices/MOD-00617/data/618854169
1212.53,791.87,"{'lat': None, 'lon': None}","{'rh': 31.3, 'temp': 23.8, 'wd': 0.0, 'ws': 0.0, 'ws_scalar': 0.0}","{'gas': {'co': 13502, 'co2': 13264, 'no': 13590, 'no2': 13769, 'o3': 13749}, 'pm': {'pm1': 13212, 'pm10': 13214, 'pm25': 13213}}",2.51,25.87,29.51,0.47,6.55,0.55,618854316,31.3,MOD-00617,23.8,2026-02-26T12:59:20,2026-02-26T04:59:20,https://api.quant-aq.com/v1/devices/MOD-00617/data/618854166
1210.48,794.76,"{'lat': None, 'lon': None}","{'rh': 31.3, 'temp': 23.8, 'wd': 0.0, 'ws': 0.0, 'ws_scalar': 0.0}","{'gas': {'co': 13502, 'co2': 13264, 'no': 13590, 'no2': 13769, 'o3': 13749}, 'pm': {'pm1': 13212, 'pm10': 13214, 'pm25': 13213}}",2.51,25.87,29.77,0.45,4.57,0.48,618851704,31.3,MOD-00617,23.8,2026-02-26T12:58:20,2026-02-26T04:58:20,https://api.quant-aq.com/v1/devices/MOD-00617/data/618851553
1211.3,789.22,"{'lat': None, 'lon': None}","{'rh': 31.3, 'temp': 23.8, 'wd': 0.0, 'ws': 0.0, 'ws_scalar': 0.0}","{'gas': {'co': 13502, 'co2': 13264, 'no': 13590, 'no2': 13769, 'o3': 13749}, 'pm': {'pm1': 13212, 'pm10': 13214, 'pm25': 13213}}",2.51,25.4,30.3,0.46,5.99,0.53,618851705,31.3,MOD-00617,23.8,2026-02-26T12:57:20,2026-02-26T04:57:20,https://api.quant-aq.com/v1/devices/MOD-00617/data/618851554
1207.2,794.04,"{'lat': None, 'lon': None}","{'rh': 31.3, 'temp': 23.8, 'wd': 0.0, 'ws': 0.0, 'ws_scalar': 0.0}","{'gas': {'co': 13502, 'co2': 13264, 'no': 13590, 'no2': 13769, 'o3': 13749}, 'pm': {'pm1': 13212, 'pm10': 13214, 'pm25': 13213}}",2.51,24.92,30.03,0.35,2.74,0.44,618851702,31.3,MOD-00617,23.8,2026-02-26T12:56:20,2026-02-26T04:56:20,https://api.quant-aq.com/v1/devices/MOD-00617/data/618851552
1209.66,787.66,"{'lat': None, 'lon': None}","{'rh': 31.3, 'temp': 23.8, 'wd': 0.0, 'ws': 0.0, 'ws_scalar': 0.0}","{'gas': {'co': 13502, 'co2': 13264, 'no': 13590, 'no2': 13769, 'o3': 13749}, 'pm': {'pm1': 13212, 'pm10': 13214, 'pm25': 13213}}",2.51,25.87,29.51,0.52,1.25,0.61,618851703,31.3,MOD-00617,23.8,2026-02-26T12:55:20,2026-02-26T04:55:20,https://api.quant-aq.com/v1/devices/MOD-00617/data/618851551
1208.5,781.39,"{'lat': None, 'lon': None}","{'rh': 31.2, 'temp': 23.8, 'wd': 0.0, 'ws': 0.0, 'ws_scalar': 0.0}","{'gas': {'co': 13502, 'co2': 13264, 'no': 13590, 'no2': 13769, 'o3': 13749}, 'pm': {'pm1': 13212, 'pm10': 13214, 'pm25': 13213}}",2.49,25.64,29.8,0.33,6.81,0.38,618851701,31.2,MOD-00617,23.8,2026-02-26T12:54:20,2026-02-26T04:54:20,https://api.quant-aq.com/v1/devices/MOD-00617/data/618851550
1210.62,782.72,"{'lat': None, 'lon': None}","{'rh': 31.1, 'temp': 23.8, 'wd': 0.0, 'ws': 0.0, 'ws_scalar': 0.0}","{'gas': {'co': 13502, 'co2': 13264, 'no': 13590, 'no2': 13769, 'o3': 13749}, 'pm': {'pm1': 13212, 'pm10': 13214, 'pm25': 13213}}",2.39,24.7,29.83,0.24,0.35,0.3,618849134,31.1,MOD-00617,23.8,2026-02-26T12:53:20,2026-02-26T04:53:20,https://api.quant-aq.com/v1/devices/MOD-00617/data/618848982
1210.14,783.32,"{'lat': None, 'lon': None}","{'rh': 31.2, 'temp': 23.8, 'wd': 0.0, 'ws': 0.0, 'ws_scalar': 0.0}","{'gas': {'co': 13502, 'co2': 13264, 'no': 13590, 'no2': 13769, 'o3': 13749}, 'pm': {'pm1': 13212, 'pm10': 13214, 'pm25': 13213}}",2.5,26.11,29.53,0.48,3.39,0.58,618849133,31.2,MOD-00617,23.8,2026-02-26T12:52:20,2026-02-26T04:52:20,https://api.quant-aq.com/v1/devices/MOD-00617/data/618848983
1206.93,783.32,"{'lat': None, 'lon': None}","{'rh': 31.1, 'temp': 23.8, 'wd': 0.0, 'ws': 0.0, 'ws_scalar': 0.0}","{'gas': {'co': 13502, 'co2': 13264, 'no': 13590, 'no2': 13769, 'o3': 13749}, 'pm': {'pm1': 13212, 'pm10': 13214, 'pm25': 13213}}",2.39,25.64,29.83,0.73,1.26,0.89,618849130,31.1,MOD-00617,23.8,2026-02-26T12:51:20,2026-02-26T04:51:20,https://api.quant-aq.com/v1/devices/MOD-00617/data/618848979
1209.8,782.36,"{'lat': None, 'lon': None}","{'rh': 31.1, 'temp': 23.8, 'wd': 0.0, 'ws': 0.0, 'ws_scalar': 0.0}","{'gas': {'co': 13502, 'co2': 13264, 'no': 13590, 'no2': 13769, 'o3': 13749}, 'pm': {'pm1': 13212, 'pm10': 13214, 'pm25': 13213}}",2.4,24.93,29.56,0.56,3.18,0.63,618849131,31.1,MOD-00617,23.8,2026-02-26T12:50:20,2026-02-26T04:50:20,https://api.quant-aq.com/v1/devices/MOD-00617/data/618848980
1215.55,784.4,"{'lat': None, 'lon': None}","{'rh': 31.1, 'temp': 23.8, 'wd': 0.0, 'ws': 0.0, 'ws_scalar': 0.0}","{'gas': {'co': 13502, 'co2': 13264, 'no': 13590, 'no2': 13769, 'o3': 13749}, 'pm': {'pm1': 13212, 'pm10': 13214, 'pm25': 13213}}",2.39,25.64,29.83,0.79,8.93,0.81,618849132,31.1,MOD-00617,23.8,2026-02-26T12:49:20,2026-02-26T04:49:20,https://api.quant-aq.com/v1/devices/MOD-00617/data/618848981
1212.27,786.93,"{'lat': None, 'lon': None}","{'rh': 31.1, 'temp': 23.8, 'wd': 0.0, 'ws': 0.0, 'ws_scalar': 0.0}","{'gas': {'co': 13502, 'co2': 13264, 'no': 13590, 'no2': 13769, 'o3': 13749}, 'pm': {'pm1': 13212, 'pm10': 13214, 'pm25': 13213}}",2.39,25.17,30.09,0.45,8.96,0.55,618846490,31.1,MOD-00617,23.8,2026-02-26T12:48:20,2026-02-26T04:48:20,https://api.quant-aq.com/v1/devices/MOD-00617/data/618846339
1215.14,788.14,"{'lat': None, 'lon': None}","{'rh': 31.1, 'temp': 23.8, 'wd': 0.0, 'ws': 0.0, 'ws_scalar': 0.0}","{'gas': {'co': 13502, 'co2': 13264, 'no': 13590, 'no2': 13769, 'o3': 13749}, 'pm': {'pm1': 13212, 'pm10': 13214, 'pm25': 13213}}",2.39,26.35,29.56,0.42,8.13,0.43,618846488,31.1,MOD-00617,23.8,2026-02-26T12:47:20,2026-02-26T04:47:20,https://api.quant-aq.com/v1/devices/MOD-00617/data/618846337
1212.27,786.33,"{'lat': None, 'lon': None}","{'rh': 31.1, 'temp': 23.8, 'wd': 0.0, 'ws': 0.0, 'ws_scalar': 0.0}","{'gas': {'co': 13502, 'co2': 13264, 'no': 13590, 'no2': 13769, 'o3': 13749}, 'pm': {'pm1': 13212, 'pm10': 13214, 'pm25': 13213}}",2.39,25.41,30.35,0.48,7.09,0.54,618846489,31.1,MOD-00617,23.8,2026-02-26T12:46:20,2026-02-26T04:46:20,https://api.quant-aq.com/v1/devices/MOD-00617/data/618846338
1211.85,785.97,"{'lat': None, 'lon': None}","{'rh': 31.1, 'temp': 23.8, 'wd': 0.0, 'ws': 0.0, 'ws_scalar': 0.0}","{'gas': {'co': 13502, 'co2': 13264, 'no': 13590, 'no2': 13769, 'o3': 13749}, 'pm': {'pm1': 13212, 'pm10': 13214, 'pm25': 13213}}",2.39,25.88,29.56,0.55,1.76,0.71,618846487,31.1,MOD-00617,23.8,2026-02-26T12:45:20,2026-02-26T04:45:20,https://api.quant-aq.com/v1/devices/MOD-00617/data/618846336
1222.94,789.34,"{'lat': None, 'lon': None}","{'rh': 31.1, 'temp': 23.8, 'wd': 0.0, 'ws': 0.0, 'ws_scalar': 0.0}","{'gas': {'co': 13502, 'co2': 13264, 'no': 13590, 'no2': 13769, 'o3': 13749}, 'pm': {'pm1': 13212, 'pm10': 13214, 'pm25': 13213}}",2.39,25.41,30.09,0.7,7.95,0.87,618844414,31.1,MOD-00617,23.8,2026-02-26T12:44:20,2026-02-26T04:44:20,https://api.quant-aq.com/v1/devices/MOD-00617/data/618844264
1218.01,787.53,"{'lat': None, 'lon': None}","{'rh': 31.1, 'temp': 23.8, 'wd': 0.0, 'ws': 0.0, 'ws_scalar': 0.0}","{'gas': {'co': 13502, 'co2': 13264, 'no': 13590, 'no2': 13769, 'o3': 13749}, 'pm': {'pm1': 13212, 'pm10': 13214, 'pm25': 13213}}",2.39,25.88,30.09,0.42,2.53,0.56,618844415,31.1,MOD-00617,23.8,2026-02-26T12:43:20,2026-02-26T04:43:20,https://api.quant-aq.com/v1/devices/MOD-00617/data/618844263
1222.53,793.32,"{'lat': None, 'lon': None}","{'rh': 31.1, 'temp': 23.8, 'wd': 0.0, 'ws': 0.0, 'ws_scalar': 0.0}","{'gas': {'co': 13502, 'co2': 13264, 'no': 13590, 'no2': 13769, 'o3': 13749}, 'pm': {'pm1': 13212, 'pm10': 13214, 'pm25': 13213}}",2.39,25.88,30.35,0.68,11.66,0.85,618844413,31.1,MOD-00617,23.8,2026-02-26T12:42:20,2026-02-26T04:42:20,https://api.quant-aq.com/v1/devices/MOD-00617/data/618844262
1219.65,787.78,"{'lat': None, 'lon': None}","{'rh': 31.1, 'temp': 23.8, 'wd': 0.0, 'ws': 0.0, 'ws_scalar': 0.0}","{'gas': {'co': 13502, 'co2': 13264, 'no': 13590, 'no2': 13769, 'o3': 13749}, 'pm': {'pm1': 13212, 'pm10': 13214, 'pm25': 13213}}",2.39,25.88,30.35,0.48,6.58,0.66,618844411,31.1,MOD-00617,23.8,2026-02-26T12:41:20,2026-02-26T04:41:20,https://api.quant-aq.com/v1/devices/MOD-00617/data/618844260
1211.85,789.94,"{'lat': None, 'lon': None}","{'rh': 31.1, 'temp': 23.8, 'wd': 0.0, 'ws': 0.0, 'ws_scalar': 0.0}","{'gas': {'co': 13502, 'co2': 13264, 'no': 13590, 'no2': 13769, 'o3': 13749}, 'pm': {'pm1': 13212, 'pm10': 13214, 'pm25': 13213}}",2.39,25.64,30.09,0.43,9.77,0.57,618842366,31.1,MOD-00617,23.8,2026-02-26T12:40:20,2026-02-26T04:40:20,https://api.quant-aq.com/v1/devices/MOD-00617/data/618842215
1220.48,787.41,"{'lat': None, 'lon': None}","{'rh': 31.1, 'temp': 23.8, 'wd': 0.0, 'ws': 0.0, 'ws_scalar': 0.0}","{'gas': {'co': 13502, 'co2': 13264, 'no': 13590, 'no2': 13769, 'o3': 13749}, 'pm': {'pm1': 13212, 'pm10': 13214, 'pm25': 13213}}",2.39,25.64,29.3,0.38,11.09,0.47,618842368,31.1,MOD-00617,23.8,2026-02-26T12:39:20,2026-02-26T04:39:20,https://api.quant-aq.com/v1/devices/MOD-00617/data/618842218
1215.14,787.17,"{'lat': None, 'lon': None}","{'rh': 31.1, 'temp': 23.8, 'wd': 0.0, 'ws': 0.0, 'ws_scalar': 0.0}","{'gas': {'co': 13502, 'co2': 13264, 'no': 13590, 'no2': 13769, 'o3': 13749}, 'pm': {'pm1': 13212, 'pm10': 13214, 'pm25': 13213}}",2.39,26.35,30.35,0.5,1.39,0.58,618842369,31.1,MOD-00617,23.8,2026-02-26T12:38:20,2026-02-26T04:38:20,https://api.quant-aq.com/v1/devices/MOD-00617/data/618842217
1219.24,788.98,"{'lat': None, 'lon': None}","{'rh': 31.1, 'temp': 23.8, 'wd': 0.0, 'ws': 0.0, 'ws_scalar': 0.0}","{'gas': {'co': 13502, 'co2': 13264, 'no': 13590, 'no2': 13769, 'o3': 13749}, 'pm': {'pm1': 13212, 'pm10': 13214, 'pm25': 13213}}",2.39,26.12,30.09,0.59,0.96,0.72,618842367,31.1,MOD-00617,23.8,2026-02-26T12:37:20,2026-02-26T04:37:20,https://api.quant-aq.com/v1/devices/MOD-00617/data/618842216
1224.51,787.41,"{'lat': None, 'lon': None}","{'rh': 31.2, 'temp': 23.8, 'wd': 0.0, 'ws': 0.0, 'ws_scalar': 0.0}","{'gas': {'co': 13502, 'co2': 13264, 'no': 13590, 'no2': 13769, 'o3': 13749}, 'pm': {'pm1': 13212, 'pm10': 13214, 'pm25': 13213}}",2.49,26.59,30.06,0.72,4.63,0.76,618840310,31.2,MOD-00617,23.8,2026-02-26T12:36:20,2026-02-26T04:36:20,https://api.quant-aq.com/v1/devices/MOD-00617/data/618840159
1225.33,793.8,"{'lat': None, 'lon': None}","{'rh': 31.2, 'temp': 23.8, 'wd': 0.0, 'ws': 0.0, 'ws_scalar': 0.0}","{'gas': {'co': 13502, 'co2': 13264, 'no': 13590, 'no2': 13769, 'o3': 13749}, 'pm': {'pm1': 13212, 'pm10': 13214, 'pm25': 13213}}",2.49,26.35,30.06,0.54,0.62,0.57,618840311,31.2,MOD-00617,23.8,2026-02-26T12:35:20,2026-02-26T04:35:20,https://api.quant-aq.com/v1/devices/MOD-00617/data/618840160
1227.38,790.43,"{'lat': None, 'lon': None}","{'rh': 31.2, 'temp': 23.8, 'wd': 0.0, 'ws': 0.0, 'ws_scalar': 0.0}","{'gas': {'co': 13502, 'co2': 13264, 'no': 13590, 'no2': 13769, 'o3': 13749}, 'pm': {'pm1': 13212, 'pm10': 13214, 'pm25': 13213}}",2.49,26.59,30.33,0.51,3.53,0.52,618840309,31.2,MOD-00617,23.8,2026-02-26T12:34:20,2026-02-26T04:34:20,https://api.quant-aq.com/v1/devices/MOD-00617/data/618840158
1233.2,785.49,"{'lat': None, 'lon': None}","{'rh': 31.1, 'temp': 23.8, 'wd': 0.0, 'ws': 0.0, 'ws_scalar': 0.0}","{'gas': {'co': 13502, 'co2': 13264, 'no': 13590, 'no2': 13769, 'o3': 13749}, 'pm': {'pm1': 13212, 'pm10': 13214, 'pm25': 13213}}",2.39,26.83,30.09,0.59,2.58,0.65,618840308,31.1,MOD-00617,23.8,2026-02-26T12:33:20,2026-02-26T04:33:20,https://api.quant-aq.com/v1/devices/MOD-00617/data/618840157
1241.82,784.89,"{'lat': None, 'lon': None}","{'rh': 31.1, 'temp': 23.8, 'wd': 0.0, 'ws': 0.0, 'ws_scalar': 0.0}","{'gas': {'co': 13502, 'co2': 13264, 'no': 13590, 'no2': 13769, 'o3': 13749}, 'pm': {'pm1': 13212, 'pm10': 13214, 'pm25': 13213}}",2.39,26.35,30.09,0.65,1.19,0.66,618840307,31.1,MOD-00617,23.8,2026-02-26T12:32:20,2026-02-26T04:32:20,https://api.quant-aq.com/v1/devices/MOD-00617/data/618840156
1247.98,782.6,"{'lat': None, 'lon': None}","{'rh': 31.1, 'temp': 23.8, 'wd': 0.0, 'ws': 0.0, 'ws_scalar': 0.0}","{'gas': {'co': 13502, 'co2': 13264, 'no': 13590, 'no2': 13769, 'o3': 13749}, 'pm': {'pm1': 13212, 'pm10': 13214, 'pm25': 13213}}",2.39,26.35,29.56,0.71,0.79,0.79,618837690,31.1,MOD-00617,23.8,2026-02-26T12:31:20,2026-02-26T04:31:20,https://api.quant-aq.com/v1/devices/MOD-00617/data/618837538
1231.56,783.68,"{'lat': None, 'lon': None}","{'rh': 31.1, 'temp': 23.8, 'wd': 0.0, 'ws': 0.0, 'ws_scalar': 0.0}","{'gas': {'co': 13502, 'co2': 13264, 'no': 13590, 'no2': 13769, 'o3': 13749}, 'pm': {'pm1': 13212, 'pm10': 13214, 'pm25': 13213}}",2.38,27.3,30.35,0.62,1.23,0.71,618837691,31.1,MOD-00617,23.8,2026-02-26T12:30:20,2026-02-26T04:30:20,https://api.quant-aq.com/v1/devices/MOD-00617/data/618837540
1232.86,780.79,"{'lat': None, 'lon': None}","{'rh': 31.0, 'temp': 23.8, 'wd': 0.0, 'ws': 0.0, 'ws_scalar': 0.0}","{'gas': {'co': 13502, 'co2': 13264, 'no': 13590, 'no2': 13769, 'o3': 13749}, 'pm': {'pm1': 13212, 'pm10': 13214, 'pm25': 13213}}",2.38,26.83,29.85,0.71,1.18,0.79,618837692,31.0,MOD-00617,23.8,2026-02-26T12:29:20,2026-02-26T04:29:20,https://api.quant-aq.com/v1/devices/MOD-00617/data/618837541
1242.3,782.12,"{'lat': None, 'lon': None}","{'rh': 31.0, 'temp': 23.8, 'wd': 0.0, 'ws': 0.0, 'ws_scalar': 0.0}","{'gas': {'co': 13502, 'co2': 13264, 'no': 13590, 'no2': 13769, 'o3': 13749}, 'pm': {'pm1': 13212, 'pm10': 13214, 'pm25': 13213}}",2.38,26.83,30.38,1.07,3.44,1.11,618837689,31.0,MOD-00617,23.8,2026-02-26T12:28:20,2026-02-26T04:28:20,https://api.quant-aq.com/v1/devices/MOD-00617/data/618837539
1234.09,782.36,"{'lat': None, 'lon': None}","{'rh': 31.0, 'temp': 23.8, 'wd': 0.0, 'ws': 0.0, 'ws_scalar': 0.0}","{'gas': {'co': 13502, 'co2': 13264, 'no': 13590, 'no2': 13769, 'o3': 13749}, 'pm': {'pm1': 13212, 'pm10': 13214, 'pm25': 13213}}",2.38,26.83,30.38,0.67,0.82,0.73,618837688,31.0,MOD-00617,23.8,2026-02-26T12:27:20,2026-02-26T04:27:20,https://api.quant-aq.com/v1/devices/MOD-00617/data/618837537
1237.72,783.8,"{'lat': None, 'lon': None}","{'rh': 31.1, 'temp': 23.8, 'wd': 0.0, 'ws': 0.0, 'ws_scalar': 0.0}","{'gas': {'co': 13502, 'co2': 13264, 'no': 13590, 'no2': 13769, 'o3': 13749}, 'pm': {'pm1': 13212, 'pm10': 13214, 'pm25': 13213}}",2.38,26.35,30.09,0.59,1.04,0.59,618835060,31.1,MOD-00617,23.8,2026-02-26T12:26:20,2026-02-26T04:26:20,https://api.quant-aq.com/v1/devices/MOD-00617/data/618834910
1237.31,783.44,"{'lat': None, 'lon': None}","{'rh': 31.1, 'temp': 23.8, 'wd': 0.0, 'ws': 0.0, 'ws_scalar': 0.0}","{'gas': {'co': 13502, 'co2': 13264, 'no': 13590, 'no2': 13769, 'o3': 13749}, 'pm': {'pm1': 13212, 'pm10': 13214, 'pm25': 13213}}",2.38,27.3,30.09,0.79,0.86,0.82,618835058,31.1,MOD-00617,23.8,2026-02-26T12:25:20,2026-02-26T04:25:20,https://api.quant-aq.com/v1/devices/MOD-00617/data/618834907
1238.13,785.97,"{'lat': None, 'lon': None}","{'rh': 31.1, 'temp': 23.8, 'wd': 0.0, 'ws': 0.0, 'ws_scalar': 0.0}","{'gas': {'co': 13502, 'co2': 13264, 'no': 13590, 'no2': 13769, 'o3': 13749}, 'pm': {'pm1': 13212, 'pm10': 13214, 'pm25': 13213}}",2.38,28.01,30.09,0.7,2.58,0.7,618835061,31.1,MOD-00617,23.8,2026-02-26T12:24:20,2026-02-26T04:24:20,https://api.quant-aq.com/v1/devices/MOD-00617/data/618834909
1233.61,783.32,"{'lat': None, 'lon': None}","{'rh': 31.1, 'temp': 23.8, 'wd': 0.0, 'ws': 0.0, 'ws_scalar': 0.0}","{'gas': {'co': 13502, 'co2': 13264, 'no': 13590, 'no2': 13769, 'o3': 13749}, 'pm': {'pm1': 13212, 'pm10': 13214, 'pm25': 13213}}",2.38,27.54,30.09,0.57,0.57,0.57,618835057,31.1,MOD-00617,23.8,2026-02-26T12:23:20,2026-02-26T04:23:20,https://api.quant-aq.com/v1/devices/MOD-00617/data/618834906
1232.38,788.74,"{'lat': None, 'lon': None}","{'rh': 31.1, 'temp': 23.8, 'wd': 0.0, 'ws': 0.0, 'ws_scalar': 0.0}","{'gas': {'co': 13502, 'co2': 13264, 'no': 13590, 'no2': 13769, 'o3': 13749}, 'pm': {'pm1': 13212, 'pm10': 13214, 'pm25': 13213}}",2.38,27.54,29.83,0.52,0.6,0.55,618835059,31.1,MOD-00617,23.8,2026-02-26T12:22:20,2026-02-26T04:22:20,https://api.quant-aq.com/v1/devices/MOD-00617/data/618834908
1235.25,787.53,"{'lat': None, 'lon': None}","{'rh': 31.1, 'temp': 23.8, 'wd': 0.0, 'ws': 0.0, 'ws_scalar': 0.0}","{'gas': {'co': 13502, 'co2': 13264, 'no': 13590, 'no2': 13769, 'o3': 13749}, 'pm': {'pm1': 13212, 'pm10': 13214, 'pm25': 13213}}",2.38,28.01,29.83,0.58,6.48,0.62,618832491,31.1,MOD-00617,23.8,2026-02-26T12:21:20,2026-02-26T04:21:20,https://api.quant-aq.com/v1/devices/MOD-00617/data/618832340
1234.43,788.5,"{'lat': None, 'lon': None}","{'rh': 31.1, 'temp': 23.8, 'wd': 0.0, 'ws': 0.0, 'ws_scalar': 0.0}","{'gas': {'co': 13502, 'co2': 13264, 'no': 13590, 'no2': 13769, 'o3': 13749}, 'pm': {'pm1': 13212, 'pm10': 13214, 'pm25': 13213}}",2.38,27.77,30.09,0.46,0.48,0.48,618832490,31.1,MOD-00617,23.8,2026-02-26T12:20:20,2026-02-26T04:20:20,https://api.quant-aq.com/v1/devices/MOD-00617/data/618832339
1236.0,788.5,"{'lat': None, 'lon': None}","{'rh': 31.2, 'temp': 23.8, 'wd': 0.0, 'ws': 0.0, 'ws_scalar': 0.0}","{'gas': {'co': 13502, 'co2': 13264, 'no': 13590, 'no2': 13769, 'o3': 13749}, 'pm': {'pm1': 13212, 'pm10': 13214, 'pm25': 13213}}",2.48,28.01,30.33,0.7,0.72,0.72,618832493,31.2,MOD-00617,23.8,2026-02-26T12:19:20,2026-02-26T04:19:20,https://api.quant-aq.com/v1/devices/MOD-00617/data/618832343
1233.2,785.85,"{'lat': None, 'lon': None}","{'rh': 31.1, 'temp': 23.8, 'wd': 0.0, 'ws': 0.0, 'ws_scalar': 0.0}","{'gas': {'co': 13502, 'co2': 13264, 'no': 13590, 'no2': 13769, 'o3': 13749}, 'pm': {'pm1': 13212, 'pm10': 13214, 'pm25': 13213}}",2.38,28.25,30.09,0.59,0.66,0.61,618832492,31.1,MOD-00617,23.8,2026-02-26T12:18:20,2026-02-26T04:18:20,https://api.quant-aq.com/v1/devices/MOD-00617/data/618832341
1229.51,785.97,"{'lat': None, 'lon': None}","{'rh': 31.1, 'temp': 23.8, 'wd': 0.0, 'ws': 0.0, 'ws_scalar': 0.0}","{'gas': {'co': 13502, 'co2': 13264, 'no': 13590, 'no2': 13769, 'o3': 13749}, 'pm': {'pm1': 13212, 'pm10': 13214, 'pm25': 13213}}",2.38,28.01,29.83,0.52,1.14,0.56,618832494,31.1,MOD-00617,23.8,2026-02-26T12:17:20,2026-02-26T04:17:20,https://api.quant-aq.com/v1/devices/MOD-00617/data/618832342
1233.61,783.68,"{'lat': None, 'lon': None}","{'rh': 31.1, 'temp': 23.8, 'wd': 0.0, 'ws': 0.0, 'ws_scalar': 0.0}","{'gas': {'co': 13502, 'co2': 13264, 'no': 13590, 'no2': 13769, 'o3': 13749}, 'pm': {'pm1': 13212, 'pm10': 13214, 'pm25': 13213}}",2.37,27.77,30.35,0.68,1.22,0.69,618829870,31.1,MOD-00617,23.8,2026-02-26T12:16:20,2026-02-26T04:16:20,https://api.quant-aq.com/v1/devices/MOD-00617/data/618829719
1233.2,787.17,"{'lat': None, 'lon': None}","{'rh': 31.1, 'temp': 23.8, 'wd': 0.0, 'ws': 0.0, 'ws_scalar': 0.0}","{'gas': {'co': 13502, 'co2': 13264, 'no': 13590, 'no2': 13769, 'o3': 13749}, 'pm': {'pm1': 13212, 'pm10': 13214, 'pm25': 13213}}",2.38,28.48,30.09,0.63,0.63,0.63,618829873,31.1,MOD-00617,23.8,2026-02-26T12:15:20,2026-02-26T04:15:20,https://api.quant-aq.com/v1/devices/MOD-00617/data/618829721
1236.49,788.62,"{'lat': None, 'lon': None}","{'rh': 31.1, 'temp': 23.8, 'wd': 0.0, 'ws': 0.0, 'ws_scalar': 0.0}","{'gas': {'co': 13502, 'co2': 13264, 'no': 13590, 'no2': 13769, 'o3': 13749}, 'pm': {'pm1': 13212, 'pm10': 13214, 'pm25': 13213}}",2.38,29.43,29.56,0.5,0.77,0.53,618829869,31.1,MOD-00617,23.8,2026-02-26T12:14:20,2026-02-26T04:14:20,https://api.quant-aq.com/v1/devices/MOD-00617/data/618829718
1235.07,790.67,"{'lat': None, 'lon': None}","{'rh': 31.2, 'temp': 23.7, 'wd': 0.0, 'ws': 0.0, 'ws_scalar': 0.0}","{'gas': {'co': 13502, 'co2': 13264, 'no': 13590, 'no2': 13769, 'o3': 13749}, 'pm': {'pm1': 13212, 'pm10': 13214, 'pm25': 13213}}",2.49,28.0,30.31,0.53,0.57,0.57,618829871,31.2,MOD-00617,23.7,2026-02-26T12:13:20,2026-02-26T04:13:20,https://api.quant-aq.com/v1/devices/MOD-00617/data/618829720
1233.95,789.46,"{'lat': None, 'lon': None}","{'rh': 31.2, 'temp': 23.8, 'wd': 0.0, 'ws': 0.0, 'ws_scalar': 0.0}","{'gas': {'co': 13502, 'co2': 13264, 'no': 13590, 'no2': 13769, 'o3': 13749}, 'pm': {'pm1': 13212, 'pm10': 13214, 'pm25': 13213}}",2.48,28.72,30.06,0.79,0.94,0.84,618829872,31.2,MOD-00617,23.8,2026-02-26T12:12:20,2026-02-26T04:12:20,https://api.quant-aq.com/v1/devices/MOD-00617/data/618829722
1237.31,791.39,"{'lat': None, 'lon': None}","{'rh': 31.1, 'temp': 23.8, 'wd': 0.0, 'ws': 0.0, 'ws_scalar': 0.0}","{'gas': {'co': 13502, 'co2': 13264, 'no': 13590, 'no2': 13769, 'o3': 13749}, 'pm': {'pm1': 13212, 'pm10': 13214, 'pm25': 13213}}",2.38,28.48,29.56,0.69,6.03,0.74,618827306,31.1,MOD-00617,23.8,2026-02-26T12:11:20,2026-02-26T04:11:20,https://api.quant-aq.com/v1/devices/MOD-00617/data/618827155
1236.49,791.39,"{'lat': None, 'lon': None}","{'rh': 31.1, 'temp': 23.8, 'wd': 0.0, 'ws': 0.0, 'ws_scalar': 0.0}","{'gas': {'co': 13502, 'co2': 13264, 'no': 13590, 'no2': 13769, 'o3': 13749}, 'pm': {'pm1': 13212, 'pm10': 13214, 'pm25': 13213}}",2.37,28.48,30.09,0.59,0.61,0.61,618827305,31.1,MOD-00617,23.8,2026-02-26T12:10:20,2026-02-26T04:10:20,https://api.quant-aq.com/v1/devices/MOD-00617/data/618827154
1236.49,788.74,"{'lat': None, 'lon': None}","{'rh': 31.1, 'temp': 23.8, 'wd': 0.0, 'ws': 0.0, 'ws_scalar': 0.0}","{'gas': {'co': 13502, 'co2': 13264, 'no': 13590, 'no2': 13769, 'o3': 13749}, 'pm': {'pm1': 13212, 'pm10': 13214, 'pm25': 13213}}",2.38,28.96,29.83,0.69,0.75,0.75,618827309,31.1,MOD-00617,23.8,2026-02-26T12:09:20,2026-02-26T04:09:20,https://api.quant-aq.com/v1/devices/MOD-00617/data/618827158
1236.9,785.85,"{'lat': None, 'lon': None}","{'rh': 31.1, 'temp': 23.8, 'wd': 0.0, 'ws': 0.0, 'ws_scalar': 0.0}","{'gas': {'co': 13502, 'co2': 13264, 'no': 13590, 'no2': 13769, 'o3': 13749}, 'pm': {'pm1': 13212, 'pm10': 13214, 'pm25': 13213}}",2.38,28.72,29.56,0.68,2.84,0.75,618827308,31.1,MOD-00617,23.8,2026-02-26T12:08:20,2026-02-26T04:08:20,https://api.quant-aq.com/v1/devices/MOD-00617/data/618827157
1239.36,782.48,"{'lat': None, 'lon': None}","{'rh': 31.1, 'temp': 23.8, 'wd': 0.0, 'ws': 0.0, 'ws_scalar': 0.0}","{'gas': {'co': 13502, 'co2': 13264, 'no': 13590, 'no2': 13769, 'o3': 13749}, 'pm': {'pm1': 13212, 'pm10': 13214, 'pm25': 13213}}",2.38,28.48,29.56,0.44,10.74,0.48,618827307,31.1,MOD-00617,23.8,2026-02-26T12:07:20,2026-02-26T04:07:20,https://api.quant-aq.com/v1/devices/MOD-00617/data/618827156
1246.75,782.84,"{'lat': None, 'lon': None}","{'rh': 31.1, 'temp': 23.8, 'wd': 0.0, 'ws': 0.0, 'ws_scalar': 0.0}","{'gas': {'co': 13502, 'co2': 13264, 'no': 13590, 'no2': 13769, 'o3': 13749}, 'pm': {'pm1': 13212, 'pm10': 13214, 'pm25': 13213}}",2.38,28.72,29.3,0.57,0.65,0.6,618824722,31.1,MOD-00617,23.8,2026-02-26T12:06:20,2026-02-26T04:06:20,https://api.quant-aq.com/v1/devices/MOD-00617/data/618824571
1244.7,789.46,"{'lat': None, 'lon': None}","{'rh': 31.1, 'temp': 23.8, 'wd': 0.0, 'ws': 0.0, 'ws_scalar': 0.0}","{'gas': {'co': 13502, 'co2': 13264, 'no': 13590, 'no2': 13769, 'o3': 13749}, 'pm': {'pm1': 13212, 'pm10': 13214, 'pm25': 13213}}",2.38,28.96,29.3,0.62,1.19,0.66,618824720,31.1,MOD-00617,23.8,2026-02-26T12:05:20,2026-02-26T04:05:20,https://api.quant-aq.com/v1/devices/MOD-00617/data/618824569
1242.23,789.22,"{'lat': None, 'lon': None}","{'rh': 31.1, 'temp': 23.8, 'wd': 0.0, 'ws': 0.0, 'ws_scalar': 0.0}","{'gas': {'co': 13502, 'co2': 13264, 'no': 13590, 'no2': 13769, 'o3': 13749}, 'pm': {'pm1': 13212, 'pm10': 13214, 'pm25': 13213}}",2.38,28.96,29.56,0.49,4.28,0.52,618824721,31.1,MOD-00617,23.8,2026-02-26T12:04:20,2026-02-26T04:04:20,https://api.quant-aq.com/v1/devices/MOD-00617/data/618824570
1248.39,790.55,"{'lat': None, 'lon': None}","{'rh': 31.1, 'temp': 23.8, 'wd': 0.0, 'ws': 0.0, 'ws_scalar': 0.0}","{'gas': {'co': 13502, 'co2': 13264, 'no': 13590, 'no2': 13769, 'o3': 13749}, 'pm': {'pm1': 13212, 'pm10': 13214, 'pm25': 13213}}",2.39,28.72,29.56,0.53,0.63,0.58,618824719,31.1,MOD-00617,23.8,2026-02-26T12:03:20,2026-02-26T04:03:20,https://api.quant-aq.com/v1/devices/MOD-00617/data/618824568
1251.26,785.01,"{'lat': None, 'lon': None}","{'rh': 31.1, 'temp': 23.8, 'wd': 0.0, 'ws': 0.0, 'ws_scalar': 0.0}","{'gas': {'co': 13502, 'co2': 13264, 'no': 13590, 'no2': 13769, 'o3': 13749}, 'pm': {'pm1': 13212, 'pm10': 13214, 'pm25': 13213}}",2.39,29.2,29.3,0.56,0.56,0.56,618824718,31.1,MOD-00617,23.8,2026-02-26T12:02:20,2026-02-26T04:02:20,https://api.quant-aq.com/v1/devices/MOD-00617/data/618824567
1254.14,785.37,"{'lat': None, 'lon': None}","{'rh': 31.1, 'temp': 23.8, 'wd': 0.0, 'ws': 0.0, 'ws_scalar': 0.0}","{'gas': {'co': 13502, 'co2': 13264, 'no': 13590, 'no2': 13769, 'o3': 13749}, 'pm': {'pm1': 13212, 'pm10': 13214, 'pm25': 13213}}",2.39,28.25,29.56,0.57,0.57,0.57,618822123,31.1,MOD-00617,23.8,2026-02-26T12:01:20,2026-02-26T04:01:20,https://api.quant-aq.com/v1/devices/MOD-00617/data/618821973
1246.34,783.8,"{'lat': None, 'lon': None}","{'rh': 31.1, 'temp': 23.8, 'wd': 0.0, 'ws': 0.0, 'ws_scalar': 0.0}","{'gas': {'co': 13502, 'co2': 13264, 'no': 13590, 'no2': 13769, 'o3': 13749}, 'pm': {'pm1': 13212, 'pm10': 13214, 'pm25': 13213}}",2.39,28.48,29.03,0.64,0.67,0.67,618822121,31.1,MOD-00617,23.8,2026-02-26T12:00:20,2026-02-26T04:00:20,https://api.quant-aq.com/v1/devices/MOD-00617/data/618821972
1245.18,783.56,"{'lat': None, 'lon': None}","{'rh': 31.0, 'temp': 23.8, 'wd': 0.0, 'ws': 0.0, 'ws_scalar': 0.0}","{'gas': {'co': 13502, 'co2': 13264, 'no': 13590, 'no2': 13769, 'o3': 13749}, 'pm': {'pm1': 13212, 'pm10': 13214, 'pm25': 13213}}",2.39,28.73,29.85,0.42,0.5,0.45,618822119,31.0,MOD-00617,23.8,2026-02-26T11:59:20,2026-02-26T03:59:20,https://api.quant-aq.com/v1/devices/MOD-00617/data/618821968
1251.74,784.64,"{'lat': None, 'lon': None}","{'rh': 31.0, 'temp': 23.8, 'wd': 0.0, 'ws': 0.0, 'ws_scalar': 0.0}","{'gas': {'co': 13502, 'co2': 13264, 'no': 13590, 'no2': 13769, 'o3': 13749}, 'pm': {'pm1': 13212, 'pm10': 13214, 'pm25': 13213}}",2.39,28.73,29.33,0.58,1.36,0.63,618822117,31.0,MOD-00617,23.8,2026-02-26T11:58:20,2026-02-26T03:58:20,https://api.quant-aq.com/v1/devices/MOD-00617/data/618821966
1256.67,782.6,"{'lat': None, 'lon': None}","{'rh': 31.0, 'temp': 23.8, 'wd': 0.0, 'ws': 0.0, 'ws_scalar': 0.0}","{'gas': {'co': 13502, 'co2': 13264, 'no': 13590, 'no2': 13769, 'o3': 13749}, 'pm': {'pm1': 13212, 'pm10': 13214, 'pm25': 13213}}",2.4,28.02,29.85,0.51,1.0,0.52,618822116,31.0,MOD-00617,23.8,2026-02-26T11:57:20,2026-02-26T03:57:20,https://api.quant-aq.com/v1/devices/MOD-00617/data/618821965
1259.13,785.25,"{'lat': None, 'lon': None}","{'rh': 31.0, 'temp': 23.8, 'wd': 0.0, 'ws': 0.0, 'ws_scalar': 0.0}","{'gas': {'co': 13502, 'co2': 13264, 'no': 13590, 'no2': 13769, 'o3': 13749}, 'pm': {'pm1': 13212, 'pm10': 13214, 'pm25': 13213}}",2.4,27.78,29.06,0.41,0.61,0.42,618819492,31.0,MOD-00617,23.8,2026-02-26T11:56:20,2026-02-26T03:56:20,https://api.quant-aq.com/v1/devices/MOD-00617/data/618819341
1264.88,787.29,"{'lat': None, 'lon': None}","{'rh': 31.0, 'temp': 23.8, 'wd': 0.0, 'ws': 0.0, 'ws_scalar': 0.0}","{'gas': {'co': 13502, 'co2': 13264, 'no': 13590, 'no2': 13769, 'o3': 13749}, 'pm': {'pm1': 13212, 'pm10': 13214, 'pm25': 13213}}",2.4,28.25,29.59,0.44,0.99,0.47,618819491,31.0,MOD-00617,23.8,2026-02-26T11:55:20,2026-02-26T03:55:20,https://api.quant-aq.com/v1/devices/MOD-00617/data/618819340
1270.63,789.58,"{'lat': None, 'lon': None}","{'rh': 31.0, 'temp': 23.8, 'wd': 0.0, 'ws': 0.0, 'ws_scalar': 0.0}","{'gas': {'co': 13502, 'co2': 13264, 'no': 13590, 'no2': 13769, 'o3': 13749}, 'pm': {'pm1': 13212, 'pm10': 13214, 'pm25': 13213}}",2.4,27.78,29.85,0.6,0.62,0.62,618819490,31.0,MOD-00617,23.8,2026-02-26T11:54:20,2026-02-26T03:54:20,https://api.quant-aq.com/v1/devices/MOD-00617/data/618819339
1280.07,786.69,"{'lat': None, 'lon': None}","{'rh': 31.0, 'temp': 23.8, 'wd': 0.0, 'ws': 0.0, 'ws_scalar': 0.0}","{'gas': {'co': 13502, 'co2': 13264, 'no': 13590, 'no2': 13769, 'o3': 13749}, 'pm': {'pm1': 13212, 'pm10': 13214, 'pm25': 13213}}",2.41,27.54,30.12,0.52,0.55,0.55,618819486,31.0,MOD-00617,23.8,2026-02-26T11:53:20,2026-02-26T03:53:20,https://api.quant-aq.com/v1/devices/MOD-00617/data/618819335
1274.73,787.17,"{'lat': None, 'lon': None}","{'rh': 31.0, 'temp': 23.8, 'wd': 0.0, 'ws': 0.0, 'ws_scalar': 0.0}","{'gas': {'co': 13502, 'co2': 13264, 'no': 13590, 'no2': 13769, 'o3': 13749}, 'pm': {'pm1': 13212, 'pm10': 13214, 'pm25': 13213}}",2.4,27.3,29.85,0.48,0.49,0.49,618819484,31.0,MOD-00617,23.8,2026-02-26T11:52:20,2026-02-26T03:52:20,https://api.quant-aq.com/v1/devices/MOD-00617/data/618819334
1273.43,788.26,"{'lat': None, 'lon': None}","{'rh': 31.1, 'temp': 23.8, 'wd': 0.0, 'ws': 0.0, 'ws_scalar': 0.0}","{'gas': {'co': 13502, 'co2': 13264, 'no': 13590, 'no2': 13769, 'o3': 13749}, 'pm': {'pm1': 13212, 'pm10': 13214, 'pm25': 13213}}",2.4,27.77,29.83,0.47,0.51,0.51,618816925,31.1,MOD-00617,23.8,2026-02-26T11:51:20,2026-02-26T03:51:20,https://api.quant-aq.com/v1/devices/MOD-00617/data/618816774
1278.84,787.17,"{'lat': None, 'lon': None}","{'rh': 31.0, 'temp': 23.8, 'wd': 0.0, 'ws': 0.0, 'ws_scalar': 0.0}","{'gas': {'co': 13502, 'co2': 13264, 'no': 13590, 'no2': 13769, 'o3': 13749}, 'pm': {'pm1': 13212, 'pm10': 13214, 'pm25': 13213}}",2.4,27.54,30.12,0.48,1.24,0.5,618816926,31.0,MOD-00617,23.8,2026-02-26T11:50:20,2026-02-26T03:50:20,https://api.quant-aq.com/v1/devices/MOD-00617/data/618816775
1277.2,784.04,"{'lat': None, 'lon': None}","{'rh': 31.0, 'temp': 23.8, 'wd': 0.0, 'ws': 0.0, 'ws_scalar': 0.0}","{'gas': {'co': 13502, 'co2': 13264, 'no': 13590, 'no2': 13769, 'o3': 13749}, 'pm': {'pm1': 13212, 'pm10': 13214, 'pm25': 13213}}",2.4,27.54,29.85,0.5,0.94,0.54,618816924,31.0,MOD-00617,23.8,2026-02-26T11:49:20,2026-02-26T03:49:20,https://api.quant-aq.com/v1/devices/MOD-00617/data/618816773
1277.95,788.26,"{'lat': None, 'lon': None}","{'rh': 31.1, 'temp': 23.8, 'wd': 0.0, 'ws': 0.0, 'ws_scalar': 0.0}","{'gas': {'co': 13502, 'co2': 13264, 'no': 13590, 'no2': 13769, 'o3': 13749}, 'pm': {'pm1': 13212, 'pm10': 13214, 'pm25': 13213}}",2.41,27.3,30.35,0.52,0.96,0.55,618816927,31.1,MOD-00617,23.8,2026-02-26T11:48:20,2026-02-26T03:48:20,https://api.quant-aq.com/v1/devices/MOD-00617/data/618816776
1285.75,791.63,"{'lat': None, 'lon': None}","{'rh': 31.1, 'temp': 23.8, 'wd': 0.0, 'ws': 0.0, 'ws_scalar': 0.0}","{'gas': {'co': 13502, 'co2': 13264, 'no': 13590, 'no2': 13769, 'o3': 13749}, 'pm': {'pm1': 13212, 'pm10': 13214, 'pm25': 13213}}",2.41,27.77,29.56,0.4,0.42,0.42,618816928,31.1,MOD-00617,23.8,2026-02-26T11:47:20,2026-02-26T03:47:20,https://api.quant-aq.com/v1/devices/MOD-00617/data/618816777
1291.49,793.32,"{'lat': None, 'lon': None}","{'rh': 31.1, 'temp': 23.8, 'wd': 0.0, 'ws': 0.0, 'ws_scalar': 0.0}","{'gas': {'co': 13502, 'co2': 13264, 'no': 13590, 'no2': 13769, 'o3': 13749}, 'pm': {'pm1': 13212, 'pm10': 13214, 'pm25': 13213}}",2.4,27.3,30.09,0.61,0.64,0.64,618814348,31.1,MOD-00617,23.8,2026-02-26T11:46:20,2026-02-26T03:46:20,https://api.quant-aq.com/v1/devices/MOD-00617/data/618814197
1292.31,793.92,"{'lat': None, 'lon': None}","{'rh': 31.1, 'temp': 23.8, 'wd': 0.0, 'ws': 0.0, 'ws_scalar': 0.0}","{'gas': {'co': 13502, 'co2': 13264, 'no': 13590, 'no2': 13769, 'o3': 13749}, 'pm': {'pm1': 13212, 'pm10': 13214, 'pm25': 13213}}",2.4,28.01,30.62,0.37,0.64,0.41,618814351,31.1,MOD-00617,23.8,2026-02-26T11:45:20,2026-02-26T03:45:20,https://api.quant-aq.com/v1/devices/MOD-00617/data/618814200
1298.81,796.21,"{'lat': None, 'lon': None}","{'rh': 31.2, 'temp': 23.8, 'wd': 0.0, 'ws': 0.0, 'ws_scalar': 0.0}","{'gas': {'co': 13502, 'co2': 13264, 'no': 13590, 'no2': 13769, 'o3': 13749}, 'pm': {'pm1': 13212, 'pm10': 13214, 'pm25': 13213}}",2.51,28.01,30.33,0.55,1.1,0.63,618814347,31.2,MOD-00617,23.8,2026-02-26T11:44:20,2026-02-26T03:44:20,https://api.quant-aq.com/v1/devices/MOD-00617/data/618814196
1304.97,795.85,"{'lat': None, 'lon': None}","{'rh': 31.2, 'temp': 23.8, 'wd': 0.0, 'ws': 0.0, 'ws_scalar': 0.0}","{'gas': {'co': 13502, 'co2': 13264, 'no': 13590, 'no2': 13769, 'o3': 13749}, 'pm': {'pm1': 13212, 'pm10': 13214, 'pm25': 13213}}",2.51,27.53,30.06,0.6,0.66,0.66,618814349,31.2,MOD-00617,23.8,2026-02-26T11:43:20,2026-02-26T03:43:20,https://api.quant-aq.com/v1/devices/MOD-00617/data/618814198
1323.03,797.89,"{'lat': None, 'lon': None}","{'rh': 31.2, 'temp': 23.8, 'wd': 0.0, 'ws': 0.0, 'ws_scalar': 0.0}","{'gas': {'co': 13502, 'co2': 13264, 'no': 13590, 'no2': 13769, 'o3': 13749}, 'pm': {'pm1': 13212, 'pm10': 13214, 'pm25': 13213}}",2.5,28.01,29.8,0.72,0.73,0.73,618814350,31.2,MOD-00617,23.8,2026-02-26T11:42:20,2026-02-26T03:42:20,https://api.quant-aq.com/v1/devices/MOD-00617/data/618814199
1327.14,795.12,"{'lat': None, 'lon': None}","{'rh': 31.2, 'temp': 23.8, 'wd': 0.0, 'ws': 0.0, 'ws_scalar': 0.0}","{'gas': {'co': 13502, 'co2': 13264, 'no': 13590, 'no2': 13769, 'o3': 13749}, 'pm': {'pm1': 13212, 'pm10': 13214, 'pm25': 13213}}",2.51,28.01,29.8,0.73,0.81,0.76,618811780,31.2,MOD-00617,23.8,2026-02-26T11:41:20,2026-02-26T03:41:20,https://api.quant-aq.com/v1/devices/MOD-00617/data/618811629
1335.76,794.64,"{'lat': None, 'lon': None}","{'rh': 31.2, 'temp': 23.8, 'wd': 0.0, 'ws': 0.0, 'ws_scalar': 0.0}","{'gas': {'co': 13502, 'co2': 13264, 'no': 13590, 'no2': 13769, 'o3': 13749}, 'pm': {'pm1': 13212, 'pm10': 13214, 'pm25': 13213}}",2.51,28.72,29.8,0.55,2.39,0.57,618811783,31.2,MOD-00617,23.8,2026-02-26T11:40:20,2026-02-26T03:40:20,https://api.quant-aq.com/v1/devices/MOD-00617/data/618811632
1349.71,792.11,"{'lat': None, 'lon': None}","{'rh': 31.2, 'temp': 23.8, 'wd': 0.0, 'ws': 0.0, 'ws_scalar': 0.0}","{'gas': {'co': 13502, 'co2': 13264, 'no': 13590, 'no2': 13769, 'o3': 13749}, 'pm': {'pm1': 13212, 'pm10': 13214, 'pm25': 13213}}",2.5,28.01,30.06,0.6,0.79,0.61,618811781,31.2,MOD-00617,23.8,2026-02-26T11:39:20,2026-02-26T03:39:20,https://api.quant-aq.com/v1/devices/MOD-00617/data/618811630
1349.71,795.0,"{'lat': None, 'lon': None}","{'rh': 31.2, 'temp': 23.8, 'wd': 0.0, 'ws': 0.0, 'ws_scalar': 0.0}","{'gas': {'co': 13502, 'co2': 13264, 'no': 13590, 'no2': 13769, 'o3': 13749}, 'pm': {'pm1': 13212, 'pm10': 13214, 'pm25': 13213}}",2.5,28.72,29.8,0.7,0.75,0.75,618811782,31.2,MOD-00617,23.8,2026-02-26T11:38:20,2026-02-26T03:38:20,https://api.quant-aq.com/v1/devices/MOD-00617/data/618811631
1314.0,795.6,"{'lat': None, 'lon': None}","{'rh': 31.2, 'temp': 23.8, 'wd': 0.0, 'ws': 0.0, 'ws_scalar': 0.0}","{'gas': {'co': 13502, 'co2': 13264, 'no': 13590, 'no2': 13769, 'o3': 13749}, 'pm': {'pm1': 13212, 'pm10': 13214, 'pm25': 13213}}",2.5,28.95,30.33,0.8,0.87,0.83,618811779,31.2,MOD-00617,23.8,2026-02-26T11:37:20,2026-02-26T03:37:20,https://api.quant-aq.com/v1/devices/MOD-00617/data/618811628
1316.46,794.4,"{'lat': None, 'lon': None}","{'rh': 31.2, 'temp': 23.8, 'wd': 0.0, 'ws': 0.0, 'ws_scalar': 0.0}","{'gas': {'co': 13502, 'co2': 13264, 'no': 13590, 'no2': 13769, 'o3': 13749}, 'pm': {'pm1': 13212, 'pm10': 13214, 'pm25': 13213}}",2.5,28.24,29.8,0.58,0.6,0.6,618809157,31.2,MOD-00617,23.8,2026-02-26T11:36:20,2026-02-26T03:36:20,https://api.quant-aq.com/v1/devices/MOD-00617/data/618809005
1327.14,795.6,"{'lat': None, 'lon': None}","{'rh': 31.2, 'temp': 23.8, 'wd': 0.0, 'ws': 0.0, 'ws_scalar': 0.0}","{'gas': {'co': 13502, 'co2': 13264, 'no': 13590, 'no2': 13769, 'o3': 13749}, 'pm': {'pm1': 13212, 'pm10': 13214, 'pm25': 13213}}",2.5,28.95,30.06,0.54,0.65,0.61,618809158,31.2,MOD-00617,23.8,2026-02-26T11:35:20,2026-02-26T03:35:20,https://api.quant-aq.com/v1/devices/MOD-00617/data/618809007
1339.86,793.92,"{'lat': None, 'lon': None}","{'rh': 31.2, 'temp': 23.8, 'wd': 0.0, 'ws': 0.0, 'ws_scalar': 0.0}","{'gas': {'co': 13502, 'co2': 13264, 'no': 13590, 'no2': 13769, 'o3': 13749}, 'pm': {'pm1': 13212, 'pm10': 13214, 'pm25': 13213}}",2.49,28.24,30.06,0.58,0.72,0.63,618809154,31.2,MOD-00617,23.8,2026-02-26T11:34:20,2026-02-26T03:34:20,https://api.quant-aq.com/v1/devices/MOD-00617/data/618809003
1355.05,793.44,"{'lat': None, 'lon': None}","{'rh': 31.2, 'temp': 23.8, 'wd': 0.0, 'ws': 0.0, 'ws_scalar': 0.0}","{'gas': {'co': 13502, 'co2': 13264, 'no': 13590, 'no2': 13769, 'o3': 13749}, 'pm': {'pm1': 13212, 'pm10': 13214, 'pm25': 13213}}",2.49,28.72,30.06,0.52,5.83,0.53,618809155,31.2,MOD-00617,23.8,2026-02-26T11:33:20,2026-02-26T03:33:20,https://api.quant-aq.com/v1/devices/MOD-00617/data/618809006
1413.34,795.97,"{'lat': None, 'lon': None}","{'rh': 31.2, 'temp': 23.8, 'wd': 0.0, 'ws': 0.0, 'ws_scalar': 0.0}","{'gas': {'co': 13502, 'co2': 13264, 'no': 13590, 'no2': 13769, 'o3': 13749}, 'pm': {'pm1': 13212, 'pm10': 13214, 'pm25': 13213}}",2.49,28.95,30.06,0.48,0.51,0.51,618809153,31.2,MOD-00617,23.8,2026-02-26T11:32:20,2026-02-26T03:32:20,https://api.quant-aq.com/v1/devices/MOD-00617/data/618809002
1513.1,793.92,"{'lat': None, 'lon': None}","{'rh': 31.2, 'temp': 23.8, 'wd': 0.0, 'ws': 0.0, 'ws_scalar': 0.0}","{'gas': {'co': 13502, 'co2': 13264, 'no': 13590, 'no2': 13769, 'o3': 13749}, 'pm': {'pm1': 13212, 'pm10': 13214, 'pm25': 13213}}",2.49,29.43,29.8,0.86,0.86,0.86,618806573,31.2,MOD-00617,23.8,2026-02-26T11:31:20,2026-02-26T03:31:20,https://api.quant-aq.com/v1/devices/MOD-00617/data/618806422
1348.48,795.97,"{'lat': None, 'lon': None}","{'rh': 31.2, 'temp': 23.8, 'wd': 0.0, 'ws': 0.0, 'ws_scalar': 0.0}","{'gas': {'co': 13502, 'co2': 13264, 'no': 13590, 'no2': 13769, 'o3': 13749}, 'pm': {'pm1': 13212, 'pm10': 13214, 'pm25': 13213}}",2.49,29.43,29.53,0.83,0.89,0.89,618806572,31.2,MOD-00617,23.8,2026-02-26T11:30:20,2026-02-26T03:30:20,https://api.quant-aq.com/v1/devices/MOD-00617/data/618806421
1338.97,793.2,"{'lat': None, 'lon': None}","{'rh': 31.3, 'temp': 23.8, 'wd': 0.0, 'ws': 0.0, 'ws_scalar': 0.0}","{'gas': {'co': 13502, 'co2': 13264, 'no': 13590, 'no2': 13769, 'o3': 13749}, 'pm': {'pm1': 13212, 'pm10': 13214, 'pm25': 13213}}",2.5,28.48,29.77,0.72,1.94,0.78,618806570,31.3,MOD-00617,23.8,2026-02-26T11:29:20,2026-02-26T03:29:20,https://api.quant-aq.com/v1/devices/MOD-00617/data/618806419
1339.86,790.55,"{'lat': None, 'lon': None}","{'rh': 31.2, 'temp': 23.8, 'wd': 0.0, 'ws': 0.0, 'ws_scalar': 0.0}","{'gas': {'co': 13502, 'co2': 13264, 'no': 13590, 'no2': 13769, 'o3': 13749}, 'pm': {'pm1': 13212, 'pm10': 13214, 'pm25': 13213}}",2.49,28.95,30.06,0.74,0.76,0.76,618806571,31.2,MOD-00617,23.8,2026-02-26T11:28:20,2026-02-26T03:28:20,https://api.quant-aq.com/v1/devices/MOD-00617/data/618806420
1338.97,796.09,"{'lat': None, 'lon': None}","{'rh': 31.3, 'temp': 23.8, 'wd': 0.0, 'ws': 0.0, 'ws_scalar': 0.0}","{'gas': {'co': 13502, 'co2': 13264, 'no': 13590, 'no2': 13769, 'o3': 13749}, 'pm': {'pm1': 13212, 'pm10': 13214, 'pm25': 13213}}",2.5,29.42,29.77,1.16,1.26,1.21,618806569,31.3,MOD-00617,23.8,2026-02-26T11:27:20,2026-02-26T03:27:20,https://api.quant-aq.com/v1/devices/MOD-00617/data/618806418
1339.79,797.89,"{'lat': None, 'lon': None}","{'rh': 31.3, 'temp': 23.8, 'wd': 0.0, 'ws': 0.0, 'ws_scalar': 0.0}","{'gas': {'co': 13502, 'co2': 13264, 'no': 13590, 'no2': 13769, 'o3': 13749}, 'pm': {'pm1': 13212, 'pm10': 13214, 'pm25': 13213}}",2.49,28.95,29.51,0.57,2.57,0.57,618804005,31.3,MOD-00617,23.8,2026-02-26T11:26:20,2026-02-26T03:26:20,https://api.quant-aq.com/v1/devices/MOD-00617/data/618803853
1341.84,794.64,"{'lat': None, 'lon': None}","{'rh': 31.3, 'temp': 23.8, 'wd': 0.0, 'ws': 0.0, 'ws_scalar': 0.0}","{'gas': {'co': 13502, 'co2': 13264, 'no': 13590, 'no2': 13769, 'o3': 13749}, 'pm': {'pm1': 13212, 'pm10': 13214, 'pm25': 13213}}",2.49,29.42,29.51,0.91,1.34,0.94,618804006,31.3,MOD-00617,23.8,2026-02-26T11:25:20,2026-02-26T03:25:20,https://api.quant-aq.com/v1/devices/MOD-00617/data/618803855
1347.59,793.2,"{'lat': None, 'lon': None}","{'rh': 31.3, 'temp': 23.8, 'wd': 0.0, 'ws': 0.0, 'ws_scalar': 0.0}","{'gas': {'co': 13502, 'co2': 13264, 'no': 13590, 'no2': 13769, 'o3': 13749}, 'pm': {'pm1': 13212, 'pm10': 13214, 'pm25': 13213}}",2.49,29.66,29.24,0.74,1.39,0.8,618804003,31.3,MOD-00617,23.8,2026-02-26T11:24:20,2026-02-26T03:24:20,https://api.quant-aq.com/v1/devices/MOD-00617/data/618803854
1348.48,789.7,"{'lat': None, 'lon': None}","{'rh': 31.2, 'temp': 23.8, 'wd': 0.0, 'ws': 0.0, 'ws_scalar': 0.0}","{'gas': {'co': 13502, 'co2': 13264, 'no': 13590, 'no2': 13769, 'o3': 13749}, 'pm': {'pm1': 13212, 'pm10': 13214, 'pm25': 13213}}",2.48,28.72,30.06,0.75,1.34,0.8,618803998,31.2,MOD-00617,23.8,2026-02-26T11:23:20,2026-02-26T03:23:20,https://api.quant-aq.com/v1/devices/MOD-00617/data/618803848
1351.36,786.57,"{'lat': None, 'lon': None}","{'rh': 31.2, 'temp': 23.8, 'wd': 0.0, 'ws': 0.0, 'ws_scalar': 0.0}","{'gas': {'co': 13502, 'co2': 13264, 'no': 13590, 'no2': 13769, 'o3': 13749}, 'pm': {'pm1': 13212, 'pm10': 13214, 'pm25': 13213}}",2.49,29.19,29.01,0.99,1.64,1.06,618804000,31.2,MOD-00617,23.8,2026-02-26T11:22:20,2026-02-26T03:22:20,https://api.quant-aq.com/v1/devices/MOD-00617/data/618803850
1356.69,786.81,"{'lat': None, 'lon': None}","{'rh': 31.2, 'temp': 23.8, 'wd': 0.0, 'ws': 0.0, 'ws_scalar': 0.0}","{'gas': {'co': 13502, 'co2': 13264, 'no': 13590, 'no2': 13769, 'o3': 13749}, 'pm': {'pm1': 13212, 'pm10': 13214, 'pm25': 13213}}",2.48,28.95,29.53,0.61,0.68,0.63,618801401,31.2,MOD-00617,23.8,2026-02-26T11:21:20,2026-02-26T03:21:20,https://api.quant-aq.com/v1/devices/MOD-00617/data/618801250
1359.98,787.41,"{'lat': None, 'lon': None}","{'rh': 31.2, 'temp': 23.8, 'wd': 0.0, 'ws': 0.0, 'ws_scalar': 0.0}","{'gas': {'co': 13502, 'co2': 13264, 'no': 13590, 'no2': 13769, 'o3': 13749}, 'pm': {'pm1': 13212, 'pm10': 13214, 'pm25': 13213}}",2.48,29.19,29.01,1.01,1.75,1.03,618801399,31.2,MOD-00617,23.8,2026-02-26T11:20:20,2026-02-26T03:20:20,https://api.quant-aq.com/v1/devices/MOD-00617/data/618801248
1361.62,788.14,"{'lat': None, 'lon': None}","{'rh': 31.2, 'temp': 23.8, 'wd': 0.0, 'ws': 0.0, 'ws_scalar': 0.0}","{'gas': {'co': 13502, 'co2': 13264, 'no': 13590, 'no2': 13769, 'o3': 13749}, 'pm': {'pm1': 13212, 'pm10': 13214, 'pm25': 13213}}",2.48,28.95,28.74,1.08,2.5,1.11,618801400,31.2,MOD-00617,23.8,2026-02-26T11:19:20,2026-02-26T03:19:20,https://api.quant-aq.com/v1/devices/MOD-00617/data/618801249
1366.96,788.38,"{'lat': None, 'lon': None}","{'rh': 31.2, 'temp': 23.8, 'wd': 0.0, 'ws': 0.0, 'ws_scalar': 0.0}","{'gas': {'co': 13502, 'co2': 13264, 'no': 13590, 'no2': 13769, 'o3': 13749}, 'pm': {'pm1': 13212, 'pm10': 13214, 'pm25': 13213}}",2.48,28.95,29.53,0.76,0.8,0.8,618801397,31.2,MOD-00617,23.8,2026-02-26T11:18:20,2026-02-26T03:18:20,https://api.quant-aq.com/v1/devices/MOD-00617/data/618801246
1371.4,790.91,"{'lat': None, 'lon': None}","{'rh': 31.3, 'temp': 23.8, 'wd': 0.0, 'ws': 0.0, 'ws_scalar': 0.0}","{'gas': {'co': 13502, 'co2': 13264, 'no': 13590, 'no2': 13769, 'o3': 13749}, 'pm': {'pm1': 13212, 'pm10': 13214, 'pm25': 13213}}",2.49,28.95,29.24,0.73,0.87,0.83,618801398,31.3,MOD-00617,23.8,2026-02-26T11:17:20,2026-02-26T03:17:20,https://api.quant-aq.com/v1/devices/MOD-00617/data/618801247
1370.24,790.43,"{'lat': None, 'lon': None}","{'rh': 31.2, 'temp': 23.8, 'wd': 0.0, 'ws': 0.0, 'ws_scalar': 0.0}","{'gas': {'co': 13502, 'co2': 13264, 'no': 13590, 'no2': 13769, 'o3': 13749}, 'pm': {'pm1': 13212, 'pm10': 13214, 'pm25': 13213}}",2.49,28.72,29.27,0.84,0.88,0.88,618798840,31.2,MOD-00617,23.8,2026-02-26T11:16:20,2026-02-26T03:16:20,https://api.quant-aq.com/v1/devices/MOD-00617/data/618798689
1384.2,790.18,"{'lat': None, 'lon': None}","{'rh': 31.2, 'temp': 23.8, 'wd': 0.0, 'ws': 0.0, 'ws_scalar': 0.0}","{'gas': {'co': 13502, 'co2': 13264, 'no': 13590, 'no2': 13769, 'o3': 13749}, 'pm': {'pm1': 13212, 'pm10': 13214, 'pm25': 13213}}",2.48,29.19,29.27,0.8,0.89,0.85,618798837,31.2,MOD-00617,23.8,2026-02-26T11:15:20,2026-02-26T03:15:20,https://api.quant-aq.com/v1/devices/MOD-00617/data/618798686
1391.18,791.51,"{'lat': None, 'lon': None}","{'rh': 31.2, 'temp': 23.8, 'wd': 0.0, 'ws': 0.0, 'ws_scalar': 0.0}","{'gas': {'co': 13502, 'co2': 13264, 'no': 13590, 'no2': 13769, 'o3': 13749}, 'pm': {'pm1': 13212, 'pm10': 13214, 'pm25': 13213}}",2.49,28.95,29.01,0.8,0.86,0.86,618798839,31.2,MOD-00617,23.8,2026-02-26T11:14:20,2026-02-26T03:14:20,https://api.quant-aq.com/v1/devices/MOD-00617/data/618798688
1423.2,791.51,"{'lat': None, 'lon': None}","{'rh': 31.2, 'temp': 23.8, 'wd': 0.0, 'ws': 0.0, 'ws_scalar': 0.0}","{'gas': {'co': 13502, 'co2': 13264, 'no': 13590, 'no2': 13769, 'o3': 13749}, 'pm': {'pm1': 13212, 'pm10': 13214, 'pm25': 13213}}",2.49,28.95,29.01,0.64,0.84,0.65,618798841,31.2,MOD-00617,23.8,2026-02-26T11:13:20,2026-02-26T03:13:20,https://api.quant-aq.com/v1/devices/MOD-00617/data/618798690
1392.82,790.06,"{'lat': None, 'lon': None}","{'rh': 31.2, 'temp': 23.8, 'wd': 0.0, 'ws': 0.0, 'ws_scalar': 0.0}","{'gas': {'co': 13502, 'co2': 13264, 'no': 13590, 'no2': 13769, 'o3': 13749}, 'pm': {'pm1': 13212, 'pm10': 13214, 'pm25': 13213}}",2.49,28.24,28.74,0.78,0.9,0.85,618798838,31.2,MOD-00617,23.8,2026-02-26T11:12:20,2026-02-26T03:12:20,https://api.quant-aq.com/v1/devices/MOD-00617/data/618798687
1386.66,789.82,"{'lat': None, 'lon': None}","{'rh': 31.2, 'temp': 23.8, 'wd': 0.0, 'ws': 0.0, 'ws_scalar': 0.0}","{'gas': {'co': 13502, 'co2': 13264, 'no': 13590, 'no2': 13769, 'o3': 13749}, 'pm': {'pm1': 13212, 'pm10': 13214, 'pm25': 13213}}",2.49,28.24,29.01,0.5,0.52,0.52,618796312,31.2,MOD-00617,23.8,2026-02-26T11:11:20,2026-02-26T03:11:20,https://api.quant-aq.com/v1/devices/MOD-00617/data/618796161
1392.07,787.66,"{'lat': None, 'lon': None}","{'rh': 31.1, 'temp': 23.8, 'wd': 0.0, 'ws': 0.0, 'ws_scalar': 0.0}","{'gas': {'co': 13502, 'co2': 13264, 'no': 13590, 'no2': 13769, 'o3': 13749}, 'pm': {'pm1': 13212, 'pm10': 13214, 'pm25': 13213}}",2.39,27.77,29.56,0.6,0.88,0.64,618796311,31.1,MOD-00617,23.8,2026-02-26T11:10:20,2026-02-26T03:10:20,https://api.quant-aq.com/v1/devices/MOD-00617/data/618796160
1389.53,788.14,"{'lat': None, 'lon': None}","{'rh': 31.2, 'temp': 23.8, 'wd': 0.0, 'ws': 0.0, 'ws_scalar': 0.0}","{'gas': {'co': 13502, 'co2': 13264, 'no': 13590, 'no2': 13769, 'o3': 13749}, 'pm': {'pm1': 13212, 'pm10': 13214, 'pm25': 13213}}",2.5,28.01,29.01,0.57,0.65,0.61,618796308,31.2,MOD-00617,23.8,2026-02-26T11:09:20,2026-02-26T03:09:20,https://api.quant-aq.com/v1/devices/MOD-00617/data/618796158
1396.92,787.66,"{'lat': None, 'lon': None}","{'rh': 31.2, 'temp': 23.8, 'wd': 0.0, 'ws': 0.0, 'ws_scalar': 0.0}","{'gas': {'co': 13502, 'co2': 13264, 'no': 13590, 'no2': 13769, 'o3': 13749}, 'pm': {'pm1': 13212, 'pm10': 13214, 'pm25': 13213}}",2.5,27.77,29.27,0.65,1.48,0.7,618796310,31.2,MOD-00617,23.8,2026-02-26T11:08:20,2026-02-26T03:08:20,https://api.quant-aq.com/v1/devices/MOD-00617/data/618796159
1402.26,787.53,"{'lat': None, 'lon': None}","{'rh': 31.2, 'temp': 23.8, 'wd': 0.0, 'ws': 0.0, 'ws_scalar': 0.0}","{'gas': {'co': 13502, 'co2': 13264, 'no': 13590, 'no2': 13769, 'o3': 13749}, 'pm': {'pm1': 13212, 'pm10': 13214, 'pm25': 13213}}",2.51,28.01,29.27,0.64,0.79,0.7,618796309,31.2,MOD-00617,23.8,2026-02-26T11:07:20,2026-02-26T03:07:20,https://api.quant-aq.com/v1/devices/MOD-00617/data/618796157
1398.15,790.06,"{'lat': None, 'lon': None}","{'rh': 31.2, 'temp': 23.8, 'wd': 0.0, 'ws': 0.0, 'ws_scalar': 0.0}","{'gas': {'co': 13502, 'co2': 13264, 'no': 13590, 'no2': 13769, 'o3': 13749}, 'pm': {'pm1': 13212, 'pm10': 13214, 'pm25': 13213}}",2.51,27.77,29.01,0.6,0.62,0.62,618793847,31.2,MOD-00617,23.8,2026-02-26T11:06:20,2026-02-26T03:06:20,https://api.quant-aq.com/v1/devices/MOD-00617/data/618793696
1402.67,788.86,"{'lat': None, 'lon': None}","{'rh': 31.2, 'temp': 23.8, 'wd': 0.0, 'ws': 0.0, 'ws_scalar': 0.0}","{'gas': {'co': 13502, 'co2': 13264, 'no': 13590, 'no2': 13769, 'o3': 13749}, 'pm': {'pm1': 13212, 'pm10': 13214, 'pm25': 13213}}",2.51,26.82,29.53,0.77,2.69,0.81,618793846,31.2,MOD-00617,23.8,2026-02-26T11:05:20,2026-02-26T03:05:20,https://api.quant-aq.com/v1/devices/MOD-00617/data/618793695
1367.78,789.34,"{'lat': None, 'lon': None}","{'rh': 31.2, 'temp': 23.8, 'wd': 0.0, 'ws': 0.0, 'ws_scalar': 0.0}","{'gas': {'co': 13502, 'co2': 13264, 'no': 13590, 'no2': 13769, 'o3': 13749}, 'pm': {'pm1': 13212, 'pm10': 13214, 'pm25': 13213}}",2.51,27.06,29.01,0.53,0.61,0.56,618793845,31.2,MOD-00617,23.8,2026-02-26T11:04:20,2026-02-26T03:04:20,https://api.quant-aq.com/v1/devices/MOD-00617/data/618793694
1371.47,791.75,"{'lat': None, 'lon': None}","{'rh': 31.2, 'temp': 23.8, 'wd': 0.0, 'ws': 0.0, 'ws_scalar': 0.0}","{'gas': {'co': 13502, 'co2': 13264, 'no': 13590, 'no2': 13769, 'o3': 13749}, 'pm': {'pm1': 13212, 'pm10': 13214, 'pm25': 13213}}",2.52,26.82,29.8,0.52,5.85,0.55,618793844,31.2,MOD-00617,23.8,2026-02-26T11:03:20,2026-02-26T03:03:20,https://api.quant-aq.com/v1/devices/MOD-00617/data/618793693
1374.35,789.82,"{'lat': None, 'lon': None}","{'rh': 31.2, 'temp': 23.8, 'wd': 0.0, 'ws': 0.0, 'ws_scalar': 0.0}","{'gas': {'co': 13502, 'co2': 13264, 'no': 13590, 'no2': 13769, 'o3': 13749}, 'pm': {'pm1': 13212, 'pm10': 13214, 'pm25': 13213}}",2.52,26.82,29.8,0.45,1.0,0.48,618793843,31.2,MOD-00617,23.8,2026-02-26T11:02:20,2026-02-26T03:02:20,https://api.quant-aq.com/v1/devices/MOD-00617/data/618793692
1378.04,790.18,"{'lat': None, 'lon': None}","{'rh': 31.2, 'temp': 23.8, 'wd': 0.0, 'ws': 0.0, 'ws_scalar': 0.0}","{'gas': {'co': 13502, 'co2': 13264, 'no': 13590, 'no2': 13769, 'o3': 13749}, 'pm': {'pm1': 13212, 'pm10': 13214, 'pm25': 13213}}",2.52,27.3,29.27,0.5,1.03,0.5,618791366,31.2,MOD-00617,23.8,2026-02-26T11:01:20,2026-02-26T03:01:20,https://api.quant-aq.com/v1/devices/MOD-00617/data/618791215
1394.94,788.26,"{'lat': None, 'lon': None}","{'rh': 31.1, 'temp': 23.8, 'wd': 0.0, 'ws': 0.0, 'ws_scalar': 0.0}","{'gas': {'co': 13502, 'co2': 13264, 'no': 13590, 'no2': 13769, 'o3': 13749}, 'pm': {'pm1': 13212, 'pm10': 13214, 'pm25': 13213}}",2.41,26.59,29.3,0.45,0.45,0.45,618791367,31.1,MOD-00617,23.8,2026-02-26T11:00:20,2026-02-26T03:00:20,https://api.quant-aq.com/v1/devices/MOD-00617/data/618791216
1413.34,789.22,"{'lat': None, 'lon': None}","{'rh': 31.2, 'temp': 23.8, 'wd': 0.0, 'ws': 0.0, 'ws_scalar': 0.0}","{'gas': {'co': 13502, 'co2': 13264, 'no': 13590, 'no2': 13769, 'o3': 13749}, 'pm': {'pm1': 13212, 'pm10': 13214, 'pm25': 13213}}",2.52,25.88,30.06,0.51,0.54,0.54,618791365,31.2,MOD-00617,23.8,2026-02-26T10:59:20,2026-02-26T02:59:20,https://api.quant-aq.com/v1/devices/MOD-00617/data/618791214
1379.68,789.94,"{'lat': None, 'lon': None}","{'rh': 31.2, 'temp': 23.8, 'wd': 0.0, 'ws': 0.0, 'ws_scalar': 0.0}","{'gas': {'co': 13502, 'co2': 13264, 'no': 13590, 'no2': 13769, 'o3': 13749}, 'pm': {'pm1': 13212, 'pm10': 13214, 'pm25': 13213}}",2.52,26.59,30.06,0.47,0.55,0.51,618791363,31.2,MOD-00617,23.8,2026-02-26T10:58:20,2026-02-26T02:58:20,https://api.quant-aq.com/v1/devices/MOD-00617/data/618791213
1389.94,789.1,"{'lat': None, 'lon': None}","{'rh': 31.2, 'temp': 23.8, 'wd': 0.0, 'ws': 0.0, 'ws_scalar': 0.0}","{'gas': {'co': 13502, 'co2': 13264, 'no': 13590, 'no2': 13769, 'o3': 13749}, 'pm': {'pm1': 13212, 'pm10': 13214, 'pm25': 13213}}",2.52,26.35,30.06,0.46,0.51,0.51,618791364,31.2,MOD-00617,23.8,2026-02-26T10:57:20,2026-02-26T02:57:20,https://api.quant-aq.com/v1/devices/MOD-00617/data/618791212
1397.33,788.98,"{'lat': None, 'lon': None}","{'rh': 31.2, 'temp': 23.8, 'wd': 0.0, 'ws': 0.0, 'ws_scalar': 0.0}","{'gas': {'co': 13502, 'co2': 13264, 'no': 13590, 'no2': 13769, 'o3': 13749}, 'pm': {'pm1': 13212, 'pm10': 13214, 'pm25': 13213}}",2.52,26.35,30.59,0.63,2.61,0.7,618788882,31.2,MOD-00617,23.8,2026-02-26T10:56:20,2026-02-26T02:56:20,https://api.quant-aq.com/v1/devices/MOD-00617/data/618788733
1423.2,790.43,"{'lat': None, 'lon': None}","{'rh': 31.2, 'temp': 23.8, 'wd': 0.0, 'ws': 0.0, 'ws_scalar': 0.0}","{'gas': {'co': 13502, 'co2': 13264, 'no': 13590, 'no2': 13769, 'o3': 13749}, 'pm': {'pm1': 13212, 'pm10': 13214, 'pm25': 13213}}",2.52,26.35,30.33,0.4,0.49,0.44,618788884,31.2,MOD-00617,23.8,2026-02-26T10:55:20,2026-02-26T02:55:20,https://api.quant-aq.com/v1/devices/MOD-00617/data/618788732
1406.36,792.11,"{'lat': None, 'lon': None}","{'rh': 31.2, 'temp': 23.8, 'wd': 0.0, 'ws': 0.0, 'ws_scalar': 0.0}","{'gas': {'co': 13502, 'co2': 13264, 'no': 13590, 'no2': 13769, 'o3': 13749}, 'pm': {'pm1': 13212, 'pm10': 13214, 'pm25': 13213}}",2.52,26.59,29.8,0.53,11.15,0.56,618788883,31.2,MOD-00617,23.8,2026-02-26T10:54:20,2026-02-26T02:54:20,https://api.quant-aq.com/v1/devices/MOD-00617/data/618788731
1386.66,789.1,"{'lat': None, 'lon': None}","{'rh': 31.2, 'temp': 23.8, 'wd': 0.0, 'ws': 0.0, 'ws_scalar': 0.0}","{'gas': {'co': 13502, 'co2': 13264, 'no': 13590, 'no2': 13769, 'o3': 13749}, 'pm': {'pm1': 13212, 'pm10': 13214, 'pm25': 13213}}",2.52,26.35,30.33,0.46,0.51,0.51,618788881,31.2,MOD-00617,23.8,2026-02-26T10:53:20,2026-02-26T02:53:20,https://api.quant-aq.com/v1/devices/MOD-00617/data/618788730
1381.32,788.86,"{'lat': None, 'lon': None}","{'rh': 31.2, 'temp': 23.8, 'wd': 0.0, 'ws': 0.0, 'ws_scalar': 0.0}","{'gas': {'co': 13502, 'co2': 13264, 'no': 13590, 'no2': 13769, 'o3': 13749}, 'pm': {'pm1': 13212, 'pm10': 13214, 'pm25': 13213}}",2.52,26.82,30.33,0.51,0.52,0.52,618788880,31.2,MOD-00617,23.8,2026-02-26T10:52:20,2026-02-26T02:52:20,https://api.quant-aq.com/v1/devices/MOD-00617/data/618788729
1378.79,788.62,"{'lat': None, 'lon': None}","{'rh': 31.3, 'temp': 23.8, 'wd': 0.0, 'ws': 0.0, 'ws_scalar': 0.0}","{'gas': {'co': 13502, 'co2': 13264, 'no': 13590, 'no2': 13769, 'o3': 13749}, 'pm': {'pm1': 13212, 'pm10': 13214, 'pm25': 13213}}",2.53,26.58,30.56,0.47,0.53,0.53,618786405,31.3,MOD-00617,23.8,2026-02-26T10:51:20,2026-02-26T02:51:20,https://api.quant-aq.com/v1/devices/MOD-00617/data/618786254
1381.32,790.06,"{'lat': None, 'lon': None}","{'rh': 31.2, 'temp': 23.8, 'wd': 0.0, 'ws': 0.0, 'ws_scalar': 0.0}","{'gas': {'co': 13502, 'co2': 13264, 'no': 13590, 'no2': 13769, 'o3': 13749}, 'pm': {'pm1': 13212, 'pm10': 13214, 'pm25': 13213}}",2.52,26.59,30.06,0.38,11.56,0.42,618786400,31.2,MOD-00617,23.8,2026-02-26T10:50:20,2026-02-26T02:50:20,https://api.quant-aq.com/v1/devices/MOD-00617/data/618786250
1377.15,789.58,"{'lat': None, 'lon': None}","{'rh': 31.3, 'temp': 23.8, 'wd': 0.0, 'ws': 0.0, 'ws_scalar': 0.0}","{'gas': {'co': 13502, 'co2': 13264, 'no': 13590, 'no2': 13769, 'o3': 13749}, 'pm': {'pm1': 13212, 'pm10': 13214, 'pm25': 13213}}",2.53,26.58,30.03,0.48,0.74,0.54,618786398,31.3,MOD-00617,23.8,2026-02-26T10:49:20,2026-02-26T02:49:20,https://api.quant-aq.com/v1/devices/MOD-00617/data/618786246
1379.09,787.78,"{'lat': None, 'lon': None}","{'rh': 31.3, 'temp': 23.7, 'wd': 0.0, 'ws': 0.0, 'ws_scalar': 0.0}","{'gas': {'co': 13502, 'co2': 13264, 'no': 13590, 'no2': 13769, 'o3': 13749}, 'pm': {'pm1': 13212, 'pm10': 13214, 'pm25': 13213}}",2.53,27.05,29.75,0.46,0.55,0.5,618786397,31.3,MOD-00617,23.7,2026-02-26T10:48:20,2026-02-26T02:48:20,https://api.quant-aq.com/v1/devices/MOD-00617/data/618786247
1381.97,790.79,"{'lat': None, 'lon': None}","{'rh': 31.3, 'temp': 23.7, 'wd': 0.0, 'ws': 0.0, 'ws_scalar': 0.0}","{'gas': {'co': 13502, 'co2': 13264, 'no': 13590, 'no2': 13769, 'o3': 13749}, 'pm': {'pm1': 13212, 'pm10': 13214, 'pm25': 13213}}",2.53,26.81,30.55,0.55,2.85,0.61,618786399,31.3,MOD-00617,23.7,2026-02-26T10:47:20,2026-02-26T02:47:20,https://api.quant-aq.com/v1/devices/MOD-00617/data/618786249
1387.71,793.32,"{'lat': None, 'lon': None}","{'rh': 31.3, 'temp': 23.7, 'wd': 0.0, 'ws': 0.0, 'ws_scalar': 0.0}","{'gas': {'co': 13502, 'co2': 13264, 'no': 13590, 'no2': 13769, 'o3': 13749}, 'pm': {'pm1': 13212, 'pm10': 13214, 'pm25': 13213}}",2.53,27.05,30.28,0.57,0.64,0.59,618783902,31.3,MOD-00617,23.7,2026-02-26T10:46:20,2026-02-26T02:46:20,https://api.quant-aq.com/v1/devices/MOD-00617/data/618783751
1379.09,788.86,"{'lat': None, 'lon': None}","{'rh': 31.3, 'temp': 23.7, 'wd': 0.0, 'ws': 0.0, 'ws_scalar': 0.0}","{'gas': {'co': 13502, 'co2': 13264, 'no': 13590, 'no2': 13769, 'o3': 13749}, 'pm': {'pm1': 13212, 'pm10': 13214, 'pm25': 13213}}",2.53,27.28,29.49,0.65,0.76,0.72,618783904,31.3,MOD-00617,23.7,2026-02-26T10:45:20,2026-02-26T02:45:20,https://api.quant-aq.com/v1/devices/MOD-00617/data/618783753
1374.17,789.7,"{'lat': None, 'lon': None}","{'rh': 31.3, 'temp': 23.7, 'wd': 0.0, 'ws': 0.0, 'ws_scalar': 0.0}","{'gas': {'co': 13502, 'co2': 13264, 'no': 13590, 'no2': 13769, 'o3': 13749}, 'pm': {'pm1': 13212, 'pm10': 13214, 'pm25': 13213}}",2.53,27.05,29.75,0.53,1.18,0.59,618783900,31.3,MOD-00617,23.7,2026-02-26T10:44:20,2026-02-26T02:44:20,https://api.quant-aq.com/v1/devices/MOD-00617/data/618783749
1375.4,789.1,"{'lat': None, 'lon': None}","{'rh': 31.3, 'temp': 23.7, 'wd': 0.0, 'ws': 0.0, 'ws_scalar': 0.0}","{'gas': {'co': 13502, 'co2': 13264, 'no': 13590, 'no2': 13769, 'o3': 13749}, 'pm': {'pm1': 13212, 'pm10': 13214, 'pm25': 13213}}",2.53,27.28,30.02,0.56,0.58,0.58,618783898,31.3,MOD-00617,23.7,2026-02-26T10:43:20,2026-02-26T02:43:20,https://api.quant-aq.com/v1/devices/MOD-00617/data/618783746
1368.83,786.69,"{'lat': None, 'lon': None}","{'rh': 31.3, 'temp': 23.7, 'wd': 0.0, 'ws': 0.0, 'ws_scalar': 0.0}","{'gas': {'co': 13502, 'co2': 13264, 'no': 13590, 'no2': 13769, 'o3': 13749}, 'pm': {'pm1': 13212, 'pm10': 13214, 'pm25': 13213}}",2.53,27.05,29.75,0.67,1.25,0.71,618783896,31.3,MOD-00617,23.7,2026-02-26T10:42:20,2026-02-26T02:42:20,https://api.quant-aq.com/v1/devices/MOD-00617/data/618783745
1365.96,788.26,"{'lat': None, 'lon': None}","{'rh': 31.3, 'temp': 23.7, 'wd': 0.0, 'ws': 0.0, 'ws_scalar': 0.0}","{'gas': {'co': 13502, 'co2': 13264, 'no': 13590, 'no2': 13769, 'o3': 13749}, 'pm': {'pm1': 13212, 'pm10': 13214, 'pm25': 13213}}",2.53,27.28,29.49,0.67,1.38,0.69,618781429,31.3,MOD-00617,23.7,2026-02-26T10:41:20,2026-02-26T02:41:20,https://api.quant-aq.com/v1/devices/MOD-00617/data/618781278
1363.9,790.79,"{'lat': None, 'lon': None}","{'rh': 31.3, 'temp': 23.7, 'wd': 0.0, 'ws': 0.0, 'ws_scalar': 0.0}","{'gas': {'co': 13502, 'co2': 13264, 'no': 13590, 'no2': 13769, 'o3': 13749}, 'pm': {'pm1': 13212, 'pm10': 13214, 'pm25': 13213}}",2.53,26.81,29.75,0.64,0.86,0.68,618781430,31.3,MOD-00617,23.7,2026-02-26T10:40:20,2026-02-26T02:40:20,https://api.quant-aq.com/v1/devices/MOD-00617/data/618781277
1362.67,790.31,"{'lat': None, 'lon': None}","{'rh': 31.3, 'temp': 23.7, 'wd': 0.0, 'ws': 0.0, 'ws_scalar': 0.0}","{'gas': {'co': 13502, 'co2': 13264, 'no': 13590, 'no2': 13769, 'o3': 13749}, 'pm': {'pm1': 13212, 'pm10': 13214, 'pm25': 13213}}",2.52,27.28,29.49,0.47,1.09,0.52,618781428,31.3,MOD-00617,23.7,2026-02-26T10:39:20,2026-02-26T02:39:20,https://api.quant-aq.com/v1/devices/MOD-00617/data/618781279
1362.67,791.99,"{'lat': None, 'lon': None}","{'rh': 31.3, 'temp': 23.7, 'wd': 0.0, 'ws': 0.0, 'ws_scalar': 0.0}","{'gas': {'co': 13502, 'co2': 13264, 'no': 13590, 'no2': 13769, 'o3': 13749}, 'pm': {'pm1': 13212, 'pm10': 13214, 'pm25': 13213}}",2.53,27.28,29.49,0.6,0.6,0.6,618781426,31.3,MOD-00617,23.7,2026-02-26T10:38:20,2026-02-26T02:38:20,https://api.quant-aq.com/v1/devices/MOD-00617/data/618781275
1361.85,790.43,"{'lat': None, 'lon': None}","{'rh': 31.3, 'temp': 23.7, 'wd': 0.0, 'ws': 0.0, 'ws_scalar': 0.0}","{'gas': {'co': 13502, 'co2': 13264, 'no': 13590, 'no2': 13769, 'o3': 13749}, 'pm': {'pm1': 13212, 'pm10': 13214, 'pm25': 13213}}",2.52,27.76,29.22,0.57,2.97,0.58,618781427,31.3,MOD-00617,23.7,2026-02-26T10:37:20,2026-02-26T02:37:20,https://api.quant-aq.com/v1/devices/MOD-00617/data/618781276
1359.8,788.5,"{'lat': None, 'lon': None}","{'rh': 31.3, 'temp': 23.7, 'wd': 0.0, 'ws': 0.0, 'ws_scalar': 0.0}","{'gas': {'co': 13502, 'co2': 13264, 'no': 13590, 'no2': 13769, 'o3': 13749}, 'pm': {'pm1': 13212, 'pm10': 13214, 'pm25': 13213}}",2.53,27.52,30.02,0.57,0.67,0.63,618778951,31.3,MOD-00617,23.7,2026-02-26T10:36:20,2026-02-26T02:36:20,https://api.quant-aq.com/v1/devices/MOD-00617/data/618778802
1356.59,789.7,"{'lat': None, 'lon': None}","{'rh': 31.2, 'temp': 23.7, 'wd': 0.0, 'ws': 0.0, 'ws_scalar': 0.0}","{'gas': {'co': 13502, 'co2': 13264, 'no': 13590, 'no2': 13769, 'o3': 13749}, 'pm': {'pm1': 13212, 'pm10': 13214, 'pm25': 13213}}",2.51,27.29,29.52,0.62,0.88,0.65,618778950,31.2,MOD-00617,23.7,2026-02-26T10:35:20,2026-02-26T02:35:20,https://api.quant-aq.com/v1/devices/MOD-00617/data/618778800
1363.08,791.75,"{'lat': None, 'lon': None}","{'rh': 31.3, 'temp': 23.7, 'wd': 0.0, 'ws': 0.0, 'ws_scalar': 0.0}","{'gas': {'co': 13502, 'co2': 13264, 'no': 13590, 'no2': 13769, 'o3': 13749}, 'pm': {'pm1': 13212, 'pm10': 13214, 'pm25': 13213}}",2.53,27.05,29.22,0.52,0.76,0.57,618778953,31.3,MOD-00617,23.7,2026-02-26T10:34:20,2026-02-26T02:34:20,https://api.quant-aq.com/v1/devices/MOD-00617/data/618778803
1355.69,791.51,"{'lat': None, 'lon': None}","{'rh': 31.3, 'temp': 23.7, 'wd': 0.0, 'ws': 0.0, 'ws_scalar': 0.0}","{'gas': {'co': 13502, 'co2': 13264, 'no': 13590, 'no2': 13769, 'o3': 13749}, 'pm': {'pm1': 13212, 'pm10': 13214, 'pm25': 13213}}",2.53,26.81,29.22,0.56,1.1,0.59,618778956,31.3,MOD-00617,23.7,2026-02-26T10:33:20,2026-02-26T02:33:20,https://api.quant-aq.com/v1/devices/MOD-00617/data/618778805
1352.41,793.92,"{'lat': None, 'lon': None}","{'rh': 31.3, 'temp': 23.7, 'wd': 0.0, 'ws': 0.0, 'ws_scalar': 0.0}","{'gas': {'co': 13502, 'co2': 13264, 'no': 13590, 'no2': 13769, 'o3': 13749}, 'pm': {'pm1': 13212, 'pm10': 13214, 'pm25': 13213}}",2.53,27.52,28.96,0.5,0.75,0.56,618778955,31.3,MOD-00617,23.7,2026-02-26T10:32:20,2026-02-26T02:32:20,https://api.quant-aq.com/v1/devices/MOD-00617/data/618778804
1356.51,792.23,"{'lat': None, 'lon': None}","{'rh': 31.3, 'temp': 23.7, 'wd': 0.0, 'ws': 0.0, 'ws_scalar': 0.0}","{'gas': {'co': 13502, 'co2': 13264, 'no': 13590, 'no2': 13769, 'o3': 13749}, 'pm': {'pm1': 13212, 'pm10': 13214, 'pm25': 13213}}",2.52,27.05,28.96,0.7,1.32,0.75,618776454,31.3,MOD-00617,23.7,2026-02-26T10:31:20,2026-02-26T02:31:20,https://api.quant-aq.com/v1/devices/MOD-00617/data/618776303
1349.95,793.8,"{'lat': None, 'lon': None}","{'rh': 31.3, 'temp': 23.7, 'wd': 0.0, 'ws': 0.0, 'ws_scalar': 0.0}","{'gas': {'co': 13502, 'co2': 13264, 'no': 13590, 'no2': 13769, 'o3': 13749}, 'pm': {'pm1': 13212, 'pm10': 13214, 'pm25': 13213}}",2.52,27.28,28.96,0.53,0.57,0.57,618776453,31.3,MOD-00617,23.7,2026-02-26T10:30:20,2026-02-26T02:30:20,https://api.quant-aq.com/v1/devices/MOD-00617/data/618776302
1356.1,790.55,"{'lat': None, 'lon': None}","{'rh': 31.3, 'temp': 23.7, 'wd': 0.0, 'ws': 0.0, 'ws_scalar': 0.0}","{'gas': {'co': 13502, 'co2': 13264, 'no': 13590, 'no2': 13769, 'o3': 13749}, 'pm': {'pm1': 13212, 'pm10': 13214, 'pm25': 13213}}",2.53,26.57,29.22,0.67,0.77,0.72,618776452,31.3,MOD-00617,23.7,2026-02-26T10:29:20,2026-02-26T02:29:20,https://api.quant-aq.com/v1/devices/MOD-00617/data/618776300
1349.95,793.08,"{'lat': None, 'lon': None}","{'rh': 31.3, 'temp': 23.7, 'wd': 0.0, 'ws': 0.0, 'ws_scalar': 0.0}","{'gas': {'co': 13502, 'co2': 13264, 'no': 13590, 'no2': 13769, 'o3': 13749}, 'pm': {'pm1': 13212, 'pm10': 13214, 'pm25': 13213}}",2.53,26.57,28.96,0.5,0.62,0.58,618776450,31.3,MOD-00617,23.7,2026-02-26T10:28:20,2026-02-26T02:28:20,https://api.quant-aq.com/v1/devices/MOD-00617/data/618776299
1348.64,797.41,"{'lat': None, 'lon': None}","{'rh': 31.4, 'temp': 23.7, 'wd': 0.0, 'ws': 0.0, 'ws_scalar': 0.0}","{'gas': {'co': 13502, 'co2': 13264, 'no': 13590, 'no2': 13769, 'o3': 13749}, 'pm': {'pm1': 13212, 'pm10': 13214, 'pm25': 13213}}",2.54,26.57,29.46,0.47,0.74,0.52,618776451,31.4,MOD-00617,23.7,2026-02-26T10:27:20,2026-02-26T02:27:20,https://api.quant-aq.com/v1/devices/MOD-00617/data/618776301
1349.88,795.36,"{'lat': None, 'lon': None}","{'rh': 31.4, 'temp': 23.7, 'wd': 0.0, 'ws': 0.0, 'ws_scalar': 0.0}","{'gas': {'co': 13502, 'co2': 13264, 'no': 13590, 'no2': 13769, 'o3': 13749}, 'pm': {'pm1': 13212, 'pm10': 13214, 'pm25': 13213}}",2.54,26.57,29.19,0.5,0.52,0.52,618773953,31.4,MOD-00617,23.7,2026-02-26T10:26:20,2026-02-26T02:26:20,https://api.quant-aq.com/v1/devices/MOD-00617/data/618773801
1349.88,795.6,"{'lat': None, 'lon': None}","{'rh': 31.4, 'temp': 23.7, 'wd': 0.0, 'ws': 0.0, 'ws_scalar': 0.0}","{'gas': {'co': 13502, 'co2': 13264, 'no': 13590, 'no2': 13769, 'o3': 13749}, 'pm': {'pm1': 13212, 'pm10': 13214, 'pm25': 13213}}",2.54,26.1,28.93,0.48,0.66,0.48,618773955,31.4,MOD-00617,23.7,2026-02-26T10:25:20,2026-02-26T02:25:20,https://api.quant-aq.com/v1/devices/MOD-00617/data/618773802
1357.26,795.97,"{'lat': None, 'lon': None}","{'rh': 31.4, 'temp': 23.7, 'wd': 0.0, 'ws': 0.0, 'ws_scalar': 0.0}","{'gas': {'co': 13502, 'co2': 13264, 'no': 13590, 'no2': 13769, 'o3': 13749}, 'pm': {'pm1': 13212, 'pm10': 13214, 'pm25': 13213}}",2.54,25.86,29.72,0.55,0.58,0.58,618773957,31.4,MOD-00617,23.7,2026-02-26T10:24:20,2026-02-26T02:24:20,https://api.quant-aq.com/v1/devices/MOD-00617/data/618773803
1351.93,800.78,"{'lat': None, 'lon': None}","{'rh': 31.4, 'temp': 23.7, 'wd': 0.0, 'ws': 0.0, 'ws_scalar': 0.0}","{'gas': {'co': 13502, 'co2': 13264, 'no': 13590, 'no2': 13769, 'o3': 13749}, 'pm': {'pm1': 13212, 'pm10': 13214, 'pm25': 13213}}",2.54,26.1,29.19,0.72,0.77,0.77,618773951,31.4,MOD-00617,23.7,2026-02-26T10:23:20,2026-02-26T02:23:20,https://api.quant-aq.com/v1/devices/MOD-00617/data/618773800
1354.39,796.21,"{'lat': None, 'lon': None}","{'rh': 31.4, 'temp': 23.7, 'wd': 0.0, 'ws': 0.0, 'ws_scalar': 0.0}","{'gas': {'co': 13502, 'co2': 13264, 'no': 13590, 'no2': 13769, 'o3': 13749}, 'pm': {'pm1': 13212, 'pm10': 13214, 'pm25': 13213}}",2.54,26.33,29.19,0.41,0.51,0.47,618773950,31.4,MOD-00617,23.7,2026-02-26T10:22:20,2026-02-26T02:22:20,https://api.quant-aq.com/v1/devices/MOD-00617/data/618773799
1355.21,800.9,"{'lat': None, 'lon': None}","{'rh': 31.4, 'temp': 23.7, 'wd': 0.0, 'ws': 0.0, 'ws_scalar': 0.0}","{'gas': {'co': 13502, 'co2': 13264, 'no': 13590, 'no2': 13769, 'o3': 13749}, 'pm': {'pm1': 13212, 'pm10': 13214, 'pm25': 13213}}",2.54,25.86,29.46,0.37,0.37,0.37,618771478,31.4,MOD-00617,23.7,2026-02-26T10:21:20,2026-02-26T02:21:20,https://api.quant-aq.com/v1/devices/MOD-00617/data/618771327
1352.75,795.24,"{'lat': None, 'lon': None}","{'rh': 31.4, 'temp': 23.7, 'wd': 0.0, 'ws': 0.0, 'ws_scalar': 0.0}","{'gas': {'co': 13502, 'co2': 13264, 'no': 13590, 'no2': 13769, 'o3': 13749}, 'pm': {'pm1': 13212, 'pm10': 13214, 'pm25': 13213}}",2.55,25.86,29.72,0.42,0.64,0.46,618771470,31.4,MOD-00617,23.7,2026-02-26T10:20:20,2026-02-26T02:20:20,https://api.quant-aq.com/v1/devices/MOD-00617/data/618771322
1358.57,796.33,"{'lat': None, 'lon': None}","{'rh': 31.3, 'temp': 23.7, 'wd': 0.0, 'ws': 0.0, 'ws_scalar': 0.0}","{'gas': {'co': 13502, 'co2': 13264, 'no': 13590, 'no2': 13769, 'o3': 13749}, 'pm': {'pm1': 13212, 'pm10': 13214, 'pm25': 13213}}",2.53,25.63,30.02,0.39,0.64,0.42,618771476,31.3,MOD-00617,23.7,2026-02-26T10:19:20,2026-02-26T02:19:20,https://api.quant-aq.com/v1/devices/MOD-00617/data/618771323
1363.9,792.96,"{'lat': None, 'lon': None}","{'rh': 31.3, 'temp': 23.7, 'wd': 0.0, 'ws': 0.0, 'ws_scalar': 0.0}","{'gas': {'co': 13502, 'co2': 13264, 'no': 13590, 'no2': 13769, 'o3': 13749}, 'pm': {'pm1': 13212, 'pm10': 13214, 'pm25': 13213}}",2.54,25.15,30.02,0.64,0.66,0.66,618771472,31.3,MOD-00617,23.7,2026-02-26T10:18:20,2026-02-26T02:18:20,https://api.quant-aq.com/v1/devices/MOD-00617/data/618771321
1368.83,792.71,"{'lat': None, 'lon': None}","{'rh': 31.3, 'temp': 23.7, 'wd': 0.0, 'ws': 0.0, 'ws_scalar': 0.0}","{'gas': {'co': 13502, 'co2': 13264, 'no': 13590, 'no2': 13769, 'o3': 13749}, 'pm': {'pm1': 13212, 'pm10': 13214, 'pm25': 13213}}",2.54,25.63,29.75,0.42,0.49,0.44,618771474,31.3,MOD-00617,23.7,2026-02-26T10:17:20,2026-02-26T02:17:20,https://api.quant-aq.com/v1/devices/MOD-00617/data/618771326
1373.04,797.05,"{'lat': None, 'lon': None}","{'rh': 31.3, 'temp': 23.8, 'wd': 0.0, 'ws': 0.0, 'ws_scalar': 0.0}","{'gas': {'co': 13502, 'co2': 13264, 'no': 13590, 'no2': 13769, 'o3': 13749}, 'pm': {'pm1': 13212, 'pm10': 13214, 'pm25': 13213}}",2.53,25.4,29.24,0.54,1.09,0.59,618768955,31.3,MOD-00617,23.8,2026-02-26T10:16:20,2026-02-26T02:16:20,https://api.quant-aq.com/v1/devices/MOD-00617/data/618768805
1353.75,794.28,"{'lat': None, 'lon': None}","{'rh': 31.3, 'temp': 23.8, 'wd': 0.0, 'ws': 0.0, 'ws_scalar': 0.0}","{'gas': {'co': 13502, 'co2': 13264, 'no': 13590, 'no2': 13769, 'o3': 13749}, 'pm': {'pm1': 13212, 'pm10': 13214, 'pm25': 13213}}",2.53,25.4,30.3,0.43,0.44,0.44,618768953,31.3,MOD-00617,23.8,2026-02-26T10:15:20,2026-02-26T02:15:20,https://api.quant-aq.com/v1/devices/MOD-00617/data/618768803
1351.29,789.58,"{'lat': None, 'lon': None}","{'rh': 31.3, 'temp': 23.8, 'wd': 0.0, 'ws': 0.0, 'ws_scalar': 0.0}","{'gas': {'co': 13502, 'co2': 13264, 'no': 13590, 'no2': 13769, 'o3': 13749}, 'pm': {'pm1': 13212, 'pm10': 13214, 'pm25': 13213}}",2.53,25.63,30.03,0.46,0.49,0.49,618768950,31.3,MOD-00617,23.8,2026-02-26T10:14:20,2026-02-26T02:14:20,https://api.quant-aq.com/v1/devices/MOD-00617/data/618768800
1349.57,793.32,"{'lat': None, 'lon': None}","{'rh': 31.4, 'temp': 23.8, 'wd': 0.0, 'ws': 0.0, 'ws_scalar': 0.0}","{'gas': {'co': 13502, 'co2': 13264, 'no': 13590, 'no2': 13769, 'o3': 13749}, 'pm': {'pm1': 13212, 'pm10': 13214, 'pm25': 13213}}",2.54,25.39,30.01,0.6,0.61,0.61,618768949,31.4,MOD-00617,23.8,2026-02-26T10:13:20,2026-02-26T02:13:20,https://api.quant-aq.com/v1/devices/MOD-00617/data/618768798
1345.88,788.62,"{'lat': None, 'lon': None}","{'rh': 31.4, 'temp': 23.8, 'wd': 0.0, 'ws': 0.0, 'ws_scalar': 0.0}","{'gas': {'co': 13502, 'co2': 13264, 'no': 13590, 'no2': 13769, 'o3': 13749}, 'pm': {'pm1': 13212, 'pm10': 13214, 'pm25': 13213}}",2.54,25.63,30.01,0.52,0.59,0.55,618768951,31.4,MOD-00617,23.8,2026-02-26T10:12:20,2026-02-26T02:12:20,https://api.quant-aq.com/v1/devices/MOD-00617/data/618768799
1343.0,792.35,"{'lat': None, 'lon': None}","{'rh': 31.4, 'temp': 23.8, 'wd': 0.0, 'ws': 0.0, 'ws_scalar': 0.0}","{'gas': {'co': 13502, 'co2': 13264, 'no': 13590, 'no2': 13769, 'o3': 13749}, 'pm': {'pm1': 13212, 'pm10': 13214, 'pm25': 13213}}",2.53,25.63,30.54,0.46,7.45,0.49,618766471,31.4,MOD-00617,23.8,2026-02-26T10:11:20,2026-02-26T02:11:20,https://api.quant-aq.com/v1/devices/MOD-00617/data/618766320
1343.83,790.67,"{'lat': None, 'lon': None}","{'rh': 31.4, 'temp': 23.8, 'wd': 0.0, 'ws': 0.0, 'ws_scalar': 0.0}","{'gas': {'co': 13502, 'co2': 13264, 'no': 13590, 'no2': 13769, 'o3': 13749}, 'pm': {'pm1': 13212, 'pm10': 13214, 'pm25': 13213}}",2.54,25.87,29.21,0.43,2.43,0.43,618766472,31.4,MOD-00617,23.8,2026-02-26T10:10:20,2026-02-26T02:10:20,https://api.quant-aq.com/v1/devices/MOD-00617/data/618766321
1336.85,791.27,"{'lat': None, 'lon': None}","{'rh': 31.4, 'temp': 23.8, 'wd': 0.0, 'ws': 0.0, 'ws_scalar': 0.0}","{'gas': {'co': 13502, 'co2': 13264, 'no': 13590, 'no2': 13769, 'o3': 13749}, 'pm': {'pm1': 13212, 'pm10': 13214, 'pm25': 13213}}",2.53,25.87,30.54,0.53,10.43,0.53,618766470,31.4,MOD-00617,23.8,2026-02-26T10:09:20,2026-02-26T02:09:20,https://api.quant-aq.com/v1/devices/MOD-00617/data/618766319
1331.92,795.73,"{'lat': None, 'lon': None}","{'rh': 31.4, 'temp': 23.8, 'wd': 0.0, 'ws': 0.0, 'ws_scalar': 0.0}","{'gas': {'co': 13502, 'co2': 13264, 'no': 13590, 'no2': 13769, 'o3': 13749}, 'pm': {'pm1': 13212, 'pm10': 13214, 'pm25': 13213}}",2.54,25.39,30.01,0.63,1.1,0.64,618766469,31.4,MOD-00617,23.8,2026-02-26T10:08:20,2026-02-26T02:08:20,https://api.quant-aq.com/v1/devices/MOD-00617/data/618766317
1339.72,794.88,"{'lat': None, 'lon': None}","{'rh': 31.4, 'temp': 23.8, 'wd': 0.0, 'ws': 0.0, 'ws_scalar': 0.0}","{'gas': {'co': 13502, 'co2': 13264, 'no': 13590, 'no2': 13769, 'o3': 13749}, 'pm': {'pm1': 13212, 'pm10': 13214, 'pm25': 13213}}",2.53,25.63,30.01,0.51,2.33,0.51,618766468,31.4,MOD-00617,23.8,2026-02-26T10:07:20,2026-02-26T02:07:20,https://api.quant-aq.com/v1/devices/MOD-00617/data/618766318
1330.69,798.38,"{'lat': None, 'lon': None}","{'rh': 31.4, 'temp': 23.8, 'wd': 0.0, 'ws': 0.0, 'ws_scalar': 0.0}","{'gas': {'co': 13502, 'co2': 13264, 'no': 13590, 'no2': 13769, 'o3': 13749}, 'pm': {'pm1': 13212, 'pm10': 13214, 'pm25': 13213}}",2.54,26.34,30.01,0.64,0.64,0.64,618763971,31.4,MOD-00617,23.8,2026-02-26T10:06:20,2026-02-26T02:06:20,https://api.quant-aq.com/v1/devices/MOD-00617/data/618763821
1331.85,798.98,"{'lat': None, 'lon': None}","{'rh': 31.5, 'temp': 23.8, 'wd': 0.0, 'ws': 0.0, 'ws_scalar': 0.0}","{'gas': {'co': 13502, 'co2': 13264, 'no': 13590, 'no2': 13769, 'o3': 13749}, 'pm': {'pm1': 13212, 'pm10': 13214, 'pm25': 13213}}",2.54,26.1,29.98,0.66,0.73,0.68,618763968,31.5,MOD-00617,23.8,2026-02-26T10:05:20,2026-02-26T02:05:20,https://api.quant-aq.com/v1/devices/MOD-00617/data/618763817
1331.85,802.23,"{'lat': None, 'lon': None}","{'rh': 31.5, 'temp': 23.8, 'wd': 0.0, 'ws': 0.0, 'ws_scalar': 0.0}","{'gas': {'co': 13502, 'co2': 13264, 'no': 13590, 'no2': 13769, 'o3': 13749}, 'pm': {'pm1': 13212, 'pm10': 13214, 'pm25': 13213}}",2.54,25.86,30.51,0.65,0.68,0.68,618763967,31.5,MOD-00617,23.8,2026-02-26T10:04:20,2026-02-26T02:04:20,https://api.quant-aq.com/v1/devices/MOD-00617/data/618763816
1321.59,799.22,"{'lat': None, 'lon': None}","{'rh': 31.5, 'temp': 23.8, 'wd': 0.0, 'ws': 0.0, 'ws_scalar': 0.0}","{'gas': {'co': 13502, 'co2': 13264, 'no': 13590, 'no2': 13769, 'o3': 13749}, 'pm': {'pm1': 13212, 'pm10': 13214, 'pm25': 13213}}",2.54,26.34,29.71,0.83,0.84,0.84,618763966,31.5,MOD-00617,23.8,2026-02-26T10:03:20,2026-02-26T02:03:20,https://api.quant-aq.com/v1/devices/MOD-00617/data/618763815
1322.82,797.41,"{'lat': None, 'lon': None}","{'rh': 31.5, 'temp': 23.8, 'wd': 0.0, 'ws': 0.0, 'ws_scalar': 0.0}","{'gas': {'co': 13502, 'co2': 13264, 'no': 13590, 'no2': 13769, 'o3': 13749}, 'pm': {'pm1': 13212, 'pm10': 13214, 'pm25': 13213}}",2.54,25.63,29.98,0.94,0.99,0.99,618763965,31.5,MOD-00617,23.8,2026-02-26T10:02:20,2026-02-26T02:02:20,https://api.quant-aq.com/v1/devices/MOD-00617/data/618763813
1320.36,796.57,"{'lat': None, 'lon': None}","{'rh': 31.5, 'temp': 23.8, 'wd': 0.0, 'ws': 0.0, 'ws_scalar': 0.0}","{'gas': {'co': 13502, 'co2': 13264, 'no': 13590, 'no2': 13769, 'o3': 13749}, 'pm': {'pm1': 13212, 'pm10': 13214, 'pm25': 13213}}",2.54,26.57,30.24,0.67,0.71,0.71,618761475,31.5,MOD-00617,23.8,2026-02-26T10:01:20,2026-02-26T02:01:20,https://api.quant-aq.com/v1/devices/MOD-00617/data/618761324
1314.2,798.01,"{'lat': None, 'lon': None}","{'rh': 31.5, 'temp': 23.8, 'wd': 0.0, 'ws': 0.0, 'ws_scalar': 0.0}","{'gas': {'co': 13502, 'co2': 13264, 'no': 13590, 'no2': 13769, 'o3': 13749}, 'pm': {'pm1': 13212, 'pm10': 13214, 'pm25': 13213}}",2.54,26.57,29.98,0.67,0.77,0.73,618761472,31.5,MOD-00617,23.8,2026-02-26T10:00:20,2026-02-26T02:00:20,https://api.quant-aq.com/v1/devices/MOD-00617/data/618761321
1322.0,798.86,"{'lat': None, 'lon': None}","{'rh': 31.5, 'temp': 23.8, 'wd': 0.0, 'ws': 0.0, 'ws_scalar': 0.0}","{'gas': {'co': 13502, 'co2': 13264, 'no': 13590, 'no2': 13769, 'o3': 13749}, 'pm': {'pm1': 13212, 'pm10': 13214, 'pm25': 13213}}",2.54,26.81,29.71,0.66,0.66,0.66,618761474,31.5,MOD-00617,23.8,2026-02-26T09:59:20,2026-02-26T01:59:20,https://api.quant-aq.com/v1/devices/MOD-00617/data/618761323
1315.09,796.69,"{'lat': None, 'lon': None}","{'rh': 31.4, 'temp': 23.8, 'wd': 0.0, 'ws': 0.0, 'ws_scalar': 0.0}","{'gas': {'co': 13502, 'co2': 13264, 'no': 13590, 'no2': 13769, 'o3': 13749}, 'pm': {'pm1': 13212, 'pm10': 13214, 'pm25': 13213}}",2.53,25.63,30.01,0.75,2.63,0.75,618761473,31.4,MOD-00617,23.8,2026-02-26T09:58:20,2026-02-26T01:58:20,https://api.quant-aq.com/v1/devices/MOD-00617/data/618761322
1328.23,798.38,"{'lat': None, 'lon': None}","{'rh': 31.4, 'temp': 23.8, 'wd': 0.0, 'ws': 0.0, 'ws_scalar': 0.0}","{'gas': {'co': 13502, 'co2': 13264, 'no': 13590, 'no2': 13769, 'o3': 13749}, 'pm': {'pm1': 13212, 'pm10': 13214, 'pm25': 13213}}",2.53,26.81,30.27,0.69,2.62,0.75,618761471,31.4,MOD-00617,23.8,2026-02-26T09:57:20,2026-02-26T01:57:20,https://api.quant-aq.com/v1/devices/MOD-00617/data/618761320
1325.28,798.62,"{'lat': None, 'lon': None}","{'rh': 31.5, 'temp': 23.8, 'wd': 0.0, 'ws': 0.0, 'ws_scalar': 0.0}","{'gas': {'co': 13502, 'co2': 13264, 'no': 13590, 'no2': 13769, 'o3': 13749}, 'pm': {'pm1': 13212, 'pm10': 13214, 'pm25': 13213}}",2.54,26.34,29.98,0.97,1.05,1.01,618758967,31.5,MOD-00617,23.8,2026-02-26T09:56:20,2026-02-26T01:56:20,https://api.quant-aq.com/v1/devices/MOD-00617/data/618758816
1316.25,800.78,"{'lat': None, 'lon': None}","{'rh': 31.5, 'temp': 23.8, 'wd': 0.0, 'ws': 0.0, 'ws_scalar': 0.0}","{'gas': {'co': 13502, 'co2': 13264, 'no': 13590, 'no2': 13769, 'o3': 13749}, 'pm': {'pm1': 13212, 'pm10': 13214, 'pm25': 13213}}",2.55,26.57,29.98,0.75,0.95,0.76,618758965,31.5,MOD-00617,23.8,2026-02-26T09:55:20,2026-02-26T01:55:20,https://api.quant-aq.com/v1/devices/MOD-00617/data/618758817
1320.36,801.39,"{'lat': None, 'lon': None}","{'rh': 31.5, 'temp': 23.8, 'wd': 0.0, 'ws': 0.0, 'ws_scalar': 0.0}","{'gas': {'co': 13502, 'co2': 13264, 'no': 13590, 'no2': 13769, 'o3': 13749}, 'pm': {'pm1': 13212, 'pm10': 13214, 'pm25': 13213}}",2.54,26.81,30.51,1.04,1.07,1.07,618758963,31.5,MOD-00617,23.8,2026-02-26T09:54:20,2026-02-26T01:54:20,https://api.quant-aq.com/v1/devices/MOD-00617/data/618758812
1324.05,797.65,"{'lat': None, 'lon': None}","{'rh': 31.5, 'temp': 23.8, 'wd': 0.0, 'ws': 0.0, 'ws_scalar': 0.0}","{'gas': {'co': 13502, 'co2': 13264, 'no': 13590, 'no2': 13769, 'o3': 13749}, 'pm': {'pm1': 13212, 'pm10': 13214, 'pm25': 13213}}",2.54,26.81,30.24,0.98,0.99,0.99,618758964,31.5,MOD-00617,23.8,2026-02-26T09:53:20,2026-02-26T01:53:20,https://api.quant-aq.com/v1/devices/MOD-00617/data/618758813
1306.4,802.23,"{'lat': None, 'lon': None}","{'rh': 31.5, 'temp': 23.8, 'wd': 0.0, 'ws': 0.0, 'ws_scalar': 0.0}","{'gas': {'co': 13502, 'co2': 13264, 'no': 13590, 'no2': 13769, 'o3': 13749}, 'pm': {'pm1': 13212, 'pm10': 13214, 'pm25': 13213}}",2.54,26.57,29.98,0.99,1.0,1.0,618758961,31.5,MOD-00617,23.8,2026-02-26T09:52:20,2026-02-26T01:52:20,https://api.quant-aq.com/v1/devices/MOD-00617/data/618758811
1307.22,799.22,"{'lat': None, 'lon': None}","{'rh': 31.5, 'temp': 23.8, 'wd': 0.0, 'ws': 0.0, 'ws_scalar': 0.0}","{'gas': {'co': 13502, 'co2': 13264, 'no': 13590, 'no2': 13769, 'o3': 13749}, 'pm': {'pm1': 13212, 'pm10': 13214, 'pm25': 13213}}",2.54,26.81,30.24,0.64,0.89,0.67,618756445,31.5,MOD-00617,23.8,2026-02-26T09:51:20,2026-02-26T01:51:20,https://api.quant-aq.com/v1/devices/MOD-00617/data/618756294
1303.93,799.46,"{'lat': None, 'lon': None}","{'rh': 31.5, 'temp': 23.8, 'wd': 0.0, 'ws': 0.0, 'ws_scalar': 0.0}","{'gas': {'co': 13502, 'co2': 13264, 'no': 13590, 'no2': 13769, 'o3': 13749}, 'pm': {'pm1': 13212, 'pm10': 13214, 'pm25': 13213}}",2.55,27.28,30.51,0.87,7.03,0.89,618756446,31.5,MOD-00617,23.8,2026-02-26T09:50:20,2026-02-26T01:50:20,https://api.quant-aq.com/v1/devices/MOD-00617/data/618756295
1307.22,802.83,"{'lat': None, 'lon': None}","{'rh': 31.5, 'temp': 23.8, 'wd': 0.0, 'ws': 0.0, 'ws_scalar': 0.0}","{'gas': {'co': 13502, 'co2': 13264, 'no': 13590, 'no2': 13769, 'o3': 13749}, 'pm': {'pm1': 13212, 'pm10': 13214, 'pm25': 13213}}",2.54,27.05,30.51,0.85,0.87,0.87,618756444,31.5,MOD-00617,23.8,2026-02-26T09:49:20,2026-02-26T01:49:20,https://api.quant-aq.com/v1/devices/MOD-00617/data/618756293
1310.5,801.39,"{'lat': None, 'lon': None}","{'rh': 31.5, 'temp': 23.8, 'wd': 0.0, 'ws': 0.0, 'ws_scalar': 0.0}","{'gas': {'co': 13502, 'co2': 13264, 'no': 13590, 'no2': 13769, 'o3': 13749}, 'pm': {'pm1': 13212, 'pm10': 13214, 'pm25': 13213}}",2.54,27.28,29.98,1.23,1.25,1.25,618756442,31.5,MOD-00617,23.8,2026-02-26T09:48:20,2026-02-26T01:48:20,https://api.quant-aq.com/v1/devices/MOD-00617/data/618756291
1320.77,804.88,"{'lat': None, 'lon': None}","{'rh': 31.5, 'temp': 23.8, 'wd': 0.0, 'ws': 0.0, 'ws_scalar': 0.0}","{'gas': {'co': 13502, 'co2': 13264, 'no': 13590, 'no2': 13769, 'o3': 13749}, 'pm': {'pm1': 13212, 'pm10': 13214, 'pm25': 13213}}",2.54,27.05,30.24,0.89,0.89,0.89,618756443,31.5,MOD-00617,23.8,2026-02-26T09:47:20,2026-02-26T01:47:20,https://api.quant-aq.com/v1/devices/MOD-00617/data/618756292
1324.87,805.24,"{'lat': None, 'lon': None}","{'rh': 31.5, 'temp': 23.8, 'wd': 0.0, 'ws': 0.0, 'ws_scalar': 0.0}","{'gas': {'co': 13502, 'co2': 13264, 'no': 13590, 'no2': 13769, 'o3': 13749}, 'pm': {'pm1': 13212, 'pm10': 13214, 'pm25': 13213}}",2.54,27.52,30.51,0.9,1.27,0.95,618753937,31.5,MOD-00617,23.8,2026-02-26T09:46:20,2026-02-26T01:46:20,https://api.quant-aq.com/v1/devices/MOD-00617/data/618753786
1324.05,803.67,"{'lat': None, 'lon': None}","{'rh': 31.5, 'temp': 23.8, 'wd': 0.0, 'ws': 0.0, 'ws_scalar': 0.0}","{'gas': {'co': 13502, 'co2': 13264, 'no': 13590, 'no2': 13769, 'o3': 13749}, 'pm': {'pm1': 13212, 'pm10': 13214, 'pm25': 13213}}",2.54,27.28,30.51,1.0,1.53,1.03,618753938,31.5,MOD-00617,23.8,2026-02-26T09:45:20,2026-02-26T01:45:20,https://api.quant-aq.com/v1/devices/MOD-00617/data/618753787
1324.05,801.63,"{'lat': None, 'lon': None}","{'rh': 31.5, 'temp': 23.8, 'wd': 0.0, 'ws': 0.0, 'ws_scalar': 0.0}","{'gas': {'co': 13502, 'co2': 13264, 'no': 13590, 'no2': 13769, 'o3': 13749}, 'pm': {'pm1': 13212, 'pm10': 13214, 'pm25': 13213}}",2.54,27.52,29.71,1.35,1.37,1.37,618753936,31.5,MOD-00617,23.8,2026-02-26T09:44:20,2026-02-26T01:44:20,https://api.quant-aq.com/v1/devices/MOD-00617/data/618753785
1333.6,803.31,"{'lat': None, 'lon': None}","{'rh': 31.5, 'temp': 23.9, 'wd': 0.0, 'ws': 0.0, 'ws_scalar': 0.0}","{'gas': {'co': 13502, 'co2': 13264, 'no': 13590, 'no2': 13769, 'o3': 13749}, 'pm': {'pm1': 13212, 'pm10': 13214, 'pm25': 13213}}",2.53,27.05,30.53,0.99,0.99,0.99,618753939,31.5,MOD-00617,23.9,2026-02-26T09:43:20,2026-02-26T01:43:20,https://api.quant-aq.com/v1/devices/MOD-00617/data/618753788
1335.65,801.99,"{'lat': None, 'lon': None}","{'rh': 31.5, 'temp': 23.9, 'wd': 0.0, 'ws': 0.0, 'ws_scalar': 0.0}","{'gas': {'co': 13502, 'co2': 13264, 'no': 13590, 'no2': 13769, 'o3': 13749}, 'pm': {'pm1': 13212, 'pm10': 13214, 'pm25': 13213}}",2.52,28.48,30.0,1.09,1.1,1.1,618753940,31.5,MOD-00617,23.9,2026-02-26T09:42:20,2026-02-26T01:42:20,https://api.quant-aq.com/v1/devices/MOD-00617/data/618753789
1345.09,801.99,"{'lat': None, 'lon': None}","{'rh': 31.5, 'temp': 23.9, 'wd': 0.0, 'ws': 0.0, 'ws_scalar': 0.0}","{'gas': {'co': 13502, 'co2': 13264, 'no': 13590, 'no2': 13769, 'o3': 13749}, 'pm': {'pm1': 13212, 'pm10': 13214, 'pm25': 13213}}",2.53,27.76,30.26,0.88,0.9,0.9,618751440,31.5,MOD-00617,23.9,2026-02-26T09:41:20,2026-02-26T01:41:20,https://api.quant-aq.com/v1/devices/MOD-00617/data/618751289
1350.84,809.58,"{'lat': None, 'lon': None}","{'rh': 31.5, 'temp': 23.9, 'wd': 0.0, 'ws': 0.0, 'ws_scalar': 0.0}","{'gas': {'co': 13502, 'co2': 13264, 'no': 13590, 'no2': 13769, 'o3': 13749}, 'pm': {'pm1': 13212, 'pm10': 13214, 'pm25': 13213}}",2.53,27.53,30.0,1.18,1.19,1.19,618751439,31.5,MOD-00617,23.9,2026-02-26T09:40:20,2026-02-26T01:40:20,https://api.quant-aq.com/v1/devices/MOD-00617/data/618751288
1350.77,805.12,"{'lat': None, 'lon': None}","{'rh': 31.6, 'temp': 23.9, 'wd': 0.0, 'ws': 0.0, 'ws_scalar': 0.0}","{'gas': {'co': 13502, 'co2': 13264, 'no': 13590, 'no2': 13769, 'o3': 13749}, 'pm': {'pm1': 13212, 'pm10': 13214, 'pm25': 13213}}",2.54,27.76,29.44,1.05,1.09,1.09,618751438,31.6,MOD-00617,23.9,2026-02-26T09:39:20,2026-02-26T01:39:20,https://api.quant-aq.com/v1/devices/MOD-00617/data/618751287
1356.59,803.07,"{'lat': None, 'lon': None}","{'rh': 31.5, 'temp': 23.9, 'wd': 0.0, 'ws': 0.0, 'ws_scalar': 0.0}","{'gas': {'co': 13502, 'co2': 13264, 'no': 13590, 'no2': 13769, 'o3': 13749}, 'pm': {'pm1': 13212, 'pm10': 13214, 'pm25': 13213}}",2.53,28.24,30.0,1.31,1.84,1.33,618751437,31.5,MOD-00617,23.9,2026-02-26T09:38:20,2026-02-26T01:38:20,https://api.quant-aq.com/v1/devices/MOD-00617/data/618751286
1356.59,802.95,"{'lat': None, 'lon': None}","{'rh': 31.5, 'temp': 23.9, 'wd': 0.0, 'ws': 0.0, 'ws_scalar': 0.0}","{'gas': {'co': 13502, 'co2': 13264, 'no': 13590, 'no2': 13769, 'o3': 13749}, 'pm': {'pm1': 13212, 'pm10': 13214, 'pm25': 13213}}",2.53,28.24,30.26,1.2,1.22,1.22,618751435,31.5,MOD-00617,23.9,2026-02-26T09:37:20,2026-02-26T01:37:20,https://api.quant-aq.com/v1/devices/MOD-00617/data/618751284
1368.83,803.67,"{'lat': None, 'lon': None}","{'rh': 31.6, 'temp': 23.9, 'wd': 0.0, 'ws': 0.0, 'ws_scalar': 0.0}","{'gas': {'co': 13502, 'co2': 13264, 'no': 13590, 'no2': 13769, 'o3': 13749}, 'pm': {'pm1': 13212, 'pm10': 13214, 'pm25': 13213}}",2.53,28.0,30.5,1.22,2.34,1.29,618748885,31.6,MOD-00617,23.9,2026-02-26T09:36:20,2026-02-26T01:36:20,https://api.quant-aq.com/v1/devices/MOD-00617/data/618748734
1373.35,801.15,"{'lat': None, 'lon': None}","{'rh': 31.6, 'temp': 23.9, 'wd': 0.0, 'ws': 0.0, 'ws_scalar': 0.0}","{'gas': {'co': 13502, 'co2': 13264, 'no': 13590, 'no2': 13769, 'o3': 13749}, 'pm': {'pm1': 13212, 'pm10': 13214, 'pm25': 13213}}",2.53,28.0,30.23,1.1,1.1,1.1,618748883,31.6,MOD-00617,23.9,2026-02-26T09:35:20,2026-02-26T01:35:20,https://api.quant-aq.com/v1/devices/MOD-00617/data/618748732
1370.88,806.93,"{'lat': None, 'lon': None}","{'rh': 31.6, 'temp': 23.9, 'wd': 0.0, 'ws': 0.0, 'ws_scalar': 0.0}","{'gas': {'co': 13502, 'co2': 13264, 'no': 13590, 'no2': 13769, 'o3': 13749}, 'pm': {'pm1': 13212, 'pm10': 13214, 'pm25': 13213}}",2.54,28.71,29.97,0.92,1.02,0.98,618748882,31.6,MOD-00617,23.9,2026-02-26T09:34:20,2026-02-26T01:34:20,https://api.quant-aq.com/v1/devices/MOD-00617/data/618748731
1381.22,805.72,"{'lat': None, 'lon': None}","{'rh': 31.5, 'temp': 23.9, 'wd': 0.0, 'ws': 0.0, 'ws_scalar': 0.0}","{'gas': {'co': 13502, 'co2': 13264, 'no': 13590, 'no2': 13769, 'o3': 13749}, 'pm': {'pm1': 13212, 'pm10': 13214, 'pm25': 13213}}",2.52,28.24,30.26,1.14,6.31,1.24,618748884,31.5,MOD-00617,23.9,2026-02-26T09:33:20,2026-02-26T01:33:20,https://api.quant-aq.com/v1/devices/MOD-00617/data/618748733
1378.34,802.35,"{'lat': None, 'lon': None}","{'rh': 31.5, 'temp': 23.9, 'wd': 0.0, 'ws': 0.0, 'ws_scalar': 0.0}","{'gas': {'co': 13502, 'co2': 13264, 'no': 13590, 'no2': 13769, 'o3': 13749}, 'pm': {'pm1': 13212, 'pm10': 13214, 'pm25': 13213}}",2.52,28.24,29.47,1.03,1.06,1.06,618748879,31.5,MOD-00617,23.9,2026-02-26T09:32:20,2026-02-26T01:32:20,https://api.quant-aq.com/v1/devices/MOD-00617/data/618748728
1389.84,802.35,"{'lat': None, 'lon': None}","{'rh': 31.5, 'temp': 23.9, 'wd': 0.0, 'ws': 0.0, 'ws_scalar': 0.0}","{'gas': {'co': 13502, 'co2': 13264, 'no': 13590, 'no2': 13769, 'o3': 13749}, 'pm': {'pm1': 13212, 'pm10': 13214, 'pm25': 13213}}",2.52,28.0,29.73,0.77,0.84,0.79,618746437,31.5,MOD-00617,23.9,2026-02-26T09:31:20,2026-02-26T01:31:20,https://api.quant-aq.com/v1/devices/MOD-00617/data/618746286
1389.43,802.83,"{'lat': None, 'lon': None}","{'rh': 31.5, 'temp': 23.9, 'wd': 0.0, 'ws': 0.0, 'ws_scalar': 0.0}","{'gas': {'co': 13502, 'co2': 13264, 'no': 13590, 'no2': 13769, 'o3': 13749}, 'pm': {'pm1': 13212, 'pm10': 13214, 'pm25': 13213}}",2.52,28.48,29.73,0.72,6.13,0.79,618746438,31.5,MOD-00617,23.9,2026-02-26T09:30:20,2026-02-26T01:30:20,https://api.quant-aq.com/v1/devices/MOD-00617/data/618746287
1397.64,801.39,"{'lat': None, 'lon': None}","{'rh': 31.5, 'temp': 23.9, 'wd': 0.0, 'ws': 0.0, 'ws_scalar': 0.0}","{'gas': {'co': 13502, 'co2': 13264, 'no': 13590, 'no2': 13769, 'o3': 13749}, 'pm': {'pm1': 13212, 'pm10': 13214, 'pm25': 13213}}",2.52,27.76,29.73,0.96,1.06,1.01,618746436,31.5,MOD-00617,23.9,2026-02-26T09:29:20,2026-02-26T01:29:20,https://api.quant-aq.com/v1/devices/MOD-00617/data/618746285
1398.87,801.39,"{'lat': None, 'lon': None}","{'rh': 31.5, 'temp': 23.9, 'wd': 0.0, 'ws': 0.0, 'ws_scalar': 0.0}","{'gas': {'co': 13502, 'co2': 13264, 'no': 13590, 'no2': 13769, 'o3': 13749}, 'pm': {'pm1': 13212, 'pm10': 13214, 'pm25': 13213}}",2.52,28.24,29.73,0.93,1.14,0.95,618746435,31.5,MOD-00617,23.9,2026-02-26T09:28:20,2026-02-26T01:28:20,https://api.quant-aq.com/v1/devices/MOD-00617/data/618746284
1411.53,807.77,"{'lat': None, 'lon': None}","{'rh': 31.6, 'temp': 23.9, 'wd': 0.0, 'ws': 0.0, 'ws_scalar': 0.0}","{'gas': {'co': 13502, 'co2': 13264, 'no': 13590, 'no2': 13769, 'o3': 13749}, 'pm': {'pm1': 13212, 'pm10': 13214, 'pm25': 13213}}",2.53,28.71,29.7,1.1,1.23,1.18,618746434,31.6,MOD-00617,23.9,2026-02-26T09:27:20,2026-02-26T01:27:20,https://api.quant-aq.com/v1/devices/MOD-00617/data/618746283
1405.78,806.2,"{'lat': None, 'lon': None}","{'rh': 31.6, 'temp': 23.9, 'wd': 0.0, 'ws': 0.0, 'ws_scalar': 0.0}","{'gas': {'co': 13502, 'co2': 13264, 'no': 13590, 'no2': 13769, 'o3': 13749}, 'pm': {'pm1': 13212, 'pm10': 13214, 'pm25': 13213}}",2.53,28.47,29.44,0.81,0.82,0.82,618743923,31.6,MOD-00617,23.9,2026-02-26T09:26:20,2026-02-26T01:26:20,https://api.quant-aq.com/v1/devices/MOD-00617/data/618743772
1414.47,805.24,"{'lat': None, 'lon': None}","{'rh': 31.5, 'temp': 23.9, 'wd': 0.0, 'ws': 0.0, 'ws_scalar': 0.0}","{'gas': {'co': 13502, 'co2': 13264, 'no': 13590, 'no2': 13769, 'o3': 13749}, 'pm': {'pm1': 13212, 'pm10': 13214, 'pm25': 13213}}",2.52,28.71,29.73,0.51,1.07,0.53,618743926,31.5,MOD-00617,23.9,2026-02-26T09:25:20,2026-02-26T01:25:20,https://api.quant-aq.com/v1/devices/MOD-00617/data/618743775
1421.86,805.24,"{'lat': None, 'lon': None}","{'rh': 31.5, 'temp': 23.9, 'wd': 0.0, 'ws': 0.0, 'ws_scalar': 0.0}","{'gas': {'co': 13502, 'co2': 13264, 'no': 13590, 'no2': 13769, 'o3': 13749}, 'pm': {'pm1': 13212, 'pm10': 13214, 'pm25': 13213}}",2.52,28.48,29.47,0.77,2.84,0.81,618743924,31.5,MOD-00617,23.9,2026-02-26T09:24:20,2026-02-26T01:24:20,https://api.quant-aq.com/v1/devices/MOD-00617/data/618743773
1428.84,803.92,"{'lat': None, 'lon': None}","{'rh': 31.5, 'temp': 23.9, 'wd': 0.0, 'ws': 0.0, 'ws_scalar': 0.0}","{'gas': {'co': 13502, 'co2': 13264, 'no': 13590, 'no2': 13769, 'o3': 13749}, 'pm': {'pm1': 13212, 'pm10': 13214, 'pm25': 13213}}",2.53,28.48,29.47,0.66,2.84,0.73,618743925,31.5,MOD-00617,23.9,2026-02-26T09:23:20,2026-02-26T01:23:20,https://api.quant-aq.com/v1/devices/MOD-00617/data/618743774
1426.78,800.78,"{'lat': None, 'lon': None}","{'rh': 31.5, 'temp': 23.9, 'wd': 0.0, 'ws': 0.0, 'ws_scalar': 0.0}","{'gas': {'co': 13502, 'co2': 13264, 'no': 13590, 'no2': 13769, 'o3': 13749}, 'pm': {'pm1': 13212, 'pm10': 13214, 'pm25': 13213}}",2.52,28.24,29.2,0.87,1.49,0.91,618743921,31.5,MOD-00617,23.9,2026-02-26T09:22:20,2026-02-26T01:22:20,https://api.quant-aq.com/v1/devices/MOD-00617/data/618743771
1431.3,803.92,"{'lat': None, 'lon': None}","{'rh': 31.5, 'temp': 23.9, 'wd': 0.0, 'ws': 0.0, 'ws_scalar': 0.0}","{'gas': {'co': 13502, 'co2': 13264, 'no': 13590, 'no2': 13769, 'o3': 13749}, 'pm': {'pm1': 13212, 'pm10': 13214, 'pm25': 13213}}",2.52,27.53,29.73,0.78,0.83,0.83,618741434,31.5,MOD-00617,23.9,2026-02-26T09:21:20,2026-02-26T01:21:20,https://api.quant-aq.com/v1/devices/MOD-00617/data/618741282
1435.75,808.25,"{'lat': None, 'lon': None}","{'rh': 31.6, 'temp': 23.9, 'wd': 0.0, 'ws': 0.0, 'ws_scalar': 0.0}","{'gas': {'co': 13502, 'co2': 13264, 'no': 13590, 'no2': 13769, 'o3': 13749}, 'pm': {'pm1': 13212, 'pm10': 13214, 'pm25': 13213}}",2.53,28.23,28.91,0.37,0.44,0.4,618741435,31.6,MOD-00617,23.9,2026-02-26T09:20:20,2026-02-26T01:20:20,https://api.quant-aq.com/v1/devices/MOD-00617/data/618741284
1446.42,803.55,"{'lat': None, 'lon': None}","{'rh': 31.6, 'temp': 23.9, 'wd': 0.0, 'ws': 0.0, 'ws_scalar': 0.0}","{'gas': {'co': 13502, 'co2': 13264, 'no': 13590, 'no2': 13769, 'o3': 13749}, 'pm': {'pm1': 13212, 'pm10': 13214, 'pm25': 13213}}",2.54,27.76,29.44,0.58,0.72,0.63,618741432,31.6,MOD-00617,23.9,2026-02-26T09:19:20,2026-02-26T01:19:20,https://api.quant-aq.com/v1/devices/MOD-00617/data/618741283
1452.58,805.0,"{'lat': None, 'lon': None}","{'rh': 31.6, 'temp': 23.9, 'wd': 0.0, 'ws': 0.0, 'ws_scalar': 0.0}","{'gas': {'co': 13502, 'co2': 13264, 'no': 13590, 'no2': 13769, 'o3': 13749}, 'pm': {'pm1': 13212, 'pm10': 13214, 'pm25': 13213}}",2.54,27.52,29.17,0.56,0.77,0.59,618741433,31.6,MOD-00617,23.9,2026-02-26T09:18:20,2026-02-26T01:18:20,https://api.quant-aq.com/v1/devices/MOD-00617/data/618741281
1493.29,805.48,"{'lat': None, 'lon': None}","{'rh': 31.5, 'temp': 23.9, 'wd': 0.0, 'ws': 0.0, 'ws_scalar': 0.0}","{'gas': {'co': 13502, 'co2': 13264, 'no': 13590, 'no2': 13769, 'o3': 13749}, 'pm': {'pm1': 13212, 'pm10': 13214, 'pm25': 13213}}",2.52,27.76,29.2,0.74,0.82,0.78,618741431,31.5,MOD-00617,23.9,2026-02-26T09:17:20,2026-02-26T01:17:20,https://api.quant-aq.com/v1/devices/MOD-00617/data/618741280
1489.52,806.69,"{'lat': None, 'lon': None}","{'rh': 31.6, 'temp': 23.9, 'wd': 0.0, 'ws': 0.0, 'ws_scalar': 0.0}","{'gas': {'co': 13502, 'co2': 13264, 'no': 13590, 'no2': 13769, 'o3': 13749}, 'pm': {'pm1': 13212, 'pm10': 13214, 'pm25': 13213}}",2.54,28.0,29.44,0.93,1.49,1.08,618738876,31.6,MOD-00617,23.9,2026-02-26T09:16:20,2026-02-26T01:16:20,https://api.quant-aq.com/v1/devices/MOD-00617/data/618738726
1463.25,811.02,"{'lat': None, 'lon': None}","{'rh': 31.6, 'temp': 23.9, 'wd': 0.0, 'ws': 0.0, 'ws_scalar': 0.0}","{'gas': {'co': 13502, 'co2': 13264, 'no': 13590, 'no2': 13769, 'o3': 13749}, 'pm': {'pm1': 13212, 'pm10': 13214, 'pm25': 13213}}",2.54,27.52,29.17,0.55,2.46,0.59,618738875,31.6,MOD-00617,23.9,2026-02-26T09:15:20,2026-02-26T01:15:20,https://api.quant-aq.com/v1/devices/MOD-00617/data/618738724
1467.43,807.77,"{'lat': None, 'lon': None}","{'rh': 31.5, 'temp': 23.9, 'wd': 0.0, 'ws': 0.0, 'ws_scalar': 0.0}","{'gas': {'co': 13502, 'co2': 13264, 'no': 13590, 'no2': 13769, 'o3': 13749}, 'pm': {'pm1': 13212, 'pm10': 13214, 'pm25': 13213}}",2.53,26.82,29.47,0.61,0.63,0.63,618738877,31.5,MOD-00617,23.9,2026-02-26T09:14:20,2026-02-26T01:14:20,https://api.quant-aq.com/v1/devices/MOD-00617/data/618738725
1469.48,807.41,"{'lat': None, 'lon': None}","{'rh': 31.5, 'temp': 23.9, 'wd': 0.0, 'ws': 0.0, 'ws_scalar': 0.0}","{'gas': {'co': 13502, 'co2': 13264, 'no': 13590, 'no2': 13769, 'o3': 13749}, 'pm': {'pm1': 13212, 'pm10': 13214, 'pm25': 13213}}",2.53,26.58,29.47,0.54,0.81,0.59,618738878,31.5,MOD-00617,23.9,2026-02-26T09:13:20,2026-02-26T01:13:20,https://api.quant-aq.com/v1/devices/MOD-00617/data/618738727
1471.53,807.05,"{'lat': None, 'lon': None}","{'rh': 31.5, 'temp': 23.9, 'wd': 0.0, 'ws': 0.0, 'ws_scalar': 0.0}","{'gas': {'co': 13502, 'co2': 13264, 'no': 13590, 'no2': 13769, 'o3': 13749}, 'pm': {'pm1': 13212, 'pm10': 13214, 'pm25': 13213}}",2.52,27.05,29.47,0.56,0.64,0.6,618738874,31.5,MOD-00617,23.9,2026-02-26T09:12:20,2026-02-26T01:12:20,https://api.quant-aq.com/v1/devices/MOD-00617/data/618738723
1464.14,808.73,"{'lat': None, 'lon': None}","{'rh': 31.5, 'temp': 23.9, 'wd': 0.0, 'ws': 0.0, 'ws_scalar': 0.0}","{'gas': {'co': 13502, 'co2': 13264, 'no': 13590, 'no2': 13769, 'o3': 13749}, 'pm': {'pm1': 13212, 'pm10': 13214, 'pm25': 13213}}",2.53,26.11,29.73,0.61,0.79,0.61,618736363,31.5,MOD-00617,23.9,2026-02-26T09:11:20,2026-02-26T01:11:20,https://api.quant-aq.com/v1/devices/MOD-00617/data/618736212
1476.05,806.44,"{'lat': None, 'lon': None}","{'rh': 31.5, 'temp': 23.9, 'wd': 0.0, 'ws': 0.0, 'ws_scalar': 0.0}","{'gas': {'co': 13502, 'co2': 13264, 'no': 13590, 'no2': 13769, 'o3': 13749}, 'pm': {'pm1': 13212, 'pm10': 13214, 'pm25': 13213}}",2.53,26.34,29.2,0.71,0.71,0.71,618736360,31.5,MOD-00617,23.9,2026-02-26T09:10:20,2026-02-26T01:10:20,https://api.quant-aq.com/v1/devices/MOD-00617/data/618736209
1471.12,804.04,"{'lat': None, 'lon': None}","{'rh': 31.5, 'temp': 23.9, 'wd': 0.0, 'ws': 0.0, 'ws_scalar': 0.0}","{'gas': {'co': 13502, 'co2': 13264, 'no': 13590, 'no2': 13769, 'o3': 13749}, 'pm': {'pm1': 13212, 'pm10': 13214, 'pm25': 13213}}",2.53,26.58,29.47,0.93,0.97,0.97,618736361,31.5,MOD-00617,23.9,2026-02-26T09:09:20,2026-02-26T01:09:20,https://api.quant-aq.com/v1/devices/MOD-00617/data/618736210
1475.64,808.97,"{'lat': None, 'lon': None}","{'rh': 31.5, 'temp': 23.9, 'wd': 0.0, 'ws': 0.0, 'ws_scalar': 0.0}","{'gas': {'co': 13502, 'co2': 13264, 'no': 13590, 'no2': 13769, 'o3': 13749}, 'pm': {'pm1': 13212, 'pm10': 13214, 'pm25': 13213}}",2.54,26.58,29.73,0.61,1.29,0.69,618736362,31.5,MOD-00617,23.9,2026-02-26T09:08:20,2026-02-26T01:08:20,https://api.quant-aq.com/v1/devices/MOD-00617/data/618736211
1478.44,808.73,"{'lat': None, 'lon': None}","{'rh': 31.6, 'temp': 23.9, 'wd': 0.0, 'ws': 0.0, 'ws_scalar': 0.0}","{'gas': {'co': 13502, 'co2': 13264, 'no': 13590, 'no2': 13769, 'o3': 13749}, 'pm': {'pm1': 13212, 'pm10': 13214, 'pm25': 13213}}",2.54,26.81,29.17,0.79,0.87,0.82,618736359,31.6,MOD-00617,23.9,2026-02-26T09:07:20,2026-02-26T01:07:20,https://api.quant-aq.com/v1/devices/MOD-00617/data/618736208
1485.9,809.82,"{'lat': None, 'lon': None}","{'rh': 31.5, 'temp': 23.9, 'wd': 0.0, 'ws': 0.0, 'ws_scalar': 0.0}","{'gas': {'co': 13502, 'co2': 13264, 'no': 13590, 'no2': 13769, 'o3': 13749}, 'pm': {'pm1': 13212, 'pm10': 13214, 'pm25': 13213}}",2.53,26.34,29.47,0.65,0.87,0.68,618733835,31.5,MOD-00617,23.9,2026-02-26T09:06:20,2026-02-26T01:06:20,https://api.quant-aq.com/v1/devices/MOD-00617/data/618733684
1488.77,809.82,"{'lat': None, 'lon': None}","{'rh': 31.5, 'temp': 23.9, 'wd': 0.0, 'ws': 0.0, 'ws_scalar': 0.0}","{'gas': {'co': 13502, 'co2': 13264, 'no': 13590, 'no2': 13769, 'o3': 13749}, 'pm': {'pm1': 13212, 'pm10': 13214, 'pm25': 13213}}",2.54,26.34,29.2,0.46,0.49,0.49,618733837,31.5,MOD-00617,23.9,2026-02-26T09:05:20,2026-02-26T01:05:20,https://api.quant-aq.com/v1/devices/MOD-00617/data/618733686
1489.18,808.01,"{'lat': None, 'lon': None}","{'rh': 31.5, 'temp': 23.9, 'wd': 0.0, 'ws': 0.0, 'ws_scalar': 0.0}","{'gas': {'co': 13502, 'co2': 13264, 'no': 13590, 'no2': 13769, 'o3': 13749}, 'pm': {'pm1': 13212, 'pm10': 13214, 'pm25': 13213}}",2.54,25.87,29.47,0.56,1.19,0.58,618733833,31.5,MOD-00617,23.9,2026-02-26T09:04:20,2026-02-26T01:04:20,https://api.quant-aq.com/v1/devices/MOD-00617/data/618733683
1492.06,803.8,"{'lat': None, 'lon': None}","{'rh': 31.5, 'temp': 23.9, 'wd': 0.0, 'ws': 0.0, 'ws_scalar': 0.0}","{'gas': {'co': 13502, 'co2': 13264, 'no': 13590, 'no2': 13769, 'o3': 13749}, 'pm': {'pm1': 13212, 'pm10': 13214, 'pm25': 13213}}",2.54,25.4,29.47,0.58,0.6,0.6,618733836,31.5,MOD-00617,23.9,2026-02-26T09:03:20,2026-02-26T01:03:20,https://api.quant-aq.com/v1/devices/MOD-00617/data/618733685
1499.03,810.42,"{'lat': None, 'lon': None}","{'rh': 31.5, 'temp': 23.9, 'wd': 0.0, 'ws': 0.0, 'ws_scalar': 0.0}","{'gas': {'co': 13502, 'co2': 13264, 'no': 13590, 'no2': 13769, 'o3': 13749}, 'pm': {'pm1': 13212, 'pm10': 13214, 'pm25': 13213}}",2.54,25.63,30.53,0.52,0.52,0.52,618733834,31.5,MOD-00617,23.9,2026-02-26T09:02:20,2026-02-26T01:02:20,https://api.quant-aq.com/v1/devices/MOD-00617/data/618733682
1494.93,809.94,"{'lat': None, 'lon': None}","{'rh': 31.5, 'temp': 23.9, 'wd': 0.0, 'ws': 0.0, 'ws_scalar': 0.0}","{'gas': {'co': 13502, 'co2': 13264, 'no': 13590, 'no2': 13769, 'o3': 13749}, 'pm': {'pm1': 13212, 'pm10': 13214, 'pm25': 13213}}",2.54,25.4,29.73,0.45,0.53,0.53,618731350,31.5,MOD-00617,23.9,2026-02-26T09:01:20,2026-02-26T01:01:20,https://api.quant-aq.com/v1/devices/MOD-00617/data/618731200
1501.43,807.29,"{'lat': None, 'lon': None}","{'rh': 31.6, 'temp': 23.9, 'wd': 0.0, 'ws': 0.0, 'ws_scalar': 0.0}","{'gas': {'co': 13502, 'co2': 13264, 'no': 13590, 'no2': 13769, 'o3': 13749}, 'pm': {'pm1': 13212, 'pm10': 13214, 'pm25': 13213}}",2.54,25.63,29.97,0.42,0.42,0.42,618731352,31.6,MOD-00617,23.9,2026-02-26T09:00:20,2026-02-26T01:00:20,https://api.quant-aq.com/v1/devices/MOD-00617/data/618731202
1507.58,813.07,"{'lat': None, 'lon': None}","{'rh': 31.6, 'temp': 23.9, 'wd': 0.0, 'ws': 0.0, 'ws_scalar': 0.0}","{'gas': {'co': 13502, 'co2': 13264, 'no': 13590, 'no2': 13769, 'o3': 13749}, 'pm': {'pm1': 13212, 'pm10': 13214, 'pm25': 13213}}",2.55,25.39,30.23,0.32,0.36,0.36,618731354,31.6,MOD-00617,23.9,2026-02-26T08:59:20,2026-02-26T00:59:20,https://api.quant-aq.com/v1/devices/MOD-00617/data/618731201
1512.51,810.42,"{'lat': None, 'lon': None}","{'rh': 31.6, 'temp': 23.9, 'wd': 0.0, 'ws': 0.0, 'ws_scalar': 0.0}","{'gas': {'co': 13502, 'co2': 13264, 'no': 13590, 'no2': 13769, 'o3': 13749}, 'pm': {'pm1': 13212, 'pm10': 13214, 'pm25': 13213}}",2.55,25.87,30.23,0.51,1.07,0.55,618731351,31.6,MOD-00617,23.9,2026-02-26T08:58:20,2026-02-26T00:58:20,https://api.quant-aq.com/v1/devices/MOD-00617/data/618731199
1512.92,804.04,"{'lat': None, 'lon': None}","{'rh': 31.6, 'temp': 23.9, 'wd': 0.0, 'ws': 0.0, 'ws_scalar': 0.0}","{'gas': {'co': 13502, 'co2': 13264, 'no': 13590, 'no2': 13769, 'o3': 13749}, 'pm': {'pm1': 13212, 'pm10': 13214, 'pm25': 13213}}",2.55,25.39,30.23,0.46,0.5,0.5,618731353,31.6,MOD-00617,23.9,2026-02-26T08:57:20,2026-02-26T00:57:20,https://api.quant-aq.com/v1/devices/MOD-00617/data/618731203
1519.08,811.02,"{'lat': None, 'lon': None}","{'rh': 31.6, 'temp': 23.9, 'wd': 0.0, 'ws': 0.0, 'ws_scalar': 0.0}","{'gas': {'co': 13502, 'co2': 13264, 'no': 13590, 'no2': 13769, 'o3': 13749}, 'pm': {'pm1': 13212, 'pm10': 13214, 'pm25': 13213}}",2.54,25.16,30.23,0.33,0.46,0.41,618728825,31.6,MOD-00617,23.9,2026-02-26T08:56:20,2026-02-26T00:56:20,https://api.quant-aq.com/v1/devices/MOD-00617/data/618728674
1534.68,809.7,"{'lat': None, 'lon': None}","{'rh': 31.6, 'temp': 23.9, 'wd': 0.0, 'ws': 0.0, 'ws_scalar': 0.0}","{'gas': {'co': 13502, 'co2': 13264, 'no': 13590, 'no2': 13769, 'o3': 13749}, 'pm': {'pm1': 13212, 'pm10': 13214, 'pm25': 13213}}",2.55,25.87,30.23,0.41,12.06,0.46,618728826,31.6,MOD-00617,23.9,2026-02-26T08:55:20,2026-02-26T00:55:20,https://api.quant-aq.com/v1/devices/MOD-00617/data/618728675
1548.63,811.26,"{'lat': None, 'lon': None}","{'rh': 31.6, 'temp': 23.9, 'wd': 0.0, 'ws': 0.0, 'ws_scalar': 0.0}","{'gas': {'co': 13502, 'co2': 13264, 'no': 13590, 'no2': 13769, 'o3': 13749}, 'pm': {'pm1': 13212, 'pm10': 13214, 'pm25': 13213}}",2.54,25.63,29.97,0.61,0.78,0.69,618728824,31.6,MOD-00617,23.9,2026-02-26T08:54:20,2026-02-26T00:54:20,https://api.quant-aq.com/v1/devices/MOD-00617/data/618728673
1537.07,810.9,"{'lat': None, 'lon': None}","{'rh': 31.7, 'temp': 23.9, 'wd': 0.0, 'ws': 0.0, 'ws_scalar': 0.0}","{'gas': {'co': 13502, 'co2': 13264, 'no': 13590, 'no2': 13769, 'o3': 13749}, 'pm': {'pm1': 13212, 'pm10': 13214, 'pm25': 13213}}",2.56,25.86,30.2,0.38,11.1,0.48,618728823,31.7,MOD-00617,23.9,2026-02-26T08:53:20,2026-02-26T00:53:20,https://api.quant-aq.com/v1/devices/MOD-00617/data/618728671
1526.81,812.95,"{'lat': None, 'lon': None}","{'rh': 31.7, 'temp': 23.9, 'wd': 0.0, 'ws': 0.0, 'ws_scalar': 0.0}","{'gas': {'co': 13502, 'co2': 13264, 'no': 13590, 'no2': 13769, 'o3': 13749}, 'pm': {'pm1': 13212, 'pm10': 13214, 'pm25': 13213}}",2.56,25.86,30.2,0.52,3.36,0.58,618728822,31.7,MOD-00617,23.9,2026-02-26T08:52:20,2026-02-26T00:52:20,https://api.quant-aq.com/v1/devices/MOD-00617/data/618728672
1523.52,816.08,"{'lat': None, 'lon': None}","{'rh': 31.7, 'temp': 23.9, 'wd': 0.0, 'ws': 0.0, 'ws_scalar': 0.0}","{'gas': {'co': 13502, 'co2': 13264, 'no': 13590, 'no2': 13769, 'o3': 13749}, 'pm': {'pm1': 13212, 'pm10': 13214, 'pm25': 13213}}",2.55,26.1,29.94,0.52,0.53,0.53,618726272,31.7,MOD-00617,23.9,2026-02-26T08:51:20,2026-02-26T00:51:20,https://api.quant-aq.com/v1/devices/MOD-00617/data/618726122
1522.29,810.54,"{'lat': None, 'lon': None}","{'rh': 31.7, 'temp': 23.9, 'wd': 0.0, 'ws': 0.0, 'ws_scalar': 0.0}","{'gas': {'co': 13502, 'co2': 13264, 'no': 13590, 'no2': 13769, 'o3': 13749}, 'pm': {'pm1': 13212, 'pm10': 13214, 'pm25': 13213}}",2.56,26.1,30.2,0.47,0.63,0.58,618726274,31.7,MOD-00617,23.9,2026-02-26T08:50:20,2026-02-26T00:50:20,https://api.quant-aq.com/v1/devices/MOD-00617/data/618726124
1519.83,815.72,"{'lat': None, 'lon': None}","{'rh': 31.7, 'temp': 23.9, 'wd': 0.0, 'ws': 0.0, 'ws_scalar': 0.0}","{'gas': {'co': 13502, 'co2': 13264, 'no': 13590, 'no2': 13769, 'o3': 13749}, 'pm': {'pm1': 13212, 'pm10': 13214, 'pm25': 13213}}",2.55,25.86,29.68,0.53,11.27,0.63,618726271,31.7,MOD-00617,23.9,2026-02-26T08:49:20,2026-02-26T00:49:20,https://api.quant-aq.com/v1/devices/MOD-00617/data/618726119
1521.88,816.2,"{'lat': None, 'lon': None}","{'rh': 31.7, 'temp': 23.9, 'wd': 0.0, 'ws': 0.0, 'ws_scalar': 0.0}","{'gas': {'co': 13502, 'co2': 13264, 'no': 13590, 'no2': 13769, 'o3': 13749}, 'pm': {'pm1': 13212, 'pm10': 13214, 'pm25': 13213}}",2.6,25.62,29.94,0.4,4.61,0.46,618726270,31.7,MOD-00617,23.9,2026-02-26T08:48:20,2026-02-26T00:48:20,https://api.quant-aq.com/v1/devices/MOD-00617/data/618726120
1523.59,807.17,"{'lat': None, 'lon': None}","{'rh': 31.6, 'temp': 23.9, 'wd': 0.0, 'ws': 0.0, 'ws_scalar': 0.0}","{'gas': {'co': 13502, 'co2': 13264, 'no': 13590, 'no2': 13769, 'o3': 13749}, 'pm': {'pm1': 13212, 'pm10': 13214, 'pm25': 13213}}",2.55,25.87,30.23,0.56,3.14,0.69,618726269,31.6,MOD-00617,23.9,2026-02-26T08:47:20,2026-02-26T00:47:20,https://api.quant-aq.com/v1/devices/MOD-00617/data/618726118
1520.31,803.43,"{'lat': None, 'lon': None}","{'rh': 31.6, 'temp': 23.9, 'wd': 0.0, 'ws': 0.0, 'ws_scalar': 0.0}","{'gas': {'co': 13502, 'co2': 13264, 'no': 13590, 'no2': 13769, 'o3': 13749}, 'pm': {'pm1': 13212, 'pm10': 13214, 'pm25': 13213}}",2.55,26.58,29.7,0.5,3.46,0.62,618723756,31.6,MOD-00617,23.9,2026-02-26T08:46:20,2026-02-26T00:46:20,https://api.quant-aq.com/v1/devices/MOD-00617/data/618723604
1518.67,805.0,"{'lat': None, 'lon': None}","{'rh': 31.6, 'temp': 23.9, 'wd': 0.0, 'ws': 0.0, 'ws_scalar': 0.0}","{'gas': {'co': 13502, 'co2': 13264, 'no': 13590, 'no2': 13769, 'o3': 13749}, 'pm': {'pm1': 13212, 'pm10': 13214, 'pm25': 13213}}",2.54,26.58,29.97,0.52,3.43,0.63,618723758,31.6,MOD-00617,23.9,2026-02-26T08:45:20,2026-02-26T00:45:20,https://api.quant-aq.com/v1/devices/MOD-00617/data/618723607
1516.62,810.9,"{'lat': None, 'lon': None}","{'rh': 31.6, 'temp': 23.9, 'wd': 0.0, 'ws': 0.0, 'ws_scalar': 0.0}","{'gas': {'co': 13502, 'co2': 13264, 'no': 13590, 'no2': 13769, 'o3': 13749}, 'pm': {'pm1': 13212, 'pm10': 13214, 'pm25': 13213}}",2.55,26.34,30.23,0.68,0.77,0.73,618723757,31.6,MOD-00617,23.9,2026-02-26T08:44:20,2026-02-26T00:44:20,https://api.quant-aq.com/v1/devices/MOD-00617/data/618723606
1514.56,813.07,"{'lat': None, 'lon': None}","{'rh': 31.6, 'temp': 23.9, 'wd': 0.0, 'ws': 0.0, 'ws_scalar': 0.0}","{'gas': {'co': 13502, 'co2': 13264, 'no': 13590, 'no2': 13769, 'o3': 13749}, 'pm': {'pm1': 13212, 'pm10': 13214, 'pm25': 13213}}",2.55,25.63,30.76,0.58,1.28,0.72,618723755,31.6,MOD-00617,23.9,2026-02-26T08:43:20,2026-02-26T00:43:20,https://api.quant-aq.com/v1/devices/MOD-00617/data/618723605
1510.46,803.31,"{'lat': None, 'lon': None}","{'rh': 31.6, 'temp': 23.9, 'wd': 0.0, 'ws': 0.0, 'ws_scalar': 0.0}","{'gas': {'co': 13502, 'co2': 13264, 'no': 13590, 'no2': 13769, 'o3': 13749}, 'pm': {'pm1': 13212, 'pm10': 13214, 'pm25': 13213}}",2.55,26.1,29.97,0.48,0.5,0.5,618723759,31.6,MOD-00617,23.9,2026-02-26T08:42:20,2026-02-26T00:42:20,https://api.quant-aq.com/v1/devices/MOD-00617/data/618723608
1510.46,812.11,"{'lat': None, 'lon': None}","{'rh': 31.6, 'temp': 23.9, 'wd': 0.0, 'ws': 0.0, 'ws_scalar': 0.0}","{'gas': {'co': 13502, 'co2': 13264, 'no': 13590, 'no2': 13769, 'o3': 13749}, 'pm': {'pm1': 13212, 'pm10': 13214, 'pm25': 13213}}",2.55,26.1,29.97,0.55,0.59,0.59,618721254,31.6,MOD-00617,23.9,2026-02-26T08:41:20,2026-02-26T00:41:20,https://api.quant-aq.com/v1/devices/MOD-00617/data/618721103
1506.28,813.79,"{'lat': None, 'lon': None}","{'rh': 31.7, 'temp': 23.9, 'wd': 0.0, 'ws': 0.0, 'ws_scalar': 0.0}","{'gas': {'co': 13502, 'co2': 13264, 'no': 13590, 'no2': 13769, 'o3': 13749}, 'pm': {'pm1': 13212, 'pm10': 13214, 'pm25': 13213}}",2.55,27.05,30.47,0.63,1.02,0.66,618721256,31.7,MOD-00617,23.9,2026-02-26T08:40:20,2026-02-26T00:40:20,https://api.quant-aq.com/v1/devices/MOD-00617/data/618721105
1505.87,815.84,"{'lat': None, 'lon': None}","{'rh': 31.7, 'temp': 23.9, 'wd': 0.0, 'ws': 0.0, 'ws_scalar': 0.0}","{'gas': {'co': 13502, 'co2': 13264, 'no': 13590, 'no2': 13769, 'o3': 13749}, 'pm': {'pm1': 13212, 'pm10': 13214, 'pm25': 13213}}",2.55,26.1,29.94,0.6,1.04,0.63,618721252,31.7,MOD-00617,23.9,2026-02-26T08:39:20,2026-02-26T00:39:20,https://api.quant-aq.com/v1/devices/MOD-00617/data/618721102
1505.53,814.88,"{'lat': None, 'lon': None}","{'rh': 31.6, 'temp': 23.9, 'wd': 0.0, 'ws': 0.0, 'ws_scalar': 0.0}","{'gas': {'co': 13502, 'co2': 13264, 'no': 13590, 'no2': 13769, 'o3': 13749}, 'pm': {'pm1': 13212, 'pm10': 13214, 'pm25': 13213}}",2.55,26.81,29.97,0.58,10.8,0.59,618721253,31.6,MOD-00617,23.9,2026-02-26T08:38:20,2026-02-26T00:38:20,https://api.quant-aq.com/v1/devices/MOD-00617/data/618721101
1503.07,813.91,"{'lat': None, 'lon': None}","{'rh': 31.6, 'temp': 23.9, 'wd': 0.0, 'ws': 0.0, 'ws_scalar': 0.0}","{'gas': {'co': 13502, 'co2': 13264, 'no': 13590, 'no2': 13769, 'o3': 13749}, 'pm': {'pm1': 13212, 'pm10': 13214, 'pm25': 13213}}",2.55,26.81,29.97,0.88,1.08,0.89,618721255,31.6,MOD-00617,23.9,2026-02-26T08:37:20,2026-02-26T00:37:20,https://api.quant-aq.com/v1/devices/MOD-00617/data/618721104
1500.53,815.12,"{'lat': None, 'lon': None}","{'rh': 31.7, 'temp': 23.9, 'wd': 0.0, 'ws': 0.0, 'ws_scalar': 0.0}","{'gas': {'co': 13502, 'co2': 13264, 'no': 13590, 'no2': 13769, 'o3': 13749}, 'pm': {'pm1': 13212, 'pm10': 13214, 'pm25': 13213}}",2.55,26.81,30.2,0.71,0.92,0.74,618718734,31.7,MOD-00617,23.9,2026-02-26T08:36:20,2026-02-26T00:36:20,https://api.quant-aq.com/v1/devices/MOD-00617/data/618718583
1498.89,816.2,"{'lat': None, 'lon': None}","{'rh': 31.7, 'temp': 23.9, 'wd': 0.0, 'ws': 0.0, 'ws_scalar': 0.0}","{'gas': {'co': 13502, 'co2': 13264, 'no': 13590, 'no2': 13769, 'o3': 13749}, 'pm': {'pm1': 13212, 'pm10': 13214, 'pm25': 13213}}",2.55,26.34,29.94,0.6,1.55,0.7,618718736,31.7,MOD-00617,23.9,2026-02-26T08:35:20,2026-02-26T00:35:20,https://api.quant-aq.com/v1/devices/MOD-00617/data/618718585
1494.86,807.29,"{'lat': None, 'lon': None}","{'rh': 31.6, 'temp': 23.9, 'wd': 0.0, 'ws': 0.0, 'ws_scalar': 0.0}","{'gas': {'co': 13502, 'co2': 13264, 'no': 13590, 'no2': 13769, 'o3': 13749}, 'pm': {'pm1': 13212, 'pm10': 13214, 'pm25': 13213}}",2.54,26.58,29.97,0.67,2.8,0.77,618718738,31.6,MOD-00617,23.9,2026-02-26T08:34:20,2026-02-26T00:34:20,https://api.quant-aq.com/v1/devices/MOD-00617/data/618718587
1500.19,805.96,"{'lat': None, 'lon': None}","{'rh': 31.6, 'temp': 23.9, 'wd': 0.0, 'ws': 0.0, 'ws_scalar': 0.0}","{'gas': {'co': 13502, 'co2': 13264, 'no': 13590, 'no2': 13769, 'o3': 13749}, 'pm': {'pm1': 13212, 'pm10': 13214, 'pm25': 13213}}",2.54,27.05,29.97,0.47,0.62,0.52,618718735,31.6,MOD-00617,23.9,2026-02-26T08:33:20,2026-02-26T00:33:20,https://api.quant-aq.com/v1/devices/MOD-00617/data/618718584
1496.09,803.43,"{'lat': None, 'lon': None}","{'rh': 31.6, 'temp': 23.9, 'wd': 0.0, 'ws': 0.0, 'ws_scalar': 0.0}","{'gas': {'co': 13502, 'co2': 13264, 'no': 13590, 'no2': 13769, 'o3': 13749}, 'pm': {'pm1': 13212, 'pm10': 13214, 'pm25': 13213}}",2.54,26.81,30.23,0.64,0.76,0.71,618718737,31.6,MOD-00617,23.9,2026-02-26T08:32:20,2026-02-26T00:32:20,https://api.quant-aq.com/v1/devices/MOD-00617/data/618718586
1492.81,805.12,"{'lat': None, 'lon': None}","{'rh': 31.6, 'temp': 23.9, 'wd': 0.0, 'ws': 0.0, 'ws_scalar': 0.0}","{'gas': {'co': 13502, 'co2': 13264, 'no': 13590, 'no2': 13769, 'o3': 13749}, 'pm': {'pm1': 13212, 'pm10': 13214, 'pm25': 13213}}",2.54,27.29,30.23,0.56,0.62,0.62,618716224,31.6,MOD-00617,23.9,2026-02-26T08:31:20,2026-02-26T00:31:20,https://api.quant-aq.com/v1/devices/MOD-00617/data/618716073
1498.96,806.44,"{'lat': None, 'lon': None}","{'rh': 31.6, 'temp': 23.9, 'wd': 0.0, 'ws': 0.0, 'ws_scalar': 0.0}","{'gas': {'co': 13502, 'co2': 13264, 'no': 13590, 'no2': 13769, 'o3': 13749}, 'pm': {'pm1': 13212, 'pm10': 13214, 'pm25': 13213}}",2.53,26.58,29.7,0.61,2.6,0.66,618716223,31.6,MOD-00617,23.9,2026-02-26T08:30:20,2026-02-26T00:30:20,https://api.quant-aq.com/v1/devices/MOD-00617/data/618716072
1497.32,806.93,"{'lat': None, 'lon': None}","{'rh': 31.6, 'temp': 23.9, 'wd': 0.0, 'ws': 0.0, 'ws_scalar': 0.0}","{'gas': {'co': 13502, 'co2': 13264, 'no': 13590, 'no2': 13769, 'o3': 13749}, 'pm': {'pm1': 13212, 'pm10': 13214, 'pm25': 13213}}",2.53,26.81,29.97,0.59,0.78,0.59,618716221,31.6,MOD-00617,23.9,2026-02-26T08:29:20,2026-02-26T00:29:20,https://api.quant-aq.com/v1/devices/MOD-00617/data/618716070
1492.81,803.43,"{'lat': None, 'lon': None}","{'rh': 31.6, 'temp': 23.9, 'wd': 0.0, 'ws': 0.0, 'ws_scalar': 0.0}","{'gas': {'co': 13502, 'co2': 13264, 'no': 13590, 'no2': 13769, 'o3': 13749}, 'pm': {'pm1': 13212, 'pm10': 13214, 'pm25': 13213}}",2.54,26.81,29.7,0.52,0.61,0.57,618716222,31.6,MOD-00617,23.9,2026-02-26T08:28:20,2026-02-26T00:28:20,https://api.quant-aq.com/v1/devices/MOD-00617/data/618716071
1497.32,806.81,"{'lat': None, 'lon': None}","{'rh': 31.6, 'temp': 23.9, 'wd': 0.0, 'ws': 0.0, 'ws_scalar': 0.0}","{'gas': {'co': 13502, 'co2': 13264, 'no': 13590, 'no2': 13769, 'o3': 13749}, 'pm': {'pm1': 13212, 'pm10': 13214, 'pm25': 13213}}",2.54,27.05,29.97,0.53,6.11,0.6,618716220,31.6,MOD-00617,23.9,2026-02-26T08:27:20,2026-02-26T00:27:20,https://api.quant-aq.com/v1/devices/MOD-00617/data/618716069
1498.96,803.67,"{'lat': None, 'lon': None}","{'rh': 31.6, 'temp': 23.9, 'wd': 0.0, 'ws': 0.0, 'ws_scalar': 0.0}","{'gas': {'co': 13502, 'co2': 13264, 'no': 13590, 'no2': 13769, 'o3': 13749}, 'pm': {'pm1': 13212, 'pm10': 13214, 'pm25': 13213}}",2.54,27.05,29.7,0.48,0.48,0.48,618713682,31.6,MOD-00617,23.9,2026-02-26T08:26:20,2026-02-26T00:26:20,https://api.quant-aq.com/v1/devices/MOD-00617/data/618713531
1495.68,805.36,"{'lat': None, 'lon': None}","{'rh': 31.6, 'temp': 23.9, 'wd': 0.0, 'ws': 0.0, 'ws_scalar': 0.0}","{'gas': {'co': 13502, 'co2': 13264, 'no': 13590, 'no2': 13769, 'o3': 13749}, 'pm': {'pm1': 13212, 'pm10': 13214, 'pm25': 13213}}",2.54,27.05,29.7,0.56,0.71,0.66,618713683,31.6,MOD-00617,23.9,2026-02-26T08:25:20,2026-02-26T00:25:20,https://api.quant-aq.com/v1/devices/MOD-00617/data/618713532
1491.91,807.89,"{'lat': None, 'lon': None}","{'rh': 31.7, 'temp': 23.9, 'wd': 0.0, 'ws': 0.0, 'ws_scalar': 0.0}","{'gas': {'co': 13502, 'co2': 13264, 'no': 13590, 'no2': 13769, 'o3': 13749}, 'pm': {'pm1': 13212, 'pm10': 13214, 'pm25': 13213}}",2.55,26.81,29.68,1.02,1.12,1.08,618713686,31.7,MOD-00617,23.9,2026-02-26T08:24:20,2026-02-26T00:24:20,https://api.quant-aq.com/v1/devices/MOD-00617/data/618713533
1491.5,807.89,"{'lat': None, 'lon': None}","{'rh': 31.7, 'temp': 23.9, 'wd': 0.0, 'ws': 0.0, 'ws_scalar': 0.0}","{'gas': {'co': 13502, 'co2': 13264, 'no': 13590, 'no2': 13769, 'o3': 13749}, 'pm': {'pm1': 13212, 'pm10': 13214, 'pm25': 13213}}",2.55,27.28,29.41,0.53,1.17,0.58,618713685,31.7,MOD-00617,23.9,2026-02-26T08:23:20,2026-02-26T00:23:20,https://api.quant-aq.com/v1/devices/MOD-00617/data/618713535
1489.45,815.0,"{'lat': None, 'lon': None}","{'rh': 31.7, 'temp': 23.9, 'wd': 0.0, 'ws': 0.0, 'ws_scalar': 0.0}","{'gas': {'co': 13502, 'co2': 13264, 'no': 13590, 'no2': 13769, 'o3': 13749}, 'pm': {'pm1': 13212, 'pm10': 13214, 'pm25': 13213}}",2.55,27.05,29.68,0.47,7.51,0.52,618713684,31.7,MOD-00617,23.9,2026-02-26T08:22:20,2026-02-26T00:22:20,https://api.quant-aq.com/v1/devices/MOD-00617/data/618713534
1480.83,813.43,"{'lat': None, 'lon': None}","{'rh': 31.7, 'temp': 23.9, 'wd': 0.0, 'ws': 0.0, 'ws_scalar': 0.0}","{'gas': {'co': 13502, 'co2': 13264, 'no': 13590, 'no2': 13769, 'o3': 13749}, 'pm': {'pm1': 13212, 'pm10': 13214, 'pm25': 13213}}",2.55,27.52,29.68,0.6,0.78,0.68,618711159,31.7,MOD-00617,23.9,2026-02-26T08:21:20,2026-02-26T00:21:20,https://api.quant-aq.com/v1/devices/MOD-00617/data/618711008
1482.06,813.91,"{'lat': None, 'lon': None}","{'rh': 31.7, 'temp': 23.9, 'wd': 0.0, 'ws': 0.0, 'ws_scalar': 0.0}","{'gas': {'co': 13502, 'co2': 13264, 'no': 13590, 'no2': 13769, 'o3': 13749}, 'pm': {'pm1': 13212, 'pm10': 13214, 'pm25': 13213}}",2.55,26.81,29.94,0.71,3.03,0.77,618711156,31.7,MOD-00617,23.9,2026-02-26T08:20:20,2026-02-26T00:20:20,https://api.quant-aq.com/v1/devices/MOD-00617/data/618711005
1478.78,813.43,"{'lat': None, 'lon': None}","{'rh': 31.7, 'temp': 23.9, 'wd': 0.0, 'ws': 0.0, 'ws_scalar': 0.0}","{'gas': {'co': 13502, 'co2': 13264, 'no': 13590, 'no2': 13769, 'o3': 13749}, 'pm': {'pm1': 13212, 'pm10': 13214, 'pm25': 13213}}",2.55,27.76,29.41,0.54,1.23,0.69,618711160,31.7,MOD-00617,23.9,2026-02-26T08:19:20,2026-02-26T00:19:20,https://api.quant-aq.com/v1/devices/MOD-00617/data/618711009
1479.53,819.81,"{'lat': None, 'lon': None}","{'rh': 31.8, 'temp': 23.9, 'wd': 0.0, 'ws': 0.0, 'ws_scalar': 0.0}","{'gas': {'co': 13502, 'co2': 13264, 'no': 13590, 'no2': 13769, 'o3': 13749}, 'pm': {'pm1': 13212, 'pm10': 13214, 'pm25': 13213}}",2.61,26.8,29.91,0.61,1.93,0.73,618711158,31.8,MOD-00617,23.9,2026-02-26T08:18:20,2026-02-26T00:18:20,https://api.quant-aq.com/v1/devices/MOD-00617/data/618711007
1465.16,819.69,"{'lat': None, 'lon': None}","{'rh': 31.8, 'temp': 23.9, 'wd': 0.0, 'ws': 0.0, 'ws_scalar': 0.0}","{'gas': {'co': 13502, 'co2': 13264, 'no': 13590, 'no2': 13769, 'o3': 13749}, 'pm': {'pm1': 13212, 'pm10': 13214, 'pm25': 13213}}",2.6,27.04,29.65,0.68,1.32,0.73,618711157,31.8,MOD-00617,23.9,2026-02-26T08:17:20,2026-02-26T00:17:20,https://api.quant-aq.com/v1/devices/MOD-00617/data/618711006
1461.47,817.28,"{'lat': None, 'lon': None}","{'rh': 31.8, 'temp': 23.9, 'wd': 0.0, 'ws': 0.0, 'ws_scalar': 0.0}","{'gas': {'co': 13502, 'co2': 13264, 'no': 13590, 'no2': 13769, 'o3': 13749}, 'pm': {'pm1': 13212, 'pm10': 13214, 'pm25': 13213}}",2.6,27.28,29.12,0.69,1.09,0.84,618708617,31.8,MOD-00617,23.9,2026-02-26T08:16:20,2026-02-26T00:16:20,https://api.quant-aq.com/v1/devices/MOD-00617/data/618708466
1463.93,818.73,"{'lat': None, 'lon': None}","{'rh': 31.8, 'temp': 23.9, 'wd': 0.0, 'ws': 0.0, 'ws_scalar': 0.0}","{'gas': {'co': 13502, 'co2': 13264, 'no': 13590, 'no2': 13769, 'o3': 13749}, 'pm': {'pm1': 13212, 'pm10': 13214, 'pm25': 13213}}",2.6,26.8,29.91,0.71,1.11,0.81,618708618,31.8,MOD-00617,23.9,2026-02-26T08:15:20,2026-02-26T00:15:20,https://api.quant-aq.com/v1/devices/MOD-00617/data/618708467
1459.82,821.14,"{'lat': None, 'lon': None}","{'rh': 31.8, 'temp': 23.9, 'wd': 0.0, 'ws': 0.0, 'ws_scalar': 0.0}","{'gas': {'co': 13502, 'co2': 13264, 'no': 13590, 'no2': 13769, 'o3': 13749}, 'pm': {'pm1': 13212, 'pm10': 13214, 'pm25': 13213}}",2.6,27.52,29.65,0.72,0.85,0.8,618708619,31.8,MOD-00617,23.9,2026-02-26T08:14:20,2026-02-26T00:14:20,https://api.quant-aq.com/v1/devices/MOD-00617/data/618708468
1446.62,822.71,"{'lat': None, 'lon': None}","{'rh': 31.9, 'temp': 23.9, 'wd': 0.0, 'ws': 0.0, 'ws_scalar': 0.0}","{'gas': {'co': 13502, 'co2': 13264, 'no': 13590, 'no2': 13769, 'o3': 13749}, 'pm': {'pm1': 13212, 'pm10': 13214, 'pm25': 13213}}",2.61,27.27,29.62,0.69,3.46,0.79,618708615,31.9,MOD-00617,23.9,2026-02-26T08:13:20,2026-02-26T00:13:20,https://api.quant-aq.com/v1/devices/MOD-00617/data/618708464
1452.36,825.96,"{'lat': None, 'lon': None}","{'rh': 31.9, 'temp': 23.9, 'wd': 0.0, 'ws': 0.0, 'ws_scalar': 0.0}","{'gas': {'co': 13502, 'co2': 13264, 'no': 13590, 'no2': 13769, 'o3': 13749}, 'pm': {'pm1': 13212, 'pm10': 13214, 'pm25': 13213}}",2.61,26.56,29.62,0.6,16.61,0.78,618708616,31.9,MOD-00617,23.9,2026-02-26T08:12:20,2026-02-26T00:12:20,https://api.quant-aq.com/v1/devices/MOD-00617/data/618708465
1460.16,828.13,"{'lat': None, 'lon': None}","{'rh': 31.9, 'temp': 23.9, 'wd': 0.0, 'ws': 0.0, 'ws_scalar': 0.0}","{'gas': {'co': 13502, 'co2': 13264, 'no': 13590, 'no2': 13769, 'o3': 13749}, 'pm': {'pm1': 13212, 'pm10': 13214, 'pm25': 13213}}",2.61,26.8,29.35,0.5,14.62,0.75,618706085,31.9,MOD-00617,23.9,2026-02-26T08:11:20,2026-02-26T00:11:20,https://api.quant-aq.com/v1/devices/MOD-00617/data/618705934
1446.54,826.56,"{'lat': None, 'lon': None}","{'rh': 32.0, 'temp': 23.9, 'wd': 0.0, 'ws': 0.0, 'ws_scalar': 0.0}","{'gas': {'co': 13502, 'co2': 13264, 'no': 13590, 'no2': 13769, 'o3': 13749}, 'pm': {'pm1': 13212, 'pm10': 13214, 'pm25': 13213}}",2.63,26.56,29.06,0.81,16.1,1.14,618706087,32.0,MOD-00617,23.9,2026-02-26T08:10:20,2026-02-26T00:10:20,https://api.quant-aq.com/v1/devices/MOD-00617/data/618705936
1432.18,823.67,"{'lat': None, 'lon': None}","{'rh': 32.0, 'temp': 23.9, 'wd': 0.0, 'ws': 0.0, 'ws_scalar': 0.0}","{'gas': {'co': 13502, 'co2': 13264, 'no': 13590, 'no2': 13769, 'o3': 13749}, 'pm': {'pm1': 13212, 'pm10': 13214, 'pm25': 13213}}",2.63,26.56,29.86,0.67,4.51,0.87,618706084,32.0,MOD-00617,23.9,2026-02-26T08:09:20,2026-02-26T00:09:20,https://api.quant-aq.com/v1/devices/MOD-00617/data/618705935
1430.12,819.69,"{'lat': None, 'lon': None}","{'rh': 32.0, 'temp': 23.9, 'wd': 0.0, 'ws': 0.0, 'ws_scalar': 0.0}","{'gas': {'co': 13502, 'co2': 13264, 'no': 13590, 'no2': 13769, 'o3': 13749}, 'pm': {'pm1': 13212, 'pm10': 13214, 'pm25': 13213}}",2.62,27.03,29.86,0.73,1.92,0.88,618706086,32.0,MOD-00617,23.9,2026-02-26T08:08:20,2026-02-26T00:08:20,https://api.quant-aq.com/v1/devices/MOD-00617/data/618705933
1421.5,824.99,"{'lat': None, 'lon': None}","{'rh': 32.0, 'temp': 23.9, 'wd': 0.0, 'ws': 0.0, 'ws_scalar': 0.0}","{'gas': {'co': 13502, 'co2': 13264, 'no': 13590, 'no2': 13769, 'o3': 13749}, 'pm': {'pm1': 13212, 'pm10': 13214, 'pm25': 13213}}",2.63,26.09,29.86,1.02,3.88,1.16,618704068,32.0,MOD-00617,23.9,2026-02-26T08:07:20,2026-02-26T00:07:20,https://api.quant-aq.com/v1/devices/MOD-00617/data/618703916
1421.5,815.96,"{'lat': None, 'lon': None}","{'rh': 32.0, 'temp': 23.9, 'wd': 0.0, 'ws': 0.0, 'ws_scalar': 0.0}","{'gas': {'co': 13502, 'co2': 13264, 'no': 13590, 'no2': 13769, 'o3': 13749}, 'pm': {'pm1': 13212, 'pm10': 13214, 'pm25': 13213}}",2.63,26.56,29.32,0.85,3.12,1.07,618704070,32.0,MOD-00617,23.9,2026-02-26T08:06:20,2026-02-26T00:06:20,https://api.quant-aq.com/v1/devices/MOD-00617/data/618703919
1413.6,817.89,"{'lat': None, 'lon': None}","{'rh': 32.0, 'temp': 23.8, 'wd': 0.0, 'ws': 0.0, 'ws_scalar': 0.0}","{'gas': {'co': 13502, 'co2': 13264, 'no': 13590, 'no2': 13769, 'o3': 13749}, 'pm': {'pm1': 13212, 'pm10': 13214, 'pm25': 13213}}",2.63,26.08,29.57,0.56,6.25,0.78,618704069,32.0,MOD-00617,23.8,2026-02-26T08:05:20,2026-02-26T00:05:20,https://api.quant-aq.com/v1/devices/MOD-00617/data/618703918
1408.26,816.2,"{'lat': None, 'lon': None}","{'rh': 32.0, 'temp': 23.8, 'wd': 0.0, 'ws': 0.0, 'ws_scalar': 0.0}","{'gas': {'co': 13502, 'co2': 13264, 'no': 13590, 'no2': 13769, 'o3': 13749}, 'pm': {'pm1': 13212, 'pm10': 13214, 'pm25': 13213}}",2.63,26.32,29.84,0.61,15.78,0.96,618704067,32.0,MOD-00617,23.8,2026-02-26T08:04:20,2026-02-26T00:04:20,https://api.quant-aq.com/v1/devices/MOD-00617/data/618703917
1407.85,821.26,"{'lat': None, 'lon': None}","{'rh': 32.0, 'temp': 23.8, 'wd': 0.0, 'ws': 0.0, 'ws_scalar': 0.0}","{'gas': {'co': 13502, 'co2': 13264, 'no': 13590, 'no2': 13769, 'o3': 13749}, 'pm': {'pm1': 13212, 'pm10': 13214, 'pm25': 13213}}",2.63,26.08,29.57,0.52,17.86,0.71,618702034,32.0,MOD-00617,23.8,2026-02-26T08:03:20,2026-02-26T00:03:20,https://api.quant-aq.com/v1/devices/MOD-00617/data/618701883
1406.55,819.93,"{'lat': None, 'lon': None}","{'rh': 32.1, 'temp': 23.8, 'wd': 0.0, 'ws': 0.0, 'ws_scalar': 0.0}","{'gas': {'co': 13502, 'co2': 13264, 'no': 13590, 'no2': 13769, 'o3': 13749}, 'pm': {'pm1': 13212, 'pm10': 13214, 'pm25': 13213}}",2.64,26.07,30.08,0.51,3.12,0.57,618702037,32.1,MOD-00617,23.8,2026-02-26T08:02:20,2026-02-26T00:02:20,https://api.quant-aq.com/v1/devices/MOD-00617/data/618701886
1399.57,815.6,"{'lat': None, 'lon': None}","{'rh': 32.1, 'temp': 23.8, 'wd': 0.0, 'ws': 0.0, 'ws_scalar': 0.0}","{'gas': {'co': 13502, 'co2': 13264, 'no': 13590, 'no2': 13769, 'o3': 13749}, 'pm': {'pm1': 13212, 'pm10': 13214, 'pm25': 13213}}",2.64,26.07,29.81,0.58,2.68,0.76,618702036,32.1,MOD-00617,23.8,2026-02-26T08:01:20,2026-02-26T00:01:20,https://api.quant-aq.com/v1/devices/MOD-00617/data/618701884
1396.77,810.18,"{'lat': None, 'lon': None}","{'rh': 32.0, 'temp': 23.8, 'wd': 0.0, 'ws': 0.0, 'ws_scalar': 0.0}","{'gas': {'co': 13502, 'co2': 13264, 'no': 13590, 'no2': 13769, 'o3': 13749}, 'pm': {'pm1': 13212, 'pm10': 13214, 'pm25': 13213}}",2.63,25.6,29.31,0.66,13.23,0.78,618702033,32.0,MOD-00617,23.8,2026-02-26T08:00:20,2026-02-26T00:00:20,https://api.quant-aq.com/v1/devices/MOD-00617/data/618701882
1395.94,804.04,"{'lat': None, 'lon': None}","{'rh': 32.0, 'temp': 23.8, 'wd': 0.0, 'ws': 0.0, 'ws_scalar': 0.0}","{'gas': {'co': 13502, 'co2': 13264, 'no': 13590, 'no2': 13769, 'o3': 13749}, 'pm': {'pm1': 13212, 'pm10': 13214, 'pm25': 13213}}",2.63,25.13,29.57,0.59,0.82,0.73,618702035,32.0,MOD-00617,23.8,2026-02-26T07:59:20,2026-02-25T23:59:20,https://api.quant-aq.com/v1/devices/MOD-00617/data/618701885
1391.84,802.35,"{'lat': None, 'lon': None}","{'rh': 32.0, 'temp': 23.8, 'wd': 0.0, 'ws': 0.0, 'ws_scalar': 0.0}","{'gas': {'co': 13502, 'co2': 13264, 'no': 13590, 'no2': 13769, 'o3': 13749}, 'pm': {'pm1': 13212, 'pm10': 13214, 'pm25': 13213}}",2.63,25.6,29.84,0.47,2.75,0.57,618699487,32.0,MOD-00617,23.8,2026-02-26T07:58:20,2026-02-25T23:58:20,https://api.quant-aq.com/v1/devices/MOD-00617/data/618699337
1395.12,803.67,"{'lat': None, 'lon': None}","{'rh': 32.0, 'temp': 23.8, 'wd': 0.0, 'ws': 0.0, 'ws_scalar': 0.0}","{'gas': {'co': 13502, 'co2': 13264, 'no': 13590, 'no2': 13769, 'o3': 13749}, 'pm': {'pm1': 13212, 'pm10': 13214, 'pm25': 13213}}",2.63,24.66,30.37,0.41,6.77,0.51,618699488,32.0,MOD-00617,23.8,2026-02-26T07:57:20,2026-02-25T23:57:20,https://api.quant-aq.com/v1/devices/MOD-00617/data/618699336
1395.87,805.24,"{'lat': None, 'lon': None}","{'rh': 32.1, 'temp': 23.8, 'wd': 0.0, 'ws': 0.0, 'ws_scalar': 0.0}","{'gas': {'co': 13502, 'co2': 13264, 'no': 13590, 'no2': 13769, 'o3': 13749}, 'pm': {'pm1': 13212, 'pm10': 13214, 'pm25': 13213}}",2.64,24.89,30.08,0.48,4.01,0.69,618699490,32.1,MOD-00617,23.8,2026-02-26T07:56:20,2026-02-25T23:56:20,https://api.quant-aq.com/v1/devices/MOD-00617/data/618699339
1394.23,808.49,"{'lat': None, 'lon': None}","{'rh': 32.1, 'temp': 23.8, 'wd': 0.0, 'ws': 0.0, 'ws_scalar': 0.0}","{'gas': {'co': 13502, 'co2': 13264, 'no': 13590, 'no2': 13769, 'o3': 13749}, 'pm': {'pm1': 13212, 'pm10': 13214, 'pm25': 13213}}",2.64,25.6,29.54,0.56,1.02,0.8,618699489,32.1,MOD-00617,23.8,2026-02-26T07:55:20,2026-02-25T23:55:20,https://api.quant-aq.com/v1/devices/MOD-00617/data/618699338
1390.13,810.18,"{'lat': None, 'lon': None}","{'rh': 32.1, 'temp': 23.8, 'wd': 0.0, 'ws': 0.0, 'ws_scalar': 0.0}","{'gas': {'co': 13502, 'co2': 13264, 'no': 13590, 'no2': 13769, 'o3': 13749}, 'pm': {'pm1': 13212, 'pm10': 13214, 'pm25': 13213}}",2.64,24.65,30.34,0.51,0.95,0.67,618699486,32.1,MOD-00617,23.8,2026-02-26T07:54:20,2026-02-25T23:54:20,https://api.quant-aq.com/v1/devices/MOD-00617/data/618699335
1392.52,812.23,"{'lat': None, 'lon': None}","{'rh': 32.2, 'temp': 23.8, 'wd': 0.0, 'ws': 0.0, 'ws_scalar': 0.0}","{'gas': {'co': 13502, 'co2': 13264, 'no': 13590, 'no2': 13769, 'o3': 13749}, 'pm': {'pm1': 13212, 'pm10': 13214, 'pm25': 13213}}",3.48,25.12,30.05,0.46,6.01,0.59,618696982,32.2,MOD-00617,23.8,2026-02-26T07:53:20,2026-02-25T23:53:20,https://api.quant-aq.com/v1/devices/MOD-00617/data/618696831
1390.06,814.76,"{'lat': None, 'lon': None}","{'rh': 32.2, 'temp': 23.8, 'wd': 0.0, 'ws': 0.0, 'ws_scalar': 0.0}","{'gas': {'co': 13502, 'co2': 13264, 'no': 13590, 'no2': 13769, 'o3': 13749}, 'pm': {'pm1': 13212, 'pm10': 13214, 'pm25': 13213}}",2.65,24.65,30.05,0.45,19.41,0.61,618696981,32.2,MOD-00617,23.8,2026-02-26T07:52:20,2026-02-25T23:52:20,https://api.quant-aq.com/v1/devices/MOD-00617/data/618696830
1391.29,816.8,"{'lat': None, 'lon': None}","{'rh': 32.2, 'temp': 23.8, 'wd': 0.0, 'ws': 0.0, 'ws_scalar': 0.0}","{'gas': {'co': 13502, 'co2': 13264, 'no': 13590, 'no2': 13769, 'o3': 13749}, 'pm': {'pm1': 13212, 'pm10': 13214, 'pm25': 13213}}",2.65,24.89,30.31,0.41,1.49,0.52,618696980,32.2,MOD-00617,23.8,2026-02-26T07:51:20,2026-02-25T23:51:20,https://api.quant-aq.com/v1/devices/MOD-00617/data/618696829
1385.88,818.37,"{'lat': None, 'lon': None}","{'rh': 32.3, 'temp': 23.8, 'wd': 0.0, 'ws': 0.0, 'ws_scalar': 0.0}","{'gas': {'co': 13502, 'co2': 13264, 'no': 13590, 'no2': 13769, 'o3': 13749}, 'pm': {'pm1': 13212, 'pm10': 13214, 'pm25': 13213}}",3.5,24.88,30.29,0.57,12.35,0.82,618696979,32.3,MOD-00617,23.8,2026-02-26T07:50:20,2026-02-25T23:50:20,https://api.quant-aq.com/v1/devices/MOD-00617/data/618696828
1386.29,817.04,"{'lat': None, 'lon': None}","{'rh': 32.3, 'temp': 23.8, 'wd': 0.0, 'ws': 0.0, 'ws_scalar': 0.0}","{'gas': {'co': 13502, 'co2': 13264, 'no': 13590, 'no2': 13769, 'o3': 13749}, 'pm': {'pm1': 13212, 'pm10': 13214, 'pm25': 13213}}",3.5,25.59,30.02,0.49,7.28,0.65,618694981,32.3,MOD-00617,23.8,2026-02-26T07:49:20,2026-02-25T23:49:20,https://api.quant-aq.com/v1/devices/MOD-00617/data/618694830
1377.26,814.39,"{'lat': None, 'lon': None}","{'rh': 32.3, 'temp': 23.8, 'wd': 0.0, 'ws': 0.0, 'ws_scalar': 0.0}","{'gas': {'co': 13502, 'co2': 13264, 'no': 13590, 'no2': 13769, 'o3': 13749}, 'pm': {'pm1': 13212, 'pm10': 13214, 'pm25': 13213}}",3.5,24.88,30.02,0.37,14.03,0.55,618694982,32.3,MOD-00617,23.8,2026-02-26T07:48:20,2026-02-25T23:48:20,https://api.quant-aq.com/v1/devices/MOD-00617/data/618694831
1378.49,822.34,"{'lat': None, 'lon': None}","{'rh': 32.3, 'temp': 23.8, 'wd': 0.0, 'ws': 0.0, 'ws_scalar': 0.0}","{'gas': {'co': 13502, 'co2': 13264, 'no': 13590, 'no2': 13769, 'o3': 13749}, 'pm': {'pm1': 13212, 'pm10': 13214, 'pm25': 13213}}",3.5,25.12,30.29,0.41,2.78,0.58,618694980,32.3,MOD-00617,23.8,2026-02-26T07:47:20,2026-02-25T23:47:20,https://api.quant-aq.com/v1/devices/MOD-00617/data/618694829
1371.44,821.98,"{'lat': None, 'lon': None}","{'rh': 32.4, 'temp': 23.8, 'wd': 0.0, 'ws': 0.0, 'ws_scalar': 0.0}","{'gas': {'co': 13502, 'co2': 13264, 'no': 13590, 'no2': 13769, 'o3': 13749}, 'pm': {'pm1': 13212, 'pm10': 13214, 'pm25': 13213}}",3.51,25.35,29.73,0.64,2.41,0.86,618694979,32.4,MOD-00617,23.8,2026-02-26T07:46:20,2026-02-25T23:46:20,https://api.quant-aq.com/v1/devices/MOD-00617/data/618694828
1368.16,829.21,"{'lat': None, 'lon': None}","{'rh': 32.4, 'temp': 23.8, 'wd': 0.0, 'ws': 0.0, 'ws_scalar': 0.0}","{'gas': {'co': 13502, 'co2': 13264, 'no': 13590, 'no2': 13769, 'o3': 13749}, 'pm': {'pm1': 13212, 'pm10': 13214, 'pm25': 13213}}",3.51,25.11,30.53,0.62,4.49,0.8,618692915,32.4,MOD-00617,23.8,2026-02-26T07:45:20,2026-02-25T23:45:20,https://api.quant-aq.com/v1/devices/MOD-00617/data/618692764
1363.16,827.28,"{'lat': None, 'lon': None}","{'rh': 32.5, 'temp': 23.8, 'wd': 0.0, 'ws': 0.0, 'ws_scalar': 0.0}","{'gas': {'co': 13502, 'co2': 13264, 'no': 13590, 'no2': 13769, 'o3': 13749}, 'pm': {'pm1': 13212, 'pm10': 13214, 'pm25': 13213}}",3.52,25.35,30.76,0.56,11.65,0.86,618692916,32.5,MOD-00617,23.8,2026-02-26T07:44:20,2026-02-25T23:44:20,https://api.quant-aq.com/v1/devices/MOD-00617/data/618692765
1365.62,827.04,"{'lat': None, 'lon': None}","{'rh': 32.5, 'temp': 23.8, 'wd': 0.0, 'ws': 0.0, 'ws_scalar': 0.0}","{'gas': {'co': 13502, 'co2': 13264, 'no': 13590, 'no2': 13769, 'o3': 13749}, 'pm': {'pm1': 13212, 'pm10': 13214, 'pm25': 13213}}",3.52,24.87,30.23,0.5,2.75,0.7,618692918,32.5,MOD-00617,23.8,2026-02-26T07:43:20,2026-02-25T23:43:20,https://api.quant-aq.com/v1/devices/MOD-00617/data/618692767
1356.18,821.02,"{'lat': None, 'lon': None}","{'rh': 32.5, 'temp': 23.8, 'wd': 0.0, 'ws': 0.0, 'ws_scalar': 0.0}","{'gas': {'co': 13502, 'co2': 13264, 'no': 13590, 'no2': 13769, 'o3': 13749}, 'pm': {'pm1': 13212, 'pm10': 13214, 'pm25': 13213}}",3.52,25.35,30.23,0.42,2.23,0.6,618692917,32.5,MOD-00617,23.8,2026-02-26T07:42:20,2026-02-25T23:42:20,https://api.quant-aq.com/v1/devices/MOD-00617/data/618692766
1352.49,826.56,"{'lat': None, 'lon': None}","{'rh': 32.5, 'temp': 23.8, 'wd': 0.0, 'ws': 0.0, 'ws_scalar': 0.0}","{'gas': {'co': 13502, 'co2': 13264, 'no': 13590, 'no2': 13769, 'o3': 13749}, 'pm': {'pm1': 13212, 'pm10': 13214, 'pm25': 13213}}",3.52,25.35,29.97,0.49,14.54,0.71,618690903,32.5,MOD-00617,23.8,2026-02-26T07:41:20,2026-02-25T23:41:20,https://api.quant-aq.com/v1/devices/MOD-00617/data/618690751
1355.36,826.2,"{'lat': None, 'lon': None}","{'rh': 32.5, 'temp': 23.8, 'wd': 0.0, 'ws': 0.0, 'ws_scalar': 0.0}","{'gas': {'co': 13502, 'co2': 13264, 'no': 13590, 'no2': 13769, 'o3': 13749}, 'pm': {'pm1': 13212, 'pm10': 13214, 'pm25': 13213}}",3.53,25.35,30.76,0.5,8.82,0.8,618690904,32.5,MOD-00617,23.8,2026-02-26T07:40:20,2026-02-25T23:40:20,https://api.quant-aq.com/v1/devices/MOD-00617/data/618690753
1348.65,832.58,"{'lat': None, 'lon': None}","{'rh': 32.7, 'temp': 23.8, 'wd': 0.0, 'ws': 0.0, 'ws_scalar': 0.0}","{'gas': {'co': 13502, 'co2': 13264, 'no': 13590, 'no2': 13769, 'o3': 13749}, 'pm': {'pm1': 13212, 'pm10': 13214, 'pm25': 13213}}",3.56,25.1,30.44,0.66,7.44,0.83,618690902,32.7,MOD-00617,23.8,2026-02-26T07:39:20,2026-02-25T23:39:20,https://api.quant-aq.com/v1/devices/MOD-00617/data/618690752
1351.11,832.58,"{'lat': None, 'lon': None}","{'rh': 32.7, 'temp': 23.8, 'wd': 0.0, 'ws': 0.0, 'ws_scalar': 0.0}","{'gas': {'co': 13502, 'co2': 13264, 'no': 13590, 'no2': 13769, 'o3': 13749}, 'pm': {'pm1': 13212, 'pm10': 13214, 'pm25': 13213}}",3.55,25.1,30.71,0.48,12.53,0.7,618690901,32.7,MOD-00617,23.8,2026-02-26T07:38:20,2026-02-25T23:38:20,https://api.quant-aq.com/v1/devices/MOD-00617/data/618690750
1347.42,831.38,"{'lat': None, 'lon': None}","{'rh': 32.7, 'temp': 23.8, 'wd': 0.0, 'ws': 0.0, 'ws_scalar': 0.0}","{'gas': {'co': 13502, 'co2': 13264, 'no': 13590, 'no2': 13769, 'o3': 13749}, 'pm': {'pm1': 13212, 'pm10': 13214, 'pm25': 13213}}",3.55,25.81,30.71,0.7,5.55,1.14,618688891,32.7,MOD-00617,23.8,2026-02-26T07:37:20,2026-02-25T23:37:20,https://api.quant-aq.com/v1/devices/MOD-00617/data/618688739
1344.54,831.5,"{'lat': None, 'lon': None}","{'rh': 32.7, 'temp': 23.8, 'wd': 0.0, 'ws': 0.0, 'ws_scalar': 0.0}","{'gas': {'co': 13502, 'co2': 13264, 'no': 13590, 'no2': 13769, 'o3': 13749}, 'pm': {'pm1': 13212, 'pm10': 13214, 'pm25': 13213}}",3.55,25.58,30.44,0.76,15.98,1.14,618688892,32.7,MOD-00617,23.8,2026-02-26T07:36:20,2026-02-25T23:36:20,https://api.quant-aq.com/v1/devices/MOD-00617/data/618688741
1346.49,831.02,"{'lat': None, 'lon': None}","{'rh': 32.7, 'temp': 23.7, 'wd': 0.0, 'ws': 0.0, 'ws_scalar': 0.0}","{'gas': {'co': 13502, 'co2': 13264, 'no': 13590, 'no2': 13769, 'o3': 13749}, 'pm': {'pm1': 13212, 'pm10': 13214, 'pm25': 13213}}",3.56,25.09,30.43,0.62,8.09,1.09,618688890,32.7,MOD-00617,23.7,2026-02-26T07:35:20,2026-02-25T23:35:20,https://api.quant-aq.com/v1/devices/MOD-00617/data/618688738
1344.85,829.21,"{'lat': None, 'lon': None}","{'rh': 32.7, 'temp': 23.7, 'wd': 0.0, 'ws': 0.0, 'ws_scalar': 0.0}","{'gas': {'co': 13502, 'co2': 13264, 'no': 13590, 'no2': 13769, 'o3': 13749}, 'pm': {'pm1': 13212, 'pm10': 13214, 'pm25': 13213}}",3.55,25.57,30.43,0.62,4.27,0.9,618688889,32.7,MOD-00617,23.7,2026-02-26T07:34:20,2026-02-25T23:34:20,https://api.quant-aq.com/v1/devices/MOD-00617/data/618688740
1337.46,829.45,"{'lat': None, 'lon': None}","{'rh': 32.7, 'temp': 23.7, 'wd': 0.0, 'ws': 0.0, 'ws_scalar': 0.0}","{'gas': {'co': 13502, 'co2': 13264, 'no': 13590, 'no2': 13769, 'o3': 13749}, 'pm': {'pm1': 13212, 'pm10': 13214, 'pm25': 13213}}",3.56,25.33,30.43,0.56,15.0,0.82,618686851,32.7,MOD-00617,23.7,2026-02-26T07:33:20,2026-02-25T23:33:20,https://api.quant-aq.com/v1/devices/MOD-00617/data/618686700
1341.97,822.46,"{'lat': None, 'lon': None}","{'rh': 32.7, 'temp': 23.7, 'wd': 0.0, 'ws': 0.0, 'ws_scalar': 0.0}","{'gas': {'co': 13502, 'co2': 13264, 'no': 13590, 'no2': 13769, 'o3': 13749}, 'pm': {'pm1': 13212, 'pm10': 13214, 'pm25': 13213}}",3.55,25.33,31.23,0.55,14.72,0.89,618686853,32.7,MOD-00617,23.7,2026-02-26T07:32:20,2026-02-25T23:32:20,https://api.quant-aq.com/v1/devices/MOD-00617/data/618686702
1340.4,820.54,"{'lat': None, 'lon': None}","{'rh': 32.6, 'temp': 23.7, 'wd': 0.0, 'ws': 0.0, 'ws_scalar': 0.0}","{'gas': {'co': 13502, 'co2': 13264, 'no': 13590, 'no2': 13769, 'o3': 13749}, 'pm': {'pm1': 13212, 'pm10': 13214, 'pm25': 13213}}",3.54,25.34,30.99,0.42,10.17,0.73,618686850,32.6,MOD-00617,23.7,2026-02-26T07:31:20,2026-02-25T23:31:20,https://api.quant-aq.com/v1/devices/MOD-00617/data/618686699
1342.94,816.2,"{'lat': None, 'lon': None}","{'rh': 32.5, 'temp': 23.7, 'wd': 0.0, 'ws': 0.0, 'ws_scalar': 0.0}","{'gas': {'co': 13502, 'co2': 13264, 'no': 13590, 'no2': 13769, 'o3': 13749}, 'pm': {'pm1': 13212, 'pm10': 13214, 'pm25': 13213}}",3.53,25.34,31.02,0.57,14.04,0.96,618686852,32.5,MOD-00617,23.7,2026-02-26T07:30:20,2026-02-25T23:30:20,https://api.quant-aq.com/v1/devices/MOD-00617/data/618686701
1348.27,814.51,"{'lat': None, 'lon': None}","{'rh': 32.5, 'temp': 23.7, 'wd': 0.0, 'ws': 0.0, 'ws_scalar': 0.0}","{'gas': {'co': 13502, 'co2': 13264, 'no': 13590, 'no2': 13769, 'o3': 13749}, 'pm': {'pm1': 13212, 'pm10': 13214, 'pm25': 13213}}",3.53,25.58,31.28,0.7,5.78,0.99,618684817,32.5,MOD-00617,23.7,2026-02-26T07:29:20,2026-02-25T23:29:20,https://api.quant-aq.com/v1/devices/MOD-00617/data/618684666
1340.54,811.14,"{'lat': None, 'lon': None}","{'rh': 32.4, 'temp': 23.7, 'wd': 0.0, 'ws': 0.0, 'ws_scalar': 0.0}","{'gas': {'co': 13502, 'co2': 13264, 'no': 13590, 'no2': 13769, 'o3': 13749}, 'pm': {'pm1': 13212, 'pm10': 13214, 'pm25': 13213}}",2.67,25.58,31.04,0.65,9.36,1.05,618684816,32.4,MOD-00617,23.7,2026-02-26T07:28:20,2026-02-25T23:28:20,https://api.quant-aq.com/v1/devices/MOD-00617/data/618684665
1346.77,805.24,"{'lat': None, 'lon': None}","{'rh': 32.3, 'temp': 23.7, 'wd': 0.0, 'ws': 0.0, 'ws_scalar': 0.0}","{'gas': {'co': 13502, 'co2': 13264, 'no': 13590, 'no2': 13769, 'o3': 13749}, 'pm': {'pm1': 13212, 'pm10': 13214, 'pm25': 13213}}",2.67,25.11,30.8,0.67,8.59,0.94,618684814,32.3,MOD-00617,23.7,2026-02-26T07:27:20,2026-02-25T23:27:20,https://api.quant-aq.com/v1/devices/MOD-00617/data/618684663
1344.38,797.41,"{'lat': None, 'lon': None}","{'rh': 32.2, 'temp': 23.7, 'wd': 0.0, 'ws': 0.0, 'ws_scalar': 0.0}","{'gas': {'co': 13502, 'co2': 13264, 'no': 13590, 'no2': 13769, 'o3': 13749}, 'pm': {'pm1': 13212, 'pm10': 13214, 'pm25': 13213}}",2.66,24.88,31.1,0.64,72.44,0.85,618684815,32.2,MOD-00617,23.7,2026-02-26T07:26:20,2026-02-25T23:26:20,https://api.quant-aq.com/v1/devices/MOD-00617/data/618684664
1350.47,809.82,"{'lat': None, 'lon': None}","{'rh': 32.3, 'temp': 23.7, 'wd': 0.0, 'ws': 0.0, 'ws_scalar': 0.0}","{'gas': {'co': 13502, 'co2': 13264, 'no': 13590, 'no2': 13769, 'o3': 13749}, 'pm': {'pm1': 13212, 'pm10': 13214, 'pm25': 13213}}",3.5,24.87,30.8,0.89,6.1,1.26,618682704,32.3,MOD-00617,23.7,2026-02-26T07:25:20,2026-02-25T23:25:20,https://api.quant-aq.com/v1/devices/MOD-00617/data/618682553
1349.99,809.58,"{'lat': None, 'lon': None}","{'rh': 32.4, 'temp': 23.7, 'wd': 0.0, 'ws': 0.0, 'ws_scalar': 0.0}","{'gas': {'co': 13502, 'co2': 13264, 'no': 13590, 'no2': 13769, 'o3': 13749}, 'pm': {'pm1': 13212, 'pm10': 13214, 'pm25': 13213}}",3.52,25.11,31.04,0.63,22.02,1.07,618682703,32.4,MOD-00617,23.7,2026-02-26T07:24:20,2026-02-25T23:24:20,https://api.quant-aq.com/v1/devices/MOD-00617/data/618682551
1348.68,818.37,"{'lat': None, 'lon': None}","{'rh': 32.5, 'temp': 23.7, 'wd': 0.0, 'ws': 0.0, 'ws_scalar': 0.0}","{'gas': {'co': 13502, 'co2': 13264, 'no': 13590, 'no2': 13769, 'o3': 13749}, 'pm': {'pm1': 13212, 'pm10': 13214, 'pm25': 13213}}",3.53,24.87,30.75,0.69,5.78,1.1,618682701,32.5,MOD-00617,23.7,2026-02-26T07:23:20,2026-02-25T23:23:20,https://api.quant-aq.com/v1/devices/MOD-00617/data/618682550
1357.3,817.89,"{'lat': None, 'lon': None}","{'rh': 32.5, 'temp': 23.7, 'wd': 0.0, 'ws': 0.0, 'ws_scalar': 0.0}","{'gas': {'co': 13502, 'co2': 13264, 'no': 13590, 'no2': 13769, 'o3': 13749}, 'pm': {'pm1': 13212, 'pm10': 13214, 'pm25': 13213}}",3.53,25.34,30.75,0.58,9.06,0.92,618682702,32.5,MOD-00617,23.7,2026-02-26T07:22:20,2026-02-25T23:22:20,https://api.quant-aq.com/v1/devices/MOD-00617/data/618682552
1361.41,820.42,"{'lat': None, 'lon': None}","{'rh': 32.5, 'temp': 23.7, 'wd': 0.0, 'ws': 0.0, 'ws_scalar': 0.0}","{'gas': {'co': 13502, 'co2': 13264, 'no': 13590, 'no2': 13769, 'o3': 13749}, 'pm': {'pm1': 13212, 'pm10': 13214, 'pm25': 13213}}",3.53,25.34,31.02,0.79,44.86,1.35,618680696,32.5,MOD-00617,23.7,2026-02-26T07:21:20,2026-02-25T23:21:20,https://api.quant-aq.com/v1/devices/MOD-00617/data/618680548
1355.25,818.49,"{'lat': None, 'lon': None}","{'rh': 32.5, 'temp': 23.7, 'wd': 0.0, 'ws': 0.0, 'ws_scalar': 0.0}","{'gas': {'co': 13502, 'co2': 13264, 'no': 13590, 'no2': 13769, 'o3': 13749}, 'pm': {'pm1': 13212, 'pm10': 13214, 'pm25': 13213}}",3.52,25.34,30.75,0.75,13.59,1.17,618680694,32.5,MOD-00617,23.7,2026-02-26T07:20:20,2026-02-25T23:20:20,https://api.quant-aq.com/v1/devices/MOD-00617/data/618680546
1356.48,816.08,"{'lat': None, 'lon': None}","{'rh': 32.5, 'temp': 23.7, 'wd': 0.0, 'ws': 0.0, 'ws_scalar': 0.0}","{'gas': {'co': 13502, 'co2': 13264, 'no': 13590, 'no2': 13769, 'o3': 13749}, 'pm': {'pm1': 13212, 'pm10': 13214, 'pm25': 13213}}",3.53,25.34,31.28,0.75,50.11,1.34,618680699,32.5,MOD-00617,23.7,2026-02-26T07:19:20,2026-02-25T23:19:20,https://api.quant-aq.com/v1/devices/MOD-00617/data/618680549
1362.3,796.21,"{'lat': None, 'lon': None}","{'rh': 32.4, 'temp': 23.7, 'wd': 0.0, 'ws': 0.0, 'ws_scalar': 0.0}","{'gas': {'co': 13502, 'co2': 13264, 'no': 13590, 'no2': 13769, 'o3': 13749}, 'pm': {'pm1': 13212, 'pm10': 13214, 'pm25': 13213}}",3.52,25.34,31.31,0.68,17.85,1.1,618680692,32.4,MOD-00617,23.7,2026-02-26T07:18:20,2026-02-25T23:18:20,https://api.quant-aq.com/v1/devices/MOD-00617/data/618680544
1359.91,796.93,"{'lat': None, 'lon': None}","{'rh': 32.3, 'temp': 23.7, 'wd': 0.0, 'ws': 0.0, 'ws_scalar': 0.0}","{'gas': {'co': 13502, 'co2': 13264, 'no': 13590, 'no2': 13769, 'o3': 13749}, 'pm': {'pm1': 13212, 'pm10': 13214, 'pm25': 13213}}",2.66,25.59,31.07,1.19,28.68,1.76,618678667,32.3,MOD-00617,23.7,2026-02-26T07:17:20,2026-02-25T23:17:20,https://api.quant-aq.com/v1/devices/MOD-00617/data/618678517
1367.37,786.57,"{'lat': None, 'lon': None}","{'rh': 32.2, 'temp': 23.7, 'wd': 0.0, 'ws': 0.0, 'ws_scalar': 0.0}","{'gas': {'co': 13502, 'co2': 13264, 'no': 13590, 'no2': 13769, 'o3': 13749}, 'pm': {'pm1': 13212, 'pm10': 13214, 'pm25': 13213}}",2.66,25.35,31.1,1.05,26.82,1.53,618678668,32.2,MOD-00617,23.7,2026-02-26T07:16:20,2026-02-25T23:16:20,https://api.quant-aq.com/v1/devices/MOD-00617/data/618678516
1369.9,787.41,"{'lat': None, 'lon': None}","{'rh': 32.1, 'temp': 23.7, 'wd': 0.0, 'ws': 0.0, 'ws_scalar': 0.0}","{'gas': {'co': 13502, 'co2': 13264, 'no': 13590, 'no2': 13769, 'o3': 13749}, 'pm': {'pm1': 13212, 'pm10': 13214, 'pm25': 13213}}",2.65,25.12,31.66,1.04,121.13,1.64,618678669,32.1,MOD-00617,23.7,2026-02-26T07:15:20,2026-02-25T23:15:20,https://api.quant-aq.com/v1/devices/MOD-00617/data/618678518
1368.6,789.58,"{'lat': None, 'lon': None}","{'rh': 32.2, 'temp': 23.7, 'wd': 0.0, 'ws': 0.0, 'ws_scalar': 0.0}","{'gas': {'co': 13502, 'co2': 13264, 'no': 13590, 'no2': 13769, 'o3': 13749}, 'pm': {'pm1': 13212, 'pm10': 13214, 'pm25': 13213}}",2.66,25.35,30.83,0.81,34.84,1.37,618678670,32.2,MOD-00617,23.7,2026-02-26T07:14:20,2026-02-25T23:14:20,https://api.quant-aq.com/v1/devices/MOD-00617/data/618678519
1373.26,777.42,"{'lat': None, 'lon': None}","{'rh': 32.0, 'temp': 23.7, 'wd': 0.0, 'ws': 0.0, 'ws_scalar': 0.0}","{'gas': {'co': 13502, 'co2': 13264, 'no': 13590, 'no2': 13769, 'o3': 13749}, 'pm': {'pm1': 13212, 'pm10': 13214, 'pm25': 13213}}",2.64,25.6,31.95,1.18,28.1,2.25,618676611,32.0,MOD-00617,23.7,2026-02-26T07:13:20,2026-02-25T23:13:20,https://api.quant-aq.com/v1/devices/MOD-00617/data/618676460
1381.13,772.48,"{'lat': None, 'lon': None}","{'rh': 31.9, 'temp': 23.7, 'wd': 0.0, 'ws': 0.0, 'ws_scalar': 0.0}","{'gas': {'co': 13502, 'co2': 13264, 'no': 13590, 'no2': 13769, 'o3': 13749}, 'pm': {'pm1': 13212, 'pm10': 13214, 'pm25': 13213}}",2.63,25.6,31.18,1.06,29.19,1.67,618676612,31.9,MOD-00617,23.7,2026-02-26T07:12:20,2026-02-25T23:12:20,https://api.quant-aq.com/v1/devices/MOD-00617/data/618676461
1384.0,766.58,"{'lat': None, 'lon': None}","{'rh': 31.9, 'temp': 23.7, 'wd': 0.0, 'ws': 0.0, 'ws_scalar': 0.0}","{'gas': {'co': 13502, 'co2': 13264, 'no': 13590, 'no2': 13769, 'o3': 13749}, 'pm': {'pm1': 13212, 'pm10': 13214, 'pm25': 13213}}",2.63,25.13,31.44,1.16,25.52,2.03,618676610,31.9,MOD-00617,23.7,2026-02-26T07:11:20,2026-02-25T23:11:20,https://api.quant-aq.com/v1/devices/MOD-00617/data/618676459
1393.03,765.01,"{'lat': None, 'lon': None}","{'rh': 31.9, 'temp': 23.7, 'wd': 0.0, 'ws': 0.0, 'ws_scalar': 0.0}","{'gas': {'co': 13502, 'co2': 13264, 'no': 13590, 'no2': 13769, 'o3': 13749}, 'pm': {'pm1': 13212, 'pm10': 13214, 'pm25': 13213}}",2.63,26.08,31.18,1.25,32.92,1.69,618676609,31.9,MOD-00617,23.7,2026-02-26T07:10:20,2026-02-25T23:10:20,https://api.quant-aq.com/v1/devices/MOD-00617/data/618676458
1399.44,753.09,"{'lat': None, 'lon': None}","{'rh': 31.7, 'temp': 23.8, 'wd': 0.0, 'ws': 0.0, 'ws_scalar': 0.0}","{'gas': {'co': 13502, 'co2': 13264, 'no': 13590, 'no2': 13769, 'o3': 13749}, 'pm': {'pm1': 13212, 'pm10': 13214, 'pm25': 13213}}",2.57,25.38,30.72,0.9,45.4,1.89,618674583,31.7,MOD-00617,23.8,2026-02-26T07:09:20,2026-02-25T23:09:20,https://api.quant-aq.com/v1/devices/MOD-00617/data/618674431
1396.64,748.75,"{'lat': None, 'lon': None}","{'rh': 31.6, 'temp': 23.8, 'wd': 0.0, 'ws': 0.0, 'ws_scalar': 0.0}","{'gas': {'co': 13502, 'co2': 13264, 'no': 13590, 'no2': 13769, 'o3': 13749}, 'pm': {'pm1': 13212, 'pm10': 13214, 'pm25': 13213}}",2.56,25.38,31.01,0.75,65.59,1.38,618674580,31.6,MOD-00617,23.8,2026-02-26T07:08:20,2026-02-25T23:08:20,https://api.quant-aq.com/v1/devices/MOD-00617/data/618674429
1404.44,748.87,"{'lat': None, 'lon': None}","{'rh': 31.6, 'temp': 23.8, 'wd': 0.0, 'ws': 0.0, 'ws_scalar': 0.0}","{'gas': {'co': 13502, 'co2': 13264, 'no': 13590, 'no2': 13769, 'o3': 13749}, 'pm': {'pm1': 13212, 'pm10': 13214, 'pm25': 13213}}",2.56,25.62,30.75,1.26,78.58,2.05,618674582,31.6,MOD-00617,23.8,2026-02-26T07:07:20,2026-02-25T23:07:20,https://api.quant-aq.com/v1/devices/MOD-00617/data/618674432
1415.45,750.2,"{'lat': None, 'lon': None}","{'rh': 31.7, 'temp': 23.8, 'wd': 0.0, 'ws': 0.0, 'ws_scalar': 0.0}","{'gas': {'co': 13502, 'co2': 13264, 'no': 13590, 'no2': 13769, 'o3': 13749}, 'pm': {'pm1': 13212, 'pm10': 13214, 'pm25': 13213}}",2.61,25.85,30.19,1.04,88.07,1.67,618674581,31.7,MOD-00617,23.8,2026-02-26T07:06:20,2026-02-25T23:06:20,https://api.quant-aq.com/v1/devices/MOD-00617/data/618674430
1415.45,750.8,"{'lat': None, 'lon': None}","{'rh': 31.7, 'temp': 23.8, 'wd': 0.0, 'ws': 0.0, 'ws_scalar': 0.0}","{'gas': {'co': 13502, 'co2': 13264, 'no': 13590, 'no2': 13769, 'o3': 13749}, 'pm': {'pm1': 13212, 'pm10': 13214, 'pm25': 13213}}",2.57,25.85,30.72,0.86,72.77,1.69,618672543,31.7,MOD-00617,23.8,2026-02-26T07:05:20,2026-02-25T23:05:20,https://api.quant-aq.com/v1/devices/MOD-00617/data/618672392
1424.07,755.14,"{'lat': None, 'lon': None}","{'rh': 31.7, 'temp': 23.8, 'wd': 0.0, 'ws': 0.0, 'ws_scalar': 0.0}","{'gas': {'co': 13502, 'co2': 13264, 'no': 13590, 'no2': 13769, 'o3': 13749}, 'pm': {'pm1': 13212, 'pm10': 13214, 'pm25': 13213}}",2.57,26.09,30.72,0.9,52.04,2.04,618672542,31.7,MOD-00617,23.8,2026-02-26T07:04:20,2026-02-25T23:04:20,https://api.quant-aq.com/v1/devices/MOD-00617/data/618672391
1430.57,760.43,"{'lat': None, 'lon': None}","{'rh': 31.8, 'temp': 23.8, 'wd': 0.0, 'ws': 0.0, 'ws_scalar': 0.0}","{'gas': {'co': 13502, 'co2': 13264, 'no': 13590, 'no2': 13769, 'o3': 13749}, 'pm': {'pm1': 13212, 'pm10': 13214, 'pm25': 13213}}",2.61,25.85,30.96,1.2,97.4,2.41,618672545,31.8,MOD-00617,23.8,2026-02-26T07:03:20,2026-02-25T23:03:20,https://api.quant-aq.com/v1/devices/MOD-00617/data/618672394
1428.86,763.57,"{'lat': None, 'lon': None}","{'rh': 31.9, 'temp': 23.8, 'wd': 0.0, 'ws': 0.0, 'ws_scalar': 0.0}","{'gas': {'co': 13502, 'co2': 13264, 'no': 13590, 'no2': 13769, 'o3': 13749}, 'pm': {'pm1': 13212, 'pm10': 13214, 'pm25': 13213}}",2.62,25.85,30.13,1.38,112.35,2.73,618672544,31.9,MOD-00617,23.8,2026-02-26T07:02:20,2026-02-25T23:02:20,https://api.quant-aq.com/v1/devices/MOD-00617/data/618672393
1432.55,766.58,"{'lat': None, 'lon': None}","{'rh': 31.9, 'temp': 23.8, 'wd': 0.0, 'ws': 0.0, 'ws_scalar': 0.0}","{'gas': {'co': 13502, 'co2': 13264, 'no': 13590, 'no2': 13769, 'o3': 13749}, 'pm': {'pm1': 13212, 'pm10': 13214, 'pm25': 13213}}",2.62,26.08,30.4,1.24,124.28,2.44,618670538,31.9,MOD-00617,23.8,2026-02-26T07:01:20,2026-02-25T23:01:20,https://api.quant-aq.com/v1/devices/MOD-00617/data/618670386
1440.76,768.75,"{'lat': None, 'lon': None}","{'rh': 31.9, 'temp': 23.8, 'wd': 0.0, 'ws': 0.0, 'ws_scalar': 0.0}","{'gas': {'co': 13502, 'co2': 13264, 'no': 13590, 'no2': 13769, 'o3': 13749}, 'pm': {'pm1': 13212, 'pm10': 13214, 'pm25': 13213}}",2.62,26.56,30.93,1.3,165.5,3.24,618670537,31.9,MOD-00617,23.8,2026-02-26T07:00:20,2026-02-25T23:00:20,https://api.quant-aq.com/v1/devices/MOD-00617/data/618670387
1445.28,768.02,"{'lat': None, 'lon': None}","{'rh': 31.9, 'temp': 23.8, 'wd': 0.0, 'ws': 0.0, 'ws_scalar': 0.0}","{'gas': {'co': 13502, 'co2': 13264, 'no': 13590, 'no2': 13769, 'o3': 13749}, 'pm': {'pm1': 13212, 'pm10': 13214, 'pm25': 13213}}",2.63,26.08,30.66,1.28,145.16,2.44,618670536,31.9,MOD-00617,23.8,2026-02-26T06:59:20,2026-02-25T22:59:20,https://api.quant-aq.com/v1/devices/MOD-00617/data/618670385
1451.84,770.91,"{'lat': None, 'lon': None}","{'rh': 31.9, 'temp': 23.8, 'wd': 0.0, 'ws': 0.0, 'ws_scalar': 0.0}","{'gas': {'co': 13502, 'co2': 13264, 'no': 13590, 'no2': 13769, 'o3': 13749}, 'pm': {'pm1': 13212, 'pm10': 13214, 'pm25': 13213}}",2.62,26.56,30.66,1.04,139.94,2.4,618670535,31.9,MOD-00617,23.8,2026-02-26T06:58:20,2026-02-25T22:58:20,https://api.quant-aq.com/v1/devices/MOD-00617/data/618670384
1454.72,773.68,"{'lat': None, 'lon': None}","{'rh': 31.9, 'temp': 23.8, 'wd': 0.0, 'ws': 0.0, 'ws_scalar': 0.0}","{'gas': {'co': 13502, 'co2': 13264, 'no': 13590, 'no2': 13769, 'o3': 13749}, 'pm': {'pm1': 13212, 'pm10': 13214, 'pm25': 13213}}",2.62,26.08,30.4,1.57,128.14,3.06,618668500,31.9,MOD-00617,23.8,2026-02-26T06:57:20,2026-02-25T22:57:20,https://api.quant-aq.com/v1/devices/MOD-00617/data/618668349
1455.43,773.32,"{'lat': None, 'lon': None}","{'rh': 31.9, 'temp': 23.7, 'wd': 0.0, 'ws': 0.0, 'ws_scalar': 0.0}","{'gas': {'co': 13502, 'co2': 13264, 'no': 13590, 'no2': 13769, 'o3': 13749}, 'pm': {'pm1': 13212, 'pm10': 13214, 'pm25': 13213}}",2.63,26.55,30.11,0.94,113.65,2.34,618668498,31.9,MOD-00617,23.7,2026-02-26T06:56:20,2026-02-25T22:56:20,https://api.quant-aq.com/v1/devices/MOD-00617/data/618668347
1459.47,775.01,"{'lat': None, 'lon': None}","{'rh': 32.0, 'temp': 23.7, 'wd': 0.0, 'ws': 0.0, 'ws_scalar': 0.0}","{'gas': {'co': 13502, 'co2': 13264, 'no': 13590, 'no2': 13769, 'o3': 13749}, 'pm': {'pm1': 13212, 'pm10': 13214, 'pm25': 13213}}",2.64,26.07,30.62,1.38,148.0,2.87,618668497,32.0,MOD-00617,23.7,2026-02-26T06:55:20,2026-02-25T22:55:20,https://api.quant-aq.com/v1/devices/MOD-00617/data/618668346
1466.03,782.36,"{'lat': None, 'lon': None}","{'rh': 32.0, 'temp': 23.7, 'wd': 0.0, 'ws': 0.0, 'ws_scalar': 0.0}","{'gas': {'co': 13502, 'co2': 13264, 'no': 13590, 'no2': 13769, 'o3': 13749}, 'pm': {'pm1': 13212, 'pm10': 13214, 'pm25': 13213}}",2.64,26.07,30.09,1.06,185.16,2.64,618668499,32.0,MOD-00617,23.7,2026-02-26T06:54:20,2026-02-25T22:54:20,https://api.quant-aq.com/v1/devices/MOD-00617/data/618668348
1470.48,781.87,"{'lat': None, 'lon': None}","{'rh': 32.1, 'temp': 23.7, 'wd': 0.0, 'ws': 0.0, 'ws_scalar': 0.0}","{'gas': {'co': 13502, 'co2': 13264, 'no': 13590, 'no2': 13769, 'o3': 13749}, 'pm': {'pm1': 13212, 'pm10': 13214, 'pm25': 13213}}",2.65,26.78,30.06,1.1,148.96,3.22,618666433,32.1,MOD-00617,23.7,2026-02-26T06:53:20,2026-02-25T22:53:20,https://api.quant-aq.com/v1/devices/MOD-00617/data/618666282
1469.73,777.78,"{'lat': None, 'lon': None}","{'rh': 32.0, 'temp': 23.7, 'wd': 0.0, 'ws': 0.0, 'ws_scalar': 0.0}","{'gas': {'co': 13502, 'co2': 13264, 'no': 13590, 'no2': 13769, 'o3': 13749}, 'pm': {'pm1': 13212, 'pm10': 13214, 'pm25': 13213}}",2.64,26.78,30.62,1.42,319.44,3.24,618666431,32.0,MOD-00617,23.7,2026-02-26T06:52:20,2026-02-25T22:52:20,https://api.quant-aq.com/v1/devices/MOD-00617/data/618666280
1480.4,778.62,"{'lat': None, 'lon': None}","{'rh': 32.0, 'temp': 23.7, 'wd': 0.0, 'ws': 0.0, 'ws_scalar': 0.0}","{'gas': {'co': 13502, 'co2': 13264, 'no': 13590, 'no2': 13769, 'o3': 13749}, 'pm': {'pm1': 13212, 'pm10': 13214, 'pm25': 13213}}",2.64,26.31,30.35,1.29,287.72,3.84,618666432,32.0,MOD-00617,23.7,2026-02-26T06:51:20,2026-02-25T22:51:20,https://api.quant-aq.com/v1/devices/MOD-00617/data/618666281
1485.74,775.61,"{'lat': None, 'lon': None}","{'rh': 32.0, 'temp': 23.7, 'wd': 0.0, 'ws': 0.0, 'ws_scalar': 0.0}","{'gas': {'co': 13502, 'co2': 13264, 'no': 13590, 'no2': 13769, 'o3': 13749}, 'pm': {'pm1': 13212, 'pm10': 13214, 'pm25': 13213}}",2.64,26.31,30.62,1.5,343.75,3.11,618666430,32.0,MOD-00617,23.7,2026-02-26T06:50:20,2026-02-25T22:50:20,https://api.quant-aq.com/v1/devices/MOD-00617/data/618666279
1491.48,774.41,"{'lat': None, 'lon': None}","{'rh': 32.0, 'temp': 23.7, 'wd': 0.0, 'ws': 0.0, 'ws_scalar': 0.0}","{'gas': {'co': 13502, 'co2': 13264, 'no': 13590, 'no2': 13769, 'o3': 13749}, 'pm': {'pm1': 13212, 'pm10': 13214, 'pm25': 13213}}",2.64,26.54,30.62,1.45,247.09,3.01,618664349,32.0,MOD-00617,23.7,2026-02-26T06:49:20,2026-02-25T22:49:20,https://api.quant-aq.com/v1/devices/MOD-00617/data/618664199
1486.56,772.96,"{'lat': None, 'lon': None}","{'rh': 32.0, 'temp': 23.7, 'wd': 0.0, 'ws': 0.0, 'ws_scalar': 0.0}","{'gas': {'co': 13502, 'co2': 13264, 'no': 13590, 'no2': 13769, 'o3': 13749}, 'pm': {'pm1': 13212, 'pm10': 13214, 'pm25': 13213}}",2.64,26.54,30.62,1.5,263.35,3.63,618664350,32.0,MOD-00617,23.7,2026-02-26T06:48:20,2026-02-25T22:48:20,https://api.quant-aq.com/v1/devices/MOD-00617/data/618664198
1492.23,778.38,"{'lat': None, 'lon': None}","{'rh': 32.1, 'temp': 23.7, 'wd': 0.0, 'ws': 0.0, 'ws_scalar': 0.0}","{'gas': {'co': 13502, 'co2': 13264, 'no': 13590, 'no2': 13769, 'o3': 13749}, 'pm': {'pm1': 13212, 'pm10': 13214, 'pm25': 13213}}",2.65,26.3,30.33,1.62,348.13,3.66,618664348,32.1,MOD-00617,23.7,2026-02-26T06:47:20,2026-02-25T22:47:20,https://api.quant-aq.com/v1/devices/MOD-00617/data/618664197
1493.47,774.41,"{'lat': None, 'lon': None}","{'rh': 32.1, 'temp': 23.7, 'wd': 0.0, 'ws': 0.0, 'ws_scalar': 0.0}","{'gas': {'co': 13502, 'co2': 13264, 'no': 13590, 'no2': 13769, 'o3': 13749}, 'pm': {'pm1': 13212, 'pm10': 13214, 'pm25': 13213}}",2.65,26.07,30.86,1.67,312.54,3.7,618664347,32.1,MOD-00617,23.7,2026-02-26T06:46:20,2026-02-25T22:46:20,https://api.quant-aq.com/v1/devices/MOD-00617/data/618664196
1504.96,776.69,"{'lat': None, 'lon': None}","{'rh': 32.1, 'temp': 23.7, 'wd': 0.0, 'ws': 0.0, 'ws_scalar': 0.0}","{'gas': {'co': 13502, 'co2': 13264, 'no': 13590, 'no2': 13769, 'o3': 13749}, 'pm': {'pm1': 13212, 'pm10': 13214, 'pm25': 13213}}",2.65,26.78,30.86,1.49,299.91,3.15,618662272,32.1,MOD-00617,23.7,2026-02-26T06:45:20,2026-02-25T22:45:20,https://api.quant-aq.com/v1/devices/MOD-00617/data/618662120
1501.41,767.66,"{'lat': None, 'lon': None}","{'rh': 31.9, 'temp': 23.7, 'wd': 0.0, 'ws': 0.0, 'ws_scalar': 0.0}","{'gas': {'co': 13502, 'co2': 13264, 'no': 13590, 'no2': 13769, 'o3': 13749}, 'pm': {'pm1': 13212, 'pm10': 13214, 'pm25': 13213}}",2.63,26.79,30.38,1.47,256.31,3.47,618662271,31.9,MOD-00617,23.7,2026-02-26T06:44:20,2026-02-25T22:44:20,https://api.quant-aq.com/v1/devices/MOD-00617/data/618662121
1508.8,767.66,"{'lat': None, 'lon': None}","{'rh': 31.9, 'temp': 23.7, 'wd': 0.0, 'ws': 0.0, 'ws_scalar': 0.0}","{'gas': {'co': 13502, 'co2': 13264, 'no': 13590, 'no2': 13769, 'o3': 13749}, 'pm': {'pm1': 13212, 'pm10': 13214, 'pm25': 13213}}",2.63,26.31,31.44,1.64,358.2,3.51,618662270,31.9,MOD-00617,23.7,2026-02-26T06:43:20,2026-02-25T22:43:20,https://api.quant-aq.com/v1/devices/MOD-00617/data/618662119
1510.51,761.76,"{'lat': None, 'lon': None}","{'rh': 31.8, 'temp': 23.7, 'wd': 0.0, 'ws': 0.0, 'ws_scalar': 0.0}","{'gas': {'co': 13502, 'co2': 13264, 'no': 13590, 'no2': 13769, 'o3': 13749}, 'pm': {'pm1': 13212, 'pm10': 13214, 'pm25': 13213}}",2.62,26.32,30.67,1.47,287.38,3.54,618662269,31.8,MOD-00617,23.7,2026-02-26T06:42:20,2026-02-25T22:42:20,https://api.quant-aq.com/v1/devices/MOD-00617/data/618662118
1519.27,762.72,"{'lat': None, 'lon': None}","{'rh': 31.6, 'temp': 23.7, 'wd': 0.0, 'ws': 0.0, 'ws_scalar': 0.0}","{'gas': {'co': 13502, 'co2': 13264, 'no': 13590, 'no2': 13769, 'o3': 13749}, 'pm': {'pm1': 13212, 'pm10': 13214, 'pm25': 13213}}",2.56,26.09,30.46,1.48,322.26,3.62,618660259,31.6,MOD-00617,23.7,2026-02-26T06:41:20,2026-02-25T22:41:20,https://api.quant-aq.com/v1/devices/MOD-00617/data/618660108
1519.68,761.64,"{'lat': None, 'lon': None}","{'rh': 31.6, 'temp': 23.7, 'wd': 0.0, 'ws': 0.0, 'ws_scalar': 0.0}","{'gas': {'co': 13502, 'co2': 13264, 'no': 13590, 'no2': 13769, 'o3': 13749}, 'pm': {'pm1': 13212, 'pm10': 13214, 'pm25': 13213}}",2.56,26.09,30.73,1.31,365.77,3.13,618660257,31.6,MOD-00617,23.7,2026-02-26T06:40:20,2026-02-25T22:40:20,https://api.quant-aq.com/v1/devices/MOD-00617/data/618660106
1525.43,773.68,"{'lat': None, 'lon': None}","{'rh': 31.6, 'temp': 23.7, 'wd': 0.0, 'ws': 0.0, 'ws_scalar': 0.0}","{'gas': {'co': 13502, 'co2': 13264, 'no': 13590, 'no2': 13769, 'o3': 13749}, 'pm': {'pm1': 13212, 'pm10': 13214, 'pm25': 13213}}",2.56,26.32,30.99,1.78,350.14,3.41,618660258,31.6,MOD-00617,23.7,2026-02-26T06:39:20,2026-02-25T22:39:20,https://api.quant-aq.com/v1/devices/MOD-00617/data/618660107
1530.36,770.19,"{'lat': None, 'lon': None}","{'rh': 31.6, 'temp': 23.7, 'wd': 0.0, 'ws': 0.0, 'ws_scalar': 0.0}","{'gas': {'co': 13502, 'co2': 13264, 'no': 13590, 'no2': 13769, 'o3': 13749}, 'pm': {'pm1': 13212, 'pm10': 13214, 'pm25': 13213}}",2.56,26.32,31.26,1.77,354.95,4.34,618658671,31.6,MOD-00617,23.7,2026-02-26T06:38:20,2026-02-25T22:38:20,https://api.quant-aq.com/v1/devices/MOD-00617/data/618658520
1530.84,779.59,"{'lat': None, 'lon': None}","{'rh': 31.5, 'temp': 23.7, 'wd': 0.0, 'ws': 0.0, 'ws_scalar': 0.0}","{'gas': {'co': 13502, 'co2': 13264, 'no': 13590, 'no2': 13769, 'o3': 13749}, 'pm': {'pm1': 13212, 'pm10': 13214, 'pm25': 13213}}",2.56,26.57,31.02,1.81,436.44,4.37,618658670,31.5,MOD-00617,23.7,2026-02-26T06:37:20,2026-02-25T22:37:20,https://api.quant-aq.com/v1/devices/MOD-00617/data/618658519
1531.39,772.0,"{'lat': None, 'lon': None}","{'rh': 31.3, 'temp': 23.7, 'wd': 0.0, 'ws': 0.0, 'ws_scalar': 0.0}","{'gas': {'co': 13502, 'co2': 13264, 'no': 13590, 'no2': 13769, 'o3': 13749}, 'pm': {'pm1': 13212, 'pm10': 13214, 'pm25': 13213}}",2.54,25.63,30.81,1.89,463.48,3.89,618658669,31.3,MOD-00617,23.7,2026-02-26T06:36:20,2026-02-25T22:36:20,https://api.quant-aq.com/v1/devices/MOD-00617/data/618658518
1540.9,773.32,"{'lat': None, 'lon': None}","{'rh': 31.2, 'temp': 23.7, 'wd': 0.0, 'ws': 0.0, 'ws_scalar': 0.0}","{'gas': {'co': 13502, 'co2': 13264, 'no': 13590, 'no2': 13769, 'o3': 13749}, 'pm': {'pm1': 13212, 'pm10': 13214, 'pm25': 13213}}",2.52,25.87,30.84,1.43,189.02,2.42,618657148,31.2,MOD-00617,23.7,2026-02-26T06:35:20,2026-02-25T22:35:20,https://api.quant-aq.com/v1/devices/MOD-00617/data/618656997
1543.47,767.18,"{'lat': None, 'lon': None}","{'rh': 31.2, 'temp': 23.8, 'wd': 0.0, 'ws': 0.0, 'ws_scalar': 0.0}","{'gas': {'co': 13502, 'co2': 13264, 'no': 13590, 'no2': 13769, 'o3': 13749}, 'pm': {'pm1': 13212, 'pm10': 13214, 'pm25': 13213}}",2.52,25.64,30.06,1.45,63.02,2.09,618657149,31.2,MOD-00617,23.8,2026-02-26T06:34:20,2026-02-25T22:34:20,https://api.quant-aq.com/v1/devices/MOD-00617/data/618656998
1541.01,768.26,"{'lat': None, 'lon': None}","{'rh': 31.2, 'temp': 23.8, 'wd': 0.0, 'ws': 0.0, 'ws_scalar': 0.0}","{'gas': {'co': 13502, 'co2': 13264, 'no': 13590, 'no2': 13769, 'o3': 13749}, 'pm': {'pm1': 13212, 'pm10': 13214, 'pm25': 13213}}",2.53,25.88,30.59,1.24,7.72,1.54,618657147,31.2,MOD-00617,23.8,2026-02-26T06:33:20,2026-02-25T22:33:20,https://api.quant-aq.com/v1/devices/MOD-00617/data/618656996
1547.47,772.84,"{'lat': None, 'lon': None}","{'rh': 31.2, 'temp': 23.7, 'wd': 0.0, 'ws': 0.0, 'ws_scalar': 0.0}","{'gas': {'co': 13502, 'co2': 13264, 'no': 13590, 'no2': 13769, 'o3': 13749}, 'pm': {'pm1': 13212, 'pm10': 13214, 'pm25': 13213}}",2.53,25.87,30.04,0.97,5.74,1.28,618657150,31.2,MOD-00617,23.7,2026-02-26T06:32:20,2026-02-25T22:32:20,https://api.quant-aq.com/v1/devices/MOD-00617/data/618656999
1553.56,772.84,"{'lat': None, 'lon': None}","{'rh': 31.3, 'temp': 23.7, 'wd': 0.0, 'ws': 0.0, 'ws_scalar': 0.0}","{'gas': {'co': 13502, 'co2': 13264, 'no': 13590, 'no2': 13769, 'o3': 13749}, 'pm': {'pm1': 13212, 'pm10': 13214, 'pm25': 13213}}",2.53,25.86,30.28,1.47,14.71,1.62,618655094,31.3,MOD-00617,23.7,2026-02-26T06:31:20,2026-02-25T22:31:20,https://api.quant-aq.com/v1/devices/MOD-00617/data/618654943
1556.2,773.44,"{'lat': None, 'lon': None}","{'rh': 31.2, 'temp': 23.8, 'wd': 0.0, 'ws': 0.0, 'ws_scalar': 0.0}","{'gas': {'co': 13502, 'co2': 13264, 'no': 13590, 'no2': 13769, 'o3': 13749}, 'pm': {'pm1': 13212, 'pm10': 13214, 'pm25': 13213}}",2.52,26.35,29.8,1.82,14.54,1.99,618655091,31.2,MOD-00617,23.8,2026-02-26T06:30:20,2026-02-25T22:30:20,https://api.quant-aq.com/v1/devices/MOD-00617/data/618654940
1557.43,771.88,"{'lat': None, 'lon': None}","{'rh': 31.2, 'temp': 23.8, 'wd': 0.0, 'ws': 0.0, 'ws_scalar': 0.0}","{'gas': {'co': 13502, 'co2': 13264, 'no': 13590, 'no2': 13769, 'o3': 13749}, 'pm': {'pm1': 13212, 'pm10': 13214, 'pm25': 13213}}",2.52,25.88,30.59,1.53,11.87,1.75,618655092,31.2,MOD-00617,23.8,2026-02-26T06:29:20,2026-02-25T22:29:20,https://api.quant-aq.com/v1/devices/MOD-00617/data/618654941
1554.52,768.63,"{'lat': None, 'lon': None}","{'rh': 31.1, 'temp': 23.7, 'wd': 0.0, 'ws': 0.0, 'ws_scalar': 0.0}","{'gas': {'co': 13502, 'co2': 13264, 'no': 13590, 'no2': 13769, 'o3': 13749}, 'pm': {'pm1': 13212, 'pm10': 13214, 'pm25': 13213}}",2.42,26.35,29.81,1.3,2.01,1.51,618655093,31.1,MOD-00617,23.7,2026-02-26T06:28:20,2026-02-25T22:28:20,https://api.quant-aq.com/v1/devices/MOD-00617/data/618654942
1559.52,768.14,"{'lat': None, 'lon': None}","{'rh': 31.0, 'temp': 23.7, 'wd': 0.0, 'ws': 0.0, 'ws_scalar': 0.0}","{'gas': {'co': 13502, 'co2': 13264, 'no': 13590, 'no2': 13769, 'o3': 13749}, 'pm': {'pm1': 13212, 'pm10': 13214, 'pm25': 13213}}",2.41,25.88,30.36,1.26,15.76,1.47,618653060,31.0,MOD-00617,23.7,2026-02-26T06:27:20,2026-02-25T22:27:20,https://api.quant-aq.com/v1/devices/MOD-00617/data/618652910
1561.68,761.64,"{'lat': None, 'lon': None}","{'rh': 31.0, 'temp': 23.8, 'wd': 0.0, 'ws': 0.0, 'ws_scalar': 0.0}","{'gas': {'co': 13502, 'co2': 13264, 'no': 13590, 'no2': 13769, 'o3': 13749}, 'pm': {'pm1': 13212, 'pm10': 13214, 'pm25': 13213}}",2.41,25.65,30.12,1.24,7.27,1.42,618653063,31.0,MOD-00617,23.8,2026-02-26T06:26:20,2026-02-25T22:26:20,https://api.quant-aq.com/v1/devices/MOD-00617/data/618652912
1561.75,759.23,"{'lat': None, 'lon': None}","{'rh': 30.9, 'temp': 23.8, 'wd': 0.0, 'ws': 0.0, 'ws_scalar': 0.0}","{'gas': {'co': 13502, 'co2': 13264, 'no': 13590, 'no2': 13769, 'o3': 13749}, 'pm': {'pm1': 13212, 'pm10': 13214, 'pm25': 13213}}",2.4,25.89,30.15,0.96,9.73,1.11,618653062,30.9,MOD-00617,23.8,2026-02-26T06:25:20,2026-02-25T22:25:20,https://api.quant-aq.com/v1/devices/MOD-00617/data/618652911
1561.82,758.75,"{'lat': None, 'lon': None}","{'rh': 30.8, 'temp': 23.8, 'wd': 0.0, 'ws': 0.0, 'ws_scalar': 0.0}","{'gas': {'co': 13502, 'co2': 13264, 'no': 13590, 'no2': 13769, 'o3': 13749}, 'pm': {'pm1': 13212, 'pm10': 13214, 'pm25': 13213}}",2.39,25.42,30.17,0.69,25.19,0.91,618653061,30.8,MOD-00617,23.8,2026-02-26T06:24:20,2026-02-25T22:24:20,https://api.quant-aq.com/v1/devices/MOD-00617/data/618652909
1563.05,755.74,"{'lat': None, 'lon': None}","{'rh': 30.8, 'temp': 23.8, 'wd': 0.0, 'ws': 0.0, 'ws_scalar': 0.0}","{'gas': {'co': 13502, 'co2': 13264, 'no': 13590, 'no2': 13769, 'o3': 13749}, 'pm': {'pm1': 13212, 'pm10': 13214, 'pm25': 13213}}",2.39,25.42,30.17,0.59,3.7,0.66,618650998,30.8,MOD-00617,23.8,2026-02-26T06:23:20,2026-02-25T22:23:20,https://api.quant-aq.com/v1/devices/MOD-00617/data/618650847
1559.43,754.89,"{'lat': None, 'lon': None}","{'rh': 30.7, 'temp': 23.8, 'wd': 0.0, 'ws': 0.0, 'ws_scalar': 0.0}","{'gas': {'co': 13502, 'co2': 13264, 'no': 13590, 'no2': 13769, 'o3': 13749}, 'pm': {'pm1': 13212, 'pm10': 13214, 'pm25': 13213}}",2.39,25.19,29.94,0.83,12.03,0.97,618650999,30.7,MOD-00617,23.8,2026-02-26T06:22:20,2026-02-25T22:22:20,https://api.quant-aq.com/v1/devices/MOD-00617/data/618650848
1564.35,753.69,"{'lat': None, 'lon': None}","{'rh': 30.7, 'temp': 23.8, 'wd': 0.0, 'ws': 0.0, 'ws_scalar': 0.0}","{'gas': {'co': 13502, 'co2': 13264, 'no': 13590, 'no2': 13769, 'o3': 13749}, 'pm': {'pm1': 13212, 'pm10': 13214, 'pm25': 13213}}",2.39,25.19,29.68,0.57,6.49,0.69,618651001,30.7,MOD-00617,23.8,2026-02-26T06:21:20,2026-02-25T22:21:20,https://api.quant-aq.com/v1/devices/MOD-00617/data/618650850
1566.0,755.62,"{'lat': None, 'lon': None}","{'rh': 30.7, 'temp': 23.8, 'wd': 0.0, 'ws': 0.0, 'ws_scalar': 0.0}","{'gas': {'co': 13502, 'co2': 13264, 'no': 13590, 'no2': 13769, 'o3': 13749}, 'pm': {'pm1': 13212, 'pm10': 13214, 'pm25': 13213}}",2.38,25.66,30.2,0.63,0.78,0.78,618651000,30.7,MOD-00617,23.8,2026-02-26T06:20:20,2026-02-25T22:20:20,https://api.quant-aq.com/v1/devices/MOD-00617/data/618650849
1563.6,756.34,"{'lat': None, 'lon': None}","{'rh': 30.6, 'temp': 23.8, 'wd': 0.0, 'ws': 0.0, 'ws_scalar': 0.0}","{'gas': {'co': 13502, 'co2': 13264, 'no': 13590, 'no2': 13769, 'o3': 13749}, 'pm': {'pm1': 13212, 'pm10': 13214, 'pm25': 13213}}",2.38,24.72,29.97,0.61,0.65,0.65,618648617,30.6,MOD-00617,23.8,2026-02-26T06:19:20,2026-02-25T22:19:20,https://api.quant-aq.com/v1/devices/MOD-00617/data/618648466
1568.12,756.34,"{'lat': None, 'lon': None}","{'rh': 30.6, 'temp': 23.8, 'wd': 0.0, 'ws': 0.0, 'ws_scalar': 0.0}","{'gas': {'co': 13502, 'co2': 13264, 'no': 13590, 'no2': 13769, 'o3': 13749}, 'pm': {'pm1': 13212, 'pm10': 13214, 'pm25': 13213}}",2.38,25.43,30.23,0.72,1.15,0.82,618648616,30.6,MOD-00617,23.8,2026-02-26T06:18:20,2026-02-25T22:18:20,https://api.quant-aq.com/v1/devices/MOD-00617/data/618648465
1568.12,761.28,"{'lat': None, 'lon': None}","{'rh': 30.6, 'temp': 23.8, 'wd': 0.0, 'ws': 0.0, 'ws_scalar': 0.0}","{'gas': {'co': 13502, 'co2': 13264, 'no': 13590, 'no2': 13769, 'o3': 13749}, 'pm': {'pm1': 13212, 'pm10': 13214, 'pm25': 13213}}",2.38,24.72,29.7,0.82,3.8,0.91,618648614,30.6,MOD-00617,23.8,2026-02-26T06:17:20,2026-02-25T22:17:20,https://api.quant-aq.com/v1/devices/MOD-00617/data/618648463
1576.33,757.42,"{'lat': None, 'lon': None}","{'rh': 30.6, 'temp': 23.8, 'wd': 0.0, 'ws': 0.0, 'ws_scalar': 0.0}","{'gas': {'co': 13502, 'co2': 13264, 'no': 13590, 'no2': 13769, 'o3': 13749}, 'pm': {'pm1': 13212, 'pm10': 13214, 'pm25': 13213}}",2.38,24.95,30.49,0.83,4.41,0.89,618648613,30.6,MOD-00617,23.8,2026-02-26T06:16:20,2026-02-25T22:16:20,https://api.quant-aq.com/v1/devices/MOD-00617/data/618648462
1572.64,750.32,"{'lat': None, 'lon': None}","{'rh': 30.6, 'temp': 23.8, 'wd': 0.0, 'ws': 0.0, 'ws_scalar': 0.0}","{'gas': {'co': 13502, 'co2': 13264, 'no': 13590, 'no2': 13769, 'o3': 13749}, 'pm': {'pm1': 13212, 'pm10': 13214, 'pm25': 13213}}",2.38,24.95,29.97,0.7,12.04,0.83,618648615,30.6,MOD-00617,23.8,2026-02-26T06:15:20,2026-02-25T22:15:20,https://api.quant-aq.com/v1/devices/MOD-00617/data/618648464
1575.92,758.03,"{'lat': None, 'lon': None}","{'rh': 30.6, 'temp': 23.8, 'wd': 0.0, 'ws': 0.0, 'ws_scalar': 0.0}","{'gas': {'co': 13502, 'co2': 13264, 'no': 13590, 'no2': 13769, 'o3': 13749}, 'pm': {'pm1': 13212, 'pm10': 13214, 'pm25': 13213}}",2.38,24.95,29.97,0.6,1.47,0.67,618645981,30.6,MOD-00617,23.8,2026-02-26T06:14:20,2026-02-25T22:14:20,https://api.quant-aq.com/v1/devices/MOD-00617/data/618645830
1578.86,757.42,"{'lat': None, 'lon': None}","{'rh': 30.5, 'temp': 23.8, 'wd': 0.0, 'ws': 0.0, 'ws_scalar': 0.0}","{'gas': {'co': 13502, 'co2': 13264, 'no': 13590, 'no2': 13769, 'o3': 13749}, 'pm': {'pm1': 13212, 'pm10': 13214, 'pm25': 13213}}",2.37,24.96,29.73,0.74,0.95,0.76,618645982,30.5,MOD-00617,23.8,2026-02-26T06:13:20,2026-02-25T22:13:20,https://api.quant-aq.com/v1/devices/MOD-00617/data/618645831
1575.17,759.71,"{'lat': None, 'lon': None}","{'rh': 30.5, 'temp': 23.8, 'wd': 0.0, 'ws': 0.0, 'ws_scalar': 0.0}","{'gas': {'co': 13502, 'co2': 13264, 'no': 13590, 'no2': 13769, 'o3': 13749}, 'pm': {'pm1': 13212, 'pm10': 13214, 'pm25': 13213}}",2.37,24.48,30.0,0.59,6.29,0.65,618645980,30.5,MOD-00617,23.8,2026-02-26T06:12:20,2026-02-25T22:12:20,https://api.quant-aq.com/v1/devices/MOD-00617/data/618645829
1581.74,762.0,"{'lat': None, 'lon': None}","{'rh': 30.5, 'temp': 23.8, 'wd': 0.0, 'ws': 0.0, 'ws_scalar': 0.0}","{'gas': {'co': 13502, 'co2': 13264, 'no': 13590, 'no2': 13769, 'o3': 13749}, 'pm': {'pm1': 13212, 'pm10': 13214, 'pm25': 13213}}",2.37,24.48,29.73,0.53,8.69,0.58,618645979,30.5,MOD-00617,23.8,2026-02-26T06:11:20,2026-02-25T22:11:20,https://api.quant-aq.com/v1/devices/MOD-00617/data/618645828
1579.28,761.64,"{'lat': None, 'lon': None}","{'rh': 30.5, 'temp': 23.8, 'wd': 0.0, 'ws': 0.0, 'ws_scalar': 0.0}","{'gas': {'co': 13502, 'co2': 13264, 'no': 13590, 'no2': 13769, 'o3': 13749}, 'pm': {'pm1': 13212, 'pm10': 13214, 'pm25': 13213}}",2.37,24.72,30.0,0.7,1.88,0.76,618645978,30.5,MOD-00617,23.8,2026-02-26T06:10:20,2026-02-25T22:10:20,https://api.quant-aq.com/v1/devices/MOD-00617/data/618645827
1593.23,765.25,"{'lat': None, 'lon': None}","{'rh': 30.5, 'temp': 23.8, 'wd': 0.0, 'ws': 0.0, 'ws_scalar': 0.0}","{'gas': {'co': 13502, 'co2': 13264, 'no': 13590, 'no2': 13769, 'o3': 13749}, 'pm': {'pm1': 13212, 'pm10': 13214, 'pm25': 13213}}",2.37,24.48,30.0,0.86,1.48,0.9,618643379,30.5,MOD-00617,23.8,2026-02-26T06:09:20,2026-02-25T22:09:20,https://api.quant-aq.com/v1/devices/MOD-00617/data/618643228
1591.18,766.1,"{'lat': None, 'lon': None}","{'rh': 30.5, 'temp': 23.8, 'wd': 0.0, 'ws': 0.0, 'ws_scalar': 0.0}","{'gas': {'co': 13502, 'co2': 13264, 'no': 13590, 'no2': 13769, 'o3': 13749}, 'pm': {'pm1': 13212, 'pm10': 13214, 'pm25': 13213}}",2.37,24.72,30.0,0.83,17.17,0.94,618643377,30.5,MOD-00617,23.8,2026-02-26T06:08:20,2026-02-25T22:08:20,https://api.quant-aq.com/v1/devices/MOD-00617/data/618643226
1589.54,767.3,"{'lat': None, 'lon': None}","{'rh': 30.5, 'temp': 23.8, 'wd': 0.0, 'ws': 0.0, 'ws_scalar': 0.0}","{'gas': {'co': 13502, 'co2': 13264, 'no': 13590, 'no2': 13769, 'o3': 13749}, 'pm': {'pm1': 13212, 'pm10': 13214, 'pm25': 13213}}",2.38,24.72,30.0,0.96,1.94,1.04,618643380,30.5,MOD-00617,23.8,2026-02-26T06:07:20,2026-02-25T22:07:20,https://api.quant-aq.com/v1/devices/MOD-00617/data/618643229
1595.7,767.66,"{'lat': None, 'lon': None}","{'rh': 30.5, 'temp': 23.8, 'wd': 0.0, 'ws': 0.0, 'ws_scalar': 0.0}","{'gas': {'co': 13502, 'co2': 13264, 'no': 13590, 'no2': 13769, 'o3': 13749}, 'pm': {'pm1': 13212, 'pm10': 13214, 'pm25': 13213}}",2.38,19.35,30.26,0.56,0.84,0.62,618643378,30.5,MOD-00617,23.8,2026-02-26T06:06:20,2026-02-25T22:06:20,https://api.quant-aq.com/v1/devices/MOD-00617/data/618643227
1599.39,769.71,"{'lat': None, 'lon': None}","{'rh': 30.5, 'temp': 23.8, 'wd': 0.0, 'ws': 0.0, 'ws_scalar': 0.0}","{'gas': {'co': 13502, 'co2': 13264, 'no': 13590, 'no2': 13769, 'o3': 13749}, 'pm': {'pm1': 13212, 'pm10': 13214, 'pm25': 13213}}",2.37,25.19,30.0,0.84,4.64,0.88,618643381,30.5,MOD-00617,23.8,2026-02-26T06:05:20,2026-02-25T22:05:20,https://api.quant-aq.com/v1/devices/MOD-00617/data/618643230
1611.71,765.25,"{'lat': None, 'lon': None}","{'rh': 30.5, 'temp': 23.8, 'wd': 0.0, 'ws': 0.0, 'ws_scalar': 0.0}","{'gas': {'co': 13502, 'co2': 13264, 'no': 13590, 'no2': 13769, 'o3': 13749}, 'pm': {'pm1': 13212, 'pm10': 13214, 'pm25': 13213}}",2.37,24.48,30.0,0.99,2.56,1.05,618640805,30.5,MOD-00617,23.8,2026-02-26T06:04:20,2026-02-25T22:04:20,https://api.quant-aq.com/v1/devices/MOD-00617/data/618640654
1613.76,768.38,"{'lat': None, 'lon': None}","{'rh': 30.5, 'temp': 23.8, 'wd': 0.0, 'ws': 0.0, 'ws_scalar': 0.0}","{'gas': {'co': 13502, 'co2': 13264, 'no': 13590, 'no2': 13769, 'o3': 13749}, 'pm': {'pm1': 13212, 'pm10': 13214, 'pm25': 13213}}",2.38,24.48,30.0,1.03,1.33,1.14,618640804,30.5,MOD-00617,23.8,2026-02-26T06:03:20,2026-02-25T22:03:20,https://api.quant-aq.com/v1/devices/MOD-00617/data/618640653
1619.51,768.5,"{'lat': None, 'lon': None}","{'rh': 30.5, 'temp': 23.8, 'wd': 0.0, 'ws': 0.0, 'ws_scalar': 0.0}","{'gas': {'co': 13502, 'co2': 13264, 'no': 13590, 'no2': 13769, 'o3': 13749}, 'pm': {'pm1': 13212, 'pm10': 13214, 'pm25': 13213}}",2.37,19.84,30.0,0.76,2.88,0.84,618640803,30.5,MOD-00617,23.8,2026-02-26T06:02:20,2026-02-25T22:02:20,https://api.quant-aq.com/v1/devices/MOD-00617/data/618640652
1619.92,770.19,"{'lat': None, 'lon': None}","{'rh': 30.5, 'temp': 23.8, 'wd': 0.0, 'ws': 0.0, 'ws_scalar': 0.0}","{'gas': {'co': 13502, 'co2': 13264, 'no': 13590, 'no2': 13769, 'o3': 13749}, 'pm': {'pm1': 13212, 'pm10': 13214, 'pm25': 13213}}",2.37,24.72,29.73,0.96,3.08,1.05,618640801,30.5,MOD-00617,23.8,2026-02-26T06:01:20,2026-02-25T22:01:20,https://api.quant-aq.com/v1/devices/MOD-00617/data/618640650
1617.93,770.43,"{'lat': None, 'lon': None}","{'rh': 30.4, 'temp': 23.8, 'wd': 0.0, 'ws': 0.0, 'ws_scalar': 0.0}","{'gas': {'co': 13502, 'co2': 13264, 'no': 13590, 'no2': 13769, 'o3': 13749}, 'pm': {'pm1': 13212, 'pm10': 13214, 'pm25': 13213}}",2.37,24.72,29.76,0.91,2.79,0.97,618640802,30.4,MOD-00617,23.8,2026-02-26T06:00:20,2026-02-25T22:00:20,https://api.quant-aq.com/v1/devices/MOD-00617/data/618640651
1631.89,774.53,"{'lat': None, 'lon': None}","{'rh': 30.4, 'temp': 23.8, 'wd': 0.0, 'ws': 0.0, 'ws_scalar': 0.0}","{'gas': {'co': 13502, 'co2': 13264, 'no': 13590, 'no2': 13769, 'o3': 13749}, 'pm': {'pm1': 13212, 'pm10': 13214, 'pm25': 13213}}",2.36,24.96,30.29,0.86,5.7,0.98,618638252,30.4,MOD-00617,23.8,2026-02-26T05:59:20,2026-02-25T21:59:20,https://api.quant-aq.com/v1/devices/MOD-00617/data/618638102
1631.07,773.32,"{'lat': None, 'lon': None}","{'rh': 30.4, 'temp': 23.8, 'wd': 0.0, 'ws': 0.0, 'ws_scalar': 0.0}","{'gas': {'co': 13502, 'co2': 13264, 'no': 13590, 'no2': 13769, 'o3': 13749}, 'pm': {'pm1': 13212, 'pm10': 13214, 'pm25': 13213}}",2.36,24.96,29.76,0.96,4.65,1.01,618638253,30.4,MOD-00617,23.8,2026-02-26T05:58:20,2026-02-25T21:58:20,https://api.quant-aq.com/v1/devices/MOD-00617/data/618638101
1631.41,774.89,"{'lat': None, 'lon': None}","{'rh': 30.5, 'temp': 23.8, 'wd': 0.0, 'ws': 0.0, 'ws_scalar': 0.0}","{'gas': {'co': 13502, 'co2': 13264, 'no': 13590, 'no2': 13769, 'o3': 13749}, 'pm': {'pm1': 13212, 'pm10': 13214, 'pm25': 13213}}",2.38,16.53,29.73,0.8,1.26,0.89,618638251,30.5,MOD-00617,23.8,2026-02-26T05:57:20,2026-02-25T21:57:20,https://api.quant-aq.com/v1/devices/MOD-00617/data/618638100
1640.51,771.03,"{'lat': None, 'lon': None}","{'rh': 30.4, 'temp': 23.8, 'wd': 0.0, 'ws': 0.0, 'ws_scalar': 0.0}","{'gas': {'co': 13502, 'co2': 13264, 'no': 13590, 'no2': 13769, 'o3': 13749}, 'pm': {'pm1': 13212, 'pm10': 13214, 'pm25': 13213}}",2.37,24.49,29.5,0.69,1.73,0.77,618638250,30.4,MOD-00617,23.8,2026-02-26T05:56:20,2026-02-25T21:56:20,https://api.quant-aq.com/v1/devices/MOD-00617/data/618638099
1642.15,776.57,"{'lat': None, 'lon': None}","{'rh': 30.4, 'temp': 23.8, 'wd': 0.0, 'ws': 0.0, 'ws_scalar': 0.0}","{'gas': {'co': 13502, 'co2': 13264, 'no': 13590, 'no2': 13769, 'o3': 13749}, 'pm': {'pm1': 13212, 'pm10': 13214, 'pm25': 13213}}",2.36,24.72,30.02,0.61,2.73,0.74,618636154,30.4,MOD-00617,23.8,2026-02-26T05:55:20,2026-02-25T21:55:20,https://api.quant-aq.com/v1/devices/MOD-00617/data/618636003
1642.56,776.57,"{'lat': None, 'lon': None}","{'rh': 30.4, 'temp': 23.8, 'wd': 0.0, 'ws': 0.0, 'ws_scalar': 0.0}","{'gas': {'co': 13502, 'co2': 13264, 'no': 13590, 'no2': 13769, 'o3': 13749}, 'pm': {'pm1': 13212, 'pm10': 13214, 'pm25': 13213}}",2.36,24.49,29.5,0.6,3.4,0.71,618636153,30.4,MOD-00617,23.8,2026-02-26T05:54:20,2026-02-25T21:54:20,https://api.quant-aq.com/v1/devices/MOD-00617/data/618636002
1642.56,779.47,"{'lat': None, 'lon': None}","{'rh': 30.4, 'temp': 23.8, 'wd': 0.0, 'ws': 0.0, 'ws_scalar': 0.0}","{'gas': {'co': 13502, 'co2': 13264, 'no': 13590, 'no2': 13769, 'o3': 13749}, 'pm': {'pm1': 13212, 'pm10': 13214, 'pm25': 13213}}",2.36,24.49,30.02,0.72,0.76,0.76,618636155,30.4,MOD-00617,23.8,2026-02-26T05:53:20,2026-02-25T21:53:20,https://api.quant-aq.com/v1/devices/MOD-00617/data/618636004
1647.08,778.26,"{'lat': None, 'lon': None}","{'rh': 30.4, 'temp': 23.8, 'wd': 0.0, 'ws': 0.0, 'ws_scalar': 0.0}","{'gas': {'co': 13502, 'co2': 13264, 'no': 13590, 'no2': 13769, 'o3': 13749}, 'pm': {'pm1': 13212, 'pm10': 13214, 'pm25': 13213}}",2.37,22.21,29.5,0.57,15.71,0.62,618636152,30.4,MOD-00617,23.8,2026-02-26T05:52:20,2026-02-25T21:52:20,https://api.quant-aq.com/v1/devices/MOD-00617/data/618636001
1652.6,777.18,"{'lat': None, 'lon': None}","{'rh': 30.3, 'temp': 23.9, 'wd': 0.0, 'ws': 0.0, 'ws_scalar': 0.0}","{'gas': {'co': 13502, 'co2': 13264, 'no': 13590, 'no2': 13769, 'o3': 13749}, 'pm': {'pm1': 13212, 'pm10': 13214, 'pm25': 13213}}",2.3,22.63,29.81,0.79,6.44,0.92,618634101,30.3,MOD-00617,23.9,2026-02-26T05:51:20,2026-02-25T21:51:20,https://api.quant-aq.com/v1/devices/MOD-00617/data/618633951
1652.6,774.89,"{'lat': None, 'lon': None}","{'rh': 30.3, 'temp': 23.9, 'wd': 0.0, 'ws': 0.0, 'ws_scalar': 0.0}","{'gas': {'co': 13502, 'co2': 13264, 'no': 13590, 'no2': 13769, 'o3': 13749}, 'pm': {'pm1': 13212, 'pm10': 13214, 'pm25': 13213}}",2.31,22.26,30.07,0.72,0.92,0.83,618634102,30.3,MOD-00617,23.9,2026-02-26T05:50:20,2026-02-25T21:50:20,https://api.quant-aq.com/v1/devices/MOD-00617/data/618633950
1653.83,777.06,"{'lat': None, 'lon': None}","{'rh': 30.3, 'temp': 23.9, 'wd': 0.0, 'ws': 0.0, 'ws_scalar': 0.0}","{'gas': {'co': 13502, 'co2': 13264, 'no': 13590, 'no2': 13769, 'o3': 13749}, 'pm': {'pm1': 13212, 'pm10': 13214, 'pm25': 13213}}",2.3,21.88,29.81,0.64,0.89,0.8,618634100,30.3,MOD-00617,23.9,2026-02-26T05:49:20,2026-02-25T21:49:20,https://api.quant-aq.com/v1/devices/MOD-00617/data/618633949
1652.19,773.92,"{'lat': None, 'lon': None}","{'rh': 30.3, 'temp': 23.9, 'wd': 0.0, 'ws': 0.0, 'ws_scalar': 0.0}","{'gas': {'co': 13502, 'co2': 13264, 'no': 13590, 'no2': 13769, 'o3': 13749}, 'pm': {'pm1': 13212, 'pm10': 13214, 'pm25': 13213}}",2.31,22.26,29.81,0.76,13.47,0.92,618634103,30.3,MOD-00617,23.9,2026-02-26T05:48:20,2026-02-25T21:48:20,https://api.quant-aq.com/v1/devices/MOD-00617/data/618633952
1657.93,776.69,"{'lat': None, 'lon': None}","{'rh': 30.3, 'temp': 23.9, 'wd': 0.0, 'ws': 0.0, 'ws_scalar': 0.0}","{'gas': {'co': 13502, 'co2': 13264, 'no': 13590, 'no2': 13769, 'o3': 13749}, 'pm': {'pm1': 13212, 'pm10': 13214, 'pm25': 13213}}",2.3,22.63,30.07,0.59,1.41,0.68,618632077,30.3,MOD-00617,23.9,2026-02-26T05:47:20,2026-02-25T21:47:20,https://api.quant-aq.com/v1/devices/MOD-00617/data/618631925
1660.47,774.53,"{'lat': None, 'lon': None}","{'rh': 30.2, 'temp': 23.9, 'wd': 0.0, 'ws': 0.0, 'ws_scalar': 0.0}","{'gas': {'co': 13502, 'co2': 13264, 'no': 13590, 'no2': 13769, 'o3': 13749}, 'pm': {'pm1': 13212, 'pm10': 13214, 'pm25': 13213}}",2.3,21.85,29.57,0.67,1.08,0.85,618632075,30.2,MOD-00617,23.9,2026-02-26T05:46:20,2026-02-25T21:46:20,https://api.quant-aq.com/v1/devices/MOD-00617/data/618631923
1654.31,775.25,"{'lat': None, 'lon': None}","{'rh': 30.2, 'temp': 23.9, 'wd': 0.0, 'ws': 0.0, 'ws_scalar': 0.0}","{'gas': {'co': 13502, 'co2': 13264, 'no': 13590, 'no2': 13769, 'o3': 13749}, 'pm': {'pm1': 13212, 'pm10': 13214, 'pm25': 13213}}",2.3,21.48,29.84,0.84,11.79,0.97,618632073,30.2,MOD-00617,23.9,2026-02-26T05:45:20,2026-02-25T21:45:20,https://api.quant-aq.com/v1/devices/MOD-00617/data/618631922
1656.36,774.77,"{'lat': None, 'lon': None}","{'rh': 30.2, 'temp': 23.9, 'wd': 0.0, 'ws': 0.0, 'ws_scalar': 0.0}","{'gas': {'co': 13502, 'co2': 13264, 'no': 13590, 'no2': 13769, 'o3': 13749}, 'pm': {'pm1': 13212, 'pm10': 13214, 'pm25': 13213}}",2.31,21.48,30.1,0.73,2.44,0.88,618632074,30.2,MOD-00617,23.9,2026-02-26T05:44:20,2026-02-25T21:44:20,https://api.quant-aq.com/v1/devices/MOD-00617/data/618631924
1667.86,775.25,"{'lat': None, 'lon': None}","{'rh': 30.2, 'temp': 23.9, 'wd': 0.0, 'ws': 0.0, 'ws_scalar': 0.0}","{'gas': {'co': 13502, 'co2': 13264, 'no': 13590, 'no2': 13769, 'o3': 13749}, 'pm': {'pm1': 13212, 'pm10': 13214, 'pm25': 13213}}",2.3,21.85,29.57,0.83,0.99,0.95,618632076,30.2,MOD-00617,23.9,2026-02-26T05:43:20,2026-02-25T21:43:20,https://api.quant-aq.com/v1/devices/MOD-00617/data/618631926
1662.52,776.09,"{'lat': None, 'lon': None}","{'rh': 30.2, 'temp': 23.9, 'wd': 0.0, 'ws': 0.0, 'ws_scalar': 0.0}","{'gas': {'co': 13502, 'co2': 13264, 'no': 13590, 'no2': 13769, 'o3': 13749}, 'pm': {'pm1': 13212, 'pm10': 13214, 'pm25': 13213}}",2.3,21.85,29.84,0.73,1.35,0.84,618629488,30.2,MOD-00617,23.9,2026-02-26T05:42:20,2026-02-25T21:42:20,https://api.quant-aq.com/v1/devices/MOD-00617/data/618629337
1665.8,775.37,"{'lat': None, 'lon': None}","{'rh': 30.2, 'temp': 23.9, 'wd': 0.0, 'ws': 0.0, 'ws_scalar': 0.0}","{'gas': {'co': 13502, 'co2': 13264, 'no': 13590, 'no2': 13769, 'o3': 13749}, 'pm': {'pm1': 13212, 'pm10': 13214, 'pm25': 13213}}",2.3,21.48,30.1,1.21,2.08,1.33,618629487,30.2,MOD-00617,23.9,2026-02-26T05:41:20,2026-02-25T21:41:20,https://api.quant-aq.com/v1/devices/MOD-00617/data/618629336
1665.87,773.56,"{'lat': None, 'lon': None}","{'rh': 30.1, 'temp': 23.9, 'wd': 0.0, 'ws': 0.0, 'ws_scalar': 0.0}","{'gas': {'co': 13502, 'co2': 13264, 'no': 13590, 'no2': 13769, 'o3': 13749}, 'pm': {'pm1': 13212, 'pm10': 13214, 'pm25': 13213}}",2.29,22.54,29.6,0.84,8.05,0.85,618629486,30.1,MOD-00617,23.9,2026-02-26T05:40:20,2026-02-25T21:40:20,https://api.quant-aq.com/v1/devices/MOD-00617/data/618629335
1669.98,773.8,"{'lat': None, 'lon': None}","{'rh': 30.1, 'temp': 23.9, 'wd': 0.0, 'ws': 0.0, 'ws_scalar': 0.0}","{'gas': {'co': 13502, 'co2': 13264, 'no': 13590, 'no2': 13769, 'o3': 13749}, 'pm': {'pm1': 13212, 'pm10': 13214, 'pm25': 13213}}",2.29,21.46,30.13,0.67,0.99,0.76,618629485,30.1,MOD-00617,23.9,2026-02-26T05:39:20,2026-02-25T21:39:20,https://api.quant-aq.com/v1/devices/MOD-00617/data/618629334
1671.62,772.96,"{'lat': None, 'lon': None}","{'rh': 30.1, 'temp': 23.9, 'wd': 0.0, 'ws': 0.0, 'ws_scalar': 0.0}","{'gas': {'co': 13502, 'co2': 13264, 'no': 13590, 'no2': 13769, 'o3': 13749}, 'pm': {'pm1': 13212, 'pm10': 13214, 'pm25': 13213}}",2.29,22.18,29.6,0.66,1.17,0.8,618629484,30.1,MOD-00617,23.9,2026-02-26T05:38:20,2026-02-25T21:38:20,https://api.quant-aq.com/v1/devices/MOD-00617/data/618629333
1668.34,775.37,"{'lat': None, 'lon': None}","{'rh': 30.1, 'temp': 23.9, 'wd': 0.0, 'ws': 0.0, 'ws_scalar': 0.0}","{'gas': {'co': 13502, 'co2': 13264, 'no': 13590, 'no2': 13769, 'o3': 13749}, 'pm': {'pm1': 13212, 'pm10': 13214, 'pm25': 13213}}",2.29,21.46,29.6,0.89,9.52,1.03,618626956,30.1,MOD-00617,23.9,2026-02-26T05:37:20,2026-02-25T21:37:20,https://api.quant-aq.com/v1/devices/MOD-00617/data/618626805
1674.91,774.77,"{'lat': None, 'lon': None}","{'rh': 30.1, 'temp': 23.9, 'wd': 0.0, 'ws': 0.0, 'ws_scalar': 0.0}","{'gas': {'co': 13502, 'co2': 13264, 'no': 13590, 'no2': 13769, 'o3': 13749}, 'pm': {'pm1': 13212, 'pm10': 13214, 'pm25': 13213}}",2.29,21.82,29.6,0.78,2.27,0.92,618626955,30.1,MOD-00617,23.9,2026-02-26T05:36:20,2026-02-25T21:36:20,https://api.quant-aq.com/v1/devices/MOD-00617/data/618626804
1676.96,775.37,"{'lat': None, 'lon': None}","{'rh': 30.1, 'temp': 23.9, 'wd': 0.0, 'ws': 0.0, 'ws_scalar': 0.0}","{'gas': {'co': 13502, 'co2': 13264, 'no': 13590, 'no2': 13769, 'o3': 13749}, 'pm': {'pm1': 13212, 'pm10': 13214, 'pm25': 13213}}",2.29,21.46,30.13,0.64,0.86,0.77,618626958,30.1,MOD-00617,23.9,2026-02-26T05:35:20,2026-02-25T21:35:20,https://api.quant-aq.com/v1/devices/MOD-00617/data/618626807
1675.73,777.3,"{'lat': None, 'lon': None}","{'rh': 30.1, 'temp': 23.9, 'wd': 0.0, 'ws': 0.0, 'ws_scalar': 0.0}","{'gas': {'co': 13502, 'co2': 13264, 'no': 13590, 'no2': 13769, 'o3': 13749}, 'pm': {'pm1': 13212, 'pm10': 13214, 'pm25': 13213}}",2.29,22.18,29.6,0.62,6.95,0.71,618626957,30.1,MOD-00617,23.9,2026-02-26T05:34:20,2026-02-25T21:34:20,https://api.quant-aq.com/v1/devices/MOD-00617/data/618626806
1674.08,777.78,"{'lat': None, 'lon': None}","{'rh': 30.1, 'temp': 23.9, 'wd': 0.0, 'ws': 0.0, 'ws_scalar': 0.0}","{'gas': {'co': 13502, 'co2': 13264, 'no': 13590, 'no2': 13769, 'o3': 13749}, 'pm': {'pm1': 13212, 'pm10': 13214, 'pm25': 13213}}",2.29,22.54,29.6,0.89,3.7,0.99,618624868,30.1,MOD-00617,23.9,2026-02-26T05:33:20,2026-02-25T21:33:20,https://api.quant-aq.com/v1/devices/MOD-00617/data/618624717
1677.78,774.41,"{'lat': None, 'lon': None}","{'rh': 30.1, 'temp': 23.9, 'wd': 0.0, 'ws': 0.0, 'ws_scalar': 0.0}","{'gas': {'co': 13502, 'co2': 13264, 'no': 13590, 'no2': 13769, 'o3': 13749}, 'pm': {'pm1': 13212, 'pm10': 13214, 'pm25': 13213}}",2.3,21.82,29.6,0.83,3.73,0.89,618624867,30.1,MOD-00617,23.9,2026-02-26T05:32:20,2026-02-25T21:32:20,https://api.quant-aq.com/v1/devices/MOD-00617/data/618624715
1681.88,778.62,"{'lat': None, 'lon': None}","{'rh': 30.1, 'temp': 23.9, 'wd': 0.0, 'ws': 0.0, 'ws_scalar': 0.0}","{'gas': {'co': 13502, 'co2': 13264, 'no': 13590, 'no2': 13769, 'o3': 13749}, 'pm': {'pm1': 13212, 'pm10': 13214, 'pm25': 13213}}",2.29,21.46,29.86,0.83,1.53,0.96,618624865,30.1,MOD-00617,23.9,2026-02-26T05:31:20,2026-02-25T21:31:20,https://api.quant-aq.com/v1/devices/MOD-00617/data/618624714
1686.06,778.86,"{'lat': None, 'lon': None}","{'rh': 30.0, 'temp': 23.9, 'wd': 0.0, 'ws': 0.0, 'ws_scalar': 0.0}","{'gas': {'co': 13502, 'co2': 13264, 'no': 13590, 'no2': 13769, 'o3': 13749}, 'pm': {'pm1': 13212, 'pm10': 13214, 'pm25': 13213}}",2.29,21.43,30.15,0.93,0.95,0.95,618624864,30.0,MOD-00617,23.9,2026-02-26T05:30:20,2026-02-25T21:30:20,https://api.quant-aq.com/v1/devices/MOD-00617/data/618624713
1686.4,781.87,"{'lat': None, 'lon': None}","{'rh': 30.1, 'temp': 23.9, 'wd': 0.0, 'ws': 0.0, 'ws_scalar': 0.0}","{'gas': {'co': 13502, 'co2': 13264, 'no': 13590, 'no2': 13769, 'o3': 13749}, 'pm': {'pm1': 13212, 'pm10': 13214, 'pm25': 13213}}",2.29,22.18,30.13,0.88,3.67,1.01,618624866,30.1,MOD-00617,23.9,2026-02-26T05:29:20,2026-02-25T21:29:20,https://api.quant-aq.com/v1/devices/MOD-00617/data/618624716
1685.99,781.39,"{'lat': None, 'lon': None}","{'rh': 30.1, 'temp': 23.9, 'wd': 0.0, 'ws': 0.0, 'ws_scalar': 0.0}","{'gas': {'co': 13502, 'co2': 13264, 'no': 13590, 'no2': 13769, 'o3': 13749}, 'pm': {'pm1': 13212, 'pm10': 13214, 'pm25': 13213}}",2.29,22.54,29.34,0.98,6.22,1.03,618622245,30.1,MOD-00617,23.9,2026-02-26T05:28:20,2026-02-25T21:28:20,https://api.quant-aq.com/v1/devices/MOD-00617/data/618622095
1690.91,782.72,"{'lat': None, 'lon': None}","{'rh': 30.1, 'temp': 23.9, 'wd': 0.0, 'ws': 0.0, 'ws_scalar': 0.0}","{'gas': {'co': 13502, 'co2': 13264, 'no': 13590, 'no2': 13769, 'o3': 13749}, 'pm': {'pm1': 13212, 'pm10': 13214, 'pm25': 13213}}",2.29,22.18,30.13,1.01,3.59,1.1,618622242,30.1,MOD-00617,23.9,2026-02-26T05:27:20,2026-02-25T21:27:20,https://api.quant-aq.com/v1/devices/MOD-00617/data/618622091
1688.11,777.9,"{'lat': None, 'lon': None}","{'rh': 30.0, 'temp': 23.9, 'wd': 0.0, 'ws': 0.0, 'ws_scalar': 0.0}","{'gas': {'co': 13502, 'co2': 13264, 'no': 13590, 'no2': 13769, 'o3': 13749}, 'pm': {'pm1': 13212, 'pm10': 13214, 'pm25': 13213}}",2.28,22.14,29.89,0.75,6.05,0.82,618622244,30.0,MOD-00617,23.9,2026-02-26T05:26:20,2026-02-25T21:26:20,https://api.quant-aq.com/v1/devices/MOD-00617/data/618622093
1693.45,784.16,"{'lat': None, 'lon': None}","{'rh': 30.0, 'temp': 23.9, 'wd': 0.0, 'ws': 0.0, 'ws_scalar': 0.0}","{'gas': {'co': 13502, 'co2': 13264, 'no': 13590, 'no2': 13769, 'o3': 13749}, 'pm': {'pm1': 13212, 'pm10': 13214, 'pm25': 13213}}",2.29,21.43,30.15,0.77,1.63,0.83,618622241,30.0,MOD-00617,23.9,2026-02-26T05:25:20,2026-02-25T21:25:20,https://api.quant-aq.com/v1/devices/MOD-00617/data/618622090
1701.25,781.27,"{'lat': None, 'lon': None}","{'rh': 30.0, 'temp': 23.9, 'wd': 0.0, 'ws': 0.0, 'ws_scalar': 0.0}","{'gas': {'co': 13502, 'co2': 13264, 'no': 13590, 'no2': 13769, 'o3': 13749}, 'pm': {'pm1': 13212, 'pm10': 13214, 'pm25': 13213}}",2.28,22.49,29.63,1.28,1.34,1.34,618622239,30.0,MOD-00617,23.9,2026-02-26T05:24:20,2026-02-25T21:24:20,https://api.quant-aq.com/v1/devices/MOD-00617/data/618622089
1697.48,786.57,"{'lat': None, 'lon': None}","{'rh': 30.1, 'temp': 23.9, 'wd': 0.0, 'ws': 0.0, 'ws_scalar': 0.0}","{'gas': {'co': 13502, 'co2': 13264, 'no': 13590, 'no2': 13769, 'o3': 13749}, 'pm': {'pm1': 13212, 'pm10': 13214, 'pm25': 13213}}",2.29,21.46,29.6,0.9,3.32,0.92,618619647,30.1,MOD-00617,23.9,2026-02-26T05:23:20,2026-02-25T21:23:20,https://api.quant-aq.com/v1/devices/MOD-00617/data/618619496
1698.79,787.78,"{'lat': None, 'lon': None}","{'rh': 30.0, 'temp': 23.9, 'wd': 0.0, 'ws': 0.0, 'ws_scalar': 0.0}","{'gas': {'co': 13502, 'co2': 13264, 'no': 13590, 'no2': 13769, 'o3': 13749}, 'pm': {'pm1': 13212, 'pm10': 13214, 'pm25': 13213}}",2.29,22.14,29.89,0.73,2.76,0.75,618619649,30.0,MOD-00617,23.9,2026-02-26T05:22:20,2026-02-25T21:22:20,https://api.quant-aq.com/v1/devices/MOD-00617/data/618619499
1702.89,789.7,"{'lat': None, 'lon': None}","{'rh': 30.0, 'temp': 23.9, 'wd': 0.0, 'ws': 0.0, 'ws_scalar': 0.0}","{'gas': {'co': 13502, 'co2': 13264, 'no': 13590, 'no2': 13769, 'o3': 13749}, 'pm': {'pm1': 13212, 'pm10': 13214, 'pm25': 13213}}",2.29,22.49,29.89,1.06,1.64,1.1,618619650,30.0,MOD-00617,23.9,2026-02-26T05:21:20,2026-02-25T21:21:20,https://api.quant-aq.com/v1/devices/MOD-00617/data/618619498
1702.07,787.53,"{'lat': None, 'lon': None}","{'rh': 30.0, 'temp': 23.9, 'wd': 0.0, 'ws': 0.0, 'ws_scalar': 0.0}","{'gas': {'co': 13502, 'co2': 13264, 'no': 13590, 'no2': 13769, 'o3': 13749}, 'pm': {'pm1': 13212, 'pm10': 13214, 'pm25': 13213}}",2.28,21.79,29.89,1.15,1.57,1.25,618619651,30.0,MOD-00617,23.9,2026-02-26T05:20:20,2026-02-25T21:20:20,https://api.quant-aq.com/v1/devices/MOD-00617/data/618619500
1699.2,789.1,"{'lat': None, 'lon': None}","{'rh': 30.0, 'temp': 23.9, 'wd': 0.0, 'ws': 0.0, 'ws_scalar': 0.0}","{'gas': {'co': 13502, 'co2': 13264, 'no': 13590, 'no2': 13769, 'o3': 13749}, 'pm': {'pm1': 13212, 'pm10': 13214, 'pm25': 13213}}",2.29,22.49,29.37,0.92,2.95,0.96,618619648,30.0,MOD-00617,23.9,2026-02-26T05:19:20,2026-02-25T21:19:20,https://api.quant-aq.com/v1/devices/MOD-00617/data/618619497
1701.18,791.39,"{'lat': None, 'lon': None}","{'rh': 30.1, 'temp': 23.9, 'wd': 0.0, 'ws': 0.0, 'ws_scalar': 0.0}","{'gas': {'co': 13502, 'co2': 13264, 'no': 13590, 'no2': 13769, 'o3': 13749}, 'pm': {'pm1': 13212, 'pm10': 13214, 'pm25': 13213}}",2.29,22.18,29.86,1.18,13.47,1.27,618616996,30.1,MOD-00617,23.9,2026-02-26T05:18:20,2026-02-25T21:18:20,https://api.quant-aq.com/v1/devices/MOD-00617/data/618616846
1700.36,791.39,"{'lat': None, 'lon': None}","{'rh': 30.1, 'temp': 23.9, 'wd': 0.0, 'ws': 0.0, 'ws_scalar': 0.0}","{'gas': {'co': 13502, 'co2': 13264, 'no': 13590, 'no2': 13769, 'o3': 13749}, 'pm': {'pm1': 13212, 'pm10': 13214, 'pm25': 13213}}",2.29,22.54,29.86,0.94,5.11,0.97,618616995,30.1,MOD-00617,23.9,2026-02-26T05:17:20,2026-02-25T21:17:20,https://api.quant-aq.com/v1/devices/MOD-00617/data/618616845
1703.64,788.26,"{'lat': None, 'lon': None}","{'rh': 30.1, 'temp': 23.9, 'wd': 0.0, 'ws': 0.0, 'ws_scalar': 0.0}","{'gas': {'co': 13502, 'co2': 13264, 'no': 13590, 'no2': 13769, 'o3': 13749}, 'pm': {'pm1': 13212, 'pm10': 13214, 'pm25': 13213}}",2.29,21.82,29.86,0.93,1.11,1.02,618616994,30.1,MOD-00617,23.9,2026-02-26T05:16:20,2026-02-25T21:16:20,https://api.quant-aq.com/v1/devices/MOD-00617/data/618616843
1704.46,794.52,"{'lat': None, 'lon': None}","{'rh': 30.1, 'temp': 23.9, 'wd': 0.0, 'ws': 0.0, 'ws_scalar': 0.0}","{'gas': {'co': 13502, 'co2': 13264, 'no': 13590, 'no2': 13769, 'o3': 13749}, 'pm': {'pm1': 13212, 'pm10': 13214, 'pm25': 13213}}",2.29,22.18,29.6,0.95,1.86,1.06,618616997,30.1,MOD-00617,23.9,2026-02-26T05:15:20,2026-02-25T21:15:20,https://api.quant-aq.com/v1/devices/MOD-00617/data/618616844
1697.89,794.88,"{'lat': None, 'lon': None}","{'rh': 30.1, 'temp': 23.9, 'wd': 0.0, 'ws': 0.0, 'ws_scalar': 0.0}","{'gas': {'co': 13502, 'co2': 13264, 'no': 13590, 'no2': 13769, 'o3': 13749}, 'pm': {'pm1': 13212, 'pm10': 13214, 'pm25': 13213}}",2.29,22.54,29.34,1.06,4.2,1.1,618616993,30.1,MOD-00617,23.9,2026-02-26T05:14:20,2026-02-25T21:14:20,https://api.quant-aq.com/v1/devices/MOD-00617/data/618616842
1702.0,797.29,"{'lat': None, 'lon': None}","{'rh': 30.1, 'temp': 23.9, 'wd': 0.0, 'ws': 0.0, 'ws_scalar': 0.0}","{'gas': {'co': 13502, 'co2': 13264, 'no': 13590, 'no2': 13769, 'o3': 13749}, 'pm': {'pm1': 13212, 'pm10': 13214, 'pm25': 13213}}",2.3,22.54,30.13,1.03,1.91,1.13,618614475,30.1,MOD-00617,23.9,2026-02-26T05:13:20,2026-02-25T21:13:20,https://api.quant-aq.com/v1/devices/MOD-00617/data/618614324
1700.36,795.36,"{'lat': None, 'lon': None}","{'rh': 30.1, 'temp': 23.9, 'wd': 0.0, 'ws': 0.0, 'ws_scalar': 0.0}","{'gas': {'co': 13502, 'co2': 13264, 'no': 13590, 'no2': 13769, 'o3': 13749}, 'pm': {'pm1': 13212, 'pm10': 13214, 'pm25': 13213}}",2.29,23.25,29.34,0.96,2.85,1.04,618614473,30.1,MOD-00617,23.9,2026-02-26T05:12:20,2026-02-25T21:12:20,https://api.quant-aq.com/v1/devices/MOD-00617/data/618614322
1701.59,797.17,"{'lat': None, 'lon': None}","{'rh': 30.1, 'temp': 23.9, 'wd': 0.0, 'ws': 0.0, 'ws_scalar': 0.0}","{'gas': {'co': 13502, 'co2': 13264, 'no': 13590, 'no2': 13769, 'o3': 13749}, 'pm': {'pm1': 13212, 'pm10': 13214, 'pm25': 13213}}",2.29,22.9,29.34,0.91,1.02,0.97,618614474,30.1,MOD-00617,23.9,2026-02-26T05:11:20,2026-02-25T21:11:20,https://api.quant-aq.com/v1/devices/MOD-00617/data/618614323
1695.84,797.17,"{'lat': None, 'lon': None}","{'rh': 30.1, 'temp': 23.9, 'wd': 0.0, 'ws': 0.0, 'ws_scalar': 0.0}","{'gas': {'co': 13502, 'co2': 13264, 'no': 13590, 'no2': 13769, 'o3': 13749}, 'pm': {'pm1': 13212, 'pm10': 13214, 'pm25': 13213}}",2.29,22.54,30.13,1.05,1.3,1.11,618614477,30.1,MOD-00617,23.9,2026-02-26T05:10:20,2026-02-25T21:10:20,https://api.quant-aq.com/v1/devices/MOD-00617/data/618614326
1701.18,799.1,"{'lat': None, 'lon': None}","{'rh': 30.1, 'temp': 23.9, 'wd': 0.0, 'ws': 0.0, 'ws_scalar': 0.0}","{'gas': {'co': 13502, 'co2': 13264, 'no': 13590, 'no2': 13769, 'o3': 13749}, 'pm': {'pm1': 13212, 'pm10': 13214, 'pm25': 13213}}",2.29,22.9,29.34,1.53,2.19,1.63,618614476,30.1,MOD-00617,23.9,2026-02-26T05:09:20,2026-02-25T21:09:20,https://api.quant-aq.com/v1/devices/MOD-00617/data/618614325
1699.13,796.09,"{'lat': None, 'lon': None}","{'rh': 30.1, 'temp': 23.9, 'wd': 0.0, 'ws': 0.0, 'ws_scalar': 0.0}","{'gas': {'co': 13502, 'co2': 13264, 'no': 13590, 'no2': 13769, 'o3': 13749}, 'pm': {'pm1': 13212, 'pm10': 13214, 'pm25': 13213}}",2.29,22.18,29.86,1.62,3.74,1.73,618611852,30.1,MOD-00617,23.9,2026-02-26T05:08:20,2026-02-25T21:08:20,https://api.quant-aq.com/v1/devices/MOD-00617/data/618611701
1698.3,799.1,"{'lat': None, 'lon': None}","{'rh': 30.1, 'temp': 23.9, 'wd': 0.0, 'ws': 0.0, 'ws_scalar': 0.0}","{'gas': {'co': 13502, 'co2': 13264, 'no': 13590, 'no2': 13769, 'o3': 13749}, 'pm': {'pm1': 13212, 'pm10': 13214, 'pm25': 13213}}",2.29,23.59,29.34,1.39,13.16,1.59,618611849,30.1,MOD-00617,23.9,2026-02-26T05:07:20,2026-02-25T21:07:20,https://api.quant-aq.com/v1/devices/MOD-00617/data/618611699
1701.59,796.57,"{'lat': None, 'lon': None}","{'rh': 30.1, 'temp': 23.9, 'wd': 0.0, 'ws': 0.0, 'ws_scalar': 0.0}","{'gas': {'co': 13502, 'co2': 13264, 'no': 13590, 'no2': 13769, 'o3': 13749}, 'pm': {'pm1': 13212, 'pm10': 13214, 'pm25': 13213}}",2.29,22.9,29.34,1.27,1.58,1.49,618611851,30.1,MOD-00617,23.9,2026-02-26T05:06:20,2026-02-25T21:06:20,https://api.quant-aq.com/v1/devices/MOD-00617/data/618611700
1699.13,792.11,"{'lat': None, 'lon': None}","{'rh': 30.1, 'temp': 23.9, 'wd': 0.0, 'ws': 0.0, 'ws_scalar': 0.0}","{'gas': {'co': 13502, 'co2': 13264, 'no': 13590, 'no2': 13769, 'o3': 13749}, 'pm': {'pm1': 13212, 'pm10': 13214, 'pm25': 13213}}",2.29,23.25,29.6,1.45,1.81,1.58,618611850,30.1,MOD-00617,23.9,2026-02-26T05:05:20,2026-02-25T21:05:20,https://api.quant-aq.com/v1/devices/MOD-00617/data/618611698
1704.87,792.11,"{'lat': None, 'lon': None}","{'rh': 30.1, 'temp': 23.9, 'wd': 0.0, 'ws': 0.0, 'ws_scalar': 0.0}","{'gas': {'co': 13502, 'co2': 13264, 'no': 13590, 'no2': 13769, 'o3': 13749}, 'pm': {'pm1': 13212, 'pm10': 13214, 'pm25': 13213}}",2.33,21.82,29.6,1.41,22.13,1.56,618611848,30.1,MOD-00617,23.9,2026-02-26T05:04:20,2026-02-25T21:04:20,https://api.quant-aq.com/v1/devices/MOD-00617/data/618611697
1707.75,797.05,"{'lat': None, 'lon': None}","{'rh': 30.1, 'temp': 23.9, 'wd': 0.0, 'ws': 0.0, 'ws_scalar': 0.0}","{'gas': {'co': 13502, 'co2': 13264, 'no': 13590, 'no2': 13769, 'o3': 13749}, 'pm': {'pm1': 13212, 'pm10': 13214, 'pm25': 13213}}",2.29,22.9,30.13,1.27,2.93,1.35,618609235,30.1,MOD-00617,23.9,2026-02-26T05:03:20,2026-02-25T21:03:20,https://api.quant-aq.com/v1/devices/MOD-00617/data/618609084
1700.77,795.97,"{'lat': None, 'lon': None}","{'rh': 30.1, 'temp': 23.9, 'wd': 0.0, 'ws': 0.0, 'ws_scalar': 0.0}","{'gas': {'co': 13502, 'co2': 13264, 'no': 13590, 'no2': 13769, 'o3': 13749}, 'pm': {'pm1': 13212, 'pm10': 13214, 'pm25': 13213}}",2.33,22.9,29.86,1.32,1.66,1.39,618609237,30.1,MOD-00617,23.9,2026-02-26T05:02:20,2026-02-25T21:02:20,https://api.quant-aq.com/v1/devices/MOD-00617/data/618609085
1693.38,795.24,"{'lat': None, 'lon': None}","{'rh': 30.1, 'temp': 23.9, 'wd': 0.0, 'ws': 0.0, 'ws_scalar': 0.0}","{'gas': {'co': 13502, 'co2': 13264, 'no': 13590, 'no2': 13769, 'o3': 13749}, 'pm': {'pm1': 13212, 'pm10': 13214, 'pm25': 13213}}",2.29,22.9,29.86,1.39,7.66,1.6,618609236,30.1,MOD-00617,23.9,2026-02-26T05:01:20,2026-02-25T21:01:20,https://api.quant-aq.com/v1/devices/MOD-00617/data/618609086
1685.17,794.64,"{'lat': None, 'lon': None}","{'rh': 30.1, 'temp': 23.9, 'wd': 0.0, 'ws': 0.0, 'ws_scalar': 0.0}","{'gas': {'co': 13502, 'co2': 13264, 'no': 13590, 'no2': 13769, 'o3': 13749}, 'pm': {'pm1': 13212, 'pm10': 13214, 'pm25': 13213}}",2.33,23.25,29.6,1.5,3.9,1.54,618609234,30.1,MOD-00617,23.9,2026-02-26T05:00:20,2026-02-25T21:00:20,https://api.quant-aq.com/v1/devices/MOD-00617/data/618609083
1687.22,795.97,"{'lat': None, 'lon': None}","{'rh': 30.1, 'temp': 23.9, 'wd': 0.0, 'ws': 0.0, 'ws_scalar': 0.0}","{'gas': {'co': 13502, 'co2': 13264, 'no': 13590, 'no2': 13769, 'o3': 13749}, 'pm': {'pm1': 13212, 'pm10': 13214, 'pm25': 13213}}",2.29,22.18,29.6,1.36,4.1,1.49,618607210,30.1,MOD-00617,23.9,2026-02-26T04:59:20,2026-02-25T20:59:20,https://api.quant-aq.com/v1/devices/MOD-00617/data/618607058
1692.56,798.38,"{'lat': None, 'lon': None}","{'rh': 30.1, 'temp': 23.9, 'wd': 0.0, 'ws': 0.0, 'ws_scalar': 0.0}","{'gas': {'co': 13502, 'co2': 13264, 'no': 13590, 'no2': 13769, 'o3': 13749}, 'pm': {'pm1': 13212, 'pm10': 13214, 'pm25': 13213}}",2.33,23.59,29.34,1.4,1.5,1.45,618607208,30.1,MOD-00617,23.9,2026-02-26T04:58:20,2026-02-25T20:58:20,https://api.quant-aq.com/v1/devices/MOD-00617/data/618607059
1686.06,796.33,"{'lat': None, 'lon': None}","{'rh': 30.0, 'temp': 23.9, 'wd': 0.0, 'ws': 0.0, 'ws_scalar': 0.0}","{'gas': {'co': 13502, 'co2': 13264, 'no': 13590, 'no2': 13769, 'o3': 13749}, 'pm': {'pm1': 13212, 'pm10': 13214, 'pm25': 13213}}",2.28,23.18,29.11,1.73,1.9,1.85,618607207,30.0,MOD-00617,23.9,2026-02-26T04:57:20,2026-02-25T20:57:20,https://api.quant-aq.com/v1/devices/MOD-00617/data/618607056
1691.33,798.01,"{'lat': None, 'lon': None}","{'rh': 30.1, 'temp': 23.9, 'wd': 0.0, 'ws': 0.0, 'ws_scalar': 0.0}","{'gas': {'co': 13502, 'co2': 13264, 'no': 13590, 'no2': 13769, 'o3': 13749}, 'pm': {'pm1': 13212, 'pm10': 13214, 'pm25': 13213}}",2.29,22.54,29.34,1.73,3.86,1.88,618607209,30.1,MOD-00617,23.9,2026-02-26T04:56:20,2026-02-25T20:56:20,https://api.quant-aq.com/v1/devices/MOD-00617/data/618607057
1687.63,796.93,"{'lat': None, 'lon': None}","{'rh': 30.1, 'temp': 23.9, 'wd': 0.0, 'ws': 0.0, 'ws_scalar': 0.0}","{'gas': {'co': 13502, 'co2': 13264, 'no': 13590, 'no2': 13769, 'o3': 13749}, 'pm': {'pm1': 13212, 'pm10': 13214, 'pm25': 13213}}",2.29,22.9,29.6,2.1,4.24,2.22,618607206,30.1,MOD-00617,23.9,2026-02-26T04:55:20,2026-02-25T20:55:20,https://api.quant-aq.com/v1/devices/MOD-00617/data/618607055
1690.5,798.01,"{'lat': None, 'lon': None}","{'rh': 30.1, 'temp': 23.9, 'wd': 0.0, 'ws': 0.0, 'ws_scalar': 0.0}","{'gas': {'co': 13502, 'co2': 13264, 'no': 13590, 'no2': 13769, 'o3': 13749}, 'pm': {'pm1': 13212, 'pm10': 13214, 'pm25': 13213}}",2.29,22.9,29.6,2.15,2.55,2.24,618604618,30.1,MOD-00617,23.9,2026-02-26T04:54:20,2026-02-25T20:54:20,https://api.quant-aq.com/v1/devices/MOD-00617/data/618604468
1685.99,801.99,"{'lat': None, 'lon': None}","{'rh': 30.1, 'temp': 23.9, 'wd': 0.0, 'ws': 0.0, 'ws_scalar': 0.0}","{'gas': {'co': 13502, 'co2': 13264, 'no': 13590, 'no2': 13769, 'o3': 13749}, 'pm': {'pm1': 13212, 'pm10': 13214, 'pm25': 13213}}",2.29,23.25,29.6,2.0,5.34,2.07,618604619,30.1,MOD-00617,23.9,2026-02-26T04:53:20,2026-02-25T20:53:20,https://api.quant-aq.com/v1/devices/MOD-00617/data/618604467
1689.68,798.86,"{'lat': None, 'lon': None}","{'rh': 30.1, 'temp': 23.9, 'wd': 0.0, 'ws': 0.0, 'ws_scalar': 0.0}","{'gas': {'co': 13502, 'co2': 13264, 'no': 13590, 'no2': 13769, 'o3': 13749}, 'pm': {'pm1': 13212, 'pm10': 13214, 'pm25': 13213}}",2.29,22.9,29.86,2.69,4.51,2.74,618604617,30.1,MOD-00617,23.9,2026-02-26T04:52:20,2026-02-25T20:52:20,https://api.quant-aq.com/v1/devices/MOD-00617/data/618604466
1687.63,800.06,"{'lat': None, 'lon': None}","{'rh': 30.1, 'temp': 23.9, 'wd': 0.0, 'ws': 0.0, 'ws_scalar': 0.0}","{'gas': {'co': 13502, 'co2': 13264, 'no': 13590, 'no2': 13769, 'o3': 13749}, 'pm': {'pm1': 13212, 'pm10': 13214, 'pm25': 13213}}",2.29,23.25,29.34,1.4,11.2,1.42,618604616,30.1,MOD-00617,23.9,2026-02-26T04:51:20,2026-02-25T20:51:20,https://api.quant-aq.com/v1/devices/MOD-00617/data/618604465
1691.74,796.93,"{'lat': None, 'lon': None}","{'rh': 30.1, 'temp': 23.9, 'wd': 0.0, 'ws': 0.0, 'ws_scalar': 0.0}","{'gas': {'co': 13502, 'co2': 13264, 'no': 13590, 'no2': 13769, 'o3': 13749}, 'pm': {'pm1': 13212, 'pm10': 13214, 'pm25': 13213}}",2.29,23.59,29.6,1.67,22.33,1.78,618602495,30.1,MOD-00617,23.9,2026-02-26T04:50:20,2026-02-25T20:50:20,https://api.quant-aq.com/v1/devices/MOD-00617/data/618602344
1694.91,795.48,"{'lat': None, 'lon': None}","{'rh': 30.1, 'temp': 23.8, 'wd': 0.0, 'ws': 0.0, 'ws_scalar': 0.0}","{'gas': {'co': 13502, 'co2': 13264, 'no': 13590, 'no2': 13769, 'o3': 13749}, 'pm': {'pm1': 13212, 'pm10': 13214, 'pm25': 13213}}",2.34,23.49,29.85,1.51,4.62,1.62,618602497,30.1,MOD-00617,23.8,2026-02-26T04:49:20,2026-02-25T20:49:20,https://api.quant-aq.com/v1/devices/MOD-00617/data/618602346
1691.66,797.41,"{'lat': None, 'lon': None}","{'rh': 30.2, 'temp': 23.9, 'wd': 0.0, 'ws': 0.0, 'ws_scalar': 0.0}","{'gas': {'co': 13502, 'co2': 13264, 'no': 13590, 'no2': 13769, 'o3': 13749}, 'pm': {'pm1': 13212, 'pm10': 13214, 'pm25': 13213}}",2.29,23.31,29.57,1.4,3.27,1.44,618602498,30.2,MOD-00617,23.9,2026-02-26T04:48:20,2026-02-25T20:48:20,https://api.quant-aq.com/v1/devices/MOD-00617/data/618602347
1700.29,799.58,"{'lat': None, 'lon': None}","{'rh': 30.2, 'temp': 23.9, 'wd': 0.0, 'ws': 0.0, 'ws_scalar': 0.0}","{'gas': {'co': 13502, 'co2': 13264, 'no': 13590, 'no2': 13769, 'o3': 13749}, 'pm': {'pm1': 13212, 'pm10': 13214, 'pm25': 13213}}",2.3,23.31,29.57,1.43,1.71,1.44,618602496,30.2,MOD-00617,23.9,2026-02-26T04:47:20,2026-02-25T20:47:20,https://api.quant-aq.com/v1/devices/MOD-00617/data/618602345
1698.71,795.12,"{'lat': None, 'lon': None}","{'rh': 30.1, 'temp': 23.9, 'wd': 0.0, 'ws': 0.0, 'ws_scalar': 0.0}","{'gas': {'co': 13502, 'co2': 13264, 'no': 13590, 'no2': 13769, 'o3': 13749}, 'pm': {'pm1': 13212, 'pm10': 13214, 'pm25': 13213}}",2.29,23.59,29.86,1.82,7.16,1.86,618600432,30.1,MOD-00617,23.9,2026-02-26T04:46:20,2026-02-25T20:46:20,https://api.quant-aq.com/v1/devices/MOD-00617/data/618600281
1697.38,798.5,"{'lat': None, 'lon': None}","{'rh': 30.1, 'temp': 23.8, 'wd': 0.0, 'ws': 0.0, 'ws_scalar': 0.0}","{'gas': {'co': 13502, 'co2': 13264, 'no': 13590, 'no2': 13769, 'o3': 13749}, 'pm': {'pm1': 13212, 'pm10': 13214, 'pm25': 13213}}",2.34,23.15,29.58,1.56,4.05,1.6,618600430,30.1,MOD-00617,23.8,2026-02-26T04:45:20,2026-02-25T20:45:20,https://api.quant-aq.com/v1/devices/MOD-00617/data/618600279
1700.25,793.56,"{'lat': None, 'lon': None}","{'rh': 30.1, 'temp': 23.8, 'wd': 0.0, 'ws': 0.0, 'ws_scalar': 0.0}","{'gas': {'co': 13502, 'co2': 13264, 'no': 13590, 'no2': 13769, 'o3': 13749}, 'pm': {'pm1': 13212, 'pm10': 13214, 'pm25': 13213}}",2.34,23.15,29.58,1.78,1.81,1.81,618600434,30.1,MOD-00617,23.8,2026-02-26T04:44:20,2026-02-25T20:44:20,https://api.quant-aq.com/v1/devices/MOD-00617/data/618600286
1698.2,795.48,"{'lat': None, 'lon': None}","{'rh': 30.1, 'temp': 23.8, 'wd': 0.0, 'ws': 0.0, 'ws_scalar': 0.0}","{'gas': {'co': 13502, 'co2': 13264, 'no': 13590, 'no2': 13769, 'o3': 13749}, 'pm': {'pm1': 13212, 'pm10': 13214, 'pm25': 13213}}",2.34,23.15,30.11,1.82,1.85,1.85,618600433,30.1,MOD-00617,23.8,2026-02-26T04:43:20,2026-02-25T20:43:20,https://api.quant-aq.com/v1/devices/MOD-00617/data/618600282
1704.69,798.25,"{'lat': None, 'lon': None}","{'rh': 30.2, 'temp': 23.8, 'wd': 0.0, 'ws': 0.0, 'ws_scalar': 0.0}","{'gas': {'co': 13502, 'co2': 13264, 'no': 13590, 'no2': 13769, 'o3': 13749}, 'pm': {'pm1': 13212, 'pm10': 13214, 'pm25': 13213}}",2.34,25.44,29.55,1.89,2.16,1.94,618600431,30.2,MOD-00617,23.8,2026-02-26T04:42:20,2026-02-25T20:42:20,https://api.quant-aq.com/v1/devices/MOD-00617/data/618600280
1709.62,797.17,"{'lat': None, 'lon': None}","{'rh': 30.2, 'temp': 23.8, 'wd': 0.0, 'ws': 0.0, 'ws_scalar': 0.0}","{'gas': {'co': 13502, 'co2': 13264, 'no': 13590, 'no2': 13769, 'o3': 13749}, 'pm': {'pm1': 13212, 'pm10': 13214, 'pm25': 13213}}",2.35,25.44,29.82,1.52,2.26,1.55,618597872,30.2,MOD-00617,23.8,2026-02-26T04:41:20,2026-02-25T20:41:20,https://api.quant-aq.com/v1/devices/MOD-00617/data/618597722
1714.13,796.57,"{'lat': None, 'lon': None}","{'rh': 30.2, 'temp': 23.8, 'wd': 0.0, 'ws': 0.0, 'ws_scalar': 0.0}","{'gas': {'co': 13502, 'co2': 13264, 'no': 13590, 'no2': 13769, 'o3': 13749}, 'pm': {'pm1': 13212, 'pm10': 13214, 'pm25': 13213}}",2.35,26.15,29.55,1.79,2.06,1.83,618597871,30.2,MOD-00617,23.8,2026-02-26T04:40:20,2026-02-25T20:40:20,https://api.quant-aq.com/v1/devices/MOD-00617/data/618597720
1704.69,797.53,"{'lat': None, 'lon': None}","{'rh': 30.2, 'temp': 23.8, 'wd': 0.0, 'ws': 0.0, 'ws_scalar': 0.0}","{'gas': {'co': 13502, 'co2': 13264, 'no': 13590, 'no2': 13769, 'o3': 13749}, 'pm': {'pm1': 13212, 'pm10': 13214, 'pm25': 13213}}",2.34,25.68,29.55,1.56,1.91,1.66,618597873,30.2,MOD-00617,23.8,2026-02-26T04:39:20,2026-02-25T20:39:20,https://api.quant-aq.com/v1/devices/MOD-00617/data/618597721
1714.88,800.18,"{'lat': None, 'lon': None}","{'rh': 30.3, 'temp': 23.8, 'wd': 0.0, 'ws': 0.0, 'ws_scalar': 0.0}","{'gas': {'co': 13502, 'co2': 13264, 'no': 13590, 'no2': 13769, 'o3': 13749}, 'pm': {'pm1': 13212, 'pm10': 13214, 'pm25': 13213}}",2.36,25.2,29.53,1.58,2.38,1.63,618597875,30.3,MOD-00617,23.8,2026-02-26T04:38:20,2026-02-25T20:38:20,https://api.quant-aq.com/v1/devices/MOD-00617/data/618597723
1707.09,801.15,"{'lat': None, 'lon': None}","{'rh': 30.3, 'temp': 23.8, 'wd': 0.0, 'ws': 0.0, 'ws_scalar': 0.0}","{'gas': {'co': 13502, 'co2': 13264, 'no': 13590, 'no2': 13769, 'o3': 13749}, 'pm': {'pm1': 13212, 'pm10': 13214, 'pm25': 13213}}",2.36,25.91,30.05,1.89,5.78,1.97,618597874,30.3,MOD-00617,23.8,2026-02-26T04:37:20,2026-02-25T20:37:20,https://api.quant-aq.com/v1/devices/MOD-00617/data/618597724
1710.37,799.94,"{'lat': None, 'lon': None}","{'rh': 30.3, 'temp': 23.8, 'wd': 0.0, 'ws': 0.0, 'ws_scalar': 0.0}","{'gas': {'co': 13502, 'co2': 13264, 'no': 13590, 'no2': 13769, 'o3': 13749}, 'pm': {'pm1': 13212, 'pm10': 13214, 'pm25': 13213}}",2.35,25.68,29.79,2.03,2.05,2.05,618595243,30.3,MOD-00617,23.8,2026-02-26T04:36:20,2026-02-25T20:36:20,https://api.quant-aq.com/v1/devices/MOD-00617/data/618595092
1704.62,803.19,"{'lat': None, 'lon': None}","{'rh': 30.3, 'temp': 23.8, 'wd': 0.0, 'ws': 0.0, 'ws_scalar': 0.0}","{'gas': {'co': 13502, 'co2': 13264, 'no': 13590, 'no2': 13769, 'o3': 13749}, 'pm': {'pm1': 13212, 'pm10': 13214, 'pm25': 13213}}",2.35,25.68,29.53,1.94,7.33,1.99,618595247,30.3,MOD-00617,23.8,2026-02-26T04:35:20,2026-02-25T20:35:20,https://api.quant-aq.com/v1/devices/MOD-00617/data/618595096
1711.19,802.11,"{'lat': None, 'lon': None}","{'rh': 30.3, 'temp': 23.8, 'wd': 0.0, 'ws': 0.0, 'ws_scalar': 0.0}","{'gas': {'co': 13502, 'co2': 13264, 'no': 13590, 'no2': 13769, 'o3': 13749}, 'pm': {'pm1': 13212, 'pm10': 13214, 'pm25': 13213}}",2.35,25.44,29.53,2.0,2.29,2.11,618595246,30.3,MOD-00617,23.8,2026-02-26T04:34:20,2026-02-25T20:34:20,https://api.quant-aq.com/v1/devices/MOD-00617/data/618595095
1709.96,803.67,"{'lat': None, 'lon': None}","{'rh': 30.3, 'temp': 23.8, 'wd': 0.0, 'ws': 0.0, 'ws_scalar': 0.0}","{'gas': {'co': 13502, 'co2': 13264, 'no': 13590, 'no2': 13769, 'o3': 13749}, 'pm': {'pm1': 13212, 'pm10': 13214, 'pm25': 13213}}",2.35,26.15,30.31,2.2,4.5,2.36,618595244,30.3,MOD-00617,23.8,2026-02-26T04:33:20,2026-02-25T20:33:20,https://api.quant-aq.com/v1/devices/MOD-00617/data/618595093
1707.42,803.19,"{'lat': None, 'lon': None}","{'rh': 30.4, 'temp': 23.8, 'wd': 0.0, 'ws': 0.0, 'ws_scalar': 0.0}","{'gas': {'co': 13502, 'co2': 13264, 'no': 13590, 'no2': 13769, 'o3': 13749}, 'pm': {'pm1': 13212, 'pm10': 13214, 'pm25': 13213}}",2.35,25.91,29.76,2.02,8.92,2.04,618595245,30.4,MOD-00617,23.8,2026-02-26T04:32:20,2026-02-25T20:32:20,https://api.quant-aq.com/v1/devices/MOD-00617/data/618595094
1708.25,798.38,"{'lat': None, 'lon': None}","{'rh': 30.4, 'temp': 23.8, 'wd': 0.0, 'ws': 0.0, 'ws_scalar': 0.0}","{'gas': {'co': 13502, 'co2': 13264, 'no': 13590, 'no2': 13769, 'o3': 13749}, 'pm': {'pm1': 13212, 'pm10': 13214, 'pm25': 13213}}",2.36,25.91,29.76,1.82,2.16,1.85,618592601,30.4,MOD-00617,23.8,2026-02-26T04:31:20,2026-02-25T20:31:20,https://api.quant-aq.com/v1/devices/MOD-00617/data/618592451
1714.81,806.81,"{'lat': None, 'lon': None}","{'rh': 30.4, 'temp': 23.8, 'wd': 0.0, 'ws': 0.0, 'ws_scalar': 0.0}","{'gas': {'co': 13502, 'co2': 13264, 'no': 13590, 'no2': 13769, 'o3': 13749}, 'pm': {'pm1': 13212, 'pm10': 13214, 'pm25': 13213}}",2.35,26.15,29.23,2.11,2.17,2.17,618592600,30.4,MOD-00617,23.8,2026-02-26T04:30:20,2026-02-25T20:30:20,https://api.quant-aq.com/v1/devices/MOD-00617/data/618592448
1716.46,805.36,"{'lat': None, 'lon': None}","{'rh': 30.4, 'temp': 23.8, 'wd': 0.0, 'ws': 0.0, 'ws_scalar': 0.0}","{'gas': {'co': 13502, 'co2': 13264, 'no': 13590, 'no2': 13769, 'o3': 13749}, 'pm': {'pm1': 13212, 'pm10': 13214, 'pm25': 13213}}",2.35,25.91,29.5,2.57,3.98,2.64,618592602,30.4,MOD-00617,23.8,2026-02-26T04:29:20,2026-02-25T20:29:20,https://api.quant-aq.com/v1/devices/MOD-00617/data/618592450
1730.0,805.48,"{'lat': None, 'lon': None}","{'rh': 30.4, 'temp': 23.8, 'wd': 0.0, 'ws': 0.0, 'ws_scalar': 0.0}","{'gas': {'co': 13502, 'co2': 13264, 'no': 13590, 'no2': 13769, 'o3': 13749}, 'pm': {'pm1': 13212, 'pm10': 13214, 'pm25': 13213}}",2.36,26.15,30.02,2.28,3.19,2.36,618592598,30.4,MOD-00617,23.8,2026-02-26T04:28:20,2026-02-25T20:28:20,https://api.quant-aq.com/v1/devices/MOD-00617/data/618592447
1741.09,807.05,"{'lat': None, 'lon': None}","{'rh': 30.4, 'temp': 23.8, 'wd': 0.0, 'ws': 0.0, 'ws_scalar': 0.0}","{'gas': {'co': 13502, 'co2': 13264, 'no': 13590, 'no2': 13769, 'o3': 13749}, 'pm': {'pm1': 13212, 'pm10': 13214, 'pm25': 13213}}",2.35,26.15,29.5,1.97,2.22,2.03,618592599,30.4,MOD-00617,23.8,2026-02-26T04:27:20,2026-02-25T20:27:20,https://api.quant-aq.com/v1/devices/MOD-00617/data/618592449
1752.17,805.6,"{'lat': None, 'lon': None}","{'rh': 30.4, 'temp': 23.8, 'wd': 0.0, 'ws': 0.0, 'ws_scalar': 0.0}","{'gas': {'co': 13502, 'co2': 13264, 'no': 13590, 'no2': 13769, 'o3': 13749}, 'pm': {'pm1': 13212, 'pm10': 13214, 'pm25': 13213}}",2.36,26.15,29.76,2.36,15.92,2.43,618589998,30.4,MOD-00617,23.8,2026-02-26T04:26:20,2026-02-25T20:26:20,https://api.quant-aq.com/v1/devices/MOD-00617/data/618589847
1724.26,806.57,"{'lat': None, 'lon': None}","{'rh': 30.4, 'temp': 23.8, 'wd': 0.0, 'ws': 0.0, 'ws_scalar': 0.0}","{'gas': {'co': 13502, 'co2': 13264, 'no': 13590, 'no2': 13769, 'o3': 13749}, 'pm': {'pm1': 13212, 'pm10': 13214, 'pm25': 13213}}",2.35,25.67,29.76,2.2,7.75,2.29,618589995,30.4,MOD-00617,23.8,2026-02-26T04:25:20,2026-02-25T20:25:20,https://api.quant-aq.com/v1/devices/MOD-00617/data/618589844
1621.22,800.9,"{'lat': None, 'lon': None}","{'rh': 30.4, 'temp': 23.8, 'wd': 0.0, 'ws': 0.0, 'ws_scalar': 0.0}","{'gas': {'co': 13502, 'co2': 13264, 'no': 13590, 'no2': 13769, 'o3': 13749}, 'pm': {'pm1': 13212, 'pm10': 13214, 'pm25': 13213}}",2.36,25.91,29.76,2.65,3.37,2.75,618589996,30.4,MOD-00617,23.8,2026-02-26T04:24:20,2026-02-25T20:24:20,https://api.quant-aq.com/v1/devices/MOD-00617/data/618589845
1594.54,803.07,"{'lat': None, 'lon': None}","{'rh': 30.4, 'temp': 23.8, 'wd': 0.0, 'ws': 0.0, 'ws_scalar': 0.0}","{'gas': {'co': 13502, 'co2': 13264, 'no': 13590, 'no2': 13769, 'o3': 13749}, 'pm': {'pm1': 13212, 'pm10': 13214, 'pm25': 13213}}",2.36,25.91,29.5,2.73,7.54,2.84,618589997,30.4,MOD-00617,23.8,2026-02-26T04:23:20,2026-02-25T20:23:20,https://api.quant-aq.com/v1/devices/MOD-00617/data/618589846
1593.37,801.87,"{'lat': None, 'lon': None}","{'rh': 30.3, 'temp': 23.8, 'wd': 0.0, 'ws': 0.0, 'ws_scalar': 0.0}","{'gas': {'co': 13502, 'co2': 13264, 'no': 13590, 'no2': 13769, 'o3': 13749}, 'pm': {'pm1': 13212, 'pm10': 13214, 'pm25': 13213}}",2.36,25.91,30.58,2.44,13.28,2.54,618587952,30.3,MOD-00617,23.8,2026-02-26T04:22:20,2026-02-25T20:22:20,https://api.quant-aq.com/v1/devices/MOD-00617/data/618587800
1594.2,801.75,"{'lat': None, 'lon': None}","{'rh': 30.3, 'temp': 23.8, 'wd': 0.0, 'ws': 0.0, 'ws_scalar': 0.0}","{'gas': {'co': 13502, 'co2': 13264, 'no': 13590, 'no2': 13769, 'o3': 13749}, 'pm': {'pm1': 13212, 'pm10': 13214, 'pm25': 13213}}",2.36,25.91,29.53,2.7,3.27,2.76,618587950,30.3,MOD-00617,23.8,2026-02-26T04:21:20,2026-02-25T20:21:20,https://api.quant-aq.com/v1/devices/MOD-00617/data/618587798
1588.86,801.15,"{'lat': None, 'lon': None}","{'rh': 30.3, 'temp': 23.8, 'wd': 0.0, 'ws': 0.0, 'ws_scalar': 0.0}","{'gas': {'co': 13502, 'co2': 13264, 'no': 13590, 'no2': 13769, 'o3': 13749}, 'pm': {'pm1': 13212, 'pm10': 13214, 'pm25': 13213}}",2.36,25.91,29.26,2.7,2.96,2.78,618587951,30.3,MOD-00617,23.8,2026-02-26T04:20:20,2026-02-25T20:20:20,https://api.quant-aq.com/v1/devices/MOD-00617/data/618587801
1590.5,801.02,"{'lat': None, 'lon': None}","{'rh': 30.3, 'temp': 23.8, 'wd': 0.0, 'ws': 0.0, 'ws_scalar': 0.0}","{'gas': {'co': 13502, 'co2': 13264, 'no': 13590, 'no2': 13769, 'o3': 13749}, 'pm': {'pm1': 13212, 'pm10': 13214, 'pm25': 13213}}",2.35,25.68,30.05,2.74,6.18,2.82,618587949,30.3,MOD-00617,23.8,2026-02-26T04:19:20,2026-02-25T20:19:20,https://api.quant-aq.com/v1/devices/MOD-00617/data/618587799
1591.32,802.71,"{'lat': None, 'lon': None}","{'rh': 30.3, 'temp': 23.8, 'wd': 0.0, 'ws': 0.0, 'ws_scalar': 0.0}","{'gas': {'co': 13502, 'co2': 13264, 'no': 13590, 'no2': 13769, 'o3': 13749}, 'pm': {'pm1': 13212, 'pm10': 13214, 'pm25': 13213}}",2.36,26.15,30.05,3.1,4.13,3.24,618585880,30.3,MOD-00617,23.8,2026-02-26T04:18:20,2026-02-25T20:18:20,https://api.quant-aq.com/v1/devices/MOD-00617/data/618585728
1591.32,806.08,"{'lat': None, 'lon': None}","{'rh': 30.3, 'temp': 23.8, 'wd': 0.0, 'ws': 0.0, 'ws_scalar': 0.0}","{'gas': {'co': 13502, 'co2': 13264, 'no': 13590, 'no2': 13769, 'o3': 13749}, 'pm': {'pm1': 13212, 'pm10': 13214, 'pm25': 13213}}",2.36,26.62,29.53,3.34,3.67,3.43,618585878,30.3,MOD-00617,23.8,2026-02-26T04:17:20,2026-02-25T20:17:20,https://api.quant-aq.com/v1/devices/MOD-00617/data/618585727
1584.75,802.71,"{'lat': None, 'lon': None}","{'rh': 30.3, 'temp': 23.8, 'wd': 0.0, 'ws': 0.0, 'ws_scalar': 0.0}","{'gas': {'co': 13502, 'co2': 13264, 'no': 13590, 'no2': 13769, 'o3': 13749}, 'pm': {'pm1': 13212, 'pm10': 13214, 'pm25': 13213}}",2.36,25.91,29.53,2.83,5.07,2.9,618585879,30.3,MOD-00617,23.8,2026-02-26T04:16:20,2026-02-25T20:16:20,https://api.quant-aq.com/v1/devices/MOD-00617/data/618585729
1583.18,806.57,"{'lat': None, 'lon': None}","{'rh': 30.2, 'temp': 23.8, 'wd': 0.0, 'ws': 0.0, 'ws_scalar': 0.0}","{'gas': {'co': 13502, 'co2': 13264, 'no': 13590, 'no2': 13769, 'o3': 13749}, 'pm': {'pm1': 13212, 'pm10': 13214, 'pm25': 13213}}",2.35,26.63,29.29,3.0,4.45,3.15,618585877,30.2,MOD-00617,23.8,2026-02-26T04:15:20,2026-02-25T20:15:20,https://api.quant-aq.com/v1/devices/MOD-00617/data/618585726
1578.67,805.72,"{'lat': None, 'lon': None}","{'rh': 30.2, 'temp': 23.8, 'wd': 0.0, 'ws': 0.0, 'ws_scalar': 0.0}","{'gas': {'co': 13502, 'co2': 13264, 'no': 13590, 'no2': 13769, 'o3': 13749}, 'pm': {'pm1': 13212, 'pm10': 13214, 'pm25': 13213}}",2.36,26.15,29.55,2.77,28.79,2.92,618583805,30.2,MOD-00617,23.8,2026-02-26T04:14:20,2026-02-25T20:14:20,https://api.quant-aq.com/v1/devices/MOD-00617/data/618583654
1576.61,808.61,"{'lat': None, 'lon': None}","{'rh': 30.2, 'temp': 23.8, 'wd': 0.0, 'ws': 0.0, 'ws_scalar': 0.0}","{'gas': {'co': 13502, 'co2': 13264, 'no': 13590, 'no2': 13769, 'o3': 13749}, 'pm': {'pm1': 13212, 'pm10': 13214, 'pm25': 13213}}",2.35,26.39,29.29,2.73,14.64,2.82,618583806,30.2,MOD-00617,23.8,2026-02-26T04:13:20,2026-02-25T20:13:20,https://api.quant-aq.com/v1/devices/MOD-00617/data/618583655
1577.85,807.29,"{'lat': None, 'lon': None}","{'rh': 30.2, 'temp': 23.8, 'wd': 0.0, 'ws': 0.0, 'ws_scalar': 0.0}","{'gas': {'co': 13502, 'co2': 13264, 'no': 13590, 'no2': 13769, 'o3': 13749}, 'pm': {'pm1': 13212, 'pm10': 13214, 'pm25': 13213}}",2.35,26.39,29.82,2.92,3.22,3.0,618583804,30.2,MOD-00617,23.8,2026-02-26T04:12:20,2026-02-25T20:12:20,https://api.quant-aq.com/v1/devices/MOD-00617/data/618583653
1567.51,811.87,"{'lat': None, 'lon': None}","{'rh': 30.3, 'temp': 23.8, 'wd': 0.0, 'ws': 0.0, 'ws_scalar': 0.0}","{'gas': {'co': 13502, 'co2': 13264, 'no': 13590, 'no2': 13769, 'o3': 13749}, 'pm': {'pm1': 13212, 'pm10': 13214, 'pm25': 13213}}",2.35,25.91,29.53,3.45,5.71,3.64,618583807,30.3,MOD-00617,23.8,2026-02-26T04:11:20,2026-02-25T20:11:20,https://api.quant-aq.com/v1/devices/MOD-00617/data/618583656
1570.39,813.43,"{'lat': None, 'lon': None}","{'rh': 30.3, 'temp': 23.8, 'wd': 0.0, 'ws': 0.0, 'ws_scalar': 0.0}","{'gas': {'co': 13502, 'co2': 13264, 'no': 13590, 'no2': 13769, 'o3': 13749}, 'pm': {'pm1': 13212, 'pm10': 13214, 'pm25': 13213}}",2.35,26.62,28.74,3.21,3.42,3.25,618581688,30.3,MOD-00617,23.8,2026-02-26T04:10:20,2026-02-25T20:10:20,https://api.quant-aq.com/v1/devices/MOD-00617/data/618581537
1574.83,813.55,"{'lat': None, 'lon': None}","{'rh': 30.4, 'temp': 23.8, 'wd': 0.0, 'ws': 0.0, 'ws_scalar': 0.0}","{'gas': {'co': 13502, 'co2': 13264, 'no': 13590, 'no2': 13769, 'o3': 13749}, 'pm': {'pm1': 13212, 'pm10': 13214, 'pm25': 13213}}",2.35,26.15,29.23,3.92,4.9,3.98,618581691,30.4,MOD-00617,23.8,2026-02-26T04:09:20,2026-02-25T20:09:20,https://api.quant-aq.com/v1/devices/MOD-00617/data/618581540
1572.71,818.61,"{'lat': None, 'lon': None}","{'rh': 30.5, 'temp': 23.8, 'wd': 0.0, 'ws': 0.0, 'ws_scalar': 0.0}","{'gas': {'co': 13502, 'co2': 13264, 'no': 13590, 'no2': 13769, 'o3': 13749}, 'pm': {'pm1': 13212, 'pm10': 13214, 'pm25': 13213}}",2.37,26.85,28.68,4.29,15.87,4.37,618581689,30.5,MOD-00617,23.8,2026-02-26T04:08:20,2026-02-25T20:08:20,https://api.quant-aq.com/v1/devices/MOD-00617/data/618581538
1568.6,819.09,"{'lat': None, 'lon': None}","{'rh': 30.5, 'temp': 23.8, 'wd': 0.0, 'ws': 0.0, 'ws_scalar': 0.0}","{'gas': {'co': 13502, 'co2': 13264, 'no': 13590, 'no2': 13769, 'o3': 13749}, 'pm': {'pm1': 13212, 'pm10': 13214, 'pm25': 13213}}",2.36,26.38,29.47,4.03,15.72,4.1,618581690,30.5,MOD-00617,23.8,2026-02-26T04:07:20,2026-02-25T20:07:20,https://api.quant-aq.com/v1/devices/MOD-00617/data/618581539
1562.44,821.74,"{'lat': None, 'lon': None}","{'rh': 30.5, 'temp': 23.8, 'wd': 0.0, 'ws': 0.0, 'ws_scalar': 0.0}","{'gas': {'co': 13502, 'co2': 13264, 'no': 13590, 'no2': 13769, 'o3': 13749}, 'pm': {'pm1': 13212, 'pm10': 13214, 'pm25': 13213}}",2.37,25.9,29.21,4.29,5.0,4.4,618579630,30.5,MOD-00617,23.8,2026-02-26T04:06:20,2026-02-25T20:06:20,https://api.quant-aq.com/v1/devices/MOD-00617/data/618579480
1559.91,828.49,"{'lat': None, 'lon': None}","{'rh': 30.6, 'temp': 23.8, 'wd': 0.0, 'ws': 0.0, 'ws_scalar': 0.0}","{'gas': {'co': 13502, 'co2': 13264, 'no': 13590, 'no2': 13769, 'o3': 13749}, 'pm': {'pm1': 13212, 'pm10': 13214, 'pm25': 13213}}",2.37,26.14,28.65,4.53,5.47,4.69,618579628,30.6,MOD-00617,23.8,2026-02-26T04:05:20,2026-02-25T20:05:20,https://api.quant-aq.com/v1/devices/MOD-00617/data/618579478
1561.96,828.85,"{'lat': None, 'lon': None}","{'rh': 30.6, 'temp': 23.8, 'wd': 0.0, 'ws': 0.0, 'ws_scalar': 0.0}","{'gas': {'co': 13502, 'co2': 13264, 'no': 13590, 'no2': 13769, 'o3': 13749}, 'pm': {'pm1': 13212, 'pm10': 13214, 'pm25': 13213}}",2.36,26.37,29.18,4.76,16.86,4.83,618579631,30.6,MOD-00617,23.8,2026-02-26T04:04:20,2026-02-25T20:04:20,https://api.quant-aq.com/v1/devices/MOD-00617/data/618579477
1559.43,837.4,"{'lat': None, 'lon': None}","{'rh': 30.7, 'temp': 23.8, 'wd': 0.0, 'ws': 0.0, 'ws_scalar': 0.0}","{'gas': {'co': 13502, 'co2': 13264, 'no': 13590, 'no2': 13769, 'o3': 13749}, 'pm': {'pm1': 13212, 'pm10': 13214, 'pm25': 13213}}",2.37,27.08,28.89,4.8,6.17,4.93,618579629,30.7,MOD-00617,23.8,2026-02-26T04:03:20,2026-02-25T20:03:20,https://api.quant-aq.com/v1/devices/MOD-00617/data/618579479
1562.3,842.82,"{'lat': None, 'lon': None}","{'rh': 30.7, 'temp': 23.8, 'wd': 0.0, 'ws': 0.0, 'ws_scalar': 0.0}","{'gas': {'co': 13502, 'co2': 13264, 'no': 13590, 'no2': 13769, 'o3': 13749}, 'pm': {'pm1': 13212, 'pm10': 13214, 'pm25': 13213}}",2.37,26.13,28.89,4.92,7.92,5.0,618577531,30.7,MOD-00617,23.8,2026-02-26T04:02:20,2026-02-25T20:02:20,https://api.quant-aq.com/v1/devices/MOD-00617/data/618577381
1566.68,850.29,"{'lat': None, 'lon': None}","{'rh': 30.9, 'temp': 23.8, 'wd': 0.0, 'ws': 0.0, 'ws_scalar': 0.0}","{'gas': {'co': 13502, 'co2': 13264, 'no': 13590, 'no2': 13769, 'o3': 13749}, 'pm': {'pm1': 13212, 'pm10': 13214, 'pm25': 13213}}",2.38,26.6,28.56,5.23,7.68,5.31,618577534,30.9,MOD-00617,23.8,2026-02-26T04:01:20,2026-02-25T20:01:20,https://api.quant-aq.com/v1/devices/MOD-00617/data/618577383
1564.14,854.74,"{'lat': None, 'lon': None}","{'rh': 31.0, 'temp': 23.8, 'wd': 0.0, 'ws': 0.0, 'ws_scalar': 0.0}","{'gas': {'co': 13502, 'co2': 13264, 'no': 13590, 'no2': 13769, 'o3': 13749}, 'pm': {'pm1': 13212, 'pm10': 13214, 'pm25': 13213}}",2.39,26.12,29.06,5.88,6.85,6.05,618577532,31.0,MOD-00617,23.8,2026-02-26T04:00:20,2026-02-25T20:00:20,https://api.quant-aq.com/v1/devices/MOD-00617/data/618577382
1559.22,853.78,"{'lat': None, 'lon': None}","{'rh': 31.0, 'temp': 23.8, 'wd': 0.0, 'ws': 0.0, 'ws_scalar': 0.0}","{'gas': {'co': 13502, 'co2': 13264, 'no': 13590, 'no2': 13769, 'o3': 13749}, 'pm': {'pm1': 13212, 'pm10': 13214, 'pm25': 13213}}",2.39,26.59,28.8,5.61,11.76,5.71,618577533,31.0,MOD-00617,23.8,2026-02-26T03:59:20,2026-02-25T19:59:20,https://api.quant-aq.com/v1/devices/MOD-00617/data/618577380
1553.51,856.91,"{'lat': None, 'lon': None}","{'rh': 31.1, 'temp': 23.9, 'wd': 0.0, 'ws': 0.0, 'ws_scalar': 0.0}","{'gas': {'co': 13502, 'co2': 13264, 'no': 13590, 'no2': 13769, 'o3': 13749}, 'pm': {'pm1': 13212, 'pm10': 13214, 'pm25': 13213}}",2.49,26.83,29.32,6.54,6.72,6.63,618575468,31.1,MOD-00617,23.9,2026-02-26T03:58:20,2026-02-25T19:58:20,https://api.quant-aq.com/v1/devices/MOD-00617/data/618575317
1563.59,855.83,"{'lat': None, 'lon': None}","{'rh': 31.2, 'temp': 23.8, 'wd': 0.0, 'ws': 0.0, 'ws_scalar': 0.0}","{'gas': {'co': 13502, 'co2': 13264, 'no': 13590, 'no2': 13769, 'o3': 13749}, 'pm': {'pm1': 13212, 'pm10': 13214, 'pm25': 13213}}",2.5,26.82,28.74,6.84,9.23,6.9,618575465,31.2,MOD-00617,23.8,2026-02-26T03:57:20,2026-02-25T19:57:20,https://api.quant-aq.com/v1/devices/MOD-00617/data/618575314
1556.31,859.8,"{'lat': None, 'lon': None}","{'rh': 31.2, 'temp': 23.9, 'wd': 0.0, 'ws': 0.0, 'ws_scalar': 0.0}","{'gas': {'co': 13502, 'co2': 13264, 'no': 13590, 'no2': 13769, 'o3': 13749}, 'pm': {'pm1': 13212, 'pm10': 13214, 'pm25': 13213}}",2.49,26.59,29.02,6.82,7.97,6.94,618575466,31.2,MOD-00617,23.9,2026-02-26T03:56:20,2026-02-25T19:56:20,https://api.quant-aq.com/v1/devices/MOD-00617/data/618575315
1553.43,860.52,"{'lat': None, 'lon': None}","{'rh': 31.2, 'temp': 23.9, 'wd': 0.0, 'ws': 0.0, 'ws_scalar': 0.0}","{'gas': {'co': 13502, 'co2': 13264, 'no': 13590, 'no2': 13769, 'o3': 13749}, 'pm': {'pm1': 13212, 'pm10': 13214, 'pm25': 13213}}",2.5,26.12,29.55,6.06,10.95,6.14,618575467,31.2,MOD-00617,23.9,2026-02-26T03:55:20,2026-02-25T19:55:20,https://api.quant-aq.com/v1/devices/MOD-00617/data/618575316
1547.69,863.54,"{'lat': None, 'lon': None}","{'rh': 31.2, 'temp': 23.9, 'wd': 0.0, 'ws': 0.0, 'ws_scalar': 0.0}","{'gas': {'co': 13502, 'co2': 13264, 'no': 13590, 'no2': 13769, 'o3': 13749}, 'pm': {'pm1': 13212, 'pm10': 13214, 'pm25': 13213}}",2.49,26.83,29.02,6.61,6.92,6.74,618573432,31.2,MOD-00617,23.9,2026-02-26T03:54:20,2026-02-25T19:54:20,https://api.quant-aq.com/v1/devices/MOD-00617/data/618573281
1546.38,858.48,"{'lat': None, 'lon': None}","{'rh': 31.3, 'temp': 23.9, 'wd': 0.0, 'ws': 0.0, 'ws_scalar': 0.0}","{'gas': {'co': 13502, 'co2': 13264, 'no': 13590, 'no2': 13769, 'o3': 13749}, 'pm': {'pm1': 13212, 'pm10': 13214, 'pm25': 13213}}",2.51,26.83,29.26,5.88,7.26,6.1,618573429,31.3,MOD-00617,23.9,2026-02-26T03:53:20,2026-02-25T19:53:20,https://api.quant-aq.com/v1/devices/MOD-00617/data/618573278
1543.58,858.24,"{'lat': None, 'lon': None}","{'rh': 31.2, 'temp': 23.9, 'wd': 0.0, 'ws': 0.0, 'ws_scalar': 0.0}","{'gas': {'co': 13502, 'co2': 13264, 'no': 13590, 'no2': 13769, 'o3': 13749}, 'pm': {'pm1': 13212, 'pm10': 13214, 'pm25': 13213}}",2.5,26.36,29.29,4.36,8.58,4.47,618573430,31.2,MOD-00617,23.9,2026-02-26T03:52:20,2026-02-25T19:52:20,https://api.quant-aq.com/v1/devices/MOD-00617/data/618573279
1539.48,859.68,"{'lat': None, 'lon': None}","{'rh': 31.2, 'temp': 23.9, 'wd': 0.0, 'ws': 0.0, 'ws_scalar': 0.0}","{'gas': {'co': 13502, 'co2': 13264, 'no': 13590, 'no2': 13769, 'o3': 13749}, 'pm': {'pm1': 13212, 'pm10': 13214, 'pm25': 13213}}",2.5,25.65,29.29,3.76,4.69,4.0,618573431,31.2,MOD-00617,23.9,2026-02-26T03:51:20,2026-02-25T19:51:20,https://api.quant-aq.com/v1/devices/MOD-00617/data/618573280
1541.12,859.32,"{'lat': None, 'lon': None}","{'rh': 31.2, 'temp': 23.9, 'wd': 0.0, 'ws': 0.0, 'ws_scalar': 0.0}","{'gas': {'co': 13502, 'co2': 13264, 'no': 13590, 'no2': 13769, 'o3': 13749}, 'pm': {'pm1': 13212, 'pm10': 13214, 'pm25': 13213}}",2.5,26.36,29.55,2.52,3.62,2.71,618571322,31.2,MOD-00617,23.9,2026-02-26T03:50:20,2026-02-25T19:50:20,https://api.quant-aq.com/v1/devices/MOD-00617/data/618571171
1538.32,851.73,"{'lat': None, 'lon': None}","{'rh': 31.1, 'temp': 23.9, 'wd': 0.0, 'ws': 0.0, 'ws_scalar': 0.0}","{'gas': {'co': 13502, 'co2': 13264, 'no': 13590, 'no2': 13769, 'o3': 13749}, 'pm': {'pm1': 13212, 'pm10': 13214, 'pm25': 13213}}",2.49,26.36,28.79,2.06,4.2,2.16,618571323,31.1,MOD-00617,23.9,2026-02-26T03:49:20,2026-02-25T19:49:20,https://api.quant-aq.com/v1/devices/MOD-00617/data/618571172
1540.78,853.9,"{'lat': None, 'lon': None}","{'rh': 31.1, 'temp': 23.9, 'wd': 0.0, 'ws': 0.0, 'ws_scalar': 0.0}","{'gas': {'co': 13502, 'co2': 13264, 'no': 13590, 'no2': 13769, 'o3': 13749}, 'pm': {'pm1': 13212, 'pm10': 13214, 'pm25': 13213}}",2.49,26.12,29.58,2.27,12.46,2.45,618571321,31.1,MOD-00617,23.9,2026-02-26T03:48:20,2026-02-25T19:48:20,https://api.quant-aq.com/v1/devices/MOD-00617/data/618571170
1538.32,859.2,"{'lat': None, 'lon': None}","{'rh': 31.1, 'temp': 23.9, 'wd': 0.0, 'ws': 0.0, 'ws_scalar': 0.0}","{'gas': {'co': 13502, 'co2': 13264, 'no': 13590, 'no2': 13769, 'o3': 13749}, 'pm': {'pm1': 13212, 'pm10': 13214, 'pm25': 13213}}",2.49,26.36,29.05,2.32,8.08,2.46,618571320,31.1,MOD-00617,23.9,2026-02-26T03:47:20,2026-02-25T19:47:20,https://api.quant-aq.com/v1/devices/MOD-00617/data/618571169
1533.05,859.2,"{'lat': None, 'lon': None}","{'rh': 31.0, 'temp': 23.9, 'wd': 0.0, 'ws': 0.0, 'ws_scalar': 0.0}","{'gas': {'co': 13502, 'co2': 13264, 'no': 13590, 'no2': 13769, 'o3': 13749}, 'pm': {'pm1': 13212, 'pm10': 13214, 'pm25': 13213}}",2.38,26.13,28.82,2.19,24.52,2.38,618569254,31.0,MOD-00617,23.9,2026-02-26T03:46:20,2026-02-25T19:46:20,https://api.quant-aq.com/v1/devices/MOD-00617/data/618569106
1541.67,861.01,"{'lat': None, 'lon': None}","{'rh': 31.0, 'temp': 23.9, 'wd': 0.0, 'ws': 0.0, 'ws_scalar': 0.0}","{'gas': {'co': 13502, 'co2': 13264, 'no': 13590, 'no2': 13769, 'o3': 13749}, 'pm': {'pm1': 13212, 'pm10': 13214, 'pm25': 13213}}",2.38,25.89,29.35,2.76,9.92,2.87,618569256,31.0,MOD-00617,23.9,2026-02-26T03:45:20,2026-02-25T19:45:20,https://api.quant-aq.com/v1/devices/MOD-00617/data/618569107
1540.44,858.48,"{'lat': None, 'lon': None}","{'rh': 31.0, 'temp': 23.9, 'wd': 0.0, 'ws': 0.0, 'ws_scalar': 0.0}","{'gas': {'co': 13502, 'co2': 13264, 'no': 13590, 'no2': 13769, 'o3': 13749}, 'pm': {'pm1': 13212, 'pm10': 13214, 'pm25': 13213}}",2.39,26.13,29.08,2.75,6.14,2.94,618569260,31.0,MOD-00617,23.9,2026-02-26T03:44:20,2026-02-25T19:44:20,https://api.quant-aq.com/v1/devices/MOD-00617/data/618569108
1537.98,859.68,"{'lat': None, 'lon': None}","{'rh': 31.0, 'temp': 23.9, 'wd': 0.0, 'ws': 0.0, 'ws_scalar': 0.0}","{'gas': {'co': 13502, 'co2': 13264, 'no': 13590, 'no2': 13769, 'o3': 13749}, 'pm': {'pm1': 13212, 'pm10': 13214, 'pm25': 13213}}",2.38,25.89,28.82,2.39,3.37,2.54,618569258,31.0,MOD-00617,23.9,2026-02-26T03:43:20,2026-02-25T19:43:20,https://api.quant-aq.com/v1/devices/MOD-00617/data/618569109
1535.92,861.97,"{'lat': None, 'lon': None}","{'rh': 31.0, 'temp': 23.9, 'wd': 0.0, 'ws': 0.0, 'ws_scalar': 0.0}","{'gas': {'co': 13502, 'co2': 13264, 'no': 13590, 'no2': 13769, 'o3': 13749}, 'pm': {'pm1': 13212, 'pm10': 13214, 'pm25': 13213}}",2.38,25.65,28.55,2.03,12.32,2.29,618567238,31.0,MOD-00617,23.9,2026-02-26T03:42:20,2026-02-25T19:42:20,https://api.quant-aq.com/v1/devices/MOD-00617/data/618567087
1545.78,854.26,"{'lat': None, 'lon': None}","{'rh': 31.0, 'temp': 23.9, 'wd': 0.0, 'ws': 0.0, 'ws_scalar': 0.0}","{'gas': {'co': 13502, 'co2': 13264, 'no': 13590, 'no2': 13769, 'o3': 13749}, 'pm': {'pm1': 13212, 'pm10': 13214, 'pm25': 13213}}",2.39,25.65,29.35,2.1,3.28,2.18,618567235,31.0,MOD-00617,23.9,2026-02-26T03:41:20,2026-02-25T19:41:20,https://api.quant-aq.com/v1/devices/MOD-00617/data/618567084
1548.24,847.4,"{'lat': None, 'lon': None}","{'rh': 31.0, 'temp': 23.9, 'wd': 0.0, 'ws': 0.0, 'ws_scalar': 0.0}","{'gas': {'co': 13502, 'co2': 13264, 'no': 13590, 'no2': 13769, 'o3': 13749}, 'pm': {'pm1': 13212, 'pm10': 13214, 'pm25': 13213}}",2.39,25.65,29.08,2.03,5.43,2.23,618567236,31.0,MOD-00617,23.9,2026-02-26T03:40:20,2026-02-25T19:40:20,https://api.quant-aq.com/v1/devices/MOD-00617/data/618567086
1548.72,847.28,"{'lat': None, 'lon': None}","{'rh': 30.9, 'temp': 23.9, 'wd': 0.0, 'ws': 0.0, 'ws_scalar': 0.0}","{'gas': {'co': 13502, 'co2': 13264, 'no': 13590, 'no2': 13769, 'o3': 13749}, 'pm': {'pm1': 13212, 'pm10': 13214, 'pm25': 13213}}",2.38,25.42,28.85,1.93,13.4,2.13,618567237,30.9,MOD-00617,23.9,2026-02-26T03:39:20,2026-02-25T19:39:20,https://api.quant-aq.com/v1/devices/MOD-00617/data/618567085
1549.95,847.4,"{'lat': None, 'lon': None}","{'rh': 30.9, 'temp': 23.9, 'wd': 0.0, 'ws': 0.0, 'ws_scalar': 0.0}","{'gas': {'co': 13502, 'co2': 13264, 'no': 13590, 'no2': 13769, 'o3': 13749}, 'pm': {'pm1': 13212, 'pm10': 13214, 'pm25': 13213}}",2.38,25.42,28.85,1.84,12.36,2.05,618565094,30.9,MOD-00617,23.9,2026-02-26T03:38:20,2026-02-25T19:38:20,https://api.quant-aq.com/v1/devices/MOD-00617/data/618564943
1552.83,845.47,"{'lat': None, 'lon': None}","{'rh': 30.9, 'temp': 23.9, 'wd': 0.0, 'ws': 0.0, 'ws_scalar': 0.0}","{'gas': {'co': 13502, 'co2': 13264, 'no': 13590, 'no2': 13769, 'o3': 13749}, 'pm': {'pm1': 13212, 'pm10': 13214, 'pm25': 13213}}",2.38,25.42,29.11,1.75,7.77,1.96,618565096,30.9,MOD-00617,23.9,2026-02-26T03:37:20,2026-02-25T19:37:20,https://api.quant-aq.com/v1/devices/MOD-00617/data/618564945
1556.93,843.18,"{'lat': None, 'lon': None}","{'rh': 30.9, 'temp': 23.9, 'wd': 0.0, 'ws': 0.0, 'ws_scalar': 0.0}","{'gas': {'co': 13502, 'co2': 13264, 'no': 13590, 'no2': 13769, 'o3': 13749}, 'pm': {'pm1': 13212, 'pm10': 13214, 'pm25': 13213}}",2.38,25.42,28.58,1.98,12.13,2.14,618565095,30.9,MOD-00617,23.9,2026-02-26T03:36:20,2026-02-25T19:36:20,https://api.quant-aq.com/v1/devices/MOD-00617/data/618564944
1561.45,846.07,"{'lat': None, 'lon': None}","{'rh': 30.9, 'temp': 23.9, 'wd': 0.0, 'ws': 0.0, 'ws_scalar': 0.0}","{'gas': {'co': 13502, 'co2': 13264, 'no': 13590, 'no2': 13769, 'o3': 13749}, 'pm': {'pm1': 13212, 'pm10': 13214, 'pm25': 13213}}",2.38,25.89,28.58,2.22,2.99,2.3,618565093,30.9,MOD-00617,23.9,2026-02-26T03:35:20,2026-02-25T19:35:20,https://api.quant-aq.com/v1/devices/MOD-00617/data/618564942
1563.09,841.37,"{'lat': None, 'lon': None}","{'rh': 30.9, 'temp': 23.9, 'wd': 0.0, 'ws': 0.0, 'ws_scalar': 0.0}","{'gas': {'co': 13502, 'co2': 13264, 'no': 13590, 'no2': 13769, 'o3': 13749}, 'pm': {'pm1': 13212, 'pm10': 13214, 'pm25': 13213}}",2.38,25.42,29.11,2.12,2.87,2.25,618563037,30.9,MOD-00617,23.9,2026-02-26T03:34:20,2026-02-25T19:34:20,https://api.quant-aq.com/v1/devices/MOD-00617/data/618562887
1568.35,840.77,"{'lat': None, 'lon': None}","{'rh': 31.0, 'temp': 23.9, 'wd': 0.0, 'ws': 0.0, 'ws_scalar': 0.0}","{'gas': {'co': 13502, 'co2': 13264, 'no': 13590, 'no2': 13769, 'o3': 13749}, 'pm': {'pm1': 13212, 'pm10': 13214, 'pm25': 13213}}",2.39,25.42,28.29,2.15,2.64,2.37,618563039,31.0,MOD-00617,23.9,2026-02-26T03:33:20,2026-02-25T19:33:20,https://api.quant-aq.com/v1/devices/MOD-00617/data/618562888
1574.92,837.52,"{'lat': None, 'lon': None}","{'rh': 31.0, 'temp': 23.9, 'wd': 0.0, 'ws': 0.0, 'ws_scalar': 0.0}","{'gas': {'co': 13502, 'co2': 13264, 'no': 13590, 'no2': 13769, 'o3': 13749}, 'pm': {'pm1': 13212, 'pm10': 13214, 'pm25': 13213}}",2.38,25.42,28.55,2.22,5.68,2.41,618563038,31.0,MOD-00617,23.9,2026-02-26T03:32:20,2026-02-25T19:32:20,https://api.quant-aq.com/v1/devices/MOD-00617/data/618562886
1574.51,836.68,"{'lat': None, 'lon': None}","{'rh': 31.0, 'temp': 23.9, 'wd': 0.0, 'ws': 0.0, 'ws_scalar': 0.0}","{'gas': {'co': 13502, 'co2': 13264, 'no': 13590, 'no2': 13769, 'o3': 13749}, 'pm': {'pm1': 13212, 'pm10': 13214, 'pm25': 13213}}",2.38,25.65,28.03,1.72,3.05,1.87,618563036,31.0,MOD-00617,23.9,2026-02-26T03:31:20,2026-02-25T19:31:20,https://api.quant-aq.com/v1/devices/MOD-00617/data/618562885
1580.26,832.82,"{'lat': None, 'lon': None}","{'rh': 31.0, 'temp': 23.9, 'wd': 0.0, 'ws': 0.0, 'ws_scalar': 0.0}","{'gas': {'co': 13502, 'co2': 13264, 'no': 13590, 'no2': 13769, 'o3': 13749}, 'pm': {'pm1': 13212, 'pm10': 13214, 'pm25': 13213}}",2.38,25.65,28.03,2.58,6.75,2.83,618560940,31.0,MOD-00617,23.9,2026-02-26T03:30:20,2026-02-25T19:30:20,https://api.quant-aq.com/v1/devices/MOD-00617/data/618560788
1585.11,833.55,"{'lat': None, 'lon': None}","{'rh': 31.1, 'temp': 23.9, 'wd': 0.0, 'ws': 0.0, 'ws_scalar': 0.0}","{'gas': {'co': 13502, 'co2': 13264, 'no': 13590, 'no2': 13769, 'o3': 13749}, 'pm': {'pm1': 13212, 'pm10': 13214, 'pm25': 13213}}",2.38,25.18,28.26,2.57,8.86,2.76,618560939,31.1,MOD-00617,23.9,2026-02-26T03:29:20,2026-02-25T19:29:20,https://api.quant-aq.com/v1/devices/MOD-00617/data/618560789
1590.04,830.29,"{'lat': None, 'lon': None}","{'rh': 31.1, 'temp': 23.9, 'wd': 0.0, 'ws': 0.0, 'ws_scalar': 0.0}","{'gas': {'co': 13502, 'co2': 13264, 'no': 13590, 'no2': 13769, 'o3': 13749}, 'pm': {'pm1': 13212, 'pm10': 13214, 'pm25': 13213}}",2.49,25.65,28.26,2.21,3.41,2.36,618560938,31.1,MOD-00617,23.9,2026-02-26T03:28:20,2026-02-25T19:28:20,https://api.quant-aq.com/v1/devices/MOD-00617/data/618560787
1594.9,832.46,"{'lat': None, 'lon': None}","{'rh': 31.2, 'temp': 23.9, 'wd': 0.0, 'ws': 0.0, 'ws_scalar': 0.0}","{'gas': {'co': 13502, 'co2': 13264, 'no': 13590, 'no2': 13769, 'o3': 13749}, 'pm': {'pm1': 13212, 'pm10': 13214, 'pm25': 13213}}",2.49,25.88,27.7,2.13,8.25,2.38,618560937,31.2,MOD-00617,23.9,2026-02-26T03:27:20,2026-02-25T19:27:20,https://api.quant-aq.com/v1/devices/MOD-00617/data/618560786
1591.61,835.71,"{'lat': None, 'lon': None}","{'rh': 31.2, 'temp': 23.9, 'wd': 0.0, 'ws': 0.0, 'ws_scalar': 0.0}","{'gas': {'co': 13502, 'co2': 13264, 'no': 13590, 'no2': 13769, 'o3': 13749}, 'pm': {'pm1': 13212, 'pm10': 13214, 'pm25': 13213}}",2.49,25.65,28.23,2.53,12.62,2.91,618558819,31.2,MOD-00617,23.9,2026-02-26T03:26:20,2026-02-25T19:26:20,https://api.quant-aq.com/v1/devices/MOD-00617/data/618558669
1598.93,836.56,"{'lat': None, 'lon': None}","{'rh': 31.3, 'temp': 23.9, 'wd': 0.0, 'ws': 0.0, 'ws_scalar': 0.0}","{'gas': {'co': 13502, 'co2': 13264, 'no': 13590, 'no2': 13769, 'o3': 13749}, 'pm': {'pm1': 13212, 'pm10': 13214, 'pm25': 13213}}",2.5,25.4,27.94,2.37,8.4,2.61,618558821,31.3,MOD-00617,23.9,2026-02-26T03:25:20,2026-02-25T19:25:20,https://api.quant-aq.com/v1/devices/MOD-00617/data/618558670
1600.09,835.95,"{'lat': None, 'lon': None}","{'rh': 31.4, 'temp': 23.9, 'wd': 0.0, 'ws': 0.0, 'ws_scalar': 0.0}","{'gas': {'co': 13502, 'co2': 13264, 'no': 13590, 'no2': 13769, 'o3': 13749}, 'pm': {'pm1': 13212, 'pm10': 13214, 'pm25': 13213}}",2.52,24.69,28.44,2.94,10.39,3.27,618558817,31.4,MOD-00617,23.9,2026-02-26T03:24:20,2026-02-25T19:24:20,https://api.quant-aq.com/v1/devices/MOD-00617/data/618558667
1604.54,839.45,"{'lat': None, 'lon': None}","{'rh': 31.5, 'temp': 23.9, 'wd': 0.0, 'ws': 0.0, 'ws_scalar': 0.0}","{'gas': {'co': 13502, 'co2': 13264, 'no': 13590, 'no2': 13769, 'o3': 13749}, 'pm': {'pm1': 13212, 'pm10': 13214, 'pm25': 13213}}",2.52,24.92,27.88,2.41,10.59,2.76,618558815,31.5,MOD-00617,23.9,2026-02-26T03:23:20,2026-02-25T19:23:20,https://api.quant-aq.com/v1/devices/MOD-00617/data/618558664
1604.98,838.0,"{'lat': None, 'lon': None}","{'rh': 31.6, 'temp': 24.0, 'wd': 0.0, 'ws': 0.0, 'ws_scalar': 0.0}","{'gas': {'co': 13502, 'co2': 13264, 'no': 13590, 'no2': 13769, 'o3': 13749}, 'pm': {'pm1': 13212, 'pm10': 13214, 'pm25': 13213}}",2.54,25.64,28.13,2.51,10.4,2.83,618556751,31.6,MOD-00617,24.0,2026-02-26T03:22:20,2026-02-25T19:22:20,https://api.quant-aq.com/v1/devices/MOD-00617/data/618556600
1620.92,841.49,"{'lat': None, 'lon': None}","{'rh': 31.7, 'temp': 24.0, 'wd': 0.0, 'ws': 0.0, 'ws_scalar': 0.0}","{'gas': {'co': 13502, 'co2': 13264, 'no': 13590, 'no2': 13769, 'o3': 13749}, 'pm': {'pm1': 13212, 'pm10': 13214, 'pm25': 13213}}",2.57,24.68,28.37,2.77,4.05,2.95,618556752,31.7,MOD-00617,24.0,2026-02-26T03:21:20,2026-02-25T19:21:20,https://api.quant-aq.com/v1/devices/MOD-00617/data/618556601
1626.6,842.7,"{'lat': None, 'lon': None}","{'rh': 31.8, 'temp': 24.0, 'wd': 0.0, 'ws': 0.0, 'ws_scalar': 0.0}","{'gas': {'co': 13502, 'co2': 13264, 'no': 13590, 'no2': 13769, 'o3': 13749}, 'pm': {'pm1': 13212, 'pm10': 13214, 'pm25': 13213}}",2.6,24.68,28.61,3.02,17.24,3.39,618556750,31.8,MOD-00617,24.0,2026-02-26T03:20:20,2026-02-25T19:20:20,https://api.quant-aq.com/v1/devices/MOD-00617/data/618556599
1631.38,846.19,"{'lat': None, 'lon': None}","{'rh': 32.0, 'temp': 24.0, 'wd': 0.0, 'ws': 0.0, 'ws_scalar': 0.0}","{'gas': {'co': 13502, 'co2': 13264, 'no': 13590, 'no2': 13769, 'o3': 13749}, 'pm': {'pm1': 13212, 'pm10': 13214, 'pm25': 13213}}",3.42,24.42,28.28,3.25,8.65,3.43,618556749,32.0,MOD-00617,24.0,2026-02-26T03:19:20,2026-02-25T19:19:20,https://api.quant-aq.com/v1/devices/MOD-00617/data/618556598
1634.52,846.67,"{'lat': None, 'lon': None}","{'rh': 32.2, 'temp': 24.0, 'wd': 0.0, 'ws': 0.0, 'ws_scalar': 0.0}","{'gas': {'co': 13502, 'co2': 13264, 'no': 13590, 'no2': 13769, 'o3': 13749}, 'pm': {'pm1': 13212, 'pm10': 13214, 'pm25': 13213}}",3.45,23.98,28.22,2.97,6.09,3.37,618554659,32.2,MOD-00617,24.0,2026-02-26T03:18:20,2026-02-25T19:18:20,https://api.quant-aq.com/v1/devices/MOD-00617/data/618554507
1638.15,848.84,"{'lat': None, 'lon': None}","{'rh': 32.3, 'temp': 24.0, 'wd': 0.0, 'ws': 0.0, 'ws_scalar': 0.0}","{'gas': {'co': 13502, 'co2': 13264, 'no': 13590, 'no2': 13769, 'o3': 13749}, 'pm': {'pm1': 13212, 'pm10': 13214, 'pm25': 13213}}",3.47,23.94,28.46,2.99,15.02,3.3,618554661,32.3,MOD-00617,24.0,2026-02-26T03:17:20,2026-02-25T19:17:20,https://api.quant-aq.com/v1/devices/MOD-00617/data/618554509
1648.34,851.25,"{'lat': None, 'lon': None}","{'rh': 32.4, 'temp': 24.0, 'wd': 0.0, 'ws': 0.0, 'ws_scalar': 0.0}","{'gas': {'co': 13502, 'co2': 13264, 'no': 13590, 'no2': 13769, 'o3': 13749}, 'pm': {'pm1': 13212, 'pm10': 13214, 'pm25': 13213}}",3.49,23.89,28.7,3.26,4.93,3.44,618554660,32.4,MOD-00617,24.0,2026-02-26T03:16:20,2026-02-25T19:16:20,https://api.quant-aq.com/v1/devices/MOD-00617/data/618554510
1651.55,858.6,"{'lat': None, 'lon': None}","{'rh': 32.5, 'temp': 24.0, 'wd': 0.0, 'ws': 0.0, 'ws_scalar': 0.0}","{'gas': {'co': 13502, 'co2': 13264, 'no': 13590, 'no2': 13769, 'o3': 13749}, 'pm': {'pm1': 13212, 'pm10': 13214, 'pm25': 13213}}",3.5,10.88,28.67,3.01,13.46,3.22,618554658,32.5,MOD-00617,24.0,2026-02-26T03:15:20,2026-02-25T19:15:20,https://api.quant-aq.com/v1/devices/MOD-00617/data/618554508
1664.55,858.72,"{'lat': None, 'lon': None}","{'rh': 32.7, 'temp': 24.0, 'wd': 0.0, 'ws': 0.0, 'ws_scalar': 0.0}","{'gas': {'co': 13502, 'co2': 13264, 'no': 13590, 'no2': 13769, 'o3': 13749}, 'pm': {'pm1': 13212, 'pm10': 13214, 'pm25': 13213}}",3.54,12.77,29.41,3.52,13.45,3.79,618552584,32.7,MOD-00617,24.0,2026-02-26T03:14:20,2026-02-25T19:14:20,https://api.quant-aq.com/v1/devices/MOD-00617/data/618552433
1670.97,859.08,"{'lat': None, 'lon': None}","{'rh': 32.9, 'temp': 24.0, 'wd': 0.0, 'ws': 0.0, 'ws_scalar': 0.0}","{'gas': {'co': 13502, 'co2': 13264, 'no': 13590, 'no2': 13769, 'o3': 13749}, 'pm': {'pm1': 13212, 'pm10': 13214, 'pm25': 13213}}",3.57,12.16,28.82,2.78,7.23,3.02,618552582,32.9,MOD-00617,24.0,2026-02-26T03:13:20,2026-02-25T19:13:20,https://api.quant-aq.com/v1/devices/MOD-00617/data/618552431
1685.2,862.33,"{'lat': None, 'lon': None}","{'rh': 33.1, 'temp': 24.0, 'wd': 0.0, 'ws': 0.0, 'ws_scalar': 0.0}","{'gas': {'co': 13502, 'co2': 13264, 'no': 13590, 'no2': 13769, 'o3': 13749}, 'pm': {'pm1': 13212, 'pm10': 13214, 'pm25': 13213}}",3.61,18.59,29.03,3.28,6.79,3.5,618552583,33.1,MOD-00617,24.0,2026-02-26T03:12:20,2026-02-25T19:12:20,https://api.quant-aq.com/v1/devices/MOD-00617/data/618552432
1690.87,861.49,"{'lat': None, 'lon': None}","{'rh': 33.2, 'temp': 24.0, 'wd': 0.0, 'ws': 0.0, 'ws_scalar': 0.0}","{'gas': {'co': 13502, 'co2': 13264, 'no': 13590, 'no2': 13769, 'o3': 13749}, 'pm': {'pm1': 13212, 'pm10': 13214, 'pm25': 13213}}",3.62,21.58,29.54,3.59,11.62,3.86,618552581,33.2,MOD-00617,24.0,2026-02-26T03:11:20,2026-02-25T19:11:20,https://api.quant-aq.com/v1/devices/MOD-00617/data/618552430
1697.3,862.69,"{'lat': None, 'lon': None}","{'rh': 33.4, 'temp': 24.0, 'wd': 0.0, 'ws': 0.0, 'ws_scalar': 0.0}","{'gas': {'co': 13502, 'co2': 13264, 'no': 13590, 'no2': 13769, 'o3': 13749}, 'pm': {'pm1': 13212, 'pm10': 13214, 'pm25': 13213}}",3.66,21.2,29.48,2.53,3.48,2.73,618550442,33.4,MOD-00617,24.0,2026-02-26T03:10:20,2026-02-25T19:10:20,https://api.quant-aq.com/v1/devices/MOD-00617/data/618550292
1711.26,869.56,"{'lat': None, 'lon': None}","{'rh': 33.4, 'temp': 24.0, 'wd': 0.0, 'ws': 0.0, 'ws_scalar': 0.0}","{'gas': {'co': 13502, 'co2': 13264, 'no': 13590, 'no2': 13769, 'o3': 13749}, 'pm': {'pm1': 13212, 'pm10': 13214, 'pm25': 13213}}",3.66,22.17,28.94,2.6,9.12,2.9,618550441,33.4,MOD-00617,24.0,2026-02-26T03:09:20,2026-02-25T19:09:20,https://api.quant-aq.com/v1/devices/MOD-00617/data/618550290
1715.63,866.55,"{'lat': None, 'lon': None}","{'rh': 33.6, 'temp': 24.0, 'wd': 0.0, 'ws': 0.0, 'ws_scalar': 0.0}","{'gas': {'co': 13502, 'co2': 13264, 'no': 13590, 'no2': 13769, 'o3': 13749}, 'pm': {'pm1': 13212, 'pm10': 13214, 'pm25': 13213}}",3.6,20.7,29.42,2.95,29.28,3.28,618550444,33.6,MOD-00617,24.0,2026-02-26T03:08:20,2026-02-25T19:08:20,https://api.quant-aq.com/v1/devices/MOD-00617/data/618550293
1731.64,869.8,"{'lat': None, 'lon': None}","{'rh': 33.6, 'temp': 24.0, 'wd': 0.0, 'ws': 0.0, 'ws_scalar': 0.0}","{'gas': {'co': 13502, 'co2': 13264, 'no': 13590, 'no2': 13769, 'o3': 13749}, 'pm': {'pm1': 13212, 'pm10': 13214, 'pm25': 13213}}",3.6,21.82,29.42,2.93,12.72,3.33,618550443,33.6,MOD-00617,24.0,2026-02-26T03:07:20,2026-02-25T19:07:20,https://api.quant-aq.com/v1/devices/MOD-00617/data/618550291
1736.16,871.12,"{'lat': None, 'lon': None}","{'rh': 33.6, 'temp': 24.0, 'wd': 0.0, 'ws': 0.0, 'ws_scalar': 0.0}","{'gas': {'co': 13502, 'co2': 13264, 'no': 13590, 'no2': 13769, 'o3': 13749}, 'pm': {'pm1': 13212, 'pm10': 13214, 'pm25': 13213}}",3.6,21.82,29.16,2.33,6.69,2.76,618548369,33.6,MOD-00617,24.0,2026-02-26T03:06:20,2026-02-25T19:06:20,https://api.quant-aq.com/v1/devices/MOD-00617/data/618548217
1743.06,876.3,"{'lat': None, 'lon': None}","{'rh': 33.7, 'temp': 24.0, 'wd': 0.0, 'ws': 0.0, 'ws_scalar': 0.0}","{'gas': {'co': 13502, 'co2': 13264, 'no': 13590, 'no2': 13769, 'o3': 13749}, 'pm': {'pm1': 13212, 'pm10': 13214, 'pm25': 13213}}",3.61,23.13,29.13,2.77,3.43,3.15,618548368,33.7,MOD-00617,24.0,2026-02-26T03:05:20,2026-02-25T19:05:20,https://api.quant-aq.com/v1/devices/MOD-00617/data/618548218
1758.04,875.94,"{'lat': None, 'lon': None}","{'rh': 34.0, 'temp': 24.0, 'wd': 0.0, 'ws': 0.0, 'ws_scalar': 0.0}","{'gas': {'co': 13502, 'co2': 13264, 'no': 13590, 'no2': 13769, 'o3': 13749}, 'pm': {'pm1': 13212, 'pm10': 13214, 'pm25': 13213}}",3.62,23.53,29.31,2.6,12.24,3.03,618548367,34.0,MOD-00617,24.0,2026-02-26T03:04:20,2026-02-25T19:04:20,https://api.quant-aq.com/v1/devices/MOD-00617/data/618548216
1757.08,878.11,"{'lat': None, 'lon': None}","{'rh': 34.2, 'temp': 24.0, 'wd': 0.0, 'ws': 0.0, 'ws_scalar': 0.0}","{'gas': {'co': 13502, 'co2': 13264, 'no': 13590, 'no2': 13769, 'o3': 13749}, 'pm': {'pm1': 13212, 'pm10': 13214, 'pm25': 13213}}",3.65,24.91,29.52,2.67,14.87,2.97,618548370,34.2,MOD-00617,24.0,2026-02-26T03:03:20,2026-02-25T19:03:20,https://api.quant-aq.com/v1/devices/MOD-00617/data/618548219
1772.12,875.22,"{'lat': None, 'lon': None}","{'rh': 34.4, 'temp': 24.0, 'wd': 0.0, 'ws': 0.0, 'ws_scalar': 0.0}","{'gas': {'co': 13502, 'co2': 13264, 'no': 13590, 'no2': 13769, 'o3': 13749}, 'pm': {'pm1': 13212, 'pm10': 13214, 'pm25': 13213}}",3.66,25.28,30.01,2.64,3.3,3.03,618546257,34.4,MOD-00617,24.0,2026-02-26T03:02:20,2026-02-25T19:02:20,https://api.quant-aq.com/v1/devices/MOD-00617/data/618546106
1781.83,879.56,"{'lat': None, 'lon': None}","{'rh': 34.6, 'temp': 24.0, 'wd': 0.0, 'ws': 0.0, 'ws_scalar': 0.0}","{'gas': {'co': 13502, 'co2': 13264, 'no': 13590, 'no2': 13769, 'o3': 13749}, 'pm': {'pm1': 13212, 'pm10': 13214, 'pm25': 13213}}",3.68,25.98,29.41,3.06,19.14,3.49,618546258,34.6,MOD-00617,24.0,2026-02-26T03:01:20,2026-02-25T19:01:20,https://api.quant-aq.com/v1/devices/MOD-00617/data/618546107
1785.8,874.86,"{'lat': None, 'lon': None}","{'rh': 34.8, 'temp': 24.0, 'wd': 0.0, 'ws': 0.0, 'ws_scalar': 0.0}","{'gas': {'co': 13502, 'co2': 13264, 'no': 13590, 'no2': 13769, 'o3': 13749}, 'pm': {'pm1': 13212, 'pm10': 13214, 'pm25': 13213}}",3.76,25.5,29.9,3.23,5.06,3.61,618546260,34.8,MOD-00617,24.0,2026-02-26T03:00:20,2026-02-25T19:00:20,https://api.quant-aq.com/v1/devices/MOD-00617/data/618546109
1797.42,881.12,"{'lat': None, 'lon': None}","{'rh': 35.2, 'temp': 24.0, 'wd': 0.0, 'ws': 0.0, 'ws_scalar': 0.0}","{'gas': {'co': 13502, 'co2': 13264, 'no': 13590, 'no2': 13769, 'o3': 13749}, 'pm': {'pm1': 13212, 'pm10': 13214, 'pm25': 13213}}",3.75,25.72,30.6,2.77,14.39,3.2,618546259,35.2,MOD-00617,24.0,2026-02-26T02:59:20,2026-02-25T18:59:20,https://api.quant-aq.com/v1/devices/MOD-00617/data/618546108
1797.01,886.3,"{'lat': None, 'lon': None}","{'rh': 35.2, 'temp': 24.0, 'wd': 0.0, 'ws': 0.0, 'ws_scalar': 0.0}","{'gas': {'co': 13502, 'co2': 13264, 'no': 13590, 'no2': 13769, 'o3': 13749}, 'pm': {'pm1': 13212, 'pm10': 13214, 'pm25': 13213}}",3.75,26.67,30.6,2.99,15.24,3.36,618544161,35.2,MOD-00617,24.0,2026-02-26T02:58:20,2026-02-25T18:58:20,https://api.quant-aq.com/v1/devices/MOD-00617/data/618544010
1809.09,887.02,"{'lat': None, 'lon': None}","{'rh': 35.1, 'temp': 24.1, 'wd': 0.0, 'ws': 0.0, 'ws_scalar': 0.0}","{'gas': {'co': 13502, 'co2': 13264, 'no': 13590, 'no2': 13769, 'o3': 13749}, 'pm': {'pm1': 13212, 'pm10': 13214, 'pm25': 13213}}",3.75,26.21,30.64,3.59,4.5,3.95,618544160,35.1,MOD-00617,24.1,2026-02-26T02:57:20,2026-02-25T18:57:20,https://api.quant-aq.com/v1/devices/MOD-00617/data/618544009
1812.64,887.14,"{'lat': None, 'lon': None}","{'rh': 35.3, 'temp': 24.1, 'wd': 0.0, 'ws': 0.0, 'ws_scalar': 0.0}","{'gas': {'co': 13502, 'co2': 13264, 'no': 13590, 'no2': 13769, 'o3': 13749}, 'pm': {'pm1': 13212, 'pm10': 13214, 'pm25': 13213}}",3.79,25.96,30.86,3.55,7.04,4.12,618544163,35.3,MOD-00617,24.1,2026-02-26T02:56:20,2026-02-25T18:56:20,https://api.quant-aq.com/v1/devices/MOD-00617/data/618544012
1822.14,889.31,"{'lat': None, 'lon': None}","{'rh': 35.8, 'temp': 24.1, 'wd': 0.0, 'ws': 0.0, 'ws_scalar': 0.0}","{'gas': {'co': 13502, 'co2': 13264, 'no': 13590, 'no2': 13769, 'o3': 13749}, 'pm': {'pm1': 13212, 'pm10': 13214, 'pm25': 13213}}",3.76,26.65,32.08,3.13,6.69,3.61,618544162,35.8,MOD-00617,24.1,2026-02-26T02:55:20,2026-02-25T18:55:20,https://api.quant-aq.com/v1/devices/MOD-00617/data/618544011
1826.8,888.11,"{'lat': None, 'lon': None}","{'rh': 35.6, 'temp': 24.1, 'wd': 0.0, 'ws': 0.0, 'ws_scalar': 0.0}","{'gas': {'co': 13502, 'co2': 13264, 'no': 13590, 'no2': 13769, 'o3': 13749}, 'pm': {'pm1': 13212, 'pm10': 13214, 'pm25': 13213}}",3.76,26.19,32.4,3.47,7.91,3.94,618542108,35.6,MOD-00617,24.1,2026-02-26T02:54:20,2026-02-25T18:54:20,https://api.quant-aq.com/v1/devices/MOD-00617/data/618541957
1824.19,893.53,"{'lat': None, 'lon': None}","{'rh': 35.8, 'temp': 24.1, 'wd': 0.0, 'ws': 0.0, 'ws_scalar': 0.0}","{'gas': {'co': 13502, 'co2': 13264, 'no': 13590, 'no2': 13769, 'o3': 13749}, 'pm': {'pm1': 13212, 'pm10': 13214, 'pm25': 13213}}",3.76,27.13,32.62,3.5,14.24,4.22,618542109,35.8,MOD-00617,24.1,2026-02-26T02:53:20,2026-02-25T18:53:20,https://api.quant-aq.com/v1/devices/MOD-00617/data/618541958
1836.65,897.26,"{'lat': None, 'lon': None}","{'rh': 35.6, 'temp': 24.1, 'wd': 0.0, 'ws': 0.0, 'ws_scalar': 0.0}","{'gas': {'co': 13502, 'co2': 13264, 'no': 13590, 'no2': 13769, 'o3': 13749}, 'pm': {'pm1': 13212, 'pm10': 13214, 'pm25': 13213}}",3.73,27.61,32.4,4.11,14.02,4.91,618542106,35.6,MOD-00617,24.1,2026-02-26T02:52:20,2026-02-25T18:52:20,https://api.quant-aq.com/v1/devices/MOD-00617/data/618541955
1848.52,889.79,"{'lat': None, 'lon': None}","{'rh': 34.5, 'temp': 24.1, 'wd': 0.0, 'ws': 0.0, 'ws_scalar': 0.0}","{'gas': {'co': 13502, 'co2': 13264, 'no': 13590, 'no2': 13769, 'o3': 13749}, 'pm': {'pm1': 13212, 'pm10': 13214, 'pm25': 13213}}",3.65,26.71,31.34,3.85,15.92,4.35,618542107,34.5,MOD-00617,24.1,2026-02-26T02:51:20,2026-02-25T18:51:20,https://api.quant-aq.com/v1/devices/MOD-00617/data/618541956
1847.02,891.0,"{'lat': None, 'lon': None}","{'rh': 34.3, 'temp': 24.1, 'wd': 0.0, 'ws': 0.0, 'ws_scalar': 0.0}","{'gas': {'co': 13502, 'co2': 13264, 'no': 13590, 'no2': 13769, 'o3': 13749}, 'pm': {'pm1': 13212, 'pm10': 13214, 'pm25': 13213}}",3.68,26.24,31.13,4.0,8.83,4.61,618539945,34.3,MOD-00617,24.1,2026-02-26T02:50:20,2026-02-25T18:50:20,https://api.quant-aq.com/v1/devices/MOD-00617/data/618539794
1857.28,886.06,"{'lat': None, 'lon': None}","{'rh': 34.3, 'temp': 24.1, 'wd': 0.0, 'ws': 0.0, 'ws_scalar': 0.0}","{'gas': {'co': 13502, 'co2': 13264, 'no': 13590, 'no2': 13769, 'o3': 13749}, 'pm': {'pm1': 13212, 'pm10': 13214, 'pm25': 13213}}",3.65,26.71,30.05,4.09,8.33,4.75,618539947,34.3,MOD-00617,24.1,2026-02-26T02:49:20,2026-02-25T18:49:20,https://api.quant-aq.com/v1/devices/MOD-00617/data/618539796
1861.52,890.52,"{'lat': None, 'lon': None}","{'rh': 34.1, 'temp': 24.1, 'wd': 0.0, 'ws': 0.0, 'ws_scalar': 0.0}","{'gas': {'co': 13502, 'co2': 13264, 'no': 13590, 'no2': 13769, 'o3': 13749}, 'pm': {'pm1': 13212, 'pm10': 13214, 'pm25': 13213}}",3.63,26.01,30.91,4.53,22.93,5.16,618539948,34.1,MOD-00617,24.1,2026-02-26T02:48:20,2026-02-25T18:48:20,https://api.quant-aq.com/v1/devices/MOD-00617/data/618539797
1873.57,891.0,"{'lat': None, 'lon': None}","{'rh': 33.9, 'temp': 24.1, 'wd': 0.0, 'ws': 0.0, 'ws_scalar': 0.0}","{'gas': {'co': 13502, 'co2': 13264, 'no': 13590, 'no2': 13769, 'o3': 13749}, 'pm': {'pm1': 13212, 'pm10': 13214, 'pm25': 13213}}",3.67,25.91,30.16,4.13,6.05,4.71,618539946,33.9,MOD-00617,24.1,2026-02-26T02:47:20,2026-02-25T18:47:20,https://api.quant-aq.com/v1/devices/MOD-00617/data/618539795
1878.16,890.76,"{'lat': None, 'lon': None}","{'rh': 33.8, 'temp': 24.1, 'wd': 0.0, 'ws': 0.0, 'ws_scalar': 0.0}","{'gas': {'co': 13502, 'co2': 13264, 'no': 13590, 'no2': 13769, 'o3': 13749}, 'pm': {'pm1': 13212, 'pm10': 13214, 'pm25': 13213}}",3.6,25.55,30.46,4.11,8.72,4.62,618537837,33.8,MOD-00617,24.1,2026-02-26T02:46:20,2026-02-25T18:46:20,https://api.quant-aq.com/v1/devices/MOD-00617/data/618537687
1885.12,897.62,"{'lat': None, 'lon': None}","{'rh': 34.4, 'temp': 24.1, 'wd': 0.0, 'ws': 0.0, 'ws_scalar': 0.0}","{'gas': {'co': 13502, 'co2': 13264, 'no': 13590, 'no2': 13769, 'o3': 13749}, 'pm': {'pm1': 13212, 'pm10': 13214, 'pm25': 13213}}",3.68,26.24,31.37,3.82,6.12,4.36,618537835,34.4,MOD-00617,24.1,2026-02-26T02:45:20,2026-02-25T18:45:20,https://api.quant-aq.com/v1/devices/MOD-00617/data/618537683
1891.08,896.06,"{'lat': None, 'lon': None}","{'rh': 34.1, 'temp': 24.1, 'wd': 0.0, 'ws': 0.0, 'ws_scalar': 0.0}","{'gas': {'co': 13502, 'co2': 13264, 'no': 13590, 'no2': 13769, 'o3': 13749}, 'pm': {'pm1': 13212, 'pm10': 13214, 'pm25': 13213}}",3.63,26.49,30.91,3.92,13.31,4.58,618537834,34.1,MOD-00617,24.1,2026-02-26T02:44:20,2026-02-25T18:44:20,https://api.quant-aq.com/v1/devices/MOD-00617/data/618537684
1902.65,899.55,"{'lat': None, 'lon': None}","{'rh': 34.0, 'temp': 24.1, 'wd': 0.0, 'ws': 0.0, 'ws_scalar': 0.0}","{'gas': {'co': 13502, 'co2': 13264, 'no': 13590, 'no2': 13769, 'o3': 13749}, 'pm': {'pm1': 13212, 'pm10': 13214, 'pm25': 13213}}",3.63,26.25,30.67,3.32,6.18,3.85,618537836,34.0,MOD-00617,24.1,2026-02-26T02:43:20,2026-02-25T18:43:20,https://api.quant-aq.com/v1/devices/MOD-00617/data/618537685
1913.94,901.36,"{'lat': None, 'lon': None}","{'rh': 33.7, 'temp': 24.1, 'wd': 0.0, 'ws': 0.0, 'ws_scalar': 0.0}","{'gas': {'co': 13502, 'co2': 13264, 'no': 13590, 'no2': 13769, 'o3': 13749}, 'pm': {'pm1': 13212, 'pm10': 13214, 'pm25': 13213}}",3.62,26.4,30.48,3.98,7.59,4.7,618535746,33.7,MOD-00617,24.1,2026-02-26T02:42:20,2026-02-25T18:42:20,https://api.quant-aq.com/v1/devices/MOD-00617/data/618535595
1926.49,909.06,"{'lat': None, 'lon': None}","{'rh': 34.1, 'temp': 24.2, 'wd': 0.0, 'ws': 0.0, 'ws_scalar': 0.0}","{'gas': {'co': 13502, 'co2': 13264, 'no': 13590, 'no2': 13769, 'o3': 13749}, 'pm': {'pm1': 13212, 'pm10': 13214, 'pm25': 13213}}",3.66,26.73,31.46,3.82,11.24,4.61,618535749,34.1,MOD-00617,24.2,2026-02-26T02:41:20,2026-02-25T18:41:20,https://api.quant-aq.com/v1/devices/MOD-00617/data/618535598
1930.19,911.96,"{'lat': None, 'lon': None}","{'rh': 34.1, 'temp': 24.2, 'wd': 0.0, 'ws': 0.0, 'ws_scalar': 0.0}","{'gas': {'co': 13502, 'co2': 13264, 'no': 13590, 'no2': 13769, 'o3': 13749}, 'pm': {'pm1': 13212, 'pm10': 13214, 'pm25': 13213}}",3.67,26.73,31.73,4.52,13.83,5.34,618535747,34.1,MOD-00617,24.2,2026-02-26T02:40:20,2026-02-25T18:40:20,https://api.quant-aq.com/v1/devices/MOD-00617/data/618535596
1937.45,907.86,"{'lat': None, 'lon': None}","{'rh': 33.7, 'temp': 24.2, 'wd': 0.0, 'ws': 0.0, 'ws_scalar': 0.0}","{'gas': {'co': 13502, 'co2': 13264, 'no': 13590, 'no2': 13769, 'o3': 13749}, 'pm': {'pm1': 13212, 'pm10': 13214, 'pm25': 13213}}",3.61,27.22,31.03,4.7,12.25,5.35,618535748,33.7,MOD-00617,24.2,2026-02-26T02:39:20,2026-02-25T18:39:20,https://api.quant-aq.com/v1/devices/MOD-00617/data/618535597
1948.07,901.36,"{'lat': None, 'lon': None}","{'rh': 33.2, 'temp': 24.2, 'wd': 0.0, 'ws': 0.0, 'ws_scalar': 0.0}","{'gas': {'co': 13502, 'co2': 13264, 'no': 13590, 'no2': 13769, 'o3': 13749}, 'pm': {'pm1': 13212, 'pm10': 13214, 'pm25': 13213}}",3.62,24.48,30.64,4.27,20.27,4.82,618533609,33.2,MOD-00617,24.2,2026-02-26T02:38:20,2026-02-25T18:38:20,https://api.quant-aq.com/v1/devices/MOD-00617/data/618533457
1961.2,902.44,"{'lat': None, 'lon': None}","{'rh': 33.2, 'temp': 24.2, 'wd': 0.0, 'ws': 0.0, 'ws_scalar': 0.0}","{'gas': {'co': 13502, 'co2': 13264, 'no': 13590, 'no2': 13769, 'o3': 13749}, 'pm': {'pm1': 13212, 'pm10': 13214, 'pm25': 13213}}",3.62,25.03,30.37,5.02,8.11,5.75,618533608,33.2,MOD-00617,24.2,2026-02-26T02:37:20,2026-02-25T18:37:20,https://api.quant-aq.com/v1/devices/MOD-00617/data/618533458
1977.96,897.38,"{'lat': None, 'lon': None}","{'rh': 33.3, 'temp': 24.2, 'wd': 0.0, 'ws': 0.0, 'ws_scalar': 0.0}","{'gas': {'co': 13502, 'co2': 13264, 'no': 13590, 'no2': 13769, 'o3': 13749}, 'pm': {'pm1': 13212, 'pm10': 13214, 'pm25': 13213}}",3.64,26.69,30.61,4.1,22.91,4.94,618533607,33.3,MOD-00617,24.2,2026-02-26T02:36:20,2026-02-25T18:36:20,https://api.quant-aq.com/v1/devices/MOD-00617/data/618533456
1982.28,897.38,"{'lat': None, 'lon': None}","{'rh': 33.0, 'temp': 24.2, 'wd': 0.0, 'ws': 0.0, 'ws_scalar': 0.0}","{'gas': {'co': 13502, 'co2': 13264, 'no': 13590, 'no2': 13769, 'o3': 13749}, 'pm': {'pm1': 13212, 'pm10': 13214, 'pm25': 13213}}",3.59,26.54,30.43,4.72,8.68,5.25,618533606,33.0,MOD-00617,24.2,2026-02-26T02:35:20,2026-02-25T18:35:20,https://api.quant-aq.com/v1/devices/MOD-00617/data/618533455
1994.19,895.57,"{'lat': None, 'lon': None}","{'rh': 33.0, 'temp': 24.2, 'wd': 0.0, 'ws': 0.0, 'ws_scalar': 0.0}","{'gas': {'co': 13502, 'co2': 13264, 'no': 13590, 'no2': 13769, 'o3': 13749}, 'pm': {'pm1': 13212, 'pm10': 13214, 'pm25': 13213}}",3.59,23.28,30.96,4.68,7.7,5.56,618531547,33.0,MOD-00617,24.2,2026-02-26T02:34:20,2026-02-25T18:34:20,https://api.quant-aq.com/v1/devices/MOD-00617/data/618531397
2007.73,898.95,"{'lat': None, 'lon': None}","{'rh': 33.0, 'temp': 24.2, 'wd': 0.0, 'ws': 0.0, 'ws_scalar': 0.0}","{'gas': {'co': 13502, 'co2': 13264, 'no': 13590, 'no2': 13769, 'o3': 13749}, 'pm': {'pm1': 13212, 'pm10': 13214, 'pm25': 13213}}",3.59,26.3,30.69,4.3,15.31,4.77,618531548,33.0,MOD-00617,24.2,2026-02-26T02:33:20,2026-02-25T18:33:20,https://api.quant-aq.com/v1/devices/MOD-00617/data/618531396
2014.3,902.32,"{'lat': None, 'lon': None}","{'rh': 33.0, 'temp': 24.2, 'wd': 0.0, 'ws': 0.0, 'ws_scalar': 0.0}","{'gas': {'co': 13502, 'co2': 13264, 'no': 13590, 'no2': 13769, 'o3': 13749}, 'pm': {'pm1': 13212, 'pm10': 13214, 'pm25': 13213}}",3.59,26.3,30.69,4.64,10.14,5.33,618531546,33.0,MOD-00617,24.2,2026-02-26T02:32:20,2026-02-25T18:32:20,https://api.quant-aq.com/v1/devices/MOD-00617/data/618531395
2018.82,908.7,"{'lat': None, 'lon': None}","{'rh': 33.0, 'temp': 24.2, 'wd': 0.0, 'ws': 0.0, 'ws_scalar': 0.0}","{'gas': {'co': 13502, 'co2': 13264, 'no': 13590, 'no2': 13769, 'o3': 13749}, 'pm': {'pm1': 13212, 'pm10': 13214, 'pm25': 13213}}",3.59,27.25,30.69,4.52,18.59,5.27,618531545,33.0,MOD-00617,24.2,2026-02-26T02:31:20,2026-02-25T18:31:20,https://api.quant-aq.com/v1/devices/MOD-00617/data/618531394
2037.13,908.22,"{'lat': None, 'lon': None}","{'rh': 32.8, 'temp': 24.3, 'wd': 0.0, 'ws': 0.0, 'ws_scalar': 0.0}","{'gas': {'co': 13502, 'co2': 13264, 'no': 13590, 'no2': 13769, 'o3': 13749}, 'pm': {'pm1': 13212, 'pm10': 13214, 'pm25': 13213}}",3.55,26.32,30.23,5.46,12.13,6.47,618529427,32.8,MOD-00617,24.3,2026-02-26T02:30:20,2026-02-25T18:30:20,https://api.quant-aq.com/v1/devices/MOD-00617/data/618529275
2049.93,908.94,"{'lat': None, 'lon': None}","{'rh': 32.7, 'temp': 24.3, 'wd': 0.0, 'ws': 0.0, 'ws_scalar': 0.0}","{'gas': {'co': 13502, 'co2': 13264, 'no': 13590, 'no2': 13769, 'o3': 13749}, 'pm': {'pm1': 13212, 'pm10': 13214, 'pm25': 13213}}",3.53,26.56,30.52,4.46,15.31,5.42,618529425,32.7,MOD-00617,24.3,2026-02-26T02:29:20,2026-02-25T18:29:20,https://api.quant-aq.com/v1/devices/MOD-00617/data/618529274
2052.05,909.55,"{'lat': None, 'lon': None}","{'rh': 32.6, 'temp': 24.3, 'wd': 0.0, 'ws': 0.0, 'ws_scalar': 0.0}","{'gas': {'co': 13502, 'co2': 13264, 'no': 13590, 'no2': 13769, 'o3': 13749}, 'pm': {'pm1': 13212, 'pm10': 13214, 'pm25': 13213}}",3.51,26.33,30.55,4.77,12.14,5.62,618529424,32.6,MOD-00617,24.3,2026-02-26T02:28:20,2026-02-25T18:28:20,https://api.quant-aq.com/v1/devices/MOD-00617/data/618529273
2062.87,908.1,"{'lat': None, 'lon': None}","{'rh': 32.4, 'temp': 24.3, 'wd': 0.0, 'ws': 0.0, 'ws_scalar': 0.0}","{'gas': {'co': 13502, 'co2': 13264, 'no': 13590, 'no2': 13769, 'o3': 13749}, 'pm': {'pm1': 13212, 'pm10': 13214, 'pm25': 13213}}",3.47,26.81,30.08,5.21,9.75,6.16,618529426,32.4,MOD-00617,24.3,2026-02-26T02:27:20,2026-02-25T18:27:20,https://api.quant-aq.com/v1/devices/MOD-00617/data/618529276
2074.57,914.36,"{'lat': None, 'lon': None}","{'rh': 32.1, 'temp': 24.3, 'wd': 0.0, 'ws': 0.0, 'ws_scalar': 0.0}","{'gas': {'co': 13502, 'co2': 13264, 'no': 13590, 'no2': 13769, 'o3': 13749}, 'pm': {'pm1': 13212, 'pm10': 13214, 'pm25': 13213}}",3.4,26.35,29.37,4.73,14.32,5.56,618527269,32.1,MOD-00617,24.3,2026-02-26T02:26:20,2026-02-25T18:26:20,https://api.quant-aq.com/v1/devices/MOD-00617/data/618527116
2090.44,922.92,"{'lat': None, 'lon': None}","{'rh': 32.3, 'temp': 24.3, 'wd': 0.0, 'ws': 0.0, 'ws_scalar': 0.0}","{'gas': {'co': 13502, 'co2': 13264, 'no': 13590, 'no2': 13769, 'o3': 13749}, 'pm': {'pm1': 13212, 'pm10': 13214, 'pm25': 13213}}",3.42,26.1,29.84,4.43,41.76,5.58,618527267,32.3,MOD-00617,24.3,2026-02-26T02:25:20,2026-02-25T18:25:20,https://api.quant-aq.com/v1/devices/MOD-00617/data/618527117
2096.8,921.59,"{'lat': None, 'lon': None}","{'rh': 32.6, 'temp': 24.3, 'wd': 0.0, 'ws': 0.0, 'ws_scalar': 0.0}","{'gas': {'co': 13502, 'co2': 13264, 'no': 13590, 'no2': 13769, 'o3': 13749}, 'pm': {'pm1': 13212, 'pm10': 13214, 'pm25': 13213}}",3.51,26.33,29.76,4.3,12.71,5.2,618527268,32.6,MOD-00617,24.3,2026-02-26T02:24:20,2026-02-25T18:24:20,https://api.quant-aq.com/v1/devices/MOD-00617/data/618527118
2111.65,912.8,"{'lat': None, 'lon': None}","{'rh': 32.5, 'temp': 24.3, 'wd': 0.0, 'ws': 0.0, 'ws_scalar': 0.0}","{'gas': {'co': 13502, 'co2': 13264, 'no': 13590, 'no2': 13769, 'o3': 13749}, 'pm': {'pm1': 13212, 'pm10': 13214, 'pm25': 13213}}",3.47,25.86,29.52,4.26,10.52,5.24,618527266,32.5,MOD-00617,24.3,2026-02-26T02:23:20,2026-02-25T18:23:20,https://api.quant-aq.com/v1/devices/MOD-00617/data/618527115
2124.78,916.29,"{'lat': None, 'lon': None}","{'rh': 32.5, 'temp': 24.3, 'wd': 0.0, 'ws': 0.0, 'ws_scalar': 0.0}","{'gas': {'co': 13502, 'co2': 13264, 'no': 13590, 'no2': 13769, 'o3': 13749}, 'pm': {'pm1': 13212, 'pm10': 13214, 'pm25': 13213}}",3.47,25.86,29.78,4.44,39.53,5.51,618525236,32.5,MOD-00617,24.3,2026-02-26T02:22:20,2026-02-25T18:22:20,https://api.quant-aq.com/v1/devices/MOD-00617/data/618525085
2126.01,913.76,"{'lat': None, 'lon': None}","{'rh': 32.5, 'temp': 24.3, 'wd': 0.0, 'ws': 0.0, 'ws_scalar': 0.0}","{'gas': {'co': 13502, 'co2': 13264, 'no': 13590, 'no2': 13769, 'o3': 13749}, 'pm': {'pm1': 13212, 'pm10': 13214, 'pm25': 13213}}",3.47,26.33,29.52,4.8,24.73,5.7,618525234,32.5,MOD-00617,24.3,2026-02-26T02:21:20,2026-02-25T18:21:20,https://api.quant-aq.com/v1/devices/MOD-00617/data/618525083
2112.81,916.77,"{'lat': None, 'lon': None}","{'rh': 32.6, 'temp': 24.3, 'wd': 0.0, 'ws': 0.0, 'ws_scalar': 0.0}","{'gas': {'co': 13502, 'co2': 13264, 'no': 13590, 'no2': 13769, 'o3': 13749}, 'pm': {'pm1': 13212, 'pm10': 13214, 'pm25': 13213}}",3.49,26.56,29.49,4.6,14.28,5.43,618525235,32.6,MOD-00617,24.3,2026-02-26T02:20:20,2026-02-25T18:20:20,https://api.quant-aq.com/v1/devices/MOD-00617/data/618525084
2115.2,920.99,"{'lat': None, 'lon': None}","{'rh': 32.7, 'temp': 24.3, 'wd': 0.0, 'ws': 0.0, 'ws_scalar': 0.0}","{'gas': {'co': 13502, 'co2': 13264, 'no': 13590, 'no2': 13769, 'o3': 13749}, 'pm': {'pm1': 13212, 'pm10': 13214, 'pm25': 13213}}",3.51,26.32,29.73,4.25,42.92,5.09,618525233,32.7,MOD-00617,24.3,2026-02-26T02:19:20,2026-02-25T18:19:20,https://api.quant-aq.com/v1/devices/MOD-00617/data/618525082
2129.15,926.41,"{'lat': None, 'lon': None}","{'rh': 32.7, 'temp': 24.3, 'wd': 0.0, 'ws': 0.0, 'ws_scalar': 0.0}","{'gas': {'co': 13502, 'co2': 13264, 'no': 13590, 'no2': 13769, 'o3': 13749}, 'pm': {'pm1': 13212, 'pm10': 13214, 'pm25': 13213}}",3.52,26.32,30.26,4.25,32.43,5.2,618523090,32.7,MOD-00617,24.3,2026-02-26T02:18:20,2026-02-25T18:18:20,https://api.quant-aq.com/v1/devices/MOD-00617/data/618522939
2135.9,933.03,"{'lat': None, 'lon': None}","{'rh': 32.6, 'temp': 24.4, 'wd': 0.0, 'ws': 0.0, 'ws_scalar': 0.0}","{'gas': {'co': 13502, 'co2': 13264, 'no': 13590, 'no2': 13769, 'o3': 13749}, 'pm': {'pm1': 13212, 'pm10': 13214, 'pm25': 13213}}",3.48,27.04,29.51,4.38,38.62,5.13,618523087,32.6,MOD-00617,24.4,2026-02-26T02:17:20,2026-02-25T18:17:20,https://api.quant-aq.com/v1/devices/MOD-00617/data/618522936
2147.4,932.07,"{'lat': None, 'lon': None}","{'rh': 32.6, 'temp': 24.4, 'wd': 0.0, 'ws': 0.0, 'ws_scalar': 0.0}","{'gas': {'co': 13502, 'co2': 13264, 'no': 13590, 'no2': 13769, 'o3': 13749}, 'pm': {'pm1': 13212, 'pm10': 13214, 'pm25': 13213}}",3.48,26.1,29.51,4.87,27.54,5.69,618523089,32.6,MOD-00617,24.4,2026-02-26T02:16:20,2026-02-25T18:16:20,https://api.quant-aq.com/v1/devices/MOD-00617/data/618522938
2157.93,946.04,"{'lat': None, 'lon': None}","{'rh': 32.8, 'temp': 24.4, 'wd': 0.0, 'ws': 0.0, 'ws_scalar': 0.0}","{'gas': {'co': 13502, 'co2': 13264, 'no': 13590, 'no2': 13769, 'o3': 13749}, 'pm': {'pm1': 13212, 'pm10': 13214, 'pm25': 13213}}",3.54,26.09,30.25,4.67,53.41,5.48,618523088,32.8,MOD-00617,24.4,2026-02-26T02:15:20,2026-02-25T18:15:20,https://api.quant-aq.com/v1/devices/MOD-00617/data/618522937
2164.23,946.4,"{'lat': None, 'lon': None}","{'rh': 32.6, 'temp': 24.4, 'wd': 0.0, 'ws': 0.0, 'ws_scalar': 0.0}","{'gas': {'co': 13502, 'co2': 13264, 'no': 13590, 'no2': 13769, 'o3': 13749}, 'pm': {'pm1': 13212, 'pm10': 13214, 'pm25': 13213}}",3.49,26.33,29.51,3.15,36.31,3.81,618520950,32.6,MOD-00617,24.4,2026-02-26T02:14:20,2026-02-25T18:14:20,https://api.quant-aq.com/v1/devices/MOD-00617/data/618520799
2173.19,948.09,"{'lat': None, 'lon': None}","{'rh': 32.7, 'temp': 24.4, 'wd': 0.0, 'ws': 0.0, 'ws_scalar': 0.0}","{'gas': {'co': 13502, 'co2': 13264, 'no': 13590, 'no2': 13769, 'o3': 13749}, 'pm': {'pm1': 13212, 'pm10': 13214, 'pm25': 13213}}",3.51,26.33,29.74,2.53,22.39,3.21,618520952,32.7,MOD-00617,24.4,2026-02-26T02:13:20,2026-02-25T18:13:20,https://api.quant-aq.com/v1/devices/MOD-00617/data/618520800
2169.22,944.11,"{'lat': None, 'lon': None}","{'rh': 32.5, 'temp': 24.4, 'wd': 0.0, 'ws': 0.0, 'ws_scalar': 0.0}","{'gas': {'co': 13502, 'co2': 13264, 'no': 13590, 'no2': 13769, 'o3': 13749}, 'pm': {'pm1': 13212, 'pm10': 13214, 'pm25': 13213}}",3.47,25.63,29.01,2.15,14.68,2.66,618520951,32.5,MOD-00617,24.4,2026-02-26T02:12:20,2026-02-25T18:12:20,https://api.quant-aq.com/v1/devices/MOD-00617/data/618520801
2169.97,946.04,"{'lat': None, 'lon': None}","{'rh': 32.6, 'temp': 24.4, 'wd': 0.0, 'ws': 0.0, 'ws_scalar': 0.0}","{'gas': {'co': 13502, 'co2': 13264, 'no': 13590, 'no2': 13769, 'o3': 13749}, 'pm': {'pm1': 13212, 'pm10': 13214, 'pm25': 13213}}",3.49,25.07,29.51,2.41,29.92,2.96,618520949,32.6,MOD-00617,24.4,2026-02-26T02:11:20,2026-02-25T18:11:20,https://api.quant-aq.com/v1/devices/MOD-00617/data/618520798
2179.34,950.14,"{'lat': None, 'lon': None}","{'rh': 32.7, 'temp': 24.4, 'wd': 0.0, 'ws': 0.0, 'ws_scalar': 0.0}","{'gas': {'co': 13502, 'co2': 13264, 'no': 13590, 'no2': 13769, 'o3': 13749}, 'pm': {'pm1': 13212, 'pm10': 13214, 'pm25': 13213}}",3.52,25.85,29.21,2.37,24.52,2.96,618518859,32.7,MOD-00617,24.4,2026-02-26T02:10:20,2026-02-25T18:10:20,https://api.quant-aq.com/v1/devices/MOD-00617/data/618518708
2186.66,950.74,"{'lat': None, 'lon': None}","{'rh': 32.8, 'temp': 24.4, 'wd': 0.0, 'ws': 0.0, 'ws_scalar': 0.0}","{'gas': {'co': 13502, 'co2': 13264, 'no': 13590, 'no2': 13769, 'o3': 13749}, 'pm': {'pm1': 13212, 'pm10': 13214, 'pm25': 13213}}",3.54,25.61,29.18,2.29,17.74,2.91,618518860,32.8,MOD-00617,24.4,2026-02-26T02:09:20,2026-02-25T18:09:20,https://api.quant-aq.com/v1/devices/MOD-00617/data/618518710
2191.45,959.65,"{'lat': None, 'lon': None}","{'rh': 33.0, 'temp': 24.4, 'wd': 0.0, 'ws': 0.0, 'ws_scalar': 0.0}","{'gas': {'co': 13502, 'co2': 13264, 'no': 13590, 'no2': 13769, 'o3': 13749}, 'pm': {'pm1': 13212, 'pm10': 13214, 'pm25': 13213}}",3.58,24.87,28.6,2.82,33.55,3.69,618518861,33.0,MOD-00617,24.4,2026-02-26T02:08:20,2026-02-25T18:08:20,https://api.quant-aq.com/v1/devices/MOD-00617/data/618518709
2188.63,964.47,"{'lat': None, 'lon': None}","{'rh': 33.5, 'temp': 24.4, 'wd': 0.0, 'ws': 0.0, 'ws_scalar': 0.0}","{'gas': {'co': 13502, 'co2': 13264, 'no': 13590, 'no2': 13769, 'o3': 13749}, 'pm': {'pm1': 13212, 'pm10': 13214, 'pm25': 13213}}",3.73,24.11,28.98,2.15,17.35,2.82,618518858,33.5,MOD-00617,24.4,2026-02-26T02:07:20,2026-02-25T18:07:20,https://api.quant-aq.com/v1/devices/MOD-00617/data/618518707
2186.88,974.23,"{'lat': None, 'lon': None}","{'rh': 34.8, 'temp': 24.4, 'wd': 0.0, 'ws': 0.0, 'ws_scalar': 0.0}","{'gas': {'co': 13502, 'co2': 13264, 'no': 13590, 'no2': 13769, 'o3': 13749}, 'pm': {'pm1': 13212, 'pm10': 13214, 'pm25': 13213}}",3.79,26.95,31.3,2.44,13.46,3.24,618516562,34.8,MOD-00617,24.4,2026-02-26T02:06:20,2026-02-25T18:06:20,https://api.quant-aq.com/v1/devices/MOD-00617/data/618516411
2186.01,973.26,"{'lat': None, 'lon': None}","{'rh': 34.3, 'temp': 24.4, 'wd': 0.0, 'ws': 0.0, 'ws_scalar': 0.0}","{'gas': {'co': 13502, 'co2': 13264, 'no': 13590, 'no2': 13769, 'o3': 13749}, 'pm': {'pm1': 13212, 'pm10': 13214, 'pm25': 13213}}",3.65,26.5,30.63,2.65,20.66,3.45,618516561,34.3,MOD-00617,24.4,2026-02-26T02:05:20,2026-02-25T18:05:20,https://api.quant-aq.com/v1/devices/MOD-00617/data/618516410
2188.06,967.12,"{'lat': None, 'lon': None}","{'rh': 34.3, 'temp': 24.4, 'wd': 0.0, 'ws': 0.0, 'ws_scalar': 0.0}","{'gas': {'co': 13502, 'co2': 13264, 'no': 13590, 'no2': 13769, 'o3': 13749}, 'pm': {'pm1': 13212, 'pm10': 13214, 'pm25': 13213}}",3.69,26.26,30.63,2.54,5.8,3.31,618516559,34.3,MOD-00617,24.4,2026-02-26T02:04:20,2026-02-25T18:04:20,https://api.quant-aq.com/v1/devices/MOD-00617/data/618516408
2184.49,980.61,"{'lat': None, 'lon': None}","{'rh': 34.7, 'temp': 24.4, 'wd': 0.0, 'ws': 0.0, 'ws_scalar': 0.0}","{'gas': {'co': 13502, 'co2': 13264, 'no': 13590, 'no2': 13769, 'o3': 13749}, 'pm': {'pm1': 13212, 'pm10': 13214, 'pm25': 13213}}",3.79,26.48,31.33,2.36,34.35,3.13,618516560,34.7,MOD-00617,24.4,2026-02-26T02:03:20,2026-02-25T18:03:20,https://api.quant-aq.com/v1/devices/MOD-00617/data/618516409
2182.21,972.9,"{'lat': None, 'lon': None}","{'rh': 34.3, 'temp': 24.3, 'wd': 0.0, 'ws': 0.0, 'ws_scalar': 0.0}","{'gas': {'co': 13502, 'co2': 13264, 'no': 13590, 'no2': 13769, 'o3': 13749}, 'pm': {'pm1': 13212, 'pm10': 13214, 'pm25': 13213}}",3.66,26.73,31.15,2.16,13.31,2.93,618514335,34.3,MOD-00617,24.3,2026-02-26T02:02:20,2026-02-25T18:02:20,https://api.quant-aq.com/v1/devices/MOD-00617/data/618514184
2166.27,976.27,"{'lat': None, 'lon': None}","{'rh': 34.2, 'temp': 24.3, 'wd': 0.0, 'ws': 0.0, 'ws_scalar': 0.0}","{'gas': {'co': 13502, 'co2': 13264, 'no': 13590, 'no2': 13769, 'o3': 13749}, 'pm': {'pm1': 13212, 'pm10': 13214, 'pm25': 13213}}",3.65,26.5,30.11,2.61,30.16,3.4,618514333,34.2,MOD-00617,24.3,2026-02-26T02:01:20,2026-02-25T18:01:20,https://api.quant-aq.com/v1/devices/MOD-00617/data/618514182
2136.17,977.6,"{'lat': None, 'lon': None}","{'rh': 33.8, 'temp': 24.3, 'wd': 0.0, 'ws': 0.0, 'ws_scalar': 0.0}","{'gas': {'co': 13502, 'co2': 13264, 'no': 13590, 'no2': 13769, 'o3': 13749}, 'pm': {'pm1': 13212, 'pm10': 13214, 'pm25': 13213}}",3.68,23.83,29.42,2.73,23.03,3.4,618514332,33.8,MOD-00617,24.3,2026-02-26T02:00:20,2026-02-25T18:00:20,https://api.quant-aq.com/v1/devices/MOD-00617/data/618514181
2137.86,996.39,"{'lat': None, 'lon': None}","{'rh': 34.9, 'temp': 24.3, 'wd': 0.0, 'ws': 0.0, 'ws_scalar': 0.0}","{'gas': {'co': 13502, 'co2': 13264, 'no': 13590, 'no2': 13769, 'o3': 13749}, 'pm': {'pm1': 13212, 'pm10': 13214, 'pm25': 13213}}",3.83,25.99,30.18,2.72,27.22,3.79,618514334,34.9,MOD-00617,24.3,2026-02-26T01:59:20,2026-02-25T17:59:20,https://api.quant-aq.com/v1/devices/MOD-00617/data/618514183
2135.02,1004.34,"{'lat': None, 'lon': None}","{'rh': 36.0, 'temp': 24.3, 'wd': 0.0, 'ws': 0.0, 'ws_scalar': 0.0}","{'gas': {'co': 13502, 'co2': 13264, 'no': 13590, 'no2': 13769, 'o3': 13749}, 'pm': {'pm1': 13212, 'pm10': 13214, 'pm25': 13213}}",3.79,27.61,33.14,2.56,16.81,3.3,618512214,36.0,MOD-00617,24.3,2026-02-26T01:58:20,2026-02-25T17:58:20,https://api.quant-aq.com/v1/devices/MOD-00617/data/618512062
2127.11,1002.17,"{'lat': None, 'lon': None}","{'rh': 35.0, 'temp': 24.3, 'wd': 0.0, 'ws': 0.0, 'ws_scalar': 0.0}","{'gas': {'co': 13502, 'co2': 13264, 'no': 13590, 'no2': 13769, 'o3': 13749}, 'pm': {'pm1': 13212, 'pm10': 13214, 'pm25': 13213}}",3.76,26.7,32.04,1.9,5.48,2.72,618512213,35.0,MOD-00617,24.3,2026-02-26T01:57:20,2026-02-25T17:57:20,https://api.quant-aq.com/v1/devices/MOD-00617/data/618512063
2117.26,1000.0,"{'lat': None, 'lon': None}","{'rh': 35.0, 'temp': 24.3, 'wd': 0.0, 'ws': 0.0, 'ws_scalar': 0.0}","{'gas': {'co': 13502, 'co2': 13264, 'no': 13590, 'no2': 13769, 'o3': 13749}, 'pm': {'pm1': 13212, 'pm10': 13214, 'pm25': 13213}}",3.65,27.88,32.85,2.49,19.26,2.9,618512212,35.0,MOD-00617,24.3,2026-02-26T01:56:20,2026-02-25T17:56:20,https://api.quant-aq.com/v1/devices/MOD-00617/data/618512061
2115.92,1003.13,"{'lat': None, 'lon': None}","{'rh': 34.0, 'temp': 24.3, 'wd': 0.0, 'ws': 0.0, 'ws_scalar': 0.0}","{'gas': {'co': 13502, 'co2': 13264, 'no': 13590, 'no2': 13769, 'o3': 13749}, 'pm': {'pm1': 13212, 'pm10': 13214, 'pm25': 13213}}",3.74,25.77,30.7,1.88,4.91,2.37,618512215,34.0,MOD-00617,24.3,2026-02-26T01:55:20,2026-02-25T17:55:20,https://api.quant-aq.com/v1/devices/MOD-00617/data/618512064
2111.24,1000.96,"{'lat': None, 'lon': None}","{'rh': 34.8, 'temp': 24.3, 'wd': 0.0, 'ws': 0.0, 'ws_scalar': 0.0}","{'gas': {'co': 13502, 'co2': 13264, 'no': 13590, 'no2': 13769, 'o3': 13749}, 'pm': {'pm1': 13212, 'pm10': 13214, 'pm25': 13213}}",3.76,27.18,33.17,2.59,15.39,3.22,618510112,34.8,MOD-00617,24.3,2026-02-26T01:54:20,2026-02-25T17:54:20,https://api.quant-aq.com/v1/devices/MOD-00617/data/618509961
2108.05,993.38,"{'lat': None, 'lon': None}","{'rh': 34.1, 'temp': 24.3, 'wd': 0.0, 'ws': 0.0, 'ws_scalar': 0.0}","{'gas': {'co': 13502, 'co2': 13264, 'no': 13590, 'no2': 13769, 'o3': 13749}, 'pm': {'pm1': 13212, 'pm10': 13214, 'pm25': 13213}}",3.61,26.97,32.01,2.34,24.3,2.98,618510114,34.1,MOD-00617,24.3,2026-02-26T01:53:20,2026-02-25T17:53:20,https://api.quant-aq.com/v1/devices/MOD-00617/data/618509963
2102.28,994.58,"{'lat': None, 'lon': None}","{'rh': 33.4, 'temp': 24.2, 'wd': 0.0, 'ws': 0.0, 'ws_scalar': 0.0}","{'gas': {'co': 13502, 'co2': 13264, 'no': 13590, 'no2': 13769, 'o3': 13749}, 'pm': {'pm1': 13212, 'pm10': 13214, 'pm25': 13213}}",3.66,24.42,30.58,2.41,8.4,2.89,618510115,33.4,MOD-00617,24.2,2026-02-26T01:52:20,2026-02-25T17:52:20,https://api.quant-aq.com/v1/devices/MOD-00617/data/618509964
2102.76,987.72,"{'lat': None, 'lon': None}","{'rh': 33.3, 'temp': 24.2, 'wd': 0.0, 'ws': 0.0, 'ws_scalar': 0.0}","{'gas': {'co': 13502, 'co2': 13264, 'no': 13590, 'no2': 13769, 'o3': 13749}, 'pm': {'pm1': 13212, 'pm10': 13214, 'pm25': 13213}}",3.64,24.14,30.08,2.09,15.11,2.62,618510113,33.3,MOD-00617,24.2,2026-02-26T01:51:20,2026-02-25T17:51:20,https://api.quant-aq.com/v1/devices/MOD-00617/data/618509962
2102.69,987.96,"{'lat': None, 'lon': None}","{'rh': 33.4, 'temp': 24.2, 'wd': 0.0, 'ws': 0.0, 'ws_scalar': 0.0}","{'gas': {'co': 13502, 'co2': 13264, 'no': 13590, 'no2': 13769, 'o3': 13749}, 'pm': {'pm1': 13212, 'pm10': 13214, 'pm25': 13213}}",3.67,22.98,30.31,2.1,9.14,2.68,618507942,33.4,MOD-00617,24.2,2026-02-26T01:50:20,2026-02-25T17:50:20,https://api.quant-aq.com/v1/devices/MOD-00617/data/618507790
2094.39,988.56,"{'lat': None, 'lon': None}","{'rh': 34.1, 'temp': 24.2, 'wd': 0.0, 'ws': 0.0, 'ws_scalar': 0.0}","{'gas': {'co': 13502, 'co2': 13264, 'no': 13590, 'no2': 13769, 'o3': 13749}, 'pm': {'pm1': 13212, 'pm10': 13214, 'pm25': 13213}}",3.66,25.78,32.0,2.56,23.52,3.36,618507940,34.1,MOD-00617,24.2,2026-02-26T01:49:20,2026-02-25T17:49:20,https://api.quant-aq.com/v1/devices/MOD-00617/data/618507789
2085.15,979.77,"{'lat': None, 'lon': None}","{'rh': 34.4, 'temp': 24.2, 'wd': 0.0, 'ws': 0.0, 'ws_scalar': 0.0}","{'gas': {'co': 13502, 'co2': 13264, 'no': 13590, 'no2': 13769, 'o3': 13749}, 'pm': {'pm1': 13212, 'pm10': 13214, 'pm25': 13213}}",3.64,27.19,32.73,2.43,6.65,2.83,618507939,34.4,MOD-00617,24.2,2026-02-26T01:48:20,2026-02-25T17:48:20,https://api.quant-aq.com/v1/devices/MOD-00617/data/618507788
2081.88,974.59,"{'lat': None, 'lon': None}","{'rh': 33.8, 'temp': 24.2, 'wd': 0.0, 'ws': 0.0, 'ws_scalar': 0.0}","{'gas': {'co': 13502, 'co2': 13264, 'no': 13590, 'no2': 13769, 'o3': 13749}, 'pm': {'pm1': 13212, 'pm10': 13214, 'pm25': 13213}}",3.63,27.22,32.08,2.74,9.52,3.38,618507941,33.8,MOD-00617,24.2,2026-02-26T01:47:20,2026-02-25T17:47:20,https://api.quant-aq.com/v1/devices/MOD-00617/data/618507791
2081.63,963.26,"{'lat': None, 'lon': None}","{'rh': 33.0, 'temp': 24.2, 'wd': 0.0, 'ws': 0.0, 'ws_scalar': 0.0}","{'gas': {'co': 13502, 'co2': 13264, 'no': 13590, 'no2': 13769, 'o3': 13749}, 'pm': {'pm1': 13212, 'pm10': 13214, 'pm25': 13213}}",3.59,22.56,30.43,2.33,24.43,2.73,618505818,33.0,MOD-00617,24.2,2026-02-26T01:46:20,2026-02-25T17:46:20,https://api.quant-aq.com/v1/devices/MOD-00617/data/618505667
2085.59,975.79,"{'lat': None, 'lon': None}","{'rh': 33.2, 'temp': 24.2, 'wd': 0.0, 'ws': 0.0, 'ws_scalar': 0.0}","{'gas': {'co': 13502, 'co2': 13264, 'no': 13590, 'no2': 13769, 'o3': 13749}, 'pm': {'pm1': 13212, 'pm10': 13214, 'pm25': 13213}}",3.62,23.85,30.37,2.32,21.85,2.81,618505816,33.2,MOD-00617,24.2,2026-02-26T01:45:20,2026-02-25T17:45:20,https://api.quant-aq.com/v1/devices/MOD-00617/data/618505666
2079.5,977.36,"{'lat': None, 'lon': None}","{'rh': 33.1, 'temp': 24.2, 'wd': 0.0, 'ws': 0.0, 'ws_scalar': 0.0}","{'gas': {'co': 13502, 'co2': 13264, 'no': 13590, 'no2': 13769, 'o3': 13749}, 'pm': {'pm1': 13212, 'pm10': 13214, 'pm25': 13213}}",3.61,22.06,30.13,2.31,6.0,2.75,618505815,33.1,MOD-00617,24.2,2026-02-26T01:44:20,2026-02-25T17:44:20,https://api.quant-aq.com/v1/devices/MOD-00617/data/618505664
2082.0,995.42,"{'lat': None, 'lon': None}","{'rh': 34.2, 'temp': 24.2, 'wd': 0.0, 'ws': 0.0, 'ws_scalar': 0.0}","{'gas': {'co': 13502, 'co2': 13264, 'no': 13590, 'no2': 13769, 'o3': 13749}, 'pm': {'pm1': 13212, 'pm10': 13214, 'pm25': 13213}}",3.68,25.78,31.97,2.33,18.05,2.73,618505817,34.2,MOD-00617,24.2,2026-02-26T01:43:20,2026-02-25T17:43:20,https://api.quant-aq.com/v1/devices/MOD-00617/data/618505665
2078.58,992.53,"{'lat': None, 'lon': None}","{'rh': 34.4, 'temp': 24.2, 'wd': 0.0, 'ws': 0.0, 'ws_scalar': 0.0}","{'gas': {'co': 13502, 'co2': 13264, 'no': 13590, 'no2': 13769, 'o3': 13749}, 'pm': {'pm1': 13212, 'pm10': 13214, 'pm25': 13213}}",3.63,27.43,31.92,2.65,12.95,3.15,618503666,34.4,MOD-00617,24.2,2026-02-26T01:42:20,2026-02-25T17:42:20,https://api.quant-aq.com/v1/devices/MOD-00617/data/618503514
2069.01,991.69,"{'lat': None, 'lon': None}","{'rh': 34.0, 'temp': 24.2, 'wd': 0.0, 'ws': 0.0, 'ws_scalar': 0.0}","{'gas': {'co': 13502, 'co2': 13264, 'no': 13590, 'no2': 13769, 'o3': 13749}, 'pm': {'pm1': 13212, 'pm10': 13214, 'pm25': 13213}}",3.59,27.21,32.03,2.75,9.58,3.24,618503664,34.0,MOD-00617,24.2,2026-02-26T01:41:20,2026-02-25T17:41:20,https://api.quant-aq.com/v1/devices/MOD-00617/data/618503513
2065.81,972.3,"{'lat': None, 'lon': None}","{'rh': 33.3, 'temp': 24.2, 'wd': 0.0, 'ws': 0.0, 'ws_scalar': 0.0}","{'gas': {'co': 13502, 'co2': 13264, 'no': 13590, 'no2': 13769, 'o3': 13749}, 'pm': {'pm1': 13212, 'pm10': 13214, 'pm25': 13213}}",3.64,24.14,30.61,3.52,7.64,4.05,618503665,33.3,MOD-00617,24.2,2026-02-26T01:40:20,2026-02-25T17:40:20,https://api.quant-aq.com/v1/devices/MOD-00617/data/618503515
2060.21,961.34,"{'lat': None, 'lon': None}","{'rh': 33.1, 'temp': 24.2, 'wd': 0.0, 'ws': 0.0, 'ws_scalar': 0.0}","{'gas': {'co': 13502, 'co2': 13264, 'no': 13590, 'no2': 13769, 'o3': 13749}, 'pm': {'pm1': 13212, 'pm10': 13214, 'pm25': 13213}}",3.61,22.85,29.86,3.03,12.51,3.59,618503663,33.1,MOD-00617,24.2,2026-02-26T01:39:20,2026-02-25T17:39:20,https://api.quant-aq.com/v1/devices/MOD-00617/data/618503512
2058.48,975.67,"{'lat': None, 'lon': None}","{'rh': 33.8, 'temp': 24.2, 'wd': 0.0, 'ws': 0.0, 'ws_scalar': 0.0}","{'gas': {'co': 13502, 'co2': 13264, 'no': 13590, 'no2': 13769, 'o3': 13749}, 'pm': {'pm1': 13212, 'pm10': 13214, 'pm25': 13213}}",3.68,23.45,32.08,3.18,17.94,3.67,618501515,33.8,MOD-00617,24.2,2026-02-26T01:38:20,2026-02-25T17:38:20,https://api.quant-aq.com/v1/devices/MOD-00617/data/618501363
2058.46,998.68,"{'lat': None, 'lon': None}","{'rh': 34.4, 'temp': 24.2, 'wd': 0.0, 'ws': 0.0, 'ws_scalar': 0.0}","{'gas': {'co': 13502, 'co2': 13264, 'no': 13590, 'no2': 13769, 'o3': 13749}, 'pm': {'pm1': 13212, 'pm10': 13214, 'pm25': 13213}}",3.62,27.43,32.46,3.5,23.13,3.99,618501514,34.4,MOD-00617,24.2,2026-02-26T01:37:20,2026-02-25T17:37:20,https://api.quant-aq.com/v1/devices/MOD-00617/data/618501364
2050.89,984.1,"{'lat': None, 'lon': None}","{'rh': 33.5, 'temp': 24.2, 'wd': 0.0, 'ws': 0.0, 'ws_scalar': 0.0}","{'gas': {'co': 13502, 'co2': 13264, 'no': 13590, 'no2': 13769, 'o3': 13749}, 'pm': {'pm1': 13212, 'pm10': 13214, 'pm25': 13213}}",3.59,24.69,30.82,3.71,10.54,4.47,618501513,33.5,MOD-00617,24.2,2026-02-26T01:36:20,2026-02-25T17:36:20,https://api.quant-aq.com/v1/devices/MOD-00617/data/618501362
2049.82,997.59,"{'lat': None, 'lon': None}","{'rh': 33.7, 'temp': 24.1, 'wd': 0.0, 'ws': 0.0, 'ws_scalar': 0.0}","{'gas': {'co': 13502, 'co2': 13264, 'no': 13590, 'no2': 13769, 'o3': 13749}, 'pm': {'pm1': 13212, 'pm10': 13214, 'pm25': 13213}}",3.61,26.67,31.02,3.26,8.91,3.67,618501516,33.7,MOD-00617,24.1,2026-02-26T01:35:20,2026-02-25T17:35:20,https://api.quant-aq.com/v1/devices/MOD-00617/data/618501365
2032.58,1000.36,"{'lat': None, 'lon': None}","{'rh': 33.7, 'temp': 24.1, 'wd': 0.0, 'ws': 0.0, 'ws_scalar': 0.0}","{'gas': {'co': 13502, 'co2': 13264, 'no': 13590, 'no2': 13769, 'o3': 13749}, 'pm': {'pm1': 13212, 'pm10': 13214, 'pm25': 13213}}",3.63,25.48,31.29,3.39,24.64,3.86,618499432,33.7,MOD-00617,24.1,2026-02-26T01:34:20,2026-02-25T17:34:20,https://api.quant-aq.com/v1/devices/MOD-00617/data/618499281
2027.24,984.34,"{'lat': None, 'lon': None}","{'rh': 33.7, 'temp': 24.1, 'wd': 0.0, 'ws': 0.0, 'ws_scalar': 0.0}","{'gas': {'co': 13502, 'co2': 13264, 'no': 13590, 'no2': 13769, 'o3': 13749}, 'pm': {'pm1': 13212, 'pm10': 13214, 'pm25': 13213}}",3.61,26.4,31.29,3.25,8.45,3.93,618499430,33.7,MOD-00617,24.1,2026-02-26T01:33:20,2026-02-25T17:33:20,https://api.quant-aq.com/v1/devices/MOD-00617/data/618499278
2023.48,973.14,"{'lat': None, 'lon': None}","{'rh': 33.8, 'temp': 24.1, 'wd': 0.0, 'ws': 0.0, 'ws_scalar': 0.0}","{'gas': {'co': 13502, 'co2': 13264, 'no': 13590, 'no2': 13769, 'o3': 13749}, 'pm': {'pm1': 13212, 'pm10': 13214, 'pm25': 13213}}",3.59,25.19,31.26,3.31,15.89,3.79,618499431,33.8,MOD-00617,24.1,2026-02-26T01:32:20,2026-02-25T17:32:20,https://api.quant-aq.com/v1/devices/MOD-00617/data/618499280
2016.63,971.21,"{'lat': None, 'lon': None}","{'rh': 34.2, 'temp': 24.1, 'wd': 0.0, 'ws': 0.0, 'ws_scalar': 0.0}","{'gas': {'co': 13502, 'co2': 13264, 'no': 13590, 'no2': 13769, 'o3': 13749}, 'pm': {'pm1': 13212, 'pm10': 13214, 'pm25': 13213}}",3.61,26.72,32.23,3.2,8.33,3.73,618499429,34.2,MOD-00617,24.1,2026-02-26T01:31:20,2026-02-25T17:31:20,https://api.quant-aq.com/v1/devices/MOD-00617/data/618499279
2008.49,967.96,"{'lat': None, 'lon': None}","{'rh': 34.1, 'temp': 24.1, 'wd': 0.0, 'ws': 0.0, 'ws_scalar': 0.0}","{'gas': {'co': 13502, 'co2': 13264, 'no': 13590, 'no2': 13769, 'o3': 13749}, 'pm': {'pm1': 13212, 'pm10': 13214, 'pm25': 13213}}",3.61,26.72,32.52,2.5,12.65,3.11,618497277,34.1,MOD-00617,24.1,2026-02-26T01:30:20,2026-02-25T17:30:20,https://api.quant-aq.com/v1/devices/MOD-00617/data/618497127
2010.61,962.9,"{'lat': None, 'lon': None}","{'rh': 34.0, 'temp': 24.1, 'wd': 0.0, 'ws': 0.0, 'ws_scalar': 0.0}","{'gas': {'co': 13502, 'co2': 13264, 'no': 13590, 'no2': 13769, 'o3': 13749}, 'pm': {'pm1': 13212, 'pm10': 13214, 'pm25': 13213}}",3.59,26.49,33.09,2.26,20.26,2.8,618497278,34.0,MOD-00617,24.1,2026-02-26T01:29:20,2026-02-25T17:29:20,https://api.quant-aq.com/v1/devices/MOD-00617/data/618497126
2005.83,953.75,"{'lat': None, 'lon': None}","{'rh': 33.8, 'temp': 24.1, 'wd': 0.0, 'ws': 0.0, 'ws_scalar': 0.0}","{'gas': {'co': 13502, 'co2': 13264, 'no': 13590, 'no2': 13769, 'o3': 13749}, 'pm': {'pm1': 13212, 'pm10': 13214, 'pm25': 13213}}",3.61,25.55,33.94,2.95,21.28,3.58,618497280,33.8,MOD-00617,24.1,2026-02-26T01:28:20,2026-02-25T17:28:20,https://api.quant-aq.com/v1/devices/MOD-00617/data/618497129
2003.29,955.32,"{'lat': None, 'lon': None}","{'rh': 33.9, 'temp': 24.1, 'wd': 0.0, 'ws': 0.0, 'ws_scalar': 0.0}","{'gas': {'co': 13502, 'co2': 13264, 'no': 13590, 'no2': 13769, 'o3': 13749}, 'pm': {'pm1': 13212, 'pm10': 13214, 'pm25': 13213}}",3.58,26.73,34.19,2.72,12.77,3.26,618497279,33.9,MOD-00617,24.1,2026-02-26T01:27:20,2026-02-25T17:27:20,https://api.quant-aq.com/v1/devices/MOD-00617/data/618497128
2009.78,927.97,"{'lat': None, 'lon': None}","{'rh': 32.7, 'temp': 24.0, 'wd': 0.0, 'ws': 0.0, 'ws_scalar': 0.0}","{'gas': {'co': 13502, 'co2': 13264, 'no': 13590, 'no2': 13769, 'o3': 13749}, 'pm': {'pm1': 13212, 'pm10': 13214, 'pm25': 13213}}",2.66,26.54,32.34,3.16,17.98,3.68,618495144,32.7,MOD-00617,24.0,2026-02-26T01:26:20,2026-02-25T17:26:20,https://api.quant-aq.com/v1/devices/MOD-00617/data/618494992
2008.37,917.01,"{'lat': None, 'lon': None}","{'rh': 31.8, 'temp': 24.0, 'wd': 0.0, 'ws': 0.0, 'ws_scalar': 0.0}","{'gas': {'co': 13502, 'co2': 13264, 'no': 13590, 'no2': 13769, 'o3': 13749}, 'pm': {'pm1': 13212, 'pm10': 13214, 'pm25': 13213}}",2.6,24.44,31.78,2.87,13.71,3.42,618495143,31.8,MOD-00617,24.0,2026-02-26T01:25:20,2026-02-25T17:25:20,https://api.quant-aq.com/v1/devices/MOD-00617/data/618494993
2013.68,922.31,"{'lat': None, 'lon': None}","{'rh': 33.0, 'temp': 24.0, 'wd': 0.0, 'ws': 0.0, 'ws_scalar': 0.0}","{'gas': {'co': 13502, 'co2': 13264, 'no': 13590, 'no2': 13769, 'o3': 13749}, 'pm': {'pm1': 13212, 'pm10': 13214, 'pm25': 13213}}",3.6,26.76,34.66,3.13,16.82,3.6,618495141,33.0,MOD-00617,24.0,2026-02-26T01:24:20,2026-02-25T17:24:20,https://api.quant-aq.com/v1/devices/MOD-00617/data/618494990
2002.61,916.77,"{'lat': None, 'lon': None}","{'rh': 32.4, 'temp': 24.0, 'wd': 0.0, 'ws': 0.0, 'ws_scalar': 0.0}","{'gas': {'co': 13502, 'co2': 13264, 'no': 13590, 'no2': 13769, 'o3': 13749}, 'pm': {'pm1': 13212, 'pm10': 13214, 'pm25': 13213}}",2.67,25.6,34.02,2.91,12.82,3.32,618495142,32.4,MOD-00617,24.0,2026-02-26T01:23:20,2026-02-25T17:23:20,https://api.quant-aq.com/v1/devices/MOD-00617/data/618494991
2007.98,896.42,"{'lat': None, 'lon': None}","{'rh': 31.2, 'temp': 24.0, 'wd': 0.0, 'ws': 0.0, 'ws_scalar': 0.0}","{'gas': {'co': 13502, 'co2': 13264, 'no': 13590, 'no2': 13769, 'o3': 13749}, 'pm': {'pm1': 13212, 'pm10': 13214, 'pm25': 13213}}",2.34,26.13,33.0,3.05,9.41,3.41,618493002,31.2,MOD-00617,24.0,2026-02-26T01:22:20,2026-02-25T17:22:20,https://api.quant-aq.com/v1/devices/MOD-00617/data/618492852
2017.84,886.3,"{'lat': None, 'lon': None}","{'rh': 30.6, 'temp': 24.0, 'wd': 0.0, 'ws': 0.0, 'ws_scalar': 0.0}","{'gas': {'co': 13502, 'co2': 13264, 'no': 13590, 'no2': 13769, 'o3': 13749}, 'pm': {'pm1': 13212, 'pm10': 13214, 'pm25': 13213}}",2.34,25.68,32.89,3.33,40.94,3.83,618493004,30.6,MOD-00617,24.0,2026-02-26T01:21:20,2026-02-25T17:21:20,https://api.quant-aq.com/v1/devices/MOD-00617/data/618492853
2012.79,897.02,"{'lat': None, 'lon': None}","{'rh': 30.2, 'temp': 24.0, 'wd': 0.0, 'ws': 0.0, 'ws_scalar': 0.0}","{'gas': {'co': 13502, 'co2': 13264, 'no': 13590, 'no2': 13769, 'o3': 13749}, 'pm': {'pm1': 13212, 'pm10': 13214, 'pm25': 13213}}",2.3,21.56,32.48,3.03,21.52,3.47,618493003,30.2,MOD-00617,24.0,2026-02-26T01:20:20,2026-02-25T17:20:20,https://api.quant-aq.com/v1/devices/MOD-00617/data/618492851
2017.04,882.21,"{'lat': None, 'lon': None}","{'rh': 30.0, 'temp': 24.0, 'wd': 0.0, 'ws': 0.0, 'ws_scalar': 0.0}","{'gas': {'co': 13502, 'co2': 13264, 'no': 13590, 'no2': 13769, 'o3': 13749}, 'pm': {'pm1': 13212, 'pm10': 13214, 'pm25': 13213}}",2.29,21.88,31.74,3.72,11.94,4.17,618493001,30.0,MOD-00617,24.0,2026-02-26T01:19:20,2026-02-25T17:19:20,https://api.quant-aq.com/v1/devices/MOD-00617/data/618492850
2021.28,868.23,"{'lat': None, 'lon': None}","{'rh': 29.8, 'temp': 24.0, 'wd': 0.0, 'ws': 0.0, 'ws_scalar': 0.0}","{'gas': {'co': 13502, 'co2': 13264, 'no': 13590, 'no2': 13769, 'o3': 13749}, 'pm': {'pm1': 13212, 'pm10': 13214, 'pm25': 13213}}",2.28,22.14,32.32,3.79,47.23,4.33,618490826,29.8,MOD-00617,24.0,2026-02-26T01:18:20,2026-02-25T17:18:20,https://api.quant-aq.com/v1/devices/MOD-00617/data/618490675
2020.46,869.8,"{'lat': None, 'lon': None}","{'rh': 29.8, 'temp': 24.0, 'wd': 0.0, 'ws': 0.0, 'ws_scalar': 0.0}","{'gas': {'co': 13502, 'co2': 13264, 'no': 13590, 'no2': 13769, 'o3': 13749}, 'pm': {'pm1': 13212, 'pm10': 13214, 'pm25': 13213}}",2.27,21.46,31.54,3.5,14.88,4.23,618490823,29.8,MOD-00617,24.0,2026-02-26T01:17:20,2026-02-25T17:17:20,https://api.quant-aq.com/v1/devices/MOD-00617/data/618490672
2030.05,869.56,"{'lat': None, 'lon': None}","{'rh': 29.6, 'temp': 24.0, 'wd': 0.0, 'ws': 0.0, 'ws_scalar': 0.0}","{'gas': {'co': 13502, 'co2': 13264, 'no': 13590, 'no2': 13769, 'o3': 13749}, 'pm': {'pm1': 13212, 'pm10': 13214, 'pm25': 13213}}",2.27,13.27,31.59,3.8,34.0,4.24,618490825,29.6,MOD-00617,24.0,2026-02-26T01:16:20,2026-02-25T17:16:20,https://api.quant-aq.com/v1/devices/MOD-00617/data/618490674
2006.24,859.2,"{'lat': None, 'lon': None}","{'rh': 29.6, 'temp': 24.0, 'wd': 0.0, 'ws': 0.0, 'ws_scalar': 0.0}","{'gas': {'co': 13502, 'co2': 13264, 'no': 13590, 'no2': 13769, 'o3': 13749}, 'pm': {'pm1': 13212, 'pm10': 13214, 'pm25': 13213}}",2.26,13.27,31.59,4.0,18.9,4.45,618490824,29.6,MOD-00617,24.0,2026-02-26T01:15:20,2026-02-25T17:15:20,https://api.quant-aq.com/v1/devices/MOD-00617/data/618490673
1968.88,864.38,"{'lat': None, 'lon': None}","{'rh': 29.6, 'temp': 24.0, 'wd': 0.0, 'ws': 0.0, 'ws_scalar': 0.0}","{'gas': {'co': 13502, 'co2': 13264, 'no': 13590, 'no2': 13769, 'o3': 13749}, 'pm': {'pm1': 13212, 'pm10': 13214, 'pm25': 13213}}",2.27,13.26,31.59,3.65,40.15,3.97,618488695,29.6,MOD-00617,24.0,2026-02-26T01:14:20,2026-02-25T17:14:20,https://api.quant-aq.com/v1/devices/MOD-00617/data/618488544
1969.51,846.43,"{'lat': None, 'lon': None}","{'rh': 29.3, 'temp': 24.0, 'wd': 0.0, 'ws': 0.0, 'ws_scalar': 0.0}","{'gas': {'co': 13502, 'co2': 13264, 'no': 13590, 'no2': 13769, 'o3': 13749}, 'pm': {'pm1': 13212, 'pm10': 13214, 'pm25': 13213}}",2.16,13.58,31.15,2.85,25.11,3.13,618488692,29.3,MOD-00617,24.0,2026-02-26T01:13:20,2026-02-25T17:13:20,https://api.quant-aq.com/v1/devices/MOD-00617/data/618488541
1982.98,852.94,"{'lat': None, 'lon': None}","{'rh': 29.4, 'temp': 24.0, 'wd': 0.0, 'ws': 0.0, 'ws_scalar': 0.0}","{'gas': {'co': 13502, 'co2': 13264, 'no': 13590, 'no2': 13769, 'o3': 13749}, 'pm': {'pm1': 13212, 'pm10': 13214, 'pm25': 13213}}",2.16,13.53,30.86,2.97,22.11,3.62,618488694,29.4,MOD-00617,24.0,2026-02-26T01:12:20,2026-02-25T17:12:20,https://api.quant-aq.com/v1/devices/MOD-00617/data/618488543
1979.82,864.5,"{'lat': None, 'lon': None}","{'rh': 29.8, 'temp': 24.0, 'wd': 0.0, 'ws': 0.0, 'ws_scalar': 0.0}","{'gas': {'co': 13502, 'co2': 13264, 'no': 13590, 'no2': 13769, 'o3': 13749}, 'pm': {'pm1': 13212, 'pm10': 13214, 'pm25': 13213}}",2.27,13.22,31.54,2.24,23.18,2.6,618488693,29.8,MOD-00617,24.0,2026-02-26T01:11:20,2026-02-25T17:11:20,https://api.quant-aq.com/v1/devices/MOD-00617/data/618488542
1984.68,857.63,"{'lat': None, 'lon': None}","{'rh': 29.9, 'temp': 24.0, 'wd': 0.0, 'ws': 0.0, 'ws_scalar': 0.0}","{'gas': {'co': 13502, 'co2': 13264, 'no': 13590, 'no2': 13769, 'o3': 13749}, 'pm': {'pm1': 13212, 'pm10': 13214, 'pm25': 13213}}",2.28,21.84,31.51,2.23,8.55,2.38,618486542,29.9,MOD-00617,24.0,2026-02-26T01:10:20,2026-02-25T17:10:20,https://api.quant-aq.com/v1/devices/MOD-00617/data/618486391
1989.6,867.27,"{'lat': None, 'lon': None}","{'rh': 29.9, 'temp': 24.0, 'wd': 0.0, 'ws': 0.0, 'ws_scalar': 0.0}","{'gas': {'co': 13502, 'co2': 13264, 'no': 13590, 'no2': 13769, 'o3': 13749}, 'pm': {'pm1': 13212, 'pm10': 13214, 'pm25': 13213}}",2.28,13.19,31.51,2.53,8.32,2.92,618486544,29.9,MOD-00617,24.0,2026-02-26T01:09:20,2026-02-25T17:09:20,https://api.quant-aq.com/v1/devices/MOD-00617/data/618486393
1978.86,870.16,"{'lat': None, 'lon': None}","{'rh': 30.0, 'temp': 24.0, 'wd': 0.0, 'ws': 0.0, 'ws_scalar': 0.0}","{'gas': {'co': 13502, 'co2': 13264, 'no': 13590, 'no2': 13769, 'o3': 13749}, 'pm': {'pm1': 13212, 'pm10': 13214, 'pm25': 13213}}",2.29,13.15,32.01,1.89,12.96,2.32,618486545,30.0,MOD-00617,24.0,2026-02-26T01:08:20,2026-02-25T17:08:20,https://api.quant-aq.com/v1/devices/MOD-00617/data/618486394
1978.93,864.62,"{'lat': None, 'lon': None}","{'rh': 29.9, 'temp': 24.0, 'wd': 0.0, 'ws': 0.0, 'ws_scalar': 0.0}","{'gas': {'co': 13502, 'co2': 13264, 'no': 13590, 'no2': 13769, 'o3': 13749}, 'pm': {'pm1': 13212, 'pm10': 13214, 'pm25': 13213}}",2.29,13.18,31.51,1.59,20.16,1.98,618486543,29.9,MOD-00617,24.0,2026-02-26T01:07:20,2026-02-25T17:07:20,https://api.quant-aq.com/v1/devices/MOD-00617/data/618486392
1986.18,869.68,"{'lat': None, 'lon': None}","{'rh': 30.1, 'temp': 24.0, 'wd': 0.0, 'ws': 0.0, 'ws_scalar': 0.0}","{'gas': {'co': 13502, 'co2': 13264, 'no': 13590, 'no2': 13769, 'o3': 13749}, 'pm': {'pm1': 13212, 'pm10': 13214, 'pm25': 13213}}",2.29,13.11,31.72,2.1,45.71,2.38,618484372,30.1,MOD-00617,24.0,2026-02-26T01:06:20,2026-02-25T17:06:20,https://api.quant-aq.com/v1/devices/MOD-00617/data/618484221
1986.66,865.7,"{'lat': None, 'lon': None}","{'rh': 30.0, 'temp': 24.0, 'wd': 0.0, 'ws': 0.0, 'ws_scalar': 0.0}","{'gas': {'co': 13502, 'co2': 13264, 'no': 13590, 'no2': 13769, 'o3': 13749}, 'pm': {'pm1': 13212, 'pm10': 13214, 'pm25': 13213}}",2.29,13.15,32.01,1.86,10.48,2.32,618484373,30.0,MOD-00617,24.0,2026-02-26T01:05:20,2026-02-25T17:05:20,https://api.quant-aq.com/v1/devices/MOD-00617/data/618484222
1990.14,870.28,"{'lat': None, 'lon': None}","{'rh': 30.3, 'temp': 24.0, 'wd': 0.0, 'ws': 0.0, 'ws_scalar': 0.0}","{'gas': {'co': 13502, 'co2': 13264, 'no': 13590, 'no2': 13769, 'o3': 13749}, 'pm': {'pm1': 13212, 'pm10': 13214, 'pm25': 13213}}",2.31,11.63,32.71,1.98,17.41,2.26,618484370,30.3,MOD-00617,24.0,2026-02-26T01:04:20,2026-02-25T17:04:20,https://api.quant-aq.com/v1/devices/MOD-00617/data/618484219
1975.17,855.47,"{'lat': None, 'lon': None}","{'rh': 30.0, 'temp': 24.0, 'wd': 0.0, 'ws': 0.0, 'ws_scalar': 0.0}","{'gas': {'co': 13502, 'co2': 13264, 'no': 13590, 'no2': 13769, 'o3': 13749}, 'pm': {'pm1': 13212, 'pm10': 13214, 'pm25': 13213}}",2.29,21.17,32.27,1.79,18.11,2.34,618484371,30.0,MOD-00617,24.0,2026-02-26T01:03:20,2026-02-25T17:03:20,https://api.quant-aq.com/v1/devices/MOD-00617/data/618484220
1978.18,855.95,"{'lat': None, 'lon': None}","{'rh': 29.8, 'temp': 24.0, 'wd': 0.0, 'ws': 0.0, 'ws_scalar': 0.0}","{'gas': {'co': 13502, 'co2': 13264, 'no': 13590, 'no2': 13769, 'o3': 13749}, 'pm': {'pm1': 13212, 'pm10': 13214, 'pm25': 13213}}",2.28,13.22,31.54,1.65,23.33,2.2,618482230,29.8,MOD-00617,24.0,2026-02-26T01:02:20,2026-02-25T17:02:20,https://api.quant-aq.com/v1/devices/MOD-00617/data/618482078
1981.63,853.9,"{'lat': None, 'lon': None}","{'rh': 30.0, 'temp': 23.9, 'wd': 0.0, 'ws': 0.0, 'ws_scalar': 0.0}","{'gas': {'co': 13502, 'co2': 13264, 'no': 13590, 'no2': 13769, 'o3': 13749}, 'pm': {'pm1': 13212, 'pm10': 13214, 'pm25': 13213}}",2.3,13.17,31.99,1.51,20.48,1.99,618482229,30.0,MOD-00617,23.9,2026-02-26T01:01:20,2026-02-25T17:01:20,https://api.quant-aq.com/v1/devices/MOD-00617/data/618482079
2001.95,845.71,"{'lat': None, 'lon': None}","{'rh': 29.7, 'temp': 23.9, 'wd': 0.0, 'ws': 0.0, 'ws_scalar': 0.0}","{'gas': {'co': 13502, 'co2': 13264, 'no': 13590, 'no2': 13769, 'o3': 13749}, 'pm': {'pm1': 13212, 'pm10': 13214, 'pm25': 13213}}",2.29,13.26,31.55,1.84,22.94,2.36,618482228,29.7,MOD-00617,23.9,2026-02-26T01:00:20,2026-02-25T17:00:20,https://api.quant-aq.com/v1/devices/MOD-00617/data/618482077
2021.37,855.59,"{'lat': None, 'lon': None}","{'rh': 30.1, 'temp': 23.9, 'wd': 0.0, 'ws': 0.0, 'ws_scalar': 0.0}","{'gas': {'co': 13502, 'co2': 13264, 'no': 13590, 'no2': 13769, 'o3': 13749}, 'pm': {'pm1': 13212, 'pm10': 13214, 'pm25': 13213}}",2.3,13.13,31.44,2.67,21.42,3.16,618482227,30.1,MOD-00617,23.9,2026-02-26T00:59:20,2026-02-25T16:59:20,https://api.quant-aq.com/v1/devices/MOD-00617/data/618482076
1991.96,852.09,"{'lat': None, 'lon': None}","{'rh': 29.9, 'temp': 23.9, 'wd': 0.0, 'ws': 0.0, 'ws_scalar': 0.0}","{'gas': {'co': 13502, 'co2': 13264, 'no': 13590, 'no2': 13769, 'o3': 13749}, 'pm': {'pm1': 13212, 'pm10': 13214, 'pm25': 13213}}",2.29,13.2,31.75,2.01,4.77,2.48,618480072,29.9,MOD-00617,23.9,2026-02-26T00:58:20,2026-02-25T16:58:20,https://api.quant-aq.com/v1/devices/MOD-00617/data/618479921
2002.97,858.0,"{'lat': None, 'lon': None}","{'rh': 30.0, 'temp': 23.9, 'wd': 0.0, 'ws': 0.0, 'ws_scalar': 0.0}","{'gas': {'co': 13502, 'co2': 13264, 'no': 13590, 'no2': 13769, 'o3': 13749}, 'pm': {'pm1': 13212, 'pm10': 13214, 'pm25': 13213}}",2.29,13.17,31.2,2.19,41.9,2.67,618480075,30.0,MOD-00617,23.9,2026-02-26T00:57:20,2026-02-25T16:57:20,https://api.quant-aq.com/v1/devices/MOD-00617/data/618479924
2007.69,864.02,"{'lat': None, 'lon': None}","{'rh': 30.3, 'temp': 23.9, 'wd': 0.0, 'ws': 0.0, 'ws_scalar': 0.0}","{'gas': {'co': 13502, 'co2': 13264, 'no': 13590, 'no2': 13769, 'o3': 13749}, 'pm': {'pm1': 13212, 'pm10': 13214, 'pm25': 13213}}",2.33,21.49,31.64,2.29,41.47,2.79,618480074,30.3,MOD-00617,23.9,2026-02-26T00:56:20,2026-02-25T16:56:20,https://api.quant-aq.com/v1/devices/MOD-00617/data/618479923
2009.81,870.4,"{'lat': None, 'lon': None}","{'rh': 30.2, 'temp': 23.9, 'wd': 0.0, 'ws': 0.0, 'ws_scalar': 0.0}","{'gas': {'co': 13502, 'co2': 13264, 'no': 13590, 'no2': 13769, 'o3': 13749}, 'pm': {'pm1': 13212, 'pm10': 13214, 'pm25': 13213}}",2.3,13.08,31.67,2.2,18.8,2.53,618480073,30.2,MOD-00617,23.9,2026-02-26T00:55:20,2026-02-25T16:55:20,https://api.quant-aq.com/v1/devices/MOD-00617/data/618479922
2011.65,876.3,"{'lat': None, 'lon': None}","{'rh': 30.5, 'temp': 23.9, 'wd': 0.0, 'ws': 0.0, 'ws_scalar': 0.0}","{'gas': {'co': 13502, 'co2': 13264, 'no': 13590, 'no2': 13769, 'o3': 13749}, 'pm': {'pm1': 13212, 'pm10': 13214, 'pm25': 13213}}",2.33,17.38,32.12,2.62,43.89,3.12,618477977,30.5,MOD-00617,23.9,2026-02-26T00:54:20,2026-02-25T16:54:20,https://api.quant-aq.com/v1/devices/MOD-00617/data/618477826
2015.0,868.59,"{'lat': None, 'lon': None}","{'rh': 30.4, 'temp': 23.9, 'wd': 0.0, 'ws': 0.0, 'ws_scalar': 0.0}","{'gas': {'co': 13502, 'co2': 13264, 'no': 13590, 'no2': 13769, 'o3': 13749}, 'pm': {'pm1': 13212, 'pm10': 13214, 'pm25': 13213}}",2.32,21.5,32.14,2.57,21.44,3.04,618477978,30.4,MOD-00617,23.9,2026-02-26T00:53:20,2026-02-25T16:53:20,https://api.quant-aq.com/v1/devices/MOD-00617/data/618477827
2023.62,871.61,"{'lat': None, 'lon': None}","{'rh': 30.4, 'temp': 23.9, 'wd': 0.0, 'ws': 0.0, 'ws_scalar': 0.0}","{'gas': {'co': 13502, 'co2': 13264, 'no': 13590, 'no2': 13769, 'o3': 13749}, 'pm': {'pm1': 13212, 'pm10': 13214, 'pm25': 13213}}",2.33,21.89,32.41,3.0,14.08,3.32,618477976,30.4,MOD-00617,23.9,2026-02-26T00:52:20,2026-02-25T16:52:20,https://api.quant-aq.com/v1/devices/MOD-00617/data/618477825
2023.55,865.58,"{'lat': None, 'lon': None}","{'rh': 30.5, 'temp': 23.9, 'wd': 0.0, 'ws': 0.0, 'ws_scalar': 0.0}","{'gas': {'co': 13502, 'co2': 13264, 'no': 13590, 'no2': 13769, 'o3': 13749}, 'pm': {'pm1': 13212, 'pm10': 13214, 'pm25': 13213}}",2.33,24.72,31.85,2.37,22.46,2.85,618477974,30.5,MOD-00617,23.9,2026-02-26T00:51:20,2026-02-25T16:51:20,https://api.quant-aq.com/v1/devices/MOD-00617/data/618477823
2031.87,863.54,"{'lat': None, 'lon': None}","{'rh': 30.2, 'temp': 23.8, 'wd': 0.0, 'ws': 0.0, 'ws_scalar': 0.0}","{'gas': {'co': 13502, 'co2': 13264, 'no': 13590, 'no2': 13769, 'o3': 13749}, 'pm': {'pm1': 13212, 'pm10': 13214, 'pm25': 13213}}",2.31,21.34,31.65,2.07,14.59,2.39,618475829,30.2,MOD-00617,23.8,2026-02-26T00:50:20,2026-02-25T16:50:20,https://api.quant-aq.com/v1/devices/MOD-00617/data/618475678
2031.24,874.74,"{'lat': None, 'lon': None}","{'rh': 30.5, 'temp': 23.8, 'wd': 0.0, 'ws': 0.0, 'ws_scalar': 0.0}","{'gas': {'co': 13502, 'co2': 13264, 'no': 13590, 'no2': 13769, 'o3': 13749}, 'pm': {'pm1': 13212, 'pm10': 13214, 'pm25': 13213}}",2.38,19.35,32.1,2.09,5.71,2.5,618475827,30.5,MOD-00617,23.8,2026-02-26T00:49:20,2026-02-25T16:49:20,https://api.quant-aq.com/v1/devices/MOD-00617/data/618475676
2034.87,859.68,"{'lat': None, 'lon': None}","{'rh': 30.6, 'temp': 23.8, 'wd': 0.0, 'ws': 0.0, 'ws_scalar': 0.0}","{'gas': {'co': 13502, 'co2': 13264, 'no': 13590, 'no2': 13769, 'o3': 13749}, 'pm': {'pm1': 13212, 'pm10': 13214, 'pm25': 13213}}",2.39,24.48,32.34,2.49,17.23,2.92,618475828,30.6,MOD-00617,23.8,2026-02-26T00:48:20,2026-02-25T16:48:20,https://api.quant-aq.com/v1/devices/MOD-00617/data/618475677
2042.13,839.21,"{'lat': None, 'lon': None}","{'rh': 30.2, 'temp': 23.8, 'wd': 0.0, 'ws': 0.0, 'ws_scalar': 0.0}","{'gas': {'co': 13502, 'co2': 13264, 'no': 13590, 'no2': 13769, 'o3': 13749}, 'pm': {'pm1': 13212, 'pm10': 13214, 'pm25': 13213}}",2.32,20.94,31.65,2.38,15.25,2.72,618475826,30.2,MOD-00617,23.8,2026-02-26T00:47:20,2026-02-25T16:47:20,https://api.quant-aq.com/v1/devices/MOD-00617/data/618475675
2044.45,851.73,"{'lat': None, 'lon': None}","{'rh': 30.4, 'temp': 23.8, 'wd': 0.0, 'ws': 0.0, 'ws_scalar': 0.0}","{'gas': {'co': 13502, 'co2': 13264, 'no': 13590, 'no2': 13769, 'o3': 13749}, 'pm': {'pm1': 13212, 'pm10': 13214, 'pm25': 13213}}",2.37,24.49,32.13,2.55,37.98,2.94,618473706,30.4,MOD-00617,23.8,2026-02-26T00:46:20,2026-02-25T16:46:20,https://api.quant-aq.com/v1/devices/MOD-00617/data/618473555
2045.34,846.55,"{'lat': None, 'lon': None}","{'rh': 30.3, 'temp': 23.8, 'wd': 0.0, 'ws': 0.0, 'ws_scalar': 0.0}","{'gas': {'co': 13502, 'co2': 13264, 'no': 13590, 'no2': 13769, 'o3': 13749}, 'pm': {'pm1': 13212, 'pm10': 13214, 'pm25': 13213}}",2.33,22.91,31.89,2.38,17.84,2.74,618473705,30.3,MOD-00617,23.8,2026-02-26T00:45:20,2026-02-25T16:45:20,https://api.quant-aq.com/v1/devices/MOD-00617/data/618473554
2045.75,838.48,"{'lat': None, 'lon': None}","{'rh': 30.3, 'temp': 23.8, 'wd': 0.0, 'ws': 0.0, 'ws_scalar': 0.0}","{'gas': {'co': 13502, 'co2': 13264, 'no': 13590, 'no2': 13769, 'o3': 13749}, 'pm': {'pm1': 13212, 'pm10': 13214, 'pm25': 13213}}",2.34,22.18,32.15,1.97,16.36,2.3,618473704,30.3,MOD-00617,23.8,2026-02-26T00:44:20,2026-02-25T16:44:20,https://api.quant-aq.com/v1/devices/MOD-00617/data/618473553
2048.15,836.68,"{'lat': None, 'lon': None}","{'rh': 30.4, 'temp': 23.8, 'wd': 0.0, 'ws': 0.0, 'ws_scalar': 0.0}","{'gas': {'co': 13502, 'co2': 13264, 'no': 13590, 'no2': 13769, 'o3': 13749}, 'pm': {'pm1': 13212, 'pm10': 13214, 'pm25': 13213}}",2.37,24.49,31.6,1.97,6.23,2.32,618473703,30.4,MOD-00617,23.8,2026-02-26T00:43:20,2026-02-25T16:43:20,https://api.quant-aq.com/v1/devices/MOD-00617/data/618473552
2041.1,839.21,"{'lat': None, 'lon': None}","{'rh': 30.5, 'temp': 23.8, 'wd': 0.0, 'ws': 0.0, 'ws_scalar': 0.0}","{'gas': {'co': 13502, 'co2': 13264, 'no': 13590, 'no2': 13769, 'o3': 13749}, 'pm': {'pm1': 13212, 'pm10': 13214, 'pm25': 13213}}",2.38,24.48,32.1,2.04,20.61,2.25,618471572,30.5,MOD-00617,23.8,2026-02-26T00:42:20,2026-02-25T16:42:20,https://api.quant-aq.com/v1/devices/MOD-00617/data/618471421
2047.56,837.4,"{'lat': None, 'lon': None}","{'rh': 30.5, 'temp': 23.7, 'wd': 0.0, 'ws': 0.0, 'ws_scalar': 0.0}","{'gas': {'co': 13502, 'co2': 13264, 'no': 13590, 'no2': 13769, 'o3': 13749}, 'pm': {'pm1': 13212, 'pm10': 13214, 'pm25': 13213}}",2.39,24.95,31.82,2.19,13.51,2.6,618471569,30.5,MOD-00617,23.7,2026-02-26T00:41:20,2026-02-25T16:41:20,https://api.quant-aq.com/v1/devices/MOD-00617/data/618471418
2052.22,830.29,"{'lat': None, 'lon': None}","{'rh': 30.3, 'temp': 23.7, 'wd': 0.0, 'ws': 0.0, 'ws_scalar': 0.0}","{'gas': {'co': 13502, 'co2': 13264, 'no': 13590, 'no2': 13769, 'o3': 13749}, 'pm': {'pm1': 13212, 'pm10': 13214, 'pm25': 13213}}",2.37,24.72,32.14,2.36,9.9,2.68,618471570,30.3,MOD-00617,23.7,2026-02-26T00:40:20,2026-02-25T16:40:20,https://api.quant-aq.com/v1/devices/MOD-00617/data/618471419
2053.72,841.13,"{'lat': None, 'lon': None}","{'rh': 30.5, 'temp': 23.7, 'wd': 0.0, 'ws': 0.0, 'ws_scalar': 0.0}","{'gas': {'co': 13502, 'co2': 13264, 'no': 13590, 'no2': 13769, 'o3': 13749}, 'pm': {'pm1': 13212, 'pm10': 13214, 'pm25': 13213}}",2.39,25.19,31.56,2.19,13.25,2.5,618471571,30.5,MOD-00617,23.7,2026-02-26T00:39:20,2026-02-25T16:39:20,https://api.quant-aq.com/v1/devices/MOD-00617/data/618471420
2043.38,839.81,"{'lat': None, 'lon': None}","{'rh': 30.6, 'temp': 23.7, 'wd': 0.0, 'ws': 0.0, 'ws_scalar': 0.0}","{'gas': {'co': 13502, 'co2': 13264, 'no': 13590, 'no2': 13769, 'o3': 13749}, 'pm': {'pm1': 13212, 'pm10': 13214, 'pm25': 13213}}",2.39,24.95,32.06,2.23,13.51,2.58,618469387,30.6,MOD-00617,23.7,2026-02-26T00:38:20,2026-02-25T16:38:20,https://api.quant-aq.com/v1/devices/MOD-00617/data/618469236
2052.89,833.06,"{'lat': None, 'lon': None}","{'rh': 30.5, 'temp': 23.7, 'wd': 0.0, 'ws': 0.0, 'ws_scalar': 0.0}","{'gas': {'co': 13502, 'co2': 13264, 'no': 13590, 'no2': 13769, 'o3': 13749}, 'pm': {'pm1': 13212, 'pm10': 13214, 'pm25': 13213}}",2.39,25.19,31.29,2.37,5.89,2.79,618469389,30.5,MOD-00617,23.7,2026-02-26T00:37:20,2026-02-25T16:37:20,https://api.quant-aq.com/v1/devices/MOD-00617/data/618469237
2051.86,852.58,"{'lat': None, 'lon': None}","{'rh': 30.8, 'temp': 23.7, 'wd': 0.0, 'ws': 0.0, 'ws_scalar': 0.0}","{'gas': {'co': 13502, 'co2': 13264, 'no': 13590, 'no2': 13769, 'o3': 13749}, 'pm': {'pm1': 13212, 'pm10': 13214, 'pm25': 13213}}",2.4,24.94,32.27,1.79,6.4,2.12,618469386,30.8,MOD-00617,23.7,2026-02-26T00:36:20,2026-02-25T16:36:20,https://api.quant-aq.com/v1/devices/MOD-00617/data/618469235
2058.91,843.3,"{'lat': None, 'lon': None}","{'rh': 30.7, 'temp': 23.7, 'wd': 0.0, 'ws': 0.0, 'ws_scalar': 0.0}","{'gas': {'co': 13502, 'co2': 13264, 'no': 13590, 'no2': 13769, 'o3': 13749}, 'pm': {'pm1': 13212, 'pm10': 13214, 'pm25': 13213}}",2.4,25.18,31.5,2.14,21.44,2.41,618469388,30.7,MOD-00617,23.7,2026-02-26T00:35:20,2026-02-25T16:35:20,https://api.quant-aq.com/v1/devices/MOD-00617/data/618469238
2033.46,848.72,"{'lat': None, 'lon': None}","{'rh': 30.7, 'temp': 23.7, 'wd': 0.0, 'ws': 0.0, 'ws_scalar': 0.0}","{'gas': {'co': 13502, 'co2': 13264, 'no': 13590, 'no2': 13769, 'o3': 13749}, 'pm': {'pm1': 13212, 'pm10': 13214, 'pm25': 13213}}",2.39,24.94,31.5,2.46,18.99,2.85,618467288,30.7,MOD-00617,23.7,2026-02-26T00:34:20,2026-02-25T16:34:20,https://api.quant-aq.com/v1/devices/MOD-00617/data/618467136
2041.87,857.75,"{'lat': None, 'lon': None}","{'rh': 31.0, 'temp': 23.7, 'wd': 0.0, 'ws': 0.0, 'ws_scalar': 0.0}","{'gas': {'co': 13502, 'co2': 13264, 'no': 13590, 'no2': 13769, 'o3': 13749}, 'pm': {'pm1': 13212, 'pm10': 13214, 'pm25': 13213}}",2.4,24.22,32.21,3.08,23.54,3.42,618467289,31.0,MOD-00617,23.7,2026-02-26T00:33:20,2026-02-25T16:33:20,https://api.quant-aq.com/v1/devices/MOD-00617/data/618467138
2037.96,861.25,"{'lat': None, 'lon': None}","{'rh': 31.3, 'temp': 23.7, 'wd': 0.0, 'ws': 0.0, 'ws_scalar': 0.0}","{'gas': {'co': 13502, 'co2': 13264, 'no': 13590, 'no2': 13769, 'o3': 13749}, 'pm': {'pm1': 13212, 'pm10': 13214, 'pm25': 13213}}",2.54,26.1,32.4,2.26,19.94,2.65,618467286,31.3,MOD-00617,23.7,2026-02-26T00:32:20,2026-02-25T16:32:20,https://api.quant-aq.com/v1/devices/MOD-00617/data/618467135
2027.57,849.44,"{'lat': None, 'lon': None}","{'rh': 30.9, 'temp': 23.7, 'wd': 0.0, 'ws': 0.0, 'ws_scalar': 0.0}","{'gas': {'co': 13502, 'co2': 13264, 'no': 13590, 'no2': 13769, 'o3': 13749}, 'pm': {'pm1': 13212, 'pm10': 13214, 'pm25': 13213}}",2.41,25.17,32.24,2.78,23.39,3.33,618467287,30.9,MOD-00617,23.7,2026-02-26T00:31:20,2026-02-25T16:31:20,https://api.quant-aq.com/v1/devices/MOD-00617/data/618467137
2020.66,837.16,"{'lat': None, 'lon': None}","{'rh': 30.8, 'temp': 23.7, 'wd': 0.0, 'ws': 0.0, 'ws_scalar': 0.0}","{'gas': {'co': 13502, 'co2': 13264, 'no': 13590, 'no2': 13769, 'o3': 13749}, 'pm': {'pm1': 13212, 'pm10': 13214, 'pm25': 13213}}",2.4,24.94,31.48,2.37,14.66,2.55,618465085,30.8,MOD-00617,23.7,2026-02-26T00:30:20,2026-02-25T16:30:20,https://api.quant-aq.com/v1/devices/MOD-00617/data/618464934
2016.22,836.07,"{'lat': None, 'lon': None}","{'rh': 30.7, 'temp': 23.7, 'wd': 0.0, 'ws': 0.0, 'ws_scalar': 0.0}","{'gas': {'co': 13502, 'co2': 13264, 'no': 13590, 'no2': 13769, 'o3': 13749}, 'pm': {'pm1': 13212, 'pm10': 13214, 'pm25': 13213}}",2.4,25.42,32.29,2.65,12.91,3.0,618465084,30.7,MOD-00617,23.7,2026-02-26T00:29:20,2026-02-25T16:29:20,https://api.quant-aq.com/v1/devices/MOD-00617/data/618464933
2031.07,834.75,"{'lat': None, 'lon': None}","{'rh': 30.6, 'temp': 23.7, 'wd': 0.0, 'ws': 0.0, 'ws_scalar': 0.0}","{'gas': {'co': 13502, 'co2': 13264, 'no': 13590, 'no2': 13769, 'o3': 13749}, 'pm': {'pm1': 13212, 'pm10': 13214, 'pm25': 13213}}",2.38,24.71,31.53,3.02,16.06,3.42,618465087,30.6,MOD-00617,23.7,2026-02-26T00:28:20,2026-02-25T16:28:20,https://api.quant-aq.com/v1/devices/MOD-00617/data/618464936
2015.66,846.55,"{'lat': None, 'lon': None}","{'rh': 30.9, 'temp': 23.7, 'wd': 0.0, 'ws': 0.0, 'ws_scalar': 0.0}","{'gas': {'co': 13502, 'co2': 13264, 'no': 13590, 'no2': 13769, 'o3': 13749}, 'pm': {'pm1': 13212, 'pm10': 13214, 'pm25': 13213}}",2.41,24.22,31.98,2.83,11.14,3.31,618465086,30.9,MOD-00617,23.7,2026-02-26T00:27:20,2026-02-25T16:27:20,https://api.quant-aq.com/v1/devices/MOD-00617/data/618464935
1958.94,862.21,"{'lat': None, 'lon': None}","{'rh': 31.0, 'temp': 23.7, 'wd': 0.0, 'ws': 0.0, 'ws_scalar': 0.0}","{'gas': {'co': 13502, 'co2': 13264, 'no': 13590, 'no2': 13769, 'o3': 13749}, 'pm': {'pm1': 13212, 'pm10': 13214, 'pm25': 13213}}",2.4,24.46,31.95,2.33,9.75,2.71,618462941,31.0,MOD-00617,23.7,2026-02-26T00:26:20,2026-02-25T16:26:20,https://api.quant-aq.com/v1/devices/MOD-00617/data/618462790
1958.32,864.62,"{'lat': None, 'lon': None}","{'rh': 31.3, 'temp': 23.7, 'wd': 0.0, 'ws': 0.0, 'ws_scalar': 0.0}","{'gas': {'co': 13502, 'co2': 13264, 'no': 13590, 'no2': 13769, 'o3': 13749}, 'pm': {'pm1': 13212, 'pm10': 13214, 'pm25': 13213}}",2.53,25.63,32.13,2.0,13.29,2.3,618462944,31.3,MOD-00617,23.7,2026-02-26T00:25:20,2026-02-25T16:25:20,https://api.quant-aq.com/v1/devices/MOD-00617/data/618462794
1966.6,862.69,"{'lat': None, 'lon': None}","{'rh': 31.2, 'temp': 23.7, 'wd': 0.0, 'ws': 0.0, 'ws_scalar': 0.0}","{'gas': {'co': 13502, 'co2': 13264, 'no': 13590, 'no2': 13769, 'o3': 13749}, 'pm': {'pm1': 13212, 'pm10': 13214, 'pm25': 13213}}",2.53,24.92,31.9,2.24,9.84,2.67,618462943,31.2,MOD-00617,23.7,2026-02-26T00:24:20,2026-02-25T16:24:20,https://api.quant-aq.com/v1/devices/MOD-00617/data/618462792
1974.06,857.15,"{'lat': None, 'lon': None}","{'rh': 31.1, 'temp': 23.7, 'wd': 0.0, 'ws': 0.0, 'ws_scalar': 0.0}","{'gas': {'co': 13502, 'co2': 13264, 'no': 13590, 'no2': 13769, 'o3': 13749}, 'pm': {'pm1': 13212, 'pm10': 13214, 'pm25': 13213}}",2.42,24.92,31.92,1.96,13.36,2.39,618462942,31.1,MOD-00617,23.7,2026-02-26T00:23:20,2026-02-25T16:23:20,https://api.quant-aq.com/v1/devices/MOD-00617/data/618462793
1982.06,864.02,"{'lat': None, 'lon': None}","{'rh': 31.4, 'temp': 23.7, 'wd': 0.0, 'ws': 0.0, 'ws_scalar': 0.0}","{'gas': {'co': 13502, 'co2': 13264, 'no': 13590, 'no2': 13769, 'o3': 13749}, 'pm': {'pm1': 13212, 'pm10': 13214, 'pm25': 13213}}",2.53,24.44,31.58,2.17,3.15,2.51,618460786,31.4,MOD-00617,23.7,2026-02-26T00:22:20,2026-02-25T16:22:20,https://api.quant-aq.com/v1/devices/MOD-00617/data/618460635
1988.2,882.08,"{'lat': None, 'lon': None}","{'rh': 32.0, 'temp': 23.7, 'wd': 0.0, 'ws': 0.0, 'ws_scalar': 0.0}","{'gas': {'co': 13502, 'co2': 13264, 'no': 13590, 'no2': 13769, 'o3': 13749}, 'pm': {'pm1': 13212, 'pm10': 13214, 'pm25': 13213}}",2.63,25.12,31.95,2.19,9.15,2.59,618460788,32.0,MOD-00617,23.7,2026-02-26T00:21:20,2026-02-25T16:21:20,https://api.quant-aq.com/v1/devices/MOD-00617/data/618460637
1992.36,892.2,"{'lat': None, 'lon': None}","{'rh': 32.5, 'temp': 23.7, 'wd': 0.0, 'ws': 0.0, 'ws_scalar': 0.0}","{'gas': {'co': 13502, 'co2': 13264, 'no': 13590, 'no2': 13769, 'o3': 13749}, 'pm': {'pm1': 13212, 'pm10': 13214, 'pm25': 13213}}",3.53,26.76,33.42,2.18,3.24,2.42,618460787,32.5,MOD-00617,23.7,2026-02-26T00:20:20,2026-02-25T16:20:20,https://api.quant-aq.com/v1/devices/MOD-00617/data/618460636
1994.77,880.16,"{'lat': None, 'lon': None}","{'rh': 32.0, 'temp': 23.7, 'wd': 0.0, 'ws': 0.0, 'ws_scalar': 0.0}","{'gas': {'co': 13502, 'co2': 13264, 'no': 13590, 'no2': 13769, 'o3': 13749}, 'pm': {'pm1': 13212, 'pm10': 13214, 'pm25': 13213}}",2.64,26.31,32.48,1.8,8.71,2.22,618460789,32.0,MOD-00617,23.7,2026-02-26T00:19:20,2026-02-25T16:19:20,https://api.quant-aq.com/v1/devices/MOD-00617/data/618460638
1988.07,875.94,"{'lat': None, 'lon': None}","{'rh': 31.6, 'temp': 23.7, 'wd': 0.0, 'ws': 0.0, 'ws_scalar': 0.0}","{'gas': {'co': 13502, 'co2': 13264, 'no': 13590, 'no2': 13769, 'o3': 13749}, 'pm': {'pm1': 13212, 'pm10': 13214, 'pm25': 13213}}",2.56,25.61,32.58,1.87,10.69,2.16,618458585,31.6,MOD-00617,23.7,2026-02-26T00:18:20,2026-02-25T16:18:20,https://api.quant-aq.com/v1/devices/MOD-00617/data/618458434
1990.88,881.84,"{'lat': None, 'lon': None}","{'rh': 31.7, 'temp': 23.7, 'wd': 0.0, 'ws': 0.0, 'ws_scalar': 0.0}","{'gas': {'co': 13502, 'co2': 13264, 'no': 13590, 'no2': 13769, 'o3': 13749}, 'pm': {'pm1': 13212, 'pm10': 13214, 'pm25': 13213}}",2.61,26.08,32.29,1.71,5.13,2.06,618458586,31.7,MOD-00617,23.7,2026-02-26T00:17:20,2026-02-25T16:17:20,https://api.quant-aq.com/v1/devices/MOD-00617/data/618458435
1988.97,871.85,"{'lat': None, 'lon': None}","{'rh': 31.5, 'temp': 23.7, 'wd': 0.0, 'ws': 0.0, 'ws_scalar': 0.0}","{'gas': {'co': 13502, 'co2': 13264, 'no': 13590, 'no2': 13769, 'o3': 13749}, 'pm': {'pm1': 13212, 'pm10': 13214, 'pm25': 13213}}",2.56,25.14,32.35,2.08,9.57,2.51,618458587,31.5,MOD-00617,23.7,2026-02-26T00:16:20,2026-02-25T16:16:20,https://api.quant-aq.com/v1/devices/MOD-00617/data/618458436
1996.91,861.97,"{'lat': None, 'lon': None}","{'rh': 31.3, 'temp': 23.7, 'wd': 0.0, 'ws': 0.0, 'ws_scalar': 0.0}","{'gas': {'co': 13502, 'co2': 13264, 'no': 13590, 'no2': 13769, 'o3': 13749}, 'pm': {'pm1': 13212, 'pm10': 13214, 'pm25': 13213}}",2.53,25.15,31.34,2.41,7.58,2.78,618458588,31.3,MOD-00617,23.7,2026-02-26T00:15:20,2026-02-25T16:15:20,https://api.quant-aq.com/v1/devices/MOD-00617/data/618458437
1996.09,868.23,"{'lat': None, 'lon': None}","{'rh': 31.3, 'temp': 23.7, 'wd': 0.0, 'ws': 0.0, 'ws_scalar': 0.0}","{'gas': {'co': 13502, 'co2': 13264, 'no': 13590, 'no2': 13769, 'o3': 13749}, 'pm': {'pm1': 13212, 'pm10': 13214, 'pm25': 13213}}",2.54,25.63,31.6,1.94,4.75,2.29,618456465,31.3,MOD-00617,23.7,2026-02-26T00:14:20,2026-02-25T16:14:20,https://api.quant-aq.com/v1/devices/MOD-00617/data/618456314
2002.58,885.82,"{'lat': None, 'lon': None}","{'rh': 31.4, 'temp': 23.7, 'wd': 0.0, 'ws': 0.0, 'ws_scalar': 0.0}","{'gas': {'co': 13502, 'co2': 13264, 'no': 13590, 'no2': 13769, 'o3': 13749}, 'pm': {'pm1': 13212, 'pm10': 13214, 'pm25': 13213}}",2.55,26.1,32.37,1.81,4.38,2.19,618456468,31.4,MOD-00617,23.7,2026-02-26T00:13:20,2026-02-25T16:13:20,https://api.quant-aq.com/v1/devices/MOD-00617/data/618456317
2005.87,895.09,"{'lat': None, 'lon': None}","{'rh': 31.4, 'temp': 23.7, 'wd': 0.0, 'ws': 0.0, 'ws_scalar': 0.0}","{'gas': {'co': 13502, 'co2': 13264, 'no': 13590, 'no2': 13769, 'o3': 13749}, 'pm': {'pm1': 13212, 'pm10': 13214, 'pm25': 13213}}",2.54,25.39,32.37,2.15,5.59,2.36,618456466,31.4,MOD-00617,23.7,2026-02-26T00:12:20,2026-02-25T16:12:20,https://api.quant-aq.com/v1/devices/MOD-00617/data/618456315
2010.79,885.46,"{'lat': None, 'lon': None}","{'rh': 31.4, 'temp': 23.7, 'wd': 0.0, 'ws': 0.0, 'ws_scalar': 0.0}","{'gas': {'co': 13502, 'co2': 13264, 'no': 13590, 'no2': 13769, 'o3': 13749}, 'pm': {'pm1': 13212, 'pm10': 13214, 'pm25': 13213}}",2.54,25.86,32.11,2.36,18.38,2.79,618456467,31.4,MOD-00617,23.7,2026-02-26T00:11:20,2026-02-25T16:11:20,https://api.quant-aq.com/v1/devices/MOD-00617/data/618456316
2013.74,885.94,"{'lat': None, 'lon': None}","{'rh': 31.3, 'temp': 23.7, 'wd': 0.0, 'ws': 0.0, 'ws_scalar': 0.0}","{'gas': {'co': 13502, 'co2': 13264, 'no': 13590, 'no2': 13769, 'o3': 13749}, 'pm': {'pm1': 13212, 'pm10': 13214, 'pm25': 13213}}",2.54,25.39,31.6,2.24,12.0,2.55,618454278,31.3,MOD-00617,23.7,2026-02-26T00:10:20,2026-02-25T16:10:20,https://api.quant-aq.com/v1/devices/MOD-00617/data/618454126
2000.19,878.83,"{'lat': None, 'lon': None}","{'rh': 31.3, 'temp': 23.7, 'wd': 0.0, 'ws': 0.0, 'ws_scalar': 0.0}","{'gas': {'co': 13502, 'co2': 13264, 'no': 13590, 'no2': 13769, 'o3': 13749}, 'pm': {'pm1': 13212, 'pm10': 13214, 'pm25': 13213}}",2.54,25.63,32.4,1.83,20.75,2.21,618454277,31.3,MOD-00617,23.7,2026-02-26T00:09:20,2026-02-25T16:09:20,https://api.quant-aq.com/v1/devices/MOD-00617/data/618454127
2005.67,867.75,"{'lat': None, 'lon': None}","{'rh': 31.1, 'temp': 23.7, 'wd': 0.0, 'ws': 0.0, 'ws_scalar': 0.0}","{'gas': {'co': 13502, 'co2': 13264, 'no': 13590, 'no2': 13769, 'o3': 13749}, 'pm': {'pm1': 13212, 'pm10': 13214, 'pm25': 13213}}",2.42,25.4,32.19,2.31,8.37,2.79,618454279,31.1,MOD-00617,23.7,2026-02-26T00:08:20,2026-02-25T16:08:20,https://api.quant-aq.com/v1/devices/MOD-00617/data/618454128
2010.4,868.23,"{'lat': None, 'lon': None}","{'rh': 30.8, 'temp': 23.7, 'wd': 0.0, 'ws': 0.0, 'ws_scalar': 0.0}","{'gas': {'co': 13502, 'co2': 13264, 'no': 13590, 'no2': 13769, 'o3': 13749}, 'pm': {'pm1': 13212, 'pm10': 13214, 'pm25': 13213}}",2.4,24.94,30.95,2.02,11.18,2.55,618454280,30.8,MOD-00617,23.7,2026-02-26T00:07:20,2026-02-25T16:07:20,https://api.quant-aq.com/v1/devices/MOD-00617/data/618454129
2018.47,883.05,"{'lat': None, 'lon': None}","{'rh': 31.0, 'temp': 23.7, 'wd': 0.0, 'ws': 0.0, 'ws_scalar': 0.0}","{'gas': {'co': 13502, 'co2': 13264, 'no': 13590, 'no2': 13769, 'o3': 13749}, 'pm': {'pm1': 13212, 'pm10': 13214, 'pm25': 13213}}",2.4,25.4,31.42,2.28,5.57,2.72,618452120,31.0,MOD-00617,23.7,2026-02-26T00:06:20,2026-02-25T16:06:20,https://api.quant-aq.com/v1/devices/MOD-00617/data/618451969
2019.56,885.7,"{'lat': None, 'lon': None}","{'rh': 31.2, 'temp': 23.7, 'wd': 0.0, 'ws': 0.0, 'ws_scalar': 0.0}","{'gas': {'co': 13502, 'co2': 13264, 'no': 13590, 'no2': 13769, 'o3': 13749}, 'pm': {'pm1': 13212, 'pm10': 13214, 'pm25': 13213}}",2.53,25.63,31.37,2.36,18.9,2.87,618452121,31.2,MOD-00617,23.7,2026-02-26T00:05:20,2026-02-25T16:05:20,https://api.quant-aq.com/v1/devices/MOD-00617/data/618451970
2028.03,902.2,"{'lat': None, 'lon': None}","{'rh': 31.4, 'temp': 23.7, 'wd': 0.0, 'ws': 0.0, 'ws_scalar': 0.0}","{'gas': {'co': 13502, 'co2': 13264, 'no': 13590, 'no2': 13769, 'o3': 13749}, 'pm': {'pm1': 13212, 'pm10': 13214, 'pm25': 13213}}",2.54,24.91,32.11,2.17,8.11,2.46,618452122,31.4,MOD-00617,23.7,2026-02-26T00:04:20,2026-02-25T16:04:20,https://api.quant-aq.com/v1/devices/MOD-00617/data/618451971
2034.05,910.63,"{'lat': None, 'lon': None}","{'rh': 31.6, 'temp': 23.7, 'wd': 0.0, 'ws': 0.0, 'ws_scalar': 0.0}","{'gas': {'co': 13502, 'co2': 13264, 'no': 13590, 'no2': 13769, 'o3': 13749}, 'pm': {'pm1': 13212, 'pm10': 13214, 'pm25': 13213}}",2.56,25.85,32.32,2.71,5.1,3.05,618452119,31.6,MOD-00617,23.7,2026-02-26T00:03:20,2026-02-25T16:03:20,https://api.quant-aq.com/v1/devices/MOD-00617/data/618451968
2041.78,915.81,"{'lat': None, 'lon': None}","{'rh': 31.7, 'temp': 23.7, 'wd': 0.0, 'ws': 0.0, 'ws_scalar': 0.0}","{'gas': {'co': 13502, 'co2': 13264, 'no': 13590, 'no2': 13769, 'o3': 13749}, 'pm': {'pm1': 13212, 'pm10': 13214, 'pm25': 13213}}",2.56,26.08,31.23,2.24,18.69,2.57,618449750,31.7,MOD-00617,23.7,2026-02-26T00:02:20,2026-02-25T16:02:20,https://api.quant-aq.com/v1/devices/MOD-00617/data/618449598
2035.76,917.01,"{'lat': None, 'lon': None}","{'rh': 31.5, 'temp': 23.7, 'wd': 0.0, 'ws': 0.0, 'ws_scalar': 0.0}","{'gas': {'co': 13502, 'co2': 13264, 'no': 13590, 'no2': 13769, 'o3': 13749}, 'pm': {'pm1': 13212, 'pm10': 13214, 'pm25': 13213}}",2.55,26.09,31.82,2.26,5.23,2.64,618449747,31.5,MOD-00617,23.7,2026-02-26T00:01:20,2026-02-25T16:01:20,https://api.quant-aq.com/v1/devices/MOD-00617/data/618449596
2042.94,926.77,"{'lat': None, 'lon': None}","{'rh': 31.8, 'temp': 23.7, 'wd': 0.0, 'ws': 0.0, 'ws_scalar': 0.0}","{'gas': {'co': 13502, 'co2': 13264, 'no': 13590, 'no2': 13769, 'o3': 13749}, 'pm': {'pm1': 13212, 'pm10': 13214, 'pm25': 13213}}",2.61,26.08,31.74,2.23,22.57,2.63,618449748,31.8,MOD-00617,23.7,2026-02-26T00:00:20,2026-02-25T16:00:20,https://api.quant-aq.com/v1/devices/MOD-00617/data/618449597
