co,co2,geo,met,model,no,no2,o3,pm1,pm10,pm25,raw_data_id,rh,sn,temp,timestamp,timestamp_local,url
365.73,506.87,"{'lat': None, 'lon': None}","{'rh': 54.5, 'temp': 9.5, 'wd': 0.0, 'ws': 0.0, 'ws_scalar': 0.0}","{'gas': {'co': 18156, 'co2': 13273, 'no': 18157, 'no2': 18158, 'o3': 18159}, 'pm': {'pm1': 13236, 'pm10': 13238, 'pm25': 13237}}",17.06,20.25,9.25,5.59,7.03,5.71,610583440,54.5,MOD-00625,9.5,2026-02-15T20:29:30,2026-02-15T12:29:30,https://api.quant-aq.com/v1/devices/MOD-00625/data/610583291
354.8,503.74,"{'lat': None, 'lon': None}","{'rh': 54.3, 'temp': 9.5, 'wd': 0.0, 'ws': 0.0, 'ws_scalar': 0.0}","{'gas': {'co': 18156, 'co2': 13273, 'no': 18157, 'no2': 18158, 'o3': 18159}, 'pm': {'pm1': 13236, 'pm10': 13238, 'pm25': 13237}}",19.97,19.38,8.93,5.99,6.81,6.11,610583438,54.3,MOD-00625,9.5,2026-02-15T20:28:30,2026-02-15T12:28:30,https://api.quant-aq.com/v1/devices/MOD-00625/data/610583290
356.1,506.87,"{'lat': None, 'lon': None}","{'rh': 54.2, 'temp': 9.5, 'wd': 0.0, 'ws': 0.0, 'ws_scalar': 0.0}","{'gas': {'co': 18156, 'co2': 13273, 'no': 18157, 'no2': 18158, 'o3': 18159}, 'pm': {'pm1': 13236, 'pm10': 13238, 'pm25': 13237}}",20.28,18.58,9.52,5.72,10.58,5.81,610583444,54.2,MOD-00625,9.5,2026-02-15T20:27:30,2026-02-15T12:27:30,https://api.quant-aq.com/v1/devices/MOD-00625/data/610583293
353.29,505.79,"{'lat': None, 'lon': None}","{'rh': 54.7, 'temp': 9.5, 'wd': 0.0, 'ws': 0.0, 'ws_scalar': 0.0}","{'gas': {'co': 18156, 'co2': 13273, 'no': 18157, 'no2': 18158, 'o3': 18159}, 'pm': {'pm1': 13236, 'pm10': 13238, 'pm25': 13237}}",19.06,18.68,8.57,6.16,7.13,6.27,610583442,54.7,MOD-00625,9.5,2026-02-15T20:26:30,2026-02-15T12:26:30,https://api.quant-aq.com/v1/devices/MOD-00625/data/610583295
357.94,507.6,"{'lat': None, 'lon': None}","{'rh': 54.5, 'temp': 9.5, 'wd': 0.0, 'ws': 0.0, 'ws_scalar': 0.0}","{'gas': {'co': 18156, 'co2': 13273, 'no': 18157, 'no2': 18158, 'o3': 18159}, 'pm': {'pm1': 13236, 'pm10': 13238, 'pm25': 13237}}",18.7,20.25,10.16,4.95,6.77,5.02,610581124,54.5,MOD-00625,9.5,2026-02-15T20:25:30,2026-02-15T12:25:30,https://api.quant-aq.com/v1/devices/MOD-00625/data/610580973
356.78,503.98,"{'lat': None, 'lon': None}","{'rh': 54.4, 'temp': 9.5, 'wd': 0.0, 'ws': 0.0, 'ws_scalar': 0.0}","{'gas': {'co': 18156, 'co2': 13273, 'no': 18157, 'no2': 18158, 'o3': 18159}, 'pm': {'pm1': 13236, 'pm10': 13238, 'pm25': 13237}}",20.31,17.88,10.08,5.13,7.84,5.3,610581122,54.4,MOD-00625,9.5,2026-02-15T20:24:30,2026-02-15T12:24:30,https://api.quant-aq.com/v1/devices/MOD-00625/data/610580972
354.32,502.9,"{'lat': None, 'lon': None}","{'rh': 54.4, 'temp': 9.5, 'wd': 0.0, 'ws': 0.0, 'ws_scalar': 0.0}","{'gas': {'co': 18156, 'co2': 13273, 'no': 18157, 'no2': 18158, 'o3': 18159}, 'pm': {'pm1': 13236, 'pm10': 13238, 'pm25': 13237}}",16.39,16.54,11.7,5.67,12.28,5.75,610581120,54.4,MOD-00625,9.5,2026-02-15T20:23:30,2026-02-15T12:23:30,https://api.quant-aq.com/v1/devices/MOD-00625/data/610580971
357.94,506.03,"{'lat': None, 'lon': None}","{'rh': 54.5, 'temp': 9.5, 'wd': 0.0, 'ws': 0.0, 'ws_scalar': 0.0}","{'gas': {'co': 18156, 'co2': 13273, 'no': 18157, 'no2': 18158, 'o3': 18159}, 'pm': {'pm1': 13236, 'pm10': 13238, 'pm25': 13237}}",20.98,17.9,11.44,5.19,12.0,5.3,610581118,54.5,MOD-00625,9.5,2026-02-15T20:22:30,2026-02-15T12:22:30,https://api.quant-aq.com/v1/devices/MOD-00625/data/610580968
363.34,507.84,"{'lat': None, 'lon': None}","{'rh': 54.4, 'temp': 9.5, 'wd': 0.0, 'ws': 0.0, 'ws_scalar': 0.0}","{'gas': {'co': 18156, 'co2': 13273, 'no': 18157, 'no2': 18158, 'o3': 18159}, 'pm': {'pm1': 13236, 'pm10': 13238, 'pm25': 13237}}",19.33,16.54,11.7,4.74,5.36,4.88,610578849,54.4,MOD-00625,9.5,2026-02-15T20:21:30,2026-02-15T12:21:30,https://api.quant-aq.com/v1/devices/MOD-00625/data/610578698
376.83,506.63,"{'lat': None, 'lon': None}","{'rh': 54.9, 'temp': 9.4, 'wd': 0.0, 'ws': 0.0, 'ws_scalar': 0.0}","{'gas': {'co': 18156, 'co2': 13273, 'no': 18157, 'no2': 18158, 'o3': 18159}, 'pm': {'pm1': 13236, 'pm10': 13238, 'pm25': 13237}}",24.68,16.72,12.13,4.8,7.29,4.98,610578847,54.9,MOD-00625,9.4,2026-02-15T20:20:30,2026-02-15T12:20:30,https://api.quant-aq.com/v1/devices/MOD-00625/data/610578697
369.1,507.35,"{'lat': None, 'lon': None}","{'rh': 54.8, 'temp': 9.4, 'wd': 0.0, 'ws': 0.0, 'ws_scalar': 0.0}","{'gas': {'co': 18156, 'co2': 13273, 'no': 18157, 'no2': 18158, 'o3': 18159}, 'pm': {'pm1': 13236, 'pm10': 13238, 'pm25': 13237}}",23.68,16.07,13.63,4.68,14.37,4.9,610578848,54.8,MOD-00625,9.4,2026-02-15T20:19:30,2026-02-15T12:19:30,https://api.quant-aq.com/v1/devices/MOD-00625/data/610578695
354.75,501.21,"{'lat': None, 'lon': None}","{'rh': 54.8, 'temp': 9.4, 'wd': 0.0, 'ws': 0.0, 'ws_scalar': 0.0}","{'gas': {'co': 18156, 'co2': 13273, 'no': 18157, 'no2': 18158, 'o3': 18159}, 'pm': {'pm1': 13236, 'pm10': 13238, 'pm25': 13237}}",18.78,13.67,14.12,5.03,7.37,5.09,610578846,54.8,MOD-00625,9.4,2026-02-15T20:18:30,2026-02-15T12:18:30,https://api.quant-aq.com/v1/devices/MOD-00625/data/610578696
358.16,505.91,"{'lat': None, 'lon': None}","{'rh': 55.2, 'temp': 9.4, 'wd': 0.0, 'ws': 0.0, 'ws_scalar': 0.0}","{'gas': {'co': 18156, 'co2': 13273, 'no': 18157, 'no2': 18158, 'o3': 18159}, 'pm': {'pm1': 13236, 'pm10': 13238, 'pm25': 13237}}",13.95,12.57,17.53,4.87,14.2,5.04,610576626,55.2,MOD-00625,9.4,2026-02-15T20:17:30,2026-02-15T12:17:30,https://api.quant-aq.com/v1/devices/MOD-00625/data/610576475
353.72,509.4,"{'lat': None, 'lon': None}","{'rh': 55.1, 'temp': 9.4, 'wd': 0.0, 'ws': 0.0, 'ws_scalar': 0.0}","{'gas': {'co': 18156, 'co2': 13273, 'no': 18157, 'no2': 18158, 'o3': 18159}, 'pm': {'pm1': 13236, 'pm10': 13238, 'pm25': 13237}}",8.54,12.57,17.54,4.13,6.74,4.27,610576625,55.1,MOD-00625,9.4,2026-02-15T20:16:30,2026-02-15T12:16:30,https://api.quant-aq.com/v1/devices/MOD-00625/data/610576473
354.2,502.66,"{'lat': None, 'lon': None}","{'rh': 55.0, 'temp': 9.4, 'wd': 0.0, 'ws': 0.0, 'ws_scalar': 0.0}","{'gas': {'co': 18156, 'co2': 13273, 'no': 18157, 'no2': 18158, 'o3': 18159}, 'pm': {'pm1': 13236, 'pm10': 13238, 'pm25': 13237}}",9.42,11.04,17.0,4.43,6.22,4.57,610576623,55.0,MOD-00625,9.4,2026-02-15T20:15:30,2026-02-15T12:15:30,https://api.quant-aq.com/v1/devices/MOD-00625/data/610576472
361.78,506.63,"{'lat': None, 'lon': None}","{'rh': 55.3, 'temp': 9.4, 'wd': 0.0, 'ws': 0.0, 'ws_scalar': 0.0}","{'gas': {'co': 18156, 'co2': 13273, 'no': 18157, 'no2': 18158, 'o3': 18159}, 'pm': {'pm1': 13236, 'pm10': 13238, 'pm25': 13237}}",9.46,10.56,17.56,4.59,9.21,4.82,610576624,55.3,MOD-00625,9.4,2026-02-15T20:14:30,2026-02-15T12:14:30,https://api.quant-aq.com/v1/devices/MOD-00625/data/610576474
366.99,506.63,"{'lat': None, 'lon': None}","{'rh': 55.9, 'temp': 9.3, 'wd': 0.0, 'ws': 0.0, 'ws_scalar': 0.0}","{'gas': {'co': 18156, 'co2': 13273, 'no': 18157, 'no2': 18158, 'o3': 18159}, 'pm': {'pm1': 13236, 'pm10': 13238, 'pm25': 13237}}",7.83,11.06,17.86,4.59,7.41,4.77,610574229,55.9,MOD-00625,9.3,2026-02-15T20:13:30,2026-02-15T12:13:30,https://api.quant-aq.com/v1/devices/MOD-00625/data/610574078
368.7,508.08,"{'lat': None, 'lon': None}","{'rh': 55.8, 'temp': 9.3, 'wd': 0.0, 'ws': 0.0, 'ws_scalar': 0.0}","{'gas': {'co': 18156, 'co2': 13273, 'no': 18157, 'no2': 18158, 'o3': 18159}, 'pm': {'pm1': 13236, 'pm10': 13238, 'pm25': 13237}}",6.93,10.58,19.36,5.03,9.22,5.17,610574230,55.8,MOD-00625,9.3,2026-02-15T20:12:30,2026-02-15T12:12:30,https://api.quant-aq.com/v1/devices/MOD-00625/data/610574080
375.67,508.92,"{'lat': None, 'lon': None}","{'rh': 55.8, 'temp': 9.3, 'wd': 0.0, 'ws': 0.0, 'ws_scalar': 0.0}","{'gas': {'co': 18156, 'co2': 13273, 'no': 18157, 'no2': 18158, 'o3': 18159}, 'pm': {'pm1': 13236, 'pm10': 13238, 'pm25': 13237}}",5.39,8.86,19.4,5.58,8.38,5.69,610574231,55.8,MOD-00625,9.3,2026-02-15T20:11:30,2026-02-15T12:11:30,https://api.quant-aq.com/v1/devices/MOD-00625/data/610574079
369.89,505.79,"{'lat': None, 'lon': None}","{'rh': 55.7, 'temp': 9.2, 'wd': 0.0, 'ws': 0.0, 'ws_scalar': 0.0}","{'gas': {'co': 18156, 'co2': 13273, 'no': 18157, 'no2': 18158, 'o3': 18159}, 'pm': {'pm1': 13236, 'pm10': 13238, 'pm25': 13237}}",5.24,9.71,20.08,5.8,6.92,5.99,610574232,55.7,MOD-00625,9.2,2026-02-15T20:10:30,2026-02-15T12:10:30,https://api.quant-aq.com/v1/devices/MOD-00625/data/610574081
364.64,508.56,"{'lat': None, 'lon': None}","{'rh': 55.0, 'temp': 9.2, 'wd': 0.0, 'ws': 0.0, 'ws_scalar': 0.0}","{'gas': {'co': 18156, 'co2': 13273, 'no': 18157, 'no2': 18158, 'o3': 18159}, 'pm': {'pm1': 13236, 'pm10': 13238, 'pm25': 13237}}",5.15,9.36,21.17,5.36,6.35,5.5,610571917,55.0,MOD-00625,9.2,2026-02-15T20:09:30,2026-02-15T12:09:30,https://api.quant-aq.com/v1/devices/MOD-00625/data/610571766
365.81,506.03,"{'lat': None, 'lon': None}","{'rh': 54.5, 'temp': 9.2, 'wd': 0.0, 'ws': 0.0, 'ws_scalar': 0.0}","{'gas': {'co': 18156, 'co2': 13273, 'no': 18157, 'no2': 18158, 'o3': 18159}, 'pm': {'pm1': 13236, 'pm10': 13238, 'pm25': 13237}}",5.5,7.09,22.98,5.08,5.9,5.15,610571914,54.5,MOD-00625,9.2,2026-02-15T20:08:30,2026-02-15T12:08:30,https://api.quant-aq.com/v1/devices/MOD-00625/data/610571763
360.82,507.72,"{'lat': None, 'lon': None}","{'rh': 54.6, 'temp': 9.2, 'wd': 0.0, 'ws': 0.0, 'ws_scalar': 0.0}","{'gas': {'co': 18156, 'co2': 13273, 'no': 18157, 'no2': 18158, 'o3': 18159}, 'pm': {'pm1': 13236, 'pm10': 13238, 'pm25': 13237}}",6.24,7.98,21.24,5.81,6.33,6.03,610571915,54.6,MOD-00625,9.2,2026-02-15T20:07:30,2026-02-15T12:07:30,https://api.quant-aq.com/v1/devices/MOD-00625/data/610571764
370.68,507.96,"{'lat': None, 'lon': None}","{'rh': 55.0, 'temp': 9.1, 'wd': 0.0, 'ws': 0.0, 'ws_scalar': 0.0}","{'gas': {'co': 18156, 'co2': 13273, 'no': 18157, 'no2': 18158, 'o3': 18159}, 'pm': {'pm1': 13236, 'pm10': 13238, 'pm25': 13237}}",6.37,8.27,19.73,6.35,6.67,6.47,610571916,55.0,MOD-00625,9.1,2026-02-15T20:06:30,2026-02-15T12:06:30,https://api.quant-aq.com/v1/devices/MOD-00625/data/610571765
365.83,507.35,"{'lat': None, 'lon': None}","{'rh': 54.9, 'temp': 9.1, 'wd': 0.0, 'ws': 0.0, 'ws_scalar': 0.0}","{'gas': {'co': 18156, 'co2': 13273, 'no': 18157, 'no2': 18158, 'o3': 18159}, 'pm': {'pm1': 13236, 'pm10': 13238, 'pm25': 13237}}",5.0,7.95,21.22,5.16,5.63,5.26,610569642,54.9,MOD-00625,9.1,2026-02-15T20:05:30,2026-02-15T12:05:30,https://api.quant-aq.com/v1/devices/MOD-00625/data/610569491
372.52,507.72,"{'lat': None, 'lon': None}","{'rh': 55.3, 'temp': 9.1, 'wd': 0.0, 'ws': 0.0, 'ws_scalar': 0.0}","{'gas': {'co': 18156, 'co2': 13273, 'no': 18157, 'no2': 18158, 'o3': 18159}, 'pm': {'pm1': 13236, 'pm10': 13238, 'pm25': 13237}}",6.41,8.58,19.12,7.25,7.94,7.43,610569644,55.3,MOD-00625,9.1,2026-02-15T20:04:30,2026-02-15T12:04:30,https://api.quant-aq.com/v1/devices/MOD-00625/data/610569492
364.6,507.11,"{'lat': None, 'lon': None}","{'rh': 54.9, 'temp': 9.1, 'wd': 0.0, 'ws': 0.0, 'ws_scalar': 0.0}","{'gas': {'co': 18156, 'co2': 13273, 'no': 18157, 'no2': 18158, 'o3': 18159}, 'pm': {'pm1': 13236, 'pm10': 13238, 'pm25': 13237}}",6.36,8.63,19.61,5.1,5.34,5.18,610569643,54.9,MOD-00625,9.1,2026-02-15T20:03:30,2026-02-15T12:03:30,https://api.quant-aq.com/v1/devices/MOD-00625/data/610569493
363.57,506.39,"{'lat': None, 'lon': None}","{'rh': 55.2, 'temp': 9.1, 'wd': 0.0, 'ws': 0.0, 'ws_scalar': 0.0}","{'gas': {'co': 18156, 'co2': 13273, 'no': 18157, 'no2': 18158, 'o3': 18159}, 'pm': {'pm1': 13236, 'pm10': 13238, 'pm25': 13237}}",5.83,7.58,21.78,4.55,5.42,4.61,610569645,55.2,MOD-00625,9.1,2026-02-15T20:02:30,2026-02-15T12:02:30,https://api.quant-aq.com/v1/devices/MOD-00625/data/610569494
353.94,508.44,"{'lat': None, 'lon': None}","{'rh': 54.9, 'temp': 9.1, 'wd': 0.0, 'ws': 0.0, 'ws_scalar': 0.0}","{'gas': {'co': 18156, 'co2': 13273, 'no': 18157, 'no2': 18158, 'o3': 18159}, 'pm': {'pm1': 13236, 'pm10': 13238, 'pm25': 13237}}",4.2,8.28,21.56,4.48,4.59,4.53,610567349,54.9,MOD-00625,9.1,2026-02-15T20:01:30,2026-02-15T12:01:30,https://api.quant-aq.com/v1/devices/MOD-00625/data/610567198
353.34,501.57,"{'lat': None, 'lon': None}","{'rh': 54.0, 'temp': 9.1, 'wd': 0.0, 'ws': 0.0, 'ws_scalar': 0.0}","{'gas': {'co': 18156, 'co2': 13273, 'no': 18157, 'no2': 18158, 'o3': 18159}, 'pm': {'pm1': 13236, 'pm10': 13238, 'pm25': 13237}}",4.49,7.48,21.54,4.63,5.36,4.73,610567350,54.0,MOD-00625,9.1,2026-02-15T20:00:30,2026-02-15T12:00:30,https://api.quant-aq.com/v1/devices/MOD-00625/data/610567199
362.36,507.6,"{'lat': None, 'lon': None}","{'rh': 54.0, 'temp': 9.1, 'wd': 0.0, 'ws': 0.0, 'ws_scalar': 0.0}","{'gas': {'co': 18156, 'co2': 13273, 'no': 18157, 'no2': 18158, 'o3': 18159}, 'pm': {'pm1': 13236, 'pm10': 13238, 'pm25': 13237}}",5.49,7.48,21.99,5.77,7.15,5.84,610567347,54.0,MOD-00625,9.1,2026-02-15T19:59:30,2026-02-15T11:59:30,https://api.quant-aq.com/v1/devices/MOD-00625/data/610567196
367.07,507.23,"{'lat': None, 'lon': None}","{'rh': 54.3, 'temp': 9.1, 'wd': 0.0, 'ws': 0.0, 'ws_scalar': 0.0}","{'gas': {'co': 18156, 'co2': 13273, 'no': 18157, 'no2': 18158, 'o3': 18159}, 'pm': {'pm1': 13236, 'pm10': 13238, 'pm25': 13237}}",5.13,7.13,21.64,5.89,6.33,5.97,610567348,54.3,MOD-00625,9.1,2026-02-15T19:58:30,2026-02-15T11:58:30,https://api.quant-aq.com/v1/devices/MOD-00625/data/610567197
383.13,508.92,"{'lat': None, 'lon': None}","{'rh': 54.8, 'temp': 9.1, 'wd': 0.0, 'ws': 0.0, 'ws_scalar': 0.0}","{'gas': {'co': 18156, 'co2': 13273, 'no': 18157, 'no2': 18158, 'o3': 18159}, 'pm': {'pm1': 13236, 'pm10': 13238, 'pm25': 13237}}",6.34,8.3,19.74,5.62,5.79,5.72,610565053,54.8,MOD-00625,9.1,2026-02-15T19:57:30,2026-02-15T11:57:30,https://api.quant-aq.com/v1/devices/MOD-00625/data/610564902
393.65,508.8,"{'lat': None, 'lon': None}","{'rh': 55.0, 'temp': 9.1, 'wd': 0.0, 'ws': 0.0, 'ws_scalar': 0.0}","{'gas': {'co': 18156, 'co2': 13273, 'no': 18157, 'no2': 18158, 'o3': 18159}, 'pm': {'pm1': 13236, 'pm10': 13238, 'pm25': 13237}}",5.21,8.99,19.94,5.84,6.07,5.89,610565056,55.0,MOD-00625,9.1,2026-02-15T19:56:30,2026-02-15T11:56:30,https://api.quant-aq.com/v1/devices/MOD-00625/data/610564905
419.63,510.97,"{'lat': None, 'lon': None}","{'rh': 54.8, 'temp': 9.1, 'wd': 0.0, 'ws': 0.0, 'ws_scalar': 0.0}","{'gas': {'co': 18156, 'co2': 13273, 'no': 18157, 'no2': 18158, 'o3': 18159}, 'pm': {'pm1': 13236, 'pm10': 13238, 'pm25': 13237}}",6.34,7.64,20.44,5.49,5.71,5.56,610565057,54.8,MOD-00625,9.1,2026-02-15T19:55:30,2026-02-15T11:55:30,https://api.quant-aq.com/v1/devices/MOD-00625/data/610564906
383.4,507.84,"{'lat': None, 'lon': None}","{'rh': 55.0, 'temp': 9.1, 'wd': 0.0, 'ws': 0.0, 'ws_scalar': 0.0}","{'gas': {'co': 18156, 'co2': 13273, 'no': 18157, 'no2': 18158, 'o3': 18159}, 'pm': {'pm1': 13236, 'pm10': 13238, 'pm25': 13237}}",6.67,9.38,20.27,4.48,4.92,4.57,610565055,55.0,MOD-00625,9.1,2026-02-15T19:54:30,2026-02-15T11:54:30,https://api.quant-aq.com/v1/devices/MOD-00625/data/610564903
361.32,506.87,"{'lat': None, 'lon': None}","{'rh': 54.9, 'temp': 9.1, 'wd': 0.0, 'ws': 0.0, 'ws_scalar': 0.0}","{'gas': {'co': 18156, 'co2': 13273, 'no': 18157, 'no2': 18158, 'o3': 18159}, 'pm': {'pm1': 13236, 'pm10': 13238, 'pm25': 13237}}",4.8,7.95,21.68,4.81,5.12,4.91,610565054,54.9,MOD-00625,9.1,2026-02-15T19:53:30,2026-02-15T11:53:30,https://api.quant-aq.com/v1/devices/MOD-00625/data/610564904
356.54,504.7,"{'lat': None, 'lon': None}","{'rh': 54.7, 'temp': 9.1, 'wd': 0.0, 'ws': 0.0, 'ws_scalar': 0.0}","{'gas': {'co': 18156, 'co2': 13273, 'no': 18157, 'no2': 18158, 'o3': 18159}, 'pm': {'pm1': 13236, 'pm10': 13238, 'pm25': 13237}}",4.57,7.06,22.98,4.52,7.9,4.6,610562203,54.7,MOD-00625,9.1,2026-02-15T19:52:30,2026-02-15T11:52:30,https://api.quant-aq.com/v1/devices/MOD-00625/data/610562052
354.93,504.83,"{'lat': None, 'lon': None}","{'rh': 54.5, 'temp': 9.0, 'wd': 0.0, 'ws': 0.0, 'ws_scalar': 0.0}","{'gas': {'co': 18156, 'co2': 13273, 'no': 18157, 'no2': 18158, 'o3': 18159}, 'pm': {'pm1': 13236, 'pm10': 13238, 'pm25': 13237}}",5.01,7.7,21.39,4.74,4.99,4.8,610562202,54.5,MOD-00625,9.0,2026-02-15T19:51:30,2026-02-15T11:51:30,https://api.quant-aq.com/v1/devices/MOD-00625/data/610562051
346.93,502.78,"{'lat': None, 'lon': None}","{'rh': 54.8, 'temp': 9.0, 'wd': 0.0, 'ws': 0.0, 'ws_scalar': 0.0}","{'gas': {'co': 18156, 'co2': 13273, 'no': 18157, 'no2': 18158, 'o3': 18159}, 'pm': {'pm1': 13236, 'pm10': 13238, 'pm25': 13237}}",5.04,6.49,22.32,3.99,4.22,4.05,610562201,54.8,MOD-00625,9.0,2026-02-15T19:50:30,2026-02-15T11:50:30,https://api.quant-aq.com/v1/devices/MOD-00625/data/610562050
342.68,506.99,"{'lat': None, 'lon': None}","{'rh': 55.0, 'temp': 9.0, 'wd': 0.0, 'ws': 0.0, 'ws_scalar': 0.0}","{'gas': {'co': 18156, 'co2': 13273, 'no': 18157, 'no2': 18158, 'o3': 18159}, 'pm': {'pm1': 13236, 'pm10': 13238, 'pm25': 13237}}",4.66,7.02,22.06,3.51,3.67,3.61,610562200,55.0,MOD-00625,9.0,2026-02-15T19:49:30,2026-02-15T11:49:30,https://api.quant-aq.com/v1/devices/MOD-00625/data/610562049
348.5,507.96,"{'lat': None, 'lon': None}","{'rh': 54.9, 'temp': 9.0, 'wd': 0.0, 'ws': 0.0, 'ws_scalar': 0.0}","{'gas': {'co': 18156, 'co2': 13273, 'no': 18157, 'no2': 18158, 'o3': 18159}, 'pm': {'pm1': 13236, 'pm10': 13238, 'pm25': 13237}}",5.25,7.33,23.76,3.83,3.96,3.93,610559854,54.9,MOD-00625,9.0,2026-02-15T19:48:30,2026-02-15T11:48:30,https://api.quant-aq.com/v1/devices/MOD-00625/data/610559703
342.54,508.56,"{'lat': None, 'lon': None}","{'rh': 55.2, 'temp': 9.0, 'wd': 0.0, 'ws': 0.0, 'ws_scalar': 0.0}","{'gas': {'co': 18156, 'co2': 13273, 'no': 18157, 'no2': 18158, 'o3': 18159}, 'pm': {'pm1': 13236, 'pm10': 13238, 'pm25': 13237}}",5.49,7.28,21.92,3.61,5.36,3.69,610559855,55.2,MOD-00625,9.0,2026-02-15T19:47:30,2026-02-15T11:47:30,https://api.quant-aq.com/v1/devices/MOD-00625/data/610559704
358.08,507.11,"{'lat': None, 'lon': None}","{'rh': 55.7, 'temp': 8.9, 'wd': 0.0, 'ws': 0.0, 'ws_scalar': 0.0}","{'gas': {'co': 18156, 'co2': 13273, 'no': 18157, 'no2': 18158, 'o3': 18159}, 'pm': {'pm1': 13236, 'pm10': 13238, 'pm25': 13237}}",5.6,7.21,21.89,3.45,6.04,3.57,610559853,55.7,MOD-00625,8.9,2026-02-15T19:46:30,2026-02-15T11:46:30,https://api.quant-aq.com/v1/devices/MOD-00625/data/610559702
358.13,509.4,"{'lat': None, 'lon': None}","{'rh': 56.2, 'temp': 8.9, 'wd': 0.0, 'ws': 0.0, 'ws_scalar': 0.0}","{'gas': {'co': 18156, 'co2': 13273, 'no': 18157, 'no2': 18158, 'o3': 18159}, 'pm': {'pm1': 13236, 'pm10': 13238, 'pm25': 13237}}",5.66,7.79,21.15,3.74,4.62,3.87,610559856,56.2,MOD-00625,8.9,2026-02-15T19:45:30,2026-02-15T11:45:30,https://api.quant-aq.com/v1/devices/MOD-00625/data/610559705
360.38,507.84,"{'lat': None, 'lon': None}","{'rh': 56.5, 'temp': 8.9, 'wd': 0.0, 'ws': 0.0, 'ws_scalar': 0.0}","{'gas': {'co': 18156, 'co2': 13273, 'no': 18157, 'no2': 18158, 'o3': 18159}, 'pm': {'pm1': 13236, 'pm10': 13238, 'pm25': 13237}}",6.73,7.41,20.8,4.03,4.26,4.11,610557566,56.5,MOD-00625,8.9,2026-02-15T19:44:30,2026-02-15T11:44:30,https://api.quant-aq.com/v1/devices/MOD-00625/data/610557419
358.12,510.49,"{'lat': None, 'lon': None}","{'rh': 56.8, 'temp': 8.9, 'wd': 0.0, 'ws': 0.0, 'ws_scalar': 0.0}","{'gas': {'co': 18156, 'co2': 13273, 'no': 18157, 'no2': 18158, 'o3': 18159}, 'pm': {'pm1': 13236, 'pm10': 13238, 'pm25': 13237}}",5.53,9.28,20.61,4.32,4.6,4.5,610557564,56.8,MOD-00625,8.9,2026-02-15T19:43:30,2026-02-15T11:43:30,https://api.quant-aq.com/v1/devices/MOD-00625/data/610557414
348.72,509.04,"{'lat': None, 'lon': None}","{'rh': 56.6, 'temp': 8.8, 'wd': 0.0, 'ws': 0.0, 'ws_scalar': 0.0}","{'gas': {'co': 18156, 'co2': 13273, 'no': 18157, 'no2': 18158, 'o3': 18159}, 'pm': {'pm1': 13236, 'pm10': 13238, 'pm25': 13237}}",5.17,8.49,21.8,3.81,5.73,3.95,610557562,56.6,MOD-00625,8.8,2026-02-15T19:42:30,2026-02-15T11:42:30,https://api.quant-aq.com/v1/devices/MOD-00625/data/610557413
349.89,507.96,"{'lat': None, 'lon': None}","{'rh': 56.1, 'temp': 8.8, 'wd': 0.0, 'ws': 0.0, 'ws_scalar': 0.0}","{'gas': {'co': 18156, 'co2': 13273, 'no': 18157, 'no2': 18158, 'o3': 18159}, 'pm': {'pm1': 13236, 'pm10': 13238, 'pm25': 13237}}",4.91,7.16,22.79,3.06,3.71,3.15,610557561,56.1,MOD-00625,8.8,2026-02-15T19:41:30,2026-02-15T11:41:30,https://api.quant-aq.com/v1/devices/MOD-00625/data/610557412
348.6,506.51,"{'lat': None, 'lon': None}","{'rh': 55.6, 'temp': 8.8, 'wd': 0.0, 'ws': 0.0, 'ws_scalar': 0.0}","{'gas': {'co': 18156, 'co2': 13273, 'no': 18157, 'no2': 18158, 'o3': 18159}, 'pm': {'pm1': 13236, 'pm10': 13238, 'pm25': 13237}}",5.65,7.23,22.82,3.18,3.73,3.26,610555298,55.6,MOD-00625,8.8,2026-02-15T19:40:30,2026-02-15T11:40:30,https://api.quant-aq.com/v1/devices/MOD-00625/data/610555147
343.95,506.63,"{'lat': None, 'lon': None}","{'rh': 55.8, 'temp': 8.8, 'wd': 0.0, 'ws': 0.0, 'ws_scalar': 0.0}","{'gas': {'co': 18156, 'co2': 13273, 'no': 18157, 'no2': 18158, 'o3': 18159}, 'pm': {'pm1': 13236, 'pm10': 13238, 'pm25': 13237}}",5.87,6.6,22.6,3.27,3.46,3.29,610555297,55.8,MOD-00625,8.8,2026-02-15T19:39:30,2026-02-15T11:39:30,https://api.quant-aq.com/v1/devices/MOD-00625/data/610555146
353.88,504.7,"{'lat': None, 'lon': None}","{'rh': 56.1, 'temp': 8.7, 'wd': 0.0, 'ws': 0.0, 'ws_scalar': 0.0}","{'gas': {'co': 18156, 'co2': 13273, 'no': 18157, 'no2': 18158, 'o3': 18159}, 'pm': {'pm1': 13236, 'pm10': 13238, 'pm25': 13237}}",5.36,7.83,22.1,2.88,3.39,2.94,610555296,56.1,MOD-00625,8.7,2026-02-15T19:38:30,2026-02-15T11:38:30,https://api.quant-aq.com/v1/devices/MOD-00625/data/610555145
354.36,509.16,"{'lat': None, 'lon': None}","{'rh': 56.0, 'temp': 8.7, 'wd': 0.0, 'ws': 0.0, 'ws_scalar': 0.0}","{'gas': {'co': 18156, 'co2': 13273, 'no': 18157, 'no2': 18158, 'o3': 18159}, 'pm': {'pm1': 13236, 'pm10': 13238, 'pm25': 13237}}",6.22,7.5,22.23,2.74,3.01,2.88,610555295,56.0,MOD-00625,8.7,2026-02-15T19:37:30,2026-02-15T11:37:30,https://api.quant-aq.com/v1/devices/MOD-00625/data/610555144
354.01,507.11,"{'lat': None, 'lon': None}","{'rh': 56.5, 'temp': 8.7, 'wd': 0.0, 'ws': 0.0, 'ws_scalar': 0.0}","{'gas': {'co': 18156, 'co2': 13273, 'no': 18157, 'no2': 18158, 'o3': 18159}, 'pm': {'pm1': 13236, 'pm10': 13238, 'pm25': 13237}}",6.59,7.43,21.73,3.02,3.47,3.1,610553026,56.5,MOD-00625,8.7,2026-02-15T19:36:30,2026-02-15T11:36:30,https://api.quant-aq.com/v1/devices/MOD-00625/data/610552875
357.63,512.65,"{'lat': None, 'lon': None}","{'rh': 56.6, 'temp': 8.7, 'wd': 0.0, 'ws': 0.0, 'ws_scalar': 0.0}","{'gas': {'co': 18156, 'co2': 13273, 'no': 18157, 'no2': 18158, 'o3': 18159}, 'pm': {'pm1': 13236, 'pm10': 13238, 'pm25': 13237}}",6.02,7.42,21.73,3.08,3.86,3.22,610553024,56.6,MOD-00625,8.7,2026-02-15T19:35:30,2026-02-15T11:35:30,https://api.quant-aq.com/v1/devices/MOD-00625/data/610552873
357.52,506.39,"{'lat': None, 'lon': None}","{'rh': 56.6, 'temp': 8.6, 'wd': 0.0, 'ws': 0.0, 'ws_scalar': 0.0}","{'gas': {'co': 18156, 'co2': 13273, 'no': 18157, 'no2': 18158, 'o3': 18159}, 'pm': {'pm1': 13236, 'pm10': 13238, 'pm25': 13237}}",6.08,7.78,21.16,3.47,3.54,3.51,610553025,56.6,MOD-00625,8.6,2026-02-15T19:34:30,2026-02-15T11:34:30,https://api.quant-aq.com/v1/devices/MOD-00625/data/610552874
357.72,509.16,"{'lat': None, 'lon': None}","{'rh': 56.9, 'temp': 8.6, 'wd': 0.0, 'ws': 0.0, 'ws_scalar': 0.0}","{'gas': {'co': 18156, 'co2': 13273, 'no': 18157, 'no2': 18158, 'o3': 18159}, 'pm': {'pm1': 13236, 'pm10': 13238, 'pm25': 13237}}",6.42,7.74,21.14,3.89,4.2,4.02,610553023,56.9,MOD-00625,8.6,2026-02-15T19:33:30,2026-02-15T11:33:30,https://api.quant-aq.com/v1/devices/MOD-00625/data/610552872
356.9,508.68,"{'lat': None, 'lon': None}","{'rh': 56.9, 'temp': 8.6, 'wd': 0.0, 'ws': 0.0, 'ws_scalar': 0.0}","{'gas': {'co': 18156, 'co2': 13273, 'no': 18157, 'no2': 18158, 'o3': 18159}, 'pm': {'pm1': 13236, 'pm10': 13238, 'pm25': 13237}}",5.91,7.39,21.72,3.7,4.1,3.85,610550746,56.9,MOD-00625,8.6,2026-02-15T19:32:30,2026-02-15T11:32:30,https://api.quant-aq.com/v1/devices/MOD-00625/data/610550595
360.72,509.28,"{'lat': None, 'lon': None}","{'rh': 57.3, 'temp': 8.6, 'wd': 0.0, 'ws': 0.0, 'ws_scalar': 0.0}","{'gas': {'co': 18156, 'co2': 13273, 'no': 18157, 'no2': 18158, 'o3': 18159}, 'pm': {'pm1': 13236, 'pm10': 13238, 'pm25': 13237}}",6.18,7.69,21.11,3.82,3.96,3.9,610550745,57.3,MOD-00625,8.6,2026-02-15T19:31:30,2026-02-15T11:31:30,https://api.quant-aq.com/v1/devices/MOD-00625/data/610550593
368.78,511.81,"{'lat': None, 'lon': None}","{'rh': 57.5, 'temp': 8.6, 'wd': 0.0, 'ws': 0.0, 'ws_scalar': 0.0}","{'gas': {'co': 18156, 'co2': 13273, 'no': 18157, 'no2': 18158, 'o3': 18159}, 'pm': {'pm1': 13236, 'pm10': 13238, 'pm25': 13237}}",7.1,6.98,20.43,3.54,3.67,3.64,610550744,57.5,MOD-00625,8.6,2026-02-15T19:30:30,2026-02-15T11:30:30,https://api.quant-aq.com/v1/devices/MOD-00625/data/610550594
381.23,514.1,"{'lat': None, 'lon': None}","{'rh': 58.3, 'temp': 8.5, 'wd': 0.0, 'ws': 0.0, 'ws_scalar': 0.0}","{'gas': {'co': 18156, 'co2': 13273, 'no': 18157, 'no2': 18158, 'o3': 18159}, 'pm': {'pm1': 13236, 'pm10': 13238, 'pm25': 13237}}",7.29,8.39,19.89,4.06,4.28,4.19,610550747,58.3,MOD-00625,8.5,2026-02-15T19:29:30,2026-02-15T11:29:30,https://api.quant-aq.com/v1/devices/MOD-00625/data/610550596
394.14,513.5,"{'lat': None, 'lon': None}","{'rh': 58.6, 'temp': 8.5, 'wd': 0.0, 'ws': 0.0, 'ws_scalar': 0.0}","{'gas': {'co': 18156, 'co2': 13273, 'no': 18157, 'no2': 18158, 'o3': 18159}, 'pm': {'pm1': 13236, 'pm10': 13238, 'pm25': 13237}}",7.33,9.28,18.7,4.65,5.05,4.72,610548463,58.6,MOD-00625,8.5,2026-02-15T19:28:30,2026-02-15T11:28:30,https://api.quant-aq.com/v1/devices/MOD-00625/data/610548314
410.2,514.46,"{'lat': None, 'lon': None}","{'rh': 59.1, 'temp': 8.5, 'wd': 0.0, 'ws': 0.0, 'ws_scalar': 0.0}","{'gas': {'co': 18156, 'co2': 13273, 'no': 18157, 'no2': 18158, 'o3': 18159}, 'pm': {'pm1': 13236, 'pm10': 13238, 'pm25': 13237}}",6.69,8.78,19.25,4.99,13.03,5.01,610548464,59.1,MOD-00625,8.5,2026-02-15T19:27:30,2026-02-15T11:27:30,https://api.quant-aq.com/v1/devices/MOD-00625/data/610548312
413.14,511.93,"{'lat': None, 'lon': None}","{'rh': 59.0, 'temp': 8.5, 'wd': 0.0, 'ws': 0.0, 'ws_scalar': 0.0}","{'gas': {'co': 18156, 'co2': 13273, 'no': 18157, 'no2': 18158, 'o3': 18159}, 'pm': {'pm1': 13236, 'pm10': 13238, 'pm25': 13237}}",7.34,9.26,18.67,4.42,4.86,4.55,610548462,59.0,MOD-00625,8.5,2026-02-15T19:26:30,2026-02-15T11:26:30,https://api.quant-aq.com/v1/devices/MOD-00625/data/610548311
390.95,514.34,"{'lat': None, 'lon': None}","{'rh': 58.9, 'temp': 8.4, 'wd': 0.0, 'ws': 0.0, 'ws_scalar': 0.0}","{'gas': {'co': 18156, 'co2': 13273, 'no': 18157, 'no2': 18158, 'o3': 18159}, 'pm': {'pm1': 13236, 'pm10': 13238, 'pm25': 13237}}",6.39,8.82,19.27,4.43,4.53,4.53,610548465,58.9,MOD-00625,8.4,2026-02-15T19:25:30,2026-02-15T11:25:30,https://api.quant-aq.com/v1/devices/MOD-00625/data/610548313
371.07,509.04,"{'lat': None, 'lon': None}","{'rh': 58.6, 'temp': 8.4, 'wd': 0.0, 'ws': 0.0, 'ws_scalar': 0.0}","{'gas': {'co': 18156, 'co2': 13273, 'no': 18157, 'no2': 18158, 'o3': 18159}, 'pm': {'pm1': 13236, 'pm10': 13238, 'pm25': 13237}}",6.39,7.98,19.54,3.99,6.17,4.09,610548461,58.6,MOD-00625,8.4,2026-02-15T19:24:30,2026-02-15T11:24:30,https://api.quant-aq.com/v1/devices/MOD-00625/data/610548310
367.57,513.38,"{'lat': None, 'lon': None}","{'rh': 58.9, 'temp': 8.4, 'wd': 0.0, 'ws': 0.0, 'ws_scalar': 0.0}","{'gas': {'co': 18156, 'co2': 13273, 'no': 18157, 'no2': 18158, 'o3': 18159}, 'pm': {'pm1': 13236, 'pm10': 13238, 'pm25': 13237}}",7.04,8.37,18.94,3.6,3.8,3.71,610545665,58.9,MOD-00625,8.4,2026-02-15T19:23:30,2026-02-15T11:23:30,https://api.quant-aq.com/v1/devices/MOD-00625/data/610545513
379.46,512.17,"{'lat': None, 'lon': None}","{'rh': 59.5, 'temp': 8.4, 'wd': 0.0, 'ws': 0.0, 'ws_scalar': 0.0}","{'gas': {'co': 18156, 'co2': 13273, 'no': 18157, 'no2': 18158, 'o3': 18159}, 'pm': {'pm1': 13236, 'pm10': 13238, 'pm25': 13237}}",6.71,8.33,18.9,4.67,5.33,4.84,610545664,59.5,MOD-00625,8.4,2026-02-15T19:22:30,2026-02-15T11:22:30,https://api.quant-aq.com/v1/devices/MOD-00625/data/610545514
386.25,511.45,"{'lat': None, 'lon': None}","{'rh': 59.6, 'temp': 8.3, 'wd': 0.0, 'ws': 0.0, 'ws_scalar': 0.0}","{'gas': {'co': 18156, 'co2': 13273, 'no': 18157, 'no2': 18158, 'o3': 18159}, 'pm': {'pm1': 13236, 'pm10': 13238, 'pm25': 13237}}",7.39,9.81,18.07,3.9,4.14,3.97,610545663,59.6,MOD-00625,8.3,2026-02-15T19:21:30,2026-02-15T11:21:30,https://api.quant-aq.com/v1/devices/MOD-00625/data/610545512
376.67,511.93,"{'lat': None, 'lon': None}","{'rh': 59.8, 'temp': 8.3, 'wd': 0.0, 'ws': 0.0, 'ws_scalar': 0.0}","{'gas': {'co': 18156, 'co2': 13273, 'no': 18157, 'no2': 18158, 'o3': 18159}, 'pm': {'pm1': 13236, 'pm10': 13238, 'pm25': 13237}}",6.74,9.81,17.6,4.04,4.22,4.16,610545660,59.8,MOD-00625,8.3,2026-02-15T19:20:30,2026-02-15T11:20:30,https://api.quant-aq.com/v1/devices/MOD-00625/data/610545509
371.68,509.52,"{'lat': None, 'lon': None}","{'rh': 59.9, 'temp': 8.3, 'wd': 0.0, 'ws': 0.0, 'ws_scalar': 0.0}","{'gas': {'co': 18156, 'co2': 13273, 'no': 18157, 'no2': 18158, 'o3': 18159}, 'pm': {'pm1': 13236, 'pm10': 13238, 'pm25': 13237}}",7.39,8.34,18.88,4.33,4.46,4.43,610543341,59.9,MOD-00625,8.3,2026-02-15T19:19:30,2026-02-15T11:19:30,https://api.quant-aq.com/v1/devices/MOD-00625/data/610543193
361.7,510.0,"{'lat': None, 'lon': None}","{'rh': 60.1, 'temp': 8.3, 'wd': 0.0, 'ws': 0.0, 'ws_scalar': 0.0}","{'gas': {'co': 18156, 'co2': 13273, 'no': 18157, 'no2': 18158, 'o3': 18159}, 'pm': {'pm1': 13236, 'pm10': 13238, 'pm25': 13237}}",5.81,10.35,19.28,5.29,5.8,5.34,610543347,60.1,MOD-00625,8.3,2026-02-15T19:18:30,2026-02-15T11:18:30,https://api.quant-aq.com/v1/devices/MOD-00625/data/610543196
362.4,512.05,"{'lat': None, 'lon': None}","{'rh': 59.1, 'temp': 8.3, 'wd': 0.0, 'ws': 0.0, 'ws_scalar': 0.0}","{'gas': {'co': 18156, 'co2': 13273, 'no': 18157, 'no2': 18158, 'o3': 18159}, 'pm': {'pm1': 13236, 'pm10': 13238, 'pm25': 13237}}",7.71,7.96,20.88,5.42,5.98,5.5,610543343,59.1,MOD-00625,8.3,2026-02-15T19:17:30,2026-02-15T11:17:30,https://api.quant-aq.com/v1/devices/MOD-00625/data/610543194
358.25,511.21,"{'lat': None, 'lon': None}","{'rh': 59.6, 'temp': 8.2, 'wd': 0.0, 'ws': 0.0, 'ws_scalar': 0.0}","{'gas': {'co': 18156, 'co2': 13273, 'no': 18157, 'no2': 18158, 'o3': 18159}, 'pm': {'pm1': 13236, 'pm10': 13238, 'pm25': 13237}}",6.43,7.95,19.04,3.72,4.21,3.8,610543345,59.6,MOD-00625,8.2,2026-02-15T19:16:30,2026-02-15T11:16:30,https://api.quant-aq.com/v1/devices/MOD-00625/data/610543195
363.57,513.86,"{'lat': None, 'lon': None}","{'rh': 60.2, 'temp': 8.2, 'wd': 0.0, 'ws': 0.0, 'ws_scalar': 0.0}","{'gas': {'co': 18156, 'co2': 13273, 'no': 18157, 'no2': 18158, 'o3': 18159}, 'pm': {'pm1': 13236, 'pm10': 13238, 'pm25': 13237}}",6.76,9.83,17.59,3.96,6.27,4.11,610541030,60.2,MOD-00625,8.2,2026-02-15T19:15:30,2026-02-15T11:15:30,https://api.quant-aq.com/v1/devices/MOD-00625/data/610540877
367.46,515.42,"{'lat': None, 'lon': None}","{'rh': 60.5, 'temp': 8.2, 'wd': 0.0, 'ws': 0.0, 'ws_scalar': 0.0}","{'gas': {'co': 18156, 'co2': 13273, 'no': 18157, 'no2': 18158, 'o3': 18159}, 'pm': {'pm1': 13236, 'pm10': 13238, 'pm25': 13237}}",6.76,9.3,18.6,4.14,5.83,4.2,610541029,60.5,MOD-00625,8.2,2026-02-15T19:14:30,2026-02-15T11:14:30,https://api.quant-aq.com/v1/devices/MOD-00625/data/610540879
364.41,509.28,"{'lat': None, 'lon': None}","{'rh': 60.6, 'temp': 8.1, 'wd': 0.0, 'ws': 0.0, 'ws_scalar': 0.0}","{'gas': {'co': 18156, 'co2': 13273, 'no': 18157, 'no2': 18158, 'o3': 18159}, 'pm': {'pm1': 13236, 'pm10': 13238, 'pm25': 13237}}",6.13,9.85,18.48,3.66,3.8,3.74,610541028,60.6,MOD-00625,8.1,2026-02-15T19:13:30,2026-02-15T11:13:30,https://api.quant-aq.com/v1/devices/MOD-00625/data/610540878
346.91,508.2,"{'lat': None, 'lon': None}","{'rh': 60.4, 'temp': 8.1, 'wd': 0.0, 'ws': 0.0, 'ws_scalar': 0.0}","{'gas': {'co': 18156, 'co2': 13273, 'no': 18157, 'no2': 18158, 'o3': 18159}, 'pm': {'pm1': 13236, 'pm10': 13238, 'pm25': 13237}}",5.58,10.41,20.2,3.03,7.92,3.14,610541027,60.4,MOD-00625,8.1,2026-02-15T19:12:30,2026-02-15T11:12:30,https://api.quant-aq.com/v1/devices/MOD-00625/data/610540876
348.97,508.8,"{'lat': None, 'lon': None}","{'rh': 59.8, 'temp': 8.1, 'wd': 0.0, 'ws': 0.0, 'ws_scalar': 0.0}","{'gas': {'co': 18156, 'co2': 13273, 'no': 18157, 'no2': 18158, 'o3': 18159}, 'pm': {'pm1': 13236, 'pm10': 13238, 'pm25': 13237}}",6.45,9.35,20.03,3.49,3.91,3.73,610538779,59.8,MOD-00625,8.1,2026-02-15T19:11:30,2026-02-15T11:11:30,https://api.quant-aq.com/v1/devices/MOD-00625/data/610538629
344.08,509.4,"{'lat': None, 'lon': None}","{'rh': 59.6, 'temp': 8.0, 'wd': 0.0, 'ws': 0.0, 'ws_scalar': 0.0}","{'gas': {'co': 18156, 'co2': 13273, 'no': 18157, 'no2': 18158, 'o3': 18159}, 'pm': {'pm1': 13236, 'pm10': 13238, 'pm25': 13237}}",6.8,9.39,20.51,3.21,3.45,3.28,610538782,59.6,MOD-00625,8.0,2026-02-15T19:10:30,2026-02-15T11:10:30,https://api.quant-aq.com/v1/devices/MOD-00625/data/610538630
338.34,509.52,"{'lat': None, 'lon': None}","{'rh': 59.6, 'temp': 8.0, 'wd': 0.0, 'ws': 0.0, 'ws_scalar': 0.0}","{'gas': {'co': 18156, 'co2': 13273, 'no': 18157, 'no2': 18158, 'o3': 18159}, 'pm': {'pm1': 13236, 'pm10': 13238, 'pm25': 13237}}",6.8,8.44,20.76,3.44,16.37,3.53,610538776,59.6,MOD-00625,8.0,2026-02-15T19:09:30,2026-02-15T11:09:30,https://api.quant-aq.com/v1/devices/MOD-00625/data/610538626
342.3,513.02,"{'lat': None, 'lon': None}","{'rh': 59.8, 'temp': 8.0, 'wd': 0.0, 'ws': 0.0, 'ws_scalar': 0.0}","{'gas': {'co': 18156, 'co2': 13273, 'no': 18157, 'no2': 18158, 'o3': 18159}, 'pm': {'pm1': 13236, 'pm10': 13238, 'pm25': 13237}}",6.15,7.58,20.08,4.03,9.41,4.14,610538778,59.8,MOD-00625,8.0,2026-02-15T19:08:30,2026-02-15T11:08:30,https://api.quant-aq.com/v1/devices/MOD-00625/data/610538625
342.84,509.04,"{'lat': None, 'lon': None}","{'rh': 60.2, 'temp': 8.0, 'wd': 0.0, 'ws': 0.0, 'ws_scalar': 0.0}","{'gas': {'co': 18156, 'co2': 13273, 'no': 18157, 'no2': 18158, 'o3': 18159}, 'pm': {'pm1': 13236, 'pm10': 13238, 'pm25': 13237}}",7.13,8.88,19.68,2.93,4.75,3.08,610536518,60.2,MOD-00625,8.0,2026-02-15T19:07:30,2026-02-15T11:07:30,https://api.quant-aq.com/v1/devices/MOD-00625/data/610536367
343.89,506.63,"{'lat': None, 'lon': None}","{'rh': 60.3, 'temp': 7.9, 'wd': 0.0, 'ws': 0.0, 'ws_scalar': 0.0}","{'gas': {'co': 18156, 'co2': 13273, 'no': 18157, 'no2': 18158, 'o3': 18159}, 'pm': {'pm1': 13236, 'pm10': 13238, 'pm25': 13237}}",5.59,9.92,19.89,2.86,4.85,2.99,610536519,60.3,MOD-00625,7.9,2026-02-15T19:06:30,2026-02-15T11:06:30,https://api.quant-aq.com/v1/devices/MOD-00625/data/610536368
340.89,509.76,"{'lat': None, 'lon': None}","{'rh': 59.9, 'temp': 7.9, 'wd': 0.0, 'ws': 0.0, 'ws_scalar': 0.0}","{'gas': {'co': 18156, 'co2': 13273, 'no': 18157, 'no2': 18158, 'o3': 18159}, 'pm': {'pm1': 13236, 'pm10': 13238, 'pm25': 13237}}",5.6,7.21,21.58,2.73,4.92,2.81,610536520,59.9,MOD-00625,7.9,2026-02-15T19:05:30,2026-02-15T11:05:30,https://api.quant-aq.com/v1/devices/MOD-00625/data/610536369
339.39,505.79,"{'lat': None, 'lon': None}","{'rh': 59.7, 'temp': 7.9, 'wd': 0.0, 'ws': 0.0, 'ws_scalar': 0.0}","{'gas': {'co': 18156, 'co2': 13273, 'no': 18157, 'no2': 18158, 'o3': 18159}, 'pm': {'pm1': 13236, 'pm10': 13238, 'pm25': 13237}}",7.15,8.47,20.31,2.72,4.01,2.79,610536517,59.7,MOD-00625,7.9,2026-02-15T19:04:30,2026-02-15T11:04:30,https://api.quant-aq.com/v1/devices/MOD-00625/data/610536366
336.51,510.0,"{'lat': None, 'lon': None}","{'rh': 60.3, 'temp': 7.9, 'wd': 0.0, 'ws': 0.0, 'ws_scalar': 0.0}","{'gas': {'co': 18156, 'co2': 13273, 'no': 18157, 'no2': 18158, 'o3': 18159}, 'pm': {'pm1': 13236, 'pm10': 13238, 'pm25': 13237}}",7.15,8.43,20.72,2.59,4.62,2.67,610534211,60.3,MOD-00625,7.9,2026-02-15T19:03:30,2026-02-15T11:03:30,https://api.quant-aq.com/v1/devices/MOD-00625/data/610534059
339.06,508.68,"{'lat': None, 'lon': None}","{'rh': 60.6, 'temp': 7.8, 'wd': 0.0, 'ws': 0.0, 'ws_scalar': 0.0}","{'gas': {'co': 18156, 'co2': 13273, 'no': 18157, 'no2': 18158, 'o3': 18159}, 'pm': {'pm1': 13236, 'pm10': 13238, 'pm25': 13237}}",6.19,8.45,20.71,2.57,3.54,2.65,610534209,60.6,MOD-00625,7.8,2026-02-15T19:02:30,2026-02-15T11:02:30,https://api.quant-aq.com/v1/devices/MOD-00625/data/610534058
337.69,512.29,"{'lat': None, 'lon': None}","{'rh': 60.8, 'temp': 7.8, 'wd': 0.0, 'ws': 0.0, 'ws_scalar': 0.0}","{'gas': {'co': 18156, 'co2': 13273, 'no': 18157, 'no2': 18158, 'o3': 18159}, 'pm': {'pm1': 13236, 'pm10': 13238, 'pm25': 13237}}",8.15,7.57,18.66,2.73,18.07,2.8,610534212,60.8,MOD-00625,7.8,2026-02-15T19:01:30,2026-02-15T11:01:30,https://api.quant-aq.com/v1/devices/MOD-00625/data/610534060
338.91,509.76,"{'lat': None, 'lon': None}","{'rh': 62.4, 'temp': 7.7, 'wd': 0.0, 'ws': 0.0, 'ws_scalar': 0.0}","{'gas': {'co': 18156, 'co2': 13273, 'no': 18157, 'no2': 18158, 'o3': 18159}, 'pm': {'pm1': 13236, 'pm10': 13238, 'pm25': 13237}}",8.5,10.45,16.9,3.89,4.96,4.03,610534210,62.4,MOD-00625,7.7,2026-02-15T19:00:30,2026-02-15T11:00:30,https://api.quant-aq.com/v1/devices/MOD-00625/data/610534061
336.58,511.45,"{'lat': None, 'lon': None}","{'rh': 62.8, 'temp': 7.7, 'wd': 0.0, 'ws': 0.0, 'ws_scalar': 0.0}","{'gas': {'co': 18156, 'co2': 13273, 'no': 18157, 'no2': 18158, 'o3': 18159}, 'pm': {'pm1': 13236, 'pm10': 13238, 'pm25': 13237}}",8.82,12.22,16.5,3.04,18.83,3.23,610531908,62.8,MOD-00625,7.7,2026-02-15T18:59:30,2026-02-15T10:59:30,https://api.quant-aq.com/v1/devices/MOD-00625/data/610531757
338.7,511.81,"{'lat': None, 'lon': None}","{'rh': 62.7, 'temp': 7.7, 'wd': 0.0, 'ws': 0.0, 'ws_scalar': 0.0}","{'gas': {'co': 18156, 'co2': 13273, 'no': 18157, 'no2': 18158, 'o3': 18159}, 'pm': {'pm1': 13236, 'pm10': 13238, 'pm25': 13237}}",7.52,12.86,17.3,2.37,10.6,2.58,610531909,62.7,MOD-00625,7.7,2026-02-15T18:58:30,2026-02-15T10:58:30,https://api.quant-aq.com/v1/devices/MOD-00625/data/610531758
337.16,511.33,"{'lat': None, 'lon': None}","{'rh': 62.4, 'temp': 7.6, 'wd': 0.0, 'ws': 0.0, 'ws_scalar': 0.0}","{'gas': {'co': 18156, 'co2': 13273, 'no': 18157, 'no2': 18158, 'o3': 18159}, 'pm': {'pm1': 13236, 'pm10': 13238, 'pm25': 13237}}",8.84,11.64,17.58,3.27,7.49,3.43,610531910,62.4,MOD-00625,7.6,2026-02-15T18:57:30,2026-02-15T10:57:30,https://api.quant-aq.com/v1/devices/MOD-00625/data/610531759
336.06,511.81,"{'lat': None, 'lon': None}","{'rh': 62.8, 'temp': 7.6, 'wd': 0.0, 'ws': 0.0, 'ws_scalar': 0.0}","{'gas': {'co': 18156, 'co2': 13273, 'no': 18157, 'no2': 18158, 'o3': 18159}, 'pm': {'pm1': 13236, 'pm10': 13238, 'pm25': 13237}}",10.47,11.62,16.18,2.69,26.0,3.04,610531907,62.8,MOD-00625,7.6,2026-02-15T18:56:30,2026-02-15T10:56:30,https://api.quant-aq.com/v1/devices/MOD-00625/data/610531756
342.41,510.85,"{'lat': None, 'lon': None}","{'rh': 63.1, 'temp': 7.6, 'wd': 0.0, 'ws': 0.0, 'ws_scalar': 0.0}","{'gas': {'co': 18156, 'co2': 13273, 'no': 18157, 'no2': 18158, 'o3': 18159}, 'pm': {'pm1': 13236, 'pm10': 13238, 'pm25': 13237}}",11.45,12.21,16.04,3.09,9.03,3.33,610529635,63.1,MOD-00625,7.6,2026-02-15T18:55:30,2026-02-15T10:55:30,https://api.quant-aq.com/v1/devices/MOD-00625/data/610529483
347.48,513.98,"{'lat': None, 'lon': None}","{'rh': 63.9, 'temp': 7.5, 'wd': 0.0, 'ws': 0.0, 'ws_scalar': 0.0}","{'gas': {'co': 18156, 'co2': 13273, 'no': 18157, 'no2': 18158, 'o3': 18159}, 'pm': {'pm1': 13236, 'pm10': 13238, 'pm25': 13237}}",10.82,13.45,14.37,2.99,14.09,3.4,610529636,63.9,MOD-00625,7.5,2026-02-15T18:54:30,2026-02-15T10:54:30,https://api.quant-aq.com/v1/devices/MOD-00625/data/610529485
348.84,516.75,"{'lat': None, 'lon': None}","{'rh': 64.3, 'temp': 7.5, 'wd': 0.0, 'ws': 0.0, 'ws_scalar': 0.0}","{'gas': {'co': 18156, 'co2': 13273, 'no': 18157, 'no2': 18158, 'o3': 18159}, 'pm': {'pm1': 13236, 'pm10': 13238, 'pm25': 13237}}",10.82,14.09,13.76,3.48,9.47,3.65,610529634,64.3,MOD-00625,7.5,2026-02-15T18:53:30,2026-02-15T10:53:30,https://api.quant-aq.com/v1/devices/MOD-00625/data/610529484
347.76,517.95,"{'lat': None, 'lon': None}","{'rh': 64.5, 'temp': 7.4, 'wd': 0.0, 'ws': 0.0, 'ws_scalar': 0.0}","{'gas': {'co': 18156, 'co2': 13273, 'no': 18157, 'no2': 18158, 'o3': 18159}, 'pm': {'pm1': 13236, 'pm10': 13238, 'pm25': 13237}}",8.24,15.42,13.97,3.15,6.73,3.32,610529633,64.5,MOD-00625,7.4,2026-02-15T18:52:30,2026-02-15T10:52:30,https://api.quant-aq.com/v1/devices/MOD-00625/data/610529482
342.09,515.3,"{'lat': None, 'lon': None}","{'rh': 64.4, 'temp': 7.4, 'wd': 0.0, 'ws': 0.0, 'ws_scalar': 0.0}","{'gas': {'co': 18156, 'co2': 13273, 'no': 18157, 'no2': 18158, 'o3': 18159}, 'pm': {'pm1': 13236, 'pm10': 13238, 'pm25': 13237}}",9.21,16.11,13.4,3.37,7.09,3.66,610527374,64.4,MOD-00625,7.4,2026-02-15T18:51:30,2026-02-15T10:51:30,https://api.quant-aq.com/v1/devices/MOD-00625/data/610527221
348.25,516.15,"{'lat': None, 'lon': None}","{'rh': 64.4, 'temp': 7.4, 'wd': 0.0, 'ws': 0.0, 'ws_scalar': 0.0}","{'gas': {'co': 18156, 'co2': 13273, 'no': 18157, 'no2': 18158, 'o3': 18159}, 'pm': {'pm1': 13236, 'pm10': 13238, 'pm25': 13237}}",9.54,14.75,13.19,3.77,15.49,3.98,610527375,64.4,MOD-00625,7.4,2026-02-15T18:50:30,2026-02-15T10:50:30,https://api.quant-aq.com/v1/devices/MOD-00625/data/610527224
338.01,516.15,"{'lat': None, 'lon': None}","{'rh': 64.8, 'temp': 7.3, 'wd': 0.0, 'ws': 0.0, 'ws_scalar': 0.0}","{'gas': {'co': 18156, 'co2': 13273, 'no': 18157, 'no2': 18158, 'o3': 18159}, 'pm': {'pm1': 13236, 'pm10': 13238, 'pm25': 13237}}",11.19,16.76,12.8,3.15,10.3,3.45,610527373,64.8,MOD-00625,7.3,2026-02-15T18:49:30,2026-02-15T10:49:30,https://api.quant-aq.com/v1/devices/MOD-00625/data/610527223
341.98,516.99,"{'lat': None, 'lon': None}","{'rh': 64.4, 'temp': 7.3, 'wd': 0.0, 'ws': 0.0, 'ws_scalar': 0.0}","{'gas': {'co': 18156, 'co2': 13273, 'no': 18157, 'no2': 18158, 'o3': 18159}, 'pm': {'pm1': 13236, 'pm10': 13238, 'pm25': 13237}}",11.84,16.78,13.29,3.13,4.64,3.37,610527371,64.4,MOD-00625,7.3,2026-02-15T18:48:30,2026-02-15T10:48:30,https://api.quant-aq.com/v1/devices/MOD-00625/data/610527219
344.37,514.1,"{'lat': None, 'lon': None}","{'rh': 64.5, 'temp': 7.3, 'wd': 0.0, 'ws': 0.0, 'ws_scalar': 0.0}","{'gas': {'co': 18156, 'co2': 13273, 'no': 18157, 'no2': 18158, 'o3': 18159}, 'pm': {'pm1': 13236, 'pm10': 13238, 'pm25': 13237}}",12.5,14.73,13.65,2.98,8.2,3.14,610525090,64.5,MOD-00625,7.3,2026-02-15T18:47:30,2026-02-15T10:47:30,https://api.quant-aq.com/v1/devices/MOD-00625/data/610524939
331.48,511.93,"{'lat': None, 'lon': None}","{'rh': 64.6, 'temp': 7.2, 'wd': 0.0, 'ws': 0.0, 'ws_scalar': 0.0}","{'gas': {'co': 18156, 'co2': 13273, 'no': 18157, 'no2': 18158, 'o3': 18159}, 'pm': {'pm1': 13236, 'pm10': 13238, 'pm25': 13237}}",15.12,15.39,13.53,2.79,32.17,3.08,610525089,64.6,MOD-00625,7.2,2026-02-15T18:46:30,2026-02-15T10:46:30,https://api.quant-aq.com/v1/devices/MOD-00625/data/610524938
338.79,515.18,"{'lat': None, 'lon': None}","{'rh': 64.7, 'temp': 7.2, 'wd': 0.0, 'ws': 0.0, 'ws_scalar': 0.0}","{'gas': {'co': 18156, 'co2': 13273, 'no': 18157, 'no2': 18158, 'o3': 18159}, 'pm': {'pm1': 13236, 'pm10': 13238, 'pm25': 13237}}",15.12,17.42,12.24,2.65,19.88,3.02,610525088,64.7,MOD-00625,7.2,2026-02-15T18:45:30,2026-02-15T10:45:30,https://api.quant-aq.com/v1/devices/MOD-00625/data/610524937
337.56,516.99,"{'lat': None, 'lon': None}","{'rh': 64.7, 'temp': 7.2, 'wd': 0.0, 'ws': 0.0, 'ws_scalar': 0.0}","{'gas': {'co': 18156, 'co2': 13273, 'no': 18157, 'no2': 18158, 'o3': 18159}, 'pm': {'pm1': 13236, 'pm10': 13238, 'pm25': 13237}}",15.78,16.75,11.45,3.28,27.36,3.6,610525087,64.7,MOD-00625,7.2,2026-02-15T18:44:30,2026-02-15T10:44:30,https://api.quant-aq.com/v1/devices/MOD-00625/data/610524936
343.73,518.19,"{'lat': None, 'lon': None}","{'rh': 65.1, 'temp': 7.1, 'wd': 0.0, 'ws': 0.0, 'ws_scalar': 0.0}","{'gas': {'co': 18156, 'co2': 13273, 'no': 18157, 'no2': 18158, 'o3': 18159}, 'pm': {'pm1': 13236, 'pm10': 13238, 'pm25': 13237}}",17.75,19.08,10.49,4.72,18.25,5.05,610522830,65.1,MOD-00625,7.1,2026-02-15T18:43:30,2026-02-15T10:43:30,https://api.quant-aq.com/v1/devices/MOD-00625/data/610522678
342.9,517.47,"{'lat': None, 'lon': None}","{'rh': 65.7, 'temp': 7.1, 'wd': 0.0, 'ws': 0.0, 'ws_scalar': 0.0}","{'gas': {'co': 18156, 'co2': 13273, 'no': 18157, 'no2': 18158, 'o3': 18159}, 'pm': {'pm1': 13236, 'pm10': 13238, 'pm25': 13237}}",20.47,20.77,8.33,4.1,16.48,4.49,610522828,65.7,MOD-00625,7.1,2026-02-15T18:42:30,2026-02-15T10:42:30,https://api.quant-aq.com/v1/devices/MOD-00625/data/610522677
337.84,518.56,"{'lat': None, 'lon': None}","{'rh': 65.9, 'temp': 7.1, 'wd': 0.0, 'ws': 0.0, 'ws_scalar': 0.0}","{'gas': {'co': 18156, 'co2': 13273, 'no': 18157, 'no2': 18158, 'o3': 18159}, 'pm': {'pm1': 13236, 'pm10': 13238, 'pm25': 13237}}",22.61,21.5,7.62,3.93,24.89,4.42,610522829,65.9,MOD-00625,7.1,2026-02-15T18:41:30,2026-02-15T10:41:30,https://api.quant-aq.com/v1/devices/MOD-00625/data/610522679
340.67,520.72,"{'lat': None, 'lon': None}","{'rh': 65.8, 'temp': 7.0, 'wd': 0.0, 'ws': 0.0, 'ws_scalar': 0.0}","{'gas': {'co': 18156, 'co2': 13273, 'no': 18157, 'no2': 18158, 'o3': 18159}, 'pm': {'pm1': 13236, 'pm10': 13238, 'pm25': 13237}}",24.36,21.49,8.55,4.69,39.35,5.1,610522831,65.8,MOD-00625,7.0,2026-02-15T18:40:30,2026-02-15T10:40:30,https://api.quant-aq.com/v1/devices/MOD-00625/data/610522680
340.74,520.36,"{'lat': None, 'lon': None}","{'rh': 65.7, 'temp': 7.0, 'wd': 0.0, 'ws': 0.0, 'ws_scalar': 0.0}","{'gas': {'co': 18156, 'co2': 13273, 'no': 18157, 'no2': 18158, 'o3': 18159}, 'pm': {'pm1': 13236, 'pm10': 13238, 'pm25': 13237}}",25.07,20.75,8.35,4.48,18.74,4.83,610520481,65.7,MOD-00625,7.0,2026-02-15T18:39:30,2026-02-15T10:39:30,https://api.quant-aq.com/v1/devices/MOD-00625/data/610520329
345.0,514.58,"{'lat': None, 'lon': None}","{'rh': 65.9, 'temp': 6.9, 'wd': 0.0, 'ws': 0.0, 'ws_scalar': 0.0}","{'gas': {'co': 18156, 'co2': 13273, 'no': 18157, 'no2': 18158, 'o3': 18159}, 'pm': {'pm1': 13236, 'pm10': 13238, 'pm25': 13237}}",23.64,19.84,9.63,4.19,29.87,4.46,610520479,65.9,MOD-00625,6.9,2026-02-15T18:38:30,2026-02-15T10:38:30,https://api.quant-aq.com/v1/devices/MOD-00625/data/610520327
345.69,515.42,"{'lat': None, 'lon': None}","{'rh': 65.5, 'temp': 6.9, 'wd': 0.0, 'ws': 0.0, 'ws_scalar': 0.0}","{'gas': {'co': 18156, 'co2': 13273, 'no': 18157, 'no2': 18158, 'o3': 18159}, 'pm': {'pm1': 13236, 'pm10': 13238, 'pm25': 13237}}",19.75,20.13,10.44,3.54,16.37,3.77,610520480,65.5,MOD-00625,6.9,2026-02-15T18:37:30,2026-02-15T10:37:30,https://api.quant-aq.com/v1/devices/MOD-00625/data/610520330
340.91,517.95,"{'lat': None, 'lon': None}","{'rh': 65.3, 'temp': 6.9, 'wd': 0.0, 'ws': 0.0, 'ws_scalar': 0.0}","{'gas': {'co': 18156, 'co2': 13273, 'no': 18157, 'no2': 18158, 'o3': 18159}, 'pm': {'pm1': 13236, 'pm10': 13238, 'pm25': 13237}}",17.47,19.04,10.5,3.28,11.69,3.6,610520478,65.3,MOD-00625,6.9,2026-02-15T18:36:30,2026-02-15T10:36:30,https://api.quant-aq.com/v1/devices/MOD-00625/data/610520328
347.22,518.8,"{'lat': None, 'lon': None}","{'rh': 65.5, 'temp': 6.8, 'wd': 0.0, 'ws': 0.0, 'ws_scalar': 0.0}","{'gas': {'co': 18156, 'co2': 13273, 'no': 18157, 'no2': 18158, 'o3': 18159}, 'pm': {'pm1': 13236, 'pm10': 13238, 'pm25': 13237}}",15.21,17.95,10.74,3.98,14.28,4.23,610518229,65.5,MOD-00625,6.8,2026-02-15T18:35:30,2026-02-15T10:35:30,https://api.quant-aq.com/v1/devices/MOD-00625/data/610518072
370.1,518.8,"{'lat': None, 'lon': None}","{'rh': 66.2, 'temp': 6.8, 'wd': 0.0, 'ws': 0.0, 'ws_scalar': 0.0}","{'gas': {'co': 18156, 'co2': 13273, 'no': 18157, 'no2': 18158, 'o3': 18159}, 'pm': {'pm1': 13236, 'pm10': 13238, 'pm25': 13237}}",14.23,18.98,11.35,4.04,6.73,4.32,610518225,66.2,MOD-00625,6.8,2026-02-15T18:34:30,2026-02-15T10:34:30,https://api.quant-aq.com/v1/devices/MOD-00625/data/610518076
375.25,520.48,"{'lat': None, 'lon': None}","{'rh': 66.3, 'temp': 6.7, 'wd': 0.0, 'ws': 0.0, 'ws_scalar': 0.0}","{'gas': {'co': 18156, 'co2': 13273, 'no': 18157, 'no2': 18158, 'o3': 18159}, 'pm': {'pm1': 13236, 'pm10': 13238, 'pm25': 13237}}",13.93,19.31,11.69,3.7,13.83,4.04,610518223,66.3,MOD-00625,6.7,2026-02-15T18:33:30,2026-02-15T10:33:30,https://api.quant-aq.com/v1/devices/MOD-00625/data/610518073
335.88,517.47,"{'lat': None, 'lon': None}","{'rh': 66.3, 'temp': 6.7, 'wd': 0.0, 'ws': 0.0, 'ws_scalar': 0.0}","{'gas': {'co': 18156, 'co2': 13273, 'no': 18157, 'no2': 18158, 'o3': 18159}, 'pm': {'pm1': 13236, 'pm10': 13238, 'pm25': 13237}}",12.95,19.31,9.87,3.16,14.51,3.48,610518227,66.3,MOD-00625,6.7,2026-02-15T18:32:30,2026-02-15T10:32:30,https://api.quant-aq.com/v1/devices/MOD-00625/data/610518078
334.92,521.69,"{'lat': None, 'lon': None}","{'rh': 66.5, 'temp': 6.7, 'wd': 0.0, 'ws': 0.0, 'ws_scalar': 0.0}","{'gas': {'co': 18156, 'co2': 13273, 'no': 18157, 'no2': 18158, 'o3': 18159}, 'pm': {'pm1': 13236, 'pm10': 13238, 'pm25': 13237}}",14.91,19.74,9.15,3.6,10.59,3.9,610515949,66.5,MOD-00625,6.7,2026-02-15T18:31:30,2026-02-15T10:31:30,https://api.quant-aq.com/v1/devices/MOD-00625/data/610515799
337.88,520.6,"{'lat': None, 'lon': None}","{'rh': 66.8, 'temp': 6.6, 'wd': 0.0, 'ws': 0.0, 'ws_scalar': 0.0}","{'gas': {'co': 18156, 'co2': 13273, 'no': 18157, 'no2': 18158, 'o3': 18159}, 'pm': {'pm1': 13236, 'pm10': 13238, 'pm25': 13237}}",17.21,20.49,8.77,3.38,14.84,3.73,610515951,66.8,MOD-00625,6.6,2026-02-15T18:30:30,2026-02-15T10:30:30,https://api.quant-aq.com/v1/devices/MOD-00625/data/610515800
342.8,519.64,"{'lat': None, 'lon': None}","{'rh': 66.8, 'temp': 6.6, 'wd': 0.0, 'ws': 0.0, 'ws_scalar': 0.0}","{'gas': {'co': 18156, 'co2': 13273, 'no': 18157, 'no2': 18158, 'o3': 18159}, 'pm': {'pm1': 13236, 'pm10': 13238, 'pm25': 13237}}",19.49,20.85,8.65,3.03,6.95,3.43,610515948,66.8,MOD-00625,6.6,2026-02-15T18:29:30,2026-02-15T10:29:30,https://api.quant-aq.com/v1/devices/MOD-00625/data/610515797
340.82,520.84,"{'lat': None, 'lon': None}","{'rh': 66.7, 'temp': 6.6, 'wd': 0.0, 'ws': 0.0, 'ws_scalar': 0.0}","{'gas': {'co': 18156, 'co2': 13273, 'no': 18157, 'no2': 18158, 'o3': 18159}, 'pm': {'pm1': 13236, 'pm10': 13238, 'pm25': 13237}}",22.55,21.25,8.99,3.65,20.45,4.03,610515950,66.7,MOD-00625,6.6,2026-02-15T18:28:30,2026-02-15T10:28:30,https://api.quant-aq.com/v1/devices/MOD-00625/data/610515798
360.53,521.93,"{'lat': None, 'lon': None}","{'rh': 67.1, 'temp': 6.5, 'wd': 0.0, 'ws': 0.0, 'ws_scalar': 0.0}","{'gas': {'co': 18156, 'co2': 13273, 'no': 18157, 'no2': 18158, 'o3': 18159}, 'pm': {'pm1': 13236, 'pm10': 13238, 'pm25': 13237}}",32.47,21.17,9.42,4.35,17.96,4.73,610513696,67.1,MOD-00625,6.5,2026-02-15T18:27:30,2026-02-15T10:27:30,https://api.quant-aq.com/v1/devices/MOD-00625/data/610513545
349.65,518.92,"{'lat': None, 'lon': None}","{'rh': 67.4, 'temp': 6.5, 'wd': 0.0, 'ws': 0.0, 'ws_scalar': 0.0}","{'gas': {'co': 18156, 'co2': 13273, 'no': 18157, 'no2': 18158, 'o3': 18159}, 'pm': {'pm1': 13236, 'pm10': 13238, 'pm25': 13237}}",25.74,20.07,8.86,4.04,11.84,4.52,610513694,67.4,MOD-00625,6.5,2026-02-15T18:26:30,2026-02-15T10:26:30,https://api.quant-aq.com/v1/devices/MOD-00625/data/610513543
331.39,518.92,"{'lat': None, 'lon': None}","{'rh': 67.7, 'temp': 6.5, 'wd': 0.0, 'ws': 0.0, 'ws_scalar': 0.0}","{'gas': {'co': 18156, 'co2': 13273, 'no': 18157, 'no2': 18158, 'o3': 18159}, 'pm': {'pm1': 13236, 'pm10': 13238, 'pm25': 13237}}",16.91,20.33,9.17,2.98,9.99,3.31,610513695,67.7,MOD-00625,6.5,2026-02-15T18:25:30,2026-02-15T10:25:30,https://api.quant-aq.com/v1/devices/MOD-00625/data/610513544
332.1,521.21,"{'lat': None, 'lon': None}","{'rh': 67.7, 'temp': 6.4, 'wd': 0.0, 'ws': 0.0, 'ws_scalar': 0.0}","{'gas': {'co': 18156, 'co2': 13273, 'no': 18157, 'no2': 18158, 'o3': 18159}, 'pm': {'pm1': 13236, 'pm10': 13238, 'pm25': 13237}}",17.25,19.75,9.43,2.84,8.2,2.96,610513693,67.7,MOD-00625,6.4,2026-02-15T18:24:30,2026-02-15T10:24:30,https://api.quant-aq.com/v1/devices/MOD-00625/data/610513542
335.1,522.89,"{'lat': None, 'lon': None}","{'rh': 68.1, 'temp': 6.4, 'wd': 0.0, 'ws': 0.0, 'ws_scalar': 0.0}","{'gas': {'co': 18156, 'co2': 13273, 'no': 18157, 'no2': 18158, 'o3': 18159}, 'pm': {'pm1': 13236, 'pm10': 13238, 'pm25': 13237}}",15.95,19.95,8.36,3.44,4.58,3.7,610511426,68.1,MOD-00625,6.4,2026-02-15T18:23:30,2026-02-15T10:23:30,https://api.quant-aq.com/v1/devices/MOD-00625/data/610511275
330.69,521.21,"{'lat': None, 'lon': None}","{'rh': 67.8, 'temp': 6.3, 'wd': 0.0, 'ws': 0.0, 'ws_scalar': 0.0}","{'gas': {'co': 18156, 'co2': 13273, 'no': 18157, 'no2': 18158, 'o3': 18159}, 'pm': {'pm1': 13236, 'pm10': 13238, 'pm25': 13237}}",17.6,19.72,9.43,3.34,10.57,3.65,610511425,67.8,MOD-00625,6.3,2026-02-15T18:22:30,2026-02-15T10:22:30,https://api.quant-aq.com/v1/devices/MOD-00625/data/610511274
341.97,521.69,"{'lat': None, 'lon': None}","{'rh': 68.1, 'temp': 6.3, 'wd': 0.0, 'ws': 0.0, 'ws_scalar': 0.0}","{'gas': {'co': 18156, 'co2': 13273, 'no': 18157, 'no2': 18158, 'o3': 18159}, 'pm': {'pm1': 13236, 'pm10': 13238, 'pm25': 13237}}",19.88,19.92,8.83,3.66,11.07,3.98,610511428,68.1,MOD-00625,6.3,2026-02-15T18:21:30,2026-02-15T10:21:30,https://api.quant-aq.com/v1/devices/MOD-00625/data/610511277
345.45,523.01,"{'lat': None, 'lon': None}","{'rh': 68.4, 'temp': 6.3, 'wd': 0.0, 'ws': 0.0, 'ws_scalar': 0.0}","{'gas': {'co': 18156, 'co2': 13273, 'no': 18157, 'no2': 18158, 'o3': 18159}, 'pm': {'pm1': 13236, 'pm10': 13238, 'pm25': 13237}}",20.21,20.92,8.44,3.77,19.44,4.05,610511427,68.4,MOD-00625,6.3,2026-02-15T18:20:30,2026-02-15T10:20:30,https://api.quant-aq.com/v1/devices/MOD-00625/data/610511276
346.85,523.49,"{'lat': None, 'lon': None}","{'rh': 68.0, 'temp': 6.2, 'wd': 0.0, 'ws': 0.0, 'ws_scalar': 0.0}","{'gas': {'co': 18156, 'co2': 13273, 'no': 18157, 'no2': 18158, 'o3': 18159}, 'pm': {'pm1': 13236, 'pm10': 13238, 'pm25': 13237}}",22.19,20.57,9.06,3.94,20.34,4.28,610509119,68.0,MOD-00625,6.2,2026-02-15T18:19:30,2026-02-15T10:19:30,https://api.quant-aq.com/v1/devices/MOD-00625/data/610508968
338.72,523.98,"{'lat': None, 'lon': None}","{'rh': 67.9, 'temp': 6.2, 'wd': 0.0, 'ws': 0.0, 'ws_scalar': 0.0}","{'gas': {'co': 18156, 'co2': 13273, 'no': 18157, 'no2': 18158, 'o3': 18159}, 'pm': {'pm1': 13236, 'pm10': 13238, 'pm25': 13237}}",22.87,20.59,9.52,4.03,11.27,4.25,610509117,67.9,MOD-00625,6.2,2026-02-15T18:18:30,2026-02-15T10:18:30,https://api.quant-aq.com/v1/devices/MOD-00625/data/610508965
336.13,522.53,"{'lat': None, 'lon': None}","{'rh': 67.5, 'temp': 6.2, 'wd': 0.0, 'ws': 0.0, 'ws_scalar': 0.0}","{'gas': {'co': 18156, 'co2': 13273, 'no': 18157, 'no2': 18158, 'o3': 18159}, 'pm': {'pm1': 13236, 'pm10': 13238, 'pm25': 13237}}",22.19,21.03,8.06,3.53,6.45,3.87,610509116,67.5,MOD-00625,6.2,2026-02-15T18:17:30,2026-02-15T10:17:30,https://api.quant-aq.com/v1/devices/MOD-00625/data/610508966
328.36,523.98,"{'lat': None, 'lon': None}","{'rh': 67.3, 'temp': 6.1, 'wd': 0.0, 'ws': 0.0, 'ws_scalar': 0.0}","{'gas': {'co': 18156, 'co2': 13273, 'no': 18157, 'no2': 18158, 'o3': 18159}, 'pm': {'pm1': 13236, 'pm10': 13238, 'pm25': 13237}}",25.32,20.3,8.34,3.07,6.1,3.36,610509118,67.3,MOD-00625,6.1,2026-02-15T18:16:30,2026-02-15T10:16:30,https://api.quant-aq.com/v1/devices/MOD-00625/data/610508967
336.75,522.29,"{'lat': None, 'lon': None}","{'rh': 68.2, 'temp': 6.1, 'wd': 0.0, 'ws': 0.0, 'ws_scalar': 0.0}","{'gas': {'co': 18156, 'co2': 13273, 'no': 18157, 'no2': 18158, 'o3': 18159}, 'pm': {'pm1': 13236, 'pm10': 13238, 'pm25': 13237}}",33.49,22.98,6.49,4.32,9.59,4.64,610506808,68.2,MOD-00625,6.1,2026-02-15T18:15:30,2026-02-15T10:15:30,https://api.quant-aq.com/v1/devices/MOD-00625/data/610506657
342.08,518.92,"{'lat': None, 'lon': None}","{'rh': 68.2, 'temp': 6.1, 'wd': 0.0, 'ws': 0.0, 'ws_scalar': 0.0}","{'gas': {'co': 18156, 'co2': 13273, 'no': 18157, 'no2': 18158, 'o3': 18159}, 'pm': {'pm1': 13236, 'pm10': 13238, 'pm25': 13237}}",45.48,21.72,7.78,4.23,7.43,4.54,610506810,68.2,MOD-00625,6.1,2026-02-15T18:14:30,2026-02-15T10:14:30,https://api.quant-aq.com/v1/devices/MOD-00625/data/610506659
339.62,522.29,"{'lat': None, 'lon': None}","{'rh': 68.2, 'temp': 6.1, 'wd': 0.0, 'ws': 0.0, 'ws_scalar': 0.0}","{'gas': {'co': 18156, 'co2': 13273, 'no': 18157, 'no2': 18158, 'o3': 18159}, 'pm': {'pm1': 13236, 'pm10': 13238, 'pm25': 13237}}",46.69,21.72,7.32,4.12,14.42,4.5,610506811,68.2,MOD-00625,6.1,2026-02-15T18:13:30,2026-02-15T10:13:30,https://api.quant-aq.com/v1/devices/MOD-00625/data/610506660
331.24,522.41,"{'lat': None, 'lon': None}","{'rh': 68.3, 'temp': 6.0, 'wd': 0.0, 'ws': 0.0, 'ws_scalar': 0.0}","{'gas': {'co': 18156, 'co2': 13273, 'no': 18157, 'no2': 18158, 'o3': 18159}, 'pm': {'pm1': 13236, 'pm10': 13238, 'pm25': 13237}}",44.41,21.27,8.82,4.27,13.95,4.61,610506809,68.3,MOD-00625,6.0,2026-02-15T18:12:30,2026-02-15T10:12:30,https://api.quant-aq.com/v1/devices/MOD-00625/data/610506658
329.19,521.33,"{'lat': None, 'lon': None}","{'rh': 68.3, 'temp': 6.0, 'wd': 0.0, 'ws': 0.0, 'ws_scalar': 0.0}","{'gas': {'co': 18156, 'co2': 13273, 'no': 18157, 'no2': 18158, 'o3': 18159}, 'pm': {'pm1': 13236, 'pm10': 13238, 'pm25': 13237}}",41.81,21.27,8.36,4.56,10.53,4.97,610504567,68.3,MOD-00625,6.0,2026-02-15T18:11:30,2026-02-15T10:11:30,https://api.quant-aq.com/v1/devices/MOD-00625/data/610504416
330.63,518.32,"{'lat': None, 'lon': None}","{'rh': 68.0, 'temp': 6.0, 'wd': 0.0, 'ws': 0.0, 'ws_scalar': 0.0}","{'gas': {'co': 18156, 'co2': 13273, 'no': 18157, 'no2': 18158, 'o3': 18159}, 'pm': {'pm1': 13236, 'pm10': 13238, 'pm25': 13237}}",45.13,19.64,8.09,4.85,5.47,5.14,610504568,68.0,MOD-00625,6.0,2026-02-15T18:10:30,2026-02-15T10:10:30,https://api.quant-aq.com/v1/devices/MOD-00625/data/610504417
321.63,520.97,"{'lat': None, 'lon': None}","{'rh': 68.4, 'temp': 5.9, 'wd': 0.0, 'ws': 0.0, 'ws_scalar': 0.0}","{'gas': {'co': 18156, 'co2': 13273, 'no': 18157, 'no2': 18158, 'o3': 18159}, 'pm': {'pm1': 13236, 'pm10': 13238, 'pm25': 13237}}",32.41,20.09,9.19,3.56,5.0,3.75,610504565,68.4,MOD-00625,5.9,2026-02-15T18:09:30,2026-02-15T10:09:30,https://api.quant-aq.com/v1/devices/MOD-00625/data/610504414
322.38,518.44,"{'lat': None, 'lon': None}","{'rh': 68.5, 'temp': 5.9, 'wd': 0.0, 'ws': 0.0, 'ws_scalar': 0.0}","{'gas': {'co': 18156, 'co2': 13273, 'no': 18157, 'no2': 18158, 'o3': 18159}, 'pm': {'pm1': 13236, 'pm10': 13238, 'pm25': 13237}}",24.61,20.43,8.6,2.67,4.91,2.79,610504566,68.5,MOD-00625,5.9,2026-02-15T18:08:30,2026-02-15T10:08:30,https://api.quant-aq.com/v1/devices/MOD-00625/data/610504415
317.95,519.52,"{'lat': None, 'lon': None}","{'rh': 68.8, 'temp': 5.8, 'wd': 0.0, 'ws': 0.0, 'ws_scalar': 0.0}","{'gas': {'co': 18156, 'co2': 13273, 'no': 18157, 'no2': 18158, 'o3': 18159}, 'pm': {'pm1': 13236, 'pm10': 13238, 'pm25': 13237}}",22.6,19.23,9.66,2.38,2.99,2.43,610502340,68.8,MOD-00625,5.8,2026-02-15T18:07:30,2026-02-15T10:07:30,https://api.quant-aq.com/v1/devices/MOD-00625/data/610502189
329.02,518.44,"{'lat': None, 'lon': None}","{'rh': 69.4, 'temp': 5.8, 'wd': 0.0, 'ws': 0.0, 'ws_scalar': 0.0}","{'gas': {'co': 18156, 'co2': 13273, 'no': 18157, 'no2': 18158, 'o3': 18159}, 'pm': {'pm1': 13236, 'pm10': 13238, 'pm25': 13237}}",21.3,19.63,7.88,2.76,4.37,2.85,610502339,69.4,MOD-00625,5.8,2026-02-15T18:06:30,2026-02-15T10:06:30,https://api.quant-aq.com/v1/devices/MOD-00625/data/610502188
341.24,523.98,"{'lat': None, 'lon': None}","{'rh': 70.1, 'temp': 5.8, 'wd': 0.0, 'ws': 0.0, 'ws_scalar': 0.0}","{'gas': {'co': 18156, 'co2': 13273, 'no': 18157, 'no2': 18158, 'o3': 18159}, 'pm': {'pm1': 13236, 'pm10': 13238, 'pm25': 13237}}",25.34,20.54,7.92,3.44,5.56,3.59,610502341,70.1,MOD-00625,5.8,2026-02-15T18:05:30,2026-02-15T10:05:30,https://api.quant-aq.com/v1/devices/MOD-00625/data/610502190
345.5,523.37,"{'lat': None, 'lon': None}","{'rh': 70.3, 'temp': 5.7, 'wd': 0.0, 'ws': 0.0, 'ws_scalar': 0.0}","{'gas': {'co': 18156, 'co2': 13273, 'no': 18157, 'no2': 18158, 'o3': 18159}, 'pm': {'pm1': 13236, 'pm10': 13238, 'pm25': 13237}}",26.04,19.77,9.07,3.73,6.95,3.99,610502338,70.3,MOD-00625,5.7,2026-02-15T18:04:30,2026-02-15T10:04:30,https://api.quant-aq.com/v1/devices/MOD-00625/data/610502187
333.12,522.05,"{'lat': None, 'lon': None}","{'rh': 70.4, 'temp': 5.7, 'wd': 0.0, 'ws': 0.0, 'ws_scalar': 0.0}","{'gas': {'co': 18156, 'co2': 13273, 'no': 18157, 'no2': 18158, 'o3': 18159}, 'pm': {'pm1': 13236, 'pm10': 13238, 'pm25': 13237}}",24.62,19.28,9.31,3.06,7.51,3.19,610500061,70.4,MOD-00625,5.7,2026-02-15T18:03:30,2026-02-15T10:03:30,https://api.quant-aq.com/v1/devices/MOD-00625/data/610499910
319.96,523.13,"{'lat': None, 'lon': None}","{'rh': 70.3, 'temp': 5.6, 'wd': 0.0, 'ws': 0.0, 'ws_scalar': 0.0}","{'gas': {'co': 18156, 'co2': 13273, 'no': 18157, 'no2': 18158, 'o3': 18159}, 'pm': {'pm1': 13236, 'pm10': 13238, 'pm25': 13237}}",18.08,19.16,10.82,2.78,7.2,3.07,610500059,70.3,MOD-00625,5.6,2026-02-15T18:02:30,2026-02-15T10:02:30,https://api.quant-aq.com/v1/devices/MOD-00625/data/610499907
311.28,520.84,"{'lat': None, 'lon': None}","{'rh': 70.4, 'temp': 5.6, 'wd': 0.0, 'ws': 0.0, 'ws_scalar': 0.0}","{'gas': {'co': 18156, 'co2': 13273, 'no': 18157, 'no2': 18158, 'o3': 18159}, 'pm': {'pm1': 13236, 'pm10': 13238, 'pm25': 13237}}",14.82,19.15,10.36,2.06,4.69,2.19,610500060,70.4,MOD-00625,5.6,2026-02-15T18:01:30,2026-02-15T10:01:30,https://api.quant-aq.com/v1/devices/MOD-00625/data/610499909
316.48,520.0,"{'lat': None, 'lon': None}","{'rh': 70.0, 'temp': 5.6, 'wd': 0.0, 'ws': 0.0, 'ws_scalar': 0.0}","{'gas': {'co': 18156, 'co2': 13273, 'no': 18157, 'no2': 18158, 'o3': 18159}, 'pm': {'pm1': 13236, 'pm10': 13238, 'pm25': 13237}}",14.82,18.97,11.09,2.24,7.53,2.39,610500058,70.0,MOD-00625,5.6,2026-02-15T18:00:30,2026-02-15T10:00:30,https://api.quant-aq.com/v1/devices/MOD-00625/data/610499908
321.08,523.74,"{'lat': None, 'lon': None}","{'rh': 70.3, 'temp': 5.5, 'wd': 0.0, 'ws': 0.0, 'ws_scalar': 0.0}","{'gas': {'co': 18156, 'co2': 13273, 'no': 18157, 'no2': 18158, 'o3': 18159}, 'pm': {'pm1': 13236, 'pm10': 13238, 'pm25': 13237}}",18.43,19.06,10.96,2.26,5.91,2.38,610497671,70.3,MOD-00625,5.5,2026-02-15T17:59:30,2026-02-15T09:59:30,https://api.quant-aq.com/v1/devices/MOD-00625/data/610497520
318.21,521.69,"{'lat': None, 'lon': None}","{'rh': 70.3, 'temp': 5.5, 'wd': 0.0, 'ws': 0.0, 'ws_scalar': 0.0}","{'gas': {'co': 18156, 'co2': 13273, 'no': 18157, 'no2': 18158, 'o3': 18159}, 'pm': {'pm1': 13236, 'pm10': 13238, 'pm25': 13237}}",18.76,19.06,10.5,2.54,8.68,2.73,610497669,70.3,MOD-00625,5.5,2026-02-15T17:58:30,2026-02-15T09:58:30,https://api.quant-aq.com/v1/devices/MOD-00625/data/610497519
317.53,519.88,"{'lat': None, 'lon': None}","{'rh': 70.1, 'temp': 5.5, 'wd': 0.0, 'ws': 0.0, 'ws_scalar': 0.0}","{'gas': {'co': 18156, 'co2': 13273, 'no': 18157, 'no2': 18158, 'o3': 18159}, 'pm': {'pm1': 13236, 'pm10': 13238, 'pm25': 13237}}",16.15,18.25,11.34,1.97,8.53,2.4,610497670,70.1,MOD-00625,5.5,2026-02-15T17:57:30,2026-02-15T09:57:30,https://api.quant-aq.com/v1/devices/MOD-00625/data/610497518
320.42,518.44,"{'lat': None, 'lon': None}","{'rh': 70.5, 'temp': 5.4, 'wd': 0.0, 'ws': 0.0, 'ws_scalar': 0.0}","{'gas': {'co': 18156, 'co2': 13273, 'no': 18157, 'no2': 18158, 'o3': 18159}, 'pm': {'pm1': 13236, 'pm10': 13238, 'pm25': 13237}}",16.5,18.67,10.74,1.99,6.13,2.25,610497672,70.5,MOD-00625,5.4,2026-02-15T17:56:30,2026-02-15T09:56:30,https://api.quant-aq.com/v1/devices/MOD-00625/data/610497521
326.97,522.53,"{'lat': None, 'lon': None}","{'rh': 71.1, 'temp': 5.4, 'wd': 0.0, 'ws': 0.0, 'ws_scalar': 0.0}","{'gas': {'co': 18156, 'co2': 13273, 'no': 18157, 'no2': 18158, 'o3': 18159}, 'pm': {'pm1': 13236, 'pm10': 13238, 'pm25': 13237}}",16.5,19.57,9.05,2.16,3.22,2.51,610495374,71.1,MOD-00625,5.4,2026-02-15T17:55:30,2026-02-15T09:55:30,https://api.quant-aq.com/v1/devices/MOD-00625/data/610495222
333.25,524.46,"{'lat': None, 'lon': None}","{'rh': 71.5, 'temp': 5.4, 'wd': 0.0, 'ws': 0.0, 'ws_scalar': 0.0}","{'gas': {'co': 18156, 'co2': 13273, 'no': 18157, 'no2': 18158, 'o3': 18159}, 'pm': {'pm1': 13236, 'pm10': 13238, 'pm25': 13237}}",20.08,19.07,9.72,2.48,9.53,2.77,610495371,71.5,MOD-00625,5.4,2026-02-15T17:54:30,2026-02-15T09:54:30,https://api.quant-aq.com/v1/devices/MOD-00625/data/610495220
324.45,524.1,"{'lat': None, 'lon': None}","{'rh': 71.6, 'temp': 5.3, 'wd': 0.0, 'ws': 0.0, 'ws_scalar': 0.0}","{'gas': {'co': 18156, 'co2': 13273, 'no': 18157, 'no2': 18158, 'o3': 18159}, 'pm': {'pm1': 13236, 'pm10': 13238, 'pm25': 13237}}",20.43,19.21,9.15,3.07,5.06,3.3,610495373,71.6,MOD-00625,5.3,2026-02-15T17:53:30,2026-02-15T09:53:30,https://api.quant-aq.com/v1/devices/MOD-00625/data/610495223
328.34,525.54,"{'lat': None, 'lon': None}","{'rh': 71.9, 'temp': 5.3, 'wd': 0.0, 'ws': 0.0, 'ws_scalar': 0.0}","{'gas': {'co': 18156, 'co2': 13273, 'no': 18157, 'no2': 18158, 'o3': 18159}, 'pm': {'pm1': 13236, 'pm10': 13238, 'pm25': 13237}}",20.75,19.43,8.54,3.23,7.96,3.39,610495372,71.9,MOD-00625,5.3,2026-02-15T17:52:30,2026-02-15T09:52:30,https://api.quant-aq.com/v1/devices/MOD-00625/data/610495221
337.16,526.51,"{'lat': None, 'lon': None}","{'rh': 72.2, 'temp': 5.3, 'wd': 0.0, 'ws': 0.0, 'ws_scalar': 0.0}","{'gas': {'co': 18156, 'co2': 13273, 'no': 18157, 'no2': 18158, 'o3': 18159}, 'pm': {'pm1': 13236, 'pm10': 13238, 'pm25': 13237}}",22.71,19.72,8.85,4.01,8.2,4.19,610493139,72.2,MOD-00625,5.3,2026-02-15T17:51:30,2026-02-15T09:51:30,https://api.quant-aq.com/v1/devices/MOD-00625/data/610492988
341.35,527.95,"{'lat': None, 'lon': None}","{'rh': 72.5, 'temp': 5.2, 'wd': 0.0, 'ws': 0.0, 'ws_scalar': 0.0}","{'gas': {'co': 18156, 'co2': 13273, 'no': 18157, 'no2': 18158, 'o3': 18159}, 'pm': {'pm1': 13236, 'pm10': 13238, 'pm25': 13237}}",24.04,18.83,9.0,3.07,10.08,3.37,610493137,72.5,MOD-00625,5.2,2026-02-15T17:50:30,2026-02-15T09:50:30,https://api.quant-aq.com/v1/devices/MOD-00625/data/610492986
358.83,530.96,"{'lat': None, 'lon': None}","{'rh': 73.3, 'temp': 5.2, 'wd': 0.0, 'ws': 0.0, 'ws_scalar': 0.0}","{'gas': {'co': 18156, 'co2': 13273, 'no': 18157, 'no2': 18158, 'o3': 18159}, 'pm': {'pm1': 13236, 'pm10': 13238, 'pm25': 13237}}",20.13,20.72,7.05,2.44,11.0,2.59,610493138,73.3,MOD-00625,5.2,2026-02-15T17:49:30,2026-02-15T09:49:30,https://api.quant-aq.com/v1/devices/MOD-00625/data/610492987
358.08,529.4,"{'lat': None, 'lon': None}","{'rh': 73.2, 'temp': 5.2, 'wd': 0.0, 'ws': 0.0, 'ws_scalar': 0.0}","{'gas': {'co': 18156, 'co2': 13273, 'no': 18157, 'no2': 18158, 'o3': 18159}, 'pm': {'pm1': 13236, 'pm10': 13238, 'pm25': 13237}}",18.82,19.21,9.37,2.51,10.44,2.85,610493136,73.2,MOD-00625,5.2,2026-02-15T17:48:30,2026-02-15T09:48:30,https://api.quant-aq.com/v1/devices/MOD-00625/data/610492985
351.41,529.16,"{'lat': None, 'lon': None}","{'rh': 73.2, 'temp': 5.1, 'wd': 0.0, 'ws': 0.0, 'ws_scalar': 0.0}","{'gas': {'co': 18156, 'co2': 13273, 'no': 18157, 'no2': 18158, 'o3': 18159}, 'pm': {'pm1': 13236, 'pm10': 13238, 'pm25': 13237}}",18.52,20.29,8.56,2.7,9.98,2.84,610490870,73.2,MOD-00625,5.1,2026-02-15T17:47:30,2026-02-15T09:47:30,https://api.quant-aq.com/v1/devices/MOD-00625/data/610490719
341.91,525.9,"{'lat': None, 'lon': None}","{'rh': 72.7, 'temp': 5.1, 'wd': 0.0, 'ws': 0.0, 'ws_scalar': 0.0}","{'gas': {'co': 18156, 'co2': 13273, 'no': 18157, 'no2': 18158, 'o3': 18159}, 'pm': {'pm1': 13236, 'pm10': 13238, 'pm25': 13237}}",16.89,18.78,10.7,2.49,7.2,2.69,610490869,72.7,MOD-00625,5.1,2026-02-15T17:46:30,2026-02-15T09:46:30,https://api.quant-aq.com/v1/devices/MOD-00625/data/610490718
353.98,518.68,"{'lat': None, 'lon': None}","{'rh': 72.3, 'temp': 5.0, 'wd': 0.0, 'ws': 0.0, 'ws_scalar': 0.0}","{'gas': {'co': 18156, 'co2': 13273, 'no': 18157, 'no2': 18158, 'o3': 18159}, 'pm': {'pm1': 13236, 'pm10': 13238, 'pm25': 13237}}",16.58,18.77,10.99,2.25,5.85,2.39,610490871,72.3,MOD-00625,5.0,2026-02-15T17:45:30,2026-02-15T09:45:30,https://api.quant-aq.com/v1/devices/MOD-00625/data/610490720
407.69,526.14,"{'lat': None, 'lon': None}","{'rh': 72.9, 'temp': 5.0, 'wd': 0.0, 'ws': 0.0, 'ws_scalar': 0.0}","{'gas': {'co': 18156, 'co2': 13273, 'no': 18157, 'no2': 18158, 'o3': 18159}, 'pm': {'pm1': 13236, 'pm10': 13238, 'pm25': 13237}}",20.17,18.57,8.79,2.41,3.02,2.63,610490872,72.9,MOD-00625,5.0,2026-02-15T17:44:30,2026-02-15T09:44:30,https://api.quant-aq.com/v1/devices/MOD-00625/data/610490721
507.06,537.23,"{'lat': None, 'lon': None}","{'rh': 73.9, 'temp': 5.0, 'wd': 0.0, 'ws': 0.0, 'ws_scalar': 0.0}","{'gas': {'co': 18156, 'co2': 13273, 'no': 18157, 'no2': 18158, 'o3': 18159}, 'pm': {'pm1': 13236, 'pm10': 13238, 'pm25': 13237}}",17.24,18.62,8.34,3.5,4.89,3.71,610488634,73.9,MOD-00625,5.0,2026-02-15T17:43:30,2026-02-15T09:43:30,https://api.quant-aq.com/v1/devices/MOD-00625/data/610488483
505.43,535.9,"{'lat': None, 'lon': None}","{'rh': 74.3, 'temp': 4.9, 'wd': 0.0, 'ws': 0.0, 'ws_scalar': 0.0}","{'gas': {'co': 18156, 'co2': 13273, 'no': 18157, 'no2': 18158, 'o3': 18159}, 'pm': {'pm1': 13236, 'pm10': 13238, 'pm25': 13237}}",15.95,18.54,6.96,3.5,12.57,3.69,610488633,74.3,MOD-00625,4.9,2026-02-15T17:42:30,2026-02-15T09:42:30,https://api.quant-aq.com/v1/devices/MOD-00625/data/610488482
375.97,537.59,"{'lat': None, 'lon': None}","{'rh': 74.7, 'temp': 4.9, 'wd': 0.0, 'ws': 0.0, 'ws_scalar': 0.0}","{'gas': {'co': 18156, 'co2': 13273, 'no': 18157, 'no2': 18158, 'o3': 18159}, 'pm': {'pm1': 13236, 'pm10': 13238, 'pm25': 13237}}",14.98,18.57,7.05,4.02,7.49,4.27,610488631,74.7,MOD-00625,4.9,2026-02-15T17:41:27,2026-02-15T09:41:27,https://api.quant-aq.com/v1/devices/MOD-00625/data/610488480
364.81,543.49,"{'lat': None, 'lon': None}","{'rh': 75.4, 'temp': 4.9, 'wd': 0.0, 'ws': 0.0, 'ws_scalar': 0.0}","{'gas': {'co': 18156, 'co2': 13273, 'no': 18157, 'no2': 18158, 'o3': 18159}, 'pm': {'pm1': 13236, 'pm10': 13238, 'pm25': 13237}}",15.3,18.43,7.79,4.33,15.43,4.6,610488632,75.4,MOD-00625,4.9,2026-02-15T17:40:27,2026-02-15T09:40:27,https://api.quant-aq.com/v1/devices/MOD-00625/data/610488481
372.21,539.88,"{'lat': None, 'lon': None}","{'rh': 75.8, 'temp': 4.8, 'wd': 0.0, 'ws': 0.0, 'ws_scalar': 0.0}","{'gas': {'co': 18156, 'co2': 13273, 'no': 18157, 'no2': 18158, 'o3': 18159}, 'pm': {'pm1': 13236, 'pm10': 13238, 'pm25': 13237}}",17.28,18.71,5.58,4.29,6.31,4.58,610486333,75.8,MOD-00625,4.8,2026-02-15T17:39:27,2026-02-15T09:39:27,https://api.quant-aq.com/v1/devices/MOD-00625/data/610486182
371.18,537.59,"{'lat': None, 'lon': None}","{'rh': 76.1, 'temp': 4.8, 'wd': 0.0, 'ws': 0.0, 'ws_scalar': 0.0}","{'gas': {'co': 18156, 'co2': 13273, 'no': 18157, 'no2': 18158, 'o3': 18159}, 'pm': {'pm1': 13236, 'pm10': 13238, 'pm25': 13237}}",22.17,20.61,5.85,3.55,8.55,3.86,610486331,76.1,MOD-00625,4.8,2026-02-15T17:38:27,2026-02-15T09:38:27,https://api.quant-aq.com/v1/devices/MOD-00625/data/610486181
375.9,546.26,"{'lat': None, 'lon': None}","{'rh': 75.8, 'temp': 4.8, 'wd': 0.0, 'ws': 0.0, 'ws_scalar': 0.0}","{'gas': {'co': 18156, 'co2': 13273, 'no': 18157, 'no2': 18158, 'o3': 18159}, 'pm': {'pm1': 13236, 'pm10': 13238, 'pm25': 13237}}",23.15,19.42,6.7,3.68,15.31,3.94,610486329,75.8,MOD-00625,4.8,2026-02-15T17:37:27,2026-02-15T09:37:27,https://api.quant-aq.com/v1/devices/MOD-00625/data/610486177
364.63,540.12,"{'lat': None, 'lon': None}","{'rh': 75.5, 'temp': 4.8, 'wd': 0.0, 'ws': 0.0, 'ws_scalar': 0.0}","{'gas': {'co': 18156, 'co2': 13273, 'no': 18157, 'no2': 18158, 'o3': 18159}, 'pm': {'pm1': 13236, 'pm10': 13238, 'pm25': 13237}}",23.8,18.76,6.97,3.24,5.15,3.56,610486334,75.5,MOD-00625,4.8,2026-02-15T17:36:27,2026-02-15T09:36:27,https://api.quant-aq.com/v1/devices/MOD-00625/data/610486183
365.86,538.55,"{'lat': None, 'lon': None}","{'rh': 75.5, 'temp': 4.8, 'wd': 0.0, 'ws': 0.0, 'ws_scalar': 0.0}","{'gas': {'co': 18156, 'co2': 13273, 'no': 18157, 'no2': 18158, 'o3': 18159}, 'pm': {'pm1': 13236, 'pm10': 13238, 'pm25': 13237}}",22.17,18.51,7.55,3.52,6.02,3.88,610484045,75.5,MOD-00625,4.8,2026-02-15T17:35:27,2026-02-15T09:35:27,https://api.quant-aq.com/v1/devices/MOD-00625/data/610483893
366.09,536.74,"{'lat': None, 'lon': None}","{'rh': 75.6, 'temp': 4.7, 'wd': 0.0, 'ws': 0.0, 'ws_scalar': 0.0}","{'gas': {'co': 18156, 'co2': 13273, 'no': 18157, 'no2': 18158, 'o3': 18159}, 'pm': {'pm1': 13236, 'pm10': 13238, 'pm25': 13237}}",19.91,18.52,8.04,3.5,6.74,3.67,610484046,75.6,MOD-00625,4.7,2026-02-15T17:34:27,2026-02-15T09:34:27,https://api.quant-aq.com/v1/devices/MOD-00625/data/610483895
374.97,540.6,"{'lat': None, 'lon': None}","{'rh': 75.8, 'temp': 4.7, 'wd': 0.0, 'ws': 0.0, 'ws_scalar': 0.0}","{'gas': {'co': 18156, 'co2': 13273, 'no': 18157, 'no2': 18158, 'o3': 18159}, 'pm': {'pm1': 13236, 'pm10': 13238, 'pm25': 13237}}",17.63,18.17,8.73,3.14,7.05,3.45,610484043,75.8,MOD-00625,4.7,2026-02-15T17:33:27,2026-02-15T09:33:27,https://api.quant-aq.com/v1/devices/MOD-00625/data/610483892
373.46,538.19,"{'lat': None, 'lon': None}","{'rh': 76.2, 'temp': 4.7, 'wd': 0.0, 'ws': 0.0, 'ws_scalar': 0.0}","{'gas': {'co': 18156, 'co2': 13273, 'no': 18157, 'no2': 18158, 'o3': 18159}, 'pm': {'pm1': 13236, 'pm10': 13238, 'pm25': 13237}}",14.04,18.16,8.25,3.48,7.26,3.73,610484044,76.2,MOD-00625,4.7,2026-02-15T17:32:27,2026-02-15T09:32:27,https://api.quant-aq.com/v1/devices/MOD-00625/data/610483894
386.91,538.43,"{'lat': None, 'lon': None}","{'rh': 76.9, 'temp': 4.7, 'wd': 0.0, 'ws': 0.0, 'ws_scalar': 0.0}","{'gas': {'co': 18156, 'co2': 13273, 'no': 18157, 'no2': 18158, 'o3': 18159}, 'pm': {'pm1': 13236, 'pm10': 13238, 'pm25': 13237}}",14.37,18.14,9.11,4.16,9.95,4.59,610481778,76.9,MOD-00625,4.7,2026-02-15T17:31:27,2026-02-15T09:31:27,https://api.quant-aq.com/v1/devices/MOD-00625/data/610481628
385.63,541.8,"{'lat': None, 'lon': None}","{'rh': 77.4, 'temp': 4.6, 'wd': 0.0, 'ws': 0.0, 'ws_scalar': 0.0}","{'gas': {'co': 18156, 'co2': 13273, 'no': 18157, 'no2': 18158, 'o3': 18159}, 'pm': {'pm1': 13236, 'pm10': 13238, 'pm25': 13237}}",15.37,18.08,7.68,5.73,11.32,6.05,610481773,77.4,MOD-00625,4.6,2026-02-15T17:30:27,2026-02-15T09:30:27,https://api.quant-aq.com/v1/devices/MOD-00625/data/610481623
376.2,540.12,"{'lat': None, 'lon': None}","{'rh': 77.4, 'temp': 4.6, 'wd': 0.0, 'ws': 0.0, 'ws_scalar': 0.0}","{'gas': {'co': 18156, 'co2': 13273, 'no': 18157, 'no2': 18158, 'o3': 18159}, 'pm': {'pm1': 13236, 'pm10': 13238, 'pm25': 13237}}",14.72,18.14,8.62,4.2,8.11,4.48,610481775,77.4,MOD-00625,4.6,2026-02-15T17:29:27,2026-02-15T09:29:27,https://api.quant-aq.com/v1/devices/MOD-00625/data/610481622
365.12,539.88,"{'lat': None, 'lon': None}","{'rh': 77.4, 'temp': 4.6, 'wd': 0.0, 'ws': 0.0, 'ws_scalar': 0.0}","{'gas': {'co': 18156, 'co2': 13273, 'no': 18157, 'no2': 18158, 'o3': 18159}, 'pm': {'pm1': 13236, 'pm10': 13238, 'pm25': 13237}}",13.09,18.39,7.92,3.96,7.93,4.48,610481780,77.4,MOD-00625,4.6,2026-02-15T17:28:27,2026-02-15T09:28:27,https://api.quant-aq.com/v1/devices/MOD-00625/data/610481629
358.22,539.39,"{'lat': None, 'lon': None}","{'rh': 77.3, 'temp': 4.6, 'wd': 0.0, 'ws': 0.0, 'ws_scalar': 0.0}","{'gas': {'co': 18156, 'co2': 13273, 'no': 18157, 'no2': 18158, 'o3': 18159}, 'pm': {'pm1': 13236, 'pm10': 13238, 'pm25': 13237}}",12.44,18.24,6.89,3.3,7.46,3.6,610479493,77.3,MOD-00625,4.6,2026-02-15T17:27:27,2026-02-15T09:27:27,https://api.quant-aq.com/v1/devices/MOD-00625/data/610479343
367.38,537.59,"{'lat': None, 'lon': None}","{'rh': 77.1, 'temp': 4.6, 'wd': 0.0, 'ws': 0.0, 'ws_scalar': 0.0}","{'gas': {'co': 18156, 'co2': 13273, 'no': 18157, 'no2': 18158, 'o3': 18159}, 'pm': {'pm1': 13236, 'pm10': 13238, 'pm25': 13237}}",13.74,17.68,7.86,3.72,8.91,3.97,610479492,77.1,MOD-00625,4.6,2026-02-15T17:26:27,2026-02-15T09:26:27,https://api.quant-aq.com/v1/devices/MOD-00625/data/610479341
368.13,537.1,"{'lat': None, 'lon': None}","{'rh': 77.2, 'temp': 4.6, 'wd': 0.0, 'ws': 0.0, 'ws_scalar': 0.0}","{'gas': {'co': 18156, 'co2': 13273, 'no': 18157, 'no2': 18158, 'o3': 18159}, 'pm': {'pm1': 13236, 'pm10': 13238, 'pm25': 13237}}",14.07,18.15,7.73,4.21,8.4,4.46,610479495,77.2,MOD-00625,4.6,2026-02-15T17:25:27,2026-02-15T09:25:27,https://api.quant-aq.com/v1/devices/MOD-00625/data/610479344
376.05,539.88,"{'lat': None, 'lon': None}","{'rh': 77.6, 'temp': 4.6, 'wd': 0.0, 'ws': 0.0, 'ws_scalar': 0.0}","{'gas': {'co': 18156, 'co2': 13273, 'no': 18157, 'no2': 18158, 'o3': 18159}, 'pm': {'pm1': 13236, 'pm10': 13238, 'pm25': 13237}}",15.37,18.38,6.99,4.06,9.77,4.4,610479494,77.6,MOD-00625,4.6,2026-02-15T17:24:27,2026-02-15T09:24:27,https://api.quant-aq.com/v1/devices/MOD-00625/data/610479342
373.66,537.83,"{'lat': None, 'lon': None}","{'rh': 77.5, 'temp': 4.6, 'wd': 0.0, 'ws': 0.0, 'ws_scalar': 0.0}","{'gas': {'co': 18156, 'co2': 13273, 'no': 18157, 'no2': 18158, 'o3': 18159}, 'pm': {'pm1': 13236, 'pm10': 13238, 'pm25': 13237}}",15.69,18.14,8.16,3.82,7.53,4.32,610477240,77.5,MOD-00625,4.6,2026-02-15T17:23:27,2026-02-15T09:23:27,https://api.quant-aq.com/v1/devices/MOD-00625/data/610477089
373.89,539.51,"{'lat': None, 'lon': None}","{'rh': 77.6, 'temp': 4.5, 'wd': 0.0, 'ws': 0.0, 'ws_scalar': 0.0}","{'gas': {'co': 18156, 'co2': 13273, 'no': 18157, 'no2': 18158, 'o3': 18159}, 'pm': {'pm1': 13236, 'pm10': 13238, 'pm25': 13237}}",15.39,18.15,7.25,3.97,8.5,4.43,610477238,77.6,MOD-00625,4.5,2026-02-15T17:22:27,2026-02-15T09:22:27,https://api.quant-aq.com/v1/devices/MOD-00625/data/610477087
377.85,537.23,"{'lat': None, 'lon': None}","{'rh': 77.8, 'temp': 4.5, 'wd': 0.0, 'ws': 0.0, 'ws_scalar': 0.0}","{'gas': {'co': 18156, 'co2': 13273, 'no': 18157, 'no2': 18158, 'o3': 18159}, 'pm': {'pm1': 13236, 'pm10': 13238, 'pm25': 13237}}",15.39,18.33,6.99,4.17,11.55,4.52,610477241,77.8,MOD-00625,4.5,2026-02-15T17:21:27,2026-02-15T09:21:27,https://api.quant-aq.com/v1/devices/MOD-00625/data/610477090
378.6,542.52,"{'lat': None, 'lon': None}","{'rh': 77.9, 'temp': 4.5, 'wd': 0.0, 'ws': 0.0, 'ws_scalar': 0.0}","{'gas': {'co': 18156, 'co2': 13273, 'no': 18157, 'no2': 18158, 'o3': 18159}, 'pm': {'pm1': 13236, 'pm10': 13238, 'pm25': 13237}}",16.04,18.36,6.65,4.2,8.53,4.72,610477239,77.9,MOD-00625,4.5,2026-02-15T17:20:27,2026-02-15T09:20:27,https://api.quant-aq.com/v1/devices/MOD-00625/data/610477088
380.24,541.92,"{'lat': None, 'lon': None}","{'rh': 77.9, 'temp': 4.5, 'wd': 0.0, 'ws': 0.0, 'ws_scalar': 0.0}","{'gas': {'co': 18156, 'co2': 13273, 'no': 18157, 'no2': 18158, 'o3': 18159}, 'pm': {'pm1': 13236, 'pm10': 13238, 'pm25': 13237}}",17.02,18.14,6.86,4.31,14.3,4.72,610474945,77.9,MOD-00625,4.5,2026-02-15T17:19:27,2026-02-15T09:19:27,https://api.quant-aq.com/v1/devices/MOD-00625/data/610474793
374.7,540.36,"{'lat': None, 'lon': None}","{'rh': 78.2, 'temp': 4.5, 'wd': 0.0, 'ws': 0.0, 'ws_scalar': 0.0}","{'gas': {'co': 18156, 'co2': 13273, 'no': 18157, 'no2': 18158, 'o3': 18159}, 'pm': {'pm1': 13236, 'pm10': 13238, 'pm25': 13237}}",17.02,18.12,6.38,4.6,20.77,5.13,610474947,78.2,MOD-00625,4.5,2026-02-15T17:18:27,2026-02-15T09:18:27,https://api.quant-aq.com/v1/devices/MOD-00625/data/610474796
377.64,538.91,"{'lat': None, 'lon': None}","{'rh': 78.1, 'temp': 4.5, 'wd': 0.0, 'ws': 0.0, 'ws_scalar': 0.0}","{'gas': {'co': 18156, 'co2': 13273, 'no': 18157, 'no2': 18158, 'o3': 18159}, 'pm': {'pm1': 13236, 'pm10': 13238, 'pm25': 13237}}",13.76,18.35,6.64,4.53,8.26,4.84,610474944,78.1,MOD-00625,4.5,2026-02-15T17:17:27,2026-02-15T09:17:27,https://api.quant-aq.com/v1/devices/MOD-00625/data/610474794
379.07,540.6,"{'lat': None, 'lon': None}","{'rh': 78.4, 'temp': 4.5, 'wd': 0.0, 'ws': 0.0, 'ws_scalar': 0.0}","{'gas': {'co': 18156, 'co2': 13273, 'no': 18157, 'no2': 18158, 'o3': 18159}, 'pm': {'pm1': 13236, 'pm10': 13238, 'pm25': 13237}}",14.41,18.3,6.03,4.52,16.24,4.94,610474946,78.4,MOD-00625,4.5,2026-02-15T17:16:27,2026-02-15T09:16:27,https://api.quant-aq.com/v1/devices/MOD-00625/data/610474795
385.35,540.96,"{'lat': None, 'lon': None}","{'rh': 78.8, 'temp': 4.5, 'wd': 0.0, 'ws': 0.0, 'ws_scalar': 0.0}","{'gas': {'co': 18156, 'co2': 13273, 'no': 18157, 'no2': 18158, 'o3': 18159}, 'pm': {'pm1': 13236, 'pm10': 13238, 'pm25': 13237}}",14.41,17.82,5.64,5.27,8.7,5.6,610472700,78.8,MOD-00625,4.5,2026-02-15T17:15:27,2026-02-15T09:15:27,https://api.quant-aq.com/v1/devices/MOD-00625/data/610472548
390.95,543.97,"{'lat': None, 'lon': None}","{'rh': 79.0, 'temp': 4.5, 'wd': 0.0, 'ws': 0.0, 'ws_scalar': 0.0}","{'gas': {'co': 18156, 'co2': 13273, 'no': 18157, 'no2': 18158, 'o3': 18159}, 'pm': {'pm1': 13236, 'pm10': 13238, 'pm25': 13237}}",14.4,17.8,5.62,5.49,8.13,5.78,610472699,79.0,MOD-00625,4.5,2026-02-15T17:14:27,2026-02-15T09:14:27,https://api.quant-aq.com/v1/devices/MOD-00625/data/610472549
392.32,542.52,"{'lat': None, 'lon': None}","{'rh': 78.8, 'temp': 4.5, 'wd': 0.0, 'ws': 0.0, 'ws_scalar': 0.0}","{'gas': {'co': 18156, 'co2': 13273, 'no': 18157, 'no2': 18158, 'o3': 18159}, 'pm': {'pm1': 13236, 'pm10': 13238, 'pm25': 13237}}",16.04,18.07,5.43,5.24,14.64,5.73,610472697,78.8,MOD-00625,4.5,2026-02-15T17:13:27,2026-02-15T09:13:27,https://api.quant-aq.com/v1/devices/MOD-00625/data/610472546
393.21,539.88,"{'lat': None, 'lon': None}","{'rh': 78.7, 'temp': 4.5, 'wd': 0.0, 'ws': 0.0, 'ws_scalar': 0.0}","{'gas': {'co': 18156, 'co2': 13273, 'no': 18157, 'no2': 18158, 'o3': 18159}, 'pm': {'pm1': 13236, 'pm10': 13238, 'pm25': 13237}}",16.37,18.08,6.35,5.51,8.92,5.98,610472698,78.7,MOD-00625,4.5,2026-02-15T17:12:27,2026-02-15T09:12:27,https://api.quant-aq.com/v1/devices/MOD-00625/data/610472547
392.88,541.92,"{'lat': None, 'lon': None}","{'rh': 78.6, 'temp': 4.5, 'wd': 0.0, 'ws': 0.0, 'ws_scalar': 0.0}","{'gas': {'co': 18156, 'co2': 13273, 'no': 18157, 'no2': 18158, 'o3': 18159}, 'pm': {'pm1': 13236, 'pm10': 13238, 'pm25': 13237}}",16.37,17.9,5.77,5.02,13.29,5.34,610470440,78.6,MOD-00625,4.5,2026-02-15T17:11:27,2026-02-15T09:11:27,https://api.quant-aq.com/v1/devices/MOD-00625/data/610470290
402.65,541.8,"{'lat': None, 'lon': None}","{'rh': 78.7, 'temp': 4.5, 'wd': 0.0, 'ws': 0.0, 'ws_scalar': 0.0}","{'gas': {'co': 18156, 'co2': 13273, 'no': 18157, 'no2': 18158, 'o3': 18159}, 'pm': {'pm1': 13236, 'pm10': 13238, 'pm25': 13237}}",16.04,17.83,5.19,4.84,6.53,5.12,610470442,78.7,MOD-00625,4.5,2026-02-15T17:10:27,2026-02-15T09:10:27,https://api.quant-aq.com/v1/devices/MOD-00625/data/610470291
402.68,543.85,"{'lat': None, 'lon': None}","{'rh': 78.5, 'temp': 4.4, 'wd': 0.0, 'ws': 0.0, 'ws_scalar': 0.0}","{'gas': {'co': 18156, 'co2': 13273, 'no': 18157, 'no2': 18158, 'o3': 18159}, 'pm': {'pm1': 13236, 'pm10': 13238, 'pm25': 13237}}",16.06,18.04,7.28,4.54,9.37,4.91,610470439,78.5,MOD-00625,4.4,2026-02-15T17:09:27,2026-02-15T09:09:27,https://api.quant-aq.com/v1/devices/MOD-00625/data/610470288
390.11,538.91,"{'lat': None, 'lon': None}","{'rh': 78.3, 'temp': 4.4, 'wd': 0.0, 'ws': 0.0, 'ws_scalar': 0.0}","{'gas': {'co': 18156, 'co2': 13273, 'no': 18157, 'no2': 18158, 'o3': 18159}, 'pm': {'pm1': 13236, 'pm10': 13238, 'pm25': 13237}}",15.41,18.06,6.39,4.34,11.92,4.82,610470441,78.3,MOD-00625,4.4,2026-02-15T17:08:27,2026-02-15T09:08:27,https://api.quant-aq.com/v1/devices/MOD-00625/data/610470289
386.97,537.83,"{'lat': None, 'lon': None}","{'rh': 78.1, 'temp': 4.4, 'wd': 0.0, 'ws': 0.0, 'ws_scalar': 0.0}","{'gas': {'co': 18156, 'co2': 13273, 'no': 18157, 'no2': 18158, 'o3': 18159}, 'pm': {'pm1': 13236, 'pm10': 13238, 'pm25': 13237}}",16.06,17.9,6.74,3.88,7.21,4.31,610468172,78.1,MOD-00625,4.4,2026-02-15T17:07:27,2026-02-15T09:07:27,https://api.quant-aq.com/v1/devices/MOD-00625/data/610468021
389.09,536.38,"{'lat': None, 'lon': None}","{'rh': 78.0, 'temp': 4.4, 'wd': 0.0, 'ws': 0.0, 'ws_scalar': 0.0}","{'gas': {'co': 18156, 'co2': 13273, 'no': 18157, 'no2': 18158, 'o3': 18159}, 'pm': {'pm1': 13236, 'pm10': 13238, 'pm25': 13237}}",17.37,17.91,6.29,3.64,16.46,4.0,610468169,78.0,MOD-00625,4.4,2026-02-15T17:06:27,2026-02-15T09:06:27,https://api.quant-aq.com/v1/devices/MOD-00625/data/610468019
384.29,540.72,"{'lat': None, 'lon': None}","{'rh': 78.4, 'temp': 4.4, 'wd': 0.0, 'ws': 0.0, 'ws_scalar': 0.0}","{'gas': {'co': 18156, 'co2': 13273, 'no': 18157, 'no2': 18158, 'o3': 18159}, 'pm': {'pm1': 13236, 'pm10': 13238, 'pm25': 13237}}",18.67,17.83,5.68,4.71,8.76,5.09,610468170,78.4,MOD-00625,4.4,2026-02-15T17:05:27,2026-02-15T09:05:27,https://api.quant-aq.com/v1/devices/MOD-00625/data/610468018
381.01,539.51,"{'lat': None, 'lon': None}","{'rh': 78.4, 'temp': 4.4, 'wd': 0.0, 'ws': 0.0, 'ws_scalar': 0.0}","{'gas': {'co': 18156, 'co2': 13273, 'no': 18157, 'no2': 18158, 'o3': 18159}, 'pm': {'pm1': 13236, 'pm10': 13238, 'pm25': 13237}}",20.3,18.92,5.18,4.59,6.3,5.03,610468171,78.4,MOD-00625,4.4,2026-02-15T17:04:27,2026-02-15T09:04:27,https://api.quant-aq.com/v1/devices/MOD-00625/data/610468020
380.12,542.16,"{'lat': None, 'lon': None}","{'rh': 78.5, 'temp': 4.4, 'wd': 0.0, 'ws': 0.0, 'ws_scalar': 0.0}","{'gas': {'co': 18156, 'co2': 13273, 'no': 18157, 'no2': 18158, 'o3': 18159}, 'pm': {'pm1': 13236, 'pm10': 13238, 'pm25': 13237}}",21.61,18.52,5.3,4.13,9.71,4.32,610465913,78.5,MOD-00625,4.4,2026-02-15T17:03:27,2026-02-15T09:03:27,https://api.quant-aq.com/v1/devices/MOD-00625/data/610465761
390.71,540.72,"{'lat': None, 'lon': None}","{'rh': 78.6, 'temp': 4.4, 'wd': 0.0, 'ws': 0.0, 'ws_scalar': 0.0}","{'gas': {'co': 18156, 'co2': 13273, 'no': 18157, 'no2': 18158, 'o3': 18159}, 'pm': {'pm1': 13236, 'pm10': 13238, 'pm25': 13237}}",23.56,18.5,5.29,3.91,15.71,4.21,610465909,78.6,MOD-00625,4.4,2026-02-15T17:02:27,2026-02-15T09:02:27,https://api.quant-aq.com/v1/devices/MOD-00625/data/610465760
383.94,539.03,"{'lat': None, 'lon': None}","{'rh': 78.9, 'temp': 4.4, 'wd': 0.0, 'ws': 0.0, 'ws_scalar': 0.0}","{'gas': {'co': 18156, 'co2': 13273, 'no': 18157, 'no2': 18158, 'o3': 18159}, 'pm': {'pm1': 13236, 'pm10': 13238, 'pm25': 13237}}",22.58,18.84,5.6,4.11,6.63,4.38,610465911,78.9,MOD-00625,4.4,2026-02-15T17:01:27,2026-02-15T09:01:27,https://api.quant-aq.com/v1/devices/MOD-00625/data/610465759
383.26,545.05,"{'lat': None, 'lon': None}","{'rh': 78.7, 'temp': 4.4, 'wd': 0.0, 'ws': 0.0, 'ws_scalar': 0.0}","{'gas': {'co': 18156, 'co2': 13273, 'no': 18157, 'no2': 18158, 'o3': 18159}, 'pm': {'pm1': 13236, 'pm10': 13238, 'pm25': 13237}}",22.91,18.87,5.16,3.98,8.4,4.28,610465915,78.7,MOD-00625,4.4,2026-02-15T17:00:27,2026-02-15T09:00:27,https://api.quant-aq.com/v1/devices/MOD-00625/data/610465762
377.93,538.55,"{'lat': None, 'lon': None}","{'rh': 78.7, 'temp': 4.4, 'wd': 0.0, 'ws': 0.0, 'ws_scalar': 0.0}","{'gas': {'co': 18156, 'co2': 13273, 'no': 18157, 'no2': 18158, 'o3': 18159}, 'pm': {'pm1': 13236, 'pm10': 13238, 'pm25': 13237}}",24.54,18.49,5.29,4.27,5.98,4.56,610463602,78.7,MOD-00625,4.4,2026-02-15T16:59:27,2026-02-15T08:59:27,https://api.quant-aq.com/v1/devices/MOD-00625/data/610463451
379.91,539.88,"{'lat': None, 'lon': None}","{'rh': 78.8, 'temp': 4.4, 'wd': 0.0, 'ws': 0.0, 'ws_scalar': 0.0}","{'gas': {'co': 18156, 'co2': 13273, 'no': 18157, 'no2': 18158, 'o3': 18159}, 'pm': {'pm1': 13236, 'pm10': 13238, 'pm25': 13237}}",26.49,19.26,5.94,4.59,5.84,4.9,610463599,78.8,MOD-00625,4.4,2026-02-15T16:58:27,2026-02-15T08:58:27,https://api.quant-aq.com/v1/devices/MOD-00625/data/610463447
379.84,536.26,"{'lat': None, 'lon': None}","{'rh': 78.9, 'temp': 4.4, 'wd': 0.0, 'ws': 0.0, 'ws_scalar': 0.0}","{'gas': {'co': 18156, 'co2': 13273, 'no': 18157, 'no2': 18158, 'o3': 18159}, 'pm': {'pm1': 13236, 'pm10': 13238, 'pm25': 13237}}",27.47,19.24,5.02,4.61,10.46,4.99,610463598,78.9,MOD-00625,4.4,2026-02-15T16:57:27,2026-02-15T08:57:27,https://api.quant-aq.com/v1/devices/MOD-00625/data/610463446
366.04,537.47,"{'lat': None, 'lon': None}","{'rh': 78.7, 'temp': 4.4, 'wd': 0.0, 'ws': 0.0, 'ws_scalar': 0.0}","{'gas': {'co': 18156, 'co2': 13273, 'no': 18157, 'no2': 18158, 'o3': 18159}, 'pm': {'pm1': 13236, 'pm10': 13238, 'pm25': 13237}}",25.84,19.27,5.95,5.0,6.82,5.22,610463601,78.7,MOD-00625,4.4,2026-02-15T16:56:27,2026-02-15T08:56:27,https://api.quant-aq.com/v1/devices/MOD-00625/data/610463448
356.15,535.18,"{'lat': None, 'lon': None}","{'rh': 78.6, 'temp': 4.3, 'wd': 0.0, 'ws': 0.0, 'ws_scalar': 0.0}","{'gas': {'co': 18156, 'co2': 13273, 'no': 18157, 'no2': 18158, 'o3': 18159}, 'pm': {'pm1': 13236, 'pm10': 13238, 'pm25': 13237}}",22.28,18.48,5.3,3.71,4.34,3.91,610461331,78.6,MOD-00625,4.3,2026-02-15T16:55:27,2026-02-15T08:55:27,https://api.quant-aq.com/v1/devices/MOD-00625/data/610461180
369.21,531.68,"{'lat': None, 'lon': None}","{'rh': 78.7, 'temp': 4.3, 'wd': 0.0, 'ws': 0.0, 'ws_scalar': 0.0}","{'gas': {'co': 18156, 'co2': 13273, 'no': 18157, 'no2': 18158, 'o3': 18159}, 'pm': {'pm1': 13236, 'pm10': 13238, 'pm25': 13237}}",24.56,18.12,5.88,4.09,8.27,4.37,610461329,78.7,MOD-00625,4.3,2026-02-15T16:54:27,2026-02-15T08:54:27,https://api.quant-aq.com/v1/devices/MOD-00625/data/610461179
374.81,536.14,"{'lat': None, 'lon': None}","{'rh': 78.9, 'temp': 4.3, 'wd': 0.0, 'ws': 0.0, 'ws_scalar': 0.0}","{'gas': {'co': 18156, 'co2': 13273, 'no': 18157, 'no2': 18158, 'o3': 18159}, 'pm': {'pm1': 13236, 'pm10': 13238, 'pm25': 13237}}",26.84,18.43,5.74,4.49,8.8,4.7,610461332,78.9,MOD-00625,4.3,2026-02-15T16:53:27,2026-02-15T08:53:27,https://api.quant-aq.com/v1/devices/MOD-00625/data/610461181
379.18,535.66,"{'lat': None, 'lon': None}","{'rh': 79.1, 'temp': 4.3, 'wd': 0.0, 'ws': 0.0, 'ws_scalar': 0.0}","{'gas': {'co': 18156, 'co2': 13273, 'no': 18157, 'no2': 18158, 'o3': 18159}, 'pm': {'pm1': 13236, 'pm10': 13238, 'pm25': 13237}}",23.26,18.4,6.18,5.07,13.28,5.28,610461330,79.1,MOD-00625,4.3,2026-02-15T16:52:27,2026-02-15T08:52:27,https://api.quant-aq.com/v1/devices/MOD-00625/data/610461178
375.22,539.15,"{'lat': None, 'lon': None}","{'rh': 78.9, 'temp': 4.3, 'wd': 0.0, 'ws': 0.0, 'ws_scalar': 0.0}","{'gas': {'co': 18156, 'co2': 13273, 'no': 18157, 'no2': 18158, 'o3': 18159}, 'pm': {'pm1': 13236, 'pm10': 13238, 'pm25': 13237}}",18.69,18.09,5.86,5.43,10.93,5.84,610459084,78.9,MOD-00625,4.3,2026-02-15T16:51:27,2026-02-15T08:51:27,https://api.quant-aq.com/v1/devices/MOD-00625/data/610458932
369.21,533.73,"{'lat': None, 'lon': None}","{'rh': 78.7, 'temp': 4.3, 'wd': 0.0, 'ws': 0.0, 'ws_scalar': 0.0}","{'gas': {'co': 18156, 'co2': 13273, 'no': 18157, 'no2': 18158, 'o3': 18159}, 'pm': {'pm1': 13236, 'pm10': 13238, 'pm25': 13237}}",18.37,17.78,7.61,4.81,6.75,5.12,610459086,78.7,MOD-00625,4.3,2026-02-15T16:50:27,2026-02-15T08:50:27,https://api.quant-aq.com/v1/devices/MOD-00625/data/610458935
356.22,532.53,"{'lat': None, 'lon': None}","{'rh': 78.5, 'temp': 4.3, 'wd': 0.0, 'ws': 0.0, 'ws_scalar': 0.0}","{'gas': {'co': 18156, 'co2': 13273, 'no': 18157, 'no2': 18158, 'o3': 18159}, 'pm': {'pm1': 13236, 'pm10': 13238, 'pm25': 13237}}",17.06,17.8,6.26,3.75,10.29,4.12,610459085,78.5,MOD-00625,4.3,2026-02-15T16:49:27,2026-02-15T08:49:27,https://api.quant-aq.com/v1/devices/MOD-00625/data/610458934
336.75,533.85,"{'lat': None, 'lon': None}","{'rh': 78.2, 'temp': 4.3, 'wd': 0.0, 'ws': 0.0, 'ws_scalar': 0.0}","{'gas': {'co': 18156, 'co2': 13273, 'no': 18157, 'no2': 18158, 'o3': 18159}, 'pm': {'pm1': 13236, 'pm10': 13238, 'pm25': 13237}}",11.77,18.24,6.99,2.78,6.42,2.99,610459083,78.2,MOD-00625,4.3,2026-02-15T16:48:27,2026-02-15T08:48:27,https://api.quant-aq.com/v1/devices/MOD-00625/data/610458933
346.75,532.05,"{'lat': None, 'lon': None}","{'rh': 78.4, 'temp': 4.2, 'wd': 0.0, 'ws': 0.0, 'ws_scalar': 0.0}","{'gas': {'co': 18156, 'co2': 13273, 'no': 18157, 'no2': 18158, 'o3': 18159}, 'pm': {'pm1': 13236, 'pm10': 13238, 'pm25': 13237}}",12.43,17.87,5.58,2.5,4.62,2.75,610456797,78.4,MOD-00625,4.2,2026-02-15T16:47:27,2026-02-15T08:47:27,https://api.quant-aq.com/v1/devices/MOD-00625/data/610456645
385.97,536.14,"{'lat': None, 'lon': None}","{'rh': 79.2, 'temp': 4.2, 'wd': 0.0, 'ws': 0.0, 'ws_scalar': 0.0}","{'gas': {'co': 18156, 'co2': 13273, 'no': 18157, 'no2': 18158, 'o3': 18159}, 'pm': {'pm1': 13236, 'pm10': 13238, 'pm25': 13237}}",23.28,18.36,4.36,3.9,12.83,4.4,610456798,79.2,MOD-00625,4.2,2026-02-15T16:46:27,2026-02-15T08:46:27,https://api.quant-aq.com/v1/devices/MOD-00625/data/610456647
387.61,536.98,"{'lat': None, 'lon': None}","{'rh': 79.2, 'temp': 4.2, 'wd': 0.0, 'ws': 0.0, 'ws_scalar': 0.0}","{'gas': {'co': 18156, 'co2': 13273, 'no': 18157, 'no2': 18158, 'o3': 18159}, 'pm': {'pm1': 13236, 'pm10': 13238, 'pm25': 13237}}",25.23,19.15,3.2,4.2,17.25,4.88,610456793,79.2,MOD-00625,4.2,2026-02-15T16:45:27,2026-02-15T08:45:27,https://api.quant-aq.com/v1/devices/MOD-00625/data/610456643
395.88,537.47,"{'lat': None, 'lon': None}","{'rh': 79.1, 'temp': 4.2, 'wd': 0.0, 'ws': 0.0, 'ws_scalar': 0.0}","{'gas': {'co': 18156, 'co2': 13273, 'no': 18157, 'no2': 18158, 'o3': 18159}, 'pm': {'pm1': 13236, 'pm10': 13238, 'pm25': 13237}}",27.19,20.0,2.96,4.93,14.13,5.61,610456795,79.1,MOD-00625,4.2,2026-02-15T16:44:27,2026-02-15T08:44:27,https://api.quant-aq.com/v1/devices/MOD-00625/data/610456644
402.45,541.44,"{'lat': None, 'lon': None}","{'rh': 79.1, 'temp': 4.2, 'wd': 0.0, 'ws': 0.0, 'ws_scalar': 0.0}","{'gas': {'co': 18156, 'co2': 13273, 'no': 18157, 'no2': 18158, 'o3': 18159}, 'pm': {'pm1': 13236, 'pm10': 13238, 'pm25': 13237}}",29.2,19.58,4.0,5.55,11.74,6.06,610454550,79.1,MOD-00625,4.2,2026-02-15T16:43:27,2026-02-15T08:43:27,https://api.quant-aq.com/v1/devices/MOD-00625/data/610454399
398.75,537.35,"{'lat': None, 'lon': None}","{'rh': 79.1, 'temp': 4.2, 'wd': 0.0, 'ws': 0.0, 'ws_scalar': 0.0}","{'gas': {'co': 18156, 'co2': 13273, 'no': 18157, 'no2': 18158, 'o3': 18159}, 'pm': {'pm1': 13236, 'pm10': 13238, 'pm25': 13237}}",29.2,18.76,3.79,5.7,12.75,6.2,610454551,79.1,MOD-00625,4.2,2026-02-15T16:42:27,2026-02-15T08:42:27,https://api.quant-aq.com/v1/devices/MOD-00625/data/610454400
394.17,535.66,"{'lat': None, 'lon': None}","{'rh': 79.2, 'temp': 4.2, 'wd': 0.0, 'ws': 0.0, 'ws_scalar': 0.0}","{'gas': {'co': 18156, 'co2': 13273, 'no': 18157, 'no2': 18158, 'o3': 18159}, 'pm': {'pm1': 13236, 'pm10': 13238, 'pm25': 13237}}",30.26,19.15,2.29,5.27,9.85,5.68,610454548,79.2,MOD-00625,4.2,2026-02-15T16:41:27,2026-02-15T08:41:27,https://api.quant-aq.com/v1/devices/MOD-00625/data/610454397
398.2,537.71,"{'lat': None, 'lon': None}","{'rh': 79.3, 'temp': 4.2, 'wd': 0.0, 'ws': 0.0, 'ws_scalar': 0.0}","{'gas': {'co': 18156, 'co2': 13273, 'no': 18157, 'no2': 18158, 'o3': 18159}, 'pm': {'pm1': 13236, 'pm10': 13238, 'pm25': 13237}}",31.33,19.13,3.19,4.44,12.14,4.81,610454546,79.3,MOD-00625,4.2,2026-02-15T16:40:27,2026-02-15T08:40:27,https://api.quant-aq.com/v1/devices/MOD-00625/data/610454395
404.07,540.12,"{'lat': None, 'lon': None}","{'rh': 79.7, 'temp': 4.2, 'wd': 0.0, 'ws': 0.0, 'ws_scalar': 0.0}","{'gas': {'co': 18156, 'co2': 13273, 'no': 18157, 'no2': 18158, 'o3': 18159}, 'pm': {'pm1': 13236, 'pm10': 13238, 'pm25': 13237}}",35.97,18.66,3.74,4.51,7.42,4.86,610452287,79.7,MOD-00625,4.2,2026-02-15T16:39:27,2026-02-15T08:39:27,https://api.quant-aq.com/v1/devices/MOD-00625/data/610452136
417.4,538.91,"{'lat': None, 'lon': None}","{'rh': 80.0, 'temp': 4.2, 'wd': 0.0, 'ws': 0.0, 'ws_scalar': 0.0}","{'gas': {'co': 18156, 'co2': 13273, 'no': 18157, 'no2': 18158, 'o3': 18159}, 'pm': {'pm1': 13236, 'pm10': 13238, 'pm25': 13237}}",37.13,20.7,3.1,4.83,7.44,5.11,610452286,80.0,MOD-00625,4.2,2026-02-15T16:38:27,2026-02-15T08:38:27,https://api.quant-aq.com/v1/devices/MOD-00625/data/610452135
414.87,538.43,"{'lat': None, 'lon': None}","{'rh': 80.1, 'temp': 4.2, 'wd': 0.0, 'ws': 0.0, 'ws_scalar': 0.0}","{'gas': {'co': 18156, 'co2': 13273, 'no': 18157, 'no2': 18158, 'o3': 18159}, 'pm': {'pm1': 13236, 'pm10': 13238, 'pm25': 13237}}",34.41,19.84,2.89,4.6,5.47,4.95,610452285,80.1,MOD-00625,4.2,2026-02-15T16:37:27,2026-02-15T08:37:27,https://api.quant-aq.com/v1/devices/MOD-00625/data/610452133
412.7,538.07,"{'lat': None, 'lon': None}","{'rh': 80.1, 'temp': 4.1, 'wd': 0.0, 'ws': 0.0, 'ws_scalar': 0.0}","{'gas': {'co': 18156, 'co2': 13273, 'no': 18157, 'no2': 18158, 'o3': 18159}, 'pm': {'pm1': 13236, 'pm10': 13238, 'pm25': 13237}}",35.6,20.24,3.23,4.88,9.27,5.1,610452284,80.1,MOD-00625,4.1,2026-02-15T16:36:27,2026-02-15T08:36:27,https://api.quant-aq.com/v1/devices/MOD-00625/data/610452134
403.61,540.24,"{'lat': None, 'lon': None}","{'rh': 80.2, 'temp': 4.1, 'wd': 0.0, 'ws': 0.0, 'ws_scalar': 0.0}","{'gas': {'co': 18156, 'co2': 13273, 'no': 18157, 'no2': 18158, 'o3': 18159}, 'pm': {'pm1': 13236, 'pm10': 13238, 'pm25': 13237}}",40.27,18.97,3.59,5.81,6.27,5.9,610450007,80.2,MOD-00625,4.1,2026-02-15T16:35:27,2026-02-15T08:35:27,https://api.quant-aq.com/v1/devices/MOD-00625/data/610449856
392.4,535.78,"{'lat': None, 'lon': None}","{'rh': 80.4, 'temp': 4.1, 'wd': 0.0, 'ws': 0.0, 'ws_scalar': 0.0}","{'gas': {'co': 18156, 'co2': 13273, 'no': 18157, 'no2': 18158, 'o3': 18159}, 'pm': {'pm1': 13236, 'pm10': 13238, 'pm25': 13237}}",39.1,18.53,4.16,4.69,6.67,4.83,610450004,80.4,MOD-00625,4.1,2026-02-15T16:34:27,2026-02-15T08:34:27,https://api.quant-aq.com/v1/devices/MOD-00625/data/610449853
390.42,533.85,"{'lat': None, 'lon': None}","{'rh': 80.3, 'temp': 4.1, 'wd': 0.0, 'ws': 0.0, 'ws_scalar': 0.0}","{'gas': {'co': 18156, 'co2': 13273, 'no': 18157, 'no2': 18158, 'o3': 18159}, 'pm': {'pm1': 13236, 'pm10': 13238, 'pm25': 13237}}",37.93,18.95,3.13,4.14,7.88,4.36,610450006,80.3,MOD-00625,4.1,2026-02-15T16:33:27,2026-02-15T08:33:27,https://api.quant-aq.com/v1/devices/MOD-00625/data/610449855
389.53,533.25,"{'lat': None, 'lon': None}","{'rh': 80.4, 'temp': 4.1, 'wd': 0.0, 'ws': 0.0, 'ws_scalar': 0.0}","{'gas': {'co': 18156, 'co2': 13273, 'no': 18157, 'no2': 18158, 'o3': 18159}, 'pm': {'pm1': 13236, 'pm10': 13238, 'pm25': 13237}}",38.32,19.77,2.42,5.0,7.36,5.33,610450005,80.4,MOD-00625,4.1,2026-02-15T16:32:27,2026-02-15T08:32:27,https://api.quant-aq.com/v1/devices/MOD-00625/data/610449854
400.87,535.66,"{'lat': None, 'lon': None}","{'rh': 80.6, 'temp': 4.1, 'wd': 0.0, 'ws': 0.0, 'ws_scalar': 0.0}","{'gas': {'co': 18156, 'co2': 13273, 'no': 18157, 'no2': 18158, 'o3': 18159}, 'pm': {'pm1': 13236, 'pm10': 13238, 'pm25': 13237}}",41.43,18.91,3.56,4.97,5.87,5.1,610447764,80.6,MOD-00625,4.1,2026-02-15T16:31:27,2026-02-15T08:31:27,https://api.quant-aq.com/v1/devices/MOD-00625/data/610447613
402.03,536.14,"{'lat': None, 'lon': None}","{'rh': 80.7, 'temp': 4.1, 'wd': 0.0, 'ws': 0.0, 'ws_scalar': 0.0}","{'gas': {'co': 18156, 'co2': 13273, 'no': 18157, 'no2': 18158, 'o3': 18159}, 'pm': {'pm1': 13236, 'pm10': 13238, 'pm25': 13237}}",39.88,20.15,3.19,4.28,4.82,4.38,610447763,80.7,MOD-00625,4.1,2026-02-15T16:30:27,2026-02-15T08:30:27,https://api.quant-aq.com/v1/devices/MOD-00625/data/610447612
407.98,539.51,"{'lat': None, 'lon': None}","{'rh': 80.4, 'temp': 4.1, 'wd': 0.0, 'ws': 0.0, 'ws_scalar': 0.0}","{'gas': {'co': 18156, 'co2': 13273, 'no': 18157, 'no2': 18158, 'o3': 18159}, 'pm': {'pm1': 13236, 'pm10': 13238, 'pm25': 13237}}",38.32,19.35,3.46,4.72,5.0,4.86,610447765,80.4,MOD-00625,4.1,2026-02-15T16:29:27,2026-02-15T08:29:27,https://api.quant-aq.com/v1/devices/MOD-00625/data/610447614
415.77,543.49,"{'lat': None, 'lon': None}","{'rh': 80.4, 'temp': 4.1, 'wd': 0.0, 'ws': 0.0, 'ws_scalar': 0.0}","{'gas': {'co': 18156, 'co2': 13273, 'no': 18157, 'no2': 18158, 'o3': 18159}, 'pm': {'pm1': 13236, 'pm10': 13238, 'pm25': 13237}}",36.77,20.19,3.67,4.85,5.29,4.9,610447762,80.4,MOD-00625,4.1,2026-02-15T16:28:27,2026-02-15T08:28:27,https://api.quant-aq.com/v1/devices/MOD-00625/data/610447610
444.69,543.25,"{'lat': None, 'lon': None}","{'rh': 80.1, 'temp': 4.1, 'wd': 0.0, 'ws': 0.0, 'ws_scalar': 0.0}","{'gas': {'co': 18156, 'co2': 13273, 'no': 18157, 'no2': 18158, 'o3': 18159}, 'pm': {'pm1': 13236, 'pm10': 13238, 'pm25': 13237}}",36.38,19.82,2.9,4.29,4.84,4.42,610445487,80.1,MOD-00625,4.1,2026-02-15T16:27:27,2026-02-15T08:27:27,https://api.quant-aq.com/v1/devices/MOD-00625/data/610445336
457.1,546.86,"{'lat': None, 'lon': None}","{'rh': 79.8, 'temp': 4.0, 'wd': 0.0, 'ws': 0.0, 'ws_scalar': 0.0}","{'gas': {'co': 18156, 'co2': 13273, 'no': 18157, 'no2': 18158, 'o3': 18159}, 'pm': {'pm1': 13236, 'pm10': 13238, 'pm25': 13237}}",33.68,19.42,3.06,4.62,6.95,4.91,610445489,79.8,MOD-00625,4.0,2026-02-15T16:26:27,2026-02-15T08:26:27,https://api.quant-aq.com/v1/devices/MOD-00625/data/610445338
465.44,547.58,"{'lat': None, 'lon': None}","{'rh': 79.6, 'temp': 4.0, 'wd': 0.0, 'ws': 0.0, 'ws_scalar': 0.0}","{'gas': {'co': 18156, 'co2': 13273, 'no': 18157, 'no2': 18158, 'o3': 18159}, 'pm': {'pm1': 13236, 'pm10': 13238, 'pm25': 13237}}",32.52,20.71,2.7,4.35,6.41,4.53,610445486,79.6,MOD-00625,4.0,2026-02-15T16:25:27,2026-02-15T08:25:27,https://api.quant-aq.com/v1/devices/MOD-00625/data/610445334
467.63,548.91,"{'lat': None, 'lon': None}","{'rh': 79.4, 'temp': 4.0, 'wd': 0.0, 'ws': 0.0, 'ws_scalar': 0.0}","{'gas': {'co': 18156, 'co2': 13273, 'no': 18157, 'no2': 18158, 'o3': 18159}, 'pm': {'pm1': 13236, 'pm10': 13238, 'pm25': 13237}}",33.69,20.32,3.75,4.18,6.22,4.41,610445488,79.4,MOD-00625,4.0,2026-02-15T16:24:27,2026-02-15T08:24:27,https://api.quant-aq.com/v1/devices/MOD-00625/data/610445337
474.41,549.63,"{'lat': None, 'lon': None}","{'rh': 79.1, 'temp': 4.0, 'wd': 0.0, 'ws': 0.0, 'ws_scalar': 0.0}","{'gas': {'co': 18156, 'co2': 13273, 'no': 18157, 'no2': 18158, 'o3': 18159}, 'pm': {'pm1': 13236, 'pm10': 13238, 'pm25': 13237}}",34.08,19.95,2.99,4.24,6.62,4.51,610443246,79.1,MOD-00625,4.0,2026-02-15T16:23:27,2026-02-15T08:23:27,https://api.quant-aq.com/v1/devices/MOD-00625/data/610443095
454.72,545.54,"{'lat': None, 'lon': None}","{'rh': 79.1, 'temp': 4.0, 'wd': 0.0, 'ws': 0.0, 'ws_scalar': 0.0}","{'gas': {'co': 18156, 'co2': 13273, 'no': 18157, 'no2': 18158, 'o3': 18159}, 'pm': {'pm1': 13236, 'pm10': 13238, 'pm25': 13237}}",33.69,21.21,1.25,3.71,4.66,3.96,610443248,79.1,MOD-00625,4.0,2026-02-15T16:22:27,2026-02-15T08:22:27,https://api.quant-aq.com/v1/devices/MOD-00625/data/610443096
460.87,548.79,"{'lat': None, 'lon': None}","{'rh': 79.1, 'temp': 4.0, 'wd': 0.0, 'ws': 0.0, 'ws_scalar': 0.0}","{'gas': {'co': 18156, 'co2': 13273, 'no': 18157, 'no2': 18158, 'o3': 18159}, 'pm': {'pm1': 13236, 'pm10': 13238, 'pm25': 13237}}",34.08,20.79,1.37,4.24,4.95,4.38,610443249,79.1,MOD-00625,4.0,2026-02-15T16:21:27,2026-02-15T08:21:27,https://api.quant-aq.com/v1/devices/MOD-00625/data/610443098
463.4,547.94,"{'lat': None, 'lon': None}","{'rh': 79.0, 'temp': 4.0, 'wd': 0.0, 'ws': 0.0, 'ws_scalar': 0.0}","{'gas': {'co': 18156, 'co2': 13273, 'no': 18157, 'no2': 18158, 'o3': 18159}, 'pm': {'pm1': 13236, 'pm10': 13238, 'pm25': 13237}}",34.47,19.97,2.08,3.81,4.09,4.02,610443247,79.0,MOD-00625,4.0,2026-02-15T16:20:27,2026-02-15T08:20:27,https://api.quant-aq.com/v1/devices/MOD-00625/data/610443097
464.59,554.93,"{'lat': None, 'lon': None}","{'rh': 78.9, 'temp': 3.9, 'wd': 0.0, 'ws': 0.0, 'ws_scalar': 0.0}","{'gas': {'co': 18156, 'co2': 13273, 'no': 18157, 'no2': 18158, 'o3': 18159}, 'pm': {'pm1': 13236, 'pm10': 13238, 'pm25': 13237}}",34.88,20.8,2.31,4.13,5.7,4.26,610440992,78.9,MOD-00625,3.9,2026-02-15T16:19:27,2026-02-15T08:19:27,https://api.quant-aq.com/v1/devices/MOD-00625/data/610440840
470.07,552.64,"{'lat': None, 'lon': None}","{'rh': 78.7, 'temp': 3.9, 'wd': 0.0, 'ws': 0.0, 'ws_scalar': 0.0}","{'gas': {'co': 18156, 'co2': 13273, 'no': 18157, 'no2': 18158, 'o3': 18159}, 'pm': {'pm1': 13236, 'pm10': 13238, 'pm25': 13237}}",35.66,20.41,2.45,4.15,5.0,4.34,610440990,78.7,MOD-00625,3.9,2026-02-15T16:18:27,2026-02-15T08:18:27,https://api.quant-aq.com/v1/devices/MOD-00625/data/610440841
481.76,554.57,"{'lat': None, 'lon': None}","{'rh': 78.4, 'temp': 3.9, 'wd': 0.0, 'ws': 0.0, 'ws_scalar': 0.0}","{'gas': {'co': 18156, 'co2': 13273, 'no': 18157, 'no2': 18158, 'o3': 18159}, 'pm': {'pm1': 13236, 'pm10': 13238, 'pm25': 13237}}",41.5,20.45,2.01,4.06,6.83,4.25,610440991,78.4,MOD-00625,3.9,2026-02-15T16:17:27,2026-02-15T08:17:27,https://api.quant-aq.com/v1/devices/MOD-00625/data/610440838
493.79,556.98,"{'lat': None, 'lon': None}","{'rh': 78.2, 'temp': 3.9, 'wd': 0.0, 'ws': 0.0, 'ws_scalar': 0.0}","{'gas': {'co': 18156, 'co2': 13273, 'no': 18157, 'no2': 18158, 'o3': 18159}, 'pm': {'pm1': 13236, 'pm10': 13238, 'pm25': 13237}}",47.38,20.07,2.61,3.89,4.02,3.98,610440993,78.2,MOD-00625,3.9,2026-02-15T16:16:27,2026-02-15T08:16:27,https://api.quant-aq.com/v1/devices/MOD-00625/data/610440842
502.48,557.82,"{'lat': None, 'lon': None}","{'rh': 78.1, 'temp': 3.9, 'wd': 0.0, 'ws': 0.0, 'ws_scalar': 0.0}","{'gas': {'co': 18156, 'co2': 13273, 'no': 18157, 'no2': 18158, 'o3': 18159}, 'pm': {'pm1': 13236, 'pm10': 13238, 'pm25': 13237}}",44.95,20.92,2.83,3.79,5.14,3.96,610438721,78.1,MOD-00625,3.9,2026-02-15T16:15:27,2026-02-15T08:15:27,https://api.quant-aq.com/v1/devices/MOD-00625/data/610438570
499.0,555.89,"{'lat': None, 'lon': None}","{'rh': 77.8, 'temp': 3.9, 'wd': 0.0, 'ws': 0.0, 'ws_scalar': 0.0}","{'gas': {'co': 18156, 'co2': 13273, 'no': 18157, 'no2': 18158, 'o3': 18159}, 'pm': {'pm1': 13236, 'pm10': 13238, 'pm25': 13237}}",44.45,18.88,3.92,4.29,6.98,4.44,610438720,77.8,MOD-00625,3.9,2026-02-15T16:14:27,2026-02-15T08:14:27,https://api.quant-aq.com/v1/devices/MOD-00625/data/610438569
498.66,556.74,"{'lat': None, 'lon': None}","{'rh': 77.7, 'temp': 3.9, 'wd': 0.0, 'ws': 0.0, 'ws_scalar': 0.0}","{'gas': {'co': 18156, 'co2': 13273, 'no': 18157, 'no2': 18158, 'o3': 18159}, 'pm': {'pm1': 13236, 'pm10': 13238, 'pm25': 13237}}",43.11,19.31,3.81,3.81,5.22,3.96,610438718,77.7,MOD-00625,3.9,2026-02-15T16:13:27,2026-02-15T08:13:27,https://api.quant-aq.com/v1/devices/MOD-00625/data/610438567
485.8,549.15,"{'lat': None, 'lon': None}","{'rh': 77.9, 'temp': 3.9, 'wd': 0.0, 'ws': 0.0, 'ws_scalar': 0.0}","{'gas': {'co': 18156, 'co2': 13273, 'no': 18157, 'no2': 18158, 'o3': 18159}, 'pm': {'pm1': 13236, 'pm10': 13238, 'pm25': 13237}}",36.84,19.69,2.3,3.66,14.7,3.74,610438719,77.9,MOD-00625,3.9,2026-02-15T16:12:27,2026-02-15T08:12:27,https://api.quant-aq.com/v1/devices/MOD-00625/data/610438568
480.61,552.28,"{'lat': None, 'lon': None}","{'rh': 77.7, 'temp': 3.9, 'wd': 0.0, 'ws': 0.0, 'ws_scalar': 0.0}","{'gas': {'co': 18156, 'co2': 13273, 'no': 18157, 'no2': 18158, 'o3': 18159}, 'pm': {'pm1': 13236, 'pm10': 13238, 'pm25': 13237}}",36.84,20.56,2.98,3.91,14.31,4.1,610436480,77.7,MOD-00625,3.9,2026-02-15T16:11:27,2026-02-15T08:11:27,https://api.quant-aq.com/v1/devices/MOD-00625/data/610436329
486.76,553.61,"{'lat': None, 'lon': None}","{'rh': 77.7, 'temp': 3.9, 'wd': 0.0, 'ws': 0.0, 'ws_scalar': 0.0}","{'gas': {'co': 18156, 'co2': 13273, 'no': 18157, 'no2': 18158, 'o3': 18159}, 'pm': {'pm1': 13236, 'pm10': 13238, 'pm25': 13237}}",37.23,19.31,2.89,3.72,6.64,3.88,610436478,77.7,MOD-00625,3.9,2026-02-15T16:10:27,2026-02-15T08:10:27,https://api.quant-aq.com/v1/devices/MOD-00625/data/610436327
485.53,554.57,"{'lat': None, 'lon': None}","{'rh': 77.7, 'temp': 3.9, 'wd': 0.0, 'ws': 0.0, 'ws_scalar': 0.0}","{'gas': {'co': 18156, 'co2': 13273, 'no': 18157, 'no2': 18158, 'o3': 18159}, 'pm': {'pm1': 13236, 'pm10': 13238, 'pm25': 13237}}",38.39,19.72,2.77,3.22,8.63,3.35,610436479,77.7,MOD-00625,3.9,2026-02-15T16:09:27,2026-02-15T08:09:27,https://api.quant-aq.com/v1/devices/MOD-00625/data/610436328
486.69,552.04,"{'lat': None, 'lon': None}","{'rh': 77.8, 'temp': 3.9, 'wd': 0.0, 'ws': 0.0, 'ws_scalar': 0.0}","{'gas': {'co': 18156, 'co2': 13273, 'no': 18157, 'no2': 18158, 'o3': 18159}, 'pm': {'pm1': 13236, 'pm10': 13238, 'pm25': 13237}}",38.78,19.71,3.22,3.47,14.75,3.69,610436477,77.8,MOD-00625,3.9,2026-02-15T16:08:27,2026-02-15T08:08:27,https://api.quant-aq.com/v1/devices/MOD-00625/data/610436326
487.92,553.85,"{'lat': None, 'lon': None}","{'rh': 77.8, 'temp': 3.9, 'wd': 0.0, 'ws': 0.0, 'ws_scalar': 0.0}","{'gas': {'co': 18156, 'co2': 13273, 'no': 18157, 'no2': 18158, 'o3': 18159}, 'pm': {'pm1': 13236, 'pm10': 13238, 'pm25': 13237}}",32.95,20.13,2.64,3.08,3.66,3.37,610434241,77.8,MOD-00625,3.9,2026-02-15T16:07:27,2026-02-15T08:07:27,https://api.quant-aq.com/v1/devices/MOD-00625/data/610434090
488.47,557.22,"{'lat': None, 'lon': None}","{'rh': 77.6, 'temp': 3.9, 'wd': 0.0, 'ws': 0.0, 'ws_scalar': 0.0}","{'gas': {'co': 18156, 'co2': 13273, 'no': 18157, 'no2': 18158, 'o3': 18159}, 'pm': {'pm1': 13236, 'pm10': 13238, 'pm25': 13237}}",32.95,19.32,2.44,3.77,12.11,3.93,610434238,77.6,MOD-00625,3.9,2026-02-15T16:06:27,2026-02-15T08:06:27,https://api.quant-aq.com/v1/devices/MOD-00625/data/610434087
493.47,555.05,"{'lat': None, 'lon': None}","{'rh': 77.5, 'temp': 3.9, 'wd': 0.0, 'ws': 0.0, 'ws_scalar': 0.0}","{'gas': {'co': 18156, 'co2': 13273, 'no': 18157, 'no2': 18158, 'o3': 18159}, 'pm': {'pm1': 13236, 'pm10': 13238, 'pm25': 13237}}",31.39,19.75,3.24,2.91,3.77,3.07,610434239,77.5,MOD-00625,3.9,2026-02-15T16:05:27,2026-02-15T08:05:27,https://api.quant-aq.com/v1/devices/MOD-00625/data/610434088
506.59,556.38,"{'lat': None, 'lon': None}","{'rh': 77.5, 'temp': 3.9, 'wd': 0.0, 'ws': 0.0, 'ws_scalar': 0.0}","{'gas': {'co': 18156, 'co2': 13273, 'no': 18157, 'no2': 18158, 'o3': 18159}, 'pm': {'pm1': 13236, 'pm10': 13238, 'pm25': 13237}}",29.21,19.75,2.33,3.27,5.24,3.41,610434240,77.5,MOD-00625,3.9,2026-02-15T16:04:27,2026-02-15T08:04:27,https://api.quant-aq.com/v1/devices/MOD-00625/data/610434089
511.85,556.98,"{'lat': None, 'lon': None}","{'rh': 77.6, 'temp': 3.9, 'wd': 0.0, 'ws': 0.0, 'ws_scalar': 0.0}","{'gas': {'co': 18156, 'co2': 13273, 'no': 18157, 'no2': 18158, 'o3': 18159}, 'pm': {'pm1': 13236, 'pm10': 13238, 'pm25': 13237}}",27.58,21.84,2.16,3.56,14.05,3.79,610431990,77.6,MOD-00625,3.9,2026-02-15T16:03:27,2026-02-15T08:03:27,https://api.quant-aq.com/v1/devices/MOD-00625/data/610431839
513.97,556.98,"{'lat': None, 'lon': None}","{'rh': 77.5, 'temp': 3.9, 'wd': 0.0, 'ws': 0.0, 'ws_scalar': 0.0}","{'gas': {'co': 18156, 'co2': 13273, 'no': 18157, 'no2': 18158, 'o3': 18159}, 'pm': {'pm1': 13236, 'pm10': 13238, 'pm25': 13237}}",28.23,20.59,1.63,3.48,13.75,3.6,610431988,77.5,MOD-00625,3.9,2026-02-15T16:02:27,2026-02-15T08:02:27,https://api.quant-aq.com/v1/devices/MOD-00625/data/610431837
522.13,558.54,"{'lat': None, 'lon': None}","{'rh': 77.4, 'temp': 3.8, 'wd': 0.0, 'ws': 0.0, 'ws_scalar': 0.0}","{'gas': {'co': 18156, 'co2': 13273, 'no': 18157, 'no2': 18158, 'o3': 18159}, 'pm': {'pm1': 13236, 'pm10': 13238, 'pm25': 13237}}",28.25,21.42,1.4,3.17,4.13,3.42,610431989,77.4,MOD-00625,3.8,2026-02-15T16:01:27,2026-02-15T08:01:27,https://api.quant-aq.com/v1/devices/MOD-00625/data/610431838
525.15,559.87,"{'lat': None, 'lon': None}","{'rh': 77.2, 'temp': 3.8, 'wd': 0.0, 'ws': 0.0, 'ws_scalar': 0.0}","{'gas': {'co': 18156, 'co2': 13273, 'no': 18157, 'no2': 18158, 'o3': 18159}, 'pm': {'pm1': 13236, 'pm10': 13238, 'pm25': 13237}}",28.91,21.04,1.99,3.21,3.58,3.39,610431987,77.2,MOD-00625,3.8,2026-02-15T16:00:27,2026-02-15T08:00:27,https://api.quant-aq.com/v1/devices/MOD-00625/data/610431836
525.77,563.6,"{'lat': None, 'lon': None}","{'rh': 76.9, 'temp': 3.8, 'wd': 0.0, 'ws': 0.0, 'ws_scalar': 0.0}","{'gas': {'co': 18156, 'co2': 13273, 'no': 18157, 'no2': 18158, 'o3': 18159}, 'pm': {'pm1': 13236, 'pm10': 13238, 'pm25': 13237}}",32.2,21.5,2.35,3.44,3.95,3.61,610429733,76.9,MOD-00625,3.8,2026-02-15T15:59:27,2026-02-15T07:59:27,https://api.quant-aq.com/v1/devices/MOD-00625/data/610429582
523.45,565.05,"{'lat': None, 'lon': None}","{'rh': 76.7, 'temp': 3.8, 'wd': 0.0, 'ws': 0.0, 'ws_scalar': 0.0}","{'gas': {'co': 18156, 'co2': 13273, 'no': 18157, 'no2': 18158, 'o3': 18159}, 'pm': {'pm1': 13236, 'pm10': 13238, 'pm25': 13237}}",34.93,21.95,1.78,3.34,5.12,3.45,610429735,76.7,MOD-00625,3.8,2026-02-15T15:58:27,2026-02-15T07:58:27,https://api.quant-aq.com/v1/devices/MOD-00625/data/610429583
532.61,565.29,"{'lat': None, 'lon': None}","{'rh': 76.5, 'temp': 3.8, 'wd': 0.0, 'ws': 0.0, 'ws_scalar': 0.0}","{'gas': {'co': 18156, 'co2': 13273, 'no': 18157, 'no2': 18158, 'o3': 18159}, 'pm': {'pm1': 13236, 'pm10': 13238, 'pm25': 13237}}",34.93,20.72,1.26,3.82,5.16,3.99,610429737,76.5,MOD-00625,3.8,2026-02-15T15:57:27,2026-02-15T07:57:27,https://api.quant-aq.com/v1/devices/MOD-00625/data/610429584
516.28,564.69,"{'lat': None, 'lon': None}","{'rh': 76.4, 'temp': 3.8, 'wd': 0.0, 'ws': 0.0, 'ws_scalar': 0.0}","{'gas': {'co': 18156, 'co2': 13273, 'no': 18157, 'no2': 18158, 'o3': 18159}, 'pm': {'pm1': 13236, 'pm10': 13238, 'pm25': 13237}}",35.71,21.58,3.75,3.69,8.04,3.81,610429739,76.4,MOD-00625,3.8,2026-02-15T15:56:27,2026-02-15T07:56:27,https://api.quant-aq.com/v1/devices/MOD-00625/data/610429588
513.34,562.88,"{'lat': None, 'lon': None}","{'rh': 76.5, 'temp': 3.8, 'wd': 0.0, 'ws': 0.0, 'ws_scalar': 0.0}","{'gas': {'co': 18156, 'co2': 13273, 'no': 18157, 'no2': 18158, 'o3': 18159}, 'pm': {'pm1': 13236, 'pm10': 13238, 'pm25': 13237}}",31.43,21.56,1.92,3.62,4.71,3.75,610427503,76.5,MOD-00625,3.8,2026-02-15T15:55:27,2026-02-15T07:55:27,https://api.quant-aq.com/v1/devices/MOD-00625/data/610427351
517.92,562.76,"{'lat': None, 'lon': None}","{'rh': 76.4, 'temp': 3.8, 'wd': 0.0, 'ws': 0.0, 'ws_scalar': 0.0}","{'gas': {'co': 18156, 'co2': 13273, 'no': 18157, 'no2': 18158, 'o3': 18159}, 'pm': {'pm1': 13236, 'pm10': 13238, 'pm25': 13237}}",32.21,21.16,2.97,3.22,4.63,3.36,610427504,76.4,MOD-00625,3.8,2026-02-15T15:54:27,2026-02-15T07:54:27,https://api.quant-aq.com/v1/devices/MOD-00625/data/610427353
510.53,563.24,"{'lat': None, 'lon': None}","{'rh': 76.4, 'temp': 3.8, 'wd': 0.0, 'ws': 0.0, 'ws_scalar': 0.0}","{'gas': {'co': 18156, 'co2': 13273, 'no': 18157, 'no2': 18158, 'o3': 18159}, 'pm': {'pm1': 13236, 'pm10': 13238, 'pm25': 13237}}",30.69,21.16,2.97,3.67,4.33,3.84,610427502,76.4,MOD-00625,3.8,2026-02-15T15:53:27,2026-02-15T07:53:27,https://api.quant-aq.com/v1/devices/MOD-00625/data/610427352
509.79,562.52,"{'lat': None, 'lon': None}","{'rh': 76.3, 'temp': 3.8, 'wd': 0.0, 'ws': 0.0, 'ws_scalar': 0.0}","{'gas': {'co': 18156, 'co2': 13273, 'no': 18157, 'no2': 18158, 'o3': 18159}, 'pm': {'pm1': 13236, 'pm10': 13238, 'pm25': 13237}}",29.25,21.59,1.94,3.63,4.65,3.76,610427505,76.3,MOD-00625,3.8,2026-02-15T15:52:27,2026-02-15T07:52:27,https://api.quant-aq.com/v1/devices/MOD-00625/data/610427355
515.12,564.69,"{'lat': None, 'lon': None}","{'rh': 76.3, 'temp': 3.8, 'wd': 0.0, 'ws': 0.0, 'ws_scalar': 0.0}","{'gas': {'co': 18156, 'co2': 13273, 'no': 18157, 'no2': 18158, 'o3': 18159}, 'pm': {'pm1': 13236, 'pm10': 13238, 'pm25': 13237}}",28.58,22.43,2.15,3.44,11.57,3.54,610425257,76.3,MOD-00625,3.8,2026-02-15T15:51:27,2026-02-15T07:51:27,https://api.quant-aq.com/v1/devices/MOD-00625/data/610425105
536.72,570.59,"{'lat': None, 'lon': None}","{'rh': 75.9, 'temp': 3.8, 'wd': 0.0, 'ws': 0.0, 'ws_scalar': 0.0}","{'gas': {'co': 18156, 'co2': 13273, 'no': 18157, 'no2': 18158, 'o3': 18159}, 'pm': {'pm1': 13236, 'pm10': 13238, 'pm25': 13237}}",30.71,22.07,2.3,3.23,18.78,3.38,610425256,75.9,MOD-00625,3.8,2026-02-15T15:50:27,2026-02-15T07:50:27,https://api.quant-aq.com/v1/devices/MOD-00625/data/610425106
543.43,572.64,"{'lat': None, 'lon': None}","{'rh': 75.7, 'temp': 3.8, 'wd': 0.0, 'ws': 0.0, 'ws_scalar': 0.0}","{'gas': {'co': 18156, 'co2': 13273, 'no': 18157, 'no2': 18158, 'o3': 18159}, 'pm': {'pm1': 13236, 'pm10': 13238, 'pm25': 13237}}",38.43,20.85,3.14,2.93,3.5,3.12,610425255,75.7,MOD-00625,3.8,2026-02-15T15:49:27,2026-02-15T07:49:27,https://api.quant-aq.com/v1/devices/MOD-00625/data/610425104
551.49,570.83,"{'lat': None, 'lon': None}","{'rh': 75.9, 'temp': 3.8, 'wd': 0.0, 'ws': 0.0, 'ws_scalar': 0.0}","{'gas': {'co': 18156, 'co2': 13273, 'no': 18157, 'no2': 18158, 'o3': 18159}, 'pm': {'pm1': 13236, 'pm10': 13238, 'pm25': 13237}}",32.6,23.33,1.47,3.0,5.36,3.08,610425258,75.9,MOD-00625,3.8,2026-02-15T15:48:27,2026-02-15T07:48:27,https://api.quant-aq.com/v1/devices/MOD-00625/data/610425107
579.86,573.0,"{'lat': None, 'lon': None}","{'rh': 75.8, 'temp': 3.8, 'wd': 0.0, 'ws': 0.0, 'ws_scalar': 0.0}","{'gas': {'co': 18156, 'co2': 13273, 'no': 18157, 'no2': 18158, 'o3': 18159}, 'pm': {'pm1': 13236, 'pm10': 13238, 'pm25': 13237}}",40.77,20.83,2.68,2.88,3.95,2.94,610422991,75.8,MOD-00625,3.8,2026-02-15T15:47:27,2026-02-15T07:47:27,https://api.quant-aq.com/v1/devices/MOD-00625/data/610422840
579.38,577.82,"{'lat': None, 'lon': None}","{'rh': 75.9, 'temp': 3.8, 'wd': 0.0, 'ws': 0.0, 'ws_scalar': 0.0}","{'gas': {'co': 18156, 'co2': 13273, 'no': 18157, 'no2': 18158, 'o3': 18159}, 'pm': {'pm1': 13236, 'pm10': 13238, 'pm25': 13237}}",39.99,22.07,2.3,2.88,3.71,2.94,610422990,75.9,MOD-00625,3.8,2026-02-15T15:46:27,2026-02-15T07:46:27,https://api.quant-aq.com/v1/devices/MOD-00625/data/610422838
584.37,574.08,"{'lat': None, 'lon': None}","{'rh': 75.8, 'temp': 3.8, 'wd': 0.0, 'ws': 0.0, 'ws_scalar': 0.0}","{'gas': {'co': 18156, 'co2': 13273, 'no': 18157, 'no2': 18158, 'o3': 18159}, 'pm': {'pm1': 13236, 'pm10': 13238, 'pm25': 13237}}",39.21,21.67,1.97,2.45,3.05,2.47,610422992,75.8,MOD-00625,3.8,2026-02-15T15:45:27,2026-02-15T07:45:27,https://api.quant-aq.com/v1/devices/MOD-00625/data/610422841
587.65,573.36,"{'lat': None, 'lon': None}","{'rh': 75.8, 'temp': 3.8, 'wd': 0.0, 'ws': 0.0, 'ws_scalar': 0.0}","{'gas': {'co': 18156, 'co2': 13273, 'no': 18157, 'no2': 18158, 'o3': 18159}, 'pm': {'pm1': 13236, 'pm10': 13238, 'pm25': 13237}}",38.82,22.09,2.31,2.79,3.52,2.98,610422989,75.8,MOD-00625,3.8,2026-02-15T15:44:27,2026-02-15T07:44:27,https://api.quant-aq.com/v1/devices/MOD-00625/data/610422839
586.94,572.03,"{'lat': None, 'lon': None}","{'rh': 75.8, 'temp': 3.9, 'wd': 0.0, 'ws': 0.0, 'ws_scalar': 0.0}","{'gas': {'co': 18156, 'co2': 13273, 'no': 18157, 'no2': 18158, 'o3': 18159}, 'pm': {'pm1': 13236, 'pm10': 13238, 'pm25': 13237}}",36.46,21.28,2.54,2.43,5.04,2.65,610420736,75.8,MOD-00625,3.9,2026-02-15T15:43:27,2026-02-15T07:43:27,https://api.quant-aq.com/v1/devices/MOD-00625/data/610420585
574.98,567.94,"{'lat': None, 'lon': None}","{'rh': 75.9, 'temp': 3.9, 'wd': 0.0, 'ws': 0.0, 'ws_scalar': 0.0}","{'gas': {'co': 18156, 'co2': 13273, 'no': 18157, 'no2': 18158, 'o3': 18159}, 'pm': {'pm1': 13236, 'pm10': 13238, 'pm25': 13237}}",36.46,20.0,3.36,2.34,2.98,2.48,610420739,75.9,MOD-00625,3.9,2026-02-15T15:42:27,2026-02-15T07:42:27,https://api.quant-aq.com/v1/devices/MOD-00625/data/610420588
542.51,565.77,"{'lat': None, 'lon': None}","{'rh': 76.0, 'temp': 3.9, 'wd': 0.0, 'ws': 0.0, 'ws_scalar': 0.0}","{'gas': {'co': 18156, 'co2': 13273, 'no': 18157, 'no2': 18158, 'o3': 18159}, 'pm': {'pm1': 13236, 'pm10': 13238, 'pm25': 13237}}",28.88,21.66,2.86,2.63,3.35,2.71,610420738,76.0,MOD-00625,3.9,2026-02-15T15:41:27,2026-02-15T07:41:27,https://api.quant-aq.com/v1/devices/MOD-00625/data/610420587
542.78,563.84,"{'lat': None, 'lon': None}","{'rh': 76.2, 'temp': 3.9, 'wd': 0.0, 'ws': 0.0, 'ws_scalar': 0.0}","{'gas': {'co': 18156, 'co2': 13273, 'no': 18157, 'no2': 18158, 'o3': 18159}, 'pm': {'pm1': 13236, 'pm10': 13238, 'pm25': 13237}}",29.92,22.47,1.23,2.5,4.9,2.68,610420737,76.2,MOD-00625,3.9,2026-02-15T15:40:27,2026-02-15T07:40:27,https://api.quant-aq.com/v1/devices/MOD-00625/data/610420586
544.49,568.18,"{'lat': None, 'lon': None}","{'rh': 76.1, 'temp': 3.9, 'wd': 0.0, 'ws': 0.0, 'ws_scalar': 0.0}","{'gas': {'co': 18156, 'co2': 13273, 'no': 18157, 'no2': 18158, 'o3': 18159}, 'pm': {'pm1': 13236, 'pm10': 13238, 'pm25': 13237}}",31.02,21.65,3.31,2.79,3.9,2.95,610418494,76.1,MOD-00625,3.9,2026-02-15T15:39:27,2026-02-15T07:39:27,https://api.quant-aq.com/v1/devices/MOD-00625/data/610418344
528.49,564.93,"{'lat': None, 'lon': None}","{'rh': 76.1, 'temp': 3.9, 'wd': 0.0, 'ws': 0.0, 'ws_scalar': 0.0}","{'gas': {'co': 18156, 'co2': 13273, 'no': 18157, 'no2': 18158, 'o3': 18159}, 'pm': {'pm1': 13236, 'pm10': 13238, 'pm25': 13237}}",30.64,21.23,2.06,2.94,3.61,3.02,610418495,76.1,MOD-00625,3.9,2026-02-15T15:38:27,2026-02-15T07:38:27,https://api.quant-aq.com/v1/devices/MOD-00625/data/610418343
517.49,563.36,"{'lat': None, 'lon': None}","{'rh': 76.0, 'temp': 3.9, 'wd': 0.0, 'ws': 0.0, 'ws_scalar': 0.0}","{'gas': {'co': 18156, 'co2': 13273, 'no': 18157, 'no2': 18158, 'o3': 18159}, 'pm': {'pm1': 13236, 'pm10': 13238, 'pm25': 13237}}",32.57,21.24,1.61,2.41,2.58,2.54,610418492,76.0,MOD-00625,3.9,2026-02-15T15:37:27,2026-02-15T07:37:27,https://api.quant-aq.com/v1/devices/MOD-00625/data/610418339
504.56,561.19,"{'lat': None, 'lon': None}","{'rh': 76.3, 'temp': 3.9, 'wd': 0.0, 'ws': 0.0, 'ws_scalar': 0.0}","{'gas': {'co': 18156, 'co2': 13273, 'no': 18157, 'no2': 18158, 'o3': 18159}, 'pm': {'pm1': 13236, 'pm10': 13238, 'pm25': 13237}}",29.91,22.04,1.8,2.56,5.36,2.68,610418493,76.3,MOD-00625,3.9,2026-02-15T15:36:27,2026-02-15T07:36:27,https://api.quant-aq.com/v1/devices/MOD-00625/data/610418340
507.77,560.95,"{'lat': None, 'lon': None}","{'rh': 76.4, 'temp': 3.9, 'wd': 0.0, 'ws': 0.0, 'ws_scalar': 0.0}","{'gas': {'co': 18156, 'co2': 13273, 'no': 18157, 'no2': 18158, 'o3': 18159}, 'pm': {'pm1': 13236, 'pm10': 13238, 'pm25': 13237}}",29.21,21.6,2.37,2.95,3.65,3.12,610416253,76.4,MOD-00625,3.9,2026-02-15T15:35:27,2026-02-15T07:35:27,https://api.quant-aq.com/v1/devices/MOD-00625/data/610416102
511.06,556.5,"{'lat': None, 'lon': None}","{'rh': 76.4, 'temp': 3.9, 'wd': 0.0, 'ws': 0.0, 'ws_scalar': 0.0}","{'gas': {'co': 18156, 'co2': 13273, 'no': 18157, 'no2': 18158, 'o3': 18159}, 'pm': {'pm1': 13236, 'pm10': 13238, 'pm25': 13237}}",29.91,20.76,2.62,2.41,3.07,2.56,610416255,76.4,MOD-00625,3.9,2026-02-15T15:34:27,2026-02-15T07:34:27,https://api.quant-aq.com/v1/devices/MOD-00625/data/610416104
502.3,552.76,"{'lat': None, 'lon': None}","{'rh': 76.6, 'temp': 3.9, 'wd': 0.0, 'ws': 0.0, 'ws_scalar': 0.0}","{'gas': {'co': 18156, 'co2': 13273, 'no': 18157, 'no2': 18158, 'o3': 18159}, 'pm': {'pm1': 13236, 'pm10': 13238, 'pm25': 13237}}",26.93,22.41,1.2,2.54,3.26,2.74,610416254,76.6,MOD-00625,3.9,2026-02-15T15:33:27,2026-02-15T07:33:27,https://api.quant-aq.com/v1/devices/MOD-00625/data/610416103
510.57,556.01,"{'lat': None, 'lon': None}","{'rh': 76.5, 'temp': 3.9, 'wd': 0.0, 'ws': 0.0, 'ws_scalar': 0.0}","{'gas': {'co': 18156, 'co2': 13273, 'no': 18157, 'no2': 18158, 'o3': 18159}, 'pm': {'pm1': 13236, 'pm10': 13238, 'pm25': 13237}}",25.95,21.59,1.45,3.07,3.78,3.25,610416252,76.5,MOD-00625,3.9,2026-02-15T15:32:27,2026-02-15T07:32:27,https://api.quant-aq.com/v1/devices/MOD-00625/data/610416101
511.47,558.18,"{'lat': None, 'lon': None}","{'rh': 76.4, 'temp': 3.9, 'wd': 0.0, 'ws': 0.0, 'ws_scalar': 0.0}","{'gas': {'co': 18156, 'co2': 13273, 'no': 18157, 'no2': 18158, 'o3': 18159}, 'pm': {'pm1': 13236, 'pm10': 13238, 'pm25': 13237}}",28.23,22.86,0.18,2.9,4.39,3.07,610413979,76.4,MOD-00625,3.9,2026-02-15T15:31:27,2026-02-15T07:31:27,https://api.quant-aq.com/v1/devices/MOD-00625/data/610413826
515.16,554.69,"{'lat': None, 'lon': None}","{'rh': 76.4, 'temp': 3.9, 'wd': 0.0, 'ws': 0.0, 'ws_scalar': 0.0}","{'gas': {'co': 18156, 'co2': 13273, 'no': 18157, 'no2': 18158, 'o3': 18159}, 'pm': {'pm1': 13236, 'pm10': 13238, 'pm25': 13237}}",34.9,22.02,1.34,3.24,5.77,3.29,610413978,76.4,MOD-00625,3.9,2026-02-15T15:30:27,2026-02-15T07:30:27,https://api.quant-aq.com/v1/devices/MOD-00625/data/610413827
520.15,563.12,"{'lat': None, 'lon': None}","{'rh': 76.3, 'temp': 3.9, 'wd': 0.0, 'ws': 0.0, 'ws_scalar': 0.0}","{'gas': {'co': 18156, 'co2': 13273, 'no': 18157, 'no2': 18158, 'o3': 18159}, 'pm': {'pm1': 13236, 'pm10': 13238, 'pm25': 13237}}",39.18,22.04,2.26,3.5,4.48,3.54,610413980,76.3,MOD-00625,3.9,2026-02-15T15:29:27,2026-02-15T07:29:27,https://api.quant-aq.com/v1/devices/MOD-00625/data/610413829
517.9,562.4,"{'lat': None, 'lon': None}","{'rh': 76.0, 'temp': 3.9, 'wd': 0.0, 'ws': 0.0, 'ws_scalar': 0.0}","{'gas': {'co': 18156, 'co2': 13273, 'no': 18157, 'no2': 18158, 'o3': 18159}, 'pm': {'pm1': 13236, 'pm10': 13238, 'pm25': 13237}}",39.57,22.08,1.82,2.43,3.06,2.58,610413977,76.0,MOD-00625,3.9,2026-02-15T15:28:27,2026-02-15T07:28:27,https://api.quant-aq.com/v1/devices/MOD-00625/data/610413824
509.43,562.88,"{'lat': None, 'lon': None}","{'rh': 75.8, 'temp': 3.9, 'wd': 0.0, 'ws': 0.0, 'ws_scalar': 0.0}","{'gas': {'co': 18156, 'co2': 13273, 'no': 18157, 'no2': 18158, 'o3': 18159}, 'pm': {'pm1': 13236, 'pm10': 13238, 'pm25': 13237}}",42.71,21.69,2.42,3.02,12.1,3.13,610411720,75.8,MOD-00625,3.9,2026-02-15T15:27:27,2026-02-15T07:27:27,https://api.quant-aq.com/v1/devices/MOD-00625/data/610411569
518.99,556.38,"{'lat': None, 'lon': None}","{'rh': 76.2, 'temp': 3.9, 'wd': 0.0, 'ws': 0.0, 'ws_scalar': 0.0}","{'gas': {'co': 18156, 'co2': 13273, 'no': 18157, 'no2': 18158, 'o3': 18159}, 'pm': {'pm1': 13236, 'pm10': 13238, 'pm25': 13237}}",38.41,22.05,1.81,2.89,3.19,3.0,610411721,76.2,MOD-00625,3.9,2026-02-15T15:26:27,2026-02-15T07:26:27,https://api.quant-aq.com/v1/devices/MOD-00625/data/610411571
525.48,559.63,"{'lat': None, 'lon': None}","{'rh': 76.3, 'temp': 3.9, 'wd': 0.0, 'ws': 0.0, 'ws_scalar': 0.0}","{'gas': {'co': 18156, 'co2': 13273, 'no': 18157, 'no2': 18158, 'o3': 18159}, 'pm': {'pm1': 13236, 'pm10': 13238, 'pm25': 13237}}",35.29,22.88,1.1,3.3,5.03,3.42,610411724,76.3,MOD-00625,3.9,2026-02-15T15:25:27,2026-02-15T07:25:27,https://api.quant-aq.com/v1/devices/MOD-00625/data/610411572
521.93,560.71,"{'lat': None, 'lon': None}","{'rh': 76.1, 'temp': 3.9, 'wd': 0.0, 'ws': 0.0, 'ws_scalar': 0.0}","{'gas': {'co': 18156, 'co2': 13273, 'no': 18157, 'no2': 18158, 'o3': 18159}, 'pm': {'pm1': 13236, 'pm10': 13238, 'pm25': 13237}}",46.55,22.91,2.03,3.34,3.85,3.57,610411719,76.1,MOD-00625,3.9,2026-02-15T15:24:27,2026-02-15T07:24:27,https://api.quant-aq.com/v1/devices/MOD-00625/data/610411568
500.81,568.06,"{'lat': None, 'lon': None}","{'rh': 75.8, 'temp': 3.9, 'wd': 0.0, 'ws': 0.0, 'ws_scalar': 0.0}","{'gas': {'co': 18156, 'co2': 13273, 'no': 18157, 'no2': 18158, 'o3': 18159}, 'pm': {'pm1': 13236, 'pm10': 13238, 'pm25': 13237}}",45.42,21.69,2.87,2.75,2.93,2.89,610409502,75.8,MOD-00625,3.9,2026-02-15T15:23:27,2026-02-15T07:23:27,https://api.quant-aq.com/v1/devices/MOD-00625/data/610409352
485.78,566.98,"{'lat': None, 'lon': None}","{'rh': 75.6, 'temp': 3.9, 'wd': 0.0, 'ws': 0.0, 'ws_scalar': 0.0}","{'gas': {'co': 18156, 'co2': 13273, 'no': 18157, 'no2': 18158, 'o3': 18159}, 'pm': {'pm1': 13236, 'pm10': 13238, 'pm25': 13237}}",41.13,22.56,2.19,2.37,2.53,2.49,610409499,75.6,MOD-00625,3.9,2026-02-15T15:22:27,2026-02-15T07:22:27,https://api.quant-aq.com/v1/devices/MOD-00625/data/610409349
483.05,566.85,"{'lat': None, 'lon': None}","{'rh': 75.4, 'temp': 3.9, 'wd': 0.0, 'ws': 0.0, 'ws_scalar': 0.0}","{'gas': {'co': 18156, 'co2': 13273, 'no': 18157, 'no2': 18158, 'o3': 18159}, 'pm': {'pm1': 13236, 'pm10': 13238, 'pm25': 13237}}",41.52,22.18,2.33,2.07,7.79,2.15,610409495,75.4,MOD-00625,3.9,2026-02-15T15:21:27,2026-02-15T07:21:27,https://api.quant-aq.com/v1/devices/MOD-00625/data/610409345
474.37,566.01,"{'lat': None, 'lon': None}","{'rh': 75.5, 'temp': 3.9, 'wd': 0.0, 'ws': 0.0, 'ws_scalar': 0.0}","{'gas': {'co': 18156, 'co2': 13273, 'no': 18157, 'no2': 18158, 'o3': 18159}, 'pm': {'pm1': 13236, 'pm10': 13238, 'pm25': 13237}}",41.13,23.0,1.16,2.04,3.23,2.13,610409497,75.5,MOD-00625,3.9,2026-02-15T15:20:27,2026-02-15T07:20:27,https://api.quant-aq.com/v1/devices/MOD-00625/data/610409348
470.68,564.21,"{'lat': None, 'lon': None}","{'rh': 75.5, 'temp': 3.9, 'wd': 0.0, 'ws': 0.0, 'ws_scalar': 0.0}","{'gas': {'co': 18156, 'co2': 13273, 'no': 18157, 'no2': 18158, 'o3': 18159}, 'pm': {'pm1': 13236, 'pm10': 13238, 'pm25': 13237}}",41.13,23.0,1.16,1.96,8.28,2.06,610407183,75.5,MOD-00625,3.9,2026-02-15T15:19:27,2026-02-15T07:19:27,https://api.quant-aq.com/v1/devices/MOD-00625/data/610407033
479.56,570.83,"{'lat': None, 'lon': None}","{'rh': 75.7, 'temp': 3.9, 'wd': 0.0, 'ws': 0.0, 'ws_scalar': 0.0}","{'gas': {'co': 18156, 'co2': 13273, 'no': 18157, 'no2': 18158, 'o3': 18159}, 'pm': {'pm1': 13236, 'pm10': 13238, 'pm25': 13237}}",45.95,22.97,1.14,2.27,8.83,2.38,610407184,75.7,MOD-00625,3.9,2026-02-15T15:18:27,2026-02-15T07:18:27,https://api.quant-aq.com/v1/devices/MOD-00625/data/610407032
482.84,572.4,"{'lat': None, 'lon': None}","{'rh': 75.7, 'temp': 3.9, 'wd': 0.0, 'ws': 0.0, 'ws_scalar': 0.0}","{'gas': {'co': 18156, 'co2': 13273, 'no': 18157, 'no2': 18158, 'o3': 18159}, 'pm': {'pm1': 13236, 'pm10': 13238, 'pm25': 13237}}",48.4,22.97,2.06,2.2,2.46,2.3,610407185,75.7,MOD-00625,3.9,2026-02-15T15:17:27,2026-02-15T07:17:27,https://api.quant-aq.com/v1/devices/MOD-00625/data/610407034
478.85,570.59,"{'lat': None, 'lon': None}","{'rh': 75.7, 'temp': 4.0, 'wd': 0.0, 'ws': 0.0, 'ws_scalar': 0.0}","{'gas': {'co': 18156, 'co2': 13273, 'no': 18157, 'no2': 18158, 'o3': 18159}, 'pm': {'pm1': 13236, 'pm10': 13238, 'pm25': 13237}}",49.02,22.99,2.04,1.92,2.13,2.09,610407186,75.7,MOD-00625,4.0,2026-02-15T15:16:27,2026-02-15T07:16:27,https://api.quant-aq.com/v1/devices/MOD-00625/data/610407035
482.43,572.52,"{'lat': None, 'lon': None}","{'rh': 75.7, 'temp': 3.9, 'wd': 0.0, 'ws': 0.0, 'ws_scalar': 0.0}","{'gas': {'co': 18156, 'co2': 13273, 'no': 18157, 'no2': 18158, 'o3': 18159}, 'pm': {'pm1': 13236, 'pm10': 13238, 'pm25': 13237}}",47.76,22.55,2.18,2.37,2.76,2.44,610404949,75.7,MOD-00625,3.9,2026-02-15T15:15:27,2026-02-15T07:15:27,https://api.quant-aq.com/v1/devices/MOD-00625/data/610404798
477.35,567.22,"{'lat': None, 'lon': None}","{'rh': 75.5, 'temp': 4.0, 'wd': 0.0, 'ws': 0.0, 'ws_scalar': 0.0}","{'gas': {'co': 18156, 'co2': 13273, 'no': 18157, 'no2': 18158, 'o3': 18159}, 'pm': {'pm1': 13236, 'pm10': 13238, 'pm25': 13237}}",44.87,23.02,1.6,1.95,2.3,2.07,610404951,75.5,MOD-00625,4.0,2026-02-15T15:14:27,2026-02-15T07:14:27,https://api.quant-aq.com/v1/devices/MOD-00625/data/610404800
479.74,569.63,"{'lat': None, 'lon': None}","{'rh': 75.6, 'temp': 4.0, 'wd': 0.0, 'ws': 0.0, 'ws_scalar': 0.0}","{'gas': {'co': 18156, 'co2': 13273, 'no': 18157, 'no2': 18158, 'o3': 18159}, 'pm': {'pm1': 13236, 'pm10': 13238, 'pm25': 13237}}",45.38,23.01,1.14,2.05,7.05,2.17,610404950,75.6,MOD-00625,4.0,2026-02-15T15:13:27,2026-02-15T07:13:27,https://api.quant-aq.com/v1/devices/MOD-00625/data/610404799
485.34,570.35,"{'lat': None, 'lon': None}","{'rh': 75.8, 'temp': 4.0, 'wd': 0.0, 'ws': 0.0, 'ws_scalar': 0.0}","{'gas': {'co': 18156, 'co2': 13273, 'no': 18157, 'no2': 18158, 'o3': 18159}, 'pm': {'pm1': 13236, 'pm10': 13238, 'pm25': 13237}}",44.4,22.56,3.07,2.33,2.74,2.49,610404948,75.8,MOD-00625,4.0,2026-02-15T15:12:27,2026-02-15T07:12:27,https://api.quant-aq.com/v1/devices/MOD-00625/data/610404797
486.64,569.02,"{'lat': None, 'lon': None}","{'rh': 75.7, 'temp': 4.0, 'wd': 0.0, 'ws': 0.0, 'ws_scalar': 0.0}","{'gas': {'co': 18156, 'co2': 13273, 'no': 18157, 'no2': 18158, 'o3': 18159}, 'pm': {'pm1': 13236, 'pm10': 13238, 'pm25': 13237}}",44.4,22.57,2.62,2.03,7.12,2.1,610402716,75.7,MOD-00625,4.0,2026-02-15T15:11:27,2026-02-15T07:11:27,https://api.quant-aq.com/v1/devices/MOD-00625/data/610402564
486.71,568.3,"{'lat': None, 'lon': None}","{'rh': 75.6, 'temp': 4.0, 'wd': 0.0, 'ws': 0.0, 'ws_scalar': 0.0}","{'gas': {'co': 18156, 'co2': 13273, 'no': 18157, 'no2': 18158, 'o3': 18159}, 'pm': {'pm1': 13236, 'pm10': 13238, 'pm25': 13237}}",44.88,22.59,2.63,2.03,2.53,2.17,610402715,75.6,MOD-00625,4.0,2026-02-15T15:10:27,2026-02-15T07:10:27,https://api.quant-aq.com/v1/devices/MOD-00625/data/610402565
482.61,567.22,"{'lat': None, 'lon': None}","{'rh': 75.6, 'temp': 4.0, 'wd': 0.0, 'ws': 0.0, 'ws_scalar': 0.0}","{'gas': {'co': 18156, 'co2': 13273, 'no': 18157, 'no2': 18158, 'o3': 18159}, 'pm': {'pm1': 13236, 'pm10': 13238, 'pm25': 13237}}",44.4,23.01,2.96,2.15,2.28,2.26,610402714,75.6,MOD-00625,4.0,2026-02-15T15:09:27,2026-02-15T07:09:27,https://api.quant-aq.com/v1/devices/MOD-00625/data/610402562
483.16,563.96,"{'lat': None, 'lon': None}","{'rh': 75.4, 'temp': 4.0, 'wd': 0.0, 'ws': 0.0, 'ws_scalar': 0.0}","{'gas': {'co': 18156, 'co2': 13273, 'no': 18157, 'no2': 18158, 'o3': 18159}, 'pm': {'pm1': 13236, 'pm10': 13238, 'pm25': 13237}}",42.69,22.62,4.01,2.49,3.76,2.64,610402713,75.4,MOD-00625,4.0,2026-02-15T15:08:27,2026-02-15T07:08:27,https://api.quant-aq.com/v1/devices/MOD-00625/data/610402563
475.3,564.21,"{'lat': None, 'lon': None}","{'rh': 75.5, 'temp': 4.0, 'wd': 0.0, 'ws': 0.0, 'ws_scalar': 0.0}","{'gas': {'co': 18156, 'co2': 13273, 'no': 18157, 'no2': 18158, 'o3': 18159}, 'pm': {'pm1': 13236, 'pm10': 13238, 'pm25': 13237}}",39.94,23.02,1.6,2.2,3.04,2.37,610400467,75.5,MOD-00625,4.0,2026-02-15T15:07:27,2026-02-15T07:07:27,https://api.quant-aq.com/v1/devices/MOD-00625/data/610400314
473.59,568.3,"{'lat': None, 'lon': None}","{'rh': 75.6, 'temp': 4.0, 'wd': 0.0, 'ws': 0.0, 'ws_scalar': 0.0}","{'gas': {'co': 18156, 'co2': 13273, 'no': 18157, 'no2': 18158, 'o3': 18159}, 'pm': {'pm1': 13236, 'pm10': 13238, 'pm25': 13237}}",37.61,22.17,3.21,2.11,2.66,2.19,610400464,75.6,MOD-00625,4.0,2026-02-15T15:06:27,2026-02-15T07:06:27,https://api.quant-aq.com/v1/devices/MOD-00625/data/610400313
477.21,567.46,"{'lat': None, 'lon': None}","{'rh': 75.7, 'temp': 4.0, 'wd': 0.0, 'ws': 0.0, 'ws_scalar': 0.0}","{'gas': {'co': 18156, 'co2': 13273, 'no': 18157, 'no2': 18158, 'o3': 18159}, 'pm': {'pm1': 13236, 'pm10': 13238, 'pm25': 13237}}",36.83,22.57,2.17,2.43,3.74,2.58,610400465,75.7,MOD-00625,4.0,2026-02-15T15:05:27,2026-02-15T07:05:27,https://api.quant-aq.com/v1/devices/MOD-00625/data/610400315
486.02,568.9,"{'lat': None, 'lon': None}","{'rh': 76.0, 'temp': 4.0, 'wd': 0.0, 'ws': 0.0, 'ws_scalar': 0.0}","{'gas': {'co': 18156, 'co2': 13273, 'no': 18157, 'no2': 18158, 'o3': 18159}, 'pm': {'pm1': 13236, 'pm10': 13238, 'pm25': 13237}}",35.27,22.95,2.02,2.75,6.41,2.95,610400466,76.0,MOD-00625,4.0,2026-02-15T15:04:27,2026-02-15T07:04:27,https://api.quant-aq.com/v1/devices/MOD-00625/data/610400316
496.68,572.52,"{'lat': None, 'lon': None}","{'rh': 76.0, 'temp': 4.0, 'wd': 0.0, 'ws': 0.0, 'ws_scalar': 0.0}","{'gas': {'co': 18156, 'co2': 13273, 'no': 18157, 'no2': 18158, 'o3': 18159}, 'pm': {'pm1': 13236, 'pm10': 13238, 'pm25': 13237}}",34.1,22.53,3.06,2.63,3.17,2.7,610398259,76.0,MOD-00625,4.0,2026-02-15T15:03:27,2026-02-15T07:03:27,https://api.quant-aq.com/v1/devices/MOD-00625/data/610398108
496.68,570.83,"{'lat': None, 'lon': None}","{'rh': 76.0, 'temp': 4.0, 'wd': 0.0, 'ws': 0.0, 'ws_scalar': 0.0}","{'gas': {'co': 18156, 'co2': 13273, 'no': 18157, 'no2': 18158, 'o3': 18159}, 'pm': {'pm1': 13236, 'pm10': 13238, 'pm25': 13237}}",29.86,22.95,2.02,2.64,3.17,2.81,610398257,76.0,MOD-00625,4.0,2026-02-15T15:02:27,2026-02-15T07:02:27,https://api.quant-aq.com/v1/devices/MOD-00625/data/610398106
489.37,569.26,"{'lat': None, 'lon': None}","{'rh': 75.9, 'temp': 4.0, 'wd': 0.0, 'ws': 0.0, 'ws_scalar': 0.0}","{'gas': {'co': 18156, 'co2': 13273, 'no': 18157, 'no2': 18158, 'o3': 18159}, 'pm': {'pm1': 13236, 'pm10': 13238, 'pm25': 13237}}",29.86,22.54,2.61,2.8,2.91,2.87,610398256,75.9,MOD-00625,4.0,2026-02-15T15:01:27,2026-02-15T07:01:27,https://api.quant-aq.com/v1/devices/MOD-00625/data/610398105
482.26,567.58,"{'lat': None, 'lon': None}","{'rh': 76.1, 'temp': 4.0, 'wd': 0.0, 'ws': 0.0, 'ws_scalar': 0.0}","{'gas': {'co': 18156, 'co2': 13273, 'no': 18157, 'no2': 18158, 'o3': 18159}, 'pm': {'pm1': 13236, 'pm10': 13238, 'pm25': 13237}}",26.58,22.09,3.17,2.04,2.18,2.14,610398258,76.1,MOD-00625,4.0,2026-02-15T15:00:27,2026-02-15T07:00:27,https://api.quant-aq.com/v1/devices/MOD-00625/data/610398107
483.36,567.7,"{'lat': None, 'lon': None}","{'rh': 75.7, 'temp': 4.0, 'wd': 0.0, 'ws': 0.0, 'ws_scalar': 0.0}","{'gas': {'co': 18156, 'co2': 13273, 'no': 18157, 'no2': 18158, 'o3': 18159}, 'pm': {'pm1': 13236, 'pm10': 13238, 'pm25': 13237}}",25.93,23.41,2.38,1.94,3.85,2.05,610395910,75.7,MOD-00625,4.0,2026-02-15T14:59:27,2026-02-15T06:59:27,https://api.quant-aq.com/v1/devices/MOD-00625/data/610395759
486.71,566.85,"{'lat': None, 'lon': None}","{'rh': 75.6, 'temp': 4.0, 'wd': 0.0, 'ws': 0.0, 'ws_scalar': 0.0}","{'gas': {'co': 18156, 'co2': 13273, 'no': 18157, 'no2': 18158, 'o3': 18159}, 'pm': {'pm1': 13236, 'pm10': 13238, 'pm25': 13237}}",25.6,22.59,2.17,1.92,2.03,2.01,610395909,75.6,MOD-00625,4.0,2026-02-15T14:58:27,2026-02-15T06:58:27,https://api.quant-aq.com/v1/devices/MOD-00625/data/610395758
481.45,566.49,"{'lat': None, 'lon': None}","{'rh': 75.5, 'temp': 4.0, 'wd': 0.0, 'ws': 0.0, 'ws_scalar': 0.0}","{'gas': {'co': 18156, 'co2': 13273, 'no': 18157, 'no2': 18158, 'o3': 18159}, 'pm': {'pm1': 13236, 'pm10': 13238, 'pm25': 13237}}",24.95,22.6,3.09,2.39,2.59,2.51,610395911,75.5,MOD-00625,4.0,2026-02-15T14:57:27,2026-02-15T06:57:27,https://api.quant-aq.com/v1/devices/MOD-00625/data/610395760
482.68,569.26,"{'lat': None, 'lon': None}","{'rh': 75.5, 'temp': 4.0, 'wd': 0.0, 'ws': 0.0, 'ws_scalar': 0.0}","{'gas': {'co': 18156, 'co2': 13273, 'no': 18157, 'no2': 18158, 'o3': 18159}, 'pm': {'pm1': 13236, 'pm10': 13238, 'pm25': 13237}}",24.62,21.76,2.88,2.14,2.6,2.23,610395913,75.5,MOD-00625,4.0,2026-02-15T14:56:27,2026-02-15T06:56:27,https://api.quant-aq.com/v1/devices/MOD-00625/data/610395762
487.46,566.73,"{'lat': None, 'lon': None}","{'rh': 75.7, 'temp': 4.0, 'wd': 0.0, 'ws': 0.0, 'ws_scalar': 0.0}","{'gas': {'co': 18156, 'co2': 13273, 'no': 18157, 'no2': 18158, 'o3': 18159}, 'pm': {'pm1': 13236, 'pm10': 13238, 'pm25': 13237}}",23.97,22.57,1.71,2.21,4.12,2.26,610395912,75.7,MOD-00625,4.0,2026-02-15T14:55:27,2026-02-15T06:55:27,https://api.quant-aq.com/v1/devices/MOD-00625/data/610395761
486.98,565.29,"{'lat': None, 'lon': None}","{'rh': 75.8, 'temp': 4.0, 'wd': 0.0, 'ws': 0.0, 'ws_scalar': 0.0}","{'gas': {'co': 18156, 'co2': 13273, 'no': 18157, 'no2': 18158, 'o3': 18159}, 'pm': {'pm1': 13236, 'pm10': 13238, 'pm25': 13237}}",22.02,22.14,2.28,2.19,2.84,2.31,610393143,75.8,MOD-00625,4.0,2026-02-15T14:54:27,2026-02-15T06:54:27,https://api.quant-aq.com/v1/devices/MOD-00625/data/610392992
482.24,566.61,"{'lat': None, 'lon': None}","{'rh': 75.7, 'temp': 4.1, 'wd': 0.0, 'ws': 0.0, 'ws_scalar': 0.0}","{'gas': {'co': 18156, 'co2': 13273, 'no': 18157, 'no2': 18158, 'o3': 18159}, 'pm': {'pm1': 13236, 'pm10': 13238, 'pm25': 13237}}",22.0,22.6,1.7,1.92,8.11,1.96,610393142,75.7,MOD-00625,4.1,2026-02-15T14:53:27,2026-02-15T06:53:27,https://api.quant-aq.com/v1/devices/MOD-00625/data/610392991
466.74,565.89,"{'lat': None, 'lon': None}","{'rh': 76.0, 'temp': 4.0, 'wd': 0.0, 'ws': 0.0, 'ws_scalar': 0.0}","{'gas': {'co': 18156, 'co2': 13273, 'no': 18157, 'no2': 18158, 'o3': 18159}, 'pm': {'pm1': 13236, 'pm10': 13238, 'pm25': 13237}}",20.06,22.53,3.06,2.02,2.28,2.1,610393141,76.0,MOD-00625,4.0,2026-02-15T14:52:27,2026-02-15T06:52:27,https://api.quant-aq.com/v1/devices/MOD-00625/data/610392990
466.67,564.93,"{'lat': None, 'lon': None}","{'rh': 76.1, 'temp': 4.0, 'wd': 0.0, 'ws': 0.0, 'ws_scalar': 0.0}","{'gas': {'co': 18156, 'co2': 13273, 'no': 18157, 'no2': 18158, 'o3': 18159}, 'pm': {'pm1': 13236, 'pm10': 13238, 'pm25': 13237}}",19.08,22.93,2.47,1.98,2.19,2.01,610393144,76.1,MOD-00625,4.0,2026-02-15T14:51:27,2026-02-15T06:51:27,https://api.quant-aq.com/v1/devices/MOD-00625/data/610392993
470.07,564.21,"{'lat': None, 'lon': None}","{'rh': 76.1, 'temp': 4.1, 'wd': 0.0, 'ws': 0.0, 'ws_scalar': 0.0}","{'gas': {'co': 18156, 'co2': 13273, 'no': 18157, 'no2': 18158, 'o3': 18159}, 'pm': {'pm1': 13236, 'pm10': 13238, 'pm25': 13237}}",19.39,22.53,1.67,1.7,1.79,1.77,610390831,76.1,MOD-00625,4.1,2026-02-15T14:50:27,2026-02-15T06:50:27,https://api.quant-aq.com/v1/devices/MOD-00625/data/610390679
482.3,563.72,"{'lat': None, 'lon': None}","{'rh': 76.2, 'temp': 4.1, 'wd': 0.0, 'ws': 0.0, 'ws_scalar': 0.0}","{'gas': {'co': 18156, 'co2': 13273, 'no': 18157, 'no2': 18158, 'o3': 18159}, 'pm': {'pm1': 13236, 'pm10': 13238, 'pm25': 13237}}",17.76,21.26,2.49,1.9,2.16,2.08,610390833,76.2,MOD-00625,4.1,2026-02-15T14:49:27,2026-02-15T06:49:27,https://api.quant-aq.com/v1/devices/MOD-00625/data/610390682
489.27,564.69,"{'lat': None, 'lon': None}","{'rh': 76.2, 'temp': 4.1, 'wd': 0.0, 'ws': 0.0, 'ws_scalar': 0.0}","{'gas': {'co': 18156, 'co2': 13273, 'no': 18157, 'no2': 18158, 'o3': 18159}, 'pm': {'pm1': 13236, 'pm10': 13238, 'pm25': 13237}}",17.76,22.1,2.24,2.37,2.9,2.43,610390832,76.2,MOD-00625,4.1,2026-02-15T14:48:27,2026-02-15T06:48:27,https://api.quant-aq.com/v1/devices/MOD-00625/data/610390681
501.09,572.03,"{'lat': None, 'lon': None}","{'rh': 76.3, 'temp': 4.1, 'wd': 0.0, 'ws': 0.0, 'ws_scalar': 0.0}","{'gas': {'co': 18156, 'co2': 13273, 'no': 18157, 'no2': 18158, 'o3': 18159}, 'pm': {'pm1': 13236, 'pm10': 13238, 'pm25': 13237}}",19.39,22.92,1.53,2.46,4.52,2.63,610390830,76.3,MOD-00625,4.1,2026-02-15T14:47:27,2026-02-15T06:47:27,https://api.quant-aq.com/v1/devices/MOD-00625/data/610390680
517.5,567.82,"{'lat': None, 'lon': None}","{'rh': 76.3, 'temp': 4.1, 'wd': 0.0, 'ws': 0.0, 'ws_scalar': 0.0}","{'gas': {'co': 18156, 'co2': 13273, 'no': 18157, 'no2': 18158, 'o3': 18159}, 'pm': {'pm1': 13236, 'pm10': 13238, 'pm25': 13237}}",19.71,22.5,2.57,2.76,2.86,2.86,610388604,76.3,MOD-00625,4.1,2026-02-15T14:46:27,2026-02-15T06:46:27,https://api.quant-aq.com/v1/devices/MOD-00625/data/610388453
507.05,567.58,"{'lat': None, 'lon': None}","{'rh': 76.0, 'temp': 4.1, 'wd': 0.0, 'ws': 0.0, 'ws_scalar': 0.0}","{'gas': {'co': 18156, 'co2': 13273, 'no': 18157, 'no2': 18158, 'o3': 18159}, 'pm': {'pm1': 13236, 'pm10': 13238, 'pm25': 13237}}",20.69,20.87,3.08,2.5,6.97,2.56,610388601,76.0,MOD-00625,4.1,2026-02-15T14:45:27,2026-02-15T06:45:27,https://api.quant-aq.com/v1/devices/MOD-00625/data/610388450
499.18,567.82,"{'lat': None, 'lon': None}","{'rh': 76.1, 'temp': 4.1, 'wd': 0.0, 'ws': 0.0, 'ws_scalar': 0.0}","{'gas': {'co': 18156, 'co2': 13273, 'no': 18157, 'no2': 18158, 'o3': 18159}, 'pm': {'pm1': 13236, 'pm10': 13238, 'pm25': 13237}}",17.43,23.37,1.42,2.79,4.56,2.91,610388602,76.1,MOD-00625,4.1,2026-02-15T14:44:27,2026-02-15T06:44:27,https://api.quant-aq.com/v1/devices/MOD-00625/data/610388451
492.69,564.21,"{'lat': None, 'lon': None}","{'rh': 76.0, 'temp': 4.1, 'wd': 0.0, 'ws': 0.0, 'ws_scalar': 0.0}","{'gas': {'co': 18156, 'co2': 13273, 'no': 18157, 'no2': 18158, 'o3': 18159}, 'pm': {'pm1': 13236, 'pm10': 13238, 'pm25': 13237}}",19.39,22.13,2.71,2.08,3.13,2.26,610388603,76.0,MOD-00625,4.1,2026-02-15T14:43:27,2026-02-15T06:43:27,https://api.quant-aq.com/v1/devices/MOD-00625/data/610388452
481.14,569.38,"{'lat': None, 'lon': None}","{'rh': 76.1, 'temp': 4.1, 'wd': 0.0, 'ws': 0.0, 'ws_scalar': 0.0}","{'gas': {'co': 18156, 'co2': 13273, 'no': 18157, 'no2': 18158, 'o3': 18159}, 'pm': {'pm1': 13236, 'pm10': 13238, 'pm25': 13237}}",18.08,22.95,1.55,2.42,2.55,2.51,610386347,76.1,MOD-00625,4.1,2026-02-15T14:42:27,2026-02-15T06:42:27,https://api.quant-aq.com/v1/devices/MOD-00625/data/610386196
472.19,566.49,"{'lat': None, 'lon': None}","{'rh': 76.0, 'temp': 4.1, 'wd': 0.0, 'ws': 0.0, 'ws_scalar': 0.0}","{'gas': {'co': 18156, 'co2': 13273, 'no': 18157, 'no2': 18158, 'o3': 18159}, 'pm': {'pm1': 13236, 'pm10': 13238, 'pm25': 13237}}",16.45,22.55,2.59,1.91,4.1,2.04,610386348,76.0,MOD-00625,4.1,2026-02-15T14:41:27,2026-02-15T06:41:27,https://api.quant-aq.com/v1/devices/MOD-00625/data/610386197
474.17,564.08,"{'lat': None, 'lon': None}","{'rh': 76.1, 'temp': 4.1, 'wd': 0.0, 'ws': 0.0, 'ws_scalar': 0.0}","{'gas': {'co': 18156, 'co2': 13273, 'no': 18157, 'no2': 18158, 'o3': 18159}, 'pm': {'pm1': 13236, 'pm10': 13238, 'pm25': 13237}}",17.43,22.95,1.55,1.55,2.56,1.73,610386346,76.1,MOD-00625,4.1,2026-02-15T14:40:27,2026-02-15T06:40:27,https://api.quant-aq.com/v1/devices/MOD-00625/data/610386195
458.99,564.69,"{'lat': None, 'lon': None}","{'rh': 76.1, 'temp': 4.1, 'wd': 0.0, 'ws': 0.0, 'ws_scalar': 0.0}","{'gas': {'co': 18156, 'co2': 13273, 'no': 18157, 'no2': 18158, 'o3': 18159}, 'pm': {'pm1': 13236, 'pm10': 13238, 'pm25': 13237}}",16.45,22.53,2.58,1.93,7.57,2.01,610386349,76.1,MOD-00625,4.1,2026-02-15T14:39:27,2026-02-15T06:39:27,https://api.quant-aq.com/v1/devices/MOD-00625/data/610386198
450.93,560.83,"{'lat': None, 'lon': None}","{'rh': 75.9, 'temp': 4.1, 'wd': 0.0, 'ws': 0.0, 'ws_scalar': 0.0}","{'gas': {'co': 18156, 'co2': 13273, 'no': 18157, 'no2': 18158, 'o3': 18159}, 'pm': {'pm1': 13236, 'pm10': 13238, 'pm25': 13237}}",16.45,22.57,1.23,2.36,13.32,2.6,610384140,75.9,MOD-00625,4.1,2026-02-15T14:38:27,2026-02-15T06:38:27,https://api.quant-aq.com/v1/devices/MOD-00625/data/610383989
437.74,558.3,"{'lat': None, 'lon': None}","{'rh': 76.0, 'temp': 4.1, 'wd': 0.0, 'ws': 0.0, 'ws_scalar': 0.0}","{'gas': {'co': 18156, 'co2': 13273, 'no': 18157, 'no2': 18158, 'o3': 18159}, 'pm': {'pm1': 13236, 'pm10': 13238, 'pm25': 13237}}",14.49,22.55,2.13,1.81,3.25,1.92,610384139,76.0,MOD-00625,4.1,2026-02-15T14:37:27,2026-02-15T06:37:27,https://api.quant-aq.com/v1/devices/MOD-00625/data/610383988
443.07,556.14,"{'lat': None, 'lon': None}","{'rh': 76.0, 'temp': 4.1, 'wd': 0.0, 'ws': 0.0, 'ws_scalar': 0.0}","{'gas': {'co': 18156, 'co2': 13273, 'no': 18157, 'no2': 18158, 'o3': 18159}, 'pm': {'pm1': 13236, 'pm10': 13238, 'pm25': 13237}}",14.83,22.55,2.13,2.21,7.93,2.28,610384138,76.0,MOD-00625,4.1,2026-02-15T14:36:27,2026-02-15T06:36:27,https://api.quant-aq.com/v1/devices/MOD-00625/data/610383987
430.13,553.37,"{'lat': None, 'lon': None}","{'rh': 75.9, 'temp': 4.2, 'wd': 0.0, 'ws': 0.0, 'ws_scalar': 0.0}","{'gas': {'co': 18156, 'co2': 13273, 'no': 18157, 'no2': 18158, 'o3': 18159}, 'pm': {'pm1': 13236, 'pm10': 13238, 'pm25': 13237}}",14.8,22.59,1.67,1.71,2.12,1.78,610384137,75.9,MOD-00625,4.2,2026-02-15T14:35:27,2026-02-15T06:35:27,https://api.quant-aq.com/v1/devices/MOD-00625/data/610383986
421.51,554.57,"{'lat': None, 'lon': None}","{'rh': 75.9, 'temp': 4.2, 'wd': 0.0, 'ws': 0.0, 'ws_scalar': 0.0}","{'gas': {'co': 18156, 'co2': 13273, 'no': 18157, 'no2': 18158, 'o3': 18159}, 'pm': {'pm1': 13236, 'pm10': 13238, 'pm25': 13237}}",12.49,23.43,1.88,1.46,3.7,1.6,610381825,75.9,MOD-00625,4.2,2026-02-15T14:34:27,2026-02-15T06:34:27,https://api.quant-aq.com/v1/devices/MOD-00625/data/610381674
431.77,556.5,"{'lat': None, 'lon': None}","{'rh': 75.9, 'temp': 4.2, 'wd': 0.0, 'ws': 0.0, 'ws_scalar': 0.0}","{'gas': {'co': 18156, 'co2': 13273, 'no': 18157, 'no2': 18158, 'o3': 18159}, 'pm': {'pm1': 13236, 'pm10': 13238, 'pm25': 13237}}",15.46,23.85,1.76,1.84,2.73,2.05,610381823,75.9,MOD-00625,4.2,2026-02-15T14:33:27,2026-02-15T06:33:27,https://api.quant-aq.com/v1/devices/MOD-00625/data/610381672
447.01,551.68,"{'lat': None, 'lon': None}","{'rh': 75.8, 'temp': 4.2, 'wd': 0.0, 'ws': 0.0, 'ws_scalar': 0.0}","{'gas': {'co': 18156, 'co2': 13273, 'no': 18157, 'no2': 18158, 'o3': 18159}, 'pm': {'pm1': 13236, 'pm10': 13238, 'pm25': 13237}}",17.08,23.86,1.77,2.45,3.38,2.58,610381824,75.8,MOD-00625,4.2,2026-02-15T14:32:27,2026-02-15T06:32:27,https://api.quant-aq.com/v1/devices/MOD-00625/data/610381673
454.46,558.06,"{'lat': None, 'lon': None}","{'rh': 75.7, 'temp': 4.2, 'wd': 0.0, 'ws': 0.0, 'ws_scalar': 0.0}","{'gas': {'co': 18156, 'co2': 13273, 'no': 18157, 'no2': 18158, 'o3': 18159}, 'pm': {'pm1': 13236, 'pm10': 13238, 'pm25': 13237}}",22.63,23.46,2.35,2.35,2.82,2.46,610381822,75.7,MOD-00625,4.2,2026-02-15T14:31:27,2026-02-15T06:31:27,https://api.quant-aq.com/v1/devices/MOD-00625/data/610381671
469.71,560.71,"{'lat': None, 'lon': None}","{'rh': 75.6, 'temp': 4.2, 'wd': 0.0, 'ws': 0.0, 'ws_scalar': 0.0}","{'gas': {'co': 18156, 'co2': 13273, 'no': 18157, 'no2': 18158, 'o3': 18159}, 'pm': {'pm1': 13236, 'pm10': 13238, 'pm25': 13237}}",32.89,23.89,2.24,2.74,5.26,2.82,610379560,75.6,MOD-00625,4.2,2026-02-15T14:30:27,2026-02-15T06:30:27,https://api.quant-aq.com/v1/devices/MOD-00625/data/610379409
485.77,565.89,"{'lat': None, 'lon': None}","{'rh': 75.5, 'temp': 4.2, 'wd': 0.0, 'ws': 0.0, 'ws_scalar': 0.0}","{'gas': {'co': 18156, 'co2': 13273, 'no': 18157, 'no2': 18158, 'o3': 18159}, 'pm': {'pm1': 13236, 'pm10': 13238, 'pm25': 13237}}",27.51,21.81,3.77,1.97,8.02,2.1,610379562,75.5,MOD-00625,4.2,2026-02-15T14:29:27,2026-02-15T06:29:27,https://api.quant-aq.com/v1/devices/MOD-00625/data/610379411
488.68,566.25,"{'lat': None, 'lon': None}","{'rh': 75.6, 'temp': 4.3, 'wd': 0.0, 'ws': 0.0, 'ws_scalar': 0.0}","{'gas': {'co': 18156, 'co2': 13273, 'no': 18157, 'no2': 18158, 'o3': 18159}, 'pm': {'pm1': 13236, 'pm10': 13238, 'pm25': 13237}}",20.65,22.24,2.26,2.01,6.34,2.09,610379559,75.6,MOD-00625,4.3,2026-02-15T14:28:27,2026-02-15T06:28:27,https://api.quant-aq.com/v1/devices/MOD-00625/data/610379408
495.39,566.25,"{'lat': None, 'lon': None}","{'rh': 75.4, 'temp': 4.3, 'wd': 0.0, 'ws': 0.0, 'ws_scalar': 0.0}","{'gas': {'co': 18156, 'co2': 13273, 'no': 18157, 'no2': 18158, 'o3': 18159}, 'pm': {'pm1': 13236, 'pm10': 13238, 'pm25': 13237}}",18.04,23.53,1.45,2.1,7.41,2.26,610379561,75.4,MOD-00625,4.3,2026-02-15T14:27:27,2026-02-15T06:27:27,https://api.quant-aq.com/v1/devices/MOD-00625/data/610379410
520.33,563.6,"{'lat': None, 'lon': None}","{'rh': 75.5, 'temp': 4.3, 'wd': 0.0, 'ws': 0.0, 'ws_scalar': 0.0}","{'gas': {'co': 18156, 'co2': 13273, 'no': 18157, 'no2': 18158, 'o3': 18159}, 'pm': {'pm1': 13236, 'pm10': 13238, 'pm25': 13237}}",19.34,22.26,1.81,2.15,6.57,2.3,610377341,75.5,MOD-00625,4.3,2026-02-15T14:26:27,2026-02-15T06:26:27,https://api.quant-aq.com/v1/devices/MOD-00625/data/610377191
533.39,567.34,"{'lat': None, 'lon': None}","{'rh': 75.6, 'temp': 4.3, 'wd': 0.0, 'ws': 0.0, 'ws_scalar': 0.0}","{'gas': {'co': 18156, 'co2': 13273, 'no': 18157, 'no2': 18158, 'o3': 18159}, 'pm': {'pm1': 13236, 'pm10': 13238, 'pm25': 13237}}",19.67,22.66,1.68,1.99,3.87,2.09,610377342,75.6,MOD-00625,4.3,2026-02-15T14:25:27,2026-02-15T06:25:27,https://api.quant-aq.com/v1/devices/MOD-00625/data/610377190
555.46,565.53,"{'lat': None, 'lon': None}","{'rh': 75.7, 'temp': 4.3, 'wd': 0.0, 'ws': 0.0, 'ws_scalar': 0.0}","{'gas': {'co': 18156, 'co2': 13273, 'no': 18157, 'no2': 18158, 'o3': 18159}, 'pm': {'pm1': 13236, 'pm10': 13238, 'pm25': 13237}}",19.34,21.81,2.83,1.68,6.43,1.77,610377343,75.7,MOD-00625,4.3,2026-02-15T14:24:27,2026-02-15T06:24:27,https://api.quant-aq.com/v1/devices/MOD-00625/data/610377193
567.62,562.64,"{'lat': None, 'lon': None}","{'rh': 75.9, 'temp': 4.3, 'wd': 0.0, 'ws': 0.0, 'ws_scalar': 0.0}","{'gas': {'co': 18156, 'co2': 13273, 'no': 18157, 'no2': 18158, 'o3': 18159}, 'pm': {'pm1': 13236, 'pm10': 13238, 'pm25': 13237}}",19.34,22.19,1.78,1.85,3.16,2.0,610377344,75.9,MOD-00625,4.3,2026-02-15T14:23:27,2026-02-15T06:23:27,https://api.quant-aq.com/v1/devices/MOD-00625/data/610377192
567.89,559.51,"{'lat': None, 'lon': None}","{'rh': 76.1, 'temp': 4.3, 'wd': 0.0, 'ws': 0.0, 'ws_scalar': 0.0}","{'gas': {'co': 18156, 'co2': 13273, 'no': 18157, 'no2': 18158, 'o3': 18159}, 'pm': {'pm1': 13236, 'pm10': 13238, 'pm25': 13237}}",19.67,22.16,2.22,1.93,2.29,2.07,610375118,76.1,MOD-00625,4.3,2026-02-15T14:22:27,2026-02-15T06:22:27,https://api.quant-aq.com/v1/devices/MOD-00625/data/610374967
557.3,556.01,"{'lat': None, 'lon': None}","{'rh': 76.0, 'temp': 4.3, 'wd': 0.0, 'ws': 0.0, 'ws_scalar': 0.0}","{'gas': {'co': 18156, 'co2': 13273, 'no': 18157, 'no2': 18158, 'o3': 18159}, 'pm': {'pm1': 13236, 'pm10': 13238, 'pm25': 13237}}",19.67,23.44,1.86,1.81,3.72,1.89,610375119,76.0,MOD-00625,4.3,2026-02-15T14:21:27,2026-02-15T06:21:27,https://api.quant-aq.com/v1/devices/MOD-00625/data/610374968
555.39,558.42,"{'lat': None, 'lon': None}","{'rh': 75.8, 'temp': 4.3, 'wd': 0.0, 'ws': 0.0, 'ws_scalar': 0.0}","{'gas': {'co': 18156, 'co2': 13273, 'no': 18157, 'no2': 18158, 'o3': 18159}, 'pm': {'pm1': 13236, 'pm10': 13238, 'pm25': 13237}}",20.32,23.47,2.33,1.9,2.04,2.02,610375120,75.8,MOD-00625,4.3,2026-02-15T14:20:27,2026-02-15T06:20:27,https://api.quant-aq.com/v1/devices/MOD-00625/data/610374969
547.78,559.51,"{'lat': None, 'lon': None}","{'rh': 75.7, 'temp': 4.4, 'wd': 0.0, 'ws': 0.0, 'ws_scalar': 0.0}","{'gas': {'co': 18156, 'co2': 13273, 'no': 18157, 'no2': 18158, 'o3': 18159}, 'pm': {'pm1': 13236, 'pm10': 13238, 'pm25': 13237}}",20.95,23.51,1.87,2.06,3.32,2.18,610375117,75.7,MOD-00625,4.4,2026-02-15T14:19:27,2026-02-15T06:19:27,https://api.quant-aq.com/v1/devices/MOD-00625/data/610374966
541.56,566.61,"{'lat': None, 'lon': None}","{'rh': 75.8, 'temp': 4.4, 'wd': 0.0, 'ws': 0.0, 'ws_scalar': 0.0}","{'gas': {'co': 18156, 'co2': 13273, 'no': 18157, 'no2': 18158, 'o3': 18159}, 'pm': {'pm1': 13236, 'pm10': 13238, 'pm25': 13237}}",28.45,23.07,1.99,2.15,4.45,2.21,610372911,75.8,MOD-00625,4.4,2026-02-15T14:18:27,2026-02-15T06:18:27,https://api.quant-aq.com/v1/devices/MOD-00625/data/610372760
522.07,565.17,"{'lat': None, 'lon': None}","{'rh': 76.1, 'temp': 4.4, 'wd': 0.0, 'ws': 0.0, 'ws_scalar': 0.0}","{'gas': {'co': 18156, 'co2': 13273, 'no': 18157, 'no2': 18158, 'o3': 18159}, 'pm': {'pm1': 13236, 'pm10': 13238, 'pm25': 13237}}",31.29,22.61,2.55,2.91,12.26,3.1,610372912,76.1,MOD-00625,4.4,2026-02-15T14:17:27,2026-02-15T06:17:27,https://api.quant-aq.com/v1/devices/MOD-00625/data/610372761
529.79,564.93,"{'lat': None, 'lon': None}","{'rh': 76.2, 'temp': 4.4, 'wd': 0.0, 'ws': 0.0, 'ws_scalar': 0.0}","{'gas': {'co': 18156, 'co2': 13273, 'no': 18157, 'no2': 18158, 'o3': 18159}, 'pm': {'pm1': 13236, 'pm10': 13238, 'pm25': 13237}}",29.87,22.17,2.21,2.59,2.77,2.73,610372913,76.2,MOD-00625,4.4,2026-02-15T14:16:27,2026-02-15T06:16:27,https://api.quant-aq.com/v1/devices/MOD-00625/data/610372762
527.54,562.64,"{'lat': None, 'lon': None}","{'rh': 75.9, 'temp': 4.4, 'wd': 0.0, 'ws': 0.0, 'ws_scalar': 0.0}","{'gas': {'co': 18156, 'co2': 13273, 'no': 18157, 'no2': 18158, 'o3': 18159}, 'pm': {'pm1': 13236, 'pm10': 13238, 'pm25': 13237}}",31.67,22.64,2.56,2.48,2.63,2.59,610372910,75.9,MOD-00625,4.4,2026-02-15T14:15:27,2026-02-15T06:15:27,https://api.quant-aq.com/v1/devices/MOD-00625/data/610372759
533.07,561.07,"{'lat': None, 'lon': None}","{'rh': 76.2, 'temp': 4.4, 'wd': 0.0, 'ws': 0.0, 'ws_scalar': 0.0}","{'gas': {'co': 18156, 'co2': 13273, 'no': 18157, 'no2': 18158, 'o3': 18159}, 'pm': {'pm1': 13236, 'pm10': 13238, 'pm25': 13237}}",28.12,22.59,1.63,2.64,3.33,2.8,610370630,76.2,MOD-00625,4.4,2026-02-15T14:14:27,2026-02-15T06:14:27,https://api.quant-aq.com/v1/devices/MOD-00625/data/610370479
533.07,562.04,"{'lat': None, 'lon': None}","{'rh': 76.2, 'temp': 4.4, 'wd': 0.0, 'ws': 0.0, 'ws_scalar': 0.0}","{'gas': {'co': 18156, 'co2': 13273, 'no': 18157, 'no2': 18158, 'o3': 18159}, 'pm': {'pm1': 13236, 'pm10': 13238, 'pm25': 13237}}",27.8,22.59,2.54,2.81,3.54,2.9,610370627,76.2,MOD-00625,4.4,2026-02-15T14:13:27,2026-02-15T06:13:27,https://api.quant-aq.com/v1/devices/MOD-00625/data/610370476
540.12,566.01,"{'lat': None, 'lon': None}","{'rh': 76.1, 'temp': 4.4, 'wd': 0.0, 'ws': 0.0, 'ws_scalar': 0.0}","{'gas': {'co': 18156, 'co2': 13273, 'no': 18157, 'no2': 18158, 'o3': 18159}, 'pm': {'pm1': 13236, 'pm10': 13238, 'pm25': 13237}}",26.17,21.77,3.7,2.25,3.83,2.28,610370628,76.1,MOD-00625,4.4,2026-02-15T14:12:27,2026-02-15T06:12:27,https://api.quant-aq.com/v1/devices/MOD-00625/data/610370477
535.0,561.8,"{'lat': None, 'lon': None}","{'rh': 75.8, 'temp': 4.4, 'wd': 0.0, 'ws': 0.0, 'ws_scalar': 0.0}","{'gas': {'co': 18156, 'co2': 13273, 'no': 18157, 'no2': 18158, 'o3': 18159}, 'pm': {'pm1': 13236, 'pm10': 13238, 'pm25': 13237}}",26.49,23.07,1.99,2.54,5.1,2.67,610370629,75.8,MOD-00625,4.4,2026-02-15T14:11:27,2026-02-15T06:11:27,https://api.quant-aq.com/v1/devices/MOD-00625/data/610370478
539.03,561.07,"{'lat': None, 'lon': None}","{'rh': 75.9, 'temp': 4.4, 'wd': 0.0, 'ws': 0.0, 'ws_scalar': 0.0}","{'gas': {'co': 18156, 'co2': 13273, 'no': 18157, 'no2': 18158, 'o3': 18159}, 'pm': {'pm1': 13236, 'pm10': 13238, 'pm25': 13237}}",24.54,21.8,3.26,2.45,3.22,2.67,610368370,75.9,MOD-00625,4.4,2026-02-15T14:10:27,2026-02-15T06:10:27,https://api.quant-aq.com/v1/devices/MOD-00625/data/610368218
533.55,558.78,"{'lat': None, 'lon': None}","{'rh': 76.1, 'temp': 4.4, 'wd': 0.0, 'ws': 0.0, 'ws_scalar': 0.0}","{'gas': {'co': 18156, 'co2': 13273, 'no': 18157, 'no2': 18158, 'o3': 18159}, 'pm': {'pm1': 13236, 'pm10': 13238, 'pm25': 13237}}",23.56,22.19,1.76,2.63,2.97,2.76,610368366,76.1,MOD-00625,4.4,2026-02-15T14:09:27,2026-02-15T06:09:27,https://api.quant-aq.com/v1/devices/MOD-00625/data/610368216
526.17,561.56,"{'lat': None, 'lon': None}","{'rh': 76.1, 'temp': 4.4, 'wd': 0.0, 'ws': 0.0, 'ws_scalar': 0.0}","{'gas': {'co': 18156, 'co2': 13273, 'no': 18157, 'no2': 18158, 'o3': 18159}, 'pm': {'pm1': 13236, 'pm10': 13238, 'pm25': 13237}}",21.28,21.77,2.79,2.5,2.85,2.65,610368367,76.1,MOD-00625,4.4,2026-02-15T14:08:27,2026-02-15T06:08:27,https://api.quant-aq.com/v1/devices/MOD-00625/data/610368217
516.67,558.18,"{'lat': None, 'lon': None}","{'rh': 76.2, 'temp': 4.4, 'wd': 0.0, 'ws': 0.0, 'ws_scalar': 0.0}","{'gas': {'co': 18156, 'co2': 13273, 'no': 18157, 'no2': 18158, 'o3': 18159}, 'pm': {'pm1': 13236, 'pm10': 13238, 'pm25': 13237}}",18.35,20.91,2.12,2.59,2.92,2.7,610368369,76.2,MOD-00625,4.4,2026-02-15T14:07:27,2026-02-15T06:07:27,https://api.quant-aq.com/v1/devices/MOD-00625/data/610368219
506.53,558.06,"{'lat': None, 'lon': None}","{'rh': 76.2, 'temp': 4.5, 'wd': 0.0, 'ws': 0.0, 'ws_scalar': 0.0}","{'gas': {'co': 18156, 'co2': 13273, 'no': 18157, 'no2': 18158, 'o3': 18159}, 'pm': {'pm1': 13236, 'pm10': 13238, 'pm25': 13237}}",17.35,21.78,1.4,2.05,6.99,2.14,610368368,76.2,MOD-00625,4.5,2026-02-15T14:06:27,2026-02-15T06:06:27,https://api.quant-aq.com/v1/devices/MOD-00625/data/610368215
512.34,560.35,"{'lat': None, 'lon': None}","{'rh': 76.1, 'temp': 4.5, 'wd': 0.0, 'ws': 0.0, 'ws_scalar': 0.0}","{'gas': {'co': 18156, 'co2': 13273, 'no': 18157, 'no2': 18158, 'o3': 18159}, 'pm': {'pm1': 13236, 'pm10': 13238, 'pm25': 13237}}",16.69,21.79,1.41,2.46,3.08,2.57,610365504,76.1,MOD-00625,4.5,2026-02-15T14:05:27,2026-02-15T06:05:27,https://api.quant-aq.com/v1/devices/MOD-00625/data/610365354
508.38,555.05,"{'lat': None, 'lon': None}","{'rh': 75.9, 'temp': 4.5, 'wd': 0.0, 'ws': 0.0, 'ws_scalar': 0.0}","{'gas': {'co': 18156, 'co2': 13273, 'no': 18157, 'no2': 18158, 'o3': 18159}, 'pm': {'pm1': 13236, 'pm10': 13238, 'pm25': 13237}}",18.0,21.82,2.34,2.62,2.93,2.74,610365505,75.9,MOD-00625,4.5,2026-02-15T14:04:27,2026-02-15T06:04:27,https://api.quant-aq.com/v1/devices/MOD-00625/data/610365353
516.99,557.34,"{'lat': None, 'lon': None}","{'rh': 75.9, 'temp': 4.5, 'wd': 0.0, 'ws': 0.0, 'ws_scalar': 0.0}","{'gas': {'co': 18156, 'co2': 13273, 'no': 18157, 'no2': 18158, 'o3': 18159}, 'pm': {'pm1': 13236, 'pm10': 13238, 'pm25': 13237}}",17.67,21.82,1.88,2.76,3.57,3.01,610365507,75.9,MOD-00625,4.5,2026-02-15T14:03:27,2026-02-15T06:03:27,https://api.quant-aq.com/v1/devices/MOD-00625/data/610365356
545.29,559.51,"{'lat': None, 'lon': None}","{'rh': 75.9, 'temp': 4.5, 'wd': 0.0, 'ws': 0.0, 'ws_scalar': 0.0}","{'gas': {'co': 18156, 'co2': 13273, 'no': 18157, 'no2': 18158, 'o3': 18159}, 'pm': {'pm1': 13236, 'pm10': 13238, 'pm25': 13237}}",18.0,21.82,1.88,2.79,3.36,2.85,610365506,75.9,MOD-00625,4.5,2026-02-15T14:02:27,2026-02-15T06:02:27,https://api.quant-aq.com/v1/devices/MOD-00625/data/610365355
587.87,560.23,"{'lat': None, 'lon': None}","{'rh': 76.0, 'temp': 4.5, 'wd': 0.0, 'ws': 0.0, 'ws_scalar': 0.0}","{'gas': {'co': 18156, 'co2': 13273, 'no': 18157, 'no2': 18158, 'o3': 18159}, 'pm': {'pm1': 13236, 'pm10': 13238, 'pm25': 13237}}",19.95,20.97,2.12,2.32,2.53,2.47,610363282,76.0,MOD-00625,4.5,2026-02-15T14:01:27,2026-02-15T06:01:27,https://api.quant-aq.com/v1/devices/MOD-00625/data/610363131
591.97,558.42,"{'lat': None, 'lon': None}","{'rh': 76.0, 'temp': 4.5, 'wd': 0.0, 'ws': 0.0, 'ws_scalar': 0.0}","{'gas': {'co': 18156, 'co2': 13273, 'no': 18157, 'no2': 18158, 'o3': 18159}, 'pm': {'pm1': 13236, 'pm10': 13238, 'pm25': 13237}}",18.98,20.97,2.58,2.29,2.9,2.44,610363281,76.0,MOD-00625,4.5,2026-02-15T14:00:27,2026-02-15T06:00:27,https://api.quant-aq.com/v1/devices/MOD-00625/data/610363130
581.04,555.77,"{'lat': None, 'lon': None}","{'rh': 75.8, 'temp': 4.5, 'wd': 0.0, 'ws': 0.0, 'ws_scalar': 0.0}","{'gas': {'co': 18156, 'co2': 13273, 'no': 18157, 'no2': 18158, 'o3': 18159}, 'pm': {'pm1': 13236, 'pm10': 13238, 'pm25': 13237}}",18.32,22.26,1.77,2.71,2.97,2.89,610363283,75.8,MOD-00625,4.5,2026-02-15T13:59:27,2026-02-15T05:59:27,https://api.quant-aq.com/v1/devices/MOD-00625/data/610363132
565.87,555.17,"{'lat': None, 'lon': None}","{'rh': 75.8, 'temp': 4.5, 'wd': 0.0, 'ws': 0.0, 'ws_scalar': 0.0}","{'gas': {'co': 18156, 'co2': 13273, 'no': 18157, 'no2': 18158, 'o3': 18159}, 'pm': {'pm1': 13236, 'pm10': 13238, 'pm25': 13237}}",17.02,21.42,2.01,2.15,2.34,2.29,610363285,75.8,MOD-00625,4.5,2026-02-15T13:58:27,2026-02-15T05:58:27,https://api.quant-aq.com/v1/devices/MOD-00625/data/610363134
567.42,555.17,"{'lat': None, 'lon': None}","{'rh': 75.5, 'temp': 4.6, 'wd': 0.0, 'ws': 0.0, 'ws_scalar': 0.0}","{'gas': {'co': 18156, 'co2': 13273, 'no': 18157, 'no2': 18158, 'o3': 18159}, 'pm': {'pm1': 13236, 'pm10': 13238, 'pm25': 13237}}",16.67,19.41,3.55,2.35,2.7,2.48,610363284,75.5,MOD-00625,4.6,2026-02-15T13:57:27,2026-02-15T05:57:27,https://api.quant-aq.com/v1/devices/MOD-00625/data/610363133
554.36,556.98,"{'lat': None, 'lon': None}","{'rh': 75.4, 'temp': 4.6, 'wd': 0.0, 'ws': 0.0, 'ws_scalar': 0.0}","{'gas': {'co': 18156, 'co2': 13273, 'no': 18157, 'no2': 18158, 'o3': 18159}, 'pm': {'pm1': 13236, 'pm10': 13238, 'pm25': 13237}}",16.67,22.34,1.33,2.48,7.49,2.53,610360450,75.4,MOD-00625,4.6,2026-02-15T13:56:27,2026-02-15T05:56:27,https://api.quant-aq.com/v1/devices/MOD-00625/data/610360299
541.24,555.05,"{'lat': None, 'lon': None}","{'rh': 75.4, 'temp': 4.6, 'wd': 0.0, 'ws': 0.0, 'ws_scalar': 0.0}","{'gas': {'co': 18156, 'co2': 13273, 'no': 18157, 'no2': 18158, 'o3': 18159}, 'pm': {'pm1': 13236, 'pm10': 13238, 'pm25': 13237}}",15.69,21.51,2.49,2.19,3.16,2.26,610360452,75.4,MOD-00625,4.6,2026-02-15T13:55:27,2026-02-15T05:55:27,https://api.quant-aq.com/v1/devices/MOD-00625/data/610360301
551.49,555.89,"{'lat': None, 'lon': None}","{'rh': 75.4, 'temp': 4.6, 'wd': 0.0, 'ws': 0.0, 'ws_scalar': 0.0}","{'gas': {'co': 18156, 'co2': 13273, 'no': 18157, 'no2': 18158, 'o3': 18159}, 'pm': {'pm1': 13236, 'pm10': 13238, 'pm25': 13237}}",15.37,21.09,1.7,2.47,3.17,2.66,610360451,75.4,MOD-00625,4.6,2026-02-15T13:54:27,2026-02-15T05:54:27,https://api.quant-aq.com/v1/devices/MOD-00625/data/610360300
549.44,555.89,"{'lat': None, 'lon': None}","{'rh': 75.4, 'temp': 4.6, 'wd': 0.0, 'ws': 0.0, 'ws_scalar': 0.0}","{'gas': {'co': 18156, 'co2': 13273, 'no': 18157, 'no2': 18158, 'o3': 18159}, 'pm': {'pm1': 13236, 'pm10': 13238, 'pm25': 13237}}",14.39,21.51,1.12,2.42,2.84,2.6,610360449,75.4,MOD-00625,4.6,2026-02-15T13:53:27,2026-02-15T05:53:27,https://api.quant-aq.com/v1/devices/MOD-00625/data/610360298
536.66,554.81,"{'lat': None, 'lon': None}","{'rh': 75.5, 'temp': 4.6, 'wd': 0.0, 'ws': 0.0, 'ws_scalar': 0.0}","{'gas': {'co': 18156, 'co2': 13273, 'no': 18157, 'no2': 18158, 'o3': 18159}, 'pm': {'pm1': 13236, 'pm10': 13238, 'pm25': 13237}}",14.06,22.33,1.78,2.12,2.61,2.18,610358213,75.5,MOD-00625,4.6,2026-02-15T13:52:27,2026-02-15T05:52:27,https://api.quant-aq.com/v1/devices/MOD-00625/data/610358061
530.1,555.77,"{'lat': None, 'lon': None}","{'rh': 75.5, 'temp': 4.6, 'wd': 0.0, 'ws': 0.0, 'ws_scalar': 0.0}","{'gas': {'co': 18156, 'co2': 13273, 'no': 18157, 'no2': 18158, 'o3': 18159}, 'pm': {'pm1': 13236, 'pm10': 13238, 'pm25': 13237}}",13.41,22.33,2.23,2.06,2.41,2.11,610358211,75.5,MOD-00625,4.6,2026-02-15T13:51:27,2026-02-15T05:51:27,https://api.quant-aq.com/v1/devices/MOD-00625/data/610358060
531.74,552.64,"{'lat': None, 'lon': None}","{'rh': 75.5, 'temp': 4.6, 'wd': 0.0, 'ws': 0.0, 'ws_scalar': 0.0}","{'gas': {'co': 18156, 'co2': 13273, 'no': 18157, 'no2': 18158, 'o3': 18159}, 'pm': {'pm1': 13236, 'pm10': 13238, 'pm25': 13237}}",13.41,21.49,2.48,2.04,2.84,2.14,610358212,75.5,MOD-00625,4.6,2026-02-15T13:50:27,2026-02-15T05:50:27,https://api.quant-aq.com/v1/devices/MOD-00625/data/610358062
527.82,554.57,"{'lat': None, 'lon': None}","{'rh': 75.4, 'temp': 4.7, 'wd': 0.0, 'ws': 0.0, 'ws_scalar': 0.0}","{'gas': {'co': 18156, 'co2': 13273, 'no': 18157, 'no2': 18158, 'o3': 18159}, 'pm': {'pm1': 13236, 'pm10': 13238, 'pm25': 13237}}",14.04,21.53,1.56,2.31,3.08,2.44,610358210,75.4,MOD-00625,4.7,2026-02-15T13:49:27,2026-02-15T05:49:27,https://api.quant-aq.com/v1/devices/MOD-00625/data/610358059
500.68,554.33,"{'lat': None, 'lon': None}","{'rh': 75.5, 'temp': 4.7, 'wd': 0.0, 'ws': 0.0, 'ws_scalar': 0.0}","{'gas': {'co': 18156, 'co2': 13273, 'no': 18157, 'no2': 18158, 'o3': 18159}, 'pm': {'pm1': 13236, 'pm10': 13238, 'pm25': 13237}}",14.04,21.51,1.56,2.2,2.68,2.32,610356008,75.5,MOD-00625,4.7,2026-02-15T13:48:27,2026-02-15T05:48:27,https://api.quant-aq.com/v1/devices/MOD-00625/data/610355857
490.77,555.77,"{'lat': None, 'lon': None}","{'rh': 75.6, 'temp': 4.7, 'wd': 0.0, 'ws': 0.0, 'ws_scalar': 0.0}","{'gas': {'co': 18156, 'co2': 13273, 'no': 18157, 'no2': 18158, 'o3': 18159}, 'pm': {'pm1': 13236, 'pm10': 13238, 'pm25': 13237}}",15.02,22.34,2.67,2.26,2.42,2.38,610356006,75.6,MOD-00625,4.7,2026-02-15T13:47:27,2026-02-15T05:47:27,https://api.quant-aq.com/v1/devices/MOD-00625/data/610355853
473.4,553.12,"{'lat': None, 'lon': None}","{'rh': 75.8, 'temp': 4.7, 'wd': 0.0, 'ws': 0.0, 'ws_scalar': 0.0}","{'gas': {'co': 18156, 'co2': 13273, 'no': 18157, 'no2': 18158, 'o3': 18159}, 'pm': {'pm1': 13236, 'pm10': 13238, 'pm25': 13237}}",13.72,21.89,2.32,2.15,3.15,2.22,610356004,75.8,MOD-00625,4.7,2026-02-15T13:46:27,2026-02-15T05:46:27,https://api.quant-aq.com/v1/devices/MOD-00625/data/610355854
464.38,551.44,"{'lat': None, 'lon': None}","{'rh': 75.8, 'temp': 4.7, 'wd': 0.0, 'ws': 0.0, 'ws_scalar': 0.0}","{'gas': {'co': 18156, 'co2': 13273, 'no': 18157, 'no2': 18158, 'o3': 18159}, 'pm': {'pm1': 13236, 'pm10': 13238, 'pm25': 13237}}",14.04,22.31,2.65,2.28,2.35,2.35,610356007,75.8,MOD-00625,4.7,2026-02-15T13:45:27,2026-02-15T05:45:27,https://api.quant-aq.com/v1/devices/MOD-00625/data/610355856
452.89,548.79,"{'lat': None, 'lon': None}","{'rh': 75.8, 'temp': 4.7, 'wd': 0.0, 'ws': 0.0, 'ws_scalar': 0.0}","{'gas': {'co': 18156, 'co2': 13273, 'no': 18157, 'no2': 18158, 'o3': 18159}, 'pm': {'pm1': 13236, 'pm10': 13238, 'pm25': 13237}}",13.72,22.31,2.65,1.88,3.79,1.95,610356005,75.8,MOD-00625,4.7,2026-02-15T13:44:27,2026-02-15T05:44:27,https://api.quant-aq.com/v1/devices/MOD-00625/data/610355855
438.13,547.22,"{'lat': None, 'lon': None}","{'rh': 75.8, 'temp': 4.7, 'wd': 0.0, 'ws': 0.0, 'ws_scalar': 0.0}","{'gas': {'co': 18156, 'co2': 13273, 'no': 18157, 'no2': 18158, 'o3': 18159}, 'pm': {'pm1': 13236, 'pm10': 13238, 'pm25': 13237}}",13.39,21.89,2.78,1.99,5.86,2.1,610353265,75.8,MOD-00625,4.7,2026-02-15T13:43:27,2026-02-15T05:43:27,https://api.quant-aq.com/v1/devices/MOD-00625/data/610353114
422.21,551.92,"{'lat': None, 'lon': None}","{'rh': 75.7, 'temp': 4.7, 'wd': 0.0, 'ws': 0.0, 'ws_scalar': 0.0}","{'gas': {'co': 18156, 'co2': 13273, 'no': 18157, 'no2': 18158, 'o3': 18159}, 'pm': {'pm1': 13236, 'pm10': 13238, 'pm25': 13237}}",14.04,21.48,2.45,2.18,2.88,2.33,610353267,75.7,MOD-00625,4.7,2026-02-15T13:42:27,2026-02-15T05:42:27,https://api.quant-aq.com/v1/devices/MOD-00625/data/610353115
407.71,547.46,"{'lat': None, 'lon': None}","{'rh': 75.9, 'temp': 4.7, 'wd': 0.0, 'ws': 0.0, 'ws_scalar': 0.0}","{'gas': {'co': 18156, 'co2': 13273, 'no': 18157, 'no2': 18158, 'o3': 18159}, 'pm': {'pm1': 13236, 'pm10': 13238, 'pm25': 13237}}",14.04,22.71,2.07,2.24,2.96,2.3,610353266,75.9,MOD-00625,4.7,2026-02-15T13:41:27,2026-02-15T05:41:27,https://api.quant-aq.com/v1/devices/MOD-00625/data/610353116
401.26,551.08,"{'lat': None, 'lon': None}","{'rh': 75.9, 'temp': 4.8, 'wd': 0.0, 'ws': 0.0, 'ws_scalar': 0.0}","{'gas': {'co': 18156, 'co2': 13273, 'no': 18157, 'no2': 18158, 'o3': 18159}, 'pm': {'pm1': 13236, 'pm10': 13238, 'pm25': 13237}}",13.04,21.9,3.21,1.98,3.08,2.1,610353264,75.9,MOD-00625,4.8,2026-02-15T13:40:27,2026-02-15T05:40:27,https://api.quant-aq.com/v1/devices/MOD-00625/data/610353113
402.22,549.99,"{'lat': None, 'lon': None}","{'rh': 75.7, 'temp': 4.8, 'wd': 0.0, 'ws': 0.0, 'ws_scalar': 0.0}","{'gas': {'co': 18156, 'co2': 13273, 'no': 18157, 'no2': 18158, 'o3': 18159}, 'pm': {'pm1': 13236, 'pm10': 13238, 'pm25': 13237}}",12.72,22.35,3.11,1.99,2.47,2.18,610351021,75.7,MOD-00625,4.8,2026-02-15T13:39:27,2026-02-15T05:39:27,https://api.quant-aq.com/v1/devices/MOD-00625/data/610350870
402.08,547.7,"{'lat': None, 'lon': None}","{'rh': 75.9, 'temp': 4.8, 'wd': 0.0, 'ws': 0.0, 'ws_scalar': 0.0}","{'gas': {'co': 18156, 'co2': 13273, 'no': 18157, 'no2': 18158, 'o3': 18159}, 'pm': {'pm1': 13236, 'pm10': 13238, 'pm25': 13237}}",11.09,21.9,3.67,2.15,2.23,2.23,610351020,75.9,MOD-00625,4.8,2026-02-15T13:38:27,2026-02-15T05:38:27,https://api.quant-aq.com/v1/devices/MOD-00625/data/610350869
401.88,549.99,"{'lat': None, 'lon': None}","{'rh': 75.6, 'temp': 4.8, 'wd': 0.0, 'ws': 0.0, 'ws_scalar': 0.0}","{'gas': {'co': 18156, 'co2': 13273, 'no': 18157, 'no2': 18158, 'o3': 18159}, 'pm': {'pm1': 13236, 'pm10': 13238, 'pm25': 13237}}",10.11,21.94,3.24,1.98,7.04,2.04,610351022,75.6,MOD-00625,4.8,2026-02-15T13:37:27,2026-02-15T05:37:27,https://api.quant-aq.com/v1/devices/MOD-00625/data/610350871
400.31,544.45,"{'lat': None, 'lon': None}","{'rh': 75.5, 'temp': 4.8, 'wd': 0.0, 'ws': 0.0, 'ws_scalar': 0.0}","{'gas': {'co': 18156, 'co2': 13273, 'no': 18157, 'no2': 18158, 'o3': 18159}, 'pm': {'pm1': 13236, 'pm10': 13238, 'pm25': 13237}}",9.78,21.12,2.58,2.37,2.83,2.59,610351023,75.5,MOD-00625,4.8,2026-02-15T13:36:27,2026-02-15T05:36:27,https://api.quant-aq.com/v1/devices/MOD-00625/data/610350872
390.26,548.43,"{'lat': None, 'lon': None}","{'rh': 75.8, 'temp': 4.8, 'wd': 0.0, 'ws': 0.0, 'ws_scalar': 0.0}","{'gas': {'co': 18156, 'co2': 13273, 'no': 18157, 'no2': 18158, 'o3': 18159}, 'pm': {'pm1': 13236, 'pm10': 13238, 'pm25': 13237}}",9.46,21.49,3.8,2.08,3.48,2.24,610348745,75.8,MOD-00625,4.8,2026-02-15T13:35:27,2026-02-15T05:35:27,https://api.quant-aq.com/v1/devices/MOD-00625/data/610348592
388.76,541.92,"{'lat': None, 'lon': None}","{'rh': 75.6, 'temp': 4.8, 'wd': 0.0, 'ws': 0.0, 'ws_scalar': 0.0}","{'gas': {'co': 18156, 'co2': 13273, 'no': 18157, 'no2': 18158, 'o3': 18159}, 'pm': {'pm1': 13236, 'pm10': 13238, 'pm25': 13237}}",7.81,21.1,3.48,2.29,3.06,2.45,610348742,75.6,MOD-00625,4.8,2026-02-15T13:34:27,2026-02-15T05:34:27,https://api.quant-aq.com/v1/devices/MOD-00625/data/610348591
388.76,536.02,"{'lat': None, 'lon': None}","{'rh': 75.6, 'temp': 4.8, 'wd': 0.0, 'ws': 0.0, 'ws_scalar': 0.0}","{'gas': {'co': 18156, 'co2': 13273, 'no': 18157, 'no2': 18158, 'o3': 18159}, 'pm': {'pm1': 13236, 'pm10': 13238, 'pm25': 13237}}",7.14,22.36,2.66,2.77,3.48,2.92,610348744,75.6,MOD-00625,4.8,2026-02-15T13:33:27,2026-02-15T05:33:27,https://api.quant-aq.com/v1/devices/MOD-00625/data/610348593
391.01,544.81,"{'lat': None, 'lon': None}","{'rh': 75.9, 'temp': 4.8, 'wd': 0.0, 'ws': 0.0, 'ws_scalar': 0.0}","{'gas': {'co': 18156, 'co2': 13273, 'no': 18157, 'no2': 18158, 'o3': 18159}, 'pm': {'pm1': 13236, 'pm10': 13238, 'pm25': 13237}}",7.14,21.48,2.88,4.64,4.87,4.68,610348746,75.9,MOD-00625,4.8,2026-02-15T13:32:27,2026-02-15T05:32:27,https://api.quant-aq.com/v1/devices/MOD-00625/data/610348595
389.92,540.84,"{'lat': None, 'lon': None}","{'rh': 75.7, 'temp': 4.8, 'wd': 0.0, 'ws': 0.0, 'ws_scalar': 0.0}","{'gas': {'co': 18156, 'co2': 13273, 'no': 18157, 'no2': 18158, 'o3': 18159}, 'pm': {'pm1': 13236, 'pm10': 13238, 'pm25': 13237}}",7.81,22.35,2.65,5.77,12.05,6.02,610346473,75.7,MOD-00625,4.8,2026-02-15T13:31:27,2026-02-15T05:31:27,https://api.quant-aq.com/v1/devices/MOD-00625/data/610346322
400.31,539.39,"{'lat': None, 'lon': None}","{'rh': 75.5, 'temp': 4.8, 'wd': 0.0, 'ws': 0.0, 'ws_scalar': 0.0}","{'gas': {'co': 18156, 'co2': 13273, 'no': 18157, 'no2': 18158, 'o3': 18159}, 'pm': {'pm1': 13236, 'pm10': 13238, 'pm25': 13237}}",7.48,21.54,3.82,7.25,7.93,7.38,610346475,75.5,MOD-00625,4.8,2026-02-15T13:30:27,2026-02-15T05:30:27,https://api.quant-aq.com/v1/devices/MOD-00625/data/610346326
398.81,539.51,"{'lat': None, 'lon': None}","{'rh': 75.3, 'temp': 4.8, 'wd': 0.0, 'ws': 0.0, 'ws_scalar': 0.0}","{'gas': {'co': 18156, 'co2': 13273, 'no': 18157, 'no2': 18158, 'o3': 18159}, 'pm': {'pm1': 13236, 'pm10': 13238, 'pm25': 13237}}",8.15,21.99,3.72,6.97,7.38,7.18,610346471,75.3,MOD-00625,4.8,2026-02-15T13:29:27,2026-02-15T05:29:27,https://api.quant-aq.com/v1/devices/MOD-00625/data/610346321
395.71,537.71,"{'lat': None, 'lon': None}","{'rh': 75.2, 'temp': 4.9, 'wd': 0.0, 'ws': 0.0, 'ws_scalar': 0.0}","{'gas': {'co': 18156, 'co2': 13273, 'no': 18157, 'no2': 18158, 'o3': 18159}, 'pm': {'pm1': 13236, 'pm10': 13238, 'pm25': 13237}}",8.78,21.61,3.38,7.92,8.86,8.23,610346470,75.2,MOD-00625,4.9,2026-02-15T13:28:27,2026-02-15T05:28:27,https://api.quant-aq.com/v1/devices/MOD-00625/data/610346319
398.99,541.32,"{'lat': None, 'lon': None}","{'rh': 75.2, 'temp': 4.9, 'wd': 0.0, 'ws': 0.0, 'ws_scalar': 0.0}","{'gas': {'co': 18156, 'co2': 13273, 'no': 18157, 'no2': 18158, 'o3': 18159}, 'pm': {'pm1': 13236, 'pm10': 13238, 'pm25': 13237}}",8.46,21.61,4.75,10.39,10.67,10.62,610344288,75.2,MOD-00625,4.9,2026-02-15T13:27:27,2026-02-15T05:27:27,https://api.quant-aq.com/v1/devices/MOD-00625/data/610344137
397.35,537.47,"{'lat': None, 'lon': None}","{'rh': 75.2, 'temp': 4.9, 'wd': 0.0, 'ws': 0.0, 'ws_scalar': 0.0}","{'gas': {'co': 18156, 'co2': 13273, 'no': 18157, 'no2': 18158, 'o3': 18159}, 'pm': {'pm1': 13236, 'pm10': 13238, 'pm25': 13237}}",7.81,21.61,2.92,9.86,12.01,10.18,610344289,75.2,MOD-00625,4.9,2026-02-15T13:26:27,2026-02-15T05:26:27,https://api.quant-aq.com/v1/devices/MOD-00625/data/610344138
400.63,538.43,"{'lat': None, 'lon': None}","{'rh': 75.2, 'temp': 4.9, 'wd': 0.0, 'ws': 0.0, 'ws_scalar': 0.0}","{'gas': {'co': 18156, 'co2': 13273, 'no': 18157, 'no2': 18158, 'o3': 18159}, 'pm': {'pm1': 13236, 'pm10': 13238, 'pm25': 13237}}",5.82,21.19,3.96,7.61,10.23,7.83,610344285,75.2,MOD-00625,4.9,2026-02-15T13:25:27,2026-02-15T05:25:27,https://api.quant-aq.com/v1/devices/MOD-00625/data/610344131
395.37,537.59,"{'lat': None, 'lon': None}","{'rh': 75.1, 'temp': 4.9, 'wd': 0.0, 'ws': 0.0, 'ws_scalar': 0.0}","{'gas': {'co': 18156, 'co2': 13273, 'no': 18157, 'no2': 18158, 'o3': 18159}, 'pm': {'pm1': 13236, 'pm10': 13238, 'pm25': 13237}}",7.15,21.62,3.39,10.53,10.96,10.73,610344287,75.1,MOD-00625,4.9,2026-02-15T13:24:27,2026-02-15T05:24:27,https://api.quant-aq.com/v1/devices/MOD-00625/data/610344132
400.15,537.47,"{'lat': None, 'lon': None}","{'rh': 75.3, 'temp': 4.9, 'wd': 0.0, 'ws': 0.0, 'ws_scalar': 0.0}","{'gas': {'co': 18156, 'co2': 13273, 'no': 18157, 'no2': 18158, 'o3': 18159}, 'pm': {'pm1': 13236, 'pm10': 13238, 'pm25': 13237}}",8.13,21.59,3.83,16.36,33.92,16.68,610342025,75.3,MOD-00625,4.9,2026-02-15T13:23:27,2026-02-15T05:23:27,https://api.quant-aq.com/v1/devices/MOD-00625/data/610341874
399.26,536.14,"{'lat': None, 'lon': None}","{'rh': 75.4, 'temp': 4.9, 'wd': 0.0, 'ws': 0.0, 'ws_scalar': 0.0}","{'gas': {'co': 18156, 'co2': 13273, 'no': 18157, 'no2': 18158, 'o3': 18159}, 'pm': {'pm1': 13236, 'pm10': 13238, 'pm25': 13237}}",7.48,21.16,3.94,12.19,23.56,12.66,610342027,75.4,MOD-00625,4.9,2026-02-15T13:22:27,2026-02-15T05:22:27,https://api.quant-aq.com/v1/devices/MOD-00625/data/610341876
395.16,537.83,"{'lat': None, 'lon': None}","{'rh': 75.4, 'temp': 4.9, 'wd': 0.0, 'ws': 0.0, 'ws_scalar': 0.0}","{'gas': {'co': 18156, 'co2': 13273, 'no': 18157, 'no2': 18158, 'o3': 18159}, 'pm': {'pm1': 13236, 'pm10': 13238, 'pm25': 13237}}",6.81,21.58,4.28,7.77,8.98,8.05,610342026,75.4,MOD-00625,4.9,2026-02-15T13:21:27,2026-02-15T05:21:27,https://api.quant-aq.com/v1/devices/MOD-00625/data/610341875
393.11,534.82,"{'lat': None, 'lon': None}","{'rh': 75.4, 'temp': 4.9, 'wd': 0.0, 'ws': 0.0, 'ws_scalar': 0.0}","{'gas': {'co': 18156, 'co2': 13273, 'no': 18157, 'no2': 18158, 'o3': 18159}, 'pm': {'pm1': 13236, 'pm10': 13238, 'pm25': 13237}}",6.15,21.16,4.4,3.82,4.5,3.95,610342028,75.4,MOD-00625,4.9,2026-02-15T13:20:27,2026-02-15T05:20:27,https://api.quant-aq.com/v1/devices/MOD-00625/data/610341877
386.48,534.46,"{'lat': None, 'lon': None}","{'rh': 75.5, 'temp': 4.9, 'wd': 0.0, 'ws': 0.0, 'ws_scalar': 0.0}","{'gas': {'co': 18156, 'co2': 13273, 'no': 18157, 'no2': 18158, 'o3': 18159}, 'pm': {'pm1': 13236, 'pm10': 13238, 'pm25': 13237}}",5.81,21.14,3.48,2.38,3.07,2.52,610339771,75.5,MOD-00625,4.9,2026-02-15T13:19:27,2026-02-15T05:19:27,https://api.quant-aq.com/v1/devices/MOD-00625/data/610339620
381.14,533.13,"{'lat': None, 'lon': None}","{'rh': 75.5, 'temp': 4.9, 'wd': 0.0, 'ws': 0.0, 'ws_scalar': 0.0}","{'gas': {'co': 18156, 'co2': 13273, 'no': 18157, 'no2': 18158, 'o3': 18159}, 'pm': {'pm1': 13236, 'pm10': 13238, 'pm25': 13237}}",6.14,20.72,4.97,1.45,2.89,1.62,610339772,75.5,MOD-00625,4.9,2026-02-15T13:18:27,2026-02-15T05:18:27,https://api.quant-aq.com/v1/devices/MOD-00625/data/610339621
377.38,534.46,"{'lat': None, 'lon': None}","{'rh': 75.6, 'temp': 4.9, 'wd': 0.0, 'ws': 0.0, 'ws_scalar': 0.0}","{'gas': {'co': 18156, 'co2': 13273, 'no': 18157, 'no2': 18158, 'o3': 18159}, 'pm': {'pm1': 13236, 'pm10': 13238, 'pm25': 13237}}",5.81,19.87,4.3,1.95,2.48,2.06,610339769,75.6,MOD-00625,4.9,2026-02-15T13:17:27,2026-02-15T05:17:27,https://api.quant-aq.com/v1/devices/MOD-00625/data/610339618
369.79,533.49,"{'lat': None, 'lon': None}","{'rh': 75.9, 'temp': 4.9, 'wd': 0.0, 'ws': 0.0, 'ws_scalar': 0.0}","{'gas': {'co': 18156, 'co2': 13273, 'no': 18157, 'no2': 18158, 'o3': 18159}, 'pm': {'pm1': 13236, 'pm10': 13238, 'pm25': 13237}}",6.47,21.5,3.33,1.42,1.74,1.52,610339770,75.9,MOD-00625,4.9,2026-02-15T13:16:27,2026-02-15T05:16:27,https://api.quant-aq.com/v1/devices/MOD-00625/data/610339619
366.65,533.01,"{'lat': None, 'lon': None}","{'rh': 75.7, 'temp': 4.9, 'wd': 0.0, 'ws': 0.0, 'ws_scalar': 0.0}","{'gas': {'co': 18156, 'co2': 13273, 'no': 18157, 'no2': 18158, 'o3': 18159}, 'pm': {'pm1': 13236, 'pm10': 13238, 'pm25': 13237}}",7.14,20.69,4.5,1.55,4.07,1.68,610337530,75.7,MOD-00625,4.9,2026-02-15T13:15:27,2026-02-15T05:15:27,https://api.quant-aq.com/v1/devices/MOD-00625/data/610337378
372.46,524.58,"{'lat': None, 'lon': None}","{'rh': 75.6, 'temp': 4.9, 'wd': 0.0, 'ws': 0.0, 'ws_scalar': 0.0}","{'gas': {'co': 18156, 'co2': 13273, 'no': 18157, 'no2': 18158, 'o3': 18159}, 'pm': {'pm1': 13236, 'pm10': 13238, 'pm25': 13237}}",6.81,19.87,5.67,1.54,2.43,1.63,610337527,75.6,MOD-00625,4.9,2026-02-15T13:14:27,2026-02-15T05:14:27,https://api.quant-aq.com/v1/devices/MOD-00625/data/610337376
380.66,536.02,"{'lat': None, 'lon': None}","{'rh': 75.6, 'temp': 4.9, 'wd': 0.0, 'ws': 0.0, 'ws_scalar': 0.0}","{'gas': {'co': 18156, 'co2': 13273, 'no': 18157, 'no2': 18158, 'o3': 18159}, 'pm': {'pm1': 13236, 'pm10': 13238, 'pm25': 13237}}",6.14,21.13,3.47,1.87,4.3,2.02,610337529,75.6,MOD-00625,4.9,2026-02-15T13:13:27,2026-02-15T05:13:27,https://api.quant-aq.com/v1/devices/MOD-00625/data/610337377
384.95,539.51,"{'lat': None, 'lon': None}","{'rh': 75.5, 'temp': 5.0, 'wd': 0.0, 'ws': 0.0, 'ws_scalar': 0.0}","{'gas': {'co': 18156, 'co2': 13273, 'no': 18157, 'no2': 18158, 'o3': 18159}, 'pm': {'pm1': 13236, 'pm10': 13238, 'pm25': 13237}}",7.46,21.59,3.8,1.58,2.17,1.76,610337528,75.5,MOD-00625,5.0,2026-02-15T13:12:27,2026-02-15T05:12:27,https://api.quant-aq.com/v1/devices/MOD-00625/data/610337379
387.07,536.14,"{'lat': None, 'lon': None}","{'rh': 75.4, 'temp': 5.0, 'wd': 0.0, 'ws': 0.0, 'ws_scalar': 0.0}","{'gas': {'co': 18156, 'co2': 13273, 'no': 18157, 'no2': 18158, 'o3': 18159}, 'pm': {'pm1': 13236, 'pm10': 13238, 'pm25': 13237}}",8.76,21.6,3.81,1.73,2.31,1.78,610335260,75.4,MOD-00625,5.0,2026-02-15T13:11:27,2026-02-15T05:11:27,https://api.quant-aq.com/v1/devices/MOD-00625/data/610335109
397.39,535.3,"{'lat': None, 'lon': None}","{'rh': 75.3, 'temp': 5.0, 'wd': 0.0, 'ws': 0.0, 'ws_scalar': 0.0}","{'gas': {'co': 18156, 'co2': 13273, 'no': 18157, 'no2': 18158, 'o3': 18159}, 'pm': {'pm1': 13236, 'pm10': 13238, 'pm25': 13237}}",8.76,22.04,2.78,1.77,1.9,1.9,610335262,75.3,MOD-00625,5.0,2026-02-15T13:10:27,2026-02-15T05:10:27,https://api.quant-aq.com/v1/devices/MOD-00625/data/610335111
393.36,536.38,"{'lat': None, 'lon': None}","{'rh': 75.2, 'temp': 5.0, 'wd': 0.0, 'ws': 0.0, 'ws_scalar': 0.0}","{'gas': {'co': 18156, 'co2': 13273, 'no': 18157, 'no2': 18158, 'o3': 18159}, 'pm': {'pm1': 13236, 'pm10': 13238, 'pm25': 13237}}",8.76,21.21,3.03,1.73,5.73,1.89,610335261,75.2,MOD-00625,5.0,2026-02-15T13:09:27,2026-02-15T05:09:27,https://api.quant-aq.com/v1/devices/MOD-00625/data/610335110
396.23,535.54,"{'lat': None, 'lon': None}","{'rh': 75.2, 'temp': 5.0, 'wd': 0.0, 'ws': 0.0, 'ws_scalar': 0.0}","{'gas': {'co': 18156, 'co2': 13273, 'no': 18157, 'no2': 18158, 'o3': 18159}, 'pm': {'pm1': 13236, 'pm10': 13238, 'pm25': 13237}}",9.09,20.79,3.16,1.6,4.21,1.75,610335259,75.2,MOD-00625,5.0,2026-02-15T13:08:27,2026-02-15T05:08:27,https://api.quant-aq.com/v1/devices/MOD-00625/data/610335108
404.84,536.26,"{'lat': None, 'lon': None}","{'rh': 75.2, 'temp': 5.0, 'wd': 0.0, 'ws': 0.0, 'ws_scalar': 0.0}","{'gas': {'co': 18156, 'co2': 13273, 'no': 18157, 'no2': 18158, 'o3': 18159}, 'pm': {'pm1': 13236, 'pm10': 13238, 'pm25': 13237}}",9.09,22.05,2.33,1.88,2.87,2.04,610333084,75.2,MOD-00625,5.0,2026-02-15T13:07:27,2026-02-15T05:07:27,https://api.quant-aq.com/v1/devices/MOD-00625/data/610332933
409.08,534.58,"{'lat': None, 'lon': None}","{'rh': 75.0, 'temp': 5.0, 'wd': 0.0, 'ws': 0.0, 'ws_scalar': 0.0}","{'gas': {'co': 18156, 'co2': 13273, 'no': 18157, 'no2': 18158, 'o3': 18159}, 'pm': {'pm1': 13236, 'pm10': 13238, 'pm25': 13237}}",8.44,22.08,2.8,1.73,2.15,1.89,610333085,75.0,MOD-00625,5.0,2026-02-15T13:06:27,2026-02-15T05:06:27,https://api.quant-aq.com/v1/devices/MOD-00625/data/610332934
422.69,534.21,"{'lat': None, 'lon': None}","{'rh': 74.9, 'temp': 5.0, 'wd': 0.0, 'ws': 0.0, 'ws_scalar': 0.0}","{'gas': {'co': 18156, 'co2': 13273, 'no': 18157, 'no2': 18158, 'o3': 18159}, 'pm': {'pm1': 13236, 'pm10': 13238, 'pm25': 13237}}",8.76,20.84,3.18,1.81,2.19,2.07,610333086,74.9,MOD-00625,5.0,2026-02-15T13:05:27,2026-02-15T05:05:27,https://api.quant-aq.com/v1/devices/MOD-00625/data/610332935
428.36,534.7,"{'lat': None, 'lon': None}","{'rh': 75.0, 'temp': 5.0, 'wd': 0.0, 'ws': 0.0, 'ws_scalar': 0.0}","{'gas': {'co': 18156, 'co2': 13273, 'no': 18157, 'no2': 18158, 'o3': 18159}, 'pm': {'pm1': 13236, 'pm10': 13238, 'pm25': 13237}}",9.09,22.5,2.22,1.87,1.91,1.91,610333087,75.0,MOD-00625,5.0,2026-02-15T13:04:27,2026-02-15T05:04:27,https://api.quant-aq.com/v1/devices/MOD-00625/data/610332936
437.86,530.6,"{'lat': None, 'lon': None}","{'rh': 74.9, 'temp': 5.0, 'wd': 0.0, 'ws': 0.0, 'ws_scalar': 0.0}","{'gas': {'co': 18156, 'co2': 13273, 'no': 18157, 'no2': 18158, 'o3': 18159}, 'pm': {'pm1': 13236, 'pm10': 13238, 'pm25': 13237}}",9.74,22.52,2.23,2.04,4.68,2.17,610330843,74.9,MOD-00625,5.0,2026-02-15T13:03:27,2026-02-15T05:03:27,https://api.quant-aq.com/v1/devices/MOD-00625/data/610330692
462.54,533.97,"{'lat': None, 'lon': None}","{'rh': 74.8, 'temp': 5.0, 'wd': 0.0, 'ws': 0.0, 'ws_scalar': 0.0}","{'gas': {'co': 18156, 'co2': 13273, 'no': 18157, 'no2': 18158, 'o3': 18159}, 'pm': {'pm1': 13236, 'pm10': 13238, 'pm25': 13237}}",9.74,20.86,3.19,2.06,3.06,2.15,610330844,74.8,MOD-00625,5.0,2026-02-15T13:02:27,2026-02-15T05:02:27,https://api.quant-aq.com/v1/devices/MOD-00625/data/610330693
492.48,533.61,"{'lat': None, 'lon': None}","{'rh': 74.8, 'temp': 5.0, 'wd': 0.0, 'ws': 0.0, 'ws_scalar': 0.0}","{'gas': {'co': 18156, 'co2': 13273, 'no': 18157, 'no2': 18158, 'o3': 18159}, 'pm': {'pm1': 13236, 'pm10': 13238, 'pm25': 13237}}",10.39,21.69,3.4,1.82,7.69,1.95,610330842,74.8,MOD-00625,5.0,2026-02-15T13:01:27,2026-02-15T05:01:27,https://api.quant-aq.com/v1/devices/MOD-00625/data/610330691
499.52,534.33,"{'lat': None, 'lon': None}","{'rh': 74.7, 'temp': 5.0, 'wd': 0.0, 'ws': 0.0, 'ws_scalar': 0.0}","{'gas': {'co': 18156, 'co2': 13273, 'no': 18157, 'no2': 18158, 'o3': 18159}, 'pm': {'pm1': 13236, 'pm10': 13238, 'pm25': 13237}}",11.04,22.13,2.82,1.79,7.84,1.92,610330841,74.7,MOD-00625,5.0,2026-02-15T13:00:27,2026-02-15T05:00:27,https://api.quant-aq.com/v1/devices/MOD-00625/data/610330690
404.45,534.58,"{'lat': None, 'lon': None}","{'rh': 74.6, 'temp': 5.0, 'wd': 0.0, 'ws': 0.0, 'ws_scalar': 0.0}","{'gas': {'co': 18156, 'co2': 13273, 'no': 18157, 'no2': 18158, 'o3': 18159}, 'pm': {'pm1': 13236, 'pm10': 13238, 'pm25': 13237}}",10.72,21.31,3.53,1.89,2.2,2.09,610328593,74.6,MOD-00625,5.0,2026-02-15T12:59:27,2026-02-15T04:59:27,https://api.quant-aq.com/v1/devices/MOD-00625/data/610328441
359.4,527.95,"{'lat': None, 'lon': None}","{'rh': 74.5, 'temp': 5.0, 'wd': 0.0, 'ws': 0.0, 'ws_scalar': 0.0}","{'gas': {'co': 18156, 'co2': 13273, 'no': 18157, 'no2': 18158, 'o3': 18159}, 'pm': {'pm1': 13236, 'pm10': 13238, 'pm25': 13237}}",9.74,22.16,3.3,1.73,2.56,2.04,610328592,74.5,MOD-00625,5.0,2026-02-15T12:58:27,2026-02-15T04:58:27,https://api.quant-aq.com/v1/devices/MOD-00625/data/610328440
342.32,522.17,"{'lat': None, 'lon': None}","{'rh': 74.3, 'temp': 5.0, 'wd': 0.0, 'ws': 0.0, 'ws_scalar': 0.0}","{'gas': {'co': 18156, 'co2': 13273, 'no': 18157, 'no2': 18158, 'o3': 18159}, 'pm': {'pm1': 13236, 'pm10': 13238, 'pm25': 13237}}",9.41,21.77,3.89,2.1,3.26,2.45,610328594,74.3,MOD-00625,5.0,2026-02-15T12:57:27,2026-02-15T04:57:27,https://api.quant-aq.com/v1/devices/MOD-00625/data/610328443
329.34,523.37,"{'lat': None, 'lon': None}","{'rh': 74.1, 'temp': 5.0, 'wd': 0.0, 'ws': 0.0, 'ws_scalar': 0.0}","{'gas': {'co': 18156, 'co2': 13273, 'no': 18157, 'no2': 18158, 'o3': 18159}, 'pm': {'pm1': 13236, 'pm10': 13238, 'pm25': 13237}}",9.09,22.22,3.78,1.6,4.67,1.78,610328591,74.1,MOD-00625,5.0,2026-02-15T12:56:27,2026-02-15T04:56:27,https://api.quant-aq.com/v1/devices/MOD-00625/data/610328442
317.85,522.17,"{'lat': None, 'lon': None}","{'rh': 74.1, 'temp': 5.0, 'wd': 0.0, 'ws': 0.0, 'ws_scalar': 0.0}","{'gas': {'co': 18156, 'co2': 13273, 'no': 18157, 'no2': 18158, 'o3': 18159}, 'pm': {'pm1': 13236, 'pm10': 13238, 'pm25': 13237}}",7.78,21.38,4.94,1.62,3.95,1.8,610326379,74.1,MOD-00625,5.0,2026-02-15T12:55:27,2026-02-15T04:55:27,https://api.quant-aq.com/v1/devices/MOD-00625/data/610326228
324.34,518.44,"{'lat': None, 'lon': None}","{'rh': 74.2, 'temp': 5.0, 'wd': 0.0, 'ws': 0.0, 'ws_scalar': 0.0}","{'gas': {'co': 18156, 'co2': 13273, 'no': 18157, 'no2': 18158, 'o3': 18159}, 'pm': {'pm1': 13236, 'pm10': 13238, 'pm25': 13237}}",7.78,20.95,4.6,1.72,3.77,1.86,610326378,74.2,MOD-00625,5.0,2026-02-15T12:54:27,2026-02-15T04:54:27,https://api.quant-aq.com/v1/devices/MOD-00625/data/610326227
325.06,520.72,"{'lat': None, 'lon': None}","{'rh': 74.5, 'temp': 5.1, 'wd': 0.0, 'ws': 0.0, 'ws_scalar': 0.0}","{'gas': {'co': 18156, 'co2': 13273, 'no': 18157, 'no2': 18158, 'o3': 18159}, 'pm': {'pm1': 13236, 'pm10': 13238, 'pm25': 13237}}",8.41,20.09,4.36,1.7,5.61,1.84,610326377,74.5,MOD-00625,5.1,2026-02-15T12:53:27,2026-02-15T04:53:27,https://api.quant-aq.com/v1/devices/MOD-00625/data/610326226
327.79,525.54,"{'lat': None, 'lon': None}","{'rh': 74.7, 'temp': 5.1, 'wd': 0.0, 'ws': 0.0, 'ws_scalar': 0.0}","{'gas': {'co': 18156, 'co2': 13273, 'no': 18157, 'no2': 18158, 'o3': 18159}, 'pm': {'pm1': 13236, 'pm10': 13238, 'pm25': 13237}}",7.44,21.73,4.3,1.92,2.43,2.15,610326376,74.7,MOD-00625,5.1,2026-02-15T12:52:27,2026-02-15T04:52:27,https://api.quant-aq.com/v1/devices/MOD-00625/data/610326225
322.94,523.62,"{'lat': None, 'lon': None}","{'rh': 74.6, 'temp': 5.1, 'wd': 0.0, 'ws': 0.0, 'ws_scalar': 0.0}","{'gas': {'co': 18156, 'co2': 13273, 'no': 18157, 'no2': 18158, 'o3': 18159}, 'pm': {'pm1': 13236, 'pm10': 13238, 'pm25': 13237}}",6.79,20.08,4.8,1.82,25.44,2.05,610324149,74.6,MOD-00625,5.1,2026-02-15T12:51:27,2026-02-15T04:51:27,https://api.quant-aq.com/v1/devices/MOD-00625/data/610323998
339.55,524.82,"{'lat': None, 'lon': None}","{'rh': 74.9, 'temp': 5.1, 'wd': 0.0, 'ws': 0.0, 'ws_scalar': 0.0}","{'gas': {'co': 18156, 'co2': 13273, 'no': 18157, 'no2': 18158, 'o3': 18159}, 'pm': {'pm1': 13236, 'pm10': 13238, 'pm25': 13237}}",7.11,20.86,4.54,2.05,2.86,2.43,610324146,74.9,MOD-00625,5.1,2026-02-15T12:50:27,2026-02-15T04:50:27,https://api.quant-aq.com/v1/devices/MOD-00625/data/610323995
366.95,527.95,"{'lat': None, 'lon': None}","{'rh': 75.0, 'temp': 5.1, 'wd': 0.0, 'ws': 0.0, 'ws_scalar': 0.0}","{'gas': {'co': 18156, 'co2': 13273, 'no': 18157, 'no2': 18158, 'o3': 18159}, 'pm': {'pm1': 13236, 'pm10': 13238, 'pm25': 13237}}",12.0,21.69,2.91,2.26,16.12,2.53,610324148,75.0,MOD-00625,5.1,2026-02-15T12:49:27,2026-02-15T04:49:27,https://api.quant-aq.com/v1/devices/MOD-00625/data/610323997
364.97,523.86,"{'lat': None, 'lon': None}","{'rh': 74.9, 'temp': 5.1, 'wd': 0.0, 'ws': 0.0, 'ws_scalar': 0.0}","{'gas': {'co': 18156, 'co2': 13273, 'no': 18157, 'no2': 18158, 'o3': 18159}, 'pm': {'pm1': 13236, 'pm10': 13238, 'pm25': 13237}}",12.33,21.7,2.92,1.9,4.89,1.95,610324147,74.9,MOD-00625,5.1,2026-02-15T12:48:27,2026-02-15T04:48:27,https://api.quant-aq.com/v1/devices/MOD-00625/data/610323996
359.64,527.23,"{'lat': None, 'lon': None}","{'rh': 74.9, 'temp': 5.1, 'wd': 0.0, 'ws': 0.0, 'ws_scalar': 0.0}","{'gas': {'co': 18156, 'co2': 13273, 'no': 18157, 'no2': 18158, 'o3': 18159}, 'pm': {'pm1': 13236, 'pm10': 13238, 'pm25': 13237}}",12.33,21.7,3.38,2.34,7.79,2.61,610321914,74.9,MOD-00625,5.1,2026-02-15T12:47:27,2026-02-15T04:47:27,https://api.quant-aq.com/v1/devices/MOD-00625/data/610321763
364.97,525.78,"{'lat': None, 'lon': None}","{'rh': 74.9, 'temp': 5.1, 'wd': 0.0, 'ws': 0.0, 'ws_scalar': 0.0}","{'gas': {'co': 18156, 'co2': 13273, 'no': 18157, 'no2': 18158, 'o3': 18159}, 'pm': {'pm1': 13236, 'pm10': 13238, 'pm25': 13237}}",12.65,22.12,3.25,2.24,6.19,2.6,610321915,74.9,MOD-00625,5.1,2026-02-15T12:46:27,2026-02-15T04:46:27,https://api.quant-aq.com/v1/devices/MOD-00625/data/610321764
367.36,526.75,"{'lat': None, 'lon': None}","{'rh': 75.0, 'temp': 5.1, 'wd': 0.0, 'ws': 0.0, 'ws_scalar': 0.0}","{'gas': {'co': 18156, 'co2': 13273, 'no': 18157, 'no2': 18158, 'o3': 18159}, 'pm': {'pm1': 13236, 'pm10': 13238, 'pm25': 13237}}",13.96,20.43,4.2,1.9,15.07,2.17,610321913,75.0,MOD-00625,5.1,2026-02-15T12:45:27,2026-02-15T04:45:27,https://api.quant-aq.com/v1/devices/MOD-00625/data/610321762
370.23,528.43,"{'lat': None, 'lon': None}","{'rh': 75.0, 'temp': 5.1, 'wd': 0.0, 'ws': 0.0, 'ws_scalar': 0.0}","{'gas': {'co': 18156, 'co2': 13273, 'no': 18157, 'no2': 18158, 'o3': 18159}, 'pm': {'pm1': 13236, 'pm10': 13238, 'pm25': 13237}}",15.91,21.69,2.91,2.12,2.42,2.34,610321916,75.0,MOD-00625,5.1,2026-02-15T12:44:27,2026-02-15T04:44:27,https://api.quant-aq.com/v1/devices/MOD-00625/data/610321765
374.94,526.51,"{'lat': None, 'lon': None}","{'rh': 75.3, 'temp': 5.1, 'wd': 0.0, 'ws': 0.0, 'ws_scalar': 0.0}","{'gas': {'co': 18156, 'co2': 13273, 'no': 18157, 'no2': 18158, 'o3': 18159}, 'pm': {'pm1': 13236, 'pm10': 13238, 'pm25': 13237}}",16.89,22.06,2.77,2.09,7.19,2.3,610319716,75.3,MOD-00625,5.1,2026-02-15T12:43:27,2026-02-15T04:43:27,https://api.quant-aq.com/v1/devices/MOD-00625/data/610319565
384.31,526.87,"{'lat': None, 'lon': None}","{'rh': 75.4, 'temp': 5.1, 'wd': 0.0, 'ws': 0.0, 'ws_scalar': 0.0}","{'gas': {'co': 18156, 'co2': 13273, 'no': 18157, 'no2': 18158, 'o3': 18159}, 'pm': {'pm1': 13236, 'pm10': 13238, 'pm25': 13237}}",19.82,21.63,3.34,2.09,4.5,2.17,610319714,75.4,MOD-00625,5.1,2026-02-15T12:42:27,2026-02-15T04:42:27,https://api.quant-aq.com/v1/devices/MOD-00625/data/610319563
388.34,526.63,"{'lat': None, 'lon': None}","{'rh': 75.5, 'temp': 5.1, 'wd': 0.0, 'ws': 0.0, 'ws_scalar': 0.0}","{'gas': {'co': 18156, 'co2': 13273, 'no': 18157, 'no2': 18158, 'o3': 18159}, 'pm': {'pm1': 13236, 'pm10': 13238, 'pm25': 13237}}",19.82,22.45,3.09,2.44,6.06,2.64,610319715,75.5,MOD-00625,5.1,2026-02-15T12:41:27,2026-02-15T04:41:27,https://api.quant-aq.com/v1/devices/MOD-00625/data/610319564
403.78,526.87,"{'lat': None, 'lon': None}","{'rh': 75.7, 'temp': 5.1, 'wd': 0.0, 'ws': 0.0, 'ws_scalar': 0.0}","{'gas': {'co': 18156, 'co2': 13273, 'no': 18157, 'no2': 18158, 'o3': 18159}, 'pm': {'pm1': 13236, 'pm10': 13238, 'pm25': 13237}}",20.47,22.42,3.07,2.07,2.29,2.26,610319713,75.7,MOD-00625,5.1,2026-02-15T12:40:27,2026-02-15T04:40:27,https://api.quant-aq.com/v1/devices/MOD-00625/data/610319562
382.4,525.42,"{'lat': None, 'lon': None}","{'rh': 75.2, 'temp': 5.1, 'wd': 0.0, 'ws': 0.0, 'ws_scalar': 0.0}","{'gas': {'co': 18156, 'co2': 13273, 'no': 18157, 'no2': 18158, 'o3': 18159}, 'pm': {'pm1': 13236, 'pm10': 13238, 'pm25': 13237}}",23.41,22.49,2.65,2.6,17.0,2.96,610317440,75.2,MOD-00625,5.1,2026-02-15T12:39:27,2026-02-15T04:39:27,https://api.quant-aq.com/v1/devices/MOD-00625/data/610317289
368.39,526.14,"{'lat': None, 'lon': None}","{'rh': 74.7, 'temp': 5.1, 'wd': 0.0, 'ws': 0.0, 'ws_scalar': 0.0}","{'gas': {'co': 18156, 'co2': 13273, 'no': 18157, 'no2': 18158, 'o3': 18159}, 'pm': {'pm1': 13236, 'pm10': 13238, 'pm25': 13237}}",24.38,22.15,3.27,2.32,15.02,2.69,610317442,74.7,MOD-00625,5.1,2026-02-15T12:38:27,2026-02-15T04:38:27,https://api.quant-aq.com/v1/devices/MOD-00625/data/610317290
356.44,525.78,"{'lat': None, 'lon': None}","{'rh': 74.2, 'temp': 5.1, 'wd': 0.0, 'ws': 0.0, 'ws_scalar': 0.0}","{'gas': {'co': 18156, 'co2': 13273, 'no': 18157, 'no2': 18158, 'o3': 18159}, 'pm': {'pm1': 13236, 'pm10': 13238, 'pm25': 13237}}",24.06,22.23,3.31,2.88,20.05,3.08,610317443,74.2,MOD-00625,5.1,2026-02-15T12:37:27,2026-02-15T04:37:27,https://api.quant-aq.com/v1/devices/MOD-00625/data/610317292
358.22,526.99,"{'lat': None, 'lon': None}","{'rh': 74.0, 'temp': 5.1, 'wd': 0.0, 'ws': 0.0, 'ws_scalar': 0.0}","{'gas': {'co': 18156, 'co2': 13273, 'no': 18157, 'no2': 18158, 'o3': 18159}, 'pm': {'pm1': 13236, 'pm10': 13238, 'pm25': 13237}}",22.43,21.42,4.02,2.41,6.81,2.86,610317441,74.0,MOD-00625,5.1,2026-02-15T12:36:27,2026-02-15T04:36:27,https://api.quant-aq.com/v1/devices/MOD-00625/data/610317291
354.94,527.23,"{'lat': None, 'lon': None}","{'rh': 74.0, 'temp': 5.1, 'wd': 0.0, 'ws': 0.0, 'ws_scalar': 0.0}","{'gas': {'co': 18156, 'co2': 13273, 'no': 18157, 'no2': 18158, 'o3': 18159}, 'pm': {'pm1': 13236, 'pm10': 13238, 'pm25': 13237}}",22.43,21.84,4.36,2.38,5.24,2.79,610315198,74.0,MOD-00625,5.1,2026-02-15T12:35:27,2026-02-15T04:35:27,https://api.quant-aq.com/v1/devices/MOD-00625/data/610315047
350.63,525.54,"{'lat': None, 'lon': None}","{'rh': 74.3, 'temp': 5.1, 'wd': 0.0, 'ws': 0.0, 'ws_scalar': 0.0}","{'gas': {'co': 18156, 'co2': 13273, 'no': 18157, 'no2': 18158, 'o3': 18159}, 'pm': {'pm1': 13236, 'pm10': 13238, 'pm25': 13237}}",22.75,22.21,3.75,2.14,28.52,2.49,610315199,74.3,MOD-00625,5.1,2026-02-15T12:34:27,2026-02-15T04:34:27,https://api.quant-aq.com/v1/devices/MOD-00625/data/610315048
346.74,520.84,"{'lat': None, 'lon': None}","{'rh': 74.0, 'temp': 5.1, 'wd': 0.0, 'ws': 0.0, 'ws_scalar': 0.0}","{'gas': {'co': 18156, 'co2': 13273, 'no': 18157, 'no2': 18158, 'o3': 18159}, 'pm': {'pm1': 13236, 'pm10': 13238, 'pm25': 13237}}",23.08,22.26,5.14,2.22,45.41,2.89,610315200,74.0,MOD-00625,5.1,2026-02-15T12:33:27,2026-02-15T04:33:27,https://api.quant-aq.com/v1/devices/MOD-00625/data/610315049
341.76,522.17,"{'lat': None, 'lon': None}","{'rh': 73.5, 'temp': 5.1, 'wd': 0.0, 'ws': 0.0, 'ws_scalar': 0.0}","{'gas': {'co': 18156, 'co2': 13273, 'no': 18157, 'no2': 18158, 'o3': 18159}, 'pm': {'pm1': 13236, 'pm10': 13238, 'pm25': 13237}}",21.78,21.5,4.97,2.29,12.51,2.71,610315201,73.5,MOD-00625,5.1,2026-02-15T12:32:27,2026-02-15T04:32:27,https://api.quant-aq.com/v1/devices/MOD-00625/data/610315050
324.96,520.12,"{'lat': None, 'lon': None}","{'rh': 72.9, 'temp': 5.1, 'wd': 0.0, 'ws': 0.0, 'ws_scalar': 0.0}","{'gas': {'co': 18156, 'co2': 13273, 'no': 18157, 'no2': 18158, 'o3': 18159}, 'pm': {'pm1': 13236, 'pm10': 13238, 'pm25': 13237}}",17.54,21.17,6.51,2.27,21.98,3.13,610312966,72.9,MOD-00625,5.1,2026-02-15T12:31:27,2026-02-15T04:31:27,https://api.quant-aq.com/v1/devices/MOD-00625/data/610312816
324.15,519.76,"{'lat': None, 'lon': None}","{'rh': 72.3, 'temp': 5.1, 'wd': 0.0, 'ws': 0.0, 'ws_scalar': 0.0}","{'gas': {'co': 18156, 'co2': 13273, 'no': 18157, 'no2': 18158, 'o3': 18159}, 'pm': {'pm1': 13236, 'pm10': 13238, 'pm25': 13237}}",9.72,20.43,6.8,1.72,24.9,3.04,610312967,72.3,MOD-00625,5.1,2026-02-15T12:30:27,2026-02-15T04:30:27,https://api.quant-aq.com/v1/devices/MOD-00625/data/610312815
317.8,520.72,"{'lat': None, 'lon': None}","{'rh': 72.0, 'temp': 5.1, 'wd': 0.0, 'ws': 0.0, 'ws_scalar': 0.0}","{'gas': {'co': 18156, 'co2': 13273, 'no': 18157, 'no2': 18158, 'o3': 18159}, 'pm': {'pm1': 13236, 'pm10': 13238, 'pm25': 13237}}",6.13,20.08,6.49,1.58,67.86,3.42,610312968,72.0,MOD-00625,5.1,2026-02-15T12:29:27,2026-02-15T04:29:27,https://api.quant-aq.com/v1/devices/MOD-00625/data/610312817
313.77,520.72,"{'lat': None, 'lon': None}","{'rh': 71.9, 'temp': 5.1, 'wd': 0.0, 'ws': 0.0, 'ws_scalar': 0.0}","{'gas': {'co': 18156, 'co2': 13273, 'no': 18157, 'no2': 18158, 'o3': 18159}, 'pm': {'pm1': 13236, 'pm10': 13238, 'pm25': 13237}}",6.46,19.11,8.23,1.69,76.7,2.97,610312965,71.9,MOD-00625,5.1,2026-02-15T12:28:27,2026-02-15T04:28:27,https://api.quant-aq.com/v1/devices/MOD-00625/data/610312814
306.94,519.88,"{'lat': None, 'lon': None}","{'rh': 71.7, 'temp': 5.1, 'wd': 0.0, 'ws': 0.0, 'ws_scalar': 0.0}","{'gas': {'co': 18156, 'co2': 13273, 'no': 18157, 'no2': 18158, 'o3': 18159}, 'pm': {'pm1': 13236, 'pm10': 13238, 'pm25': 13237}}",4.9,19.14,8.25,1.95,74.48,3.72,610310759,71.7,MOD-00625,5.1,2026-02-15T12:27:27,2026-02-15T04:27:27,https://api.quant-aq.com/v1/devices/MOD-00625/data/610310609
305.44,520.0,"{'lat': None, 'lon': None}","{'rh': 71.5, 'temp': 5.1, 'wd': 0.0, 'ws': 0.0, 'ws_scalar': 0.0}","{'gas': {'co': 18156, 'co2': 13273, 'no': 18157, 'no2': 18158, 'o3': 18159}, 'pm': {'pm1': 13236, 'pm10': 13238, 'pm25': 13237}}",4.39,18.91,8.51,1.21,78.32,2.72,610310760,71.5,MOD-00625,5.1,2026-02-15T12:26:27,2026-02-15T04:26:27,https://api.quant-aq.com/v1/devices/MOD-00625/data/610310608
310.56,517.23,"{'lat': None, 'lon': None}","{'rh': 71.8, 'temp': 5.1, 'wd': 0.0, 'ws': 0.0, 'ws_scalar': 0.0}","{'gas': {'co': 18156, 'co2': 13273, 'no': 18157, 'no2': 18158, 'o3': 18159}, 'pm': {'pm1': 13236, 'pm10': 13238, 'pm25': 13237}}",3.93,18.88,9.4,0.82,84.14,2.35,610310758,71.8,MOD-00625,5.1,2026-02-15T12:25:27,2026-02-15T04:25:27,https://api.quant-aq.com/v1/devices/MOD-00625/data/610310607
300.52,522.41,"{'lat': None, 'lon': None}","{'rh': 71.5, 'temp': 5.1, 'wd': 0.0, 'ws': 0.0, 'ws_scalar': 0.0}","{'gas': {'co': 18156, 'co2': 13273, 'no': 18157, 'no2': 18158, 'o3': 18159}, 'pm': {'pm1': 13236, 'pm10': 13238, 'pm25': 13237}}",4.65,18.99,7.93,0.8,55.36,1.64,610310757,71.5,MOD-00625,5.1,2026-02-15T12:24:27,2026-02-15T04:24:27,https://api.quant-aq.com/v1/devices/MOD-00625/data/610310606
296.28,517.83,"{'lat': None, 'lon': None}","{'rh': 71.7, 'temp': 5.1, 'wd': 0.0, 'ws': 0.0, 'ws_scalar': 0.0}","{'gas': {'co': 18156, 'co2': 13273, 'no': 18157, 'no2': 18158, 'o3': 18159}, 'pm': {'pm1': 13236, 'pm10': 13238, 'pm25': 13237}}",5.15,20.12,7.42,1.17,27.9,1.84,610308532,71.7,MOD-00625,5.1,2026-02-15T12:23:27,2026-02-15T04:23:27,https://api.quant-aq.com/v1/devices/MOD-00625/data/610308381
293.35,519.16,"{'lat': None, 'lon': None}","{'rh': 71.2, 'temp': 5.1, 'wd': 0.0, 'ws': 0.0, 'ws_scalar': 0.0}","{'gas': {'co': 18156, 'co2': 13273, 'no': 18157, 'no2': 18158, 'o3': 18159}, 'pm': {'pm1': 13236, 'pm10': 13238, 'pm25': 13237}}",6.13,19.82,7.13,1.16,19.49,1.71,610308531,71.2,MOD-00625,5.1,2026-02-15T12:22:27,2026-02-15T04:22:27,https://api.quant-aq.com/v1/devices/MOD-00625/data/610308380
288.64,520.36,"{'lat': None, 'lon': None}","{'rh': 70.9, 'temp': 5.1, 'wd': 0.0, 'ws': 0.0, 'ws_scalar': 0.0}","{'gas': {'co': 18156, 'co2': 13273, 'no': 18157, 'no2': 18158, 'o3': 18159}, 'pm': {'pm1': 13236, 'pm10': 13238, 'pm25': 13237}}",7.11,19.52,7.73,1.4,74.78,1.82,610308533,70.9,MOD-00625,5.1,2026-02-15T12:21:27,2026-02-15T04:21:27,https://api.quant-aq.com/v1/devices/MOD-00625/data/610308382
289.12,521.09,"{'lat': None, 'lon': None}","{'rh': 70.8, 'temp': 5.1, 'wd': 0.0, 'ws': 0.0, 'ws_scalar': 0.0}","{'gas': {'co': 18156, 'co2': 13273, 'no': 18157, 'no2': 18158, 'o3': 18159}, 'pm': {'pm1': 13236, 'pm10': 13238, 'pm25': 13237}}",9.07,20.26,6.12,1.31,32.25,1.83,610308530,70.8,MOD-00625,5.1,2026-02-15T12:20:27,2026-02-15T04:20:27,https://api.quant-aq.com/v1/devices/MOD-00625/data/610308379
295.61,520.84,"{'lat': None, 'lon': None}","{'rh': 70.9, 'temp': 5.1, 'wd': 0.0, 'ws': 0.0, 'ws_scalar': 0.0}","{'gas': {'co': 18156, 'co2': 13273, 'no': 18157, 'no2': 18158, 'o3': 18159}, 'pm': {'pm1': 13236, 'pm10': 13238, 'pm25': 13237}}",10.69,20.25,5.66,1.48,35.61,2.03,610306277,70.9,MOD-00625,5.1,2026-02-15T12:19:27,2026-02-15T04:19:27,https://api.quant-aq.com/v1/devices/MOD-00625/data/610306127
298.8,523.86,"{'lat': None, 'lon': None}","{'rh': 70.6, 'temp': 5.2, 'wd': 0.0, 'ws': 0.0, 'ws_scalar': 0.0}","{'gas': {'co': 18156, 'co2': 13273, 'no': 18157, 'no2': 18158, 'o3': 18159}, 'pm': {'pm1': 13236, 'pm10': 13238, 'pm25': 13237}}",12.63,20.72,6.0,1.52,20.25,1.71,610306278,70.6,MOD-00625,5.2,2026-02-15T12:18:27,2026-02-15T04:18:27,https://api.quant-aq.com/v1/devices/MOD-00625/data/610306126
297.57,522.65,"{'lat': None, 'lon': None}","{'rh': 70.6, 'temp': 5.2, 'wd': 0.0, 'ws': 0.0, 'ws_scalar': 0.0}","{'gas': {'co': 18156, 'co2': 13273, 'no': 18157, 'no2': 18158, 'o3': 18159}, 'pm': {'pm1': 13236, 'pm10': 13238, 'pm25': 13237}}",11.0,18.98,8.23,1.57,2.01,1.81,610306279,70.6,MOD-00625,5.2,2026-02-15T12:17:27,2026-02-15T04:17:27,https://api.quant-aq.com/v1/devices/MOD-00625/data/610306129
296.89,522.05,"{'lat': None, 'lon': None}","{'rh': 70.4, 'temp': 5.2, 'wd': 0.0, 'ws': 0.0, 'ws_scalar': 0.0}","{'gas': {'co': 18156, 'co2': 13273, 'no': 18157, 'no2': 18158, 'o3': 18159}, 'pm': {'pm1': 13236, 'pm10': 13238, 'pm25': 13237}}",4.09,18.67,8.49,1.47,13.21,1.65,610306280,70.4,MOD-00625,5.2,2026-02-15T12:16:27,2026-02-15T04:16:27,https://api.quant-aq.com/v1/devices/MOD-00625/data/610306128
306.25,524.94,"{'lat': None, 'lon': None}","{'rh': 70.5, 'temp': 5.2, 'wd': 0.0, 'ws': 0.0, 'ws_scalar': 0.0}","{'gas': {'co': 18156, 'co2': 13273, 'no': 18157, 'no2': 18158, 'o3': 18159}, 'pm': {'pm1': 13236, 'pm10': 13238, 'pm25': 13237}}",4.6,19.04,8.12,1.29,4.13,1.38,610304016,70.5,MOD-00625,5.2,2026-02-15T12:15:27,2026-02-15T04:15:27,https://api.quant-aq.com/v1/devices/MOD-00625/data/610303866
318.97,526.75,"{'lat': None, 'lon': None}","{'rh': 70.5, 'temp': 5.2, 'wd': 0.0, 'ws': 0.0, 'ws_scalar': 0.0}","{'gas': {'co': 18156, 'co2': 13273, 'no': 18157, 'no2': 18158, 'o3': 18159}, 'pm': {'pm1': 13236, 'pm10': 13238, 'pm25': 13237}}",4.6,19.14,7.99,1.33,1.92,1.45,610304017,70.5,MOD-00625,5.2,2026-02-15T12:14:27,2026-02-15T04:14:27,https://api.quant-aq.com/v1/devices/MOD-00625/data/610303865
337.01,530.6,"{'lat': None, 'lon': None}","{'rh': 70.5, 'temp': 5.2, 'wd': 0.0, 'ws': 0.0, 'ws_scalar': 0.0}","{'gas': {'co': 18156, 'co2': 13273, 'no': 18157, 'no2': 18158, 'o3': 18159}, 'pm': {'pm1': 13236, 'pm10': 13238, 'pm25': 13237}}",5.46,21.57,5.76,1.42,4.25,1.58,610304018,70.5,MOD-00625,5.2,2026-02-15T12:13:27,2026-02-15T04:13:27,https://api.quant-aq.com/v1/devices/MOD-00625/data/610303867
347.26,534.46,"{'lat': None, 'lon': None}","{'rh': 70.5, 'temp': 5.2, 'wd': 0.0, 'ws': 0.0, 'ws_scalar': 0.0}","{'gas': {'co': 18156, 'co2': 13273, 'no': 18157, 'no2': 18158, 'o3': 18159}, 'pm': {'pm1': 13236, 'pm10': 13238, 'pm25': 13237}}",6.11,20.73,5.1,1.45,5.92,1.65,610304015,70.5,MOD-00625,5.2,2026-02-15T12:12:27,2026-02-15T04:12:27,https://api.quant-aq.com/v1/devices/MOD-00625/data/610303864
350.14,534.09,"{'lat': None, 'lon': None}","{'rh': 70.5, 'temp': 5.2, 'wd': 0.0, 'ws': 0.0, 'ws_scalar': 0.0}","{'gas': {'co': 18156, 'co2': 13273, 'no': 18157, 'no2': 18158, 'o3': 18159}, 'pm': {'pm1': 13236, 'pm10': 13238, 'pm25': 13237}}",7.41,21.57,3.94,1.69,4.06,1.86,610301808,70.5,MOD-00625,5.2,2026-02-15T12:11:27,2026-02-15T04:11:27,https://api.quant-aq.com/v1/devices/MOD-00625/data/610301657
365.99,534.7,"{'lat': None, 'lon': None}","{'rh': 70.7, 'temp': 5.2, 'wd': 0.0, 'ws': 0.0, 'ws_scalar': 0.0}","{'gas': {'co': 18156, 'co2': 13273, 'no': 18157, 'no2': 18158, 'o3': 18159}, 'pm': {'pm1': 13236, 'pm10': 13238, 'pm25': 13237}}",8.07,21.96,5.17,2.03,2.57,2.14,610301809,70.7,MOD-00625,5.2,2026-02-15T12:10:27,2026-02-15T04:10:27,https://api.quant-aq.com/v1/devices/MOD-00625/data/610301658
388.14,538.79,"{'lat': None, 'lon': None}","{'rh': 70.7, 'temp': 5.2, 'wd': 0.0, 'ws': 0.0, 'ws_scalar': 0.0}","{'gas': {'co': 18156, 'co2': 13273, 'no': 18157, 'no2': 18158, 'o3': 18159}, 'pm': {'pm1': 13236, 'pm10': 13238, 'pm25': 13237}}",9.04,23.21,3.89,2.21,3.16,2.33,610301810,70.7,MOD-00625,5.2,2026-02-15T12:09:27,2026-02-15T04:09:27,https://api.quant-aq.com/v1/devices/MOD-00625/data/610301659
403.01,540.84,"{'lat': None, 'lon': None}","{'rh': 70.7, 'temp': 5.3, 'wd': 0.0, 'ws': 0.0, 'ws_scalar': 0.0}","{'gas': {'co': 18156, 'co2': 13273, 'no': 18157, 'no2': 18158, 'o3': 18159}, 'pm': {'pm1': 13236, 'pm10': 13238, 'pm25': 13237}}",11.63,23.24,2.96,2.87,27.0,3.04,610301807,70.7,MOD-00625,5.3,2026-02-15T12:08:27,2026-02-15T04:08:27,https://api.quant-aq.com/v1/devices/MOD-00625/data/610301656
427.96,543.61,"{'lat': None, 'lon': None}","{'rh': 70.8, 'temp': 5.3, 'wd': 0.0, 'ws': 0.0, 'ws_scalar': 0.0}","{'gas': {'co': 18156, 'co2': 13273, 'no': 18157, 'no2': 18158, 'o3': 18159}, 'pm': {'pm1': 13236, 'pm10': 13238, 'pm25': 13237}}",14.89,23.22,3.41,4.02,7.93,4.25,610299579,70.8,MOD-00625,5.3,2026-02-15T12:07:27,2026-02-15T04:07:27,https://api.quant-aq.com/v1/devices/MOD-00625/data/610299428
395.97,543.97,"{'lat': None, 'lon': None}","{'rh': 70.8, 'temp': 5.3, 'wd': 0.0, 'ws': 0.0, 'ws_scalar': 0.0}","{'gas': {'co': 18156, 'co2': 13273, 'no': 18157, 'no2': 18158, 'o3': 18159}, 'pm': {'pm1': 13236, 'pm10': 13238, 'pm25': 13237}}",16.19,24.48,2.59,3.39,28.02,3.56,610299580,70.8,MOD-00625,5.3,2026-02-15T12:06:27,2026-02-15T04:06:27,https://api.quant-aq.com/v1/devices/MOD-00625/data/610299429
381.95,542.4,"{'lat': None, 'lon': None}","{'rh': 70.9, 'temp': 5.3, 'wd': 0.0, 'ws': 0.0, 'ws_scalar': 0.0}","{'gas': {'co': 18156, 'co2': 13273, 'no': 18157, 'no2': 18158, 'o3': 18159}, 'pm': {'pm1': 13236, 'pm10': 13238, 'pm25': 13237}}",16.84,24.05,2.25,2.49,15.94,2.6,610299581,70.9,MOD-00625,5.3,2026-02-15T12:05:27,2026-02-15T04:05:27,https://api.quant-aq.com/v1/devices/MOD-00625/data/610299430
379.9,543.37,"{'lat': None, 'lon': None}","{'rh': 70.9, 'temp': 5.3, 'wd': 0.0, 'ws': 0.0, 'ws_scalar': 0.0}","{'gas': {'co': 18156, 'co2': 13273, 'no': 18157, 'no2': 18158, 'o3': 18159}, 'pm': {'pm1': 13236, 'pm10': 13238, 'pm25': 13237}}",18.47,24.46,1.67,2.7,4.0,2.88,610299578,70.9,MOD-00625,5.3,2026-02-15T12:04:27,2026-02-15T04:04:27,https://api.quant-aq.com/v1/devices/MOD-00625/data/610299427
374.57,541.8,"{'lat': None, 'lon': None}","{'rh': 70.9, 'temp': 5.3, 'wd': 0.0, 'ws': 0.0, 'ws_scalar': 0.0}","{'gas': {'co': 18156, 'co2': 13273, 'no': 18157, 'no2': 18158, 'o3': 18159}, 'pm': {'pm1': 13236, 'pm10': 13238, 'pm25': 13237}}",19.12,24.05,2.25,2.83,6.13,3.13,610297376,70.9,MOD-00625,5.3,2026-02-15T12:03:27,2026-02-15T04:03:27,https://api.quant-aq.com/v1/devices/MOD-00625/data/610297225
367.94,540.84,"{'lat': None, 'lon': None}","{'rh': 71.0, 'temp': 5.3, 'wd': 0.0, 'ws': 0.0, 'ws_scalar': 0.0}","{'gas': {'co': 18156, 'co2': 13273, 'no': 18157, 'no2': 18158, 'o3': 18159}, 'pm': {'pm1': 13236, 'pm10': 13238, 'pm25': 13237}}",21.08,24.45,2.57,2.61,5.06,2.76,610297378,71.0,MOD-00625,5.3,2026-02-15T12:02:27,2026-02-15T04:02:27,https://api.quant-aq.com/v1/devices/MOD-00625/data/610297226
371.22,541.56,"{'lat': None, 'lon': None}","{'rh': 71.0, 'temp': 5.3, 'wd': 0.0, 'ws': 0.0, 'ws_scalar': 0.0}","{'gas': {'co': 18156, 'co2': 13273, 'no': 18157, 'no2': 18158, 'o3': 18159}, 'pm': {'pm1': 13236, 'pm10': 13238, 'pm25': 13237}}",21.41,24.87,2.45,2.79,4.57,3.0,610297377,71.0,MOD-00625,5.3,2026-02-15T12:01:27,2026-02-15T04:01:27,https://api.quant-aq.com/v1/devices/MOD-00625/data/610297227
374.7,544.57,"{'lat': None, 'lon': None}","{'rh': 71.3, 'temp': 5.3, 'wd': 0.0, 'ws': 0.0, 'ws_scalar': 0.0}","{'gas': {'co': 18156, 'co2': 13273, 'no': 18157, 'no2': 18158, 'o3': 18159}, 'pm': {'pm1': 13236, 'pm10': 13238, 'pm25': 13237}}",24.67,23.98,2.67,3.34,5.18,3.52,610297379,71.3,MOD-00625,5.3,2026-02-15T12:00:27,2026-02-15T04:00:27,https://api.quant-aq.com/v1/devices/MOD-00625/data/610297228
369.23,544.81,"{'lat': None, 'lon': None}","{'rh': 71.5, 'temp': 5.3, 'wd': 0.0, 'ws': 0.0, 'ws_scalar': 0.0}","{'gas': {'co': 18156, 'co2': 13273, 'no': 18157, 'no2': 18158, 'o3': 18159}, 'pm': {'pm1': 13236, 'pm10': 13238, 'pm25': 13237}}",24.99,25.63,2.16,2.81,14.6,3.01,610295100,71.5,MOD-00625,5.3,2026-02-15T11:59:27,2026-02-15T03:59:27,https://api.quant-aq.com/v1/devices/MOD-00625/data/610294949
373.88,544.93,"{'lat': None, 'lon': None}","{'rh': 71.3, 'temp': 5.3, 'wd': 0.0, 'ws': 0.0, 'ws_scalar': 0.0}","{'gas': {'co': 18156, 'co2': 13273, 'no': 18157, 'no2': 18158, 'o3': 18159}, 'pm': {'pm1': 13236, 'pm10': 13238, 'pm25': 13237}}",21.41,24.82,2.43,2.53,7.57,2.82,610295102,71.3,MOD-00625,5.3,2026-02-15T11:58:27,2026-02-15T03:58:27,https://api.quant-aq.com/v1/devices/MOD-00625/data/610294951
375.8,540.96,"{'lat': None, 'lon': None}","{'rh': 70.9, 'temp': 5.3, 'wd': 0.0, 'ws': 0.0, 'ws_scalar': 0.0}","{'gas': {'co': 18156, 'co2': 13273, 'no': 18157, 'no2': 18158, 'o3': 18159}, 'pm': {'pm1': 13236, 'pm10': 13238, 'pm25': 13237}}",23.36,25.72,2.21,2.46,4.35,2.68,610295101,70.9,MOD-00625,5.3,2026-02-15T11:57:27,2026-02-15T03:57:27,https://api.quant-aq.com/v1/devices/MOD-00625/data/610294950
379.42,543.37,"{'lat': None, 'lon': None}","{'rh': 71.0, 'temp': 5.3, 'wd': 0.0, 'ws': 0.0, 'ws_scalar': 0.0}","{'gas': {'co': 18156, 'co2': 13273, 'no': 18157, 'no2': 18158, 'o3': 18159}, 'pm': {'pm1': 13236, 'pm10': 13238, 'pm25': 13237}}",23.36,24.87,2.45,3.29,12.93,3.53,610295103,71.0,MOD-00625,5.3,2026-02-15T11:56:27,2026-02-15T03:56:27,https://api.quant-aq.com/v1/devices/MOD-00625/data/610294952
390.5,537.83,"{'lat': None, 'lon': None}","{'rh': 71.0, 'temp': 5.3, 'wd': 0.0, 'ws': 0.0, 'ws_scalar': 0.0}","{'gas': {'co': 18156, 'co2': 13273, 'no': 18157, 'no2': 18158, 'o3': 18159}, 'pm': {'pm1': 13236, 'pm10': 13238, 'pm25': 13237}}",25.64,24.03,2.24,3.68,21.51,3.93,610292900,71.0,MOD-00625,5.3,2026-02-15T11:55:27,2026-02-15T03:55:27,https://api.quant-aq.com/v1/devices/MOD-00625/data/610292749
400.54,545.54,"{'lat': None, 'lon': None}","{'rh': 71.3, 'temp': 5.3, 'wd': 0.0, 'ws': 0.0, 'ws_scalar': 0.0}","{'gas': {'co': 18156, 'co2': 13273, 'no': 18157, 'no2': 18158, 'o3': 18159}, 'pm': {'pm1': 13236, 'pm10': 13238, 'pm25': 13237}}",26.71,24.82,2.88,3.93,24.6,4.37,610292899,71.3,MOD-00625,5.3,2026-02-15T11:54:27,2026-02-15T03:54:27,https://api.quant-aq.com/v1/devices/MOD-00625/data/610292748
403.25,543.85,"{'lat': None, 'lon': None}","{'rh': 71.1, 'temp': 5.4, 'wd': 0.0, 'ws': 0.0, 'ws_scalar': 0.0}","{'gas': {'co': 18156, 'co2': 13273, 'no': 18157, 'no2': 18158, 'o3': 18159}, 'pm': {'pm1': 13236, 'pm10': 13238, 'pm25': 13237}}",27.78,24.88,2.88,4.04,7.49,4.25,610292897,71.1,MOD-00625,5.4,2026-02-15T11:53:27,2026-02-15T03:53:27,https://api.quant-aq.com/v1/devices/MOD-00625/data/610292746
396.28,543.85,"{'lat': None, 'lon': None}","{'rh': 71.1, 'temp': 5.4, 'wd': 0.0, 'ws': 0.0, 'ws_scalar': 0.0}","{'gas': {'co': 18156, 'co2': 13273, 'no': 18157, 'no2': 18158, 'o3': 18159}, 'pm': {'pm1': 13236, 'pm10': 13238, 'pm25': 13237}}",26.36,24.46,1.64,4.9,6.01,5.0,610292898,71.1,MOD-00625,5.4,2026-02-15T11:52:27,2026-02-15T03:52:27,https://api.quant-aq.com/v1/devices/MOD-00625/data/610292747
396.55,544.81,"{'lat': None, 'lon': None}","{'rh': 71.3, 'temp': 5.4, 'wd': 0.0, 'ws': 0.0, 'ws_scalar': 0.0}","{'gas': {'co': 18156, 'co2': 13273, 'no': 18157, 'no2': 18158, 'o3': 18159}, 'pm': {'pm1': 13236, 'pm10': 13238, 'pm25': 13237}}",28.49,24.85,1.96,3.91,13.99,4.15,610290653,71.3,MOD-00625,5.4,2026-02-15T11:51:27,2026-02-15T03:51:27,https://api.quant-aq.com/v1/devices/MOD-00625/data/610290502
404.88,552.76,"{'lat': None, 'lon': None}","{'rh': 71.7, 'temp': 5.4, 'wd': 0.0, 'ws': 0.0, 'ws_scalar': 0.0}","{'gas': {'co': 18156, 'co2': 13273, 'no': 18157, 'no2': 18158, 'o3': 18159}, 'pm': {'pm1': 13236, 'pm10': 13238, 'pm25': 13237}}",32.05,24.37,2.96,4.84,22.16,5.01,610290650,71.7,MOD-00625,5.4,2026-02-15T11:50:27,2026-02-15T03:50:27,https://api.quant-aq.com/v1/devices/MOD-00625/data/610290499
413.42,550.11,"{'lat': None, 'lon': None}","{'rh': 71.8, 'temp': 5.4, 'wd': 0.0, 'ws': 0.0, 'ws_scalar': 0.0}","{'gas': {'co': 18156, 'co2': 13273, 'no': 18157, 'no2': 18158, 'o3': 18159}, 'pm': {'pm1': 13236, 'pm10': 13238, 'pm25': 13237}}",34.18,24.35,1.59,3.79,17.88,4.18,610290651,71.8,MOD-00625,5.4,2026-02-15T11:49:27,2026-02-15T03:49:27,https://api.quant-aq.com/v1/devices/MOD-00625/data/610290500
417.18,553.97,"{'lat': None, 'lon': None}","{'rh': 71.7, 'temp': 5.4, 'wd': 0.0, 'ws': 0.0, 'ws_scalar': 0.0}","{'gas': {'co': 18156, 'co2': 13273, 'no': 18157, 'no2': 18158, 'o3': 18159}, 'pm': {'pm1': 13236, 'pm10': 13238, 'pm25': 13237}}",35.74,24.78,2.38,4.62,25.58,4.87,610290652,71.7,MOD-00625,5.4,2026-02-15T11:48:27,2026-02-15T03:48:27,https://api.quant-aq.com/v1/devices/MOD-00625/data/610290501
421.69,550.35,"{'lat': None, 'lon': None}","{'rh': 71.7, 'temp': 5.4, 'wd': 0.0, 'ws': 0.0, 'ws_scalar': 0.0}","{'gas': {'co': 18156, 'co2': 13273, 'no': 18157, 'no2': 18158, 'o3': 18159}, 'pm': {'pm1': 13236, 'pm10': 13238, 'pm25': 13237}}",36.9,25.2,2.26,4.17,15.91,4.59,610288416,71.7,MOD-00625,5.4,2026-02-15T11:47:27,2026-02-15T03:47:27,https://api.quant-aq.com/v1/devices/MOD-00625/data/610288264
426.4,557.1,"{'lat': None, 'lon': None}","{'rh': 72.0, 'temp': 5.4, 'wd': 0.0, 'ws': 0.0, 'ws_scalar': 0.0}","{'gas': {'co': 18156, 'co2': 13273, 'no': 18157, 'no2': 18158, 'o3': 18159}, 'pm': {'pm1': 13236, 'pm10': 13238, 'pm25': 13237}}",35.35,23.06,3.77,3.33,38.6,3.71,610288417,72.0,MOD-00625,5.4,2026-02-15T11:46:27,2026-02-15T03:46:27,https://api.quant-aq.com/v1/devices/MOD-00625/data/610288266
433.44,556.01,"{'lat': None, 'lon': None}","{'rh': 71.9, 'temp': 5.4, 'wd': 0.0, 'ws': 0.0, 'ws_scalar': 0.0}","{'gas': {'co': 18156, 'co2': 13273, 'no': 18157, 'no2': 18158, 'o3': 18159}, 'pm': {'pm1': 13236, 'pm10': 13238, 'pm25': 13237}}",33.47,24.33,2.04,3.71,10.31,4.02,610288415,71.9,MOD-00625,5.4,2026-02-15T11:45:27,2026-02-15T03:45:27,https://api.quant-aq.com/v1/devices/MOD-00625/data/610288265
437.21,554.93,"{'lat': None, 'lon': None}","{'rh': 71.8, 'temp': 5.4, 'wd': 0.0, 'ws': 0.0, 'ws_scalar': 0.0}","{'gas': {'co': 18156, 'co2': 13273, 'no': 18157, 'no2': 18158, 'o3': 18159}, 'pm': {'pm1': 13236, 'pm10': 13238, 'pm25': 13237}}",33.82,24.77,2.38,3.34,60.73,3.68,610288418,71.8,MOD-00625,5.4,2026-02-15T11:44:27,2026-02-15T03:44:27,https://api.quant-aq.com/v1/devices/MOD-00625/data/610288267
438.44,555.53,"{'lat': None, 'lon': None}","{'rh': 71.8, 'temp': 5.4, 'wd': 0.0, 'ws': 0.0, 'ws_scalar': 0.0}","{'gas': {'co': 18156, 'co2': 13273, 'no': 18157, 'no2': 18158, 'o3': 18159}, 'pm': {'pm1': 13236, 'pm10': 13238, 'pm25': 13237}}",33.47,25.19,3.62,3.85,11.58,4.27,610286190,71.8,MOD-00625,5.4,2026-02-15T11:43:27,2026-02-15T03:43:27,https://api.quant-aq.com/v1/devices/MOD-00625/data/610286040
445.21,556.62,"{'lat': None, 'lon': None}","{'rh': 71.5, 'temp': 5.4, 'wd': 0.0, 'ws': 0.0, 'ws_scalar': 0.0}","{'gas': {'co': 18156, 'co2': 13273, 'no': 18157, 'no2': 18158, 'o3': 18159}, 'pm': {'pm1': 13236, 'pm10': 13238, 'pm25': 13237}}",32.75,25.23,1.36,3.0,18.27,3.42,610286193,71.5,MOD-00625,5.4,2026-02-15T11:42:27,2026-02-15T03:42:27,https://api.quant-aq.com/v1/devices/MOD-00625/data/610286042
450.54,559.03,"{'lat': None, 'lon': None}","{'rh': 71.5, 'temp': 5.4, 'wd': 0.0, 'ws': 0.0, 'ws_scalar': 0.0}","{'gas': {'co': 18156, 'co2': 13273, 'no': 18157, 'no2': 18158, 'o3': 18159}, 'pm': {'pm1': 13236, 'pm10': 13238, 'pm25': 13237}}",33.46,24.4,2.07,2.82,21.29,3.04,610286192,71.5,MOD-00625,5.4,2026-02-15T11:41:27,2026-02-15T03:41:27,https://api.quant-aq.com/v1/devices/MOD-00625/data/610286041
442.54,557.82,"{'lat': None, 'lon': None}","{'rh': 71.8, 'temp': 5.4, 'wd': 0.0, 'ws': 0.0, 'ws_scalar': 0.0}","{'gas': {'co': 18156, 'co2': 13273, 'no': 18157, 'no2': 18158, 'o3': 18159}, 'pm': {'pm1': 13236, 'pm10': 13238, 'pm25': 13237}}",35.35,25.19,2.25,3.06,22.16,3.57,610286191,71.8,MOD-00625,5.4,2026-02-15T11:40:27,2026-02-15T03:40:27,https://api.quant-aq.com/v1/devices/MOD-00625/data/610286039
441.42,559.03,"{'lat': None, 'lon': None}","{'rh': 71.8, 'temp': 5.5, 'wd': 0.0, 'ws': 0.0, 'ws_scalar': 0.0}","{'gas': {'co': 18156, 'co2': 13273, 'no': 18157, 'no2': 18158, 'o3': 18159}, 'pm': {'pm1': 13236, 'pm10': 13238, 'pm25': 13237}}",37.27,25.21,2.24,3.25,24.88,3.78,610283947,71.8,MOD-00625,5.5,2026-02-15T11:39:27,2026-02-15T03:39:27,https://api.quant-aq.com/v1/devices/MOD-00625/data/610283796
443.95,557.7,"{'lat': None, 'lon': None}","{'rh': 71.7, 'temp': 5.5, 'wd': 0.0, 'ws': 0.0, 'ws_scalar': 0.0}","{'gas': {'co': 18156, 'co2': 13273, 'no': 18157, 'no2': 18158, 'o3': 18159}, 'pm': {'pm1': 13236, 'pm10': 13238, 'pm25': 13237}}",38.43,25.65,2.13,3.71,29.23,3.96,610283945,71.7,MOD-00625,5.5,2026-02-15T11:38:27,2026-02-15T03:38:27,https://api.quant-aq.com/v1/devices/MOD-00625/data/610283794
440.67,559.87,"{'lat': None, 'lon': None}","{'rh': 71.7, 'temp': 5.5, 'wd': 0.0, 'ws': 0.0, 'ws_scalar': 0.0}","{'gas': {'co': 18156, 'co2': 13273, 'no': 18157, 'no2': 18158, 'o3': 18159}, 'pm': {'pm1': 13236, 'pm10': 13238, 'pm25': 13237}}",41.55,24.39,2.5,3.49,17.32,3.89,610283946,71.7,MOD-00625,5.5,2026-02-15T11:37:27,2026-02-15T03:37:27,https://api.quant-aq.com/v1/devices/MOD-00625/data/610283795
451.26,556.26,"{'lat': None, 'lon': None}","{'rh': 71.8, 'temp': 5.5, 'wd': 0.0, 'ws': 0.0, 'ws_scalar': 0.0}","{'gas': {'co': 18156, 'co2': 13273, 'no': 18157, 'no2': 18158, 'o3': 18159}, 'pm': {'pm1': 13236, 'pm10': 13238, 'pm25': 13237}}",41.94,25.21,2.7,3.6,18.66,4.19,610283948,71.8,MOD-00625,5.5,2026-02-15T11:36:27,2026-02-15T03:36:27,https://api.quant-aq.com/v1/devices/MOD-00625/data/610283797
447.57,561.8,"{'lat': None, 'lon': None}","{'rh': 71.8, 'temp': 5.5, 'wd': 0.0, 'ws': 0.0, 'ws_scalar': 0.0}","{'gas': {'co': 18156, 'co2': 13273, 'no': 18157, 'no2': 18158, 'o3': 18159}, 'pm': {'pm1': 13236, 'pm10': 13238, 'pm25': 13237}}",43.54,25.63,2.57,3.74,6.69,4.22,610281741,71.8,MOD-00625,5.5,2026-02-15T11:35:27,2026-02-15T03:35:27,https://api.quant-aq.com/v1/devices/MOD-00625/data/610281591
441.69,558.3,"{'lat': None, 'lon': None}","{'rh': 72.0, 'temp': 5.5, 'wd': 0.0, 'ws': 0.0, 'ws_scalar': 0.0}","{'gas': {'co': 18156, 'co2': 13273, 'no': 18157, 'no2': 18158, 'o3': 18159}, 'pm': {'pm1': 13236, 'pm10': 13238, 'pm25': 13237}}",45.79,25.6,3.02,3.51,19.53,3.94,610281740,72.0,MOD-00625,5.5,2026-02-15T11:34:27,2026-02-15T03:34:27,https://api.quant-aq.com/v1/devices/MOD-00625/data/610281589
441.76,555.17,"{'lat': None, 'lon': None}","{'rh': 71.9, 'temp': 5.5, 'wd': 0.0, 'ws': 0.0, 'ws_scalar': 0.0}","{'gas': {'co': 18156, 'co2': 13273, 'no': 18157, 'no2': 18158, 'o3': 18159}, 'pm': {'pm1': 13236, 'pm10': 13238, 'pm25': 13237}}",45.31,25.2,3.6,3.87,9.02,4.36,610281739,71.9,MOD-00625,5.5,2026-02-15T11:33:27,2026-02-15T03:33:27,https://api.quant-aq.com/v1/devices/MOD-00625/data/610281588
438.21,555.41,"{'lat': None, 'lon': None}","{'rh': 71.7, 'temp': 5.5, 'wd': 0.0, 'ws': 0.0, 'ws_scalar': 0.0}","{'gas': {'co': 18156, 'co2': 13273, 'no': 18157, 'no2': 18158, 'o3': 18159}, 'pm': {'pm1': 13236, 'pm10': 13238, 'pm25': 13237}}",45.78,24.81,3.28,3.5,12.13,3.98,610281742,71.7,MOD-00625,5.5,2026-02-15T11:32:27,2026-02-15T03:32:27,https://api.quant-aq.com/v1/devices/MOD-00625/data/610281590
439.44,556.74,"{'lat': None, 'lon': None}","{'rh': 71.7, 'temp': 5.5, 'wd': 0.0, 'ws': 0.0, 'ws_scalar': 0.0}","{'gas': {'co': 18156, 'co2': 13273, 'no': 18157, 'no2': 18158, 'o3': 18159}, 'pm': {'pm1': 13236, 'pm10': 13238, 'pm25': 13237}}",43.13,25.23,3.16,3.05,22.35,3.52,610279519,71.7,MOD-00625,5.5,2026-02-15T11:31:27,2026-02-15T03:31:27,https://api.quant-aq.com/v1/devices/MOD-00625/data/610279367
429.38,555.29,"{'lat': None, 'lon': None}","{'rh': 72.0, 'temp': 5.5, 'wd': 0.0, 'ws': 0.0, 'ws_scalar': 0.0}","{'gas': {'co': 18156, 'co2': 13273, 'no': 18157, 'no2': 18158, 'o3': 18159}, 'pm': {'pm1': 13236, 'pm10': 13238, 'pm25': 13237}}",39.6,24.76,3.72,3.52,23.91,3.86,610279517,72.0,MOD-00625,5.5,2026-02-15T11:30:27,2026-02-15T03:30:27,https://api.quant-aq.com/v1/devices/MOD-00625/data/610279366
430.27,553.73,"{'lat': None, 'lon': None}","{'rh': 71.9, 'temp': 5.5, 'wd': 0.0, 'ws': 0.0, 'ws_scalar': 0.0}","{'gas': {'co': 18156, 'co2': 13273, 'no': 18157, 'no2': 18158, 'o3': 18159}, 'pm': {'pm1': 13236, 'pm10': 13238, 'pm25': 13237}}",36.49,25.2,3.6,3.41,28.9,4.04,610279518,71.9,MOD-00625,5.5,2026-02-15T11:29:27,2026-02-15T03:29:27,https://api.quant-aq.com/v1/devices/MOD-00625/data/610279368
427.47,555.41,"{'lat': None, 'lon': None}","{'rh': 71.8, 'temp': 5.5, 'wd': 0.0, 'ws': 0.0, 'ws_scalar': 0.0}","{'gas': {'co': 18156, 'co2': 13273, 'no': 18157, 'no2': 18158, 'o3': 18159}, 'pm': {'pm1': 13236, 'pm10': 13238, 'pm25': 13237}}",36.49,23.95,3.52,3.16,18.74,3.7,610279520,71.8,MOD-00625,5.5,2026-02-15T11:28:27,2026-02-15T03:28:27,https://api.quant-aq.com/v1/devices/MOD-00625/data/610279369
412.64,551.92,"{'lat': None, 'lon': None}","{'rh': 71.9, 'temp': 5.5, 'wd': 0.0, 'ws': 0.0, 'ws_scalar': 0.0}","{'gas': {'co': 18156, 'co2': 13273, 'no': 18157, 'no2': 18158, 'o3': 18159}, 'pm': {'pm1': 13236, 'pm10': 13238, 'pm25': 13237}}",32.78,23.52,5.01,3.36,10.74,3.95,610277269,71.9,MOD-00625,5.5,2026-02-15T11:27:27,2026-02-15T03:27:27,https://api.quant-aq.com/v1/devices/MOD-00625/data/610277118
387.28,549.75,"{'lat': None, 'lon': None}","{'rh': 71.8, 'temp': 5.5, 'wd': 0.0, 'ws': 0.0, 'ws_scalar': 0.0}","{'gas': {'co': 18156, 'co2': 13273, 'no': 18157, 'no2': 18158, 'o3': 18159}, 'pm': {'pm1': 13236, 'pm10': 13238, 'pm25': 13237}}",31.71,22.7,5.26,3.54,38.31,4.11,610277267,71.8,MOD-00625,5.5,2026-02-15T11:26:27,2026-02-15T03:26:27,https://api.quant-aq.com/v1/devices/MOD-00625/data/610277117
354.33,541.68,"{'lat': None, 'lon': None}","{'rh': 72.0, 'temp': 5.5, 'wd': 0.0, 'ws': 0.0, 'ws_scalar': 0.0}","{'gas': {'co': 18156, 'co2': 13273, 'no': 18157, 'no2': 18158, 'o3': 18159}, 'pm': {'pm1': 13236, 'pm10': 13238, 'pm25': 13237}}",21.04,22.25,4.46,2.65,11.86,3.05,610277270,72.0,MOD-00625,5.5,2026-02-15T11:25:27,2026-02-15T03:25:27,https://api.quant-aq.com/v1/devices/MOD-00625/data/610277119
341.32,539.88,"{'lat': None, 'lon': None}","{'rh': 72.0, 'temp': 5.6, 'wd': 0.0, 'ws': 0.0, 'ws_scalar': 0.0}","{'gas': {'co': 18156, 'co2': 13273, 'no': 18157, 'no2': 18158, 'o3': 18159}, 'pm': {'pm1': 13236, 'pm10': 13238, 'pm25': 13237}}",14.82,22.27,5.36,2.27,13.41,2.48,610277268,72.0,MOD-00625,5.6,2026-02-15T11:24:27,2026-02-15T03:24:27,https://api.quant-aq.com/v1/devices/MOD-00625/data/610277116
322.11,536.38,"{'lat': None, 'lon': None}","{'rh': 71.9, 'temp': 5.6, 'wd': 0.0, 'ws': 0.0, 'ws_scalar': 0.0}","{'gas': {'co': 18156, 'co2': 13273, 'no': 18157, 'no2': 18158, 'o3': 18159}, 'pm': {'pm1': 13236, 'pm10': 13238, 'pm25': 13237}}",12.87,22.29,5.82,2.15,17.98,2.43,610275054,71.9,MOD-00625,5.6,2026-02-15T11:23:27,2026-02-15T03:23:27,https://api.quant-aq.com/v1/devices/MOD-00625/data/610274903
318.15,533.73,"{'lat': None, 'lon': None}","{'rh': 71.7, 'temp': 5.6, 'wd': 0.0, 'ws': 0.0, 'ws_scalar': 0.0}","{'gas': {'co': 18156, 'co2': 13273, 'no': 18157, 'no2': 18158, 'o3': 18159}, 'pm': {'pm1': 13236, 'pm10': 13238, 'pm25': 13237}}",6.35,21.06,6.21,2.2,4.51,2.3,610275056,71.7,MOD-00625,5.6,2026-02-15T11:22:27,2026-02-15T03:22:27,https://api.quant-aq.com/v1/devices/MOD-00625/data/610274905
308.93,527.71,"{'lat': None, 'lon': None}","{'rh': 71.4, 'temp': 5.6, 'wd': 0.0, 'ws': 0.0, 'ws_scalar': 0.0}","{'gas': {'co': 18156, 'co2': 13273, 'no': 18157, 'no2': 18158, 'o3': 18159}, 'pm': {'pm1': 13236, 'pm10': 13238, 'pm25': 13237}}",6.02,20.69,5.89,1.71,4.07,1.77,610275053,71.4,MOD-00625,5.6,2026-02-15T11:21:27,2026-02-15T03:21:27,https://api.quant-aq.com/v1/devices/MOD-00625/data/610274902
299.23,529.4,"{'lat': None, 'lon': None}","{'rh': 71.2, 'temp': 5.6, 'wd': 0.0, 'ws': 0.0, 'ws_scalar': 0.0}","{'gas': {'co': 18156, 'co2': 13273, 'no': 18157, 'no2': 18158, 'o3': 18159}, 'pm': {'pm1': 13236, 'pm10': 13238, 'pm25': 13237}}",5.7,19.94,7.98,1.83,14.1,1.91,610275055,71.2,MOD-00625,5.6,2026-02-15T11:20:27,2026-02-15T03:20:27,https://api.quant-aq.com/v1/devices/MOD-00625/data/610274904
296.91,526.75,"{'lat': None, 'lon': None}","{'rh': 71.0, 'temp': 5.6, 'wd': 0.0, 'ws': 0.0, 'ws_scalar': 0.0}","{'gas': {'co': 18156, 'co2': 13273, 'no': 18157, 'no2': 18158, 'o3': 18159}, 'pm': {'pm1': 13236, 'pm10': 13238, 'pm25': 13237}}",5.05,19.97,8.0,1.44,2.21,1.55,610272800,71.0,MOD-00625,5.6,2026-02-15T11:19:27,2026-02-15T03:19:27,https://api.quant-aq.com/v1/devices/MOD-00625/data/610272649
285.5,528.55,"{'lat': None, 'lon': None}","{'rh': 70.9, 'temp': 5.6, 'wd': 0.0, 'ws': 0.0, 'ws_scalar': 0.0}","{'gas': {'co': 18156, 'co2': 13273, 'no': 18157, 'no2': 18158, 'o3': 18159}, 'pm': {'pm1': 13236, 'pm10': 13238, 'pm25': 13237}}",4.49,19.65,8.58,1.28,1.59,1.37,610272802,70.9,MOD-00625,5.6,2026-02-15T11:18:27,2026-02-15T03:18:27,https://api.quant-aq.com/v1/devices/MOD-00625/data/610272651
285.16,522.77,"{'lat': None, 'lon': None}","{'rh': 70.8, 'temp': 5.6, 'wd': 0.0, 'ws': 0.0, 'ws_scalar': 0.0}","{'gas': {'co': 18156, 'co2': 13273, 'no': 18157, 'no2': 18158, 'o3': 18159}, 'pm': {'pm1': 13236, 'pm10': 13238, 'pm25': 13237}}",3.88,19.1,9.87,1.3,7.97,1.46,610272799,70.8,MOD-00625,5.6,2026-02-15T11:17:27,2026-02-15T03:17:27,https://api.quant-aq.com/v1/devices/MOD-00625/data/610272648
289.12,521.81,"{'lat': None, 'lon': None}","{'rh': 71.0, 'temp': 5.6, 'wd': 0.0, 'ws': 0.0, 'ws_scalar': 0.0}","{'gas': {'co': 18156, 'co2': 13273, 'no': 18157, 'no2': 18158, 'o3': 18159}, 'pm': {'pm1': 13236, 'pm10': 13238, 'pm25': 13237}}",3.88,19.18,9.73,1.51,2.02,1.73,610272801,71.0,MOD-00625,5.6,2026-02-15T11:16:27,2026-02-15T03:16:27,https://api.quant-aq.com/v1/devices/MOD-00625/data/610272650
289.05,523.13,"{'lat': None, 'lon': None}","{'rh': 71.1, 'temp': 5.6, 'wd': 0.0, 'ws': 0.0, 'ws_scalar': 0.0}","{'gas': {'co': 18156, 'co2': 13273, 'no': 18157, 'no2': 18158, 'o3': 18159}, 'pm': {'pm1': 13236, 'pm10': 13238, 'pm25': 13237}}",3.88,18.9,10.1,1.69,2.34,1.76,610270612,71.1,MOD-00625,5.6,2026-02-15T11:15:27,2026-02-15T03:15:27,https://api.quant-aq.com/v1/devices/MOD-00625/data/610270461
289.44,523.01,"{'lat': None, 'lon': None}","{'rh': 71.7, 'temp': 5.6, 'wd': 0.0, 'ws': 0.0, 'ws_scalar': 0.0}","{'gas': {'co': 18156, 'co2': 13273, 'no': 18157, 'no2': 18158, 'o3': 18159}, 'pm': {'pm1': 13236, 'pm10': 13238, 'pm25': 13237}}",3.57,18.87,9.14,1.85,4.79,2.05,610270609,71.7,MOD-00625,5.6,2026-02-15T11:14:27,2026-02-15T03:14:27,https://api.quant-aq.com/v1/devices/MOD-00625/data/610270458
290.05,523.25,"{'lat': None, 'lon': None}","{'rh': 72.0, 'temp': 5.6, 'wd': 0.0, 'ws': 0.0, 'ws_scalar': 0.0}","{'gas': {'co': 18156, 'co2': 13273, 'no': 18157, 'no2': 18158, 'o3': 18159}, 'pm': {'pm1': 13236, 'pm10': 13238, 'pm25': 13237}}",3.88,19.06,7.83,2.1,2.51,2.39,610270611,72.0,MOD-00625,5.6,2026-02-15T11:13:27,2026-02-15T03:13:27,https://api.quant-aq.com/v1/devices/MOD-00625/data/610270460
296.81,525.9,"{'lat': None, 'lon': None}","{'rh': 72.3, 'temp': 5.6, 'wd': 0.0, 'ws': 0.0, 'ws_scalar': 0.0}","{'gas': {'co': 18156, 'co2': 13273, 'no': 18157, 'no2': 18158, 'o3': 18159}, 'pm': {'pm1': 13236, 'pm10': 13238, 'pm25': 13237}}",3.57,19.45,7.57,1.64,4.2,1.8,610270610,72.3,MOD-00625,5.6,2026-02-15T11:12:27,2026-02-15T03:12:27,https://api.quant-aq.com/v1/devices/MOD-00625/data/610270459
293.12,522.53,"{'lat': None, 'lon': None}","{'rh': 72.3, 'temp': 5.6, 'wd': 0.0, 'ws': 0.0, 'ws_scalar': 0.0}","{'gas': {'co': 18156, 'co2': 13273, 'no': 18157, 'no2': 18158, 'o3': 18159}, 'pm': {'pm1': 13236, 'pm10': 13238, 'pm25': 13237}}",3.57,19.02,7.81,1.77,2.75,2.05,610268363,72.3,MOD-00625,5.6,2026-02-15T11:11:27,2026-02-15T03:11:27,https://api.quant-aq.com/v1/devices/MOD-00625/data/610268211
291.34,523.13,"{'lat': None, 'lon': None}","{'rh': 72.5, 'temp': 5.6, 'wd': 0.0, 'ws': 0.0, 'ws_scalar': 0.0}","{'gas': {'co': 18156, 'co2': 13273, 'no': 18157, 'no2': 18158, 'o3': 18159}, 'pm': {'pm1': 13236, 'pm10': 13238, 'pm25': 13237}}",3.88,19.0,8.25,1.87,2.78,2.1,610268365,72.5,MOD-00625,5.6,2026-02-15T11:10:27,2026-02-15T03:10:27,https://api.quant-aq.com/v1/devices/MOD-00625/data/610268214
292.09,524.46,"{'lat': None, 'lon': None}","{'rh': 72.6, 'temp': 5.6, 'wd': 0.0, 'ws': 0.0, 'ws_scalar': 0.0}","{'gas': {'co': 18156, 'co2': 13273, 'no': 18157, 'no2': 18158, 'o3': 18159}, 'pm': {'pm1': 13236, 'pm10': 13238, 'pm25': 13237}}",4.04,19.15,6.75,2.38,3.31,2.74,610268364,72.6,MOD-00625,5.6,2026-02-15T11:09:27,2026-02-15T03:09:27,https://api.quant-aq.com/v1/devices/MOD-00625/data/610268213
296.53,526.02,"{'lat': None, 'lon': None}","{'rh': 72.7, 'temp': 5.6, 'wd': 0.0, 'ws': 0.0, 'ws_scalar': 0.0}","{'gas': {'co': 18156, 'co2': 13273, 'no': 18157, 'no2': 18158, 'o3': 18159}, 'pm': {'pm1': 13236, 'pm10': 13238, 'pm25': 13237}}",4.04,19.72,6.5,2.47,2.99,2.74,610268362,72.7,MOD-00625,5.6,2026-02-15T11:08:27,2026-02-15T03:08:27,https://api.quant-aq.com/v1/devices/MOD-00625/data/610268212
301.38,526.39,"{'lat': None, 'lon': None}","{'rh': 72.8, 'temp': 5.6, 'wd': 0.0, 'ws': 0.0, 'ws_scalar': 0.0}","{'gas': {'co': 18156, 'co2': 13273, 'no': 18157, 'no2': 18158, 'o3': 18159}, 'pm': {'pm1': 13236, 'pm10': 13238, 'pm25': 13237}}",4.28,20.89,5.21,2.11,2.39,2.3,610266148,72.8,MOD-00625,5.6,2026-02-15T11:07:27,2026-02-15T03:07:27,https://api.quant-aq.com/v1/devices/MOD-00625/data/610265996
298.44,526.26,"{'lat': None, 'lon': None}","{'rh': 72.9, 'temp': 5.6, 'wd': 0.0, 'ws': 0.0, 'ws_scalar': 0.0}","{'gas': {'co': 18156, 'co2': 13273, 'no': 18157, 'no2': 18158, 'o3': 18159}, 'pm': {'pm1': 13236, 'pm10': 13238, 'pm25': 13237}}",5.05,20.46,5.33,2.44,3.3,2.51,610266145,72.9,MOD-00625,5.6,2026-02-15T11:06:27,2026-02-15T03:06:27,https://api.quant-aq.com/v1/devices/MOD-00625/data/610265994
306.58,523.25,"{'lat': None, 'lon': None}","{'rh': 73.0, 'temp': 5.6, 'wd': 0.0, 'ws': 0.0, 'ws_scalar': 0.0}","{'gas': {'co': 18156, 'co2': 13273, 'no': 18157, 'no2': 18158, 'o3': 18159}, 'pm': {'pm1': 13236, 'pm10': 13238, 'pm25': 13237}}",4.79,20.45,5.32,2.44,2.76,2.67,610266147,73.0,MOD-00625,5.6,2026-02-15T11:05:27,2026-02-15T03:05:27,https://api.quant-aq.com/v1/devices/MOD-00625/data/610265997
302.33,526.14,"{'lat': None, 'lon': None}","{'rh': 73.2, 'temp': 5.6, 'wd': 0.0, 'ws': 0.0, 'ws_scalar': 0.0}","{'gas': {'co': 18156, 'co2': 13273, 'no': 18157, 'no2': 18158, 'o3': 18159}, 'pm': {'pm1': 13236, 'pm10': 13238, 'pm25': 13237}}",4.54,21.25,5.06,2.41,2.58,2.55,610266146,73.2,MOD-00625,5.6,2026-02-15T11:04:27,2026-02-15T03:04:27,https://api.quant-aq.com/v1/devices/MOD-00625/data/610265995
302.88,528.19,"{'lat': None, 'lon': None}","{'rh': 73.0, 'temp': 5.6, 'wd': 0.0, 'ws': 0.0, 'ws_scalar': 0.0}","{'gas': {'co': 18156, 'co2': 13273, 'no': 18157, 'no2': 18158, 'o3': 18159}, 'pm': {'pm1': 13236, 'pm10': 13238, 'pm25': 13237}}",5.05,20.86,4.74,2.02,2.13,2.13,610263970,73.0,MOD-00625,5.6,2026-02-15T11:03:27,2026-02-15T03:03:27,https://api.quant-aq.com/v1/devices/MOD-00625/data/610263819
300.56,523.98,"{'lat': None, 'lon': None}","{'rh': 72.8, 'temp': 5.6, 'wd': 0.0, 'ws': 0.0, 'ws_scalar': 0.0}","{'gas': {'co': 18156, 'co2': 13273, 'no': 18157, 'no2': 18158, 'o3': 18159}, 'pm': {'pm1': 13236, 'pm10': 13238, 'pm25': 13237}}",4.53,20.48,5.33,2.96,3.04,3.04,610263969,72.8,MOD-00625,5.6,2026-02-15T11:02:27,2026-02-15T03:02:27,https://api.quant-aq.com/v1/devices/MOD-00625/data/610263818
303.99,526.87,"{'lat': None, 'lon': None}","{'rh': 72.6, 'temp': 5.6, 'wd': 0.0, 'ws': 0.0, 'ws_scalar': 0.0}","{'gas': {'co': 18156, 'co2': 13273, 'no': 18157, 'no2': 18158, 'o3': 18159}, 'pm': {'pm1': 13236, 'pm10': 13238, 'pm25': 13237}}",5.37,20.92,5.68,2.28,2.41,2.35,610263966,72.6,MOD-00625,5.6,2026-02-15T11:01:27,2026-02-15T03:01:27,https://api.quant-aq.com/v1/devices/MOD-00625/data/610263815
292.95,525.06,"{'lat': None, 'lon': None}","{'rh': 72.7, 'temp': 5.7, 'wd': 0.0, 'ws': 0.0, 'ws_scalar': 0.0}","{'gas': {'co': 18156, 'co2': 13273, 'no': 18157, 'no2': 18158, 'o3': 18159}, 'pm': {'pm1': 13236, 'pm10': 13238, 'pm25': 13237}}",4.75,20.12,5.91,2.87,3.64,3.02,610263967,72.7,MOD-00625,5.7,2026-02-15T11:00:27,2026-02-15T03:00:27,https://api.quant-aq.com/v1/devices/MOD-00625/data/610263817
295.55,526.75,"{'lat': None, 'lon': None}","{'rh': 72.5, 'temp': 5.7, 'wd': 0.0, 'ws': 0.0, 'ws_scalar': 0.0}","{'gas': {'co': 18156, 'co2': 13273, 'no': 18157, 'no2': 18158, 'o3': 18159}, 'pm': {'pm1': 13236, 'pm10': 13238, 'pm25': 13237}}",5.02,20.15,5.01,2.5,2.83,2.6,610263968,72.5,MOD-00625,5.7,2026-02-15T10:59:27,2026-02-15T02:59:27,https://api.quant-aq.com/v1/devices/MOD-00625/data/610263816
302.46,524.82,"{'lat': None, 'lon': None}","{'rh': 72.6, 'temp': 5.7, 'wd': 0.0, 'ws': 0.0, 'ws_scalar': 0.0}","{'gas': {'co': 18156, 'co2': 13273, 'no': 18157, 'no2': 18158, 'o3': 18159}, 'pm': {'pm1': 13236, 'pm10': 13238, 'pm25': 13237}}",4.75,20.13,6.37,2.95,3.04,3.01,610261208,72.6,MOD-00625,5.7,2026-02-15T10:58:27,2026-02-15T02:58:27,https://api.quant-aq.com/v1/devices/MOD-00625/data/610261056
298.48,524.22,"{'lat': None, 'lon': None}","{'rh': 73.0, 'temp': 5.7, 'wd': 0.0, 'ws': 0.0, 'ws_scalar': 0.0}","{'gas': {'co': 18156, 'co2': 13273, 'no': 18157, 'no2': 18158, 'o3': 18159}, 'pm': {'pm1': 13236, 'pm10': 13238, 'pm25': 13237}}",4.26,21.3,4.15,3.13,7.9,3.25,610261209,73.0,MOD-00625,5.7,2026-02-15T10:57:27,2026-02-15T02:57:27,https://api.quant-aq.com/v1/devices/MOD-00625/data/610261058
293.9,524.34,"{'lat': None, 'lon': None}","{'rh': 73.1, 'temp': 5.7, 'wd': 0.0, 'ws': 0.0, 'ws_scalar': 0.0}","{'gas': {'co': 18156, 'co2': 13273, 'no': 18157, 'no2': 18158, 'o3': 18159}, 'pm': {'pm1': 13236, 'pm10': 13238, 'pm25': 13237}}",4.76,20.45,5.3,2.05,2.17,2.14,610261207,73.1,MOD-00625,5.7,2026-02-15T10:56:27,2026-02-15T02:56:27,https://api.quant-aq.com/v1/devices/MOD-00625/data/610261057
292.74,524.94,"{'lat': None, 'lon': None}","{'rh': 73.0, 'temp': 5.7, 'wd': 0.0, 'ws': 0.0, 'ws_scalar': 0.0}","{'gas': {'co': 18156, 'co2': 13273, 'no': 18157, 'no2': 18158, 'o3': 18159}, 'pm': {'pm1': 13236, 'pm10': 13238, 'pm25': 13237}}",4.76,20.47,5.76,1.57,1.71,1.68,610261206,73.0,MOD-00625,5.7,2026-02-15T10:55:27,2026-02-15T02:55:27,https://api.quant-aq.com/v1/devices/MOD-00625/data/610261055
295.61,526.87,"{'lat': None, 'lon': None}","{'rh': 73.0, 'temp': 5.7, 'wd': 0.0, 'ws': 0.0, 'ws_scalar': 0.0}","{'gas': {'co': 18156, 'co2': 13273, 'no': 18157, 'no2': 18158, 'o3': 18159}, 'pm': {'pm1': 13236, 'pm10': 13238, 'pm25': 13237}}",4.76,20.88,4.73,1.92,2.72,1.99,610258936,73.0,MOD-00625,5.7,2026-02-15T10:54:27,2026-02-15T02:54:27,https://api.quant-aq.com/v1/devices/MOD-00625/data/610258786
293.22,522.77,"{'lat': None, 'lon': None}","{'rh': 72.9, 'temp': 5.7, 'wd': 0.0, 'ws': 0.0, 'ws_scalar': 0.0}","{'gas': {'co': 18156, 'co2': 13273, 'no': 18157, 'no2': 18158, 'o3': 18159}, 'pm': {'pm1': 13236, 'pm10': 13238, 'pm25': 13237}}",5.68,20.49,5.31,1.86,2.78,1.97,610258941,72.9,MOD-00625,5.7,2026-02-15T10:53:27,2026-02-15T02:53:27,https://api.quant-aq.com/v1/devices/MOD-00625/data/610258788
293.29,526.02,"{'lat': None, 'lon': None}","{'rh': 72.8, 'temp': 5.7, 'wd': 0.0, 'ws': 0.0, 'ws_scalar': 0.0}","{'gas': {'co': 18156, 'co2': 13273, 'no': 18157, 'no2': 18158, 'o3': 18159}, 'pm': {'pm1': 13236, 'pm10': 13238, 'pm25': 13237}}",4.76,20.91,5.2,1.99,3.97,2.06,610258935,72.8,MOD-00625,5.7,2026-02-15T10:52:27,2026-02-15T02:52:27,https://api.quant-aq.com/v1/devices/MOD-00625/data/610258785
299.25,522.17,"{'lat': None, 'lon': None}","{'rh': 72.5, 'temp': 5.7, 'wd': 0.0, 'ws': 0.0, 'ws_scalar': 0.0}","{'gas': {'co': 18156, 'co2': 13273, 'no': 18157, 'no2': 18158, 'o3': 18159}, 'pm': {'pm1': 13236, 'pm10': 13238, 'pm25': 13237}}",6.0,20.55,5.34,1.91,2.55,2.01,610258939,72.5,MOD-00625,5.7,2026-02-15T10:51:27,2026-02-15T02:51:27,https://api.quant-aq.com/v1/devices/MOD-00625/data/610258790
302.6,522.89,"{'lat': None, 'lon': None}","{'rh': 72.4, 'temp': 5.7, 'wd': 0.0, 'ws': 0.0, 'ws_scalar': 0.0}","{'gas': {'co': 18156, 'co2': 13273, 'no': 18157, 'no2': 18158, 'o3': 18159}, 'pm': {'pm1': 13236, 'pm10': 13238, 'pm25': 13237}}",6.0,20.56,5.81,1.75,2.01,1.92,610256721,72.4,MOD-00625,5.7,2026-02-15T10:50:27,2026-02-15T02:50:27,https://api.quant-aq.com/v1/devices/MOD-00625/data/610256570
302.12,523.13,"{'lat': None, 'lon': None}","{'rh': 72.5, 'temp': 5.7, 'wd': 0.0, 'ws': 0.0, 'ws_scalar': 0.0}","{'gas': {'co': 18156, 'co2': 13273, 'no': 18157, 'no2': 18158, 'o3': 18159}, 'pm': {'pm1': 13236, 'pm10': 13238, 'pm25': 13237}}",7.63,20.55,5.34,1.66,4.23,1.74,610256717,72.5,MOD-00625,5.7,2026-02-15T10:49:27,2026-02-15T02:49:27,https://api.quant-aq.com/v1/devices/MOD-00625/data/610256566
296.23,522.53,"{'lat': None, 'lon': None}","{'rh': 72.7, 'temp': 5.7, 'wd': 0.0, 'ws': 0.0, 'ws_scalar': 0.0}","{'gas': {'co': 18156, 'co2': 13273, 'no': 18157, 'no2': 18158, 'o3': 18159}, 'pm': {'pm1': 13236, 'pm10': 13238, 'pm25': 13237}}",6.0,20.52,4.87,1.65,2.43,1.69,610256720,72.7,MOD-00625,5.7,2026-02-15T10:48:27,2026-02-15T02:48:27,https://api.quant-aq.com/v1/devices/MOD-00625/data/610256569
296.78,521.09,"{'lat': None, 'lon': None}","{'rh': 72.5, 'temp': 5.7, 'wd': 0.0, 'ws': 0.0, 'ws_scalar': 0.0}","{'gas': {'co': 18156, 'co2': 13273, 'no': 18157, 'no2': 18158, 'o3': 18159}, 'pm': {'pm1': 13236, 'pm10': 13238, 'pm25': 13237}}",6.33,20.15,5.92,1.49,1.78,1.57,610256719,72.5,MOD-00625,5.7,2026-02-15T10:47:27,2026-02-15T02:47:27,https://api.quant-aq.com/v1/devices/MOD-00625/data/610256568
298.62,526.14,"{'lat': None, 'lon': None}","{'rh': 72.8, 'temp': 5.7, 'wd': 0.0, 'ws': 0.0, 'ws_scalar': 0.0}","{'gas': {'co': 18156, 'co2': 13273, 'no': 18157, 'no2': 18158, 'o3': 18159}, 'pm': {'pm1': 13236, 'pm10': 13238, 'pm25': 13237}}",7.63,20.1,4.99,1.61,3.48,1.7,610256718,72.8,MOD-00625,5.7,2026-02-15T10:46:27,2026-02-15T02:46:27,https://api.quant-aq.com/v1/devices/MOD-00625/data/610256567
303.81,522.89,"{'lat': None, 'lon': None}","{'rh': 73.0, 'temp': 5.7, 'wd': 0.0, 'ws': 0.0, 'ws_scalar': 0.0}","{'gas': {'co': 18156, 'co2': 13273, 'no': 18157, 'no2': 18158, 'o3': 18159}, 'pm': {'pm1': 13236, 'pm10': 13238, 'pm25': 13237}}",5.35,20.47,5.76,1.68,2.22,1.91,610253879,73.0,MOD-00625,5.7,2026-02-15T10:45:27,2026-02-15T02:45:27,https://api.quant-aq.com/v1/devices/MOD-00625/data/610253728
310.79,525.06,"{'lat': None, 'lon': None}","{'rh': 73.0, 'temp': 5.7, 'wd': 0.0, 'ws': 0.0, 'ws_scalar': 0.0}","{'gas': {'co': 18156, 'co2': 13273, 'no': 18157, 'no2': 18158, 'o3': 18159}, 'pm': {'pm1': 13236, 'pm10': 13238, 'pm25': 13237}}",6.0,20.88,5.64,1.76,1.81,1.81,610253881,73.0,MOD-00625,5.7,2026-02-15T10:44:27,2026-02-15T02:44:27,https://api.quant-aq.com/v1/devices/MOD-00625/data/610253729
307.51,525.18,"{'lat': None, 'lon': None}","{'rh': 73.0, 'temp': 5.7, 'wd': 0.0, 'ws': 0.0, 'ws_scalar': 0.0}","{'gas': {'co': 18156, 'co2': 13273, 'no': 18157, 'no2': 18158, 'o3': 18159}, 'pm': {'pm1': 13236, 'pm10': 13238, 'pm25': 13237}}",6.33,20.47,5.31,1.77,1.79,1.79,610253880,73.0,MOD-00625,5.7,2026-02-15T10:43:27,2026-02-15T02:43:27,https://api.quant-aq.com/v1/devices/MOD-00625/data/610253730
309.77,531.32,"{'lat': None, 'lon': None}","{'rh': 72.7, 'temp': 5.7, 'wd': 0.0, 'ws': 0.0, 'ws_scalar': 0.0}","{'gas': {'co': 18156, 'co2': 13273, 'no': 18157, 'no2': 18158, 'o3': 18159}, 'pm': {'pm1': 13236, 'pm10': 13238, 'pm25': 13237}}",6.0,20.52,6.24,1.55,2.1,1.58,610253878,72.7,MOD-00625,5.7,2026-02-15T10:42:27,2026-02-15T02:42:27,https://api.quant-aq.com/v1/devices/MOD-00625/data/610253727
309.09,525.42,"{'lat': None, 'lon': None}","{'rh': 72.5, 'temp': 5.7, 'wd': 0.0, 'ws': 0.0, 'ws_scalar': 0.0}","{'gas': {'co': 18156, 'co2': 13273, 'no': 18157, 'no2': 18158, 'o3': 18159}, 'pm': {'pm1': 13236, 'pm10': 13238, 'pm25': 13237}}",6.65,21.38,5.55,1.62,12.78,1.75,610253877,72.5,MOD-00625,5.7,2026-02-15T10:41:27,2026-02-15T02:41:27,https://api.quant-aq.com/v1/devices/MOD-00625/data/610253726
308.68,526.63,"{'lat': None, 'lon': None}","{'rh': 72.5, 'temp': 5.7, 'wd': 0.0, 'ws': 0.0, 'ws_scalar': 0.0}","{'gas': {'co': 18156, 'co2': 13273, 'no': 18157, 'no2': 18158, 'o3': 18159}, 'pm': {'pm1': 13236, 'pm10': 13238, 'pm25': 13237}}",6.65,21.38,4.64,1.28,1.5,1.41,610251000,72.5,MOD-00625,5.7,2026-02-15T10:40:27,2026-02-15T02:40:27,https://api.quant-aq.com/v1/devices/MOD-00625/data/610250849
314.76,524.82,"{'lat': None, 'lon': None}","{'rh': 72.6, 'temp': 5.7, 'wd': 0.0, 'ws': 0.0, 'ws_scalar': 0.0}","{'gas': {'co': 18156, 'co2': 13273, 'no': 18157, 'no2': 18158, 'o3': 18159}, 'pm': {'pm1': 13236, 'pm10': 13238, 'pm25': 13237}}",6.33,21.78,4.97,1.55,7.44,1.59,610251003,72.6,MOD-00625,5.7,2026-02-15T10:39:27,2026-02-15T02:39:27,https://api.quant-aq.com/v1/devices/MOD-00625/data/610250851
314.28,524.34,"{'lat': None, 'lon': None}","{'rh': 72.7, 'temp': 5.7, 'wd': 0.0, 'ws': 0.0, 'ws_scalar': 0.0}","{'gas': {'co': 18156, 'co2': 13273, 'no': 18157, 'no2': 18158, 'o3': 18159}, 'pm': {'pm1': 13236, 'pm10': 13238, 'pm25': 13237}}",6.98,21.77,4.5,1.66,2.18,1.76,610251004,72.7,MOD-00625,5.7,2026-02-15T10:38:27,2026-02-15T02:38:27,https://api.quant-aq.com/v1/devices/MOD-00625/data/610250853
315.1,522.89,"{'lat': None, 'lon': None}","{'rh': 72.7, 'temp': 5.7, 'wd': 0.0, 'ws': 0.0, 'ws_scalar': 0.0}","{'gas': {'co': 18156, 'co2': 13273, 'no': 18157, 'no2': 18158, 'o3': 18159}, 'pm': {'pm1': 13236, 'pm10': 13238, 'pm25': 13237}}",6.33,21.77,3.14,1.97,2.37,1.98,610251002,72.7,MOD-00625,5.7,2026-02-15T10:37:27,2026-02-15T02:37:27,https://api.quant-aq.com/v1/devices/MOD-00625/data/610250852
309.09,527.59,"{'lat': None, 'lon': None}","{'rh': 72.5, 'temp': 5.7, 'wd': 0.0, 'ws': 0.0, 'ws_scalar': 0.0}","{'gas': {'co': 18156, 'co2': 13273, 'no': 18157, 'no2': 18158, 'o3': 18159}, 'pm': {'pm1': 13236, 'pm10': 13238, 'pm25': 13237}}",6.98,22.22,3.48,2.07,2.37,2.15,610251001,72.5,MOD-00625,5.7,2026-02-15T10:36:27,2026-02-15T02:36:27,https://api.quant-aq.com/v1/devices/MOD-00625/data/610250850
315.58,529.88,"{'lat': None, 'lon': None}","{'rh': 72.6, 'temp': 5.7, 'wd': 0.0, 'ws': 0.0, 'ws_scalar': 0.0}","{'gas': {'co': 18156, 'co2': 13273, 'no': 18157, 'no2': 18158, 'o3': 18159}, 'pm': {'pm1': 13236, 'pm10': 13238, 'pm25': 13237}}",6.33,20.94,4.76,2.18,4.45,2.32,610248298,72.6,MOD-00625,5.7,2026-02-15T10:35:27,2026-02-15T02:35:27,https://api.quant-aq.com/v1/devices/MOD-00625/data/610248147
317.81,527.83,"{'lat': None, 'lon': None}","{'rh': 72.5, 'temp': 5.8, 'wd': 0.0, 'ws': 0.0, 'ws_scalar': 0.0}","{'gas': {'co': 18156, 'co2': 13273, 'no': 18157, 'no2': 18158, 'o3': 18159}, 'pm': {'pm1': 13236, 'pm10': 13238, 'pm25': 13237}}",7.28,22.66,4.72,1.99,2.29,2.08,610248297,72.5,MOD-00625,5.8,2026-02-15T10:34:27,2026-02-15T02:34:27,https://api.quant-aq.com/v1/devices/MOD-00625/data/610248146
323.14,526.63,"{'lat': None, 'lon': None}","{'rh': 72.5, 'temp': 5.8, 'wd': 0.0, 'ws': 0.0, 'ws_scalar': 0.0}","{'gas': {'co': 18156, 'co2': 13273, 'no': 18157, 'no2': 18158, 'o3': 18159}, 'pm': {'pm1': 13236, 'pm10': 13238, 'pm25': 13237}}",8.59,22.24,3.47,2.31,4.38,2.41,610248295,72.5,MOD-00625,5.8,2026-02-15T10:33:27,2026-02-15T02:33:27,https://api.quant-aq.com/v1/devices/MOD-00625/data/610248144
322.73,527.47,"{'lat': None, 'lon': None}","{'rh': 72.5, 'temp': 5.8, 'wd': 0.0, 'ws': 0.0, 'ws_scalar': 0.0}","{'gas': {'co': 18156, 'co2': 13273, 'no': 18157, 'no2': 18158, 'o3': 18159}, 'pm': {'pm1': 13236, 'pm10': 13238, 'pm25': 13237}}",8.91,22.24,3.93,1.79,2.11,1.99,610248296,72.5,MOD-00625,5.8,2026-02-15T10:32:27,2026-02-15T02:32:27,https://api.quant-aq.com/v1/devices/MOD-00625/data/610248145
329.36,528.07,"{'lat': None, 'lon': None}","{'rh': 72.4, 'temp': 5.8, 'wd': 0.0, 'ws': 0.0, 'ws_scalar': 0.0}","{'gas': {'co': 18156, 'co2': 13273, 'no': 18157, 'no2': 18158, 'o3': 18159}, 'pm': {'pm1': 13236, 'pm10': 13238, 'pm25': 13237}}",9.57,22.68,3.81,2.55,3.22,2.65,610246079,72.4,MOD-00625,5.8,2026-02-15T10:31:27,2026-02-15T02:31:27,https://api.quant-aq.com/v1/devices/MOD-00625/data/610245928
336.34,528.19,"{'lat': None, 'lon': None}","{'rh': 72.4, 'temp': 5.8, 'wd': 0.0, 'ws': 0.0, 'ws_scalar': 0.0}","{'gas': {'co': 18156, 'co2': 13273, 'no': 18157, 'no2': 18158, 'o3': 18159}, 'pm': {'pm1': 13236, 'pm10': 13238, 'pm25': 13237}}",9.57,22.26,3.02,2.08,4.45,2.19,610246077,72.4,MOD-00625,5.8,2026-02-15T10:30:27,2026-02-15T02:30:27,https://api.quant-aq.com/v1/devices/MOD-00625/data/610245926
334.7,528.31,"{'lat': None, 'lon': None}","{'rh': 72.4, 'temp': 5.8, 'wd': 0.0, 'ws': 0.0, 'ws_scalar': 0.0}","{'gas': {'co': 18156, 'co2': 13273, 'no': 18157, 'no2': 18158, 'o3': 18159}, 'pm': {'pm1': 13236, 'pm10': 13238, 'pm25': 13237}}",9.89,22.26,3.48,1.98,7.77,2.19,610246078,72.4,MOD-00625,5.8,2026-02-15T10:29:27,2026-02-15T02:29:27,https://api.quant-aq.com/v1/devices/MOD-00625/data/610245927
328.95,529.88,"{'lat': None, 'lon': None}","{'rh': 72.4, 'temp': 5.8, 'wd': 0.0, 'ws': 0.0, 'ws_scalar': 0.0}","{'gas': {'co': 18156, 'co2': 13273, 'no': 18157, 'no2': 18158, 'o3': 18159}, 'pm': {'pm1': 13236, 'pm10': 13238, 'pm25': 13237}}",10.87,22.26,3.48,2.35,2.74,2.5,610246076,72.4,MOD-00625,5.8,2026-02-15T10:28:27,2026-02-15T02:28:27,https://api.quant-aq.com/v1/devices/MOD-00625/data/610245925
321.57,528.79,"{'lat': None, 'lon': None}","{'rh': 72.4, 'temp': 5.8, 'wd': 0.0, 'ws': 0.0, 'ws_scalar': 0.0}","{'gas': {'co': 18156, 'co2': 13273, 'no': 18157, 'no2': 18158, 'o3': 18159}, 'pm': {'pm1': 13236, 'pm10': 13238, 'pm25': 13237}}",11.52,22.68,2.9,2.33,2.64,2.43,610243885,72.4,MOD-00625,5.8,2026-02-15T10:27:27,2026-02-15T02:27:27,https://api.quant-aq.com/v1/devices/MOD-00625/data/610243735
323.55,525.66,"{'lat': None, 'lon': None}","{'rh': 72.5, 'temp': 5.8, 'wd': 0.0, 'ws': 0.0, 'ws_scalar': 0.0}","{'gas': {'co': 18156, 'co2': 13273, 'no': 18157, 'no2': 18158, 'o3': 18159}, 'pm': {'pm1': 13236, 'pm10': 13238, 'pm25': 13237}}",12.17,22.24,3.47,2.54,3.08,2.68,610243886,72.5,MOD-00625,5.8,2026-02-15T10:26:27,2026-02-15T02:26:27,https://api.quant-aq.com/v1/devices/MOD-00625/data/610243734
318.42,527.83,"{'lat': None, 'lon': None}","{'rh': 72.8, 'temp': 5.8, 'wd': 0.0, 'ws': 0.0, 'ws_scalar': 0.0}","{'gas': {'co': 18156, 'co2': 13273, 'no': 18157, 'no2': 18158, 'o3': 18159}, 'pm': {'pm1': 13236, 'pm10': 13238, 'pm25': 13237}}",13.8,23.45,3.08,2.43,2.73,2.52,610243884,72.8,MOD-00625,5.8,2026-02-15T10:25:27,2026-02-15T02:25:27,https://api.quant-aq.com/v1/devices/MOD-00625/data/610243733
327.79,529.4,"{'lat': None, 'lon': None}","{'rh': 72.3, 'temp': 5.8, 'wd': 0.0, 'ws': 0.0, 'ws_scalar': 0.0}","{'gas': {'co': 18156, 'co2': 13273, 'no': 18157, 'no2': 18158, 'o3': 18159}, 'pm': {'pm1': 13236, 'pm10': 13238, 'pm25': 13237}}",13.8,22.27,3.49,2.5,2.61,2.58,610243883,72.3,MOD-00625,5.8,2026-02-15T10:24:27,2026-02-15T02:24:27,https://api.quant-aq.com/v1/devices/MOD-00625/data/610243732
321.09,526.75,"{'lat': None, 'lon': None}","{'rh': 72.5, 'temp': 5.8, 'wd': 0.0, 'ws': 0.0, 'ws_scalar': 0.0}","{'gas': {'co': 18156, 'co2': 13273, 'no': 18157, 'no2': 18158, 'o3': 18159}, 'pm': {'pm1': 13236, 'pm10': 13238, 'pm25': 13237}}",15.43,22.24,3.02,2.46,3.32,2.55,610241621,72.5,MOD-00625,5.8,2026-02-15T10:23:27,2026-02-15T02:23:27,https://api.quant-aq.com/v1/devices/MOD-00625/data/610241470
328.81,531.68,"{'lat': None, 'lon': None}","{'rh': 72.6, 'temp': 5.8, 'wd': 0.0, 'ws': 0.0, 'ws_scalar': 0.0}","{'gas': {'co': 18156, 'co2': 13273, 'no': 18157, 'no2': 18158, 'o3': 18159}, 'pm': {'pm1': 13236, 'pm10': 13238, 'pm25': 13237}}",17.06,21.81,3.13,2.45,2.63,2.58,610241618,72.6,MOD-00625,5.8,2026-02-15T10:22:27,2026-02-15T02:22:27,https://api.quant-aq.com/v1/devices/MOD-00625/data/610241467
323.07,528.19,"{'lat': None, 'lon': None}","{'rh': 72.6, 'temp': 5.8, 'wd': 0.0, 'ws': 0.0, 'ws_scalar': 0.0}","{'gas': {'co': 18156, 'co2': 13273, 'no': 18157, 'no2': 18158, 'o3': 18159}, 'pm': {'pm1': 13236, 'pm10': 13238, 'pm25': 13237}}",21.62,22.23,2.55,3.01,3.29,3.07,610241620,72.6,MOD-00625,5.8,2026-02-15T10:21:27,2026-02-15T02:21:27,https://api.quant-aq.com/v1/devices/MOD-00625/data/610241469
322.73,529.4,"{'lat': None, 'lon': None}","{'rh': 72.5, 'temp': 5.8, 'wd': 0.0, 'ws': 0.0, 'ws_scalar': 0.0}","{'gas': {'co': 18156, 'co2': 13273, 'no': 18157, 'no2': 18158, 'o3': 18159}, 'pm': {'pm1': 13236, 'pm10': 13238, 'pm25': 13237}}",22.28,21.82,3.14,3.02,3.15,3.12,610241619,72.5,MOD-00625,5.8,2026-02-15T10:20:27,2026-02-15T02:20:27,https://api.quant-aq.com/v1/devices/MOD-00625/data/610241468
326.83,529.4,"{'lat': None, 'lon': None}","{'rh': 72.5, 'temp': 5.8, 'wd': 0.0, 'ws': 0.0, 'ws_scalar': 0.0}","{'gas': {'co': 18156, 'co2': 13273, 'no': 18157, 'no2': 18158, 'o3': 18159}, 'pm': {'pm1': 13236, 'pm10': 13238, 'pm25': 13237}}",23.62,21.82,3.14,2.98,3.29,3.06,610239383,72.5,MOD-00625,5.8,2026-02-15T10:19:27,2026-02-15T02:19:27,https://api.quant-aq.com/v1/devices/MOD-00625/data/610239231
320.82,525.9,"{'lat': None, 'lon': None}","{'rh': 72.3, 'temp': 5.8, 'wd': 0.0, 'ws': 0.0, 'ws_scalar': 0.0}","{'gas': {'co': 18156, 'co2': 13273, 'no': 18157, 'no2': 18158, 'o3': 18159}, 'pm': {'pm1': 13236, 'pm10': 13238, 'pm25': 13237}}",24.32,20.6,2.61,3.41,3.67,3.47,610239385,72.3,MOD-00625,5.8,2026-02-15T10:18:27,2026-02-15T02:18:27,https://api.quant-aq.com/v1/devices/MOD-00625/data/610239233
320.0,525.54,"{'lat': None, 'lon': None}","{'rh': 72.3, 'temp': 5.8, 'wd': 0.0, 'ws': 0.0, 'ws_scalar': 0.0}","{'gas': {'co': 18156, 'co2': 13273, 'no': 18157, 'no2': 18158, 'o3': 18159}, 'pm': {'pm1': 13236, 'pm10': 13238, 'pm25': 13237}}",23.26,23.11,2.78,3.42,5.77,3.53,610239384,72.3,MOD-00625,5.8,2026-02-15T10:17:27,2026-02-15T02:17:27,https://api.quant-aq.com/v1/devices/MOD-00625/data/610239234
324.1,530.12,"{'lat': None, 'lon': None}","{'rh': 72.3, 'temp': 5.8, 'wd': 0.0, 'ws': 0.0, 'ws_scalar': 0.0}","{'gas': {'co': 18156, 'co2': 13273, 'no': 18157, 'no2': 18158, 'o3': 18159}, 'pm': {'pm1': 13236, 'pm10': 13238, 'pm25': 13237}}",20.32,21.85,2.7,3.02,3.08,3.08,610239382,72.3,MOD-00625,5.8,2026-02-15T10:16:27,2026-02-15T02:16:27,https://api.quant-aq.com/v1/devices/MOD-00625/data/610239232
321.37,529.4,"{'lat': None, 'lon': None}","{'rh': 72.1, 'temp': 5.8, 'wd': 0.0, 'ws': 0.0, 'ws_scalar': 0.0}","{'gas': {'co': 18156, 'co2': 13273, 'no': 18157, 'no2': 18158, 'o3': 18159}, 'pm': {'pm1': 13236, 'pm10': 13238, 'pm25': 13237}}",18.36,21.05,2.96,3.4,3.77,3.53,610237148,72.1,MOD-00625,5.8,2026-02-15T10:15:27,2026-02-15T02:15:27,https://api.quant-aq.com/v1/devices/MOD-00625/data/610236997
321.51,527.23,"{'lat': None, 'lon': None}","{'rh': 71.9, 'temp': 5.8, 'wd': 0.0, 'ws': 0.0, 'ws_scalar': 0.0}","{'gas': {'co': 18156, 'co2': 13273, 'no': 18157, 'no2': 18158, 'o3': 18159}, 'pm': {'pm1': 13236, 'pm10': 13238, 'pm25': 13237}}",16.74,21.91,4.1,3.85,4.67,4.05,610237145,71.9,MOD-00625,5.8,2026-02-15T10:14:27,2026-02-15T02:14:27,https://api.quant-aq.com/v1/devices/MOD-00625/data/610236994
316.43,528.07,"{'lat': None, 'lon': None}","{'rh': 71.7, 'temp': 5.9, 'wd': 0.0, 'ws': 0.0, 'ws_scalar': 0.0}","{'gas': {'co': 18156, 'co2': 13273, 'no': 18157, 'no2': 18158, 'o3': 18159}, 'pm': {'pm1': 13236, 'pm10': 13238, 'pm25': 13237}}",14.76,21.55,3.31,3.26,4.0,3.42,610237147,71.7,MOD-00625,5.9,2026-02-15T10:13:27,2026-02-15T02:13:27,https://api.quant-aq.com/v1/devices/MOD-00625/data/610236996
311.99,525.54,"{'lat': None, 'lon': None}","{'rh': 71.6, 'temp': 5.9, 'wd': 0.0, 'ws': 0.0, 'ws_scalar': 0.0}","{'gas': {'co': 18156, 'co2': 13273, 'no': 18157, 'no2': 18158, 'o3': 18159}, 'pm': {'pm1': 13236, 'pm10': 13238, 'pm25': 13237}}",14.43,21.98,4.11,2.84,8.34,2.89,610237146,71.6,MOD-00625,5.9,2026-02-15T10:12:27,2026-02-15T02:12:27,https://api.quant-aq.com/v1/devices/MOD-00625/data/610236995
309.6,525.42,"{'lat': None, 'lon': None}","{'rh': 71.5, 'temp': 5.9, 'wd': 0.0, 'ws': 0.0, 'ws_scalar': 0.0}","{'gas': {'co': 18156, 'co2': 13273, 'no': 18157, 'no2': 18158, 'o3': 18159}, 'pm': {'pm1': 13236, 'pm10': 13238, 'pm25': 13237}}",11.17,21.16,3.45,2.46,2.73,2.52,610234919,71.5,MOD-00625,5.9,2026-02-15T10:11:27,2026-02-15T02:11:27,https://api.quant-aq.com/v1/devices/MOD-00625/data/610234768
312.74,527.23,"{'lat': None, 'lon': None}","{'rh': 71.7, 'temp': 5.9, 'wd': 0.0, 'ws': 0.0, 'ws_scalar': 0.0}","{'gas': {'co': 18156, 'co2': 13273, 'no': 18157, 'no2': 18158, 'o3': 18159}, 'pm': {'pm1': 13236, 'pm10': 13238, 'pm25': 13237}}",7.59,21.13,3.89,2.13,3.35,2.14,610234918,71.7,MOD-00625,5.9,2026-02-15T10:10:27,2026-02-15T02:10:27,https://api.quant-aq.com/v1/devices/MOD-00625/data/610234767
312.81,522.17,"{'lat': None, 'lon': None}","{'rh': 71.6, 'temp': 5.9, 'wd': 0.0, 'ws': 0.0, 'ws_scalar': 0.0}","{'gas': {'co': 18156, 'co2': 13273, 'no': 18157, 'no2': 18158, 'o3': 18159}, 'pm': {'pm1': 13236, 'pm10': 13238, 'pm25': 13237}}",6.94,21.15,3.9,2.4,3.56,2.48,610234920,71.6,MOD-00625,5.9,2026-02-15T10:09:27,2026-02-15T02:09:27,https://api.quant-aq.com/v1/devices/MOD-00625/data/610234769
308.71,529.03,"{'lat': None, 'lon': None}","{'rh': 71.6, 'temp': 5.9, 'wd': 0.0, 'ws': 0.0, 'ws_scalar': 0.0}","{'gas': {'co': 18156, 'co2': 13273, 'no': 18157, 'no2': 18158, 'o3': 18159}, 'pm': {'pm1': 13236, 'pm10': 13238, 'pm25': 13237}}",7.59,22.82,4.32,2.39,2.55,2.49,610234917,71.6,MOD-00625,5.9,2026-02-15T10:08:27,2026-02-15T02:08:27,https://api.quant-aq.com/v1/devices/MOD-00625/data/610234766
308.71,526.14,"{'lat': None, 'lon': None}","{'rh': 71.6, 'temp': 5.9, 'wd': 0.0, 'ws': 0.0, 'ws_scalar': 0.0}","{'gas': {'co': 18156, 'co2': 13273, 'no': 18157, 'no2': 18158, 'o3': 18159}, 'pm': {'pm1': 13236, 'pm10': 13238, 'pm25': 13237}}",8.57,21.57,4.23,2.63,3.29,2.72,610234916,71.6,MOD-00625,5.9,2026-02-15T10:07:27,2026-02-15T02:07:27,https://api.quant-aq.com/v1/devices/MOD-00625/data/610234765
307.07,522.77,"{'lat': None, 'lon': None}","{'rh': 71.6, 'temp': 5.9, 'wd': 0.0, 'ws': 0.0, 'ws_scalar': 0.0}","{'gas': {'co': 18156, 'co2': 13273, 'no': 18157, 'no2': 18158, 'o3': 18159}, 'pm': {'pm1': 13236, 'pm10': 13238, 'pm25': 13237}}",8.24,21.98,4.11,2.64,3.31,2.74,610232151,71.6,MOD-00625,5.9,2026-02-15T10:06:27,2026-02-15T02:06:27,https://api.quant-aq.com/v1/devices/MOD-00625/data/610231999
300.24,520.84,"{'lat': None, 'lon': None}","{'rh': 71.4, 'temp': 5.9, 'wd': 0.0, 'ws': 0.0, 'ws_scalar': 0.0}","{'gas': {'co': 18156, 'co2': 13273, 'no': 18157, 'no2': 18158, 'o3': 18159}, 'pm': {'pm1': 13236, 'pm10': 13238, 'pm25': 13237}}",8.24,22.43,4.45,2.78,2.78,2.78,610232149,71.4,MOD-00625,5.9,2026-02-15T10:05:27,2026-02-15T02:05:27,https://api.quant-aq.com/v1/devices/MOD-00625/data/610231998
304.34,525.42,"{'lat': None, 'lon': None}","{'rh': 71.4, 'temp': 5.9, 'wd': 0.0, 'ws': 0.0, 'ws_scalar': 0.0}","{'gas': {'co': 18156, 'co2': 13273, 'no': 18157, 'no2': 18158, 'o3': 18159}, 'pm': {'pm1': 13236, 'pm10': 13238, 'pm25': 13237}}",7.91,22.02,4.12,1.94,2.54,2.02,610232148,71.4,MOD-00625,5.9,2026-02-15T10:04:27,2026-02-15T02:04:27,https://api.quant-aq.com/v1/devices/MOD-00625/data/610231997
304.14,522.65,"{'lat': None, 'lon': None}","{'rh': 71.1, 'temp': 5.9, 'wd': 0.0, 'ws': 0.0, 'ws_scalar': 0.0}","{'gas': {'co': 18156, 'co2': 13273, 'no': 18157, 'no2': 18158, 'o3': 18159}, 'pm': {'pm1': 13236, 'pm10': 13238, 'pm25': 13237}}",8.24,22.48,4.93,1.42,1.54,1.54,610232150,71.1,MOD-00625,5.9,2026-02-15T10:03:27,2026-02-15T02:03:27,https://api.quant-aq.com/v1/devices/MOD-00625/data/610232000
305.51,522.77,"{'lat': None, 'lon': None}","{'rh': 70.9, 'temp': 5.9, 'wd': 0.0, 'ws': 0.0, 'ws_scalar': 0.0}","{'gas': {'co': 18156, 'co2': 13273, 'no': 18157, 'no2': 18158, 'o3': 18159}, 'pm': {'pm1': 13236, 'pm10': 13238, 'pm25': 13237}}",8.89,22.09,5.07,1.39,1.52,1.49,610232152,70.9,MOD-00625,5.9,2026-02-15T10:02:27,2026-02-15T02:02:27,https://api.quant-aq.com/v1/devices/MOD-00625/data/610232001
299.36,521.81,"{'lat': None, 'lon': None}","{'rh': 70.9, 'temp': 5.9, 'wd': 0.0, 'ws': 0.0, 'ws_scalar': 0.0}","{'gas': {'co': 18156, 'co2': 13273, 'no': 18157, 'no2': 18158, 'o3': 18159}, 'pm': {'pm1': 13236, 'pm10': 13238, 'pm25': 13237}}",7.59,21.67,6.11,1.27,1.95,1.37,610229340,70.9,MOD-00625,5.9,2026-02-15T10:01:27,2026-02-15T02:01:27,https://api.quant-aq.com/v1/devices/MOD-00625/data/610229189
303.32,520.6,"{'lat': None, 'lon': None}","{'rh': 71.1, 'temp': 5.9, 'wd': 0.0, 'ws': 0.0, 'ws_scalar': 0.0}","{'gas': {'co': 18156, 'co2': 13273, 'no': 18157, 'no2': 18158, 'o3': 18159}, 'pm': {'pm1': 13236, 'pm10': 13238, 'pm25': 13237}}",6.61,20.81,5.88,1.26,1.71,1.43,610229341,71.1,MOD-00625,5.9,2026-02-15T10:00:27,2026-02-15T02:00:27,https://api.quant-aq.com/v1/devices/MOD-00625/data/610229191
304.62,522.53,"{'lat': None, 'lon': None}","{'rh': 71.0, 'temp': 5.9, 'wd': 0.0, 'ws': 0.0, 'ws_scalar': 0.0}","{'gas': {'co': 18156, 'co2': 13273, 'no': 18157, 'no2': 18158, 'o3': 18159}, 'pm': {'pm1': 13236, 'pm10': 13238, 'pm25': 13237}}",5.63,20.43,7.38,1.45,2.56,1.67,610229343,71.0,MOD-00625,5.9,2026-02-15T09:59:27,2026-02-15T01:59:27,https://api.quant-aq.com/v1/devices/MOD-00625/data/610229192
306.74,523.86,"{'lat': None, 'lon': None}","{'rh': 70.9, 'temp': 5.9, 'wd': 0.0, 'ws': 0.0, 'ws_scalar': 0.0}","{'gas': {'co': 18156, 'co2': 13273, 'no': 18157, 'no2': 18158, 'o3': 18159}, 'pm': {'pm1': 13236, 'pm10': 13238, 'pm25': 13237}}",4.98,20.44,6.02,1.69,3.37,1.89,610229342,70.9,MOD-00625,5.9,2026-02-15T09:58:27,2026-02-15T01:58:27,https://api.quant-aq.com/v1/devices/MOD-00625/data/610229190
310.36,522.05,"{'lat': None, 'lon': None}","{'rh': 71.0, 'temp': 5.9, 'wd': 0.0, 'ws': 0.0, 'ws_scalar': 0.0}","{'gas': {'co': 18156, 'co2': 13273, 'no': 18157, 'no2': 18158, 'o3': 18159}, 'pm': {'pm1': 13236, 'pm10': 13238, 'pm25': 13237}}",4.98,19.71,7.63,1.43,1.82,1.69,610227129,71.0,MOD-00625,5.9,2026-02-15T09:57:27,2026-02-15T01:57:27,https://api.quant-aq.com/v1/devices/MOD-00625/data/610226977
304.55,525.18,"{'lat': None, 'lon': None}","{'rh': 71.1, 'temp': 5.9, 'wd': 0.0, 'ws': 0.0, 'ws_scalar': 0.0}","{'gas': {'co': 18156, 'co2': 13273, 'no': 18157, 'no2': 18158, 'o3': 18159}, 'pm': {'pm1': 13236, 'pm10': 13238, 'pm25': 13237}}",5.31,21.22,6.67,1.69,2.39,1.91,610227131,71.1,MOD-00625,5.9,2026-02-15T09:56:27,2026-02-15T01:56:27,https://api.quant-aq.com/v1/devices/MOD-00625/data/610226980
307.01,523.37,"{'lat': None, 'lon': None}","{'rh': 71.1, 'temp': 5.9, 'wd': 0.0, 'ws': 0.0, 'ws_scalar': 0.0}","{'gas': {'co': 18156, 'co2': 13273, 'no': 18157, 'no2': 18158, 'o3': 18159}, 'pm': {'pm1': 13236, 'pm10': 13238, 'pm25': 13237}}",6.28,21.64,6.09,1.87,5.04,2.06,610227130,71.1,MOD-00625,5.9,2026-02-15T09:55:27,2026-02-15T01:55:27,https://api.quant-aq.com/v1/devices/MOD-00625/data/610226979
306.67,523.62,"{'lat': None, 'lon': None}","{'rh': 71.0, 'temp': 5.9, 'wd': 0.0, 'ws': 0.0, 'ws_scalar': 0.0}","{'gas': {'co': 18156, 'co2': 13273, 'no': 18157, 'no2': 18158, 'o3': 18159}, 'pm': {'pm1': 13236, 'pm10': 13238, 'pm25': 13237}}",6.94,22.5,5.85,2.12,9.75,2.31,610227128,71.0,MOD-00625,5.9,2026-02-15T09:54:27,2026-02-15T01:54:27,https://api.quant-aq.com/v1/devices/MOD-00625/data/610226978
306.26,524.7,"{'lat': None, 'lon': None}","{'rh': 71.0, 'temp': 5.9, 'wd': 0.0, 'ws': 0.0, 'ws_scalar': 0.0}","{'gas': {'co': 18156, 'co2': 13273, 'no': 18157, 'no2': 18158, 'o3': 18159}, 'pm': {'pm1': 13236, 'pm10': 13238, 'pm25': 13237}}",7.91,21.24,6.68,1.67,7.4,1.86,610224903,71.0,MOD-00625,5.9,2026-02-15T09:53:27,2026-02-15T01:53:27,https://api.quant-aq.com/v1/devices/MOD-00625/data/610224752
316.86,522.53,"{'lat': None, 'lon': None}","{'rh': 71.1, 'temp': 5.9, 'wd': 0.0, 'ws': 0.0, 'ws_scalar': 0.0}","{'gas': {'co': 18156, 'co2': 13273, 'no': 18157, 'no2': 18158, 'o3': 18159}, 'pm': {'pm1': 13236, 'pm10': 13238, 'pm25': 13237}}",7.26,22.48,4.93,1.81,11.93,2.24,610224904,71.1,MOD-00625,5.9,2026-02-15T09:52:27,2026-02-15T01:52:27,https://api.quant-aq.com/v1/devices/MOD-00625/data/610224753
337.7,523.74,"{'lat': None, 'lon': None}","{'rh': 71.2, 'temp': 5.9, 'wd': 0.0, 'ws': 0.0, 'ws_scalar': 0.0}","{'gas': {'co': 18156, 'co2': 13273, 'no': 18157, 'no2': 18158, 'o3': 18159}, 'pm': {'pm1': 13236, 'pm10': 13238, 'pm25': 13237}}",7.59,22.47,5.84,2.05,7.9,2.36,610224905,71.2,MOD-00625,5.9,2026-02-15T09:51:27,2026-02-15T01:51:27,https://api.quant-aq.com/v1/devices/MOD-00625/data/610224754
343.58,523.86,"{'lat': None, 'lon': None}","{'rh': 71.0, 'temp': 5.9, 'wd': 0.0, 'ws': 0.0, 'ws_scalar': 0.0}","{'gas': {'co': 18156, 'co2': 13273, 'no': 18157, 'no2': 18158, 'o3': 18159}, 'pm': {'pm1': 13236, 'pm10': 13238, 'pm25': 13237}}",8.24,23.34,5.15,2.26,12.48,2.63,610224906,71.0,MOD-00625,5.9,2026-02-15T09:50:27,2026-02-15T01:50:27,https://api.quant-aq.com/v1/devices/MOD-00625/data/610224755
354.66,524.1,"{'lat': None, 'lon': None}","{'rh': 71.0, 'temp': 5.9, 'wd': 0.0, 'ws': 0.0, 'ws_scalar': 0.0}","{'gas': {'co': 18156, 'co2': 13273, 'no': 18157, 'no2': 18158, 'o3': 18159}, 'pm': {'pm1': 13236, 'pm10': 13238, 'pm25': 13237}}",7.91,23.75,4.11,2.16,29.72,2.73,610222621,71.0,MOD-00625,5.9,2026-02-15T09:49:27,2026-02-15T01:49:27,https://api.quant-aq.com/v1/devices/MOD-00625/data/610222470
368.19,525.66,"{'lat': None, 'lon': None}","{'rh': 71.0, 'temp': 5.9, 'wd': 0.0, 'ws': 0.0, 'ws_scalar': 0.0}","{'gas': {'co': 18156, 'co2': 13273, 'no': 18157, 'no2': 18158, 'o3': 18159}, 'pm': {'pm1': 13236, 'pm10': 13238, 'pm25': 13237}}",8.57,22.92,4.82,2.06,31.08,2.62,610222618,71.0,MOD-00625,5.9,2026-02-15T09:48:27,2026-02-15T01:48:27,https://api.quant-aq.com/v1/devices/MOD-00625/data/610222467
402.09,527.35,"{'lat': None, 'lon': None}","{'rh': 71.2, 'temp': 5.9, 'wd': 0.0, 'ws': 0.0, 'ws_scalar': 0.0}","{'gas': {'co': 18156, 'co2': 13273, 'no': 18157, 'no2': 18158, 'o3': 18159}, 'pm': {'pm1': 13236, 'pm10': 13238, 'pm25': 13237}}",10.85,22.89,3.43,1.83,37.45,2.53,610222620,71.2,MOD-00625,5.9,2026-02-15T09:47:27,2026-02-15T01:47:27,https://api.quant-aq.com/v1/devices/MOD-00625/data/610222469
372.9,521.09,"{'lat': None, 'lon': None}","{'rh': 71.3, 'temp': 5.9, 'wd': 0.0, 'ws': 0.0, 'ws_scalar': 0.0}","{'gas': {'co': 18156, 'co2': 13273, 'no': 18157, 'no2': 18158, 'o3': 18159}, 'pm': {'pm1': 13236, 'pm10': 13238, 'pm25': 13237}}",11.82,23.71,4.09,2.15,27.3,2.99,610222619,71.3,MOD-00625,5.9,2026-02-15T09:46:27,2026-02-15T01:46:27,https://api.quant-aq.com/v1/devices/MOD-00625/data/610222468
318.63,522.89,"{'lat': None, 'lon': None}","{'rh': 71.5, 'temp': 5.9, 'wd': 0.0, 'ws': 0.0, 'ws_scalar': 0.0}","{'gas': {'co': 18156, 'co2': 13273, 'no': 18157, 'no2': 18158, 'o3': 18159}, 'pm': {'pm1': 13236, 'pm10': 13238, 'pm25': 13237}}",13.13,23.68,3.62,2.22,28.51,3.14,610220426,71.5,MOD-00625,5.9,2026-02-15T09:45:27,2026-02-15T01:45:27,https://api.quant-aq.com/v1/devices/MOD-00625/data/610220275
308.3,520.97,"{'lat': None, 'lon': None}","{'rh': 71.6, 'temp': 5.9, 'wd': 0.0, 'ws': 0.0, 'ws_scalar': 0.0}","{'gas': {'co': 18156, 'co2': 13273, 'no': 18157, 'no2': 18158, 'o3': 18159}, 'pm': {'pm1': 13236, 'pm10': 13238, 'pm25': 13237}}",14.76,24.5,2.45,2.27,41.18,3.31,610220425,71.6,MOD-00625,5.9,2026-02-15T09:44:27,2026-02-15T01:44:27,https://api.quant-aq.com/v1/devices/MOD-00625/data/610220274
309.74,524.82,"{'lat': None, 'lon': None}","{'rh': 71.3, 'temp': 5.9, 'wd': 0.0, 'ws': 0.0, 'ws_scalar': 0.0}","{'gas': {'co': 18156, 'co2': 13273, 'no': 18157, 'no2': 18158, 'o3': 18159}, 'pm': {'pm1': 13236, 'pm10': 13238, 'pm25': 13237}}",15.41,24.55,2.48,2.09,49.2,2.9,610220423,71.3,MOD-00625,5.9,2026-02-15T09:43:27,2026-02-15T01:43:27,https://api.quant-aq.com/v1/devices/MOD-00625/data/610220272
311.24,525.18,"{'lat': None, 'lon': None}","{'rh': 71.5, 'temp': 5.9, 'wd': 0.0, 'ws': 0.0, 'ws_scalar': 0.0}","{'gas': {'co': 18156, 'co2': 13273, 'no': 18157, 'no2': 18158, 'o3': 18159}, 'pm': {'pm1': 13236, 'pm10': 13238, 'pm25': 13237}}",16.39,23.68,3.16,2.44,55.85,3.73,610220424,71.5,MOD-00625,5.9,2026-02-15T09:42:27,2026-02-15T01:42:27,https://api.quant-aq.com/v1/devices/MOD-00625/data/610220273
309.6,522.89,"{'lat': None, 'lon': None}","{'rh': 71.5, 'temp': 5.9, 'wd': 0.0, 'ws': 0.0, 'ws_scalar': 0.0}","{'gas': {'co': 18156, 'co2': 13273, 'no': 18157, 'no2': 18158, 'o3': 18159}, 'pm': {'pm1': 13236, 'pm10': 13238, 'pm25': 13237}}",17.04,24.94,3.71,2.19,29.34,3.45,610218140,71.5,MOD-00625,5.9,2026-02-15T09:41:27,2026-02-15T01:41:27,https://api.quant-aq.com/v1/devices/MOD-00625/data/610217989
308.92,523.86,"{'lat': None, 'lon': None}","{'rh': 71.3, 'temp': 5.9, 'wd': 0.0, 'ws': 0.0, 'ws_scalar': 0.0}","{'gas': {'co': 18156, 'co2': 13273, 'no': 18157, 'no2': 18158, 'o3': 18159}, 'pm': {'pm1': 13236, 'pm10': 13238, 'pm25': 13237}}",17.69,24.55,3.39,2.36,63.01,3.53,610218139,71.3,MOD-00625,5.9,2026-02-15T09:40:27,2026-02-15T01:40:27,https://api.quant-aq.com/v1/devices/MOD-00625/data/610217988
315.49,522.89,"{'lat': None, 'lon': None}","{'rh': 71.3, 'temp': 5.9, 'wd': 0.0, 'ws': 0.0, 'ws_scalar': 0.0}","{'gas': {'co': 18156, 'co2': 13273, 'no': 18157, 'no2': 18158, 'o3': 18159}, 'pm': {'pm1': 13236, 'pm10': 13238, 'pm25': 13237}}",18.99,24.55,3.85,2.02,52.39,3.44,610218141,71.3,MOD-00625,5.9,2026-02-15T09:39:27,2026-02-15T01:39:27,https://api.quant-aq.com/v1/devices/MOD-00625/data/610217990
308.99,520.6,"{'lat': None, 'lon': None}","{'rh': 71.2, 'temp': 5.9, 'wd': 0.0, 'ws': 0.0, 'ws_scalar': 0.0}","{'gas': {'co': 18156, 'co2': 13273, 'no': 18157, 'no2': 18158, 'o3': 18159}, 'pm': {'pm1': 13236, 'pm10': 13238, 'pm25': 13237}}",18.67,24.98,3.27,2.26,61.28,3.58,610218138,71.2,MOD-00625,5.9,2026-02-15T09:38:27,2026-02-15T01:38:27,https://api.quant-aq.com/v1/devices/MOD-00625/data/610217987
316.86,521.45,"{'lat': None, 'lon': None}","{'rh': 71.1, 'temp': 5.9, 'wd': 0.0, 'ws': 0.0, 'ws_scalar': 0.0}","{'gas': {'co': 18156, 'co2': 13273, 'no': 18157, 'no2': 18158, 'o3': 18159}, 'pm': {'pm1': 13236, 'pm10': 13238, 'pm25': 13237}}",18.99,23.74,3.65,3.02,49.09,4.35,610215922,71.1,MOD-00625,5.9,2026-02-15T09:37:27,2026-02-15T01:37:27,https://api.quant-aq.com/v1/devices/MOD-00625/data/610215771
310.1,523.49,"{'lat': None, 'lon': None}","{'rh': 70.8, 'temp': 5.9, 'wd': 0.0, 'ws': 0.0, 'ws_scalar': 0.0}","{'gas': {'co': 18156, 'co2': 13273, 'no': 18157, 'no2': 18158, 'o3': 18159}, 'pm': {'pm1': 13236, 'pm10': 13238, 'pm25': 13237}}",18.67,24.2,4.01,2.57,72.33,3.88,610215923,70.8,MOD-00625,5.9,2026-02-15T09:36:27,2026-02-15T01:36:27,https://api.quant-aq.com/v1/devices/MOD-00625/data/610215772
318.23,523.49,"{'lat': None, 'lon': None}","{'rh': 70.9, 'temp': 5.9, 'wd': 0.0, 'ws': 0.0, 'ws_scalar': 0.0}","{'gas': {'co': 18156, 'co2': 13273, 'no': 18157, 'no2': 18158, 'o3': 18159}, 'pm': {'pm1': 13236, 'pm10': 13238, 'pm25': 13237}}",19.65,24.19,3.54,2.2,52.63,3.58,610215924,70.9,MOD-00625,5.9,2026-02-15T09:35:27,2026-02-15T01:35:27,https://api.quant-aq.com/v1/devices/MOD-00625/data/610215773
319.53,526.02,"{'lat': None, 'lon': None}","{'rh': 70.8, 'temp': 5.9, 'wd': 0.0, 'ws': 0.0, 'ws_scalar': 0.0}","{'gas': {'co': 18156, 'co2': 13273, 'no': 18157, 'no2': 18158, 'o3': 18159}, 'pm': {'pm1': 13236, 'pm10': 13238, 'pm25': 13237}}",19.32,24.2,4.01,2.09,64.71,3.51,610215925,70.8,MOD-00625,5.9,2026-02-15T09:34:27,2026-02-15T01:34:27,https://api.quant-aq.com/v1/devices/MOD-00625/data/610215774
313.79,524.82,"{'lat': None, 'lon': None}","{'rh': 70.8, 'temp': 5.9, 'wd': 0.0, 'ws': 0.0, 'ws_scalar': 0.0}","{'gas': {'co': 18156, 'co2': 13273, 'no': 18157, 'no2': 18158, 'o3': 18159}, 'pm': {'pm1': 13236, 'pm10': 13238, 'pm25': 13237}}",20.62,22.95,5.29,2.35,92.7,3.97,610213715,70.8,MOD-00625,5.9,2026-02-15T09:33:27,2026-02-15T01:33:27,https://api.quant-aq.com/v1/devices/MOD-00625/data/610213564
313.58,522.89,"{'lat': None, 'lon': None}","{'rh': 71.1, 'temp': 5.9, 'wd': 0.0, 'ws': 0.0, 'ws_scalar': 0.0}","{'gas': {'co': 18156, 'co2': 13273, 'no': 18157, 'no2': 18158, 'o3': 18159}, 'pm': {'pm1': 13236, 'pm10': 13238, 'pm25': 13237}}",15.74,23.74,4.11,2.28,70.83,4.29,610213713,71.1,MOD-00625,5.9,2026-02-15T09:32:27,2026-02-15T01:32:27,https://api.quant-aq.com/v1/devices/MOD-00625/data/610213562
307.35,525.06,"{'lat': None, 'lon': None}","{'rh': 71.2, 'temp': 5.9, 'wd': 0.0, 'ws': 0.0, 'ws_scalar': 0.0}","{'gas': {'co': 18156, 'co2': 13273, 'no': 18157, 'no2': 18158, 'o3': 18159}, 'pm': {'pm1': 13236, 'pm10': 13238, 'pm25': 13237}}",13.13,23.3,3.31,2.23,78.09,5.22,610213716,71.2,MOD-00625,5.9,2026-02-15T09:31:27,2026-02-15T01:31:27,https://api.quant-aq.com/v1/devices/MOD-00625/data/610213565
307.62,521.21,"{'lat': None, 'lon': None}","{'rh': 71.4, 'temp': 5.9, 'wd': 0.0, 'ws': 0.0, 'ws_scalar': 0.0}","{'gas': {'co': 18156, 'co2': 13273, 'no': 18157, 'no2': 18158, 'o3': 18159}, 'pm': {'pm1': 13236, 'pm10': 13238, 'pm25': 13237}}",11.17,23.69,3.63,2.2,104.68,4.93,610213714,71.4,MOD-00625,5.9,2026-02-15T09:30:27,2026-02-15T01:30:27,https://api.quant-aq.com/v1/devices/MOD-00625/data/610213563
305.57,520.24,"{'lat': None, 'lon': None}","{'rh': 71.4, 'temp': 5.9, 'wd': 0.0, 'ws': 0.0, 'ws_scalar': 0.0}","{'gas': {'co': 18156, 'co2': 13273, 'no': 18157, 'no2': 18158, 'o3': 18159}, 'pm': {'pm1': 13236, 'pm10': 13238, 'pm25': 13237}}",11.82,23.27,3.75,2.12,142.74,4.7,610211482,71.4,MOD-00625,5.9,2026-02-15T09:29:27,2026-02-15T01:29:27,https://api.quant-aq.com/v1/devices/MOD-00625/data/610211331
309.94,521.57,"{'lat': None, 'lon': None}","{'rh': 71.6, 'temp': 5.9, 'wd': 0.0, 'ws': 0.0, 'ws_scalar': 0.0}","{'gas': {'co': 18156, 'co2': 13273, 'no': 18157, 'no2': 18158, 'o3': 18159}, 'pm': {'pm1': 13236, 'pm10': 13238, 'pm25': 13237}}",14.11,24.08,3.49,2.06,141.1,5.47,610211481,71.6,MOD-00625,5.9,2026-02-15T09:28:27,2026-02-15T01:28:27,https://api.quant-aq.com/v1/devices/MOD-00625/data/610211330
314.24,523.13,"{'lat': None, 'lon': None}","{'rh': 71.9, 'temp': 5.9, 'wd': 0.0, 'ws': 0.0, 'ws_scalar': 0.0}","{'gas': {'co': 18156, 'co2': 13273, 'no': 18157, 'no2': 18158, 'o3': 18159}, 'pm': {'pm1': 13236, 'pm10': 13238, 'pm25': 13237}}",15.74,24.04,3.01,1.87,88.01,4.38,610211480,71.9,MOD-00625,5.9,2026-02-15T09:27:27,2026-02-15T01:27:27,https://api.quant-aq.com/v1/devices/MOD-00625/data/610211329
310.48,521.09,"{'lat': None, 'lon': None}","{'rh': 72.0, 'temp': 5.9, 'wd': 0.0, 'ws': 0.0, 'ws_scalar': 0.0}","{'gas': {'co': 18156, 'co2': 13273, 'no': 18157, 'no2': 18158, 'o3': 18159}, 'pm': {'pm1': 13236, 'pm10': 13238, 'pm25': 13237}}",15.08,23.18,4.16,1.75,88.89,3.7,610211479,72.0,MOD-00625,5.9,2026-02-15T09:26:27,2026-02-15T01:26:27,https://api.quant-aq.com/v1/devices/MOD-00625/data/610211328
309.45,520.36,"{'lat': None, 'lon': None}","{'rh': 72.3, 'temp': 5.9, 'wd': 0.0, 'ws': 0.0, 'ws_scalar': 0.0}","{'gas': {'co': 18156, 'co2': 13273, 'no': 18157, 'no2': 18158, 'o3': 18159}, 'pm': {'pm1': 13236, 'pm10': 13238, 'pm25': 13237}}",13.78,22.72,4.26,1.82,85.84,3.34,610209262,72.3,MOD-00625,5.9,2026-02-15T09:25:27,2026-02-15T01:25:27,https://api.quant-aq.com/v1/devices/MOD-00625/data/610209110
312.32,521.69,"{'lat': None, 'lon': None}","{'rh': 72.3, 'temp': 5.9, 'wd': 0.0, 'ws': 0.0, 'ws_scalar': 0.0}","{'gas': {'co': 18156, 'co2': 13273, 'no': 18157, 'no2': 18158, 'o3': 18159}, 'pm': {'pm1': 13236, 'pm10': 13238, 'pm25': 13237}}",12.48,23.13,4.14,1.79,50.09,3.31,610209261,72.3,MOD-00625,5.9,2026-02-15T09:24:27,2026-02-15T01:24:27,https://api.quant-aq.com/v1/devices/MOD-00625/data/610209108
312.8,520.84,"{'lat': None, 'lon': None}","{'rh': 72.2, 'temp': 5.9, 'wd': 0.0, 'ws': 0.0, 'ws_scalar': 0.0}","{'gas': {'co': 18156, 'co2': 13273, 'no': 18157, 'no2': 18158, 'o3': 18159}, 'pm': {'pm1': 13236, 'pm10': 13238, 'pm25': 13237}}",11.17,23.57,4.02,2.08,64.77,3.48,610209260,72.2,MOD-00625,5.9,2026-02-15T09:23:27,2026-02-15T01:23:27,https://api.quant-aq.com/v1/devices/MOD-00625/data/610209109
311.36,521.45,"{'lat': None, 'lon': None}","{'rh': 72.5, 'temp': 5.9, 'wd': 0.0, 'ws': 0.0, 'ws_scalar': 0.0}","{'gas': {'co': 18156, 'co2': 13273, 'no': 18157, 'no2': 18158, 'o3': 18159}, 'pm': {'pm1': 13236, 'pm10': 13238, 'pm25': 13237}}",11.83,22.27,3.46,1.93,75.49,3.84,610209259,72.5,MOD-00625,5.9,2026-02-15T09:22:27,2026-02-15T01:22:27,https://api.quant-aq.com/v1/devices/MOD-00625/data/610209111
319.7,522.17,"{'lat': None, 'lon': None}","{'rh': 72.3, 'temp': 5.9, 'wd': 0.0, 'ws': 0.0, 'ws_scalar': 0.0}","{'gas': {'co': 18156, 'co2': 13273, 'no': 18157, 'no2': 18158, 'o3': 18159}, 'pm': {'pm1': 13236, 'pm10': 13238, 'pm25': 13237}}",11.5,23.55,4.47,1.83,101.23,3.37,610206989,72.3,MOD-00625,5.9,2026-02-15T09:21:27,2026-02-15T01:21:27,https://api.quant-aq.com/v1/devices/MOD-00625/data/610206839
319.15,523.86,"{'lat': None, 'lon': None}","{'rh': 72.5, 'temp': 5.9, 'wd': 0.0, 'ws': 0.0, 'ws_scalar': 0.0}","{'gas': {'co': 18156, 'co2': 13273, 'no': 18157, 'no2': 18158, 'o3': 18159}, 'pm': {'pm1': 13236, 'pm10': 13238, 'pm25': 13237}}",12.15,22.27,4.37,2.4,74.67,3.8,610206990,72.5,MOD-00625,5.9,2026-02-15T09:20:27,2026-02-15T01:20:27,https://api.quant-aq.com/v1/devices/MOD-00625/data/610206838
312.59,521.69,"{'lat': None, 'lon': None}","{'rh': 72.5, 'temp': 5.9, 'wd': 0.0, 'ws': 0.0, 'ws_scalar': 0.0}","{'gas': {'co': 18156, 'co2': 13273, 'no': 18157, 'no2': 18158, 'o3': 18159}, 'pm': {'pm1': 13236, 'pm10': 13238, 'pm25': 13237}}",10.2,21.43,5.07,2.17,37.92,3.12,610206991,72.5,MOD-00625,5.9,2026-02-15T09:19:27,2026-02-15T01:19:27,https://api.quant-aq.com/v1/devices/MOD-00625/data/610206840
323.66,523.98,"{'lat': None, 'lon': None}","{'rh': 72.5, 'temp': 5.9, 'wd': 0.0, 'ws': 0.0, 'ws_scalar': 0.0}","{'gas': {'co': 18156, 'co2': 13273, 'no': 18157, 'no2': 18158, 'o3': 18159}, 'pm': {'pm1': 13236, 'pm10': 13238, 'pm25': 13237}}",6.94,22.68,5.62,1.8,20.22,2.24,610206988,72.5,MOD-00625,5.9,2026-02-15T09:18:27,2026-02-15T01:18:27,https://api.quant-aq.com/v1/devices/MOD-00625/data/610206835
317.85,521.09,"{'lat': None, 'lon': None}","{'rh': 72.6, 'temp': 5.9, 'wd': 0.0, 'ws': 0.0, 'ws_scalar': 0.0}","{'gas': {'co': 18156, 'co2': 13273, 'no': 18157, 'no2': 18158, 'o3': 18159}, 'pm': {'pm1': 13236, 'pm10': 13238, 'pm25': 13237}}",8.24,21.83,4.49,1.94,7.44,2.35,610204750,72.6,MOD-00625,5.9,2026-02-15T09:17:27,2026-02-15T01:17:27,https://api.quant-aq.com/v1/devices/MOD-00625/data/610204599
321.95,521.33,"{'lat': None, 'lon': None}","{'rh': 72.6, 'temp': 5.9, 'wd': 0.0, 'ws': 0.0, 'ws_scalar': 0.0}","{'gas': {'co': 18156, 'co2': 13273, 'no': 18157, 'no2': 18158, 'o3': 18159}, 'pm': {'pm1': 13236, 'pm10': 13238, 'pm25': 13237}}",7.59,22.25,5.73,2.06,6.54,2.24,610204748,72.6,MOD-00625,5.9,2026-02-15T09:16:27,2026-02-15T01:16:27,https://api.quant-aq.com/v1/devices/MOD-00625/data/610204597
324.07,521.57,"{'lat': None, 'lon': None}","{'rh': 72.5, 'temp': 5.9, 'wd': 0.0, 'ws': 0.0, 'ws_scalar': 0.0}","{'gas': {'co': 18156, 'co2': 13273, 'no': 18157, 'no2': 18158, 'o3': 18159}, 'pm': {'pm1': 13236, 'pm10': 13238, 'pm25': 13237}}",9.54,23.1,5.49,2.44,4.53,2.71,610204749,72.5,MOD-00625,5.9,2026-02-15T09:15:27,2026-02-15T01:15:27,https://api.quant-aq.com/v1/devices/MOD-00625/data/610204598
322.71,520.84,"{'lat': None, 'lon': None}","{'rh': 72.1, 'temp': 5.9, 'wd': 0.0, 'ws': 0.0, 'ws_scalar': 0.0}","{'gas': {'co': 18156, 'co2': 13273, 'no': 18157, 'no2': 18158, 'o3': 18159}, 'pm': {'pm1': 13236, 'pm10': 13238, 'pm25': 13237}}",8.89,21.91,5.44,1.63,2.53,1.84,610204747,72.1,MOD-00625,5.9,2026-02-15T09:14:27,2026-02-15T01:14:27,https://api.quant-aq.com/v1/devices/MOD-00625/data/610204596
317.79,517.11,"{'lat': None, 'lon': None}","{'rh': 72.1, 'temp': 5.9, 'wd': 0.0, 'ws': 0.0, 'ws_scalar': 0.0}","{'gas': {'co': 18156, 'co2': 13273, 'no': 18157, 'no2': 18158, 'o3': 18159}, 'pm': {'pm1': 13236, 'pm10': 13238, 'pm25': 13237}}",8.57,22.33,5.31,1.49,5.53,1.65,610202574,72.1,MOD-00625,5.9,2026-02-15T09:13:27,2026-02-15T01:13:27,https://api.quant-aq.com/v1/devices/MOD-00625/data/610202423
307.88,518.8,"{'lat': None, 'lon': None}","{'rh': 72.2, 'temp': 5.9, 'wd': 0.0, 'ws': 0.0, 'ws_scalar': 0.0}","{'gas': {'co': 18156, 'co2': 13273, 'no': 18157, 'no2': 18158, 'o3': 18159}, 'pm': {'pm1': 13236, 'pm10': 13238, 'pm25': 13237}}",7.91,21.05,6.13,1.45,25.29,1.6,610202572,72.2,MOD-00625,5.9,2026-02-15T09:12:27,2026-02-15T01:12:27,https://api.quant-aq.com/v1/devices/MOD-00625/data/610202422
307.2,521.21,"{'lat': None, 'lon': None}","{'rh': 72.0, 'temp': 5.9, 'wd': 0.0, 'ws': 0.0, 'ws_scalar': 0.0}","{'gas': {'co': 18156, 'co2': 13273, 'no': 18157, 'no2': 18158, 'o3': 18159}, 'pm': {'pm1': 13236, 'pm10': 13238, 'pm25': 13237}}",7.26,21.5,6.48,1.45,8.44,1.63,610202571,72.0,MOD-00625,5.9,2026-02-15T09:11:27,2026-02-15T01:11:27,https://api.quant-aq.com/v1/devices/MOD-00625/data/610202421
308.98,523.74,"{'lat': None, 'lon': None}","{'rh': 71.8, 'temp': 5.9, 'wd': 0.0, 'ws': 0.0, 'ws_scalar': 0.0}","{'gas': {'co': 18156, 'co2': 13273, 'no': 18157, 'no2': 18158, 'o3': 18159}, 'pm': {'pm1': 13236, 'pm10': 13238, 'pm25': 13237}}",7.59,21.95,6.37,1.57,14.52,1.68,610202570,71.8,MOD-00625,5.9,2026-02-15T09:10:27,2026-02-15T01:10:27,https://api.quant-aq.com/v1/devices/MOD-00625/data/610202419
301.47,519.04,"{'lat': None, 'lon': None}","{'rh': 71.4, 'temp': 5.9, 'wd': 0.0, 'ws': 0.0, 'ws_scalar': 0.0}","{'gas': {'co': 18156, 'co2': 13273, 'no': 18157, 'no2': 18158, 'o3': 18159}, 'pm': {'pm1': 13236, 'pm10': 13238, 'pm25': 13237}}",8.24,21.6,6.07,1.79,2.98,2.02,610200321,71.4,MOD-00625,5.9,2026-02-15T09:09:27,2026-02-15T01:09:27,https://api.quant-aq.com/v1/devices/MOD-00625/data/610200170
301.47,519.4,"{'lat': None, 'lon': None}","{'rh': 71.4, 'temp': 5.9, 'wd': 0.0, 'ws': 0.0, 'ws_scalar': 0.0}","{'gas': {'co': 18156, 'co2': 13273, 'no': 18157, 'no2': 18158, 'o3': 18159}, 'pm': {'pm1': 13236, 'pm10': 13238, 'pm25': 13237}}",7.59,21.18,6.65,1.6,3.23,1.89,610200324,71.4,MOD-00625,5.9,2026-02-15T09:08:27,2026-02-15T01:08:27,https://api.quant-aq.com/v1/devices/MOD-00625/data/610200173
305.3,518.07,"{'lat': None, 'lon': None}","{'rh': 71.2, 'temp': 5.9, 'wd': 0.0, 'ws': 0.0, 'ws_scalar': 0.0}","{'gas': {'co': 18156, 'co2': 13273, 'no': 18157, 'no2': 18158, 'o3': 18159}, 'pm': {'pm1': 13236, 'pm10': 13238, 'pm25': 13237}}",6.94,20.02,7.03,1.43,17.4,1.74,610200323,71.2,MOD-00625,5.9,2026-02-15T09:07:27,2026-02-15T01:07:27,https://api.quant-aq.com/v1/devices/MOD-00625/data/610200172
299.7,519.16,"{'lat': None, 'lon': None}","{'rh': 71.0, 'temp': 5.9, 'wd': 0.0, 'ws': 0.0, 'ws_scalar': 0.0}","{'gas': {'co': 18156, 'co2': 13273, 'no': 18157, 'no2': 18158, 'o3': 18159}, 'pm': {'pm1': 13236, 'pm10': 13238, 'pm25': 13237}}",5.96,20.05,7.5,1.21,9.51,1.44,610200322,71.0,MOD-00625,5.9,2026-02-15T09:06:27,2026-02-15T01:06:27,https://api.quant-aq.com/v1/devices/MOD-00625/data/610200171
301.82,518.07,"{'lat': None, 'lon': None}","{'rh': 70.9, 'temp': 5.9, 'wd': 0.0, 'ws': 0.0, 'ws_scalar': 0.0}","{'gas': {'co': 18156, 'co2': 13273, 'no': 18157, 'no2': 18158, 'o3': 18159}, 'pm': {'pm1': 13236, 'pm10': 13238, 'pm25': 13237}}",7.26,20.06,8.42,1.36,23.06,1.66,610198073,70.9,MOD-00625,5.9,2026-02-15T09:05:27,2026-02-15T01:05:27,https://api.quant-aq.com/v1/devices/MOD-00625/data/610197922
305.17,519.88,"{'lat': None, 'lon': None}","{'rh': 70.8, 'temp': 5.9, 'wd': 0.0, 'ws': 0.0, 'ws_scalar': 0.0}","{'gas': {'co': 18156, 'co2': 13273, 'no': 18157, 'no2': 18158, 'o3': 18159}, 'pm': {'pm1': 13236, 'pm10': 13238, 'pm25': 13237}}",5.31,19.74,7.64,1.64,23.84,1.94,610198074,70.8,MOD-00625,5.9,2026-02-15T09:04:27,2026-02-15T01:04:27,https://api.quant-aq.com/v1/devices/MOD-00625/data/610197923
314.68,521.45,"{'lat': None, 'lon': None}","{'rh': 70.7, 'temp': 5.9, 'wd': 0.0, 'ws': 0.0, 'ws_scalar': 0.0}","{'gas': {'co': 18156, 'co2': 13273, 'no': 18157, 'no2': 18158, 'o3': 18159}, 'pm': {'pm1': 13236, 'pm10': 13238, 'pm25': 13237}}",6.94,19.75,7.65,1.88,59.22,2.56,610198072,70.7,MOD-00625,5.9,2026-02-15T09:03:27,2026-02-15T01:03:27,https://api.quant-aq.com/v1/devices/MOD-00625/data/610197921
305.92,520.36,"{'lat': None, 'lon': None}","{'rh': 70.9, 'temp': 5.9, 'wd': 0.0, 'ws': 0.0, 'ws_scalar': 0.0}","{'gas': {'co': 18156, 'co2': 13273, 'no': 18157, 'no2': 18158, 'o3': 18159}, 'pm': {'pm1': 13236, 'pm10': 13238, 'pm25': 13237}}",8.57,20.44,6.02,1.76,47.96,2.86,610198075,70.9,MOD-00625,5.9,2026-02-15T09:02:27,2026-02-15T01:02:27,https://api.quant-aq.com/v1/devices/MOD-00625/data/610197924
300.32,518.32,"{'lat': None, 'lon': None}","{'rh': 70.7, 'temp': 5.9, 'wd': 0.0, 'ws': 0.0, 'ws_scalar': 0.0}","{'gas': {'co': 18156, 'co2': 13273, 'no': 18157, 'no2': 18158, 'o3': 18159}, 'pm': {'pm1': 13236, 'pm10': 13238, 'pm25': 13237}}",9.87,21.29,6.7,1.7,43.44,3.14,610195818,70.7,MOD-00625,5.9,2026-02-15T09:01:27,2026-02-15T01:01:27,https://api.quant-aq.com/v1/devices/MOD-00625/data/610195667
303.12,520.97,"{'lat': None, 'lon': None}","{'rh': 70.8, 'temp': 5.9, 'wd': 0.0, 'ws': 0.0, 'ws_scalar': 0.0}","{'gas': {'co': 18156, 'co2': 13273, 'no': 18157, 'no2': 18158, 'o3': 18159}, 'pm': {'pm1': 13236, 'pm10': 13238, 'pm25': 13237}}",8.89,20.86,6.36,2.26,47.18,3.22,610195819,70.8,MOD-00625,5.9,2026-02-15T09:00:27,2026-02-15T01:00:27,https://api.quant-aq.com/v1/devices/MOD-00625/data/610195668
300.05,519.4,"{'lat': None, 'lon': None}","{'rh': 70.5, 'temp': 5.9, 'wd': 0.0, 'ws': 0.0, 'ws_scalar': 0.0}","{'gas': {'co': 18156, 'co2': 13273, 'no': 18157, 'no2': 18158, 'o3': 18159}, 'pm': {'pm1': 13236, 'pm10': 13238, 'pm25': 13237}}",9.22,21.74,5.22,1.7,75.89,3.04,610195817,70.5,MOD-00625,5.9,2026-02-15T08:59:27,2026-02-15T00:59:27,https://api.quant-aq.com/v1/devices/MOD-00625/data/610195666
297.59,518.92,"{'lat': None, 'lon': None}","{'rh': 70.5, 'temp': 5.9, 'wd': 0.0, 'ws': 0.0, 'ws_scalar': 0.0}","{'gas': {'co': 18156, 'co2': 13273, 'no': 18157, 'no2': 18158, 'o3': 18159}, 'pm': {'pm1': 13236, 'pm10': 13238, 'pm25': 13237}}",7.26,21.74,6.14,1.95,123.97,3.73,610195816,70.5,MOD-00625,5.9,2026-02-15T08:58:27,2026-02-15T00:58:27,https://api.quant-aq.com/v1/devices/MOD-00625/data/610195665
305.87,519.16,"{'lat': None, 'lon': None}","{'rh': 70.4, 'temp': 5.9, 'wd': 0.0, 'ws': 0.0, 'ws_scalar': 0.0}","{'gas': {'co': 18156, 'co2': 13273, 'no': 18157, 'no2': 18158, 'o3': 18159}, 'pm': {'pm1': 13236, 'pm10': 13238, 'pm25': 13237}}",8.57,20.52,5.6,2.18,55.87,3.46,610193555,70.4,MOD-00625,5.9,2026-02-15T08:57:27,2026-02-15T00:57:27,https://api.quant-aq.com/v1/devices/MOD-00625/data/610193404
304.37,518.92,"{'lat': None, 'lon': None}","{'rh': 70.2, 'temp': 5.9, 'wd': 0.0, 'ws': 0.0, 'ws_scalar': 0.0}","{'gas': {'co': 18156, 'co2': 13273, 'no': 18157, 'no2': 18158, 'o3': 18159}, 'pm': {'pm1': 13236, 'pm10': 13238, 'pm25': 13237}}",9.22,21.36,6.74,2.03,25.26,2.97,610193553,70.2,MOD-00625,5.9,2026-02-15T08:56:27,2026-02-15T00:56:27,https://api.quant-aq.com/v1/devices/MOD-00625/data/610193402
305.3,520.24,"{'lat': None, 'lon': None}","{'rh': 70.2, 'temp': 6.0, 'wd': 0.0, 'ws': 0.0, 'ws_scalar': 0.0}","{'gas': {'co': 18156, 'co2': 13273, 'no': 18157, 'no2': 18158, 'o3': 18159}, 'pm': {'pm1': 13236, 'pm10': 13238, 'pm25': 13237}}",9.2,22.23,5.11,1.99,25.51,2.53,610193554,70.2,MOD-00625,6.0,2026-02-15T08:55:27,2026-02-15T00:55:27,https://api.quant-aq.com/v1/devices/MOD-00625/data/610193403
317.67,524.58,"{'lat': None, 'lon': None}","{'rh': 70.1, 'temp': 6.0, 'wd': 0.0, 'ws': 0.0, 'ws_scalar': 0.0}","{'gas': {'co': 18156, 'co2': 13273, 'no': 18157, 'no2': 18158, 'o3': 18159}, 'pm': {'pm1': 13236, 'pm10': 13238, 'pm25': 13237}}",10.17,20.99,5.49,2.47,8.68,2.64,610193552,70.1,MOD-00625,6.0,2026-02-15T08:54:27,2026-02-15T00:54:27,https://api.quant-aq.com/v1/devices/MOD-00625/data/610193401
327.37,525.78,"{'lat': None, 'lon': None}","{'rh': 70.3, 'temp': 6.0, 'wd': 0.0, 'ws': 0.0, 'ws_scalar': 0.0}","{'gas': {'co': 18156, 'co2': 13273, 'no': 18157, 'no2': 18158, 'o3': 18159}, 'pm': {'pm1': 13236, 'pm10': 13238, 'pm25': 13237}}",8.54,22.21,5.1,2.59,3.07,2.69,610191342,70.3,MOD-00625,6.0,2026-02-15T08:53:27,2026-02-15T00:53:27,https://api.quant-aq.com/v1/devices/MOD-00625/data/610191191
333.45,530.36,"{'lat': None, 'lon': None}","{'rh': 70.4, 'temp': 6.0, 'wd': 0.0, 'ws': 0.0, 'ws_scalar': 0.0}","{'gas': {'co': 18156, 'co2': 13273, 'no': 18157, 'no2': 18158, 'o3': 18159}, 'pm': {'pm1': 13236, 'pm10': 13238, 'pm25': 13237}}",5.94,22.61,5.43,2.62,3.28,2.71,610191341,70.4,MOD-00625,6.0,2026-02-15T08:52:27,2026-02-15T00:52:27,https://api.quant-aq.com/v1/devices/MOD-00625/data/610191190
332.77,528.19,"{'lat': None, 'lon': None}","{'rh': 70.2, 'temp': 6.0, 'wd': 0.0, 'ws': 0.0, 'ws_scalar': 0.0}","{'gas': {'co': 18156, 'co2': 13273, 'no': 18157, 'no2': 18158, 'o3': 18159}, 'pm': {'pm1': 13236, 'pm10': 13238, 'pm25': 13237}}",6.59,21.81,5.69,2.51,2.85,2.73,610191340,70.2,MOD-00625,6.0,2026-02-15T08:51:27,2026-02-15T00:51:27,https://api.quant-aq.com/v1/devices/MOD-00625/data/610191189
331.33,530.6,"{'lat': None, 'lon': None}","{'rh': 70.5, 'temp': 6.0, 'wd': 0.0, 'ws': 0.0, 'ws_scalar': 0.0}","{'gas': {'co': 18156, 'co2': 13273, 'no': 18157, 'no2': 18158, 'o3': 18159}, 'pm': {'pm1': 13236, 'pm10': 13238, 'pm25': 13237}}",5.94,21.76,5.67,3.03,3.28,3.19,610191339,70.5,MOD-00625,6.0,2026-02-15T08:50:27,2026-02-15T00:50:27,https://api.quant-aq.com/v1/devices/MOD-00625/data/610191188
328.53,526.99,"{'lat': None, 'lon': None}","{'rh': 70.4, 'temp': 6.0, 'wd': 0.0, 'ws': 0.0, 'ws_scalar': 0.0}","{'gas': {'co': 18156, 'co2': 13273, 'no': 18157, 'no2': 18158, 'o3': 18159}, 'pm': {'pm1': 13236, 'pm10': 13238, 'pm25': 13237}}",4.36,23.03,6.67,3.61,3.67,3.67,610189089,70.4,MOD-00625,6.0,2026-02-15T08:49:27,2026-02-15T00:49:27,https://api.quant-aq.com/v1/devices/MOD-00625/data/610188939
336.13,527.47,"{'lat': None, 'lon': None}","{'rh': 70.1, 'temp': 6.0, 'wd': 0.0, 'ws': 0.0, 'ws_scalar': 0.0}","{'gas': {'co': 18156, 'co2': 13273, 'no': 18157, 'no2': 18158, 'o3': 18159}, 'pm': {'pm1': 13236, 'pm10': 13238, 'pm25': 13237}}",6.59,21.82,5.24,2.61,3.21,2.73,610189088,70.1,MOD-00625,6.0,2026-02-15T08:48:27,2026-02-15T00:48:27,https://api.quant-aq.com/v1/devices/MOD-00625/data/610188937
338.52,530.24,"{'lat': None, 'lon': None}","{'rh': 70.2, 'temp': 6.0, 'wd': 0.0, 'ws': 0.0, 'ws_scalar': 0.0}","{'gas': {'co': 18156, 'co2': 13273, 'no': 18157, 'no2': 18158, 'o3': 18159}, 'pm': {'pm1': 13236, 'pm10': 13238, 'pm25': 13237}}",7.89,22.64,4.99,2.74,3.98,2.94,610189091,70.2,MOD-00625,6.0,2026-02-15T08:47:27,2026-02-15T00:47:27,https://api.quant-aq.com/v1/devices/MOD-00625/data/610188940
359.43,534.82,"{'lat': None, 'lon': None}","{'rh': 70.2, 'temp': 6.0, 'wd': 0.0, 'ws': 0.0, 'ws_scalar': 0.0}","{'gas': {'co': 18156, 'co2': 13273, 'no': 18157, 'no2': 18158, 'o3': 18159}, 'pm': {'pm1': 13236, 'pm10': 13238, 'pm25': 13237}}",11.15,23.9,3.71,1.98,3.29,2.09,610189090,70.2,MOD-00625,6.0,2026-02-15T08:46:27,2026-02-15T00:46:27,https://api.quant-aq.com/v1/devices/MOD-00625/data/610188938
354.1,534.33,"{'lat': None, 'lon': None}","{'rh': 70.2, 'temp': 6.0, 'wd': 0.0, 'ws': 0.0, 'ws_scalar': 0.0}","{'gas': {'co': 18156, 'co2': 13273, 'no': 18157, 'no2': 18158, 'o3': 18159}, 'pm': {'pm1': 13236, 'pm10': 13238, 'pm25': 13237}}",13.43,23.9,2.79,2.09,2.52,2.23,610186868,70.2,MOD-00625,6.0,2026-02-15T08:45:27,2026-02-15T00:45:27,https://api.quant-aq.com/v1/devices/MOD-00625/data/610186718
361.41,534.7,"{'lat': None, 'lon': None}","{'rh': 70.3, 'temp': 6.0, 'wd': 0.0, 'ws': 0.0, 'ws_scalar': 0.0}","{'gas': {'co': 18156, 'co2': 13273, 'no': 18157, 'no2': 18158, 'o3': 18159}, 'pm': {'pm1': 13236, 'pm10': 13238, 'pm25': 13237}}",13.11,23.89,1.87,2.8,3.91,2.91,610186867,70.3,MOD-00625,6.0,2026-02-15T08:44:27,2026-02-15T00:44:27,https://api.quant-aq.com/v1/devices/MOD-00625/data/610186716
382.32,533.01,"{'lat': None, 'lon': None}","{'rh': 70.9, 'temp': 6.0, 'wd': 0.0, 'ws': 0.0, 'ws_scalar': 0.0}","{'gas': {'co': 18156, 'co2': 13273, 'no': 18157, 'no2': 18158, 'o3': 18159}, 'pm': {'pm1': 13236, 'pm10': 13238, 'pm25': 13237}}",18.97,24.21,2.16,2.49,2.63,2.6,610186870,70.9,MOD-00625,6.0,2026-02-15T08:43:27,2026-02-15T00:43:27,https://api.quant-aq.com/v1/devices/MOD-00625/data/610186719
384.1,538.67,"{'lat': None, 'lon': None}","{'rh': 70.7, 'temp': 6.0, 'wd': 0.0, 'ws': 0.0, 'ws_scalar': 0.0}","{'gas': {'co': 18156, 'co2': 13273, 'no': 18157, 'no2': 18158, 'o3': 18159}, 'pm': {'pm1': 13236, 'pm10': 13238, 'pm25': 13237}}",20.28,24.24,2.63,2.23,8.0,2.38,610186869,70.7,MOD-00625,6.0,2026-02-15T08:42:27,2026-02-15T00:42:27,https://api.quant-aq.com/v1/devices/MOD-00625/data/610186717
378.33,534.58,"{'lat': None, 'lon': None}","{'rh': 70.9, 'temp': 6.1, 'wd': 0.0, 'ws': 0.0, 'ws_scalar': 0.0}","{'gas': {'co': 18156, 'co2': 13273, 'no': 18157, 'no2': 18158, 'o3': 18159}, 'pm': {'pm1': 13236, 'pm10': 13238, 'pm25': 13237}}",17.65,25.08,2.82,2.04,7.79,2.08,610184631,70.9,MOD-00625,6.1,2026-02-15T08:41:27,2026-02-15T00:41:27,https://api.quant-aq.com/v1/devices/MOD-00625/data/610184480
388.38,536.14,"{'lat': None, 'lon': None}","{'rh': 70.6, 'temp': 6.1, 'wd': 0.0, 'ws': 0.0, 'ws_scalar': 0.0}","{'gas': {'co': 18156, 'co2': 13273, 'no': 18157, 'no2': 18158, 'o3': 18159}, 'pm': {'pm1': 13236, 'pm10': 13238, 'pm25': 13237}}",17.97,25.12,2.84,2.54,3.1,2.76,610184630,70.6,MOD-00625,6.1,2026-02-15T08:40:27,2026-02-15T00:40:27,https://api.quant-aq.com/v1/devices/MOD-00625/data/610184479
388.66,535.66,"{'lat': None, 'lon': None}","{'rh': 70.2, 'temp': 6.1, 'wd': 0.0, 'ws': 0.0, 'ws_scalar': 0.0}","{'gas': {'co': 18156, 'co2': 13273, 'no': 18157, 'no2': 18158, 'o3': 18159}, 'pm': {'pm1': 13236, 'pm10': 13238, 'pm25': 13237}}",17.65,24.76,2.08,2.27,3.41,2.53,610184628,70.2,MOD-00625,6.1,2026-02-15T08:39:27,2026-02-15T00:39:27,https://api.quant-aq.com/v1/devices/MOD-00625/data/610184477
399.59,533.85,"{'lat': None, 'lon': None}","{'rh': 70.4, 'temp': 6.1, 'wd': 0.0, 'ws': 0.0, 'ws_scalar': 0.0}","{'gas': {'co': 18156, 'co2': 13273, 'no': 18157, 'no2': 18158, 'o3': 18159}, 'pm': {'pm1': 13236, 'pm10': 13238, 'pm25': 13237}}",20.25,24.31,2.64,2.12,3.05,2.38,610184629,70.4,MOD-00625,6.1,2026-02-15T08:38:27,2026-02-15T00:38:27,https://api.quant-aq.com/v1/devices/MOD-00625/data/610184478
407.73,535.78,"{'lat': None, 'lon': None}","{'rh': 70.5, 'temp': 6.1, 'wd': 0.0, 'ws': 0.0, 'ws_scalar': 0.0}","{'gas': {'co': 18156, 'co2': 13273, 'no': 18157, 'no2': 18158, 'o3': 18159}, 'pm': {'pm1': 13236, 'pm10': 13238, 'pm25': 13237}}",20.58,24.3,1.72,2.31,8.6,2.47,610182365,70.5,MOD-00625,6.1,2026-02-15T08:37:27,2026-02-15T00:37:27,https://api.quant-aq.com/v1/devices/MOD-00625/data/610182214
428.29,537.83,"{'lat': None, 'lon': None}","{'rh': 71.0, 'temp': 6.1, 'wd': 0.0, 'ws': 0.0, 'ws_scalar': 0.0}","{'gas': {'co': 18156, 'co2': 13273, 'no': 18157, 'no2': 18158, 'o3': 18159}, 'pm': {'pm1': 13236, 'pm10': 13238, 'pm25': 13237}}",23.28,25.06,2.35,2.87,5.99,3.1,610182366,71.0,MOD-00625,6.1,2026-02-15T08:36:27,2026-02-15T00:36:27,https://api.quant-aq.com/v1/devices/MOD-00625/data/610182215
453.24,540.24,"{'lat': None, 'lon': None}","{'rh': 71.1, 'temp': 6.1, 'wd': 0.0, 'ws': 0.0, 'ws_scalar': 0.0}","{'gas': {'co': 18156, 'co2': 13273, 'no': 18157, 'no2': 18158, 'o3': 18159}, 'pm': {'pm1': 13236, 'pm10': 13238, 'pm25': 13237}}",25.05,25.05,2.34,2.41,3.23,2.49,610182364,71.1,MOD-00625,6.1,2026-02-15T08:35:27,2026-02-15T00:35:27,https://api.quant-aq.com/v1/devices/MOD-00625/data/610182213
468.21,539.75,"{'lat': None, 'lon': None}","{'rh': 70.8, 'temp': 6.1, 'wd': 0.0, 'ws': 0.0, 'ws_scalar': 0.0}","{'gas': {'co': 18156, 'co2': 13273, 'no': 18157, 'no2': 18158, 'o3': 18159}, 'pm': {'pm1': 13236, 'pm10': 13238, 'pm25': 13237}}",27.88,24.67,4.31,2.66,3.43,2.9,610182367,70.8,MOD-00625,6.1,2026-02-15T08:34:27,2026-02-15T00:34:27,https://api.quant-aq.com/v1/devices/MOD-00625/data/610182216
463.02,536.38,"{'lat': None, 'lon': None}","{'rh': 70.6, 'temp': 6.1, 'wd': 0.0, 'ws': 0.0, 'ws_scalar': 0.0}","{'gas': {'co': 18156, 'co2': 13273, 'no': 18157, 'no2': 18158, 'o3': 18159}, 'pm': {'pm1': 13236, 'pm10': 13238, 'pm25': 13237}}",34.61,23.45,3.79,3.09,3.41,3.32,610180176,70.6,MOD-00625,6.1,2026-02-15T08:33:27,2026-02-15T00:33:27,https://api.quant-aq.com/v1/devices/MOD-00625/data/610180025
420.37,531.56,"{'lat': None, 'lon': None}","{'rh': 70.6, 'temp': 6.1, 'wd': 0.0, 'ws': 0.0, 'ws_scalar': 0.0}","{'gas': {'co': 18156, 'co2': 13273, 'no': 18157, 'no2': 18158, 'o3': 18159}, 'pm': {'pm1': 13236, 'pm10': 13238, 'pm25': 13237}}",18.63,25.12,2.38,2.47,3.22,2.61,610180175,70.6,MOD-00625,6.1,2026-02-15T08:32:27,2026-02-15T00:32:27,https://api.quant-aq.com/v1/devices/MOD-00625/data/610180024
433.83,536.98,"{'lat': None, 'lon': None}","{'rh': 70.7, 'temp': 6.1, 'wd': 0.0, 'ws': 0.0, 'ws_scalar': 0.0}","{'gas': {'co': 18156, 'co2': 13273, 'no': 18157, 'no2': 18158, 'o3': 18159}, 'pm': {'pm1': 13236, 'pm10': 13238, 'pm25': 13237}}",17.97,25.11,2.83,2.64,3.89,2.79,610180177,70.7,MOD-00625,6.1,2026-02-15T08:31:27,2026-02-15T00:31:27,https://api.quant-aq.com/v1/devices/MOD-00625/data/610180026
433.49,537.83,"{'lat': None, 'lon': None}","{'rh': 70.6, 'temp': 6.1, 'wd': 0.0, 'ws': 0.0, 'ws_scalar': 0.0}","{'gas': {'co': 18156, 'co2': 13273, 'no': 18157, 'no2': 18158, 'o3': 18159}, 'pm': {'pm1': 13236, 'pm10': 13238, 'pm25': 13237}}",18.3,25.12,2.38,2.86,3.99,3.03,610180174,70.6,MOD-00625,6.1,2026-02-15T08:30:27,2026-02-15T00:30:27,https://api.quant-aq.com/v1/devices/MOD-00625/data/610180023
438.41,536.02,"{'lat': None, 'lon': None}","{'rh': 70.6, 'temp': 6.1, 'wd': 0.0, 'ws': 0.0, 'ws_scalar': 0.0}","{'gas': {'co': 18156, 'co2': 13273, 'no': 18157, 'no2': 18158, 'o3': 18159}, 'pm': {'pm1': 13236, 'pm10': 13238, 'pm25': 13237}}",18.95,24.7,2.96,3.0,6.19,3.23,610177883,70.6,MOD-00625,6.1,2026-02-15T08:29:27,2026-02-15T00:29:27,https://api.quant-aq.com/v1/devices/MOD-00625/data/610177732
437.77,536.38,"{'lat': None, 'lon': None}","{'rh': 70.5, 'temp': 6.2, 'wd': 0.0, 'ws': 0.0, 'ws_scalar': 0.0}","{'gas': {'co': 18156, 'co2': 13273, 'no': 18157, 'no2': 18158, 'o3': 18159}, 'pm': {'pm1': 13236, 'pm10': 13238, 'pm25': 13237}}",19.26,24.32,3.08,3.2,4.91,3.35,610177880,70.5,MOD-00625,6.2,2026-02-15T08:28:27,2026-02-15T00:28:27,https://api.quant-aq.com/v1/devices/MOD-00625/data/610177729
431.69,536.86,"{'lat': None, 'lon': None}","{'rh': 70.4, 'temp': 6.2, 'wd': 0.0, 'ws': 0.0, 'ws_scalar': 0.0}","{'gas': {'co': 18156, 'co2': 13273, 'no': 18157, 'no2': 18158, 'o3': 18159}, 'pm': {'pm1': 13236, 'pm10': 13238, 'pm25': 13237}}",19.58,23.92,2.75,2.78,5.03,3.01,610177882,70.4,MOD-00625,6.2,2026-02-15T08:27:27,2026-02-15T00:27:27,https://api.quant-aq.com/v1/devices/MOD-00625/data/610177731
422.6,538.07,"{'lat': None, 'lon': None}","{'rh': 70.5, 'temp': 6.2, 'wd': 0.0, 'ws': 0.0, 'ws_scalar': 0.0}","{'gas': {'co': 18156, 'co2': 13273, 'no': 18157, 'no2': 18158, 'o3': 18159}, 'pm': {'pm1': 13236, 'pm10': 13238, 'pm25': 13237}}",18.93,24.74,2.5,2.98,5.34,3.16,610177881,70.5,MOD-00625,6.2,2026-02-15T08:26:27,2026-02-15T00:26:27,https://api.quant-aq.com/v1/devices/MOD-00625/data/610177730
420.07,535.78,"{'lat': None, 'lon': None}","{'rh': 70.6, 'temp': 6.2, 'wd': 0.0, 'ws': 0.0, 'ws_scalar': 0.0}","{'gas': {'co': 18156, 'co2': 13273, 'no': 18157, 'no2': 18158, 'o3': 18159}, 'pm': {'pm1': 13236, 'pm10': 13238, 'pm25': 13237}}",17.63,24.73,2.95,3.39,12.0,3.68,610175676,70.6,MOD-00625,6.2,2026-02-15T08:25:27,2026-02-15T00:25:27,https://api.quant-aq.com/v1/devices/MOD-00625/data/610175525
403.04,538.67,"{'lat': None, 'lon': None}","{'rh': 70.9, 'temp': 6.2, 'wd': 0.0, 'ws': 0.0, 'ws_scalar': 0.0}","{'gas': {'co': 18156, 'co2': 13273, 'no': 18157, 'no2': 18158, 'o3': 18159}, 'pm': {'pm1': 13236, 'pm10': 13238, 'pm25': 13237}}",19.91,24.26,1.68,2.92,4.57,3.12,610175677,70.9,MOD-00625,6.2,2026-02-15T08:24:27,2026-02-15T00:24:27,https://api.quant-aq.com/v1/devices/MOD-00625/data/610175526
389.85,534.21,"{'lat': None, 'lon': None}","{'rh': 71.0, 'temp': 6.2, 'wd': 0.0, 'ws': 0.0, 'ws_scalar': 0.0}","{'gas': {'co': 18156, 'co2': 13273, 'no': 18157, 'no2': 18158, 'o3': 18159}, 'pm': {'pm1': 13236, 'pm10': 13238, 'pm25': 13237}}",22.23,24.25,3.95,2.67,3.46,2.75,610175675,71.0,MOD-00625,6.2,2026-02-15T08:23:27,2026-02-15T00:23:27,https://api.quant-aq.com/v1/devices/MOD-00625/data/610175524
394.22,534.94,"{'lat': None, 'lon': None}","{'rh': 71.2, 'temp': 6.2, 'wd': 0.0, 'ws': 0.0, 'ws_scalar': 0.0}","{'gas': {'co': 18156, 'co2': 13273, 'no': 18157, 'no2': 18158, 'o3': 18159}, 'pm': {'pm1': 13236, 'pm10': 13238, 'pm25': 13237}}",16.32,24.22,3.48,2.8,5.71,2.97,610175674,71.2,MOD-00625,6.2,2026-02-15T08:22:27,2026-02-15T00:22:27,https://api.quant-aq.com/v1/devices/MOD-00625/data/610175523
399.01,534.09,"{'lat': None, 'lon': None}","{'rh': 70.8, 'temp': 6.2, 'wd': 0.0, 'ws': 0.0, 'ws_scalar': 0.0}","{'gas': {'co': 18156, 'co2': 13273, 'no': 18157, 'no2': 18158, 'o3': 18159}, 'pm': {'pm1': 13236, 'pm10': 13238, 'pm25': 13237}}",13.39,25.12,2.35,2.86,9.44,2.97,610173449,70.8,MOD-00625,6.2,2026-02-15T08:21:27,2026-02-15T00:21:27,https://api.quant-aq.com/v1/devices/MOD-00625/data/610173297
404.34,537.23,"{'lat': None, 'lon': None}","{'rh': 70.8, 'temp': 6.2, 'wd': 0.0, 'ws': 0.0, 'ws_scalar': 0.0}","{'gas': {'co': 18156, 'co2': 13273, 'no': 18157, 'no2': 18158, 'o3': 18159}, 'pm': {'pm1': 13236, 'pm10': 13238, 'pm25': 13237}}",16.32,24.7,2.48,3.03,15.84,3.23,610173445,70.8,MOD-00625,6.2,2026-02-15T08:20:27,2026-02-15T00:20:27,https://api.quant-aq.com/v1/devices/MOD-00625/data/610173294
421.57,539.63,"{'lat': None, 'lon': None}","{'rh': 70.8, 'temp': 6.2, 'wd': 0.0, 'ws': 0.0, 'ws_scalar': 0.0}","{'gas': {'co': 18156, 'co2': 13273, 'no': 18157, 'no2': 18158, 'o3': 18159}, 'pm': {'pm1': 13236, 'pm10': 13238, 'pm25': 13237}}",18.6,25.12,2.35,3.02,5.12,3.18,610173448,70.8,MOD-00625,6.2,2026-02-15T08:19:27,2026-02-15T00:19:27,https://api.quant-aq.com/v1/devices/MOD-00625/data/610173298
439.06,540.36,"{'lat': None, 'lon': None}","{'rh': 71.0, 'temp': 6.2, 'wd': 0.0, 'ws': 0.0, 'ws_scalar': 0.0}","{'gas': {'co': 18156, 'co2': 13273, 'no': 18157, 'no2': 18158, 'o3': 18159}, 'pm': {'pm1': 13236, 'pm10': 13238, 'pm25': 13237}}",21.87,24.67,2.92,3.53,16.54,3.82,610173443,71.0,MOD-00625,6.2,2026-02-15T08:18:27,2026-02-15T00:18:27,https://api.quant-aq.com/v1/devices/MOD-00625/data/610173293
449.66,547.1,"{'lat': None, 'lon': None}","{'rh': 71.1, 'temp': 6.2, 'wd': 0.0, 'ws': 0.0, 'ws_scalar': 0.0}","{'gas': {'co': 18156, 'co2': 13273, 'no': 18157, 'no2': 18158, 'o3': 18159}, 'pm': {'pm1': 13236, 'pm10': 13238, 'pm25': 13237}}",25.07,25.07,3.24,3.58,7.85,3.76,610171179,71.1,MOD-00625,6.2,2026-02-15T08:17:27,2026-02-15T00:17:27,https://api.quant-aq.com/v1/devices/MOD-00625/data/610171028
454.58,545.66,"{'lat': None, 'lon': None}","{'rh': 71.1, 'temp': 6.2, 'wd': 0.0, 'ws': 0.0, 'ws_scalar': 0.0}","{'gas': {'co': 18156, 'co2': 13273, 'no': 18157, 'no2': 18158, 'o3': 18159}, 'pm': {'pm1': 13236, 'pm10': 13238, 'pm25': 13237}}",26.48,25.49,3.58,2.92,27.09,3.32,610171178,71.1,MOD-00625,6.2,2026-02-15T08:16:27,2026-02-15T00:16:27,https://api.quant-aq.com/v1/devices/MOD-00625/data/610171027
446.3,542.65,"{'lat': None, 'lon': None}","{'rh': 71.2, 'temp': 6.2, 'wd': 0.0, 'ws': 0.0, 'ws_scalar': 0.0}","{'gas': {'co': 18156, 'co2': 13273, 'no': 18157, 'no2': 18158, 'o3': 18159}, 'pm': {'pm1': 13236, 'pm10': 13238, 'pm25': 13237}}",26.84,24.22,3.94,3.82,11.96,4.12,610171177,71.2,MOD-00625,6.2,2026-02-15T08:15:27,2026-02-15T00:15:27,https://api.quant-aq.com/v1/devices/MOD-00625/data/610171026
437.6,540.96,"{'lat': None, 'lon': None}","{'rh': 70.9, 'temp': 6.3, 'wd': 0.0, 'ws': 0.0, 'ws_scalar': 0.0}","{'gas': {'co': 18156, 'co2': 13273, 'no': 18157, 'no2': 18158, 'o3': 18159}, 'pm': {'pm1': 13236, 'pm10': 13238, 'pm25': 13237}}",27.56,23.87,4.53,3.73,9.26,3.93,610171176,70.9,MOD-00625,6.3,2026-02-15T08:14:27,2026-02-15T00:14:27,https://api.quant-aq.com/v1/devices/MOD-00625/data/610171025
395.9,534.09,"{'lat': None, 'lon': None}","{'rh': 71.3, 'temp': 6.3, 'wd': 0.0, 'ws': 0.0, 'ws_scalar': 0.0}","{'gas': {'co': 18156, 'co2': 13273, 'no': 18157, 'no2': 18158, 'o3': 18159}, 'pm': {'pm1': 13236, 'pm10': 13238, 'pm25': 13237}}",24.38,24.22,3.46,3.35,17.25,3.63,610168966,71.3,MOD-00625,6.3,2026-02-15T08:13:27,2026-02-15T00:13:27,https://api.quant-aq.com/v1/devices/MOD-00625/data/610168815
367.53,530.12,"{'lat': None, 'lon': None}","{'rh': 71.4, 'temp': 6.3, 'wd': 0.0, 'ws': 0.0, 'ws_scalar': 0.0}","{'gas': {'co': 18156, 'co2': 13273, 'no': 18157, 'no2': 18158, 'o3': 18159}, 'pm': {'pm1': 13236, 'pm10': 13238, 'pm25': 13237}}",16.3,23.79,3.58,2.73,20.6,3.16,610168965,71.4,MOD-00625,6.3,2026-02-15T08:12:27,2026-02-15T00:12:27,https://api.quant-aq.com/v1/devices/MOD-00625/data/610168814
362.61,529.76,"{'lat': None, 'lon': None}","{'rh': 71.4, 'temp': 6.3, 'wd': 0.0, 'ws': 0.0, 'ws_scalar': 0.0}","{'gas': {'co': 18156, 'co2': 13273, 'no': 18157, 'no2': 18158, 'o3': 18159}, 'pm': {'pm1': 13236, 'pm10': 13238, 'pm25': 13237}}",15.32,24.63,3.33,3.05,31.0,3.42,610168964,71.4,MOD-00625,6.3,2026-02-15T08:11:27,2026-02-15T00:11:27,https://api.quant-aq.com/v1/devices/MOD-00625/data/610168813
360.63,528.91,"{'lat': None, 'lon': None}","{'rh': 71.3, 'temp': 6.3, 'wd': 0.0, 'ws': 0.0, 'ws_scalar': 0.0}","{'gas': {'co': 18156, 'co2': 13273, 'no': 18157, 'no2': 18158, 'o3': 18159}, 'pm': {'pm1': 13236, 'pm10': 13238, 'pm25': 13237}}",14.35,24.64,3.34,2.8,14.81,3.04,610168963,71.3,MOD-00625,6.3,2026-02-15T08:10:27,2026-02-15T00:10:27,https://api.quant-aq.com/v1/devices/MOD-00625/data/610168812
354.21,529.16,"{'lat': None, 'lon': None}","{'rh': 71.1, 'temp': 6.3, 'wd': 0.0, 'ws': 0.0, 'ws_scalar': 0.0}","{'gas': {'co': 18156, 'co2': 13273, 'no': 18157, 'no2': 18158, 'o3': 18159}, 'pm': {'pm1': 13236, 'pm10': 13238, 'pm25': 13237}}",13.69,23.42,3.73,2.47,9.5,2.85,610166732,71.1,MOD-00625,6.3,2026-02-15T08:09:27,2026-02-15T00:09:27,https://api.quant-aq.com/v1/devices/MOD-00625/data/610166582
344.3,530.12,"{'lat': None, 'lon': None}","{'rh': 71.2, 'temp': 6.3, 'wd': 0.0, 'ws': 0.0, 'ws_scalar': 0.0}","{'gas': {'co': 18156, 'co2': 13273, 'no': 18157, 'no2': 18158, 'o3': 18159}, 'pm': {'pm1': 13236, 'pm10': 13238, 'pm25': 13237}}",11.41,24.66,3.35,2.64,18.56,3.26,610166731,71.2,MOD-00625,6.3,2026-02-15T08:08:27,2026-02-15T00:08:27,https://api.quant-aq.com/v1/devices/MOD-00625/data/610166580
345.45,530.36,"{'lat': None, 'lon': None}","{'rh': 71.3, 'temp': 6.3, 'wd': 0.0, 'ws': 0.0, 'ws_scalar': 0.0}","{'gas': {'co': 18156, 'co2': 13273, 'no': 18157, 'no2': 18158, 'o3': 18159}, 'pm': {'pm1': 13236, 'pm10': 13238, 'pm25': 13237}}",11.41,23.8,3.13,2.52,30.54,2.79,610166733,71.3,MOD-00625,6.3,2026-02-15T08:07:27,2026-02-15T00:07:27,https://api.quant-aq.com/v1/devices/MOD-00625/data/610166581
347.17,531.56,"{'lat': None, 'lon': None}","{'rh': 71.2, 'temp': 6.3, 'wd': 0.0, 'ws': 0.0, 'ws_scalar': 0.0}","{'gas': {'co': 18156, 'co2': 13273, 'no': 18157, 'no2': 18158, 'o3': 18159}, 'pm': {'pm1': 13236, 'pm10': 13238, 'pm25': 13237}}",12.72,23.82,3.14,2.47,17.96,2.77,610166730,71.2,MOD-00625,6.3,2026-02-15T08:06:27,2026-02-15T00:06:27,https://api.quant-aq.com/v1/devices/MOD-00625/data/610166579
362.54,531.32,"{'lat': None, 'lon': None}","{'rh': 71.5, 'temp': 6.3, 'wd': 0.0, 'ws': 0.0, 'ws_scalar': 0.0}","{'gas': {'co': 18156, 'co2': 13273, 'no': 18157, 'no2': 18158, 'o3': 18159}, 'pm': {'pm1': 13236, 'pm10': 13238, 'pm25': 13237}}",15.0,25.45,2.17,2.74,17.84,3.04,610164499,71.5,MOD-00625,6.3,2026-02-15T08:05:27,2026-02-15T00:05:27,https://api.quant-aq.com/v1/devices/MOD-00625/data/610164349
366.64,533.13,"{'lat': None, 'lon': None}","{'rh': 71.5, 'temp': 6.3, 'wd': 0.0, 'ws': 0.0, 'ws_scalar': 0.0}","{'gas': {'co': 18156, 'co2': 13273, 'no': 18157, 'no2': 18158, 'o3': 18159}, 'pm': {'pm1': 13236, 'pm10': 13238, 'pm25': 13237}}",16.3,24.61,2.41,3.01,25.88,3.59,610164501,71.5,MOD-00625,6.3,2026-02-15T08:04:27,2026-02-15T00:04:27,https://api.quant-aq.com/v1/devices/MOD-00625/data/610164350
365.82,532.29,"{'lat': None, 'lon': None}","{'rh': 71.5, 'temp': 6.3, 'wd': 0.0, 'ws': 0.0, 'ws_scalar': 0.0}","{'gas': {'co': 18156, 'co2': 13273, 'no': 18157, 'no2': 18158, 'o3': 18159}, 'pm': {'pm1': 13236, 'pm10': 13238, 'pm25': 13237}}",18.26,24.61,3.33,3.21,19.21,3.63,610164498,71.5,MOD-00625,6.3,2026-02-15T08:03:27,2026-02-15T00:03:27,https://api.quant-aq.com/v1/devices/MOD-00625/data/610164347
370.61,531.2,"{'lat': None, 'lon': None}","{'rh': 71.1, 'temp': 6.3, 'wd': 0.0, 'ws': 0.0, 'ws_scalar': 0.0}","{'gas': {'co': 18156, 'co2': 13273, 'no': 18157, 'no2': 18158, 'o3': 18159}, 'pm': {'pm1': 13236, 'pm10': 13238, 'pm25': 13237}}",19.89,25.09,3.23,2.62,40.11,3.21,610164500,71.1,MOD-00625,6.3,2026-02-15T08:02:27,2026-02-15T00:02:27,https://api.quant-aq.com/v1/devices/MOD-00625/data/610164348
368.77,529.28,"{'lat': None, 'lon': None}","{'rh': 70.8, 'temp': 6.3, 'wd': 0.0, 'ws': 0.0, 'ws_scalar': 0.0}","{'gas': {'co': 18156, 'co2': 13273, 'no': 18157, 'no2': 18158, 'o3': 18159}, 'pm': {'pm1': 13236, 'pm10': 13238, 'pm25': 13237}}",20.54,23.88,3.62,3.08,19.22,3.48,610162260,70.8,MOD-00625,6.3,2026-02-15T08:01:27,2026-02-15T00:01:27,https://api.quant-aq.com/v1/devices/MOD-00625/data/610162108
363.21,530.24,"{'lat': None, 'lon': None}","{'rh': 70.7, 'temp': 6.4, 'wd': 0.0, 'ws': 0.0, 'ws_scalar': 0.0}","{'gas': {'co': 18156, 'co2': 13273, 'no': 18157, 'no2': 18158, 'o3': 18159}, 'pm': {'pm1': 13236, 'pm10': 13238, 'pm25': 13237}}",19.86,24.76,2.92,3.18,12.02,3.73,610162261,70.7,MOD-00625,6.4,2026-02-15T08:00:27,2026-02-15T00:00:27,https://api.quant-aq.com/v1/devices/MOD-00625/data/610162109
354.67,528.91,"{'lat': None, 'lon': None}","{'rh': 70.6, 'temp': 6.4, 'wd': 0.0, 'ws': 0.0, 'ws_scalar': 0.0}","{'gas': {'co': 18156, 'co2': 13273, 'no': 18157, 'no2': 18158, 'o3': 18159}, 'pm': {'pm1': 13236, 'pm10': 13238, 'pm25': 13237}}",20.19,24.36,3.96,3.08,36.95,3.53,610162262,70.6,MOD-00625,6.4,2026-02-15T07:59:27,2026-02-14T23:59:27,https://api.quant-aq.com/v1/devices/MOD-00625/data/610162110
347.36,527.83,"{'lat': None, 'lon': None}","{'rh': 70.5, 'temp': 6.4, 'wd': 0.0, 'ws': 0.0, 'ws_scalar': 0.0}","{'gas': {'co': 18156, 'co2': 13273, 'no': 18157, 'no2': 18158, 'o3': 18159}, 'pm': {'pm1': 13236, 'pm10': 13238, 'pm25': 13237}}",19.86,24.37,3.97,3.11,11.57,3.48,610162259,70.5,MOD-00625,6.4,2026-02-15T07:58:27,2026-02-14T23:58:27,https://api.quant-aq.com/v1/devices/MOD-00625/data/610162111
339.57,526.02,"{'lat': None, 'lon': None}","{'rh': 70.5, 'temp': 6.4, 'wd': 0.0, 'ws': 0.0, 'ws_scalar': 0.0}","{'gas': {'co': 18156, 'co2': 13273, 'no': 18157, 'no2': 18158, 'o3': 18159}, 'pm': {'pm1': 13236, 'pm10': 13238, 'pm25': 13237}}",18.56,24.37,3.97,3.07,23.74,3.32,610160011,70.5,MOD-00625,6.4,2026-02-15T07:57:27,2026-02-14T23:57:27,https://api.quant-aq.com/v1/devices/MOD-00625/data/610159859
333.41,527.83,"{'lat': None, 'lon': None}","{'rh': 70.5, 'temp': 6.4, 'wd': 0.0, 'ws': 0.0, 'ws_scalar': 0.0}","{'gas': {'co': 18156, 'co2': 13273, 'no': 18157, 'no2': 18158, 'o3': 18159}, 'pm': {'pm1': 13236, 'pm10': 13238, 'pm25': 13237}}",18.23,24.37,4.42,3.27,70.4,3.79,610160007,70.5,MOD-00625,6.4,2026-02-15T07:56:27,2026-02-14T23:56:27,https://api.quant-aq.com/v1/devices/MOD-00625/data/610159857
331.77,526.02,"{'lat': None, 'lon': None}","{'rh': 70.5, 'temp': 6.4, 'wd': 0.0, 'ws': 0.0, 'ws_scalar': 0.0}","{'gas': {'co': 18156, 'co2': 13273, 'no': 18157, 'no2': 18158, 'o3': 18159}, 'pm': {'pm1': 13236, 'pm10': 13238, 'pm25': 13237}}",15.95,24.37,3.51,3.15,35.75,3.65,610160010,70.5,MOD-00625,6.4,2026-02-15T07:55:27,2026-02-14T23:55:27,https://api.quant-aq.com/v1/devices/MOD-00625/data/610159860
327.4,524.34,"{'lat': None, 'lon': None}","{'rh': 70.3, 'temp': 6.4, 'wd': 0.0, 'ws': 0.0, 'ws_scalar': 0.0}","{'gas': {'co': 18156, 'co2': 13273, 'no': 18157, 'no2': 18158, 'o3': 18159}, 'pm': {'pm1': 13236, 'pm10': 13238, 'pm25': 13237}}",15.3,24.4,3.98,2.93,20.47,3.33,610160009,70.3,MOD-00625,6.4,2026-02-15T07:54:27,2026-02-14T23:54:27,https://api.quant-aq.com/v1/devices/MOD-00625/data/610159858
317.97,523.86,"{'lat': None, 'lon': None}","{'rh': 70.3, 'temp': 6.4, 'wd': 0.0, 'ws': 0.0, 'ws_scalar': 0.0}","{'gas': {'co': 18156, 'co2': 13273, 'no': 18157, 'no2': 18158, 'o3': 18159}, 'pm': {'pm1': 13236, 'pm10': 13238, 'pm25': 13237}}",12.04,22.73,4.48,2.85,12.39,3.21,610157793,70.3,MOD-00625,6.4,2026-02-15T07:53:27,2026-02-14T23:53:27,https://api.quant-aq.com/v1/devices/MOD-00625/data/610157642
315.58,523.37,"{'lat': None, 'lon': None}","{'rh': 70.2, 'temp': 6.4, 'wd': 0.0, 'ws': 0.0, 'ws_scalar': 0.0}","{'gas': {'co': 18156, 'co2': 13273, 'no': 18157, 'no2': 18158, 'o3': 18159}, 'pm': {'pm1': 13236, 'pm10': 13238, 'pm25': 13237}}",10.09,23.58,5.15,2.59,10.97,2.78,610157796,70.2,MOD-00625,6.4,2026-02-15T07:52:27,2026-02-14T23:52:27,https://api.quant-aq.com/v1/devices/MOD-00625/data/610157645
303.01,522.05,"{'lat': None, 'lon': None}","{'rh': 70.0, 'temp': 6.4, 'wd': 0.0, 'ws': 0.0, 'ws_scalar': 0.0}","{'gas': {'co': 18156, 'co2': 13273, 'no': 18157, 'no2': 18158, 'o3': 18159}, 'pm': {'pm1': 13236, 'pm10': 13238, 'pm25': 13237}}",9.11,22.35,5.08,2.99,19.84,3.09,610157794,70.0,MOD-00625,6.4,2026-02-15T07:51:27,2026-02-14T23:51:27,https://api.quant-aq.com/v1/devices/MOD-00625/data/610157643
301.78,524.34,"{'lat': None, 'lon': None}","{'rh': 70.0, 'temp': 6.4, 'wd': 0.0, 'ws': 0.0, 'ws_scalar': 0.0}","{'gas': {'co': 18156, 'co2': 13273, 'no': 18157, 'no2': 18158, 'o3': 18159}, 'pm': {'pm1': 13236, 'pm10': 13238, 'pm25': 13237}}",7.15,22.35,4.16,2.51,3.42,2.65,610157795,70.0,MOD-00625,6.4,2026-02-15T07:50:27,2026-02-14T23:50:27,https://api.quant-aq.com/v1/devices/MOD-00625/data/610157644
300.62,521.33,"{'lat': None, 'lon': None}","{'rh': 69.9, 'temp': 6.4, 'wd': 0.0, 'ws': 0.0, 'ws_scalar': 0.0}","{'gas': {'co': 18156, 'co2': 13273, 'no': 18157, 'no2': 18158, 'o3': 18159}, 'pm': {'pm1': 13236, 'pm10': 13238, 'pm25': 13237}}",5.52,22.79,5.42,2.11,2.6,2.17,610155512,69.9,MOD-00625,6.4,2026-02-15T07:49:27,2026-02-14T23:49:27,https://api.quant-aq.com/v1/devices/MOD-00625/data/610155361
296.29,523.86,"{'lat': None, 'lon': None}","{'rh': 69.8, 'temp': 6.5, 'wd': 0.0, 'ws': 0.0, 'ws_scalar': 0.0}","{'gas': {'co': 18156, 'co2': 13273, 'no': 18157, 'no2': 18158, 'o3': 18159}, 'pm': {'pm1': 13236, 'pm10': 13238, 'pm25': 13237}}",7.13,21.99,4.75,1.97,2.28,2.05,610155511,69.8,MOD-00625,6.5,2026-02-15T07:48:27,2026-02-14T23:48:27,https://api.quant-aq.com/v1/devices/MOD-00625/data/610155360
303.26,519.88,"{'lat': None, 'lon': None}","{'rh': 69.8, 'temp': 6.5, 'wd': 0.0, 'ws': 0.0, 'ws_scalar': 0.0}","{'gas': {'co': 18156, 'co2': 13273, 'no': 18157, 'no2': 18158, 'o3': 18159}, 'pm': {'pm1': 13236, 'pm10': 13238, 'pm25': 13237}}",6.8,21.57,5.78,2.7,2.9,2.71,610155510,69.8,MOD-00625,6.5,2026-02-15T07:47:27,2026-02-14T23:47:27,https://api.quant-aq.com/v1/devices/MOD-00625/data/610155359
309.61,524.58,"{'lat': None, 'lon': None}","{'rh': 70.1, 'temp': 6.5, 'wd': 0.0, 'ws': 0.0, 'ws_scalar': 0.0}","{'gas': {'co': 18156, 'co2': 13273, 'no': 18157, 'no2': 18158, 'o3': 18159}, 'pm': {'pm1': 13236, 'pm10': 13238, 'pm25': 13237}}",6.81,21.52,5.3,3.01,3.15,3.12,610155509,70.1,MOD-00625,6.5,2026-02-15T07:46:27,2026-02-14T23:46:27,https://api.quant-aq.com/v1/devices/MOD-00625/data/610155358
308.72,524.7,"{'lat': None, 'lon': None}","{'rh': 70.2, 'temp': 6.5, 'wd': 0.0, 'ws': 0.0, 'ws_scalar': 0.0}","{'gas': {'co': 18156, 'co2': 13273, 'no': 18157, 'no2': 18158, 'o3': 18159}, 'pm': {'pm1': 13236, 'pm10': 13238, 'pm25': 13237}}",7.13,21.09,4.96,3.25,3.33,3.33,610153308,70.2,MOD-00625,6.5,2026-02-15T07:45:27,2026-02-14T23:45:27,https://api.quant-aq.com/v1/devices/MOD-00625/data/610153157
305.44,524.46,"{'lat': None, 'lon': None}","{'rh': 70.2, 'temp': 6.5, 'wd': 0.0, 'ws': 0.0, 'ws_scalar': 0.0}","{'gas': {'co': 18156, 'co2': 13273, 'no': 18157, 'no2': 18158, 'o3': 18159}, 'pm': {'pm1': 13236, 'pm10': 13238, 'pm25': 13237}}",6.15,22.35,5.96,3.07,4.5,3.25,610153310,70.2,MOD-00625,6.5,2026-02-15T07:44:27,2026-02-14T23:44:27,https://api.quant-aq.com/v1/devices/MOD-00625/data/610153158
301.07,520.0,"{'lat': None, 'lon': None}","{'rh': 70.0, 'temp': 6.5, 'wd': 0.0, 'ws': 0.0, 'ws_scalar': 0.0}","{'gas': {'co': 18156, 'co2': 13273, 'no': 18157, 'no2': 18158, 'o3': 18159}, 'pm': {'pm1': 13236, 'pm10': 13238, 'pm25': 13237}}",5.83,21.96,5.19,2.51,2.59,2.56,610153312,70.0,MOD-00625,6.5,2026-02-15T07:43:27,2026-02-14T23:43:27,https://api.quant-aq.com/v1/devices/MOD-00625/data/610153161
302.3,523.49,"{'lat': None, 'lon': None}","{'rh': 70.0, 'temp': 6.5, 'wd': 0.0, 'ws': 0.0, 'ws_scalar': 0.0}","{'gas': {'co': 18156, 'co2': 13273, 'no': 18157, 'no2': 18158, 'o3': 18159}, 'pm': {'pm1': 13236, 'pm10': 13238, 'pm25': 13237}}",6.48,21.96,5.64,2.31,2.93,2.36,610153309,70.0,MOD-00625,6.5,2026-02-15T07:42:27,2026-02-14T23:42:27,https://api.quant-aq.com/v1/devices/MOD-00625/data/610153159
306.33,519.4,"{'lat': None, 'lon': None}","{'rh': 70.1, 'temp': 6.5, 'wd': 0.0, 'ws': 0.0, 'ws_scalar': 0.0}","{'gas': {'co': 18156, 'co2': 13273, 'no': 18157, 'no2': 18158, 'o3': 18159}, 'pm': {'pm1': 13236, 'pm10': 13238, 'pm25': 13237}}",7.78,21.94,5.18,2.35,3.01,2.46,610153311,70.1,MOD-00625,6.5,2026-02-15T07:41:27,2026-02-14T23:41:27,https://api.quant-aq.com/v1/devices/MOD-00625/data/610153160
300.8,518.68,"{'lat': None, 'lon': None}","{'rh': 69.8, 'temp': 6.5, 'wd': 0.0, 'ws': 0.0, 'ws_scalar': 0.0}","{'gas': {'co': 18156, 'co2': 13273, 'no': 18157, 'no2': 18158, 'o3': 18159}, 'pm': {'pm1': 13236, 'pm10': 13238, 'pm25': 13237}}",8.11,23.25,4.83,2.14,2.46,2.22,610150402,69.8,MOD-00625,6.5,2026-02-15T07:40:27,2026-02-14T23:40:27,https://api.quant-aq.com/v1/devices/MOD-00625/data/610150251
304.15,517.83,"{'lat': None, 'lon': None}","{'rh': 69.7, 'temp': 6.5, 'wd': 0.0, 'ws': 0.0, 'ws_scalar': 0.0}","{'gas': {'co': 18156, 'co2': 13273, 'no': 18157, 'no2': 18158, 'o3': 18159}, 'pm': {'pm1': 13236, 'pm10': 13238, 'pm25': 13237}}",8.43,22.0,5.67,2.32,2.61,2.42,610150400,69.7,MOD-00625,6.5,2026-02-15T07:39:27,2026-02-14T23:39:27,https://api.quant-aq.com/v1/devices/MOD-00625/data/610150250
305.51,519.4,"{'lat': None, 'lon': None}","{'rh': 70.1, 'temp': 6.5, 'wd': 0.0, 'ws': 0.0, 'ws_scalar': 0.0}","{'gas': {'co': 18156, 'co2': 13273, 'no': 18157, 'no2': 18158, 'o3': 18159}, 'pm': {'pm1': 13236, 'pm10': 13238, 'pm25': 13237}}",9.74,21.52,5.76,2.63,3.46,2.73,610150399,70.1,MOD-00625,6.5,2026-02-15T07:38:27,2026-02-14T23:38:27,https://api.quant-aq.com/v1/devices/MOD-00625/data/610150248
305.51,517.59,"{'lat': None, 'lon': None}","{'rh': 70.1, 'temp': 6.5, 'wd': 0.0, 'ws': 0.0, 'ws_scalar': 0.0}","{'gas': {'co': 18156, 'co2': 13273, 'no': 18157, 'no2': 18158, 'o3': 18159}, 'pm': {'pm1': 13236, 'pm10': 13238, 'pm25': 13237}}",6.81,21.52,6.22,2.75,2.88,2.85,610150401,70.1,MOD-00625,6.5,2026-02-15T07:37:27,2026-02-14T23:37:27,https://api.quant-aq.com/v1/devices/MOD-00625/data/610150249
306.47,522.89,"{'lat': None, 'lon': None}","{'rh': 69.9, 'temp': 6.5, 'wd': 0.0, 'ws': 0.0, 'ws_scalar': 0.0}","{'gas': {'co': 18156, 'co2': 13273, 'no': 18157, 'no2': 18158, 'o3': 18159}, 'pm': {'pm1': 13236, 'pm10': 13238, 'pm25': 13237}}",7.46,20.74,6.93,2.22,2.8,2.28,610148161,69.9,MOD-00625,6.5,2026-02-15T07:36:27,2026-02-14T23:36:27,https://api.quant-aq.com/v1/devices/MOD-00625/data/610148010
300.93,518.56,"{'lat': None, 'lon': None}","{'rh': 70.2, 'temp': 6.5, 'wd': 0.0, 'ws': 0.0, 'ws_scalar': 0.0}","{'gas': {'co': 18156, 'co2': 13273, 'no': 18157, 'no2': 18158, 'o3': 18159}, 'pm': {'pm1': 13236, 'pm10': 13238, 'pm25': 13237}}",5.5,20.69,6.91,2.53,4.8,2.69,610148158,70.2,MOD-00625,6.5,2026-02-15T07:35:27,2026-02-14T23:35:27,https://api.quant-aq.com/v1/devices/MOD-00625/data/610148007
304.41,519.76,"{'lat': None, 'lon': None}","{'rh': 70.5, 'temp': 6.5, 'wd': 0.0, 'ws': 0.0, 'ws_scalar': 0.0}","{'gas': {'co': 18156, 'co2': 13273, 'no': 18157, 'no2': 18158, 'o3': 18159}, 'pm': {'pm1': 13236, 'pm10': 13238, 'pm25': 13237}}",4.52,19.29,8.42,2.46,2.75,2.65,610148160,70.5,MOD-00625,6.5,2026-02-15T07:34:27,2026-02-14T23:34:27,https://api.quant-aq.com/v1/devices/MOD-00625/data/610148009
306.12,518.8,"{'lat': None, 'lon': None}","{'rh': 70.4, 'temp': 6.5, 'wd': 0.0, 'ws': 0.0, 'ws_scalar': 0.0}","{'gas': {'co': 18156, 'co2': 13273, 'no': 18157, 'no2': 18158, 'o3': 18159}, 'pm': {'pm1': 13236, 'pm10': 13238, 'pm25': 13237}}",4.12,19.44,7.85,2.57,2.97,2.69,610148159,70.4,MOD-00625,6.5,2026-02-15T07:33:27,2026-02-14T23:33:27,https://api.quant-aq.com/v1/devices/MOD-00625/data/610148008
304.0,514.94,"{'lat': None, 'lon': None}","{'rh': 70.5, 'temp': 6.5, 'wd': 0.0, 'ws': 0.0, 'ws_scalar': 0.0}","{'gas': {'co': 18156, 'co2': 13273, 'no': 18157, 'no2': 18158, 'o3': 18159}, 'pm': {'pm1': 13236, 'pm10': 13238, 'pm25': 13237}}",3.19,19.42,7.84,3.01,3.12,3.09,610145931,70.5,MOD-00625,6.5,2026-02-15T07:32:27,2026-02-14T23:32:27,https://api.quant-aq.com/v1/devices/MOD-00625/data/610145779
305.64,519.52,"{'lat': None, 'lon': None}","{'rh': 70.5, 'temp': 6.5, 'wd': 0.0, 'ws': 0.0, 'ws_scalar': 0.0}","{'gas': {'co': 18156, 'co2': 13273, 'no': 18157, 'no2': 18158, 'o3': 18159}, 'pm': {'pm1': 13236, 'pm10': 13238, 'pm25': 13237}}",3.19,19.42,7.84,2.31,3.18,2.38,610145932,70.5,MOD-00625,6.5,2026-02-15T07:31:27,2026-02-14T23:31:27,https://api.quant-aq.com/v1/devices/MOD-00625/data/610145781
310.56,516.51,"{'lat': None, 'lon': None}","{'rh': 70.5, 'temp': 6.5, 'wd': 0.0, 'ws': 0.0, 'ws_scalar': 0.0}","{'gas': {'co': 18156, 'co2': 13273, 'no': 18157, 'no2': 18158, 'o3': 18159}, 'pm': {'pm1': 13236, 'pm10': 13238, 'pm25': 13237}}",3.34,19.92,6.22,2.1,2.4,2.19,610145930,70.5,MOD-00625,6.5,2026-02-15T07:30:27,2026-02-14T23:30:27,https://api.quant-aq.com/v1/devices/MOD-00625/data/610145780
306.67,519.28,"{'lat': None, 'lon': None}","{'rh': 70.2, 'temp': 6.5, 'wd': 0.0, 'ws': 0.0, 'ws_scalar': 0.0}","{'gas': {'co': 18156, 'co2': 13273, 'no': 18157, 'no2': 18158, 'o3': 18159}, 'pm': {'pm1': 13236, 'pm10': 13238, 'pm25': 13237}}",3.5,19.97,7.61,2.02,2.3,2.08,610145928,70.2,MOD-00625,6.5,2026-02-15T07:29:27,2026-02-14T23:29:27,https://api.quant-aq.com/v1/devices/MOD-00625/data/610145778
305.44,519.88,"{'lat': None, 'lon': None}","{'rh': 70.2, 'temp': 6.5, 'wd': 0.0, 'ws': 0.0, 'ws_scalar': 0.0}","{'gas': {'co': 18156, 'co2': 13273, 'no': 18157, 'no2': 18158, 'o3': 18159}, 'pm': {'pm1': 13236, 'pm10': 13238, 'pm25': 13237}}",3.81,20.69,6.91,2.62,5.3,2.85,610143677,70.2,MOD-00625,6.5,2026-02-15T07:28:27,2026-02-14T23:28:27,https://api.quant-aq.com/v1/devices/MOD-00625/data/610143525
306.4,519.88,"{'lat': None, 'lon': None}","{'rh': 70.0, 'temp': 6.5, 'wd': 0.0, 'ws': 0.0, 'ws_scalar': 0.0}","{'gas': {'co': 18156, 'co2': 13273, 'no': 18157, 'no2': 18158, 'o3': 18159}, 'pm': {'pm1': 13236, 'pm10': 13238, 'pm25': 13237}}",3.81,21.13,6.35,2.52,8.49,2.76,610143679,70.0,MOD-00625,6.5,2026-02-15T07:27:27,2026-02-14T23:27:27,https://api.quant-aq.com/v1/devices/MOD-00625/data/610143529
305.83,519.04,"{'lat': None, 'lon': None}","{'rh': 69.8, 'temp': 6.6, 'wd': 0.0, 'ws': 0.0, 'ws_scalar': 0.0}","{'gas': {'co': 18156, 'co2': 13273, 'no': 18157, 'no2': 18158, 'o3': 18159}, 'pm': {'pm1': 13236, 'pm10': 13238, 'pm25': 13237}}",4.5,21.18,5.44,2.43,4.51,2.53,610143678,69.8,MOD-00625,6.6,2026-02-15T07:26:27,2026-02-14T23:26:27,https://api.quant-aq.com/v1/devices/MOD-00625/data/610143527
309.79,514.94,"{'lat': None, 'lon': None}","{'rh': 70.0, 'temp': 6.6, 'wd': 0.0, 'ws': 0.0, 'ws_scalar': 0.0}","{'gas': {'co': 18156, 'co2': 13273, 'no': 18157, 'no2': 18158, 'o3': 18159}, 'pm': {'pm1': 13236, 'pm10': 13238, 'pm25': 13237}}",4.5,21.98,4.26,2.3,2.62,2.52,610143676,70.0,MOD-00625,6.6,2026-02-15T07:25:27,2026-02-14T23:25:27,https://api.quant-aq.com/v1/devices/MOD-00625/data/610143526
315.73,522.29,"{'lat': None, 'lon': None}","{'rh': 70.3, 'temp': 6.6, 'wd': 0.0, 'ws': 0.0, 'ws_scalar': 0.0}","{'gas': {'co': 18156, 'co2': 13273, 'no': 18157, 'no2': 18158, 'o3': 18159}, 'pm': {'pm1': 13236, 'pm10': 13238, 'pm25': 13237}}",6.78,21.52,5.73,2.11,2.22,2.19,610143680,70.3,MOD-00625,6.6,2026-02-15T07:24:27,2026-02-14T23:24:27,https://api.quant-aq.com/v1/devices/MOD-00625/data/610143528
312.93,518.68,"{'lat': None, 'lon': None}","{'rh': 70.2, 'temp': 6.6, 'wd': 0.0, 'ws': 0.0, 'ws_scalar': 0.0}","{'gas': {'co': 18156, 'co2': 13273, 'no': 18157, 'no2': 18158, 'o3': 18159}, 'pm': {'pm1': 13236, 'pm10': 13238, 'pm25': 13237}}",6.78,22.37,5.49,1.64,1.89,1.68,610140944,70.2,MOD-00625,6.6,2026-02-15T07:23:27,2026-02-14T23:23:27,https://api.quant-aq.com/v1/devices/MOD-00625/data/610140792
311.09,520.48,"{'lat': None, 'lon': None}","{'rh': 69.9, 'temp': 6.6, 'wd': 0.0, 'ws': 0.0, 'ws_scalar': 0.0}","{'gas': {'co': 18156, 'co2': 13273, 'no': 18157, 'no2': 18158, 'o3': 18159}, 'pm': {'pm1': 13236, 'pm10': 13238, 'pm25': 13237}}",8.09,23.25,3.45,2.15,3.45,2.26,610140946,69.9,MOD-00625,6.6,2026-02-15T07:22:27,2026-02-14T23:22:27,https://api.quant-aq.com/v1/devices/MOD-00625/data/610140795
315.94,514.22,"{'lat': None, 'lon': None}","{'rh': 70.0, 'temp': 6.6, 'wd': 0.0, 'ws': 0.0, 'ws_scalar': 0.0}","{'gas': {'co': 18156, 'co2': 13273, 'no': 18157, 'no2': 18158, 'o3': 18159}, 'pm': {'pm1': 13236, 'pm10': 13238, 'pm25': 13237}}",9.06,23.24,4.35,2.01,5.32,2.15,610140942,70.0,MOD-00625,6.6,2026-02-15T07:21:27,2026-02-14T23:21:27,https://api.quant-aq.com/v1/devices/MOD-00625/data/610140791
315.12,519.28,"{'lat': None, 'lon': None}","{'rh': 70.0, 'temp': 6.6, 'wd': 0.0, 'ws': 0.0, 'ws_scalar': 0.0}","{'gas': {'co': 18156, 'co2': 13273, 'no': 18157, 'no2': 18158, 'o3': 18159}, 'pm': {'pm1': 13236, 'pm10': 13238, 'pm25': 13237}}",11.35,23.24,3.44,2.0,7.42,2.14,610140945,70.0,MOD-00625,6.6,2026-02-15T07:20:27,2026-02-14T23:20:27,https://api.quant-aq.com/v1/devices/MOD-00625/data/610140794
320.66,515.18,"{'lat': None, 'lon': None}","{'rh': 69.7, 'temp': 6.6, 'wd': 0.0, 'ws': 0.0, 'ws_scalar': 0.0}","{'gas': {'co': 18156, 'co2': 13273, 'no': 18157, 'no2': 18158, 'o3': 18159}, 'pm': {'pm1': 13236, 'pm10': 13238, 'pm25': 13237}}",12.65,23.29,3.0,1.91,2.12,2.02,610140943,69.7,MOD-00625,6.6,2026-02-15T07:19:27,2026-02-14T23:19:27,https://api.quant-aq.com/v1/devices/MOD-00625/data/610140793
319.77,517.95,"{'lat': None, 'lon': None}","{'rh': 69.8, 'temp': 6.6, 'wd': 0.0, 'ws': 0.0, 'ws_scalar': 0.0}","{'gas': {'co': 18156, 'co2': 13273, 'no': 18157, 'no2': 18158, 'o3': 18159}, 'pm': {'pm1': 13236, 'pm10': 13238, 'pm25': 13237}}",15.58,24.11,2.75,2.52,4.7,2.63,610138140,69.8,MOD-00625,6.6,2026-02-15T07:18:27,2026-02-14T23:18:27,https://api.quant-aq.com/v1/devices/MOD-00625/data/610137990
331.39,521.45,"{'lat': None, 'lon': None}","{'rh': 70.2, 'temp': 6.6, 'wd': 0.0, 'ws': 0.0, 'ws_scalar': 0.0}","{'gas': {'co': 18156, 'co2': 13273, 'no': 18157, 'no2': 18158, 'o3': 18159}, 'pm': {'pm1': 13236, 'pm10': 13238, 'pm25': 13237}}",18.19,23.63,2.39,2.03,5.12,2.16,610138141,70.2,MOD-00625,6.6,2026-02-15T07:17:27,2026-02-14T23:17:27,https://api.quant-aq.com/v1/devices/MOD-00625/data/610137989
352.76,522.53,"{'lat': None, 'lon': None}","{'rh': 71.3, 'temp': 6.6, 'wd': 0.0, 'ws': 0.0, 'ws_scalar': 0.0}","{'gas': {'co': 18156, 'co2': 13273, 'no': 18157, 'no2': 18158, 'o3': 18159}, 'pm': {'pm1': 13236, 'pm10': 13238, 'pm25': 13237}}",21.59,24.72,1.48,2.46,6.44,2.62,610138139,71.3,MOD-00625,6.6,2026-02-15T07:16:27,2026-02-14T23:16:27,https://api.quant-aq.com/v1/devices/MOD-00625/data/610137988
358.63,524.82,"{'lat': None, 'lon': None}","{'rh': 71.7, 'temp': 6.6, 'wd': 0.0, 'ws': 0.0, 'ws_scalar': 0.0}","{'gas': {'co': 18156, 'co2': 13273, 'no': 18157, 'no2': 18158, 'o3': 18159}, 'pm': {'pm1': 13236, 'pm10': 13238, 'pm25': 13237}}",22.66,25.49,2.57,2.58,16.68,2.91,610138138,71.7,MOD-00625,6.6,2026-02-15T07:15:27,2026-02-14T23:15:27,https://api.quant-aq.com/v1/devices/MOD-00625/data/610137987
366.49,527.35,"{'lat': None, 'lon': None}","{'rh': 71.6, 'temp': 6.6, 'wd': 0.0, 'ws': 0.0, 'ws_scalar': 0.0}","{'gas': {'co': 18156, 'co2': 13273, 'no': 18157, 'no2': 18158, 'o3': 18159}, 'pm': {'pm1': 13236, 'pm10': 13238, 'pm25': 13237}}",23.01,24.67,2.37,2.47,6.99,3.05,610135882,71.6,MOD-00625,6.6,2026-02-15T07:14:27,2026-02-14T23:14:27,https://api.quant-aq.com/v1/devices/MOD-00625/data/610135731
364.58,522.41,"{'lat': None, 'lon': None}","{'rh': 71.4, 'temp': 6.6, 'wd': 0.0, 'ws': 0.0, 'ws_scalar': 0.0}","{'gas': {'co': 18156, 'co2': 13273, 'no': 18157, 'no2': 18158, 'o3': 18159}, 'pm': {'pm1': 13236, 'pm10': 13238, 'pm25': 13237}}",22.65,25.12,2.72,2.55,8.76,2.81,610135879,71.4,MOD-00625,6.6,2026-02-15T07:13:27,2026-02-14T23:13:27,https://api.quant-aq.com/v1/devices/MOD-00625/data/610135728
384.75,524.58,"{'lat': None, 'lon': None}","{'rh': 71.3, 'temp': 6.6, 'wd': 0.0, 'ws': 0.0, 'ws_scalar': 0.0}","{'gas': {'co': 18156, 'co2': 13273, 'no': 18157, 'no2': 18158, 'o3': 18159}, 'pm': {'pm1': 13236, 'pm10': 13238, 'pm25': 13237}}",23.71,24.72,2.39,2.79,16.29,3.04,610135881,71.3,MOD-00625,6.6,2026-02-15T07:12:27,2026-02-14T23:12:27,https://api.quant-aq.com/v1/devices/MOD-00625/data/610135729
395.82,525.18,"{'lat': None, 'lon': None}","{'rh': 71.3, 'temp': 6.6, 'wd': 0.0, 'ws': 0.0, 'ws_scalar': 0.0}","{'gas': {'co': 18156, 'co2': 13273, 'no': 18157, 'no2': 18158, 'o3': 18159}, 'pm': {'pm1': 13236, 'pm10': 13238, 'pm25': 13237}}",25.49,25.13,3.18,2.38,22.58,2.63,610135880,71.3,MOD-00625,6.6,2026-02-15T07:11:27,2026-02-14T23:11:27,https://api.quant-aq.com/v1/devices/MOD-00625/data/610135730
418.59,525.9,"{'lat': None, 'lon': None}","{'rh': 71.0, 'temp': 6.6, 'wd': 0.0, 'ws': 0.0, 'ws_scalar': 0.0}","{'gas': {'co': 18156, 'co2': 13273, 'no': 18157, 'no2': 18158, 'o3': 18159}, 'pm': {'pm1': 13236, 'pm10': 13238, 'pm25': 13237}}",26.9,25.6,3.08,2.81,10.62,3.32,610133630,71.0,MOD-00625,6.6,2026-02-15T07:10:27,2026-02-14T23:10:27,https://api.quant-aq.com/v1/devices/MOD-00625/data/610133479
457.66,524.22,"{'lat': None, 'lon': None}","{'rh': 71.0, 'temp': 6.7, 'wd': 0.0, 'ws': 0.0, 'ws_scalar': 0.0}","{'gas': {'co': 18156, 'co2': 13273, 'no': 18157, 'no2': 18158, 'o3': 18159}, 'pm': {'pm1': 13236, 'pm10': 13238, 'pm25': 13237}}",28.33,25.62,1.7,2.97,38.2,3.33,610133631,71.0,MOD-00625,6.7,2026-02-15T07:09:27,2026-02-14T23:09:27,https://api.quant-aq.com/v1/devices/MOD-00625/data/610133480
590.81,526.14,"{'lat': None, 'lon': None}","{'rh': 71.2, 'temp': 6.7, 'wd': 0.0, 'ws': 0.0, 'ws_scalar': 0.0}","{'gas': {'co': 18156, 'co2': 13273, 'no': 18157, 'no2': 18158, 'o3': 18159}, 'pm': {'pm1': 13236, 'pm10': 13238, 'pm25': 13237}}",35.42,26.43,0.98,3.22,33.5,3.8,610133628,71.2,MOD-00625,6.7,2026-02-15T07:08:27,2026-02-14T23:08:27,https://api.quant-aq.com/v1/devices/MOD-00625/data/610133477
652.66,526.14,"{'lat': None, 'lon': None}","{'rh': 71.3, 'temp': 6.7, 'wd': 0.0, 'ws': 0.0, 'ws_scalar': 0.0}","{'gas': {'co': 18156, 'co2': 13273, 'no': 18157, 'no2': 18158, 'o3': 18159}, 'pm': {'pm1': 13236, 'pm10': 13238, 'pm25': 13237}}",46.54,25.16,3.17,2.81,8.25,3.37,610133629,71.3,MOD-00625,6.7,2026-02-15T07:07:27,2026-02-14T23:07:27,https://api.quant-aq.com/v1/devices/MOD-00625/data/610133478
680.21,530.96,"{'lat': None, 'lon': None}","{'rh': 71.2, 'temp': 6.7, 'wd': 0.0, 'ws': 0.0, 'ws_scalar': 0.0}","{'gas': {'co': 18156, 'co2': 13273, 'no': 18157, 'no2': 18158, 'o3': 18159}, 'pm': {'pm1': 13236, 'pm10': 13238, 'pm25': 13237}}",52.27,26.01,2.47,2.61,32.34,3.13,610131328,71.2,MOD-00625,6.7,2026-02-15T07:06:27,2026-02-14T23:06:27,https://api.quant-aq.com/v1/devices/MOD-00625/data/610131178
871.67,530.72,"{'lat': None, 'lon': None}","{'rh': 71.3, 'temp': 6.7, 'wd': 0.0, 'ws': 0.0, 'ws_scalar': 0.0}","{'gas': {'co': 18156, 'co2': 13273, 'no': 18157, 'no2': 18158, 'o3': 18159}, 'pm': {'pm1': 13236, 'pm10': 13238, 'pm25': 13237}}",58.55,24.32,3.42,2.71,24.96,3.36,610131327,71.3,MOD-00625,6.7,2026-02-15T07:05:27,2026-02-14T23:05:27,https://api.quant-aq.com/v1/devices/MOD-00625/data/610131176
862.77,533.37,"{'lat': None, 'lon': None}","{'rh': 71.7, 'temp': 6.7, 'wd': 0.0, 'ws': 0.0, 'ws_scalar': 0.0}","{'gas': {'co': 18156, 'co2': 13273, 'no': 18157, 'no2': 18158, 'o3': 18159}, 'pm': {'pm1': 13236, 'pm10': 13238, 'pm25': 13237}}",84.26,19.31,9.09,2.92,36.55,3.48,610131329,71.7,MOD-00625,6.7,2026-02-15T07:04:27,2026-02-14T23:04:27,https://api.quant-aq.com/v1/devices/MOD-00625/data/610131177
384.72,527.23,"{'lat': None, 'lon': None}","{'rh': 71.5, 'temp': 6.7, 'wd': 0.0, 'ws': 0.0, 'ws_scalar': 0.0}","{'gas': {'co': 18156, 'co2': 13273, 'no': 18157, 'no2': 18158, 'o3': 18159}, 'pm': {'pm1': 13236, 'pm10': 13238, 'pm25': 13237}}",30.47,24.29,3.4,2.85,15.8,3.57,610131330,71.5,MOD-00625,6.7,2026-02-15T07:03:27,2026-02-14T23:03:27,https://api.quant-aq.com/v1/devices/MOD-00625/data/610131180
367.08,527.11,"{'lat': None, 'lon': None}","{'rh': 71.5, 'temp': 6.7, 'wd': 0.0, 'ws': 0.0, 'ws_scalar': 0.0}","{'gas': {'co': 18156, 'co2': 13273, 'no': 18157, 'no2': 18158, 'o3': 18159}, 'pm': {'pm1': 13236, 'pm10': 13238, 'pm25': 13237}}",29.41,24.71,3.28,3.06,56.94,3.72,610129065,71.5,MOD-00625,6.7,2026-02-15T07:02:27,2026-02-14T23:02:27,https://api.quant-aq.com/v1/devices/MOD-00625/data/610128919
362.84,525.42,"{'lat': None, 'lon': None}","{'rh': 71.7, 'temp': 6.7, 'wd': 0.0, 'ws': 0.0, 'ws_scalar': 0.0}","{'gas': {'co': 18156, 'co2': 13273, 'no': 18157, 'no2': 18158, 'o3': 18159}, 'pm': {'pm1': 13236, 'pm10': 13238, 'pm25': 13237}}",32.25,25.52,2.56,2.96,45.47,3.47,610129062,71.7,MOD-00625,6.7,2026-02-15T07:01:27,2026-02-14T23:01:27,https://api.quant-aq.com/v1/devices/MOD-00625/data/610128912
365.57,528.67,"{'lat': None, 'lon': None}","{'rh': 71.9, 'temp': 6.7, 'wd': 0.0, 'ws': 0.0, 'ws_scalar': 0.0}","{'gas': {'co': 18156, 'co2': 13273, 'no': 18157, 'no2': 18158, 'o3': 18159}, 'pm': {'pm1': 13236, 'pm10': 13238, 'pm25': 13237}}",32.25,23.39,4.99,2.75,14.2,3.19,610129063,71.9,MOD-00625,6.7,2026-02-15T07:00:27,2026-02-14T23:00:27,https://api.quant-aq.com/v1/devices/MOD-00625/data/610128914
371.72,524.34,"{'lat': None, 'lon': None}","{'rh': 71.9, 'temp': 6.7, 'wd': 0.0, 'ws': 0.0, 'ws_scalar': 0.0}","{'gas': {'co': 18156, 'co2': 13273, 'no': 18157, 'no2': 18158, 'o3': 18159}, 'pm': {'pm1': 13236, 'pm10': 13238, 'pm25': 13237}}",30.12,24.23,3.37,2.48,28.36,2.77,610129064,71.9,MOD-00625,6.7,2026-02-15T06:59:27,2026-02-14T22:59:27,https://api.quant-aq.com/v1/devices/MOD-00625/data/610128916
377.8,528.79,"{'lat': None, 'lon': None}","{'rh': 72.0, 'temp': 6.7, 'wd': 0.0, 'ws': 0.0, 'ws_scalar': 0.0}","{'gas': {'co': 18156, 'co2': 13273, 'no': 18157, 'no2': 18158, 'o3': 18159}, 'pm': {'pm1': 13236, 'pm10': 13238, 'pm25': 13237}}",25.87,23.37,3.61,2.61,6.28,3.02,610126792,72.0,MOD-00625,6.7,2026-02-15T06:58:27,2026-02-14T22:58:27,https://api.quant-aq.com/v1/devices/MOD-00625/data/610126643
378.21,528.67,"{'lat': None, 'lon': None}","{'rh': 72.0, 'temp': 6.7, 'wd': 0.0, 'ws': 0.0, 'ws_scalar': 0.0}","{'gas': {'co': 18156, 'co2': 13273, 'no': 18157, 'no2': 18158, 'o3': 18159}, 'pm': {'pm1': 13236, 'pm10': 13238, 'pm25': 13237}}",23.04,23.37,3.61,2.49,24.34,3.23,610126796,72.0,MOD-00625,6.7,2026-02-15T06:57:27,2026-02-14T22:57:27,https://api.quant-aq.com/v1/devices/MOD-00625/data/610126646
383.06,529.64,"{'lat': None, 'lon': None}","{'rh': 72.1, 'temp': 6.7, 'wd': 0.0, 'ws': 0.0, 'ws_scalar': 0.0}","{'gas': {'co': 18156, 'co2': 13273, 'no': 18157, 'no2': 18158, 'o3': 18159}, 'pm': {'pm1': 13236, 'pm10': 13238, 'pm25': 13237}}",17.52,23.78,3.48,2.43,45.57,2.92,610126798,72.1,MOD-00625,6.7,2026-02-15T06:56:27,2026-02-14T22:56:27,https://api.quant-aq.com/v1/devices/MOD-00625/data/610126647
387.17,527.95,"{'lat': None, 'lon': None}","{'rh': 72.1, 'temp': 6.7, 'wd': 0.0, 'ws': 0.0, 'ws_scalar': 0.0}","{'gas': {'co': 18156, 'co2': 13273, 'no': 18157, 'no2': 18158, 'o3': 18159}, 'pm': {'pm1': 13236, 'pm10': 13238, 'pm25': 13237}}",16.54,24.62,2.78,2.25,61.22,2.56,610126795,72.1,MOD-00625,6.7,2026-02-15T06:55:27,2026-02-14T22:55:27,https://api.quant-aq.com/v1/devices/MOD-00625/data/610126645
393.66,528.43,"{'lat': None, 'lon': None}","{'rh': 72.2, 'temp': 6.7, 'wd': 0.0, 'ws': 0.0, 'ws_scalar': 0.0}","{'gas': {'co': 18156, 'co2': 13273, 'no': 18157, 'no2': 18158, 'o3': 18159}, 'pm': {'pm1': 13236, 'pm10': 13238, 'pm25': 13237}}",14.26,24.18,3.35,2.34,22.74,2.74,610124483,72.2,MOD-00625,6.7,2026-02-15T06:54:27,2026-02-14T22:54:27,https://api.quant-aq.com/v1/devices/MOD-00625/data/610124332
394.52,526.75,"{'lat': None, 'lon': None}","{'rh': 72.3, 'temp': 6.8, 'wd': 0.0, 'ws': 0.0, 'ws_scalar': 0.0}","{'gas': {'co': 18156, 'co2': 13273, 'no': 18157, 'no2': 18158, 'o3': 18159}, 'pm': {'pm1': 13236, 'pm10': 13238, 'pm25': 13237}}",13.26,22.93,4.61,2.51,17.58,2.9,610124485,72.3,MOD-00625,6.8,2026-02-15T06:53:27,2026-02-14T22:53:27,https://api.quant-aq.com/v1/devices/MOD-00625/data/610124334
392.88,527.35,"{'lat': None, 'lon': None}","{'rh': 72.3, 'temp': 6.8, 'wd': 0.0, 'ws': 0.0, 'ws_scalar': 0.0}","{'gas': {'co': 18156, 'co2': 13273, 'no': 18157, 'no2': 18158, 'o3': 18159}, 'pm': {'pm1': 13236, 'pm10': 13238, 'pm25': 13237}}",12.61,24.19,3.33,2.64,21.05,3.07,610124484,72.3,MOD-00625,6.8,2026-02-15T06:52:27,2026-02-14T22:52:27,https://api.quant-aq.com/v1/devices/MOD-00625/data/610124333
388.58,529.52,"{'lat': None, 'lon': None}","{'rh': 72.0, 'temp': 6.8, 'wd': 0.0, 'ws': 0.0, 'ws_scalar': 0.0}","{'gas': {'co': 18156, 'co2': 13273, 'no': 18157, 'no2': 18158, 'o3': 18159}, 'pm': {'pm1': 13236, 'pm10': 13238, 'pm25': 13237}}",12.61,23.82,3.47,2.28,26.87,2.6,610124486,72.0,MOD-00625,6.8,2026-02-15T06:51:27,2026-02-14T22:51:27,https://api.quant-aq.com/v1/devices/MOD-00625/data/610124335
400.06,528.31,"{'lat': None, 'lon': None}","{'rh': 72.0, 'temp': 6.8, 'wd': 0.0, 'ws': 0.0, 'ws_scalar': 0.0}","{'gas': {'co': 18156, 'co2': 13273, 'no': 18157, 'no2': 18158, 'o3': 18159}, 'pm': {'pm1': 13236, 'pm10': 13238, 'pm25': 13237}}",11.63,24.24,2.44,2.2,19.53,2.51,610122223,72.0,MOD-00625,6.8,2026-02-15T06:50:27,2026-02-14T22:50:27,https://api.quant-aq.com/v1/devices/MOD-00625/data/610122072
402.04,527.35,"{'lat': None, 'lon': None}","{'rh': 72.1, 'temp': 6.8, 'wd': 0.0, 'ws': 0.0, 'ws_scalar': 0.0}","{'gas': {'co': 18156, 'co2': 13273, 'no': 18157, 'no2': 18158, 'o3': 18159}, 'pm': {'pm1': 13236, 'pm10': 13238, 'pm25': 13237}}",10.65,24.22,2.89,2.34,34.79,2.89,610122222,72.1,MOD-00625,6.8,2026-02-15T06:49:27,2026-02-14T22:49:27,https://api.quant-aq.com/v1/devices/MOD-00625/data/610122071
390.9,531.32,"{'lat': None, 'lon': None}","{'rh': 72.2, 'temp': 6.8, 'wd': 0.0, 'ws': 0.0, 'ws_scalar': 0.0}","{'gas': {'co': 18156, 'co2': 13273, 'no': 18157, 'no2': 18158, 'o3': 18159}, 'pm': {'pm1': 13236, 'pm10': 13238, 'pm25': 13237}}",10.98,24.62,4.13,2.62,21.66,3.22,610122224,72.2,MOD-00625,6.8,2026-02-15T06:48:27,2026-02-14T22:48:27,https://api.quant-aq.com/v1/devices/MOD-00625/data/610122073
377.09,528.07,"{'lat': None, 'lon': None}","{'rh': 72.0, 'temp': 6.8, 'wd': 0.0, 'ws': 0.0, 'ws_scalar': 0.0}","{'gas': {'co': 18156, 'co2': 13273, 'no': 18157, 'no2': 18158, 'o3': 18159}, 'pm': {'pm1': 13236, 'pm10': 13238, 'pm25': 13237}}",11.63,24.24,2.9,3.14,33.09,3.57,610122221,72.0,MOD-00625,6.8,2026-02-15T06:47:27,2026-02-14T22:47:27,https://api.quant-aq.com/v1/devices/MOD-00625/data/610122070
377.3,528.67,"{'lat': None, 'lon': None}","{'rh': 71.7, 'temp': 6.8, 'wd': 0.0, 'ws': 0.0, 'ws_scalar': 0.0}","{'gas': {'co': 18156, 'co2': 13273, 'no': 18157, 'no2': 18158, 'o3': 18159}, 'pm': {'pm1': 13236, 'pm10': 13238, 'pm25': 13237}}",10.98,23.86,3.95,2.59,40.99,3.17,610119966,71.7,MOD-00625,6.8,2026-02-15T06:46:27,2026-02-14T22:46:27,https://api.quant-aq.com/v1/devices/MOD-00625/data/610119815
381.14,524.82,"{'lat': None, 'lon': None}","{'rh': 71.5, 'temp': 6.8, 'wd': 0.0, 'ws': 0.0, 'ws_scalar': 0.0}","{'gas': {'co': 18156, 'co2': 13273, 'no': 18157, 'no2': 18158, 'o3': 18159}, 'pm': {'pm1': 13236, 'pm10': 13238, 'pm25': 13237}}",12.28,24.31,3.39,2.89,51.34,3.71,610119967,71.5,MOD-00625,6.8,2026-02-15T06:45:27,2026-02-14T22:45:27,https://api.quant-aq.com/v1/devices/MOD-00625/data/610119816
363.09,524.94,"{'lat': None, 'lon': None}","{'rh': 71.5, 'temp': 6.8, 'wd': 0.0, 'ws': 0.0, 'ws_scalar': 0.0}","{'gas': {'co': 18156, 'co2': 13273, 'no': 18157, 'no2': 18158, 'o3': 18159}, 'pm': {'pm1': 13236, 'pm10': 13238, 'pm25': 13237}}",11.63,24.31,3.39,2.71,64.76,3.5,610119964,71.5,MOD-00625,6.8,2026-02-15T06:44:27,2026-02-14T22:44:27,https://api.quant-aq.com/v1/devices/MOD-00625/data/610119814
353.45,518.19,"{'lat': None, 'lon': None}","{'rh': 71.8, 'temp': 6.8, 'wd': 0.0, 'ws': 0.0, 'ws_scalar': 0.0}","{'gas': {'co': 18156, 'co2': 13273, 'no': 18157, 'no2': 18158, 'o3': 18159}, 'pm': {'pm1': 13236, 'pm10': 13238, 'pm25': 13237}}",12.28,24.27,3.37,2.22,94.75,2.89,610119965,71.8,MOD-00625,6.8,2026-02-15T06:43:27,2026-02-14T22:43:27,https://api.quant-aq.com/v1/devices/MOD-00625/data/610119813
361.24,519.16,"{'lat': None, 'lon': None}","{'rh': 71.8, 'temp': 6.8, 'wd': 0.0, 'ws': 0.0, 'ws_scalar': 0.0}","{'gas': {'co': 18156, 'co2': 13273, 'no': 18157, 'no2': 18158, 'o3': 18159}, 'pm': {'pm1': 13236, 'pm10': 13238, 'pm25': 13237}}",11.3,23.43,3.61,2.06,46.93,2.6,610117750,71.8,MOD-00625,6.8,2026-02-15T06:42:27,2026-02-14T22:42:27,https://api.quant-aq.com/v1/devices/MOD-00625/data/610117598
355.09,515.91,"{'lat': None, 'lon': None}","{'rh': 71.8, 'temp': 6.8, 'wd': 0.0, 'ws': 0.0, 'ws_scalar': 0.0}","{'gas': {'co': 18156, 'co2': 13273, 'no': 18157, 'no2': 18158, 'o3': 18159}, 'pm': {'pm1': 13236, 'pm10': 13238, 'pm25': 13237}}",9.67,24.69,3.24,2.13,50.23,2.91,610117751,71.8,MOD-00625,6.8,2026-02-15T06:41:27,2026-02-14T22:41:27,https://api.quant-aq.com/v1/devices/MOD-00625/data/610117600
349.42,523.25,"{'lat': None, 'lon': None}","{'rh': 71.7, 'temp': 6.8, 'wd': 0.0, 'ws': 0.0, 'ws_scalar': 0.0}","{'gas': {'co': 18156, 'co2': 13273, 'no': 18157, 'no2': 18158, 'o3': 18159}, 'pm': {'pm1': 13236, 'pm10': 13238, 'pm25': 13237}}",8.7,23.44,4.08,1.88,81.84,2.82,610117748,71.7,MOD-00625,6.8,2026-02-15T06:40:27,2026-02-14T22:40:27,https://api.quant-aq.com/v1/devices/MOD-00625/data/610117597
351.13,521.33,"{'lat': None, 'lon': None}","{'rh': 71.6, 'temp': 6.8, 'wd': 0.0, 'ws': 0.0, 'ws_scalar': 0.0}","{'gas': {'co': 18156, 'co2': 13273, 'no': 18157, 'no2': 18158, 'o3': 18159}, 'pm': {'pm1': 13236, 'pm10': 13238, 'pm25': 13237}}",8.7,25.14,4.5,2.07,61.51,3.01,610117749,71.6,MOD-00625,6.8,2026-02-15T06:39:27,2026-02-14T22:39:27,https://api.quant-aq.com/v1/devices/MOD-00625/data/610117599
348.81,519.52,"{'lat': None, 'lon': None}","{'rh': 71.4, 'temp': 6.8, 'wd': 0.0, 'ws': 0.0, 'ws_scalar': 0.0}","{'gas': {'co': 18156, 'co2': 13273, 'no': 18157, 'no2': 18158, 'o3': 18159}, 'pm': {'pm1': 13236, 'pm10': 13238, 'pm25': 13237}}",8.7,23.91,3.52,1.9,68.5,2.62,610115425,71.4,MOD-00625,6.8,2026-02-15T06:38:27,2026-02-14T22:38:27,https://api.quant-aq.com/v1/devices/MOD-00625/data/610115274
340.6,516.75,"{'lat': None, 'lon': None}","{'rh': 71.4, 'temp': 6.8, 'wd': 0.0, 'ws': 0.0, 'ws_scalar': 0.0}","{'gas': {'co': 18156, 'co2': 13273, 'no': 18157, 'no2': 18158, 'o3': 18159}, 'pm': {'pm1': 13236, 'pm10': 13238, 'pm25': 13237}}",10.65,24.75,3.73,1.97,31.88,2.45,610115424,71.4,MOD-00625,6.8,2026-02-15T06:37:27,2026-02-14T22:37:27,https://api.quant-aq.com/v1/devices/MOD-00625/data/610115272
343.62,517.35,"{'lat': None, 'lon': None}","{'rh': 71.2, 'temp': 6.8, 'wd': 0.0, 'ws': 0.0, 'ws_scalar': 0.0}","{'gas': {'co': 18156, 'co2': 13273, 'no': 18157, 'no2': 18158, 'o3': 18159}, 'pm': {'pm1': 13236, 'pm10': 13238, 'pm25': 13237}}",10.65,24.78,3.29,1.92,23.9,2.59,610115426,71.2,MOD-00625,6.8,2026-02-15T06:36:27,2026-02-14T22:36:27,https://api.quant-aq.com/v1/devices/MOD-00625/data/610115275
343.28,516.99,"{'lat': None, 'lon': None}","{'rh': 71.1, 'temp': 6.8, 'wd': 0.0, 'ws': 0.0, 'ws_scalar': 0.0}","{'gas': {'co': 18156, 'co2': 13273, 'no': 18157, 'no2': 18158, 'o3': 18159}, 'pm': {'pm1': 13236, 'pm10': 13238, 'pm25': 13237}}",10.65,23.54,3.67,2.34,43.43,2.92,610115423,71.1,MOD-00625,6.8,2026-02-15T06:35:27,2026-02-14T22:35:27,https://api.quant-aq.com/v1/devices/MOD-00625/data/610115273
335.41,515.42,"{'lat': None, 'lon': None}","{'rh': 71.2, 'temp': 6.8, 'wd': 0.0, 'ws': 0.0, 'ws_scalar': 0.0}","{'gas': {'co': 18156, 'co2': 13273, 'no': 18157, 'no2': 18158, 'o3': 18159}, 'pm': {'pm1': 13236, 'pm10': 13238, 'pm25': 13237}}",10.98,23.94,3.08,1.98,31.05,2.16,610113144,71.2,MOD-00625,6.8,2026-02-15T06:34:27,2026-02-14T22:34:27,https://api.quant-aq.com/v1/devices/MOD-00625/data/610112993
331.79,515.42,"{'lat': None, 'lon': None}","{'rh': 71.1, 'temp': 6.8, 'wd': 0.0, 'ws': 0.0, 'ws_scalar': 0.0}","{'gas': {'co': 18156, 'co2': 13273, 'no': 18157, 'no2': 18158, 'o3': 18159}, 'pm': {'pm1': 13236, 'pm10': 13238, 'pm25': 13237}}",11.63,24.37,3.42,2.05,10.13,2.28,610113145,71.1,MOD-00625,6.8,2026-02-15T06:33:27,2026-02-14T22:33:27,https://api.quant-aq.com/v1/devices/MOD-00625/data/610112994
333.2,517.35,"{'lat': None, 'lon': None}","{'rh': 71.0, 'temp': 6.9, 'wd': 0.0, 'ws': 0.0, 'ws_scalar': 0.0}","{'gas': {'co': 18156, 'co2': 13273, 'no': 18157, 'no2': 18158, 'o3': 18159}, 'pm': {'pm1': 13236, 'pm10': 13238, 'pm25': 13237}}",12.59,24.41,3.41,2.13,21.65,2.31,610113147,71.0,MOD-00625,6.9,2026-02-15T06:32:27,2026-02-14T22:32:27,https://api.quant-aq.com/v1/devices/MOD-00625/data/610112996
328.08,517.83,"{'lat': None, 'lon': None}","{'rh': 70.7, 'temp': 6.9, 'wd': 0.0, 'ws': 0.0, 'ws_scalar': 0.0}","{'gas': {'co': 18156, 'co2': 13273, 'no': 18157, 'no2': 18158, 'o3': 18159}, 'pm': {'pm1': 13236, 'pm10': 13238, 'pm25': 13237}}",12.58,24.04,4.47,1.9,15.57,2.07,610113146,70.7,MOD-00625,6.9,2026-02-15T06:31:27,2026-02-14T22:31:27,https://api.quant-aq.com/v1/devices/MOD-00625/data/610112995
325.69,516.51,"{'lat': None, 'lon': None}","{'rh': 70.6, 'temp': 6.9, 'wd': 0.0, 'ws': 0.0, 'ws_scalar': 0.0}","{'gas': {'co': 18156, 'co2': 13273, 'no': 18157, 'no2': 18158, 'o3': 18159}, 'pm': {'pm1': 13236, 'pm10': 13238, 'pm25': 13237}}",12.26,24.06,3.11,2.53,4.53,2.68,610110886,70.6,MOD-00625,6.9,2026-02-15T06:30:27,2026-02-14T22:30:27,https://api.quant-aq.com/v1/devices/MOD-00625/data/610110734
321.66,514.94,"{'lat': None, 'lon': None}","{'rh': 70.5, 'temp': 6.9, 'wd': 0.0, 'ws': 0.0, 'ws_scalar': 0.0}","{'gas': {'co': 18156, 'co2': 13273, 'no': 18157, 'no2': 18158, 'o3': 18159}, 'pm': {'pm1': 13236, 'pm10': 13238, 'pm25': 13237}}",11.28,24.49,3.0,2.56,3.14,2.67,610110885,70.5,MOD-00625,6.9,2026-02-15T06:29:27,2026-02-14T22:29:27,https://api.quant-aq.com/v1/devices/MOD-00625/data/610110735
320.09,516.99,"{'lat': None, 'lon': None}","{'rh': 70.4, 'temp': 6.9, 'wd': 0.0, 'ws': 0.0, 'ws_scalar': 0.0}","{'gas': {'co': 18156, 'co2': 13273, 'no': 18157, 'no2': 18158, 'o3': 18159}, 'pm': {'pm1': 13236, 'pm10': 13238, 'pm25': 13237}}",15.52,25.76,3.09,2.39,3.82,2.48,610110884,70.4,MOD-00625,6.9,2026-02-15T06:28:27,2026-02-14T22:28:27,https://api.quant-aq.com/v1/devices/MOD-00625/data/610110733
325.3,514.46,"{'lat': None, 'lon': None}","{'rh': 70.0, 'temp': 6.9, 'wd': 0.0, 'ws': 0.0, 'ws_scalar': 0.0}","{'gas': {'co': 18156, 'co2': 13273, 'no': 18157, 'no2': 18158, 'o3': 18159}, 'pm': {'pm1': 13236, 'pm10': 13238, 'pm25': 13237}}",18.45,24.99,3.37,3.29,3.63,3.52,610110883,70.0,MOD-00625,6.9,2026-02-15T06:27:27,2026-02-14T22:27:27,https://api.quant-aq.com/v1/devices/MOD-00625/data/610110732
325.03,516.27,"{'lat': None, 'lon': None}","{'rh': 69.8, 'temp': 6.9, 'wd': 0.0, 'ws': 0.0, 'ws_scalar': 0.0}","{'gas': {'co': 18156, 'co2': 13273, 'no': 18157, 'no2': 18158, 'o3': 18159}, 'pm': {'pm1': 13236, 'pm10': 13238, 'pm25': 13237}}",26.21,25.02,3.84,3.07,3.77,3.16,610108614,69.8,MOD-00625,6.9,2026-02-15T06:26:27,2026-02-14T22:26:27,https://api.quant-aq.com/v1/devices/MOD-00625/data/610108463
327.08,516.87,"{'lat': None, 'lon': None}","{'rh': 69.8, 'temp': 6.9, 'wd': 0.0, 'ws': 0.0, 'ws_scalar': 0.0}","{'gas': {'co': 18156, 'co2': 13273, 'no': 18157, 'no2': 18158, 'o3': 18159}, 'pm': {'pm1': 13236, 'pm10': 13238, 'pm25': 13237}}",28.33,24.18,4.08,3.03,3.81,3.27,610108615,69.8,MOD-00625,6.9,2026-02-15T06:25:27,2026-02-14T22:25:27,https://api.quant-aq.com/v1/devices/MOD-00625/data/610108464
325.44,517.11,"{'lat': None, 'lon': None}","{'rh': 69.8, 'temp': 6.9, 'wd': 0.0, 'ws': 0.0, 'ws_scalar': 0.0}","{'gas': {'co': 18156, 'co2': 13273, 'no': 18157, 'no2': 18158, 'o3': 18159}, 'pm': {'pm1': 13236, 'pm10': 13238, 'pm25': 13237}}",25.5,23.76,2.84,2.99,4.07,3.17,610108613,69.8,MOD-00625,6.9,2026-02-15T06:24:27,2026-02-14T22:24:27,https://api.quant-aq.com/v1/devices/MOD-00625/data/610108462
325.9,517.59,"{'lat': None, 'lon': None}","{'rh': 70.3, 'temp': 6.9, 'wd': 0.0, 'ws': 0.0, 'ws_scalar': 0.0}","{'gas': {'co': 18156, 'co2': 13273, 'no': 18157, 'no2': 18158, 'o3': 18159}, 'pm': {'pm1': 13236, 'pm10': 13238, 'pm25': 13237}}",26.93,24.52,2.1,3.18,3.26,3.26,610108616,70.3,MOD-00625,6.9,2026-02-15T06:23:27,2026-02-14T22:23:27,https://api.quant-aq.com/v1/devices/MOD-00625/data/610108465
328.83,518.07,"{'lat': None, 'lon': None}","{'rh': 70.8, 'temp': 6.9, 'wd': 0.0, 'ws': 0.0, 'ws_scalar': 0.0}","{'gas': {'co': 18156, 'co2': 13273, 'no': 18157, 'no2': 18158, 'o3': 18159}, 'pm': {'pm1': 13236, 'pm10': 13238, 'pm25': 13237}}",27.65,24.03,3.1,3.47,19.14,3.57,610106345,70.8,MOD-00625,6.9,2026-02-15T06:22:27,2026-02-14T22:22:27,https://api.quant-aq.com/v1/devices/MOD-00625/data/610106195
329.8,517.71,"{'lat': None, 'lon': None}","{'rh': 70.6, 'temp': 6.9, 'wd': 0.0, 'ws': 0.0, 'ws_scalar': 0.0}","{'gas': {'co': 18156, 'co2': 13273, 'no': 18157, 'no2': 18158, 'o3': 18159}, 'pm': {'pm1': 13236, 'pm10': 13238, 'pm25': 13237}}",26.93,23.22,4.27,2.62,3.34,2.78,610106346,70.6,MOD-00625,6.9,2026-02-15T06:21:27,2026-02-14T22:21:27,https://api.quant-aq.com/v1/devices/MOD-00625/data/610106194
323.3,519.04,"{'lat': None, 'lon': None}","{'rh': 70.5, 'temp': 6.9, 'wd': 0.0, 'ws': 0.0, 'ws_scalar': 0.0}","{'gas': {'co': 18156, 'co2': 13273, 'no': 18157, 'no2': 18158, 'o3': 18159}, 'pm': {'pm1': 13236, 'pm10': 13238, 'pm25': 13237}}",26.58,22.81,3.49,2.76,3.42,2.85,610106344,70.5,MOD-00625,6.9,2026-02-15T06:20:27,2026-02-14T22:20:27,https://api.quant-aq.com/v1/devices/MOD-00625/data/610106193
320.2,514.82,"{'lat': None, 'lon': None}","{'rh': 70.4, 'temp': 7.0, 'wd': 0.0, 'ws': 0.0, 'ws_scalar': 0.0}","{'gas': {'co': 18156, 'co2': 13273, 'no': 18157, 'no2': 18158, 'o3': 18159}, 'pm': {'pm1': 13236, 'pm10': 13238, 'pm25': 13237}}",25.17,22.85,4.85,2.76,5.08,2.97,610106343,70.4,MOD-00625,7.0,2026-02-15T06:19:27,2026-02-14T22:19:27,https://api.quant-aq.com/v1/devices/MOD-00625/data/610106192
312.89,511.93,"{'lat': None, 'lon': None}","{'rh': 70.3, 'temp': 7.0, 'wd': 0.0, 'ws': 0.0, 'ws_scalar': 0.0}","{'gas': {'co': 18156, 'co2': 13273, 'no': 18157, 'no2': 18158, 'o3': 18159}, 'pm': {'pm1': 13236, 'pm10': 13238, 'pm25': 13237}}",17.78,22.45,4.98,2.76,22.11,3.17,610104065,70.3,MOD-00625,7.0,2026-02-15T06:18:27,2026-02-14T22:18:27,https://api.quant-aq.com/v1/devices/MOD-00625/data/610103914
311.45,512.05,"{'lat': None, 'lon': None}","{'rh': 70.6, 'temp': 7.0, 'wd': 0.0, 'ws': 0.0, 'ws_scalar': 0.0}","{'gas': {'co': 18156, 'co2': 13273, 'no': 18157, 'no2': 18158, 'o3': 18159}, 'pm': {'pm1': 13236, 'pm10': 13238, 'pm25': 13237}}",9.96,22.4,4.05,2.16,5.36,2.41,610104068,70.6,MOD-00625,7.0,2026-02-15T06:17:27,2026-02-14T22:17:27,https://api.quant-aq.com/v1/devices/MOD-00625/data/610103917
319.31,516.39,"{'lat': None, 'lon': None}","{'rh': 70.5, 'temp': 7.0, 'wd': 0.0, 'ws': 0.0, 'ws_scalar': 0.0}","{'gas': {'co': 18156, 'co2': 13273, 'no': 18157, 'no2': 18158, 'o3': 18159}, 'pm': {'pm1': 13236, 'pm10': 13238, 'pm25': 13237}}",6.7,23.26,5.18,2.46,6.38,2.64,610104067,70.5,MOD-00625,7.0,2026-02-15T06:16:27,2026-02-14T22:16:27,https://api.quant-aq.com/v1/devices/MOD-00625/data/610103916
320.81,516.03,"{'lat': None, 'lon': None}","{'rh': 70.7, 'temp': 7.0, 'wd': 0.0, 'ws': 0.0, 'ws_scalar': 0.0}","{'gas': {'co': 18156, 'co2': 13273, 'no': 18157, 'no2': 18158, 'o3': 18159}, 'pm': {'pm1': 13236, 'pm10': 13238, 'pm25': 13237}}",11.59,24.9,3.76,3.04,11.14,3.16,610104066,70.7,MOD-00625,7.0,2026-02-15T06:15:27,2026-02-14T22:15:27,https://api.quant-aq.com/v1/devices/MOD-00625/data/610103915
326.89,517.35,"{'lat': None, 'lon': None}","{'rh': 70.8, 'temp': 7.0, 'wd': 0.0, 'ws': 0.0, 'ws_scalar': 0.0}","{'gas': {'co': 18156, 'co2': 13273, 'no': 18157, 'no2': 18158, 'o3': 18159}, 'pm': {'pm1': 13236, 'pm10': 13238, 'pm25': 13237}}",16.15,24.47,3.87,3.84,13.28,4.03,610101744,70.8,MOD-00625,7.0,2026-02-15T06:14:27,2026-02-14T22:14:27,https://api.quant-aq.com/v1/devices/MOD-00625/data/610101593
334.83,518.19,"{'lat': None, 'lon': None}","{'rh': 70.6, 'temp': 7.0, 'wd': 0.0, 'ws': 0.0, 'ws_scalar': 0.0}","{'gas': {'co': 18156, 'co2': 13273, 'no': 18157, 'no2': 18158, 'o3': 18159}, 'pm': {'pm1': 13236, 'pm10': 13238, 'pm25': 13237}}",20.21,24.92,4.68,3.25,16.49,3.36,610101747,70.6,MOD-00625,7.0,2026-02-15T06:13:27,2026-02-14T22:13:27,https://api.quant-aq.com/v1/devices/MOD-00625/data/610101596
333.33,515.42,"{'lat': None, 'lon': None}","{'rh': 70.4, 'temp': 7.0, 'wd': 0.0, 'ws': 0.0, 'ws_scalar': 0.0}","{'gas': {'co': 18156, 'co2': 13273, 'no': 18157, 'no2': 18158, 'o3': 18159}, 'pm': {'pm1': 13236, 'pm10': 13238, 'pm25': 13237}}",19.85,24.11,4.03,3.33,18.93,3.58,610101746,70.4,MOD-00625,7.0,2026-02-15T06:12:27,2026-02-14T22:12:27,https://api.quant-aq.com/v1/devices/MOD-00625/data/610101595
334.83,515.42,"{'lat': None, 'lon': None}","{'rh': 70.6, 'temp': 7.0, 'wd': 0.0, 'ws': 0.0, 'ws_scalar': 0.0}","{'gas': {'co': 18156, 'co2': 13273, 'no': 18157, 'no2': 18158, 'o3': 18159}, 'pm': {'pm1': 13236, 'pm10': 13238, 'pm25': 13237}}",19.5,24.5,3.89,3.32,16.62,3.38,610101745,70.6,MOD-00625,7.0,2026-02-15T06:11:27,2026-02-14T22:11:27,https://api.quant-aq.com/v1/devices/MOD-00625/data/610101594
332.03,517.11,"{'lat': None, 'lon': None}","{'rh': 70.5, 'temp': 7.0, 'wd': 0.0, 'ws': 0.0, 'ws_scalar': 0.0}","{'gas': {'co': 18156, 'co2': 13273, 'no': 18157, 'no2': 18158, 'o3': 18159}, 'pm': {'pm1': 13236, 'pm10': 13238, 'pm25': 13237}}",19.86,24.1,4.47,3.39,6.47,3.58,610099474,70.5,MOD-00625,7.0,2026-02-15T06:10:27,2026-02-14T22:10:27,https://api.quant-aq.com/v1/devices/MOD-00625/data/610099323
335.83,516.63,"{'lat': None, 'lon': None}","{'rh': 70.5, 'temp': 7.1, 'wd': 0.0, 'ws': 0.0, 'ws_scalar': 0.0}","{'gas': {'co': 18156, 'co2': 13273, 'no': 18157, 'no2': 18158, 'o3': 18159}, 'pm': {'pm1': 13236, 'pm10': 13238, 'pm25': 13237}}",18.45,23.7,4.59,2.76,19.72,3.09,610099472,70.5,MOD-00625,7.1,2026-02-15T06:09:27,2026-02-14T22:09:27,https://api.quant-aq.com/v1/devices/MOD-00625/data/610099321
327.02,514.7,"{'lat': None, 'lon': None}","{'rh': 70.2, 'temp': 7.1, 'wd': 0.0, 'ws': 0.0, 'ws_scalar': 0.0}","{'gas': {'co': 18156, 'co2': 13273, 'no': 18157, 'no2': 18158, 'o3': 18159}, 'pm': {'pm1': 13236, 'pm10': 13238, 'pm25': 13237}}",17.76,24.17,4.49,2.57,4.58,2.72,610099475,70.2,MOD-00625,7.1,2026-02-15T06:08:27,2026-02-14T22:08:27,https://api.quant-aq.com/v1/devices/MOD-00625/data/610099324
340.96,516.27,"{'lat': None, 'lon': None}","{'rh': 70.2, 'temp': 7.1, 'wd': 0.0, 'ws': 0.0, 'ws_scalar': 0.0}","{'gas': {'co': 18156, 'co2': 13273, 'no': 18157, 'no2': 18158, 'o3': 18159}, 'pm': {'pm1': 13236, 'pm10': 13238, 'pm25': 13237}}",16.45,24.59,4.36,2.6,8.55,2.87,610099473,70.2,MOD-00625,7.1,2026-02-15T06:07:27,2026-02-14T22:07:27,https://api.quant-aq.com/v1/devices/MOD-00625/data/610099322
339.94,515.55,"{'lat': None, 'lon': None}","{'rh': 69.9, 'temp': 7.1, 'wd': 0.0, 'ws': 0.0, 'ws_scalar': 0.0}","{'gas': {'co': 18156, 'co2': 13273, 'no': 18157, 'no2': 18158, 'o3': 18159}, 'pm': {'pm1': 13236, 'pm10': 13238, 'pm25': 13237}}",15.47,23.37,5.21,2.39,10.95,2.48,610097206,69.9,MOD-00625,7.1,2026-02-15T06:06:27,2026-02-14T22:06:27,https://api.quant-aq.com/v1/devices/MOD-00625/data/610097055
347.73,520.72,"{'lat': None, 'lon': None}","{'rh': 69.9, 'temp': 7.1, 'wd': 0.0, 'ws': 0.0, 'ws_scalar': 0.0}","{'gas': {'co': 18156, 'co2': 13273, 'no': 18157, 'no2': 18158, 'o3': 18159}, 'pm': {'pm1': 13236, 'pm10': 13238, 'pm25': 13237}}",13.52,23.79,4.17,2.47,5.92,2.8,610097205,69.9,MOD-00625,7.1,2026-02-15T06:05:27,2026-02-14T22:05:27,https://api.quant-aq.com/v1/devices/MOD-00625/data/610097053
345.68,518.56,"{'lat': None, 'lon': None}","{'rh': 69.9, 'temp': 7.1, 'wd': 0.0, 'ws': 0.0, 'ws_scalar': 0.0}","{'gas': {'co': 18156, 'co2': 13273, 'no': 18157, 'no2': 18158, 'o3': 18159}, 'pm': {'pm1': 13236, 'pm10': 13238, 'pm25': 13237}}",12.22,23.37,5.21,2.73,29.31,2.9,610097204,69.9,MOD-00625,7.1,2026-02-15T06:04:27,2026-02-14T22:04:27,https://api.quant-aq.com/v1/devices/MOD-00625/data/610097054
353.89,518.8,"{'lat': None, 'lon': None}","{'rh': 69.9, 'temp': 7.1, 'wd': 0.0, 'ws': 0.0, 'ws_scalar': 0.0}","{'gas': {'co': 18156, 'co2': 13273, 'no': 18157, 'no2': 18158, 'o3': 18159}, 'pm': {'pm1': 13236, 'pm10': 13238, 'pm25': 13237}}",9.61,23.37,5.21,2.51,7.98,2.78,610097203,69.9,MOD-00625,7.1,2026-02-15T06:03:27,2026-02-14T22:03:27,https://api.quant-aq.com/v1/devices/MOD-00625/data/610097052
356.9,520.12,"{'lat': None, 'lon': None}","{'rh': 69.7, 'temp': 7.1, 'wd': 0.0, 'ws': 0.0, 'ws_scalar': 0.0}","{'gas': {'co': 18156, 'co2': 13273, 'no': 18157, 'no2': 18158, 'o3': 18159}, 'pm': {'pm1': 13236, 'pm10': 13238, 'pm25': 13237}}",6.67,22.15,6.05,2.72,7.36,2.86,610094930,69.7,MOD-00625,7.1,2026-02-15T06:02:27,2026-02-14T22:02:27,https://api.quant-aq.com/v1/devices/MOD-00625/data/610094779
350.26,517.35,"{'lat': None, 'lon': None}","{'rh': 69.8, 'temp': 7.1, 'wd': 0.0, 'ws': 0.0, 'ws_scalar': 0.0}","{'gas': {'co': 18156, 'co2': 13273, 'no': 18157, 'no2': 18158, 'o3': 18159}, 'pm': {'pm1': 13236, 'pm10': 13238, 'pm25': 13237}}",4.25,21.71,6.17,2.89,17.17,3.13,610094931,69.8,MOD-00625,7.1,2026-02-15T06:01:27,2026-02-14T22:01:27,https://api.quant-aq.com/v1/devices/MOD-00625/data/610094780
340.62,521.09,"{'lat': None, 'lon': None}","{'rh': 70.1, 'temp': 7.1, 'wd': 0.0, 'ws': 0.0, 'ws_scalar': 0.0}","{'gas': {'co': 18156, 'co2': 13273, 'no': 18157, 'no2': 18158, 'o3': 18159}, 'pm': {'pm1': 13236, 'pm10': 13238, 'pm25': 13237}}",3.6,22.09,6.02,2.6,6.09,2.77,610094928,70.1,MOD-00625,7.1,2026-02-15T06:00:27,2026-02-14T22:00:27,https://api.quant-aq.com/v1/devices/MOD-00625/data/610094777
350.26,520.24,"{'lat': None, 'lon': None}","{'rh': 69.8, 'temp': 7.1, 'wd': 0.0, 'ws': 0.0, 'ws_scalar': 0.0}","{'gas': {'co': 18156, 'co2': 13273, 'no': 18157, 'no2': 18158, 'o3': 18159}, 'pm': {'pm1': 13236, 'pm10': 13238, 'pm25': 13237}}",3.45,22.13,6.96,3.21,9.87,3.34,610094929,69.8,MOD-00625,7.1,2026-02-15T05:59:27,2026-02-14T21:59:27,https://api.quant-aq.com/v1/devices/MOD-00625/data/610094778
351.16,518.8,"{'lat': None, 'lon': None}","{'rh': 69.7, 'temp': 7.1, 'wd': 0.0, 'ws': 0.0, 'ws_scalar': 0.0}","{'gas': {'co': 18156, 'co2': 13273, 'no': 18157, 'no2': 18158, 'o3': 18159}, 'pm': {'pm1': 13236, 'pm10': 13238, 'pm25': 13237}}",3.76,21.73,7.09,2.53,3.26,2.77,610092638,69.7,MOD-00625,7.1,2026-02-15T05:58:27,2026-02-14T21:58:27,https://api.quant-aq.com/v1/devices/MOD-00625/data/610092487
350.0,520.24,"{'lat': None, 'lon': None}","{'rh': 69.6, 'temp': 7.1, 'wd': 0.0, 'ws': 0.0, 'ws_scalar': 0.0}","{'gas': {'co': 18156, 'co2': 13273, 'no': 18157, 'no2': 18158, 'o3': 18159}, 'pm': {'pm1': 13236, 'pm10': 13238, 'pm25': 13237}}",3.14,22.58,6.39,3.01,3.27,3.05,610092637,69.6,MOD-00625,7.1,2026-02-15T05:57:27,2026-02-14T21:57:27,https://api.quant-aq.com/v1/devices/MOD-00625/data/610092486
351.1,520.97,"{'lat': None, 'lon': None}","{'rh': 69.2, 'temp': 7.1, 'wd': 0.0, 'ws': 0.0, 'ws_scalar': 0.0}","{'gas': {'co': 18156, 'co2': 13273, 'no': 18157, 'no2': 18158, 'o3': 18159}, 'pm': {'pm1': 13236, 'pm10': 13238, 'pm25': 13237}}",3.29,20.99,6.91,3.26,3.69,3.51,610092639,69.2,MOD-00625,7.1,2026-02-15T05:56:27,2026-02-14T21:56:27,https://api.quant-aq.com/v1/devices/MOD-00625/data/610092488
355.47,520.12,"{'lat': None, 'lon': None}","{'rh': 69.4, 'temp': 7.1, 'wd': 0.0, 'ws': 0.0, 'ws_scalar': 0.0}","{'gas': {'co': 18156, 'co2': 13273, 'no': 18157, 'no2': 18158, 'o3': 18159}, 'pm': {'pm1': 13236, 'pm10': 13238, 'pm25': 13237}}",3.14,19.91,8.18,2.78,3.5,2.9,610092636,69.4,MOD-00625,7.1,2026-02-15T05:55:27,2026-02-14T21:55:27,https://api.quant-aq.com/v1/devices/MOD-00625/data/610092485
351.48,520.72,"{'lat': None, 'lon': None}","{'rh': 69.4, 'temp': 7.2, 'wd': 0.0, 'ws': 0.0, 'ws_scalar': 0.0}","{'gas': {'co': 18156, 'co2': 13273, 'no': 18157, 'no2': 18158, 'o3': 18159}, 'pm': {'pm1': 13236, 'pm10': 13238, 'pm25': 13237}}",2.36,20.98,8.71,2.1,4.01,2.17,610090391,69.4,MOD-00625,7.2,2026-02-15T05:54:27,2026-02-14T21:54:27,https://api.quant-aq.com/v1/devices/MOD-00625/data/610090240
353.47,515.55,"{'lat': None, 'lon': None}","{'rh': 68.9, 'temp': 7.2, 'wd': 0.0, 'ws': 0.0, 'ws_scalar': 0.0}","{'gas': {'co': 18156, 'co2': 13273, 'no': 18157, 'no2': 18158, 'o3': 18159}, 'pm': {'pm1': 13236, 'pm10': 13238, 'pm25': 13237}}",2.82,19.75,9.24,3.0,3.33,3.19,610090394,68.9,MOD-00625,7.2,2026-02-15T05:53:27,2026-02-14T21:53:27,https://api.quant-aq.com/v1/devices/MOD-00625/data/610090243
353.61,517.83,"{'lat': None, 'lon': None}","{'rh': 68.7, 'temp': 7.2, 'wd': 0.0, 'ws': 0.0, 'ws_scalar': 0.0}","{'gas': {'co': 18156, 'co2': 13273, 'no': 18157, 'no2': 18158, 'o3': 18159}, 'pm': {'pm1': 13236, 'pm10': 13238, 'pm25': 13237}}",2.67,20.35,9.47,2.47,3.05,2.59,610090392,68.7,MOD-00625,7.2,2026-02-15T05:52:27,2026-02-14T21:52:27,https://api.quant-aq.com/v1/devices/MOD-00625/data/610090241
344.18,518.68,"{'lat': None, 'lon': None}","{'rh': 68.7, 'temp': 7.2, 'wd': 0.0, 'ws': 0.0, 'ws_scalar': 0.0}","{'gas': {'co': 18156, 'co2': 13273, 'no': 18157, 'no2': 18158, 'o3': 18159}, 'pm': {'pm1': 13236, 'pm10': 13238, 'pm25': 13237}}",3.28,20.03,9.13,2.44,9.51,2.56,610090393,68.7,MOD-00625,7.2,2026-02-15T05:51:27,2026-02-14T21:51:27,https://api.quant-aq.com/v1/devices/MOD-00625/data/610090242
343.36,518.19,"{'lat': None, 'lon': None}","{'rh': 68.7, 'temp': 7.2, 'wd': 0.0, 'ws': 0.0, 'ws_scalar': 0.0}","{'gas': {'co': 18156, 'co2': 13273, 'no': 18157, 'no2': 18158, 'o3': 18159}, 'pm': {'pm1': 13236, 'pm10': 13238, 'pm25': 13237}}",3.13,20.35,9.47,2.88,2.98,2.98,610088123,68.7,MOD-00625,7.2,2026-02-15T05:50:27,2026-02-14T21:50:27,https://api.quant-aq.com/v1/devices/MOD-00625/data/610087972
345.27,517.71,"{'lat': None, 'lon': None}","{'rh': 68.9, 'temp': 7.2, 'wd': 0.0, 'ws': 0.0, 'ws_scalar': 0.0}","{'gas': {'co': 18156, 'co2': 13273, 'no': 18157, 'no2': 18158, 'o3': 18159}, 'pm': {'pm1': 13236, 'pm10': 13238, 'pm25': 13237}}",3.28,20.67,7.5,3.03,4.06,3.21,610088122,68.9,MOD-00625,7.2,2026-02-15T05:49:27,2026-02-14T21:49:27,https://api.quant-aq.com/v1/devices/MOD-00625/data/610087971
353.47,518.07,"{'lat': None, 'lon': None}","{'rh': 68.9, 'temp': 7.2, 'wd': 0.0, 'ws': 0.0, 'ws_scalar': 0.0}","{'gas': {'co': 18156, 'co2': 13273, 'no': 18157, 'no2': 18158, 'o3': 18159}, 'pm': {'pm1': 13236, 'pm10': 13238, 'pm25': 13237}}",3.13,21.88,8.05,3.2,22.03,3.27,610088121,68.9,MOD-00625,7.2,2026-02-15T05:48:27,2026-02-14T21:48:27,https://api.quant-aq.com/v1/devices/MOD-00625/data/610087970
353.06,517.35,"{'lat': None, 'lon': None}","{'rh': 68.9, 'temp': 7.2, 'wd': 0.0, 'ws': 0.0, 'ws_scalar': 0.0}","{'gas': {'co': 18156, 'co2': 13273, 'no': 18157, 'no2': 18158, 'o3': 18159}, 'pm': {'pm1': 13236, 'pm10': 13238, 'pm25': 13237}}",3.59,21.46,7.26,3.27,26.09,3.45,610088124,68.9,MOD-00625,7.2,2026-02-15T05:47:27,2026-02-14T21:47:27,https://api.quant-aq.com/v1/devices/MOD-00625/data/610087973
355.56,521.69,"{'lat': None, 'lon': None}","{'rh': 69.0, 'temp': 7.3, 'wd': 0.0, 'ws': 0.0, 'ws_scalar': 0.0}","{'gas': {'co': 18156, 'co2': 13273, 'no': 18157, 'no2': 18158, 'o3': 18159}, 'pm': {'pm1': 13236, 'pm10': 13238, 'pm25': 13237}}",3.58,21.89,6.66,3.47,16.43,3.6,610085878,69.0,MOD-00625,7.3,2026-02-15T05:46:27,2026-02-14T21:46:27,https://api.quant-aq.com/v1/devices/MOD-00625/data/610085726
355.49,516.51,"{'lat': None, 'lon': None}","{'rh': 69.1, 'temp': 7.3, 'wd': 0.0, 'ws': 0.0, 'ws_scalar': 0.0}","{'gas': {'co': 18156, 'co2': 13273, 'no': 18157, 'no2': 18158, 'o3': 18159}, 'pm': {'pm1': 13236, 'pm10': 13238, 'pm25': 13237}}",4.49,23.55,5.25,4.31,7.06,4.48,610085876,69.1,MOD-00625,7.3,2026-02-15T05:45:27,2026-02-14T21:45:27,https://api.quant-aq.com/v1/devices/MOD-00625/data/610085725
355.83,518.44,"{'lat': None, 'lon': None}","{'rh': 69.2, 'temp': 7.3, 'wd': 0.0, 'ws': 0.0, 'ws_scalar': 0.0}","{'gas': {'co': 18156, 'co2': 13273, 'no': 18157, 'no2': 18158, 'o3': 18159}, 'pm': {'pm1': 13236, 'pm10': 13238, 'pm25': 13237}}",6.3,23.95,5.12,4.94,35.1,5.19,610085879,69.2,MOD-00625,7.3,2026-02-15T05:44:27,2026-02-14T21:44:27,https://api.quant-aq.com/v1/devices/MOD-00625/data/610085728
348.45,515.55,"{'lat': None, 'lon': None}","{'rh': 69.2, 'temp': 7.3, 'wd': 0.0, 'ws': 0.0, 'ws_scalar': 0.0}","{'gas': {'co': 18156, 'co2': 13273, 'no': 18157, 'no2': 18158, 'o3': 18159}, 'pm': {'pm1': 13236, 'pm10': 13238, 'pm25': 13237}}",7.61,24.37,4.08,3.74,17.94,4.17,610085877,69.2,MOD-00625,7.3,2026-02-15T05:43:27,2026-02-14T21:43:27,https://api.quant-aq.com/v1/devices/MOD-00625/data/610085727
345.17,514.46,"{'lat': None, 'lon': None}","{'rh': 69.2, 'temp': 7.3, 'wd': 0.0, 'ws': 0.0, 'ws_scalar': 0.0}","{'gas': {'co': 18156, 'co2': 13273, 'no': 18157, 'no2': 18158, 'o3': 18159}, 'pm': {'pm1': 13236, 'pm10': 13238, 'pm25': 13237}}",8.91,23.95,5.12,3.18,10.09,3.38,610083603,69.2,MOD-00625,7.3,2026-02-15T05:42:27,2026-02-14T21:42:27,https://api.quant-aq.com/v1/devices/MOD-00625/data/610083452
335.32,515.55,"{'lat': None, 'lon': None}","{'rh': 69.2, 'temp': 7.3, 'wd': 0.0, 'ws': 0.0, 'ws_scalar': 0.0}","{'gas': {'co': 18156, 'co2': 13273, 'no': 18157, 'no2': 18158, 'o3': 18159}, 'pm': {'pm1': 13236, 'pm10': 13238, 'pm25': 13237}}",8.59,24.79,3.96,2.93,6.91,3.05,610083602,69.2,MOD-00625,7.3,2026-02-15T05:41:27,2026-02-14T21:41:27,https://api.quant-aq.com/v1/devices/MOD-00625/data/610083451
330.74,514.46,"{'lat': None, 'lon': None}","{'rh': 69.3, 'temp': 7.3, 'wd': 0.0, 'ws': 0.0, 'ws_scalar': 0.0}","{'gas': {'co': 18156, 'co2': 13273, 'no': 18157, 'no2': 18158, 'o3': 18159}, 'pm': {'pm1': 13236, 'pm10': 13238, 'pm25': 13237}}",7.28,24.35,4.98,2.57,13.79,3.02,610083605,69.3,MOD-00625,7.3,2026-02-15T05:40:27,2026-02-14T21:40:27,https://api.quant-aq.com/v1/devices/MOD-00625/data/610083454
329.03,515.18,"{'lat': None, 'lon': None}","{'rh': 69.4, 'temp': 7.3, 'wd': 0.0, 'ws': 0.0, 'ws_scalar': 0.0}","{'gas': {'co': 18156, 'co2': 13273, 'no': 18157, 'no2': 18158, 'o3': 18159}, 'pm': {'pm1': 13236, 'pm10': 13238, 'pm25': 13237}}",6.3,23.92,5.1,2.43,19.51,2.7,610083604,69.4,MOD-00625,7.3,2026-02-15T05:39:27,2026-02-14T21:39:27,https://api.quant-aq.com/v1/devices/MOD-00625/data/610083453
329.24,515.18,"{'lat': None, 'lon': None}","{'rh': 69.1, 'temp': 7.3, 'wd': 0.0, 'ws': 0.0, 'ws_scalar': 0.0}","{'gas': {'co': 18156, 'co2': 13273, 'no': 18157, 'no2': 18158, 'o3': 18159}, 'pm': {'pm1': 13236, 'pm10': 13238, 'pm25': 13237}}",5.65,23.96,5.12,2.69,11.08,3.04,610081301,69.1,MOD-00625,7.3,2026-02-15T05:38:27,2026-02-14T21:38:27,https://api.quant-aq.com/v1/devices/MOD-00625/data/610081150
330.58,512.05,"{'lat': None, 'lon': None}","{'rh': 69.1, 'temp': 7.4, 'wd': 0.0, 'ws': 0.0, 'ws_scalar': 0.0}","{'gas': {'co': 18156, 'co2': 13273, 'no': 18157, 'no2': 18158, 'o3': 18159}, 'pm': {'pm1': 13236, 'pm10': 13238, 'pm25': 13237}}",4.72,23.15,5.81,2.03,28.14,2.21,610081300,69.1,MOD-00625,7.4,2026-02-15T05:37:27,2026-02-14T21:37:27,https://api.quant-aq.com/v1/devices/MOD-00625/data/610081148
323.13,514.1,"{'lat': None, 'lon': None}","{'rh': 69.2, 'temp': 7.4, 'wd': 0.0, 'ws': 0.0, 'ws_scalar': 0.0}","{'gas': {'co': 18156, 'co2': 13273, 'no': 18157, 'no2': 18158, 'o3': 18159}, 'pm': {'pm1': 13236, 'pm10': 13238, 'pm25': 13237}}",4.71,23.14,6.26,2.3,10.14,2.7,610081298,69.2,MOD-00625,7.4,2026-02-15T05:36:27,2026-02-14T21:36:27,https://api.quant-aq.com/v1/devices/MOD-00625/data/610081147
320.75,513.5,"{'lat': None, 'lon': None}","{'rh': 68.5, 'temp': 7.4, 'wd': 0.0, 'ws': 0.0, 'ws_scalar': 0.0}","{'gas': {'co': 18156, 'co2': 13273, 'no': 18157, 'no2': 18158, 'o3': 18159}, 'pm': {'pm1': 13236, 'pm10': 13238, 'pm25': 13237}}",4.98,22.4,7.02,2.19,7.56,2.48,610081299,68.5,MOD-00625,7.4,2026-02-15T05:35:27,2026-02-14T21:35:27,https://api.quant-aq.com/v1/devices/MOD-00625/data/610081149
320.48,511.93,"{'lat': None, 'lon': None}","{'rh': 68.3, 'temp': 7.4, 'wd': 0.0, 'ws': 0.0, 'ws_scalar': 0.0}","{'gas': {'co': 18156, 'co2': 13273, 'no': 18157, 'no2': 18158, 'o3': 18159}, 'pm': {'pm1': 13236, 'pm10': 13238, 'pm25': 13237}}",3.88,21.61,8.19,1.77,2.81,1.88,610079011,68.3,MOD-00625,7.4,2026-02-15T05:34:27,2026-02-14T21:34:27,https://api.quant-aq.com/v1/devices/MOD-00625/data/610078861
323.75,511.57,"{'lat': None, 'lon': None}","{'rh': 68.9, 'temp': 7.4, 'wd': 0.0, 'ws': 0.0, 'ws_scalar': 0.0}","{'gas': {'co': 18156, 'co2': 13273, 'no': 18157, 'no2': 18158, 'o3': 18159}, 'pm': {'pm1': 13236, 'pm10': 13238, 'pm25': 13237}}",5.96,23.18,5.37,2.67,14.91,2.83,610079009,68.9,MOD-00625,7.4,2026-02-15T05:33:27,2026-02-14T21:33:27,https://api.quant-aq.com/v1/devices/MOD-00625/data/610078860
331.74,517.47,"{'lat': None, 'lon': None}","{'rh': 69.2, 'temp': 7.4, 'wd': 0.0, 'ws': 0.0, 'ws_scalar': 0.0}","{'gas': {'co': 18156, 'co2': 13273, 'no': 18157, 'no2': 18158, 'o3': 18159}, 'pm': {'pm1': 13236, 'pm10': 13238, 'pm25': 13237}}",6.61,24.39,4.52,3.72,21.08,3.92,610079007,69.2,MOD-00625,7.4,2026-02-15T05:32:27,2026-02-14T21:32:27,https://api.quant-aq.com/v1/devices/MOD-00625/data/610078857
342.34,517.47,"{'lat': None, 'lon': None}","{'rh': 69.3, 'temp': 7.4, 'wd': 0.0, 'ws': 0.0, 'ws_scalar': 0.0}","{'gas': {'co': 18156, 'co2': 13273, 'no': 18157, 'no2': 18158, 'o3': 18159}, 'pm': {'pm1': 13236, 'pm10': 13238, 'pm25': 13237}}",9.87,24.8,3.48,2.69,4.76,2.9,610079005,69.3,MOD-00625,7.4,2026-02-15T05:31:27,2026-02-14T21:31:27,https://api.quant-aq.com/v1/devices/MOD-00625/data/610078854
351.36,518.32,"{'lat': None, 'lon': None}","{'rh': 69.3, 'temp': 7.4, 'wd': 0.0, 'ws': 0.0, 'ws_scalar': 0.0}","{'gas': {'co': 18156, 'co2': 13273, 'no': 18157, 'no2': 18158, 'o3': 18159}, 'pm': {'pm1': 13236, 'pm10': 13238, 'pm25': 13237}}",16.06,25.64,2.78,3.37,18.08,3.7,610076746,69.3,MOD-00625,7.4,2026-02-15T05:30:27,2026-02-14T21:30:27,https://api.quant-aq.com/v1/devices/MOD-00625/data/610076595
350.95,517.59,"{'lat': None, 'lon': None}","{'rh': 69.3, 'temp': 7.4, 'wd': 0.0, 'ws': 0.0, 'ws_scalar': 0.0}","{'gas': {'co': 18156, 'co2': 13273, 'no': 18157, 'no2': 18158, 'o3': 18159}, 'pm': {'pm1': 13236, 'pm10': 13238, 'pm25': 13237}}",17.76,26.05,2.65,3.43,4.37,3.7,610076747,69.3,MOD-00625,7.4,2026-02-15T05:29:27,2026-02-14T21:29:27,https://api.quant-aq.com/v1/devices/MOD-00625/data/610076596
354.75,517.83,"{'lat': None, 'lon': None}","{'rh': 69.3, 'temp': 7.5, 'wd': 0.0, 'ws': 0.0, 'ws_scalar': 0.0}","{'gas': {'co': 18156, 'co2': 13273, 'no': 18157, 'no2': 18158, 'o3': 18159}, 'pm': {'pm1': 13236, 'pm10': 13238, 'pm25': 13237}}",21.32,26.08,3.1,3.49,3.99,3.72,610076748,69.3,MOD-00625,7.5,2026-02-15T05:28:27,2026-02-14T21:28:27,https://api.quant-aq.com/v1/devices/MOD-00625/data/610076597
359.13,516.27,"{'lat': None, 'lon': None}","{'rh': 68.9, 'temp': 7.5, 'wd': 0.0, 'ws': 0.0, 'ws_scalar': 0.0}","{'gas': {'co': 18156, 'co2': 13273, 'no': 18157, 'no2': 18158, 'o3': 18159}, 'pm': {'pm1': 13236, 'pm10': 13238, 'pm25': 13237}}",23.09,25.3,2.92,3.39,3.96,3.63,610076749,68.9,MOD-00625,7.5,2026-02-15T05:27:27,2026-02-14T21:27:27,https://api.quant-aq.com/v1/devices/MOD-00625/data/610076598
368.49,517.11,"{'lat': None, 'lon': None}","{'rh': 69.0, 'temp': 7.5, 'wd': 0.0, 'ws': 0.0, 'ws_scalar': 0.0}","{'gas': {'co': 18156, 'co2': 13273, 'no': 18157, 'no2': 18158, 'o3': 18159}, 'pm': {'pm1': 13236, 'pm10': 13238, 'pm25': 13237}}",25.57,25.29,2.91,3.44,7.21,3.64,610074414,69.0,MOD-00625,7.5,2026-02-15T05:26:27,2026-02-14T21:26:27,https://api.quant-aq.com/v1/devices/MOD-00625/data/610074263
358.78,515.67,"{'lat': None, 'lon': None}","{'rh': 69.4, 'temp': 7.5, 'wd': 0.0, 'ws': 0.0, 'ws_scalar': 0.0}","{'gas': {'co': 18156, 'co2': 13273, 'no': 18157, 'no2': 18158, 'o3': 18159}, 'pm': {'pm1': 13236, 'pm10': 13238, 'pm25': 13237}}",27.0,26.06,3.55,4.02,4.3,4.2,610074413,69.4,MOD-00625,7.5,2026-02-15T05:25:27,2026-02-14T21:25:27,https://api.quant-aq.com/v1/devices/MOD-00625/data/610074262
360.9,513.74,"{'lat': None, 'lon': None}","{'rh': 69.3, 'temp': 7.5, 'wd': 0.0, 'ws': 0.0, 'ws_scalar': 0.0}","{'gas': {'co': 18156, 'co2': 13273, 'no': 18157, 'no2': 18158, 'o3': 18159}, 'pm': {'pm1': 13236, 'pm10': 13238, 'pm25': 13237}}",26.29,25.66,3.22,3.92,14.64,4.12,610074415,69.3,MOD-00625,7.5,2026-02-15T05:24:27,2026-02-14T21:24:27,https://api.quant-aq.com/v1/devices/MOD-00625/data/610074265
363.29,518.32,"{'lat': None, 'lon': None}","{'rh': 69.4, 'temp': 7.5, 'wd': 0.0, 'ws': 0.0, 'ws_scalar': 0.0}","{'gas': {'co': 18156, 'co2': 13273, 'no': 18157, 'no2': 18158, 'o3': 18159}, 'pm': {'pm1': 13236, 'pm10': 13238, 'pm25': 13237}}",25.23,25.64,3.21,3.76,4.11,4.0,610074412,69.4,MOD-00625,7.5,2026-02-15T05:23:27,2026-02-14T21:23:27,https://api.quant-aq.com/v1/devices/MOD-00625/data/610074261
385.16,519.16,"{'lat': None, 'lon': None}","{'rh': 69.8, 'temp': 7.5, 'wd': 0.0, 'ws': 0.0, 'ws_scalar': 0.0}","{'gas': {'co': 18156, 'co2': 13273, 'no': 18157, 'no2': 18158, 'o3': 18159}, 'pm': {'pm1': 13236, 'pm10': 13238, 'pm25': 13237}}",23.82,26.0,2.61,3.99,14.5,4.28,610072149,69.8,MOD-00625,7.5,2026-02-15T05:22:27,2026-02-14T21:22:27,https://api.quant-aq.com/v1/devices/MOD-00625/data/610071998
402.79,517.35,"{'lat': None, 'lon': None}","{'rh': 69.8, 'temp': 7.5, 'wd': 0.0, 'ws': 0.0, 'ws_scalar': 0.0}","{'gas': {'co': 18156, 'co2': 13273, 'no': 18157, 'no2': 18158, 'o3': 18159}, 'pm': {'pm1': 13236, 'pm10': 13238, 'pm25': 13237}}",26.65,25.58,3.64,4.01,7.53,4.18,610072146,69.8,MOD-00625,7.5,2026-02-15T05:21:27,2026-02-14T21:21:27,https://api.quant-aq.com/v1/devices/MOD-00625/data/610071995
407.03,516.75,"{'lat': None, 'lon': None}","{'rh': 69.6, 'temp': 7.5, 'wd': 0.0, 'ws': 0.0, 'ws_scalar': 0.0}","{'gas': {'co': 18156, 'co2': 13273, 'no': 18157, 'no2': 18158, 'o3': 18159}, 'pm': {'pm1': 13236, 'pm10': 13238, 'pm25': 13237}}",33.03,23.1,5.31,4.03,4.85,4.45,610072147,69.6,MOD-00625,7.5,2026-02-15T05:20:27,2026-02-14T21:20:27,https://api.quant-aq.com/v1/devices/MOD-00625/data/610071996
346.0,515.67,"{'lat': None, 'lon': None}","{'rh': 69.5, 'temp': 7.5, 'wd': 0.0, 'ws': 0.0, 'ws_scalar': 0.0}","{'gas': {'co': 18156, 'co2': 13273, 'no': 18157, 'no2': 18158, 'o3': 18159}, 'pm': {'pm1': 13236, 'pm10': 13238, 'pm25': 13237}}",14.08,24.79,3.91,4.08,10.61,4.37,610072148,69.5,MOD-00625,7.5,2026-02-15T05:19:27,2026-02-14T21:19:27,https://api.quant-aq.com/v1/devices/MOD-00625/data/610071997
346.18,516.15,"{'lat': None, 'lon': None}","{'rh': 69.4, 'temp': 7.6, 'wd': 0.0, 'ws': 0.0, 'ws_scalar': 0.0}","{'gas': {'co': 18156, 'co2': 13273, 'no': 18157, 'no2': 18158, 'o3': 18159}, 'pm': {'pm1': 13236, 'pm10': 13238, 'pm25': 13237}}",11.13,26.09,3.08,3.99,5.44,4.29,610069849,69.4,MOD-00625,7.6,2026-02-15T05:18:27,2026-02-14T21:18:27,https://api.quant-aq.com/v1/devices/MOD-00625/data/610069698
345.02,514.7,"{'lat': None, 'lon': None}","{'rh': 69.3, 'temp': 7.6, 'wd': 0.0, 'ws': 0.0, 'ws_scalar': 0.0}","{'gas': {'co': 18156, 'co2': 13273, 'no': 18157, 'no2': 18158, 'o3': 18159}, 'pm': {'pm1': 13236, 'pm10': 13238, 'pm25': 13237}}",12.11,26.1,3.09,3.78,4.93,4.06,610069848,69.3,MOD-00625,7.6,2026-02-15T05:17:27,2026-02-14T21:17:27,https://api.quant-aq.com/v1/devices/MOD-00625/data/610069697
349.39,516.75,"{'lat': None, 'lon': None}","{'rh': 69.5, 'temp': 7.6, 'wd': 0.0, 'ws': 0.0, 'ws_scalar': 0.0}","{'gas': {'co': 18156, 'co2': 13273, 'no': 18157, 'no2': 18158, 'o3': 18159}, 'pm': {'pm1': 13236, 'pm10': 13238, 'pm25': 13237}}",16.03,24.81,3.9,3.54,3.97,3.69,610069847,69.5,MOD-00625,7.6,2026-02-15T05:16:27,2026-02-14T21:16:27,https://api.quant-aq.com/v1/devices/MOD-00625/data/610069696
350.62,513.5,"{'lat': None, 'lon': None}","{'rh': 69.5, 'temp': 7.6, 'wd': 0.0, 'ws': 0.0, 'ws_scalar': 0.0}","{'gas': {'co': 18156, 'co2': 13273, 'no': 18157, 'no2': 18158, 'o3': 18159}, 'pm': {'pm1': 13236, 'pm10': 13238, 'pm25': 13237}}",17.09,25.23,4.23,3.68,5.26,3.97,610069846,69.5,MOD-00625,7.6,2026-02-15T05:15:27,2026-02-14T21:15:27,https://api.quant-aq.com/v1/devices/MOD-00625/data/610069695
350.01,515.55,"{'lat': None, 'lon': None}","{'rh': 69.2, 'temp': 7.6, 'wd': 0.0, 'ws': 0.0, 'ws_scalar': 0.0}","{'gas': {'co': 18156, 'co2': 13273, 'no': 18157, 'no2': 18158, 'o3': 18159}, 'pm': {'pm1': 13236, 'pm10': 13238, 'pm25': 13237}}",17.44,25.7,4.13,3.41,4.06,3.67,610067542,69.2,MOD-00625,7.6,2026-02-15T05:14:27,2026-02-14T21:14:27,https://api.quant-aq.com/v1/devices/MOD-00625/data/610067391
342.08,513.62,"{'lat': None, 'lon': None}","{'rh': 69.4, 'temp': 7.6, 'wd': 0.0, 'ws': 0.0, 'ws_scalar': 0.0}","{'gas': {'co': 18156, 'co2': 13273, 'no': 18157, 'no2': 18158, 'o3': 18159}, 'pm': {'pm1': 13236, 'pm10': 13238, 'pm25': 13237}}",13.74,26.09,2.62,3.22,5.94,3.52,610067543,69.4,MOD-00625,7.6,2026-02-15T05:13:27,2026-02-14T21:13:27,https://api.quant-aq.com/v1/devices/MOD-00625/data/610067392
346.04,514.34,"{'lat': None, 'lon': None}","{'rh': 69.6, 'temp': 7.6, 'wd': 0.0, 'ws': 0.0, 'ws_scalar': 0.0}","{'gas': {'co': 18156, 'co2': 13273, 'no': 18157, 'no2': 18158, 'o3': 18159}, 'pm': {'pm1': 13236, 'pm10': 13238, 'pm25': 13237}}",13.41,26.06,3.98,3.74,5.15,4.01,610067541,69.6,MOD-00625,7.6,2026-02-15T05:12:27,2026-02-14T21:12:27,https://api.quant-aq.com/v1/devices/MOD-00625/data/610067390
345.29,515.67,"{'lat': None, 'lon': None}","{'rh': 69.5, 'temp': 7.6, 'wd': 0.0, 'ws': 0.0, 'ws_scalar': 0.0}","{'gas': {'co': 18156, 'co2': 13273, 'no': 18157, 'no2': 18158, 'o3': 18159}, 'pm': {'pm1': 13236, 'pm10': 13238, 'pm25': 13237}}",14.06,25.65,4.56,3.31,6.0,3.74,610067540,69.5,MOD-00625,7.6,2026-02-15T05:11:27,2026-02-14T21:11:27,https://api.quant-aq.com/v1/devices/MOD-00625/data/610067389
348.71,515.42,"{'lat': None, 'lon': None}","{'rh': 69.3, 'temp': 7.6, 'wd': 0.0, 'ws': 0.0, 'ws_scalar': 0.0}","{'gas': {'co': 18156, 'co2': 13273, 'no': 18157, 'no2': 18158, 'o3': 18159}, 'pm': {'pm1': 13236, 'pm10': 13238, 'pm25': 13237}}",14.39,27.36,2.72,3.54,7.68,3.75,610065314,69.3,MOD-00625,7.6,2026-02-15T05:10:27,2026-02-14T21:10:27,https://api.quant-aq.com/v1/devices/MOD-00625/data/610065163
349.94,514.58,"{'lat': None, 'lon': None}","{'rh': 69.3, 'temp': 7.6, 'wd': 0.0, 'ws': 0.0, 'ws_scalar': 0.0}","{'gas': {'co': 18156, 'co2': 13273, 'no': 18157, 'no2': 18158, 'o3': 18159}, 'pm': {'pm1': 13236, 'pm10': 13238, 'pm25': 13237}}",15.37,26.52,3.42,3.67,8.3,3.87,610065315,69.3,MOD-00625,7.6,2026-02-15T05:09:27,2026-02-14T21:09:27,https://api.quant-aq.com/v1/devices/MOD-00625/data/610065164
353.4,515.79,"{'lat': None, 'lon': None}","{'rh': 69.2, 'temp': 7.7, 'wd': 0.0, 'ws': 0.0, 'ws_scalar': 0.0}","{'gas': {'co': 18156, 'co2': 13273, 'no': 18157, 'no2': 18158, 'o3': 18159}, 'pm': {'pm1': 13236, 'pm10': 13238, 'pm25': 13237}}",17.1,26.14,3.54,3.6,10.9,3.99,610065313,69.2,MOD-00625,7.7,2026-02-15T05:08:27,2026-02-14T21:08:27,https://api.quant-aq.com/v1/devices/MOD-00625/data/610065162
357.23,517.35,"{'lat': None, 'lon': None}","{'rh': 69.0, 'temp': 7.7, 'wd': 0.0, 'ws': 0.0, 'ws_scalar': 0.0}","{'gas': {'co': 18156, 'co2': 13273, 'no': 18157, 'no2': 18158, 'o3': 18159}, 'pm': {'pm1': 13236, 'pm10': 13238, 'pm25': 13237}}",16.38,27.01,3.76,3.41,6.61,3.66,610065316,69.0,MOD-00625,7.7,2026-02-15T05:07:27,2026-02-14T21:07:27,https://api.quant-aq.com/v1/devices/MOD-00625/data/610065165
355.93,516.15,"{'lat': None, 'lon': None}","{'rh': 69.1, 'temp': 7.7, 'wd': 0.0, 'ws': 0.0, 'ws_scalar': 0.0}","{'gas': {'co': 18156, 'co2': 13273, 'no': 18157, 'no2': 18158, 'o3': 18159}, 'pm': {'pm1': 13236, 'pm10': 13238, 'pm25': 13237}}",19.22,27.0,3.3,3.94,26.07,4.26,610063051,69.1,MOD-00625,7.7,2026-02-15T05:06:27,2026-02-14T21:06:27,https://api.quant-aq.com/v1/devices/MOD-00625/data/610062900
359.14,516.39,"{'lat': None, 'lon': None}","{'rh': 69.2, 'temp': 7.7, 'wd': 0.0, 'ws': 0.0, 'ws_scalar': 0.0}","{'gas': {'co': 18156, 'co2': 13273, 'no': 18157, 'no2': 18158, 'o3': 18159}, 'pm': {'pm1': 13236, 'pm10': 13238, 'pm25': 13237}}",18.87,27.4,3.17,3.44,20.71,3.85,610063048,69.2,MOD-00625,7.7,2026-02-15T05:05:27,2026-02-14T21:05:27,https://api.quant-aq.com/v1/devices/MOD-00625/data/610062897
362.56,517.23,"{'lat': None, 'lon': None}","{'rh': 69.0, 'temp': 7.7, 'wd': 0.0, 'ws': 0.0, 'ws_scalar': 0.0}","{'gas': {'co': 18156, 'co2': 13273, 'no': 18157, 'no2': 18158, 'o3': 18159}, 'pm': {'pm1': 13236, 'pm10': 13238, 'pm25': 13237}}",19.58,27.01,3.76,3.62,8.62,3.98,610063050,69.0,MOD-00625,7.7,2026-02-15T05:04:27,2026-02-14T21:04:27,https://api.quant-aq.com/v1/devices/MOD-00625/data/610062899
367.48,515.06,"{'lat': None, 'lon': None}","{'rh': 69.0, 'temp': 7.7, 'wd': 0.0, 'ws': 0.0, 'ws_scalar': 0.0}","{'gas': {'co': 18156, 'co2': 13273, 'no': 18157, 'no2': 18158, 'o3': 18159}, 'pm': {'pm1': 13236, 'pm10': 13238, 'pm25': 13237}}",19.58,27.43,4.1,4.25,20.37,4.44,610063049,69.0,MOD-00625,7.7,2026-02-15T05:03:27,2026-02-14T21:03:27,https://api.quant-aq.com/v1/devices/MOD-00625/data/610062898
369.2,516.03,"{'lat': None, 'lon': None}","{'rh': 68.9, 'temp': 7.7, 'wd': 0.0, 'ws': 0.0, 'ws_scalar': 0.0}","{'gas': {'co': 18156, 'co2': 13273, 'no': 18157, 'no2': 18158, 'o3': 18159}, 'pm': {'pm1': 13236, 'pm10': 13238, 'pm25': 13237}}",19.93,26.61,3.89,3.95,16.76,4.32,610060762,68.9,MOD-00625,7.7,2026-02-15T05:02:27,2026-02-14T21:02:27,https://api.quant-aq.com/v1/devices/MOD-00625/data/610060610
372.48,518.56,"{'lat': None, 'lon': None}","{'rh': 68.9, 'temp': 7.7, 'wd': 0.0, 'ws': 0.0, 'ws_scalar': 0.0}","{'gas': {'co': 18156, 'co2': 13273, 'no': 18157, 'no2': 18158, 'o3': 18159}, 'pm': {'pm1': 13236, 'pm10': 13238, 'pm25': 13237}}",20.64,26.19,4.93,4.07,20.16,4.38,610060764,68.9,MOD-00625,7.7,2026-02-15T05:01:27,2026-02-14T21:01:27,https://api.quant-aq.com/v1/devices/MOD-00625/data/610060613
371.11,519.28,"{'lat': None, 'lon': None}","{'rh': 69.1, 'temp': 7.7, 'wd': 0.0, 'ws': 0.0, 'ws_scalar': 0.0}","{'gas': {'co': 18156, 'co2': 13273, 'no': 18157, 'no2': 18158, 'o3': 18159}, 'pm': {'pm1': 13236, 'pm10': 13238, 'pm25': 13237}}",18.51,27.42,4.54,3.8,17.45,4.24,610060763,69.1,MOD-00625,7.7,2026-02-15T05:00:27,2026-02-14T21:00:27,https://api.quant-aq.com/v1/devices/MOD-00625/data/610060612
372.48,518.92,"{'lat': None, 'lon': None}","{'rh': 68.9, 'temp': 7.7, 'wd': 0.0, 'ws': 0.0, 'ws_scalar': 0.0}","{'gas': {'co': 18156, 'co2': 13273, 'no': 18157, 'no2': 18158, 'o3': 18159}, 'pm': {'pm1': 13236, 'pm10': 13238, 'pm25': 13237}}",16.38,26.61,3.89,3.98,22.64,4.41,610060761,68.9,MOD-00625,7.7,2026-02-15T04:59:27,2026-02-14T20:59:27,https://api.quant-aq.com/v1/devices/MOD-00625/data/610060611
370.36,519.52,"{'lat': None, 'lon': None}","{'rh': 69.0, 'temp': 7.7, 'wd': 0.0, 'ws': 0.0, 'ws_scalar': 0.0}","{'gas': {'co': 18156, 'co2': 13273, 'no': 18157, 'no2': 18158, 'o3': 18159}, 'pm': {'pm1': 13236, 'pm10': 13238, 'pm25': 13237}}",14.04,27.01,4.68,3.86,12.37,4.15,610058458,69.0,MOD-00625,7.7,2026-02-15T04:58:27,2026-02-14T20:58:27,https://api.quant-aq.com/v1/devices/MOD-00625/data/610058307
367.75,516.99,"{'lat': None, 'lon': None}","{'rh': 69.2, 'temp': 7.7, 'wd': 0.0, 'ws': 0.0, 'ws_scalar': 0.0}","{'gas': {'co': 18156, 'co2': 13273, 'no': 18157, 'no2': 18158, 'o3': 18159}, 'pm': {'pm1': 13236, 'pm10': 13238, 'pm25': 13237}}",13.06,26.56,4.33,3.83,18.45,4.38,610058456,69.2,MOD-00625,7.7,2026-02-15T04:57:27,2026-02-14T20:57:27,https://api.quant-aq.com/v1/devices/MOD-00625/data/610058305
367.88,517.71,"{'lat': None, 'lon': None}","{'rh': 69.6, 'temp': 7.7, 'wd': 0.0, 'ws': 0.0, 'ws_scalar': 0.0}","{'gas': {'co': 18156, 'co2': 13273, 'no': 18157, 'no2': 18158, 'o3': 18159}, 'pm': {'pm1': 13236, 'pm10': 13238, 'pm25': 13237}}",10.78,26.5,4.75,3.49,10.02,3.73,610058459,69.6,MOD-00625,7.7,2026-02-15T04:56:27,2026-02-14T20:56:27,https://api.quant-aq.com/v1/devices/MOD-00625/data/610058308
358.7,516.75,"{'lat': None, 'lon': None}","{'rh': 69.4, 'temp': 7.8, 'wd': 0.0, 'ws': 0.0, 'ws_scalar': 0.0}","{'gas': {'co': 18156, 'co2': 13273, 'no': 18157, 'no2': 18158, 'o3': 18159}, 'pm': {'pm1': 13236, 'pm10': 13238, 'pm25': 13237}}",10.11,26.97,4.63,3.75,21.7,3.98,610058457,69.4,MOD-00625,7.8,2026-02-15T04:55:27,2026-02-14T20:55:27,https://api.quant-aq.com/v1/devices/MOD-00625/data/610058306
355.56,511.09,"{'lat': None, 'lon': None}","{'rh': 69.2, 'temp': 7.8, 'wd': 0.0, 'ws': 0.0, 'ws_scalar': 0.0}","{'gas': {'co': 18156, 'co2': 13273, 'no': 18157, 'no2': 18158, 'o3': 18159}, 'pm': {'pm1': 13236, 'pm10': 13238, 'pm25': 13237}}",8.8,26.17,4.9,3.37,9.26,3.73,610056173,69.2,MOD-00625,7.8,2026-02-15T04:54:27,2026-02-14T20:54:27,https://api.quant-aq.com/v1/devices/MOD-00625/data/610056022
352.62,514.94,"{'lat': None, 'lon': None}","{'rh': 69.3, 'temp': 7.8, 'wd': 0.0, 'ws': 0.0, 'ws_scalar': 0.0}","{'gas': {'co': 18156, 'co2': 13273, 'no': 18157, 'no2': 18158, 'o3': 18159}, 'pm': {'pm1': 13236, 'pm10': 13238, 'pm25': 13237}}",8.8,27.41,5.43,3.2,9.27,3.4,610056179,69.3,MOD-00625,7.8,2026-02-15T04:53:27,2026-02-14T20:53:27,https://api.quant-aq.com/v1/devices/MOD-00625/data/610056028
352.28,515.3,"{'lat': None, 'lon': None}","{'rh': 69.2, 'temp': 7.8, 'wd': 0.0, 'ws': 0.0, 'ws_scalar': 0.0}","{'gas': {'co': 18156, 'co2': 13273, 'no': 18157, 'no2': 18158, 'o3': 18159}, 'pm': {'pm1': 13236, 'pm10': 13238, 'pm25': 13237}}",8.15,26.17,4.44,3.14,13.79,3.37,610056177,69.2,MOD-00625,7.8,2026-02-15T04:52:27,2026-02-14T20:52:27,https://api.quant-aq.com/v1/devices/MOD-00625/data/610056027
349.68,514.94,"{'lat': None, 'lon': None}","{'rh': 69.4, 'temp': 7.8, 'wd': 0.0, 'ws': 0.0, 'ws_scalar': 0.0}","{'gas': {'co': 18156, 'co2': 13273, 'no': 18157, 'no2': 18158, 'o3': 18159}, 'pm': {'pm1': 13236, 'pm10': 13238, 'pm25': 13237}}",8.15,26.55,5.21,2.89,3.71,3.1,610056175,69.4,MOD-00625,7.8,2026-02-15T04:51:27,2026-02-14T20:51:27,https://api.quant-aq.com/v1/devices/MOD-00625/data/610056026
350.43,515.67,"{'lat': None, 'lon': None}","{'rh': 69.5, 'temp': 7.8, 'wd': 0.0, 'ws': 0.0, 'ws_scalar': 0.0}","{'gas': {'co': 18156, 'co2': 13273, 'no': 18157, 'no2': 18158, 'o3': 18159}, 'pm': {'pm1': 13236, 'pm10': 13238, 'pm25': 13237}}",7.5,26.54,5.21,2.92,16.98,3.11,610053927,69.5,MOD-00625,7.8,2026-02-15T04:50:27,2026-02-14T20:50:27,https://api.quant-aq.com/v1/devices/MOD-00625/data/610053776
353.03,517.35,"{'lat': None, 'lon': None}","{'rh': 69.3, 'temp': 7.8, 'wd': 0.0, 'ws': 0.0, 'ws_scalar': 0.0}","{'gas': {'co': 18156, 'co2': 13273, 'no': 18157, 'no2': 18158, 'o3': 18159}, 'pm': {'pm1': 13236, 'pm10': 13238, 'pm25': 13237}}",9.78,27.83,4.85,3.4,9.84,3.76,610053926,69.3,MOD-00625,7.8,2026-02-15T04:49:27,2026-02-14T20:49:27,https://api.quant-aq.com/v1/devices/MOD-00625/data/610053775
358.29,515.18,"{'lat': None, 'lon': None}","{'rh': 69.4, 'temp': 7.8, 'wd': 0.0, 'ws': 0.0, 'ws_scalar': 0.0}","{'gas': {'co': 18156, 'co2': 13273, 'no': 18157, 'no2': 18158, 'o3': 18159}, 'pm': {'pm1': 13236, 'pm10': 13238, 'pm25': 13237}}",12.71,27.81,4.39,3.2,11.46,3.38,610053925,69.4,MOD-00625,7.8,2026-02-15T04:48:27,2026-02-14T20:48:27,https://api.quant-aq.com/v1/devices/MOD-00625/data/610053774
365.87,520.12,"{'lat': None, 'lon': None}","{'rh': 69.7, 'temp': 7.8, 'wd': 0.0, 'ws': 0.0, 'ws_scalar': 0.0}","{'gas': {'co': 18156, 'co2': 13273, 'no': 18157, 'no2': 18158, 'o3': 18159}, 'pm': {'pm1': 13236, 'pm10': 13238, 'pm25': 13237}}",17.12,28.6,3.21,3.79,14.45,4.08,610053928,69.7,MOD-00625,7.8,2026-02-15T04:47:27,2026-02-14T20:47:27,https://api.quant-aq.com/v1/devices/MOD-00625/data/610053777
371.54,521.33,"{'lat': None, 'lon': None}","{'rh': 69.8, 'temp': 7.8, 'wd': 0.0, 'ws': 0.0, 'ws_scalar': 0.0}","{'gas': {'co': 18156, 'co2': 13273, 'no': 18157, 'no2': 18158, 'o3': 18159}, 'pm': {'pm1': 13236, 'pm10': 13238, 'pm25': 13237}}",20.67,27.75,4.81,3.91,35.19,4.33,610051463,69.8,MOD-00625,7.8,2026-02-15T04:46:27,2026-02-14T20:46:27,https://api.quant-aq.com/v1/devices/MOD-00625/data/610051312
376.05,520.84,"{'lat': None, 'lon': None}","{'rh': 69.8, 'temp': 7.8, 'wd': 0.0, 'ws': 0.0, 'ws_scalar': 0.0}","{'gas': {'co': 18156, 'co2': 13273, 'no': 18157, 'no2': 18158, 'o3': 18159}, 'pm': {'pm1': 13236, 'pm10': 13238, 'pm25': 13237}}",21.38,28.59,4.57,4.06,20.65,4.35,610051460,69.8,MOD-00625,7.8,2026-02-15T04:45:27,2026-02-14T20:45:27,https://api.quant-aq.com/v1/devices/MOD-00625/data/610051309
378.25,522.41,"{'lat': None, 'lon': None}","{'rh': 69.6, 'temp': 7.8, 'wd': 0.0, 'ws': 0.0, 'ws_scalar': 0.0}","{'gas': {'co': 18156, 'co2': 13273, 'no': 18157, 'no2': 18158, 'o3': 18159}, 'pm': {'pm1': 13236, 'pm10': 13238, 'pm25': 13237}}",23.86,28.2,4.71,3.56,17.57,4.06,610051462,69.6,MOD-00625,7.8,2026-02-15T04:44:27,2026-02-14T20:44:27,https://api.quant-aq.com/v1/devices/MOD-00625/data/610051311
381.39,524.7,"{'lat': None, 'lon': None}","{'rh': 69.8, 'temp': 7.8, 'wd': 0.0, 'ws': 0.0, 'ws_scalar': 0.0}","{'gas': {'co': 18156, 'co2': 13273, 'no': 18157, 'no2': 18158, 'o3': 18159}, 'pm': {'pm1': 13236, 'pm10': 13238, 'pm25': 13237}}",27.41,28.59,4.11,3.88,22.91,4.35,610051461,69.8,MOD-00625,7.8,2026-02-15T04:43:27,2026-02-14T20:43:27,https://api.quant-aq.com/v1/devices/MOD-00625/data/610051310
381.87,520.0,"{'lat': None, 'lon': None}","{'rh': 69.7, 'temp': 7.8, 'wd': 0.0, 'ws': 0.0, 'ws_scalar': 0.0}","{'gas': {'co': 18156, 'co2': 13273, 'no': 18157, 'no2': 18158, 'o3': 18159}, 'pm': {'pm1': 13236, 'pm10': 13238, 'pm25': 13237}}",27.41,29.02,4.91,4.3,17.32,4.7,610048685,69.7,MOD-00625,7.8,2026-02-15T04:42:27,2026-02-14T20:42:27,https://api.quant-aq.com/v1/devices/MOD-00625/data/610048534
379.12,518.68,"{'lat': None, 'lon': None}","{'rh': 70.1, 'temp': 7.8, 'wd': 0.0, 'ws': 0.0, 'ws_scalar': 0.0}","{'gas': {'co': 18156, 'co2': 13273, 'no': 18157, 'no2': 18158, 'o3': 18159}, 'pm': {'pm1': 13236, 'pm10': 13238, 'pm25': 13237}}",25.29,28.12,5.58,4.66,16.38,5.05,610048686,70.1,MOD-00625,7.8,2026-02-15T04:41:27,2026-02-14T20:41:27,https://api.quant-aq.com/v1/devices/MOD-00625/data/610048535
373.38,517.23,"{'lat': None, 'lon': None}","{'rh': 70.1, 'temp': 7.8, 'wd': 0.0, 'ws': 0.0, 'ws_scalar': 0.0}","{'gas': {'co': 18156, 'co2': 13273, 'no': 18157, 'no2': 18158, 'o3': 18159}, 'pm': {'pm1': 13236, 'pm10': 13238, 'pm25': 13237}}",21.74,27.7,4.79,3.75,24.0,4.08,610048683,70.1,MOD-00625,7.8,2026-02-15T04:40:27,2026-02-14T20:40:27,https://api.quant-aq.com/v1/devices/MOD-00625/data/610048532
361.15,519.4,"{'lat': None, 'lon': None}","{'rh': 70.0, 'temp': 7.8, 'wd': 0.0, 'ws': 0.0, 'ws_scalar': 0.0}","{'gas': {'co': 18156, 'co2': 13273, 'no': 18157, 'no2': 18158, 'o3': 18159}, 'pm': {'pm1': 13236, 'pm10': 13238, 'pm25': 13237}}",18.9,27.3,5.83,3.94,14.45,4.38,610048684,70.0,MOD-00625,7.8,2026-02-15T04:39:27,2026-02-14T20:39:27,https://api.quant-aq.com/v1/devices/MOD-00625/data/610048533
355.48,517.47,"{'lat': None, 'lon': None}","{'rh': 69.9, 'temp': 7.8, 'wd': 0.0, 'ws': 0.0, 'ws_scalar': 0.0}","{'gas': {'co': 18156, 'co2': 13273, 'no': 18157, 'no2': 18158, 'o3': 18159}, 'pm': {'pm1': 13236, 'pm10': 13238, 'pm25': 13237}}",15.36,26.9,5.96,3.68,36.94,4.09,610045962,69.9,MOD-00625,7.8,2026-02-15T04:38:27,2026-02-14T20:38:27,https://api.quant-aq.com/v1/devices/MOD-00625/data/610045811
353.16,513.5,"{'lat': None, 'lon': None}","{'rh': 69.7, 'temp': 7.8, 'wd': 0.0, 'ws': 0.0, 'ws_scalar': 0.0}","{'gas': {'co': 18156, 'co2': 13273, 'no': 18157, 'no2': 18158, 'o3': 18159}, 'pm': {'pm1': 13236, 'pm10': 13238, 'pm25': 13237}}",13.69,26.93,6.44,3.9,17.36,4.28,610045961,69.7,MOD-00625,7.8,2026-02-15T04:37:27,2026-02-14T20:37:27,https://api.quant-aq.com/v1/devices/MOD-00625/data/610045810
338.05,515.79,"{'lat': None, 'lon': None}","{'rh': 69.6, 'temp': 7.8, 'wd': 0.0, 'ws': 0.0, 'ws_scalar': 0.0}","{'gas': {'co': 18156, 'co2': 13273, 'no': 18157, 'no2': 18158, 'o3': 18159}, 'pm': {'pm1': 13236, 'pm10': 13238, 'pm25': 13237}}",10.11,26.52,6.57,3.48,24.05,3.79,610045960,69.6,MOD-00625,7.8,2026-02-15T04:36:27,2026-02-14T20:36:27,https://api.quant-aq.com/v1/devices/MOD-00625/data/610045809
331.6,513.62,"{'lat': None, 'lon': None}","{'rh': 69.6, 'temp': 7.9, 'wd': 0.0, 'ws': 0.0, 'ws_scalar': 0.0}","{'gas': {'co': 18156, 'co2': 13273, 'no': 18157, 'no2': 18158, 'o3': 18159}, 'pm': {'pm1': 13236, 'pm10': 13238, 'pm25': 13237}}",6.5,24.45,7.63,3.14,4.77,3.46,610045959,69.6,MOD-00625,7.9,2026-02-15T04:35:27,2026-02-14T20:35:27,https://api.quant-aq.com/v1/devices/MOD-00625/data/610045808
327.57,513.38,"{'lat': None, 'lon': None}","{'rh': 69.5, 'temp': 7.9, 'wd': 0.0, 'ws': 0.0, 'ws_scalar': 0.0}","{'gas': {'co': 18156, 'co2': 13273, 'no': 18157, 'no2': 18158, 'o3': 18159}, 'pm': {'pm1': 13236, 'pm10': 13238, 'pm25': 13237}}",4.01,24.47,7.63,2.85,6.66,3.14,610043686,69.5,MOD-00625,7.9,2026-02-15T04:34:27,2026-02-14T20:34:27,https://api.quant-aq.com/v1/devices/MOD-00625/data/610043535
323.88,515.18,"{'lat': None, 'lon': None}","{'rh': 69.5, 'temp': 7.9, 'wd': 0.0, 'ws': 0.0, 'ws_scalar': 0.0}","{'gas': {'co': 18156, 'co2': 13273, 'no': 18157, 'no2': 18158, 'o3': 18159}, 'pm': {'pm1': 13236, 'pm10': 13238, 'pm25': 13237}}",3.22,23.63,9.25,2.52,15.09,2.76,610043687,69.5,MOD-00625,7.9,2026-02-15T04:33:27,2026-02-14T20:33:27,https://api.quant-aq.com/v1/devices/MOD-00625/data/610043536
323.13,511.93,"{'lat': None, 'lon': None}","{'rh': 69.4, 'temp': 7.9, 'wd': 0.0, 'ws': 0.0, 'ws_scalar': 0.0}","{'gas': {'co': 18156, 'co2': 13273, 'no': 18157, 'no2': 18158, 'o3': 18159}, 'pm': {'pm1': 13236, 'pm10': 13238, 'pm25': 13237}}",3.07,23.22,9.84,2.93,6.04,3.15,610043685,69.4,MOD-00625,7.9,2026-02-15T04:32:27,2026-02-14T20:32:27,https://api.quant-aq.com/v1/devices/MOD-00625/data/610043534
328.19,510.85,"{'lat': None, 'lon': None}","{'rh': 69.2, 'temp': 7.9, 'wd': 0.0, 'ws': 0.0, 'ws_scalar': 0.0}","{'gas': {'co': 18156, 'co2': 13273, 'no': 18157, 'no2': 18158, 'o3': 18159}, 'pm': {'pm1': 13236, 'pm10': 13238, 'pm25': 13237}}",2.61,22.84,9.97,3.32,4.11,3.38,610043684,69.2,MOD-00625,7.9,2026-02-15T04:31:27,2026-02-14T20:31:27,https://api.quant-aq.com/v1/devices/MOD-00625/data/610043533
320.47,510.37,"{'lat': None, 'lon': None}","{'rh': 69.1, 'temp': 7.9, 'wd': 0.0, 'ws': 0.0, 'ws_scalar': 0.0}","{'gas': {'co': 18156, 'co2': 13273, 'no': 18157, 'no2': 18158, 'o3': 18159}, 'pm': {'pm1': 13236, 'pm10': 13238, 'pm25': 13237}}",2.76,22.85,9.07,3.76,4.46,4.0,610041447,69.1,MOD-00625,7.9,2026-02-15T04:30:27,2026-02-14T20:30:27,https://api.quant-aq.com/v1/devices/MOD-00625/data/610041295
319.44,509.76,"{'lat': None, 'lon': None}","{'rh': 69.4, 'temp': 7.9, 'wd': 0.0, 'ws': 0.0, 'ws_scalar': 0.0}","{'gas': {'co': 18156, 'co2': 13273, 'no': 18157, 'no2': 18158, 'o3': 18159}, 'pm': {'pm1': 13236, 'pm10': 13238, 'pm25': 13237}}",3.07,23.22,9.38,4.83,4.97,4.94,610041448,69.4,MOD-00625,7.9,2026-02-15T04:29:27,2026-02-14T20:29:27,https://api.quant-aq.com/v1/devices/MOD-00625/data/610041297
327.57,511.09,"{'lat': None, 'lon': None}","{'rh': 69.5, 'temp': 7.9, 'wd': 0.0, 'ws': 0.0, 'ws_scalar': 0.0}","{'gas': {'co': 18156, 'co2': 13273, 'no': 18157, 'no2': 18158, 'o3': 18159}, 'pm': {'pm1': 13236, 'pm10': 13238, 'pm25': 13237}}",2.91,22.37,8.25,5.4,6.79,5.58,610041445,69.5,MOD-00625,7.9,2026-02-15T04:28:27,2026-02-14T20:28:27,https://api.quant-aq.com/v1/devices/MOD-00625/data/610041294
316.98,510.0,"{'lat': None, 'lon': None}","{'rh': 69.4, 'temp': 7.9, 'wd': 0.0, 'ws': 0.0, 'ws_scalar': 0.0}","{'gas': {'co': 18156, 'co2': 13273, 'no': 18157, 'no2': 18158, 'o3': 18159}, 'pm': {'pm1': 13236, 'pm10': 13238, 'pm25': 13237}}",2.76,23.22,8.01,4.27,4.47,4.41,610041446,69.4,MOD-00625,7.9,2026-02-15T04:27:27,2026-02-14T20:27:27,https://api.quant-aq.com/v1/devices/MOD-00625/data/610041296
322.79,506.87,"{'lat': None, 'lon': None}","{'rh': 69.3, 'temp': 7.9, 'wd': 0.0, 'ws': 0.0, 'ws_scalar': 0.0}","{'gas': {'co': 18156, 'co2': 13273, 'no': 18157, 'no2': 18158, 'o3': 18159}, 'pm': {'pm1': 13236, 'pm10': 13238, 'pm25': 13237}}",2.91,23.24,8.93,2.49,3.24,2.58,610039171,69.3,MOD-00625,7.9,2026-02-15T04:26:27,2026-02-14T20:26:27,https://api.quant-aq.com/v1/devices/MOD-00625/data/610039020
323.34,511.33,"{'lat': None, 'lon': None}","{'rh': 69.1, 'temp': 7.9, 'wd': 0.0, 'ws': 0.0, 'ws_scalar': 0.0}","{'gas': {'co': 18156, 'co2': 13273, 'no': 18157, 'no2': 18158, 'o3': 18159}, 'pm': {'pm1': 13236, 'pm10': 13238, 'pm25': 13237}}",3.38,22.85,9.07,2.35,5.29,2.48,610039172,69.1,MOD-00625,7.9,2026-02-15T04:25:27,2026-02-14T20:25:27,https://api.quant-aq.com/v1/devices/MOD-00625/data/610039021
330.17,511.09,"{'lat': None, 'lon': None}","{'rh': 69.3, 'temp': 7.9, 'wd': 0.0, 'ws': 0.0, 'ws_scalar': 0.0}","{'gas': {'co': 18156, 'co2': 13273, 'no': 18157, 'no2': 18158, 'o3': 18159}, 'pm': {'pm1': 13236, 'pm10': 13238, 'pm25': 13237}}",3.53,22.4,8.26,2.26,2.41,2.38,610039174,69.3,MOD-00625,7.9,2026-02-15T04:24:27,2026-02-14T20:24:27,https://api.quant-aq.com/v1/devices/MOD-00625/data/610039023
336.72,512.65,"{'lat': None, 'lon': None}","{'rh': 69.9, 'temp': 7.9, 'wd': 0.0, 'ws': 0.0, 'ws_scalar': 0.0}","{'gas': {'co': 18156, 'co2': 13273, 'no': 18157, 'no2': 18158, 'o3': 18159}, 'pm': {'pm1': 13236, 'pm10': 13238, 'pm25': 13237}}",3.53,23.99,6.82,2.64,3.68,2.84,610039173,69.9,MOD-00625,7.9,2026-02-15T04:23:27,2026-02-14T20:23:27,https://api.quant-aq.com/v1/devices/MOD-00625/data/610039022
338.54,513.02,"{'lat': None, 'lon': None}","{'rh': 69.8, 'temp': 8.0, 'wd': 0.0, 'ws': 0.0, 'ws_scalar': 0.0}","{'gas': {'co': 18156, 'co2': 13273, 'no': 18157, 'no2': 18158, 'o3': 18159}, 'pm': {'pm1': 13236, 'pm10': 13238, 'pm25': 13237}}",4.0,24.02,7.27,2.79,3.59,2.99,610036883,69.8,MOD-00625,8.0,2026-02-15T04:22:27,2026-02-14T20:22:27,https://api.quant-aq.com/v1/devices/MOD-00625/data/610036732
339.36,515.3,"{'lat': None, 'lon': None}","{'rh': 69.8, 'temp': 8.0, 'wd': 0.0, 'ws': 0.0, 'ws_scalar': 0.0}","{'gas': {'co': 18156, 'co2': 13273, 'no': 18157, 'no2': 18158, 'o3': 18159}, 'pm': {'pm1': 13236, 'pm10': 13238, 'pm25': 13237}}",3.37,24.44,7.6,2.68,8.92,2.77,610036886,69.8,MOD-00625,8.0,2026-02-15T04:21:27,2026-02-14T20:21:27,https://api.quant-aq.com/v1/devices/MOD-00625/data/610036734
339.1,513.14,"{'lat': None, 'lon': None}","{'rh': 69.6, 'temp': 8.0, 'wd': 0.0, 'ws': 0.0, 'ws_scalar': 0.0}","{'gas': {'co': 18156, 'co2': 13273, 'no': 18157, 'no2': 18158, 'o3': 18159}, 'pm': {'pm1': 13236, 'pm10': 13238, 'pm25': 13237}}",3.52,23.64,7.86,2.83,4.23,3.03,610036885,69.6,MOD-00625,8.0,2026-02-15T04:20:27,2026-02-14T20:20:27,https://api.quant-aq.com/v1/devices/MOD-00625/data/610036735
346.27,513.5,"{'lat': None, 'lon': None}","{'rh': 69.9, 'temp': 8.0, 'wd': 0.0, 'ws': 0.0, 'ws_scalar': 0.0}","{'gas': {'co': 18156, 'co2': 13273, 'no': 18157, 'no2': 18158, 'o3': 18159}, 'pm': {'pm1': 13236, 'pm10': 13238, 'pm25': 13237}}",3.52,24.01,7.26,2.68,3.4,2.84,610036884,69.9,MOD-00625,8.0,2026-02-15T04:19:27,2026-02-14T20:19:27,https://api.quant-aq.com/v1/devices/MOD-00625/data/610036733
336.83,513.86,"{'lat': None, 'lon': None}","{'rh': 69.9, 'temp': 8.0, 'wd': 0.0, 'ws': 0.0, 'ws_scalar': 0.0}","{'gas': {'co': 18156, 'co2': 13273, 'no': 18157, 'no2': 18158, 'o3': 18159}, 'pm': {'pm1': 13236, 'pm10': 13238, 'pm25': 13237}}",3.37,24.43,7.14,3.17,3.84,3.37,610034649,69.9,MOD-00625,8.0,2026-02-15T04:18:27,2026-02-14T20:18:27,https://api.quant-aq.com/v1/devices/MOD-00625/data/610034498
332.94,507.6,"{'lat': None, 'lon': None}","{'rh': 69.6, 'temp': 8.0, 'wd': 0.0, 'ws': 0.0, 'ws_scalar': 0.0}","{'gas': {'co': 18156, 'co2': 13273, 'no': 18157, 'no2': 18158, 'o3': 18159}, 'pm': {'pm1': 13236, 'pm10': 13238, 'pm25': 13237}}",3.06,23.22,7.98,2.95,8.87,3.12,610034651,69.6,MOD-00625,8.0,2026-02-15T04:17:27,2026-02-14T20:17:27,https://api.quant-aq.com/v1/devices/MOD-00625/data/610034500
336.08,511.21,"{'lat': None, 'lon': None}","{'rh': 69.8, 'temp': 8.0, 'wd': 0.0, 'ws': 0.0, 'ws_scalar': 0.0}","{'gas': {'co': 18156, 'co2': 13273, 'no': 18157, 'no2': 18158, 'o3': 18159}, 'pm': {'pm1': 13236, 'pm10': 13238, 'pm25': 13237}}",3.52,24.02,7.72,3.88,6.16,4.07,610034648,69.8,MOD-00625,8.0,2026-02-15T04:16:27,2026-02-14T20:16:27,https://api.quant-aq.com/v1/devices/MOD-00625/data/610034497
327.13,512.65,"{'lat': None, 'lon': None}","{'rh': 69.7, 'temp': 8.0, 'wd': 0.0, 'ws': 0.0, 'ws_scalar': 0.0}","{'gas': {'co': 18156, 'co2': 13273, 'no': 18157, 'no2': 18158, 'o3': 18159}, 'pm': {'pm1': 13236, 'pm10': 13238, 'pm25': 13237}}",3.52,24.04,6.82,3.77,4.98,3.9,610034650,69.7,MOD-00625,8.0,2026-02-15T04:15:27,2026-02-14T20:15:27,https://api.quant-aq.com/v1/devices/MOD-00625/data/610034499
328.43,505.91,"{'lat': None, 'lon': None}","{'rh': 69.6, 'temp': 8.0, 'wd': 0.0, 'ws': 0.0, 'ws_scalar': 0.0}","{'gas': {'co': 18156, 'co2': 13273, 'no': 18157, 'no2': 18158, 'o3': 18159}, 'pm': {'pm1': 13236, 'pm10': 13238, 'pm25': 13237}}",3.68,24.06,7.74,4.03,5.91,4.3,610032382,69.6,MOD-00625,8.0,2026-02-15T04:14:27,2026-02-14T20:14:27,https://api.quant-aq.com/v1/devices/MOD-00625/data/610032231
323.17,510.61,"{'lat': None, 'lon': None}","{'rh': 69.5, 'temp': 8.0, 'wd': 0.0, 'ws': 0.0, 'ws_scalar': 0.0}","{'gas': {'co': 18156, 'co2': 13273, 'no': 18157, 'no2': 18158, 'o3': 18159}, 'pm': {'pm1': 13236, 'pm10': 13238, 'pm25': 13237}}",4.01,24.49,6.25,3.2,3.54,3.29,610032381,69.5,MOD-00625,8.0,2026-02-15T04:13:27,2026-02-14T20:13:27,https://api.quant-aq.com/v1/devices/MOD-00625/data/610032230
323.17,512.9,"{'lat': None, 'lon': None}","{'rh': 69.5, 'temp': 8.0, 'wd': 0.0, 'ws': 0.0, 'ws_scalar': 0.0}","{'gas': {'co': 18156, 'co2': 13273, 'no': 18157, 'no2': 18158, 'o3': 18159}, 'pm': {'pm1': 13236, 'pm10': 13238, 'pm25': 13237}}",4.24,25.75,6.34,3.62,5.19,3.76,610032383,69.5,MOD-00625,8.0,2026-02-15T04:12:27,2026-02-14T20:12:27,https://api.quant-aq.com/v1/devices/MOD-00625/data/610032232
319.25,515.3,"{'lat': None, 'lon': None}","{'rh': 69.4, 'temp': 8.1, 'wd': 0.0, 'ws': 0.0, 'ws_scalar': 0.0}","{'gas': {'co': 18156, 'co2': 13273, 'no': 18157, 'no2': 18158, 'o3': 18159}, 'pm': {'pm1': 13236, 'pm10': 13238, 'pm25': 13237}}",4.92,23.69,7.41,4.21,6.3,4.42,610032380,69.4,MOD-00625,8.1,2026-02-15T04:11:27,2026-02-14T20:11:27,https://api.quant-aq.com/v1/devices/MOD-00625/data/610032229
324.17,513.62,"{'lat': None, 'lon': None}","{'rh': 69.4, 'temp': 8.1, 'wd': 0.0, 'ws': 0.0, 'ws_scalar': 0.0}","{'gas': {'co': 18156, 'co2': 13273, 'no': 18157, 'no2': 18158, 'o3': 18159}, 'pm': {'pm1': 13236, 'pm10': 13238, 'pm25': 13237}}",4.7,24.95,6.58,4.26,10.21,4.34,610030145,69.4,MOD-00625,8.1,2026-02-15T04:10:27,2026-02-14T20:10:27,https://api.quant-aq.com/v1/devices/MOD-00625/data/610029995
328.82,513.02,"{'lat': None, 'lon': None}","{'rh': 69.2, 'temp': 8.1, 'wd': 0.0, 'ws': 0.0, 'ws_scalar': 0.0}","{'gas': {'co': 18156, 'co2': 13273, 'no': 18157, 'no2': 18158, 'o3': 18159}, 'pm': {'pm1': 13236, 'pm10': 13238, 'pm25': 13237}}",4.24,25.4,6.02,4.11,4.74,4.31,610030147,69.2,MOD-00625,8.1,2026-02-15T04:09:27,2026-02-14T20:09:27,https://api.quant-aq.com/v1/devices/MOD-00625/data/610029996
321.58,514.1,"{'lat': None, 'lon': None}","{'rh': 69.0, 'temp': 8.1, 'wd': 0.0, 'ws': 0.0, 'ws_scalar': 0.0}","{'gas': {'co': 18156, 'co2': 13273, 'no': 18157, 'no2': 18158, 'o3': 18159}, 'pm': {'pm1': 13236, 'pm10': 13238, 'pm25': 13237}}",4.71,24.59,6.73,3.51,4.3,3.64,610030146,69.0,MOD-00625,8.1,2026-02-15T04:08:27,2026-02-14T20:08:27,https://api.quant-aq.com/v1/devices/MOD-00625/data/610029994
328.48,506.27,"{'lat': None, 'lon': None}","{'rh': 69.1, 'temp': 8.1, 'wd': 0.0, 'ws': 0.0, 'ws_scalar': 0.0}","{'gas': {'co': 18156, 'co2': 13273, 'no': 18157, 'no2': 18158, 'o3': 18159}, 'pm': {'pm1': 13236, 'pm10': 13238, 'pm25': 13237}}",4.47,24.58,6.27,4.21,6.27,4.37,610030148,69.1,MOD-00625,8.1,2026-02-15T04:07:27,2026-02-14T20:07:27,https://api.quant-aq.com/v1/devices/MOD-00625/data/610029997
324.86,512.29,"{'lat': None, 'lon': None}","{'rh': 69.0, 'temp': 8.1, 'wd': 0.0, 'ws': 0.0, 'ws_scalar': 0.0}","{'gas': {'co': 18156, 'co2': 13273, 'no': 18157, 'no2': 18158, 'o3': 18159}, 'pm': {'pm1': 13236, 'pm10': 13238, 'pm25': 13237}}",3.82,24.17,7.31,4.39,5.69,4.55,610027899,69.0,MOD-00625,8.1,2026-02-15T04:06:27,2026-02-14T20:06:27,https://api.quant-aq.com/v1/devices/MOD-00625/data/610027748
321.17,510.61,"{'lat': None, 'lon': None}","{'rh': 69.0, 'temp': 8.1, 'wd': 0.0, 'ws': 0.0, 'ws_scalar': 0.0}","{'gas': {'co': 18156, 'co2': 13273, 'no': 18157, 'no2': 18158, 'o3': 18159}, 'pm': {'pm1': 13236, 'pm10': 13238, 'pm25': 13237}}",3.67,23.75,7.44,4.25,4.77,4.64,610027898,69.0,MOD-00625,8.1,2026-02-15T04:05:27,2026-02-14T20:05:27,https://api.quant-aq.com/v1/devices/MOD-00625/data/610027747
326.16,511.57,"{'lat': None, 'lon': None}","{'rh': 68.9, 'temp': 8.1, 'wd': 0.0, 'ws': 0.0, 'ws_scalar': 0.0}","{'gas': {'co': 18156, 'co2': 13273, 'no': 18157, 'no2': 18158, 'o3': 18159}, 'pm': {'pm1': 13236, 'pm10': 13238, 'pm25': 13237}}",3.82,24.19,7.78,4.66,5.21,4.93,610027901,68.9,MOD-00625,8.1,2026-02-15T04:04:27,2026-02-14T20:04:27,https://api.quant-aq.com/v1/devices/MOD-00625/data/610027750
327.95,507.72,"{'lat': None, 'lon': None}","{'rh': 68.7, 'temp': 8.1, 'wd': 0.0, 'ws': 0.0, 'ws_scalar': 0.0}","{'gas': {'co': 18156, 'co2': 13273, 'no': 18157, 'no2': 18158, 'o3': 18159}, 'pm': {'pm1': 13236, 'pm10': 13238, 'pm25': 13237}}",3.82,24.64,7.67,4.36,7.6,4.7,610027900,68.7,MOD-00625,8.1,2026-02-15T04:03:27,2026-02-14T20:03:27,https://api.quant-aq.com/v1/devices/MOD-00625/data/610027749
328.95,511.33,"{'lat': None, 'lon': None}","{'rh': 68.6, 'temp': 8.2, 'wd': 0.0, 'ws': 0.0, 'ws_scalar': 0.0}","{'gas': {'co': 18156, 'co2': 13273, 'no': 18157, 'no2': 18158, 'o3': 18159}, 'pm': {'pm1': 13236, 'pm10': 13238, 'pm25': 13237}}",4.48,23.0,9.07,5.22,7.22,5.52,610025625,68.6,MOD-00625,8.2,2026-02-15T04:02:27,2026-02-14T20:02:27,https://api.quant-aq.com/v1/devices/MOD-00625/data/610025474
323.4,508.32,"{'lat': None, 'lon': None}","{'rh': 68.9, 'temp': 8.2, 'wd': 0.0, 'ws': 0.0, 'ws_scalar': 0.0}","{'gas': {'co': 18156, 'co2': 13273, 'no': 18157, 'no2': 18158, 'o3': 18159}, 'pm': {'pm1': 13236, 'pm10': 13238, 'pm25': 13237}}",5.16,24.21,8.22,5.06,5.76,5.39,610025624,68.9,MOD-00625,8.2,2026-02-15T04:01:27,2026-02-14T20:01:27,https://api.quant-aq.com/v1/devices/MOD-00625/data/610025473
324.29,512.53,"{'lat': None, 'lon': None}","{'rh': 68.8, 'temp': 8.2, 'wd': 0.0, 'ws': 0.0, 'ws_scalar': 0.0}","{'gas': {'co': 18156, 'co2': 13273, 'no': 18157, 'no2': 18158, 'o3': 18159}, 'pm': {'pm1': 13236, 'pm10': 13238, 'pm25': 13237}}",5.46,24.23,7.77,5.09,5.26,5.23,610025626,68.8,MOD-00625,8.2,2026-02-15T04:00:27,2026-02-14T20:00:27,https://api.quant-aq.com/v1/devices/MOD-00625/data/610025475
330.52,510.61,"{'lat': None, 'lon': None}","{'rh': 68.7, 'temp': 8.2, 'wd': 0.0, 'ws': 0.0, 'ws_scalar': 0.0}","{'gas': {'co': 18156, 'co2': 13273, 'no': 18157, 'no2': 18158, 'o3': 18159}, 'pm': {'pm1': 13236, 'pm10': 13238, 'pm25': 13237}}",5.17,24.66,8.57,4.9,6.38,5.05,610025623,68.7,MOD-00625,8.2,2026-02-15T03:59:27,2026-02-14T19:59:27,https://api.quant-aq.com/v1/devices/MOD-00625/data/610025472
327.58,510.25,"{'lat': None, 'lon': None}","{'rh': 68.8, 'temp': 8.2, 'wd': 0.0, 'ws': 0.0, 'ws_scalar': 0.0}","{'gas': {'co': 18156, 'co2': 13273, 'no': 18157, 'no2': 18158, 'o3': 18159}, 'pm': {'pm1': 13236, 'pm10': 13238, 'pm25': 13237}}",4.94,22.97,8.14,5.14,11.43,5.29,610023336,68.8,MOD-00625,8.2,2026-02-15T03:58:27,2026-02-14T19:58:27,https://api.quant-aq.com/v1/devices/MOD-00625/data/610023185
325.94,509.16,"{'lat': None, 'lon': None}","{'rh': 68.8, 'temp': 8.2, 'wd': 0.0, 'ws': 0.0, 'ws_scalar': 0.0}","{'gas': {'co': 18156, 'co2': 13273, 'no': 18157, 'no2': 18158, 'o3': 18159}, 'pm': {'pm1': 13236, 'pm10': 13238, 'pm25': 13237}}",3.82,22.14,9.76,5.5,11.87,5.65,610023335,68.8,MOD-00625,8.2,2026-02-15T03:57:27,2026-02-14T19:57:27,https://api.quant-aq.com/v1/devices/MOD-00625/data/610023184
327.43,508.8,"{'lat': None, 'lon': None}","{'rh': 69.0, 'temp': 8.2, 'wd': 0.0, 'ws': 0.0, 'ws_scalar': 0.0}","{'gas': {'co': 18156, 'co2': 13273, 'no': 18157, 'no2': 18158, 'o3': 18159}, 'pm': {'pm1': 13236, 'pm10': 13238, 'pm25': 13237}}",3.51,22.1,9.29,5.81,6.1,5.92,610023334,69.0,MOD-00625,8.2,2026-02-15T03:56:27,2026-02-14T19:56:27,https://api.quant-aq.com/v1/devices/MOD-00625/data/610023182
327.63,510.85,"{'lat': None, 'lon': None}","{'rh': 69.3, 'temp': 8.2, 'wd': 0.0, 'ws': 0.0, 'ws_scalar': 0.0}","{'gas': {'co': 18156, 'co2': 13273, 'no': 18157, 'no2': 18158, 'o3': 18159}, 'pm': {'pm1': 13236, 'pm10': 13238, 'pm25': 13237}}",3.04,21.25,9.97,5.23,6.0,5.47,610023333,69.3,MOD-00625,8.2,2026-02-15T03:55:27,2026-02-14T19:55:27,https://api.quant-aq.com/v1/devices/MOD-00625/data/610023183
330.61,508.56,"{'lat': None, 'lon': None}","{'rh': 69.3, 'temp': 8.3, 'wd': 0.0, 'ws': 0.0, 'ws_scalar': 0.0}","{'gas': {'co': 18156, 'co2': 13273, 'no': 18157, 'no2': 18158, 'o3': 18159}, 'pm': {'pm1': 13236, 'pm10': 13238, 'pm25': 13237}}",2.26,20.53,10.66,4.63,4.85,4.82,610021061,69.3,MOD-00625,8.3,2026-02-15T03:54:27,2026-02-14T19:54:27,https://api.quant-aq.com/v1/devices/MOD-00625/data/610020907
330.69,507.48,"{'lat': None, 'lon': None}","{'rh': 69.2, 'temp': 8.3, 'wd': 0.0, 'ws': 0.0, 'ws_scalar': 0.0}","{'gas': {'co': 18156, 'co2': 13273, 'no': 18157, 'no2': 18158, 'o3': 18159}, 'pm': {'pm1': 13236, 'pm10': 13238, 'pm25': 13237}}",1.95,21.69,9.84,4.33,10.36,4.41,610021063,69.2,MOD-00625,8.3,2026-02-15T03:53:27,2026-02-14T19:53:27,https://api.quant-aq.com/v1/devices/MOD-00625/data/610020911
329.45,512.9,"{'lat': None, 'lon': None}","{'rh': 69.2, 'temp': 8.3, 'wd': 0.0, 'ws': 0.0, 'ws_scalar': 0.0}","{'gas': {'co': 18156, 'co2': 13273, 'no': 18157, 'no2': 18158, 'o3': 18159}, 'pm': {'pm1': 13236, 'pm10': 13238, 'pm25': 13237}}",1.8,21.29,9.96,5.47,8.19,5.71,610021065,69.2,MOD-00625,8.3,2026-02-15T03:52:27,2026-02-14T19:52:27,https://api.quant-aq.com/v1/devices/MOD-00625/data/610020915
328.78,512.41,"{'lat': None, 'lon': None}","{'rh': 69.0, 'temp': 8.3, 'wd': 0.0, 'ws': 0.0, 'ws_scalar': 0.0}","{'gas': {'co': 18156, 'co2': 13273, 'no': 18157, 'no2': 18158, 'o3': 18159}, 'pm': {'pm1': 13236, 'pm10': 13238, 'pm25': 13237}}",2.26,22.54,10.98,5.15,5.84,5.29,610021059,69.0,MOD-00625,8.3,2026-02-15T03:51:27,2026-02-14T19:51:27,https://api.quant-aq.com/v1/devices/MOD-00625/data/610020908
332.13,508.08,"{'lat': None, 'lon': None}","{'rh': 68.9, 'temp': 8.3, 'wd': 0.0, 'ws': 0.0, 'ws_scalar': 0.0}","{'gas': {'co': 18156, 'co2': 13273, 'no': 18157, 'no2': 18158, 'o3': 18159}, 'pm': {'pm1': 13236, 'pm10': 13238, 'pm25': 13237}}",2.11,21.73,9.86,3.91,8.26,4.15,610018837,68.9,MOD-00625,8.3,2026-02-15T03:50:27,2026-02-14T19:50:27,https://api.quant-aq.com/v1/devices/MOD-00625/data/610018686
322.76,508.8,"{'lat': None, 'lon': None}","{'rh': 68.8, 'temp': 8.3, 'wd': 0.0, 'ws': 0.0, 'ws_scalar': 0.0}","{'gas': {'co': 18156, 'co2': 13273, 'no': 18157, 'no2': 18158, 'o3': 18159}, 'pm': {'pm1': 13236, 'pm10': 13238, 'pm25': 13237}}",1.8,22.99,9.5,3.21,6.08,3.35,610018839,68.8,MOD-00625,8.3,2026-02-15T03:49:27,2026-02-14T19:49:27,https://api.quant-aq.com/v1/devices/MOD-00625/data/610018688
322.83,506.87,"{'lat': None, 'lon': None}","{'rh': 68.7, 'temp': 8.3, 'wd': 0.0, 'ws': 0.0, 'ws_scalar': 0.0}","{'gas': {'co': 18156, 'co2': 13273, 'no': 18157, 'no2': 18158, 'o3': 18159}, 'pm': {'pm1': 13236, 'pm10': 13238, 'pm25': 13237}}",2.26,22.59,9.17,3.62,4.93,3.79,610018840,68.7,MOD-00625,8.3,2026-02-15T03:48:27,2026-02-14T19:48:27,https://api.quant-aq.com/v1/devices/MOD-00625/data/610018689
319.48,508.08,"{'lat': None, 'lon': None}","{'rh': 68.8, 'temp': 8.3, 'wd': 0.0, 'ws': 0.0, 'ws_scalar': 0.0}","{'gas': {'co': 18156, 'co2': 13273, 'no': 18157, 'no2': 18158, 'o3': 18159}, 'pm': {'pm1': 13236, 'pm10': 13238, 'pm25': 13237}}",2.42,22.58,10.08,3.06,3.59,3.16,610018838,68.8,MOD-00625,8.3,2026-02-15T03:47:27,2026-02-14T19:47:27,https://api.quant-aq.com/v1/devices/MOD-00625/data/610018687
316.34,507.23,"{'lat': None, 'lon': None}","{'rh': 68.6, 'temp': 8.3, 'wd': 0.0, 'ws': 0.0, 'ws_scalar': 0.0}","{'gas': {'co': 18156, 'co2': 13273, 'no': 18157, 'no2': 18158, 'o3': 18159}, 'pm': {'pm1': 13236, 'pm10': 13238, 'pm25': 13237}}",2.42,23.02,9.97,3.09,8.55,3.19,610016614,68.6,MOD-00625,8.3,2026-02-15T03:46:27,2026-02-14T19:46:27,https://api.quant-aq.com/v1/devices/MOD-00625/data/610016464
320.78,508.56,"{'lat': None, 'lon': None}","{'rh': 68.7, 'temp': 8.3, 'wd': 0.0, 'ws': 0.0, 'ws_scalar': 0.0}","{'gas': {'co': 18156, 'co2': 13273, 'no': 18157, 'no2': 18158, 'o3': 18159}, 'pm': {'pm1': 13236, 'pm10': 13238, 'pm25': 13237}}",3.03,23.43,8.93,2.8,3.78,2.9,610016616,68.7,MOD-00625,8.3,2026-02-15T03:45:27,2026-02-14T19:45:27,https://api.quant-aq.com/v1/devices/MOD-00625/data/610016465
323.91,510.49,"{'lat': None, 'lon': None}","{'rh': 68.5, 'temp': 8.4, 'wd': 0.0, 'ws': 0.0, 'ws_scalar': 0.0}","{'gas': {'co': 18156, 'co2': 13273, 'no': 18157, 'no2': 18158, 'o3': 18159}, 'pm': {'pm1': 13236, 'pm10': 13238, 'pm25': 13237}}",3.18,22.65,8.72,2.9,4.12,2.98,610016613,68.5,MOD-00625,8.4,2026-02-15T03:44:27,2026-02-14T19:44:27,https://api.quant-aq.com/v1/devices/MOD-00625/data/610016462
318.72,508.2,"{'lat': None, 'lon': None}","{'rh': 68.3, 'temp': 8.4, 'wd': 0.0, 'ws': 0.0, 'ws_scalar': 0.0}","{'gas': {'co': 18156, 'co2': 13273, 'no': 18157, 'no2': 18158, 'o3': 18159}, 'pm': {'pm1': 13236, 'pm10': 13238, 'pm25': 13237}}",3.49,23.51,10.31,3.27,4.01,3.38,610016615,68.3,MOD-00625,8.4,2026-02-15T03:43:27,2026-02-14T19:43:27,https://api.quant-aq.com/v1/devices/MOD-00625/data/610016463
313.04,509.16,"{'lat': None, 'lon': None}","{'rh': 68.2, 'temp': 8.4, 'wd': 0.0, 'ws': 0.0, 'ws_scalar': 0.0}","{'gas': {'co': 18156, 'co2': 13273, 'no': 18157, 'no2': 18158, 'o3': 18159}, 'pm': {'pm1': 13236, 'pm10': 13238, 'pm25': 13237}}",3.64,23.53,8.95,2.92,3.18,3.12,610014321,68.2,MOD-00625,8.4,2026-02-15T03:42:27,2026-02-14T19:42:27,https://api.quant-aq.com/v1/devices/MOD-00625/data/610014171
318.79,510.13,"{'lat': None, 'lon': None}","{'rh': 68.2, 'temp': 8.4, 'wd': 0.0, 'ws': 0.0, 'ws_scalar': 0.0}","{'gas': {'co': 18156, 'co2': 13273, 'no': 18157, 'no2': 18158, 'o3': 18159}, 'pm': {'pm1': 13236, 'pm10': 13238, 'pm25': 13237}}",2.87,23.11,9.53,3.21,3.45,3.39,610014323,68.2,MOD-00625,8.4,2026-02-15T03:41:27,2026-02-14T19:41:27,https://api.quant-aq.com/v1/devices/MOD-00625/data/610014172
312.08,510.37,"{'lat': None, 'lon': None}","{'rh': 68.4, 'temp': 8.4, 'wd': 0.0, 'ws': 0.0, 'ws_scalar': 0.0}","{'gas': {'co': 18156, 'co2': 13273, 'no': 18157, 'no2': 18158, 'o3': 18159}, 'pm': {'pm1': 13236, 'pm10': 13238, 'pm25': 13237}}",2.87,22.66,9.64,3.25,4.19,3.38,610014324,68.4,MOD-00625,8.4,2026-02-15T03:40:27,2026-02-14T19:40:27,https://api.quant-aq.com/v1/devices/MOD-00625/data/610014173
317.15,510.13,"{'lat': None, 'lon': None}","{'rh': 68.2, 'temp': 8.4, 'wd': 0.0, 'ws': 0.0, 'ws_scalar': 0.0}","{'gas': {'co': 18156, 'co2': 13273, 'no': 18157, 'no2': 18158, 'o3': 18159}, 'pm': {'pm1': 13236, 'pm10': 13238, 'pm25': 13237}}",3.64,24.79,8.58,2.74,7.88,2.89,610014322,68.2,MOD-00625,8.4,2026-02-15T03:39:27,2026-02-14T19:39:27,https://api.quant-aq.com/v1/devices/MOD-00625/data/610014170
312.7,510.25,"{'lat': None, 'lon': None}","{'rh': 68.1, 'temp': 8.4, 'wd': 0.0, 'ws': 0.0, 'ws_scalar': 0.0}","{'gas': {'co': 18156, 'co2': 13273, 'no': 18157, 'no2': 18158, 'o3': 18159}, 'pm': {'pm1': 13236, 'pm10': 13238, 'pm25': 13237}}",4.03,24.38,8.26,2.56,2.86,2.63,610012069,68.1,MOD-00625,8.4,2026-02-15T03:38:27,2026-02-14T19:38:27,https://api.quant-aq.com/v1/devices/MOD-00625/data/610011918
319.68,509.4,"{'lat': None, 'lon': None}","{'rh': 68.1, 'temp': 8.4, 'wd': 0.0, 'ws': 0.0, 'ws_scalar': 0.0}","{'gas': {'co': 18156, 'co2': 13273, 'no': 18157, 'no2': 18158, 'o3': 18159}, 'pm': {'pm1': 13236, 'pm10': 13238, 'pm25': 13237}}",4.26,24.38,9.17,3.14,3.74,3.28,610012068,68.1,MOD-00625,8.4,2026-02-15T03:37:27,2026-02-14T19:37:27,https://api.quant-aq.com/v1/devices/MOD-00625/data/610011917
321.43,508.32,"{'lat': None, 'lon': None}","{'rh': 68.1, 'temp': 8.5, 'wd': 0.0, 'ws': 0.0, 'ws_scalar': 0.0}","{'gas': {'co': 18156, 'co2': 13273, 'no': 18157, 'no2': 18158, 'o3': 18159}, 'pm': {'pm1': 13236, 'pm10': 13238, 'pm25': 13237}}",3.02,25.25,8.91,3.04,3.27,3.2,610012070,68.1,MOD-00625,8.5,2026-02-15T03:36:27,2026-02-14T19:36:27,https://api.quant-aq.com/v1/devices/MOD-00625/data/610011919
318.77,506.03,"{'lat': None, 'lon': None}","{'rh': 67.8, 'temp': 8.5, 'wd': 0.0, 'ws': 0.0, 'ws_scalar': 0.0}","{'gas': {'co': 18156, 'co2': 13273, 'no': 18157, 'no2': 18158, 'o3': 18159}, 'pm': {'pm1': 13236, 'pm10': 13238, 'pm25': 13237}}",3.02,24.87,9.06,2.79,3.48,2.87,610012067,67.8,MOD-00625,8.5,2026-02-15T03:35:27,2026-02-14T19:35:27,https://api.quant-aq.com/v1/devices/MOD-00625/data/610011916
326.22,507.11,"{'lat': None, 'lon': None}","{'rh': 67.7, 'temp': 8.5, 'wd': 0.0, 'ws': 0.0, 'ws_scalar': 0.0}","{'gas': {'co': 18156, 'co2': 13273, 'no': 18157, 'no2': 18158, 'o3': 18159}, 'pm': {'pm1': 13236, 'pm10': 13238, 'pm25': 13237}}",3.33,24.05,9.31,3.5,3.74,3.65,610009787,67.7,MOD-00625,8.5,2026-02-15T03:34:27,2026-02-14T19:34:27,https://api.quant-aq.com/v1/devices/MOD-00625/data/610009636
326.63,505.79,"{'lat': None, 'lon': None}","{'rh': 67.7, 'temp': 8.5, 'wd': 0.0, 'ws': 0.0, 'ws_scalar': 0.0}","{'gas': {'co': 18156, 'co2': 13273, 'no': 18157, 'no2': 18158, 'o3': 18159}, 'pm': {'pm1': 13236, 'pm10': 13238, 'pm25': 13237}}",3.17,24.89,8.15,3.55,5.04,3.74,610009788,67.7,MOD-00625,8.5,2026-02-15T03:33:27,2026-02-14T19:33:27,https://api.quant-aq.com/v1/devices/MOD-00625/data/610009637
319.25,506.03,"{'lat': None, 'lon': None}","{'rh': 67.7, 'temp': 8.5, 'wd': 0.0, 'ws': 0.0, 'ws_scalar': 0.0}","{'gas': {'co': 18156, 'co2': 13273, 'no': 18157, 'no2': 18158, 'o3': 18159}, 'pm': {'pm1': 13236, 'pm10': 13238, 'pm25': 13237}}",3.81,25.31,8.03,3.21,3.82,3.49,610009786,67.7,MOD-00625,8.5,2026-02-15T03:32:27,2026-02-14T19:32:27,https://api.quant-aq.com/v1/devices/MOD-00625/data/610009635
318.16,504.83,"{'lat': None, 'lon': None}","{'rh': 67.5, 'temp': 8.5, 'wd': 0.0, 'ws': 0.0, 'ws_scalar': 0.0}","{'gas': {'co': 18156, 'co2': 13273, 'no': 18157, 'no2': 18158, 'o3': 18159}, 'pm': {'pm1': 13236, 'pm10': 13238, 'pm25': 13237}}",3.64,25.76,7.92,3.29,3.45,3.42,610009789,67.5,MOD-00625,8.5,2026-02-15T03:31:27,2026-02-14T19:31:27,https://api.quant-aq.com/v1/devices/MOD-00625/data/610009638
325.34,505.31,"{'lat': None, 'lon': None}","{'rh': 67.2, 'temp': 8.5, 'wd': 0.0, 'ws': 0.0, 'ws_scalar': 0.0}","{'gas': {'co': 18156, 'co2': 13273, 'no': 18157, 'no2': 18158, 'o3': 18159}, 'pm': {'pm1': 13236, 'pm10': 13238, 'pm25': 13237}}",4.74,25.39,8.07,3.92,6.55,4.05,610007571,67.2,MOD-00625,8.5,2026-02-15T03:30:27,2026-02-14T19:30:27,https://api.quant-aq.com/v1/devices/MOD-00625/data/610007422
316.86,506.75,"{'lat': None, 'lon': None}","{'rh': 67.6, 'temp': 8.5, 'wd': 0.0, 'ws': 0.0, 'ws_scalar': 0.0}","{'gas': {'co': 18156, 'co2': 13273, 'no': 18157, 'no2': 18158, 'o3': 18159}, 'pm': {'pm1': 13236, 'pm10': 13238, 'pm25': 13237}}",4.96,26.16,6.88,5.82,6.96,5.93,610007569,67.6,MOD-00625,8.5,2026-02-15T03:29:27,2026-02-14T19:29:27,https://api.quant-aq.com/v1/devices/MOD-00625/data/610007418
317.27,507.72,"{'lat': None, 'lon': None}","{'rh': 67.6, 'temp': 8.5, 'wd': 0.0, 'ws': 0.0, 'ws_scalar': 0.0}","{'gas': {'co': 18156, 'co2': 13273, 'no': 18157, 'no2': 18158, 'o3': 18159}, 'pm': {'pm1': 13236, 'pm10': 13238, 'pm25': 13237}}",6.04,26.16,6.88,6.65,6.68,6.68,610007568,67.6,MOD-00625,8.5,2026-02-15T03:28:27,2026-02-14T19:28:27,https://api.quant-aq.com/v1/devices/MOD-00625/data/610007417
312.46,507.96,"{'lat': None, 'lon': None}","{'rh': 67.6, 'temp': 8.6, 'wd': 0.0, 'ws': 0.0, 'ws_scalar': 0.0}","{'gas': {'co': 18156, 'co2': 13273, 'no': 18157, 'no2': 18158, 'o3': 18159}, 'pm': {'pm1': 13236, 'pm10': 13238, 'pm25': 13237}}",6.67,26.61,7.2,7.82,9.01,8.04,610007570,67.6,MOD-00625,8.6,2026-02-15T03:27:27,2026-02-14T19:27:27,https://api.quant-aq.com/v1/devices/MOD-00625/data/610007419
311.23,509.64,"{'lat': None, 'lon': None}","{'rh': 67.6, 'temp': 8.6, 'wd': 0.0, 'ws': 0.0, 'ws_scalar': 0.0}","{'gas': {'co': 18156, 'co2': 13273, 'no': 18157, 'no2': 18158, 'o3': 18159}, 'pm': {'pm1': 13236, 'pm10': 13238, 'pm25': 13237}}",9.28,27.44,6.95,6.47,11.95,6.63,610005298,67.6,MOD-00625,8.6,2026-02-15T03:26:27,2026-02-14T19:26:27,https://api.quant-aq.com/v1/devices/MOD-00625/data/610005147
305.56,509.4,"{'lat': None, 'lon': None}","{'rh': 67.5, 'temp': 8.6, 'wd': 0.0, 'ws': 0.0, 'ws_scalar': 0.0}","{'gas': {'co': 18156, 'co2': 13273, 'no': 18157, 'no2': 18158, 'o3': 18159}, 'pm': {'pm1': 13236, 'pm10': 13238, 'pm25': 13237}}",11.56,28.3,5.8,4.23,4.91,4.3,610005297,67.5,MOD-00625,8.6,2026-02-15T03:25:27,2026-02-14T19:25:27,https://api.quant-aq.com/v1/devices/MOD-00625/data/610005143
312.05,508.2,"{'lat': None, 'lon': None}","{'rh': 67.6, 'temp': 8.6, 'wd': 0.0, 'ws': 0.0, 'ws_scalar': 0.0}","{'gas': {'co': 18156, 'co2': 13273, 'no': 18157, 'no2': 18158, 'o3': 18159}, 'pm': {'pm1': 13236, 'pm10': 13238, 'pm25': 13237}}",12.95,27.86,5.92,3.79,4.59,3.92,610005295,67.6,MOD-00625,8.6,2026-02-15T03:24:27,2026-02-14T19:24:27,https://api.quant-aq.com/v1/devices/MOD-00625/data/610005146
310.0,507.6,"{'lat': None, 'lon': None}","{'rh': 67.6, 'temp': 8.6, 'wd': 0.0, 'ws': 0.0, 'ws_scalar': 0.0}","{'gas': {'co': 18156, 'co2': 13273, 'no': 18157, 'no2': 18158, 'o3': 18159}, 'pm': {'pm1': 13236, 'pm10': 13238, 'pm25': 13237}}",12.24,28.28,5.79,3.77,5.84,3.9,610005296,67.6,MOD-00625,8.6,2026-02-15T03:23:27,2026-02-14T19:23:27,https://api.quant-aq.com/v1/devices/MOD-00625/data/610005145
312.19,511.45,"{'lat': None, 'lon': None}","{'rh': 67.4, 'temp': 8.6, 'wd': 0.0, 'ws': 0.0, 'ws_scalar': 0.0}","{'gas': {'co': 18156, 'co2': 13273, 'no': 18157, 'no2': 18158, 'o3': 18159}, 'pm': {'pm1': 13236, 'pm10': 13238, 'pm25': 13237}}",9.93,27.47,6.51,4.34,4.73,4.49,610003019,67.4,MOD-00625,8.6,2026-02-15T03:22:27,2026-02-14T19:22:27,https://api.quant-aq.com/v1/devices/MOD-00625/data/610002868
314.58,507.11,"{'lat': None, 'lon': None}","{'rh': 67.5, 'temp': 8.6, 'wd': 0.0, 'ws': 0.0, 'ws_scalar': 0.0}","{'gas': {'co': 18156, 'co2': 13273, 'no': 18157, 'no2': 18158, 'o3': 18159}, 'pm': {'pm1': 13236, 'pm10': 13238, 'pm25': 13237}}",7.65,27.46,6.96,4.57,6.51,4.67,610003018,67.5,MOD-00625,8.6,2026-02-15T03:21:27,2026-02-14T19:21:27,https://api.quant-aq.com/v1/devices/MOD-00625/data/610002867
314.31,503.38,"{'lat': None, 'lon': None}","{'rh': 67.3, 'temp': 8.6, 'wd': 0.0, 'ws': 0.0, 'ws_scalar': 0.0}","{'gas': {'co': 18156, 'co2': 13273, 'no': 18157, 'no2': 18158, 'o3': 18159}, 'pm': {'pm1': 13236, 'pm10': 13238, 'pm25': 13237}}",8.63,28.75,7.06,4.21,4.72,4.42,610003020,67.3,MOD-00625,8.6,2026-02-15T03:20:27,2026-02-14T19:20:27,https://api.quant-aq.com/v1/devices/MOD-00625/data/610002869
309.37,506.99,"{'lat': None, 'lon': None}","{'rh': 66.9, 'temp': 8.7, 'wd': 0.0, 'ws': 0.0, 'ws_scalar': 0.0}","{'gas': {'co': 18156, 'co2': 13273, 'no': 18157, 'no2': 18158, 'o3': 18159}, 'pm': {'pm1': 13236, 'pm10': 13238, 'pm25': 13237}}",8.93,28.41,6.75,3.54,3.61,3.61,610003017,66.9,MOD-00625,8.7,2026-02-15T03:19:27,2026-02-14T19:19:27,https://api.quant-aq.com/v1/devices/MOD-00625/data/610002866
317.57,505.31,"{'lat': None, 'lon': None}","{'rh': 66.9, 'temp': 8.7, 'wd': 0.0, 'ws': 0.0, 'ws_scalar': 0.0}","{'gas': {'co': 18156, 'co2': 13273, 'no': 18157, 'no2': 18158, 'o3': 18159}, 'pm': {'pm1': 13236, 'pm10': 13238, 'pm25': 13237}}",10.56,28.83,5.71,4.35,5.18,4.44,610000762,66.9,MOD-00625,8.7,2026-02-15T03:18:27,2026-02-14T19:18:27,https://api.quant-aq.com/v1/devices/MOD-00625/data/610000611
316.06,507.35,"{'lat': None, 'lon': None}","{'rh': 67.3, 'temp': 8.7, 'wd': 0.0, 'ws': 0.0, 'ws_scalar': 0.0}","{'gas': {'co': 18156, 'co2': 13273, 'no': 18157, 'no2': 18158, 'o3': 18159}, 'pm': {'pm1': 13236, 'pm10': 13238, 'pm25': 13237}}",10.56,28.35,6.26,6.91,12.78,7.18,610000763,67.3,MOD-00625,8.7,2026-02-15T03:17:27,2026-02-14T19:17:27,https://api.quant-aq.com/v1/devices/MOD-00625/data/610000612
321.8,511.09,"{'lat': None, 'lon': None}","{'rh': 67.3, 'temp': 8.7, 'wd': 0.0, 'ws': 0.0, 'ws_scalar': 0.0}","{'gas': {'co': 18156, 'co2': 13273, 'no': 18157, 'no2': 18158, 'o3': 18159}, 'pm': {'pm1': 13236, 'pm10': 13238, 'pm25': 13237}}",9.91,27.93,6.84,6.19,8.41,6.35,610000760,67.3,MOD-00625,8.7,2026-02-15T03:16:27,2026-02-14T19:16:27,https://api.quant-aq.com/v1/devices/MOD-00625/data/610000609
321.8,507.84,"{'lat': None, 'lon': None}","{'rh': 67.3, 'temp': 8.7, 'wd': 0.0, 'ws': 0.0, 'ws_scalar': 0.0}","{'gas': {'co': 18156, 'co2': 13273, 'no': 18157, 'no2': 18158, 'o3': 18159}, 'pm': {'pm1': 13236, 'pm10': 13238, 'pm25': 13237}}",9.26,27.93,7.3,6.42,7.34,6.54,610000761,67.3,MOD-00625,8.7,2026-02-15T03:15:27,2026-02-14T19:15:27,https://api.quant-aq.com/v1/devices/MOD-00625/data/610000610
322.62,506.99,"{'lat': None, 'lon': None}","{'rh': 67.3, 'temp': 8.7, 'wd': 0.0, 'ws': 0.0, 'ws_scalar': 0.0}","{'gas': {'co': 18156, 'co2': 13273, 'no': 18157, 'no2': 18158, 'o3': 18159}, 'pm': {'pm1': 13236, 'pm10': 13238, 'pm25': 13237}}",6.33,27.51,7.87,6.69,7.18,6.89,609998480,67.3,MOD-00625,8.7,2026-02-15T03:14:27,2026-02-14T19:14:27,https://api.quant-aq.com/v1/devices/MOD-00625/data/609998329
325.7,510.49,"{'lat': None, 'lon': None}","{'rh': 67.0, 'temp': 8.7, 'wd': 0.0, 'ws': 0.0, 'ws_scalar': 0.0}","{'gas': {'co': 18156, 'co2': 13273, 'no': 18157, 'no2': 18158, 'o3': 18159}, 'pm': {'pm1': 13236, 'pm10': 13238, 'pm25': 13237}}",6.0,26.72,8.6,6.82,7.65,7.05,609998483,67.0,MOD-00625,8.7,2026-02-15T03:13:27,2026-02-14T19:13:27,https://api.quant-aq.com/v1/devices/MOD-00625/data/609998332
315.45,507.23,"{'lat': None, 'lon': None}","{'rh': 67.0, 'temp': 8.7, 'wd': 0.0, 'ws': 0.0, 'ws_scalar': 0.0}","{'gas': {'co': 18156, 'co2': 13273, 'no': 18157, 'no2': 18158, 'o3': 18159}, 'pm': {'pm1': 13236, 'pm10': 13238, 'pm25': 13237}}",5.42,26.3,9.18,5.28,5.4,5.4,609998481,67.0,MOD-00625,8.7,2026-02-15T03:12:27,2026-02-14T19:12:27,https://api.quant-aq.com/v1/devices/MOD-00625/data/609998330
317.98,509.16,"{'lat': None, 'lon': None}","{'rh': 66.9, 'temp': 8.7, 'wd': 0.0, 'ws': 0.0, 'ws_scalar': 0.0}","{'gas': {'co': 18156, 'co2': 13273, 'no': 18157, 'no2': 18158, 'o3': 18159}, 'pm': {'pm1': 13236, 'pm10': 13238, 'pm25': 13237}}",6.65,28.41,8.11,5.01,10.84,5.31,609998482,66.9,MOD-00625,8.7,2026-02-15T03:11:27,2026-02-14T19:11:27,https://api.quant-aq.com/v1/devices/MOD-00625/data/609998331
324.15,505.67,"{'lat': None, 'lon': None}","{'rh': 66.3, 'temp': 8.7, 'wd': 0.0, 'ws': 0.0, 'ws_scalar': 0.0}","{'gas': {'co': 18156, 'co2': 13273, 'no': 18157, 'no2': 18158, 'o3': 18159}, 'pm': {'pm1': 13236, 'pm10': 13238, 'pm25': 13237}}",6.98,26.83,6.83,4.91,5.25,5.12,609996054,66.3,MOD-00625,8.7,2026-02-15T03:10:27,2026-02-14T19:10:27,https://api.quant-aq.com/v1/devices/MOD-00625/data/609995904
319.46,508.08,"{'lat': None, 'lon': None}","{'rh': 66.7, 'temp': 8.8, 'wd': 0.0, 'ws': 0.0, 'ws_scalar': 0.0}","{'gas': {'co': 18156, 'co2': 13273, 'no': 18157, 'no2': 18158, 'o3': 18159}, 'pm': {'pm1': 13236, 'pm10': 13238, 'pm25': 13237}}",5.98,25.95,7.94,4.26,4.47,4.4,609996055,66.7,MOD-00625,8.8,2026-02-15T03:09:27,2026-02-14T19:09:27,https://api.quant-aq.com/v1/devices/MOD-00625/data/609995903
325.61,506.99,"{'lat': None, 'lon': None}","{'rh': 66.7, 'temp': 8.8, 'wd': 0.0, 'ws': 0.0, 'ws_scalar': 0.0}","{'gas': {'co': 18156, 'co2': 13273, 'no': 18157, 'no2': 18158, 'o3': 18159}, 'pm': {'pm1': 13236, 'pm10': 13238, 'pm25': 13237}}",4.29,27.21,7.57,4.51,5.17,4.62,609996056,66.7,MOD-00625,8.8,2026-02-15T03:08:27,2026-02-14T19:08:27,https://api.quant-aq.com/v1/devices/MOD-00625/data/609995905
325.47,508.2,"{'lat': None, 'lon': None}","{'rh': 66.9, 'temp': 8.8, 'wd': 0.0, 'ws': 0.0, 'ws_scalar': 0.0}","{'gas': {'co': 18156, 'co2': 13273, 'no': 18157, 'no2': 18158, 'o3': 18159}, 'pm': {'pm1': 13236, 'pm10': 13238, 'pm25': 13237}}",4.28,26.34,9.17,6.26,6.62,6.5,609996053,66.9,MOD-00625,8.8,2026-02-15T03:07:27,2026-02-14T19:07:27,https://api.quant-aq.com/v1/devices/MOD-00625/data/609995902
322.12,508.56,"{'lat': None, 'lon': None}","{'rh': 67.0, 'temp': 8.8, 'wd': 0.0, 'ws': 0.0, 'ws_scalar': 0.0}","{'gas': {'co': 18156, 'co2': 13273, 'no': 18157, 'no2': 18158, 'o3': 18159}, 'pm': {'pm1': 13236, 'pm10': 13238, 'pm25': 13237}}",4.97,26.75,7.22,7.01,7.17,7.11,609993887,67.0,MOD-00625,8.8,2026-02-15T03:06:27,2026-02-14T19:06:27,https://api.quant-aq.com/v1/devices/MOD-00625/data/609993735
325.88,506.39,"{'lat': None, 'lon': None}","{'rh': 66.9, 'temp': 8.8, 'wd': 0.0, 'ws': 0.0, 'ws_scalar': 0.0}","{'gas': {'co': 18156, 'co2': 13273, 'no': 18157, 'no2': 18158, 'o3': 18159}, 'pm': {'pm1': 13236, 'pm10': 13238, 'pm25': 13237}}",4.97,26.34,7.81,8.33,10.52,8.45,609993886,66.9,MOD-00625,8.8,2026-02-15T03:05:27,2026-02-14T19:05:27,https://api.quant-aq.com/v1/devices/MOD-00625/data/609993736
328.34,508.2,"{'lat': None, 'lon': None}","{'rh': 66.9, 'temp': 8.8, 'wd': 0.0, 'ws': 0.0, 'ws_scalar': 0.0}","{'gas': {'co': 18156, 'co2': 13273, 'no': 18157, 'no2': 18158, 'o3': 18159}, 'pm': {'pm1': 13236, 'pm10': 13238, 'pm25': 13237}}",5.98,27.6,7.44,9.74,10.96,9.88,609993888,66.9,MOD-00625,8.8,2026-02-15T03:04:27,2026-02-14T19:04:27,https://api.quant-aq.com/v1/devices/MOD-00625/data/609993737
333.61,508.32,"{'lat': None, 'lon': None}","{'rh': 67.0, 'temp': 8.8, 'wd': 0.0, 'ws': 0.0, 'ws_scalar': 0.0}","{'gas': {'co': 18156, 'co2': 13273, 'no': 18157, 'no2': 18158, 'o3': 18159}, 'pm': {'pm1': 13236, 'pm10': 13238, 'pm25': 13237}}",5.98,26.33,8.71,4.77,5.25,4.95,609993885,67.0,MOD-00625,8.8,2026-02-15T03:03:27,2026-02-14T19:03:27,https://api.quant-aq.com/v1/devices/MOD-00625/data/609993734
349.6,507.84,"{'lat': None, 'lon': None}","{'rh': 67.0, 'temp': 8.8, 'wd': 0.0, 'ws': 0.0, 'ws_scalar': 0.0}","{'gas': {'co': 18156, 'co2': 13273, 'no': 18157, 'no2': 18158, 'o3': 18159}, 'pm': {'pm1': 13236, 'pm10': 13238, 'pm25': 13237}}",5.98,27.17,7.55,4.63,5.05,4.79,609991567,67.0,MOD-00625,8.8,2026-02-15T03:02:27,2026-02-14T19:02:27,https://api.quant-aq.com/v1/devices/MOD-00625/data/609991416
367.17,508.44,"{'lat': None, 'lon': None}","{'rh': 67.1, 'temp': 8.8, 'wd': 0.0, 'ws': 0.0, 'ws_scalar': 0.0}","{'gas': {'co': 18156, 'co2': 13273, 'no': 18157, 'no2': 18158, 'o3': 18159}, 'pm': {'pm1': 13236, 'pm10': 13238, 'pm25': 13237}}",7.28,27.15,7.54,5.4,9.93,5.59,609991569,67.1,MOD-00625,8.8,2026-02-15T03:01:27,2026-02-14T19:01:27,https://api.quant-aq.com/v1/devices/MOD-00625/data/609991418
375.71,507.84,"{'lat': None, 'lon': None}","{'rh': 67.2, 'temp': 8.8, 'wd': 0.0, 'ws': 0.0, 'ws_scalar': 0.0}","{'gas': {'co': 18156, 'co2': 13273, 'no': 18157, 'no2': 18158, 'o3': 18159}, 'pm': {'pm1': 13236, 'pm10': 13238, 'pm25': 13237}}",9.56,27.55,8.33,5.48,5.91,5.81,609991570,67.2,MOD-00625,8.8,2026-02-15T03:00:27,2026-02-14T19:00:27,https://api.quant-aq.com/v1/devices/MOD-00625/data/609991419
372.61,508.56,"{'lat': None, 'lon': None}","{'rh': 67.1, 'temp': 8.9, 'wd': 0.0, 'ws': 0.0, 'ws_scalar': 0.0}","{'gas': {'co': 18156, 'co2': 13273, 'no': 18157, 'no2': 18158, 'o3': 18159}, 'pm': {'pm1': 13236, 'pm10': 13238, 'pm25': 13237}}",11.21,27.17,8.9,5.66,18.05,6.47,609991568,67.1,MOD-00625,8.9,2026-02-15T02:59:27,2026-02-14T18:59:27,https://api.quant-aq.com/v1/devices/MOD-00625/data/609991417
332.68,508.32,"{'lat': None, 'lon': None}","{'rh': 67.3, 'temp': 8.9, 'wd': 0.0, 'ws': 0.0, 'ws_scalar': 0.0}","{'gas': {'co': 18156, 'co2': 13273, 'no': 18157, 'no2': 18158, 'o3': 18159}, 'pm': {'pm1': 13236, 'pm10': 13238, 'pm25': 13237}}",5.64,27.56,9.22,6.8,13.85,8.36,609989293,67.3,MOD-00625,8.9,2026-02-15T02:58:27,2026-02-14T18:58:27,https://api.quant-aq.com/v1/devices/MOD-00625/data/609989142
322.02,512.05,"{'lat': None, 'lon': None}","{'rh': 67.3, 'temp': 8.9, 'wd': 0.0, 'ws': 0.0, 'ws_scalar': 0.0}","{'gas': {'co': 18156, 'co2': 13273, 'no': 18157, 'no2': 18158, 'o3': 18159}, 'pm': {'pm1': 13236, 'pm10': 13238, 'pm25': 13237}}",3.82,29.66,8.6,7.45,13.68,9.63,609989291,67.3,MOD-00625,8.9,2026-02-15T02:57:27,2026-02-14T18:57:27,https://api.quant-aq.com/v1/devices/MOD-00625/data/609989140
321.61,509.76,"{'lat': None, 'lon': None}","{'rh': 67.3, 'temp': 8.9, 'wd': 0.0, 'ws': 0.0, 'ws_scalar': 0.0}","{'gas': {'co': 18156, 'co2': 13273, 'no': 18157, 'no2': 18158, 'o3': 18159}, 'pm': {'pm1': 13236, 'pm10': 13238, 'pm25': 13237}}",3.45,30.08,8.02,7.38,14.67,10.92,609989290,67.3,MOD-00625,8.9,2026-02-15T02:56:27,2026-02-14T18:56:27,https://api.quant-aq.com/v1/devices/MOD-00625/data/609989139
329.95,508.8,"{'lat': None, 'lon': None}","{'rh': 67.1, 'temp': 8.9, 'wd': 0.0, 'ws': 0.0, 'ws_scalar': 0.0}","{'gas': {'co': 18156, 'co2': 13273, 'no': 18157, 'no2': 18158, 'o3': 18159}, 'pm': {'pm1': 13236, 'pm10': 13238, 'pm25': 13237}}",3.82,30.11,8.95,4.19,5.32,4.79,609989292,67.1,MOD-00625,8.9,2026-02-15T02:55:27,2026-02-14T18:55:27,https://api.quant-aq.com/v1/devices/MOD-00625/data/609989141
320.52,510.25,"{'lat': None, 'lon': None}","{'rh': 67.1, 'temp': 8.9, 'wd': 0.0, 'ws': 0.0, 'ws_scalar': 0.0}","{'gas': {'co': 18156, 'co2': 13273, 'no': 18157, 'no2': 18158, 'o3': 18159}, 'pm': {'pm1': 13236, 'pm10': 13238, 'pm25': 13237}}",4.05,30.11,8.04,4.22,27.22,4.61,609987030,67.1,MOD-00625,8.9,2026-02-15T02:54:27,2026-02-14T18:54:27,https://api.quant-aq.com/v1/devices/MOD-00625/data/609986879
334.4,510.73,"{'lat': None, 'lon': None}","{'rh': 67.2, 'temp': 8.9, 'wd': 0.0, 'ws': 0.0, 'ws_scalar': 0.0}","{'gas': {'co': 18156, 'co2': 13273, 'no': 18157, 'no2': 18158, 'o3': 18159}, 'pm': {'pm1': 13236, 'pm10': 13238, 'pm25': 13237}}",4.05,30.09,9.4,4.18,9.17,4.38,609987032,67.2,MOD-00625,8.9,2026-02-15T02:53:27,2026-02-14T18:53:27,https://api.quant-aq.com/v1/devices/MOD-00625/data/609986881
338.57,510.0,"{'lat': None, 'lon': None}","{'rh': 67.1, 'temp': 8.9, 'wd': 0.0, 'ws': 0.0, 'ws_scalar': 0.0}","{'gas': {'co': 18156, 'co2': 13273, 'no': 18157, 'no2': 18158, 'o3': 18159}, 'pm': {'pm1': 13236, 'pm10': 13238, 'pm25': 13237}}",4.05,30.53,8.83,4.22,4.6,4.49,609987031,67.1,MOD-00625,8.9,2026-02-15T02:52:27,2026-02-14T18:52:27,https://api.quant-aq.com/v1/devices/MOD-00625/data/609986880
335.29,507.6,"{'lat': None, 'lon': None}","{'rh': 67.1, 'temp': 8.9, 'wd': 0.0, 'ws': 0.0, 'ws_scalar': 0.0}","{'gas': {'co': 18156, 'co2': 13273, 'no': 18157, 'no2': 18158, 'o3': 18159}, 'pm': {'pm1': 13236, 'pm10': 13238, 'pm25': 13237}}",3.6,29.27,9.65,4.42,5.0,4.69,609987033,67.1,MOD-00625,8.9,2026-02-15T02:51:27,2026-02-14T18:51:27,https://api.quant-aq.com/v1/devices/MOD-00625/data/609986882
335.54,501.45,"{'lat': None, 'lon': None}","{'rh': 66.9, 'temp': 9.0, 'wd': 0.0, 'ws': 0.0, 'ws_scalar': 0.0}","{'gas': {'co': 18156, 'co2': 13273, 'no': 18157, 'no2': 18158, 'o3': 18159}, 'pm': {'pm1': 13236, 'pm10': 13238, 'pm25': 13237}}",4.28,29.74,8.62,4.44,7.55,4.72,609984793,66.9,MOD-00625,9.0,2026-02-15T02:50:27,2026-02-14T18:50:27,https://api.quant-aq.com/v1/devices/MOD-00625/data/609984642
336.7,505.55,"{'lat': None, 'lon': None}","{'rh': 67.0, 'temp': 9.0, 'wd': 0.0, 'ws': 0.0, 'ws_scalar': 0.0}","{'gas': {'co': 18156, 'co2': 13273, 'no': 18157, 'no2': 18158, 'o3': 18159}, 'pm': {'pm1': 13236, 'pm10': 13238, 'pm25': 13237}}",3.82,30.57,8.37,3.53,5.16,3.69,609984791,67.0,MOD-00625,9.0,2026-02-15T02:49:27,2026-02-14T18:49:27,https://api.quant-aq.com/v1/devices/MOD-00625/data/609984641
342.1,506.51,"{'lat': None, 'lon': None}","{'rh': 66.9, 'temp': 9.0, 'wd': 0.0, 'ws': 0.0, 'ws_scalar': 0.0}","{'gas': {'co': 18156, 'co2': 13273, 'no': 18157, 'no2': 18158, 'o3': 18159}, 'pm': {'pm1': 13236, 'pm10': 13238, 'pm25': 13237}}",3.28,29.33,9.2,3.26,3.89,3.33,609984790,66.9,MOD-00625,9.0,2026-02-15T02:48:27,2026-02-14T18:48:27,https://api.quant-aq.com/v1/devices/MOD-00625/data/609984639
340.53,506.27,"{'lat': None, 'lon': None}","{'rh': 66.8, 'temp': 9.0, 'wd': 0.0, 'ws': 0.0, 'ws_scalar': 0.0}","{'gas': {'co': 18156, 'co2': 13273, 'no': 18157, 'no2': 18158, 'o3': 18159}, 'pm': {'pm1': 13236, 'pm10': 13238, 'pm25': 13237}}",3.13,30.18,8.96,3.4,9.6,3.61,609984792,66.8,MOD-00625,9.0,2026-02-15T02:47:27,2026-02-14T18:47:27,https://api.quant-aq.com/v1/devices/MOD-00625/data/609984640
324.68,506.63,"{'lat': None, 'lon': None}","{'rh': 66.6, 'temp': 9.0, 'wd': 0.0, 'ws': 0.0, 'ws_scalar': 0.0}","{'gas': {'co': 18156, 'co2': 13273, 'no': 18157, 'no2': 18158, 'o3': 18159}, 'pm': {'pm1': 13236, 'pm10': 13238, 'pm25': 13237}}",4.06,28.53,9.47,3.33,9.03,3.42,609982513,66.6,MOD-00625,9.0,2026-02-15T02:46:27,2026-02-14T18:46:27,https://api.quant-aq.com/v1/devices/MOD-00625/data/609982363
326.18,505.91,"{'lat': None, 'lon': None}","{'rh': 66.8, 'temp': 9.0, 'wd': 0.0, 'ws': 0.0, 'ws_scalar': 0.0}","{'gas': {'co': 18156, 'co2': 13273, 'no': 18157, 'no2': 18158, 'o3': 18159}, 'pm': {'pm1': 13236, 'pm10': 13238, 'pm25': 13237}}",3.82,29.34,9.21,4.61,4.94,4.73,609982515,66.8,MOD-00625,9.0,2026-02-15T02:45:27,2026-02-14T18:45:27,https://api.quant-aq.com/v1/devices/MOD-00625/data/609982365
329.26,507.84,"{'lat': None, 'lon': None}","{'rh': 66.5, 'temp': 9.0, 'wd': 0.0, 'ws': 0.0, 'ws_scalar': 0.0}","{'gas': {'co': 18156, 'co2': 13273, 'no': 18157, 'no2': 18158, 'o3': 18159}, 'pm': {'pm1': 13236, 'pm10': 13238, 'pm25': 13237}}",4.74,29.81,8.65,4.44,5.46,4.57,609982516,66.5,MOD-00625,9.0,2026-02-15T02:44:27,2026-02-14T18:44:27,https://api.quant-aq.com/v1/devices/MOD-00625/data/609982364
331.72,507.96,"{'lat': None, 'lon': None}","{'rh': 66.5, 'temp': 9.0, 'wd': 0.0, 'ws': 0.0, 'ws_scalar': 0.0}","{'gas': {'co': 18156, 'co2': 13273, 'no': 18157, 'no2': 18158, 'o3': 18159}, 'pm': {'pm1': 13236, 'pm10': 13238, 'pm25': 13237}}",7.89,31.48,7.25,7.1,11.24,7.25,609982514,66.5,MOD-00625,9.0,2026-02-15T02:43:27,2026-02-14T18:43:27,https://api.quant-aq.com/v1/devices/MOD-00625/data/609982362
337.53,510.49,"{'lat': None, 'lon': None}","{'rh': 66.4, 'temp': 9.0, 'wd': 0.0, 'ws': 0.0, 'ws_scalar': 0.0}","{'gas': {'co': 18156, 'co2': 13273, 'no': 18157, 'no2': 18158, 'o3': 18159}, 'pm': {'pm1': 13236, 'pm10': 13238, 'pm25': 13237}}",12.27,31.5,6.8,7.9,11.73,8.11,609980307,66.4,MOD-00625,9.0,2026-02-15T02:42:27,2026-02-14T18:42:27,https://api.quant-aq.com/v1/devices/MOD-00625/data/609980155
337.67,504.46,"{'lat': None, 'lon': None}","{'rh': 66.2, 'temp': 9.0, 'wd': 0.0, 'ws': 0.0, 'ws_scalar': 0.0}","{'gas': {'co': 18156, 'co2': 13273, 'no': 18157, 'no2': 18158, 'o3': 18159}, 'pm': {'pm1': 13236, 'pm10': 13238, 'pm25': 13237}}",13.33,31.11,7.39,2.6,3.73,2.75,609980306,66.2,MOD-00625,9.0,2026-02-15T02:41:27,2026-02-14T18:41:27,https://api.quant-aq.com/v1/devices/MOD-00625/data/609980156
330.4,505.31,"{'lat': None, 'lon': None}","{'rh': 66.2, 'temp': 9.1, 'wd': 0.0, 'ws': 0.0, 'ws_scalar': 0.0}","{'gas': {'co': 18156, 'co2': 13273, 'no': 18157, 'no2': 18158, 'o3': 18159}, 'pm': {'pm1': 13236, 'pm10': 13238, 'pm25': 13237}}",14.76,31.13,6.47,2.47,6.78,2.66,609980304,66.2,MOD-00625,9.1,2026-02-15T02:40:27,2026-02-14T18:40:27,https://api.quant-aq.com/v1/devices/MOD-00625/data/609980154
330.88,507.48,"{'lat': None, 'lon': None}","{'rh': 66.1, 'temp': 9.1, 'wd': 0.0, 'ws': 0.0, 'ws_scalar': 0.0}","{'gas': {'co': 18156, 'co2': 13273, 'no': 18157, 'no2': 18158, 'o3': 18159}, 'pm': {'pm1': 13236, 'pm10': 13238, 'pm25': 13237}}",14.41,31.15,6.93,3.03,9.11,3.22,609980305,66.1,MOD-00625,9.1,2026-02-15T02:39:27,2026-02-14T18:39:27,https://api.quant-aq.com/v1/devices/MOD-00625/data/609980153
331.02,506.75,"{'lat': None, 'lon': None}","{'rh': 65.9, 'temp': 9.1, 'wd': 0.0, 'ws': 0.0, 'ws_scalar': 0.0}","{'gas': {'co': 18156, 'co2': 13273, 'no': 18157, 'no2': 18158, 'o3': 18159}, 'pm': {'pm1': 13236, 'pm10': 13238, 'pm25': 13237}}",13.34,29.5,7.89,2.7,3.58,2.84,609978020,65.9,MOD-00625,9.1,2026-02-15T02:38:27,2026-02-14T18:38:27,https://api.quant-aq.com/v1/devices/MOD-00625/data/609977870
327.67,506.15,"{'lat': None, 'lon': None}","{'rh': 66.0, 'temp': 9.1, 'wd': 0.0, 'ws': 0.0, 'ws_scalar': 0.0}","{'gas': {'co': 18156, 'co2': 13273, 'no': 18157, 'no2': 18158, 'o3': 18159}, 'pm': {'pm1': 13236, 'pm10': 13238, 'pm25': 13237}}",12.28,28.65,10.41,3.35,4.57,3.5,609978018,66.0,MOD-00625,9.1,2026-02-15T02:37:27,2026-02-14T18:37:27,https://api.quant-aq.com/v1/devices/MOD-00625/data/609977867
333.34,507.11,"{'lat': None, 'lon': None}","{'rh': 66.1, 'temp': 9.1, 'wd': 0.0, 'ws': 0.0, 'ws_scalar': 0.0}","{'gas': {'co': 18156, 'co2': 13273, 'no': 18157, 'no2': 18158, 'o3': 18159}, 'pm': {'pm1': 13236, 'pm10': 13238, 'pm25': 13237}}",7.22,26.96,11.36,2.43,2.58,2.55,609978019,66.1,MOD-00625,9.1,2026-02-15T02:36:27,2026-02-14T18:36:27,https://api.quant-aq.com/v1/devices/MOD-00625/data/609977868
341.0,506.51,"{'lat': None, 'lon': None}","{'rh': 65.7, 'temp': 9.1, 'wd': 0.0, 'ws': 0.0, 'ws_scalar': 0.0}","{'gas': {'co': 18156, 'co2': 13273, 'no': 18157, 'no2': 18158, 'o3': 18159}, 'pm': {'pm1': 13236, 'pm10': 13238, 'pm25': 13237}}",4.3,26.18,13.0,2.41,3.27,2.67,609978021,65.7,MOD-00625,9.1,2026-02-15T02:35:27,2026-02-14T18:35:27,https://api.quant-aq.com/v1/devices/MOD-00625/data/609977869
349.21,504.46,"{'lat': None, 'lon': None}","{'rh': 65.7, 'temp': 9.1, 'wd': 0.0, 'ws': 0.0, 'ws_scalar': 0.0}","{'gas': {'co': 18156, 'co2': 13273, 'no': 18157, 'no2': 18158, 'o3': 18159}, 'pm': {'pm1': 13236, 'pm10': 13238, 'pm25': 13237}}",3.62,24.92,12.46,2.42,2.84,2.57,609975660,65.7,MOD-00625,9.1,2026-02-15T02:34:27,2026-02-14T18:34:27,https://api.quant-aq.com/v1/devices/MOD-00625/data/609975509
360.55,505.67,"{'lat': None, 'lon': None}","{'rh': 65.9, 'temp': 9.1, 'wd': 0.0, 'ws': 0.0, 'ws_scalar': 0.0}","{'gas': {'co': 18156, 'co2': 13273, 'no': 18157, 'no2': 18158, 'o3': 18159}, 'pm': {'pm1': 13236, 'pm10': 13238, 'pm25': 13237}}",2.2,27.83,12.49,3.6,6.71,3.87,609975661,65.9,MOD-00625,9.1,2026-02-15T02:33:27,2026-02-14T18:33:27,https://api.quant-aq.com/v1/devices/MOD-00625/data/609975510
359.43,504.83,"{'lat': None, 'lon': None}","{'rh': 65.9, 'temp': 9.2, 'wd': 0.0, 'ws': 0.0, 'ws_scalar': 0.0}","{'gas': {'co': 18156, 'co2': 13273, 'no': 18157, 'no2': 18158, 'o3': 18159}, 'pm': {'pm1': 13236, 'pm10': 13238, 'pm25': 13237}}",2.19,27.43,13.52,4.0,4.53,4.11,609975659,65.9,MOD-00625,9.2,2026-02-15T02:32:27,2026-02-14T18:32:27,https://api.quant-aq.com/v1/devices/MOD-00625/data/609975508
355.88,505.19,"{'lat': None, 'lon': None}","{'rh': 65.7, 'temp': 9.2, 'wd': 0.0, 'ws': 0.0, 'ws_scalar': 0.0}","{'gas': {'co': 18156, 'co2': 13273, 'no': 18157, 'no2': 18158, 'o3': 18159}, 'pm': {'pm1': 13236, 'pm10': 13238, 'pm25': 13237}}",1.72,27.88,15.23,3.58,5.71,3.76,609975658,65.7,MOD-00625,9.2,2026-02-15T02:31:27,2026-02-14T18:31:27,https://api.quant-aq.com/v1/devices/MOD-00625/data/609975507
360.6,507.35,"{'lat': None, 'lon': None}","{'rh': 65.4, 'temp': 9.2, 'wd': 0.0, 'ws': 0.0, 'ws_scalar': 0.0}","{'gas': {'co': 18156, 'co2': 13273, 'no': 18157, 'no2': 18158, 'o3': 18159}, 'pm': {'pm1': 13236, 'pm10': 13238, 'pm25': 13237}}",1.88,27.93,15.71,3.64,6.66,3.89,609973464,65.4,MOD-00625,9.2,2026-02-15T02:30:27,2026-02-14T18:30:27,https://api.quant-aq.com/v1/devices/MOD-00625/data/609973313
366.82,507.48,"{'lat': None, 'lon': None}","{'rh': 65.3, 'temp': 9.2, 'wd': 0.0, 'ws': 0.0, 'ws_scalar': 0.0}","{'gas': {'co': 18156, 'co2': 13273, 'no': 18157, 'no2': 18158, 'o3': 18159}, 'pm': {'pm1': 13236, 'pm10': 13238, 'pm25': 13237}}",1.57,27.52,16.75,3.76,10.01,3.97,609973465,65.3,MOD-00625,9.2,2026-02-15T02:29:27,2026-02-14T18:29:27,https://api.quant-aq.com/v1/devices/MOD-00625/data/609973314
376.47,507.96,"{'lat': None, 'lon': None}","{'rh': 65.0, 'temp': 9.2, 'wd': 0.0, 'ws': 0.0, 'ws_scalar': 0.0}","{'gas': {'co': 18156, 'co2': 13273, 'no': 18157, 'no2': 18158, 'o3': 18159}, 'pm': {'pm1': 13236, 'pm10': 13238, 'pm25': 13237}}",1.41,27.15,17.36,4.46,6.41,4.64,609973462,65.0,MOD-00625,9.2,2026-02-15T02:28:27,2026-02-14T18:28:27,https://api.quant-aq.com/v1/devices/MOD-00625/data/609973311
373.13,504.83,"{'lat': None, 'lon': None}","{'rh': 64.5, 'temp': 9.2, 'wd': 0.0, 'ws': 0.0, 'ws_scalar': 0.0}","{'gas': {'co': 18156, 'co2': 13273, 'no': 18157, 'no2': 18158, 'o3': 18159}, 'pm': {'pm1': 13236, 'pm10': 13238, 'pm25': 13237}}",1.42,26.39,20.38,5.44,6.24,5.63,609973463,64.5,MOD-00625,9.2,2026-02-15T02:27:27,2026-02-14T18:27:27,https://api.quant-aq.com/v1/devices/MOD-00625/data/609973312
354.2,507.11,"{'lat': None, 'lon': None}","{'rh': 64.0, 'temp': 9.2, 'wd': 0.0, 'ws': 0.0, 'ws_scalar': 0.0}","{'gas': {'co': 18156, 'co2': 13273, 'no': 18157, 'no2': 18158, 'o3': 18159}, 'pm': {'pm1': 13236, 'pm10': 13238, 'pm25': 13237}}",1.29,25.63,20.2,5.97,9.35,6.16,609971186,64.0,MOD-00625,9.2,2026-02-15T02:26:27,2026-02-14T18:26:27,https://api.quant-aq.com/v1/devices/MOD-00625/data/609971035
306.7,502.3,"{'lat': None, 'lon': None}","{'rh': 63.9, 'temp': 9.2, 'wd': 0.0, 'ws': 0.0, 'ws_scalar': 0.0}","{'gas': {'co': 18156, 'co2': 13273, 'no': 18157, 'no2': 18158, 'o3': 18159}, 'pm': {'pm1': 13236, 'pm10': 13238, 'pm25': 13237}}",1.42,25.22,22.16,6.13,7.19,6.34,609971187,63.9,MOD-00625,9.2,2026-02-15T02:25:27,2026-02-14T18:25:27,https://api.quant-aq.com/v1/devices/MOD-00625/data/609971036
307.73,503.62,"{'lat': None, 'lon': None}","{'rh': 63.6, 'temp': 9.2, 'wd': 0.0, 'ws': 0.0, 'ws_scalar': 0.0}","{'gas': {'co': 18156, 'co2': 13273, 'no': 18157, 'no2': 18158, 'o3': 18159}, 'pm': {'pm1': 13236, 'pm10': 13238, 'pm25': 13237}}",1.33,25.69,21.6,8.05,8.38,8.2,609971185,63.6,MOD-00625,9.2,2026-02-15T02:24:27,2026-02-14T18:24:27,https://api.quant-aq.com/v1/devices/MOD-00625/data/609971034
305.38,504.34,"{'lat': None, 'lon': None}","{'rh': 63.6, 'temp': 9.3, 'wd': 0.0, 'ws': 0.0, 'ws_scalar': 0.0}","{'gas': {'co': 18156, 'co2': 13273, 'no': 18157, 'no2': 18158, 'o3': 18159}, 'pm': {'pm1': 13236, 'pm10': 13238, 'pm25': 13237}}",1.56,26.13,21.47,13.52,13.96,13.83,609971184,63.6,MOD-00625,9.3,2026-02-15T02:23:27,2026-02-14T18:23:27,https://api.quant-aq.com/v1/devices/MOD-00625/data/609971033
307.57,506.39,"{'lat': None, 'lon': None}","{'rh': 63.4, 'temp': 9.3, 'wd': 0.0, 'ws': 0.0, 'ws_scalar': 0.0}","{'gas': {'co': 18156, 'co2': 13273, 'no': 18157, 'no2': 18158, 'o3': 18159}, 'pm': {'pm1': 13236, 'pm10': 13238, 'pm25': 13237}}",1.56,26.16,21.03,14.81,18.43,15.15,609968890,63.4,MOD-00625,9.3,2026-02-15T02:22:27,2026-02-14T18:22:27,https://api.quant-aq.com/v1/devices/MOD-00625/data/609968739
306.82,503.14,"{'lat': None, 'lon': None}","{'rh': 63.3, 'temp': 9.3, 'wd': 0.0, 'ws': 0.0, 'ws_scalar': 0.0}","{'gas': {'co': 18156, 'co2': 13273, 'no': 18157, 'no2': 18158, 'o3': 18159}, 'pm': {'pm1': 13236, 'pm10': 13238, 'pm25': 13237}}",1.57,27.86,19.63,6.73,8.45,7.08,609968888,63.3,MOD-00625,9.3,2026-02-15T02:21:27,2026-02-14T18:21:27,https://api.quant-aq.com/v1/devices/MOD-00625/data/609968737
309.09,504.34,"{'lat': None, 'lon': None}","{'rh': 63.0, 'temp': 9.3, 'wd': 0.0, 'ws': 0.0, 'ws_scalar': 0.0}","{'gas': {'co': 18156, 'co2': 13273, 'no': 18157, 'no2': 18158, 'o3': 18159}, 'pm': {'pm1': 13236, 'pm10': 13238, 'pm25': 13237}}",1.87,30.0,18.12,8.89,10.97,9.14,609968891,63.0,MOD-00625,9.3,2026-02-15T02:20:27,2026-02-14T18:20:27,https://api.quant-aq.com/v1/devices/MOD-00625/data/609968740
304.57,501.09,"{'lat': None, 'lon': None}","{'rh': 63.0, 'temp': 9.3, 'wd': 0.0, 'ws': 0.0, 'ws_scalar': 0.0}","{'gas': {'co': 18156, 'co2': 13273, 'no': 18157, 'no2': 18158, 'o3': 18159}, 'pm': {'pm1': 13236, 'pm10': 13238, 'pm25': 13237}}",1.72,29.16,17.46,9.46,12.79,9.83,609968889,63.0,MOD-00625,9.3,2026-02-15T02:19:27,2026-02-14T18:19:27,https://api.quant-aq.com/v1/devices/MOD-00625/data/609968738
306.16,505.07,"{'lat': None, 'lon': None}","{'rh': 62.5, 'temp': 9.3, 'wd': 0.0, 'ws': 0.0, 'ws_scalar': 0.0}","{'gas': {'co': 18156, 'co2': 13273, 'no': 18157, 'no2': 18158, 'o3': 18159}, 'pm': {'pm1': 13236, 'pm10': 13238, 'pm25': 13237}}",1.87,29.24,18.41,6.34,8.58,6.52,609966687,62.5,MOD-00625,9.3,2026-02-15T02:18:27,2026-02-14T18:18:27,https://api.quant-aq.com/v1/devices/MOD-00625/data/609966536
305.18,503.98,"{'lat': None, 'lon': None}","{'rh': 62.3, 'temp': 9.4, 'wd': 0.0, 'ws': 0.0, 'ws_scalar': 0.0}","{'gas': {'co': 18156, 'co2': 13273, 'no': 18157, 'no2': 18158, 'o3': 18159}, 'pm': {'pm1': 13236, 'pm10': 13238, 'pm25': 13237}}",2.32,29.71,18.74,5.96,12.01,6.24,609966689,62.3,MOD-00625,9.4,2026-02-15T02:17:27,2026-02-14T18:17:27,https://api.quant-aq.com/v1/devices/MOD-00625/data/609966537
303.0,503.26,"{'lat': None, 'lon': None}","{'rh': 61.9, 'temp': 9.4, 'wd': 0.0, 'ws': 0.0, 'ws_scalar': 0.0}","{'gas': {'co': 18156, 'co2': 13273, 'no': 18157, 'no2': 18158, 'o3': 18159}, 'pm': {'pm1': 13236, 'pm10': 13238, 'pm25': 13237}}",2.32,28.52,21.42,5.48,6.41,5.81,609966688,61.9,MOD-00625,9.4,2026-02-15T02:16:27,2026-02-14T18:16:27,https://api.quant-aq.com/v1/devices/MOD-00625/data/609966538
303.41,505.55,"{'lat': None, 'lon': None}","{'rh': 61.9, 'temp': 9.4, 'wd': 0.0, 'ws': 0.0, 'ws_scalar': 0.0}","{'gas': {'co': 18156, 'co2': 13273, 'no': 18157, 'no2': 18158, 'o3': 18159}, 'pm': {'pm1': 13236, 'pm10': 13238, 'pm25': 13237}}",2.63,27.68,19.84,4.21,4.6,4.45,609966690,61.9,MOD-00625,9.4,2026-02-15T02:15:27,2026-02-14T18:15:27,https://api.quant-aq.com/v1/devices/MOD-00625/data/609966539
304.5,500.85,"{'lat': None, 'lon': None}","{'rh': 62.1, 'temp': 9.4, 'wd': 0.0, 'ws': 0.0, 'ws_scalar': 0.0}","{'gas': {'co': 18156, 'co2': 13273, 'no': 18157, 'no2': 18158, 'o3': 18159}, 'pm': {'pm1': 13236, 'pm10': 13238, 'pm25': 13237}}",2.32,26.39,21.11,3.66,4.17,3.87,609964351,62.1,MOD-00625,9.4,2026-02-15T02:14:27,2026-02-14T18:14:27,https://api.quant-aq.com/v1/devices/MOD-00625/data/609964199
296.65,501.45,"{'lat': None, 'lon': None}","{'rh': 61.6, 'temp': 9.4, 'wd': 0.0, 'ws': 0.0, 'ws_scalar': 0.0}","{'gas': {'co': 18156, 'co2': 13273, 'no': 18157, 'no2': 18158, 'o3': 18159}, 'pm': {'pm1': 13236, 'pm10': 13238, 'pm25': 13237}}",2.17,24.37,22.22,3.29,3.59,3.48,609964352,61.6,MOD-00625,9.4,2026-02-15T02:13:27,2026-02-14T18:13:27,https://api.quant-aq.com/v1/devices/MOD-00625/data/609964201
301.7,500.85,"{'lat': None, 'lon': None}","{'rh': 62.0, 'temp': 9.4, 'wd': 0.0, 'ws': 0.0, 'ws_scalar': 0.0}","{'gas': {'co': 18156, 'co2': 13273, 'no': 18157, 'no2': 18158, 'o3': 18159}, 'pm': {'pm1': 13236, 'pm10': 13238, 'pm25': 13237}}",1.76,24.31,23.56,5.52,8.49,5.81,609964353,62.0,MOD-00625,9.4,2026-02-15T02:12:27,2026-02-14T18:12:27,https://api.quant-aq.com/v1/devices/MOD-00625/data/609964202
306.87,502.42,"{'lat': None, 'lon': None}","{'rh': 61.8, 'temp': 9.5, 'wd': 0.0, 'ws': 0.0, 'ws_scalar': 0.0}","{'gas': {'co': 18156, 'co2': 13273, 'no': 18157, 'no2': 18158, 'o3': 18159}, 'pm': {'pm1': 13236, 'pm10': 13238, 'pm25': 13237}}",1.74,23.95,23.68,5.86,12.32,6.15,609964350,61.8,MOD-00625,9.5,2026-02-15T02:11:27,2026-02-14T18:11:27,https://api.quant-aq.com/v1/devices/MOD-00625/data/609964200
302.5,499.65,"{'lat': None, 'lon': None}","{'rh': 61.6, 'temp': 9.5, 'wd': 0.0, 'ws': 0.0, 'ws_scalar': 0.0}","{'gas': {'co': 18156, 'co2': 13273, 'no': 18157, 'no2': 18158, 'o3': 18159}, 'pm': {'pm1': 13236, 'pm10': 13238, 'pm25': 13237}}",1.68,24.39,23.58,5.38,6.29,5.54,609962120,61.6,MOD-00625,9.5,2026-02-15T02:10:27,2026-02-14T18:10:27,https://api.quant-aq.com/v1/devices/MOD-00625/data/609961971
307.97,501.81,"{'lat': None, 'lon': None}","{'rh': 61.4, 'temp': 9.5, 'wd': 0.0, 'ws': 0.0, 'ws_scalar': 0.0}","{'gas': {'co': 18156, 'co2': 13273, 'no': 18157, 'no2': 18158, 'o3': 18159}, 'pm': {'pm1': 13236, 'pm10': 13238, 'pm25': 13237}}",1.78,22.35,24.66,5.42,6.2,5.48,609962121,61.4,MOD-00625,9.5,2026-02-15T02:09:27,2026-02-14T18:09:27,https://api.quant-aq.com/v1/devices/MOD-00625/data/609961969
306.81,500.61,"{'lat': None, 'lon': None}","{'rh': 61.3, 'temp': 9.5, 'wd': 0.0, 'ws': 0.0, 'ws_scalar': 0.0}","{'gas': {'co': 18156, 'co2': 13273, 'no': 18157, 'no2': 18158, 'o3': 18159}, 'pm': {'pm1': 13236, 'pm10': 13238, 'pm25': 13237}}",1.96,23.19,23.06,5.14,7.74,5.28,609962119,61.3,MOD-00625,9.5,2026-02-15T02:08:27,2026-02-14T18:08:27,https://api.quant-aq.com/v1/devices/MOD-00625/data/609961968
320.9,501.81,"{'lat': None, 'lon': None}","{'rh': 61.1, 'temp': 9.5, 'wd': 0.0, 'ws': 0.0, 'ws_scalar': 0.0}","{'gas': {'co': 18156, 'co2': 13273, 'no': 18157, 'no2': 18158, 'o3': 18159}, 'pm': {'pm1': 13236, 'pm10': 13238, 'pm25': 13237}}",1.98,24.47,23.61,5.0,5.61,5.16,609962122,61.1,MOD-00625,9.5,2026-02-15T02:07:27,2026-02-14T18:07:27,https://api.quant-aq.com/v1/devices/MOD-00625/data/609961970
324.25,501.45,"{'lat': None, 'lon': None}","{'rh': 61.0, 'temp': 9.5, 'wd': 0.0, 'ws': 0.0, 'ws_scalar': 0.0}","{'gas': {'co': 18156, 'co2': 13273, 'no': 18157, 'no2': 18158, 'o3': 18159}, 'pm': {'pm1': 13236, 'pm10': 13238, 'pm25': 13237}}",2.16,23.23,24.45,5.17,5.45,5.34,609959867,61.0,MOD-00625,9.5,2026-02-15T02:06:27,2026-02-14T18:06:27,https://api.quant-aq.com/v1/devices/MOD-00625/data/609959717
296.13,501.45,"{'lat': None, 'lon': None}","{'rh': 60.9, 'temp': 9.6, 'wd': 0.0, 'ws': 0.0, 'ws_scalar': 0.0}","{'gas': {'co': 18156, 'co2': 13273, 'no': 18157, 'no2': 18158, 'o3': 18159}, 'pm': {'pm1': 13236, 'pm10': 13238, 'pm25': 13237}}",1.88,22.85,25.48,5.57,5.96,5.72,609959868,60.9,MOD-00625,9.6,2026-02-15T02:05:27,2026-02-14T18:05:27,https://api.quant-aq.com/v1/devices/MOD-00625/data/609959715
303.6,499.29,"{'lat': None, 'lon': None}","{'rh': 60.2, 'temp': 9.6, 'wd': 0.0, 'ws': 0.0, 'ws_scalar': 0.0}","{'gas': {'co': 18156, 'co2': 13273, 'no': 18157, 'no2': 18158, 'o3': 18159}, 'pm': {'pm1': 13236, 'pm10': 13238, 'pm25': 13237}}",1.63,22.09,25.32,4.02,6.15,4.15,609959866,60.2,MOD-00625,9.6,2026-02-15T02:04:27,2026-02-14T18:04:27,https://api.quant-aq.com/v1/devices/MOD-00625/data/609959716
293.62,500.13,"{'lat': None, 'lon': None}","{'rh': 59.8, 'temp': 9.6, 'wd': 0.0, 'ws': 0.0, 'ws_scalar': 0.0}","{'gas': {'co': 18156, 'co2': 13273, 'no': 18157, 'no2': 18158, 'o3': 18159}, 'pm': {'pm1': 13236, 'pm10': 13238, 'pm25': 13237}}",2.01,23.44,25.44,3.67,4.99,3.95,609959865,59.8,MOD-00625,9.6,2026-02-15T02:03:27,2026-02-14T18:03:27,https://api.quant-aq.com/v1/devices/MOD-00625/data/609959714
300.74,501.09,"{'lat': None, 'lon': None}","{'rh': 59.6, 'temp': 9.6, 'wd': 0.0, 'ws': 0.0, 'ws_scalar': 0.0}","{'gas': {'co': 18156, 'co2': 13273, 'no': 18157, 'no2': 18158, 'o3': 18159}, 'pm': {'pm1': 13236, 'pm10': 13238, 'pm25': 13237}}",1.87,23.47,23.63,3.63,7.2,3.8,609957633,59.6,MOD-00625,9.6,2026-02-15T02:02:27,2026-02-14T18:02:27,https://api.quant-aq.com/v1/devices/MOD-00625/data/609957482
303.61,499.41,"{'lat': None, 'lon': None}","{'rh': 59.6, 'temp': 9.6, 'wd': 0.0, 'ws': 0.0, 'ws_scalar': 0.0}","{'gas': {'co': 18156, 'co2': 13273, 'no': 18157, 'no2': 18158, 'o3': 18159}, 'pm': {'pm1': 13236, 'pm10': 13238, 'pm25': 13237}}",2.11,24.73,22.8,3.98,6.45,4.24,609957634,59.6,MOD-00625,9.6,2026-02-15T02:01:27,2026-02-14T18:01:27,https://api.quant-aq.com/v1/devices/MOD-00625/data/609957483
303.52,501.09,"{'lat': None, 'lon': None}","{'rh': 59.3, 'temp': 9.7, 'wd': 0.0, 'ws': 0.0, 'ws_scalar': 0.0}","{'gas': {'co': 18156, 'co2': 13273, 'no': 18157, 'no2': 18158, 'o3': 18159}, 'pm': {'pm1': 13236, 'pm10': 13238, 'pm25': 13237}}",2.51,25.22,22.23,3.54,12.47,3.66,609957635,59.3,MOD-00625,9.7,2026-02-15T02:00:27,2026-02-14T18:00:27,https://api.quant-aq.com/v1/devices/MOD-00625/data/609957484
307.55,498.8,"{'lat': None, 'lon': None}","{'rh': 59.4, 'temp': 9.7, 'wd': 0.0, 'ws': 0.0, 'ws_scalar': 0.0}","{'gas': {'co': 18156, 'co2': 13273, 'no': 18157, 'no2': 18158, 'o3': 18159}, 'pm': {'pm1': 13236, 'pm10': 13238, 'pm25': 13237}}",2.81,26.04,20.61,3.58,7.36,3.9,609957632,59.4,MOD-00625,9.7,2026-02-15T01:59:27,2026-02-14T17:59:27,https://api.quant-aq.com/v1/devices/MOD-00625/data/609957481
302.29,499.29,"{'lat': None, 'lon': None}","{'rh': 59.3, 'temp': 9.7, 'wd': 0.0, 'ws': 0.0, 'ws_scalar': 0.0}","{'gas': {'co': 18156, 'co2': 13273, 'no': 18157, 'no2': 18158, 'o3': 18159}, 'pm': {'pm1': 13236, 'pm10': 13238, 'pm25': 13237}}",2.59,25.64,21.65,3.25,5.98,3.42,609955326,59.3,MOD-00625,9.7,2026-02-15T01:58:27,2026-02-14T17:58:27,https://api.quant-aq.com/v1/devices/MOD-00625/data/609955175
306.33,500.97,"{'lat': None, 'lon': None}","{'rh': 58.8, 'temp': 9.7, 'wd': 0.0, 'ws': 0.0, 'ws_scalar': 0.0}","{'gas': {'co': 18156, 'co2': 13273, 'no': 18157, 'no2': 18158, 'o3': 18159}, 'pm': {'pm1': 13236, 'pm10': 13238, 'pm25': 13237}}",2.32,24.87,22.39,3.2,3.81,3.37,609955327,58.8,MOD-00625,9.7,2026-02-15T01:57:27,2026-02-14T17:57:27,https://api.quant-aq.com/v1/devices/MOD-00625/data/609955176
307.63,503.14,"{'lat': None, 'lon': None}","{'rh': 58.7, 'temp': 9.7, 'wd': 0.0, 'ws': 0.0, 'ws_scalar': 0.0}","{'gas': {'co': 18156, 'co2': 13273, 'no': 18157, 'no2': 18158, 'o3': 18159}, 'pm': {'pm1': 13236, 'pm10': 13238, 'pm25': 13237}}",2.5,24.89,22.86,2.94,4.97,3.3,609955329,58.7,MOD-00625,9.7,2026-02-15T01:56:27,2026-02-14T17:56:27,https://api.quant-aq.com/v1/devices/MOD-00625/data/609955178
306.17,502.66,"{'lat': None, 'lon': None}","{'rh': 58.6, 'temp': 9.8, 'wd': 0.0, 'ws': 0.0, 'ws_scalar': 0.0}","{'gas': {'co': 18156, 'co2': 13273, 'no': 18157, 'no2': 18158, 'o3': 18159}, 'pm': {'pm1': 13236, 'pm10': 13238, 'pm25': 13237}}",2.5,26.19,20.2,3.49,4.52,3.7,609955328,58.6,MOD-00625,9.8,2026-02-15T01:55:27,2026-02-14T17:55:27,https://api.quant-aq.com/v1/devices/MOD-00625/data/609955177
310.61,497.0,"{'lat': None, 'lon': None}","{'rh': 58.7, 'temp': 9.8, 'wd': 0.0, 'ws': 0.0, 'ws_scalar': 0.0}","{'gas': {'co': 18156, 'co2': 13273, 'no': 18157, 'no2': 18158, 'o3': 18159}, 'pm': {'pm1': 13236, 'pm10': 13238, 'pm25': 13237}}",2.56,27.01,19.49,3.88,6.15,4.08,609952987,58.7,MOD-00625,9.8,2026-02-15T01:54:27,2026-02-14T17:54:27,https://api.quant-aq.com/v1/devices/MOD-00625/data/609952836
310.75,501.81,"{'lat': None, 'lon': None}","{'rh': 58.5, 'temp': 9.8, 'wd': 0.0, 'ws': 0.0, 'ws_scalar': 0.0}","{'gas': {'co': 18156, 'co2': 13273, 'no': 18157, 'no2': 18158, 'o3': 18159}, 'pm': {'pm1': 13236, 'pm10': 13238, 'pm25': 13237}}",2.55,27.46,19.38,3.99,5.92,4.24,609952985,58.5,MOD-00625,9.8,2026-02-15T01:53:27,2026-02-14T17:53:27,https://api.quant-aq.com/v1/devices/MOD-00625/data/609952834
310.0,499.04,"{'lat': None, 'lon': None}","{'rh': 58.4, 'temp': 9.8, 'wd': 0.0, 'ws': 0.0, 'ws_scalar': 0.0}","{'gas': {'co': 18156, 'co2': 13273, 'no': 18157, 'no2': 18158, 'o3': 18159}, 'pm': {'pm1': 13236, 'pm10': 13238, 'pm25': 13237}}",3.22,30.41,16.25,4.33,5.01,4.56,609952986,58.4,MOD-00625,9.8,2026-02-15T01:52:27,2026-02-14T17:52:27,https://api.quant-aq.com/v1/devices/MOD-00625/data/609952835
323.2,501.21,"{'lat': None, 'lon': None}","{'rh': 58.3, 'temp': 9.8, 'wd': 0.0, 'ws': 0.0, 'ws_scalar': 0.0}","{'gas': {'co': 18156, 'co2': 13273, 'no': 18157, 'no2': 18158, 'o3': 18159}, 'pm': {'pm1': 13236, 'pm10': 13238, 'pm25': 13237}}",5.01,31.27,14.18,5.48,11.23,5.6,609952988,58.3,MOD-00625,9.8,2026-02-15T01:51:27,2026-02-14T17:51:27,https://api.quant-aq.com/v1/devices/MOD-00625/data/609952837
327.75,497.96,"{'lat': None, 'lon': None}","{'rh': 58.4, 'temp': 9.9, 'wd': 0.0, 'ws': 0.0, 'ws_scalar': 0.0}","{'gas': {'co': 18156, 'co2': 13273, 'no': 18157, 'no2': 18158, 'o3': 18159}, 'pm': {'pm1': 13236, 'pm10': 13238, 'pm25': 13237}}",6.24,31.69,15.87,4.94,6.75,5.13,609950714,58.4,MOD-00625,9.9,2026-02-15T01:50:27,2026-02-14T17:50:27,https://api.quant-aq.com/v1/devices/MOD-00625/data/609950562
343.33,500.73,"{'lat': None, 'lon': None}","{'rh': 58.4, 'temp': 9.9, 'wd': 0.0, 'ws': 0.0, 'ws_scalar': 0.0}","{'gas': {'co': 18156, 'co2': 13273, 'no': 18157, 'no2': 18158, 'o3': 18159}, 'pm': {'pm1': 13236, 'pm10': 13238, 'pm25': 13237}}",5.36,31.69,14.95,4.63,5.98,4.86,609950712,58.4,MOD-00625,9.9,2026-02-15T01:49:27,2026-02-14T17:49:27,https://api.quant-aq.com/v1/devices/MOD-00625/data/609950560
353.52,502.18,"{'lat': None, 'lon': None}","{'rh': 58.5, 'temp': 9.9, 'wd': 0.0, 'ws': 0.0, 'ws_scalar': 0.0}","{'gas': {'co': 18156, 'co2': 13273, 'no': 18157, 'no2': 18158, 'o3': 18159}, 'pm': {'pm1': 13236, 'pm10': 13238, 'pm25': 13237}}",5.38,29.58,16.93,4.51,5.84,4.75,609950711,58.5,MOD-00625,9.9,2026-02-15T01:48:27,2026-02-14T17:48:27,https://api.quant-aq.com/v1/devices/MOD-00625/data/609950561
334.18,503.38,"{'lat': None, 'lon': None}","{'rh': 58.0, 'temp': 9.9, 'wd': 0.0, 'ws': 0.0, 'ws_scalar': 0.0}","{'gas': {'co': 18156, 'co2': 13273, 'no': 18157, 'no2': 18158, 'o3': 18159}, 'pm': {'pm1': 13236, 'pm10': 13238, 'pm25': 13237}}",4.92,28.4,18.71,5.48,7.18,5.66,609950713,58.0,MOD-00625,9.9,2026-02-15T01:47:27,2026-02-14T17:47:27,https://api.quant-aq.com/v1/devices/MOD-00625/data/609950563
315.12,502.18,"{'lat': None, 'lon': None}","{'rh': 57.7, 'temp': 9.9, 'wd': 0.0, 'ws': 0.0, 'ws_scalar': 0.0}","{'gas': {'co': 18156, 'co2': 13273, 'no': 18157, 'no2': 18158, 'o3': 18159}, 'pm': {'pm1': 13236, 'pm10': 13238, 'pm25': 13237}}",2.57,27.19,20.47,5.03,5.95,5.31,609948445,57.7,MOD-00625,9.9,2026-02-15T01:46:27,2026-02-14T17:46:27,https://api.quant-aq.com/v1/devices/MOD-00625/data/609948294
312.77,499.41,"{'lat': None, 'lon': None}","{'rh': 57.7, 'temp': 10.0, 'wd': 0.0, 'ws': 0.0, 'ws_scalar': 0.0}","{'gas': {'co': 18156, 'co2': 13273, 'no': 18157, 'no2': 18158, 'o3': 18159}, 'pm': {'pm1': 13236, 'pm10': 13238, 'pm25': 13237}}",2.55,26.79,21.03,3.3,5.1,3.61,609948447,57.7,MOD-00625,10.0,2026-02-15T01:45:27,2026-02-14T17:45:27,https://api.quant-aq.com/v1/devices/MOD-00625/data/609948297
313.59,499.04,"{'lat': None, 'lon': None}","{'rh': 57.7, 'temp': 10.0, 'wd': 0.0, 'ws': 0.0, 'ws_scalar': 0.0}","{'gas': {'co': 18156, 'co2': 13273, 'no': 18157, 'no2': 18158, 'o3': 18159}, 'pm': {'pm1': 13236, 'pm10': 13238, 'pm25': 13237}}",2.34,27.21,20.0,3.32,4.2,3.58,609948448,57.7,MOD-00625,10.0,2026-02-15T01:44:27,2026-02-14T17:44:27,https://api.quant-aq.com/v1/devices/MOD-00625/data/609948296
312.16,500.37,"{'lat': None, 'lon': None}","{'rh': 57.4, 'temp': 10.0, 'wd': 0.0, 'ws': 0.0, 'ws_scalar': 0.0}","{'gas': {'co': 18156, 'co2': 13273, 'no': 18157, 'no2': 18158, 'o3': 18159}, 'pm': {'pm1': 13236, 'pm10': 13238, 'pm25': 13237}}",2.44,27.26,19.11,2.76,3.31,3.06,609948446,57.4,MOD-00625,10.0,2026-02-15T01:43:27,2026-02-14T17:43:27,https://api.quant-aq.com/v1/devices/MOD-00625/data/609948295
314.21,501.45,"{'lat': None, 'lon': None}","{'rh': 57.4, 'temp': 10.0, 'wd': 0.0, 'ws': 0.0, 'ws_scalar': 0.0}","{'gas': {'co': 18156, 'co2': 13273, 'no': 18157, 'no2': 18158, 'o3': 18159}, 'pm': {'pm1': 13236, 'pm10': 13238, 'pm25': 13237}}",2.6,25.58,20.97,3.79,4.52,4.01,609946189,57.4,MOD-00625,10.0,2026-02-15T01:42:27,2026-02-14T17:42:27,https://api.quant-aq.com/v1/devices/MOD-00625/data/609946038
314.75,500.85,"{'lat': None, 'lon': None}","{'rh': 57.8, 'temp': 10.0, 'wd': 0.0, 'ws': 0.0, 'ws_scalar': 0.0}","{'gas': {'co': 18156, 'co2': 13273, 'no': 18157, 'no2': 18158, 'o3': 18159}, 'pm': {'pm1': 13236, 'pm10': 13238, 'pm25': 13237}}",2.45,25.1,22.43,3.48,4.26,3.62,609946191,57.8,MOD-00625,10.0,2026-02-15T01:41:27,2026-02-14T17:41:27,https://api.quant-aq.com/v1/devices/MOD-00625/data/609946040
315.14,501.33,"{'lat': None, 'lon': None}","{'rh': 57.4, 'temp': 10.1, 'wd': 0.0, 'ws': 0.0, 'ws_scalar': 0.0}","{'gas': {'co': 18156, 'co2': 13273, 'no': 18157, 'no2': 18158, 'o3': 18159}, 'pm': {'pm1': 13236, 'pm10': 13238, 'pm25': 13237}}",2.15,22.31,25.01,2.99,3.84,3.22,609946190,57.4,MOD-00625,10.1,2026-02-15T01:40:27,2026-02-14T17:40:27,https://api.quant-aq.com/v1/devices/MOD-00625/data/609946039
322.12,504.46,"{'lat': None, 'lon': None}","{'rh': 56.8, 'temp': 10.1, 'wd': 0.0, 'ws': 0.0, 'ws_scalar': 0.0}","{'gas': {'co': 18156, 'co2': 13273, 'no': 18157, 'no2': 18158, 'o3': 18159}, 'pm': {'pm1': 13236, 'pm10': 13238, 'pm25': 13237}}",2.3,22.32,25.97,3.69,4.16,4.0,609946188,56.8,MOD-00625,10.1,2026-02-15T01:39:27,2026-02-14T17:39:27,https://api.quant-aq.com/v1/devices/MOD-00625/data/609946037
314.33,503.14,"{'lat': None, 'lon': None}","{'rh': 56.8, 'temp': 10.1, 'wd': 0.0, 'ws': 0.0, 'ws_scalar': 0.0}","{'gas': {'co': 18156, 'co2': 13273, 'no': 18157, 'no2': 18158, 'o3': 18159}, 'pm': {'pm1': 13236, 'pm10': 13238, 'pm25': 13237}}",2.08,21.62,26.09,4.63,5.81,4.95,609943934,56.8,MOD-00625,10.1,2026-02-15T01:38:27,2026-02-14T17:38:27,https://api.quant-aq.com/v1/devices/MOD-00625/data/609943783
318.23,500.37,"{'lat': None, 'lon': None}","{'rh': 56.5, 'temp': 10.1, 'wd': 0.0, 'ws': 0.0, 'ws_scalar': 0.0}","{'gas': {'co': 18156, 'co2': 13273, 'no': 18157, 'no2': 18158, 'o3': 18159}, 'pm': {'pm1': 13236, 'pm10': 13238, 'pm25': 13237}}",2.13,19.98,26.36,4.99,12.03,5.17,609943933,56.5,MOD-00625,10.1,2026-02-15T01:37:27,2026-02-14T17:37:27,https://api.quant-aq.com/v1/devices/MOD-00625/data/609943782
326.35,501.21,"{'lat': None, 'lon': None}","{'rh': 56.2, 'temp': 10.2, 'wd': 0.0, 'ws': 0.0, 'ws_scalar': 0.0}","{'gas': {'co': 18156, 'co2': 13273, 'no': 18157, 'no2': 18158, 'o3': 18159}, 'pm': {'pm1': 13236, 'pm10': 13238, 'pm25': 13237}}",2.11,17.47,27.65,5.05,5.43,5.19,609943932,56.2,MOD-00625,10.2,2026-02-15T01:36:27,2026-02-14T17:36:27,https://api.quant-aq.com/v1/devices/MOD-00625/data/609943781
327.1,503.98,"{'lat': None, 'lon': None}","{'rh': 56.3, 'temp': 10.2, 'wd': 0.0, 'ws': 0.0, 'ws_scalar': 0.0}","{'gas': {'co': 18156, 'co2': 13273, 'no': 18157, 'no2': 18158, 'o3': 18159}, 'pm': {'pm1': 13236, 'pm10': 13238, 'pm25': 13237}}",2.22,17.49,26.73,6.93,8.76,7.25,609943931,56.3,MOD-00625,10.2,2026-02-15T01:35:27,2026-02-14T17:35:27,https://api.quant-aq.com/v1/devices/MOD-00625/data/609943780
337.28,500.61,"{'lat': None, 'lon': None}","{'rh': 56.4, 'temp': 10.2, 'wd': 0.0, 'ws': 0.0, 'ws_scalar': 0.0}","{'gas': {'co': 18156, 'co2': 13273, 'no': 18157, 'no2': 18158, 'o3': 18159}, 'pm': {'pm1': 13236, 'pm10': 13238, 'pm25': 13237}}",2.17,19.85,26.36,15.85,23.53,16.17,609941659,56.4,MOD-00625,10.2,2026-02-15T01:34:27,2026-02-14T17:34:27,https://api.quant-aq.com/v1/devices/MOD-00625/data/609941508
332.02,502.3,"{'lat': None, 'lon': None}","{'rh': 56.3, 'temp': 10.2, 'wd': 0.0, 'ws': 0.0, 'ws_scalar': 0.0}","{'gas': {'co': 18156, 'co2': 13273, 'no': 18157, 'no2': 18158, 'o3': 18159}, 'pm': {'pm1': 13236, 'pm10': 13238, 'pm25': 13237}}",2.16,17.49,26.73,9.74,11.11,10.02,609941658,56.3,MOD-00625,10.2,2026-02-15T01:33:27,2026-02-14T17:33:27,https://api.quant-aq.com/v1/devices/MOD-00625/data/609941507
328.16,505.55,"{'lat': None, 'lon': None}","{'rh': 56.7, 'temp': 10.3, 'wd': 0.0, 'ws': 0.0, 'ws_scalar': 0.0}","{'gas': {'co': 18156, 'co2': 13273, 'no': 18157, 'no2': 18158, 'o3': 18159}, 'pm': {'pm1': 13236, 'pm10': 13238, 'pm25': 13237}}",2.06,16.78,27.73,5.68,6.9,5.94,609941656,56.7,MOD-00625,10.3,2026-02-15T01:32:27,2026-02-14T17:32:27,https://api.quant-aq.com/v1/devices/MOD-00625/data/609941505
324.07,501.57,"{'lat': None, 'lon': None}","{'rh': 56.1, 'temp': 10.3, 'wd': 0.0, 'ws': 0.0, 'ws_scalar': 0.0}","{'gas': {'co': 18156, 'co2': 13273, 'no': 18157, 'no2': 18158, 'o3': 18159}, 'pm': {'pm1': 13236, 'pm10': 13238, 'pm25': 13237}}",1.96,16.66,29.14,6.38,6.93,6.62,609941657,56.1,MOD-00625,10.3,2026-02-15T01:31:27,2026-02-14T17:31:27,https://api.quant-aq.com/v1/devices/MOD-00625/data/609941506
318.07,500.13,"{'lat': None, 'lon': None}","{'rh': 55.3, 'temp': 10.3, 'wd': 0.0, 'ws': 0.0, 'ws_scalar': 0.0}","{'gas': {'co': 18156, 'co2': 13273, 'no': 18157, 'no2': 18158, 'o3': 18159}, 'pm': {'pm1': 13236, 'pm10': 13238, 'pm25': 13237}}",2.12,13.56,30.73,8.31,9.17,8.55,609939416,55.3,MOD-00625,10.3,2026-02-15T01:30:27,2026-02-14T17:30:27,https://api.quant-aq.com/v1/devices/MOD-00625/data/609939265
310.01,497.36,"{'lat': None, 'lon': None}","{'rh': 55.1, 'temp': 10.3, 'wd': 0.0, 'ws': 0.0, 'ws_scalar': 0.0}","{'gas': {'co': 18156, 'co2': 13273, 'no': 18157, 'no2': 18158, 'o3': 18159}, 'pm': {'pm1': 13236, 'pm10': 13238, 'pm25': 13237}}",2.06,11.5,32.15,6.56,9.41,6.92,609939419,55.1,MOD-00625,10.3,2026-02-15T01:29:27,2026-02-14T17:29:27,https://api.quant-aq.com/v1/devices/MOD-00625/data/609939268
314.97,498.92,"{'lat': None, 'lon': None}","{'rh': 55.2, 'temp': 10.4, 'wd': 0.0, 'ws': 0.0, 'ws_scalar': 0.0}","{'gas': {'co': 18156, 'co2': 13273, 'no': 18157, 'no2': 18158, 'o3': 18159}, 'pm': {'pm1': 13236, 'pm10': 13238, 'pm25': 13237}}",1.96,11.44,32.13,16.13,19.61,17.74,609939418,55.2,MOD-00625,10.4,2026-02-15T01:28:27,2026-02-14T17:28:27,https://api.quant-aq.com/v1/devices/MOD-00625/data/609939267
306.09,497.12,"{'lat': None, 'lon': None}","{'rh': 55.0, 'temp': 10.4, 'wd': 0.0, 'ws': 0.0, 'ws_scalar': 0.0}","{'gas': {'co': 18156, 'co2': 13273, 'no': 18157, 'no2': 18158, 'o3': 18159}, 'pm': {'pm1': 13236, 'pm10': 13238, 'pm25': 13237}}",1.96,11.92,31.11,6.98,10.9,8.31,609939417,55.0,MOD-00625,10.4,2026-02-15T01:27:27,2026-02-14T17:27:27,https://api.quant-aq.com/v1/devices/MOD-00625/data/609939266
307.87,499.41,"{'lat': None, 'lon': None}","{'rh': 54.8, 'temp': 10.4, 'wd': 0.0, 'ws': 0.0, 'ws_scalar': 0.0}","{'gas': {'co': 18156, 'co2': 13273, 'no': 18157, 'no2': 18158, 'o3': 18159}, 'pm': {'pm1': 13236, 'pm10': 13238, 'pm25': 13237}}",2.19,11.45,32.61,3.5,4.07,3.54,609937185,54.8,MOD-00625,10.4,2026-02-15T01:26:27,2026-02-14T17:26:27,https://api.quant-aq.com/v1/devices/MOD-00625/data/609937034
311.6,498.44,"{'lat': None, 'lon': None}","{'rh': 54.9, 'temp': 10.5, 'wd': 0.0, 'ws': 0.0, 'ws_scalar': 0.0}","{'gas': {'co': 18156, 'co2': 13273, 'no': 18157, 'no2': 18158, 'o3': 18159}, 'pm': {'pm1': 13236, 'pm10': 13238, 'pm25': 13237}}",2.06,11.39,31.68,2.86,3.77,3.03,609937183,54.9,MOD-00625,10.5,2026-02-15T01:25:27,2026-02-14T17:25:27,https://api.quant-aq.com/v1/devices/MOD-00625/data/609937032
312.21,500.25,"{'lat': None, 'lon': None}","{'rh': 55.2, 'temp': 10.5, 'wd': 0.0, 'ws': 0.0, 'ws_scalar': 0.0}","{'gas': {'co': 18156, 'co2': 13273, 'no': 18157, 'no2': 18158, 'o3': 18159}, 'pm': {'pm1': 13236, 'pm10': 13238, 'pm25': 13237}}",1.99,13.4,31.17,3.57,6.06,3.63,609937186,55.2,MOD-00625,10.5,2026-02-15T01:24:27,2026-02-14T17:24:27,https://api.quant-aq.com/v1/devices/MOD-00625/data/609937035
317.21,497.72,"{'lat': None, 'lon': None}","{'rh': 54.5, 'temp': 10.5, 'wd': 0.0, 'ws': 0.0, 'ws_scalar': 0.0}","{'gas': {'co': 18156, 'co2': 13273, 'no': 18157, 'no2': 18158, 'o3': 18159}, 'pm': {'pm1': 13236, 'pm10': 13238, 'pm25': 13237}}",2.06,11.85,31.59,3.58,4.82,3.92,609937184,54.5,MOD-00625,10.5,2026-02-15T01:23:27,2026-02-14T17:23:27,https://api.quant-aq.com/v1/devices/MOD-00625/data/609937033
320.69,497.48,"{'lat': None, 'lon': None}","{'rh': 54.8, 'temp': 10.5, 'wd': 0.0, 'ws': 0.0, 'ws_scalar': 0.0}","{'gas': {'co': 18156, 'co2': 13273, 'no': 18157, 'no2': 18158, 'o3': 18159}, 'pm': {'pm1': 13236, 'pm10': 13238, 'pm25': 13237}}",2.17,11.39,29.87,4.32,4.98,4.47,609934914,54.8,MOD-00625,10.5,2026-02-15T01:22:27,2026-02-14T17:22:27,https://api.quant-aq.com/v1/devices/MOD-00625/data/609934764
318.61,498.92,"{'lat': None, 'lon': None}","{'rh': 55.0, 'temp': 10.6, 'wd': 0.0, 'ws': 0.0, 'ws_scalar': 0.0}","{'gas': {'co': 18156, 'co2': 13273, 'no': 18157, 'no2': 18158, 'o3': 18159}, 'pm': {'pm1': 13236, 'pm10': 13238, 'pm25': 13237}}",1.98,12.78,29.93,5.18,6.96,5.38,609934915,55.0,MOD-00625,10.6,2026-02-15T01:21:27,2026-02-14T17:21:27,https://api.quant-aq.com/v1/devices/MOD-00625/data/609934765
308.97,500.97,"{'lat': None, 'lon': None}","{'rh': 55.3, 'temp': 10.6, 'wd': 0.0, 'ws': 0.0, 'ws_scalar': 0.0}","{'gas': {'co': 18156, 'co2': 13273, 'no': 18157, 'no2': 18158, 'o3': 18159}, 'pm': {'pm1': 13236, 'pm10': 13238, 'pm25': 13237}}",2.03,13.87,28.74,6.41,6.84,6.65,609934913,55.3,MOD-00625,10.6,2026-02-15T01:20:27,2026-02-14T17:20:27,https://api.quant-aq.com/v1/devices/MOD-00625/data/609934762
307.75,501.81,"{'lat': None, 'lon': None}","{'rh': 54.7, 'temp': 10.6, 'wd': 0.0, 'ws': 0.0, 'ws_scalar': 0.0}","{'gas': {'co': 18156, 'co2': 13273, 'no': 18157, 'no2': 18158, 'o3': 18159}, 'pm': {'pm1': 13236, 'pm10': 13238, 'pm25': 13237}}",1.98,12.77,30.4,6.9,13.47,7.15,609934916,54.7,MOD-00625,10.6,2026-02-15T01:19:27,2026-02-14T17:19:27,https://api.quant-aq.com/v1/devices/MOD-00625/data/609934763
305.42,496.76,"{'lat': None, 'lon': None}","{'rh': 55.1, 'temp': 10.6, 'wd': 0.0, 'ws': 0.0, 'ws_scalar': 0.0}","{'gas': {'co': 18156, 'co2': 13273, 'no': 18157, 'no2': 18158, 'o3': 18159}, 'pm': {'pm1': 13236, 'pm10': 13238, 'pm25': 13237}}",1.86,10.88,31.78,4.61,7.54,4.76,609932659,55.1,MOD-00625,10.6,2026-02-15T01:18:27,2026-02-14T17:18:27,https://api.quant-aq.com/v1/devices/MOD-00625/data/609932508
303.28,498.68,"{'lat': None, 'lon': None}","{'rh': 54.8, 'temp': 10.7, 'wd': 0.0, 'ws': 0.0, 'ws_scalar': 0.0}","{'gas': {'co': 18156, 'co2': 13273, 'no': 18157, 'no2': 18158, 'o3': 18159}, 'pm': {'pm1': 13236, 'pm10': 13238, 'pm25': 13237}}",1.79,11.27,31.21,3.14,14.01,3.3,609932658,54.8,MOD-00625,10.7,2026-02-15T01:17:27,2026-02-14T17:17:27,https://api.quant-aq.com/v1/devices/MOD-00625/data/609932507
310.93,496.03,"{'lat': None, 'lon': None}","{'rh': 55.0, 'temp': 10.7, 'wd': 0.0, 'ws': 0.0, 'ws_scalar': 0.0}","{'gas': {'co': 18156, 'co2': 13273, 'no': 18157, 'no2': 18158, 'o3': 18159}, 'pm': {'pm1': 13236, 'pm10': 13238, 'pm25': 13237}}",1.79,11.27,30.74,3.59,4.65,3.78,609932657,55.0,MOD-00625,10.7,2026-02-15T01:16:27,2026-02-14T17:16:27,https://api.quant-aq.com/v1/devices/MOD-00625/data/609932506
304.78,497.12,"{'lat': None, 'lon': None}","{'rh': 55.0, 'temp': 10.7, 'wd': 0.0, 'ws': 0.0, 'ws_scalar': 0.0}","{'gas': {'co': 18156, 'co2': 13273, 'no': 18157, 'no2': 18158, 'o3': 18159}, 'pm': {'pm1': 13236, 'pm10': 13238, 'pm25': 13237}}",1.85,11.73,31.07,3.21,3.9,3.4,609932656,55.0,MOD-00625,10.7,2026-02-15T01:15:27,2026-02-14T17:15:27,https://api.quant-aq.com/v1/devices/MOD-00625/data/609932505
306.36,496.15,"{'lat': None, 'lon': None}","{'rh': 54.5, 'temp': 10.7, 'wd': 0.0, 'ws': 0.0, 'ws_scalar': 0.0}","{'gas': {'co': 18156, 'co2': 13273, 'no': 18157, 'no2': 18158, 'o3': 18159}, 'pm': {'pm1': 13236, 'pm10': 13238, 'pm25': 13237}}",1.85,10.84,31.81,4.31,6.95,4.5,609930372,54.5,MOD-00625,10.7,2026-02-15T01:14:27,2026-02-14T17:14:27,https://api.quant-aq.com/v1/devices/MOD-00625/data/609930220
309.75,497.24,"{'lat': None, 'lon': None}","{'rh': 54.5, 'temp': 10.8, 'wd': 0.0, 'ws': 0.0, 'ws_scalar': 0.0}","{'gas': {'co': 18156, 'co2': 13273, 'no': 18157, 'no2': 18158, 'o3': 18159}, 'pm': {'pm1': 13236, 'pm10': 13238, 'pm25': 13237}}",1.84,11.67,30.64,5.8,6.2,6.01,609930370,54.5,MOD-00625,10.8,2026-02-15T01:13:27,2026-02-14T17:13:27,https://api.quant-aq.com/v1/devices/MOD-00625/data/609930218
328.83,497.48,"{'lat': None, 'lon': None}","{'rh': 54.2, 'temp': 10.8, 'wd': 0.0, 'ws': 0.0, 'ws_scalar': 0.0}","{'gas': {'co': 18156, 'co2': 13273, 'no': 18157, 'no2': 18158, 'o3': 18159}, 'pm': {'pm1': 13236, 'pm10': 13238, 'pm25': 13237}}",2.24,9.99,29.79,4.83,5.79,5.07,609930369,54.2,MOD-00625,10.8,2026-02-15T01:12:27,2026-02-14T17:12:27,https://api.quant-aq.com/v1/devices/MOD-00625/data/609930219
372.28,499.29,"{'lat': None, 'lon': None}","{'rh': 55.4, 'temp': 10.8, 'wd': 0.0, 'ws': 0.0, 'ws_scalar': 0.0}","{'gas': {'co': 18156, 'co2': 13273, 'no': 18157, 'no2': 18158, 'o3': 18159}, 'pm': {'pm1': 13236, 'pm10': 13238, 'pm25': 13237}}",1.82,10.76,29.91,3.46,3.69,3.65,609930371,55.4,MOD-00625,10.8,2026-02-15T01:11:27,2026-02-14T17:11:27,https://api.quant-aq.com/v1/devices/MOD-00625/data/609930221
402.02,497.48,"{'lat': None, 'lon': None}","{'rh': 55.1, 'temp': 10.8, 'wd': 0.0, 'ws': 0.0, 'ws_scalar': 0.0}","{'gas': {'co': 18156, 'co2': 13273, 'no': 18157, 'no2': 18158, 'o3': 18159}, 'pm': {'pm1': 13236, 'pm10': 13238, 'pm25': 13237}}",1.76,12.15,29.11,5.74,8.64,5.99,609928083,55.1,MOD-00625,10.8,2026-02-15T01:10:27,2026-02-14T17:10:27,https://api.quant-aq.com/v1/devices/MOD-00625/data/609927932
392.09,496.51,"{'lat': None, 'lon': None}","{'rh': 54.8, 'temp': 10.9, 'wd': 0.0, 'ws': 0.0, 'ws_scalar': 0.0}","{'gas': {'co': 18156, 'co2': 13273, 'no': 18157, 'no2': 18158, 'o3': 18159}, 'pm': {'pm1': 13236, 'pm10': 13238, 'pm25': 13237}}",1.75,12.08,28.66,8.1,8.73,8.35,609928081,54.8,MOD-00625,10.9,2026-02-15T01:09:27,2026-02-14T17:09:27,https://api.quant-aq.com/v1/devices/MOD-00625/data/609927930
333.23,498.68,"{'lat': None, 'lon': None}","{'rh': 55.1, 'temp': 10.9, 'wd': 0.0, 'ws': 0.0, 'ws_scalar': 0.0}","{'gas': {'co': 18156, 'co2': 13273, 'no': 18157, 'no2': 18158, 'o3': 18159}, 'pm': {'pm1': 13236, 'pm10': 13238, 'pm25': 13237}}",1.7,12.57,28.97,7.7,8.57,7.96,609928082,55.1,MOD-00625,10.9,2026-02-15T01:08:27,2026-02-14T17:08:27,https://api.quant-aq.com/v1/devices/MOD-00625/data/609927931
323.11,497.96,"{'lat': None, 'lon': None}","{'rh': 54.9, 'temp': 10.9, 'wd': 0.0, 'ws': 0.0, 'ws_scalar': 0.0}","{'gas': {'co': 18156, 'co2': 13273, 'no': 18157, 'no2': 18158, 'o3': 18159}, 'pm': {'pm1': 13236, 'pm10': 13238, 'pm25': 13237}}",1.7,12.57,28.53,6.54,8.99,6.77,609928080,54.9,MOD-00625,10.9,2026-02-15T01:07:27,2026-02-14T17:07:27,https://api.quant-aq.com/v1/devices/MOD-00625/data/609927929
350.22,496.39,"{'lat': None, 'lon': None}","{'rh': 55.0, 'temp': 11.0, 'wd': 0.0, 'ws': 0.0, 'ws_scalar': 0.0}","{'gas': {'co': 18156, 'co2': 13273, 'no': 18157, 'no2': 18158, 'o3': 18159}, 'pm': {'pm1': 13236, 'pm10': 13238, 'pm25': 13237}}",1.79,13.53,27.35,7.05,7.48,7.41,609925855,55.0,MOD-00625,11.0,2026-02-15T01:06:27,2026-02-14T17:06:27,https://api.quant-aq.com/v1/devices/MOD-00625/data/609925704
406.48,496.76,"{'lat': None, 'lon': None}","{'rh': 54.9, 'temp': 11.0, 'wd': 0.0, 'ws': 0.0, 'ws_scalar': 0.0}","{'gas': {'co': 18156, 'co2': 13273, 'no': 18157, 'no2': 18158, 'o3': 18159}, 'pm': {'pm1': 13236, 'pm10': 13238, 'pm25': 13237}}",2.42,16.39,26.29,10.31,11.0,10.43,609925854,54.9,MOD-00625,11.0,2026-02-15T01:05:27,2026-02-14T17:05:27,https://api.quant-aq.com/v1/devices/MOD-00625/data/609925703
368.69,497.36,"{'lat': None, 'lon': None}","{'rh': 54.4, 'temp': 11.0, 'wd': 0.0, 'ws': 0.0, 'ws_scalar': 0.0}","{'gas': {'co': 18156, 'co2': 13273, 'no': 18157, 'no2': 18158, 'o3': 18159}, 'pm': {'pm1': 13236, 'pm10': 13238, 'pm25': 13237}}",3.48,10.68,28.13,8.02,11.53,8.14,609925853,54.4,MOD-00625,11.0,2026-02-15T01:04:27,2026-02-14T17:04:27,https://api.quant-aq.com/v1/devices/MOD-00625/data/609925702
310.1,498.32,"{'lat': None, 'lon': None}","{'rh': 54.9, 'temp': 11.0, 'wd': 0.0, 'ws': 0.0, 'ws_scalar': 0.0}","{'gas': {'co': 18156, 'co2': 13273, 'no': 18157, 'no2': 18158, 'o3': 18159}, 'pm': {'pm1': 13236, 'pm10': 13238, 'pm25': 13237}}",1.91,11.09,30.25,2.36,3.23,2.5,609925856,54.9,MOD-00625,11.0,2026-02-15T01:03:27,2026-02-14T17:03:27,https://api.quant-aq.com/v1/devices/MOD-00625/data/609925705
314.45,495.43,"{'lat': None, 'lon': None}","{'rh': 54.7, 'temp': 11.1, 'wd': 0.0, 'ws': 0.0, 'ws_scalar': 0.0}","{'gas': {'co': 18156, 'co2': 13273, 'no': 18157, 'no2': 18158, 'o3': 18159}, 'pm': {'pm1': 13236, 'pm10': 13238, 'pm25': 13237}}",1.64,12.43,28.52,2.13,2.91,2.32,609923572,54.7,MOD-00625,11.1,2026-02-15T01:02:27,2026-02-14T17:02:27,https://api.quant-aq.com/v1/devices/MOD-00625/data/609923421
316.65,495.31,"{'lat': None, 'lon': None}","{'rh': 54.5, 'temp': 11.1, 'wd': 0.0, 'ws': 0.0, 'ws_scalar': 0.0}","{'gas': {'co': 18156, 'co2': 13273, 'no': 18157, 'no2': 18158, 'o3': 18159}, 'pm': {'pm1': 13236, 'pm10': 13238, 'pm25': 13237}}",1.91,11.04,29.36,1.92,2.77,2.0,609923573,54.5,MOD-00625,11.1,2026-02-15T01:01:27,2026-02-14T17:01:27,https://api.quant-aq.com/v1/devices/MOD-00625/data/609923422
335.65,495.43,"{'lat': None, 'lon': None}","{'rh': 54.3, 'temp': 11.1, 'wd': 0.0, 'ws': 0.0, 'ws_scalar': 0.0}","{'gas': {'co': 18156, 'co2': 13273, 'no': 18157, 'no2': 18158, 'o3': 18159}, 'pm': {'pm1': 13236, 'pm10': 13238, 'pm25': 13237}}",1.63,11.49,29.25,2.41,2.74,2.54,609923574,54.3,MOD-00625,11.1,2026-02-15T01:00:27,2026-02-14T17:00:27,https://api.quant-aq.com/v1/devices/MOD-00625/data/609923423
390.2,493.14,"{'lat': None, 'lon': None}","{'rh': 54.3, 'temp': 11.1, 'wd': 0.0, 'ws': 0.0, 'ws_scalar': 0.0}","{'gas': {'co': 18156, 'co2': 13273, 'no': 18157, 'no2': 18158, 'o3': 18159}, 'pm': {'pm1': 13236, 'pm10': 13238, 'pm25': 13237}}",1.77,12.42,28.55,1.77,2.74,1.94,609923571,54.3,MOD-00625,11.1,2026-02-15T00:59:27,2026-02-14T16:59:27,https://api.quant-aq.com/v1/devices/MOD-00625/data/609923420
567.89,496.03,"{'lat': None, 'lon': None}","{'rh': 54.3, 'temp': 11.2, 'wd': 0.0, 'ws': 0.0, 'ws_scalar': 0.0}","{'gas': {'co': 18156, 'co2': 13273, 'no': 18157, 'no2': 18158, 'o3': 18159}, 'pm': {'pm1': 13236, 'pm10': 13238, 'pm25': 13237}}",1.59,12.85,27.96,3.01,3.77,3.14,609921338,54.3,MOD-00625,11.2,2026-02-15T00:58:27,2026-02-14T16:58:27,https://api.quant-aq.com/v1/devices/MOD-00625/data/609921187
703.23,501.69,"{'lat': None, 'lon': None}","{'rh': 54.3, 'temp': 11.2, 'wd': 0.0, 'ws': 0.0, 'ws_scalar': 0.0}","{'gas': {'co': 18156, 'co2': 13273, 'no': 18157, 'no2': 18158, 'o3': 18159}, 'pm': {'pm1': 13236, 'pm10': 13238, 'pm25': 13237}}",1.93,14.42,25.76,3.37,3.53,3.53,609921336,54.3,MOD-00625,11.2,2026-02-15T00:57:27,2026-02-14T16:57:27,https://api.quant-aq.com/v1/devices/MOD-00625/data/609921185
362.69,503.86,"{'lat': None, 'lon': None}","{'rh': 54.5, 'temp': 11.2, 'wd': 0.0, 'ws': 0.0, 'ws_scalar': 0.0}","{'gas': {'co': 18156, 'co2': 13273, 'no': 18157, 'no2': 18158, 'o3': 18159}, 'pm': {'pm1': 13236, 'pm10': 13238, 'pm25': 13237}}",3.35,25.35,20.38,2.92,3.11,3.03,609921335,54.5,MOD-00625,11.2,2026-02-15T00:56:27,2026-02-14T16:56:27,https://api.quant-aq.com/v1/devices/MOD-00625/data/609921184
349.44,501.21,"{'lat': None, 'lon': None}","{'rh': 54.1, 'temp': 11.2, 'wd': 0.0, 'ws': 0.0, 'ws_scalar': 0.0}","{'gas': {'co': 18156, 'co2': 13273, 'no': 18157, 'no2': 18158, 'o3': 18159}, 'pm': {'pm1': 13236, 'pm10': 13238, 'pm25': 13237}}",14.41,25.89,20.28,2.86,11.06,3.08,609921337,54.1,MOD-00625,11.2,2026-02-15T00:55:27,2026-02-14T16:55:27,https://api.quant-aq.com/v1/devices/MOD-00625/data/609921186
345.18,497.0,"{'lat': None, 'lon': None}","{'rh': 53.9, 'temp': 11.3, 'wd': 0.0, 'ws': 0.0, 'ws_scalar': 0.0}","{'gas': {'co': 18156, 'co2': 13273, 'no': 18157, 'no2': 18158, 'o3': 18159}, 'pm': {'pm1': 13236, 'pm10': 13238, 'pm25': 13237}}",6.72,20.91,22.39,2.77,3.5,3.0,609919021,53.9,MOD-00625,11.3,2026-02-15T00:54:27,2026-02-14T16:54:27,https://api.quant-aq.com/v1/devices/MOD-00625/data/609918869
379.22,501.69,"{'lat': None, 'lon': None}","{'rh': 53.9, 'temp': 11.3, 'wd': 0.0, 'ws': 0.0, 'ws_scalar': 0.0}","{'gas': {'co': 18156, 'co2': 13273, 'no': 18157, 'no2': 18158, 'o3': 18159}, 'pm': {'pm1': 13236, 'pm10': 13238, 'pm25': 13237}}",9.35,25.41,21.78,2.71,3.03,2.81,609919019,53.9,MOD-00625,11.3,2026-02-15T00:53:27,2026-02-14T16:53:27,https://api.quant-aq.com/v1/devices/MOD-00625/data/609918868
373.74,501.33,"{'lat': None, 'lon': None}","{'rh': 54.1, 'temp': 11.3, 'wd': 0.0, 'ws': 0.0, 'ws_scalar': 0.0}","{'gas': {'co': 18156, 'co2': 13273, 'no': 18157, 'no2': 18158, 'o3': 18159}, 'pm': {'pm1': 13236, 'pm10': 13238, 'pm25': 13237}}",14.31,23.14,22.59,2.6,3.41,2.82,609919018,54.1,MOD-00625,11.3,2026-02-15T00:52:27,2026-02-14T16:52:27,https://api.quant-aq.com/v1/devices/MOD-00625/data/609918867
354.88,503.02,"{'lat': None, 'lon': None}","{'rh': 54.1, 'temp': 11.3, 'wd': 0.0, 'ws': 0.0, 'ws_scalar': 0.0}","{'gas': {'co': 18156, 'co2': 13273, 'no': 18157, 'no2': 18158, 'o3': 18159}, 'pm': {'pm1': 13236, 'pm10': 13238, 'pm25': 13237}}",3.96,19.87,23.87,2.94,3.54,3.08,609919020,54.1,MOD-00625,11.3,2026-02-15T00:51:27,2026-02-14T16:51:27,https://api.quant-aq.com/v1/devices/MOD-00625/data/609918870
333.66,500.73,"{'lat': None, 'lon': None}","{'rh': 54.1, 'temp': 11.4, 'wd': 0.0, 'ws': 0.0, 'ws_scalar': 0.0}","{'gas': {'co': 18156, 'co2': 13273, 'no': 18157, 'no2': 18158, 'o3': 18159}, 'pm': {'pm1': 13236, 'pm10': 13238, 'pm25': 13237}}",3.93,15.37,25.05,2.72,3.47,2.89,609916760,54.1,MOD-00625,11.4,2026-02-15T00:50:27,2026-02-14T16:50:27,https://api.quant-aq.com/v1/devices/MOD-00625/data/609916608
335.92,503.26,"{'lat': None, 'lon': None}","{'rh': 53.8, 'temp': 11.4, 'wd': 0.0, 'ws': 0.0, 'ws_scalar': 0.0}","{'gas': {'co': 18156, 'co2': 13273, 'no': 18157, 'no2': 18158, 'o3': 18159}, 'pm': {'pm1': 13236, 'pm10': 13238, 'pm25': 13237}}",1.85,14.25,27.6,2.02,2.94,2.17,609916759,53.8,MOD-00625,11.4,2026-02-15T00:49:27,2026-02-14T16:49:27,https://api.quant-aq.com/v1/devices/MOD-00625/data/609916609
331.5,501.09,"{'lat': None, 'lon': None}","{'rh': 53.1, 'temp': 11.4, 'wd': 0.0, 'ws': 0.0, 'ws_scalar': 0.0}","{'gas': {'co': 18156, 'co2': 13273, 'no': 18157, 'no2': 18158, 'o3': 18159}, 'pm': {'pm1': 13236, 'pm10': 13238, 'pm25': 13237}}",1.71,13.2,27.44,2.39,3.4,2.57,609916761,53.1,MOD-00625,11.4,2026-02-15T00:48:27,2026-02-14T16:48:27,https://api.quant-aq.com/v1/devices/MOD-00625/data/609916610
336.15,500.73,"{'lat': None, 'lon': None}","{'rh': 52.9, 'temp': 11.4, 'wd': 0.0, 'ws': 0.0, 'ws_scalar': 0.0}","{'gas': {'co': 18156, 'co2': 13273, 'no': 18157, 'no2': 18158, 'o3': 18159}, 'pm': {'pm1': 13236, 'pm10': 13238, 'pm25': 13237}}",1.57,13.2,27.0,2.04,2.55,2.17,609916758,52.9,MOD-00625,11.4,2026-02-15T00:47:27,2026-02-14T16:47:27,https://api.quant-aq.com/v1/devices/MOD-00625/data/609916607
336.6,499.53,"{'lat': None, 'lon': None}","{'rh': 53.0, 'temp': 11.5, 'wd': 0.0, 'ws': 0.0, 'ws_scalar': 0.0}","{'gas': {'co': 18156, 'co2': 13273, 'no': 18157, 'no2': 18158, 'o3': 18159}, 'pm': {'pm1': 13236, 'pm10': 13238, 'pm25': 13237}}",1.5,12.66,27.56,1.9,3.0,2.11,609914539,53.0,MOD-00625,11.5,2026-02-15T00:46:27,2026-02-14T16:46:27,https://api.quant-aq.com/v1/devices/MOD-00625/data/609914389
350.33,505.67,"{'lat': None, 'lon': None}","{'rh': 53.3, 'temp': 11.5, 'wd': 0.0, 'ws': 0.0, 'ws_scalar': 0.0}","{'gas': {'co': 18156, 'co2': 13273, 'no': 18157, 'no2': 18158, 'o3': 18159}, 'pm': {'pm1': 13236, 'pm10': 13238, 'pm25': 13237}}",1.67,17.75,25.06,2.42,2.62,2.58,609914541,53.3,MOD-00625,11.5,2026-02-15T00:45:27,2026-02-14T16:45:27,https://api.quant-aq.com/v1/devices/MOD-00625/data/609914390
356.83,506.75,"{'lat': None, 'lon': None}","{'rh': 52.8, 'temp': 11.5, 'wd': 0.0, 'ws': 0.0, 'ws_scalar': 0.0}","{'gas': {'co': 18156, 'co2': 13273, 'no': 18157, 'no2': 18158, 'o3': 18159}, 'pm': {'pm1': 13236, 'pm10': 13238, 'pm25': 13237}}",6.06,17.0,25.68,2.29,2.53,2.49,609914540,52.8,MOD-00625,11.5,2026-02-15T00:44:27,2026-02-14T16:44:27,https://api.quant-aq.com/v1/devices/MOD-00625/data/609914388
369.96,507.35,"{'lat': None, 'lon': None}","{'rh': 52.8, 'temp': 11.5, 'wd': 0.0, 'ws': 0.0, 'ws_scalar': 0.0}","{'gas': {'co': 18156, 'co2': 13273, 'no': 18157, 'no2': 18158, 'o3': 18159}, 'pm': {'pm1': 13236, 'pm10': 13238, 'pm25': 13237}}",2.42,14.68,27.09,2.16,3.53,2.33,609914538,52.8,MOD-00625,11.5,2026-02-15T00:43:27,2026-02-14T16:43:27,https://api.quant-aq.com/v1/devices/MOD-00625/data/609914387
392.7,504.34,"{'lat': None, 'lon': None}","{'rh': 52.7, 'temp': 11.6, 'wd': 0.0, 'ws': 0.0, 'ws_scalar': 0.0}","{'gas': {'co': 18156, 'co2': 13273, 'no': 18157, 'no2': 18158, 'o3': 18159}, 'pm': {'pm1': 13236, 'pm10': 13238, 'pm25': 13237}}",1.96,12.6,28.94,3.0,5.03,3.16,609912248,52.7,MOD-00625,11.6,2026-02-15T00:42:27,2026-02-14T16:42:27,https://api.quant-aq.com/v1/devices/MOD-00625/data/609912097
439.05,506.63,"{'lat': None, 'lon': None}","{'rh': 52.1, 'temp': 11.6, 'wd': 0.0, 'ws': 0.0, 'ws_scalar': 0.0}","{'gas': {'co': 18156, 'co2': 13273, 'no': 18157, 'no2': 18158, 'o3': 18159}, 'pm': {'pm1': 13236, 'pm10': 13238, 'pm25': 13237}}",1.99,12.16,28.65,2.6,3.1,2.82,609912246,52.1,MOD-00625,11.6,2026-02-15T00:41:27,2026-02-14T16:41:27,https://api.quant-aq.com/v1/devices/MOD-00625/data/609912095
470.9,503.14,"{'lat': None, 'lon': None}","{'rh': 52.3, 'temp': 11.6, 'wd': 0.0, 'ws': 0.0, 'ws_scalar': 0.0}","{'gas': {'co': 18156, 'co2': 13273, 'no': 18157, 'no2': 18158, 'o3': 18159}, 'pm': {'pm1': 13236, 'pm10': 13238, 'pm25': 13237}}",1.98,12.15,29.09,1.95,2.38,2.09,609912247,52.3,MOD-00625,11.6,2026-02-15T00:40:27,2026-02-14T16:40:27,https://api.quant-aq.com/v1/devices/MOD-00625/data/609912096
395.1,504.46,"{'lat': None, 'lon': None}","{'rh': 52.2, 'temp': 11.6, 'wd': 0.0, 'ws': 0.0, 'ws_scalar': 0.0}","{'gas': {'co': 18156, 'co2': 13273, 'no': 18157, 'no2': 18158, 'o3': 18159}, 'pm': {'pm1': 13236, 'pm10': 13238, 'pm25': 13237}}",1.72,14.09,28.61,2.15,3.16,2.44,609912245,52.2,MOD-00625,11.6,2026-02-15T00:39:27,2026-02-14T16:39:27,https://api.quant-aq.com/v1/devices/MOD-00625/data/609912094
357.08,500.73,"{'lat': None, 'lon': None}","{'rh': 51.6, 'temp': 11.7, 'wd': 0.0, 'ws': 0.0, 'ws_scalar': 0.0}","{'gas': {'co': 18156, 'co2': 13273, 'no': 18157, 'no2': 18158, 'o3': 18159}, 'pm': {'pm1': 13236, 'pm10': 13238, 'pm25': 13237}}",2.92,11.26,30.75,1.69,3.77,1.94,609909978,51.6,MOD-00625,11.7,2026-02-15T00:38:27,2026-02-14T16:38:27,https://api.quant-aq.com/v1/devices/MOD-00625/data/609909827
341.09,496.15,"{'lat': None, 'lon': None}","{'rh': 51.6, 'temp': 11.7, 'wd': 0.0, 'ws': 0.0, 'ws_scalar': 0.0}","{'gas': {'co': 18156, 'co2': 13273, 'no': 18157, 'no2': 18158, 'o3': 18159}, 'pm': {'pm1': 13236, 'pm10': 13238, 'pm25': 13237}}",1.71,9.4,31.82,1.39,1.75,1.52,609909977,51.6,MOD-00625,11.7,2026-02-15T00:37:27,2026-02-14T16:37:27,https://api.quant-aq.com/v1/devices/MOD-00625/data/609909825
349.77,496.03,"{'lat': None, 'lon': None}","{'rh': 51.5, 'temp': 11.7, 'wd': 0.0, 'ws': 0.0, 'ws_scalar': 0.0}","{'gas': {'co': 18156, 'co2': 13273, 'no': 18157, 'no2': 18158, 'o3': 18159}, 'pm': {'pm1': 13236, 'pm10': 13238, 'pm25': 13237}}",1.78,8.79,31.62,1.48,3.0,1.75,609909976,51.5,MOD-00625,11.7,2026-02-15T00:36:27,2026-02-14T16:36:27,https://api.quant-aq.com/v1/devices/MOD-00625/data/609909826
355.58,497.12,"{'lat': None, 'lon': None}","{'rh': 51.4, 'temp': 11.7, 'wd': 0.0, 'ws': 0.0, 'ws_scalar': 0.0}","{'gas': {'co': 18156, 'co2': 13273, 'no': 18157, 'no2': 18158, 'o3': 18159}, 'pm': {'pm1': 13236, 'pm10': 13238, 'pm25': 13237}}",1.57,8.25,32.33,1.55,10.53,1.68,609909975,51.4,MOD-00625,11.7,2026-02-15T00:35:27,2026-02-14T16:35:27,https://api.quant-aq.com/v1/devices/MOD-00625/data/609909824
371.43,499.77,"{'lat': None, 'lon': None}","{'rh': 51.6, 'temp': 11.7, 'wd': 0.0, 'ws': 0.0, 'ws_scalar': 0.0}","{'gas': {'co': 18156, 'co2': 13273, 'no': 18157, 'no2': 18158, 'o3': 18159}, 'pm': {'pm1': 13236, 'pm10': 13238, 'pm25': 13237}}",1.64,8.23,31.4,3.04,3.61,3.12,609907680,51.6,MOD-00625,11.7,2026-02-15T00:34:27,2026-02-14T16:34:27,https://api.quant-aq.com/v1/devices/MOD-00625/data/609907529
356.23,496.03,"{'lat': None, 'lon': None}","{'rh': 51.8, 'temp': 11.8, 'wd': 0.0, 'ws': 0.0, 'ws_scalar': 0.0}","{'gas': {'co': 18156, 'co2': 13273, 'no': 18157, 'no2': 18158, 'o3': 18159}, 'pm': {'pm1': 13236, 'pm10': 13238, 'pm25': 13237}}",1.72,9.02,31.92,4.5,4.67,4.63,609907682,51.8,MOD-00625,11.8,2026-02-15T00:33:27,2026-02-14T16:33:27,https://api.quant-aq.com/v1/devices/MOD-00625/data/609907531
359.65,491.22,"{'lat': None, 'lon': None}","{'rh': 51.6, 'temp': 11.8, 'wd': 0.0, 'ws': 0.0, 'ws_scalar': 0.0}","{'gas': {'co': 18156, 'co2': 13273, 'no': 18157, 'no2': 18158, 'o3': 18159}, 'pm': {'pm1': 13236, 'pm10': 13238, 'pm25': 13237}}",1.58,8.46,32.18,3.59,4.4,3.7,609907683,51.6,MOD-00625,11.8,2026-02-15T00:32:27,2026-02-14T16:32:27,https://api.quant-aq.com/v1/devices/MOD-00625/data/609907532
395.19,496.88,"{'lat': None, 'lon': None}","{'rh': 51.8, 'temp': 11.8, 'wd': 0.0, 'ws': 0.0, 'ws_scalar': 0.0}","{'gas': {'co': 18156, 'co2': 13273, 'no': 18157, 'no2': 18158, 'o3': 18159}, 'pm': {'pm1': 13236, 'pm10': 13238, 'pm25': 13237}}",1.58,9.34,30.88,5.01,12.25,5.24,609907681,51.8,MOD-00625,11.8,2026-02-15T00:31:27,2026-02-14T16:31:27,https://api.quant-aq.com/v1/devices/MOD-00625/data/609907530
364.42,500.49,"{'lat': None, 'lon': None}","{'rh': 52.4, 'temp': 11.8, 'wd': 0.0, 'ws': 0.0, 'ws_scalar': 0.0}","{'gas': {'co': 18156, 'co2': 13273, 'no': 18157, 'no2': 18158, 'o3': 18159}, 'pm': {'pm1': 13236, 'pm10': 13238, 'pm25': 13237}}",1.72,11.17,29.31,8.69,11.29,8.95,609905408,52.4,MOD-00625,11.8,2026-02-15T00:30:27,2026-02-14T16:30:27,https://api.quant-aq.com/v1/devices/MOD-00625/data/609905257
354.72,497.96,"{'lat': None, 'lon': None}","{'rh': 52.2, 'temp': 11.8, 'wd': 0.0, 'ws': 0.0, 'ws_scalar': 0.0}","{'gas': {'co': 18156, 'co2': 13273, 'no': 18157, 'no2': 18158, 'o3': 18159}, 'pm': {'pm1': 13236, 'pm10': 13238, 'pm25': 13237}}",1.72,10.37,29.57,8.44,9.27,8.7,609905409,52.2,MOD-00625,11.8,2026-02-15T00:29:27,2026-02-14T16:29:27,https://api.quant-aq.com/v1/devices/MOD-00625/data/609905258
347.73,496.27,"{'lat': None, 'lon': None}","{'rh': 51.8, 'temp': 11.9, 'wd': 0.0, 'ws': 0.0, 'ws_scalar': 0.0}","{'gas': {'co': 18156, 'co2': 13273, 'no': 18157, 'no2': 18158, 'o3': 18159}, 'pm': {'pm1': 13236, 'pm10': 13238, 'pm25': 13237}}",1.72,10.35,29.59,4.81,5.44,4.93,609905407,51.8,MOD-00625,11.9,2026-02-15T00:28:27,2026-02-14T16:28:27,https://api.quant-aq.com/v1/devices/MOD-00625/data/609905256
357.85,496.64,"{'lat': None, 'lon': None}","{'rh': 51.4, 'temp': 11.9, 'wd': 0.0, 'ws': 0.0, 'ws_scalar': 0.0}","{'gas': {'co': 18156, 'co2': 13273, 'no': 18157, 'no2': 18158, 'o3': 18159}, 'pm': {'pm1': 13236, 'pm10': 13238, 'pm25': 13237}}",1.79,11.17,29.37,4.59,5.49,4.74,609905406,51.4,MOD-00625,11.9,2026-02-15T00:27:27,2026-02-14T16:27:27,https://api.quant-aq.com/v1/devices/MOD-00625/data/609905255
359.63,496.64,"{'lat': None, 'lon': None}","{'rh': 51.2, 'temp': 11.9, 'wd': 0.0, 'ws': 0.0, 'ws_scalar': 0.0}","{'gas': {'co': 18156, 'co2': 13273, 'no': 18157, 'no2': 18158, 'o3': 18159}, 'pm': {'pm1': 13236, 'pm10': 13238, 'pm25': 13237}}",1.72,10.78,28.6,4.42,4.99,4.69,609903175,51.2,MOD-00625,11.9,2026-02-15T00:26:27,2026-02-14T16:26:27,https://api.quant-aq.com/v1/devices/MOD-00625/data/609903024
361.06,497.6,"{'lat': None, 'lon': None}","{'rh': 51.5, 'temp': 11.9, 'wd': 0.0, 'ws': 0.0, 'ws_scalar': 0.0}","{'gas': {'co': 18156, 'co2': 13273, 'no': 18157, 'no2': 18158, 'o3': 18159}, 'pm': {'pm1': 13236, 'pm10': 13238, 'pm25': 13237}}",1.58,12.03,27.75,3.71,4.71,3.93,609903177,51.5,MOD-00625,11.9,2026-02-15T00:25:27,2026-02-14T16:25:27,https://api.quant-aq.com/v1/devices/MOD-00625/data/609903025
357.58,496.76,"{'lat': None, 'lon': None}","{'rh': 51.2, 'temp': 11.9, 'wd': 0.0, 'ws': 0.0, 'ws_scalar': 0.0}","{'gas': {'co': 18156, 'co2': 13273, 'no': 18157, 'no2': 18158, 'o3': 18159}, 'pm': {'pm1': 13236, 'pm10': 13238, 'pm25': 13237}}",1.37,13.95,25.91,4.67,8.69,4.93,609903174,51.2,MOD-00625,11.9,2026-02-15T00:24:27,2026-02-14T16:24:27,https://api.quant-aq.com/v1/devices/MOD-00625/data/609903023
354.57,498.44,"{'lat': None, 'lon': None}","{'rh': 51.4, 'temp': 11.9, 'wd': 0.0, 'ws': 0.0, 'ws_scalar': 0.0}","{'gas': {'co': 18156, 'co2': 13273, 'no': 18157, 'no2': 18158, 'o3': 18159}, 'pm': {'pm1': 13236, 'pm10': 13238, 'pm25': 13237}}",1.44,14.98,25.19,4.0,6.14,4.29,609903176,51.4,MOD-00625,11.9,2026-02-15T00:23:27,2026-02-14T16:23:27,https://api.quant-aq.com/v1/devices/MOD-00625/data/609903026
362.95,501.21,"{'lat': None, 'lon': None}","{'rh': 51.3, 'temp': 12.0, 'wd': 0.0, 'ws': 0.0, 'ws_scalar': 0.0}","{'gas': {'co': 18156, 'co2': 13273, 'no': 18157, 'no2': 18158, 'o3': 18159}, 'pm': {'pm1': 13236, 'pm10': 13238, 'pm25': 13237}}",1.51,16.61,25.28,3.77,6.72,4.02,609900887,51.3,MOD-00625,12.0,2026-02-15T00:22:27,2026-02-14T16:22:27,https://api.quant-aq.com/v1/devices/MOD-00625/data/609900736
378.96,500.25,"{'lat': None, 'lon': None}","{'rh': 50.7, 'temp': 12.0, 'wd': 0.0, 'ws': 0.0, 'ws_scalar': 0.0}","{'gas': {'co': 18156, 'co2': 13273, 'no': 18157, 'no2': 18158, 'o3': 18159}, 'pm': {'pm1': 13236, 'pm10': 13238, 'pm25': 13237}}",1.38,14.43,25.36,3.31,10.14,3.54,609900883,50.7,MOD-00625,12.0,2026-02-15T00:21:27,2026-02-14T16:21:27,https://api.quant-aq.com/v1/devices/MOD-00625/data/609900733
418.4,500.73,"{'lat': None, 'lon': None}","{'rh': 50.6, 'temp': 12.0, 'wd': 0.0, 'ws': 0.0, 'ws_scalar': 0.0}","{'gas': {'co': 18156, 'co2': 13273, 'no': 18157, 'no2': 18158, 'o3': 18159}, 'pm': {'pm1': 13236, 'pm10': 13238, 'pm25': 13237}}",1.38,14.44,26.28,2.43,3.51,2.68,609900888,50.6,MOD-00625,12.0,2026-02-15T00:20:27,2026-02-14T16:20:27,https://api.quant-aq.com/v1/devices/MOD-00625/data/609900737
492.08,502.42,"{'lat': None, 'lon': None}","{'rh': 50.8, 'temp': 12.0, 'wd': 0.0, 'ws': 0.0, 'ws_scalar': 0.0}","{'gas': {'co': 18156, 'co2': 13273, 'no': 18157, 'no2': 18158, 'o3': 18159}, 'pm': {'pm1': 13236, 'pm10': 13238, 'pm25': 13237}}",1.44,13.42,28.79,2.37,7.96,2.73,609900884,50.8,MOD-00625,12.0,2026-02-15T00:19:27,2026-02-14T16:19:27,https://api.quant-aq.com/v1/devices/MOD-00625/data/609900734
521.55,497.84,"{'lat': None, 'lon': None}","{'rh': 50.3, 'temp': 12.0, 'wd': 0.0, 'ws': 0.0, 'ws_scalar': 0.0}","{'gas': {'co': 18156, 'co2': 13273, 'no': 18157, 'no2': 18158, 'o3': 18159}, 'pm': {'pm1': 13236, 'pm10': 13238, 'pm25': 13237}}",1.51,11.19,32.18,2.05,5.53,2.24,609898604,50.3,MOD-00625,12.0,2026-02-15T00:18:27,2026-02-14T16:18:27,https://api.quant-aq.com/v1/devices/MOD-00625/data/609898453
467.15,501.33,"{'lat': None, 'lon': None}","{'rh': 50.1, 'temp': 12.0, 'wd': 0.0, 'ws': 0.0, 'ws_scalar': 0.0}","{'gas': {'co': 18156, 'co2': 13273, 'no': 18157, 'no2': 18158, 'o3': 18159}, 'pm': {'pm1': 13236, 'pm10': 13238, 'pm25': 13237}}",1.4,10.42,33.35,1.85,25.29,2.03,609898602,50.1,MOD-00625,12.0,2026-02-15T00:17:27,2026-02-14T16:17:27,https://api.quant-aq.com/v1/devices/MOD-00625/data/609898451
416.7,497.96,"{'lat': None, 'lon': None}","{'rh': 50.1, 'temp': 12.0, 'wd': 0.0, 'ws': 0.0, 'ws_scalar': 0.0}","{'gas': {'co': 18156, 'co2': 13273, 'no': 18157, 'no2': 18158, 'o3': 18159}, 'pm': {'pm1': 13236, 'pm10': 13238, 'pm25': 13237}}",1.85,8.52,35.92,1.47,3.73,1.61,609898603,50.1,MOD-00625,12.0,2026-02-15T00:16:27,2026-02-14T16:16:27,https://api.quant-aq.com/v1/devices/MOD-00625/data/609898452
424.85,497.36,"{'lat': None, 'lon': None}","{'rh': 49.6, 'temp': 12.0, 'wd': 0.0, 'ws': 0.0, 'ws_scalar': 0.0}","{'gas': {'co': 18156, 'co2': 13273, 'no': 18157, 'no2': 18158, 'o3': 18159}, 'pm': {'pm1': 13236, 'pm10': 13238, 'pm25': 13237}}",1.78,8.57,36.41,1.54,8.39,1.81,609898601,49.6,MOD-00625,12.0,2026-02-15T00:15:27,2026-02-14T16:15:27,https://api.quant-aq.com/v1/devices/MOD-00625/data/609898450
432.92,501.57,"{'lat': None, 'lon': None}","{'rh': 49.2, 'temp': 12.0, 'wd': 0.0, 'ws': 0.0, 'ws_scalar': 0.0}","{'gas': {'co': 18156, 'co2': 13273, 'no': 18157, 'no2': 18158, 'o3': 18159}, 'pm': {'pm1': 13236, 'pm10': 13238, 'pm25': 13237}}",1.36,8.61,35.07,1.57,2.31,1.71,609896305,49.2,MOD-00625,12.0,2026-02-15T00:14:27,2026-02-14T16:14:27,https://api.quant-aq.com/v1/devices/MOD-00625/data/609896154
429.84,500.85,"{'lat': None, 'lon': None}","{'rh': 49.5, 'temp': 12.0, 'wd': 0.0, 'ws': 0.0, 'ws_scalar': 0.0}","{'gas': {'co': 18156, 'co2': 13273, 'no': 18157, 'no2': 18158, 'o3': 18159}, 'pm': {'pm1': 13236, 'pm10': 13238, 'pm25': 13237}}",1.43,9.14,35.26,2.13,2.92,2.23,609896303,49.5,MOD-00625,12.0,2026-02-15T00:13:27,2026-02-14T16:13:27,https://api.quant-aq.com/v1/devices/MOD-00625/data/609896152
427.82,506.87,"{'lat': None, 'lon': None}","{'rh': 49.3, 'temp': 11.9, 'wd': 0.0, 'ws': 0.0, 'ws_scalar': 0.0}","{'gas': {'co': 18156, 'co2': 13273, 'no': 18157, 'no2': 18158, 'o3': 18159}, 'pm': {'pm1': 13236, 'pm10': 13238, 'pm25': 13237}}",1.36,9.21,36.2,2.73,3.87,3.04,609896306,49.3,MOD-00625,11.9,2026-02-15T00:12:27,2026-02-14T16:12:27,https://api.quant-aq.com/v1/devices/MOD-00625/data/609896155
395.22,502.9,"{'lat': None, 'lon': None}","{'rh': 49.0, 'temp': 11.9, 'wd': 0.0, 'ws': 0.0, 'ws_scalar': 0.0}","{'gas': {'co': 18156, 'co2': 13273, 'no': 18157, 'no2': 18158, 'o3': 18159}, 'pm': {'pm1': 13236, 'pm10': 13238, 'pm25': 13237}}",1.42,8.69,38.29,3.04,3.48,3.36,609896304,49.0,MOD-00625,11.9,2026-02-15T00:11:27,2026-02-14T16:11:27,https://api.quant-aq.com/v1/devices/MOD-00625/data/609896153
353.05,499.77,"{'lat': None, 'lon': None}","{'rh': 48.9, 'temp': 11.9, 'wd': 0.0, 'ws': 0.0, 'ws_scalar': 0.0}","{'gas': {'co': 18156, 'co2': 13273, 'no': 18157, 'no2': 18158, 'o3': 18159}, 'pm': {'pm1': 13236, 'pm10': 13238, 'pm25': 13237}}",1.42,7.78,36.97,2.9,3.16,3.08,609894045,48.9,MOD-00625,11.9,2026-02-15T00:10:27,2026-02-14T16:10:27,https://api.quant-aq.com/v1/devices/MOD-00625/data/609893894
369.65,501.69,"{'lat': None, 'lon': None}","{'rh': 49.2, 'temp': 11.9, 'wd': 0.0, 'ws': 0.0, 'ws_scalar': 0.0}","{'gas': {'co': 18156, 'co2': 13273, 'no': 18157, 'no2': 18158, 'o3': 18159}, 'pm': {'pm1': 13236, 'pm10': 13238, 'pm25': 13237}}",1.77,8.66,36.91,1.36,3.74,1.51,609894044,49.2,MOD-00625,11.9,2026-02-15T00:09:27,2026-02-14T16:09:27,https://api.quant-aq.com/v1/devices/MOD-00625/data/609893893
395.52,500.13,"{'lat': None, 'lon': None}","{'rh': 49.0, 'temp': 11.8, 'wd': 0.0, 'ws': 0.0, 'ws_scalar': 0.0}","{'gas': {'co': 18156, 'co2': 13273, 'no': 18157, 'no2': 18158, 'o3': 18159}, 'pm': {'pm1': 13236, 'pm10': 13238, 'pm25': 13237}}",1.62,9.59,35.2,1.62,2.86,1.94,609894042,49.0,MOD-00625,11.8,2026-02-15T00:08:27,2026-02-14T16:08:27,https://api.quant-aq.com/v1/devices/MOD-00625/data/609893891
473.3,502.9,"{'lat': None, 'lon': None}","{'rh': 49.2, 'temp': 11.8, 'wd': 0.0, 'ws': 0.0, 'ws_scalar': 0.0}","{'gas': {'co': 18156, 'co2': 13273, 'no': 18157, 'no2': 18158, 'o3': 18159}, 'pm': {'pm1': 13236, 'pm10': 13238, 'pm25': 13237}}",1.57,9.57,34.73,1.42,2.58,1.59,609894043,49.2,MOD-00625,11.8,2026-02-15T00:07:27,2026-02-14T16:07:27,https://api.quant-aq.com/v1/devices/MOD-00625/data/609893892
423.91,501.21,"{'lat': None, 'lon': None}","{'rh': 49.3, 'temp': 11.7, 'wd': 0.0, 'ws': 0.0, 'ws_scalar': 0.0}","{'gas': {'co': 18156, 'co2': 13273, 'no': 18157, 'no2': 18158, 'o3': 18159}, 'pm': {'pm1': 13236, 'pm10': 13238, 'pm25': 13237}}",1.53,9.61,33.36,2.21,3.04,2.4,609891798,49.3,MOD-00625,11.7,2026-02-15T00:06:27,2026-02-14T16:06:27,https://api.quant-aq.com/v1/devices/MOD-00625/data/609891647
485.89,504.95,"{'lat': None, 'lon': None}","{'rh': 49.8, 'temp': 11.7, 'wd': 0.0, 'ws': 0.0, 'ws_scalar': 0.0}","{'gas': {'co': 18156, 'co2': 13273, 'no': 18157, 'no2': 18158, 'o3': 18159}, 'pm': {'pm1': 13236, 'pm10': 13238, 'pm25': 13237}}",1.52,11.79,30.3,2.42,2.73,2.5,609891797,49.8,MOD-00625,11.7,2026-02-15T00:05:27,2026-02-14T16:05:27,https://api.quant-aq.com/v1/devices/MOD-00625/data/609891646
526.44,504.1,"{'lat': None, 'lon': None}","{'rh': 50.3, 'temp': 11.6, 'wd': 0.0, 'ws': 0.0, 'ws_scalar': 0.0}","{'gas': {'co': 18156, 'co2': 13273, 'no': 18157, 'no2': 18158, 'o3': 18159}, 'pm': {'pm1': 13236, 'pm10': 13238, 'pm25': 13237}}",1.93,14.13,30.12,2.62,3.11,2.86,609891800,50.3,MOD-00625,11.6,2026-02-15T00:04:27,2026-02-14T16:04:27,https://api.quant-aq.com/v1/devices/MOD-00625/data/609891649
406.42,495.91,"{'lat': None, 'lon': None}","{'rh': 50.1, 'temp': 11.6, 'wd': 0.0, 'ws': 0.0, 'ws_scalar': 0.0}","{'gas': {'co': 18156, 'co2': 13273, 'no': 18157, 'no2': 18158, 'o3': 18159}, 'pm': {'pm1': 13236, 'pm10': 13238, 'pm25': 13237}}",1.81,12.25,29.71,1.84,2.11,1.91,609891799,50.1,MOD-00625,11.6,2026-02-15T00:03:27,2026-02-14T16:03:27,https://api.quant-aq.com/v1/devices/MOD-00625/data/609891648
344.21,499.04,"{'lat': None, 'lon': None}","{'rh': 50.5, 'temp': 11.6, 'wd': 0.0, 'ws': 0.0, 'ws_scalar': 0.0}","{'gas': {'co': 18156, 'co2': 13273, 'no': 18157, 'no2': 18158, 'o3': 18159}, 'pm': {'pm1': 13236, 'pm10': 13238, 'pm25': 13237}}",2.18,12.68,29.56,2.08,2.42,2.22,609891796,50.5,MOD-00625,11.6,2026-02-15T00:02:27,2026-02-14T16:02:27,https://api.quant-aq.com/v1/devices/MOD-00625/data/609891645
325.91,502.18,"{'lat': None, 'lon': None}","{'rh': 50.7, 'temp': 11.5, 'wd': 0.0, 'ws': 0.0, 'ws_scalar': 0.0}","{'gas': {'co': 18156, 'co2': 13273, 'no': 18157, 'no2': 18158, 'o3': 18159}, 'pm': {'pm1': 13236, 'pm10': 13238, 'pm25': 13237}}",2.89,11.41,29.93,1.1,1.76,1.17,609888970,50.7,MOD-00625,11.5,2026-02-15T00:01:27,2026-02-14T16:01:27,https://api.quant-aq.com/v1/devices/MOD-00625/data/609888823
325.78,501.93,"{'lat': None, 'lon': None}","{'rh': 50.3, 'temp': 11.5, 'wd': 0.0, 'ws': 0.0, 'ws_scalar': 0.0}","{'gas': {'co': 18156, 'co2': 13273, 'no': 18157, 'no2': 18158, 'o3': 18159}, 'pm': {'pm1': 13236, 'pm10': 13238, 'pm25': 13237}}",1.74,9.94,32.73,1.04,3.3,1.15,609888973,50.3,MOD-00625,11.5,2026-02-15T00:00:27,2026-02-14T16:00:27,https://api.quant-aq.com/v1/devices/MOD-00625/data/609888821
