co,co2,geo,met,model,no,no2,o3,pm1,pm10,pm25,raw_data_id,rh,sn,temp,timestamp,timestamp_local,url
239.75,648.89,"{'lat': None, 'lon': None}","{'rh': 79.7, 'temp': 17.1, 'wd': 0.0, 'ws': 0.0, 'ws_scalar': 0.0}","{'gas': {'co': 18140, 'co2': 13263, 'no': 18141, 'no2': 18142, 'o3': 18143}, 'pm': {'pm1': 13209, 'pm10': 13211, 'pm25': 13210}}",1.35,3.56,7.48,3.37,5.45,3.63,777320593,79.7,MOD-00616,17.1,2026-09-10T13:12:10,2026-09-10T06:12:10,https://api.quant-aq.com/v1/devices/MOD-00616/data/777320268
238.77,653.95,"{'lat': None, 'lon': None}","{'rh': 79.5, 'temp': 17.2, 'wd': 0.0, 'ws': 0.0, 'ws_scalar': 0.0}","{'gas': {'co': 18140, 'co2': 13263, 'no': 18141, 'no2': 18142, 'o3': 18143}, 'pm': {'pm1': 13209, 'pm10': 13211, 'pm25': 13210}}",1.41,3.68,5.99,3.26,4.7,3.47,777320592,79.5,MOD-00616,17.2,2026-09-10T13:11:10,2026-09-10T06:11:10,https://api.quant-aq.com/v1/devices/MOD-00616/data/777320267
245.4,650.09,"{'lat': None, 'lon': None}","{'rh': 79.4, 'temp': 17.2, 'wd': 0.0, 'ws': 0.0, 'ws_scalar': 0.0}","{'gas': {'co': 18140, 'co2': 13263, 'no': 18141, 'no2': 18142, 'o3': 18143}, 'pm': {'pm1': 13209, 'pm10': 13211, 'pm25': 13210}}",1.55,3.48,4.42,2.05,6.65,2.47,777320594,79.4,MOD-00616,17.2,2026-09-10T13:10:10,2026-09-10T06:10:10,https://api.quant-aq.com/v1/devices/MOD-00616/data/777320269
248.95,657.44,"{'lat': None, 'lon': None}","{'rh': 79.6, 'temp': 17.2, 'wd': 0.0, 'ws': 0.0, 'ws_scalar': 0.0}","{'gas': {'co': 18140, 'co2': 13263, 'no': 18141, 'no2': 18142, 'o3': 18143}, 'pm': {'pm1': 13209, 'pm10': 13211, 'pm25': 13210}}",1.47,3.47,5.32,3.14,4.49,3.45,777320595,79.6,MOD-00616,17.2,2026-09-10T13:09:10,2026-09-10T06:09:10,https://api.quant-aq.com/v1/devices/MOD-00616/data/777320271
243.14,656.24,"{'lat': None, 'lon': None}","{'rh': 79.7, 'temp': 17.2, 'wd': 0.0, 'ws': 0.0, 'ws_scalar': 0.0}","{'gas': {'co': 18140, 'co2': 13263, 'no': 18141, 'no2': 18142, 'o3': 18143}, 'pm': {'pm1': 13209, 'pm10': 13211, 'pm25': 13210}}",1.46,3.79,4.03,2.78,7.85,3.2,777318313,79.7,MOD-00616,17.2,2026-09-10T13:08:10,2026-09-10T06:08:10,https://api.quant-aq.com/v1/devices/MOD-00616/data/777317988
245.6,656.24,"{'lat': None, 'lon': None}","{'rh': 79.7, 'temp': 17.2, 'wd': 0.0, 'ws': 0.0, 'ws_scalar': 0.0}","{'gas': {'co': 18140, 'co2': 13263, 'no': 18141, 'no2': 18142, 'o3': 18143}, 'pm': {'pm1': 13209, 'pm10': 13211, 'pm25': 13210}}",1.53,3.79,3.57,3.06,4.68,3.29,777318312,79.7,MOD-00616,17.2,2026-09-10T13:07:10,2026-09-10T06:07:10,https://api.quant-aq.com/v1/devices/MOD-00616/data/777317987
244.64,652.62,"{'lat': None, 'lon': None}","{'rh': 79.9, 'temp': 17.2, 'wd': 0.0, 'ws': 0.0, 'ws_scalar': 0.0}","{'gas': {'co': 18140, 'co2': 13263, 'no': 18141, 'no2': 18142, 'o3': 18143}, 'pm': {'pm1': 13209, 'pm10': 13211, 'pm25': 13210}}",1.32,3.77,4.01,3.96,7.37,4.36,777318311,79.9,MOD-00616,17.2,2026-09-10T13:06:10,2026-09-10T06:06:10,https://api.quant-aq.com/v1/devices/MOD-00616/data/777317986
250.31,656.72,"{'lat': None, 'lon': None}","{'rh': 80.0, 'temp': 17.2, 'wd': 0.0, 'ws': 0.0, 'ws_scalar': 0.0}","{'gas': {'co': 18140, 'co2': 13263, 'no': 18141, 'no2': 18142, 'o3': 18143}, 'pm': {'pm1': 13209, 'pm10': 13211, 'pm25': 13210}}",1.45,3.53,3.34,3.99,5.31,4.42,777318310,80.0,MOD-00616,17.2,2026-09-10T13:05:10,2026-09-10T06:05:10,https://api.quant-aq.com/v1/devices/MOD-00616/data/777317985
250.24,658.89,"{'lat': None, 'lon': None}","{'rh': 80.1, 'temp': 17.2, 'wd': 0.0, 'ws': 0.0, 'ws_scalar': 0.0}","{'gas': {'co': 18140, 'co2': 13263, 'no': 18141, 'no2': 18142, 'o3': 18143}, 'pm': {'pm1': 13209, 'pm10': 13211, 'pm25': 13210}}",1.71,3.52,4.24,3.94,4.36,4.26,777315989,80.1,MOD-00616,17.2,2026-09-10T13:04:10,2026-09-10T06:04:10,https://api.quant-aq.com/v1/devices/MOD-00616/data/777315664
245.98,656.96,"{'lat': None, 'lon': None}","{'rh': 80.9, 'temp': 17.2, 'wd': 0.0, 'ws': 0.0, 'ws_scalar': 0.0}","{'gas': {'co': 18140, 'co2': 13263, 'no': 18141, 'no2': 18142, 'o3': 18143}, 'pm': {'pm1': 13209, 'pm10': 13211, 'pm25': 13210}}",1.2,3.7,8.04,3.98,5.74,4.46,777315988,80.9,MOD-00616,17.2,2026-09-10T13:03:10,2026-09-10T06:03:10,https://api.quant-aq.com/v1/devices/MOD-00616/data/777315662
245.5,656.96,"{'lat': None, 'lon': None}","{'rh': 81.0, 'temp': 17.2, 'wd': 0.0, 'ws': 0.0, 'ws_scalar': 0.0}","{'gas': {'co': 18140, 'co2': 13263, 'no': 18141, 'no2': 18142, 'o3': 18143}, 'pm': {'pm1': 13209, 'pm10': 13211, 'pm25': 13210}}",1.13,4.62,7.87,4.36,6.85,4.8,777315986,81.0,MOD-00616,17.2,2026-09-10T13:02:10,2026-09-10T06:02:10,https://api.quant-aq.com/v1/devices/MOD-00616/data/777315659
248.51,656.84,"{'lat': None, 'lon': None}","{'rh': 80.8, 'temp': 17.2, 'wd': 0.0, 'ws': 0.0, 'ws_scalar': 0.0}","{'gas': {'co': 18140, 'co2': 13263, 'no': 18141, 'no2': 18142, 'o3': 18143}, 'pm': {'pm1': 13209, 'pm10': 13211, 'pm25': 13210}}",1.21,3.58,8.17,3.58,6.21,4.05,777315987,80.8,MOD-00616,17.2,2026-09-10T13:01:09,2026-09-10T06:01:09,https://api.quant-aq.com/v1/devices/MOD-00616/data/777315663
243.93,657.68,"{'lat': None, 'lon': None}","{'rh': 80.9, 'temp': 17.2, 'wd': 0.0, 'ws': 0.0, 'ws_scalar': 0.0}","{'gas': {'co': 18140, 'co2': 13263, 'no': 18141, 'no2': 18142, 'o3': 18143}, 'pm': {'pm1': 13209, 'pm10': 13211, 'pm25': 13210}}",1.27,3.85,10.2,4.27,11.82,4.65,777313720,80.9,MOD-00616,17.2,2026-09-10T13:00:09,2026-09-10T06:00:09,https://api.quant-aq.com/v1/devices/MOD-00616/data/777313395
247.55,655.39,"{'lat': None, 'lon': None}","{'rh': 81.0, 'temp': 17.2, 'wd': 0.0, 'ws': 0.0, 'ws_scalar': 0.0}","{'gas': {'co': 18140, 'co2': 13263, 'no': 18141, 'no2': 18142, 'o3': 18143}, 'pm': {'pm1': 13209, 'pm10': 13211, 'pm25': 13210}}",1.2,4.01,9.61,3.4,6.73,3.81,777313719,81.0,MOD-00616,17.2,2026-09-10T12:59:09,2026-09-10T05:59:09,https://api.quant-aq.com/v1/devices/MOD-00616/data/777313394
243.04,656.6,"{'lat': None, 'lon': None}","{'rh': 81.0, 'temp': 17.2, 'wd': 0.0, 'ws': 0.0, 'ws_scalar': 0.0}","{'gas': {'co': 18140, 'co2': 13263, 'no': 18141, 'no2': 18142, 'o3': 18143}, 'pm': {'pm1': 13209, 'pm10': 13211, 'pm25': 13210}}",1.13,4.39,10.73,3.2,11.19,3.5,777313718,81.0,MOD-00616,17.2,2026-09-10T12:58:09,2026-09-10T05:58:09,https://api.quant-aq.com/v1/devices/MOD-00616/data/777313393
246.91,656.0,"{'lat': None, 'lon': None}","{'rh': 80.9, 'temp': 17.3, 'wd': 0.0, 'ws': 0.0, 'ws_scalar': 0.0}","{'gas': {'co': 18140, 'co2': 13263, 'no': 18141, 'no2': 18142, 'o3': 18143}, 'pm': {'pm1': 13209, 'pm10': 13211, 'pm25': 13210}}",0.92,4.39,11.64,3.74,7.97,4.31,777313717,80.9,MOD-00616,17.3,2026-09-10T12:57:09,2026-09-10T05:57:09,https://api.quant-aq.com/v1/devices/MOD-00616/data/777313392
252.83,656.36,"{'lat': None, 'lon': None}","{'rh': 80.5, 'temp': 17.2, 'wd': 0.0, 'ws': 0.0, 'ws_scalar': 0.0}","{'gas': {'co': 18140, 'co2': 13263, 'no': 18141, 'no2': 18142, 'o3': 18143}, 'pm': {'pm1': 13209, 'pm10': 13211, 'pm25': 13210}}",1.36,4.21,12.26,2.56,4.19,3.06,777311401,80.5,MOD-00616,17.2,2026-09-10T12:56:09,2026-09-10T05:56:09,https://api.quant-aq.com/v1/devices/MOD-00616/data/777311077
265.32,653.11,"{'lat': None, 'lon': None}","{'rh': 79.8, 'temp': 17.3, 'wd': 0.0, 'ws': 0.0, 'ws_scalar': 0.0}","{'gas': {'co': 18140, 'co2': 13263, 'no': 18141, 'no2': 18142, 'o3': 18143}, 'pm': {'pm1': 13209, 'pm10': 13211, 'pm25': 13210}}",9.03,5.12,6.34,3.99,9.2,4.36,777311402,79.8,MOD-00616,17.3,2026-09-10T12:55:09,2026-09-10T05:55:09,https://api.quant-aq.com/v1/devices/MOD-00616/data/777311075
246.63,652.87,"{'lat': None, 'lon': None}","{'rh': 79.4, 'temp': 17.2, 'wd': 0.0, 'ws': 0.0, 'ws_scalar': 0.0}","{'gas': {'co': 18140, 'co2': 13263, 'no': 18141, 'no2': 18142, 'o3': 18143}, 'pm': {'pm1': 13209, 'pm10': 13211, 'pm25': 13210}}",1.34,3.94,7.12,3.89,6.21,4.17,777311403,79.4,MOD-00616,17.2,2026-09-10T12:54:09,2026-09-10T05:54:09,https://api.quant-aq.com/v1/devices/MOD-00616/data/777311078
251.12,648.65,"{'lat': None, 'lon': None}","{'rh': 79.0, 'temp': 17.3, 'wd': 0.0, 'ws': 0.0, 'ws_scalar': 0.0}","{'gas': {'co': 18140, 'co2': 13263, 'no': 18141, 'no2': 18142, 'o3': 18143}, 'pm': {'pm1': 13209, 'pm10': 13211, 'pm25': 13210}}",1.48,3.72,4.65,3.89,5.56,4.18,777311400,79.0,MOD-00616,17.3,2026-09-10T12:53:09,2026-09-10T05:53:09,https://api.quant-aq.com/v1/devices/MOD-00616/data/777311076
248.04,649.85,"{'lat': None, 'lon': None}","{'rh': 79.3, 'temp': 17.3, 'wd': 0.0, 'ws': 0.0, 'ws_scalar': 0.0}","{'gas': {'co': 18140, 'co2': 13263, 'no': 18141, 'no2': 18142, 'o3': 18143}, 'pm': {'pm1': 13209, 'pm10': 13211, 'pm25': 13210}}",1.47,4.1,4.71,3.28,11.13,3.67,777309131,79.3,MOD-00616,17.3,2026-09-10T12:52:09,2026-09-10T05:52:09,https://api.quant-aq.com/v1/devices/MOD-00616/data/777308806
252.41,648.17,"{'lat': None, 'lon': None}","{'rh': 79.5, 'temp': 17.3, 'wd': 0.0, 'ws': 0.0, 'ws_scalar': 0.0}","{'gas': {'co': 18140, 'co2': 13263, 'no': 18141, 'no2': 18142, 'o3': 18143}, 'pm': {'pm1': 13209, 'pm10': 13211, 'pm25': 13210}}",1.32,3.39,4.52,3.32,7.27,3.63,777309129,79.5,MOD-00616,17.3,2026-09-10T12:51:09,2026-09-10T05:51:09,https://api.quant-aq.com/v1/devices/MOD-00616/data/777308805
253.53,648.41,"{'lat': None, 'lon': None}","{'rh': 79.5, 'temp': 17.2, 'wd': 0.0, 'ws': 0.0, 'ws_scalar': 0.0}","{'gas': {'co': 18140, 'co2': 13263, 'no': 18141, 'no2': 18142, 'o3': 18143}, 'pm': {'pm1': 13209, 'pm10': 13211, 'pm25': 13210}}",1.34,4.26,3.67,2.62,3.8,2.89,777309128,79.5,MOD-00616,17.2,2026-09-10T12:50:09,2026-09-10T05:50:09,https://api.quant-aq.com/v1/devices/MOD-00616/data/777308803
254.14,656.6,"{'lat': None, 'lon': None}","{'rh': 79.8, 'temp': 17.2, 'wd': 0.0, 'ws': 0.0, 'ws_scalar': 0.0}","{'gas': {'co': 18140, 'co2': 13263, 'no': 18141, 'no2': 18142, 'o3': 18143}, 'pm': {'pm1': 13209, 'pm10': 13211, 'pm25': 13210}}",1.53,3.92,1.61,2.04,3.66,2.48,777309127,79.8,MOD-00616,17.2,2026-09-10T12:49:09,2026-09-10T05:49:09,https://api.quant-aq.com/v1/devices/MOD-00616/data/777308802
248.53,653.59,"{'lat': None, 'lon': None}","{'rh': 80.2, 'temp': 17.2, 'wd': 0.0, 'ws': 0.0, 'ws_scalar': 0.0}","{'gas': {'co': 18140, 'co2': 13263, 'no': 18141, 'no2': 18142, 'o3': 18143}, 'pm': {'pm1': 13209, 'pm10': 13211, 'pm25': 13210}}",1.3,4.23,4.08,2.68,6.07,3.2,777306827,80.2,MOD-00616,17.2,2026-09-10T12:48:08,2026-09-10T05:48:08,https://api.quant-aq.com/v1/devices/MOD-00616/data/777306502
252.77,657.08,"{'lat': None, 'lon': None}","{'rh': 80.0, 'temp': 17.2, 'wd': 0.0, 'ws': 0.0, 'ws_scalar': 0.0}","{'gas': {'co': 18140, 'co2': 13263, 'no': 18141, 'no2': 18142, 'o3': 18143}, 'pm': {'pm1': 13209, 'pm10': 13211, 'pm25': 13210}}",1.95,4.24,1.35,3.85,4.32,4.07,777306826,80.0,MOD-00616,17.2,2026-09-10T12:47:08,2026-09-10T05:47:08,https://api.quant-aq.com/v1/devices/MOD-00616/data/777306501
252.08,652.74,"{'lat': None, 'lon': None}","{'rh': 80.4, 'temp': 17.2, 'wd': 0.0, 'ws': 0.0, 'ws_scalar': 0.0}","{'gas': {'co': 18140, 'co2': 13263, 'no': 18141, 'no2': 18142, 'o3': 18143}, 'pm': {'pm1': 13209, 'pm10': 13211, 'pm25': 13210}}",1.29,3.74,3.52,4.37,7.6,4.65,777306825,80.4,MOD-00616,17.2,2026-09-10T12:46:08,2026-09-10T05:46:08,https://api.quant-aq.com/v1/devices/MOD-00616/data/777306499
253.08,658.41,"{'lat': None, 'lon': None}","{'rh': 81.3, 'temp': 17.2, 'wd': 0.0, 'ws': 0.0, 'ws_scalar': 0.0}","{'gas': {'co': 18140, 'co2': 13263, 'no': 18141, 'no2': 18142, 'o3': 18143}, 'pm': {'pm1': 13209, 'pm10': 13211, 'pm25': 13210}}",1.32,3.82,6.98,3.62,10.13,4.0,777306823,81.3,MOD-00616,17.2,2026-09-10T12:45:08,2026-09-10T05:45:08,https://api.quant-aq.com/v1/devices/MOD-00616/data/777306500
248.29,653.71,"{'lat': None, 'lon': None}","{'rh': 81.7, 'temp': 17.2, 'wd': 0.0, 'ws': 0.0, 'ws_scalar': 0.0}","{'gas': {'co': 18140, 'co2': 13263, 'no': 18141, 'no2': 18142, 'o3': 18143}, 'pm': {'pm1': 13209, 'pm10': 13211, 'pm25': 13210}}",1.03,4.61,9.19,4.05,5.4,4.66,777304288,81.7,MOD-00616,17.2,2026-09-10T12:44:08,2026-09-10T05:44:08,https://api.quant-aq.com/v1/devices/MOD-00616/data/777303965
250.82,656.24,"{'lat': None, 'lon': None}","{'rh': 81.6, 'temp': 17.2, 'wd': 0.0, 'ws': 0.0, 'ws_scalar': 0.0}","{'gas': {'co': 18140, 'co2': 13263, 'no': 18141, 'no2': 18142, 'o3': 18143}, 'pm': {'pm1': 13209, 'pm10': 13211, 'pm25': 13210}}",0.97,4.61,8.74,4.55,13.54,5.1,777304287,81.6,MOD-00616,17.2,2026-09-10T12:43:08,2026-09-10T05:43:08,https://api.quant-aq.com/v1/devices/MOD-00616/data/777303962
256.04,654.19,"{'lat': None, 'lon': None}","{'rh': 81.6, 'temp': 17.1, 'wd': 0.0, 'ws': 0.0, 'ws_scalar': 0.0}","{'gas': {'co': 18140, 'co2': 13263, 'no': 18141, 'no2': 18142, 'o3': 18143}, 'pm': {'pm1': 13209, 'pm10': 13211, 'pm25': 13210}}",1.12,3.81,9.7,3.19,12.36,3.53,777304289,81.6,MOD-00616,17.1,2026-09-10T12:42:08,2026-09-10T05:42:08,https://api.quant-aq.com/v1/devices/MOD-00616/data/777303964
249.89,654.91,"{'lat': None, 'lon': None}","{'rh': 81.6, 'temp': 17.1, 'wd': 0.0, 'ws': 0.0, 'ws_scalar': 0.0}","{'gas': {'co': 18140, 'co2': 13263, 'no': 18141, 'no2': 18142, 'o3': 18143}, 'pm': {'pm1': 13209, 'pm10': 13211, 'pm25': 13210}}",0.91,5.45,8.84,3.85,7.51,4.16,777304286,81.6,MOD-00616,17.1,2026-09-10T12:41:08,2026-09-10T05:41:08,https://api.quant-aq.com/v1/devices/MOD-00616/data/777303961
246.27,651.18,"{'lat': None, 'lon': None}","{'rh': 81.5, 'temp': 17.1, 'wd': 0.0, 'ws': 0.0, 'ws_scalar': 0.0}","{'gas': {'co': 18140, 'co2': 13263, 'no': 18141, 'no2': 18142, 'o3': 18143}, 'pm': {'pm1': 13209, 'pm10': 13211, 'pm25': 13210}}",0.99,4.39,8.43,3.99,4.72,4.4,777301951,81.5,MOD-00616,17.1,2026-09-10T12:40:08,2026-09-10T05:40:08,https://api.quant-aq.com/v1/devices/MOD-00616/data/777301626
250.03,656.84,"{'lat': None, 'lon': None}","{'rh': 81.4, 'temp': 17.1, 'wd': 0.0, 'ws': 0.0, 'ws_scalar': 0.0}","{'gas': {'co': 18140, 'co2': 13263, 'no': 18141, 'no2': 18142, 'o3': 18143}, 'pm': {'pm1': 13209, 'pm10': 13211, 'pm25': 13210}}",0.93,4.62,7.86,3.74,5.32,4.12,777301950,81.4,MOD-00616,17.1,2026-09-10T12:39:08,2026-09-10T05:39:08,https://api.quant-aq.com/v1/devices/MOD-00616/data/777301625
244.15,652.5,"{'lat': None, 'lon': None}","{'rh': 81.6, 'temp': 17.1, 'wd': 0.0, 'ws': 0.0, 'ws_scalar': 0.0}","{'gas': {'co': 18140, 'co2': 13263, 'no': 18141, 'no2': 18142, 'o3': 18143}, 'pm': {'pm1': 13209, 'pm10': 13211, 'pm25': 13210}}",1.05,3.99,9.58,3.7,6.5,4.12,777301953,81.6,MOD-00616,17.1,2026-09-10T12:38:08,2026-09-10T05:38:08,https://api.quant-aq.com/v1/devices/MOD-00616/data/777301627
245.79,653.71,"{'lat': None, 'lon': None}","{'rh': 81.6, 'temp': 17.1, 'wd': 0.0, 'ws': 0.0, 'ws_scalar': 0.0}","{'gas': {'co': 18140, 'co2': 13263, 'no': 18141, 'no2': 18142, 'o3': 18143}, 'pm': {'pm1': 13209, 'pm10': 13211, 'pm25': 13210}}",0.99,4.39,8.42,4.24,5.3,4.48,777301952,81.6,MOD-00616,17.1,2026-09-10T12:37:08,2026-09-10T05:37:08,https://api.quant-aq.com/v1/devices/MOD-00616/data/777301628
253.17,656.24,"{'lat': None, 'lon': None}","{'rh': 81.6, 'temp': 17.1, 'wd': 0.0, 'ws': 0.0, 'ws_scalar': 0.0}","{'gas': {'co': 18140, 'co2': 13263, 'no': 18141, 'no2': 18142, 'o3': 18143}, 'pm': {'pm1': 13209, 'pm10': 13211, 'pm25': 13210}}",0.99,4.39,9.79,4.19,7.33,4.5,777299631,81.6,MOD-00616,17.1,2026-09-10T12:36:08,2026-09-10T05:36:08,https://api.quant-aq.com/v1/devices/MOD-00616/data/777299306
252.28,650.94,"{'lat': None, 'lon': None}","{'rh': 81.7, 'temp': 17.1, 'wd': 0.0, 'ws': 0.0, 'ws_scalar': 0.0}","{'gas': {'co': 18140, 'co2': 13263, 'no': 18141, 'no2': 18142, 'o3': 18143}, 'pm': {'pm1': 13209, 'pm10': 13211, 'pm25': 13210}}",0.98,4.87,9.08,4.06,10.57,4.5,777299632,81.7,MOD-00616,17.1,2026-09-10T12:35:08,2026-09-10T05:35:08,https://api.quant-aq.com/v1/devices/MOD-00616/data/777299307
251.12,651.42,"{'lat': None, 'lon': None}","{'rh': 81.6, 'temp': 17.1, 'wd': 0.0, 'ws': 0.0, 'ws_scalar': 0.0}","{'gas': {'co': 18140, 'co2': 13263, 'no': 18141, 'no2': 18142, 'o3': 18143}, 'pm': {'pm1': 13209, 'pm10': 13211, 'pm25': 13210}}",0.92,5.15,8.96,4.05,6.49,4.46,777299629,81.6,MOD-00616,17.1,2026-09-10T12:34:07,2026-09-10T05:34:07,https://api.quant-aq.com/v1/devices/MOD-00616/data/777299304
249.78,653.59,"{'lat': None, 'lon': None}","{'rh': 81.6, 'temp': 17.0, 'wd': 0.0, 'ws': 0.0, 'ws_scalar': 0.0}","{'gas': {'co': 18140, 'co2': 13263, 'no': 18141, 'no2': 18142, 'o3': 18143}, 'pm': {'pm1': 13209, 'pm10': 13211, 'pm25': 13210}}",0.94,4.89,8.19,4.23,16.03,4.6,777299630,81.6,MOD-00616,17.0,2026-09-10T12:33:07,2026-09-10T05:33:07,https://api.quant-aq.com/v1/devices/MOD-00616/data/777299305
243.97,652.26,"{'lat': None, 'lon': None}","{'rh': 81.7, 'temp': 17.0, 'wd': 0.0, 'ws': 0.0, 'ws_scalar': 0.0}","{'gas': {'co': 18140, 'co2': 13263, 'no': 18141, 'no2': 18142, 'o3': 18143}, 'pm': {'pm1': 13209, 'pm10': 13211, 'pm25': 13210}}",0.93,4.63,8.76,3.91,6.08,4.31,777297339,81.7,MOD-00616,17.0,2026-09-10T12:32:07,2026-09-10T05:32:07,https://api.quant-aq.com/v1/devices/MOD-00616/data/777297014
246.7,652.02,"{'lat': None, 'lon': None}","{'rh': 81.9, 'temp': 17.0, 'wd': 0.0, 'ws': 0.0, 'ws_scalar': 0.0}","{'gas': {'co': 18140, 'co2': 13263, 'no': 18141, 'no2': 18142, 'o3': 18143}, 'pm': {'pm1': 13209, 'pm10': 13211, 'pm25': 13210}}",0.93,4.89,9.53,4.18,8.21,4.54,777297338,81.9,MOD-00616,17.0,2026-09-10T12:31:07,2026-09-10T05:31:07,https://api.quant-aq.com/v1/devices/MOD-00616/data/777297013
251.96,653.23,"{'lat': None, 'lon': None}","{'rh': 82.0, 'temp': 17.0, 'wd': 0.0, 'ws': 0.0, 'ws_scalar': 0.0}","{'gas': {'co': 18140, 'co2': 13263, 'no': 18141, 'no2': 18142, 'o3': 18143}, 'pm': {'pm1': 13209, 'pm10': 13211, 'pm25': 13210}}",0.92,4.89,9.98,4.35,7.39,4.67,777297337,82.0,MOD-00616,17.0,2026-09-10T12:30:07,2026-09-10T05:30:07,https://api.quant-aq.com/v1/devices/MOD-00616/data/777297012
245.88,654.55,"{'lat': None, 'lon': None}","{'rh': 81.9, 'temp': 17.0, 'wd': 0.0, 'ws': 0.0, 'ws_scalar': 0.0}","{'gas': {'co': 18140, 'co2': 13263, 'no': 18141, 'no2': 18142, 'o3': 18143}, 'pm': {'pm1': 13209, 'pm10': 13211, 'pm25': 13210}}",0.95,4.89,6.8,4.43,12.32,4.69,777297336,81.9,MOD-00616,17.0,2026-09-10T12:29:07,2026-09-10T05:29:07,https://api.quant-aq.com/v1/devices/MOD-00616/data/777297011
246.7,650.09,"{'lat': None, 'lon': None}","{'rh': 81.9, 'temp': 17.0, 'wd': 0.0, 'ws': 0.0, 'ws_scalar': 0.0}","{'gas': {'co': 18140, 'co2': 13263, 'no': 18141, 'no2': 18142, 'o3': 18143}, 'pm': {'pm1': 13209, 'pm10': 13211, 'pm25': 13210}}",0.92,4.89,6.34,2.74,5.89,3.17,777295034,81.9,MOD-00616,17.0,2026-09-10T12:28:07,2026-09-10T05:28:07,https://api.quant-aq.com/v1/devices/MOD-00616/data/777294710
244.44,653.11,"{'lat': None, 'lon': None}","{'rh': 82.2, 'temp': 17.0, 'wd': 0.0, 'ws': 0.0, 'ws_scalar': 0.0}","{'gas': {'co': 18140, 'co2': 13263, 'no': 18141, 'no2': 18142, 'o3': 18143}, 'pm': {'pm1': 13209, 'pm10': 13211, 'pm25': 13210}}",0.97,3.97,7.27,3.41,6.18,3.98,777295035,82.2,MOD-00616,17.0,2026-09-10T12:27:07,2026-09-10T05:27:07,https://api.quant-aq.com/v1/devices/MOD-00616/data/777294709
247.23,649.73,"{'lat': None, 'lon': None}","{'rh': 82.9, 'temp': 17.0, 'wd': 0.0, 'ws': 0.0, 'ws_scalar': 0.0}","{'gas': {'co': 18140, 'co2': 13263, 'no': 18141, 'no2': 18142, 'o3': 18143}, 'pm': {'pm1': 13209, 'pm10': 13211, 'pm25': 13210}}",0.9,5.51,10.12,4.18,6.42,4.62,777295033,82.9,MOD-00616,17.0,2026-09-10T12:26:07,2026-09-10T05:26:07,https://api.quant-aq.com/v1/devices/MOD-00616/data/777294708
249.1,655.15,"{'lat': None, 'lon': None}","{'rh': 83.0, 'temp': 16.9, 'wd': 0.0, 'ws': 0.0, 'ws_scalar': 0.0}","{'gas': {'co': 18140, 'co2': 13263, 'no': 18141, 'no2': 18142, 'o3': 18143}, 'pm': {'pm1': 13209, 'pm10': 13211, 'pm25': 13210}}",0.93,4.92,13.11,4.8,8.29,5.27,777295032,83.0,MOD-00616,16.9,2026-09-10T12:25:07,2026-09-10T05:25:07,https://api.quant-aq.com/v1/devices/MOD-00616/data/777294707
249.51,650.94,"{'lat': None, 'lon': None}","{'rh': 83.0, 'temp': 16.9, 'wd': 0.0, 'ws': 0.0, 'ws_scalar': 0.0}","{'gas': {'co': 18140, 'co2': 13263, 'no': 18141, 'no2': 18142, 'o3': 18143}, 'pm': {'pm1': 13209, 'pm10': 13211, 'pm25': 13210}}",0.94,5.22,13.44,4.81,8.19,5.32,777292719,83.0,MOD-00616,16.9,2026-09-10T12:24:07,2026-09-10T05:24:07,https://api.quant-aq.com/v1/devices/MOD-00616/data/777292393
251.97,647.44,"{'lat': None, 'lon': None}","{'rh': 83.0, 'temp': 16.9, 'wd': 0.0, 'ws': 0.0, 'ws_scalar': 0.0}","{'gas': {'co': 18140, 'co2': 13263, 'no': 18141, 'no2': 18142, 'o3': 18143}, 'pm': {'pm1': 13209, 'pm10': 13211, 'pm25': 13210}}",0.93,5.88,12.29,4.86,8.87,5.53,777292720,83.0,MOD-00616,16.9,2026-09-10T12:23:07,2026-09-10T05:23:07,https://api.quant-aq.com/v1/devices/MOD-00616/data/777292394
246.78,652.26,"{'lat': None, 'lon': None}","{'rh': 82.8, 'temp': 16.9, 'wd': 0.0, 'ws': 0.0, 'ws_scalar': 0.0}","{'gas': {'co': 18140, 'co2': 13263, 'no': 18141, 'no2': 18142, 'o3': 18143}, 'pm': {'pm1': 13209, 'pm10': 13211, 'pm25': 13210}}",0.94,5.21,13.0,4.73,13.16,5.17,777292718,82.8,MOD-00616,16.9,2026-09-10T12:22:07,2026-09-10T05:22:07,https://api.quant-aq.com/v1/devices/MOD-00616/data/777292395
241.1,646.72,"{'lat': None, 'lon': None}","{'rh': 82.7, 'temp': 16.9, 'wd': 0.0, 'ws': 0.0, 'ws_scalar': 0.0}","{'gas': {'co': 18140, 'co2': 13263, 'no': 18141, 'no2': 18142, 'o3': 18143}, 'pm': {'pm1': 13209, 'pm10': 13211, 'pm25': 13210}}",0.93,5.86,13.22,5.01,8.4,5.65,777292717,82.7,MOD-00616,16.9,2026-09-10T12:21:06,2026-09-10T05:21:06,https://api.quant-aq.com/v1/devices/MOD-00616/data/777292392
249.38,650.34,"{'lat': None, 'lon': None}","{'rh': 82.6, 'temp': 16.9, 'wd': 0.0, 'ws': 0.0, 'ws_scalar': 0.0}","{'gas': {'co': 18140, 'co2': 13263, 'no': 18141, 'no2': 18142, 'o3': 18143}, 'pm': {'pm1': 13209, 'pm10': 13211, 'pm25': 13210}}",0.96,5.52,12.44,4.68,6.82,5.15,777290428,82.6,MOD-00616,16.9,2026-09-10T12:20:06,2026-09-10T05:20:06,https://api.quant-aq.com/v1/devices/MOD-00616/data/777290103
247.67,646.48,"{'lat': None, 'lon': None}","{'rh': 82.7, 'temp': 16.9, 'wd': 0.0, 'ws': 0.0, 'ws_scalar': 0.0}","{'gas': {'co': 18140, 'co2': 13263, 'no': 18141, 'no2': 18142, 'o3': 18143}, 'pm': {'pm1': 13209, 'pm10': 13211, 'pm25': 13210}}",0.94,5.21,14.84,4.29,6.09,4.63,777290431,82.7,MOD-00616,16.9,2026-09-10T12:19:06,2026-09-10T05:19:06,https://api.quant-aq.com/v1/devices/MOD-00616/data/777290106
243.63,652.02,"{'lat': None, 'lon': None}","{'rh': 82.6, 'temp': 16.9, 'wd': 0.0, 'ws': 0.0, 'ws_scalar': 0.0}","{'gas': {'co': 18140, 'co2': 13263, 'no': 18141, 'no2': 18142, 'o3': 18143}, 'pm': {'pm1': 13209, 'pm10': 13211, 'pm25': 13210}}",0.96,6.22,15.84,4.55,15.56,5.19,777290432,82.6,MOD-00616,16.9,2026-09-10T12:18:06,2026-09-10T05:18:06,https://api.quant-aq.com/v1/devices/MOD-00616/data/777290107
244.78,647.32,"{'lat': None, 'lon': None}","{'rh': 82.3, 'temp': 17.0, 'wd': 0.0, 'ws': 0.0, 'ws_scalar': 0.0}","{'gas': {'co': 18140, 'co2': 13263, 'no': 18141, 'no2': 18142, 'o3': 18143}, 'pm': {'pm1': 13209, 'pm10': 13211, 'pm25': 13210}}",0.94,6.18,16.76,4.53,6.22,4.94,777290429,82.3,MOD-00616,17.0,2026-09-10T12:17:06,2026-09-10T05:17:06,https://api.quant-aq.com/v1/devices/MOD-00616/data/777290105
245.54,643.59,"{'lat': None, 'lon': None}","{'rh': 81.8, 'temp': 17.0, 'wd': 0.0, 'ws': 0.0, 'ws_scalar': 0.0}","{'gas': {'co': 18140, 'co2': 13263, 'no': 18141, 'no2': 18142, 'o3': 18143}, 'pm': {'pm1': 13209, 'pm10': 13211, 'pm25': 13210}}",0.95,5.8,15.56,4.47,9.45,5.15,777288120,81.8,MOD-00616,17.0,2026-09-10T12:16:06,2026-09-10T05:16:06,https://api.quant-aq.com/v1/devices/MOD-00616/data/777287795
240.69,648.29,"{'lat': None, 'lon': None}","{'rh': 81.7, 'temp': 17.0, 'wd': 0.0, 'ws': 0.0, 'ws_scalar': 0.0}","{'gas': {'co': 18140, 'co2': 13263, 'no': 18141, 'no2': 18142, 'o3': 18143}, 'pm': {'pm1': 13209, 'pm10': 13211, 'pm25': 13210}}",0.94,5.17,16.72,4.18,5.89,4.44,777288119,81.7,MOD-00616,17.0,2026-09-10T12:15:06,2026-09-10T05:15:06,https://api.quant-aq.com/v1/devices/MOD-00616/data/777287794
248.76,646.84,"{'lat': None, 'lon': None}","{'rh': 81.3, 'temp': 17.0, 'wd': 0.0, 'ws': 0.0, 'ws_scalar': 0.0}","{'gas': {'co': 18140, 'co2': 13263, 'no': 18141, 'no2': 18142, 'o3': 18143}, 'pm': {'pm1': 13209, 'pm10': 13211, 'pm25': 13210}}",0.96,5.78,14.68,3.7,8.41,4.08,777288117,81.3,MOD-00616,17.0,2026-09-10T12:14:06,2026-09-10T05:14:06,https://api.quant-aq.com/v1/devices/MOD-00616/data/777287793
248.15,648.53,"{'lat': None, 'lon': None}","{'rh': 81.0, 'temp': 17.0, 'wd': 0.0, 'ws': 0.0, 'ws_scalar': 0.0}","{'gas': {'co': 18140, 'co2': 13263, 'no': 18141, 'no2': 18142, 'o3': 18143}, 'pm': {'pm1': 13209, 'pm10': 13211, 'pm25': 13210}}",0.96,5.77,14.25,3.18,7.17,3.73,777288118,81.0,MOD-00616,17.0,2026-09-10T12:13:06,2026-09-10T05:13:06,https://api.quant-aq.com/v1/devices/MOD-00616/data/777287792
251.72,647.81,"{'lat': None, 'lon': None}","{'rh': 80.6, 'temp': 17.0, 'wd': 0.0, 'ws': 0.0, 'ws_scalar': 0.0}","{'gas': {'co': 18140, 'co2': 13263, 'no': 18141, 'no2': 18142, 'o3': 18143}, 'pm': {'pm1': 13209, 'pm10': 13211, 'pm25': 13210}}",0.97,6.1,14.15,4.17,6.85,4.61,777285820,80.6,MOD-00616,17.0,2026-09-10T12:12:06,2026-09-10T05:12:06,https://api.quant-aq.com/v1/devices/MOD-00616/data/777285495
250.5,649.37,"{'lat': None, 'lon': None}","{'rh': 80.0, 'temp': 17.0, 'wd': 0.0, 'ws': 0.0, 'ws_scalar': 0.0}","{'gas': {'co': 18140, 'co2': 13263, 'no': 18141, 'no2': 18142, 'o3': 18143}, 'pm': {'pm1': 13209, 'pm10': 13211, 'pm25': 13210}}",0.99,5.16,9.55,3.16,8.11,3.67,777285819,80.0,MOD-00616,17.0,2026-09-10T12:11:06,2026-09-10T05:11:06,https://api.quant-aq.com/v1/devices/MOD-00616/data/777285493
250.57,644.67,"{'lat': None, 'lon': None}","{'rh': 79.9, 'temp': 17.0, 'wd': 0.0, 'ws': 0.0, 'ws_scalar': 0.0}","{'gas': {'co': 18140, 'co2': 13263, 'no': 18141, 'no2': 18142, 'o3': 18143}, 'pm': {'pm1': 13209, 'pm10': 13211, 'pm25': 13210}}",1.22,5.16,8.65,2.83,15.52,3.08,777285821,79.9,MOD-00616,17.0,2026-09-10T12:10:06,2026-09-10T05:10:06,https://api.quant-aq.com/v1/devices/MOD-00616/data/777285496
245.63,647.44,"{'lat': None, 'lon': None}","{'rh': 80.5, 'temp': 17.0, 'wd': 0.0, 'ws': 0.0, 'ws_scalar': 0.0}","{'gas': {'co': 18140, 'co2': 13263, 'no': 18141, 'no2': 18142, 'o3': 18143}, 'pm': {'pm1': 13209, 'pm10': 13211, 'pm25': 13210}}",0.97,5.16,11.34,2.54,3.5,2.77,777285818,80.5,MOD-00616,17.0,2026-09-10T12:09:05,2026-09-10T05:09:05,https://api.quant-aq.com/v1/devices/MOD-00616/data/777285494
245.29,644.19,"{'lat': None, 'lon': None}","{'rh': 80.4, 'temp': 17.0, 'wd': 0.0, 'ws': 0.0, 'ws_scalar': 0.0}","{'gas': {'co': 18140, 'co2': 13263, 'no': 18141, 'no2': 18142, 'o3': 18143}, 'pm': {'pm1': 13209, 'pm10': 13211, 'pm25': 13210}}",0.99,4.43,8.52,2.41,3.48,2.74,777283542,80.4,MOD-00616,17.0,2026-09-10T12:08:05,2026-09-10T05:08:05,https://api.quant-aq.com/v1/devices/MOD-00616/data/777283218
246.38,646.48,"{'lat': None, 'lon': None}","{'rh': 80.6, 'temp': 17.0, 'wd': 0.0, 'ws': 0.0, 'ws_scalar': 0.0}","{'gas': {'co': 18140, 'co2': 13263, 'no': 18141, 'no2': 18142, 'o3': 18143}, 'pm': {'pm1': 13209, 'pm10': 13211, 'pm25': 13210}}",1.25,4.65,8.84,1.95,2.82,2.3,777283541,80.6,MOD-00616,17.0,2026-09-10T12:07:05,2026-09-10T05:07:05,https://api.quant-aq.com/v1/devices/MOD-00616/data/777283215
248.58,646.48,"{'lat': None, 'lon': None}","{'rh': 81.4, 'temp': 16.9, 'wd': 0.0, 'ws': 0.0, 'ws_scalar': 0.0}","{'gas': {'co': 18140, 'co2': 13263, 'no': 18141, 'no2': 18142, 'o3': 18143}, 'pm': {'pm1': 13209, 'pm10': 13211, 'pm25': 13210}}",0.99,5.81,11.95,1.89,2.33,2.22,777283544,81.4,MOD-00616,16.9,2026-09-10T12:06:05,2026-09-10T05:06:05,https://api.quant-aq.com/v1/devices/MOD-00616/data/777283221
242.91,648.05,"{'lat': None, 'lon': None}","{'rh': 81.3, 'temp': 16.9, 'wd': 0.0, 'ws': 0.0, 'ws_scalar': 0.0}","{'gas': {'co': 18140, 'co2': 13263, 'no': 18141, 'no2': 18142, 'o3': 18143}, 'pm': {'pm1': 13209, 'pm10': 13211, 'pm25': 13210}}",1.1,4.91,6.85,3.24,6.59,3.35,777283540,81.3,MOD-00616,16.9,2026-09-10T12:05:05,2026-09-10T05:05:05,https://api.quant-aq.com/v1/devices/MOD-00616/data/777283216
245.57,649.97,"{'lat': None, 'lon': None}","{'rh': 81.6, 'temp': 16.9, 'wd': 0.0, 'ws': 0.0, 'ws_scalar': 0.0}","{'gas': {'co': 18140, 'co2': 13263, 'no': 18141, 'no2': 18142, 'o3': 18143}, 'pm': {'pm1': 13209, 'pm10': 13211, 'pm25': 13210}}",1.09,4.91,15.95,2.95,5.03,3.27,777281215,81.6,MOD-00616,16.9,2026-09-10T12:04:05,2026-09-10T05:04:05,https://api.quant-aq.com/v1/devices/MOD-00616/data/777280890
247.41,644.67,"{'lat': None, 'lon': None}","{'rh': 81.9, 'temp': 16.9, 'wd': 0.0, 'ws': 0.0, 'ws_scalar': 0.0}","{'gas': {'co': 18140, 'co2': 13263, 'no': 18141, 'no2': 18142, 'o3': 18143}, 'pm': {'pm1': 13209, 'pm10': 13211, 'pm25': 13210}}",1.01,8.8,18.8,3.2,59.79,3.69,777281214,81.9,MOD-00616,16.9,2026-09-10T12:03:05,2026-09-10T05:03:05,https://api.quant-aq.com/v1/devices/MOD-00616/data/777280889
252.07,647.44,"{'lat': None, 'lon': None}","{'rh': 81.1, 'temp': 16.9, 'wd': 0.0, 'ws': 0.0, 'ws_scalar': 0.0}","{'gas': {'co': 18140, 'co2': 13263, 'no': 18141, 'no2': 18142, 'o3': 18143}, 'pm': {'pm1': 13209, 'pm10': 13211, 'pm25': 13210}}",1.0,5.8,16.08,2.52,3.63,2.93,777281213,81.1,MOD-00616,16.9,2026-09-10T12:02:05,2026-09-10T05:02:05,https://api.quant-aq.com/v1/devices/MOD-00616/data/777280888
243.53,643.95,"{'lat': None, 'lon': None}","{'rh': 81.0, 'temp': 16.9, 'wd': 0.0, 'ws': 0.0, 'ws_scalar': 0.0}","{'gas': {'co': 18140, 'co2': 13263, 'no': 18141, 'no2': 18142, 'o3': 18143}, 'pm': {'pm1': 13209, 'pm10': 13211, 'pm25': 13210}}",0.99,6.9,15.71,2.77,21.44,3.12,777281212,81.0,MOD-00616,16.9,2026-09-10T12:01:05,2026-09-10T05:01:05,https://api.quant-aq.com/v1/devices/MOD-00616/data/777280887
248.2,641.06,"{'lat': None, 'lon': None}","{'rh': 80.2, 'temp': 16.9, 'wd': 0.0, 'ws': 0.0, 'ws_scalar': 0.0}","{'gas': {'co': 18140, 'co2': 13263, 'no': 18141, 'no2': 18142, 'o3': 18143}, 'pm': {'pm1': 13209, 'pm10': 13211, 'pm25': 13210}}",1.03,5.77,12.49,1.95,4.85,2.35,777278944,80.2,MOD-00616,16.9,2026-09-10T12:00:05,2026-09-10T05:00:05,https://api.quant-aq.com/v1/devices/MOD-00616/data/777278618
243.0,643.83,"{'lat': None, 'lon': None}","{'rh': 80.0, 'temp': 16.9, 'wd': 0.0, 'ws': 0.0, 'ws_scalar': 0.0}","{'gas': {'co': 18140, 'co2': 13263, 'no': 18141, 'no2': 18142, 'o3': 18143}, 'pm': {'pm1': 13209, 'pm10': 13211, 'pm25': 13210}}",1.03,5.77,11.6,2.33,5.23,2.67,777278943,80.0,MOD-00616,16.9,2026-09-10T11:59:05,2026-09-10T04:59:05,https://api.quant-aq.com/v1/devices/MOD-00616/data/777278617
246.23,643.23,"{'lat': None, 'lon': None}","{'rh': 79.5, 'temp': 16.9, 'wd': 0.0, 'ws': 0.0, 'ws_scalar': 0.0}","{'gas': {'co': 18140, 'co2': 13263, 'no': 18141, 'no2': 18142, 'o3': 18143}, 'pm': {'pm1': 13209, 'pm10': 13211, 'pm25': 13210}}",1.02,4.93,7.44,3.71,4.36,3.82,777278942,79.5,MOD-00616,16.9,2026-09-10T11:58:05,2026-09-10T04:58:05,https://api.quant-aq.com/v1/devices/MOD-00616/data/777278619
244.65,642.87,"{'lat': None, 'lon': None}","{'rh': 80.0, 'temp': 16.9, 'wd': 0.0, 'ws': 0.0, 'ws_scalar': 0.0}","{'gas': {'co': 18140, 'co2': 13263, 'no': 18141, 'no2': 18142, 'o3': 18143}, 'pm': {'pm1': 13209, 'pm10': 13211, 'pm25': 13210}}",1.1,4.92,12.88,4.13,5.58,4.4,777278939,80.0,MOD-00616,16.9,2026-09-10T11:57:04,2026-09-10T04:57:04,https://api.quant-aq.com/v1/devices/MOD-00616/data/777278615
249.91,638.77,"{'lat': None, 'lon': None}","{'rh': 80.1, 'temp': 16.9, 'wd': 0.0, 'ws': 0.0, 'ws_scalar': 0.0}","{'gas': {'co': 18140, 'co2': 13263, 'no': 18141, 'no2': 18142, 'o3': 18143}, 'pm': {'pm1': 13209, 'pm10': 13211, 'pm25': 13210}}",1.09,5.18,13.66,4.55,6.77,4.69,777276636,80.1,MOD-00616,16.9,2026-09-10T11:56:04,2026-09-10T04:56:04,https://api.quant-aq.com/v1/devices/MOD-00616/data/777276311
246.4,639.25,"{'lat': None, 'lon': None}","{'rh': 80.0, 'temp': 17.0, 'wd': 0.0, 'ws': 0.0, 'ws_scalar': 0.0}","{'gas': {'co': 18140, 'co2': 13263, 'no': 18141, 'no2': 18142, 'o3': 18143}, 'pm': {'pm1': 13209, 'pm10': 13211, 'pm25': 13210}}",0.98,5.44,13.99,3.88,9.52,4.2,777276635,80.0,MOD-00616,17.0,2026-09-10T11:55:04,2026-09-10T04:55:04,https://api.quant-aq.com/v1/devices/MOD-00616/data/777276310
244.35,641.66,"{'lat': None, 'lon': None}","{'rh': 80.0, 'temp': 17.0, 'wd': 0.0, 'ws': 0.0, 'ws_scalar': 0.0}","{'gas': {'co': 18140, 'co2': 13263, 'no': 18141, 'no2': 18142, 'o3': 18143}, 'pm': {'pm1': 13209, 'pm10': 13211, 'pm25': 13210}}",1.01,5.16,13.66,3.8,9.72,4.01,777276634,80.0,MOD-00616,17.0,2026-09-10T11:54:04,2026-09-10T04:54:04,https://api.quant-aq.com/v1/devices/MOD-00616/data/777276309
246.81,639.98,"{'lat': None, 'lon': None}","{'rh': 80.0, 'temp': 17.0, 'wd': 0.0, 'ws': 0.0, 'ws_scalar': 0.0}","{'gas': {'co': 18140, 'co2': 13263, 'no': 18141, 'no2': 18142, 'o3': 18143}, 'pm': {'pm1': 13209, 'pm10': 13211, 'pm25': 13210}}",0.98,4.9,13.78,4.02,5.59,4.24,777276633,80.0,MOD-00616,17.0,2026-09-10T11:53:04,2026-09-10T04:53:04,https://api.quant-aq.com/v1/devices/MOD-00616/data/777276308
241.33,641.9,"{'lat': None, 'lon': None}","{'rh': 80.2, 'temp': 17.0, 'wd': 0.0, 'ws': 0.0, 'ws_scalar': 0.0}","{'gas': {'co': 18140, 'co2': 13263, 'no': 18141, 'no2': 18142, 'o3': 18143}, 'pm': {'pm1': 13209, 'pm10': 13211, 'pm25': 13210}}",0.98,5.16,17.29,4.27,5.85,4.7,777274345,80.2,MOD-00616,17.0,2026-09-10T11:52:04,2026-09-10T04:52:04,https://api.quant-aq.com/v1/devices/MOD-00616/data/777274020
245.84,638.77,"{'lat': None, 'lon': None}","{'rh': 80.2, 'temp': 17.0, 'wd': 0.0, 'ws': 0.0, 'ws_scalar': 0.0}","{'gas': {'co': 18140, 'co2': 13263, 'no': 18141, 'no2': 18142, 'o3': 18143}, 'pm': {'pm1': 13209, 'pm10': 13211, 'pm25': 13210}}",1.07,5.45,18.08,2.98,6.6,3.49,777274344,80.2,MOD-00616,17.0,2026-09-10T11:51:04,2026-09-10T04:51:04,https://api.quant-aq.com/v1/devices/MOD-00616/data/777274019
243.33,648.65,"{'lat': None, 'lon': None}","{'rh': 79.7, 'temp': 17.0, 'wd': 0.0, 'ws': 0.0, 'ws_scalar': 0.0}","{'gas': {'co': 18140, 'co2': 13263, 'no': 18141, 'no2': 18142, 'o3': 18143}, 'pm': {'pm1': 13209, 'pm10': 13211, 'pm25': 13210}}",1.05,7.6,16.01,3.4,4.23,3.6,777274343,79.7,MOD-00616,17.0,2026-09-10T11:50:04,2026-09-10T04:50:04,https://api.quant-aq.com/v1/devices/MOD-00616/data/777274018
248.07,640.34,"{'lat': None, 'lon': None}","{'rh': 78.2, 'temp': 17.0, 'wd': 0.0, 'ws': 0.0, 'ws_scalar': 0.0}","{'gas': {'co': 18140, 'co2': 13263, 'no': 18141, 'no2': 18142, 'o3': 18143}, 'pm': {'pm1': 13209, 'pm10': 13211, 'pm25': 13210}}",1.03,4.95,7.53,3.47,4.71,3.68,777274342,78.2,MOD-00616,17.0,2026-09-10T11:49:04,2026-09-10T04:49:04,https://api.quant-aq.com/v1/devices/MOD-00616/data/777274017
247.93,638.65,"{'lat': None, 'lon': None}","{'rh': 78.4, 'temp': 17.0, 'wd': 0.0, 'ws': 0.0, 'ws_scalar': 0.0}","{'gas': {'co': 18140, 'co2': 13263, 'no': 18141, 'no2': 18142, 'o3': 18143}, 'pm': {'pm1': 13209, 'pm10': 13211, 'pm25': 13210}}",1.56,3.89,6.88,2.61,4.1,2.97,777272036,78.4,MOD-00616,17.0,2026-09-10T11:48:04,2026-09-10T04:48:04,https://api.quant-aq.com/v1/devices/MOD-00616/data/777271710
247.0,639.13,"{'lat': None, 'lon': None}","{'rh': 79.3, 'temp': 17.1, 'wd': 0.0, 'ws': 0.0, 'ws_scalar': 0.0}","{'gas': {'co': 18140, 'co2': 13263, 'no': 18141, 'no2': 18142, 'o3': 18143}, 'pm': {'pm1': 13209, 'pm10': 13211, 'pm25': 13210}}",1.16,4.68,11.21,3.51,13.63,3.8,777272035,79.3,MOD-00616,17.1,2026-09-10T11:47:04,2026-09-10T04:47:04,https://api.quant-aq.com/v1/devices/MOD-00616/data/777271711
247.61,638.17,"{'lat': None, 'lon': None}","{'rh': 79.6, 'temp': 17.1, 'wd': 0.0, 'ws': 0.0, 'ws_scalar': 0.0}","{'gas': {'co': 18140, 'co2': 13263, 'no': 18141, 'no2': 18142, 'o3': 18143}, 'pm': {'pm1': 13209, 'pm10': 13211, 'pm25': 13210}}",0.97,4.9,13.8,3.83,6.04,4.16,777272034,79.6,MOD-00616,17.1,2026-09-10T11:46:04,2026-09-10T04:46:04,https://api.quant-aq.com/v1/devices/MOD-00616/data/777271709
245.15,639.25,"{'lat': None, 'lon': None}","{'rh': 79.6, 'temp': 17.1, 'wd': 0.0, 'ws': 0.0, 'ws_scalar': 0.0}","{'gas': {'co': 18140, 'co2': 13263, 'no': 18141, 'no2': 18142, 'o3': 18143}, 'pm': {'pm1': 13209, 'pm10': 13211, 'pm25': 13210}}",1.02,5.72,13.88,4.07,6.09,4.41,777272033,79.6,MOD-00616,17.1,2026-09-10T11:45:04,2026-09-10T04:45:04,https://api.quant-aq.com/v1/devices/MOD-00616/data/777271708
247.07,639.86,"{'lat': None, 'lon': None}","{'rh': 79.2, 'temp': 17.1, 'wd': 0.0, 'ws': 0.0, 'ws_scalar': 0.0}","{'gas': {'co': 18140, 'co2': 13263, 'no': 18141, 'no2': 18142, 'o3': 18143}, 'pm': {'pm1': 13209, 'pm10': 13211, 'pm25': 13210}}",1.24,4.11,12.04,2.13,3.69,2.46,777269736,79.2,MOD-00616,17.1,2026-09-10T11:44:04,2026-09-10T04:44:04,https://api.quant-aq.com/v1/devices/MOD-00616/data/777269411
242.19,641.42,"{'lat': None, 'lon': None}","{'rh': 80.3, 'temp': 17.1, 'wd': 0.0, 'ws': 0.0, 'ws_scalar': 0.0}","{'gas': {'co': 18140, 'co2': 13263, 'no': 18141, 'no2': 18142, 'o3': 18143}, 'pm': {'pm1': 13209, 'pm10': 13211, 'pm25': 13210}}",0.95,5.15,18.18,3.55,9.38,4.02,777269735,80.3,MOD-00616,17.1,2026-09-10T11:43:03,2026-09-10T04:43:03,https://api.quant-aq.com/v1/devices/MOD-00616/data/777269410
247.88,639.86,"{'lat': None, 'lon': None}","{'rh': 79.8, 'temp': 17.1, 'wd': 0.0, 'ws': 0.0, 'ws_scalar': 0.0}","{'gas': {'co': 18140, 'co2': 13263, 'no': 18141, 'no2': 18142, 'o3': 18143}, 'pm': {'pm1': 13209, 'pm10': 13211, 'pm25': 13210}}",1.01,7.15,17.02,5.06,12.1,5.4,777269734,79.8,MOD-00616,17.1,2026-09-10T11:42:03,2026-09-10T04:42:03,https://api.quant-aq.com/v1/devices/MOD-00616/data/777269409
253.54,638.77,"{'lat': None, 'lon': None}","{'rh': 78.9, 'temp': 17.2, 'wd': 0.0, 'ws': 0.0, 'ws_scalar': 0.0}","{'gas': {'co': 18140, 'co2': 13263, 'no': 18141, 'no2': 18142, 'o3': 18143}, 'pm': {'pm1': 13209, 'pm10': 13211, 'pm25': 13210}}",0.96,5.42,15.42,4.37,5.28,4.49,777269733,78.9,MOD-00616,17.2,2026-09-10T11:41:03,2026-09-10T04:41:03,https://api.quant-aq.com/v1/devices/MOD-00616/data/777269408
252.04,638.53,"{'lat': None, 'lon': None}","{'rh': 78.7, 'temp': 17.2, 'wd': 0.0, 'ws': 0.0, 'ws_scalar': 0.0}","{'gas': {'co': 18140, 'co2': 13263, 'no': 18141, 'no2': 18142, 'o3': 18143}, 'pm': {'pm1': 13209, 'pm10': 13211, 'pm25': 13210}}",0.98,5.7,14.39,3.54,5.01,4.06,777267424,78.7,MOD-00616,17.2,2026-09-10T11:40:03,2026-09-10T04:40:03,https://api.quant-aq.com/v1/devices/MOD-00616/data/777267098
252.25,639.25,"{'lat': None, 'lon': None}","{'rh': 78.4, 'temp': 17.2, 'wd': 0.0, 'ws': 0.0, 'ws_scalar': 0.0}","{'gas': {'co': 18140, 'co2': 13263, 'no': 18141, 'no2': 18142, 'o3': 18143}, 'pm': {'pm1': 13209, 'pm10': 13211, 'pm25': 13210}}",1.06,4.92,12.51,1.74,4.24,2.08,777267425,78.4,MOD-00616,17.2,2026-09-10T11:39:03,2026-09-10T04:39:03,https://api.quant-aq.com/v1/devices/MOD-00616/data/777267100
254.64,640.1,"{'lat': None, 'lon': None}","{'rh': 78.5, 'temp': 17.2, 'wd': 0.0, 'ws': 0.0, 'ws_scalar': 0.0}","{'gas': {'co': 18140, 'co2': 13263, 'no': 18141, 'no2': 18142, 'o3': 18143}, 'pm': {'pm1': 13209, 'pm10': 13211, 'pm25': 13210}}",0.98,6.33,11.88,2.22,3.82,2.4,777267426,78.5,MOD-00616,17.2,2026-09-10T11:38:03,2026-09-10T04:38:03,https://api.quant-aq.com/v1/devices/MOD-00616/data/777267101
244.12,643.47,"{'lat': None, 'lon': None}","{'rh': 78.3, 'temp': 17.2, 'wd': 0.0, 'ws': 0.0, 'ws_scalar': 0.0}","{'gas': {'co': 18140, 'co2': 13263, 'no': 18141, 'no2': 18142, 'o3': 18143}, 'pm': {'pm1': 13209, 'pm10': 13211, 'pm25': 13210}}",1.26,4.17,5.25,2.69,2.99,2.9,777267423,78.3,MOD-00616,17.2,2026-09-10T11:37:03,2026-09-10T04:37:03,https://api.quant-aq.com/v1/devices/MOD-00616/data/777267099
247.46,640.22,"{'lat': None, 'lon': None}","{'rh': 78.8, 'temp': 17.2, 'wd': 0.0, 'ws': 0.0, 'ws_scalar': 0.0}","{'gas': {'co': 18140, 'co2': 13263, 'no': 18141, 'no2': 18142, 'o3': 18143}, 'pm': {'pm1': 13209, 'pm10': 13211, 'pm25': 13210}}",1.31,4.91,11.56,1.97,4.65,2.16,777265130,78.8,MOD-00616,17.2,2026-09-10T11:36:03,2026-09-10T04:36:03,https://api.quant-aq.com/v1/devices/MOD-00616/data/777264804
251.01,639.98,"{'lat': None, 'lon': None}","{'rh': 79.0, 'temp': 17.2, 'wd': 0.0, 'ws': 0.0, 'ws_scalar': 0.0}","{'gas': {'co': 18140, 'co2': 13263, 'no': 18141, 'no2': 18142, 'o3': 18143}, 'pm': {'pm1': 13209, 'pm10': 13211, 'pm25': 13210}}",0.96,5.42,14.5,3.72,5.44,4.03,777265129,79.0,MOD-00616,17.2,2026-09-10T11:35:03,2026-09-10T04:35:03,https://api.quant-aq.com/v1/devices/MOD-00616/data/777264805
250.06,642.27,"{'lat': None, 'lon': None}","{'rh': 78.6, 'temp': 17.2, 'wd': 0.0, 'ws': 0.0, 'ws_scalar': 0.0}","{'gas': {'co': 18140, 'co2': 13263, 'no': 18141, 'no2': 18142, 'o3': 18143}, 'pm': {'pm1': 13209, 'pm10': 13211, 'pm25': 13210}}",0.99,5.7,12.58,3.09,7.36,3.48,777265128,78.6,MOD-00616,17.2,2026-09-10T11:34:03,2026-09-10T04:34:03,https://api.quant-aq.com/v1/devices/MOD-00616/data/777264803
249.92,638.41,"{'lat': None, 'lon': None}","{'rh': 78.8, 'temp': 17.2, 'wd': 0.0, 'ws': 0.0, 'ws_scalar': 0.0}","{'gas': {'co': 18140, 'co2': 13263, 'no': 18141, 'no2': 18142, 'o3': 18143}, 'pm': {'pm1': 13209, 'pm10': 13211, 'pm25': 13210}}",1.24,4.69,9.41,2.71,4.48,2.92,777265126,78.8,MOD-00616,17.2,2026-09-10T11:33:03,2026-09-10T04:33:03,https://api.quant-aq.com/v1/devices/MOD-00616/data/777264801
245.68,637.69,"{'lat': None, 'lon': None}","{'rh': 79.0, 'temp': 17.2, 'wd': 0.0, 'ws': 0.0, 'ws_scalar': 0.0}","{'gas': {'co': 18140, 'co2': 13263, 'no': 18141, 'no2': 18142, 'o3': 18143}, 'pm': {'pm1': 13209, 'pm10': 13211, 'pm25': 13210}}",1.03,5.42,10.85,2.94,5.95,3.14,777262846,79.0,MOD-00616,17.2,2026-09-10T11:32:03,2026-09-10T04:32:03,https://api.quant-aq.com/v1/devices/MOD-00616/data/777262522
248.55,641.18,"{'lat': None, 'lon': None}","{'rh': 79.0, 'temp': 17.2, 'wd': 0.0, 'ws': 0.0, 'ws_scalar': 0.0}","{'gas': {'co': 18140, 'co2': 13263, 'no': 18141, 'no2': 18142, 'o3': 18143}, 'pm': {'pm1': 13209, 'pm10': 13211, 'pm25': 13210}}",1.16,5.15,10.97,2.49,4.19,2.71,777262850,79.0,MOD-00616,17.2,2026-09-10T11:31:03,2026-09-10T04:31:03,https://api.quant-aq.com/v1/devices/MOD-00616/data/777262525
252.55,638.41,"{'lat': None, 'lon': None}","{'rh': 79.3, 'temp': 17.3, 'wd': 0.0, 'ws': 0.0, 'ws_scalar': 0.0}","{'gas': {'co': 18140, 'co2': 13263, 'no': 18141, 'no2': 18142, 'o3': 18143}, 'pm': {'pm1': 13209, 'pm10': 13211, 'pm25': 13210}}",0.93,4.89,16.53,2.5,4.05,2.79,777262851,79.3,MOD-00616,17.3,2026-09-10T11:30:02,2026-09-10T04:30:02,https://api.quant-aq.com/v1/devices/MOD-00616/data/777262527
248.79,639.5,"{'lat': None, 'lon': None}","{'rh': 79.4, 'temp': 17.3, 'wd': 0.0, 'ws': 0.0, 'ws_scalar': 0.0}","{'gas': {'co': 18140, 'co2': 13263, 'no': 18141, 'no2': 18142, 'o3': 18143}, 'pm': {'pm1': 13209, 'pm10': 13211, 'pm25': 13210}}",0.93,5.69,17.52,1.97,4.67,2.39,777262849,79.4,MOD-00616,17.3,2026-09-10T11:29:02,2026-09-10T04:29:02,https://api.quant-aq.com/v1/devices/MOD-00616/data/777262524
243.67,637.81,"{'lat': None, 'lon': None}","{'rh': 79.1, 'temp': 17.3, 'wd': 0.0, 'ws': 0.0, 'ws_scalar': 0.0}","{'gas': {'co': 18140, 'co2': 13263, 'no': 18141, 'no2': 18142, 'o3': 18143}, 'pm': {'pm1': 13209, 'pm10': 13211, 'pm25': 13210}}",0.96,6.0,16.51,2.77,4.68,3.05,777260567,79.1,MOD-00616,17.3,2026-09-10T11:28:02,2026-09-10T04:28:02,https://api.quant-aq.com/v1/devices/MOD-00616/data/777260243
252.97,640.7,"{'lat': None, 'lon': None}","{'rh': 78.7, 'temp': 17.3, 'wd': 0.0, 'ws': 0.0, 'ws_scalar': 0.0}","{'gas': {'co': 18140, 'co2': 13263, 'no': 18141, 'no2': 18142, 'o3': 18143}, 'pm': {'pm1': 13209, 'pm10': 13211, 'pm25': 13210}}",1.02,5.41,15.42,2.53,4.13,2.68,777260568,78.7,MOD-00616,17.3,2026-09-10T11:27:02,2026-09-10T04:27:02,https://api.quant-aq.com/v1/devices/MOD-00616/data/777260242
254.36,636.6,"{'lat': None, 'lon': None}","{'rh': 77.9, 'temp': 17.3, 'wd': 0.0, 'ws': 0.0, 'ws_scalar': 0.0}","{'gas': {'co': 18140, 'co2': 13263, 'no': 18141, 'no2': 18142, 'o3': 18143}, 'pm': {'pm1': 13209, 'pm10': 13211, 'pm25': 13210}}",0.98,6.31,13.28,2.59,5.63,3.03,777260566,77.9,MOD-00616,17.3,2026-09-10T11:26:02,2026-09-10T04:26:02,https://api.quant-aq.com/v1/devices/MOD-00616/data/777260241
255.39,638.41,"{'lat': None, 'lon': None}","{'rh': 77.6, 'temp': 17.3, 'wd': 0.0, 'ws': 0.0, 'ws_scalar': 0.0}","{'gas': {'co': 18140, 'co2': 13263, 'no': 18141, 'no2': 18142, 'o3': 18143}, 'pm': {'pm1': 13209, 'pm10': 13211, 'pm25': 13210}}",1.08,5.7,12.18,3.27,6.5,3.43,777260564,77.6,MOD-00616,17.3,2026-09-10T11:25:02,2026-09-10T04:25:02,https://api.quant-aq.com/v1/devices/MOD-00616/data/777260238
254.09,637.21,"{'lat': None, 'lon': None}","{'rh': 77.7, 'temp': 17.3, 'wd': 0.0, 'ws': 0.0, 'ws_scalar': 0.0}","{'gas': {'co': 18140, 'co2': 13263, 'no': 18141, 'no2': 18142, 'o3': 18143}, 'pm': {'pm1': 13209, 'pm10': 13211, 'pm25': 13210}}",1.0,4.54,7.77,1.86,3.5,2.1,777258218,77.7,MOD-00616,17.3,2026-09-10T11:24:02,2026-09-10T04:24:02,https://api.quant-aq.com/v1/devices/MOD-00616/data/777257893
254.74,637.93,"{'lat': None, 'lon': None}","{'rh': 78.1, 'temp': 17.4, 'wd': 0.0, 'ws': 0.0, 'ws_scalar': 0.0}","{'gas': {'co': 18140, 'co2': 13263, 'no': 18141, 'no2': 18142, 'o3': 18143}, 'pm': {'pm1': 13209, 'pm10': 13211, 'pm25': 13210}}",1.17,4.33,6.94,2.31,6.89,2.67,777258216,78.1,MOD-00616,17.4,2026-09-10T11:23:02,2026-09-10T04:23:02,https://api.quant-aq.com/v1/devices/MOD-00616/data/777257891
247.62,639.74,"{'lat': None, 'lon': None}","{'rh': 78.3, 'temp': 17.4, 'wd': 0.0, 'ws': 0.0, 'ws_scalar': 0.0}","{'gas': {'co': 18140, 'co2': 13263, 'no': 18141, 'no2': 18142, 'o3': 18143}, 'pm': {'pm1': 13209, 'pm10': 13211, 'pm25': 13210}}",1.16,4.91,8.84,1.82,2.47,2.01,777258215,78.3,MOD-00616,17.4,2026-09-10T11:22:02,2026-09-10T04:22:02,https://api.quant-aq.com/v1/devices/MOD-00616/data/777257889
251.71,640.82,"{'lat': None, 'lon': None}","{'rh': 78.9, 'temp': 17.4, 'wd': 0.0, 'ws': 0.0, 'ws_scalar': 0.0}","{'gas': {'co': 18140, 'co2': 13263, 'no': 18141, 'no2': 18142, 'o3': 18143}, 'pm': {'pm1': 13209, 'pm10': 13211, 'pm25': 13210}}",0.92,5.39,11.74,1.86,5.19,2.14,777258217,78.9,MOD-00616,17.4,2026-09-10T11:21:02,2026-09-10T04:21:02,https://api.quant-aq.com/v1/devices/MOD-00616/data/777257892
253.21,636.85,"{'lat': None, 'lon': None}","{'rh': 79.1, 'temp': 17.4, 'wd': 0.0, 'ws': 0.0, 'ws_scalar': 0.0}","{'gas': {'co': 18140, 'co2': 13263, 'no': 18141, 'no2': 18142, 'o3': 18143}, 'pm': {'pm1': 13209, 'pm10': 13211, 'pm25': 13210}}",0.98,5.13,13.67,2.84,4.92,3.1,777255928,79.1,MOD-00616,17.4,2026-09-10T11:20:02,2026-09-10T04:20:02,https://api.quant-aq.com/v1/devices/MOD-00616/data/777255603
248.7,639.98,"{'lat': None, 'lon': None}","{'rh': 79.1, 'temp': 17.4, 'wd': 0.0, 'ws': 0.0, 'ws_scalar': 0.0}","{'gas': {'co': 18140, 'co2': 13263, 'no': 18141, 'no2': 18142, 'o3': 18143}, 'pm': {'pm1': 13209, 'pm10': 13211, 'pm25': 13210}}",0.92,5.67,11.6,2.91,4.68,3.27,777255929,79.1,MOD-00616,17.4,2026-09-10T11:19:02,2026-09-10T04:19:02,https://api.quant-aq.com/v1/devices/MOD-00616/data/777255605
256.42,635.4,"{'lat': None, 'lon': None}","{'rh': 79.2, 'temp': 17.4, 'wd': 0.0, 'ws': 0.0, 'ws_scalar': 0.0}","{'gas': {'co': 18140, 'co2': 13263, 'no': 18141, 'no2': 18142, 'o3': 18143}, 'pm': {'pm1': 13209, 'pm10': 13211, 'pm25': 13210}}",0.98,4.66,5.7,4.0,4.46,4.17,777255926,79.2,MOD-00616,17.4,2026-09-10T11:18:01,2026-09-10T04:18:01,https://api.quant-aq.com/v1/devices/MOD-00616/data/777255601
249.52,641.42,"{'lat': None, 'lon': None}","{'rh': 79.1, 'temp': 17.4, 'wd': 0.0, 'ws': 0.0, 'ws_scalar': 0.0}","{'gas': {'co': 18140, 'co2': 13263, 'no': 18141, 'no2': 18142, 'o3': 18143}, 'pm': {'pm1': 13209, 'pm10': 13211, 'pm25': 13210}}",1.12,4.46,9.03,3.54,6.98,3.81,777255923,79.1,MOD-00616,17.4,2026-09-10T11:17:01,2026-09-10T04:17:01,https://api.quant-aq.com/v1/devices/MOD-00616/data/777255598
250.71,640.7,"{'lat': None, 'lon': None}","{'rh': 79.9, 'temp': 17.5, 'wd': 0.0, 'ws': 0.0, 'ws_scalar': 0.0}","{'gas': {'co': 18140, 'co2': 13263, 'no': 18141, 'no2': 18142, 'o3': 18143}, 'pm': {'pm1': 13209, 'pm10': 13211, 'pm25': 13210}}",1.06,4.85,12.81,4.5,6.09,4.99,777253607,79.9,MOD-00616,17.5,2026-09-10T11:16:01,2026-09-10T04:16:01,https://api.quant-aq.com/v1/devices/MOD-00616/data/777253282
252.82,641.06,"{'lat': None, 'lon': None}","{'rh': 80.4, 'temp': 17.5, 'wd': 0.0, 'ws': 0.0, 'ws_scalar': 0.0}","{'gas': {'co': 18140, 'co2': 13263, 'no': 18141, 'no2': 18142, 'o3': 18143}, 'pm': {'pm1': 13209, 'pm10': 13211, 'pm25': 13210}}",0.86,5.66,16.06,4.78,18.54,5.26,777253606,80.4,MOD-00616,17.5,2026-09-10T11:15:01,2026-09-10T04:15:01,https://api.quant-aq.com/v1/devices/MOD-00616/data/777253281
249.33,642.02,"{'lat': None, 'lon': None}","{'rh': 80.7, 'temp': 17.5, 'wd': 0.0, 'ws': 0.0, 'ws_scalar': 0.0}","{'gas': {'co': 18140, 'co2': 13263, 'no': 18141, 'no2': 18142, 'o3': 18143}, 'pm': {'pm1': 13209, 'pm10': 13211, 'pm25': 13210}}",0.86,5.99,17.28,4.2,6.01,4.72,777253605,80.7,MOD-00616,17.5,2026-09-10T11:14:01,2026-09-10T04:14:01,https://api.quant-aq.com/v1/devices/MOD-00616/data/777253280
248.1,637.81,"{'lat': None, 'lon': None}","{'rh': 80.7, 'temp': 17.5, 'wd': 0.0, 'ws': 0.0, 'ws_scalar': 0.0}","{'gas': {'co': 18140, 'co2': 13263, 'no': 18141, 'no2': 18142, 'o3': 18143}, 'pm': {'pm1': 13209, 'pm10': 13211, 'pm25': 13210}}",0.86,6.33,18.52,4.82,20.37,5.35,777253603,80.7,MOD-00616,17.5,2026-09-10T11:13:01,2026-09-10T04:13:01,https://api.quant-aq.com/v1/devices/MOD-00616/data/777253279
248.76,638.65,"{'lat': None, 'lon': None}","{'rh': 80.5, 'temp': 17.6, 'wd': 0.0, 'ws': 0.0, 'ws_scalar': 0.0}","{'gas': {'co': 18140, 'co2': 13263, 'no': 18141, 'no2': 18142, 'o3': 18143}, 'pm': {'pm1': 13209, 'pm10': 13211, 'pm25': 13210}}",0.85,6.31,18.53,2.97,4.57,3.51,777251337,80.5,MOD-00616,17.6,2026-09-10T11:12:01,2026-09-10T04:12:01,https://api.quant-aq.com/v1/devices/MOD-00616/data/777251012
255.39,640.94,"{'lat': None, 'lon': None}","{'rh': 80.4, 'temp': 17.6, 'wd': 0.0, 'ws': 0.0, 'ws_scalar': 0.0}","{'gas': {'co': 18140, 'co2': 13263, 'no': 18141, 'no2': 18142, 'o3': 18143}, 'pm': {'pm1': 13209, 'pm10': 13211, 'pm25': 13210}}",0.85,7.44,19.08,2.96,7.46,3.36,777251336,80.4,MOD-00616,17.6,2026-09-10T11:11:01,2026-09-10T04:11:01,https://api.quant-aq.com/v1/devices/MOD-00616/data/777251011
251.77,637.93,"{'lat': None, 'lon': None}","{'rh': 80.3, 'temp': 17.6, 'wd': 0.0, 'ws': 0.0, 'ws_scalar': 0.0}","{'gas': {'co': 18140, 'co2': 13263, 'no': 18141, 'no2': 18142, 'o3': 18143}, 'pm': {'pm1': 13209, 'pm10': 13211, 'pm25': 13210}}",0.87,7.44,20.45,4.24,5.8,4.6,777251335,80.3,MOD-00616,17.6,2026-09-10T11:10:01,2026-09-10T04:10:01,https://api.quant-aq.com/v1/devices/MOD-00616/data/777251010
254.72,637.69,"{'lat': None, 'lon': None}","{'rh': 79.6, 'temp': 17.6, 'wd': 0.0, 'ws': 0.0, 'ws_scalar': 0.0}","{'gas': {'co': 18140, 'co2': 13263, 'no': 18141, 'no2': 18142, 'o3': 18143}, 'pm': {'pm1': 13209, 'pm10': 13211, 'pm25': 13210}}",0.87,6.28,18.59,2.69,4.15,3.04,777251334,79.6,MOD-00616,17.6,2026-09-10T11:09:01,2026-09-10T04:09:01,https://api.quant-aq.com/v1/devices/MOD-00616/data/777251009
253.16,639.25,"{'lat': None, 'lon': None}","{'rh': 78.9, 'temp': 17.6, 'wd': 0.0, 'ws': 0.0, 'ws_scalar': 0.0}","{'gas': {'co': 18140, 'co2': 13263, 'no': 18141, 'no2': 18142, 'o3': 18143}, 'pm': {'pm1': 13209, 'pm10': 13211, 'pm25': 13210}}",0.91,7.35,13.26,3.6,5.32,4.03,777249033,78.9,MOD-00616,17.6,2026-09-10T11:08:01,2026-09-10T04:08:01,https://api.quant-aq.com/v1/devices/MOD-00616/data/777248708
249.6,635.88,"{'lat': None, 'lon': None}","{'rh': 78.3, 'temp': 17.7, 'wd': 0.0, 'ws': 0.0, 'ws_scalar': 0.0}","{'gas': {'co': 18140, 'co2': 13263, 'no': 18141, 'no2': 18142, 'o3': 18143}, 'pm': {'pm1': 13209, 'pm10': 13211, 'pm25': 13210}}",1.31,4.31,9.17,3.48,6.27,3.79,777249034,78.3,MOD-00616,17.7,2026-09-10T11:07:01,2026-09-10T04:07:01,https://api.quant-aq.com/v1/devices/MOD-00616/data/777248710
244.72,638.65,"{'lat': None, 'lon': None}","{'rh': 79.4, 'temp': 17.7, 'wd': 0.0, 'ws': 0.0, 'ws_scalar': 0.0}","{'gas': {'co': 18140, 'co2': 13263, 'no': 18141, 'no2': 18142, 'o3': 18143}, 'pm': {'pm1': 13209, 'pm10': 13211, 'pm25': 13210}}",0.83,5.35,13.95,2.26,4.81,2.44,777249031,79.4,MOD-00616,17.7,2026-09-10T11:06:01,2026-09-10T04:06:01,https://api.quant-aq.com/v1/devices/MOD-00616/data/777248706
251.48,635.4,"{'lat': None, 'lon': None}","{'rh': 79.7, 'temp': 17.7, 'wd': 0.0, 'ws': 0.0, 'ws_scalar': 0.0}","{'gas': {'co': 18140, 'co2': 13263, 'no': 18141, 'no2': 18142, 'o3': 18143}, 'pm': {'pm1': 13209, 'pm10': 13211, 'pm25': 13210}}",0.82,5.08,16.79,5.46,6.65,5.68,777249032,79.7,MOD-00616,17.7,2026-09-10T11:05:00,2026-09-10T04:05:00,https://api.quant-aq.com/v1/devices/MOD-00616/data/777248707
249.88,639.74,"{'lat': None, 'lon': None}","{'rh': 79.8, 'temp': 17.8, 'wd': 0.0, 'ws': 0.0, 'ws_scalar': 0.0}","{'gas': {'co': 18140, 'co2': 13263, 'no': 18141, 'no2': 18142, 'o3': 18143}, 'pm': {'pm1': 13209, 'pm10': 13211, 'pm25': 13210}}",0.8,5.93,17.77,4.8,7.23,5.29,777246710,79.8,MOD-00616,17.8,2026-09-10T11:04:00,2026-09-10T04:04:00,https://api.quant-aq.com/v1/devices/MOD-00616/data/777246385
252.75,637.09,"{'lat': None, 'lon': None}","{'rh': 79.8, 'temp': 17.8, 'wd': 0.0, 'ws': 0.0, 'ws_scalar': 0.0}","{'gas': {'co': 18140, 'co2': 13263, 'no': 18141, 'no2': 18142, 'o3': 18143}, 'pm': {'pm1': 13209, 'pm10': 13211, 'pm25': 13210}}",0.82,6.96,18.31,4.91,9.13,5.42,777246709,79.8,MOD-00616,17.8,2026-09-10T11:03:00,2026-09-10T04:03:00,https://api.quant-aq.com/v1/devices/MOD-00616/data/777246384
252.0,632.15,"{'lat': None, 'lon': None}","{'rh': 79.7, 'temp': 17.8, 'wd': 0.0, 'ws': 0.0, 'ws_scalar': 0.0}","{'gas': {'co': 18140, 'co2': 13263, 'no': 18141, 'no2': 18142, 'o3': 18143}, 'pm': {'pm1': 13209, 'pm10': 13211, 'pm25': 13210}}",0.83,5.62,18.81,3.13,5.0,3.47,777246708,79.7,MOD-00616,17.8,2026-09-10T11:02:00,2026-09-10T04:02:00,https://api.quant-aq.com/v1/devices/MOD-00616/data/777246383
246.94,636.36,"{'lat': None, 'lon': None}","{'rh': 79.9, 'temp': 17.8, 'wd': 0.0, 'ws': 0.0, 'ws_scalar': 0.0}","{'gas': {'co': 18140, 'co2': 13263, 'no': 18141, 'no2': 18142, 'o3': 18143}, 'pm': {'pm1': 13209, 'pm10': 13211, 'pm25': 13210}}",0.83,7.35,19.55,3.93,6.68,4.2,777246707,79.9,MOD-00616,17.8,2026-09-10T11:01:00,2026-09-10T04:01:00,https://api.quant-aq.com/v1/devices/MOD-00616/data/777246382
250.2,634.56,"{'lat': None, 'lon': None}","{'rh': 79.5, 'temp': 17.9, 'wd': 0.0, 'ws': 0.0, 'ws_scalar': 0.0}","{'gas': {'co': 18140, 'co2': 13263, 'no': 18141, 'no2': 18142, 'o3': 18143}, 'pm': {'pm1': 13209, 'pm10': 13211, 'pm25': 13210}}",0.79,6.57,19.81,4.19,4.84,4.53,777244432,79.5,MOD-00616,17.9,2026-09-10T11:00:00,2026-09-10T04:00:00,https://api.quant-aq.com/v1/devices/MOD-00616/data/777244109
247.12,634.32,"{'lat': None, 'lon': None}","{'rh': 79.8, 'temp': 17.9, 'wd': 0.0, 'ws': 0.0, 'ws_scalar': 0.0}","{'gas': {'co': 18140, 'co2': 13263, 'no': 18141, 'no2': 18142, 'o3': 18143}, 'pm': {'pm1': 13209, 'pm10': 13211, 'pm25': 13210}}",0.8,7.32,23.65,4.71,8.82,5.21,777244430,79.8,MOD-00616,17.9,2026-09-10T10:59:00,2026-09-10T03:59:00,https://api.quant-aq.com/v1/devices/MOD-00616/data/777244106
248.09,629.74,"{'lat': None, 'lon': None}","{'rh': 79.0, 'temp': 17.9, 'wd': 0.0, 'ws': 0.0, 'ws_scalar': 0.0}","{'gas': {'co': 18140, 'co2': 13263, 'no': 18141, 'no2': 18142, 'o3': 18143}, 'pm': {'pm1': 13209, 'pm10': 13211, 'pm25': 13210}}",0.81,6.56,22.58,2.98,6.14,3.36,777244429,79.0,MOD-00616,17.9,2026-09-10T10:58:00,2026-09-10T03:58:00,https://api.quant-aq.com/v1/devices/MOD-00616/data/777244104
252.32,630.94,"{'lat': None, 'lon': None}","{'rh': 78.4, 'temp': 18.0, 'wd': 0.0, 'ws': 0.0, 'ws_scalar': 0.0}","{'gas': {'co': 18140, 'co2': 13263, 'no': 18141, 'no2': 18142, 'o3': 18143}, 'pm': {'pm1': 13209, 'pm10': 13211, 'pm25': 13210}}",0.84,8.0,18.47,3.39,4.82,3.75,777244427,78.4,MOD-00616,18.0,2026-09-10T10:57:00,2026-09-10T03:57:00,https://api.quant-aq.com/v1/devices/MOD-00616/data/777244103
254.19,636.12,"{'lat': None, 'lon': None}","{'rh': 76.9, 'temp': 18.0, 'wd': 0.0, 'ws': 0.0, 'ws_scalar': 0.0}","{'gas': {'co': 18140, 'co2': 13263, 'no': 18141, 'no2': 18142, 'o3': 18143}, 'pm': {'pm1': 13209, 'pm10': 13211, 'pm25': 13210}}",0.83,5.4,10.91,3.16,7.18,3.58,777242094,76.9,MOD-00616,18.0,2026-09-10T10:56:00,2026-09-10T03:56:00,https://api.quant-aq.com/v1/devices/MOD-00616/data/777241769
248.16,636.85,"{'lat': None, 'lon': None}","{'rh': 77.9, 'temp': 18.0, 'wd': 0.0, 'ws': 0.0, 'ws_scalar': 0.0}","{'gas': {'co': 18140, 'co2': 13263, 'no': 18141, 'no2': 18142, 'o3': 18143}, 'pm': {'pm1': 13209, 'pm10': 13211, 'pm25': 13210}}",1.2,4.5,14.97,4.93,6.76,5.49,777242093,77.9,MOD-00616,18.0,2026-09-10T10:55:00,2026-09-10T03:55:00,https://api.quant-aq.com/v1/devices/MOD-00616/data/777241770
247.38,634.2,"{'lat': None, 'lon': None}","{'rh': 78.0, 'temp': 18.1, 'wd': 0.0, 'ws': 0.0, 'ws_scalar': 0.0}","{'gas': {'co': 18140, 'co2': 13263, 'no': 18141, 'no2': 18142, 'o3': 18143}, 'pm': {'pm1': 13209, 'pm10': 13211, 'pm25': 13210}}",0.77,5.62,16.16,5.16,6.93,5.52,777242091,78.0,MOD-00616,18.1,2026-09-10T10:54:00,2026-09-10T03:54:00,https://api.quant-aq.com/v1/devices/MOD-00616/data/777241766
247.51,630.82,"{'lat': None, 'lon': None}","{'rh': 78.4, 'temp': 18.1, 'wd': 0.0, 'ws': 0.0, 'ws_scalar': 0.0}","{'gas': {'co': 18140, 'co2': 13263, 'no': 18141, 'no2': 18142, 'o3': 18143}, 'pm': {'pm1': 13209, 'pm10': 13211, 'pm25': 13210}}",0.78,6.52,18.96,4.31,5.3,4.66,777242088,78.4,MOD-00616,18.1,2026-09-10T10:53:00,2026-09-10T03:53:00,https://api.quant-aq.com/v1/devices/MOD-00616/data/777241764
248.71,635.16,"{'lat': None, 'lon': None}","{'rh': 78.6, 'temp': 18.2, 'wd': 0.0, 'ws': 0.0, 'ws_scalar': 0.0}","{'gas': {'co': 18140, 'co2': 13263, 'no': 18141, 'no2': 18142, 'o3': 18143}, 'pm': {'pm1': 13209, 'pm10': 13211, 'pm25': 13210}}",0.75,5.88,20.54,4.98,9.64,5.25,777239796,78.6,MOD-00616,18.2,2026-09-10T10:51:59,2026-09-10T03:51:59,https://api.quant-aq.com/v1/devices/MOD-00616/data/777239474
246.53,633.47,"{'lat': None, 'lon': None}","{'rh': 78.2, 'temp': 18.2, 'wd': 0.0, 'ws': 0.0, 'ws_scalar': 0.0}","{'gas': {'co': 18140, 'co2': 13263, 'no': 18141, 'no2': 18142, 'o3': 18143}, 'pm': {'pm1': 13209, 'pm10': 13211, 'pm25': 13210}}",0.75,5.89,16.92,2.73,7.18,3.15,777239797,78.2,MOD-00616,18.2,2026-09-10T10:50:59,2026-09-10T03:50:59,https://api.quant-aq.com/v1/devices/MOD-00616/data/777239472
241.5,630.58,"{'lat': None, 'lon': None}","{'rh': 78.5, 'temp': 18.3, 'wd': 0.0, 'ws': 0.0, 'ws_scalar': 0.0}","{'gas': {'co': 18140, 'co2': 13263, 'no': 18141, 'no2': 18142, 'o3': 18143}, 'pm': {'pm1': 13209, 'pm10': 13211, 'pm25': 13210}}",0.73,6.49,19.84,3.56,5.18,3.95,777239793,78.5,MOD-00616,18.3,2026-09-10T10:49:59,2026-09-10T03:49:59,https://api.quant-aq.com/v1/devices/MOD-00616/data/777239470
246.5,634.56,"{'lat': None, 'lon': None}","{'rh': 78.4, 'temp': 18.3, 'wd': 0.0, 'ws': 0.0, 'ws_scalar': 0.0}","{'gas': {'co': 18140, 'co2': 13263, 'no': 18141, 'no2': 18142, 'o3': 18143}, 'pm': {'pm1': 13209, 'pm10': 13211, 'pm25': 13210}}",0.71,5.88,22.37,3.59,7.12,4.11,777239790,78.4,MOD-00616,18.3,2026-09-10T10:48:59,2026-09-10T03:48:59,https://api.quant-aq.com/v1/devices/MOD-00616/data/777239465
245.04,638.29,"{'lat': None, 'lon': None}","{'rh': 78.3, 'temp': 18.4, 'wd': 0.0, 'ws': 0.0, 'ws_scalar': 0.0}","{'gas': {'co': 18140, 'co2': 13263, 'no': 18141, 'no2': 18142, 'o3': 18143}, 'pm': {'pm1': 13209, 'pm10': 13211, 'pm25': 13210}}",0.72,6.17,23.61,3.73,7.63,4.11,777237516,78.3,MOD-00616,18.4,2026-09-10T10:47:59,2026-09-10T03:47:59,https://api.quant-aq.com/v1/devices/MOD-00616/data/777237191
244.91,635.16,"{'lat': None, 'lon': None}","{'rh': 77.9, 'temp': 18.4, 'wd': 0.0, 'ws': 0.0, 'ws_scalar': 0.0}","{'gas': {'co': 18140, 'co2': 13263, 'no': 18141, 'no2': 18142, 'o3': 18143}, 'pm': {'pm1': 13209, 'pm10': 13211, 'pm25': 13210}}",0.71,6.17,24.1,4.06,6.85,4.42,777237515,77.9,MOD-00616,18.4,2026-09-10T10:46:59,2026-09-10T03:46:59,https://api.quant-aq.com/v1/devices/MOD-00616/data/777237190
243.32,638.41,"{'lat': None, 'lon': None}","{'rh': 77.4, 'temp': 18.5, 'wd': 0.0, 'ws': 0.0, 'ws_scalar': 0.0}","{'gas': {'co': 18140, 'co2': 13263, 'no': 18141, 'no2': 18142, 'o3': 18143}, 'pm': {'pm1': 13209, 'pm10': 13211, 'pm25': 13210}}",0.69,6.17,21.84,4.8,7.78,5.22,777237514,77.4,MOD-00616,18.5,2026-09-10T10:45:59,2026-09-10T03:45:59,https://api.quant-aq.com/v1/devices/MOD-00616/data/777237189
244.69,628.41,"{'lat': None, 'lon': None}","{'rh': 77.2, 'temp': 18.5, 'wd': 0.0, 'ws': 0.0, 'ws_scalar': 0.0}","{'gas': {'co': 18140, 'co2': 13263, 'no': 18141, 'no2': 18142, 'o3': 18143}, 'pm': {'pm1': 13209, 'pm10': 13211, 'pm25': 13210}}",0.71,5.89,20.16,3.38,4.95,3.78,777237513,77.2,MOD-00616,18.5,2026-09-10T10:44:59,2026-09-10T03:44:59,https://api.quant-aq.com/v1/devices/MOD-00616/data/777237188
241.38,636.0,"{'lat': None, 'lon': None}","{'rh': 77.4, 'temp': 18.6, 'wd': 0.0, 'ws': 0.0, 'ws_scalar': 0.0}","{'gas': {'co': 18140, 'co2': 13263, 'no': 18141, 'no2': 18142, 'o3': 18143}, 'pm': {'pm1': 13209, 'pm10': 13211, 'pm25': 13210}}",0.66,5.61,22.99,4.25,10.76,4.42,777235206,77.4,MOD-00616,18.6,2026-09-10T10:43:59,2026-09-10T03:43:59,https://api.quant-aq.com/v1/devices/MOD-00616/data/777234883
248.29,633.35,"{'lat': None, 'lon': None}","{'rh': 76.9, 'temp': 18.6, 'wd': 0.0, 'ws': 0.0, 'ws_scalar': 0.0}","{'gas': {'co': 18140, 'co2': 13263, 'no': 18141, 'no2': 18142, 'o3': 18143}, 'pm': {'pm1': 13209, 'pm10': 13211, 'pm25': 13210}}",0.68,5.63,22.11,3.74,5.81,4.02,777235204,76.9,MOD-00616,18.6,2026-09-10T10:42:59,2026-09-10T03:42:59,https://api.quant-aq.com/v1/devices/MOD-00616/data/777234881
242.32,627.33,"{'lat': None, 'lon': None}","{'rh': 76.8, 'temp': 18.7, 'wd': 0.0, 'ws': 0.0, 'ws_scalar': 0.0}","{'gas': {'co': 18140, 'co2': 13263, 'no': 18141, 'no2': 18142, 'o3': 18143}, 'pm': {'pm1': 13209, 'pm10': 13211, 'pm25': 13210}}",0.68,6.76,22.07,4.2,10.39,4.88,777235202,76.8,MOD-00616,18.7,2026-09-10T10:41:59,2026-09-10T03:41:59,https://api.quant-aq.com/v1/devices/MOD-00616/data/777234879
235.56,634.44,"{'lat': None, 'lon': None}","{'rh': 76.5, 'temp': 18.7, 'wd': 0.0, 'ws': 0.0, 'ws_scalar': 0.0}","{'gas': {'co': 18140, 'co2': 13263, 'no': 18141, 'no2': 18142, 'o3': 18143}, 'pm': {'pm1': 13209, 'pm10': 13211, 'pm25': 13210}}",1.01,4.97,21.13,3.51,7.88,4.1,777235201,76.5,MOD-00616,18.7,2026-09-10T10:40:59,2026-09-10T03:40:59,https://api.quant-aq.com/v1/devices/MOD-00616/data/777234880
240.73,631.67,"{'lat': None, 'lon': None}","{'rh': 76.3, 'temp': 18.8, 'wd': 0.0, 'ws': 0.0, 'ws_scalar': 0.0}","{'gas': {'co': 18140, 'co2': 13263, 'no': 18141, 'no2': 18142, 'o3': 18143}, 'pm': {'pm1': 13209, 'pm10': 13211, 'pm25': 13210}}",0.66,5.19,21.47,4.19,5.57,4.63,777232866,76.3,MOD-00616,18.8,2026-09-10T10:39:59,2026-09-10T03:39:59,https://api.quant-aq.com/v1/devices/MOD-00616/data/777232543
247.03,632.03,"{'lat': None, 'lon': None}","{'rh': 76.1, 'temp': 18.8, 'wd': 0.0, 'ws': 0.0, 'ws_scalar': 0.0}","{'gas': {'co': 18140, 'co2': 13263, 'no': 18141, 'no2': 18142, 'o3': 18143}, 'pm': {'pm1': 13209, 'pm10': 13211, 'pm25': 13210}}",0.67,6.18,24.18,3.71,8.03,4.18,777232864,76.1,MOD-00616,18.8,2026-09-10T10:38:58,2026-09-10T03:38:58,https://api.quant-aq.com/v1/devices/MOD-00616/data/777232540
236.35,633.47,"{'lat': None, 'lon': None}","{'rh': 75.7, 'temp': 18.9, 'wd': 0.0, 'ws': 0.0, 'ws_scalar': 0.0}","{'gas': {'co': 18140, 'co2': 13263, 'no': 18141, 'no2': 18142, 'o3': 18143}, 'pm': {'pm1': 13209, 'pm10': 13211, 'pm25': 13210}}",0.65,6.18,23.29,3.6,13.86,3.97,777232861,75.7,MOD-00616,18.9,2026-09-10T10:37:58,2026-09-10T03:37:58,https://api.quant-aq.com/v1/devices/MOD-00616/data/777232537
233.76,630.22,"{'lat': None, 'lon': None}","{'rh': 75.3, 'temp': 18.9, 'wd': 0.0, 'ws': 0.0, 'ws_scalar': 0.0}","{'gas': {'co': 18140, 'co2': 13263, 'no': 18141, 'no2': 18142, 'o3': 18143}, 'pm': {'pm1': 13209, 'pm10': 13211, 'pm25': 13210}}",0.76,5.47,21.41,2.94,4.4,3.36,777232863,75.3,MOD-00616,18.9,2026-09-10T10:36:58,2026-09-10T03:36:58,https://api.quant-aq.com/v1/devices/MOD-00616/data/777232541
238.04,632.63,"{'lat': None, 'lon': None}","{'rh': 75.2, 'temp': 19.0, 'wd': 0.0, 'ws': 0.0, 'ws_scalar': 0.0}","{'gas': {'co': 18140, 'co2': 13263, 'no': 18141, 'no2': 18142, 'o3': 18143}, 'pm': {'pm1': 13209, 'pm10': 13211, 'pm25': 13210}}",0.88,5.26,20.61,4.07,6.1,4.55,777230520,75.2,MOD-00616,19.0,2026-09-10T10:35:58,2026-09-10T03:35:58,https://api.quant-aq.com/v1/devices/MOD-00616/data/777230195
239.52,632.03,"{'lat': None, 'lon': None}","{'rh': 75.0, 'temp': 19.1, 'wd': 0.0, 'ws': 0.0, 'ws_scalar': 0.0}","{'gas': {'co': 18140, 'co2': 13263, 'no': 18141, 'no2': 18142, 'o3': 18143}, 'pm': {'pm1': 13209, 'pm10': 13211, 'pm25': 13210}}",0.87,5.09,24.39,3.4,11.14,3.63,777230517,75.0,MOD-00616,19.1,2026-09-10T10:34:58,2026-09-10T03:34:58,https://api.quant-aq.com/v1/devices/MOD-00616/data/777230192
240.07,625.64,"{'lat': None, 'lon': None}","{'rh': 74.8, 'temp': 19.1, 'wd': 0.0, 'ws': 0.0, 'ws_scalar': 0.0}","{'gas': {'co': 18140, 'co2': 13263, 'no': 18141, 'no2': 18142, 'o3': 18143}, 'pm': {'pm1': 13209, 'pm10': 13211, 'pm25': 13210}}",0.68,5.96,27.56,3.86,7.72,4.22,777230518,74.8,MOD-00616,19.1,2026-09-10T10:33:58,2026-09-10T03:33:58,https://api.quant-aq.com/v1/devices/MOD-00616/data/777230194
240.26,628.78,"{'lat': None, 'lon': None}","{'rh': 74.1, 'temp': 19.2, 'wd': 0.0, 'ws': 0.0, 'ws_scalar': 0.0}","{'gas': {'co': 18140, 'co2': 13263, 'no': 18141, 'no2': 18142, 'o3': 18143}, 'pm': {'pm1': 13209, 'pm10': 13211, 'pm25': 13210}}",0.77,6.23,23.37,3.65,6.69,4.01,777230519,74.1,MOD-00616,19.2,2026-09-10T10:32:58,2026-09-10T03:32:58,https://api.quant-aq.com/v1/devices/MOD-00616/data/777230193
235.8,630.58,"{'lat': None, 'lon': None}","{'rh': 73.6, 'temp': 19.3, 'wd': 0.0, 'ws': 0.0, 'ws_scalar': 0.0}","{'gas': {'co': 18140, 'co2': 13263, 'no': 18141, 'no2': 18142, 'o3': 18143}, 'pm': {'pm1': 13209, 'pm10': 13211, 'pm25': 13210}}",0.97,5.03,23.22,3.75,6.61,4.06,777228262,73.6,MOD-00616,19.3,2026-09-10T10:31:58,2026-09-10T03:31:58,https://api.quant-aq.com/v1/devices/MOD-00616/data/777227937
241.14,626.73,"{'lat': None, 'lon': None}","{'rh': 73.6, 'temp': 19.3, 'wd': 0.0, 'ws': 0.0, 'ws_scalar': 0.0}","{'gas': {'co': 18140, 'co2': 13263, 'no': 18141, 'no2': 18142, 'o3': 18143}, 'pm': {'pm1': 13209, 'pm10': 13211, 'pm25': 13210}}",1.11,5.2,24.93,2.88,4.84,3.25,777228257,73.6,MOD-00616,19.3,2026-09-10T10:30:58,2026-09-10T03:30:58,https://api.quant-aq.com/v1/devices/MOD-00616/data/777227933
236.2,627.81,"{'lat': None, 'lon': None}","{'rh': 73.2, 'temp': 19.4, 'wd': 0.0, 'ws': 0.0, 'ws_scalar': 0.0}","{'gas': {'co': 18140, 'co2': 13263, 'no': 18141, 'no2': 18142, 'o3': 18143}, 'pm': {'pm1': 13209, 'pm10': 13211, 'pm25': 13210}}",0.97,5.61,26.07,3.24,4.75,3.65,777228255,73.2,MOD-00616,19.4,2026-09-10T10:29:58,2026-09-10T03:29:58,https://api.quant-aq.com/v1/devices/MOD-00616/data/777227931
228.32,631.31,"{'lat': None, 'lon': None}","{'rh': 72.9, 'temp': 19.5, 'wd': 0.0, 'ws': 0.0, 'ws_scalar': 0.0}","{'gas': {'co': 18140, 'co2': 13263, 'no': 18141, 'no2': 18142, 'o3': 18143}, 'pm': {'pm1': 13209, 'pm10': 13211, 'pm25': 13210}}",0.63,6.28,26.62,3.72,15.73,3.91,777228259,72.9,MOD-00616,19.5,2026-09-10T10:28:58,2026-09-10T03:28:58,https://api.quant-aq.com/v1/devices/MOD-00616/data/777227934
233.87,625.04,"{'lat': None, 'lon': None}","{'rh': 72.0, 'temp': 19.5, 'wd': 0.0, 'ws': 0.0, 'ws_scalar': 0.0}","{'gas': {'co': 18140, 'co2': 13263, 'no': 18141, 'no2': 18142, 'o3': 18143}, 'pm': {'pm1': 13209, 'pm10': 13211, 'pm25': 13210}}",1.08,5.51,19.42,4.45,7.82,4.73,777225961,72.0,MOD-00616,19.5,2026-09-10T10:27:58,2026-09-10T03:27:58,https://api.quant-aq.com/v1/devices/MOD-00616/data/777225636
234.33,626.13,"{'lat': None, 'lon': None}","{'rh': 71.5, 'temp': 19.6, 'wd': 0.0, 'ws': 0.0, 'ws_scalar': 0.0}","{'gas': {'co': 18140, 'co2': 13263, 'no': 18141, 'no2': 18142, 'o3': 18143}, 'pm': {'pm1': 13209, 'pm10': 13211, 'pm25': 13210}}",1.36,4.94,22.22,3.26,7.05,3.49,777225959,71.5,MOD-00616,19.6,2026-09-10T10:26:57,2026-09-10T03:26:57,https://api.quant-aq.com/v1/devices/MOD-00616/data/777225635
233.55,622.75,"{'lat': None, 'lon': None}","{'rh': 71.6, 'temp': 19.7, 'wd': 0.0, 'ws': 0.0, 'ws_scalar': 0.0}","{'gas': {'co': 18140, 'co2': 13263, 'no': 18141, 'no2': 18142, 'o3': 18143}, 'pm': {'pm1': 13209, 'pm10': 13211, 'pm25': 13210}}",1.13,5.55,25.82,3.52,5.27,3.85,777225958,71.6,MOD-00616,19.7,2026-09-10T10:25:57,2026-09-10T03:25:57,https://api.quant-aq.com/v1/devices/MOD-00616/data/777225633
231.1,625.76,"{'lat': None, 'lon': None}","{'rh': 71.0, 'temp': 19.7, 'wd': 0.0, 'ws': 0.0, 'ws_scalar': 0.0}","{'gas': {'co': 18140, 'co2': 13263, 'no': 18141, 'no2': 18142, 'o3': 18143}, 'pm': {'pm1': 13209, 'pm10': 13211, 'pm25': 13210}}",0.89,6.16,25.49,3.01,5.12,3.46,777225960,71.0,MOD-00616,19.7,2026-09-10T10:24:57,2026-09-10T03:24:57,https://api.quant-aq.com/v1/devices/MOD-00616/data/777225634
230.28,621.43,"{'lat': None, 'lon': None}","{'rh': 70.0, 'temp': 19.8, 'wd': 0.0, 'ws': 0.0, 'ws_scalar': 0.0}","{'gas': {'co': 18140, 'co2': 13263, 'no': 18141, 'no2': 18142, 'o3': 18143}, 'pm': {'pm1': 13209, 'pm10': 13211, 'pm25': 13210}}",1.46,4.85,20.73,2.91,5.38,3.17,777223644,70.0,MOD-00616,19.8,2026-09-10T10:23:57,2026-09-10T03:23:57,https://api.quant-aq.com/v1/devices/MOD-00616/data/777223319
229.78,626.49,"{'lat': None, 'lon': None}","{'rh': 69.7, 'temp': 19.9, 'wd': 0.0, 'ws': 0.0, 'ws_scalar': 0.0}","{'gas': {'co': 18140, 'co2': 13263, 'no': 18141, 'no2': 18142, 'o3': 18143}, 'pm': {'pm1': 13209, 'pm10': 13211, 'pm25': 13210}}",1.39,5.0,21.53,2.76,6.51,3.11,777223643,69.7,MOD-00616,19.9,2026-09-10T10:22:57,2026-09-10T03:22:57,https://api.quant-aq.com/v1/devices/MOD-00616/data/777223318
228.69,622.39,"{'lat': None, 'lon': None}","{'rh': 69.5, 'temp': 19.9, 'wd': 0.0, 'ws': 0.0, 'ws_scalar': 0.0}","{'gas': {'co': 18140, 'co2': 13263, 'no': 18141, 'no2': 18142, 'o3': 18143}, 'pm': {'pm1': 13209, 'pm10': 13211, 'pm25': 13210}}",1.6,4.9,22.58,3.06,5.54,3.33,777223641,69.5,MOD-00616,19.9,2026-09-10T10:21:57,2026-09-10T03:21:57,https://api.quant-aq.com/v1/devices/MOD-00616/data/777223317
228.05,627.69,"{'lat': None, 'lon': None}","{'rh': 69.4, 'temp': 20.0, 'wd': 0.0, 'ws': 0.0, 'ws_scalar': 0.0}","{'gas': {'co': 18140, 'co2': 13263, 'no': 18141, 'no2': 18142, 'o3': 18143}, 'pm': {'pm1': 13209, 'pm10': 13211, 'pm25': 13210}}",1.32,5.3,24.94,3.89,5.39,4.31,777223642,69.4,MOD-00616,20.0,2026-09-10T10:20:57,2026-09-10T03:20:57,https://api.quant-aq.com/v1/devices/MOD-00616/data/777223316
222.64,618.66,"{'lat': None, 'lon': None}","{'rh': 68.5, 'temp': 20.1, 'wd': 0.0, 'ws': 0.0, 'ws_scalar': 0.0}","{'gas': {'co': 18140, 'co2': 13263, 'no': 18141, 'no2': 18142, 'o3': 18143}, 'pm': {'pm1': 13209, 'pm10': 13211, 'pm25': 13210}}",1.41,5.13,22.05,2.38,3.09,2.58,777221353,68.5,MOD-00616,20.1,2026-09-10T10:19:57,2026-09-10T03:19:57,https://api.quant-aq.com/v1/devices/MOD-00616/data/777221029
229.97,622.99,"{'lat': None, 'lon': None}","{'rh': 68.0, 'temp': 20.1, 'wd': 0.0, 'ws': 0.0, 'ws_scalar': 0.0}","{'gas': {'co': 18140, 'co2': 13263, 'no': 18141, 'no2': 18142, 'o3': 18143}, 'pm': {'pm1': 13209, 'pm10': 13211, 'pm25': 13210}}",1.57,4.85,18.36,3.07,6.43,3.28,777221352,68.0,MOD-00616,20.1,2026-09-10T10:18:57,2026-09-10T03:18:57,https://api.quant-aq.com/v1/devices/MOD-00616/data/777221026
226.53,617.94,"{'lat': None, 'lon': None}","{'rh': 67.8, 'temp': 20.2, 'wd': 0.0, 'ws': 0.0, 'ws_scalar': 0.0}","{'gas': {'co': 18140, 'co2': 13263, 'no': 18141, 'no2': 18142, 'o3': 18143}, 'pm': {'pm1': 13209, 'pm10': 13211, 'pm25': 13210}}",2.04,4.62,20.55,3.99,6.39,4.37,777221351,67.8,MOD-00616,20.2,2026-09-10T10:17:57,2026-09-10T03:17:57,https://api.quant-aq.com/v1/devices/MOD-00616/data/777221027
226.69,626.37,"{'lat': None, 'lon': None}","{'rh': 68.3, 'temp': 20.3, 'wd': 0.0, 'ws': 0.0, 'ws_scalar': 0.0}","{'gas': {'co': 18140, 'co2': 13263, 'no': 18141, 'no2': 18142, 'o3': 18143}, 'pm': {'pm1': 13209, 'pm10': 13211, 'pm25': 13210}}",1.59,5.42,24.53,3.79,7.43,4.01,777221350,68.3,MOD-00616,20.3,2026-09-10T10:16:57,2026-09-10T03:16:57,https://api.quant-aq.com/v1/devices/MOD-00616/data/777221025
222.45,622.15,"{'lat': None, 'lon': None}","{'rh': 67.5, 'temp': 20.4, 'wd': 0.0, 'ws': 0.0, 'ws_scalar': 0.0}","{'gas': {'co': 18140, 'co2': 13263, 'no': 18141, 'no2': 18142, 'o3': 18143}, 'pm': {'pm1': 13209, 'pm10': 13211, 'pm25': 13210}}",1.54,5.25,26.2,2.7,3.9,2.94,777219034,67.5,MOD-00616,20.4,2026-09-10T10:15:56,2026-09-10T03:15:56,https://api.quant-aq.com/v1/devices/MOD-00616/data/777218709
220.32,620.34,"{'lat': None, 'lon': None}","{'rh': 66.6, 'temp': 20.5, 'wd': 0.0, 'ws': 0.0, 'ws_scalar': 0.0}","{'gas': {'co': 18140, 'co2': 13263, 'no': 18141, 'no2': 18142, 'o3': 18143}, 'pm': {'pm1': 13209, 'pm10': 13211, 'pm25': 13210}}",1.77,5.22,20.9,3.88,4.83,4.06,777219033,66.6,MOD-00616,20.5,2026-09-10T10:14:56,2026-09-10T03:14:56,https://api.quant-aq.com/v1/devices/MOD-00616/data/777218708
225.71,617.57,"{'lat': None, 'lon': None}","{'rh': 67.1, 'temp': 20.5, 'wd': 0.0, 'ws': 0.0, 'ws_scalar': 0.0}","{'gas': {'co': 18140, 'co2': 13263, 'no': 18141, 'no2': 18142, 'o3': 18143}, 'pm': {'pm1': 13209, 'pm10': 13211, 'pm25': 13210}}",2.02,4.81,25.92,4.68,5.47,5.06,777219032,67.1,MOD-00616,20.5,2026-09-10T10:13:56,2026-09-10T03:13:56,https://api.quant-aq.com/v1/devices/MOD-00616/data/777218707
225.48,617.82,"{'lat': None, 'lon': None}","{'rh': 67.0, 'temp': 20.6, 'wd': 0.0, 'ws': 0.0, 'ws_scalar': 0.0}","{'gas': {'co': 18140, 'co2': 13263, 'no': 18141, 'no2': 18142, 'o3': 18143}, 'pm': {'pm1': 13209, 'pm10': 13211, 'pm25': 13210}}",1.33,5.68,31.77,5.44,8.37,5.65,777219031,67.0,MOD-00616,20.6,2026-09-10T10:12:56,2026-09-10T03:12:56,https://api.quant-aq.com/v1/devices/MOD-00616/data/777218706
227.89,615.77,"{'lat': None, 'lon': None}","{'rh': 64.9, 'temp': 20.7, 'wd': 0.0, 'ws': 0.0, 'ws_scalar': 0.0}","{'gas': {'co': 18140, 'co2': 13263, 'no': 18141, 'no2': 18142, 'o3': 18143}, 'pm': {'pm1': 13209, 'pm10': 13211, 'pm25': 13210}}",2.28,5.25,23.41,4.51,7.41,4.89,777216761,64.9,MOD-00616,20.7,2026-09-10T10:11:56,2026-09-10T03:11:56,https://api.quant-aq.com/v1/devices/MOD-00616/data/777216438
225.44,614.08,"{'lat': None, 'lon': None}","{'rh': 64.3, 'temp': 20.7, 'wd': 0.0, 'ws': 0.0, 'ws_scalar': 0.0}","{'gas': {'co': 18140, 'co2': 13263, 'no': 18141, 'no2': 18142, 'o3': 18143}, 'pm': {'pm1': 13209, 'pm10': 13211, 'pm25': 13210}}",1.01,6.72,20.73,5.32,18.38,5.63,777216760,64.3,MOD-00616,20.7,2026-09-10T10:10:56,2026-09-10T03:10:56,https://api.quant-aq.com/v1/devices/MOD-00616/data/777216434
231.65,605.53,"{'lat': None, 'lon': None}","{'rh': 61.3, 'temp': 20.7, 'wd': 0.0, 'ws': 0.0, 'ws_scalar': 0.0}","{'gas': {'co': 18140, 'co2': 13263, 'no': 18141, 'no2': 18142, 'o3': 18143}, 'pm': {'pm1': 13209, 'pm10': 13211, 'pm25': 13210}}",2.42,4.63,3.35,4.78,7.23,5.08,777216759,61.3,MOD-00616,20.7,2026-09-10T10:09:56,2026-09-10T03:09:56,https://api.quant-aq.com/v1/devices/MOD-00616/data/777216435
217.8,620.83,"{'lat': None, 'lon': None}","{'rh': 65.4, 'temp': 20.8, 'wd': 0.0, 'ws': 0.0, 'ws_scalar': 0.0}","{'gas': {'co': 18140, 'co2': 13263, 'no': 18141, 'no2': 18142, 'o3': 18143}, 'pm': {'pm1': 13209, 'pm10': 13211, 'pm25': 13210}}",4.09,4.15,32.17,5.84,12.05,6.25,777216758,65.4,MOD-00616,20.8,2026-09-10T10:08:56,2026-09-10T03:08:56,https://api.quant-aq.com/v1/devices/MOD-00616/data/777216433
226.19,614.8,"{'lat': None, 'lon': None}","{'rh': 66.3, 'temp': 20.8, 'wd': 0.0, 'ws': 0.0, 'ws_scalar': 0.0}","{'gas': {'co': 18140, 'co2': 13263, 'no': 18141, 'no2': 18142, 'o3': 18143}, 'pm': {'pm1': 13209, 'pm10': 13211, 'pm25': 13210}}",0.51,8.58,47.16,6.01,8.59,6.3,777214446,66.3,MOD-00616,20.8,2026-09-10T10:07:56,2026-09-10T03:07:56,https://api.quant-aq.com/v1/devices/MOD-00616/data/777214122
228.36,606.85,"{'lat': None, 'lon': None}","{'rh': 62.8, 'temp': 20.9, 'wd': 0.0, 'ws': 0.0, 'ws_scalar': 0.0}","{'gas': {'co': 18140, 'co2': 13263, 'no': 18141, 'no2': 18142, 'o3': 18143}, 'pm': {'pm1': 13209, 'pm10': 13211, 'pm25': 13210}}",0.49,8.88,36.34,5.2,18.11,5.69,777214443,62.8,MOD-00616,20.9,2026-09-10T10:06:56,2026-09-10T03:06:56,https://api.quant-aq.com/v1/devices/MOD-00616/data/777214118
235.03,598.91,"{'lat': None, 'lon': None}","{'rh': 57.4, 'temp': 20.9, 'wd': 0.0, 'ws': 0.0, 'ws_scalar': 0.0}","{'gas': {'co': 18140, 'co2': 13263, 'no': 18141, 'no2': 18142, 'o3': 18143}, 'pm': {'pm1': 13209, 'pm10': 13211, 'pm25': 13210}}",2.55,5.09,8.47,3.97,4.93,4.19,777214445,57.4,MOD-00616,20.9,2026-09-10T10:05:56,2026-09-10T03:05:56,https://api.quant-aq.com/v1/devices/MOD-00616/data/777214121
232.98,599.27,"{'lat': None, 'lon': None}","{'rh': 57.4, 'temp': 20.9, 'wd': 0.0, 'ws': 0.0, 'ws_scalar': 0.0}","{'gas': {'co': 18140, 'co2': 13263, 'no': 18141, 'no2': 18142, 'o3': 18143}, 'pm': {'pm1': 13209, 'pm10': 13211, 'pm25': 13210}}",2.79,4.73,7.26,3.17,4.48,3.41,777214444,57.4,MOD-00616,20.9,2026-09-10T10:04:56,2026-09-10T03:04:56,https://api.quant-aq.com/v1/devices/MOD-00616/data/777214119
232.43,600.47,"{'lat': None, 'lon': None}","{'rh': 57.6, 'temp': 20.9, 'wd': 0.0, 'ws': 0.0, 'ws_scalar': 0.0}","{'gas': {'co': 18140, 'co2': 13263, 'no': 18141, 'no2': 18142, 'o3': 18143}, 'pm': {'pm1': 13209, 'pm10': 13211, 'pm25': 13210}}",2.79,4.73,5.88,3.02,10.39,3.39,777212152,57.6,MOD-00616,20.9,2026-09-10T10:03:56,2026-09-10T03:03:56,https://api.quant-aq.com/v1/devices/MOD-00616/data/777211828
227.44,602.64,"{'lat': None, 'lon': None}","{'rh': 57.7, 'temp': 20.9, 'wd': 0.0, 'ws': 0.0, 'ws_scalar': 0.0}","{'gas': {'co': 18140, 'co2': 13263, 'no': 18141, 'no2': 18142, 'o3': 18143}, 'pm': {'pm1': 13209, 'pm10': 13211, 'pm25': 13210}}",2.74,4.67,4.63,2.9,4.76,3.12,777212153,57.7,MOD-00616,20.9,2026-09-10T10:02:55,2026-09-10T03:02:55,https://api.quant-aq.com/v1/devices/MOD-00616/data/777211829
238.44,605.53,"{'lat': None, 'lon': None}","{'rh': 57.8, 'temp': 20.9, 'wd': 0.0, 'ws': 0.0, 'ws_scalar': 0.0}","{'gas': {'co': 18140, 'co2': 13263, 'no': 18141, 'no2': 18142, 'o3': 18143}, 'pm': {'pm1': 13209, 'pm10': 13211, 'pm25': 13210}}",2.92,4.55,-1.52,3.4,4.67,3.63,777212150,57.8,MOD-00616,20.9,2026-09-10T10:01:55,2026-09-10T03:01:55,https://api.quant-aq.com/v1/devices/MOD-00616/data/777211827
232.15,606.25,"{'lat': None, 'lon': None}","{'rh': 58.0, 'temp': 20.9, 'wd': 0.0, 'ws': 0.0, 'ws_scalar': 0.0}","{'gas': {'co': 18140, 'co2': 13263, 'no': 18141, 'no2': 18142, 'o3': 18143}, 'pm': {'pm1': 13209, 'pm10': 13211, 'pm25': 13210}}",2.92,4.38,-3.9,4.9,5.29,5.11,777212149,58.0,MOD-00616,20.9,2026-09-10T10:00:55,2026-09-10T03:00:55,https://api.quant-aq.com/v1/devices/MOD-00616/data/777211825
233.01,605.41,"{'lat': None, 'lon': None}","{'rh': 59.1, 'temp': 20.9, 'wd': 0.0, 'ws': 0.0, 'ws_scalar': 0.0}","{'gas': {'co': 18140, 'co2': 13263, 'no': 18141, 'no2': 18142, 'o3': 18143}, 'pm': {'pm1': 13209, 'pm10': 13211, 'pm25': 13210}}",3.0,4.36,-8.09,4.26,7.02,4.33,777209877,59.1,MOD-00616,20.9,2026-09-10T09:59:55,2026-09-10T02:59:55,https://api.quant-aq.com/v1/devices/MOD-00616/data/777209551
226.17,606.13,"{'lat': None, 'lon': None}","{'rh': 61.4, 'temp': 21.0, 'wd': 0.0, 'ws': 0.0, 'ws_scalar': 0.0}","{'gas': {'co': 18140, 'co2': 13263, 'no': 18141, 'no2': 18142, 'o3': 18143}, 'pm': {'pm1': 13209, 'pm10': 13211, 'pm25': 13210}}",3.97,3.87,-4.64,3.75,5.42,4.13,777209875,61.4,MOD-00616,21.0,2026-09-10T09:58:55,2026-09-10T02:58:55,https://api.quant-aq.com/v1/devices/MOD-00616/data/777209550
218.45,615.89,"{'lat': None, 'lon': None}","{'rh': 64.8, 'temp': 21.0, 'wd': 0.0, 'ws': 0.0, 'ws_scalar': 0.0}","{'gas': {'co': 18140, 'co2': 13263, 'no': 18141, 'no2': 18142, 'o3': 18143}, 'pm': {'pm1': 13209, 'pm10': 13211, 'pm25': 13210}}",2.72,4.35,14.95,3.69,5.29,3.95,777209874,64.8,MOD-00616,21.0,2026-09-10T09:57:55,2026-09-10T02:57:55,https://api.quant-aq.com/v1/devices/MOD-00616/data/777209549
217.66,620.71,"{'lat': None, 'lon': None}","{'rh': 65.5, 'temp': 21.1, 'wd': 0.0, 'ws': 0.0, 'ws_scalar': 0.0}","{'gas': {'co': 18140, 'co2': 13263, 'no': 18141, 'no2': 18142, 'o3': 18143}, 'pm': {'pm1': 13209, 'pm10': 13211, 'pm25': 13210}}",2.25,5.02,24.14,2.61,3.9,2.82,777209876,65.5,MOD-00616,21.1,2026-09-10T09:56:55,2026-09-10T02:56:55,https://api.quant-aq.com/v1/devices/MOD-00616/data/777209552
226.22,609.75,"{'lat': None, 'lon': None}","{'rh': 64.4, 'temp': 21.1, 'wd': 0.0, 'ws': 0.0, 'ws_scalar': 0.0}","{'gas': {'co': 18140, 'co2': 13263, 'no': 18141, 'no2': 18142, 'o3': 18143}, 'pm': {'pm1': 13209, 'pm10': 13211, 'pm25': 13210}}",1.28,5.76,20.63,4.13,6.31,4.36,777207539,64.4,MOD-00616,21.1,2026-09-10T09:55:55,2026-09-10T02:55:55,https://api.quant-aq.com/v1/devices/MOD-00616/data/777207215
224.34,613.36,"{'lat': None, 'lon': None}","{'rh': 64.9, 'temp': 21.2, 'wd': 0.0, 'ws': 0.0, 'ws_scalar': 0.0}","{'gas': {'co': 18140, 'co2': 13263, 'no': 18141, 'no2': 18142, 'o3': 18143}, 'pm': {'pm1': 13209, 'pm10': 13211, 'pm25': 13210}}",2.7,4.98,29.32,5.48,7.4,5.77,777207538,64.9,MOD-00616,21.2,2026-09-10T09:54:55,2026-09-10T02:54:55,https://api.quant-aq.com/v1/devices/MOD-00616/data/777207213
216.16,613.48,"{'lat': None, 'lon': None}","{'rh': 63.7, 'temp': 21.2, 'wd': 0.0, 'ws': 0.0, 'ws_scalar': 0.0}","{'gas': {'co': 18140, 'co2': 13263, 'no': 18141, 'no2': 18142, 'o3': 18143}, 'pm': {'pm1': 13209, 'pm10': 13211, 'pm25': 13210}}",1.49,6.16,37.63,2.92,5.48,3.32,777207541,63.7,MOD-00616,21.2,2026-09-10T09:53:55,2026-09-10T02:53:55,https://api.quant-aq.com/v1/devices/MOD-00616/data/777207218
226.22,605.77,"{'lat': None, 'lon': None}","{'rh': 61.8, 'temp': 21.3, 'wd': 0.0, 'ws': 0.0, 'ws_scalar': 0.0}","{'gas': {'co': 18140, 'co2': 13263, 'no': 18141, 'no2': 18142, 'o3': 18143}, 'pm': {'pm1': 13209, 'pm10': 13211, 'pm25': 13210}}",0.88,7.81,30.6,4.09,7.38,4.55,777207537,61.8,MOD-00616,21.3,2026-09-10T09:52:55,2026-09-10T02:52:55,https://api.quant-aq.com/v1/devices/MOD-00616/data/777207212
232.83,600.71,"{'lat': None, 'lon': None}","{'rh': 59.4, 'temp': 21.3, 'wd': 0.0, 'ws': 0.0, 'ws_scalar': 0.0}","{'gas': {'co': 18140, 'co2': 13263, 'no': 18141, 'no2': 18142, 'o3': 18143}, 'pm': {'pm1': 13209, 'pm10': 13211, 'pm25': 13210}}",1.96,5.65,20.31,4.41,5.77,4.81,777205269,59.4,MOD-00616,21.3,2026-09-10T09:51:55,2026-09-10T02:51:55,https://api.quant-aq.com/v1/devices/MOD-00616/data/777204944
225.97,599.39,"{'lat': None, 'lon': None}","{'rh': 57.5, 'temp': 21.3, 'wd': 0.0, 'ws': 0.0, 'ws_scalar': 0.0}","{'gas': {'co': 18140, 'co2': 13263, 'no': 18141, 'no2': 18142, 'o3': 18143}, 'pm': {'pm1': 13209, 'pm10': 13211, 'pm25': 13210}}",2.57,4.85,10.28,4.87,5.38,5.07,777205268,57.5,MOD-00616,21.3,2026-09-10T09:50:55,2026-09-10T02:50:55,https://api.quant-aq.com/v1/devices/MOD-00616/data/777204943
233.93,597.58,"{'lat': None, 'lon': None}","{'rh': 57.1, 'temp': 21.2, 'wd': 0.0, 'ws': 0.0, 'ws_scalar': 0.0}","{'gas': {'co': 18140, 'co2': 13263, 'no': 18141, 'no2': 18142, 'o3': 18143}, 'pm': {'pm1': 13209, 'pm10': 13211, 'pm25': 13210}}",2.72,4.78,7.25,3.71,4.42,4.04,777205267,57.1,MOD-00616,21.2,2026-09-10T09:49:54,2026-09-10T02:49:54,https://api.quant-aq.com/v1/devices/MOD-00616/data/777204942
231.88,595.77,"{'lat': None, 'lon': None}","{'rh': 57.1, 'temp': 21.2, 'wd': 0.0, 'ws': 0.0, 'ws_scalar': 0.0}","{'gas': {'co': 18140, 'co2': 13263, 'no': 18141, 'no2': 18142, 'o3': 18143}, 'pm': {'pm1': 13209, 'pm10': 13211, 'pm25': 13210}}",2.72,4.72,7.37,2.68,5.45,2.79,777205266,57.1,MOD-00616,21.2,2026-09-10T09:48:54,2026-09-10T02:48:54,https://api.quant-aq.com/v1/devices/MOD-00616/data/777204940
230.51,595.89,"{'lat': None, 'lon': None}","{'rh': 57.3, 'temp': 21.2, 'wd': 0.0, 'ws': 0.0, 'ws_scalar': 0.0}","{'gas': {'co': 18140, 'co2': 13263, 'no': 18141, 'no2': 18142, 'o3': 18143}, 'pm': {'pm1': 13209, 'pm10': 13211, 'pm25': 13210}}",2.61,4.84,6.2,2.61,3.48,2.84,777202975,57.3,MOD-00616,21.2,2026-09-10T09:47:54,2026-09-10T02:47:54,https://api.quant-aq.com/v1/devices/MOD-00616/data/777202650
228.87,595.41,"{'lat': None, 'lon': None}","{'rh': 57.3, 'temp': 21.2, 'wd': 0.0, 'ws': 0.0, 'ws_scalar': 0.0}","{'gas': {'co': 18140, 'co2': 13263, 'no': 18141, 'no2': 18142, 'o3': 18143}, 'pm': {'pm1': 13209, 'pm10': 13211, 'pm25': 13210}}",2.67,4.84,6.66,3.66,4.22,4.02,777202974,57.3,MOD-00616,21.2,2026-09-10T09:46:54,2026-09-10T02:46:54,https://api.quant-aq.com/v1/devices/MOD-00616/data/777202649
226.82,604.21,"{'lat': None, 'lon': None}","{'rh': 57.3, 'temp': 21.2, 'wd': 0.0, 'ws': 0.0, 'ws_scalar': 0.0}","{'gas': {'co': 18140, 'co2': 13263, 'no': 18141, 'no2': 18142, 'o3': 18143}, 'pm': {'pm1': 13209, 'pm10': 13211, 'pm25': 13210}}",2.73,4.84,8.02,5.76,5.91,5.84,777202973,57.3,MOD-00616,21.2,2026-09-10T09:45:54,2026-09-10T02:45:54,https://api.quant-aq.com/v1/devices/MOD-00616/data/777202648
231.19,597.82,"{'lat': None, 'lon': None}","{'rh': 57.5, 'temp': 21.2, 'wd': 0.0, 'ws': 0.0, 'ws_scalar': 0.0}","{'gas': {'co': 18140, 'co2': 13263, 'no': 18141, 'no2': 18142, 'o3': 18143}, 'pm': {'pm1': 13209, 'pm10': 13211, 'pm25': 13210}}",2.73,4.84,6.19,3.7,5.78,3.86,777202972,57.5,MOD-00616,21.2,2026-09-10T09:44:54,2026-09-10T02:44:54,https://api.quant-aq.com/v1/devices/MOD-00616/data/777202647
238.5,597.34,"{'lat': None, 'lon': None}","{'rh': 57.6, 'temp': 21.2, 'wd': 0.0, 'ws': 0.0, 'ws_scalar': 0.0}","{'gas': {'co': 18140, 'co2': 13263, 'no': 18141, 'no2': 18142, 'o3': 18143}, 'pm': {'pm1': 13209, 'pm10': 13211, 'pm25': 13210}}",2.79,4.59,6.67,4.22,4.45,4.37,777200635,57.6,MOD-00616,21.2,2026-09-10T09:43:54,2026-09-10T02:43:54,https://api.quant-aq.com/v1/devices/MOD-00616/data/777200309
240.82,602.88,"{'lat': None, 'lon': None}","{'rh': 57.8, 'temp': 21.2, 'wd': 0.0, 'ws': 0.0, 'ws_scalar': 0.0}","{'gas': {'co': 18140, 'co2': 13263, 'no': 18141, 'no2': 18142, 'o3': 18143}, 'pm': {'pm1': 13209, 'pm10': 13211, 'pm25': 13210}}",2.68,4.9,5.58,5.1,5.7,5.44,777200634,57.8,MOD-00616,21.2,2026-09-10T09:42:54,2026-09-10T02:42:54,https://api.quant-aq.com/v1/devices/MOD-00616/data/777200310
234.15,597.22,"{'lat': None, 'lon': None}","{'rh': 57.8, 'temp': 21.1, 'wd': 0.0, 'ws': 0.0, 'ws_scalar': 0.0}","{'gas': {'co': 18140, 'co2': 13263, 'no': 18141, 'no2': 18142, 'o3': 18143}, 'pm': {'pm1': 13209, 'pm10': 13211, 'pm25': 13210}}",2.9,4.89,6.05,4.66,4.94,4.86,777200639,57.8,MOD-00616,21.1,2026-09-10T09:41:54,2026-09-10T02:41:54,https://api.quant-aq.com/v1/devices/MOD-00616/data/777200314
238.45,595.89,"{'lat': None, 'lon': None}","{'rh': 58.1, 'temp': 21.1, 'wd': 0.0, 'ws': 0.0, 'ws_scalar': 0.0}","{'gas': {'co': 18140, 'co2': 13263, 'no': 18141, 'no2': 18142, 'o3': 18143}, 'pm': {'pm1': 13209, 'pm10': 13211, 'pm25': 13210}}",2.72,4.82,7.98,4.31,6.12,4.73,777200637,58.1,MOD-00616,21.1,2026-09-10T09:40:54,2026-09-10T02:40:54,https://api.quant-aq.com/v1/devices/MOD-00616/data/777200315
234.76,601.68,"{'lat': None, 'lon': None}","{'rh': 58.1, 'temp': 21.1, 'wd': 0.0, 'ws': 0.0, 'ws_scalar': 0.0}","{'gas': {'co': 18140, 'co2': 13263, 'no': 18141, 'no2': 18142, 'o3': 18143}, 'pm': {'pm1': 13209, 'pm10': 13211, 'pm25': 13210}}",2.55,4.89,6.49,3.99,5.2,4.31,777198386,58.1,MOD-00616,21.1,2026-09-10T09:39:54,2026-09-10T02:39:54,https://api.quant-aq.com/v1/devices/MOD-00616/data/777198061
238.04,599.75,"{'lat': None, 'lon': None}","{'rh': 58.1, 'temp': 21.1, 'wd': 0.0, 'ws': 0.0, 'ws_scalar': 0.0}","{'gas': {'co': 18140, 'co2': 13263, 'no': 18141, 'no2': 18142, 'o3': 18143}, 'pm': {'pm1': 13209, 'pm10': 13211, 'pm25': 13210}}",2.78,4.69,4.57,4.4,4.93,4.56,777198384,58.1,MOD-00616,21.1,2026-09-10T09:38:54,2026-09-10T02:38:54,https://api.quant-aq.com/v1/devices/MOD-00616/data/777198059
238.51,600.83,"{'lat': None, 'lon': None}","{'rh': 58.6, 'temp': 21.1, 'wd': 0.0, 'ws': 0.0, 'ws_scalar': 0.0}","{'gas': {'co': 18140, 'co2': 13263, 'no': 18141, 'no2': 18142, 'o3': 18143}, 'pm': {'pm1': 13209, 'pm10': 13211, 'pm25': 13210}}",2.62,4.81,8.4,2.88,3.37,3.02,777198385,58.6,MOD-00616,21.1,2026-09-10T09:37:54,2026-09-10T02:37:54,https://api.quant-aq.com/v1/devices/MOD-00616/data/777198060
241.59,599.87,"{'lat': None, 'lon': None}","{'rh': 58.3, 'temp': 21.1, 'wd': 0.0, 'ws': 0.0, 'ws_scalar': 0.0}","{'gas': {'co': 18140, 'co2': 13263, 'no': 18141, 'no2': 18142, 'o3': 18143}, 'pm': {'pm1': 13209, 'pm10': 13211, 'pm25': 13210}}",2.55,4.95,4.98,3.44,3.93,3.75,777198383,58.3,MOD-00616,21.1,2026-09-10T09:36:53,2026-09-10T02:36:53,https://api.quant-aq.com/v1/devices/MOD-00616/data/777198058
237.86,601.43,"{'lat': None, 'lon': None}","{'rh': 58.2, 'temp': 21.0, 'wd': 0.0, 'ws': 0.0, 'ws_scalar': 0.0}","{'gas': {'co': 18140, 'co2': 13263, 'no': 18141, 'no2': 18142, 'o3': 18143}, 'pm': {'pm1': 13209, 'pm10': 13211, 'pm25': 13210}}",2.77,4.8,3.42,4.81,4.92,4.92,777196055,58.2,MOD-00616,21.0,2026-09-10T09:35:53,2026-09-10T02:35:53,https://api.quant-aq.com/v1/devices/MOD-00616/data/777195730
231.76,601.07,"{'lat': None, 'lon': None}","{'rh': 58.7, 'temp': 21.0, 'wd': 0.0, 'ws': 0.0, 'ws_scalar': 0.0}","{'gas': {'co': 18140, 'co2': 13263, 'no': 18141, 'no2': 18142, 'o3': 18143}, 'pm': {'pm1': 13209, 'pm10': 13211, 'pm25': 13210}}",2.72,4.79,5.21,4.45,5.11,4.6,777196056,58.7,MOD-00616,21.0,2026-09-10T09:34:53,2026-09-10T02:34:53,https://api.quant-aq.com/v1/devices/MOD-00616/data/777195731
240.99,598.78,"{'lat': None, 'lon': None}","{'rh': 59.0, 'temp': 21.0, 'wd': 0.0, 'ws': 0.0, 'ws_scalar': 0.0}","{'gas': {'co': 18140, 'co2': 13263, 'no': 18141, 'no2': 18142, 'o3': 18143}, 'pm': {'pm1': 13209, 'pm10': 13211, 'pm25': 13210}}",2.61,4.79,5.19,3.53,3.86,3.6,777196054,59.0,MOD-00616,21.0,2026-09-10T09:33:53,2026-09-10T02:33:53,https://api.quant-aq.com/v1/devices/MOD-00616/data/777195729
236.77,600.11,"{'lat': None, 'lon': None}","{'rh': 59.0, 'temp': 20.9, 'wd': 0.0, 'ws': 0.0, 'ws_scalar': 0.0}","{'gas': {'co': 18140, 'co2': 13263, 'no': 18141, 'no2': 18142, 'o3': 18143}, 'pm': {'pm1': 13209, 'pm10': 13211, 'pm25': 13210}}",2.65,4.84,5.07,3.48,8.26,3.59,777196057,59.0,MOD-00616,20.9,2026-09-10T09:32:53,2026-09-10T02:32:53,https://api.quant-aq.com/v1/devices/MOD-00616/data/777195732
239.98,600.83,"{'lat': None, 'lon': None}","{'rh': 59.1, 'temp': 20.9, 'wd': 0.0, 'ws': 0.0, 'ws_scalar': 0.0}","{'gas': {'co': 18140, 'co2': 13263, 'no': 18141, 'no2': 18142, 'o3': 18143}, 'pm': {'pm1': 13209, 'pm10': 13211, 'pm25': 13210}}",2.77,4.71,3.94,3.59,4.52,3.77,777193770,59.1,MOD-00616,20.9,2026-09-10T09:31:53,2026-09-10T02:31:53,https://api.quant-aq.com/v1/devices/MOD-00616/data/777193445
243.8,603.48,"{'lat': None, 'lon': None}","{'rh': 59.5, 'temp': 20.9, 'wd': 0.0, 'ws': 0.0, 'ws_scalar': 0.0}","{'gas': {'co': 18140, 'co2': 13263, 'no': 18141, 'no2': 18142, 'o3': 18143}, 'pm': {'pm1': 13209, 'pm10': 13211, 'pm25': 13210}}",2.71,4.98,4.79,3.14,4.91,3.36,777193768,59.5,MOD-00616,20.9,2026-09-10T09:30:53,2026-09-10T02:30:53,https://api.quant-aq.com/v1/devices/MOD-00616/data/777193443
237.85,601.68,"{'lat': None, 'lon': None}","{'rh': 59.8, 'temp': 20.9, 'wd': 0.0, 'ws': 0.0, 'ws_scalar': 0.0}","{'gas': {'co': 18140, 'co2': 13263, 'no': 18141, 'no2': 18142, 'o3': 18143}, 'pm': {'pm1': 13209, 'pm10': 13211, 'pm25': 13210}}",2.72,4.83,5.47,2.89,4.1,3.0,777193769,59.8,MOD-00616,20.9,2026-09-10T09:29:53,2026-09-10T02:29:53,https://api.quant-aq.com/v1/devices/MOD-00616/data/777193444
245.39,598.66,"{'lat': None, 'lon': None}","{'rh': 60.0, 'temp': 20.8, 'wd': 0.0, 'ws': 0.0, 'ws_scalar': 0.0}","{'gas': {'co': 18140, 'co2': 13263, 'no': 18141, 'no2': 18142, 'o3': 18143}, 'pm': {'pm1': 13209, 'pm10': 13211, 'pm25': 13210}}",2.59,4.96,6.13,2.64,6.07,2.88,777193766,60.0,MOD-00616,20.8,2026-09-10T09:28:53,2026-09-10T02:28:53,https://api.quant-aq.com/v1/devices/MOD-00616/data/777193441
241.77,598.91,"{'lat': None, 'lon': None}","{'rh': 59.9, 'temp': 20.8, 'wd': 0.0, 'ws': 0.0, 'ws_scalar': 0.0}","{'gas': {'co': 18140, 'co2': 13263, 'no': 18141, 'no2': 18142, 'o3': 18143}, 'pm': {'pm1': 13209, 'pm10': 13211, 'pm25': 13210}}",2.76,4.81,5.02,3.66,5.27,3.99,777191465,59.9,MOD-00616,20.8,2026-09-10T09:27:53,2026-09-10T02:27:53,https://api.quant-aq.com/v1/devices/MOD-00616/data/777191140
242.93,599.75,"{'lat': None, 'lon': None}","{'rh': 60.0, 'temp': 20.8, 'wd': 0.0, 'ws': 0.0, 'ws_scalar': 0.0}","{'gas': {'co': 18140, 'co2': 13263, 'no': 18141, 'no2': 18142, 'o3': 18143}, 'pm': {'pm1': 13209, 'pm10': 13211, 'pm25': 13210}}",2.59,4.96,5.22,3.33,3.76,3.45,777191466,60.0,MOD-00616,20.8,2026-09-10T09:26:53,2026-09-10T02:26:53,https://api.quant-aq.com/v1/devices/MOD-00616/data/777191141
236.19,604.57,"{'lat': None, 'lon': None}","{'rh': 60.1, 'temp': 20.7, 'wd': 0.0, 'ws': 0.0, 'ws_scalar': 0.0}","{'gas': {'co': 18140, 'co2': 13263, 'no': 18141, 'no2': 18142, 'o3': 18143}, 'pm': {'pm1': 13209, 'pm10': 13211, 'pm25': 13210}}",2.75,4.87,2.61,3.17,3.32,3.32,777191464,60.1,MOD-00616,20.7,2026-09-10T09:25:53,2026-09-10T02:25:53,https://api.quant-aq.com/v1/devices/MOD-00616/data/777191139
248.62,601.8,"{'lat': None, 'lon': None}","{'rh': 60.5, 'temp': 20.7, 'wd': 0.0, 'ws': 0.0, 'ws_scalar': 0.0}","{'gas': {'co': 18140, 'co2': 13263, 'no': 18141, 'no2': 18142, 'o3': 18143}, 'pm': {'pm1': 13209, 'pm10': 13211, 'pm25': 13210}}",2.76,4.79,5.44,2.1,3.32,2.43,777191463,60.5,MOD-00616,20.7,2026-09-10T09:24:52,2026-09-10T02:24:52,https://api.quant-aq.com/v1/devices/MOD-00616/data/777191138
247.25,603.0,"{'lat': None, 'lon': None}","{'rh': 60.7, 'temp': 20.7, 'wd': 0.0, 'ws': 0.0, 'ws_scalar': 0.0}","{'gas': {'co': 18140, 'co2': 13263, 'no': 18141, 'no2': 18142, 'o3': 18143}, 'pm': {'pm1': 13209, 'pm10': 13211, 'pm25': 13210}}",2.58,4.86,4.39,3.3,4.55,3.61,777189138,60.7,MOD-00616,20.7,2026-09-10T09:23:52,2026-09-10T02:23:52,https://api.quant-aq.com/v1/devices/MOD-00616/data/777188813
246.25,596.62,"{'lat': None, 'lon': None}","{'rh': 60.8, 'temp': 20.6, 'wd': 0.0, 'ws': 0.0, 'ws_scalar': 0.0}","{'gas': {'co': 18140, 'co2': 13263, 'no': 18141, 'no2': 18142, 'o3': 18143}, 'pm': {'pm1': 13209, 'pm10': 13211, 'pm25': 13210}}",2.74,5.08,3.57,3.77,4.46,4.17,777189137,60.8,MOD-00616,20.6,2026-09-10T09:22:52,2026-09-10T02:22:52,https://api.quant-aq.com/v1/devices/MOD-00616/data/777188812
247.75,600.23,"{'lat': None, 'lon': None}","{'rh': 61.0, 'temp': 20.6, 'wd': 0.0, 'ws': 0.0, 'ws_scalar': 0.0}","{'gas': {'co': 18140, 'co2': 13263, 'no': 18141, 'no2': 18142, 'o3': 18143}, 'pm': {'pm1': 13209, 'pm10': 13211, 'pm25': 13210}}",2.75,4.91,2.43,2.68,3.05,2.77,777189135,61.0,MOD-00616,20.6,2026-09-10T09:21:52,2026-09-10T02:21:52,https://api.quant-aq.com/v1/devices/MOD-00616/data/777188810
248.32,601.19,"{'lat': None, 'lon': None}","{'rh': 61.2, 'temp': 20.5, 'wd': 0.0, 'ws': 0.0, 'ws_scalar': 0.0}","{'gas': {'co': 18140, 'co2': 13263, 'no': 18141, 'no2': 18142, 'o3': 18143}, 'pm': {'pm1': 13209, 'pm10': 13211, 'pm25': 13210}}",2.67,4.97,5.05,3.48,3.84,3.7,777189136,61.2,MOD-00616,20.5,2026-09-10T09:20:52,2026-09-10T02:20:52,https://api.quant-aq.com/v1/devices/MOD-00616/data/777188811
247.29,604.21,"{'lat': None, 'lon': None}","{'rh': 61.5, 'temp': 20.5, 'wd': 0.0, 'ws': 0.0, 'ws_scalar': 0.0}","{'gas': {'co': 18140, 'co2': 13263, 'no': 18141, 'no2': 18142, 'o3': 18143}, 'pm': {'pm1': 13209, 'pm10': 13211, 'pm25': 13210}}",2.62,5.05,3.99,2.66,4.49,3.02,777186851,61.5,MOD-00616,20.5,2026-09-10T09:19:52,2026-09-10T02:19:52,https://api.quant-aq.com/v1/devices/MOD-00616/data/777186526
248.04,610.71,"{'lat': None, 'lon': None}","{'rh': 61.6, 'temp': 20.5, 'wd': 0.0, 'ws': 0.0, 'ws_scalar': 0.0}","{'gas': {'co': 18140, 'co2': 13263, 'no': 18141, 'no2': 18142, 'o3': 18143}, 'pm': {'pm1': 13209, 'pm10': 13211, 'pm25': 13210}}",2.74,4.81,3.44,3.12,3.73,3.5,777186850,61.6,MOD-00616,20.5,2026-09-10T09:18:52,2026-09-10T02:18:52,https://api.quant-aq.com/v1/devices/MOD-00616/data/777186525
245.25,604.08,"{'lat': None, 'lon': None}","{'rh': 61.9, 'temp': 20.4, 'wd': 0.0, 'ws': 0.0, 'ws_scalar': 0.0}","{'gas': {'co': 18140, 'co2': 13263, 'no': 18141, 'no2': 18142, 'o3': 18143}, 'pm': {'pm1': 13209, 'pm10': 13211, 'pm25': 13210}}",2.73,4.78,3.88,2.42,5.12,2.67,777186849,61.9,MOD-00616,20.4,2026-09-10T09:17:52,2026-09-10T02:17:52,https://api.quant-aq.com/v1/devices/MOD-00616/data/777186524
246.95,600.71,"{'lat': None, 'lon': None}","{'rh': 62.4, 'temp': 20.4, 'wd': 0.0, 'ws': 0.0, 'ws_scalar': 0.0}","{'gas': {'co': 18140, 'co2': 13263, 'no': 18141, 'no2': 18142, 'o3': 18143}, 'pm': {'pm1': 13209, 'pm10': 13211, 'pm25': 13210}}",2.74,5.1,5.18,3.47,10.15,3.7,777186848,62.4,MOD-00616,20.4,2026-09-10T09:16:52,2026-09-10T02:16:52,https://api.quant-aq.com/v1/devices/MOD-00616/data/777186523
249.07,604.33,"{'lat': None, 'lon': None}","{'rh': 62.3, 'temp': 20.4, 'wd': 0.0, 'ws': 0.0, 'ws_scalar': 0.0}","{'gas': {'co': 18140, 'co2': 13263, 'no': 18141, 'no2': 18142, 'o3': 18143}, 'pm': {'pm1': 13209, 'pm10': 13211, 'pm25': 13210}}",2.62,5.02,5.76,3.27,4.88,3.51,777184482,62.3,MOD-00616,20.4,2026-09-10T09:15:52,2026-09-10T02:15:52,https://api.quant-aq.com/v1/devices/MOD-00616/data/777184157
249.23,603.24,"{'lat': None, 'lon': None}","{'rh': 62.5, 'temp': 20.3, 'wd': 0.0, 'ws': 0.0, 'ws_scalar': 0.0}","{'gas': {'co': 18140, 'co2': 13263, 'no': 18141, 'no2': 18142, 'o3': 18143}, 'pm': {'pm1': 13209, 'pm10': 13211, 'pm25': 13210}}",2.57,5.09,4.73,3.06,3.49,3.34,777184481,62.5,MOD-00616,20.3,2026-09-10T09:14:52,2026-09-10T02:14:52,https://api.quant-aq.com/v1/devices/MOD-00616/data/777184155
248.61,605.29,"{'lat': None, 'lon': None}","{'rh': 62.8, 'temp': 20.3, 'wd': 0.0, 'ws': 0.0, 'ws_scalar': 0.0}","{'gas': {'co': 18140, 'co2': 13263, 'no': 18141, 'no2': 18142, 'o3': 18143}, 'pm': {'pm1': 13209, 'pm10': 13211, 'pm25': 13210}}",2.56,4.99,3.91,3.31,4.41,3.44,777184480,62.8,MOD-00616,20.3,2026-09-10T09:13:52,2026-09-10T02:13:52,https://api.quant-aq.com/v1/devices/MOD-00616/data/777184156
253.42,604.33,"{'lat': None, 'lon': None}","{'rh': 62.8, 'temp': 20.2, 'wd': 0.0, 'ws': 0.0, 'ws_scalar': 0.0}","{'gas': {'co': 18140, 'co2': 13263, 'no': 18141, 'no2': 18142, 'o3': 18143}, 'pm': {'pm1': 13209, 'pm10': 13211, 'pm25': 13210}}",2.64,4.97,2.1,3.79,5.27,4.02,777184479,62.8,MOD-00616,20.2,2026-09-10T09:12:52,2026-09-10T02:12:52,https://api.quant-aq.com/v1/devices/MOD-00616/data/777184154
254.03,601.68,"{'lat': None, 'lon': None}","{'rh': 63.1, 'temp': 20.2, 'wd': 0.0, 'ws': 0.0, 'ws_scalar': 0.0}","{'gas': {'co': 18140, 'co2': 13263, 'no': 18141, 'no2': 18142, 'o3': 18143}, 'pm': {'pm1': 13209, 'pm10': 13211, 'pm25': 13210}}",2.77,5.05,5.61,3.04,11.43,3.32,777182120,63.1,MOD-00616,20.2,2026-09-10T09:11:51,2026-09-10T02:11:51,https://api.quant-aq.com/v1/devices/MOD-00616/data/777181795
251.02,604.81,"{'lat': None, 'lon': None}","{'rh': 63.3, 'temp': 20.2, 'wd': 0.0, 'ws': 0.0, 'ws_scalar': 0.0}","{'gas': {'co': 18140, 'co2': 13263, 'no': 18141, 'no2': 18142, 'o3': 18143}, 'pm': {'pm1': 13209, 'pm10': 13211, 'pm25': 13210}}",2.42,5.34,3.4,3.53,5.41,3.77,777182117,63.3,MOD-00616,20.2,2026-09-10T09:10:51,2026-09-10T02:10:51,https://api.quant-aq.com/v1/devices/MOD-00616/data/777181792
251.93,604.57,"{'lat': None, 'lon': None}","{'rh': 63.6, 'temp': 20.1, 'wd': 0.0, 'ws': 0.0, 'ws_scalar': 0.0}","{'gas': {'co': 18140, 'co2': 13263, 'no': 18141, 'no2': 18142, 'o3': 18143}, 'pm': {'pm1': 13209, 'pm10': 13211, 'pm25': 13210}}",2.49,5.02,4.21,3.51,4.7,3.71,777182118,63.6,MOD-00616,20.1,2026-09-10T09:09:51,2026-09-10T02:09:51,https://api.quant-aq.com/v1/devices/MOD-00616/data/777181794
255.89,609.14,"{'lat': None, 'lon': None}","{'rh': 63.8, 'temp': 20.1, 'wd': 0.0, 'ws': 0.0, 'ws_scalar': 0.0}","{'gas': {'co': 18140, 'co2': 13263, 'no': 18141, 'no2': 18142, 'o3': 18143}, 'pm': {'pm1': 13209, 'pm10': 13211, 'pm25': 13210}}",2.82,5.2,3.95,3.17,3.94,3.47,777182119,63.8,MOD-00616,20.1,2026-09-10T09:08:51,2026-09-10T02:08:51,https://api.quant-aq.com/v1/devices/MOD-00616/data/777181793
251.95,605.17,"{'lat': None, 'lon': None}","{'rh': 64.0, 'temp': 20.0, 'wd': 0.0, 'ws': 0.0, 'ws_scalar': 0.0}","{'gas': {'co': 18140, 'co2': 13263, 'no': 18141, 'no2': 18142, 'o3': 18143}, 'pm': {'pm1': 13209, 'pm10': 13211, 'pm25': 13210}}",2.08,5.51,4.95,3.04,4.06,3.26,777179718,64.0,MOD-00616,20.0,2026-09-10T09:07:51,2026-09-10T02:07:51,https://api.quant-aq.com/v1/devices/MOD-00616/data/777179393
252.29,607.22,"{'lat': None, 'lon': None}","{'rh': 64.1, 'temp': 20.0, 'wd': 0.0, 'ws': 0.0, 'ws_scalar': 0.0}","{'gas': {'co': 18140, 'co2': 13263, 'no': 18141, 'no2': 18142, 'o3': 18143}, 'pm': {'pm1': 13209, 'pm10': 13211, 'pm25': 13210}}",2.49,5.07,1.78,3.16,4.58,3.58,777179720,64.1,MOD-00616,20.0,2026-09-10T09:06:51,2026-09-10T02:06:51,https://api.quant-aq.com/v1/devices/MOD-00616/data/777179396
258.8,607.58,"{'lat': None, 'lon': None}","{'rh': 64.6, 'temp': 19.9, 'wd': 0.0, 'ws': 0.0, 'ws_scalar': 0.0}","{'gas': {'co': 18140, 'co2': 13263, 'no': 18141, 'no2': 18142, 'o3': 18143}, 'pm': {'pm1': 13209, 'pm10': 13211, 'pm25': 13210}}",2.55,4.84,0.64,2.75,3.56,2.94,777179719,64.6,MOD-00616,19.9,2026-09-10T09:05:51,2026-09-10T02:05:51,https://api.quant-aq.com/v1/devices/MOD-00616/data/777179394
258.12,603.96,"{'lat': None, 'lon': None}","{'rh': 64.4, 'temp': 19.9, 'wd': 0.0, 'ws': 0.0, 'ws_scalar': 0.0}","{'gas': {'co': 18140, 'co2': 13263, 'no': 18141, 'no2': 18142, 'o3': 18143}, 'pm': {'pm1': 13209, 'pm10': 13211, 'pm25': 13210}}",2.56,4.86,2.02,3.99,4.6,4.25,777179717,64.4,MOD-00616,19.9,2026-09-10T09:04:51,2026-09-10T02:04:51,https://api.quant-aq.com/v1/devices/MOD-00616/data/777179392
257.55,606.01,"{'lat': None, 'lon': None}","{'rh': 65.2, 'temp': 19.9, 'wd': 0.0, 'ws': 0.0, 'ws_scalar': 0.0}","{'gas': {'co': 18140, 'co2': 13263, 'no': 18141, 'no2': 18142, 'o3': 18143}, 'pm': {'pm1': 13209, 'pm10': 13211, 'pm25': 13210}}",2.53,5.1,3.41,3.51,4.23,3.82,777177339,65.2,MOD-00616,19.9,2026-09-10T09:03:51,2026-09-10T02:03:51,https://api.quant-aq.com/v1/devices/MOD-00616/data/777177014
257.64,608.78,"{'lat': None, 'lon': None}","{'rh': 65.5, 'temp': 19.8, 'wd': 0.0, 'ws': 0.0, 'ws_scalar': 0.0}","{'gas': {'co': 18140, 'co2': 13263, 'no': 18141, 'no2': 18142, 'o3': 18143}, 'pm': {'pm1': 13209, 'pm10': 13211, 'pm25': 13210}}",2.19,5.17,4.19,3.9,10.31,4.22,777177338,65.5,MOD-00616,19.8,2026-09-10T09:02:51,2026-09-10T02:02:51,https://api.quant-aq.com/v1/devices/MOD-00616/data/777177013
263.86,606.73,"{'lat': None, 'lon': None}","{'rh': 65.4, 'temp': 19.8, 'wd': 0.0, 'ws': 0.0, 'ws_scalar': 0.0}","{'gas': {'co': 18140, 'co2': 13263, 'no': 18141, 'no2': 18142, 'o3': 18143}, 'pm': {'pm1': 13209, 'pm10': 13211, 'pm25': 13210}}",2.4,4.97,0.8,2.9,4.05,3.12,777177337,65.4,MOD-00616,19.8,2026-09-10T09:01:51,2026-09-10T02:01:51,https://api.quant-aq.com/v1/devices/MOD-00616/data/777177012
251.82,607.1,"{'lat': None, 'lon': None}","{'rh': 66.2, 'temp': 19.8, 'wd': 0.0, 'ws': 0.0, 'ws_scalar': 0.0}","{'gas': {'co': 18140, 'co2': 13263, 'no': 18141, 'no2': 18142, 'o3': 18143}, 'pm': {'pm1': 13209, 'pm10': 13211, 'pm25': 13210}}",2.3,5.02,1.07,3.21,4.52,3.48,777177335,66.2,MOD-00616,19.8,2026-09-10T09:00:51,2026-09-10T02:00:51,https://api.quant-aq.com/v1/devices/MOD-00616/data/777177010
263.94,609.5,"{'lat': None, 'lon': None}","{'rh': 66.3, 'temp': 19.7, 'wd': 0.0, 'ws': 0.0, 'ws_scalar': 0.0}","{'gas': {'co': 18140, 'co2': 13263, 'no': 18141, 'no2': 18142, 'o3': 18143}, 'pm': {'pm1': 13209, 'pm10': 13211, 'pm25': 13210}}",2.04,4.99,-1.21,3.2,3.84,3.46,777174952,66.3,MOD-00616,19.7,2026-09-10T08:59:51,2026-09-10T01:59:51,https://api.quant-aq.com/v1/devices/MOD-00616/data/777174627
257.58,611.31,"{'lat': None, 'lon': None}","{'rh': 66.6, 'temp': 19.7, 'wd': 0.0, 'ws': 0.0, 'ws_scalar': 0.0}","{'gas': {'co': 18140, 'co2': 13263, 'no': 18141, 'no2': 18142, 'o3': 18143}, 'pm': {'pm1': 13209, 'pm10': 13211, 'pm25': 13210}}",3.19,4.1,-0.21,4.94,8.25,5.15,777174951,66.6,MOD-00616,19.7,2026-09-10T08:58:50,2026-09-10T01:58:50,https://api.quant-aq.com/v1/devices/MOD-00616/data/777174626
259.89,614.08,"{'lat': None, 'lon': None}","{'rh': 70.3, 'temp': 19.7, 'wd': 0.0, 'ws': 0.0, 'ws_scalar': 0.0}","{'gas': {'co': 18140, 'co2': 13263, 'no': 18141, 'no2': 18142, 'o3': 18143}, 'pm': {'pm1': 13209, 'pm10': 13211, 'pm25': 13210}}",1.53,6.62,22.11,5.65,15.0,5.98,777174949,70.3,MOD-00616,19.7,2026-09-10T08:57:50,2026-09-10T01:57:50,https://api.quant-aq.com/v1/devices/MOD-00616/data/777174624
266.69,610.83,"{'lat': None, 'lon': None}","{'rh': 68.8, 'temp': 19.7, 'wd': 0.0, 'ws': 0.0, 'ws_scalar': 0.0}","{'gas': {'co': 18140, 'co2': 13263, 'no': 18141, 'no2': 18142, 'o3': 18143}, 'pm': {'pm1': 13209, 'pm10': 13211, 'pm25': 13210}}",1.13,6.69,18.11,4.65,5.94,5.2,777174950,68.8,MOD-00616,19.7,2026-09-10T08:56:50,2026-09-10T01:56:50,https://api.quant-aq.com/v1/devices/MOD-00616/data/777174625
264.61,608.54,"{'lat': None, 'lon': None}","{'rh': 67.1, 'temp': 19.7, 'wd': 0.0, 'ws': 0.0, 'ws_scalar': 0.0}","{'gas': {'co': 18140, 'co2': 13263, 'no': 18141, 'no2': 18142, 'o3': 18143}, 'pm': {'pm1': 13209, 'pm10': 13211, 'pm25': 13210}}",1.4,7.44,7.38,4.81,6.24,5.11,777172571,67.1,MOD-00616,19.7,2026-09-10T08:55:50,2026-09-10T01:55:50,https://api.quant-aq.com/v1/devices/MOD-00616/data/777172246
265.88,601.92,"{'lat': None, 'lon': None}","{'rh': 66.3, 'temp': 19.6, 'wd': 0.0, 'ws': 0.0, 'ws_scalar': 0.0}","{'gas': {'co': 18140, 'co2': 13263, 'no': 18141, 'no2': 18142, 'o3': 18143}, 'pm': {'pm1': 13209, 'pm10': 13211, 'pm25': 13210}}",2.33,4.98,1.09,4.29,5.84,4.59,777172573,66.3,MOD-00616,19.6,2026-09-10T08:54:50,2026-09-10T01:54:50,https://api.quant-aq.com/v1/devices/MOD-00616/data/777172249
266.0,610.95,"{'lat': None, 'lon': None}","{'rh': 67.3, 'temp': 19.6, 'wd': 0.0, 'ws': 0.0, 'ws_scalar': 0.0}","{'gas': {'co': 18140, 'co2': 13263, 'no': 18141, 'no2': 18142, 'o3': 18143}, 'pm': {'pm1': 13209, 'pm10': 13211, 'pm25': 13210}}",2.29,5.02,3.17,3.57,4.19,3.71,777172572,67.3,MOD-00616,19.6,2026-09-10T08:53:50,2026-09-10T01:53:50,https://api.quant-aq.com/v1/devices/MOD-00616/data/777172247
261.49,608.06,"{'lat': None, 'lon': None}","{'rh': 67.3, 'temp': 19.6, 'wd': 0.0, 'ws': 0.0, 'ws_scalar': 0.0}","{'gas': {'co': 18140, 'co2': 13263, 'no': 18141, 'no2': 18142, 'o3': 18143}, 'pm': {'pm1': 13209, 'pm10': 13211, 'pm25': 13210}}",1.75,6.18,2.64,4.46,5.78,4.83,777172574,67.3,MOD-00616,19.6,2026-09-10T08:52:50,2026-09-10T01:52:50,https://api.quant-aq.com/v1/devices/MOD-00616/data/777172248
265.83,614.08,"{'lat': None, 'lon': None}","{'rh': 66.8, 'temp': 19.5, 'wd': 0.0, 'ws': 0.0, 'ws_scalar': 0.0}","{'gas': {'co': 18140, 'co2': 13263, 'no': 18141, 'no2': 18142, 'o3': 18143}, 'pm': {'pm1': 13209, 'pm10': 13211, 'pm25': 13210}}",2.26,4.82,-5.2,3.87,7.09,4.02,777170259,66.8,MOD-00616,19.5,2026-09-10T08:51:50,2026-09-10T01:51:50,https://api.quant-aq.com/v1/devices/MOD-00616/data/777169932
263.63,612.03,"{'lat': None, 'lon': None}","{'rh': 67.6, 'temp': 19.5, 'wd': 0.0, 'ws': 0.0, 'ws_scalar': 0.0}","{'gas': {'co': 18140, 'co2': 13263, 'no': 18141, 'no2': 18142, 'o3': 18143}, 'pm': {'pm1': 13209, 'pm10': 13211, 'pm25': 13210}}",2.3,4.77,-5.26,5.41,6.69,5.6,777170256,67.6,MOD-00616,19.5,2026-09-10T08:50:50,2026-09-10T01:50:50,https://api.quant-aq.com/v1/devices/MOD-00616/data/777169931
270.6,611.79,"{'lat': None, 'lon': None}","{'rh': 68.6, 'temp': 19.4, 'wd': 0.0, 'ws': 0.0, 'ws_scalar': 0.0}","{'gas': {'co': 18140, 'co2': 13263, 'no': 18141, 'no2': 18142, 'o3': 18143}, 'pm': {'pm1': 13209, 'pm10': 13211, 'pm25': 13210}}",2.0,4.9,-7.39,4.33,7.34,4.57,777170257,68.6,MOD-00616,19.4,2026-09-10T08:49:50,2026-09-10T01:49:50,https://api.quant-aq.com/v1/devices/MOD-00616/data/777169933
264.92,614.44,"{'lat': None, 'lon': None}","{'rh': 69.1, 'temp': 19.4, 'wd': 0.0, 'ws': 0.0, 'ws_scalar': 0.0}","{'gas': {'co': 18140, 'co2': 13263, 'no': 18141, 'no2': 18142, 'o3': 18143}, 'pm': {'pm1': 13209, 'pm10': 13211, 'pm25': 13210}}",2.79,4.09,-8.15,5.04,6.21,5.42,777170258,69.1,MOD-00616,19.4,2026-09-10T08:48:50,2026-09-10T01:48:50,https://api.quant-aq.com/v1/devices/MOD-00616/data/777169934
272.32,619.74,"{'lat': None, 'lon': None}","{'rh': 71.4, 'temp': 19.4, 'wd': 0.0, 'ws': 0.0, 'ws_scalar': 0.0}","{'gas': {'co': 18140, 'co2': 13263, 'no': 18141, 'no2': 18142, 'o3': 18143}, 'pm': {'pm1': 13209, 'pm10': 13211, 'pm25': 13210}}",2.28,4.11,-8.69,4.24,6.43,4.57,777167939,71.4,MOD-00616,19.4,2026-09-10T08:47:50,2026-09-10T01:47:50,https://api.quant-aq.com/v1/devices/MOD-00616/data/777167614
261.88,616.25,"{'lat': None, 'lon': None}","{'rh': 74.0, 'temp': 19.4, 'wd': 0.0, 'ws': 0.0, 'ws_scalar': 0.0}","{'gas': {'co': 18140, 'co2': 13263, 'no': 18141, 'no2': 18142, 'o3': 18143}, 'pm': {'pm1': 13209, 'pm10': 13211, 'pm25': 13210}}",1.48,4.85,9.62,4.27,7.74,4.54,777167938,74.0,MOD-00616,19.4,2026-09-10T08:46:49,2026-09-10T01:46:49,https://api.quant-aq.com/v1/devices/MOD-00616/data/777167611
263.57,618.54,"{'lat': None, 'lon': None}","{'rh': 75.1, 'temp': 19.4, 'wd': 0.0, 'ws': 0.0, 'ws_scalar': 0.0}","{'gas': {'co': 18140, 'co2': 13263, 'no': 18141, 'no2': 18142, 'o3': 18143}, 'pm': {'pm1': 13209, 'pm10': 13211, 'pm25': 13210}}",1.02,6.45,15.85,4.96,11.51,5.59,777167936,75.1,MOD-00616,19.4,2026-09-10T08:45:49,2026-09-10T01:45:49,https://api.quant-aq.com/v1/devices/MOD-00616/data/777167612
259.68,612.27,"{'lat': None, 'lon': None}","{'rh': 74.8, 'temp': 19.4, 'wd': 0.0, 'ws': 0.0, 'ws_scalar': 0.0}","{'gas': {'co': 18140, 'co2': 13263, 'no': 18141, 'no2': 18142, 'o3': 18143}, 'pm': {'pm1': 13209, 'pm10': 13211, 'pm25': 13210}}",0.69,7.0,14.26,6.22,14.51,6.71,777167937,74.8,MOD-00616,19.4,2026-09-10T08:44:49,2026-09-10T01:44:49,https://api.quant-aq.com/v1/devices/MOD-00616/data/777167613
264.82,616.01,"{'lat': None, 'lon': None}","{'rh': 73.9, 'temp': 19.4, 'wd': 0.0, 'ws': 0.0, 'ws_scalar': 0.0}","{'gas': {'co': 18140, 'co2': 13263, 'no': 18141, 'no2': 18142, 'o3': 18143}, 'pm': {'pm1': 13209, 'pm10': 13211, 'pm25': 13210}}",1.08,5.57,8.68,6.93,9.69,7.22,777165566,73.9,MOD-00616,19.4,2026-09-10T08:43:49,2026-09-10T01:43:49,https://api.quant-aq.com/v1/devices/MOD-00616/data/777165241
264.85,619.38,"{'lat': None, 'lon': None}","{'rh': 74.6, 'temp': 19.5, 'wd': 0.0, 'ws': 0.0, 'ws_scalar': 0.0}","{'gas': {'co': 18140, 'co2': 13263, 'no': 18141, 'no2': 18142, 'o3': 18143}, 'pm': {'pm1': 13209, 'pm10': 13211, 'pm25': 13210}}",1.29,5.14,12.51,5.62,11.09,5.99,777165565,74.6,MOD-00616,19.5,2026-09-10T08:42:49,2026-09-10T01:42:49,https://api.quant-aq.com/v1/devices/MOD-00616/data/777165240
258.95,619.86,"{'lat': None, 'lon': None}","{'rh': 75.4, 'temp': 19.5, 'wd': 0.0, 'ws': 0.0, 'ws_scalar': 0.0}","{'gas': {'co': 18140, 'co2': 13263, 'no': 18141, 'no2': 18142, 'o3': 18143}, 'pm': {'pm1': 13209, 'pm10': 13211, 'pm25': 13210}}",0.51,7.28,17.27,6.55,15.57,6.99,777165567,75.4,MOD-00616,19.5,2026-09-10T08:41:49,2026-09-10T01:41:49,https://api.quant-aq.com/v1/devices/MOD-00616/data/777165242
260.61,618.18,"{'lat': None, 'lon': None}","{'rh': 74.8, 'temp': 19.5, 'wd': 0.0, 'ws': 0.0, 'ws_scalar': 0.0}","{'gas': {'co': 18140, 'co2': 13263, 'no': 18141, 'no2': 18142, 'o3': 18143}, 'pm': {'pm1': 13209, 'pm10': 13211, 'pm25': 13210}}",0.61,7.28,13.67,5.42,6.45,5.72,777165568,74.8,MOD-00616,19.5,2026-09-10T08:40:49,2026-09-10T01:40:49,https://api.quant-aq.com/v1/devices/MOD-00616/data/777165243
260.28,617.21,"{'lat': None, 'lon': None}","{'rh': 74.1, 'temp': 19.5, 'wd': 0.0, 'ws': 0.0, 'ws_scalar': 0.0}","{'gas': {'co': 18140, 'co2': 13263, 'no': 18141, 'no2': 18142, 'o3': 18143}, 'pm': {'pm1': 13209, 'pm10': 13211, 'pm25': 13210}}",1.25,5.18,10.72,7.22,15.02,7.5,777163289,74.1,MOD-00616,19.5,2026-09-10T08:39:49,2026-09-10T01:39:49,https://api.quant-aq.com/v1/devices/MOD-00616/data/777162964
261.91,620.59,"{'lat': None, 'lon': None}","{'rh': 74.7, 'temp': 19.5, 'wd': 0.0, 'ws': 0.0, 'ws_scalar': 0.0}","{'gas': {'co': 18140, 'co2': 13263, 'no': 18141, 'no2': 18142, 'o3': 18143}, 'pm': {'pm1': 13209, 'pm10': 13211, 'pm25': 13210}}",0.95,5.96,13.38,5.98,11.88,6.54,777163290,74.7,MOD-00616,19.5,2026-09-10T08:38:49,2026-09-10T01:38:49,https://api.quant-aq.com/v1/devices/MOD-00616/data/777162965
263.27,618.9,"{'lat': None, 'lon': None}","{'rh': 75.1, 'temp': 19.5, 'wd': 0.0, 'ws': 0.0, 'ws_scalar': 0.0}","{'gas': {'co': 18140, 'co2': 13263, 'no': 18141, 'no2': 18142, 'o3': 18143}, 'pm': {'pm1': 13209, 'pm10': 13211, 'pm25': 13210}}",0.8,6.45,16.75,6.41,9.58,6.67,777163288,75.1,MOD-00616,19.5,2026-09-10T08:37:49,2026-09-10T01:37:49,https://api.quant-aq.com/v1/devices/MOD-00616/data/777162962
260.24,614.68,"{'lat': None, 'lon': None}","{'rh': 74.9, 'temp': 19.6, 'wd': 0.0, 'ws': 0.0, 'ws_scalar': 0.0}","{'gas': {'co': 18140, 'co2': 13263, 'no': 18141, 'no2': 18142, 'o3': 18143}, 'pm': {'pm1': 13209, 'pm10': 13211, 'pm25': 13210}}",0.92,6.98,14.23,5.21,9.71,5.59,777163286,74.9,MOD-00616,19.6,2026-09-10T08:36:49,2026-09-10T01:36:49,https://api.quant-aq.com/v1/devices/MOD-00616/data/777162961
257.85,618.18,"{'lat': None, 'lon': None}","{'rh': 74.8, 'temp': 19.6, 'wd': 0.0, 'ws': 0.0, 'ws_scalar': 0.0}","{'gas': {'co': 18140, 'co2': 13263, 'no': 18141, 'no2': 18142, 'o3': 18143}, 'pm': {'pm1': 13209, 'pm10': 13211, 'pm25': 13210}}",0.86,5.96,14.73,5.52,6.28,5.89,777160896,74.8,MOD-00616,19.6,2026-09-10T08:35:49,2026-09-10T01:35:49,https://api.quant-aq.com/v1/devices/MOD-00616/data/777160574
260.72,620.1,"{'lat': None, 'lon': None}","{'rh': 74.8, 'temp': 19.6, 'wd': 0.0, 'ws': 0.0, 'ws_scalar': 0.0}","{'gas': {'co': 18140, 'co2': 13263, 'no': 18141, 'no2': 18142, 'o3': 18143}, 'pm': {'pm1': 13209, 'pm10': 13211, 'pm25': 13210}}",1.06,5.96,13.82,6.34,10.75,6.89,777160898,74.8,MOD-00616,19.6,2026-09-10T08:34:49,2026-09-10T01:34:49,https://api.quant-aq.com/v1/devices/MOD-00616/data/777160573
258.87,616.97,"{'lat': None, 'lon': None}","{'rh': 75.1, 'temp': 19.6, 'wd': 0.0, 'ws': 0.0, 'ws_scalar': 0.0}","{'gas': {'co': 18140, 'co2': 13263, 'no': 18141, 'no2': 18142, 'o3': 18143}, 'pm': {'pm1': 13209, 'pm10': 13211, 'pm25': 13210}}",0.78,6.71,16.62,6.92,13.22,7.31,777160895,75.1,MOD-00616,19.6,2026-09-10T08:33:48,2026-09-10T01:33:48,https://api.quant-aq.com/v1/devices/MOD-00616/data/777160572
258.64,620.1,"{'lat': None, 'lon': None}","{'rh': 75.0, 'temp': 19.7, 'wd': 0.0, 'ws': 0.0, 'ws_scalar': 0.0}","{'gas': {'co': 18140, 'co2': 13263, 'no': 18141, 'no2': 18142, 'o3': 18143}, 'pm': {'pm1': 13209, 'pm10': 13211, 'pm25': 13210}}",0.7,6.19,15.95,6.64,9.5,7.08,777160894,75.0,MOD-00616,19.7,2026-09-10T08:32:48,2026-09-10T01:32:48,https://api.quant-aq.com/v1/devices/MOD-00616/data/777160570
256.59,619.26,"{'lat': None, 'lon': None}","{'rh': 75.0, 'temp': 19.7, 'wd': 0.0, 'ws': 0.0, 'ws_scalar': 0.0}","{'gas': {'co': 18140, 'co2': 13263, 'no': 18141, 'no2': 18142, 'o3': 18143}, 'pm': {'pm1': 13209, 'pm10': 13211, 'pm25': 13210}}",0.7,6.44,16.74,6.7,7.57,7.16,777158514,75.0,MOD-00616,19.7,2026-09-10T08:31:48,2026-09-10T01:31:48,https://api.quant-aq.com/v1/devices/MOD-00616/data/777158189
260.69,624.44,"{'lat': None, 'lon': None}","{'rh': 75.0, 'temp': 19.7, 'wd': 0.0, 'ws': 0.0, 'ws_scalar': 0.0}","{'gas': {'co': 18140, 'co2': 13263, 'no': 18141, 'no2': 18142, 'o3': 18143}, 'pm': {'pm1': 13209, 'pm10': 13211, 'pm25': 13210}}",0.77,6.44,18.56,7.05,9.21,7.5,777158515,75.0,MOD-00616,19.7,2026-09-10T08:30:48,2026-09-10T01:30:48,https://api.quant-aq.com/v1/devices/MOD-00616/data/777158190
257.55,619.26,"{'lat': None, 'lon': None}","{'rh': 74.8, 'temp': 19.7, 'wd': 0.0, 'ws': 0.0, 'ws_scalar': 0.0}","{'gas': {'co': 18140, 'co2': 13263, 'no': 18141, 'no2': 18142, 'o3': 18143}, 'pm': {'pm1': 13209, 'pm10': 13211, 'pm25': 13210}}",0.64,6.98,17.87,6.83,11.26,7.22,777158513,74.8,MOD-00616,19.7,2026-09-10T08:29:48,2026-09-10T01:29:48,https://api.quant-aq.com/v1/devices/MOD-00616/data/777158188
256.5,617.33,"{'lat': None, 'lon': None}","{'rh': 74.7, 'temp': 19.8, 'wd': 0.0, 'ws': 0.0, 'ws_scalar': 0.0}","{'gas': {'co': 18140, 'co2': 13263, 'no': 18141, 'no2': 18142, 'o3': 18143}, 'pm': {'pm1': 13209, 'pm10': 13211, 'pm25': 13210}}",0.63,6.45,19.03,6.81,26.29,7.06,777158512,74.7,MOD-00616,19.8,2026-09-10T08:28:48,2026-09-10T01:28:48,https://api.quant-aq.com/v1/devices/MOD-00616/data/777158187
258.35,616.85,"{'lat': None, 'lon': None}","{'rh': 74.4, 'temp': 19.8, 'wd': 0.0, 'ws': 0.0, 'ws_scalar': 0.0}","{'gas': {'co': 18140, 'co2': 13263, 'no': 18141, 'no2': 18142, 'o3': 18143}, 'pm': {'pm1': 13209, 'pm10': 13211, 'pm25': 13210}}",0.64,6.46,18.59,6.27,15.21,6.67,777156175,74.4,MOD-00616,19.8,2026-09-10T08:27:48,2026-09-10T01:27:48,https://api.quant-aq.com/v1/devices/MOD-00616/data/777155850
264.03,612.52,"{'lat': None, 'lon': None}","{'rh': 73.9, 'temp': 19.8, 'wd': 0.0, 'ws': 0.0, 'ws_scalar': 0.0}","{'gas': {'co': 18140, 'co2': 13263, 'no': 18141, 'no2': 18142, 'o3': 18143}, 'pm': {'pm1': 13209, 'pm10': 13211, 'pm25': 13210}}",0.73,6.98,17.93,7.02,8.9,7.57,777156172,73.9,MOD-00616,19.8,2026-09-10T08:26:48,2026-09-10T01:26:48,https://api.quant-aq.com/v1/devices/MOD-00616/data/777155847
262.09,616.13,"{'lat': None, 'lon': None}","{'rh': 73.9, 'temp': 19.9, 'wd': 0.0, 'ws': 0.0, 'ws_scalar': 0.0}","{'gas': {'co': 18140, 'co2': 13263, 'no': 18141, 'no2': 18142, 'o3': 18143}, 'pm': {'pm1': 13209, 'pm10': 13211, 'pm25': 13210}}",0.65,7.23,19.16,6.65,10.32,7.2,777156173,73.9,MOD-00616,19.9,2026-09-10T08:25:48,2026-09-10T01:25:48,https://api.quant-aq.com/v1/devices/MOD-00616/data/777155849
262.32,614.32,"{'lat': None, 'lon': None}","{'rh': 73.0, 'temp': 19.9, 'wd': 0.0, 'ws': 0.0, 'ws_scalar': 0.0}","{'gas': {'co': 18140, 'co2': 13263, 'no': 18141, 'no2': 18142, 'o3': 18143}, 'pm': {'pm1': 13209, 'pm10': 13211, 'pm25': 13210}}",0.83,6.06,15.74,6.75,7.61,6.97,777156174,73.0,MOD-00616,19.9,2026-09-10T08:24:48,2026-09-10T01:24:48,https://api.quant-aq.com/v1/devices/MOD-00616/data/777155848
262.23,617.21,"{'lat': None, 'lon': None}","{'rh': 73.7, 'temp': 19.9, 'wd': 0.0, 'ws': 0.0, 'ws_scalar': 0.0}","{'gas': {'co': 18140, 'co2': 13263, 'no': 18141, 'no2': 18142, 'o3': 18143}, 'pm': {'pm1': 13209, 'pm10': 13211, 'pm25': 13210}}",1.2,6.24,20.58,6.38,10.95,6.87,777153861,73.7,MOD-00616,19.9,2026-09-10T08:23:48,2026-09-10T01:23:48,https://api.quant-aq.com/v1/devices/MOD-00616/data/777153536
262.05,615.29,"{'lat': None, 'lon': None}","{'rh': 72.8, 'temp': 19.9, 'wd': 0.0, 'ws': 0.0, 'ws_scalar': 0.0}","{'gas': {'co': 18140, 'co2': 13263, 'no': 18141, 'no2': 18142, 'o3': 18143}, 'pm': {'pm1': 13209, 'pm10': 13211, 'pm25': 13210}}",0.57,8.05,17.96,6.53,12.21,6.79,777153859,72.8,MOD-00616,19.9,2026-09-10T08:22:48,2026-09-10T01:22:48,https://api.quant-aq.com/v1/devices/MOD-00616/data/777153534
260.41,610.35,"{'lat': None, 'lon': None}","{'rh': 72.8, 'temp': 19.9, 'wd': 0.0, 'ws': 0.0, 'ws_scalar': 0.0}","{'gas': {'co': 18140, 'co2': 13263, 'no': 18141, 'no2': 18142, 'o3': 18143}, 'pm': {'pm1': 13209, 'pm10': 13211, 'pm25': 13210}}",0.9,6.75,22.23,4.07,7.52,4.43,777153857,72.8,MOD-00616,19.9,2026-09-10T08:21:48,2026-09-10T01:21:48,https://api.quant-aq.com/v1/devices/MOD-00616/data/777153532
258.43,612.15,"{'lat': None, 'lon': None}","{'rh': 72.7, 'temp': 19.9, 'wd': 0.0, 'ws': 0.0, 'ws_scalar': 0.0}","{'gas': {'co': 18140, 'co2': 13263, 'no': 18141, 'no2': 18142, 'o3': 18143}, 'pm': {'pm1': 13209, 'pm10': 13211, 'pm25': 13210}}",0.51,9.74,23.62,5.52,8.51,6.0,777153858,72.7,MOD-00616,19.9,2026-09-10T08:20:47,2026-09-10T01:20:47,https://api.quant-aq.com/v1/devices/MOD-00616/data/777153533
267.44,607.46,"{'lat': None, 'lon': None}","{'rh': 69.8, 'temp': 19.9, 'wd': 0.0, 'ws': 0.0, 'ws_scalar': 0.0}","{'gas': {'co': 18140, 'co2': 13263, 'no': 18141, 'no2': 18142, 'o3': 18143}, 'pm': {'pm1': 13209, 'pm10': 13211, 'pm25': 13210}}",1.12,6.24,8.22,4.74,6.76,5.09,777151600,69.8,MOD-00616,19.9,2026-09-10T08:19:47,2026-09-10T01:19:47,https://api.quant-aq.com/v1/devices/MOD-00616/data/777151274
263.31,611.67,"{'lat': None, 'lon': None}","{'rh': 71.0, 'temp': 19.9, 'wd': 0.0, 'ws': 0.0, 'ws_scalar': 0.0}","{'gas': {'co': 18140, 'co2': 13263, 'no': 18141, 'no2': 18142, 'o3': 18143}, 'pm': {'pm1': 13209, 'pm10': 13211, 'pm25': 13210}}",1.8,5.3,16.96,6.71,10.04,7.12,777151599,71.0,MOD-00616,19.9,2026-09-10T08:18:47,2026-09-10T01:18:47,https://api.quant-aq.com/v1/devices/MOD-00616/data/777151273
260.99,612.27,"{'lat': None, 'lon': None}","{'rh': 70.8, 'temp': 19.9, 'wd': 0.0, 'ws': 0.0, 'ws_scalar': 0.0}","{'gas': {'co': 18140, 'co2': 13263, 'no': 18141, 'no2': 18142, 'o3': 18143}, 'pm': {'pm1': 13209, 'pm10': 13211, 'pm25': 13210}}",1.27,5.98,19.22,5.74,9.3,6.19,777151597,70.8,MOD-00616,19.9,2026-09-10T08:17:47,2026-09-10T01:17:47,https://api.quant-aq.com/v1/devices/MOD-00616/data/777151272
262.21,611.07,"{'lat': None, 'lon': None}","{'rh': 71.4, 'temp': 19.9, 'wd': 0.0, 'ws': 0.0, 'ws_scalar': 0.0}","{'gas': {'co': 18140, 'co2': 13263, 'no': 18141, 'no2': 18142, 'o3': 18143}, 'pm': {'pm1': 13209, 'pm10': 13211, 'pm25': 13210}}",0.54,9.7,24.63,6.07,11.43,6.4,777151598,71.4,MOD-00616,19.9,2026-09-10T08:16:47,2026-09-10T01:16:47,https://api.quant-aq.com/v1/devices/MOD-00616/data/777151275
268.16,607.82,"{'lat': None, 'lon': None}","{'rh': 68.2, 'temp': 19.9, 'wd': 0.0, 'ws': 0.0, 'ws_scalar': 0.0}","{'gas': {'co': 18140, 'co2': 13263, 'no': 18141, 'no2': 18142, 'o3': 18143}, 'pm': {'pm1': 13209, 'pm10': 13211, 'pm25': 13210}}",1.12,6.72,5.82,5.12,6.25,5.36,777149300,68.2,MOD-00616,19.9,2026-09-10T08:15:47,2026-09-10T01:15:47,https://api.quant-aq.com/v1/devices/MOD-00616/data/777148975
273.58,609.99,"{'lat': None, 'lon': None}","{'rh': 66.9, 'temp': 19.9, 'wd': 0.0, 'ws': 0.0, 'ws_scalar': 0.0}","{'gas': {'co': 18140, 'co2': 13263, 'no': 18141, 'no2': 18142, 'o3': 18143}, 'pm': {'pm1': 13209, 'pm10': 13211, 'pm25': 13210}}",1.65,5.59,-4.63,5.43,6.24,5.7,777149299,66.9,MOD-00616,19.9,2026-09-10T08:14:47,2026-09-10T01:14:47,https://api.quant-aq.com/v1/devices/MOD-00616/data/777148974
270.15,610.47,"{'lat': None, 'lon': None}","{'rh': 67.7, 'temp': 19.9, 'wd': 0.0, 'ws': 0.0, 'ws_scalar': 0.0}","{'gas': {'co': 18140, 'co2': 13263, 'no': 18141, 'no2': 18142, 'o3': 18143}, 'pm': {'pm1': 13209, 'pm10': 13211, 'pm25': 13210}}",2.16,4.83,-5.77,5.13,6.73,5.45,777149298,67.7,MOD-00616,19.9,2026-09-10T08:13:47,2026-09-10T01:13:47,https://api.quant-aq.com/v1/devices/MOD-00616/data/777148973
272.87,614.44,"{'lat': None, 'lon': None}","{'rh': 69.5, 'temp': 19.8, 'wd': 0.0, 'ws': 0.0, 'ws_scalar': 0.0}","{'gas': {'co': 18140, 'co2': 13263, 'no': 18141, 'no2': 18142, 'o3': 18143}, 'pm': {'pm1': 13209, 'pm10': 13211, 'pm25': 13210}}",2.16,4.41,0.86,5.38,6.4,5.66,777149297,69.5,MOD-00616,19.8,2026-09-10T08:12:47,2026-09-10T01:12:47,https://api.quant-aq.com/v1/devices/MOD-00616/data/777148972
263.53,616.25,"{'lat': None, 'lon': None}","{'rh': 71.7, 'temp': 19.8, 'wd': 0.0, 'ws': 0.0, 'ws_scalar': 0.0}","{'gas': {'co': 18140, 'co2': 13263, 'no': 18141, 'no2': 18142, 'o3': 18143}, 'pm': {'pm1': 13209, 'pm10': 13211, 'pm25': 13210}}",1.85,4.83,15.01,6.55,14.57,6.89,777146994,71.7,MOD-00616,19.8,2026-09-10T08:11:47,2026-09-10T01:11:47,https://api.quant-aq.com/v1/devices/MOD-00616/data/777146669
264.96,614.92,"{'lat': None, 'lon': None}","{'rh': 72.0, 'temp': 19.8, 'wd': 0.0, 'ws': 0.0, 'ws_scalar': 0.0}","{'gas': {'co': 18140, 'co2': 13263, 'no': 18141, 'no2': 18142, 'o3': 18143}, 'pm': {'pm1': 13209, 'pm10': 13211, 'pm25': 13210}}",0.6,10.94,17.26,5.97,10.41,6.46,777146993,72.0,MOD-00616,19.8,2026-09-10T08:10:47,2026-09-10T01:10:47,https://api.quant-aq.com/v1/devices/MOD-00616/data/777146668
269.16,610.71,"{'lat': None, 'lon': None}","{'rh': 70.7, 'temp': 19.8, 'wd': 0.0, 'ws': 0.0, 'ws_scalar': 0.0}","{'gas': {'co': 18140, 'co2': 13263, 'no': 18141, 'no2': 18142, 'o3': 18143}, 'pm': {'pm1': 13209, 'pm10': 13211, 'pm25': 13210}}",1.09,6.83,8.71,5.59,6.62,5.98,777146992,70.7,MOD-00616,19.8,2026-09-10T08:09:47,2026-09-10T01:09:47,https://api.quant-aq.com/v1/devices/MOD-00616/data/777146667
267.73,615.89,"{'lat': None, 'lon': None}","{'rh': 70.4, 'temp': 19.8, 'wd': 0.0, 'ws': 0.0, 'ws_scalar': 0.0}","{'gas': {'co': 18140, 'co2': 13263, 'no': 18141, 'no2': 18142, 'o3': 18143}, 'pm': {'pm1': 13209, 'pm10': 13211, 'pm25': 13210}}",2.72,4.19,3.78,4.89,11.08,5.27,777146991,70.4,MOD-00616,19.8,2026-09-10T08:08:47,2026-09-10T01:08:47,https://api.quant-aq.com/v1/devices/MOD-00616/data/777146666
272.69,616.49,"{'lat': None, 'lon': None}","{'rh': 71.5, 'temp': 19.8, 'wd': 0.0, 'ws': 0.0, 'ws_scalar': 0.0}","{'gas': {'co': 18140, 'co2': 13263, 'no': 18141, 'no2': 18142, 'o3': 18143}, 'pm': {'pm1': 13209, 'pm10': 13211, 'pm25': 13210}}",0.98,5.94,13.25,6.18,7.14,6.64,777144630,71.5,MOD-00616,19.8,2026-09-10T08:07:46,2026-09-10T01:07:46,https://api.quant-aq.com/v1/devices/MOD-00616/data/777144305
268.64,613.24,"{'lat': None, 'lon': None}","{'rh': 72.6, 'temp': 19.8, 'wd': 0.0, 'ws': 0.0, 'ws_scalar': 0.0}","{'gas': {'co': 18140, 'co2': 13263, 'no': 18141, 'no2': 18142, 'o3': 18143}, 'pm': {'pm1': 13209, 'pm10': 13211, 'pm25': 13210}}",0.56,9.5,20.57,5.7,7.16,6.26,777144629,72.6,MOD-00616,19.8,2026-09-10T08:06:46,2026-09-10T01:06:46,https://api.quant-aq.com/v1/devices/MOD-00616/data/777144304
276.07,611.79,"{'lat': None, 'lon': None}","{'rh': 70.2, 'temp': 19.8, 'wd': 0.0, 'ws': 0.0, 'ws_scalar': 0.0}","{'gas': {'co': 18140, 'co2': 13263, 'no': 18141, 'no2': 18142, 'o3': 18143}, 'pm': {'pm1': 13209, 'pm10': 13211, 'pm25': 13210}}",1.65,5.35,7.0,6.47,7.26,6.82,777144628,70.2,MOD-00616,19.8,2026-09-10T08:05:46,2026-09-10T01:05:46,https://api.quant-aq.com/v1/devices/MOD-00616/data/777144303
273.09,613.36,"{'lat': None, 'lon': None}","{'rh': 72.1, 'temp': 19.8, 'wd': 0.0, 'ws': 0.0, 'ws_scalar': 0.0}","{'gas': {'co': 18140, 'co2': 13263, 'no': 18141, 'no2': 18142, 'o3': 18143}, 'pm': {'pm1': 13209, 'pm10': 13211, 'pm25': 13210}}",0.55,8.63,18.69,4.14,8.07,4.54,777144627,72.1,MOD-00616,19.8,2026-09-10T08:04:46,2026-09-10T01:04:46,https://api.quant-aq.com/v1/devices/MOD-00616/data/777144302
277.57,606.13,"{'lat': None, 'lon': None}","{'rh': 70.4, 'temp': 19.8, 'wd': 0.0, 'ws': 0.0, 'ws_scalar': 0.0}","{'gas': {'co': 18140, 'co2': 13263, 'no': 18141, 'no2': 18142, 'o3': 18143}, 'pm': {'pm1': 13209, 'pm10': 13211, 'pm25': 13210}}",1.58,5.49,13.25,6.12,13.51,6.25,777142296,70.4,MOD-00616,19.8,2026-09-10T08:03:46,2026-09-10T01:03:46,https://api.quant-aq.com/v1/devices/MOD-00616/data/777141970
276.91,610.35,"{'lat': None, 'lon': None}","{'rh': 72.5, 'temp': 19.8, 'wd': 0.0, 'ws': 0.0, 'ws_scalar': 0.0}","{'gas': {'co': 18140, 'co2': 13263, 'no': 18141, 'no2': 18142, 'o3': 18143}, 'pm': {'pm1': 13209, 'pm10': 13211, 'pm25': 13210}}",0.52,10.37,26.13,5.67,8.42,6.1,777142297,72.5,MOD-00616,19.8,2026-09-10T08:02:46,2026-09-10T01:02:46,https://api.quant-aq.com/v1/devices/MOD-00616/data/777141972
276.24,606.73,"{'lat': None, 'lon': None}","{'rh': 69.8, 'temp': 19.7, 'wd': 0.0, 'ws': 0.0, 'ws_scalar': 0.0}","{'gas': {'co': 18140, 'co2': 13263, 'no': 18141, 'no2': 18142, 'o3': 18143}, 'pm': {'pm1': 13209, 'pm10': 13211, 'pm25': 13210}}",0.65,9.49,9.84,3.94,4.62,4.15,777142295,69.8,MOD-00616,19.7,2026-09-10T08:01:46,2026-09-10T01:01:46,https://api.quant-aq.com/v1/devices/MOD-00616/data/777141971
282.28,608.54,"{'lat': None, 'lon': None}","{'rh': 68.8, 'temp': 19.7, 'wd': 0.0, 'ws': 0.0, 'ws_scalar': 0.0}","{'gas': {'co': 18140, 'co2': 13263, 'no': 18141, 'no2': 18142, 'o3': 18143}, 'pm': {'pm1': 13209, 'pm10': 13211, 'pm25': 13210}}",2.01,5.04,-3.01,2.95,6.75,3.3,777142294,68.8,MOD-00616,19.7,2026-09-10T08:00:46,2026-09-10T01:00:46,https://api.quant-aq.com/v1/devices/MOD-00616/data/777141969
274.12,611.79,"{'lat': None, 'lon': None}","{'rh': 69.9, 'temp': 19.7, 'wd': 0.0, 'ws': 0.0, 'ws_scalar': 0.0}","{'gas': {'co': 18140, 'co2': 13263, 'no': 18141, 'no2': 18142, 'o3': 18143}, 'pm': {'pm1': 13209, 'pm10': 13211, 'pm25': 13210}}",1.75,5.85,7.58,4.51,5.95,4.8,777139974,69.9,MOD-00616,19.7,2026-09-10T07:59:46,2026-09-10T00:59:46,https://api.quant-aq.com/v1/devices/MOD-00616/data/777139649
278.16,612.52,"{'lat': None, 'lon': None}","{'rh': 71.0, 'temp': 19.6, 'wd': 0.0, 'ws': 0.0, 'ws_scalar': 0.0}","{'gas': {'co': 18140, 'co2': 13263, 'no': 18141, 'no2': 18142, 'o3': 18143}, 'pm': {'pm1': 13209, 'pm10': 13211, 'pm25': 13210}}",0.71,8.13,14.94,4.83,6.85,5.12,777139977,71.0,MOD-00616,19.6,2026-09-10T07:58:46,2026-09-10T00:58:46,https://api.quant-aq.com/v1/devices/MOD-00616/data/777139652
277.3,609.26,"{'lat': None, 'lon': None}","{'rh': 69.3, 'temp': 19.6, 'wd': 0.0, 'ws': 0.0, 'ws_scalar': 0.0}","{'gas': {'co': 18140, 'co2': 13263, 'no': 18141, 'no2': 18142, 'o3': 18143}, 'pm': {'pm1': 13209, 'pm10': 13211, 'pm25': 13210}}",1.19,6.46,-0.04,3.88,5.12,4.31,777139975,69.3,MOD-00616,19.6,2026-09-10T07:57:46,2026-09-10T00:57:46,https://api.quant-aq.com/v1/devices/MOD-00616/data/777139650
279.51,610.35,"{'lat': None, 'lon': None}","{'rh': 69.5, 'temp': 19.5, 'wd': 0.0, 'ws': 0.0, 'ws_scalar': 0.0}","{'gas': {'co': 18140, 'co2': 13263, 'no': 18141, 'no2': 18142, 'o3': 18143}, 'pm': {'pm1': 13209, 'pm10': 13211, 'pm25': 13210}}",1.47,5.68,-4.56,4.51,8.66,4.68,777139976,69.5,MOD-00616,19.5,2026-09-10T07:56:46,2026-09-10T00:56:46,https://api.quant-aq.com/v1/devices/MOD-00616/data/777139651
280.47,610.71,"{'lat': None, 'lon': None}","{'rh': 69.3, 'temp': 19.5, 'wd': 0.0, 'ws': 0.0, 'ws_scalar': 0.0}","{'gas': {'co': 18140, 'co2': 13263, 'no': 18141, 'no2': 18142, 'o3': 18143}, 'pm': {'pm1': 13209, 'pm10': 13211, 'pm25': 13210}}",1.41,5.54,-17.2,4.89,8.72,5.19,777137649,69.3,MOD-00616,19.5,2026-09-10T07:55:46,2026-09-10T00:55:46,https://api.quant-aq.com/v1/devices/MOD-00616/data/777137324
289.41,602.4,"{'lat': None, 'lon': None}","{'rh': 70.0, 'temp': 19.5, 'wd': 0.0, 'ws': 0.0, 'ws_scalar': 0.0}","{'gas': {'co': 18140, 'co2': 13263, 'no': 18141, 'no2': 18142, 'o3': 18143}, 'pm': {'pm1': 13209, 'pm10': 13211, 'pm25': 13210}}",3.13,3.63,-15.78,5.87,7.21,6.15,777137648,70.0,MOD-00616,19.5,2026-09-10T07:54:45,2026-09-10T00:54:45,https://api.quant-aq.com/v1/devices/MOD-00616/data/777137323
282.05,615.89,"{'lat': None, 'lon': None}","{'rh': 75.8, 'temp': 19.5, 'wd': 0.0, 'ws': 0.0, 'ws_scalar': 0.0}","{'gas': {'co': 18140, 'co2': 13263, 'no': 18141, 'no2': 18142, 'o3': 18143}, 'pm': {'pm1': 13209, 'pm10': 13211, 'pm25': 13210}}",0.63,7.88,15.17,5.8,10.45,6.31,777137647,75.8,MOD-00616,19.5,2026-09-10T07:53:45,2026-09-10T00:53:45,https://api.quant-aq.com/v1/devices/MOD-00616/data/777137322
278.91,616.13,"{'lat': None, 'lon': None}","{'rh': 75.6, 'temp': 19.5, 'wd': 0.0, 'ws': 0.0, 'ws_scalar': 0.0}","{'gas': {'co': 18140, 'co2': 13263, 'no': 18141, 'no2': 18142, 'o3': 18143}, 'pm': {'pm1': 13209, 'pm10': 13211, 'pm25': 13210}}",0.5,7.57,11.66,6.71,16.48,7.0,777137646,75.6,MOD-00616,19.5,2026-09-10T07:52:45,2026-09-10T00:52:45,https://api.quant-aq.com/v1/devices/MOD-00616/data/777137320
274.32,619.14,"{'lat': None, 'lon': None}","{'rh': 76.3, 'temp': 19.5, 'wd': 0.0, 'ws': 0.0, 'ws_scalar': 0.0}","{'gas': {'co': 18140, 'co2': 13263, 'no': 18141, 'no2': 18142, 'o3': 18143}, 'pm': {'pm1': 13209, 'pm10': 13211, 'pm25': 13210}}",0.49,8.21,15.92,6.18,8.04,6.44,777135318,76.3,MOD-00616,19.5,2026-09-10T07:51:45,2026-09-10T00:51:45,https://api.quant-aq.com/v1/devices/MOD-00616/data/777134991
271.5,617.09,"{'lat': None, 'lon': None}","{'rh': 76.8, 'temp': 19.5, 'wd': 0.0, 'ws': 0.0, 'ws_scalar': 0.0}","{'gas': {'co': 18140, 'co2': 13263, 'no': 18141, 'no2': 18142, 'o3': 18143}, 'pm': {'pm1': 13209, 'pm10': 13211, 'pm25': 13210}}",0.48,9.22,20.54,6.16,9.66,6.32,777135317,76.8,MOD-00616,19.5,2026-09-10T07:50:45,2026-09-10T00:50:45,https://api.quant-aq.com/v1/devices/MOD-00616/data/777134993
276.03,616.25,"{'lat': None, 'lon': None}","{'rh': 76.2, 'temp': 19.5, 'wd': 0.0, 'ws': 0.0, 'ws_scalar': 0.0}","{'gas': {'co': 18140, 'co2': 13263, 'no': 18141, 'no2': 18142, 'o3': 18143}, 'pm': {'pm1': 13209, 'pm10': 13211, 'pm25': 13210}}",0.52,9.18,19.21,6.34,7.97,6.73,777135316,76.2,MOD-00616,19.5,2026-09-10T07:49:45,2026-09-10T00:49:45,https://api.quant-aq.com/v1/devices/MOD-00616/data/777134992
276.58,616.85,"{'lat': None, 'lon': None}","{'rh': 76.0, 'temp': 19.5, 'wd': 0.0, 'ws': 0.0, 'ws_scalar': 0.0}","{'gas': {'co': 18140, 'co2': 13263, 'no': 18141, 'no2': 18142, 'o3': 18143}, 'pm': {'pm1': 13209, 'pm10': 13211, 'pm25': 13210}}",0.53,9.5,20.47,6.37,13.66,6.91,777135315,76.0,MOD-00616,19.5,2026-09-10T07:48:45,2026-09-10T00:48:45,https://api.quant-aq.com/v1/devices/MOD-00616/data/777134990
281.41,617.21,"{'lat': None, 'lon': None}","{'rh': 74.8, 'temp': 19.4, 'wd': 0.0, 'ws': 0.0, 'ws_scalar': 0.0}","{'gas': {'co': 18140, 'co2': 13263, 'no': 18141, 'no2': 18142, 'o3': 18143}, 'pm': {'pm1': 13209, 'pm10': 13211, 'pm25': 13210}}",0.56,8.2,12.86,6.11,8.21,6.43,777132967,74.8,MOD-00616,19.4,2026-09-10T07:47:45,2026-09-10T00:47:45,https://api.quant-aq.com/v1/devices/MOD-00616/data/777132643
277.04,611.07,"{'lat': None, 'lon': None}","{'rh': 74.6, 'temp': 19.4, 'wd': 0.0, 'ws': 0.0, 'ws_scalar': 0.0}","{'gas': {'co': 18140, 'co2': 13263, 'no': 18141, 'no2': 18142, 'o3': 18143}, 'pm': {'pm1': 13209, 'pm10': 13211, 'pm25': 13210}}",0.64,7.29,10.96,6.46,9.39,6.88,777132968,74.6,MOD-00616,19.4,2026-09-10T07:46:45,2026-09-10T00:46:45,https://api.quant-aq.com/v1/devices/MOD-00616/data/777132642
279.48,614.56,"{'lat': None, 'lon': None}","{'rh': 75.8, 'temp': 19.4, 'wd': 0.0, 'ws': 0.0, 'ws_scalar': 0.0}","{'gas': {'co': 18140, 'co2': 13263, 'no': 18141, 'no2': 18142, 'o3': 18143}, 'pm': {'pm1': 13209, 'pm10': 13211, 'pm25': 13210}}",0.52,8.22,18.25,6.44,7.86,6.87,777132966,75.8,MOD-00616,19.4,2026-09-10T07:45:45,2026-09-10T00:45:45,https://api.quant-aq.com/v1/devices/MOD-00616/data/777132641
278.39,612.76,"{'lat': None, 'lon': None}","{'rh': 75.6, 'temp': 19.4, 'wd': 0.0, 'ws': 0.0, 'ws_scalar': 0.0}","{'gas': {'co': 18140, 'co2': 13263, 'no': 18141, 'no2': 18142, 'o3': 18143}, 'pm': {'pm1': 13209, 'pm10': 13211, 'pm25': 13210}}",0.56,9.87,20.85,6.95,8.29,7.24,777132965,75.6,MOD-00616,19.4,2026-09-10T07:44:45,2026-09-10T00:44:45,https://api.quant-aq.com/v1/devices/MOD-00616/data/777132640
275.52,609.5,"{'lat': None, 'lon': None}","{'rh': 75.6, 'temp': 19.4, 'wd': 0.0, 'ws': 0.0, 'ws_scalar': 0.0}","{'gas': {'co': 18140, 'co2': 13263, 'no': 18141, 'no2': 18142, 'o3': 18143}, 'pm': {'pm1': 13209, 'pm10': 13211, 'pm25': 13210}}",0.58,10.56,19.23,6.18,9.0,6.66,777130645,75.6,MOD-00616,19.4,2026-09-10T07:43:45,2026-09-10T00:43:45,https://api.quant-aq.com/v1/devices/MOD-00616/data/777130320
285.13,609.87,"{'lat': None, 'lon': None}","{'rh': 73.6, 'temp': 19.4, 'wd': 0.0, 'ws': 0.0, 'ws_scalar': 0.0}","{'gas': {'co': 18140, 'co2': 13263, 'no': 18141, 'no2': 18142, 'o3': 18143}, 'pm': {'pm1': 13209, 'pm10': 13211, 'pm25': 13210}}",0.6,8.18,6.56,5.52,9.64,5.91,777130643,73.6,MOD-00616,19.4,2026-09-10T07:42:44,2026-09-10T00:42:44,https://api.quant-aq.com/v1/devices/MOD-00616/data/777130318
279.33,613.12,"{'lat': None, 'lon': None}","{'rh': 73.1, 'temp': 19.4, 'wd': 0.0, 'ws': 0.0, 'ws_scalar': 0.0}","{'gas': {'co': 18140, 'co2': 13263, 'no': 18141, 'no2': 18142, 'o3': 18143}, 'pm': {'pm1': 13209, 'pm10': 13211, 'pm25': 13210}}",0.78,6.04,-1.54,5.57,6.36,5.87,777130644,73.1,MOD-00616,19.4,2026-09-10T07:41:44,2026-09-10T00:41:44,https://api.quant-aq.com/v1/devices/MOD-00616/data/777130319
282.83,616.25,"{'lat': None, 'lon': None}","{'rh': 75.7, 'temp': 19.4, 'wd': 0.0, 'ws': 0.0, 'ws_scalar': 0.0}","{'gas': {'co': 18140, 'co2': 13263, 'no': 18141, 'no2': 18142, 'o3': 18143}, 'pm': {'pm1': 13209, 'pm10': 13211, 'pm25': 13210}}",1.19,4.87,12.11,3.08,4.89,3.54,777130642,75.7,MOD-00616,19.4,2026-09-10T07:40:44,2026-09-10T00:40:44,https://api.quant-aq.com/v1/devices/MOD-00616/data/777130316
278.85,615.89,"{'lat': None, 'lon': None}","{'rh': 76.7, 'temp': 19.4, 'wd': 0.0, 'ws': 0.0, 'ws_scalar': 0.0}","{'gas': {'co': 18140, 'co2': 13263, 'no': 18141, 'no2': 18142, 'o3': 18143}, 'pm': {'pm1': 13209, 'pm10': 13211, 'pm25': 13210}}",0.53,9.26,15.99,4.47,5.41,4.85,777128351,76.7,MOD-00616,19.4,2026-09-10T07:39:44,2026-09-10T00:39:44,https://api.quant-aq.com/v1/devices/MOD-00616/data/777128026
275.01,616.49,"{'lat': None, 'lon': None}","{'rh': 76.9, 'temp': 19.4, 'wd': 0.0, 'ws': 0.0, 'ws_scalar': 0.0}","{'gas': {'co': 18140, 'co2': 13263, 'no': 18141, 'no2': 18142, 'o3': 18143}, 'pm': {'pm1': 13209, 'pm10': 13211, 'pm25': 13210}}",0.51,9.27,18.72,6.13,15.0,6.38,777128349,76.9,MOD-00616,19.4,2026-09-10T07:38:44,2026-09-10T00:38:44,https://api.quant-aq.com/v1/devices/MOD-00616/data/777128024
278.29,615.41,"{'lat': None, 'lon': None}","{'rh': 76.9, 'temp': 19.4, 'wd': 0.0, 'ws': 0.0, 'ws_scalar': 0.0}","{'gas': {'co': 18140, 'co2': 13263, 'no': 18141, 'no2': 18142, 'o3': 18143}, 'pm': {'pm1': 13209, 'pm10': 13211, 'pm25': 13210}}",0.53,9.62,20.42,6.43,9.05,6.81,777128347,76.9,MOD-00616,19.4,2026-09-10T07:37:44,2026-09-10T00:37:44,https://api.quant-aq.com/v1/devices/MOD-00616/data/777128022
281.11,614.56,"{'lat': None, 'lon': None}","{'rh': 76.4, 'temp': 19.4, 'wd': 0.0, 'ws': 0.0, 'ws_scalar': 0.0}","{'gas': {'co': 18140, 'co2': 13263, 'no': 18141, 'no2': 18142, 'o3': 18143}, 'pm': {'pm1': 13209, 'pm10': 13211, 'pm25': 13210}}",0.55,10.28,17.47,6.06,7.43,6.44,777128350,76.4,MOD-00616,19.4,2026-09-10T07:36:44,2026-09-10T00:36:44,https://api.quant-aq.com/v1/devices/MOD-00616/data/777128025
284.4,616.25,"{'lat': None, 'lon': None}","{'rh': 75.8, 'temp': 19.4, 'wd': 0.0, 'ws': 0.0, 'ws_scalar': 0.0}","{'gas': {'co': 18140, 'co2': 13263, 'no': 18141, 'no2': 18142, 'o3': 18143}, 'pm': {'pm1': 13209, 'pm10': 13211, 'pm25': 13210}}",0.54,8.55,15.39,5.85,6.63,6.31,777125942,75.8,MOD-00616,19.4,2026-09-10T07:35:44,2026-09-10T00:35:44,https://api.quant-aq.com/v1/devices/MOD-00616/data/777125617
286.78,615.89,"{'lat': None, 'lon': None}","{'rh': 76.5, 'temp': 19.4, 'wd': 0.0, 'ws': 0.0, 'ws_scalar': 0.0}","{'gas': {'co': 18140, 'co2': 13263, 'no': 18141, 'no2': 18142, 'o3': 18143}, 'pm': {'pm1': 13209, 'pm10': 13211, 'pm25': 13210}}",0.52,8.91,17.96,6.12,8.36,6.67,777125941,76.5,MOD-00616,19.4,2026-09-10T07:34:44,2026-09-10T00:34:44,https://api.quant-aq.com/v1/devices/MOD-00616/data/777125616
279.06,615.29,"{'lat': None, 'lon': None}","{'rh': 76.4, 'temp': 19.4, 'wd': 0.0, 'ws': 0.0, 'ws_scalar': 0.0}","{'gas': {'co': 18140, 'co2': 13263, 'no': 18141, 'no2': 18142, 'o3': 18143}, 'pm': {'pm1': 13209, 'pm10': 13211, 'pm25': 13210}}",0.55,9.93,18.96,6.14,9.59,6.32,777125940,76.4,MOD-00616,19.4,2026-09-10T07:33:44,2026-09-10T00:33:44,https://api.quant-aq.com/v1/devices/MOD-00616/data/777125614
280.98,613.12,"{'lat': None, 'lon': None}","{'rh': 76.0, 'temp': 19.4, 'wd': 0.0, 'ws': 0.0, 'ws_scalar': 0.0}","{'gas': {'co': 18140, 'co2': 13263, 'no': 18141, 'no2': 18142, 'o3': 18143}, 'pm': {'pm1': 13209, 'pm10': 13211, 'pm25': 13210}}",0.55,9.56,18.2,6.13,8.94,6.45,777125939,76.0,MOD-00616,19.4,2026-09-10T07:32:44,2026-09-10T00:32:44,https://api.quant-aq.com/v1/devices/MOD-00616/data/777125615
281.05,613.12,"{'lat': None, 'lon': None}","{'rh': 75.9, 'temp': 19.4, 'wd': 0.0, 'ws': 0.0, 'ws_scalar': 0.0}","{'gas': {'co': 18140, 'co2': 13263, 'no': 18141, 'no2': 18142, 'o3': 18143}, 'pm': {'pm1': 13209, 'pm10': 13211, 'pm25': 13210}}",0.54,9.21,16.97,6.53,11.75,6.88,777123635,75.9,MOD-00616,19.4,2026-09-10T07:31:43,2026-09-10T00:31:43,https://api.quant-aq.com/v1/devices/MOD-00616/data/777123310
278.93,613.72,"{'lat': None, 'lon': None}","{'rh': 76.0, 'temp': 19.4, 'wd': 0.0, 'ws': 0.0, 'ws_scalar': 0.0}","{'gas': {'co': 18140, 'co2': 13263, 'no': 18141, 'no2': 18142, 'o3': 18143}, 'pm': {'pm1': 13209, 'pm10': 13211, 'pm25': 13210}}",0.53,8.88,18.45,6.33,7.55,6.8,777123634,76.0,MOD-00616,19.4,2026-09-10T07:30:43,2026-09-10T00:30:43,https://api.quant-aq.com/v1/devices/MOD-00616/data/777123309
279.34,613.84,"{'lat': None, 'lon': None}","{'rh': 76.0, 'temp': 19.4, 'wd': 0.0, 'ws': 0.0, 'ws_scalar': 0.0}","{'gas': {'co': 18140, 'co2': 13263, 'no': 18141, 'no2': 18142, 'o3': 18143}, 'pm': {'pm1': 13209, 'pm10': 13211, 'pm25': 13210}}",0.56,10.25,19.78,6.6,9.0,7.14,777123633,76.0,MOD-00616,19.4,2026-09-10T07:29:43,2026-09-10T00:29:43,https://api.quant-aq.com/v1/devices/MOD-00616/data/777123308
279.89,610.59,"{'lat': None, 'lon': None}","{'rh': 75.8, 'temp': 19.4, 'wd': 0.0, 'ws': 0.0, 'ws_scalar': 0.0}","{'gas': {'co': 18140, 'co2': 13263, 'no': 18141, 'no2': 18142, 'o3': 18143}, 'pm': {'pm1': 13209, 'pm10': 13211, 'pm25': 13210}}",0.54,8.87,18.92,6.59,10.78,6.85,777123632,75.8,MOD-00616,19.4,2026-09-10T07:28:43,2026-09-10T00:28:43,https://api.quant-aq.com/v1/devices/MOD-00616/data/777123307
280.89,610.83,"{'lat': None, 'lon': None}","{'rh': 75.7, 'temp': 19.5, 'wd': 0.0, 'ws': 0.0, 'ws_scalar': 0.0}","{'gas': {'co': 18140, 'co2': 13263, 'no': 18141, 'no2': 18142, 'o3': 18143}, 'pm': {'pm1': 13209, 'pm10': 13211, 'pm25': 13210}}",0.54,10.15,19.34,6.65,8.26,7.01,777121322,75.7,MOD-00616,19.5,2026-09-10T07:27:43,2026-09-10T00:27:43,https://api.quant-aq.com/v1/devices/MOD-00616/data/777120997
278.91,620.22,"{'lat': None, 'lon': None}","{'rh': 75.6, 'temp': 19.5, 'wd': 0.0, 'ws': 0.0, 'ws_scalar': 0.0}","{'gas': {'co': 18140, 'co2': 13263, 'no': 18141, 'no2': 18142, 'o3': 18143}, 'pm': {'pm1': 13209, 'pm10': 13211, 'pm25': 13210}}",0.54,9.15,20.62,6.48,10.54,6.98,777121321,75.6,MOD-00616,19.5,2026-09-10T07:26:43,2026-09-10T00:26:43,https://api.quant-aq.com/v1/devices/MOD-00616/data/777120996
282.33,614.08,"{'lat': None, 'lon': None}","{'rh': 75.4, 'temp': 19.5, 'wd': 0.0, 'ws': 0.0, 'ws_scalar': 0.0}","{'gas': {'co': 18140, 'co2': 13263, 'no': 18141, 'no2': 18142, 'o3': 18143}, 'pm': {'pm1': 13209, 'pm10': 13211, 'pm25': 13210}}",0.55,9.47,20.06,6.5,8.82,6.85,777121319,75.4,MOD-00616,19.5,2026-09-10T07:25:43,2026-09-10T00:25:43,https://api.quant-aq.com/v1/devices/MOD-00616/data/777120995
282.68,612.64,"{'lat': None, 'lon': None}","{'rh': 74.9, 'temp': 19.5, 'wd': 0.0, 'ws': 0.0, 'ws_scalar': 0.0}","{'gas': {'co': 18140, 'co2': 13263, 'no': 18141, 'no2': 18142, 'o3': 18143}, 'pm': {'pm1': 13209, 'pm10': 13211, 'pm25': 13210}}",0.54,8.8,18.06,6.59,10.06,6.86,777121320,74.9,MOD-00616,19.5,2026-09-10T07:24:43,2026-09-10T00:24:43,https://api.quant-aq.com/v1/devices/MOD-00616/data/777120994
279.67,613.72,"{'lat': None, 'lon': None}","{'rh': 75.1, 'temp': 19.5, 'wd': 0.0, 'ws': 0.0, 'ws_scalar': 0.0}","{'gas': {'co': 18140, 'co2': 13263, 'no': 18141, 'no2': 18142, 'o3': 18143}, 'pm': {'pm1': 13209, 'pm10': 13211, 'pm25': 13210}}",0.57,10.11,18.47,6.29,11.41,6.71,777119010,75.1,MOD-00616,19.5,2026-09-10T07:23:43,2026-09-10T00:23:43,https://api.quant-aq.com/v1/devices/MOD-00616/data/777118685
279.06,613.84,"{'lat': None, 'lon': None}","{'rh': 74.8, 'temp': 19.5, 'wd': 0.0, 'ws': 0.0, 'ws_scalar': 0.0}","{'gas': {'co': 18140, 'co2': 13263, 'no': 18141, 'no2': 18142, 'o3': 18143}, 'pm': {'pm1': 13209, 'pm10': 13211, 'pm25': 13210}}",0.54,9.44,19.65,6.06,6.9,6.51,777119011,74.8,MOD-00616,19.5,2026-09-10T07:22:43,2026-09-10T00:22:43,https://api.quant-aq.com/v1/devices/MOD-00616/data/777118686
286.93,613.0,"{'lat': None, 'lon': None}","{'rh': 74.7, 'temp': 19.5, 'wd': 0.0, 'ws': 0.0, 'ws_scalar': 0.0}","{'gas': {'co': 18140, 'co2': 13263, 'no': 18141, 'no2': 18142, 'o3': 18143}, 'pm': {'pm1': 13209, 'pm10': 13211, 'pm25': 13210}}",0.55,8.79,20.36,6.21,8.84,6.47,777119008,74.7,MOD-00616,19.5,2026-09-10T07:21:43,2026-09-10T00:21:43,https://api.quant-aq.com/v1/devices/MOD-00616/data/777118683
283.79,613.36,"{'lat': None, 'lon': None}","{'rh': 74.5, 'temp': 19.5, 'wd': 0.0, 'ws': 0.0, 'ws_scalar': 0.0}","{'gas': {'co': 18140, 'co2': 13263, 'no': 18141, 'no2': 18142, 'o3': 18143}, 'pm': {'pm1': 13209, 'pm10': 13211, 'pm25': 13210}}",0.58,9.42,17.85,6.27,9.47,6.72,777119007,74.5,MOD-00616,19.5,2026-09-10T07:20:43,2026-09-10T00:20:43,https://api.quant-aq.com/v1/devices/MOD-00616/data/777118682
281.11,612.64,"{'lat': None, 'lon': None}","{'rh': 74.8, 'temp': 19.5, 'wd': 0.0, 'ws': 0.0, 'ws_scalar': 0.0}","{'gas': {'co': 18140, 'co2': 13263, 'no': 18141, 'no2': 18142, 'o3': 18143}, 'pm': {'pm1': 13209, 'pm10': 13211, 'pm25': 13210}}",0.54,9.11,20.23,4.7,10.3,5.07,777116693,74.8,MOD-00616,19.5,2026-09-10T07:19:43,2026-09-10T00:19:43,https://api.quant-aq.com/v1/devices/MOD-00616/data/777116368
279.88,611.55,"{'lat': None, 'lon': None}","{'rh': 74.8, 'temp': 19.5, 'wd': 0.0, 'ws': 0.0, 'ws_scalar': 0.0}","{'gas': {'co': 18140, 'co2': 13263, 'no': 18141, 'no2': 18142, 'o3': 18143}, 'pm': {'pm1': 13209, 'pm10': 13211, 'pm25': 13210}}",0.58,10.42,24.3,6.33,8.4,6.76,777116692,74.8,MOD-00616,19.5,2026-09-10T07:18:42,2026-09-10T00:18:42,https://api.quant-aq.com/v1/devices/MOD-00616/data/777116367
286.66,611.07,"{'lat': None, 'lon': None}","{'rh': 74.5, 'temp': 19.5, 'wd': 0.0, 'ws': 0.0, 'ws_scalar': 0.0}","{'gas': {'co': 18140, 'co2': 13263, 'no': 18141, 'no2': 18142, 'o3': 18143}, 'pm': {'pm1': 13209, 'pm10': 13211, 'pm25': 13210}}",0.59,11.07,23.16,6.02,7.18,6.54,777116691,74.5,MOD-00616,19.5,2026-09-10T07:17:42,2026-09-10T00:17:42,https://api.quant-aq.com/v1/devices/MOD-00616/data/777116366
273.3,608.9,"{'lat': None, 'lon': None}","{'rh': 72.5, 'temp': 19.5, 'wd': 0.0, 'ws': 0.0, 'ws_scalar': 0.0}","{'gas': {'co': 18140, 'co2': 13263, 'no': 18141, 'no2': 18142, 'o3': 18143}, 'pm': {'pm1': 13209, 'pm10': 13211, 'pm25': 13210}}",0.65,10.28,8.96,4.16,5.41,4.47,777116690,72.5,MOD-00616,19.5,2026-09-10T07:16:42,2026-09-10T00:16:42,https://api.quant-aq.com/v1/devices/MOD-00616/data/777116364
284.58,608.18,"{'lat': None, 'lon': None}","{'rh': 72.2, 'temp': 19.5, 'wd': 0.0, 'ws': 0.0, 'ws_scalar': 0.0}","{'gas': {'co': 18140, 'co2': 13263, 'no': 18141, 'no2': 18142, 'o3': 18143}, 'pm': {'pm1': 13209, 'pm10': 13211, 'pm25': 13210}}",1.01,5.88,2.74,4.63,7.4,4.88,777114407,72.2,MOD-00616,19.5,2026-09-10T07:15:42,2026-09-10T00:15:42,https://api.quant-aq.com/v1/devices/MOD-00616/data/777114082
284.95,611.67,"{'lat': None, 'lon': None}","{'rh': 74.6, 'temp': 19.5, 'wd': 0.0, 'ws': 0.0, 'ws_scalar': 0.0}","{'gas': {'co': 18140, 'co2': 13263, 'no': 18141, 'no2': 18142, 'o3': 18143}, 'pm': {'pm1': 13209, 'pm10': 13211, 'pm25': 13210}}",0.89,7.28,15.51,6.07,7.7,6.39,777114409,74.6,MOD-00616,19.5,2026-09-10T07:14:42,2026-09-10T00:14:42,https://api.quant-aq.com/v1/devices/MOD-00616/data/777114083
280.94,611.55,"{'lat': None, 'lon': None}","{'rh': 75.2, 'temp': 19.6, 'wd': 0.0, 'ws': 0.0, 'ws_scalar': 0.0}","{'gas': {'co': 18140, 'co2': 13263, 'no': 18141, 'no2': 18142, 'o3': 18143}, 'pm': {'pm1': 13209, 'pm10': 13211, 'pm25': 13210}}",0.53,9.4,18.24,5.74,7.68,5.97,777114408,75.2,MOD-00616,19.6,2026-09-10T07:13:42,2026-09-10T00:13:42,https://api.quant-aq.com/v1/devices/MOD-00616/data/777114084
284.63,611.55,"{'lat': None, 'lon': None}","{'rh': 75.2, 'temp': 19.6, 'wd': 0.0, 'ws': 0.0, 'ws_scalar': 0.0}","{'gas': {'co': 18140, 'co2': 13263, 'no': 18141, 'no2': 18142, 'o3': 18143}, 'pm': {'pm1': 13209, 'pm10': 13211, 'pm25': 13210}}",0.53,10.38,18.32,3.43,13.37,3.93,777114406,75.2,MOD-00616,19.6,2026-09-10T07:12:42,2026-09-10T00:12:42,https://api.quant-aq.com/v1/devices/MOD-00616/data/777114081
282.78,610.35,"{'lat': None, 'lon': None}","{'rh': 75.5, 'temp': 19.6, 'wd': 0.0, 'ws': 0.0, 'ws_scalar': 0.0}","{'gas': {'co': 18140, 'co2': 13263, 'no': 18141, 'no2': 18142, 'o3': 18143}, 'pm': {'pm1': 13209, 'pm10': 13211, 'pm25': 13210}}",0.51,9.42,24.6,6.45,23.46,7.06,777112118,75.5,MOD-00616,19.6,2026-09-10T07:11:42,2026-09-10T00:11:42,https://api.quant-aq.com/v1/devices/MOD-00616/data/777111793
277.66,610.95,"{'lat': None, 'lon': None}","{'rh': 75.2, 'temp': 19.6, 'wd': 0.0, 'ws': 0.0, 'ws_scalar': 0.0}","{'gas': {'co': 18140, 'co2': 13263, 'no': 18141, 'no2': 18142, 'o3': 18143}, 'pm': {'pm1': 13209, 'pm10': 13211, 'pm25': 13210}}",0.58,12.44,23.06,6.47,10.84,6.8,777112117,75.2,MOD-00616,19.6,2026-09-10T07:10:42,2026-09-10T00:10:42,https://api.quant-aq.com/v1/devices/MOD-00616/data/777111792
280.67,607.46,"{'lat': None, 'lon': None}","{'rh': 75.0, 'temp': 19.6, 'wd': 0.0, 'ws': 0.0, 'ws_scalar': 0.0}","{'gas': {'co': 18140, 'co2': 13263, 'no': 18141, 'no2': 18142, 'o3': 18143}, 'pm': {'pm1': 13209, 'pm10': 13211, 'pm25': 13210}}",0.5,10.04,24.85,6.88,8.4,7.28,777112116,75.0,MOD-00616,19.6,2026-09-10T07:09:42,2026-09-10T00:09:42,https://api.quant-aq.com/v1/devices/MOD-00616/data/777111791
283.74,609.14,"{'lat': None, 'lon': None}","{'rh': 74.3, 'temp': 19.7, 'wd': 0.0, 'ws': 0.0, 'ws_scalar': 0.0}","{'gas': {'co': 18140, 'co2': 13263, 'no': 18141, 'no2': 18142, 'o3': 18143}, 'pm': {'pm1': 13209, 'pm10': 13211, 'pm25': 13210}}",0.57,11.52,22.45,6.87,9.42,7.35,777112115,74.3,MOD-00616,19.7,2026-09-10T07:08:42,2026-09-10T00:08:42,https://api.quant-aq.com/v1/devices/MOD-00616/data/777111790
285.66,609.87,"{'lat': None, 'lon': None}","{'rh': 73.9, 'temp': 19.7, 'wd': 0.0, 'ws': 0.0, 'ws_scalar': 0.0}","{'gas': {'co': 18140, 'co2': 13263, 'no': 18141, 'no2': 18142, 'o3': 18143}, 'pm': {'pm1': 13209, 'pm10': 13211, 'pm25': 13210}}",0.52,9.3,21.97,7.06,8.43,7.31,777109800,73.9,MOD-00616,19.7,2026-09-10T07:07:42,2026-09-10T00:07:42,https://api.quant-aq.com/v1/devices/MOD-00616/data/777109475
283.19,605.77,"{'lat': None, 'lon': None}","{'rh': 74.5, 'temp': 19.7, 'wd': 0.0, 'ws': 0.0, 'ws_scalar': 0.0}","{'gas': {'co': 18140, 'co2': 13263, 'no': 18141, 'no2': 18142, 'o3': 18143}, 'pm': {'pm1': 13209, 'pm10': 13211, 'pm25': 13210}}",0.53,11.22,29.4,5.72,7.52,6.12,777109799,74.5,MOD-00616,19.7,2026-09-10T07:06:41,2026-09-10T00:06:41,https://api.quant-aq.com/v1/devices/MOD-00616/data/777109474
284.65,605.53,"{'lat': None, 'lon': None}","{'rh': 73.0, 'temp': 19.7, 'wd': 0.0, 'ws': 0.0, 'ws_scalar': 0.0}","{'gas': {'co': 18140, 'co2': 13263, 'no': 18141, 'no2': 18142, 'o3': 18143}, 'pm': {'pm1': 13209, 'pm10': 13211, 'pm25': 13210}}",0.64,13.06,20.11,6.25,7.97,6.57,777109797,73.0,MOD-00616,19.7,2026-09-10T07:05:41,2026-09-10T00:05:41,https://api.quant-aq.com/v1/devices/MOD-00616/data/777109472
283.12,604.57,"{'lat': None, 'lon': None}","{'rh': 71.1, 'temp': 19.7, 'wd': 0.0, 'ws': 0.0, 'ws_scalar': 0.0}","{'gas': {'co': 18140, 'co2': 13263, 'no': 18141, 'no2': 18142, 'o3': 18143}, 'pm': {'pm1': 13209, 'pm10': 13211, 'pm25': 13210}}",0.59,8.1,1.69,5.2,12.78,5.56,777109798,71.1,MOD-00616,19.7,2026-09-10T07:04:41,2026-09-10T00:04:41,https://api.quant-aq.com/v1/devices/MOD-00616/data/777109473
287.39,605.17,"{'lat': None, 'lon': None}","{'rh': 72.6, 'temp': 19.7, 'wd': 0.0, 'ws': 0.0, 'ws_scalar': 0.0}","{'gas': {'co': 18140, 'co2': 13263, 'no': 18141, 'no2': 18142, 'o3': 18143}, 'pm': {'pm1': 13209, 'pm10': 13211, 'pm25': 13210}}",1.15,6.52,12.81,4.89,8.16,5.1,777107425,72.6,MOD-00616,19.7,2026-09-10T07:03:41,2026-09-10T00:03:41,https://api.quant-aq.com/v1/devices/MOD-00616/data/777107101
279.17,606.49,"{'lat': None, 'lon': None}","{'rh': 73.8, 'temp': 19.7, 'wd': 0.0, 'ws': 0.0, 'ws_scalar': 0.0}","{'gas': {'co': 18140, 'co2': 13263, 'no': 18141, 'no2': 18142, 'o3': 18143}, 'pm': {'pm1': 13209, 'pm10': 13211, 'pm25': 13210}}",0.54,9.9,19.0,6.35,9.5,6.65,777107423,73.8,MOD-00616,19.7,2026-09-10T07:02:41,2026-09-10T00:02:41,https://api.quant-aq.com/v1/devices/MOD-00616/data/777107098
284.53,609.63,"{'lat': None, 'lon': None}","{'rh': 74.5, 'temp': 19.8, 'wd': 0.0, 'ws': 0.0, 'ws_scalar': 0.0}","{'gas': {'co': 18140, 'co2': 13263, 'no': 18141, 'no2': 18142, 'o3': 18143}, 'pm': {'pm1': 13209, 'pm10': 13211, 'pm25': 13210}}",0.48,10.49,24.62,6.91,8.3,7.14,777107427,74.5,MOD-00616,19.8,2026-09-10T07:01:41,2026-09-10T00:01:41,https://api.quant-aq.com/v1/devices/MOD-00616/data/777107104
291.23,607.7,"{'lat': None, 'lon': None}","{'rh': 74.3, 'temp': 19.8, 'wd': 0.0, 'ws': 0.0, 'ws_scalar': 0.0}","{'gas': {'co': 18140, 'co2': 13263, 'no': 18141, 'no2': 18142, 'o3': 18143}, 'pm': {'pm1': 13209, 'pm10': 13211, 'pm25': 13210}}",0.53,11.1,26.21,6.41,8.89,6.65,777107424,74.3,MOD-00616,19.8,2026-09-10T07:00:41,2026-09-10T00:00:41,https://api.quant-aq.com/v1/devices/MOD-00616/data/777107099
281.59,609.75,"{'lat': None, 'lon': None}","{'rh': 74.6, 'temp': 19.8, 'wd': 0.0, 'ws': 0.0, 'ws_scalar': 0.0}","{'gas': {'co': 18140, 'co2': 13263, 'no': 18141, 'no2': 18142, 'o3': 18143}, 'pm': {'pm1': 13209, 'pm10': 13211, 'pm25': 13210}}",0.54,12.8,31.04,7.08,8.79,7.34,777105140,74.6,MOD-00616,19.8,2026-09-10T06:59:41,2026-09-09T23:59:41,https://api.quant-aq.com/v1/devices/MOD-00616/data/777104814
286.68,606.61,"{'lat': None, 'lon': None}","{'rh': 72.6, 'temp': 19.8, 'wd': 0.0, 'ws': 0.0, 'ws_scalar': 0.0}","{'gas': {'co': 18140, 'co2': 13263, 'no': 18141, 'no2': 18142, 'o3': 18143}, 'pm': {'pm1': 13209, 'pm10': 13211, 'pm25': 13210}}",0.57,10.98,21.77,6.26,7.91,6.63,777105138,72.6,MOD-00616,19.8,2026-09-10T06:58:41,2026-09-09T23:58:41,https://api.quant-aq.com/v1/devices/MOD-00616/data/777104813
283.4,604.93,"{'lat': None, 'lon': None}","{'rh': 72.6, 'temp': 19.8, 'wd': 0.0, 'ws': 0.0, 'ws_scalar': 0.0}","{'gas': {'co': 18140, 'co2': 13263, 'no': 18141, 'no2': 18142, 'o3': 18143}, 'pm': {'pm1': 13209, 'pm10': 13211, 'pm25': 13210}}",0.52,9.79,24.09,6.43,9.2,6.72,777105137,72.6,MOD-00616,19.8,2026-09-10T06:57:41,2026-09-09T23:57:41,https://api.quant-aq.com/v1/devices/MOD-00616/data/777104812
283.74,605.17,"{'lat': None, 'lon': None}","{'rh': 72.7, 'temp': 19.8, 'wd': 0.0, 'ws': 0.0, 'ws_scalar': 0.0}","{'gas': {'co': 18140, 'co2': 13263, 'no': 18141, 'no2': 18142, 'o3': 18143}, 'pm': {'pm1': 13209, 'pm10': 13211, 'pm25': 13210}}",0.57,10.98,27.7,6.32,18.03,6.66,777105139,72.7,MOD-00616,19.8,2026-09-10T06:56:41,2026-09-09T23:56:41,https://api.quant-aq.com/v1/devices/MOD-00616/data/777104815
284.45,606.37,"{'lat': None, 'lon': None}","{'rh': 71.7, 'temp': 19.8, 'wd': 0.0, 'ws': 0.0, 'ws_scalar': 0.0}","{'gas': {'co': 18140, 'co2': 13263, 'no': 18141, 'no2': 18142, 'o3': 18143}, 'pm': {'pm1': 13209, 'pm10': 13211, 'pm25': 13210}}",0.59,11.22,23.54,7.36,12.0,7.68,777102848,71.7,MOD-00616,19.8,2026-09-10T06:55:41,2026-09-09T23:55:41,https://api.quant-aq.com/v1/devices/MOD-00616/data/777102523
289.99,600.71,"{'lat': None, 'lon': None}","{'rh': 71.4, 'temp': 19.8, 'wd': 0.0, 'ws': 0.0, 'ws_scalar': 0.0}","{'gas': {'co': 18140, 'co2': 13263, 'no': 18141, 'no2': 18142, 'o3': 18143}, 'pm': {'pm1': 13209, 'pm10': 13211, 'pm25': 13210}}",0.57,10.33,23.48,6.37,8.05,6.74,777102846,71.4,MOD-00616,19.8,2026-09-10T06:54:40,2026-09-09T23:54:40,https://api.quant-aq.com/v1/devices/MOD-00616/data/777102521
290.33,592.16,"{'lat': None, 'lon': None}","{'rh': 71.5, 'temp': 19.8, 'wd': 0.0, 'ws': 0.0, 'ws_scalar': 0.0}","{'gas': {'co': 18140, 'co2': 13263, 'no': 18141, 'no2': 18142, 'o3': 18143}, 'pm': {'pm1': 13209, 'pm10': 13211, 'pm25': 13210}}",0.59,11.51,27.08,6.23,8.98,6.48,777102847,71.5,MOD-00616,19.8,2026-09-10T06:53:40,2026-09-09T23:53:40,https://api.quant-aq.com/v1/devices/MOD-00616/data/777102522
285.56,600.71,"{'lat': None, 'lon': None}","{'rh': 70.7, 'temp': 19.8, 'wd': 0.0, 'ws': 0.0, 'ws_scalar': 0.0}","{'gas': {'co': 18140, 'co2': 13263, 'no': 18141, 'no2': 18142, 'o3': 18143}, 'pm': {'pm1': 13209, 'pm10': 13211, 'pm25': 13210}}",0.62,11.17,25.44,6.43,12.0,6.7,777102845,70.7,MOD-00616,19.8,2026-09-10T06:52:40,2026-09-09T23:52:40,https://api.quant-aq.com/v1/devices/MOD-00616/data/777102520
289.55,604.33,"{'lat': None, 'lon': None}","{'rh': 69.7, 'temp': 19.8, 'wd': 0.0, 'ws': 0.0, 'ws_scalar': 0.0}","{'gas': {'co': 18140, 'co2': 13263, 'no': 18141, 'no2': 18142, 'o3': 18143}, 'pm': {'pm1': 13209, 'pm10': 13211, 'pm25': 13210}}",0.63,11.43,23.11,6.05,7.03,6.34,777100548,69.7,MOD-00616,19.8,2026-09-10T06:51:40,2026-09-09T23:51:40,https://api.quant-aq.com/v1/devices/MOD-00616/data/777100223
288.61,601.68,"{'lat': None, 'lon': None}","{'rh': 68.7, 'temp': 19.8, 'wd': 0.0, 'ws': 0.0, 'ws_scalar': 0.0}","{'gas': {'co': 18140, 'co2': 13263, 'no': 18141, 'no2': 18142, 'o3': 18143}, 'pm': {'pm1': 13209, 'pm10': 13211, 'pm25': 13210}}",0.64,10.27,15.93,4.05,5.86,4.38,777100547,68.7,MOD-00616,19.8,2026-09-10T06:50:40,2026-09-09T23:50:40,https://api.quant-aq.com/v1/devices/MOD-00616/data/777100222
288.48,602.28,"{'lat': None, 'lon': None}","{'rh': 68.3, 'temp': 19.8, 'wd': 0.0, 'ws': 0.0, 'ws_scalar': 0.0}","{'gas': {'co': 18140, 'co2': 13263, 'no': 18141, 'no2': 18142, 'o3': 18143}, 'pm': {'pm1': 13209, 'pm10': 13211, 'pm25': 13210}}",0.62,8.64,11.68,3.85,4.69,4.4,777100545,68.3,MOD-00616,19.8,2026-09-10T06:49:40,2026-09-09T23:49:40,https://api.quant-aq.com/v1/devices/MOD-00616/data/777100220
292.61,600.35,"{'lat': None, 'lon': None}","{'rh': 68.1, 'temp': 19.7, 'wd': 0.0, 'ws': 0.0, 'ws_scalar': 0.0}","{'gas': {'co': 18140, 'co2': 13263, 'no': 18141, 'no2': 18142, 'o3': 18143}, 'pm': {'pm1': 13209, 'pm10': 13211, 'pm25': 13210}}",0.75,8.15,6.93,3.75,8.2,3.94,777100546,68.1,MOD-00616,19.7,2026-09-10T06:48:40,2026-09-09T23:48:40,https://api.quant-aq.com/v1/devices/MOD-00616/data/777100221
292.54,602.4,"{'lat': None, 'lon': None}","{'rh': 68.2, 'temp': 19.7, 'wd': 0.0, 'ws': 0.0, 'ws_scalar': 0.0}","{'gas': {'co': 18140, 'co2': 13263, 'no': 18141, 'no2': 18142, 'o3': 18143}, 'pm': {'pm1': 13209, 'pm10': 13211, 'pm25': 13210}}",0.81,7.89,2.49,4.73,6.09,5.02,777098225,68.2,MOD-00616,19.7,2026-09-10T06:47:40,2026-09-09T23:47:40,https://api.quant-aq.com/v1/devices/MOD-00616/data/777097902
289.99,600.23,"{'lat': None, 'lon': None}","{'rh': 69.5, 'temp': 19.7, 'wd': 0.0, 'ws': 0.0, 'ws_scalar': 0.0}","{'gas': {'co': 18140, 'co2': 13263, 'no': 18141, 'no2': 18142, 'o3': 18143}, 'pm': {'pm1': 13209, 'pm10': 13211, 'pm25': 13210}}",1.24,6.66,3.46,4.34,6.77,4.52,777098220,69.5,MOD-00616,19.7,2026-09-10T06:46:40,2026-09-09T23:46:40,https://api.quant-aq.com/v1/devices/MOD-00616/data/777097896
289.01,606.73,"{'lat': None, 'lon': None}","{'rh': 70.3, 'temp': 19.7, 'wd': 0.0, 'ws': 0.0, 'ws_scalar': 0.0}","{'gas': {'co': 18140, 'co2': 13263, 'no': 18141, 'no2': 18142, 'o3': 18143}, 'pm': {'pm1': 13209, 'pm10': 13211, 'pm25': 13210}}",0.72,7.33,9.88,4.4,16.8,4.62,777098227,70.3,MOD-00616,19.7,2026-09-10T06:45:40,2026-09-09T23:45:40,https://api.quant-aq.com/v1/devices/MOD-00616/data/777097901
288.64,600.71,"{'lat': None, 'lon': None}","{'rh': 72.0, 'temp': 19.7, 'wd': 0.0, 'ws': 0.0, 'ws_scalar': 0.0}","{'gas': {'co': 18140, 'co2': 13263, 'no': 18141, 'no2': 18142, 'o3': 18143}, 'pm': {'pm1': 13209, 'pm10': 13211, 'pm25': 13210}}",0.58,11.03,20.46,5.77,7.14,6.19,777098223,72.0,MOD-00616,19.7,2026-09-10T06:44:40,2026-09-09T23:44:40,https://api.quant-aq.com/v1/devices/MOD-00616/data/777097900
287.56,602.16,"{'lat': None, 'lon': None}","{'rh': 71.2, 'temp': 19.7, 'wd': 0.0, 'ws': 0.0, 'ws_scalar': 0.0}","{'gas': {'co': 18140, 'co2': 13263, 'no': 18141, 'no2': 18142, 'o3': 18143}, 'pm': {'pm1': 13209, 'pm10': 13211, 'pm25': 13210}}",0.64,10.69,16.08,5.39,6.61,5.72,777095885,71.2,MOD-00616,19.7,2026-09-10T06:43:40,2026-09-09T23:43:40,https://api.quant-aq.com/v1/devices/MOD-00616/data/777095559
289.07,602.64,"{'lat': None, 'lon': None}","{'rh': 70.8, 'temp': 19.7, 'wd': 0.0, 'ws': 0.0, 'ws_scalar': 0.0}","{'gas': {'co': 18140, 'co2': 13263, 'no': 18141, 'no2': 18142, 'o3': 18143}, 'pm': {'pm1': 13209, 'pm10': 13211, 'pm25': 13210}}",1.04,6.83,10.54,4.83,5.78,4.93,777095887,70.8,MOD-00616,19.7,2026-09-10T06:42:40,2026-09-09T23:42:40,https://api.quant-aq.com/v1/devices/MOD-00616/data/777095562
294.49,597.34,"{'lat': None, 'lon': None}","{'rh': 73.0, 'temp': 19.7, 'wd': 0.0, 'ws': 0.0, 'ws_scalar': 0.0}","{'gas': {'co': 18140, 'co2': 13263, 'no': 18141, 'no2': 18142, 'o3': 18143}, 'pm': {'pm1': 13209, 'pm10': 13211, 'pm25': 13210}}",0.59,11.4,27.56,5.81,10.53,6.32,777095884,73.0,MOD-00616,19.7,2026-09-10T06:41:39,2026-09-09T23:41:39,https://api.quant-aq.com/v1/devices/MOD-00616/data/777095560
289.32,603.36,"{'lat': None, 'lon': None}","{'rh': 72.2, 'temp': 19.7, 'wd': 0.0, 'ws': 0.0, 'ws_scalar': 0.0}","{'gas': {'co': 18140, 'co2': 13263, 'no': 18141, 'no2': 18142, 'o3': 18143}, 'pm': {'pm1': 13209, 'pm10': 13211, 'pm25': 13210}}",0.62,12.63,22.57,6.0,6.36,6.24,777095886,72.2,MOD-00616,19.7,2026-09-10T06:40:39,2026-09-09T23:40:39,https://api.quant-aq.com/v1/devices/MOD-00616/data/777095561
297.53,600.47,"{'lat': None, 'lon': None}","{'rh': 71.6, 'temp': 19.7, 'wd': 0.0, 'ws': 0.0, 'ws_scalar': 0.0}","{'gas': {'co': 18140, 'co2': 13263, 'no': 18141, 'no2': 18142, 'o3': 18143}, 'pm': {'pm1': 13209, 'pm10': 13211, 'pm25': 13210}}",0.63,10.7,20.62,5.74,8.39,6.06,777093596,71.6,MOD-00616,19.7,2026-09-10T06:39:39,2026-09-09T23:39:39,https://api.quant-aq.com/v1/devices/MOD-00616/data/777093272
296.65,600.11,"{'lat': None, 'lon': None}","{'rh': 71.1, 'temp': 19.7, 'wd': 0.0, 'ws': 0.0, 'ws_scalar': 0.0}","{'gas': {'co': 18140, 'co2': 13263, 'no': 18141, 'no2': 18142, 'o3': 18143}, 'pm': {'pm1': 13209, 'pm10': 13211, 'pm25': 13210}}",0.59,9.23,16.71,5.49,6.98,5.83,777093598,71.1,MOD-00616,19.7,2026-09-10T06:38:39,2026-09-09T23:38:39,https://api.quant-aq.com/v1/devices/MOD-00616/data/777093273
291.1,600.71,"{'lat': None, 'lon': None}","{'rh': 72.0, 'temp': 19.7, 'wd': 0.0, 'ws': 0.0, 'ws_scalar': 0.0}","{'gas': {'co': 18140, 'co2': 13263, 'no': 18141, 'no2': 18142, 'o3': 18143}, 'pm': {'pm1': 13209, 'pm10': 13211, 'pm25': 13210}}",0.62,11.33,20.34,4.53,6.54,5.01,777093595,72.0,MOD-00616,19.7,2026-09-10T06:37:39,2026-09-09T23:37:39,https://api.quant-aq.com/v1/devices/MOD-00616/data/777093270
293.03,599.51,"{'lat': None, 'lon': None}","{'rh': 71.0, 'temp': 19.7, 'wd': 0.0, 'ws': 0.0, 'ws_scalar': 0.0}","{'gas': {'co': 18140, 'co2': 13263, 'no': 18141, 'no2': 18142, 'o3': 18143}, 'pm': {'pm1': 13209, 'pm10': 13211, 'pm25': 13210}}",0.61,9.8,15.56,5.87,6.45,6.15,777093594,71.0,MOD-00616,19.7,2026-09-10T06:36:39,2026-09-09T23:36:39,https://api.quant-aq.com/v1/devices/MOD-00616/data/777093269
296.22,599.99,"{'lat': None, 'lon': None}","{'rh': 72.3, 'temp': 19.7, 'wd': 0.0, 'ws': 0.0, 'ws_scalar': 0.0}","{'gas': {'co': 18140, 'co2': 13263, 'no': 18141, 'no2': 18142, 'o3': 18143}, 'pm': {'pm1': 13209, 'pm10': 13211, 'pm25': 13210}}",0.58,10.74,23.3,5.89,7.94,6.27,777091282,72.3,MOD-00616,19.7,2026-09-10T06:35:39,2026-09-09T23:35:39,https://api.quant-aq.com/v1/devices/MOD-00616/data/777090957
294.86,598.91,"{'lat': None, 'lon': None}","{'rh': 71.9, 'temp': 19.7, 'wd': 0.0, 'ws': 0.0, 'ws_scalar': 0.0}","{'gas': {'co': 18140, 'co2': 13263, 'no': 18141, 'no2': 18142, 'o3': 18143}, 'pm': {'pm1': 13209, 'pm10': 13211, 'pm25': 13210}}",0.63,11.64,21.59,6.24,7.51,6.62,777091281,71.9,MOD-00616,19.7,2026-09-10T06:34:39,2026-09-09T23:34:39,https://api.quant-aq.com/v1/devices/MOD-00616/data/777090956
292.46,605.05,"{'lat': None, 'lon': None}","{'rh': 72.4, 'temp': 19.7, 'wd': 0.0, 'ws': 0.0, 'ws_scalar': 0.0}","{'gas': {'co': 18140, 'co2': 13263, 'no': 18141, 'no2': 18142, 'o3': 18143}, 'pm': {'pm1': 13209, 'pm10': 13211, 'pm25': 13210}}",0.6,11.99,26.91,6.34,7.43,6.63,777091280,72.4,MOD-00616,19.7,2026-09-10T06:33:39,2026-09-09T23:33:39,https://api.quant-aq.com/v1/devices/MOD-00616/data/777090955
288.44,599.39,"{'lat': None, 'lon': None}","{'rh': 71.7, 'temp': 19.7, 'wd': 0.0, 'ws': 0.0, 'ws_scalar': 0.0}","{'gas': {'co': 18140, 'co2': 13263, 'no': 18141, 'no2': 18142, 'o3': 18143}, 'pm': {'pm1': 13209, 'pm10': 13211, 'pm25': 13210}}",0.62,11.31,23.1,5.95,6.57,6.12,777091279,71.7,MOD-00616,19.7,2026-09-10T06:32:39,2026-09-09T23:32:39,https://api.quant-aq.com/v1/devices/MOD-00616/data/777090954
291.86,603.24,"{'lat': None, 'lon': None}","{'rh': 71.5, 'temp': 19.7, 'wd': 0.0, 'ws': 0.0, 'ws_scalar': 0.0}","{'gas': {'co': 18140, 'co2': 13263, 'no': 18141, 'no2': 18142, 'o3': 18143}, 'pm': {'pm1': 13209, 'pm10': 13211, 'pm25': 13210}}",0.66,12.24,23.66,6.09,8.93,6.51,777088997,71.5,MOD-00616,19.7,2026-09-10T06:31:39,2026-09-09T23:31:39,https://api.quant-aq.com/v1/devices/MOD-00616/data/777088672
294.88,602.52,"{'lat': None, 'lon': None}","{'rh': 70.7, 'temp': 19.7, 'wd': 0.0, 'ws': 0.0, 'ws_scalar': 0.0}","{'gas': {'co': 18140, 'co2': 13263, 'no': 18141, 'no2': 18142, 'o3': 18143}, 'pm': {'pm1': 13209, 'pm10': 13211, 'pm25': 13210}}",0.63,10.67,19.31,6.11,8.34,6.47,777088995,70.7,MOD-00616,19.7,2026-09-10T06:30:39,2026-09-09T23:30:39,https://api.quant-aq.com/v1/devices/MOD-00616/data/777088670
297.68,600.95,"{'lat': None, 'lon': None}","{'rh': 70.8, 'temp': 19.7, 'wd': 0.0, 'ws': 0.0, 'ws_scalar': 0.0}","{'gas': {'co': 18140, 'co2': 13263, 'no': 18141, 'no2': 18142, 'o3': 18143}, 'pm': {'pm1': 13209, 'pm10': 13211, 'pm25': 13210}}",0.65,11.57,18.02,5.46,6.11,5.88,777088996,70.8,MOD-00616,19.7,2026-09-10T06:29:39,2026-09-09T23:29:39,https://api.quant-aq.com/v1/devices/MOD-00616/data/777088671
292.96,596.38,"{'lat': None, 'lon': None}","{'rh': 71.1, 'temp': 19.7, 'wd': 0.0, 'ws': 0.0, 'ws_scalar': 0.0}","{'gas': {'co': 18140, 'co2': 13263, 'no': 18141, 'no2': 18142, 'o3': 18143}, 'pm': {'pm1': 13209, 'pm10': 13211, 'pm25': 13210}}",0.62,8.66,19.23,5.41,7.86,5.65,777088994,71.1,MOD-00616,19.7,2026-09-10T06:28:38,2026-09-09T23:28:38,https://api.quant-aq.com/v1/devices/MOD-00616/data/777088669
298.97,602.04,"{'lat': None, 'lon': None}","{'rh': 71.3, 'temp': 19.7, 'wd': 0.0, 'ws': 0.0, 'ws_scalar': 0.0}","{'gas': {'co': 18140, 'co2': 13263, 'no': 18141, 'no2': 18142, 'o3': 18143}, 'pm': {'pm1': 13209, 'pm10': 13211, 'pm25': 13210}}",0.65,11.6,22.55,5.16,11.63,5.35,777086607,71.3,MOD-00616,19.7,2026-09-10T06:27:38,2026-09-09T23:27:38,https://api.quant-aq.com/v1/devices/MOD-00616/data/777086282
296.31,599.99,"{'lat': None, 'lon': None}","{'rh': 71.0, 'temp': 19.7, 'wd': 0.0, 'ws': 0.0, 'ws_scalar': 0.0}","{'gas': {'co': 18140, 'co2': 13263, 'no': 18141, 'no2': 18142, 'o3': 18143}, 'pm': {'pm1': 13209, 'pm10': 13211, 'pm25': 13210}}",0.62,9.8,20.57,6.82,19.11,7.22,777086606,71.0,MOD-00616,19.7,2026-09-10T06:26:38,2026-09-09T23:26:38,https://api.quant-aq.com/v1/devices/MOD-00616/data/777086281
299.59,599.39,"{'lat': None, 'lon': None}","{'rh': 71.0, 'temp': 19.7, 'wd': 0.0, 'ws': 0.0, 'ws_scalar': 0.0}","{'gas': {'co': 18140, 'co2': 13263, 'no': 18141, 'no2': 18142, 'o3': 18143}, 'pm': {'pm1': 13209, 'pm10': 13211, 'pm25': 13210}}",0.7,13.17,16.03,4.75,6.23,5.08,777086604,71.0,MOD-00616,19.7,2026-09-10T06:25:38,2026-09-09T23:25:38,https://api.quant-aq.com/v1/devices/MOD-00616/data/777086280
301.73,601.92,"{'lat': None, 'lon': None}","{'rh': 70.3, 'temp': 19.7, 'wd': 0.0, 'ws': 0.0, 'ws_scalar': 0.0}","{'gas': {'co': 18140, 'co2': 13263, 'no': 18141, 'no2': 18142, 'o3': 18143}, 'pm': {'pm1': 13209, 'pm10': 13211, 'pm25': 13210}}",0.6,8.93,10.5,4.19,4.92,4.67,777086605,70.3,MOD-00616,19.7,2026-09-10T06:24:38,2026-09-09T23:24:38,https://api.quant-aq.com/v1/devices/MOD-00616/data/777086279
293.85,602.4,"{'lat': None, 'lon': None}","{'rh': 71.0, 'temp': 19.7, 'wd': 0.0, 'ws': 0.0, 'ws_scalar': 0.0}","{'gas': {'co': 18140, 'co2': 13263, 'no': 18141, 'no2': 18142, 'o3': 18143}, 'pm': {'pm1': 13209, 'pm10': 13211, 'pm25': 13210}}",0.76,7.83,12.31,6.28,7.87,6.71,777084256,71.0,MOD-00616,19.7,2026-09-10T06:23:38,2026-09-09T23:23:38,https://api.quant-aq.com/v1/devices/MOD-00616/data/777083932
301.79,603.36,"{'lat': None, 'lon': None}","{'rh': 72.7, 'temp': 19.8, 'wd': 0.0, 'ws': 0.0, 'ws_scalar': 0.0}","{'gas': {'co': 18140, 'co2': 13263, 'no': 18141, 'no2': 18142, 'o3': 18143}, 'pm': {'pm1': 13209, 'pm10': 13211, 'pm25': 13210}}",0.57,10.98,20.85,6.25,9.06,6.61,777084255,72.7,MOD-00616,19.8,2026-09-10T06:22:38,2026-09-09T23:22:38,https://api.quant-aq.com/v1/devices/MOD-00616/data/777083930
298.42,603.0,"{'lat': None, 'lon': None}","{'rh': 73.4, 'temp': 19.8, 'wd': 0.0, 'ws': 0.0, 'ws_scalar': 0.0}","{'gas': {'co': 18140, 'co2': 13263, 'no': 18141, 'no2': 18142, 'o3': 18143}, 'pm': {'pm1': 13209, 'pm10': 13211, 'pm25': 13210}}",0.58,12.3,23.05,6.89,8.79,7.4,777084253,73.4,MOD-00616,19.8,2026-09-10T06:21:38,2026-09-09T23:21:38,https://api.quant-aq.com/v1/devices/MOD-00616/data/777083928
296.03,603.48,"{'lat': None, 'lon': None}","{'rh': 73.3, 'temp': 19.8, 'wd': 0.0, 'ws': 0.0, 'ws_scalar': 0.0}","{'gas': {'co': 18140, 'co2': 13263, 'no': 18141, 'no2': 18142, 'o3': 18143}, 'pm': {'pm1': 13209, 'pm10': 13211, 'pm25': 13210}}",0.56,11.02,24.91,5.9,12.78,6.28,777084254,73.3,MOD-00616,19.8,2026-09-10T06:20:38,2026-09-09T23:20:38,https://api.quant-aq.com/v1/devices/MOD-00616/data/777083929
288.57,601.56,"{'lat': None, 'lon': None}","{'rh': 74.0, 'temp': 19.8, 'wd': 0.0, 'ws': 0.0, 'ws_scalar': 0.0}","{'gas': {'co': 18140, 'co2': 13263, 'no': 18141, 'no2': 18142, 'o3': 18143}, 'pm': {'pm1': 13209, 'pm10': 13211, 'pm25': 13210}}",0.6,13.78,30.26,6.33,8.88,6.65,777081975,74.0,MOD-00616,19.8,2026-09-10T06:19:38,2026-09-09T23:19:38,https://api.quant-aq.com/v1/devices/MOD-00616/data/777081650
299.95,599.27,"{'lat': None, 'lon': None}","{'rh': 72.4, 'temp': 19.8, 'wd': 0.0, 'ws': 0.0, 'ws_scalar': 0.0}","{'gas': {'co': 18140, 'co2': 13263, 'no': 18141, 'no2': 18142, 'o3': 18143}, 'pm': {'pm1': 13209, 'pm10': 13211, 'pm25': 13210}}",0.59,10.67,23.28,7.04,10.31,7.57,777081974,72.4,MOD-00616,19.8,2026-09-10T06:18:38,2026-09-09T23:18:38,https://api.quant-aq.com/v1/devices/MOD-00616/data/777081648
298.27,602.52,"{'lat': None, 'lon': None}","{'rh': 73.2, 'temp': 19.9, 'wd': 0.0, 'ws': 0.0, 'ws_scalar': 0.0}","{'gas': {'co': 18140, 'co2': 13263, 'no': 18141, 'no2': 18142, 'o3': 18143}, 'pm': {'pm1': 13209, 'pm10': 13211, 'pm25': 13210}}",0.55,11.84,26.82,7.2,13.5,7.74,777081973,73.2,MOD-00616,19.9,2026-09-10T06:17:38,2026-09-09T23:17:38,https://api.quant-aq.com/v1/devices/MOD-00616/data/777081647
300.6,602.28,"{'lat': None, 'lon': None}","{'rh': 72.8, 'temp': 19.9, 'wd': 0.0, 'ws': 0.0, 'ws_scalar': 0.0}","{'gas': {'co': 18140, 'co2': 13263, 'no': 18141, 'no2': 18142, 'o3': 18143}, 'pm': {'pm1': 13209, 'pm10': 13211, 'pm25': 13210}}",0.59,11.81,25.48,7.38,8.06,7.78,777081972,72.8,MOD-00616,19.9,2026-09-10T06:16:37,2026-09-09T23:16:37,https://api.quant-aq.com/v1/devices/MOD-00616/data/777081649
298.07,601.92,"{'lat': None, 'lon': None}","{'rh': 72.9, 'temp': 19.9, 'wd': 0.0, 'ws': 0.0, 'ws_scalar': 0.0}","{'gas': {'co': 18140, 'co2': 13263, 'no': 18141, 'no2': 18142, 'o3': 18143}, 'pm': {'pm1': 13209, 'pm10': 13211, 'pm25': 13210}}",0.56,12.78,26.93,7.66,10.75,7.97,777079667,72.9,MOD-00616,19.9,2026-09-10T06:15:37,2026-09-09T23:15:37,https://api.quant-aq.com/v1/devices/MOD-00616/data/777079342
300.24,599.99,"{'lat': None, 'lon': None}","{'rh': 72.3, 'temp': 20.0, 'wd': 0.0, 'ws': 0.0, 'ws_scalar': 0.0}","{'gas': {'co': 18140, 'co2': 13263, 'no': 18141, 'no2': 18142, 'o3': 18143}, 'pm': {'pm1': 13209, 'pm10': 13211, 'pm25': 13210}}",0.58,11.96,23.1,7.21,10.4,7.76,777079665,72.3,MOD-00616,20.0,2026-09-10T06:14:37,2026-09-09T23:14:37,https://api.quant-aq.com/v1/devices/MOD-00616/data/777079340
303.89,594.33,"{'lat': None, 'lon': None}","{'rh': 71.2, 'temp': 20.0, 'wd': 0.0, 'ws': 0.0, 'ws_scalar': 0.0}","{'gas': {'co': 18140, 'co2': 13263, 'no': 18141, 'no2': 18142, 'o3': 18143}, 'pm': {'pm1': 13209, 'pm10': 13211, 'pm25': 13210}}",0.56,10.19,13.89,7.28,8.73,7.48,777079666,71.2,MOD-00616,20.0,2026-09-10T06:13:37,2026-09-09T23:13:37,https://api.quant-aq.com/v1/devices/MOD-00616/data/777079341
293.52,599.51,"{'lat': None, 'lon': None}","{'rh': 73.1, 'temp': 20.0, 'wd': 0.0, 'ws': 0.0, 'ws_scalar': 0.0}","{'gas': {'co': 18140, 'co2': 13263, 'no': 18141, 'no2': 18142, 'o3': 18143}, 'pm': {'pm1': 13209, 'pm10': 13211, 'pm25': 13210}}",0.49,10.26,24.24,6.75,9.51,7.12,777079664,73.1,MOD-00616,20.0,2026-09-10T06:12:37,2026-09-09T23:12:37,https://api.quant-aq.com/v1/devices/MOD-00616/data/777079339
290.44,600.59,"{'lat': None, 'lon': None}","{'rh': 73.4, 'temp': 20.0, 'wd': 0.0, 'ws': 0.0, 'ws_scalar': 0.0}","{'gas': {'co': 18140, 'co2': 13263, 'no': 18141, 'no2': 18142, 'o3': 18143}, 'pm': {'pm1': 13209, 'pm10': 13211, 'pm25': 13210}}",0.54,12.38,25.18,6.25,6.65,6.57,777077368,73.4,MOD-00616,20.0,2026-09-10T06:11:37,2026-09-09T23:11:37,https://api.quant-aq.com/v1/devices/MOD-00616/data/777077043
295.94,602.64,"{'lat': None, 'lon': None}","{'rh': 73.9, 'temp': 20.1, 'wd': 0.0, 'ws': 0.0, 'ws_scalar': 0.0}","{'gas': {'co': 18140, 'co2': 13263, 'no': 18141, 'no2': 18142, 'o3': 18143}, 'pm': {'pm1': 13209, 'pm10': 13211, 'pm25': 13210}}",0.5,12.0,29.36,6.29,8.87,6.77,777077367,73.9,MOD-00616,20.1,2026-09-10T06:10:37,2026-09-09T23:10:37,https://api.quant-aq.com/v1/devices/MOD-00616/data/777077042
289.18,602.76,"{'lat': None, 'lon': None}","{'rh': 73.6, 'temp': 20.1, 'wd': 0.0, 'ws': 0.0, 'ws_scalar': 0.0}","{'gas': {'co': 18140, 'co2': 13263, 'no': 18141, 'no2': 18142, 'o3': 18143}, 'pm': {'pm1': 13209, 'pm10': 13211, 'pm25': 13210}}",0.5,11.96,27.1,6.03,9.23,6.67,777077366,73.6,MOD-00616,20.1,2026-09-10T06:09:37,2026-09-09T23:09:37,https://api.quant-aq.com/v1/devices/MOD-00616/data/777077040
285.94,599.87,"{'lat': None, 'lon': None}","{'rh': 73.7, 'temp': 20.2, 'wd': 0.0, 'ws': 0.0, 'ws_scalar': 0.0}","{'gas': {'co': 18140, 'co2': 13263, 'no': 18141, 'no2': 18142, 'o3': 18143}, 'pm': {'pm1': 13209, 'pm10': 13211, 'pm25': 13210}}",0.49,10.7,28.94,6.43,8.48,6.83,777077365,73.7,MOD-00616,20.2,2026-09-10T06:08:37,2026-09-09T23:08:37,https://api.quant-aq.com/v1/devices/MOD-00616/data/777077041
290.65,598.42,"{'lat': None, 'lon': None}","{'rh': 74.0, 'temp': 20.2, 'wd': 0.0, 'ws': 0.0, 'ws_scalar': 0.0}","{'gas': {'co': 18140, 'co2': 13263, 'no': 18141, 'no2': 18142, 'o3': 18143}, 'pm': {'pm1': 13209, 'pm10': 13211, 'pm25': 13210}}",0.48,12.51,32.74,6.26,7.1,6.59,777075051,74.0,MOD-00616,20.2,2026-09-10T06:07:37,2026-09-09T23:07:37,https://api.quant-aq.com/v1/devices/MOD-00616/data/777074726
285.46,604.81,"{'lat': None, 'lon': None}","{'rh': 73.8, 'temp': 20.2, 'wd': 0.0, 'ws': 0.0, 'ws_scalar': 0.0}","{'gas': {'co': 18140, 'co2': 13263, 'no': 18141, 'no2': 18142, 'o3': 18143}, 'pm': {'pm1': 13209, 'pm10': 13211, 'pm25': 13210}}",0.5,12.8,33.09,6.53,9.01,7.08,777075050,73.8,MOD-00616,20.2,2026-09-10T06:06:37,2026-09-09T23:06:37,https://api.quant-aq.com/v1/devices/MOD-00616/data/777074725
288.1,604.21,"{'lat': None, 'lon': None}","{'rh': 73.7, 'temp': 20.3, 'wd': 0.0, 'ws': 0.0, 'ws_scalar': 0.0}","{'gas': {'co': 18140, 'co2': 13263, 'no': 18141, 'no2': 18142, 'o3': 18143}, 'pm': {'pm1': 13209, 'pm10': 13211, 'pm25': 13210}}",0.47,12.34,37.31,6.4,16.17,6.78,777075052,73.7,MOD-00616,20.3,2026-09-10T06:05:37,2026-09-09T23:05:37,https://api.quant-aq.com/v1/devices/MOD-00616/data/777074727
285.71,600.59,"{'lat': None, 'lon': None}","{'rh': 73.6, 'temp': 20.3, 'wd': 0.0, 'ws': 0.0, 'ws_scalar': 0.0}","{'gas': {'co': 18140, 'co2': 13263, 'no': 18141, 'no2': 18142, 'o3': 18143}, 'pm': {'pm1': 13209, 'pm10': 13211, 'pm25': 13210}}",0.48,13.97,41.27,6.03,9.56,6.49,777075053,73.6,MOD-00616,20.3,2026-09-10T06:04:36,2026-09-09T23:04:36,https://api.quant-aq.com/v1/devices/MOD-00616/data/777074728
288.18,596.86,"{'lat': None, 'lon': None}","{'rh': 72.0, 'temp': 20.4, 'wd': 0.0, 'ws': 0.0, 'ws_scalar': 0.0}","{'gas': {'co': 18140, 'co2': 13263, 'no': 18141, 'no2': 18142, 'o3': 18143}, 'pm': {'pm1': 13209, 'pm10': 13211, 'pm25': 13210}}",0.53,14.62,34.16,6.8,9.77,7.2,777072705,72.0,MOD-00616,20.4,2026-09-10T06:03:36,2026-09-09T23:03:36,https://api.quant-aq.com/v1/devices/MOD-00616/data/777072380
296.68,596.98,"{'lat': None, 'lon': None}","{'rh': 71.0, 'temp': 20.4, 'wd': 0.0, 'ws': 0.0, 'ws_scalar': 0.0}","{'gas': {'co': 18140, 'co2': 13263, 'no': 18141, 'no2': 18142, 'o3': 18143}, 'pm': {'pm1': 13209, 'pm10': 13211, 'pm25': 13210}}",0.46,10.67,30.36,6.44,9.69,7.01,777072704,71.0,MOD-00616,20.4,2026-09-10T06:02:36,2026-09-09T23:02:36,https://api.quant-aq.com/v1/devices/MOD-00616/data/777072379
295.84,596.98,"{'lat': None, 'lon': None}","{'rh': 71.6, 'temp': 20.4, 'wd': 0.0, 'ws': 0.0, 'ws_scalar': 0.0}","{'gas': {'co': 18140, 'co2': 13263, 'no': 18141, 'no2': 18142, 'o3': 18143}, 'pm': {'pm1': 13209, 'pm10': 13211, 'pm25': 13210}}",0.54,13.53,39.12,6.42,19.58,6.84,777072707,71.6,MOD-00616,20.4,2026-09-10T06:01:36,2026-09-09T23:01:36,https://api.quant-aq.com/v1/devices/MOD-00616/data/777072382
317.5,597.1,"{'lat': None, 'lon': None}","{'rh': 70.7, 'temp': 20.5, 'wd': 0.0, 'ws': 0.0, 'ws_scalar': 0.0}","{'gas': {'co': 18140, 'co2': 13263, 'no': 18141, 'no2': 18142, 'o3': 18143}, 'pm': {'pm1': 13209, 'pm10': 13211, 'pm25': 13210}}",0.44,12.69,35.32,6.72,14.65,7.13,777072706,70.7,MOD-00616,20.5,2026-09-10T06:00:36,2026-09-09T23:00:36,https://api.quant-aq.com/v1/devices/MOD-00616/data/777072381
294.82,598.91,"{'lat': None, 'lon': None}","{'rh': 70.3, 'temp': 20.5, 'wd': 0.0, 'ws': 0.0, 'ws_scalar': 0.0}","{'gas': {'co': 18140, 'co2': 13263, 'no': 18141, 'no2': 18142, 'o3': 18143}, 'pm': {'pm1': 13209, 'pm10': 13211, 'pm25': 13210}}",0.45,12.96,37.96,5.92,8.19,6.12,777070540,70.3,MOD-00616,20.5,2026-09-10T05:59:36,2026-09-09T22:59:36,https://api.quant-aq.com/v1/devices/MOD-00616/data/777070216
291.26,591.56,"{'lat': None, 'lon': None}","{'rh': 69.1, 'temp': 20.6, 'wd': 0.0, 'ws': 0.0, 'ws_scalar': 0.0}","{'gas': {'co': 18140, 'co2': 13263, 'no': 18141, 'no2': 18142, 'o3': 18143}, 'pm': {'pm1': 13209, 'pm10': 13211, 'pm25': 13210}}",0.49,11.45,33.64,6.92,9.46,7.46,777070519,69.1,MOD-00616,20.6,2026-09-10T05:58:36,2026-09-09T22:58:36,https://api.quant-aq.com/v1/devices/MOD-00616/data/777070194
292.7,596.26,"{'lat': None, 'lon': None}","{'rh': 68.8, 'temp': 20.6, 'wd': 0.0, 'ws': 0.0, 'ws_scalar': 0.0}","{'gas': {'co': 18140, 'co2': 13263, 'no': 18141, 'no2': 18142, 'o3': 18143}, 'pm': {'pm1': 13209, 'pm10': 13211, 'pm25': 13210}}",0.52,12.75,34.87,6.78,8.33,7.14,777070513,68.8,MOD-00616,20.6,2026-09-10T05:57:36,2026-09-09T22:57:36,https://api.quant-aq.com/v1/devices/MOD-00616/data/777070188
294.28,593.36,"{'lat': None, 'lon': None}","{'rh': 67.3, 'temp': 20.7, 'wd': 0.0, 'ws': 0.0, 'ws_scalar': 0.0}","{'gas': {'co': 18140, 'co2': 13263, 'no': 18141, 'no2': 18142, 'o3': 18143}, 'pm': {'pm1': 13209, 'pm10': 13211, 'pm25': 13210}}",0.5,10.87,25.34,5.58,7.65,5.94,777070509,67.3,MOD-00616,20.7,2026-09-10T05:56:36,2026-09-09T22:56:36,https://api.quant-aq.com/v1/devices/MOD-00616/data/777070184
292.49,595.17,"{'lat': None, 'lon': None}","{'rh': 68.1, 'temp': 20.7, 'wd': 0.0, 'ws': 0.0, 'ws_scalar': 0.0}","{'gas': {'co': 18140, 'co2': 13263, 'no': 18141, 'no2': 18142, 'o3': 18143}, 'pm': {'pm1': 13209, 'pm10': 13211, 'pm25': 13210}}",0.43,9.25,32.53,5.68,14.13,6.18,777068130,68.1,MOD-00616,20.7,2026-09-10T05:55:36,2026-09-09T22:55:36,https://api.quant-aq.com/v1/devices/MOD-00616/data/777067805
278.51,591.92,"{'lat': None, 'lon': None}","{'rh': 68.3, 'temp': 20.8, 'wd': 0.0, 'ws': 0.0, 'ws_scalar': 0.0}","{'gas': {'co': 18140, 'co2': 13263, 'no': 18141, 'no2': 18142, 'o3': 18143}, 'pm': {'pm1': 13209, 'pm10': 13211, 'pm25': 13210}}",0.74,13.32,34.97,4.38,11.87,4.84,777068133,68.3,MOD-00616,20.8,2026-09-10T05:54:36,2026-09-09T22:54:36,https://api.quant-aq.com/v1/devices/MOD-00616/data/777067808
291.13,589.15,"{'lat': None, 'lon': None}","{'rh': 66.1, 'temp': 20.8, 'wd': 0.0, 'ws': 0.0, 'ws_scalar': 0.0}","{'gas': {'co': 18140, 'co2': 13263, 'no': 18141, 'no2': 18142, 'o3': 18143}, 'pm': {'pm1': 13209, 'pm10': 13211, 'pm25': 13210}}",0.46,9.02,19.56,3.96,4.2,4.15,777068132,66.1,MOD-00616,20.8,2026-09-10T05:53:35,2026-09-09T22:53:35,https://api.quant-aq.com/v1/devices/MOD-00616/data/777067807
287.92,593.12,"{'lat': None, 'lon': None}","{'rh': 66.0, 'temp': 20.8, 'wd': 0.0, 'ws': 0.0, 'ws_scalar': 0.0}","{'gas': {'co': 18140, 'co2': 13263, 'no': 18141, 'no2': 18142, 'o3': 18143}, 'pm': {'pm1': 13209, 'pm10': 13211, 'pm25': 13210}}",0.48,9.46,17.04,3.83,4.84,4.13,777068131,66.0,MOD-00616,20.8,2026-09-10T05:52:35,2026-09-09T22:52:35,https://api.quant-aq.com/v1/devices/MOD-00616/data/777067806
281.52,597.58,"{'lat': None, 'lon': None}","{'rh': 67.1, 'temp': 20.9, 'wd': 0.0, 'ws': 0.0, 'ws_scalar': 0.0}","{'gas': {'co': 18140, 'co2': 13263, 'no': 18141, 'no2': 18142, 'o3': 18143}, 'pm': {'pm1': 13209, 'pm10': 13211, 'pm25': 13210}}",0.46,7.11,17.85,3.33,4.29,3.53,777065843,67.1,MOD-00616,20.9,2026-09-10T05:51:35,2026-09-09T22:51:35,https://api.quant-aq.com/v1/devices/MOD-00616/data/777065518
282.49,596.38,"{'lat': None, 'lon': None}","{'rh': 68.2, 'temp': 21.0, 'wd': 0.0, 'ws': 0.0, 'ws_scalar': 0.0}","{'gas': {'co': 18140, 'co2': 13263, 'no': 18141, 'no2': 18142, 'o3': 18143}, 'pm': {'pm1': 13209, 'pm10': 13211, 'pm25': 13210}}",0.36,9.1,28.84,3.58,11.07,3.94,777065844,68.2,MOD-00616,21.0,2026-09-10T05:50:35,2026-09-09T22:50:35,https://api.quant-aq.com/v1/devices/MOD-00616/data/777065519
281.31,593.85,"{'lat': None, 'lon': None}","{'rh': 69.3, 'temp': 21.0, 'wd': 0.0, 'ws': 0.0, 'ws_scalar': 0.0}","{'gas': {'co': 18140, 'co2': 13263, 'no': 18141, 'no2': 18142, 'o3': 18143}, 'pm': {'pm1': 13209, 'pm10': 13211, 'pm25': 13210}}",0.4,10.62,36.56,5.04,10.03,5.59,777065841,69.3,MOD-00616,21.0,2026-09-10T05:49:35,2026-09-09T22:49:35,https://api.quant-aq.com/v1/devices/MOD-00616/data/777065516
277.19,591.8,"{'lat': None, 'lon': None}","{'rh': 68.9, 'temp': 21.1, 'wd': 0.0, 'ws': 0.0, 'ws_scalar': 0.0}","{'gas': {'co': 18140, 'co2': 13263, 'no': 18141, 'no2': 18142, 'o3': 18143}, 'pm': {'pm1': 13209, 'pm10': 13211, 'pm25': 13210}}",0.82,11.2,38.03,3.74,8.84,4.48,777065842,68.9,MOD-00616,21.1,2026-09-10T05:48:35,2026-09-09T22:48:35,https://api.quant-aq.com/v1/devices/MOD-00616/data/777065517
277.62,599.51,"{'lat': None, 'lon': None}","{'rh': 67.7, 'temp': 21.1, 'wd': 0.0, 'ws': 0.0, 'ws_scalar': 0.0}","{'gas': {'co': 18140, 'co2': 13263, 'no': 18141, 'no2': 18142, 'o3': 18143}, 'pm': {'pm1': 13209, 'pm10': 13211, 'pm25': 13210}}",0.4,9.48,28.61,4.75,8.78,5.03,777063526,67.7,MOD-00616,21.1,2026-09-10T05:47:35,2026-09-09T22:47:35,https://api.quant-aq.com/v1/devices/MOD-00616/data/777063206
272.54,597.34,"{'lat': None, 'lon': None}","{'rh': 67.5, 'temp': 21.2, 'wd': 0.0, 'ws': 0.0, 'ws_scalar': 0.0}","{'gas': {'co': 18140, 'co2': 13263, 'no': 18141, 'no2': 18142, 'o3': 18143}, 'pm': {'pm1': 13209, 'pm10': 13211, 'pm25': 13210}}",0.37,9.43,33.18,3.34,7.13,3.84,777063529,67.5,MOD-00616,21.2,2026-09-10T05:46:35,2026-09-09T22:46:35,https://api.quant-aq.com/v1/devices/MOD-00616/data/777063205
269.32,592.76,"{'lat': None, 'lon': None}","{'rh': 67.0, 'temp': 21.3, 'wd': 0.0, 'ws': 0.0, 'ws_scalar': 0.0}","{'gas': {'co': 18140, 'co2': 13263, 'no': 18141, 'no2': 18142, 'o3': 18143}, 'pm': {'pm1': 13209, 'pm10': 13211, 'pm25': 13210}}",0.6,10.19,38.18,2.57,5.14,2.77,777063531,67.0,MOD-00616,21.3,2026-09-10T05:45:35,2026-09-09T22:45:35,https://api.quant-aq.com/v1/devices/MOD-00616/data/777063208
274.93,591.32,"{'lat': None, 'lon': None}","{'rh': 66.6, 'temp': 21.3, 'wd': 0.0, 'ws': 0.0, 'ws_scalar': 0.0}","{'gas': {'co': 18140, 'co2': 13263, 'no': 18141, 'no2': 18142, 'o3': 18143}, 'pm': {'pm1': 13209, 'pm10': 13211, 'pm25': 13210}}",0.41,10.0,36.97,4.2,4.62,4.48,777063527,66.6,MOD-00616,21.3,2026-09-10T05:44:35,2026-09-09T22:44:35,https://api.quant-aq.com/v1/devices/MOD-00616/data/777063209
276.45,593.24,"{'lat': None, 'lon': None}","{'rh': 64.6, 'temp': 21.4, 'wd': 0.0, 'ws': 0.0, 'ws_scalar': 0.0}","{'gas': {'co': 18140, 'co2': 13263, 'no': 18141, 'no2': 18142, 'o3': 18143}, 'pm': {'pm1': 13209, 'pm10': 13211, 'pm25': 13210}}",1.12,9.8,25.83,6.74,8.54,7.23,777061193,64.6,MOD-00616,21.4,2026-09-10T05:43:35,2026-09-09T22:43:35,https://api.quant-aq.com/v1/devices/MOD-00616/data/777060867
266.64,591.2,"{'lat': None, 'lon': None}","{'rh': 64.7, 'temp': 21.5, 'wd': 0.0, 'ws': 0.0, 'ws_scalar': 0.0}","{'gas': {'co': 18140, 'co2': 13263, 'no': 18141, 'no2': 18142, 'o3': 18143}, 'pm': {'pm1': 13209, 'pm10': 13211, 'pm25': 13210}}",0.93,6.68,26.99,6.24,9.88,6.51,777061192,64.7,MOD-00616,21.5,2026-09-10T05:42:35,2026-09-09T22:42:35,https://api.quant-aq.com/v1/devices/MOD-00616/data/777060868
271.37,593.24,"{'lat': None, 'lon': None}","{'rh': 66.3, 'temp': 21.6, 'wd': 0.0, 'ws': 0.0, 'ws_scalar': 0.0}","{'gas': {'co': 18140, 'co2': 13263, 'no': 18141, 'no2': 18142, 'o3': 18143}, 'pm': {'pm1': 13209, 'pm10': 13211, 'pm25': 13210}}",0.77,9.43,37.66,6.61,16.88,7.1,777061191,66.3,MOD-00616,21.6,2026-09-10T05:41:34,2026-09-09T22:41:34,https://api.quant-aq.com/v1/devices/MOD-00616/data/777060866
271.29,594.09,"{'lat': None, 'lon': None}","{'rh': 65.4, 'temp': 21.7, 'wd': 0.0, 'ws': 0.0, 'ws_scalar': 0.0}","{'gas': {'co': 18140, 'co2': 13263, 'no': 18141, 'no2': 18142, 'o3': 18143}, 'pm': {'pm1': 13209, 'pm10': 13211, 'pm25': 13210}}",0.69,9.03,35.22,6.25,10.03,6.67,777061187,65.4,MOD-00616,21.7,2026-09-10T05:40:34,2026-09-09T22:40:34,https://api.quant-aq.com/v1/devices/MOD-00616/data/777060862
276.13,592.4,"{'lat': None, 'lon': None}","{'rh': 65.1, 'temp': 21.8, 'wd': 0.0, 'ws': 0.0, 'ws_scalar': 0.0}","{'gas': {'co': 18140, 'co2': 13263, 'no': 18141, 'no2': 18142, 'o3': 18143}, 'pm': {'pm1': 13209, 'pm10': 13211, 'pm25': 13210}}",0.78,8.63,35.94,5.53,19.78,6.08,777058910,65.1,MOD-00616,21.8,2026-09-10T05:39:34,2026-09-09T22:39:34,https://api.quant-aq.com/v1/devices/MOD-00616/data/777058585
265.05,589.63,"{'lat': None, 'lon': None}","{'rh': 64.1, 'temp': 21.9, 'wd': 0.0, 'ws': 0.0, 'ws_scalar': 0.0}","{'gas': {'co': 18140, 'co2': 13263, 'no': 18141, 'no2': 18142, 'o3': 18143}, 'pm': {'pm1': 13209, 'pm10': 13211, 'pm25': 13210}}",0.85,8.8,31.31,3.98,9.27,4.43,777058909,64.1,MOD-00616,21.9,2026-09-10T05:38:34,2026-09-09T22:38:34,https://api.quant-aq.com/v1/devices/MOD-00616/data/777058584
267.42,593.24,"{'lat': None, 'lon': None}","{'rh': 63.8, 'temp': 22.0, 'wd': 0.0, 'ws': 0.0, 'ws_scalar': 0.0}","{'gas': {'co': 18140, 'co2': 13263, 'no': 18141, 'no2': 18142, 'o3': 18143}, 'pm': {'pm1': 13209, 'pm10': 13211, 'pm25': 13210}}",0.93,8.43,32.94,4.31,18.93,4.57,777058908,63.8,MOD-00616,22.0,2026-09-10T05:37:34,2026-09-09T22:37:34,https://api.quant-aq.com/v1/devices/MOD-00616/data/777058583
271.32,593.24,"{'lat': None, 'lon': None}","{'rh': 63.5, 'temp': 22.0, 'wd': 0.0, 'ws': 0.0, 'ws_scalar': 0.0}","{'gas': {'co': 18140, 'co2': 13263, 'no': 18141, 'no2': 18142, 'o3': 18143}, 'pm': {'pm1': 13209, 'pm10': 13211, 'pm25': 13210}}",0.55,7.93,31.96,4.4,8.08,4.86,777058905,63.5,MOD-00616,22.0,2026-09-10T05:36:34,2026-09-09T22:36:34,https://api.quant-aq.com/v1/devices/MOD-00616/data/777058580
270.27,585.05,"{'lat': None, 'lon': None}","{'rh': 63.4, 'temp': 22.1, 'wd': 0.0, 'ws': 0.0, 'ws_scalar': 0.0}","{'gas': {'co': 18140, 'co2': 13263, 'no': 18141, 'no2': 18142, 'o3': 18143}, 'pm': {'pm1': 13209, 'pm10': 13211, 'pm25': 13210}}",0.53,7.9,35.15,4.43,6.06,4.72,777056530,63.4,MOD-00616,22.1,2026-09-10T05:35:34,2026-09-09T22:35:34,https://api.quant-aq.com/v1/devices/MOD-00616/data/777056206
264.65,590.59,"{'lat': None, 'lon': None}","{'rh': 62.8, 'temp': 22.2, 'wd': 0.0, 'ws': 0.0, 'ws_scalar': 0.0}","{'gas': {'co': 18140, 'co2': 13263, 'no': 18141, 'no2': 18142, 'o3': 18143}, 'pm': {'pm1': 13209, 'pm10': 13211, 'pm25': 13210}}",1.05,8.4,32.53,3.05,16.36,3.38,777056527,62.8,MOD-00616,22.2,2026-09-10T05:34:34,2026-09-09T22:34:34,https://api.quant-aq.com/v1/devices/MOD-00616/data/777056204
260.53,592.52,"{'lat': None, 'lon': None}","{'rh': 62.4, 'temp': 22.3, 'wd': 0.0, 'ws': 0.0, 'ws_scalar': 0.0}","{'gas': {'co': 18140, 'co2': 13263, 'no': 18141, 'no2': 18142, 'o3': 18143}, 'pm': {'pm1': 13209, 'pm10': 13211, 'pm25': 13210}}",0.77,8.55,35.16,3.06,7.8,3.45,777056526,62.4,MOD-00616,22.3,2026-09-10T05:33:34,2026-09-09T22:33:34,https://api.quant-aq.com/v1/devices/MOD-00616/data/777056201
266.4,591.56,"{'lat': None, 'lon': None}","{'rh': 61.8, 'temp': 22.4, 'wd': 0.0, 'ws': 0.0, 'ws_scalar': 0.0}","{'gas': {'co': 18140, 'co2': 13263, 'no': 18141, 'no2': 18142, 'o3': 18143}, 'pm': {'pm1': 13209, 'pm10': 13211, 'pm25': 13210}}",0.74,8.37,33.5,4.03,14.86,4.48,777056528,61.8,MOD-00616,22.4,2026-09-10T05:32:34,2026-09-09T22:32:34,https://api.quant-aq.com/v1/devices/MOD-00616/data/777056202
261.12,591.08,"{'lat': None, 'lon': None}","{'rh': 61.3, 'temp': 22.5, 'wd': 0.0, 'ws': 0.0, 'ws_scalar': 0.0}","{'gas': {'co': 18140, 'co2': 13263, 'no': 18141, 'no2': 18142, 'o3': 18143}, 'pm': {'pm1': 13209, 'pm10': 13211, 'pm25': 13210}}",0.79,7.86,35.72,4.02,5.7,4.38,777054229,61.3,MOD-00616,22.5,2026-09-10T05:31:34,2026-09-09T22:31:34,https://api.quant-aq.com/v1/devices/MOD-00616/data/777053905
258.98,590.35,"{'lat': None, 'lon': None}","{'rh': 61.0, 'temp': 22.6, 'wd': 0.0, 'ws': 0.0, 'ws_scalar': 0.0}","{'gas': {'co': 18140, 'co2': 13263, 'no': 18141, 'no2': 18142, 'o3': 18143}, 'pm': {'pm1': 13209, 'pm10': 13211, 'pm25': 13210}}",1.16,8.33,33.53,4.71,20.52,5.26,777054228,61.0,MOD-00616,22.6,2026-09-10T05:30:34,2026-09-09T22:30:34,https://api.quant-aq.com/v1/devices/MOD-00616/data/777053903
266.69,589.63,"{'lat': None, 'lon': None}","{'rh': 60.1, 'temp': 22.7, 'wd': 0.0, 'ws': 0.0, 'ws_scalar': 0.0}","{'gas': {'co': 18140, 'co2': 13263, 'no': 18141, 'no2': 18142, 'o3': 18143}, 'pm': {'pm1': 13209, 'pm10': 13211, 'pm25': 13210}}",0.91,7.07,30.01,5.59,7.91,6.02,777054227,60.1,MOD-00616,22.7,2026-09-10T05:29:33,2026-09-09T22:29:33,https://api.quant-aq.com/v1/devices/MOD-00616/data/777053902
264.68,589.39,"{'lat': None, 'lon': None}","{'rh': 60.2, 'temp': 22.8, 'wd': 0.0, 'ws': 0.0, 'ws_scalar': 0.0}","{'gas': {'co': 18140, 'co2': 13263, 'no': 18141, 'no2': 18142, 'o3': 18143}, 'pm': {'pm1': 13209, 'pm10': 13211, 'pm25': 13210}}",0.98,8.12,35.97,4.16,20.17,4.5,777054225,60.2,MOD-00616,22.8,2026-09-10T05:28:33,2026-09-09T22:28:33,https://api.quant-aq.com/v1/devices/MOD-00616/data/777053900
264.75,591.2,"{'lat': None, 'lon': None}","{'rh': 59.1, 'temp': 22.9, 'wd': 0.0, 'ws': 0.0, 'ws_scalar': 0.0}","{'gas': {'co': 18140, 'co2': 13263, 'no': 18141, 'no2': 18142, 'o3': 18143}, 'pm': {'pm1': 13209, 'pm10': 13211, 'pm25': 13210}}",1.05,7.47,29.69,5.68,9.78,6.01,777051924,59.1,MOD-00616,22.9,2026-09-10T05:27:33,2026-09-09T22:27:33,https://api.quant-aq.com/v1/devices/MOD-00616/data/777051600
263.83,590.35,"{'lat': None, 'lon': None}","{'rh': 59.4, 'temp': 23.0, 'wd': 0.0, 'ws': 0.0, 'ws_scalar': 0.0}","{'gas': {'co': 18140, 'co2': 13263, 'no': 18141, 'no2': 18142, 'o3': 18143}, 'pm': {'pm1': 13209, 'pm10': 13211, 'pm25': 13210}}",1.06,7.15,38.12,5.47,26.24,5.97,777051925,59.4,MOD-00616,23.0,2026-09-10T05:26:33,2026-09-09T22:26:33,https://api.quant-aq.com/v1/devices/MOD-00616/data/777051599
255.23,588.43,"{'lat': None, 'lon': None}","{'rh': 58.8, 'temp': 23.0, 'wd': 0.0, 'ws': 0.0, 'ws_scalar': 0.0}","{'gas': {'co': 18140, 'co2': 13263, 'no': 18141, 'no2': 18142, 'o3': 18143}, 'pm': {'pm1': 13209, 'pm10': 13211, 'pm25': 13210}}",1.2,8.25,39.58,6.03,11.52,6.53,777051923,58.8,MOD-00616,23.0,2026-09-10T05:25:33,2026-09-09T22:25:33,https://api.quant-aq.com/v1/devices/MOD-00616/data/777051598
256.32,586.62,"{'lat': None, 'lon': None}","{'rh': 57.4, 'temp': 23.1, 'wd': 0.0, 'ws': 0.0, 'ws_scalar': 0.0}","{'gas': {'co': 18140, 'co2': 13263, 'no': 18141, 'no2': 18142, 'o3': 18143}, 'pm': {'pm1': 13209, 'pm10': 13211, 'pm25': 13210}}",1.21,8.25,36.93,4.46,8.12,4.88,777051922,57.4,MOD-00616,23.1,2026-09-10T05:24:33,2026-09-09T22:24:33,https://api.quant-aq.com/v1/devices/MOD-00616/data/777051597
260.22,588.67,"{'lat': None, 'lon': None}","{'rh': 56.1, 'temp': 23.2, 'wd': 0.0, 'ws': 0.0, 'ws_scalar': 0.0}","{'gas': {'co': 18140, 'co2': 13263, 'no': 18141, 'no2': 18142, 'o3': 18143}, 'pm': {'pm1': 13209, 'pm10': 13211, 'pm25': 13210}}",1.29,7.55,32.95,5.91,21.91,6.41,777049589,56.1,MOD-00616,23.2,2026-09-10T05:23:33,2026-09-09T22:23:33,https://api.quant-aq.com/v1/devices/MOD-00616/data/777049265
262.48,585.78,"{'lat': None, 'lon': None}","{'rh': 55.8, 'temp': 23.2, 'wd': 0.0, 'ws': 0.0, 'ws_scalar': 0.0}","{'gas': {'co': 18140, 'co2': 13263, 'no': 18141, 'no2': 18142, 'o3': 18143}, 'pm': {'pm1': 13209, 'pm10': 13211, 'pm25': 13210}}",1.28,7.4,38.11,5.91,12.63,6.27,777049586,55.8,MOD-00616,23.2,2026-09-10T05:22:33,2026-09-09T22:22:33,https://api.quant-aq.com/v1/devices/MOD-00616/data/777049263
261.26,586.86,"{'lat': None, 'lon': None}","{'rh': 54.2, 'temp': 23.3, 'wd': 0.0, 'ws': 0.0, 'ws_scalar': 0.0}","{'gas': {'co': 18140, 'co2': 13263, 'no': 18141, 'no2': 18142, 'o3': 18143}, 'pm': {'pm1': 13209, 'pm10': 13211, 'pm25': 13210}}",1.45,8.99,33.01,5.12,14.91,5.96,777049587,54.2,MOD-00616,23.3,2026-09-10T05:21:33,2026-09-09T22:21:33,https://api.quant-aq.com/v1/devices/MOD-00616/data/777049261
267.59,586.26,"{'lat': None, 'lon': None}","{'rh': 52.2, 'temp': 23.3, 'wd': 0.0, 'ws': 0.0, 'ws_scalar': 0.0}","{'gas': {'co': 18140, 'co2': 13263, 'no': 18141, 'no2': 18142, 'o3': 18143}, 'pm': {'pm1': 13209, 'pm10': 13211, 'pm25': 13210}}",1.42,6.76,21.07,6.19,12.73,6.46,777049588,52.2,MOD-00616,23.3,2026-09-10T05:20:33,2026-09-09T22:20:33,https://api.quant-aq.com/v1/devices/MOD-00616/data/777049262
265.41,582.4,"{'lat': None, 'lon': None}","{'rh': 51.8, 'temp': 23.3, 'wd': 0.0, 'ws': 0.0, 'ws_scalar': 0.0}","{'gas': {'co': 18140, 'co2': 13263, 'no': 18141, 'no2': 18142, 'o3': 18143}, 'pm': {'pm1': 13209, 'pm10': 13211, 'pm25': 13210}}",1.42,6.37,19.65,6.09,16.22,6.48,777047284,51.8,MOD-00616,23.3,2026-09-10T05:19:33,2026-09-09T22:19:33,https://api.quant-aq.com/v1/devices/MOD-00616/data/777046959
266.71,581.68,"{'lat': None, 'lon': None}","{'rh': 51.7, 'temp': 23.3, 'wd': 0.0, 'ws': 0.0, 'ws_scalar': 0.0}","{'gas': {'co': 18140, 'co2': 13263, 'no': 18141, 'no2': 18142, 'o3': 18143}, 'pm': {'pm1': 13209, 'pm10': 13211, 'pm25': 13210}}",1.41,6.14,18.53,7.2,12.56,7.56,777047285,51.7,MOD-00616,23.3,2026-09-10T05:18:33,2026-09-09T22:18:33,https://api.quant-aq.com/v1/devices/MOD-00616/data/777046960
266.71,583.25,"{'lat': None, 'lon': None}","{'rh': 51.7, 'temp': 23.3, 'wd': 0.0, 'ws': 0.0, 'ws_scalar': 0.0}","{'gas': {'co': 18140, 'co2': 13263, 'no': 18141, 'no2': 18142, 'o3': 18143}, 'pm': {'pm1': 13209, 'pm10': 13211, 'pm25': 13210}}",1.43,6.25,18.41,5.25,7.11,5.73,777047287,51.7,MOD-00616,23.3,2026-09-10T05:17:33,2026-09-09T22:17:33,https://api.quant-aq.com/v1/devices/MOD-00616/data/777046962
267.05,579.15,"{'lat': None, 'lon': None}","{'rh': 51.8, 'temp': 23.3, 'wd': 0.0, 'ws': 0.0, 'ws_scalar': 0.0}","{'gas': {'co': 18140, 'co2': 13263, 'no': 18141, 'no2': 18142, 'o3': 18143}, 'pm': {'pm1': 13209, 'pm10': 13211, 'pm25': 13210}}",1.39,6.37,20.1,5.02,6.44,5.48,777047286,51.8,MOD-00616,23.3,2026-09-10T05:16:32,2026-09-09T22:16:32,https://api.quant-aq.com/v1/devices/MOD-00616/data/777046961
270.81,583.25,"{'lat': None, 'lon': None}","{'rh': 51.7, 'temp': 23.3, 'wd': 0.0, 'ws': 0.0, 'ws_scalar': 0.0}","{'gas': {'co': 18140, 'co2': 13263, 'no': 18141, 'no2': 18142, 'o3': 18143}, 'pm': {'pm1': 13209, 'pm10': 13211, 'pm25': 13210}}",1.41,6.25,19.32,5.96,7.22,6.3,777045012,51.7,MOD-00616,23.3,2026-09-10T05:15:32,2026-09-09T22:15:32,https://api.quant-aq.com/v1/devices/MOD-00616/data/777044687
267.19,587.1,"{'lat': None, 'lon': None}","{'rh': 51.6, 'temp': 23.3, 'wd': 0.0, 'ws': 0.0, 'ws_scalar': 0.0}","{'gas': {'co': 18140, 'co2': 13263, 'no': 18141, 'no2': 18142, 'o3': 18143}, 'pm': {'pm1': 13209, 'pm10': 13211, 'pm25': 13210}}",1.4,6.36,19.21,5.23,9.25,5.75,777045011,51.6,MOD-00616,23.3,2026-09-10T05:14:32,2026-09-09T22:14:32,https://api.quant-aq.com/v1/devices/MOD-00616/data/777044686
273.82,581.08,"{'lat': None, 'lon': None}","{'rh': 51.5, 'temp': 23.3, 'wd': 0.0, 'ws': 0.0, 'ws_scalar': 0.0}","{'gas': {'co': 18140, 'co2': 13263, 'no': 18141, 'no2': 18142, 'o3': 18143}, 'pm': {'pm1': 13209, 'pm10': 13211, 'pm25': 13210}}",1.43,6.62,19.42,4.83,43.93,5.53,777045009,51.5,MOD-00616,23.3,2026-09-10T05:13:32,2026-09-09T22:13:32,https://api.quant-aq.com/v1/devices/MOD-00616/data/777044684
276.05,587.7,"{'lat': None, 'lon': None}","{'rh': 51.4, 'temp': 23.4, 'wd': 0.0, 'ws': 0.0, 'ws_scalar': 0.0}","{'gas': {'co': 18140, 'co2': 13263, 'no': 18141, 'no2': 18142, 'o3': 18143}, 'pm': {'pm1': 13209, 'pm10': 13211, 'pm25': 13210}}",1.47,6.35,18.3,5.81,7.36,6.27,777045010,51.4,MOD-00616,23.4,2026-09-10T05:12:32,2026-09-09T22:12:32,https://api.quant-aq.com/v1/devices/MOD-00616/data/777044685
264.98,578.91,"{'lat': None, 'lon': None}","{'rh': 51.4, 'temp': 23.4, 'wd': 0.0, 'ws': 0.0, 'ws_scalar': 0.0}","{'gas': {'co': 18140, 'co2': 13263, 'no': 18141, 'no2': 18142, 'o3': 18143}, 'pm': {'pm1': 13209, 'pm10': 13211, 'pm25': 13210}}",1.46,6.23,18.42,4.7,5.11,4.95,777042687,51.4,MOD-00616,23.4,2026-09-10T05:11:32,2026-09-09T22:11:32,https://api.quant-aq.com/v1/devices/MOD-00616/data/777042362
271.2,584.69,"{'lat': None, 'lon': None}","{'rh': 51.3, 'temp': 23.4, 'wd': 0.0, 'ws': 0.0, 'ws_scalar': 0.0}","{'gas': {'co': 18140, 'co2': 13263, 'no': 18141, 'no2': 18142, 'o3': 18143}, 'pm': {'pm1': 13209, 'pm10': 13211, 'pm25': 13210}}",1.47,6.34,17.39,4.03,5.37,4.32,777042686,51.3,MOD-00616,23.4,2026-09-10T05:10:32,2026-09-09T22:10:32,https://api.quant-aq.com/v1/devices/MOD-00616/data/777042361
270.72,580.48,"{'lat': None, 'lon': None}","{'rh': 51.4, 'temp': 23.4, 'wd': 0.0, 'ws': 0.0, 'ws_scalar': 0.0}","{'gas': {'co': 18140, 'co2': 13263, 'no': 18141, 'no2': 18142, 'o3': 18143}, 'pm': {'pm1': 13209, 'pm10': 13211, 'pm25': 13210}}",1.47,6.35,18.75,4.22,27.58,4.63,777042684,51.4,MOD-00616,23.4,2026-09-10T05:09:32,2026-09-09T22:09:32,https://api.quant-aq.com/v1/devices/MOD-00616/data/777042359
273.11,580.24,"{'lat': None, 'lon': None}","{'rh': 51.5, 'temp': 23.4, 'wd': 0.0, 'ws': 0.0, 'ws_scalar': 0.0}","{'gas': {'co': 18140, 'co2': 13263, 'no': 18141, 'no2': 18142, 'o3': 18143}, 'pm': {'pm1': 13209, 'pm10': 13211, 'pm25': 13210}}",1.47,6.35,19.2,4.98,8.41,5.35,777042685,51.5,MOD-00616,23.4,2026-09-10T05:08:32,2026-09-09T22:08:32,https://api.quant-aq.com/v1/devices/MOD-00616/data/777042360
269.42,585.3,"{'lat': None, 'lon': None}","{'rh': 51.5, 'temp': 23.4, 'wd': 0.0, 'ws': 0.0, 'ws_scalar': 0.0}","{'gas': {'co': 18140, 'co2': 13263, 'no': 18141, 'no2': 18142, 'o3': 18143}, 'pm': {'pm1': 13209, 'pm10': 13211, 'pm25': 13210}}",1.45,6.47,19.54,4.85,12.01,5.29,777040356,51.5,MOD-00616,23.4,2026-09-10T05:07:32,2026-09-09T22:07:32,https://api.quant-aq.com/v1/devices/MOD-00616/data/777040029
264.98,582.77,"{'lat': None, 'lon': None}","{'rh': 51.4, 'temp': 23.4, 'wd': 0.0, 'ws': 0.0, 'ws_scalar': 0.0}","{'gas': {'co': 18140, 'co2': 13263, 'no': 18141, 'no2': 18142, 'o3': 18143}, 'pm': {'pm1': 13209, 'pm10': 13211, 'pm25': 13210}}",1.48,6.47,18.63,5.25,5.87,5.45,777040357,51.4,MOD-00616,23.4,2026-09-10T05:06:32,2026-09-09T22:06:32,https://api.quant-aq.com/v1/devices/MOD-00616/data/777040033
267.51,586.26,"{'lat': None, 'lon': None}","{'rh': 51.3, 'temp': 23.4, 'wd': 0.0, 'ws': 0.0, 'ws_scalar': 0.0}","{'gas': {'co': 18140, 'co2': 13263, 'no': 18141, 'no2': 18142, 'o3': 18143}, 'pm': {'pm1': 13209, 'pm10': 13211, 'pm25': 13210}}",1.48,6.23,19.8,6.0,6.09,6.09,777040354,51.3,MOD-00616,23.4,2026-09-10T05:05:32,2026-09-09T22:05:32,https://api.quant-aq.com/v1/devices/MOD-00616/data/777040030
272.36,580.12,"{'lat': None, 'lon': None}","{'rh': 51.4, 'temp': 23.4, 'wd': 0.0, 'ws': 0.0, 'ws_scalar': 0.0}","{'gas': {'co': 18140, 'co2': 13263, 'no': 18141, 'no2': 18142, 'o3': 18143}, 'pm': {'pm1': 13209, 'pm10': 13211, 'pm25': 13210}}",1.48,6.35,20.58,6.3,18.33,6.6,777040353,51.4,MOD-00616,23.4,2026-09-10T05:04:32,2026-09-09T22:04:32,https://api.quant-aq.com/v1/devices/MOD-00616/data/777040032
270.25,579.75,"{'lat': None, 'lon': None}","{'rh': 50.9, 'temp': 23.4, 'wd': 0.0, 'ws': 0.0, 'ws_scalar': 0.0}","{'gas': {'co': 18140, 'co2': 13263, 'no': 18141, 'no2': 18142, 'o3': 18143}, 'pm': {'pm1': 13209, 'pm10': 13211, 'pm25': 13210}}",1.48,6.34,16.97,5.61,11.48,5.99,777038049,50.9,MOD-00616,23.4,2026-09-10T05:03:31,2026-09-09T22:03:31,https://api.quant-aq.com/v1/devices/MOD-00616/data/777037724
271.34,583.01,"{'lat': None, 'lon': None}","{'rh': 51.1, 'temp': 23.4, 'wd': 0.0, 'ws': 0.0, 'ws_scalar': 0.0}","{'gas': {'co': 18140, 'co2': 13263, 'no': 18141, 'no2': 18142, 'o3': 18143}, 'pm': {'pm1': 13209, 'pm10': 13211, 'pm25': 13210}}",1.48,6.11,18.57,4.71,5.57,5.16,777038048,51.1,MOD-00616,23.4,2026-09-10T05:02:31,2026-09-09T22:02:31,https://api.quant-aq.com/v1/devices/MOD-00616/data/777037722
266.83,577.35,"{'lat': None, 'lon': None}","{'rh': 51.1, 'temp': 23.4, 'wd': 0.0, 'ws': 0.0, 'ws_scalar': 0.0}","{'gas': {'co': 18140, 'co2': 13263, 'no': 18141, 'no2': 18142, 'o3': 18143}, 'pm': {'pm1': 13209, 'pm10': 13211, 'pm25': 13210}}",1.48,6.34,17.86,4.32,7.6,4.46,777038047,51.1,MOD-00616,23.4,2026-09-10T05:01:31,2026-09-09T22:01:31,https://api.quant-aq.com/v1/devices/MOD-00616/data/777037723
267.58,581.8,"{'lat': None, 'lon': None}","{'rh': 51.2, 'temp': 23.4, 'wd': 0.0, 'ws': 0.0, 'ws_scalar': 0.0}","{'gas': {'co': 18140, 'co2': 13263, 'no': 18141, 'no2': 18142, 'o3': 18143}, 'pm': {'pm1': 13209, 'pm10': 13211, 'pm25': 13210}}",1.47,6.23,18.89,3.97,5.42,4.35,777038046,51.2,MOD-00616,23.4,2026-09-10T05:00:31,2026-09-09T22:00:31,https://api.quant-aq.com/v1/devices/MOD-00616/data/777037720
268.4,580.72,"{'lat': None, 'lon': None}","{'rh': 51.2, 'temp': 23.4, 'wd': 0.0, 'ws': 0.0, 'ws_scalar': 0.0}","{'gas': {'co': 18140, 'co2': 13263, 'no': 18141, 'no2': 18142, 'o3': 18143}, 'pm': {'pm1': 13209, 'pm10': 13211, 'pm25': 13210}}",1.49,6.47,19.1,6.18,8.56,6.42,777035735,51.2,MOD-00616,23.4,2026-09-10T04:59:31,2026-09-09T21:59:31,https://api.quant-aq.com/v1/devices/MOD-00616/data/777035410
267.76,581.8,"{'lat': None, 'lon': None}","{'rh': 51.1, 'temp': 23.5, 'wd': 0.0, 'ws': 0.0, 'ws_scalar': 0.0}","{'gas': {'co': 18140, 'co2': 13263, 'no': 18141, 'no2': 18142, 'o3': 18143}, 'pm': {'pm1': 13209, 'pm10': 13211, 'pm25': 13210}}",1.53,6.45,18.64,6.15,6.54,6.41,777035736,51.1,MOD-00616,23.5,2026-09-10T04:58:31,2026-09-09T21:58:31,https://api.quant-aq.com/v1/devices/MOD-00616/data/777035411
269.54,578.31,"{'lat': None, 'lon': None}","{'rh': 50.9, 'temp': 23.5, 'wd': 0.0, 'ws': 0.0, 'ws_scalar': 0.0}","{'gas': {'co': 18140, 'co2': 13263, 'no': 18141, 'no2': 18142, 'o3': 18143}, 'pm': {'pm1': 13209, 'pm10': 13211, 'pm25': 13210}}",1.54,6.09,17.66,6.32,6.96,6.63,777035733,50.9,MOD-00616,23.5,2026-09-10T04:57:31,2026-09-09T21:57:31,https://api.quant-aq.com/v1/devices/MOD-00616/data/777035408
267.28,579.03,"{'lat': None, 'lon': None}","{'rh': 51.2, 'temp': 23.5, 'wd': 0.0, 'ws': 0.0, 'ws_scalar': 0.0}","{'gas': {'co': 18140, 'co2': 13263, 'no': 18141, 'no2': 18142, 'o3': 18143}, 'pm': {'pm1': 13209, 'pm10': 13211, 'pm25': 13210}}",1.54,6.1,19.91,6.32,11.4,6.64,777035732,51.2,MOD-00616,23.5,2026-09-10T04:56:31,2026-09-09T21:56:31,https://api.quant-aq.com/v1/devices/MOD-00616/data/777035407
268.65,577.59,"{'lat': None, 'lon': None}","{'rh': 51.0, 'temp': 23.5, 'wd': 0.0, 'ws': 0.0, 'ws_scalar': 0.0}","{'gas': {'co': 18140, 'co2': 13263, 'no': 18141, 'no2': 18142, 'o3': 18143}, 'pm': {'pm1': 13209, 'pm10': 13211, 'pm25': 13210}}",1.53,6.33,17.86,5.98,7.66,6.35,777033453,51.0,MOD-00616,23.5,2026-09-10T04:55:31,2026-09-09T21:55:31,https://api.quant-aq.com/v1/devices/MOD-00616/data/777033128
273.57,580.12,"{'lat': None, 'lon': None}","{'rh': 51.0, 'temp': 23.5, 'wd': 0.0, 'ws': 0.0, 'ws_scalar': 0.0}","{'gas': {'co': 18140, 'co2': 13263, 'no': 18141, 'no2': 18142, 'o3': 18143}, 'pm': {'pm1': 13209, 'pm10': 13211, 'pm25': 13210}}",1.51,6.1,18.56,6.12,10.48,6.6,777033452,51.0,MOD-00616,23.5,2026-09-10T04:54:31,2026-09-09T21:54:31,https://api.quant-aq.com/v1/devices/MOD-00616/data/777033127
271.04,579.15,"{'lat': None, 'lon': None}","{'rh': 51.1, 'temp': 23.5, 'wd': 0.0, 'ws': 0.0, 'ws_scalar': 0.0}","{'gas': {'co': 18140, 'co2': 13263, 'no': 18141, 'no2': 18142, 'o3': 18143}, 'pm': {'pm1': 13209, 'pm10': 13211, 'pm25': 13210}}",1.53,6.33,20.13,4.61,13.82,4.83,777033454,51.1,MOD-00616,23.5,2026-09-10T04:53:31,2026-09-09T21:53:31,https://api.quant-aq.com/v1/devices/MOD-00616/data/777033129
272.34,580.0,"{'lat': None, 'lon': None}","{'rh': 51.0, 'temp': 23.5, 'wd': 0.0, 'ws': 0.0, 'ws_scalar': 0.0}","{'gas': {'co': 18140, 'co2': 13263, 'no': 18141, 'no2': 18142, 'o3': 18143}, 'pm': {'pm1': 13209, 'pm10': 13211, 'pm25': 13210}}",1.54,6.72,18.86,6.31,10.38,6.6,777033455,51.0,MOD-00616,23.5,2026-09-10T04:52:31,2026-09-09T21:52:31,https://api.quant-aq.com/v1/devices/MOD-00616/data/777033130
267.63,576.98,"{'lat': None, 'lon': None}","{'rh': 50.7, 'temp': 23.5, 'wd': 0.0, 'ws': 0.0, 'ws_scalar': 0.0}","{'gas': {'co': 18140, 'co2': 13263, 'no': 18141, 'no2': 18142, 'o3': 18143}, 'pm': {'pm1': 13209, 'pm10': 13211, 'pm25': 13210}}",1.56,6.2,18.46,4.83,12.83,5.16,777031174,50.7,MOD-00616,23.5,2026-09-10T04:51:30,2026-09-09T21:51:30,https://api.quant-aq.com/v1/devices/MOD-00616/data/777030849
272.55,579.75,"{'lat': None, 'lon': None}","{'rh': 50.7, 'temp': 23.5, 'wd': 0.0, 'ws': 0.0, 'ws_scalar': 0.0}","{'gas': {'co': 18140, 'co2': 13263, 'no': 18141, 'no2': 18142, 'o3': 18143}, 'pm': {'pm1': 13209, 'pm10': 13211, 'pm25': 13210}}",1.53,6.09,17.22,6.46,8.13,6.72,777031173,50.7,MOD-00616,23.5,2026-09-10T04:50:30,2026-09-09T21:50:30,https://api.quant-aq.com/v1/devices/MOD-00616/data/777030848
271.32,581.68,"{'lat': None, 'lon': None}","{'rh': 50.7, 'temp': 23.5, 'wd': 0.0, 'ws': 0.0, 'ws_scalar': 0.0}","{'gas': {'co': 18140, 'co2': 13263, 'no': 18141, 'no2': 18142, 'o3': 18143}, 'pm': {'pm1': 13209, 'pm10': 13211, 'pm25': 13210}}",1.56,6.32,17.43,5.22,6.44,5.55,777031171,50.7,MOD-00616,23.5,2026-09-10T04:49:30,2026-09-09T21:49:30,https://api.quant-aq.com/v1/devices/MOD-00616/data/777030846
273.11,586.26,"{'lat': None, 'lon': None}","{'rh': 50.5, 'temp': 23.5, 'wd': 0.0, 'ws': 0.0, 'ws_scalar': 0.0}","{'gas': {'co': 18140, 'co2': 13263, 'no': 18141, 'no2': 18142, 'o3': 18143}, 'pm': {'pm1': 13209, 'pm10': 13211, 'pm25': 13210}}",1.55,6.2,17.11,6.14,7.37,6.56,777031172,50.5,MOD-00616,23.5,2026-09-10T04:48:30,2026-09-09T21:48:30,https://api.quant-aq.com/v1/devices/MOD-00616/data/777030847
271.73,583.13,"{'lat': None, 'lon': None}","{'rh': 50.7, 'temp': 23.5, 'wd': 0.0, 'ws': 0.0, 'ws_scalar': 0.0}","{'gas': {'co': 18140, 'co2': 13263, 'no': 18141, 'no2': 18142, 'o3': 18143}, 'pm': {'pm1': 13209, 'pm10': 13211, 'pm25': 13210}}",1.53,6.45,16.85,4.19,6.6,4.48,777028839,50.7,MOD-00616,23.5,2026-09-10T04:47:30,2026-09-09T21:47:30,https://api.quant-aq.com/v1/devices/MOD-00616/data/777028514
270.02,582.4,"{'lat': None, 'lon': None}","{'rh': 50.8, 'temp': 23.5, 'wd': 0.0, 'ws': 0.0, 'ws_scalar': 0.0}","{'gas': {'co': 18140, 'co2': 13263, 'no': 18141, 'no2': 18142, 'o3': 18143}, 'pm': {'pm1': 13209, 'pm10': 13211, 'pm25': 13210}}",1.54,6.45,18.21,4.66,11.82,4.81,777028840,50.8,MOD-00616,23.5,2026-09-10T04:46:30,2026-09-09T21:46:30,https://api.quant-aq.com/v1/devices/MOD-00616/data/777028515
271.73,581.56,"{'lat': None, 'lon': None}","{'rh': 50.7, 'temp': 23.5, 'wd': 0.0, 'ws': 0.0, 'ws_scalar': 0.0}","{'gas': {'co': 18140, 'co2': 13263, 'no': 18141, 'no2': 18142, 'o3': 18143}, 'pm': {'pm1': 13209, 'pm10': 13211, 'pm25': 13210}}",1.54,6.09,16.76,3.52,5.02,3.85,777028837,50.7,MOD-00616,23.5,2026-09-10T04:45:30,2026-09-09T21:45:30,https://api.quant-aq.com/v1/devices/MOD-00616/data/777028512
270.02,581.56,"{'lat': None, 'lon': None}","{'rh': 50.8, 'temp': 23.5, 'wd': 0.0, 'ws': 0.0, 'ws_scalar': 0.0}","{'gas': {'co': 18140, 'co2': 13263, 'no': 18141, 'no2': 18142, 'o3': 18143}, 'pm': {'pm1': 13209, 'pm10': 13211, 'pm25': 13210}}",1.54,6.32,16.96,5.28,9.83,5.49,777028838,50.8,MOD-00616,23.5,2026-09-10T04:44:30,2026-09-09T21:44:30,https://api.quant-aq.com/v1/devices/MOD-00616/data/777028513
273.64,581.2,"{'lat': None, 'lon': None}","{'rh': 50.9, 'temp': 23.5, 'wd': 0.0, 'ws': 0.0, 'ws_scalar': 0.0}","{'gas': {'co': 18140, 'co2': 13263, 'no': 18141, 'no2': 18142, 'o3': 18143}, 'pm': {'pm1': 13209, 'pm10': 13211, 'pm25': 13210}}",1.54,6.21,18.45,5.48,10.93,5.79,777026526,50.9,MOD-00616,23.5,2026-09-10T04:43:30,2026-09-09T21:43:30,https://api.quant-aq.com/v1/devices/MOD-00616/data/777026201
271.52,583.13,"{'lat': None, 'lon': None}","{'rh': 51.0, 'temp': 23.5, 'wd': 0.0, 'ws': 0.0, 'ws_scalar': 0.0}","{'gas': {'co': 18140, 'co2': 13263, 'no': 18141, 'no2': 18142, 'o3': 18143}, 'pm': {'pm1': 13209, 'pm10': 13211, 'pm25': 13210}}",1.56,6.87,18.28,5.59,7.34,5.93,777026524,51.0,MOD-00616,23.5,2026-09-10T04:42:30,2026-09-09T21:42:30,https://api.quant-aq.com/v1/devices/MOD-00616/data/777026199
268.86,581.92,"{'lat': None, 'lon': None}","{'rh': 50.7, 'temp': 23.5, 'wd': 0.0, 'ws': 0.0, 'ws_scalar': 0.0}","{'gas': {'co': 18140, 'co2': 13263, 'no': 18141, 'no2': 18142, 'o3': 18143}, 'pm': {'pm1': 13209, 'pm10': 13211, 'pm25': 13210}}",1.55,6.2,16.64,3.78,4.92,4.11,777026525,50.7,MOD-00616,23.5,2026-09-10T04:41:30,2026-09-09T21:41:30,https://api.quant-aq.com/v1/devices/MOD-00616/data/777026200
270.43,584.33,"{'lat': None, 'lon': None}","{'rh': 50.8, 'temp': 23.5, 'wd': 0.0, 'ws': 0.0, 'ws_scalar': 0.0}","{'gas': {'co': 18140, 'co2': 13263, 'no': 18141, 'no2': 18142, 'o3': 18143}, 'pm': {'pm1': 13209, 'pm10': 13211, 'pm25': 13210}}",1.56,6.2,18.45,4.03,6.14,4.2,777026523,50.8,MOD-00616,23.5,2026-09-10T04:40:30,2026-09-09T21:40:30,https://api.quant-aq.com/v1/devices/MOD-00616/data/777026198
276.92,581.32,"{'lat': None, 'lon': None}","{'rh': 50.9, 'temp': 23.5, 'wd': 0.0, 'ws': 0.0, 'ws_scalar': 0.0}","{'gas': {'co': 18140, 'co2': 13263, 'no': 18141, 'no2': 18142, 'o3': 18143}, 'pm': {'pm1': 13209, 'pm10': 13211, 'pm25': 13210}}",1.55,6.58,17.62,4.46,7.45,4.98,777024147,50.9,MOD-00616,23.5,2026-09-10T04:39:29,2026-09-09T21:39:29,https://api.quant-aq.com/v1/devices/MOD-00616/data/777023821
269.88,580.24,"{'lat': None, 'lon': None}","{'rh': 51.0, 'temp': 23.5, 'wd': 0.0, 'ws': 0.0, 'ws_scalar': 0.0}","{'gas': {'co': 18140, 'co2': 13263, 'no': 18141, 'no2': 18142, 'o3': 18143}, 'pm': {'pm1': 13209, 'pm10': 13211, 'pm25': 13210}}",1.54,6.58,18.07,6.33,14.17,6.59,777024145,51.0,MOD-00616,23.5,2026-09-10T04:38:29,2026-09-09T21:38:29,https://api.quant-aq.com/v1/devices/MOD-00616/data/777023819
272.25,580.24,"{'lat': None, 'lon': None}","{'rh': 50.7, 'temp': 23.6, 'wd': 0.0, 'ws': 0.0, 'ws_scalar': 0.0}","{'gas': {'co': 18140, 'co2': 13263, 'no': 18141, 'no2': 18142, 'o3': 18143}, 'pm': {'pm1': 13209, 'pm10': 13211, 'pm25': 13210}}",1.58,6.7,15.22,5.19,8.57,5.53,777024146,50.7,MOD-00616,23.6,2026-09-10T04:37:29,2026-09-09T21:37:29,https://api.quant-aq.com/v1/devices/MOD-00616/data/777023822
272.0,579.39,"{'lat': None, 'lon': None}","{'rh': 50.9, 'temp': 23.5, 'wd': 0.0, 'ws': 0.0, 'ws_scalar': 0.0}","{'gas': {'co': 18140, 'co2': 13263, 'no': 18141, 'no2': 18142, 'o3': 18143}, 'pm': {'pm1': 13209, 'pm10': 13211, 'pm25': 13210}}",1.52,7.19,17.58,4.78,5.52,5.26,777024144,50.9,MOD-00616,23.5,2026-09-10T04:36:29,2026-09-09T21:36:29,https://api.quant-aq.com/v1/devices/MOD-00616/data/777023820
277.55,582.65,"{'lat': None, 'lon': None}","{'rh': 50.6, 'temp': 23.5, 'wd': 0.0, 'ws': 0.0, 'ws_scalar': 0.0}","{'gas': {'co': 18140, 'co2': 13263, 'no': 18141, 'no2': 18142, 'o3': 18143}, 'pm': {'pm1': 13209, 'pm10': 13211, 'pm25': 13210}}",1.54,6.45,16.85,5.3,8.01,5.55,777021855,50.6,MOD-00616,23.5,2026-09-10T04:35:29,2026-09-09T21:35:29,https://api.quant-aq.com/v1/devices/MOD-00616/data/777021530
268.86,583.73,"{'lat': None, 'lon': None}","{'rh': 50.7, 'temp': 23.5, 'wd': 0.0, 'ws': 0.0, 'ws_scalar': 0.0}","{'gas': {'co': 18140, 'co2': 13263, 'no': 18141, 'no2': 18142, 'o3': 18143}, 'pm': {'pm1': 13209, 'pm10': 13211, 'pm25': 13210}}",1.51,6.58,15.35,5.83,12.99,5.97,777021856,50.7,MOD-00616,23.5,2026-09-10T04:34:29,2026-09-09T21:34:29,https://api.quant-aq.com/v1/devices/MOD-00616/data/777021531
275.42,582.89,"{'lat': None, 'lon': None}","{'rh': 50.7, 'temp': 23.5, 'wd': 0.0, 'ws': 0.0, 'ws_scalar': 0.0}","{'gas': {'co': 18140, 'co2': 13263, 'no': 18141, 'no2': 18142, 'o3': 18143}, 'pm': {'pm1': 13209, 'pm10': 13211, 'pm25': 13210}}",1.55,7.03,17.27,4.23,4.91,4.55,777021857,50.7,MOD-00616,23.5,2026-09-10T04:33:29,2026-09-09T21:33:29,https://api.quant-aq.com/v1/devices/MOD-00616/data/777021532
280.28,579.63,"{'lat': None, 'lon': None}","{'rh': 50.8, 'temp': 23.5, 'wd': 0.0, 'ws': 0.0, 'ws_scalar': 0.0}","{'gas': {'co': 18140, 'co2': 13263, 'no': 18141, 'no2': 18142, 'o3': 18143}, 'pm': {'pm1': 13209, 'pm10': 13211, 'pm25': 13210}}",1.54,6.2,18.0,4.06,7.88,4.39,777021854,50.8,MOD-00616,23.5,2026-09-10T04:32:29,2026-09-09T21:32:29,https://api.quant-aq.com/v1/devices/MOD-00616/data/777021529
272.89,585.78,"{'lat': None, 'lon': None}","{'rh': 50.8, 'temp': 23.5, 'wd': 0.0, 'ws': 0.0, 'ws_scalar': 0.0}","{'gas': {'co': 18140, 'co2': 13263, 'no': 18141, 'no2': 18142, 'o3': 18143}, 'pm': {'pm1': 13209, 'pm10': 13211, 'pm25': 13210}}",1.55,6.45,18.21,4.44,5.84,4.7,777019555,50.8,MOD-00616,23.5,2026-09-10T04:31:29,2026-09-09T21:31:29,https://api.quant-aq.com/v1/devices/MOD-00616/data/777019230
269.95,580.6,"{'lat': None, 'lon': None}","{'rh': 50.9, 'temp': 23.5, 'wd': 0.0, 'ws': 0.0, 'ws_scalar': 0.0}","{'gas': {'co': 18140, 'co2': 13263, 'no': 18141, 'no2': 18142, 'o3': 18143}, 'pm': {'pm1': 13209, 'pm10': 13211, 'pm25': 13210}}",1.55,6.45,18.66,3.92,4.28,4.14,777019554,50.9,MOD-00616,23.5,2026-09-10T04:30:29,2026-09-09T21:30:29,https://api.quant-aq.com/v1/devices/MOD-00616/data/777019228
273.64,582.4,"{'lat': None, 'lon': None}","{'rh': 50.9, 'temp': 23.5, 'wd': 0.0, 'ws': 0.0, 'ws_scalar': 0.0}","{'gas': {'co': 18140, 'co2': 13263, 'no': 18141, 'no2': 18142, 'o3': 18143}, 'pm': {'pm1': 13209, 'pm10': 13211, 'pm25': 13210}}",1.53,6.45,17.74,4.34,5.92,4.71,777019553,50.9,MOD-00616,23.5,2026-09-10T04:29:29,2026-09-09T21:29:29,https://api.quant-aq.com/v1/devices/MOD-00616/data/777019229
283.49,580.12,"{'lat': None, 'lon': None}","{'rh': 50.9, 'temp': 23.5, 'wd': 0.0, 'ws': 0.0, 'ws_scalar': 0.0}","{'gas': {'co': 18140, 'co2': 13263, 'no': 18141, 'no2': 18142, 'o3': 18143}, 'pm': {'pm1': 13209, 'pm10': 13211, 'pm25': 13210}}",1.55,6.09,19.03,4.81,9.45,4.95,777019552,50.9,MOD-00616,23.5,2026-09-10T04:28:29,2026-09-09T21:28:29,https://api.quant-aq.com/v1/devices/MOD-00616/data/777019227
273.64,578.67,"{'lat': None, 'lon': None}","{'rh': 50.9, 'temp': 23.5, 'wd': 0.0, 'ws': 0.0, 'ws_scalar': 0.0}","{'gas': {'co': 18140, 'co2': 13263, 'no': 18141, 'no2': 18142, 'o3': 18143}, 'pm': {'pm1': 13209, 'pm10': 13211, 'pm25': 13210}}",1.54,6.32,17.87,4.59,11.08,4.98,777017180,50.9,MOD-00616,23.5,2026-09-10T04:27:29,2026-09-09T21:27:29,https://api.quant-aq.com/v1/devices/MOD-00616/data/777016855
272.82,580.0,"{'lat': None, 'lon': None}","{'rh': 50.9, 'temp': 23.5, 'wd': 0.0, 'ws': 0.0, 'ws_scalar': 0.0}","{'gas': {'co': 18140, 'co2': 13263, 'no': 18141, 'no2': 18142, 'o3': 18143}, 'pm': {'pm1': 13209, 'pm10': 13211, 'pm25': 13210}}",1.56,6.45,17.29,4.86,17.11,5.16,777017179,50.9,MOD-00616,23.5,2026-09-10T04:26:28,2026-09-09T21:26:28,https://api.quant-aq.com/v1/devices/MOD-00616/data/777016854
273.64,577.95,"{'lat': None, 'lon': None}","{'rh': 50.9, 'temp': 23.5, 'wd': 0.0, 'ws': 0.0, 'ws_scalar': 0.0}","{'gas': {'co': 18140, 'co2': 13263, 'no': 18141, 'no2': 18142, 'o3': 18143}, 'pm': {'pm1': 13209, 'pm10': 13211, 'pm25': 13210}}",1.54,6.32,16.5,4.42,6.15,4.61,777017178,50.9,MOD-00616,23.5,2026-09-10T04:25:28,2026-09-09T21:25:28,https://api.quant-aq.com/v1/devices/MOD-00616/data/777016852
273.16,586.02,"{'lat': None, 'lon': None}","{'rh': 51.0, 'temp': 23.5, 'wd': 0.0, 'ws': 0.0, 'ws_scalar': 0.0}","{'gas': {'co': 18140, 'co2': 13263, 'no': 18141, 'no2': 18142, 'o3': 18143}, 'pm': {'pm1': 13209, 'pm10': 13211, 'pm25': 13210}}",1.54,6.33,16.49,4.58,8.21,4.93,777017176,51.0,MOD-00616,23.5,2026-09-10T04:24:28,2026-09-09T21:24:28,https://api.quant-aq.com/v1/devices/MOD-00616/data/777016853
282.99,581.2,"{'lat': None, 'lon': None}","{'rh': 51.6, 'temp': 23.5, 'wd': 0.0, 'ws': 0.0, 'ws_scalar': 0.0}","{'gas': {'co': 18140, 'co2': 13263, 'no': 18141, 'no2': 18142, 'o3': 18143}, 'pm': {'pm1': 13209, 'pm10': 13211, 'pm25': 13210}}",1.53,6.72,19.73,5.09,12.85,5.47,777014857,51.6,MOD-00616,23.5,2026-09-10T04:23:28,2026-09-09T21:23:28,https://api.quant-aq.com/v1/devices/MOD-00616/data/777014532
274.52,580.6,"{'lat': None, 'lon': None}","{'rh': 51.4, 'temp': 23.5, 'wd': 0.0, 'ws': 0.0, 'ws_scalar': 0.0}","{'gas': {'co': 18140, 'co2': 13263, 'no': 18141, 'no2': 18142, 'o3': 18143}, 'pm': {'pm1': 13209, 'pm10': 13211, 'pm25': 13210}}",1.54,6.58,21.69,5.9,6.79,6.25,777014855,51.4,MOD-00616,23.5,2026-09-10T04:22:28,2026-09-09T21:22:28,https://api.quant-aq.com/v1/devices/MOD-00616/data/777014531
268.72,571.68,"{'lat': None, 'lon': None}","{'rh': 50.9, 'temp': 23.5, 'wd': 0.0, 'ws': 0.0, 'ws_scalar': 0.0}","{'gas': {'co': 18140, 'co2': 13263, 'no': 18141, 'no2': 18142, 'o3': 18143}, 'pm': {'pm1': 13209, 'pm10': 13211, 'pm25': 13210}}",1.55,6.58,18.53,4.88,6.67,5.15,777014854,50.9,MOD-00616,23.5,2026-09-10T04:21:28,2026-09-09T21:21:28,https://api.quant-aq.com/v1/devices/MOD-00616/data/777014530
275.76,580.36,"{'lat': None, 'lon': None}","{'rh': 50.8, 'temp': 23.5, 'wd': 0.0, 'ws': 0.0, 'ws_scalar': 0.0}","{'gas': {'co': 18140, 'co2': 13263, 'no': 18141, 'no2': 18142, 'o3': 18143}, 'pm': {'pm1': 13209, 'pm10': 13211, 'pm25': 13210}}",1.56,6.32,17.42,5.87,7.33,6.23,777014856,50.8,MOD-00616,23.5,2026-09-10T04:20:28,2026-09-09T21:20:28,https://api.quant-aq.com/v1/devices/MOD-00616/data/777014529
274.05,580.6,"{'lat': None, 'lon': None}","{'rh': 50.9, 'temp': 23.5, 'wd': 0.0, 'ws': 0.0, 'ws_scalar': 0.0}","{'gas': {'co': 18140, 'co2': 13263, 'no': 18141, 'no2': 18142, 'o3': 18143}, 'pm': {'pm1': 13209, 'pm10': 13211, 'pm25': 13210}}",1.55,6.09,19.94,6.12,9.99,6.42,777012537,50.9,MOD-00616,23.5,2026-09-10T04:19:28,2026-09-09T21:19:28,https://api.quant-aq.com/v1/devices/MOD-00616/data/777012212
271.77,582.77,"{'lat': None, 'lon': None}","{'rh': 50.8, 'temp': 23.6, 'wd': 0.0, 'ws': 0.0, 'ws_scalar': 0.0}","{'gas': {'co': 18140, 'co2': 13263, 'no': 18141, 'no2': 18142, 'o3': 18143}, 'pm': {'pm1': 13209, 'pm10': 13211, 'pm25': 13210}}",1.61,6.31,17.41,6.49,12.71,6.85,777012536,50.8,MOD-00616,23.6,2026-09-10T04:18:27,2026-09-09T21:18:27,https://api.quant-aq.com/v1/devices/MOD-00616/data/777012210
275.46,580.48,"{'lat': None, 'lon': None}","{'rh': 50.8, 'temp': 23.6, 'wd': 0.0, 'ws': 0.0, 'ws_scalar': 0.0}","{'gas': {'co': 18140, 'co2': 13263, 'no': 18141, 'no2': 18142, 'o3': 18143}, 'pm': {'pm1': 13209, 'pm10': 13211, 'pm25': 13210}}",1.61,6.19,16.62,4.05,12.68,4.35,777012535,50.8,MOD-00616,23.6,2026-09-10T04:17:27,2026-09-09T21:17:27,https://api.quant-aq.com/v1/devices/MOD-00616/data/777012211
269.85,583.85,"{'lat': None, 'lon': None}","{'rh': 51.2, 'temp': 23.6, 'wd': 0.0, 'ws': 0.0, 'ws_scalar': 0.0}","{'gas': {'co': 18140, 'co2': 13263, 'no': 18141, 'no2': 18142, 'o3': 18143}, 'pm': {'pm1': 13209, 'pm10': 13211, 'pm25': 13210}}",1.57,6.09,20.81,5.79,7.2,6.21,777012534,51.2,MOD-00616,23.6,2026-09-10T04:16:27,2026-09-09T21:16:27,https://api.quant-aq.com/v1/devices/MOD-00616/data/777012208
276.14,580.96,"{'lat': None, 'lon': None}","{'rh': 51.0, 'temp': 23.6, 'wd': 0.0, 'ws': 0.0, 'ws_scalar': 0.0}","{'gas': {'co': 18140, 'co2': 13263, 'no': 18141, 'no2': 18142, 'o3': 18143}, 'pm': {'pm1': 13209, 'pm10': 13211, 'pm25': 13210}}",1.63,6.56,19.42,5.36,6.53,5.72,777010247,51.0,MOD-00616,23.6,2026-09-10T04:15:27,2026-09-09T21:15:27,https://api.quant-aq.com/v1/devices/MOD-00616/data/777009922
272.52,582.04,"{'lat': None, 'lon': None}","{'rh': 50.9, 'temp': 23.6, 'wd': 0.0, 'ws': 0.0, 'ws_scalar': 0.0}","{'gas': {'co': 18140, 'co2': 13263, 'no': 18141, 'no2': 18142, 'o3': 18143}, 'pm': {'pm1': 13209, 'pm10': 13211, 'pm25': 13210}}",1.59,6.43,16.82,5.42,9.71,5.74,777010246,50.9,MOD-00616,23.6,2026-09-10T04:14:27,2026-09-09T21:14:27,https://api.quant-aq.com/v1/devices/MOD-00616/data/777009921
270.67,581.44,"{'lat': None, 'lon': None}","{'rh': 51.2, 'temp': 23.6, 'wd': 0.0, 'ws': 0.0, 'ws_scalar': 0.0}","{'gas': {'co': 18140, 'co2': 13263, 'no': 18141, 'no2': 18142, 'o3': 18143}, 'pm': {'pm1': 13209, 'pm10': 13211, 'pm25': 13210}}",1.59,6.56,20.32,5.78,21.22,6.1,777010245,51.2,MOD-00616,23.6,2026-09-10T04:13:27,2026-09-09T21:13:27,https://api.quant-aq.com/v1/devices/MOD-00616/data/777009920
275.73,580.24,"{'lat': None, 'lon': None}","{'rh': 51.0, 'temp': 23.6, 'wd': 0.0, 'ws': 0.0, 'ws_scalar': 0.0}","{'gas': {'co': 18140, 'co2': 13263, 'no': 18141, 'no2': 18142, 'o3': 18143}, 'pm': {'pm1': 13209, 'pm10': 13211, 'pm25': 13210}}",1.61,6.7,17.93,6.06,9.2,6.33,777010244,51.0,MOD-00616,23.6,2026-09-10T04:12:27,2026-09-09T21:12:27,https://api.quant-aq.com/v1/devices/MOD-00616/data/777009919
275.95,581.92,"{'lat': None, 'lon': None}","{'rh': 50.7, 'temp': 23.6, 'wd': 0.0, 'ws': 0.0, 'ws_scalar': 0.0}","{'gas': {'co': 18140, 'co2': 13263, 'no': 18141, 'no2': 18142, 'o3': 18143}, 'pm': {'pm1': 13209, 'pm10': 13211, 'pm25': 13210}}",1.6,6.19,17.08,4.98,8.22,5.24,777007930,50.7,MOD-00616,23.6,2026-09-10T04:11:27,2026-09-09T21:11:27,https://api.quant-aq.com/v1/devices/MOD-00616/data/777007605
274.64,576.38,"{'lat': None, 'lon': None}","{'rh': 50.8, 'temp': 23.6, 'wd': 0.0, 'ws': 0.0, 'ws_scalar': 0.0}","{'gas': {'co': 18140, 'co2': 13263, 'no': 18141, 'no2': 18142, 'o3': 18143}, 'pm': {'pm1': 13209, 'pm10': 13211, 'pm25': 13210}}",1.6,5.87,17.9,7.04,10.57,7.34,777007929,50.8,MOD-00616,23.6,2026-09-10T04:10:27,2026-09-09T21:10:27,https://api.quant-aq.com/v1/devices/MOD-00616/data/777007604
285.03,576.26,"{'lat': None, 'lon': None}","{'rh': 51.2, 'temp': 23.6, 'wd': 0.0, 'ws': 0.0, 'ws_scalar': 0.0}","{'gas': {'co': 18140, 'co2': 13263, 'no': 18141, 'no2': 18142, 'o3': 18143}, 'pm': {'pm1': 13209, 'pm10': 13211, 'pm25': 13210}}",1.58,6.2,21.15,7.06,9.55,7.35,777007927,51.2,MOD-00616,23.6,2026-09-10T04:09:27,2026-09-09T21:09:27,https://api.quant-aq.com/v1/devices/MOD-00616/data/777007602
276.66,576.98,"{'lat': None, 'lon': None}","{'rh': 51.0, 'temp': 23.7, 'wd': 0.0, 'ws': 0.0, 'ws_scalar': 0.0}","{'gas': {'co': 18140, 'co2': 13263, 'no': 18141, 'no2': 18142, 'o3': 18143}, 'pm': {'pm1': 13209, 'pm10': 13211, 'pm25': 13210}}",1.65,6.29,19.66,6.58,9.06,7.03,777007928,51.0,MOD-00616,23.7,2026-09-10T04:08:26,2026-09-09T21:08:26,https://api.quant-aq.com/v1/devices/MOD-00616/data/777007603
270.92,577.47,"{'lat': None, 'lon': None}","{'rh': 51.0, 'temp': 23.7, 'wd': 0.0, 'ws': 0.0, 'ws_scalar': 0.0}","{'gas': {'co': 18140, 'co2': 13263, 'no': 18141, 'no2': 18142, 'o3': 18143}, 'pm': {'pm1': 13209, 'pm10': 13211, 'pm25': 13210}}",1.65,6.18,20.24,6.18,17.21,6.58,777005616,51.0,MOD-00616,23.7,2026-09-10T04:07:26,2026-09-09T21:07:26,https://api.quant-aq.com/v1/devices/MOD-00616/data/777005291
274.76,577.1,"{'lat': None, 'lon': None}","{'rh': 50.8, 'temp': 23.7, 'wd': 0.0, 'ws': 0.0, 'ws_scalar': 0.0}","{'gas': {'co': 18140, 'co2': 13263, 'no': 18141, 'no2': 18142, 'o3': 18143}, 'pm': {'pm1': 13209, 'pm10': 13211, 'pm25': 13210}}",1.65,6.29,19.22,6.56,16.36,6.98,777005617,50.8,MOD-00616,23.7,2026-09-10T04:06:26,2026-09-09T21:06:26,https://api.quant-aq.com/v1/devices/MOD-00616/data/777005292
278.38,578.67,"{'lat': None, 'lon': None}","{'rh': 50.9, 'temp': 23.7, 'wd': 0.0, 'ws': 0.0, 'ws_scalar': 0.0}","{'gas': {'co': 18140, 'co2': 13263, 'no': 18141, 'no2': 18142, 'o3': 18143}, 'pm': {'pm1': 13209, 'pm10': 13211, 'pm25': 13210}}",1.67,6.18,20.7,5.93,8.7,6.22,777005614,50.9,MOD-00616,23.7,2026-09-10T04:05:26,2026-09-09T21:05:26,https://api.quant-aq.com/v1/devices/MOD-00616/data/777005289
272.29,581.8,"{'lat': None, 'lon': None}","{'rh': 50.8, 'temp': 23.7, 'wd': 0.0, 'ws': 0.0, 'ws_scalar': 0.0}","{'gas': {'co': 18140, 'co2': 13263, 'no': 18141, 'no2': 18142, 'o3': 18143}, 'pm': {'pm1': 13209, 'pm10': 13211, 'pm25': 13210}}",1.68,6.29,20.13,5.9,7.46,6.18,777005615,50.8,MOD-00616,23.7,2026-09-10T04:04:26,2026-09-09T21:04:26,https://api.quant-aq.com/v1/devices/MOD-00616/data/777005290
276.31,581.44,"{'lat': None, 'lon': None}","{'rh': 50.5, 'temp': 23.8, 'wd': 0.0, 'ws': 0.0, 'ws_scalar': 0.0}","{'gas': {'co': 18140, 'co2': 13263, 'no': 18141, 'no2': 18142, 'o3': 18143}, 'pm': {'pm1': 13209, 'pm10': 13211, 'pm25': 13210}}",1.72,5.84,18.81,6.42,13.99,6.77,777003277,50.5,MOD-00616,23.8,2026-09-10T04:03:26,2026-09-09T21:03:26,https://api.quant-aq.com/v1/devices/MOD-00616/data/777002952
280.41,581.56,"{'lat': None, 'lon': None}","{'rh': 50.5, 'temp': 23.8, 'wd': 0.0, 'ws': 0.0, 'ws_scalar': 0.0}","{'gas': {'co': 18140, 'co2': 13263, 'no': 18141, 'no2': 18142, 'o3': 18143}, 'pm': {'pm1': 13209, 'pm10': 13211, 'pm25': 13210}}",1.72,6.16,18.44,5.89,7.49,6.19,777003280,50.5,MOD-00616,23.8,2026-09-10T04:02:26,2026-09-09T21:02:26,https://api.quant-aq.com/v1/devices/MOD-00616/data/777002954
279.11,578.31,"{'lat': None, 'lon': None}","{'rh': 50.6, 'temp': 23.8, 'wd': 0.0, 'ws': 0.0, 'ws_scalar': 0.0}","{'gas': {'co': 18140, 'co2': 13263, 'no': 18141, 'no2': 18142, 'o3': 18143}, 'pm': {'pm1': 13209, 'pm10': 13211, 'pm25': 13210}}",1.72,6.16,21.17,7.35,8.06,7.58,777003279,50.6,MOD-00616,23.8,2026-09-10T04:01:26,2026-09-09T21:01:26,https://api.quant-aq.com/v1/devices/MOD-00616/data/777002955
277.68,577.1,"{'lat': None, 'lon': None}","{'rh': 50.3, 'temp': 23.8, 'wd': 0.0, 'ws': 0.0, 'ws_scalar': 0.0}","{'gas': {'co': 18140, 'co2': 13263, 'no': 18141, 'no2': 18142, 'o3': 18143}, 'pm': {'pm1': 13209, 'pm10': 13211, 'pm25': 13210}}",1.71,6.27,18.79,6.88,10.61,7.16,777003278,50.3,MOD-00616,23.8,2026-09-10T04:00:26,2026-09-09T21:00:26,https://api.quant-aq.com/v1/devices/MOD-00616/data/777002953
277.61,577.23,"{'lat': None, 'lon': None}","{'rh': 50.4, 'temp': 23.8, 'wd': 0.0, 'ws': 0.0, 'ws_scalar': 0.0}","{'gas': {'co': 18140, 'co2': 13263, 'no': 18141, 'no2': 18142, 'o3': 18143}, 'pm': {'pm1': 13209, 'pm10': 13211, 'pm25': 13210}}",1.72,6.04,19.03,6.79,11.28,7.15,777000963,50.4,MOD-00616,23.8,2026-09-10T03:59:26,2026-09-09T20:59:26,https://api.quant-aq.com/v1/devices/MOD-00616/data/777000638
276.45,576.86,"{'lat': None, 'lon': None}","{'rh': 50.3, 'temp': 23.8, 'wd': 0.0, 'ws': 0.0, 'ws_scalar': 0.0}","{'gas': {'co': 18140, 'co2': 13263, 'no': 18141, 'no2': 18142, 'o3': 18143}, 'pm': {'pm1': 13209, 'pm10': 13211, 'pm25': 13210}}",1.75,6.53,20.37,5.85,8.44,6.24,777000965,50.3,MOD-00616,23.8,2026-09-10T03:58:26,2026-09-09T20:58:26,https://api.quant-aq.com/v1/devices/MOD-00616/data/777000639
273.04,575.78,"{'lat': None, 'lon': None}","{'rh': 49.9, 'temp': 23.8, 'wd': 0.0, 'ws': 0.0, 'ws_scalar': 0.0}","{'gas': {'co': 18140, 'co2': 13263, 'no': 18141, 'no2': 18142, 'o3': 18143}, 'pm': {'pm1': 13209, 'pm10': 13211, 'pm25': 13210}}",1.74,6.03,19.06,4.62,7.57,4.82,777000964,49.9,MOD-00616,23.8,2026-09-10T03:57:26,2026-09-09T20:57:26,https://api.quant-aq.com/v1/devices/MOD-00616/data/777000641
268.94,573.61,"{'lat': None, 'lon': None}","{'rh': 49.9, 'temp': 23.8, 'wd': 0.0, 'ws': 0.0, 'ws_scalar': 0.0}","{'gas': {'co': 18140, 'co2': 13263, 'no': 18141, 'no2': 18142, 'o3': 18143}, 'pm': {'pm1': 13209, 'pm10': 13211, 'pm25': 13210}}",1.74,6.4,16.87,4.43,5.11,4.72,777000966,49.9,MOD-00616,23.8,2026-09-10T03:56:26,2026-09-09T20:56:26,https://api.quant-aq.com/v1/devices/MOD-00616/data/777000640
273.86,578.31,"{'lat': None, 'lon': None}","{'rh': 49.9, 'temp': 23.8, 'wd': 0.0, 'ws': 0.0, 'ws_scalar': 0.0}","{'gas': {'co': 18140, 'co2': 13263, 'no': 18141, 'no2': 18142, 'o3': 18143}, 'pm': {'pm1': 13209, 'pm10': 13211, 'pm25': 13210}}",1.74,6.03,18.61,3.47,4.58,3.86,776998664,49.9,MOD-00616,23.8,2026-09-10T03:55:26,2026-09-09T20:55:26,https://api.quant-aq.com/v1/devices/MOD-00616/data/776998339
274.75,575.06,"{'lat': None, 'lon': None}","{'rh': 49.8, 'temp': 23.8, 'wd': 0.0, 'ws': 0.0, 'ws_scalar': 0.0}","{'gas': {'co': 18140, 'co2': 13263, 'no': 18141, 'no2': 18142, 'o3': 18143}, 'pm': {'pm1': 13209, 'pm10': 13211, 'pm25': 13210}}",1.73,6.53,16.3,4.28,4.69,4.54,776998665,49.8,MOD-00616,23.8,2026-09-10T03:54:25,2026-09-09T20:54:25,https://api.quant-aq.com/v1/devices/MOD-00616/data/776998340
270.58,575.78,"{'lat': None, 'lon': None}","{'rh': 49.9, 'temp': 23.8, 'wd': 0.0, 'ws': 0.0, 'ws_scalar': 0.0}","{'gas': {'co': 18140, 'co2': 13263, 'no': 18141, 'no2': 18142, 'o3': 18143}, 'pm': {'pm1': 13209, 'pm10': 13211, 'pm25': 13210}}",1.74,6.03,17.7,3.97,8.29,4.3,776998663,49.9,MOD-00616,23.8,2026-09-10T03:53:25,2026-09-09T20:53:25,https://api.quant-aq.com/v1/devices/MOD-00616/data/776998338
274.27,575.42,"{'lat': None, 'lon': None}","{'rh': 49.9, 'temp': 23.8, 'wd': 0.0, 'ws': 0.0, 'ws_scalar': 0.0}","{'gas': {'co': 18140, 'co2': 13263, 'no': 18141, 'no2': 18142, 'o3': 18143}, 'pm': {'pm1': 13209, 'pm10': 13211, 'pm25': 13210}}",1.74,6.15,17.57,4.43,15.39,4.88,776998662,49.9,MOD-00616,23.8,2026-09-10T03:52:25,2026-09-09T20:52:25,https://api.quant-aq.com/v1/devices/MOD-00616/data/776998337
278.71,573.37,"{'lat': None, 'lon': None}","{'rh': 50.0, 'temp': 23.8, 'wd': 0.0, 'ws': 0.0, 'ws_scalar': 0.0}","{'gas': {'co': 18140, 'co2': 13263, 'no': 18141, 'no2': 18142, 'o3': 18143}, 'pm': {'pm1': 13209, 'pm10': 13211, 'pm25': 13210}}",1.73,6.53,16.74,4.23,7.54,4.56,776996359,50.0,MOD-00616,23.8,2026-09-10T03:51:25,2026-09-09T20:51:25,https://api.quant-aq.com/v1/devices/MOD-00616/data/776996035
274.2,575.18,"{'lat': None, 'lon': None}","{'rh': 50.0, 'temp': 23.8, 'wd': 0.0, 'ws': 0.0, 'ws_scalar': 0.0}","{'gas': {'co': 18140, 'co2': 13263, 'no': 18141, 'no2': 18142, 'o3': 18143}, 'pm': {'pm1': 13209, 'pm10': 13211, 'pm25': 13210}}",1.74,6.27,17.44,5.4,9.55,5.9,776996357,50.0,MOD-00616,23.8,2026-09-10T03:50:25,2026-09-09T20:50:25,https://api.quant-aq.com/v1/devices/MOD-00616/data/776996032
273.79,576.86,"{'lat': None, 'lon': None}","{'rh': 50.0, 'temp': 23.8, 'wd': 0.0, 'ws': 0.0, 'ws_scalar': 0.0}","{'gas': {'co': 18140, 'co2': 13263, 'no': 18141, 'no2': 18142, 'o3': 18143}, 'pm': {'pm1': 13209, 'pm10': 13211, 'pm25': 13210}}",1.74,6.27,16.99,4.95,5.68,5.19,776996353,50.0,MOD-00616,23.8,2026-09-10T03:49:25,2026-09-09T20:49:25,https://api.quant-aq.com/v1/devices/MOD-00616/data/776996024
278.16,578.31,"{'lat': None, 'lon': None}","{'rh': 50.2, 'temp': 23.8, 'wd': 0.0, 'ws': 0.0, 'ws_scalar': 0.0}","{'gas': {'co': 18140, 'co2': 13263, 'no': 18141, 'no2': 18142, 'o3': 18143}, 'pm': {'pm1': 13209, 'pm10': 13211, 'pm25': 13210}}",1.73,6.27,17.88,4.91,21.29,5.3,776996355,50.2,MOD-00616,23.8,2026-09-10T03:48:25,2026-09-09T20:48:25,https://api.quant-aq.com/v1/devices/MOD-00616/data/776996029
282.26,573.61,"{'lat': None, 'lon': None}","{'rh': 50.2, 'temp': 23.8, 'wd': 0.0, 'ws': 0.0, 'ws_scalar': 0.0}","{'gas': {'co': 18140, 'co2': 13263, 'no': 18141, 'no2': 18142, 'o3': 18143}, 'pm': {'pm1': 13209, 'pm10': 13211, 'pm25': 13210}}",1.73,6.15,17.09,4.6,5.59,4.94,776994029,50.2,MOD-00616,23.8,2026-09-10T03:47:25,2026-09-09T20:47:25,https://api.quant-aq.com/v1/devices/MOD-00616/data/776993705
279.66,575.78,"{'lat': None, 'lon': None}","{'rh': 50.4, 'temp': 23.8, 'wd': 0.0, 'ws': 0.0, 'ws_scalar': 0.0}","{'gas': {'co': 18140, 'co2': 13263, 'no': 18141, 'no2': 18142, 'o3': 18143}, 'pm': {'pm1': 13209, 'pm10': 13211, 'pm25': 13210}}",1.73,6.27,19.24,4.43,7.89,4.65,776994027,50.4,MOD-00616,23.8,2026-09-10T03:46:25,2026-09-09T20:46:25,https://api.quant-aq.com/v1/devices/MOD-00616/data/776993703
282.53,574.21,"{'lat': None, 'lon': None}","{'rh': 50.4, 'temp': 23.8, 'wd': 0.0, 'ws': 0.0, 'ws_scalar': 0.0}","{'gas': {'co': 18140, 'co2': 13263, 'no': 18141, 'no2': 18142, 'o3': 18143}, 'pm': {'pm1': 13209, 'pm10': 13211, 'pm25': 13210}}",1.75,6.67,19.32,5.99,12.5,6.31,776994026,50.4,MOD-00616,23.8,2026-09-10T03:45:25,2026-09-09T20:45:25,https://api.quant-aq.com/v1/devices/MOD-00616/data/776993701
280.69,571.44,"{'lat': None, 'lon': None}","{'rh': 50.1, 'temp': 23.8, 'wd': 0.0, 'ws': 0.0, 'ws_scalar': 0.0}","{'gas': {'co': 18140, 'co2': 13263, 'no': 18141, 'no2': 18142, 'o3': 18143}, 'pm': {'pm1': 13209, 'pm10': 13211, 'pm25': 13210}}",1.74,6.82,16.94,4.61,11.74,4.82,776994025,50.1,MOD-00616,23.8,2026-09-10T03:44:25,2026-09-09T20:44:25,https://api.quant-aq.com/v1/devices/MOD-00616/data/776993700
281.58,579.03,"{'lat': None, 'lon': None}","{'rh': 50.0, 'temp': 23.8, 'wd': 0.0, 'ws': 0.0, 'ws_scalar': 0.0}","{'gas': {'co': 18140, 'co2': 13263, 'no': 18141, 'no2': 18142, 'o3': 18143}, 'pm': {'pm1': 13209, 'pm10': 13211, 'pm25': 13210}}",1.71,6.53,16.28,4.64,5.98,4.89,776991696,50.0,MOD-00616,23.8,2026-09-10T03:43:25,2026-09-09T20:43:25,https://api.quant-aq.com/v1/devices/MOD-00616/data/776991371
274.81,573.61,"{'lat': None, 'lon': None}","{'rh': 50.3, 'temp': 23.8, 'wd': 0.0, 'ws': 0.0, 'ws_scalar': 0.0}","{'gas': {'co': 18140, 'co2': 13263, 'no': 18141, 'no2': 18142, 'o3': 18143}, 'pm': {'pm1': 13209, 'pm10': 13211, 'pm25': 13210}}",1.74,6.53,18.54,4.46,4.8,4.75,776991693,50.3,MOD-00616,23.8,2026-09-10T03:42:24,2026-09-09T20:42:24,https://api.quant-aq.com/v1/devices/MOD-00616/data/776991369
280.96,579.63,"{'lat': None, 'lon': None}","{'rh': 50.3, 'temp': 23.8, 'wd': 0.0, 'ws': 0.0, 'ws_scalar': 0.0}","{'gas': {'co': 18140, 'co2': 13263, 'no': 18141, 'no2': 18142, 'o3': 18143}, 'pm': {'pm1': 13209, 'pm10': 13211, 'pm25': 13210}}",1.74,6.27,18.79,5.37,11.88,5.82,776991692,50.3,MOD-00616,23.8,2026-09-10T03:41:24,2026-09-09T20:41:24,https://api.quant-aq.com/v1/devices/MOD-00616/data/776991367
281.74,578.19,"{'lat': None, 'lon': None}","{'rh': 50.2, 'temp': 23.7, 'wd': 0.0, 'ws': 0.0, 'ws_scalar': 0.0}","{'gas': {'co': 18140, 'co2': 13263, 'no': 18141, 'no2': 18142, 'o3': 18143}, 'pm': {'pm1': 13209, 'pm10': 13211, 'pm25': 13210}}",1.66,6.84,16.95,4.83,6.88,4.97,776991691,50.2,MOD-00616,23.7,2026-09-10T03:40:24,2026-09-09T20:40:24,https://api.quant-aq.com/v1/devices/MOD-00616/data/776991366
278.46,578.55,"{'lat': None, 'lon': None}","{'rh': 50.2, 'temp': 23.7, 'wd': 0.0, 'ws': 0.0, 'ws_scalar': 0.0}","{'gas': {'co': 18140, 'co2': 13263, 'no': 18141, 'no2': 18142, 'o3': 18143}, 'pm': {'pm1': 13209, 'pm10': 13211, 'pm25': 13210}}",1.68,6.28,16.98,4.56,7.4,5.06,776989449,50.2,MOD-00616,23.7,2026-09-10T03:39:24,2026-09-09T20:39:24,https://api.quant-aq.com/v1/devices/MOD-00616/data/776989124
278.73,575.42,"{'lat': None, 'lon': None}","{'rh': 50.4, 'temp': 23.7, 'wd': 0.0, 'ws': 0.0, 'ws_scalar': 0.0}","{'gas': {'co': 18140, 'co2': 13263, 'no': 18141, 'no2': 18142, 'o3': 18143}, 'pm': {'pm1': 13209, 'pm10': 13211, 'pm25': 13210}}",1.7,6.41,19.58,5.19,10.66,5.44,776989451,50.4,MOD-00616,23.7,2026-09-10T03:38:24,2026-09-09T20:38:24,https://api.quant-aq.com/v1/devices/MOD-00616/data/776989126
280.03,577.71,"{'lat': None, 'lon': None}","{'rh': 50.3, 'temp': 23.7, 'wd': 0.0, 'ws': 0.0, 'ws_scalar': 0.0}","{'gas': {'co': 18140, 'co2': 13263, 'no': 18141, 'no2': 18142, 'o3': 18143}, 'pm': {'pm1': 13209, 'pm10': 13211, 'pm25': 13210}}",1.7,6.69,17.97,5.09,7.69,5.33,776989450,50.3,MOD-00616,23.7,2026-09-10T03:37:24,2026-09-09T20:37:24,https://api.quant-aq.com/v1/devices/MOD-00616/data/776989125
281.19,571.68,"{'lat': None, 'lon': None}","{'rh': 50.4, 'temp': 23.7, 'wd': 0.0, 'ws': 0.0, 'ws_scalar': 0.0}","{'gas': {'co': 18140, 'co2': 13263, 'no': 18141, 'no2': 18142, 'o3': 18143}, 'pm': {'pm1': 13209, 'pm10': 13211, 'pm25': 13210}}",1.68,6.41,18.67,4.8,5.97,5.23,776989448,50.4,MOD-00616,23.7,2026-09-10T03:36:24,2026-09-09T20:36:24,https://api.quant-aq.com/v1/devices/MOD-00616/data/776989123
276.27,577.95,"{'lat': None, 'lon': None}","{'rh': 50.4, 'temp': 23.7, 'wd': 0.0, 'ws': 0.0, 'ws_scalar': 0.0}","{'gas': {'co': 18140, 'co2': 13263, 'no': 18141, 'no2': 18142, 'o3': 18143}, 'pm': {'pm1': 13209, 'pm10': 13211, 'pm25': 13210}}",1.7,6.83,18.76,4.94,24.98,5.22,776987049,50.4,MOD-00616,23.7,2026-09-10T03:35:24,2026-09-09T20:35:24,https://api.quant-aq.com/v1/devices/MOD-00616/data/776986724
279.62,579.88,"{'lat': None, 'lon': None}","{'rh': 50.3, 'temp': 23.7, 'wd': 0.0, 'ws': 0.0, 'ws_scalar': 0.0}","{'gas': {'co': 18140, 'co2': 13263, 'no': 18141, 'no2': 18142, 'o3': 18143}, 'pm': {'pm1': 13209, 'pm10': 13211, 'pm25': 13210}}",1.7,6.55,19.47,4.72,7.13,4.97,776987047,50.3,MOD-00616,23.7,2026-09-10T03:34:24,2026-09-09T20:34:24,https://api.quant-aq.com/v1/devices/MOD-00616/data/776986723
278.8,574.7,"{'lat': None, 'lon': None}","{'rh': 50.3, 'temp': 23.7, 'wd': 0.0, 'ws': 0.0, 'ws_scalar': 0.0}","{'gas': {'co': 18140, 'co2': 13263, 'no': 18141, 'no2': 18142, 'o3': 18143}, 'pm': {'pm1': 13209, 'pm10': 13211, 'pm25': 13210}}",1.69,6.41,18.22,4.5,6.33,4.66,776987051,50.3,MOD-00616,23.7,2026-09-10T03:33:24,2026-09-09T20:33:24,https://api.quant-aq.com/v1/devices/MOD-00616/data/776986726
278.14,574.82,"{'lat': None, 'lon': None}","{'rh': 50.5, 'temp': 23.6, 'wd': 0.0, 'ws': 0.0, 'ws_scalar': 0.0}","{'gas': {'co': 18140, 'co2': 13263, 'no': 18141, 'no2': 18142, 'o3': 18143}, 'pm': {'pm1': 13209, 'pm10': 13211, 'pm25': 13210}}",1.67,6.85,20.58,5.06,7.05,5.46,776987050,50.5,MOD-00616,23.6,2026-09-10T03:32:24,2026-09-09T20:32:24,https://api.quant-aq.com/v1/devices/MOD-00616/data/776986725
277.6,574.82,"{'lat': None, 'lon': None}","{'rh': 50.1, 'temp': 23.6, 'wd': 0.0, 'ws': 0.0, 'ws_scalar': 0.0}","{'gas': {'co': 18140, 'co2': 13263, 'no': 18141, 'no2': 18142, 'o3': 18143}, 'pm': {'pm1': 13209, 'pm10': 13211, 'pm25': 13210}}",1.66,6.43,16.42,6.34,7.6,6.47,776984717,50.1,MOD-00616,23.6,2026-09-10T03:31:24,2026-09-09T20:31:24,https://api.quant-aq.com/v1/devices/MOD-00616/data/776984394
285.8,572.41,"{'lat': None, 'lon': None}","{'rh': 50.1, 'temp': 23.6, 'wd': 0.0, 'ws': 0.0, 'ws_scalar': 0.0}","{'gas': {'co': 18140, 'co2': 13263, 'no': 18141, 'no2': 18142, 'o3': 18143}, 'pm': {'pm1': 13209, 'pm10': 13211, 'pm25': 13210}}",1.65,6.43,16.88,5.91,7.21,6.09,776984713,50.1,MOD-00616,23.6,2026-09-10T03:30:24,2026-09-09T20:30:24,https://api.quant-aq.com/v1/devices/MOD-00616/data/776984389
277.8,576.38,"{'lat': None, 'lon': None}","{'rh': 50.4, 'temp': 23.6, 'wd': 0.0, 'ws': 0.0, 'ws_scalar': 0.0}","{'gas': {'co': 18140, 'co2': 13263, 'no': 18141, 'no2': 18142, 'o3': 18143}, 'pm': {'pm1': 13209, 'pm10': 13211, 'pm25': 13210}}",1.64,6.3,18.35,5.86,8.84,6.08,776984716,50.4,MOD-00616,23.6,2026-09-10T03:29:23,2026-09-09T20:29:23,https://api.quant-aq.com/v1/devices/MOD-00616/data/776984390
285.18,572.77,"{'lat': None, 'lon': None}","{'rh': 50.4, 'temp': 23.6, 'wd': 0.0, 'ws': 0.0, 'ws_scalar': 0.0}","{'gas': {'co': 18140, 'co2': 13263, 'no': 18141, 'no2': 18142, 'o3': 18143}, 'pm': {'pm1': 13209, 'pm10': 13211, 'pm25': 13210}}",1.65,6.7,17.52,5.96,21.83,6.32,776984714,50.4,MOD-00616,23.6,2026-09-10T03:28:23,2026-09-09T20:28:23,https://api.quant-aq.com/v1/devices/MOD-00616/data/776984391
291.33,574.09,"{'lat': None, 'lon': None}","{'rh': 50.4, 'temp': 23.6, 'wd': 0.0, 'ws': 0.0, 'ws_scalar': 0.0}","{'gas': {'co': 18140, 'co2': 13263, 'no': 18141, 'no2': 18142, 'o3': 18143}, 'pm': {'pm1': 13209, 'pm10': 13211, 'pm25': 13210}}",1.61,6.43,15.49,5.96,7.79,6.29,776982389,50.4,MOD-00616,23.6,2026-09-10T03:27:23,2026-09-09T20:27:23,https://api.quant-aq.com/v1/devices/MOD-00616/data/776982064
291.66,575.66,"{'lat': None, 'lon': None}","{'rh': 51.1, 'temp': 23.6, 'wd': 0.0, 'ws': 0.0, 'ws_scalar': 0.0}","{'gas': {'co': 18140, 'co2': 13263, 'no': 18141, 'no2': 18142, 'o3': 18143}, 'pm': {'pm1': 13209, 'pm10': 13211, 'pm25': 13210}}",1.67,7.16,20.75,5.87,15.42,6.22,776982388,51.1,MOD-00616,23.6,2026-09-10T03:26:23,2026-09-09T20:26:23,https://api.quant-aq.com/v1/devices/MOD-00616/data/776982065
290.99,572.53,"{'lat': None, 'lon': None}","{'rh': 50.3, 'temp': 23.6, 'wd': 0.0, 'ws': 0.0, 'ws_scalar': 0.0}","{'gas': {'co': 18140, 'co2': 13263, 'no': 18141, 'no2': 18142, 'o3': 18143}, 'pm': {'pm1': 13209, 'pm10': 13211, 'pm25': 13210}}",1.65,6.18,15.74,5.92,7.36,6.21,776982387,50.3,MOD-00616,23.6,2026-09-10T03:25:23,2026-09-09T20:25:23,https://api.quant-aq.com/v1/devices/MOD-00616/data/776982062
291.74,576.62,"{'lat': None, 'lon': None}","{'rh': 50.4, 'temp': 23.6, 'wd': 0.0, 'ws': 0.0, 'ws_scalar': 0.0}","{'gas': {'co': 18140, 'co2': 13263, 'no': 18141, 'no2': 18142, 'o3': 18143}, 'pm': {'pm1': 13209, 'pm10': 13211, 'pm25': 13210}}",1.64,6.43,11.84,5.08,7.07,5.25,776982386,50.4,MOD-00616,23.6,2026-09-10T03:24:23,2026-09-09T20:24:23,https://api.quant-aq.com/v1/devices/MOD-00616/data/776982060
318.71,577.59,"{'lat': None, 'lon': None}","{'rh': 51.7, 'temp': 23.6, 'wd': 0.0, 'ws': 0.0, 'ws_scalar': 0.0}","{'gas': {'co': 18140, 'co2': 13263, 'no': 18141, 'no2': 18142, 'o3': 18143}, 'pm': {'pm1': 13209, 'pm10': 13211, 'pm25': 13210}}",1.6,6.57,22.57,5.93,7.08,6.36,776980043,51.7,MOD-00616,23.6,2026-09-10T03:23:23,2026-09-09T20:23:23,https://api.quant-aq.com/v1/devices/MOD-00616/data/776979718
290.22,575.66,"{'lat': None, 'lon': None}","{'rh': 51.4, 'temp': 23.6, 'wd': 0.0, 'ws': 0.0, 'ws_scalar': 0.0}","{'gas': {'co': 18140, 'co2': 13263, 'no': 18141, 'no2': 18142, 'o3': 18143}, 'pm': {'pm1': 13209, 'pm10': 13211, 'pm25': 13210}}",1.64,7.32,20.15,6.4,11.4,6.84,776980042,51.4,MOD-00616,23.6,2026-09-10T03:22:23,2026-09-09T20:22:23,https://api.quant-aq.com/v1/devices/MOD-00616/data/776979717
296.65,576.74,"{'lat': None, 'lon': None}","{'rh': 51.0, 'temp': 23.6, 'wd': 0.0, 'ws': 0.0, 'ws_scalar': 0.0}","{'gas': {'co': 18140, 'co2': 13263, 'no': 18141, 'no2': 18142, 'o3': 18143}, 'pm': {'pm1': 13209, 'pm10': 13211, 'pm25': 13210}}",1.62,6.31,18.76,6.16,7.54,6.4,776980040,51.0,MOD-00616,23.6,2026-09-10T03:21:23,2026-09-09T20:21:23,https://api.quant-aq.com/v1/devices/MOD-00616/data/776979715
289.68,578.55,"{'lat': None, 'lon': None}","{'rh': 51.0, 'temp': 23.6, 'wd': 0.0, 'ws': 0.0, 'ws_scalar': 0.0}","{'gas': {'co': 18140, 'co2': 13263, 'no': 18141, 'no2': 18142, 'o3': 18143}, 'pm': {'pm1': 13209, 'pm10': 13211, 'pm25': 13210}}",1.64,7.0,16.77,6.86,9.06,7.24,776980041,51.0,MOD-00616,23.6,2026-09-10T03:20:23,2026-09-09T20:20:23,https://api.quant-aq.com/v1/devices/MOD-00616/data/776979716
293.89,580.84,"{'lat': None, 'lon': None}","{'rh': 51.0, 'temp': 23.7, 'wd': 0.0, 'ws': 0.0, 'ws_scalar': 0.0}","{'gas': {'co': 18140, 'co2': 13263, 'no': 18141, 'no2': 18142, 'o3': 18143}, 'pm': {'pm1': 13209, 'pm10': 13211, 'pm25': 13210}}",1.69,6.55,15.31,6.26,11.07,6.58,776977740,51.0,MOD-00616,23.7,2026-09-10T03:19:23,2026-09-09T20:19:23,https://api.quant-aq.com/v1/devices/MOD-00616/data/776977414
295.31,582.52,"{'lat': None, 'lon': None}","{'rh': 51.9, 'temp': 23.7, 'wd': 0.0, 'ws': 0.0, 'ws_scalar': 0.0}","{'gas': {'co': 18140, 'co2': 13263, 'no': 18141, 'no2': 18142, 'o3': 18143}, 'pm': {'pm1': 13209, 'pm10': 13211, 'pm25': 13210}}",1.64,6.97,21.26,6.25,12.06,6.55,776977737,51.9,MOD-00616,23.7,2026-09-10T03:18:23,2026-09-09T20:18:23,https://api.quant-aq.com/v1/devices/MOD-00616/data/776977413
289.17,574.58,"{'lat': None, 'lon': None}","{'rh': 51.3, 'temp': 23.7, 'wd': 0.0, 'ws': 0.0, 'ws_scalar': 0.0}","{'gas': {'co': 18140, 'co2': 13263, 'no': 18141, 'no2': 18142, 'o3': 18143}, 'pm': {'pm1': 13209, 'pm10': 13211, 'pm25': 13210}}",1.72,7.47,17.74,4.61,5.56,4.85,776977739,51.3,MOD-00616,23.7,2026-09-10T03:17:22,2026-09-09T20:17:22,https://api.quant-aq.com/v1/devices/MOD-00616/data/776977415
296.63,573.37,"{'lat': None, 'lon': None}","{'rh': 50.6, 'temp': 23.7, 'wd': 0.0, 'ws': 0.0, 'ws_scalar': 0.0}","{'gas': {'co': 18140, 'co2': 13263, 'no': 18141, 'no2': 18142, 'o3': 18143}, 'pm': {'pm1': 13209, 'pm10': 13211, 'pm25': 13210}}",1.72,6.41,8.62,5.37,17.94,5.67,776977738,50.6,MOD-00616,23.7,2026-09-10T03:16:22,2026-09-09T20:16:22,https://api.quant-aq.com/v1/devices/MOD-00616/data/776977412
297.95,570.48,"{'lat': None, 'lon': None}","{'rh': 49.9, 'temp': 23.7, 'wd': 0.0, 'ws': 0.0, 'ws_scalar': 0.0}","{'gas': {'co': 18140, 'co2': 13263, 'no': 18141, 'no2': 18142, 'o3': 18143}, 'pm': {'pm1': 13209, 'pm10': 13211, 'pm25': 13210}}",1.7,5.3,-4.57,5.54,5.81,5.72,776975463,49.9,MOD-00616,23.7,2026-09-10T03:15:22,2026-09-09T20:15:22,https://api.quant-aq.com/v1/devices/MOD-00616/data/776975138
317.52,583.13,"{'lat': None, 'lon': None}","{'rh': 51.8, 'temp': 23.7, 'wd': 0.0, 'ws': 0.0, 'ws_scalar': 0.0}","{'gas': {'co': 18140, 'co2': 13263, 'no': 18141, 'no2': 18142, 'o3': 18143}, 'pm': {'pm1': 13209, 'pm10': 13211, 'pm25': 13210}}",1.55,4.59,-1.74,7.42,7.91,7.69,776975461,51.8,MOD-00616,23.7,2026-09-10T03:14:22,2026-09-09T20:14:22,https://api.quant-aq.com/v1/devices/MOD-00616/data/776975136
346.12,582.52,"{'lat': None, 'lon': None}","{'rh': 56.2, 'temp': 23.8, 'wd': 0.0, 'ws': 0.0, 'ws_scalar': 0.0}","{'gas': {'co': 18140, 'co2': 13263, 'no': 18141, 'no2': 18142, 'o3': 18143}, 'pm': {'pm1': 13209, 'pm10': 13211, 'pm25': 13210}}",1.55,7.68,21.68,8.99,14.07,9.6,776975462,56.2,MOD-00616,23.8,2026-09-10T03:13:22,2026-09-09T20:13:22,https://api.quant-aq.com/v1/devices/MOD-00616/data/776975137
315.95,585.9,"{'lat': None, 'lon': None}","{'rh': 57.1, 'temp': 23.8, 'wd': 0.0, 'ws': 0.0, 'ws_scalar': 0.0}","{'gas': {'co': 18140, 'co2': 13263, 'no': 18141, 'no2': 18142, 'o3': 18143}, 'pm': {'pm1': 13209, 'pm10': 13211, 'pm25': 13210}}",1.6,7.99,30.49,8.04,12.41,8.67,776975460,57.1,MOD-00616,23.8,2026-09-10T03:12:22,2026-09-09T20:12:22,https://api.quant-aq.com/v1/devices/MOD-00616/data/776975135
312.17,579.51,"{'lat': None, 'lon': None}","{'rh': 56.8, 'temp': 23.9, 'wd': 0.0, 'ws': 0.0, 'ws_scalar': 0.0}","{'gas': {'co': 18140, 'co2': 13263, 'no': 18141, 'no2': 18142, 'o3': 18143}, 'pm': {'pm1': 13209, 'pm10': 13211, 'pm25': 13210}}",1.86,8.27,32.99,8.1,12.33,8.51,776973135,56.8,MOD-00616,23.9,2026-09-10T03:11:22,2026-09-09T20:11:22,https://api.quant-aq.com/v1/devices/MOD-00616/data/776972810
306.98,580.24,"{'lat': None, 'lon': None}","{'rh': 56.6, 'temp': 23.9, 'wd': 0.0, 'ws': 0.0, 'ws_scalar': 0.0}","{'gas': {'co': 18140, 'co2': 13263, 'no': 18141, 'no2': 18142, 'o3': 18143}, 'pm': {'pm1': 13209, 'pm10': 13211, 'pm25': 13210}}",1.78,8.44,36.07,9.15,16.12,9.77,776973134,56.6,MOD-00616,23.9,2026-09-10T03:10:22,2026-09-09T20:10:22,https://api.quant-aq.com/v1/devices/MOD-00616/data/776972809
305.23,580.48,"{'lat': None, 'lon': None}","{'rh': 55.6, 'temp': 23.9, 'wd': 0.0, 'ws': 0.0, 'ws_scalar': 0.0}","{'gas': {'co': 18140, 'co2': 13263, 'no': 18141, 'no2': 18142, 'o3': 18143}, 'pm': {'pm1': 13209, 'pm10': 13211, 'pm25': 13210}}",1.87,8.47,33.41,9.28,10.73,9.77,776973133,55.6,MOD-00616,23.9,2026-09-10T03:09:22,2026-09-09T20:09:22,https://api.quant-aq.com/v1/devices/MOD-00616/data/776972808
311.5,582.16,"{'lat': None, 'lon': None}","{'rh': 55.0, 'temp': 24.0, 'wd': 0.0, 'ws': 0.0, 'ws_scalar': 0.0}","{'gas': {'co': 18140, 'co2': 13263, 'no': 18141, 'no2': 18142, 'o3': 18143}, 'pm': {'pm1': 13209, 'pm10': 13211, 'pm25': 13210}}",1.76,7.96,34.72,8.06,11.68,8.5,776973132,55.0,MOD-00616,24.0,2026-09-10T03:08:22,2026-09-09T20:08:22,https://api.quant-aq.com/v1/devices/MOD-00616/data/776972807
313.03,580.12,"{'lat': None, 'lon': None}","{'rh': 54.0, 'temp': 24.0, 'wd': 0.0, 'ws': 0.0, 'ws_scalar': 0.0}","{'gas': {'co': 18140, 'co2': 13263, 'no': 18141, 'no2': 18142, 'o3': 18143}, 'pm': {'pm1': 13209, 'pm10': 13211, 'pm25': 13210}}",1.86,8.16,31.48,7.7,11.36,8.15,776970795,54.0,MOD-00616,24.0,2026-09-10T03:07:22,2026-09-09T20:07:22,https://api.quant-aq.com/v1/devices/MOD-00616/data/776970470
320.12,579.63,"{'lat': None, 'lon': None}","{'rh': 53.4, 'temp': 24.1, 'wd': 0.0, 'ws': 0.0, 'ws_scalar': 0.0}","{'gas': {'co': 18140, 'co2': 13263, 'no': 18141, 'no2': 18142, 'o3': 18143}, 'pm': {'pm1': 13209, 'pm10': 13211, 'pm25': 13210}}",1.91,8.5,29.44,7.85,18.48,8.3,776970796,53.4,MOD-00616,24.1,2026-09-10T03:06:22,2026-09-09T20:06:22,https://api.quant-aq.com/v1/devices/MOD-00616/data/776970472
297.8,576.38,"{'lat': None, 'lon': None}","{'rh': 51.9, 'temp': 24.1, 'wd': 0.0, 'ws': 0.0, 'ws_scalar': 0.0}","{'gas': {'co': 18140, 'co2': 13263, 'no': 18141, 'no2': 18142, 'o3': 18143}, 'pm': {'pm1': 13209, 'pm10': 13211, 'pm25': 13210}}",1.9,6.89,19.38,6.94,11.53,7.26,776970794,51.9,MOD-00616,24.1,2026-09-10T03:05:22,2026-09-09T20:05:22,https://api.quant-aq.com/v1/devices/MOD-00616/data/776970469
296.77,579.88,"{'lat': None, 'lon': None}","{'rh': 52.2, 'temp': 24.1, 'wd': 0.0, 'ws': 0.0, 'ws_scalar': 0.0}","{'gas': {'co': 18140, 'co2': 13263, 'no': 18141, 'no2': 18142, 'o3': 18143}, 'pm': {'pm1': 13209, 'pm10': 13211, 'pm25': 13210}}",1.84,6.25,20.89,7.07,9.51,7.57,776970797,52.2,MOD-00616,24.1,2026-09-10T03:04:21,2026-09-09T20:04:21,https://api.quant-aq.com/v1/devices/MOD-00616/data/776970471
297.09,572.41,"{'lat': None, 'lon': None}","{'rh': 51.9, 'temp': 24.2, 'wd': 0.0, 'ws': 0.0, 'ws_scalar': 0.0}","{'gas': {'co': 18140, 'co2': 13263, 'no': 18141, 'no2': 18142, 'o3': 18143}, 'pm': {'pm1': 13209, 'pm10': 13211, 'pm25': 13210}}",1.94,7.02,16.51,7.25,21.51,7.74,776968472,51.9,MOD-00616,24.2,2026-09-10T03:03:21,2026-09-09T20:03:21,https://api.quant-aq.com/v1/devices/MOD-00616/data/776968147
306.84,576.98,"{'lat': None, 'lon': None}","{'rh': 53.2, 'temp': 24.2, 'wd': 0.0, 'ws': 0.0, 'ws_scalar': 0.0}","{'gas': {'co': 18140, 'co2': 13263, 'no': 18141, 'no2': 18142, 'o3': 18143}, 'pm': {'pm1': 13209, 'pm10': 13211, 'pm25': 13210}}",1.86,6.86,25.2,9.02,11.97,9.5,776968470,53.2,MOD-00616,24.2,2026-09-10T03:02:21,2026-09-09T20:02:21,https://api.quant-aq.com/v1/devices/MOD-00616/data/776968146
313.78,577.1,"{'lat': None, 'lon': None}","{'rh': 53.4, 'temp': 24.3, 'wd': 0.0, 'ws': 0.0, 'ws_scalar': 0.0}","{'gas': {'co': 18140, 'co2': 13263, 'no': 18141, 'no2': 18142, 'o3': 18143}, 'pm': {'pm1': 13209, 'pm10': 13211, 'pm25': 13210}}",1.97,7.75,27.63,8.29,11.78,8.84,776968471,53.4,MOD-00616,24.3,2026-09-10T03:01:21,2026-09-09T20:01:21,https://api.quant-aq.com/v1/devices/MOD-00616/data/776968145
348.31,577.47,"{'lat': None, 'lon': None}","{'rh': 52.7, 'temp': 24.3, 'wd': 0.0, 'ws': 0.0, 'ws_scalar': 0.0}","{'gas': {'co': 18140, 'co2': 13263, 'no': 18141, 'no2': 18142, 'o3': 18143}, 'pm': {'pm1': 13209, 'pm10': 13211, 'pm25': 13210}}",1.93,7.45,22.91,8.75,14.1,9.18,776968469,52.7,MOD-00616,24.3,2026-09-10T03:00:21,2026-09-09T20:00:21,https://api.quant-aq.com/v1/devices/MOD-00616/data/776968144
318.71,579.75,"{'lat': None, 'lon': None}","{'rh': 52.8, 'temp': 24.3, 'wd': 0.0, 'ws': 0.0, 'ws_scalar': 0.0}","{'gas': {'co': 18140, 'co2': 13263, 'no': 18141, 'no2': 18142, 'o3': 18143}, 'pm': {'pm1': 13209, 'pm10': 13211, 'pm25': 13210}}",1.88,6.71,22.61,8.07,12.37,8.51,776966158,52.8,MOD-00616,24.3,2026-09-10T02:59:21,2026-09-09T19:59:21,https://api.quant-aq.com/v1/devices/MOD-00616/data/776965833
300.91,578.31,"{'lat': None, 'lon': None}","{'rh': 53.2, 'temp': 24.4, 'wd': 0.0, 'ws': 0.0, 'ws_scalar': 0.0}","{'gas': {'co': 18140, 'co2': 13263, 'no': 18141, 'no2': 18142, 'o3': 18143}, 'pm': {'pm1': 13209, 'pm10': 13211, 'pm25': 13210}}",2.02,7.56,26.39,8.01,12.43,8.53,776966157,53.2,MOD-00616,24.4,2026-09-10T02:58:21,2026-09-09T19:58:21,https://api.quant-aq.com/v1/devices/MOD-00616/data/776965832
305.9,575.42,"{'lat': None, 'lon': None}","{'rh': 53.1, 'temp': 24.4, 'wd': 0.0, 'ws': 0.0, 'ws_scalar': 0.0}","{'gas': {'co': 18140, 'co2': 13263, 'no': 18141, 'no2': 18142, 'o3': 18143}, 'pm': {'pm1': 13209, 'pm10': 13211, 'pm25': 13210}}",2.01,7.25,27.1,8.18,12.27,8.64,776966156,53.1,MOD-00616,24.4,2026-09-10T02:57:21,2026-09-09T19:57:21,https://api.quant-aq.com/v1/devices/MOD-00616/data/776965831
300.09,575.66,"{'lat': None, 'lon': None}","{'rh': 53.2, 'temp': 24.4, 'wd': 0.0, 'ws': 0.0, 'ws_scalar': 0.0}","{'gas': {'co': 18140, 'co2': 13263, 'no': 18141, 'no2': 18142, 'o3': 18143}, 'pm': {'pm1': 13209, 'pm10': 13211, 'pm25': 13210}}",2.03,8.06,30.12,8.23,33.51,8.99,776966155,53.2,MOD-00616,24.4,2026-09-10T02:56:21,2026-09-09T19:56:21,https://api.quant-aq.com/v1/devices/MOD-00616/data/776965830
305.47,577.1,"{'lat': None, 'lon': None}","{'rh': 52.7, 'temp': 24.5, 'wd': 0.0, 'ws': 0.0, 'ws_scalar': 0.0}","{'gas': {'co': 18140, 'co2': 13263, 'no': 18141, 'no2': 18142, 'o3': 18143}, 'pm': {'pm1': 13209, 'pm10': 13211, 'pm25': 13210}}",2.08,7.56,28.24,8.42,15.31,8.77,776963850,52.7,MOD-00616,24.5,2026-09-10T02:55:21,2026-09-09T19:55:21,https://api.quant-aq.com/v1/devices/MOD-00616/data/776963525
297.41,576.86,"{'lat': None, 'lon': None}","{'rh': 52.5, 'temp': 24.5, 'wd': 0.0, 'ws': 0.0, 'ws_scalar': 0.0}","{'gas': {'co': 18140, 'co2': 13263, 'no': 18141, 'no2': 18142, 'o3': 18143}, 'pm': {'pm1': 13209, 'pm10': 13211, 'pm25': 13210}}",2.09,7.57,29.62,8.71,21.34,9.34,776963851,52.5,MOD-00616,24.5,2026-09-10T02:54:21,2026-09-09T19:54:21,https://api.quant-aq.com/v1/devices/MOD-00616/data/776963526
295.13,576.38,"{'lat': None, 'lon': None}","{'rh': 52.4, 'temp': 24.6, 'wd': 0.0, 'ws': 0.0, 'ws_scalar': 0.0}","{'gas': {'co': 18140, 'co2': 13263, 'no': 18141, 'no2': 18142, 'o3': 18143}, 'pm': {'pm1': 13209, 'pm10': 13211, 'pm25': 13210}}",2.13,7.39,33.85,6.15,12.49,6.7,776963849,52.4,MOD-00616,24.6,2026-09-10T02:53:21,2026-09-09T19:53:21,https://api.quant-aq.com/v1/devices/MOD-00616/data/776963524
293.29,566.39,"{'lat': None, 'lon': None}","{'rh': 52.1, 'temp': 24.6, 'wd': 0.0, 'ws': 0.0, 'ws_scalar': 0.0}","{'gas': {'co': 18140, 'co2': 13263, 'no': 18141, 'no2': 18142, 'o3': 18143}, 'pm': {'pm1': 13209, 'pm10': 13211, 'pm25': 13210}}",2.19,8.26,37.36,7.2,28.76,7.66,776963848,52.1,MOD-00616,24.6,2026-09-10T02:52:21,2026-09-09T19:52:21,https://api.quant-aq.com/v1/devices/MOD-00616/data/776963523
289.56,569.16,"{'lat': None, 'lon': None}","{'rh': 50.4, 'temp': 24.6, 'wd': 0.0, 'ws': 0.0, 'ws_scalar': 0.0}","{'gas': {'co': 18140, 'co2': 13263, 'no': 18141, 'no2': 18142, 'o3': 18143}, 'pm': {'pm1': 13209, 'pm10': 13211, 'pm25': 13210}}",2.24,7.88,28.27,7.24,19.91,7.65,776961514,50.4,MOD-00616,24.6,2026-09-10T02:51:21,2026-09-09T19:51:21,https://api.quant-aq.com/v1/devices/MOD-00616/data/776961189
286.42,571.81,"{'lat': None, 'lon': None}","{'rh': 49.2, 'temp': 24.7, 'wd': 0.0, 'ws': 0.0, 'ws_scalar': 0.0}","{'gas': {'co': 18140, 'co2': 13263, 'no': 18141, 'no2': 18142, 'o3': 18143}, 'pm': {'pm1': 13209, 'pm10': 13211, 'pm25': 13210}}",2.29,6.9,19.06,6.43,10.38,6.78,776961512,49.2,MOD-00616,24.7,2026-09-10T02:50:20,2026-09-09T19:50:20,https://api.quant-aq.com/v1/devices/MOD-00616/data/776961187
290.85,575.18,"{'lat': None, 'lon': None}","{'rh': 49.9, 'temp': 24.7, 'wd': 0.0, 'ws': 0.0, 'ws_scalar': 0.0}","{'gas': {'co': 18140, 'co2': 13263, 'no': 18141, 'no2': 18142, 'o3': 18143}, 'pm': {'pm1': 13209, 'pm10': 13211, 'pm25': 13210}}",2.15,5.82,23.64,6.77,8.68,7.1,776961513,49.9,MOD-00616,24.7,2026-09-10T02:49:20,2026-09-09T19:49:20,https://api.quant-aq.com/v1/devices/MOD-00616/data/776961188
291.65,576.14,"{'lat': None, 'lon': None}","{'rh': 50.5, 'temp': 24.7, 'wd': 0.0, 'ws': 0.0, 'ws_scalar': 0.0}","{'gas': {'co': 18140, 'co2': 13263, 'no': 18141, 'no2': 18142, 'o3': 18143}, 'pm': {'pm1': 13209, 'pm10': 13211, 'pm25': 13210}}",2.24,7.15,31.49,7.59,31.08,8.06,776961511,50.5,MOD-00616,24.7,2026-09-10T02:48:20,2026-09-09T19:48:20,https://api.quant-aq.com/v1/devices/MOD-00616/data/776961186
292.12,571.93,"{'lat': None, 'lon': None}","{'rh': 50.0, 'temp': 24.8, 'wd': 0.0, 'ws': 0.0, 'ws_scalar': 0.0}","{'gas': {'co': 18140, 'co2': 13263, 'no': 18141, 'no2': 18142, 'o3': 18143}, 'pm': {'pm1': 13209, 'pm10': 13211, 'pm25': 13210}}",2.34,8.3,29.4,7.41,9.75,7.75,776959175,50.0,MOD-00616,24.8,2026-09-10T02:47:20,2026-09-09T19:47:20,https://api.quant-aq.com/v1/devices/MOD-00616/data/776958849
279.44,566.02,"{'lat': None, 'lon': None}","{'rh': 48.2, 'temp': 24.8, 'wd': 0.0, 'ws': 0.0, 'ws_scalar': 0.0}","{'gas': {'co': 18140, 'co2': 13263, 'no': 18141, 'no2': 18142, 'o3': 18143}, 'pm': {'pm1': 13209, 'pm10': 13211, 'pm25': 13210}}",2.29,5.65,18.4,6.39,19.16,6.68,776959173,48.2,MOD-00616,24.8,2026-09-10T02:46:20,2026-09-09T19:46:20,https://api.quant-aq.com/v1/devices/MOD-00616/data/776958848
300.67,572.17,"{'lat': None, 'lon': None}","{'rh': 49.5, 'temp': 24.8, 'wd': 0.0, 'ws': 0.0, 'ws_scalar': 0.0}","{'gas': {'co': 18140, 'co2': 13263, 'no': 18141, 'no2': 18142, 'o3': 18143}, 'pm': {'pm1': 13209, 'pm10': 13211, 'pm25': 13210}}",2.28,7.21,27.9,7.4,15.79,7.93,776959174,49.5,MOD-00616,24.8,2026-09-10T02:45:20,2026-09-09T19:45:20,https://api.quant-aq.com/v1/devices/MOD-00616/data/776958850
313.62,569.4,"{'lat': None, 'lon': None}","{'rh': 49.9, 'temp': 24.9, 'wd': 0.0, 'ws': 0.0, 'ws_scalar': 0.0}","{'gas': {'co': 18140, 'co2': 13263, 'no': 18141, 'no2': 18142, 'o3': 18143}, 'pm': {'pm1': 13209, 'pm10': 13211, 'pm25': 13210}}",2.33,7.35,36.86,7.34,12.38,7.61,776959176,49.9,MOD-00616,24.9,2026-09-10T02:44:20,2026-09-09T19:44:20,https://api.quant-aq.com/v1/devices/MOD-00616/data/776958851
291.57,571.81,"{'lat': None, 'lon': None}","{'rh': 48.6, 'temp': 24.9, 'wd': 0.0, 'ws': 0.0, 'ws_scalar': 0.0}","{'gas': {'co': 18140, 'co2': 13263, 'no': 18141, 'no2': 18142, 'o3': 18143}, 'pm': {'pm1': 13209, 'pm10': 13211, 'pm25': 13210}}",2.46,8.97,32.44,5.71,7.76,6.17,776956830,48.6,MOD-00616,24.9,2026-09-10T02:43:20,2026-09-09T19:43:20,https://api.quant-aq.com/v1/devices/MOD-00616/data/776956504
301.65,569.76,"{'lat': None, 'lon': None}","{'rh': 47.1, 'temp': 24.9, 'wd': 0.0, 'ws': 0.0, 'ws_scalar': 0.0}","{'gas': {'co': 18140, 'co2': 13263, 'no': 18141, 'no2': 18142, 'o3': 18143}, 'pm': {'pm1': 13209, 'pm10': 13211, 'pm25': 13210}}",2.37,6.8,24.33,5.27,7.04,5.45,776956828,47.1,MOD-00616,24.9,2026-09-10T02:42:20,2026-09-09T19:42:20,https://api.quant-aq.com/v1/devices/MOD-00616/data/776956503
267.28,567.83,"{'lat': None, 'lon': None}","{'rh': 46.4, 'temp': 24.9, 'wd': 0.0, 'ws': 0.0, 'ws_scalar': 0.0}","{'gas': {'co': 18140, 'co2': 13263, 'no': 18141, 'no2': 18142, 'o3': 18143}, 'pm': {'pm1': 13209, 'pm10': 13211, 'pm25': 13210}}",2.39,5.7,20.68,3.97,7.35,4.25,776956829,46.4,MOD-00616,24.9,2026-09-10T02:41:20,2026-09-09T19:41:20,https://api.quant-aq.com/v1/devices/MOD-00616/data/776956505
267.39,566.99,"{'lat': None, 'lon': None}","{'rh': 46.4, 'temp': 25.0, 'wd': 0.0, 'ws': 0.0, 'ws_scalar': 0.0}","{'gas': {'co': 18140, 'co2': 13263, 'no': 18141, 'no2': 18142, 'o3': 18143}, 'pm': {'pm1': 13209, 'pm10': 13211, 'pm25': 13210}}",2.47,6.1,20.76,4.23,6.34,4.47,776956831,46.4,MOD-00616,25.0,2026-09-10T02:40:20,2026-09-09T19:40:20,https://api.quant-aq.com/v1/devices/MOD-00616/data/776956506
270.33,557.71,"{'lat': None, 'lon': None}","{'rh': 46.3, 'temp': 25.0, 'wd': 0.0, 'ws': 0.0, 'ws_scalar': 0.0}","{'gas': {'co': 18140, 'co2': 13263, 'no': 18141, 'no2': 18142, 'o3': 18143}, 'pm': {'pm1': 13209, 'pm10': 13211, 'pm25': 13210}}",2.45,5.69,19.77,4.63,11.33,4.99,776954518,46.3,MOD-00616,25.0,2026-09-10T02:39:20,2026-09-09T19:39:20,https://api.quant-aq.com/v1/devices/MOD-00616/data/776954193
269.3,564.94,"{'lat': None, 'lon': None}","{'rh': 46.6, 'temp': 25.0, 'wd': 0.0, 'ws': 0.0, 'ws_scalar': 0.0}","{'gas': {'co': 18140, 'co2': 13263, 'no': 18141, 'no2': 18142, 'o3': 18143}, 'pm': {'pm1': 13209, 'pm10': 13211, 'pm25': 13210}}",2.45,6.11,22.11,3.82,5.15,4.07,776954516,46.6,MOD-00616,25.0,2026-09-10T02:38:19,2026-09-09T19:38:19,https://api.quant-aq.com/v1/devices/MOD-00616/data/776954191
260.83,565.06,"{'lat': None, 'lon': None}","{'rh': 46.4, 'temp': 25.0, 'wd': 0.0, 'ws': 0.0, 'ws_scalar': 0.0}","{'gas': {'co': 18140, 'co2': 13263, 'no': 18141, 'no2': 18142, 'o3': 18143}, 'pm': {'pm1': 13209, 'pm10': 13211, 'pm25': 13210}}",2.5,6.1,21.21,4.89,7.81,5.03,776954515,46.4,MOD-00616,25.0,2026-09-10T02:37:19,2026-09-09T19:37:19,https://api.quant-aq.com/v1/devices/MOD-00616/data/776954190
273.76,562.17,"{'lat': None, 'lon': None}","{'rh': 46.1, 'temp': 25.0, 'wd': 0.0, 'ws': 0.0, 'ws_scalar': 0.0}","{'gas': {'co': 18140, 'co2': 13263, 'no': 18141, 'no2': 18142, 'o3': 18143}, 'pm': {'pm1': 13209, 'pm10': 13211, 'pm25': 13210}}",2.46,5.57,17.62,5.58,17.42,5.77,776954513,46.1,MOD-00616,25.0,2026-09-10T02:36:19,2026-09-09T19:36:19,https://api.quant-aq.com/v1/devices/MOD-00616/data/776954188
271.23,566.63,"{'lat': None, 'lon': None}","{'rh': 46.2, 'temp': 25.0, 'wd': 0.0, 'ws': 0.0, 'ws_scalar': 0.0}","{'gas': {'co': 18140, 'co2': 13263, 'no': 18141, 'no2': 18142, 'o3': 18143}, 'pm': {'pm1': 13209, 'pm10': 13211, 'pm25': 13210}}",2.44,5.46,15.91,5.62,9.96,5.86,776952195,46.2,MOD-00616,25.0,2026-09-10T02:35:19,2026-09-09T19:35:19,https://api.quant-aq.com/v1/devices/MOD-00616/data/776951870
272.13,566.51,"{'lat': None, 'lon': None}","{'rh': 47.4, 'temp': 25.1, 'wd': 0.0, 'ws': 0.0, 'ws_scalar': 0.0}","{'gas': {'co': 18140, 'co2': 13263, 'no': 18141, 'no2': 18142, 'o3': 18143}, 'pm': {'pm1': 13209, 'pm10': 13211, 'pm25': 13210}}",2.46,5.84,23.65,6.46,19.63,6.78,776952194,47.4,MOD-00616,25.1,2026-09-10T02:34:19,2026-09-09T19:34:19,https://api.quant-aq.com/v1/devices/MOD-00616/data/776951869
275.14,571.44,"{'lat': None, 'lon': None}","{'rh': 47.2, 'temp': 25.1, 'wd': 0.0, 'ws': 0.0, 'ws_scalar': 0.0}","{'gas': {'co': 18140, 'co2': 13263, 'no': 18141, 'no2': 18142, 'o3': 18143}, 'pm': {'pm1': 13209, 'pm10': 13211, 'pm25': 13210}}",2.51,6.27,21.48,5.8,9.93,6.11,776952193,47.2,MOD-00616,25.1,2026-09-10T02:33:19,2026-09-09T19:33:19,https://api.quant-aq.com/v1/devices/MOD-00616/data/776951868
299.47,573.49,"{'lat': None, 'lon': None}","{'rh': 47.6, 'temp': 25.1, 'wd': 0.0, 'ws': 0.0, 'ws_scalar': 0.0}","{'gas': {'co': 18140, 'co2': 13263, 'no': 18141, 'no2': 18142, 'o3': 18143}, 'pm': {'pm1': 13209, 'pm10': 13211, 'pm25': 13210}}",2.4,6.6,23.02,5.51,7.39,5.71,776952192,47.6,MOD-00616,25.1,2026-09-10T02:32:19,2026-09-09T19:32:19,https://api.quant-aq.com/v1/devices/MOD-00616/data/776951866
284.33,568.79,"{'lat': None, 'lon': None}","{'rh': 47.7, 'temp': 25.2, 'wd': 0.0, 'ws': 0.0, 'ws_scalar': 0.0}","{'gas': {'co': 18140, 'co2': 13263, 'no': 18141, 'no2': 18142, 'o3': 18143}, 'pm': {'pm1': 13209, 'pm10': 13211, 'pm25': 13210}}",2.55,7.13,27.65,6.78,8.74,7.1,776949876,47.7,MOD-00616,25.2,2026-09-10T02:31:19,2026-09-09T19:31:19,https://api.quant-aq.com/v1/devices/MOD-00616/data/776949551
273.2,569.52,"{'lat': None, 'lon': None}","{'rh': 47.2, 'temp': 25.2, 'wd': 0.0, 'ws': 0.0, 'ws_scalar': 0.0}","{'gas': {'co': 18140, 'co2': 13263, 'no': 18141, 'no2': 18142, 'o3': 18143}, 'pm': {'pm1': 13209, 'pm10': 13211, 'pm25': 13210}}",2.58,7.14,26.32,5.82,8.32,6.08,776949873,47.2,MOD-00616,25.2,2026-09-10T02:30:19,2026-09-09T19:30:19,https://api.quant-aq.com/v1/devices/MOD-00616/data/776949547
272.47,567.35,"{'lat': None, 'lon': None}","{'rh': 46.5, 'temp': 25.2, 'wd': 0.0, 'ws': 0.0, 'ws_scalar': 0.0}","{'gas': {'co': 18140, 'co2': 13263, 'no': 18141, 'no2': 18142, 'o3': 18143}, 'pm': {'pm1': 13209, 'pm10': 13211, 'pm25': 13210}}",2.58,6.23,23.34,5.2,6.91,5.47,776949872,46.5,MOD-00616,25.2,2026-09-10T02:29:19,2026-09-09T19:29:19,https://api.quant-aq.com/v1/devices/MOD-00616/data/776949546
270.29,567.35,"{'lat': None, 'lon': None}","{'rh': 46.1, 'temp': 25.2, 'wd': 0.0, 'ws': 0.0, 'ws_scalar': 0.0}","{'gas': {'co': 18140, 'co2': 13263, 'no': 18141, 'no2': 18142, 'o3': 18143}, 'pm': {'pm1': 13209, 'pm10': 13211, 'pm25': 13210}}",2.54,6.06,19.84,4.46,8.11,4.51,776949871,46.1,MOD-00616,25.2,2026-09-10T02:28:19,2026-09-09T19:28:19,https://api.quant-aq.com/v1/devices/MOD-00616/data/776949548
264.88,565.3,"{'lat': None, 'lon': None}","{'rh': 46.2, 'temp': 25.2, 'wd': 0.0, 'ws': 0.0, 'ws_scalar': 0.0}","{'gas': {'co': 18140, 'co2': 13263, 'no': 18141, 'no2': 18142, 'o3': 18143}, 'pm': {'pm1': 13209, 'pm10': 13211, 'pm25': 13210}}",2.55,5.79,21.91,4.49,7.8,4.81,776947528,46.2,MOD-00616,25.2,2026-09-10T02:27:19,2026-09-09T19:27:19,https://api.quant-aq.com/v1/devices/MOD-00616/data/776947204
264.54,565.54,"{'lat': None, 'lon': None}","{'rh': 46.1, 'temp': 25.2, 'wd': 0.0, 'ws': 0.0, 'ws_scalar': 0.0}","{'gas': {'co': 18140, 'co2': 13263, 'no': 18141, 'no2': 18142, 'o3': 18143}, 'pm': {'pm1': 13209, 'pm10': 13211, 'pm25': 13210}}",2.57,5.92,20.88,3.6,4.58,3.76,776947532,46.1,MOD-00616,25.2,2026-09-10T02:26:19,2026-09-09T19:26:19,https://api.quant-aq.com/v1/devices/MOD-00616/data/776947207
267.49,562.41,"{'lat': None, 'lon': None}","{'rh': 46.0, 'temp': 25.2, 'wd': 0.0, 'ws': 0.0, 'ws_scalar': 0.0}","{'gas': {'co': 18140, 'co2': 13263, 'no': 18141, 'no2': 18142, 'o3': 18143}, 'pm': {'pm1': 13209, 'pm10': 13211, 'pm25': 13210}}",2.56,5.66,20.22,6.01,6.56,6.23,776947530,46.0,MOD-00616,25.2,2026-09-10T02:25:18,2026-09-09T19:25:18,https://api.quant-aq.com/v1/devices/MOD-00616/data/776947205
272.79,565.78,"{'lat': None, 'lon': None}","{'rh': 46.2, 'temp': 25.3, 'wd': 0.0, 'ws': 0.0, 'ws_scalar': 0.0}","{'gas': {'co': 18140, 'co2': 13263, 'no': 18141, 'no2': 18142, 'o3': 18143}, 'pm': {'pm1': 13209, 'pm10': 13211, 'pm25': 13210}}",2.53,5.54,20.77,5.69,8.36,5.96,776947531,46.2,MOD-00616,25.3,2026-09-10T02:24:18,2026-09-09T19:24:18,https://api.quant-aq.com/v1/devices/MOD-00616/data/776947208
259.86,560.48,"{'lat': None, 'lon': None}","{'rh': 46.5, 'temp': 25.3, 'wd': 0.0, 'ws': 0.0, 'ws_scalar': 0.0}","{'gas': {'co': 18140, 'co2': 13263, 'no': 18141, 'no2': 18142, 'o3': 18143}, 'pm': {'pm1': 13209, 'pm10': 13211, 'pm25': 13210}}",2.56,6.22,21.5,5.81,10.38,6.08,776945153,46.5,MOD-00616,25.3,2026-09-10T02:23:18,2026-09-09T19:23:18,https://api.quant-aq.com/v1/devices/MOD-00616/data/776944828
276.82,566.14,"{'lat': None, 'lon': None}","{'rh': 46.3, 'temp': 25.3, 'wd': 0.0, 'ws': 0.0, 'ws_scalar': 0.0}","{'gas': {'co': 18140, 'co2': 13263, 'no': 18141, 'no2': 18142, 'o3': 18143}, 'pm': {'pm1': 13209, 'pm10': 13211, 'pm25': 13210}}",2.49,5.66,21.1,5.87,7.12,6.06,776945154,46.3,MOD-00616,25.3,2026-09-10T02:22:18,2026-09-09T19:22:18,https://api.quant-aq.com/v1/devices/MOD-00616/data/776944829
294.34,563.49,"{'lat': None, 'lon': None}","{'rh': 47.2, 'temp': 25.4, 'wd': 0.0, 'ws': 0.0, 'ws_scalar': 0.0}","{'gas': {'co': 18140, 'co2': 13263, 'no': 18141, 'no2': 18142, 'o3': 18143}, 'pm': {'pm1': 13209, 'pm10': 13211, 'pm25': 13210}}",2.5,6.91,27.79,6.54,8.31,6.87,776945151,47.2,MOD-00616,25.4,2026-09-10T02:21:18,2026-09-09T19:21:18,https://api.quant-aq.com/v1/devices/MOD-00616/data/776944826
276.04,565.54,"{'lat': None, 'lon': None}","{'rh': 46.4, 'temp': 25.4, 'wd': 0.0, 'ws': 0.0, 'ws_scalar': 0.0}","{'gas': {'co': 18140, 'co2': 13263, 'no': 18141, 'no2': 18142, 'o3': 18143}, 'pm': {'pm1': 13209, 'pm10': 13211, 'pm25': 13210}}",2.63,6.53,23.53,4.48,7.85,4.78,776945155,46.4,MOD-00616,25.4,2026-09-10T02:20:18,2026-09-09T19:20:18,https://api.quant-aq.com/v1/devices/MOD-00616/data/776944830
260.13,559.16,"{'lat': None, 'lon': None}","{'rh': 45.7, 'temp': 25.4, 'wd': 0.0, 'ws': 0.0, 'ws_scalar': 0.0}","{'gas': {'co': 18140, 'co2': 13263, 'no': 18141, 'no2': 18142, 'o3': 18143}, 'pm': {'pm1': 13209, 'pm10': 13211, 'pm25': 13210}}",2.5,5.53,21.25,3.41,5.22,3.67,776942856,45.7,MOD-00616,25.4,2026-09-10T02:19:18,2026-09-09T19:19:18,https://api.quant-aq.com/v1/devices/MOD-00616/data/776942531
265.59,566.02,"{'lat': None, 'lon': None}","{'rh': 46.1, 'temp': 25.4, 'wd': 0.0, 'ws': 0.0, 'ws_scalar': 0.0}","{'gas': {'co': 18140, 'co2': 13263, 'no': 18141, 'no2': 18142, 'o3': 18143}, 'pm': {'pm1': 13209, 'pm10': 13211, 'pm25': 13210}}",2.55,6.03,23.92,5.34,7.03,5.63,776942854,46.1,MOD-00616,25.4,2026-09-10T02:18:18,2026-09-09T19:18:18,https://api.quant-aq.com/v1/devices/MOD-00616/data/776942530
264.84,565.42,"{'lat': None, 'lon': None}","{'rh': 46.0, 'temp': 25.4, 'wd': 0.0, 'ws': 0.0, 'ws_scalar': 0.0}","{'gas': {'co': 18140, 'co2': 13263, 'no': 18141, 'no2': 18142, 'o3': 18143}, 'pm': {'pm1': 13209, 'pm10': 13211, 'pm25': 13210}}",2.41,6.03,23.48,4.67,5.87,4.97,776942853,46.0,MOD-00616,25.4,2026-09-10T02:17:18,2026-09-09T19:17:18,https://api.quant-aq.com/v1/devices/MOD-00616/data/776942528
270.42,567.11,"{'lat': None, 'lon': None}","{'rh': 45.8, 'temp': 25.5, 'wd': 0.0, 'ws': 0.0, 'ws_scalar': 0.0}","{'gas': {'co': 18140, 'co2': 13263, 'no': 18141, 'no2': 18142, 'o3': 18143}, 'pm': {'pm1': 13209, 'pm10': 13211, 'pm25': 13210}}",2.6,6.48,24.02,4.67,9.65,5.02,776942851,45.8,MOD-00616,25.5,2026-09-10T02:16:18,2026-09-09T19:16:18,https://api.quant-aq.com/v1/devices/MOD-00616/data/776942526
276.44,565.66,"{'lat': None, 'lon': None}","{'rh': 45.4, 'temp': 25.5, 'wd': 0.0, 'ws': 0.0, 'ws_scalar': 0.0}","{'gas': {'co': 18140, 'co2': 13263, 'no': 18141, 'no2': 18142, 'o3': 18143}, 'pm': {'pm1': 13209, 'pm10': 13211, 'pm25': 13210}}",2.53,5.53,23.55,4.39,6.61,4.74,776940562,45.4,MOD-00616,25.5,2026-09-10T02:15:18,2026-09-09T19:15:18,https://api.quant-aq.com/v1/devices/MOD-00616/data/776940236
268.38,565.06,"{'lat': None, 'lon': None}","{'rh': 45.2, 'temp': 25.5, 'wd': 0.0, 'ws': 0.0, 'ws_scalar': 0.0}","{'gas': {'co': 18140, 'co2': 13263, 'no': 18141, 'no2': 18142, 'o3': 18143}, 'pm': {'pm1': 13209, 'pm10': 13211, 'pm25': 13210}}",2.54,5.74,21.95,4.22,7.12,4.36,776940563,45.2,MOD-00616,25.5,2026-09-10T02:14:18,2026-09-09T19:14:18,https://api.quant-aq.com/v1/devices/MOD-00616/data/776940238
277.13,565.54,"{'lat': None, 'lon': None}","{'rh': 45.0, 'temp': 25.5, 'wd': 0.0, 'ws': 0.0, 'ws_scalar': 0.0}","{'gas': {'co': 18140, 'co2': 13263, 'no': 18141, 'no2': 18142, 'o3': 18143}, 'pm': {'pm1': 13209, 'pm10': 13211, 'pm25': 13210}}",2.52,5.63,21.63,3.47,7.59,3.75,776940560,45.0,MOD-00616,25.5,2026-09-10T02:13:17,2026-09-09T19:13:17,https://api.quant-aq.com/v1/devices/MOD-00616/data/776940235
289.62,564.46,"{'lat': None, 'lon': None}","{'rh': 44.9, 'temp': 25.6, 'wd': 0.0, 'ws': 0.0, 'ws_scalar': 0.0}","{'gas': {'co': 18140, 'co2': 13263, 'no': 18141, 'no2': 18142, 'o3': 18143}, 'pm': {'pm1': 13209, 'pm10': 13211, 'pm25': 13210}}",2.53,6.12,20.67,3.51,6.75,3.73,776940561,44.9,MOD-00616,25.6,2026-09-10T02:12:17,2026-09-09T19:12:17,https://api.quant-aq.com/v1/devices/MOD-00616/data/776940237
291.6,565.66,"{'lat': None, 'lon': None}","{'rh': 45.0, 'temp': 25.6, 'wd': 0.0, 'ws': 0.0, 'ws_scalar': 0.0}","{'gas': {'co': 18140, 'co2': 13263, 'no': 18141, 'no2': 18142, 'o3': 18143}, 'pm': {'pm1': 13209, 'pm10': 13211, 'pm25': 13210}}",2.48,5.98,20.79,3.59,6.0,3.82,776938227,45.0,MOD-00616,25.6,2026-09-10T02:11:17,2026-09-09T19:11:17,https://api.quant-aq.com/v1/devices/MOD-00616/data/776937901
262.69,563.98,"{'lat': None, 'lon': None}","{'rh': 44.7, 'temp': 25.6, 'wd': 0.0, 'ws': 0.0, 'ws_scalar': 0.0}","{'gas': {'co': 18140, 'co2': 13263, 'no': 18141, 'no2': 18142, 'o3': 18143}, 'pm': {'pm1': 13209, 'pm10': 13211, 'pm25': 13210}}",2.53,5.74,19.69,3.63,11.95,3.79,776938225,44.7,MOD-00616,25.6,2026-09-10T02:10:17,2026-09-09T19:10:17,https://api.quant-aq.com/v1/devices/MOD-00616/data/776937899
260.23,563.01,"{'lat': None, 'lon': None}","{'rh': 44.7, 'temp': 25.6, 'wd': 0.0, 'ws': 0.0, 'ws_scalar': 0.0}","{'gas': {'co': 18140, 'co2': 13263, 'no': 18141, 'no2': 18142, 'o3': 18143}, 'pm': {'pm1': 13209, 'pm10': 13211, 'pm25': 13210}}",2.55,5.54,19.94,3.76,5.16,4.16,776938226,44.7,MOD-00616,25.6,2026-09-10T02:09:17,2026-09-09T19:09:17,https://api.quant-aq.com/v1/devices/MOD-00616/data/776937902
261.32,562.05,"{'lat': None, 'lon': None}","{'rh': 44.9, 'temp': 25.6, 'wd': 0.0, 'ws': 0.0, 'ws_scalar': 0.0}","{'gas': {'co': 18140, 'co2': 13263, 'no': 18141, 'no2': 18142, 'o3': 18143}, 'pm': {'pm1': 13209, 'pm10': 13211, 'pm25': 13210}}",2.58,5.63,21.62,3.35,7.04,3.71,776938224,44.9,MOD-00616,25.6,2026-09-10T02:08:17,2026-09-09T19:08:17,https://api.quant-aq.com/v1/devices/MOD-00616/data/776937900
262.21,563.74,"{'lat': None, 'lon': None}","{'rh': 44.8, 'temp': 25.6, 'wd': 0.0, 'ws': 0.0, 'ws_scalar': 0.0}","{'gas': {'co': 18140, 'co2': 13263, 'no': 18141, 'no2': 18142, 'o3': 18143}, 'pm': {'pm1': 13209, 'pm10': 13211, 'pm25': 13210}}",2.57,5.45,21.42,3.44,8.08,3.7,776935879,44.8,MOD-00616,25.6,2026-09-10T02:07:17,2026-09-09T19:07:17,https://api.quant-aq.com/v1/devices/MOD-00616/data/776935553
262.32,565.54,"{'lat': None, 'lon': None}","{'rh': 44.8, 'temp': 25.7, 'wd': 0.0, 'ws': 0.0, 'ws_scalar': 0.0}","{'gas': {'co': 18140, 'co2': 13263, 'no': 18141, 'no2': 18142, 'o3': 18143}, 'pm': {'pm1': 13209, 'pm10': 13211, 'pm25': 13210}}",2.52,5.63,19.79,3.3,13.99,3.75,776935876,44.8,MOD-00616,25.7,2026-09-10T02:06:17,2026-09-09T19:06:17,https://api.quant-aq.com/v1/devices/MOD-00616/data/776935551
255.55,559.28,"{'lat': None, 'lon': None}","{'rh': 45.1, 'temp': 25.7, 'wd': 0.0, 'ws': 0.0, 'ws_scalar': 0.0}","{'gas': {'co': 18140, 'co2': 13263, 'no': 18141, 'no2': 18142, 'o3': 18143}, 'pm': {'pm1': 13209, 'pm10': 13211, 'pm25': 13210}}",2.53,5.44,21.84,4.7,5.16,4.86,776935878,45.1,MOD-00616,25.7,2026-09-10T02:05:17,2026-09-09T19:05:17,https://api.quant-aq.com/v1/devices/MOD-00616/data/776935554
259.17,569.64,"{'lat': None, 'lon': None}","{'rh': 45.2, 'temp': 25.7, 'wd': 0.0, 'ws': 0.0, 'ws_scalar': 0.0}","{'gas': {'co': 18140, 'co2': 13263, 'no': 18141, 'no2': 18142, 'o3': 18143}, 'pm': {'pm1': 13209, 'pm10': 13211, 'pm25': 13210}}",2.55,5.62,23.41,5.5,6.96,5.66,776935880,45.2,MOD-00616,25.7,2026-09-10T02:04:17,2026-09-09T19:04:17,https://api.quant-aq.com/v1/devices/MOD-00616/data/776935556
261.43,566.99,"{'lat': None, 'lon': None}","{'rh': 44.9, 'temp': 25.7, 'wd': 0.0, 'ws': 0.0, 'ws_scalar': 0.0}","{'gas': {'co': 18140, 'co2': 13263, 'no': 18141, 'no2': 18142, 'o3': 18143}, 'pm': {'pm1': 13209, 'pm10': 13211, 'pm25': 13210}}",2.59,5.62,22.52,5.32,18.73,5.48,776933524,44.9,MOD-00616,25.7,2026-09-10T02:03:17,2026-09-09T19:03:17,https://api.quant-aq.com/v1/devices/MOD-00616/data/776933200
264.0,557.59,"{'lat': None, 'lon': None}","{'rh': 44.9, 'temp': 25.8, 'wd': 0.0, 'ws': 0.0, 'ws_scalar': 0.0}","{'gas': {'co': 18140, 'co2': 13263, 'no': 18141, 'no2': 18142, 'o3': 18143}, 'pm': {'pm1': 13209, 'pm10': 13211, 'pm25': 13210}}",2.57,5.53,23.09,5.08,6.22,5.34,776933525,44.9,MOD-00616,25.8,2026-09-10T02:02:17,2026-09-09T19:02:17,https://api.quant-aq.com/v1/devices/MOD-00616/data/776933202
269.13,560.97,"{'lat': None, 'lon': None}","{'rh': 44.6, 'temp': 25.8, 'wd': 0.0, 'ws': 0.0, 'ws_scalar': 0.0}","{'gas': {'co': 18140, 'co2': 13263, 'no': 18141, 'no2': 18142, 'o3': 18143}, 'pm': {'pm1': 13209, 'pm10': 13211, 'pm25': 13210}}",2.56,5.73,20.59,4.09,10.27,4.36,776933526,44.6,MOD-00616,25.8,2026-09-10T02:01:16,2026-09-09T19:01:16,https://api.quant-aq.com/v1/devices/MOD-00616/data/776933201
271.66,567.71,"{'lat': None, 'lon': None}","{'rh': 44.5, 'temp': 25.8, 'wd': 0.0, 'ws': 0.0, 'ws_scalar': 0.0}","{'gas': {'co': 18140, 'co2': 13263, 'no': 18141, 'no2': 18142, 'o3': 18143}, 'pm': {'pm1': 13209, 'pm10': 13211, 'pm25': 13210}}",2.56,5.73,21.05,3.45,4.52,3.74,776933522,44.5,MOD-00616,25.8,2026-09-10T02:00:16,2026-09-09T19:00:16,https://api.quant-aq.com/v1/devices/MOD-00616/data/776933197
262.23,567.23,"{'lat': None, 'lon': None}","{'rh': 44.5, 'temp': 25.8, 'wd': 0.0, 'ws': 0.0, 'ws_scalar': 0.0}","{'gas': {'co': 18140, 'co2': 13263, 'no': 18141, 'no2': 18142, 'o3': 18143}, 'pm': {'pm1': 13209, 'pm10': 13211, 'pm25': 13210}}",2.56,5.73,21.51,3.9,14.17,4.25,776931197,44.5,MOD-00616,25.8,2026-09-10T01:59:16,2026-09-09T18:59:16,https://api.quant-aq.com/v1/devices/MOD-00616/data/776930872
263.33,566.63,"{'lat': None, 'lon': None}","{'rh': 44.1, 'temp': 25.8, 'wd': 0.0, 'ws': 0.0, 'ws_scalar': 0.0}","{'gas': {'co': 18140, 'co2': 13263, 'no': 18141, 'no2': 18142, 'o3': 18143}, 'pm': {'pm1': 13209, 'pm10': 13211, 'pm25': 13210}}",2.62,5.66,20.75,5.65,7.26,5.93,776931196,44.1,MOD-00616,25.8,2026-09-10T01:58:16,2026-09-09T18:58:16,https://api.quant-aq.com/v1/devices/MOD-00616/data/776930871
260.57,563.25,"{'lat': None, 'lon': None}","{'rh': 44.1, 'temp': 25.9, 'wd': 0.0, 'ws': 0.0, 'ws_scalar': 0.0}","{'gas': {'co': 18140, 'co2': 13263, 'no': 18141, 'no2': 18142, 'o3': 18143}, 'pm': {'pm1': 13209, 'pm10': 13211, 'pm25': 13210}}",2.53,5.49,19.16,4.27,4.63,4.4,776931191,44.1,MOD-00616,25.9,2026-09-10T01:57:16,2026-09-09T18:57:16,https://api.quant-aq.com/v1/devices/MOD-00616/data/776930866
261.66,566.02,"{'lat': None, 'lon': None}","{'rh': 44.3, 'temp': 25.9, 'wd': 0.0, 'ws': 0.0, 'ws_scalar': 0.0}","{'gas': {'co': 18140, 'co2': 13263, 'no': 18141, 'no2': 18142, 'o3': 18143}, 'pm': {'pm1': 13209, 'pm10': 13211, 'pm25': 13210}}",2.53,5.35,19.84,4.05,7.46,4.21,776931188,44.3,MOD-00616,25.9,2026-09-10T01:56:16,2026-09-09T18:56:16,https://api.quant-aq.com/v1/devices/MOD-00616/data/776930864
264.05,564.46,"{'lat': None, 'lon': None}","{'rh': 44.4, 'temp': 25.9, 'wd': 0.0, 'ws': 0.0, 'ws_scalar': 0.0}","{'gas': {'co': 18140, 'co2': 13263, 'no': 18141, 'no2': 18142, 'o3': 18143}, 'pm': {'pm1': 13209, 'pm10': 13211, 'pm25': 13210}}",2.56,5.84,20.47,3.12,3.67,3.22,776928902,44.4,MOD-00616,25.9,2026-09-10T01:55:16,2026-09-09T18:55:16,https://api.quant-aq.com/v1/devices/MOD-00616/data/776928577
260.29,562.77,"{'lat': None, 'lon': None}","{'rh': 44.5, 'temp': 25.9, 'wd': 0.0, 'ws': 0.0, 'ws_scalar': 0.0}","{'gas': {'co': 18140, 'co2': 13263, 'no': 18141, 'no2': 18142, 'o3': 18143}, 'pm': {'pm1': 13209, 'pm10': 13211, 'pm25': 13210}}",2.56,5.54,21.74,4.42,5.15,4.54,776928898,44.5,MOD-00616,25.9,2026-09-10T01:54:16,2026-09-09T18:54:16,https://api.quant-aq.com/v1/devices/MOD-00616/data/776928579
265.28,565.78,"{'lat': None, 'lon': None}","{'rh': 44.4, 'temp': 25.9, 'wd': 0.0, 'ws': 0.0, 'ws_scalar': 0.0}","{'gas': {'co': 18140, 'co2': 13263, 'no': 18141, 'no2': 18142, 'o3': 18143}, 'pm': {'pm1': 13209, 'pm10': 13211, 'pm25': 13210}}",2.56,5.47,20.96,3.67,3.82,3.78,776928899,44.4,MOD-00616,25.9,2026-09-10T01:53:16,2026-09-09T18:53:16,https://api.quant-aq.com/v1/devices/MOD-00616/data/776928574
262.0,567.59,"{'lat': None, 'lon': None}","{'rh': 44.4, 'temp': 25.9, 'wd': 0.0, 'ws': 0.0, 'ws_scalar': 0.0}","{'gas': {'co': 18140, 'co2': 13263, 'no': 18141, 'no2': 18142, 'o3': 18143}, 'pm': {'pm1': 13209, 'pm10': 13211, 'pm25': 13210}}",2.55,5.47,19.13,4.83,6.48,5.06,776928904,44.4,MOD-00616,25.9,2026-09-10T01:52:16,2026-09-09T18:52:16,https://api.quant-aq.com/v1/devices/MOD-00616/data/776928578
263.02,563.37,"{'lat': None, 'lon': None}","{'rh': 44.7, 'temp': 25.9, 'wd': 0.0, 'ws': 0.0, 'ws_scalar': 0.0}","{'gas': {'co': 18140, 'co2': 13263, 'no': 18141, 'no2': 18142, 'o3': 18143}, 'pm': {'pm1': 13209, 'pm10': 13211, 'pm25': 13210}}",2.59,5.53,22.64,4.9,11.04,5.18,776926581,44.7,MOD-00616,25.9,2026-09-10T01:51:16,2026-09-09T18:51:16,https://api.quant-aq.com/v1/devices/MOD-00616/data/776926256
258.51,564.1,"{'lat': None, 'lon': None}","{'rh': 44.7, 'temp': 25.9, 'wd': 0.0, 'ws': 0.0, 'ws_scalar': 0.0}","{'gas': {'co': 18140, 'co2': 13263, 'no': 18141, 'no2': 18142, 'o3': 18143}, 'pm': {'pm1': 13209, 'pm10': 13211, 'pm25': 13210}}",2.58,5.83,23.18,5.12,5.82,5.35,776926580,44.7,MOD-00616,25.9,2026-09-10T01:50:16,2026-09-09T18:50:16,https://api.quant-aq.com/v1/devices/MOD-00616/data/776926255
264.87,563.86,"{'lat': None, 'lon': None}","{'rh': 44.4, 'temp': 25.9, 'wd': 0.0, 'ws': 0.0, 'ws_scalar': 0.0}","{'gas': {'co': 18140, 'co2': 13263, 'no': 18141, 'no2': 18142, 'o3': 18143}, 'pm': {'pm1': 13209, 'pm10': 13211, 'pm25': 13210}}",2.61,5.73,21.96,3.83,6.43,4.01,776926578,44.4,MOD-00616,25.9,2026-09-10T01:49:15,2026-09-09T18:49:15,https://api.quant-aq.com/v1/devices/MOD-00616/data/776926253
261.59,560.97,"{'lat': None, 'lon': None}","{'rh': 44.4, 'temp': 25.9, 'wd': 0.0, 'ws': 0.0, 'ws_scalar': 0.0}","{'gas': {'co': 18140, 'co2': 13263, 'no': 18141, 'no2': 18142, 'o3': 18143}, 'pm': {'pm1': 13209, 'pm10': 13211, 'pm25': 13210}}",2.55,5.4,19.71,4.2,5.73,4.43,776926579,44.4,MOD-00616,25.9,2026-09-10T01:48:15,2026-09-09T18:48:15,https://api.quant-aq.com/v1/devices/MOD-00616/data/776926254
260.4,560.97,"{'lat': None, 'lon': None}","{'rh': 44.5, 'temp': 26.0, 'wd': 0.0, 'ws': 0.0, 'ws_scalar': 0.0}","{'gas': {'co': 18140, 'co2': 13263, 'no': 18141, 'no2': 18142, 'o3': 18143}, 'pm': {'pm1': 13209, 'pm10': 13211, 'pm25': 13210}}",2.53,5.47,22.76,2.71,9.94,2.89,776924254,44.5,MOD-00616,26.0,2026-09-10T01:47:15,2026-09-09T18:47:15,https://api.quant-aq.com/v1/devices/MOD-00616/data/776923930
266.41,562.53,"{'lat': None, 'lon': None}","{'rh': 44.7, 'temp': 26.0, 'wd': 0.0, 'ws': 0.0, 'ws_scalar': 0.0}","{'gas': {'co': 18140, 'co2': 13263, 'no': 18141, 'no2': 18142, 'o3': 18143}, 'pm': {'pm1': 13209, 'pm10': 13211, 'pm25': 13210}}",2.62,6.06,23.83,4.39,5.71,4.57,776924250,44.7,MOD-00616,26.0,2026-09-10T01:46:15,2026-09-09T18:46:15,https://api.quant-aq.com/v1/devices/MOD-00616/data/776923926
270.94,563.37,"{'lat': None, 'lon': None}","{'rh': 44.1, 'temp': 26.0, 'wd': 0.0, 'ws': 0.0, 'ws_scalar': 0.0}","{'gas': {'co': 18140, 'co2': 13263, 'no': 18141, 'no2': 18142, 'o3': 18143}, 'pm': {'pm1': 13209, 'pm10': 13211, 'pm25': 13210}}",2.57,5.65,18.9,3.56,4.1,3.75,776924252,44.1,MOD-00616,26.0,2026-09-10T01:45:15,2026-09-09T18:45:15,https://api.quant-aq.com/v1/devices/MOD-00616/data/776923927
271.21,562.17,"{'lat': None, 'lon': None}","{'rh': 44.3, 'temp': 26.0, 'wd': 0.0, 'ws': 0.0, 'ws_scalar': 0.0}","{'gas': {'co': 18140, 'co2': 13263, 'no': 18141, 'no2': 18142, 'o3': 18143}, 'pm': {'pm1': 13209, 'pm10': 13211, 'pm25': 13210}}",2.54,5.64,22.53,3.28,5.88,3.47,776924248,44.3,MOD-00616,26.0,2026-09-10T01:44:15,2026-09-09T18:44:15,https://api.quant-aq.com/v1/devices/MOD-00616/data/776923923
267.85,558.07,"{'lat': None, 'lon': None}","{'rh': 44.4, 'temp': 26.0, 'wd': 0.0, 'ws': 0.0, 'ws_scalar': 0.0}","{'gas': {'co': 18140, 'co2': 13263, 'no': 18141, 'no2': 18142, 'o3': 18143}, 'pm': {'pm1': 13209, 'pm10': 13211, 'pm25': 13210}}",2.56,5.73,21.03,4.28,7.8,4.38,776921863,44.4,MOD-00616,26.0,2026-09-10T01:43:15,2026-09-09T18:43:15,https://api.quant-aq.com/v1/devices/MOD-00616/data/776921536
263.82,559.16,"{'lat': None, 'lon': None}","{'rh': 44.3, 'temp': 26.0, 'wd': 0.0, 'ws': 0.0, 'ws_scalar': 0.0}","{'gas': {'co': 18140, 'co2': 13263, 'no': 18141, 'no2': 18142, 'o3': 18143}, 'pm': {'pm1': 13209, 'pm10': 13211, 'pm25': 13210}}",2.64,5.73,20.58,4.83,15.42,5.06,776921860,44.3,MOD-00616,26.0,2026-09-10T01:42:15,2026-09-09T18:42:15,https://api.quant-aq.com/v1/devices/MOD-00616/data/776921535
276.68,564.58,"{'lat': None, 'lon': None}","{'rh': 44.1, 'temp': 26.0, 'wd': 0.0, 'ws': 0.0, 'ws_scalar': 0.0}","{'gas': {'co': 18140, 'co2': 13263, 'no': 18141, 'no2': 18142, 'o3': 18143}, 'pm': {'pm1': 13209, 'pm10': 13211, 'pm25': 13210}}",2.56,5.5,20.06,3.74,5.07,3.92,776921862,44.1,MOD-00616,26.0,2026-09-10T01:41:15,2026-09-09T18:41:15,https://api.quant-aq.com/v1/devices/MOD-00616/data/776921540
287.2,561.21,"{'lat': None, 'lon': None}","{'rh': 44.3, 'temp': 26.0, 'wd': 0.0, 'ws': 0.0, 'ws_scalar': 0.0}","{'gas': {'co': 18140, 'co2': 13263, 'no': 18141, 'no2': 18142, 'o3': 18143}, 'pm': {'pm1': 13209, 'pm10': 13211, 'pm25': 13210}}",2.51,5.95,20.34,3.98,8.85,4.12,776921858,44.3,MOD-00616,26.0,2026-09-10T01:40:15,2026-09-09T18:40:15,https://api.quant-aq.com/v1/devices/MOD-00616/data/776921533
294.1,561.21,"{'lat': None, 'lon': None}","{'rh': 44.4, 'temp': 26.0, 'wd': 0.0, 'ws': 0.0, 'ws_scalar': 0.0}","{'gas': {'co': 18140, 'co2': 13263, 'no': 18141, 'no2': 18142, 'o3': 18143}, 'pm': {'pm1': 13209, 'pm10': 13211, 'pm25': 13210}}",2.52,5.63,20.7,5.26,6.51,5.54,776919563,44.4,MOD-00616,26.0,2026-09-10T01:39:15,2026-09-09T18:39:15,https://api.quant-aq.com/v1/devices/MOD-00616/data/776919238
273.71,559.4,"{'lat': None, 'lon': None}","{'rh': 44.4, 'temp': 26.1, 'wd': 0.0, 'ws': 0.0, 'ws_scalar': 0.0}","{'gas': {'co': 18140, 'co2': 13263, 'no': 18141, 'no2': 18142, 'o3': 18143}, 'pm': {'pm1': 13209, 'pm10': 13211, 'pm25': 13210}}",2.52,5.72,21.02,4.9,5.79,5.07,776919562,44.4,MOD-00616,26.1,2026-09-10T01:38:15,2026-09-09T18:38:15,https://api.quant-aq.com/v1/devices/MOD-00616/data/776919237
268.11,563.61,"{'lat': None, 'lon': None}","{'rh': 44.2, 'temp': 26.1, 'wd': 0.0, 'ws': 0.0, 'ws_scalar': 0.0}","{'gas': {'co': 18140, 'co2': 13263, 'no': 18141, 'no2': 18142, 'o3': 18143}, 'pm': {'pm1': 13209, 'pm10': 13211, 'pm25': 13210}}",2.58,5.65,20.25,4.51,6.0,4.86,776919561,44.2,MOD-00616,26.1,2026-09-10T01:37:15,2026-09-09T18:37:15,https://api.quant-aq.com/v1/devices/MOD-00616/data/776919236
272.0,558.07,"{'lat': None, 'lon': None}","{'rh': 44.5, 'temp': 26.1, 'wd': 0.0, 'ws': 0.0, 'ws_scalar': 0.0}","{'gas': {'co': 18140, 'co2': 13263, 'no': 18141, 'no2': 18142, 'o3': 18143}, 'pm': {'pm1': 13209, 'pm10': 13211, 'pm25': 13210}}",2.58,5.63,22.5,5.43,9.57,5.87,776919558,44.5,MOD-00616,26.1,2026-09-10T01:36:14,2026-09-09T18:36:14,https://api.quant-aq.com/v1/devices/MOD-00616/data/776919233
276.38,566.51,"{'lat': None, 'lon': None}","{'rh': 44.1, 'temp': 26.1, 'wd': 0.0, 'ws': 0.0, 'ws_scalar': 0.0}","{'gas': {'co': 18140, 'co2': 13263, 'no': 18141, 'no2': 18142, 'o3': 18143}, 'pm': {'pm1': 13209, 'pm10': 13211, 'pm25': 13210}}",2.55,5.74,17.85,3.43,6.05,3.72,776917282,44.1,MOD-00616,26.1,2026-09-10T01:35:14,2026-09-09T18:35:14,https://api.quant-aq.com/v1/devices/MOD-00616/data/776916958
308.02,561.21,"{'lat': None, 'lon': None}","{'rh': 44.6, 'temp': 26.1, 'wd': 0.0, 'ws': 0.0, 'ws_scalar': 0.0}","{'gas': {'co': 18140, 'co2': 13263, 'no': 18141, 'no2': 18142, 'o3': 18143}, 'pm': {'pm1': 13209, 'pm10': 13211, 'pm25': 13210}}",2.46,5.82,18.15,6.26,10.26,6.6,776917283,44.6,MOD-00616,26.1,2026-09-10T01:34:14,2026-09-09T18:34:14,https://api.quant-aq.com/v1/devices/MOD-00616/data/776916957
308.07,566.26,"{'lat': None, 'lon': None}","{'rh': 45.1, 'temp': 26.1, 'wd': 0.0, 'ws': 0.0, 'ws_scalar': 0.0}","{'gas': {'co': 18140, 'co2': 13263, 'no': 18141, 'no2': 18142, 'o3': 18143}, 'pm': {'pm1': 13209, 'pm10': 13211, 'pm25': 13210}}",2.53,6.05,22.88,7.99,13.28,8.31,776917281,45.1,MOD-00616,26.1,2026-09-10T01:33:14,2026-09-09T18:33:14,https://api.quant-aq.com/v1/devices/MOD-00616/data/776916955
300.14,564.58,"{'lat': None, 'lon': None}","{'rh': 45.3, 'temp': 26.1, 'wd': 0.0, 'ws': 0.0, 'ws_scalar': 0.0}","{'gas': {'co': 18140, 'co2': 13263, 'no': 18141, 'no2': 18142, 'o3': 18143}, 'pm': {'pm1': 13209, 'pm10': 13211, 'pm25': 13210}}",2.5,7.77,24.95,8.28,21.96,8.64,776917280,45.3,MOD-00616,26.1,2026-09-10T01:32:14,2026-09-09T18:32:14,https://api.quant-aq.com/v1/devices/MOD-00616/data/776916956
292.13,560.36,"{'lat': None, 'lon': None}","{'rh': 44.6, 'temp': 26.2, 'wd': 0.0, 'ws': 0.0, 'ws_scalar': 0.0}","{'gas': {'co': 18140, 'co2': 13263, 'no': 18141, 'no2': 18142, 'o3': 18143}, 'pm': {'pm1': 13209, 'pm10': 13211, 'pm25': 13210}}",2.36,6.85,20.46,8.35,10.67,8.69,776914945,44.6,MOD-00616,26.2,2026-09-10T01:31:14,2026-09-09T18:31:14,https://api.quant-aq.com/v1/devices/MOD-00616/data/776914620
285.71,555.06,"{'lat': None, 'lon': None}","{'rh': 44.4, 'temp': 26.2, 'wd': 0.0, 'ws': 0.0, 'ws_scalar': 0.0}","{'gas': {'co': 18140, 'co2': 13263, 'no': 18141, 'no2': 18142, 'o3': 18143}, 'pm': {'pm1': 13209, 'pm10': 13211, 'pm25': 13210}}",2.53,5.82,22.71,7.1,10.94,7.54,776914944,44.4,MOD-00616,26.2,2026-09-10T01:30:14,2026-09-09T18:30:14,https://api.quant-aq.com/v1/devices/MOD-00616/data/776914619
286.87,555.91,"{'lat': None, 'lon': None}","{'rh': 44.5, 'temp': 26.2, 'wd': 0.0, 'ws': 0.0, 'ws_scalar': 0.0}","{'gas': {'co': 18140, 'co2': 13263, 'no': 18141, 'no2': 18142, 'o3': 18143}, 'pm': {'pm1': 13209, 'pm10': 13211, 'pm25': 13210}}",2.57,5.82,25.9,8.45,17.16,8.79,776914943,44.5,MOD-00616,26.2,2026-09-10T01:29:14,2026-09-09T18:29:14,https://api.quant-aq.com/v1/devices/MOD-00616/data/776914618
285.44,557.23,"{'lat': None, 'lon': None}","{'rh': 44.2, 'temp': 26.2, 'wd': 0.0, 'ws': 0.0, 'ws_scalar': 0.0}","{'gas': {'co': 18140, 'co2': 13263, 'no': 18141, 'no2': 18142, 'o3': 18143}, 'pm': {'pm1': 13209, 'pm10': 13211, 'pm25': 13210}}",2.62,5.94,24.88,7.91,11.54,8.15,776914942,44.2,MOD-00616,26.2,2026-09-10T01:28:14,2026-09-09T18:28:14,https://api.quant-aq.com/v1/devices/MOD-00616/data/776914616
282.21,562.89,"{'lat': None, 'lon': None}","{'rh': 43.7, 'temp': 26.3, 'wd': 0.0, 'ws': 0.0, 'ws_scalar': 0.0}","{'gas': {'co': 18140, 'co2': 13263, 'no': 18141, 'no2': 18142, 'o3': 18143}, 'pm': {'pm1': 13209, 'pm10': 13211, 'pm25': 13210}}",2.61,5.49,22.45,6.54,7.47,7.01,776912613,43.7,MOD-00616,26.3,2026-09-10T01:27:14,2026-09-09T18:27:14,https://api.quant-aq.com/v1/devices/MOD-00616/data/776912288
299.1,561.33,"{'lat': None, 'lon': None}","{'rh': 43.6, 'temp': 26.3, 'wd': 0.0, 'ws': 0.0, 'ws_scalar': 0.0}","{'gas': {'co': 18140, 'co2': 13263, 'no': 18141, 'no2': 18142, 'o3': 18143}, 'pm': {'pm1': 13209, 'pm10': 13211, 'pm25': 13210}}",2.53,5.63,22.21,8.38,17.13,8.82,776912614,43.6,MOD-00616,26.3,2026-09-10T01:26:14,2026-09-09T18:26:14,https://api.quant-aq.com/v1/devices/MOD-00616/data/776912289
276.81,564.22,"{'lat': None, 'lon': None}","{'rh': 43.8, 'temp': 26.3, 'wd': 0.0, 'ws': 0.0, 'ws_scalar': 0.0}","{'gas': {'co': 18140, 'co2': 13263, 'no': 18141, 'no2': 18142, 'o3': 18143}, 'pm': {'pm1': 13209, 'pm10': 13211, 'pm25': 13210}}",2.51,5.97,22.16,7.88,10.0,8.23,776912612,43.8,MOD-00616,26.3,2026-09-10T01:25:14,2026-09-09T18:25:14,https://api.quant-aq.com/v1/devices/MOD-00616/data/776912287
271.8,564.46,"{'lat': None, 'lon': None}","{'rh': 43.5, 'temp': 26.4, 'wd': 0.0, 'ws': 0.0, 'ws_scalar': 0.0}","{'gas': {'co': 18140, 'co2': 13263, 'no': 18141, 'no2': 18142, 'o3': 18143}, 'pm': {'pm1': 13209, 'pm10': 13211, 'pm25': 13210}}",2.57,5.57,21.42,7.17,8.33,7.55,776912611,43.5,MOD-00616,26.4,2026-09-10T01:24:13,2026-09-09T18:24:13,https://api.quant-aq.com/v1/devices/MOD-00616/data/776912286
263.05,560.72,"{'lat': None, 'lon': None}","{'rh': 43.7, 'temp': 26.4, 'wd': 0.0, 'ws': 0.0, 'ws_scalar': 0.0}","{'gas': {'co': 18140, 'co2': 13263, 'no': 18141, 'no2': 18142, 'o3': 18143}, 'pm': {'pm1': 13209, 'pm10': 13211, 'pm25': 13210}}",2.52,5.78,22.4,5.79,10.48,6.03,776910242,43.7,MOD-00616,26.4,2026-09-10T01:23:13,2026-09-09T18:23:13,https://api.quant-aq.com/v1/devices/MOD-00616/data/776909918
260.32,559.64,"{'lat': None, 'lon': None}","{'rh': 43.5, 'temp': 26.4, 'wd': 0.0, 'ws': 0.0, 'ws_scalar': 0.0}","{'gas': {'co': 18140, 'co2': 13263, 'no': 18141, 'no2': 18142, 'o3': 18143}, 'pm': {'pm1': 13209, 'pm10': 13211, 'pm25': 13210}}",2.6,5.71,21.17,6.16,20.48,6.41,776910237,43.5,MOD-00616,26.4,2026-09-10T01:22:13,2026-09-09T18:22:13,https://api.quant-aq.com/v1/devices/MOD-00616/data/776909912
264.69,560.0,"{'lat': None, 'lon': None}","{'rh': 43.7, 'temp': 26.4, 'wd': 0.0, 'ws': 0.0, 'ws_scalar': 0.0}","{'gas': {'co': 18140, 'co2': 13263, 'no': 18141, 'no2': 18142, 'o3': 18143}, 'pm': {'pm1': 13209, 'pm10': 13211, 'pm25': 13210}}",2.52,5.49,24.72,5.63,10.63,5.98,776910240,43.7,MOD-00616,26.4,2026-09-10T01:21:13,2026-09-09T18:21:13,https://api.quant-aq.com/v1/devices/MOD-00616/data/776909915
259.27,560.0,"{'lat': None, 'lon': None}","{'rh': 43.4, 'temp': 26.5, 'wd': 0.0, 'ws': 0.0, 'ws_scalar': 0.0}","{'gas': {'co': 18140, 'co2': 13263, 'no': 18141, 'no2': 18142, 'o3': 18143}, 'pm': {'pm1': 13209, 'pm10': 13211, 'pm25': 13210}}",2.58,5.48,24.86,4.9,6.43,5.26,776910244,43.4,MOD-00616,26.5,2026-09-10T01:20:13,2026-09-09T18:20:13,https://api.quant-aq.com/v1/devices/MOD-00616/data/776909919
264.81,553.5,"{'lat': None, 'lon': None}","{'rh': 43.1, 'temp': 26.5, 'wd': 0.0, 'ws': 0.0, 'ws_scalar': 0.0}","{'gas': {'co': 18140, 'co2': 13263, 'no': 18141, 'no2': 18142, 'o3': 18143}, 'pm': {'pm1': 13209, 'pm10': 13211, 'pm25': 13210}}",2.61,5.69,20.4,4.95,5.66,5.2,776907900,43.1,MOD-00616,26.5,2026-09-10T01:19:13,2026-09-09T18:19:13,https://api.quant-aq.com/v1/devices/MOD-00616/data/776907577
256.95,558.68,"{'lat': None, 'lon': None}","{'rh': 43.2, 'temp': 26.5, 'wd': 0.0, 'ws': 0.0, 'ws_scalar': 0.0}","{'gas': {'co': 18140, 'co2': 13263, 'no': 18141, 'no2': 18142, 'o3': 18143}, 'pm': {'pm1': 13209, 'pm10': 13211, 'pm25': 13210}}",2.54,5.5,22.59,5.12,8.22,5.43,776907901,43.2,MOD-00616,26.5,2026-09-10T01:18:13,2026-09-09T18:18:13,https://api.quant-aq.com/v1/devices/MOD-00616/data/776907575
255.42,561.81,"{'lat': None, 'lon': None}","{'rh': 43.2, 'temp': 26.6, 'wd': 0.0, 'ws': 0.0, 'ws_scalar': 0.0}","{'gas': {'co': 18140, 'co2': 13263, 'no': 18141, 'no2': 18142, 'o3': 18143}, 'pm': {'pm1': 13209, 'pm10': 13211, 'pm25': 13210}}",2.57,5.51,23.03,4.45,8.93,4.68,776907898,43.2,MOD-00616,26.6,2026-09-10T01:17:13,2026-09-09T18:17:13,https://api.quant-aq.com/v1/devices/MOD-00616/data/776907573
252.41,560.0,"{'lat': None, 'lon': None}","{'rh': 43.4, 'temp': 26.6, 'wd': 0.0, 'ws': 0.0, 'ws_scalar': 0.0}","{'gas': {'co': 18140, 'co2': 13263, 'no': 18141, 'no2': 18142, 'o3': 18143}, 'pm': {'pm1': 13209, 'pm10': 13211, 'pm25': 13210}}",2.58,5.44,25.42,4.65,10.05,4.9,776907899,43.4,MOD-00616,26.6,2026-09-10T01:16:13,2026-09-09T18:16:13,https://api.quant-aq.com/v1/devices/MOD-00616/data/776907574
261.91,555.55,"{'lat': None, 'lon': None}","{'rh': 43.3, 'temp': 26.6, 'wd': 0.0, 'ws': 0.0, 'ws_scalar': 0.0}","{'gas': {'co': 18140, 'co2': 13263, 'no': 18141, 'no2': 18142, 'o3': 18143}, 'pm': {'pm1': 13209, 'pm10': 13211, 'pm25': 13210}}",2.61,5.67,26.31,5.73,7.0,5.98,776905620,43.3,MOD-00616,26.6,2026-09-10T01:15:13,2026-09-09T18:15:13,https://api.quant-aq.com/v1/devices/MOD-00616/data/776905295
260.28,559.16,"{'lat': None, 'lon': None}","{'rh': 42.7, 'temp': 26.6, 'wd': 0.0, 'ws': 0.0, 'ws_scalar': 0.0}","{'gas': {'co': 18140, 'co2': 13263, 'no': 18141, 'no2': 18142, 'o3': 18143}, 'pm': {'pm1': 13209, 'pm10': 13211, 'pm25': 13210}}",2.58,5.62,21.12,5.97,10.21,6.23,776905619,42.7,MOD-00616,26.6,2026-09-10T01:14:13,2026-09-09T18:14:13,https://api.quant-aq.com/v1/devices/MOD-00616/data/776905294
263.95,556.27,"{'lat': None, 'lon': None}","{'rh': 42.3, 'temp': 26.7, 'wd': 0.0, 'ws': 0.0, 'ws_scalar': 0.0}","{'gas': {'co': 18140, 'co2': 13263, 'no': 18141, 'no2': 18142, 'o3': 18143}, 'pm': {'pm1': 13209, 'pm10': 13211, 'pm25': 13210}}",2.55,5.58,20.02,4.25,20.68,4.47,776905622,42.3,MOD-00616,26.7,2026-09-10T01:13:13,2026-09-09T18:13:13,https://api.quant-aq.com/v1/devices/MOD-00616/data/776905297
264.08,555.67,"{'lat': None, 'lon': None}","{'rh': 42.7, 'temp': 26.7, 'wd': 0.0, 'ws': 0.0, 'ws_scalar': 0.0}","{'gas': {'co': 18140, 'co2': 13263, 'no': 18141, 'no2': 18142, 'o3': 18143}, 'pm': {'pm1': 13209, 'pm10': 13211, 'pm25': 13210}}",2.5,5.58,22.6,5.41,6.44,5.68,776905621,42.7,MOD-00616,26.7,2026-09-10T01:12:13,2026-09-09T18:12:13,https://api.quant-aq.com/v1/devices/MOD-00616/data/776905296
258.21,557.59,"{'lat': None, 'lon': None}","{'rh': 42.3, 'temp': 26.7, 'wd': 0.0, 'ws': 0.0, 'ws_scalar': 0.0}","{'gas': {'co': 18140, 'co2': 13263, 'no': 18141, 'no2': 18142, 'o3': 18143}, 'pm': {'pm1': 13209, 'pm10': 13211, 'pm25': 13210}}",2.6,5.58,21.84,4.22,7.25,4.5,776903266,42.3,MOD-00616,26.7,2026-09-10T01:11:12,2026-09-09T18:11:12,https://api.quant-aq.com/v1/devices/MOD-00616/data/776902940
258.05,556.87,"{'lat': None, 'lon': None}","{'rh': 42.1, 'temp': 26.8, 'wd': 0.0, 'ws': 0.0, 'ws_scalar': 0.0}","{'gas': {'co': 18140, 'co2': 13263, 'no': 18141, 'no2': 18142, 'o3': 18143}, 'pm': {'pm1': 13209, 'pm10': 13211, 'pm25': 13210}}",2.52,5.5,18.57,4.34,6.05,4.63,776903265,42.1,MOD-00616,26.8,2026-09-10T01:10:12,2026-09-09T18:10:12,https://api.quant-aq.com/v1/devices/MOD-00616/data/776902941
264.12,556.63,"{'lat': None, 'lon': None}","{'rh': 42.8, 'temp': 26.8, 'wd': 0.0, 'ws': 0.0, 'ws_scalar': 0.0}","{'gas': {'co': 18140, 'co2': 13263, 'no': 18141, 'no2': 18142, 'o3': 18143}, 'pm': {'pm1': 13209, 'pm10': 13211, 'pm25': 13210}}",2.53,5.45,23.87,5.8,8.84,6.04,776903264,42.8,MOD-00616,26.8,2026-09-10T01:09:12,2026-09-09T18:09:12,https://api.quant-aq.com/v1/devices/MOD-00616/data/776902939
257.63,557.35,"{'lat': None, 'lon': None}","{'rh': 42.7, 'temp': 26.8, 'wd': 0.0, 'ws': 0.0, 'ws_scalar': 0.0}","{'gas': {'co': 18140, 'co2': 13263, 'no': 18141, 'no2': 18142, 'o3': 18143}, 'pm': {'pm1': 13209, 'pm10': 13211, 'pm25': 13210}}",2.62,5.69,25.08,4.41,7.99,4.64,776903263,42.7,MOD-00616,26.8,2026-09-10T01:08:12,2026-09-09T18:08:12,https://api.quant-aq.com/v1/devices/MOD-00616/data/776902938
251.26,566.26,"{'lat': None, 'lon': None}","{'rh': 42.0, 'temp': 26.9, 'wd': 0.0, 'ws': 0.0, 'ws_scalar': 0.0}","{'gas': {'co': 18140, 'co2': 13263, 'no': 18141, 'no2': 18142, 'o3': 18143}, 'pm': {'pm1': 13209, 'pm10': 13211, 'pm25': 13210}}",2.59,5.73,21.6,3.42,20.21,3.76,776900941,42.0,MOD-00616,26.9,2026-09-10T01:07:12,2026-09-09T18:07:12,https://api.quant-aq.com/v1/devices/MOD-00616/data/776900614
257.48,558.44,"{'lat': None, 'lon': None}","{'rh': 41.9, 'temp': 26.9, 'wd': 0.0, 'ws': 0.0, 'ws_scalar': 0.0}","{'gas': {'co': 18140, 'co2': 13263, 'no': 18141, 'no2': 18142, 'o3': 18143}, 'pm': {'pm1': 13209, 'pm10': 13211, 'pm25': 13210}}",2.54,5.53,19.94,3.84,5.36,4.2,776900942,41.9,MOD-00616,26.9,2026-09-10T01:06:12,2026-09-09T18:06:12,https://api.quant-aq.com/v1/devices/MOD-00616/data/776900616
260.62,559.52,"{'lat': None, 'lon': None}","{'rh': 42.1, 'temp': 26.9, 'wd': 0.0, 'ws': 0.0, 'ws_scalar': 0.0}","{'gas': {'co': 18140, 'co2': 13263, 'no': 18141, 'no2': 18142, 'o3': 18143}, 'pm': {'pm1': 13209, 'pm10': 13211, 'pm25': 13210}}",2.47,5.46,20.17,6.19,19.58,6.5,776900939,42.1,MOD-00616,26.9,2026-09-10T01:05:12,2026-09-09T18:05:12,https://api.quant-aq.com/v1/devices/MOD-00616/data/776900615
253.44,558.44,"{'lat': None, 'lon': None}","{'rh': 42.4, 'temp': 26.9, 'wd': 0.0, 'ws': 0.0, 'ws_scalar': 0.0}","{'gas': {'co': 18140, 'co2': 13263, 'no': 18141, 'no2': 18142, 'o3': 18143}, 'pm': {'pm1': 13209, 'pm10': 13211, 'pm25': 13210}}",2.58,5.63,24.43,6.09,11.9,6.22,776900940,42.4,MOD-00616,26.9,2026-09-10T01:04:12,2026-09-09T18:04:12,https://api.quant-aq.com/v1/devices/MOD-00616/data/776900617
250.41,555.55,"{'lat': None, 'lon': None}","{'rh': 42.2, 'temp': 27.0, 'wd': 0.0, 'ws': 0.0, 'ws_scalar': 0.0}","{'gas': {'co': 18140, 'co2': 13263, 'no': 18141, 'no2': 18142, 'o3': 18143}, 'pm': {'pm1': 13209, 'pm10': 13211, 'pm25': 13210}}",2.6,5.58,22.39,4.5,8.61,4.83,776898504,42.2,MOD-00616,27.0,2026-09-10T01:03:12,2026-09-09T18:03:12,https://api.quant-aq.com/v1/devices/MOD-00616/data/776898179
253.56,557.71,"{'lat': None, 'lon': None}","{'rh': 41.8, 'temp': 27.0, 'wd': 0.0, 'ws': 0.0, 'ws_scalar': 0.0}","{'gas': {'co': 18140, 'co2': 13263, 'no': 18141, 'no2': 18142, 'o3': 18143}, 'pm': {'pm1': 13209, 'pm10': 13211, 'pm25': 13210}}",2.51,5.55,19.02,4.83,6.57,5.06,776898503,41.8,MOD-00616,27.0,2026-09-10T01:02:12,2026-09-09T18:02:12,https://api.quant-aq.com/v1/devices/MOD-00616/data/776898178
254.37,552.17,"{'lat': None, 'lon': None}","{'rh': 42.4, 'temp': 27.0, 'wd': 0.0, 'ws': 0.0, 'ws_scalar': 0.0}","{'gas': {'co': 18140, 'co2': 13263, 'no': 18141, 'no2': 18142, 'o3': 18143}, 'pm': {'pm1': 13209, 'pm10': 13211, 'pm25': 13210}}",2.51,5.69,23.83,4.21,8.82,4.48,776898501,42.4,MOD-00616,27.0,2026-09-10T01:01:12,2026-09-09T18:01:12,https://api.quant-aq.com/v1/devices/MOD-00616/data/776898176
252.5,555.3,"{'lat': None, 'lon': None}","{'rh': 42.3, 'temp': 27.1, 'wd': 0.0, 'ws': 0.0, 'ws_scalar': 0.0}","{'gas': {'co': 18140, 'co2': 13263, 'no': 18141, 'no2': 18142, 'o3': 18143}, 'pm': {'pm1': 13209, 'pm10': 13211, 'pm25': 13210}}",2.56,5.76,23.71,4.8,10.39,5.13,776898502,42.3,MOD-00616,27.1,2026-09-10T01:00:11,2026-09-09T18:00:11,https://api.quant-aq.com/v1/devices/MOD-00616/data/776898177
251.69,555.3,"{'lat': None, 'lon': None}","{'rh': 41.7, 'temp': 27.1, 'wd': 0.0, 'ws': 0.0, 'ws_scalar': 0.0}","{'gas': {'co': 18140, 'co2': 13263, 'no': 18141, 'no2': 18142, 'o3': 18143}, 'pm': {'pm1': 13209, 'pm10': 13211, 'pm25': 13210}}",2.54,5.64,22.42,4.06,5.93,4.22,776896111,41.7,MOD-00616,27.1,2026-09-10T00:59:11,2026-09-09T17:59:11,https://api.quant-aq.com/v1/devices/MOD-00616/data/776895786
253.33,555.55,"{'lat': None, 'lon': None}","{'rh': 41.7, 'temp': 27.1, 'wd': 0.0, 'ws': 0.0, 'ws_scalar': 0.0}","{'gas': {'co': 18140, 'co2': 13263, 'no': 18141, 'no2': 18142, 'o3': 18143}, 'pm': {'pm1': 13209, 'pm10': 13211, 'pm25': 13210}}",2.58,5.57,21.75,4.07,20.14,4.28,776896113,41.7,MOD-00616,27.1,2026-09-10T00:58:11,2026-09-09T17:58:11,https://api.quant-aq.com/v1/devices/MOD-00616/data/776895788
260.04,554.22,"{'lat': None, 'lon': None}","{'rh': 41.5, 'temp': 27.1, 'wd': 0.0, 'ws': 0.0, 'ws_scalar': 0.0}","{'gas': {'co': 18140, 'co2': 13263, 'no': 18141, 'no2': 18142, 'o3': 18143}, 'pm': {'pm1': 13209, 'pm10': 13211, 'pm25': 13210}}",2.54,5.66,19.24,5.95,7.09,6.36,776896112,41.5,MOD-00616,27.1,2026-09-10T00:57:11,2026-09-09T17:57:11,https://api.quant-aq.com/v1/devices/MOD-00616/data/776895789
260.11,558.56,"{'lat': None, 'lon': None}","{'rh': 41.4, 'temp': 27.1, 'wd': 0.0, 'ws': 0.0, 'ws_scalar': 0.0}","{'gas': {'co': 18140, 'co2': 13263, 'no': 18141, 'no2': 18142, 'o3': 18143}, 'pm': {'pm1': 13209, 'pm10': 13211, 'pm25': 13210}}",2.53,5.57,18.71,5.89,10.88,6.2,776896114,41.4,MOD-00616,27.1,2026-09-10T00:56:11,2026-09-09T17:56:11,https://api.quant-aq.com/v1/devices/MOD-00616/data/776895787
264.45,555.42,"{'lat': None, 'lon': None}","{'rh': 41.8, 'temp': 27.2, 'wd': 0.0, 'ws': 0.0, 'ws_scalar': 0.0}","{'gas': {'co': 18140, 'co2': 13263, 'no': 18141, 'no2': 18142, 'o3': 18143}, 'pm': {'pm1': 13209, 'pm10': 13211, 'pm25': 13210}}",2.44,5.67,21.82,4.93,10.21,5.14,776893824,41.8,MOD-00616,27.2,2026-09-10T00:55:11,2026-09-09T17:55:11,https://api.quant-aq.com/v1/devices/MOD-00616/data/776893499
255.09,556.03,"{'lat': None, 'lon': None}","{'rh': 41.7, 'temp': 27.2, 'wd': 0.0, 'ws': 0.0, 'ws_scalar': 0.0}","{'gas': {'co': 18140, 'co2': 13263, 'no': 18141, 'no2': 18142, 'o3': 18143}, 'pm': {'pm1': 13209, 'pm10': 13211, 'pm25': 13210}}",2.54,5.61,23.44,4.76,10.36,4.94,776893822,41.7,MOD-00616,27.2,2026-09-10T00:54:11,2026-09-09T17:54:11,https://api.quant-aq.com/v1/devices/MOD-00616/data/776893497
267.74,556.63,"{'lat': None, 'lon': None}","{'rh': 41.2, 'temp': 27.2, 'wd': 0.0, 'ws': 0.0, 'ws_scalar': 0.0}","{'gas': {'co': 18140, 'co2': 13263, 'no': 18141, 'no2': 18142, 'o3': 18143}, 'pm': {'pm1': 13209, 'pm10': 13211, 'pm25': 13210}}",2.48,5.73,18.67,5.34,8.35,5.49,776893820,41.2,MOD-00616,27.2,2026-09-10T00:53:11,2026-09-09T17:53:11,https://api.quant-aq.com/v1/devices/MOD-00616/data/776893495
285.76,558.68,"{'lat': None, 'lon': None}","{'rh': 41.4, 'temp': 27.3, 'wd': 0.0, 'ws': 0.0, 'ws_scalar': 0.0}","{'gas': {'co': 18140, 'co2': 13263, 'no': 18141, 'no2': 18142, 'o3': 18143}, 'pm': {'pm1': 13209, 'pm10': 13211, 'pm25': 13210}}",2.47,5.68,20.14,5.6,7.1,5.87,776893819,41.4,MOD-00616,27.3,2026-09-10T00:52:11,2026-09-09T17:52:11,https://api.quant-aq.com/v1/devices/MOD-00616/data/776893494
290.0,556.39,"{'lat': None, 'lon': None}","{'rh': 41.2, 'temp': 27.3, 'wd': 0.0, 'ws': 0.0, 'ws_scalar': 0.0}","{'gas': {'co': 18140, 'co2': 13263, 'no': 18141, 'no2': 18142, 'o3': 18143}, 'pm': {'pm1': 13209, 'pm10': 13211, 'pm25': 13210}}",2.41,5.79,19.45,5.55,8.35,5.84,776891446,41.2,MOD-00616,27.3,2026-09-10T00:51:11,2026-09-09T17:51:11,https://api.quant-aq.com/v1/devices/MOD-00616/data/776891121
265.85,556.51,"{'lat': None, 'lon': None}","{'rh': 40.7, 'temp': 27.4, 'wd': 0.0, 'ws': 0.0, 'ws_scalar': 0.0}","{'gas': {'co': 18140, 'co2': 13263, 'no': 18141, 'no2': 18142, 'o3': 18143}, 'pm': {'pm1': 13209, 'pm10': 13211, 'pm25': 13210}}",2.34,5.7,17.11,6.05,9.64,6.31,776891444,40.7,MOD-00616,27.4,2026-09-10T00:50:11,2026-09-09T17:50:11,https://api.quant-aq.com/v1/devices/MOD-00616/data/776891119
256.49,551.81,"{'lat': None, 'lon': None}","{'rh': 40.6, 'temp': 27.4, 'wd': 0.0, 'ws': 0.0, 'ws_scalar': 0.0}","{'gas': {'co': 18140, 'co2': 13263, 'no': 18141, 'no2': 18142, 'o3': 18143}, 'pm': {'pm1': 13209, 'pm10': 13211, 'pm25': 13210}}",2.47,5.57,16.49,5.72,9.62,6.12,776891443,40.6,MOD-00616,27.4,2026-09-10T00:49:10,2026-09-09T17:49:10,https://api.quant-aq.com/v1/devices/MOD-00616/data/776891118
268.03,557.59,"{'lat': None, 'lon': None}","{'rh': 41.1, 'temp': 27.4, 'wd': 0.0, 'ws': 0.0, 'ws_scalar': 0.0}","{'gas': {'co': 18140, 'co2': 13263, 'no': 18141, 'no2': 18142, 'o3': 18143}, 'pm': {'pm1': 13209, 'pm10': 13211, 'pm25': 13210}}",2.48,5.67,20.73,5.86,11.41,6.15,776891445,41.1,MOD-00616,27.4,2026-09-10T00:48:10,2026-09-09T17:48:10,https://api.quant-aq.com/v1/devices/MOD-00616/data/776891120
282.37,554.1,"{'lat': None, 'lon': None}","{'rh': 40.7, 'temp': 27.5, 'wd': 0.0, 'ws': 0.0, 'ws_scalar': 0.0}","{'gas': {'co': 18140, 'co2': 13263, 'no': 18141, 'no2': 18142, 'o3': 18143}, 'pm': {'pm1': 13209, 'pm10': 13211, 'pm25': 13210}}",2.28,5.58,18.17,5.1,6.6,5.3,776889092,40.7,MOD-00616,27.5,2026-09-10T00:47:10,2026-09-09T17:47:10,https://api.quant-aq.com/v1/devices/MOD-00616/data/776888769
251.75,556.99,"{'lat': None, 'lon': None}","{'rh': 40.5, 'temp': 27.5, 'wd': 0.0, 'ws': 0.0, 'ws_scalar': 0.0}","{'gas': {'co': 18140, 'co2': 13263, 'no': 18141, 'no2': 18142, 'o3': 18143}, 'pm': {'pm1': 13209, 'pm10': 13211, 'pm25': 13210}}",2.49,5.57,18.89,4.88,5.99,5.26,776889093,40.5,MOD-00616,27.5,2026-09-10T00:46:10,2026-09-09T17:46:10,https://api.quant-aq.com/v1/devices/MOD-00616/data/776888770
250.63,556.03,"{'lat': None, 'lon': None}","{'rh': 40.5, 'temp': 27.6, 'wd': 0.0, 'ws': 0.0, 'ws_scalar': 0.0}","{'gas': {'co': 18140, 'co2': 13263, 'no': 18141, 'no2': 18142, 'o3': 18143}, 'pm': {'pm1': 13209, 'pm10': 13211, 'pm25': 13210}}",2.5,5.61,18.5,5.25,22.91,5.58,776889094,40.5,MOD-00616,27.6,2026-09-10T00:45:10,2026-09-09T17:45:10,https://api.quant-aq.com/v1/devices/MOD-00616/data/776888766
255.82,557.83,"{'lat': None, 'lon': None}","{'rh': 40.7, 'temp': 27.6, 'wd': 0.0, 'ws': 0.0, 'ws_scalar': 0.0}","{'gas': {'co': 18140, 'co2': 13263, 'no': 18141, 'no2': 18142, 'o3': 18143}, 'pm': {'pm1': 13209, 'pm10': 13211, 'pm25': 13210}}",2.57,5.6,18.95,5.07,15.05,5.48,776889091,40.7,MOD-00616,27.6,2026-09-10T00:44:10,2026-09-09T17:44:10,https://api.quant-aq.com/v1/devices/MOD-00616/data/776888767
268.0,553.86,"{'lat': None, 'lon': None}","{'rh': 40.3, 'temp': 27.6, 'wd': 0.0, 'ws': 0.0, 'ws_scalar': 0.0}","{'gas': {'co': 18140, 'co2': 13263, 'no': 18141, 'no2': 18142, 'o3': 18143}, 'pm': {'pm1': 13209, 'pm10': 13211, 'pm25': 13210}}",2.49,5.58,15.7,6.46,9.01,6.75,776886684,40.3,MOD-00616,27.6,2026-09-10T00:43:10,2026-09-09T17:43:10,https://api.quant-aq.com/v1/devices/MOD-00616/data/776886359
276.79,551.21,"{'lat': None, 'lon': None}","{'rh': 40.2, 'temp': 27.7, 'wd': 0.0, 'ws': 0.0, 'ws_scalar': 0.0}","{'gas': {'co': 18140, 'co2': 13263, 'no': 18141, 'no2': 18142, 'o3': 18143}, 'pm': {'pm1': 13209, 'pm10': 13211, 'pm25': 13210}}",2.43,5.62,12.66,5.81,10.85,6.07,776886681,40.2,MOD-00616,27.7,2026-09-10T00:42:10,2026-09-09T17:42:10,https://api.quant-aq.com/v1/devices/MOD-00616/data/776886357
292.01,556.39,"{'lat': None, 'lon': None}","{'rh': 41.3, 'temp': 27.7, 'wd': 0.0, 'ws': 0.0, 'ws_scalar': 0.0}","{'gas': {'co': 18140, 'co2': 13263, 'no': 18141, 'no2': 18142, 'o3': 18143}, 'pm': {'pm1': 13209, 'pm10': 13211, 'pm25': 13210}}",2.31,5.58,19.68,6.2,8.53,6.43,776886683,41.3,MOD-00616,27.7,2026-09-10T00:41:10,2026-09-09T17:41:10,https://api.quant-aq.com/v1/devices/MOD-00616/data/776886358
266.97,554.34,"{'lat': None, 'lon': None}","{'rh': 40.9, 'temp': 27.8, 'wd': 0.0, 'ws': 0.0, 'ws_scalar': 0.0}","{'gas': {'co': 18140, 'co2': 13263, 'no': 18141, 'no2': 18142, 'o3': 18143}, 'pm': {'pm1': 13209, 'pm10': 13211, 'pm25': 13210}}",2.55,5.78,16.8,7.13,11.7,7.36,776886682,40.9,MOD-00616,27.8,2026-09-10T00:40:10,2026-09-09T17:40:10,https://api.quant-aq.com/v1/devices/MOD-00616/data/776886356
275.67,553.26,"{'lat': None, 'lon': None}","{'rh': 40.2, 'temp': 27.8, 'wd': 0.0, 'ws': 0.0, 'ws_scalar': 0.0}","{'gas': {'co': 18140, 'co2': 13263, 'no': 18141, 'no2': 18142, 'o3': 18143}, 'pm': {'pm1': 13209, 'pm10': 13211, 'pm25': 13210}}",2.46,5.59,11.24,7.6,9.95,7.96,776884367,40.2,MOD-00616,27.8,2026-09-10T00:39:10,2026-09-09T17:39:10,https://api.quant-aq.com/v1/devices/MOD-00616/data/776884042
297.66,553.74,"{'lat': None, 'lon': None}","{'rh': 41.0, 'temp': 27.8, 'wd': 0.0, 'ws': 0.0, 'ws_scalar': 0.0}","{'gas': {'co': 18140, 'co2': 13263, 'no': 18141, 'no2': 18142, 'o3': 18143}, 'pm': {'pm1': 13209, 'pm10': 13211, 'pm25': 13210}}",2.35,5.55,14.71,10.32,20.46,10.83,776884364,41.0,MOD-00616,27.8,2026-09-10T00:38:10,2026-09-09T17:38:10,https://api.quant-aq.com/v1/devices/MOD-00616/data/776884039
302.27,555.79,"{'lat': None, 'lon': None}","{'rh': 41.6, 'temp': 27.9, 'wd': 0.0, 'ws': 0.0, 'ws_scalar': 0.0}","{'gas': {'co': 18140, 'co2': 13263, 'no': 18141, 'no2': 18142, 'o3': 18143}, 'pm': {'pm1': 13209, 'pm10': 13211, 'pm25': 13210}}",2.42,5.65,16.98,10.29,37.6,10.81,776884366,41.6,MOD-00616,27.9,2026-09-10T00:37:10,2026-09-09T17:37:10,https://api.quant-aq.com/v1/devices/MOD-00616/data/776884040
294.82,555.79,"{'lat': None, 'lon': None}","{'rh': 41.7, 'temp': 27.9, 'wd': 0.0, 'ws': 0.0, 'ws_scalar': 0.0}","{'gas': {'co': 18140, 'co2': 13263, 'no': 18141, 'no2': 18142, 'o3': 18143}, 'pm': {'pm1': 13209, 'pm10': 13211, 'pm25': 13210}}",2.43,5.77,15.69,9.23,16.51,9.61,776884365,41.7,MOD-00616,27.9,2026-09-10T00:36:09,2026-09-09T17:36:09,https://api.quant-aq.com/v1/devices/MOD-00616/data/776884041
303.7,559.52,"{'lat': None, 'lon': None}","{'rh': 41.9, 'temp': 27.9, 'wd': 0.0, 'ws': 0.0, 'ws_scalar': 0.0}","{'gas': {'co': 18140, 'co2': 13263, 'no': 18141, 'no2': 18142, 'o3': 18143}, 'pm': {'pm1': 13209, 'pm10': 13211, 'pm25': 13210}}",2.34,5.7,11.69,9.33,19.25,9.93,776881755,41.9,MOD-00616,27.9,2026-09-10T00:35:09,2026-09-09T17:35:09,https://api.quant-aq.com/v1/devices/MOD-00616/data/776881430
291.99,557.23,"{'lat': None, 'lon': None}","{'rh': 42.8, 'temp': 27.9, 'wd': 0.0, 'ws': 0.0, 'ws_scalar': 0.0}","{'gas': {'co': 18140, 'co2': 13263, 'no': 18141, 'no2': 18142, 'o3': 18143}, 'pm': {'pm1': 13209, 'pm10': 13211, 'pm25': 13210}}",2.25,5.82,17.52,9.56,14.12,10.14,776881754,42.8,MOD-00616,27.9,2026-09-10T00:34:09,2026-09-09T17:34:09,https://api.quant-aq.com/v1/devices/MOD-00616/data/776881429
283.24,553.02,"{'lat': None, 'lon': None}","{'rh': 43.0, 'temp': 27.9, 'wd': 0.0, 'ws': 0.0, 'ws_scalar': 0.0}","{'gas': {'co': 18140, 'co2': 13263, 'no': 18141, 'no2': 18142, 'o3': 18143}, 'pm': {'pm1': 13209, 'pm10': 13211, 'pm25': 13210}}",4.28,7.16,16.48,10.04,22.9,10.27,776881753,43.0,MOD-00616,27.9,2026-09-10T00:33:09,2026-09-09T17:33:09,https://api.quant-aq.com/v1/devices/MOD-00616/data/776881428
276.2,552.77,"{'lat': None, 'lon': None}","{'rh': 43.1, 'temp': 27.9, 'wd': 0.0, 'ws': 0.0, 'ws_scalar': 0.0}","{'gas': {'co': 18140, 'co2': 13263, 'no': 18141, 'no2': 18142, 'o3': 18143}, 'pm': {'pm1': 13209, 'pm10': 13211, 'pm25': 13210}}",2.46,6.0,25.34,9.8,23.63,10.28,776881752,43.1,MOD-00616,27.9,2026-09-10T00:32:09,2026-09-09T17:32:09,https://api.quant-aq.com/v1/devices/MOD-00616/data/776881427
277.55,554.94,"{'lat': None, 'lon': None}","{'rh': 42.5, 'temp': 28.0, 'wd': 0.0, 'ws': 0.0, 'ws_scalar': 0.0}","{'gas': {'co': 18140, 'co2': 13263, 'no': 18141, 'no2': 18142, 'o3': 18143}, 'pm': {'pm1': 13209, 'pm10': 13211, 'pm25': 13210}}",2.4,6.0,20.48,10.21,22.28,10.41,776879269,42.5,MOD-00616,28.0,2026-09-10T00:31:09,2026-09-09T17:31:09,https://api.quant-aq.com/v1/devices/MOD-00616/data/776878944
277.76,554.1,"{'lat': None, 'lon': None}","{'rh': 42.2, 'temp': 28.0, 'wd': 0.0, 'ws': 0.0, 'ws_scalar': 0.0}","{'gas': {'co': 18140, 'co2': 13263, 'no': 18141, 'no2': 18142, 'o3': 18143}, 'pm': {'pm1': 13209, 'pm10': 13211, 'pm25': 13210}}",2.4,5.53,19.57,10.18,19.5,10.56,776879272,42.2,MOD-00616,28.0,2026-09-10T00:30:09,2026-09-09T17:30:09,https://api.quant-aq.com/v1/devices/MOD-00616/data/776878947
273.17,550.49,"{'lat': None, 'lon': None}","{'rh': 42.9, 'temp': 28.0, 'wd': 0.0, 'ws': 0.0, 'ws_scalar': 0.0}","{'gas': {'co': 18140, 'co2': 13263, 'no': 18141, 'no2': 18142, 'o3': 18143}, 'pm': {'pm1': 13209, 'pm10': 13211, 'pm25': 13210}}",2.4,5.57,26.78,9.44,22.7,9.94,776879270,42.9,MOD-00616,28.0,2026-09-10T00:29:09,2026-09-09T17:29:09,https://api.quant-aq.com/v1/devices/MOD-00616/data/776878945
272.83,551.93,"{'lat': None, 'lon': None}","{'rh': 42.8, 'temp': 28.0, 'wd': 0.0, 'ws': 0.0, 'ws_scalar': 0.0}","{'gas': {'co': 18140, 'co2': 13263, 'no': 18141, 'no2': 18142, 'o3': 18143}, 'pm': {'pm1': 13209, 'pm10': 13211, 'pm25': 13210}}",2.53,5.96,28.67,10.91,24.67,11.22,776879271,42.8,MOD-00616,28.0,2026-09-10T00:28:09,2026-09-09T17:28:09,https://api.quant-aq.com/v1/devices/MOD-00616/data/776878946
279.61,552.05,"{'lat': None, 'lon': None}","{'rh': 41.9, 'temp': 28.0, 'wd': 0.0, 'ws': 0.0, 'ws_scalar': 0.0}","{'gas': {'co': 18140, 'co2': 13263, 'no': 18141, 'no2': 18142, 'o3': 18143}, 'pm': {'pm1': 13209, 'pm10': 13211, 'pm25': 13210}}",2.45,5.57,23.58,9.6,17.16,9.97,776876894,41.9,MOD-00616,28.0,2026-09-10T00:27:09,2026-09-09T17:27:09,https://api.quant-aq.com/v1/devices/MOD-00616/data/776876570
281.63,556.63,"{'lat': None, 'lon': None}","{'rh': 42.1, 'temp': 28.1, 'wd': 0.0, 'ws': 0.0, 'ws_scalar': 0.0}","{'gas': {'co': 18140, 'co2': 13263, 'no': 18141, 'no2': 18142, 'o3': 18143}, 'pm': {'pm1': 13209, 'pm10': 13211, 'pm25': 13210}}",2.47,5.91,25.76,10.04,15.7,10.52,776876898,42.1,MOD-00616,28.1,2026-09-10T00:26:09,2026-09-09T17:26:09,https://api.quant-aq.com/v1/devices/MOD-00616/data/776876573
284.8,556.39,"{'lat': None, 'lon': None}","{'rh': 41.1, 'temp': 28.1, 'wd': 0.0, 'ws': 0.0, 'ws_scalar': 0.0}","{'gas': {'co': 18140, 'co2': 13263, 'no': 18141, 'no2': 18142, 'o3': 18143}, 'pm': {'pm1': 13209, 'pm10': 13211, 'pm25': 13210}}",2.25,5.73,15.96,10.96,18.19,11.44,776876891,41.1,MOD-00616,28.1,2026-09-10T00:25:09,2026-09-09T17:25:09,https://api.quant-aq.com/v1/devices/MOD-00616/data/776876567
311.58,555.79,"{'lat': None, 'lon': None}","{'rh': 41.5, 'temp': 28.1, 'wd': 0.0, 'ws': 0.0, 'ws_scalar': 0.0}","{'gas': {'co': 18140, 'co2': 13263, 'no': 18141, 'no2': 18142, 'o3': 18143}, 'pm': {'pm1': 13209, 'pm10': 13211, 'pm25': 13210}}",2.5,5.74,17.17,10.25,14.05,10.88,776876892,41.5,MOD-00616,28.1,2026-09-10T00:24:08,2026-09-09T17:24:08,https://api.quant-aq.com/v1/devices/MOD-00616/data/776876568
336.6,559.28,"{'lat': None, 'lon': None}","{'rh': 41.5, 'temp': 28.1, 'wd': 0.0, 'ws': 0.0, 'ws_scalar': 0.0}","{'gas': {'co': 18140, 'co2': 13263, 'no': 18141, 'no2': 18142, 'o3': 18143}, 'pm': {'pm1': 13209, 'pm10': 13211, 'pm25': 13210}}",2.35,5.58,16.88,10.79,20.8,11.31,776874485,41.5,MOD-00616,28.1,2026-09-10T00:23:08,2026-09-09T17:23:08,https://api.quant-aq.com/v1/devices/MOD-00616/data/776874160
321.35,556.51,"{'lat': None, 'lon': None}","{'rh': 42.2, 'temp': 28.1, 'wd': 0.0, 'ws': 0.0, 'ws_scalar': 0.0}","{'gas': {'co': 18140, 'co2': 13263, 'no': 18141, 'no2': 18142, 'o3': 18143}, 'pm': {'pm1': 13209, 'pm10': 13211, 'pm25': 13210}}",2.41,5.83,22.23,9.99,24.99,10.33,776874484,42.2,MOD-00616,28.1,2026-09-10T00:22:08,2026-09-09T17:22:08,https://api.quant-aq.com/v1/devices/MOD-00616/data/776874159
283.13,551.93,"{'lat': None, 'lon': None}","{'rh': 42.3, 'temp': 28.1, 'wd': 0.0, 'ws': 0.0, 'ws_scalar': 0.0}","{'gas': {'co': 18140, 'co2': 13263, 'no': 18141, 'no2': 18142, 'o3': 18143}, 'pm': {'pm1': 13209, 'pm10': 13211, 'pm25': 13210}}",2.57,6.03,25.5,10.48,20.52,10.82,776874482,42.3,MOD-00616,28.1,2026-09-10T00:21:08,2026-09-09T17:21:08,https://api.quant-aq.com/v1/devices/MOD-00616/data/776874157
279.4,553.98,"{'lat': None, 'lon': None}","{'rh': 41.2, 'temp': 28.1, 'wd': 0.0, 'ws': 0.0, 'ws_scalar': 0.0}","{'gas': {'co': 18140, 'co2': 13263, 'no': 18141, 'no2': 18142, 'o3': 18143}, 'pm': {'pm1': 13209, 'pm10': 13211, 'pm25': 13210}}",2.39,5.58,19.3,9.66,11.83,10.04,776874479,41.2,MOD-00616,28.1,2026-09-10T00:20:08,2026-09-09T17:20:08,https://api.quant-aq.com/v1/devices/MOD-00616/data/776874154
284.93,555.79,"{'lat': None, 'lon': None}","{'rh': 41.5, 'temp': 28.1, 'wd': 0.0, 'ws': 0.0, 'ws_scalar': 0.0}","{'gas': {'co': 18140, 'co2': 13263, 'no': 18141, 'no2': 18142, 'o3': 18143}, 'pm': {'pm1': 13209, 'pm10': 13211, 'pm25': 13210}}",2.5,5.74,22.65,9.9,18.91,10.36,776872148,41.5,MOD-00616,28.1,2026-09-10T00:19:08,2026-09-09T17:19:08,https://api.quant-aq.com/v1/devices/MOD-00616/data/776871823
300.72,552.9,"{'lat': None, 'lon': None}","{'rh': 41.2, 'temp': 28.1, 'wd': 0.0, 'ws': 0.0, 'ws_scalar': 0.0}","{'gas': {'co': 18140, 'co2': 13263, 'no': 18141, 'no2': 18142, 'o3': 18143}, 'pm': {'pm1': 13209, 'pm10': 13211, 'pm25': 13210}}",2.53,5.81,22.09,10.67,15.72,11.23,776872149,41.2,MOD-00616,28.1,2026-09-10T00:18:08,2026-09-09T17:18:08,https://api.quant-aq.com/v1/devices/MOD-00616/data/776871824
358.08,550.25,"{'lat': None, 'lon': None}","{'rh': 40.7, 'temp': 28.1, 'wd': 0.0, 'ws': 0.0, 'ws_scalar': 0.0}","{'gas': {'co': 18140, 'co2': 13263, 'no': 18141, 'no2': 18142, 'o3': 18143}, 'pm': {'pm1': 13209, 'pm10': 13211, 'pm25': 13210}}",2.49,5.68,16.69,10.59,12.78,11.02,776872150,40.7,MOD-00616,28.1,2026-09-10T00:17:08,2026-09-09T17:17:08,https://api.quant-aq.com/v1/devices/MOD-00616/data/776871825
284.23,549.16,"{'lat': None, 'lon': None}","{'rh': 40.9, 'temp': 28.2, 'wd': 0.0, 'ws': 0.0, 'ws_scalar': 0.0}","{'gas': {'co': 18140, 'co2': 13263, 'no': 18141, 'no2': 18142, 'o3': 18143}, 'pm': {'pm1': 13209, 'pm10': 13211, 'pm25': 13210}}",2.19,5.56,15.37,10.24,24.67,10.72,776872147,40.9,MOD-00616,28.2,2026-09-10T00:16:08,2026-09-09T17:16:08,https://api.quant-aq.com/v1/devices/MOD-00616/data/776871822
290.22,550.0,"{'lat': None, 'lon': None}","{'rh': 42.3, 'temp': 28.2, 'wd': 0.0, 'ws': 0.0, 'ws_scalar': 0.0}","{'gas': {'co': 18140, 'co2': 13263, 'no': 18141, 'no2': 18142, 'o3': 18143}, 'pm': {'pm1': 13209, 'pm10': 13211, 'pm25': 13210}}",2.56,6.41,26.82,10.38,13.43,10.81,776869637,42.3,MOD-00616,28.2,2026-09-10T00:15:08,2026-09-09T17:15:08,https://api.quant-aq.com/v1/devices/MOD-00616/data/776869312
276.23,553.02,"{'lat': None, 'lon': None}","{'rh': 41.2, 'temp': 28.2, 'wd': 0.0, 'ws': 0.0, 'ws_scalar': 0.0}","{'gas': {'co': 18140, 'co2': 13263, 'no': 18141, 'no2': 18142, 'o3': 18143}, 'pm': {'pm1': 13209, 'pm10': 13211, 'pm25': 13210}}",2.43,5.73,20.96,10.4,20.22,10.8,776869634,41.2,MOD-00616,28.2,2026-09-10T00:14:08,2026-09-09T17:14:08,https://api.quant-aq.com/v1/devices/MOD-00616/data/776869309
267.56,550.25,"{'lat': None, 'lon': None}","{'rh': 40.7, 'temp': 28.2, 'wd': 0.0, 'ws': 0.0, 'ws_scalar': 0.0}","{'gas': {'co': 18140, 'co2': 13263, 'no': 18141, 'no2': 18142, 'o3': 18143}, 'pm': {'pm1': 13209, 'pm10': 13211, 'pm25': 13210}}",2.52,5.8,16.31,9.85,19.82,10.12,776869635,40.7,MOD-00616,28.2,2026-09-10T00:13:08,2026-09-09T17:13:08,https://api.quant-aq.com/v1/devices/MOD-00616/data/776869310
274.9,550.73,"{'lat': None, 'lon': None}","{'rh': 40.6, 'temp': 28.1, 'wd': 0.0, 'ws': 0.0, 'ws_scalar': 0.0}","{'gas': {'co': 18140, 'co2': 13263, 'no': 18141, 'no2': 18142, 'o3': 18143}, 'pm': {'pm1': 13209, 'pm10': 13211, 'pm25': 13210}}",2.42,5.61,14.79,10.03,17.87,10.36,776869636,40.6,MOD-00616,28.1,2026-09-10T00:12:07,2026-09-09T17:12:07,https://api.quant-aq.com/v1/devices/MOD-00616/data/776869311
269.62,554.34,"{'lat': None, 'lon': None}","{'rh': 41.1, 'temp': 28.1, 'wd': 0.0, 'ws': 0.0, 'ws_scalar': 0.0}","{'gas': {'co': 18140, 'co2': 13263, 'no': 18141, 'no2': 18142, 'o3': 18143}, 'pm': {'pm1': 13209, 'pm10': 13211, 'pm25': 13210}}",2.31,5.77,14.47,9.89,12.7,10.11,776867311,41.1,MOD-00616,28.1,2026-09-10T00:11:07,2026-09-09T17:11:07,https://api.quant-aq.com/v1/devices/MOD-00616/data/776866986
266.07,550.61,"{'lat': None, 'lon': None}","{'rh': 40.9, 'temp': 28.1, 'wd': 0.0, 'ws': 0.0, 'ws_scalar': 0.0}","{'gas': {'co': 18140, 'co2': 13263, 'no': 18141, 'no2': 18142, 'o3': 18143}, 'pm': {'pm1': 13209, 'pm10': 13211, 'pm25': 13210}}",2.39,5.56,12.98,9.83,13.63,10.28,776867309,40.9,MOD-00616,28.1,2026-09-10T00:10:07,2026-09-09T17:10:07,https://api.quant-aq.com/v1/devices/MOD-00616/data/776866984
265.44,552.77,"{'lat': None, 'lon': None}","{'rh': 41.8, 'temp': 28.1, 'wd': 0.0, 'ws': 0.0, 'ws_scalar': 0.0}","{'gas': {'co': 18140, 'co2': 13263, 'no': 18141, 'no2': 18142, 'o3': 18143}, 'pm': {'pm1': 13209, 'pm10': 13211, 'pm25': 13210}}",2.45,5.56,19.59,10.23,11.28,10.42,776867310,41.8,MOD-00616,28.1,2026-09-10T00:09:07,2026-09-09T17:09:07,https://api.quant-aq.com/v1/devices/MOD-00616/data/776866985
264.82,550.0,"{'lat': None, 'lon': None}","{'rh': 42.1, 'temp': 28.1, 'wd': 0.0, 'ws': 0.0, 'ws_scalar': 0.0}","{'gas': {'co': 18140, 'co2': 13263, 'no': 18141, 'no2': 18142, 'o3': 18143}, 'pm': {'pm1': 13209, 'pm10': 13211, 'pm25': 13210}}",2.37,5.51,22.55,10.16,11.72,10.48,776867308,42.1,MOD-00616,28.1,2026-09-10T00:08:07,2026-09-09T17:08:07,https://api.quant-aq.com/v1/devices/MOD-00616/data/776866983
259.11,550.12,"{'lat': None, 'lon': None}","{'rh': 42.8, 'temp': 28.2, 'wd': 0.0, 'ws': 0.0, 'ws_scalar': 0.0}","{'gas': {'co': 18140, 'co2': 13263, 'no': 18141, 'no2': 18142, 'o3': 18143}, 'pm': {'pm1': 13209, 'pm10': 13211, 'pm25': 13210}}",2.49,5.84,28.89,9.37,12.71,9.69,776864729,42.8,MOD-00616,28.2,2026-09-10T00:07:07,2026-09-09T17:07:07,https://api.quant-aq.com/v1/devices/MOD-00616/data/776864404
259.32,545.91,"{'lat': None, 'lon': None}","{'rh': 42.5, 'temp': 28.2, 'wd': 0.0, 'ws': 0.0, 'ws_scalar': 0.0}","{'gas': {'co': 18140, 'co2': 13263, 'no': 18141, 'no2': 18142, 'o3': 18143}, 'pm': {'pm1': 13209, 'pm10': 13211, 'pm25': 13210}}",2.44,5.76,31.89,10.0,13.07,10.35,776864730,42.5,MOD-00616,28.2,2026-09-10T00:06:07,2026-09-09T17:06:07,https://api.quant-aq.com/v1/devices/MOD-00616/data/776864405
256.68,550.49,"{'lat': None, 'lon': None}","{'rh': 41.0, 'temp': 28.2, 'wd': 0.0, 'ws': 0.0, 'ws_scalar': 0.0}","{'gas': {'co': 18140, 'co2': 13263, 'no': 18141, 'no2': 18142, 'o3': 18143}, 'pm': {'pm1': 13209, 'pm10': 13211, 'pm25': 13210}}",2.54,5.64,20.89,9.12,11.39,9.38,776864728,41.0,MOD-00616,28.2,2026-09-10T00:05:07,2026-09-09T17:05:07,https://api.quant-aq.com/v1/devices/MOD-00616/data/776864403
264.61,549.52,"{'lat': None, 'lon': None}","{'rh': 40.8, 'temp': 28.2, 'wd': 0.0, 'ws': 0.0, 'ws_scalar': 0.0}","{'gas': {'co': 18140, 'co2': 13263, 'no': 18141, 'no2': 18142, 'o3': 18143}, 'pm': {'pm1': 13209, 'pm10': 13211, 'pm25': 13210}}",2.47,5.6,17.5,9.15,12.18,9.5,776864726,40.8,MOD-00616,28.2,2026-09-10T00:04:07,2026-09-09T17:04:07,https://api.quant-aq.com/v1/devices/MOD-00616/data/776864401
256.75,550.85,"{'lat': None, 'lon': None}","{'rh': 40.9, 'temp': 28.2, 'wd': 0.0, 'ws': 0.0, 'ws_scalar': 0.0}","{'gas': {'co': 18140, 'co2': 13263, 'no': 18141, 'no2': 18142, 'o3': 18143}, 'pm': {'pm1': 13209, 'pm10': 13211, 'pm25': 13210}}",2.36,5.56,18.44,9.85,11.41,10.17,776862359,40.9,MOD-00616,28.2,2026-09-10T00:03:07,2026-09-09T17:03:07,https://api.quant-aq.com/v1/devices/MOD-00616/data/776862033
256.51,552.05,"{'lat': None, 'lon': None}","{'rh': 41.4, 'temp': 28.3, 'wd': 0.0, 'ws': 0.0, 'ws_scalar': 0.0}","{'gas': {'co': 18140, 'co2': 13263, 'no': 18141, 'no2': 18142, 'o3': 18143}, 'pm': {'pm1': 13209, 'pm10': 13211, 'pm25': 13210}}",2.33,5.55,24.53,8.99,12.76,9.38,776862358,41.4,MOD-00616,28.3,2026-09-10T00:02:07,2026-09-09T17:02:07,https://api.quant-aq.com/v1/devices/MOD-00616/data/776862034
257.46,550.49,"{'lat': None, 'lon': None}","{'rh': 41.8, 'temp': 28.3, 'wd': 0.0, 'ws': 0.0, 'ws_scalar': 0.0}","{'gas': {'co': 18140, 'co2': 13263, 'no': 18141, 'no2': 18142, 'o3': 18143}, 'pm': {'pm1': 13209, 'pm10': 13211, 'pm25': 13210}}",2.57,5.88,29.99,9.21,12.9,9.68,776862356,41.8,MOD-00616,28.3,2026-09-10T00:01:07,2026-09-09T17:01:07,https://api.quant-aq.com/v1/devices/MOD-00616/data/776862031
255.16,551.57,"{'lat': None, 'lon': None}","{'rh': 40.4, 'temp': 28.3, 'wd': 0.0, 'ws': 0.0, 'ws_scalar': 0.0}","{'gas': {'co': 18140, 'co2': 13263, 'no': 18141, 'no2': 18142, 'o3': 18143}, 'pm': {'pm1': 13209, 'pm10': 13211, 'pm25': 13210}}",2.4,5.59,20.5,9.48,13.24,10.21,776862353,40.4,MOD-00616,28.3,2026-09-10T00:00:07,2026-09-09T17:00:07,https://api.quant-aq.com/v1/devices/MOD-00616/data/776862028
