DATE,TE,CO,NO,NO2,O3,CO2,T,RH,PM1.0,PM2.5,PM10,AQHI,Top_AQHI_Contributor
2025-07-23T09:02:26Z,QAQ,54.10000000000002,1.5,1.599999999999909,4.900000000000091,1293.2,21,62.6,1.21,2.38,5.96,1,O3
2025-07-23T09:03:26Z,QAQ,52.69999999999993,1.8999999999999773,1.5,4.7999999999999545,1289.4,21,62.7,1.26,2.35,7.92,1,O3
2025-07-23T09:04:26Z,QAQ,52.59999999999991,1.8999999999999773,1.2999999999999543,4.899999999999864,1291.8,21,62.7,1.18,2.29,4.27,1,O3
2025-07-23T09:05:26Z,QAQ,51.5,2,1.2999999999999543,5.100000000000136,1290.4,21,62.5,1.32,2.33,4.07,1,O3
2025-07-23T09:06:26Z,QAQ,51,1.7000000000000457,1.2000000000000457,5.100000000000136,1287.7,21,62.7,1.39,2.68,4.48,1,O3
2025-07-23T09:07:26Z,QAQ,50.89999999999998,2,1.400000000000091,5,1287,21,62.8,1.35,2.99,11.33,1,O3
2025-07-23T09:08:26Z,QAQ,51.39999999999998,1.7000000000000457,1.5,4.7999999999999545,1291.2,21,62.9,1.29,2.69,7.13,1,O3
2025-07-23T09:09:26Z,QAQ,52.09999999999991,2,1.400000000000091,5.099999999999909,1291.9,21,62.9,1.37,2.99,6.66,1,O3
2025-07-23T09:10:26Z,QAQ,50.299999999999955,2,1.2999999999999543,4.7999999999999545,1291.3,20.9,62.9,1.27,2.17,5.75,1,O3
2025-07-23T09:11:26Z,QAQ,50.39999999999998,2.300000000000068,1.2999999999999543,5.100000000000136,1290.5,20.9,62.8,1.25,2.28,3.31,1,O3
2025-07-23T09:12:26Z,QAQ,51.200000000000045,1.8999999999999773,1.2000000000000457,5.099999999999909,1288.5,20.9,62.8,1.29,2.28,4.66,1,O3
2025-07-23T09:13:26Z,QAQ,49.89999999999998,1.8000000000000682,1.3999999999998636,4.7999999999999545,1290.7,20.9,62.9,1.29,2.41,7.43,1,O3
2025-07-23T09:14:26Z,QAQ,49.89999999999998,1.7999999999999543,1.2999999999999543,5,1291.7,20.9,63,1.36,2.56,7.26,1,O3
2025-07-23T09:15:26Z,QAQ,50.299999999999955,1.7999999999999543,1.2000000000000457,5.099999999999909,1288.7,20.9,62.9,1.36,2.19,3.42,1,O3
2025-07-23T09:16:26Z,QAQ,50.200000000000045,1.900000000000091,1.199999999999818,5,1290.8,20.9,63,1.27,2.08,4.93,1,O3
2025-07-23T09:17:26Z,QAQ,49.60000000000002,1.8000000000000682,0.900000000000091,5.099999999999909,1287,20.9,63,1.33,2.55,4.17,1,O3
2025-07-23T09:18:26Z,QAQ,49.799999999999955,1.8999999999999773,1.199999999999818,5,1289.2,20.9,63,1.24,2.21,3.53,1,O3
2025-07-23T09:19:26Z,QAQ,51.200000000000045,1.900000000000091,1.400000000000091,4.899999999999864,1288.7,20.9,63.1,1.25,2.23,5.57,1,O3
2025-07-23T09:20:26Z,QAQ,51.60000000000002,1.8000000000000682,1.2999999999999543,4.899999999999864,1293,20.9,63.2,1.38,2.89,7.4,1,O3
2025-07-23T09:21:26Z,QAQ,52.10000000000002,1.900000000000091,1.099999999999909,5,1294.8,20.9,63.2,1.25,2.47,6.18,1,O3
2025-07-23T09:22:26Z,QAQ,48.89999999999998,1.7999999999999543,1.400000000000091,5,1291.8,20.9,63,1.23,2.22,5.39,1,O3
2025-07-23T09:23:26Z,QAQ,49.200000000000045,1.8000000000000682,1.099999999999909,5,1289.3,20.8,63.1,1.32,2.61,4.67,1,O3
2025-07-23T09:24:26Z,QAQ,49.89999999999998,2.2000000000000455,1.099999999999909,5,1293,20.8,63.1,1.33,2.57,7.65,1,O3
2025-07-23T09:25:26Z,QAQ,49.10000000000002,2,0.900000000000091,5,1289.3,20.8,63,1.23,2.25,4.47,1,O3
2025-07-23T09:26:26Z,QAQ,49.09999999999991,2.1000000000000227,1,4.899999999999864,1292.2,20.8,63,1.14,1.91,3.82,1,O3
2025-07-23T09:27:26Z,QAQ,49.39999999999998,1.8999999999999773,1.2000000000000457,5,1292,20.8,63,1.28,2.1,4.72,1,O3
2025-07-23T09:28:26Z,QAQ,49.200000000000045,2,0.900000000000091,5.099999999999909,1288,20.8,63,1.3,2.1,2.69,1,O3
2025-07-23T09:29:26Z,QAQ,47,1.900000000000091,0.900000000000091,5.099999999999909,1289.8,20.8,63,1.3,2.29,4.07,1,O3
2025-07-23T09:30:26Z,QAQ,50.200000000000045,2.1000000000000227,0.900000000000091,5.099999999999909,1291.2,20.8,63.1,1.31,2.79,5.65,1,O3
2025-07-23T09:31:26Z,QAQ,48.5,2.2000000000000455,1.2999999999999543,4.900000000000091,1289.7,20.8,63.2,1.25,2.26,4.15,1,O3
2025-07-23T09:32:26Z,QAQ,48.60000000000002,2,1.099999999999909,4.900000000000091,1292.1,20.8,63.2,1.27,2.16,3.48,1,O3
2025-07-23T09:33:26Z,QAQ,48,2.1000000000000227,1.1000000000001364,5,1291.9,20.8,63.1,1.33,2.7,7.31,1,O3
2025-07-23T09:34:26Z,QAQ,49.799999999999955,2.2000000000000455,1,4.900000000000091,1290.2,20.8,63.1,1.23,2.22,5.97,1,O3
2025-07-23T09:35:26Z,QAQ,49.299999999999955,2,0.900000000000091,5,1291,20.8,63,1.33,2.46,6.39,1,O3
2025-07-23T09:36:26Z,QAQ,48.10000000000002,2.099999999999909,1,5,1291.7,20.8,63,1.18,2,5.08,1,O3
2025-07-23T09:37:26Z,QAQ,46.40000000000009,2.1000000000000227,0.7000000000000455,5,1291.7,20.8,63.1,1.23,2.43,5.95,1,O3
2025-07-23T09:38:26Z,QAQ,47.299999999999955,2.199999999999932,0.900000000000091,5,1292.5,20.7,63.1,1.35,2.17,4.61,1,O3
2025-07-23T09:39:26Z,QAQ,47.90000000000009,2.2999999999999545,1,5.100000000000136,1290.5,20.8,63,1.35,2.47,5.96,1,O3
2025-07-23T09:40:26Z,QAQ,47.700000000000045,2.1000000000000227,1.2000000000000457,4.699999999999818,1292,20.7,63.2,1.23,2.43,4.85,1,O3
2025-07-23T09:41:26Z,QAQ,48.299999999999955,2.099999999999909,0.900000000000091,4.7999999999999545,1291.5,20.7,63.2,1.14,2.12,5.07,1,O3
2025-07-23T09:42:26Z,QAQ,47.799999999999955,2.400000000000091,0.7999999999999545,5.2000000000000455,1289.7,20.7,62.9,1.27,2.07,4.38,1,O3
2025-07-23T09:43:26Z,QAQ,46.10000000000002,1.8999999999999773,0.7000000000000455,5.099999999999909,1289.8,20.7,62.8,1.24,2.18,5.04,1,O3
2025-07-23T09:44:26Z,QAQ,47.200000000000045,2.2999999999999545,0.7000000000000455,5.099999999999909,1291.3,20.7,62.9,1.24,2.02,3.39,1,O3
2025-07-23T09:45:26Z,QAQ,47.10000000000002,2.1000000000000227,0.599999999999909,5.100000000000136,1291.5,20.7,62.8,1.25,2.03,3.51,1,O3
2025-07-23T09:46:26Z,QAQ,47.10000000000002,2.1000000000000227,0.7999999999999545,5,1293,20.7,62.8,1.31,2.13,4.78,1,O3
2025-07-23T09:47:26Z,QAQ,47.5,2.199999999999932,0.8999999999998636,4.900000000000091,1291,20.7,62.8,1.33,2.55,4.06,1,O3
2025-07-23T09:48:26Z,QAQ,47,2.3999999999999773,0.599999999999909,5.300000000000182,1289.9,20.7,62.5,1.3,2.28,3.45,1,O3
2025-07-23T09:49:26Z,QAQ,47.60000000000002,2.1000000000000227,0.7999999999999545,5.2000000000000455,1288.4,20.7,62.8,1.29,2.65,5.73,1,O3
2025-07-23T09:50:26Z,QAQ,47.5,2.400000000000091,0.7000000000000455,4.7999999999999545,1292.3,20.7,62.8,1.16,2.02,4.02,1,O3
2025-07-23T09:51:26Z,QAQ,48.10000000000002,2.5,0.599999999999909,5,1285.3,20.7,62.7,1.25,2.29,3.9,1,O3
2025-07-23T09:52:26Z,QAQ,45.60000000000002,2.3999999999999773,0.6999999999998181,5.400000000000091,1289.6,20.7,62.4,1.27,2.26,5.91,1,O3
2025-07-23T09:53:26Z,QAQ,46.39999999999998,2.1000000000000227,0.8999999999998636,4.900000000000091,1293.7,20.7,62.8,1.28,2.42,4.63,1,O3
2025-07-23T09:54:26Z,QAQ,47,2.3999999999999773,0.6000000000001364,5,1292.9,20.7,62.7,1.24,2.2,4.97,1,O3
2025-07-23T09:55:26Z,QAQ,45.89999999999998,2.1000000000000227,0.6000000000001364,5,1296.6,20.7,62.8,1.3,2.48,5.38,1,O3
2025-07-23T09:56:26Z,QAQ,47.30000000000007,2.199999999999932,0.7000000000000455,5,1293.5,20.7,62.8,1.29,2.27,5.45,1,O3
2025-07-23T09:57:26Z,QAQ,47.80000000000007,2.3999999999999773,0.6000000000001364,4.899999999999864,1291.7,20.7,62.8,1.24,2.24,4.73,1,O3
2025-07-23T09:58:26Z,QAQ,45.60000000000002,2.099999999999909,0.900000000000091,5.099999999999909,1293.6,20.7,62.6,1.31,2.36,4.45,1,O3
2025-07-23T09:59:26Z,QAQ,46.89999999999998,2.5,0.599999999999909,4.900000000000091,1292.6,20.7,62.9,1.26,2.14,4.38,1,O3
2025-07-23T10:00:26Z,QAQ,46.5,2.3999999999999773,0.6999999999998181,4.900000000000091,1292.9,20.7,62.9,1.35,2.49,4.78,1,O3
2025-07-23T10:01:26Z,QAQ,45.10000000000002,2.6000000000000227,0.6999999999998181,5,1293.6,20.7,62.7,1.22,2.26,5.09,1,O3
2025-07-23T10:02:26Z,QAQ,46.09999999999991,2.3999999999999773,0.599999999999909,5,1292.8,20.7,62.8,1.28,2.28,3.65,1,O3
2025-07-23T10:03:26Z,QAQ,45.89999999999998,2.2000000000000455,0.7999999999999545,4.7999999999999545,1291.9,20.7,62.9,1.27,2.39,5.2,1,O3
2025-07-23T10:04:26Z,QAQ,46.5,2.400000000000091,0.7000000000000455,4.7000000000000455,1292.2,20.7,63,1.35,2.39,7.22,1,O3
2025-07-23T10:05:26Z,QAQ,49.19999999999993,2.2999999999999545,0.7999999999999545,4.5,1291.9,20.6,63.1,1.28,1.97,2.87,1,O3
2025-07-23T10:06:26Z,QAQ,49.10000000000002,2.3999999999999773,0.7000000000000455,4.7999999999999545,1294.6,20.6,63,1.33,2.29,5.58,1,O3
2025-07-23T10:07:26Z,QAQ,49,2.2999999999999545,0.5,5,1293.4,20.6,62.9,1.35,2.6,5.4,1,O3
2025-07-23T10:08:26Z,QAQ,47.799999999999955,2.2999999999999545,0.7000000000000455,4.7999999999999545,1292.5,20.6,63,1.32,2.27,3.54,1,O3
2025-07-23T10:09:26Z,QAQ,47.89999999999998,2.199999999999932,0.7000000000000455,4.7000000000000455,1291.9,20.6,63.3,1.39,2.55,4.07,1,O3
2025-07-23T10:10:26Z,QAQ,47.19999999999993,2.5,0.7999999999999545,4.7000000000000455,1294.3,20.6,63.3,1.29,2.22,5.05,1,O3
2025-07-23T10:11:26Z,QAQ,48,2.7999999999999545,0.40000000000009095,4.7000000000000455,1293.3,20.6,63.1,1.31,2.33,3.9,1,O3
2025-07-23T10:12:26Z,QAQ,46.10000000000002,2.199999999999932,0.599999999999909,4.900000000000091,1289.8,20.6,62.9,1.34,2.41,4.12,1,O3
2025-07-23T10:13:26Z,QAQ,46.90000000000009,2.6000000000000227,0.6999999999998181,4.7000000000000455,1290.1,20.6,63.1,1.28,2.35,5.6,1,O3
2025-07-23T10:14:26Z,QAQ,46.30000000000007,2.300000000000068,0.3999999999998636,4.7000000000000455,1295,20.6,63.1,1.27,2.57,7.28,1,O3
2025-07-23T10:15:26Z,QAQ,46.69999999999993,2.7000000000000455,0.6999999999998181,4.800000000000182,1297.5,20.6,63.2,1.35,2.57,4.3,1,O3
2025-07-23T10:16:26Z,QAQ,46.5,2.3999999999999773,0.7999999999999545,4.7000000000000455,1294.9,20.5,63.3,1.34,2.37,4.11,1,O3
2025-07-23T10:17:26Z,QAQ,45.39999999999998,2.3999999999999773,0.599999999999909,4.7000000000000455,1293.4,20.5,63.3,1.35,2.96,6.6,1,O3
2025-07-23T10:18:26Z,QAQ,45.39999999999998,2.300000000000068,0.599999999999909,4.600000000000136,1294.1,20.5,63.3,1.24,2.14,4.16,1,O3
2025-07-23T10:19:26Z,QAQ,48.10000000000002,2.2000000000000455,0.7999999999999545,4.599999999999909,1291.2,20.5,63.5,1.29,2.33,4.08,1,O3
2025-07-23T10:20:26Z,QAQ,47.19999999999993,2.3999999999999773,0.6000000000001364,4.5,1294.4,20.5,63.7,1.28,2.05,3.51,1,O3
2025-07-23T10:21:26Z,QAQ,46,2.2999999999999545,0.900000000000091,4.399999999999864,1297.2,20.5,63.8,1.27,2.41,5.91,1,O3
2025-07-23T10:22:26Z,QAQ,46,2.300000000000068,0.7999999999999545,4.2999999999999545,1296.8,20.5,63.9,1.3,2.4,6.15,1,O3
2025-07-23T10:23:26Z,QAQ,46.700000000000045,2.5,0.6999999999998181,4.400000000000091,1294.8,20.4,63.8,1.3,2.28,4.43,1,O3
2025-07-23T10:24:26Z,QAQ,46.5,2.5,0.7000000000000455,4.7999999999999545,1296.1,20.4,63.7,1.29,1.98,3.48,1,O3
2025-07-23T10:25:26Z,QAQ,47.5,2.599999999999909,0.599999999999909,4.7000000000000455,1290,20.4,63.6,1.31,2.36,4.84,1,O3
2025-07-23T10:26:26Z,QAQ,46.5,2.699999999999932,0.5,5.100000000000136,1292.7,20.4,63.2,1.35,2.35,6.2,1,O3
2025-07-23T10:27:26Z,QAQ,45.89999999999998,2.6000000000000227,0.5,5.2000000000000455,1289.4,20.4,63.1,1.4,2.34,3.6,1,O3
2025-07-23T10:28:26Z,QAQ,46.40000000000009,2.300000000000068,0.599999999999909,5.2000000000000455,1288.4,20.4,63.1,1.31,2.25,3.9,1,O3
2025-07-23T10:29:26Z,QAQ,46.09999999999991,2.6000000000000227,0.40000000000009095,5.099999999999909,1289.9,20.4,63.2,1.32,2.31,4.88,1,O3
2025-07-23T10:30:26Z,QAQ,46,2.199999999999932,0.5,5,1292,20.4,63.1,1.36,2.5,7.65,1,O3
2025-07-23T10:31:26Z,QAQ,46.700000000000045,2.5,0.3999999999998636,5.2999999999999545,1284.8,20.4,63.1,1.33,2.23,3.47,1,O3
2025-07-23T10:32:26Z,QAQ,46.59999999999991,2.5,0.7000000000000455,5.2000000000000455,1293.6,20.4,63.2,1.26,2.12,3.95,1,O3
2025-07-23T10:33:26Z,QAQ,44.90000000000009,2.2999999999999545,0.599999999999909,5.2000000000000455,1288.5,20.4,63.4,1.28,2.65,6.78,1,O3
2025-07-23T10:34:26Z,QAQ,47,2.7000000000000455,0.5,5.100000000000136,1291.5,20.4,63.4,1.34,2.34,4.46,1,O3
2025-07-23T10:35:26Z,QAQ,47.60000000000002,2.7000000000000455,0.3999999999998636,5.2999999999999545,1291.4,20.4,63.3,1.35,2.32,7.61,1,O3
2025-07-23T10:36:26Z,QAQ,46.200000000000045,2.400000000000091,0.7000000000000455,5.400000000000091,1290,20.4,63.4,1.21,1.98,4.63,1,O3
2025-07-23T10:37:26Z,QAQ,47.299999999999955,2.6000000000000227,0.599999999999909,4.800000000000182,1289.5,20.4,63.7,1.4,2.7,6.62,1,O3
2025-07-23T10:38:26Z,QAQ,45.299999999999955,2.5,0.40000000000009095,5.399999999999864,1290.5,20.4,63.3,1.37,2.44,4.13,1,O3
2025-07-23T10:39:26Z,QAQ,45.69999999999993,2,0.7999999999999545,5,1292.6,20.4,63.7,1.37,2.36,4.04,1,O3
2025-07-23T10:40:26Z,QAQ,46.60000000000002,2.3999999999999773,0.7000000000000455,4.7000000000000455,1295.7,20.4,64,1.34,2.27,5.07,1,O3
2025-07-23T10:41:26Z,QAQ,48.69999999999993,2.2999999999999545,0.7000000000000455,4.5,1295.9,20.4,64.1,1.39,2.28,5.23,1,O3
2025-07-23T10:42:26Z,QAQ,49.299999999999955,2.1000000000000227,0.5,4.7000000000000455,1299.4,20.3,64.1,1.38,2.46,3.84,1,O3
2025-07-23T10:43:26Z,QAQ,47,2.400000000000091,0.7999999999999545,4.5,1296.3,20.3,64.2,1.31,2.41,4.81,1,O3
2025-07-23T10:44:26Z,QAQ,48.200000000000045,2.3999999999999773,0.6000000000001364,4.5,1299.1,20.3,64.4,1.27,2.36,5.3,1,O3
2025-07-23T10:45:26Z,QAQ,47.80000000000007,2.3999999999999773,0.900000000000091,4.5,1296.5,20.3,64.4,1.31,2.34,5.06,1,O3
2025-07-23T10:46:26Z,QAQ,49.299999999999955,2.300000000000068,0.6000000000001364,4.2000000000000455,1302.9,20.3,64.5,1.28,2.43,4.4,1,O3
2025-07-23T10:47:26Z,QAQ,47.60000000000002,2.5,0.599999999999909,4.5,1296,20.3,64.3,1.32,2.35,4.63,1,O3
2025-07-23T10:48:26Z,QAQ,47.30000000000007,2.2999999999999545,0.599999999999909,4.7999999999999545,1296.7,20.3,64.3,1.34,2.15,4.49,1,O3
2025-07-23T10:49:26Z,QAQ,46.09999999999991,2.2999999999999545,0.599999999999909,4.7000000000000455,1296,20.2,64.4,1.4,2.3,3.96,1,O3
2025-07-23T10:50:26Z,QAQ,46.799999999999955,2.599999999999909,0.40000000000009095,5,1293.6,20.2,64.2,1.35,2.23,5.28,1,O3
2025-07-23T10:51:26Z,QAQ,44.89999999999998,2.5,0.5,5,1290.8,20.2,64.2,1.45,2.39,3.37,1,O3
2025-07-23T10:52:26Z,QAQ,45.5,2.2999999999999545,0.5,5.400000000000091,1286.1,20.2,64,1.44,2.66,5.32,1,O3
2025-07-23T10:53:26Z,QAQ,44.39999999999998,2.300000000000068,0.7000000000000455,4.900000000000091,1290.4,20.2,64.3,1.27,2.3,4.26,1,O3
2025-07-23T10:54:26Z,QAQ,44.299999999999955,2.8999999999999773,0.2999999999999545,5.400000000000091,1288.5,20.2,64.1,1.37,2.57,4.89,1,O3
2025-07-23T10:55:26Z,QAQ,46,2.2000000000000455,0.599999999999909,5.2000000000000455,1286.5,20.2,64.3,1.35,2.04,4.96,1,O3
2025-07-23T10:56:26Z,QAQ,44.700000000000045,2.5,0.7000000000000455,4.900000000000091,1291.3,20.2,64.5,1.29,2.35,4.81,1,O3
2025-07-23T10:57:26Z,QAQ,44.299999999999955,2.6000000000000227,0.3000000000001819,5,1290.1,20.2,64.4,1.35,2.65,5.35,1,O3
2025-07-23T10:58:26Z,QAQ,44.799999999999955,2.099999999999909,0.6999999999998181,4.900000000000091,1291,20.2,64.6,1.37,2.78,7.59,1,O3
2025-07-23T10:59:26Z,QAQ,44.60000000000002,2.400000000000091,0.5,4.7999999999999545,1292.7,20.2,64.6,1.34,2.23,3.81,1,O3
2025-07-23T11:00:26Z,QAQ,44.89999999999998,2.2999999999999545,0.5,4.7000000000000455,1298,20.2,64.8,1.35,2.24,7.06,1,O3
2025-07-23T11:01:26Z,QAQ,44.39999999999998,2.2000000000000455,0.7000000000000455,4.399999999999864,1299.3,20.2,65,1.4,2.59,4.41,1,O3
2025-07-23T11:02:26Z,QAQ,45.299999999999955,2.2999999999999545,0.7999999999999545,4.5,1301,20.2,65.1,1.27,2.16,4.25,1,O3
2025-07-23T11:03:26Z,QAQ,45.10000000000002,2.6000000000000227,0.5,4.399999999999864,1296.9,20.2,65.1,1.33,2.48,4.52,1,O3
2025-07-23T11:04:26Z,QAQ,43.80000000000007,2.5,0.7999999999999545,4.400000000000091,1301.6,20.1,65.2,1.34,2.61,5.65,1,O3
2025-07-23T11:05:26Z,QAQ,44.5,2.2000000000000455,0.6999999999998181,4.5,1299.3,20.1,65.3,1.34,2.54,4.78,1,O3
2025-07-23T11:06:26Z,QAQ,43.60000000000002,2.5,0.599999999999909,4.300000000000182,1298.8,20.1,65.4,1.31,2.49,5.81,1,O3
2025-07-23T11:07:26Z,QAQ,45.200000000000045,2.400000000000091,0.7000000000000455,4.5,1297,20.1,65.2,1.31,2.34,4.27,1,O3
2025-07-23T11:08:26Z,QAQ,43.5,2.3999999999999773,0.5,4.400000000000091,1297.7,20.1,65.4,1.4,2.37,4.65,1,O3
2025-07-23T11:09:26Z,QAQ,44.700000000000045,2.3999999999999773,0.6999999999998181,4.300000000000182,1297.4,20.1,65.5,1.42,2.6,4.19,1,O3
2025-07-23T11:10:26Z,QAQ,45,2.199999999999932,0.40000000000009095,4.400000000000091,1299.6,20,65.5,1.37,2.82,8.48,1,O3
2025-07-23T11:11:26Z,QAQ,45.19999999999993,2.2999999999999545,0.7999999999999545,4.2000000000000455,1297.8,20,65.8,1.4,2.51,4.56,1,O3
2025-07-23T11:12:26Z,QAQ,44.299999999999955,2.2999999999999545,0.7000000000000455,4.2000000000000455,1300.1,20,65.9,1.31,2.23,3.98,1,O3
2025-07-23T11:13:26Z,QAQ,45.19999999999993,2.2999999999999545,0.7000000000000455,4.2999999999999545,1299.6,20,66,1.35,2.34,4.09,1,O3
2025-07-23T11:14:26Z,QAQ,45.10000000000002,2.5,0.6999999999998181,4.2000000000000455,1297.1,20,66.1,1.35,2.47,4.6,1,O3
2025-07-23T11:15:26Z,QAQ,44.89999999999998,2.6000000000000227,0.6999999999998181,4.2000000000000455,1299.7,19.9,66.1,1.3,2.07,4.17,1,O3
2025-07-23T11:16:26Z,QAQ,45.59999999999991,2.400000000000091,0.599999999999909,4.100000000000136,1298.2,19.9,66.1,1.33,2.19,4.21,1,O3
2025-07-23T11:17:26Z,QAQ,45.09999999999991,2.5,0.8000000000001819,4.399999999999864,1297.6,19.9,66.2,1.31,2.04,4.96,1,O3
2025-07-23T11:18:26Z,QAQ,46.10000000000002,2.2000000000000455,0.599999999999909,4.100000000000136,1300.1,19.9,66.3,1.42,2.58,5.88,1,O3
2025-07-23T11:19:26Z,QAQ,46.799999999999955,2.300000000000068,0.7000000000000455,4.099999999999909,1296.9,19.9,66.4,1.4,2.64,5.66,1,O3
2025-07-23T11:20:26Z,QAQ,46.60000000000002,2.400000000000091,0.8000000000001819,4.199999999999818,1297.3,19.8,66.4,1.38,2.32,3.05,1,O3
2025-07-23T11:21:26Z,QAQ,47.5,2.2999999999999545,0.599999999999909,4.099999999999909,1298.5,19.8,66.6,1.32,2.27,4.53,1,O3
2025-07-23T11:22:26Z,QAQ,46.19999999999993,1.8999999999999773,0.7999999999999545,4.099999999999909,1302.1,19.8,66.7,1.47,2.75,6.15,1,O3
2025-07-23T11:23:26Z,QAQ,46.69999999999993,2.400000000000091,0.7999999999999545,4.099999999999909,1295.9,19.8,66.8,1.33,2.22,3.63,1,O3
2025-07-23T11:24:26Z,QAQ,45.89999999999998,2.099999999999909,0.6999999999998181,3.900000000000091,1300,19.7,66.9,1.39,2.32,5.03,1,O3
2025-07-23T11:25:26Z,QAQ,46.700000000000045,2.199999999999932,0.7999999999999545,4,1302.3,19.7,67.1,1.36,2.3,4.39,1,O3
2025-07-23T11:26:26Z,QAQ,45.10000000000002,2.1000000000000227,0.7999999999999545,3.7999999999999545,1301.5,19.7,67.2,1.33,2.12,3.39,1,O3
2025-07-23T11:27:26Z,QAQ,46.799999999999955,2.2000000000000455,0.6999999999998181,3.800000000000182,1301.2,19.7,67.2,1.49,2.47,3.72,1,O3
2025-07-23T11:28:26Z,QAQ,46.5,2.5,0.900000000000091,3.7999999999999545,1301.4,19.7,67.2,1.36,2.25,4.14,1,O3
2025-07-23T11:29:26Z,QAQ,47.5,1.8999999999999773,0.7999999999999545,4.099999999999909,1299.9,19.6,67.2,1.35,2.52,4.85,1,O3
2025-07-23T11:30:26Z,QAQ,45.799999999999955,2.3999999999999773,0.7999999999999545,3.900000000000091,1299.5,19.6,67.2,1.41,2.51,5.26,1,O3
2025-07-23T11:31:26Z,QAQ,46.5,2.1000000000000227,0.7000000000000455,4.099999999999909,1297.5,19.6,67.2,1.32,1.9,2.72,1,O3
2025-07-23T11:32:26Z,QAQ,45,2.5,0.7000000000000455,4.099999999999909,1298.9,19.6,67.2,1.35,2.55,6.34,1,O3
2025-07-23T11:33:26Z,QAQ,45.69999999999993,2.1000000000000227,0.8000000000001819,4.199999999999818,1296.4,19.6,67.1,1.38,2.49,4.98,1,O3
2025-07-23T11:34:26Z,QAQ,46.5,2.300000000000068,0.5,4.099999999999909,1295.7,19.6,67.1,1.35,2.12,4.84,1,O3
2025-07-23T11:35:26Z,QAQ,46.5,2,0.7000000000000455,4.099999999999909,1295.9,19.5,67.2,1.37,2.3,3.66,1,O3
2025-07-23T11:36:26Z,QAQ,44.80000000000007,2.2000000000000455,0.7000000000000455,4.2000000000000455,1299,19.5,67.3,1.33,2.41,5.29,1,O3
2025-07-23T11:37:26Z,QAQ,45.799999999999955,2.1000000000000227,0.900000000000091,4.2000000000000455,1296.9,19.5,67.4,1.3,2.23,4.01,1,O3
2025-07-23T11:38:26Z,QAQ,45.39999999999998,2.5,0.40000000000009095,4.2999999999999545,1295.8,19.5,67.4,1.36,2.8,5.72,1,O3
2025-07-23T11:39:26Z,QAQ,45.700000000000045,2,0.6999999999998181,4.2000000000000455,1295.9,19.5,67.4,1.4,2.36,5.05,1,O3
2025-07-23T11:40:26Z,QAQ,45.89999999999998,2.300000000000068,0.7000000000000455,4.2999999999999545,1302.1,19.5,67.4,1.35,2.22,5.89,1,O3
2025-07-23T11:41:26Z,QAQ,44.89999999999998,2.3999999999999773,0.7999999999999545,4.2999999999999545,1296.2,19.5,67.4,1.31,2.36,4.95,1,O3
2025-07-23T11:42:26Z,QAQ,44.5,2.300000000000068,0.599999999999909,4.300000000000182,1297.8,19.5,67.4,1.29,2.27,4.54,1,O3
2025-07-23T11:43:26Z,QAQ,44.39999999999998,2.1000000000000227,0.599999999999909,4.5,1297.3,19.5,67.5,1.35,2.5,6.25,1,O3
2025-07-23T11:44:26Z,QAQ,43.89999999999998,2.2000000000000455,0.7999999999999545,4.400000000000091,1296.5,19.5,67.4,1.37,2.43,5.49,1,O3
2025-07-23T11:45:26Z,QAQ,42.5,2,0.6999999999998181,4.400000000000091,1293.8,19.4,67.5,1.32,2.49,4.17,1,O3
2025-07-23T11:46:26Z,QAQ,43.89999999999998,2.099999999999909,0.599999999999909,4.2999999999999545,1296.7,19.4,67.5,1.3,2.18,6.06,1,O3
2025-07-23T11:47:26Z,QAQ,44.69999999999993,2.1000000000000227,0.6999999999998181,4.400000000000091,1294,19.4,67.6,1.32,2.33,4.37,1,O3
2025-07-23T11:48:26Z,QAQ,43.799999999999955,2.1000000000000227,0.7000000000000455,4.2999999999999545,1297.5,19.4,67.7,1.26,2,3.26,1,O3
2025-07-23T11:49:26Z,QAQ,44.39999999999998,2.1000000000000227,0.7999999999999545,4.300000000000182,1296.7,19.4,67.7,1.33,2.37,3.8,1,O3
2025-07-23T11:50:26Z,QAQ,44.10000000000002,1.8999999999999773,0.599999999999909,4.300000000000182,1301.4,19.4,67.8,1.37,2.29,4.3,1,O3
2025-07-23T11:51:26Z,QAQ,43.799999999999955,2.5,0.6000000000001364,4.2000000000000455,1295.8,19.4,67.8,1.37,2.41,3.6,1,O3
2025-07-23T11:52:26Z,QAQ,44.09999999999991,2.2000000000000455,0.5,4.300000000000182,1299.7,19.4,67.9,1.3,2.75,6.69,1,O3
2025-07-23T11:53:26Z,QAQ,44.60000000000002,2.1000000000000227,0.7000000000000455,4.2000000000000455,1299.2,19.4,67.9,1.37,2.44,6.39,1,O3
2025-07-23T11:54:26Z,QAQ,43.60000000000002,2.1000000000000227,0.7000000000000455,4.2000000000000455,1298.3,19.4,68,1.37,2.44,3.87,1,O3
2025-07-23T11:55:26Z,QAQ,45.200000000000045,2.2999999999999545,0.6999999999998181,4.2000000000000455,1298.2,19.4,68,1.37,2.42,6.61,1,O3
2025-07-23T11:56:26Z,QAQ,43.799999999999955,2.300000000000068,0.5,4.2999999999999545,1298.5,19.4,67.9,1.42,2.26,3.06,1,O3
2025-07-23T11:57:26Z,QAQ,44.200000000000045,2.5,0.5,4.400000000000091,1297.4,19.4,67.8,1.35,2.56,6.22,1,O3
2025-07-23T11:58:26Z,QAQ,42.89999999999998,2.199999999999932,0.5,4.400000000000091,1297.6,19.4,67.8,1.37,2.42,4.37,1,O3
2025-07-23T11:59:26Z,QAQ,42.39999999999998,2.3999999999999773,0.5,4.300000000000182,1297.5,19.4,67.9,1.4,2.23,5.2,1,O3
2025-07-23T12:00:26Z,QAQ,42.200000000000045,2.2000000000000455,0.5,4.400000000000091,1296.9,19.3,67.8,1.45,2.12,5.01,1,O3
2025-07-23T12:01:26Z,QAQ,41.89999999999998,2.2000000000000455,0.599999999999909,4.100000000000136,1297.7,19.3,67.9,1.36,2.32,4.85,1,O3
2025-07-23T12:02:26Z,QAQ,42.60000000000002,2.300000000000068,0.5,4.399999999999864,1300.1,19.3,67.9,1.34,2.21,3.47,1,O3
2025-07-23T12:03:26Z,QAQ,43.90000000000009,2.1000000000000227,0.7000000000000455,4,1298,19.3,68,1.37,2.34,5.62,1,O3
2025-07-23T12:04:26Z,QAQ,43,2.300000000000068,0.599999999999909,4.100000000000136,1303.9,19.3,68,1.44,2.55,6.21,1,O3
2025-07-23T12:05:26Z,QAQ,42.200000000000045,2.2999999999999545,0.2999999999999545,4.2000000000000455,1300.4,19.3,68.1,1.36,2.27,4.6,1,O3
2025-07-23T12:06:26Z,QAQ,45,2.099999999999909,0.7000000000000455,4.099999999999909,1305.2,19.3,68.1,1.35,2.17,4.42,1,O3
2025-07-23T12:07:26Z,QAQ,46.89999999999998,2.3999999999999773,0.7999999999999545,4.2000000000000455,1303.9,19.3,68.2,1.39,2.48,3.63,1,O3
2025-07-23T12:08:26Z,QAQ,45.89999999999998,2.5,0.6000000000001364,4,1301.8,19.3,68.3,1.38,2.38,6.41,1,O3
2025-07-23T12:09:26Z,QAQ,43.299999999999955,2.2999999999999545,0.3999999999998636,4.300000000000182,1300.9,19.3,68.4,1.46,2.53,4.45,1,O3
2025-07-23T12:10:26Z,QAQ,41.60000000000002,2.2999999999999545,0.7000000000000455,4,1302.7,19.3,68.5,1.37,2.38,4.69,1,O3
2025-07-23T12:11:26Z,QAQ,42.5,2.2000000000000455,0.599999999999909,4.2999999999999545,1302.5,19.3,68.5,1.36,2.5,4.83,1,O3
2025-07-23T12:12:26Z,QAQ,42.19999999999993,2.199999999999932,0.5,4.100000000000136,1300.6,19.3,68.4,1.35,2.28,4.15,1,O3
2025-07-23T12:13:26Z,QAQ,42,2.3999999999999773,0.40000000000009095,4.400000000000091,1299.4,19.3,68.4,1.35,2.55,5.72,1,O3
2025-07-23T12:14:26Z,QAQ,42,2.2000000000000455,0.40000000000009095,4.399999999999864,1298.3,19.2,68.4,1.34,2.44,5.16,1,O3
2025-07-23T12:15:26Z,QAQ,41.5,2.2999999999999545,0.40000000000009095,4.199999999999818,1296.3,19.2,68.4,1.24,2.07,4.03,1,O3
2025-07-23T12:16:26Z,QAQ,42.299999999999955,2.300000000000068,0.5,4.2999999999999545,1298.7,19.2,68.4,1.31,1.9,2.37,1,O3
2025-07-23T12:17:26Z,QAQ,42.799999999999955,2.2000000000000455,0.3000000000001819,4.5,1300.2,19.2,68.3,1.25,2.06,3.7,1,O3
2025-07-23T12:18:26Z,QAQ,43.60000000000002,2.5,0.6999999999998181,4.100000000000136,1301.6,19.2,68.3,1.32,2.27,4.53,1,O3
2025-07-23T12:19:26Z,QAQ,43.30000000000007,2.300000000000068,0.40000000000009095,4.2000000000000455,1296.7,19.2,68.3,1.29,2.3,3.4,1,O3
2025-07-23T12:20:26Z,QAQ,43.799999999999955,2.5,0.5,4.2999999999999545,1300.2,19.2,68.4,1.3,2.31,3.61,1,O3
2025-07-23T12:21:26Z,QAQ,42.39999999999998,2.2000000000000455,0.5,4.300000000000182,1299.5,19.2,68.3,1.37,2.26,3.34,1,O3
2025-07-23T12:22:26Z,QAQ,44,2.3999999999999773,0.5,4.099999999999909,1300.6,19.2,68.3,1.26,2.12,5.25,1,O3
2025-07-23T12:23:26Z,QAQ,44.59999999999991,2.400000000000091,0.5,4.100000000000136,1300.5,19.2,68.4,1.3,2.42,4.69,1,O3
2025-07-23T12:24:26Z,QAQ,41.89999999999998,2.2999999999999545,0.3999999999998636,4.300000000000182,1298.7,19.2,68.3,1.32,2.32,3.97,1,O3
2025-07-23T12:25:26Z,QAQ,45.89999999999998,2.2999999999999545,0.40000000000009095,4.2999999999999545,1300.4,19.2,68.5,1.36,2.34,5.4,1,O3
2025-07-23T12:26:26Z,QAQ,43.799999999999955,2.300000000000068,0.6999999999998181,4.100000000000136,1303.4,19.2,68.4,1.33,2.52,6.28,1,O3
2025-07-23T12:27:26Z,QAQ,42.299999999999955,2.2999999999999545,0.2999999999999545,4.2000000000000455,1300.8,19.2,68.4,1.24,1.99,2.86,1,O3
2025-07-23T12:28:26Z,QAQ,44.09999999999991,2.2999999999999545,0.599999999999909,4.100000000000136,1303.7,19.2,68.5,1.34,2.17,3.44,1,O3
2025-07-23T12:29:26Z,QAQ,42.30000000000007,2.2999999999999545,0.6000000000001364,4,1303.4,19.2,68.6,1.38,2.39,3.75,1,O3
2025-07-23T12:30:26Z,QAQ,42.60000000000002,2.300000000000068,0.6000000000001364,4.099999999999909,1302.9,19.2,68.8,1.43,2.55,3.99,1,O3
2025-07-23T12:31:26Z,QAQ,41,2.099999999999909,0.40000000000009095,3.899999999999864,1305.5,19.2,68.9,1.39,2.47,5.06,1,O3
2025-07-23T12:32:26Z,QAQ,41.5,2.5,0.3999999999998636,3.900000000000091,1303.9,19.1,68.9,1.44,2.3,4.19,1,O3
2025-07-23T12:33:26Z,QAQ,41.10000000000002,2.5,0.2999999999999545,4.2999999999999545,1300.3,19.1,68.6,1.36,2.47,4.85,1,O3
2025-07-23T12:34:26Z,QAQ,39.200000000000045,2.2000000000000455,0.5,4.399999999999864,1298.1,19.1,68.4,1.35,2.41,5.2,1,O3
2025-07-23T12:35:26Z,QAQ,39.60000000000002,2.300000000000068,0.40000000000009095,4.399999999999864,1295.7,19.1,68.4,1.26,2.18,6.03,1,O3
2025-07-23T12:36:26Z,QAQ,40.200000000000045,2.199999999999932,0.3000000000001819,4.399999999999864,1294.5,19.1,68.4,1.39,2.4,3.76,1,O3
2025-07-23T12:37:26Z,QAQ,40.5,2.2000000000000455,0.3000000000001819,4.399999999999864,1295.6,19.1,68.4,1.31,2.42,4.81,1,O3
2025-07-23T12:38:26Z,QAQ,38.700000000000045,2,0.5,4.2000000000000455,1298.7,19.1,68.7,1.28,2.65,6.8,1,O3
2025-07-23T12:39:26Z,QAQ,39.60000000000002,2.3999999999999773,0.5,4.399999999999864,1299.4,19.1,68.7,1.3,2.32,4.61,1,O3
2025-07-23T12:40:26Z,QAQ,39.89999999999998,2.300000000000068,0.40000000000009095,4.2999999999999545,1303.4,19.1,68.8,1.32,2.3,6.49,1,O3
2025-07-23T12:41:26Z,QAQ,40.799999999999955,2.2999999999999545,0.2999999999999545,4.5,1302.3,19.1,68.8,1.34,2.24,3.84,1,O3
2025-07-23T12:42:26Z,QAQ,39.200000000000045,2.3999999999999773,0.2999999999999545,4.2999999999999545,1298.3,19.1,68.9,1.38,2.41,6.83,1,O3
2025-07-23T12:43:26Z,QAQ,39.700000000000045,2.099999999999909,0.2999999999999545,4.2999999999999545,1300,19.1,68.9,1.35,2.13,4.79,1,O3
2025-07-23T12:44:26Z,QAQ,39,2.2999999999999545,0.40000000000009095,4.2999999999999545,1301.6,19.1,68.9,1.41,2.42,5.18,1,O3
2025-07-23T12:45:26Z,QAQ,39.5,2.5,0.40000000000009095,4.2999999999999545,1303,19.1,68.9,1.29,2.16,3.56,1,O3
2025-07-23T12:46:26Z,QAQ,40.10000000000002,2.2999999999999545,0.5,4.2999999999999545,1303.1,19.1,69,1.4,2.68,5.13,1,O3
2025-07-23T12:47:26Z,QAQ,40.799999999999955,2.2999999999999545,0.20000000000004547,4.400000000000091,1302.3,19.1,69,1.4,2.54,6.84,1,O3
2025-07-23T12:48:26Z,QAQ,40.299999999999955,2.199999999999932,0.40000000000009095,4.099999999999909,1302.4,19.1,69.1,1.32,2.21,3.74,1,O3
2025-07-23T12:49:26Z,QAQ,40.60000000000002,2.2999999999999545,0.599999999999909,4.2000000000000455,1303,19.1,69.1,1.43,2.33,3.63,1,O3
2025-07-23T12:50:26Z,QAQ,39.799999999999955,2.2000000000000455,0.2999999999999545,4.2000000000000455,1303.1,19.1,69.1,1.37,2.02,3,1,O3
2025-07-23T12:51:26Z,QAQ,40.10000000000002,2.3999999999999773,0.20000000000004547,4.2000000000000455,1302.2,19.1,69.2,1.4,2.39,4.68,1,O3
2025-07-23T12:52:26Z,QAQ,39.5,2.199999999999932,0.20000000000004547,4.2000000000000455,1302.5,19.1,69.2,1.38,2.63,7.02,1,O3
2025-07-23T12:53:26Z,QAQ,41.299999999999955,2.3999999999999773,0.5,4.2000000000000455,1307.5,19.1,69.2,1.3,1.89,3.46,1,O3
2025-07-23T12:54:26Z,QAQ,39.5,2.2999999999999545,0.2999999999999545,4.100000000000136,1304.8,19.1,69.2,1.29,2.38,5.55,1,O3
2025-07-23T12:55:26Z,QAQ,39.39999999999998,2.2999999999999545,0.40000000000009095,4.2000000000000455,1304.9,19.1,69.2,1.42,2.55,5.93,1,O3
2025-07-23T12:56:26Z,QAQ,39.80000000000007,2.5,0.20000000000004547,4.2000000000000455,1304.7,19.1,69.3,1.4,2.48,3.82,1,O3
2025-07-23T12:57:26Z,QAQ,38.89999999999998,2.2999999999999545,0.40000000000009095,4.2000000000000455,1305,19.1,69.3,1.35,2.37,3.96,1,O3
2025-07-23T12:58:26Z,QAQ,39.799999999999955,2.300000000000068,0.2999999999999545,4.100000000000136,1304.5,19.1,69.3,1.36,2.28,4.06,1,O3
2025-07-23T12:59:26Z,QAQ,41.30000000000007,2.5,0.3999999999998636,3.900000000000091,1302,19.1,69.4,1.29,2.07,6.37,1,O3
2025-07-23T13:00:26Z,QAQ,39.5,2.2999999999999545,0.40000000000009095,4,1306.6,19.1,69.4,1.28,2.24,4.62,1,O3
2025-07-23T13:01:26Z,QAQ,40.700000000000045,2.3999999999999773,0.5,4,1304.6,19.1,69.3,1.28,2.18,5.35,1,O3
2025-07-23T13:02:26Z,QAQ,40.09999999999991,2.300000000000068,0.09999999999990904,4,1306.5,19.1,69.4,1.34,2.46,5.51,1,O3
2025-07-23T13:03:26Z,QAQ,39.39999999999998,2.5,0.40000000000009095,3.7999999999999545,1303.9,19.1,69.4,1.36,2.45,4.28,1,O3
2025-07-23T13:04:26Z,QAQ,39.40000000000009,2.3999999999999773,0.3000000000001819,4,1304.6,19,69.5,1.36,2.91,6.43,1,O3
2025-07-23T13:05:26Z,QAQ,39.69999999999993,2.3999999999999773,0.5,3.800000000000182,1304.8,19,69.5,1.37,2.75,5.62,1,O3
2025-07-23T13:06:26Z,QAQ,38.39999999999998,2.2999999999999545,0.20000000000004547,3.899999999999864,1308.5,19,69.5,1.32,2.09,3.89,1,O3
2025-07-23T13:07:26Z,QAQ,40.89999999999998,2.300000000000068,0.20000000000004547,3.7999999999999545,1306.8,19,69.6,1.28,2.18,4.14,1,O3
2025-07-23T13:08:26Z,QAQ,39,2.699999999999932,0.2999999999999545,3.900000000000091,1306.6,19,69.6,1.36,2.21,3.45,1,O3
2025-07-23T13:09:26Z,QAQ,39.5,2.3999999999999773,0.20000000000004547,3.599999999999909,1306.4,19,69.7,1.34,2.46,4.39,1,O3
2025-07-23T13:10:26Z,QAQ,38.200000000000045,2.1000000000000227,0.3000000000001819,3.699999999999818,1309.3,19,69.8,1.38,2.24,3.98,1,O3
2025-07-23T13:11:26Z,QAQ,39,2.300000000000068,0.20000000000004547,3.7000000000000455,1307.9,19,69.8,1.41,2.67,7.74,1,O3
2025-07-23T13:12:26Z,QAQ,38.299999999999955,2.300000000000068,0.2999999999999545,3.7000000000000455,1310.2,18.9,69.8,1.37,2.36,5.94,1,O3
2025-07-23T13:13:26Z,QAQ,38.80000000000007,2.5,0.09999999999990904,3.7000000000000455,1306.9,18.9,69.8,1.38,2.5,5.35,1,O3
2025-07-23T13:14:26Z,QAQ,39,2.2000000000000455,0.20000000000004547,3.899999999999864,1306.8,18.9,69.7,1.29,2.13,3.64,1,O3
2025-07-23T13:15:26Z,QAQ,39,2.5,0,4,1304,18.9,69.6,1.34,2.31,5.61,1,O3
2025-07-23T13:16:26Z,QAQ,38.89999999999998,2.300000000000068,0.40000000000009095,4,1308.2,18.9,69.6,1.36,2.34,5.2,1,O3
2025-07-23T13:17:26Z,QAQ,37.700000000000045,2.5,0.2999999999999545,3.7999999999999545,1304.6,18.9,69.7,1.37,2.39,5.11,1,O3
2025-07-23T13:18:26Z,QAQ,38,2.5,0.20000000000004547,3.7999999999999545,1305.8,18.9,69.8,1.3,2.22,4.67,1,O3
2025-07-23T13:19:26Z,QAQ,39,2.3999999999999773,0.20000000000004547,3.7999999999999545,1306.3,18.9,69.9,1.3,2.24,4.8,1,O3
2025-07-23T13:20:26Z,QAQ,37.89999999999998,2.5,-0.10000000000013642,4.2000000000000455,1306.5,18.9,69.8,1.32,2.32,6.91,1,O3
2025-07-23T13:21:26Z,QAQ,37.39999999999998,2.2999999999999545,0.2999999999999545,3.900000000000091,1305,18.9,69.9,1.39,2.3,5.36,1,O3
2025-07-23T13:22:26Z,QAQ,38.200000000000045,2.3999999999999773,0.10000000000013642,4,1301.9,18.9,70,1.39,3.02,6.86,1,O3
2025-07-23T13:23:26Z,QAQ,39,2.400000000000091,0.20000000000004547,3.7999999999999545,1308.4,18.9,70,1.44,2.74,8.43,1,O3
2025-07-23T13:24:26Z,QAQ,37.89999999999998,2.300000000000068,0.20000000000004547,4,1307.2,18.8,70,1.33,2.1,3.53,1,O3
2025-07-23T13:25:26Z,QAQ,38.90000000000009,2.599999999999909,0.20000000000004547,3.900000000000091,1305.5,18.8,70.1,1.42,2.77,6.97,1,O3
2025-07-23T13:26:26Z,QAQ,38,2.1000000000000227,0.20000000000004547,4.099999999999909,1306,18.8,70.1,1.45,2.67,4.8,1,O3
2025-07-23T13:27:26Z,QAQ,38.700000000000045,2.2999999999999545,0.3000000000001819,3.7999999999999545,1305.5,18.8,70.1,1.5,2.44,3.62,1,O3
2025-07-23T13:28:26Z,QAQ,38.299999999999955,2.300000000000068,0.2999999999999545,4,1302.2,18.8,70.1,1.35,2.29,3.67,1,O3
2025-07-23T13:29:26Z,QAQ,38.200000000000045,2.2999999999999545,0.3999999999998636,4,1302,18.8,70.2,1.36,2.28,5.31,1,O3
2025-07-23T13:30:26Z,QAQ,37,2.5,0.20000000000004547,3.7999999999999545,1305.5,18.8,70.2,1.33,2.28,4.43,1,O3
2025-07-23T13:31:26Z,QAQ,38.200000000000045,2.300000000000068,0.10000000000013642,4,1300.9,18.8,70.2,1.31,2.27,5.26,1,O3
2025-07-23T13:32:26Z,QAQ,39.30000000000007,2.2999999999999545,0.40000000000009095,3.7999999999999545,1306.9,18.8,70.3,1.38,2.38,4.68,1,O3
2025-07-23T13:33:26Z,QAQ,38.5,2.3999999999999773,0.2999999999999545,3.900000000000091,1303.6,18.8,70.3,1.4,2.31,5.12,1,O3
2025-07-23T13:34:26Z,QAQ,39,2.400000000000091,0.20000000000004547,4,1307.7,18.8,70.2,1.4,2.29,4.43,1,O3
2025-07-23T13:35:26Z,QAQ,38.60000000000002,2.300000000000068,0.09999999999990904,4,1306,18.8,70.2,1.4,2.62,6.23,1,O3
2025-07-23T13:36:26Z,QAQ,39.799999999999955,2.3999999999999773,0.2999999999999545,4.2000000000000455,1307.4,18.8,70.2,1.37,2.24,4.76,1,O3
2025-07-23T13:37:26Z,QAQ,37.89999999999998,2.6000000000000227,0.3000000000001819,3.899999999999864,1307.2,18.8,70.2,1.44,2.25,4.9,1,O3
2025-07-23T13:38:26Z,QAQ,37.59999999999991,2.300000000000068,0.3999999999998636,4.100000000000136,1306.3,18.8,70.1,1.34,2.51,5.83,1,O3
2025-07-23T13:39:26Z,QAQ,38.09999999999991,2.3999999999999773,0.09999999999990904,4,1305.9,18.8,70.2,1.47,2.63,5.36,1,O3
2025-07-23T13:40:26Z,QAQ,38,2.1000000000000227,0.20000000000004547,3.899999999999864,1309.3,18.8,70.2,1.32,2.52,7.37,1,O3
2025-07-23T13:41:26Z,QAQ,38.10000000000002,2.400000000000091,0,4.100000000000136,1306.6,18.8,70.2,1.3,2.2,3.84,1,O3
2025-07-23T13:42:26Z,QAQ,38.5,2.5,0.20000000000004547,4,1301.7,18.8,70.1,1.38,2.74,5.19,1,O3
2025-07-23T13:43:26Z,QAQ,38.10000000000002,2.400000000000091,0.09999999999990904,4,1304.6,18.8,70.2,1.4,2.46,3.81,1,O3
2025-07-23T13:44:26Z,QAQ,38.700000000000045,2.400000000000091,0.09999999999990904,4.2999999999999545,1306.6,18.8,70.2,1.43,2.54,4.95,1,O3
2025-07-23T13:45:26Z,QAQ,36.80000000000007,2.6000000000000227,0.3000000000001819,4.199999999999818,1303.4,18.8,70.2,1.38,2.23,3.87,1,O3
2025-07-23T13:46:26Z,QAQ,37.39999999999998,2.5,0.10000000000013642,4,1305.1,18.8,70.2,1.35,2.35,7.15,1,O3
2025-07-23T13:47:26Z,QAQ,38,2.2999999999999545,0,4.2999999999999545,1304.8,18.8,70.1,1.33,2.3,4.07,1,O3
2025-07-23T13:48:26Z,QAQ,37.799999999999955,2.400000000000091,0.10000000000013642,4.099999999999909,1307.6,18.8,70.1,1.29,2.07,5.11,1,O3
2025-07-23T13:49:26Z,QAQ,37.700000000000045,2.6000000000000227,-0.10000000000013642,4.100000000000136,1302.5,18.8,70,1.27,2.3,5.46,1,O3
2025-07-23T13:50:26Z,QAQ,37.89999999999998,2.699999999999932,0,4.2000000000000455,1309.1,18.8,69.9,1.33,2.32,6.72,1,O3
2025-07-23T13:51:26Z,QAQ,39,2.699999999999932,0.09999999999990904,4.100000000000136,1301.2,18.8,69.8,1.42,2.45,4.45,1,O3
2025-07-23T13:52:26Z,QAQ,37.19999999999993,2.6000000000000227,0,4.2000000000000455,1306.7,18.9,69.8,1.4,2.71,5.69,1,O3
2025-07-23T13:53:26Z,QAQ,37.90000000000009,2.2999999999999545,-0.10000000000013642,4.2000000000000455,1302.7,18.9,69.7,1.35,2.3,5.72,1,O3
2025-07-23T13:54:26Z,QAQ,38.89999999999998,2.5,0,4.2999999999999545,1306.3,18.9,69.7,1.41,2.4,3.91,1,O3
2025-07-23T13:55:26Z,QAQ,37.89999999999998,2.3999999999999773,0,4.2000000000000455,1308.3,18.9,69.7,1.31,2.51,5.63,1,O3
2025-07-23T13:56:26Z,QAQ,39.700000000000045,2.300000000000068,0,4.2000000000000455,1300.9,18.9,69.6,1.33,2.44,7.68,1,O3
2025-07-23T13:57:26Z,QAQ,38,2.7999999999999545,0,4.199999999999818,1307.2,18.9,69.5,1.34,2.36,4.49,1,O3
2025-07-23T13:58:26Z,QAQ,38,2.7000000000000455,-0.20000000000004547,4.400000000000091,1303.5,18.9,69.5,1.33,2.62,5.31,1,O3
2025-07-23T13:59:26Z,QAQ,38.30000000000007,2.599999999999909,-0.09999999999990904,4.199999999999818,1306.2,18.9,69.4,1.34,2.54,5.19,1,O3
2025-07-23T14:00:26Z,QAQ,39.19999999999993,2.7999999999999545,0.09999999999990904,4.100000000000136,1308.2,19,69.4,1.28,2.11,2.67,1,O3
2025-07-23T14:01:26Z,QAQ,36.69999999999993,2.6000000000000227,0,4.2999999999999545,1306.7,19,69.4,1.19,2.09,4.58,1,O3
2025-07-23T14:02:26Z,QAQ,38.5,2.800000000000068,0,4,1308,19,69.3,1.23,2.37,6.46,1,O3
2025-07-23T14:03:26Z,QAQ,38.60000000000002,2.6000000000000227,-0.20000000000004547,4.2000000000000455,1305.4,19,69.3,1.26,2.36,3.87,1,O3
2025-07-23T14:04:26Z,QAQ,38.200000000000045,2.7000000000000455,-0.10000000000013642,4.100000000000136,1306.8,19,69.2,1.26,1.98,4.56,1,O3
2025-07-23T14:05:26Z,QAQ,38.200000000000045,2.7000000000000455,0,3.899999999999864,1309.3,19,69.1,1.26,2.07,4.83,1,O3
2025-07-23T14:06:26Z,QAQ,38.59999999999991,2.7999999999999545,-0.09999999999990904,4.099999999999909,1309.7,19.1,69.1,1.26,2.23,3.85,1,O3
2025-07-23T14:07:26Z,QAQ,39,2.8999999999999773,-0.2999999999999545,4.099999999999909,1308.4,19.1,69,1.33,2.23,6.19,1,O3
2025-07-23T14:08:26Z,QAQ,38,3,0.20000000000004547,4,1308.4,19.1,69,1.34,2.25,4.7,1,O3
2025-07-23T14:09:26Z,QAQ,38.60000000000002,2.7000000000000455,-0.09999999999990904,4.099999999999909,1310.3,19.1,68.9,1.4,2.66,5.85,1,O3
2025-07-23T14:10:26Z,QAQ,38.59999999999991,2.8999999999999773,-0.09999999999990904,4,1310.3,19.1,68.8,1.3,2.31,5.3,1,O3
2025-07-23T14:11:26Z,QAQ,37.5,2.6000000000000227,0,3.900000000000091,1308,19.1,68.9,1.35,2.69,4.49,1,O3
2025-07-23T14:12:26Z,QAQ,38.299999999999955,2.8999999999999773,-0.3999999999998636,4.099999999999909,1311,19.1,68.8,1.28,2.25,3.88,1,O3
2025-07-23T14:13:26Z,QAQ,38,3.1000000000000227,-0.20000000000004547,4,1309.4,19.1,68.8,1.28,2.43,7.98,1,O3
2025-07-23T14:14:26Z,QAQ,38.5,2.7000000000000455,-0.10000000000013642,4,1310.1,19.2,68.7,1.18,1.79,3.27,1,O3
2025-07-23T14:15:26Z,QAQ,38,2.7000000000000455,-0.20000000000004547,4,1307.1,19.2,68.6,1.26,2.27,3.46,1,O3
2025-07-23T14:16:26Z,QAQ,38.299999999999955,2.900000000000091,-0.10000000000013642,3.900000000000091,1314.2,19.2,68.7,1.33,2.36,3.82,1,O3
2025-07-23T14:17:26Z,QAQ,38.69999999999993,2.800000000000068,-0.20000000000004547,4,1309.5,19.2,68.7,1.37,2.36,4.8,1,O3
2025-07-23T14:18:26Z,QAQ,39.80000000000007,2.8999999999999773,-0.2999999999999545,3.899999999999864,1311.4,19.2,68.6,1.3,2.26,5.26,1,O3
2025-07-23T14:19:26Z,QAQ,37.60000000000002,2.7999999999999545,-0.20000000000004547,3.900000000000091,1309,19.2,68.5,1.29,2.38,3.92,1,O3
2025-07-23T14:20:26Z,QAQ,38.19999999999993,2.7999999999999545,-0.20000000000004547,4,1307.2,19.2,68.5,1.32,2.18,4.85,1,O3
2025-07-23T14:21:26Z,QAQ,37.5,3,-0.3999999999998636,3.899999999999864,1310,19.2,68.3,1.32,2.49,5.58,1,O3
2025-07-23T14:22:26Z,QAQ,37.10000000000002,2.8999999999999773,-0.09999999999990904,4,1307.9,19.2,68.3,1.23,2,3.41,1,O3
2025-07-23T14:23:26Z,QAQ,38,3.1000000000000227,-0.2999999999999545,3.899999999999864,1308.9,19.3,68.3,1.34,2.39,4.92,1,O3
2025-07-23T14:24:26Z,QAQ,39.60000000000002,3,-0.09999999999990904,3.899999999999864,1308.6,19.3,68.2,1.19,1.88,2.88,1,O3
2025-07-23T14:25:26Z,QAQ,39.30000000000007,3.1000000000000227,-0.5,3.900000000000091,1311.2,19.3,68.1,1.21,2.03,4.12,1,O3
2025-07-23T14:26:26Z,QAQ,39,2.8999999999999773,-0.20000000000004547,4.100000000000136,1309.9,19.3,68,1.22,2.21,7.29,1,O3
2025-07-23T14:27:26Z,QAQ,38.60000000000002,3.1000000000000227,-0.2999999999999545,3.899999999999864,1307.9,19.3,68,1.28,2.45,3.97,1,O3
2025-07-23T14:28:26Z,QAQ,38.69999999999993,3.2000000000000455,-0.3000000000001819,3.900000000000091,1307.6,19.3,67.9,1.3,2.33,5.97,1,O3
2025-07-23T14:29:26Z,QAQ,39.299999999999955,3.2000000000000455,-0.10000000000013642,3.6000000000001364,1312.7,19.3,68.2,1.3,1.96,3.11,1,O3
2025-07-23T14:30:26Z,QAQ,38.799999999999955,3.199999999999932,-0.20000000000004547,3.7000000000000455,1316.8,19.3,68.1,1.24,2,4.05,1,O3
2025-07-23T14:31:26Z,QAQ,39.30000000000007,2.900000000000091,0,3.5,1315.2,19.3,68.3,1.31,1.99,4.03,1,O3
2025-07-23T14:32:26Z,QAQ,39.799999999999955,3.300000000000068,-0.1999999999998181,3.3999999999998636,1318.4,19.3,68.4,1.26,2.23,4.63,1,O3
2025-07-23T14:33:26Z,QAQ,40,3.2000000000000455,-0.10000000000013642,3.400000000000091,1318,19.3,68.3,1.21,1.99,3.41,1,O3
2025-07-23T14:34:26Z,QAQ,41.80000000000007,3.2000000000000455,0.09999999999990904,3.400000000000091,1318.2,19.3,68.3,1.27,2.24,5.18,1,O3
2025-07-23T14:35:26Z,QAQ,38.89999999999998,3,-0.20000000000004547,3.400000000000091,1316.2,19.3,68.3,1.31,2.02,4.38,1,O3
2025-07-23T14:36:26Z,QAQ,40.09999999999991,3.1000000000000227,-0.10000000000013642,3.400000000000091,1317,19.3,68.3,1.24,2.2,5.66,1,O3
2025-07-23T14:37:26Z,QAQ,38.700000000000045,3,-0.20000000000004547,3.5,1318.1,19.3,68.3,1.18,1.98,4.25,1,O3
2025-07-23T14:38:26Z,QAQ,38.5,3.1000000000000227,-0.40000000000009095,3.6000000000001364,1316.6,19.3,68.2,1.23,2.22,3.48,1,O3
2025-07-23T14:39:26Z,QAQ,40,3.1000000000000227,-0.2999999999999545,3.3999999999998636,1313.2,19.3,68.2,1.31,2.2,3.57,1,O3
2025-07-23T14:40:26Z,QAQ,39.69999999999993,3.1000000000000227,-0.2999999999999545,3.599999999999909,1314.7,19.3,68.2,1.23,2.2,3.6,1,O3
2025-07-23T14:41:26Z,QAQ,40.200000000000045,3.199999999999932,-0.20000000000004547,3.6000000000001364,1312.3,19.3,68.1,1.27,2.16,4.9,1,O3
2025-07-23T14:42:26Z,QAQ,40.59999999999991,3.2999999999999545,-0.2999999999999545,3.7000000000000455,1307.4,19.3,68,1.34,2.43,4.61,1,O3
2025-07-23T14:43:26Z,QAQ,39.09999999999991,3.2000000000000455,-0.20000000000004547,3.6000000000001364,1310.5,19.3,68,1.29,2.44,4.89,1,O3
2025-07-23T14:44:26Z,QAQ,39.799999999999955,3,0,3.3999999999998636,1314.2,19.3,68.1,1.29,2.12,3.55,1,O3
2025-07-23T14:45:26Z,QAQ,40.5,3.1000000000000227,0.10000000000013642,3.3999999999998636,1314.9,19.3,68.3,1.26,1.96,3.21,1,O3
2025-07-23T14:46:26Z,QAQ,40.700000000000045,3,-0.2999999999999545,3.599999999999909,1314.8,19.3,68.2,1.27,1.99,3.66,1,O3
2025-07-23T14:47:26Z,QAQ,40,2.8999999999999773,-0.20000000000004547,3.5,1314,19.3,68.1,1.32,2.37,4.06,1,O3
2025-07-23T14:48:26Z,QAQ,40.10000000000002,3.1000000000000227,-0.20000000000004547,3.2999999999999545,1313.6,19.3,68.2,1.24,1.98,3.29,1,O3
2025-07-23T14:49:26Z,QAQ,39.10000000000002,3,-0.09999999999990904,3.5,1316,19.3,68.2,1.31,2.08,3.2,1,O3
2025-07-23T14:50:26Z,QAQ,39.89999999999998,3,-0.3000000000001819,3.5,1318,19.3,68.3,1.32,2.32,3.43,1,O3
2025-07-23T14:51:26Z,QAQ,39.59999999999991,3.199999999999932,0.10000000000013642,3.2999999999999545,1316.4,19.3,68.3,1.22,2.03,3.65,1,O3
2025-07-23T14:52:26Z,QAQ,38.80000000000007,3.1000000000000227,-0.40000000000009095,3.5,1315.5,19.3,68.3,1.32,2.09,4.91,1,O3
2025-07-23T14:53:26Z,QAQ,38.89999999999998,3.300000000000068,-0.20000000000004547,3.599999999999909,1313,19.3,68.2,1.35,2.49,5.28,1,O3
2025-07-23T14:54:26Z,QAQ,38.40000000000009,3.199999999999932,-0.2999999999999545,3.599999999999909,1315.8,19.3,68.1,1.3,2.24,4.14,1,O3
2025-07-23T14:55:26Z,QAQ,38.89999999999998,3.199999999999932,-0.40000000000009095,4,1315.8,19.3,68.1,1.33,1.97,5.1,1,O3
2025-07-23T14:56:26Z,QAQ,39.39999999999998,3,-0.5,3.599999999999909,1313.6,19.3,68.2,1.27,2.1,3.39,1,O3
2025-07-23T14:57:26Z,QAQ,38.5,3.2000000000000455,-0.2999999999999545,3.5,1315.8,19.3,68.2,1.31,2.27,5.73,1,O3
2025-07-23T14:58:26Z,QAQ,37.39999999999998,3.1000000000000227,-0.20000000000004547,3.5,1315.5,19.3,68.2,1.3,2.17,3.85,1,O3
2025-07-23T14:59:26Z,QAQ,38.799999999999955,3,-0.40000000000009095,3.599999999999909,1315.3,19.3,68.1,1.25,2.17,4.66,1,O3
2025-07-23T15:00:26Z,QAQ,38.90000000000009,2.8999999999999773,-0.2999999999999545,3.599999999999909,1314.6,19.3,68.1,1.33,2.19,4.88,1,O3
2025-07-23T15:01:26Z,QAQ,40.10000000000002,3.2000000000000455,-0.2999999999999545,3.699999999999818,1316.1,19.3,68.1,1.31,2.63,6.93,1,O3
2025-07-23T15:02:26Z,QAQ,40.200000000000045,3.2000000000000455,-0.2999999999999545,3.599999999999909,1313,19.3,68.1,1.21,2.13,3.92,1,O3
2025-07-23T15:03:26Z,QAQ,39.799999999999955,3.2999999999999545,-0.3000000000001819,3.5,1315.5,19.4,68,1.29,2.13,3.01,1,O3
2025-07-23T15:04:26Z,QAQ,41.5,3.1000000000000227,-0.40000000000009095,3.599999999999909,1315.9,19.4,68,1.38,2.2,2.96,1,O3
2025-07-23T15:05:26Z,QAQ,41.299999999999955,3.2999999999999545,0.20000000000004547,3.3999999999998636,1317.5,19.4,68.2,1.34,2.26,3.8,1,O3
2025-07-23T15:06:26Z,QAQ,43.799999999999955,3,0.20000000000004547,3.199999999999818,1321.6,19.4,68.5,1.27,2.4,5.52,1,O3
2025-07-23T15:07:26Z,QAQ,45,3.2000000000000455,-0.09999999999990904,3.099999999999909,1322.5,19.4,68.6,1.26,2.25,5.43,1,O3
2025-07-23T15:08:26Z,QAQ,44.60000000000002,3.5,0.09999999999990904,3,1324.5,19.4,68.6,1.34,2.77,6.56,1,O3
2025-07-23T15:09:26Z,QAQ,44.5,3.2000000000000455,-0.20000000000004547,3.1000000000001364,1321.3,19.4,68.5,1.27,2.19,5.19,1,O3
2025-07-23T15:10:26Z,QAQ,45.89999999999998,3.3999999999999773,0.09999999999990904,3.2000000000000455,1322.2,19.4,68.4,1.28,1.96,4.12,1,O3
2025-07-23T15:11:26Z,QAQ,46.60000000000002,3.2000000000000455,0,3.2000000000000455,1318.9,19.4,68.4,1.35,2.4,4.59,1,O3
2025-07-23T15:12:26Z,QAQ,44.200000000000045,3.2999999999999545,-0.2999999999999545,3.2000000000000455,1317.4,19.4,68.4,1.24,2.03,5.32,1,O3
2025-07-23T15:13:26Z,QAQ,44.700000000000045,3.3999999999999773,0,3.2999999999999545,1321,19.4,68.2,1.29,1.9,3.57,1,O3
2025-07-23T15:14:26Z,QAQ,44.200000000000045,3.5,-0.40000000000009095,3.5,1319.8,19.4,68.1,1.29,2.36,5.01,1,O3
2025-07-23T15:15:26Z,QAQ,44.5,3.2000000000000455,-0.20000000000004547,3.2999999999999545,1316.2,19.3,68.1,1.37,2.67,8.76,1,O3
2025-07-23T15:16:26Z,QAQ,50.89999999999998,3.1000000000000227,0.09999999999990904,3.2000000000000455,1318.4,19.3,68.3,1.26,1.99,4.07,1,O3
2025-07-23T15:17:26Z,QAQ,53.200000000000045,3.2000000000000455,0,3,1320.4,19.4,68.5,1.26,1.97,6.68,1,O3
2025-07-23T15:18:26Z,QAQ,51.60000000000002,3.199999999999932,0.20000000000004547,3.1000000000001364,1318.8,19.3,68.6,1.25,2.39,4.49,1,O3
2025-07-23T15:19:26Z,QAQ,51.60000000000002,3.199999999999932,-0.10000000000013642,3.1000000000001364,1320.2,19.3,68.6,1.31,2.17,7.66,1,O3
2025-07-23T15:20:26Z,QAQ,51.10000000000002,3.400000000000091,0,3.1000000000001364,1321.9,19.3,68.5,1.31,2.21,5.2,1,O3
2025-07-23T15:21:26Z,QAQ,50.60000000000002,3.2999999999999545,0,2.7999999999999545,1320.4,19.3,68.6,1.25,1.92,3.55,1,O3
2025-07-23T15:22:26Z,QAQ,48.5,3.5,-0.20000000000004547,3.2000000000000455,1321.8,19.3,68.6,1.29,1.96,3.51,1,O3
2025-07-23T15:23:26Z,QAQ,48.39999999999998,3.199999999999932,0,3,1319.2,19.3,68.6,1.27,2.2,5.3,1,O3
2025-07-23T15:24:26Z,QAQ,49.39999999999998,3.2999999999999545,0.10000000000013642,3,1321.3,19.3,68.6,1.42,2.71,4.72,1,O3
2025-07-23T15:25:26Z,QAQ,48.299999999999955,3.199999999999932,0.09999999999990904,3.1000000000001364,1320.9,19.3,68.6,1.46,2.34,3.39,1,O3
2025-07-23T15:26:26Z,QAQ,48.60000000000002,3.5,0.10000000000013642,3,1323.2,19.3,68.6,1.39,1.96,7.87,1,O3
2025-07-23T15:27:26Z,QAQ,49,3.6000000000000227,0.10000000000013642,3.099999999999909,1320,19.3,68.5,1.38,2.41,3.91,1,O3
2025-07-23T15:28:26Z,QAQ,48.59999999999991,3.5,0.10000000000013642,3.099999999999909,1322,19.3,68.5,1.36,2.47,4.76,1,O3
2025-07-23T15:29:26Z,QAQ,48.5,3.5,-0.10000000000013642,3.1000000000001364,1317.3,19.3,68.6,1.38,2.6,6.8,1,O3
2025-07-23T15:30:26Z,QAQ,48.39999999999998,3.2000000000000455,0.3000000000001819,2.8999999999998636,1320.8,19.4,68.6,1.35,2.37,4.25,1,O3
2025-07-23T15:31:26Z,QAQ,48.200000000000045,3.3999999999999773,0.09999999999990904,3.1000000000001364,1323.6,19.4,68.7,1.26,2,3.71,1,O3
2025-07-23T15:32:26Z,QAQ,48.700000000000045,3.300000000000068,0,3.1000000000001364,1322,19.4,68.8,1.39,2.24,4.19,1,O3
2025-07-23T15:33:26Z,QAQ,47.10000000000002,3.5,-0.10000000000013642,3.1000000000001364,1323.7,19.4,68.8,1.26,2.08,4.12,1,O3
2025-07-23T15:34:26Z,QAQ,48.5,3.3999999999999773,-0.2999999999999545,2.8999999999998636,1322.9,19.4,68.8,1.32,2.14,4.09,1,O3
2025-07-23T15:35:26Z,QAQ,48.30000000000007,3.5,0.09999999999990904,3.1000000000001364,1321.8,19.4,68.7,1.31,2.31,5.37,1,O3
2025-07-23T15:36:26Z,QAQ,49.10000000000002,3.5,0.09999999999990904,3.1000000000001364,1322.2,19.4,68.6,1.34,2.41,4.23,1,O3
2025-07-23T15:37:26Z,QAQ,48.90000000000009,3.6000000000000227,0,3,1323.3,19.4,68.6,1.44,2.34,4.81,1,O3
2025-07-23T15:38:26Z,QAQ,48,3.6000000000000227,0,3.2000000000000455,1323.3,19.4,68.6,1.3,2.26,4.52,1,O3
2025-07-23T15:39:26Z,QAQ,47.69999999999993,3.5,0.20000000000004547,3,1324.5,19.4,68.6,1.34,2.19,3.96,1,O3
2025-07-23T15:40:26Z,QAQ,48.10000000000002,3.3999999999999773,0.10000000000013642,3.099999999999909,1322.6,19.4,68.6,1.42,2.22,3.12,1,O3
2025-07-23T15:41:26Z,QAQ,51.799999999999955,3.699999999999932,0.09999999999990904,3,1319.3,19.4,68.7,1.49,2.7,5.21,1,O3
2025-07-23T15:42:26Z,QAQ,55.299999999999955,3.8999999999999777,0.09999999999990904,3,1324.2,19.4,68.8,1.39,2.41,6.53,1,O3
2025-07-23T15:43:26Z,QAQ,52,3.6000000000000227,0.20000000000004547,3.099999999999909,1324.2,19.4,68.7,1.4,2.3,4.26,1,O3
2025-07-23T15:44:26Z,QAQ,54.799999999999955,3.7999999999999545,0.10000000000013642,3,1325.5,19.4,68.8,1.3,2.1,3.9,1,O3
2025-07-23T15:45:26Z,QAQ,55.5,3.7000000000000455,0,2.7999999999999545,1323.7,19.4,68.8,1.42,2.95,7.03,1,O3
2025-07-23T15:46:26Z,QAQ,55.40000000000009,3.8999999999999777,0.2999999999999545,2.7999999999999545,1324.6,19.4,68.9,1.38,2.4,6.79,1,O3
2025-07-23T15:47:26Z,QAQ,54.60000000000002,4,0,2.7999999999999545,1326.8,19.4,68.9,1.36,2.58,6.1,1,O3
2025-07-23T15:48:26Z,QAQ,54.200000000000045,3.8999999999999777,0.20000000000004547,2.8999999999998636,1326.8,19.4,68.9,1.38,2.37,5.17,1,O3
2025-07-23T15:49:26Z,QAQ,54.5,4.100000000000023,0.20000000000004547,2.7999999999999545,1327.1,19.4,68.9,1.42,2.38,3.99,1,O3
2025-07-23T15:50:26Z,QAQ,55.799999999999955,3.8999999999999777,0.10000000000013642,3,1327.8,19.4,68.9,1.39,2.41,5.82,1,O3
2025-07-23T15:51:26Z,QAQ,57,3.800000000000068,0.2999999999999545,2.7000000000000455,1327.6,19.4,68.9,1.35,2.37,3.84,1,O3
2025-07-23T15:52:26Z,QAQ,56.5,4,0.20000000000004547,2.7000000000000455,1327.8,19.5,68.8,1.38,2.22,3.47,1,O3
2025-07-23T15:53:26Z,QAQ,56.39999999999998,4,0.20000000000004547,2.900000000000091,1330.6,19.5,68.7,1.38,2.6,4.87,1,O3
2025-07-23T15:54:26Z,QAQ,56.799999999999955,4,0,2.7999999999999545,1327.4,19.6,68.5,1.31,2.54,5.9,1,O3
2025-07-23T15:55:26Z,QAQ,57.30000000000007,4.2000000000000455,0.1999999999998181,2.800000000000182,1328.4,19.6,68.2,1.4,2.67,7.79,1,O3
2025-07-23T15:56:26Z,QAQ,57.30000000000007,4.600000000000023,0.09999999999990904,2.900000000000091,1330.8,19.7,67.9,1.34,2.45,4.7,1,O3
2025-07-23T15:57:26Z,QAQ,55.89999999999998,4.399999999999977,0.09999999999990904,2.900000000000091,1327.1,19.8,67.6,1.34,2.29,4.19,1,O3
2025-07-23T15:58:26Z,QAQ,56.5,4.399999999999977,-0.20000000000004547,3.2000000000000455,1326.8,19.9,67.2,1.25,2.03,3.23,1,O3
2025-07-23T15:59:26Z,QAQ,56.19999999999993,4.2999999999999545,0,3.2000000000000455,1322.6,20,66.7,1.28,2.18,4.68,1,O3
2025-07-23T16:00:26Z,QAQ,57,4.100000000000023,-0.2999999999999545,3.5,1323.3,20.1,66.2,1.31,2.25,6.56,1,O3
2025-07-23T16:01:26Z,QAQ,58,4.100000000000023,-0.40000000000009095,3.2999999999999545,1325,20.3,65.9,1.25,2.03,3.51,1,O3
2025-07-23T16:02:26Z,QAQ,57.89999999999998,4.399999999999977,-0.3999999999998636,3.5,1324,20.4,65.5,1.36,2.43,5,1,O3
2025-07-23T16:03:26Z,QAQ,56.80000000000007,4.2999999999999545,-0.599999999999909,3.599999999999909,1323,20.5,65.1,1.23,1.89,2.72,1,O3
2025-07-23T16:04:26Z,QAQ,56.19999999999993,4.5,-0.6000000000001364,3.5,1323.8,20.6,64.7,1.23,2.27,4.32,1,O3
2025-07-23T16:05:26Z,QAQ,56.39999999999998,4.7000000000000455,-0.7000000000000455,3.6000000000001364,1322.9,20.7,64.3,1.22,1.96,3.12,1,O3
2025-07-23T16:06:26Z,QAQ,55.799999999999955,4.600000000000023,-0.7999999999999545,3.599999999999909,1323.3,20.8,63.8,1.24,2.42,5.46,1,O3
2025-07-23T16:07:26Z,QAQ,57.5,4.399999999999977,-0.7000000000000455,3.7999999999999545,1323.6,21,63.4,1.27,2.27,7.57,1,O3
2025-07-23T16:08:26Z,QAQ,57.299999999999955,4.800000000000068,-0.900000000000091,3.7000000000000455,1321.4,21.1,63,1.26,2.2,3.46,1,O3
2025-07-23T16:09:26Z,QAQ,56.10000000000002,4.7000000000000455,-1,3.7999999999999545,1320.9,21.2,62.6,1.22,1.99,3.46,1,O3
2025-07-23T16:10:26Z,QAQ,57.299999999999955,4.899999999999977,-0.7000000000000455,3.7000000000000455,1326.8,21.4,62.1,1.2,1.91,7.35,1,O3
2025-07-23T16:11:26Z,QAQ,58.19999999999993,5.400000000000091,-1.2999999999999543,3.7000000000000455,1324.9,21.5,61.6,1.26,2.33,3.44,1,O3
2025-07-23T16:12:26Z,QAQ,58.89999999999998,5.100000000000023,-1.1000000000001364,3.7999999999999545,1322.4,21.6,61.1,1.26,2.21,7.12,1,O3
2025-07-23T16:13:26Z,QAQ,59.69999999999993,5.399999999999977,-1.099999999999909,3.699999999999818,1321.2,21.7,60.9,1.29,2.34,4.53,1,O3
2025-07-23T16:14:26Z,QAQ,60.60000000000002,5.899999999999977,-1.2000000000000457,3.800000000000182,1325.1,21.8,60.4,1.32,2.26,4.36,1,O3
2025-07-23T16:15:26Z,QAQ,58.200000000000045,5.7999999999999545,-1.2999999999999543,3.7000000000000455,1321.9,22,59.8,1.31,2.15,5.92,1,O3
2025-07-23T16:16:26Z,QAQ,58.10000000000002,6.099999999999909,-1.2999999999999543,3.7000000000000455,1323.3,22.1,59.4,1.25,2.18,3.63,1,O3
2025-07-23T16:17:26Z,QAQ,60,6.400000000000091,-1.2999999999999543,3.7000000000000455,1324.7,22.2,59.1,1.19,1.96,4.58,1,O3
2025-07-23T16:18:26Z,QAQ,57.69999999999993,6.300000000000068,-1.7000000000000457,3.7999999999999545,1322.2,22.3,58.5,1.23,2.19,3.54,1,O3
2025-07-23T16:19:26Z,QAQ,58.200000000000045,6.599999999999909,-1.900000000000091,3.7999999999999545,1323.6,22.4,58,1.24,2.26,4.32,1,O3
2025-07-23T16:20:26Z,QAQ,58.89999999999998,6.5,-2,3.7999999999999545,1322.2,22.5,57.5,1.21,2.12,3.79,1,O3
2025-07-23T16:21:26Z,QAQ,56.60000000000002,6.199999999999932,-2.1000000000001364,4.2000000000000455,1320.8,22.6,56.9,1.19,2.29,5.69,1,O3
2025-07-23T16:22:26Z,QAQ,54.30000000000007,6.600000000000023,-2,3.900000000000091,1320.5,22.7,56.7,1.14,1.92,4.18,1,O3
2025-07-23T16:23:26Z,QAQ,54.200000000000045,6.699999999999932,-2.099999999999909,3.899999999999864,1313.7,22.8,56.4,1.16,2.18,3.54,1,O3
2025-07-23T16:24:26Z,QAQ,55,6.699999999999932,-2.1000000000001364,3.800000000000182,1320.7,22.9,56.1,1.12,2.01,7.43,1,O3
2025-07-23T16:25:26Z,QAQ,55.200000000000045,7,-2.099999999999909,3.7999999999999545,1316.1,23,55.7,1.11,1.96,4.5,1,O3
2025-07-23T16:26:26Z,QAQ,54.69999999999993,6.899999999999977,-2.2000000000000455,3.900000000000091,1321.1,23.1,55.5,1.13,2.33,7.08,1,O3
2025-07-23T16:27:26Z,QAQ,55.799999999999955,7,-2,3.7000000000000455,1320.5,23.2,55.3,1.1,2.12,3.73,1,O3
2025-07-23T16:28:26Z,QAQ,57.09999999999991,7.300000000000068,-2.2999999999999545,3.7000000000000455,1325.7,23.3,55.2,1.12,1.86,4.04,1,O3
2025-07-23T16:29:26Z,QAQ,57.60000000000002,7.5,-2.6000000000001364,3.900000000000091,1319.9,23.4,54.5,1.1,2.07,4.88,1,O3
2025-07-23T16:30:26Z,QAQ,53.700000000000045,7.400000000000091,-2.7000000000000455,4.2000000000000455,1313.9,23.5,53.8,0.97,1.75,7.68,1,O3
2025-07-23T16:31:26Z,QAQ,53.200000000000045,7.299999999999955,-2.7999999999999545,4,1314.2,23.6,53.7,0.92,1.68,3.27,1,O3
2025-07-23T16:32:26Z,QAQ,52.299999999999955,7.199999999999932,-2.7999999999999545,3.899999999999864,1315,23.6,53.5,0.96,2.18,5.15,1,O3
2025-07-23T16:33:26Z,QAQ,51.19999999999993,7.599999999999909,-2.7999999999999545,3.7000000000000455,1311.3,23.7,53.1,0.91,1.92,3.81,1,O3
2025-07-23T16:34:26Z,QAQ,50.39999999999998,7.5,-2.900000000000091,3.900000000000091,1316.7,23.8,52.7,0.97,1.7,2.16,1,O3
2025-07-23T16:35:26Z,QAQ,48.10000000000002,7.600000000000023,-2.7999999999999545,4,1311,23.9,52.4,0.93,1.73,3.77,1,O3
2025-07-23T16:36:26Z,QAQ,47.700000000000045,7.5,-3.2000000000000455,4,1310.1,24,52.2,1.02,1.99,5.57,1,O3
2025-07-23T16:37:26Z,QAQ,46.90000000000009,7.5,-3.2999999999999545,4,1310.8,24.1,51.9,0.91,1.6,5.56,1,O3
2025-07-23T16:38:26Z,QAQ,43.5,7.899999999999977,-3.2999999999999545,4.099999999999909,1310.4,24.2,51.6,0.94,1.72,3.14,1,O3
2025-07-23T16:39:26Z,QAQ,46.10000000000002,8.100000000000023,-3.2000000000000455,4,1308.6,24.3,51.4,0.99,1.99,3.68,1,O3
2025-07-23T16:40:26Z,QAQ,45.39999999999998,8.299999999999955,-3.699999999999818,4,1310.3,24.4,50.8,0.85,1.79,4.75,1,O3
2025-07-23T16:41:26Z,QAQ,44.799999999999955,8,-3.2999999999999545,3.900000000000091,1309.8,24.5,50.6,0.83,2.04,4.79,1,O3
2025-07-23T16:42:26Z,QAQ,42.69999999999993,8.199999999999932,-3.400000000000091,3.7000000000000455,1308.9,24.5,50.4,0.84,1.62,4.69,1,NO2
2025-07-23T16:43:26Z,QAQ,40.39999999999998,8.100000000000023,-3.7000000000000455,4.100000000000136,1308.8,24.6,50.1,0.88,1.5,2.32,1,NO2
2025-07-23T16:44:26Z,QAQ,40.700000000000045,8.399999999999977,-3.7000000000000455,4.100000000000136,1307.3,24.7,49.7,0.9,1.64,3.98,1,NO2
2025-07-23T16:45:26Z,QAQ,39.10000000000002,8.5,-3.7999999999999545,4.099999999999909,1306.4,24.8,49.3,0.89,1.61,3.02,1,NO2
2025-07-23T16:46:26Z,QAQ,37.5,8.100000000000023,-3.899999999999864,4.099999999999909,1305.1,24.8,49.1,0.83,1.49,2.25,1,NO2
2025-07-23T16:47:26Z,QAQ,37,8.100000000000023,-3.7000000000000455,4,1308.3,24.9,49.1,0.88,1.85,3.53,1,NO2
2025-07-23T16:48:26Z,QAQ,36.799999999999955,8.600000000000023,-3.599999999999909,4.099999999999909,1310.1,25,48.9,0.88,1.64,2.72,1,NO2
2025-07-23T16:49:26Z,QAQ,37.799999999999955,8.600000000000023,-3.7999999999999545,3.900000000000091,1308.5,25.1,48.8,0.93,1.58,2.95,1,NO2
2025-07-23T16:50:26Z,QAQ,38.80000000000007,9.299999999999956,-3.899999999999864,3.599999999999909,1311,25.1,48.4,0.94,1.68,5.94,1,NO2
2025-07-23T16:51:26Z,QAQ,41.09999999999991,9.100000000000025,-3.7000000000000455,3.900000000000091,1310,25.2,48.2,1.02,1.92,3.42,1,NO2
2025-07-23T16:52:26Z,QAQ,40.39999999999998,9.099999999999907,-3.599999999999909,3.2999999999999545,1309.6,25.3,48.1,0.92,1.52,2.75,1,NO2
2025-07-23T16:53:26Z,QAQ,38.5,9.399999999999975,-3.7999999999999545,3.599999999999909,1311.8,25.4,47.9,0.97,1.75,5.02,1,NO2
2025-07-23T16:54:26Z,QAQ,39.69999999999993,9.399999999999975,-3.5,3.5,1313.4,25.5,47.7,0.94,2.04,7.23,1,NO2
2025-07-23T16:55:26Z,QAQ,38.700000000000045,9.399999999999975,-3.7000000000000455,3.7000000000000455,1310.2,25.5,47.6,1.04,1.96,4.35,1,NO2
2025-07-23T16:56:26Z,QAQ,38.89999999999998,9.699999999999932,-4,3.400000000000091,1311.9,25.6,47.4,0.97,1.89,5.85,1,NO2
2025-07-23T16:57:26Z,QAQ,39.299999999999955,9.400000000000093,-3.599999999999909,3.400000000000091,1311.6,25.7,47.4,0.91,1.79,4.03,1,NO2
2025-07-23T16:58:26Z,QAQ,39,9.899999999999975,-3.7000000000000455,3.3999999999998636,1312.5,25.8,47.1,0.9,1.82,6.61,1,NO2
2025-07-23T16:59:26Z,QAQ,39.60000000000002,10.400000000000093,-4,3.300000000000182,1308.2,25.8,46.5,0.96,2.06,5.37,1,NO2
2025-07-23T17:00:26Z,QAQ,38.799999999999955,10.099999999999907,-4.099999999999909,3.599999999999909,1313.2,25.9,46,0.92,2.04,4.14,1,NO2
2025-07-23T17:01:26Z,QAQ,38.19999999999993,10.300000000000068,-4,3.5,1313.3,26,45.9,0.96,1.94,6.31,1,NO2
2025-07-23T17:02:26Z,QAQ,39.19999999999993,10.399999999999975,-4.2000000000000455,3.5,1311.7,26,45.6,0.91,1.94,4.18,1,NO2
2025-07-23T17:03:26Z,QAQ,39,10.699999999999932,-4.2000000000000455,3.2000000000000455,1312.1,26.1,45.5,0.89,1.8,3.52,1,NO2
2025-07-23T17:04:26Z,QAQ,40.200000000000045,11.099999999999907,-3.7000000000000455,3.2000000000000455,1312.4,26.2,45.3,0.84,1.88,5.29,1,NO2
2025-07-23T17:05:26Z,QAQ,39,11,-3.900000000000091,3.2000000000000455,1311.5,26.3,45.1,0.97,1.95,3.76,1,NO2
2025-07-23T17:06:26Z,QAQ,39.40000000000009,11.400000000000093,-3.6000000000001364,2.900000000000091,1314,26.3,45,0.96,2.57,9.9,1,NO2
2025-07-23T17:07:26Z,QAQ,38.69999999999993,11.399999999999975,-3.900000000000091,2.900000000000091,1308.4,26.4,44.8,0.92,2.15,10.53,1,NO2
2025-07-23T17:08:26Z,QAQ,37.39999999999998,11.699999999999932,-3.800000000000182,3,1309.6,26.5,44.7,0.92,1.92,2.57,1,NO2
2025-07-23T17:09:26Z,QAQ,38.60000000000002,11.799999999999956,-4,3.1000000000001364,1313.4,26.5,44.7,0.95,1.91,7.09,1,NO2
2025-07-23T17:10:26Z,QAQ,40.19999999999993,12.200000000000044,-3.7000000000000455,3,1313.9,26.6,44.6,0.94,1.77,6.2,1,NO2
2025-07-23T17:11:26Z,QAQ,40,12.600000000000025,-3.7000000000000455,3,1312.8,26.6,44.4,1.01,2.17,6.1,1,NO2
2025-07-23T17:12:26Z,QAQ,38.59999999999991,12.100000000000025,-3.7999999999999545,3.099999999999909,1313.6,26.7,44.2,0.97,2.42,5.35,1,NO2
2025-07-23T17:13:26Z,QAQ,41,12.300000000000068,-3.7000000000000455,2.900000000000091,1311.9,26.7,44.2,0.94,1.96,3.04,1,NO2
2025-07-23T17:14:26Z,QAQ,42.5,12.300000000000068,-3.899999999999864,3,1314.7,26.8,44,0.97,2.5,8.34,1,NO2
2025-07-23T17:15:26Z,QAQ,41.700000000000045,12.600000000000025,-4,2.7999999999999545,1315.2,26.8,43.8,0.89,1.64,5.79,1,NO2
2025-07-23T17:16:26Z,QAQ,41.10000000000002,13,-4,2.7000000000000455,1315.9,26.9,43.7,0.98,2.4,7.64,1,NO2
2025-07-23T17:17:26Z,QAQ,41.200000000000045,13.200000000000044,-3.7999999999999545,2.900000000000091,1314.9,27,43.6,1.02,2.14,3.9,1,NO2
2025-07-23T17:18:26Z,QAQ,41.10000000000002,13.300000000000068,-3.599999999999909,2.7999999999999545,1318.1,27,43.6,0.86,2.08,7.03,1,NO2
2025-07-23T17:19:26Z,QAQ,39.799999999999955,12.899999999999975,-3.900000000000091,2.7000000000000455,1314.7,27.1,43.4,0.97,2.49,9.34,1,NO2
2025-07-23T17:20:26Z,QAQ,40.799999999999955,12.700000000000044,-4,3,1317.8,27.1,43.2,0.93,1.99,4.1,1,NO2
2025-07-23T17:21:26Z,QAQ,39.700000000000045,12.600000000000025,-4.399999999999864,3.099999999999909,1315.9,27.2,42.9,1.05,2.37,8.21,1,NO2
2025-07-23T17:22:26Z,QAQ,38.299999999999955,12.399999999999975,-4.2000000000000455,3,1315.9,27.3,42.8,0.93,1.88,5.87,1,NO2
2025-07-23T17:23:26Z,QAQ,39.80000000000007,13.399999999999975,-4.2000000000000455,2.8999999999998636,1316.8,27.3,42.8,0.98,2.16,5.37,1,NO2
2025-07-23T17:24:26Z,QAQ,39.299999999999955,14.099999999999907,-3.900000000000091,2.7000000000000455,1316.5,27.4,42.6,0.99,1.87,4.39,1,NO2
2025-07-23T17:25:26Z,QAQ,40.10000000000002,14.299999999999956,-4,2.7000000000000455,1314.1,27.4,42.4,0.92,1.86,6.1,1,NO2
2025-07-23T17:26:26Z,QAQ,38.19999999999993,13.699999999999932,-3.899999999999864,2.7999999999999545,1313.2,27.5,42.3,1.03,2.37,7.93,1,NO2
2025-07-23T17:27:26Z,QAQ,37.19999999999993,13.700000000000044,-4,2.800000000000182,1317.8,27.5,42.2,0.94,1.67,6.75,1,NO2
2025-07-23T17:28:26Z,QAQ,38.799999999999955,13.5,-4,2.7000000000000455,1316.2,27.6,42.2,0.97,1.85,4.27,1,NO2
2025-07-23T17:29:26Z,QAQ,36.700000000000045,12.200000000000044,-4.400000000000091,3.300000000000182,1316.1,27.6,41.8,0.99,1.61,3.86,1,NO2
2025-07-23T17:30:26Z,QAQ,35.200000000000045,12.300000000000068,-4.399999999999864,3,1318.1,27.7,41.8,0.89,1.61,2.43,1,NO2
2025-07-23T17:31:26Z,QAQ,34.19999999999993,12.800000000000068,-4.399999999999864,3,1314.3,27.7,41.6,0.92,2.04,8.43,1,NO2
2025-07-23T17:32:26Z,QAQ,33.60000000000002,12.399999999999975,-4.099999999999909,3.099999999999909,1315.7,27.7,41.6,0.98,2.02,4.29,1,NO2
2025-07-23T17:33:26Z,QAQ,32.69999999999993,12.300000000000068,-4.7999999999999545,3.3999999999998636,1314.1,27.8,41.5,0.98,2.08,4.51,1,NO2
2025-07-23T17:34:26Z,QAQ,32.700000000000045,12.399999999999975,-4.2999999999999545,3.099999999999909,1315.2,27.7,41.5,0.94,2.2,5.66,1,NO2
2025-07-23T17:35:26Z,QAQ,33,12.300000000000068,-4.2000000000000455,3,1316.4,27.7,41.7,0.91,1.86,4.34,1,NO2
2025-07-23T17:36:26Z,QAQ,33,12.799999999999956,-4.2000000000000455,3.2000000000000455,1314.2,27.7,41.8,1.01,1.88,3.86,1,NO2
2025-07-23T17:37:26Z,QAQ,33.200000000000045,12.800000000000068,-4.2000000000000455,2.7000000000000455,1318.1,27.6,41.9,0.97,2.09,6.53,1,NO2
2025-07-23T17:38:26Z,QAQ,35.80000000000007,13.300000000000068,-3.900000000000091,2.7999999999999545,1317.5,27.6,42,0.91,2.03,5.29,1,NO2
2025-07-23T17:39:26Z,QAQ,34.80000000000007,12.699999999999932,-4,2.900000000000091,1317.8,27.5,42.1,0.97,2.26,4.5,1,NO2
2025-07-23T17:40:26Z,QAQ,35,13,-3.800000000000182,2.7000000000000455,1317.7,27.5,42.2,0.97,2.1,5.07,1,NO2
2025-07-23T17:41:26Z,QAQ,33.60000000000002,12.400000000000093,-4.300000000000182,3.300000000000182,1317.9,27.5,42,0.91,1.91,6.88,1,NO2
2025-07-23T17:42:26Z,QAQ,36.39999999999998,12.400000000000093,-3.900000000000091,2.900000000000091,1319.8,27.5,42.1,0.99,2.29,5.96,1,NO2
2025-07-23T17:43:26Z,QAQ,38.10000000000002,12.600000000000025,-3.7000000000000455,3.1000000000001364,1320.8,27.6,42.2,0.97,2.14,5.06,1,NO2
2025-07-23T17:44:26Z,QAQ,38.39999999999998,12.100000000000025,-3.599999999999909,2.8999999999998636,1321.1,27.6,42.3,0.95,2.06,6.3,1,NO2
2025-07-23T17:45:26Z,QAQ,38.200000000000045,12.200000000000044,-4,3.099999999999909,1319,27.6,42,0.96,2.19,4.81,1,NO2
2025-07-23T17:46:26Z,QAQ,34.39999999999998,11.799999999999956,-3.900000000000091,3.2000000000000455,1318.6,27.7,41.7,0.98,1.89,4.26,1,NO2
2025-07-23T17:47:26Z,QAQ,35.700000000000045,11.800000000000068,-3.900000000000091,3.400000000000091,1320.7,27.7,41.6,1.01,2.13,2.79,1,NO2
2025-07-23T17:48:26Z,QAQ,32.299999999999955,11.599999999999907,-3.899999999999864,3.5,1320.1,27.7,41.6,1.07,2.27,5.21,1,NO2
2025-07-23T17:49:26Z,QAQ,34.200000000000045,11.100000000000025,-4,3.6000000000001364,1321.1,27.8,41.5,1,2.13,3.72,1,NO2
2025-07-23T17:50:26Z,QAQ,34.10000000000002,11.199999999999932,-4,3.599999999999909,1318,27.8,41.5,0.96,1.94,2.94,1,NO2
2025-07-23T17:51:26Z,QAQ,33.799999999999955,11.199999999999932,-3.900000000000091,3.7999999999999545,1319.1,27.8,41.6,1.01,2.3,4.84,1,NO2
2025-07-23T17:52:26Z,QAQ,35.700000000000045,11.600000000000025,-3.7999999999999545,3.5,1319.7,27.8,41.5,0.96,2.08,6.01,1,NO2
2025-07-23T17:53:26Z,QAQ,36.5,11.600000000000025,-3.5,3.2999999999999545,1319.4,27.8,41.7,1.03,2.23,4.45,1,NO2
2025-07-23T17:54:26Z,QAQ,38.200000000000045,12,-3.7999999999999545,3.599999999999909,1317.2,27.9,41.6,0.96,2.08,4.4,1,NO2
2025-07-23T17:55:26Z,QAQ,37.40000000000009,11.800000000000068,-3.5,3.400000000000091,1320.5,27.9,41.4,1.02,2.4,6.43,1,NO2
2025-07-23T17:56:26Z,QAQ,38.5,12,-3.599999999999909,3.3999999999998636,1324.4,28,41.4,0.99,2.06,6.73,1,NO2
2025-07-23T17:57:26Z,QAQ,39.39999999999998,12.300000000000068,-3.5,3.5,1322.2,28,41.3,1.02,2.08,4.34,1,NO2
2025-07-23T17:58:26Z,QAQ,39.5,12.399999999999975,-3.3999999999998636,3.2999999999999545,1322.5,28.1,41.1,1.05,2.39,5.44,1,NO2
2025-07-23T17:59:26Z,QAQ,39.799999999999955,11.900000000000093,-3.7000000000000455,3.800000000000182,1321.4,28.1,41,0.97,2.02,5.79,1,NO2
2025-07-23T18:00:26Z,QAQ,38.89999999999998,11.899999999999975,-3.3999999999998636,3.7999999999999545,1322.5,28.2,40.9,0.91,1.86,7.51,1,NO2
2025-07-23T18:01:26Z,QAQ,36,11.699999999999932,-3.7000000000000455,4,1321.8,28.2,40.8,0.97,2.09,5.24,1,NO2
2025-07-23T18:02:26Z,QAQ,35.5,11.100000000000025,-4.100000000000136,4.2000000000000455,1319.8,28.3,40.6,0.96,1.71,4.34,1,NO2
2025-07-23T18:03:26Z,QAQ,34.5,10.800000000000068,-4.2000000000000455,4.399999999999864,1323,28.3,40.4,1.01,1.93,5.24,1,NO2
2025-07-23T18:04:26Z,QAQ,34.60000000000002,11.100000000000025,-4.099999999999909,4.2000000000000455,1321,28.4,40.3,0.99,1.99,3.27,1,NO2
2025-07-23T18:05:26Z,QAQ,32.60000000000002,10.800000000000068,-4,4.5,1321.4,28.4,40.4,0.99,1.94,3.36,1,NO2
2025-07-23T18:06:26Z,QAQ,35.40000000000009,11.100000000000025,-3.7000000000000455,4.2000000000000455,1319.5,28.4,40.5,1.07,2.06,8.09,1,NO2
2025-07-23T18:07:26Z,QAQ,37.40000000000009,11.600000000000025,-3.7000000000000455,4.100000000000136,1322.8,28.5,40.2,0.95,2.04,7.51,1,NO2
2025-07-23T18:08:26Z,QAQ,38.299999999999955,11.5,-4,4.2000000000000455,1324,28.6,40.1,1.01,2.06,5.07,1,NO2
2025-07-23T18:09:26Z,QAQ,39.59999999999991,11.399999999999975,-4,4.399999999999864,1318.2,28.6,39.9,1.01,2.1,4.89,1,NO2
2025-07-23T18:10:26Z,QAQ,43.5,11.299999999999956,-3.900000000000091,4.300000000000182,1322.4,28.7,39.9,1.05,2.04,4.8,1,NO2
2025-07-23T18:11:26Z,QAQ,42.5,11.699999999999932,-3.900000000000091,4.300000000000182,1327.1,28.7,39.9,1.06,2.21,8.23,1,NO2
2025-07-23T18:12:26Z,QAQ,43.299999999999955,11.5,-3.7999999999999545,4,1325.2,28.8,39.8,1.1,2.45,5.41,1,NO2
2025-07-23T18:13:26Z,QAQ,42.89999999999998,12,-3.7000000000000455,4.100000000000136,1322.8,28.9,39.8,1.07,2.16,7.11,1,O3
2025-07-23T18:14:26Z,QAQ,42.200000000000045,12.100000000000025,-4,4.2999999999999545,1324,28.9,39.6,1.01,2.22,8.04,1,NO2
2025-07-23T18:15:26Z,QAQ,43.700000000000045,11.899999999999975,-3.900000000000091,4.2000000000000455,1327.6,29,39.5,0.94,2.12,7.02,1,NO2
2025-07-23T18:16:26Z,QAQ,44.10000000000002,13.200000000000044,-3.7999999999999545,3.7999999999999545,1325.5,29.1,39.1,1.17,2.32,5.79,1,NO2
2025-07-23T18:17:26Z,QAQ,43.89999999999998,12.799999999999956,-3.7999999999999545,4.400000000000091,1324.5,29.1,39.1,1.06,2,4.36,1,NO2
2025-07-23T18:18:26Z,QAQ,43.799999999999955,13.200000000000044,-3.7999999999999545,4.099999999999909,1326.6,29.2,39,1.09,2.4,7.16,1,NO2
2025-07-23T18:19:26Z,QAQ,41.09999999999991,13.300000000000068,-3.7000000000000455,4.099999999999909,1326.4,29.2,39,1.14,2.47,9.33,1,O3
2025-07-23T18:20:26Z,QAQ,41,13.300000000000068,-3.900000000000091,4,1324.5,29.2,38.9,1.16,2.39,4.37,1,O3
2025-07-23T18:21:26Z,QAQ,39.799999999999955,13.100000000000025,-3.899999999999864,4.5,1325.1,29.3,38.9,1.05,2.21,9.03,1,O3
2025-07-23T18:22:26Z,QAQ,39.700000000000045,13.300000000000068,-4,4,1326,29.3,38.8,1.07,2.2,3.5,1,NO2
2025-07-23T18:23:26Z,QAQ,40.39999999999998,13.200000000000044,-3.7999999999999545,3.899999999999864,1324.1,29.3,38.6,1.05,2.64,8.45,1,NO2
2025-07-23T18:24:27Z,QAQ,37.200000000000045,13,-3.800000000000182,4.2000000000000455,1327.2,29.3,38.7,1.05,1.99,5.07,1,NO2
2025-07-23T18:25:27Z,QAQ,38.39999999999998,12.699999999999932,-3.7000000000000455,4,1328.7,29.3,38.7,1.05,2.09,6.08,1,NO2
2025-07-23T18:26:27Z,QAQ,39.89999999999998,13.5,-3.900000000000091,3.900000000000091,1327.3,29.3,38.5,1.14,2.52,7.7,1,NO2
2025-07-23T18:27:27Z,QAQ,39.39999999999998,13.300000000000068,-3.7999999999999545,3.599999999999909,1329,29.3,38.5,1.06,2.28,7.21,1,NO2
2025-07-23T18:28:27Z,QAQ,37.5,13.199999999999932,-4,3.900000000000091,1327.2,29.3,38.4,1.05,2.27,4.34,1,NO2
2025-07-23T18:29:27Z,QAQ,36.10000000000002,12.299999999999956,-4.2000000000000455,4.100000000000136,1329.1,29.3,38.4,1.07,2.03,7.37,1,NO2
2025-07-23T18:30:27Z,QAQ,37,12.899999999999975,-4,4.100000000000136,1328.7,29.3,38.5,1.1,2.26,6.14,1,NO2
2025-07-23T18:31:27Z,QAQ,37.299999999999955,12.600000000000025,-3.7999999999999545,3.7999999999999545,1329.5,29.3,38.5,1.12,2.33,7.84,1,NO2
2025-07-23T18:32:27Z,QAQ,36.799999999999955,12.899999999999975,-3.900000000000091,3.900000000000091,1331.8,29.3,38.4,1.09,2.05,3.95,1,NO2
2025-07-23T18:33:27Z,QAQ,35.90000000000009,12.600000000000025,-4,4,1332.8,29.3,38.3,1.06,1.97,2.55,1,NO2
2025-07-23T18:34:27Z,QAQ,36.39999999999998,13.200000000000044,-3.599999999999909,3.7999999999999545,1332.1,29.3,38.4,1.13,2.37,6.58,1,NO2
2025-07-23T18:35:27Z,QAQ,38.60000000000002,14.200000000000044,-3.5,3.5,1330.5,29.3,38.6,1.12,2.24,4.77,1,NO2
2025-07-23T18:36:27Z,QAQ,44.299999999999955,15.5,-2.8999999999998636,3.2999999999999545,1332.1,29.3,39.1,1.05,2.25,7.26,1,O3
2025-07-23T18:37:27Z,QAQ,46.200000000000045,15.899999999999975,-3,3.3999999999998636,1334.1,29.3,39.1,1.07,2.09,4.43,1,O3
2025-07-23T18:38:27Z,QAQ,46.10000000000002,15.700000000000044,-3,3.199999999999818,1333.4,29.3,39.2,1.14,2.34,5.61,1,O3
2025-07-23T18:39:27Z,QAQ,49,16.5,-2.7999999999999545,3.1000000000001364,1334.7,29.4,39,1.24,2.7,10.09,1,O3
2025-07-23T18:40:27Z,QAQ,48.40000000000009,16.5,-2.7999999999999545,3.2000000000000455,1335.2,29.4,39,1.14,2.97,7.45,1,O3
2025-07-23T18:41:27Z,QAQ,48,16.59999999999991,-3.099999999999909,3.099999999999909,1333.8,29.4,38.9,1.1,2.44,11.31,1,O3
2025-07-23T18:42:27Z,QAQ,47.700000000000045,16.59999999999991,-2.6000000000001364,3.2000000000000455,1331.6,29.4,38.8,1.04,2.17,5.5,1,O3
2025-07-23T18:43:27Z,QAQ,46.80000000000007,16.300000000000068,-2.7999999999999545,3.2000000000000455,1334.9,29.4,38.7,1.11,2.26,11.77,1,O3
2025-07-23T18:44:27Z,QAQ,44.200000000000045,15.600000000000025,-3.2999999999999545,3.5,1333,29.5,38.4,1.04,2.31,6,1,O3
2025-07-23T18:45:27Z,QAQ,43.10000000000002,15.400000000000093,-2.8999999999998636,3.599999999999909,1332.7,29.5,38.5,1.05,2.28,4.8,1,O3
2025-07-23T18:46:27Z,QAQ,45,15.399999999999975,-3,3.2999999999999545,1335.9,29.5,38.6,1.05,2.52,9.81,1,O3
2025-07-23T18:47:27Z,QAQ,47.200000000000045,16.199999999999932,-3.1000000000001364,3.400000000000091,1335.1,29.5,38.5,1.11,2.72,10.06,1,O3
2025-07-23T18:48:27Z,QAQ,46.799999999999955,16.100000000000023,-3,3.5,1334.2,29.5,38.5,1.09,2.15,3.41,1,O3
2025-07-23T18:49:27Z,QAQ,45.89999999999998,15.199999999999932,-2.7000000000000455,3.400000000000091,1332.6,29.5,38.6,1.17,2.82,5.69,1,O3
2025-07-23T18:50:27Z,QAQ,44.700000000000045,15.300000000000068,-3,3.3999999999998636,1335.3,29.6,38.6,1.02,2.21,9.99,1,O3
2025-07-23T18:51:27Z,QAQ,44.10000000000002,14.400000000000093,-2.7999999999999545,3.599999999999909,1332.9,29.6,38.5,1.07,2.48,9.58,1,O3
2025-07-23T18:52:27Z,QAQ,41.10000000000002,14.299999999999956,-3,3.7000000000000455,1329.9,29.6,38.6,1.03,2.68,5.2,1,O3
2025-07-23T18:53:27Z,QAQ,42.299999999999955,14.700000000000044,-2.8999999999998636,3.599999999999909,1331.5,29.6,38.7,1,2.07,7.06,1,O3
2025-07-23T18:54:27Z,QAQ,43.5,14.5,-2.800000000000182,3.7000000000000455,1333.5,29.6,38.6,0.97,2.59,8.67,1,O3
2025-07-23T18:55:27Z,QAQ,40.799999999999955,14.200000000000044,-2.8999999999998636,3.699999999999818,1333.2,29.6,38.7,0.98,2.27,6.15,1,O3
2025-07-23T18:56:27Z,QAQ,39.69999999999993,14,-2.699999999999818,3.699999999999818,1332.7,29.5,39,0.94,2.26,6.23,1,O3
2025-07-23T18:57:27Z,QAQ,36.80000000000007,13.600000000000025,-2.7999999999999545,3.7000000000000455,1333,29.5,39.2,0.93,2.01,3.53,1,O3
2025-07-23T18:58:27Z,QAQ,37,13.5,-2.7999999999999545,3.7000000000000455,1332.9,29.5,39.2,0.95,2.1,5.81,1,O3
2025-07-23T18:59:27Z,QAQ,38.10000000000002,13.600000000000025,-2.7999999999999545,3.7000000000000455,1333.7,29.5,39.2,0.99,2.65,6.04,1,O3
2025-07-23T19:00:27Z,QAQ,37.89999999999998,13.200000000000044,-2.7999999999999545,3.7999999999999545,1328.1,29.5,39.1,1.02,2.58,10.09,1,O3
2025-07-23T19:01:27Z,QAQ,39.60000000000002,13.699999999999932,-2.7000000000000455,3.7999999999999545,1331.5,29.5,39.2,0.96,1.87,3.1,1,O3
2025-07-23T19:02:27Z,QAQ,39.89999999999998,13.5,-2.7000000000000455,3.899999999999864,1329.6,29.5,39.1,1.01,2.34,4.72,1,O3
2025-07-23T19:03:27Z,QAQ,39.39999999999998,12.899999999999975,-2.400000000000091,3.7999999999999545,1333.9,29.5,39.4,0.89,2.06,11.92,1,O3
2025-07-23T19:04:27Z,QAQ,40.10000000000002,13,-2.400000000000091,4,1335.2,29.5,39.6,1.03,2.27,4.89,1,O3
2025-07-23T19:05:27Z,QAQ,39.799999999999955,12.899999999999975,-2.400000000000091,3.7999999999999545,1328.4,29.5,39.5,0.89,1.89,10.01,1,O3
2025-07-23T19:06:27Z,QAQ,40,12.800000000000068,-2.599999999999909,3.899999999999864,1333.6,29.5,39.5,0.92,2.5,5.49,1,O3
2025-07-23T19:07:27Z,QAQ,39.89999999999998,12.800000000000068,-2.599999999999909,4.099999999999909,1330.2,29.5,39.3,0.96,2.42,5.38,1,O3
2025-07-23T19:08:27Z,QAQ,39.59999999999991,12.600000000000025,-2.2999999999999545,4.2000000000000455,1329.8,29.5,39.5,1.04,2.82,9.14,1,O3
2025-07-23T19:09:27Z,QAQ,41.5,13.200000000000044,-2.599999999999909,4,1334.1,29.5,39.5,0.99,2.5,9.29,1,O3
2025-07-23T19:10:27Z,QAQ,43.40000000000009,13.300000000000068,-2.5,4.2000000000000455,1332,29.5,39.4,1.04,2.65,5.89,1,O3
2025-07-23T19:11:27Z,QAQ,43.89999999999998,13.200000000000044,-2.2999999999999545,4,1334.1,29.5,39.2,1.04,2.43,8.05,1,O3
2025-07-23T19:12:27Z,QAQ,43.60000000000002,13.600000000000025,-2.5,3.900000000000091,1331.6,29.6,39.2,1.05,2.12,5.98,1,O3
2025-07-23T19:13:27Z,QAQ,42.60000000000002,13.099999999999907,-2.2999999999999545,4,1336.1,29.6,39.1,1.03,2.47,7.24,1,O3
2025-07-23T19:14:27Z,QAQ,42.39999999999998,13.100000000000025,-2.5,4,1335.9,29.6,39.2,1.01,2.23,6.86,1,O3
2025-07-23T19:15:27Z,QAQ,41.5,13,-2.400000000000091,4.100000000000136,1334.8,29.6,39.3,1.07,2.94,11.37,1,O3
2025-07-23T19:16:27Z,QAQ,41.299999999999955,13.099999999999907,-2.400000000000091,4,1334.5,29.6,39,1.08,2.33,11,1,O3
2025-07-23T19:17:27Z,QAQ,40.5,13.5,-2.5,4.100000000000136,1336,29.6,38.7,1.12,2.92,8.96,1,O3
2025-07-23T19:18:27Z,QAQ,40.30000000000007,12.200000000000044,-2.2999999999999545,4.400000000000091,1334.4,29.7,39,0.99,2.92,9.34,1,O3
2025-07-23T19:19:27Z,QAQ,40.89999999999998,13,-2.1000000000001364,4.100000000000136,1331.9,29.7,39.2,1.03,2.25,2.98,1,O3
2025-07-23T19:20:27Z,QAQ,40.10000000000002,12.699999999999932,-2,4.199999999999818,1332,29.7,39.3,1.02,2.59,8.19,1,O3
2025-07-23T19:21:27Z,QAQ,39.89999999999998,12.5,-2.2000000000000455,4.099999999999909,1333.1,29.7,39.5,1.17,3.16,7.36,1,O3
2025-07-23T19:22:27Z,QAQ,42.19999999999993,13.100000000000025,-2.2999999999999545,4.2000000000000455,1330.8,29.7,39.3,1.19,3.52,8.7,1,O3
2025-07-23T19:23:27Z,QAQ,41.700000000000045,13.200000000000044,-2.400000000000091,4.099999999999909,1335.2,29.7,38.9,1.18,2.85,4.07,1,O3
2025-07-23T19:24:27Z,QAQ,42.299999999999955,13,-2.099999999999909,4.099999999999909,1333.2,29.7,38.9,1.12,3.14,9.86,1,O3
2025-07-23T19:25:27Z,QAQ,42.69999999999993,13.100000000000025,-2.2000000000000455,4.2999999999999545,1331.6,29.7,39,1.05,2.72,7.2,1,O3
2025-07-23T19:26:27Z,QAQ,44.60000000000002,12.799999999999956,-2.2000000000000455,4.400000000000091,1335.3,29.8,39,1.14,2.81,9.34,1,O3
2025-07-23T19:27:27Z,QAQ,42.60000000000002,13,-2.2000000000000455,4.2000000000000455,1333.9,29.8,38.9,0.97,2.5,11.61,1,O3
2025-07-23T19:28:27Z,QAQ,41.39999999999998,13.5,-2.2999999999999545,4.2999999999999545,1336.4,29.8,38.6,1.1,2.63,7.81,1,O3
2025-07-23T19:29:27Z,QAQ,41,13.5,-2.2000000000000455,4.2999999999999545,1333.3,29.8,38.6,1.06,2.42,7.55,1,O3
2025-07-23T19:30:27Z,QAQ,41,12.700000000000044,-2.199999999999818,4.399999999999864,1334.6,29.8,38.9,0.99,2.97,7.62,1,O3
2025-07-23T19:31:27Z,QAQ,41.5,13.400000000000093,-2.300000000000182,4.300000000000182,1335.3,29.8,38.6,1.11,2.24,7.19,1,O3
2025-07-23T19:32:27Z,QAQ,42.299999999999955,13.300000000000068,-2.599999999999909,4.2999999999999545,1336.3,29.9,38.1,1.05,2.89,8.34,1,O3
2025-07-23T19:33:27Z,QAQ,40.299999999999955,12.600000000000025,-2.400000000000091,4.5,1337.3,29.9,38.2,1.18,2.67,7.53,1,O3
2025-07-23T19:34:27Z,QAQ,40.89999999999998,12.5,-2.199999999999818,4.5,1337.9,29.9,38.5,1.12,2.36,4.62,1,O3
2025-07-23T19:35:27Z,QAQ,41.10000000000002,12.399999999999975,-2,4.699999999999818,1338.2,29.9,38.7,1.05,2.59,6.51,1,O3
2025-07-23T19:36:27Z,QAQ,42.60000000000002,11.200000000000044,-1.7000000000000457,4.5,1330.5,29.9,39.2,0.97,2.74,8.77,1,O3
2025-07-23T19:37:27Z,QAQ,42.299999999999955,11.399999999999975,-2.2000000000000455,4.599999999999909,1334.8,29.9,39.4,1.02,2.56,7.9,1,O3
2025-07-23T19:38:27Z,QAQ,41.40000000000009,11,-2.099999999999909,4.7999999999999545,1334.5,29.9,39.4,1.06,3.08,7.18,1,O3
2025-07-23T19:39:27Z,QAQ,41.30000000000007,10.699999999999932,-2,4.7000000000000455,1334.4,29.9,39.6,0.98,2.72,8.06,1,O3
2025-07-23T19:40:27Z,QAQ,39.5,10.899999999999975,-2,4.600000000000136,1335.5,29.9,39.5,0.94,2.58,8.6,1,O3
2025-07-23T19:41:27Z,QAQ,40.60000000000002,10.5,-2,4.7999999999999545,1335.4,29.9,39.4,0.93,2.17,3.93,1,O3
2025-07-23T19:42:27Z,QAQ,39.799999999999955,10.700000000000044,-2.5,4.800000000000182,1332.5,30,39.4,0.99,2.4,3.91,1,O3
2025-07-23T19:43:27Z,QAQ,38.5,10.400000000000093,-2.5,5.099999999999909,1334.2,30,39.3,1.06,2.91,8.07,1,O3
2025-07-23T19:44:27Z,QAQ,38.700000000000045,10.299999999999956,-2.300000000000182,4.800000000000182,1331.5,30,39.3,0.99,2.72,9.33,1,O3
2025-07-23T19:45:27Z,QAQ,40,10.299999999999956,-2.400000000000091,4.800000000000182,1331.2,30,39.3,0.99,2.83,10.1,1,O3
2025-07-23T19:46:27Z,QAQ,40.19999999999993,10.199999999999932,-2.300000000000182,4.900000000000091,1331.4,30,39.3,0.98,2.33,4.33,1,O3
2025-07-23T19:47:27Z,QAQ,38.700000000000045,10.100000000000025,-2.400000000000091,5,1329.8,30,39.4,1,2.31,4.71,1,O3
2025-07-23T19:48:27Z,QAQ,39,9.899999999999975,-2.300000000000182,5.100000000000136,1329.9,30,39.4,0.97,2.24,4.24,1,O3
2025-07-23T19:49:27Z,QAQ,39.5,9.900000000000093,-2.3999999999998636,5.099999999999909,1331,30,39.4,1.01,2.44,8.84,1,O3
2025-07-23T19:50:27Z,QAQ,39.60000000000002,9.899999999999975,-2.3999999999998636,5.099999999999909,1331.7,30,39.4,0.96,1.88,3.3,1,O3
2025-07-23T19:51:27Z,QAQ,37.5,9.699999999999932,-2.5,4.900000000000091,1334.2,30,39.4,0.96,2.57,8.6,1,O3
2025-07-23T19:52:27Z,QAQ,37.200000000000045,9.600000000000025,-2.2999999999999545,5,1332.4,30,39.6,1,2.18,7.09,1,O3
2025-07-23T19:53:27Z,QAQ,38.799999999999955,9.399999999999975,-2.5,5.2999999999999545,1333.3,30,39.7,0.93,2.97,10.24,1,O3
2025-07-23T19:54:27Z,QAQ,37.799999999999955,9.5,-2.199999999999818,5.199999999999818,1331.4,29.9,39.7,1.09,2.7,8.16,1,O3
2025-07-23T19:55:27Z,QAQ,39,9,-2.2000000000000455,5,1331.1,29.9,39.9,0.97,2.2,4.38,1,O3
2025-07-23T19:56:27Z,QAQ,37.30000000000007,9.200000000000044,-2.400000000000091,5.100000000000136,1328.7,29.9,39.8,0.97,2.27,4.39,1,O3
2025-07-23T19:57:27Z,QAQ,36.10000000000002,9.100000000000025,-2.5,5.2000000000000455,1330.7,29.9,39.8,0.95,2.31,10.71,1,O3
2025-07-23T19:58:27Z,QAQ,36.10000000000002,9.399999999999975,-2.2000000000000455,5.100000000000136,1330.8,29.9,39.7,1.04,2.33,3.94,1,O3
2025-07-23T19:59:27Z,QAQ,37.799999999999955,9.399999999999975,-2.400000000000091,4.900000000000091,1328.9,29.9,39.9,1.04,2.54,9.46,1,O3
2025-07-23T20:00:27Z,QAQ,37.60000000000002,9,-2.2999999999999545,5.099999999999909,1328.5,29.8,39.8,0.96,2.7,8.01,1,O3
2025-07-23T20:01:27Z,QAQ,36.799999999999955,8.899999999999977,-2,5.099999999999909,1329.1,29.8,40,0.96,1.99,5.1,1,O3
2025-07-23T20:02:27Z,QAQ,36.5,9.100000000000025,-1.8999999999998636,5.099999999999909,1328.9,29.8,40.1,0.84,1.78,2.45,1,O3
2025-07-23T20:03:27Z,QAQ,38.799999999999955,8.799999999999955,-2.099999999999909,5.099999999999909,1331.4,29.8,40.2,0.99,2.46,6.43,1,O3
2025-07-23T20:04:27Z,QAQ,38.299999999999955,8.799999999999955,-2.2000000000000455,5.2999999999999545,1330.3,29.8,40.2,0.95,2.41,5.01,1,O3
2025-07-23T20:05:27Z,QAQ,36.10000000000002,8.900000000000091,-2.199999999999818,5.199999999999818,1329.8,29.8,40.2,0.93,2.49,5.5,1,O3
2025-07-23T20:06:27Z,QAQ,37,8.600000000000023,-2.099999999999909,5.199999999999818,1326.7,29.7,40.2,0.98,1.98,6.2,1,O3
2025-07-23T20:07:27Z,QAQ,36.39999999999998,8.800000000000068,-2.199999999999818,5.199999999999818,1332,29.7,40.1,1.03,2.67,6.75,1,O3
2025-07-23T20:08:27Z,QAQ,37,8.600000000000023,-1.8999999999998636,5.2999999999999545,1329.6,29.7,40.2,0.93,2.66,6.37,1,O3
2025-07-23T20:09:27Z,QAQ,36.299999999999955,8.799999999999955,-2,5.199999999999818,1328.5,29.7,40.4,0.98,2.13,4.2,1,O3
2025-07-23T20:10:27Z,QAQ,37.10000000000002,8.799999999999955,-1.900000000000091,5.400000000000091,1325.5,29.7,40.3,1.06,2.83,7.83,1,O3
2025-07-23T20:11:27Z,QAQ,37.700000000000045,8.200000000000045,-1.7999999999999543,5.5,1328.2,29.7,40.5,0.93,2.35,5.27,1,O3
2025-07-23T20:12:27Z,QAQ,36.19999999999993,8.200000000000045,-2,5.300000000000182,1322.9,29.7,40.6,1.02,2.44,4.82,1,O3
2025-07-23T20:13:27Z,QAQ,35.39999999999998,7.899999999999977,-2.099999999999909,5.400000000000091,1325.9,29.6,40.7,0.92,2.14,3.8,1,O3
2025-07-23T20:14:27Z,QAQ,36.39999999999998,7.900000000000091,-1.7000000000000457,5.599999999999909,1324.4,29.6,40.8,0.94,2.81,11.18,1,O3
2025-07-23T20:15:27Z,QAQ,37.5,8,-1.7000000000000457,5.5,1325.5,29.6,41,0.96,2.22,4.25,1,O3
2025-07-23T20:16:27Z,QAQ,36,7.399999999999977,-1.599999999999909,5.5,1323.6,29.6,41.1,0.91,2.02,5.11,1,O3
2025-07-23T20:17:27Z,QAQ,34.700000000000045,8.200000000000045,-2.1000000000001364,5.5,1321.8,29.5,40.9,1.04,3.18,10.33,1,O3
2025-07-23T20:18:27Z,QAQ,35.69999999999993,7.700000000000045,-1.7000000000000457,5.400000000000091,1322,29.5,40.9,0.97,2.11,6.71,1,O3
2025-07-23T20:19:27Z,QAQ,35.30000000000007,7.700000000000045,-1.7000000000000457,5.5,1321.6,29.5,41.1,0.94,2.33,5.42,1,O3
2025-07-23T20:20:27Z,QAQ,35.89999999999998,8.099999999999909,-2,5.5,1320,29.5,40.8,0.95,2.24,5.79,1,O3
2025-07-23T20:21:27Z,QAQ,36.5,7.700000000000045,-1.6000000000001364,5.7000000000000455,1322.8,29.4,41,1.02,2.51,5.88,1,O3
2025-07-23T20:22:27Z,QAQ,35.30000000000007,7.700000000000045,-1.5,5.599999999999909,1322.5,29.4,41.4,1.06,2.78,5.24,1,O3
2025-07-23T20:23:27Z,QAQ,36.69999999999993,7.300000000000068,-1.5,5.399999999999864,1318.8,29.3,41.6,1.01,2.43,6.26,1,O3
2025-07-23T20:24:27Z,QAQ,34.799999999999955,7.299999999999955,-1.5,5.600000000000136,1318.2,29.3,41.9,0.93,2.23,5.59,1,O3
2025-07-23T20:25:27Z,QAQ,34.09999999999991,7.2000000000000455,-1.099999999999909,5.5,1319,29.3,42,0.95,2.11,5.46,1,O3
2025-07-23T20:26:27Z,QAQ,35.799999999999955,7,-1.2000000000000457,5.5,1320,29.2,42.1,0.92,2.43,9.29,1,O3
2025-07-23T20:27:27Z,QAQ,36.5,7.100000000000023,-1.099999999999909,5.5,1317.7,29.2,42.2,0.88,2.12,3.97,1,O3
2025-07-23T20:28:27Z,QAQ,35.80000000000007,7.299999999999955,-1.199999999999818,5.5,1317.5,29.2,42.2,0.9,2.49,7.57,1,O3
2025-07-23T20:29:27Z,QAQ,35.799999999999955,7,-1.099999999999909,5.5,1317.6,29.1,42.4,0.94,2.17,3.31,1,O3
2025-07-23T20:30:27Z,QAQ,36.5,6.800000000000068,-1.1000000000001364,5.5,1317.1,29.1,42.6,0.93,2.45,6.85,1,O3
2025-07-23T20:31:27Z,QAQ,38.60000000000002,6.800000000000068,-1,5.600000000000136,1320.8,29.1,42.7,0.87,2.1,3.54,1,O3
2025-07-23T20:32:27Z,QAQ,39.700000000000045,7.5,-1.2999999999999543,5.7000000000000455,1313.2,29.1,42.3,0.95,2.41,4.81,1,O3
2025-07-23T20:33:27Z,QAQ,39.09999999999991,6.7999999999999545,-0.900000000000091,5.5,1319.8,29,42.4,0.94,2.62,5.04,1,O3
2025-07-23T20:34:27Z,QAQ,38.60000000000002,6.5,-0.7000000000000455,5.7999999999999545,1318.1,29,42.8,0.93,2.37,4.74,1,O3
2025-07-23T20:35:27Z,QAQ,39.700000000000045,6.600000000000023,-0.900000000000091,5.599999999999909,1316.6,29,43,0.88,2.17,5.76,1,O3
2025-07-23T20:36:27Z,QAQ,38,6.400000000000091,-0.7999999999999545,5.899999999999864,1317,29,43.2,0.92,2.1,3.64,1,O3
2025-07-23T20:37:27Z,QAQ,38.700000000000045,6.600000000000023,-0.7999999999999545,5.7999999999999545,1319.9,29,43.2,0.93,2.54,6.18,1,O3
2025-07-23T20:38:27Z,QAQ,39.60000000000002,6.2000000000000455,-0.7999999999999545,5.7999999999999545,1315.8,29,43.3,0.95,2.77,6.77,1,O3
2025-07-23T20:39:27Z,QAQ,39,6.600000000000023,-0.900000000000091,5.7999999999999545,1319.2,29,43.2,0.88,2.17,3.29,1,O3
2025-07-23T20:40:27Z,QAQ,38.60000000000002,6.399999999999977,-0.6000000000001364,5.800000000000182,1318.7,29,43.2,0.87,2.45,7.61,1,O3
2025-07-23T20:41:27Z,QAQ,41.60000000000002,6.100000000000023,-0.6000000000001364,5.900000000000091,1319,29,43.4,0.93,2.19,4.71,1,O3
2025-07-23T20:42:27Z,QAQ,43.30000000000007,6.5,-0.900000000000091,5.900000000000091,1321.8,29,43.3,0.89,2.6,5.45,1,O3
2025-07-23T20:43:27Z,QAQ,45.60000000000002,6.2999999999999545,-0.7999999999999545,5.900000000000091,1319.4,29,43.1,1.03,2.48,5.28,1,O3
2025-07-23T20:44:27Z,QAQ,46.200000000000045,6.300000000000068,-0.7000000000000455,6,1319.5,29,43.2,0.94,2.59,8.36,1,O3
2025-07-23T20:45:27Z,QAQ,46.30000000000007,6.099999999999909,-0.7999999999999545,6,1321.3,29,43.3,0.9,1.84,2.47,1,O3
2025-07-23T20:46:27Z,QAQ,44.5,6.2000000000000455,-0.7999999999999545,6,1320.1,29,43.3,0.99,2.48,6.89,1,O3
2025-07-23T20:47:27Z,QAQ,46.5,6.5,-0.900000000000091,6.2000000000000455,1318.1,29.1,43,0.94,2.43,7.99,1,O3
2025-07-23T20:48:27Z,QAQ,45.700000000000045,6.2999999999999545,-1,5.899999999999864,1322.8,29.1,42.9,0.92,2.1,5.34,1,O3
2025-07-23T20:49:27Z,QAQ,44.69999999999993,6.199999999999932,-1,6.100000000000136,1322.9,29.1,42.9,0.98,2.7,8.78,1,O3
2025-07-23T20:50:27Z,QAQ,45.60000000000002,6.099999999999909,-1,6.2999999999999545,1321.8,29.1,43,1.08,2.68,5.85,1,O3
2025-07-23T20:51:27Z,QAQ,44.69999999999993,6,-0.8999999999998636,6.399999999999864,1321.6,29.2,42.9,1,2.7,9.39,1,O3
2025-07-23T20:52:27Z,QAQ,43.39999999999998,6,-1.1000000000001364,6.5,1320.2,29.2,42.8,0.98,2.37,5.14,1,O3
2025-07-23T20:53:27Z,QAQ,43.799999999999955,6,-1,6.400000000000091,1318.8,29.2,42.7,0.92,1.9,6.05,1,O3
2025-07-23T20:54:27Z,QAQ,44.19999999999993,5.899999999999977,-1.1000000000001364,6.600000000000136,1321.2,29.3,42.8,0.93,2.33,8.52,1,O3
2025-07-23T20:55:27Z,QAQ,46.299999999999955,6.2000000000000455,-1.099999999999909,6.5,1323.6,29.3,42.7,1.02,2.61,6.71,1,O3
2025-07-23T20:56:27Z,QAQ,45.09999999999991,6.2999999999999545,-1.2999999999999543,6.599999999999909,1319.7,29.3,42.5,1,2.75,5.53,1,O3
2025-07-23T20:57:27Z,QAQ,44.89999999999998,6.199999999999932,-1.1000000000001364,6.600000000000136,1321.7,29.4,42.3,0.96,2.3,7.07,1,O3
2025-07-23T20:58:27Z,QAQ,45.799999999999955,6.400000000000091,-1.2999999999999543,6.599999999999909,1324.4,29.4,42.3,1.02,2.36,6.88,1,O3
2025-07-23T20:59:27Z,QAQ,43.700000000000045,6.199999999999932,-1.3999999999998636,6.5,1325.7,29.4,42.2,0.94,2.3,5.45,1,O3
2025-07-23T21:00:27Z,QAQ,43.200000000000045,6.2999999999999545,-1.2999999999999543,6.599999999999909,1324.7,29.5,42.1,0.98,2.51,6.57,1,O3
2025-07-23T21:01:27Z,QAQ,45.19999999999993,6.2999999999999545,-1.2000000000000457,6.5,1325.4,29.5,42.1,1.04,3.03,7.87,1,O3
2025-07-23T21:02:27Z,QAQ,42.60000000000002,6.2999999999999545,-1.2999999999999543,6.599999999999909,1324.6,29.5,42.1,0.86,2.02,3.54,1,O3
2025-07-23T21:03:27Z,QAQ,43,6.699999999999932,-1.5,6.5,1324.6,29.6,41.9,1.03,2.99,6.63,1,O3
2025-07-23T21:04:27Z,QAQ,42.700000000000045,6.600000000000023,-1.7999999999999543,6.699999999999818,1324.4,29.6,41.8,1.03,2.35,4.05,1,O3
2025-07-23T21:05:27Z,QAQ,44.799999999999955,6.399999999999977,-1.599999999999909,6.699999999999818,1325.8,29.6,41.6,0.89,1.82,7.78,1,O3
2025-07-23T21:06:27Z,QAQ,43,6.5,-1.599999999999909,6.7000000000000455,1324.9,29.6,41.6,0.97,2.25,3.84,1,O3
2025-07-23T21:07:27Z,QAQ,41.69999999999993,6.600000000000023,-1.7000000000000457,6.7000000000000455,1325.5,29.7,41.6,1.08,2.67,4.34,1,O3
2025-07-23T21:08:27Z,QAQ,41.299999999999955,6.5,-1.7000000000000457,6.7000000000000455,1324.9,29.7,41.5,1.04,2.62,6.29,1,O3
2025-07-23T21:09:27Z,QAQ,42.5,6.5,-1.699999999999818,6.599999999999909,1327.4,29.7,41.4,0.9,2.21,5,1,O3
2025-07-23T21:10:27Z,QAQ,40.39999999999998,6.600000000000023,-1.900000000000091,6.7999999999999545,1327.2,29.8,41.4,0.98,2.52,8.09,1,O3
2025-07-23T21:11:27Z,QAQ,40.89999999999998,6.5,-1.7999999999999543,6.7999999999999545,1328,29.8,41.4,1.03,2.5,5.01,1,O3
2025-07-23T21:12:27Z,QAQ,41.200000000000045,6.2999999999999545,-1.7999999999999543,6.5,1325.3,29.8,41.5,0.94,2.2,4.77,1,O3
2025-07-23T21:13:27Z,QAQ,40.89999999999998,6.7000000000000455,-1.7999999999999543,6.600000000000136,1324.3,29.8,41.3,0.9,2.05,7.85,1,O3
2025-07-23T21:14:27Z,QAQ,41.700000000000045,6.7000000000000455,-1.7999999999999543,6.899999999999864,1325.7,29.9,41.2,1,2.29,4.22,1,O3
2025-07-23T21:15:27Z,QAQ,41.299999999999955,6.600000000000023,-2,6.7000000000000455,1325.6,29.9,41.3,0.97,2.3,6.02,1,O3
2025-07-23T21:16:27Z,QAQ,42.5,7.099999999999909,-2.099999999999909,6.7000000000000455,1326.2,29.9,41,0.99,2.61,6.81,1,O3
2025-07-23T21:17:27Z,QAQ,40.299999999999955,7.199999999999932,-2.2000000000000455,6.900000000000091,1326.5,30,40.8,1,2.37,10.59,1,O3
2025-07-23T21:18:27Z,QAQ,40.80000000000007,7,-2.099999999999909,6.7000000000000455,1325.2,30,40.6,1.05,2.3,10.86,1,O3
2025-07-23T21:19:27Z,QAQ,41.5,6.899999999999977,-2,6.7000000000000455,1325.9,30,40.7,1.05,2.58,5.96,1,O3
2025-07-23T21:20:27Z,QAQ,40,6.800000000000068,-1.900000000000091,6.800000000000182,1323.7,30.1,40.7,0.97,2.31,5.31,1,O3
2025-07-23T21:21:27Z,QAQ,42,6.699999999999932,-2.099999999999909,6.7000000000000455,1322.5,30.1,40.8,0.99,2.44,5.63,1,O3
2025-07-23T21:22:27Z,QAQ,39.60000000000002,6.899999999999977,-2.1000000000001364,6.800000000000182,1324.2,30.1,40.8,1.04,2.57,6.52,1,O3
2025-07-23T21:23:27Z,QAQ,40.10000000000002,7.300000000000068,-1.900000000000091,6.7999999999999545,1325.4,30.2,40.7,0.93,2.34,4.54,1,O3
2025-07-23T21:24:27Z,QAQ,39.700000000000045,6.7999999999999545,-2.3999999999998636,6.899999999999864,1321.2,30.2,40.5,0.93,1.9,2.65,1,O3
2025-07-23T21:25:27Z,QAQ,41.10000000000002,6.7999999999999545,-2.2999999999999545,6.900000000000091,1324,30.2,40.6,0.92,2.62,5.7,1,O3
2025-07-23T21:26:27Z,QAQ,40.59999999999991,7,-2.400000000000091,6.900000000000091,1324,30.3,40.6,0.89,2.07,4.47,1,O3
2025-07-23T21:27:27Z,QAQ,40.700000000000045,7,-2.2999999999999545,6.7999999999999545,1325.7,30.3,40.4,1.02,2.39,3.32,1,O3
2025-07-23T21:28:27Z,QAQ,39.799999999999955,7,-2.2999999999999545,6.7999999999999545,1323.4,30.4,40.4,1,2.3,4.38,1,O3
2025-07-23T21:29:27Z,QAQ,39.30000000000007,7.100000000000023,-2.2999999999999545,6.899999999999864,1326.1,30.4,40.2,0.96,2.08,3.58,1,O3
2025-07-23T21:30:27Z,QAQ,38.299999999999955,7.199999999999932,-2.7999999999999545,7,1317.8,30.4,39.9,1.04,2.32,8.29,1,O3
2025-07-23T21:31:27Z,QAQ,39,7.100000000000023,-2.400000000000091,6.7999999999999545,1322.6,30.4,40.1,0.93,2,6.18,1,O3
2025-07-23T21:32:27Z,QAQ,37,7,-2.3999999999998636,6.7999999999999545,1322.8,30.5,40.1,0.93,1.89,4.44,1,O3
2025-07-23T21:33:27Z,QAQ,37.40000000000009,7.2000000000000455,-2.5,6.7999999999999545,1323.3,30.5,40.1,1.01,2.27,4.92,1,O3
2025-07-23T21:34:27Z,QAQ,38.30000000000007,7.100000000000023,-2.6000000000001364,7,1320,30.5,40.1,0.98,2.65,6.78,1,O3
2025-07-23T21:35:27Z,QAQ,36.39999999999998,7.299999999999955,-2.5,7.099999999999909,1328.3,30.5,40,0.89,1.9,3.58,1,O3
2025-07-23T21:36:27Z,QAQ,37.90000000000009,7.300000000000068,-2.599999999999909,6.7000000000000455,1325.2,30.5,39.9,1,2.07,2.95,1,O3
2025-07-23T21:37:27Z,QAQ,38.5,7.300000000000068,-2.5,6.7999999999999545,1326.1,30.5,39.9,0.98,2.03,5.6,1,O3
2025-07-23T21:38:27Z,QAQ,37.299999999999955,7.299999999999955,-2.599999999999909,6.899999999999864,1326.2,30.6,39.9,0.89,2.05,6.32,1,O3
2025-07-23T21:39:27Z,QAQ,38.200000000000045,7.100000000000023,-2.5,6.900000000000091,1326.8,30.6,39.9,1.02,2.16,3.14,1,O3
2025-07-23T21:40:27Z,QAQ,35,7.199999999999932,-2.5,7,1327,30.6,40,0.94,1.98,4.22,1,O3
2025-07-23T21:41:27Z,QAQ,36.10000000000002,7,-2.599999999999909,6.7999999999999545,1327,30.6,40,0.87,1.89,3.67,1,O3
2025-07-23T21:42:27Z,QAQ,35.60000000000002,7.199999999999932,-2.7999999999999545,7,1325,30.6,39.9,0.92,2.29,8.37,1,O3
2025-07-23T21:43:27Z,QAQ,36.10000000000002,7.5,-2.7000000000000455,7,1324.7,30.6,39.7,0.97,2.12,4.95,1,O3
2025-07-23T21:44:27Z,QAQ,36.5,7,-3,7,1323.9,30.7,39.7,0.95,2.12,5.69,1,O3
2025-07-23T21:45:27Z,QAQ,35.80000000000007,7.299999999999955,-2.6000000000001364,7,1324,30.7,39.8,0.94,2.28,4.26,1,O3
2025-07-23T21:46:27Z,QAQ,35.19999999999993,7.299999999999955,-2.400000000000091,7,1324,30.7,39.9,0.91,2.11,6.73,1,O3
2025-07-23T21:47:27Z,QAQ,38.10000000000002,7.2000000000000455,-2.7999999999999545,6.7999999999999545,1326.6,30.7,39.8,0.95,2.32,4,1,O3
2025-07-23T21:48:27Z,QAQ,36.299999999999955,7.300000000000068,-2.7999999999999545,6.899999999999864,1324.2,30.7,39.7,0.96,2.13,4.85,1,O3
2025-07-23T21:49:27Z,QAQ,35.60000000000002,7.5,-2.7000000000000455,6.900000000000091,1320.5,30.7,39.8,1.04,2.43,7.02,1,O3
2025-07-23T21:50:27Z,QAQ,38.80000000000007,7.399999999999977,-2.5,6.899999999999864,1321.9,30.7,39.7,0.97,1.88,2.94,1,O3
2025-07-23T21:51:27Z,QAQ,38.5,7.5,-2.7000000000000455,6.7999999999999545,1325.3,30.7,39.8,0.94,2.17,4.64,1,O3
2025-07-23T21:52:27Z,QAQ,39.700000000000045,7.599999999999909,-2.7000000000000455,7,1323.7,30.7,39.7,1.01,2.1,6.1,1,O3
2025-07-23T21:53:27Z,QAQ,38.60000000000002,7.199999999999932,-2.599999999999909,6.7999999999999545,1326.3,30.7,39.8,1.08,2.08,4.5,1,O3
2025-07-23T21:54:27Z,QAQ,39.69999999999993,7.5,-2.599999999999909,7,1326.6,30.8,39.8,1.03,2.2,6.66,1,O3
2025-07-23T21:55:27Z,QAQ,38.89999999999998,7.399999999999977,-2.7999999999999545,7.2000000000000455,1326.9,30.8,39.6,1.03,2.22,4.56,1,O3
2025-07-23T21:56:27Z,QAQ,37.5,7.5,-2.7000000000000455,7,1324.4,30.8,39.6,0.95,2.23,7.98,1,O3
2025-07-23T21:57:27Z,QAQ,36.299999999999955,7.100000000000023,-2.7000000000000455,7.100000000000136,1326.4,30.8,39.5,0.9,1.92,2.97,1,O3
2025-07-23T21:58:27Z,QAQ,38.69999999999993,7.2000000000000455,-2.6000000000001364,7,1324.7,30.8,39.6,1.04,2.26,4.93,1,O3
2025-07-23T21:59:27Z,QAQ,37.09999999999991,7.2000000000000455,-2.7000000000000455,7,1327.3,30.8,39.4,1.1,2.36,6.44,1,O3
2025-07-23T22:00:27Z,QAQ,37.59999999999991,7.399999999999977,-2.800000000000182,7,1326.7,30.8,39.5,1.16,2.34,4.74,1,O3
2025-07-23T22:01:27Z,QAQ,38,7.5,-2.3999999999998636,6.899999999999864,1325,30.8,39.5,1.06,2.29,4,1,O3
2025-07-23T22:02:27Z,QAQ,36.5,7.599999999999909,-2.599999999999909,6.899999999999864,1326,30.8,39.5,1.01,1.9,4.64,1,O3
2025-07-23T22:03:27Z,QAQ,35.700000000000045,7.600000000000023,-2.2999999999999545,6.7999999999999545,1325.2,30.9,39.6,0.97,1.88,2.35,1,O3
2025-07-23T22:04:27Z,QAQ,36.89999999999998,7.299999999999955,-2.5,6.900000000000091,1319.5,30.9,39.5,0.99,2.53,5.24,1,O3
2025-07-23T22:05:27Z,QAQ,39.30000000000007,7.5,-2.5,7,1325.3,30.9,39.6,0.99,2.33,5.76,1,O3
2025-07-23T22:06:27Z,QAQ,38,7.799999999999955,-2.2999999999999545,6.7999999999999545,1324.8,30.9,39.5,0.93,2.41,7.08,1,O3
2025-07-23T22:07:27Z,QAQ,38.39999999999998,7.700000000000045,-2.5,6.7999999999999545,1324.9,30.9,39.5,1.07,2.73,4.3,1,O3
2025-07-23T22:08:27Z,QAQ,37.700000000000045,8.5,-2.599999999999909,6.7999999999999545,1325.6,30.9,39.3,1.01,2.06,5.5,1,O3
2025-07-23T22:09:27Z,QAQ,38.19999999999993,8.100000000000023,-2.5,6.7999999999999545,1327,30.9,39.2,1.03,2.29,7.2,1,O3
2025-07-23T22:10:27Z,QAQ,38.89999999999998,8.100000000000023,-2.400000000000091,6.7999999999999545,1325,30.9,39.2,1.13,2.45,4.97,1,O3
2025-07-23T22:11:27Z,QAQ,35.69999999999993,7.899999999999977,-2.400000000000091,6.7999999999999545,1326,30.9,39.3,1.09,2.46,3.72,1,O3
2025-07-23T22:12:27Z,QAQ,37.69999999999993,7.600000000000023,-2.5,6.7999999999999545,1324.9,30.9,39.3,1.03,2.35,4.11,1,O3
2025-07-23T22:13:27Z,QAQ,36.89999999999998,7.5,-2.7000000000000455,6.899999999999864,1328.5,31,39.3,1.06,2.3,3.49,1,O3
2025-07-23T22:14:27Z,QAQ,36.30000000000007,7.799999999999955,-2.6000000000001364,7,1321.4,30.9,39.3,0.93,2.16,5.5,1,O3
2025-07-23T22:15:27Z,QAQ,36.799999999999955,7.600000000000023,-2.599999999999909,7.199999999999818,1325,31,39.2,1.04,2.43,6.2,1,O3
2025-07-23T22:16:27Z,QAQ,37,7.600000000000023,-2.7000000000000455,6.7999999999999545,1326.8,31,39.3,1.15,2.76,5.74,1,O3
2025-07-23T22:17:27Z,QAQ,39.69999999999993,8.100000000000023,-2.400000000000091,7,1328,31,39.4,1.02,2.38,6.85,1,O3
2025-07-23T22:18:27Z,QAQ,39.69999999999993,7.599999999999909,-2.5,7.099999999999909,1326.1,31,39.4,1,2.18,5.27,1,O3
2025-07-23T22:19:27Z,QAQ,39.700000000000045,7.600000000000023,-2.7999999999999545,7.099999999999909,1327.5,31,39.4,1.07,2.53,5.27,1,O3
2025-07-23T22:20:27Z,QAQ,36.299999999999955,7.199999999999932,-2.400000000000091,7.100000000000136,1324.8,31,39.4,1,2.18,4.72,1,O3
2025-07-23T22:21:27Z,QAQ,37.60000000000002,7.100000000000023,-2.5,7.300000000000182,1330.1,30.9,39.6,0.96,2.2,4.24,1,O3
2025-07-23T22:22:27Z,QAQ,37,7.400000000000091,-2.599999999999909,7.2000000000000455,1323.7,30.9,39.5,1.02,2.36,9.77,1,O3
2025-07-23T22:23:27Z,QAQ,35.59999999999991,7,-2.599999999999909,7.299999999999955,1324.6,30.9,39.6,1,2.47,6.05,1,O3
2025-07-23T22:24:27Z,QAQ,34.30000000000007,7,-2.3999999999998636,7.299999999999955,1322,30.9,39.6,0.98,2.25,5.81,1,O3
2025-07-23T22:25:27Z,QAQ,35.80000000000007,7.300000000000068,-2.5,7,1323,30.9,39.5,1.01,2.08,3.89,1,O3
2025-07-23T22:26:27Z,QAQ,35.5,7,-2.699999999999818,7.199999999999818,1324,30.9,39.4,1,2.14,6.98,1,O3
2025-07-23T22:27:27Z,QAQ,34.5,7.300000000000068,-2.5,7,1324.5,30.9,39.4,0.97,1.71,4.26,1,O3
2025-07-23T22:28:27Z,QAQ,35.60000000000002,7.199999999999932,-2.599999999999909,7.199999999999818,1323.9,30.9,39.4,1.01,2.04,6.05,1,O3
2025-07-23T22:29:27Z,QAQ,34.799999999999955,7.099999999999909,-2.2999999999999545,7.299999999999955,1324.9,30.9,39.5,1.02,2.05,3.87,1,O3
2025-07-23T22:30:27Z,QAQ,36.299999999999955,7.100000000000023,-2.400000000000091,7.2000000000000455,1324.1,30.9,39.5,0.93,1.78,4.52,1,O3
2025-07-23T22:31:27Z,QAQ,36.60000000000002,7,-2.599999999999909,7.099999999999909,1323.5,30.9,39.5,0.93,1.98,4.71,1,O3
2025-07-23T22:32:27Z,QAQ,36.89999999999998,7.299999999999955,-2.7000000000000455,7.5,1325,30.9,39.4,1,2.32,3.51,1,O3
2025-07-23T22:33:27Z,QAQ,35.60000000000002,6.900000000000091,-2.6000000000001364,7.2000000000000455,1325.7,31,39.4,1,2.14,6.77,1,O3
2025-07-23T22:34:27Z,QAQ,36.30000000000007,7.099999999999909,-2.300000000000182,7.100000000000136,1324.3,31,39.5,0.95,2.03,4.46,1,O3
2025-07-23T22:35:27Z,QAQ,37.39999999999998,7.100000000000023,-2.5,7.100000000000136,1324,31,39.5,1.01,1.84,2.37,1,O3
2025-07-23T22:36:27Z,QAQ,38.299999999999955,7,-2.2000000000000455,7.100000000000136,1324,31,39.6,1,2.03,4.29,1,O3
2025-07-23T22:37:27Z,QAQ,37.700000000000045,7.199999999999932,-2.2000000000000455,7.2000000000000455,1325.6,31,39.7,0.98,2.17,4.24,1,O3
2025-07-23T22:38:27Z,QAQ,37.89999999999998,7.2000000000000455,-2.2999999999999545,7.100000000000136,1322.4,31,39.7,0.98,2.41,5.33,1,O3
2025-07-23T22:39:27Z,QAQ,40.200000000000045,7.400000000000091,-2.400000000000091,7,1322.8,31,39.6,1.05,2.14,3.44,1,O3
2025-07-23T22:40:27Z,QAQ,37,7.300000000000068,-2.1000000000001364,7.100000000000136,1323.3,31,39.5,0.95,2.37,4.11,1,O3
2025-07-23T22:41:27Z,QAQ,39,7.5,-2.2000000000000455,7.100000000000136,1324.1,31,39.5,0.88,1.87,3.72,1,O3
2025-07-23T22:42:27Z,QAQ,38.10000000000002,7.199999999999932,-2.199999999999818,7,1324.8,31.1,39.6,0.92,1.89,7.66,1,O3
2025-07-23T22:43:27Z,QAQ,39.10000000000002,7.5,-2.2999999999999545,7,1324.5,31.1,39.6,0.95,1.99,3.53,1,O3
2025-07-23T22:44:27Z,QAQ,39,7.399999999999977,-2.099999999999909,6.899999999999864,1326.5,31.1,39.6,0.98,2.09,7.86,1,O3
2025-07-23T22:45:27Z,QAQ,39.299999999999955,7.5,-2.3999999999998636,6.899999999999864,1324.5,31.1,39.5,1.01,1.98,3.29,1,O3
2025-07-23T22:46:27Z,QAQ,39.30000000000007,7.199999999999932,-2.3999999999998636,7.099999999999909,1321.1,31.1,39.6,0.95,2.03,6.63,1,O3
2025-07-23T22:47:27Z,QAQ,38.10000000000002,7.300000000000068,-2.199999999999818,6.899999999999864,1324,31.1,39.7,0.88,1.81,7.82,1,O3
2025-07-23T22:48:27Z,QAQ,37.30000000000007,7.399999999999977,-2.199999999999818,6.899999999999864,1321.5,31.1,39.6,0.99,2.09,4.48,1,O3
2025-07-23T22:49:27Z,QAQ,38.10000000000002,7.5,-2.2999999999999545,6.900000000000091,1322,31.1,39.7,0.94,2.17,3.43,1,O3
2025-07-23T22:50:27Z,QAQ,37.10000000000002,7.5,-2.099999999999909,7,1320.4,31.1,39.7,0.95,2.12,6.38,1,O3
2025-07-23T22:51:27Z,QAQ,39.89999999999998,7.300000000000068,-2.2000000000000455,7.100000000000136,1320.4,31.1,39.8,0.94,1.93,5.53,1,O3
2025-07-23T22:52:27Z,QAQ,38.700000000000045,7.299999999999955,-2.2999999999999545,7,1320.6,31.1,39.8,0.98,2.27,6.61,1,O3
2025-07-23T22:53:27Z,QAQ,38.39999999999998,7,-2,6.699999999999818,1323.7,31.1,39.9,0.88,2.14,3.39,1,O3
2025-07-23T22:54:27Z,QAQ,41.39999999999998,7,-2.1000000000001364,6.900000000000091,1323.5,31.1,39.9,1.01,2.5,5.01,1,O3
2025-07-23T22:55:27Z,QAQ,39.200000000000045,7.100000000000023,-1.900000000000091,6.900000000000091,1325.1,31.1,40,0.95,2.1,5.07,1,O3
2025-07-23T22:56:27Z,QAQ,42.89999999999998,7.399999999999977,-2.5,6.899999999999864,1322.7,31.1,39.8,0.99,2.11,2.87,1,O3
2025-07-23T22:57:27Z,QAQ,42.299999999999955,7.5,-2.2999999999999545,7,1321.5,31.1,39.6,1.03,2.31,4.18,1,O3
2025-07-23T22:58:27Z,QAQ,40.5,7.2000000000000455,-2.2000000000000455,7.299999999999955,1323.7,31.1,39.7,0.99,2.18,5.3,1,O3
2025-07-23T22:59:27Z,QAQ,40,7.2000000000000455,-2.099999999999909,7,1325.8,31.1,39.8,1,2.58,8.05,1,O3
2025-07-23T23:00:27Z,QAQ,40.700000000000045,7.399999999999977,-2.099999999999909,7,1321.8,31.2,39.8,1,2.31,4.9,1,O3
2025-07-23T23:01:27Z,QAQ,41.799999999999955,7.399999999999977,-2.3999999999998636,7,1325,31.2,39.7,1.01,2.03,4.87,1,O3
2025-07-23T23:02:27Z,QAQ,41.200000000000045,7.599999999999909,-2.199999999999818,7,1325.5,31.2,39.6,1.01,2.7,6.37,1,O3
2025-07-23T23:03:27Z,QAQ,39.5,7.5,-2.099999999999909,7.2000000000000455,1322.9,31.2,39.4,1.02,2.32,6.76,1,O3
2025-07-23T23:04:27Z,QAQ,40.40000000000009,7.399999999999977,-2.2999999999999545,7,1323.5,31.2,39.4,0.91,2.42,6.54,1,O3
2025-07-23T23:05:27Z,QAQ,41.5,7.2000000000000455,-2.099999999999909,7,1324.8,31.2,39.5,0.97,2.29,4.94,1,O3
2025-07-23T23:06:27Z,QAQ,41.5,7.399999999999977,-2.3999999999998636,7.099999999999909,1325.3,31.3,39.5,1.02,2.18,5.59,1,O3
2025-07-23T23:07:27Z,QAQ,40.60000000000002,7.400000000000091,-2.400000000000091,7.299999999999955,1323.2,31.3,39.3,1.17,2.79,6.27,1,O3
2025-07-23T23:08:27Z,QAQ,40.799999999999955,7.299999999999955,-2.199999999999818,7.199999999999818,1323.4,31.3,39.4,1.11,2.49,5.15,1,O3
2025-07-23T23:09:27Z,QAQ,40,7.600000000000023,-2.2000000000000455,7.2000000000000455,1324.8,31.3,39.3,0.94,2.26,4.61,1,O3
2025-07-23T23:10:27Z,QAQ,40.19999999999993,7.300000000000068,-2.5,7.400000000000091,1322.1,31.3,39.2,0.98,2.28,4.71,1,O3
2025-07-23T23:11:27Z,QAQ,39,7.700000000000045,-2.400000000000091,7.400000000000091,1320.7,31.3,39.2,1.05,2.33,5.5,1,O3
2025-07-23T23:12:27Z,QAQ,40.5,7.600000000000023,-2.2999999999999545,7.299999999999955,1322.3,31.3,39.2,1,2.33,3.88,1,O3
2025-07-23T23:13:27Z,QAQ,39.10000000000002,7.599999999999909,-2.599999999999909,7.299999999999955,1326.1,31.3,39.1,1.04,2.16,2.73,1,O3
2025-07-23T23:14:27Z,QAQ,40.799999999999955,7.2000000000000455,-2.2999999999999545,7.099999999999909,1325.3,31.3,39.3,1.07,3,9.16,1,O3
2025-07-23T23:15:27Z,QAQ,40.39999999999998,7.5,-2.400000000000091,7.100000000000136,1323.1,31.4,39.1,1,2.35,5.25,1,O3
2025-07-23T23:16:27Z,QAQ,39.39999999999998,7.399999999999977,-2.2000000000000455,7.299999999999955,1325.7,31.4,39.2,0.97,2.07,8.38,1,O3
2025-07-23T23:17:27Z,QAQ,40.09999999999991,7.600000000000023,-2.3999999999998636,7.299999999999955,1323,31.4,39.1,1.07,2.57,11.37,1,O3
2025-07-23T23:18:27Z,QAQ,39,7.799999999999955,-2.5,7.299999999999955,1322.8,31.4,39.1,0.98,2.19,3.47,1,O3
2025-07-23T23:19:27Z,QAQ,39.19999999999993,7.699999999999932,-2.2999999999999545,7.2000000000000455,1323.3,31.4,39.1,1.02,2.35,5.28,1,O3
2025-07-23T23:20:27Z,QAQ,38.30000000000007,7.5,-2.5,7.2000000000000455,1321.6,31.4,39.1,1.02,2.61,6.16,1,O3
2025-07-23T23:21:27Z,QAQ,38.69999999999993,7.699999999999932,-2.7000000000000455,7.300000000000182,1324.1,31.4,38.9,0.98,2.33,5.59,1,O3
2025-07-23T23:22:27Z,QAQ,38.80000000000007,7.5,-2.5,7.300000000000182,1320.6,31.4,38.9,0.99,2.48,4.56,1,O3
2025-07-23T23:23:27Z,QAQ,38.10000000000002,7.799999999999955,-2.5,7.2000000000000455,1323.7,31.4,38.9,1,1.96,2.52,1,O3
2025-07-23T23:24:27Z,QAQ,38.5,7.600000000000023,-2.400000000000091,7.2000000000000455,1322.9,31.4,39,1.06,2.55,4.38,1,O3
2025-07-23T23:25:27Z,QAQ,39.700000000000045,7.300000000000068,-2.1000000000001364,7.2000000000000455,1323.7,31.4,39.1,0.88,1.84,2.34,1,O3
2025-07-23T23:26:27Z,QAQ,40.700000000000045,7.5,-2.2999999999999545,7,1320.2,31.4,39,0.87,1.95,3.19,1,O3
2025-07-23T23:27:27Z,QAQ,38.39999999999998,7.899999999999977,-2.5,7.299999999999955,1321.9,31.4,38.9,1.04,2.23,5.05,1,O3
2025-07-23T23:28:27Z,QAQ,38.799999999999955,7.700000000000045,-2.5,7.100000000000136,1321.8,31.4,38.9,0.86,2.14,4.29,1,O3
2025-07-23T23:29:27Z,QAQ,39.80000000000007,7.5,-2.099999999999909,7.299999999999955,1324.6,31.4,38.9,1.08,2.18,3.86,1,O3
2025-07-23T23:30:27Z,QAQ,39.700000000000045,7.800000000000068,-2.2999999999999545,7.2000000000000455,1324.6,31.4,39,1.08,2.62,3.36,1,O3
2025-07-23T23:31:27Z,QAQ,40.299999999999955,7.799999999999955,-2.5,7.400000000000091,1323.4,31.4,38.9,1.07,2.39,3.19,1,O3
2025-07-23T23:32:27Z,QAQ,40.60000000000002,7.5,-2.5,7.399999999999864,1322.1,31.4,38.8,0.99,2.12,5.9,1,O3
2025-07-23T23:33:27Z,QAQ,37.5,7.5,-2.5,7.699999999999818,1319.7,31.4,38.8,1,2.26,5.97,1,O3
2025-07-23T23:34:27Z,QAQ,36.90000000000009,7.5,-2.5,7.699999999999818,1322.2,31.4,38.9,0.89,2.07,7.31,1,O3
2025-07-23T23:35:27Z,QAQ,37.30000000000007,7.299999999999955,-2.599999999999909,7.5,1322.7,31.4,38.9,0.93,2.1,3.66,1,O3
2025-07-23T23:36:27Z,QAQ,35.40000000000009,7.299999999999955,-2.5,7.600000000000136,1322.2,31.4,38.8,0.99,2.09,3.43,1,O3
2025-07-23T23:37:27Z,QAQ,34.89999999999998,7.5,-2.5,7.5,1324.3,31.3,39,0.94,2.03,4.59,1,O3
2025-07-23T23:38:27Z,QAQ,34.10000000000002,7,-2.6000000000001364,7.600000000000136,1323.5,31.3,39,0.97,2.13,4.07,1,O3
2025-07-23T23:39:27Z,QAQ,35.60000000000002,7.100000000000023,-2.3999999999998636,7.799999999999955,1326.2,31.3,39,1.02,2.41,4.99,1,O3
2025-07-23T23:40:27Z,QAQ,36.39999999999998,7.2000000000000455,-2.5,7.600000000000136,1322,31.3,39.1,1.01,2.11,2.72,1,O3
2025-07-23T23:41:27Z,QAQ,36.30000000000007,7.100000000000023,-2.6000000000001364,7.900000000000091,1321.9,31.2,39,0.98,1.93,3.68,1,O3
2025-07-23T23:42:27Z,QAQ,36.5,7,-2.2999999999999545,7.900000000000091,1323.6,31.2,39.1,0.97,2.05,3.62,1,O3
2025-07-23T23:43:27Z,QAQ,35.700000000000045,6.899999999999977,-2.3999999999998636,7.899999999999864,1325.2,31.2,39.2,0.99,2.32,4.06,1,O3
2025-07-23T23:44:27Z,QAQ,37.19999999999993,7.199999999999932,-2.5,8.100000000000136,1326.5,31.2,39,0.97,2.24,8.06,1,O3
2025-07-23T23:45:27Z,QAQ,35.200000000000045,6.7999999999999545,-2.5,8.100000000000136,1323.6,31.2,39,1.05,2.54,6.41,1,O3
2025-07-23T23:46:27Z,QAQ,37.19999999999993,6.800000000000068,-2.2000000000000455,8.100000000000136,1322.8,31.1,39.2,0.97,2.09,5.02,1,O3
2025-07-23T23:47:27Z,QAQ,38.200000000000045,6.5,-2.2999999999999545,8,1324.6,31.1,39.3,0.92,2.16,4.92,1,O3
2025-07-23T23:48:27Z,QAQ,38.200000000000045,6.800000000000068,-2.2000000000000455,8.100000000000136,1322.8,31.1,39.2,0.92,2.18,6.66,1,O3
2025-07-23T23:49:27Z,QAQ,38,6.7000000000000455,-2.3999999999998636,8.199999999999818,1324,31.1,39.2,0.96,2.28,3.79,1,O3
2025-07-23T23:50:27Z,QAQ,38.40000000000009,6.2000000000000455,-2.2999999999999545,8.400000000000091,1323.6,31.1,39.3,1,1.99,2.81,1,O3
2025-07-23T23:51:27Z,QAQ,39.19999999999993,6.400000000000091,-2.099999999999909,8.200000000000045,1324.2,31.1,39.3,1.09,2.61,5.04,1,O3
2025-07-23T23:52:27Z,QAQ,39.59999999999991,6.7000000000000455,-2.2999999999999545,8.5,1322.9,31.1,39.2,1.18,2.48,5.55,1,O3
2025-07-23T23:53:27Z,QAQ,38.80000000000007,6.300000000000068,-2.3999999999998636,8.5,1321.9,31.1,39.3,1.07,2.37,5.13,1,O3
2025-07-23T23:54:27Z,QAQ,39.39999999999998,6.399999999999977,-2,8.299999999999955,1322.2,31.1,39.4,1.01,2.23,4.45,1,O3
2025-07-23T23:55:27Z,QAQ,43.09999999999991,6.399999999999977,-2.099999999999909,8.400000000000091,1324.1,31.1,39.4,1.01,2.08,4.07,1,O3
2025-07-23T23:56:27Z,QAQ,41.89999999999998,6.300000000000068,-2.2999999999999545,8.5,1324.9,31.1,39.4,1.06,2.32,4.99,1,O3
2025-07-23T23:57:27Z,QAQ,43.19999999999993,6.2999999999999545,-2.199999999999818,8.599999999999909,1324.5,31.1,39.3,0.95,1.8,5.26,1,O3
2025-07-23T23:58:27Z,QAQ,43.5,6.300000000000068,-2.3999999999998636,8.899999999999864,1320.4,31.1,39.2,0.99,2.14,7.62,1,O3
2025-07-23T23:59:27Z,QAQ,43.30000000000007,6.399999999999977,-2.2999999999999545,9,1320.1,31,39.3,0.91,2.17,3.7,1,O3
2025-07-24T00:00:27Z,QAQ,42.89999999999998,6.2000000000000455,-2.2999999999999545,8.899999999999864,1317.1,31,39.5,0.97,1.67,1.87,1,O3
2025-07-24T00:01:27Z,QAQ,43.39999999999998,6.199999999999932,-2.099999999999909,8.799999999999955,1320.9,31,39.5,0.98,2.09,5,1,O3
2025-07-24T00:02:27Z,QAQ,43.5,6.199999999999932,-2,8.599999999999909,1320.6,31,39.7,1.04,2.4,4.72,1,O3
2025-07-24T00:03:27Z,QAQ,41.700000000000045,6.199999999999932,-2.099999999999909,8.799999999999955,1320.7,30.9,39.7,1.03,2.11,3.82,1,O3
2025-07-24T00:04:27Z,QAQ,40,6.399999999999977,-2.3999999999998636,8.899999999999864,1318,30.9,39.6,0.99,2.02,4.44,1,O3
2025-07-24T00:05:27Z,QAQ,39.69999999999993,6.100000000000023,-2.2000000000000455,9,1323.2,30.9,39.6,1.04,2.17,3.55,1,O3
2025-07-24T00:06:27Z,QAQ,39.799999999999955,5.899999999999977,-2,9,1320.7,30.9,39.8,0.93,2.01,6.64,1,O3
2025-07-24T00:07:27Z,QAQ,38.89999999999998,5.900000000000091,-2,8.800000000000182,1324.4,30.8,39.9,0.93,2.09,7.25,1,O3
2025-07-24T00:08:27Z,QAQ,40,6,-1.8999999999998636,8.899999999999864,1322.5,30.8,39.9,1.01,2.05,8.62,1,O3
2025-07-24T00:09:27Z,QAQ,41.40000000000009,5.7000000000000455,-1.8999999999998636,8.899999999999864,1324.2,30.8,40,0.99,2.39,5.8,1,O3
2025-07-24T00:10:27Z,QAQ,41.10000000000002,6,-1.800000000000182,8.900000000000091,1324.5,30.8,40,1.06,2.48,3.46,1,O3
2025-07-24T00:11:27Z,QAQ,41,5.699999999999932,-1.7999999999999543,8.899999999999864,1327.1,30.8,40,1.02,2.21,3.5,1,O3
2025-07-24T00:12:27Z,QAQ,41.90000000000009,6,-2,8.899999999999864,1323.4,30.8,40,0.96,2.27,4.4,1,O3
2025-07-24T00:13:27Z,QAQ,42.799999999999955,5.899999999999977,-1.7000000000000457,8.900000000000091,1322.3,30.8,40.1,0.97,1.94,3.75,1,O3
2025-07-24T00:14:27Z,QAQ,42.69999999999993,6.2999999999999545,-1.599999999999909,8.899999999999864,1324.6,30.8,40,1.02,2.11,3.27,1,O3
2025-07-24T00:15:27Z,QAQ,43,6.199999999999932,-1.3999999999998636,8.700000000000045,1325.5,30.8,40,0.97,2.05,5.13,1,O3
2025-07-24T00:16:27Z,QAQ,44,6.399999999999977,-1.400000000000091,8.5,1324.9,30.8,40,1.01,2.03,3.25,1,O3
2025-07-24T00:17:27Z,QAQ,43.59999999999991,6.099999999999909,-1.5,8.799999999999955,1329.7,30.8,40,0.99,2.35,5.75,1,O3
2025-07-24T00:18:27Z,QAQ,43.10000000000002,6.199999999999932,-1.699999999999818,9.099999999999907,1325.1,30.8,39.9,1.01,2.12,3.62,1,O3
2025-07-24T00:19:27Z,QAQ,44.5,6,-1.800000000000182,9,1324.3,30.9,39.8,1.04,2.36,5.2,1,O3
2025-07-24T00:20:27Z,QAQ,42.89999999999998,5.7999999999999545,-1.5,9,1327.5,30.9,39.9,1.01,2.64,6.52,1,O3
2025-07-24T00:21:27Z,QAQ,43.200000000000045,6.2000000000000455,-1.8999999999998636,9.099999999999907,1326.4,30.9,39.7,1.04,2.27,4.27,1,O3
2025-07-24T00:22:27Z,QAQ,43.200000000000045,5.899999999999977,-1.7000000000000457,9.400000000000093,1325.2,30.9,39.8,1.06,2.4,5.29,1,O3
2025-07-24T00:23:27Z,QAQ,42.799999999999955,5.899999999999977,-1.900000000000091,9.300000000000182,1325.7,31,39.7,0.93,1.91,2.96,1,O3
2025-07-24T00:24:27Z,QAQ,44,6.199999999999932,-1.900000000000091,9.299999999999956,1324.9,31,39.6,1.05,2.12,10.05,1,O3
2025-07-24T00:25:27Z,QAQ,43.39999999999998,6.2999999999999545,-2,9.399999999999864,1324.8,31,39.4,1.18,3.12,5.13,1,O3
2025-07-24T00:26:27Z,QAQ,43.30000000000007,6.100000000000023,-2,9.400000000000093,1324.7,31,39.3,1.09,2.26,4.47,1,O3
2025-07-24T00:27:27Z,QAQ,44.10000000000002,6.399999999999977,-2.2000000000000455,9.200000000000044,1323.1,31.1,39.3,1.11,2.32,5.25,1,O3
2025-07-24T00:28:27Z,QAQ,42.5,6.699999999999932,-1.5,9.099999999999907,1321.6,31.1,39.3,1.04,2.05,7.33,1,O3
2025-07-24T00:29:27Z,QAQ,43.200000000000045,7.400000000000091,-1.2999999999999543,8.600000000000136,1325.2,31.1,39.2,1.02,2.41,4.97,1,O3
2025-07-24T00:30:27Z,QAQ,43,6.899999999999977,-1.5,8.899999999999864,1323.7,31.2,39.2,0.97,2.07,7.78,1,O3
2025-07-24T00:31:27Z,QAQ,43.80000000000007,7.2000000000000455,-1.2999999999999543,8.5,1327.5,31.2,39.2,1.02,2.3,5.24,1,O3
2025-07-24T00:32:27Z,QAQ,43.700000000000045,7.399999999999977,-1.2999999999999543,8.699999999999818,1329.4,31.2,39.2,1.07,2.51,3.74,1,O3
2025-07-24T00:33:27Z,QAQ,43.700000000000045,7.299999999999955,-1.199999999999818,8.599999999999909,1325.1,31.3,39.1,1.04,2.06,5.36,1,O3
2025-07-24T00:34:27Z,QAQ,42.39999999999998,7.100000000000023,-1.599999999999909,8.899999999999864,1322.4,31.3,39.1,0.93,1.68,2.03,1,O3
2025-07-24T00:35:27Z,QAQ,41.90000000000009,7.199999999999932,-1.7999999999999543,8.799999999999955,1327.1,31.3,38.9,0.99,2.02,4.79,1,O3
2025-07-24T00:36:27Z,QAQ,42.200000000000045,7.5,-1.7999999999999543,8.799999999999955,1325.9,31.3,38.8,0.96,2.16,3.64,1,O3
2025-07-24T00:37:27Z,QAQ,42.89999999999998,7.700000000000045,-2.1000000000001364,9,1327.9,31.4,38.5,1,2.07,6.34,1,O3
2025-07-24T00:38:27Z,QAQ,39.39999999999998,7.100000000000023,-1.8999999999998636,8.799999999999955,1325.6,31.4,38.7,0.97,2.05,3.13,1,O3
2025-07-24T00:39:27Z,QAQ,41.200000000000045,7,-1.8999999999998636,9.099999999999907,1326.2,31.4,38.5,0.95,1.84,6.02,1,O3
2025-07-24T00:40:27Z,QAQ,39.39999999999998,7.099999999999909,-2.099999999999909,9.099999999999907,1325.2,31.4,38.5,1,1.96,5.15,1,O3
2025-07-24T00:41:27Z,QAQ,40.700000000000045,7.100000000000023,-2.599999999999909,9.5,1325.2,31.4,38.2,1.02,1.86,4.87,1,O3
2025-07-24T00:42:27Z,QAQ,39.60000000000002,6.899999999999977,-2.5,9.299999999999956,1323.9,31.5,38.2,1.07,2.59,6.08,1,O3
2025-07-24T00:43:27Z,QAQ,40,6.899999999999977,-2.7000000000000455,9.599999999999907,1324.5,31.5,38.1,0.93,2.08,3.37,1,O3
2025-07-24T00:44:27Z,QAQ,40.19999999999993,6.600000000000023,-2.5,9.400000000000093,1324.4,31.5,38.1,0.98,2.05,4.08,1,O3
2025-07-24T00:45:27Z,QAQ,39.69999999999993,6.699999999999932,-2.599999999999909,9.799999999999956,1326.6,31.5,38.1,0.98,2.1,4.07,1,O3
2025-07-24T00:46:27Z,QAQ,40,7.100000000000023,-2.7000000000000455,9.400000000000093,1326,31.5,38.1,0.95,2.32,4.39,1,O3
2025-07-24T00:47:27Z,QAQ,38.700000000000045,7.100000000000023,-2.8999999999998636,9.799999999999956,1322.5,31.6,37.8,0.97,2.16,4.11,1,O3
2025-07-24T00:48:27Z,QAQ,38.5,6.7999999999999545,-3,9.800000000000182,1319.3,31.6,37.8,0.98,2.05,4.79,1,O3
2025-07-24T00:49:27Z,QAQ,37.200000000000045,6.899999999999977,-3.099999999999909,9.900000000000093,1326.5,31.6,37.8,1.11,1.82,2.06,1,O3
2025-07-24T00:50:27Z,QAQ,36.60000000000002,6.7999999999999545,-3,9.700000000000044,1325,31.6,37.7,0.93,1.93,3.26,1,O3
2025-07-24T00:51:27Z,QAQ,37.69999999999993,6.7999999999999545,-3.099999999999909,9.900000000000093,1325.6,31.6,37.7,0.97,1.92,4.49,1,O3
2025-07-24T00:52:27Z,QAQ,37.10000000000002,6.600000000000023,-2.7000000000000455,9.799999999999956,1324.5,31.6,38,1.02,2.02,3.08,1,O3
2025-07-24T00:53:27Z,QAQ,36.299999999999955,6.900000000000091,-3,9.900000000000093,1326,31.6,37.9,0.96,2.01,2.53,1,O3
2025-07-24T00:54:27Z,QAQ,37.200000000000045,6.600000000000023,-3.2000000000000455,10,1326.4,31.6,37.8,0.97,2.14,3.82,1,O3
2025-07-24T00:55:27Z,QAQ,36.799999999999955,6.7999999999999545,-3.2000000000000455,9.700000000000044,1325,31.6,37.9,0.94,2.14,3.73,1,O3
2025-07-24T00:56:27Z,QAQ,36,6.600000000000023,-2.900000000000091,9.700000000000044,1321.2,31.5,37.8,0.92,1.9,4.65,1,O3
2025-07-24T00:57:27Z,QAQ,34.200000000000045,7,-3.2000000000000455,9.799999999999956,1322.6,31.5,37.8,0.95,1.93,4.25,1,O3
2025-07-24T00:58:27Z,QAQ,35.09999999999991,6.899999999999977,-3.1000000000001364,9.900000000000093,1321.2,31.5,37.8,1.02,2.34,3.66,1,O3
2025-07-24T00:59:27Z,QAQ,35.19999999999993,6.399999999999977,-2.7000000000000455,9.799999999999956,1323.6,31.5,38,0.94,1.77,5.15,1,O3
2025-07-24T01:00:27Z,QAQ,35.10000000000002,7,-3.2000000000000455,9.899999999999864,1322.3,31.5,37.9,0.96,1.82,4.27,1,O3
2025-07-24T01:01:27Z,QAQ,35.09999999999991,6.599999999999909,-3,9.900000000000093,1322.9,31.5,38,0.98,2.1,3.84,1,O3
2025-07-24T01:02:27Z,QAQ,34.5,6.7000000000000455,-2.900000000000091,9.799999999999956,1321.7,31.4,38.1,0.9,1.7,2.39,1,O3
2025-07-24T01:03:27Z,QAQ,34.60000000000002,6.800000000000068,-2.8999999999998636,9.799999999999956,1318.8,31.4,37.9,1,2.23,5.88,1,O3
2025-07-24T01:04:27Z,QAQ,36.39999999999998,6.600000000000023,-2.7999999999999545,9.899999999999864,1323.4,31.4,38,1.03,2.26,3.69,1,O3
2025-07-24T01:05:27Z,QAQ,35.89999999999998,6.600000000000023,-2.7999999999999545,9.899999999999864,1324.7,31.3,38.2,1.09,2.08,4.12,1,O3
2025-07-24T01:06:27Z,QAQ,36.69999999999993,6.5,-2.599999999999909,9.599999999999907,1324.3,31.3,38.2,0.88,1.82,2.5,1,O3
2025-07-24T01:07:27Z,QAQ,35.69999999999993,6.2999999999999545,-2.599999999999909,9.899999999999864,1323.1,31.3,38.3,0.93,2.16,4.71,1,O3
2025-07-24T01:08:27Z,QAQ,36.80000000000007,6.2999999999999545,-2.5,9.900000000000093,1322.8,31.3,38.6,0.87,2.04,5.94,1,O3
2025-07-24T01:09:27Z,QAQ,35.5,6.5,-2.599999999999909,9.900000000000093,1323.9,31.3,38.6,0.92,2.3,4.4,1,O3
2025-07-24T01:10:27Z,QAQ,39.10000000000002,6.2000000000000455,-2.400000000000091,10,1323.7,31.2,38.7,0.98,2.02,5.94,1,O3
2025-07-24T01:11:27Z,QAQ,38.30000000000007,6.2999999999999545,-2.2999999999999545,9.700000000000044,1326.1,31.2,38.8,1.02,2.46,4.26,1,O3
2025-07-24T01:12:27Z,QAQ,39.39999999999998,6.399999999999977,-2.2999999999999545,9.700000000000044,1326.7,31.2,38.9,1.05,2.05,3.06,1,O3
2025-07-24T01:13:27Z,QAQ,39.5,6.100000000000023,-2.2999999999999545,9.799999999999956,1323.3,31.2,39,1.04,2.05,7.4,1,O3
2025-07-24T01:14:27Z,QAQ,38.5,6.300000000000068,-2.099999999999909,10,1321,31.2,39,0.99,1.78,2.33,1,O3
2025-07-24T01:15:27Z,QAQ,38.299999999999955,6.100000000000023,-2.199999999999818,10,1323.8,31.1,39.1,0.93,2.25,4.26,1,O3
2025-07-24T01:16:27Z,QAQ,39,6.2999999999999545,-2.2000000000000455,10,1322.2,31.1,39.1,0.93,1.81,3.6,1,O3
2025-07-24T01:17:27Z,QAQ,38.89999999999998,5.899999999999977,-2.1000000000001364,10,1325.3,31.1,39.2,0.93,1.63,1.94,1,O3
2025-07-24T01:18:27Z,QAQ,40.59999999999991,5.900000000000091,-2.099999999999909,9.799999999999956,1325,31.1,39.4,0.84,1.79,3.81,1,O3
2025-07-24T01:19:27Z,QAQ,40.10000000000002,6.199999999999932,-1.8999999999998636,9.699999999999818,1324.8,31,39.4,0.89,1.98,3.48,1,O3
2025-07-24T01:20:27Z,QAQ,38.69999999999993,5.899999999999977,-2.1000000000001364,9.900000000000093,1322.2,31,39.3,0.94,1.81,3.01,1,O3
2025-07-24T01:21:27Z,QAQ,40.60000000000002,5.900000000000091,-2.099999999999909,9.799999999999956,1323.1,31,39.5,0.98,2.09,3.12,1,O3
2025-07-24T01:22:27Z,QAQ,39.200000000000045,6,-2.099999999999909,9.799999999999956,1323,30.9,39.6,1.01,2.02,2.8,1,O3
2025-07-24T01:23:27Z,QAQ,41.10000000000002,6.100000000000023,-1.7999999999999543,9.799999999999956,1322.2,30.9,39.7,0.92,2.17,5.22,1,O3
2025-07-24T01:24:27Z,QAQ,40,5.599999999999909,-2.099999999999909,9.799999999999956,1318.6,30.9,39.8,0.97,1.89,5.64,1,O3
2025-07-24T01:25:27Z,QAQ,40.80000000000007,6,-2.099999999999909,10,1322.9,30.8,39.6,0.98,2.17,4.42,1,O3
2025-07-24T01:26:27Z,QAQ,39.10000000000002,5.2000000000000455,-1.900000000000091,10,1323,30.8,39.8,0.95,1.85,5.12,1,O3
2025-07-24T01:27:27Z,QAQ,39.80000000000007,5.7999999999999545,-2,9.700000000000044,1323,30.8,40,0.96,2.28,6.42,1,O3
2025-07-24T01:28:27Z,QAQ,40.5,5.600000000000023,-1.5,9.800000000000182,1321.8,30.7,40,0.9,2.17,3.41,1,O3
2025-07-24T01:29:27Z,QAQ,41.80000000000007,5.600000000000023,-1.8999999999998636,9.899999999999864,1323.3,30.7,40.2,0.99,2.11,4.21,1,O3
2025-07-24T01:30:27Z,QAQ,41.200000000000045,5.699999999999932,-2,9.899999999999864,1322.9,30.6,40.1,0.89,2.02,3.52,1,O3
2025-07-24T01:31:27Z,QAQ,38.700000000000045,5.5,-1.599999999999909,9.899999999999864,1317.3,30.6,40.2,0.91,1.76,4.1,1,O3
2025-07-24T01:32:27Z,QAQ,39.5,5.2999999999999545,-1.7000000000000457,9.899999999999864,1319.1,30.5,40.5,0.86,1.79,3.08,1,O3
2025-07-24T01:33:27Z,QAQ,39.80000000000007,5.199999999999932,-1.3999999999998636,9.799999999999956,1321.1,30.5,40.7,1.07,2.35,3.62,1,O3
2025-07-24T01:34:27Z,QAQ,38.5,5.7000000000000455,-1.7999999999999543,10,1321,30.4,40.6,1.02,2,5.04,1,O3
2025-07-24T01:35:27Z,QAQ,38.59999999999991,4.800000000000068,-1.400000000000091,10.100000000000136,1317.2,30.4,40.8,1.02,2.33,4.04,1,O3
2025-07-24T01:36:27Z,QAQ,38.299999999999955,6.7000000000000455,-0.7999999999999545,9.299999999999956,1318.9,30.3,41,0.96,1.86,5.46,1,O3
2025-07-24T01:37:27Z,QAQ,38.200000000000045,7,0,8.799999999999955,1317.8,30.2,41.1,1,1.94,3.09,1,O3
2025-07-24T01:38:27Z,QAQ,37.59999999999991,6.399999999999977,0.20000000000004547,8.699999999999818,1316.7,30.2,41.6,1.04,1.96,2.87,1,O3
2025-07-24T01:39:27Z,QAQ,39.5,7.2000000000000455,0.40000000000009095,8.699999999999818,1314.8,30.1,41.6,0.95,2.05,3.48,1,O3
2025-07-24T01:40:27Z,QAQ,37.799999999999955,6.600000000000023,0.7000000000000455,8.5,1314.3,30,42.2,0.92,1.82,3.59,1,O3
2025-07-24T01:41:27Z,QAQ,37.89999999999998,7.300000000000068,0.3000000000001819,8.599999999999909,1313.6,29.9,42.1,0.99,2.09,6.6,1,O3
2025-07-24T01:42:27Z,QAQ,36.30000000000007,6.2999999999999545,0.6000000000001364,8.399999999999864,1313.5,29.8,42.2,1.01,2.05,2.71,1,O3
2025-07-24T01:43:27Z,QAQ,39.39999999999998,6.899999999999977,1.2000000000000457,8.299999999999955,1314.8,29.7,42.7,0.97,2.13,3.69,1,O3
2025-07-24T01:44:27Z,QAQ,38.5,6.699999999999932,0.8000000000001819,8.699999999999818,1311.6,29.7,42.8,0.98,1.99,3.76,1,O3
2025-07-24T01:45:27Z,QAQ,39.200000000000045,5.7999999999999545,0.5,8.600000000000136,1312,29.6,42.6,1.03,2.04,7.12,1,O3
2025-07-24T01:46:27Z,QAQ,39,5.400000000000091,0.7999999999999545,8.900000000000091,1309.7,29.5,43.1,1.06,2.5,5.29,1,O3
2025-07-24T01:47:27Z,QAQ,39.69999999999993,5.600000000000023,0.6000000000001364,9.099999999999907,1310.6,29.4,43.3,0.91,1.61,2.86,1,O3
2025-07-24T01:48:27Z,QAQ,40.19999999999993,5.5,0.40000000000009095,9,1306.2,29.3,43.3,0.98,2.2,5.21,1,O3
2025-07-24T01:49:27Z,QAQ,40.799999999999955,5.2999999999999545,0.7000000000000455,9,1311.4,29.2,43.5,1.04,1.67,2.13,1,O3
2025-07-24T01:50:27Z,QAQ,39.60000000000002,5.900000000000091,0.7000000000000455,8.699999999999818,1309,29.2,43.4,0.98,2.16,3.07,1,O3
2025-07-24T01:51:27Z,QAQ,40.5,5.2999999999999545,1,8.599999999999909,1310.4,29.1,43.5,1.06,2,3.09,1,O3
2025-07-24T01:52:27Z,QAQ,41.299999999999955,5.5,1.300000000000182,8.799999999999955,1308.1,29,43.9,1.07,2.11,4.97,1,O3
2025-07-24T01:53:27Z,QAQ,40.10000000000002,5.2999999999999545,1.2999999999999543,8.700000000000045,1305.6,29,44.1,1.08,1.97,4.75,1,O3
2025-07-24T01:54:27Z,QAQ,42.700000000000045,5.2000000000000455,1.2999999999999543,8.799999999999955,1309.2,28.9,44.2,1.02,2,2.92,1,O3
2025-07-24T01:55:27Z,QAQ,42.39999999999998,5.2000000000000455,0.5,9.099999999999907,1307.1,28.8,44,0.96,2.12,4.26,1,O3
2025-07-24T01:56:27Z,QAQ,43.700000000000045,4.2999999999999545,0.7000000000000455,9.200000000000044,1309.1,28.8,44,0.95,1.53,4.5,1,O3
2025-07-24T01:57:27Z,QAQ,44.10000000000002,4.400000000000091,0.8999999999998636,9.400000000000093,1305.5,28.7,44.3,0.98,1.75,1.97,1,O3
2025-07-24T01:58:27Z,QAQ,44.69999999999993,4.5,0.900000000000091,9.299999999999956,1305.3,28.7,44.3,1.02,2.27,4.72,1,O3
2025-07-24T01:59:27Z,QAQ,44.10000000000002,4,1.2000000000000457,9.200000000000044,1304.2,28.6,44.4,1.01,1.89,3.65,1,O3
2025-07-24T02:00:27Z,QAQ,45.5,5.100000000000023,0.8000000000001819,9.099999999999907,1305.3,28.6,44.5,1,2.04,4.01,1,O3
2025-07-24T02:01:27Z,QAQ,46.09999999999991,4.699999999999932,1.099999999999909,9.099999999999907,1307.7,28.6,44.4,1,1.95,4.04,1,O3
2025-07-24T02:02:27Z,QAQ,45,4.600000000000023,1.5,9.200000000000044,1298.6,28.5,44.6,1.01,1.98,3.17,1,O3
2025-07-24T02:03:27Z,QAQ,44.200000000000045,5,1,9.200000000000044,1304.3,28.5,44.5,0.97,2.11,2.94,1,O3
2025-07-24T02:04:27Z,QAQ,43.5,5.399999999999977,1.6000000000001364,8.899999999999864,1303.8,28.4,44.5,0.92,1.81,5.25,1,O3
2025-07-24T02:05:27Z,QAQ,44.69999999999993,5.600000000000023,1.7000000000000457,8.600000000000136,1304.5,28.4,44.6,0.96,1.6,2.83,1,O3
2025-07-24T02:06:27Z,QAQ,43.39999999999998,4.899999999999977,1.7000000000000457,8.899999999999864,1306.1,28.3,44.6,0.96,1.82,4.47,1,O3
2025-07-24T02:07:27Z,QAQ,43.89999999999998,5.2000000000000455,2,8.700000000000045,1305,28.3,45,0.95,2.14,5.92,1,O3
2025-07-24T02:08:27Z,QAQ,43.60000000000002,5.5,1.2000000000000457,8.599999999999909,1307.8,28.2,44.5,0.94,1.89,5.53,1,O3
2025-07-24T02:09:27Z,QAQ,45.10000000000002,4.2999999999999545,1.7000000000000457,8.699999999999818,1306.1,28.2,44.8,0.94,1.77,2.47,1,O3
2025-07-24T02:10:27Z,QAQ,45.69999999999993,5.2999999999999545,1.900000000000091,8.399999999999864,1304.7,28.2,45,0.97,1.81,3.81,1,O3
2025-07-24T02:11:27Z,QAQ,46.39999999999998,5,1.7000000000000457,8.599999999999909,1303.1,28.1,44.9,1.07,2.28,5.63,1,O3
2025-07-24T02:12:27Z,QAQ,44.799999999999955,5.399999999999977,1.7999999999999543,8.400000000000091,1304.2,28.1,45,0.87,1.75,4.01,1,O3
2025-07-24T02:13:27Z,QAQ,46.5,4.5,1.7999999999999543,8.700000000000045,1306.6,28.1,44.9,0.92,1.62,6.02,1,O3
2025-07-24T02:14:27Z,QAQ,46.90000000000009,5.400000000000091,2.3999999999998636,8.300000000000182,1306.8,28,45.4,1.06,1.94,6.09,1,O3
2025-07-24T02:15:27Z,QAQ,46.799999999999955,4.900000000000091,2.2999999999999545,8.5,1307.3,28,45.4,1.02,2.05,5.64,1,O3
2025-07-24T02:16:27Z,QAQ,47,5.399999999999977,2.3999999999998636,8.5,1306.4,28,45.7,0.97,1.8,2.75,1,O3
2025-07-24T02:17:27Z,QAQ,49.299999999999955,5.100000000000023,2.599999999999909,8.5,1308.2,28,45.7,0.96,2.19,5.56,1,O3
2025-07-24T02:18:27Z,QAQ,48.69999999999993,5.2999999999999545,2.2000000000000455,8.399999999999864,1307.6,28,45.7,0.94,1.97,3.53,1,O3
2025-07-24T02:19:27Z,QAQ,49.5,4.900000000000091,1.7999999999999543,8.700000000000045,1307.5,28,45.4,0.97,1.75,3.62,1,O3
2025-07-24T02:20:27Z,QAQ,50.200000000000045,4.599999999999909,1.599999999999909,8.700000000000045,1306.4,28,45.2,0.99,2.11,4.81,1,O3
2025-07-24T02:21:27Z,QAQ,49.299999999999955,4.399999999999977,1.7999999999999543,8.799999999999955,1308.7,27.9,45.2,0.84,1.8,8.44,1,O3
2025-07-24T02:22:27Z,QAQ,50.5,4.399999999999977,1.3999999999998636,8.900000000000091,1309.1,27.9,45.3,0.92,1.81,2.89,1,O3
2025-07-24T02:23:27Z,QAQ,50.5,4.399999999999977,1.6000000000001364,8.799999999999955,1309.9,27.9,45.2,0.98,1.86,3.17,1,O3
2025-07-24T02:24:27Z,QAQ,49.799999999999955,4.300000000000068,1.3999999999998636,8.900000000000091,1307.9,28,45.1,0.99,1.54,2.35,1,O3
2025-07-24T02:25:27Z,QAQ,50.299999999999955,4,1.2999999999999543,9.100000000000136,1308.5,28,45,1.05,2.23,3.99,1,O3
2025-07-24T02:26:27Z,QAQ,49.69999999999993,4.100000000000023,1.1000000000001364,9.299999999999956,1306.1,28,45,1.14,2.14,3.45,1,O3
2025-07-24T02:27:27Z,QAQ,49.799999999999955,4.2999999999999545,0.7000000000000455,9.200000000000044,1311.5,28,44.8,1.16,2.02,4.16,1,O3
2025-07-24T02:28:27Z,QAQ,50.10000000000002,4.2999999999999545,0.40000000000009095,9.399999999999864,1308.1,28,44.5,0.99,1.86,4.73,1,O3
2025-07-24T02:29:27Z,QAQ,50.90000000000009,4.099999999999909,0.2999999999999545,9.5,1306.2,28,44.3,1,1.85,3.25,1,O3
2025-07-24T02:30:27Z,QAQ,51.10000000000002,4,0.1999999999998181,9.5,1308.4,28,44.1,0.96,1.93,6.13,1,O3
2025-07-24T02:31:27Z,QAQ,51.59999999999991,3.8999999999999777,0.1999999999998181,9.400000000000093,1309.3,28,44.1,0.94,1.68,4.56,1,O3
2025-07-24T02:32:27Z,QAQ,49.200000000000045,4.199999999999932,0.10000000000013642,9.5,1307.2,27.9,44,0.86,1.74,3.9,1,O3
2025-07-24T02:33:27Z,QAQ,49.39999999999998,3.699999999999932,0.09999999999990904,9.400000000000093,1310.7,27.9,44,0.94,1.94,2.98,1,O3
2025-07-24T02:34:27Z,QAQ,49.60000000000002,3.900000000000091,0.2999999999999545,9.300000000000182,1306.4,28,44.1,0.9,1.38,2.03,1,O3
2025-07-24T02:35:27Z,QAQ,49.39999999999998,4.199999999999932,0,9.5,1310.1,28,44,0.95,1.78,4.18,1,O3
2025-07-24T02:36:27Z,QAQ,50.69999999999993,4.199999999999932,0.20000000000004547,9.200000000000044,1310.6,28,44,0.91,1.91,5.14,1,O3
2025-07-24T02:37:27Z,QAQ,50.30000000000007,4.2000000000000455,0,9.299999999999956,1310.1,28,43.8,0.94,1.96,9.38,1,O3
2025-07-24T02:38:27Z,QAQ,49.5,4.199999999999932,0,9.400000000000093,1309.4,28,43.7,0.92,1.47,2.32,1,O3
2025-07-24T02:39:27Z,QAQ,48.799999999999955,4.100000000000023,0,9.299999999999956,1310,28,43.7,0.91,1.8,2.36,1,O3
2025-07-24T02:40:27Z,QAQ,49.89999999999998,4.199999999999932,0.40000000000009095,9.299999999999956,1307.6,28,43.7,0.9,1.75,4.74,1,O3
2025-07-24T02:41:27Z,QAQ,48.700000000000045,4.5,0.10000000000013642,9.200000000000044,1309.4,28,43.7,0.96,2.22,5.25,1,O3
2025-07-24T02:42:27Z,QAQ,49.200000000000045,4.600000000000023,0.2999999999999545,9,1309,28,43.8,0.95,1.97,3.82,1,O3
2025-07-24T02:43:27Z,QAQ,47.299999999999955,4.399999999999977,0.09999999999990904,9.100000000000136,1310.4,28,43.7,0.89,1.67,3.55,1,O3
2025-07-24T02:44:27Z,QAQ,49.299999999999955,4.599999999999909,0.3000000000001819,9,1311.2,28,43.8,0.96,2.01,5.24,1,O3
2025-07-24T02:45:27Z,QAQ,46.5,4.7000000000000455,0.20000000000004547,8.899999999999864,1310.4,28.1,43.7,0.93,1.96,3.53,1,O3
2025-07-24T02:46:27Z,QAQ,47,4.5,0.09999999999990904,8.900000000000091,1310.4,28.1,43.6,0.92,2.05,4.17,1,O3
2025-07-24T02:47:27Z,QAQ,49.200000000000045,4.600000000000023,0.10000000000013642,9,1310.4,28.1,43.5,0.93,2.18,5.8,1,O3
2025-07-24T02:48:27Z,QAQ,48.5,4.699999999999932,0,9,1309.8,28.1,43.4,0.93,1.83,3.99,1,O3
2025-07-24T02:49:27Z,QAQ,46.10000000000002,4.800000000000068,-0.20000000000004547,9.099999999999907,1311.4,28.1,43.4,0.91,1.74,4.2,1,O3
2025-07-24T02:50:27Z,QAQ,45.5,4.599999999999909,0,9,1311.1,28.1,43.3,0.86,2.06,3.34,1,O3
2025-07-24T02:51:27Z,QAQ,46.69999999999993,4.7999999999999545,-0.20000000000004547,9,1312.2,28.1,43.2,0.88,1.95,4.22,1,O3
2025-07-24T02:52:27Z,QAQ,47.200000000000045,4.7000000000000455,-0.7000000000000455,9.300000000000182,1310.1,28.1,42.9,0.89,1.6,1.94,1,O3
2025-07-24T02:53:27Z,QAQ,44.10000000000002,4.600000000000023,-0.2999999999999545,9,1310.9,28.1,43,0.84,1.7,5.58,1,O3
2025-07-24T02:54:27Z,QAQ,45.69999999999993,4.599999999999909,-0.3999999999998636,8.899999999999864,1310.2,28.1,42.9,0.81,1.43,2.88,1,O3
2025-07-24T02:55:27Z,QAQ,46.10000000000002,4.7999999999999545,-0.40000000000009095,8.900000000000091,1310.2,28.1,43,0.86,1.37,4.37,1,O3
2025-07-24T02:56:27Z,QAQ,45.299999999999955,4.7000000000000455,-0.599999999999909,8.599999999999909,1310.1,28.1,43,0.85,2,5.67,1,O3
2025-07-24T02:57:27Z,QAQ,45.5,4.900000000000091,-0.2999999999999545,8.700000000000045,1310.7,28.1,42.8,0.85,2.06,5.4,1,O3
2025-07-24T02:58:27Z,QAQ,44.60000000000002,4.900000000000091,-0.5,8.800000000000182,1308.8,28.1,42.8,0.74,1.67,6.23,1,O3
2025-07-24T02:59:27Z,QAQ,44.60000000000002,5,-0.7000000000000455,8.900000000000091,1311.7,28.1,42.4,0.81,1.35,5.05,1,O3
2025-07-24T03:00:27Z,QAQ,43.799999999999955,4.600000000000023,-0.599999999999909,8.900000000000091,1311.6,28.1,42.5,0.83,1.47,1.97,1,O3
2025-07-24T03:01:27Z,QAQ,46.89999999999998,5.199999999999932,-0.7000000000000455,8.700000000000045,1311.4,28.2,42.5,0.84,1.56,7.15,1,O3
2025-07-24T03:02:27Z,QAQ,45.299999999999955,4.800000000000068,-0.7000000000000455,8.899999999999864,1312.3,28.2,42.3,0.8,1.52,5.11,1,O3
2025-07-24T03:03:27Z,QAQ,45.299999999999955,4.899999999999977,-1,8.900000000000091,1312.8,28.2,42.2,0.83,1.52,3.18,1,O3
2025-07-24T03:04:27Z,QAQ,45,5,-1.2000000000000457,9.099999999999907,1312.2,28.2,42,0.8,1.69,5.45,1,O3
2025-07-24T03:05:27Z,QAQ,46.10000000000002,4.7000000000000455,-0.7999999999999545,9,1310.6,28.2,42,0.73,1.33,1.91,1,O3
2025-07-24T03:06:27Z,QAQ,45.39999999999998,4.699999999999932,-1,9.099999999999907,1310.9,28.2,42,0.73,1.48,5.4,1,O3
2025-07-24T03:07:27Z,QAQ,44,5,-0.7999999999999545,9,1313.4,28.2,42.2,0.77,1.5,4.58,1,O3
2025-07-24T03:08:27Z,QAQ,44.799999999999955,5.100000000000023,-1,8.799999999999955,1310.9,28.2,42.3,0.78,1.3,1.74,1,O3
2025-07-24T03:09:27Z,QAQ,46.59999999999991,4.899999999999977,-0.900000000000091,8.700000000000045,1315,28.2,42.1,0.81,1.58,4.61,1,O3
2025-07-24T03:10:27Z,QAQ,43.39999999999998,5.300000000000068,-1.2000000000000457,8.700000000000045,1313.3,28.2,41.9,0.7,1.17,2.52,1,O3
2025-07-24T03:11:27Z,QAQ,43.200000000000045,5,-1.2000000000000457,8.800000000000182,1308.4,28.2,41.8,0.74,1.28,3.27,1,O3
2025-07-24T03:12:27Z,QAQ,44.200000000000045,5.199999999999932,-1.5,9.099999999999907,1310.5,28.2,41.5,0.78,1.85,3.79,1,O3
2025-07-24T03:13:27Z,QAQ,41.39999999999998,5.100000000000023,-1.2999999999999543,9.099999999999907,1312.1,28.2,41.4,0.75,1.52,4.17,1,O3
2025-07-24T03:14:27Z,QAQ,41.60000000000002,5.2999999999999545,-1.2999999999999543,9.100000000000136,1310.9,28.3,41.3,0.68,1.25,4.2,1,O3
2025-07-24T03:15:27Z,QAQ,40.60000000000002,5,-1.3999999999998636,9.199999999999818,1311.9,28.3,41.4,0.67,1.3,1.9,1,O3
2025-07-24T03:16:27Z,QAQ,40.80000000000007,5.100000000000023,-1.2999999999999543,9,1311.1,28.3,41.5,0.72,1.42,2.45,1,O3
2025-07-24T03:17:27Z,QAQ,39.89999999999998,5,-1.400000000000091,9.299999999999956,1310.4,28.3,41.3,0.71,1.26,3.35,1,O3
2025-07-24T03:18:27Z,QAQ,41,5.100000000000023,-1.5,9.399999999999864,1309.3,28.3,41.5,0.76,1.5,3.16,1,O3
2025-07-24T03:19:27Z,QAQ,40.200000000000045,5.2999999999999545,-1.199999999999818,9.299999999999956,1308.5,28.3,41.4,0.7,1.38,3.2,1,O3
2025-07-24T03:20:27Z,QAQ,39.60000000000002,5,-1.199999999999818,9.099999999999907,1306.6,28.3,41.5,0.69,1.26,2.67,1,O3
2025-07-24T03:21:27Z,QAQ,39.5,5.100000000000023,-1.400000000000091,9.100000000000136,1310.8,28.3,41.4,0.76,1.25,2.29,1,O3
2025-07-24T03:22:27Z,QAQ,41.799999999999955,4.899999999999977,-1.3999999999998636,9.200000000000044,1309.1,28.3,41.3,0.78,1.36,3.83,1,O3
2025-07-24T03:23:27Z,QAQ,40.200000000000045,5.2000000000000455,-1.3999999999998636,9,1308.8,28.3,41.3,0.74,1.32,3.57,1,O3
2025-07-24T03:24:27Z,QAQ,39.90000000000009,5,-1.3999999999998636,9,1308.7,28.2,41.3,0.77,1.49,2.51,1,O3
2025-07-24T03:25:27Z,QAQ,39.89999999999998,5,-1.400000000000091,9.300000000000182,1308.3,28.2,41.3,0.72,1.07,2.33,1,O3
2025-07-24T03:26:27Z,QAQ,39.5,4.899999999999977,-1.2999999999999543,9.100000000000136,1309.2,28.2,41.5,0.72,1.49,4.9,1,O3
2025-07-24T03:27:27Z,QAQ,39.80000000000007,4.899999999999977,-1.2000000000000457,9.100000000000136,1308.6,28.2,41.5,0.75,1.44,2.11,1,O3
2025-07-24T03:28:27Z,QAQ,41.799999999999955,5,-1.300000000000182,9.200000000000044,1304.8,28.2,41.4,0.64,1.3,2.34,1,O3
2025-07-24T03:29:27Z,QAQ,42.10000000000002,4.5,-1.2000000000000457,9,1306.3,28.2,41.7,0.75,1.48,2.55,1,O3
2025-07-24T03:30:27Z,QAQ,47.59999999999991,5.100000000000023,-1.2000000000000457,9.099999999999907,1307.2,28.2,41.8,0.8,1.58,2.69,1,O3
2025-07-24T03:31:27Z,QAQ,46.10000000000002,5.199999999999932,-1.2999999999999543,8.899999999999864,1312,28.2,41.6,0.71,1.34,2.39,1,O3
2025-07-24T03:32:27Z,QAQ,48.5,4.7999999999999545,-1.099999999999909,9,1308.1,28.2,41.7,0.67,1.5,2.82,1,O3
2025-07-24T03:33:27Z,QAQ,49.10000000000002,5,-1.099999999999909,8.5,1309.3,28.3,41.9,0.7,1.4,5.26,1,O3
2025-07-24T03:34:27Z,QAQ,44.19999999999993,5,-1.099999999999909,8.799999999999955,1311.2,28.3,41.6,0.7,1.33,2.59,1,O3
2025-07-24T03:35:27Z,QAQ,44.60000000000002,5.100000000000023,-1.2999999999999543,8.799999999999955,1310.4,28.3,41.6,0.72,1.37,2.95,1,O3
2025-07-24T03:36:27Z,QAQ,41.40000000000009,5.2000000000000455,-1.599999999999909,9.200000000000044,1306.8,28.3,41.2,0.74,1.36,7.68,1,O3
2025-07-24T03:37:27Z,QAQ,41.700000000000045,5,-1.5,9.200000000000044,1310,28.3,41.1,0.66,1.25,1.85,1,O3
2025-07-24T03:38:27Z,QAQ,41,4.899999999999977,-1.5,9.099999999999907,1308.5,28.3,41.2,0.72,1.34,2.7,1,O3
2025-07-24T03:39:27Z,QAQ,41.69999999999993,5.100000000000023,-1.599999999999909,8.799999999999955,1307.6,28.3,41.2,0.79,1.46,2.57,1,O3
2025-07-24T03:40:27Z,QAQ,42.299999999999955,5,-1.5,9.299999999999956,1310.9,28.3,41,0.79,1.56,3.57,1,O3
2025-07-24T03:41:27Z,QAQ,42.5,5.2000000000000455,-1.699999999999818,9.199999999999818,1306,28.4,40.8,0.75,1.27,2.72,1,O3
2025-07-24T03:42:27Z,QAQ,42.40000000000009,4.899999999999977,-1.5,9.299999999999956,1308.1,28.3,41.1,0.77,1.53,2.99,1,O3
2025-07-24T03:43:27Z,QAQ,51.39999999999998,5.100000000000023,-1.3999999999998636,9,1309.9,28.4,41.2,0.74,1.49,5.04,1,O3
2025-07-24T03:44:27Z,QAQ,51,5.100000000000023,-1.2000000000000457,9,1308.5,28.4,41.4,0.73,1.41,5.99,1,O3
2025-07-24T03:45:27Z,QAQ,45.700000000000045,5,-1.3999999999998636,8.799999999999955,1309.4,28.4,41.4,0.8,1.49,2.55,1,O3
2025-07-24T03:46:27Z,QAQ,43.299999999999955,5.300000000000068,-1.7000000000000457,9,1309.5,28.4,41.1,0.71,1.17,3.35,1,O3
2025-07-24T03:47:27Z,QAQ,41.5,4.800000000000068,-1.199999999999818,9.099999999999907,1309.3,28.4,41.3,0.76,1.48,3.19,1,O3
2025-07-24T03:48:27Z,QAQ,44.200000000000045,4.600000000000023,-0.8999999999998636,8.899999999999864,1307.8,28.4,42,0.8,1.5,7.1,1,O3
2025-07-24T03:49:27Z,QAQ,45.5,5.2000000000000455,-0.6999999999998181,8.799999999999955,1311.7,28.4,42.2,0.79,1.37,5.21,1,O3
2025-07-24T03:50:27Z,QAQ,45.5,5,-0.6999999999998181,8.599999999999909,1310.4,28.4,42.1,0.77,1.28,1.54,1,O3
2025-07-24T03:51:27Z,QAQ,47,4.600000000000023,-0.20000000000004547,8.400000000000091,1310.9,28.4,42.7,0.84,1.55,3.7,1,O3
2025-07-24T03:52:27Z,QAQ,47.700000000000045,5.100000000000023,0.09999999999990904,8.400000000000091,1309.2,28.4,42.8,0.77,1.45,6.66,1,O3
2025-07-24T03:53:27Z,QAQ,47.89999999999998,5.100000000000023,-0.5,8.400000000000091,1310.6,28.4,42.6,0.75,1.62,3.39,1,O3
2025-07-24T03:54:27Z,QAQ,46.59999999999991,5.2000000000000455,-0.6999999999998181,8.699999999999818,1306.7,28.4,42.4,0.81,1.51,5.45,1,O3
2025-07-24T03:55:27Z,QAQ,46.30000000000007,5.2000000000000455,-0.5,8.299999999999955,1308.6,28.4,42.6,0.8,1.61,3.49,1,O3
2025-07-24T03:56:27Z,QAQ,46,5.599999999999909,-1.2999999999999543,8.699999999999818,1309.2,28.4,42,0.76,1.32,3.66,1,O3
2025-07-24T03:57:27Z,QAQ,44.799999999999955,5.100000000000023,-1.2000000000000457,9,1306.8,28.4,41.7,0.74,1.58,4.02,1,O3
2025-07-24T03:58:27Z,QAQ,44.5,5.2999999999999545,-1.2000000000000457,8.899999999999864,1308.2,28.4,41.8,0.72,1.53,5.12,1,O3
2025-07-24T03:59:27Z,QAQ,43.700000000000045,4.899999999999977,-1.2999999999999543,9.099999999999907,1308.1,28.4,41.6,0.75,1.45,7.71,1,O3
2025-07-24T04:00:27Z,QAQ,44.39999999999998,4.899999999999977,-1,9,1303.7,28.4,41.8,0.81,1.32,3.85,1,O3
2025-07-24T04:01:27Z,QAQ,47.5,5,-0.7999999999999545,8.600000000000136,1309.8,28.4,42.2,0.88,1.64,3.8,1,O3
2025-07-24T04:02:27Z,QAQ,47.19999999999993,5.400000000000091,-1.400000000000091,9,1308.6,28.4,41.6,0.8,1.71,6.17,1,O3
2025-07-24T04:03:27Z,QAQ,45.10000000000002,4.899999999999977,-1.2000000000000457,9,1308.7,28.4,41.6,0.76,1.3,2.59,1,O3
2025-07-24T04:04:27Z,QAQ,44.30000000000007,4.899999999999977,-1,9.200000000000044,1309.9,28.4,41.6,0.73,1.57,6.93,1,O3
2025-07-24T04:05:27Z,QAQ,45.89999999999998,4.599999999999909,-0.7999999999999545,8.900000000000091,1309.3,28.5,41.9,0.74,1.14,4.4,1,O3
2025-07-24T04:06:27Z,QAQ,52.5,4.699999999999932,0.40000000000009095,8.299999999999955,1309.4,28.5,42.7,0.79,1.55,5.28,1,O3
2025-07-24T04:07:27Z,QAQ,55,5.100000000000023,0.3999999999998636,8.300000000000182,1309.1,28.5,42.8,0.86,2.06,7.14,1,O3
2025-07-24T04:08:27Z,QAQ,53.89999999999998,5.7000000000000455,0,8.200000000000045,1307.8,28.5,42.6,0.82,1.7,5.25,1,O3
2025-07-24T04:09:27Z,QAQ,51.60000000000002,5.300000000000068,0.09999999999990904,8.5,1309.7,28.5,42.5,0.78,1.59,3.37,1,O3
2025-07-24T04:10:27Z,QAQ,51.39999999999998,5.5,0.10000000000013642,8.099999999999909,1306.6,28.5,42.5,0.75,1.52,2.96,1,O3
2025-07-24T04:11:27Z,QAQ,51.90000000000009,6.100000000000023,-0.1999999999998181,8.199999999999818,1308.3,28.5,42.2,0.74,1.34,3.24,1,O3
2025-07-24T04:12:27Z,QAQ,50.10000000000002,5.400000000000091,-0.7999999999999545,8.599999999999909,1309.1,28.5,41.6,0.72,1.25,1.67,1,O3
2025-07-24T04:13:27Z,QAQ,50.299999999999955,5.2000000000000455,-0.09999999999990904,8.5,1307,28.5,41.9,0.74,1.39,6.28,1,O3
2025-07-24T04:14:27Z,QAQ,52.59999999999991,5.7999999999999545,-0.09999999999990904,8.200000000000045,1309.8,28.6,41.9,0.77,1.7,4.65,1,O3
2025-07-24T04:15:27Z,QAQ,52.299999999999955,5.300000000000068,0.09999999999990904,8.200000000000045,1307.1,28.6,42,0.78,1.47,2.94,1,O3
2025-07-24T04:16:27Z,QAQ,53.5,5.2000000000000455,0.7000000000000455,7.699999999999818,1308.3,28.6,42.4,0.77,1.31,2.98,1,O3
2025-07-24T04:17:27Z,QAQ,55.19999999999993,6.099999999999909,0.6000000000001364,7.899999999999864,1309.6,28.6,42.3,0.84,1.73,3.18,1,O3
2025-07-24T04:18:27Z,QAQ,52.89999999999998,5.899999999999977,0.7000000000000455,7.700000000000045,1308.2,28.6,42.3,0.76,1.31,2.59,1,O3
2025-07-24T04:19:27Z,QAQ,54.700000000000045,6.2000000000000455,0.7000000000000455,7.5,1309.3,28.6,42.3,0.83,1.71,3.45,1,O3
2025-07-24T04:20:27Z,QAQ,54.10000000000002,6.899999999999977,1.599999999999909,7,1309.4,28.6,42.5,0.79,1.64,6.61,1,O3
2025-07-24T04:21:27Z,QAQ,54.60000000000002,6.7000000000000455,0.8999999999998636,7.100000000000136,1310.9,28.6,42.2,0.85,1.79,4.71,1,O3
2025-07-24T04:22:27Z,QAQ,53,6.7999999999999545,1.400000000000091,7,1309.2,28.6,42.3,0.85,1.35,4.22,1,O3
2025-07-24T04:23:27Z,QAQ,54.69999999999993,7,1.7000000000000457,6.900000000000091,1310.8,28.6,42.5,0.81,1.32,4.29,1,O3
2025-07-24T04:24:27Z,QAQ,55,7.400000000000091,2.099999999999909,6.5,1308.3,28.6,42.7,0.87,1.43,2.12,1,O3
2025-07-24T04:25:27Z,QAQ,57.10000000000002,7.299999999999955,2.099999999999909,6.600000000000136,1309.4,28.6,42.7,0.89,1.9,6.01,1,O3
2025-07-24T04:26:27Z,QAQ,57.799999999999955,6.7999999999999545,1.900000000000091,6.5,1310,28.6,42.8,0.92,1.57,3.14,1,O3
2025-07-24T04:27:27Z,QAQ,57.89999999999998,7.100000000000023,2.099999999999909,6.5,1312.4,28.6,42.9,0.88,1.5,3.66,1,O3
2025-07-24T04:28:27Z,QAQ,58.39999999999998,7.2000000000000455,2.2999999999999545,6.7000000000000455,1311.4,28.5,43,0.9,1.85,3.44,1,O3
2025-07-24T04:29:27Z,QAQ,60.80000000000007,6.800000000000068,2,6.7000000000000455,1310.7,28.5,43.1,0.89,1.67,3.07,1,O3
2025-07-24T04:30:27Z,QAQ,58.30000000000007,6.599999999999909,2,6.5,1311.3,28.5,43.1,0.97,2.26,6.63,1,O3
2025-07-24T04:31:27Z,QAQ,60.200000000000045,6.5,1.900000000000091,6.5,1310.5,28.5,43.2,0.92,1.54,3.86,1,O3
2025-07-24T04:32:27Z,QAQ,62.200000000000045,6.399999999999977,1.8999999999998636,6.600000000000136,1313.2,28.5,43.4,0.87,1.65,4.28,1,O3
2025-07-24T04:33:27Z,QAQ,60.89999999999998,6.2999999999999545,2.2999999999999545,6.7000000000000455,1314.3,28.5,43.5,0.91,1.95,7.29,1,O3
2025-07-24T04:34:27Z,QAQ,61.90000000000009,6.800000000000068,2.599999999999909,6.400000000000091,1311.3,28.5,43.9,1,1.91,5.21,1,O3
2025-07-24T04:35:27Z,QAQ,62.200000000000045,6.399999999999977,2.400000000000091,6.5,1310.6,28.4,43.9,1.7,2.83,5.87,1,O3
2025-07-24T04:36:27Z,QAQ,63.5,7.2000000000000455,2.6000000000001364,6.099999999999909,1311.3,28.4,44.1,1.95,3.16,8.88,1,O3
2025-07-24T04:37:27Z,QAQ,63.09999999999991,7,2.7999999999999545,6.2000000000000455,1308.3,28.4,44.3,2.06,2.9,4.32,1,O3
2025-07-24T04:38:27Z,QAQ,63.80000000000007,8.299999999999955,3.2000000000000455,6,1313.3,28.4,44.7,2.11,3.06,6.24,1,O3
2025-07-24T04:39:27Z,QAQ,63.299999999999955,9,3.400000000000091,5.699999999999818,1310.8,28.3,44.6,1.95,3.06,6.05,1,O3
2025-07-24T04:40:27Z,QAQ,61.39999999999998,8.399999999999977,3.2000000000000455,5.899999999999864,1312.6,28.3,44.5,1.66,2.65,5.17,1,O3
2025-07-24T04:41:27Z,QAQ,60.5,8.899999999999977,3.6000000000001364,5.599999999999909,1305.7,28.3,44.7,1.45,2.31,3.71,1,O3
2025-07-24T04:42:27Z,QAQ,59.60000000000002,8.800000000000068,3.6000000000001364,5.7999999999999545,1310.8,28.2,44.7,1.3,2.23,5.62,1,O3
2025-07-24T04:43:27Z,QAQ,61.5,9,3.599999999999909,5.600000000000136,1306.8,28.2,44.9,1.24,2.26,4.59,1,NO2
2025-07-24T04:44:27Z,QAQ,60.19999999999993,8.5,3.900000000000091,5.599999999999909,1310.8,28.2,45.1,1.17,2.04,4.52,1,NO2
2025-07-24T04:45:27Z,QAQ,61.30000000000007,8.5,3.699999999999818,5.7000000000000455,1308,28.1,45.3,1.11,2.07,6.83,1,NO2
2025-07-24T04:46:27Z,QAQ,60.89999999999998,8.099999999999909,4,5.7000000000000455,1307.2,28.1,45.6,1.07,1.78,2.88,1,NO2
2025-07-24T04:47:27Z,QAQ,61.799999999999955,7.799999999999955,4,5.699999999999818,1305.7,28.1,45.9,1.16,1.95,4.08,1,NO2
2025-07-24T04:48:27Z,QAQ,63.19999999999993,8.300000000000068,4.2999999999999545,5.399999999999864,1306.3,28,46.3,1.17,2.23,3.5,1,NO2
2025-07-24T04:49:27Z,QAQ,62.700000000000045,7.699999999999932,4.399999999999864,5.7000000000000455,1306.9,28,46.5,1.22,2.18,3.56,1,NO2
2025-07-24T04:50:27Z,QAQ,67.70000000000005,7.399999999999977,4.599999999999909,5.7000000000000455,1306.5,28,47,1.03,2.18,4.14,1,NO2
2025-07-24T04:51:27Z,QAQ,70.5,6.600000000000023,4.199999999999818,6,1305.7,27.9,47.1,1.09,2.17,5.21,1,NO2
2025-07-24T04:52:27Z,QAQ,68,5.599999999999909,4.300000000000182,6.2999999999999545,1303.9,27.9,47.3,1.07,2.31,6.9,1,NO2
2025-07-24T04:53:27Z,QAQ,69.10000000000002,5.899999999999977,4.2000000000000455,6,1306.2,27.8,47.6,1.01,1.89,6.32,1,NO2
2025-07-24T04:54:27Z,QAQ,69,6.399999999999977,3.400000000000091,6.099999999999909,1304.5,27.8,46.9,1,1.92,4.09,1,NO2
2025-07-24T04:55:27Z,QAQ,66.89999999999998,5.7999999999999545,3.7999999999999545,6.2000000000000455,1303.2,27.7,47.2,0.95,1.58,5.78,1,NO2
2025-07-24T04:56:27Z,QAQ,66.89999999999998,5.600000000000023,4.2999999999999545,5.900000000000091,1303.6,27.7,47.5,1.02,1.71,4.94,1,NO2
2025-07-24T04:57:27Z,QAQ,65.70000000000005,5.5,4.2000000000000455,6.099999999999909,1301.2,27.6,47.7,1.07,2.19,6.84,1,NO2
2025-07-24T04:58:27Z,QAQ,65.29999999999995,4.900000000000091,3.7999999999999545,6.2999999999999545,1301.5,27.6,47.9,1.01,2.06,3.27,1,NO2
2025-07-24T04:59:27Z,QAQ,67.20000000000005,4.899999999999977,4.400000000000091,6.2999999999999545,1301.1,27.5,48.4,1.01,1.73,3.32,1,NO2
2025-07-24T05:00:27Z,QAQ,66.80000000000007,5.2000000000000455,4.2000000000000455,6.2000000000000455,1301.3,27.5,48.6,0.97,2.05,5.18,1,NO2
2025-07-24T05:01:27Z,QAQ,68.10000000000002,4.899999999999977,4.2000000000000455,6.199999999999818,1304.8,27.4,48.6,0.91,1.57,5.29,1,NO2
2025-07-24T05:02:27Z,QAQ,69,4.399999999999977,4.7000000000000455,6.400000000000091,1303.9,27.4,49,0.97,2,4.07,1,NO2
2025-07-24T05:03:27Z,QAQ,71.5,4.399999999999977,4.600000000000136,6.399999999999864,1301.9,27.3,49.4,1.09,2.54,5.91,1,NO2
2025-07-24T05:04:27Z,QAQ,71.89999999999998,4.5,4.899999999999864,6.2999999999999545,1301.5,27.3,49.6,1.06,2.04,6.48,1,NO2
2025-07-24T05:05:27Z,QAQ,68.70000000000005,4.7999999999999545,5.099999999999909,6.2000000000000455,1302.4,27.2,50,1.15,2.51,8.2,1,NO2
2025-07-24T05:06:27Z,QAQ,68.5,5,5.2999999999999545,6.2999999999999545,1302.5,27.2,50.3,1.09,2.65,8.19,1,NO2
2025-07-24T05:07:27Z,QAQ,69.79999999999995,4.899999999999977,5.400000000000091,6,1300.6,27.1,50.6,1.05,2.01,4.81,1,NO2
2025-07-24T05:08:27Z,QAQ,71.20000000000005,5,5.2000000000000455,6.099999999999909,1303,27.1,50.9,1.03,2.38,5.1,1,NO2
2025-07-24T05:09:27Z,QAQ,71.60000000000002,5.5,5.7000000000000455,5.7999999999999545,1300.4,27,51.1,1.09,2.43,4.68,1,NO2
2025-07-24T05:10:27Z,QAQ,72,5.900000000000091,5.7000000000000455,5.7999999999999545,1298.5,27,51.3,1.19,3.01,11.25,1,NO2
2025-07-24T05:11:27Z,QAQ,72.69999999999993,5.899999999999977,5.5,5.7000000000000455,1300.4,26.9,51.1,1.02,2.07,3.93,1,NO2
2025-07-24T05:12:27Z,QAQ,72.29999999999995,5.099999999999909,5.599999999999909,5.800000000000182,1299.1,26.9,51.2,1.08,2.68,8.51,1,NO2
2025-07-24T05:13:27Z,QAQ,73.5,5.600000000000023,5.7000000000000455,5.7999999999999545,1300.3,26.8,51.4,1.1,2.56,9.1,1,NO2
2025-07-24T05:14:27Z,QAQ,71.79999999999995,5.2000000000000455,5.800000000000182,5.699999999999818,1300,26.8,51.6,1.04,2.6,7.42,1,NO2
2025-07-24T05:15:27Z,QAQ,72.10000000000002,5.399999999999977,5.900000000000091,5.7999999999999545,1298.3,26.7,51.9,1.17,2.58,8.14,1,NO2
2025-07-24T05:16:27Z,QAQ,71.89999999999998,5.2000000000000455,5.899999999999864,5.7000000000000455,1299.4,26.7,52.1,1.1,2.21,4.21,1,NO2
2025-07-24T05:17:27Z,QAQ,72.80000000000007,5.400000000000091,6,5.7000000000000455,1297.2,26.7,52.3,1.07,2.29,8.2,1,NO2
2025-07-24T05:18:27Z,QAQ,71.80000000000007,5.100000000000023,6,5.7000000000000455,1299,26.6,52.3,1.02,1.91,4.14,1,NO2
2025-07-24T05:19:27Z,QAQ,70.5,4.7000000000000455,6,5.7000000000000455,1299.2,26.6,52.5,1.14,2.85,8.68,1,NO2
2025-07-24T05:20:27Z,QAQ,68.90000000000009,4.399999999999977,5.900000000000091,5.7000000000000455,1297.9,26.5,52.7,1.12,2.68,5.28,1,NO2
2025-07-24T05:21:27Z,QAQ,70.19999999999993,4.400000000000091,6.099999999999909,5.7999999999999545,1296.6,26.5,52.9,1.1,2.01,3.19,1,NO2
2025-07-24T05:22:27Z,QAQ,70.10000000000002,4,5.899999999999864,6,1296.9,26.4,53.1,1.02,2.21,5.57,1,NO2
2025-07-24T05:23:27Z,QAQ,71.20000000000005,4,5.7999999999999545,6,1298.3,26.4,53.3,1.06,2.44,6.91,1,NO2
2025-07-24T05:24:27Z,QAQ,70.60000000000002,3.7000000000000455,6.100000000000136,5.899999999999864,1296.1,26.3,53.5,1.12,2.44,7.83,1,NO2
2025-07-24T05:25:27Z,QAQ,69.70000000000005,3.8999999999999777,6,5.900000000000091,1295.5,26.3,53.7,1.13,2.64,14.4,1,NO2
2025-07-24T05:26:27Z,QAQ,69.60000000000002,3.7999999999999545,6.100000000000136,5.899999999999864,1294.9,26.3,53.8,1.15,2.61,7.37,1,NO2
2025-07-24T05:27:27Z,QAQ,69.69999999999993,3.800000000000068,6.2999999999999545,5.900000000000091,1294.9,26.2,54,1.11,2.54,10.23,1,NO2
2025-07-24T05:28:27Z,QAQ,69.69999999999993,3.699999999999932,6,6,1293.6,26.2,54.2,1.28,3.11,8.35,1,NO2
2025-07-24T05:29:27Z,QAQ,69.10000000000002,3.7000000000000455,6.2999999999999545,5.900000000000091,1295,26.1,54.4,1.14,2.84,6.43,1,NO2
2025-07-24T05:30:27Z,QAQ,68.70000000000005,3.5,6.400000000000091,5.899999999999864,1296.1,26.1,54.7,1.1,2.78,7.84,1,NO2
2025-07-24T05:31:27Z,QAQ,69.80000000000007,3.5,6.5,5.7999999999999545,1293.2,26,54.8,1.2,2.51,6.4,1,NO2
2025-07-24T05:32:27Z,QAQ,68.59999999999991,3.7000000000000455,6.2000000000000455,5.7000000000000455,1298.3,26,55,1.21,2.65,12.49,1,NO2
2025-07-24T05:33:27Z,QAQ,69.5,3.7999999999999545,6.2999999999999545,5.7000000000000455,1292.5,25.9,55.1,1.16,2.69,8.86,1,NO2
2025-07-24T05:34:27Z,QAQ,70.70000000000005,3.3999999999999773,6.5,5.7999999999999545,1295.6,25.9,55.3,1.22,2.82,9.31,1,NO2
2025-07-24T05:35:27Z,QAQ,72,3.8999999999999777,6.400000000000091,5.7999999999999545,1292.8,25.8,55.4,1.12,2.33,9.23,1,NO2
2025-07-24T05:36:27Z,QAQ,72,3.699999999999932,6.7000000000000455,5.5,1297.6,25.8,55.5,1.28,2.83,6.77,1,NO2
2025-07-24T05:37:27Z,QAQ,72.09999999999991,3.8999999999999777,6.599999999999909,5.7000000000000455,1294,25.7,55.7,1.2,2.56,8.86,1,NO2
2025-07-24T05:38:27Z,QAQ,72.5,3.5,6.5,5.599999999999909,1293.4,25.7,55.8,1.08,2.44,6.85,1,NO2
2025-07-24T05:39:27Z,QAQ,75.20000000000005,3.5,6.600000000000136,5.599999999999909,1292.6,25.6,56.1,1.25,2.41,6.84,1,NO2
2025-07-24T05:40:27Z,QAQ,74.39999999999998,3.5,6.399999999999864,5.600000000000136,1293.1,25.6,56.3,1.2,2.66,8.94,1,NO2
2025-07-24T05:41:27Z,QAQ,73.29999999999995,3.800000000000068,6.699999999999818,5.400000000000091,1294.8,25.5,56.4,1.1,2.67,9.66,1,NO2
2025-07-24T05:42:27Z,QAQ,73.79999999999995,3.6000000000000227,6.7000000000000455,5.599999999999909,1292.1,25.5,56.7,1.26,3.17,13.65,1,NO2
2025-07-24T05:43:27Z,QAQ,75.39999999999998,3.5,6.899999999999864,5.400000000000091,1292.3,25.4,57,1.13,2.58,6.55,1,NO2
2025-07-24T05:44:27Z,QAQ,74.59999999999991,3.3999999999999773,6.7999999999999545,5.400000000000091,1291,25.3,57.1,1.23,3.38,12.77,1,NO2
2025-07-24T05:45:27Z,QAQ,75.29999999999995,3.2000000000000455,6.7000000000000455,5.599999999999909,1293.8,25.3,57.4,1.2,2.83,5.85,1,NO2
2025-07-24T05:46:27Z,QAQ,74.5,3.2000000000000455,6.699999999999818,5.300000000000182,1291.4,25.2,57.5,1.19,2.47,8.5,1,NO2
2025-07-24T05:47:27Z,QAQ,76.69999999999993,3.3999999999999773,6.7999999999999545,5.400000000000091,1291.6,25.2,57.6,1.22,3,10.78,1,NO2
2025-07-24T05:48:27Z,QAQ,77.59999999999991,3.2999999999999545,6.7000000000000455,5.2000000000000455,1294.2,25.1,57.8,1.2,2.38,3.43,1,NO2
2025-07-24T05:49:27Z,QAQ,75.79999999999995,3.400000000000091,6.7999999999999545,5.400000000000091,1292.6,25.1,58,1.24,2.61,5.74,1,NO2
2025-07-24T05:50:27Z,QAQ,76,3.2000000000000455,6.7999999999999545,5.400000000000091,1288.3,25,58.1,1.13,2.5,5.79,1,NO2
2025-07-24T05:51:27Z,QAQ,72.70000000000005,3.199999999999932,6.7999999999999545,5.399999999999864,1291.4,25,58.3,1.17,3.23,10.66,1,NO2
2025-07-24T05:52:27Z,QAQ,71.5,3.2000000000000455,6.900000000000091,5.2999999999999545,1290.4,24.9,58.5,1.15,2.34,4.01,1,NO2
2025-07-24T05:53:27Z,QAQ,74,3.1000000000000227,6.7000000000000455,5.2999999999999545,1285.7,24.8,58.7,1.15,2.5,5.54,1,NO2
2025-07-24T05:54:27Z,QAQ,73.89999999999998,3.2000000000000455,7.099999999999909,5.2000000000000455,1289.3,24.8,58.9,1.14,2.79,6.74,1,NO2
2025-07-24T05:55:27Z,QAQ,74.40000000000009,3.1000000000000227,7.099999999999909,5.400000000000091,1291.9,24.7,59,1.2,2.37,3.89,1,NO2
2025-07-24T05:56:27Z,QAQ,73.70000000000005,3.199999999999932,7.100000000000136,5.2999999999999545,1291.6,24.7,59.2,1.27,2.95,8.81,1,NO2
2025-07-24T05:57:27Z,QAQ,73,3,7.100000000000136,5.2999999999999545,1286.5,24.6,59.4,1.2,2.69,7.66,1,NO2
2025-07-24T05:58:27Z,QAQ,72.29999999999995,2.900000000000091,7,5.400000000000091,1288.8,24.6,59.6,1.25,2.72,7.26,1,NO2
2025-07-24T05:59:27Z,QAQ,73.69999999999993,3,7,5.2999999999999545,1288.3,24.5,59.7,1.24,2.82,7.74,1,NO2
2025-07-24T06:00:27Z,QAQ,72.5,2.7000000000000455,7.399999999999864,5.100000000000136,1288.1,24.5,59.9,1.13,2.83,6.65,1,NO2
2025-07-24T06:01:27Z,QAQ,73.60000000000002,2.8999999999999773,7,5.2000000000000455,1289.8,24.5,59.8,1.24,2.74,8.69,1,NO2
2025-07-24T06:02:27Z,QAQ,73.90000000000009,2.6000000000000227,7,5.099999999999909,1290.3,24.4,59.9,1.35,3.39,15.53,1,NO2
2025-07-24T06:03:27Z,QAQ,75.10000000000002,2.5,7.2000000000000455,5.099999999999909,1290,24.4,60.1,1.21,2.69,9.22,1,NO2
2025-07-24T06:04:27Z,QAQ,78.69999999999993,2.900000000000091,7.099999999999909,5.2000000000000455,1288.1,24.3,60.2,1.32,3.06,9.91,1,NO2
2025-07-24T06:05:27Z,QAQ,79.5,3,6.899999999999864,4.900000000000091,1286.7,24.3,60.4,1.32,3.06,12.54,1,NO2
2025-07-24T06:06:27Z,QAQ,80.09999999999991,3.2000000000000455,6.899999999999864,4.900000000000091,1289.6,24.3,60.4,1.22,3.07,9.91,1,NO2
2025-07-24T06:07:27Z,QAQ,78.30000000000007,3.099999999999909,6.7000000000000455,5.2000000000000455,1291.8,24.2,60.4,1.21,2.58,12.21,1,NO2
2025-07-24T06:08:27Z,QAQ,75.60000000000002,2.7999999999999545,7.099999999999909,5,1288.2,24.2,60.7,1.26,2.92,7.3,1,NO2
2025-07-24T06:09:27Z,QAQ,76.60000000000002,3.300000000000068,6.800000000000182,4.7999999999999545,1289.3,24.1,60.8,1.14,2.48,9.28,1,NO2
2025-07-24T06:10:27Z,QAQ,75.79999999999995,2.800000000000068,6.599999999999909,5,1290.9,24.1,60.8,1.23,3.12,11.4,1,NO2
2025-07-24T06:11:27Z,QAQ,76.70000000000005,2.6000000000000227,6.600000000000136,5,1291.1,24,60.9,1.26,3.39,12.05,1,NO2
2025-07-24T06:12:27Z,QAQ,75.80000000000007,2.800000000000068,6.7999999999999545,4.900000000000091,1292.7,24,61.1,1.15,3.07,7.4,1,NO2
2025-07-24T06:13:27Z,QAQ,75.10000000000002,2.7000000000000455,6.7000000000000455,4.900000000000091,1290.5,24,61.2,1.2,2.57,11.66,1,NO2
2025-07-24T06:14:27Z,QAQ,75.69999999999993,2.6000000000000227,6.2999999999999545,4.7000000000000455,1290.8,23.9,61.2,1.27,2.71,5.73,1,NO2
2025-07-24T06:15:27Z,QAQ,77.39999999999998,2.7000000000000455,6.5,4.7000000000000455,1291.1,23.9,61.2,1.17,2.78,6.72,1,NO2
2025-07-24T06:16:27Z,QAQ,77.30000000000007,2.7999999999999545,6.399999999999864,4.800000000000182,1288.5,23.8,61.4,1.15,2.73,5.35,1,NO2
2025-07-24T06:17:27Z,QAQ,78.39999999999998,3,6.599999999999909,4.7000000000000455,1289.8,23.8,61.6,1.21,2.79,5.08,1,NO2
2025-07-24T06:18:27Z,QAQ,76,2.7999999999999545,6.400000000000091,5,1293.9,23.8,61.7,1.22,2.38,13.22,1,NO2
2025-07-24T06:19:27Z,QAQ,77.60000000000002,3,6.800000000000182,4.7999999999999545,1290.7,23.7,61.9,1.21,2.75,7.46,1,NO2
2025-07-24T06:20:27Z,QAQ,77.20000000000005,3.2999999999999545,7,4.800000000000182,1288.6,23.7,62.2,1.19,2.74,8.15,1,NO2
2025-07-24T06:21:27Z,QAQ,77.89999999999998,2.7000000000000455,7,4.7999999999999545,1289.8,23.7,62.5,1.23,2.55,5.39,1,NO2
2025-07-24T06:22:27Z,QAQ,80.89999999999998,2.2000000000000455,7.400000000000091,4.7999999999999545,1287.3,23.6,62.8,1.26,2.97,13.27,1,NO2
2025-07-24T06:23:27Z,QAQ,83.39999999999998,2.8999999999999773,7.100000000000136,5,1287.4,23.6,62.9,1.26,2.89,12.66,1,NO2
2025-07-24T06:24:27Z,QAQ,82.09999999999991,2.8999999999999773,7.100000000000136,4.7999999999999545,1289.2,23.6,62.9,1.27,3.19,13.07,1,NO2
2025-07-24T06:25:27Z,QAQ,81.29999999999995,2.800000000000068,7,4.900000000000091,1290.9,23.5,62.9,1.21,3.09,9.63,1,NO2
2025-07-24T06:26:27Z,QAQ,81.19999999999993,3.1000000000000227,6.599999999999909,4.7999999999999545,1290.7,23.5,62.9,1.31,3.06,15.32,1,NO2
2025-07-24T06:27:27Z,QAQ,80.10000000000002,2.800000000000068,6.399999999999864,4.600000000000136,1288.9,23.5,62.9,1.25,2.9,8.71,1,NO2
2025-07-24T06:28:27Z,QAQ,78.89999999999998,2.6000000000000227,6.5,4.599999999999909,1291.6,23.4,62.9,1.16,2.43,6.95,1,NO2
2025-07-24T06:29:27Z,QAQ,78.10000000000002,2.3999999999999773,5.699999999999818,4.400000000000091,1296.1,23.4,62.8,1.21,2.91,7.49,1,NO2
2025-07-24T06:30:27Z,QAQ,76.39999999999998,2.300000000000068,5.7000000000000455,4.5,1300.2,23.4,62.9,1.17,2.55,9.78,1,NO2
2025-07-24T06:31:27Z,QAQ,77.39999999999998,2.7000000000000455,5.900000000000091,4.5,1299.3,23.3,63.1,1.28,2.69,4.74,1,NO2
2025-07-24T06:32:27Z,QAQ,76.29999999999995,2.699999999999932,6.399999999999864,4.600000000000136,1294.3,23.3,63.4,1.27,2.82,10.37,1,NO2
2025-07-24T06:33:27Z,QAQ,79.10000000000002,3.1000000000000227,6.7999999999999545,4.7000000000000455,1292.2,23.3,63.7,1.31,2.91,6.38,1,NO2
2025-07-24T06:34:27Z,QAQ,79.60000000000002,3.1000000000000227,6.5,4.7999999999999545,1292.1,23.2,63.8,1.25,2.75,10.23,1,NO2
2025-07-24T06:35:27Z,QAQ,80.59999999999991,3.199999999999932,6.900000000000091,4.7999999999999545,1289.8,23.2,64,1.25,2.58,8.38,1,NO2
2025-07-24T06:36:27Z,QAQ,82.10000000000002,3.099999999999909,6.600000000000136,4.7999999999999545,1291.4,23.2,64.1,1.21,2.61,9.29,1,NO2
2025-07-24T06:37:27Z,QAQ,80.5,3.300000000000068,6.899999999999864,4.600000000000136,1290.7,23.1,64.2,1.23,2.42,6.84,1,NO2
2025-07-24T06:38:27Z,QAQ,79.70000000000005,3.599999999999909,6.7000000000000455,4.599999999999909,1292.1,23.1,64.2,1.28,2.51,6.31,1,NO2
2025-07-24T06:39:27Z,QAQ,81.39999999999998,4.2999999999999545,6.599999999999909,4.5,1289.8,23.1,64.3,1.19,2.58,5.17,1,NO2
2025-07-24T06:40:27Z,QAQ,85.70000000000005,4.399999999999977,6.599999999999909,4.7000000000000455,1292.8,23,64.6,1.34,2.74,9.69,1,NO2
2025-07-24T06:41:27Z,QAQ,85.79999999999995,4.2000000000000455,6.7999999999999545,4.7000000000000455,1293.4,23,64.7,1.28,2.79,9.01,1,NO2
2025-07-24T06:42:27Z,QAQ,87.10000000000002,3.6000000000000227,6.900000000000091,4.7000000000000455,1293.3,23,65.1,1.3,2.74,8.34,1,NO2
2025-07-24T06:43:27Z,QAQ,88.79999999999995,3.800000000000068,6.7999999999999545,4.7999999999999545,1294.4,22.9,65.2,1.29,2.54,8.84,1,NO2
2025-07-24T06:44:27Z,QAQ,88.70000000000005,4.2000000000000455,6.7999999999999545,4.599999999999909,1293.2,22.9,65.2,1.32,3.42,9.23,1,NO2
2025-07-24T06:45:27Z,QAQ,88.39999999999998,3.8999999999999777,6.7000000000000455,4.599999999999909,1292.4,22.9,65.3,1.33,2.7,12.37,1,NO2
2025-07-24T06:46:27Z,QAQ,91.39999999999998,3.5,6.7999999999999545,4.7000000000000455,1294.4,22.9,65.6,1.36,2.92,7.41,1,NO2
2025-07-24T06:47:27Z,QAQ,95.70000000000005,3.2999999999999545,7.099999999999909,4.800000000000182,1292,22.8,65.9,1.49,3.01,7.22,1,NO2
2025-07-24T06:48:27Z,QAQ,95.79999999999995,3.5,6.900000000000091,4.900000000000091,1293.3,22.8,65.9,1.43,3.31,10.8,1,NO2
2025-07-24T06:49:27Z,QAQ,94.69999999999992,3.2000000000000455,7,4.7999999999999545,1293.4,22.8,66,1.43,3.31,8.02,1,NO2
2025-07-24T06:50:27Z,QAQ,93.89999999999998,3.6000000000000227,6.7999999999999545,4.7999999999999545,1294,22.8,66,1.36,2.92,8.02,1,NO2
2025-07-24T06:51:27Z,QAQ,90.60000000000002,3.800000000000068,6.7999999999999545,4.5,1295.2,22.7,66.1,1.27,2.66,13.75,1,NO2
2025-07-24T06:52:27Z,QAQ,88.5,4,6.599999999999909,4.7000000000000455,1297.3,22.7,66,1.34,2.88,6.48,1,NO2
2025-07-24T06:53:27Z,QAQ,90,3.800000000000068,6.600000000000136,4.7999999999999545,1296.8,22.7,66.2,1.28,2.48,5.96,1,NO2
2025-07-24T06:54:27Z,QAQ,89.39999999999998,3.5,6.599999999999909,4.900000000000091,1295.9,22.7,66.4,1.39,2.9,6.72,1,NO2
2025-07-24T06:55:27Z,QAQ,92.40000000000008,3.8999999999999777,6.7000000000000455,4.7999999999999545,1296.9,22.6,66.5,1.42,2.96,5.99,1,NO2
2025-07-24T06:56:27Z,QAQ,94.5,4.5,6.600000000000136,4.599999999999909,1297.8,22.6,66.4,1.36,2.98,6.67,1,NO2
2025-07-24T06:57:27Z,QAQ,94.30000000000008,4.600000000000023,6.599999999999909,4.599999999999909,1297.2,22.6,66.4,1.31,2.55,9.15,1,NO2
2025-07-24T06:58:27Z,QAQ,91.69999999999992,4.399999999999977,6.5,4.7000000000000455,1299.7,22.6,66.6,1.3,2.65,6.33,1,NO2
2025-07-24T06:59:27Z,QAQ,91.80000000000008,4.600000000000023,6.399999999999864,4.600000000000136,1299.9,22.6,66.6,1.35,2.56,4.54,1,NO2
2025-07-24T07:00:27Z,QAQ,92.60000000000002,4.899999999999977,6.5,4.600000000000136,1299.8,22.5,66.7,1.43,2.89,5.3,1,NO2
2025-07-24T07:01:27Z,QAQ,99.29999999999995,4.600000000000023,6.599999999999909,4.600000000000136,1296.6,22.5,66.8,1.4,2.75,6.68,1,NO2
2025-07-24T07:02:27Z,QAQ,98,4,6.599999999999909,4.600000000000136,1297.8,22.5,67,1.38,2.9,6.36,1,NO2
2025-07-24T07:03:27Z,QAQ,94.89999999999998,3.7999999999999545,6.600000000000136,4.5,1296.9,22.5,67,1.35,2.95,8.2,1,NO2
2025-07-24T07:04:27Z,QAQ,93.10000000000002,3.199999999999932,6.600000000000136,4.599999999999909,1298.5,22.5,67.1,1.41,3.15,9.99,1,NO2
2025-07-24T07:05:27Z,QAQ,92.70000000000005,3.1000000000000227,6.2999999999999545,4.7000000000000455,1297.2,22.4,67.1,1.38,2.87,8.51,1,NO2
2025-07-24T07:06:27Z,QAQ,93,2.900000000000091,6.2000000000000455,4.400000000000091,1298.8,22.4,67.1,1.31,2.92,8.28,1,NO2
2025-07-24T07:07:27Z,QAQ,90.69999999999992,2.800000000000068,6.300000000000182,4.2999999999999545,1299.1,22.4,67.1,1.36,3.07,8.63,1,NO2
2025-07-24T07:08:27Z,QAQ,91.79999999999995,2.3999999999999773,6.099999999999909,4.5,1299.6,22.4,67.2,1.49,3.47,7.79,1,NO2
2025-07-24T07:09:27Z,QAQ,92.40000000000008,2.1000000000000227,6.099999999999909,4.800000000000182,1297.2,22.4,67.4,1.43,2.91,6.75,1,NO2
2025-07-24T07:10:27Z,QAQ,91.70000000000005,2.199999999999932,6.2999999999999545,4.7000000000000455,1301.7,22.4,67.4,1.35,3.22,9.97,1,NO2
2025-07-24T07:11:27Z,QAQ,92.69999999999992,2.2999999999999545,5.7999999999999545,4.599999999999909,1301.9,22.3,67.3,1.45,3.52,9.04,1,NO2
2025-07-24T07:12:27Z,QAQ,91.29999999999995,2.8999999999999773,5.7999999999999545,4.399999999999864,1301.6,22.3,67.3,1.35,2.77,6.7,1,NO2
2025-07-24T07:13:27Z,QAQ,91.90000000000008,2.5,5.699999999999818,4.400000000000091,1302.9,22.3,67.3,1.37,2.7,6.51,1,NO2
2025-07-24T07:14:27Z,QAQ,90.80000000000008,2.800000000000068,5.400000000000091,4.2999999999999545,1303.9,22.3,67.3,1.41,3.08,5.96,1,NO2
2025-07-24T07:15:27Z,QAQ,91.19999999999992,2.6000000000000227,5.2999999999999545,4.2999999999999545,1306.6,22.2,67.2,1.31,2.77,5.69,1,NO2
2025-07-24T07:16:27Z,QAQ,92,2.6000000000000227,5.100000000000136,4.099999999999909,1309.5,22.2,67.2,1.36,2.9,6.37,1,NO2
2025-07-24T07:17:27Z,QAQ,92.60000000000002,2.7999999999999545,5.099999999999909,4.300000000000182,1308.4,22.2,67.3,1.37,3.62,9.13,1,NO2
2025-07-24T07:18:27Z,QAQ,93.39999999999998,2.7000000000000455,5.099999999999909,4.099999999999909,1307.4,22.2,67.4,1.28,2.91,7.84,1,NO2
2025-07-24T07:19:27Z,QAQ,94,2.400000000000091,5.2000000000000455,4.2999999999999545,1307.4,22.2,67.4,1.29,2.43,6.01,1,NO2
2025-07-24T07:20:27Z,QAQ,93.29999999999995,1.8999999999999773,5.5,4.5,1301.4,22.1,67.6,1.39,2.65,4.46,1,NO2
2025-07-24T07:21:27Z,QAQ,90.5,1.599999999999909,5.2999999999999545,5,1298.1,22.1,67.7,1.46,2.93,5.14,1,NO2
2025-07-24T07:22:27Z,QAQ,90.70000000000005,1.6999999999999318,5.400000000000091,5.099999999999909,1293.5,22.1,67.9,1.46,2.87,7.43,1,NO2
2025-07-24T07:23:27Z,QAQ,92.69999999999992,2.2000000000000455,5.199999999999818,4.5,1301.7,22.1,67.7,1.39,3.22,6.49,1,NO2
2025-07-24T07:24:27Z,QAQ,95.39999999999998,2.300000000000068,5,4.2000000000000455,1305.3,22.1,67.6,1.38,2.71,6.83,1,NO2
2025-07-24T07:25:27Z,QAQ,97.19999999999992,2.3999999999999773,4.7000000000000455,4.099999999999909,1311.9,22.1,67.4,1.42,2.94,7.62,1,NO2
2025-07-24T07:26:27Z,QAQ,98,2.2999999999999545,4.5,4.2999999999999545,1306.7,22.1,67.5,1.33,2.76,5.47,1,NO2
2025-07-24T07:27:27Z,QAQ,98.10000000000002,2.400000000000091,4.2999999999999545,4.2000000000000455,1314.3,22,67.5,1.29,2.83,6.49,1,NO2
2025-07-24T07:28:27Z,QAQ,97.89999999999998,2.3999999999999773,4.399999999999864,4.2000000000000455,1311.7,22,67.5,1.32,2.6,7,1,NO2
2025-07-24T07:29:27Z,QAQ,97.80000000000008,2.3999999999999773,4.399999999999864,4.100000000000136,1318.3,22,67.6,1.31,2.74,8.3,1,NO2
2025-07-24T07:30:27Z,QAQ,97.39999999999998,2.2999999999999545,4.300000000000182,4,1316.2,22,67.7,1.31,2.44,6.5,1,NO2
2025-07-24T07:31:27Z,QAQ,96.29999999999995,2.5,4.5,3.899999999999864,1315.7,22,67.6,1.38,2.66,10,1,NO2
2025-07-24T07:32:27Z,QAQ,99.40000000000008,2.699999999999932,4.399999999999864,3.900000000000091,1312.3,22,67.6,1.29,2.66,5.13,1,NO2
2025-07-24T07:33:27Z,QAQ,103.5,2.5,4.2999999999999545,4,1316.8,21.9,67.6,1.4,2.74,5.42,1,NO2
2025-07-24T07:34:27Z,QAQ,106.69999999999992,2.1000000000000227,4.2000000000000455,4.099999999999909,1315.5,21.9,67.6,1.32,2.62,9.31,1,NO2
2025-07-24T07:35:27Z,QAQ,105.79999999999995,2.2000000000000455,4,3.7999999999999545,1317.6,21.9,67.6,1.34,2.6,7.8,1,NO2
2025-07-24T07:36:27Z,QAQ,109.69999999999992,2.2999999999999545,4,3.899999999999864,1319.4,21.9,67.6,1.29,2.59,7.75,1,NO2
2025-07-24T07:37:27Z,QAQ,112,2.300000000000068,3.7999999999999545,3.900000000000091,1318.3,21.9,67.7,1.25,2.39,8.04,1,NO2
2025-07-24T07:38:27Z,QAQ,115.29999999999995,2,4.099999999999909,3.7999999999999545,1319.7,21.8,67.7,1.33,2.24,4.11,1,NO2
2025-07-24T07:39:27Z,QAQ,120.90000000000008,2.2000000000000455,3.599999999999909,3.900000000000091,1317.4,21.8,67.6,1.36,2.57,6.23,1,NO2
2025-07-24T07:40:27Z,QAQ,117.79999999999995,2.2000000000000455,3.5,3.900000000000091,1318.6,21.8,67.6,1.34,2.76,7.94,1,NO2
2025-07-24T07:41:27Z,QAQ,116,2.2999999999999545,3.6000000000001364,3.899999999999864,1318.2,21.8,67.6,1.33,2.77,6.98,1,NO2
2025-07-24T07:42:27Z,QAQ,115.60000000000002,2.099999999999909,3.599999999999909,3.900000000000091,1318.5,21.8,67.7,1.34,2.65,5.06,1,NO2
2025-07-24T07:43:27Z,QAQ,114.5,2.099999999999909,3.400000000000091,3.7999999999999545,1318.1,21.8,67.8,1.45,2.87,4.6,1,NO2
2025-07-24T07:44:27Z,QAQ,113.69999999999992,2.300000000000068,3.599999999999909,3.7999999999999545,1321.1,21.8,67.8,1.37,2.81,8.33,1,NO2
2025-07-24T07:45:27Z,QAQ,114.70000000000005,2.199999999999932,3.3999999999998636,4,1321.3,21.7,67.8,1.39,2.72,5.5,1,NO2
2025-07-24T07:46:27Z,QAQ,116.20000000000005,2.1000000000000227,3.6000000000001364,3.7999999999999545,1321.8,21.7,67.8,1.43,2.59,3.94,1,NO2
2025-07-24T07:47:27Z,QAQ,121.10000000000002,2.3999999999999773,3.2000000000000455,3.7000000000000455,1321.9,21.7,67.7,1.3,2.38,4.35,1,NO2
2025-07-24T07:48:27Z,QAQ,126.19999999999992,2.2000000000000455,3.1000000000001364,3.899999999999864,1321.9,21.7,67.6,1.27,2.5,6.71,1,NO2
2025-07-24T07:49:27Z,QAQ,133,2.199999999999932,3.2000000000000455,3.7999999999999545,1317.6,21.7,67.5,1.33,2.7,5.82,1,NO2
2025-07-24T07:50:27Z,QAQ,133.60000000000002,2.199999999999932,2.900000000000091,3.899999999999864,1321.6,21.6,67.6,1.29,2.04,2.45,1,NO2
2025-07-24T07:51:27Z,QAQ,130.5999999999999,2.3999999999999773,2.7999999999999545,4,1321.3,21.6,67.5,1.31,2.34,4.53,1,NO2
2025-07-24T07:52:27Z,QAQ,129.30000000000007,2.199999999999932,2.6000000000001364,4,1321,21.6,67.6,1.31,2.7,7,1,NO2
2025-07-24T07:53:27Z,QAQ,127.19999999999992,2.199999999999932,3,3.900000000000091,1321.3,21.6,67.6,1.37,2.78,6.47,1,NO2
2025-07-24T07:54:27Z,QAQ,123.30000000000008,2.1000000000000227,2.7999999999999545,3.900000000000091,1320.3,21.6,67.7,1.3,2.6,3.92,1,NO2
2025-07-24T07:55:27Z,QAQ,122.10000000000002,2.2000000000000455,2.900000000000091,3.899999999999864,1324.8,21.6,67.7,1.32,2.63,4.94,1,NO2
2025-07-24T07:56:27Z,QAQ,119.29999999999995,2.1000000000000227,2.7000000000000455,3.7999999999999545,1323.8,21.5,67.8,1.38,3.03,8.28,1,NO2
2025-07-24T07:57:27Z,QAQ,117.60000000000002,2.2000000000000455,3.1000000000001364,3.899999999999864,1320.4,21.5,67.9,1.41,3.19,6.88,1,NO2
2025-07-24T07:58:27Z,QAQ,118.19999999999992,2.2999999999999545,3,3.899999999999864,1321.9,21.5,68,1.28,2.7,5.9,1,NO2
2025-07-24T07:59:27Z,QAQ,118.10000000000002,2.2999999999999545,3.099999999999909,3.800000000000182,1323.8,21.5,68.1,1.29,2.56,6.97,1,NO2
2025-07-24T08:00:27Z,QAQ,114.09999999999992,2.2999999999999545,3,3.900000000000091,1321.6,21.4,67.9,1.34,2.43,3.62,1,NO2
2025-07-24T08:01:27Z,QAQ,112.89999999999998,2.3999999999999773,2.8999999999998636,3.900000000000091,1320.2,21.4,67.8,1.3,2.34,3.96,1,NO2
2025-07-24T08:02:27Z,QAQ,108.5,2.2999999999999545,2.699999999999818,4,1319.6,21.4,67.6,1.32,2.38,4.37,1,NO2
2025-07-24T08:03:27Z,QAQ,107.30000000000008,2.2000000000000455,2.599999999999909,4.2000000000000455,1318.3,21.4,67.7,1.42,2.79,3.73,1,NO2
2025-07-24T08:04:27Z,QAQ,105.89999999999998,2.2000000000000455,2.5,4,1317.3,21.4,67.7,1.31,2.23,3.49,1,NO2
2025-07-24T08:05:27Z,QAQ,104.89999999999998,2,2.599999999999909,4.099999999999909,1314.2,21.4,67.8,1.22,2.27,4.66,1,NO2
2025-07-24T08:06:27Z,QAQ,103.90000000000008,2.2000000000000455,2.5,3.900000000000091,1321.5,21.3,67.8,1.26,2.74,9.33,1,NO2
2025-07-24T08:07:27Z,QAQ,103.10000000000002,2.2000000000000455,2.6000000000001364,3.899999999999864,1320.7,21.3,67.8,1.26,2.68,8.07,1,NO2
2025-07-24T08:08:27Z,QAQ,102.60000000000002,2.1000000000000227,2.3999999999998636,4.100000000000136,1322.2,21.3,67.8,1.28,2.46,6.37,1,NO2
2025-07-24T08:09:27Z,QAQ,101.5,2.2999999999999545,2.2999999999999545,3.900000000000091,1321.4,21.3,67.8,1.34,2.77,8.1,1,O3
2025-07-24T08:10:27Z,QAQ,101.39999999999998,2.400000000000091,2.2999999999999545,3.900000000000091,1322.7,21.3,67.8,1.28,2.48,4.44,1,O3
2025-07-24T08:11:27Z,QAQ,101.5,2.199999999999932,2.2999999999999545,3.7999999999999545,1324.1,21.2,67.8,1.28,2.48,4.52,1,O3
2025-07-24T08:12:27Z,QAQ,101.39999999999998,2.400000000000091,2.2000000000000455,3.899999999999864,1322.3,21.2,67.8,1.26,2.39,6.12,1,O3
2025-07-24T08:13:27Z,QAQ,102.5,2.300000000000068,2.5,3.7000000000000455,1323.3,21.2,67.8,1.27,2.29,3.62,1,O3
2025-07-24T08:14:27Z,QAQ,101.89999999999998,2.2999999999999545,2.5,3.899999999999864,1324.7,21.2,68,1.24,2.48,8.31,1,NO2
2025-07-24T08:15:27Z,QAQ,101,2.2000000000000455,2.2000000000000455,3.899999999999864,1325.1,21.2,68,1.37,2.51,3.75,1,NO2
2025-07-24T08:16:27Z,QAQ,101,2.1000000000000227,2.199999999999818,4.100000000000136,1325.8,21.2,68.1,1.32,2.43,5.3,1,O3
2025-07-24T08:17:27Z,QAQ,99.70000000000005,2.199999999999932,2.199999999999818,3.900000000000091,1326.4,21.2,68.2,1.47,2.93,6.81,1,O3
2025-07-24T08:18:27Z,QAQ,100.30000000000008,2.300000000000068,2.099999999999909,3.900000000000091,1326,21.1,68.2,1.37,2.74,5.71,1,O3
2025-07-24T08:19:27Z,QAQ,98.5,2.2999999999999545,2,3.900000000000091,1329.9,21.1,68.2,1.38,2.72,8.82,1,O3
2025-07-24T08:20:27Z,QAQ,96.5,2.2000000000000455,2,3.7000000000000455,1327,21.1,68.2,1.41,2.99,9.04,1,O3
2025-07-24T08:21:27Z,QAQ,96.60000000000002,2.300000000000068,2,3.7999999999999545,1327,21.1,68.3,1.35,2.81,10.22,1,O3
2025-07-24T08:22:27Z,QAQ,96.60000000000002,2,1.900000000000091,4,1324.9,21.1,68.3,1.33,2.52,4.61,1,O3
2025-07-24T08:23:27Z,QAQ,96.39999999999998,2.2999999999999545,1.5,3.899999999999864,1326.2,21.1,68.2,1.23,2.8,8.14,1,O3
2025-07-24T08:24:27Z,QAQ,97,2.3999999999999773,1.699999999999818,4,1322.9,21,68.1,1.31,2.23,3.46,1,O3
2025-07-24T08:25:27Z,QAQ,94.5,2.3999999999999773,1.599999999999909,4,1321.6,21,68,1.42,2.79,8.52,1,O3
2025-07-24T08:26:27Z,QAQ,93.60000000000002,2.199999999999932,1.7999999999999543,3.900000000000091,1323.5,21,68,1.4,2.83,10.06,1,O3
2025-07-24T08:27:27Z,QAQ,94.10000000000002,2.5,2,3.900000000000091,1326.3,21,68.1,1.49,3.05,8.08,1,O3
2025-07-24T08:28:27Z,QAQ,90.19999999999992,2.2000000000000455,1.5,4.100000000000136,1324.7,21,68.2,1.47,2.95,9.22,1,O3
2025-07-24T08:29:27Z,QAQ,88.59999999999991,2.400000000000091,1.7000000000000457,4,1321.3,21,68.1,1.36,2.36,5.3,1,O3
2025-07-24T08:30:27Z,QAQ,87.10000000000002,2.300000000000068,1.599999999999909,4,1323.2,21,68,1.36,2.64,7.81,1,O3
2025-07-24T08:31:27Z,QAQ,83.60000000000002,2.3999999999999773,1.5,4.2999999999999545,1319.9,21,68,1.35,2.53,6.1,1,O3
2025-07-24T08:32:27Z,QAQ,80.79999999999995,2.300000000000068,1.400000000000091,4.2999999999999545,1319,20.9,67.9,1.38,2.19,4.71,1,O3
2025-07-24T08:33:27Z,QAQ,79.39999999999998,2.3999999999999773,1.5,4.399999999999864,1318.5,20.9,68,1.41,2.86,5.59,1,O3
2025-07-24T08:34:27Z,QAQ,79.70000000000005,2.2000000000000455,1.5,4.2999999999999545,1319.9,20.9,68,1.33,2.33,6.39,1,O3
2025-07-24T08:35:27Z,QAQ,77.5,2.300000000000068,1.400000000000091,4.2000000000000455,1318.5,20.9,68,1.29,2.48,6.76,1,O3
2025-07-24T08:36:27Z,QAQ,76.60000000000002,2.5,1.300000000000182,4.399999999999864,1317.5,20.9,67.9,1.28,2.38,3.8,1,O3
2025-07-24T08:37:27Z,QAQ,75.29999999999995,2.3999999999999773,1.099999999999909,4.400000000000091,1316.9,20.9,67.9,1.37,2.59,6.76,1,O3
2025-07-24T08:38:27Z,QAQ,75.19999999999993,2.3999999999999773,1.3999999999998636,4.400000000000091,1316.6,20.9,67.8,1.4,2.39,7.14,1,O3
2025-07-24T08:39:27Z,QAQ,73.20000000000005,2.300000000000068,1.2000000000000457,4.5,1318.7,20.9,67.8,1.36,2.06,6.28,1,O3
2025-07-24T08:40:27Z,QAQ,74.5,2.099999999999909,1.400000000000091,4.399999999999864,1321.6,20.9,68,1.36,2.28,4.98,1,O3
2025-07-24T08:41:27Z,QAQ,75.70000000000005,2.199999999999932,1.5,4.100000000000136,1316.4,20.8,68.1,1.57,3.18,9.25,1,O3
2025-07-24T08:42:27Z,QAQ,76.69999999999993,2.5,1.2999999999999543,4.099999999999909,1320,20.8,68.1,2.23,3.48,5.16,1,O3
2025-07-24T08:43:27Z,QAQ,75.60000000000002,2.6000000000000227,1.2999999999999543,4.099999999999909,1325.1,20.8,68.1,1.88,3.12,4.9,1,O3
2025-07-24T08:44:27Z,QAQ,76.30000000000007,2.5,1.5,3.900000000000091,1325.1,20.8,68.2,1.64,3,6.62,1,O3
2025-07-24T08:45:27Z,QAQ,78,2.400000000000091,1.2000000000000457,3.900000000000091,1320.8,20.8,68.2,1.57,3.15,9.34,1,O3
2025-07-24T08:46:27Z,QAQ,76.09999999999991,2.5,1.400000000000091,3.900000000000091,1324.5,20.8,68.1,1.46,2.67,7.4,1,O3
2025-07-24T08:47:27Z,QAQ,77.40000000000009,2.6000000000000227,1.2999999999999543,4.100000000000136,1323.8,20.8,68.1,1.52,2.79,4.94,1,O3
2025-07-24T08:48:27Z,QAQ,77.5,2.5,1.300000000000182,3.899999999999864,1325.9,20.8,68.2,1.41,2.7,4.66,1,O3
2025-07-24T08:49:27Z,QAQ,77.10000000000002,2.5,1.2999999999999543,3.900000000000091,1324,20.8,68.2,1.46,2.48,4.48,1,O3
2025-07-24T08:50:27Z,QAQ,77.10000000000002,2.5,1.2999999999999543,3.900000000000091,1324.3,20.7,68.3,1.44,2.4,6.88,1,O3
2025-07-24T08:51:27Z,QAQ,76.60000000000002,2.400000000000091,1.2999999999999543,4.100000000000136,1324.4,20.7,68.3,1.42,2.41,4.57,1,O3
2025-07-24T08:52:27Z,QAQ,76.69999999999993,2.3999999999999773,1.2999999999999543,4.2000000000000455,1323.1,20.7,68.4,1.38,2.33,6.34,1,O3
2025-07-24T08:53:27Z,QAQ,76.19999999999993,2.5,0.900000000000091,4,1318.9,20.7,68.4,1.44,2.62,7.38,1,O3
2025-07-24T08:54:27Z,QAQ,76.80000000000007,2.599999999999909,1.2999999999999543,4.2000000000000455,1317,20.7,68.5,1.41,2.37,4.5,1,O3
2025-07-24T08:55:27Z,QAQ,80,2.5,1.099999999999909,4.300000000000182,1318.9,20.7,68.5,1.46,2.65,4.71,1,O3
2025-07-24T08:56:27Z,QAQ,77.39999999999998,2.5,1,4.2000000000000455,1318.2,20.7,68.5,1.44,2.77,5.68,1,O3
2025-07-24T08:57:27Z,QAQ,73.10000000000002,2.5,1,4.300000000000182,1318.8,20.6,68.6,1.38,2.24,3.93,1,O3
2025-07-24T08:58:27Z,QAQ,70.60000000000002,2.3999999999999773,1.099999999999909,4.300000000000182,1318.1,20.6,68.6,1.39,2.47,4.88,1,O3
2025-07-24T08:59:27Z,QAQ,70.70000000000005,2.5,0.8999999999998636,4.400000000000091,1316.7,20.6,68.6,1.34,2.27,6.31,1,O3
2025-07-24T09:00:27Z,QAQ,68.19999999999993,2.6000000000000227,0.900000000000091,4.599999999999909,1314.4,20.6,68.6,1.41,2.52,5.16,1,O3
2025-07-24T09:01:27Z,QAQ,66,2.300000000000068,1.099999999999909,4.5,1314.8,20.6,68.6,1.35,2.42,4.65,1,O3
2025-07-24T09:02:27Z,QAQ,65.10000000000002,2.2000000000000455,1.099999999999909,4.5,1316.1,20.6,68.6,1.35,2.88,8.08,1,O3
2025-07-24T09:03:27Z,QAQ,65.19999999999993,2.400000000000091,0.900000000000091,4.5,1315.1,20.6,68.7,1.42,2.41,5.15,1,O3
2025-07-24T09:04:27Z,QAQ,64.10000000000002,2.5,1.099999999999909,4.599999999999909,1313.3,20.6,68.7,1.38,2.65,6.47,1,O3
2025-07-24T09:05:27Z,QAQ,63.5,2.300000000000068,0.900000000000091,4.400000000000091,1314.4,20.6,68.7,1.37,2.69,5.77,1,O3
2025-07-24T09:06:27Z,QAQ,63.10000000000002,2.5,0.900000000000091,4.599999999999909,1315.8,20.5,68.7,1.45,2.58,4.51,1,O3
2025-07-24T09:07:27Z,QAQ,61.10000000000002,2.3999999999999773,1.099999999999909,4.5,1316.8,20.6,68.8,1.47,2.93,7.72,1,O3
2025-07-24T09:08:27Z,QAQ,61.700000000000045,2.400000000000091,0.8999999999998636,4.600000000000136,1312.2,20.5,68.8,1.38,2.53,7.95,1,O3
2025-07-24T09:09:27Z,QAQ,61.09999999999991,2.3999999999999773,0.8000000000001819,4.599999999999909,1311.5,20.5,68.8,1.32,2.42,4.79,1,O3
2025-07-24T09:10:27Z,QAQ,60.5,2.5,0.7000000000000455,4.599999999999909,1310.5,20.5,68.8,1.34,2.35,4.22,1,O3
2025-07-24T09:11:27Z,QAQ,62,2.3999999999999773,0.900000000000091,4.5,1313.1,20.5,68.8,1.33,2.55,7.99,1,O3
2025-07-24T09:12:27Z,QAQ,61.80000000000007,2.5,1,4.5,1313.4,20.5,68.9,1.38,2.51,7.98,1,O3
2025-07-24T09:13:27Z,QAQ,61,2.3999999999999773,0.900000000000091,4.5,1316.9,20.5,68.8,1.46,2.74,6.79,1,O3
2025-07-24T09:14:27Z,QAQ,62.299999999999955,2.6000000000000227,0.900000000000091,4.599999999999909,1315.9,20.5,68.8,1.38,2.37,7.49,1,O3
2025-07-24T09:15:27Z,QAQ,60.5,2.7000000000000455,0.599999999999909,4.600000000000136,1311.3,20.5,68.7,1.4,2.44,5.17,1,O3
2025-07-24T09:16:27Z,QAQ,61.700000000000045,2.5,0.900000000000091,4.599999999999909,1316.7,20.5,68.7,1.38,2.21,4.35,1,O3
2025-07-24T09:17:27Z,QAQ,60.10000000000002,2.5,0.5,4.7000000000000455,1314.1,20.5,68.7,1.43,3,6.59,1,O3
2025-07-24T09:18:27Z,QAQ,60.10000000000002,2.5,0.7999999999999545,4.599999999999909,1314.8,20.5,68.8,1.42,2.46,4.5,1,O3
2025-07-24T09:19:27Z,QAQ,60.299999999999955,2.3999999999999773,0.8000000000001819,4.599999999999909,1313.6,20.5,68.8,1.32,2.58,6.13,1,O3
2025-07-24T09:20:27Z,QAQ,60.89999999999998,2.699999999999932,0.6000000000001364,4.5,1315,20.4,68.8,1.38,2.43,4.81,1,O3
2025-07-24T09:21:27Z,QAQ,58,2.2999999999999545,0.7000000000000455,4.5,1317.2,20.4,68.9,1.34,2.57,4.38,1,O3
2025-07-24T09:22:27Z,QAQ,58.5,2.3999999999999773,0.7000000000000455,4.5,1320.4,20.4,69,1.47,2.96,5.67,1,O3
2025-07-24T09:23:27Z,QAQ,58.40000000000009,2.3999999999999773,0.8000000000001819,4.2999999999999545,1316.7,20.4,69,1.45,2.48,7.11,1,O3
2025-07-24T09:24:27Z,QAQ,58.89999999999998,2.5,0.8000000000001819,4.199999999999818,1319.7,20.4,69,1.43,2.26,3.53,1,O3
2025-07-24T09:25:27Z,QAQ,59.10000000000002,2.5,0.900000000000091,4.2999999999999545,1316.1,20.4,69.1,1.4,2.19,4.18,1,O3
2025-07-24T09:26:27Z,QAQ,58.59999999999991,2.7000000000000455,0.5,4.400000000000091,1317.3,20.4,69,1.44,2.49,4.3,1,O3
2025-07-24T09:27:27Z,QAQ,58.700000000000045,2.599999999999909,0.3999999999998636,4.800000000000182,1316.1,20.4,68.8,1.32,2.18,3.59,1,O3
2025-07-24T09:28:27Z,QAQ,56.700000000000045,2.2999999999999545,0.5,4.7000000000000455,1314.9,20.4,68.8,1.36,2.46,4.49,1,O3
2025-07-24T09:29:27Z,QAQ,54.89999999999998,2.6000000000000227,0.7000000000000455,4.7000000000000455,1310.6,20.4,68.7,1.31,2.27,3.5,1,O3
2025-07-24T09:30:27Z,QAQ,54.09999999999991,2.5,0.3999999999998636,4.900000000000091,1308.8,20.3,68.8,1.37,2.57,4.82,1,O3
2025-07-24T09:31:27Z,QAQ,54.799999999999955,2.6000000000000227,0.7999999999999545,4.900000000000091,1310.1,20.3,68.7,1.29,2.44,3.97,1,O3
2025-07-24T09:32:27Z,QAQ,54.80000000000007,2.7000000000000455,0.20000000000004547,4.7999999999999545,1309.1,20.3,68.7,1.38,2.76,9.47,1,O3
2025-07-24T09:33:27Z,QAQ,53.30000000000007,2.5,0.20000000000004547,4.7999999999999545,1308.9,20.3,68.7,1.26,2.57,7.57,1,O3
2025-07-24T09:34:27Z,QAQ,53.89999999999998,2.6000000000000227,0.6999999999998181,4.7000000000000455,1309.6,20.3,68.7,1.4,2.86,6.37,1,O3
2025-07-24T09:35:27Z,QAQ,52.89999999999998,2.6000000000000227,0.2999999999999545,4.900000000000091,1312.8,20.3,68.8,1.34,2.47,4.04,1,O3
2025-07-24T09:36:27Z,QAQ,53.5,2.5,0.2999999999999545,4.7000000000000455,1311.2,20.3,68.8,1.33,2.46,5.6,1,O3
2025-07-24T09:37:27Z,QAQ,52,2.6000000000000227,0.5,4.599999999999909,1309,20.3,68.8,1.33,2.57,5.41,1,O3
2025-07-24T09:38:27Z,QAQ,51.89999999999998,2.699999999999932,0.40000000000009095,4.7999999999999545,1311,20.3,68.8,1.3,2.13,3.3,1,O3
2025-07-24T09:39:27Z,QAQ,53.39999999999998,2.5,0.6000000000001364,4.5,1315,20.3,68.8,1.35,2.22,4.85,1,O3
2025-07-24T09:40:27Z,QAQ,52.59999999999991,2.599999999999909,0.5,4.5,1312,20.3,68.8,1.34,2.47,5.94,1,O3
2025-07-24T09:41:27Z,QAQ,51.40000000000009,2.6000000000000227,0.599999999999909,4.5,1311.4,20.3,68.9,1.25,2.34,6.11,1,O3
2025-07-24T09:42:27Z,QAQ,52,2.6000000000000227,0.09999999999990904,4.7000000000000455,1312.6,20.3,68.9,1.34,2.55,6.42,1,O3
2025-07-24T09:43:27Z,QAQ,52.09999999999991,2.5,0.3999999999998636,4.600000000000136,1312.4,20.3,68.9,1.32,2.3,4.65,1,O3
2025-07-24T09:44:27Z,QAQ,52.200000000000045,2.7000000000000455,0.6999999999998181,4.5,1312.7,20.2,68.9,1.32,2.44,4.68,1,O3
2025-07-24T09:45:27Z,QAQ,52.700000000000045,2.7000000000000455,0.1999999999998181,4.5,1313.6,20.2,69,1.39,2.66,5.05,1,O3
2025-07-24T09:46:27Z,QAQ,53,2.6000000000000227,0.40000000000009095,4.399999999999864,1315.3,20.2,69,1.31,2.52,5.38,1,O3
2025-07-24T09:47:27Z,QAQ,51.200000000000045,2.6000000000000227,0.2999999999999545,4.600000000000136,1314,20.2,69,1.32,2.35,4.81,1,O3
2025-07-24T09:48:27Z,QAQ,52.89999999999998,2.5,0.2999999999999545,4.5,1315.4,20.2,69.1,1.35,2.39,5.66,1,O3
2025-07-24T09:49:27Z,QAQ,54.299999999999955,2.800000000000068,0.5,4.2999999999999545,1313.6,20.2,69.1,1.35,2.65,5.04,1,O3
2025-07-24T09:50:27Z,QAQ,57.299999999999955,2.5,0.2999999999999545,4.5,1317.2,20.2,69.1,1.31,2.42,5.98,1,O3
2025-07-24T09:51:27Z,QAQ,62.299999999999955,2.8999999999999773,0.3999999999998636,4.300000000000182,1316,20.2,69.2,1.44,2.41,4.14,1,O3
2025-07-24T09:52:27Z,QAQ,61.89999999999998,2.300000000000068,0.6000000000001364,4.2999999999999545,1320.4,20.2,69.4,1.33,2.6,6.76,1,O3
2025-07-24T09:53:27Z,QAQ,60.60000000000002,2.599999999999909,0.3999999999998636,4.400000000000091,1314.7,20.2,69.4,1.36,2.56,5.17,1,O3
2025-07-24T09:54:27Z,QAQ,57.60000000000002,2.3999999999999773,0.599999999999909,4.5,1315.8,20.2,69.3,1.42,2.35,5.19,1,O3
2025-07-24T09:55:27Z,QAQ,54,2.8999999999999773,0.40000000000009095,4.399999999999864,1312.3,20.2,69.2,1.32,2.26,4,1,O3
2025-07-24T09:56:27Z,QAQ,51.60000000000002,2.7000000000000455,0.20000000000004547,4.7000000000000455,1311.1,20.2,69.1,1.36,2.53,4.39,1,O3
2025-07-24T09:57:27Z,QAQ,50.89999999999998,2.599999999999909,0.3999999999998636,4.600000000000136,1309.7,20.1,69.2,1.3,2.21,4.89,1,O3
2025-07-24T09:58:27Z,QAQ,52.30000000000007,2.5,0.40000000000009095,4.400000000000091,1312.7,20.1,69.1,1.32,2.4,3.99,1,O3
2025-07-24T09:59:27Z,QAQ,51.39999999999998,2.7999999999999545,0.2999999999999545,4.300000000000182,1309.6,20.1,69.2,1.39,2.59,4.96,1,O3
2025-07-24T10:00:27Z,QAQ,51.90000000000009,2.6000000000000227,0.2999999999999545,4.400000000000091,1313.6,20.1,69.1,1.35,2.69,7.24,1,O3
2025-07-24T10:01:27Z,QAQ,49.30000000000007,2.7000000000000455,0.40000000000009095,4.400000000000091,1311,20.1,69.2,1.38,2.31,6.05,1,O3
2025-07-24T10:02:27Z,QAQ,50.299999999999955,2.6000000000000227,0.3999999999998636,4.400000000000091,1310.3,20.1,69.2,1.23,2.28,5.12,1,O3
2025-07-24T10:03:27Z,QAQ,51.19999999999993,2.6000000000000227,0.40000000000009095,4.400000000000091,1312.2,20.1,69.2,1.31,2.3,4.33,1,O3
2025-07-24T10:04:27Z,QAQ,50.89999999999998,2.7999999999999545,0.2999999999999545,4.300000000000182,1313.6,20.1,69.2,1.41,2.36,4.37,1,O3
2025-07-24T10:05:27Z,QAQ,49.700000000000045,2.6000000000000227,0.5,4.2000000000000455,1314.5,20.1,69.2,1.45,2.67,5.43,1,O3
2025-07-24T10:06:27Z,QAQ,50.299999999999955,2.7999999999999545,0.2999999999999545,4.400000000000091,1315,20.1,69.3,1.4,2.71,4.81,1,O3
2025-07-24T10:07:27Z,QAQ,51,2.599999999999909,0.2999999999999545,4.400000000000091,1314.3,20.1,69.3,1.34,2.34,4.68,1,O3
2025-07-24T10:08:27Z,QAQ,49.200000000000045,2.699999999999932,0.3999999999998636,4.300000000000182,1312.3,20.1,69.3,1.35,2.19,6.26,1,O3
2025-07-24T10:09:27Z,QAQ,51.40000000000009,2.7000000000000455,0.2999999999999545,4.400000000000091,1313.1,20.1,69.3,1.28,2.44,4.97,1,O3
2025-07-24T10:10:27Z,QAQ,50,2.7999999999999545,0.2999999999999545,4.300000000000182,1309.5,20,69.3,1.3,2.31,4.5,1,O3
2025-07-24T10:11:27Z,QAQ,50.10000000000002,2.800000000000068,0.40000000000009095,4.5,1312.9,20,69.3,1.33,2.31,4.54,1,O3
2025-07-24T10:12:27Z,QAQ,50.69999999999993,2.699999999999932,0.20000000000004547,4.5,1313.5,20,69.3,1.29,2.41,6.12,1,O3
2025-07-24T10:13:27Z,QAQ,52,2.699999999999932,0.3999999999998636,4.300000000000182,1312.8,20,69.4,1.46,2.89,7.27,1,O3
2025-07-24T10:14:27Z,QAQ,51.700000000000045,2.6000000000000227,0.2999999999999545,4.2999999999999545,1313,20,69.4,1.38,2.4,5.62,1,O3
2025-07-24T10:15:27Z,QAQ,50.5,2.800000000000068,0.3999999999998636,4.300000000000182,1315.4,20,69.4,1.4,2.61,5.86,1,O3
2025-07-24T10:16:27Z,QAQ,51,2.7000000000000455,0.20000000000004547,4.5,1312.8,20,69.4,1.24,2.44,4.93,1,O3
2025-07-24T10:17:27Z,QAQ,51.10000000000002,2.7000000000000455,0.2999999999999545,4.400000000000091,1313.1,20,69.4,1.39,2.93,8.82,1,O3
2025-07-24T10:18:27Z,QAQ,48.5,2.8999999999999773,0.2999999999999545,4.2999999999999545,1312.3,20,69.4,1.3,2.08,4.28,1,O3
2025-07-24T10:19:27Z,QAQ,49.60000000000002,2.699999999999932,0.40000000000009095,4.400000000000091,1314.6,20,69.5,1.33,2.57,4.62,1,O3
2025-07-24T10:20:27Z,QAQ,48.39999999999998,2.7000000000000455,0.20000000000004547,4.2999999999999545,1317.2,20,69.5,1.36,2.21,4.46,1,O3
2025-07-24T10:21:27Z,QAQ,49.10000000000002,2.699999999999932,0.2999999999999545,4.2999999999999545,1312.4,20,69.5,1.3,2.3,4.69,1,O3
2025-07-24T10:22:27Z,QAQ,50.30000000000007,2.7000000000000455,0.20000000000004547,4.2000000000000455,1315.4,20,69.6,1.31,2.16,2.78,1,O3
2025-07-24T10:23:27Z,QAQ,48,2.8999999999999773,0.3000000000001819,4.399999999999864,1312.9,20,69.6,1.29,2.17,3.93,1,O3
2025-07-24T10:24:27Z,QAQ,48.19999999999993,2.6000000000000227,0.20000000000004547,4.5,1318,20,69.6,1.29,2.63,7.05,1,O3
2025-07-24T10:25:27Z,QAQ,50,2.8999999999999773,0.20000000000004547,4.399999999999864,1310.7,19.9,69.5,1.39,2.62,6.3,1,O3
2025-07-24T10:26:27Z,QAQ,47.80000000000007,2.6000000000000227,0.20000000000004547,4.400000000000091,1311.2,19.9,69.5,1.27,2.37,4.39,1,O3
2025-07-24T10:27:27Z,QAQ,49.700000000000045,2.6000000000000227,0.20000000000004547,4.5,1310,19.9,69.5,1.31,2.66,5.95,1,O3
2025-07-24T10:28:27Z,QAQ,49,2.6000000000000227,0.20000000000004547,4.600000000000136,1313.6,19.9,69.5,1.29,2.42,4.55,1,O3
2025-07-24T10:29:27Z,QAQ,50.299999999999955,2.8999999999999773,0,4.699999999999818,1309.3,19.9,69.4,1.28,2.66,6.53,1,O3
2025-07-24T10:30:27Z,QAQ,47.10000000000002,2.7999999999999545,0.20000000000004547,4.5,1308.2,19.9,69.3,1.32,2.39,5.92,1,O3
2025-07-24T10:31:27Z,QAQ,49.5,2.699999999999932,0.10000000000013642,4.699999999999818,1310,20,69.4,1.27,2.43,5.03,1,O3
2025-07-24T10:32:27Z,QAQ,48.299999999999955,2.900000000000091,0.20000000000004547,4.2999999999999545,1309.4,19.9,69.4,1.29,2.2,4.27,1,O3
2025-07-24T10:33:27Z,QAQ,48.39999999999998,2.5,0.20000000000004547,4.399999999999864,1312.6,19.9,69.4,1.24,1.82,3.21,1,O3
2025-07-24T10:34:27Z,QAQ,48.10000000000002,2.699999999999932,0.20000000000004547,4.2999999999999545,1315.3,19.9,69.4,1.28,2.43,5.37,1,O3
2025-07-24T10:35:27Z,QAQ,48.89999999999998,2.599999999999909,0,4.2999999999999545,1314.8,19.9,69.5,1.19,1.98,3.61,1,O3
2025-07-24T10:36:27Z,QAQ,48.19999999999993,2.7000000000000455,0.40000000000009095,4.2999999999999545,1311.7,19.9,69.5,1.29,2.24,7.28,1,O3
2025-07-24T10:37:27Z,QAQ,49.19999999999993,2.800000000000068,0.20000000000004547,4.399999999999864,1314.7,19.9,69.5,1.39,2.4,3.58,1,O3
2025-07-24T10:38:27Z,QAQ,50.19999999999993,2.7999999999999545,0.20000000000004547,4.099999999999909,1320.8,19.9,69.5,1.36,2.65,7.02,1,O3
2025-07-24T10:39:27Z,QAQ,50.299999999999955,3.1000000000000227,0.2999999999999545,4,1318.6,19.9,69.5,1.3,2.43,5.95,1,O3
2025-07-24T10:40:27Z,QAQ,49.60000000000002,3,0.20000000000004547,4.099999999999909,1316.7,19.9,69.5,1.32,2.32,4.06,1,O3
2025-07-24T10:41:27Z,QAQ,48.799999999999955,2.7999999999999545,0.20000000000004547,4,1319.2,19.9,69.6,1.34,2.49,6.13,1,O3
2025-07-24T10:42:27Z,QAQ,49.59999999999991,2.8999999999999773,0.20000000000004547,4,1318.3,19.9,69.6,1.29,2.49,5.42,1,O3
2025-07-24T10:43:27Z,QAQ,49,2.7999999999999545,0.3000000000001819,4.099999999999909,1317.1,19.9,69.6,1.43,2.37,7.82,1,O3
2025-07-24T10:44:27Z,QAQ,48.299999999999955,2.7999999999999545,0.20000000000004547,4.099999999999909,1318,19.9,69.6,1.45,2.82,4.85,1,O3
2025-07-24T10:45:27Z,QAQ,48.19999999999993,2.8999999999999773,0.2999999999999545,3.900000000000091,1315.7,19.9,69.7,1.37,2.41,3.5,1,O3
2025-07-24T10:46:27Z,QAQ,47.60000000000002,2.7999999999999545,0.2999999999999545,4.100000000000136,1318.8,19.9,69.7,1.3,2.29,3.59,1,O3
2025-07-24T10:47:27Z,QAQ,48.19999999999993,2.7000000000000455,0,3.7999999999999545,1320.4,19.9,69.7,1.29,2.42,5.61,1,O3
2025-07-24T10:48:27Z,QAQ,47.39999999999998,2.8999999999999773,0.3000000000001819,3.7999999999999545,1319.5,19.8,69.7,1.32,2.63,7.04,1,O3
2025-07-24T10:49:27Z,QAQ,46.39999999999998,2.900000000000091,0.09999999999990904,4,1314.1,19.8,69.7,1.37,2.22,3.93,1,O3
2025-07-24T10:50:27Z,QAQ,47.19999999999993,2.7000000000000455,0.3000000000001819,3.899999999999864,1317.1,19.8,69.7,1.31,2.31,5.81,1,O3
2025-07-24T10:51:27Z,QAQ,48.40000000000009,2.900000000000091,0,3.899999999999864,1318.9,19.8,69.7,1.35,2.52,5.68,1,O3
2025-07-24T10:52:27Z,QAQ,47.80000000000007,3,0.09999999999990904,4.100000000000136,1315,19.8,69.8,1.27,2.34,6.19,1,O3
